case_id,PS1,PS2,PS3,PS4,PS5,PS6,EPS1,FS1,FS2,TS1,TS2,TS3,TS4,VS1
HCASE-00001,0.03021,0.06521,0.08419,0.06117,0.0223,0.13876,0.02065,0.25837,0.30053,0.13784,0.52117,0.65253,0.13862,0.10744
HCASE-00002,0.70866,0.39464,0.15215,0.07803,0.0293,0.4798,0.14317,0.1554,0.04543,0.28891,0.07075,0.15105,0.02559,0.68609
HCASE-00003,0.62848,0.1427,0.10596,0.03626,0.10292,0.02076,0.25386,0.25925,0.0976,0.50967,0.08802,0.12171,0.11278,0.71723
HCASE-00004,0.11322,0.32274,0.8457,0.02598,0.4228,0.03699,0.08109,0.77685,0.13688,0.0288,0.03286,0.04846,0.03508,0.06796
HCASE-00005,0.17925,0.96588,0.1688,0.10009,0.08642,0.38282,0.62023,0.154,0.03353,0.09288,0.13698,0.12934,0.14313,0.03599
HCASE-00006,0.10614,0.26333,0.94496,0.43465,0.11841,0.1359,0.12366,0.62181,0.07996,0.08415,0.07262,0.06141,0.12108,0.1209
HCASE-00007,0.02969,0.30154,0.88742,0.46078,0.05156,0.14729,0.04693,0.74125,0.18986,0.11946,0.09363,0.1417,0.12991,0.05933
HCASE-00008,0.69593,0.47948,0.12541,0.0855,0.03609,0.5415,0.02178,0.22549,0.07929,0.29343,0.0536,0.09188,0.14147,0.66323
HCASE-00009,0.65279,0.45051,0.17962,0.15367,0.02045,0.46756,0.12178,0.11335,0.04763,0.23718,0.04717,0.14998,0.13364,0.68378
HCASE-00010,0.07685,0.90161,0.51431,0.10469,0.14963,0.0571,0.32703,0.5999,0.22754,0.08536,0.09424,0.09809,0.15228,0.06122
HCASE-00011,0.02443,0.12273,0.72018,0.64217,0.29637,0.0271,0.02669,0.64736,0.34685,0.15018,0.15446,0.11204,0.03217,0.02101
HCASE-00012,0.2973,0.30001,0.14967,0.53417,0.53631,0.33157,0.04373,0.1427,0.52479,0.13003,0.05494,0.04653,0.11706,0.30995
HCASE-00013,0.4539,0.43904,0.02319,0.08313,0.08812,0.54709,0.11084,0.12104,0.04094,0.14332,0.09348,0.02485,0.06728,0.52559
HCASE-00014,0.02965,0.03106,0.61127,0.15866,0.76639,0.15355,0.07937,0.80562,0.20328,0.14524,0.05426,0.05659,0.08814,0.03036
HCASE-00015,0.56145,0.74673,0.08292,0.08392,0.02592,0.90703,0.11117,0.05487,0.06043,0.07725,0.11187,0.10268,0.14959,0.67656
HCASE-00016,0.55849,0.51777,0.1088,0.31053,0.29882,0.58833,0.04892,0.18913,0.39763,0.13913,0.02684,0.02556,0.02094,0.50119
HCASE-00017,0.08814,0.75003,0.49881,0.06141,0.05376,0.04329,0.3013,0.41886,0.11458,0.14063,0.21755,0.09338,0.1854,0.1544
HCASE-00018,0.25664,0.67631,0.17528,0.13954,0.1214,0.08734,0.73154,0.38862,0.11963,0.29647,0.05303,0.03002,0.07409,0.07948
HCASE-00019,0.0923,0.85061,0.53073,0.11346,0.12816,0.12237,0.25481,0.34128,0.06172,0.07366,0.08453,0.12419,0.06668,0.21229
HCASE-00020,0.55595,0.59882,0.14041,0.08791,0.13884,0.60184,0.13929,0.14213,0.20262,0.0782,0.13122,0.03668,0.02845,0.4568
HCASE-00021,0.08317,0.12225,0.59291,0.17351,0.44321,0.03852,0.07059,0.64683,0.12675,0.20446,0.08582,0.18839,0.12351,0.10387
HCASE-00022,0.80008,0.53794,0.02916,0.13315,0.03553,0.56999,0.0662,0.19026,0.25315,0.28354,0.08854,0.14963,0.15968,0.71936
HCASE-00023,0.17438,0.89126,0.07238,0.04991,0.12703,0.40992,0.47638,0.07878,0.0443,0.09188,0.13523,0.15442,0.13896,0.11931
HCASE-00024,0.08003,0.10139,0.33637,0.57322,0.4884,0.166,0.10102,0.33717,0.46031,0.1243,0.10092,0.13366,0.07172,0.07534
HCASE-00025,0.4333,0.33472,0.44552,0.12446,0.12355,0.10334,0.4162,0.62421,0.13912,0.39705,0.14388,0.06091,0.14991,0.04793
HCASE-00026,0.18335,0.58911,0.02444,0.036,0.02397,0.73284,0.2817,0.06933,0.14148,0.07419,0.10142,0.03495,0.09708,0.08402
HCASE-00027,0.06371,0.7078,0.55857,0.09921,0.12684,0.13251,0.30341,0.39588,0.10207,0.03791,0.02604,0.11362,0.10063,0.05645
HCASE-00028,0.13447,0.13682,0.20042,0.11915,0.08175,0.09387,0.12285,0.77165,0.46003,0.08156,0.13946,0.58998,0.28878,0.06477
HCASE-00029,0.07249,0.13678,0.61347,0.12786,0.6743,0.04745,0.11661,0.86412,0.09103,0.06087,0.15252,0.15603,0.14762,0.12358
HCASE-00030,0.16021,0.13136,0.14677,0.14998,0.05259,0.13835,0.07634,0.63972,0.20066,0.12609,0.08526,0.24635,0.60521,0.0608
HCASE-00031,0.1357,0.56789,0.18063,0.04792,0.11486,0.55623,0.26442,0.14682,0.06589,0.12056,0.03239,0.03057,0.10569,0.07753
HCASE-00032,0.4933,0.62697,0.13172,0.10047,0.05234,0.70174,0.03904,0.035,0.05108,0.04615,0.0597,0.06063,0.08755,0.57344
HCASE-00033,0.73794,0.63524,0.18237,0.14522,0.16102,0.53234,0.08309,0.08092,0.12121,0.29534,0.09914,0.13902,0.13524,0.77164
HCASE-00034,0.08234,0.11533,0.10731,0.02201,0.12422,0.04289,0.10798,0.57834,0.55958,0.15645,0.37227,0.78054,0.09796,0.14994
HCASE-00035,0.11725,0.80025,0.35964,0.07682,0.08798,0.16305,0.55178,0.19804,0.03437,0.03202,0.15732,0.05022,0.10095,0.10125
HCASE-00036,0.11057,0.06218,0.2825,0.57322,0.43282,0.14331,0.03484,0.32341,0.55234,0.03517,0.02704,0.15137,0.15807,0.05377
HCASE-00037,0.0585,0.3173,0.72532,0.44279,0.09357,0.09354,0.09043,0.65948,0.05405,0.16859,0.13344,0.09111,0.19003,0.14512
HCASE-00038,0.10356,0.26602,0.64975,0.02795,0.51231,0.08899,0.06329,0.7854,0.23666,0.03906,0.06072,0.14436,0.06732,0.13591
HCASE-00039,0.18099,0.12219,0.36576,0.71001,0.58971,0.18962,0.04508,0.25276,0.49417,0.03919,0.09542,0.13108,0.15964,0.09362
HCASE-00040,0.83877,0.11061,0.15027,0.21762,0.13884,0.23253,0.15861,0.03821,0.14366,0.67053,0.0298,0.04548,0.14238,0.8822
HCASE-00041,0.13807,0.10166,0.15453,0.11426,0.11125,0.13258,0.10713,0.35072,0.16398,0.11285,0.48351,0.49631,0.2532,0.08902
HCASE-00042,0.03066,0.07333,0.67372,0.383,0.25908,0.0575,0.08171,0.55997,0.08829,0.11252,0.11171,0.07814,0.0962,0.15873
HCASE-00043,0.14179,0.06942,0.86506,0.39207,0.34675,0.14087,0.06826,0.81942,0.1229,0.13095,0.10826,0.02084,0.10236,0.07463
HCASE-00044,0.08384,0.37798,0.78334,0.40703,0.15911,0.15498,0.03396,0.71305,0.154,0.10458,0.03368,0.03274,0.12236,0.11194
HCASE-00045,0.83252,0.71165,0.04239,0.03599,0.13926,0.60474,0.04054,0.05845,0.03899,0.31679,0.13965,0.07649,0.11845,0.765
HCASE-00046,0.68233,0.11518,0.08143,0.09829,0.0461,0.13306,0.45526,0.55359,0.20606,0.5554,0.08602,0.13123,0.12908,0.30561
HCASE-00047,0.15333,0.76742,0.04609,0.03513,0.0729,1.0,0.07151,0.06077,0.10325,0.08215,0.09694,0.14867,0.06622,0.07885
HCASE-00048,0.10344,0.13539,0.1227,0.10883,0.04329,0.06632,0.13188,0.29744,0.32524,0.18753,0.72718,1.0,0.23254,0.0432
HCASE-00049,0.15855,0.04523,0.48511,0.57144,0.29663,0.15232,0.10891,0.50195,0.194,0.13316,0.13653,0.10236,0.14006,0.15212
HCASE-00050,0.0536,0.4647,0.59531,0.03455,0.32143,0.09421,0.12696,0.57413,0.10753,0.21618,0.15974,0.20656,0.1058,0.1396
HCASE-00051,0.10459,0.59496,0.87298,0.1272,0.25907,0.1335,0.12412,0.82429,0.08908,0.05545,0.02794,0.10241,0.03462,0.10957
HCASE-00052,0.5808,0.60086,0.10482,0.25717,0.28453,0.5013,0.08717,0.12664,0.29148,0.08617,0.11447,0.07344,0.09994,0.72692
HCASE-00053,0.15639,0.90794,0.30723,0.02302,0.11068,0.18527,0.56313,0.25266,0.14947,0.05869,0.07402,0.12788,0.15482,0.1031
HCASE-00054,0.09189,0.45446,0.57777,0.02945,0.22722,0.11497,0.05133,0.5287,0.05355,0.10901,0.13032,0.15546,0.1193,0.19053
HCASE-00055,0.60091,0.43868,0.14955,0.12869,0.22261,0.17031,0.7069,0.47387,0.07645,0.38844,0.12323,0.13956,0.0268,0.11435
HCASE-00056,0.60883,0.54803,0.11016,0.33173,0.31155,0.57752,0.14969,0.15717,0.29059,0.08066,0.07636,0.07674,0.03716,0.43471
HCASE-00057,0.76161,0.16317,0.14581,0.03478,0.15242,0.19489,0.03072,0.13455,0.0827,0.57693,0.11804,0.12799,0.09517,0.96938
HCASE-00058,0.19735,0.91893,0.55835,0.15268,0.15991,0.08627,0.38043,0.35602,0.10282,0.14728,0.13736,0.08152,0.02394,0.07814
HCASE-00059,0.11029,0.13975,0.76939,0.07007,0.66742,0.08284,0.15588,0.85526,0.13592,0.04198,0.13784,0.12286,0.10268,0.1479
HCASE-00060,0.54569,0.59954,0.08265,0.08356,0.09708,0.74609,0.13981,0.08875,0.12458,0.09564,0.03429,0.03022,0.0942,0.61469
HCASE-00061,0.37905,0.63291,0.18004,0.15377,0.20134,0.15161,0.71693,0.22862,0.15746,0.21675,0.08838,0.03437,0.07127,0.10135
HCASE-00062,0.04085,0.54649,0.63222,0.17626,0.15182,0.11439,0.08641,0.56576,0.07374,0.08235,0.06788,0.06855,0.13346,0.2302
HCASE-00063,0.56342,0.75309,0.02878,0.05826,0.14643,0.80287,0.03307,0.15779,0.13218,0.12531,0.11257,0.10685,0.07224,0.58016
HCASE-00064,0.6659,0.79177,0.10331,0.14246,0.04108,0.88961,0.15182,0.05149,0.08817,0.11614,0.14431,0.05897,0.09977,0.53596
HCASE-00065,0.41095,0.71234,0.13188,0.15533,0.10439,1.0,0.06218,0.14583,0.08378,0.0954,0.07267,0.04802,0.03669,0.20961
HCASE-00066,0.27242,0.09632,0.03252,0.07714,0.0918,0.14867,0.09821,0.41818,0.36324,0.33471,0.13626,0.38754,0.03855,0.39134
HCASE-00067,0.25645,0.65771,0.18887,0.18792,0.122,0.87579,0.11418,0.08896,0.14119,0.12707,0.13137,0.02871,0.15939,0.27422
HCASE-00068,0.32365,0.06502,0.08391,0.12549,0.14229,0.12708,0.12955,0.67245,0.60527,0.23677,0.09794,0.50403,0.15018,0.33645
HCASE-00069,0.05906,0.11397,0.15309,0.14706,0.063,0.12165,0.09287,0.76547,0.67733,0.24554,0.16101,0.85422,0.17173,0.04528
HCASE-00070,0.16239,0.79203,0.20965,0.13975,0.13851,0.72035,0.25677,0.05732,0.02452,0.06292,0.07654,0.12487,0.04229,0.14967
HCASE-00071,0.73627,0.39132,0.17597,0.1619,0.14328,0.42153,0.14744,0.15364,0.14941,0.547,0.13279,0.14465,0.06084,0.72929
HCASE-00072,0.19385,0.61817,0.79594,0.146,0.2461,0.10435,0.09397,0.71081,0.0923,0.03028,0.09751,0.13731,0.02842,0.05618
HCASE-00073,0.40788,0.23445,0.26343,0.06374,0.1033,0.04918,0.5303,0.5355,0.05869,0.38271,0.11664,0.043,0.11134,0.13631
HCASE-00074,0.30765,0.52514,0.11504,0.11746,0.068,0.60648,0.04845,0.08845,0.05181,0.11451,0.15951,0.13815,0.14733,0.44093
HCASE-00075,0.79081,0.13374,0.10834,0.08186,0.15292,0.17325,0.44793,0.40314,0.0478,0.56246,0.04668,0.09227,0.07073,0.28486
HCASE-00076,0.11829,0.35842,0.69677,0.39655,0.09948,0.15979,0.06875,0.55446,0.08732,0.10807,0.13466,0.13628,0.04519,0.08124
HCASE-00077,0.02439,0.10658,0.05661,0.04485,0.15953,0.04269,0.09353,0.10589,0.12886,0.20567,0.87775,0.96612,0.11508,0.11513
HCASE-00078,0.10379,0.10614,0.24093,0.02669,0.28116,0.13629,0.0575,0.94854,0.20024,0.13243,0.04211,0.04658,0.69897,0.10641
HCASE-00079,0.20811,0.17174,0.18659,0.08248,0.11246,0.12145,0.10608,0.85865,0.23273,0.05451,0.0386,0.28671,0.60925,0.07509
HCASE-00080,0.22309,0.14838,0.03355,0.07217,0.13583,0.12596,0.02443,0.49798,0.35685,0.30874,0.02383,0.45542,0.0488,0.37632
HCASE-00081,0.44974,0.34864,0.22107,0.05926,0.02949,0.13122,0.52397,0.73063,0.15842,0.353,0.14868,0.12838,0.03856,0.08141
HCASE-00082,0.60106,0.5701,0.1776,0.19612,0.1424,0.68626,0.07788,0.03361,0.08625,0.13389,0.09613,0.08406,0.15239,0.59488
HCASE-00083,0.13021,0.1157,0.05119,0.09797,0.06943,0.05775,0.14663,0.60241,0.49594,0.09763,0.47362,0.82281,0.10296,0.13391
HCASE-00084,0.68698,0.11035,0.0247,0.06488,0.06819,0.09515,0.33852,0.2275,0.05621,0.67978,0.09536,0.06974,0.13854,0.80999
HCASE-00085,0.128,0.13684,0.24059,0.07152,0.08028,0.0248,0.13074,0.77767,0.24152,0.03482,0.06942,0.24047,0.51376,0.12551
HCASE-00086,0.05556,0.03223,0.9296,0.42598,0.30546,0.03945,0.15862,0.77098,0.10721,0.04705,0.1297,0.15989,0.0445,0.06427
HCASE-00087,0.69498,0.75834,0.18328,0.23573,0.12805,0.92961,0.14318,0.08659,0.08556,0.07006,0.13368,0.06956,0.09408,0.59939
HCASE-00088,0.76903,0.63749,0.13369,0.12316,0.21492,0.54839,0.05496,0.15855,0.12305,0.32176,0.05022,0.05236,0.04401,0.79353
HCASE-00089,0.12234,0.17069,0.87576,0.53989,0.13213,0.13798,0.13495,0.72887,0.06293,0.02508,0.07938,0.08328,0.14938,0.15223
HCASE-00090,0.07312,0.21077,0.11118,0.06693,0.08739,0.14473,0.07209,0.52125,0.35873,0.06733,0.34617,0.65824,0.03419,0.14644
HCASE-00091,0.13096,0.46142,0.66841,0.03691,0.24998,0.13666,0.13316,0.63876,0.19979,0.06661,0.11548,0.07856,0.02597,0.06559
HCASE-00092,0.19161,0.11018,0.11643,0.05106,0.12181,0.078,0.14047,0.50892,0.41717,0.27095,0.06413,0.47901,0.07303,0.23923
HCASE-00093,0.15263,0.12507,0.20044,0.02989,0.02044,0.14071,0.11747,0.84599,0.15301,0.13085,0.03684,0.15942,0.68137,0.15033
HCASE-00094,0.72029,0.0337,0.15594,0.12091,0.11819,0.15322,0.53645,0.44291,0.09609,0.54654,0.06213,0.10548,0.14002,0.32805
HCASE-00095,0.10542,0.90736,0.24686,0.07986,0.14194,0.15904,0.77575,0.2195,0.05876,0.09497,0.13258,0.13829,0.14882,0.08026
HCASE-00096,0.15137,0.0904,0.37228,0.03493,0.26256,0.09151,0.12969,0.65469,0.09808,0.03785,0.15723,0.04109,0.59588,0.21946
HCASE-00097,0.4794,0.57735,0.12451,0.35382,0.39921,0.54806,0.12209,0.06712,0.31491,0.06355,0.07508,0.12174,0.12173,0.77257
HCASE-00098,0.54257,0.47509,0.09434,0.29936,0.33728,0.62132,0.14575,0.12981,0.35975,0.06547,0.1249,0.12284,0.07532,0.69278
HCASE-00099,0.13204,0.9185,0.57691,0.04331,0.10589,0.13322,0.2636,0.58807,0.02288,0.12576,0.03124,0.11899,0.05259,0.06665
HCASE-00100,0.10868,0.31936,0.87076,0.42307,0.16785,0.09531,0.03591,0.56026,0.08867,0.04545,0.0421,0.10616,0.0496,0.02596
HCASE-00101,0.12817,0.06369,0.32076,0.11293,0.21338,0.09484,0.02448,0.77181,0.0737,0.18334,0.19246,0.18035,0.62801,0.07119
HCASE-00102,0.12322,0.89673,0.28668,0.11503,0.04473,0.05932,0.5859,0.40103,0.09088,0.03638,0.04646,0.15434,0.07524,0.09097
HCASE-00103,0.09152,0.87589,0.22642,0.21624,0.20609,0.45744,0.5191,0.02076,0.04284,0.0708,0.03554,0.13039,0.05883,0.04905
HCASE-00104,0.03034,0.07741,0.83374,0.2386,0.52038,0.06269,0.1097,0.80767,0.18483,0.05242,0.062,0.13864,0.07989,0.0237
HCASE-00105,0.14472,0.05382,0.69996,0.24703,0.41248,0.02876,0.11449,0.77732,0.05152,0.19385,0.22879,0.17913,0.21338,0.06284
HCASE-00106,0.04163,0.62048,0.07605,0.14739,0.03191,0.68758,0.26066,0.05809,0.02103,0.02458,0.0609,0.11523,0.08436,0.23045
HCASE-00107,0.75658,0.6925,0.025,0.30673,0.25256,0.67018,0.05469,0.02196,0.29552,0.13109,0.07454,0.10283,0.14454,0.6012
HCASE-00108,0.50623,0.36882,0.34902,0.20377,0.2161,0.08693,0.46237,0.66158,0.04587,0.44593,0.05751,0.08152,0.10357,0.14563
HCASE-00109,0.47124,0.13993,0.109,0.02657,0.13842,0.0389,0.1287,0.28258,0.28015,0.38273,0.09857,0.30654,0.1221,0.68079
HCASE-00110,0.59926,0.18027,0.04738,0.04128,0.14839,0.22666,0.11881,0.20247,0.14502,0.32883,0.13782,0.05773,0.05221,0.59982
HCASE-00111,0.06157,0.04343,0.1156,0.13785,0.09525,0.04051,0.10216,0.34418,0.34658,0.13346,0.56573,0.81311,0.08796,0.14984
HCASE-00112,0.05119,0.10777,0.14351,0.12715,0.12109,0.08915,0.07218,0.87825,0.59352,0.12584,0.09682,0.53339,0.30423,0.13026
HCASE-00113,0.2108,0.88354,0.12324,0.15644,0.18427,0.69589,0.34199,0.14148,0.10347,0.09247,0.06867,0.02026,0.05871,0.09636
HCASE-00114,0.03323,0.05871,0.10701,0.0798,0.02187,0.08222,0.03032,0.83756,0.09208,0.17591,0.13243,0.18971,1.0,0.04287
HCASE-00115,0.50669,0.14279,0.13499,0.05952,0.03731,0.21621,0.0959,0.29937,0.20578,0.50609,0.10931,0.322,0.12038,0.58451
HCASE-00116,0.68238,0.56003,0.14287,0.14198,0.09651,0.57244,0.03473,0.12965,0.15475,0.33554,0.13338,0.03714,0.05636,0.77835
HCASE-00117,0.6896,0.14002,0.10286,0.12285,0.15197,0.13434,0.53038,0.47519,0.1545,0.65559,0.14633,0.08227,0.05945,0.2968
HCASE-00118,0.26392,0.56098,0.12886,0.14926,0.09899,0.91435,0.07864,0.15561,0.07627,0.02376,0.12242,0.03724,0.0385,0.21403
HCASE-00119,0.16903,0.58259,0.73569,0.15233,0.21831,0.17107,0.11603,0.64566,0.06951,0.03457,0.13474,0.1089,0.06804,0.08465
HCASE-00120,0.17536,0.15141,0.26518,0.13471,0.25841,0.12361,0.11889,0.771,0.13765,0.15981,0.03862,0.14209,0.62927,0.04521
HCASE-00121,0.10356,0.13018,0.0885,0.03677,0.06924,0.14408,0.13315,0.48585,0.42254,0.14148,0.36963,0.91911,0.16524,0.06815
HCASE-00122,0.18719,0.75829,0.16021,0.09744,0.18866,0.78068,0.32107,0.12596,0.06961,0.11561,0.09717,0.13386,0.12693,0.14803
HCASE-00123,0.44043,0.66491,0.04457,0.14595,0.04273,0.8383,0.12193,0.21266,0.21437,0.05824,0.05528,0.12139,0.05714,0.42536
HCASE-00124,0.76745,0.51753,0.11001,0.15634,0.1054,0.47805,0.13154,0.13901,0.09158,0.23034,0.05353,0.03903,0.02104,0.70518
HCASE-00125,0.14689,0.05561,0.37129,0.03815,0.32542,0.06376,0.02733,0.91913,0.16052,0.08767,0.02671,0.07462,0.78811,0.1251
HCASE-00126,0.11481,0.11081,0.40887,0.58137,0.47905,0.1356,0.15511,0.36202,0.40466,0.09603,0.09853,0.04869,0.03017,0.02676
HCASE-00127,0.11974,0.06122,0.12991,0.04383,0.08421,0.15596,0.05634,0.6563,0.18988,0.12302,0.05125,0.18829,0.48833,0.19122
HCASE-00128,0.13625,0.05669,0.25266,0.1066,0.309,0.05733,0.03538,0.84653,0.0775,0.18737,0.17905,0.12917,0.59211,0.05296
HCASE-00129,0.83252,0.56683,0.02091,0.11163,0.04715,0.5958,0.09055,0.09413,0.0764,0.29227,0.11306,0.11225,0.10467,0.85092
HCASE-00130,0.12664,0.72432,0.48722,0.19007,0.20141,0.14956,0.27576,0.4826,0.05462,0.07751,0.15184,0.10684,0.0389,0.10695
HCASE-00131,0.04529,0.11589,0.13979,0.11304,0.02092,0.04126,0.07554,0.7836,0.10657,0.11389,0.1514,0.10394,0.7719,0.12627
HCASE-00132,0.1036,0.75964,0.12012,0.18412,0.19289,0.74285,0.20934,0.07611,0.06637,0.12548,0.04507,0.14544,0.06813,0.05095
HCASE-00133,0.53201,0.66083,0.14831,0.15765,0.13751,0.66625,0.14291,0.15458,0.04705,0.09698,0.09513,0.12716,0.13305,0.70492
HCASE-00134,0.14143,0.0231,0.25633,0.57508,0.77418,0.10537,0.11132,0.26506,0.48977,0.11787,0.02706,0.07871,0.07091,0.2834
HCASE-00135,0.09809,0.56357,0.68732,0.08607,0.2745,0.07486,0.15197,0.666,0.15727,0.0784,0.0837,0.09535,0.07643,0.1432
HCASE-00136,0.11497,0.15596,0.04057,0.1051,0.14839,0.10629,0.10073,0.85264,0.33602,0.12089,0.1064,0.37751,0.64658,0.09775
HCASE-00137,0.05884,0.02832,0.21506,0.47891,0.8188,0.11816,0.12037,0.36348,0.57056,0.06966,0.04342,0.0321,0.13875,0.22179
HCASE-00138,0.20208,0.11283,0.09918,0.09636,0.03848,0.0928,0.02223,0.62724,0.41422,0.3167,0.15708,0.67231,0.1557,0.37326
HCASE-00139,0.2825,0.75299,0.2415,0.13695,0.05069,0.02904,0.82993,0.35168,0.04078,0.27058,0.06204,0.03842,0.0453,0.13319
HCASE-00140,0.61453,0.04604,0.10308,0.14717,0.02769,0.06773,0.42509,0.48987,0.0984,0.5588,0.02693,0.03841,0.06894,0.20777
HCASE-00141,0.15351,0.15581,0.19875,0.13228,0.04944,0.12218,0.03907,0.59376,0.42996,0.14334,0.29603,0.6815,0.04422,0.12315
HCASE-00142,0.29655,0.08347,0.12348,0.04609,0.08603,0.07494,0.13597,0.52375,0.436,0.21796,0.15671,0.52641,0.03287,0.37948
HCASE-00143,0.51933,0.70288,0.11005,0.07448,0.04558,0.77566,0.02633,0.15094,0.11028,0.13356,0.06773,0.02131,0.12656,0.44917
HCASE-00144,0.11626,0.12206,0.54386,0.63662,0.27927,0.0201,0.03323,0.53786,0.30861,0.16857,0.12137,0.2211,0.21857,0.13098
HCASE-00145,0.09951,0.65424,0.15404,0.10447,0.03144,0.70471,0.30649,0.13853,0.03496,0.05294,0.02879,0.04018,0.05418,0.0665
HCASE-00146,0.15977,0.56165,0.73224,0.23357,0.0479,0.03592,0.15413,0.64037,0.09027,0.06133,0.0356,0.12705,0.11262,0.20054
HCASE-00147,0.14223,0.03559,0.02276,0.04124,0.15237,0.12265,0.14548,0.33451,0.31748,0.18381,0.66764,0.99235,0.20298,0.11666
HCASE-00148,0.63885,0.05061,0.05763,0.09662,0.14237,0.05102,0.57954,0.49644,0.11623,0.68182,0.11204,0.06862,0.07868,0.37207
HCASE-00149,0.02987,0.14728,0.51031,0.13366,0.42805,0.03317,0.11265,0.86519,0.15647,0.02754,0.03322,0.14986,0.29202,0.10496
HCASE-00150,0.79381,0.61706,0.22097,0.1829,0.1604,0.50459,0.13521,0.1142,0.02182,0.28169,0.15586,0.14705,0.1183,0.65703
HCASE-00151,0.11925,0.08085,0.87467,0.2365,0.54355,0.03509,0.11139,0.87851,0.09134,0.08061,0.02859,0.0285,0.0244,0.0458
HCASE-00152,0.16003,0.18193,0.30393,0.52683,0.7468,0.15976,0.14139,0.3753,0.55048,0.0853,0.09025,0.11972,0.1214,0.1163
HCASE-00153,0.81265,0.44879,0.07105,0.09361,0.06674,0.47361,0.09319,0.08465,0.14001,0.32135,0.05445,0.03262,0.02065,0.85468
HCASE-00154,0.32935,0.65299,0.06907,0.04187,0.10338,0.19234,0.73113,0.21989,0.11182,0.20556,0.14104,0.05199,0.11037,0.15516
HCASE-00155,0.09096,0.14225,0.44073,0.04937,0.49949,0.04283,0.11291,0.61828,0.09683,0.17256,0.15562,0.09274,0.39395,0.04114
HCASE-00156,0.61742,0.61728,0.09036,0.32662,0.30217,0.75111,0.09324,0.10035,0.29345,0.11518,0.12216,0.06806,0.04288,0.65825
HCASE-00157,0.56184,0.56728,0.14854,0.20033,0.21847,0.49545,0.04385,0.0831,0.37115,0.03896,0.05323,0.08252,0.06457,0.56886
HCASE-00158,0.02655,0.14218,0.03216,0.11065,0.03211,0.05231,0.08745,0.68161,0.20168,0.11392,0.16513,0.38206,0.70486,0.11694
HCASE-00159,0.02995,0.59359,0.74889,0.12546,0.27717,0.04588,0.04694,0.65952,0.08049,0.15898,0.08069,0.15989,0.11749,0.03092
HCASE-00160,0.11395,0.61348,0.0716,0.0934,0.038,1.0,0.12926,0.1959,0.22755,0.08701,0.07005,0.03125,0.12044,0.086
HCASE-00161,0.07551,0.52258,0.60665,0.15462,0.35484,0.151,0.08537,0.60261,0.0213,0.0361,0.06391,0.10948,0.0563,0.09891
HCASE-00162,0.02794,0.0827,0.31855,0.09056,0.24234,0.10628,0.05494,0.79277,0.14638,0.15181,0.23187,0.15885,0.76009,0.15692
HCASE-00163,0.20806,0.72249,0.07545,0.05942,0.05287,0.64644,0.20634,0.06967,0.06099,0.14495,0.11813,0.04364,0.117,0.0372
HCASE-00164,0.36266,0.29545,0.19087,0.08178,0.07403,0.14201,0.47985,0.62207,0.09253,0.33213,0.06911,0.05718,0.15309,0.02793
HCASE-00165,0.06584,0.29374,0.85983,0.14644,0.56098,0.02735,0.13173,0.78814,0.12951,0.15405,0.08374,0.09285,0.02433,0.02303
HCASE-00166,0.62679,0.25942,0.10158,0.11026,0.04334,0.25514,0.08719,0.10314,0.12975,0.4912,0.12357,0.0975,0.14369,0.74744
HCASE-00167,0.3097,0.54383,0.09604,0.06285,0.05888,0.79666,0.08735,0.03555,0.12161,0.22462,0.1071,0.21391,0.09217,0.33934
HCASE-00168,0.11251,0.09797,0.69146,0.0592,0.74319,0.14989,0.04481,0.65753,0.0695,0.06918,0.0447,0.05325,0.03333,0.10181
HCASE-00169,0.0775,0.12357,0.0544,0.02581,0.07098,0.07716,0.09099,0.37784,0.23055,0.19862,0.73403,0.77835,0.14133,0.0971
HCASE-00170,0.58045,0.29548,0.30755,0.13306,0.09125,0.11625,0.52008,0.56106,0.02839,0.46125,0.10421,0.12331,0.08994,0.02321
HCASE-00171,0.55245,0.80127,0.23101,0.15898,0.15939,0.90756,0.11437,0.1363,0.12814,0.10158,0.11582,0.02468,0.1293,0.48207
HCASE-00172,0.59457,0.72181,0.14632,0.15742,0.12628,0.85566,0.13811,0.2587,0.26375,0.13536,0.08022,0.03314,0.06397,0.62659
HCASE-00173,0.09242,0.1167,0.25542,0.45419,0.77263,0.09035,0.12446,0.31774,0.57226,0.03839,0.03279,0.06959,0.1294,0.1628
HCASE-00174,0.1061,0.02953,0.18547,0.13312,0.13955,0.05199,0.07636,0.28432,0.24262,0.09807,0.45929,0.75902,0.08159,0.06687
HCASE-00175,0.63552,0.34464,0.06257,0.14441,0.06481,0.27802,0.11113,0.20088,0.20775,0.37342,0.04439,0.14948,0.10154,0.79655
HCASE-00176,0.03168,0.12783,0.09646,0.10317,0.02324,0.06405,0.09722,0.65947,0.21869,0.04988,0.11409,0.30327,0.61081,0.14427
HCASE-00177,0.10958,0.15815,0.12972,0.14882,0.13791,0.0314,0.03848,0.35232,0.04231,0.20699,0.60948,0.71385,0.42613,0.03546
HCASE-00178,0.13885,0.23062,0.7416,0.47282,0.06751,0.03352,0.07946,0.6698,0.02867,0.11456,0.15073,0.04427,0.07777,0.21247
HCASE-00179,0.57417,0.10455,0.06329,0.11659,0.04776,0.02851,0.41436,0.35355,0.14104,0.44219,0.06244,0.02338,0.12218,0.38426
HCASE-00180,0.41701,0.28305,0.03722,0.14208,0.10145,0.1275,0.57526,0.43986,0.07853,0.45659,0.19347,0.08498,0.09148,0.07125
HCASE-00181,0.25136,0.49078,0.13535,0.14056,0.12742,0.78519,0.07662,0.0532,0.06468,0.12371,0.12035,0.11089,0.14689,0.31491
HCASE-00182,0.51365,0.82893,0.06072,0.04882,0.15762,0.78035,0.02118,0.06692,0.13965,0.14511,0.07201,0.095,0.09701,0.66995
HCASE-00183,0.08928,0.08909,0.09269,0.04748,0.07698,0.0872,0.02832,0.49987,0.52818,0.0932,0.35498,0.69809,0.06138,0.08757
HCASE-00184,0.72565,0.48546,0.20829,0.16065,0.11178,0.62196,0.15011,0.06516,0.07189,0.28988,0.04607,0.08945,0.14964,0.73388
HCASE-00185,0.73086,0.36594,0.06614,0.1291,0.042,0.3271,0.14593,0.07302,0.11626,0.40964,0.04931,0.09034,0.06522,0.79892
HCASE-00186,0.11937,0.15153,0.82432,0.6218,0.2437,0.05672,0.02479,0.59229,0.28622,0.04612,0.04773,0.08624,0.06809,0.10108
HCASE-00187,0.79576,0.76841,0.10725,0.08515,0.03466,0.78895,0.11035,0.11322,0.08499,0.10204,0.02709,0.11494,0.14173,0.96834
HCASE-00188,0.7295,0.41962,0.04292,0.03869,0.13228,0.36017,0.157,0.08725,0.06683,0.49682,0.05792,0.02481,0.08486,0.77184
HCASE-00189,0.13,0.66444,0.20876,0.08393,0.08422,0.13983,0.47938,0.16864,0.09642,0.11313,0.06138,0.15493,0.11124,0.17919
HCASE-00190,0.12359,0.1034,0.29727,0.14186,0.24008,0.06236,0.09127,0.877,0.23206,0.13046,0.0687,0.13438,0.62116,0.14607
HCASE-00191,0.03333,0.29001,0.69311,0.11916,0.56798,0.10997,0.14291,0.78064,0.24786,0.15298,0.14348,0.11435,0.1285,0.12401
HCASE-00192,0.30469,0.11386,0.07371,0.11823,0.11954,0.07643,0.02133,0.61894,0.46535,0.26444,0.21846,0.58632,0.17361,0.35486
HCASE-00193,0.027,0.2706,0.76369,0.3312,0.07828,0.09964,0.09572,0.72316,0.18418,0.09814,0.03075,0.09727,0.1042,0.10849
HCASE-00194,0.82208,0.12192,0.04631,0.09259,0.14613,0.14165,0.57333,0.42604,0.10001,0.67,0.08282,0.06161,0.04676,0.28433
HCASE-00195,0.41165,0.45713,0.1303,0.33352,0.21169,0.49587,0.05688,0.12315,0.27769,0.10584,0.12761,0.02155,0.11087,0.60286
HCASE-00196,0.62639,0.15333,0.1442,0.03711,0.12244,0.02837,0.54734,0.5922,0.0681,0.62278,0.13128,0.09038,0.04713,0.38644
HCASE-00197,0.47926,0.26623,0.48419,0.08072,0.10533,0.09796,0.481,0.68822,0.02056,0.42624,0.13593,0.05729,0.14429,0.15705
HCASE-00198,0.67798,0.51558,0.04446,0.12099,0.04257,0.40824,0.07911,0.20028,0.18965,0.28444,0.06146,0.05904,0.08785,0.67935
HCASE-00199,0.0611,0.04475,0.0408,0.07475,0.15582,0.08011,0.11101,0.74068,0.21511,0.14553,0.1332,0.37837,0.73732,0.02922
HCASE-00200,0.60534,0.09545,0.03278,0.14921,0.09949,0.03998,0.11685,0.26455,0.26596,0.53108,0.02552,0.26985,0.08726,0.79688
HCASE-00201,0.141,0.14215,0.34354,0.66888,0.42534,0.06747,0.06131,0.34074,0.42797,0.14463,0.06675,0.13668,0.11093,0.04051
HCASE-00202,0.27923,0.09845,0.12104,0.11099,0.14146,0.1256,0.06557,0.50193,0.40295,0.33386,0.22979,0.61783,0.19167,0.4283
HCASE-00203,0.02426,0.12927,0.03711,0.04432,0.13095,0.06823,0.02724,0.27464,0.2597,0.19282,0.65394,0.95693,0.19082,0.03584
HCASE-00204,0.56641,0.72787,0.16755,0.17502,0.22265,0.89085,0.1439,0.07987,0.09372,0.05456,0.07986,0.02127,0.09427,0.52302
HCASE-00205,0.16606,0.39667,0.73498,0.19342,0.63863,0.1938,0.04435,0.67081,0.05386,0.1154,0.11688,0.08349,0.11263,0.02171
HCASE-00206,0.33983,0.06301,0.09438,0.09302,0.06482,0.07998,0.09145,0.52517,0.48424,0.29618,0.08282,0.50889,0.0475,0.31889
HCASE-00207,0.18976,0.66266,0.17698,0.06828,0.07007,0.04269,0.78545,0.2715,0.13731,0.26715,0.10262,0.06382,0.07361,0.10022
HCASE-00208,0.41248,0.69116,0.1788,0.2035,0.09215,0.91003,0.12657,0.09814,0.05213,0.10445,0.10884,0.12316,0.04983,0.24761
HCASE-00209,0.0452,0.06642,0.86763,0.02724,0.75907,0.12358,0.14744,1.0,0.07518,0.02469,0.05741,0.13709,0.09054,0.15495
HCASE-00210,0.13774,0.09922,0.08317,0.04733,0.14255,0.14863,0.09335,0.71108,0.7144,0.09697,0.1754,0.75987,0.14515,0.10773
HCASE-00211,0.08468,0.18547,0.41996,0.15335,0.46362,0.10552,0.08553,0.69882,0.15998,0.1175,0.06552,0.11319,0.26758,0.15372
HCASE-00212,0.19819,0.12864,0.29526,0.62349,0.48837,0.14914,0.05705,0.33079,0.50181,0.14178,0.12616,0.02645,0.07012,0.02605
HCASE-00213,0.13278,0.51829,0.68376,0.10217,0.27293,0.13085,0.04048,0.58118,0.09697,0.16179,0.09699,0.17649,0.09883,0.03597
HCASE-00214,0.2145,0.045,0.04732,0.11163,0.10959,0.11578,0.04123,0.61503,0.42592,0.3605,0.18597,0.63419,0.20236,0.31351
HCASE-00215,0.13231,0.07239,0.17602,0.09701,0.12125,0.1036,0.03581,0.47389,0.44921,0.13104,0.33339,0.69609,0.11641,0.02974
HCASE-00216,0.55845,0.42241,0.15156,0.17396,0.22288,0.13576,0.78355,0.54388,0.15644,0.5015,0.02623,0.08929,0.1014,0.14498
HCASE-00217,0.57523,0.8188,0.19617,0.23057,0.10923,0.86301,0.12842,0.11456,0.02547,0.0847,0.06892,0.05288,0.05559,0.55821
HCASE-00218,0.11977,0.06003,0.10175,0.02204,0.14444,0.02582,0.03449,0.79866,0.49288,0.20311,0.11569,0.58815,0.41625,0.14272
HCASE-00219,0.74347,0.03694,0.0517,0.03169,0.1568,0.03798,0.33053,0.28381,0.13717,0.69777,0.17598,0.13054,0.18995,0.59935
HCASE-00220,0.5011,0.53609,0.10824,0.33284,0.29377,0.54507,0.06275,0.04257,0.37037,0.09833,0.03886,0.13868,0.09715,0.75961
HCASE-00221,0.46166,0.72844,0.13182,0.10365,0.10399,0.83725,0.1144,0.25981,0.20254,0.12519,0.03881,0.1137,0.1433,0.49712
HCASE-00222,0.1557,0.04679,0.09557,0.06553,0.12117,0.09106,0.14078,0.72588,0.14736,0.11329,0.15771,0.17147,0.89115,0.11797
HCASE-00223,0.15656,0.68809,0.14693,0.14934,0.07232,0.39692,0.51439,0.0278,0.15283,0.02082,0.04084,0.03403,0.09972,0.22296
HCASE-00224,0.15459,0.09754,0.03397,0.10462,0.06476,0.09293,0.08533,0.3433,0.22012,0.09245,0.57906,0.52741,0.36196,0.10093
HCASE-00225,0.05902,0.89868,0.12849,0.06896,0.06121,0.05346,0.80102,0.09075,0.06526,0.11055,0.08405,0.15114,0.05812,0.03903
HCASE-00226,0.23316,0.95488,0.26553,0.10014,0.14531,0.14653,0.50631,0.18423,0.14684,0.06065,0.12272,0.14343,0.07688,0.07663
HCASE-00227,0.13331,0.15342,0.10841,0.10616,0.13699,0.20692,0.09639,0.34596,0.29609,0.04524,0.58006,0.72065,0.10311,0.14817
HCASE-00228,0.13213,0.0405,0.29475,0.68507,0.4407,0.09733,0.07545,0.3061,0.53397,0.08513,0.0992,0.04324,0.10966,0.19687
HCASE-00229,0.4297,0.66837,0.08321,0.08068,0.14891,0.75384,0.0253,0.24897,0.1498,0.07099,0.10099,0.07437,0.07728,0.51252
HCASE-00230,0.53986,0.60966,0.07802,0.30655,0.33038,0.58045,0.1009,0.04708,0.26513,0.09998,0.03658,0.15555,0.07952,0.41729
HCASE-00231,0.70154,0.48655,0.22998,0.15289,0.12691,0.51382,0.14315,0.15836,0.03691,0.25596,0.14998,0.12442,0.12854,0.72957
HCASE-00232,0.5133,0.6027,0.14837,0.0443,0.08424,0.64499,0.07881,0.19884,0.12115,0.08079,0.07598,0.08549,0.15101,0.38394
HCASE-00233,0.05175,0.02681,0.09363,0.07518,0.10656,0.02761,0.12194,0.75109,0.1779,0.186,0.10289,0.3234,0.55665,0.09751
HCASE-00234,0.213,0.13305,0.24818,0.55376,0.65204,0.15135,0.05564,0.32874,0.39058,0.09062,0.07216,0.03006,0.06423,0.07725
HCASE-00235,0.50688,0.50245,0.05624,0.29929,0.29532,0.54086,0.13234,0.20814,0.44879,0.15909,0.039,0.09226,0.04449,0.57945
HCASE-00236,0.76717,0.55724,0.14473,0.10814,0.0407,0.60499,0.05902,0.0655,0.02808,0.3244,0.15239,0.05168,0.11862,0.77934
HCASE-00237,0.59443,0.82173,0.15534,0.15527,0.25071,0.94816,0.13139,0.06981,0.15537,0.15018,0.04752,0.03322,0.14542,0.49748
HCASE-00238,0.07256,0.04063,0.30734,0.0446,0.19513,0.13787,0.10716,0.81323,0.06051,0.21202,0.15084,0.13784,0.69568,0.1231
HCASE-00239,0.11639,0.6512,0.20643,0.0906,0.05306,0.08378,0.45903,0.2,0.17124,0.12277,0.1575,0.02578,0.10453,0.12799
HCASE-00240,0.0979,0.28736,0.77266,0.02105,0.45042,0.02875,0.10212,0.82333,0.02696,0.15315,0.03275,0.12019,0.15995,0.12441
HCASE-00241,0.77655,0.11856,0.09999,0.11186,0.1169,0.21632,0.48417,0.42448,0.04799,0.63139,0.10896,0.0479,0.10804,0.34743
HCASE-00242,0.12835,0.18575,0.74804,0.33838,0.30672,0.20144,0.08197,0.68114,0.12037,0.06201,0.07565,0.03155,0.13492,0.10527
HCASE-00243,0.7805,0.69182,0.06184,0.10297,0.04222,0.59116,0.12633,0.07727,0.09965,0.28874,0.0851,0.1185,0.02064,0.81384
HCASE-00244,0.64938,0.13608,0.0471,0.06203,0.03081,0.10432,0.22891,0.2649,0.15811,0.5257,0.10716,0.10653,0.03313,0.75924
HCASE-00245,0.16083,0.33,0.73788,0.12511,0.59261,0.19625,0.14288,0.65048,0.06998,0.1541,0.11296,0.02612,0.03111,0.03442
HCASE-00246,0.11643,0.04562,0.38166,0.55907,0.46147,0.059,0.053,0.33851,0.55164,0.02581,0.05645,0.11459,0.0857,0.23165
HCASE-00247,0.02217,0.0725,0.88427,0.13888,0.49157,0.12726,0.14607,0.72472,0.04996,0.15172,0.10601,0.08626,0.0552,0.05719
HCASE-00248,0.07014,0.08338,0.6463,0.05785,0.67122,0.05986,0.0762,0.65501,0.15861,0.15846,0.05517,0.04362,0.11675,0.19943
HCASE-00249,0.60929,0.79122,0.13269,0.15033,0.1291,0.90229,0.14452,0.10214,0.09509,0.15976,0.04205,0.14651,0.0666,0.51805
HCASE-00250,0.58846,0.56063,0.09958,0.35098,0.27433,0.44297,0.1044,0.06851,0.27413,0.12571,0.0535,0.11518,0.09628,0.70273
HCASE-00251,0.55104,0.55195,0.23164,0.36785,0.37886,0.62553,0.10429,0.04481,0.28256,0.09068,0.13911,0.05946,0.11327,0.54864
HCASE-00252,0.95797,0.69072,0.15916,0.05812,0.15739,0.67275,0.10194,0.06139,0.04525,0.36571,0.03648,0.13121,0.08298,0.88106
HCASE-00253,0.69431,0.07627,0.14501,0.12357,0.07511,0.06867,0.22789,0.35911,0.03403,0.73457,0.12858,0.22555,0.21753,0.6595
HCASE-00254,0.59382,0.75002,0.11488,0.22849,0.15227,0.87453,0.11613,0.03624,0.07701,0.14051,0.07662,0.04391,0.0751,0.47506
HCASE-00255,0.10479,0.09465,0.71275,0.59512,0.31763,0.02605,0.09393,0.58456,0.33107,0.06174,0.13335,0.13574,0.15458,0.10878
HCASE-00256,0.07549,0.37354,0.9127,0.46436,0.1145,0.02865,0.07018,0.66782,0.13488,0.08272,0.07072,0.11592,0.10626,0.11318
HCASE-00257,0.56214,0.67404,0.028,0.02013,0.05814,0.83396,0.13358,0.1287,0.09842,0.12189,0.15703,0.06191,0.06169,0.65483
HCASE-00258,0.04565,0.07525,0.65037,0.23783,0.40337,0.15504,0.12581,0.71733,0.06877,0.13569,0.1241,0.0328,0.13267,0.15199
HCASE-00259,0.11711,0.13184,0.74791,0.43304,0.26268,0.11374,0.02177,0.6941,0.06341,0.05193,0.15917,0.13637,0.15903,0.07486
HCASE-00260,0.10026,0.08727,0.34403,0.5276,0.42031,0.07176,0.02412,0.28133,0.47672,0.13806,0.06994,0.15601,0.081,0.1203
HCASE-00261,0.12136,0.9023,0.22381,0.10264,0.05223,0.3598,0.49613,0.23913,0.12315,0.07553,0.13954,0.05008,0.04932,0.13817
HCASE-00262,0.62231,0.10491,0.08453,0.11961,0.06977,0.05165,0.32712,0.32549,0.04572,0.60899,0.13859,0.11621,0.06855,0.63408
HCASE-00263,0.06785,0.02388,0.07951,0.08499,0.02696,0.08696,0.05691,0.75836,0.69096,0.13136,0.11891,0.72846,0.03853,0.11746
HCASE-00264,0.16802,0.89161,0.16399,0.17415,0.17449,0.76503,0.26877,0.05291,0.06866,0.12002,0.15218,0.14814,0.05015,0.11032
HCASE-00265,0.39426,0.43729,0.10335,0.29688,0.31087,0.46436,0.13326,0.09995,0.2866,0.10411,0.05344,0.11601,0.06952,0.61108
HCASE-00266,0.72838,0.54664,0.15005,0.09829,0.206,0.5039,0.07417,0.14829,0.1085,0.22817,0.05592,0.09758,0.032,0.78062
HCASE-00267,0.2099,0.75827,0.1149,0.12974,0.13246,1.0,0.05353,0.10248,0.13202,0.13272,0.14744,0.09236,0.13737,0.05052
HCASE-00268,0.38042,0.33341,0.13889,0.15193,0.14129,0.05755,0.60587,0.49012,0.14344,0.31975,0.06991,0.15862,0.04299,0.11186
HCASE-00269,0.58818,0.11707,0.10212,0.0761,0.05011,0.1233,0.61278,0.65718,0.02633,0.58389,0.13482,0.15955,0.05114,0.22552
HCASE-00270,0.65764,0.7407,0.249,0.42748,0.41167,0.63611,0.1581,0.08633,0.29702,0.15554,0.1564,0.02987,0.11272,0.60951
HCASE-00271,0.11634,0.19941,0.52446,0.53098,0.28393,0.16137,0.09764,0.48873,0.26303,0.0811,0.04209,0.10849,0.0274,0.05952
HCASE-00272,0.15752,0.08966,0.77489,0.15433,0.67877,0.03461,0.14341,0.88904,0.22669,0.11646,0.08499,0.0936,0.05037,0.05642
HCASE-00273,0.11022,0.65313,0.33619,0.11418,0.07884,0.08454,0.47283,0.26214,0.08959,0.10687,0.1363,0.13123,0.09038,0.20815
HCASE-00274,0.78492,0.11051,0.0804,0.07113,0.12686,0.20797,0.26249,0.17963,0.1054,0.59328,0.15123,0.02127,0.03876,0.57721
HCASE-00275,0.16098,0.8085,0.15019,0.11955,0.11382,0.82342,0.26351,0.0239,0.04857,0.14365,0.11954,0.13548,0.14732,0.12244
HCASE-00276,0.48514,0.095,0.12611,0.10732,0.0882,0.11272,0.36556,0.42098,0.19086,0.57321,0.08028,0.11468,0.04616,0.35296
HCASE-00277,0.16335,0.11435,0.21217,0.181,0.14596,0.09174,0.0974,0.69339,0.28582,0.15346,0.09602,0.29504,0.65342,0.14843
HCASE-00278,0.13215,0.1581,0.09883,0.10557,0.06779,0.1292,0.07287,0.33376,0.15646,0.08787,0.59459,0.55404,0.37241,0.18363
HCASE-00279,0.12082,0.02545,0.08989,0.08814,0.07844,0.13058,0.09574,0.68523,0.2345,0.13236,0.08232,0.25238,0.65706,0.17253
HCASE-00280,0.05531,0.38552,0.61461,0.15748,0.51145,0.12669,0.10611,0.7065,0.14876,0.07882,0.03956,0.03694,0.111,0.22882
HCASE-00281,0.14887,0.417,0.67222,0.14445,0.27364,0.15887,0.06947,0.50238,0.14979,0.16713,0.13703,0.19422,0.1564,0.15983
HCASE-00282,0.04372,0.06067,0.93538,0.42712,0.23073,0.07241,0.10551,0.70414,0.09895,0.07726,0.09715,0.02757,0.07711,0.14845
HCASE-00283,0.09172,0.05152,0.27504,0.39617,0.68965,0.09353,0.09474,0.22328,0.42111,0.12378,0.10162,0.16156,0.12979,0.15841
HCASE-00284,0.10784,0.05382,0.35922,0.03796,0.3006,0.02985,0.04035,0.80457,0.04292,0.13421,0.19991,0.13035,0.60993,0.07114
HCASE-00285,0.65802,0.46675,0.06439,0.12243,0.11739,0.57048,0.0242,0.14012,0.10974,0.27486,0.06061,0.14696,0.05793,0.97042
HCASE-00286,0.32849,0.7142,0.09671,0.20561,0.1116,0.99167,0.14636,0.02436,0.14445,0.07338,0.14819,0.09838,0.12891,0.30581
HCASE-00287,0.89677,0.1505,0.08045,0.05698,0.0604,0.10329,0.53406,0.45731,0.10198,0.67796,0.0629,0.10591,0.12033,0.2774
HCASE-00288,0.12501,0.05404,0.15927,0.06931,0.11742,0.05518,0.12645,0.59996,0.57536,0.07845,0.34772,0.70224,0.02882,0.12206
HCASE-00289,0.07928,0.82391,0.54714,0.02497,0.06703,0.15166,0.31746,0.50466,0.11757,0.02714,0.1498,0.14843,0.12683,0.06462
HCASE-00290,0.15392,0.05958,0.87976,0.49677,0.24916,0.10886,0.08041,0.77936,0.23823,0.11076,0.0792,0.10252,0.06325,0.04124
HCASE-00291,0.59465,0.83329,0.10861,0.24155,0.11067,0.90381,0.05974,0.07508,0.02778,0.03307,0.07689,0.09728,0.07064,0.46956
HCASE-00292,0.20958,0.73153,0.57552,0.20747,0.08462,0.17229,0.33312,0.42869,0.10957,0.13633,0.10934,0.09668,0.06509,0.12887
HCASE-00293,0.20759,0.4426,0.82671,0.44019,0.04821,0.10575,0.0525,0.71533,0.14901,0.07896,0.02109,0.11541,0.02892,0.11156
HCASE-00294,0.20915,0.63342,0.10925,0.02579,0.05621,0.05664,0.6644,0.2803,0.06648,0.29773,0.14168,0.11507,0.06959,0.20657
HCASE-00295,0.07653,0.03652,0.77324,0.09884,0.70632,0.13572,0.04294,0.77049,0.11895,0.08343,0.15724,0.10934,0.07007,0.15264
HCASE-00296,0.09272,0.66777,0.11774,0.13585,0.06886,1.0,0.09951,0.08103,0.09037,0.08133,0.08672,0.09988,0.10539,0.23722
HCASE-00297,0.74362,0.55368,0.04704,0.04956,0.07858,0.53746,0.07756,0.14841,0.11556,0.28684,0.08679,0.14672,0.10906,0.73033
HCASE-00298,0.04373,0.14354,0.38682,0.0834,0.2904,0.12555,0.04533,0.81147,0.08016,0.15866,0.13359,0.03222,0.60545,0.09617
HCASE-00299,0.35479,0.15965,0.14473,0.15371,0.11388,0.09772,0.07889,0.55832,0.37899,0.21558,0.04337,0.51378,0.07487,0.30925
HCASE-00300,0.57237,0.56109,0.12967,0.39666,0.36063,0.54838,0.06538,0.09813,0.2891,0.10792,0.04178,0.02751,0.08445,0.7896
HCASE-00301,0.02026,0.23254,0.86275,0.36685,0.05577,0.06469,0.15423,0.76287,0.10701,0.11444,0.15791,0.07519,0.15586,0.03209
HCASE-00302,0.11176,0.88329,0.80962,0.1679,0.19441,0.08696,0.14461,0.66462,0.08397,0.02593,0.11111,0.12165,0.04701,0.03151
HCASE-00303,0.04507,0.60491,0.12964,0.07673,0.14808,0.9556,0.08725,0.08379,0.05485,0.13623,0.10584,0.04686,0.02125,0.10719
HCASE-00304,0.71197,0.11681,0.20353,0.1462,0.17494,0.10958,0.23623,0.28062,0.14949,0.57976,0.08225,0.14264,0.13197,0.6264
HCASE-00305,0.92445,0.33105,0.22645,0.13088,0.10251,0.41956,0.02148,0.07944,0.09085,0.4785,0.12562,0.10852,0.13837,0.83389
HCASE-00306,0.05108,0.67367,0.03878,0.07109,0.10692,0.68575,0.38616,0.12315,0.09696,0.08126,0.14021,0.11658,0.14693,0.14186
HCASE-00307,0.06725,0.46879,0.6476,0.08231,0.25307,0.15755,0.02775,0.61898,0.15716,0.1006,0.18341,0.19115,0.17332,0.05533
HCASE-00308,0.02819,0.09333,0.88798,0.40832,0.28047,0.14474,0.07289,0.77329,0.04096,0.05772,0.13381,0.03293,0.15233,0.12254
HCASE-00309,0.0532,0.14235,0.36144,0.72116,0.50353,0.03612,0.04669,0.30031,0.48641,0.17599,0.13319,0.13422,0.20253,0.11408
HCASE-00310,0.51452,0.6366,0.08887,0.34866,0.3036,0.63879,0.02041,0.1757,0.38553,0.10345,0.05704,0.09322,0.12508,0.48547
HCASE-00311,0.14921,0.18899,0.40011,0.54377,0.74774,0.19915,0.12756,0.32642,0.44188,0.05067,0.12495,0.07408,0.10082,0.11697
HCASE-00312,0.11998,0.37012,0.76046,0.0292,0.51093,0.11192,0.05674,0.85637,0.14226,0.07868,0.10738,0.11795,0.05976,0.02277
HCASE-00313,0.08605,0.11719,0.14424,0.14598,0.12426,0.14632,0.13448,0.32756,0.12,0.1169,0.60387,0.47908,0.41102,0.15119
HCASE-00314,0.67969,0.86742,0.1383,0.14252,0.08419,1.0,0.11029,0.11761,0.02578,0.0246,0.09506,0.03946,0.05256,0.58898
HCASE-00315,0.47812,0.52987,0.02426,0.27176,0.34214,0.48365,0.06362,0.10897,0.26569,0.1408,0.10693,0.15819,0.07532,0.66822
HCASE-00316,0.07898,0.13384,0.02333,0.12418,0.0824,0.13229,0.08443,0.1984,0.20084,0.1599,0.55851,0.81889,0.02101,0.09667
HCASE-00317,0.09991,0.14643,0.14067,0.0697,0.06985,0.11391,0.11146,0.72227,0.57904,0.15579,0.09749,0.59082,0.04996,0.05595
HCASE-00318,0.11409,0.11049,0.06068,0.13964,0.03608,0.14556,0.1091,0.27312,0.22852,0.09013,0.49649,0.60296,0.03434,0.0382
HCASE-00319,0.04729,0.35041,0.7664,0.03014,0.56303,0.08291,0.14065,0.78315,0.18626,0.11358,0.09465,0.05346,0.12371,0.0344
HCASE-00320,0.15852,0.07941,0.12591,0.11562,0.14506,0.15364,0.08466,0.32625,0.24879,0.11573,0.51139,0.62885,0.02821,0.11456
HCASE-00321,0.18642,1.0,0.38315,0.10795,0.13278,0.19416,0.55868,0.30515,0.12842,0.0927,0.14625,0.09173,0.09059,0.10489
HCASE-00322,0.11449,0.37176,0.84023,0.42414,0.20699,0.14162,0.043,0.61609,0.02246,0.12515,0.13469,0.07187,0.14271,0.04407
HCASE-00323,0.30528,0.3105,0.03065,0.4988,0.41914,0.26445,0.04267,0.09567,0.44669,0.05358,0.02004,0.14531,0.11517,0.40425
HCASE-00324,0.40834,0.34436,0.07396,0.03749,0.07824,0.02348,0.65213,0.5256,0.19799,0.35614,0.03362,0.10599,0.02514,0.04026
HCASE-00325,0.10916,0.16582,0.36141,0.0981,0.29641,0.14356,0.07971,0.76591,0.06661,0.08972,0.1165,0.04445,0.67612,0.08193
HCASE-00326,0.66969,0.70928,0.14411,0.40314,0.47025,0.68466,0.09861,0.02822,0.34401,0.15453,0.05704,0.12278,0.09758,0.57898
HCASE-00327,0.12524,0.73514,0.20439,0.15928,0.15609,0.02235,0.5406,0.35938,0.16182,0.13999,0.05687,0.03607,0.09758,0.11468
HCASE-00328,0.05441,0.13839,0.68039,0.02586,0.6601,0.069,0.10262,0.63472,0.11688,0.15739,0.13845,0.12008,0.19557,0.12256
HCASE-00329,0.13803,0.1008,0.11525,0.7957,0.81181,0.15238,0.11857,0.15465,0.7642,0.06321,0.03896,0.14823,0.12797,0.29683
HCASE-00330,0.10035,0.83853,0.45023,0.1372,0.0698,0.1294,0.36256,0.48592,0.09368,0.1599,0.10547,0.05688,0.12193,0.19225
HCASE-00331,0.69475,0.08177,0.07687,0.08207,0.08741,0.15454,0.29815,0.28094,0.13511,0.66851,0.0888,0.13882,0.09202,0.66884
HCASE-00332,0.14726,0.2518,0.77473,0.37509,0.05995,0.15075,0.15444,0.64142,0.05336,0.10177,0.1858,0.1955,0.10667,0.09766
HCASE-00333,0.13303,0.07051,0.24638,0.10852,0.221,0.14004,0.09189,0.75885,0.17666,0.10162,0.07501,0.05176,0.62533,0.02692
HCASE-00334,0.07675,0.11664,0.1444,0.15216,0.16891,0.09128,0.06481,0.2305,0.13434,0.08284,0.55163,0.55428,0.35237,0.04749
HCASE-00335,0.49725,0.39979,0.18135,0.04515,0.11432,0.02166,0.52261,0.61462,0.11187,0.49539,0.08596,0.13239,0.13825,0.14834
HCASE-00336,0.07421,0.11375,0.71075,0.40204,0.33073,0.02598,0.02759,0.7073,0.09519,0.03287,0.09288,0.11967,0.10635,0.14374
HCASE-00337,0.03503,0.27919,0.7758,0.41719,0.07535,0.15599,0.12049,0.76325,0.15278,0.08904,0.14881,0.07822,0.12283,0.06666
HCASE-00338,0.13704,0.08429,0.3419,0.12316,0.28509,0.0893,0.08391,0.82559,0.0406,0.03859,0.08537,0.06209,0.60295,0.10884
HCASE-00339,0.08905,0.5521,0.72086,0.19106,0.09819,0.13874,0.13534,0.58675,0.07606,0.12599,0.04141,0.12647,0.07978,0.21294
HCASE-00340,0.07523,0.08231,0.15722,0.12574,0.04483,0.13071,0.08383,0.25185,0.30081,0.0314,0.55406,0.76756,0.10754,0.23991
HCASE-00341,0.09432,0.10516,0.39975,0.59877,0.51639,0.15711,0.09531,0.33245,0.46679,0.18578,0.12457,0.23838,0.23354,0.03288
HCASE-00342,0.76604,0.60783,0.07895,0.13579,0.04646,0.55132,0.0391,0.22624,0.14997,0.31686,0.0783,0.02039,0.11747,0.80517
HCASE-00343,0.11239,0.53052,0.71944,0.08761,0.22922,0.04757,0.06333,0.75367,0.09572,0.12746,0.08496,0.08263,0.10481,0.1116
HCASE-00344,0.48561,0.68461,0.1186,0.12554,0.09793,0.75656,0.06178,0.13676,0.20538,0.02343,0.12232,0.07193,0.04014,0.55322
HCASE-00345,0.29316,0.65207,0.13917,0.08211,0.19709,0.86604,0.12092,0.1549,0.02102,0.13849,0.12266,0.06217,0.12857,0.31645
HCASE-00346,0.14402,0.14958,0.16915,0.07956,0.13262,0.03155,0.11316,0.35874,0.08336,0.02677,0.53075,0.58147,0.29609,0.0524
HCASE-00347,0.10584,0.42022,0.53774,0.18596,0.12308,0.15539,0.126,0.44021,0.03656,0.11314,0.05529,0.07254,0.09904,0.12649
HCASE-00348,0.03986,0.0378,0.57552,0.46977,0.3528,0.14525,0.03053,0.45076,0.32099,0.18239,0.16712,0.17152,0.13277,0.0622
HCASE-00349,0.15505,0.28414,0.74576,0.04086,0.45232,0.1074,0.05629,0.73517,0.22545,0.11598,0.06735,0.03639,0.15486,0.04766
HCASE-00350,0.46501,0.47242,0.02671,0.34185,0.23109,0.49848,0.1248,0.11405,0.28653,0.11039,0.06436,0.08159,0.15067,0.59531
HCASE-00351,0.10838,0.04673,0.07577,0.14804,0.08224,0.12898,0.05447,0.78082,0.05324,0.11147,0.10109,0.1958,0.95168,0.15015
HCASE-00352,0.19841,0.12496,0.743,0.31249,0.49214,0.09829,0.14505,0.8019,0.07876,0.08006,0.14325,0.11398,0.1464,0.07814
HCASE-00353,0.72855,0.86673,0.09767,0.07652,0.05479,1.0,0.09194,0.03138,0.03077,0.02742,0.03869,0.10147,0.02555,0.56374
HCASE-00354,0.10896,0.13324,0.70211,0.64464,0.37855,0.12674,0.15995,0.51148,0.31189,0.07418,0.03744,0.03439,0.15477,0.06499
HCASE-00355,0.03457,0.05613,0.49948,0.09449,0.46252,0.15559,0.06366,0.69874,0.08053,0.14735,0.05901,0.02617,0.31814,0.26957
HCASE-00356,0.11209,0.27924,0.91955,0.46777,0.08917,0.05034,0.12634,0.80196,0.10982,0.11169,0.148,0.10954,0.10708,0.11647
HCASE-00357,0.22746,0.12766,0.0804,0.13313,0.1119,0.13773,0.03494,0.52544,0.50451,0.27966,0.1258,0.47007,0.0921,0.41193
HCASE-00358,0.15044,0.07697,0.28306,0.05265,0.32938,0.11265,0.14617,0.73076,0.11727,0.06006,0.05635,0.04499,0.58221,0.07269
HCASE-00359,0.19686,0.79701,0.08589,0.06646,0.05652,0.72093,0.31152,0.142,0.05692,0.11878,0.13519,0.02266,0.13579,0.13934
HCASE-00360,0.87821,0.5435,0.10526,0.09949,0.11629,0.57292,0.10932,0.02717,0.0998,0.329,0.02457,0.05698,0.08472,0.74893
HCASE-00361,0.43594,0.79472,0.13044,0.12037,0.14143,0.94888,0.08602,0.03129,0.12511,0.12598,0.03486,0.07264,0.05893,0.3088
HCASE-00362,0.77143,0.04337,0.09649,0.06242,0.06085,0.05646,0.23358,0.29491,0.1086,0.66144,0.14318,0.1474,0.13201,0.69543
HCASE-00363,0.07021,0.26334,0.73303,0.2594,0.08049,0.03704,0.05661,0.45699,0.08731,0.04735,0.14845,0.12319,0.11455,0.10375
HCASE-00364,0.13347,0.51773,0.84263,0.26774,0.05885,0.15522,0.06197,0.70491,0.10735,0.08171,0.05306,0.03094,0.10561,0.1285
HCASE-00365,0.71464,0.6689,0.20058,0.37703,0.49492,0.6031,0.12869,0.06667,0.23563,0.12945,0.05629,0.15872,0.13795,0.5499
HCASE-00366,0.12468,0.97587,0.20198,0.21436,0.09648,0.20866,0.68347,0.15794,0.0483,0.07737,0.05758,0.06032,0.13218,0.06733
HCASE-00367,0.76412,0.50678,0.02698,0.09025,0.02946,0.44787,0.04201,0.11765,0.12953,0.29005,0.1347,0.14895,0.02874,0.70381
HCASE-00368,0.55813,0.69858,0.179,0.09503,0.10308,0.78986,0.15514,0.1538,0.04174,0.03284,0.13626,0.1455,0.10046,0.45141
HCASE-00369,0.05506,0.07478,0.19409,0.13509,0.26679,0.06516,0.0591,0.62575,0.03667,0.13909,0.15654,0.10926,0.59419,0.10617
HCASE-00370,0.05916,0.69047,0.39147,0.1299,0.03837,0.14342,0.30244,0.34871,0.20741,0.15063,0.14768,0.04083,0.03752,0.07846
HCASE-00371,0.22594,0.21911,0.03323,0.77537,0.7559,0.1077,0.02956,0.08044,0.75282,0.15583,0.11502,0.14334,0.0317,0.09712
HCASE-00372,0.04971,0.12078,0.29237,0.71411,0.54389,0.10724,0.04859,0.245,0.51554,0.03168,0.1055,0.09837,0.02039,0.27349
HCASE-00373,0.72669,0.12003,0.14957,0.0965,0.15243,0.19168,0.35204,0.25727,0.04976,0.57668,0.07702,0.12477,0.15626,0.57259
HCASE-00374,0.08335,0.73945,0.13578,0.14505,0.10547,0.96289,0.05517,0.22837,0.15166,0.025,0.06493,0.15256,0.04943,0.12913
HCASE-00375,0.03335,0.83123,0.68054,0.06989,0.12316,0.06647,0.25945,0.6596,0.12687,0.06759,0.05972,0.02728,0.13731,0.10949
HCASE-00376,0.14327,0.13178,0.09899,0.14093,0.07804,0.1104,0.07354,0.22718,0.33068,0.04078,0.55209,0.70314,0.11923,0.10999
HCASE-00377,0.06778,0.15006,0.63546,0.05774,0.57724,0.15732,0.07638,0.98607,0.0832,0.14892,0.06444,0.09846,0.30141,0.14643
HCASE-00378,0.05527,0.06234,0.98159,0.48646,0.32201,0.15849,0.0415,0.90073,0.06975,0.0977,0.15667,0.07206,0.06652,0.05895
HCASE-00379,0.1583,0.15374,0.52924,0.06251,0.51759,0.03005,0.08301,0.72883,0.13924,0.0365,0.15066,0.10193,0.25902,0.04074
HCASE-00380,0.10825,0.11678,0.30553,0.52658,0.6423,0.02599,0.03855,0.27674,0.52343,0.03,0.11667,0.02066,0.04096,0.24272
HCASE-00381,0.02442,0.0553,0.13539,0.04244,0.07683,0.02143,0.05906,0.86969,0.72183,0.13332,0.03878,0.7288,0.02017,0.05552
HCASE-00382,0.14362,0.65271,0.07888,0.05978,0.1046,0.98894,0.06441,0.07308,0.08347,0.08843,0.12276,0.14444,0.02172,0.28453
HCASE-00383,0.11845,0.99846,0.37899,0.15673,0.07247,0.16378,0.54215,0.23718,0.107,0.02675,0.12747,0.0265,0.10687,0.11525
HCASE-00384,0.51298,0.64384,0.06967,0.06194,0.10694,0.93198,0.08536,0.03042,0.11748,0.02555,0.04085,0.0206,0.1511,0.77178
HCASE-00385,0.15937,0.14822,0.08139,0.0336,0.11103,0.1481,0.06972,0.96787,0.77036,0.1545,0.15357,0.67427,0.0999,0.02948
HCASE-00386,0.11941,0.38729,0.76359,0.06209,0.58921,0.08986,0.09833,0.86957,0.20186,0.09648,0.15496,0.03199,0.04499,0.12831
HCASE-00387,0.1275,0.98487,0.47567,0.06346,0.04426,0.09988,0.54185,0.2748,0.06324,0.04579,0.11024,0.03003,0.09479,0.1371
HCASE-00388,0.56275,0.56671,0.0544,0.26339,0.35465,0.55627,0.05808,0.04357,0.29517,0.08834,0.11341,0.0808,0.15606,0.716
HCASE-00389,0.34115,0.69114,0.09247,0.19278,0.19168,0.13313,0.63984,0.26653,0.06897,0.28992,0.13844,0.15033,0.04155,0.09897
HCASE-00390,0.51563,0.53642,0.10004,0.34877,0.3004,0.4369,0.0676,0.05376,0.29859,0.10879,0.06676,0.05289,0.07615,0.61865
HCASE-00391,0.1359,0.91089,0.08398,0.10333,0.08815,0.50489,0.54417,0.07927,0.08926,0.0536,0.12533,0.13852,0.09259,0.10111
HCASE-00392,0.12203,0.07674,0.32121,0.08228,0.25156,0.0588,0.10919,0.77794,0.09237,0.12021,0.14456,0.15939,0.59768,0.04339
HCASE-00393,0.80153,0.42031,0.19235,0.22745,0.20194,0.4438,0.14301,0.03675,0.05561,0.48035,0.03739,0.0473,0.15946,0.81848
HCASE-00394,0.71949,0.4933,0.02481,0.10595,0.03553,0.53209,0.08636,0.12916,0.11752,0.27493,0.08182,0.0683,0.08848,0.68167
HCASE-00395,0.85488,0.83962,0.13123,0.2121,0.11554,0.79305,0.13907,0.03076,0.15196,0.06989,0.03478,0.14525,0.09636,0.69558
HCASE-00396,0.09666,0.12351,0.12884,0.05082,0.15382,0.03062,0.03873,0.36092,0.08367,0.10372,0.481,0.46114,0.30521,0.26391
HCASE-00397,0.03761,0.10872,0.90427,0.24365,0.59465,0.1265,0.12426,0.88699,0.0474,0.09411,0.06186,0.15033,0.08501,0.12421
HCASE-00398,0.08323,0.79282,0.4046,0.03945,0.03416,0.05928,0.56281,0.34832,0.12132,0.04983,0.13463,0.10329,0.12553,0.13533
HCASE-00399,0.06313,0.02221,0.42587,0.14761,0.53633,0.14941,0.11352,0.89618,0.12439,0.0212,0.04196,0.14538,0.38691,0.1125
HCASE-00400,0.09271,0.16875,0.37614,0.67903,0.5553,0.21828,0.12333,0.24095,0.60441,0.08545,0.05473,0.03012,0.04423,0.04439
HCASE-00401,0.27705,0.63476,0.08695,0.06956,0.14371,0.84779,0.10938,0.11971,0.06213,0.05985,0.15162,0.05931,0.08109,0.37794
HCASE-00402,0.03923,0.62346,0.9157,0.08218,0.26602,0.1099,0.10323,0.79946,0.13537,0.13086,0.05967,0.09085,0.09244,0.10432
HCASE-00403,0.10153,0.09208,0.09781,0.13257,0.07546,0.13718,0.05368,0.46649,0.45767,0.20159,0.42405,0.83211,0.20399,0.04239
HCASE-00404,0.63186,0.88393,0.05603,0.1226,0.12718,1.0,0.13179,0.08465,0.02214,0.05688,0.15625,0.06599,0.10567,0.52112
HCASE-00405,0.62245,0.16656,0.10475,0.14801,0.07357,0.20673,0.13047,0.38163,0.33257,0.5472,0.05045,0.26229,0.07467,0.6233
HCASE-00406,0.1515,0.17341,0.27478,0.15733,0.34999,0.14565,0.04478,0.76956,0.0736,0.05128,0.09606,0.06496,0.52167,0.04075
HCASE-00407,0.59413,0.8007,0.21521,0.15265,0.11964,0.91704,0.02565,0.06713,0.13501,0.12796,0.06992,0.07906,0.09995,0.46757
HCASE-00408,0.75402,0.59842,0.06488,0.13136,0.08388,0.61638,0.0958,0.0801,0.09121,0.22115,0.11147,0.06165,0.05405,0.70203
HCASE-00409,0.0211,0.71063,0.11004,0.06232,0.05425,0.63339,0.24617,0.1767,0.08877,0.07502,0.08511,0.15345,0.03767,0.09314
HCASE-00410,0.12162,0.05948,0.91769,0.31126,0.48486,0.06213,0.04086,0.80415,0.05277,0.08481,0.13966,0.06496,0.12473,0.11541
HCASE-00411,0.12145,0.14543,0.91732,0.43702,0.2075,0.07772,0.0891,0.74692,0.02619,0.12011,0.10928,0.11635,0.0608,0.07603
HCASE-00412,0.11214,0.15109,0.34529,0.4924,0.69856,0.07405,0.09299,0.36204,0.46715,0.07204,0.0582,0.10467,0.06781,0.24291
HCASE-00413,0.43259,0.76015,0.12345,0.02333,0.14408,0.80444,0.10755,0.11819,0.06578,0.09606,0.14932,0.10908,0.0786,0.72225
HCASE-00414,0.28253,0.31496,0.0214,0.55575,0.52948,0.32571,0.0796,0.14969,0.48812,0.03548,0.10308,0.05492,0.08602,0.44741
HCASE-00415,0.12471,0.33361,0.76636,0.36032,0.06192,0.10478,0.07176,0.69423,0.21377,0.15375,0.07081,0.05401,0.13294,0.06532
HCASE-00416,0.06,0.04486,0.03227,0.03111,0.11639,0.025,0.03629,0.25959,0.28534,0.10628,0.57309,0.73583,0.12791,0.18102
HCASE-00417,0.14096,0.15544,0.38622,0.13947,0.30181,0.1162,0.04452,0.82454,0.06835,0.04693,0.08609,0.03498,0.57606,0.08933
HCASE-00418,0.17658,0.90506,0.73384,0.10195,0.12452,0.16752,0.05555,0.69005,0.14812,0.11294,0.05517,0.02447,0.02024,0.13116
HCASE-00419,0.09877,0.86847,0.38273,0.07459,0.07952,0.2042,0.56764,0.28617,0.04625,0.08733,0.09008,0.02323,0.12739,0.15862
HCASE-00420,0.14058,0.18267,0.0259,0.79663,0.7829,0.13969,0.11385,0.15391,0.74435,0.1276,0.10266,0.11741,0.15638,0.02795
HCASE-00421,0.13891,0.10599,0.13054,0.1399,0.04979,0.10913,0.15164,0.87248,0.65805,0.12518,0.20081,0.79115,0.15844,0.05034
HCASE-00422,0.12125,0.55073,0.82321,0.07681,0.3578,0.03504,0.12632,0.8709,0.15574,0.05044,0.11937,0.11558,0.07909,0.11298
HCASE-00423,0.36806,0.64351,0.05959,0.07574,0.14758,0.21539,0.8078,0.282,0.0397,0.28178,0.12275,0.12693,0.14482,0.1165
HCASE-00424,0.34805,0.02458,0.10186,0.13624,0.06687,0.02837,0.10706,0.63244,0.525,0.27993,0.04026,0.62569,0.08005,0.33612
HCASE-00425,0.76669,0.36678,0.02986,0.06034,0.0902,0.44641,0.04952,0.23252,0.13052,0.32693,0.0385,0.07447,0.14333,0.72167
HCASE-00426,0.48705,0.45997,0.05053,0.1045,0.08709,0.21147,0.63943,0.44555,0.0542,0.41541,0.0505,0.05588,0.08151,0.05383
HCASE-00427,0.0857,0.93226,0.25694,0.03757,0.15834,0.03512,0.74547,0.18502,0.03394,0.09343,0.05929,0.0339,0.0894,0.14788
HCASE-00428,0.13355,0.17269,0.71556,0.39304,0.22167,0.17373,0.02647,0.65632,0.02272,0.12736,0.1483,0.08107,0.03659,0.03496
HCASE-00429,0.14864,0.15531,0.61463,0.11452,0.6362,0.05167,0.11471,0.67024,0.05298,0.10657,0.11681,0.14091,0.09656,0.11359
HCASE-00430,0.1036,0.05997,0.1252,0.06877,0.06886,0.12176,0.11067,0.6967,0.48716,0.05388,0.28985,0.71004,0.07348,0.08033
HCASE-00431,0.17387,0.11002,0.02954,0.13736,0.08021,0.15306,0.02119,0.649,0.17214,0.13785,0.09006,0.32152,0.5874,0.02445
HCASE-00432,0.43534,0.37837,0.21114,0.07414,0.11099,0.0884,0.69726,0.56619,0.14148,0.48046,0.03052,0.14988,0.03465,0.13567
HCASE-00433,0.06005,0.78876,0.46588,0.07698,0.05551,0.0447,0.34902,0.347,0.07562,0.09328,0.02592,0.03628,0.08085,0.20771
HCASE-00434,0.05243,0.50604,0.56634,0.25372,0.10797,0.15219,0.05901,0.62158,0.19324,0.04389,0.02686,0.12769,0.15639,0.06116
HCASE-00435,0.12721,0.2564,0.85316,0.40672,0.03402,0.14014,0.11709,0.82279,0.11942,0.11248,0.10525,0.03456,0.10517,0.03927
HCASE-00436,0.19667,0.62786,0.16526,0.04418,0.10413,0.1173,0.71352,0.3418,0.10339,0.2205,0.15901,0.04841,0.13905,0.0876
HCASE-00437,0.0941,0.04574,0.41317,0.58391,0.50571,0.06182,0.02489,0.38423,0.45913,0.05231,0.02574,0.04983,0.14316,0.09659
HCASE-00438,0.04761,0.13046,0.94074,0.4701,0.23553,0.11708,0.0716,0.83138,0.07335,0.04253,0.0666,0.05142,0.05072,0.12544
HCASE-00439,0.3041,0.54679,0.14588,0.15873,0.12523,0.12591,0.5471,0.18175,0.11067,0.16181,0.06596,0.08898,0.07423,0.10344
HCASE-00440,0.72365,0.11812,0.13383,0.09329,0.04962,0.15731,0.30298,0.31364,0.13475,0.62401,0.14302,0.04144,0.13353,0.57364
HCASE-00441,0.46105,0.67361,0.05328,0.13049,0.11518,0.85759,0.04469,0.14238,0.20848,0.06142,0.04174,0.06267,0.06677,0.53314
HCASE-00442,0.25288,0.1716,0.16633,0.18279,0.06612,0.16419,0.10215,0.44465,0.34361,0.31271,0.06969,0.52084,0.0901,0.32804
HCASE-00443,0.03493,0.10948,0.39079,0.45927,0.60566,0.03024,0.08307,0.39509,0.40209,0.12706,0.07655,0.11367,0.05729,0.0408
HCASE-00444,0.141,0.04016,0.15401,0.09485,0.15545,0.10961,0.10801,0.27704,0.29796,0.02823,0.57651,0.63879,0.13447,0.17806
HCASE-00445,0.02968,0.08666,0.73464,0.23475,0.40682,0.0558,0.03615,0.68206,0.13035,0.051,0.02263,0.15656,0.07572,0.05888
HCASE-00446,0.03349,0.08879,0.13389,0.0897,0.11575,0.15471,0.11456,0.7212,0.08625,0.10898,0.24062,0.16595,0.89353,0.02607
HCASE-00447,0.67641,0.12413,0.13925,0.10852,0.07941,0.22411,0.19284,0.29015,0.09388,0.65584,0.02082,0.09486,0.02094,0.56608
HCASE-00448,0.56732,0.59118,0.02062,0.15234,0.05884,0.50284,0.13326,0.15468,0.09521,0.05032,0.08441,0.0397,0.13331,0.73223
HCASE-00449,0.65046,0.45806,0.14822,0.15234,0.13004,0.50475,0.13102,0.07813,0.05428,0.31514,0.13162,0.07803,0.1506,0.81421
HCASE-00450,0.74784,0.10842,0.1354,0.1881,0.13451,0.09254,0.27188,0.33633,0.10274,0.65616,0.05535,0.11419,0.05262,0.59194
HCASE-00451,0.15872,0.19507,0.19064,0.08413,0.12984,0.1304,0.13088,0.68319,0.14758,0.08437,0.02485,0.09478,0.86846,0.07363
HCASE-00452,0.56326,0.22484,0.09781,0.10069,0.03326,0.15613,0.13645,0.2966,0.28463,0.52275,0.09007,0.37312,0.04523,0.55782
HCASE-00453,0.45128,0.25473,0.08466,0.13317,0.14527,0.02607,0.67881,0.40779,0.04692,0.43049,0.10454,0.08941,0.13051,0.15519
HCASE-00454,0.03754,0.04705,0.7398,0.20683,0.50364,0.09832,0.09016,0.76195,0.15556,0.1428,0.04157,0.11977,0.02894,0.13671
HCASE-00455,0.03579,0.10898,0.08997,0.07427,0.08651,0.15286,0.0679,0.85813,0.48243,0.18882,0.21178,0.61798,0.35141,0.03449
HCASE-00456,0.05977,0.02374,0.49416,0.58333,0.2443,0.11213,0.05757,0.38504,0.28821,0.08641,0.21121,0.17086,0.18944,0.14254
HCASE-00457,0.5755,0.61907,0.12472,0.41684,0.30169,0.60192,0.13559,0.09773,0.26759,0.10461,0.03055,0.07524,0.0965,0.42089
HCASE-00458,0.84515,0.19111,0.08674,0.0872,0.12232,0.18494,0.64598,0.6502,0.03935,0.53852,0.10116,0.05497,0.02021,0.11444
HCASE-00459,0.26919,0.62146,0.02529,0.1057,0.08218,0.76376,0.10537,0.14606,0.1226,0.08111,0.13433,0.08844,0.04477,0.28518
HCASE-00460,0.69058,0.31599,0.14522,0.02427,0.03428,0.29297,0.06709,0.1322,0.07113,0.47442,0.13433,0.06652,0.03892,0.91175
HCASE-00461,0.10822,0.15638,0.56979,0.08641,0.64685,0.09561,0.02727,0.70959,0.09789,0.14269,0.12864,0.12851,0.12621,0.14944
HCASE-00462,0.10175,0.17108,0.08244,0.0612,0.10135,0.16588,0.12124,0.33714,0.26819,0.02084,0.52701,0.64097,0.14994,0.11972
HCASE-00463,0.13211,0.02736,0.29585,0.0774,0.3447,0.11861,0.12897,0.77495,0.07514,0.11539,0.15335,0.07627,0.59745,0.15207
HCASE-00464,0.20474,0.90355,0.11455,0.03576,0.12454,0.3925,0.49678,0.06702,0.02782,0.134,0.13103,0.0937,0.15801,0.15984
HCASE-00465,0.06237,0.09934,0.35115,0.49839,0.52912,0.02573,0.09635,0.27793,0.44584,0.20094,0.11035,0.12467,0.08317,0.04283
HCASE-00466,0.10959,0.1061,0.0869,0.08163,0.10861,0.16561,0.14845,0.69917,0.24688,0.14559,0.09409,0.33478,0.47064,0.05934
HCASE-00467,0.55416,0.06191,0.1185,0.15143,0.14031,0.07422,0.51053,0.55126,0.09581,0.57604,0.13506,0.1032,0.14205,0.27868
HCASE-00468,0.57867,0.54359,0.05044,0.34591,0.23384,0.52362,0.04678,0.04645,0.32347,0.14025,0.10053,0.06889,0.02979,0.69899
HCASE-00469,0.15714,0.11935,0.30614,0.02906,0.22447,0.1101,0.02365,0.75699,0.02356,0.09471,0.05581,0.1551,0.56045,0.14414
HCASE-00470,0.12512,0.8787,0.76805,0.05838,0.10324,0.02616,0.28451,0.62777,0.15865,0.11703,0.07606,0.02566,0.12084,0.07891
HCASE-00471,0.5256,0.27739,0.23404,0.10557,0.07382,0.13935,0.53809,0.68718,0.13361,0.35915,0.15662,0.12304,0.1313,0.11179
HCASE-00472,0.36713,0.37214,0.11012,0.0939,0.04843,0.14379,0.64729,0.42466,0.1151,0.3915,0.20612,0.21155,0.14778,0.07304
HCASE-00473,0.42486,0.76347,0.1231,0.11676,0.10518,0.81953,0.15847,0.10884,0.17032,0.05538,0.10237,0.12454,0.14339,0.46729
HCASE-00474,0.12281,0.62061,0.13795,0.11788,0.0279,0.60637,0.29987,0.07418,0.03472,0.08203,0.09681,0.15131,0.13675,0.21309
HCASE-00475,0.055,0.1399,0.54761,0.10192,0.43786,0.05001,0.13733,0.83954,0.14848,0.02741,0.12203,0.13417,0.34705,0.02847
HCASE-00476,0.10944,0.12541,0.10547,0.20314,0.18071,0.16065,0.0244,0.8126,0.65633,0.09142,0.15776,0.78543,0.06655,0.10396
HCASE-00477,0.10263,0.03647,0.62044,0.13278,0.76737,0.12279,0.15931,0.86879,0.20879,0.08092,0.15825,0.12286,0.09185,0.06508
HCASE-00478,0.21899,0.59007,0.11025,0.02267,0.11629,0.11799,0.61683,0.39897,0.02279,0.23165,0.09091,0.1275,0.09421,0.05795
HCASE-00479,0.14207,0.03628,0.77174,0.39598,0.34158,0.14058,0.10691,0.69374,0.11448,0.08972,0.08451,0.1294,0.10167,0.13491
HCASE-00480,0.05483,0.2925,0.80155,0.42674,0.05339,0.06913,0.14924,0.6138,0.15775,0.02871,0.13127,0.03584,0.04388,0.11959
HCASE-00481,0.02226,0.13172,0.70912,0.29925,0.25722,0.07078,0.10048,0.68951,0.10609,0.15766,0.13864,0.11642,0.03278,0.15959
HCASE-00482,0.25058,0.65799,0.04409,0.15614,0.1306,0.16107,0.81942,0.27938,0.13681,0.20059,0.06955,0.13488,0.03721,0.14028
HCASE-00483,0.1152,0.14432,0.35301,0.70904,0.56633,0.05612,0.02349,0.25287,0.4754,0.07923,0.14791,0.15417,0.08868,0.23201
HCASE-00484,0.51517,0.58631,0.09662,0.1427,0.0676,0.55717,0.14484,0.16064,0.08765,0.06766,0.0218,0.09051,0.14307,0.52184
HCASE-00485,0.12136,0.13693,0.32364,0.10129,0.26104,0.04968,0.0891,0.72534,0.13645,0.19523,0.23345,0.11951,0.67095,0.12806
HCASE-00486,0.03193,0.30536,0.86848,0.45886,0.13956,0.03676,0.02624,0.84181,0.14288,0.11648,0.13653,0.04857,0.15402,0.03164
HCASE-00487,0.09581,0.61123,0.7128,0.19189,0.31094,0.20265,0.12468,0.68361,0.08643,0.14361,0.14548,0.10087,0.05634,0.02937
HCASE-00488,0.54704,0.80781,0.17383,0.23367,0.23181,0.90861,0.07713,0.15871,0.06761,0.15014,0.03644,0.1311,0.02148,0.45821
HCASE-00489,0.53525,0.19313,0.10732,0.13482,0.14663,0.09295,0.05995,0.31952,0.35368,0.39386,0.06216,0.31114,0.13354,0.54306
HCASE-00490,0.83497,0.63633,0.21725,0.1117,0.18518,0.68007,0.1136,0.0661,0.15995,0.32008,0.08498,0.12573,0.10787,0.77855
HCASE-00491,0.08582,0.17062,0.63951,0.40234,0.29888,0.12695,0.15622,0.58755,0.03262,0.06365,0.08787,0.11677,0.07809,0.06829
HCASE-00492,0.15768,0.03686,0.04669,0.12395,0.13203,0.0232,0.03066,0.8139,0.30644,0.20215,0.08757,0.29909,0.66229,0.0584
HCASE-00493,0.65185,0.99223,0.02349,0.03355,0.0378,1.0,0.04987,0.02195,0.07636,0.06983,0.13535,0.12089,0.14142,0.55348
HCASE-00494,0.52884,0.08148,0.10143,0.1162,0.06234,0.13261,0.43282,0.4846,0.04555,0.49189,0.09564,0.04006,0.03529,0.34582
HCASE-00495,0.53467,0.15275,0.09822,0.13042,0.03937,0.07502,0.09178,0.33527,0.29851,0.48072,0.05719,0.3192,0.07117,0.7466
HCASE-00496,0.09447,0.1122,0.28498,0.02367,0.26615,0.09054,0.07023,0.73887,0.03138,0.13452,0.02469,0.14565,0.51196,0.15325
HCASE-00497,0.82556,0.58569,0.21626,0.13625,0.22786,0.59279,0.04437,0.09774,0.07624,0.26441,0.14945,0.06791,0.09019,0.77642
HCASE-00498,0.09165,0.04231,0.06069,0.11401,0.1338,0.15013,0.04229,0.7109,0.66104,0.02067,0.04445,0.6489,0.03033,0.10586
HCASE-00499,0.11024,0.13782,0.51268,0.53207,0.29948,0.10692,0.10655,0.48729,0.19971,0.06793,0.13803,0.05191,0.11926,0.10604
HCASE-00500,0.03029,0.1471,0.71849,0.16246,0.54555,0.06081,0.09955,0.70017,0.15022,0.15707,0.02441,0.15502,0.11251,0.1438
HCASE-00501,0.46995,0.31399,0.04059,0.08201,0.11067,0.08808,0.70782,0.52782,0.039,0.56461,0.21464,0.15441,0.16523,0.0858
HCASE-00502,0.3011,0.33578,0.07297,0.51927,0.59973,0.33407,0.14607,0.09253,0.54688,0.13893,0.02814,0.09422,0.14694,0.27238
HCASE-00503,0.11859,0.20363,0.28143,0.64635,0.52885,0.12327,0.06853,0.26891,0.43634,0.05639,0.02414,0.1224,0.15554,0.06149
HCASE-00504,0.11872,0.06051,0.68226,0.19418,0.43453,0.13085,0.10558,0.54733,0.0445,0.11814,0.10708,0.17285,0.15234,0.0941
HCASE-00505,0.52078,0.49077,0.09909,0.33164,0.35875,0.53216,0.03921,0.04552,0.35331,0.08182,0.13085,0.14815,0.03688,0.6879
HCASE-00506,0.29996,0.53154,0.20435,0.1307,0.11325,0.12782,0.63207,0.22073,0.10516,0.24715,0.09526,0.0761,0.14757,0.1401
HCASE-00507,0.152,1.0,0.18293,0.13947,0.16968,0.13578,0.7758,0.046,0.07968,0.09013,0.08593,0.04978,0.07673,0.08196
HCASE-00508,0.52397,0.5078,0.09213,0.38194,0.29018,0.47702,0.04477,0.15403,0.29859,0.07608,0.10336,0.09663,0.02783,0.61891
HCASE-00509,0.83045,0.66074,0.18787,0.15988,0.19358,0.60273,0.11343,0.02666,0.04671,0.26944,0.15423,0.07062,0.10339,0.84993
HCASE-00510,0.15774,0.0954,0.85724,0.31098,0.58194,0.18467,0.023,0.61793,0.0384,0.08812,0.07011,0.0969,0.0852,0.04359
HCASE-00511,0.2049,0.10044,0.11193,0.09672,0.04631,0.19496,0.04286,0.45649,0.47944,0.08524,0.25563,0.79835,0.11467,0.02935
HCASE-00512,0.48352,0.74621,0.14343,0.08291,0.0744,0.861,0.15314,0.05018,0.14861,0.0937,0.06278,0.13555,0.07702,0.72782
HCASE-00513,0.69645,0.193,0.19256,0.14862,0.09182,0.20994,0.47386,0.55445,0.0838,0.63625,0.07018,0.15292,0.04329,0.40039
HCASE-00514,0.77023,0.61872,0.17697,0.21319,0.19188,0.59963,0.13039,0.15816,0.07629,0.29249,0.05607,0.02839,0.09749,0.70586
HCASE-00515,0.0604,0.58218,0.76265,0.08279,0.23754,0.05789,0.12968,0.66384,0.06464,0.14889,0.07756,0.12995,0.08074,0.15447
HCASE-00516,0.13001,0.91328,0.06351,0.15882,0.04856,0.38199,0.5923,0.07103,0.09746,0.12411,0.06191,0.02749,0.0479,0.14187
HCASE-00517,0.78202,0.18746,0.1006,0.11593,0.2128,0.21323,0.56974,0.38498,0.13414,0.57435,0.12467,0.13532,0.05754,0.38287
HCASE-00518,0.09358,0.21354,0.1195,0.05454,0.03072,0.19212,0.06826,0.29368,0.0786,0.13928,0.62679,0.53309,0.26688,0.08185
HCASE-00519,0.14777,0.13322,0.37694,0.11438,0.42682,0.20088,0.15963,0.74523,0.09112,0.04902,0.07331,0.15708,0.27839,0.04269
HCASE-00520,0.15956,0.09342,0.30074,0.61419,0.79607,0.10738,0.15628,0.37171,0.4864,0.10131,0.1151,0.14048,0.12729,0.23348
HCASE-00521,0.04376,0.06856,0.09336,0.13324,0.10434,0.12468,0.12876,0.23326,0.02996,0.12588,0.7549,0.65815,0.48313,0.07243
HCASE-00522,0.63894,0.17442,0.19253,0.12305,0.22432,0.12763,0.13806,0.34352,0.23575,0.51987,0.09396,0.23585,0.13152,0.65546
HCASE-00523,0.72225,0.70237,0.09459,0.07826,0.05411,0.74531,0.14701,0.09071,0.15964,0.10459,0.10132,0.14856,0.08789,0.64128
HCASE-00524,0.80172,0.38002,0.10641,0.20964,0.21985,0.38288,0.12723,0.10813,0.06898,0.46308,0.12423,0.03034,0.0675,0.73256
HCASE-00525,0.13969,0.86459,0.46978,0.09143,0.06809,0.10353,0.29314,0.51709,0.02184,0.15065,0.07437,0.04143,0.05796,0.17897
HCASE-00526,0.59544,0.13734,0.2246,0.09552,0.08682,0.15142,0.51492,0.51754,0.06792,0.48238,0.11045,0.13297,0.0604,0.28668
HCASE-00527,0.14071,0.14573,0.13753,0.13913,0.07668,0.0276,0.1003,0.40323,0.1401,0.09364,0.50389,0.49337,0.28582,0.03064
HCASE-00528,0.10074,0.03035,0.03458,0.04619,0.02512,0.1209,0.10307,0.76207,0.49401,0.12058,0.09864,0.4229,0.35051,0.06052
HCASE-00529,0.16327,0.81009,0.10911,0.15453,0.2015,0.72141,0.26957,0.11066,0.08935,0.1334,0.05858,0.06948,0.02154,0.07727
HCASE-00530,0.62052,0.06368,0.11135,0.07987,0.04509,0.04974,0.27067,0.25558,0.03872,0.64716,0.19295,0.17931,0.22904,0.57362
HCASE-00531,0.14456,0.83016,0.1248,0.06634,0.15187,0.04179,0.63169,0.13403,0.04054,0.1117,0.10856,0.05285,0.1043,0.10293
HCASE-00532,0.10926,0.15017,0.11276,0.80915,0.74685,0.08147,0.06828,0.09902,0.70505,0.15828,0.0413,0.06369,0.06932,0.26994
HCASE-00533,0.5139,0.72644,0.12614,0.0438,0.08939,0.77391,0.02175,0.19944,0.17046,0.08736,0.12563,0.03866,0.08886,0.55053
HCASE-00534,0.5001,0.8239,0.17897,0.15484,0.11771,0.97236,0.03364,0.03484,0.11539,0.1055,0.12507,0.15052,0.10849,0.54109
HCASE-00535,0.09596,0.5939,0.61376,0.09621,0.31589,0.12569,0.11251,0.56523,0.06822,0.12998,0.04859,0.05724,0.10599,0.04445
HCASE-00536,0.12024,0.08479,0.83148,0.33227,0.29917,0.11311,0.12789,0.62543,0.062,0.06049,0.02144,0.14992,0.15453,0.04577
HCASE-00537,0.19788,0.13963,0.12331,0.04027,0.02906,0.13272,0.06297,0.5055,0.42615,0.23365,0.15972,0.51253,0.07037,0.33638
HCASE-00538,0.26925,0.68279,0.25702,0.06532,0.09536,0.14879,0.84824,0.44804,0.07607,0.26744,0.06979,0.07814,0.14962,0.12555
HCASE-00539,0.08661,0.02437,0.22777,0.41672,0.66015,0.02996,0.03397,0.27293,0.47347,0.14141,0.11829,0.06898,0.1285,0.03587
HCASE-00540,0.0843,0.47062,0.86631,0.04161,0.35984,0.03425,0.0673,0.76852,0.05243,0.02052,0.03939,0.12595,0.05202,0.1557
HCASE-00541,0.7077,0.66679,0.02717,0.25549,0.35615,0.61779,0.04319,0.15737,0.25279,0.02221,0.04443,0.05494,0.05637,0.60317
HCASE-00542,0.53847,0.3425,0.17675,0.08053,0.03833,0.41135,0.14286,0.20005,0.02837,0.2569,0.10814,0.15226,0.1442,0.71736
HCASE-00543,0.68486,0.04737,0.16527,0.08457,0.07988,0.06392,0.19713,0.38236,0.02282,0.64502,0.09244,0.08464,0.13779,0.53767
HCASE-00544,0.14557,0.04296,0.02264,0.06595,0.05463,0.10809,0.10654,0.2936,0.1296,0.12613,0.5099,0.6309,0.38819,0.27636
HCASE-00545,0.07436,0.1045,0.12685,0.05381,0.07581,0.11328,0.03299,0.27551,0.11105,0.17522,0.66382,0.65916,0.37266,0.06884
HCASE-00546,0.12379,0.31145,0.60336,0.13585,0.39167,0.13905,0.04327,0.52759,0.03032,0.11295,0.06514,0.03103,0.03936,0.19084
HCASE-00547,0.33782,0.75064,0.14608,0.18397,0.12069,1.0,0.04684,0.14687,0.05959,0.02331,0.04174,0.08948,0.05703,0.30776
HCASE-00548,0.12613,0.08529,0.07482,0.04834,0.15261,0.0832,0.09977,0.74888,0.67185,0.0463,0.06595,0.58929,0.15878,0.13359
HCASE-00549,0.16741,0.08118,0.18376,0.10286,0.12263,0.11457,0.02537,0.58878,0.18388,0.09429,0.13888,0.26948,0.47779,0.09575
HCASE-00550,0.72245,0.42037,0.05532,0.12073,0.09042,0.37477,0.12199,0.15586,0.10821,0.51058,0.07051,0.07014,0.03697,0.8672
HCASE-00551,0.24669,0.56304,0.05056,0.0898,0.05098,0.11839,0.71103,0.33304,0.08846,0.27869,0.13644,0.1591,0.11277,0.02481
HCASE-00552,0.09859,0.08981,0.18332,0.10544,0.11303,0.15513,0.03292,0.31466,0.27759,0.08985,0.46369,0.68338,0.12895,0.08031
HCASE-00553,0.51363,0.61883,0.10941,0.02087,0.10149,0.70776,0.06276,0.14374,0.11241,0.03639,0.064,0.14742,0.09693,0.48129
HCASE-00554,0.54806,0.59288,0.02543,0.28964,0.33794,0.57094,0.07736,0.03947,0.24094,0.0271,0.02307,0.05411,0.15723,0.43719
HCASE-00555,0.33488,0.22557,0.27864,0.08277,0.06276,0.13255,0.46869,0.52194,0.10593,0.34478,0.06341,0.1053,0.12718,0.03817
HCASE-00556,0.09564,0.0449,0.11927,0.07321,0.10639,0.14637,0.03077,0.68915,0.60683,0.12654,0.02866,0.693,0.12322,0.17685
HCASE-00557,0.11994,0.05632,0.31128,0.06648,0.24922,0.09295,0.10068,0.83785,0.23391,0.03528,0.0714,0.05663,0.62557,0.1592
HCASE-00558,0.03197,0.14224,0.07621,0.15455,0.13112,0.06617,0.13086,0.34735,0.26606,0.18514,0.7281,0.85173,0.11119,0.09947
HCASE-00559,0.71421,0.32809,0.10527,0.06522,0.1443,0.29994,0.02208,0.08907,0.0832,0.42815,0.15384,0.1785,0.14955,0.80442
HCASE-00560,0.27652,0.07254,0.2074,0.12149,0.03399,0.09158,0.04277,0.41475,0.40923,0.2545,0.10465,0.33993,0.11578,0.31842
HCASE-00561,0.40933,0.40133,0.1138,0.27957,0.2572,0.38863,0.0543,0.12077,0.20433,0.20633,0.20211,0.21287,0.10335,0.48558
HCASE-00562,0.14843,0.45532,0.8302,0.20661,0.02626,0.10975,0.12496,0.65498,0.05047,0.10998,0.02741,0.11915,0.15613,0.14324
HCASE-00563,0.13493,0.03641,0.34063,0.05826,0.25818,0.14395,0.07592,0.93826,0.21655,0.03225,0.11159,0.08579,0.54164,0.08191
HCASE-00564,0.52339,0.75252,0.08467,0.11602,0.03018,0.87635,0.11421,0.14149,0.10725,0.12658,0.06892,0.03449,0.13802,0.6754
HCASE-00565,0.0997,0.75606,0.04675,0.10369,0.15156,0.44861,0.49276,0.15042,0.12058,0.10777,0.0575,0.12681,0.05327,0.07543
HCASE-00566,0.27957,0.6848,0.11263,0.18974,0.19505,0.96138,0.07946,0.0789,0.04806,0.1123,0.07207,0.05267,0.08262,0.35283
HCASE-00567,0.07634,0.10282,0.2461,0.11139,0.28006,0.12198,0.0281,0.92669,0.23544,0.06642,0.06955,0.10149,0.7133,0.06978
HCASE-00568,0.15229,0.05463,0.54149,0.11957,0.64492,0.15788,0.15278,0.65435,0.14524,0.11453,0.07326,0.19675,0.11554,0.05533
HCASE-00569,0.20287,0.22257,0.25996,0.71579,0.48125,0.11207,0.12958,0.27701,0.47176,0.1313,0.15095,0.06264,0.12941,0.09259
HCASE-00570,0.17891,0.20768,0.18954,0.08986,0.08417,0.12373,0.04997,0.29757,0.18867,0.10836,0.56464,0.79789,0.14921,0.15155
HCASE-00571,0.61359,0.72856,0.03338,0.14808,0.10363,0.83923,0.14409,0.12721,0.06028,0.05534,0.08159,0.02825,0.15825,0.71153
HCASE-00572,0.11135,0.18954,0.15921,0.17737,0.20742,0.10096,0.09883,0.30646,0.0624,0.13198,0.5961,0.61317,0.36113,0.09585
HCASE-00573,0.09118,0.1251,0.5375,0.17684,0.4953,0.13169,0.11806,0.76496,0.14129,0.06256,0.13989,0.09772,0.27342,0.11384
HCASE-00574,0.08288,0.06917,0.09572,0.10003,0.1419,0.08263,0.1366,0.25732,0.25689,0.08802,0.56545,0.69548,0.05588,0.15404
HCASE-00575,0.12279,0.85311,0.46842,0.0845,0.15833,0.10359,0.30336,0.33383,0.05772,0.21578,0.14106,0.20809,0.18861,0.12074
HCASE-00576,0.12333,0.90698,0.35743,0.15528,0.10677,0.08397,0.528,0.19267,0.02571,0.06641,0.10954,0.05169,0.10517,0.02238
HCASE-00577,0.57545,0.28222,0.35838,0.05935,0.04312,0.13764,0.46807,0.81382,0.12801,0.53826,0.04067,0.05617,0.08244,0.05848
HCASE-00578,0.14965,0.10587,0.07598,0.12024,0.09626,0.10353,0.09501,0.31679,0.28082,0.16759,0.62338,0.93429,0.14994,0.02706
HCASE-00579,0.06708,0.10676,0.95301,0.20496,0.4363,0.07611,0.14176,0.83227,0.06027,0.15423,0.09217,0.09471,0.12923,0.05031
HCASE-00580,0.76143,0.35864,0.08169,0.06881,0.10029,0.26789,0.15298,0.1211,0.03233,0.42954,0.07705,0.15523,0.10079,0.78006
HCASE-00581,0.1781,0.86453,0.34769,0.19703,0.14571,0.20268,0.60854,0.26369,0.15519,0.05011,0.11943,0.1559,0.15584,0.08648
HCASE-00582,0.10957,0.08953,0.17643,0.05528,0.15913,0.0933,0.07242,0.67348,0.23509,0.08063,0.11213,0.22664,0.51174,0.074
HCASE-00583,0.09059,0.08444,0.15004,0.06898,0.11325,0.14935,0.04981,0.68328,0.65691,0.06742,0.31172,0.82254,0.05258,0.05438
HCASE-00584,0.94163,0.20861,0.15018,0.22053,0.18271,0.20205,0.32203,0.31101,0.05872,0.69547,0.15725,0.07143,0.15753,0.56743
HCASE-00585,0.18686,0.77924,0.09016,0.1889,0.16283,0.79557,0.32394,0.15006,0.08348,0.11034,0.11612,0.09391,0.06539,0.06018
HCASE-00586,0.15444,0.19152,0.13246,0.07988,0.17159,0.18013,0.11847,0.7223,0.13714,0.08188,0.11496,0.07223,0.72711,0.04116
HCASE-00587,0.33477,0.03885,0.09386,0.14721,0.05835,0.10049,0.08207,0.73397,0.57241,0.24189,0.1567,0.56727,0.08003,0.28506
HCASE-00588,0.07101,0.80512,0.31966,0.05733,0.14656,0.11288,0.54622,0.2889,0.13831,0.19508,0.13245,0.12434,0.15604,0.10805
HCASE-00589,0.64459,0.66532,0.05817,0.39407,0.32555,0.65995,0.13681,0.04644,0.31892,0.1286,0.04489,0.02783,0.05691,0.52502
HCASE-00590,0.04167,0.84384,0.13504,0.11348,0.02813,0.45313,0.47884,0.1252,0.09732,0.10165,0.13685,0.0423,0.15874,0.14565
HCASE-00591,0.08402,0.08607,0.04621,0.06113,0.12624,0.14634,0.11279,0.31206,0.02319,0.12689,0.73656,0.72972,0.40369,0.04093
HCASE-00592,0.04679,0.92041,0.0478,0.10007,0.15169,0.13003,0.65203,0.13733,0.11505,0.13984,0.11209,0.15905,0.1313,0.08894
HCASE-00593,0.07636,0.89914,0.19702,0.04845,0.11122,0.15287,0.55876,0.24598,0.14104,0.12794,0.11356,0.0686,0.15115,0.13774
HCASE-00594,0.08763,0.13269,0.14431,0.02428,0.10246,0.05848,0.03709,0.8139,0.25778,0.12067,0.13937,0.45131,0.79058,0.03859
HCASE-00595,0.76231,0.6201,0.12753,0.1517,0.06929,0.61214,0.04202,0.14039,0.15989,0.34243,0.10936,0.03703,0.12089,0.77028
HCASE-00596,0.59317,0.61263,0.04224,0.11971,0.11307,0.67117,0.02065,0.10625,0.02934,0.06954,0.07825,0.02198,0.11976,0.78417
HCASE-00597,0.20426,0.89392,0.16206,0.11706,0.21529,0.15477,0.79586,0.03415,0.07348,0.13925,0.1517,0.05614,0.09619,0.0528
HCASE-00598,0.59398,0.61918,0.11087,0.12195,0.07118,0.76744,0.04081,0.15241,0.02401,0.03632,0.15552,0.06944,0.02688,0.43107
HCASE-00599,0.88081,0.14997,0.10434,0.15515,0.08619,0.13451,0.48753,0.52338,0.05864,0.69952,0.03546,0.10154,0.11306,0.36425
HCASE-00600,0.14452,0.58346,0.68143,0.03486,0.29038,0.11799,0.10882,0.7013,0.14494,0.04966,0.12132,0.05174,0.05279,0.16675
HCASE-00601,0.13588,0.16369,0.1975,0.09843,0.10793,0.10184,0.07691,0.76082,0.4756,0.08617,0.0237,0.48678,0.34381,0.09718
HCASE-00602,0.08236,0.30995,0.82776,0.29963,0.05611,0.10757,0.05788,0.55118,0.13249,0.10794,0.07287,0.02171,0.09375,0.07037
HCASE-00603,0.92749,0.43809,0.16438,0.16085,0.24233,0.46471,0.06408,0.15816,0.12367,0.42855,0.06176,0.09554,0.15403,0.88364
HCASE-00604,0.12568,0.12728,0.80273,0.25749,0.52812,0.03354,0.13135,0.75668,0.12505,0.05452,0.07003,0.12755,0.03371,0.2726
HCASE-00605,0.0921,0.64499,0.02595,0.02768,0.11479,0.417,0.4778,0.11867,0.04736,0.10018,0.03103,0.06957,0.02239,0.22073
HCASE-00606,0.43785,0.81612,0.10987,0.18294,0.12516,0.84943,0.1535,0.1055,0.06732,0.08189,0.077,0.08646,0.05122,0.20549
HCASE-00607,0.55291,0.55021,0.13311,0.36328,0.32566,0.59333,0.11712,0.07415,0.29135,0.03073,0.06067,0.05459,0.13554,0.65133
HCASE-00608,0.33068,0.08037,0.13943,0.14221,0.15541,0.05029,0.08369,0.52537,0.40003,0.16862,0.05885,0.57988,0.12241,0.34796
HCASE-00609,0.5191,0.35449,0.281,0.14312,0.17655,0.1385,0.45356,0.55339,0.03727,0.36501,0.0431,0.07173,0.10897,0.10024
HCASE-00610,0.09107,0.2746,0.87213,0.44306,0.10102,0.05249,0.04087,0.75104,0.14835,0.03595,0.08705,0.09269,0.04473,0.1513
HCASE-00611,0.06927,0.39773,0.92472,0.37197,0.05416,0.15927,0.12262,0.77404,0.05019,0.04986,0.12383,0.12126,0.13794,0.14814
HCASE-00612,0.12269,0.79953,0.474,0.03302,0.07702,0.10147,0.25729,0.45434,0.15439,0.11679,0.14967,0.0347,0.09396,0.10009
HCASE-00613,0.52456,0.76854,0.13312,0.10636,0.22684,0.89209,0.15174,0.11672,0.11103,0.06842,0.03358,0.05533,0.07235,0.57838
HCASE-00614,0.06837,0.07315,0.14295,0.14257,0.09897,0.06227,0.10022,0.83467,0.25994,0.20216,0.14976,0.41091,0.68547,0.02494
HCASE-00615,0.5499,0.51557,0.22988,0.34753,0.34364,0.56724,0.14686,0.14842,0.3249,0.07239,0.11796,0.06767,0.13641,0.53805
HCASE-00616,0.09211,0.11437,0.23144,0.07939,0.22682,0.1076,0.15433,0.86932,0.09983,0.1183,0.15245,0.10687,0.57624,0.05368
HCASE-00617,0.7991,0.15323,0.16912,0.21726,0.14664,0.1363,0.24206,0.2596,0.0828,0.57022,0.03169,0.02809,0.07527,0.58851
HCASE-00618,0.22918,0.52039,0.09165,0.15457,0.089,0.12366,0.67306,0.29612,0.19155,0.15666,0.08274,0.11495,0.14269,0.1062
HCASE-00619,0.72043,0.45498,0.14564,0.11439,0.02539,0.51886,0.10257,0.14586,0.15614,0.24429,0.1347,0.11168,0.14662,0.93862
HCASE-00620,0.05423,0.12856,0.07529,0.02307,0.0512,0.05023,0.08198,0.32058,0.15766,0.21493,0.67678,0.55001,0.39016,0.09458
HCASE-00621,0.23258,0.32866,0.06385,0.48659,0.59455,0.23059,0.02387,0.13043,0.53867,0.07255,0.14233,0.11307,0.11473,0.36615
HCASE-00622,0.0526,0.04981,0.76665,0.30603,0.16907,0.15618,0.05411,0.56734,0.04138,0.12629,0.14051,0.07525,0.0623,0.21094
HCASE-00623,0.60274,0.72924,0.13977,0.16519,0.15839,0.66649,0.09761,0.04806,0.02674,0.08683,0.12071,0.05747,0.12708,0.64851
HCASE-00624,0.13074,0.12423,0.1573,0.10448,0.13998,0.12453,0.15885,0.50899,0.42336,0.10175,0.39968,0.76214,0.06368,0.05633
HCASE-00625,0.12394,0.10905,0.1067,0.0306,0.03393,0.14,0.09704,0.79998,0.57986,0.12368,0.04402,0.48115,0.32355,0.14509
HCASE-00626,0.70539,0.1945,0.09914,0.02103,0.14266,0.17587,0.66043,0.53997,0.0591,0.49767,0.15478,0.1216,0.11567,0.08778
HCASE-00627,0.1859,0.93452,0.37472,0.10807,0.10007,0.13952,0.54682,0.24297,0.12815,0.02017,0.12353,0.10275,0.02641,0.02865
HCASE-00628,0.46339,0.40192,0.2239,0.15203,0.14683,0.11325,0.66521,0.48467,0.08872,0.43244,0.09144,0.08124,0.14094,0.03743
HCASE-00629,0.12475,0.68369,0.17753,0.11046,0.11554,1.0,0.08729,0.03627,0.0842,0.08261,0.12018,0.06151,0.07972,0.14558
HCASE-00630,0.85306,0.59576,0.05428,0.04445,0.09497,0.54597,0.06776,0.13145,0.08449,0.34947,0.15111,0.02936,0.1278,0.86191
HCASE-00631,0.74885,0.82565,0.20952,0.19383,0.08668,0.62087,0.1538,0.13981,0.13223,0.10914,0.13734,0.10097,0.0208,0.59699
HCASE-00632,0.03124,0.83525,0.12438,0.09864,0.13458,0.07122,0.69037,0.09852,0.10229,0.12048,0.07331,0.05482,0.12873,0.19429
HCASE-00633,0.43373,0.33345,0.43016,0.09595,0.14416,0.14606,0.44859,0.67973,0.11304,0.37386,0.05298,0.03451,0.10111,0.03559
HCASE-00634,0.11144,0.26616,0.71812,0.13594,0.36179,0.07919,0.06124,0.6098,0.12395,0.04754,0.09042,0.04445,0.04691,0.12777
HCASE-00635,0.58468,0.56375,0.12631,0.03146,0.1211,0.53828,0.14691,0.19715,0.16739,0.25035,0.08485,0.09057,0.04734,0.72129
HCASE-00636,0.07088,0.15041,0.68928,0.22292,0.45096,0.05733,0.02337,0.71472,0.14532,0.07368,0.02914,0.08071,0.15,0.05768
HCASE-00637,0.09315,0.07737,0.39386,0.03845,0.33425,0.1035,0.07073,0.71146,0.04381,0.14558,0.15594,0.03234,0.31213,0.12037
HCASE-00638,0.06973,0.51651,0.67517,0.02768,0.33492,0.06176,0.15341,0.69562,0.17572,0.14744,0.03561,0.05837,0.10135,0.0665
HCASE-00639,0.17275,0.98154,0.36968,0.15648,0.15414,0.18212,0.59299,0.28235,0.07388,0.12863,0.04782,0.13567,0.03477,0.12763
HCASE-00640,0.7233,0.67488,0.1206,0.32897,0.31822,0.70605,0.02975,0.04178,0.35774,0.11062,0.10685,0.12922,0.02973,0.56688
HCASE-00641,0.05318,0.05075,0.03189,0.05624,0.13319,0.11938,0.12453,0.709,0.55914,0.1344,0.1441,0.5004,0.31257,0.02146
HCASE-00642,0.64362,0.06439,0.21608,0.07079,0.02522,0.12342,0.44773,0.58955,0.06067,0.63423,0.08861,0.15428,0.15408,0.39262
HCASE-00643,0.17559,0.23954,0.42874,0.80327,0.64602,0.23789,0.15795,0.28083,0.59548,0.08675,0.05587,0.03978,0.0294,0.13739
HCASE-00644,0.47027,0.76561,0.11871,0.13428,0.12185,1.0,0.13496,0.06498,0.12503,0.12715,0.02295,0.05073,0.06051,0.33809
HCASE-00645,0.10958,0.84231,0.63681,0.15955,0.09627,0.08885,0.26243,0.5442,0.15818,0.04487,0.12067,0.09878,0.14516,0.14867
HCASE-00646,0.58143,0.90399,0.0529,0.02597,0.06391,0.99791,0.13722,0.14618,0.05892,0.07357,0.08074,0.06397,0.14771,0.57713
HCASE-00647,0.12253,0.02018,0.30479,0.07025,0.25319,0.05802,0.07538,0.70758,0.08598,0.1126,0.03242,0.13361,0.59925,0.2405
HCASE-00648,0.83597,0.65319,0.02711,0.10721,0.06847,0.71122,0.0281,0.11135,0.12202,0.2758,0.1545,0.04629,0.06199,0.96375
HCASE-00649,0.10731,0.56966,0.69315,0.08681,0.20935,0.04792,0.08929,0.63153,0.11994,0.10485,0.16109,0.23677,0.18886,0.05114
HCASE-00650,0.13923,0.15292,0.12203,0.07284,0.07099,0.10388,0.08604,0.28774,0.10244,0.16943,0.75607,0.76678,0.43831,0.14575
HCASE-00651,0.74228,0.40506,0.041,0.06457,0.13984,0.54349,0.02966,0.19312,0.16154,0.21822,0.06532,0.14816,0.04643,0.72921
HCASE-00652,0.1041,0.10505,0.21328,0.45359,0.75732,0.02705,0.11614,0.38079,0.5467,0.10279,0.07741,0.09621,0.09561,0.07263
HCASE-00653,0.16687,0.14334,0.35729,0.74326,0.4787,0.20069,0.09532,0.27124,0.51005,0.06342,0.14322,0.03085,0.09704,0.14667
HCASE-00654,0.3811,0.66479,0.19772,0.13951,0.16731,0.94828,0.03525,0.04412,0.05658,0.05887,0.10603,0.11941,0.02439,0.19416
HCASE-00655,0.0425,0.02701,0.07931,0.11724,0.06383,0.09872,0.15585,0.32312,0.09559,0.1818,0.69469,0.59859,0.38531,0.11695
HCASE-00656,0.17646,0.57381,0.09452,0.154,0.10015,0.81936,0.08182,0.07139,0.02728,0.12782,0.16476,0.11899,0.14501,0.25612
HCASE-00657,0.15566,0.3203,0.79896,0.39575,0.09359,0.11583,0.08723,0.7563,0.13985,0.02278,0.13682,0.12251,0.06125,0.10422
HCASE-00658,0.52643,0.75388,0.03251,0.14329,0.15149,0.90218,0.1036,0.21776,0.16157,0.02324,0.15462,0.10544,0.0323,0.54196
HCASE-00659,0.38239,0.10658,0.15268,0.02266,0.04136,0.04787,0.0998,0.30562,0.25923,0.46806,0.04547,0.18238,0.06403,0.57138
HCASE-00660,0.10889,0.19532,0.17362,0.16754,0.12934,0.15442,0.1504,0.63106,0.46629,0.06409,0.13211,0.41141,0.29147,0.10166
HCASE-00661,0.50155,0.7816,0.13423,0.12707,0.13233,0.75632,0.15331,0.03053,0.03875,0.10293,0.02318,0.09267,0.08969,0.70391
HCASE-00662,0.70689,0.0597,0.23361,0.09194,0.0206,0.14223,0.57865,0.61168,0.14696,0.65636,0.15829,0.1539,0.07079,0.33684
HCASE-00663,0.15528,0.09951,0.02249,0.11733,0.03658,0.11794,0.05075,0.48325,0.47672,0.11149,0.2974,0.65548,0.04214,0.03937
HCASE-00664,0.04096,0.55632,0.68661,0.10962,0.31987,0.06204,0.1309,0.8078,0.14584,0.05749,0.03986,0.04011,0.0948,0.25696
HCASE-00665,0.04515,0.03849,0.52224,0.07143,0.56067,0.06683,0.14798,0.80738,0.2242,0.15534,0.02247,0.13161,0.35306,0.15645
HCASE-00666,0.68334,0.64656,0.15209,0.37336,0.35218,0.73082,0.14534,0.08112,0.28177,0.02345,0.04858,0.06728,0.0953,0.61599
HCASE-00667,0.70603,0.46883,0.09697,0.03799,0.14644,0.51454,0.1576,0.12723,0.04728,0.30198,0.11706,0.1129,0.03183,0.91645
HCASE-00668,0.75787,0.36576,0.16073,0.13472,0.09524,0.32672,0.05616,0.06203,0.12647,0.44791,0.11571,0.10046,0.15703,0.80154
HCASE-00669,0.70749,0.24425,0.09644,0.12373,0.11849,0.20607,0.11029,0.06064,0.1586,0.36712,0.09897,0.13909,0.13284,0.89289
HCASE-00670,0.04052,0.15531,0.48896,0.10262,0.41328,0.13868,0.0287,0.66581,0.09883,0.18319,0.22569,0.19379,0.39409,0.02499
HCASE-00671,0.19703,0.0864,0.17153,0.09344,0.08258,0.09615,0.14982,0.73599,0.25748,0.03148,0.03836,0.28839,0.49923,0.12459
HCASE-00672,0.1459,0.15824,0.12834,0.02669,0.13246,0.09884,0.10964,0.86575,0.30956,0.20389,0.18537,0.37643,0.63679,0.07642
HCASE-00673,0.06564,0.60231,0.76153,0.29747,0.0337,0.14642,0.08977,0.718,0.07422,0.0556,0.14841,0.02209,0.12564,0.04731
HCASE-00674,0.20458,0.14307,0.13603,0.19358,0.13764,0.19532,0.10491,0.68266,0.48261,0.08482,0.06287,0.45623,0.41387,0.03289
HCASE-00675,0.20272,0.36285,0.83169,0.46271,0.15904,0.0875,0.11707,0.65319,0.06773,0.14947,0.03176,0.04434,0.12229,0.14132
HCASE-00676,0.26068,0.15527,0.02317,0.09919,0.06208,0.07769,0.0709,0.48207,0.42239,0.161,0.08108,0.35138,0.10815,0.27855
HCASE-00677,0.09629,0.54664,0.61939,0.26759,0.03178,0.15274,0.03548,0.58896,0.08086,0.06338,0.11683,0.0909,0.07494,0.15302
HCASE-00678,0.33793,0.3026,0.0569,0.49665,0.54992,0.32224,0.10679,0.0977,0.55446,0.0627,0.12385,0.12855,0.03089,0.31065
HCASE-00679,0.1197,0.07781,0.0651,0.14099,0.15305,0.14927,0.08521,0.64307,0.54512,0.11078,0.14625,0.7835,0.0991,0.1515
HCASE-00680,0.08932,0.63666,0.1428,0.10939,0.09771,0.67823,0.2483,0.08729,0.14891,0.03742,0.13598,0.14001,0.04935,0.13733
HCASE-00681,0.18861,0.18695,0.10778,0.13547,0.14937,0.12525,0.14143,0.47549,0.36281,0.12764,0.28374,0.71059,0.1152,0.13763
HCASE-00682,0.76263,0.70299,0.05134,0.03779,0.10736,0.7101,0.04831,0.06622,0.12779,0.07736,0.07399,0.07599,0.1555,0.62094
HCASE-00683,0.13356,0.05097,0.39445,0.71933,0.56394,0.14973,0.11525,0.34695,0.51703,0.12953,0.18192,0.14207,0.15631,0.02259
HCASE-00684,0.33104,0.33209,0.11961,0.51251,0.54077,0.29158,0.07238,0.15362,0.4049,0.04823,0.03653,0.04876,0.03888,0.37479
HCASE-00685,0.03686,0.73478,0.24521,0.08273,0.04903,0.10152,0.48704,0.23369,0.10481,0.18938,0.0842,0.12589,0.14939,0.04465
HCASE-00686,0.11072,0.10249,0.43217,0.6485,0.46481,0.04646,0.07205,0.28543,0.50897,0.09816,0.1253,0.1071,0.05048,0.26892
HCASE-00687,0.12466,0.86682,0.14081,0.12094,0.21814,0.71659,0.2533,0.11657,0.04598,0.15758,0.12925,0.03216,0.06259,0.07561
HCASE-00688,0.09137,0.76356,0.46627,0.10558,0.02267,0.11149,0.27701,0.39669,0.16099,0.03695,0.07032,0.1498,0.14233,0.03926
HCASE-00689,0.34654,0.06411,0.14578,0.11896,0.02243,0.03906,0.03889,0.47295,0.47673,0.2667,0.18267,0.47979,0.14278,0.25271
HCASE-00690,0.22994,0.97087,0.15161,0.20775,0.22037,0.10607,0.73849,0.14534,0.03957,0.07572,0.15782,0.13517,0.12972,0.12505
HCASE-00691,0.20102,0.70511,0.13532,0.21231,0.14473,0.72491,0.37029,0.12609,0.12583,0.05129,0.12821,0.12153,0.11339,0.04789
HCASE-00692,0.29367,0.69278,0.05754,0.09072,0.07532,0.10123,0.69659,0.29851,0.12645,0.25586,0.06359,0.02147,0.03866,0.05264
HCASE-00693,0.11891,0.88138,0.76192,0.11541,0.03824,0.16624,0.12108,0.58669,0.12045,0.09097,0.08159,0.05195,0.03404,0.13715
HCASE-00694,0.90375,0.37708,0.12995,0.21371,0.14637,0.43562,0.06823,0.15323,0.06418,0.48953,0.07284,0.14344,0.13399,0.88128
HCASE-00695,0.08794,0.06293,0.61306,0.14775,0.53953,0.08333,0.07181,0.74471,0.08928,0.14143,0.05013,0.11956,0.39728,0.05396
HCASE-00696,0.71131,0.52318,0.02095,0.02025,0.07854,0.48755,0.14008,0.2111,0.22099,0.37491,0.14832,0.13081,0.15992,0.83714
HCASE-00697,0.14553,0.09936,0.24585,0.05844,0.28529,0.19419,0.14004,0.67971,0.1182,0.02925,0.13211,0.13399,0.45063,0.10922
HCASE-00698,0.68302,0.87176,0.19713,0.17537,0.1606,0.93494,0.05967,0.14751,0.06172,0.1049,0.09607,0.03838,0.14636,0.49627
HCASE-00699,0.11152,0.74709,0.03507,0.05956,0.04313,0.36749,0.49773,0.04162,0.05423,0.05543,0.14325,0.10063,0.05801,0.21909
HCASE-00700,0.03883,0.0325,0.58181,0.20898,0.35197,0.13363,0.07596,0.61281,0.15397,0.19,0.07446,0.14365,0.19898,0.1574
HCASE-00701,0.15327,0.7963,0.43657,0.15535,0.03758,0.14859,0.23419,0.38688,0.02906,0.05487,0.08688,0.04692,0.0897,0.11897
HCASE-00702,0.19724,0.21019,0.09334,0.83045,0.80912,0.13798,0.14014,0.06665,0.76982,0.14059,0.0603,0.14319,0.06652,0.1105
HCASE-00703,0.58538,0.49679,0.15009,0.44876,0.41237,0.5009,0.07814,0.03956,0.2893,0.11783,0.07956,0.13247,0.02996,0.38582
HCASE-00704,0.15674,0.15879,0.4332,0.7688,0.52849,0.19097,0.08683,0.31993,0.53862,0.0553,0.11408,0.03673,0.04918,0.02587
HCASE-00705,0.12575,0.14353,0.21749,0.53027,0.822,0.14901,0.08482,0.29067,0.55741,0.11534,0.13742,0.15646,0.02963,0.24492
HCASE-00706,0.09771,0.54891,0.57045,0.14212,0.24091,0.06217,0.13825,0.57731,0.09658,0.14957,0.15798,0.06089,0.12045,0.02113
HCASE-00707,0.79026,0.67581,0.0329,0.06743,0.15194,0.61802,0.05603,0.11306,0.1566,0.30647,0.05869,0.07048,0.08444,0.85425
HCASE-00708,0.71129,0.51345,0.13534,0.08386,0.1145,0.4586,0.07931,0.25064,0.16612,0.27998,0.12709,0.10537,0.03226,0.79344
HCASE-00709,0.49938,0.11126,0.13238,0.08472,0.03056,0.21516,0.03144,0.31885,0.3688,0.44719,0.04158,0.33301,0.15127,0.66951
HCASE-00710,0.05758,0.07641,0.1599,0.10393,0.04011,0.0859,0.08192,0.6969,0.27275,0.11241,0.10051,0.36098,0.5492,0.22842
HCASE-00711,0.5685,0.71171,0.1561,0.04767,0.05016,0.83521,0.14419,0.20413,0.23499,0.07352,0.14896,0.10516,0.13761,0.50472
HCASE-00712,0.32624,0.20095,0.12908,0.46036,0.44875,0.23617,0.04548,0.08914,0.42252,0.045,0.14641,0.04339,0.08944,0.24892
HCASE-00713,0.38057,0.3159,0.32718,0.03856,0.04261,0.07442,0.35865,0.42834,0.02697,0.38858,0.03098,0.02679,0.0408,0.0966
HCASE-00714,0.33155,0.62831,0.19474,0.16587,0.16558,0.77966,0.0263,0.04515,0.04204,0.09121,0.12837,0.11615,0.11038,0.18543
HCASE-00715,0.15805,0.80242,0.08977,0.0698,0.05561,0.34889,0.48654,0.14461,0.18563,0.08083,0.06094,0.15922,0.11369,0.07053
HCASE-00716,0.53764,0.67628,0.03036,0.0661,0.15475,0.86019,0.12166,0.21312,0.20981,0.11906,0.13167,0.06692,0.12659,0.5754
HCASE-00717,0.04616,0.09604,0.22086,0.04859,0.2344,0.0976,0.05155,0.80781,0.20071,0.14225,0.14004,0.05233,0.6489,0.04864
HCASE-00718,0.32887,0.25981,0.05094,0.63167,0.47801,0.29903,0.06163,0.11512,0.52282,0.10523,0.15127,0.11205,0.02272,0.41198
HCASE-00719,0.74289,0.54323,0.04406,0.08149,0.08982,0.65912,0.15163,0.10406,0.15535,0.32292,0.08095,0.06562,0.11526,0.69192
HCASE-00720,0.80691,0.13728,0.13329,0.11772,0.10859,0.08518,0.04422,0.08693,0.02464,0.63665,0.05864,0.10016,0.06263,0.79839
HCASE-00721,0.09396,0.09615,0.03043,0.05318,0.03894,0.04523,0.02408,0.68571,0.44169,0.2106,0.17953,0.52012,0.42938,0.08462
HCASE-00722,0.0488,0.11456,0.84497,0.59445,0.04068,0.13154,0.03423,0.69026,0.06874,0.08429,0.07387,0.05344,0.06052,0.22385
HCASE-00723,0.57109,0.05979,0.13479,0.15797,0.0264,0.0402,0.25309,0.30774,0.12215,0.64153,0.15803,0.09738,0.17015,0.44831
HCASE-00724,0.19577,0.67749,0.12149,0.12767,0.05907,0.10353,0.67104,0.33997,0.10247,0.26568,0.0809,0.11309,0.11316,0.04367
HCASE-00725,0.0723,0.49551,0.57677,0.16115,0.04291,0.11624,0.10236,0.52044,0.0936,0.15461,0.03858,0.09765,0.06845,0.10253
HCASE-00726,0.05469,0.83903,0.30642,0.04094,0.04332,0.04699,0.46835,0.209,0.1102,0.19635,0.10108,0.17761,0.19006,0.09951
HCASE-00727,0.60702,0.1887,0.14811,0.10099,0.06186,0.10462,0.09639,0.23749,0.23154,0.49991,0.13045,0.26734,0.13128,0.66495
HCASE-00728,0.15515,0.11223,0.73602,0.65417,0.32484,0.098,0.10846,0.52809,0.27713,0.02708,0.05591,0.05676,0.15929,0.06334
HCASE-00729,0.70698,0.54341,0.119,0.09659,0.07014,0.5281,0.03785,0.12184,0.02233,0.2631,0.04438,0.10579,0.06969,0.685
HCASE-00730,0.50614,0.82646,0.18053,0.16509,0.1673,0.94315,0.05607,0.11573,0.04937,0.10216,0.11421,0.0321,0.14959,0.5648
HCASE-00731,0.33911,0.09221,0.05358,0.02099,0.03263,0.07759,0.15049,0.5298,0.47087,0.31313,0.22649,0.49917,0.19459,0.38105
HCASE-00732,0.61104,0.40226,0.41734,0.22433,0.19855,0.13915,0.55862,0.60018,0.15304,0.45752,0.05104,0.12369,0.06112,0.07075
HCASE-00733,0.07609,0.10164,0.69832,0.05778,0.66218,0.0434,0.15541,0.76315,0.14068,0.11781,0.05005,0.09037,0.10643,0.02153
HCASE-00734,0.19983,0.92272,0.14104,0.22985,0.13838,0.79512,0.32385,0.09551,0.06919,0.15103,0.03522,0.06605,0.12519,0.027
HCASE-00735,0.0921,0.79132,0.21082,0.1129,0.03727,0.02342,0.56693,0.25023,0.15656,0.09479,0.06661,0.08623,0.05399,0.17839
HCASE-00736,0.08171,0.10089,0.55315,0.61868,0.3117,0.18785,0.08887,0.46634,0.19615,0.06461,0.02421,0.11218,0.03694,0.121
HCASE-00737,0.07394,0.16449,0.15812,0.15582,0.12523,0.07469,0.13649,0.25615,0.05041,0.12119,0.43558,0.59931,0.31141,0.13377
HCASE-00738,0.16888,0.88206,0.202,0.19751,0.18102,0.86439,0.35643,0.03544,0.09147,0.06239,0.08405,0.15732,0.09525,0.1456
HCASE-00739,0.05267,0.33655,0.73026,0.37342,0.08239,0.12309,0.04605,0.5976,0.04516,0.20644,0.14889,0.12657,0.1355,0.12546
HCASE-00740,0.36524,0.75539,0.08131,0.12625,0.21248,0.92607,0.08553,0.08335,0.06586,0.07529,0.12469,0.05962,0.05987,0.19676
HCASE-00741,0.14424,0.10021,0.11228,0.06316,0.10703,0.02451,0.12376,0.39908,0.08505,0.11259,0.71556,0.7019,0.43746,0.03628
HCASE-00742,0.60898,0.58407,0.11649,0.3825,0.33683,0.59914,0.08867,0.0598,0.23354,0.12351,0.06165,0.11381,0.11555,0.51108
HCASE-00743,0.50976,0.82506,0.15374,0.14485,0.20183,0.84193,0.15533,0.04248,0.04006,0.07646,0.02848,0.1292,0.10904,0.51248
HCASE-00744,0.65766,0.70846,0.12111,0.29837,0.28328,0.74084,0.10923,0.0384,0.40488,0.13623,0.10502,0.06142,0.06502,0.52361
HCASE-00745,0.36356,0.67412,0.15848,0.18544,0.16849,0.86593,0.05579,0.12982,0.0968,0.03526,0.14279,0.1154,0.03949,0.29817
HCASE-00746,0.11353,0.10643,0.15438,0.12109,0.02558,0.14034,0.11534,0.72599,0.35723,0.14462,0.11237,0.3667,0.70561,0.12162
HCASE-00747,0.19546,0.87902,0.43146,0.13066,0.07517,0.08203,0.24882,0.41382,0.09452,0.12637,0.06396,0.02659,0.07094,0.06642
HCASE-00748,0.17547,0.17546,0.36489,0.07896,0.4206,0.07618,0.05262,0.60777,0.10163,0.14546,0.14754,0.03807,0.27209,0.03838
HCASE-00749,0.15667,0.11339,0.31022,0.07217,0.19207,0.04348,0.1365,0.73335,0.09843,0.15857,0.0918,0.03562,0.49364,0.13291
HCASE-00750,0.10518,0.17839,0.15992,0.13222,0.18698,0.17143,0.14368,0.25939,0.29933,0.06271,0.56943,0.7441,0.15143,0.05623
HCASE-00751,0.11559,0.03571,0.08617,0.13613,0.15807,0.10006,0.13703,0.67752,0.06586,0.03284,0.0566,0.03252,0.81385,0.17675
HCASE-00752,0.03792,0.1285,0.1568,0.14772,0.09529,0.09493,0.03654,0.70659,0.32326,0.17878,0.13064,0.25367,0.67894,0.15861
HCASE-00753,0.22672,0.68215,0.23066,0.06143,0.0218,0.84514,0.14441,0.09328,0.0343,0.05122,0.1353,0.0746,0.02788,0.20078
HCASE-00754,0.47696,0.21033,0.34025,0.07961,0.03355,0.09155,0.46113,0.53435,0.18078,0.33029,0.09732,0.03366,0.15503,0.04989
HCASE-00755,0.04018,0.85363,0.84457,0.12646,0.0271,0.10283,0.07535,0.68751,0.08115,0.06485,0.1097,0.05308,0.13964,0.0717
HCASE-00756,0.51721,0.52572,0.11465,0.28581,0.26063,0.52671,0.07265,0.12757,0.35662,0.15698,0.10105,0.08814,0.03184,0.41687
HCASE-00757,0.37693,0.39749,0.14071,0.48132,0.59626,0.35807,0.15599,0.05437,0.55431,0.0251,0.05506,0.03687,0.13161,0.29831
HCASE-00758,0.13297,0.18105,0.14789,0.12202,0.20307,0.18285,0.13209,0.31109,0.2168,0.12751,0.50079,0.60491,0.09973,0.02287
HCASE-00759,0.04614,0.59186,0.78433,0.27355,0.1021,0.04776,0.05361,0.71304,0.03794,0.09583,0.13585,0.10372,0.06777,0.03225
HCASE-00760,0.59247,0.70871,0.08606,0.03489,0.04646,0.8499,0.08211,0.10152,0.09534,0.07994,0.06638,0.02798,0.10399,0.73617
HCASE-00761,0.43587,0.51056,0.08109,0.33191,0.31831,0.48933,0.104,0.03722,0.19115,0.09101,0.05822,0.15546,0.03979,0.58029
HCASE-00762,0.21714,0.92907,0.08412,0.03679,0.09884,0.4637,0.53253,0.13694,0.08129,0.14218,0.02119,0.08285,0.12463,0.1346
HCASE-00763,0.68853,0.47845,0.03847,0.09212,0.05085,0.4589,0.07161,0.02136,0.04187,0.35168,0.15306,0.10469,0.12441,0.90215
HCASE-00764,0.03941,0.11796,0.05579,0.03841,0.07672,0.14673,0.0451,0.77407,0.33831,0.18749,0.23447,0.38619,0.75623,0.08785
HCASE-00765,0.48818,0.56082,0.17234,0.07702,0.08743,0.72701,0.07523,0.19175,0.15568,0.10582,0.03367,0.08296,0.11289,0.4051
HCASE-00766,0.11302,0.35825,0.9236,0.5082,0.03738,0.12237,0.13217,0.67888,0.12061,0.07656,0.15996,0.13972,0.04238,0.13424
HCASE-00767,0.12352,0.10347,0.07062,0.12604,0.11923,0.14157,0.13443,0.86789,0.46165,0.04982,0.0951,0.59461,0.30255,0.03318
HCASE-00768,0.12453,0.03033,0.5899,0.64439,0.36074,0.15081,0.04552,0.55966,0.45738,0.05438,0.14487,0.09111,0.07444,0.10985
HCASE-00769,0.7564,0.36289,0.08111,0.03006,0.06414,0.19576,0.06498,0.04882,0.05891,0.44827,0.08257,0.10696,0.12755,0.78744
HCASE-00770,0.27664,0.62754,0.03742,0.06597,0.12761,0.76204,0.13628,0.11469,0.02766,0.1552,0.11881,0.21953,0.21701,0.22663
HCASE-00771,0.09497,0.67918,0.05143,0.07762,0.14674,0.61341,0.23406,0.05555,0.08731,0.08264,0.10091,0.09361,0.12565,0.10431
HCASE-00772,0.132,0.19408,0.06999,0.11034,0.12999,0.16114,0.09796,0.72851,0.09251,0.07625,0.0346,0.14409,0.76534,0.07434
HCASE-00773,0.02934,0.66983,0.30762,0.1529,0.15047,0.03188,0.45465,0.29953,0.1098,0.02096,0.10871,0.12141,0.04402,0.23199
HCASE-00774,0.92569,0.62917,0.08389,0.09974,0.09171,0.58749,0.14329,0.12218,0.11549,0.38553,0.05884,0.08915,0.13372,0.85514
HCASE-00775,0.51489,0.42323,0.35445,0.07633,0.11901,0.17198,0.51663,0.66312,0.13289,0.36631,0.10919,0.10382,0.0453,0.08149
HCASE-00776,0.15152,0.66688,0.08677,0.09092,0.10833,0.63935,0.25469,0.09458,0.10037,0.13517,0.07947,0.17135,0.08777,0.11063
HCASE-00777,0.04637,0.14984,0.49216,0.45434,0.22079,0.03759,0.04378,0.33653,0.31596,0.1818,0.18598,0.08225,0.16038,0.10006
HCASE-00778,0.0366,0.15399,0.32331,0.49326,0.42536,0.07234,0.05695,0.30915,0.36764,0.21512,0.08696,0.17447,0.12944,0.05812
HCASE-00779,0.06014,0.06874,0.63099,0.11113,0.54076,0.15446,0.08658,0.8651,0.05701,0.02844,0.04886,0.06871,0.34094,0.06195
HCASE-00780,0.74374,0.17959,0.08154,0.15239,0.13967,0.16814,0.19963,0.21409,0.06835,0.48831,0.04761,0.12469,0.11701,0.57046
HCASE-00781,0.26726,0.15895,0.15541,0.07894,0.05264,0.03212,0.04943,0.47626,0.49892,0.29477,0.19954,0.57677,0.10706,0.30316
HCASE-00782,0.12337,0.07225,0.31507,0.0533,0.3258,0.05581,0.05494,0.83029,0.10245,0.13572,0.15909,0.10225,0.56737,0.23942
HCASE-00783,0.72049,0.49282,0.11512,0.07894,0.06377,0.51455,0.05588,0.18972,0.18054,0.27588,0.07885,0.13142,0.11706,0.76774
HCASE-00784,0.11713,0.11838,0.06367,0.10953,0.07543,0.09794,0.04724,0.7678,0.40452,0.04655,0.112,0.234,0.65982,0.13557
HCASE-00785,0.13415,0.02527,0.04956,0.08981,0.15956,0.11549,0.1318,0.84918,0.32026,0.08319,0.02079,0.23173,0.64178,0.05652
HCASE-00786,0.80305,0.5784,0.06833,0.06703,0.13343,0.55118,0.08062,0.14069,0.19678,0.33291,0.14063,0.14147,0.13281,0.74788
HCASE-00787,0.77967,0.42601,0.14904,0.15281,0.12005,0.36449,0.13969,0.08649,0.10845,0.51589,0.08183,0.05156,0.10428,0.7616
HCASE-00788,0.08771,0.12471,0.10812,0.0515,0.14294,0.06498,0.04329,0.65086,0.12548,0.03428,0.10346,0.12438,0.69376,0.14924
HCASE-00789,0.11041,0.082,0.10968,0.03811,0.02482,0.12442,0.12201,0.58549,0.44017,0.05569,0.25219,0.63056,0.11022,0.06793
HCASE-00790,0.07475,0.11814,0.12954,0.13324,0.14215,0.19197,0.08244,0.29056,0.04847,0.06294,0.53547,0.4756,0.2811,0.10342
HCASE-00791,0.30867,0.56523,0.11907,0.06959,0.05974,0.03635,0.70608,0.32424,0.15267,0.25494,0.08843,0.03211,0.1456,0.02638
HCASE-00792,0.13045,0.09154,0.71814,0.07255,0.71868,0.13548,0.03321,0.78024,0.09475,0.12369,0.07167,0.12485,0.14367,0.15238
HCASE-00793,0.05286,0.06016,0.09624,0.07902,0.12937,0.07039,0.12723,0.37219,0.17553,0.09365,0.65023,0.88235,0.19195,0.12915
HCASE-00794,0.56206,0.65499,0.1286,0.12561,0.14941,0.75694,0.03439,0.11673,0.10272,0.07823,0.1164,0.03804,0.12751,0.69042
HCASE-00795,0.31178,0.25832,0.02731,0.49717,0.48903,0.30272,0.09985,0.12909,0.56656,0.09675,0.07116,0.04942,0.1438,0.42512
HCASE-00796,0.9233,0.71941,0.12127,0.09174,0.1013,0.72135,0.05772,0.06386,0.09447,0.24505,0.11052,0.15814,0.0741,0.91528
HCASE-00797,0.09906,0.30772,0.80252,0.33225,0.13915,0.13465,0.15795,0.70586,0.17377,0.14446,0.0898,0.13679,0.1124,0.02307
HCASE-00798,0.16578,0.12808,0.33267,0.50163,0.70826,0.12878,0.09658,0.30339,0.51895,0.1315,0.07442,0.07591,0.12424,0.14351
HCASE-00799,0.14218,0.14758,0.02408,0.05092,0.0336,0.03468,0.10965,0.11286,0.10935,0.19031,1.0,0.92089,0.14116,0.03837
HCASE-00800,0.0868,0.30552,0.58458,0.19149,0.52048,0.09963,0.09771,0.65973,0.0855,0.05848,0.15299,0.11152,0.02708,0.11565
HCASE-00801,0.07923,0.0505,0.07531,0.13108,0.09257,0.14662,0.09329,0.34033,0.41077,0.14408,0.57887,0.78857,0.02843,0.02503
HCASE-00802,0.06559,0.07362,0.04685,0.04377,0.10187,0.06677,0.07064,0.74571,0.49055,0.11855,0.10712,0.54501,0.35963,0.25562
HCASE-00803,0.56247,0.06454,0.15635,0.14441,0.07864,0.0777,0.07723,0.09626,0.15429,0.51716,0.11481,0.03827,0.14445,0.71352
HCASE-00804,0.15717,0.47682,0.83799,0.11898,0.26364,0.14047,0.13946,0.77266,0.11307,0.15724,0.04035,0.02868,0.04538,0.0549
HCASE-00805,0.10679,0.04078,0.62408,0.05228,0.4538,0.15018,0.04548,0.99772,0.06255,0.09158,0.15247,0.03609,0.33185,0.05376
HCASE-00806,0.14065,0.02281,0.11768,0.02904,0.07339,0.06133,0.157,0.38315,0.28036,0.11617,0.49178,0.67283,0.14255,0.11334
HCASE-00807,0.61034,0.16426,0.0838,0.07822,0.1887,0.14189,0.09945,0.15211,0.09175,0.63019,0.06288,0.12847,0.04445,0.70086
HCASE-00808,0.54607,0.35653,0.36541,0.02057,0.11362,0.06168,0.47959,0.70988,0.05485,0.42882,0.11216,0.1594,0.15008,0.06745
HCASE-00809,0.11119,0.10959,0.04516,0.13959,0.12223,0.11851,0.09847,0.61515,0.37716,0.12092,0.04024,0.52185,0.34728,0.1186
HCASE-00810,0.77847,0.59196,0.09796,0.10443,0.14036,0.62618,0.11714,0.05632,0.09583,0.23759,0.0841,0.10062,0.02842,0.92288
HCASE-00811,0.12774,0.63737,0.12378,0.1,0.04254,0.72701,0.23359,0.10629,0.14451,0.07187,0.06555,0.03517,0.11122,0.08091
HCASE-00812,0.14128,0.29832,0.59586,0.10577,0.43026,0.09834,0.10031,0.67691,0.08214,0.07092,0.0328,0.03564,0.14795,0.04801
HCASE-00813,0.09174,0.09001,0.40928,0.5004,0.75242,0.20595,0.11898,0.27375,0.53173,0.11348,0.15764,0.15365,0.05284,0.02052
HCASE-00814,0.1153,0.11796,0.03016,0.05424,0.1349,0.1204,0.11902,0.76354,0.57247,0.1304,0.05837,0.45839,0.26492,0.07832
HCASE-00815,0.68251,0.49666,0.12776,0.04193,0.06475,0.4297,0.05196,0.03469,0.06995,0.20353,0.0885,0.03455,0.0679,0.90752
HCASE-00816,0.09475,0.12298,0.02239,0.09313,0.05449,0.05925,0.15758,0.21307,0.27423,0.1556,0.60183,0.86934,0.10325,0.02776
HCASE-00817,0.73069,0.55839,0.08562,0.08525,0.12299,0.48392,0.04458,0.11694,0.059,0.2896,0.14875,0.15596,0.05311,0.98945
HCASE-00818,0.09324,0.76364,0.53217,0.02004,0.05967,0.13728,0.26912,0.43565,0.0856,0.1509,0.11604,0.0287,0.10268,0.07808
HCASE-00819,0.11481,0.65945,0.10629,0.121,0.02635,0.7136,0.20706,0.19324,0.19228,0.13726,0.07025,0.04299,0.05062,0.05492
HCASE-00820,0.04638,0.03557,0.10764,0.12363,0.12416,0.0441,0.13113,0.55485,0.41785,0.1298,0.34484,0.82729,0.12073,0.11402
HCASE-00821,0.1575,0.84332,0.55406,0.04081,0.04937,0.10014,0.25995,0.41211,0.11246,0.1217,0.06657,0.03352,0.11338,0.08668
HCASE-00822,0.683,0.35223,0.13089,0.04388,0.13837,0.3141,0.11954,0.07049,0.02449,0.48868,0.04696,0.05911,0.04265,0.73791
HCASE-00823,0.15739,0.11332,0.14599,0.09619,0.0443,0.15431,0.09512,0.69218,0.2123,0.18432,0.15826,0.41266,0.70421,0.14348
HCASE-00824,0.19728,0.6356,0.17519,0.14618,0.08609,0.78852,0.15112,0.16793,0.03163,0.10066,0.09738,0.06576,0.13894,0.26899
HCASE-00825,0.076,0.11485,0.08896,0.08766,0.07504,0.1257,0.11825,0.76044,0.43075,0.2342,0.23805,0.608,0.43533,0.0758
HCASE-00826,0.59682,0.42002,0.18641,0.14988,0.05321,0.37873,0.14842,0.12102,0.02558,0.20044,0.05528,0.13093,0.12735,0.54973
HCASE-00827,0.3164,0.21918,0.09187,0.37879,0.40198,0.21644,0.04714,0.16208,0.44726,0.12289,0.04008,0.06971,0.09793,0.2748
HCASE-00828,0.15662,0.09111,0.55033,0.04252,0.49921,0.12712,0.12322,0.86861,0.05677,0.13898,0.05569,0.04067,0.35315,0.04426
HCASE-00829,0.04278,0.32489,0.81911,0.46449,0.12852,0.03883,0.14152,0.75568,0.20466,0.05315,0.06972,0.08325,0.08494,0.14038
HCASE-00830,0.10913,0.66511,0.04839,0.15177,0.04199,0.63245,0.29941,0.11744,0.05841,0.1997,0.20581,0.09351,0.22175,0.11369
HCASE-00831,0.08933,0.19544,0.51971,0.10392,0.44044,0.06536,0.15867,0.65291,0.12675,0.11013,0.15195,0.07784,0.32165,0.13898
HCASE-00832,0.11379,0.50223,0.71124,0.28041,0.02475,0.12117,0.1378,0.54263,0.11317,0.0966,0.15316,0.08262,0.07332,0.15758
HCASE-00833,0.15145,0.15403,0.34485,0.13525,0.29073,0.17995,0.09758,0.85068,0.09866,0.15819,0.13878,0.06658,0.59576,0.02682
HCASE-00834,0.70724,0.31634,0.11002,0.14487,0.03067,0.31034,0.07362,0.15724,0.10475,0.60015,0.18793,0.23584,0.15511,0.94048
HCASE-00835,0.14066,0.16899,0.74732,0.3398,0.48867,0.16665,0.09672,0.63209,0.05541,0.06648,0.14771,0.07415,0.04351,0.11511
HCASE-00836,0.21276,0.14824,0.73319,0.09343,0.73466,0.23289,0.09839,0.83709,0.03829,0.0445,0.13347,0.12592,0.14327,0.06663
HCASE-00837,0.07487,0.10113,0.0779,0.05113,0.07609,0.08154,0.12342,0.70661,0.32811,0.13785,0.1381,0.23343,0.52499,0.19733
HCASE-00838,0.09517,0.13322,0.5352,0.09941,0.56817,0.08328,0.08949,0.84124,0.13876,0.13772,0.11573,0.10305,0.29775,0.04364
HCASE-00839,0.82914,0.12446,0.05854,0.15932,0.10631,0.15041,0.2123,0.3172,0.09686,0.64552,0.14579,0.08464,0.12727,0.66242
HCASE-00840,0.15974,0.14072,0.14435,0.13913,0.07776,0.15069,0.05004,0.80959,0.22258,0.08399,0.05346,0.28595,0.57211,0.0802
HCASE-00841,0.15028,0.11077,0.63099,0.39707,0.28463,0.08738,0.09852,0.54154,0.13669,0.06121,0.03737,0.04076,0.13007,0.20527
HCASE-00842,0.08936,0.05932,0.61563,0.59711,0.28371,0.06664,0.0727,0.55818,0.32221,0.09102,0.11165,0.02626,0.10257,0.06225
HCASE-00843,0.13677,0.65291,0.77469,0.24129,0.06832,0.159,0.14007,0.54842,0.07015,0.03592,0.1174,0.11334,0.14026,0.05019
HCASE-00844,0.34937,0.32504,0.13893,0.41717,0.40767,0.30405,0.07422,0.14052,0.35816,0.03539,0.0721,0.10194,0.15912,0.30095
HCASE-00845,0.13526,0.1644,0.76186,0.36184,0.25362,0.15134,0.06961,0.53237,0.05783,0.04404,0.1228,0.04114,0.12621,0.08034
HCASE-00846,0.19428,0.21262,0.85595,0.44953,0.32216,0.16287,0.15983,0.67881,0.1378,0.12475,0.10778,0.15788,0.1042,0.08946
HCASE-00847,0.15861,0.08197,0.44753,0.05728,0.43502,0.10209,0.14688,0.61661,0.02573,0.0899,0.02484,0.15838,0.23853,0.13576
HCASE-00848,0.49801,0.75406,0.02036,0.109,0.13043,0.80193,0.10532,0.14321,0.0914,0.12012,0.14386,0.05746,0.13916,0.66757
HCASE-00849,0.61065,0.28542,0.12979,0.09849,0.06093,0.31438,0.07922,0.16917,0.19031,0.44595,0.04812,0.1474,0.09049,0.72921
HCASE-00850,0.05297,0.75264,0.68106,0.05947,0.05323,0.06922,0.1204,0.64527,0.18348,0.06406,0.05004,0.0519,0.07953,0.09661
HCASE-00851,0.19928,0.12789,0.82517,0.4464,0.13344,0.13443,0.02795,0.53195,0.02724,0.10103,0.07136,0.06662,0.09315,0.08074
HCASE-00852,0.58746,0.0417,0.22035,0.14902,0.0754,0.02311,0.47856,0.48023,0.14376,0.4954,0.08502,0.12305,0.02007,0.2821
HCASE-00853,0.68805,0.34594,0.03313,0.06407,0.15056,0.3694,0.08904,0.10628,0.06607,0.55012,0.07089,0.14685,0.06126,0.89206
HCASE-00854,0.05861,0.85058,0.04494,0.14522,0.03066,0.10959,0.60355,0.09249,0.12369,0.15127,0.14341,0.12081,0.02173,0.11953
HCASE-00855,0.51349,0.13228,0.08854,0.0394,0.03371,0.12692,0.0995,0.35763,0.22654,0.43786,0.11552,0.34316,0.12824,0.68509
HCASE-00856,0.65392,0.58251,0.12976,0.14324,0.14644,0.42485,0.1445,0.19896,0.23472,0.28698,0.02993,0.11104,0.05681,0.69269
HCASE-00857,0.02974,0.05368,0.06093,0.11751,0.1453,0.0623,0.11221,0.31625,0.33147,0.23537,0.71018,0.92249,0.11654,0.14375
HCASE-00858,0.2211,0.17072,0.88556,0.61105,0.08089,0.11959,0.13757,0.77955,0.02048,0.05617,0.1456,0.13892,0.10176,0.12892
HCASE-00859,0.61907,0.10105,0.09831,0.06459,0.09802,0.0588,0.12265,0.04113,0.08695,0.61536,0.10668,0.0859,0.0864,0.72043
HCASE-00860,0.07617,0.87416,0.49914,0.15937,0.14136,0.09323,0.48041,0.42873,0.11558,0.15813,0.08083,0.045,0.10625,0.06993
HCASE-00861,0.69935,0.54965,0.09409,0.03791,0.05717,0.5848,0.03244,0.1273,0.10828,0.37187,0.05964,0.1312,0.13095,0.86538
HCASE-00862,0.1556,0.08155,0.0385,0.14195,0.07582,0.1532,0.146,0.41255,0.39165,0.12645,0.28569,0.6935,0.10259,0.0386
HCASE-00863,0.56946,0.33259,0.22598,0.02484,0.1419,0.08572,0.77476,0.52417,0.10166,0.49248,0.11906,0.10058,0.14496,0.13464
HCASE-00864,0.0887,0.15093,0.22208,0.14462,0.25387,0.11792,0.12082,0.82954,0.23211,0.11592,0.0319,0.07525,0.6441,0.09837
HCASE-00865,0.0675,0.51927,0.74489,0.21793,0.06982,0.1275,0.08966,0.57806,0.0455,0.105,0.1836,0.19463,0.16387,0.0972
HCASE-00866,0.58863,0.63458,0.16788,0.40712,0.35882,0.56548,0.13803,0.10744,0.3587,0.14111,0.08275,0.13541,0.1217,0.50082
HCASE-00867,0.19872,0.60987,0.1532,0.11186,0.11345,0.83276,0.04084,0.09646,0.13156,0.04142,0.12336,0.02384,0.09464,0.2617
HCASE-00868,0.15065,0.02694,0.40786,0.56434,0.73995,0.06408,0.0423,0.4097,0.54589,0.10456,0.09873,0.06804,0.11598,0.11943
HCASE-00869,0.12769,0.05998,0.14514,0.09555,0.02124,0.1566,0.1397,0.7838,0.49727,0.23438,0.11621,0.69909,0.44093,0.08359
HCASE-00870,0.48705,0.24905,0.27356,0.12924,0.12005,0.02822,0.39242,0.68464,0.17888,0.43176,0.02085,0.02745,0.06375,0.15176
HCASE-00871,0.15884,0.50481,0.81813,0.17174,0.11941,0.14218,0.14932,0.72116,0.08648,0.08142,0.08813,0.0347,0.09886,0.14203
HCASE-00872,0.68457,0.44021,0.10859,0.02752,0.05759,0.47223,0.09082,0.06949,0.03498,0.27792,0.09604,0.18892,0.20885,0.73388
HCASE-00873,0.04638,0.0478,0.7134,0.27093,0.52257,0.06846,0.09244,0.8805,0.20067,0.13991,0.08445,0.09492,0.06722,0.06804
HCASE-00874,0.44575,0.71586,0.15351,0.14546,0.0748,0.77406,0.02127,0.04742,0.06449,0.04142,0.03353,0.15642,0.12974,0.61506
HCASE-00875,0.55312,0.54257,0.10638,0.2872,0.31531,0.64043,0.13873,0.05911,0.28527,0.14982,0.11258,0.04613,0.11875,0.6079
HCASE-00876,0.15086,0.53961,0.73691,0.19319,0.05594,0.09864,0.0785,0.59595,0.1214,0.10005,0.11452,0.02128,0.14682,0.05609
HCASE-00877,0.10578,0.78154,0.46157,0.06495,0.15645,0.07544,0.31414,0.41567,0.17009,0.03535,0.11595,0.06614,0.11442,0.04239
HCASE-00878,0.74554,0.0518,0.0254,0.03542,0.15105,0.13266,0.0717,0.12615,0.23638,0.62334,0.06244,0.04682,0.12103,0.84578
HCASE-00879,0.07505,0.0295,0.1381,0.02793,0.03486,0.11046,0.12131,0.3599,0.13546,0.22567,0.64528,0.63474,0.45817,0.08338
HCASE-00880,0.0551,0.28289,0.72626,0.44914,0.0636,0.08384,0.06751,0.63104,0.03234,0.13263,0.05909,0.07876,0.05484,0.20641
HCASE-00881,0.27289,0.5987,0.12893,0.03304,0.09605,0.87578,0.08376,0.20549,0.18791,0.11635,0.10791,0.14649,0.12029,0.23027
HCASE-00882,0.15204,0.14254,0.36477,0.57812,0.58565,0.11826,0.14814,0.22434,0.47054,0.04124,0.10551,0.15058,0.12988,0.07754
HCASE-00883,0.05908,0.04806,0.28306,0.05067,0.17931,0.12601,0.02222,0.68328,0.03476,0.1517,0.14017,0.08491,0.51817,0.12941
HCASE-00884,0.42949,0.35279,0.30397,0.04431,0.11921,0.10011,0.49399,0.56833,0.03148,0.34972,0.03757,0.11823,0.06226,0.14417
HCASE-00885,0.02638,0.1554,0.08501,0.0511,0.12299,0.04621,0.13908,0.26588,0.27997,0.19476,0.65246,0.79347,0.10428,0.13008
HCASE-00886,0.72319,0.48763,0.11596,0.07886,0.08446,0.47929,0.09488,0.19222,0.17914,0.32199,0.05029,0.08478,0.06599,0.66006
HCASE-00887,0.6499,0.1471,0.02315,0.03969,0.08156,0.09205,0.37602,0.32671,0.07722,0.61986,0.09696,0.03871,0.09161,0.72153
HCASE-00888,0.04671,0.11153,0.61125,0.57349,0.3023,0.03031,0.09918,0.56316,0.35748,0.09438,0.04616,0.03971,0.14814,0.04995
HCASE-00889,0.18338,0.84866,0.18305,0.19517,0.20126,0.42193,0.49297,0.12931,0.087,0.09875,0.05437,0.15999,0.13692,0.04872
HCASE-00890,0.08101,0.8972,0.02114,0.06455,0.08593,0.1056,0.76333,0.12575,0.22661,0.1561,0.11032,0.02785,0.15777,0.07828
HCASE-00891,0.58595,0.70696,0.11099,0.21477,0.09984,0.93651,0.05788,0.0778,0.05129,0.06801,0.12809,0.08532,0.0216,0.42371
HCASE-00892,0.31304,0.05112,0.12076,0.0495,0.11767,0.11431,0.07005,0.64646,0.60258,0.26622,0.05067,0.46742,0.09019,0.33113
HCASE-00893,0.26511,0.62071,0.02484,0.1165,0.07333,0.15433,0.78434,0.28697,0.09508,0.21097,0.09162,0.05627,0.08031,0.02693
HCASE-00894,0.03066,0.11518,0.58903,0.68148,0.27827,0.06416,0.05137,0.64096,0.45689,0.14552,0.04825,0.11371,0.14764,0.13126
HCASE-00895,0.11535,0.59935,0.85308,0.22105,0.13926,0.07663,0.02834,0.78944,0.11842,0.02381,0.1328,0.05834,0.09578,0.13376
HCASE-00896,0.15425,0.09735,0.14292,0.12053,0.02883,0.12006,0.1463,0.80156,0.48379,0.12934,0.10426,0.56019,0.41694,0.06576
HCASE-00897,0.02842,0.13868,0.85251,0.46095,0.31381,0.04031,0.05978,0.75833,0.08032,0.05776,0.15288,0.07881,0.1552,0.15452
HCASE-00898,0.52563,0.78496,0.13008,0.04491,0.02803,0.83147,0.0635,0.04031,0.03446,0.04604,0.06797,0.10144,0.04563,0.44124
HCASE-00899,0.08657,0.57941,0.633,0.10233,0.19765,0.06193,0.04449,0.65511,0.05905,0.07815,0.06212,0.05933,0.06429,0.15836
HCASE-00900,0.56072,0.07882,0.0925,0.09704,0.11441,0.15867,0.50024,0.5503,0.04154,0.48203,0.13184,0.15733,0.03813,0.28839
HCASE-00901,0.09168,0.13851,0.23251,0.10019,0.25796,0.05157,0.09481,1.0,0.15639,0.15357,0.15739,0.10246,0.67793,0.05633
HCASE-00902,0.8482,0.70434,0.14885,0.06093,0.15851,0.73229,0.03263,0.1344,0.03222,0.36414,0.13196,0.03315,0.04036,0.82905
HCASE-00903,0.42116,0.68386,0.13249,0.02453,0.03741,0.61125,0.11542,0.17806,0.09271,0.02782,0.10399,0.06984,0.02075,0.31727
HCASE-00904,0.55067,0.05075,0.06973,0.10076,0.06235,0.04184,0.10909,0.34961,0.19476,0.46353,0.09539,0.4069,0.22062,0.63894
HCASE-00905,0.50155,0.30992,0.13622,0.15853,0.1378,0.21647,0.72841,0.5095,0.04152,0.43118,0.03483,0.10852,0.15678,0.14909
HCASE-00906,0.04565,0.03561,0.8258,0.39932,0.26875,0.08707,0.14584,0.69351,0.02243,0.03663,0.0373,0.149,0.06664,0.12414
HCASE-00907,0.12729,0.1379,0.27304,0.52916,0.74766,0.15288,0.06929,0.23821,0.49333,0.03964,0.036,0.05972,0.06011,0.14599
HCASE-00908,0.56616,0.35653,0.0858,0.18823,0.11457,0.0859,0.72592,0.53046,0.07865,0.31667,0.10535,0.06809,0.08306,0.0552
HCASE-00909,0.14123,0.1077,0.41412,0.73812,0.50782,0.18161,0.08272,0.225,0.5536,0.13847,0.1175,0.11043,0.02325,0.10996
HCASE-00910,0.34785,0.35206,0.11739,0.26318,0.24214,0.47865,0.10282,0.14754,0.21289,0.08937,0.20939,0.11574,0.20296,0.35409
HCASE-00911,0.05944,0.1091,0.27813,0.08176,0.28788,0.12059,0.13664,0.72002,0.09872,0.10076,0.02237,0.0801,0.57669,0.03377
HCASE-00912,0.08324,0.09807,0.61431,0.57142,0.25442,0.15514,0.03512,0.45023,0.36796,0.15125,0.08583,0.09177,0.08848,0.27687
HCASE-00913,0.20675,0.59044,0.15444,0.04656,0.13575,0.71531,0.03495,0.13781,0.13352,0.02614,0.13936,0.14877,0.04872,0.26129
HCASE-00914,0.27582,0.145,0.06055,0.06805,0.15924,0.14246,0.06465,0.45706,0.40537,0.35672,0.21519,0.56922,0.1126,0.41721
HCASE-00915,0.21,0.07414,0.21565,0.09373,0.03065,0.06531,0.11812,0.62992,0.45243,0.23918,0.09903,0.43883,0.14647,0.26887
HCASE-00916,0.72793,0.12634,0.15152,0.04812,0.0892,0.21717,0.25641,0.3144,0.15019,0.69684,0.06546,0.13738,0.11061,0.62094
HCASE-00917,0.2054,0.82447,0.10907,0.16639,0.10753,0.81239,0.3497,0.13032,0.05423,0.07065,0.03044,0.15316,0.09531,0.10396
HCASE-00918,0.09417,0.02681,0.04189,0.10841,0.06268,0.10396,0.09276,0.50978,0.38458,0.18791,0.369,0.79517,0.21378,0.1542
HCASE-00919,0.1088,0.14605,0.56001,0.12735,0.509,0.0851,0.15472,0.74466,0.10671,0.09442,0.05954,0.15007,0.31987,0.0466
HCASE-00920,0.09746,0.76845,0.47655,0.07743,0.06668,0.10613,0.29395,0.38496,0.11425,0.07708,0.09287,0.02098,0.12364,0.15198
HCASE-00921,0.39062,0.32933,0.02338,0.02965,0.02098,0.04814,0.61303,0.46327,0.05266,0.47449,0.142,0.15955,0.15436,0.13037
HCASE-00922,0.07723,0.71415,0.762,0.14141,0.13107,0.15324,0.15715,0.73945,0.14259,0.09489,0.0438,0.02487,0.03275,0.02736
HCASE-00923,0.26065,0.09768,0.12689,0.11936,0.14647,0.09867,0.10617,0.58693,0.38525,0.15348,0.04764,0.4608,0.07557,0.40315
HCASE-00924,0.76191,0.12085,0.1735,0.08831,0.20007,0.18044,0.27163,0.29081,0.02229,0.66209,0.03837,0.14066,0.03898,0.56095
HCASE-00925,0.0863,0.34278,0.77072,0.31909,0.1071,0.14868,0.02993,0.52839,0.14771,0.10135,0.15976,0.11068,0.04801,0.08058
HCASE-00926,0.05277,0.02391,0.51541,0.06885,0.64141,0.02172,0.0765,0.58614,0.10091,0.05441,0.14365,0.08001,0.07647,0.22063
HCASE-00927,0.19991,0.37206,0.90584,0.50371,0.17283,0.12253,0.11708,0.59122,0.05074,0.10472,0.06885,0.05334,0.14376,0.05741
HCASE-00928,0.58624,0.29385,0.12471,0.06561,0.13559,0.3381,0.13644,0.24101,0.18775,0.43549,0.02811,0.06081,0.12822,0.74108
HCASE-00929,0.62135,0.70477,0.02695,0.40547,0.33181,0.72254,0.08816,0.10437,0.26504,0.14545,0.05709,0.08759,0.10562,0.56533
HCASE-00930,0.48304,0.15475,0.07638,0.05103,0.08449,0.03207,0.1105,0.30787,0.25057,0.50446,0.08958,0.30335,0.13867,0.77407
HCASE-00931,0.09334,0.03193,0.0213,0.04086,0.05823,0.15474,0.0329,0.49002,0.48928,0.17824,0.32457,0.70176,0.11585,0.07725
HCASE-00932,0.20407,0.10215,0.29609,0.14797,0.21467,0.1397,0.11009,0.7086,0.03737,0.1309,0.15684,0.08109,0.52314,0.03763
HCASE-00933,0.11565,0.04688,0.60197,0.68788,0.20021,0.0364,0.12631,0.48412,0.25636,0.03615,0.07618,0.03261,0.0334,0.03579
HCASE-00934,0.65734,0.46497,0.1969,0.14293,0.12906,0.43945,0.10724,0.13143,0.06007,0.24389,0.04123,0.14913,0.11296,0.61406
HCASE-00935,0.52588,0.0506,0.15175,0.07373,0.11994,0.0791,0.4,0.43326,0.1472,0.50445,0.15032,0.12286,0.10107,0.28325
HCASE-00936,0.1322,0.13339,0.04179,0.14851,0.06945,0.13684,0.1595,0.82828,0.13744,0.07967,0.15731,0.06678,0.81688,0.11492
HCASE-00937,0.48603,0.37536,0.17222,0.34834,0.3057,0.36888,0.05732,0.15378,0.25385,0.08389,0.02138,0.02517,0.13373,0.39442
HCASE-00938,0.25796,0.17834,0.05058,0.51037,0.43023,0.24411,0.09428,0.11039,0.52755,0.14418,0.03825,0.09788,0.05797,0.29652
HCASE-00939,0.05028,0.13147,0.66678,0.04308,0.70178,0.13395,0.1334,0.71127,0.1297,0.12329,0.05386,0.03541,0.13424,0.25094
HCASE-00940,0.10366,0.07229,0.53567,0.10208,0.69973,0.19334,0.05982,0.67544,0.03643,0.04991,0.12043,0.1513,0.1057,0.06721
HCASE-00941,0.14857,0.53727,0.83525,0.02239,0.3226,0.03943,0.05492,0.78697,0.08162,0.10661,0.0961,0.05342,0.14145,0.08752
HCASE-00942,0.51338,0.77224,0.10286,0.13578,0.22145,0.76118,0.13923,0.05173,0.09568,0.06778,0.08717,0.06751,0.14723,0.49318
HCASE-00943,0.60693,0.80024,0.0633,0.05019,0.05724,0.94965,0.04237,0.15324,0.10302,0.07695,0.04698,0.08526,0.04308,0.48124
HCASE-00944,0.78024,0.3569,0.02378,0.1226,0.06068,0.26698,0.13678,0.0455,0.10297,0.44158,0.14503,0.1469,0.05792,0.83496
HCASE-00945,0.38872,0.71145,0.16508,0.1417,0.22672,0.17892,0.79513,0.24483,0.15774,0.21706,0.11825,0.02546,0.12863,0.0386
HCASE-00946,0.5567,0.74405,0.12313,0.15824,0.03956,0.86298,0.06197,0.19715,0.13387,0.11556,0.05068,0.1514,0.09244,0.51744
HCASE-00947,0.03531,0.04953,0.11729,0.12415,0.15763,0.07846,0.12151,0.81679,0.37281,0.13119,0.13791,0.32637,0.63768,0.15699
HCASE-00948,0.15963,0.654,0.06032,0.1071,0.11657,1.0,0.07148,0.118,0.02236,0.12691,0.03477,0.0594,0.03883,0.19738
HCASE-00949,0.15043,0.16748,0.92141,0.56292,0.19449,0.15109,0.1399,0.72182,0.02315,0.04628,0.12701,0.1286,0.15601,0.10527
HCASE-00950,0.47405,0.37576,0.45789,0.08398,0.15571,0.06225,0.49697,0.71647,0.11368,0.47127,0.15423,0.13244,0.09895,0.09123
HCASE-00951,0.12847,0.68332,0.64871,0.16106,0.06673,0.08085,0.11461,0.51487,0.11359,0.1489,0.08439,0.12799,0.04737,0.04195
HCASE-00952,0.64924,0.88097,0.22185,0.1942,0.1194,0.94019,0.12699,0.15403,0.03157,0.11327,0.15214,0.10612,0.13229,0.61387
HCASE-00953,0.70498,0.14184,0.15765,0.10121,0.1222,0.16169,0.28451,0.30598,0.06059,0.61429,0.02274,0.07984,0.11378,0.57081
HCASE-00954,0.05807,0.03291,0.08618,0.0602,0.1028,0.11002,0.04026,0.36531,0.37154,0.11766,0.56148,0.86047,0.09332,0.11325
HCASE-00955,0.38002,0.79544,0.20522,0.22284,0.14265,0.95508,0.10057,0.11052,0.04788,0.06776,0.08948,0.08055,0.07576,0.3166
HCASE-00956,0.14035,0.05083,0.84809,0.24614,0.55696,0.11986,0.06323,0.88038,0.24216,0.12301,0.05546,0.07514,0.02031,0.02767
HCASE-00957,0.11582,0.12452,0.10368,0.04632,0.14227,0.09467,0.04682,0.82717,0.5806,0.14677,0.12337,0.53506,0.4128,0.02184
HCASE-00958,0.73306,0.25722,0.08195,0.06099,0.13601,0.29048,0.0484,0.15652,0.14433,0.41725,0.03005,0.11082,0.10707,0.84939
HCASE-00959,0.56416,0.47256,0.04382,0.31234,0.28437,0.54699,0.11161,0.02112,0.34408,0.08487,0.12188,0.14675,0.02774,0.67168
HCASE-00960,0.06829,0.02506,0.09947,0.83428,0.8523,0.15984,0.06997,0.06177,0.71354,0.08445,0.14937,0.04147,0.08621,0.20072
HCASE-00961,0.55514,0.26718,0.45305,0.05736,0.04467,0.03318,0.45783,0.76018,0.11243,0.41267,0.04433,0.15964,0.08701,0.03761
HCASE-00962,0.73167,0.10703,0.13098,0.11913,0.1048,0.04182,0.52398,0.46724,0.0745,0.61176,0.02027,0.07616,0.09362,0.46528
HCASE-00963,0.58773,0.1829,0.16064,0.15244,0.07042,0.3416,0.08549,0.14751,0.15018,0.34576,0.02263,0.04117,0.04955,0.73036
HCASE-00964,0.08818,0.1573,0.10197,0.10895,0.03676,0.03079,0.03001,0.33555,0.17573,0.03924,0.5704,0.45564,0.31919,0.13861
HCASE-00965,0.20517,0.14816,0.09664,0.0788,0.1497,0.08272,0.06507,0.49664,0.43808,0.3771,0.17477,0.55331,0.13592,0.35872
HCASE-00966,0.5549,0.20105,0.12279,0.07109,0.06718,0.21599,0.11819,0.07442,0.13815,0.34375,0.06801,0.04628,0.15571,0.6242
HCASE-00967,0.13483,0.03617,0.93492,0.56511,0.0518,0.10438,0.1248,0.72443,0.20067,0.02019,0.11823,0.08647,0.0532,0.13245
HCASE-00968,0.67029,0.31571,0.02114,0.12411,0.04401,0.27913,0.07549,0.06111,0.10081,0.45962,0.12148,0.09612,0.0994,0.88741
HCASE-00969,0.12909,0.099,0.7475,0.23257,0.50365,0.09955,0.05788,0.77119,0.11858,0.12909,0.11811,0.02677,0.07404,0.07401
HCASE-00970,0.52081,0.72641,0.17519,0.13024,0.109,0.86739,0.07548,0.10788,0.1396,0.05185,0.14074,0.0338,0.10459,0.58536
HCASE-00971,0.88595,0.70389,0.20912,0.20919,0.14079,0.70031,0.11073,0.15438,0.08128,0.31365,0.03208,0.10776,0.11734,0.83847
HCASE-00972,0.13366,0.59075,0.65562,0.09587,0.25809,0.11202,0.07771,0.61962,0.20699,0.04449,0.02647,0.05498,0.15608,0.06651
HCASE-00973,0.99663,0.63588,0.08246,0.08444,0.04699,0.62165,0.07849,0.04947,0.1065,0.3265,0.09747,0.09454,0.08799,0.94574
HCASE-00974,0.72902,0.15247,0.08656,0.12836,0.07862,0.14482,0.5096,0.54041,0.14782,0.59899,0.06218,0.07571,0.1446,0.30873
HCASE-00975,0.49262,0.47921,0.08617,0.086,0.06752,0.17702,0.67446,0.44841,0.13968,0.43281,0.11297,0.12864,0.09931,0.12922
HCASE-00976,0.02488,0.14351,0.51244,0.13349,0.54924,0.13753,0.12158,0.74604,0.19856,0.05521,0.03056,0.02744,0.03967,0.13117
HCASE-00977,0.31222,0.65246,0.0961,0.17166,0.08494,0.80612,0.10513,0.14245,0.08024,0.13746,0.15207,0.08346,0.0862,0.32424
HCASE-00978,0.05971,0.13436,0.04887,0.0845,0.07699,0.09456,0.10061,0.81855,0.43576,0.16366,0.15678,0.67232,0.49977,0.04896
HCASE-00979,0.09535,0.02559,0.08281,0.0653,0.11886,0.02942,0.07925,0.81044,0.46765,0.11878,0.21174,0.56305,0.45445,0.10119
HCASE-00980,0.12373,0.05809,0.21943,0.11608,0.08893,0.09743,0.03257,0.36182,0.15065,0.0552,0.50551,0.60056,0.28322,0.14434
HCASE-00981,0.12055,0.1601,0.13263,0.12561,0.20248,0.21097,0.03294,0.24505,0.20667,0.11539,0.5525,0.77181,0.05134,0.02495
HCASE-00982,0.13307,0.07993,0.1507,0.06049,0.1397,0.14036,0.02654,0.42275,0.30008,0.08259,0.65331,0.84006,0.07763,0.09627
HCASE-00983,0.1697,0.12427,0.95232,0.5509,0.34272,0.09789,0.07706,0.72353,0.03498,0.10926,0.03319,0.03468,0.13016,0.15658
HCASE-00984,0.27766,0.31648,0.07782,0.59176,0.52393,0.27857,0.04233,0.11937,0.46308,0.08106,0.14836,0.04044,0.12613,0.29849
HCASE-00985,0.85104,0.54642,0.14166,0.11336,0.09191,0.5891,0.13915,0.07007,0.10964,0.31222,0.06168,0.05562,0.05447,0.76755
HCASE-00986,0.24828,0.34295,0.08001,0.51585,0.61988,0.2839,0.02344,0.06518,0.48897,0.02467,0.0432,0.11188,0.13801,0.369
HCASE-00987,0.03578,0.0337,0.02204,0.06657,0.02267,0.13255,0.02545,0.99453,0.33716,0.14834,0.08997,0.29747,0.65753,0.08544
HCASE-00988,0.13443,0.6872,0.06359,0.10109,0.1334,0.6213,0.25115,0.21149,0.19781,0.1012,0.14642,0.10275,0.05347,0.02587
HCASE-00989,0.546,0.4242,0.08178,0.10727,0.09033,0.18882,0.67509,0.42341,0.07415,0.40366,0.12842,0.07993,0.11631,0.02996
HCASE-00990,0.13212,0.83549,0.10759,0.15282,0.1165,0.66241,0.26391,0.0378,0.11293,0.04919,0.07181,0.07921,0.07098,0.08351
HCASE-00991,0.08973,0.12031,0.13818,0.08738,0.05332,0.15986,0.07826,0.5921,0.5761,0.13022,0.38096,0.73571,0.09572,0.0795
HCASE-00992,0.80353,0.2568,0.11917,0.07926,0.06575,0.28279,0.09273,0.09102,0.15287,0.68224,0.22198,0.23528,0.16923,0.83708
HCASE-00993,0.73662,0.19372,0.14623,0.18064,0.17973,0.12866,0.14806,0.36848,0.33373,0.41679,0.14093,0.32646,0.05296,0.56354
HCASE-00994,0.0751,0.09634,0.28049,0.10516,0.23361,0.14432,0.03009,0.79633,0.12879,0.19444,0.12874,0.24246,0.74555,0.0429
HCASE-00995,0.95174,0.17802,0.18942,0.21714,0.15927,0.2406,0.0942,0.11193,0.14905,0.7349,0.09467,0.07572,0.07369,0.88975
HCASE-00996,0.87571,0.20089,0.16294,0.18269,0.10628,0.19296,0.32116,0.29002,0.15607,0.67321,0.08009,0.08801,0.04358,0.56769
HCASE-00997,0.11899,0.02256,0.08891,0.06666,0.07147,0.02049,0.13736,0.63923,0.60587,0.13429,0.39403,0.87311,0.1522,0.09137
HCASE-00998,0.14205,0.09499,0.05332,0.15256,0.14774,0.08881,0.11925,0.41384,0.25474,0.03008,0.48085,0.75953,0.05408,0.05265
HCASE-00999,0.22367,0.83543,0.1815,0.1779,0.18849,0.84013,0.27286,0.11071,0.08325,0.0228,0.04495,0.09112,0.11391,0.08867
HCASE-01000,0.08897,0.12772,0.30922,0.4812,0.51017,0.12411,0.02661,0.23848,0.37992,0.1434,0.03175,0.03867,0.0372,0.12622
HCASE-01001,0.03718,0.10636,0.07231,0.05862,0.14738,0.15538,0.02524,0.96804,0.14631,0.12062,0.07207,0.02114,0.8515,0.12136
HCASE-01002,0.07664,0.07243,0.28156,0.04726,0.28367,0.05695,0.13805,0.71543,0.07317,0.15057,0.23368,0.11563,0.67807,0.05551
HCASE-01003,0.07917,0.03861,0.18147,0.04334,0.27711,0.03815,0.02073,0.58567,0.05789,0.10977,0.1305,0.09861,0.52714,0.15759
HCASE-01004,0.73423,0.14324,0.1397,0.08206,0.07694,0.17783,0.0307,0.09582,0.05097,0.77973,0.06496,0.12173,0.15785,0.82375
HCASE-01005,0.06309,0.08977,0.06621,0.13158,0.15508,0.12029,0.0641,0.88627,0.29717,0.13251,0.02626,0.19231,0.54162,0.0865
HCASE-01006,0.14178,0.05312,0.6215,0.38587,0.26709,0.14525,0.02225,0.45752,0.07666,0.1402,0.08784,0.15951,0.07556,0.16117
HCASE-01007,0.70843,0.33468,0.07831,0.14698,0.14836,0.28987,0.04901,0.15962,0.0255,0.40579,0.14783,0.03754,0.05477,0.73786
HCASE-01008,0.07,0.05166,0.28348,0.10124,0.25708,0.06321,0.11179,0.86126,0.16748,0.05236,0.12511,0.05589,0.58224,0.07914
HCASE-01009,0.12208,0.14146,0.05216,0.13546,0.15238,0.10397,0.07952,0.49286,0.51088,0.08809,0.32607,0.73705,0.2135,0.08041
HCASE-01010,0.35521,0.67699,0.02479,0.11172,0.04313,0.17217,0.58876,0.34388,0.15766,0.17464,0.09317,0.0313,0.12983,0.10085
HCASE-01011,0.44001,0.67837,0.03787,0.1353,0.13757,0.81893,0.04836,0.08689,0.02612,0.07771,0.03115,0.14493,0.09285,0.72946
HCASE-01012,0.0852,0.75687,0.14627,0.11702,0.04679,1.0,0.04934,0.08588,0.11881,0.04994,0.07338,0.14807,0.11157,0.33121
HCASE-01013,0.79397,0.14476,0.15364,0.10803,0.0791,0.13954,0.35296,0.32296,0.11308,0.69698,0.19129,0.21961,0.10503,0.58506
HCASE-01014,0.79383,0.29279,0.1062,0.07269,0.10126,0.39078,0.05582,0.15955,0.12263,0.56379,0.07862,0.06212,0.06649,0.83476
HCASE-01015,0.68668,0.7449,0.04682,0.30878,0.25889,0.6407,0.08908,0.04364,0.34888,0.05545,0.13937,0.07737,0.08713,0.56028
HCASE-01016,0.0452,0.02903,0.04045,0.13167,0.09914,0.07862,0.03684,0.35862,0.03255,0.05423,0.60288,0.57898,0.34926,0.25625
HCASE-01017,0.09613,0.0961,0.12973,0.06885,0.09338,0.04185,0.06047,0.3483,0.22616,0.16214,0.6499,0.74676,0.13591,0.04325
HCASE-01018,0.09713,0.041,0.04363,0.08245,0.0964,0.10479,0.1306,0.7701,0.77765,0.07813,0.08853,0.73196,0.02469,0.08085
HCASE-01019,0.62768,0.07392,0.13331,0.06444,0.14584,0.0304,0.50217,0.45541,0.02542,0.57859,0.21067,0.0812,0.1632,0.26417
HCASE-01020,0.20895,0.91276,0.7571,0.04302,0.14177,0.18948,0.07944,0.67641,0.05994,0.134,0.03389,0.05832,0.02807,0.06238
HCASE-01021,0.25823,0.70076,0.14551,0.07994,0.128,0.8669,0.06562,0.11272,0.07404,0.09346,0.0377,0.03523,0.09662,0.40513
HCASE-01022,0.24806,0.59686,0.07459,0.15512,0.13323,0.94146,0.07051,0.14741,0.02145,0.13902,0.1044,0.07725,0.10612,0.27717
HCASE-01023,0.57319,0.80929,0.04417,0.03361,0.07066,0.79754,0.0392,0.15516,0.03697,0.05768,0.04902,0.02825,0.02768,0.4741
HCASE-01024,0.08674,0.75048,0.5591,0.08663,0.03765,0.11648,0.24067,0.40727,0.15478,0.08149,0.14159,0.15689,0.11574,0.15033
HCASE-01025,0.6931,0.2036,0.15432,0.15401,0.11236,0.21787,0.10226,0.116,0.14904,0.62177,0.04917,0.02808,0.11714,0.82895
HCASE-01026,0.57686,0.43395,0.14376,0.12063,0.14415,0.10114,0.71572,0.51801,0.12,0.45783,0.08448,0.15099,0.07447,0.08889
HCASE-01027,0.44523,0.69671,0.14442,0.02825,0.08949,0.19918,0.67335,0.31999,0.04117,0.25516,0.15714,0.07035,0.09523,0.04027
HCASE-01028,0.1085,0.67467,0.10706,0.15477,0.14332,0.73715,0.33758,0.12311,0.13708,0.14854,0.0257,0.14393,0.14432,0.07751
HCASE-01029,0.04754,0.03668,0.65496,0.10592,0.81086,0.03802,0.05917,0.91394,0.1267,0.02464,0.10902,0.03166,0.09689,0.13084
HCASE-01030,0.35921,0.09659,0.12785,0.17316,0.1618,0.19041,0.12202,0.45672,0.5203,0.35237,0.13308,0.50003,0.09626,0.3046
HCASE-01031,0.10834,0.88032,0.78292,0.08779,0.03521,0.07544,0.1245,0.65921,0.11322,0.0915,0.08589,0.09823,0.14783,0.12011
HCASE-01032,0.21966,0.77655,0.20153,0.09871,0.13735,0.74084,0.38418,0.13473,0.02299,0.07,0.03573,0.09758,0.14535,0.12788
HCASE-01033,0.8828,0.65446,0.22739,0.10596,0.23309,0.58849,0.05455,0.13387,0.13606,0.30443,0.02447,0.07946,0.13348,0.75457
HCASE-01034,0.09737,0.05001,0.09838,0.09353,0.12371,0.09245,0.06296,0.4454,0.43688,0.0796,0.28379,0.74136,0.08592,0.22375
HCASE-01035,0.08636,0.47654,0.72531,0.23857,0.13545,0.06689,0.1479,0.67844,0.04932,0.13399,0.21575,0.15177,0.18231,0.08489
HCASE-01036,0.28172,0.59591,0.15832,0.0386,0.02393,0.91549,0.0419,0.08573,0.09935,0.04218,0.05519,0.02347,0.12082,0.28657
HCASE-01037,0.13458,0.06295,0.70886,0.14638,0.5812,0.15111,0.04985,0.70248,0.13289,0.11574,0.1127,0.13252,0.04818,0.09458
HCASE-01038,0.14932,0.15654,0.62325,0.10696,0.57052,0.09819,0.12585,0.70398,0.12809,0.1421,0.09258,0.17796,0.09789,0.06321
HCASE-01039,0.51843,0.38529,0.29606,0.04965,0.05533,0.17858,0.48139,0.50341,0.0565,0.48197,0.03507,0.11923,0.0988,0.07197
HCASE-01040,0.61648,0.50935,0.12906,0.10112,0.04156,0.42936,0.09217,0.09572,0.10723,0.26612,0.11663,0.20869,0.15589,0.64664
HCASE-01041,0.08528,0.1577,0.87489,0.39761,0.24248,0.10905,0.11893,0.76685,0.2385,0.02572,0.11784,0.14605,0.15225,0.02194
HCASE-01042,0.13208,0.10206,0.76858,0.28645,0.46471,0.11638,0.03587,0.72208,0.04827,0.05847,0.06087,0.03777,0.04423,0.10403
HCASE-01043,0.06896,0.68325,0.47877,0.10773,0.04703,0.15924,0.18738,0.38715,0.10352,0.15446,0.02095,0.03735,0.03145,0.18368
HCASE-01044,0.48118,0.54707,0.16514,0.22166,0.24305,0.44934,0.12725,0.16258,0.24288,0.06445,0.08556,0.07122,0.07743,0.51511
HCASE-01045,0.74925,0.49527,0.03237,0.05071,0.11545,0.57505,0.0789,0.24503,0.15327,0.32039,0.07648,0.11913,0.09289,0.70542
HCASE-01046,0.02766,0.12447,0.28102,0.44216,0.63334,0.1283,0.03236,0.29915,0.44566,0.02174,0.06902,0.05962,0.0636,0.10102
HCASE-01047,0.51015,0.29524,0.43074,0.05951,0.05481,0.11238,0.55505,0.71461,0.04889,0.43866,0.04524,0.14545,0.03863,0.13855
HCASE-01048,0.14352,0.73168,0.0688,0.0778,0.03255,0.27039,0.57928,0.09415,0.17841,0.05071,0.13947,0.11557,0.06139,0.12624
HCASE-01049,0.47386,0.24725,0.23008,0.1042,0.14458,0.08384,0.41819,0.70003,0.22268,0.37889,0.12504,0.10385,0.11974,0.10568
HCASE-01050,0.45866,0.71176,0.11872,0.03274,0.13843,0.73477,0.0206,0.13679,0.09797,0.02271,0.10301,0.10709,0.02756,0.65633
HCASE-01051,0.02555,0.75573,0.62306,0.10835,0.08712,0.11085,0.3776,0.59033,0.14068,0.03,0.02252,0.06659,0.14637,0.06936
HCASE-01052,0.06864,0.04109,0.64993,0.25814,0.3897,0.15348,0.03206,0.59654,0.10321,0.14157,0.09026,0.1749,0.12544,0.10201
HCASE-01053,0.64796,0.55054,0.08649,0.3344,0.35964,0.64661,0.05717,0.15757,0.34315,0.15459,0.10883,0.10582,0.06229,0.49818
HCASE-01054,0.10105,0.03526,0.07971,0.03164,0.10032,0.15453,0.14343,0.27354,0.27816,0.24078,0.68104,0.90243,0.21958,0.11745
HCASE-01055,0.6418,0.34691,0.40852,0.16461,0.13719,0.16868,0.50779,0.64148,0.02918,0.4888,0.06577,0.05848,0.08709,0.0959
HCASE-01056,0.14439,0.12357,0.14901,0.07674,0.08734,0.18968,0.11237,0.29401,0.15544,0.06056,0.4685,0.52166,0.35723,0.02636
HCASE-01057,0.37914,0.82304,0.1525,0.18729,0.16325,1.0,0.14642,0.02391,0.09874,0.10637,0.1055,0.07361,0.15209,0.26308
HCASE-01058,0.64053,0.80983,0.15418,0.0554,0.12604,0.9642,0.15408,0.15949,0.09673,0.14749,0.06244,0.08055,0.07268,0.65436
HCASE-01059,0.02857,0.0915,0.93539,0.2496,0.59661,0.10102,0.13089,0.86408,0.04357,0.04095,0.02834,0.09709,0.13279,0.10207
HCASE-01060,0.06731,0.85392,0.13837,0.11898,0.12148,0.02468,0.68589,0.1916,0.1693,0.03492,0.0803,0.12106,0.07605,0.12351
HCASE-01061,0.52046,0.07102,0.05574,0.08784,0.14192,0.09123,0.11225,0.35451,0.20892,0.38299,0.0764,0.24599,0.14465,0.67111
HCASE-01062,0.08419,0.75182,0.15589,0.12989,0.06515,0.40331,0.49487,0.12611,0.04561,0.1207,0.13633,0.09508,0.06659,0.1214
HCASE-01063,0.1248,0.13251,0.82846,0.23883,0.53891,0.03232,0.09842,0.88741,0.15278,0.09343,0.13196,0.03468,0.05071,0.04129
HCASE-01064,0.56599,0.48062,0.09502,0.10504,0.13471,0.18094,0.74298,0.51476,0.12963,0.40185,0.07079,0.08177,0.08436,0.08449
HCASE-01065,0.70597,0.09896,0.19006,0.04096,0.09369,0.02666,0.59228,0.78785,0.05416,0.52362,0.0765,0.03844,0.12201,0.1288
HCASE-01066,0.17128,0.82056,0.15574,0.08323,0.12785,0.45659,0.61703,0.11852,0.05132,0.15212,0.13481,0.07817,0.10002,0.11976
HCASE-01067,0.04465,0.10259,0.26676,0.02523,0.32446,0.10515,0.08383,0.88449,0.21693,0.14797,0.14464,0.05885,0.52175,0.10143
HCASE-01068,0.06041,0.1519,0.66135,0.14316,0.75235,0.1455,0.0576,0.91334,0.12078,0.1434,0.08632,0.15222,0.10923,0.14674
HCASE-01069,0.51597,0.47571,0.06848,0.28104,0.27426,0.55886,0.09573,0.24334,0.3966,0.13704,0.13914,0.11703,0.02791,0.46477
HCASE-01070,0.6532,0.29108,0.11986,0.09885,0.07805,0.32269,0.04984,0.19819,0.14734,0.4273,0.12208,0.13942,0.09628,0.70858
HCASE-01071,0.06733,0.40874,0.70083,0.09435,0.42224,0.12122,0.15815,0.73154,0.11508,0.04854,0.06163,0.13325,0.0556,0.15637
HCASE-01072,0.12766,0.04128,0.74054,0.60429,0.31604,0.11206,0.10657,0.57035,0.20132,0.12966,0.02441,0.13412,0.09929,0.0602
HCASE-01073,0.094,0.12874,0.11077,0.12468,0.04092,0.08479,0.12985,0.57963,0.52811,0.17282,0.36527,0.81912,0.14101,0.05648
HCASE-01074,0.12797,0.39534,0.86565,0.13906,0.58006,0.04362,0.02233,0.8713,0.14391,0.05862,0.12995,0.10179,0.03944,0.0603
HCASE-01075,0.08788,0.05615,0.12801,0.02974,0.13574,0.14715,0.06884,0.31527,0.20991,0.1931,0.67694,0.7356,0.19907,0.15595
HCASE-01076,0.03267,0.33106,0.69799,0.12593,0.46785,0.0266,0.13711,0.75077,0.05173,0.09848,0.14111,0.07078,0.10721,0.04765
HCASE-01077,0.53089,0.67095,0.02379,0.05967,0.07827,0.77063,0.08886,0.05302,0.07734,0.06176,0.15216,0.05671,0.07793,0.63837
HCASE-01078,0.12647,0.34195,0.8162,0.03351,0.49047,0.0698,0.07211,0.81766,0.15859,0.08807,0.03682,0.15633,0.12045,0.1388
HCASE-01079,0.12569,0.06968,0.30986,0.47613,0.73717,0.07632,0.12911,0.29954,0.51202,0.13273,0.09398,0.13588,0.09022,0.22214
HCASE-01080,0.12907,0.55836,0.85235,0.25954,0.06723,0.06409,0.1053,0.74325,0.15721,0.13816,0.10031,0.02719,0.04043,0.1495
HCASE-01081,0.45802,0.5135,0.02925,0.29562,0.3111,0.43748,0.09775,0.13266,0.40409,0.03288,0.02488,0.07296,0.04061,0.54792
HCASE-01082,0.02484,0.91194,0.22851,0.08881,0.14605,0.10645,0.52234,0.35319,0.23862,0.06613,0.0647,0.15705,0.14553,0.12094
HCASE-01083,0.10047,0.21976,0.17974,0.45238,0.62464,0.19625,0.09204,0.35614,0.45573,0.09133,0.11969,0.08879,0.14893,0.06732
HCASE-01084,0.06776,0.02177,0.13323,0.02653,0.04125,0.04373,0.11749,0.38262,0.29237,0.09455,0.48027,0.75547,0.15258,0.05169
HCASE-01085,0.66626,0.88215,0.07446,0.1216,0.03121,1.0,0.0208,0.02176,0.15195,0.05089,0.14529,0.10753,0.02414,0.52972
HCASE-01086,0.14755,0.9156,0.11527,0.13328,0.07984,0.43915,0.59899,0.15092,0.07707,0.15718,0.04725,0.07543,0.03652,0.06929
HCASE-01087,0.29195,0.52439,0.15932,0.09732,0.12554,0.84925,0.09312,0.10133,0.15205,0.21957,0.12327,0.20441,0.18115,0.23925
HCASE-01088,0.21456,0.09269,0.2897,0.74977,0.43014,0.12112,0.03417,0.28647,0.43551,0.04006,0.08536,0.0263,0.04231,0.07621
HCASE-01089,0.77422,0.09522,0.11375,0.12496,0.08261,0.14998,0.28553,0.23967,0.06323,0.68022,0.14864,0.12996,0.1352,0.55075
HCASE-01090,0.1683,0.32094,0.66409,0.05167,0.50362,0.12812,0.09806,0.71045,0.07676,0.14716,0.08259,0.13681,0.07289,0.06438
HCASE-01091,0.02529,0.12131,0.65203,0.07434,0.63839,0.15576,0.03555,0.7814,0.05933,0.12744,0.15625,0.04718,0.06419,0.19847
HCASE-01092,0.76283,0.09098,0.11083,0.20961,0.19227,0.14215,0.29134,0.23445,0.08883,0.59077,0.12547,0.08723,0.05817,0.548
HCASE-01093,0.63309,0.61495,0.11179,0.32023,0.28438,0.56271,0.0815,0.09986,0.30291,0.11,0.1484,0.07082,0.1452,0.47309
HCASE-01094,0.07611,0.03803,0.11695,0.12787,0.10228,0.13984,0.14232,0.49569,0.39529,0.11418,0.38069,0.67542,0.1107,0.21744
HCASE-01095,0.64063,0.51653,0.13278,0.14796,0.15949,0.50662,0.04778,0.16421,0.22683,0.29368,0.05313,0.02758,0.04041,0.69948
HCASE-01096,0.5867,0.42084,0.05617,0.04055,0.03367,0.43724,0.13395,0.09465,0.06274,0.24756,0.08637,0.18149,0.13592,0.60631
HCASE-01097,0.02645,0.02074,0.3378,0.69041,0.41001,0.10659,0.10097,0.24343,0.49766,0.19735,0.11414,0.15326,0.17113,0.12536
HCASE-01098,0.70543,0.38103,0.12284,0.15894,0.06867,0.33391,0.10622,0.15208,0.11632,0.40872,0.08304,0.05607,0.05273,0.74948
HCASE-01099,0.65804,0.67648,0.10916,0.37389,0.37345,0.70178,0.05109,0.12702,0.29792,0.06586,0.04073,0.13636,0.14626,0.59198
HCASE-01100,0.11989,0.14307,0.02727,0.12271,0.1105,0.03636,0.15509,0.80838,0.47294,0.22885,0.21028,0.67266,0.43454,0.09116
HCASE-01101,0.09804,0.13561,0.28441,0.08743,0.23962,0.02553,0.13452,0.77143,0.08054,0.1286,0.24164,0.22557,0.64059,0.12138
HCASE-01102,0.04933,0.05253,0.08372,0.02669,0.09299,0.10861,0.15193,0.42849,0.15875,0.04675,0.49011,0.51194,0.27277,0.06141
HCASE-01103,0.12578,0.33543,0.98491,0.43487,0.12485,0.13484,0.12132,0.7581,0.12427,0.12201,0.12047,0.05505,0.11806,0.10691
HCASE-01104,0.59887,0.40382,0.3104,0.15778,0.15616,0.17123,0.49052,0.68846,0.12053,0.41238,0.15246,0.02867,0.05117,0.14854
HCASE-01105,0.66366,0.42367,0.34875,0.21603,0.21226,0.13832,0.45565,0.70162,0.03475,0.45226,0.14703,0.09227,0.11891,0.03371
HCASE-01106,0.12616,0.11274,0.73863,0.36958,0.30516,0.13601,0.08757,0.64177,0.09824,0.03248,0.10032,0.12324,0.08709,0.02832
HCASE-01107,0.18558,0.74666,0.46188,0.17266,0.10063,0.1935,0.31663,0.43228,0.12955,0.15334,0.05652,0.15234,0.042,0.04002
HCASE-01108,0.57596,0.67785,0.21935,0.40662,0.39141,0.6348,0.06737,0.0368,0.22339,0.14291,0.15386,0.04475,0.11651,0.46888
HCASE-01109,0.132,0.11229,0.22344,0.5845,0.69977,0.0424,0.15669,0.37651,0.4808,0.12108,0.11269,0.18331,0.11634,0.12934
HCASE-01110,0.06049,0.67456,0.79971,0.02346,0.03599,0.14071,0.12349,0.64671,0.03236,0.03726,0.07006,0.15892,0.0455,0.02917
HCASE-01111,0.8022,0.47955,0.0895,0.11614,0.07158,0.50051,0.08909,0.13802,0.26122,0.31132,0.0888,0.07097,0.09754,0.78644
HCASE-01112,0.12171,0.10233,0.08269,0.13979,0.08391,0.0714,0.06162,0.78783,0.62758,0.11561,0.15624,0.79166,0.10976,0.08988
HCASE-01113,0.55783,0.37067,0.30389,0.21328,0.17006,0.15805,0.5127,0.65772,0.04562,0.4657,0.08671,0.12666,0.04377,0.07215
HCASE-01114,0.70593,0.55964,0.1028,0.11428,0.03024,0.46013,0.02873,0.02066,0.07836,0.2761,0.12173,0.13041,0.10824,0.82765
HCASE-01115,0.57402,0.61235,0.14678,0.3902,0.39782,0.6844,0.03502,0.14159,0.35446,0.02102,0.14377,0.14439,0.04271,0.58609
HCASE-01116,0.17796,0.10497,0.65504,0.65715,0.39775,0.14445,0.08828,0.50196,0.2963,0.07808,0.11382,0.07021,0.0903,0.12925
HCASE-01117,0.05246,0.07973,0.13895,0.03136,0.03521,0.10353,0.11478,0.36289,0.24614,0.11271,0.74893,0.83322,0.18335,0.05794
HCASE-01118,0.04492,0.15096,0.72765,0.23122,0.55611,0.15878,0.04999,0.72226,0.08275,0.12804,0.03058,0.07392,0.06344,0.22517
HCASE-01119,0.47732,0.42826,0.14199,0.29763,0.36372,0.51464,0.12515,0.12219,0.27667,0.1264,0.10524,0.15633,0.1535,0.70242
HCASE-01120,0.52998,0.67245,0.13499,0.06881,0.04507,0.83995,0.11181,0.23426,0.20326,0.14783,0.12433,0.13981,0.07581,0.51163
HCASE-01121,0.15561,0.12984,0.59028,0.28983,0.46671,0.18235,0.03127,0.64271,0.05782,0.06053,0.13904,0.03043,0.12608,0.14889
HCASE-01122,0.04136,0.13547,0.41155,0.1392,0.50026,0.13261,0.1435,0.79172,0.10059,0.14537,0.07625,0.11997,0.28692,0.06972
HCASE-01123,0.43097,0.77337,0.2035,0.10016,0.12447,0.90771,0.02309,0.10521,0.1268,0.14487,0.07997,0.15154,0.1545,0.30556
HCASE-01124,0.65116,0.27879,0.15683,0.10709,0.0428,0.22137,0.12481,0.10315,0.08979,0.42739,0.10914,0.07881,0.09093,0.9299
HCASE-01125,0.65302,0.40966,0.22096,0.13055,0.18795,0.11457,0.76235,0.46187,0.11026,0.40226,0.03696,0.03626,0.0959,0.12735
HCASE-01126,0.06454,0.14254,0.09741,0.07609,0.0338,0.03203,0.09822,0.91798,0.30751,0.11303,0.10514,0.25468,0.59092,0.06461
HCASE-01127,0.55552,0.50517,0.15101,0.29059,0.31891,0.55359,0.03523,0.12901,0.26361,0.03555,0.14274,0.06978,0.14229,0.75016
HCASE-01128,0.07868,0.13423,0.03406,0.0817,0.15341,0.03909,0.06624,0.06142,0.10989,0.13665,0.86864,0.73476,0.12073,0.04371
HCASE-01129,0.06947,0.05609,0.1319,0.0738,0.04985,0.04836,0.0491,0.79178,0.41347,0.03753,0.08826,0.47084,0.30995,0.27201
HCASE-01130,0.19598,0.58947,0.04197,0.12681,0.05317,0.08174,0.71537,0.18531,0.12874,0.22454,0.15139,0.14542,0.04682,0.20713
HCASE-01131,0.05046,0.03239,0.0348,0.12351,0.12869,0.11105,0.09837,0.11639,0.15743,0.12653,0.78081,0.90709,0.12301,0.08999
HCASE-01132,0.58085,0.07681,0.20785,0.07229,0.09218,0.05754,0.23603,0.33914,0.02425,0.56299,0.15218,0.14254,0.10996,0.51797
HCASE-01133,0.2023,0.18249,0.58507,0.06993,0.63446,0.12052,0.08486,0.60533,0.05457,0.07605,0.058,0.07009,0.04579,0.04035
HCASE-01134,0.85477,0.56365,0.18935,0.16274,0.25149,0.61264,0.09401,0.11244,0.08862,0.26288,0.10059,0.02188,0.15664,0.9006
HCASE-01135,0.13292,0.09404,0.06516,0.02989,0.14437,0.13708,0.06755,0.88212,0.49661,0.06434,0.08128,0.48096,0.31315,0.11052
HCASE-01136,0.31337,0.16548,0.08532,0.07779,0.07402,0.18509,0.1192,0.42283,0.36741,0.16858,0.07276,0.39887,0.02023,0.25725
HCASE-01137,0.12874,0.58613,0.11596,0.12343,0.13994,0.57697,0.22645,0.13063,0.14292,0.08526,0.05762,0.02906,0.09213,0.06295
HCASE-01138,0.94428,0.20387,0.13133,0.04714,0.09165,0.18135,0.09822,0.09187,0.13882,0.7421,0.02609,0.02649,0.11596,0.90969
HCASE-01139,0.09802,0.11501,0.237,0.05048,0.31579,0.02985,0.10726,0.89683,0.15629,0.04335,0.10214,0.06131,0.66691,0.25481
HCASE-01140,0.06477,0.56463,0.81373,0.07091,0.25372,0.13218,0.02056,0.74636,0.06286,0.13103,0.112,0.03957,0.09115,0.14426
HCASE-01141,0.08099,0.04487,0.12011,0.08486,0.02343,0.14638,0.12928,0.24566,0.04952,0.05599,0.51589,0.46483,0.3786,0.18443
HCASE-01142,0.09416,0.61876,0.15998,0.09318,0.11706,0.92306,0.10296,0.05622,0.09171,0.03433,0.06405,0.15547,0.06878,0.14056
HCASE-01143,0.64585,0.13635,0.12533,0.14145,0.14235,0.10349,0.28496,0.32032,0.08356,0.58636,0.07733,0.1236,0.02455,0.67813
HCASE-01144,0.84144,0.35544,0.04186,0.10406,0.03591,0.33751,0.04671,0.15191,0.15948,0.49007,0.09796,0.14513,0.06325,0.74881
HCASE-01145,0.08697,0.74935,0.19727,0.13391,0.20395,0.8038,0.26941,0.11516,0.12886,0.10613,0.08423,0.03395,0.02726,0.0912
HCASE-01146,0.18704,0.13666,0.70205,0.13308,0.66387,0.16482,0.15236,0.6431,0.05459,0.02626,0.13333,0.15967,0.08137,0.14265
HCASE-01147,0.29855,0.67589,0.13398,0.13594,0.10533,0.09522,0.78398,0.33307,0.13576,0.21164,0.10413,0.13475,0.0278,0.06786
HCASE-01148,0.11828,0.60565,0.09456,0.04543,0.03062,0.64852,0.3254,0.06187,0.10828,0.03282,0.08524,0.04205,0.13443,0.18127
HCASE-01149,0.11413,0.3028,0.81243,0.48305,0.09368,0.09076,0.09953,0.82068,0.1486,0.05917,0.04073,0.10228,0.06006,0.14779
HCASE-01150,0.13966,0.2147,0.03442,0.11697,0.15506,0.12839,0.07742,0.32052,0.10806,0.13398,0.5754,0.48099,0.40525,0.14467
HCASE-01151,0.27038,0.26719,0.14405,0.56767,0.41386,0.27704,0.04677,0.12687,0.56135,0.05854,0.0909,0.14319,0.08814,0.43309
HCASE-01152,0.24709,0.74691,0.1297,0.10403,0.15989,0.96624,0.05532,0.03709,0.04858,0.05047,0.09671,0.08389,0.11249,0.3225
HCASE-01153,0.18447,0.20029,0.23556,0.05076,0.34405,0.13882,0.12367,0.71634,0.03394,0.11109,0.10729,0.10178,0.59874,0.1532
HCASE-01154,0.62594,0.5592,0.09407,0.09278,0.05872,0.53707,0.11081,0.10606,0.09838,0.31523,0.14228,0.031,0.08905,0.84448
HCASE-01155,0.04892,0.02633,0.17265,0.12691,0.3111,0.09794,0.06394,0.71111,0.04129,0.1203,0.12299,0.14175,0.63158,0.15558
HCASE-01156,0.54976,0.86673,0.13182,0.2364,0.11741,0.99315,0.09348,0.0333,0.12195,0.04894,0.1534,0.08471,0.09081,0.53137
HCASE-01157,0.04515,0.02826,0.12695,0.08125,0.12388,0.0993,0.03437,0.71501,0.29122,0.09191,0.08554,0.29074,0.54087,0.21457
HCASE-01158,0.02655,0.86236,0.45341,0.06239,0.14316,0.06625,0.6311,0.28875,0.0521,0.15839,0.08437,0.11578,0.06487,0.1395
HCASE-01159,0.16498,0.69698,0.07978,0.12065,0.11944,0.74945,0.25849,0.1261,0.10866,0.12432,0.08604,0.1087,0.1002,0.12052
HCASE-01160,0.0622,0.11715,0.26102,0.15792,0.26414,0.13826,0.08623,0.75857,0.15309,0.19255,0.20842,0.14107,0.63505,0.13603
HCASE-01161,0.31792,0.03533,0.09386,0.03959,0.05101,0.07035,0.13064,0.47477,0.46325,0.21626,0.03368,0.49851,0.09243,0.43105
HCASE-01162,0.53216,0.81064,0.15754,0.10218,0.12847,0.91482,0.15105,0.10132,0.07171,0.10719,0.10323,0.03706,0.15878,0.50044
HCASE-01163,0.20063,0.91712,0.18537,0.14193,0.14201,0.19294,0.74428,0.03419,0.15618,0.10965,0.096,0.12944,0.12914,0.10142
HCASE-01164,0.21011,0.17638,0.55981,0.65435,0.32789,0.15905,0.06884,0.44151,0.3027,0.12483,0.05451,0.0261,0.03444,0.11686
HCASE-01165,0.13203,0.05381,0.07219,0.05101,0.15451,0.02726,0.05631,0.71108,0.22511,0.08804,0.2109,0.40567,0.60922,0.02277
HCASE-01166,0.12539,0.15276,0.22709,0.14069,0.23122,0.07784,0.07365,0.83436,0.16018,0.02617,0.07334,0.13789,0.54404,0.15323
HCASE-01167,0.11471,0.93662,0.3056,0.15242,0.13778,0.21953,0.52765,0.27877,0.05153,0.10426,0.02989,0.10117,0.05768,0.12504
HCASE-01168,0.19572,0.87597,0.3439,0.14069,0.11098,0.16359,0.47827,0.31763,0.02335,0.08775,0.15275,0.13962,0.0628,0.15906
HCASE-01169,0.13659,0.39607,0.76723,0.41416,0.10774,0.13233,0.15573,0.74433,0.19679,0.09685,0.10026,0.04891,0.10167,0.06028
HCASE-01170,0.05439,0.10448,0.22213,0.09496,0.19546,0.03758,0.02498,0.61265,0.05359,0.03883,0.09024,0.15848,0.58888,0.21449
HCASE-01171,0.33146,0.11436,0.18061,0.0972,0.18718,0.12862,0.05816,0.58371,0.48031,0.20255,0.02671,0.49453,0.04628,0.31235
HCASE-01172,0.08884,0.39641,0.83679,0.10608,0.49679,0.08215,0.08556,0.80189,0.13711,0.15264,0.03448,0.0343,0.11315,0.03211
HCASE-01173,0.09189,0.70291,0.15602,0.08867,0.09697,0.50632,0.51594,0.07155,0.15591,0.02213,0.05361,0.09371,0.04914,0.02155
HCASE-01174,0.06524,0.12154,0.76656,0.33332,0.21465,0.0501,0.07207,0.75555,0.20276,0.05002,0.02738,0.0328,0.09457,0.02491
HCASE-01175,0.09664,0.905,0.66081,0.13393,0.0368,0.14793,0.07399,0.55087,0.04857,0.02184,0.10268,0.13317,0.14297,0.0352
HCASE-01176,0.54406,0.65847,0.06569,0.04733,0.12128,0.87246,0.02603,0.14426,0.17577,0.06505,0.13916,0.04776,0.15449,0.52328
HCASE-01177,0.55527,0.12016,0.08147,0.08106,0.08592,0.12325,0.08495,0.30847,0.4008,0.38083,0.10893,0.35582,0.08459,0.52151
HCASE-01178,0.11586,0.5925,0.72216,0.02594,0.32976,0.05766,0.15653,0.63871,0.04937,0.22921,0.14887,0.20051,0.22689,0.06799
HCASE-01179,0.14281,0.18984,0.14847,0.04849,0.04112,0.09163,0.04726,0.68463,0.6907,0.11884,0.05758,0.72793,0.06679,0.13958
HCASE-01180,0.02737,0.6,0.88568,0.05731,0.25052,0.05983,0.05766,0.77784,0.10982,0.04507,0.14702,0.09934,0.14804,0.11968
HCASE-01181,0.0872,0.40108,0.73356,0.08208,0.59634,0.07057,0.05745,0.91425,0.14322,0.08297,0.11669,0.03936,0.04788,0.04838
HCASE-01182,0.08936,0.09969,0.6331,0.10005,0.53022,0.05589,0.0425,0.817,0.14633,0.02398,0.0998,0.12084,0.34675,0.10214
HCASE-01183,0.05676,0.09513,0.02692,0.11112,0.12964,0.09772,0.03898,0.27714,0.15221,0.18588,0.63288,0.62942,0.36836,0.04509
HCASE-01184,0.05084,0.15358,0.63438,0.79695,0.31302,0.05412,0.05516,0.63343,0.38347,0.06783,0.086,0.0668,0.06391,0.14481
HCASE-01185,0.08012,0.58627,0.70114,0.23319,0.10465,0.16908,0.09304,0.51528,0.09904,0.03889,0.04478,0.14856,0.08604,0.06735
HCASE-01186,0.1529,0.13409,0.04369,0.06423,0.03037,0.11609,0.03641,0.8991,0.62589,0.12769,0.04772,0.59219,0.38409,0.14905
HCASE-01187,0.2282,0.64662,0.23648,0.08524,0.15925,0.11641,0.78581,0.41062,0.03452,0.23371,0.04586,0.12982,0.06317,0.05303
HCASE-01188,0.28764,0.7062,0.10434,0.13735,0.06967,0.03129,0.76505,0.29164,0.0985,0.33168,0.19367,0.23948,0.11753,0.08698
HCASE-01189,0.10581,0.24683,0.71549,0.02044,0.4864,0.0334,0.15332,0.70076,0.05415,0.05259,0.15748,0.13229,0.04672,0.24306
HCASE-01190,0.72998,0.54485,0.07097,0.02659,0.06091,0.43291,0.10485,0.14985,0.13856,0.28069,0.05757,0.12021,0.12786,0.86887
HCASE-01191,0.17687,0.87802,0.85881,0.2017,0.09603,0.18778,0.12564,0.64226,0.12878,0.06569,0.06702,0.11179,0.06906,0.08728
HCASE-01192,0.10159,0.6209,0.89264,0.22086,0.06368,0.10276,0.10907,0.79263,0.11625,0.10151,0.02127,0.14701,0.04263,0.03767
HCASE-01193,0.08344,0.61184,0.84351,0.1643,0.0403,0.1253,0.04793,0.69094,0.07371,0.11678,0.10712,0.04927,0.03091,0.0651
HCASE-01194,0.08293,0.0866,0.06371,0.10168,0.04218,0.06841,0.07468,0.82147,0.14237,0.1704,0.24102,0.15366,0.96559,0.02994
HCASE-01195,0.12074,0.05603,0.97969,0.64432,0.05634,0.08636,0.15583,0.69882,0.15201,0.11436,0.02813,0.15257,0.08265,0.23391
HCASE-01196,0.71442,0.02078,0.04782,0.09586,0.07827,0.04983,0.23408,0.22606,0.11916,0.69478,0.14062,0.2295,0.15088,0.51746
HCASE-01197,0.02762,0.0481,0.489,0.45885,0.28974,0.09849,0.02987,0.34415,0.22407,0.11057,0.13061,0.08974,0.1015,0.11771
HCASE-01198,0.13603,0.11698,0.31998,0.80622,0.55094,0.15444,0.1579,0.37265,0.51495,0.06565,0.03676,0.08221,0.07737,0.0427
HCASE-01199,0.77944,0.3643,0.03093,0.08477,0.06779,0.34367,0.12083,0.1285,0.08205,0.41658,0.07251,0.08575,0.10426,0.82776
HCASE-01200,0.79259,0.09791,0.03498,0.05996,0.15058,0.13672,0.0514,0.10604,0.03684,0.75076,0.10282,0.11431,0.05898,1.0
HCASE-01201,0.12719,0.06565,0.59898,0.11399,0.59616,0.06998,0.08556,0.67981,0.06716,0.05708,0.09533,0.14305,0.11977,0.14916
HCASE-01202,0.12715,0.57467,0.81768,0.08664,0.238,0.11998,0.02897,0.8341,0.15683,0.09876,0.04658,0.08146,0.0746,0.09569
HCASE-01203,0.05449,0.09088,0.04949,0.09158,0.14837,0.1082,0.07879,0.33476,0.02028,0.17844,0.75163,0.76256,0.40793,0.11305
HCASE-01204,0.06588,0.67378,0.0437,0.14425,0.04974,0.64351,0.22843,0.08085,0.099,0.1377,0.04562,0.13527,0.10986,0.13776
HCASE-01205,0.15431,0.13009,0.31716,0.76633,0.54091,0.16866,0.07331,0.28291,0.5558,0.10057,0.14822,0.13414,0.13806,0.05816
HCASE-01206,0.0713,0.11549,0.77389,0.43912,0.33147,0.14804,0.041,0.64034,0.14968,0.0324,0.10316,0.08943,0.03389,0.13775
HCASE-01207,0.04887,0.34429,0.8233,0.42159,0.12175,0.14981,0.09308,0.74756,0.1322,0.0752,0.03792,0.02129,0.10842,0.11384
HCASE-01208,0.07971,0.09632,0.12409,0.09461,0.09106,0.09219,0.15356,0.67448,0.27798,0.05225,0.14327,0.24806,0.4958,0.04512
HCASE-01209,0.10239,0.58425,0.86049,0.03707,0.28863,0.07851,0.06014,0.85416,0.09669,0.10205,0.0784,0.15972,0.13568,0.03278
HCASE-01210,0.11224,0.14203,0.14672,0.15994,0.13584,0.07852,0.11052,0.6703,0.59846,0.02452,0.13194,0.69948,0.15002,0.19665
HCASE-01211,0.14278,0.32044,0.84179,0.06465,0.59054,0.08686,0.03123,0.80047,0.04136,0.10879,0.14067,0.07985,0.05337,0.07251
HCASE-01212,0.07183,0.70995,0.09116,0.14154,0.0835,0.38796,0.42523,0.10093,0.10489,0.1377,0.14785,0.11094,0.07075,0.15448
HCASE-01213,0.7124,0.19537,0.14099,0.04572,0.06409,0.22151,0.42656,0.4597,0.04396,0.70172,0.03792,0.1471,0.09759,0.26392
HCASE-01214,0.09575,0.80592,0.60624,0.0444,0.02266,0.0748,0.32791,0.44231,0.10329,0.04946,0.08159,0.15326,0.05607,0.02381
HCASE-01215,0.5605,0.15731,0.11371,0.10005,0.12357,0.1682,0.1395,0.36126,0.27332,0.43715,0.0695,0.29883,0.14158,0.63719
HCASE-01216,0.04283,0.14455,0.92726,0.48755,0.36251,0.13528,0.07935,0.83249,0.13138,0.03502,0.05447,0.13777,0.15567,0.05253
HCASE-01217,0.08594,0.70516,0.74975,0.1055,0.04687,0.19007,0.09625,0.64615,0.03189,0.14848,0.03631,0.04799,0.09645,0.04933
HCASE-01218,0.06455,0.28683,0.84695,0.42619,0.07208,0.06222,0.06112,0.71053,0.07006,0.11527,0.05151,0.11802,0.15448,0.26567
HCASE-01219,0.4555,0.58844,0.17362,0.31248,0.34164,0.4859,0.0808,0.11664,0.29922,0.04023,0.03869,0.03999,0.03695,0.42732
HCASE-01220,0.61802,0.47998,0.0222,0.14142,0.10724,0.47846,0.03304,0.13973,0.23042,0.26954,0.04825,0.02962,0.12857,0.65072
HCASE-01221,0.08442,0.60373,0.74316,0.18338,0.09425,0.1301,0.13495,0.55255,0.05408,0.08353,0.13711,0.03283,0.15734,0.09089
HCASE-01222,0.14522,0.64696,0.44558,0.15711,0.10105,0.18099,0.27529,0.3775,0.03569,0.05352,0.05037,0.15737,0.07092,0.05728
HCASE-01223,0.2574,0.09452,0.09384,0.02394,0.08428,0.12013,0.03259,0.59781,0.56574,0.31459,0.15505,0.59582,0.11911,0.33265
HCASE-01224,0.13208,0.7398,0.14057,0.14696,0.09557,0.7655,0.3624,0.03688,0.11368,0.07723,0.03472,0.15459,0.15806,0.13582
HCASE-01225,0.39392,0.41209,0.0407,0.27992,0.30438,0.45366,0.05439,0.14985,0.34129,0.07442,0.12413,0.10048,0.1128,0.51177
HCASE-01226,0.0203,0.10623,0.2527,0.1155,0.27731,0.09978,0.14318,0.7285,0.13116,0.03192,0.14933,0.15573,0.62492,0.27722
HCASE-01227,0.05647,0.02834,0.23223,0.46528,0.7022,0.14807,0.13676,0.4289,0.58019,0.08418,0.05233,0.05583,0.06015,0.033
HCASE-01228,0.60689,0.14167,0.14322,0.10143,0.14991,0.11733,0.42021,0.36556,0.07367,0.63496,0.17342,0.07522,0.18203,0.30099
HCASE-01229,0.29398,0.02027,0.15135,0.06418,0.06604,0.09972,0.15095,0.44858,0.47348,0.253,0.18408,0.51148,0.11936,0.27119
HCASE-01230,0.32305,0.73174,0.19018,0.05096,0.07393,0.03139,0.82061,0.35132,0.12121,0.30511,0.11905,0.05581,0.15342,0.11244
HCASE-01231,0.67973,0.59277,0.08171,0.1286,0.13166,0.54582,0.11603,0.05531,0.03109,0.30729,0.04403,0.10793,0.07255,0.93747
HCASE-01232,0.30224,0.57962,0.02758,0.02336,0.15263,0.77622,0.05206,0.10209,0.0675,0.16623,0.19904,0.20649,0.15951,0.31083
HCASE-01233,0.14875,0.11686,0.11669,0.13473,0.14024,0.14521,0.11718,0.82421,0.68806,0.13379,0.0577,0.73112,0.10073,0.05661
HCASE-01234,0.19415,0.90733,0.35543,0.02905,0.04209,0.11514,0.60351,0.29963,0.11508,0.10082,0.08731,0.05339,0.06682,0.02867
HCASE-01235,0.32615,0.3658,0.09568,0.50801,0.5218,0.34856,0.15315,0.11443,0.41812,0.15888,0.12091,0.0284,0.10469,0.28187
HCASE-01236,0.6945,0.05055,0.09535,0.0387,0.05495,0.11929,0.66046,0.57984,0.06248,0.52602,0.13229,0.15181,0.20806,0.15108
HCASE-01237,0.12501,0.07736,0.02424,0.14467,0.07862,0.06939,0.07188,0.28502,0.20809,0.13108,0.67106,0.89645,0.09325,0.04996
HCASE-01238,0.05516,0.11812,0.91064,0.45198,0.38417,0.02338,0.12434,0.84846,0.12419,0.15261,0.09081,0.11983,0.12523,0.03646
HCASE-01239,0.15592,0.03458,0.14551,0.1492,0.06249,0.02778,0.08419,0.66831,0.60686,0.03209,0.30117,0.85056,0.12345,0.11332
HCASE-01240,0.14541,0.36329,0.74347,0.1118,0.46103,0.13901,0.15309,0.83176,0.17095,0.10181,0.0797,0.07779,0.08473,0.02132
HCASE-01241,0.12114,0.31804,0.77378,0.11467,0.48281,0.08697,0.1182,0.7814,0.181,0.04306,0.10178,0.13409,0.04967,0.04741
HCASE-01242,0.85242,0.36264,0.1719,0.12447,0.21546,0.36815,0.10124,0.02751,0.15327,0.51084,0.07117,0.06402,0.10536,0.86634
HCASE-01243,0.05307,0.02339,0.0595,0.06059,0.13896,0.08028,0.07791,0.72306,0.3071,0.21404,0.1601,0.36309,0.70464,0.10285
HCASE-01244,0.49148,0.39746,0.39,0.14787,0.02816,0.12462,0.45537,0.73182,0.15422,0.50379,0.11603,0.10049,0.08369,0.04682
HCASE-01245,0.19072,0.21733,0.2159,0.82533,0.8309,0.15384,0.0807,0.03723,0.68462,0.02126,0.05014,0.05332,0.04388,0.12511
HCASE-01246,0.15138,0.8895,0.05541,0.09899,0.02428,0.49522,0.53936,0.10055,0.05383,0.1332,0.12742,0.02919,0.09789,0.02529
HCASE-01247,0.1081,0.04423,0.14668,0.111,0.06843,0.14367,0.1019,0.20333,0.24769,0.15438,0.66117,0.84,0.14003,0.05815
HCASE-01248,0.57147,0.36176,0.34275,0.09226,0.08331,0.16067,0.54732,0.72055,0.07577,0.52453,0.11477,0.15351,0.10232,0.10767
HCASE-01249,0.06076,0.08648,0.28556,0.15239,0.24473,0.10161,0.11922,0.67592,0.04697,0.04594,0.04304,0.11842,0.53985,0.15256
HCASE-01250,0.57462,0.61831,0.14708,0.46147,0.38937,0.51916,0.13928,0.11837,0.29694,0.14607,0.13356,0.05821,0.15281,0.56957
HCASE-01251,0.07392,0.33447,0.78665,0.05708,0.56587,0.05976,0.14311,0.77786,0.19911,0.14552,0.08134,0.06563,0.05643,0.07266
HCASE-01252,0.2052,0.53366,0.13038,0.12708,0.13093,0.14029,0.7383,0.30092,0.02569,0.31063,0.19505,0.21767,0.18033,0.07474
HCASE-01253,0.09936,0.10584,0.15048,0.10924,0.13522,0.15998,0.12876,0.374,0.30026,0.05608,0.55513,0.75387,0.13228,0.0809
HCASE-01254,0.22405,0.52285,0.16962,0.08075,0.02024,0.87814,0.15079,0.20584,0.15516,0.13873,0.03891,0.03831,0.05554,0.2151
HCASE-01255,0.77073,0.11595,0.10547,0.11847,0.13746,0.19917,0.22657,0.27399,0.07147,0.67757,0.03045,0.15756,0.14068,0.50975
HCASE-01256,0.71613,0.21261,0.1137,0.04475,0.02308,0.11095,0.5038,0.44169,0.03421,0.64557,0.03203,0.09374,0.07176,0.37023
HCASE-01257,0.51691,0.60679,0.19532,0.35946,0.31986,0.50213,0.08805,0.02434,0.22021,0.1143,0.13631,0.02962,0.05147,0.50004
HCASE-01258,0.14125,0.04978,0.72551,0.63939,0.36696,0.10163,0.1537,0.50117,0.21025,0.0333,0.13569,0.03445,0.03385,0.11047
HCASE-01259,0.06687,0.10582,0.08899,0.12728,0.06075,0.07109,0.08126,0.35198,0.26553,0.10963,0.56851,0.85335,0.17754,0.04485
HCASE-01260,0.16179,0.09369,0.38969,0.63602,0.48759,0.14671,0.13523,0.35397,0.40955,0.15907,0.04249,0.05886,0.04823,0.13593
HCASE-01261,0.08462,0.18329,0.30326,0.08151,0.31784,0.10605,0.08382,0.73374,0.11608,0.14834,0.08725,0.08197,0.5567,0.11654
HCASE-01262,0.02114,0.04576,0.80107,0.46837,0.33378,0.0581,0.07678,0.83049,0.2013,0.04428,0.15801,0.1496,0.15686,0.07361
HCASE-01263,0.09457,0.1086,0.67488,0.55492,0.27811,0.11981,0.14042,0.40881,0.26068,0.05764,0.15811,0.13486,0.10577,0.05603
HCASE-01264,0.04065,0.28795,0.92672,0.49068,0.09255,0.09426,0.12828,0.82862,0.23788,0.06895,0.14318,0.03863,0.0336,0.09461
HCASE-01265,0.20491,0.64743,0.08012,0.20819,0.08215,0.68343,0.37201,0.04865,0.0357,0.1518,0.0587,0.12697,0.07081,0.10451
HCASE-01266,0.21965,0.10671,0.11386,0.15032,0.0723,0.13003,0.10036,0.48219,0.41717,0.23697,0.03349,0.46385,0.02203,0.45852
HCASE-01267,0.39439,0.29188,0.15969,0.06118,0.12756,0.14486,0.68261,0.47912,0.0688,0.37131,0.09979,0.1839,0.17656,0.12686
HCASE-01268,0.34013,0.67355,0.14333,0.1523,0.14411,0.06901,0.68699,0.25391,0.09002,0.17569,0.06472,0.11674,0.1216,0.02824
HCASE-01269,0.52786,0.45083,0.12187,0.11823,0.12521,0.17474,0.62659,0.51346,0.09488,0.40127,0.13664,0.15074,0.02739,0.13497
HCASE-01270,0.69082,0.28686,0.04332,0.04603,0.09342,0.38284,0.05324,0.08061,0.12349,0.4883,0.04403,0.11137,0.02608,0.67532
HCASE-01271,0.63153,0.41101,0.15634,0.11269,0.13027,0.42674,0.02262,0.12101,0.04095,0.38315,0.11889,0.17908,0.09813,0.57248
HCASE-01272,0.53716,0.50062,0.12622,0.45746,0.44131,0.60415,0.08964,0.12814,0.2299,0.06937,0.13666,0.13474,0.13034,0.42672
HCASE-01273,0.33646,0.5212,0.05396,0.14249,0.04618,0.83376,0.12549,0.0754,0.02007,0.02154,0.02871,0.04797,0.06505,0.30532
HCASE-01274,0.56658,0.46896,0.10632,0.26533,0.28889,0.48372,0.0491,0.15302,0.29452,0.11794,0.04835,0.0365,0.11371,0.48519
HCASE-01275,0.12554,0.02714,0.24395,0.0548,0.33736,0.09965,0.02915,0.83939,0.15938,0.13524,0.13544,0.14953,0.64707,0.05317
HCASE-01276,0.16874,0.16645,0.11339,0.05019,0.11464,0.16119,0.1178,0.73091,0.46346,0.02883,0.13665,0.47846,0.25826,0.15476
HCASE-01277,0.60925,0.61078,0.08397,0.27316,0.29883,0.65326,0.07244,0.10606,0.3428,0.14378,0.14816,0.12114,0.07395,0.58123
HCASE-01278,0.12567,0.15478,0.15794,0.03132,0.14338,0.06022,0.03662,0.75579,0.23694,0.22885,0.24854,0.37938,0.6399,0.03185
HCASE-01279,0.03438,0.03253,0.98745,0.32293,0.5386,0.11298,0.08367,0.85611,0.0918,0.15097,0.15488,0.03617,0.13595,0.15167
HCASE-01280,0.5852,0.26931,0.03981,0.0454,0.09658,0.32606,0.03308,0.04083,0.13736,0.49228,0.03016,0.05956,0.04601,0.89276
HCASE-01281,0.3241,0.66632,0.13632,0.12408,0.08119,0.81339,0.08891,0.14604,0.05424,0.15274,0.1125,0.07341,0.14715,0.2084
HCASE-01282,0.23014,0.84533,0.16091,0.23751,0.21919,0.83687,0.23815,0.03943,0.15236,0.06317,0.10158,0.07608,0.02532,0.03534
HCASE-01283,0.15257,0.66754,0.11558,0.02193,0.09319,1.0,0.04537,0.17378,0.08923,0.03392,0.04139,0.08951,0.10639,0.0653
HCASE-01284,0.15129,0.03383,0.31772,0.08597,0.35259,0.05265,0.04456,0.84063,0.06858,0.15611,0.23992,0.19784,0.63507,0.1178
HCASE-01285,0.15051,0.75315,0.08048,0.02195,0.1071,0.69509,0.33798,0.08192,0.12689,0.10226,0.02416,0.08323,0.0664,0.08853
HCASE-01286,0.2657,0.1212,0.04721,0.05773,0.06029,0.08406,0.14502,0.55215,0.52378,0.28395,0.15089,0.49645,0.12411,0.31507
HCASE-01287,0.0393,0.03478,0.30709,0.06969,0.35608,0.11139,0.09224,0.8639,0.17053,0.05152,0.10692,0.11775,0.58025,0.03925
HCASE-01288,0.03053,0.05363,0.14115,0.14997,0.02137,0.09371,0.09783,0.26156,0.25853,0.13589,0.50405,0.66949,0.06243,0.09567
HCASE-01289,0.04423,0.70696,0.53552,0.05915,0.11449,0.09042,0.31257,0.37728,0.02028,0.08787,0.14731,0.0915,0.03465,0.20155
HCASE-01290,0.276,0.65305,0.1401,0.12594,0.13165,0.92202,0.05541,0.21535,0.11852,0.12633,0.12158,0.11045,0.07999,0.25106
HCASE-01291,0.37231,0.30533,0.19208,0.52257,0.61824,0.33348,0.03412,0.15652,0.51946,0.09807,0.09289,0.104,0.06592,0.25813
HCASE-01292,0.06811,0.15503,0.04947,0.09951,0.12195,0.08493,0.03659,0.28991,0.13331,0.11646,0.69536,0.65404,0.49366,0.11871
HCASE-01293,0.1861,0.20185,0.05307,0.13313,0.04437,0.13187,0.11713,0.34906,0.20028,0.08419,0.46863,0.71937,0.09522,0.1213
HCASE-01294,0.24549,0.26138,0.15818,0.45946,0.53559,0.26049,0.03152,0.08676,0.4303,0.11718,0.08135,0.07031,0.13849,0.19974
HCASE-01295,0.1237,0.13865,0.91451,0.52875,0.03304,0.04359,0.10297,0.71013,0.17518,0.14745,0.04678,0.02969,0.12517,0.03502
HCASE-01296,0.43175,0.31917,0.15186,0.0211,0.13116,0.15194,0.42016,0.50641,0.09659,0.40974,0.14581,0.15345,0.0952,0.11761
HCASE-01297,0.54334,0.39051,0.13859,0.03901,0.02547,0.18371,0.67595,0.41251,0.06718,0.33719,0.15156,0.08025,0.0589,0.09693
HCASE-01298,0.07488,0.1588,0.03285,0.07404,0.02438,0.1564,0.06072,0.3412,0.09828,0.13942,0.56643,0.60595,0.28051,0.24362
HCASE-01299,0.14001,0.28259,0.76085,0.46324,0.12161,0.13115,0.08654,0.6145,0.13763,0.07086,0.14446,0.11296,0.13228,0.21544
HCASE-01300,0.22332,0.90789,0.84904,0.15682,0.14279,0.10888,0.08417,0.73843,0.13151,0.13101,0.09347,0.08245,0.02682,0.02041
HCASE-01301,0.50024,0.42127,0.04642,0.24669,0.30128,0.56344,0.15416,0.15123,0.32666,0.12764,0.1377,0.08918,0.03053,0.47225
HCASE-01302,0.12086,0.0617,0.10452,0.13392,0.05115,0.05933,0.14651,0.33158,0.16525,0.20716,0.69495,0.80467,0.11759,0.15779
HCASE-01303,0.05192,0.0642,0.10966,0.08285,0.06511,0.08137,0.04474,0.81813,0.1389,0.16243,0.1985,0.18761,0.97445,0.12075
HCASE-01304,0.26149,0.63758,0.10514,0.17971,0.22311,0.94725,0.05405,0.04475,0.13968,0.03469,0.13039,0.07866,0.104,0.25617
HCASE-01305,0.14479,0.16649,0.16699,0.09863,0.17269,0.12728,0.08642,0.28501,0.27583,0.1367,0.49931,0.7901,0.07524,0.05046
HCASE-01306,0.1515,0.80778,0.04856,0.14892,0.1149,0.09585,0.67312,0.11004,0.13712,0.05381,0.03395,0.1331,0.05919,0.23989
HCASE-01307,0.14186,0.11929,0.13431,0.02025,0.14728,0.10061,0.07416,0.85598,0.77974,0.15451,0.19868,0.96054,0.19867,0.06478
HCASE-01308,0.74794,0.11598,0.08059,0.09129,0.07672,0.09897,0.19659,0.22751,0.04674,0.72377,0.02728,0.09858,0.0403,0.73585
HCASE-01309,0.18546,0.14894,0.26509,0.06785,0.30458,0.11611,0.07277,0.73254,0.12158,0.06707,0.08025,0.08325,0.54266,0.08058
HCASE-01310,0.45226,0.57712,0.22134,0.12737,0.15747,0.68462,0.06798,0.13521,0.04337,0.04137,0.1577,0.06533,0.14298,0.38618
HCASE-01311,0.39234,0.46144,0.03905,0.28607,0.32338,0.4206,0.06496,0.02533,0.24624,0.08565,0.14529,0.17179,0.13997,0.36714
HCASE-01312,0.09345,0.40444,0.82905,0.39613,0.12169,0.1249,0.13402,0.7094,0.11824,0.08112,0.05953,0.09643,0.08701,0.15313
HCASE-01313,0.47731,0.65927,0.09283,0.05414,0.09259,0.82658,0.02575,0.13,0.03133,0.07922,0.10228,0.02502,0.06684,0.66735
HCASE-01314,0.69724,0.89776,0.16425,0.24671,0.25689,0.98437,0.1255,0.13322,0.1063,0.03016,0.04456,0.09502,0.05541,0.56813
HCASE-01315,0.19816,0.17097,0.14511,0.08076,0.14325,0.19556,0.13786,0.74,0.18982,0.11908,0.13564,0.28305,0.49195,0.13164
HCASE-01316,0.10585,0.211,0.15216,0.13996,0.16795,0.14673,0.11648,0.71688,0.21225,0.08465,0.09703,0.22978,0.60848,0.14337
HCASE-01317,0.03052,0.09956,0.80275,0.43148,0.28119,0.03151,0.1227,0.76344,0.18189,0.10735,0.13461,0.09836,0.14263,0.09747
HCASE-01318,0.02995,0.11808,0.07488,0.10884,0.0852,0.09613,0.09039,0.7861,0.30257,0.03494,0.02072,0.25784,0.554,0.09903
HCASE-01319,0.03983,0.05904,0.2946,0.02717,0.31582,0.09335,0.15443,0.81221,0.17887,0.05842,0.07793,0.14418,0.59463,0.14443
HCASE-01320,0.06862,0.07872,0.06544,0.15985,0.02795,0.02499,0.15756,0.34497,0.30741,0.10602,0.66337,0.9457,0.13946,0.08564
HCASE-01321,0.07768,0.20419,0.36528,0.20135,0.38247,0.17341,0.04586,0.81633,0.08764,0.1047,0.02177,0.07173,0.57155,0.0559
HCASE-01322,0.07797,0.17103,0.07105,0.12103,0.14544,0.11533,0.04682,0.64139,0.12107,0.0864,0.06555,0.15885,0.79345,0.07632
HCASE-01323,0.11558,0.92113,0.11916,0.03203,0.12723,0.47806,0.60338,0.085,0.05203,0.13724,0.03445,0.15814,0.10795,0.08647
HCASE-01324,0.14221,0.11089,0.94581,0.41547,0.24459,0.13596,0.13569,0.73269,0.15138,0.0637,0.14916,0.13612,0.12145,0.10141
HCASE-01325,0.35243,0.76702,0.10437,0.11532,0.17235,0.83187,0.03448,0.11079,0.07377,0.05604,0.08064,0.12751,0.12762,0.22099
HCASE-01326,0.09791,0.33199,0.81101,0.42306,0.14186,0.13779,0.02621,0.71455,0.08672,0.09085,0.10611,0.15998,0.04319,0.13912
HCASE-01327,0.10168,0.07504,0.03958,0.02371,0.1549,0.03105,0.03596,0.85191,0.1982,0.05834,0.13566,0.02888,0.90513,0.08958
HCASE-01328,0.02532,0.11761,0.82751,0.51703,0.09343,0.10369,0.06796,0.50152,0.05639,0.07717,0.03549,0.15929,0.05483,0.18752
HCASE-01329,0.04433,0.10788,0.86362,0.25608,0.57054,0.06358,0.07392,0.9084,0.15731,0.10917,0.04687,0.15721,0.02484,0.05728
HCASE-01330,0.1369,0.8282,0.13258,0.12751,0.0271,0.39303,0.48836,0.1698,0.06757,0.11325,0.12138,0.07625,0.12753,0.03819
HCASE-01331,0.64102,0.76283,0.11616,0.04947,0.11336,0.83657,0.12495,0.15958,0.03884,0.02024,0.06584,0.05181,0.14719,0.56965
HCASE-01332,0.03598,0.13939,0.10906,0.14291,0.09433,0.06098,0.05896,0.80461,0.29786,0.15014,0.15025,0.38759,0.62533,0.12268
HCASE-01333,0.89557,0.66845,0.16363,0.1817,0.19124,0.66035,0.1295,0.03534,0.12395,0.30072,0.04,0.04678,0.07203,0.78659
HCASE-01334,0.04083,0.12421,0.26816,0.3918,0.49746,0.08107,0.06874,0.24507,0.42945,0.1542,0.15189,0.06491,0.05787,0.08024
HCASE-01335,0.03358,0.03618,0.0423,0.10506,0.12757,0.02262,0.02272,0.34078,0.13418,0.10282,0.48894,0.57866,0.25469,0.03406
HCASE-01336,0.10337,0.16212,0.15853,0.86412,0.76865,0.1391,0.03833,0.0572,0.70975,0.0837,0.04225,0.03914,0.14293,0.09922
HCASE-01337,0.07317,0.14789,0.0741,0.14979,0.13263,0.14762,0.066,0.24859,0.02834,0.0601,0.46112,0.52504,0.34601,0.14697
HCASE-01338,0.03015,0.34981,0.77083,0.15321,0.4937,0.04824,0.10311,0.76813,0.02027,0.12407,0.05979,0.03527,0.09782,0.10878
HCASE-01339,0.13931,0.13368,0.09026,0.03176,0.07804,0.03483,0.06556,0.80734,0.30886,0.21739,0.10083,0.43331,0.65792,0.06919
HCASE-01340,0.13691,0.1528,0.16525,0.0888,0.18946,0.11333,0.09043,0.30456,0.09947,0.12959,0.54754,0.61018,0.36875,0.14099
HCASE-01341,0.51028,0.13109,0.13451,0.11843,0.07822,0.10151,0.06746,0.2665,0.2792,0.33196,0.02469,0.27917,0.02928,0.52474
HCASE-01342,0.11093,0.04021,0.08577,0.13164,0.09004,0.09509,0.02827,0.38421,0.37583,0.11751,0.60541,0.77654,0.10381,0.09764
HCASE-01343,0.10892,0.7439,0.49543,0.02876,0.14469,0.10945,0.30504,0.44586,0.08725,0.20749,0.1273,0.20666,0.12739,0.12763
HCASE-01344,0.11357,0.10604,0.30897,0.71888,0.57979,0.15747,0.05446,0.32306,0.46327,0.02829,0.10403,0.11314,0.02312,0.23922
HCASE-01345,0.31025,0.05911,0.1067,0.06454,0.07057,0.1564,0.10948,0.53527,0.49755,0.21551,0.12701,0.51047,0.12565,0.34682
HCASE-01346,0.08008,0.62362,0.15576,0.07749,0.09493,0.65524,0.36438,0.02289,0.13284,0.07432,0.13809,0.10539,0.02171,0.24607
HCASE-01347,0.11962,0.10523,0.11541,0.1266,0.05476,0.05227,0.15281,0.53564,0.42578,0.16859,0.34167,0.79701,0.19631,0.08247
HCASE-01348,0.10437,0.58976,0.02015,0.10271,0.09286,0.60522,0.28926,0.03881,0.1598,0.06957,0.12342,0.11997,0.18994,0.1335
HCASE-01349,0.02831,0.0683,0.62487,0.08682,0.55987,0.04312,0.08404,0.77201,0.0267,0.10442,0.1189,0.11994,0.17,0.12238
HCASE-01350,0.64921,0.32303,0.15418,0.02922,0.11505,0.2038,0.12185,0.05367,0.06234,0.58723,0.19944,0.26262,0.24813,0.90882
HCASE-01351,0.151,0.07654,0.82591,0.40158,0.32808,0.09774,0.05246,0.79674,0.14341,0.11721,0.05311,0.10179,0.05969,0.03359
HCASE-01352,0.08738,0.07757,0.46484,0.02214,0.48277,0.04322,0.11552,0.91504,0.18446,0.04624,0.12927,0.10818,0.27464,0.11938
HCASE-01353,0.18193,0.1418,0.74142,0.09128,0.75814,0.18599,0.05435,0.74827,0.02173,0.12555,0.06525,0.08685,0.11184,0.13079
HCASE-01354,0.14727,0.15836,0.7049,0.19252,0.7502,0.18459,0.12011,0.72549,0.11252,0.11363,0.02822,0.12631,0.05862,0.05544
HCASE-01355,0.03008,0.05132,0.55948,0.11738,0.59216,0.0625,0.11171,0.82914,0.13766,0.07208,0.05638,0.11977,0.34042,0.1231
HCASE-01356,0.15432,0.26555,0.74316,0.02034,0.47934,0.07951,0.03207,0.84078,0.15989,0.10584,0.12208,0.15424,0.05062,0.11723
HCASE-01357,0.64093,0.7698,0.18951,0.23828,0.10965,0.87382,0.10253,0.12455,0.05766,0.06388,0.07835,0.11513,0.10795,0.55052
HCASE-01358,0.06228,0.45266,0.74288,0.10632,0.22574,0.07462,0.12028,0.66811,0.07413,0.15785,0.04415,0.09673,0.05579,0.14338
HCASE-01359,0.1551,0.03027,0.7353,0.134,0.67799,0.14038,0.04794,0.77874,0.24083,0.09149,0.11364,0.06205,0.06281,0.14178
HCASE-01360,0.50442,0.58976,0.1323,0.29169,0.35519,0.58344,0.04245,0.15374,0.2427,0.02452,0.12324,0.15745,0.08732,0.60167
HCASE-01361,0.05811,0.58329,0.81392,0.27802,0.05505,0.12818,0.07296,0.63845,0.14439,0.05065,0.08238,0.05153,0.13015,0.11157
HCASE-01362,0.05401,0.13125,0.95143,0.71167,0.15675,0.03343,0.03904,0.72293,0.16047,0.11446,0.06805,0.08254,0.14722,0.11498
HCASE-01363,0.21321,0.61794,0.09288,0.02135,0.15745,0.05799,0.78588,0.33103,0.18536,0.17896,0.14725,0.06469,0.08268,0.05959
HCASE-01364,0.68975,0.72505,0.14876,0.46873,0.45065,0.62193,0.09461,0.09502,0.35906,0.03589,0.09732,0.11769,0.11413,0.60503
HCASE-01365,0.82413,0.54937,0.09896,0.22291,0.23013,0.59076,0.14545,0.09885,0.07372,0.29483,0.10414,0.1124,0.14565,0.74743
HCASE-01366,0.05901,0.11486,0.10087,0.10843,0.05307,0.05906,0.0561,0.84364,0.18222,0.13955,0.06445,0.14388,0.76533,0.08348
HCASE-01367,0.0894,0.09779,0.33245,0.69889,0.53757,0.1003,0.08536,0.31218,0.50887,0.04111,0.02409,0.03002,0.13012,0.29722
HCASE-01368,0.61811,0.63476,0.08653,0.15055,0.1279,0.49878,0.06085,0.1037,0.09288,0.21169,0.14462,0.10159,0.02524,0.69369
HCASE-01369,0.14949,0.74475,0.69083,0.11029,0.04441,0.08652,0.09676,0.60337,0.03946,0.08417,0.04377,0.1244,0.15994,0.15075
HCASE-01370,0.02353,0.0486,0.62247,0.62149,0.20338,0.14413,0.09832,0.57428,0.3055,0.03478,0.11876,0.03861,0.05356,0.12743
HCASE-01371,0.17618,1.0,0.38083,0.028,0.05069,0.17054,0.67374,0.3663,0.05579,0.09294,0.11851,0.05868,0.03553,0.13495
HCASE-01372,0.02673,0.04296,0.08064,0.12073,0.0241,0.06998,0.11038,0.732,0.45786,0.11655,0.14114,0.66881,0.49017,0.14375
HCASE-01373,0.0261,0.15866,0.08008,0.09215,0.08877,0.15311,0.03291,0.76952,0.58093,0.19888,0.17597,0.70165,0.22236,0.12168
HCASE-01374,0.55362,0.08133,0.03338,0.12504,0.04045,0.07855,0.15149,0.27788,0.29667,0.43645,0.09339,0.31901,0.15617,0.78757
HCASE-01375,0.61849,0.04719,0.11849,0.11844,0.02907,0.14613,0.57808,0.65419,0.21228,0.39906,0.11878,0.15258,0.06034,0.03111
HCASE-01376,0.54024,0.70307,0.11649,0.21243,0.2086,0.90099,0.03859,0.10615,0.11758,0.02533,0.08072,0.09338,0.03202,0.39197
HCASE-01377,0.53475,0.15301,0.12612,0.07442,0.02212,0.06696,0.11552,0.37454,0.26171,0.39519,0.12067,0.2938,0.03778,0.64993
HCASE-01378,0.02942,0.02729,0.03408,0.12851,0.04532,0.02395,0.10424,0.75848,0.31764,0.0642,0.0888,0.31045,0.64684,0.10774
HCASE-01379,0.12548,0.04027,0.29204,0.04431,0.32984,0.08811,0.09269,0.83019,0.12753,0.03165,0.10185,0.13682,0.61068,0.0232
HCASE-01380,0.2991,0.14985,0.05849,0.0372,0.04674,0.12281,0.15844,0.55811,0.55468,0.2927,0.23844,0.66133,0.1773,0.24517
HCASE-01381,0.80635,0.08651,0.13372,0.15969,0.21339,0.15635,0.45107,0.40542,0.02416,0.62081,0.03749,0.08208,0.13752,0.28076
HCASE-01382,0.49739,0.26252,0.27514,0.04736,0.09155,0.1188,0.45355,0.50666,0.09147,0.33756,0.07707,0.0596,0.15297,0.20583
HCASE-01383,0.4683,0.02561,0.08899,0.02605,0.11037,0.10349,0.0412,0.3027,0.26859,0.48687,0.12041,0.32133,0.16172,0.58995
HCASE-01384,0.09479,0.1588,0.28086,0.17403,0.30496,0.19864,0.09459,0.67384,0.11395,0.12396,0.04607,0.04086,0.62621,0.03907
HCASE-01385,0.07259,0.04377,0.49031,0.63615,0.20877,0.0245,0.13041,0.48735,0.29435,0.11567,0.20775,0.2073,0.10795,0.12511
HCASE-01386,0.12921,0.08944,0.72684,0.24625,0.56244,0.08967,0.09405,0.62982,0.08212,0.10767,0.03062,0.0619,0.14889,0.15894
HCASE-01387,0.74625,0.61365,0.14173,0.12753,0.08307,0.59869,0.05286,0.10126,0.09195,0.33946,0.12074,0.13267,0.15863,0.75958
HCASE-01388,0.14055,0.02568,0.43124,0.08763,0.46217,0.10575,0.03317,0.88084,0.24096,0.05847,0.14422,0.05586,0.40095,0.14455
HCASE-01389,0.14914,0.02441,0.31349,0.44179,0.60209,0.13469,0.15447,0.36185,0.66809,0.08915,0.07685,0.05561,0.04171,0.1393
HCASE-01390,0.22087,0.20142,0.34174,0.48052,0.81173,0.11078,0.13492,0.26391,0.47597,0.07362,0.05552,0.10774,0.12344,0.0925
HCASE-01391,0.11484,0.99835,0.22975,0.10942,0.18006,0.39934,0.61841,0.05477,0.14126,0.1482,0.0226,0.15329,0.15388,0.05402
HCASE-01392,0.1554,0.07963,0.52407,0.1135,0.49641,0.09778,0.12548,0.68104,0.02395,0.10125,0.08398,0.14113,0.34305,0.04059
HCASE-01393,0.05777,0.03169,0.32339,0.56961,0.71489,0.06114,0.03543,0.2395,0.45956,0.1008,0.13924,0.03988,0.04091,0.26693
HCASE-01394,0.04344,0.04618,0.10154,0.0956,0.05264,0.084,0.15117,0.35697,0.07694,0.11667,0.54319,0.53997,0.3217,0.1283
HCASE-01395,0.80864,0.65982,0.11246,0.07281,0.02781,0.56018,0.07293,0.06356,0.05134,0.31478,0.04348,0.05847,0.13962,0.76846
HCASE-01396,0.07217,0.12319,0.79431,0.64712,0.25969,0.1348,0.08111,0.51808,0.37109,0.13369,0.11338,0.0539,0.1091,0.08315
HCASE-01397,0.14967,0.11132,0.08286,0.12102,0.02734,0.04652,0.14835,0.51849,0.41227,0.12416,0.35618,0.62622,0.10658,0.16655
HCASE-01398,0.5079,0.09494,0.08016,0.12551,0.04874,0.05091,0.20961,0.32281,0.10684,0.42799,0.13563,0.10917,0.05524,0.54969
HCASE-01399,0.06977,0.09763,0.08489,0.14955,0.02035,0.05874,0.04129,0.78243,0.62025,0.0833,0.11159,0.80069,0.09965,0.0339
HCASE-01400,0.20913,0.58147,0.1581,0.14537,0.13329,0.7826,0.14826,0.1213,0.12474,0.21885,0.14897,0.09611,0.18321,0.1843
HCASE-01401,0.62796,0.08884,0.09405,0.12015,0.03132,0.04771,0.04874,0.05482,0.08086,0.67241,0.06815,0.1424,0.15553,0.95215
HCASE-01402,0.22671,0.59678,0.05983,0.06037,0.03433,0.83262,0.04292,0.16062,0.12594,0.09534,0.04689,0.13401,0.06338,0.2
HCASE-01403,0.1494,0.48455,0.05233,0.14247,0.03651,0.81148,0.04136,0.07507,0.13943,0.10628,0.03383,0.11132,0.12427,0.10689
HCASE-01404,0.57528,0.49173,0.23152,0.40987,0.34678,0.57087,0.11582,0.07021,0.33584,0.09074,0.15031,0.13224,0.05399,0.46918
HCASE-01405,0.05705,0.59433,0.13819,0.05191,0.14036,0.57819,0.34031,0.02183,0.05184,0.18621,0.19479,0.14638,0.11091,0.02555
HCASE-01406,0.6564,0.85893,0.24498,0.20208,0.13036,0.99087,0.04632,0.10934,0.02318,0.05412,0.15933,0.1557,0.08585,0.57898
HCASE-01407,0.68245,0.55934,0.11301,0.03108,0.1082,0.54281,0.10637,0.0721,0.05486,0.23039,0.07597,0.02667,0.08422,0.71715
HCASE-01408,0.20599,0.55337,0.11763,0.05595,0.0359,0.80133,0.0552,0.02854,0.0822,0.05422,0.14753,0.13146,0.09992,0.22299
HCASE-01409,0.08118,0.11947,0.26701,0.02814,0.25275,0.11187,0.1138,0.76758,0.03364,0.15551,0.11723,0.15299,0.63654,0.15838
HCASE-01410,0.10947,0.14724,0.65433,0.50681,0.29605,0.11847,0.1282,0.52689,0.37955,0.08768,0.02358,0.07215,0.04421,0.04339
HCASE-01411,0.68649,0.0479,0.12774,0.063,0.1533,0.02322,0.46178,0.60127,0.08264,0.66408,0.12805,0.12482,0.04377,0.35581
HCASE-01412,0.28991,0.14823,0.08209,0.06461,0.0371,0.03035,0.0926,0.52635,0.47839,0.35604,0.19224,0.54841,0.22489,0.30224
HCASE-01413,0.05052,0.10084,0.34448,0.03154,0.44307,0.04059,0.12598,0.6629,0.06019,0.1413,0.14775,0.12027,0.34653,0.16363
HCASE-01414,0.09298,0.12554,0.19954,0.09227,0.09616,0.08303,0.07893,0.28636,0.23584,0.09044,0.5449,0.78851,0.1357,0.1263
HCASE-01415,0.13399,0.06201,1.0,0.63086,0.13269,0.0504,0.08928,0.85283,0.05011,0.02929,0.02439,0.03973,0.04864,0.10834
HCASE-01416,0.52323,0.30171,0.13563,0.064,0.0411,0.08396,0.74047,0.47647,0.09646,0.45088,0.13273,0.21268,0.18656,0.08237
HCASE-01417,0.06098,0.08683,0.24972,0.05893,0.25014,0.07115,0.09473,0.85086,0.11338,0.10947,0.07661,0.12451,0.53344,0.03179
HCASE-01418,0.43328,0.38053,0.13454,0.29439,0.28055,0.43309,0.10881,0.17571,0.3718,0.14274,0.10944,0.1108,0.09661,0.49263
HCASE-01419,0.06776,0.06689,0.12713,0.15501,0.13693,0.05349,0.02997,0.2799,0.24287,0.11446,0.64992,0.93932,0.19281,0.08749
HCASE-01420,0.08787,0.05775,0.13129,0.04091,0.0556,0.14525,0.12914,0.2477,0.29852,0.18478,0.6994,0.84449,0.17083,0.09233
HCASE-01421,0.4789,0.73599,0.09526,0.12914,0.04355,0.77357,0.04988,0.09656,0.14459,0.03154,0.02701,0.14903,0.10824,0.67085
HCASE-01422,0.17525,0.54914,0.10548,0.05075,0.0942,0.71837,0.07695,0.14531,0.07604,0.13715,0.09901,0.19619,0.11294,0.23568
HCASE-01423,0.14085,0.53291,0.68383,0.07971,0.26781,0.04057,0.10915,0.67352,0.08763,0.14092,0.09983,0.0501,0.03791,0.25818
HCASE-01424,0.02512,0.15528,0.0353,0.04625,0.0442,0.10359,0.02114,0.79915,0.48515,0.19086,0.10804,0.60208,0.48593,0.05945
HCASE-01425,0.63724,0.44323,0.16967,0.19493,0.16823,0.21673,0.74144,0.50301,0.06278,0.44177,0.04468,0.04887,0.08992,0.08519
HCASE-01426,0.57143,0.14301,0.07593,0.10703,0.09058,0.09013,0.0502,0.30972,0.26463,0.53114,0.11646,0.34612,0.1079,0.76483
HCASE-01427,0.97498,0.65948,0.19111,0.23699,0.2521,0.61264,0.06875,0.12267,0.08285,0.26358,0.1118,0.13208,0.12298,0.9678
HCASE-01428,0.8807,0.75953,0.11683,0.04603,0.11904,0.71666,0.07935,0.0214,0.09472,0.29972,0.08185,0.07237,0.09241,0.82474
HCASE-01429,0.1191,0.33375,0.69866,0.09404,0.43579,0.19643,0.15973,0.63475,0.10447,0.13944,0.14917,0.11149,0.06096,0.11641
HCASE-01430,0.75006,0.13091,0.05036,0.07911,0.07305,0.18794,0.49878,0.45973,0.12323,0.65693,0.03758,0.09698,0.14794,0.36667
HCASE-01431,0.13915,0.54309,0.63949,0.18879,0.06517,0.12368,0.05641,0.59711,0.08878,0.13958,0.06714,0.12085,0.14645,0.05504
HCASE-01432,0.13807,0.18371,0.07228,0.69033,0.70181,0.11004,0.1253,0.1099,0.67315,0.15009,0.11099,0.14715,0.09679,0.02169
HCASE-01433,0.37507,0.37073,0.07879,0.51317,0.51127,0.40521,0.05118,0.06343,0.43569,0.13751,0.03513,0.08391,0.12687,0.28675
HCASE-01434,0.09722,0.82655,0.30379,0.02023,0.08644,0.05056,0.4839,0.40975,0.19131,0.09786,0.11975,0.10767,0.14036,0.15464
HCASE-01435,0.17298,0.1486,0.19333,0.17763,0.18914,0.19344,0.12473,0.75429,0.31647,0.03639,0.02801,0.27598,0.65171,0.12206
HCASE-01436,0.24578,0.20371,0.08011,0.83516,0.94182,0.18875,0.07507,0.07665,0.8772,0.09519,0.12694,0.08693,0.06991,0.10579
HCASE-01437,0.08783,0.05361,0.46339,0.05125,0.47847,0.14325,0.08078,0.8666,0.18567,0.12738,0.05911,0.04079,0.32949,0.13157
HCASE-01438,0.05268,0.12857,0.66126,0.14795,0.60696,0.07307,0.05621,0.88037,0.18199,0.02617,0.02203,0.06146,0.12846,0.07985
HCASE-01439,0.12731,0.18775,0.09912,0.20392,0.12403,0.21136,0.15521,0.84455,0.19291,0.09104,0.0314,0.35576,0.59717,0.094
HCASE-01440,0.08458,0.07162,0.41261,0.20012,0.43226,0.09664,0.0278,0.64628,0.02523,0.12265,0.13142,0.11936,0.2946,0.03148
HCASE-01441,0.13586,0.06297,0.52188,0.12236,0.51923,0.12735,0.10829,0.74808,0.06431,0.15477,0.13568,0.06148,0.29929,0.13738
HCASE-01442,0.19234,0.11761,0.26555,0.13046,0.22593,0.10153,0.04368,0.71797,0.13071,0.14719,0.12242,0.15801,0.53857,0.14522
HCASE-01443,0.08703,0.10464,0.61137,0.10123,0.63218,0.1035,0.06472,0.65018,0.13013,0.18103,0.13033,0.11803,0.18609,0.02357
HCASE-01444,0.59286,0.80256,0.06538,0.03315,0.02874,0.87795,0.12078,0.15136,0.13516,0.06307,0.11312,0.05236,0.06763,0.53224
HCASE-01445,0.05557,0.15852,0.62794,0.12262,0.60936,0.04277,0.02408,0.82007,0.17222,0.08141,0.09974,0.15196,0.13351,0.06922
HCASE-01446,0.27081,0.11021,0.15635,0.13156,0.11684,0.20028,0.13184,0.46596,0.49981,0.26326,0.07092,0.57015,0.07767,0.36444
HCASE-01447,0.78769,0.21536,0.19731,0.13919,0.10276,0.18943,0.30294,0.29481,0.11041,0.70084,0.05845,0.10573,0.0416,0.54975
HCASE-01448,0.65138,0.69008,0.17613,0.47345,0.49412,0.64024,0.06677,0.15088,0.27395,0.15371,0.08959,0.06842,0.09813,0.60893
HCASE-01449,0.13526,0.09723,0.58788,0.12868,0.6903,0.14902,0.06942,0.82273,0.08428,0.10018,0.08315,0.02785,0.09369,0.06147
HCASE-01450,0.63163,0.11237,0.06083,0.03307,0.02223,0.08195,0.27185,0.39248,0.10694,0.61868,0.14079,0.02375,0.08113,0.53771
HCASE-01451,0.11884,0.64473,0.0325,0.03478,0.15114,0.6492,0.34525,0.13617,0.108,0.07469,0.13679,0.0758,0.08258,0.11157
HCASE-01452,0.05,0.14029,0.28844,0.15359,0.33785,0.06073,0.09311,0.76942,0.21782,0.06744,0.13716,0.10329,0.65045,0.12519
HCASE-01453,0.34854,0.12649,0.14846,0.02766,0.13969,0.15949,0.03431,0.55119,0.43399,0.21888,0.02821,0.46045,0.08154,0.28263
HCASE-01454,0.48091,0.06745,0.04423,0.04093,0.08602,0.13605,0.03106,0.42226,0.37308,0.42303,0.0731,0.25405,0.04438,0.55979
HCASE-01455,0.14168,0.05377,0.70962,0.70617,0.21245,0.07072,0.10064,0.52654,0.28113,0.05713,0.07666,0.04772,0.14443,0.11664
HCASE-01456,0.15422,0.84094,0.81628,0.10066,0.11853,0.2129,0.12883,0.69082,0.12313,0.08172,0.12626,0.09659,0.03722,0.08663
HCASE-01457,0.15581,0.79449,0.48906,0.15723,0.02245,0.08579,0.29847,0.4219,0.04586,0.08484,0.06134,0.07314,0.02832,0.0738
HCASE-01458,0.10272,0.11073,0.14351,0.07749,0.14544,0.07243,0.11008,0.53486,0.3382,0.10324,0.34076,0.755,0.09156,0.1289
HCASE-01459,0.05804,0.10699,0.06986,0.13187,0.11732,0.06226,0.11328,0.83244,0.49927,0.1958,0.10384,0.70154,0.42318,0.03352
HCASE-01460,0.07283,0.20616,0.07807,0.10095,0.14501,0.08375,0.05104,0.74572,0.48379,0.15853,0.09368,0.46306,0.31194,0.069
HCASE-01461,0.08035,0.08709,0.15655,0.58752,0.72546,0.14719,0.10322,0.0789,0.61736,0.15719,0.14605,0.15927,0.17961,0.15872
HCASE-01462,0.03817,0.85597,0.4329,0.04303,0.14551,0.14639,0.27488,0.46127,0.12809,0.18943,0.213,0.17118,0.17789,0.10585
HCASE-01463,0.04077,0.25815,0.78908,0.34914,0.09461,0.05326,0.15068,0.60771,0.11062,0.09422,0.10244,0.19562,0.20076,0.07575
HCASE-01464,0.04866,0.24021,0.88386,0.45813,0.13524,0.08237,0.06281,0.61167,0.05813,0.1204,0.21668,0.13287,0.15867,0.0477
HCASE-01465,0.08418,0.10515,0.10147,0.06898,0.06428,0.1579,0.121,0.61882,0.52014,0.1238,0.27309,0.78784,0.0954,0.07589
HCASE-01466,0.11543,0.25725,1.0,0.46494,0.02595,0.04168,0.05235,0.69563,0.14951,0.07877,0.12682,0.03019,0.05306,0.14491
HCASE-01467,0.07402,0.11617,0.59469,0.62746,0.29176,0.05399,0.05825,0.54372,0.34405,0.12271,0.04081,0.08496,0.04577,0.06178
HCASE-01468,0.02277,0.49049,0.80619,0.2889,0.02751,0.14501,0.02013,0.73328,0.07784,0.15467,0.06142,0.12696,0.15304,0.11443
HCASE-01469,0.42305,0.54251,0.06627,0.07833,0.06085,0.78232,0.14257,0.10944,0.10854,0.03937,0.10902,0.02713,0.02364,0.4909
HCASE-01470,0.04033,0.07379,0.0859,0.08572,0.07115,0.1236,0.03817,0.89276,0.46944,0.17708,0.22468,0.56707,0.43169,0.14756
HCASE-01471,0.05671,0.06473,0.09882,0.07196,0.07984,0.14901,0.11304,0.78872,0.36597,0.04808,0.10658,0.34682,0.6977,0.11671
HCASE-01472,0.69427,0.54365,0.07904,0.06034,0.03148,0.46512,0.15815,0.09292,0.13583,0.17204,0.09834,0.07882,0.03873,0.65434
HCASE-01473,0.7282,0.17374,0.09915,0.10184,0.0804,0.20299,0.26566,0.35412,0.1534,0.51813,0.12975,0.11475,0.02138,0.63408
HCASE-01474,0.47762,0.37871,0.32159,0.11718,0.02568,0.17249,0.54719,0.63153,0.02168,0.46864,0.15711,0.04858,0.07158,0.10655
HCASE-01475,0.20372,0.1575,0.09671,0.08431,0.13209,0.08743,0.14024,0.25548,0.27489,0.02278,0.52048,0.71094,0.15191,0.02384
HCASE-01476,0.08086,0.10234,0.29,0.46305,0.64453,0.15187,0.02385,0.2601,0.49947,0.12255,0.15495,0.11616,0.09569,0.04429
HCASE-01477,0.11484,0.86805,0.64217,0.13081,0.12479,0.05445,0.272,0.47796,0.15896,0.12674,0.02964,0.03845,0.0927,0.02427
HCASE-01478,0.68487,0.64882,0.14173,0.27767,0.31202,0.59399,0.1462,0.0418,0.2796,0.07076,0.09216,0.02621,0.1064,0.54361
HCASE-01479,0.12299,0.44117,0.63139,0.21713,0.06891,0.10175,0.08993,0.57792,0.02169,0.09345,0.19027,0.1753,0.14117,0.02196
HCASE-01480,0.10301,0.57511,0.85308,0.3282,0.08776,0.15542,0.08751,0.77558,0.15059,0.09169,0.03612,0.02534,0.02282,0.0372
HCASE-01481,0.15129,0.04781,0.49424,0.08715,0.51,0.0537,0.14749,0.74067,0.11812,0.10637,0.04007,0.05239,0.26039,0.10589
HCASE-01482,0.18345,0.10207,0.15687,0.15715,0.02664,0.17075,0.10702,0.59441,0.47021,0.03107,0.32538,0.7057,0.08866,0.05604
HCASE-01483,0.14231,0.1335,0.58675,0.09037,0.46068,0.03266,0.05736,0.93231,0.10364,0.08879,0.14854,0.15865,0.2822,0.06018
HCASE-01484,0.09289,0.17955,0.11754,0.05588,0.12577,0.13579,0.09888,0.66824,0.03414,0.13827,0.10536,0.15965,0.87502,0.09831
HCASE-01485,0.4409,0.40688,0.19738,0.11249,0.03747,0.07173,0.66948,0.52265,0.15305,0.51351,0.12595,0.0268,0.08178,0.10058
HCASE-01486,0.05566,0.58437,0.75429,0.06664,0.23131,0.0416,0.03568,0.69768,0.04406,0.03852,0.12905,0.08885,0.09365,0.13841
HCASE-01487,0.08541,0.15047,0.86101,0.30589,0.44656,0.07683,0.02997,0.74443,0.08486,0.0911,0.15449,0.12685,0.11232,0.09699
HCASE-01488,0.20505,0.59033,0.08458,0.07445,0.02287,0.81129,0.15656,0.10603,0.07173,0.09387,0.0582,0.11408,0.02506,0.3945
HCASE-01489,0.07957,0.13287,0.23582,0.12427,0.10449,0.15246,0.07443,0.76833,0.43262,0.15165,0.07389,0.50418,0.3036,0.04298
HCASE-01490,0.76581,0.71245,0.11866,0.1654,0.14217,0.7103,0.14252,0.02031,0.13309,0.08145,0.05198,0.0664,0.04764,0.62171
HCASE-01491,0.06517,0.40465,0.79615,0.02893,0.58111,0.12791,0.03975,0.74445,0.10742,0.1285,0.10593,0.13855,0.09237,0.04948
HCASE-01492,0.15367,0.02756,0.04094,0.06282,0.08876,0.06087,0.06577,0.34923,0.28839,0.07996,0.50386,0.67455,0.11608,0.13024
HCASE-01493,0.04317,0.6667,0.13341,0.14828,0.13399,0.60505,0.2017,0.19171,0.06262,0.0876,0.06404,0.12889,0.07293,0.10421
HCASE-01494,0.27612,0.31528,0.12103,0.44851,0.40474,0.30267,0.111,0.14232,0.51994,0.0731,0.0587,0.03765,0.10662,0.31321
HCASE-01495,0.79119,0.12637,0.22842,0.13017,0.21668,0.15872,0.48146,0.40834,0.08767,0.69946,0.09228,0.10268,0.04101,0.36335
HCASE-01496,0.07354,0.0426,0.82383,0.41766,0.28555,0.06932,0.06402,0.75305,0.12272,0.12808,0.11187,0.10775,0.08085,0.02273
HCASE-01497,0.69401,0.25561,0.08911,0.06536,0.10718,0.24214,0.14849,0.09453,0.10728,0.56463,0.17063,0.10699,0.20247,0.73434
HCASE-01498,0.2246,0.49025,0.05567,0.11234,0.10885,0.78665,0.05422,0.14337,0.07782,0.11591,0.05742,0.0225,0.12261,0.3901
HCASE-01499,0.58397,0.47508,0.02565,0.15022,0.13917,0.45375,0.13255,0.19285,0.11835,0.20615,0.03253,0.14906,0.02606,0.75414
HCASE-01500,1.0,0.2027,0.12574,0.06622,0.1232,0.20455,0.09654,0.04669,0.08308,0.8293,0.09147,0.11552,0.10345,1.0
HCASE-01501,0.18793,0.74737,0.13782,0.15028,0.21092,0.70774,0.35913,0.02772,0.06593,0.07852,0.09914,0.08104,0.14101,0.06956
HCASE-01502,0.17021,0.10911,0.1515,0.19095,0.17746,0.16617,0.10126,0.76447,0.26255,0.07566,0.12351,0.26682,0.64992,0.13289
HCASE-01503,0.7521,0.33205,0.15443,0.15893,0.16068,0.32062,0.11349,0.12732,0.1582,0.3902,0.09661,0.05334,0.15238,0.78921
HCASE-01504,0.05299,0.03358,0.02377,0.69559,0.68492,0.05008,0.06518,0.06013,0.60327,0.21396,0.11742,0.17229,0.23616,0.0315
HCASE-01505,0.12677,0.05727,0.68455,0.15388,0.46164,0.13937,0.07669,0.75977,0.05044,0.06734,0.03132,0.04815,0.10271,0.26274
HCASE-01506,0.09306,0.028,0.5475,0.59403,0.27698,0.0862,0.09464,0.46659,0.19952,0.09266,0.10227,0.06079,0.14463,0.24552
HCASE-01507,0.58152,0.54416,0.09076,0.33288,0.33909,0.60729,0.14831,0.08978,0.35921,0.02604,0.11791,0.15513,0.08098,0.52091
HCASE-01508,0.0667,0.1182,0.25284,0.13332,0.23541,0.11504,0.13241,0.8821,0.11127,0.15463,0.15945,0.14902,0.55198,0.05562
HCASE-01509,0.51552,0.53848,0.21412,0.20705,0.14488,0.19089,0.76513,0.47839,0.06502,0.42143,0.09003,0.04599,0.11645,0.14545
HCASE-01510,0.12848,0.03511,0.062,0.14192,0.06525,0.05435,0.14919,0.24072,0.19771,0.08466,0.52341,0.75711,0.13941,0.2047
HCASE-01511,0.68666,0.42227,0.32739,0.03736,0.12275,0.17562,0.5495,0.70249,0.03663,0.46358,0.06652,0.15328,0.15123,0.05593
HCASE-01512,0.06949,0.28765,0.82161,0.43245,0.07063,0.08827,0.04254,0.75327,0.08525,0.1451,0.06747,0.08108,0.15661,0.11209
HCASE-01513,0.83457,0.17171,0.08068,0.14032,0.1376,0.10748,0.58139,0.56651,0.04547,0.55269,0.15359,0.02926,0.14089,0.34992
HCASE-01514,0.80844,0.46074,0.13642,0.05801,0.13419,0.57257,0.14102,0.06874,0.10755,0.25758,0.03261,0.09652,0.08871,0.88373
HCASE-01515,0.2823,0.6161,0.08076,0.02761,0.07634,0.85706,0.06147,0.02825,0.02699,0.10415,0.13558,0.2084,0.2293,0.27191
HCASE-01516,0.11216,0.04716,0.55418,0.60341,0.20672,0.13875,0.06448,0.49204,0.33165,0.08461,0.15144,0.11707,0.08893,0.04427
HCASE-01517,0.04626,0.03078,0.84942,0.23654,0.497,0.09247,0.03062,0.9432,0.22733,0.06855,0.03637,0.07039,0.09702,0.05932
HCASE-01518,0.49559,0.65221,0.20736,0.06316,0.02405,0.72372,0.09162,0.15303,0.13391,0.15498,0.07312,0.09589,0.09913,0.48872
HCASE-01519,0.2743,0.49915,0.06776,0.02073,0.13626,0.77451,0.05015,0.08507,0.12754,0.03631,0.0543,0.04958,0.06542,0.15571
HCASE-01520,0.12564,0.0558,0.73021,0.67888,0.26644,0.15129,0.09543,0.55209,0.26893,0.10334,0.13588,0.06443,0.07692,0.11992
HCASE-01521,0.71754,0.13557,0.2127,0.15863,0.19926,0.2091,0.49348,0.5228,0.0265,0.59419,0.09134,0.0562,0.11189,0.27054
HCASE-01522,0.54109,0.46108,0.10825,0.27124,0.29497,0.41512,0.12115,0.13304,0.41607,0.09913,0.08176,0.12354,0.06219,0.52377
HCASE-01523,0.31375,0.13977,0.0253,0.14171,0.02772,0.14759,0.15985,0.53645,0.41526,0.25662,0.22379,0.59426,0.10767,0.36928
HCASE-01524,0.06955,0.15394,0.62029,0.5688,0.25237,0.09252,0.15396,0.5999,0.26337,0.12733,0.03429,0.03848,0.02253,0.12883
HCASE-01525,0.79243,0.1029,0.11484,0.03984,0.14217,0.10467,0.42337,0.47897,0.07086,0.59329,0.07864,0.03696,0.10079,0.29665
HCASE-01526,0.03862,0.07185,0.1188,0.07364,0.11422,0.1201,0.10983,0.82555,0.37926,0.06089,0.11302,0.36386,0.63493,0.11553
HCASE-01527,0.81552,0.65144,0.06624,0.42249,0.40746,0.80606,0.05103,0.05659,0.33433,0.09006,0.13606,0.06075,0.06327,0.60981
HCASE-01528,0.30683,0.58783,0.13312,0.15043,0.18281,0.90333,0.15426,0.07202,0.04787,0.14061,0.12578,0.07286,0.15379,0.27644
HCASE-01529,0.5549,0.09528,0.15216,0.12127,0.10852,0.15495,0.15026,0.29835,0.30083,0.48414,0.11654,0.3291,0.0998,0.58769
HCASE-01530,0.10059,0.04177,0.08208,0.07897,0.08121,0.13122,0.08392,0.34763,0.30858,0.12656,0.73278,0.84023,0.12196,0.14643
HCASE-01531,0.02451,0.10055,0.12373,0.1479,0.08426,0.09926,0.04198,0.34365,0.21529,0.11016,0.61819,0.72797,0.1447,0.19305
HCASE-01532,0.52973,0.68989,0.12957,0.12389,0.02038,0.57373,0.10296,0.06348,0.11953,0.06102,0.07753,0.02685,0.09421,0.8558
HCASE-01533,0.10569,0.23853,0.91379,0.40422,0.0517,0.0343,0.07501,0.72601,0.06262,0.11981,0.10437,0.04571,0.10468,0.14021
HCASE-01534,0.52076,0.3949,0.11925,0.32104,0.30375,0.47318,0.07832,0.15314,0.21402,0.17181,0.14449,0.09745,0.1784,0.43679
HCASE-01535,0.23492,0.27825,0.02678,0.49986,0.51677,0.32994,0.08084,0.17445,0.61082,0.03277,0.10241,0.05228,0.12137,0.29521
HCASE-01536,0.53139,0.64121,0.14457,0.11937,0.15249,0.72236,0.04391,0.09401,0.04067,0.11064,0.1191,0.07572,0.05306,0.61056
HCASE-01537,0.09945,0.04914,0.63745,0.7637,0.32896,0.09889,0.12014,0.66606,0.41409,0.06082,0.10234,0.07413,0.05669,0.0805
HCASE-01538,0.07562,0.07045,0.18892,0.04627,0.25532,0.13649,0.04542,0.73121,0.21555,0.0218,0.06158,0.10999,0.63014,0.09967
HCASE-01539,0.14173,0.0932,0.09991,0.16419,0.11876,0.14315,0.07024,0.72406,0.43143,0.05531,0.06208,0.42679,0.29242,0.15733
HCASE-01540,0.18194,0.2158,0.80478,0.44647,0.31806,0.1749,0.0515,0.72068,0.05093,0.11179,0.04843,0.0548,0.02487,0.03225
HCASE-01541,0.08192,0.4226,0.71399,0.11874,0.41977,0.10556,0.07378,0.75756,0.13408,0.03453,0.04354,0.15521,0.13245,0.10781
HCASE-01542,0.11596,0.09449,0.42656,0.0948,0.31928,0.14291,0.09478,0.87151,0.13406,0.0655,0.13631,0.09148,0.5702,0.06213
HCASE-01543,0.0955,0.08275,0.69619,0.27722,0.51347,0.10189,0.14085,0.74346,0.12847,0.03861,0.05771,0.05455,0.11385,0.15807
HCASE-01544,0.72815,0.55777,0.11023,0.07531,0.12788,0.43551,0.12193,0.15594,0.06942,0.19016,0.10413,0.12137,0.02965,0.61128
HCASE-01545,0.04227,0.5977,0.10404,0.05206,0.05024,0.71086,0.33017,0.21104,0.11125,0.11257,0.04399,0.02753,0.02115,0.10465
HCASE-01546,0.14965,0.87576,0.46084,0.1896,0.22257,0.15453,0.5313,0.23547,0.12724,0.06782,0.15382,0.09735,0.15532,0.02899
HCASE-01547,0.1799,0.86069,0.2415,0.07782,0.12318,0.21728,0.59434,0.21642,0.07959,0.11513,0.08579,0.03948,0.02703,0.1594
HCASE-01548,0.09505,0.47383,0.69437,0.30245,0.15246,0.06491,0.10673,0.72091,0.0796,0.11229,0.14628,0.13003,0.14911,0.12784
HCASE-01549,0.11182,0.09846,0.03206,0.07056,0.02386,0.13517,0.06376,0.6664,0.2484,0.10811,0.09019,0.27041,0.52556,0.24092
HCASE-01550,0.10658,0.93429,0.78027,0.03129,0.0387,0.08462,0.13196,0.7597,0.19481,0.04728,0.04668,0.08934,0.03303,0.10394
HCASE-01551,0.43401,0.71757,0.1893,0.17915,0.11966,0.12993,0.76493,0.2218,0.08427,0.319,0.10717,0.15333,0.02674,0.06002
HCASE-01552,0.11863,0.10204,0.75984,0.4099,0.23405,0.11801,0.066,0.62206,0.13639,0.02406,0.11638,0.15898,0.14435,0.09467
HCASE-01553,0.05726,0.1046,0.28369,0.57849,0.71082,0.08028,0.04712,0.24088,0.50819,0.14825,0.14856,0.02547,0.06466,0.27963
HCASE-01554,0.49185,0.47629,0.05734,0.24095,0.37774,0.47954,0.14459,0.03585,0.34447,0.09505,0.09138,0.04575,0.08677,0.49106
HCASE-01555,0.12148,0.85041,0.27984,0.02312,0.02576,0.14542,0.50481,0.25574,0.04098,0.02865,0.06209,0.0923,0.05596,0.03474
HCASE-01556,0.72563,0.5648,0.12521,0.1025,0.10304,0.55705,0.03683,0.05523,0.13913,0.29449,0.12911,0.12675,0.14449,1.0
HCASE-01557,0.74583,0.09811,0.14528,0.14577,0.07383,0.04015,0.25987,0.31062,0.03981,0.57361,0.04476,0.15232,0.08797,0.6119
HCASE-01558,0.62964,0.05036,0.0214,0.02999,0.04116,0.04353,0.02649,0.16786,0.14481,0.53524,0.09112,0.07607,0.14293,0.76486
HCASE-01559,0.46954,0.39349,0.22579,0.06686,0.04351,0.14879,0.74246,0.58691,0.1322,0.44448,0.10827,0.09398,0.03156,0.10656
HCASE-01560,0.12683,0.02055,0.57704,0.05297,0.5038,0.15983,0.03766,0.83823,0.07174,0.15149,0.13201,0.13822,0.38897,0.08431
HCASE-01561,0.61883,0.33941,0.22382,0.10275,0.15633,0.12659,0.55233,0.60551,0.09254,0.47856,0.12491,0.12198,0.02385,0.04779
HCASE-01562,0.09949,0.90529,0.09873,0.15531,0.0891,0.03262,0.77337,0.11687,0.06674,0.02261,0.10755,0.10653,0.11833,0.15509
HCASE-01563,0.3944,0.7402,0.05404,0.10226,0.02437,0.954,0.14683,0.10354,0.03537,0.12737,0.04625,0.1307,0.14416,0.27481
HCASE-01564,0.07099,0.02223,0.04759,0.03409,0.13873,0.0438,0.12044,0.79687,0.54308,0.1465,0.04476,0.43272,0.23646,0.06091
HCASE-01565,0.18281,0.21461,0.15685,0.75056,0.79379,0.11023,0.12952,0.09315,0.89855,0.02556,0.14591,0.05531,0.12465,0.0699
HCASE-01566,0.06847,0.14455,0.04622,0.09269,0.06184,0.08842,0.08551,0.25733,0.10892,0.20045,0.71155,0.72935,0.45585,0.10247
HCASE-01567,0.1648,0.11685,0.06212,0.10265,0.11776,0.07496,0.06114,0.38066,0.11344,0.14675,0.50377,0.59811,0.38777,0.07218
HCASE-01568,0.50882,0.03336,0.12445,0.11781,0.06169,0.14721,0.1596,0.31448,0.23214,0.46595,0.18555,0.32285,0.13666,0.50977
HCASE-01569,0.09398,0.92733,0.16599,0.12117,0.22648,0.45015,0.47322,0.02209,0.06332,0.04503,0.03881,0.15514,0.08379,0.08679
HCASE-01570,0.04451,0.73552,0.09104,0.06018,0.12414,0.6571,0.26064,0.15267,0.02858,0.13941,0.09674,0.03257,0.14581,0.20173
HCASE-01571,0.19202,0.14327,0.3798,0.63883,0.4997,0.19385,0.11246,0.1685,0.43993,0.13367,0.13362,0.07631,0.06031,0.15253
HCASE-01572,0.8101,0.59058,0.16869,0.20981,0.15174,0.60231,0.0224,0.08183,0.09942,0.33714,0.11213,0.13836,0.11634,0.89304
HCASE-01573,0.68777,0.06319,0.14924,0.14226,0.14714,0.12782,0.73876,0.71001,0.1491,0.68516,0.17982,0.18464,0.20932,0.08668
HCASE-01574,0.56475,0.07507,0.11961,0.06302,0.08622,0.06137,0.25514,0.19491,0.10397,0.62294,0.10179,0.10191,0.08362,0.73815
HCASE-01575,0.14337,0.35397,0.93048,0.35619,0.11793,0.06066,0.05226,0.69936,0.22642,0.02293,0.06695,0.12342,0.02707,0.12761
HCASE-01576,0.13555,0.07457,0.13298,0.15697,0.02597,0.07839,0.03642,0.79127,0.59794,0.12991,0.11067,0.76983,0.12507,0.19894
HCASE-01577,0.54095,0.68227,0.03325,0.13965,0.05726,0.67468,0.04507,0.09838,0.16646,0.05436,0.05294,0.0766,0.13424,0.37824
HCASE-01578,0.13896,0.08687,0.08347,0.14634,0.18598,0.06386,0.15115,0.20887,0.27052,0.06966,0.55533,0.5818,0.05991,0.10041
HCASE-01579,0.6294,0.1883,0.12085,0.08146,0.14841,0.17715,0.10469,0.0464,0.03961,0.37966,0.046,0.04249,0.02465,0.88452
HCASE-01580,0.17812,0.54435,0.64005,0.09498,0.23029,0.12453,0.1217,0.6619,0.03332,0.11443,0.0963,0.07971,0.0613,0.13797
HCASE-01581,0.60655,0.113,0.09016,0.14365,0.10999,0.04074,0.4689,0.44576,0.07681,0.62851,0.11226,0.06646,0.04555,0.41885
HCASE-01582,0.05777,0.36371,0.76762,0.37798,0.03011,0.03203,0.09238,0.77547,0.17922,0.06216,0.08924,0.04966,0.09905,0.05039
HCASE-01583,0.08531,0.08402,0.13464,0.08176,0.02017,0.07475,0.09872,0.31373,0.36637,0.08215,0.5187,0.78577,0.1467,0.20592
HCASE-01584,0.07132,0.13465,0.06063,0.08779,0.04196,0.17355,0.06467,0.71543,0.43404,0.1584,0.14719,0.47566,0.28353,0.13431
HCASE-01585,0.07773,0.15699,0.15087,0.06493,0.08143,0.10683,0.13171,0.82907,0.39316,0.0675,0.05493,0.25299,0.58549,0.03808
HCASE-01586,0.80908,0.14748,0.02398,0.04738,0.0502,0.2089,0.14111,0.0306,0.03452,0.78181,0.14116,0.10864,0.03489,0.9394
HCASE-01587,0.17514,0.08546,0.86214,0.44904,0.3591,0.13415,0.13301,0.74755,0.10641,0.14776,0.0735,0.14751,0.06492,0.14599
HCASE-01588,0.19868,0.20733,0.61303,0.62503,0.34869,0.11524,0.04071,0.51231,0.24798,0.14682,0.12841,0.14859,0.13683,0.14638
HCASE-01589,0.13369,0.941,0.14482,0.0972,0.07538,0.15755,0.764,0.13611,0.0243,0.08994,0.06736,0.12729,0.02121,0.15345
HCASE-01590,0.03176,0.06641,0.67475,0.14993,0.56137,0.11918,0.10458,0.96058,0.10377,0.13884,0.15547,0.03037,0.4458,0.02172
HCASE-01591,0.27469,0.33868,0.14264,0.55731,0.50549,0.22977,0.05925,0.1727,0.55012,0.13161,0.09092,0.03749,0.07702,0.34718
HCASE-01592,0.08679,0.98739,0.20238,0.04626,0.14234,0.36237,0.6147,0.13114,0.05635,0.0571,0.10153,0.04371,0.0532,0.05159
HCASE-01593,0.10753,0.10518,0.80112,0.17199,0.6712,0.12265,0.03034,0.6297,0.03125,0.09614,0.07735,0.06897,0.13597,0.07286
HCASE-01594,0.04573,0.05557,0.02034,0.02744,0.14485,0.09107,0.13241,0.76132,0.1104,0.13622,0.18286,0.13251,0.88912,0.13225
HCASE-01595,0.67891,0.84722,0.12622,0.22474,0.14955,1.0,0.1374,0.04719,0.04735,0.07574,0.06607,0.14906,0.0605,0.54025
HCASE-01596,0.76246,0.20294,0.17037,0.13953,0.21084,0.18416,0.25772,0.23631,0.07103,0.67871,0.15022,0.15957,0.13322,0.59563
HCASE-01597,0.20259,0.18583,0.14533,0.02166,0.12604,0.08922,0.04891,0.28229,0.2085,0.15905,0.50112,0.72576,0.0393,0.11001
HCASE-01598,0.09843,0.3247,0.70177,0.0593,0.52707,0.07796,0.08849,0.80397,0.20007,0.05587,0.14494,0.02223,0.02056,0.02621
HCASE-01599,0.07083,0.62415,0.04612,0.07411,0.0623,0.67266,0.31401,0.1757,0.0989,0.07117,0.0712,0.07817,0.0715,0.04999
HCASE-01600,0.14604,0.11275,0.04791,0.14576,0.1049,0.14802,0.14408,0.82838,0.72046,0.07057,0.14759,0.7177,0.15323,0.04439
HCASE-01601,0.21073,0.09812,0.04917,0.68805,0.59312,0.08154,0.03064,0.12237,0.62847,0.15968,0.14884,0.1265,0.11752,0.11994
HCASE-01602,0.07643,0.26123,0.86321,0.36976,0.10725,0.06412,0.15968,0.67562,0.03123,0.03759,0.14525,0.05434,0.11485,0.12704
HCASE-01603,0.32963,0.18331,0.11303,0.13481,0.19534,0.21849,0.05523,0.61983,0.48504,0.21713,0.14286,0.48743,0.03271,0.29319
HCASE-01604,0.1994,0.22953,0.31957,0.62355,0.57496,0.16953,0.09846,0.21539,0.42457,0.03503,0.1131,0.15603,0.06329,0.08316
HCASE-01605,0.84264,0.48995,0.0204,0.06933,0.06092,0.54233,0.14533,0.1015,0.14313,0.35906,0.10118,0.05207,0.14873,1.0
HCASE-01606,0.15067,0.1359,0.9017,0.22199,0.57063,0.02332,0.04872,0.83952,0.07664,0.1205,0.15843,0.14726,0.03862,0.1506
HCASE-01607,0.19689,1.0,0.04703,0.08675,0.03449,0.49924,0.59093,0.04189,0.11647,0.10821,0.06577,0.14238,0.08617,0.0725
HCASE-01608,0.26714,0.70539,0.16621,0.0589,0.13825,0.07332,0.79649,0.3497,0.08805,0.19078,0.10669,0.08154,0.0913,0.08154
HCASE-01609,0.41994,0.53463,0.03888,0.24072,0.26722,0.56219,0.15397,0.18948,0.31985,0.13336,0.12424,0.11565,0.07232,0.53171
HCASE-01610,0.22618,0.14192,0.10542,0.37999,0.36728,0.26136,0.09734,0.18065,0.45562,0.13901,0.04862,0.1395,0.10498,0.18701
HCASE-01611,0.1737,0.8935,0.02256,0.12895,0.06087,0.41092,0.44502,0.10159,0.05644,0.13451,0.07434,0.03373,0.09257,0.1385
HCASE-01612,0.14265,0.11435,0.31492,0.09899,0.29629,0.02807,0.03155,0.76962,0.02651,0.14401,0.08103,0.03086,0.66271,0.1572
HCASE-01613,0.14584,0.15016,0.62701,0.61556,0.3053,0.12528,0.08113,0.52607,0.33655,0.15139,0.1285,0.14184,0.03237,0.14265
HCASE-01614,0.1378,0.8087,0.24676,0.0386,0.05051,0.03071,0.51716,0.34061,0.18884,0.1068,0.14231,0.04863,0.09641,0.10209
HCASE-01615,0.37083,0.82149,0.13756,0.03078,0.02854,0.17451,0.76812,0.34926,0.15433,0.2424,0.1198,0.15621,0.08915,0.02712
HCASE-01616,0.02904,0.05222,0.27406,0.09487,0.34801,0.14322,0.07072,0.70339,0.08439,0.18732,0.2271,0.24423,0.64447,0.14447
HCASE-01617,0.05463,0.12242,0.19246,0.50404,0.66897,0.10133,0.15607,0.33079,0.47342,0.03052,0.05966,0.04708,0.07565,0.15327
HCASE-01618,0.18423,0.80107,0.13424,0.18841,0.15137,0.69092,0.36337,0.10195,0.1008,0.08861,0.09619,0.04763,0.11003,0.02562
HCASE-01619,0.05884,0.10322,0.22596,0.14588,0.15926,0.14905,0.1152,0.34983,0.338,0.0532,0.54342,0.73874,0.05823,0.11843
HCASE-01620,0.05128,0.14153,0.02715,0.03882,0.02023,0.03642,0.1038,0.85864,0.61735,0.07454,0.15705,0.47488,0.37857,0.12266
HCASE-01621,0.73034,0.73747,0.05037,0.09294,0.13919,0.66825,0.06019,0.02302,0.12895,0.06689,0.09856,0.07076,0.05839,0.72475
HCASE-01622,0.28667,0.56511,0.09106,0.06258,0.0824,0.83645,0.04406,0.13591,0.04837,0.09185,0.13113,0.09077,0.08027,0.23447
HCASE-01623,0.21741,0.74948,0.08723,0.105,0.06205,1.0,0.10476,0.09101,0.11586,0.10947,0.07647,0.08533,0.10467,0.04939
HCASE-01624,0.0447,0.59794,0.84603,0.0369,0.31304,0.05868,0.10697,0.79019,0.06395,0.0925,0.13748,0.14249,0.02817,0.13589
HCASE-01625,0.1532,0.10138,0.72671,0.06844,0.57067,0.15446,0.12519,0.75345,0.10767,0.14291,0.06342,0.14453,0.10933,0.05013
HCASE-01626,0.07327,0.10563,0.28224,0.572,0.79256,0.02387,0.1566,0.25359,0.49131,0.08791,0.14827,0.1155,0.08889,0.20396
HCASE-01627,0.27116,0.05407,0.08941,0.14187,0.13802,0.08641,0.03774,0.55197,0.457,0.31754,0.21596,0.48958,0.11456,0.33127
HCASE-01628,0.54498,0.53939,0.04529,0.38623,0.3053,0.52092,0.04656,0.16619,0.3523,0.08262,0.11042,0.10331,0.06364,0.54113
HCASE-01629,0.66013,0.22809,0.15073,0.05116,0.13815,0.23058,0.03682,0.12221,0.10566,0.3932,0.06897,0.03723,0.0775,0.88593
HCASE-01630,0.20928,0.22379,0.57684,0.66032,0.28939,0.11803,0.1201,0.51254,0.30517,0.08825,0.02892,0.03326,0.14242,0.11459
HCASE-01631,0.39546,0.30619,0.10671,0.02564,0.09462,0.13114,0.73733,0.48158,0.13305,0.39872,0.07887,0.05875,0.05417,0.24486
HCASE-01632,0.16959,0.16578,0.08083,0.15283,0.14859,0.10196,0.1358,0.84671,0.0894,0.02189,0.03839,0.02054,0.85443,0.0759
HCASE-01633,0.59973,0.74399,0.15712,0.14615,0.05853,0.83011,0.11566,0.03023,0.1519,0.0591,0.11579,0.1194,0.08162,0.46275
HCASE-01634,0.68231,0.64901,0.15499,0.3099,0.38356,0.64638,0.06911,0.11861,0.36643,0.10895,0.10311,0.04775,0.04172,0.53199
HCASE-01635,0.06861,0.15539,0.05284,0.02988,0.05669,0.02569,0.05389,0.3403,0.32591,0.11913,0.55336,0.84049,0.1614,0.06133
HCASE-01636,0.18938,0.08342,0.06133,0.07936,0.12987,0.0614,0.10433,0.52957,0.44122,0.23606,0.02138,0.52986,0.05312,0.32523
HCASE-01637,0.58983,0.06311,0.22964,0.10686,0.07137,0.14052,0.28879,0.35717,0.15749,0.53096,0.04854,0.1512,0.09449,0.50929
HCASE-01638,0.66987,0.61333,0.13274,0.38939,0.44096,0.54319,0.08193,0.06227,0.27179,0.11318,0.15182,0.06768,0.0971,0.61417
HCASE-01639,0.55259,0.59114,0.10344,0.29516,0.3086,0.46357,0.07272,0.2381,0.35889,0.1376,0.15954,0.122,0.03207,0.53245
HCASE-01640,0.65024,0.14,0.11517,0.05628,0.03364,0.20894,0.15487,0.39021,0.3026,0.52077,0.12627,0.37862,0.04134,0.63046
HCASE-01641,0.06183,0.6401,0.79756,0.07753,0.21113,0.12983,0.03111,0.75467,0.04781,0.09809,0.06037,0.05882,0.14538,0.07985
HCASE-01642,0.54172,0.45048,0.16457,0.20528,0.16148,0.16684,0.66764,0.48502,0.02476,0.43285,0.0561,0.11273,0.06756,0.04168
HCASE-01643,0.03434,0.06041,0.08263,0.05279,0.02825,0.10633,0.13397,0.83444,0.06399,0.19361,0.20945,0.11621,0.95731,0.08588
HCASE-01644,0.05589,0.0751,0.69307,0.09389,0.69417,0.09404,0.04082,0.65716,0.02785,0.15386,0.20876,0.17222,0.23608,0.09983
HCASE-01645,0.83515,0.71378,0.137,0.07049,0.07404,0.65083,0.08056,0.05514,0.0958,0.24635,0.10662,0.03007,0.10983,0.83474
HCASE-01646,0.08106,0.79399,0.53264,0.12957,0.06866,0.13593,0.32055,0.43575,0.13054,0.11444,0.1521,0.05564,0.0836,0.24566
HCASE-01647,0.03648,0.09742,0.07152,0.06298,0.05218,0.05465,0.13372,0.33955,0.13508,0.10359,0.49769,0.56623,0.38088,0.24586
HCASE-01648,0.11662,0.07687,0.05342,0.10515,0.07894,0.08067,0.1109,0.25673,0.12492,0.10781,0.61563,0.6093,0.46661,0.13133
HCASE-01649,0.11873,0.11053,0.55403,0.03531,0.41398,0.15672,0.04207,0.86224,0.1155,0.15327,0.04102,0.04617,0.26089,0.09208
HCASE-01650,0.19357,0.12661,0.2401,0.13905,0.20969,0.1827,0.07709,0.66106,0.15692,0.15747,0.07712,0.11701,0.55828,0.03041
HCASE-01651,0.19221,0.56237,0.1134,0.06441,0.02413,0.89282,0.02745,0.13057,0.15242,0.07649,0.05136,0.12748,0.05599,0.26327
HCASE-01652,0.61771,0.37863,0.47264,0.1512,0.0949,0.19061,0.51112,0.70172,0.15336,0.50441,0.07539,0.12668,0.12877,0.08323
HCASE-01653,0.17921,0.57081,0.05151,0.13864,0.14705,0.56253,0.32722,0.05518,0.06947,0.05512,0.09323,0.0652,0.06631,0.14484
HCASE-01654,0.32744,0.68094,0.05909,0.08327,0.07067,0.20867,0.79509,0.31143,0.12837,0.23451,0.05686,0.09901,0.14121,0.15069
HCASE-01655,0.08272,0.77113,0.10489,0.10845,0.15714,0.41726,0.54141,0.19259,0.18219,0.14896,0.08776,0.04883,0.09092,0.09315
HCASE-01656,0.4179,0.36517,0.11785,0.61739,0.55291,0.40317,0.09175,0.07222,0.59774,0.06929,0.05116,0.12364,0.14505,0.3114
HCASE-01657,0.12009,0.75013,0.14439,0.13837,0.1115,0.42988,0.42249,0.0262,0.04636,0.11738,0.13431,0.08489,0.13585,0.1553
HCASE-01658,0.02323,0.39442,0.81531,0.40406,0.09609,0.04871,0.08114,0.83377,0.20217,0.13756,0.05204,0.11145,0.02771,0.02718
HCASE-01659,0.24755,0.04625,0.11678,0.07912,0.1438,0.07626,0.14125,0.72489,0.66121,0.23524,0.05001,0.47858,0.04676,0.28724
HCASE-01660,0.63101,0.39071,0.35816,0.14294,0.03513,0.2216,0.56656,0.82794,0.12248,0.39396,0.04053,0.07119,0.13253,0.03223
HCASE-01661,0.71789,0.77516,0.10012,0.16326,0.17872,0.81712,0.09648,0.12078,0.02336,0.05909,0.15647,0.07246,0.05927,0.74056
HCASE-01662,0.12058,0.04039,0.29692,0.06043,0.27057,0.15669,0.08349,0.74326,0.10564,0.2402,0.19146,0.21113,0.70822,0.06137
HCASE-01663,0.14369,0.80769,0.14005,0.15044,0.20257,0.76165,0.34932,0.10663,0.06388,0.15314,0.13657,0.11682,0.03197,0.09866
HCASE-01664,0.14504,0.14159,0.02165,0.03925,0.07021,0.14762,0.11843,0.84936,0.71803,0.19566,0.13702,0.80253,0.18805,0.15602
HCASE-01665,0.42222,0.55133,0.11294,0.07341,0.11411,0.63321,0.11233,0.15289,0.09282,0.10853,0.04099,0.1064,0.07779,0.6006
HCASE-01666,0.04665,0.08256,0.88354,0.31288,0.45212,0.03711,0.09813,0.81666,0.0533,0.076,0.02903,0.10046,0.12902,0.12351
HCASE-01667,0.13363,0.04466,0.31332,0.05251,0.28606,0.10316,0.10348,0.74794,0.20104,0.08814,0.06684,0.10018,0.5598,0.06063
HCASE-01668,0.31364,0.0986,0.07802,0.05765,0.03903,0.06918,0.04938,0.49405,0.4281,0.27601,0.20295,0.60165,0.17745,0.34825
HCASE-01669,0.13749,0.05142,0.05228,0.08441,0.13794,0.07747,0.05771,0.3236,0.26817,0.138,0.67429,0.95468,0.21323,0.02323
HCASE-01670,0.13803,0.51657,0.69471,0.1959,0.15089,0.12856,0.05632,0.53213,0.09128,0.08455,0.14237,0.10583,0.08674,0.15251
HCASE-01671,0.74126,0.21792,0.10044,0.04838,0.06554,0.25623,0.12733,0.03662,0.08663,0.48367,0.22257,0.23145,0.13194,0.88081
HCASE-01672,0.15362,0.02323,0.03683,0.04196,0.10547,0.07316,0.03674,0.52933,0.37056,0.10645,0.35022,0.77375,0.19849,0.07726
HCASE-01673,0.46092,0.59655,0.14888,0.08733,0.08143,0.6532,0.08053,0.08059,0.12761,0.11891,0.04794,0.03909,0.09911,0.36014
HCASE-01674,0.32818,0.31194,0.16861,0.48196,0.46138,0.28765,0.15342,0.11895,0.41735,0.02769,0.1002,0.12873,0.04819,0.27972
HCASE-01675,0.43232,0.1564,0.06845,0.07982,0.0342,0.06688,0.08189,0.39476,0.32459,0.40558,0.03216,0.31754,0.14584,0.56074
HCASE-01676,0.19344,0.79911,0.19495,0.16131,0.13402,1.0,0.05712,0.15178,0.09714,0.13476,0.06785,0.0763,0.12015,0.12785
HCASE-01677,0.17846,0.3937,0.84012,0.44454,0.16055,0.17892,0.02195,0.66902,0.14746,0.13743,0.04563,0.15929,0.11377,0.0885
HCASE-01678,0.14105,0.07762,0.35474,0.05459,0.20524,0.03921,0.10622,0.84698,0.13302,0.06517,0.15818,0.13074,0.61959,0.0206
HCASE-01679,0.06308,0.10416,0.10931,0.11301,0.0885,0.02891,0.09805,0.23908,0.29227,0.22179,0.74404,0.84974,0.1754,0.02116
HCASE-01680,0.19144,0.4023,0.61312,0.03598,0.46689,0.09246,0.09938,0.58562,0.02584,0.04815,0.09773,0.15741,0.02558,0.11228
HCASE-01681,0.51344,0.80591,0.04698,0.03329,0.0797,0.85895,0.06521,0.09758,0.09293,0.06496,0.07983,0.11144,0.08177,0.72461
HCASE-01682,0.21787,0.98803,0.12472,0.12795,0.0721,0.55006,0.63032,0.04961,0.12567,0.11166,0.03334,0.04878,0.03446,0.13614
HCASE-01683,0.32656,0.29701,0.11203,0.43327,0.48162,0.21577,0.117,0.06994,0.4993,0.18666,0.11391,0.18116,0.10191,0.22728
HCASE-01684,0.09071,0.13128,0.05962,0.03567,0.06913,0.0558,0.15702,0.71849,0.28226,0.19878,0.21965,0.41083,0.72192,0.10431
HCASE-01685,0.07541,0.13023,0.15817,0.03794,0.03029,0.12985,0.04075,0.24852,0.33185,0.10282,0.3996,0.66944,0.13531,0.08843
HCASE-01686,0.0682,0.12271,0.19962,0.14758,0.09832,0.05952,0.03194,0.37993,0.33959,0.13961,0.60535,0.66539,0.12706,0.08958
HCASE-01687,0.4791,0.61967,0.13833,0.22272,0.33682,0.50078,0.09662,0.14326,0.41,0.09929,0.09868,0.14859,0.06402,0.51855
HCASE-01688,0.10534,0.12474,0.71053,0.30283,0.55917,0.10676,0.12285,0.74623,0.1383,0.13997,0.07014,0.10072,0.10982,0.22981
HCASE-01689,0.16738,0.12411,0.35876,0.7494,0.54641,0.15089,0.09863,0.33474,0.54623,0.02612,0.09701,0.0655,0.0598,0.05772
HCASE-01690,0.0877,0.11278,0.72184,0.26274,0.46042,0.17176,0.03188,0.79048,0.06195,0.14875,0.07771,0.10784,0.11102,0.05039
HCASE-01691,0.08662,0.04565,0.11411,0.09214,0.1466,0.14651,0.13065,0.90556,0.51749,0.14027,0.14461,0.57431,0.3924,0.12731
HCASE-01692,0.74172,0.53886,0.0591,0.13315,0.14888,0.55432,0.0408,0.15929,0.10144,0.20466,0.02784,0.02344,0.14025,0.75165
HCASE-01693,0.11003,0.14311,0.12531,0.10355,0.15339,0.09596,0.11904,0.56581,0.49994,0.13447,0.39006,0.63171,0.14203,0.08287
HCASE-01694,0.03509,0.03116,0.22732,0.11768,0.06444,0.056,0.07094,0.36953,0.32426,0.14688,0.64542,0.69201,0.11255,0.11293
HCASE-01695,0.05429,0.09592,0.09665,0.02571,0.15562,0.05484,0.07222,0.60668,0.08184,0.07686,0.0203,0.08685,0.76676,0.03047
HCASE-01696,0.12132,0.94966,0.51239,0.07874,0.05733,0.10604,0.60903,0.36085,0.13664,0.12918,0.15979,0.06163,0.11589,0.02762
HCASE-01697,0.05705,0.77339,0.08497,0.04945,0.04204,0.30137,0.52249,0.21295,0.15044,0.10523,0.11537,0.06727,0.1518,0.13352
HCASE-01698,0.21303,0.66252,0.75319,0.31938,0.15593,0.10198,0.02925,0.71508,0.03275,0.11795,0.11257,0.1214,0.09421,0.02792
HCASE-01699,0.59194,0.86725,0.10223,0.0973,0.0311,0.89693,0.0525,0.12628,0.11713,0.1344,0.07835,0.08246,0.13501,0.45722
HCASE-01700,0.70881,0.18929,0.04143,0.144,0.04193,0.17493,0.33081,0.23236,0.07872,0.68903,0.044,0.15761,0.15273,0.51053
HCASE-01701,0.23975,1.0,0.12734,0.02642,0.08855,0.49316,0.55338,0.06174,0.13953,0.05791,0.08209,0.09507,0.15861,0.05379
HCASE-01702,0.82689,0.61568,0.20822,0.14644,0.17351,0.59994,0.02468,0.11753,0.04959,0.21565,0.04569,0.15355,0.03966,0.8802
HCASE-01703,0.14876,0.04051,0.0236,0.10582,0.11415,0.08637,0.15888,0.29873,0.06185,0.16881,0.60233,0.69093,0.40077,0.10372
HCASE-01704,0.57661,0.2162,0.06156,0.13997,0.14913,0.17082,0.11971,0.39779,0.32039,0.50174,0.10345,0.26209,0.07257,0.70285
HCASE-01705,0.29101,0.52355,0.18538,0.13886,0.14191,0.7561,0.05133,0.20933,0.14561,0.11167,0.11751,0.15231,0.03233,0.24718
HCASE-01706,0.14693,0.07653,0.04841,0.1001,0.0557,0.1959,0.0437,0.72038,0.19421,0.06557,0.13357,0.28149,0.53187,0.07011
HCASE-01707,0.2046,0.18105,0.73935,0.05091,0.81923,0.21624,0.08828,0.73318,0.15227,0.11879,0.11065,0.06863,0.13936,0.02435
HCASE-01708,0.10718,0.60733,0.04877,0.03079,0.12707,0.6714,0.35114,0.07898,0.07062,0.07523,0.09094,0.15498,0.10939,0.12451
HCASE-01709,0.08617,0.33446,0.86105,0.43584,0.10078,0.07404,0.04386,0.70564,0.15462,0.0232,0.05909,0.05109,0.05997,0.07132
HCASE-01710,0.47901,0.27251,0.15507,0.02043,0.09894,0.1532,0.78053,0.57784,0.05411,0.44033,0.14902,0.11018,0.15654,0.13746
HCASE-01711,0.23445,0.06942,0.20223,0.05847,0.03574,0.035,0.11203,0.56085,0.43329,0.21658,0.09604,0.4235,0.02636,0.3061
HCASE-01712,0.04458,0.04187,0.81905,0.64991,0.28091,0.08352,0.11593,0.56588,0.2978,0.08112,0.07432,0.0987,0.12051,0.12273
HCASE-01713,0.20236,0.14094,0.03913,0.11932,0.15644,0.13026,0.11938,0.26966,0.26165,0.03541,0.60511,0.64874,0.10244,0.1492
HCASE-01714,0.12089,0.10446,0.43206,0.664,0.5854,0.14253,0.06776,0.30799,0.53929,0.06187,0.10118,0.11751,0.12629,0.1087
HCASE-01715,0.23881,0.632,0.10791,0.08095,0.15036,0.80492,0.07533,0.18999,0.04532,0.09339,0.14226,0.13736,0.0891,0.22915
HCASE-01716,0.1096,0.11795,0.48579,0.03886,0.49091,0.04134,0.07314,0.63206,0.10519,0.09583,0.12335,0.06865,0.37766,0.12081
HCASE-01717,0.50139,0.55287,0.10424,0.36334,0.28184,0.60173,0.05162,0.14836,0.39211,0.10033,0.03917,0.09339,0.14414,0.5148
HCASE-01718,0.80676,0.47987,0.08836,0.065,0.06236,0.47692,0.12156,0.14632,0.09664,0.21826,0.13807,0.06586,0.08549,0.83797
HCASE-01719,0.12151,0.07283,0.12724,0.0395,0.06396,0.12007,0.023,0.81532,0.18767,0.1167,0.23852,0.44357,0.66405,0.10563
HCASE-01720,0.26311,0.24328,0.0402,0.53999,0.51287,0.25588,0.08511,0.08705,0.41721,0.12849,0.13433,0.14556,0.10382,0.34384
HCASE-01721,0.60485,0.06697,0.04009,0.11076,0.08825,0.09912,0.0812,0.1577,0.1458,0.53542,0.13133,0.14593,0.05429,0.73704
HCASE-01722,0.56813,0.36505,0.41198,0.06938,0.03395,0.13804,0.62965,0.7776,0.05907,0.43172,0.15865,0.07258,0.0745,0.06032
HCASE-01723,0.59922,0.60932,0.10225,0.36169,0.33595,0.4992,0.03838,0.13657,0.23068,0.07123,0.02258,0.11443,0.05782,0.77537
HCASE-01724,0.472,0.14125,0.0322,0.14493,0.03536,0.15645,0.069,0.29059,0.30096,0.46473,0.0678,0.26006,0.07326,0.49325
HCASE-01725,0.09127,0.06266,0.09022,0.14045,0.09185,0.09564,0.13919,0.64014,0.27541,0.08343,0.17821,0.30822,0.65843,0.05701
HCASE-01726,0.49115,0.569,0.09629,0.06499,0.13719,0.49625,0.0244,0.11882,0.09264,0.06316,0.09465,0.03289,0.12314,0.54837
HCASE-01727,0.68386,0.40711,0.09431,0.07705,0.07436,0.55275,0.02397,0.13483,0.11769,0.27691,0.12088,0.07968,0.08804,0.86395
HCASE-01728,0.02212,0.09828,0.13271,0.03569,0.03003,0.02674,0.04922,0.71275,0.23468,0.18982,0.14301,0.27909,0.54483,0.10104
HCASE-01729,0.03759,0.59065,0.75606,0.18686,0.04525,0.09839,0.13459,0.72376,0.02523,0.14921,0.04698,0.10033,0.13199,0.11817
HCASE-01730,0.14322,0.8857,0.45498,0.06885,0.15442,0.08953,0.51705,0.38198,0.04737,0.12999,0.07182,0.14976,0.04353,0.06585
HCASE-01731,0.15981,0.13187,0.10195,0.12978,0.07472,0.04073,0.02773,0.567,0.43245,0.17711,0.34754,0.85715,0.23782,0.09561
HCASE-01732,0.72664,0.96295,0.13709,0.15729,0.05978,1.0,0.08912,0.08348,0.03056,0.15395,0.09491,0.07982,0.04226,0.52807
HCASE-01733,0.13275,0.12296,0.30388,0.57819,0.53034,0.14649,0.12817,0.25395,0.4325,0.08558,0.15254,0.05818,0.14269,0.24287
HCASE-01734,0.60264,0.38406,0.34498,0.13999,0.12919,0.14274,0.47155,0.61952,0.03117,0.44008,0.04345,0.07944,0.13599,0.02013
HCASE-01735,0.43658,0.12983,0.11623,0.12346,0.09899,0.09379,0.07556,0.28627,0.21854,0.5311,0.17006,0.34589,0.14926,0.52928
HCASE-01736,0.07483,0.1362,0.29946,0.5444,0.65998,0.13223,0.06031,0.25896,0.43132,0.10015,0.08295,0.04779,0.12339,0.14648
HCASE-01737,0.06393,0.12583,0.14082,0.04333,0.122,0.14114,0.11343,0.35814,0.04261,0.08845,0.48116,0.53712,0.28613,0.15401
HCASE-01738,0.08667,0.05776,0.27513,0.14888,0.28873,0.05296,0.04183,0.73387,0.05021,0.1134,0.02641,0.0262,0.55154,0.14954
HCASE-01739,0.1602,0.94741,0.44921,0.10999,0.23101,0.17639,0.53762,0.30796,0.14761,0.12419,0.12419,0.13066,0.12809,0.10275
HCASE-01740,0.81405,0.15602,0.16028,0.19589,0.11518,0.11802,0.45717,0.41458,0.14445,0.59361,0.12015,0.08251,0.12407,0.38502
HCASE-01741,0.83245,0.10557,0.18174,0.13498,0.17974,0.20486,0.2506,0.28017,0.15869,0.59652,0.06964,0.04742,0.04678,0.61845
HCASE-01742,0.38595,0.34325,0.07486,0.52521,0.48532,0.37041,0.03969,0.09503,0.56726,0.09287,0.02257,0.08473,0.12446,0.29195
HCASE-01743,0.33815,0.13147,0.04903,0.08095,0.12959,0.12817,0.02106,0.6196,0.57677,0.25482,0.04294,0.43892,0.14355,0.3266
HCASE-01744,0.0217,0.70261,0.0279,0.03112,0.1114,0.59467,0.2809,0.21626,0.08307,0.14531,0.02971,0.13357,0.12872,0.15782
HCASE-01745,0.06995,0.14424,0.30676,0.15466,0.32444,0.05472,0.10749,0.85866,0.08129,0.21968,0.12599,0.19106,0.75754,0.11115
HCASE-01746,0.11427,0.1258,0.25757,0.10782,0.26654,0.07744,0.13724,0.77464,0.13426,0.06356,0.08543,0.0841,0.63706,0.12518
HCASE-01747,0.89686,0.14894,0.13049,0.07147,0.03034,0.16737,0.07253,0.15412,0.13379,0.7143,0.10934,0.09456,0.04233,0.9163
HCASE-01748,0.14951,0.44809,0.66661,0.15909,0.52754,0.1333,0.13457,0.60783,0.15639,0.11792,0.08268,0.05299,0.0548,0.09844
HCASE-01749,0.0348,0.24545,0.70044,0.37115,0.06291,0.09318,0.0979,0.81033,0.14803,0.14693,0.12486,0.12558,0.03928,0.15262
HCASE-01750,0.04239,0.62567,0.12098,0.04102,0.09278,0.7124,0.36407,0.10913,0.13404,0.1519,0.0365,0.02601,0.02996,0.21162
HCASE-01751,0.68013,0.78534,0.13555,0.1069,0.14766,0.94517,0.02442,0.13472,0.15124,0.13086,0.07625,0.0983,0.04562,0.5934
HCASE-01752,0.10876,0.39467,0.77604,0.37542,0.15622,0.14323,0.09192,0.74214,0.22177,0.04343,0.02065,0.07862,0.11101,0.04129
HCASE-01753,0.08546,0.81498,0.14278,0.13656,0.20452,0.7027,0.36149,0.07423,0.15813,0.0351,0.03698,0.08191,0.10532,0.12327
HCASE-01754,0.07197,0.35737,0.75517,0.29101,0.10684,0.05119,0.0687,0.63743,0.19073,0.03416,0.05931,0.08733,0.13527,0.07833
HCASE-01755,0.75715,0.21938,0.13226,0.0854,0.14715,0.10754,0.43581,0.51032,0.07404,0.56395,0.10875,0.0846,0.07497,0.31085
HCASE-01756,0.03846,0.11286,0.04403,0.08981,0.03119,0.05793,0.02433,0.32704,0.06937,0.15464,0.67404,0.67201,0.41585,0.08424
HCASE-01757,0.11859,0.02424,0.59481,0.03343,0.41531,0.02467,0.11548,0.8034,0.05217,0.11101,0.06439,0.02121,0.3843,0.05473
HCASE-01758,0.07249,0.58251,0.88749,0.22695,0.14326,0.06568,0.11172,0.71255,0.07563,0.13112,0.05882,0.06452,0.11673,0.11763
HCASE-01759,0.09667,0.08643,1.0,0.47516,0.31141,0.04025,0.15392,0.81119,0.04336,0.0775,0.0755,0.03001,0.14716,0.08655
HCASE-01760,0.80991,0.16846,0.10071,0.10009,0.08997,0.19254,0.23325,0.21553,0.13771,0.66384,0.14469,0.07034,0.06967,0.61794
HCASE-01761,0.02333,0.7048,0.60669,0.15363,0.02488,0.08156,0.11679,0.57641,0.1079,0.10276,0.15103,0.07223,0.12101,0.23235
HCASE-01762,0.20506,0.14775,0.26852,0.61227,0.74413,0.20968,0.13246,0.24298,0.49348,0.0328,0.10841,0.0699,0.02299,0.13581
HCASE-01763,0.45143,0.10774,0.0678,0.0847,0.11166,0.13622,0.05104,0.36113,0.33792,0.39101,0.1587,0.25596,0.06772,0.56472
HCASE-01764,0.1458,0.50038,0.63068,0.22965,0.1023,0.04666,0.15514,0.47486,0.02207,0.16004,0.13618,0.1807,0.10006,0.09225
HCASE-01765,0.37481,0.70579,0.19079,0.22017,0.08302,0.16455,0.7148,0.2597,0.02036,0.20514,0.13909,0.04782,0.09775,0.05362
HCASE-01766,0.26112,0.26187,0.06214,0.55886,0.50849,0.27174,0.07127,0.14484,0.56735,0.02147,0.03961,0.02733,0.13296,0.41896
HCASE-01767,0.04802,0.7859,0.42595,0.13863,0.10717,0.14925,0.25228,0.49839,0.20534,0.04144,0.09206,0.07099,0.13114,0.15551
HCASE-01768,0.63147,0.66933,0.1376,0.30048,0.28453,0.71852,0.09473,0.10911,0.39432,0.09606,0.07694,0.14463,0.09591,0.51149
HCASE-01769,0.04008,0.07164,0.13044,0.13005,0.10134,0.09299,0.04601,0.35019,0.28834,0.15725,0.60103,0.65221,0.05163,0.15455
HCASE-01770,0.15485,0.80139,0.14246,0.08187,0.12204,0.42126,0.48805,0.02182,0.03161,0.06533,0.0688,0.03947,0.08043,0.07128
HCASE-01771,0.02771,0.8772,0.39543,0.13788,0.04518,0.13438,0.54823,0.29876,0.04578,0.04425,0.05066,0.07713,0.02907,0.11719
HCASE-01772,0.07758,0.0695,0.61361,0.3137,0.27497,0.06681,0.05794,0.53661,0.02559,0.10789,0.12524,0.06725,0.14514,0.05048
HCASE-01773,0.04126,0.64783,0.12196,0.14213,0.09994,0.86167,0.0283,0.14442,0.06532,0.08672,0.13774,0.15564,0.08323,0.11493
HCASE-01774,0.15604,0.56673,0.62052,0.25064,0.08031,0.09612,0.13188,0.5986,0.12067,0.03658,0.02481,0.05151,0.06117,0.14781
HCASE-01775,0.9271,0.12568,0.16066,0.14195,0.21466,0.18273,0.6236,0.57545,0.05916,0.73739,0.08904,0.06813,0.05378,0.45242
HCASE-01776,0.87698,0.61533,0.12277,0.17133,0.20199,0.66741,0.1559,0.06665,0.08916,0.32191,0.06148,0.10505,0.12008,0.83922
HCASE-01777,0.65093,0.4528,0.34023,0.14915,0.12054,0.19926,0.52869,0.71492,0.03069,0.48313,0.08575,0.13105,0.11425,0.12848
HCASE-01778,0.12873,0.11049,0.11815,0.15865,0.12589,0.14508,0.15334,0.25078,0.25799,0.21873,0.65396,0.85846,0.1072,0.04075
HCASE-01779,0.12162,0.5564,0.71075,0.12758,0.23589,0.08827,0.04281,0.59391,0.09932,0.07165,0.09373,0.06745,0.12641,0.24956
HCASE-01780,0.05241,0.56517,0.86779,0.21665,0.07226,0.11844,0.10837,0.72645,0.05162,0.05738,0.08399,0.14873,0.15459,0.07418
HCASE-01781,0.03388,0.76924,0.48739,0.11736,0.07603,0.15281,0.27385,0.42205,0.17891,0.13617,0.08152,0.13836,0.12771,0.0377
HCASE-01782,0.57907,0.52237,0.21194,0.34702,0.30968,0.54762,0.06172,0.08942,0.23462,0.07224,0.15908,0.05594,0.07344,0.48558
HCASE-01783,0.13171,0.29972,0.73398,0.46426,0.08179,0.03203,0.08033,0.67106,0.11565,0.11909,0.11807,0.08618,0.1551,0.13942
HCASE-01784,0.02911,0.55733,0.70659,0.15671,0.27362,0.10362,0.10252,0.7298,0.21187,0.02432,0.02108,0.05475,0.14566,0.03069
HCASE-01785,0.67723,0.21839,0.11345,0.15573,0.15186,0.20234,0.12614,0.15331,0.08256,0.53565,0.1643,0.23356,0.23409,0.716
HCASE-01786,0.15842,0.18889,0.40466,0.6289,0.52566,0.14154,0.08302,0.30215,0.3937,0.1389,0.02501,0.13414,0.09983,0.13208
HCASE-01787,0.11906,0.72224,0.17817,0.22309,0.16064,1.0,0.07431,0.1412,0.08059,0.11105,0.02781,0.06089,0.14067,0.10817
HCASE-01788,0.26643,0.21872,0.1187,0.42531,0.48655,0.18318,0.0955,0.08327,0.46342,0.05904,0.12876,0.06639,0.05546,0.22132
HCASE-01789,0.72616,0.20371,0.13749,0.05383,0.04268,0.10936,0.32977,0.24582,0.11966,0.64842,0.02088,0.08448,0.12927,0.56805
HCASE-01790,0.51281,0.27347,0.29256,0.03522,0.05076,0.02794,0.40215,0.65517,0.05527,0.47125,0.15646,0.07186,0.12438,0.20264
HCASE-01791,0.59824,0.41255,0.12747,0.08919,0.14669,0.48137,0.04034,0.11164,0.12883,0.21866,0.06903,0.08047,0.13308,0.6812
HCASE-01792,0.05424,0.15328,0.08525,0.06435,0.07619,0.14099,0.04787,0.85551,0.35912,0.08833,0.05446,0.28001,0.58958,0.04546
HCASE-01793,0.55269,0.07961,0.09595,0.09104,0.05514,0.14229,0.03474,0.34528,0.30758,0.47679,0.10679,0.32362,0.05849,0.63797
HCASE-01794,0.20347,0.5441,0.14883,0.12749,0.14302,0.1167,0.55727,0.30126,0.02083,0.33578,0.12731,0.10301,0.19404,0.11928
HCASE-01795,0.04438,0.807,0.56088,0.07048,0.11859,0.04696,0.32841,0.56902,0.126,0.05061,0.12059,0.0438,0.08145,0.0271
HCASE-01796,0.12031,0.7978,0.47235,0.04785,0.07249,0.0579,0.31416,0.47435,0.15966,0.02667,0.06334,0.04625,0.02056,0.06952
HCASE-01797,0.47905,0.54718,0.06193,0.38133,0.34445,0.49967,0.02688,0.05988,0.36761,0.09492,0.07149,0.13054,0.13176,0.69464
HCASE-01798,0.03983,0.13211,0.09577,0.04074,0.11485,0.0507,0.04136,0.77251,0.46578,0.06954,0.11138,0.64314,0.31417,0.30472
HCASE-01799,0.52428,0.68883,0.03438,0.07489,0.14874,0.76149,0.11173,0.03216,0.14698,0.05555,0.02912,0.09148,0.10295,0.71658
HCASE-01800,0.57005,0.84116,0.1316,0.1629,0.10418,0.84525,0.11736,0.07952,0.09246,0.02273,0.15321,0.07227,0.04764,0.54361
HCASE-01801,0.11227,0.87094,0.31195,0.08998,0.10829,0.08862,0.4665,0.2829,0.12044,0.05634,0.15804,0.02822,0.06628,0.14908
HCASE-01802,0.47918,0.71927,0.15658,0.04924,0.03718,0.73171,0.02796,0.03431,0.09496,0.2122,0.11157,0.16609,0.08611,0.41804
HCASE-01803,0.43034,0.36581,0.06535,0.1502,0.14393,0.03641,0.59864,0.5026,0.1148,0.33621,0.07517,0.03249,0.07021,0.02887
HCASE-01804,0.44436,0.25,0.24821,0.10616,0.0763,0.02952,0.39472,0.57028,0.10251,0.39754,0.07576,0.10613,0.09193,0.15924
HCASE-01805,0.8093,0.56073,0.04185,0.15471,0.06313,0.47903,0.1181,0.12421,0.05871,0.23677,0.11328,0.14679,0.07829,0.73934
HCASE-01806,0.11885,0.73228,0.58175,0.1027,0.16099,0.10696,0.25501,0.3821,0.13549,0.15833,0.13543,0.05452,0.06742,0.10195
HCASE-01807,0.11041,0.06422,0.5203,0.03543,0.39946,0.053,0.0762,0.90147,0.17767,0.12646,0.1357,0.09874,0.32669,0.08462
HCASE-01808,0.70536,0.14474,0.11182,0.18151,0.20996,0.12758,0.27809,0.27686,0.117,0.5015,0.13414,0.07431,0.04708,0.58889
HCASE-01809,0.24128,0.68563,0.20278,0.07739,0.08949,0.81091,0.02353,0.18252,0.13912,0.04199,0.03383,0.02395,0.13876,0.22339
HCASE-01810,0.65276,0.46133,0.08744,0.02515,0.138,0.40607,0.08588,0.20698,0.23032,0.16912,0.13722,0.1055,0.15913,0.79031
HCASE-01811,0.77017,0.51755,0.13498,0.06604,0.13774,0.54346,0.07607,0.0787,0.06425,0.23814,0.06193,0.14503,0.04487,0.91737
HCASE-01812,0.762,0.11661,0.09579,0.14568,0.03629,0.09483,0.11951,0.09284,0.08619,0.75945,0.08265,0.06581,0.14549,1.0
HCASE-01813,0.10767,0.05526,0.13852,0.15268,0.14506,0.10483,0.11873,0.5636,0.44483,0.07822,0.31338,0.74603,0.02346,0.06233
HCASE-01814,0.05586,0.73893,0.21461,0.04375,0.04516,0.02951,0.47095,0.28926,0.11601,0.18834,0.19207,0.17442,0.18888,0.02199
HCASE-01815,0.1937,0.2097,0.18374,0.2134,0.16817,0.13195,0.09995,0.32443,0.15937,0.12871,0.50473,0.48149,0.3467,0.04994
HCASE-01816,0.11631,0.74516,0.12856,0.04077,0.04262,0.67441,0.36862,0.07497,0.13955,0.06465,0.13695,0.09027,0.15102,0.09566
HCASE-01817,0.16772,0.14689,0.69078,0.35758,0.52574,0.09224,0.14733,0.73892,0.07722,0.11487,0.02491,0.05199,0.07677,0.04861
HCASE-01818,0.41361,0.39507,0.07791,0.48137,0.55343,0.25298,0.11273,0.1249,0.55111,0.10151,0.08058,0.09208,0.15301,0.36239
HCASE-01819,0.11065,0.50734,0.82707,0.16071,0.04129,0.15227,0.06476,0.57542,0.1322,0.125,0.14519,0.11493,0.12988,0.07091
HCASE-01820,0.04694,0.48533,0.66412,0.11744,0.24918,0.03075,0.03656,0.67618,0.19299,0.02718,0.11459,0.10035,0.04928,0.15589
HCASE-01821,0.21194,0.70506,0.02281,0.03935,0.05658,1.0,0.0704,0.05291,0.09421,0.13088,0.09521,0.02602,0.14252,0.1248
HCASE-01822,0.0433,0.13136,0.7782,0.42822,0.24603,0.11209,0.06283,0.75986,0.11828,0.1402,0.1171,0.10362,0.22061,0.03597
HCASE-01823,0.03328,0.13039,0.40144,0.57331,0.64717,0.04051,0.11548,0.32207,0.48135,0.1582,0.14276,0.15265,0.10756,0.09142
HCASE-01824,0.78401,0.58656,0.17703,0.11681,0.10811,0.52025,0.14756,0.08772,0.05373,0.26404,0.07794,0.10486,0.0483,0.6898
HCASE-01825,0.1216,0.59829,0.59914,0.09993,0.2279,0.08834,0.14777,0.58222,0.12191,0.12588,0.05145,0.15123,0.07921,0.02482
HCASE-01826,0.13103,0.14099,0.1855,0.11152,0.05444,0.09106,0.12226,0.72679,0.13299,0.06417,0.14234,0.154,0.66189,0.12639
HCASE-01827,0.10802,0.26967,0.84821,0.44266,0.15273,0.14776,0.06606,0.72548,0.20651,0.04322,0.06039,0.04815,0.10347,0.11241
HCASE-01828,0.10165,0.09725,0.23407,0.75495,0.77077,0.03052,0.07488,0.17357,0.66344,0.11952,0.14299,0.06335,0.06969,0.05427
HCASE-01829,0.03535,0.1133,0.2746,0.40569,0.68314,0.06871,0.14865,0.2852,0.43484,0.13533,0.18757,0.1724,0.07176,0.14048
HCASE-01830,0.15483,0.13892,0.03336,0.10279,0.02666,0.06429,0.02247,0.54713,0.58635,0.15761,0.45083,0.77172,0.2274,0.0529
HCASE-01831,0.09486,0.10028,0.37081,0.63357,0.47236,0.03054,0.11712,0.31693,0.46615,0.04982,0.12161,0.11881,0.09371,0.10849
HCASE-01832,0.6335,0.78509,0.18759,0.12696,0.11892,0.94966,0.02113,0.06789,0.03873,0.09709,0.03946,0.08921,0.12249,0.49527
HCASE-01833,0.13389,0.30446,0.7551,0.4028,0.14009,0.04505,0.08435,0.56897,0.10875,0.02294,0.07037,0.03838,0.07327,0.09071
HCASE-01834,0.10782,0.74007,0.19419,0.02425,0.07488,0.39725,0.60365,0.11294,0.08776,0.02034,0.12105,0.15432,0.03442,0.03064
HCASE-01835,0.46895,0.57739,0.07207,0.0546,0.07249,0.69144,0.0603,0.15478,0.14526,0.10651,0.20233,0.17523,0.14713,0.44066
HCASE-01836,0.46616,0.047,0.11668,0.12861,0.09913,0.15426,0.13693,0.34468,0.22666,0.51043,0.06107,0.31962,0.05276,0.74282
HCASE-01837,0.73006,0.10565,0.10685,0.09108,0.19036,0.15336,0.47253,0.51353,0.07616,0.65711,0.05252,0.11314,0.12948,0.36425
HCASE-01838,0.06728,0.13157,0.11064,0.1487,0.10959,0.10881,0.05286,0.30662,0.23514,0.14727,0.56729,0.85265,0.0356,0.13778
HCASE-01839,0.94764,0.67366,0.12042,0.12121,0.10603,0.71546,0.13817,0.06503,0.0901,0.2573,0.11905,0.04205,0.13145,0.9215
HCASE-01840,0.0713,0.5995,0.79949,0.03689,0.22698,0.10158,0.03794,0.66302,0.02293,0.06377,0.15971,0.07688,0.02586,0.06163
HCASE-01841,0.28946,0.52834,0.18542,0.0712,0.07054,0.02722,0.62591,0.32483,0.13848,0.23015,0.15412,0.06545,0.12626,0.0213
HCASE-01842,0.59706,0.03661,0.12549,0.05329,0.12143,0.13734,0.09303,0.35193,0.26724,0.47391,0.13954,0.47487,0.18115,0.67399
HCASE-01843,0.15201,0.3488,0.94612,0.40708,0.05481,0.13511,0.03311,0.81271,0.06994,0.02247,0.1323,0.09518,0.08605,0.13345
HCASE-01844,0.51255,0.7355,0.09104,0.13,0.13275,0.87516,0.12191,0.04713,0.09922,0.12735,0.05153,0.0855,0.12529,0.55668
HCASE-01845,0.20992,0.07282,0.03143,0.1572,0.10402,0.09431,0.14669,0.58237,0.5117,0.22224,0.06945,0.45644,0.13876,0.25553
HCASE-01846,0.8895,0.42983,0.13884,0.20049,0.1747,0.4134,0.11335,0.06391,0.14728,0.6151,0.14088,0.11718,0.09314,0.87965
HCASE-01847,0.23298,0.60465,0.02553,0.02855,0.03039,0.74046,0.12614,0.05838,0.12824,0.08954,0.02437,0.07019,0.06506,0.27785
HCASE-01848,0.1502,0.92649,0.18695,0.2166,0.17283,0.19647,0.7942,0.11129,0.10113,0.12796,0.07009,0.03014,0.03628,0.13596
HCASE-01849,0.19182,0.07995,0.07567,0.0838,0.02422,0.11769,0.04314,0.5049,0.47174,0.08963,0.31572,0.67612,0.06181,0.15813
HCASE-01850,0.40023,0.47279,0.03011,0.26087,0.26754,0.50378,0.02066,0.15485,0.34256,0.05937,0.10879,0.07261,0.15208,0.69724
HCASE-01851,0.62146,0.65696,0.11568,0.32723,0.2524,0.61666,0.02435,0.03318,0.24968,0.05466,0.02382,0.05036,0.04582,0.67096
HCASE-01852,0.07456,0.06849,0.14111,0.15529,0.04101,0.05702,0.05954,0.86532,0.42345,0.08338,0.02196,0.23788,0.67419,0.14475
HCASE-01853,0.61758,0.69576,0.02307,0.2736,0.34792,0.65762,0.11246,0.027,0.25471,0.09382,0.10759,0.09867,0.12701,0.52436
HCASE-01854,0.10821,0.52931,0.72994,0.04015,0.31,0.15962,0.1522,0.73939,0.05368,0.1275,0.12827,0.14264,0.05831,0.12635
HCASE-01855,0.04797,0.14731,0.30508,0.02107,0.28419,0.13068,0.0915,0.83628,0.21054,0.15682,0.08958,0.11512,0.57131,0.1471
HCASE-01856,0.57326,0.62521,0.14567,0.37993,0.34078,0.67016,0.05519,0.12454,0.36531,0.11248,0.05189,0.0709,0.10488,0.4775
HCASE-01857,0.69448,0.0322,0.10912,0.09501,0.11024,0.03352,0.25886,0.19477,0.03086,0.524,0.06375,0.10192,0.03849,0.5888
HCASE-01858,0.0567,0.7687,0.61898,0.09651,0.02464,0.07047,0.23157,0.5197,0.05764,0.13428,0.06874,0.13049,0.11579,0.11152
HCASE-01859,0.62052,0.67087,0.15521,0.37381,0.22166,0.59272,0.04711,0.04824,0.38456,0.03373,0.04979,0.11149,0.13775,0.56605
HCASE-01860,0.36055,0.64534,0.13674,0.04161,0.127,0.92087,0.06267,0.09454,0.08347,0.03529,0.04391,0.15788,0.14335,0.25217
HCASE-01861,0.0832,0.35084,0.66887,0.13573,0.49975,0.08975,0.1361,0.6471,0.1234,0.05665,0.06645,0.07922,0.05618,0.15707
HCASE-01862,0.62142,0.80287,0.08591,0.09914,0.08387,1.0,0.05057,0.10379,0.15436,0.0519,0.03336,0.09059,0.12935,0.56578
HCASE-01863,0.08173,0.45391,0.71558,0.19341,0.14906,0.05141,0.0671,0.55476,0.04744,0.04091,0.09713,0.04003,0.05228,0.17264
HCASE-01864,0.1558,0.53882,0.10105,0.1187,0.05333,0.84637,0.13957,0.03697,0.0935,0.10989,0.04396,0.07292,0.12441,0.34124
HCASE-01865,0.07882,0.10219,0.14907,0.05958,0.07782,0.10127,0.13707,0.83095,0.03726,0.07636,0.07957,0.15712,0.85698,0.06611
HCASE-01866,0.15959,0.85303,0.30652,0.03052,0.0844,0.1007,0.56242,0.27484,0.02684,0.14594,0.05314,0.06834,0.06127,0.11791
HCASE-01867,0.84446,0.19865,0.11504,0.11243,0.0995,0.21299,0.5453,0.45407,0.13655,0.7401,0.13495,0.15878,0.03635,0.32851
HCASE-01868,0.07477,0.12716,0.89434,0.24053,0.48775,0.14239,0.10625,0.90902,0.14257,0.14175,0.07611,0.07868,0.07272,0.0386
HCASE-01869,0.44122,0.02065,0.10083,0.04786,0.1292,0.11022,0.02451,0.24193,0.23606,0.40175,0.09411,0.28841,0.08922,0.52071
HCASE-01870,0.39555,0.67235,0.12961,0.052,0.14626,0.14789,0.71668,0.21487,0.14432,0.27968,0.05315,0.15772,0.13769,0.10805
HCASE-01871,0.11596,0.7846,0.09177,0.17699,0.14716,0.80762,0.32563,0.08663,0.04119,0.10958,0.07508,0.11732,0.04885,0.02712
HCASE-01872,0.09377,0.89154,0.25097,0.15145,0.06333,0.10349,0.60214,0.26152,0.07488,0.10009,0.14692,0.05756,0.10876,0.14881
HCASE-01873,0.10274,0.05637,0.18387,0.06083,0.02895,0.08364,0.08374,0.3629,0.27276,0.07815,0.55627,0.64922,0.0881,0.15081
HCASE-01874,0.58174,0.56055,0.1359,0.42353,0.38623,0.45484,0.13207,0.03742,0.28836,0.05388,0.09052,0.15721,0.06414,0.51112
HCASE-01875,0.76107,0.3051,0.0468,0.12661,0.11196,0.29724,0.07664,0.03164,0.12559,0.48648,0.02944,0.14685,0.08136,0.82529
HCASE-01876,0.59144,0.56241,0.04471,0.30268,0.30198,0.52432,0.0903,0.09904,0.32639,0.14888,0.11286,0.12542,0.05377,0.472
HCASE-01877,0.03492,0.35234,0.58499,0.09767,0.5263,0.10973,0.09633,0.68331,0.07519,0.04489,0.03365,0.1371,0.07692,0.1512
HCASE-01878,0.14485,0.08758,0.85565,0.31376,0.56326,0.02781,0.02128,0.88298,0.24716,0.07779,0.06623,0.07745,0.08045,0.0351
HCASE-01879,0.46677,0.40306,0.10702,0.03286,0.03702,0.15517,0.67903,0.48223,0.14703,0.47035,0.0865,0.09446,0.11136,0.03203
HCASE-01880,0.13355,0.12163,0.02521,0.84782,0.8232,0.09576,0.08769,0.20242,0.86723,0.08024,0.11087,0.04822,0.05977,0.15734
HCASE-01881,0.02975,0.09651,0.15052,0.02907,0.09157,0.07388,0.05898,0.84501,0.17827,0.09006,0.07049,0.07548,0.793,0.064
HCASE-01882,0.11492,0.1357,0.14366,0.05391,0.12645,0.08267,0.05346,0.4854,0.55435,0.03717,0.2694,0.70758,0.13945,0.06512
HCASE-01883,0.12011,0.16122,0.33931,0.5703,0.82739,0.23504,0.05249,0.29008,0.5177,0.11139,0.1499,0.093,0.06388,0.09571
HCASE-01884,0.55527,0.44285,0.17472,0.13124,0.13567,0.10995,0.64496,0.56665,0.11422,0.34871,0.11993,0.04542,0.07161,0.14739
HCASE-01885,0.32586,0.32282,0.11463,0.5144,0.58707,0.40084,0.03221,0.02417,0.53286,0.09552,0.10431,0.08571,0.08476,0.34211
HCASE-01886,0.0828,0.13808,0.27606,0.63577,0.48964,0.15042,0.1582,0.34033,0.57493,0.05453,0.10933,0.11464,0.08676,0.04517
HCASE-01887,0.0717,0.69048,0.03493,0.05342,0.09363,0.65249,0.22405,0.14529,0.07548,0.15801,0.1191,0.13984,0.16994,0.14176
HCASE-01888,0.0715,0.1804,0.05308,0.05953,0.1079,0.10949,0.11096,0.19851,0.04161,0.13651,0.55493,0.51904,0.2762,0.09798
HCASE-01889,0.15541,0.08035,0.35967,0.41578,0.74445,0.04674,0.07443,0.25868,0.45759,0.10696,0.03343,0.09236,0.03979,0.19953
HCASE-01890,0.48043,0.09272,0.11444,0.03075,0.13211,0.05189,0.14172,0.3174,0.30526,0.62546,0.14246,0.46932,0.12504,0.53665
HCASE-01891,0.69319,0.21187,0.13674,0.11288,0.04819,0.21493,0.13914,0.02764,0.11064,0.52076,0.1836,0.10421,0.19054,0.73896
HCASE-01892,0.14356,0.32865,0.74715,0.3962,0.1394,0.0921,0.05778,0.54402,0.02982,0.09773,0.05634,0.02138,0.10981,0.10006
HCASE-01893,0.06464,0.13229,0.2104,0.02212,0.10201,0.03593,0.09104,0.76763,0.40815,0.09999,0.06384,0.42528,0.31275,0.02488
HCASE-01894,0.78778,0.17138,0.13807,0.15064,0.16864,0.17384,0.49024,0.54269,0.12465,0.68173,0.11512,0.0468,0.13701,0.29008
HCASE-01895,0.07135,0.10387,0.34546,0.5484,0.50368,0.10483,0.07149,0.28062,0.41368,0.09382,0.04185,0.1168,0.1537,0.14527
HCASE-01896,0.03059,0.85515,0.04583,0.09062,0.11958,0.29907,0.49848,0.04133,0.06636,0.15449,0.0356,0.03188,0.07006,0.21955
HCASE-01897,0.17106,0.60738,0.64205,0.28234,0.06071,0.08554,0.03607,0.51888,0.07131,0.03405,0.04926,0.03815,0.14097,0.10744
HCASE-01898,0.07952,0.13891,0.08274,0.13366,0.15619,0.11871,0.14573,0.28197,0.25934,0.09214,0.46317,0.67502,0.07446,0.21331
HCASE-01899,0.16052,0.18224,0.26235,0.68058,0.50975,0.09599,0.13969,0.17627,0.44603,0.05803,0.09445,0.13192,0.05301,0.09802
HCASE-01900,0.04451,0.3424,0.82671,0.32603,0.15011,0.15488,0.09021,0.64864,0.18574,0.06748,0.11201,0.09793,0.13634,0.15651
HCASE-01901,0.11985,0.60316,0.07345,0.08213,0.02335,0.86333,0.08526,0.10731,0.09292,0.07794,0.15187,0.17335,0.107,0.08753
HCASE-01902,0.09659,0.10457,0.80186,0.23086,0.47648,0.15103,0.06806,0.76293,0.18993,0.06091,0.12856,0.09596,0.06091,0.07868
HCASE-01903,0.36345,0.29872,0.37259,0.04131,0.13554,0.02378,0.49341,0.65029,0.02234,0.43717,0.11783,0.09816,0.11226,0.15958
HCASE-01904,0.73203,0.21923,0.05845,0.0434,0.13748,0.15437,0.26656,0.25918,0.11477,0.59075,0.14629,0.13134,0.07543,0.59754
HCASE-01905,0.12699,0.03823,0.82281,0.0865,0.7305,0.05168,0.0541,0.88515,0.11401,0.03198,0.09171,0.11314,0.08198,0.02327
HCASE-01906,0.09946,0.14975,0.11417,0.02156,0.1004,0.11628,0.02763,0.32703,0.09701,0.13632,0.719,0.73335,0.38908,0.03671
HCASE-01907,0.32884,0.66911,0.17142,0.22844,0.16206,0.96138,0.0932,0.07365,0.03733,0.0821,0.13789,0.05444,0.12503,0.25248
HCASE-01908,0.11999,0.83159,0.15475,0.105,0.13596,0.45022,0.60905,0.13491,0.0628,0.02418,0.14126,0.15243,0.02426,0.11937
HCASE-01909,0.14861,0.95577,0.133,0.21146,0.17782,0.83915,0.2872,0.08285,0.15495,0.05451,0.07453,0.04962,0.05658,0.14265
HCASE-01910,0.59399,0.79414,0.02613,0.11193,0.09522,0.85412,0.09499,0.04728,0.08723,0.04502,0.05693,0.06214,0.12705,0.63858
HCASE-01911,0.11459,0.06037,0.20427,0.6274,0.62502,0.02575,0.04821,0.10894,0.64731,0.07482,0.12849,0.15312,0.12051,0.13042
HCASE-01912,0.58945,0.14237,0.0486,0.12283,0.09954,0.15151,0.15229,0.06662,0.07613,0.4038,0.13441,0.15831,0.13324,0.81289
HCASE-01913,0.13631,0.59581,0.91789,0.25041,0.02226,0.02087,0.03034,0.74329,0.05594,0.13904,0.11131,0.14394,0.11216,0.02367
HCASE-01914,0.51999,0.65041,0.12385,0.05464,0.07513,0.88361,0.05193,0.04419,0.05168,0.04083,0.09116,0.0904,0.10865,0.65551
HCASE-01915,0.53535,0.6518,0.04729,0.12569,0.11666,0.71639,0.02596,0.1312,0.16915,0.07333,0.13821,0.15818,0.12827,0.51621
HCASE-01916,0.1596,0.99941,0.32548,0.02843,0.14607,0.23137,0.51632,0.31615,0.06565,0.0557,0.07083,0.1394,0.06428,0.13069
HCASE-01917,0.27909,0.30675,0.06481,0.52424,0.53205,0.36094,0.0803,0.09105,0.54199,0.05962,0.035,0.06525,0.09481,0.5234
HCASE-01918,0.13306,0.1552,0.07649,0.07462,0.03492,0.10049,0.12029,0.26325,0.03154,0.10523,0.59205,0.51468,0.34205,0.19148
HCASE-01919,0.62209,0.61213,0.09751,0.34207,0.32566,0.48545,0.14896,0.0704,0.35834,0.15553,0.04075,0.09201,0.09522,0.75044
HCASE-01920,0.14716,0.36896,0.73375,0.41982,0.081,0.09301,0.1555,0.68136,0.12236,0.10798,0.04333,0.14194,0.02975,0.06766
HCASE-01921,0.06908,0.41974,0.72162,0.05894,0.21122,0.06775,0.06579,0.61788,0.057,0.04075,0.14054,0.13638,0.04604,0.06878
HCASE-01922,0.59621,0.15736,0.04894,0.02758,0.14304,0.12752,0.02908,0.25651,0.32322,0.45784,0.06282,0.2484,0.05297,0.81754
HCASE-01923,0.08582,0.09776,0.10873,0.02129,0.10246,0.05917,0.06595,0.57648,0.44457,0.09502,0.27148,0.75341,0.13546,0.1426
HCASE-01924,0.48006,0.47297,0.12676,0.28156,0.31233,0.49556,0.07567,0.15699,0.20766,0.10978,0.0479,0.07614,0.03694,0.44283
HCASE-01925,0.66987,0.043,0.09755,0.07651,0.10645,0.05269,0.13081,0.15043,0.02555,0.60256,0.12203,0.04862,0.07347,0.98692
HCASE-01926,0.09033,0.2871,0.86176,0.33787,0.02399,0.03498,0.15488,0.65036,0.06267,0.09669,0.15105,0.14595,0.10693,0.14583
HCASE-01927,0.14939,0.56974,0.60171,0.13033,0.22085,0.11257,0.15054,0.54706,0.02318,0.0348,0.05883,0.0476,0.08936,0.08243
HCASE-01928,0.46211,0.40426,0.18613,0.10498,0.10858,0.02179,0.78148,0.62504,0.05541,0.40871,0.08331,0.02192,0.14859,0.11469
HCASE-01929,0.02012,0.13785,0.76743,0.18731,0.61027,0.05748,0.07739,0.87652,0.2357,0.08545,0.02806,0.07739,0.10912,0.0871
HCASE-01930,0.34507,0.19623,0.11314,0.45882,0.39379,0.32568,0.1551,0.12752,0.45066,0.16469,0.15452,0.16213,0.12894,0.2817
HCASE-01931,0.3334,0.60576,0.07949,0.08043,0.1085,0.11621,0.69609,0.28534,0.14844,0.18672,0.03984,0.05868,0.04103,0.26263
HCASE-01932,0.61521,0.53403,0.08414,0.095,0.15426,0.51794,0.12961,0.06105,0.05147,0.33211,0.13613,0.08479,0.10477,0.91189
HCASE-01933,0.12079,0.59848,0.80396,0.26824,0.1285,0.09802,0.11588,0.55101,0.1225,0.08965,0.07975,0.15971,0.14492,0.1543
HCASE-01934,0.04248,0.79319,0.57504,0.06796,0.03449,0.10274,0.22836,0.46079,0.12594,0.08894,0.10921,0.08465,0.03759,0.06919
HCASE-01935,0.53511,0.08179,0.06737,0.07924,0.03107,0.13709,0.09866,0.36972,0.40537,0.42572,0.02431,0.27411,0.07415,0.57456
HCASE-01936,0.02612,0.37649,0.72732,0.12492,0.54068,0.10102,0.11391,0.81788,0.1783,0.15754,0.05037,0.12134,0.0351,0.11477
HCASE-01937,0.1311,0.98304,0.21977,0.09618,0.09843,0.15413,0.70697,0.04858,0.08305,0.13937,0.09843,0.15751,0.14217,0.03609
HCASE-01938,0.14369,0.11714,0.67339,0.40307,0.28723,0.19455,0.12766,0.6587,0.03352,0.08823,0.11937,0.08634,0.14012,0.11459
HCASE-01939,0.11927,0.14453,0.60731,0.65018,0.30581,0.03781,0.13825,0.56649,0.3725,0.10502,0.14226,0.11349,0.10843,0.14825
HCASE-01940,0.54358,0.18537,0.04466,0.0533,0.04716,0.30161,0.03898,0.12976,0.21068,0.33998,0.04822,0.07533,0.08388,0.67601
HCASE-01941,0.22221,0.1354,0.04758,0.10602,0.05344,0.1302,0.1387,0.43643,0.38528,0.2127,0.03743,0.50677,0.12473,0.33644
HCASE-01942,0.1588,0.50828,0.60108,0.14474,0.29028,0.16652,0.03427,0.67233,0.08591,0.04776,0.10875,0.03988,0.14813,0.1595
HCASE-01943,0.63023,0.74067,0.14862,0.14595,0.09306,0.61973,0.02403,0.09988,0.02393,0.04643,0.12446,0.05706,0.08536,0.87822
HCASE-01944,0.07479,0.78835,0.08365,0.06302,0.05823,0.74539,0.2741,0.09579,0.21753,0.04318,0.04461,0.12655,0.11567,0.14591
HCASE-01945,0.13564,0.50332,0.75628,0.15309,0.02692,0.1391,0.14223,0.58644,0.15191,0.22463,0.1999,0.16065,0.1532,0.06247
HCASE-01946,0.64927,0.11821,0.12191,0.12342,0.09597,0.18799,0.42704,0.40308,0.05615,0.50437,0.15803,0.12362,0.03041,0.28365
HCASE-01947,0.07959,0.11878,0.36974,0.09562,0.43189,0.13986,0.08383,0.64667,0.13037,0.21184,0.13307,0.15762,0.34025,0.06768
HCASE-01948,0.113,0.54155,0.78818,0.0507,0.29867,0.04351,0.14603,0.82474,0.10297,0.05919,0.09653,0.13674,0.04723,0.13942
HCASE-01949,0.12874,0.09347,0.52283,0.18888,0.55564,0.10569,0.08142,0.67875,0.10537,0.11414,0.13213,0.14182,0.31095,0.09879
HCASE-01950,0.15477,0.52839,0.71899,0.24159,0.13813,0.14632,0.13737,0.67332,0.05768,0.12114,0.10422,0.06239,0.09185,0.09886
HCASE-01951,0.2036,0.1534,0.11565,0.05038,0.08834,0.15723,0.13811,0.58277,0.63027,0.26843,0.11112,0.61298,0.05568,0.29858
HCASE-01952,0.6551,0.37976,0.17014,0.14705,0.17902,0.34485,0.14763,0.04932,0.053,0.47334,0.08183,0.10652,0.15889,0.86663
HCASE-01953,0.52151,0.18742,0.11587,0.13397,0.13373,0.19496,0.03975,0.27545,0.29425,0.47695,0.10299,0.21597,0.07375,0.57956
HCASE-01954,0.28258,0.06148,0.12652,0.13298,0.15482,0.1079,0.13793,0.57648,0.42805,0.32585,0.16265,0.55285,0.22494,0.34587
HCASE-01955,0.27834,0.16283,0.09038,0.08233,0.12486,0.16493,0.10048,0.45356,0.44341,0.26005,0.03875,0.44086,0.07542,0.27877
HCASE-01956,0.75865,0.57049,0.14742,0.08753,0.13052,0.50502,0.09496,0.09598,0.04033,0.3112,0.14988,0.06713,0.14044,0.89539
HCASE-01957,0.1947,0.17158,0.09893,0.18877,0.09613,0.20884,0.10103,0.29132,0.25888,0.03914,0.57309,0.72204,0.13489,0.07968
HCASE-01958,0.66995,0.48623,0.16285,0.22375,0.21671,0.50735,0.04229,0.15923,0.09165,0.27344,0.1524,0.14342,0.02781,0.66528
HCASE-01959,0.11134,0.09034,0.07761,0.02719,0.14787,0.088,0.11073,0.71189,0.1786,0.11327,0.13411,0.3608,0.57522,0.19801
HCASE-01960,0.56784,0.45591,0.02306,0.10429,0.11464,0.15901,0.60623,0.41195,0.11681,0.34168,0.10938,0.03072,0.11434,0.11424
HCASE-01961,0.12509,0.28517,0.52931,0.12558,0.44549,0.14539,0.09873,0.53741,0.12467,0.12167,0.0677,0.13954,0.06646,0.08072
HCASE-01962,0.16641,0.20814,0.31262,0.54633,0.73847,0.20517,0.13598,0.32091,0.44995,0.06997,0.11041,0.04401,0.05949,0.11703
HCASE-01963,0.15189,0.06667,0.12897,0.11392,0.14636,0.13345,0.04919,0.60648,0.15235,0.06869,0.06641,0.07142,0.75709,0.06493
HCASE-01964,0.11508,0.05761,0.74631,0.32413,0.43477,0.15731,0.13779,0.80772,0.1287,0.11454,0.11914,0.13817,0.03155,0.04617
HCASE-01965,0.82212,0.10593,0.07693,0.06744,0.05793,0.20812,0.34849,0.22604,0.07255,0.66882,0.15035,0.09361,0.09679,0.57087
HCASE-01966,0.0777,0.11159,0.36911,0.10689,0.24379,0.13591,0.07501,0.88381,0.13042,0.06462,0.13641,0.15821,0.63665,0.11567
HCASE-01967,0.09398,0.06494,0.65866,0.57157,0.25731,0.09509,0.02333,0.49755,0.33537,0.06122,0.06182,0.14955,0.11798,0.15994
HCASE-01968,0.36144,0.5033,0.20407,0.19833,0.19101,0.41192,0.04388,0.20053,0.30473,0.09167,0.04296,0.07378,0.05735,0.38834
HCASE-01969,0.04642,0.14672,0.58143,0.68294,0.24982,0.11562,0.14617,0.53234,0.43036,0.1348,0.10008,0.06236,0.13582,0.05077
HCASE-01970,0.10513,0.14415,0.08985,0.13694,0.06244,0.09181,0.15983,0.25572,0.18764,0.10489,0.57479,0.74522,0.1218,0.09032
HCASE-01971,0.60786,0.11116,0.02117,0.06331,0.11599,0.03856,0.30528,0.39485,0.18082,0.54098,0.06045,0.02017,0.15729,0.4794
HCASE-01972,0.72172,0.29574,0.14088,0.02492,0.05071,0.32982,0.13571,0.07749,0.02963,0.35765,0.04918,0.15687,0.12158,0.73065
HCASE-01973,0.12492,0.83844,0.33731,0.14778,0.17962,0.21469,0.50992,0.20285,0.10597,0.02819,0.11145,0.10689,0.06702,0.08815
HCASE-01974,0.70532,0.37501,0.03606,0.03108,0.03712,0.50439,0.06283,0.21243,0.21347,0.33289,0.12294,0.05765,0.0427,0.66052
HCASE-01975,0.51874,0.36174,0.34439,0.15157,0.0848,0.15668,0.42493,0.63864,0.08461,0.47389,0.06627,0.09634,0.06518,0.13241
HCASE-01976,0.05032,0.25796,0.75252,0.43581,0.04484,0.03973,0.13799,0.8615,0.17224,0.15754,0.05581,0.06416,0.15772,0.13328
HCASE-01977,0.27581,0.18268,0.09551,0.08109,0.15369,0.1333,0.09898,0.52863,0.44795,0.22017,0.13839,0.45462,0.15005,0.25917
HCASE-01978,0.03795,0.13056,0.83929,0.21415,0.4459,0.07569,0.08652,0.65846,0.12106,0.04583,0.0575,0.10151,0.10799,0.19146
HCASE-01979,0.11729,0.14992,0.77937,0.74793,0.25015,0.08704,0.05232,0.59374,0.20934,0.05767,0.12914,0.1525,0.06568,0.13881
HCASE-01980,0.22518,0.70008,0.08449,0.16159,0.13525,0.81184,0.12331,0.04984,0.14256,0.06718,0.12316,0.02795,0.09615,0.24065
HCASE-01981,0.11989,0.16175,0.17212,0.11483,0.15873,0.08122,0.03065,0.57943,0.40664,0.0923,0.03832,0.40049,0.23377,0.04993
HCASE-01982,0.22503,0.63602,0.21252,0.15985,0.05718,0.04702,0.81345,0.41153,0.15392,0.25687,0.11855,0.05798,0.06545,0.06234
HCASE-01983,0.09583,0.084,0.29333,0.13321,0.24545,0.10022,0.13672,0.80396,0.03485,0.04337,0.08781,0.0658,0.55465,0.14861
HCASE-01984,0.47003,0.6483,0.16429,0.11251,0.05567,0.69765,0.15536,0.12504,0.13666,0.15933,0.15087,0.0353,0.02125,0.42003
HCASE-01985,0.42289,0.729,0.13616,0.10551,0.08095,0.81203,0.0631,0.23213,0.19614,0.14628,0.09891,0.08203,0.14164,0.4781
HCASE-01986,0.12013,0.05141,0.0547,0.1341,0.13785,0.10965,0.12477,0.32577,0.2432,0.15923,0.68686,0.80926,0.21116,0.14131
HCASE-01987,0.09725,0.08325,0.03956,0.03793,0.06206,0.1491,0.06521,0.33842,0.09962,0.02205,0.44006,0.49834,0.30764,0.02425
HCASE-01988,0.16443,0.16996,0.52303,0.16926,0.52664,0.08231,0.15499,0.60112,0.05702,0.07641,0.15227,0.10428,0.33611,0.10909
HCASE-01989,0.09921,0.1235,0.1309,0.12299,0.06096,0.07002,0.0912,0.37963,0.06498,0.04152,0.62239,0.51576,0.2751,0.03346
HCASE-01990,0.62506,0.7659,0.08147,0.09124,0.06862,0.85221,0.04483,0.14286,0.08403,0.02211,0.10871,0.02216,0.15655,0.76447
HCASE-01991,0.2889,0.65636,0.12663,0.14052,0.13744,0.20341,0.75751,0.35294,0.12809,0.17043,0.06557,0.0559,0.08516,0.13375
HCASE-01992,0.77667,0.17167,0.09301,0.19963,0.08821,0.20601,0.25853,0.29237,0.11154,0.49862,0.07554,0.05002,0.12901,0.52826
HCASE-01993,0.7397,0.58598,0.02138,0.04521,0.04533,0.54913,0.05515,0.20009,0.22789,0.27658,0.0445,0.06442,0.15861,0.74493
HCASE-01994,0.2432,0.79271,0.2261,0.2417,0.17269,1.0,0.07151,0.12936,0.05297,0.04354,0.0243,0.09076,0.0678,0.12491
HCASE-01995,0.68781,0.44502,0.12342,0.07761,0.13568,0.54216,0.04129,0.24144,0.15338,0.26813,0.1095,0.02711,0.03383,0.69197
HCASE-01996,0.58471,0.8331,0.07209,0.07282,0.04491,0.84109,0.12473,0.15528,0.21066,0.12084,0.09636,0.15469,0.11458,0.60847
HCASE-01997,0.089,0.09725,0.36947,0.55213,0.40712,0.02538,0.09057,0.27702,0.32452,0.09498,0.09649,0.11755,0.05968,0.04601
HCASE-01998,0.33105,0.60931,0.11298,0.10871,0.1569,0.73967,0.12258,0.07598,0.04369,0.07465,0.06639,0.10083,0.1577,0.39475
HCASE-01999,0.08858,0.02936,0.65498,0.34099,0.27965,0.0268,0.13207,0.64939,0.03403,0.15338,0.09063,0.02993,0.03088,0.25575
HCASE-02000,0.06887,0.15373,0.0765,0.07213,0.03356,0.0752,0.04955,0.78315,0.36798,0.21369,0.24542,0.32717,0.71297,0.14892
HCASE-02001,0.11138,0.28892,0.64665,0.27673,0.15058,0.1249,0.12414,0.52249,0.06585,0.1152,0.03406,0.14389,0.05465,0.14505
HCASE-02002,0.15215,0.61719,0.79196,0.21168,0.1877,0.11346,0.12324,0.55558,0.05944,0.05002,0.12391,0.08271,0.05488,0.12424
HCASE-02003,0.86357,0.61536,0.10142,0.15792,0.14643,0.69513,0.03565,0.07452,0.09329,0.22972,0.1242,0.03585,0.11578,0.7511
HCASE-02004,0.34091,0.15575,0.13733,0.08631,0.10887,0.10073,0.09284,0.66115,0.52386,0.22566,0.08759,0.57669,0.08335,0.26848
HCASE-02005,0.11207,0.45096,0.61409,0.03793,0.19977,0.05756,0.09504,0.59718,0.14044,0.10278,0.05709,0.10588,0.06043,0.12271
HCASE-02006,0.0978,0.54225,0.67497,0.27474,0.11983,0.0933,0.06272,0.66938,0.06185,0.10494,0.14483,0.04839,0.04404,0.24897
HCASE-02007,0.118,0.13238,0.26255,0.44244,0.75072,0.11345,0.1585,0.31645,0.43368,0.06263,0.10424,0.15587,0.10173,0.20368
HCASE-02008,0.0995,0.78098,0.17269,0.10388,0.13301,0.39628,0.54482,0.09937,0.14422,0.14818,0.03777,0.07531,0.14197,0.06456
HCASE-02009,0.69353,0.64527,0.05956,0.37246,0.32763,0.64294,0.05009,0.13618,0.30744,0.07175,0.05917,0.14057,0.1062,0.53742
HCASE-02010,0.22346,0.5158,0.04046,0.02536,0.14139,0.84548,0.15866,0.10845,0.1704,0.02047,0.08528,0.02748,0.02726,0.19935
HCASE-02011,0.15463,0.14858,0.72327,0.23209,0.50897,0.07368,0.02391,0.83285,0.13307,0.04352,0.14497,0.13905,0.09252,0.09586
HCASE-02012,0.48353,0.10475,0.07233,0.05071,0.13596,0.05428,0.0245,0.27747,0.31758,0.49316,0.03676,0.34984,0.03281,0.72966
HCASE-02013,0.07689,0.32758,0.6864,0.1296,0.50253,0.09973,0.09017,0.77864,0.179,0.06062,0.05829,0.03968,0.15625,0.09256
HCASE-02014,0.05919,0.10095,0.24227,0.08539,0.22773,0.12298,0.10425,0.80531,0.14917,0.16366,0.1258,0.14233,0.64494,0.09826
HCASE-02015,0.05675,0.05004,0.97484,0.41319,0.27072,0.05328,0.135,0.85944,0.13283,0.07737,0.15677,0.02095,0.15801,0.02649
HCASE-02016,0.10904,0.11833,0.08897,0.02532,0.08559,0.07766,0.15853,0.41808,0.44923,0.0654,0.26415,0.61836,0.02509,0.14843
HCASE-02017,0.50151,0.40007,0.28125,0.10394,0.03479,0.13553,0.54613,0.67499,0.14767,0.39128,0.10496,0.05425,0.1253,0.06282
HCASE-02018,0.79242,0.1782,0.18119,0.14389,0.22093,0.19698,0.34113,0.34003,0.12447,0.62476,0.08243,0.03834,0.04769,0.57893
HCASE-02019,0.48562,0.32634,0.15725,0.1008,0.15413,0.13615,0.73086,0.50815,0.04712,0.4884,0.08386,0.09901,0.09339,0.07746
HCASE-02020,0.15789,0.7278,0.02689,0.15614,0.057,0.34806,0.47248,0.20684,0.08185,0.04028,0.14317,0.08481,0.04723,0.03425
HCASE-02021,0.61487,0.43123,0.03396,0.08203,0.05772,0.44408,0.10153,0.19747,0.17783,0.2981,0.1294,0.12419,0.06891,0.67478
HCASE-02022,0.09717,0.18225,0.31913,0.52526,0.72734,0.11444,0.07074,0.29528,0.52953,0.05878,0.06215,0.15414,0.04248,0.02774
HCASE-02023,0.1105,0.02134,0.18526,0.14495,0.04718,0.11964,0.13396,0.49518,0.35998,0.12129,0.25079,0.61816,0.13735,0.10583
HCASE-02024,0.07694,0.02563,0.13543,0.09042,0.03948,0.0265,0.09318,0.27275,0.32177,0.22296,0.66516,0.88226,0.12087,0.07527
HCASE-02025,0.1138,0.07974,0.2403,0.55724,0.39874,0.02468,0.05037,0.17471,0.3298,0.1398,0.12507,0.1845,0.16399,0.06868
HCASE-02026,0.43416,0.23301,0.36169,0.14077,0.1374,0.13469,0.38394,0.7297,0.10206,0.44012,0.12903,0.06455,0.12608,0.10079
HCASE-02027,0.77856,0.49619,0.09447,0.07411,0.03303,0.43355,0.07,0.11741,0.02507,0.26123,0.02121,0.09586,0.14579,0.84232
HCASE-02028,0.64603,0.37745,0.09431,0.10378,0.14216,0.2984,0.13558,0.08882,0.09491,0.47889,0.14907,0.05616,0.08846,0.82657
HCASE-02029,0.06592,0.06769,0.78762,0.23202,0.56358,0.13381,0.09003,0.83555,0.17288,0.10488,0.09354,0.13983,0.13197,0.1574
HCASE-02030,0.14579,0.53981,0.87968,0.28925,0.13313,0.11264,0.08388,0.68842,0.15719,0.13964,0.13837,0.07144,0.08824,0.044
HCASE-02031,0.15532,0.22162,0.84248,0.6384,0.13662,0.14816,0.09396,0.57707,0.13227,0.02767,0.02515,0.04324,0.13914,0.13592
HCASE-02032,0.56156,0.06237,0.112,0.08031,0.02013,0.04007,0.30932,0.33362,0.15079,0.55296,0.03483,0.14243,0.02722,0.65314
HCASE-02033,0.06059,0.15127,0.02654,0.14278,0.03712,0.07367,0.08974,0.28176,0.30429,0.0681,0.62603,0.68554,0.1348,0.19093
HCASE-02034,0.48333,0.32244,0.39277,0.11489,0.06186,0.03767,0.48585,0.66039,0.13173,0.48238,0.09867,0.0853,0.08162,0.05376
HCASE-02035,0.4921,0.61754,0.09337,0.0818,0.08278,0.82355,0.05976,0.09046,0.07305,0.06419,0.13072,0.11156,0.10073,0.68249
HCASE-02036,0.08615,0.0262,0.09234,0.02113,0.09399,0.143,0.07749,0.70614,0.15473,0.03999,0.02581,0.04455,0.74248,0.11331
HCASE-02037,0.17593,0.56506,0.07091,0.09045,0.11938,0.11861,0.66633,0.31367,0.13769,0.32653,0.09786,0.16533,0.14762,0.06177
HCASE-02038,0.40934,0.26437,0.06522,0.15484,0.14457,0.10329,0.73288,0.42741,0.02177,0.33172,0.05216,0.06511,0.03551,0.14649
HCASE-02039,0.64396,0.27593,0.11781,0.04286,0.13554,0.29943,0.04859,0.10396,0.06556,0.53489,0.09462,0.11604,0.08566,0.90542
HCASE-02040,0.14307,0.9164,0.14459,0.09882,0.21426,0.11633,0.82493,0.13403,0.1144,0.12914,0.02725,0.14724,0.09437,0.13516
HCASE-02041,0.9014,0.74303,0.15954,0.1291,0.03925,0.79532,0.12689,0.13578,0.10917,0.33196,0.07781,0.1271,0.11596,0.96078
HCASE-02042,0.13242,0.15659,0.7448,0.59171,0.22885,0.04294,0.10894,0.53024,0.25579,0.07028,0.07939,0.12579,0.14024,0.11807
HCASE-02043,0.60487,0.09405,0.15885,0.03259,0.15186,0.0552,0.7673,0.74147,0.13105,0.60288,0.02587,0.12306,0.06597,0.0331
HCASE-02044,0.20797,0.83418,0.22359,0.10302,0.12381,0.78542,0.31611,0.07316,0.02913,0.04993,0.02809,0.05357,0.02439,0.08535
HCASE-02045,0.10515,0.15966,0.42461,0.11459,0.42226,0.16556,0.11656,0.59097,0.14553,0.15892,0.15832,0.05629,0.32418,0.11441
HCASE-02046,0.15753,0.10872,0.2684,0.05211,0.23838,0.09328,0.1496,0.88272,0.1328,0.03779,0.11764,0.13857,0.66707,0.07125
HCASE-02047,0.0809,0.06601,0.85281,0.44004,0.318,0.06737,0.12592,0.87881,0.1418,0.02121,0.07312,0.15234,0.06887,0.11544
HCASE-02048,0.13048,0.80568,0.56093,0.12452,0.07173,0.09005,0.25613,0.32856,0.15991,0.11211,0.07157,0.07542,0.15505,0.03092
HCASE-02049,0.05528,0.15061,0.10252,0.11987,0.12843,0.03908,0.11676,0.80044,0.69935,0.14211,0.03,0.68267,0.13779,0.05918
HCASE-02050,0.38318,0.71172,0.20877,0.19415,0.1518,0.96613,0.09747,0.07614,0.02882,0.04425,0.06616,0.04658,0.04988,0.25779
HCASE-02051,0.07015,0.63976,0.72417,0.05722,0.22688,0.11823,0.04951,0.7987,0.11315,0.10132,0.06638,0.13171,0.05003,0.08074
HCASE-02052,0.10587,0.76246,0.03228,0.12132,0.0413,0.67949,0.33434,0.1597,0.15497,0.07671,0.14267,0.08195,0.03504,0.13011
HCASE-02053,0.13034,0.1315,0.12169,0.11736,0.1008,0.14104,0.10619,0.53023,0.42047,0.07946,0.25496,0.63163,0.12553,0.05318
HCASE-02054,0.0386,0.55154,0.70591,0.19909,0.08952,0.06179,0.11881,0.64271,0.05396,0.08873,0.07008,0.15997,0.06359,0.11496
HCASE-02055,0.15687,0.07001,0.0551,0.12583,0.1061,0.06512,0.0912,0.77222,0.58804,0.16155,0.16979,0.73399,0.43909,0.07343
HCASE-02056,0.67682,0.19724,0.04426,0.11611,0.15526,0.29759,0.0319,0.15091,0.11451,0.45807,0.09993,0.08743,0.03894,0.92251
HCASE-02057,0.03377,0.60819,0.11792,0.14656,0.13684,0.55948,0.25994,0.07907,0.13137,0.05156,0.15801,0.06187,0.12625,0.062
HCASE-02058,0.33964,0.61414,0.09394,0.05117,0.11937,0.87677,0.1423,0.09788,0.11401,0.04411,0.1131,0.08529,0.10006,0.24966
HCASE-02059,0.04754,0.13307,0.24339,0.15029,0.28146,0.13913,0.1475,0.79907,0.20077,0.14971,0.15595,0.14452,0.52835,0.05636
HCASE-02060,0.37852,0.34331,0.14455,0.1271,0.04585,0.1201,0.6288,0.52304,0.11538,0.46354,0.12136,0.04417,0.11039,0.08615
HCASE-02061,0.89804,0.66503,0.20127,0.24173,0.14824,0.74341,0.06131,0.15752,0.15946,0.32038,0.15923,0.02082,0.05675,0.75565
HCASE-02062,0.05296,0.73625,0.10156,0.10225,0.11634,0.30234,0.41991,0.1002,0.15843,0.15293,0.12711,0.13526,0.18505,0.02766
HCASE-02063,0.2081,0.10946,0.84206,0.61282,0.1003,0.15459,0.07973,0.73566,0.05385,0.05486,0.08811,0.12621,0.0585,0.11283
HCASE-02064,0.6603,0.60495,0.12961,0.30491,0.39589,0.73346,0.06426,0.08416,0.3799,0.021,0.03046,0.04813,0.03957,0.59422
HCASE-02065,0.09078,0.15303,0.15892,0.81894,0.67052,0.027,0.04737,0.11427,0.73096,0.14773,0.10492,0.10344,0.11117,0.05991
HCASE-02066,0.26644,0.20796,0.14752,0.43238,0.51685,0.29946,0.03141,0.04046,0.52455,0.02813,0.03534,0.12374,0.11946,0.32178
HCASE-02067,0.15312,0.07359,0.12569,0.06286,0.02098,0.13259,0.0205,0.28585,0.35697,0.20423,0.72085,0.94141,0.11181,0.13797
HCASE-02068,0.13356,0.14259,0.08084,0.0915,0.08745,0.0884,0.15786,0.57396,0.46754,0.14793,0.44935,0.9536,0.15541,0.13006
HCASE-02069,0.10476,0.03088,0.34411,0.57921,0.40392,0.07786,0.05326,0.26017,0.51553,0.14937,0.14034,0.1516,0.18449,0.07605
HCASE-02070,0.06601,0.30335,0.7997,0.08584,0.54022,0.11452,0.0514,0.8432,0.23455,0.11816,0.06854,0.03912,0.10727,0.02449
HCASE-02071,0.10687,0.14291,0.34868,0.49105,0.64288,0.1374,0.14671,0.38068,0.49794,0.02452,0.02553,0.10644,0.06111,0.1601
HCASE-02072,0.86714,0.227,0.05484,0.11536,0.02209,0.15613,0.55178,0.57367,0.1004,0.57257,0.13017,0.02522,0.11143,0.35061
HCASE-02073,0.05035,0.49944,0.59322,0.23002,0.0955,0.07183,0.10355,0.56917,0.02184,0.06951,0.11572,0.14003,0.05354,0.114
HCASE-02074,0.14034,0.76938,0.84149,0.14905,0.06166,0.159,0.11402,0.73475,0.06937,0.1509,0.08982,0.04972,0.13619,0.13514
HCASE-02075,0.14977,0.55015,0.8143,0.11705,0.25578,0.02794,0.12571,0.73264,0.07157,0.13106,0.11942,0.11438,0.02892,0.13364
HCASE-02076,0.12006,0.6629,0.08815,0.08068,0.03526,0.7497,0.27578,0.15657,0.22373,0.05446,0.09309,0.11359,0.13997,0.07519
HCASE-02077,0.64053,0.46089,0.09268,0.1239,0.04324,0.4753,0.02608,0.14824,0.08785,0.22154,0.14689,0.05437,0.06977,0.80442
HCASE-02078,0.09018,0.59954,0.75389,0.08278,0.30182,0.03828,0.03906,0.71093,0.14136,0.17794,0.21938,0.2179,0.13649,0.1232
HCASE-02079,0.05649,0.46043,0.61801,0.15173,0.06934,0.02696,0.03524,0.49748,0.15118,0.05859,0.13164,0.02493,0.11367,0.04616
HCASE-02080,0.28812,0.03788,0.14304,0.12976,0.1091,0.04356,0.08394,0.66143,0.40874,0.23434,0.11796,0.54607,0.04749,0.30044
HCASE-02081,0.70003,0.46617,0.06508,0.04569,0.03471,0.48414,0.04021,0.14531,0.21873,0.21773,0.08044,0.06102,0.11224,0.83068
HCASE-02082,0.83147,0.22677,0.19388,0.11842,0.16897,0.15692,0.04879,0.05565,0.07137,0.65087,0.02718,0.08916,0.04338,0.91423
HCASE-02083,0.86628,0.55211,0.11108,0.08535,0.07607,0.54893,0.14436,0.04586,0.09222,0.22788,0.14767,0.11472,0.15896,0.76097
HCASE-02084,0.74185,0.26548,0.04602,0.12263,0.08277,0.30422,0.07016,0.06094,0.04044,0.4838,0.08134,0.05322,0.06923,0.66355
HCASE-02085,0.11128,0.05717,0.84029,0.34152,0.59131,0.08388,0.05042,1.0,0.26498,0.09449,0.02145,0.11562,0.11694,0.1589
HCASE-02086,0.46285,0.71802,0.04338,0.09814,0.08925,0.8804,0.07513,0.08738,0.06342,0.08894,0.12057,0.03321,0.13828,0.7247
HCASE-02087,0.12591,0.714,0.07985,0.035,0.08827,0.58231,0.34539,0.20537,0.2045,0.13602,0.05135,0.04351,0.06079,0.11297
HCASE-02088,0.15822,0.92564,0.28694,0.12313,0.13852,0.22064,0.49005,0.24768,0.103,0.07895,0.09289,0.08299,0.09578,0.0268
HCASE-02089,0.43399,0.49538,0.22793,0.04229,0.05824,0.63724,0.0423,0.17781,0.10481,0.09523,0.04894,0.02854,0.07945,0.4562
HCASE-02090,0.03285,0.70118,0.16683,0.02322,0.04417,0.70048,0.20878,0.11272,0.05328,0.0938,0.11311,0.07749,0.14084,0.04774
HCASE-02091,0.62399,0.86947,0.20834,0.23399,0.11889,0.95023,0.12496,0.09597,0.11847,0.11152,0.04673,0.13808,0.08911,0.50129
HCASE-02092,0.13022,0.04133,0.67138,0.22028,0.56285,0.07645,0.13995,0.94663,0.19902,0.15307,0.02289,0.08504,0.05361,0.08132
HCASE-02093,0.0531,0.25417,0.81471,0.34951,0.11716,0.07703,0.0961,0.62356,0.02316,0.12812,0.04175,0.07611,0.0654,0.28065
HCASE-02094,0.45815,0.6541,0.02745,0.13477,0.09584,0.75151,0.04363,0.16196,0.24193,0.09242,0.10233,0.0273,0.13088,0.53103
HCASE-02095,0.2359,0.20493,0.02144,0.52795,0.50974,0.2902,0.12419,0.13722,0.40942,0.08979,0.07323,0.16901,0.07591,0.27743
HCASE-02096,0.21502,0.31269,0.12291,0.4799,0.60088,0.34827,0.13594,0.05408,0.51816,0.05127,0.07104,0.14569,0.1091,0.42433
HCASE-02097,0.08539,0.10851,0.29264,0.59287,0.54855,0.21557,0.09154,0.31754,0.53742,0.11179,0.07531,0.15673,0.11201,0.13275
HCASE-02098,0.15851,0.72538,0.13408,0.07387,0.07294,0.63752,0.34844,0.08108,0.10075,0.03446,0.03515,0.04815,0.14324,0.04409
HCASE-02099,0.64514,0.80226,0.2148,0.15976,0.12015,0.84153,0.08839,0.02531,0.1,0.10484,0.12769,0.10586,0.09517,0.51765
HCASE-02100,0.10123,0.66268,0.19116,0.03525,0.03075,0.94013,0.15478,0.11201,0.06515,0.14545,0.08515,0.02785,0.02397,0.05825
HCASE-02101,0.81721,0.3498,0.10231,0.10177,0.11425,0.37969,0.02295,0.1004,0.04729,0.51355,0.04287,0.09609,0.07886,0.79528
HCASE-02102,0.46261,0.20918,0.09819,0.15598,0.09397,0.20047,0.09486,0.21713,0.23176,0.46256,0.10554,0.19481,0.10887,0.60289
HCASE-02103,0.02533,0.10412,0.28982,0.44639,0.60445,0.15875,0.0777,0.23108,0.47891,0.15607,0.17765,0.17272,0.14789,0.07906
HCASE-02104,0.54342,0.10176,0.15214,0.07948,0.033,0.11296,0.09809,0.24299,0.28876,0.39692,0.06789,0.35063,0.02569,0.64494
HCASE-02105,0.30257,0.15216,0.10189,0.0275,0.13462,0.1258,0.02574,0.46413,0.54942,0.21365,0.07085,0.49318,0.13444,0.46781
HCASE-02106,0.13985,0.11301,0.26844,0.45693,0.72018,0.15579,0.0474,0.32899,0.52481,0.11417,0.02144,0.13182,0.0615,0.20252
HCASE-02107,0.22391,0.99355,0.80533,0.08537,0.02168,0.11132,0.13537,0.75142,0.10106,0.06707,0.08865,0.09673,0.15692,0.15093
HCASE-02108,0.06461,0.08799,0.10956,0.1254,0.06715,0.12476,0.07512,0.28094,0.14987,0.1102,0.65998,0.66364,0.34428,0.14317
HCASE-02109,0.14924,0.88691,0.33471,0.13364,0.02673,0.19337,0.48173,0.29819,0.12533,0.1289,0.14211,0.14836,0.08267,0.15574
HCASE-02110,0.18682,0.27482,0.64112,0.13067,0.50908,0.12461,0.0308,0.56635,0.07868,0.15363,0.11354,0.15149,0.10476,0.03866
HCASE-02111,0.02104,0.10952,0.87018,0.50658,0.29672,0.1101,0.08104,0.84546,0.24722,0.06487,0.02608,0.05012,0.06142,0.14954
HCASE-02112,0.0979,0.11229,0.14927,0.10231,0.10234,0.13946,0.1391,0.72682,0.27303,0.18428,0.16185,0.3665,0.6234,0.09979
HCASE-02113,0.24804,0.18316,0.13029,0.53934,0.55297,0.30373,0.11407,0.16353,0.49446,0.08875,0.09411,0.03037,0.02354,0.30067
HCASE-02114,0.14424,0.04011,0.10311,0.07324,0.08847,0.056,0.05004,0.34664,0.22333,0.17354,0.72571,0.93622,0.13224,0.04442
HCASE-02115,0.5945,0.58871,0.14204,0.4639,0.34349,0.63233,0.1229,0.06108,0.29826,0.08412,0.15241,0.13158,0.03116,0.50798
HCASE-02116,0.0715,0.13922,0.04136,0.05587,0.09053,0.1074,0.14808,0.29554,0.03327,0.08031,0.54675,0.54653,0.35307,0.19501
HCASE-02117,0.11154,0.12585,0.10195,0.08393,0.05392,0.1539,0.05402,0.76014,0.67448,0.12372,0.09334,0.77148,0.15801,0.15208
HCASE-02118,0.04723,0.59555,0.64487,0.24545,0.08698,0.03169,0.04689,0.64711,0.1504,0.09091,0.03495,0.09577,0.04099,0.11918
HCASE-02119,0.81349,0.63541,0.1255,0.15098,0.15995,0.70546,0.13205,0.12699,0.0294,0.32734,0.08074,0.13227,0.06153,0.79142
HCASE-02120,0.17119,0.11213,0.75489,0.32313,0.2331,0.14808,0.04656,0.60772,0.03011,0.05267,0.05496,0.08878,0.12073,0.10931
HCASE-02121,0.0991,0.80444,0.18945,0.20411,0.12495,0.65446,0.29723,0.13482,0.14821,0.06245,0.06225,0.12567,0.07476,0.07349
HCASE-02122,0.53333,0.6757,0.11189,0.09349,0.11512,0.74774,0.14372,0.05081,0.08681,0.10357,0.12539,0.12105,0.11796,0.61244
HCASE-02123,0.12547,0.06084,0.15286,0.08257,0.03141,0.10777,0.0202,0.28953,0.06301,0.09007,0.63031,0.59302,0.39683,0.26329
HCASE-02124,0.16685,0.77787,0.20861,0.12024,0.15021,1.0,0.05198,0.10526,0.02566,0.06562,0.0577,0.12151,0.0249,0.12456
HCASE-02125,0.13872,0.845,0.30706,0.02001,0.147,0.12994,0.56074,0.23424,0.02492,0.1328,0.05898,0.05674,0.05437,0.09804
HCASE-02126,0.17005,0.18486,0.73507,0.18799,0.56304,0.21261,0.04146,0.74316,0.11955,0.04354,0.02721,0.14971,0.1458,0.02291
HCASE-02127,0.07785,0.8953,0.3475,0.09506,0.10122,0.15172,0.53662,0.35334,0.12986,0.09308,0.08807,0.05652,0.10421,0.15238
HCASE-02128,0.25252,0.33749,0.1432,0.5599,0.45999,0.17546,0.038,0.1267,0.48817,0.02368,0.02801,0.02532,0.11096,0.36019
HCASE-02129,0.0441,0.28329,0.74361,0.10258,0.54955,0.09336,0.15064,0.85306,0.14522,0.07197,0.06934,0.14273,0.09629,0.07949
HCASE-02130,0.25308,0.70276,0.07417,0.0787,0.04143,0.12685,0.69751,0.2808,0.02983,0.22237,0.09282,0.05367,0.1593,0.04771
HCASE-02131,0.63754,0.65298,0.11345,0.31152,0.28753,0.62583,0.04115,0.14724,0.26898,0.09881,0.03315,0.1162,0.15134,0.54152
HCASE-02132,0.12134,0.61152,0.8507,0.32279,0.05383,0.12011,0.13671,0.69493,0.02244,0.06774,0.14337,0.04298,0.11361,0.05427
HCASE-02133,0.52692,0.41503,0.31407,0.10567,0.08448,0.21634,0.52372,0.62602,0.06923,0.44389,0.07526,0.15365,0.0957,0.06037
HCASE-02134,0.02456,0.1155,0.37218,0.64256,0.52987,0.06045,0.0571,0.31057,0.58782,0.11909,0.03841,0.07407,0.10262,0.18405
HCASE-02135,0.07802,0.79783,0.61085,0.13367,0.0431,0.06754,0.09617,0.58196,0.18703,0.1458,0.06189,0.05454,0.08541,0.05293
HCASE-02136,0.33282,0.47169,0.05336,0.29041,0.23159,0.39271,0.0402,0.04561,0.22756,0.20545,0.0898,0.17122,0.13962,0.43198
HCASE-02137,0.05847,0.04963,0.75696,0.37592,0.24755,0.11138,0.08029,0.62375,0.04785,0.12289,0.13752,0.03731,0.12898,0.15528
HCASE-02138,0.12729,0.07305,0.04785,0.13302,0.12714,0.12008,0.04198,0.85887,0.07198,0.14722,0.13751,0.14688,0.92182,0.10469
HCASE-02139,0.12743,0.66163,0.11893,0.15201,0.0542,0.69319,0.30643,0.04769,0.02227,0.13538,0.11685,0.09267,0.19745,0.12934
HCASE-02140,0.12023,0.08677,0.09779,0.15134,0.03727,0.11846,0.05422,0.42747,0.20192,0.05095,0.5858,0.5171,0.24344,0.1511
HCASE-02141,0.08567,0.06585,0.12452,0.02994,0.14957,0.08346,0.03897,0.74048,0.30477,0.2115,0.09925,0.32544,0.69535,0.09658
HCASE-02142,0.62145,0.32258,0.05341,0.1172,0.0442,0.27141,0.09319,0.10619,0.0615,0.48031,0.1435,0.19686,0.12467,0.74022
HCASE-02143,0.13898,0.44336,0.703,0.17921,0.0751,0.09875,0.0853,0.52317,0.13616,0.07795,0.14415,0.16823,0.14229,0.14801
HCASE-02144,0.61718,0.52925,0.15885,0.39996,0.35498,0.62465,0.14071,0.15744,0.30627,0.12448,0.09008,0.02278,0.14681,0.57133
HCASE-02145,0.07375,0.0399,0.04849,0.13989,0.0792,0.15411,0.15762,0.30956,0.29773,0.11017,0.73172,0.88889,0.18983,0.02572
HCASE-02146,0.07482,0.04356,0.74626,0.59953,0.15093,0.08636,0.15505,0.68109,0.10157,0.14582,0.08439,0.15888,0.02418,0.03798
HCASE-02147,0.03521,0.60793,0.77615,0.30115,0.13267,0.10079,0.08879,0.55345,0.10491,0.08741,0.06908,0.13148,0.03863,0.05289
HCASE-02148,0.43349,0.31611,0.07262,0.08172,0.06043,0.12691,0.6492,0.42901,0.06635,0.38129,0.13149,0.10554,0.07605,0.14185
HCASE-02149,0.15406,0.7177,0.20554,0.15802,0.11611,0.75985,0.33884,0.09679,0.0499,0.1117,0.10904,0.14987,0.06603,0.09559
HCASE-02150,0.05863,0.02311,0.07512,0.02304,0.14624,0.02554,0.12336,0.58983,0.49978,0.18093,0.38262,0.82006,0.2162,0.04844
HCASE-02151,0.72919,0.50551,0.02054,0.03523,0.05387,0.5334,0.03914,0.06862,0.1542,0.28265,0.07409,0.05822,0.12608,0.90804
HCASE-02152,0.15211,0.06928,0.06705,0.15256,0.04341,0.13247,0.0778,0.36635,0.11983,0.19184,0.72433,0.74697,0.41449,0.07554
HCASE-02153,0.10841,0.05421,0.02509,0.11377,0.10167,0.05042,0.09469,0.29761,0.07095,0.16159,0.61692,0.62932,0.3553,0.04009
HCASE-02154,0.11632,0.64316,0.12675,0.12696,0.11461,0.93528,0.14965,0.18371,0.07347,0.13981,0.06789,0.14218,0.03853,0.02179
HCASE-02155,0.20578,0.14756,0.11302,0.10827,0.17902,0.2151,0.09399,0.24237,0.25844,0.15079,0.59319,0.79469,0.0477,0.03683
HCASE-02156,0.67452,0.57088,0.03043,0.09129,0.15576,0.56661,0.10302,0.07177,0.05445,0.31346,0.04505,0.02804,0.1272,1.0
HCASE-02157,0.82522,0.64352,0.03453,0.14897,0.14397,0.65069,0.06667,0.06797,0.12941,0.24573,0.0952,0.09304,0.12072,0.74987
HCASE-02158,0.55925,0.76809,0.02173,0.09962,0.05578,0.8967,0.03971,0.18208,0.16935,0.05895,0.05064,0.13021,0.06563,0.51517
HCASE-02159,0.70781,0.62482,0.05049,0.13149,0.12442,0.73,0.14547,0.14094,0.12718,0.13793,0.23279,0.17399,0.13652,0.74424
HCASE-02160,0.28686,0.07032,0.06097,0.03305,0.03117,0.16935,0.13461,0.54776,0.39379,0.18127,0.11522,0.49683,0.14762,0.24014
HCASE-02161,0.02488,0.65604,0.12731,0.15482,0.09758,0.69078,0.30483,0.12654,0.15568,0.08667,0.04312,0.13299,0.04423,0.0559
HCASE-02162,0.34322,0.69191,0.12091,0.0781,0.02049,0.18161,0.66286,0.34569,0.07141,0.23311,0.05456,0.04821,0.12861,0.14767
HCASE-02163,0.54092,0.62612,0.12285,0.27851,0.34579,0.59698,0.0991,0.10908,0.25634,0.02374,0.05264,0.11212,0.05354,0.48603
HCASE-02164,0.09598,0.83688,0.49106,0.0603,0.02558,0.15264,0.24355,0.34635,0.08147,0.11441,0.07845,0.08316,0.1426,0.2576
HCASE-02165,0.02444,0.03515,0.25309,0.52142,0.64001,0.09362,0.10133,0.31647,0.52435,0.15995,0.15938,0.11542,0.12783,0.3011
HCASE-02166,0.61751,0.72833,0.16707,0.12721,0.17715,0.83564,0.03842,0.14248,0.09465,0.14029,0.10725,0.1049,0.04514,0.48392
HCASE-02167,0.54457,0.68088,0.19414,0.12091,0.20983,0.94966,0.03312,0.03367,0.15719,0.0874,0.053,0.1534,0.15105,0.57845
HCASE-02168,0.69336,0.7564,0.11278,0.13473,0.08544,0.71788,0.15126,0.10791,0.04679,0.04112,0.14365,0.04095,0.0752,0.68552
HCASE-02169,0.03473,0.02494,0.2557,0.1144,0.30421,0.04752,0.03139,0.68541,0.12656,0.20434,0.23044,0.1915,0.62353,0.1283
HCASE-02170,0.05453,0.1218,0.62907,0.53414,0.3383,0.14818,0.05618,0.48674,0.31699,0.12547,0.17706,0.22143,0.17346,0.03717
HCASE-02171,0.28885,0.04404,0.11154,0.08514,0.10505,0.06594,0.10829,0.426,0.37901,0.29901,0.07708,0.47458,0.13263,0.33919
HCASE-02172,0.51678,0.76643,0.13803,0.15802,0.04437,0.87224,0.0847,0.25753,0.17608,0.14137,0.09612,0.14893,0.11217,0.57064
HCASE-02173,0.03616,0.14385,0.6353,0.54501,0.30101,0.08098,0.02171,0.61103,0.41544,0.03897,0.04232,0.04379,0.02395,0.06129
HCASE-02174,0.70137,0.15034,0.04784,0.07632,0.09679,0.12868,0.20319,0.21407,0.12332,0.56561,0.11451,0.15683,0.04657,0.62274
HCASE-02175,0.14336,0.87827,0.31224,0.1209,0.15691,0.17481,0.55969,0.20504,0.14093,0.11746,0.0539,0.05929,0.02029,0.12522
HCASE-02176,0.47185,0.45635,0.09537,0.26224,0.23331,0.50767,0.1104,0.23789,0.33506,0.05032,0.13484,0.05456,0.15057,0.40319
HCASE-02177,0.54357,0.54623,0.14171,0.24862,0.26032,0.6048,0.06199,0.10504,0.39733,0.13286,0.11715,0.14454,0.15482,0.59028
HCASE-02178,0.43722,0.1023,0.11036,0.14001,0.06352,0.03052,0.15929,0.35201,0.2656,0.51225,0.17979,0.37017,0.22974,0.54028
HCASE-02179,0.02117,0.73626,0.72427,0.13038,0.06053,0.0397,0.14705,0.61101,0.12192,0.08695,0.05376,0.06096,0.05761,0.15688
HCASE-02180,0.12685,0.55511,0.12715,0.12948,0.05194,0.68232,0.2298,0.09705,0.02447,0.0632,0.04158,0.03411,0.15464,0.11084
HCASE-02181,0.70438,0.4985,0.19718,0.21524,0.10384,0.58668,0.04106,0.03745,0.10837,0.28416,0.05963,0.02609,0.08636,0.6855
HCASE-02182,0.52314,0.39351,0.32303,0.05959,0.14534,0.10846,0.52878,0.51736,0.10491,0.42395,0.07268,0.02026,0.12019,0.14936
HCASE-02183,0.27385,0.6548,0.13344,0.11337,0.11933,0.12909,0.76331,0.36359,0.07381,0.31855,0.03362,0.13295,0.07862,0.103
HCASE-02184,0.39917,0.3933,0.12212,0.33439,0.28815,0.44356,0.14908,0.04645,0.28918,0.13025,0.09755,0.14253,0.1848,0.35992
HCASE-02185,0.06662,0.13317,0.85531,0.52661,0.02517,0.12762,0.02622,0.6988,0.0274,0.04969,0.1126,0.02268,0.02481,0.15474
HCASE-02186,0.74186,0.18075,0.14941,0.13569,0.13169,0.17722,0.26128,0.28843,0.15179,0.64948,0.1268,0.02763,0.08777,0.58532
HCASE-02187,0.14593,0.20896,0.15528,0.10996,0.09619,0.1868,0.04811,0.36622,0.0593,0.15225,0.55955,0.58213,0.36989,0.09414
HCASE-02188,0.53067,0.27955,0.44849,0.1413,0.03437,0.09066,0.49259,0.80016,0.04454,0.56119,0.07967,0.07783,0.13846,0.05729
HCASE-02189,0.70912,0.15758,0.04472,0.1399,0.06286,0.12304,0.44128,0.54805,0.05626,0.63488,0.13372,0.06141,0.09321,0.33849
HCASE-02190,0.27851,0.15722,0.13114,0.10974,0.11674,0.12421,0.03723,0.48311,0.42391,0.27873,0.13744,0.51768,0.0561,0.27567
HCASE-02191,0.04956,0.28987,0.82314,0.44663,0.03978,0.11968,0.12991,0.76012,0.19828,0.07549,0.04583,0.08934,0.11299,0.08553
HCASE-02192,0.05035,0.27859,0.86588,0.45612,0.10372,0.06921,0.04865,0.78881,0.06139,0.06973,0.02968,0.14884,0.11497,0.06438
HCASE-02193,0.04019,0.07026,0.14075,0.12015,0.15337,0.03062,0.04174,0.83482,0.40062,0.10413,0.11094,0.50663,0.3442,0.28226
HCASE-02194,0.5056,0.51465,0.13424,0.37021,0.2973,0.50824,0.13892,0.18917,0.44816,0.05783,0.07944,0.023,0.11862,0.48888
HCASE-02195,0.57887,0.43625,0.02387,0.07373,0.09134,0.47717,0.09201,0.24955,0.17734,0.31678,0.08911,0.14334,0.09877,0.74923
HCASE-02196,0.31363,0.58278,0.07493,0.06513,0.0773,0.6893,0.15042,0.10859,0.20331,0.02877,0.07761,0.04144,0.07874,0.27607
HCASE-02197,0.51266,0.5383,0.06957,0.25789,0.33794,0.40961,0.08717,0.14497,0.33016,0.02055,0.15284,0.04731,0.09592,0.38593
HCASE-02198,0.26332,0.27148,0.02899,0.58673,0.51079,0.27136,0.10355,0.10623,0.42365,0.13374,0.15714,0.14408,0.07086,0.22478
HCASE-02199,0.03869,0.34276,0.74251,0.44917,0.09042,0.12007,0.1016,0.58911,0.06977,0.02007,0.10541,0.10438,0.03111,0.14495
HCASE-02200,0.02355,0.11431,0.15078,0.03773,0.0472,0.15492,0.04468,0.24192,0.22232,0.13961,0.66985,0.68524,0.19256,0.06666
HCASE-02201,0.09838,0.72798,0.08734,0.11079,0.04736,0.74848,0.34511,0.13434,0.07756,0.08139,0.08821,0.0385,0.09172,0.16998
HCASE-02202,0.59517,0.37572,0.15407,0.09433,0.1012,0.18472,0.62774,0.47376,0.13151,0.34219,0.15779,0.07279,0.02265,0.15227
HCASE-02203,0.42319,0.39998,0.38382,0.06586,0.09742,0.02293,0.46849,0.81862,0.11894,0.39905,0.10615,0.05189,0.10599,0.03339
HCASE-02204,0.13798,0.13398,0.13831,0.11931,0.14697,0.14642,0.10363,0.23675,0.26962,0.09727,0.60153,0.64108,0.11147,0.13105
HCASE-02205,0.05052,0.05493,0.62554,0.09005,0.44433,0.12175,0.04091,0.7508,0.10789,0.09731,0.141,0.10985,0.36158,0.08338
HCASE-02206,0.04378,0.10079,0.02887,0.08306,0.14258,0.11019,0.05672,1.0,0.61582,0.129,0.11333,0.51246,0.36006,0.0743
HCASE-02207,0.65496,0.05409,0.05013,0.14023,0.11894,0.14279,0.23347,0.26776,0.0833,0.58755,0.16329,0.14564,0.18359,0.54512
HCASE-02208,0.7974,0.51418,0.12308,0.09609,0.10399,0.56221,0.1318,0.25963,0.26278,0.26507,0.15599,0.11341,0.15463,0.84719
HCASE-02209,0.79809,0.13234,0.15201,0.05081,0.0516,0.1531,0.25796,0.24694,0.05499,0.61308,0.09595,0.13837,0.11122,0.68245
HCASE-02210,0.05124,0.1569,0.35832,0.67081,0.5271,0.11632,0.0688,0.30248,0.57447,0.09114,0.06798,0.09307,0.1159,0.25303
HCASE-02211,0.03235,0.07755,0.30711,0.6777,0.47515,0.1323,0.08014,0.31998,0.49074,0.11346,0.23279,0.23643,0.15413,0.0361
HCASE-02212,0.0793,0.28698,0.71341,0.07284,0.55348,0.09023,0.05385,0.91039,0.12265,0.02885,0.08813,0.02427,0.08846,0.03597
HCASE-02213,0.07809,0.14846,0.14517,0.03391,0.02157,0.11706,0.1115,0.54657,0.57262,0.13377,0.32563,0.81155,0.09886,0.28488
HCASE-02214,0.13828,0.92298,0.19217,0.18691,0.18026,0.48709,0.59222,0.0489,0.12107,0.12464,0.10844,0.1175,0.15344,0.12678
HCASE-02215,0.71798,0.10266,0.12584,0.13579,0.03428,0.10368,0.55007,0.5763,0.11328,0.59472,0.02558,0.14911,0.08292,0.40184
HCASE-02216,0.12606,0.04508,0.12892,0.1353,0.15541,0.04324,0.05485,0.80721,0.26056,0.09871,0.1082,0.35942,0.72519,0.13534
HCASE-02217,0.18649,0.29611,0.09603,0.58555,0.48754,0.22444,0.15731,0.14634,0.50667,0.13856,0.15702,0.05383,0.12813,0.45459
HCASE-02218,0.11331,0.71386,0.19519,0.04324,0.0602,0.03358,0.47315,0.30857,0.08836,0.02339,0.09021,0.0669,0.05782,0.06441
HCASE-02219,0.0418,0.4607,0.60479,0.12199,0.26185,0.07627,0.11238,0.71238,0.1359,0.02911,0.03146,0.13497,0.14453,0.07464
HCASE-02220,0.07772,0.04989,0.83742,0.27402,0.50997,0.09565,0.15308,0.75124,0.07996,0.02066,0.10522,0.07499,0.02799,0.02978
HCASE-02221,0.11013,0.12838,0.17934,0.47971,0.65448,0.20023,0.11337,0.30033,0.53174,0.14703,0.03426,0.06925,0.13211,0.08107
HCASE-02222,0.21938,0.14991,0.30081,0.58128,0.72721,0.10131,0.0721,0.3485,0.56867,0.14982,0.11877,0.11358,0.14404,0.05909
HCASE-02223,0.13062,0.04477,0.34538,0.40224,0.66585,0.11191,0.12886,0.22246,0.52334,0.10953,0.08719,0.06525,0.09766,0.17499
HCASE-02224,1.0,0.15633,0.1227,0.10201,0.05969,0.25339,0.12871,0.10963,0.15686,0.83886,0.03025,0.05939,0.03742,0.94161
HCASE-02225,0.15036,0.04749,0.12336,0.13054,0.06248,0.13647,0.03709,0.23826,0.31864,0.21617,0.69575,0.82811,0.19695,0.08397
HCASE-02226,0.06032,0.09783,0.12355,0.02363,0.04778,0.15271,0.15871,0.84702,0.7643,0.07619,0.02042,0.72992,0.10673,0.03504
HCASE-02227,0.12905,0.09582,0.14069,0.14127,0.11096,0.11165,0.04069,0.89764,0.76367,0.03996,0.02657,0.82869,0.0836,0.14775
HCASE-02228,0.12085,0.6729,0.96046,0.14218,0.23458,0.06581,0.12973,0.78186,0.1398,0.08465,0.14043,0.04023,0.15595,0.07338
HCASE-02229,0.02379,0.78408,0.52444,0.06064,0.06578,0.04738,0.24401,0.30764,0.13873,0.04919,0.15163,0.13585,0.07782,0.17751
HCASE-02230,0.1507,0.21366,0.05421,0.0618,0.06077,0.13552,0.15704,0.66257,0.2669,0.10039,0.1486,0.24536,0.5698,0.07396
HCASE-02231,0.79211,0.76947,0.12037,0.03198,0.14459,0.70255,0.13001,0.11775,0.0528,0.13136,0.15791,0.12524,0.09859,0.87042
HCASE-02232,0.08484,0.1149,0.14831,0.10402,0.03453,0.09474,0.08117,0.2587,0.27704,0.05268,0.62126,0.74134,0.05475,0.27412
HCASE-02233,0.04252,0.46509,0.72818,0.13725,0.22804,0.09557,0.13499,0.78395,0.20077,0.14515,0.10682,0.05048,0.02744,0.14108
HCASE-02234,0.03539,0.65485,0.85958,0.19942,0.04606,0.11447,0.08566,0.73244,0.02663,0.12281,0.04276,0.0358,0.05462,0.10271
HCASE-02235,0.023,0.14821,0.11751,0.07468,0.12302,0.08679,0.08942,0.3125,0.138,0.14365,0.6154,0.61894,0.33952,0.06136
HCASE-02236,0.1335,0.33374,0.69466,0.14276,0.52843,0.13615,0.07944,0.87375,0.15304,0.11078,0.14263,0.11207,0.03215,0.15771
HCASE-02237,0.74047,0.12098,0.09212,0.13581,0.03992,0.15006,0.5124,0.57569,0.21319,0.53115,0.05666,0.13448,0.02154,0.26388
HCASE-02238,0.16745,0.08148,0.76452,0.6118,0.145,0.11731,0.05654,0.66425,0.0547,0.10505,0.0685,0.04743,0.078,0.07664
HCASE-02239,0.08252,0.09436,0.68662,0.67101,0.24847,0.11814,0.11861,0.56752,0.34208,0.05029,0.06012,0.07084,0.03288,0.04664
HCASE-02240,0.80972,0.16772,0.04042,0.13701,0.07691,0.08998,0.25689,0.31361,0.07212,0.57209,0.08608,0.03837,0.09608,0.58062
HCASE-02241,0.25723,0.65519,0.08863,0.15272,0.06534,0.84447,0.10903,0.05557,0.0914,0.02254,0.11825,0.11114,0.15399,0.25507
HCASE-02242,0.05799,0.26457,0.82802,0.45422,0.05869,0.04025,0.02057,0.79858,0.0901,0.06224,0.11203,0.12807,0.13492,0.06421
HCASE-02243,0.64225,0.03169,0.02061,0.0462,0.11361,0.06483,0.1806,0.23435,0.05623,0.6115,0.13897,0.18629,0.1889,0.63849
HCASE-02244,0.61239,0.15958,0.05496,0.03444,0.08591,0.14955,0.10562,0.28879,0.30133,0.55873,0.14851,0.29301,0.0795,0.6031
HCASE-02245,0.49154,0.78391,0.14196,0.07596,0.11494,0.73369,0.08624,0.09255,0.08431,0.11673,0.03339,0.15013,0.13463,0.60551
HCASE-02246,0.12702,0.04128,0.49988,0.05006,0.51381,0.0575,0.02029,0.89273,0.15502,0.15261,0.14151,0.13976,0.33116,0.12783
HCASE-02247,0.5956,0.5109,0.17765,0.28935,0.34538,0.4968,0.05129,0.09779,0.2859,0.12613,0.14515,0.15654,0.06288,0.53594
HCASE-02248,0.2404,0.65473,0.15655,0.11952,0.14138,0.75304,0.06442,0.1697,0.0568,0.11854,0.04085,0.02563,0.02676,0.20356
HCASE-02249,0.38029,0.69917,0.16381,0.21261,0.17349,0.94087,0.08047,0.12562,0.10946,0.05253,0.13834,0.1225,0.15605,0.24774
HCASE-02250,0.48137,0.35246,0.32174,0.0724,0.15209,0.04432,0.44221,0.61568,0.13537,0.55259,0.21942,0.21327,0.10617,0.03327
HCASE-02251,0.56189,0.14534,0.12102,0.05206,0.09431,0.10463,0.14709,0.26679,0.30031,0.4771,0.1183,0.38574,0.11535,0.59516
HCASE-02252,0.85984,0.59637,0.09032,0.15882,0.11914,0.55569,0.08166,0.0848,0.06862,0.34079,0.11748,0.03705,0.12103,0.99812
HCASE-02253,0.1341,0.15783,0.76951,0.3453,0.28532,0.14339,0.06283,0.68195,0.05933,0.09135,0.0991,0.09107,0.11407,0.24366
HCASE-02254,0.05279,0.08967,0.08367,0.14423,0.13075,0.11109,0.0913,0.75411,0.49729,0.05129,0.15547,0.49461,0.31728,0.03909
HCASE-02255,0.0995,0.06819,0.04581,0.81507,0.71532,0.07393,0.15766,0.11523,0.77855,0.14618,0.0222,0.12192,0.08411,0.14109
HCASE-02256,0.47025,0.31257,0.32757,0.11497,0.11126,0.04802,0.45983,0.74082,0.11104,0.283,0.13427,0.14114,0.09467,0.08956
HCASE-02257,0.79247,0.44291,0.13292,0.12488,0.16629,0.36738,0.03896,0.05115,0.13586,0.55728,0.10847,0.10274,0.0372,0.82316
HCASE-02258,0.15005,0.22553,0.35908,0.75465,0.55797,0.21611,0.08235,0.24952,0.5818,0.07668,0.11081,0.04602,0.04918,0.11535
HCASE-02259,0.18201,0.37482,0.7588,0.46531,0.19472,0.10672,0.02201,0.67245,0.1007,0.05558,0.04876,0.03332,0.12426,0.15336
HCASE-02260,0.76623,0.49609,0.12747,0.07473,0.06065,0.52009,0.11013,0.18009,0.22821,0.28766,0.03308,0.09089,0.03208,0.74607
HCASE-02261,0.11457,0.03094,0.79727,0.21804,0.52194,0.06518,0.05928,0.69975,0.11886,0.20586,0.22536,0.13777,0.17267,0.02693
HCASE-02262,0.20978,0.56955,0.09619,0.03809,0.08956,0.02567,0.72354,0.2775,0.13319,0.30389,0.11833,0.11032,0.08052,0.03423
HCASE-02263,0.21446,0.21116,0.45818,0.13238,0.46897,0.2163,0.04139,0.73458,0.15082,0.06172,0.05251,0.09931,0.3392,0.15157
HCASE-02264,0.1071,0.14053,0.35533,0.62563,0.50612,0.07823,0.03732,0.3158,0.49083,0.15605,0.07517,0.14972,0.06039,0.13563
HCASE-02265,0.69588,0.52083,0.02294,0.12904,0.06459,0.56272,0.13618,0.0915,0.15407,0.36852,0.05908,0.10861,0.14818,1.0
HCASE-02266,0.0677,0.06226,0.02308,0.04568,0.13365,0.08281,0.039,0.52951,0.52449,0.19285,0.38693,0.87457,0.22089,0.05438
HCASE-02267,0.14117,0.18716,0.24875,0.55155,0.71526,0.21399,0.1404,0.25299,0.51272,0.10936,0.10919,0.02986,0.11027,0.02411
HCASE-02268,0.0415,0.10304,0.0684,0.15282,0.11968,0.15205,0.12468,0.93737,0.16534,0.14893,0.1004,0.05524,0.90558,0.14988
HCASE-02269,0.51126,0.74904,0.102,0.08078,0.04881,0.71419,0.14155,0.08978,0.05031,0.12951,0.04043,0.0578,0.12037,0.58314
HCASE-02270,0.11143,0.12782,0.08221,0.02348,0.04821,0.02976,0.13667,0.25631,0.22894,0.16902,0.64389,0.89179,0.16256,0.03333
HCASE-02271,0.13789,0.24652,0.67809,0.06913,0.43352,0.05438,0.07444,0.89328,0.15078,0.06796,0.04022,0.12768,0.10276,0.15345
HCASE-02272,0.61594,0.72456,0.0324,0.32906,0.3168,0.69398,0.07232,0.15083,0.30431,0.15103,0.14186,0.03816,0.09325,0.5092
HCASE-02273,0.27858,0.62755,0.03157,0.08636,0.02679,0.85418,0.03729,0.14326,0.07134,0.15731,0.09367,0.19074,0.09768,0.21815
HCASE-02274,0.10626,0.15392,0.31161,0.59488,0.41981,0.03556,0.10369,0.21699,0.44897,0.13901,0.224,0.09803,0.11061,0.08326
HCASE-02275,0.04404,0.59785,0.84636,0.19259,0.08261,0.10391,0.11417,0.58693,0.08438,0.12824,0.13425,0.14281,0.06442,0.0639
HCASE-02276,0.1578,0.53155,0.61808,0.02225,0.27626,0.11659,0.05442,0.63695,0.17925,0.11892,0.13907,0.07009,0.135,0.12034
HCASE-02277,0.06678,0.11535,0.10226,0.14001,0.07554,0.12514,0.02661,0.8184,0.3479,0.1485,0.08534,0.23278,0.60295,0.03773
HCASE-02278,0.49999,0.7361,0.15184,0.13757,0.18993,0.85242,0.03774,0.12801,0.12678,0.05246,0.10121,0.06657,0.07564,0.44251
HCASE-02279,0.04637,0.0445,0.08491,0.07686,0.08781,0.09108,0.10893,0.90336,0.38229,0.12543,0.14337,0.29343,0.69695,0.14601
HCASE-02280,0.58614,0.62075,0.04771,0.30604,0.27578,0.53557,0.06087,0.04352,0.29627,0.08004,0.04519,0.04402,0.11302,0.57032
HCASE-02281,0.50229,0.64851,0.02387,0.13008,0.04099,0.71587,0.15877,0.09906,0.07589,0.06706,0.03363,0.12203,0.08292,0.71054
HCASE-02282,0.12609,0.172,0.23851,0.56588,0.4439,0.19727,0.15953,0.24594,0.38969,0.09505,0.05887,0.14936,0.14218,0.15896
HCASE-02283,0.07392,0.82625,0.10481,0.06149,0.15195,0.15308,0.69331,0.05541,0.13242,0.05821,0.0764,0.07734,0.11489,0.09746
HCASE-02284,0.04495,0.09888,0.3208,0.02102,0.26667,0.10525,0.03827,0.7627,0.15678,0.09365,0.12297,0.15324,0.5627,0.16989
HCASE-02285,0.70376,0.13847,0.02929,0.08781,0.05881,0.10636,0.52181,0.55899,0.154,0.584,0.13039,0.04495,0.12124,0.25909
HCASE-02286,0.0858,0.89101,0.65011,0.03103,0.12721,0.11866,0.30461,0.526,0.10475,0.06589,0.14558,0.02516,0.13331,0.09717
HCASE-02287,0.53795,0.48987,0.05189,0.10056,0.13381,0.18261,0.71116,0.54224,0.12059,0.42001,0.06588,0.12979,0.0967,0.12049
HCASE-02288,0.48908,0.38552,0.19741,0.1269,0.18674,0.14796,0.59951,0.43882,0.14993,0.48884,0.10661,0.104,0.05119,0.02917
HCASE-02289,0.80061,0.25352,0.06816,0.03358,0.057,0.17908,0.13205,0.11145,0.05846,0.38533,0.06035,0.08979,0.11649,0.96889
HCASE-02290,0.08972,0.42199,0.67266,0.20528,0.12862,0.15905,0.14101,0.54382,0.02045,0.15398,0.12667,0.2077,0.21131,0.09368
HCASE-02291,0.15244,0.0367,0.52148,0.1576,0.49085,0.10384,0.02792,0.83264,0.02605,0.05422,0.04038,0.12937,0.36673,0.15009
HCASE-02292,0.09373,0.03709,0.58931,0.59768,0.32776,0.02123,0.12361,0.5738,0.25224,0.07302,0.15163,0.07366,0.03164,0.11089
HCASE-02293,0.4965,0.32281,0.08368,0.18775,0.18909,0.14741,0.71612,0.37389,0.06387,0.46994,0.12593,0.12066,0.07899,0.13373
HCASE-02294,0.14437,0.15748,0.23049,0.50827,0.71002,0.10584,0.06965,0.22984,0.43597,0.09397,0.02177,0.13533,0.10765,0.05687
HCASE-02295,0.15155,0.06463,0.13333,0.0393,0.0502,0.1132,0.12703,0.88843,0.60897,0.03638,0.13228,0.47057,0.29741,0.13355
HCASE-02296,0.77468,0.15638,0.12524,0.23009,0.10977,0.21725,0.56355,0.61834,0.10492,0.65306,0.0666,0.10982,0.06028,0.35226
HCASE-02297,0.11729,0.6751,0.461,0.07026,0.14924,0.02577,0.33036,0.3328,0.1102,0.09538,0.0683,0.03125,0.15416,0.12741
HCASE-02298,0.54579,0.269,0.1981,0.13328,0.0774,0.04404,0.46872,0.60618,0.14177,0.36424,0.05452,0.12097,0.0473,0.12602
HCASE-02299,0.15142,0.81954,0.81166,0.06168,0.13967,0.10408,0.0543,0.74839,0.17178,0.08699,0.15288,0.05522,0.07286,0.10528
HCASE-02300,0.13355,0.07597,0.11579,0.13369,0.02123,0.10099,0.05516,0.586,0.53731,0.12593,0.28365,0.74525,0.08357,0.1511
HCASE-02301,0.55364,0.32754,0.39006,0.12031,0.17538,0.19067,0.51723,0.66656,0.11973,0.41978,0.15675,0.14524,0.13124,0.03023
HCASE-02302,0.13949,0.49145,0.68296,0.07291,0.25983,0.09483,0.06078,0.68708,0.06288,0.08639,0.09403,0.13456,0.02971,0.22414
HCASE-02303,0.14365,0.13056,0.20831,0.14218,0.2405,0.05434,0.09696,0.79029,0.08494,0.14008,0.17341,0.16706,0.6201,0.08831
HCASE-02304,0.10208,0.14772,0.26048,0.03796,0.29165,0.0507,0.14381,0.79944,0.13986,0.15537,0.13868,0.08829,0.6528,0.08469
HCASE-02305,0.04267,0.10706,0.7382,0.7475,0.32404,0.05256,0.08272,0.69892,0.38586,0.15686,0.07861,0.09481,0.08616,0.09337
HCASE-02306,0.25632,0.67743,0.20781,0.16247,0.1438,0.07937,0.60564,0.30481,0.03326,0.29546,0.02397,0.06919,0.06212,0.14891
HCASE-02307,0.12211,0.61779,0.84555,0.26489,0.07944,0.03314,0.11099,0.68262,0.10611,0.12025,0.08436,0.15268,0.03858,0.04593
HCASE-02308,0.86267,0.32567,0.14377,0.18255,0.2035,0.30847,0.03963,0.12229,0.07047,0.48806,0.0644,0.10473,0.06025,0.81219
HCASE-02309,0.16649,0.76808,0.55816,0.07745,0.06273,0.09843,0.2087,0.43209,0.09124,0.10461,0.14753,0.05941,0.03995,0.14368
HCASE-02310,0.14837,0.02901,0.28326,0.0267,0.23062,0.12104,0.03206,0.76507,0.11088,0.21251,0.19081,0.20587,0.60179,0.09321
HCASE-02311,0.14681,0.07121,0.29636,0.05795,0.33241,0.0311,0.14535,0.80081,0.04656,0.17296,0.16937,0.15598,0.67708,0.05823
HCASE-02312,0.20376,0.58463,0.14245,0.1588,0.12644,0.09256,0.65926,0.22843,0.03022,0.30698,0.19981,0.14732,0.16286,0.08536
HCASE-02313,0.80865,0.09608,0.036,0.03947,0.12189,0.09248,0.46046,0.52352,0.12871,0.66623,0.09596,0.14596,0.15451,0.33437
HCASE-02314,0.6821,0.12551,0.10832,0.06225,0.07937,0.04986,0.13796,0.13132,0.22776,0.64633,0.07852,0.02588,0.15217,0.87035
HCASE-02315,0.11452,0.0731,0.86096,0.47528,0.21849,0.13001,0.09158,0.86399,0.12847,0.145,0.05067,0.13885,0.1568,0.05755
HCASE-02316,0.38931,0.36152,0.12025,0.52138,0.48595,0.25869,0.15704,0.11521,0.47198,0.11065,0.09598,0.14964,0.13281,0.27865
HCASE-02317,0.07678,0.86694,0.58722,0.04175,0.06752,0.12447,0.36052,0.4919,0.08926,0.02233,0.05662,0.06532,0.09322,0.15917
HCASE-02318,0.1384,0.0544,0.1928,0.03913,0.25312,0.15655,0.03265,0.89424,0.1541,0.05729,0.10612,0.07368,0.53996,0.09766
HCASE-02319,0.04466,0.68118,0.0364,0.02648,0.05825,0.4207,0.48508,0.04739,0.11571,0.13285,0.20778,0.10865,0.1151,0.07212
HCASE-02320,0.16644,0.21091,0.19464,0.806,0.82677,0.23181,0.12555,0.11638,0.6464,0.12967,0.06676,0.11165,0.15049,0.14101
HCASE-02321,0.1201,0.12478,0.22143,0.09024,0.26692,0.1219,0.09237,0.94064,0.22398,0.07221,0.14541,0.02128,0.70716,0.05801
HCASE-02322,0.02509,0.02073,0.11245,0.12515,0.06127,0.0392,0.09747,0.79809,0.27587,0.15382,0.21258,0.36564,0.68324,0.14297
HCASE-02323,0.14739,0.10146,0.03317,0.05006,0.13597,0.13465,0.05181,0.67008,0.41173,0.13607,0.13005,0.62251,0.37193,0.04234
HCASE-02324,0.47193,0.30896,0.15656,0.13568,0.15081,0.07223,0.67547,0.56289,0.09925,0.47879,0.1195,0.03489,0.14725,0.12928
HCASE-02325,0.11834,0.13653,0.79723,0.5138,0.02411,0.10541,0.06207,0.70226,0.04777,0.06558,0.04681,0.1242,0.10494,0.06667
HCASE-02326,0.08137,0.0408,0.10367,0.06709,0.0862,0.02845,0.05445,0.35567,0.08292,0.1096,0.58784,0.60611,0.25605,0.04234
HCASE-02327,0.31995,0.32174,0.07939,0.52113,0.52306,0.25993,0.11638,0.07275,0.45975,0.14533,0.12234,0.06641,0.15442,0.24411
HCASE-02328,0.11207,0.65608,0.12094,0.13934,0.1182,0.62916,0.25949,0.08246,0.08209,0.13775,0.10353,0.11338,0.02431,0.13478
HCASE-02329,0.03356,0.10663,0.72973,0.72865,0.35363,0.09402,0.04673,0.64417,0.49295,0.08601,0.05731,0.14759,0.06284,0.05164
HCASE-02330,0.13284,0.13952,0.17763,0.15619,0.09867,0.04614,0.05633,0.80104,0.44024,0.07064,0.0804,0.47874,0.31951,0.07541
HCASE-02331,0.25564,0.61963,0.20212,0.10001,0.10061,0.15451,0.77539,0.35558,0.12854,0.21364,0.08137,0.09937,0.15679,0.02734
HCASE-02332,0.82573,0.23053,0.13467,0.12155,0.14857,0.12715,0.15427,0.0753,0.05729,0.66801,0.04534,0.07467,0.0321,0.96442
HCASE-02333,0.31541,0.6979,0.1656,0.10087,0.15131,0.87208,0.12965,0.12951,0.12235,0.10367,0.07234,0.04697,0.04188,0.31848
HCASE-02334,0.43027,0.52216,0.15196,0.3337,0.35093,0.55861,0.0903,0.19442,0.35432,0.09016,0.0706,0.04706,0.07685,0.47315
HCASE-02335,0.40441,0.72835,0.21096,0.10491,0.10495,0.74907,0.07066,0.15348,0.06036,0.06982,0.03786,0.10857,0.09262,0.43705
HCASE-02336,0.66707,0.53454,0.12974,0.15044,0.19108,0.12173,0.74868,0.45881,0.07408,0.40273,0.07957,0.10322,0.12558,0.14027
HCASE-02337,0.06226,0.22439,0.50534,0.10789,0.39868,0.1112,0.09185,0.52024,0.12571,0.12526,0.12175,0.12229,0.1418,0.07943
HCASE-02338,0.14684,0.20198,0.2669,0.62445,0.52569,0.20454,0.09352,0.24896,0.51148,0.04834,0.112,0.08599,0.1044,0.02625
HCASE-02339,0.11089,0.17331,0.28074,0.58514,0.74059,0.07765,0.03087,0.33162,0.43867,0.04211,0.05786,0.02905,0.104,0.1033
HCASE-02340,0.71476,0.20585,0.14258,0.11299,0.11601,0.20904,0.52988,0.37329,0.02067,0.50153,0.15258,0.14412,0.03949,0.27874
HCASE-02341,0.13536,0.79425,0.26721,0.14933,0.11112,0.15241,0.45722,0.37702,0.17559,0.13628,0.04807,0.15666,0.14559,0.08761
HCASE-02342,0.75292,0.54588,0.03272,0.11396,0.03825,0.46751,0.0727,0.14773,0.0847,0.3156,0.03701,0.13541,0.09361,0.85154
HCASE-02343,0.19763,0.8747,0.20727,0.14622,0.11789,0.52181,0.44536,0.10464,0.07714,0.14483,0.03706,0.03663,0.02969,0.15841
HCASE-02344,0.41352,0.29569,0.04671,0.06954,0.04537,0.15094,0.57433,0.36197,0.11576,0.32127,0.14568,0.08894,0.1028,0.13072
HCASE-02345,0.07313,0.02009,0.05126,0.04689,0.11282,0.02848,0.02134,0.72158,0.41108,0.15485,0.11379,0.2891,0.54897,0.06701
HCASE-02346,0.11005,0.77183,0.30538,0.06865,0.08938,0.08699,0.54642,0.2776,0.11228,0.14359,0.09084,0.07921,0.09019,0.13401
HCASE-02347,0.18516,0.15419,0.08575,0.02144,0.0994,0.2056,0.04425,0.5143,0.33866,0.09886,0.26605,0.6945,0.15297,0.14855
HCASE-02348,0.04813,0.35759,0.87631,0.38492,0.11112,0.1195,0.15822,0.74839,0.22061,0.10023,0.0232,0.09077,0.02547,0.12476
HCASE-02349,0.14662,0.68108,0.10876,0.13631,0.02448,0.7431,0.24602,0.04821,0.03698,0.02902,0.06921,0.08966,0.11029,0.15355
HCASE-02350,0.48272,0.53383,0.15282,0.26725,0.28969,0.40902,0.02718,0.10968,0.24002,0.12136,0.12856,0.03999,0.12292,0.60166
HCASE-02351,0.03524,0.08669,0.22018,0.46512,0.69727,0.11337,0.15357,0.22604,0.50496,0.18563,0.14384,0.19298,0.14207,0.05262
HCASE-02352,0.30754,0.37286,0.14035,0.52229,0.49749,0.28242,0.09885,0.08129,0.46553,0.11178,0.05942,0.02294,0.08187,0.34812
HCASE-02353,0.2992,0.69741,0.18171,0.14642,0.11563,0.9798,0.02944,0.03835,0.06576,0.12472,0.15393,0.04,0.11775,0.29378
HCASE-02354,0.1804,0.21813,0.14229,0.18728,0.17478,0.14202,0.08833,0.35931,0.04949,0.0859,0.57988,0.49817,0.39828,0.07729
HCASE-02355,0.81038,0.58689,0.11759,0.08528,0.05126,0.55685,0.08747,0.12962,0.12916,0.22745,0.06788,0.04729,0.05986,1.0
HCASE-02356,0.04976,0.07745,0.12678,0.09936,0.09916,0.13366,0.08173,0.50101,0.37144,0.08229,0.38303,0.78154,0.06145,0.20476
HCASE-02357,0.10912,0.50219,0.66547,0.06175,0.24222,0.15377,0.04853,0.51403,0.06799,0.1132,0.04808,0.1545,0.08555,0.20752
HCASE-02358,0.68741,0.51291,0.09976,0.04561,0.07808,0.51104,0.06316,0.1424,0.11258,0.23245,0.075,0.04899,0.13098,1.0
HCASE-02359,0.13653,0.54238,0.90373,0.08606,0.31399,0.13331,0.06864,0.75944,0.15655,0.02227,0.0547,0.10394,0.10808,0.0431
HCASE-02360,0.05367,0.05468,0.67817,0.17142,0.54504,0.15364,0.11569,0.8284,0.16,0.10768,0.15761,0.07552,0.11994,0.07931
HCASE-02361,0.07613,0.5337,0.88591,0.21399,0.11991,0.08037,0.13341,0.74278,0.08199,0.11476,0.11518,0.12214,0.05011,0.15064
HCASE-02362,0.66566,0.18939,0.15314,0.14954,0.07593,0.19367,0.26142,0.22536,0.09745,0.57113,0.12936,0.08991,0.14543,0.53025
HCASE-02363,0.55276,0.82892,0.08952,0.02154,0.12026,1.0,0.03502,0.10321,0.12216,0.04801,0.15954,0.1406,0.11366,0.49807
HCASE-02364,0.8096,0.5551,0.09607,0.02199,0.04656,0.55536,0.12279,0.22292,0.19357,0.29854,0.13696,0.09799,0.14062,0.6224
HCASE-02365,0.08834,0.10452,0.27855,0.07177,0.24972,0.14153,0.08638,0.81144,0.02352,0.20679,0.10652,0.19156,0.76789,0.04524
HCASE-02366,0.28411,0.62355,0.12849,0.10873,0.09318,0.78714,0.06968,0.073,0.02595,0.0342,0.13424,0.07858,0.09491,0.16668
HCASE-02367,0.07558,0.1531,0.14251,0.07275,0.03897,0.1181,0.06929,0.28284,0.10399,0.15642,0.57473,0.55109,0.35988,0.12126
HCASE-02368,0.1282,0.02137,0.05377,0.11069,0.12501,0.14272,0.0629,0.86895,0.54541,0.11835,0.13008,0.44559,0.30366,0.08038
HCASE-02369,0.77862,0.7638,0.13632,0.10003,0.18161,0.73352,0.10741,0.13367,0.15285,0.07362,0.02157,0.0276,0.04308,0.65695
HCASE-02370,0.1309,0.14536,0.03909,0.06337,0.08308,0.06367,0.15847,0.21856,0.30224,0.12944,0.61314,0.82679,0.03175,0.27077
HCASE-02371,0.35436,0.65759,0.11486,0.19769,0.18713,1.0,0.03703,0.10178,0.11709,0.05986,0.11075,0.10314,0.1189,0.26065
HCASE-02372,0.08903,0.16704,0.31557,0.60449,0.49258,0.13443,0.14821,0.20747,0.39418,0.1334,0.05781,0.13846,0.10187,0.04846
HCASE-02373,0.23276,0.609,0.13123,0.10087,0.12777,0.98343,0.13512,0.07636,0.13401,0.11344,0.13652,0.10449,0.07549,0.28505
HCASE-02374,0.3778,0.58676,0.08542,0.12096,0.12724,0.60121,0.12495,0.10696,0.08415,0.16255,0.07649,0.08445,0.13088,0.44679
HCASE-02375,0.71254,0.35408,0.03465,0.03837,0.11034,0.33963,0.07799,0.02336,0.12476,0.51062,0.02565,0.11059,0.06027,0.758
HCASE-02376,0.08725,0.09623,0.11739,0.11474,0.06108,0.10453,0.14124,0.36996,0.09218,0.02394,0.49332,0.51816,0.3285,0.11716
HCASE-02377,0.1441,0.71812,0.90786,0.03228,0.0943,0.04911,0.14901,0.74383,0.07852,0.03283,0.04797,0.09323,0.06577,0.10156
HCASE-02378,0.14563,0.14311,0.04172,0.12142,0.10731,0.1194,0.02672,0.67612,0.50108,0.20528,0.16634,0.63491,0.1913,0.12929
HCASE-02379,0.06088,0.06862,0.66277,0.49285,0.33547,0.09774,0.1166,0.56232,0.26897,0.07485,0.10475,0.03499,0.14242,0.06096
HCASE-02380,0.07689,0.09569,0.12113,0.07677,0.04461,0.07215,0.03795,0.3653,0.32421,0.02256,0.51419,0.65894,0.04012,0.08377
HCASE-02381,0.84421,0.11926,0.06811,0.08388,0.06013,0.11078,0.36244,0.28352,0.12399,0.63063,0.04583,0.03449,0.13038,0.73563
HCASE-02382,0.54539,0.25222,0.35548,0.06422,0.05478,0.08613,0.45731,0.54855,0.11641,0.46228,0.10541,0.11421,0.09141,0.04547
HCASE-02383,0.70856,0.3607,0.08587,0.09853,0.0497,0.20395,0.1044,0.07787,0.04863,0.55673,0.17986,0.19507,0.20195,0.77011
HCASE-02384,0.14269,0.06438,0.2328,0.05758,0.076,0.04974,0.03937,0.30167,0.13977,0.06626,0.48841,0.53243,0.36145,0.12563
HCASE-02385,0.2046,0.89964,0.51377,0.20033,0.10043,0.10615,0.32133,0.4012,0.15794,0.08349,0.10818,0.06647,0.06983,0.15482
HCASE-02386,0.69534,0.27144,0.04249,0.10682,0.03437,0.3124,0.13823,0.0934,0.09324,0.5511,0.19336,0.19746,0.18184,0.72869
HCASE-02387,0.63369,0.14524,0.10498,0.0972,0.0543,0.07675,0.28891,0.18403,0.04263,0.65016,0.19338,0.15576,0.20638,0.61731
HCASE-02388,0.24564,0.5749,0.14724,0.07846,0.04994,0.8122,0.09541,0.23293,0.22408,0.03029,0.0484,0.14528,0.15809,0.26974
HCASE-02389,0.61864,0.1101,0.13204,0.22965,0.19666,0.21611,0.04855,0.3254,0.23085,0.55584,0.08926,0.23113,0.12785,0.72443
HCASE-02390,0.20347,0.17774,0.36631,0.72909,0.63196,0.09877,0.04177,0.34211,0.52522,0.09184,0.08621,0.08476,0.02835,0.05343
HCASE-02391,0.15449,0.03245,0.15498,0.13547,0.15028,0.15469,0.1359,0.39438,0.30722,0.0549,0.537,0.73265,0.1446,0.15571
HCASE-02392,0.04688,0.10539,0.09646,0.10497,0.13684,0.14964,0.06059,0.45987,0.42507,0.13955,0.31689,0.67655,0.05509,0.19189
HCASE-02393,0.054,0.26646,0.60679,0.11869,0.50572,0.06286,0.13709,0.68819,0.10848,0.06657,0.13019,0.08747,0.15768,0.23677
HCASE-02394,0.11933,0.07255,0.39512,0.66925,0.49102,0.11151,0.06278,0.21438,0.5535,0.10848,0.05447,0.12648,0.11406,0.28466
HCASE-02395,0.665,0.63734,0.14241,0.13885,0.10826,0.67257,0.10607,0.09513,0.1409,0.04749,0.0789,0.13085,0.15636,0.79
HCASE-02396,0.09058,0.14579,0.53403,0.15572,0.49081,0.09645,0.13145,0.94963,0.1131,0.02089,0.13839,0.07409,0.29655,0.1565
HCASE-02397,0.1886,0.13383,0.46357,0.13479,0.43491,0.17465,0.08055,0.7016,0.11349,0.08256,0.07551,0.10154,0.31597,0.02306
HCASE-02398,0.11951,0.13137,0.33941,0.1883,0.29202,0.20649,0.15742,0.72106,0.09279,0.06081,0.1174,0.09843,0.54648,0.10274
HCASE-02399,0.53536,0.62959,0.12238,0.1064,0.09577,0.78535,0.09005,0.19102,0.0889,0.05108,0.13654,0.07106,0.05925,0.48861
HCASE-02400,0.39493,0.33082,0.19415,0.52035,0.57827,0.29224,0.04481,0.06107,0.49661,0.09118,0.03922,0.10554,0.10473,0.3012
HCASE-02401,0.03807,0.11276,0.82522,0.3661,0.30405,0.07679,0.09213,0.80106,0.13229,0.11132,0.1135,0.0737,0.1545,0.14239
HCASE-02402,0.23026,0.18343,0.29771,0.65947,0.48716,0.13994,0.146,0.2874,0.48683,0.02957,0.11331,0.06792,0.09799,0.02807
HCASE-02403,0.29755,0.21103,0.15949,0.54022,0.44336,0.24026,0.13376,0.21618,0.48453,0.0999,0.095,0.1325,0.06385,0.30434
HCASE-02404,0.588,0.23087,0.24448,0.15763,0.0924,0.26316,0.04945,0.1402,0.12749,0.39226,0.13031,0.09592,0.14438,0.77055
HCASE-02405,0.14596,0.56036,0.64527,0.1056,0.32376,0.12087,0.08093,0.55147,0.09077,0.13505,0.03676,0.12575,0.11764,0.17338
HCASE-02406,0.11032,0.07218,0.30069,0.07526,0.27672,0.06202,0.07382,0.7904,0.05184,0.08946,0.21264,0.1515,0.71467,0.03651
HCASE-02407,0.73672,0.14063,0.11872,0.03509,0.04294,0.06975,0.26926,0.19776,0.08645,0.57818,0.19601,0.13722,0.09374,0.49774
HCASE-02408,0.0544,0.09334,0.02353,0.06687,0.08937,0.15222,0.12767,0.21901,0.24106,0.07912,0.84859,0.76053,0.12976,0.07764
HCASE-02409,0.09108,0.23526,0.8916,0.47236,0.09998,0.04928,0.14309,0.67261,0.16356,0.12116,0.04639,0.05361,0.07792,0.09433
HCASE-02410,0.12817,0.16541,0.17223,0.11896,0.3271,0.15818,0.06587,0.8314,0.05424,0.15867,0.11691,0.09013,0.62498,0.15535
HCASE-02411,0.67383,0.84604,0.12316,0.19474,0.19002,0.88989,0.05149,0.08234,0.04744,0.05699,0.04876,0.15818,0.04963,0.47672
HCASE-02412,0.35792,0.81911,0.1766,0.17472,0.15331,0.9875,0.02588,0.03656,0.12896,0.0573,0.15678,0.15357,0.08855,0.32382
HCASE-02413,0.02287,0.29598,0.92184,0.46386,0.15849,0.12994,0.11096,0.69987,0.02672,0.05341,0.05705,0.06112,0.04695,0.0441
HCASE-02414,0.64054,0.4503,0.0753,0.06334,0.09807,0.51112,0.1249,0.11384,0.07747,0.21745,0.08907,0.12238,0.02747,0.86968
HCASE-02415,0.08429,0.09717,0.05304,0.14203,0.05043,0.15537,0.07792,0.31219,0.08187,0.039,0.46414,0.44812,0.25172,0.06965
HCASE-02416,0.31648,0.34034,0.03665,0.51994,0.5935,0.37345,0.15311,0.14563,0.44012,0.10205,0.15591,0.09136,0.04647,0.34085
HCASE-02417,0.13412,0.17344,0.30902,0.53126,0.7225,0.09012,0.03698,0.35396,0.48547,0.12797,0.0936,0.02807,0.09799,0.10029
HCASE-02418,0.11384,0.13557,0.62631,0.68097,0.29679,0.13324,0.04841,0.63004,0.32787,0.10004,0.04723,0.09994,0.08521,0.073
HCASE-02419,0.0591,0.14402,0.13713,0.06684,0.06897,0.03302,0.12816,0.27792,0.08123,0.13989,0.7041,0.71124,0.44736,0.12341
HCASE-02420,0.72855,0.55896,0.07037,0.08923,0.04274,0.5374,0.02415,0.11142,0.02115,0.3125,0.09811,0.11381,0.13761,0.95081
HCASE-02421,0.24807,0.03369,0.10972,0.02666,0.10521,0.12791,0.14589,0.44723,0.52518,0.38374,0.13374,0.65888,0.22211,0.31014
HCASE-02422,0.04737,0.02381,0.41416,0.72642,0.48249,0.15999,0.14034,0.25131,0.59542,0.13971,0.03519,0.03834,0.07407,0.19063
HCASE-02423,0.10229,0.16514,0.84264,0.53545,0.13076,0.21045,0.1057,0.69817,0.12282,0.0717,0.06569,0.07962,0.067,0.08393
HCASE-02424,0.15295,0.16573,0.35133,0.09706,0.34331,0.10014,0.05055,0.80822,0.09327,0.08352,0.11927,0.05823,0.65552,0.03426
HCASE-02425,0.56176,0.38172,0.40658,0.10285,0.11086,0.14174,0.57545,0.74354,0.1129,0.40437,0.12981,0.07805,0.04609,0.11621
HCASE-02426,0.04369,0.52774,0.98276,0.29586,0.13963,0.09361,0.03655,0.82526,0.10906,0.0368,0.05787,0.14012,0.1544,0.1128
HCASE-02427,0.15144,0.1596,0.88746,0.23444,0.48631,0.03885,0.07536,0.71765,0.05174,0.08989,0.12905,0.07669,0.13654,0.02515
HCASE-02428,0.52756,0.45002,0.03219,0.2409,0.32364,0.5214,0.13831,0.21492,0.47047,0.14657,0.14514,0.04256,0.11539,0.55073
HCASE-02429,0.12436,0.87783,0.37642,0.15419,0.12627,0.13474,0.46445,0.32943,0.15409,0.10789,0.05311,0.06598,0.06403,0.1347
HCASE-02430,0.12492,0.48031,0.7178,0.22719,0.03216,0.10217,0.09375,0.64826,0.02197,0.1563,0.09626,0.1057,0.21652,0.0945
HCASE-02431,0.6631,0.21555,0.13436,0.05197,0.02446,0.27163,0.09071,0.12064,0.06784,0.41914,0.08223,0.0255,0.05564,0.78961
HCASE-02432,0.03209,0.10998,0.25256,0.14547,0.24054,0.05825,0.0879,0.87624,0.12641,0.13022,0.10221,0.03664,0.56947,0.07434
HCASE-02433,0.0262,0.14635,0.18786,0.14474,0.06336,0.02599,0.06587,0.31434,0.0666,0.09325,0.56088,0.52782,0.37735,0.10837
HCASE-02434,0.08418,0.84353,0.50451,0.13674,0.07832,0.11393,0.2292,0.44152,0.13957,0.13578,0.09055,0.06946,0.14662,0.05004
HCASE-02435,0.11526,0.75227,0.46525,0.03189,0.15503,0.10389,0.22609,0.36102,0.06381,0.05015,0.04053,0.05476,0.05382,0.24022
HCASE-02436,0.3025,0.04906,0.08747,0.08034,0.1123,0.11103,0.13463,0.51222,0.53323,0.29898,0.13144,0.57173,0.1126,0.49856
HCASE-02437,0.02492,0.08232,0.08789,0.12026,0.1202,0.11609,0.02575,0.935,0.45536,0.09849,0.04441,0.3677,0.6435,0.07998
HCASE-02438,0.06593,0.29853,0.77086,0.10197,0.45209,0.1493,0.03205,0.85954,0.08212,0.02172,0.10211,0.07238,0.12487,0.06099
HCASE-02439,0.05444,0.15344,0.1471,0.74701,0.69877,0.08163,0.03223,0.17003,0.73376,0.06374,0.06102,0.09686,0.11826,0.12816
HCASE-02440,0.08468,0.56817,0.82583,0.30159,0.14653,0.02562,0.14004,0.6767,0.11302,0.129,0.03989,0.04899,0.10208,0.24052
HCASE-02441,0.65126,0.59832,0.22131,0.33367,0.46165,0.59865,0.0361,0.12592,0.2187,0.13227,0.08428,0.08009,0.04185,0.5006
HCASE-02442,0.15759,0.10212,0.45286,0.12282,0.39308,0.17187,0.11708,0.64468,0.1144,0.12029,0.11803,0.03149,0.31853,0.15284
HCASE-02443,0.12105,0.20792,0.12131,0.16208,0.08013,0.18042,0.11638,0.70094,0.44271,0.12382,0.10616,0.39859,0.33485,0.05103
HCASE-02444,0.19174,0.07853,0.04744,0.06937,0.13285,0.1568,0.06216,0.70945,0.21029,0.12523,0.03806,0.34925,0.54197,0.05119
HCASE-02445,0.14809,0.80649,0.75775,0.04236,0.03874,0.09769,0.0536,0.61361,0.15377,0.07381,0.12713,0.14891,0.10343,0.08159
HCASE-02446,0.63981,0.92913,0.20494,0.133,0.14275,1.0,0.03323,0.09958,0.06688,0.1005,0.05999,0.14356,0.15884,0.61188
HCASE-02447,0.09749,0.13836,0.57777,0.6441,0.30514,0.04902,0.06619,0.58638,0.3457,0.17321,0.16493,0.19583,0.16445,0.0371
HCASE-02448,0.51249,0.42651,0.33449,0.18708,0.18756,0.11022,0.51948,0.65401,0.11111,0.47557,0.05832,0.15409,0.0279,0.15701
HCASE-02449,0.69335,0.11893,0.03593,0.02483,0.10333,0.03839,0.11023,0.17502,0.13962,0.69409,0.15049,0.04238,0.15757,0.78359
HCASE-02450,0.61597,0.62991,0.19523,0.3466,0.40646,0.51859,0.03907,0.04019,0.26093,0.15344,0.0444,0.09544,0.12516,0.50408
HCASE-02451,0.10972,0.19056,0.0881,0.12183,0.09465,0.11838,0.0637,0.5596,0.42906,0.06942,0.09287,0.43513,0.35707,0.04115
HCASE-02452,0.8617,0.13133,0.11523,0.08116,0.15964,0.22684,0.08616,0.10401,0.13692,0.71553,0.10516,0.03659,0.06514,0.8716
HCASE-02453,0.34072,0.35236,0.09654,0.51421,0.42063,0.2808,0.10499,0.07836,0.51438,0.15704,0.07775,0.05283,0.07049,0.18119
HCASE-02454,0.19214,0.53408,0.70108,0.17725,0.02984,0.20088,0.15225,0.58981,0.11862,0.1566,0.11866,0.0738,0.05417,0.06334
HCASE-02455,0.04221,0.03649,0.81255,0.32328,0.46665,0.15561,0.13797,0.78458,0.0587,0.14762,0.14399,0.02934,0.10946,0.08861
HCASE-02456,0.30557,0.13652,0.11915,0.05958,0.03611,0.13388,0.03348,0.57583,0.44136,0.34087,0.11415,0.61581,0.13098,0.26153
HCASE-02457,0.03411,0.02406,0.57313,0.13988,0.47646,0.06793,0.11198,0.88999,0.12675,0.06465,0.02111,0.13197,0.3545,0.04744
HCASE-02458,0.57252,0.40338,0.1216,0.10251,0.05376,0.38515,0.13113,0.05408,0.03041,0.26648,0.11691,0.11402,0.09727,0.59086
HCASE-02459,0.52255,0.66454,0.06283,0.31016,0.31902,0.66292,0.10493,0.11763,0.24074,0.08148,0.13927,0.14059,0.04894,0.56399
HCASE-02460,0.18671,0.80449,0.65498,0.14057,0.21875,0.13095,0.23146,0.42973,0.11352,0.10993,0.05707,0.09886,0.09374,0.03537
HCASE-02461,0.147,0.08359,0.14245,0.03082,0.05586,0.12134,0.13847,0.64767,0.02752,0.13251,0.13808,0.05087,0.81288,0.18209
HCASE-02462,0.52452,0.07161,0.03275,0.12334,0.11647,0.14048,0.15969,0.38335,0.19259,0.44092,0.05565,0.31335,0.11405,0.782
HCASE-02463,0.11332,0.81767,0.10571,0.17201,0.1411,0.79785,0.26318,0.04982,0.11244,0.06368,0.11746,0.13847,0.05002,0.15931
HCASE-02464,0.07122,0.03256,0.2185,0.08075,0.27821,0.06359,0.06368,0.68539,0.0605,0.06945,0.11679,0.1596,0.62093,0.10401
HCASE-02465,0.57077,0.76541,0.1086,0.11073,0.11249,0.90317,0.15592,0.11416,0.12404,0.03352,0.08107,0.09628,0.04088,0.39002
HCASE-02466,0.13313,0.19908,0.04084,0.11416,0.13152,0.11232,0.11542,0.64528,0.12634,0.08376,0.12319,0.14638,0.75284,0.04945
HCASE-02467,0.1268,0.12103,0.40359,0.66141,0.51434,0.10542,0.07009,0.30328,0.44844,0.09204,0.13173,0.15373,0.13271,0.08586
HCASE-02468,0.22105,0.90099,0.20145,0.22082,0.11287,0.86948,0.29193,0.15777,0.10128,0.11618,0.07133,0.09569,0.08989,0.04363
HCASE-02469,0.09028,0.15541,0.68079,0.15014,0.495,0.14341,0.08216,0.88718,0.10562,0.13887,0.09011,0.15752,0.34832,0.10424
HCASE-02470,0.46635,0.66847,0.06682,0.09685,0.12826,0.83187,0.09508,0.14764,0.24203,0.04909,0.09703,0.03598,0.10385,0.44204
HCASE-02471,0.71549,0.39782,0.22357,0.16829,0.09709,0.3405,0.06465,0.12768,0.06532,0.41935,0.12176,0.1553,0.06622,0.83755
HCASE-02472,0.14461,0.1408,0.07059,0.02097,0.05556,0.04262,0.11298,0.84141,0.51723,0.19331,0.20927,0.67459,0.37215,0.04517
HCASE-02473,0.66767,0.70466,0.14675,0.26336,0.29127,0.61386,0.07449,0.1046,0.31514,0.1556,0.02823,0.04623,0.10132,0.5471
HCASE-02474,0.70658,0.79861,0.11085,0.07905,0.08212,0.62817,0.10814,0.0708,0.14596,0.14732,0.18653,0.1964,0.1156,0.76545
HCASE-02475,0.12529,0.78999,0.115,0.14498,0.06326,0.07647,0.77533,0.16635,0.18951,0.15762,0.09776,0.125,0.11681,0.07341
HCASE-02476,0.09545,0.02617,0.07016,0.11374,0.08228,0.07074,0.0278,0.2526,0.03465,0.17022,0.72972,0.73173,0.50429,0.05807
HCASE-02477,0.10059,0.09438,0.17041,0.02744,0.02713,0.05029,0.0427,0.31543,0.3023,0.10024,0.48818,0.56568,0.1348,0.13487
HCASE-02478,0.07703,0.14347,0.48222,0.56509,0.28192,0.05904,0.02434,0.39687,0.2231,0.06759,0.15342,0.05326,0.14594,0.20105
HCASE-02479,0.18733,0.20584,0.61906,0.67035,0.27171,0.12901,0.08569,0.46244,0.29972,0.12205,0.13375,0.15858,0.13521,0.15587
HCASE-02480,0.03012,0.02832,0.1146,0.15488,0.08487,0.0739,0.14427,0.72511,0.61553,0.17101,0.17083,0.79986,0.12597,0.0955
HCASE-02481,0.09913,0.14938,0.03375,0.15674,0.03266,0.1145,0.07868,0.28316,0.23839,0.12172,0.56387,0.67925,0.15025,0.14317
HCASE-02482,0.76005,0.55543,0.09723,0.04029,0.10706,0.52588,0.10937,0.0901,0.04705,0.3357,0.14931,0.07277,0.07283,1.0
HCASE-02483,0.80552,0.10613,0.20779,0.12668,0.10955,0.0487,0.60612,0.61928,0.15366,0.6073,0.05837,0.09523,0.03229,0.28141
HCASE-02484,0.43926,0.29206,0.15202,0.12873,0.04446,0.11983,0.68321,0.52321,0.10632,0.44187,0.05236,0.08673,0.04727,0.05774
HCASE-02485,0.48435,0.38661,0.02298,0.04575,0.14456,0.1502,0.61075,0.42876,0.12096,0.32392,0.0396,0.15997,0.09443,0.02514
HCASE-02486,0.0976,0.02656,0.12173,0.11097,0.11687,0.04316,0.14339,0.44434,0.37121,0.05907,0.29232,0.6716,0.06507,0.11458
HCASE-02487,0.17426,0.095,0.69721,0.40168,0.32959,0.11881,0.14786,0.63176,0.12157,0.03786,0.07394,0.111,0.0572,0.07563
HCASE-02488,0.63836,0.13127,0.02396,0.09216,0.06921,0.13962,0.4462,0.41718,0.03821,0.51364,0.07877,0.11085,0.06722,0.29212
HCASE-02489,0.11885,0.20773,0.663,0.56315,0.30862,0.11893,0.11445,0.48322,0.23511,0.07139,0.06013,0.05354,0.02771,0.08538
HCASE-02490,0.03538,0.11642,0.14273,0.15769,0.04079,0.05707,0.09385,0.44384,0.55974,0.1612,0.31735,0.86508,0.09842,0.08978
HCASE-02491,0.08196,0.94837,0.35404,0.09195,0.0264,0.12476,0.48978,0.37064,0.12291,0.02518,0.04232,0.07998,0.07276,0.10095
HCASE-02492,0.11866,0.03673,0.74128,0.19019,0.45874,0.13366,0.04591,0.86048,0.10409,0.04494,0.13834,0.14772,0.15212,0.08893
HCASE-02493,0.20002,0.0856,0.43213,0.14571,0.48238,0.10517,0.06495,0.81605,0.10104,0.15453,0.03323,0.09658,0.26316,0.08944
HCASE-02494,0.35035,0.59106,0.26757,0.15098,0.06663,0.1288,0.7399,0.43044,0.07199,0.26977,0.05299,0.02732,0.13757,0.15509
HCASE-02495,0.13892,0.85309,0.19809,0.1115,0.17303,0.73666,0.27794,0.0875,0.04999,0.13662,0.13121,0.04745,0.03716,0.03435
HCASE-02496,0.02746,0.11635,0.15891,0.13149,0.14685,0.12329,0.13498,0.73795,0.03179,0.11201,0.12052,0.16103,0.94851,0.0309
HCASE-02497,0.15598,0.76652,0.74693,0.04447,0.13023,0.12405,0.12054,0.65012,0.07434,0.03037,0.10464,0.06376,0.07835,0.11239
HCASE-02498,0.63364,0.69089,0.11932,0.13526,0.12668,0.68013,0.14232,0.06206,0.08537,0.05499,0.03437,0.04224,0.04733,0.59078
HCASE-02499,0.47808,0.07087,0.23699,0.1266,0.05209,0.11365,0.03142,0.32629,0.29991,0.47874,0.11339,0.26906,0.07556,0.5384
HCASE-02500,0.13145,0.10148,0.12128,0.09168,0.0887,0.16941,0.03699,0.31926,0.27455,0.1524,0.57283,0.68302,0.09286,0.13459
HCASE-02501,0.32057,0.14955,0.15211,0.10465,0.05397,0.03161,0.12009,0.69814,0.55466,0.23568,0.12422,0.59327,0.10318,0.34554
HCASE-02502,0.2632,0.32549,0.03127,0.59234,0.49478,0.4096,0.08233,0.09416,0.55083,0.0863,0.0887,0.02429,0.15209,0.23959
HCASE-02503,0.21441,0.59841,0.06959,0.03748,0.06587,0.07877,0.83281,0.36831,0.10209,0.34321,0.24838,0.1251,0.12396,0.1464
HCASE-02504,0.65234,0.6206,0.12114,0.24752,0.37614,0.6166,0.02002,0.04988,0.35804,0.07809,0.08507,0.08451,0.04798,0.54736
HCASE-02505,0.11691,0.14993,0.0895,0.11957,0.11447,0.12958,0.07781,0.21565,0.25904,0.15511,0.57217,0.72503,0.04494,0.19717
HCASE-02506,0.04116,0.06508,0.11889,0.03999,0.15425,0.12568,0.117,0.44344,0.49734,0.07865,0.31095,0.76884,0.09534,0.1853
HCASE-02507,0.02561,0.93092,0.14271,0.1359,0.10339,0.06244,0.82824,0.16304,0.07574,0.03768,0.07804,0.09017,0.04679,0.09865
HCASE-02508,0.06675,0.12236,0.04627,0.03012,0.14329,0.11856,0.14608,0.90351,0.39203,0.10841,0.12808,0.36032,0.5431,0.13128
HCASE-02509,0.67767,0.69469,0.22429,0.38062,0.32744,0.60796,0.1285,0.04061,0.31393,0.07729,0.13147,0.13347,0.13272,0.5385
HCASE-02510,0.53687,0.10148,0.08983,0.15605,0.14453,0.15815,0.08112,0.36272,0.33582,0.42063,0.15386,0.36472,0.08035,0.74193
HCASE-02511,0.69587,0.0611,0.06367,0.07796,0.13317,0.07048,0.15392,0.15267,0.1547,0.60423,0.03095,0.13418,0.11153,1.0
HCASE-02512,0.09441,0.12174,0.30941,0.64748,0.53756,0.09951,0.0446,0.27634,0.53502,0.09347,0.03711,0.05324,0.15891,0.18101
HCASE-02513,0.08808,0.69717,0.12033,0.04689,0.15863,0.66584,0.33683,0.15984,0.07616,0.14566,0.14408,0.09526,0.04128,0.11114
HCASE-02514,0.16642,0.17953,0.12383,0.0645,0.09556,0.14856,0.12905,0.67098,0.43153,0.05925,0.14676,0.42865,0.39985,0.15412
HCASE-02515,0.12546,0.12399,0.46795,0.03875,0.50781,0.08669,0.13343,0.81252,0.1736,0.08964,0.15456,0.14862,0.40096,0.07199
HCASE-02516,0.07632,0.48384,0.60685,0.16949,0.10302,0.13438,0.04449,0.59644,0.13556,0.06007,0.063,0.15111,0.02909,0.19876
HCASE-02517,0.42958,0.71586,0.06995,0.08949,0.08936,0.77298,0.09499,0.15196,0.19834,0.14637,0.02489,0.148,0.14406,0.48875
HCASE-02518,0.13881,0.09355,0.31327,0.02814,0.34761,0.11684,0.12699,0.80873,0.08483,0.09563,0.09947,0.12439,0.55113,0.24474
HCASE-02519,0.15147,0.33154,0.72461,0.31579,0.07024,0.08903,0.0314,0.53705,0.15981,0.12128,0.07975,0.13929,0.14909,0.14651
HCASE-02520,0.14757,0.12368,0.66479,0.21162,0.45902,0.14421,0.07702,0.58681,0.06431,0.10658,0.11631,0.04972,0.03941,0.09224
HCASE-02521,0.12099,0.13552,0.08841,0.08725,0.10062,0.0713,0.1291,0.27604,0.15583,0.11205,0.62372,0.69017,0.37423,0.08376
HCASE-02522,0.77604,0.09294,0.09743,0.12216,0.14907,0.13315,0.31543,0.32259,0.05696,0.59219,0.12881,0.0868,0.11399,0.527
HCASE-02523,0.72267,0.11864,0.12137,0.15107,0.02655,0.1465,0.19368,0.31219,0.15079,0.49844,0.02456,0.14748,0.13771,0.49174
HCASE-02524,0.21545,0.15178,0.09695,0.10279,0.05703,0.15401,0.03484,0.79852,0.0232,0.0426,0.02539,0.03846,0.79307,0.12084
HCASE-02525,0.19798,0.84283,0.09469,0.1823,0.17403,0.77178,0.35248,0.11796,0.04059,0.06679,0.08261,0.12664,0.03521,0.15288
HCASE-02526,0.06161,0.05822,0.92976,0.63835,0.02742,0.14266,0.02884,0.8174,0.04729,0.1509,0.15078,0.14947,0.0745,0.21025
HCASE-02527,0.52426,0.37014,0.17464,0.03551,0.1326,0.12827,0.69464,0.60732,0.15548,0.46752,0.02919,0.04418,0.10917,0.02332
HCASE-02528,0.36042,0.25115,0.0767,0.61128,0.58958,0.33607,0.13827,0.07067,0.53375,0.12859,0.14475,0.10553,0.03791,0.48306
HCASE-02529,0.11478,0.0573,0.23265,0.03893,0.04125,0.09298,0.11071,0.53866,0.48254,0.02339,0.34942,0.6448,0.0635,0.08202
HCASE-02530,0.13962,0.1164,0.15617,0.11977,0.07899,0.15071,0.07188,0.26144,0.04093,0.15164,0.6058,0.56102,0.34648,0.15429
HCASE-02531,0.08487,0.15276,0.04932,0.13368,0.02601,0.12945,0.07357,0.66897,0.22991,0.09438,0.0494,0.23211,0.45581,0.13594
HCASE-02532,0.79249,0.57278,0.13208,0.07467,0.04758,0.50978,0.03536,0.26771,0.19226,0.36593,0.08877,0.09796,0.02904,0.81731
HCASE-02533,0.11942,0.8455,0.59822,0.15947,0.10914,0.12608,0.34768,0.53106,0.03881,0.111,0.05008,0.1399,0.12318,0.11315
HCASE-02534,0.52272,0.14352,0.08822,0.13821,0.03783,0.14582,0.06226,0.31921,0.31364,0.45217,0.18885,0.38902,0.12928,0.64937
HCASE-02535,0.25268,0.0668,0.1089,0.04998,0.09089,0.08105,0.09886,0.67529,0.62329,0.22062,0.06547,0.48023,0.12771,0.37444
HCASE-02536,0.6216,0.74037,0.07207,0.35387,0.28063,0.67314,0.10567,0.02089,0.31771,0.03492,0.05614,0.13846,0.11836,0.59644
HCASE-02537,0.1578,0.35473,0.7808,0.08243,0.50596,0.11348,0.15363,0.81318,0.14828,0.07416,0.03425,0.1256,0.15649,0.14469
HCASE-02538,0.88454,0.19774,0.21012,0.18097,0.20978,0.11999,0.25996,0.34534,0.11201,0.62443,0.14968,0.09092,0.02678,0.62552
HCASE-02539,0.05738,0.13382,0.34028,0.12589,0.32444,0.13744,0.12651,0.71537,0.15978,0.13416,0.17233,0.21513,0.75831,0.1476
HCASE-02540,0.31731,0.25908,0.10781,0.50125,0.52021,0.21546,0.02128,0.08286,0.44693,0.13481,0.02778,0.0375,0.0834,0.19735
HCASE-02541,0.18857,0.41538,0.78797,0.47837,0.13358,0.12257,0.14562,0.62222,0.11054,0.15073,0.06334,0.04677,0.11776,0.06933
HCASE-02542,0.7632,0.29559,0.02326,0.08922,0.14018,0.35998,0.11517,0.10911,0.04656,0.4212,0.05294,0.0591,0.1273,0.86594
HCASE-02543,0.30252,0.62034,0.09052,0.10073,0.06175,0.12129,0.71934,0.23092,0.03434,0.31152,0.20318,0.18361,0.17359,0.08187
HCASE-02544,0.06688,0.02232,0.18599,0.03695,0.106,0.08417,0.11589,0.77313,0.21382,0.06801,0.0997,0.26529,0.59302,0.13462
HCASE-02545,0.12182,0.80681,0.45795,0.09108,0.13354,0.13411,0.21531,0.43719,0.12718,0.17079,0.16454,0.14122,0.12357,0.14984
HCASE-02546,0.15619,0.73195,0.41991,0.02697,0.14578,0.10238,0.30823,0.45708,0.03459,0.13257,0.14189,0.12577,0.13342,0.25562
HCASE-02547,0.81294,0.11485,0.1278,0.21898,0.22395,0.13154,0.26784,0.29741,0.0561,0.6002,0.11497,0.02997,0.13285,0.71295
HCASE-02548,0.1359,0.07595,0.02723,0.08779,0.14595,0.05604,0.12158,0.69471,0.6064,0.11712,0.30795,0.7606,0.04376,0.02367
HCASE-02549,0.17153,0.15368,0.48308,0.09988,0.39837,0.06764,0.15397,0.65197,0.07756,0.05039,0.04943,0.05239,0.31459,0.10309
HCASE-02550,0.15146,0.05815,0.12405,0.13611,0.10726,0.14353,0.13458,0.39045,0.22788,0.10434,0.48416,0.83446,0.06332,0.26368
HCASE-02551,0.76759,0.10407,0.05181,0.13712,0.11251,0.07963,0.27898,0.32865,0.14932,0.56696,0.14636,0.0305,0.14859,0.71615
HCASE-02552,0.79007,0.26027,0.13146,0.05443,0.08021,0.36458,0.13026,0.05578,0.05641,0.43496,0.14491,0.05648,0.02934,0.80647
HCASE-02553,0.26267,0.68992,0.22487,0.09267,0.13556,0.04588,0.69044,0.3719,0.05131,0.29455,0.12933,0.08095,0.09436,0.06485
HCASE-02554,0.68291,0.16242,0.12256,0.16544,0.20404,0.13124,0.56498,0.52762,0.05029,0.50953,0.06519,0.14259,0.10382,0.361
HCASE-02555,0.02297,0.0339,0.06996,0.03427,0.02489,0.13814,0.14201,0.04708,0.12091,0.05279,0.7633,0.66986,0.15418,0.14996
HCASE-02556,0.83404,0.66392,0.23666,0.17234,0.19557,0.69699,0.08144,0.1102,0.15701,0.35153,0.08463,0.10231,0.14772,0.84464
HCASE-02557,0.72489,0.46025,0.06517,0.10238,0.02143,0.45809,0.04122,0.18375,0.14035,0.32788,0.0306,0.07782,0.10321,0.6826
HCASE-02558,0.02455,0.33546,0.69807,0.09134,0.44764,0.11628,0.11662,0.68633,0.10192,0.12807,0.15683,0.04024,0.12346,0.23165
HCASE-02559,0.17863,0.85674,0.11214,0.15681,0.18648,0.71121,0.24963,0.13736,0.1324,0.0359,0.08823,0.04213,0.04524,0.07113
HCASE-02560,0.59781,0.33462,0.32406,0.08483,0.13545,0.11184,0.46397,0.64638,0.08046,0.46508,0.03405,0.0945,0.04527,0.04851
HCASE-02561,0.46024,0.63231,0.03622,0.12762,0.06959,0.9111,0.14183,0.22412,0.18223,0.06089,0.10428,0.08643,0.02283,0.45268
HCASE-02562,0.39813,0.82259,0.14271,0.12494,0.20684,0.94277,0.05728,0.15505,0.14517,0.14906,0.12956,0.11282,0.10475,0.222
HCASE-02563,0.10385,0.20157,0.87332,0.56901,0.15253,0.13122,0.05897,0.70132,0.03313,0.12509,0.07328,0.06948,0.1084,0.05124
HCASE-02564,0.67799,0.60631,0.09736,0.24833,0.3683,0.59644,0.1325,0.03683,0.32152,0.14168,0.03155,0.03888,0.12292,0.47038
HCASE-02565,0.30848,0.07995,0.12878,0.04311,0.08793,0.11944,0.11513,0.49349,0.44032,0.23467,0.04647,0.49355,0.06157,0.26992
HCASE-02566,0.131,0.17628,0.61721,0.16718,0.40917,0.11687,0.04543,0.54957,0.05239,0.02941,0.05211,0.07361,0.04122,0.15965
HCASE-02567,0.14856,0.42045,0.82268,0.39664,0.11642,0.07668,0.03819,0.5711,0.03898,0.06834,0.03996,0.11062,0.12521,0.12477
HCASE-02568,0.58672,0.30981,0.04786,0.09038,0.05704,0.28617,0.14413,0.08084,0.02229,0.46659,0.09614,0.07186,0.15914,0.8848
HCASE-02569,0.13355,0.66487,0.18735,0.08835,0.04344,0.67762,0.30871,0.09441,0.08821,0.09216,0.14175,0.11066,0.09904,0.12718
HCASE-02570,0.11142,0.10816,0.09973,0.07806,0.10305,0.09479,0.05169,0.38177,0.02251,0.14868,0.62643,0.7313,0.45391,0.14704
HCASE-02571,0.02621,0.81536,0.1688,0.03008,0.04283,0.32604,0.53279,0.20146,0.07438,0.06089,0.03708,0.04369,0.07685,0.05896
HCASE-02572,0.16633,0.37081,0.70949,0.0967,0.37279,0.17057,0.11813,0.69588,0.14295,0.08316,0.08616,0.1478,0.03485,0.11472
HCASE-02573,0.17081,0.71743,0.2074,0.14597,0.17538,0.70021,0.35089,0.04845,0.08171,0.06916,0.10865,0.08184,0.12035,0.10535
HCASE-02574,0.12564,0.10114,0.34421,0.08199,0.30685,0.14452,0.15905,0.77988,0.04968,0.13347,0.08653,0.03945,0.57957,0.12724
HCASE-02575,0.05287,0.72819,0.47631,0.03063,0.07468,0.08373,0.24143,0.39519,0.02641,0.12837,0.05837,0.15931,0.04492,0.20757
HCASE-02576,0.59449,0.56529,0.08521,0.26319,0.35412,0.49647,0.13239,0.02066,0.32594,0.10333,0.03249,0.15363,0.03903,0.45325
HCASE-02577,0.65714,0.6393,0.17359,0.43161,0.41356,0.62172,0.03003,0.09364,0.32969,0.15214,0.05855,0.10969,0.0753,0.5347
HCASE-02578,0.50314,0.54353,0.02603,0.34704,0.29881,0.56897,0.0356,0.06806,0.25366,0.08532,0.15785,0.09342,0.05692,0.67445
HCASE-02579,0.1128,0.20284,0.03936,0.15416,0.15863,0.08298,0.06808,0.26255,0.06584,0.11305,0.53048,0.53277,0.2985,0.11257
HCASE-02580,0.15643,0.61959,0.73886,0.18434,0.15865,0.18851,0.12628,0.51778,0.13474,0.04134,0.03866,0.0927,0.02156,0.0651
HCASE-02581,0.36168,0.28767,0.30193,0.12069,0.09987,0.02487,0.38556,0.60569,0.19086,0.40091,0.08318,0.1096,0.15871,0.02706
HCASE-02582,0.91149,0.58354,0.08406,0.08144,0.06287,0.76251,0.14892,0.10456,0.09728,0.30413,0.08709,0.10206,0.12119,0.85342
HCASE-02583,0.77733,0.48058,0.05068,0.05963,0.0674,0.52502,0.09241,0.10628,0.0225,0.33735,0.02726,0.08203,0.06798,1.0
HCASE-02584,0.03456,0.15466,0.63827,0.58869,0.24686,0.05821,0.0596,0.55503,0.37741,0.12623,0.10122,0.04602,0.02633,0.1388
HCASE-02585,0.19688,0.86908,0.12728,0.13953,0.18462,0.84323,0.33253,0.06898,0.04639,0.14346,0.074,0.11759,0.13306,0.02853
HCASE-02586,0.59854,0.69531,0.06961,0.26678,0.35989,0.73496,0.02813,0.0403,0.37244,0.13563,0.04931,0.06199,0.0764,0.51373
HCASE-02587,0.53699,0.15149,0.22214,0.21782,0.2264,0.16984,0.07571,0.33087,0.25017,0.40169,0.10453,0.25414,0.1417,0.63894
HCASE-02588,0.26643,0.7347,0.09445,0.09928,0.04639,0.94057,0.0701,0.02296,0.05686,0.05752,0.05928,0.08834,0.08968,0.358
HCASE-02589,0.14545,0.92045,0.53384,0.12958,0.04593,0.11498,0.23459,0.47772,0.14187,0.076,0.08542,0.12429,0.05242,0.06331
HCASE-02590,0.13227,0.60589,0.81804,0.23568,0.15715,0.07019,0.1369,0.54648,0.06536,0.10795,0.15594,0.09582,0.1497,0.22109
HCASE-02591,0.11462,0.12169,0.06002,0.1201,0.10247,0.20109,0.06431,0.35646,0.07903,0.08173,0.55518,0.481,0.33502,0.09384
HCASE-02592,0.04606,0.08434,0.02633,0.0354,0.15897,0.15876,0.04025,0.76339,0.24642,0.12022,0.18446,0.4143,0.75569,0.10883
HCASE-02593,0.53577,0.07438,0.117,0.06783,0.05257,0.06856,0.04522,0.32694,0.31233,0.4885,0.16676,0.32858,0.20807,0.55367
HCASE-02594,0.13979,0.12957,0.15308,0.08243,0.09097,0.08297,0.05609,0.90794,0.42099,0.13357,0.1232,0.36736,0.65496,0.07879
HCASE-02595,0.33558,0.66324,0.08805,0.12855,0.08489,0.98581,0.05177,0.08529,0.06813,0.06361,0.10192,0.04426,0.05883,0.27975
HCASE-02596,0.05444,0.87121,0.34197,0.03049,0.13965,0.03938,0.51232,0.37065,0.13234,0.08884,0.03834,0.05364,0.02368,0.04148
HCASE-02597,0.13619,0.03896,0.14504,0.07415,0.13499,0.15542,0.097,0.65991,0.15676,0.05852,0.10144,0.29692,0.4695,0.1049
HCASE-02598,0.14355,0.02236,0.25969,0.09091,0.30429,0.13605,0.15996,0.96197,0.12919,0.14622,0.06142,0.06454,0.67708,0.0863
HCASE-02599,0.08657,0.0327,0.14791,0.15505,0.14494,0.13826,0.13548,0.88607,0.36346,0.02241,0.10386,0.26581,0.65683,0.0661
HCASE-02600,0.05709,0.07179,0.09721,0.13557,0.08034,0.13181,0.1186,0.7336,0.36287,0.09511,0.05181,0.54049,0.31629,0.1283
HCASE-02601,0.63629,0.69609,0.10585,0.12047,0.12918,0.92485,0.02419,0.13524,0.14381,0.0929,0.10016,0.14648,0.09252,0.7435
HCASE-02602,0.47214,0.60986,0.14042,0.04107,0.07407,0.68122,0.06015,0.06825,0.04248,0.0879,0.07215,0.11687,0.07853,0.39826
HCASE-02603,0.80234,0.48542,0.1367,0.14299,0.08517,0.59194,0.05991,0.1849,0.16559,0.30634,0.1562,0.12954,0.04714,0.84706
HCASE-02604,0.15538,0.85445,0.12388,0.19449,0.14605,0.4145,0.60698,0.06247,0.11558,0.04498,0.13338,0.09923,0.06089,0.14429
HCASE-02605,0.58184,0.47261,0.25161,0.05914,0.09111,0.1715,0.57304,0.66531,0.09553,0.4201,0.11014,0.10138,0.10612,0.04319
HCASE-02606,0.8155,0.67007,0.03304,0.05613,0.0672,0.60342,0.15566,0.15537,0.24676,0.34491,0.07616,0.09158,0.08361,0.88808
HCASE-02607,0.55031,0.88434,0.08803,0.11562,0.13018,0.86003,0.05126,0.03208,0.11645,0.04356,0.11587,0.15979,0.09139,0.51753
HCASE-02608,0.45534,0.79785,0.03969,0.12844,0.15376,0.18715,0.82844,0.24726,0.05233,0.3208,0.04974,0.09486,0.08943,0.03461
HCASE-02609,0.0617,0.14785,0.55453,0.05547,0.55993,0.15955,0.06528,0.79745,0.14268,0.03755,0.07609,0.04384,0.30562,0.07293
HCASE-02610,0.33606,0.54586,0.03458,0.11972,0.05435,0.1111,0.66699,0.29518,0.1028,0.25867,0.13759,0.20466,0.19361,0.05064
HCASE-02611,0.02451,0.02546,0.26558,0.09572,0.29365,0.09458,0.08862,0.83171,0.23817,0.15645,0.05026,0.14973,0.64262,0.15656
HCASE-02612,0.76843,0.46803,0.03057,0.10235,0.15229,0.53515,0.07954,0.0496,0.09502,0.30233,0.15717,0.09741,0.15734,0.95668
HCASE-02613,0.67832,0.82943,0.11707,0.1954,0.21671,0.89551,0.03991,0.13211,0.10559,0.10435,0.14699,0.06518,0.13386,0.56996
HCASE-02614,0.09253,0.09352,0.6911,0.27192,0.46813,0.05194,0.10073,0.69194,0.16298,0.12267,0.08744,0.02979,0.06636,0.08262
HCASE-02615,0.16464,0.20908,0.08394,0.41474,0.46274,0.22101,0.07853,0.03871,0.52409,0.21831,0.15893,0.17918,0.21148,0.31104
HCASE-02616,0.10984,0.62493,0.97552,0.28477,0.03374,0.0939,0.05167,0.74977,0.07024,0.14213,0.08235,0.08506,0.11043,0.07656
HCASE-02617,0.43528,0.39708,0.13789,0.04442,0.09294,0.10383,0.6328,0.45161,0.11972,0.54227,0.12402,0.18181,0.17089,0.13459
HCASE-02618,0.29978,0.61323,0.12396,0.10204,0.07055,0.19328,0.70971,0.30172,0.1429,0.16265,0.09095,0.07762,0.05479,0.03044
HCASE-02619,0.10366,0.13965,0.0262,0.03673,0.1062,0.15878,0.11709,0.20247,0.23453,0.13565,0.58325,0.77089,0.17216,0.07601
HCASE-02620,0.32904,0.70419,0.14195,0.18589,0.12614,0.90337,0.11259,0.02813,0.07202,0.10599,0.03373,0.09089,0.055,0.18936
HCASE-02621,0.07033,0.14188,0.05435,0.0402,0.04329,0.04055,0.0596,0.36579,0.2771,0.15813,0.54679,0.76091,0.20696,0.02926
HCASE-02622,0.53443,0.67422,0.08359,0.08634,0.03284,0.71963,0.07994,0.14257,0.20222,0.15486,0.15918,0.03227,0.08453,0.47809
HCASE-02623,0.14096,0.54483,0.83409,0.11084,0.33365,0.10729,0.10961,0.84929,0.12593,0.04899,0.04956,0.13983,0.08166,0.10384
HCASE-02624,0.08001,0.28215,0.81999,0.42594,0.08455,0.0408,0.08041,0.7194,0.16206,0.09717,0.12173,0.07979,0.11765,0.03429
HCASE-02625,0.6097,0.4554,0.12713,0.0612,0.03296,0.42481,0.10996,0.14792,0.08287,0.26724,0.13383,0.0693,0.0735,0.5755
HCASE-02626,0.1349,0.08125,0.90576,0.54626,0.07694,0.08279,0.08201,0.65604,0.07705,0.06847,0.05771,0.02707,0.12706,0.14513
HCASE-02627,0.73742,0.19636,0.09992,0.15072,0.18995,0.09095,0.24539,0.30195,0.11374,0.59221,0.12573,0.14219,0.1132,0.61546
HCASE-02628,0.03423,0.09134,0.80927,0.51414,0.13645,0.13193,0.08328,0.57989,0.03297,0.09756,0.11988,0.10855,0.04018,0.16512
HCASE-02629,0.10344,0.17432,0.08991,0.15849,0.11414,0.12019,0.04152,0.30805,0.2731,0.08259,0.59969,0.73222,0.05989,0.09888
HCASE-02630,0.0605,0.08305,0.07334,0.17592,0.09572,0.1755,0.07478,0.26167,0.0301,0.14012,0.57545,0.46101,0.2984,0.14282
HCASE-02631,0.63568,0.71443,0.19699,0.42375,0.41652,0.63796,0.12313,0.02458,0.38057,0.13046,0.15164,0.1087,0.07428,0.48716
HCASE-02632,0.32707,0.5601,0.12208,0.09393,0.13222,0.04,0.73294,0.25822,0.06109,0.13375,0.07097,0.14216,0.06052,0.08735
HCASE-02633,0.12662,0.85691,0.5825,0.15009,0.08746,0.12253,0.24944,0.55729,0.08743,0.07333,0.11767,0.05223,0.10337,0.04433
HCASE-02634,0.13587,0.05114,0.15623,0.08726,0.04771,0.02067,0.12115,0.31309,0.38499,0.14406,0.63804,0.78756,0.08728,0.04233
HCASE-02635,0.10556,0.74498,0.02715,0.07746,0.04819,0.60892,0.40273,0.13503,0.14953,0.22275,0.21173,0.12542,0.22572,0.02616
HCASE-02636,0.15139,0.89867,0.5778,0.14812,0.06743,0.10192,0.29328,0.49452,0.06322,0.14183,0.11962,0.0726,0.09342,0.14649
HCASE-02637,0.68303,0.67788,0.12482,0.31422,0.36476,0.70046,0.05869,0.06233,0.33624,0.14057,0.15834,0.14908,0.04105,0.54534
HCASE-02638,0.14588,0.70144,0.46435,0.16251,0.14199,0.19426,0.33129,0.37752,0.09224,0.0862,0.0243,0.15322,0.08125,0.10048
HCASE-02639,0.08389,0.12243,0.08556,0.03957,0.10024,0.08485,0.13453,0.32416,0.14175,0.20193,0.64034,0.78541,0.35634,0.09145
HCASE-02640,0.08189,0.08278,0.6336,0.6423,0.25233,0.08886,0.12706,0.58512,0.41815,0.13003,0.0966,0.0649,0.09216,0.09896
HCASE-02641,0.58552,0.14957,0.02178,0.11034,0.13454,0.15017,0.21532,0.20871,0.02855,0.70698,0.18161,0.17429,0.10133,0.60967
HCASE-02642,0.1034,0.50069,0.54028,0.07685,0.16742,0.1186,0.15706,0.5575,0.15025,0.17005,0.13951,0.14535,0.19193,0.15444
HCASE-02643,0.3156,0.74145,0.02799,0.05195,0.13862,0.91897,0.09069,0.11712,0.1582,0.10397,0.0601,0.09731,0.04038,0.33398
HCASE-02644,0.53294,0.71538,0.08427,0.05241,0.09216,0.93952,0.02632,0.10658,0.08982,0.07744,0.0741,0.0636,0.06456,0.54839
HCASE-02645,0.04949,0.13789,0.22229,0.0634,0.25341,0.02459,0.06393,0.85938,0.12031,0.08783,0.11605,0.10758,0.74537,0.13511
HCASE-02646,0.02359,0.79195,0.62871,0.14337,0.1359,0.13074,0.31528,0.52018,0.05502,0.05498,0.04893,0.12332,0.04434,0.1434
HCASE-02647,0.06648,0.65582,0.89622,0.27483,0.02052,0.08617,0.07479,0.64973,0.03875,0.02433,0.1285,0.14335,0.15963,0.07488
HCASE-02648,0.03008,0.06829,0.03006,0.13045,0.0448,0.15096,0.08266,0.75572,0.53589,0.13331,0.14479,0.53493,0.43946,0.10611
HCASE-02649,0.09915,0.09105,0.58514,0.48493,0.27721,0.16923,0.07018,0.41618,0.30811,0.0436,0.13096,0.06949,0.07949,0.14421
HCASE-02650,0.12175,0.70655,0.59321,0.04809,0.06337,0.06363,0.13972,0.5908,0.12428,0.13623,0.12945,0.04566,0.04645,0.23241
HCASE-02651,0.05616,0.0821,0.1471,0.15295,0.15571,0.06466,0.08037,0.66298,0.38203,0.09927,0.13614,0.57768,0.48445,0.10995
HCASE-02652,0.14463,0.58096,0.63353,0.13682,0.22697,0.09258,0.02809,0.58145,0.07083,0.12584,0.0295,0.05449,0.08491,0.12966
HCASE-02653,0.49356,0.09137,0.07442,0.05635,0.11447,0.18284,0.03735,0.36363,0.27925,0.46132,0.10928,0.24438,0.03913,0.61534
HCASE-02654,0.02046,0.13718,0.50481,0.10189,0.46445,0.09716,0.13073,0.87734,0.14709,0.04619,0.12806,0.02676,0.33966,0.12026
HCASE-02655,0.05228,0.10313,0.14424,0.1462,0.11772,0.12706,0.06317,0.71596,0.30004,0.16201,0.08315,0.33026,0.64148,0.05302
HCASE-02656,0.96892,0.73672,0.19731,0.21551,0.13997,0.68064,0.1492,0.02603,0.08502,0.33065,0.07232,0.06935,0.11822,0.85729
HCASE-02657,0.82161,0.10545,0.14344,0.1271,0.13159,0.20373,0.51449,0.56311,0.12051,0.50618,0.05994,0.08645,0.04586,0.32778
HCASE-02658,0.13622,0.86136,0.1903,0.12536,0.14816,0.12174,0.7402,0.19304,0.0241,0.07089,0.05873,0.1221,0.08167,0.08948
HCASE-02659,0.19625,0.39369,0.73656,0.32551,0.0684,0.16053,0.02774,0.6143,0.05476,0.0925,0.07705,0.03206,0.11482,0.15977
HCASE-02660,0.74101,0.49229,0.15423,0.02105,0.10226,0.52004,0.11787,0.08629,0.04189,0.34129,0.11933,0.06789,0.13706,0.90907
HCASE-02661,0.12534,0.48428,0.61396,0.28381,0.11267,0.11206,0.06533,0.52008,0.18468,0.11727,0.02422,0.11922,0.03266,0.09283
HCASE-02662,0.21535,0.10951,0.75204,0.37268,0.51299,0.13098,0.09307,0.66772,0.15448,0.04095,0.06882,0.05797,0.15655,0.09563
HCASE-02663,0.09914,0.05764,0.75986,0.44477,0.26124,0.0489,0.15112,0.90811,0.12706,0.13663,0.05867,0.02232,0.14372,0.10843
HCASE-02664,0.08204,0.08494,0.14351,0.05585,0.10754,0.05301,0.08362,0.95541,0.39314,0.1032,0.13617,0.22469,0.6732,0.06962
HCASE-02665,0.68992,0.51376,0.05888,0.14145,0.13404,0.44885,0.08423,0.11114,0.15847,0.30138,0.03516,0.13863,0.04292,0.66202
HCASE-02666,0.55847,0.32739,0.29071,0.1577,0.11726,0.12514,0.53698,0.6973,0.06528,0.34452,0.12867,0.05616,0.03563,0.0585
HCASE-02667,0.03291,0.15128,0.13292,0.70521,0.68595,0.1495,0.06889,0.12031,0.6854,0.10678,0.03308,0.04648,0.1195,0.1408
HCASE-02668,0.07788,0.34009,0.58844,0.03613,0.40106,0.08453,0.04277,0.57744,0.0378,0.04395,0.05229,0.1183,0.14831,0.15897
HCASE-02669,0.18019,0.25823,0.05702,0.51543,0.46784,0.23017,0.09403,0.10072,0.39608,0.0946,0.06086,0.10843,0.13654,0.32383
HCASE-02670,0.12639,0.09594,0.33173,0.10983,0.21713,0.15462,0.02541,0.74135,0.06061,0.09734,0.15121,0.02098,0.48279,0.12877
HCASE-02671,0.10764,0.63925,0.1428,0.0251,0.05347,0.69147,0.30144,0.18658,0.1577,0.12651,0.04079,0.15939,0.13142,0.02007
HCASE-02672,0.68245,0.42717,0.07459,0.04294,0.06207,0.40412,0.15872,0.14195,0.20866,0.31447,0.07451,0.02486,0.11421,0.6899
HCASE-02673,0.06052,0.08644,0.12563,0.05932,0.11554,0.11733,0.08011,0.80281,0.02554,0.16273,0.21766,0.1781,1.0,0.1402
HCASE-02674,0.76117,0.56357,0.14802,0.10442,0.12983,0.60442,0.08796,0.0693,0.13812,0.2955,0.11368,0.02381,0.04253,0.80199
HCASE-02675,0.19395,0.07311,0.03845,0.09224,0.06151,0.15637,0.15533,0.5824,0.49963,0.33068,0.2253,0.5213,0.13314,0.33344
HCASE-02676,0.52251,0.6671,0.05637,0.05532,0.05469,0.70682,0.12295,0.05485,0.14123,0.15012,0.2129,0.20914,0.12323,0.41561
HCASE-02677,0.15709,0.60259,0.58393,0.08948,0.1203,0.06669,0.1072,0.59118,0.07929,0.11388,0.0543,0.03885,0.12399,0.14326
HCASE-02678,0.71157,0.27718,0.09341,0.13452,0.08056,0.27688,0.05693,0.10562,0.03811,0.45418,0.0595,0.04786,0.14247,0.71565
HCASE-02679,0.74029,0.22982,0.21597,0.1216,0.12808,0.31913,0.12445,0.1019,0.12081,0.46369,0.0984,0.03466,0.0375,0.82748
HCASE-02680,0.6978,0.34102,0.16379,0.12365,0.1724,0.32356,0.03769,0.04964,0.1198,0.41973,0.04827,0.11166,0.11207,0.79476
HCASE-02681,0.48451,0.12784,0.14082,0.08596,0.10541,0.14288,0.12012,0.31827,0.18308,0.38539,0.0677,0.22179,0.14429,0.54427
HCASE-02682,0.13072,0.04947,0.04999,0.71794,0.79523,0.13045,0.04268,0.10329,0.77369,0.07126,0.06908,0.09509,0.09494,0.2888
HCASE-02683,0.15176,0.27616,0.70736,0.36547,0.1275,0.06933,0.02501,0.59282,0.06997,0.02734,0.09457,0.02239,0.09461,0.12876
HCASE-02684,0.48741,0.71419,0.05142,0.15799,0.08655,0.88964,0.06733,0.14494,0.20703,0.08312,0.0732,0.03979,0.05175,0.48059
HCASE-02685,0.26505,0.28774,0.12801,0.54721,0.49453,0.29834,0.06567,0.19698,0.53931,0.04206,0.02489,0.06171,0.1357,0.22735
HCASE-02686,0.04631,0.10008,0.23316,0.09164,0.30626,0.13898,0.13833,0.89393,0.21009,0.12938,0.02492,0.09147,0.65187,0.03863
HCASE-02687,0.25059,0.58786,0.13866,0.08598,0.03376,0.80274,0.06576,0.1254,0.04171,0.102,0.05963,0.08634,0.12423,0.38528
HCASE-02688,0.09232,0.70059,0.15674,0.07322,0.13337,0.38024,0.58111,0.05484,0.0436,0.17895,0.10141,0.18861,0.18726,0.08644
HCASE-02689,0.0523,0.02207,0.13349,0.04612,0.11488,0.11345,0.12678,0.25439,0.07166,0.1488,0.6097,0.59047,0.3368,0.18935
HCASE-02690,0.14577,0.16013,0.1123,0.162,0.15393,0.10061,0.03995,0.81477,0.57745,0.07357,0.12027,0.73974,0.12672,0.08019
HCASE-02691,0.6519,0.12675,0.06265,0.15514,0.1582,0.03456,0.05439,0.09835,0.07458,0.57805,0.06205,0.1039,0.08494,0.91048
HCASE-02692,0.05549,0.06262,0.66279,0.23932,0.42293,0.08123,0.08362,0.66394,0.08186,0.04866,0.14233,0.13146,0.02897,0.2185
HCASE-02693,0.6297,0.30245,0.03801,0.12169,0.11203,0.30509,0.05651,0.11712,0.13339,0.35622,0.07773,0.15413,0.09494,0.77389
HCASE-02694,0.12741,0.1015,0.67115,0.02725,0.66622,0.04558,0.02514,0.69486,0.14569,0.08122,0.047,0.05686,0.04099,0.25451
HCASE-02695,0.13428,0.20653,0.14112,0.05901,0.09384,0.13679,0.11402,0.81719,0.15718,0.09413,0.13058,0.05803,0.82559,0.11071
HCASE-02696,0.14925,0.65141,0.0521,0.05415,0.15577,0.62959,0.33735,0.10629,0.03113,0.07973,0.1051,0.14201,0.1451,0.23332
HCASE-02697,0.11097,0.7783,0.48063,0.15623,0.08681,0.02663,0.32986,0.30554,0.0859,0.0786,0.07022,0.03227,0.13526,0.12036
HCASE-02698,0.59498,0.83634,0.08351,0.14418,0.05042,0.99148,0.0366,0.02289,0.13747,0.07996,0.12068,0.159,0.06016,0.50601
HCASE-02699,0.02475,0.06817,0.63985,0.5473,0.33224,0.09095,0.13032,0.5611,0.22226,0.09524,0.06416,0.08325,0.04795,0.14097
HCASE-02700,0.03837,0.10201,0.17677,0.11259,0.1179,0.04779,0.06049,0.73587,0.38146,0.02411,0.12934,0.45357,0.3596,0.09794
HCASE-02701,0.47145,0.59779,0.15344,0.28605,0.33071,0.62245,0.05146,0.02677,0.39889,0.04817,0.10443,0.10809,0.0346,0.80668
HCASE-02702,0.0691,0.82646,0.64262,0.09077,0.03783,0.09502,0.09762,0.63348,0.08424,0.18037,0.15444,0.21647,0.15126,0.13258
HCASE-02703,0.14054,0.14441,0.06624,0.09195,0.1154,0.034,0.12164,0.30706,0.3013,0.15104,0.63049,0.82581,0.13523,0.08908
HCASE-02704,0.67915,0.14025,0.07433,0.03988,0.07227,0.0666,0.06136,0.16218,0.18125,0.63121,0.15001,0.11138,0.08271,0.93279
HCASE-02705,0.17598,0.4821,0.63916,0.11502,0.26568,0.08665,0.14506,0.44462,0.11109,0.11929,0.02101,0.04873,0.04389,0.02762
HCASE-02706,0.69645,0.12482,0.12616,0.0815,0.03405,0.15704,0.34882,0.27943,0.12534,0.66907,0.06823,0.12683,0.11757,0.82237
HCASE-02707,0.07792,0.04017,0.15225,0.14343,0.10948,0.1159,0.08535,0.88179,0.34476,0.11726,0.0648,0.27231,0.50222,0.14727
HCASE-02708,0.97458,0.71449,0.05168,0.11842,0.1135,0.72962,0.14886,0.1389,0.08392,0.30399,0.12162,0.08198,0.05659,0.9491
HCASE-02709,0.02453,0.46199,0.66895,0.18924,0.04975,0.10741,0.08997,0.53098,0.05593,0.17459,0.19678,0.07175,0.11385,0.15452
HCASE-02710,0.49024,0.6821,0.15775,0.20782,0.21099,0.82007,0.05481,0.15344,0.10033,0.05525,0.1502,0.03826,0.1133,0.46464
HCASE-02711,0.47781,0.38791,0.0742,0.0539,0.13146,0.02058,0.66219,0.47062,0.09825,0.39506,0.14703,0.07629,0.10875,0.26965
HCASE-02712,0.2965,0.71237,0.15046,0.13936,0.05251,0.8221,0.02911,0.16353,0.11905,0.06569,0.02981,0.15797,0.05769,0.35316
HCASE-02713,0.08895,0.68021,0.48117,0.03795,0.14254,0.15778,0.35159,0.41848,0.12001,0.14879,0.09609,0.10091,0.15518,0.1517
HCASE-02714,0.09811,0.06244,0.33139,0.41715,0.60012,0.08585,0.15176,0.36582,0.45271,0.15387,0.02673,0.12485,0.03908,0.19775
HCASE-02715,0.60717,0.11599,0.05401,0.15543,0.1134,0.15655,0.08868,0.23439,0.36876,0.56237,0.11792,0.2299,0.08667,0.65622
HCASE-02716,0.51517,0.83975,0.03707,0.10412,0.14262,0.78308,0.10022,0.14623,0.22186,0.13607,0.07542,0.14002,0.02638,0.49688
HCASE-02717,0.064,0.08911,0.60362,0.30291,0.41758,0.10394,0.09007,0.77188,0.15105,0.07289,0.08365,0.05996,0.04188,0.14066
HCASE-02718,0.13316,0.02483,0.21716,0.03538,0.33644,0.10403,0.10411,0.81271,0.15634,0.14366,0.05789,0.08194,0.66095,0.15603
HCASE-02719,0.13294,0.82684,0.75168,0.07316,0.13795,0.13332,0.06195,0.84726,0.20435,0.12174,0.08898,0.0397,0.12161,0.05306
HCASE-02720,0.144,0.68058,0.81609,0.07891,0.0606,0.13119,0.06408,0.57119,0.06292,0.22636,0.1742,0.13828,0.10492,0.09287
HCASE-02721,0.10248,0.07589,0.14034,0.06394,0.08935,0.03299,0.0907,0.80013,0.24963,0.04259,0.13601,0.21788,0.58619,0.08001
HCASE-02722,0.3778,0.68743,0.02564,0.10457,0.06738,0.1366,0.80445,0.36794,0.03135,0.30641,0.08719,0.11581,0.09049,0.04679
HCASE-02723,0.41969,0.7242,0.13623,0.06488,0.11157,0.76236,0.08463,0.1484,0.04037,0.02464,0.11121,0.14861,0.13747,0.63623
HCASE-02724,0.74759,0.29382,0.14628,0.03378,0.05093,0.28679,0.11186,0.20684,0.14867,0.4138,0.13202,0.07902,0.13823,0.69308
HCASE-02725,0.10787,0.07277,0.15898,0.03254,0.06604,0.11408,0.12958,0.53849,0.44424,0.0316,0.30044,0.69418,0.06539,0.19816
HCASE-02726,0.52808,0.34126,0.08322,0.12878,0.12143,0.13997,0.69067,0.4183,0.03237,0.3395,0.07499,0.03511,0.1503,0.09079
HCASE-02727,0.53715,0.36963,0.14909,0.04521,0.04896,0.18871,0.84566,0.56526,0.05645,0.52762,0.03112,0.14169,0.12552,0.131
HCASE-02728,0.146,0.05969,0.11549,0.09567,0.14145,0.03979,0.10246,0.79952,0.66818,0.14047,0.10022,0.66994,0.12884,0.15534
HCASE-02729,0.22254,0.88047,0.08553,0.10362,0.10133,0.43622,0.58899,0.11729,0.06032,0.07912,0.06577,0.10245,0.0222,0.02862
HCASE-02730,0.29068,0.05081,0.10901,0.13018,0.05605,0.02948,0.126,0.66369,0.56525,0.20981,0.02744,0.62333,0.14216,0.2605
HCASE-02731,0.02828,0.06549,0.54182,0.13266,0.45345,0.09567,0.04522,0.77393,0.15539,0.23198,0.17857,0.14414,0.4328,0.03312
HCASE-02732,0.10248,0.85101,0.59769,0.06243,0.12368,0.0662,0.2909,0.54363,0.08595,0.04976,0.12951,0.03317,0.05652,0.03461
HCASE-02733,0.05958,0.04887,0.44564,0.0531,0.41731,0.05212,0.08857,0.77469,0.1596,0.06184,0.14296,0.04428,0.33167,0.22457
HCASE-02734,0.63283,0.87583,0.13358,0.08204,0.03336,1.0,0.13689,0.04039,0.14913,0.1396,0.06627,0.0357,0.14493,0.51035
HCASE-02735,0.26027,0.17198,0.04614,0.50343,0.47894,0.20513,0.04684,0.02419,0.38576,0.16201,0.12721,0.06727,0.14036,0.18872
HCASE-02736,0.35631,0.07281,0.04919,0.10475,0.04705,0.12394,0.02801,0.53127,0.41907,0.40866,0.11708,0.63067,0.12013,0.39801
HCASE-02737,0.08533,0.57909,0.64338,0.11187,0.0899,0.02887,0.13516,0.59704,0.05354,0.15834,0.03904,0.15315,0.05121,0.19513
HCASE-02738,0.04058,0.12585,0.13539,0.06786,0.15148,0.09215,0.15947,0.93899,0.45287,0.05823,0.06993,0.28781,0.6397,0.04162
HCASE-02739,0.66371,0.44939,0.1938,0.13141,0.21206,0.23888,0.74353,0.52875,0.13469,0.44118,0.12718,0.10769,0.06331,0.09775
HCASE-02740,0.6689,0.55798,0.09963,0.29478,0.26477,0.6584,0.0924,0.09905,0.35566,0.0544,0.06569,0.14421,0.1022,0.59833
HCASE-02741,0.0463,0.03839,0.0496,0.14478,0.05362,0.02805,0.04106,0.30192,0.26598,0.18484,0.65415,0.94814,0.12031,0.03131
HCASE-02742,0.38242,0.67183,0.14586,0.18818,0.09264,0.17367,0.71244,0.2823,0.04746,0.23735,0.15478,0.13965,0.02933,0.10288
HCASE-02743,0.40614,0.3758,0.37256,0.14138,0.11304,0.08525,0.44768,0.59671,0.15263,0.3727,0.10218,0.08621,0.10738,0.06806
HCASE-02744,0.43012,0.29774,0.36917,0.14688,0.09807,0.10227,0.53436,0.56469,0.02069,0.4012,0.08013,0.05236,0.07514,0.17158
HCASE-02745,0.10568,0.3391,0.67471,0.08598,0.56714,0.03901,0.10481,0.80032,0.1968,0.0476,0.13991,0.12707,0.08852,0.08593
HCASE-02746,0.09716,0.03603,0.91023,0.40059,0.27604,0.15429,0.09294,0.75993,0.1541,0.03123,0.09889,0.02085,0.10633,0.09389
HCASE-02747,0.11513,0.14424,0.03703,0.0251,0.06012,0.13827,0.15338,0.92875,0.56975,0.05143,0.05594,0.53211,0.31428,0.08525
HCASE-02748,0.15654,0.75679,0.73266,0.15036,0.15066,0.08099,0.12058,0.59927,0.12926,0.07558,0.15708,0.04725,0.02765,0.07013
HCASE-02749,0.15099,0.05131,0.71585,0.63212,0.34234,0.03837,0.15072,0.53582,0.24066,0.06043,0.03841,0.10807,0.08473,0.12644
HCASE-02750,0.66027,0.12498,0.0915,0.18662,0.10079,0.19167,0.46126,0.37416,0.14016,0.47736,0.15985,0.15102,0.13815,0.29109
HCASE-02751,0.82143,0.16129,0.15818,0.0898,0.11342,0.20252,0.56577,0.52157,0.06586,0.72104,0.0275,0.11028,0.13548,0.34702
HCASE-02752,0.13983,0.14006,0.85432,0.34678,0.30691,0.03412,0.14823,0.89037,0.10328,0.14726,0.0489,0.13017,0.03443,0.10561
HCASE-02753,0.02053,0.04236,0.52951,0.70465,0.37965,0.13632,0.14797,0.58888,0.32216,0.09324,0.06253,0.0714,0.14415,0.09102
HCASE-02754,0.68039,0.07787,0.20081,0.11169,0.0511,0.02573,0.10389,0.17699,0.15837,0.65672,0.03889,0.13626,0.05907,0.7318
HCASE-02755,0.09598,0.34138,0.78225,0.04948,0.46273,0.03689,0.08215,0.78512,0.18828,0.03858,0.15413,0.11868,0.09138,0.14655
HCASE-02756,0.10223,0.55416,0.76015,0.27656,0.11307,0.05009,0.13347,0.69787,0.11836,0.14363,0.03979,0.13729,0.13826,0.1271
HCASE-02757,0.43648,0.05792,0.10256,0.15883,0.06608,0.03758,0.07886,0.28241,0.19643,0.34877,0.04259,0.31014,0.15278,0.54929
HCASE-02758,0.14462,0.22079,0.91325,0.39799,0.1421,0.02926,0.08135,0.62482,0.10746,0.04712,0.02708,0.08519,0.15017,0.0971
HCASE-02759,0.0423,0.12184,0.08409,0.14191,0.08195,0.02616,0.15086,0.79963,0.62162,0.10742,0.18048,0.8693,0.15011,0.04596
HCASE-02760,0.47796,0.45374,0.1451,0.2441,0.3154,0.39455,0.02444,0.07027,0.29143,0.18433,0.11866,0.16787,0.17474,0.54829
HCASE-02761,0.12775,0.1875,0.70505,0.21293,0.38491,0.1078,0.15111,0.70542,0.03726,0.02125,0.05868,0.12506,0.15035,0.1576
HCASE-02762,0.39788,0.47063,0.12498,0.29863,0.32934,0.43901,0.03629,0.13994,0.29903,0.04197,0.15856,0.09135,0.14015,0.514
HCASE-02763,0.05126,0.68102,0.05136,0.03852,0.14363,0.36137,0.5537,0.1595,0.14793,0.05947,0.12847,0.09421,0.13532,0.13677
HCASE-02764,0.18696,1.0,0.24162,0.0353,0.08203,0.1305,0.58757,0.25952,0.05759,0.13033,0.15881,0.14637,0.02741,0.09644
HCASE-02765,0.76655,0.47813,0.06471,0.03793,0.13903,0.43934,0.12414,0.21424,0.14752,0.26251,0.06717,0.09933,0.07616,0.68543
HCASE-02766,0.73238,0.62782,0.1637,0.09971,0.22053,0.63778,0.07421,0.11892,0.1076,0.32212,0.09352,0.0486,0.11631,0.84564
HCASE-02767,0.24764,0.53074,0.08923,0.0449,0.05163,0.84156,0.08952,0.11709,0.15038,0.12494,0.05774,0.11024,0.02449,0.39956
HCASE-02768,0.04986,0.59766,0.0856,0.07631,0.09344,0.68195,0.25928,0.02373,0.04839,0.02177,0.07978,0.09902,0.14528,0.1654
HCASE-02769,0.4907,0.36379,0.18687,0.12212,0.156,0.03925,0.70309,0.48741,0.12311,0.4175,0.06187,0.04045,0.05428,0.1366
HCASE-02770,0.11468,0.20902,0.15351,0.15863,0.06635,0.15701,0.09674,0.69672,0.11735,0.0391,0.05796,0.03615,0.67817,0.06601
HCASE-02771,0.27983,0.79067,0.20206,0.18912,0.19265,0.23218,0.78304,0.28281,0.02876,0.20409,0.059,0.09603,0.07759,0.13968
HCASE-02772,0.1332,0.78429,0.29845,0.11104,0.05194,0.13575,0.46909,0.25095,0.22042,0.02771,0.06181,0.06431,0.12022,0.15571
HCASE-02773,0.50032,0.68538,0.10683,0.12233,0.13082,0.77829,0.06295,0.14339,0.05966,0.13534,0.09242,0.13103,0.10711,0.49518
HCASE-02774,0.14623,0.03942,0.36111,0.64461,0.50016,0.15305,0.04767,0.26002,0.35919,0.08666,0.18035,0.09957,0.14015,0.05283
HCASE-02775,0.14985,0.15225,0.22088,0.11303,0.12648,0.12718,0.13816,0.38757,0.02089,0.14363,0.57482,0.60041,0.36296,0.02597
HCASE-02776,0.31624,0.50917,0.15994,0.08502,0.06926,0.80979,0.15624,0.12202,0.11849,0.07956,0.10576,0.13103,0.0642,0.37831
HCASE-02777,0.60295,0.4468,0.28902,0.07517,0.07994,0.13829,0.46226,0.63107,0.14962,0.42786,0.11339,0.12226,0.12971,0.03831
HCASE-02778,0.80981,0.19586,0.22503,0.22981,0.11262,0.12562,0.35272,0.34556,0.02964,0.65657,0.06745,0.08842,0.15715,0.62473
HCASE-02779,0.17591,0.18128,0.14218,0.89607,0.92746,0.15815,0.07672,0.12184,0.85973,0.13829,0.10724,0.13175,0.07396,0.09712
HCASE-02780,0.12131,0.55655,0.12445,0.11166,0.12317,0.5512,0.2759,0.02778,0.05453,0.18074,0.17451,0.12849,0.13439,0.03241
HCASE-02781,0.67403,0.54804,0.06424,0.1192,0.07427,0.52055,0.02908,0.18434,0.24629,0.29043,0.03939,0.15235,0.07852,0.75765
HCASE-02782,0.65524,0.58209,0.17113,0.18227,0.13105,0.50854,0.04345,0.09266,0.11234,0.29571,0.02221,0.09541,0.13449,0.66421
HCASE-02783,0.08605,0.63513,0.10586,0.14106,0.12032,0.41551,0.48364,0.10812,0.03434,0.12847,0.05869,0.12621,0.13583,0.11956
HCASE-02784,0.14627,0.05962,0.32835,0.18897,0.30552,0.17244,0.13345,0.71393,0.04259,0.09524,0.11308,0.02467,0.53041,0.15961
HCASE-02785,0.51913,0.55014,0.10953,0.37506,0.289,0.59712,0.12949,0.03517,0.31334,0.10785,0.03991,0.12675,0.02621,0.50599
HCASE-02786,0.10907,0.92656,0.10532,0.12443,0.12615,0.45283,0.65329,0.04371,0.05269,0.15514,0.04799,0.1089,0.05814,0.03396
HCASE-02787,0.42062,0.51986,0.11845,0.2288,0.33001,0.49071,0.02304,0.15513,0.26325,0.16319,0.10443,0.14442,0.18172,0.43358
HCASE-02788,0.18015,0.13289,0.23441,0.03788,0.23493,0.15373,0.12687,0.67,0.15882,0.13521,0.07388,0.09942,0.57571,0.11491
HCASE-02789,0.57629,0.79626,0.03356,0.02789,0.02158,0.88501,0.05034,0.11567,0.13093,0.11407,0.15566,0.09853,0.03962,0.80054
HCASE-02790,0.30083,0.69819,0.1312,0.1274,0.22569,1.0,0.03605,0.02887,0.13964,0.07953,0.06073,0.08637,0.09243,0.21722
HCASE-02791,0.18182,0.12603,0.09093,0.14006,0.04686,0.14048,0.09691,0.31154,0.21658,0.12905,0.48714,0.67345,0.09008,0.02414
HCASE-02792,0.65328,0.07176,0.09582,0.11613,0.04795,0.09606,0.25834,0.35604,0.07236,0.61474,0.21259,0.19154,0.10343,0.61523
HCASE-02793,0.08297,0.17212,0.06673,0.03427,0.04657,0.18316,0.04437,0.29782,0.02528,0.11023,0.58539,0.49842,0.3722,0.09389
HCASE-02794,0.24138,0.54885,0.03337,0.04723,0.14631,0.83081,0.12646,0.1419,0.09843,0.08592,0.12147,0.03966,0.06209,0.342
HCASE-02795,0.60352,0.8576,0.15252,0.12801,0.15886,0.97445,0.0554,0.11457,0.11714,0.04492,0.15822,0.06049,0.04425,0.54604
HCASE-02796,0.12509,0.07093,0.27863,0.49814,0.68179,0.1014,0.08715,0.24518,0.45792,0.09031,0.15852,0.11015,0.13282,0.03403
HCASE-02797,0.16935,0.52106,0.11553,0.07327,0.10702,0.05368,0.70135,0.27428,0.05844,0.29018,0.08025,0.06427,0.12392,0.23859
HCASE-02798,0.08073,0.31072,0.75774,0.11698,0.55873,0.06887,0.02294,0.90591,0.13754,0.06735,0.10178,0.10384,0.14253,0.15691
HCASE-02799,0.0719,0.59334,0.87061,0.10006,0.1949,0.08796,0.06413,0.79056,0.08796,0.14638,0.14638,0.10686,0.07511,0.14323
HCASE-02800,0.65199,0.72831,0.10214,0.02869,0.12271,0.7924,0.10006,0.1582,0.12229,0.13777,0.05854,0.09724,0.09367,0.89192
HCASE-02801,0.05181,0.06219,0.3961,0.78388,0.59071,0.11667,0.09362,0.26966,0.58294,0.11216,0.13848,0.14592,0.03386,0.1671
HCASE-02802,0.14815,0.06067,0.13814,0.03642,0.05303,0.03957,0.12364,0.28628,0.33404,0.14773,0.62192,0.86907,0.14836,0.11797
HCASE-02803,0.80015,0.50391,0.06484,0.09592,0.14532,0.57922,0.13823,0.10083,0.1457,0.25381,0.14206,0.06856,0.04375,1.0
HCASE-02804,0.11268,0.3858,0.72264,0.05147,0.49475,0.09384,0.08848,0.90284,0.17292,0.14813,0.14725,0.07753,0.14421,0.06924
HCASE-02805,0.11779,0.30455,0.89854,0.15946,0.58159,0.04796,0.10104,0.84982,0.15447,0.02279,0.07905,0.06777,0.08899,0.09607
HCASE-02806,0.24856,0.34876,0.03829,0.54197,0.63577,0.27514,0.12229,0.12531,0.50895,0.03906,0.11604,0.11351,0.13118,0.4437
HCASE-02807,0.1517,0.94943,0.61973,0.11392,0.12031,0.07059,0.31642,0.64175,0.07051,0.08424,0.07472,0.08014,0.1021,0.03463
HCASE-02808,0.10978,0.74647,0.24561,0.04566,0.11853,0.35006,0.48075,0.19389,0.08866,0.04706,0.04196,0.08063,0.09464,0.11365
HCASE-02809,0.09214,0.08529,0.54245,0.14078,0.51913,0.11699,0.13903,0.87325,0.14566,0.02165,0.03841,0.10336,0.42526,0.11684
HCASE-02810,0.46096,0.54633,0.105,0.11456,0.02144,0.71459,0.11432,0.09978,0.05854,0.03247,0.15376,0.06334,0.10783,0.45277
HCASE-02811,0.05858,0.11134,0.56167,0.07771,0.51167,0.13879,0.09806,0.81778,0.15333,0.12145,0.10483,0.08521,0.4222,0.04129
HCASE-02812,0.09309,0.18966,0.13569,0.16275,0.16787,0.12017,0.04403,0.69222,0.39564,0.11557,0.05821,0.40004,0.36706,0.10044
HCASE-02813,0.02597,0.15328,0.12949,0.09758,0.08267,0.08164,0.13344,0.55265,0.58348,0.09976,0.26036,0.64331,0.09897,0.06275
HCASE-02814,0.75881,0.30888,0.09431,0.13869,0.11381,0.30849,0.05005,0.15513,0.07705,0.48521,0.04003,0.06316,0.05034,0.92409
HCASE-02815,0.02986,0.04909,0.10241,0.14216,0.02742,0.04209,0.04085,0.80985,0.10388,0.20898,0.17406,0.15187,0.88062,0.12083
HCASE-02816,0.18258,0.55838,0.11241,0.1209,0.11666,0.05586,0.6911,0.32331,0.04043,0.2461,0.13098,0.17648,0.13626,0.03757
HCASE-02817,0.05001,0.5893,0.09721,0.02039,0.03675,0.74008,0.2466,0.09422,0.08501,0.08218,0.14864,0.1078,0.12852,0.12474
HCASE-02818,0.19388,0.25134,0.78607,0.42982,0.13822,0.1416,0.05422,0.53862,0.0449,0.15723,0.10826,0.0485,0.03997,0.0222
HCASE-02819,0.06329,0.0984,0.11739,0.06649,0.1219,0.06614,0.02309,0.27698,0.14566,0.11595,0.57504,0.51757,0.33123,0.22533
HCASE-02820,0.19111,0.12752,0.19119,0.15448,0.17982,0.21569,0.11888,0.36713,0.2959,0.12771,0.59397,0.87534,0.03826,0.09771
HCASE-02821,0.32993,0.0469,0.09801,0.06571,0.05389,0.09731,0.046,0.62159,0.56716,0.2176,0.15449,0.61208,0.13095,0.29163
HCASE-02822,0.76956,0.58628,0.0828,0.11816,0.0386,0.56034,0.09202,0.08516,0.02569,0.30022,0.0756,0.1289,0.1261,0.98071
HCASE-02823,0.10484,0.11591,0.02452,0.05016,0.02948,0.035,0.1301,0.73557,0.63825,0.23158,0.13286,0.71336,0.16722,0.08434
HCASE-02824,0.02904,0.118,0.22412,0.6328,0.77759,0.13959,0.07547,0.13775,0.65656,0.03313,0.15502,0.04828,0.05405,0.15182
HCASE-02825,0.40504,0.70223,0.03838,0.06128,0.06064,0.22705,0.77919,0.23445,0.08894,0.31509,0.15204,0.10723,0.05519,0.02866
HCASE-02826,0.51528,0.13396,0.11008,0.06249,0.13886,0.14644,0.12461,0.25189,0.19623,0.42942,0.03764,0.28149,0.08595,0.51081
HCASE-02827,0.09379,0.72551,0.51506,0.03842,0.15321,0.054,0.25237,0.37718,0.14428,0.1639,0.16664,0.15492,0.12031,0.05659
HCASE-02828,0.08577,0.49828,0.88966,0.07974,0.22995,0.1178,0.02115,0.79898,0.05466,0.05326,0.04439,0.14431,0.02294,0.06493
HCASE-02829,0.16315,0.76087,0.21996,0.10335,0.22009,1.0,0.10144,0.03667,0.04283,0.06498,0.09994,0.11732,0.02918,0.06318
HCASE-02830,0.66005,0.87783,0.1054,0.07843,0.03331,1.0,0.15743,0.13311,0.09061,0.07702,0.13827,0.14938,0.134,0.57059
HCASE-02831,0.05167,0.14659,0.035,0.13465,0.11359,0.02626,0.04165,0.30443,0.08538,0.19701,0.62241,0.59353,0.35607,0.02739
HCASE-02832,0.14118,0.68256,0.13592,0.1389,0.04484,0.96127,0.10457,0.16615,0.10358,0.04927,0.04739,0.14742,0.09612,0.07647
HCASE-02833,0.38834,0.32669,0.02939,0.55872,0.49235,0.3113,0.05869,0.15855,0.44514,0.12655,0.05348,0.07282,0.07444,0.33045
HCASE-02834,0.1786,0.51845,0.05419,0.08048,0.0428,0.6807,0.13888,0.14591,0.1469,0.18099,0.1286,0.11704,0.16025,0.19886
HCASE-02835,0.32454,0.54435,0.06996,0.18789,0.07575,0.84076,0.0932,0.1533,0.0796,0.0266,0.1177,0.07532,0.13788,0.27078
HCASE-02836,0.07121,0.123,0.10662,0.02815,0.06503,0.12678,0.14618,0.26898,0.27266,0.05875,0.56153,0.7048,0.10624,0.15017
HCASE-02837,0.14407,0.23619,0.74418,0.06033,0.50596,0.05795,0.13642,0.75899,0.0262,0.12213,0.03929,0.05225,0.08378,0.09475
HCASE-02838,0.14722,0.89198,0.37597,0.05342,0.09194,0.05157,0.50606,0.36364,0.03449,0.11952,0.11331,0.0502,0.03892,0.06829
HCASE-02839,0.58957,0.65244,0.13321,0.47546,0.39863,0.53467,0.09126,0.15304,0.27093,0.14501,0.1036,0.13829,0.11084,0.53947
HCASE-02840,0.32411,0.0951,0.14665,0.0696,0.06721,0.07918,0.02336,0.66248,0.59581,0.31341,0.05969,0.57694,0.06874,0.39265
HCASE-02841,0.0517,0.09745,0.11655,0.04053,0.02232,0.15057,0.06538,0.32451,0.32717,0.2087,0.55723,0.73326,0.12066,0.08337
HCASE-02842,0.29988,0.64887,0.08879,0.0483,0.05107,0.11632,0.73296,0.36797,0.11854,0.21283,0.03811,0.04516,0.03582,0.1128
HCASE-02843,0.21184,0.0242,0.10502,0.15575,0.02715,0.04219,0.06467,0.51457,0.51445,0.35171,0.16466,0.58373,0.20266,0.38409
HCASE-02844,0.29456,0.54627,0.20084,0.14828,0.13457,0.02779,0.6978,0.28249,0.04247,0.27136,0.10045,0.03514,0.06018,0.07914
HCASE-02845,0.20349,0.15745,0.22586,0.81036,0.7537,0.13646,0.04701,0.05638,0.68332,0.05489,0.08186,0.13433,0.04957,0.05858
HCASE-02846,0.11602,0.845,0.1329,0.10973,0.21813,0.76854,0.26114,0.06447,0.02594,0.11371,0.11826,0.09185,0.10937,0.05
HCASE-02847,0.53889,0.74904,0.09809,0.05887,0.06344,1.0,0.07588,0.03558,0.06553,0.03178,0.0935,0.09403,0.04272,0.504
HCASE-02848,0.43038,0.31999,0.33374,0.14368,0.10583,0.07332,0.42854,0.64439,0.02893,0.36268,0.03036,0.03469,0.11167,0.12778
HCASE-02849,0.25612,0.60636,0.10491,0.02718,0.10432,0.06252,0.63503,0.23864,0.07892,0.20781,0.11915,0.03663,0.08387,0.2144
HCASE-02850,0.0605,0.11152,0.14379,0.13438,0.1436,0.093,0.15711,0.76023,0.58559,0.23659,0.15387,0.78915,0.22651,0.13397
HCASE-02851,0.3921,0.76957,0.08401,0.13775,0.05079,0.20348,0.83606,0.23596,0.11593,0.31444,0.04791,0.15665,0.05516,0.03947
HCASE-02852,0.15853,1.0,0.13003,0.0915,0.15923,0.46716,0.57868,0.09995,0.05751,0.15719,0.08204,0.05369,0.03635,0.13916
HCASE-02853,0.18552,0.92151,0.38288,0.10231,0.1003,0.10446,0.56765,0.30618,0.10834,0.0486,0.10058,0.05769,0.1344,0.02732
HCASE-02854,0.64731,0.94136,0.1584,0.10904,0.05852,0.8521,0.11153,0.04653,0.04313,0.06154,0.02475,0.12424,0.13307,0.5155
HCASE-02855,0.0763,0.58757,0.83681,0.24982,0.08517,0.14466,0.05729,0.78537,0.02332,0.11223,0.05528,0.13979,0.04009,0.14825
HCASE-02856,0.57409,0.3955,0.34776,0.16917,0.15468,0.21164,0.46758,0.67403,0.06996,0.43921,0.08335,0.11325,0.12986,0.09219
HCASE-02857,0.67145,0.88599,0.15355,0.15813,0.14045,0.95791,0.05587,0.0721,0.14485,0.11353,0.11887,0.0882,0.07107,0.54073
HCASE-02858,0.13803,0.21894,0.28987,0.46469,0.76251,0.14877,0.09603,0.28125,0.55862,0.10928,0.1151,0.08765,0.12681,0.04526
HCASE-02859,0.56648,0.79612,0.0901,0.07453,0.10183,0.86746,0.03974,0.14124,0.11253,0.09732,0.15422,0.14308,0.09488,0.58365
HCASE-02860,0.03649,0.03175,0.18888,0.0608,0.26007,0.11956,0.06963,0.77415,0.05115,0.12074,0.1535,0.22435,0.66911,0.04124
HCASE-02861,0.12305,0.0342,0.12005,0.12592,0.02654,0.15932,0.15345,0.80789,0.04468,0.1048,0.1883,0.20088,0.9333,0.09675
HCASE-02862,0.13053,0.73554,0.05913,0.04876,0.0857,0.3904,0.42963,0.04277,0.10903,0.05711,0.03616,0.03878,0.13088,0.05105
HCASE-02863,0.07045,0.15369,0.23829,0.50951,0.46431,0.0737,0.15124,0.24385,0.52833,0.10162,0.14802,0.203,0.122,0.12812
HCASE-02864,0.03278,0.80926,0.6098,0.0273,0.15894,0.05982,0.30331,0.54085,0.11326,0.07987,0.15383,0.11624,0.13352,0.14955
HCASE-02865,0.55579,0.57437,0.1414,0.28325,0.37035,0.62845,0.12404,0.21224,0.46077,0.1591,0.0979,0.13802,0.12298,0.55024
HCASE-02866,0.69219,0.04581,0.05994,0.11058,0.04587,0.09342,0.34421,0.23628,0.03688,0.73786,0.145,0.15091,0.19509,0.63315
HCASE-02867,0.08251,0.0603,0.36073,0.66215,0.55102,0.142,0.12746,0.22992,0.46122,0.03103,0.08213,0.02241,0.06139,0.16766
HCASE-02868,0.61234,0.53202,0.21574,0.41624,0.47717,0.64851,0.11508,0.08306,0.2437,0.07942,0.07612,0.05469,0.08983,0.57923
HCASE-02869,0.02626,0.07019,0.3188,0.03475,0.31863,0.11022,0.13476,0.81769,0.15914,0.14048,0.20036,0.19252,0.61633,0.14677
HCASE-02870,0.70664,0.31969,0.1294,0.12928,0.06039,0.3394,0.15095,0.10908,0.15973,0.39453,0.1378,0.15998,0.10871,0.69983
HCASE-02871,0.16882,0.06838,0.13544,0.10905,0.13329,0.12835,0.09889,0.29397,0.23636,0.14626,0.45283,0.80318,0.06288,0.14525
HCASE-02872,0.76994,0.14408,0.2174,0.06968,0.1123,0.05695,0.68021,0.72983,0.0229,0.64632,0.08485,0.12606,0.03384,0.09394
HCASE-02873,0.58917,0.68002,0.05003,0.07669,0.03911,0.65593,0.10768,0.0316,0.12463,0.08814,0.08532,0.12283,0.0461,0.55829
HCASE-02874,0.6055,0.56721,0.19392,0.46986,0.42972,0.63428,0.15189,0.05284,0.3404,0.13116,0.14139,0.03191,0.03556,0.5076
HCASE-02875,0.13361,0.12425,0.71396,0.09967,0.67228,0.07264,0.03189,0.71559,0.02398,0.06519,0.10861,0.06268,0.07368,0.21773
HCASE-02876,0.04693,0.15723,0.32698,0.52383,0.72651,0.12526,0.09248,0.32957,0.43771,0.11696,0.02303,0.02715,0.0801,0.11341
HCASE-02877,0.08442,0.02634,0.10929,0.04182,0.09577,0.03774,0.15701,0.84433,0.75855,0.16026,0.15548,0.75651,0.16024,0.10401
HCASE-02878,0.78367,0.09406,0.15915,0.07136,0.1318,0.18428,0.46171,0.4525,0.06121,0.61618,0.13528,0.03574,0.07076,0.35956
HCASE-02879,0.10207,0.1353,0.94141,0.53097,0.34164,0.14857,0.0499,0.89266,0.181,0.07785,0.05509,0.1379,0.13043,0.02237
HCASE-02880,0.09263,0.6818,0.17831,0.21104,0.08471,0.81059,0.27861,0.06753,0.09227,0.07905,0.11544,0.15288,0.08194,0.10725
HCASE-02881,0.43946,0.23177,0.27929,0.14936,0.12787,0.02699,0.41397,0.48832,0.08148,0.44003,0.0838,0.04068,0.13111,0.1877
HCASE-02882,0.23842,0.06131,0.07894,0.1409,0.06022,0.15668,0.09989,0.56594,0.57928,0.22266,0.13127,0.4717,0.09897,0.37306
HCASE-02883,0.2506,0.58514,0.04286,0.13959,0.02742,0.76159,0.13572,0.10952,0.08495,0.12976,0.15184,0.15241,0.11265,0.3004
HCASE-02884,0.09096,0.02826,0.20617,0.126,0.05063,0.06522,0.06404,0.47156,0.40806,0.12475,0.29527,0.74941,0.07547,0.08892
HCASE-02885,0.05644,0.02341,0.14796,0.10214,0.10577,0.05889,0.1374,0.84205,0.40369,0.08437,0.07661,0.28468,0.59705,0.12906
HCASE-02886,0.1026,0.04624,0.84312,0.42553,0.3517,0.10372,0.14383,0.89218,0.19157,0.04455,0.06397,0.12103,0.14806,0.06788
HCASE-02887,0.05432,0.58333,0.97761,0.23699,0.1086,0.044,0.14713,0.79502,0.0213,0.13484,0.09277,0.0515,0.14409,0.11039
HCASE-02888,0.11322,0.2621,0.72663,0.14998,0.39559,0.13679,0.02427,0.58473,0.12476,0.17962,0.18366,0.12092,0.16562,0.13563
HCASE-02889,0.84163,0.71217,0.09856,0.06607,0.11108,0.61458,0.10382,0.13792,0.05882,0.26905,0.05162,0.15146,0.10654,0.8429
HCASE-02890,0.08645,0.09521,0.09401,0.02691,0.06158,0.15899,0.14836,0.25217,0.32863,0.13367,0.73143,0.87253,0.22462,0.1102
HCASE-02891,0.13394,0.38335,0.83712,0.46095,0.05701,0.06481,0.05901,0.82662,0.13994,0.05249,0.13335,0.10539,0.10277,0.11418
HCASE-02892,0.10535,0.15846,0.11883,0.07255,0.11762,0.05052,0.09854,0.32406,0.03028,0.10807,0.73091,0.74684,0.385,0.03044
HCASE-02893,0.10676,0.06138,0.13975,0.08532,0.10713,0.13448,0.08546,0.61405,0.37494,0.10352,0.32414,0.71582,0.03149,0.0274
HCASE-02894,0.61649,0.14328,0.15436,0.14692,0.13315,0.07143,0.38723,0.45769,0.18814,0.45923,0.08316,0.07058,0.14397,0.26576
HCASE-02895,0.08431,0.122,0.3029,0.13105,0.28721,0.09934,0.02324,0.90859,0.23557,0.10168,0.03819,0.07171,0.6721,0.08246
HCASE-02896,0.54985,0.77939,0.09064,0.07261,0.04329,0.81627,0.09382,0.17789,0.24725,0.07572,0.09091,0.09623,0.14832,0.62582
HCASE-02897,0.0506,0.79155,0.12979,0.11456,0.09832,0.32642,0.50621,0.17285,0.08639,0.15115,0.02725,0.05668,0.12416,0.07224
HCASE-02898,0.02053,0.05846,0.39007,0.678,0.51899,0.04569,0.03608,0.31551,0.50511,0.1019,0.0487,0.06259,0.03697,0.10785
HCASE-02899,0.77408,0.55546,0.20738,0.1188,0.19099,0.57349,0.06482,0.06184,0.07011,0.23294,0.0335,0.14383,0.1524,0.6737
HCASE-02900,0.47946,0.10072,0.05539,0.12711,0.12504,0.07805,0.06277,0.37388,0.33209,0.49815,0.09732,0.28822,0.12955,0.55999
HCASE-02901,0.48294,0.03886,0.11557,0.08567,0.13461,0.03515,0.10301,0.29015,0.20635,0.41714,0.0691,0.3036,0.05772,0.55318
HCASE-02902,0.02286,0.08097,0.02324,0.09095,0.08255,0.03453,0.10362,0.7296,0.41691,0.14028,0.11901,0.57786,0.41792,0.13943
HCASE-02903,0.23561,0.03117,0.05578,0.04937,0.15862,0.09648,0.13758,0.66886,0.51887,0.25966,0.13215,0.49635,0.07203,0.33253
HCASE-02904,0.0625,0.0362,0.15588,0.07617,0.07823,0.05524,0.08931,0.25505,0.14386,0.17715,0.60562,0.69134,0.36896,0.06695
HCASE-02905,0.14425,0.58742,0.02432,0.13128,0.11627,0.61179,0.34317,0.03664,0.1518,0.08028,0.11314,0.02561,0.08223,0.2224
HCASE-02906,0.5231,0.38961,0.11345,0.33616,0.3155,0.44601,0.10461,0.19491,0.35881,0.05306,0.02931,0.10822,0.15307,0.42957
HCASE-02907,0.49095,0.66379,0.12005,0.10274,0.0779,0.85514,0.10461,0.11304,0.06496,0.03048,0.04127,0.04709,0.04578,0.66679
HCASE-02908,0.07478,0.02624,0.52946,0.07635,0.53594,0.0698,0.03229,0.82053,0.16176,0.0407,0.04755,0.05278,0.30235,0.11198
HCASE-02909,0.21673,0.78675,0.21689,0.11228,0.15512,1.0,0.1259,0.02633,0.03973,0.11902,0.07642,0.0705,0.02078,0.06168
HCASE-02910,0.08285,0.06684,0.30657,0.08544,0.27448,0.0414,0.07913,0.7021,0.10113,0.03247,0.14585,0.07632,0.58385,0.06404
HCASE-02911,0.69116,0.66926,0.15031,0.30279,0.29681,0.56624,0.03111,0.1263,0.26378,0.07911,0.1346,0.10615,0.10233,0.50774
HCASE-02912,0.1628,0.16317,0.41669,0.19735,0.44214,0.08044,0.08103,0.67028,0.02683,0.14756,0.07017,0.15255,0.30519,0.09774
HCASE-02913,0.10393,0.13562,0.14178,0.15692,0.04554,0.09863,0.06879,0.61175,0.60434,0.06027,0.14975,0.65203,0.15213,0.08654
HCASE-02914,0.11598,0.04006,0.11869,0.1124,0.03449,0.08177,0.08608,0.92816,0.83763,0.11153,0.0772,0.78035,0.10668,0.04464
HCASE-02915,0.14696,0.12509,0.41976,0.03909,0.36103,0.15654,0.03659,0.61014,0.1549,0.04494,0.03147,0.09052,0.35085,0.15749
HCASE-02916,0.14107,0.70403,0.05169,0.05896,0.0318,0.71949,0.37669,0.04483,0.11423,0.23573,0.17429,0.15942,0.23869,0.06889
HCASE-02917,0.65534,0.82934,0.12636,0.2435,0.149,0.96195,0.03307,0.11302,0.14715,0.03353,0.15241,0.14258,0.02689,0.63303
HCASE-02918,0.0467,0.95982,0.22721,0.13891,0.11117,0.08183,0.79247,0.13263,0.13375,0.15768,0.07743,0.15383,0.0617,0.10584
HCASE-02919,0.73171,0.50717,0.08889,0.08704,0.04947,0.51486,0.04378,0.16832,0.22751,0.34517,0.11379,0.06008,0.09976,0.88566
HCASE-02920,0.05885,0.15997,0.91008,0.49594,0.06941,0.14145,0.02364,0.6137,0.13146,0.0355,0.04374,0.12,0.07618,0.11714
HCASE-02921,0.17816,0.17005,0.1457,0.07061,0.11324,0.09198,0.06424,0.75144,0.21981,0.07437,0.12547,0.25913,0.47855,0.14547
HCASE-02922,0.87903,0.1822,0.04365,0.12788,0.07659,0.10208,0.27492,0.32854,0.08901,0.68982,0.1201,0.02806,0.06129,0.63188
HCASE-02923,0.21539,0.89437,0.13228,0.10897,0.13841,0.45049,0.50085,0.11244,0.09522,0.10702,0.04002,0.07405,0.11027,0.09296
HCASE-02924,0.12456,0.25709,0.89075,0.39708,0.07436,0.14904,0.07996,0.7374,0.22805,0.02433,0.11824,0.12643,0.0943,0.13276
HCASE-02925,0.06771,0.25753,0.87667,0.12665,0.55528,0.15449,0.11439,0.80215,0.08313,0.14071,0.12312,0.02447,0.09852,0.1182
HCASE-02926,0.57059,0.57135,0.15888,0.38422,0.354,0.55599,0.15206,0.03211,0.24229,0.11791,0.10594,0.14001,0.05185,0.42928
HCASE-02927,0.08514,0.8436,0.23142,0.07408,0.08465,0.02041,0.51686,0.22006,0.03863,0.10904,0.15943,0.06364,0.04207,0.21817
HCASE-02928,0.11513,0.05282,0.02652,0.13928,0.0771,0.13402,0.08949,0.33205,0.14637,0.12407,0.59104,0.43953,0.39884,0.05899
HCASE-02929,0.73567,0.31399,0.08759,0.06627,0.0399,0.25066,0.11004,0.07398,0.14648,0.5341,0.11743,0.11178,0.18466,0.73885
HCASE-02930,0.11841,0.04615,0.83105,0.27425,0.49438,0.08064,0.05751,0.80356,0.23637,0.10335,0.0361,0.08588,0.03614,0.08488
HCASE-02931,0.07585,0.12395,0.0887,0.02859,0.14258,0.128,0.04916,0.33308,0.23083,0.17194,0.63907,0.80842,0.10261,0.07287
HCASE-02932,0.13009,0.08015,0.21635,0.03333,0.27542,0.12441,0.10709,0.76323,0.15387,0.0964,0.09504,0.14321,0.56985,0.27401
HCASE-02933,0.08675,0.03474,0.63124,0.06359,0.53878,0.06766,0.04375,0.76211,0.07548,0.15,0.09256,0.15777,0.29772,0.07655
HCASE-02934,0.12251,0.13022,0.21562,0.09777,0.32507,0.15597,0.09864,0.69996,0.12359,0.15397,0.02149,0.03116,0.51903,0.15915
HCASE-02935,0.66418,0.35609,0.03992,0.02721,0.08098,0.3984,0.09679,0.07468,0.02214,0.49424,0.08983,0.10568,0.0449,0.75638
HCASE-02936,0.05867,0.67214,0.42474,0.09354,0.05694,0.13002,0.32229,0.35993,0.09981,0.13666,0.11624,0.15835,0.18828,0.03909
HCASE-02937,0.17241,0.07182,0.12201,0.10014,0.21086,0.12731,0.14088,0.27165,0.2471,0.12345,0.55195,0.72764,0.04788,0.09434
HCASE-02938,0.0624,0.60861,0.14996,0.02202,0.06503,0.72529,0.29778,0.10767,0.04463,0.15717,0.02201,0.04948,0.06299,0.20757
HCASE-02939,0.13735,0.14715,0.75245,0.27722,0.51055,0.15696,0.15388,0.84859,0.13763,0.06629,0.13612,0.07406,0.06581,0.06932
HCASE-02940,0.15673,0.15509,0.28802,0.101,0.24754,0.12929,0.03605,0.7349,0.03949,0.21123,0.11823,0.12815,0.54864,0.11807
HCASE-02941,0.12962,0.13626,0.76385,0.38962,0.27638,0.17821,0.1363,0.70183,0.13055,0.02021,0.05683,0.10224,0.13504,0.03681
HCASE-02942,0.05845,0.09846,0.79265,0.55259,0.12287,0.12777,0.14169,0.6234,0.1383,0.12106,0.14756,0.15035,0.06775,0.10462
HCASE-02943,0.57051,0.8323,0.15531,0.13986,0.16056,0.90672,0.08019,0.02919,0.13726,0.03747,0.09053,0.15226,0.08924,0.42477
HCASE-02944,0.95678,0.63926,0.03156,0.06055,0.08229,0.63642,0.0993,0.08254,0.05299,0.38153,0.11049,0.12633,0.10588,0.89689
HCASE-02945,0.2351,0.51591,0.09055,0.07204,0.08815,0.77867,0.15077,0.15005,0.05533,0.12807,0.08047,0.10489,0.12452,0.40659
HCASE-02946,0.11309,0.07048,0.15656,0.15661,0.02532,0.11358,0.11947,0.63691,0.64057,0.13184,0.1397,0.85098,0.19417,0.13714
HCASE-02947,0.37552,0.71147,0.14977,0.08065,0.03114,0.18434,0.7464,0.2053,0.10257,0.32017,0.02418,0.12056,0.03948,0.04172
HCASE-02948,0.11956,0.18748,0.52914,0.02791,0.5179,0.18066,0.04956,0.71999,0.11785,0.1477,0.13328,0.11102,0.28339,0.14174
HCASE-02949,0.14363,0.1359,0.43677,0.02791,0.49358,0.20855,0.04535,0.61583,0.11318,0.13324,0.04066,0.14065,0.33134,0.04676
HCASE-02950,0.13057,0.04371,0.32178,0.74346,0.51026,0.12583,0.15723,0.26625,0.50116,0.1184,0.14727,0.10195,0.15099,0.28743
HCASE-02951,0.77766,0.10283,0.10921,0.11097,0.14921,0.11137,0.47695,0.53673,0.06865,0.60605,0.15105,0.02126,0.15826,0.32921
HCASE-02952,0.16809,0.1521,0.75331,0.23521,0.47595,0.18526,0.08381,0.68231,0.06811,0.02601,0.1052,0.09033,0.06105,0.0408
HCASE-02953,0.19862,0.56583,0.08276,0.0646,0.02272,0.75288,0.02721,0.06892,0.10407,0.13267,0.09217,0.14831,0.05875,0.28296
HCASE-02954,0.10905,0.03106,0.78602,0.19718,0.57493,0.02137,0.10727,0.73456,0.08383,0.06727,0.14889,0.06849,0.11999,0.07031
HCASE-02955,0.16908,0.88997,0.30388,0.10262,0.13706,0.10086,0.58175,0.25973,0.07414,0.05224,0.11063,0.10483,0.11539,0.07236
HCASE-02956,0.52778,0.19511,0.1979,0.15742,0.17839,0.20919,0.11795,0.23895,0.30871,0.50249,0.0332,0.21374,0.05409,0.54044
HCASE-02957,0.13883,0.10862,0.147,0.05604,0.1453,0.13162,0.07716,0.33872,0.07674,0.16952,0.63927,0.77328,0.41782,0.10794
HCASE-02958,0.05734,0.06416,0.30518,0.55004,0.42962,0.10383,0.04564,0.26709,0.50025,0.06494,0.14443,0.06145,0.0434,0.07837
HCASE-02959,0.09304,0.82208,0.2174,0.22679,0.14523,0.43029,0.58548,0.08963,0.14567,0.14978,0.13983,0.04015,0.06254,0.09592
HCASE-02960,0.64197,0.27787,0.07521,0.08672,0.19367,0.29685,0.09575,0.05992,0.14532,0.46974,0.07669,0.12161,0.13727,0.71056
HCASE-02961,0.09176,0.56093,0.10836,0.02346,0.14984,0.90965,0.15852,0.04365,0.06165,0.11178,0.11458,0.09094,0.1317,0.12021
HCASE-02962,0.78104,0.51687,0.02926,0.07455,0.04255,0.64041,0.1244,0.03412,0.12007,0.37351,0.13025,0.02644,0.15416,0.80519
HCASE-02963,0.03848,0.09444,0.38515,0.65522,0.52825,0.12473,0.02384,0.30022,0.44282,0.03043,0.09511,0.08227,0.13844,0.18039
HCASE-02964,0.09833,0.14268,0.3912,0.67698,0.46719,0.0713,0.03708,0.1788,0.4704,0.07235,0.05455,0.06317,0.13396,0.09935
HCASE-02965,0.06896,0.11005,0.13339,0.14596,0.15667,0.11864,0.14368,0.31827,0.12739,0.14874,0.58726,0.49623,0.34577,0.05538
HCASE-02966,0.12126,0.12619,0.81331,0.29034,0.57318,0.13423,0.05973,0.85369,0.1625,0.0254,0.04519,0.12678,0.06023,0.05711
HCASE-02967,0.07908,0.31527,0.66175,0.08161,0.4104,0.17586,0.06394,0.54917,0.10499,0.11606,0.07402,0.06672,0.04931,0.03212
HCASE-02968,0.47459,0.43097,0.0435,0.24507,0.31236,0.47173,0.06531,0.17406,0.29727,0.05951,0.10389,0.1208,0.03729,0.40782
HCASE-02969,0.65269,0.11425,0.15244,0.05519,0.14771,0.0674,0.41252,0.50412,0.12106,0.56369,0.11317,0.12285,0.03858,0.29627
HCASE-02970,0.67589,0.77422,0.10608,0.06319,0.10479,1.0,0.15525,0.10242,0.07323,0.05757,0.14443,0.05338,0.12966,0.57794
HCASE-02971,0.12693,0.09248,0.25002,0.02557,0.28516,0.1069,0.15902,0.91718,0.14358,0.02445,0.14471,0.12803,0.67394,0.13688
HCASE-02972,0.60264,0.81639,0.14054,0.20855,0.17358,0.82142,0.08505,0.10028,0.04388,0.02691,0.06016,0.12766,0.08501,0.40505
HCASE-02973,0.08644,0.04873,0.14094,0.12031,0.12328,0.14891,0.07369,0.39814,0.16201,0.1492,0.49722,0.48806,0.33729,0.04854
HCASE-02974,0.04258,0.13532,0.0442,0.08845,0.05849,0.15111,0.15648,0.74032,0.51385,0.15548,0.23038,0.61251,0.43098,0.15102
HCASE-02975,0.07937,0.81979,0.40329,0.09697,0.1221,0.0858,0.25722,0.38965,0.14402,0.03692,0.05215,0.03676,0.11659,0.06615
HCASE-02976,0.16776,0.7877,0.20215,0.16266,0.21724,1.0,0.09599,0.09117,0.06954,0.14076,0.12807,0.03955,0.02619,0.10735
HCASE-02977,0.14005,0.78852,0.13369,0.06926,0.11233,1.0,0.07101,0.23041,0.16449,0.14337,0.09702,0.09936,0.14361,0.1487
HCASE-02978,0.56373,0.21333,0.15179,0.11559,0.11719,0.22081,0.05461,0.19588,0.10519,0.46355,0.14881,0.09726,0.06065,0.70436
HCASE-02979,0.11264,0.19166,0.06648,0.14794,0.07978,0.18653,0.07994,0.2452,0.23969,0.15994,0.56886,0.75125,0.03989,0.05264
HCASE-02980,0.07908,0.1017,0.2797,0.08638,0.26938,0.13004,0.0941,0.71998,0.16193,0.14424,0.10907,0.06271,0.55024,0.11803
HCASE-02981,0.29498,0.52877,0.06045,0.07605,0.07017,0.85855,0.04068,0.11247,0.12828,0.1268,0.06148,0.0997,0.07108,0.382
HCASE-02982,0.08921,0.30493,0.62656,0.15162,0.51689,0.03674,0.08064,0.75261,0.10051,0.09494,0.14179,0.15384,0.02422,0.12852
HCASE-02983,0.08568,0.82559,0.2259,0.09538,0.07333,0.12732,0.75629,0.09037,0.03983,0.02486,0.04714,0.06446,0.11526,0.13131
HCASE-02984,0.47575,0.46201,0.05447,0.27074,0.37622,0.44977,0.02359,0.13222,0.41251,0.14116,0.04648,0.02206,0.09411,0.57198
HCASE-02985,0.2056,0.18655,0.27976,0.44438,0.62206,0.10386,0.11815,0.27776,0.48969,0.15548,0.04065,0.1315,0.15927,0.0223
HCASE-02986,0.14398,0.7079,0.45569,0.09585,0.03271,0.08693,0.30264,0.39049,0.14816,0.05499,0.053,0.03173,0.10425,0.15993
HCASE-02987,0.07074,0.92765,0.86532,0.10399,0.08916,0.10654,0.03017,0.8168,0.09589,0.13855,0.14619,0.03214,0.03883,0.0265
HCASE-02988,0.05232,0.07511,0.56311,0.60498,0.3101,0.0735,0.07829,0.54936,0.37986,0.14525,0.09559,0.07901,0.14313,0.13852
HCASE-02989,0.09469,0.02936,0.0291,0.15206,0.14759,0.14212,0.08777,0.79732,0.06644,0.24198,0.20007,0.13473,0.98782,0.1444
HCASE-02990,0.14974,0.28844,0.66437,0.08571,0.49033,0.11982,0.10285,0.82383,0.2063,0.08926,0.03239,0.05635,0.09032,0.13339
HCASE-02991,0.05868,0.45183,0.5771,0.0247,0.1876,0.02827,0.14509,0.52192,0.10103,0.05119,0.06609,0.13158,0.13878,0.11678
HCASE-02992,0.0663,0.02468,0.04777,0.15771,0.15953,0.05741,0.12574,0.26605,0.24202,0.11973,0.69333,0.91475,0.13221,0.10716
HCASE-02993,0.33014,0.61144,0.16886,0.15181,0.14242,0.11674,0.80883,0.31571,0.0413,0.27282,0.09469,0.13522,0.1291,0.12342
HCASE-02994,0.09433,0.03068,0.11069,0.03264,0.12825,0.08629,0.12046,0.78057,0.29607,0.15654,0.12237,0.33828,0.60001,0.05647
HCASE-02995,0.36567,0.74341,0.12997,0.13102,0.10325,0.1531,0.74045,0.30568,0.15515,0.22495,0.04353,0.0413,0.14124,0.13809
HCASE-02996,0.10224,0.05223,0.11801,0.10812,0.06207,0.11892,0.03789,0.67601,0.668,0.1806,0.21108,0.76275,0.12216,0.11646
HCASE-02997,0.16855,0.73603,0.1258,0.15725,0.18258,0.74332,0.28566,0.09749,0.10542,0.10934,0.12959,0.07094,0.13286,0.02636
HCASE-02998,0.56329,0.7313,0.05107,0.0747,0.04697,0.91878,0.0614,0.12326,0.12583,0.07857,0.02079,0.02128,0.02437,0.64368
HCASE-02999,0.19937,0.18631,0.69927,0.21469,0.5,0.17916,0.15006,0.73035,0.10137,0.12713,0.14061,0.1217,0.04621,0.15566
HCASE-03000,0.70421,0.32369,0.0883,0.17758,0.09501,0.27145,0.03574,0.12893,0.12474,0.35876,0.08855,0.09877,0.12477,0.664
HCASE-03001,0.7822,0.58806,0.21569,0.17134,0.21765,0.62128,0.05289,0.03612,0.11711,0.34012,0.14222,0.04436,0.08384,0.81184
HCASE-03002,0.40163,0.56922,0.06894,0.03459,0.0819,0.76081,0.04854,0.15273,0.15977,0.2185,0.17386,0.2004,0.1641,0.37648
HCASE-03003,0.4944,0.14567,0.09753,0.08964,0.02371,0.11603,0.40415,0.3821,0.02114,0.53518,0.18258,0.11971,0.13576,0.36218
HCASE-03004,0.79886,0.61546,0.06289,0.12558,0.10762,0.57789,0.15893,0.1338,0.07404,0.27056,0.0685,0.03892,0.12061,1.0
HCASE-03005,0.22178,0.40412,0.12111,0.50929,0.51528,0.27453,0.06017,0.13103,0.38498,0.02213,0.12872,0.06932,0.07787,0.17927
HCASE-03006,0.50894,0.41906,0.15138,0.06837,0.0275,0.43497,0.08307,0.15346,0.15796,0.26241,0.11918,0.11627,0.09683,0.61597
HCASE-03007,0.50401,0.27797,0.10817,0.0676,0.13366,0.13174,0.672,0.48998,0.07019,0.4581,0.17707,0.10578,0.127,0.04447
HCASE-03008,0.08562,0.12839,0.15418,0.10199,0.04835,0.12461,0.0909,0.47455,0.50187,0.06642,0.35295,0.77097,0.0868,0.19092
HCASE-03009,0.31004,0.13637,0.08719,0.10966,0.04398,0.06932,0.07728,0.49563,0.46963,0.33792,0.1615,0.64897,0.19052,0.40002
HCASE-03010,0.12519,0.48753,0.62579,0.07406,0.22567,0.13083,0.06014,0.56731,0.07369,0.09924,0.10265,0.10117,0.14886,0.20719
HCASE-03011,0.85657,0.54676,0.11649,0.15144,0.05645,0.64383,0.05611,0.0893,0.10892,0.37687,0.03183,0.03635,0.14418,1.0
HCASE-03012,0.27062,0.52371,0.02396,0.07803,0.08624,0.78189,0.05811,0.07599,0.15285,0.09097,0.1579,0.09834,0.07043,0.17549
HCASE-03013,0.11259,0.22499,0.27113,0.4703,0.67713,0.21163,0.15246,0.26991,0.45728,0.04796,0.07155,0.08536,0.07901,0.12681
HCASE-03014,0.82845,0.22665,0.17738,0.20169,0.12815,0.16252,0.58123,0.47793,0.11144,0.72307,0.05071,0.04371,0.10755,0.2949
HCASE-03015,0.15728,0.05322,0.08049,0.03956,0.06396,0.06753,0.12648,0.83935,0.4712,0.04893,0.14036,0.51134,0.29571,0.09439
HCASE-03016,0.04418,0.05793,0.22555,0.12972,0.12146,0.11318,0.02879,0.67014,0.48415,0.05203,0.30936,0.76858,0.1321,0.12124
HCASE-03017,0.04381,0.84571,0.80302,0.11617,0.10427,0.11088,0.05396,0.77378,0.11116,0.03976,0.04215,0.15389,0.1077,0.04633
HCASE-03018,0.08307,0.09726,0.62542,0.67387,0.2326,0.19364,0.04933,0.50721,0.22846,0.12045,0.0591,0.15102,0.06534,0.04222
HCASE-03019,0.68366,0.90376,0.23465,0.16761,0.12223,0.99489,0.13095,0.04767,0.11324,0.02999,0.14304,0.0454,0.13147,0.52707
HCASE-03020,0.32367,0.68577,0.14397,0.13005,0.13885,0.10512,0.74718,0.3379,0.12233,0.22834,0.11604,0.10145,0.13566,0.06249
HCASE-03021,0.79317,0.66427,0.04672,0.05876,0.14334,0.59886,0.11739,0.08947,0.07334,0.38474,0.11228,0.08783,0.12742,0.85271
HCASE-03022,0.11026,0.78831,0.1112,0.18817,0.19996,0.47566,0.52793,0.08413,0.1416,0.14203,0.06846,0.13043,0.12476,0.14919
HCASE-03023,0.46373,0.54401,0.03253,0.36359,0.34999,0.41997,0.13899,0.2119,0.3275,0.13771,0.06405,0.13007,0.10065,0.54472
HCASE-03024,0.15375,0.45052,0.64418,0.04224,0.2234,0.11428,0.09435,0.65061,0.0596,0.18441,0.123,0.18008,0.12118,0.15545
HCASE-03025,0.24295,0.06653,0.08331,0.02463,0.15381,0.12742,0.05152,0.44155,0.53047,0.27628,0.2075,0.54028,0.19756,0.36387
HCASE-03026,0.14935,0.10868,0.11111,0.15413,0.12066,0.14098,0.09768,0.73872,0.12274,0.17345,0.20203,0.1721,0.88988,0.10976
HCASE-03027,0.07067,0.08892,0.03411,0.08165,0.07093,0.03369,0.05053,0.81419,0.57159,0.12381,0.03014,0.54008,0.31241,0.12094
HCASE-03028,0.02504,0.0839,0.86075,0.34337,0.35356,0.06406,0.0357,0.66409,0.03563,0.03702,0.14201,0.06319,0.02372,0.06706
HCASE-03029,0.1748,0.27198,0.14225,0.42253,0.45804,0.28071,0.06171,0.09912,0.43673,0.13111,0.08049,0.02683,0.1112,0.22107
HCASE-03030,0.53043,0.16751,0.23084,0.1506,0.11677,0.1507,0.13533,0.29453,0.30269,0.41996,0.1404,0.37882,0.05424,0.57
HCASE-03031,0.56223,0.11186,0.07924,0.03984,0.08956,0.14322,0.46541,0.39173,0.05267,0.57879,0.04642,0.09889,0.04208,0.42767
HCASE-03032,0.06415,0.68811,0.06462,0.15004,0.07168,0.64939,0.35143,0.03938,0.11653,0.06815,0.14728,0.06784,0.04348,0.21321
HCASE-03033,0.67617,0.42996,0.0489,0.03524,0.0228,0.14542,0.71695,0.62339,0.02374,0.50212,0.13593,0.07595,0.15186,0.15042
HCASE-03034,0.14836,0.07307,0.46085,0.13656,0.38216,0.04387,0.14481,0.66404,0.13606,0.06468,0.1557,0.13563,0.28618,0.24003
HCASE-03035,0.56548,0.36939,0.11687,0.11865,0.02531,0.06825,0.73616,0.52075,0.16056,0.44361,0.12727,0.13628,0.08378,0.05536
HCASE-03036,0.1295,0.03887,0.69337,0.08295,0.65613,0.1471,0.14443,0.77679,0.11651,0.14107,0.10662,0.13331,0.12806,0.12275
HCASE-03037,0.31831,0.59853,0.20971,0.03801,0.04207,0.15024,0.72352,0.29719,0.03302,0.27626,0.04653,0.04759,0.06557,0.15471
HCASE-03038,0.05252,0.7788,0.36109,0.14683,0.09832,0.08483,0.50255,0.27753,0.14022,0.08551,0.06236,0.09762,0.08208,0.17016
HCASE-03039,0.14603,0.30201,0.66938,0.10827,0.48847,0.1517,0.11704,0.60282,0.02194,0.13669,0.0682,0.05703,0.04354,0.10637
HCASE-03040,0.03867,0.8773,0.49177,0.12325,0.13765,0.11737,0.54239,0.3668,0.11083,0.15129,0.05761,0.13206,0.14912,0.14152
HCASE-03041,0.13838,0.04095,0.64142,0.69956,0.20261,0.08795,0.06187,0.61053,0.24182,0.04785,0.14744,0.14302,0.09145,0.09546
HCASE-03042,0.12976,0.73641,0.03352,0.12453,0.07171,0.65548,0.26393,0.04701,0.0596,0.11003,0.08706,0.09496,0.10387,0.10294
HCASE-03043,0.05294,0.08333,0.74722,0.26694,0.59367,0.08327,0.0431,0.83088,0.1618,0.15277,0.0899,0.15416,0.10721,0.07298
HCASE-03044,0.11403,0.03045,0.73637,0.62798,0.3526,0.0211,0.03906,0.68188,0.34476,0.1339,0.02799,0.06058,0.15838,0.02434
HCASE-03045,0.51771,0.57577,0.14075,0.36758,0.43951,0.60091,0.05979,0.05149,0.352,0.09017,0.12672,0.08934,0.07807,0.51865
HCASE-03046,0.11119,0.55643,0.56523,0.15607,0.31006,0.03019,0.03724,0.73133,0.16645,0.12487,0.08477,0.08511,0.12911,0.05646
HCASE-03047,0.11988,0.77405,0.02273,0.04786,0.03828,1.0,0.10074,0.11421,0.0455,0.02728,0.09401,0.06144,0.08132,0.05992
HCASE-03048,0.02739,0.02757,0.06956,0.14247,0.04273,0.06616,0.05242,0.53812,0.23582,0.12359,0.15231,0.32587,0.57491,0.19306
HCASE-03049,0.59593,0.57365,0.14319,0.37029,0.42753,0.61742,0.09525,0.07876,0.26626,0.02596,0.09392,0.15137,0.05927,0.45986
HCASE-03050,0.84298,0.19779,0.10005,0.10665,0.15459,0.20805,0.33782,0.1983,0.12994,0.69669,0.09196,0.14726,0.10447,0.64563
HCASE-03051,0.1978,0.11051,0.11666,0.07961,0.11267,0.09861,0.06923,0.28427,0.03036,0.08019,0.6167,0.54989,0.41768,0.06342
HCASE-03052,0.44437,0.44664,0.11351,0.22233,0.23975,0.43869,0.08835,0.02993,0.23558,0.13952,0.14233,0.10801,0.15994,0.5884
HCASE-03053,0.74428,0.20799,0.0653,0.14569,0.06043,0.13486,0.09289,0.03572,0.10702,0.70313,0.03888,0.14302,0.15988,0.89287
HCASE-03054,0.34091,0.27173,0.10287,0.60177,0.58565,0.23188,0.13441,0.03017,0.42411,0.08024,0.10654,0.07058,0.13126,0.29883
HCASE-03055,0.60935,0.66418,0.12978,0.03366,0.0555,0.77653,0.02171,0.15187,0.15315,0.14488,0.10265,0.09895,0.04198,0.48317
HCASE-03056,0.1535,0.11549,0.06278,0.04742,0.0323,0.14748,0.11091,0.72043,0.09379,0.15606,0.07898,0.15214,0.78472,0.15281
HCASE-03057,0.02091,0.07981,0.89443,0.46983,0.30757,0.06423,0.02748,0.74829,0.16847,0.04443,0.15874,0.04591,0.1504,0.09471
HCASE-03058,0.14956,0.10842,0.02529,0.05192,0.06337,0.06587,0.12239,0.37326,0.02254,0.1853,0.69956,0.60539,0.40482,0.11528
HCASE-03059,0.25643,0.64235,0.034,0.08187,0.06155,0.08027,0.76377,0.27826,0.02645,0.27505,0.06877,0.10226,0.02548,0.1468
HCASE-03060,0.65817,0.57708,0.14296,0.15636,0.11543,0.4845,0.09915,0.14902,0.20585,0.2682,0.08386,0.1067,0.11964,0.81361
HCASE-03061,0.27394,0.5795,0.12707,0.05486,0.0435,0.04023,0.7389,0.38374,0.15652,0.24544,0.05329,0.15887,0.04928,0.12946
HCASE-03062,0.09121,0.74637,0.54776,0.1699,0.08159,0.20647,0.35395,0.37762,0.02066,0.14242,0.09906,0.08833,0.06923,0.02578
HCASE-03063,0.49479,0.50185,0.15299,0.39686,0.25717,0.601,0.10728,0.19059,0.40205,0.12763,0.13185,0.07489,0.05987,0.54204
HCASE-03064,0.63877,0.10064,0.10561,0.15205,0.05979,0.1543,0.05731,0.09896,0.21196,0.66327,0.05618,0.0494,0.12975,0.76553
HCASE-03065,0.12361,0.04295,0.02556,0.13993,0.07298,0.07457,0.15841,0.27532,0.23315,0.17387,0.75418,0.88953,0.20281,0.15826
HCASE-03066,0.15705,0.11057,0.51057,0.10597,0.44592,0.15386,0.06316,0.74304,0.1362,0.0516,0.05683,0.07552,0.31509,0.06114
HCASE-03067,0.23714,0.53825,0.1171,0.1032,0.1266,0.89449,0.14499,0.1232,0.14405,0.04838,0.15707,0.09714,0.05918,0.3145
HCASE-03068,0.04105,0.13625,0.23155,0.44613,0.66118,0.06281,0.07572,0.44691,0.54264,0.15468,0.02011,0.03853,0.03327,0.14354
HCASE-03069,0.25148,0.51272,0.0659,0.08924,0.06339,0.7215,0.13593,0.0727,0.11384,0.12876,0.09258,0.10657,0.02615,0.39313
HCASE-03070,0.62167,0.33899,0.12675,0.02177,0.04309,0.21414,0.0774,0.10473,0.04209,0.46698,0.08374,0.10251,0.06848,0.82799
HCASE-03071,0.12565,0.06913,0.11887,0.08811,0.09874,0.0406,0.15169,0.32725,0.11824,0.17557,0.6436,0.72599,0.45418,0.05423
HCASE-03072,0.05298,0.06771,0.52642,0.04655,0.43544,0.09469,0.10205,0.76991,0.09677,0.04265,0.07862,0.11793,0.37698,0.10805
HCASE-03073,0.59508,0.3376,0.05479,0.10435,0.04791,0.12266,0.58577,0.42532,0.04675,0.44725,0.03752,0.02492,0.03871,0.12202
HCASE-03074,0.49138,0.3972,0.18991,0.05979,0.13705,0.11357,0.71254,0.58568,0.13904,0.4283,0.0962,0.12179,0.12573,0.06865
HCASE-03075,0.09836,0.10228,0.27208,0.05915,0.36444,0.11625,0.07227,0.81559,0.13344,0.22298,0.23794,0.10095,0.75468,0.09752
HCASE-03076,0.10064,0.13806,0.30872,0.70238,0.47472,0.15244,0.04925,0.27682,0.52185,0.13263,0.05391,0.15794,0.02136,0.14776
HCASE-03077,0.21078,0.61756,0.0274,0.12625,0.1127,0.04779,0.57251,0.2517,0.06349,0.27481,0.12341,0.05532,0.11067,0.168
HCASE-03078,0.54237,0.09552,0.1566,0.13709,0.1227,0.15784,0.57671,0.56382,0.16565,0.56195,0.03534,0.0849,0.11559,0.13825
HCASE-03079,0.02568,0.08872,0.81886,0.04472,0.63959,0.12869,0.10632,0.88089,0.11197,0.0833,0.03253,0.1091,0.07426,0.02587
HCASE-03080,0.33533,0.76296,0.14997,0.21093,0.21506,0.84298,0.10584,0.07577,0.05738,0.05054,0.12336,0.10906,0.14302,0.30991
HCASE-03081,0.62222,0.57168,0.11237,0.32043,0.40043,0.55718,0.15342,0.14361,0.29713,0.1018,0.072,0.02729,0.15035,0.4735
HCASE-03082,0.0622,0.08115,0.96311,0.41563,0.22987,0.15706,0.07976,0.6761,0.07867,0.09535,0.15725,0.09336,0.03581,0.12437
HCASE-03083,0.10488,0.53276,0.71687,0.14237,0.21498,0.05342,0.06286,0.68679,0.10197,0.08613,0.14804,0.04616,0.13465,0.04114
HCASE-03084,0.10221,0.05468,0.11352,0.11501,0.11019,0.11172,0.10481,0.87376,0.55075,0.03914,0.09821,0.54177,0.3379,0.06598
HCASE-03085,0.07322,0.7562,0.11887,0.15845,0.06743,0.38604,0.48897,0.08574,0.14117,0.04404,0.05436,0.08798,0.15846,0.18159
HCASE-03086,0.58641,0.5649,0.18944,0.37575,0.33264,0.5717,0.03796,0.15607,0.25315,0.03864,0.08213,0.08819,0.06919,0.45951
HCASE-03087,0.09843,0.66671,0.10624,0.08789,0.03156,0.92674,0.10616,0.09656,0.13477,0.11944,0.11,0.03736,0.02858,0.18466
HCASE-03088,0.06228,0.13935,0.2953,0.05422,0.26635,0.09477,0.03001,0.68759,0.07694,0.1177,0.09438,0.05632,0.53821,0.03892
HCASE-03089,0.13905,0.03269,0.59522,0.14289,0.41408,0.12341,0.09692,0.8987,0.06403,0.06193,0.15063,0.1208,0.33142,0.06557
HCASE-03090,0.78975,0.17004,0.09228,0.07027,0.1004,0.1966,0.24708,0.29949,0.13468,0.54785,0.03934,0.14474,0.08182,0.53583
HCASE-03091,0.35147,0.04754,0.1068,0.1059,0.04911,0.11228,0.14279,0.60525,0.42204,0.37827,0.12956,0.59637,0.22115,0.3658
HCASE-03092,0.11638,0.07604,0.89383,0.68426,0.1096,0.12119,0.04967,0.76565,0.06212,0.03063,0.05522,0.14463,0.15835,0.22272
HCASE-03093,0.10995,0.30349,0.78443,0.43454,0.05496,0.02199,0.09972,0.6101,0.12551,0.11908,0.05772,0.09526,0.02298,0.15404
HCASE-03094,0.20783,0.34589,0.88453,0.40338,0.1967,0.17908,0.08439,0.64009,0.1401,0.11881,0.08852,0.06015,0.14209,0.09456
HCASE-03095,0.04631,0.57756,0.85398,0.06254,0.30177,0.14896,0.12552,0.7884,0.14902,0.08702,0.11427,0.1209,0.05899,0.03703
HCASE-03096,0.087,0.0965,0.06389,0.06017,0.08634,0.06311,0.11238,0.21464,0.02035,0.09849,0.45693,0.52079,0.27343,0.18597
HCASE-03097,0.06418,0.05574,0.0369,0.08783,0.03257,0.12278,0.12983,0.83078,0.28225,0.07555,0.04513,0.28357,0.63357,0.08675
HCASE-03098,0.75259,0.16625,0.09527,0.20845,0.18641,0.14815,0.06471,0.15261,0.03778,0.60233,0.10393,0.08465,0.10885,0.91271
HCASE-03099,0.08893,0.78634,0.11228,0.08797,0.09407,0.74079,0.34649,0.10703,0.12971,0.15355,0.11739,0.03031,0.15691,0.15527
HCASE-03100,0.08285,0.0251,0.84046,0.44417,0.28499,0.12806,0.09463,0.79684,0.18165,0.12943,0.13375,0.03232,0.10278,0.1528
HCASE-03101,0.10972,0.14095,0.22139,0.48748,0.73384,0.10852,0.1236,0.33316,0.54552,0.10888,0.07468,0.10091,0.11377,0.26539
HCASE-03102,0.65966,0.62246,0.14738,0.02103,0.02661,0.58744,0.07825,0.05725,0.06742,0.10362,0.15369,0.20869,0.1425,0.57223
HCASE-03103,0.23597,0.26383,0.09474,0.55499,0.52276,0.31824,0.02628,0.14628,0.49702,0.06431,0.14845,0.15852,0.04609,0.25927
HCASE-03104,0.16132,0.62915,0.81573,0.11085,0.26967,0.14076,0.08978,0.71536,0.15159,0.15745,0.13233,0.04742,0.08751,0.04682
HCASE-03105,0.17524,0.8833,0.2108,0.17315,0.09747,0.72535,0.28715,0.02826,0.09298,0.12483,0.13488,0.14242,0.10282,0.12507
HCASE-03106,0.52584,0.38779,0.0421,0.10994,0.04088,0.07504,0.63682,0.45778,0.11155,0.32958,0.12761,0.086,0.05679,0.23075
HCASE-03107,0.07167,0.10958,0.32306,0.65186,0.56059,0.06867,0.08017,0.34157,0.44536,0.07824,0.03003,0.09418,0.07268,0.26865
HCASE-03108,0.14934,0.12479,0.05547,0.13106,0.04668,0.02671,0.12498,0.76414,0.47563,0.04983,0.08272,0.44019,0.37997,0.20615
HCASE-03109,0.084,0.50729,0.68569,0.08293,0.23158,0.12074,0.06007,0.44582,0.04905,0.06464,0.04973,0.1231,0.10304,0.13061
HCASE-03110,0.11107,0.15219,0.37843,0.18641,0.34832,0.07239,0.1433,0.82215,0.11983,0.15635,0.07232,0.12206,0.48589,0.09645
HCASE-03111,0.66135,0.13722,0.06241,0.09083,0.08897,0.12688,0.63838,0.51639,0.0235,0.5411,0.08423,0.04873,0.1146,0.13752
HCASE-03112,0.22447,0.02887,0.08899,0.02875,0.03243,0.05905,0.14569,0.56343,0.52652,0.32179,0.20734,0.53191,0.16001,0.30425
HCASE-03113,0.16909,0.14021,0.04018,0.12818,0.10593,0.07881,0.0784,0.21034,0.30775,0.08258,0.49727,0.73438,0.02266,0.10496
HCASE-03114,0.50763,0.72532,0.0551,0.14613,0.1357,0.76767,0.11106,0.13784,0.09949,0.08834,0.0608,0.02166,0.07931,0.65146
HCASE-03115,0.12438,0.51363,0.65907,0.10544,0.35878,0.15441,0.09983,0.69247,0.05061,0.06697,0.08549,0.03378,0.11599,0.09211
HCASE-03116,0.64745,0.62156,0.18225,0.14216,0.1247,0.6483,0.025,0.08428,0.12922,0.14202,0.02362,0.13521,0.05849,0.67948
HCASE-03117,0.66938,0.29037,0.05958,0.09492,0.06666,0.30399,0.0678,0.06439,0.10325,0.42021,0.08789,0.12458,0.05571,0.74013
HCASE-03118,0.81684,0.02975,0.13807,0.11907,0.08875,0.07602,0.30713,0.3061,0.08854,0.77009,0.15765,0.20861,0.24996,0.65869
HCASE-03119,0.17423,0.14478,0.07851,0.13122,0.05112,0.12606,0.14914,0.30089,0.04776,0.13346,0.55114,0.56931,0.35797,0.15803
HCASE-03120,0.05385,0.06879,0.35209,0.63515,0.43236,0.1265,0.11269,0.20815,0.40399,0.17159,0.13209,0.18394,0.08777,0.10464
HCASE-03121,0.67533,0.3306,0.20042,0.09922,0.20763,0.28757,0.04975,0.06707,0.12,0.36046,0.10974,0.03271,0.0825,0.65814
HCASE-03122,0.45795,0.73088,0.02885,0.10245,0.06524,0.84792,0.06545,0.05129,0.13243,0.14376,0.04728,0.03226,0.08082,0.6889
HCASE-03123,0.09121,0.12184,0.44988,0.0822,0.4679,0.1329,0.04484,0.9246,0.15886,0.11881,0.08264,0.09453,0.34182,0.12417
HCASE-03124,0.66589,0.41624,0.1342,0.19476,0.12863,0.10476,0.69757,0.52721,0.02638,0.498,0.07765,0.04631,0.07829,0.03401
HCASE-03125,0.10027,0.03293,0.86275,0.52268,0.04017,0.04835,0.14721,0.58651,0.10851,0.11223,0.16929,0.19136,0.18902,0.07166
HCASE-03126,0.09304,0.07396,0.32776,0.64383,0.78298,0.04217,0.12672,0.37008,0.50051,0.12576,0.13942,0.09802,0.05791,0.26793
HCASE-03127,0.03014,0.52992,0.7054,0.28029,0.03677,0.09621,0.08998,0.55026,0.06103,0.14107,0.12299,0.09551,0.20969,0.14657
HCASE-03128,0.47347,0.49706,0.07093,0.22255,0.25459,0.52252,0.04536,0.11031,0.34461,0.02855,0.04266,0.05249,0.09764,0.47975
HCASE-03129,0.20911,0.71714,0.19824,0.16948,0.16778,0.74783,0.31203,0.09349,0.10573,0.12344,0.02193,0.06964,0.13605,0.0583
HCASE-03130,0.44575,0.25831,0.27109,0.04826,0.09641,0.09928,0.43706,0.56374,0.13081,0.37845,0.13376,0.08127,0.06911,0.122
HCASE-03131,0.10371,0.53582,0.81444,0.06437,0.26733,0.04922,0.11943,0.73418,0.10264,0.02365,0.04065,0.04518,0.05528,0.10271
HCASE-03132,0.36423,0.33507,0.17895,0.49892,0.48976,0.35225,0.02177,0.03714,0.38398,0.07925,0.1458,0.08165,0.11621,0.25176
HCASE-03133,0.10768,0.05789,0.05231,0.12545,0.02735,0.13995,0.14291,0.28127,0.051,0.14293,0.6306,0.66259,0.37994,0.02692
HCASE-03134,0.3002,0.70423,0.03818,0.15713,0.06013,0.11794,0.77996,0.25701,0.13036,0.16873,0.03488,0.05283,0.15825,0.09655
HCASE-03135,0.36668,0.31901,0.05175,0.07948,0.15607,0.08409,0.63948,0.37952,0.07783,0.46753,0.18139,0.08184,0.08846,0.10962
HCASE-03136,0.37568,0.66196,0.20547,0.03413,0.09232,0.14861,0.78468,0.42105,0.04371,0.2552,0.11265,0.07564,0.13113,0.12442
HCASE-03137,0.11158,0.44855,0.68141,0.27567,0.14384,0.07911,0.1103,0.71809,0.11811,0.12875,0.09155,0.10909,0.05913,0.12651
HCASE-03138,0.47342,0.70983,0.19582,0.10051,0.10938,0.76231,0.13833,0.12774,0.12169,0.04907,0.07851,0.0598,0.03817,0.40942
HCASE-03139,0.14518,0.08011,0.15096,0.08754,0.03318,0.13554,0.14363,0.63474,0.63566,0.13095,0.31717,0.70972,0.0889,0.1566
HCASE-03140,0.2039,0.76728,0.20185,0.17134,0.08403,0.48104,0.56899,0.03911,0.10157,0.09153,0.02282,0.03857,0.11786,0.05588
HCASE-03141,0.40731,0.39801,0.2136,0.14171,0.07873,0.15911,0.68864,0.5952,0.06644,0.46574,0.146,0.15903,0.12336,0.09933
HCASE-03142,0.13389,0.50211,0.59836,0.15042,0.34019,0.07213,0.13228,0.63451,0.1591,0.15086,0.06235,0.10538,0.06822,0.15378
HCASE-03143,0.74119,0.15444,0.22985,0.13102,0.03004,0.03034,0.21799,0.3001,0.12345,0.70386,0.11079,0.09264,0.05283,0.56251
HCASE-03144,0.25086,0.23206,0.17771,0.57303,0.5309,0.25315,0.12901,0.11812,0.50051,0.07006,0.13451,0.03408,0.07964,0.30655
HCASE-03145,0.05921,0.14768,0.16117,0.11594,0.05117,0.09193,0.03753,0.33021,0.09818,0.11046,0.49725,0.53059,0.26449,0.1126
HCASE-03146,0.23973,0.13096,0.09312,0.14349,0.03134,0.0556,0.0323,0.49248,0.43019,0.31165,0.2176,0.59944,0.17792,0.29036
HCASE-03147,0.21109,1.0,0.09568,0.10586,0.17334,0.11072,0.64695,0.1081,0.10031,0.06179,0.03486,0.03498,0.09274,0.114
HCASE-03148,0.11342,0.50636,0.64852,0.04831,0.27053,0.09989,0.07628,0.65558,0.14917,0.13722,0.07186,0.03321,0.05709,0.0258
HCASE-03149,0.09386,0.10113,0.0735,0.06097,0.19341,0.19932,0.12228,0.24282,0.15947,0.02095,0.51977,0.56041,0.28307,0.12898
HCASE-03150,0.07346,0.66125,0.74705,0.1285,0.08489,0.05089,0.09076,0.59961,0.1081,0.18938,0.18512,0.18433,0.08555,0.15912
HCASE-03151,0.09361,0.5838,0.11027,0.13352,0.14384,0.64067,0.24548,0.10368,0.08538,0.02964,0.02364,0.15499,0.04129,0.11402
HCASE-03152,0.35869,0.6376,0.12053,0.09633,0.05584,0.77974,0.10498,0.11554,0.14744,0.06148,0.04264,0.14888,0.05661,0.54476
HCASE-03153,0.15216,0.87854,0.20355,0.15783,0.05675,0.35895,0.58852,0.13174,0.12933,0.04799,0.04385,0.14026,0.15765,0.08035
HCASE-03154,0.56315,0.57781,0.03366,0.33404,0.28667,0.54278,0.03439,0.09347,0.24203,0.12095,0.09811,0.06676,0.10131,0.78959
HCASE-03155,0.28857,0.65879,0.21721,0.07191,0.13966,0.13892,0.70869,0.31503,0.08008,0.25837,0.13604,0.14739,0.07171,0.08953
HCASE-03156,0.24808,0.57603,0.12915,0.11037,0.13483,0.87826,0.10216,0.10345,0.08964,0.03473,0.03566,0.12651,0.07208,0.32642
HCASE-03157,0.77188,0.38824,0.1636,0.18041,0.17743,0.43215,0.08521,0.1571,0.14998,0.51043,0.04915,0.12002,0.12288,0.79257
HCASE-03158,0.46823,0.39341,0.31321,0.05045,0.13163,0.08397,0.57012,0.72483,0.08022,0.39609,0.11371,0.10811,0.03696,0.07163
HCASE-03159,0.21987,0.77754,0.19148,0.21627,0.09931,0.73208,0.22717,0.06144,0.0798,0.05259,0.155,0.0555,0.12894,0.1022
HCASE-03160,0.68834,0.66555,0.07887,0.31342,0.31803,0.6969,0.0872,0.15663,0.37089,0.07207,0.08148,0.11304,0.13808,0.50977
HCASE-03161,0.46104,0.52467,0.10766,0.30716,0.33446,0.50848,0.062,0.17398,0.37877,0.10645,0.12279,0.11107,0.10967,0.50569
HCASE-03162,0.14588,0.6017,0.7275,0.25407,0.09306,0.15657,0.07758,0.62558,0.15024,0.10227,0.09399,0.04194,0.06081,0.13996
HCASE-03163,0.55526,0.34798,0.32082,0.15255,0.04337,0.16198,0.50717,0.60972,0.10214,0.45388,0.03378,0.11205,0.12834,0.05627
HCASE-03164,0.14694,0.06898,0.13484,0.0368,0.08939,0.07097,0.13502,0.2954,0.21048,0.13807,0.49126,0.48861,0.39611,0.11699
HCASE-03165,0.04281,0.09018,0.11627,0.12218,0.11924,0.02401,0.08825,0.65354,0.03826,0.14758,0.15872,0.03669,0.80662,0.16487
HCASE-03166,0.16181,0.67941,0.12159,0.15803,0.10037,0.69476,0.33342,0.1281,0.07731,0.09199,0.03896,0.15111,0.07528,0.11961
HCASE-03167,0.69176,0.86576,0.14312,0.15082,0.03347,0.97021,0.13027,0.08018,0.06877,0.14805,0.0706,0.05029,0.05422,0.52375
HCASE-03168,0.30324,0.04251,0.15223,0.08284,0.07137,0.02524,0.05309,0.47027,0.53163,0.36855,0.13853,0.69014,0.12772,0.30244
HCASE-03169,0.05865,0.06483,0.86463,0.20849,0.53561,0.02824,0.14333,0.80566,0.11526,0.14228,0.02299,0.08556,0.10392,0.13837
HCASE-03170,0.03762,0.25878,0.80589,0.40069,0.14863,0.09383,0.05642,0.74841,0.0588,0.0985,0.04622,0.0887,0.05027,0.06645
HCASE-03171,0.49045,0.68305,0.14784,0.16688,0.20015,0.82437,0.09644,0.08948,0.09547,0.15099,0.03447,0.0911,0.12179,0.49228
HCASE-03172,0.15931,0.03058,0.24561,0.07238,0.33992,0.08024,0.09736,0.9035,0.15773,0.02665,0.04411,0.11611,0.52964,0.09986
HCASE-03173,0.07032,0.07271,0.06772,0.05763,0.04791,0.03886,0.12779,0.7509,0.53014,0.05911,0.05079,0.55666,0.04598,0.14981
HCASE-03174,0.23096,0.16291,0.10052,0.94031,0.84161,0.13371,0.03931,0.1054,0.71188,0.08726,0.04117,0.04952,0.04031,0.05519
HCASE-03175,0.15691,0.28835,0.59594,0.08128,0.43293,0.0412,0.02717,0.64564,0.15856,0.04617,0.02113,0.07005,0.04102,0.15812
HCASE-03176,0.07595,0.0377,0.29757,0.65016,0.47419,0.0865,0.09124,0.25441,0.50783,0.11253,0.07957,0.1524,0.06897,0.19042
HCASE-03177,0.0984,0.54724,0.10553,0.14792,0.09023,0.62219,0.28218,0.0301,0.05282,0.12094,0.14156,0.02728,0.05868,0.1122
HCASE-03178,0.19146,0.14553,0.19937,0.09721,0.09202,0.12755,0.11745,0.27833,0.24733,0.06118,0.50131,0.7764,0.13399,0.06061
HCASE-03179,0.06293,0.05442,0.02879,0.05292,0.0598,0.02112,0.11137,0.30919,0.30794,0.14745,0.55155,0.70108,0.09904,0.13713
HCASE-03180,0.06826,0.14653,0.37728,0.58654,0.57998,0.05096,0.07108,0.23876,0.48443,0.04441,0.08163,0.03706,0.02772,0.11114
HCASE-03181,0.16211,0.07747,0.70021,0.24647,0.41992,0.10136,0.04735,0.59075,0.04668,0.04326,0.0269,0.02906,0.08634,0.15082
HCASE-03182,0.08528,0.09237,0.50714,0.62752,0.29674,0.12957,0.10645,0.45558,0.1901,0.02804,0.09279,0.05748,0.15517,0.02557
HCASE-03183,0.0867,0.06156,0.2863,0.04195,0.40419,0.13158,0.05432,1.0,0.25463,0.1049,0.13642,0.09989,0.70764,0.04043
HCASE-03184,0.42923,0.35054,0.29596,0.14708,0.09984,0.13764,0.41654,0.47389,0.1226,0.37887,0.17905,0.20327,0.15924,0.09547
HCASE-03185,0.09097,0.0521,0.25629,0.51413,0.64403,0.06209,0.03119,0.41748,0.52736,0.08785,0.12422,0.07107,0.13132,0.07512
HCASE-03186,0.70574,0.51288,0.03989,0.11166,0.06808,0.48292,0.09586,0.037,0.05304,0.25909,0.11941,0.15147,0.02251,1.0
HCASE-03187,0.04372,0.08152,0.77286,0.18646,0.47907,0.11379,0.11452,0.69589,0.07925,0.19603,0.1616,0.13742,0.13124,0.10547
HCASE-03188,0.52919,0.85119,0.04144,0.05231,0.04134,0.96227,0.0379,0.07426,0.13821,0.1129,0.02969,0.07143,0.1152,0.48
HCASE-03189,0.14251,0.0812,0.13043,0.1102,0.03512,0.0677,0.15151,0.86956,0.2921,0.05693,0.07368,0.25749,0.59113,0.09206
HCASE-03190,0.14446,0.70421,0.05907,0.15065,0.12254,0.35545,0.52508,0.18138,0.22538,0.02113,0.09422,0.15124,0.09661,0.0836
HCASE-03191,0.11277,0.10704,0.1413,0.04338,0.13075,0.04642,0.11347,0.70029,0.20069,0.11716,0.06366,0.26239,0.54893,0.05325
HCASE-03192,0.04206,0.47477,0.74933,0.28723,0.0759,0.10058,0.14571,0.64343,0.1529,0.05453,0.07077,0.03503,0.15551,0.20648
HCASE-03193,0.46907,0.36968,0.15584,0.30638,0.23089,0.39435,0.09214,0.04811,0.25317,0.19336,0.09641,0.07869,0.16361,0.3428
HCASE-03194,0.20326,0.21449,0.15091,0.72386,0.73128,0.09773,0.12624,0.06983,0.66495,0.05179,0.10044,0.02622,0.06767,0.02106
HCASE-03195,0.68091,0.80412,0.08314,0.1255,0.10583,0.9445,0.0557,0.15665,0.07304,0.03708,0.04852,0.02732,0.11894,0.49807
HCASE-03196,0.05971,0.04372,0.69706,0.28216,0.49205,0.03678,0.0533,0.72413,0.19256,0.07808,0.05828,0.15849,0.06777,0.05034
HCASE-03197,0.15083,0.09704,0.47028,0.14974,0.47267,0.1146,0.1348,0.84661,0.14913,0.11978,0.07572,0.12548,0.37354,0.13762
HCASE-03198,0.47585,0.41161,0.08821,0.31074,0.30052,0.51527,0.04719,0.02968,0.33269,0.17593,0.1971,0.22352,0.16454,0.48837
HCASE-03199,0.06233,0.06305,0.08078,0.97764,0.99144,0.09396,0.1583,0.02224,0.90888,0.03953,0.03436,0.03357,0.15827,0.25044
HCASE-03200,0.11762,0.02818,0.07909,0.13836,0.05476,0.14041,0.1142,0.2465,0.11263,0.11909,0.58881,0.59352,0.41542,0.07401
HCASE-03201,0.04753,0.10463,0.08572,0.08427,0.04682,0.06687,0.05288,0.83005,0.21959,0.15876,0.20631,0.38971,0.69948,0.09949
HCASE-03202,0.12417,0.15134,0.28863,0.45197,0.65043,0.18177,0.09591,0.30404,0.35165,0.14476,0.10647,0.06462,0.03494,0.11836
HCASE-03203,0.03612,0.1256,0.62804,0.53718,0.23556,0.03539,0.09866,0.47141,0.26908,0.02143,0.07724,0.07496,0.15596,0.15212
HCASE-03204,0.05773,0.69907,0.04392,0.10581,0.11054,0.36455,0.55505,0.13285,0.13643,0.14576,0.08083,0.03802,0.09588,0.02235
HCASE-03205,0.73204,0.18595,0.15293,0.04243,0.14231,0.14104,0.29018,0.28641,0.09633,0.53919,0.12219,0.07316,0.07774,0.5695
HCASE-03206,0.40287,0.30268,0.03337,0.06651,0.09047,0.09457,0.68657,0.36218,0.11291,0.40013,0.05006,0.14989,0.02858,0.17035
HCASE-03207,0.38016,0.7614,0.20567,0.23044,0.21145,0.19434,0.76804,0.22953,0.02665,0.29275,0.05007,0.12402,0.14262,0.10639
HCASE-03208,0.53609,0.43771,0.15258,0.20409,0.21898,0.20472,0.71664,0.43801,0.10731,0.4404,0.08746,0.07271,0.15409,0.15013
HCASE-03209,0.33177,0.64606,0.15236,0.07444,0.05158,0.15462,0.74853,0.27897,0.15996,0.30069,0.09418,0.11805,0.0665,0.05281
HCASE-03210,0.03693,0.57094,0.19936,0.15444,0.11469,0.64123,0.27329,0.17609,0.03814,0.04361,0.15203,0.134,0.03256,0.15417
HCASE-03211,0.73725,0.2537,0.06014,0.08502,0.05963,0.30998,0.04226,0.10195,0.08935,0.5011,0.06227,0.15601,0.11025,0.8911
HCASE-03212,0.46149,0.35238,0.14622,0.04244,0.09018,0.04084,0.71639,0.51482,0.21878,0.39132,0.09241,0.11965,0.06832,0.12858
HCASE-03213,0.15556,0.09239,0.70331,0.65677,0.2869,0.07826,0.09529,0.65087,0.34391,0.12015,0.05251,0.12537,0.13442,0.1122
HCASE-03214,0.45039,0.57691,0.09514,0.27555,0.31224,0.54856,0.04538,0.19632,0.42493,0.05603,0.09193,0.14018,0.04291,0.48971
HCASE-03215,0.11501,0.53919,1.0,0.3439,0.02116,0.12774,0.04468,0.82199,0.0329,0.04625,0.15812,0.10987,0.13388,0.15979
HCASE-03216,0.587,0.32662,0.17302,0.11478,0.14689,0.1111,0.75216,0.57784,0.11266,0.36865,0.09617,0.10334,0.02227,0.02073
HCASE-03217,0.05667,0.85594,0.36073,0.05825,0.06485,0.0283,0.52921,0.35398,0.06105,0.05627,0.14466,0.13433,0.05972,0.15693
HCASE-03218,0.8458,0.56199,0.12687,0.10814,0.15664,0.6839,0.02388,0.15673,0.03681,0.29284,0.10108,0.08828,0.02473,0.72855
HCASE-03219,0.04088,0.10977,0.22292,0.06752,0.35735,0.12282,0.0863,0.92102,0.19769,0.09121,0.15604,0.1141,0.51005,0.05597
HCASE-03220,0.61782,0.67177,0.07203,0.05832,0.09433,0.67711,0.13644,0.03171,0.08909,0.13524,0.22982,0.17818,0.12311,0.69191
HCASE-03221,0.50259,0.24825,0.30297,0.07685,0.02503,0.05319,0.57709,0.65331,0.07916,0.52098,0.09561,0.05329,0.02751,0.21981
HCASE-03222,0.13805,0.11659,0.05424,0.14336,0.04572,0.13324,0.10876,0.70953,0.68367,0.1282,0.16467,0.84273,0.17229,0.15116
HCASE-03223,0.69575,0.3171,0.04189,0.11247,0.07683,0.26887,0.10169,0.04762,0.14348,0.38807,0.1015,0.15928,0.04872,1.0
HCASE-03224,0.09698,0.11328,0.62052,0.62809,0.33068,0.08402,0.07204,0.55766,0.4208,0.05459,0.08554,0.06823,0.06523,0.09939
HCASE-03225,0.14023,0.74673,0.6348,0.12355,0.15728,0.02757,0.24314,0.53955,0.04875,0.12952,0.14302,0.11743,0.08357,0.06335
HCASE-03226,0.25597,0.53932,0.0937,0.08191,0.04469,0.79517,0.13034,0.04607,0.15354,0.21268,0.14791,0.09314,0.11346,0.28789
HCASE-03227,0.15962,0.36433,0.70396,0.02429,0.49916,0.08723,0.13225,0.7294,0.14911,0.15987,0.09634,0.04174,0.09511,0.07171
HCASE-03228,0.06767,0.151,0.10807,0.68724,0.78018,0.06743,0.12074,0.10179,0.69879,0.09953,0.10714,0.05266,0.07413,0.1384
HCASE-03229,0.38546,0.67666,0.23457,0.20937,0.19006,0.17694,0.65739,0.25358,0.08626,0.30897,0.0678,0.0255,0.1102,0.09665
HCASE-03230,0.05314,0.08079,0.38721,0.56454,0.79433,0.06011,0.0812,0.30263,0.63835,0.06747,0.0706,0.06789,0.04663,0.28264
HCASE-03231,0.65671,0.4761,0.21214,0.09917,0.14111,0.09079,0.76944,0.41888,0.0403,0.41928,0.03191,0.14224,0.03599,0.02569
HCASE-03232,0.07555,0.03144,0.15297,0.04353,0.04092,0.14974,0.06083,0.90152,0.54121,0.22552,0.17696,0.63277,0.48201,0.10586
HCASE-03233,0.77971,0.06045,0.1654,0.04134,0.04809,0.0779,0.57118,0.54236,0.14969,0.69075,0.10349,0.05577,0.02239,0.32519
HCASE-03234,0.39148,0.36064,0.07015,0.07312,0.03194,0.14239,0.57993,0.40432,0.07402,0.45888,0.04418,0.15501,0.13091,0.17575
HCASE-03235,0.12661,0.13171,0.04343,0.07276,0.10689,0.02368,0.02798,0.87974,0.56469,0.05339,0.07123,0.49855,0.4217,0.13617
HCASE-03236,0.02131,0.10118,0.02362,0.02057,0.03476,0.06373,0.04139,0.29139,0.3312,0.11875,0.6837,0.90323,0.18752,0.06608
HCASE-03237,0.17195,0.1179,0.35052,0.50738,0.71139,0.14833,0.08675,0.30635,0.53357,0.07687,0.14103,0.12776,0.05858,0.08274
HCASE-03238,0.46,0.55197,0.0513,0.29097,0.32296,0.51761,0.04747,0.09002,0.35326,0.0287,0.12618,0.11796,0.08452,0.62656
HCASE-03239,0.07736,0.02013,0.1516,0.04555,0.03223,0.09229,0.11889,0.67546,0.25254,0.11171,0.12533,0.28092,0.55841,0.12603
HCASE-03240,0.07956,0.091,0.83135,0.43214,0.27282,0.17264,0.03953,0.62438,0.04745,0.12966,0.08626,0.09098,0.10997,0.08653
HCASE-03241,0.42934,0.6448,0.21475,0.0278,0.05765,0.81451,0.06701,0.21098,0.04838,0.14008,0.06575,0.1128,0.12232,0.50984
HCASE-03242,0.68009,0.85232,0.14567,0.04126,0.09539,1.0,0.03262,0.13768,0.11946,0.06616,0.07768,0.06286,0.02684,0.52728
HCASE-03243,0.28597,0.64301,0.09026,0.02831,0.07416,0.10101,0.68385,0.26623,0.052,0.20181,0.06498,0.09958,0.09091,0.05952
HCASE-03244,0.0854,0.4391,0.56711,0.08228,0.25815,0.03386,0.03494,0.56294,0.08489,0.12841,0.10107,0.10315,0.13892,0.05808
HCASE-03245,0.56257,0.3207,0.18335,0.06468,0.10002,0.12527,0.68633,0.52972,0.15897,0.53923,0.09616,0.14217,0.15725,0.15102
HCASE-03246,0.62024,0.69656,0.03812,0.29489,0.33905,0.69892,0.03166,0.10496,0.34034,0.0855,0.10001,0.05107,0.03961,0.55535
HCASE-03247,0.15131,0.08809,0.0955,0.08894,0.03539,0.12818,0.05178,0.65746,0.24457,0.02434,0.02538,0.19417,0.48822,0.08425
HCASE-03248,0.59662,0.22347,0.19944,0.18423,0.21978,0.17746,0.09087,0.29062,0.28914,0.48969,0.12384,0.2439,0.03728,0.59609
HCASE-03249,0.11884,0.94617,0.72429,0.11441,0.06613,0.11186,0.11583,0.67523,0.15666,0.06501,0.06046,0.05469,0.14199,0.03024
HCASE-03250,0.70434,0.65299,0.12665,0.39501,0.41669,0.72674,0.07482,0.14054,0.25724,0.11198,0.09597,0.10044,0.07775,0.61945
HCASE-03251,0.11628,0.31749,0.85301,0.33252,0.0689,0.04818,0.11953,0.6366,0.15758,0.11514,0.14845,0.1028,0.17817,0.05796
HCASE-03252,0.18837,0.19466,0.1133,0.13802,0.17132,0.1073,0.10772,0.61944,0.43785,0.12741,0.04731,0.45935,0.31097,0.02052
HCASE-03253,0.68706,0.20659,0.0898,0.13037,0.15364,0.21755,0.49217,0.45418,0.03995,0.52517,0.13617,0.12949,0.10482,0.33565
HCASE-03254,0.02687,0.09327,0.79088,0.34677,0.34102,0.04401,0.11443,0.74932,0.04545,0.06794,0.09603,0.1048,0.15241,0.05022
HCASE-03255,0.13941,0.05739,0.31707,0.8309,0.49169,0.1263,0.05424,0.28945,0.54245,0.05256,0.11618,0.12312,0.12484,0.26629
HCASE-03256,0.19735,0.64424,0.7145,0.29367,0.07008,0.14535,0.03869,0.6972,0.1102,0.0321,0.06902,0.10077,0.02937,0.04551
HCASE-03257,0.0692,0.08153,0.58573,0.14972,0.51428,0.06145,0.12991,0.94596,0.15857,0.10867,0.04872,0.03785,0.28511,0.06984
HCASE-03258,0.14353,0.60148,0.86894,0.03511,0.33137,0.10236,0.06915,0.74608,0.12311,0.07888,0.10702,0.02182,0.07782,0.02116
HCASE-03259,0.15353,0.04709,0.67674,0.04786,0.541,0.08561,0.11422,0.91708,0.02249,0.03605,0.13698,0.07823,0.35202,0.06345
HCASE-03260,0.08429,0.47026,0.80336,0.25997,0.09913,0.03467,0.14119,0.5838,0.02077,0.07725,0.10237,0.08637,0.03961,0.13753
HCASE-03261,0.14201,0.19483,0.88945,0.51983,0.13552,0.08666,0.14436,0.78615,0.02222,0.11516,0.06524,0.12287,0.05403,0.03408
HCASE-03262,0.27018,0.66734,0.22001,0.15478,0.0302,0.11592,0.71539,0.31444,0.04723,0.28023,0.04655,0.09839,0.06113,0.13651
HCASE-03263,0.06581,0.09056,0.37597,0.568,0.44087,0.04442,0.10625,0.26692,0.39435,0.07555,0.04377,0.047,0.05801,0.03671
HCASE-03264,0.47318,0.33231,0.27096,0.10947,0.11596,0.02688,0.4756,0.59667,0.14328,0.45888,0.08067,0.15522,0.07561,0.19261
HCASE-03265,0.04116,0.14347,0.88616,0.4601,0.15869,0.07518,0.1184,0.59491,0.15964,0.07161,0.13792,0.07091,0.09336,0.09246
HCASE-03266,0.0235,0.0591,0.33422,0.06554,0.34951,0.03399,0.11978,0.86166,0.10401,0.14274,0.22365,0.13718,0.71164,0.08163
HCASE-03267,0.10644,0.11403,0.05379,0.14511,0.02979,0.04658,0.02827,1.0,0.30843,0.08155,0.15149,0.26864,0.61383,0.03648
HCASE-03268,0.54712,0.60662,0.14917,0.36709,0.34928,0.6615,0.12704,0.11285,0.28933,0.03059,0.05865,0.02227,0.05844,0.54717
HCASE-03269,0.02935,0.82891,0.23328,0.10063,0.09133,0.32179,0.45974,0.17856,0.02877,0.08902,0.13708,0.12137,0.115,0.09719
HCASE-03270,0.44531,0.37364,0.21051,0.10924,0.08665,0.07133,0.7852,0.56264,0.08614,0.37331,0.12094,0.15053,0.10168,0.14873
HCASE-03271,0.52224,0.11874,0.02601,0.03215,0.05227,0.06571,0.12369,0.36578,0.24819,0.61373,0.13963,0.44142,0.20382,0.57585
HCASE-03272,0.08309,0.72802,0.07061,0.15707,0.10025,0.67005,0.25346,0.20419,0.22548,0.06214,0.06379,0.07696,0.03383,0.05263
HCASE-03273,0.5703,0.22449,0.05924,0.02977,0.14833,0.19721,0.07131,0.06959,0.08765,0.37204,0.02227,0.12166,0.14905,0.76369
HCASE-03274,0.4989,0.31292,0.09609,0.10771,0.14066,0.09857,0.63746,0.45356,0.02813,0.41005,0.18295,0.21446,0.14227,0.09345
HCASE-03275,0.15968,0.05641,0.1009,0.0296,0.11244,0.14275,0.05781,0.60707,0.51233,0.10768,0.33922,0.74263,0.1565,0.19191
HCASE-03276,0.13293,0.08379,0.17007,0.0827,0.11604,0.19487,0.15852,0.67076,0.25322,0.03363,0.14954,0.23732,0.53033,0.09947
HCASE-03277,0.07046,0.33353,0.9658,0.40752,0.14512,0.10282,0.06367,0.68472,0.08178,0.07434,0.08824,0.10683,0.06338,0.07258
HCASE-03278,0.03332,0.02347,0.14353,0.0262,0.13315,0.15609,0.12271,0.49808,0.49801,0.03416,0.38158,0.72807,0.05629,0.21105
HCASE-03279,0.46895,0.34915,0.345,0.13301,0.06313,0.03798,0.55894,0.49939,0.08071,0.43905,0.14742,0.10956,0.13683,0.04999
HCASE-03280,0.09175,0.71736,0.02265,0.09065,0.15626,0.70777,0.36243,0.21478,0.22485,0.09245,0.11376,0.06842,0.0468,0.04218
HCASE-03281,0.07954,0.11782,0.38844,0.70907,0.4994,0.06954,0.03003,0.36429,0.54029,0.15468,0.13233,0.03219,0.1451,0.11077
HCASE-03282,0.33999,0.63508,0.22753,0.14087,0.11188,0.07103,0.72851,0.37915,0.11431,0.23047,0.10155,0.07069,0.14366,0.14763
HCASE-03283,0.13907,0.05146,0.41487,0.07404,0.49983,0.12881,0.08073,0.73114,0.09803,0.08517,0.14706,0.15861,0.36143,0.25792
HCASE-03284,0.10788,0.4981,0.52063,0.11874,0.26198,0.1002,0.08224,0.59705,0.15944,0.13089,0.02422,0.11992,0.15834,0.22103
HCASE-03285,0.42858,0.47831,0.15518,0.25246,0.32267,0.47672,0.1563,0.12151,0.42895,0.15279,0.05033,0.08857,0.08975,0.41939
HCASE-03286,0.15086,0.0416,0.03995,0.06219,0.09054,0.04095,0.04886,0.75757,0.49385,0.13345,0.1387,0.66173,0.49929,0.08853
HCASE-03287,0.20771,0.62816,0.10185,0.11399,0.12268,0.95901,0.13821,0.02093,0.14421,0.12172,0.1323,0.09995,0.09914,0.16
HCASE-03288,0.03543,0.65033,0.13331,0.09959,0.08542,0.68993,0.23785,0.03565,0.08994,0.14449,0.05936,0.02419,0.03278,0.14969
HCASE-03289,0.11116,0.13876,0.35358,0.07146,0.22839,0.14552,0.08953,0.88001,0.20439,0.14997,0.12774,0.10568,0.6274,0.04977
HCASE-03290,0.78908,0.64193,0.07934,0.09379,0.02348,0.67392,0.08139,0.15522,0.04107,0.31642,0.10744,0.1492,0.06379,0.77561
HCASE-03291,0.02212,0.0867,0.12831,0.12223,0.09807,0.14467,0.11544,0.31517,0.23487,0.11394,0.68089,0.76922,0.12135,0.05208
HCASE-03292,0.7072,0.41836,0.08547,0.07283,0.07596,0.58497,0.11967,0.15191,0.1445,0.25584,0.10416,0.04532,0.12453,0.98714
HCASE-03293,0.08905,0.42611,0.61963,0.03985,0.40698,0.1256,0.0485,0.60108,0.04273,0.1274,0.12801,0.13319,0.05622,0.02931
HCASE-03294,0.27004,0.49199,0.07868,0.09099,0.13204,0.13632,0.67021,0.29457,0.0506,0.21817,0.07799,0.13314,0.05244,0.19611
HCASE-03295,0.64876,0.71271,0.16295,0.20057,0.11483,0.84787,0.13586,0.08672,0.10505,0.05529,0.11801,0.15127,0.15262,0.5581
HCASE-03296,0.23705,1.0,0.25099,0.0363,0.0405,0.19433,0.63182,0.29822,0.13519,0.12311,0.08362,0.05053,0.04152,0.0313
HCASE-03297,0.47634,0.15349,0.123,0.04811,0.14905,0.09097,0.13585,0.39205,0.20114,0.35319,0.13224,0.30532,0.14674,0.52686
HCASE-03298,0.66768,0.48419,0.09166,0.02894,0.07102,0.47286,0.05035,0.12613,0.14305,0.28202,0.12853,0.15969,0.2099,0.76811
HCASE-03299,0.05332,0.06619,0.12283,0.14658,0.12262,0.11848,0.03388,0.7479,0.53484,0.10248,0.08541,0.51622,0.26057,0.13423
HCASE-03300,0.88144,0.63611,0.05409,0.11343,0.08313,0.66398,0.06411,0.15333,0.10649,0.32144,0.07272,0.12058,0.08674,0.86273
HCASE-03301,0.10212,0.11771,0.64411,0.50363,0.34723,0.11518,0.05313,0.54553,0.33216,0.09405,0.11379,0.13744,0.10709,0.136
HCASE-03302,0.06583,0.05126,0.56466,0.0411,0.49111,0.03602,0.05448,0.73444,0.06561,0.06632,0.11794,0.03063,0.28033,0.02508
HCASE-03303,0.31137,0.24556,0.15747,0.42172,0.43078,0.17288,0.13059,0.09059,0.5626,0.07395,0.0557,0.12604,0.11295,0.17922
HCASE-03304,0.75951,0.89319,0.13892,0.07961,0.06129,0.93968,0.10156,0.04688,0.13765,0.05906,0.11479,0.02561,0.14275,0.57234
HCASE-03305,0.16858,0.10211,0.7834,0.2281,0.83381,0.13782,0.05313,0.74516,0.10382,0.05175,0.13331,0.1574,0.02998,0.08719
HCASE-03306,0.10378,0.09802,0.13183,0.06206,0.04192,0.05354,0.06673,0.86763,0.5071,0.10408,0.08003,0.54737,0.24638,0.12782
HCASE-03307,0.11669,0.04666,0.18558,0.11124,0.12381,0.11471,0.12452,0.78124,0.0227,0.06841,0.07772,0.07642,0.84678,0.13821
HCASE-03308,0.66637,0.88031,0.10118,0.12348,0.14998,1.0,0.07693,0.05226,0.02287,0.02179,0.08063,0.03454,0.10517,0.64603
HCASE-03309,0.39496,0.31327,0.06021,0.08274,0.14978,0.11375,0.63231,0.3981,0.0515,0.3157,0.13984,0.0208,0.15924,0.12482
HCASE-03310,0.11767,1.0,0.28424,0.074,0.10814,0.12303,0.62101,0.35019,0.08493,0.04266,0.03234,0.10832,0.04293,0.11562
HCASE-03311,0.42659,0.71698,0.02125,0.11827,0.14331,0.79888,0.10241,0.1887,0.19616,0.15035,0.11974,0.08805,0.07339,0.54583
HCASE-03312,0.50501,0.5934,0.1946,0.34831,0.46285,0.54821,0.09376,0.06335,0.28022,0.12875,0.11974,0.1016,0.09027,0.41625
HCASE-03313,0.09542,0.47408,0.85023,0.12821,0.28624,0.05561,0.12998,0.61858,0.1058,0.09473,0.08481,0.1451,0.06603,0.05554
HCASE-03314,0.71782,0.10936,0.04889,0.02377,0.0281,0.04776,0.62258,0.71591,0.07927,0.60767,0.09695,0.20341,0.16357,0.02379
HCASE-03315,0.08963,0.70125,0.10249,0.11521,0.05216,0.62355,0.21654,0.13099,0.02218,0.02253,0.09417,0.0629,0.09853,0.07011
HCASE-03316,0.06024,0.06583,0.05661,0.09271,0.09669,0.12148,0.11837,0.78995,0.22815,0.12991,0.1375,0.29721,0.51038,0.14149
HCASE-03317,0.11235,0.10807,0.10622,0.15744,0.03466,0.07927,0.02,1.0,0.67748,0.1235,0.13319,0.49672,0.40452,0.08322
HCASE-03318,0.13639,0.09356,0.16609,0.11766,0.0379,0.06104,0.14128,0.56735,0.49284,0.06835,0.37339,0.72521,0.07039,0.08474
HCASE-03319,0.10969,0.06739,0.86077,0.53093,0.11868,0.10778,0.03643,0.71313,0.11637,0.02793,0.06638,0.10833,0.10468,0.02821
HCASE-03320,0.43494,0.64774,0.09572,0.15519,0.15597,0.77946,0.07358,0.10667,0.05114,0.14965,0.04133,0.10188,0.13759,0.68074
HCASE-03321,0.1184,0.8053,0.15302,0.16577,0.13347,0.4563,0.44781,0.03622,0.08697,0.15603,0.02199,0.10289,0.06574,0.14462
HCASE-03322,0.15598,0.72612,0.66237,0.13185,0.11868,0.07229,0.23398,0.5516,0.02998,0.03707,0.14892,0.13959,0.12552,0.07207
HCASE-03323,0.8099,0.66632,0.15204,0.0633,0.0792,0.71738,0.12212,0.10839,0.04518,0.34234,0.09679,0.06545,0.08556,0.82476
HCASE-03324,0.11892,0.0615,0.09984,0.04466,0.12367,0.02701,0.13714,0.76948,0.28582,0.06384,0.02256,0.31412,0.53574,0.09167
HCASE-03325,0.2011,0.0665,0.67501,0.21136,0.45906,0.17497,0.15613,0.6391,0.04627,0.08772,0.03259,0.02945,0.1535,0.0558
HCASE-03326,0.14153,0.11383,0.13536,0.14572,0.06168,0.03313,0.09899,0.73273,0.4062,0.09387,0.0536,0.43472,0.28797,0.02482
HCASE-03327,0.06543,0.31721,0.7236,0.09559,0.45946,0.03161,0.05156,0.81948,0.145,0.14974,0.07817,0.09441,0.11454,0.09529
HCASE-03328,1.0,0.75721,0.1486,0.12968,0.11094,0.68784,0.02495,0.05817,0.09827,0.3425,0.0768,0.14043,0.10135,0.82409
HCASE-03329,0.4276,0.28791,0.39421,0.03839,0.04279,0.09433,0.46678,0.65428,0.15551,0.39887,0.08779,0.07931,0.05692,0.14332
HCASE-03330,0.08027,0.10867,0.86896,0.55255,0.07253,0.08475,0.13602,0.79237,0.09641,0.13566,0.10782,0.05669,0.14477,0.08282
HCASE-03331,0.65952,0.25619,0.18646,0.12866,0.18898,0.31906,0.03171,0.15883,0.0938,0.50189,0.05658,0.14061,0.08096,0.79969
HCASE-03332,0.04249,0.08193,0.58285,0.63515,0.24433,0.05682,0.04491,0.40214,0.31873,0.13666,0.07069,0.09384,0.04583,0.15397
HCASE-03333,0.08798,0.11651,0.91704,0.67537,0.04879,0.11618,0.06435,0.74194,0.07106,0.14777,0.04218,0.07348,0.04963,0.07194
HCASE-03334,0.67278,0.78497,0.14327,0.24708,0.22942,0.90615,0.1106,0.08832,0.10032,0.1597,0.04464,0.06036,0.14175,0.4826
HCASE-03335,0.22578,0.81518,0.05888,0.12397,0.03283,1.0,0.14823,0.0593,0.14393,0.06785,0.07826,0.08685,0.05001,0.09195
HCASE-03336,0.06324,0.06599,0.75417,0.68651,0.33076,0.12729,0.04822,0.65601,0.28362,0.05249,0.03902,0.15906,0.10098,0.07541
HCASE-03337,0.03607,0.13724,0.32556,0.57869,0.59288,0.09805,0.1117,0.28083,0.50094,0.10652,0.13684,0.1051,0.04727,0.15293
HCASE-03338,0.70887,0.4184,0.1406,0.1303,0.12521,0.45034,0.09256,0.12268,0.19557,0.24707,0.15285,0.08521,0.15502,0.65314
HCASE-03339,0.63338,0.27944,0.10465,0.11583,0.08113,0.29632,0.055,0.15725,0.1262,0.54113,0.11567,0.17379,0.19837,0.80539
HCASE-03340,0.17715,0.08339,0.09224,0.08399,0.08958,0.12228,0.13325,0.43949,0.48278,0.0615,0.34364,0.59252,0.08514,0.11681
HCASE-03341,0.24492,0.28898,0.10335,0.5598,0.44267,0.19874,0.08832,0.12494,0.39263,0.13149,0.13139,0.12547,0.05747,0.34645
HCASE-03342,0.69438,0.09888,0.03603,0.12207,0.13461,0.17782,0.05562,0.12665,0.09064,0.53706,0.02348,0.10322,0.02062,0.82775
HCASE-03343,0.83166,0.23873,0.11509,0.1032,0.06618,0.1694,0.61908,0.50499,0.13216,0.64421,0.10404,0.07373,0.07107,0.30834
HCASE-03344,0.04548,0.05093,0.07902,0.15689,0.03765,0.14046,0.03443,0.80882,0.41502,0.19416,0.16306,0.5876,0.35699,0.05115
HCASE-03345,0.4909,0.02843,0.03622,0.06467,0.04568,0.04327,0.14283,0.27769,0.20621,0.38153,0.08529,0.30097,0.11734,0.61231
HCASE-03346,0.78897,0.1674,0.17793,0.1129,0.17261,0.17887,0.45551,0.4553,0.03802,0.64811,0.14027,0.04312,0.08611,0.36307
HCASE-03347,0.11909,0.07322,0.0495,0.03402,0.12886,0.11881,0.05402,0.34752,0.29066,0.04056,0.53895,0.62493,0.1354,0.03038
HCASE-03348,0.06413,0.93803,0.64306,0.10621,0.03071,0.11168,0.29963,0.63243,0.08919,0.095,0.09786,0.11552,0.02496,0.1427
HCASE-03349,0.1778,0.57424,0.12428,0.02197,0.10021,0.59191,0.30166,0.14133,0.11169,0.09383,0.15959,0.10111,0.13336,0.11098
HCASE-03350,0.53868,0.27502,0.43256,0.11269,0.07532,0.15447,0.47756,0.65012,0.10481,0.41595,0.10318,0.07492,0.03502,0.11787
HCASE-03351,0.42645,0.2906,0.35486,0.11246,0.04146,0.1133,0.44261,0.7231,0.23541,0.48586,0.06251,0.03507,0.05759,0.05524
HCASE-03352,0.45614,0.12801,0.13493,0.05105,0.05751,0.07146,0.02823,0.36322,0.17295,0.38586,0.04902,0.31713,0.11578,0.58517
HCASE-03353,0.22168,0.56272,0.15523,0.1278,0.09992,0.68148,0.10808,0.1058,0.05885,0.05392,0.03515,0.04458,0.08374,0.20852
HCASE-03354,0.10911,0.11278,0.15787,0.0736,0.10652,0.11407,0.03726,0.34551,0.3124,0.19372,0.62083,0.83147,0.11466,0.0426
HCASE-03355,0.74818,0.59658,0.0986,0.02185,0.15705,0.55941,0.05384,0.16395,0.27494,0.3134,0.03517,0.07668,0.14841,0.87808
HCASE-03356,0.35219,0.63442,0.13286,0.08437,0.08173,0.87493,0.03335,0.03917,0.02132,0.09727,0.04954,0.07357,0.11688,0.24538
HCASE-03357,0.09467,0.13723,0.07727,0.12101,0.05761,0.15485,0.0369,0.27985,0.046,0.14006,0.55345,0.52496,0.25521,0.22349
HCASE-03358,0.49359,0.08452,0.15186,0.08007,0.10222,0.13061,0.07728,0.36578,0.29623,0.42588,0.1507,0.2395,0.14193,0.55465
HCASE-03359,0.14694,0.05887,0.07471,0.04217,0.11809,0.09431,0.13785,0.35591,0.18855,0.03426,0.50045,0.5329,0.36109,0.12352
HCASE-03360,0.18452,0.20946,0.03564,0.08865,0.13871,0.16947,0.1402,0.25317,0.30718,0.08774,0.6249,0.79456,0.0367,0.09872
HCASE-03361,0.08508,0.8405,0.15584,0.04828,0.11268,0.08273,0.6364,0.11618,0.11765,0.18827,0.10063,0.20513,0.13159,0.06516
HCASE-03362,0.46384,0.5869,0.08079,0.3192,0.32643,0.49652,0.13226,0.12164,0.3698,0.04224,0.06125,0.02253,0.06396,0.78612
HCASE-03363,0.06387,0.30754,0.81752,0.0244,0.42291,0.08655,0.09309,0.76953,0.137,0.07868,0.07944,0.10178,0.15673,0.14116
HCASE-03364,0.03613,0.06639,0.12205,0.15027,0.141,0.0318,0.05582,0.82332,0.68839,0.13828,0.11902,0.70278,0.03015,0.0453
HCASE-03365,0.14071,0.11601,0.08139,0.15403,0.06277,0.12805,0.11823,0.53183,0.35532,0.15849,0.38547,0.71689,0.22256,0.0209
HCASE-03366,0.30014,0.66402,0.21961,0.02147,0.05541,0.81449,0.04393,0.21957,0.10864,0.14049,0.06302,0.11779,0.14744,0.29784
HCASE-03367,0.20727,0.1849,0.31182,0.52958,0.68896,0.16494,0.06306,0.34495,0.53154,0.12936,0.05565,0.1325,0.06422,0.10514
HCASE-03368,0.09629,0.07266,0.15728,0.09932,0.06985,0.03492,0.03399,0.81709,0.03411,0.08131,0.12204,0.10396,0.7575,0.18579
HCASE-03369,0.09041,0.46815,0.59087,0.1558,0.24592,0.03222,0.02751,0.57149,0.0836,0.09177,0.15336,0.13899,0.13115,0.07444
HCASE-03370,0.57019,0.79,0.22401,0.17659,0.16595,0.98839,0.02113,0.1027,0.07911,0.08103,0.02119,0.04876,0.1048,0.54601
HCASE-03371,0.51716,0.44169,0.11562,0.33746,0.29206,0.43441,0.05673,0.15315,0.44687,0.09458,0.08756,0.10466,0.08683,0.4736
HCASE-03372,0.05679,0.30729,0.65665,0.14154,0.49847,0.10777,0.12005,0.6681,0.08854,0.19792,0.15703,0.21974,0.18332,0.14943
HCASE-03373,0.10211,0.48596,0.78649,0.02657,0.2596,0.09007,0.1322,0.68952,0.14924,0.04866,0.14965,0.14352,0.06875,0.09401
HCASE-03374,0.20815,0.15774,0.85666,0.58674,0.34739,0.16909,0.13956,0.74526,0.15772,0.03731,0.12188,0.15807,0.04356,0.11565
HCASE-03375,0.05184,0.13627,0.09166,0.13652,0.12406,0.06524,0.13876,0.29964,0.30849,0.1686,0.72696,0.89769,0.09981,0.15632
HCASE-03376,0.11619,0.13089,0.09006,0.89046,0.76512,0.07249,0.04178,0.12099,0.83529,0.02061,0.13307,0.09222,0.08035,0.23931
HCASE-03377,0.09998,0.08949,0.24811,0.55355,0.60217,0.04442,0.09617,0.19507,0.4699,0.13089,0.16321,0.16152,0.17108,0.04898
HCASE-03378,0.28156,0.59489,0.16567,0.11631,0.14605,0.80645,0.02528,0.132,0.10947,0.04512,0.1596,0.11432,0.03813,0.2653
HCASE-03379,0.45766,0.27322,0.04341,0.1481,0.07783,0.06305,0.64789,0.37691,0.15291,0.40305,0.04338,0.15718,0.02302,0.04432
HCASE-03380,0.46601,0.10681,0.19236,0.13816,0.1431,0.17659,0.05327,0.31942,0.29635,0.41609,0.02524,0.19485,0.06806,0.55059
HCASE-03381,0.12544,0.13603,0.65154,0.09142,0.59135,0.12213,0.11308,0.7274,0.04423,0.07153,0.0487,0.13026,0.0443,0.13075
HCASE-03382,0.17176,0.81172,0.14612,0.12248,0.10135,1.0,0.15234,0.03881,0.14909,0.0297,0.03439,0.14821,0.07029,0.12718
HCASE-03383,0.19755,0.83525,0.12742,0.07603,0.08678,1.0,0.0437,0.12536,0.02167,0.02475,0.07025,0.07092,0.13969,0.04296
HCASE-03384,0.12843,0.77299,0.1551,0.13953,0.13549,0.36171,0.53601,0.12946,0.1196,0.0931,0.07215,0.02769,0.02876,0.1487
HCASE-03385,0.08037,0.14872,0.1924,0.09892,0.11842,0.07146,0.05712,0.33108,0.10142,0.06465,0.51566,0.53504,0.31316,0.12363
HCASE-03386,0.09202,0.07479,0.03016,0.13875,0.1308,0.07,0.0644,0.32968,0.07585,0.1739,0.56671,0.63709,0.42835,0.07483
HCASE-03387,0.67271,0.55049,0.0595,0.2691,0.26342,0.64071,0.146,0.06117,0.32191,0.13936,0.15441,0.15472,0.03023,0.45925
HCASE-03388,0.60121,0.19995,0.16841,0.17011,0.18928,0.18867,0.06722,0.24668,0.25117,0.43316,0.06356,0.31672,0.1054,0.64331
HCASE-03389,0.02423,0.12219,0.2576,0.45863,0.66532,0.06481,0.11677,0.28635,0.57181,0.02263,0.10018,0.0747,0.09831,0.17343
HCASE-03390,0.48122,0.76951,0.12126,0.14555,0.12875,0.81223,0.09188,0.09696,0.14028,0.02239,0.08017,0.14121,0.05547,0.63765
HCASE-03391,0.10328,0.0659,0.02192,0.02987,0.11156,0.12787,0.11051,0.24036,0.32175,0.05918,0.66334,0.77407,0.08362,0.25823
HCASE-03392,0.03812,0.08522,0.78651,0.43619,0.22541,0.08553,0.13711,0.78356,0.17301,0.13799,0.11738,0.02791,0.09995,0.06416
HCASE-03393,0.4198,0.80662,0.09279,0.14174,0.14411,0.1881,0.81182,0.26414,0.13059,0.2527,0.09013,0.08235,0.12877,0.118
HCASE-03394,0.48498,0.4206,0.13124,0.12255,0.0949,0.1262,0.68878,0.58625,0.11753,0.33906,0.02046,0.06443,0.1231,0.07022
HCASE-03395,0.04764,0.28512,0.9319,0.10128,0.47122,0.1064,0.11052,0.87624,0.09067,0.02513,0.06318,0.03559,0.15089,0.07465
HCASE-03396,0.43725,0.50838,0.0801,0.33689,0.27454,0.40826,0.12638,0.21073,0.30999,0.03574,0.12151,0.07165,0.09811,0.42278
HCASE-03397,0.57145,0.89866,0.11616,0.15819,0.24919,0.99779,0.0698,0.15471,0.15392,0.12111,0.02933,0.07968,0.04382,0.47617
HCASE-03398,0.1977,0.5625,0.19511,0.13266,0.05176,0.78722,0.14559,0.12824,0.14949,0.0544,0.12578,0.14151,0.14569,0.23333
HCASE-03399,0.10744,0.73595,0.07318,0.15409,0.05805,0.63906,0.2444,0.12803,0.0839,0.12224,0.14788,0.18374,0.10366,0.09686
HCASE-03400,0.14531,0.09282,0.15148,0.03346,0.04863,0.1345,0.09007,0.28302,0.17868,0.14109,0.52736,0.67647,0.07259,0.1666
HCASE-03401,0.33014,0.79007,0.15103,0.21673,0.10548,0.10681,0.77658,0.35152,0.03271,0.25177,0.11077,0.14708,0.0995,0.02424
HCASE-03402,0.04665,0.0453,0.10559,0.05392,0.09783,0.03933,0.05865,0.86019,0.19723,0.04502,0.0647,0.06667,0.89758,0.05286
HCASE-03403,0.10608,0.73278,0.08446,0.09057,0.09705,1.0,0.06517,0.23293,0.24324,0.02115,0.10804,0.04993,0.03422,0.07787
HCASE-03404,0.12518,0.24921,0.7179,0.34247,0.09518,0.07307,0.08786,0.57699,0.02126,0.14386,0.07902,0.18512,0.18425,0.1405
HCASE-03405,0.14397,0.06791,0.36225,0.74551,0.49372,0.02222,0.11091,0.33287,0.57074,0.0843,0.08637,0.15309,0.10846,0.19042
HCASE-03406,0.75096,0.23252,0.03227,0.0417,0.12589,0.31863,0.03395,0.03497,0.02091,0.65328,0.12291,0.24555,0.20134,0.83432
HCASE-03407,0.49531,0.29007,0.38109,0.12407,0.05188,0.13856,0.5994,0.74015,0.0444,0.50155,0.09095,0.11327,0.07426,0.08284
HCASE-03408,0.13326,0.09268,0.58309,0.25759,0.41177,0.09756,0.09001,0.55814,0.08259,0.11511,0.11652,0.10825,0.15823,0.11295
HCASE-03409,0.05056,0.04551,0.51637,0.07444,0.55885,0.09295,0.02082,0.89723,0.16486,0.08165,0.10838,0.03922,0.36664,0.15372
HCASE-03410,0.29283,0.68145,0.11081,0.13872,0.07495,0.86724,0.06002,0.14669,0.09975,0.15434,0.13301,0.03327,0.12781,0.18155
HCASE-03411,0.58773,0.15776,0.12899,0.05064,0.11061,0.12673,0.0832,0.32595,0.31751,0.42726,0.05152,0.27919,0.11705,0.59028
HCASE-03412,0.11964,0.22996,0.43884,0.84056,0.58614,0.21487,0.03155,0.3332,0.49318,0.08735,0.11848,0.05442,0.036,0.10081
HCASE-03413,0.20387,0.15368,0.69441,0.62355,0.35113,0.18822,0.14668,0.50669,0.33849,0.09348,0.15613,0.14647,0.07485,0.15849
HCASE-03414,0.11738,0.10193,0.06316,0.13077,0.07659,0.09869,0.04579,0.78261,0.0865,0.07579,0.10005,0.10309,0.8604,0.13819
HCASE-03415,0.11293,0.12375,0.95888,0.40107,0.23231,0.13596,0.10569,0.83419,0.11128,0.12628,0.15008,0.11209,0.10646,0.0527
HCASE-03416,0.10399,0.78774,0.40447,0.03164,0.12089,0.18174,0.29274,0.39706,0.08084,0.059,0.12803,0.03829,0.05448,0.11952
HCASE-03417,0.02811,0.05349,0.07688,0.03282,0.10824,0.08875,0.1259,0.88205,0.66869,0.0849,0.08321,0.71968,0.02251,0.09554
HCASE-03418,0.04583,0.03974,0.04678,0.06362,0.1514,0.02308,0.03429,0.68008,0.26278,0.14031,0.08957,0.23797,0.52458,0.14341
HCASE-03419,0.15678,0.03162,0.0932,0.04573,0.12427,0.0615,0.13623,0.10833,0.11211,0.04594,0.79513,0.80201,0.15455,0.07067
HCASE-03420,0.19272,0.92788,0.17653,0.20159,0.10179,0.22018,0.83566,0.03321,0.03301,0.15078,0.07629,0.09939,0.03817,0.0663
HCASE-03421,0.45106,0.36674,0.23537,0.08648,0.07625,0.06609,0.66144,0.58011,0.06645,0.35107,0.1421,0.14794,0.11358,0.05972
HCASE-03422,0.0303,0.09646,0.49513,0.07698,0.4318,0.07776,0.06338,0.93516,0.11195,0.0294,0.10491,0.13651,0.35829,0.10176
HCASE-03423,0.14516,0.65463,0.22719,0.05775,0.08676,0.61017,0.2919,0.0833,0.14724,0.14125,0.14744,0.11275,0.13698,0.06928
HCASE-03424,0.83179,0.50853,0.15008,0.11154,0.09047,0.58378,0.07599,0.07991,0.05938,0.32425,0.15716,0.05618,0.11441,0.91815
HCASE-03425,0.1137,0.64518,0.1139,0.06261,0.13099,0.52925,0.25836,0.14542,0.18481,0.0836,0.02295,0.05094,0.05983,0.1217
HCASE-03426,0.08372,0.76072,0.15545,0.05285,0.07792,0.71663,0.31114,0.07914,0.09815,0.08471,0.07508,0.11859,0.10185,0.06284
HCASE-03427,0.57855,0.83806,0.05893,0.0211,0.10659,0.85845,0.02299,0.08231,0.12359,0.13998,0.03778,0.10128,0.04044,0.67202
HCASE-03428,0.14675,0.03923,0.26638,0.51156,0.6389,0.04593,0.14831,0.34925,0.52012,0.11265,0.09702,0.02898,0.12164,0.21553
HCASE-03429,0.1993,0.92886,0.30576,0.04555,0.10612,0.16718,0.47388,0.25832,0.11992,0.13553,0.15476,0.15158,0.1078,0.04217
HCASE-03430,0.13765,0.82259,0.04959,0.15846,0.14966,0.67304,0.39384,0.02225,0.10463,0.06758,0.07421,0.02776,0.05523,0.15687
HCASE-03431,0.20235,0.11608,0.68584,0.09157,0.71213,0.1736,0.08437,0.72066,0.13817,0.02449,0.05099,0.14633,0.0255,0.0813
HCASE-03432,0.49889,0.06928,0.04732,0.02618,0.02745,0.13044,0.14787,0.28321,0.32467,0.32113,0.0202,0.25598,0.04219,0.69712
HCASE-03433,0.59576,0.21323,0.02466,0.13947,0.15853,0.22523,0.10837,0.26633,0.20451,0.48568,0.09744,0.36279,0.0352,0.64608
HCASE-03434,0.27506,0.69538,0.17137,0.07785,0.02989,0.06151,0.79406,0.34527,0.09878,0.27925,0.06027,0.05823,0.13677,0.11034
HCASE-03435,0.14857,0.12187,0.26652,0.02801,0.3545,0.04231,0.04203,0.68342,0.11161,0.04534,0.04395,0.14789,0.52451,0.04378
HCASE-03436,0.1884,0.48248,0.06928,0.15264,0.09336,0.64805,0.12462,0.11143,0.14603,0.17331,0.17268,0.06382,0.15016,0.19471
HCASE-03437,0.71553,0.47488,0.11505,0.06168,0.12543,0.57575,0.02544,0.04905,0.08959,0.23702,0.10936,0.06527,0.0324,0.96035
HCASE-03438,0.51599,0.61075,0.12382,0.02945,0.09568,0.74053,0.04368,0.05238,0.07151,0.1518,0.1933,0.14319,0.14449,0.38116
HCASE-03439,0.71587,0.41758,0.11381,0.1037,0.09554,0.48225,0.10663,0.20776,0.1811,0.29183,0.10523,0.0701,0.15963,0.76422
HCASE-03440,0.05042,0.13054,0.6527,0.53835,0.25851,0.1127,0.08663,0.45019,0.27135,0.07183,0.14081,0.06018,0.03561,0.02434
HCASE-03441,0.13559,0.49165,0.64215,0.27054,0.05961,0.12689,0.06413,0.61821,0.05367,0.15762,0.13083,0.09196,0.1504,0.11733
HCASE-03442,0.29144,0.19321,0.03924,0.44596,0.48337,0.16975,0.11885,0.0611,0.42836,0.13887,0.14681,0.13508,0.10202,0.2662
HCASE-03443,0.11386,0.05709,0.20594,0.14068,0.04547,0.05102,0.09043,0.77771,0.66147,0.073,0.09231,0.76725,0.06882,0.05835
HCASE-03444,0.47884,0.50181,0.13817,0.07921,0.1205,0.62157,0.13822,0.10439,0.14272,0.20745,0.11944,0.16522,0.2075,0.3498
HCASE-03445,0.35646,0.30098,0.08683,0.54066,0.50701,0.32936,0.05054,0.07914,0.49137,0.03134,0.15141,0.06262,0.02058,0.31061
HCASE-03446,0.06171,0.1452,0.27901,0.64896,0.51718,0.0568,0.06615,0.35372,0.55293,0.04811,0.04418,0.07356,0.03938,0.1321
HCASE-03447,0.41074,0.66266,0.1214,0.05303,0.05613,0.1239,0.71188,0.23437,0.14779,0.19612,0.15827,0.14161,0.07685,0.1259
HCASE-03448,0.37,0.28319,0.15904,0.55111,0.44873,0.32036,0.06482,0.03998,0.5246,0.08057,0.10795,0.10694,0.12669,0.32434
HCASE-03449,0.08316,0.11823,0.35481,0.07151,0.31598,0.032,0.11097,0.84686,0.14177,0.13711,0.04926,0.14417,0.67468,0.04233
HCASE-03450,0.60367,0.09647,0.05088,0.06206,0.03911,0.10984,0.32607,0.24078,0.14777,0.51133,0.03852,0.14224,0.05059,0.72429
HCASE-03451,0.60832,0.43409,0.09386,0.15055,0.08219,0.48513,0.12441,0.10412,0.15364,0.26751,0.08445,0.09431,0.15651,0.61061
HCASE-03452,0.05942,0.05825,0.62952,0.03389,0.49823,0.10811,0.04791,0.958,0.10184,0.13066,0.06209,0.0804,0.42238,0.03065
HCASE-03453,0.36314,0.23332,0.30468,0.10532,0.0429,0.12382,0.33432,0.50272,0.1394,0.30818,0.026,0.07455,0.04208,0.07161
HCASE-03454,0.03768,0.03394,0.31298,0.02002,0.23975,0.07879,0.12863,0.82828,0.08743,0.11853,0.12212,0.16512,0.77601,0.10891
HCASE-03455,0.20587,0.84427,0.21531,0.20041,0.19903,0.80077,0.30138,0.07644,0.03839,0.11275,0.1091,0.09487,0.13584,0.04643
HCASE-03456,0.07839,0.33538,0.73076,0.08989,0.53511,0.07322,0.10675,0.76298,0.02434,0.02478,0.03651,0.10557,0.07078,0.12363
HCASE-03457,0.2555,0.14969,0.03364,0.14196,0.09626,0.07046,0.12465,0.54065,0.48512,0.30004,0.16561,0.60066,0.17527,0.30847
HCASE-03458,0.17297,0.83999,0.22066,0.21923,0.18239,0.84084,0.24629,0.11318,0.09539,0.04192,0.08804,0.027,0.11042,0.07188
HCASE-03459,0.05796,0.0486,0.11453,0.05462,0.10421,0.1008,0.06308,0.34247,0.08463,0.11804,0.6244,0.61141,0.24256,0.02405
HCASE-03460,0.47034,0.68194,0.13901,0.20339,0.12027,0.84946,0.13807,0.06577,0.14621,0.09708,0.04014,0.07059,0.03713,0.45426
HCASE-03461,0.05641,0.02142,0.44006,0.08761,0.53476,0.09264,0.03152,0.71583,0.13639,0.11518,0.02576,0.09543,0.31476,0.07178
HCASE-03462,0.13695,0.09959,0.27787,0.39828,0.52871,0.14073,0.07575,0.23103,0.46278,0.18752,0.07306,0.18268,0.20876,0.06837
HCASE-03463,0.55327,0.81582,0.21917,0.11871,0.1086,0.9032,0.11682,0.15129,0.03491,0.05943,0.05629,0.15099,0.04924,0.47291
HCASE-03464,0.40086,0.48612,0.13023,0.14413,0.13217,0.62988,0.10961,0.08126,0.04066,0.03877,0.05441,0.0712,0.09302,0.36444
HCASE-03465,0.38913,0.80344,0.13825,0.18799,0.1215,0.21809,0.77454,0.31156,0.12699,0.27916,0.02219,0.12794,0.11289,0.13123
HCASE-03466,0.12431,0.06679,0.60522,0.24381,0.33731,0.03662,0.13282,0.61505,0.13532,0.10089,0.03055,0.02301,0.11806,0.16456
HCASE-03467,0.02509,0.56861,0.7078,0.27726,0.02287,0.034,0.1416,0.60887,0.05467,0.12695,0.03264,0.13999,0.07498,0.19389
HCASE-03468,0.65401,0.17239,0.16712,0.07717,0.16025,0.20376,0.23238,0.21965,0.09697,0.5715,0.0869,0.11794,0.10659,0.58036
HCASE-03469,0.75485,0.60112,0.15411,0.05208,0.07808,0.61217,0.07731,0.05498,0.04369,0.36544,0.05073,0.05788,0.10833,0.99011
HCASE-03470,0.4235,0.69335,0.13338,0.21585,0.15199,0.13559,0.74267,0.26025,0.12065,0.25561,0.04823,0.02793,0.06498,0.02899
HCASE-03471,0.27829,0.13083,0.07309,0.14876,0.02985,0.04935,0.06547,0.51193,0.44672,0.30977,0.22858,0.61746,0.20478,0.32725
HCASE-03472,0.25211,0.06722,0.16023,0.02492,0.05844,0.02974,0.07287,0.46639,0.47947,0.25036,0.04556,0.51385,0.08836,0.21557
HCASE-03473,0.72743,0.26448,0.14416,0.06226,0.10488,0.22905,0.10857,0.12885,0.13642,0.551,0.13248,0.17244,0.14166,0.85265
HCASE-03474,0.15876,0.10775,0.14193,0.086,0.11861,0.05916,0.02604,0.48903,0.50263,0.0935,0.31126,0.74408,0.14798,0.21167
HCASE-03475,0.1285,0.10897,0.1983,0.48916,0.5771,0.11541,0.10611,0.30951,0.47291,0.02985,0.07641,0.04039,0.05016,0.04115
HCASE-03476,0.25541,0.2609,0.14376,0.51842,0.59887,0.19715,0.07782,0.07876,0.56114,0.10949,0.13746,0.14257,0.11908,0.43945
HCASE-03477,0.11749,0.09724,0.80609,0.45021,0.26618,0.03011,0.02475,0.73616,0.07063,0.13856,0.11509,0.15522,0.1446,0.03019
HCASE-03478,0.29775,0.67737,0.17797,0.03777,0.12358,0.0836,0.7012,0.27174,0.15397,0.32693,0.08623,0.02153,0.08711,0.1216
HCASE-03479,0.67741,0.55915,0.06943,0.32442,0.27768,0.60957,0.12781,0.07508,0.32733,0.12451,0.06936,0.03201,0.08804,0.45864
HCASE-03480,0.08894,0.0966,0.7826,0.42307,0.25554,0.159,0.1114,0.62763,0.03048,0.09096,0.07741,0.12107,0.123,0.1455
HCASE-03481,0.07323,0.469,0.76476,0.17543,0.06067,0.12183,0.09509,0.64512,0.05958,0.11018,0.08051,0.10346,0.08518,0.03208
HCASE-03482,0.06056,0.02157,0.11428,0.10712,0.03782,0.02727,0.04182,0.76837,0.22253,0.13658,0.09122,0.35682,0.68041,0.14635
HCASE-03483,0.09278,0.03854,0.10141,0.03182,0.09785,0.07056,0.0815,0.85428,0.65744,0.0578,0.03502,0.67637,0.05791,0.17698
HCASE-03484,0.06907,0.27515,0.72913,0.41686,0.08783,0.06042,0.12653,0.71677,0.22025,0.11416,0.03261,0.09674,0.02511,0.12702
HCASE-03485,0.31148,0.04801,0.14888,0.08495,0.05995,0.05629,0.09744,0.49891,0.44939,0.38286,0.12998,0.58666,0.16984,0.34399
HCASE-03486,0.25691,0.24756,0.14475,0.48945,0.37694,0.19108,0.04083,0.08259,0.48974,0.12112,0.04565,0.02197,0.10092,0.30802
HCASE-03487,0.04742,0.05788,0.18578,0.4213,0.56329,0.10487,0.15552,0.34732,0.51416,0.10867,0.1177,0.15548,0.08994,0.03183
HCASE-03488,0.03444,0.1486,0.60025,0.57043,0.20463,0.06493,0.07956,0.49531,0.26927,0.15672,0.07616,0.03453,0.15416,0.04129
HCASE-03489,0.20141,0.61458,0.07693,0.11555,0.10132,0.82117,0.03777,0.05236,0.06765,0.16659,0.10477,0.22347,0.13488,0.30777
HCASE-03490,0.10273,0.692,0.72211,0.07293,0.04497,0.02209,0.03397,0.6111,0.15537,0.15096,0.09675,0.09926,0.12673,0.06231
HCASE-03491,0.45036,0.05242,0.03669,0.06081,0.13183,0.04183,0.04064,0.32262,0.27991,0.40343,0.03661,0.29895,0.1335,0.75502
HCASE-03492,0.0657,0.14434,0.05609,0.02181,0.14101,0.16069,0.1298,0.33243,0.23641,0.07718,0.55378,0.57482,0.05794,0.11757
HCASE-03493,0.12607,0.42557,0.77935,0.20578,0.64719,0.10825,0.11385,0.67472,0.03237,0.07062,0.03008,0.1555,0.06919,0.11907
HCASE-03494,0.55808,0.86071,0.1408,0.13655,0.19967,0.91097,0.05985,0.09647,0.11237,0.12341,0.10506,0.08467,0.1395,0.50159
HCASE-03495,0.0659,0.11537,0.58,0.59049,0.27656,0.12582,0.08671,0.41648,0.28602,0.11181,0.17319,0.12114,0.1346,0.15525
HCASE-03496,0.24227,0.97976,0.16573,0.19812,0.20769,0.85019,0.33994,0.15798,0.14813,0.0874,0.07198,0.11573,0.12598,0.13702
HCASE-03497,0.31428,0.72177,0.11857,0.12023,0.09292,0.82924,0.02427,0.15466,0.08527,0.11157,0.02079,0.1455,0.07613,0.30173
HCASE-03498,0.23943,0.32966,0.04429,0.48881,0.59879,0.32062,0.06172,0.05884,0.44058,0.14553,0.05512,0.04496,0.08138,0.43223
HCASE-03499,0.81689,0.29004,0.06292,0.03556,0.02875,0.46422,0.15812,0.12712,0.14525,0.42784,0.10458,0.11973,0.02323,0.83736
HCASE-03500,0.56337,0.62858,0.03393,0.30867,0.2701,0.5232,0.14864,0.14656,0.20941,0.0485,0.05446,0.12481,0.13845,0.49783
HCASE-03501,0.12405,1.0,0.28049,0.13169,0.11469,0.16691,0.58654,0.23188,0.12079,0.10593,0.05237,0.10459,0.15321,0.11322
HCASE-03502,0.02204,0.08935,0.78118,0.76504,0.27458,0.14377,0.05191,0.62021,0.30992,0.08313,0.14501,0.02077,0.10856,0.07095
HCASE-03503,0.70842,0.82357,0.19777,0.11884,0.17152,1.0,0.04154,0.03578,0.12832,0.04762,0.0487,0.1151,0.10072,0.54222
HCASE-03504,0.14474,0.6408,0.8979,0.27655,0.10771,0.12841,0.0213,0.6929,0.07694,0.02653,0.12976,0.10622,0.1531,0.12626
HCASE-03505,0.32183,0.50785,0.03944,0.0951,0.04404,0.15691,0.64392,0.27699,0.14647,0.13757,0.06551,0.15499,0.08843,0.23932
HCASE-03506,0.12495,0.81141,0.15783,0.04187,0.08917,0.66231,0.28588,0.21698,0.1527,0.09067,0.11118,0.13492,0.08076,0.12966
HCASE-03507,0.10604,0.41871,0.57388,0.17768,0.10078,0.11202,0.11721,0.68139,0.17401,0.04785,0.14545,0.07154,0.13912,0.10197
HCASE-03508,0.62556,0.23347,0.155,0.09237,0.04928,0.35756,0.12401,0.11289,0.1181,0.5392,0.2003,0.20513,0.20987,0.762
HCASE-03509,0.57835,0.63335,0.15067,0.25738,0.39071,0.57143,0.08487,0.15338,0.27736,0.06291,0.13224,0.08072,0.1387,0.61053
HCASE-03510,0.21997,0.19735,0.4768,0.02816,0.53818,0.22578,0.03669,0.83122,0.11412,0.0963,0.13273,0.09062,0.38141,0.10246
HCASE-03511,0.13293,0.1382,0.92282,0.24838,0.45376,0.04039,0.03186,0.91447,0.08426,0.1357,0.13411,0.03139,0.08317,0.14594
HCASE-03512,0.12311,0.08438,0.11253,0.0693,0.03246,0.09764,0.10342,0.78399,0.39248,0.03573,0.09429,0.3736,0.39912,0.03577
HCASE-03513,0.51654,0.625,0.03381,0.02051,0.07323,0.90002,0.10827,0.02208,0.10769,0.13605,0.0235,0.03809,0.07144,0.61913
HCASE-03514,0.71802,0.24368,0.19779,0.18521,0.2083,0.29364,0.15776,0.07963,0.02097,0.51147,0.05947,0.08315,0.13062,0.76165
HCASE-03515,0.6646,0.45531,0.13049,0.13899,0.0646,0.50878,0.11282,0.06881,0.05915,0.26112,0.06782,0.15645,0.04583,0.86623
HCASE-03516,0.03875,0.60534,0.67102,0.04869,0.30983,0.04008,0.11408,0.59701,0.05214,0.05407,0.13898,0.15614,0.15033,0.21299
HCASE-03517,0.08451,0.10817,0.27599,0.57111,0.6426,0.20618,0.13082,0.30337,0.47916,0.07562,0.13345,0.14252,0.149,0.13609
HCASE-03518,0.15702,0.87571,0.18174,0.21258,0.15902,0.90418,0.38228,0.11798,0.1389,0.14674,0.06471,0.15263,0.14714,0.10197
HCASE-03519,0.09546,0.1256,0.22394,0.10149,0.271,0.0649,0.07548,0.79212,0.22197,0.08175,0.05081,0.08001,0.67788,0.02171
HCASE-03520,0.11356,0.32315,0.96513,0.10939,0.61024,0.1436,0.08043,0.74425,0.05781,0.13148,0.14816,0.13812,0.03662,0.04981
HCASE-03521,0.09785,0.80322,0.49692,0.12576,0.20827,0.10895,0.24781,0.4342,0.13587,0.03648,0.09284,0.10092,0.02018,0.04002
HCASE-03522,0.06578,0.14113,0.23021,0.51391,0.68865,0.14811,0.06797,0.25591,0.4178,0.14171,0.1029,0.08467,0.04919,0.02382
HCASE-03523,0.10754,0.14188,0.84022,0.25685,0.46024,0.02477,0.11726,0.72414,0.10397,0.10952,0.05633,0.1181,0.10354,0.10671
HCASE-03524,0.53978,0.81463,0.09911,0.1009,0.10522,0.91519,0.09219,0.02407,0.05051,0.099,0.10673,0.10415,0.11682,0.49558
HCASE-03525,0.02533,0.03408,0.52337,0.65999,0.30452,0.08976,0.03672,0.44939,0.32327,0.04241,0.08131,0.06181,0.07792,0.14709
HCASE-03526,0.63653,0.39993,0.22758,0.17667,0.16724,0.12603,0.69936,0.49679,0.04162,0.42823,0.03431,0.10638,0.06211,0.13151
HCASE-03527,0.14159,0.02241,0.68946,0.61587,0.2549,0.03057,0.124,0.55783,0.31978,0.07925,0.07946,0.15688,0.10164,0.06775
HCASE-03528,0.38244,0.55231,0.03083,0.03032,0.05179,0.61968,0.15491,0.16307,0.13477,0.10579,0.10498,0.05667,0.02113,0.40458
HCASE-03529,0.09158,0.38944,0.55349,0.08377,0.4333,0.11687,0.15132,0.62603,0.05884,0.07703,0.03064,0.03013,0.1066,0.13006
HCASE-03530,0.26421,0.5426,0.13069,0.14488,0.1539,0.76305,0.12311,0.12046,0.02315,0.06421,0.05962,0.14028,0.07007,0.24325
HCASE-03531,0.14643,0.27539,0.60457,0.11773,0.37315,0.16439,0.10729,0.53384,0.15614,0.02145,0.05295,0.02814,0.04003,0.10435
HCASE-03532,0.1052,0.14811,0.04848,0.1556,0.02842,0.06924,0.08281,0.88447,0.4427,0.10618,0.18671,0.61486,0.35223,0.15342
HCASE-03533,0.65418,0.50801,0.17694,0.18625,0.15322,0.58527,0.04371,0.05248,0.12495,0.21131,0.03168,0.09118,0.1106,0.81895
HCASE-03534,0.3179,0.59145,0.11033,0.05616,0.07667,0.15217,0.6961,0.28384,0.11677,0.28335,0.15707,0.14474,0.10728,0.14437
HCASE-03535,0.61475,0.1165,0.12207,0.04463,0.02504,0.09855,0.09903,0.27019,0.32695,0.47347,0.14988,0.34189,0.13407,0.58083
HCASE-03536,0.19238,0.11511,0.06728,0.08612,0.04402,0.17622,0.07834,0.67098,0.09313,0.03448,0.09342,0.15223,0.80787,0.02828
HCASE-03537,0.04092,0.10647,0.84915,0.33603,0.55048,0.09771,0.04491,0.82523,0.24415,0.13488,0.09852,0.13802,0.08363,0.12004
HCASE-03538,0.81473,0.53224,0.05488,0.08769,0.0783,0.45918,0.14968,0.15727,0.15952,0.27451,0.06679,0.06827,0.08591,0.75403
HCASE-03539,0.12735,0.51488,0.69252,0.06563,0.32049,0.13796,0.02769,0.65773,0.11105,0.09486,0.10808,0.11714,0.12669,0.02174
HCASE-03540,0.06246,0.05348,0.24452,0.10261,0.24067,0.03566,0.02139,0.76354,0.14915,0.14552,0.18174,0.21389,0.62747,0.15865
HCASE-03541,0.42903,0.35662,0.05306,0.32699,0.25307,0.48789,0.04367,0.07559,0.22021,0.16215,0.22346,0.09097,0.10448,0.35037
HCASE-03542,0.12312,0.90336,0.64927,0.07209,0.03549,0.09181,0.34277,0.49498,0.02731,0.13483,0.04323,0.12068,0.02237,0.05716
HCASE-03543,0.06765,0.70087,0.06189,0.04996,0.13899,0.6321,0.29608,0.11775,0.10933,0.19729,0.06876,0.19757,0.10943,0.09917
HCASE-03544,0.16752,0.18236,0.02592,0.04086,0.07936,0.07601,0.14541,0.37348,0.28261,0.03376,0.55513,0.76158,0.02323,0.0867
HCASE-03545,0.18091,0.16726,0.20378,0.13355,0.19331,0.10121,0.02716,0.27438,0.08434,0.06224,0.58942,0.65616,0.39028,0.0286
HCASE-03546,0.18182,0.19524,0.58831,0.48724,0.21493,0.16945,0.0422,0.48281,0.28801,0.10791,0.03854,0.08388,0.04101,0.02152
HCASE-03547,0.19403,0.05547,0.314,0.18375,0.34224,0.17708,0.08568,0.71906,0.06688,0.0855,0.15289,0.05074,0.50615,0.04834
HCASE-03548,0.63865,0.59341,0.13861,0.40609,0.37531,0.68457,0.06161,0.10237,0.2963,0.14591,0.13065,0.1092,0.14973,0.65337
HCASE-03549,0.06062,0.09612,0.15427,0.12987,0.14961,0.15026,0.02064,0.78792,0.25199,0.22296,0.15597,0.33964,0.76551,0.1579
HCASE-03550,0.13401,0.09321,0.34557,0.14402,0.24949,0.07347,0.02939,0.94136,0.23041,0.12198,0.07373,0.06954,0.59009,0.1306
HCASE-03551,0.13905,0.78504,0.21153,0.1288,0.11227,0.77137,0.32908,0.03181,0.15556,0.05184,0.04754,0.02113,0.12743,0.06993
HCASE-03552,0.18045,0.59183,0.23497,0.15159,0.14338,0.89954,0.13954,0.12865,0.0371,0.09978,0.07746,0.05282,0.10971,0.2793
HCASE-03553,0.0766,0.09261,0.22059,0.07678,0.12019,0.03403,0.14703,0.90298,0.50528,0.05554,0.15037,0.61649,0.34819,0.15117
HCASE-03554,0.08106,0.12918,0.83595,0.33991,0.48518,0.10207,0.12709,0.84162,0.12264,0.14461,0.12338,0.07157,0.15477,0.08618
HCASE-03555,0.44094,0.35324,0.40827,0.06074,0.09063,0.03732,0.45071,0.67369,0.06128,0.41064,0.13593,0.04606,0.08351,0.14885
HCASE-03556,0.21649,0.95493,0.2959,0.09277,0.05156,0.17519,0.54203,0.2001,0.087,0.08322,0.05758,0.08711,0.10863,0.12703
HCASE-03557,0.17196,0.38845,0.75042,0.44269,0.18276,0.19495,0.143,0.58031,0.09888,0.1014,0.08571,0.06576,0.04366,0.03929
HCASE-03558,0.04861,0.06117,0.15197,0.02098,0.08987,0.03141,0.13375,0.30046,0.15732,0.02819,0.52965,0.57908,0.31139,0.22772
HCASE-03559,0.09074,0.03966,0.73935,0.13288,0.69554,0.11449,0.02404,0.78261,0.13767,0.09043,0.10948,0.02536,0.0329,0.26043
HCASE-03560,0.67433,0.08312,0.11864,0.11656,0.13452,0.13238,0.52042,0.48983,0.13441,0.52741,0.15468,0.06504,0.02125,0.30645
HCASE-03561,0.28738,0.6201,0.14617,0.07003,0.154,0.72922,0.13291,0.05426,0.13147,0.12361,0.12309,0.18947,0.14901,0.21584
HCASE-03562,0.50798,0.29425,0.1727,0.09623,0.14795,0.02408,0.67833,0.43806,0.02313,0.44953,0.1541,0.13181,0.10832,0.04172
HCASE-03563,0.06207,0.02945,0.62549,0.73363,0.25068,0.14524,0.1506,0.61224,0.3658,0.10129,0.10055,0.13536,0.12357,0.10064
HCASE-03564,0.05447,0.76369,0.05389,0.04162,0.11222,0.41737,0.57909,0.18063,0.12399,0.04756,0.1171,0.10766,0.07252,0.12762
HCASE-03565,0.11185,0.0445,0.72562,0.22389,0.52486,0.12188,0.05273,0.82079,0.14752,0.0903,0.11648,0.08997,0.06618,0.04601
HCASE-03566,0.31517,0.0625,0.06767,0.11859,0.11261,0.14887,0.10306,0.48205,0.46517,0.39717,0.1548,0.60771,0.19662,0.30265
HCASE-03567,0.44746,0.72811,0.09115,0.13948,0.14656,0.17525,0.80686,0.2596,0.0655,0.1809,0.15377,0.05572,0.04909,0.12098
HCASE-03568,0.10975,0.85983,0.15228,0.21143,0.13289,0.35146,0.50818,0.04982,0.02177,0.04373,0.02004,0.10656,0.07675,0.07426
HCASE-03569,0.15094,0.08887,0.81881,0.46012,0.24785,0.09187,0.14082,0.87385,0.19582,0.09805,0.07209,0.05069,0.1519,0.15418
HCASE-03570,0.33521,0.57878,0.12825,0.05416,0.02714,0.91766,0.14449,0.21479,0.10949,0.13077,0.04671,0.15275,0.12326,0.30375
HCASE-03571,0.06802,0.12766,0.31207,0.05142,0.31163,0.07108,0.04264,0.88047,0.23111,0.10535,0.08935,0.03573,0.61479,0.04278
HCASE-03572,0.20303,0.56103,0.70895,0.11509,0.34573,0.15467,0.04766,0.53198,0.12851,0.11269,0.09351,0.11951,0.15703,0.0204
HCASE-03573,0.75189,0.53039,0.1129,0.03594,0.08998,0.55245,0.02394,0.12782,0.13883,0.28174,0.06244,0.0704,0.03005,0.79275
HCASE-03574,0.07079,0.09376,0.28439,0.51669,0.57062,0.07935,0.05421,0.30165,0.49878,0.07142,0.0301,0.09001,0.08912,0.09573
HCASE-03575,0.09814,0.13861,0.87984,0.43303,0.25044,0.11996,0.08073,0.81839,0.23086,0.08329,0.08574,0.11473,0.15888,0.09521
HCASE-03576,0.1409,0.68092,0.14008,0.14965,0.13531,0.71804,0.22323,0.05755,0.06287,0.12902,0.09101,0.12723,0.11556,0.02828
HCASE-03577,0.04254,0.22493,0.73957,0.45446,0.09526,0.1375,0.07052,0.57265,0.12048,0.19058,0.21156,0.2054,0.1697,0.12107
HCASE-03578,0.08183,0.15321,0.85514,0.67065,0.03959,0.139,0.09892,0.63879,0.11772,0.12003,0.11108,0.12245,0.13242,0.2068
HCASE-03579,0.15339,0.14885,0.10096,0.11091,0.03899,0.06466,0.12936,0.30233,0.12334,0.13056,0.4928,0.43099,0.31214,0.23201
HCASE-03580,0.47248,0.6581,0.24198,0.09988,0.053,0.75688,0.10965,0.20338,0.0239,0.12533,0.08668,0.02056,0.11987,0.4621
HCASE-03581,0.2223,0.91957,0.2297,0.03708,0.13666,0.15175,0.49607,0.19201,0.15139,0.02292,0.12623,0.1282,0.11735,0.14722
HCASE-03582,0.1172,0.10556,0.07312,0.07828,0.07679,0.08926,0.10114,0.38921,0.19839,0.04465,0.53746,0.57382,0.25774,0.05891
HCASE-03583,0.14775,0.65358,0.09526,0.04619,0.1039,0.63783,0.35815,0.07114,0.11493,0.11527,0.06839,0.14588,0.07541,0.2232
HCASE-03584,0.1378,0.15311,0.10005,0.02208,0.1431,0.07875,0.09281,0.79997,0.22134,0.19833,0.12062,0.36501,0.75022,0.09545
HCASE-03585,0.31746,0.58278,0.10877,0.14725,0.02994,0.026,0.64435,0.23529,0.16481,0.17953,0.07055,0.10279,0.03447,0.10797
HCASE-03586,0.07862,0.05443,0.1555,0.13075,0.0796,0.085,0.03609,0.62256,0.50637,0.17986,0.42057,1.0,0.18842,0.11422
HCASE-03587,0.03606,0.12233,0.43175,0.09237,0.40353,0.11909,0.089,0.99338,0.11936,0.11529,0.0556,0.13963,0.30716,0.11311
HCASE-03588,0.1434,0.61042,0.85652,0.28868,0.10127,0.12063,0.12295,0.68745,0.12148,0.05167,0.05035,0.13046,0.0421,0.08299
HCASE-03589,0.13117,0.82842,0.58896,0.09939,0.03281,0.06938,0.21832,0.48976,0.03984,0.09356,0.14586,0.0391,0.05654,0.07445
HCASE-03590,0.49612,0.56494,0.14849,0.30992,0.32236,0.64571,0.15193,0.13236,0.26917,0.12792,0.11941,0.02617,0.11869,0.41416
HCASE-03591,0.15632,0.29262,0.83268,0.02515,0.54416,0.11817,0.05393,0.81296,0.15013,0.10432,0.06104,0.03407,0.08197,0.11915
HCASE-03592,0.09418,0.33605,0.77003,0.42451,0.17364,0.12157,0.03282,0.52894,0.15754,0.14284,0.12633,0.06332,0.09742,0.04563
HCASE-03593,0.61178,0.3727,0.21055,0.13259,0.17595,0.17644,0.7199,0.50444,0.14839,0.50996,0.09623,0.02214,0.03225,0.07339
HCASE-03594,0.71864,0.56556,0.1239,0.1621,0.15299,0.58243,0.08282,0.07395,0.11634,0.25516,0.05466,0.05875,0.10763,0.71851
HCASE-03595,0.2074,0.37631,0.58855,0.0807,0.50406,0.20973,0.06704,0.6345,0.07232,0.15721,0.04898,0.08761,0.03349,0.08652
HCASE-03596,0.34566,0.4051,0.05891,0.47559,0.49714,0.30449,0.04786,0.0601,0.60009,0.04182,0.1581,0.12476,0.06955,0.27188
HCASE-03597,0.64159,0.46049,0.07667,0.07556,0.03346,0.46125,0.0706,0.11727,0.11886,0.26177,0.03341,0.07883,0.12954,0.95839
HCASE-03598,0.71036,0.15077,0.14204,0.15701,0.11949,0.1178,0.10597,0.08631,0.10353,0.6283,0.11813,0.13704,0.15364,0.84046
HCASE-03599,0.14349,0.03327,0.38706,0.57554,0.47241,0.14436,0.1194,0.28921,0.44756,0.09996,0.11891,0.0598,0.12064,0.13006
HCASE-03600,0.06429,0.03074,0.35439,0.11533,0.34078,0.09735,0.14124,0.76251,0.18043,0.02774,0.04767,0.15095,0.55609,0.1586
HCASE-03601,0.12345,0.02574,0.60921,0.13198,0.54755,0.1339,0.13265,0.73579,0.05233,0.07421,0.13775,0.11707,0.14723,0.17563
HCASE-03602,0.63917,0.63375,0.14607,0.08214,0.17181,0.67038,0.13341,0.14996,0.05597,0.10961,0.15513,0.03305,0.15827,0.63249
HCASE-03603,0.37435,0.67849,0.14187,0.04689,0.06128,0.07483,0.6054,0.33839,0.08443,0.19592,0.09478,0.12209,0.14441,0.05548
HCASE-03604,0.52645,0.06399,0.09395,0.06145,0.15981,0.0733,0.14092,0.28284,0.22782,0.43409,0.12239,0.34978,0.03864,0.68398
HCASE-03605,0.37811,0.598,0.2254,0.12058,0.1305,0.62147,0.14163,0.11998,0.15258,0.0205,0.03148,0.09025,0.12459,0.50046
HCASE-03606,0.45038,0.35278,0.11713,0.08901,0.03726,0.09674,0.60982,0.58495,0.0432,0.38148,0.10333,0.14586,0.1585,0.11183
HCASE-03607,0.02836,0.32846,0.7787,0.32701,0.1267,0.05384,0.02241,0.58241,0.08792,0.15386,0.15413,0.07046,0.02657,0.0593
HCASE-03608,0.3792,0.78274,0.0987,0.15699,0.06665,1.0,0.1436,0.0815,0.10339,0.1469,0.12842,0.09851,0.08691,0.30326
HCASE-03609,0.09575,0.1616,0.24157,0.7547,0.55002,0.09653,0.06621,0.27618,0.49849,0.14646,0.15999,0.15138,0.0865,0.04877
HCASE-03610,0.07918,0.06118,0.5008,0.11733,0.51795,0.14441,0.02915,0.90781,0.11495,0.11485,0.03917,0.11159,0.3945,0.13962
HCASE-03611,0.62065,0.42032,0.23189,0.14149,0.08975,0.10275,0.45086,0.6742,0.14827,0.41679,0.1448,0.04895,0.04271,0.06549
HCASE-03612,0.40261,0.3965,0.14623,0.32419,0.32398,0.36467,0.15937,0.09269,0.20235,0.14893,0.1877,0.13083,0.19025,0.38882
HCASE-03613,0.54768,0.11374,0.16281,0.02202,0.12044,0.13198,0.03212,0.08564,0.11975,0.60198,0.13969,0.13938,0.14064,0.73916
HCASE-03614,0.54654,0.42995,0.03052,0.14043,0.02137,0.12765,0.74822,0.51799,0.0248,0.39808,0.03392,0.15007,0.04802,0.09481
HCASE-03615,0.50089,0.2772,0.38021,0.04015,0.06618,0.06498,0.54148,0.65318,0.15352,0.3743,0.15052,0.09324,0.10352,0.06126
HCASE-03616,0.33593,0.63857,0.11897,0.10659,0.15051,0.02872,0.71686,0.28864,0.22569,0.20301,0.11308,0.12133,0.0248,0.1409
HCASE-03617,0.03912,0.83022,0.2693,0.05666,0.06183,0.08431,0.44821,0.21107,0.09959,0.03311,0.08756,0.10099,0.03848,0.15608
HCASE-03618,0.15274,0.09472,0.73036,0.18051,0.42902,0.08245,0.07033,0.75399,0.13601,0.14008,0.05337,0.13918,0.03993,0.09844
HCASE-03619,0.11824,0.1041,0.07109,0.12422,0.06577,0.11783,0.10755,0.34465,0.06063,0.14897,0.70723,0.71795,0.40314,0.12609
HCASE-03620,0.11787,0.71317,0.70772,0.04974,0.15846,0.0435,0.14947,0.40778,0.06921,0.10801,0.09126,0.13386,0.02918,0.09359
HCASE-03621,0.14173,0.12299,0.11931,0.12661,0.15525,0.06126,0.13802,0.80437,0.22813,0.14513,0.03781,0.3063,0.53148,0.16432
HCASE-03622,0.67226,0.09075,0.12719,0.1332,0.03875,0.14242,0.24432,0.33089,0.10219,0.52762,0.15965,0.14939,0.03407,0.63266
HCASE-03623,0.10382,0.04039,0.06455,0.12492,0.06728,0.15305,0.06433,0.34023,0.0449,0.10149,0.52642,0.52319,0.33854,0.15759
HCASE-03624,0.16183,0.175,0.2816,0.52069,0.71452,0.09449,0.09807,0.21881,0.50181,0.10984,0.06848,0.0203,0.09591,0.04127
HCASE-03625,0.11899,0.79353,0.19831,0.19758,0.13335,0.41646,0.62425,0.08613,0.06761,0.10277,0.05286,0.0326,0.07314,0.05539
HCASE-03626,0.14671,0.20636,0.21713,0.06248,0.2633,0.11315,0.07854,0.70082,0.05335,0.14264,0.08637,0.02985,0.47429,0.03371
HCASE-03627,0.0246,0.02195,0.32601,0.04836,0.28103,0.04577,0.09599,1.0,0.19278,0.137,0.08426,0.13802,0.65727,0.15426
HCASE-03628,0.104,0.11613,0.07765,0.0848,0.0637,0.04386,0.07063,0.27753,0.09831,0.1797,0.63276,0.66066,0.41936,0.15098
HCASE-03629,0.65451,0.25799,0.08837,0.04432,0.08675,0.3439,0.13324,0.0866,0.10868,0.49346,0.19704,0.19464,0.1314,0.72493
HCASE-03630,0.72056,0.61864,0.04393,0.0376,0.06051,0.58466,0.03734,0.13983,0.05483,0.29064,0.02943,0.15441,0.09997,0.72453
HCASE-03631,0.4787,0.11963,0.10777,0.13268,0.08699,0.20814,0.12738,0.30662,0.23914,0.33888,0.03369,0.36221,0.0952,0.54879
HCASE-03632,0.63387,0.2144,0.15133,0.14588,0.15708,0.27613,0.0939,0.114,0.12237,0.4693,0.15622,0.13003,0.12042,0.77334
HCASE-03633,0.10899,0.10361,0.12008,0.05067,0.13543,0.10847,0.08877,0.29377,0.09111,0.02133,0.54204,0.4734,0.27025,0.11535
HCASE-03634,0.67863,0.97212,0.15941,0.13651,0.10532,0.9789,0.09483,0.04205,0.13015,0.03149,0.12009,0.08458,0.13823,0.58382
HCASE-03635,0.05156,0.05526,0.03592,0.15642,0.12249,0.07464,0.02963,0.67339,0.04261,0.08549,0.15388,0.02321,0.82229,0.21787
HCASE-03636,0.37434,0.61516,0.18152,0.03011,0.11975,0.68703,0.12239,0.09278,0.05346,0.04287,0.05564,0.03356,0.12525,0.43587
HCASE-03637,0.5364,0.84971,0.03599,0.09002,0.1475,0.86382,0.03281,0.11204,0.06987,0.02789,0.14249,0.06774,0.02825,0.80294
HCASE-03638,0.09814,0.83051,0.46036,0.11197,0.07689,0.04377,0.36388,0.36829,0.15901,0.10829,0.14078,0.11817,0.08565,0.1291
HCASE-03639,0.30527,0.03648,0.10727,0.09119,0.03058,0.10521,0.03746,0.48918,0.39395,0.24213,0.0913,0.44583,0.15729,0.39123
HCASE-03640,0.37984,0.61091,0.10677,0.06292,0.03244,0.84132,0.14622,0.07031,0.13307,0.03118,0.03742,0.15461,0.05816,0.24183
HCASE-03641,0.14748,0.31517,0.6921,0.08258,0.46974,0.15172,0.02653,0.79945,0.21311,0.12135,0.09692,0.1542,0.02846,0.1207
HCASE-03642,0.63831,0.20104,0.10358,0.03969,0.03378,0.18096,0.10985,0.26174,0.23123,0.46489,0.0457,0.32465,0.03502,0.55901
HCASE-03643,0.1154,0.06404,0.22961,0.12625,0.34483,0.03286,0.09201,0.79782,0.10686,0.22184,0.22629,0.12944,0.64508,0.04126
HCASE-03644,0.07062,0.32064,1.0,0.40553,0.02766,0.07774,0.04269,0.70515,0.14642,0.0866,0.09362,0.07695,0.14254,0.09923
HCASE-03645,0.28651,0.63055,0.22189,0.05486,0.02939,0.13062,0.7838,0.39635,0.12711,0.27486,0.04753,0.04236,0.08147,0.14483
HCASE-03646,0.03134,0.23112,0.92925,0.47509,0.05928,0.10356,0.03918,0.91725,0.06863,0.10012,0.05506,0.03718,0.07339,0.04881
HCASE-03647,0.08791,0.81538,0.10729,0.20855,0.17309,0.67432,0.24159,0.14118,0.15457,0.08915,0.04439,0.15135,0.07744,0.02479
HCASE-03648,0.56848,0.08655,0.07632,0.05458,0.13664,0.1109,0.63041,0.57354,0.10148,0.55421,0.22076,0.17183,0.12624,0.02819
HCASE-03649,0.66021,0.61139,0.21254,0.3938,0.40983,0.62919,0.08562,0.09351,0.2558,0.14833,0.09034,0.11097,0.11222,0.48342
HCASE-03650,0.18655,0.59303,0.13593,0.04646,0.11061,0.05163,0.58537,0.25623,0.08868,0.2417,0.13867,0.1003,0.20758,0.07944
HCASE-03651,0.06456,0.70663,0.14595,0.02326,0.09473,0.71369,0.27771,0.21432,0.17928,0.07471,0.13019,0.03859,0.13699,0.12195
HCASE-03652,0.72488,0.0446,0.02425,0.0239,0.15167,0.0264,0.45689,0.4561,0.0749,0.57921,0.10945,0.07744,0.10786,0.38493
HCASE-03653,0.12481,0.08466,0.49893,0.18842,0.52107,0.08245,0.05806,0.72375,0.02675,0.03341,0.02431,0.15723,0.34939,0.07356
HCASE-03654,0.07601,0.13129,0.71277,0.29433,0.52674,0.10847,0.06299,0.64844,0.08914,0.05012,0.14033,0.13685,0.11932,0.09662
HCASE-03655,0.78955,0.04756,0.13741,0.09657,0.12964,0.13805,0.26957,0.23086,0.14818,0.80595,0.13401,0.16646,0.14891,0.70921
HCASE-03656,0.06148,0.12496,0.44846,0.80191,0.56119,0.1209,0.10823,0.38713,0.44484,0.14757,0.14302,0.099,0.09885,0.10671
HCASE-03657,0.19296,0.17311,0.15744,0.35411,0.52477,0.29551,0.1515,0.0905,0.36943,0.06402,0.14751,0.15572,0.10879,0.16303
HCASE-03658,0.51566,0.16789,0.04808,0.13828,0.12821,0.15141,0.1262,0.32975,0.22631,0.49656,0.14155,0.21669,0.14921,0.6015
HCASE-03659,0.19573,0.15761,0.67975,0.40883,0.26189,0.12921,0.14308,0.57867,0.15487,0.15148,0.0787,0.11287,0.05699,0.06318
HCASE-03660,0.25158,0.62493,0.1135,0.14859,0.04929,0.10722,0.72902,0.33813,0.08342,0.18727,0.09146,0.03155,0.10957,0.11169
HCASE-03661,0.11783,0.28767,0.64618,0.07101,0.47233,0.14532,0.02036,0.66473,0.11228,0.06313,0.118,0.07659,0.06323,0.15961
HCASE-03662,0.19561,0.20557,0.08463,0.46748,0.49036,0.22719,0.10878,0.04008,0.4798,0.14314,0.02527,0.13047,0.05731,0.41743
HCASE-03663,0.03651,0.58809,0.05217,0.02201,0.1092,0.69443,0.24693,0.15124,0.11617,0.09549,0.06975,0.12163,0.14331,0.10522
HCASE-03664,0.70931,0.24382,0.13154,0.15213,0.07151,0.22319,0.13379,0.05957,0.14558,0.43134,0.13183,0.06163,0.14683,0.99617
HCASE-03665,0.72521,0.104,0.0899,0.1986,0.09633,0.2011,0.49156,0.5377,0.037,0.56043,0.10923,0.05894,0.07515,0.34981
HCASE-03666,0.06195,0.14068,0.8723,0.45005,0.3613,0.02478,0.05212,0.8069,0.19946,0.15549,0.11425,0.03494,0.15243,0.08098
HCASE-03667,0.04838,0.14769,0.22371,0.12569,0.091,0.1578,0.05345,0.73878,0.38029,0.07235,0.09661,0.4811,0.31628,0.06793
HCASE-03668,0.78194,0.76196,0.08819,0.10981,0.09599,0.775,0.14372,0.09097,0.06116,0.04559,0.09397,0.12435,0.04442,0.95234
HCASE-03669,0.15312,0.03145,0.19978,0.09544,0.0924,0.05959,0.15076,0.83778,0.10238,0.0716,0.09845,0.02086,0.8237,0.07644
HCASE-03670,0.10696,0.15296,0.07632,0.06394,0.14113,0.15075,0.05553,0.1048,0.07387,0.13927,0.74416,0.70679,0.02566,0.13075
HCASE-03671,0.08576,0.15774,0.10433,0.13425,0.07775,0.18544,0.05748,0.74365,0.39024,0.12823,0.10929,0.51637,0.30658,0.15348
HCASE-03672,0.04494,0.14338,0.79695,0.40822,0.26445,0.08919,0.02945,0.88685,0.1606,0.12417,0.07574,0.12706,0.08776,0.0396
HCASE-03673,0.10893,0.05763,0.25513,0.14703,0.32795,0.13443,0.14252,0.68065,0.13639,0.13484,0.12982,0.05154,0.56228,0.17121
HCASE-03674,0.15439,0.16326,0.93988,0.4742,0.38394,0.10301,0.09701,0.79599,0.02353,0.07693,0.15654,0.04985,0.06549,0.13444
HCASE-03675,0.1284,0.0655,0.32922,0.66253,0.40476,0.05646,0.06838,0.269,0.58683,0.08871,0.03305,0.1507,0.02538,0.05794
HCASE-03676,0.07674,0.06666,0.10464,0.03297,0.07526,0.15869,0.06441,0.33389,0.14969,0.19186,0.69117,0.62854,0.33502,0.07245
HCASE-03677,0.10478,0.15552,0.64491,0.15858,0.59576,0.14455,0.10496,0.8031,0.09295,0.15604,0.11917,0.08728,0.08984,0.10244
HCASE-03678,0.07952,0.38315,0.84263,0.15004,0.45875,0.09707,0.13889,0.80917,0.06794,0.0626,0.12524,0.12002,0.07547,0.09048
HCASE-03679,0.07347,0.05053,0.76296,0.38683,0.32226,0.12483,0.02899,0.59708,0.04769,0.04916,0.1365,0.12629,0.05047,0.16531
HCASE-03680,0.02678,0.11389,0.10468,0.10297,0.0704,0.09461,0.15171,0.37347,0.11305,0.09692,0.57256,0.52442,0.30003,0.10555
HCASE-03681,0.89764,0.02763,0.23527,0.04799,0.15806,0.06564,0.59959,0.75238,0.06004,0.76897,0.09322,0.12337,0.06093,0.36941
HCASE-03682,0.10902,0.59296,0.15369,0.02767,0.15972,0.67337,0.29847,0.03317,0.03425,0.1093,0.13778,0.14659,0.09161,0.2211
HCASE-03683,0.08127,0.57575,0.74275,0.20514,0.18032,0.0786,0.06482,0.47439,0.11504,0.02269,0.02693,0.14494,0.12226,0.07545
HCASE-03684,0.08904,0.06103,0.09029,0.15932,0.05487,0.08664,0.08986,0.83589,0.56763,0.1311,0.06086,0.48303,0.27864,0.13086
HCASE-03685,0.15781,0.83065,0.03266,0.11957,0.07842,0.41333,0.47356,0.08903,0.1784,0.06847,0.10831,0.03768,0.02055,0.07483
HCASE-03686,0.70969,0.46423,0.22207,0.05234,0.08208,0.46612,0.13198,0.12738,0.14009,0.25352,0.13084,0.04122,0.15686,0.65717
HCASE-03687,0.66482,0.64366,0.11605,0.02287,0.12406,0.69465,0.07868,0.15841,0.15773,0.10302,0.02982,0.02796,0.10994,0.8128
HCASE-03688,0.07161,0.0983,0.46763,0.4731,0.26243,0.08391,0.07639,0.43333,0.32414,0.04302,0.07814,0.12904,0.12008,0.06145
HCASE-03689,0.06765,0.42161,0.57062,0.05417,0.28524,0.14786,0.09747,0.55406,0.07383,0.13698,0.12747,0.08092,0.08879,0.17173
HCASE-03690,0.16181,0.23666,0.04151,0.42411,0.48662,0.23332,0.03036,0.05881,0.37073,0.19067,0.14727,0.19709,0.09926,0.29176
HCASE-03691,0.02899,0.08245,0.35273,0.7073,0.51507,0.08257,0.14039,0.35584,0.53663,0.05814,0.03977,0.02467,0.08962,0.2473
HCASE-03692,0.47013,0.36433,0.33698,0.04883,0.04937,0.02919,0.52938,0.65092,0.11622,0.39782,0.1157,0.08569,0.15506,0.05165
HCASE-03693,0.06812,0.09637,0.05858,0.05566,0.04084,0.04018,0.14574,0.78014,0.55554,0.17437,0.16051,0.54113,0.45839,0.14106
HCASE-03694,0.56143,0.69519,0.11477,0.41446,0.33847,0.68264,0.13027,0.06113,0.27466,0.11519,0.05579,0.08805,0.08299,0.57383
HCASE-03695,0.70177,0.59525,0.15879,0.12393,0.10092,0.51138,0.09478,0.21478,0.24616,0.26412,0.15437,0.12584,0.06685,0.83412
HCASE-03696,0.03862,0.09623,0.1604,0.05354,0.06882,0.14259,0.15005,0.85947,0.64269,0.08646,0.04926,0.7268,0.07418,0.07058
HCASE-03697,0.45666,0.07231,0.14039,0.12091,0.0558,0.15448,0.09039,0.30053,0.30667,0.38933,0.13924,0.25669,0.10979,0.52481
HCASE-03698,0.06841,0.11194,0.03706,0.0417,0.15,0.13101,0.0358,0.498,0.38175,0.18728,0.32472,0.65167,0.14312,0.03899
HCASE-03699,0.1307,0.06416,0.92929,0.52833,0.13166,0.03177,0.12145,0.6993,0.02436,0.02933,0.09502,0.12479,0.04443,0.1498
HCASE-03700,0.0903,0.39916,0.84104,0.38626,0.13683,0.10952,0.11113,0.58401,0.10503,0.09082,0.07029,0.04359,0.06512,0.02442
HCASE-03701,0.66083,0.76036,0.02478,0.07563,0.09969,0.954,0.04171,0.04302,0.08816,0.06851,0.05973,0.14293,0.11916,0.52612
HCASE-03702,0.06058,0.08916,0.18814,0.12206,0.08879,0.02289,0.02758,0.30821,0.07458,0.15631,0.45466,0.5466,0.28385,0.12356
HCASE-03703,0.19561,0.12842,0.27449,0.14923,0.3379,0.12448,0.09408,0.66242,0.02387,0.06059,0.13952,0.09438,0.51801,0.11967
HCASE-03704,0.13629,0.14995,0.69356,0.15483,0.72932,0.0982,0.07853,0.81332,0.12823,0.09644,0.11894,0.1406,0.05816,0.02206
HCASE-03705,0.65544,0.08965,0.13311,0.03896,0.07346,0.07655,0.21739,0.33019,0.0274,0.60672,0.09702,0.09063,0.06798,0.63309
HCASE-03706,0.13485,0.05932,0.2832,0.02408,0.19158,0.11319,0.06508,0.61144,0.06556,0.05167,0.12682,0.02856,0.59376,0.05529
HCASE-03707,0.02663,0.12166,0.16417,0.06096,0.11485,0.10876,0.14821,0.40146,0.32078,0.15693,0.62704,0.76384,0.03948,0.06436
HCASE-03708,0.68128,0.66939,0.15096,0.27857,0.27853,0.60966,0.07631,0.1501,0.25838,0.03932,0.10606,0.11007,0.05376,0.52417
HCASE-03709,0.14408,0.02265,0.13661,0.03383,0.15535,0.11202,0.10335,0.7119,0.10219,0.15957,0.15339,0.20615,0.81833,0.07512
HCASE-03710,0.60936,0.17451,0.15966,0.12416,0.1113,0.20296,0.14585,0.11798,0.11263,0.40397,0.07666,0.1063,0.04629,0.60809
HCASE-03711,0.14747,0.12478,0.69734,0.14414,0.67342,0.08715,0.04918,0.73522,0.12449,0.02328,0.1541,0.15156,0.03139,0.09648
HCASE-03712,0.58603,0.3384,0.174,0.04047,0.08177,0.31713,0.1428,0.14808,0.10945,0.49948,0.15231,0.03002,0.07947,0.6973
HCASE-03713,0.71344,0.84256,0.15166,0.23921,0.18731,0.97364,0.14311,0.0842,0.09115,0.1509,0.09755,0.08825,0.09401,0.56155
HCASE-03714,0.47443,0.2094,0.31497,0.0206,0.1568,0.05045,0.48031,0.56131,0.15671,0.36544,0.09138,0.06284,0.07962,0.15684
HCASE-03715,0.62029,0.52587,0.16647,0.35189,0.37002,0.64544,0.08451,0.09778,0.32375,0.08184,0.13111,0.08576,0.05068,0.54628
HCASE-03716,0.06157,0.17133,0.28338,0.70659,0.48374,0.18248,0.06337,0.31067,0.4458,0.13362,0.04014,0.11408,0.11579,0.02048
HCASE-03717,0.2851,0.61473,0.02111,0.04552,0.12271,0.122,0.61313,0.27951,0.08211,0.2617,0.02015,0.05965,0.0264,0.09851
HCASE-03718,0.66771,0.19164,0.04614,0.13078,0.09615,0.12905,0.07448,0.09393,0.10617,0.62266,0.04291,0.15444,0.10593,0.79619
HCASE-03719,0.24048,0.63032,0.14817,0.04978,0.05229,0.81845,0.05589,0.03049,0.08818,0.13079,0.15378,0.15262,0.11044,0.18334
HCASE-03720,0.03076,0.34152,0.7845,0.04165,0.54889,0.04366,0.1278,0.86662,0.12725,0.03773,0.08853,0.06966,0.06695,0.0785
HCASE-03721,0.15598,0.06486,0.81424,0.37101,0.21632,0.11037,0.14554,0.73849,0.1035,0.02078,0.13106,0.14972,0.14265,0.07069
HCASE-03722,0.52961,0.7018,0.11267,0.03804,0.08119,0.83092,0.02634,0.0289,0.11396,0.08489,0.12515,0.11119,0.1229,0.6439
HCASE-03723,0.10321,0.05411,0.36355,0.43064,0.6565,0.125,0.12011,0.3942,0.5542,0.14444,0.11046,0.14934,0.11002,0.04924
HCASE-03724,0.02487,0.09031,0.20353,0.11084,0.13834,0.15484,0.04441,0.60244,0.25369,0.11898,0.11503,0.16968,0.56518,0.07298
HCASE-03725,0.22756,0.15533,0.35039,0.70459,0.53601,0.16486,0.05591,0.34409,0.53556,0.05572,0.09925,0.11512,0.03069,0.14453
HCASE-03726,0.03343,0.05231,0.57175,0.75815,0.36618,0.15728,0.06225,0.61326,0.43656,0.03285,0.11468,0.11335,0.07539,0.12802
HCASE-03727,0.26427,0.23183,0.0513,0.52015,0.46311,0.21777,0.14699,0.12144,0.50039,0.11689,0.14417,0.05254,0.07596,0.31663
HCASE-03728,0.67,0.0587,0.11588,0.08542,0.15928,0.05075,0.13008,0.10998,0.18226,0.45699,0.03958,0.15391,0.02027,0.6196
HCASE-03729,0.07341,0.19676,0.218,0.03771,0.29593,0.11626,0.14842,0.6849,0.09394,0.07296,0.11787,0.1307,0.46876,0.12903
HCASE-03730,0.13042,0.58695,0.71577,0.0215,0.26366,0.11117,0.09126,0.71463,0.08772,0.11895,0.0385,0.09893,0.02517,0.23763
HCASE-03731,0.54822,0.5824,0.14558,0.0622,0.04116,0.5126,0.11214,0.11594,0.03051,0.06906,0.02764,0.11564,0.09937,0.61274
HCASE-03732,0.57765,0.0323,0.08271,0.09121,0.13836,0.15973,0.13865,0.36465,0.24978,0.60757,0.11818,0.33119,0.14498,0.56313
HCASE-03733,0.19206,0.20492,0.57166,0.70297,0.30256,0.15646,0.07803,0.43484,0.21081,0.12032,0.10986,0.13082,0.11613,0.02431
HCASE-03734,0.12825,0.03206,0.02978,0.02827,0.0513,0.05062,0.05971,0.28147,0.2508,0.18765,0.66093,0.88125,0.17209,0.12774
HCASE-03735,0.51153,0.34928,0.42665,0.12096,0.1409,0.03591,0.4461,0.75867,0.13273,0.39563,0.14482,0.12151,0.14421,0.05439
HCASE-03736,0.14442,0.78251,0.80209,0.09978,0.0748,0.1504,0.12039,0.72227,0.02524,0.11099,0.08138,0.12807,0.0844,0.02453
HCASE-03737,0.5668,0.53605,0.02541,0.39545,0.31787,0.49156,0.07169,0.06603,0.20834,0.12927,0.04266,0.10171,0.03648,0.6663
HCASE-03738,0.67035,0.12435,0.08649,0.02888,0.10612,0.12272,0.29257,0.32841,0.09656,0.53836,0.11631,0.15196,0.04423,0.73769
HCASE-03739,0.12418,0.03081,0.2263,0.07638,0.03659,0.07048,0.08409,0.51063,0.46534,0.14807,0.29759,0.75346,0.05199,0.13609
HCASE-03740,0.07807,0.15733,0.14747,0.68162,0.61754,0.10934,0.05914,0.12973,0.7387,0.08141,0.02311,0.05466,0.05809,0.0991
HCASE-03741,0.05471,0.83202,0.16195,0.04055,0.12461,0.44694,0.54359,0.18778,0.13895,0.08792,0.096,0.12358,0.10568,0.06761
HCASE-03742,0.58191,0.28999,0.41556,0.12608,0.09608,0.13899,0.48031,0.67645,0.04412,0.4272,0.14182,0.11271,0.11407,0.07714
HCASE-03743,0.59503,0.85572,0.13117,0.19273,0.23341,0.90164,0.14534,0.10884,0.13004,0.10752,0.03,0.12285,0.05205,0.48204
HCASE-03744,0.09497,0.16922,0.69393,0.16435,0.71174,0.16187,0.07845,0.63164,0.10107,0.04016,0.0585,0.10236,0.11139,0.13821
HCASE-03745,0.24454,0.54636,0.06515,0.03204,0.14914,0.81915,0.14962,0.06932,0.05644,0.13935,0.11773,0.06456,0.07697,0.36961
HCASE-03746,0.23386,0.89436,0.07227,0.04335,0.09842,1.0,0.06201,0.10619,0.10359,0.10455,0.08391,0.02411,0.05822,0.10672
HCASE-03747,0.15018,0.04732,0.1053,0.09779,0.06525,0.03895,0.05696,0.28551,0.23281,0.18634,0.63045,0.93501,0.21394,0.09517
HCASE-03748,0.1851,0.90646,0.02234,0.05781,0.08596,0.42347,0.63486,0.14127,0.1152,0.11052,0.1597,0.11563,0.02352,0.0911
HCASE-03749,0.42344,0.08968,0.12751,0.05199,0.02792,0.02934,0.02799,0.27313,0.26577,0.42071,0.08515,0.28098,0.15472,0.49833
HCASE-03750,0.13213,0.16368,0.10305,0.17078,0.11469,0.10965,0.08134,0.37099,0.27454,0.10549,0.47835,0.67241,0.06307,0.04681
HCASE-03751,0.15957,0.23864,0.61876,0.06438,0.45172,0.08104,0.10736,0.60066,0.09526,0.0614,0.11293,0.0307,0.10828,0.12405
HCASE-03752,0.13128,0.89392,0.81245,0.04192,0.08902,0.1631,0.03495,0.72912,0.08377,0.12345,0.11226,0.1143,0.03562,0.1129
HCASE-03753,0.14824,0.11111,0.08392,0.10725,0.10368,0.0733,0.11439,0.29544,0.15576,0.07834,0.51159,0.48774,0.24582,0.04121
HCASE-03754,0.58338,0.68157,0.14293,0.47664,0.41288,0.55978,0.15081,0.15739,0.20674,0.11354,0.06684,0.12005,0.02732,0.48289
HCASE-03755,0.20128,0.17746,0.09884,0.41678,0.46872,0.23947,0.15814,0.16988,0.45327,0.12641,0.0993,0.02084,0.11993,0.17947
HCASE-03756,0.15158,0.07302,0.30627,0.62291,0.80376,0.14533,0.12813,0.36793,0.51715,0.03661,0.08539,0.02088,0.09346,0.24576
HCASE-03757,0.67505,0.72619,0.03921,0.07251,0.0647,0.68906,0.0905,0.09952,0.06418,0.09648,0.05945,0.11049,0.07016,0.57989
HCASE-03758,0.12409,0.82196,0.48929,0.07851,0.09223,0.11375,0.33195,0.3946,0.02028,0.07345,0.0383,0.13574,0.10712,0.0328
HCASE-03759,0.74163,0.54996,0.11982,0.13664,0.05457,0.54916,0.11682,0.14906,0.1768,0.29562,0.03055,0.07694,0.15082,0.79586
HCASE-03760,0.10614,0.14705,0.83387,0.30851,0.47695,0.09668,0.13672,0.79865,0.14139,0.12939,0.14121,0.15612,0.06708,0.1403
HCASE-03761,0.13613,0.68367,0.13381,0.13912,0.04238,0.36494,0.52089,0.12501,0.13039,0.06472,0.03663,0.15409,0.08886,0.15793
HCASE-03762,0.09144,0.04793,0.04278,0.05832,0.07425,0.03149,0.1148,0.58483,0.60059,0.14265,0.42862,0.88929,0.1895,0.15336
HCASE-03763,0.7783,0.29547,0.12693,0.07528,0.10376,0.36425,0.12959,0.03655,0.07266,0.47676,0.13999,0.11599,0.11823,0.96523
HCASE-03764,0.1459,0.51567,0.77797,0.15606,0.29049,0.03441,0.02642,0.7673,0.13678,0.11141,0.02186,0.1416,0.11119,0.13465
HCASE-03765,0.04229,0.82189,0.11178,0.07378,0.02994,0.12438,0.72276,0.04489,0.06794,0.12865,0.19049,0.10943,0.08883,0.08609
HCASE-03766,0.05756,0.0951,0.04038,0.10706,0.13682,0.02891,0.04944,0.79349,0.03349,0.04954,0.10829,0.07328,0.72732,0.20553
HCASE-03767,0.63838,0.73362,0.12482,0.11742,0.15273,0.84236,0.11302,0.08655,0.03046,0.13851,0.09294,0.0642,0.03949,0.51135
HCASE-03768,0.6041,0.28795,0.12882,0.03799,0.12638,0.25993,0.03334,0.12569,0.0355,0.44946,0.20383,0.14553,0.19967,0.75281
HCASE-03769,0.56649,0.26398,0.03517,0.07118,0.03942,0.27425,0.12901,0.14432,0.13246,0.44636,0.20921,0.16251,0.15155,0.80584
HCASE-03770,0.14852,0.15495,0.6078,0.14001,0.44775,0.12829,0.14011,0.8536,0.12659,0.06353,0.13783,0.12498,0.26666,0.06632
HCASE-03771,0.09176,0.15922,0.10397,0.14089,0.15318,0.09291,0.14643,0.61292,0.54067,0.04508,0.32539,0.7401,0.11329,0.03368
HCASE-03772,0.80976,0.46975,0.02324,0.1554,0.15887,0.49345,0.07938,0.15486,0.15358,0.31493,0.13149,0.11076,0.04575,0.92537
HCASE-03773,0.55034,0.30828,0.32617,0.04895,0.0723,0.05215,0.53897,0.82187,0.06687,0.51371,0.04325,0.02124,0.0467,0.09438
HCASE-03774,0.13385,0.02361,0.2137,0.13286,0.23312,0.15626,0.09528,0.82982,0.12598,0.03334,0.03981,0.12451,0.55869,0.02888
HCASE-03775,0.10204,0.78506,0.11228,0.08737,0.06814,0.67649,0.2788,0.21155,0.10558,0.10947,0.02657,0.14526,0.11465,0.11191
HCASE-03776,0.39929,0.30343,0.19616,0.04869,0.10852,0.13765,0.44708,0.54184,0.15456,0.31336,0.04173,0.1429,0.06343,0.08136
HCASE-03777,0.10487,0.11507,0.21304,0.05512,0.09952,0.07284,0.1052,0.37038,0.28475,0.02771,0.56022,0.73582,0.15432,0.06996
HCASE-03778,0.13039,0.10372,0.10904,0.11973,0.03614,0.04572,0.13233,0.37143,0.38136,0.13616,0.5192,0.74046,0.11573,0.05063
HCASE-03779,0.69313,0.06487,0.04482,0.05373,0.06589,0.1222,0.24792,0.33198,0.06874,0.70337,0.20346,0.17594,0.21719,0.59355
HCASE-03780,0.02438,0.02306,0.2603,0.02414,0.24022,0.09241,0.10753,0.96585,0.12934,0.08373,0.07,0.04667,0.71485,0.02508
HCASE-03781,0.13595,0.08661,0.09116,0.02465,0.06915,0.09347,0.05511,0.28424,0.26645,0.04012,0.44252,0.70291,0.06608,0.21579
HCASE-03782,0.14999,0.0291,0.13955,0.06916,0.06117,0.12804,0.05578,0.5278,0.48375,0.09341,0.36031,0.63565,0.11338,0.15066
HCASE-03783,0.17935,0.12129,0.63466,0.27973,0.51885,0.16213,0.1361,0.67081,0.15317,0.05161,0.09741,0.07214,0.02747,0.04418
HCASE-03784,0.21263,0.81682,0.16495,0.16622,0.17237,0.76199,0.33848,0.09474,0.10059,0.15112,0.02942,0.12467,0.04275,0.02768
HCASE-03785,0.54225,0.40192,0.02524,0.04732,0.1401,0.14597,0.69244,0.36683,0.15353,0.40652,0.04876,0.09345,0.02164,0.04155
HCASE-03786,0.65346,0.21494,0.19971,0.17221,0.16925,0.31236,0.15009,0.06711,0.13233,0.35962,0.02862,0.05111,0.11621,0.66973
HCASE-03787,0.09347,0.21077,0.87209,0.54353,0.12626,0.12863,0.12436,0.63039,0.08982,0.10393,0.04888,0.06808,0.09271,0.11843
HCASE-03788,0.0483,0.0877,0.14006,0.05805,0.15094,0.14977,0.04912,0.76822,0.30629,0.13236,0.14263,0.28286,0.49338,0.12162
HCASE-03789,0.19724,0.14085,0.4543,0.1387,0.39637,0.06553,0.07653,0.64117,0.08276,0.14295,0.15418,0.10791,0.2628,0.09867
HCASE-03790,0.50119,0.4642,0.04729,0.30665,0.26923,0.48415,0.07732,0.16434,0.36942,0.07886,0.07957,0.02427,0.14231,0.53252
HCASE-03791,0.03329,0.12563,0.72128,0.22668,0.36624,0.06572,0.1064,0.6545,0.0909,0.04716,0.14288,0.15576,0.06553,0.175
HCASE-03792,0.1446,0.0494,0.13669,0.02075,0.14066,0.04019,0.14438,0.32325,0.14839,0.10888,0.62964,0.71379,0.49465,0.13701
HCASE-03793,0.05487,0.12344,0.08207,0.70825,0.66173,0.09482,0.15809,0.15408,0.68184,0.02507,0.07558,0.13143,0.08885,0.15374
HCASE-03794,0.02622,0.31461,0.80423,0.04784,0.51752,0.08252,0.12724,0.76153,0.14042,0.02663,0.06108,0.12267,0.15982,0.29771
HCASE-03795,0.70091,0.54119,0.10781,0.12078,0.12428,0.60195,0.135,0.13426,0.04152,0.31959,0.02241,0.11654,0.05054,0.76279
HCASE-03796,0.59362,0.17705,0.17006,0.15004,0.09696,0.2305,0.15304,0.08727,0.07788,0.32974,0.11331,0.10092,0.05443,0.67274
HCASE-03797,0.12717,0.09604,0.59255,0.62284,0.3278,0.1183,0.1132,0.4304,0.19756,0.15579,0.12913,0.15928,0.11694,0.05105
HCASE-03798,0.08197,0.50267,0.84374,0.13015,0.33618,0.04076,0.1483,0.69974,0.04821,0.02475,0.14191,0.14283,0.09954,0.06175
HCASE-03799,0.15737,0.96738,0.42579,0.13838,0.195,0.10266,0.56397,0.28738,0.05366,0.07303,0.11166,0.05884,0.11096,0.08211
HCASE-03800,0.41362,0.51599,0.11843,0.28161,0.23058,0.38725,0.07403,0.03524,0.23312,0.03987,0.0313,0.13675,0.12123,0.59509
HCASE-03801,0.09256,0.12948,0.93491,0.2448,0.60371,0.12115,0.1171,0.85641,0.05433,0.07804,0.14042,0.04853,0.10248,0.0773
HCASE-03802,0.23648,0.14164,0.132,0.07786,0.07006,0.11777,0.12391,0.60426,0.46179,0.31938,0.10265,0.46058,0.04053,0.31607
HCASE-03803,0.44256,0.44931,0.10571,0.27507,0.28604,0.41644,0.12863,0.2292,0.35109,0.06934,0.14811,0.13885,0.07368,0.48152
HCASE-03804,0.31548,0.13025,0.10329,0.14052,0.04043,0.08155,0.12672,0.48602,0.44028,0.27265,0.10807,0.37221,0.13175,0.30093
HCASE-03805,0.72011,0.28825,0.15087,0.02969,0.08838,0.30929,0.11563,0.14354,0.09849,0.52324,0.14846,0.08846,0.14609,0.76906
HCASE-03806,0.05058,0.14866,0.12104,0.02274,0.09425,0.03953,0.08546,0.72873,0.20069,0.12071,0.22351,0.27229,0.66187,0.05623
HCASE-03807,0.56989,0.33717,0.37142,0.20668,0.21023,0.21932,0.50544,0.61038,0.09545,0.39116,0.12262,0.13061,0.08779,0.09998
HCASE-03808,0.10115,0.06088,0.61123,0.57562,0.28123,0.11082,0.04215,0.55104,0.37551,0.03314,0.09728,0.13415,0.07942,0.14519
HCASE-03809,0.53749,0.5639,0.09297,0.38354,0.26948,0.51054,0.12254,0.26891,0.35393,0.09879,0.09405,0.10834,0.06655,0.60031
HCASE-03810,0.46776,0.34022,0.13934,0.0425,0.05006,0.05475,0.69184,0.54398,0.11512,0.41732,0.03933,0.10009,0.14758,0.25582
HCASE-03811,0.14573,0.4093,0.65535,0.10128,0.22065,0.13589,0.05027,0.62211,0.06465,0.14654,0.11923,0.15504,0.063,0.2035
HCASE-03812,0.15199,0.91161,0.67541,0.12588,0.05134,0.15349,0.36728,0.51412,0.0673,0.05589,0.03464,0.08438,0.04901,0.03365
HCASE-03813,0.5705,0.33783,0.37648,0.06361,0.08655,0.12265,0.43606,0.76172,0.07191,0.40346,0.02099,0.07848,0.04674,0.13296
HCASE-03814,0.03672,0.71064,0.62636,0.09498,0.05299,0.06016,0.08894,0.4783,0.05742,0.10657,0.06192,0.08679,0.06576,0.19472
HCASE-03815,0.28445,0.29426,0.08972,0.54599,0.56132,0.26471,0.04668,0.13452,0.44818,0.07344,0.09462,0.11232,0.07247,0.47095
HCASE-03816,0.14518,0.73025,0.20111,0.10109,0.18871,1.0,0.15956,0.06841,0.14157,0.13843,0.07993,0.12323,0.08278,0.11297
HCASE-03817,0.44745,0.40697,0.12982,0.20463,0.20884,0.50737,0.13601,0.08833,0.35038,0.20381,0.15819,0.21295,0.17194,0.52095
HCASE-03818,0.32548,0.13164,0.10965,0.1435,0.14555,0.1327,0.02053,0.62517,0.58317,0.32325,0.15542,0.56724,0.04083,0.37151
HCASE-03819,0.05576,0.14626,0.06052,0.0664,0.08654,0.12469,0.05854,0.81098,0.30713,0.15913,0.11013,0.27641,0.60026,0.14674
HCASE-03820,0.11553,0.5218,0.55056,0.13082,0.27781,0.04209,0.03829,0.53418,0.15206,0.13063,0.1845,0.20652,0.1982,0.04549
HCASE-03821,0.59207,0.55903,0.08504,0.32991,0.39124,0.64639,0.13141,0.0806,0.25174,0.15791,0.10081,0.15749,0.13379,0.46998
HCASE-03822,0.08018,0.35864,0.70102,0.40361,0.07351,0.1613,0.09867,0.64262,0.13995,0.15313,0.15288,0.13804,0.08244,0.14604
HCASE-03823,0.07481,0.06787,0.14788,0.0958,0.14757,0.08342,0.07133,0.3537,0.02621,0.22119,0.69906,0.68227,0.41343,0.12305
HCASE-03824,0.06665,0.07578,0.31674,0.57506,0.63357,0.07278,0.07773,0.28695,0.58545,0.11978,0.02433,0.15275,0.10218,0.18079
HCASE-03825,0.60351,0.53402,0.15403,0.37893,0.42597,0.57625,0.08407,0.11295,0.29018,0.07864,0.05397,0.06172,0.09544,0.44687
HCASE-03826,0.48167,0.61385,0.10122,0.09648,0.1363,0.83078,0.13782,0.2465,0.15834,0.03863,0.08718,0.09226,0.13654,0.4981
HCASE-03827,0.55445,0.37959,0.34771,0.19175,0.12876,0.22544,0.4907,0.73917,0.13105,0.39609,0.0496,0.02516,0.06493,0.11514
HCASE-03828,0.49652,0.56424,0.12006,0.1052,0.12236,0.67401,0.15866,0.10127,0.04032,0.07344,0.04328,0.03432,0.10389,0.48184
HCASE-03829,0.67906,0.04864,0.04344,0.09742,0.15569,0.02919,0.21059,0.26174,0.07472,0.58137,0.02051,0.08512,0.03905,0.71608
HCASE-03830,0.14023,0.14056,0.28746,0.13683,0.29215,0.10758,0.13446,0.59647,0.02413,0.09676,0.04261,0.03446,0.5002,0.04036
HCASE-03831,0.04063,0.11721,0.17102,0.03347,0.02336,0.15008,0.08001,0.79754,0.53127,0.13688,0.04355,0.5376,0.23805,0.08831
HCASE-03832,0.49069,0.71581,0.0235,0.07428,0.13576,0.83206,0.15268,0.1056,0.11979,0.09989,0.13475,0.09752,0.07125,0.60066
HCASE-03833,0.51828,0.19982,0.053,0.04565,0.02276,0.07751,0.13658,0.35683,0.17346,0.34061,0.09818,0.19452,0.10221,0.58088
HCASE-03834,0.63883,0.38824,0.19354,0.05699,0.08592,0.41124,0.0718,0.09405,0.10311,0.19428,0.09805,0.08249,0.05588,0.69979
HCASE-03835,0.71771,0.02223,0.12248,0.04657,0.08355,0.12853,0.05262,0.07537,0.07858,0.67158,0.08561,0.14614,0.13979,0.90474
HCASE-03836,0.07975,0.82016,0.60314,0.10313,0.15783,0.07172,0.11832,0.52232,0.1374,0.06155,0.12795,0.03644,0.04818,0.08358
HCASE-03837,0.39136,0.29792,0.05961,0.53578,0.53733,0.43944,0.12121,0.13008,0.53695,0.04126,0.04351,0.0978,0.13553,0.27606
HCASE-03838,0.08911,0.93548,0.26904,0.1073,0.1137,0.12428,0.51845,0.1959,0.13927,0.05713,0.03746,0.15764,0.092,0.08098
HCASE-03839,0.12728,0.72781,0.15235,0.03292,0.05779,0.34053,0.474,0.09348,0.21507,0.05837,0.02579,0.08492,0.08467,0.13142
HCASE-03840,0.60837,0.11408,0.14691,0.10956,0.05522,0.03202,0.47648,0.64567,0.10752,0.68402,0.14279,0.15038,0.04085,0.25994
HCASE-03841,0.11791,0.1156,0.98861,0.33617,0.26413,0.1035,0.06706,0.9045,0.04593,0.13313,0.05258,0.15299,0.097,0.02565
HCASE-03842,0.1042,0.17609,0.11294,0.67532,0.65623,0.10575,0.14305,0.04274,0.68315,0.10043,0.05441,0.13674,0.13104,0.09213
HCASE-03843,0.89593,0.7414,0.15094,0.10427,0.15458,0.64627,0.1355,0.09646,0.12184,0.27067,0.02358,0.13963,0.15065,0.77909
HCASE-03844,0.42617,0.32238,0.34286,0.13287,0.1396,0.06413,0.53436,0.82678,0.0755,0.4634,0.13109,0.13617,0.12804,0.05247
HCASE-03845,0.56515,0.61055,0.03633,0.39325,0.27252,0.55206,0.14351,0.09608,0.36014,0.04877,0.06417,0.11733,0.07762,0.52236
HCASE-03846,0.12416,0.08944,0.04287,0.10559,0.09408,0.11086,0.11028,0.33065,0.02698,0.16388,0.65125,0.67348,0.37566,0.07674
HCASE-03847,0.45967,0.04467,0.12487,0.0763,0.10589,0.10361,0.10146,0.33992,0.22743,0.59819,0.22161,0.33216,0.24242,0.59538
HCASE-03848,0.12875,0.07401,0.08836,0.15907,0.09961,0.06707,0.05488,0.83024,0.69931,0.24152,0.24221,0.91119,0.24207,0.06921
HCASE-03849,0.50028,0.03931,0.03009,0.08971,0.05421,0.13093,0.03065,0.43557,0.3496,0.38448,0.14622,0.31864,0.03736,0.58629
HCASE-03850,0.13416,0.26871,0.70578,0.03963,0.51804,0.14794,0.11012,0.76348,0.05099,0.06509,0.14135,0.14134,0.1409,0.04586
HCASE-03851,0.05705,0.56928,0.67644,0.05758,0.30374,0.06591,0.069,0.67442,0.20501,0.07891,0.15152,0.0331,0.02781,0.06509
HCASE-03852,0.07347,0.08425,0.69366,0.35281,0.44453,0.18151,0.06191,0.68966,0.0761,0.07346,0.11671,0.04303,0.04686,0.06792
HCASE-03853,0.28575,0.5609,0.21847,0.09635,0.03893,0.02129,0.72647,0.40479,0.13803,0.2088,0.10459,0.09377,0.14641,0.12109
HCASE-03854,0.1062,0.06906,0.13026,0.11741,0.13365,0.10443,0.11474,0.32849,0.11282,0.18774,0.72637,0.63299,0.44771,0.10012
HCASE-03855,0.16221,0.73259,0.09307,0.09685,0.11633,0.7183,0.24114,0.14214,0.10358,0.07336,0.12655,0.10994,0.11204,0.09168
HCASE-03856,0.48875,0.45288,0.09619,0.26116,0.36592,0.51105,0.06175,0.06357,0.24189,0.06954,0.1497,0.04212,0.08566,0.56295
HCASE-03857,0.0737,0.94178,0.63103,0.03678,0.1056,0.14126,0.31919,0.54432,0.0569,0.02732,0.06489,0.07959,0.04234,0.11253
HCASE-03858,0.14491,0.14656,0.32405,0.70152,0.52681,0.15714,0.05904,0.20326,0.50933,0.13393,0.02215,0.12451,0.12089,0.0298
HCASE-03859,0.60437,0.88026,0.02456,0.07134,0.10419,0.80778,0.02472,0.1085,0.04741,0.10918,0.04303,0.1557,0.04961,0.41136
HCASE-03860,0.13258,0.06991,0.15273,0.02705,0.04325,0.13044,0.13495,0.70946,0.22129,0.15916,0.12179,0.37367,0.6944,0.10593
HCASE-03861,0.09896,0.84842,0.60498,0.15047,0.02329,0.03506,0.33238,0.46673,0.15688,0.05563,0.09196,0.10076,0.13581,0.05651
HCASE-03862,0.74006,0.43537,0.11851,0.06338,0.03061,0.53475,0.08733,0.06743,0.06505,0.21661,0.04253,0.03039,0.13836,0.80364
HCASE-03863,0.54145,0.38352,0.02704,0.12273,0.03221,0.21539,0.59984,0.56686,0.04982,0.40497,0.0957,0.0738,0.12243,0.13479
HCASE-03864,0.15517,0.02889,0.88971,0.40206,0.25169,0.02003,0.07642,0.74909,0.09883,0.08502,0.105,0.07692,0.13079,0.08088
HCASE-03865,0.06571,0.14031,0.14078,0.02819,0.15692,0.04943,0.03362,0.35485,0.10775,0.03739,0.57326,0.51138,0.37555,0.06819
HCASE-03866,0.13507,0.20956,0.27905,0.64003,0.54555,0.10929,0.1149,0.22058,0.46027,0.15505,0.11535,0.1056,0.12591,0.08438
HCASE-03867,0.14958,0.12559,0.27855,0.48703,0.66522,0.11478,0.06339,0.38545,0.52435,0.07815,0.08958,0.05805,0.03773,0.02029
HCASE-03868,0.46972,0.70022,0.15736,0.13434,0.1289,0.68198,0.14799,0.10914,0.1943,0.14175,0.1156,0.12195,0.07408,0.46486
HCASE-03869,0.90465,0.49844,0.05669,0.11954,0.11271,0.59058,0.09917,0.04922,0.11514,0.3174,0.06684,0.06331,0.09201,1.0
HCASE-03870,0.14437,0.80907,0.2128,0.03844,0.13408,0.34313,0.57425,0.23028,0.05054,0.07384,0.05082,0.08347,0.14819,0.11491
HCASE-03871,0.70301,0.127,0.0365,0.04544,0.12632,0.11643,0.71967,0.68522,0.04537,0.60305,0.11886,0.03108,0.02496,0.17368
HCASE-03872,0.75029,0.30338,0.15946,0.07705,0.1062,0.27472,0.12086,0.06276,0.09285,0.38571,0.04325,0.05784,0.11277,0.80374
HCASE-03873,0.07783,0.10259,0.13193,0.05666,0.1021,0.08027,0.08475,0.83687,0.30301,0.19656,0.25227,0.31115,0.70969,0.04241
HCASE-03874,0.37474,0.49689,0.04119,0.10751,0.02424,0.69527,0.03888,0.0806,0.15735,0.15131,0.13818,0.15091,0.1373,0.37205
HCASE-03875,0.26856,0.56944,0.21526,0.06234,0.12179,0.77519,0.1013,0.15288,0.12692,0.06497,0.03098,0.06678,0.1558,0.30274
HCASE-03876,0.08948,0.08582,0.07754,0.13445,0.13061,0.09879,0.06579,0.39215,0.1233,0.14011,0.47395,0.60177,0.40155,0.0924
HCASE-03877,0.44054,0.09833,0.14772,0.11828,0.11363,0.09486,0.14546,0.36322,0.2613,0.48079,0.04497,0.37823,0.13821,0.75981
HCASE-03878,0.55844,0.46969,0.17122,0.09017,0.19231,0.09455,0.74641,0.51597,0.04911,0.46432,0.14232,0.10405,0.1152,0.05531
HCASE-03879,0.04318,0.55226,0.66896,0.12668,0.34247,0.13369,0.05472,0.7072,0.04344,0.05862,0.15054,0.14444,0.03966,0.2192
HCASE-03880,0.05335,0.11886,0.73137,0.14582,0.5426,0.02845,0.15078,0.90244,0.03696,0.04566,0.06533,0.10441,0.03146,0.09733
HCASE-03881,0.09749,0.74899,0.53311,0.13146,0.13609,0.02445,0.26693,0.49144,0.1547,0.17429,0.11442,0.13904,0.23908,0.02146
HCASE-03882,0.07324,0.11167,0.76143,0.36662,0.22866,0.11527,0.08537,0.7274,0.12876,0.10455,0.1227,0.07085,0.06166,0.18681
HCASE-03883,0.26083,0.44169,0.115,0.09117,0.07561,0.72064,0.07383,0.04276,0.08117,0.20496,0.2082,0.082,0.08404,0.22473
HCASE-03884,0.0843,0.1241,0.0411,0.06454,0.13476,0.10679,0.07556,0.76934,0.41836,0.10739,0.1525,0.27231,0.61494,0.13632
HCASE-03885,0.0853,0.63717,0.96169,0.32148,0.04536,0.13769,0.02753,0.75185,0.0318,0.07328,0.03318,0.11216,0.07017,0.15425
HCASE-03886,0.04025,0.27874,0.76739,0.46833,0.13848,0.15775,0.12308,0.72698,0.06102,0.03366,0.02018,0.08477,0.15582,0.1976
HCASE-03887,0.15341,0.11585,0.09171,0.15593,0.03264,0.15213,0.085,0.36938,0.14994,0.04323,0.61446,0.5857,0.37184,0.21308
HCASE-03888,0.79066,0.14988,0.08107,0.13374,0.15158,0.0243,0.38319,0.23625,0.11558,0.78226,0.13044,0.15025,0.02233,0.87446
HCASE-03889,0.57927,0.55619,0.07645,0.12955,0.09396,0.5593,0.13757,0.06507,0.13196,0.18186,0.15422,0.16914,0.18056,0.53145
HCASE-03890,0.09848,0.76088,0.10926,0.18243,0.19886,0.39637,0.4751,0.11847,0.03916,0.07386,0.12635,0.03695,0.11946,0.04638
HCASE-03891,0.1879,0.80808,0.53874,0.12132,0.10228,0.17797,0.2826,0.40845,0.12537,0.0551,0.1174,0.09976,0.09971,0.06829
HCASE-03892,0.07381,0.14435,0.28448,0.67379,0.62218,0.02635,0.02116,0.33709,0.63056,0.1027,0.10923,0.14946,0.04012,0.21637
HCASE-03893,0.22882,0.49476,0.1189,0.08082,0.12472,0.75172,0.06438,0.13412,0.03533,0.08699,0.02758,0.0407,0.02163,0.33984
HCASE-03894,0.50182,0.49743,0.09042,0.15004,0.1138,0.13405,0.80117,0.47789,0.02462,0.4636,0.12053,0.13615,0.11162,0.05623
HCASE-03895,0.06066,0.15576,0.82026,0.49046,0.24538,0.07517,0.13447,0.75905,0.22829,0.12779,0.13859,0.05113,0.09131,0.04183
HCASE-03896,0.77841,0.15818,0.22632,0.19414,0.21429,0.12467,0.30089,0.25066,0.05607,0.70849,0.08986,0.13207,0.02827,0.61796
HCASE-03897,0.09472,0.11569,0.3812,0.13927,0.36008,0.11261,0.02241,0.76012,0.14808,0.12929,0.0648,0.02891,0.65495,0.05265
HCASE-03898,0.1553,0.16105,0.13167,0.17815,0.09906,0.09939,0.10992,0.52264,0.32922,0.09156,0.34451,0.603,0.0395,0.07275
HCASE-03899,0.09352,0.79501,0.62497,0.12265,0.14795,0.11659,0.21817,0.5087,0.02008,0.02146,0.08882,0.08661,0.02715,0.13279
HCASE-03900,0.1802,0.17209,0.32209,0.09668,0.31109,0.12943,0.0869,0.73333,0.14941,0.09141,0.07951,0.08583,0.52875,0.06158
HCASE-03901,0.54853,0.22173,0.08758,0.0884,0.05264,0.14252,0.09035,0.31809,0.24117,0.41625,0.03498,0.26892,0.12351,0.52965
HCASE-03902,0.30881,0.11026,0.05222,0.08886,0.13615,0.15522,0.08177,0.47012,0.45019,0.40371,0.10583,0.56219,0.21468,0.26596
HCASE-03903,0.11924,0.06747,0.03452,0.10194,0.14391,0.1526,0.07923,0.87206,0.61034,0.12719,0.13705,0.50541,0.33554,0.03177
HCASE-03904,0.10335,0.99867,0.76615,0.02688,0.11889,0.08086,0.30513,0.58244,0.15228,0.13999,0.0435,0.06106,0.06653,0.07176
HCASE-03905,0.11766,1.0,0.14427,0.155,0.14287,0.0982,0.78325,0.10201,0.02473,0.15348,0.0597,0.03504,0.15499,0.10711
HCASE-03906,0.70262,0.27621,0.07676,0.03182,0.13452,0.2128,0.11685,0.2271,0.21432,0.41939,0.15658,0.14662,0.08615,0.81391
HCASE-03907,0.26275,0.04825,0.06417,0.03006,0.047,0.1357,0.03978,0.52972,0.4094,0.2423,0.12338,0.51134,0.12245,0.4796
HCASE-03908,0.15499,0.82854,0.07918,0.05722,0.06455,0.76542,0.30035,0.06203,0.1522,0.02008,0.11589,0.04151,0.0915,0.02154
HCASE-03909,0.59733,0.35119,0.39024,0.15538,0.09425,0.17875,0.41469,0.57513,0.11946,0.47786,0.09624,0.13244,0.13634,0.09876
HCASE-03910,0.02057,0.44857,0.60371,0.06947,0.29071,0.09288,0.1566,0.68061,0.11738,0.09798,0.0833,0.09567,0.0963,0.23194
HCASE-03911,0.64194,0.44326,0.09509,0.03418,0.11335,0.15422,0.64454,0.52989,0.05137,0.48848,0.13168,0.12041,0.03778,0.11684
HCASE-03912,0.55566,0.43631,0.15212,0.17309,0.10266,0.12948,0.73172,0.48077,0.11803,0.40793,0.12546,0.05573,0.1299,0.09918
HCASE-03913,0.65864,0.41236,0.16229,0.1083,0.11362,0.39438,0.13876,0.07946,0.05933,0.17813,0.034,0.07865,0.06102,0.58024
HCASE-03914,0.31564,0.66955,0.0743,0.06626,0.03159,0.80818,0.14255,0.102,0.15567,0.19601,0.21544,0.18324,0.09929,0.2737
HCASE-03915,0.63905,0.14615,0.21536,0.15024,0.21986,0.14882,0.07937,0.31005,0.35712,0.5443,0.12516,0.32323,0.05441,0.65755
HCASE-03916,0.02497,0.34649,0.76124,0.31058,0.07259,0.02307,0.07874,0.71919,0.10632,0.09204,0.05898,0.0948,0.04342,0.08503
HCASE-03917,0.49384,0.72133,0.09336,0.19618,0.10019,0.86461,0.07107,0.09272,0.14767,0.10741,0.10252,0.08841,0.06532,0.46963
HCASE-03918,0.07534,0.11457,0.12394,0.08794,0.12552,0.10872,0.06818,0.61879,0.14584,0.15197,0.0664,0.23211,0.56038,0.20628
HCASE-03919,0.10644,0.05487,0.12629,0.06158,0.13918,0.12714,0.15888,0.74913,0.18161,0.13384,0.124,0.20561,0.65494,0.20016
HCASE-03920,0.09559,0.12297,0.28068,0.68083,0.47994,0.1456,0.07779,0.23955,0.56708,0.08626,0.07392,0.10531,0.13796,0.12106
HCASE-03921,0.11807,0.15722,0.71405,0.32231,0.4287,0.09719,0.12166,0.77152,0.12473,0.05632,0.04768,0.03185,0.0808,0.11831
HCASE-03922,0.5064,0.35877,0.37589,0.13182,0.09006,0.14219,0.44831,0.67863,0.09868,0.34583,0.02223,0.1473,0.07806,0.0284
HCASE-03923,0.51918,0.33679,0.28147,0.06317,0.0411,0.12944,0.5228,0.74242,0.0832,0.37495,0.09408,0.14455,0.06661,0.1491
HCASE-03924,0.64195,0.1102,0.1784,0.11385,0.09529,0.07447,0.4129,0.39663,0.05272,0.57418,0.14336,0.05795,0.09102,0.30089
HCASE-03925,0.06306,0.62053,0.79014,0.18622,0.13551,0.1598,0.03366,0.58408,0.10001,0.07684,0.10538,0.15347,0.03068,0.12731
HCASE-03926,0.0666,0.12395,0.94559,0.32619,0.27572,0.13457,0.12915,0.66259,0.14388,0.12309,0.05625,0.1286,0.15719,0.03101
HCASE-03927,0.48655,0.64611,0.11061,0.12982,0.15615,0.67751,0.03333,0.05712,0.14969,0.02377,0.06436,0.0726,0.02926,0.57743
HCASE-03928,0.11587,0.03627,0.03359,0.02147,0.09512,0.0428,0.06372,0.30968,0.31204,0.11752,0.63029,0.73778,0.14073,0.07201
HCASE-03929,0.15827,0.59406,0.59321,0.1141,0.23456,0.15915,0.03853,0.56055,0.12993,0.0844,0.14537,0.13752,0.09784,0.12892
HCASE-03930,0.17767,0.11631,0.23432,0.44342,0.6411,0.14034,0.06676,0.35225,0.3694,0.07952,0.07997,0.12427,0.11994,0.06993
HCASE-03931,0.49981,0.38705,0.48302,0.06714,0.14063,0.09386,0.48456,0.75536,0.02839,0.43437,0.0394,0.09994,0.06281,0.0629
HCASE-03932,0.07255,0.06218,0.29936,0.09091,0.36981,0.1072,0.13906,0.77788,0.11181,0.21277,0.21337,0.22925,0.65584,0.03325
HCASE-03933,0.25741,0.11573,0.02526,0.05008,0.02309,0.07668,0.07621,0.51567,0.51736,0.36924,0.23016,0.61806,0.2128,0.37962
HCASE-03934,0.66121,0.60682,0.13503,0.34803,0.27585,0.69543,0.08889,0.11264,0.26967,0.02992,0.14866,0.11838,0.09683,0.52176
HCASE-03935,0.70606,0.14002,0.16911,0.17927,0.14444,0.20485,0.53575,0.41365,0.10929,0.59757,0.08255,0.06675,0.08398,0.36403
HCASE-03936,0.68713,0.37927,0.09635,0.14744,0.03559,0.29212,0.09886,0.10018,0.10101,0.43108,0.12387,0.13226,0.14857,0.71682
HCASE-03937,0.05361,0.24286,0.66792,0.30185,0.13263,0.10754,0.02045,0.64055,0.02759,0.13375,0.14222,0.16269,0.16229,0.14866
HCASE-03938,0.5637,0.07724,0.09814,0.11785,0.0996,0.02527,0.42492,0.33795,0.08803,0.63651,0.11657,0.16428,0.17352,0.2424
HCASE-03939,0.48631,0.54011,0.02731,0.33092,0.35254,0.50207,0.14232,0.04314,0.34133,0.12961,0.16084,0.14721,0.10517,0.5159
HCASE-03940,0.05625,0.09706,0.35429,0.0672,0.23194,0.085,0.02845,0.80654,0.11091,0.09914,0.19734,0.20099,0.65027,0.11417
HCASE-03941,0.71118,0.19207,0.10641,0.12339,0.08552,0.23668,0.0369,0.1437,0.02628,0.38303,0.03506,0.15139,0.11742,0.91009
HCASE-03942,0.03868,0.02403,0.11715,0.07838,0.08225,0.12885,0.13224,0.75008,0.43479,0.17001,0.21075,0.63157,0.41187,0.11684
HCASE-03943,0.15247,0.84121,0.39552,0.08179,0.10477,0.1348,0.53498,0.27391,0.04087,0.03741,0.07539,0.06323,0.03672,0.03205
HCASE-03944,0.09307,0.13818,0.12856,0.13863,0.0652,0.08731,0.13782,0.83877,0.5637,0.12129,0.03311,0.48818,0.23674,0.08704
HCASE-03945,0.16842,0.19942,0.35941,0.48677,0.70967,0.19385,0.09977,0.31679,0.40516,0.09904,0.10721,0.03979,0.13783,0.04324
HCASE-03946,0.52623,0.70326,0.09372,0.22686,0.19478,0.79373,0.06564,0.14274,0.05139,0.0366,0.06015,0.05689,0.07309,0.40659
HCASE-03947,0.7448,0.65514,0.03269,0.40151,0.2811,0.64502,0.13693,0.15831,0.3488,0.11676,0.11944,0.03081,0.12583,0.57167
HCASE-03948,0.0635,0.132,0.82239,0.23343,0.44641,0.05635,0.04575,0.77711,0.1377,0.11156,0.13244,0.07806,0.08903,0.10877
HCASE-03949,0.12232,0.74762,0.34435,0.06562,0.07257,0.13184,0.44193,0.26006,0.09607,0.12126,0.06265,0.04624,0.02307,0.13891
HCASE-03950,0.13961,0.07606,0.75975,0.15422,0.64904,0.12121,0.07732,0.70276,0.14438,0.15078,0.0615,0.15919,0.1066,0.25636
HCASE-03951,0.64995,0.07259,0.19834,0.15981,0.14757,0.04818,0.54431,0.5748,0.05589,0.6607,0.10083,0.07938,0.1223,0.28657
HCASE-03952,0.05987,0.14411,0.14621,0.14009,0.07494,0.18344,0.12732,0.69679,0.04405,0.04877,0.11496,0.08135,0.72822,0.11248
HCASE-03953,0.04826,0.86015,0.19355,0.09582,0.07591,0.32889,0.50349,0.12754,0.08803,0.09307,0.05588,0.0832,0.07067,0.12457
HCASE-03954,0.08921,0.21697,0.2146,0.21598,0.14611,0.10069,0.03414,0.74555,0.46592,0.03697,0.11276,0.53254,0.32733,0.11005
HCASE-03955,0.08629,0.1206,0.70048,0.40679,0.30613,0.15718,0.1051,0.7848,0.21228,0.03734,0.15712,0.10222,0.02546,0.07913
HCASE-03956,0.64229,0.13652,0.20327,0.0662,0.11699,0.13081,0.20575,0.30955,0.05831,0.53101,0.02578,0.15968,0.02871,0.57316
HCASE-03957,0.05976,0.0492,0.10865,0.08666,0.12198,0.04617,0.12412,0.61708,0.62283,0.07256,0.03104,0.67156,0.14495,0.14558
HCASE-03958,0.05979,0.04588,0.11303,0.07927,0.03982,0.05797,0.0477,0.73848,0.32032,0.10773,0.04152,0.30302,0.67328,0.19086
HCASE-03959,0.3264,0.0443,0.13999,0.04824,0.11443,0.15909,0.06439,0.58744,0.4692,0.34629,0.07532,0.52577,0.09655,0.2779
HCASE-03960,0.17747,0.4716,0.65532,0.16488,0.12294,0.15923,0.08599,0.47938,0.13281,0.1435,0.11083,0.1003,0.13025,0.06603
HCASE-03961,0.39499,0.65529,0.21315,0.18197,0.20243,0.20575,0.6975,0.22754,0.15046,0.24935,0.11992,0.02701,0.12714,0.11234
HCASE-03962,0.15224,0.09742,0.50057,0.11127,0.47028,0.05921,0.14017,0.83839,0.10387,0.07656,0.04044,0.0597,0.40489,0.02558
HCASE-03963,0.61728,0.45023,0.1017,0.07702,0.04471,0.1985,0.77009,0.4442,0.06158,0.49232,0.055,0.09607,0.06984,0.07515
HCASE-03964,0.07133,0.11362,0.23521,0.15176,0.27706,0.19515,0.02789,0.64023,0.11046,0.15206,0.07659,0.04776,0.52562,0.11331
HCASE-03965,0.27704,0.74992,0.1529,0.15217,0.11128,0.17349,0.779,0.34603,0.13502,0.24649,0.06192,0.13904,0.07632,0.09466
HCASE-03966,0.12999,0.09409,0.83441,0.55221,0.12298,0.12882,0.04589,0.59893,0.08058,0.06034,0.08873,0.135,0.10472,0.03508
HCASE-03967,0.0507,0.10031,0.3299,0.69825,0.43369,0.15258,0.13125,0.29616,0.43993,0.04835,0.0321,0.04872,0.04849,0.18323
HCASE-03968,0.18702,0.17762,0.15493,0.17019,0.06615,0.2019,0.07202,0.35816,0.11178,0.141,0.54106,0.51521,0.34075,0.04848
HCASE-03969,0.04777,0.05129,0.8836,0.2226,0.49874,0.03109,0.1433,0.80856,0.12125,0.15917,0.09128,0.10292,0.04804,0.14376
HCASE-03970,0.74926,0.42668,0.13074,0.1106,0.06623,0.27758,0.09858,0.07754,0.1118,0.50869,0.15817,0.14102,0.14682,0.80476
HCASE-03971,0.83901,0.53127,0.07714,0.14156,0.12247,0.51718,0.14502,0.0609,0.14925,0.23729,0.14891,0.14072,0.09782,1.0
HCASE-03972,0.6778,0.27736,0.13621,0.15569,0.12255,0.34513,0.15955,0.04151,0.11886,0.4021,0.0659,0.13761,0.04325,0.70363
HCASE-03973,0.09427,0.09034,0.14009,0.18698,0.17304,0.11233,0.10923,0.3422,0.05739,0.09886,0.65571,0.66154,0.35844,0.03712
HCASE-03974,0.65021,0.79777,0.09054,0.05161,0.15882,0.9388,0.03586,0.08149,0.14629,0.12996,0.14948,0.15248,0.02841,0.49807
HCASE-03975,0.0926,0.11322,0.08861,0.04518,0.03685,0.08031,0.14218,0.39334,0.17403,0.08514,0.54586,0.64121,0.02371,0.10114
HCASE-03976,0.45588,0.37696,0.2965,0.04972,0.073,0.0905,0.51925,0.52243,0.11276,0.49281,0.06845,0.11316,0.04323,0.14136
HCASE-03977,0.0804,0.07504,0.42934,0.12288,0.37759,0.09207,0.1452,0.64034,0.15061,0.15778,0.14849,0.03133,0.28331,0.11321
HCASE-03978,0.61278,0.67939,0.11833,0.2528,0.31984,0.64286,0.05171,0.04036,0.25105,0.05298,0.10387,0.11567,0.14388,0.57225
HCASE-03979,0.23353,0.68229,0.11663,0.09901,0.12832,0.75028,0.04305,0.07648,0.03782,0.0461,0.12721,0.13927,0.03469,0.18972
HCASE-03980,0.02563,0.31582,0.84915,0.41214,0.02598,0.09955,0.11364,0.84136,0.21678,0.04329,0.10433,0.06285,0.11975,0.12598
HCASE-03981,0.10496,0.15628,0.61935,0.56703,0.33858,0.08951,0.08355,0.48429,0.21385,0.05686,0.13769,0.0648,0.05318,0.02005
HCASE-03982,0.039,0.56346,0.77278,0.04601,0.33516,0.03281,0.0603,0.69246,0.13243,0.04871,0.08129,0.13996,0.12594,0.14099
HCASE-03983,0.11728,0.92618,0.34855,0.17233,0.13663,0.22248,0.58449,0.2591,0.04252,0.04164,0.13648,0.10515,0.02882,0.12869
HCASE-03984,0.16175,0.13458,0.20203,0.1346,0.13657,0.13852,0.1343,0.58614,0.14427,0.05899,0.12517,0.09821,0.74539,0.02264
HCASE-03985,0.70308,0.64674,0.17044,0.439,0.39083,0.61889,0.11379,0.09441,0.27268,0.09054,0.02041,0.14884,0.05326,0.60605
HCASE-03986,0.14783,0.12827,0.113,0.06358,0.08942,0.08382,0.1467,0.50817,0.4571,0.13646,0.43092,0.77801,0.12798,0.04731
HCASE-03987,0.23907,0.52339,0.13134,0.04362,0.11485,0.83366,0.15729,0.11082,0.05934,0.10199,0.07304,0.15989,0.15171,0.26331
HCASE-03988,0.06471,0.58342,0.81519,0.15994,0.23138,0.03728,0.07571,0.73106,0.09881,0.08439,0.12169,0.13412,0.14392,0.12931
HCASE-03989,0.08541,0.10482,0.77402,0.46774,0.30005,0.19771,0.06216,0.68534,0.14689,0.11328,0.05286,0.11373,0.09271,0.05707
HCASE-03990,0.1568,0.11347,0.07985,0.05738,0.15838,0.08397,0.11911,0.86789,0.7293,0.07455,0.04156,0.74178,0.10153,0.06685
HCASE-03991,0.11131,0.85844,0.37928,0.13612,0.10905,0.14631,0.59889,0.30667,0.1404,0.02257,0.10843,0.02019,0.02778,0.06025
HCASE-03992,0.10502,0.11936,0.13428,0.14867,0.12137,0.17955,0.03191,0.27882,0.29492,0.05947,0.56252,0.84372,0.08364,0.1242
HCASE-03993,0.66005,0.69313,0.24742,0.43857,0.35623,0.67358,0.0521,0.12592,0.39933,0.11609,0.15205,0.14147,0.09881,0.52627
HCASE-03994,0.71921,0.56048,0.03357,0.05139,0.04818,0.52837,0.04767,0.13236,0.14192,0.29948,0.09376,0.09886,0.13223,0.78495
HCASE-03995,0.26575,0.34383,0.09093,0.55317,0.49863,0.27492,0.06929,0.04149,0.49709,0.15829,0.03144,0.06317,0.09049,0.44701
HCASE-03996,0.50328,0.15203,0.10052,0.09857,0.09806,0.07329,0.08115,0.44338,0.27522,0.32484,0.09862,0.30555,0.14236,0.54847
HCASE-03997,0.16831,0.80875,0.24618,0.12114,0.11798,0.20253,0.5114,0.18747,0.12857,0.03585,0.1562,0.0996,0.03092,0.11957
HCASE-03998,0.04301,0.36363,0.57934,0.15183,0.4736,0.02002,0.1148,0.64182,0.14849,0.13654,0.08705,0.12769,0.05592,0.20621
HCASE-03999,0.30819,0.69717,0.24025,0.15818,0.08789,0.14445,0.80096,0.29281,0.13544,0.27875,0.04712,0.03736,0.14573,0.03709
HCASE-04000,0.09378,0.92348,0.19491,0.1624,0.16674,0.4607,0.51556,0.02852,0.0273,0.12428,0.13965,0.08273,0.14667,0.08184
HCASE-04001,0.52891,0.67011,0.07582,0.1394,0.15313,0.78189,0.08579,0.06101,0.04505,0.12091,0.04066,0.08008,0.11432,0.46659
HCASE-04002,0.88192,0.57826,0.17933,0.24257,0.17004,0.54042,0.13021,0.06989,0.138,0.27674,0.14477,0.08223,0.10005,0.781
HCASE-04003,0.10094,0.88932,0.14027,0.08661,0.21952,0.46082,0.43801,0.03615,0.15676,0.13322,0.02543,0.03744,0.02663,0.15605
HCASE-04004,0.09245,0.61295,0.76314,0.13485,0.28584,0.18168,0.10712,0.66586,0.11906,0.15816,0.12811,0.12833,0.1076,0.05304
HCASE-04005,0.09849,0.93836,0.30516,0.17669,0.1689,0.22643,0.52722,0.29255,0.14427,0.08713,0.02608,0.03004,0.09039,0.15123
HCASE-04006,0.09439,0.85583,0.68791,0.07801,0.15456,0.1001,0.31836,0.56931,0.0677,0.06282,0.15188,0.048,0.1262,0.03939
HCASE-04007,0.61094,0.4396,0.09478,0.10768,0.04567,0.47694,0.11375,0.21513,0.14976,0.31228,0.02691,0.07804,0.15356,0.71528
HCASE-04008,0.02854,0.09684,0.2193,0.04216,0.11929,0.06725,0.15186,0.33892,0.24276,0.11416,0.62649,0.83524,0.06949,0.06406
HCASE-04009,0.07193,0.14662,0.07955,0.15417,0.03872,0.10923,0.06624,0.95817,0.46886,0.0268,0.09743,0.38918,0.73578,0.022
HCASE-04010,0.1241,0.04402,0.1147,0.13226,0.06808,0.0534,0.04999,0.22846,0.02019,0.10392,0.57832,0.49493,0.314,0.27754
HCASE-04011,0.21011,0.1478,0.14298,0.19654,0.11323,0.10081,0.12034,0.23279,0.22513,0.12601,0.54387,0.68697,0.10151,0.06324
HCASE-04012,0.06154,0.85231,0.31856,0.0987,0.10079,0.07037,0.54483,0.28471,0.14137,0.13757,0.0279,0.15507,0.05437,0.0843
HCASE-04013,0.05362,0.06243,0.35789,0.03503,0.32514,0.04111,0.11554,0.85562,0.10339,0.1527,0.16579,0.19847,0.70514,0.15545
HCASE-04014,0.03774,0.34745,0.78429,0.46367,0.12038,0.08313,0.10929,0.76943,0.12743,0.0523,0.12228,0.14591,0.07325,0.04816
HCASE-04015,0.60566,0.15079,0.09219,0.04346,0.12485,0.15164,0.47264,0.43947,0.07973,0.51313,0.13647,0.12648,0.05424,0.42681
HCASE-04016,0.10198,0.13576,0.77786,0.2651,0.46475,0.11379,0.15578,0.78279,0.14607,0.04308,0.07995,0.02846,0.14635,0.03891
HCASE-04017,0.11828,0.35843,0.89789,0.4794,0.11561,0.11677,0.15959,0.658,0.06119,0.09883,0.15068,0.06547,0.12996,0.06814
HCASE-04018,0.03621,0.02725,0.74416,0.31509,0.25745,0.08018,0.1389,0.59851,0.04287,0.07743,0.02009,0.04106,0.02809,0.20884
HCASE-04019,0.14872,0.69454,0.15849,0.1508,0.10539,1.0,0.06732,0.1223,0.14989,0.10694,0.06662,0.02109,0.03753,0.12099
HCASE-04020,0.30346,0.56136,0.15411,0.14667,0.04956,0.77874,0.08108,0.15249,0.10485,0.05214,0.05316,0.02124,0.1218,0.2298
HCASE-04021,0.16086,0.17758,0.13734,0.17156,0.13777,0.16816,0.14786,0.68342,0.21175,0.02053,0.04954,0.24793,0.4573,0.08159
HCASE-04022,0.08988,0.77487,0.22306,0.19892,0.2213,0.9883,0.15956,0.12203,0.05468,0.05126,0.13363,0.08266,0.07001,0.07919
HCASE-04023,0.10102,0.1127,0.84275,0.40706,0.2637,0.16225,0.12893,0.66157,0.02507,0.0721,0.12041,0.07131,0.14666,0.10157
HCASE-04024,0.31992,0.74567,0.12507,0.21486,0.19228,0.13525,0.66713,0.35395,0.10217,0.34787,0.11069,0.14053,0.14547,0.08196
HCASE-04025,0.32588,0.33002,0.14648,0.52958,0.53224,0.32061,0.08133,0.10981,0.48787,0.15369,0.02657,0.04487,0.05626,0.51785
HCASE-04026,0.14445,0.02029,0.62356,0.62215,0.35335,0.12181,0.09598,0.61184,0.45101,0.03935,0.04912,0.02946,0.08274,0.15841
HCASE-04027,0.4868,0.31655,0.26271,0.11754,0.06227,0.05075,0.46572,0.73827,0.03995,0.36348,0.10889,0.05456,0.05876,0.22558
HCASE-04028,0.15039,0.76058,0.09269,0.14571,0.12929,1.0,0.1352,0.07843,0.10377,0.11128,0.1247,0.13127,0.05443,0.34005
HCASE-04029,0.08882,0.0582,0.03359,0.09647,0.15983,0.03862,0.08339,0.36399,0.29537,0.11056,0.58902,0.9321,0.21226,0.04232
HCASE-04030,0.09657,0.18066,0.15294,0.13988,0.09781,0.13058,0.14135,0.30158,0.0657,0.06437,0.46564,0.52119,0.25181,0.03346
HCASE-04031,0.33856,0.33071,0.02594,0.43719,0.45415,0.19816,0.0918,0.1099,0.50883,0.11464,0.05996,0.11491,0.05816,0.26297
HCASE-04032,0.09619,0.07119,0.12443,0.16127,0.14106,0.09405,0.10753,0.63519,0.62142,0.14914,0.1194,0.68767,0.14561,0.12248
HCASE-04033,0.03441,0.1238,0.16948,0.04286,0.06199,0.14451,0.12893,0.27231,0.09824,0.15445,0.48213,0.62673,0.32323,0.11525
HCASE-04034,0.15267,0.71113,0.09026,0.0956,0.07214,0.71066,0.32409,0.07429,0.0771,0.05013,0.02036,0.05452,0.09115,0.23783
HCASE-04035,0.161,0.09728,0.339,0.17522,0.27914,0.12218,0.10471,0.78535,0.06591,0.11016,0.03095,0.0939,0.59213,0.1588
HCASE-04036,0.1437,0.10091,0.28318,0.5133,0.59329,0.0415,0.08389,0.27711,0.4606,0.15906,0.04746,0.14109,0.15499,0.07668
HCASE-04037,0.20774,0.85342,0.21564,0.19318,0.13917,0.83164,0.35983,0.13958,0.1538,0.05352,0.09447,0.14744,0.15601,0.15754
HCASE-04038,0.59558,0.75643,0.104,0.12372,0.08206,0.87658,0.12246,0.07112,0.14645,0.03083,0.06801,0.12978,0.05457,0.55598
HCASE-04039,0.09874,0.15321,0.08253,0.1211,0.0938,0.0604,0.14314,0.62716,0.53032,0.11426,0.48928,0.83814,0.17217,0.14814
HCASE-04040,0.13542,0.11028,0.24173,0.13967,0.25691,0.14609,0.07299,0.78759,0.15213,0.13077,0.20342,0.15756,0.71327,0.04139
HCASE-04041,0.03446,0.35628,0.70124,0.08539,0.45879,0.15536,0.02383,0.61401,0.16971,0.03967,0.02406,0.08591,0.04861,0.05206
HCASE-04042,0.66235,0.6519,0.21602,0.4437,0.49963,0.59659,0.15259,0.06061,0.25016,0.11873,0.02111,0.10229,0.12366,0.62877
HCASE-04043,0.612,0.46008,0.02099,0.10499,0.10674,0.42814,0.13941,0.17337,0.17427,0.3577,0.05886,0.09973,0.03232,0.72894
HCASE-04044,0.28197,0.10208,0.13673,0.14425,0.07623,0.10468,0.0488,0.5866,0.47667,0.33484,0.19413,0.61174,0.16069,0.3573
HCASE-04045,0.5283,0.52822,0.11367,0.15737,0.0809,0.44233,0.13744,0.12345,0.15435,0.03946,0.04193,0.11365,0.04849,0.56605
HCASE-04046,0.55615,0.55403,0.14677,0.33263,0.35329,0.57556,0.11356,0.11173,0.31426,0.09506,0.12,0.09254,0.04447,0.54681
HCASE-04047,0.27462,0.70601,0.12291,0.09176,0.02606,0.08688,0.77749,0.23127,0.05181,0.18235,0.06418,0.0353,0.05168,0.08969
HCASE-04048,0.0305,0.52055,0.8036,0.15921,0.35741,0.11953,0.11827,0.70924,0.06241,0.05771,0.1171,0.05218,0.11538,0.09679
HCASE-04049,0.10297,0.87612,0.59228,0.15856,0.10996,0.08416,0.3671,0.45715,0.1301,0.14198,0.1105,0.15215,0.14725,0.07971
HCASE-04050,0.49557,0.71589,0.15898,0.15297,0.0435,0.7645,0.08139,0.19817,0.25139,0.11283,0.06548,0.14711,0.13145,0.60659
HCASE-04051,0.43732,0.53219,0.12057,0.28721,0.20447,0.376,0.12257,0.09887,0.36272,0.08676,0.09965,0.0864,0.13849,0.47744
HCASE-04052,0.1249,0.83838,0.34964,0.14462,0.08176,0.03169,0.60221,0.40945,0.09999,0.15449,0.10758,0.15202,0.1172,0.10404
HCASE-04053,0.14512,0.11582,0.02216,0.04113,0.11322,0.08255,0.051,0.79907,0.47248,0.11922,0.14634,0.4219,0.38438,0.02317
HCASE-04054,0.77593,0.18215,0.15843,0.21608,0.2265,0.20979,0.43961,0.46824,0.142,0.64263,0.11823,0.10311,0.15937,0.28965
HCASE-04055,0.60851,0.73721,0.03022,0.02785,0.0691,0.93619,0.0252,0.12515,0.10698,0.04623,0.11059,0.05191,0.11587,0.7378
HCASE-04056,0.06902,0.07278,0.10671,0.06362,0.05973,0.08309,0.05402,0.75381,0.44161,0.21245,0.10288,0.57682,0.43094,0.02485
HCASE-04057,0.05878,0.71208,0.15126,0.02739,0.04842,0.72121,0.34721,0.08027,0.15192,0.15603,0.21086,0.21992,0.14632,0.13796
HCASE-04058,0.16356,0.15807,0.17119,0.13896,0.16601,0.18017,0.1162,0.76647,0.46754,0.1217,0.03591,0.55859,0.36382,0.12926
HCASE-04059,0.14154,0.04294,0.65408,0.32574,0.51478,0.11804,0.08324,0.69109,0.05058,0.11508,0.10452,0.05406,0.07413,0.23315
HCASE-04060,0.1299,0.03652,0.12666,0.13601,0.02914,0.04765,0.15439,0.79511,0.32075,0.04551,0.02631,0.23292,0.53936,0.028
HCASE-04061,0.59034,0.55718,0.18186,0.36563,0.34006,0.63641,0.02551,0.05164,0.34111,0.15063,0.09075,0.03784,0.05729,0.52876
HCASE-04062,0.10364,0.61087,0.08932,0.14996,0.03961,0.63773,0.24531,0.12807,0.02598,0.12403,0.04546,0.14467,0.02792,0.17607
HCASE-04063,0.15329,0.93873,0.06532,0.13019,0.10427,0.45717,0.58924,0.1454,0.04754,0.10248,0.05189,0.0354,0.06484,0.02235
HCASE-04064,0.23931,0.13893,0.08811,0.81142,0.86635,0.19251,0.14757,0.13368,0.84182,0.04066,0.1022,0.10303,0.15368,0.13475
HCASE-04065,0.16646,0.8926,0.36673,0.18516,0.20844,0.08843,0.54805,0.26533,0.0827,0.05233,0.12563,0.14394,0.0967,0.13519
HCASE-04066,0.06434,0.13515,0.10568,0.04946,0.09409,0.1186,0.13287,0.38971,0.22275,0.11678,0.49978,0.6571,0.12774,0.0836
HCASE-04067,0.20572,0.86121,0.22447,0.15412,0.10165,0.70744,0.35684,0.07962,0.04272,0.11418,0.08537,0.06431,0.06987,0.07267
HCASE-04068,0.88354,0.2025,0.07817,0.1064,0.07994,0.18823,0.49047,0.47156,0.14834,0.60636,0.05992,0.09033,0.03084,0.39277
HCASE-04069,0.52477,0.76529,0.22224,0.09392,0.17418,0.90746,0.10996,0.0391,0.12581,0.04953,0.05164,0.03659,0.06389,0.47696
HCASE-04070,0.10482,0.09792,0.47228,0.0952,0.50159,0.13161,0.04709,0.71615,0.16008,0.1231,0.05355,0.03692,0.38226,0.0216
HCASE-04071,0.15727,0.88779,0.17051,0.1517,0.05138,0.39177,0.54371,0.12217,0.05626,0.12737,0.07171,0.10835,0.15187,0.10491
HCASE-04072,0.13921,0.13691,0.21785,0.20668,0.19079,0.12959,0.10922,0.59436,0.4469,0.04412,0.24151,0.75875,0.15519,0.09571
HCASE-04073,0.03567,0.76161,0.12847,0.12284,0.09574,0.4045,0.42724,0.12584,0.14335,0.08469,0.11457,0.09571,0.05291,0.12647
HCASE-04074,0.10141,0.12476,0.61474,0.09543,0.6226,0.08534,0.0846,0.69407,0.1264,0.05769,0.09972,0.10668,0.14243,0.11747
HCASE-04075,0.569,0.40535,0.09733,0.13931,0.13043,0.37458,0.09511,0.10801,0.02714,0.33931,0.15855,0.10667,0.10009,0.53462
HCASE-04076,0.14568,0.11686,0.12841,0.11503,0.03099,0.08169,0.11167,0.46637,0.46705,0.1135,0.385,0.86838,0.20779,0.10795
HCASE-04077,0.1769,0.18666,0.24965,0.08904,0.21388,0.18568,0.13381,0.65298,0.1078,0.08005,0.12795,0.12337,0.51702,0.15467
HCASE-04078,0.47445,0.37807,0.35303,0.10144,0.12481,0.08031,0.46041,0.50703,0.1467,0.35472,0.0882,0.14216,0.14933,0.15771
HCASE-04079,0.07785,0.02895,0.02165,0.13417,0.08969,0.10683,0.07811,0.74033,0.56314,0.03116,0.04691,0.47335,0.30217,0.08035
HCASE-04080,0.14632,0.10324,0.71286,0.23909,0.40697,0.02304,0.06581,0.90445,0.23751,0.10966,0.11343,0.1376,0.06224,0.02629
HCASE-04081,0.474,0.38171,0.15274,0.19255,0.08039,0.21908,0.66553,0.46492,0.11088,0.4288,0.08144,0.08726,0.12509,0.05017
HCASE-04082,0.68838,0.45797,0.3881,0.11298,0.17583,0.14473,0.54153,0.62784,0.03236,0.42903,0.10895,0.08941,0.0616,0.04552
HCASE-04083,0.10707,0.80459,0.15156,0.21263,0.17235,0.84162,0.37944,0.13111,0.05032,0.07776,0.03692,0.14339,0.1294,0.14218
HCASE-04084,0.29356,0.12205,0.15137,0.02132,0.06908,0.09828,0.13307,0.59578,0.42672,0.26201,0.19953,0.58732,0.15829,0.31389
HCASE-04085,0.41747,0.45189,0.219,0.19714,0.28749,0.49133,0.1226,0.19348,0.2158,0.1517,0.06389,0.10633,0.13686,0.42016
HCASE-04086,0.14253,0.28433,0.52068,0.05455,0.37357,0.14971,0.09971,0.67553,0.0953,0.10224,0.03808,0.04453,0.1576,0.11136
HCASE-04087,0.05355,0.53661,0.63613,0.05048,0.29811,0.10882,0.08598,0.73122,0.14978,0.13202,0.13157,0.07538,0.15318,0.17268
HCASE-04088,0.74448,0.14887,0.10117,0.06234,0.0623,0.09228,0.72264,0.57032,0.03988,0.58542,0.09246,0.09951,0.14271,0.06008
HCASE-04089,0.13612,0.10417,0.50873,0.15287,0.61631,0.13155,0.04599,0.97687,0.17664,0.13878,0.13195,0.07357,0.33692,0.03334
HCASE-04090,0.06142,0.02172,0.05884,0.02532,0.06153,0.03891,0.10653,0.3344,0.05718,0.08338,0.42933,0.60702,0.29306,0.22596
HCASE-04091,0.15448,0.14729,0.78022,0.64357,0.04918,0.13257,0.06733,0.68106,0.0832,0.09226,0.06803,0.10849,0.02724,0.2058
HCASE-04092,0.10479,0.10739,0.62645,0.09108,0.7709,0.09021,0.04483,0.75748,0.10407,0.13012,0.16168,0.17461,0.12235,0.12781
HCASE-04093,0.20811,0.71616,0.02778,0.0847,0.03224,0.66903,0.27926,0.06105,0.11337,0.07855,0.02789,0.03782,0.02877,0.02689
HCASE-04094,0.18499,1.0,0.33175,0.2247,0.14486,0.24242,0.55649,0.31136,0.02959,0.14429,0.07356,0.12814,0.08986,0.14988
HCASE-04095,0.19603,0.12638,0.1594,0.12556,0.05937,0.16141,0.09118,0.29373,0.1231,0.07784,0.46665,0.45699,0.3296,0.08894
HCASE-04096,0.05243,0.10247,0.45807,0.57373,0.55717,0.07968,0.0893,0.32722,0.44117,0.07126,0.12599,0.03544,0.09985,0.05512
HCASE-04097,0.03169,0.55717,0.15014,0.06569,0.03672,0.96154,0.13143,0.20552,0.16715,0.13817,0.05067,0.04896,0.04946,0.1388
HCASE-04098,0.08226,0.07203,0.35101,0.02089,0.33548,0.03421,0.04241,0.71811,0.07677,0.14027,0.15995,0.23287,0.7624,0.11546
HCASE-04099,0.08444,0.71844,0.1404,0.11407,0.06256,0.4287,0.55086,0.1023,0.07865,0.03289,0.08291,0.02042,0.13095,0.27096
HCASE-04100,0.10914,0.07038,0.10518,0.10041,0.02701,0.16816,0.14184,0.23068,0.1992,0.14924,0.51912,0.66207,0.09912,0.13202
HCASE-04101,0.14448,0.11505,0.36731,0.69546,0.59677,0.12851,0.11954,0.25831,0.44012,0.12347,0.02895,0.02137,0.13264,0.0983
HCASE-04102,0.14726,0.08893,0.68778,0.25628,0.53277,0.04456,0.1146,0.59389,0.08132,0.11413,0.14502,0.09376,0.1511,0.0781
HCASE-04103,0.64799,0.16033,0.20773,0.17129,0.21352,0.09802,0.12739,0.33285,0.25113,0.48668,0.02254,0.26436,0.07248,0.59807
HCASE-04104,0.74168,0.48801,0.09674,0.06801,0.14883,0.59237,0.07638,0.06209,0.13722,0.19942,0.0445,0.02939,0.13521,0.99158
HCASE-04105,0.281,0.15719,0.05721,0.08999,0.06188,0.0398,0.02866,0.68315,0.53252,0.17657,0.12082,0.55039,0.08375,0.30284
HCASE-04106,0.34349,0.70715,0.06866,0.06062,0.09728,0.88339,0.08859,0.10119,0.14823,0.15964,0.13919,0.07489,0.09237,0.26996
HCASE-04107,0.7498,0.15698,0.07112,0.13451,0.05006,0.0463,0.05992,0.10845,0.2263,0.67957,0.04136,0.04988,0.08445,0.87191
HCASE-04108,0.15135,0.23564,0.92721,0.43161,0.15487,0.12684,0.13691,0.77036,0.08037,0.05213,0.09114,0.07749,0.08714,0.10481
HCASE-04109,0.0313,0.5485,0.6398,0.13291,0.21748,0.06346,0.12131,0.58685,0.07228,0.15819,0.07681,0.14028,0.11812,0.02828
HCASE-04110,0.12514,0.10525,0.75637,0.36845,0.18839,0.15236,0.0888,0.80322,0.19994,0.04795,0.11849,0.02497,0.0323,0.02631
HCASE-04111,0.55498,0.66096,0.10922,0.10919,0.15088,0.81755,0.10829,0.17516,0.23218,0.03035,0.05985,0.13799,0.04812,0.52925
HCASE-04112,0.05336,0.32708,0.75126,0.38771,0.05801,0.12544,0.032,0.63479,0.08333,0.06935,0.10305,0.0886,0.09576,0.11294
HCASE-04113,0.12941,0.63908,0.7301,0.18935,0.09334,0.09808,0.04692,0.4847,0.0477,0.03058,0.09691,0.02147,0.09887,0.1511
HCASE-04114,0.09172,0.15417,0.33776,0.53869,0.75167,0.06775,0.046,0.30002,0.53547,0.03358,0.04269,0.10932,0.1563,0.26749
HCASE-04115,0.07288,0.65486,0.10824,0.05748,0.14098,0.71544,0.32183,0.08175,0.07594,0.02597,0.05845,0.09686,0.02724,0.23592
HCASE-04116,0.6589,0.13624,0.20961,0.08556,0.04788,0.09324,0.2172,0.42367,0.15192,0.61944,0.15278,0.03393,0.09256,0.49078
HCASE-04117,0.62719,0.46629,0.10161,0.22835,0.17831,0.234,0.76093,0.45239,0.15624,0.45258,0.03512,0.06718,0.06315,0.07823
HCASE-04118,0.07485,0.04025,0.04184,0.05721,0.08817,0.10845,0.08254,0.2447,0.07264,0.14863,0.63654,0.69497,0.42243,0.04966
HCASE-04119,0.0398,0.07043,0.41453,0.07651,0.23849,0.12425,0.09258,0.96002,0.0729,0.12981,0.14114,0.08795,0.69379,0.02266
HCASE-04120,0.29523,0.14096,0.07421,0.06281,0.08726,0.09968,0.12442,0.61007,0.64628,0.30341,0.1125,0.55276,0.09157,0.33839
HCASE-04121,0.0586,0.11127,0.10771,0.10235,0.10673,0.13194,0.09287,0.28524,0.08803,0.11765,0.6949,0.71113,0.36334,0.13893
HCASE-04122,0.6399,0.05193,0.07475,0.07905,0.09062,0.13867,0.23403,0.19221,0.14002,0.57802,0.11262,0.06764,0.12603,0.72666
HCASE-04123,0.13104,0.03225,0.12664,0.02674,0.09227,0.10194,0.0296,0.90781,0.30565,0.1596,0.12797,0.30164,0.50671,0.1026
HCASE-04124,0.09504,0.36714,0.84314,0.12915,0.52358,0.09958,0.02147,0.83774,0.13381,0.06124,0.07437,0.12804,0.08757,0.07574
HCASE-04125,0.63546,0.58855,0.21794,0.42342,0.35739,0.67841,0.03481,0.07608,0.33337,0.09895,0.09305,0.14552,0.15512,0.47187
HCASE-04126,0.58794,0.80284,0.20896,0.16387,0.21871,0.81066,0.07377,0.10504,0.09153,0.1195,0.10034,0.08106,0.14732,0.56595
HCASE-04127,0.73624,0.0612,0.08687,0.04727,0.12012,0.04189,0.35559,0.49233,0.08087,0.56961,0.11161,0.11575,0.02805,0.43583
HCASE-04128,0.13062,0.60371,0.70826,0.26683,0.06004,0.14959,0.06782,0.66906,0.16113,0.13463,0.05887,0.07952,0.08091,0.11388
HCASE-04129,0.12965,0.08298,0.03577,0.15314,0.13827,0.10294,0.09083,0.64312,0.09024,0.06534,0.02227,0.09645,0.74918,0.09539
HCASE-04130,0.09367,0.60344,0.83591,0.0691,0.23604,0.11326,0.11184,0.76164,0.08228,0.07944,0.08325,0.10828,0.1306,0.11294
HCASE-04131,0.05366,0.03752,0.02082,0.06224,0.15492,0.12362,0.06978,0.32875,0.12973,0.03935,0.57586,0.49458,0.36161,0.15101
HCASE-04132,0.03575,0.75712,0.64024,0.02979,0.14398,0.10535,0.13226,0.71909,0.22403,0.14487,0.13946,0.02898,0.02915,0.07466
HCASE-04133,0.0815,0.0519,0.10328,0.10794,0.02911,0.09404,0.13758,0.22548,0.29518,0.10876,0.69323,0.80691,0.19204,0.09198
HCASE-04134,0.02417,0.10055,0.21077,0.06157,0.14279,0.05162,0.1563,0.8564,0.48366,0.11226,0.08861,0.55021,0.3184,0.1558
HCASE-04135,0.65297,0.09525,0.09506,0.09823,0.18407,0.13783,0.30035,0.34806,0.06569,0.53577,0.05513,0.11177,0.14549,0.51346
HCASE-04136,0.17622,0.19869,0.72224,0.07997,0.71463,0.17972,0.11619,0.71824,0.08183,0.14499,0.13504,0.15353,0.13202,0.15914
HCASE-04137,0.22206,0.61246,0.23638,0.1386,0.116,0.09355,0.62328,0.3568,0.10243,0.27362,0.09725,0.12456,0.07676,0.02833
HCASE-04138,0.0938,0.15321,0.68126,0.15595,0.40259,0.13849,0.06102,0.7294,0.0995,0.0535,0.14773,0.08973,0.14213,0.11086
HCASE-04139,0.10417,0.93684,0.07539,0.14748,0.11784,0.39131,0.59983,0.13929,0.07586,0.12454,0.0236,0.12632,0.02787,0.06759
HCASE-04140,0.51626,0.65613,0.08991,0.31126,0.3738,0.53761,0.02035,0.06137,0.36905,0.15446,0.10498,0.08643,0.05176,0.49829
HCASE-04141,0.45292,0.35659,0.06887,0.03812,0.07888,0.14007,0.6847,0.45822,0.02233,0.44872,0.15749,0.18377,0.13516,0.13641
HCASE-04142,0.09593,0.71526,0.12762,0.05114,0.1173,0.59942,0.28602,0.14289,0.07587,0.09406,0.02645,0.0496,0.03939,0.16384
HCASE-04143,0.57599,0.49412,0.08765,0.30256,0.3309,0.5756,0.09654,0.03242,0.34221,0.02291,0.14446,0.06255,0.12435,0.65675
HCASE-04144,0.49847,0.67192,0.1054,0.18973,0.21707,0.74823,0.08002,0.13322,0.14978,0.02135,0.05719,0.06422,0.13748,0.44603
HCASE-04145,0.51911,0.47799,0.13604,0.34659,0.28331,0.49625,0.08126,0.24944,0.32747,0.02373,0.15351,0.03778,0.12704,0.50628
HCASE-04146,0.51123,0.48999,0.11034,0.40334,0.38133,0.54494,0.04809,0.08122,0.26351,0.02662,0.1596,0.09816,0.11299,0.58917
HCASE-04147,0.16604,0.99719,0.39268,0.03605,0.10272,0.19469,0.57457,0.20111,0.14171,0.14359,0.05166,0.06131,0.03818,0.1147
HCASE-04148,0.13966,0.13892,0.63277,0.62729,0.26664,0.20125,0.03583,0.53985,0.21267,0.12455,0.06038,0.12488,0.10502,0.09728
HCASE-04149,0.29913,0.31209,0.07673,0.44261,0.50923,0.20266,0.09973,0.18203,0.45632,0.06546,0.06194,0.05103,0.13824,0.30274
HCASE-04150,0.59228,0.36916,0.35406,0.09746,0.10204,0.06681,0.57655,0.74778,0.14629,0.41096,0.13667,0.03398,0.12984,0.04573
HCASE-04151,0.09133,0.08766,0.03507,0.07023,0.09565,0.14209,0.03044,0.2295,0.17931,0.15034,0.56438,0.74817,0.18091,0.04296
HCASE-04152,0.76333,0.03805,0.14941,0.09616,0.07295,0.05392,0.4965,0.55704,0.10625,0.64761,0.10301,0.15051,0.05533,0.35944
HCASE-04153,0.15504,0.1431,0.47722,0.11025,0.46783,0.20638,0.08542,0.73995,0.06991,0.05019,0.15191,0.15187,0.24886,0.1418
HCASE-04154,0.02467,0.12489,0.08545,0.05656,0.15872,0.1472,0.08383,0.6724,0.25533,0.14601,0.05859,0.27814,0.5771,0.22288
HCASE-04155,0.18172,0.097,0.10282,0.12708,0.18967,0.06907,0.12666,0.29979,0.18889,0.04897,0.63781,0.68235,0.11151,0.07579
HCASE-04156,0.03353,0.28137,0.62857,0.0967,0.34703,0.1378,0.04217,0.6175,0.12315,0.19006,0.12067,0.17366,0.19123,0.02774
HCASE-04157,0.48433,0.3839,0.30721,0.08629,0.1009,0.13142,0.49953,0.60563,0.06175,0.34344,0.15349,0.1564,0.14516,0.05705
HCASE-04158,0.27581,0.28128,0.19187,0.58869,0.47447,0.33409,0.12833,0.12913,0.48926,0.02031,0.06369,0.08906,0.1074,0.25659
HCASE-04159,0.04691,0.15314,0.09678,0.06573,0.03792,0.0864,0.14461,0.50537,0.42317,0.21027,0.4063,0.80038,0.17276,0.02415
HCASE-04160,0.31697,0.1307,0.17949,0.0448,0.13487,0.15602,0.06243,0.60782,0.36545,0.18265,0.07688,0.45996,0.04166,0.30244
HCASE-04161,0.05878,0.15328,0.08947,0.03375,0.08335,0.05822,0.13609,0.87814,0.81395,0.10695,0.13606,0.71338,0.03129,0.18033
HCASE-04162,0.12847,0.222,0.36836,0.6553,0.42557,0.11227,0.05869,0.33933,0.49108,0.14737,0.02034,0.03799,0.06879,0.13859
HCASE-04163,0.07977,0.80975,0.62366,0.0894,0.08501,0.10068,0.14783,0.64448,0.0808,0.12599,0.11472,0.05376,0.13956,0.08409
HCASE-04164,0.14927,0.16136,0.08977,0.12829,0.13711,0.10307,0.15042,0.43593,0.34371,0.10151,0.30567,0.58401,0.04516,0.12826
HCASE-04165,0.11686,0.02737,0.7035,0.18886,0.4677,0.11208,0.05739,0.63349,0.12929,0.10452,0.17892,0.13791,0.20393,0.08446
HCASE-04166,0.6841,0.82149,0.06842,0.07321,0.11228,0.71996,0.15175,0.0452,0.08015,0.1023,0.05816,0.03083,0.06166,0.71756
HCASE-04167,0.25564,0.45592,0.13391,0.04599,0.13453,0.06654,0.61146,0.24774,0.06819,0.17069,0.04993,0.13598,0.15158,0.20286
HCASE-04168,0.63101,0.15804,0.1488,0.12102,0.12259,0.16861,0.39964,0.42749,0.06546,0.63274,0.12042,0.15223,0.13836,0.30786
HCASE-04169,0.07845,0.64629,0.74945,0.22906,0.16271,0.08612,0.15223,0.64778,0.05783,0.06392,0.09595,0.03941,0.09066,0.02308
HCASE-04170,0.59507,0.4432,0.07388,0.15974,0.0806,0.20832,0.77472,0.49138,0.15407,0.53786,0.08185,0.08417,0.02494,0.11045
HCASE-04171,0.09404,0.1402,0.3542,0.15691,0.5206,0.18107,0.04066,0.66948,0.03722,0.11337,0.04646,0.02436,0.3899,0.07422
HCASE-04172,0.63441,0.05577,0.03832,0.05224,0.11713,0.04916,0.51851,0.41855,0.06651,0.57914,0.12301,0.0279,0.10962,0.33646
HCASE-04173,0.16999,0.20434,0.11792,0.17278,0.12215,0.20332,0.08082,0.21139,0.06811,0.08898,0.57619,0.64012,0.34123,0.15791
HCASE-04174,0.79468,0.53946,0.13122,0.23068,0.11475,0.62356,0.04146,0.07229,0.11759,0.22072,0.1493,0.13255,0.0727,0.79001
HCASE-04175,0.03185,0.13482,0.37567,0.63225,0.52647,0.11738,0.05786,0.27919,0.51414,0.06961,0.09103,0.05113,0.07935,0.21372
HCASE-04176,0.21944,0.64158,0.1118,0.14263,0.11832,0.78634,0.02141,0.10026,0.12798,0.15301,0.14932,0.13887,0.20038,0.23489
HCASE-04177,0.11701,0.70125,0.11049,0.14052,0.14332,0.66755,0.32443,0.03536,0.06276,0.06936,0.11584,0.10488,0.11391,0.17835
HCASE-04178,0.15855,0.79165,0.04882,0.04001,0.09353,0.71946,0.30764,0.04221,0.08431,0.05499,0.05657,0.10798,0.12802,0.1417
HCASE-04179,0.64782,0.45555,0.07952,0.03792,0.0279,0.49194,0.05649,0.14993,0.18853,0.23201,0.0517,0.13726,0.07218,0.77785
HCASE-04180,0.08708,0.03034,0.2019,0.03868,0.32061,0.14322,0.07504,0.87151,0.15733,0.18625,0.19049,0.14649,0.69497,0.0596
HCASE-04181,0.77306,0.16027,0.02368,0.13238,0.07285,0.11817,0.55671,0.50792,0.13984,0.57597,0.03095,0.09764,0.15792,0.33112
HCASE-04182,0.75348,0.29566,0.13058,0.09012,0.02939,0.37117,0.13027,0.03561,0.10015,0.48265,0.16088,0.15856,0.11508,0.75609
HCASE-04183,0.05307,0.04267,0.6704,0.27844,0.41471,0.14443,0.0904,0.66694,0.05604,0.09832,0.18413,0.15806,0.1749,0.03196
HCASE-04184,0.58265,0.626,0.11567,0.40998,0.46155,0.6317,0.03449,0.07713,0.33565,0.07028,0.02683,0.02549,0.05897,0.59302
HCASE-04185,0.19713,0.64061,0.18348,0.10254,0.06314,0.03549,0.69436,0.32804,0.08551,0.24534,0.13509,0.10756,0.14575,0.05693
HCASE-04186,0.28553,0.51949,0.10631,0.02153,0.0596,0.8533,0.14717,0.10901,0.09735,0.03127,0.05773,0.08966,0.10385,0.30495
HCASE-04187,0.07581,0.15949,0.58543,0.12136,0.47511,0.14615,0.02386,0.93964,0.11533,0.10994,0.06973,0.09807,0.27098,0.11223
HCASE-04188,0.73427,0.45979,0.05646,0.09216,0.11214,0.44117,0.09386,0.22081,0.17321,0.24251,0.0699,0.07536,0.07066,0.77276
HCASE-04189,0.29893,0.79858,0.21431,0.13697,0.21677,1.0,0.1483,0.12827,0.03632,0.02652,0.12003,0.06216,0.13377,0.24015
HCASE-04190,0.25305,0.68351,0.05943,0.1498,0.14792,0.78126,0.04831,0.17478,0.0909,0.14896,0.04153,0.08978,0.1139,0.23171
HCASE-04191,0.84204,0.60391,0.17492,0.21442,0.22704,0.52998,0.08921,0.12815,0.03389,0.32542,0.09778,0.13612,0.03803,0.78016
HCASE-04192,0.56054,0.44399,0.09894,0.13606,0.09118,0.16961,0.72938,0.39519,0.02472,0.47937,0.11496,0.02078,0.14076,0.09202
HCASE-04193,0.05564,0.05169,0.15013,0.03567,0.13543,0.14538,0.04255,0.66281,0.65652,0.04696,0.02006,0.64715,0.0932,0.24069
HCASE-04194,0.63655,0.0967,0.07582,0.13084,0.0945,0.18679,0.46831,0.42609,0.12282,0.66129,0.03938,0.15617,0.11563,0.32109
HCASE-04195,0.06178,0.11279,0.1213,0.11555,0.06317,0.19784,0.06519,0.20231,0.03776,0.08448,0.53532,0.49282,0.31672,0.02823
HCASE-04196,0.09586,0.14619,0.07778,0.09963,0.09691,0.03953,0.15259,0.4784,0.43858,0.19162,0.40158,0.90124,0.13162,0.0783
HCASE-04197,0.02602,0.03506,0.08752,0.09703,0.14547,0.14953,0.15842,0.39701,0.02678,0.16124,0.62828,0.61634,0.4288,0.02115
HCASE-04198,0.06781,0.14883,0.02929,0.06039,0.04492,0.08157,0.12818,0.78515,0.33996,0.02361,0.09564,0.26097,0.5036,0.10274
HCASE-04199,0.08779,0.02546,0.06766,0.71514,0.62596,0.15852,0.13442,0.13676,0.76584,0.13374,0.13394,0.05816,0.10126,0.04945
HCASE-04200,0.3727,0.35966,0.09164,0.57654,0.55305,0.33574,0.05912,0.10811,0.47567,0.06172,0.09483,0.03853,0.0272,0.3607
HCASE-04201,0.04462,0.15211,0.28911,0.64505,0.77129,0.04717,0.03368,0.37558,0.63454,0.14375,0.03498,0.12371,0.11893,0.22196
HCASE-04202,0.56,0.43533,0.03372,0.02525,0.03241,0.14645,0.79811,0.50317,0.15747,0.38109,0.0249,0.09196,0.12134,0.05593
HCASE-04203,0.65723,0.62695,0.05879,0.28837,0.27257,0.62034,0.12871,0.04649,0.30688,0.1584,0.04399,0.02999,0.15356,0.543
HCASE-04204,0.52075,0.33658,0.04674,0.10727,0.15898,0.29906,0.15168,0.10273,0.18522,0.37926,0.10059,0.06537,0.04528,0.69184
HCASE-04205,0.07197,0.50993,0.9222,0.31539,0.15194,0.12689,0.12875,0.68233,0.06132,0.14869,0.07101,0.13527,0.10759,0.04416
HCASE-04206,0.11391,0.04248,0.05237,0.04569,0.03962,0.12021,0.06841,0.29172,0.27564,0.14127,0.68327,0.98152,0.14241,0.06382
HCASE-04207,0.45572,0.36649,0.14664,0.09208,0.15694,0.10259,0.5917,0.40619,0.10696,0.38417,0.11528,0.05998,0.03591,0.2082
HCASE-04208,0.68315,0.55662,0.15661,0.11547,0.10373,0.54929,0.09465,0.10573,0.04512,0.30083,0.09376,0.14201,0.06112,0.92119
HCASE-04209,0.12749,0.10137,0.03249,0.05253,0.12205,0.05765,0.15522,0.25579,0.25797,0.14738,0.58812,0.75799,0.02236,0.14503
HCASE-04210,0.14708,0.1326,0.2899,0.51204,0.46958,0.09208,0.11311,0.32773,0.43129,0.20648,0.17183,0.0798,0.20028,0.13458
HCASE-04211,0.75869,0.66559,0.15929,0.41621,0.42511,0.7987,0.1477,0.1339,0.38436,0.09948,0.09178,0.03675,0.1025,0.572
HCASE-04212,0.03054,0.14245,0.07894,0.04162,0.08811,0.06466,0.05395,0.29783,0.12823,0.18824,0.66644,0.6854,0.4462,0.11414
HCASE-04213,0.69113,0.8865,0.05599,0.10522,0.02415,0.96467,0.14588,0.06855,0.07022,0.04216,0.15049,0.12196,0.08255,0.43879
HCASE-04214,0.68467,0.27031,0.13755,0.02351,0.07376,0.29775,0.08026,0.06433,0.14741,0.43928,0.1003,0.02415,0.06874,0.88024
HCASE-04215,0.57629,0.82147,0.08533,0.12171,0.0453,0.93727,0.02609,0.15494,0.10622,0.11226,0.09604,0.15637,0.15566,0.74572
HCASE-04216,0.72515,0.13315,0.19162,0.15458,0.18306,0.12074,0.31601,0.3045,0.11451,0.58131,0.09489,0.11287,0.09875,0.50457
HCASE-04217,0.05472,0.15506,0.08921,0.14508,0.05722,0.02109,0.07451,0.2523,0.08644,0.17928,0.59539,0.60577,0.47445,0.0281
HCASE-04218,0.3066,0.09846,0.13195,0.09284,0.02536,0.07219,0.02468,0.54703,0.49284,0.30421,0.06101,0.50805,0.03785,0.4225
HCASE-04219,0.12352,0.29388,0.96288,0.47898,0.14192,0.15969,0.1028,0.69657,0.09271,0.05459,0.08877,0.07543,0.11476,0.0802
HCASE-04220,0.11968,0.12419,0.16857,0.17295,0.0747,0.19706,0.03665,0.69353,0.6357,0.12069,0.04897,0.62648,0.14735,0.14114
HCASE-04221,0.48742,0.31564,0.45163,0.05601,0.06078,0.14319,0.54147,0.78384,0.09732,0.47614,0.15991,0.10978,0.14675,0.03979
HCASE-04222,0.09502,0.23338,0.65527,0.15298,0.52453,0.02626,0.06021,0.78103,0.1217,0.10232,0.07562,0.04764,0.06342,0.06609
HCASE-04223,0.13025,0.14456,0.70705,0.68039,0.34005,0.05875,0.06819,0.66416,0.30952,0.03452,0.0712,0.08707,0.08324,0.03659
HCASE-04224,0.49344,0.39268,0.12795,0.1984,0.14828,0.13204,0.62598,0.45952,0.13999,0.37912,0.11788,0.05535,0.12607,0.068
HCASE-04225,0.28296,0.58287,0.19363,0.03319,0.12286,0.12378,0.69564,0.27489,0.03496,0.26179,0.14641,0.109,0.15804,0.08239
HCASE-04226,0.62297,0.7955,0.02792,0.14926,0.10646,0.94764,0.05422,0.10392,0.06167,0.05052,0.08121,0.1197,0.14767,0.54286
HCASE-04227,0.32164,0.13123,0.04843,0.14123,0.04503,0.05225,0.14417,0.61474,0.53118,0.20156,0.08374,0.55788,0.11537,0.3714
HCASE-04228,0.12799,0.11372,0.18716,0.11841,0.07712,0.14292,0.08939,0.72998,0.41135,0.02069,0.11925,0.38116,0.22974,0.07431
HCASE-04229,0.10933,0.61417,0.671,0.23492,0.07285,0.07216,0.15347,0.60045,0.05003,0.11229,0.02897,0.13624,0.03204,0.11535
HCASE-04230,0.15518,0.5582,0.66843,0.11476,0.26184,0.11108,0.07015,0.52214,0.10773,0.10323,0.02201,0.07359,0.06775,0.087
HCASE-04231,0.74394,0.1516,0.1416,0.07849,0.07689,0.22526,0.32545,0.33789,0.09293,0.65276,0.07876,0.08686,0.13175,0.59003
HCASE-04232,0.0865,0.88171,0.49185,0.11917,0.02986,0.14515,0.60332,0.37592,0.04748,0.10234,0.14558,0.07288,0.08006,0.07577
HCASE-04233,0.02452,0.89113,0.23663,0.11152,0.03945,0.39925,0.53561,0.19256,0.13581,0.07563,0.10208,0.06582,0.09028,0.10031
HCASE-04234,0.12213,0.09827,0.10524,0.10159,0.12067,0.09127,0.08323,0.81487,0.18521,0.08209,0.12498,0.2461,0.61805,0.0324
HCASE-04235,0.02182,0.11192,0.30437,0.68383,0.51563,0.12191,0.09766,0.28082,0.37873,0.08911,0.11017,0.11752,0.16692,0.08423
HCASE-04236,0.08196,0.77347,0.0366,0.11803,0.09478,0.73078,0.33943,0.12101,0.04432,0.07627,0.15593,0.0675,0.03091,0.02553
HCASE-04237,0.19223,0.74524,0.1893,0.10708,0.18622,0.74806,0.3453,0.08029,0.15201,0.14303,0.02202,0.05935,0.09551,0.11432
HCASE-04238,0.18388,0.97218,0.14059,0.09064,0.08172,0.48642,0.60001,0.15294,0.10498,0.11861,0.03158,0.09951,0.15054,0.10833
HCASE-04239,0.11158,0.79262,0.63265,0.08036,0.0454,0.15266,0.29848,0.55644,0.04326,0.02336,0.0954,0.11216,0.14159,0.11824
HCASE-04240,0.15117,0.16316,0.20798,0.20493,0.16925,0.08089,0.11797,0.54649,0.49784,0.06524,0.34602,0.69619,0.06942,0.14809
HCASE-04241,0.09821,0.09275,0.20131,0.15956,0.17172,0.19397,0.07412,0.5215,0.48967,0.0555,0.31994,0.7215,0.08109,0.07625
HCASE-04242,0.5124,0.34351,0.17947,0.0489,0.08957,0.09787,0.5924,0.47325,0.13332,0.37447,0.04633,0.1288,0.11442,0.10296
HCASE-04243,0.06728,0.0431,0.74798,0.20563,0.50053,0.06695,0.13934,0.74705,0.11332,0.02921,0.10644,0.04804,0.14731,0.11801
HCASE-04244,0.48723,0.35025,0.19094,0.07368,0.04981,0.11705,0.7617,0.52659,0.0383,0.40424,0.12359,0.15828,0.05443,0.10283
HCASE-04245,0.06495,0.05434,0.04724,0.13377,0.04676,0.15589,0.11305,0.32366,0.21379,0.11834,0.58286,0.62956,0.15015,0.22945
HCASE-04246,0.15708,0.06121,0.58854,0.35469,0.25307,0.07115,0.07737,0.64274,0.04583,0.13559,0.14439,0.05837,0.09679,0.17451
HCASE-04247,0.56377,0.87034,0.02319,0.02906,0.13097,0.8564,0.15237,0.03642,0.1082,0.12786,0.15879,0.07962,0.12553,0.45781
HCASE-04248,0.0883,0.78341,0.15672,0.07642,0.0279,0.07083,0.72464,0.07468,0.16439,0.0975,0.12171,0.04019,0.136,0.02496
HCASE-04249,0.10686,0.07649,0.15822,0.04161,0.09715,0.10674,0.15116,0.87134,0.17813,0.092,0.14195,0.0876,0.88995,0.12964
HCASE-04250,0.13776,0.08905,0.5783,0.49789,0.23966,0.13814,0.10019,0.52247,0.20585,0.19112,0.20837,0.214,0.11856,0.15225
HCASE-04251,0.05362,0.67585,0.08604,0.1595,0.07609,0.30375,0.41724,0.13172,0.08071,0.06433,0.11904,0.19317,0.14896,0.09534
HCASE-04252,0.03487,0.08452,0.11266,0.13656,0.11651,0.09807,0.11504,0.82413,0.07886,0.11008,0.17382,0.13689,0.94534,0.09659
HCASE-04253,0.09026,0.27514,0.69202,0.15884,0.45538,0.03642,0.04295,0.84987,0.2357,0.08782,0.083,0.13262,0.02406,0.08099
HCASE-04254,0.04628,0.23577,0.81998,0.04484,0.56543,0.10335,0.03424,0.83564,0.03107,0.05915,0.114,0.05588,0.11515,0.13153
HCASE-04255,0.7401,0.28309,0.21576,0.21664,0.16874,0.34552,0.1047,0.06601,0.12536,0.46736,0.0979,0.07612,0.14744,0.81902
HCASE-04256,0.16039,0.11595,0.15409,0.15066,0.14376,0.12583,0.10143,0.26945,0.02086,0.09826,0.6308,0.52982,0.31725,0.0472
HCASE-04257,0.13582,0.54766,0.72743,0.24881,0.03612,0.10185,0.13601,0.64384,0.03999,0.11825,0.14005,0.10302,0.03702,0.12269
HCASE-04258,0.12116,0.06629,0.13847,0.10013,0.13978,0.09874,0.07819,0.39679,0.06041,0.04339,0.61012,0.49433,0.24983,0.14615
HCASE-04259,0.11539,0.0314,0.13168,0.09606,0.15662,0.07515,0.15817,0.30295,0.24236,0.1281,0.74732,0.99652,0.20614,0.07586
HCASE-04260,0.42786,0.41392,0.05746,0.23172,0.27601,0.46481,0.14542,0.2094,0.31327,0.14109,0.08676,0.07895,0.13937,0.38556
HCASE-04261,0.61176,0.46685,0.34291,0.13248,0.19135,0.15444,0.47888,0.59709,0.1066,0.43146,0.02918,0.02012,0.04426,0.10038
HCASE-04262,0.07749,0.48155,0.63084,0.09786,0.31114,0.14613,0.03631,0.59387,0.04477,0.23038,0.15139,0.23258,0.10743,0.04439
HCASE-04263,0.07683,0.47966,0.65559,0.12511,0.20962,0.10141,0.07384,0.69808,0.13753,0.11776,0.1435,0.13166,0.20334,0.15996
HCASE-04264,0.09904,0.08421,0.13128,0.08265,0.10751,0.06196,0.14292,0.78672,0.32943,0.24332,0.1257,0.33886,0.6265,0.10515
HCASE-04265,0.11172,0.1077,0.14832,0.13584,0.13971,0.10122,0.10082,0.32665,0.27404,0.12306,0.54378,0.70097,0.06438,0.13188
HCASE-04266,0.45928,0.46336,0.05524,0.32655,0.27586,0.5839,0.06928,0.1887,0.43138,0.12778,0.14582,0.06333,0.08088,0.5154
HCASE-04267,0.53218,0.58809,0.08292,0.32596,0.31359,0.463,0.04004,0.13316,0.48344,0.14085,0.13682,0.14041,0.09461,0.4908
HCASE-04268,0.19968,0.61487,0.18008,0.10171,0.03228,0.06789,0.6448,0.3464,0.11505,0.21446,0.13888,0.03117,0.10588,0.1452
HCASE-04269,0.65505,0.02887,0.06247,0.08341,0.11459,0.13368,0.32862,0.31479,0.05431,0.56218,0.19568,0.12764,0.1929,0.55742
HCASE-04270,0.34887,0.15043,0.07032,0.11387,0.11601,0.02995,0.05701,0.59451,0.47722,0.26789,0.03575,0.5273,0.13097,0.3119
HCASE-04271,0.07132,0.8403,0.14992,0.02665,0.0879,0.36081,0.51476,0.22664,0.05971,0.12387,0.05221,0.0689,0.04596,0.10672
HCASE-04272,0.4847,0.31733,0.45923,0.02162,0.04148,0.15504,0.44867,0.79386,0.11989,0.49127,0.12894,0.07649,0.14045,0.14497
HCASE-04273,0.15499,0.08579,0.09703,0.02055,0.09095,0.08254,0.12327,0.83618,0.59356,0.12261,0.12137,0.53048,0.26067,0.07195
HCASE-04274,0.71204,0.34108,0.13863,0.02081,0.14213,0.32472,0.02027,0.02233,0.13957,0.40795,0.10644,0.11564,0.0716,0.81951
HCASE-04275,0.79183,0.15184,0.22807,0.15254,0.04798,0.07286,0.44372,0.50267,0.13925,0.75407,0.15732,0.07185,0.12228,0.38462
HCASE-04276,0.0616,0.02861,0.05362,0.11445,0.14511,0.07804,0.1169,0.69141,0.49606,0.02395,0.04171,0.57024,0.34013,0.14488
HCASE-04277,0.03636,0.14626,0.10166,0.10913,0.04415,0.10869,0.07301,0.30951,0.15688,0.20728,0.70266,0.64433,0.4841,0.07087
HCASE-04278,0.11639,0.69221,0.18542,0.12072,0.18895,0.75624,0.27856,0.104,0.08777,0.02055,0.12678,0.04286,0.06467,0.07901
HCASE-04279,0.44733,0.33476,0.07563,0.14619,0.06203,0.02786,0.75204,0.52223,0.14324,0.35417,0.15933,0.09855,0.09146,0.03325
HCASE-04280,0.11991,0.18343,0.1407,0.77513,0.8477,0.14326,0.07633,0.0471,0.84494,0.12942,0.06589,0.13815,0.04129,0.06787
HCASE-04281,0.15279,0.75416,0.12387,0.09055,0.1174,0.03242,0.62219,0.11512,0.13533,0.17718,0.09733,0.05167,0.17388,0.08827
HCASE-04282,0.02244,0.03074,0.0614,0.03121,0.09607,0.08248,0.11089,0.8599,0.29692,0.09346,0.0256,0.39267,0.6515,0.15215
HCASE-04283,0.57052,0.53799,0.08987,0.27458,0.30703,0.61675,0.08703,0.10381,0.2283,0.11811,0.05067,0.06191,0.0485,0.50414
HCASE-04284,0.13263,0.05998,0.15682,0.09218,0.14684,0.13352,0.14547,0.27425,0.10483,0.08851,0.5887,0.6493,0.41904,0.0744
HCASE-04285,0.05495,0.39774,0.72153,0.03811,0.47956,0.13263,0.05738,0.87202,0.1853,0.04017,0.06382,0.14287,0.04429,0.08297
HCASE-04286,0.61747,0.59906,0.03809,0.29307,0.26822,0.62387,0.03664,0.04648,0.25408,0.13544,0.03044,0.05432,0.0993,0.57178
HCASE-04287,0.04098,0.15356,0.04301,0.1212,0.1333,0.12997,0.08286,0.82814,0.1772,0.13315,0.14129,0.08895,0.75855,0.07047
HCASE-04288,0.10666,0.59668,0.76642,0.11404,0.31097,0.0496,0.14834,0.77374,0.15268,0.08858,0.13559,0.05636,0.10989,0.05514
HCASE-04289,0.68203,0.36242,0.11183,0.14267,0.0342,0.39991,0.02129,0.19459,0.10716,0.22941,0.06854,0.0885,0.15703,0.70788
HCASE-04290,0.10654,0.03137,0.69841,0.07569,0.60854,0.10436,0.07143,0.7795,0.07577,0.06541,0.05966,0.15724,0.15012,0.19126
HCASE-04291,0.77962,0.54785,0.03256,0.02679,0.13341,0.5701,0.14266,0.07314,0.07925,0.34943,0.0512,0.15098,0.13633,0.69793
HCASE-04292,0.37981,0.36382,0.1325,0.55572,0.40565,0.26882,0.15134,0.07595,0.50415,0.08667,0.13186,0.03902,0.08177,0.34486
HCASE-04293,0.23677,0.25538,0.2319,0.55208,0.49147,0.2408,0.15779,0.17068,0.3781,0.14455,0.15628,0.09487,0.14402,0.30285
HCASE-04294,0.13774,0.94005,0.02162,0.02396,0.05893,0.14836,0.69995,0.14918,0.09506,0.10818,0.05516,0.10507,0.05741,0.07665
HCASE-04295,0.20172,0.15643,0.86365,0.36313,0.26357,0.16614,0.14113,0.65624,0.02929,0.04562,0.1557,0.10396,0.12274,0.10456
HCASE-04296,0.06972,0.11482,0.63959,0.60398,0.24436,0.10215,0.02036,0.5285,0.24734,0.1596,0.0428,0.12952,0.09515,0.03154
HCASE-04297,0.24854,0.56984,0.14882,0.05422,0.03061,0.69604,0.11807,0.169,0.11338,0.14624,0.15303,0.08212,0.10915,0.2619
HCASE-04298,0.10553,0.09193,0.15866,0.14955,0.08609,0.10433,0.11905,0.31969,0.06223,0.08598,0.56713,0.57254,0.33114,0.07189
HCASE-04299,0.83612,0.56449,0.20787,0.14249,0.2027,0.52689,0.13236,0.15431,0.09271,0.2386,0.03792,0.05419,0.11038,0.7608
HCASE-04300,0.13588,0.14299,0.11111,0.02044,0.06358,0.11757,0.12187,0.78695,0.67813,0.05645,0.1071,0.7237,0.13341,0.0462
HCASE-04301,0.05616,0.06811,0.24348,0.04479,0.35316,0.07889,0.05917,0.78166,0.15543,0.12617,0.1084,0.21846,0.66143,0.02565
HCASE-04302,0.30776,0.66166,0.22642,0.15747,0.14308,0.097,0.67299,0.38756,0.13142,0.33173,0.11943,0.02009,0.08565,0.12556
HCASE-04303,0.28197,0.71815,0.13771,0.0782,0.10329,0.04094,0.77591,0.36075,0.1108,0.34138,0.05996,0.15271,0.09697,0.09049
HCASE-04304,0.61275,0.7275,0.08775,0.31517,0.25637,0.64857,0.09273,0.11957,0.32937,0.07163,0.05983,0.09405,0.14305,0.53287
HCASE-04305,0.83585,0.73347,0.26055,0.19969,0.14997,0.71291,0.14598,0.09389,0.0382,0.40193,0.0425,0.04579,0.09087,0.83886
HCASE-04306,0.51903,0.2959,0.20444,0.09509,0.14758,0.06097,0.46953,0.54478,0.02828,0.35003,0.16103,0.10712,0.13789,0.15562
HCASE-04307,0.15681,0.1168,0.49622,0.09023,0.39674,0.13142,0.1243,0.68922,0.0248,0.09259,0.14911,0.11595,0.27728,0.13521
HCASE-04308,0.0409,0.03683,0.71736,0.19019,0.43323,0.13225,0.05111,0.59463,0.0796,0.04208,0.0766,0.06165,0.07277,0.16972
HCASE-04309,0.6466,0.86488,0.13187,0.05105,0.05293,0.96168,0.08877,0.03788,0.10107,0.06366,0.0305,0.10118,0.02635,0.47239
HCASE-04310,0.14601,0.10665,0.14138,0.05681,0.10271,0.09546,0.05715,0.69949,0.64606,0.18364,0.18867,0.78701,0.14438,0.13675
HCASE-04311,0.0964,0.07226,0.36592,0.13685,0.2846,0.05912,0.10161,0.99608,0.26183,0.06877,0.11607,0.06881,0.63091,0.08994
HCASE-04312,0.07668,0.03216,0.77296,0.41084,0.28757,0.10611,0.08888,0.65631,0.03255,0.15171,0.14664,0.149,0.12672,0.21549
HCASE-04313,0.0934,0.47196,0.77682,0.24782,0.14431,0.15384,0.09724,0.61062,0.13346,0.12132,0.17784,0.10777,0.10377,0.0493
HCASE-04314,0.0549,0.08031,0.22069,0.09125,0.30591,0.15235,0.08573,0.74178,0.05769,0.24106,0.11024,0.16558,0.68749,0.15075
HCASE-04315,0.48231,0.35712,0.30684,0.14946,0.19977,0.09761,0.5221,0.71344,0.04996,0.42333,0.02636,0.0991,0.06321,0.15621
HCASE-04316,0.68951,0.59521,0.03546,0.10703,0.14822,0.60486,0.07466,0.16671,0.09949,0.12237,0.15917,0.04883,0.07633,0.76039
HCASE-04317,0.1578,0.64451,0.13465,0.14282,0.15414,0.6795,0.36118,0.14257,0.10344,0.11563,0.10058,0.10892,0.06947,0.13939
HCASE-04318,0.75369,0.12661,0.0666,0.12869,0.15193,0.21535,0.30592,0.20138,0.09584,0.62786,0.0557,0.08555,0.11922,0.5468
HCASE-04319,0.12707,0.93507,0.33756,0.08762,0.07748,0.1812,0.52827,0.31574,0.13312,0.15057,0.04719,0.07269,0.08391,0.13718
HCASE-04320,0.12332,0.24513,0.77708,0.38616,0.02388,0.12291,0.02475,0.66502,0.10036,0.03053,0.10572,0.02859,0.13841,0.25282
HCASE-04321,0.63106,0.6723,0.15276,0.33072,0.26764,0.65818,0.15328,0.10707,0.2546,0.0522,0.08723,0.13048,0.04987,0.5207
HCASE-04322,0.06709,0.62093,0.86146,0.13056,0.345,0.12486,0.02977,0.71055,0.03572,0.04632,0.03194,0.04921,0.06959,0.12171
HCASE-04323,0.12157,0.73002,0.62852,0.14458,0.12504,0.11196,0.03841,0.46578,0.15116,0.06828,0.12854,0.06967,0.14684,0.19125
HCASE-04324,0.25179,0.10945,0.0941,0.13702,0.15852,0.08159,0.12559,0.53573,0.45449,0.18748,0.08193,0.49335,0.14587,0.33664
HCASE-04325,0.06546,0.85855,0.91011,0.02256,0.12356,0.14617,0.15221,0.65692,0.08024,0.04725,0.03167,0.04242,0.11496,0.02297
HCASE-04326,0.06883,0.06594,0.6223,0.62852,0.27357,0.08169,0.04235,0.44882,0.24,0.07531,0.12927,0.11947,0.06469,0.13687
HCASE-04327,0.47765,0.50659,0.0566,0.22994,0.344,0.40655,0.05007,0.0943,0.30629,0.21321,0.11906,0.15519,0.17073,0.41387
HCASE-04328,0.14868,0.12836,0.10464,0.12859,0.03842,0.08259,0.06134,0.60687,0.59436,0.12409,0.39058,0.79798,0.06704,0.09646
HCASE-04329,0.07297,0.61642,0.71543,0.03418,0.27462,0.0885,0.04862,0.6649,0.11756,0.08034,0.11393,0.12534,0.07698,0.15074
HCASE-04330,0.47573,0.45212,0.10298,0.30184,0.28475,0.5261,0.15396,0.07851,0.33339,0.04115,0.12567,0.14508,0.15375,0.73426
HCASE-04331,0.38116,0.21132,0.13837,0.13984,0.07838,0.15993,0.03394,0.5631,0.51767,0.28408,0.11002,0.58873,0.02765,0.36046
HCASE-04332,0.08178,0.70751,0.15474,0.1319,0.0243,0.38829,0.5344,0.11858,0.05698,0.11863,0.15635,0.04042,0.02516,0.25413
HCASE-04333,0.50867,0.32827,0.21289,0.02183,0.02105,0.03377,0.69203,0.5668,0.14665,0.48817,0.07113,0.13193,0.04695,0.0658
HCASE-04334,0.20376,0.1309,0.84725,0.43936,0.07312,0.08883,0.05683,0.62179,0.10073,0.04136,0.04153,0.10914,0.07531,0.06551
HCASE-04335,0.15271,0.09851,0.03076,0.04319,0.07321,0.05563,0.09705,0.34909,0.02002,0.19614,0.58762,0.65764,0.34061,0.02227
HCASE-04336,0.02729,0.02934,0.08745,0.08309,0.06816,0.03202,0.04385,0.74246,0.38638,0.09701,0.08539,0.52858,0.37218,0.14205
HCASE-04337,0.13593,0.07937,0.71519,0.41054,0.29044,0.04128,0.05564,0.6498,0.1308,0.10216,0.10959,0.11807,0.04008,0.2161
HCASE-04338,0.23643,0.88923,0.02037,0.07623,0.08207,1.0,0.14851,0.13712,0.03561,0.06763,0.09976,0.08308,0.15833,0.10263
HCASE-04339,0.13478,0.76848,0.66306,0.10834,0.11363,0.11941,0.38767,0.52332,0.09818,0.08342,0.09485,0.0869,0.1306,0.10783
HCASE-04340,0.66252,0.15943,0.03853,0.14844,0.02636,0.03188,0.09241,0.22046,0.25042,0.69015,0.02492,0.04233,0.13518,0.80882
HCASE-04341,0.92928,0.66224,0.12978,0.0819,0.0292,0.58565,0.13727,0.12488,0.10337,0.34658,0.11161,0.10478,0.07486,0.88651
HCASE-04342,0.17638,0.56504,0.48735,0.12542,0.27917,0.14872,0.09951,0.54279,0.08441,0.12692,0.09171,0.06059,0.09602,0.09857
HCASE-04343,0.14569,0.36286,0.69856,0.48374,0.10774,0.1372,0.09606,0.47547,0.1528,0.09419,0.13111,0.14814,0.15759,0.15858
HCASE-04344,0.38124,0.02355,0.02646,0.07597,0.11314,0.05403,0.11367,0.70006,0.54394,0.22993,0.02087,0.49136,0.06011,0.32413
HCASE-04345,0.14323,0.02409,0.03873,0.1068,0.05139,0.14006,0.03985,0.38584,0.09482,0.12125,0.50165,0.61824,0.36403,0.03395
HCASE-04346,0.60971,0.29207,0.11059,0.09758,0.08579,0.27575,0.07402,0.13634,0.12804,0.33696,0.04616,0.15882,0.05337,0.62299
HCASE-04347,0.12241,0.37191,0.93685,0.4614,0.1079,0.11027,0.12952,0.86609,0.25644,0.05549,0.13105,0.072,0.02937,0.14503
HCASE-04348,0.08803,0.13539,0.76092,0.65256,0.02198,0.11414,0.08167,0.79424,0.111,0.10126,0.09825,0.05894,0.06316,0.08376
HCASE-04349,0.07046,0.02286,0.14803,0.04628,0.09214,0.08667,0.04458,0.34064,0.27191,0.24182,0.7884,0.91562,0.24101,0.12424
HCASE-04350,0.13916,0.09157,0.7894,0.4384,0.27814,0.14939,0.03178,0.78064,0.05324,0.13091,0.02175,0.09069,0.15712,0.13538
HCASE-04351,0.11109,0.13017,0.79734,0.52668,0.03481,0.04403,0.07469,0.59647,0.07142,0.12422,0.20684,0.19807,0.19397,0.12701
HCASE-04352,0.94672,0.70049,0.11705,0.17758,0.15928,0.5712,0.08579,0.12217,0.08697,0.23198,0.10155,0.15562,0.14789,0.78312
HCASE-04353,0.19278,0.28218,0.15666,0.59089,0.50654,0.27751,0.08054,0.09963,0.4492,0.07219,0.07694,0.11468,0.04971,0.40934
HCASE-04354,0.16364,0.11254,0.34523,0.65362,0.50489,0.18182,0.0266,0.19699,0.43887,0.15705,0.12292,0.02527,0.13216,0.08116
HCASE-04355,0.06399,0.71843,0.07758,0.09809,0.10195,1.0,0.04165,0.04272,0.09314,0.08339,0.06788,0.122,0.12299,0.30175
HCASE-04356,0.09237,0.12723,0.04233,0.03947,0.15055,0.11573,0.13895,0.88201,0.33888,0.03706,0.15548,0.27629,0.58121,0.12681
HCASE-04357,0.15825,0.08947,0.0911,0.04398,0.10676,0.03296,0.08127,0.47704,0.33285,0.18147,0.40356,0.72961,0.20814,0.12496
HCASE-04358,0.09121,0.08828,0.71862,0.49977,0.11342,0.03856,0.04662,0.64056,0.17093,0.04106,0.06605,0.10241,0.04337,0.05689
HCASE-04359,0.632,0.27088,0.11219,0.04941,0.02177,0.28971,0.1202,0.07362,0.10762,0.45375,0.05602,0.0327,0.13366,0.87344
HCASE-04360,0.57647,0.02641,0.15791,0.04996,0.05837,0.11789,0.44307,0.43824,0.09455,0.52267,0.13809,0.12517,0.05963,0.36576
HCASE-04361,0.52868,0.56551,0.15869,0.46155,0.37302,0.62106,0.0533,0.0885,0.3028,0.15102,0.06552,0.13035,0.08297,0.56376
HCASE-04362,0.05899,0.12069,0.75284,0.16764,0.3886,0.06039,0.06519,0.61062,0.03783,0.04721,0.12056,0.07915,0.12926,0.13369
HCASE-04363,0.07081,0.12991,0.4221,0.50327,0.72698,0.14545,0.02071,0.3996,0.47168,0.10732,0.04223,0.08106,0.13173,0.02188
HCASE-04364,0.21081,0.09597,0.10377,0.124,0.09272,0.04949,0.1139,0.66462,0.63716,0.28175,0.12648,0.49086,0.10255,0.41566
HCASE-04365,0.33828,0.07876,0.12499,0.04587,0.07753,0.09017,0.11891,0.51315,0.55736,0.3185,0.08568,0.55704,0.08354,0.28002
HCASE-04366,0.19913,0.14184,0.08014,0.07734,0.12338,0.20384,0.11332,0.55575,0.45284,0.15668,0.30521,0.79767,0.09287,0.094
HCASE-04367,0.37122,0.72368,0.12932,0.03866,0.15435,0.97734,0.10704,0.06439,0.12844,0.07231,0.03491,0.07413,0.09443,0.26293
HCASE-04368,0.06386,0.79175,0.70192,0.04508,0.047,0.09306,0.34709,0.51487,0.06331,0.02888,0.03908,0.14527,0.02052,0.13189
HCASE-04369,0.53083,0.63337,0.10554,0.37182,0.3578,0.59066,0.15999,0.10229,0.25829,0.15928,0.0719,0.15864,0.04824,0.45354
HCASE-04370,0.53462,0.54948,0.13717,0.31719,0.38488,0.56799,0.13998,0.07586,0.2807,0.0758,0.12282,0.08779,0.04779,0.53836
HCASE-04371,0.15081,0.73308,0.07394,0.04079,0.04147,1.0,0.14949,0.16901,0.26072,0.1248,0.09946,0.05066,0.03232,0.10795
HCASE-04372,0.63735,0.59312,0.09821,0.27569,0.31169,0.56477,0.14136,0.02006,0.21271,0.09228,0.09983,0.11931,0.13548,0.52249
HCASE-04373,0.418,0.7217,0.12843,0.0569,0.05717,0.83463,0.10066,0.13112,0.08077,0.02939,0.06908,0.13263,0.14353,0.67114
HCASE-04374,0.5301,0.1566,0.11658,0.14735,0.09566,0.17403,0.10481,0.243,0.29549,0.45579,0.04651,0.3099,0.13264,0.61651
HCASE-04375,0.11088,0.13875,0.69364,0.30913,0.35119,0.15437,0.05594,0.57463,0.15277,0.15456,0.02333,0.15103,0.11826,0.13928
HCASE-04376,0.70186,0.65721,0.07116,0.29378,0.41402,0.71229,0.08094,0.07255,0.31086,0.06951,0.08269,0.06017,0.11195,0.58222
HCASE-04377,0.65762,0.68543,0.13926,0.39145,0.4186,0.70567,0.06708,0.06251,0.22974,0.13955,0.11455,0.03845,0.123,0.5734
HCASE-04378,0.15685,0.11826,0.74672,0.58088,0.18192,0.19618,0.03521,0.7115,0.15196,0.07733,0.05841,0.12244,0.02995,0.09974
HCASE-04379,0.03839,0.09709,0.07493,0.04726,0.07081,0.04659,0.0725,0.86267,0.24847,0.02154,0.1213,0.35839,0.62928,0.07835
HCASE-04380,0.04365,0.06371,0.09029,0.13623,0.11326,0.14813,0.1551,0.73355,0.42287,0.1178,0.18301,0.58012,0.51762,0.12625
HCASE-04381,0.75164,0.05882,0.1372,0.07782,0.10971,0.0977,0.02573,0.06813,0.13664,0.69595,0.07463,0.03618,0.15483,1.0
HCASE-04382,0.0501,0.08553,0.78555,0.59582,0.33303,0.12644,0.09979,0.53989,0.2615,0.08651,0.08463,0.12643,0.06159,0.11262
HCASE-04383,0.53838,0.77529,0.21234,0.17011,0.22251,0.91929,0.10931,0.02195,0.06101,0.09999,0.10549,0.05217,0.0807,0.4533
HCASE-04384,0.49789,0.62973,0.21676,0.16003,0.11283,0.92343,0.03159,0.06965,0.11932,0.14119,0.12276,0.08904,0.11943,0.52406
HCASE-04385,0.1578,0.15349,0.83814,0.25894,0.5292,0.04841,0.15839,0.83813,0.15777,0.0816,0.05227,0.13327,0.11187,0.12407
HCASE-04386,0.12631,0.69537,0.10805,0.02973,0.09814,0.67767,0.34819,0.09428,0.09141,0.09485,0.02599,0.06598,0.09016,0.15853
HCASE-04387,0.38261,0.37583,0.09883,0.63626,0.5026,0.44713,0.07948,0.07567,0.62619,0.02199,0.09002,0.15079,0.14843,0.29331
HCASE-04388,0.12096,0.02749,0.719,0.17912,0.44969,0.1106,0.0762,0.64202,0.08554,0.10731,0.08897,0.12782,0.04145,0.23417
HCASE-04389,0.15529,0.70801,0.12068,0.14855,0.13109,0.67391,0.35058,0.08926,0.09054,0.0315,0.09956,0.15635,0.08201,0.02373
HCASE-04390,0.08423,0.07304,0.33407,0.09098,0.31906,0.04679,0.08086,0.88786,0.12871,0.15134,0.16939,0.17024,0.74137,0.11367
HCASE-04391,0.60434,0.38173,0.3659,0.11148,0.02004,0.18045,0.45746,0.72956,0.03952,0.47298,0.1269,0.07542,0.1399,0.10323
HCASE-04392,0.21763,0.92524,0.16318,0.09173,0.11403,0.50468,0.54896,0.06584,0.0517,0.11144,0.02043,0.09116,0.06472,0.11667
HCASE-04393,0.46976,0.77344,0.0966,0.10726,0.02115,0.78447,0.04463,0.15538,0.14899,0.08072,0.14613,0.06373,0.02293,0.6262
HCASE-04394,0.12639,0.07724,0.62,0.12557,0.54009,0.03901,0.04731,0.99564,0.14526,0.04289,0.11306,0.14681,0.33827,0.07684
HCASE-04395,0.21038,0.95088,0.31565,0.06046,0.02897,0.19247,0.52253,0.2468,0.15867,0.06621,0.144,0.07766,0.0809,0.0383
HCASE-04396,0.02343,0.39413,0.68653,0.10669,0.47134,0.02219,0.15882,0.84051,0.21383,0.08042,0.11989,0.14833,0.02635,0.08074
HCASE-04397,0.48539,0.44122,0.1195,0.17341,0.17311,0.18468,0.58632,0.43917,0.06647,0.41061,0.13156,0.03352,0.09875,0.07806
HCASE-04398,0.63867,0.96027,0.10769,0.11887,0.15806,1.0,0.12506,0.12718,0.11062,0.12997,0.15203,0.02762,0.15736,0.52925
HCASE-04399,0.14283,0.11262,0.06914,0.02157,0.14565,0.07493,0.05225,0.31977,0.04392,0.22316,0.6245,0.63919,0.47368,0.03024
HCASE-04400,0.25904,0.74039,0.15981,0.02004,0.15316,0.95736,0.13242,0.15932,0.05331,0.10937,0.03997,0.12157,0.09415,0.24629
HCASE-04401,0.20755,0.77482,0.56442,0.17455,0.20915,0.19366,0.24243,0.45149,0.04918,0.1386,0.15182,0.15394,0.1181,0.139
HCASE-04402,0.56821,0.37434,0.33365,0.14209,0.15782,0.20325,0.50163,0.62507,0.12087,0.45801,0.1585,0.12169,0.10655,0.13149
HCASE-04403,0.37056,0.33166,0.05039,0.44641,0.46245,0.36113,0.05341,0.12765,0.48203,0.02475,0.15627,0.03485,0.02819,0.28799
HCASE-04404,0.24988,0.6469,0.19725,0.0526,0.10901,0.11796,0.79145,0.38406,0.13112,0.2626,0.04065,0.03229,0.08527,0.10353
HCASE-04405,0.83416,0.57912,0.10606,0.12628,0.19724,0.52928,0.10171,0.10167,0.06637,0.21453,0.03548,0.04641,0.0515,0.72168
HCASE-04406,0.47447,0.72048,0.1168,0.07942,0.11591,0.76563,0.09631,0.02226,0.15581,0.0408,0.09588,0.10718,0.13984,0.63378
HCASE-04407,0.12311,0.77129,0.10873,0.08559,0.06664,0.41633,0.53811,0.14978,0.15581,0.04663,0.07415,0.09484,0.05248,0.07906
HCASE-04408,0.22716,0.58256,0.17909,0.08665,0.10522,0.06061,0.63521,0.32482,0.02951,0.20943,0.04409,0.13225,0.15948,0.10897
HCASE-04409,0.3898,0.79036,0.06467,0.03327,0.11438,0.83101,0.08085,0.15695,0.02093,0.11182,0.03529,0.09551,0.04036,0.26666
HCASE-04410,0.14877,0.09715,0.21922,0.08055,0.04348,0.03926,0.05053,0.79247,0.60054,0.06832,0.03658,0.67641,0.14869,0.12001
HCASE-04411,0.19162,0.88755,0.09074,0.15441,0.02734,0.4375,0.57575,0.1478,0.15717,0.05415,0.02112,0.06819,0.05263,0.10502
HCASE-04412,0.14218,0.74878,0.21982,0.14803,0.03755,0.35379,0.56485,0.18183,0.11774,0.09159,0.12747,0.04691,0.11508,0.10114
HCASE-04413,0.62656,0.2198,0.08701,0.0951,0.04158,0.20684,0.09347,0.31388,0.22712,0.47665,0.04209,0.35295,0.10497,0.63374
HCASE-04414,0.10224,0.02426,0.12921,0.07504,0.13955,0.04976,0.02116,0.81647,0.23468,0.11546,0.03214,0.34789,0.61634,0.07073
HCASE-04415,0.10722,0.09362,0.08874,0.07665,0.12688,0.16693,0.07402,0.49697,0.39654,0.13643,0.34834,0.69105,0.06105,0.05078
HCASE-04416,0.81446,0.3735,0.14125,0.13745,0.05247,0.3056,0.07765,0.07977,0.13199,0.43509,0.02328,0.08583,0.09185,0.77291
HCASE-04417,0.0653,0.12453,0.10545,0.03846,0.08967,0.10185,0.125,0.84373,0.41776,0.13304,0.14362,0.5935,0.50303,0.1352
HCASE-04418,0.07835,0.14446,0.21931,0.37458,0.65786,0.1281,0.11693,0.30023,0.36188,0.19849,0.19833,0.14219,0.1544,0.10563
HCASE-04419,0.10586,0.0897,0.57374,0.63615,0.30194,0.11094,0.02776,0.48333,0.3014,0.09625,0.12931,0.14587,0.13636,0.09589
HCASE-04420,0.03728,0.02702,0.85708,0.21214,0.4967,0.10263,0.11838,0.83406,0.15545,0.02568,0.12585,0.02582,0.0781,0.12796
HCASE-04421,0.05868,0.14892,0.23498,0.1384,0.36267,0.14114,0.07715,0.8822,0.20063,0.02059,0.02838,0.05948,0.63768,0.12179
HCASE-04422,0.1305,0.77264,0.1324,0.12895,0.16853,0.41923,0.51904,0.0502,0.06187,0.07951,0.15818,0.07316,0.0217,0.04411
HCASE-04423,0.524,0.35369,0.04692,0.05201,0.03721,0.06691,0.7503,0.52392,0.02371,0.29427,0.0652,0.14807,0.08156,0.1974
HCASE-04424,0.15106,0.02978,0.27986,0.09234,0.25916,0.07813,0.09611,0.73967,0.15334,0.06511,0.10892,0.0717,0.60902,0.05139
HCASE-04425,0.0464,0.79638,0.53965,0.08269,0.13606,0.03996,0.36061,0.55896,0.02062,0.14926,0.05356,0.05791,0.09477,0.0683
HCASE-04426,0.57616,0.80359,0.05612,0.08957,0.11926,0.89625,0.11249,0.07945,0.08247,0.14316,0.04546,0.0838,0.15744,0.51
HCASE-04427,0.10538,0.88583,0.16188,0.02572,0.11201,0.34446,0.58076,0.13649,0.10747,0.10554,0.11408,0.12932,0.10339,0.13848
HCASE-04428,0.72221,0.15083,0.17497,0.05755,0.14718,0.09552,0.06301,0.10266,0.05757,0.60461,0.12445,0.06108,0.0631,0.72286
HCASE-04429,0.14782,0.05974,0.33871,0.50943,0.66136,0.10858,0.04892,0.3418,0.43866,0.06242,0.05159,0.02076,0.11285,0.17302
HCASE-04430,0.1534,0.04933,0.14648,0.07394,0.15289,0.13239,0.13527,0.79237,0.38296,0.04777,0.02807,0.29381,0.60036,0.08172
HCASE-04431,0.08767,0.86235,0.54889,0.16652,0.10534,0.10314,0.22171,0.37926,0.15828,0.11367,0.02215,0.10504,0.12059,0.09833
HCASE-04432,0.26295,0.11747,0.14845,0.10626,0.09088,0.14363,0.1018,0.58383,0.43935,0.40553,0.17851,0.62363,0.10732,0.34167
HCASE-04433,0.02932,0.66307,0.10589,0.05309,0.079,0.70895,0.24364,0.14899,0.13807,0.06256,0.14789,0.03825,0.15529,0.09749
HCASE-04434,0.71774,0.2471,0.13074,0.06599,0.09596,0.28161,0.08812,0.09305,0.10889,0.41386,0.13111,0.07626,0.06867,0.83405
HCASE-04435,0.15233,0.02406,0.77159,0.47325,0.26399,0.15335,0.05876,0.73824,0.15379,0.1466,0.13381,0.05159,0.07903,0.03366
HCASE-04436,0.72027,0.42219,0.12832,0.05672,0.05693,0.25758,0.05283,0.0522,0.13174,0.46905,0.15502,0.0728,0.08349,0.75227
HCASE-04437,0.26436,0.61827,0.08947,0.03609,0.02916,0.8356,0.03535,0.08758,0.05425,0.03295,0.10859,0.12814,0.1484,0.27488
HCASE-04438,0.14288,0.7248,0.36346,0.15496,0.04801,0.03353,0.50476,0.22362,0.05882,0.17765,0.2121,0.08612,0.11293,0.04689
HCASE-04439,0.13156,0.19236,0.07947,0.17766,0.15637,0.15676,0.11014,0.67279,0.17976,0.09876,0.05237,0.36994,0.52432,0.08679
HCASE-04440,0.18097,0.89991,0.22972,0.04814,0.15349,0.17696,0.41722,0.31187,0.09964,0.14375,0.11828,0.10855,0.11487,0.1359
HCASE-04441,0.02713,0.66217,0.92356,0.23319,0.05392,0.11424,0.11967,0.73221,0.1418,0.15762,0.08555,0.07911,0.12075,0.14428
HCASE-04442,0.1546,0.1819,0.523,0.14948,0.51903,0.09067,0.10996,0.75887,0.03095,0.09065,0.10242,0.08098,0.3111,0.04502
HCASE-04443,0.04481,0.14807,0.07025,0.71001,0.67378,0.07779,0.04222,0.05638,0.68887,0.14922,0.05758,0.07088,0.13135,0.27123
HCASE-04444,0.05352,0.06791,0.09979,0.09291,0.04039,0.04705,0.1297,0.85261,0.60297,0.08093,0.03522,0.50798,0.26694,0.03895
HCASE-04445,0.89282,0.57855,0.07555,0.0265,0.02445,0.6068,0.02311,0.14041,0.12517,0.20485,0.05031,0.08759,0.03408,0.71061
HCASE-04446,0.52688,0.8336,0.09704,0.02885,0.09598,0.83404,0.09334,0.20118,0.24543,0.13703,0.11566,0.15056,0.02211,0.52516
HCASE-04447,0.11207,0.1575,0.79865,0.17558,0.39599,0.13469,0.12345,0.66338,0.04,0.14274,0.08613,0.03249,0.02435,0.07693
HCASE-04448,0.4816,0.32537,0.02587,0.13803,0.14775,0.05563,0.65998,0.50184,0.15835,0.5048,0.15469,0.10134,0.15947,0.11159
HCASE-04449,0.13683,0.37763,0.66166,0.10259,0.42827,0.04581,0.06445,0.6177,0.07922,0.09309,0.17777,0.1835,0.09058,0.05047
HCASE-04450,0.74449,0.09554,0.04034,0.12365,0.09025,0.12214,0.43526,0.44948,0.05852,0.68627,0.0729,0.11342,0.07395,0.28085
HCASE-04451,0.25991,0.6784,0.12258,0.18006,0.21622,0.18209,0.71265,0.31957,0.07523,0.29291,0.10191,0.10739,0.07808,0.09116
HCASE-04452,0.63319,0.60198,0.14993,0.38232,0.38528,0.50664,0.13089,0.15017,0.30947,0.06694,0.02944,0.14219,0.09832,0.679
HCASE-04453,0.82053,0.1144,0.1438,0.0286,0.0302,0.10912,0.55347,0.42839,0.08571,0.65628,0.03141,0.02343,0.07012,0.27526
HCASE-04454,0.15719,0.06621,0.05581,0.11677,0.034,0.14409,0.0901,0.38596,0.3201,0.04105,0.55246,0.74251,0.04876,0.10752
HCASE-04455,0.80031,0.13786,0.0876,0.13795,0.06907,0.02065,0.05851,0.05379,0.13511,0.77411,0.11008,0.05418,0.12869,1.0
HCASE-04456,0.19503,0.11443,0.2314,0.47074,0.81318,0.15639,0.11112,0.30141,0.51923,0.0975,0.02819,0.0549,0.10635,0.14454
HCASE-04457,0.08912,0.02634,0.13165,0.04684,0.0235,0.07211,0.05702,0.87172,0.11236,0.1266,0.15184,0.20466,0.94257,0.06476
HCASE-04458,0.07141,0.093,0.10865,0.08517,0.11986,0.12229,0.1224,0.33104,0.09781,0.08234,0.45184,0.52518,0.27798,0.08226
HCASE-04459,0.08092,0.30306,0.6929,0.05113,0.39831,0.04821,0.1257,0.71879,0.10043,0.08627,0.11466,0.05354,0.04062,0.02238
HCASE-04460,0.02543,0.03186,0.38454,0.64811,0.47709,0.03087,0.09121,0.20083,0.50528,0.10214,0.12637,0.1354,0.12023,0.11306
HCASE-04461,0.05712,0.14216,0.14828,0.06085,0.14527,0.08447,0.07065,0.10221,0.15535,0.11741,0.72679,0.77785,0.11327,0.20783
HCASE-04462,0.07039,0.09952,0.58768,0.04443,0.50225,0.04662,0.13473,0.89961,0.07013,0.15652,0.15747,0.04456,0.3368,0.03422
HCASE-04463,0.14906,0.1089,0.69754,0.39483,0.29828,0.0882,0.08889,0.78336,0.14135,0.10318,0.07599,0.10355,0.09936,0.04642
HCASE-04464,0.1114,0.75872,0.49767,0.11453,0.0952,0.11936,0.3019,0.34585,0.10341,0.15751,0.12679,0.08074,0.13204,0.13311
HCASE-04465,0.87419,0.16825,0.20302,0.13507,0.20996,0.13626,0.02201,0.15069,0.10329,0.69314,0.06788,0.14172,0.1344,0.78247
HCASE-04466,0.44106,0.45469,0.07004,0.25668,0.19414,0.39703,0.02262,0.0439,0.22154,0.18439,0.16895,0.19522,0.10639,0.44463
HCASE-04467,0.14945,0.16072,0.08823,0.0248,0.08456,0.19149,0.04565,0.09003,0.07183,0.08184,0.78183,0.77552,0.06408,0.02794
HCASE-04468,0.13926,0.04053,0.08569,0.1555,0.15328,0.12452,0.05663,0.40486,0.40653,0.04385,0.32728,0.61978,0.03292,0.11289
HCASE-04469,0.04552,0.56334,0.73406,0.06882,0.2132,0.04077,0.08907,0.707,0.02852,0.05713,0.13056,0.04067,0.03576,0.07819
HCASE-04470,0.07201,0.8997,0.33963,0.08786,0.04868,0.06634,0.55685,0.40708,0.14245,0.15996,0.10458,0.03803,0.08069,0.14369
HCASE-04471,0.76313,0.56474,0.23698,0.17092,0.20072,0.53807,0.14287,0.06193,0.04799,0.26321,0.02906,0.14816,0.099,0.8017
HCASE-04472,0.79903,0.40106,0.13808,0.0979,0.08504,0.27575,0.13832,0.085,0.07213,0.40867,0.06375,0.1221,0.15452,0.69428
HCASE-04473,0.19621,0.67167,0.65902,0.03169,0.11482,0.14502,0.12347,0.53831,0.04218,0.06866,0.04262,0.02586,0.04293,0.02644
HCASE-04474,0.0758,0.1469,0.67462,0.40602,0.3224,0.10057,0.08585,0.74266,0.14311,0.09796,0.10545,0.10188,0.13447,0.18405
HCASE-04475,0.10071,0.87621,0.14052,0.08604,0.06193,0.49907,0.50039,0.12182,0.04876,0.15029,0.02587,0.13286,0.12272,0.1401
HCASE-04476,0.13342,0.0926,0.65744,0.09452,0.58884,0.11646,0.03388,0.88317,0.1136,0.02193,0.09271,0.03454,0.27071,0.08932
HCASE-04477,0.27376,0.03946,0.06439,0.08645,0.06164,0.13823,0.1254,0.69377,0.62237,0.31607,0.02574,0.59909,0.10256,0.37016
HCASE-04478,0.57256,0.44106,0.16418,0.37752,0.34716,0.49007,0.06603,0.12015,0.23133,0.14383,0.12764,0.04242,0.06373,0.42437
HCASE-04479,0.06588,0.08017,0.0827,0.13552,0.11037,0.03935,0.07855,0.70111,0.51449,0.13019,0.13602,0.47737,0.22418,0.05926
HCASE-04480,0.05971,0.49755,0.5626,0.10044,0.30522,0.1463,0.04615,0.62212,0.06799,0.03618,0.08118,0.05884,0.03345,0.11982
HCASE-04481,0.07243,0.12993,0.11405,0.14346,0.11514,0.11633,0.06048,0.37374,0.04377,0.10515,0.65624,0.63697,0.36778,0.06809
HCASE-04482,0.10055,0.76766,0.07223,0.04853,0.03045,0.36755,0.50161,0.18841,0.15988,0.11237,0.10234,0.0691,0.14724,0.05888
HCASE-04483,0.09734,0.87522,0.11192,0.07904,0.05061,0.4036,0.56869,0.15394,0.06752,0.1556,0.0913,0.03556,0.07078,0.03986
HCASE-04484,0.11227,0.1516,0.06216,0.09734,0.05492,0.06724,0.15899,0.156,0.21805,0.08138,0.92674,0.88422,0.03716,0.10902
HCASE-04485,0.03706,0.04739,0.09929,0.14741,0.03377,0.12671,0.15367,0.76824,0.11129,0.04927,0.09721,0.02526,0.78303,0.11429
HCASE-04486,0.04861,0.3084,0.68326,0.12064,0.43495,0.1122,0.08394,0.70722,0.13255,0.06751,0.1025,0.15995,0.14708,0.06259
HCASE-04487,0.02404,0.31168,0.94893,0.50508,0.11417,0.14435,0.12212,0.77791,0.09531,0.10758,0.03942,0.02191,0.09906,0.10387
HCASE-04488,0.15549,0.90908,0.79588,0.12182,0.10611,0.06165,0.04997,0.70282,0.1213,0.05443,0.11782,0.11427,0.07591,0.03553
HCASE-04489,0.23834,0.53526,0.08551,0.02815,0.11155,0.85444,0.04741,0.1427,0.14655,0.02563,0.07847,0.09715,0.14136,0.40126
HCASE-04490,0.62759,0.56855,0.15069,0.21528,0.31237,0.54586,0.09542,0.04725,0.27361,0.03487,0.06219,0.06419,0.03365,0.50092
HCASE-04491,0.11546,0.13799,0.24351,0.14596,0.27757,0.1388,0.09648,0.81345,0.08682,0.13582,0.10972,0.13344,0.52836,0.15974
HCASE-04492,0.28295,0.2705,0.03832,0.48526,0.51532,0.19208,0.04671,0.03594,0.37134,0.11554,0.02854,0.0898,0.07361,0.35405
HCASE-04493,0.61843,0.54932,0.15262,0.4335,0.36202,0.55529,0.03824,0.02889,0.24909,0.08825,0.03047,0.12336,0.15336,0.53838
HCASE-04494,0.14657,0.13971,0.22227,0.0637,0.05721,0.08675,0.04575,0.83318,0.25225,0.09973,0.07594,0.21956,0.56826,0.03842
HCASE-04495,0.10525,0.611,0.83895,0.29056,0.05613,0.12366,0.14022,0.6604,0.02353,0.03531,0.03189,0.09563,0.06043,0.06709
HCASE-04496,0.33041,0.6606,0.06729,0.03334,0.0641,0.90753,0.04837,0.17176,0.09936,0.06656,0.04127,0.15121,0.10829,0.27502
HCASE-04497,0.74919,0.30658,0.06111,0.11756,0.12483,0.33479,0.13531,0.05706,0.09881,0.35416,0.07835,0.14816,0.11016,0.77725
HCASE-04498,0.12595,0.76835,0.65942,0.03962,0.03239,0.04506,0.10674,0.51005,0.10475,0.15068,0.13242,0.06361,0.15134,0.18532
HCASE-04499,0.58529,0.10869,0.10256,0.0567,0.11331,0.03114,0.50239,0.41006,0.07784,0.64509,0.23035,0.19878,0.14175,0.33562
HCASE-04500,0.43461,0.66419,0.02108,0.12214,0.128,0.76825,0.07607,0.1492,0.03693,0.04343,0.15558,0.09159,0.08045,0.58558
HCASE-04501,0.24439,0.64552,0.07438,0.1151,0.0852,0.89203,0.05623,0.11564,0.05112,0.03189,0.11401,0.11239,0.14554,0.3806
HCASE-04502,0.86295,0.63623,0.11254,0.09986,0.15556,0.63648,0.07062,0.06168,0.03776,0.32959,0.02428,0.11783,0.09017,0.74832
HCASE-04503,0.61622,0.55599,0.14661,0.06288,0.09639,0.50481,0.11893,0.19783,0.14545,0.26135,0.04744,0.11722,0.03323,0.71868
HCASE-04504,0.42983,0.51725,0.05293,0.27138,0.3102,0.36367,0.03005,0.10077,0.36283,0.07606,0.15885,0.03439,0.02975,0.59803
HCASE-04505,0.04266,0.13898,0.73948,0.13871,0.389,0.15646,0.12717,0.61807,0.08764,0.12049,0.06768,0.08859,0.07541,0.17382
HCASE-04506,0.10115,0.2603,0.99013,0.34386,0.12665,0.09205,0.14868,0.70032,0.1258,0.1365,0.02519,0.14871,0.10207,0.05015
HCASE-04507,0.06552,0.03395,0.02103,0.04083,0.0664,0.09875,0.08277,0.667,0.56752,0.11388,0.38222,0.76451,0.0806,0.14447
HCASE-04508,0.51793,0.80341,0.12521,0.07819,0.1318,0.83253,0.06577,0.2256,0.20571,0.10139,0.06158,0.02999,0.02101,0.54323
HCASE-04509,0.12163,0.83617,0.81099,0.06564,0.13313,0.19872,0.07743,0.70064,0.05785,0.13303,0.11306,0.02265,0.02317,0.05808
HCASE-04510,0.06484,0.75281,0.09695,0.12005,0.1247,0.08611,0.64202,0.1317,0.10254,0.1789,0.16667,0.14533,0.16579,0.05186
HCASE-04511,0.09052,0.83057,0.19567,0.04895,0.14679,0.02959,0.55477,0.27744,0.14048,0.15474,0.06574,0.02048,0.11,0.10494
HCASE-04512,0.76781,0.29815,0.1105,0.12154,0.12381,0.31559,0.09696,0.09044,0.07701,0.50054,0.06749,0.07257,0.07052,0.91351
HCASE-04513,0.05682,0.07164,0.36833,0.14282,0.31877,0.15923,0.15024,0.70647,0.12964,0.09988,0.22591,0.16694,0.55488,0.06773
HCASE-04514,0.0623,0.1345,0.1188,0.14389,0.12684,0.14124,0.07764,0.38498,0.25337,0.15992,0.40164,0.62737,0.13909,0.03016
HCASE-04515,0.17603,0.16809,0.07221,0.14847,0.05621,0.18678,0.07445,0.64457,0.36271,0.10789,0.13699,0.41336,0.3236,0.05477
HCASE-04516,0.20604,0.76864,0.20405,0.14573,0.11902,0.84168,0.22642,0.03394,0.11495,0.06589,0.08698,0.03269,0.06567,0.0664
HCASE-04517,0.08464,0.10842,0.31488,0.03029,0.33753,0.07603,0.0321,0.89001,0.1522,0.02403,0.13055,0.11746,0.71139,0.02517
HCASE-04518,0.7341,0.89854,0.1321,0.08679,0.07742,0.98251,0.08558,0.03137,0.07781,0.11592,0.04132,0.03447,0.14647,0.54084
HCASE-04519,0.46804,0.48057,0.17927,0.18279,0.14217,0.19251,0.53645,0.43577,0.13582,0.35023,0.14622,0.04826,0.1084,0.06491
HCASE-04520,0.56286,0.20949,0.15756,0.06131,0.14623,0.20849,0.08345,0.3462,0.32456,0.52573,0.15797,0.34292,0.13276,0.58615
HCASE-04521,0.07024,0.09366,0.54966,0.09809,0.56876,0.12944,0.08523,0.73344,0.19738,0.05678,0.13314,0.1126,0.23881,0.14927
HCASE-04522,0.1099,0.13836,0.07593,0.03418,0.07115,0.09568,0.11049,0.68099,0.65153,0.09946,0.15371,0.7528,0.11431,0.1403
HCASE-04523,0.99061,0.7135,0.11282,0.08091,0.13884,0.76278,0.14772,0.14591,0.04978,0.3263,0.15563,0.13673,0.07237,0.94345
HCASE-04524,0.15673,0.30981,0.76725,0.17444,0.58599,0.10535,0.14148,0.65945,0.09166,0.07885,0.14061,0.0348,0.02343,0.05254
HCASE-04525,0.09391,0.18738,0.07681,0.19662,0.19863,0.13764,0.11905,0.49386,0.46218,0.12134,0.26645,0.68875,0.09719,0.07204
HCASE-04526,0.24425,0.59756,0.14519,0.0862,0.10887,0.7991,0.04805,0.15465,0.04141,0.05624,0.04407,0.12425,0.11994,0.40744
HCASE-04527,0.80089,0.76515,0.14972,0.10605,0.10924,0.759,0.02119,0.1039,0.05316,0.02723,0.15981,0.13354,0.06387,0.61285
HCASE-04528,0.17713,0.16694,0.03649,0.07168,0.08524,0.12504,0.07596,0.33925,0.03534,0.07364,0.57795,0.52974,0.42109,0.06526
HCASE-04529,0.24101,0.52091,0.20209,0.03672,0.12234,0.73589,0.10639,0.1119,0.14857,0.10058,0.08146,0.05883,0.0939,0.20901
HCASE-04530,0.12522,0.03347,0.0966,0.06638,0.05203,0.08796,0.09766,0.36486,0.35361,0.15989,0.67778,0.85078,0.21112,0.07656
HCASE-04531,0.50283,0.32759,0.1428,0.06591,0.08343,0.07497,0.62071,0.41268,0.10376,0.37023,0.13906,0.09967,0.04065,0.22916
HCASE-04532,0.76854,0.48964,0.12138,0.16009,0.16739,0.57487,0.06672,0.0602,0.03067,0.19012,0.0933,0.03019,0.02595,0.7287
HCASE-04533,0.1992,0.96753,0.31209,0.10083,0.13372,0.10849,0.50403,0.20516,0.0553,0.04913,0.03385,0.04011,0.10871,0.03851
HCASE-04534,0.15082,0.20229,0.07848,0.20815,0.13827,0.13818,0.1487,0.35182,0.25998,0.04481,0.56525,0.77729,0.02842,0.15659
HCASE-04535,0.26668,0.26989,0.10942,0.47891,0.45662,0.25217,0.14023,0.14532,0.54044,0.12794,0.10644,0.04476,0.05704,0.3154
HCASE-04536,0.04218,0.10027,0.35989,0.56491,0.73618,0.08013,0.13723,0.36217,0.43822,0.08722,0.04422,0.13232,0.07453,0.06247
HCASE-04537,0.13292,0.88322,0.10294,0.09938,0.11364,0.09547,0.57432,0.14339,0.10444,0.02199,0.15811,0.0959,0.08332,0.18457
HCASE-04538,0.05791,0.09509,0.06352,0.14469,0.13369,0.0803,0.02864,0.8414,0.49936,0.22568,0.15044,0.70554,0.43043,0.14409
HCASE-04539,0.11551,0.0582,0.09359,0.0832,0.14357,0.1566,0.09117,0.74836,0.06187,0.18865,0.16194,0.17703,0.94895,0.0888
HCASE-04540,0.84599,0.71837,0.04829,0.04111,0.05396,0.60707,0.15378,0.12048,0.15248,0.29365,0.02547,0.12079,0.03316,0.8384
HCASE-04541,0.04682,0.12359,0.24191,0.06805,0.28716,0.11725,0.05825,0.82746,0.13547,0.13512,0.07369,0.11981,0.70286,0.05339
HCASE-04542,0.16172,0.75504,0.1004,0.1216,0.09618,0.75437,0.29611,0.03193,0.02454,0.07232,0.11506,0.09548,0.15979,0.09433
HCASE-04543,0.03336,0.0854,0.30863,0.53674,0.70018,0.0553,0.12607,0.25978,0.56719,0.05267,0.09036,0.14126,0.09663,0.26249
HCASE-04544,0.09575,0.49158,0.59116,0.22894,0.15244,0.11406,0.11637,0.5244,0.03799,0.11205,0.12328,0.15724,0.1122,0.17541
HCASE-04545,0.30929,0.07901,0.14089,0.07288,0.12464,0.15332,0.09043,0.61775,0.57423,0.38259,0.24229,0.61498,0.2171,0.3235
HCASE-04546,0.13206,0.11487,0.08645,0.0478,0.15856,0.12896,0.02419,0.82801,0.63278,0.22261,0.21266,0.80043,0.16682,0.14662
HCASE-04547,0.73052,0.20259,0.12396,0.15058,0.05969,0.18507,0.31331,0.2646,0.14956,0.56385,0.07247,0.02599,0.10532,0.64131
HCASE-04548,0.0876,0.19942,0.1113,0.14271,0.04002,0.13122,0.04519,0.53668,0.5028,0.06288,0.36173,0.69348,0.13007,0.05212
HCASE-04549,0.63412,0.62391,0.16212,0.13784,0.15994,0.68803,0.03695,0.20071,0.15797,0.10639,0.13718,0.12827,0.02322,0.64401
HCASE-04550,0.03919,0.0605,0.15867,0.10829,0.08246,0.05312,0.08084,0.73772,0.27623,0.0839,0.14889,0.18943,0.55786,0.16358
HCASE-04551,0.06196,0.12001,0.13344,0.68677,0.65233,0.05718,0.12304,0.2111,0.5909,0.05671,0.12065,0.12817,0.0712,0.15401
HCASE-04552,0.19619,0.09685,0.32053,0.85002,0.5614,0.2023,0.03006,0.26081,0.50731,0.07548,0.05674,0.10266,0.03935,0.14369
HCASE-04553,0.09845,0.11424,0.57525,0.68336,0.23343,0.08451,0.02858,0.42135,0.39564,0.13385,0.08623,0.12044,0.04792,0.04555
HCASE-04554,0.20355,0.77495,0.09853,0.14277,0.08995,0.66119,0.27459,0.10686,0.02725,0.10852,0.02561,0.1262,0.06446,0.10297
HCASE-04555,0.4181,0.20555,0.24887,0.13504,0.10368,0.03721,0.4409,0.65404,0.08895,0.48432,0.03294,0.09498,0.04668,0.24278
HCASE-04556,0.69101,0.1097,0.03035,0.10291,0.07549,0.09792,0.21716,0.32908,0.06272,0.68415,0.12255,0.12519,0.03768,0.66994
HCASE-04557,0.13468,0.07929,0.25429,0.0822,0.26816,0.11353,0.09905,0.82862,0.19612,0.14591,0.08242,0.15979,0.61948,0.03443
HCASE-04558,0.07799,0.4798,0.70108,0.11639,0.23916,0.07715,0.08214,0.47604,0.05091,0.15444,0.15473,0.15148,0.17386,0.09774
HCASE-04559,0.12677,0.3205,0.67198,0.37339,0.0607,0.06292,0.14027,0.57271,0.14278,0.07476,0.0488,0.05595,0.04065,0.14182
HCASE-04560,0.27154,0.75202,0.13079,0.12561,0.14174,0.96924,0.03626,0.10293,0.07774,0.14152,0.06818,0.03969,0.11057,0.29876
HCASE-04561,0.20901,0.91238,0.06037,0.05062,0.14012,0.15118,0.76517,0.09058,0.12701,0.14394,0.1144,0.03079,0.13955,0.14213
HCASE-04562,0.07658,0.30246,0.64703,0.0421,0.52369,0.10617,0.15726,0.66549,0.1469,0.12663,0.12753,0.15317,0.12702,0.04936
HCASE-04563,0.15815,0.1423,0.16761,0.13317,0.02402,0.03128,0.13336,0.33844,0.24417,0.12454,0.45661,0.72453,0.15617,0.05488
HCASE-04564,0.69339,0.58802,0.14888,0.11439,0.13149,0.63225,0.08364,0.04317,0.15839,0.09733,0.13346,0.05034,0.12389,0.86703
HCASE-04565,0.1044,0.14175,0.18002,0.19524,0.09916,0.12168,0.09797,0.64209,0.05319,0.02421,0.12172,0.14823,0.70079,0.0428
HCASE-04566,0.14919,0.64377,0.15312,0.12941,0.13514,0.58136,0.23126,0.0967,0.02091,0.03057,0.14752,0.11851,0.03962,0.20734
HCASE-04567,0.62184,0.48414,0.06012,0.02711,0.14839,0.11655,0.68847,0.51506,0.12763,0.41458,0.11084,0.11087,0.06201,0.1213
HCASE-04568,0.02215,0.58795,0.79293,0.26281,0.14923,0.08428,0.02289,0.72621,0.09337,0.09013,0.14901,0.02189,0.0519,0.12722
HCASE-04569,0.56105,0.67703,0.09386,0.32841,0.39432,0.63518,0.14355,0.15323,0.32261,0.13044,0.14631,0.09647,0.11329,0.52803
HCASE-04570,0.0811,0.03052,0.02273,0.07534,0.12536,0.02876,0.07705,0.90641,0.34434,0.07886,0.09701,0.28342,0.61613,0.12204
HCASE-04571,0.6788,0.10714,0.08367,0.15718,0.02367,0.15131,0.08718,0.14142,0.1375,0.70409,0.06693,0.13355,0.15612,1.0
HCASE-04572,0.2909,0.21076,0.12932,0.50644,0.44711,0.22024,0.04981,0.07733,0.42409,0.12409,0.03201,0.1037,0.13574,0.28891
HCASE-04573,0.15421,0.16082,0.05445,0.07605,0.1555,0.13659,0.12296,0.38467,0.13904,0.04108,0.50331,0.58372,0.38141,0.0411
HCASE-04574,0.07463,0.04915,0.03852,0.03336,0.06164,0.14712,0.04733,0.61671,0.52116,0.13907,0.29875,0.69743,0.10496,0.03061
HCASE-04575,0.13033,0.04161,0.10109,0.15282,0.13676,0.08488,0.05551,0.75163,0.65683,0.21964,0.22429,0.73109,0.12953,0.07201
HCASE-04576,0.45208,0.15594,0.02084,0.05551,0.14332,0.02735,0.09267,0.30978,0.23274,0.45768,0.02659,0.25066,0.09947,0.7036
HCASE-04577,0.14451,0.08624,0.12987,0.10375,0.09639,0.15701,0.13486,0.86966,0.32961,0.03318,0.07821,0.31618,0.63662,0.13802
HCASE-04578,0.85389,0.13354,0.21754,0.16221,0.20024,0.19032,0.133,0.05169,0.08261,0.67431,0.07304,0.07375,0.04858,0.94175
HCASE-04579,0.49263,0.14801,0.12337,0.16805,0.19143,0.10769,0.10989,0.29253,0.29007,0.47404,0.1286,0.21143,0.02502,0.59037
HCASE-04580,0.56319,0.19798,0.15195,0.06185,0.15788,0.29837,0.15774,0.18486,0.02454,0.33948,0.0347,0.08002,0.10268,0.75012
HCASE-04581,0.03476,0.02594,0.03058,0.10743,0.13988,0.075,0.03219,0.59321,0.55102,0.19237,0.3861,0.85353,0.2407,0.05915
HCASE-04582,0.08341,0.17039,0.03776,0.1024,0.0564,0.18143,0.02162,0.07781,0.11236,0.03814,0.73351,0.72648,0.09698,0.02715
HCASE-04583,0.02366,0.08195,0.03164,0.04511,0.08984,0.03525,0.05425,0.82176,0.54165,0.03164,0.04605,0.53079,0.28598,0.12154
HCASE-04584,0.19718,0.55193,0.06346,0.02393,0.0333,0.02925,0.60957,0.23405,0.02322,0.19976,0.16935,0.15494,0.1208,0.10183
HCASE-04585,0.02455,0.32129,0.69745,0.44699,0.15394,0.08596,0.10559,0.63703,0.09915,0.08157,0.02112,0.1172,0.13704,0.2204
HCASE-04586,0.14489,0.09297,0.3254,0.5525,0.64565,0.20596,0.03126,0.27432,0.51609,0.08165,0.02947,0.11861,0.06259,0.11326
HCASE-04587,0.06583,0.08773,0.03989,0.13005,0.0915,0.12928,0.12659,0.25605,0.04487,0.10276,0.70607,0.65297,0.46991,0.05267
HCASE-04588,0.1366,0.9587,0.35221,0.06123,0.05142,0.20816,0.58651,0.2125,0.13797,0.15342,0.14808,0.11247,0.09715,0.02398
HCASE-04589,0.14159,0.07244,0.72776,0.33318,0.26393,0.03861,0.08134,0.67125,0.07538,0.1189,0.03089,0.0486,0.02708,0.2067
HCASE-04590,0.20075,0.91027,0.38275,0.19337,0.16233,0.17298,0.56639,0.33629,0.11275,0.12861,0.06344,0.06228,0.03885,0.06611
HCASE-04591,0.19724,0.0827,0.1764,0.19059,0.1435,0.1758,0.10957,0.53432,0.42871,0.15549,0.32534,0.73001,0.02185,0.09659
HCASE-04592,0.27657,0.18393,0.19417,0.18498,0.17366,0.11935,0.14146,0.53566,0.53715,0.23501,0.1277,0.45334,0.10391,0.27772
HCASE-04593,0.16603,0.06585,0.08329,0.12274,0.13848,0.15299,0.11922,0.75238,0.35668,0.14934,0.10757,0.39865,0.39944,0.0437
HCASE-04594,0.14118,0.20518,0.76178,0.50252,0.40597,0.14954,0.02759,0.59615,0.10283,0.04216,0.11161,0.02646,0.09736,0.11195
HCASE-04595,0.19126,0.82891,0.19084,0.21228,0.08621,0.34865,0.55693,0.06123,0.08573,0.06202,0.14859,0.05547,0.14444,0.1165
HCASE-04596,0.15235,0.40707,0.886,0.3801,0.08738,0.05285,0.15883,0.63178,0.10303,0.15716,0.05434,0.09191,0.03788,0.07091
HCASE-04597,0.11709,0.20142,0.37151,0.58036,0.7114,0.1451,0.03076,0.34609,0.47841,0.08225,0.02772,0.06899,0.10326,0.04527
HCASE-04598,0.11349,0.15554,0.16987,0.07437,0.10908,0.05631,0.15137,0.86051,0.2556,0.08322,0.14167,0.2967,0.5983,0.08738
HCASE-04599,0.05449,0.14192,0.59567,0.23059,0.39805,0.05144,0.08893,0.66796,0.09806,0.16518,0.16279,0.11911,0.08595,0.13817
HCASE-04600,0.05357,0.12108,0.07965,0.13202,0.03668,0.06893,0.03969,0.82771,0.26116,0.22068,0.13832,0.3566,0.7566,0.13835
HCASE-04601,0.09798,0.12446,0.07649,0.20542,0.07973,0.20247,0.06583,0.49083,0.42338,0.1538,0.39372,0.63193,0.06514,0.06509
HCASE-04602,0.16884,0.16346,0.3924,0.58394,0.46085,0.15014,0.05845,0.292,0.44263,0.12712,0.12693,0.11017,0.0279,0.09932
HCASE-04603,0.29387,0.28628,0.14728,0.46985,0.57961,0.35251,0.09428,0.04211,0.5151,0.06857,0.05889,0.02263,0.11855,0.18231
HCASE-04604,0.06498,0.05971,0.12669,0.13197,0.15269,0.13033,0.05015,0.34079,0.04813,0.06065,0.4736,0.48539,0.31199,0.18109
HCASE-04605,0.11076,0.15987,0.02954,0.07523,0.05992,0.02934,0.14706,0.72721,0.70497,0.21145,0.18724,0.87124,0.2383,0.11855
HCASE-04606,0.05655,0.14207,0.25327,0.13109,0.26585,0.05876,0.02743,0.79974,0.15077,0.16162,0.11075,0.12038,0.77916,0.11354
HCASE-04607,0.08015,1.0,0.19114,0.09149,0.15768,0.15159,0.7742,0.15961,0.04155,0.14309,0.04875,0.12666,0.08224,0.07079
HCASE-04608,0.11693,0.14717,0.77025,0.59271,0.03942,0.11105,0.14785,0.68219,0.09421,0.1404,0.13432,0.18792,0.15514,0.04881
HCASE-04609,0.14125,0.83254,0.55569,0.08491,0.20462,0.20561,0.3725,0.43625,0.05308,0.11417,0.03141,0.05836,0.07537,0.10997
HCASE-04610,0.33119,0.67471,0.08817,0.0605,0.12251,0.85422,0.04735,0.12066,0.12452,0.02624,0.12966,0.1371,0.10238,0.27349
HCASE-04611,0.04353,0.13547,0.03883,0.05885,0.0296,0.10804,0.10976,0.3113,0.15014,0.06337,0.48208,0.60776,0.39213,0.15579
HCASE-04612,0.20653,0.57197,0.15498,0.12616,0.09071,0.84627,0.1584,0.19445,0.18229,0.12211,0.08628,0.09215,0.05104,0.23394
HCASE-04613,0.44013,0.58122,0.12238,0.10834,0.0502,0.70652,0.04409,0.07309,0.15748,0.11401,0.15287,0.18438,0.16878,0.35404
HCASE-04614,0.13716,0.14511,0.32353,0.63814,0.45755,0.04742,0.07846,0.26687,0.52219,0.02843,0.09573,0.10866,0.03993,0.25975
HCASE-04615,0.02076,0.14601,0.24792,0.13162,0.30809,0.134,0.02414,0.81206,0.19554,0.12028,0.12793,0.14621,0.61329,0.13894
HCASE-04616,0.81352,0.58076,0.1296,0.15091,0.08816,0.65905,0.12277,0.14815,0.13048,0.24941,0.03838,0.10422,0.02784,0.73967
HCASE-04617,0.12463,0.5349,0.67555,0.07554,0.18958,0.12518,0.02669,0.56069,0.03058,0.09785,0.12272,0.19158,0.13883,0.07788
HCASE-04618,0.18806,0.13659,0.74187,0.07939,0.68568,0.18719,0.03165,0.68703,0.02907,0.06137,0.14823,0.14475,0.13427,0.03404
HCASE-04619,0.25169,0.31088,0.03416,0.50426,0.57917,0.21408,0.08659,0.0705,0.50795,0.24681,0.14743,0.21861,0.22456,0.26153
HCASE-04620,0.80108,0.14405,0.08949,0.022,0.0243,0.12617,0.23023,0.23755,0.05862,0.70247,0.05107,0.10795,0.04123,0.58366
HCASE-04621,0.036,0.04704,0.15663,0.07003,0.14257,0.10025,0.05076,0.75944,0.40503,0.16313,0.21493,0.50594,0.46518,0.08616
HCASE-04622,0.54495,0.35992,0.31313,0.13469,0.11425,0.12902,0.47574,0.6109,0.14628,0.4872,0.18343,0.18593,0.16236,0.12955
HCASE-04623,0.14477,0.07722,0.11204,0.12872,0.03692,0.14477,0.07417,0.2732,0.03507,0.18397,0.60708,0.50911,0.38885,0.14101
HCASE-04624,0.65212,0.65312,0.23528,0.37394,0.45014,0.58709,0.12153,0.10886,0.34802,0.09071,0.06627,0.13833,0.15491,0.57313
HCASE-04625,0.14572,0.09447,0.07247,0.13294,0.14012,0.14337,0.13779,0.72611,0.04423,0.04957,0.1274,0.06212,0.79709,0.13966
HCASE-04626,0.15675,0.77147,0.14719,0.07862,0.08088,0.20307,0.63464,0.08479,0.0807,0.02165,0.07553,0.08463,0.09761,0.15905
HCASE-04627,0.47743,0.40959,0.20616,0.29601,0.29714,0.40552,0.15652,0.15331,0.29265,0.06454,0.13851,0.0723,0.0519,0.49225
HCASE-04628,0.11158,0.21623,0.14247,0.05837,0.02161,0.1801,0.10943,0.27359,0.06781,0.11513,0.59506,0.57735,0.3262,0.03503
HCASE-04629,0.06159,0.07642,0.63626,0.31275,0.40559,0.10235,0.07989,0.51264,0.08908,0.04151,0.07862,0.05361,0.12714,0.13035
HCASE-04630,0.22449,0.87391,0.20704,0.12053,0.20207,0.48546,0.55836,0.02863,0.02758,0.11338,0.15693,0.13674,0.14957,0.11842
HCASE-04631,0.15125,0.13107,0.78961,0.40474,0.25624,0.10082,0.1578,0.67961,0.15365,0.12769,0.11378,0.06601,0.02193,0.10369
HCASE-04632,0.51575,0.20225,0.14726,0.15157,0.15486,0.18606,0.08736,0.31901,0.21183,0.40788,0.0534,0.26607,0.04961,0.56839
HCASE-04633,0.73477,0.11299,0.27702,0.07516,0.11979,0.09326,0.48171,0.62538,0.1053,0.60658,0.08508,0.08934,0.08252,0.36376
HCASE-04634,0.12589,0.20347,0.10182,0.0506,0.05473,0.1865,0.10242,0.55044,0.37887,0.05203,0.32746,0.62302,0.03888,0.09194
HCASE-04635,0.15634,0.03452,0.96903,0.31526,0.46096,0.07347,0.03182,0.89625,0.06809,0.09636,0.1514,0.10131,0.04682,0.09037
HCASE-04636,0.18988,0.57961,0.71193,0.27329,0.04977,0.13767,0.12937,0.58706,0.07961,0.14198,0.0238,0.03418,0.03314,0.05003
HCASE-04637,0.17875,0.61311,0.15015,0.04657,0.13672,0.66727,0.16797,0.07869,0.06069,0.15911,0.03186,0.15689,0.06785,0.06071
HCASE-04638,0.62184,0.56478,0.135,0.33621,0.41113,0.68292,0.11211,0.14919,0.2457,0.11471,0.11536,0.13036,0.06149,0.48435
HCASE-04639,0.56545,0.61526,0.09784,0.27309,0.32127,0.61332,0.07737,0.12267,0.32324,0.13707,0.14927,0.08824,0.06072,0.49829
HCASE-04640,0.09871,0.15216,0.1285,0.14581,0.11282,0.18153,0.04561,0.70173,0.07256,0.10077,0.12985,0.07703,0.76187,0.12277
HCASE-04641,0.45118,0.64394,0.11833,0.11644,0.06167,0.85958,0.07844,0.08682,0.0975,0.06989,0.07692,0.02232,0.05555,0.57165
HCASE-04642,0.62351,0.73127,0.13627,0.10287,0.12978,0.88099,0.15354,0.12615,0.16687,0.04713,0.15031,0.06638,0.0726,0.43805
HCASE-04643,0.11162,0.10707,0.86303,0.57969,0.02502,0.10619,0.04816,0.67376,0.15269,0.14172,0.08815,0.02461,0.15449,0.19128
HCASE-04644,0.14313,0.12921,0.23887,0.039,0.27608,0.0339,0.11677,0.74806,0.12265,0.06732,0.03921,0.08885,0.67829,0.13846
HCASE-04645,0.12591,0.11173,0.25455,0.1439,0.23727,0.11466,0.04418,0.78847,0.16795,0.07796,0.10178,0.12823,0.51265,0.07064
HCASE-04646,0.39275,0.30349,0.13623,0.41809,0.43186,0.27491,0.06789,0.1108,0.39677,0.10174,0.08761,0.12715,0.14072,0.21875
HCASE-04647,0.14778,0.08946,0.26524,0.07091,0.26195,0.12236,0.03224,0.83235,0.10278,0.05748,0.05417,0.11872,0.58938,0.02641
HCASE-04648,0.24051,0.63247,0.15076,0.04209,0.15949,0.05743,0.73386,0.3541,0.05496,0.28905,0.16975,0.14047,0.13597,0.11218
HCASE-04649,0.68073,0.13368,0.13551,0.02057,0.09203,0.12414,0.73163,0.71269,0.13664,0.60344,0.04894,0.13268,0.06306,0.0657
HCASE-04650,0.08126,0.1553,0.31818,0.60158,0.60733,0.19414,0.14905,0.31683,0.50708,0.12947,0.11703,0.15567,0.15619,0.12689
HCASE-04651,0.59887,0.21757,0.05414,0.04136,0.0468,0.31965,0.04998,0.06787,0.1113,0.50333,0.13975,0.1411,0.12389,0.76484
HCASE-04652,0.53271,0.18795,0.085,0.118,0.19732,0.12943,0.1527,0.33964,0.19967,0.40201,0.15758,0.22733,0.13396,0.60156
HCASE-04653,0.62287,0.71325,0.1089,0.35772,0.29192,0.5874,0.07556,0.1095,0.27536,0.04128,0.09828,0.1002,0.02397,0.55491
HCASE-04654,0.06658,0.09139,0.11034,0.03474,0.02332,0.15102,0.03515,0.5155,0.5086,0.19983,0.41712,0.83787,0.13523,0.02945
HCASE-04655,0.71404,0.07482,0.14972,0.1189,0.02171,0.14593,0.68383,0.64292,0.13134,0.59333,0.05154,0.09074,0.14435,0.02768
HCASE-04656,0.13007,0.65345,0.74032,0.02703,0.36147,0.04247,0.14597,0.84561,0.0999,0.1092,0.1211,0.07882,0.04895,0.13787
HCASE-04657,0.11869,0.06287,0.47731,0.0276,0.50733,0.10194,0.06148,0.91413,0.1564,0.04363,0.11347,0.14649,0.24774,0.05422
HCASE-04658,0.08065,0.1319,0.66482,0.14918,0.5,0.03207,0.08331,0.70185,0.12399,0.19644,0.16439,0.20147,0.13397,0.06202
HCASE-04659,0.06065,0.25916,0.9563,0.40852,0.11142,0.15637,0.04371,0.75951,0.15191,0.14076,0.0296,0.07162,0.15559,0.14321
HCASE-04660,0.10406,0.13342,0.26194,0.07098,0.26544,0.06965,0.07099,0.93539,0.12405,0.1206,0.10809,0.07097,0.65916,0.0644
HCASE-04661,0.4364,0.84893,0.23923,0.13758,0.16262,0.13979,0.88383,0.35581,0.12446,0.23413,0.05681,0.03431,0.10515,0.04798
HCASE-04662,0.08531,0.176,0.05491,0.06572,0.04432,0.11469,0.11226,0.86339,0.30307,0.05203,0.09009,0.20101,0.63893,0.06016
HCASE-04663,0.14922,0.58097,0.80571,0.0766,0.33555,0.13125,0.08719,0.7035,0.1304,0.0372,0.14229,0.04747,0.04415,0.04877
HCASE-04664,0.1477,0.09579,0.02153,0.03141,0.1558,0.12594,0.07544,0.74971,0.45342,0.09332,0.09587,0.44901,0.24535,0.05211
HCASE-04665,0.12267,0.65355,0.11237,0.14262,0.07864,0.66018,0.25619,0.20318,0.12741,0.11301,0.15922,0.08566,0.05205,0.10366
HCASE-04666,0.03579,0.04882,0.10968,0.11354,0.07301,0.05629,0.02147,0.69604,0.48343,0.17878,0.10818,0.5615,0.42765,0.11042
HCASE-04667,0.03992,0.05633,0.82165,0.38794,0.26117,0.10635,0.07661,0.70919,0.12305,0.03946,0.02188,0.07952,0.09199,0.14136
HCASE-04668,0.15726,0.06636,0.18301,0.4802,0.69352,0.08118,0.07263,0.36841,0.58812,0.08653,0.03318,0.09225,0.10187,0.02352
HCASE-04669,0.09001,0.06293,0.02613,0.04056,0.04994,0.07986,0.05541,0.26918,0.0508,0.23769,0.70522,0.69348,0.44914,0.09473
HCASE-04670,0.03424,0.08483,0.92201,0.34122,0.57954,0.03462,0.08248,0.82726,0.14504,0.15198,0.06767,0.10179,0.14695,0.06916
HCASE-04671,0.19388,0.51991,0.1279,0.1256,0.05128,0.75672,0.07432,0.102,0.0779,0.02288,0.14023,0.09828,0.03138,0.19519
HCASE-04672,0.74531,0.31311,0.11419,0.12907,0.15573,0.34808,0.113,0.08353,0.03307,0.46134,0.05398,0.04724,0.14657,0.79761
HCASE-04673,0.12718,0.7885,0.12144,0.17615,0.11889,1.0,0.08603,0.06026,0.05253,0.08637,0.14595,0.15645,0.02972,0.02959
HCASE-04674,0.32929,0.67628,0.06865,0.1395,0.13376,0.89542,0.04158,0.1335,0.15773,0.02399,0.0791,0.13179,0.14991,0.21678
HCASE-04675,0.09956,0.15867,0.14673,0.02421,0.15824,0.15274,0.13995,0.63247,0.6159,0.12311,0.31785,0.66725,0.02301,0.11074
HCASE-04676,0.50916,0.48064,0.1463,0.10755,0.0698,0.10776,0.73131,0.48968,0.03894,0.46751,0.12979,0.06755,0.08412,0.07445
HCASE-04677,0.02308,0.08045,0.04969,0.15863,0.09356,0.07139,0.02268,0.9409,0.54365,0.06037,0.03899,0.61143,0.38447,0.03994
HCASE-04678,0.15947,0.34297,0.78076,0.38422,0.19993,0.08694,0.02348,0.47927,0.12665,0.07562,0.0818,0.03442,0.12512,0.03829
HCASE-04679,0.26478,0.31335,0.14041,0.51112,0.4444,0.305,0.08262,0.13329,0.53445,0.13959,0.08792,0.04505,0.09153,0.43727
HCASE-04680,0.72173,0.45218,0.05773,0.032,0.07217,0.51631,0.07449,0.11883,0.07422,0.29382,0.14003,0.14745,0.04176,0.75818
HCASE-04681,0.67119,0.14982,0.06303,0.14987,0.15617,0.05726,0.26486,0.29488,0.05199,0.53287,0.14728,0.02358,0.14222,0.66512
HCASE-04682,0.13679,0.14715,0.11157,0.14716,0.07075,0.09022,0.13129,0.75426,0.47472,0.03304,0.09309,0.44813,0.27333,0.1594
HCASE-04683,0.1116,0.18762,0.18138,0.18371,0.16918,0.08819,0.03673,0.78181,0.29306,0.09022,0.02693,0.31885,0.58605,0.09621
HCASE-04684,0.17415,0.46832,0.57528,0.14962,0.28066,0.18174,0.07407,0.58566,0.09267,0.12397,0.0226,0.02053,0.02376,0.02929
HCASE-04685,0.14448,0.42267,0.65813,0.14417,0.40748,0.21565,0.03669,0.6197,0.05262,0.04435,0.02153,0.06201,0.09842,0.15547
HCASE-04686,0.1627,0.14762,0.78865,0.49475,0.23304,0.229,0.1546,0.66614,0.0448,0.07426,0.05617,0.05334,0.05668,0.10728
HCASE-04687,0.06922,0.06179,0.08217,0.07085,0.04843,0.11741,0.03965,0.37492,0.20694,0.05327,0.54978,0.6109,0.31102,0.07918
HCASE-04688,0.10648,0.09216,0.05253,0.15924,0.0212,0.13399,0.12682,0.41844,0.44724,0.10867,0.38625,0.69596,0.08229,0.14072
HCASE-04689,0.53067,0.54179,0.11031,0.3363,0.27298,0.53805,0.10442,0.03126,0.37711,0.02381,0.03765,0.02266,0.09423,0.62237
HCASE-04690,0.08571,0.07381,0.10802,0.07569,0.11392,0.14789,0.15374,0.06938,0.15183,0.11026,0.77104,0.67567,0.05876,0.15836
HCASE-04691,0.79792,0.21758,0.15746,0.08557,0.13663,0.1473,0.28227,0.31614,0.045,0.60993,0.13557,0.06978,0.05279,0.56908
HCASE-04692,0.18685,0.73919,0.12047,0.13819,0.11339,0.72724,0.25336,0.05793,0.02657,0.11924,0.06014,0.08914,0.08928,0.13234
HCASE-04693,0.05722,0.77647,0.13022,0.03324,0.08944,1.0,0.08133,0.11045,0.08692,0.02245,0.03778,0.13241,0.09398,0.18817
HCASE-04694,0.08168,0.10001,0.35732,0.59426,0.42813,0.02003,0.0691,0.30244,0.56733,0.07865,0.03591,0.08692,0.06441,0.04952
HCASE-04695,0.08357,0.74457,0.14594,0.06893,0.05903,0.64636,0.20686,0.16171,0.14377,0.05719,0.06255,0.14848,0.08537,0.08931
HCASE-04696,0.20741,0.8885,0.41155,0.13353,0.17303,0.10386,0.51797,0.23654,0.1115,0.12412,0.03996,0.12852,0.0817,0.11902
HCASE-04697,0.63595,0.43313,0.04017,0.10689,0.08312,0.48019,0.02568,0.02086,0.13787,0.26846,0.11913,0.12017,0.0882,0.71921
HCASE-04698,0.13887,0.84942,0.15349,0.10128,0.1129,0.08144,0.71764,0.10916,0.14102,0.05003,0.14681,0.09832,0.11653,0.11088
HCASE-04699,0.12383,0.07583,0.68914,0.19826,0.44787,0.04009,0.07996,0.58235,0.10742,0.14888,0.1394,0.173,0.17378,0.02417
HCASE-04700,0.42639,0.33566,0.15792,0.07572,0.13141,0.15855,0.66486,0.40518,0.10649,0.38928,0.08525,0.17954,0.09288,0.03147
HCASE-04701,0.583,0.02783,0.04424,0.12093,0.06173,0.15185,0.46941,0.43213,0.03663,0.51412,0.08822,0.13163,0.12623,0.331
HCASE-04702,0.09344,0.57556,0.66053,0.04834,0.31086,0.04377,0.15326,0.63575,0.10555,0.20672,0.16802,0.08448,0.19788,0.02287
HCASE-04703,0.28242,0.65957,0.13179,0.15198,0.0297,0.82903,0.09702,0.14844,0.05921,0.1062,0.11154,0.14506,0.14256,0.30507
HCASE-04704,0.36722,0.7082,0.1292,0.13253,0.06471,0.90456,0.12035,0.10536,0.06142,0.14696,0.09375,0.03876,0.05596,0.3522
HCASE-04705,0.72604,0.09038,0.17677,0.14224,0.03314,0.08383,0.02416,0.12982,0.02932,0.60129,0.11904,0.093,0.15318,0.80216
HCASE-04706,0.13211,0.15394,0.2097,0.1172,0.28047,0.12462,0.14727,0.63599,0.12482,0.04464,0.03104,0.06005,0.52308,0.04699
HCASE-04707,0.124,0.90417,0.64188,0.11824,0.03008,0.05547,0.2851,0.52946,0.08174,0.03302,0.04097,0.04151,0.02361,0.03818
HCASE-04708,0.02245,0.58703,0.13505,0.09371,0.08246,0.65913,0.30733,0.12715,0.09303,0.07398,0.11534,0.14048,0.04574,0.13723
HCASE-04709,0.32294,0.38177,0.08073,0.51346,0.54091,0.3041,0.04876,0.03524,0.5268,0.09079,0.02095,0.06943,0.03174,0.27884
HCASE-04710,0.13288,0.04592,0.70113,0.38962,0.27178,0.11357,0.12946,0.75394,0.1355,0.12704,0.12765,0.14549,0.09511,0.02667
HCASE-04711,0.09888,0.02863,0.79107,0.36963,0.28142,0.09939,0.11668,0.70651,0.13304,0.22444,0.12181,0.19642,0.14419,0.0585
HCASE-04712,0.46879,0.60025,0.02412,0.13913,0.02717,0.79322,0.11483,0.11147,0.11147,0.02987,0.10818,0.11877,0.04872,0.37832
HCASE-04713,0.05115,0.72998,0.55462,0.15531,0.05407,0.13928,0.24351,0.42235,0.15833,0.13425,0.15544,0.03943,0.02704,0.235
HCASE-04714,0.59716,0.91926,0.18363,0.24467,0.21687,0.99342,0.10852,0.04111,0.15972,0.04631,0.14858,0.029,0.06162,0.48439
HCASE-04715,0.06739,0.08319,0.17904,0.10257,0.22528,0.13746,0.12551,0.59726,0.06332,0.14247,0.09158,0.11468,0.63695,0.15778
HCASE-04716,0.17496,0.14808,0.33481,0.68353,0.51243,0.16776,0.06308,0.21722,0.47094,0.04929,0.05293,0.128,0.02162,0.12051
HCASE-04717,0.11533,0.1308,0.07023,0.07171,0.03487,0.1525,0.09775,0.90358,0.33209,0.06936,0.15712,0.24207,0.60954,0.11428
HCASE-04718,0.05222,0.41613,0.6591,0.05814,0.22201,0.12382,0.14095,0.63006,0.18805,0.07895,0.05992,0.09277,0.10443,0.04833
HCASE-04719,0.4142,0.71947,0.21444,0.20419,0.10216,1.0,0.03928,0.0983,0.06686,0.15574,0.02146,0.05634,0.04969,0.25195
HCASE-04720,0.15426,0.73,0.75417,0.14063,0.02455,0.12166,0.0763,0.67184,0.12562,0.06302,0.13368,0.02587,0.03718,0.12295
HCASE-04721,0.13449,0.09319,0.65975,0.11967,0.67872,0.15369,0.1056,0.81305,0.23059,0.12831,0.09733,0.12508,0.13426,0.06252
HCASE-04722,0.07917,0.15336,0.1795,0.18477,0.14671,0.13056,0.0398,0.65875,0.06263,0.06653,0.05694,0.12192,0.64491,0.06671
HCASE-04723,0.0644,0.08858,0.0658,0.02485,0.05345,0.07061,0.02936,0.84183,0.12992,0.14842,0.11101,0.15086,0.79777,0.02892
HCASE-04724,0.13023,0.6931,0.50089,0.13563,0.08317,0.10168,0.28039,0.35499,0.09221,0.05029,0.09384,0.07022,0.12666,0.07725
HCASE-04725,0.02918,0.30203,0.78663,0.11319,0.52367,0.06242,0.04443,0.7909,0.14067,0.12612,0.04656,0.07131,0.07188,0.1139
HCASE-04726,0.1494,0.1409,0.10012,0.78875,0.91011,0.19231,0.11702,0.05365,0.60998,0.02949,0.12768,0.08874,0.06114,0.04649
HCASE-04727,0.76025,0.21491,0.14433,0.21678,0.15384,0.18803,0.46859,0.46658,0.14303,0.63819,0.07299,0.13647,0.15844,0.2643
HCASE-04728,0.03177,0.56603,0.72165,0.24202,0.0418,0.02291,0.09074,0.63489,0.20674,0.15759,0.10626,0.09946,0.03077,0.11464
HCASE-04729,0.73694,0.31069,0.07557,0.08417,0.03082,0.27475,0.07857,0.08854,0.11865,0.42296,0.04689,0.07286,0.0208,0.71318
HCASE-04730,0.11459,0.15351,0.10246,0.09709,0.05016,0.07365,0.15159,0.28204,0.2005,0.05793,0.49424,0.74079,0.13227,0.15552
HCASE-04731,0.14755,0.69937,0.12886,0.15322,0.0888,0.59198,0.33178,0.0726,0.15325,0.06456,0.10318,0.10005,0.08773,0.13711
HCASE-04732,0.20993,0.83311,0.12003,0.1069,0.20962,0.85341,0.37301,0.07694,0.0268,0.04146,0.15444,0.05428,0.15105,0.15396
HCASE-04733,0.03607,0.13141,0.13017,0.11571,0.03211,0.02067,0.10021,0.79382,0.58084,0.04831,0.06758,0.57409,0.32773,0.08467
HCASE-04734,0.53712,0.0305,0.04609,0.14027,0.02638,0.03889,0.14498,0.32259,0.25199,0.54643,0.20362,0.35349,0.2332,0.5391
HCASE-04735,0.84493,0.65922,0.15314,0.14102,0.14127,0.56228,0.07048,0.08783,0.09806,0.26964,0.08808,0.05903,0.12992,0.78958
HCASE-04736,0.12799,0.06095,0.06374,0.05487,0.09949,0.03458,0.03072,0.65756,0.22251,0.04087,0.10865,0.33876,0.46363,0.12441
HCASE-04737,0.06636,0.15761,1.0,0.52228,0.24369,0.06753,0.15708,0.89237,0.04115,0.13095,0.03904,0.11514,0.11508,0.10305
HCASE-04738,0.70548,0.57753,0.10815,0.15622,0.11186,0.53558,0.07673,0.05206,0.1198,0.30295,0.08672,0.07175,0.07764,0.76195
HCASE-04739,0.47396,0.64893,0.13649,0.22551,0.12441,0.89845,0.12612,0.08542,0.10626,0.12697,0.09264,0.05148,0.12006,0.50953
HCASE-04740,0.06248,0.13298,0.50167,0.09271,0.43603,0.06461,0.1374,0.63629,0.05954,0.08313,0.0746,0.09695,0.31704,0.16447
HCASE-04741,0.11142,0.12927,0.70783,0.23861,0.47713,0.08946,0.0716,0.56474,0.15453,0.12442,0.12077,0.16971,0.18435,0.10396
HCASE-04742,0.07637,0.74562,0.06756,0.03773,0.05061,0.69412,0.33792,0.11882,0.07339,0.04434,0.12377,0.06023,0.03754,0.08627
HCASE-04743,0.07448,0.26093,0.75652,0.45143,0.10932,0.11983,0.08216,0.55353,0.07468,0.15086,0.05269,0.11695,0.06464,0.18068
HCASE-04744,0.38087,0.59098,0.25773,0.09997,0.06963,0.04769,0.66777,0.3313,0.15671,0.19267,0.11017,0.04571,0.06677,0.0444
HCASE-04745,0.05327,0.2673,0.62316,0.04638,0.43131,0.13677,0.02359,0.70738,0.13013,0.05646,0.12703,0.129,0.0343,0.15206
HCASE-04746,0.11684,0.60958,0.56604,0.03861,0.24442,0.03059,0.1352,0.52053,0.14145,0.11392,0.08937,0.07059,0.14883,0.17819
HCASE-04747,0.21592,0.20342,0.2315,0.49147,0.80729,0.15467,0.1057,0.27006,0.53957,0.14484,0.14504,0.08615,0.14425,0.15277
HCASE-04748,0.07957,0.14956,0.32578,0.04987,0.24462,0.05788,0.1162,0.76668,0.23497,0.15083,0.02946,0.04148,0.54369,0.12695
HCASE-04749,0.07986,0.07238,1.0,0.25301,0.50587,0.10806,0.05547,0.92641,0.04586,0.12167,0.12168,0.09327,0.05405,0.11303
HCASE-04750,0.04795,0.76855,0.64534,0.04846,0.12362,0.03708,0.12476,0.67023,0.09046,0.06126,0.06555,0.12455,0.04427,0.20919
HCASE-04751,0.08118,0.10312,0.18591,0.39937,0.61789,0.11121,0.08945,0.35258,0.51527,0.04924,0.07506,0.07162,0.13059,0.02508
HCASE-04752,0.52023,0.6867,0.17271,0.07451,0.05092,0.66702,0.0718,0.09813,0.0272,0.02631,0.11667,0.10426,0.02065,0.45946
HCASE-04753,0.84189,0.55778,0.12895,0.21938,0.2053,0.67181,0.07827,0.09788,0.04368,0.34914,0.1302,0.13525,0.14803,0.83036
HCASE-04754,0.10698,0.04183,0.21863,0.05041,0.07584,0.09596,0.05456,0.6742,0.4456,0.06731,0.37236,0.80197,0.12368,0.05613
HCASE-04755,0.13386,0.69607,0.05472,0.03875,0.0693,0.60058,0.2396,0.11743,0.12711,0.13452,0.15279,0.10006,0.15512,0.07095
HCASE-04756,0.61272,0.48136,0.13337,0.15019,0.04947,0.53212,0.0853,0.10718,0.10007,0.37634,0.13099,0.10229,0.22061,0.67198
HCASE-04757,0.77905,0.70703,0.08043,0.06245,0.09763,0.61082,0.08081,0.06727,0.0931,0.21142,0.08591,0.13071,0.10285,0.79495
HCASE-04758,0.80255,0.70287,0.23953,0.23675,0.24361,0.59398,0.06185,0.12154,0.04747,0.31185,0.09167,0.04301,0.13632,0.72763
HCASE-04759,0.10583,0.08391,0.19247,0.11073,0.27201,0.08197,0.04272,0.69004,0.12263,0.12688,0.13128,0.06094,0.66635,0.14741
HCASE-04760,0.41677,0.61193,0.108,0.11117,0.08125,0.82487,0.09254,0.13461,0.06898,0.15989,0.0976,0.13875,0.15679,0.69024
HCASE-04761,0.12167,0.7685,0.70201,0.1659,0.17346,0.17833,0.03269,0.53195,0.14694,0.12939,0.03059,0.03254,0.14591,0.07129
HCASE-04762,0.11174,1.0,0.4314,0.2345,0.15457,0.10475,0.6177,0.2568,0.10867,0.06472,0.08087,0.10562,0.0993,0.09033
HCASE-04763,0.87901,0.41264,0.04967,0.04717,0.1597,0.44048,0.08601,0.03954,0.06871,0.51151,0.11755,0.04754,0.10083,0.9289
HCASE-04764,0.16152,0.13949,0.42076,0.70269,0.51232,0.14682,0.03527,0.28113,0.42788,0.08662,0.15305,0.0783,0.06148,0.14939
HCASE-04765,0.49414,0.39072,0.15354,0.13258,0.14426,0.07784,0.64546,0.57305,0.03528,0.35659,0.1007,0.13039,0.13856,0.1509
HCASE-04766,0.0656,0.73346,0.06136,0.0937,0.12102,0.67634,0.28037,0.13446,0.12034,0.06285,0.1538,0.09931,0.10896,0.20585
HCASE-04767,0.12243,0.79093,0.68624,0.09863,0.14017,0.21118,0.13687,0.67297,0.08361,0.08304,0.07776,0.11452,0.08057,0.0443
HCASE-04768,0.15866,0.03993,0.05203,0.02132,0.06447,0.05501,0.15407,0.77136,0.23535,0.11814,0.21405,0.30051,0.63145,0.08243
HCASE-04769,0.06251,0.82637,0.4144,0.09799,0.07423,0.03374,0.28476,0.47502,0.0899,0.04231,0.02963,0.157,0.07448,0.15801
HCASE-04770,0.60928,0.14786,0.22485,0.15426,0.13139,0.04422,0.53038,0.53151,0.13609,0.64976,0.14843,0.03564,0.10544,0.27385
HCASE-04771,0.11735,0.81952,0.22472,0.21213,0.1082,0.90244,0.25142,0.04894,0.10736,0.03873,0.07441,0.04549,0.03948,0.05845
HCASE-04772,0.69453,0.17527,0.11753,0.09696,0.16277,0.18514,0.47453,0.54228,0.03594,0.6081,0.08033,0.15782,0.15576,0.32444
HCASE-04773,0.09599,0.11351,0.6131,0.09339,0.4926,0.02818,0.11465,0.90947,0.16492,0.06018,0.14908,0.05021,0.40377,0.09908
HCASE-04774,0.51872,0.47701,0.12846,0.27545,0.2991,0.52568,0.09884,0.04781,0.29856,0.0573,0.06019,0.13348,0.08529,0.70617
HCASE-04775,0.20662,0.59893,0.70379,0.32266,0.08399,0.07112,0.04426,0.63557,0.0334,0.02724,0.0537,0.15572,0.07141,0.05671
HCASE-04776,0.53721,0.62616,0.15663,0.2305,0.32889,0.59943,0.1213,0.13743,0.36816,0.08984,0.06378,0.09032,0.08146,0.7347
HCASE-04777,0.23956,0.6571,0.10374,0.14995,0.0811,0.72498,0.02867,0.0558,0.13692,0.04661,0.1192,0.05583,0.03587,0.31748
HCASE-04778,0.10234,0.11531,0.81044,0.31636,0.21375,0.14839,0.10292,0.73414,0.16881,0.02457,0.02004,0.15321,0.11891,0.1323
HCASE-04779,0.13945,0.12834,0.20792,0.59286,0.59258,0.11077,0.11714,0.39098,0.58096,0.10273,0.13216,0.04193,0.0897,0.08703
HCASE-04780,0.33562,0.0736,0.12376,0.15571,0.07622,0.06798,0.08642,0.58257,0.54813,0.26949,0.1086,0.46891,0.14025,0.33601
HCASE-04781,0.34056,0.58659,0.18464,0.06303,0.11223,0.70257,0.05356,0.11983,0.15197,0.06906,0.04617,0.05199,0.11836,0.22618
HCASE-04782,0.05874,0.1117,0.13851,0.06115,0.05692,0.03626,0.02227,0.22602,0.20727,0.11936,0.68394,0.91298,0.16034,0.11845
HCASE-04783,0.13297,0.13294,0.51144,0.05971,0.44845,0.1075,0.1318,0.85032,0.1364,0.03138,0.11024,0.09909,0.34779,0.05458
HCASE-04784,0.60284,0.51718,0.06539,0.34299,0.30632,0.57856,0.14455,0.15033,0.31335,0.05826,0.08961,0.08078,0.07105,0.42411
HCASE-04785,0.09127,0.51756,0.82058,0.04276,0.2349,0.11016,0.12128,0.59851,0.08719,0.1271,0.09892,0.02281,0.09192,0.03212
HCASE-04786,0.42653,0.44106,0.0632,0.25055,0.33122,0.5279,0.0891,0.15285,0.31635,0.04477,0.08162,0.14673,0.1269,0.69981
HCASE-04787,0.68268,0.09939,0.1911,0.14952,0.05782,0.03388,0.10071,0.12316,0.0975,0.69882,0.1309,0.12817,0.10847,0.83996
HCASE-04788,0.11429,0.05123,0.03885,0.03448,0.09512,0.12365,0.03656,0.73847,0.20903,0.07237,0.04502,0.20409,0.49787,0.14478
HCASE-04789,0.29541,0.67283,0.0524,0.12854,0.0468,0.90859,0.03038,0.11026,0.10838,0.09987,0.07163,0.13129,0.13936,0.16856
HCASE-04790,0.52616,0.69752,0.10871,0.15293,0.11012,0.64131,0.13307,0.22723,0.15658,0.06323,0.05663,0.15325,0.15777,0.39958
HCASE-04791,0.68172,0.42832,0.03287,0.06541,0.0901,0.13784,0.80224,0.46597,0.09127,0.48487,0.09085,0.06986,0.14395,0.08019
HCASE-04792,0.44338,0.59553,0.12575,0.027,0.05799,0.78933,0.13275,0.06365,0.13989,0.05612,0.14482,0.1062,0.03804,0.56919
HCASE-04793,0.50517,0.6927,0.1852,0.20064,0.14216,0.75314,0.03077,0.09623,0.12982,0.1307,0.07651,0.11248,0.0904,0.46214
HCASE-04794,0.66031,0.44362,0.10201,0.11452,0.0345,0.50254,0.05651,0.15392,0.19356,0.21608,0.12767,0.0446,0.12159,0.79238
HCASE-04795,0.08258,0.20054,0.16668,0.15651,0.14392,0.17717,0.09993,0.70707,0.23313,0.12396,0.10739,0.26897,0.5137,0.09371
HCASE-04796,0.55847,0.74594,0.15925,0.05886,0.04913,0.79499,0.03945,0.15781,0.1268,0.02098,0.07785,0.12615,0.11171,0.54778
HCASE-04797,0.08361,0.87497,0.13184,0.04989,0.05823,0.70174,0.32317,0.22252,0.13037,0.02732,0.02832,0.02674,0.12955,0.04591
HCASE-04798,0.09467,0.0499,0.13925,0.14304,0.11563,0.15664,0.12673,0.11979,0.16448,0.08587,0.74956,0.72401,0.08504,0.04423
HCASE-04799,0.10443,0.05083,0.23811,0.1018,0.28737,0.0623,0.038,0.69528,0.0859,0.1777,0.17922,0.17481,0.60745,0.08918
HCASE-04800,0.69414,0.6024,0.15058,0.03291,0.02963,0.48834,0.08342,0.04699,0.02956,0.27132,0.08632,0.04705,0.02196,0.92917
HCASE-04801,0.50462,0.48548,0.13663,0.29161,0.29896,0.52729,0.12768,0.02055,0.38526,0.03472,0.1496,0.09091,0.05486,0.58688
HCASE-04802,0.52327,0.18999,0.15944,0.21236,0.14951,0.19936,0.08681,0.32828,0.22207,0.47521,0.04492,0.2913,0.12236,0.641
HCASE-04803,0.14286,0.28688,0.7038,0.4166,0.12447,0.10119,0.12796,0.5609,0.12166,0.15426,0.06284,0.10557,0.09074,0.08091
HCASE-04804,0.63096,0.14831,0.15567,0.22497,0.13111,0.13205,0.04435,0.35709,0.21215,0.4865,0.14421,0.35779,0.0722,0.5688
HCASE-04805,0.49211,0.7522,0.03066,0.09618,0.06315,0.75021,0.15494,0.11337,0.13993,0.07523,0.08227,0.12657,0.06956,0.64351
HCASE-04806,0.6019,0.07425,0.06729,0.05949,0.09337,0.0542,0.2043,0.31193,0.10598,0.70465,0.13439,0.09477,0.04082,0.74958
HCASE-04807,0.09879,0.65543,0.92179,0.19642,0.03482,0.14282,0.09945,0.77932,0.14773,0.03416,0.09114,0.0893,0.07647,0.02255
HCASE-04808,0.09883,0.09211,0.71367,0.58768,0.26897,0.12685,0.03352,0.54387,0.23007,0.03208,0.02388,0.12994,0.13745,0.14756
HCASE-04809,0.05862,0.34478,0.98986,0.46936,0.04791,0.08351,0.04948,0.77159,0.08258,0.06026,0.13505,0.14586,0.08492,0.13564
HCASE-04810,0.68974,0.05008,0.10616,0.02592,0.06928,0.14021,0.56293,0.68049,0.10229,0.61315,0.20182,0.09408,0.20049,0.13008
HCASE-04811,0.51607,0.36449,0.16966,0.12103,0.15068,0.12257,0.7606,0.35479,0.03701,0.34066,0.13191,0.04716,0.13584,0.15754
HCASE-04812,0.27627,0.56899,0.10037,0.02304,0.13169,0.11694,0.65206,0.25866,0.13671,0.21075,0.13966,0.1209,0.02294,0.04754
HCASE-04813,0.08622,0.05219,0.95703,0.49827,0.30141,0.07534,0.0983,0.87225,0.05338,0.09984,0.02473,0.09025,0.03766,0.11855
HCASE-04814,0.30011,0.26966,0.12169,0.50934,0.54819,0.35532,0.03796,0.09922,0.56606,0.10309,0.0328,0.13136,0.10619,0.47518
HCASE-04815,0.06591,0.14127,0.83939,0.4037,0.26231,0.05404,0.08679,0.85973,0.05123,0.02391,0.07594,0.11028,0.05274,0.14214
HCASE-04816,0.29818,0.22022,0.03142,0.4755,0.45356,0.26996,0.1578,0.0736,0.54699,0.1158,0.08817,0.03838,0.05287,0.34982
HCASE-04817,0.09818,0.79778,0.53158,0.14453,0.04082,0.14482,0.35149,0.46829,0.1961,0.0577,0.04636,0.05872,0.03088,0.09174
HCASE-04818,0.31287,0.74886,0.11146,0.20097,0.1053,0.92211,0.13392,0.06447,0.06759,0.03453,0.11591,0.1183,0.03521,0.27176
HCASE-04819,0.83609,0.61896,0.14348,0.15278,0.14711,0.60027,0.10752,0.09799,0.09269,0.24788,0.15344,0.13359,0.05767,0.86551
HCASE-04820,0.43629,0.28957,0.33388,0.10489,0.04693,0.11417,0.47149,0.6965,0.14142,0.44243,0.08345,0.08819,0.06419,0.05726
HCASE-04821,0.12211,0.05982,0.34592,0.07297,0.24174,0.07992,0.05959,0.81424,0.1334,0.13519,0.06147,0.15726,0.61642,0.08402
HCASE-04822,0.12342,0.11925,0.13441,0.11581,0.10171,0.12482,0.1319,0.82081,0.35645,0.04672,0.0617,0.30664,0.59819,0.02487
HCASE-04823,0.22145,0.21961,0.16713,0.59254,0.46842,0.28342,0.04121,0.09703,0.40999,0.04334,0.08165,0.13332,0.06902,0.31062
HCASE-04824,0.84262,0.65606,0.02092,0.02571,0.0626,0.68696,0.08677,0.07104,0.09189,0.24994,0.07508,0.0907,0.02804,0.75577
HCASE-04825,0.64469,0.50387,0.1964,0.09347,0.18852,0.17285,0.76753,0.48086,0.15093,0.37696,0.04528,0.0431,0.03052,0.03639
HCASE-04826,0.28961,0.61728,0.08885,0.10936,0.05776,0.87217,0.07647,0.04237,0.09311,0.0411,0.07329,0.12051,0.06047,0.42243
HCASE-04827,0.0474,0.59221,0.89949,0.03414,0.22433,0.1197,0.15836,0.73708,0.03393,0.02469,0.09358,0.10628,0.03412,0.14716
HCASE-04828,0.15576,0.11273,0.78102,0.15341,0.69615,0.06168,0.02553,0.83677,0.08134,0.11313,0.03489,0.04167,0.07712,0.09507
HCASE-04829,0.78804,0.07876,0.09014,0.18799,0.10142,0.20462,0.57362,0.64277,0.02994,0.63253,0.13822,0.11482,0.03537,0.09263
HCASE-04830,0.10635,0.7296,0.10372,0.11627,0.12415,0.38111,0.45915,0.12779,0.08502,0.0607,0.08197,0.1202,0.12624,0.03618
HCASE-04831,0.06503,0.09391,0.03395,0.07374,0.13226,0.02019,0.06109,0.38147,0.11025,0.09739,0.44449,0.51167,0.34606,0.02816
HCASE-04832,0.26652,0.06877,0.14321,0.06099,0.04332,0.03282,0.15601,0.61811,0.48341,0.24842,0.15496,0.52714,0.02874,0.32764
HCASE-04833,0.83761,0.16498,0.20446,0.1712,0.16471,0.22653,0.37147,0.22223,0.14664,0.60472,0.14273,0.1506,0.07195,0.62465
HCASE-04834,0.14702,0.14289,0.69156,0.12588,0.64323,0.10712,0.11182,0.76193,0.09543,0.16789,0.11567,0.14591,0.1935,0.12054
HCASE-04835,0.05985,0.71511,0.6683,0.11112,0.11595,0.02848,0.3354,0.48834,0.05613,0.02357,0.06989,0.09805,0.15535,0.04573
HCASE-04836,0.61839,0.48439,0.22718,0.14702,0.02342,0.1104,0.4687,0.68931,0.03039,0.55616,0.10444,0.0278,0.03984,0.11121
HCASE-04837,0.12785,0.1547,0.74852,0.03671,0.76466,0.12575,0.15042,0.79273,0.1029,0.08704,0.12446,0.08722,0.1022,0.11501
HCASE-04838,0.12693,0.02679,0.09904,0.84497,0.79023,0.07851,0.03789,0.02206,0.86574,0.03183,0.14852,0.0832,0.06733,0.33788
HCASE-04839,0.45367,0.09755,0.04569,0.11322,0.07406,0.11323,0.08113,0.30072,0.24576,0.514,0.05659,0.33703,0.15245,0.68732
HCASE-04840,0.15628,0.02504,0.11747,0.0738,0.10818,0.10388,0.04054,0.30898,0.31778,0.05368,0.59931,0.70129,0.10865,0.09874
HCASE-04841,0.13581,0.64908,0.12475,0.12729,0.14915,0.69928,0.20296,0.19461,0.10303,0.05552,0.14463,0.09313,0.09969,0.09234
HCASE-04842,0.09882,0.58304,0.09883,0.12187,0.11842,1.0,0.04079,0.15984,0.13287,0.07422,0.06124,0.07757,0.08216,0.03856
HCASE-04843,0.50709,0.06243,0.1319,0.06875,0.04861,0.03343,0.07265,0.32868,0.38936,0.41715,0.13522,0.26342,0.12788,0.53079
HCASE-04844,0.2747,0.22328,0.11867,0.54243,0.59122,0.30254,0.0551,0.0338,0.4396,0.03405,0.14246,0.14132,0.15604,0.34898
HCASE-04845,0.67014,0.5916,0.15837,0.28494,0.33116,0.58077,0.04135,0.14071,0.36288,0.15741,0.10084,0.12318,0.02425,0.53242
HCASE-04846,0.06743,0.08341,0.13792,0.03723,0.08287,0.13891,0.06726,0.70849,0.24088,0.11646,0.12823,0.2914,0.52426,0.14031
HCASE-04847,0.55458,0.3173,0.21238,0.21126,0.16025,0.20763,0.73361,0.52221,0.06083,0.46949,0.04125,0.12318,0.03984,0.06815
HCASE-04848,0.20572,0.42119,0.8653,0.38209,0.1711,0.16227,0.10444,0.65485,0.12735,0.08401,0.04127,0.13283,0.09542,0.07108
HCASE-04849,0.0678,0.71813,0.56497,0.03669,0.11781,0.10679,0.04339,0.57554,0.10972,0.11569,0.1067,0.13304,0.1634,0.14812
HCASE-04850,0.0785,0.14252,0.26318,0.06386,0.3099,0.10307,0.05276,0.71866,0.14349,0.06358,0.0665,0.10834,0.51193,0.14392
HCASE-04851,0.71729,0.21548,0.15524,0.15277,0.04197,0.199,0.48905,0.43992,0.10181,0.55294,0.1544,0.038,0.04596,0.34338
HCASE-04852,0.11241,0.19174,0.14545,0.59325,0.74837,0.08893,0.15638,0.05662,0.56086,0.08029,0.11269,0.14849,0.10191,0.14052
HCASE-04853,0.66367,0.46107,0.13604,0.13031,0.14853,0.57988,0.15028,0.09717,0.0914,0.25415,0.15461,0.03316,0.07988,0.59881
HCASE-04854,0.45873,0.38002,0.14792,0.13226,0.09158,0.07372,0.68456,0.50245,0.10804,0.35449,0.08187,0.02835,0.07861,0.11208
HCASE-04855,0.05056,0.27312,0.84744,0.50654,0.12805,0.06744,0.14461,0.68714,0.05303,0.15194,0.07476,0.07255,0.06478,0.0628
HCASE-04856,0.57713,0.02356,0.06092,0.04144,0.07718,0.03073,0.50953,0.40795,0.12238,0.57427,0.14472,0.1092,0.03518,0.45091
HCASE-04857,0.32034,0.67882,0.17405,0.10715,0.12401,0.06235,0.86605,0.34494,0.15757,0.33523,0.04367,0.06024,0.09299,0.07233
HCASE-04858,0.45167,0.43632,0.1277,0.12172,0.12947,0.70446,0.07179,0.03723,0.12641,0.1868,0.16616,0.1725,0.13022,0.29083
HCASE-04859,0.11835,0.1187,0.68601,0.34261,0.58554,0.14565,0.08126,0.67542,0.11771,0.11759,0.09296,0.10744,0.08529,0.13626
HCASE-04860,0.16296,0.81623,0.14089,0.116,0.1074,1.0,0.15808,0.12185,0.05631,0.05824,0.1145,0.12756,0.07224,0.04869
HCASE-04861,0.54157,0.43108,0.02059,0.25594,0.2953,0.57833,0.13155,0.03278,0.25608,0.12922,0.08914,0.15549,0.11563,0.61277
HCASE-04862,0.46153,0.30028,0.32573,0.1302,0.15858,0.15753,0.45341,0.738,0.07655,0.39324,0.12992,0.08983,0.03841,0.13945
HCASE-04863,0.11063,0.02013,0.26327,0.49656,0.63986,0.09137,0.02497,0.27588,0.46173,0.19717,0.1113,0.08722,0.11993,0.07308
HCASE-04864,0.09874,0.06749,0.12516,0.05165,0.09415,0.08904,0.07759,0.60174,0.38752,0.12768,0.16832,0.64934,0.43442,0.0627
HCASE-04865,0.65796,0.36823,0.12169,0.09924,0.10302,0.27317,0.05811,0.10467,0.08888,0.43248,0.12094,0.06264,0.14717,0.74436
HCASE-04866,0.67743,0.08386,0.10086,0.15752,0.06533,0.13522,0.31424,0.21864,0.0673,0.58223,0.07904,0.1315,0.05667,0.70304
HCASE-04867,0.43134,0.29688,0.18844,0.13973,0.07025,0.0723,0.68219,0.54584,0.06883,0.39161,0.09485,0.05424,0.07546,0.0282
HCASE-04868,0.08987,0.06156,0.27697,0.62238,0.55284,0.13198,0.02094,0.28041,0.49971,0.11193,0.10678,0.15712,0.06689,0.22977
HCASE-04869,0.04842,0.26889,0.80647,0.43377,0.12196,0.04977,0.02708,0.79693,0.1192,0.09394,0.11623,0.13099,0.15194,0.08558
HCASE-04870,0.06889,0.14157,0.03452,0.07821,0.02899,0.08481,0.10452,0.78227,0.40338,0.04587,0.08876,0.27986,0.62309,0.15819
HCASE-04871,0.14394,1.0,0.30496,0.10794,0.03875,0.13113,0.51748,0.2785,0.07602,0.1169,0.10146,0.13624,0.03518,0.07179
HCASE-04872,0.16561,0.09338,0.14624,0.14035,0.22354,0.14248,0.05985,0.75464,0.27275,0.15696,0.05764,0.33115,0.59337,0.04318
HCASE-04873,0.19482,0.12236,0.34016,0.68637,0.54227,0.2112,0.0542,0.26633,0.44028,0.06752,0.13997,0.0264,0.11384,0.10933
HCASE-04874,0.60493,0.36068,0.44604,0.07919,0.07024,0.12263,0.54632,0.82409,0.12236,0.55419,0.03375,0.05581,0.13583,0.14046
HCASE-04875,0.03085,0.02598,0.11769,0.03938,0.06406,0.13376,0.12446,0.30972,0.11449,0.2265,0.67037,0.6509,0.35056,0.08726
HCASE-04876,0.33268,0.21713,0.02501,0.41384,0.46876,0.30691,0.05065,0.08353,0.54375,0.10456,0.04238,0.1092,0.1263,0.41502
HCASE-04877,0.77347,0.17583,0.08185,0.15931,0.05105,0.14906,0.2021,0.28825,0.10536,0.70886,0.08797,0.10088,0.13193,0.65234
HCASE-04878,0.75337,0.62468,0.18722,0.15399,0.11589,0.62551,0.13059,0.12083,0.15816,0.25121,0.02758,0.03662,0.04035,0.77606
HCASE-04879,0.11702,0.15155,0.07042,0.03105,0.04881,0.06578,0.09103,0.8568,0.55352,0.08161,0.11908,0.5061,0.33989,0.14255
HCASE-04880,0.50801,0.10679,0.0389,0.06211,0.0708,0.11185,0.05112,0.34278,0.35672,0.568,0.12038,0.43916,0.23997,0.63175
HCASE-04881,0.04983,0.09075,0.08381,0.09108,0.11977,0.14042,0.03128,0.71449,0.21937,0.04448,0.11491,0.35644,0.53284,0.17252
HCASE-04882,0.82454,0.16624,0.15009,0.05765,0.06537,0.15682,0.47542,0.47893,0.10606,0.62725,0.04337,0.02575,0.04849,0.35097
HCASE-04883,0.10051,0.69837,0.07437,0.14107,0.04353,0.63753,0.32423,0.13073,0.10414,0.06498,0.07105,0.1088,0.12546,0.17665
HCASE-04884,0.13961,0.11631,0.05926,0.13895,0.0537,0.02779,0.06817,0.76126,0.58046,0.14893,0.29489,0.72487,0.07714,0.14988
HCASE-04885,0.10503,0.03867,0.12435,0.14448,0.08022,0.09473,0.10548,0.51097,0.51811,0.04759,0.36578,0.73216,0.07824,0.09682
HCASE-04886,0.61204,0.60201,0.09264,0.02935,0.03944,0.59647,0.0805,0.12867,0.17452,0.02723,0.08375,0.05047,0.05029,0.6132
HCASE-04887,0.03756,0.61605,0.15331,0.09494,0.07891,1.0,0.15588,0.09704,0.06155,0.13546,0.1508,0.08855,0.1467,0.28291
HCASE-04888,0.78413,0.55609,0.13569,0.15947,0.08876,0.46367,0.13626,0.25313,0.20221,0.3433,0.11572,0.06764,0.10494,0.76815
HCASE-04889,0.03075,0.06149,0.55915,0.04871,0.42302,0.12003,0.05174,0.84905,0.15838,0.03338,0.1211,0.03621,0.3435,0.14236
HCASE-04890,0.62614,0.15943,0.07017,0.03289,0.14817,0.09052,0.08092,0.14278,0.13991,0.56392,0.18049,0.09504,0.19403,0.75098
HCASE-04891,0.13414,0.83138,0.18075,0.07254,0.1565,0.06355,0.68059,0.18627,0.10175,0.08381,0.03936,0.02918,0.11089,0.10143
HCASE-04892,0.30911,0.54665,0.18961,0.16,0.08549,0.88264,0.08174,0.21093,0.10414,0.07892,0.15923,0.07422,0.12748,0.329
HCASE-04893,0.16541,0.17803,0.09311,0.08213,0.14225,0.11199,0.03946,0.24284,0.10847,0.02871,0.62267,0.59907,0.37951,0.07575
HCASE-04894,0.18024,0.13574,0.2029,0.18961,0.07608,0.16422,0.12678,0.33901,0.10738,0.0425,0.57133,0.51685,0.30213,0.14908
HCASE-04895,0.1976,0.84219,0.74998,0.17259,0.14482,0.09761,0.1109,0.64623,0.11943,0.06536,0.09055,0.03216,0.03059,0.10917
HCASE-04896,0.07026,0.14072,0.35374,0.57337,0.7558,0.13547,0.13803,0.23507,0.46255,0.1395,0.13449,0.02889,0.06191,0.26643
HCASE-04897,0.13933,0.10077,0.30358,0.48945,0.64632,0.10294,0.11546,0.30221,0.48564,0.04348,0.12231,0.15059,0.09208,0.0384
HCASE-04898,0.48603,0.09163,0.08037,0.15032,0.05871,0.10296,0.05599,0.33924,0.22637,0.30226,0.12277,0.31384,0.02607,0.41773
HCASE-04899,0.15807,0.16617,0.29881,0.0269,0.23524,0.0938,0.03842,0.7017,0.07054,0.07572,0.06707,0.15873,0.56425,0.12459
HCASE-04900,0.1045,0.13247,0.14203,0.1315,0.05631,0.15709,0.06184,0.71996,0.46647,0.08926,0.10112,0.48179,0.24366,0.1414
HCASE-04901,0.1557,0.0844,0.27718,0.08952,0.27442,0.06239,0.07843,0.81646,0.24016,0.05751,0.09568,0.11315,0.65059,0.12122
HCASE-04902,0.2665,0.09242,0.07199,0.15803,0.06742,0.15696,0.07525,0.39973,0.4546,0.17594,0.15242,0.56751,0.10238,0.37174
HCASE-04903,0.32925,0.27077,0.09653,0.49281,0.4334,0.20716,0.09897,0.18096,0.50473,0.12362,0.14365,0.13669,0.02799,0.26584
HCASE-04904,0.14303,0.18355,0.19819,0.83111,0.82147,0.11688,0.08291,0.14396,0.75465,0.07441,0.09736,0.08302,0.14792,0.05968
HCASE-04905,0.57793,0.14066,0.09417,0.0286,0.02949,0.02093,0.10207,0.11289,0.04884,0.63971,0.11805,0.0639,0.14812,0.88728
HCASE-04906,0.12149,0.06871,0.68896,0.16307,0.44329,0.18552,0.09264,0.64648,0.13781,0.06217,0.14422,0.1529,0.05355,0.09541
HCASE-04907,0.4902,0.50392,0.13813,0.3313,0.28821,0.51691,0.11026,0.12595,0.30188,0.0768,0.07017,0.05767,0.10679,0.61489
HCASE-04908,0.13171,0.15359,0.57529,0.16198,0.45968,0.07913,0.03072,0.59414,0.15366,0.16905,0.20089,0.18017,0.08917,0.09571
HCASE-04909,0.56798,0.09502,0.10239,0.0854,0.15857,0.05101,0.27729,0.17397,0.0959,0.64124,0.09857,0.14634,0.13435,0.50453
HCASE-04910,0.71331,0.12344,0.11515,0.16782,0.19303,0.19143,0.51398,0.5202,0.13909,0.56514,0.07193,0.04948,0.11874,0.30948
HCASE-04911,0.14561,0.09789,0.71986,0.33206,0.53242,0.14705,0.03923,0.85679,0.12323,0.09298,0.15592,0.06285,0.14256,0.03854
HCASE-04912,0.31959,0.76888,0.18385,0.21538,0.19325,0.12794,0.76156,0.32542,0.02734,0.24113,0.06096,0.05858,0.10266,0.07465
HCASE-04913,0.11825,0.67975,0.49319,0.09081,0.06983,0.02821,0.31444,0.44585,0.13971,0.10882,0.155,0.07284,0.04378,0.08332
HCASE-04914,0.05836,0.13665,0.45229,0.07206,0.33253,0.1211,0.06706,0.62891,0.06372,0.10301,0.08292,0.10487,0.30023,0.05458
HCASE-04915,0.44067,0.41774,0.10176,0.32137,0.34951,0.42978,0.12981,0.05726,0.25404,0.08082,0.10967,0.05338,0.07095,0.63921
HCASE-04916,0.11543,0.13873,0.63579,0.05962,0.61868,0.10664,0.09842,0.73378,0.07389,0.12609,0.08252,0.14399,0.08612,0.13777
HCASE-04917,0.0503,0.8,0.47479,0.02506,0.05912,0.14046,0.29897,0.4082,0.13595,0.10286,0.05675,0.08884,0.11993,0.15793
HCASE-04918,0.53654,0.67699,0.13395,0.02662,0.10325,0.81686,0.09154,0.10162,0.02414,0.03684,0.10389,0.07814,0.11981,0.57906
HCASE-04919,0.06001,0.09777,0.04466,0.03502,0.03031,0.05253,0.12014,0.40868,0.29901,0.06705,0.57424,0.69061,0.11206,0.09342
HCASE-04920,0.21347,0.17354,0.3161,0.47117,0.68721,0.10887,0.06794,0.3677,0.45904,0.09188,0.07285,0.0271,0.10248,0.03898
HCASE-04921,0.1549,0.06181,0.29546,0.05985,0.24218,0.02633,0.02097,0.74495,0.04051,0.20696,0.1126,0.12075,0.62475,0.03685
HCASE-04922,0.09293,0.06821,0.48043,0.58989,0.20421,0.1346,0.02468,0.36139,0.31209,0.1524,0.1258,0.13181,0.06652,0.20976
HCASE-04923,0.09921,0.08034,0.3837,0.08966,0.4824,0.08507,0.10805,0.68313,0.13764,0.06608,0.06622,0.03677,0.33021,0.1168
HCASE-04924,0.12264,0.07155,0.27224,0.03549,0.27554,0.11365,0.13209,0.95175,0.22361,0.08307,0.06514,0.04968,0.69523,0.15837
HCASE-04925,0.31841,0.05001,0.10759,0.15929,0.05554,0.0859,0.04154,0.62548,0.58473,0.46855,0.25839,0.63834,0.20562,0.36237
HCASE-04926,0.26573,0.15252,0.1579,0.15729,0.09666,0.14676,0.15964,0.57827,0.45808,0.2696,0.14292,0.59548,0.09855,0.31289
HCASE-04927,0.53042,0.10514,0.10865,0.11536,0.12842,0.0564,0.45373,0.38054,0.06975,0.46461,0.15313,0.12329,0.12333,0.32734
HCASE-04928,0.10417,0.4392,0.66775,0.07993,0.19045,0.08061,0.05769,0.69815,0.16162,0.09178,0.07387,0.0584,0.09653,0.05888
HCASE-04929,0.11008,0.60954,0.71983,0.2024,0.04715,0.04023,0.15521,0.61572,0.11467,0.10388,0.18098,0.21586,0.16882,0.14902
HCASE-04930,0.61239,0.22571,0.10697,0.13596,0.1458,0.10388,0.12331,0.33385,0.30103,0.45351,0.15645,0.30092,0.09647,0.60134
HCASE-04931,0.42634,0.76525,0.04618,0.03782,0.11257,0.13819,0.77746,0.20724,0.07122,0.17863,0.15722,0.05384,0.10807,0.09754
HCASE-04932,0.28613,0.31147,0.11993,0.43709,0.44558,0.27496,0.03862,0.07891,0.38243,0.13662,0.21095,0.09548,0.17521,0.27298
HCASE-04933,0.18696,0.53584,0.6397,0.24019,0.13657,0.08288,0.07907,0.50093,0.08094,0.02745,0.10623,0.03191,0.04472,0.02666
HCASE-04934,0.55169,0.37387,0.25343,0.10014,0.0904,0.10635,0.46152,0.5991,0.15052,0.45315,0.06615,0.04006,0.1358,0.16669
HCASE-04935,0.13798,0.81043,0.08014,0.2056,0.16707,0.48151,0.47007,0.13514,0.12973,0.10567,0.07335,0.11163,0.03743,0.1192
HCASE-04936,0.06239,0.05238,0.77063,0.64947,0.35516,0.07305,0.07841,0.62747,0.28593,0.12591,0.10538,0.14715,0.1444,0.02001
HCASE-04937,0.57177,0.74677,0.08944,0.03314,0.03948,0.89144,0.06057,0.05139,0.06052,0.11754,0.13735,0.13823,0.09669,0.54493
HCASE-04938,0.15964,0.56902,0.6842,0.03588,0.27828,0.03126,0.12303,0.70622,0.05928,0.1919,0.10219,0.21827,0.10482,0.11657
HCASE-04939,0.10943,0.04,0.22211,0.06874,0.26459,0.1498,0.1219,0.80593,0.11762,0.10465,0.15221,0.0976,0.58193,0.14721
HCASE-04940,0.60246,0.46026,0.04465,0.04547,0.07647,0.52789,0.10929,0.17248,0.13316,0.30189,0.14858,0.11803,0.15932,0.73572
HCASE-04941,0.58944,0.4107,0.09955,0.0381,0.15126,0.34571,0.02412,0.10705,0.06157,0.299,0.09539,0.02524,0.09132,0.68506
HCASE-04942,0.72193,0.475,0.02919,0.07302,0.1277,0.5715,0.06409,0.08751,0.02716,0.28125,0.09328,0.08808,0.10911,0.73166
HCASE-04943,0.74239,0.14973,0.08548,0.05814,0.11699,0.1755,0.25346,0.21413,0.02913,0.63653,0.07026,0.08662,0.10801,0.64289
HCASE-04944,0.59523,0.85682,0.1213,0.0273,0.0568,0.9574,0.13563,0.06921,0.14753,0.09163,0.04695,0.14495,0.03881,0.50348
HCASE-04945,0.05743,0.11612,0.81701,0.41703,0.29982,0.02524,0.04892,0.75196,0.158,0.10371,0.03877,0.04435,0.02752,0.06808
HCASE-04946,0.29833,0.30465,0.02942,0.56966,0.47114,0.25011,0.06424,0.15686,0.51487,0.15924,0.1244,0.22306,0.22532,0.20602
HCASE-04947,0.12853,0.89607,0.20525,0.14699,0.12351,0.8122,0.4043,0.10389,0.08139,0.12355,0.09717,0.14554,0.09765,0.08924
HCASE-04948,0.10516,0.12943,0.13398,0.14206,0.13853,0.06081,0.12384,0.25046,0.1498,0.106,0.61397,0.60819,0.31472,0.15088
HCASE-04949,0.13314,0.11493,0.32861,0.10618,0.24885,0.19025,0.04021,0.70056,0.1257,0.13094,0.02392,0.07586,0.49216,0.08046
HCASE-04950,0.1464,0.07089,0.12435,0.19024,0.15639,0.10896,0.11259,0.30976,0.18594,0.10775,0.55829,0.77839,0.10516,0.11267
HCASE-04951,0.23959,0.24157,0.11265,0.41634,0.50595,0.30299,0.09239,0.1828,0.61872,0.06825,0.12544,0.02232,0.04323,0.2977
HCASE-04952,0.05573,0.15268,0.33196,0.68486,0.49479,0.03474,0.10184,0.21284,0.42989,0.15486,0.06315,0.06768,0.07149,0.16368
HCASE-04953,0.67117,0.49696,0.07456,0.10095,0.05773,0.19739,0.91653,0.50224,0.04814,0.53569,0.15924,0.05912,0.14015,0.07983
HCASE-04954,0.03847,0.75478,0.27856,0.13525,0.05621,0.13894,0.54519,0.34258,0.20662,0.1525,0.13511,0.08497,0.08356,0.04757
HCASE-04955,0.52342,0.70562,0.15358,0.13607,0.13765,0.7671,0.13434,0.10844,0.07609,0.15018,0.06497,0.11153,0.14864,0.6251
HCASE-04956,0.07103,0.12739,0.08905,0.15316,0.13834,0.15526,0.06126,0.8202,0.40495,0.18065,0.11823,0.5319,0.45193,0.1138
HCASE-04957,0.11499,0.83649,0.56397,0.15781,0.15893,0.03522,0.36598,0.48035,0.06064,0.03936,0.09018,0.03899,0.07469,0.08066
HCASE-04958,0.20445,0.86624,0.53438,0.09457,0.08576,0.15855,0.33634,0.51235,0.11495,0.09691,0.06293,0.04322,0.04043,0.0843
HCASE-04959,0.08005,0.12052,0.07536,0.12148,0.11611,0.13106,0.05306,0.29258,0.30442,0.09764,0.55592,0.70509,0.15766,0.076
HCASE-04960,0.60151,0.03456,0.05975,0.10394,0.04568,0.10458,0.63928,0.6547,0.20573,0.51096,0.15813,0.06352,0.08123,0.12966
HCASE-04961,0.14238,0.8232,0.1597,0.20944,0.22753,0.82057,0.31941,0.04626,0.14981,0.0766,0.06098,0.02601,0.10867,0.04674
HCASE-04962,0.26269,0.67667,0.20018,0.10197,0.06894,0.87787,0.1513,0.15195,0.0642,0.09334,0.12724,0.07578,0.07948,0.22007
HCASE-04963,0.73232,0.38304,0.03696,0.11398,0.0266,0.25464,0.10299,0.11129,0.07858,0.44438,0.07704,0.10515,0.1484,0.96561
HCASE-04964,0.11578,0.85276,0.19066,0.11471,0.2018,0.46986,0.53259,0.05155,0.04887,0.15023,0.09901,0.11012,0.06914,0.05144
HCASE-04965,0.09688,0.06642,0.07388,0.0583,0.13797,0.11559,0.02849,0.49504,0.38683,0.10621,0.31036,0.75309,0.07141,0.19922
HCASE-04966,0.45947,0.14523,0.07221,0.04056,0.08314,0.02172,0.11127,0.30342,0.318,0.31783,0.09692,0.23254,0.0981,0.48104
HCASE-04967,0.17335,0.12205,0.10964,0.06206,0.08504,0.1779,0.10623,0.61534,0.35587,0.0905,0.1263,0.47235,0.32711,0.0444
HCASE-04968,0.1085,0.09699,0.04149,0.02088,0.15974,0.11085,0.12314,0.69937,0.61457,0.19021,0.20807,0.7273,0.14291,0.0952
HCASE-04969,0.09666,0.07485,0.13383,0.1391,0.08692,0.19289,0.07146,0.26218,0.08827,0.06801,0.45572,0.48944,0.24669,0.02032
HCASE-04970,0.63646,0.0996,0.08874,0.07619,0.11535,0.11698,0.4959,0.49064,0.05921,0.63039,0.09507,0.04129,0.06789,0.26709
HCASE-04971,0.10706,0.12423,0.70134,0.23646,0.40468,0.04284,0.02853,0.702,0.22455,0.04139,0.08468,0.07354,0.11897,0.10903
HCASE-04972,0.06896,0.18781,0.54662,0.60857,0.18171,0.12364,0.03099,0.34773,0.29492,0.15022,0.02749,0.02157,0.09841,0.08153
HCASE-04973,0.025,0.13176,0.03649,0.1074,0.1544,0.0376,0.04091,0.84366,0.55093,0.04687,0.05338,0.51638,0.28932,0.14865
HCASE-04974,0.63834,0.04263,0.02603,0.10244,0.04245,0.07259,0.23963,0.26608,0.03174,0.66835,0.14826,0.02971,0.02026,0.75037
HCASE-04975,0.83204,0.51821,0.09347,0.02868,0.07252,0.55292,0.12028,0.06631,0.04577,0.23479,0.02531,0.04597,0.14698,1.0
HCASE-04976,0.2157,0.17441,0.06776,0.04928,0.13012,0.20443,0.05243,0.36226,0.2422,0.1564,0.5867,0.8533,0.05095,0.13001
HCASE-04977,0.44583,0.35733,0.27754,0.08779,0.07734,0.10591,0.44311,0.61191,0.12408,0.48829,0.19486,0.16696,0.21921,0.07142
HCASE-04978,0.54914,0.6886,0.21343,0.33641,0.36454,0.58477,0.11332,0.04334,0.24093,0.14548,0.04657,0.1174,0.06371,0.63374
HCASE-04979,0.05432,0.14575,0.14809,0.09213,0.04773,0.12864,0.04843,0.81341,0.40239,0.15583,0.2237,0.51409,0.436,0.15914
HCASE-04980,0.04386,0.07079,0.0568,0.06895,0.13237,0.03033,0.07809,0.43474,0.47765,0.08103,0.36488,0.70903,0.1487,0.24718
HCASE-04981,0.13474,0.88388,0.81589,0.08318,0.06785,0.07314,0.14777,0.7536,0.14647,0.10042,0.03307,0.14568,0.15461,0.14817
HCASE-04982,0.07017,0.35465,0.92516,0.46473,0.03118,0.09511,0.03497,0.81929,0.13996,0.03219,0.04618,0.14567,0.15542,0.07361
HCASE-04983,0.20479,0.88707,0.47417,0.19503,0.12751,0.19524,0.35668,0.39524,0.05604,0.04163,0.12981,0.02075,0.04951,0.12359
HCASE-04984,0.75816,0.11993,0.25663,0.14496,0.13288,0.07098,0.54955,0.61526,0.14548,0.75007,0.06343,0.08966,0.04743,0.34253
HCASE-04985,0.07131,0.61228,0.02146,0.15413,0.06502,0.61733,0.34817,0.02529,0.15577,0.09019,0.13119,0.12763,0.10337,0.15896
HCASE-04986,0.0443,0.69777,0.06632,0.07476,0.05965,0.33731,0.475,0.04636,0.04188,0.11923,0.15523,0.21542,0.16809,0.15824
HCASE-04987,0.10894,0.78703,0.03675,0.0679,0.12113,1.0,0.14864,0.1056,0.13997,0.12733,0.11447,0.03257,0.1479,0.2881
HCASE-04988,0.79761,0.5917,0.11192,0.1539,0.04057,0.6583,0.11105,0.12443,0.07284,0.27618,0.03937,0.06188,0.14761,0.70305
HCASE-04989,0.21952,0.16669,0.19391,0.22669,0.13482,0.20104,0.08515,0.73534,0.70258,0.0974,0.09691,0.77299,0.09438,0.06207
HCASE-04990,0.08354,0.09437,0.98873,0.66387,0.06651,0.15622,0.08821,0.74838,0.05612,0.10732,0.06197,0.13364,0.11587,0.0204
HCASE-04991,0.04415,0.11873,0.11042,0.0527,0.07919,0.03214,0.15705,0.83321,0.30324,0.12072,0.14317,0.41609,0.78039,0.08245
HCASE-04992,0.7017,0.06434,0.13098,0.07104,0.06857,0.07908,0.43465,0.45396,0.10645,0.58452,0.07695,0.11555,0.15169,0.45398
HCASE-04993,0.04946,0.06402,0.143,0.09369,0.09678,0.03625,0.15027,0.41821,0.15394,0.17052,0.72751,0.61529,0.36845,0.14488
HCASE-04994,0.59601,0.54827,0.0963,0.26184,0.29245,0.54292,0.14628,0.08402,0.39044,0.08021,0.07658,0.09692,0.14314,0.59146
HCASE-04995,0.06685,0.78988,0.18247,0.0568,0.13163,0.1664,0.59605,0.03021,0.11186,0.0448,0.06626,0.07673,0.09551,0.11735
HCASE-04996,0.1175,0.11627,0.10714,0.07857,0.02833,0.0398,0.04628,0.90877,0.30972,0.12408,0.06963,0.31821,0.56783,0.04278
HCASE-04997,0.4985,0.37837,0.09568,0.07537,0.12705,0.0486,0.72722,0.47179,0.02199,0.42628,0.05774,0.11552,0.09854,0.15712
HCASE-04998,0.19847,0.99604,0.05724,0.04174,0.07551,0.43534,0.56721,0.04031,0.12884,0.14668,0.13635,0.06549,0.13656,0.11977
HCASE-04999,0.27663,0.1982,0.0648,0.50597,0.46071,0.2946,0.11012,0.1292,0.5165,0.14003,0.12761,0.08033,0.06724,0.39961
HCASE-05000,0.08984,0.13038,0.1363,0.0732,0.14162,0.1329,0.04929,0.78825,0.15255,0.11077,0.12848,0.20432,0.96084,0.11616
