evidence_id,feedback_id,evidence_type,evidence_text,confidence,domain
RCA_TEXT_HFB-00001,HFB-00001,rca_text,冷却器出现轻微流量异常，生命周期风险集中在设计阶段，建议优先追溯 HDES-00156。,0.5613,hydraulic
EVO_TEXT_HFB-00001,HFB-00001,fault_evolution_text,设计阶段风险与运行工况耦合后引起状态劣化，检测指标随严重度同步升高。,0.5613,hydraulic
RCA_TEXT_HFB-00002,HFB-00002,rca_text,结合传感器能量和检测记录，管路总成的阀芯卡滞与制造阶段高风险实体 HMAN-00169 一致。,0.5939,hydraulic
EVO_TEXT_HFB-00002,HFB-00002,fault_evolution_text,隐患先导致局部性能退化，随后传感器能量向关联通道集中，最终形成阀芯卡滞。,0.5939,hydraulic
RCA_TEXT_HFB-00003,HFB-00003,rca_text,结合传感器能量和检测记录，液压泵总成的振动异常与材料阶段高风险实体 HMAT-00005 一致。,0.5884,hydraulic
EVO_TEXT_HFB-00003,HFB-00003,fault_evolution_text,早期异常较弱，运行载荷放大后出现指标漂移，并逐步演化为轻微故障。,0.5884,hydraulic
RCA_TEXT_HFB-00004,HFB-00004,rca_text,该案例表现为轻微阀芯卡滞，根因更可能由运维阶段隐患累积触发。,0.5935,hydraulic
EVO_TEXT_HFB-00004,HFB-00004,fault_evolution_text,早期异常较弱，运行载荷放大后出现指标漂移，并逐步演化为轻微故障。,0.5935,hydraulic
RCA_TEXT_HFB-00005,HFB-00005,rca_text,结合传感器能量和检测记录，溢流阀的压力异常与运维阶段高风险实体 HOPR-00005 一致。,0.6744,hydraulic
EVO_TEXT_HFB-00005,HFB-00005,fault_evolution_text,早期异常较弱，运行载荷放大后出现指标漂移，并逐步演化为轻微故障。,0.6744,hydraulic
RCA_TEXT_HFB-00006,HFB-00006,rca_text,该案例表现为轻微阀芯卡滞，根因更可能由制造阶段隐患累积触发。,0.6432,hydraulic
EVO_TEXT_HFB-00006,HFB-00006,fault_evolution_text,早期异常较弱，运行载荷放大后出现指标漂移，并逐步演化为轻微故障。,0.6432,hydraulic
RCA_TEXT_HFB-00007,HFB-00007,rca_text,该案例表现为轻微流量异常，根因更可能由设计阶段隐患累积触发。,0.6204,hydraulic
EVO_TEXT_HFB-00007,HFB-00007,fault_evolution_text,早期异常较弱，运行载荷放大后出现指标漂移，并逐步演化为轻微故障。,0.6204,hydraulic
RCA_TEXT_HFB-00008,HFB-00008,rca_text,管路总成出现中度阀芯卡滞，生命周期风险集中在材料阶段，建议优先追溯 HMAT-00525。,0.6104,hydraulic
EVO_TEXT_HFB-00008,HFB-00008,fault_evolution_text,早期异常较弱，运行载荷放大后出现指标漂移，并逐步演化为中度故障。,0.6104,hydraulic
RCA_TEXT_HFB-00009,HFB-00009,rca_text,结合传感器能量和检测记录，管路总成的阀芯卡滞与装配阶段高风险实体 HASM-00009 一致。,0.5498,hydraulic
EVO_TEXT_HFB-00009,HFB-00009,fault_evolution_text,装配阶段风险与运行工况耦合后引起状态劣化，检测指标随严重度同步升高。,0.5498,hydraulic
RCA_TEXT_HFB-00010,HFB-00010,rca_text,结合传感器能量和检测记录，单向阀的流量异常与运维阶段高风险实体 HOPR-00010 一致。,0.5782,hydraulic
EVO_TEXT_HFB-00010,HFB-00010,fault_evolution_text,隐患先导致局部性能退化，随后传感器能量向关联通道集中，最终形成流量异常。,0.5782,hydraulic
RCA_TEXT_HFB-00011,HFB-00011,rca_text,结合传感器能量和检测记录，方向控制阀的阀芯卡滞与材料阶段高风险实体 HMAT-00010 一致。,0.6081,hydraulic
EVO_TEXT_HFB-00011,HFB-00011,fault_evolution_text,材料阶段风险与运行工况耦合后引起状态劣化，检测指标随严重度同步升高。,0.6081,hydraulic
RCA_TEXT_HFB-00012,HFB-00012,rca_text,作动筒出现轻微泄漏异常，生命周期风险集中在设计阶段，建议优先追溯 HDES-00094。,0.595,hydraulic
EVO_TEXT_HFB-00012,HFB-00012,fault_evolution_text,隐患先导致局部性能退化，随后传感器能量向关联通道集中，最终形成泄漏异常。,0.595,hydraulic
RCA_TEXT_HFB-00013,HFB-00013,rca_text,蓄能器出现轻微振动异常，生命周期风险集中在运维阶段，建议优先追溯 HOPR-00013。,0.5264,hydraulic
EVO_TEXT_HFB-00013,HFB-00013,fault_evolution_text,运维阶段风险与运行工况耦合后引起状态劣化，检测指标随严重度同步升高。,0.5264,hydraulic
RCA_TEXT_HFB-00014,HFB-00014,rca_text,结合传感器能量和检测记录，过滤器的流量异常与制造阶段高风险实体 HMAN-01123 一致。,0.6222,hydraulic
EVO_TEXT_HFB-00014,HFB-00014,fault_evolution_text,隐患先导致局部性能退化，随后传感器能量向关联通道集中，最终形成流量异常。,0.6222,hydraulic
RCA_TEXT_HFB-00015,HFB-00015,rca_text,管路总成出现中度振动异常，生命周期风险集中在材料阶段，建议优先追溯 HMAT-00300。,0.7009,hydraulic
EVO_TEXT_HFB-00015,HFB-00015,fault_evolution_text,材料阶段风险与运行工况耦合后引起状态劣化，检测指标随严重度同步升高。,0.7009,hydraulic
RCA_TEXT_HFB-00016,HFB-00016,rca_text,该案例表现为中度流量异常，根因更可能由运维阶段隐患累积触发。,0.5684,hydraulic
EVO_TEXT_HFB-00016,HFB-00016,fault_evolution_text,隐患先导致局部性能退化，随后传感器能量向关联通道集中，最终形成流量异常。,0.5684,hydraulic
RCA_TEXT_HFB-00017,HFB-00017,rca_text,该案例表现为轻微温度异常，根因更可能由运维阶段隐患累积触发。,0.6072,hydraulic
EVO_TEXT_HFB-00017,HFB-00017,fault_evolution_text,隐患先导致局部性能退化，随后传感器能量向关联通道集中，最终形成温度异常。,0.6072,hydraulic
RCA_TEXT_HFB-00018,HFB-00018,rca_text,结合传感器能量和检测记录，溢流阀的阀芯卡滞与制造阶段高风险实体 HMAN-00782 一致。,0.6439,hydraulic
EVO_TEXT_HFB-00018,HFB-00018,fault_evolution_text,隐患先导致局部性能退化，随后传感器能量向关联通道集中，最终形成阀芯卡滞。,0.6439,hydraulic
RCA_TEXT_HFB-00019,HFB-00019,rca_text,结合传感器能量和检测记录，单向阀的振动异常与检测阶段高风险实体 HINSP-00019 一致。,0.6073,hydraulic
EVO_TEXT_HFB-00019,HFB-00019,fault_evolution_text,检测阶段风险与运行工况耦合后引起状态劣化，检测指标随严重度同步升高。,0.6073,hydraulic
RCA_TEXT_HFB-00020,HFB-00020,rca_text,该案例表现为轻微流量异常，根因更可能由运维阶段隐患累积触发。,0.5829,hydraulic
EVO_TEXT_HFB-00020,HFB-00020,fault_evolution_text,运维阶段风险与运行工况耦合后引起状态劣化，检测指标随严重度同步升高。,0.5829,hydraulic
RCA_TEXT_HFB-00021,HFB-00021,rca_text,节流阀出现轻微温度异常，生命周期风险集中在运维阶段，建议优先追溯 HOPR-00021。,0.5397,hydraulic
EVO_TEXT_HFB-00021,HFB-00021,fault_evolution_text,早期异常较弱，运行载荷放大后出现指标漂移，并逐步演化为轻微故障。,0.5397,hydraulic
RCA_TEXT_HFB-00022,HFB-00022,rca_text,管路总成出现中度流量异常，生命周期风险集中在运维阶段，建议优先追溯 HOPR-00022。,0.6264,hydraulic
EVO_TEXT_HFB-00022,HFB-00022,fault_evolution_text,早期异常较弱，运行载荷放大后出现指标漂移，并逐步演化为中度故障。,0.6264,hydraulic
RCA_TEXT_HFB-00023,HFB-00023,rca_text,结合传感器能量和检测记录，溢流阀的泄漏异常与材料阶段高风险实体 HMAT-00115 一致。,0.5849,hydraulic
EVO_TEXT_HFB-00023,HFB-00023,fault_evolution_text,早期异常较弱，运行载荷放大后出现指标漂移，并逐步演化为轻微故障。,0.5849,hydraulic
RCA_TEXT_HFB-00024,HFB-00024,rca_text,该案例表现为轻微泄漏异常，根因更可能由运维阶段隐患累积触发。,0.6064,hydraulic
EVO_TEXT_HFB-00024,HFB-00024,fault_evolution_text,早期异常较弱，运行载荷放大后出现指标漂移，并逐步演化为轻微故障。,0.6064,hydraulic
RCA_TEXT_HFB-00025,HFB-00025,rca_text,结合传感器能量和检测记录，卸荷阀的阀芯卡滞与制造阶段高风险实体 HMAN-00196 一致。,0.5748,hydraulic
EVO_TEXT_HFB-00025,HFB-00025,fault_evolution_text,早期异常较弱，运行载荷放大后出现指标漂移，并逐步演化为轻微故障。,0.5748,hydraulic
RCA_TEXT_HFB-00026,HFB-00026,rca_text,该案例表现为轻微泄漏异常，根因更可能由装配阶段隐患累积触发。,0.6539,hydraulic
EVO_TEXT_HFB-00026,HFB-00026,fault_evolution_text,隐患先导致局部性能退化，随后传感器能量向关联通道集中，最终形成泄漏异常。,0.6539,hydraulic
RCA_TEXT_HFB-00027,HFB-00027,rca_text,结合传感器能量和检测记录，单向阀的流量异常与制造阶段高风险实体 HMAN-00302 一致。,0.6339,hydraulic
EVO_TEXT_HFB-00027,HFB-00027,fault_evolution_text,制造阶段风险与运行工况耦合后引起状态劣化，检测指标随严重度同步升高。,0.6339,hydraulic
RCA_TEXT_HFB-00028,HFB-00028,rca_text,液压油箱出现轻微阀芯卡滞，生命周期风险集中在材料阶段，建议优先追溯 HMAT-00191。,0.593,hydraulic
EVO_TEXT_HFB-00028,HFB-00028,fault_evolution_text,材料阶段风险与运行工况耦合后引起状态劣化，检测指标随严重度同步升高。,0.593,hydraulic
RCA_TEXT_HFB-00029,HFB-00029,rca_text,过滤器出现轻微流量异常，生命周期风险集中在运维阶段，建议优先追溯 HOPR-00029。,0.6112,hydraulic
EVO_TEXT_HFB-00029,HFB-00029,fault_evolution_text,运维阶段风险与运行工况耦合后引起状态劣化，检测指标随严重度同步升高。,0.6112,hydraulic
RCA_TEXT_HFB-00030,HFB-00030,rca_text,结合传感器能量和检测记录，过滤器的泄漏异常与材料阶段高风险实体 HMAT-00303 一致。,0.5841,hydraulic
EVO_TEXT_HFB-00030,HFB-00030,fault_evolution_text,早期异常较弱，运行载荷放大后出现指标漂移，并逐步演化为轻微故障。,0.5841,hydraulic
RCA_TEXT_HFB-00031,HFB-00031,rca_text,该案例表现为轻微阀芯卡滞，根因更可能由制造阶段隐患累积触发。,0.5975,hydraulic
EVO_TEXT_HFB-00031,HFB-00031,fault_evolution_text,隐患先导致局部性能退化，随后传感器能量向关联通道集中，最终形成阀芯卡滞。,0.5975,hydraulic
RCA_TEXT_HFB-00032,HFB-00032,rca_text,管路总成出现中度振动异常，生命周期风险集中在制造阶段，建议优先追溯 HMAN-01108。,0.6079,hydraulic
EVO_TEXT_HFB-00032,HFB-00032,fault_evolution_text,隐患先导致局部性能退化，随后传感器能量向关联通道集中，最终形成振动异常。,0.6079,hydraulic
RCA_TEXT_HFB-00033,HFB-00033,rca_text,管路总成出现轻微压力异常，生命周期风险集中在检测阶段，建议优先追溯 HINSP-00033。,0.5884,hydraulic
EVO_TEXT_HFB-00033,HFB-00033,fault_evolution_text,早期异常较弱，运行载荷放大后出现指标漂移，并逐步演化为轻微故障。,0.5884,hydraulic
RCA_TEXT_HFB-00034,HFB-00034,rca_text,结合传感器能量和检测记录，液压油箱的流量异常与运维阶段高风险实体 HOPR-00034 一致。,0.5528,hydraulic
EVO_TEXT_HFB-00034,HFB-00034,fault_evolution_text,运维阶段风险与运行工况耦合后引起状态劣化，检测指标随严重度同步升高。,0.5528,hydraulic
RCA_TEXT_HFB-00035,HFB-00035,rca_text,结合传感器能量和检测记录，溢流阀的压力异常与运维阶段高风险实体 HOPR-00035 一致。,0.6258,hydraulic
EVO_TEXT_HFB-00035,HFB-00035,fault_evolution_text,隐患先导致局部性能退化，随后传感器能量向关联通道集中，最终形成压力异常。,0.6258,hydraulic
RCA_TEXT_HFB-00036,HFB-00036,rca_text,该案例表现为轻微流量异常，根因更可能由运维阶段隐患累积触发。,0.5842,hydraulic
EVO_TEXT_HFB-00036,HFB-00036,fault_evolution_text,运维阶段风险与运行工况耦合后引起状态劣化，检测指标随严重度同步升高。,0.5842,hydraulic
RCA_TEXT_HFB-00037,HFB-00037,rca_text,结合传感器能量和检测记录，方向控制阀的温度异常与制造阶段高风险实体 HMAN-00953 一致。,0.5896,hydraulic
EVO_TEXT_HFB-00037,HFB-00037,fault_evolution_text,制造阶段风险与运行工况耦合后引起状态劣化，检测指标随严重度同步升高。,0.5896,hydraulic
RCA_TEXT_HFB-00038,HFB-00038,rca_text,该案例表现为中度流量异常，根因更可能由运维阶段隐患累积触发。,0.6127,hydraulic
EVO_TEXT_HFB-00038,HFB-00038,fault_evolution_text,早期异常较弱，运行载荷放大后出现指标漂移，并逐步演化为中度故障。,0.6127,hydraulic
RCA_TEXT_HFB-00039,HFB-00039,rca_text,该案例表现为轻微泄漏异常，根因更可能由设计阶段隐患累积触发。,0.5865,hydraulic
EVO_TEXT_HFB-00039,HFB-00039,fault_evolution_text,隐患先导致局部性能退化，随后传感器能量向关联通道集中，最终形成泄漏异常。,0.5865,hydraulic
RCA_TEXT_HFB-00040,HFB-00040,rca_text,结合传感器能量和检测记录，管路总成的压力异常与设计阶段高风险实体 HPIP-00009 一致。,0.6487,hydraulic
EVO_TEXT_HFB-00040,HFB-00040,fault_evolution_text,早期异常较弱，运行载荷放大后出现指标漂移，并逐步演化为中度故障。,0.6487,hydraulic
RCA_TEXT_HFB-00041,HFB-00041,rca_text,该案例表现为轻微流量异常，根因更可能由材料阶段隐患累积触发。,0.5323,hydraulic
EVO_TEXT_HFB-00041,HFB-00041,fault_evolution_text,早期异常较弱，运行载荷放大后出现指标漂移，并逐步演化为轻微故障。,0.5323,hydraulic
RCA_TEXT_HFB-00042,HFB-00042,rca_text,结合传感器能量和检测记录，方向控制阀的振动异常与运维阶段高风险实体 HOPR-00042 一致。,0.5552,hydraulic
EVO_TEXT_HFB-00042,HFB-00042,fault_evolution_text,早期异常较弱，运行载荷放大后出现指标漂移，并逐步演化为轻微故障。,0.5552,hydraulic
RCA_TEXT_HFB-00043,HFB-00043,rca_text,方向控制阀出现中度阀芯卡滞，生命周期风险集中在运维阶段，建议优先追溯 HOPR-00043。,0.6045,hydraulic
EVO_TEXT_HFB-00043,HFB-00043,fault_evolution_text,隐患先导致局部性能退化，随后传感器能量向关联通道集中，最终形成阀芯卡滞。,0.6045,hydraulic
RCA_TEXT_HFB-00044,HFB-00044,rca_text,方向控制阀出现轻微流量异常，生命周期风险集中在设计阶段，建议优先追溯 HDES-00762。,0.6136,hydraulic
EVO_TEXT_HFB-00044,HFB-00044,fault_evolution_text,隐患先导致局部性能退化，随后传感器能量向关联通道集中，最终形成流量异常。,0.6136,hydraulic
RCA_TEXT_HFB-00045,HFB-00045,rca_text,管路总成出现中度泄漏异常，生命周期风险集中在制造阶段，建议优先追溯 HMAN-00401。,0.6691,hydraulic
EVO_TEXT_HFB-00045,HFB-00045,fault_evolution_text,制造阶段风险与运行工况耦合后引起状态劣化，检测指标随严重度同步升高。,0.6691,hydraulic
RCA_TEXT_HFB-00046,HFB-00046,rca_text,该案例表现为轻微流量异常，根因更可能由制造阶段隐患累积触发。,0.5496,hydraulic
EVO_TEXT_HFB-00046,HFB-00046,fault_evolution_text,隐患先导致局部性能退化，随后传感器能量向关联通道集中，最终形成流量异常。,0.5496,hydraulic
RCA_TEXT_HFB-00047,HFB-00047,rca_text,结合传感器能量和检测记录，溢流阀的泄漏异常与设计阶段高风险实体 HDES-00789 一致。,0.6897,hydraulic
EVO_TEXT_HFB-00047,HFB-00047,fault_evolution_text,早期异常较弱，运行载荷放大后出现指标漂移，并逐步演化为中度故障。,0.6897,hydraulic
RCA_TEXT_HFB-00048,HFB-00048,rca_text,结合传感器能量和检测记录，冷却器的温度异常与运维阶段高风险实体 HOPR-00048 一致。,0.6633,hydraulic
EVO_TEXT_HFB-00048,HFB-00048,fault_evolution_text,运维阶段风险与运行工况耦合后引起状态劣化，检测指标随严重度同步升高。,0.6633,hydraulic
RCA_TEXT_HFB-00049,HFB-00049,rca_text,方向控制阀出现轻微温度异常，生命周期风险集中在运维阶段，建议优先追溯 HOPR-00049。,0.5263,hydraulic
EVO_TEXT_HFB-00049,HFB-00049,fault_evolution_text,隐患先导致局部性能退化，随后传感器能量向关联通道集中，最终形成温度异常。,0.5263,hydraulic
RCA_TEXT_HFB-00050,HFB-00050,rca_text,单向阀出现轻微温度异常，生命周期风险集中在制造阶段，建议优先追溯 HMAN-00576。,0.5522,hydraulic
EVO_TEXT_HFB-00050,HFB-00050,fault_evolution_text,制造阶段风险与运行工况耦合后引起状态劣化，检测指标随严重度同步升高。,0.5522,hydraulic
RCA_TEXT_HFB-00051,HFB-00051,rca_text,该案例表现为轻微阀芯卡滞，根因更可能由运维阶段隐患累积触发。,0.59,hydraulic
EVO_TEXT_HFB-00051,HFB-00051,fault_evolution_text,早期异常较弱，运行载荷放大后出现指标漂移，并逐步演化为轻微故障。,0.59,hydraulic
RCA_TEXT_HFB-00052,HFB-00052,rca_text,该案例表现为中度振动异常，根因更可能由装配阶段隐患累积触发。,0.6213,hydraulic
EVO_TEXT_HFB-00052,HFB-00052,fault_evolution_text,隐患先导致局部性能退化，随后传感器能量向关联通道集中，最终形成振动异常。,0.6213,hydraulic
RCA_TEXT_HFB-00053,HFB-00053,rca_text,该案例表现为轻微泄漏异常，根因更可能由装配阶段隐患累积触发。,0.5611,hydraulic
EVO_TEXT_HFB-00053,HFB-00053,fault_evolution_text,装配阶段风险与运行工况耦合后引起状态劣化，检测指标随严重度同步升高。,0.5611,hydraulic
RCA_TEXT_HFB-00054,HFB-00054,rca_text,该案例表现为轻微振动异常，根因更可能由材料阶段隐患累积触发。,0.5984,hydraulic
EVO_TEXT_HFB-00054,HFB-00054,fault_evolution_text,材料阶段风险与运行工况耦合后引起状态劣化，检测指标随严重度同步升高。,0.5984,hydraulic
RCA_TEXT_HFB-00055,HFB-00055,rca_text,该案例表现为轻微压力异常，根因更可能由制造阶段隐患累积触发。,0.6383,hydraulic
EVO_TEXT_HFB-00055,HFB-00055,fault_evolution_text,制造阶段风险与运行工况耦合后引起状态劣化，检测指标随严重度同步升高。,0.6383,hydraulic
RCA_TEXT_HFB-00056,HFB-00056,rca_text,该案例表现为中度泄漏异常，根因更可能由设计阶段隐患累积触发。,0.6135,hydraulic
EVO_TEXT_HFB-00056,HFB-00056,fault_evolution_text,隐患先导致局部性能退化，随后传感器能量向关联通道集中，最终形成泄漏异常。,0.6135,hydraulic
RCA_TEXT_HFB-00057,HFB-00057,rca_text,结合传感器能量和检测记录，管路总成的泄漏异常与制造阶段高风险实体 HMAN-01045 一致。,0.6623,hydraulic
EVO_TEXT_HFB-00057,HFB-00057,fault_evolution_text,隐患先导致局部性能退化，随后传感器能量向关联通道集中，最终形成泄漏异常。,0.6623,hydraulic
RCA_TEXT_HFB-00058,HFB-00058,rca_text,单向阀出现轻微泄漏异常，生命周期风险集中在运维阶段，建议优先追溯 HOPR-00058。,0.6017,hydraulic
EVO_TEXT_HFB-00058,HFB-00058,fault_evolution_text,隐患先导致局部性能退化，随后传感器能量向关联通道集中，最终形成泄漏异常。,0.6017,hydraulic
RCA_TEXT_HFB-00059,HFB-00059,rca_text,结合传感器能量和检测记录，方向控制阀的阀芯卡滞与运维阶段高风险实体 HOPR-00059 一致。,0.6154,hydraulic
EVO_TEXT_HFB-00059,HFB-00059,fault_evolution_text,早期异常较弱，运行载荷放大后出现指标漂移，并逐步演化为轻微故障。,0.6154,hydraulic
RCA_TEXT_HFB-00060,HFB-00060,rca_text,管路总成出现中度振动异常，生命周期风险集中在材料阶段，建议优先追溯 HMAT-00038。,0.6057,hydraulic
EVO_TEXT_HFB-00060,HFB-00060,fault_evolution_text,隐患先导致局部性能退化，随后传感器能量向关联通道集中，最终形成振动异常。,0.6057,hydraulic
RCA_TEXT_HFB-00061,HFB-00061,rca_text,该案例表现为轻微压力异常，根因更可能由装配阶段隐患累积触发。,0.6009,hydraulic
EVO_TEXT_HFB-00061,HFB-00061,fault_evolution_text,早期异常较弱，运行载荷放大后出现指标漂移，并逐步演化为轻微故障。,0.6009,hydraulic
RCA_TEXT_HFB-00062,HFB-00062,rca_text,该案例表现为轻微振动异常，根因更可能由设计阶段隐患累积触发。,0.5562,hydraulic
EVO_TEXT_HFB-00062,HFB-00062,fault_evolution_text,设计阶段风险与运行工况耦合后引起状态劣化，检测指标随严重度同步升高。,0.5562,hydraulic
RCA_TEXT_HFB-00063,HFB-00063,rca_text,结合传感器能量和检测记录，管路总成的振动异常与装配阶段高风险实体 HASM-00063 一致。,0.5961,hydraulic
EVO_TEXT_HFB-00063,HFB-00063,fault_evolution_text,早期异常较弱，运行载荷放大后出现指标漂移，并逐步演化为中度故障。,0.5961,hydraulic
RCA_TEXT_HFB-00064,HFB-00064,rca_text,管路总成出现中度泄漏异常，生命周期风险集中在制造阶段，建议优先追溯 HMAN-00078。,0.5885,hydraulic
EVO_TEXT_HFB-00064,HFB-00064,fault_evolution_text,制造阶段风险与运行工况耦合后引起状态劣化，检测指标随严重度同步升高。,0.5885,hydraulic
RCA_TEXT_HFB-00065,HFB-00065,rca_text,该案例表现为中度压力异常，根因更可能由运维阶段隐患累积触发。,0.7072,hydraulic
EVO_TEXT_HFB-00065,HFB-00065,fault_evolution_text,运维阶段风险与运行工况耦合后引起状态劣化，检测指标随严重度同步升高。,0.7072,hydraulic
RCA_TEXT_HFB-00066,HFB-00066,rca_text,液压油箱出现轻微振动异常，生命周期风险集中在材料阶段，建议优先追溯 HMAT-00099。,0.5481,hydraulic
EVO_TEXT_HFB-00066,HFB-00066,fault_evolution_text,材料阶段风险与运行工况耦合后引起状态劣化，检测指标随严重度同步升高。,0.5481,hydraulic
RCA_TEXT_HFB-00067,HFB-00067,rca_text,该案例表现为轻微压力异常，根因更可能由运维阶段隐患累积触发。,0.604,hydraulic
EVO_TEXT_HFB-00067,HFB-00067,fault_evolution_text,早期异常较弱，运行载荷放大后出现指标漂移，并逐步演化为轻微故障。,0.604,hydraulic
RCA_TEXT_HFB-00068,HFB-00068,rca_text,该案例表现为中度流量异常，根因更可能由检测阶段隐患累积触发。,0.6308,hydraulic
EVO_TEXT_HFB-00068,HFB-00068,fault_evolution_text,隐患先导致局部性能退化，随后传感器能量向关联通道集中，最终形成流量异常。,0.6308,hydraulic
RCA_TEXT_HFB-00069,HFB-00069,rca_text,结合传感器能量和检测记录，冷却器的温度异常与运维阶段高风险实体 HOPR-00069 一致。,0.6746,hydraulic
EVO_TEXT_HFB-00069,HFB-00069,fault_evolution_text,隐患先导致局部性能退化，随后传感器能量向关联通道集中，最终形成温度异常。,0.6746,hydraulic
RCA_TEXT_HFB-00070,HFB-00070,rca_text,蓄能器出现轻微压力异常，生命周期风险集中在装配阶段，建议优先追溯 HASM-00070。,0.5938,hydraulic
EVO_TEXT_HFB-00070,HFB-00070,fault_evolution_text,早期异常较弱，运行载荷放大后出现指标漂移，并逐步演化为轻微故障。,0.5938,hydraulic
RCA_TEXT_HFB-00071,HFB-00071,rca_text,结合传感器能量和检测记录，液压泵总成的压力异常与运维阶段高风险实体 HOPR-00071 一致。,0.5727,hydraulic
EVO_TEXT_HFB-00071,HFB-00071,fault_evolution_text,隐患先导致局部性能退化，随后传感器能量向关联通道集中，最终形成压力异常。,0.5727,hydraulic
RCA_TEXT_HFB-00072,HFB-00072,rca_text,结合传感器能量和检测记录，单向阀的压力异常与运维阶段高风险实体 HOPR-00072 一致。,0.6085,hydraulic
EVO_TEXT_HFB-00072,HFB-00072,fault_evolution_text,隐患先导致局部性能退化，随后传感器能量向关联通道集中，最终形成压力异常。,0.6085,hydraulic
RCA_TEXT_HFB-00073,HFB-00073,rca_text,结合传感器能量和检测记录，卸荷阀的振动异常与设计阶段高风险实体 HDES-00422 一致。,0.5173,hydraulic
EVO_TEXT_HFB-00073,HFB-00073,fault_evolution_text,设计阶段风险与运行工况耦合后引起状态劣化，检测指标随严重度同步升高。,0.5173,hydraulic
RCA_TEXT_HFB-00074,HFB-00074,rca_text,管路总成出现轻微阀芯卡滞，生命周期风险集中在装配阶段，建议优先追溯 HASM-00074。,0.5883,hydraulic
EVO_TEXT_HFB-00074,HFB-00074,fault_evolution_text,装配阶段风险与运行工况耦合后引起状态劣化，检测指标随严重度同步升高。,0.5883,hydraulic
RCA_TEXT_HFB-00075,HFB-00075,rca_text,该案例表现为轻微泄漏异常，根因更可能由设计阶段隐患累积触发。,0.6257,hydraulic
EVO_TEXT_HFB-00075,HFB-00075,fault_evolution_text,隐患先导致局部性能退化，随后传感器能量向关联通道集中，最终形成泄漏异常。,0.6257,hydraulic
RCA_TEXT_HFB-00076,HFB-00076,rca_text,方向控制阀出现轻微泄漏异常，生命周期风险集中在装配阶段，建议优先追溯 HASM-00076。,0.5815,hydraulic
EVO_TEXT_HFB-00076,HFB-00076,fault_evolution_text,早期异常较弱，运行载荷放大后出现指标漂移，并逐步演化为轻微故障。,0.5815,hydraulic
RCA_TEXT_HFB-00077,HFB-00077,rca_text,液压油箱出现中度温度异常，生命周期风险集中在运维阶段，建议优先追溯 HOPR-00077。,0.6484,hydraulic
EVO_TEXT_HFB-00077,HFB-00077,fault_evolution_text,运维阶段风险与运行工况耦合后引起状态劣化，检测指标随严重度同步升高。,0.6484,hydraulic
RCA_TEXT_HFB-00078,HFB-00078,rca_text,结合传感器能量和检测记录，过滤器的流量异常与材料阶段高风险实体 HMAT-00064 一致。,0.6337,hydraulic
EVO_TEXT_HFB-00078,HFB-00078,fault_evolution_text,早期异常较弱，运行载荷放大后出现指标漂移，并逐步演化为中度故障。,0.6337,hydraulic
RCA_TEXT_HFB-00079,HFB-00079,rca_text,结合传感器能量和检测记录，过滤器的压力异常与设计阶段高风险实体 HDES-01016 一致。,0.5812,hydraulic
EVO_TEXT_HFB-00079,HFB-00079,fault_evolution_text,早期异常较弱，运行载荷放大后出现指标漂移，并逐步演化为轻微故障。,0.5812,hydraulic
RCA_TEXT_HFB-00080,HFB-00080,rca_text,结合传感器能量和检测记录，液压油箱的振动异常与装配阶段高风险实体 HASM-00080 一致。,0.5744,hydraulic
EVO_TEXT_HFB-00080,HFB-00080,fault_evolution_text,早期异常较弱，运行载荷放大后出现指标漂移，并逐步演化为轻微故障。,0.5744,hydraulic
RCA_TEXT_HFB-00081,HFB-00081,rca_text,结合传感器能量和检测记录，卸荷阀的泄漏异常与制造阶段高风险实体 HMAN-00319 一致。,0.5853,hydraulic
EVO_TEXT_HFB-00081,HFB-00081,fault_evolution_text,制造阶段风险与运行工况耦合后引起状态劣化，检测指标随严重度同步升高。,0.5853,hydraulic
RCA_TEXT_HFB-00082,HFB-00082,rca_text,结合传感器能量和检测记录，蓄能器的压力异常与运维阶段高风险实体 HOPR-00082 一致。,0.6009,hydraulic
EVO_TEXT_HFB-00082,HFB-00082,fault_evolution_text,运维阶段风险与运行工况耦合后引起状态劣化，检测指标随严重度同步升高。,0.6009,hydraulic
RCA_TEXT_HFB-00083,HFB-00083,rca_text,结合传感器能量和检测记录，液压油箱的温度异常与运维阶段高风险实体 HOPR-00083 一致。,0.6724,hydraulic
EVO_TEXT_HFB-00083,HFB-00083,fault_evolution_text,早期异常较弱，运行载荷放大后出现指标漂移，并逐步演化为轻微故障。,0.6724,hydraulic
RCA_TEXT_HFB-00084,HFB-00084,rca_text,液压泵总成出现中度振动异常，生命周期风险集中在制造阶段，建议优先追溯 HMAN-00607。,0.5721,hydraulic
EVO_TEXT_HFB-00084,HFB-00084,fault_evolution_text,制造阶段风险与运行工况耦合后引起状态劣化，检测指标随严重度同步升高。,0.5721,hydraulic
RCA_TEXT_HFB-00085,HFB-00085,rca_text,结合传感器能量和检测记录，过滤器的阀芯卡滞与材料阶段高风险实体 HMAT-00321 一致。,0.594,hydraulic
EVO_TEXT_HFB-00085,HFB-00085,fault_evolution_text,隐患先导致局部性能退化，随后传感器能量向关联通道集中，最终形成阀芯卡滞。,0.594,hydraulic
RCA_TEXT_HFB-00086,HFB-00086,rca_text,结合传感器能量和检测记录，方向控制阀的阀芯卡滞与运维阶段高风险实体 HOPR-00086 一致。,0.6649,hydraulic
EVO_TEXT_HFB-00086,HFB-00086,fault_evolution_text,运维阶段风险与运行工况耦合后引起状态劣化，检测指标随严重度同步升高。,0.6649,hydraulic
RCA_TEXT_HFB-00087,HFB-00087,rca_text,管路总成出现中度压力异常，生命周期风险集中在装配阶段，建议优先追溯 HASM-00087。,0.6522,hydraulic
EVO_TEXT_HFB-00087,HFB-00087,fault_evolution_text,隐患先导致局部性能退化，随后传感器能量向关联通道集中，最终形成压力异常。,0.6522,hydraulic
RCA_TEXT_HFB-00088,HFB-00088,rca_text,结合传感器能量和检测记录，管路总成的压力异常与设计阶段高风险实体 HPIP-00019 一致。,0.6522,hydraulic
EVO_TEXT_HFB-00088,HFB-00088,fault_evolution_text,早期异常较弱，运行载荷放大后出现指标漂移，并逐步演化为中度故障。,0.6522,hydraulic
RCA_TEXT_HFB-00089,HFB-00089,rca_text,结合传感器能量和检测记录，作动筒的泄漏异常与检测阶段高风险实体 HINSP-00089 一致。,0.6337,hydraulic
EVO_TEXT_HFB-00089,HFB-00089,fault_evolution_text,检测阶段风险与运行工况耦合后引起状态劣化，检测指标随严重度同步升高。,0.6337,hydraulic
RCA_TEXT_HFB-00090,HFB-00090,rca_text,液压油箱出现轻微泄漏异常，生命周期风险集中在设计阶段，建议优先追溯 HDES-00205。,0.55,hydraulic
EVO_TEXT_HFB-00090,HFB-00090,fault_evolution_text,设计阶段风险与运行工况耦合后引起状态劣化，检测指标随严重度同步升高。,0.55,hydraulic
RCA_TEXT_HFB-00091,HFB-00091,rca_text,结合传感器能量和检测记录，单向阀的流量异常与运维阶段高风险实体 HOPR-00091 一致。,0.5521,hydraulic
EVO_TEXT_HFB-00091,HFB-00091,fault_evolution_text,隐患先导致局部性能退化，随后传感器能量向关联通道集中，最终形成流量异常。,0.5521,hydraulic
RCA_TEXT_HFB-00092,HFB-00092,rca_text,结合传感器能量和检测记录，液压油箱的阀芯卡滞与设计阶段高风险实体 HDES-00341 一致。,0.5951,hydraulic
EVO_TEXT_HFB-00092,HFB-00092,fault_evolution_text,隐患先导致局部性能退化，随后传感器能量向关联通道集中，最终形成阀芯卡滞。,0.5951,hydraulic
RCA_TEXT_HFB-00093,HFB-00093,rca_text,节流阀出现轻微阀芯卡滞，生命周期风险集中在材料阶段，建议优先追溯 HMAT-00092。,0.6673,hydraulic
EVO_TEXT_HFB-00093,HFB-00093,fault_evolution_text,早期异常较弱，运行载荷放大后出现指标漂移，并逐步演化为轻微故障。,0.6673,hydraulic
RCA_TEXT_HFB-00094,HFB-00094,rca_text,结合传感器能量和检测记录，卸荷阀的阀芯卡滞与材料阶段高风险实体 HMAT-00318 一致。,0.5925,hydraulic
EVO_TEXT_HFB-00094,HFB-00094,fault_evolution_text,材料阶段风险与运行工况耦合后引起状态劣化，检测指标随严重度同步升高。,0.5925,hydraulic
RCA_TEXT_HFB-00095,HFB-00095,rca_text,结合传感器能量和检测记录，卸荷阀的阀芯卡滞与制造阶段高风险实体 HMAN-00314 一致。,0.5646,hydraulic
EVO_TEXT_HFB-00095,HFB-00095,fault_evolution_text,早期异常较弱，运行载荷放大后出现指标漂移，并逐步演化为轻微故障。,0.5646,hydraulic
RCA_TEXT_HFB-00096,HFB-00096,rca_text,过滤器出现轻微振动异常，生命周期风险集中在设计阶段，建议优先追溯 HDES-01133。,0.6196,hydraulic
EVO_TEXT_HFB-00096,HFB-00096,fault_evolution_text,设计阶段风险与运行工况耦合后引起状态劣化，检测指标随严重度同步升高。,0.6196,hydraulic
RCA_TEXT_HFB-00097,HFB-00097,rca_text,管路总成出现中度振动异常，生命周期风险集中在材料阶段，建议优先追溯 HMAT-00199。,0.6195,hydraulic
EVO_TEXT_HFB-00097,HFB-00097,fault_evolution_text,早期异常较弱，运行载荷放大后出现指标漂移，并逐步演化为中度故障。,0.6195,hydraulic
RCA_TEXT_HFB-00098,HFB-00098,rca_text,管路总成出现中度振动异常，生命周期风险集中在材料阶段，建议优先追溯 HMAT-00127。,0.6331,hydraulic
EVO_TEXT_HFB-00098,HFB-00098,fault_evolution_text,材料阶段风险与运行工况耦合后引起状态劣化，检测指标随严重度同步升高。,0.6331,hydraulic
RCA_TEXT_HFB-00099,HFB-00099,rca_text,该案例表现为中度阀芯卡滞，根因更可能由设计阶段隐患累积触发。,0.6171,hydraulic
EVO_TEXT_HFB-00099,HFB-00099,fault_evolution_text,隐患先导致局部性能退化，随后传感器能量向关联通道集中，最终形成阀芯卡滞。,0.6171,hydraulic
RCA_TEXT_HFB-00100,HFB-00100,rca_text,结合传感器能量和检测记录，方向控制阀的压力异常与装配阶段高风险实体 HASM-00100 一致。,0.5342,hydraulic
EVO_TEXT_HFB-00100,HFB-00100,fault_evolution_text,装配阶段风险与运行工况耦合后引起状态劣化，检测指标随严重度同步升高。,0.5342,hydraulic
RCA_TEXT_HFB-00101,HFB-00101,rca_text,该案例表现为轻微温度异常，根因更可能由制造阶段隐患累积触发。,0.6462,hydraulic
EVO_TEXT_HFB-00101,HFB-00101,fault_evolution_text,制造阶段风险与运行工况耦合后引起状态劣化，检测指标随严重度同步升高。,0.6462,hydraulic
RCA_TEXT_HFB-00102,HFB-00102,rca_text,溢流阀出现轻微阀芯卡滞，生命周期风险集中在材料阶段，建议优先追溯 HMAT-00063。,0.6096,hydraulic
EVO_TEXT_HFB-00102,HFB-00102,fault_evolution_text,材料阶段风险与运行工况耦合后引起状态劣化，检测指标随严重度同步升高。,0.6096,hydraulic
RCA_TEXT_HFB-00103,HFB-00103,rca_text,溢流阀出现轻微压力异常，生命周期风险集中在运维阶段，建议优先追溯 HOPR-00103。,0.5696,hydraulic
EVO_TEXT_HFB-00103,HFB-00103,fault_evolution_text,运维阶段风险与运行工况耦合后引起状态劣化，检测指标随严重度同步升高。,0.5696,hydraulic
RCA_TEXT_HFB-00104,HFB-00104,rca_text,节流阀出现中度流量异常，生命周期风险集中在检测阶段，建议优先追溯 HINSP-00104。,0.6056,hydraulic
EVO_TEXT_HFB-00104,HFB-00104,fault_evolution_text,检测阶段风险与运行工况耦合后引起状态劣化，检测指标随严重度同步升高。,0.6056,hydraulic
RCA_TEXT_HFB-00105,HFB-00105,rca_text,结合传感器能量和检测记录，节流阀的温度异常与运维阶段高风险实体 HOPR-00105 一致。,0.5879,hydraulic
EVO_TEXT_HFB-00105,HFB-00105,fault_evolution_text,运维阶段风险与运行工况耦合后引起状态劣化，检测指标随严重度同步升高。,0.5879,hydraulic
RCA_TEXT_HFB-00106,HFB-00106,rca_text,结合传感器能量和检测记录，蓄能器的振动异常与运维阶段高风险实体 HOPR-00106 一致。,0.6408,hydraulic
EVO_TEXT_HFB-00106,HFB-00106,fault_evolution_text,运维阶段风险与运行工况耦合后引起状态劣化，检测指标随严重度同步升高。,0.6408,hydraulic
RCA_TEXT_HFB-00107,HFB-00107,rca_text,该案例表现为中度泄漏异常，根因更可能由检测阶段隐患累积触发。,0.6244,hydraulic
EVO_TEXT_HFB-00107,HFB-00107,fault_evolution_text,检测阶段风险与运行工况耦合后引起状态劣化，检测指标随严重度同步升高。,0.6244,hydraulic
RCA_TEXT_HFB-00108,HFB-00108,rca_text,卸荷阀出现轻微压力异常，生命周期风险集中在运维阶段，建议优先追溯 HOPR-00108。,0.5282,hydraulic
EVO_TEXT_HFB-00108,HFB-00108,fault_evolution_text,运维阶段风险与运行工况耦合后引起状态劣化，检测指标随严重度同步升高。,0.5282,hydraulic
RCA_TEXT_HFB-00109,HFB-00109,rca_text,该案例表现为轻微振动异常，根因更可能由运维阶段隐患累积触发。,0.5805,hydraulic
EVO_TEXT_HFB-00109,HFB-00109,fault_evolution_text,早期异常较弱，运行载荷放大后出现指标漂移，并逐步演化为轻微故障。,0.5805,hydraulic
RCA_TEXT_HFB-00110,HFB-00110,rca_text,结合传感器能量和检测记录，液压泵总成的流量异常与运维阶段高风险实体 HOPR-00110 一致。,0.5277,hydraulic
EVO_TEXT_HFB-00110,HFB-00110,fault_evolution_text,运维阶段风险与运行工况耦合后引起状态劣化，检测指标随严重度同步升高。,0.5277,hydraulic
RCA_TEXT_HFB-00111,HFB-00111,rca_text,结合传感器能量和检测记录，冷却器的流量异常与装配阶段高风险实体 HASM-00111 一致。,0.6083,hydraulic
EVO_TEXT_HFB-00111,HFB-00111,fault_evolution_text,早期异常较弱，运行载荷放大后出现指标漂移，并逐步演化为中度故障。,0.6083,hydraulic
RCA_TEXT_HFB-00112,HFB-00112,rca_text,结合传感器能量和检测记录，液压油箱的流量异常与运维阶段高风险实体 HOPR-00112 一致。,0.6059,hydraulic
EVO_TEXT_HFB-00112,HFB-00112,fault_evolution_text,隐患先导致局部性能退化，随后传感器能量向关联通道集中，最终形成流量异常。,0.6059,hydraulic
RCA_TEXT_HFB-00113,HFB-00113,rca_text,蓄能器出现轻微压力异常，生命周期风险集中在设计阶段，建议优先追溯 HDES-00632。,0.6602,hydraulic
EVO_TEXT_HFB-00113,HFB-00113,fault_evolution_text,设计阶段风险与运行工况耦合后引起状态劣化，检测指标随严重度同步升高。,0.6602,hydraulic
RCA_TEXT_HFB-00114,HFB-00114,rca_text,结合传感器能量和检测记录，冷却器的温度异常与设计阶段高风险实体 HDES-01098 一致。,0.6585,hydraulic
EVO_TEXT_HFB-00114,HFB-00114,fault_evolution_text,早期异常较弱，运行载荷放大后出现指标漂移，并逐步演化为轻微故障。,0.6585,hydraulic
RCA_TEXT_HFB-00115,HFB-00115,rca_text,液压泵总成出现轻微泄漏异常，生命周期风险集中在运维阶段，建议优先追溯 HOPR-00115。,0.6309,hydraulic
EVO_TEXT_HFB-00115,HFB-00115,fault_evolution_text,隐患先导致局部性能退化，随后传感器能量向关联通道集中，最终形成泄漏异常。,0.6309,hydraulic
RCA_TEXT_HFB-00116,HFB-00116,rca_text,管路总成出现中度压力异常，生命周期风险集中在运维阶段，建议优先追溯 HOPR-00116。,0.5945,hydraulic
EVO_TEXT_HFB-00116,HFB-00116,fault_evolution_text,早期异常较弱，运行载荷放大后出现指标漂移，并逐步演化为中度故障。,0.5945,hydraulic
RCA_TEXT_HFB-00117,HFB-00117,rca_text,该案例表现为中度压力异常，根因更可能由运维阶段隐患累积触发。,0.5795,hydraulic
EVO_TEXT_HFB-00117,HFB-00117,fault_evolution_text,隐患先导致局部性能退化，随后传感器能量向关联通道集中，最终形成压力异常。,0.5795,hydraulic
RCA_TEXT_HFB-00118,HFB-00118,rca_text,结合传感器能量和检测记录，蓄能器的泄漏异常与装配阶段高风险实体 HASM-00118 一致。,0.5804,hydraulic
EVO_TEXT_HFB-00118,HFB-00118,fault_evolution_text,装配阶段风险与运行工况耦合后引起状态劣化，检测指标随严重度同步升高。,0.5804,hydraulic
RCA_TEXT_HFB-00119,HFB-00119,rca_text,该案例表现为轻微泄漏异常，根因更可能由运维阶段隐患累积触发。,0.5185,hydraulic
EVO_TEXT_HFB-00119,HFB-00119,fault_evolution_text,隐患先导致局部性能退化，随后传感器能量向关联通道集中，最终形成泄漏异常。,0.5185,hydraulic
RCA_TEXT_HFB-00120,HFB-00120,rca_text,结合传感器能量和检测记录，过滤器的泄漏异常与检测阶段高风险实体 HINSP-00120 一致。,0.5723,hydraulic
EVO_TEXT_HFB-00120,HFB-00120,fault_evolution_text,早期异常较弱，运行载荷放大后出现指标漂移，并逐步演化为轻微故障。,0.5723,hydraulic
RCA_TEXT_HFB-00121,HFB-00121,rca_text,液压油箱出现中度温度异常，生命周期风险集中在检测阶段，建议优先追溯 HINSP-00121。,0.6477,hydraulic
EVO_TEXT_HFB-00121,HFB-00121,fault_evolution_text,检测阶段风险与运行工况耦合后引起状态劣化，检测指标随严重度同步升高。,0.6477,hydraulic
RCA_TEXT_HFB-00122,HFB-00122,rca_text,蓄能器出现轻微压力异常，生命周期风险集中在运维阶段，建议优先追溯 HOPR-00122。,0.5662,hydraulic
EVO_TEXT_HFB-00122,HFB-00122,fault_evolution_text,运维阶段风险与运行工况耦合后引起状态劣化，检测指标随严重度同步升高。,0.5662,hydraulic
RCA_TEXT_HFB-00123,HFB-00123,rca_text,该案例表现为轻微流量异常，根因更可能由制造阶段隐患累积触发。,0.5735,hydraulic
EVO_TEXT_HFB-00123,HFB-00123,fault_evolution_text,制造阶段风险与运行工况耦合后引起状态劣化，检测指标随严重度同步升高。,0.5735,hydraulic
RCA_TEXT_HFB-00124,HFB-00124,rca_text,该案例表现为中度压力异常，根因更可能由设计阶段隐患累积触发。,0.6211,hydraulic
EVO_TEXT_HFB-00124,HFB-00124,fault_evolution_text,早期异常较弱，运行载荷放大后出现指标漂移，并逐步演化为中度故障。,0.6211,hydraulic
RCA_TEXT_HFB-00125,HFB-00125,rca_text,过滤器出现中度流量异常，生命周期风险集中在装配阶段，建议优先追溯 HASM-00125。,0.6948,hydraulic
EVO_TEXT_HFB-00125,HFB-00125,fault_evolution_text,隐患先导致局部性能退化，随后传感器能量向关联通道集中，最终形成流量异常。,0.6948,hydraulic
RCA_TEXT_HFB-00126,HFB-00126,rca_text,该案例表现为轻微阀芯卡滞，根因更可能由装配阶段隐患累积触发。,0.5949,hydraulic
EVO_TEXT_HFB-00126,HFB-00126,fault_evolution_text,隐患先导致局部性能退化，随后传感器能量向关联通道集中，最终形成阀芯卡滞。,0.5949,hydraulic
RCA_TEXT_HFB-00127,HFB-00127,rca_text,该案例表现为轻微振动异常，根因更可能由装配阶段隐患累积触发。,0.5337,hydraulic
EVO_TEXT_HFB-00127,HFB-00127,fault_evolution_text,装配阶段风险与运行工况耦合后引起状态劣化，检测指标随严重度同步升高。,0.5337,hydraulic
RCA_TEXT_HFB-00128,HFB-00128,rca_text,该案例表现为轻微温度异常，根因更可能由制造阶段隐患累积触发。,0.6087,hydraulic
EVO_TEXT_HFB-00128,HFB-00128,fault_evolution_text,制造阶段风险与运行工况耦合后引起状态劣化，检测指标随严重度同步升高。,0.6087,hydraulic
RCA_TEXT_HFB-00129,HFB-00129,rca_text,结合传感器能量和检测记录，管路总成的泄漏异常与设计阶段高风险实体 HPIP-00026 一致。,0.5954,hydraulic
EVO_TEXT_HFB-00129,HFB-00129,fault_evolution_text,设计阶段风险与运行工况耦合后引起状态劣化，检测指标随严重度同步升高。,0.5954,hydraulic
RCA_TEXT_HFB-00130,HFB-00130,rca_text,单向阀出现轻微压力异常，生命周期风险集中在设计阶段，建议优先追溯 HDES-01019。,0.5774,hydraulic
EVO_TEXT_HFB-00130,HFB-00130,fault_evolution_text,设计阶段风险与运行工况耦合后引起状态劣化，检测指标随严重度同步升高。,0.5774,hydraulic
RCA_TEXT_HFB-00131,HFB-00131,rca_text,冷却器出现轻微流量异常，生命周期风险集中在制造阶段，建议优先追溯 HMAN-00927。,0.6316,hydraulic
EVO_TEXT_HFB-00131,HFB-00131,fault_evolution_text,制造阶段风险与运行工况耦合后引起状态劣化，检测指标随严重度同步升高。,0.6316,hydraulic
RCA_TEXT_HFB-00132,HFB-00132,rca_text,蓄能器出现轻微压力异常，生命周期风险集中在检测阶段，建议优先追溯 HINSP-00132。,0.615,hydraulic
EVO_TEXT_HFB-00132,HFB-00132,fault_evolution_text,隐患先导致局部性能退化，随后传感器能量向关联通道集中，最终形成压力异常。,0.615,hydraulic
RCA_TEXT_HFB-00133,HFB-00133,rca_text,作动筒出现轻微振动异常，生命周期风险集中在运维阶段，建议优先追溯 HOPR-00133。,0.5509,hydraulic
EVO_TEXT_HFB-00133,HFB-00133,fault_evolution_text,早期异常较弱，运行载荷放大后出现指标漂移，并逐步演化为轻微故障。,0.5509,hydraulic
RCA_TEXT_HFB-00134,HFB-00134,rca_text,该案例表现为中度振动异常，根因更可能由装配阶段隐患累积触发。,0.6227,hydraulic
EVO_TEXT_HFB-00134,HFB-00134,fault_evolution_text,早期异常较弱，运行载荷放大后出现指标漂移，并逐步演化为中度故障。,0.6227,hydraulic
RCA_TEXT_HFB-00135,HFB-00135,rca_text,该案例表现为轻微流量异常，根因更可能由装配阶段隐患累积触发。,0.5869,hydraulic
EVO_TEXT_HFB-00135,HFB-00135,fault_evolution_text,装配阶段风险与运行工况耦合后引起状态劣化，检测指标随严重度同步升高。,0.5869,hydraulic
RCA_TEXT_HFB-00136,HFB-00136,rca_text,该案例表现为中度流量异常，根因更可能由运维阶段隐患累积触发。,0.6016,hydraulic
EVO_TEXT_HFB-00136,HFB-00136,fault_evolution_text,早期异常较弱，运行载荷放大后出现指标漂移，并逐步演化为中度故障。,0.6016,hydraulic
RCA_TEXT_HFB-00137,HFB-00137,rca_text,该案例表现为中度振动异常，根因更可能由运维阶段隐患累积触发。,0.6109,hydraulic
EVO_TEXT_HFB-00137,HFB-00137,fault_evolution_text,隐患先导致局部性能退化，随后传感器能量向关联通道集中，最终形成振动异常。,0.6109,hydraulic
RCA_TEXT_HFB-00138,HFB-00138,rca_text,结合传感器能量和检测记录，液压油箱的温度异常与材料阶段高风险实体 HMAT-00427 一致。,0.59,hydraulic
EVO_TEXT_HFB-00138,HFB-00138,fault_evolution_text,早期异常较弱，运行载荷放大后出现指标漂移，并逐步演化为中度故障。,0.59,hydraulic
RCA_TEXT_HFB-00139,HFB-00139,rca_text,该案例表现为中度阀芯卡滞，根因更可能由材料阶段隐患累积触发。,0.6491,hydraulic
EVO_TEXT_HFB-00139,HFB-00139,fault_evolution_text,早期异常较弱，运行载荷放大后出现指标漂移，并逐步演化为中度故障。,0.6491,hydraulic
RCA_TEXT_HFB-00140,HFB-00140,rca_text,该案例表现为轻微阀芯卡滞，根因更可能由运维阶段隐患累积触发。,0.5823,hydraulic
EVO_TEXT_HFB-00140,HFB-00140,fault_evolution_text,早期异常较弱，运行载荷放大后出现指标漂移，并逐步演化为轻微故障。,0.5823,hydraulic
RCA_TEXT_HFB-00141,HFB-00141,rca_text,该案例表现为轻微阀芯卡滞，根因更可能由制造阶段隐患累积触发。,0.6033,hydraulic
EVO_TEXT_HFB-00141,HFB-00141,fault_evolution_text,制造阶段风险与运行工况耦合后引起状态劣化，检测指标随严重度同步升高。,0.6033,hydraulic
RCA_TEXT_HFB-00142,HFB-00142,rca_text,该案例表现为轻微振动异常，根因更可能由检测阶段隐患累积触发。,0.6148,hydraulic
EVO_TEXT_HFB-00142,HFB-00142,fault_evolution_text,早期异常较弱，运行载荷放大后出现指标漂移，并逐步演化为轻微故障。,0.6148,hydraulic
RCA_TEXT_HFB-00143,HFB-00143,rca_text,结合传感器能量和检测记录，管路总成的流量异常与运维阶段高风险实体 HOPR-00143 一致。,0.6323,hydraulic
EVO_TEXT_HFB-00143,HFB-00143,fault_evolution_text,运维阶段风险与运行工况耦合后引起状态劣化，检测指标随严重度同步升高。,0.6323,hydraulic
RCA_TEXT_HFB-00144,HFB-00144,rca_text,方向控制阀出现轻微温度异常，生命周期风险集中在运维阶段，建议优先追溯 HOPR-00144。,0.6343,hydraulic
EVO_TEXT_HFB-00144,HFB-00144,fault_evolution_text,早期异常较弱，运行载荷放大后出现指标漂移，并逐步演化为轻微故障。,0.6343,hydraulic
RCA_TEXT_HFB-00145,HFB-00145,rca_text,蓄能器出现轻微阀芯卡滞，生命周期风险集中在制造阶段，建议优先追溯 HMAN-00845。,0.6202,hydraulic
EVO_TEXT_HFB-00145,HFB-00145,fault_evolution_text,制造阶段风险与运行工况耦合后引起状态劣化，检测指标随严重度同步升高。,0.6202,hydraulic
RCA_TEXT_HFB-00146,HFB-00146,rca_text,该案例表现为轻微振动异常，根因更可能由运维阶段隐患累积触发。,0.6041,hydraulic
EVO_TEXT_HFB-00146,HFB-00146,fault_evolution_text,隐患先导致局部性能退化，随后传感器能量向关联通道集中，最终形成振动异常。,0.6041,hydraulic
RCA_TEXT_HFB-00147,HFB-00147,rca_text,该案例表现为中度温度异常，根因更可能由设计阶段隐患累积触发。,0.6097,hydraulic
EVO_TEXT_HFB-00147,HFB-00147,fault_evolution_text,早期异常较弱，运行载荷放大后出现指标漂移，并逐步演化为中度故障。,0.6097,hydraulic
RCA_TEXT_HFB-00148,HFB-00148,rca_text,结合传感器能量和检测记录，卸荷阀的振动异常与材料阶段高风险实体 HMAT-00246 一致。,0.5648,hydraulic
EVO_TEXT_HFB-00148,HFB-00148,fault_evolution_text,材料阶段风险与运行工况耦合后引起状态劣化，检测指标随严重度同步升高。,0.5648,hydraulic
RCA_TEXT_HFB-00149,HFB-00149,rca_text,结合传感器能量和检测记录，节流阀的阀芯卡滞与运维阶段高风险实体 HOPR-00149 一致。,0.5619,hydraulic
EVO_TEXT_HFB-00149,HFB-00149,fault_evolution_text,早期异常较弱，运行载荷放大后出现指标漂移，并逐步演化为轻微故障。,0.5619,hydraulic
RCA_TEXT_HFB-00150,HFB-00150,rca_text,管路总成出现轻微压力异常，生命周期风险集中在运维阶段，建议优先追溯 HOPR-00150。,0.6044,hydraulic
EVO_TEXT_HFB-00150,HFB-00150,fault_evolution_text,隐患先导致局部性能退化，随后传感器能量向关联通道集中，最终形成压力异常。,0.6044,hydraulic
RCA_TEXT_HFB-00151,HFB-00151,rca_text,该案例表现为中度阀芯卡滞，根因更可能由制造阶段隐患累积触发。,0.6414,hydraulic
EVO_TEXT_HFB-00151,HFB-00151,fault_evolution_text,制造阶段风险与运行工况耦合后引起状态劣化，检测指标随严重度同步升高。,0.6414,hydraulic
RCA_TEXT_HFB-00152,HFB-00152,rca_text,该案例表现为中度泄漏异常，根因更可能由运维阶段隐患累积触发。,0.6307,hydraulic
EVO_TEXT_HFB-00152,HFB-00152,fault_evolution_text,隐患先导致局部性能退化，随后传感器能量向关联通道集中，最终形成泄漏异常。,0.6307,hydraulic
RCA_TEXT_HFB-00153,HFB-00153,rca_text,该案例表现为中度振动异常，根因更可能由制造阶段隐患累积触发。,0.6341,hydraulic
EVO_TEXT_HFB-00153,HFB-00153,fault_evolution_text,隐患先导致局部性能退化，随后传感器能量向关联通道集中，最终形成振动异常。,0.6341,hydraulic
RCA_TEXT_HFB-00154,HFB-00154,rca_text,溢流阀出现轻微泄漏异常，生命周期风险集中在材料阶段，建议优先追溯 HMAT-00551。,0.5726,hydraulic
EVO_TEXT_HFB-00154,HFB-00154,fault_evolution_text,隐患先导致局部性能退化，随后传感器能量向关联通道集中，最终形成泄漏异常。,0.5726,hydraulic
RCA_TEXT_HFB-00155,HFB-00155,rca_text,节流阀出现轻微温度异常，生命周期风险集中在制造阶段，建议优先追溯 HMAN-01200。,0.5539,hydraulic
EVO_TEXT_HFB-00155,HFB-00155,fault_evolution_text,早期异常较弱，运行载荷放大后出现指标漂移，并逐步演化为轻微故障。,0.5539,hydraulic
RCA_TEXT_HFB-00156,HFB-00156,rca_text,管路总成出现中度泄漏异常，生命周期风险集中在设计阶段，建议优先追溯 HPIP-00030。,0.6288,hydraulic
EVO_TEXT_HFB-00156,HFB-00156,fault_evolution_text,设计阶段风险与运行工况耦合后引起状态劣化，检测指标随严重度同步升高。,0.6288,hydraulic
RCA_TEXT_HFB-00157,HFB-00157,rca_text,结合传感器能量和检测记录，管路总成的泄漏异常与材料阶段高风险实体 HMAT-00191 一致。,0.5848,hydraulic
EVO_TEXT_HFB-00157,HFB-00157,fault_evolution_text,隐患先导致局部性能退化，随后传感器能量向关联通道集中，最终形成泄漏异常。,0.5848,hydraulic
RCA_TEXT_HFB-00158,HFB-00158,rca_text,该案例表现为轻微温度异常，根因更可能由检测阶段隐患累积触发。,0.6338,hydraulic
EVO_TEXT_HFB-00158,HFB-00158,fault_evolution_text,检测阶段风险与运行工况耦合后引起状态劣化，检测指标随严重度同步升高。,0.6338,hydraulic
RCA_TEXT_HFB-00159,HFB-00159,rca_text,结合传感器能量和检测记录，单向阀的阀芯卡滞与运维阶段高风险实体 HOPR-00159 一致。,0.6011,hydraulic
EVO_TEXT_HFB-00159,HFB-00159,fault_evolution_text,隐患先导致局部性能退化，随后传感器能量向关联通道集中，最终形成阀芯卡滞。,0.6011,hydraulic
RCA_TEXT_HFB-00160,HFB-00160,rca_text,管路总成出现中度流量异常，生命周期风险集中在设计阶段，建议优先追溯 HPIP-00032。,0.6703,hydraulic
EVO_TEXT_HFB-00160,HFB-00160,fault_evolution_text,隐患先导致局部性能退化，随后传感器能量向关联通道集中，最终形成流量异常。,0.6703,hydraulic
RCA_TEXT_HFB-00161,HFB-00161,rca_text,单向阀出现轻微压力异常，生命周期风险集中在材料阶段，建议优先追溯 HMAT-00145。,0.5777,hydraulic
EVO_TEXT_HFB-00161,HFB-00161,fault_evolution_text,隐患先导致局部性能退化，随后传感器能量向关联通道集中，最终形成压力异常。,0.5777,hydraulic
RCA_TEXT_HFB-00162,HFB-00162,rca_text,结合传感器能量和检测记录，过滤器的温度异常与制造阶段高风险实体 HMAN-01052 一致。,0.6026,hydraulic
EVO_TEXT_HFB-00162,HFB-00162,fault_evolution_text,制造阶段风险与运行工况耦合后引起状态劣化，检测指标随严重度同步升高。,0.6026,hydraulic
RCA_TEXT_HFB-00163,HFB-00163,rca_text,结合传感器能量和检测记录，蓄能器的泄漏异常与运维阶段高风险实体 HOPR-00163 一致。,0.5791,hydraulic
EVO_TEXT_HFB-00163,HFB-00163,fault_evolution_text,隐患先导致局部性能退化，随后传感器能量向关联通道集中，最终形成泄漏异常。,0.5791,hydraulic
RCA_TEXT_HFB-00164,HFB-00164,rca_text,该案例表现为轻微流量异常，根因更可能由运维阶段隐患累积触发。,0.5604,hydraulic
EVO_TEXT_HFB-00164,HFB-00164,fault_evolution_text,隐患先导致局部性能退化，随后传感器能量向关联通道集中，最终形成流量异常。,0.5604,hydraulic
RCA_TEXT_HFB-00165,HFB-00165,rca_text,节流阀出现中度阀芯卡滞，生命周期风险集中在制造阶段，建议优先追溯 HMAN-00747。,0.5883,hydraulic
EVO_TEXT_HFB-00165,HFB-00165,fault_evolution_text,早期异常较弱，运行载荷放大后出现指标漂移，并逐步演化为中度故障。,0.5883,hydraulic
RCA_TEXT_HFB-00166,HFB-00166,rca_text,液压泵总成出现轻微温度异常，生命周期风险集中在设计阶段，建议优先追溯 HDES-01118。,0.6208,hydraulic
EVO_TEXT_HFB-00166,HFB-00166,fault_evolution_text,早期异常较弱，运行载荷放大后出现指标漂移，并逐步演化为轻微故障。,0.6208,hydraulic
RCA_TEXT_HFB-00167,HFB-00167,rca_text,该案例表现为轻微温度异常，根因更可能由运维阶段隐患累积触发。,0.6236,hydraulic
EVO_TEXT_HFB-00167,HFB-00167,fault_evolution_text,运维阶段风险与运行工况耦合后引起状态劣化，检测指标随严重度同步升高。,0.6236,hydraulic
RCA_TEXT_HFB-00168,HFB-00168,rca_text,结合传感器能量和检测记录，作动筒的泄漏异常与运维阶段高风险实体 HOPR-00168 一致。,0.6098,hydraulic
EVO_TEXT_HFB-00168,HFB-00168,fault_evolution_text,早期异常较弱，运行载荷放大后出现指标漂移，并逐步演化为轻微故障。,0.6098,hydraulic
RCA_TEXT_HFB-00169,HFB-00169,rca_text,该案例表现为中度温度异常，根因更可能由运维阶段隐患累积触发。,0.6274,hydraulic
EVO_TEXT_HFB-00169,HFB-00169,fault_evolution_text,运维阶段风险与运行工况耦合后引起状态劣化，检测指标随严重度同步升高。,0.6274,hydraulic
RCA_TEXT_HFB-00170,HFB-00170,rca_text,结合传感器能量和检测记录，卸荷阀的泄漏异常与运维阶段高风险实体 HOPR-00170 一致。,0.6601,hydraulic
EVO_TEXT_HFB-00170,HFB-00170,fault_evolution_text,隐患先导致局部性能退化，随后传感器能量向关联通道集中，最终形成泄漏异常。,0.6601,hydraulic
RCA_TEXT_HFB-00171,HFB-00171,rca_text,结合传感器能量和检测记录，管路总成的压力异常与运维阶段高风险实体 HOPR-00171 一致。,0.5292,hydraulic
EVO_TEXT_HFB-00171,HFB-00171,fault_evolution_text,隐患先导致局部性能退化，随后传感器能量向关联通道集中，最终形成压力异常。,0.5292,hydraulic
RCA_TEXT_HFB-00172,HFB-00172,rca_text,该案例表现为中度流量异常，根因更可能由运维阶段隐患累积触发。,0.6493,hydraulic
EVO_TEXT_HFB-00172,HFB-00172,fault_evolution_text,早期异常较弱，运行载荷放大后出现指标漂移，并逐步演化为中度故障。,0.6493,hydraulic
RCA_TEXT_HFB-00173,HFB-00173,rca_text,结合传感器能量和检测记录，作动筒的振动异常与装配阶段高风险实体 HASM-00173 一致。,0.6285,hydraulic
EVO_TEXT_HFB-00173,HFB-00173,fault_evolution_text,装配阶段风险与运行工况耦合后引起状态劣化，检测指标随严重度同步升高。,0.6285,hydraulic
RCA_TEXT_HFB-00174,HFB-00174,rca_text,该案例表现为轻微阀芯卡滞，根因更可能由运维阶段隐患累积触发。,0.5504,hydraulic
EVO_TEXT_HFB-00174,HFB-00174,fault_evolution_text,隐患先导致局部性能退化，随后传感器能量向关联通道集中，最终形成阀芯卡滞。,0.5504,hydraulic
RCA_TEXT_HFB-00175,HFB-00175,rca_text,该案例表现为轻微流量异常，根因更可能由制造阶段隐患累积触发。,0.5705,hydraulic
EVO_TEXT_HFB-00175,HFB-00175,fault_evolution_text,隐患先导致局部性能退化，随后传感器能量向关联通道集中，最终形成流量异常。,0.5705,hydraulic
RCA_TEXT_HFB-00176,HFB-00176,rca_text,结合传感器能量和检测记录，过滤器的振动异常与制造阶段高风险实体 HMAN-01087 一致。,0.5535,hydraulic
EVO_TEXT_HFB-00176,HFB-00176,fault_evolution_text,早期异常较弱，运行载荷放大后出现指标漂移，并逐步演化为轻微故障。,0.5535,hydraulic
RCA_TEXT_HFB-00177,HFB-00177,rca_text,结合传感器能量和检测记录，冷却器的温度异常与制造阶段高风险实体 HMAN-00901 一致。,0.6087,hydraulic
EVO_TEXT_HFB-00177,HFB-00177,fault_evolution_text,早期异常较弱，运行载荷放大后出现指标漂移，并逐步演化为中度故障。,0.6087,hydraulic
RCA_TEXT_HFB-00178,HFB-00178,rca_text,该案例表现为轻微振动异常，根因更可能由检测阶段隐患累积触发。,0.6261,hydraulic
EVO_TEXT_HFB-00178,HFB-00178,fault_evolution_text,隐患先导致局部性能退化，随后传感器能量向关联通道集中，最终形成振动异常。,0.6261,hydraulic
RCA_TEXT_HFB-00179,HFB-00179,rca_text,结合传感器能量和检测记录，卸荷阀的振动异常与运维阶段高风险实体 HOPR-00179 一致。,0.5288,hydraulic
EVO_TEXT_HFB-00179,HFB-00179,fault_evolution_text,早期异常较弱，运行载荷放大后出现指标漂移，并逐步演化为轻微故障。,0.5288,hydraulic
RCA_TEXT_HFB-00180,HFB-00180,rca_text,卸荷阀出现轻微温度异常，生命周期风险集中在制造阶段，建议优先追溯 HMAN-01055。,0.573,hydraulic
EVO_TEXT_HFB-00180,HFB-00180,fault_evolution_text,制造阶段风险与运行工况耦合后引起状态劣化，检测指标随严重度同步升高。,0.573,hydraulic
RCA_TEXT_HFB-00181,HFB-00181,rca_text,该案例表现为轻微振动异常，根因更可能由装配阶段隐患累积触发。,0.5996,hydraulic
EVO_TEXT_HFB-00181,HFB-00181,fault_evolution_text,隐患先导致局部性能退化，随后传感器能量向关联通道集中，最终形成振动异常。,0.5996,hydraulic
RCA_TEXT_HFB-00182,HFB-00182,rca_text,管路总成出现中度振动异常，生命周期风险集中在制造阶段，建议优先追溯 HMAN-00689。,0.6185,hydraulic
EVO_TEXT_HFB-00182,HFB-00182,fault_evolution_text,隐患先导致局部性能退化，随后传感器能量向关联通道集中，最终形成振动异常。,0.6185,hydraulic
RCA_TEXT_HFB-00183,HFB-00183,rca_text,该案例表现为轻微泄漏异常，根因更可能由运维阶段隐患累积触发。,0.5986,hydraulic
EVO_TEXT_HFB-00183,HFB-00183,fault_evolution_text,隐患先导致局部性能退化，随后传感器能量向关联通道集中，最终形成泄漏异常。,0.5986,hydraulic
RCA_TEXT_HFB-00184,HFB-00184,rca_text,该案例表现为轻微压力异常，根因更可能由运维阶段隐患累积触发。,0.5912,hydraulic
EVO_TEXT_HFB-00184,HFB-00184,fault_evolution_text,运维阶段风险与运行工况耦合后引起状态劣化，检测指标随严重度同步升高。,0.5912,hydraulic
RCA_TEXT_HFB-00185,HFB-00185,rca_text,结合传感器能量和检测记录，液压泵总成的泄漏异常与装配阶段高风险实体 HASM-00185 一致。,0.5948,hydraulic
EVO_TEXT_HFB-00185,HFB-00185,fault_evolution_text,装配阶段风险与运行工况耦合后引起状态劣化，检测指标随严重度同步升高。,0.5948,hydraulic
RCA_TEXT_HFB-00186,HFB-00186,rca_text,结合传感器能量和检测记录，方向控制阀的阀芯卡滞与运维阶段高风险实体 HOPR-00186 一致。,0.6353,hydraulic
EVO_TEXT_HFB-00186,HFB-00186,fault_evolution_text,运维阶段风险与运行工况耦合后引起状态劣化，检测指标随严重度同步升高。,0.6353,hydraulic
RCA_TEXT_HFB-00187,HFB-00187,rca_text,该案例表现为中度振动异常，根因更可能由制造阶段隐患累积触发。,0.589,hydraulic
EVO_TEXT_HFB-00187,HFB-00187,fault_evolution_text,制造阶段风险与运行工况耦合后引起状态劣化，检测指标随严重度同步升高。,0.589,hydraulic
RCA_TEXT_HFB-00188,HFB-00188,rca_text,该案例表现为轻微泄漏异常，根因更可能由运维阶段隐患累积触发。,0.5795,hydraulic
EVO_TEXT_HFB-00188,HFB-00188,fault_evolution_text,隐患先导致局部性能退化，随后传感器能量向关联通道集中，最终形成泄漏异常。,0.5795,hydraulic
RCA_TEXT_HFB-00189,HFB-00189,rca_text,结合传感器能量和检测记录，溢流阀的振动异常与材料阶段高风险实体 HMAT-00433 一致。,0.5868,hydraulic
EVO_TEXT_HFB-00189,HFB-00189,fault_evolution_text,隐患先导致局部性能退化，随后传感器能量向关联通道集中，最终形成振动异常。,0.5868,hydraulic
RCA_TEXT_HFB-00190,HFB-00190,rca_text,过滤器出现轻微流量异常，生命周期风险集中在运维阶段，建议优先追溯 HOPR-00190。,0.6507,hydraulic
EVO_TEXT_HFB-00190,HFB-00190,fault_evolution_text,早期异常较弱，运行载荷放大后出现指标漂移，并逐步演化为轻微故障。,0.6507,hydraulic
RCA_TEXT_HFB-00191,HFB-00191,rca_text,结合传感器能量和检测记录，节流阀的流量异常与运维阶段高风险实体 HOPR-00191 一致。,0.6083,hydraulic
EVO_TEXT_HFB-00191,HFB-00191,fault_evolution_text,早期异常较弱，运行载荷放大后出现指标漂移，并逐步演化为中度故障。,0.6083,hydraulic
RCA_TEXT_HFB-00192,HFB-00192,rca_text,该案例表现为轻微温度异常，根因更可能由设计阶段隐患累积触发。,0.5813,hydraulic
EVO_TEXT_HFB-00192,HFB-00192,fault_evolution_text,设计阶段风险与运行工况耦合后引起状态劣化，检测指标随严重度同步升高。,0.5813,hydraulic
RCA_TEXT_HFB-00193,HFB-00193,rca_text,该案例表现为轻微流量异常，根因更可能由运维阶段隐患累积触发。,0.625,hydraulic
EVO_TEXT_HFB-00193,HFB-00193,fault_evolution_text,早期异常较弱，运行载荷放大后出现指标漂移，并逐步演化为轻微故障。,0.625,hydraulic
RCA_TEXT_HFB-00194,HFB-00194,rca_text,结合传感器能量和检测记录，卸荷阀的泄漏异常与运维阶段高风险实体 HOPR-00194 一致。,0.5734,hydraulic
EVO_TEXT_HFB-00194,HFB-00194,fault_evolution_text,运维阶段风险与运行工况耦合后引起状态劣化，检测指标随严重度同步升高。,0.5734,hydraulic
RCA_TEXT_HFB-00195,HFB-00195,rca_text,结合传感器能量和检测记录，管路总成的振动异常与装配阶段高风险实体 HASM-00195 一致。,0.5793,hydraulic
EVO_TEXT_HFB-00195,HFB-00195,fault_evolution_text,装配阶段风险与运行工况耦合后引起状态劣化，检测指标随严重度同步升高。,0.5793,hydraulic
RCA_TEXT_HFB-00196,HFB-00196,rca_text,该案例表现为中度阀芯卡滞，根因更可能由制造阶段隐患累积触发。,0.5507,hydraulic
EVO_TEXT_HFB-00196,HFB-00196,fault_evolution_text,隐患先导致局部性能退化，随后传感器能量向关联通道集中，最终形成阀芯卡滞。,0.5507,hydraulic
RCA_TEXT_HFB-00197,HFB-00197,rca_text,卸荷阀出现中度阀芯卡滞，生命周期风险集中在材料阶段，建议优先追溯 HMAT-00218。,0.5522,hydraulic
EVO_TEXT_HFB-00197,HFB-00197,fault_evolution_text,材料阶段风险与运行工况耦合后引起状态劣化，检测指标随严重度同步升高。,0.5522,hydraulic
RCA_TEXT_HFB-00198,HFB-00198,rca_text,结合传感器能量和检测记录，管路总成的流量异常与装配阶段高风险实体 HASM-00198 一致。,0.6026,hydraulic
EVO_TEXT_HFB-00198,HFB-00198,fault_evolution_text,早期异常较弱，运行载荷放大后出现指标漂移，并逐步演化为中度故障。,0.6026,hydraulic
RCA_TEXT_HFB-00199,HFB-00199,rca_text,过滤器出现轻微温度异常，生命周期风险集中在运维阶段，建议优先追溯 HOPR-00199。,0.6265,hydraulic
EVO_TEXT_HFB-00199,HFB-00199,fault_evolution_text,隐患先导致局部性能退化，随后传感器能量向关联通道集中，最终形成温度异常。,0.6265,hydraulic
RCA_TEXT_HFB-00200,HFB-00200,rca_text,结合传感器能量和检测记录，液压泵总成的振动异常与装配阶段高风险实体 HASM-00200 一致。,0.6105,hydraulic
EVO_TEXT_HFB-00200,HFB-00200,fault_evolution_text,早期异常较弱，运行载荷放大后出现指标漂移，并逐步演化为中度故障。,0.6105,hydraulic
RCA_TEXT_HFB-00201,HFB-00201,rca_text,作动筒出现轻微阀芯卡滞，生命周期风险集中在运维阶段，建议优先追溯 HOPR-00201。,0.6282,hydraulic
EVO_TEXT_HFB-00201,HFB-00201,fault_evolution_text,隐患先导致局部性能退化，随后传感器能量向关联通道集中，最终形成阀芯卡滞。,0.6282,hydraulic
RCA_TEXT_HFB-00202,HFB-00202,rca_text,结合传感器能量和检测记录，液压油箱的温度异常与运维阶段高风险实体 HOPR-00202 一致。,0.5781,hydraulic
EVO_TEXT_HFB-00202,HFB-00202,fault_evolution_text,隐患先导致局部性能退化，随后传感器能量向关联通道集中，最终形成温度异常。,0.5781,hydraulic
RCA_TEXT_HFB-00203,HFB-00203,rca_text,该案例表现为中度温度异常，根因更可能由运维阶段隐患累积触发。,0.6692,hydraulic
EVO_TEXT_HFB-00203,HFB-00203,fault_evolution_text,隐患先导致局部性能退化，随后传感器能量向关联通道集中，最终形成温度异常。,0.6692,hydraulic
RCA_TEXT_HFB-00204,HFB-00204,rca_text,结合传感器能量和检测记录，管路总成的压力异常与制造阶段高风险实体 HMAN-00866 一致。,0.5709,hydraulic
EVO_TEXT_HFB-00204,HFB-00204,fault_evolution_text,早期异常较弱，运行载荷放大后出现指标漂移，并逐步演化为中度故障。,0.5709,hydraulic
RCA_TEXT_HFB-00205,HFB-00205,rca_text,该案例表现为轻微压力异常，根因更可能由装配阶段隐患累积触发。,0.5659,hydraulic
EVO_TEXT_HFB-00205,HFB-00205,fault_evolution_text,隐患先导致局部性能退化，随后传感器能量向关联通道集中，最终形成压力异常。,0.5659,hydraulic
RCA_TEXT_HFB-00206,HFB-00206,rca_text,该案例表现为轻微阀芯卡滞，根因更可能由制造阶段隐患累积触发。,0.5386,hydraulic
EVO_TEXT_HFB-00206,HFB-00206,fault_evolution_text,制造阶段风险与运行工况耦合后引起状态劣化，检测指标随严重度同步升高。,0.5386,hydraulic
RCA_TEXT_HFB-00207,HFB-00207,rca_text,溢流阀出现轻微阀芯卡滞，生命周期风险集中在运维阶段，建议优先追溯 HOPR-00207。,0.6146,hydraulic
EVO_TEXT_HFB-00207,HFB-00207,fault_evolution_text,隐患先导致局部性能退化，随后传感器能量向关联通道集中，最终形成阀芯卡滞。,0.6146,hydraulic
RCA_TEXT_HFB-00208,HFB-00208,rca_text,该案例表现为轻微压力异常，根因更可能由装配阶段隐患累积触发。,0.7003,hydraulic
EVO_TEXT_HFB-00208,HFB-00208,fault_evolution_text,装配阶段风险与运行工况耦合后引起状态劣化，检测指标随严重度同步升高。,0.7003,hydraulic
RCA_TEXT_HFB-00209,HFB-00209,rca_text,方向控制阀出现中度阀芯卡滞，生命周期风险集中在装配阶段，建议优先追溯 HASM-00209。,0.717,hydraulic
EVO_TEXT_HFB-00209,HFB-00209,fault_evolution_text,隐患先导致局部性能退化，随后传感器能量向关联通道集中，最终形成阀芯卡滞。,0.717,hydraulic
RCA_TEXT_HFB-00210,HFB-00210,rca_text,该案例表现为轻微温度异常，根因更可能由装配阶段隐患累积触发。,0.6205,hydraulic
EVO_TEXT_HFB-00210,HFB-00210,fault_evolution_text,早期异常较弱，运行载荷放大后出现指标漂移，并逐步演化为轻微故障。,0.6205,hydraulic
RCA_TEXT_HFB-00211,HFB-00211,rca_text,结合传感器能量和检测记录，节流阀的压力异常与运维阶段高风险实体 HOPR-00211 一致。,0.5302,hydraulic
EVO_TEXT_HFB-00211,HFB-00211,fault_evolution_text,隐患先导致局部性能退化，随后传感器能量向关联通道集中，最终形成压力异常。,0.5302,hydraulic
RCA_TEXT_HFB-00212,HFB-00212,rca_text,作动筒出现轻微泄漏异常，生命周期风险集中在装配阶段，建议优先追溯 HASM-00212。,0.5552,hydraulic
EVO_TEXT_HFB-00212,HFB-00212,fault_evolution_text,隐患先导致局部性能退化，随后传感器能量向关联通道集中，最终形成泄漏异常。,0.5552,hydraulic
RCA_TEXT_HFB-00213,HFB-00213,rca_text,该案例表现为轻微温度异常，根因更可能由运维阶段隐患累积触发。,0.5955,hydraulic
EVO_TEXT_HFB-00213,HFB-00213,fault_evolution_text,隐患先导致局部性能退化，随后传感器能量向关联通道集中，最终形成温度异常。,0.5955,hydraulic
RCA_TEXT_HFB-00214,HFB-00214,rca_text,液压油箱出现轻微温度异常，生命周期风险集中在检测阶段，建议优先追溯 HINSP-00214。,0.602,hydraulic
EVO_TEXT_HFB-00214,HFB-00214,fault_evolution_text,早期异常较弱，运行载荷放大后出现指标漂移，并逐步演化为轻微故障。,0.602,hydraulic
RCA_TEXT_HFB-00215,HFB-00215,rca_text,液压油箱出现轻微压力异常，生命周期风险集中在装配阶段，建议优先追溯 HASM-00215。,0.5683,hydraulic
EVO_TEXT_HFB-00215,HFB-00215,fault_evolution_text,隐患先导致局部性能退化，随后传感器能量向关联通道集中，最终形成压力异常。,0.5683,hydraulic
RCA_TEXT_HFB-00216,HFB-00216,rca_text,结合传感器能量和检测记录，卸荷阀的压力异常与材料阶段高风险实体 HMAT-00549 一致。,0.6139,hydraulic
EVO_TEXT_HFB-00216,HFB-00216,fault_evolution_text,材料阶段风险与运行工况耦合后引起状态劣化，检测指标随严重度同步升高。,0.6139,hydraulic
RCA_TEXT_HFB-00217,HFB-00217,rca_text,管路总成出现中度压力异常，生命周期风险集中在检测阶段，建议优先追溯 HINSP-00217。,0.6466,hydraulic
EVO_TEXT_HFB-00217,HFB-00217,fault_evolution_text,早期异常较弱，运行载荷放大后出现指标漂移，并逐步演化为中度故障。,0.6466,hydraulic
RCA_TEXT_HFB-00218,HFB-00218,rca_text,液压油箱出现中度温度异常，生命周期风险集中在运维阶段，建议优先追溯 HOPR-00218。,0.6076,hydraulic
EVO_TEXT_HFB-00218,HFB-00218,fault_evolution_text,隐患先导致局部性能退化，随后传感器能量向关联通道集中，最终形成温度异常。,0.6076,hydraulic
RCA_TEXT_HFB-00219,HFB-00219,rca_text,该案例表现为中度温度异常，根因更可能由运维阶段隐患累积触发。,0.584,hydraulic
EVO_TEXT_HFB-00219,HFB-00219,fault_evolution_text,隐患先导致局部性能退化，随后传感器能量向关联通道集中，最终形成温度异常。,0.584,hydraulic
RCA_TEXT_HFB-00220,HFB-00220,rca_text,结合传感器能量和检测记录，管路总成的振动异常与设计阶段高风险实体 HPIP-00041 一致。,0.5603,hydraulic
EVO_TEXT_HFB-00220,HFB-00220,fault_evolution_text,隐患先导致局部性能退化，随后传感器能量向关联通道集中，最终形成振动异常。,0.5603,hydraulic
RCA_TEXT_HFB-00221,HFB-00221,rca_text,该案例表现为中度流量异常，根因更可能由设计阶段隐患累积触发。,0.6243,hydraulic
EVO_TEXT_HFB-00221,HFB-00221,fault_evolution_text,设计阶段风险与运行工况耦合后引起状态劣化，检测指标随严重度同步升高。,0.6243,hydraulic
RCA_TEXT_HFB-00222,HFB-00222,rca_text,冷却器出现轻微温度异常，生命周期风险集中在设计阶段，建议优先追溯 HDES-00751。,0.6389,hydraulic
EVO_TEXT_HFB-00222,HFB-00222,fault_evolution_text,设计阶段风险与运行工况耦合后引起状态劣化，检测指标随严重度同步升高。,0.6389,hydraulic
RCA_TEXT_HFB-00223,HFB-00223,rca_text,溢流阀出现轻微振动异常，生命周期风险集中在装配阶段，建议优先追溯 HASM-00223。,0.5496,hydraulic
EVO_TEXT_HFB-00223,HFB-00223,fault_evolution_text,早期异常较弱，运行载荷放大后出现指标漂移，并逐步演化为轻微故障。,0.5496,hydraulic
RCA_TEXT_HFB-00224,HFB-00224,rca_text,该案例表现为轻微流量异常，根因更可能由制造阶段隐患累积触发。,0.5861,hydraulic
EVO_TEXT_HFB-00224,HFB-00224,fault_evolution_text,早期异常较弱，运行载荷放大后出现指标漂移，并逐步演化为轻微故障。,0.5861,hydraulic
RCA_TEXT_HFB-00225,HFB-00225,rca_text,该案例表现为轻微阀芯卡滞，根因更可能由材料阶段隐患累积触发。,0.6447,hydraulic
EVO_TEXT_HFB-00225,HFB-00225,fault_evolution_text,早期异常较弱，运行载荷放大后出现指标漂移，并逐步演化为轻微故障。,0.6447,hydraulic
RCA_TEXT_HFB-00226,HFB-00226,rca_text,溢流阀出现中度泄漏异常，生命周期风险集中在运维阶段，建议优先追溯 HOPR-00226。,0.6593,hydraulic
EVO_TEXT_HFB-00226,HFB-00226,fault_evolution_text,运维阶段风险与运行工况耦合后引起状态劣化，检测指标随严重度同步升高。,0.6593,hydraulic
RCA_TEXT_HFB-00227,HFB-00227,rca_text,冷却器出现轻微泄漏异常，生命周期风险集中在装配阶段，建议优先追溯 HASM-00227。,0.6013,hydraulic
EVO_TEXT_HFB-00227,HFB-00227,fault_evolution_text,隐患先导致局部性能退化，随后传感器能量向关联通道集中，最终形成泄漏异常。,0.6013,hydraulic
RCA_TEXT_HFB-00228,HFB-00228,rca_text,该案例表现为轻微振动异常，根因更可能由运维阶段隐患累积触发。,0.6074,hydraulic
EVO_TEXT_HFB-00228,HFB-00228,fault_evolution_text,隐患先导致局部性能退化，随后传感器能量向关联通道集中，最终形成振动异常。,0.6074,hydraulic
RCA_TEXT_HFB-00229,HFB-00229,rca_text,管路总成出现中度流量异常，生命周期风险集中在运维阶段，建议优先追溯 HOPR-00229。,0.5528,hydraulic
EVO_TEXT_HFB-00229,HFB-00229,fault_evolution_text,隐患先导致局部性能退化，随后传感器能量向关联通道集中，最终形成流量异常。,0.5528,hydraulic
RCA_TEXT_HFB-00230,HFB-00230,rca_text,该案例表现为中度泄漏异常，根因更可能由装配阶段隐患累积触发。,0.6067,hydraulic
EVO_TEXT_HFB-00230,HFB-00230,fault_evolution_text,隐患先导致局部性能退化，随后传感器能量向关联通道集中，最终形成泄漏异常。,0.6067,hydraulic
RCA_TEXT_HFB-00231,HFB-00231,rca_text,管路总成出现中度压力异常，生命周期风险集中在制造阶段，建议优先追溯 HMAN-00998。,0.5482,hydraulic
EVO_TEXT_HFB-00231,HFB-00231,fault_evolution_text,早期异常较弱，运行载荷放大后出现指标漂移，并逐步演化为中度故障。,0.5482,hydraulic
RCA_TEXT_HFB-00232,HFB-00232,rca_text,结合传感器能量和检测记录，管路总成的流量异常与制造阶段高风险实体 HMAN-00863 一致。,0.5396,hydraulic
EVO_TEXT_HFB-00232,HFB-00232,fault_evolution_text,制造阶段风险与运行工况耦合后引起状态劣化，检测指标随严重度同步升高。,0.5396,hydraulic
RCA_TEXT_HFB-00233,HFB-00233,rca_text,结合传感器能量和检测记录，过滤器的温度异常与制造阶段高风险实体 HMAN-00441 一致。,0.6123,hydraulic
EVO_TEXT_HFB-00233,HFB-00233,fault_evolution_text,制造阶段风险与运行工况耦合后引起状态劣化，检测指标随严重度同步升高。,0.6123,hydraulic
RCA_TEXT_HFB-00234,HFB-00234,rca_text,作动筒出现轻微泄漏异常，生命周期风险集中在设计阶段，建议优先追溯 HDES-00819。,0.5523,hydraulic
EVO_TEXT_HFB-00234,HFB-00234,fault_evolution_text,隐患先导致局部性能退化，随后传感器能量向关联通道集中，最终形成泄漏异常。,0.5523,hydraulic
RCA_TEXT_HFB-00235,HFB-00235,rca_text,该案例表现为中度流量异常，根因更可能由材料阶段隐患累积触发。,0.5813,hydraulic
EVO_TEXT_HFB-00235,HFB-00235,fault_evolution_text,隐患先导致局部性能退化，随后传感器能量向关联通道集中，最终形成流量异常。,0.5813,hydraulic
RCA_TEXT_HFB-00236,HFB-00236,rca_text,该案例表现为中度泄漏异常，根因更可能由检测阶段隐患累积触发。,0.5962,hydraulic
EVO_TEXT_HFB-00236,HFB-00236,fault_evolution_text,隐患先导致局部性能退化，随后传感器能量向关联通道集中，最终形成泄漏异常。,0.5962,hydraulic
RCA_TEXT_HFB-00237,HFB-00237,rca_text,结合传感器能量和检测记录，管路总成的压力异常与设计阶段高风险实体 HPIP-00049 一致。,0.6589,hydraulic
EVO_TEXT_HFB-00237,HFB-00237,fault_evolution_text,隐患先导致局部性能退化，随后传感器能量向关联通道集中，最终形成压力异常。,0.6589,hydraulic
RCA_TEXT_HFB-00238,HFB-00238,rca_text,结合传感器能量和检测记录，过滤器的温度异常与装配阶段高风险实体 HASM-00238 一致。,0.5881,hydraulic
EVO_TEXT_HFB-00238,HFB-00238,fault_evolution_text,早期异常较弱，运行载荷放大后出现指标漂移，并逐步演化为轻微故障。,0.5881,hydraulic
RCA_TEXT_HFB-00239,HFB-00239,rca_text,结合传感器能量和检测记录，溢流阀的流量异常与材料阶段高风险实体 HMAT-00305 一致。,0.5858,hydraulic
EVO_TEXT_HFB-00239,HFB-00239,fault_evolution_text,隐患先导致局部性能退化，随后传感器能量向关联通道集中，最终形成流量异常。,0.5858,hydraulic
RCA_TEXT_HFB-00240,HFB-00240,rca_text,节流阀出现轻微阀芯卡滞，生命周期风险集中在制造阶段，建议优先追溯 HMAN-01030。,0.6406,hydraulic
EVO_TEXT_HFB-00240,HFB-00240,fault_evolution_text,隐患先导致局部性能退化，随后传感器能量向关联通道集中，最终形成阀芯卡滞。,0.6406,hydraulic
RCA_TEXT_HFB-00241,HFB-00241,rca_text,卸荷阀出现中度泄漏异常，生命周期风险集中在运维阶段，建议优先追溯 HOPR-00241。,0.6211,hydraulic
EVO_TEXT_HFB-00241,HFB-00241,fault_evolution_text,隐患先导致局部性能退化，随后传感器能量向关联通道集中，最终形成泄漏异常。,0.6211,hydraulic
RCA_TEXT_HFB-00242,HFB-00242,rca_text,该案例表现为轻微泄漏异常，根因更可能由运维阶段隐患累积触发。,0.5417,hydraulic
EVO_TEXT_HFB-00242,HFB-00242,fault_evolution_text,早期异常较弱，运行载荷放大后出现指标漂移，并逐步演化为轻微故障。,0.5417,hydraulic
RCA_TEXT_HFB-00243,HFB-00243,rca_text,结合传感器能量和检测记录，管路总成的泄漏异常与材料阶段高风险实体 HMAT-00081 一致。,0.6686,hydraulic
EVO_TEXT_HFB-00243,HFB-00243,fault_evolution_text,早期异常较弱，运行载荷放大后出现指标漂移，并逐步演化为中度故障。,0.6686,hydraulic
RCA_TEXT_HFB-00244,HFB-00244,rca_text,液压泵总成出现轻微振动异常，生命周期风险集中在运维阶段，建议优先追溯 HOPR-00244。,0.5487,hydraulic
EVO_TEXT_HFB-00244,HFB-00244,fault_evolution_text,运维阶段风险与运行工况耦合后引起状态劣化，检测指标随严重度同步升高。,0.5487,hydraulic
RCA_TEXT_HFB-00245,HFB-00245,rca_text,该案例表现为轻微压力异常，根因更可能由制造阶段隐患累积触发。,0.5882,hydraulic
EVO_TEXT_HFB-00245,HFB-00245,fault_evolution_text,早期异常较弱，运行载荷放大后出现指标漂移，并逐步演化为轻微故障。,0.5882,hydraulic
RCA_TEXT_HFB-00246,HFB-00246,rca_text,结合传感器能量和检测记录，作动筒的振动异常与装配阶段高风险实体 HASM-00246 一致。,0.6101,hydraulic
EVO_TEXT_HFB-00246,HFB-00246,fault_evolution_text,装配阶段风险与运行工况耦合后引起状态劣化，检测指标随严重度同步升高。,0.6101,hydraulic
RCA_TEXT_HFB-00247,HFB-00247,rca_text,节流阀出现轻微阀芯卡滞，生命周期风险集中在运维阶段，建议优先追溯 HOPR-00247。,0.6303,hydraulic
EVO_TEXT_HFB-00247,HFB-00247,fault_evolution_text,隐患先导致局部性能退化，随后传感器能量向关联通道集中，最终形成阀芯卡滞。,0.6303,hydraulic
RCA_TEXT_HFB-00248,HFB-00248,rca_text,单向阀出现轻微振动异常，生命周期风险集中在运维阶段，建议优先追溯 HOPR-00248。,0.5597,hydraulic
EVO_TEXT_HFB-00248,HFB-00248,fault_evolution_text,早期异常较弱，运行载荷放大后出现指标漂移，并逐步演化为轻微故障。,0.5597,hydraulic
RCA_TEXT_HFB-00249,HFB-00249,rca_text,管路总成出现中度压力异常，生命周期风险集中在材料阶段，建议优先追溯 HMAT-00247。,0.6022,hydraulic
EVO_TEXT_HFB-00249,HFB-00249,fault_evolution_text,早期异常较弱，运行载荷放大后出现指标漂移，并逐步演化为中度故障。,0.6022,hydraulic
RCA_TEXT_HFB-00250,HFB-00250,rca_text,该案例表现为中度振动异常，根因更可能由装配阶段隐患累积触发。,0.6005,hydraulic
EVO_TEXT_HFB-00250,HFB-00250,fault_evolution_text,隐患先导致局部性能退化，随后传感器能量向关联通道集中，最终形成振动异常。,0.6005,hydraulic
RCA_TEXT_HFB-00251,HFB-00251,rca_text,结合传感器能量和检测记录，管路总成的压力异常与设计阶段高风险实体 HPIP-00053 一致。,0.5876,hydraulic
EVO_TEXT_HFB-00251,HFB-00251,fault_evolution_text,早期异常较弱，运行载荷放大后出现指标漂移，并逐步演化为中度故障。,0.5876,hydraulic
RCA_TEXT_HFB-00252,HFB-00252,rca_text,管路总成出现中度泄漏异常，生命周期风险集中在设计阶段，建议优先追溯 HPIP-00054。,0.6893,hydraulic
EVO_TEXT_HFB-00252,HFB-00252,fault_evolution_text,早期异常较弱，运行载荷放大后出现指标漂移，并逐步演化为中度故障。,0.6893,hydraulic
RCA_TEXT_HFB-00253,HFB-00253,rca_text,结合传感器能量和检测记录，液压泵总成的温度异常与运维阶段高风险实体 HOPR-00253 一致。,0.6342,hydraulic
EVO_TEXT_HFB-00253,HFB-00253,fault_evolution_text,早期异常较弱，运行载荷放大后出现指标漂移，并逐步演化为中度故障。,0.6342,hydraulic
RCA_TEXT_HFB-00254,HFB-00254,rca_text,管路总成出现中度压力异常，生命周期风险集中在设计阶段，建议优先追溯 HPIP-00055。,0.6803,hydraulic
EVO_TEXT_HFB-00254,HFB-00254,fault_evolution_text,设计阶段风险与运行工况耦合后引起状态劣化，检测指标随严重度同步升高。,0.6803,hydraulic
RCA_TEXT_HFB-00255,HFB-00255,rca_text,结合传感器能量和检测记录，方向控制阀的阀芯卡滞与运维阶段高风险实体 HOPR-00255 一致。,0.6533,hydraulic
EVO_TEXT_HFB-00255,HFB-00255,fault_evolution_text,运维阶段风险与运行工况耦合后引起状态劣化，检测指标随严重度同步升高。,0.6533,hydraulic
RCA_TEXT_HFB-00256,HFB-00256,rca_text,该案例表现为轻微阀芯卡滞，根因更可能由制造阶段隐患累积触发。,0.611,hydraulic
EVO_TEXT_HFB-00256,HFB-00256,fault_evolution_text,隐患先导致局部性能退化，随后传感器能量向关联通道集中，最终形成阀芯卡滞。,0.611,hydraulic
RCA_TEXT_HFB-00257,HFB-00257,rca_text,管路总成出现中度振动异常，生命周期风险集中在设计阶段，建议优先追溯 HPIP-00056。,0.6213,hydraulic
EVO_TEXT_HFB-00257,HFB-00257,fault_evolution_text,设计阶段风险与运行工况耦合后引起状态劣化，检测指标随严重度同步升高。,0.6213,hydraulic
RCA_TEXT_HFB-00258,HFB-00258,rca_text,结合传感器能量和检测记录，节流阀的阀芯卡滞与制造阶段高风险实体 HMAN-00155 一致。,0.5512,hydraulic
EVO_TEXT_HFB-00258,HFB-00258,fault_evolution_text,隐患先导致局部性能退化，随后传感器能量向关联通道集中，最终形成阀芯卡滞。,0.5512,hydraulic
RCA_TEXT_HFB-00259,HFB-00259,rca_text,结合传感器能量和检测记录，方向控制阀的泄漏异常与装配阶段高风险实体 HASM-00259 一致。,0.5649,hydraulic
EVO_TEXT_HFB-00259,HFB-00259,fault_evolution_text,隐患先导致局部性能退化，随后传感器能量向关联通道集中，最终形成泄漏异常。,0.5649,hydraulic
RCA_TEXT_HFB-00260,HFB-00260,rca_text,作动筒出现轻微温度异常，生命周期风险集中在装配阶段，建议优先追溯 HASM-00260。,0.5241,hydraulic
EVO_TEXT_HFB-00260,HFB-00260,fault_evolution_text,装配阶段风险与运行工况耦合后引起状态劣化，检测指标随严重度同步升高。,0.5241,hydraulic
RCA_TEXT_HFB-00261,HFB-00261,rca_text,结合传感器能量和检测记录，溢流阀的阀芯卡滞与装配阶段高风险实体 HASM-00261 一致。,0.6472,hydraulic
EVO_TEXT_HFB-00261,HFB-00261,fault_evolution_text,隐患先导致局部性能退化，随后传感器能量向关联通道集中，最终形成阀芯卡滞。,0.6472,hydraulic
RCA_TEXT_HFB-00262,HFB-00262,rca_text,结合传感器能量和检测记录，液压泵总成的振动异常与运维阶段高风险实体 HOPR-00262 一致。,0.5837,hydraulic
EVO_TEXT_HFB-00262,HFB-00262,fault_evolution_text,早期异常较弱，运行载荷放大后出现指标漂移，并逐步演化为轻微故障。,0.5837,hydraulic
RCA_TEXT_HFB-00263,HFB-00263,rca_text,该案例表现为轻微流量异常，根因更可能由运维阶段隐患累积触发。,0.6025,hydraulic
EVO_TEXT_HFB-00263,HFB-00263,fault_evolution_text,运维阶段风险与运行工况耦合后引起状态劣化，检测指标随严重度同步升高。,0.6025,hydraulic
RCA_TEXT_HFB-00264,HFB-00264,rca_text,结合传感器能量和检测记录，蓄能器的压力异常与设计阶段高风险实体 HDES-00300 一致。,0.6251,hydraulic
EVO_TEXT_HFB-00264,HFB-00264,fault_evolution_text,设计阶段风险与运行工况耦合后引起状态劣化，检测指标随严重度同步升高。,0.6251,hydraulic
RCA_TEXT_HFB-00265,HFB-00265,rca_text,该案例表现为中度振动异常，根因更可能由制造阶段隐患累积触发。,0.6106,hydraulic
EVO_TEXT_HFB-00265,HFB-00265,fault_evolution_text,早期异常较弱，运行载荷放大后出现指标漂移，并逐步演化为中度故障。,0.6106,hydraulic
RCA_TEXT_HFB-00266,HFB-00266,rca_text,结合传感器能量和检测记录，管路总成的压力异常与运维阶段高风险实体 HOPR-00266 一致。,0.6208,hydraulic
EVO_TEXT_HFB-00266,HFB-00266,fault_evolution_text,早期异常较弱，运行载荷放大后出现指标漂移，并逐步演化为中度故障。,0.6208,hydraulic
RCA_TEXT_HFB-00267,HFB-00267,rca_text,该案例表现为中度泄漏异常，根因更可能由装配阶段隐患累积触发。,0.6483,hydraulic
EVO_TEXT_HFB-00267,HFB-00267,fault_evolution_text,装配阶段风险与运行工况耦合后引起状态劣化，检测指标随严重度同步升高。,0.6483,hydraulic
RCA_TEXT_HFB-00268,HFB-00268,rca_text,卸荷阀出现轻微振动异常，生命周期风险集中在检测阶段，建议优先追溯 HINSP-00268。,0.4727,hydraulic
EVO_TEXT_HFB-00268,HFB-00268,fault_evolution_text,早期异常较弱，运行载荷放大后出现指标漂移，并逐步演化为轻微故障。,0.4727,hydraulic
RCA_TEXT_HFB-00269,HFB-00269,rca_text,该案例表现为轻微振动异常，根因更可能由运维阶段隐患累积触发。,0.5858,hydraulic
EVO_TEXT_HFB-00269,HFB-00269,fault_evolution_text,运维阶段风险与运行工况耦合后引起状态劣化，检测指标随严重度同步升高。,0.5858,hydraulic
RCA_TEXT_HFB-00270,HFB-00270,rca_text,结合传感器能量和检测记录，管路总成的压力异常与设计阶段高风险实体 HPIP-00060 一致。,0.6217,hydraulic
EVO_TEXT_HFB-00270,HFB-00270,fault_evolution_text,隐患先导致局部性能退化，随后传感器能量向关联通道集中，最终形成压力异常。,0.6217,hydraulic
RCA_TEXT_HFB-00271,HFB-00271,rca_text,该案例表现为轻微泄漏异常，根因更可能由装配阶段隐患累积触发。,0.5655,hydraulic
EVO_TEXT_HFB-00271,HFB-00271,fault_evolution_text,早期异常较弱，运行载荷放大后出现指标漂移，并逐步演化为轻微故障。,0.5655,hydraulic
RCA_TEXT_HFB-00272,HFB-00272,rca_text,该案例表现为轻微流量异常，根因更可能由设计阶段隐患累积触发。,0.6626,hydraulic
EVO_TEXT_HFB-00272,HFB-00272,fault_evolution_text,早期异常较弱，运行载荷放大后出现指标漂移，并逐步演化为轻微故障。,0.6626,hydraulic
RCA_TEXT_HFB-00273,HFB-00273,rca_text,溢流阀出现轻微振动异常，生命周期风险集中在运维阶段，建议优先追溯 HOPR-00273。,0.5502,hydraulic
EVO_TEXT_HFB-00273,HFB-00273,fault_evolution_text,早期异常较弱，运行载荷放大后出现指标漂移，并逐步演化为轻微故障。,0.5502,hydraulic
RCA_TEXT_HFB-00274,HFB-00274,rca_text,结合传感器能量和检测记录，液压泵总成的泄漏异常与设计阶段高风险实体 HDES-00845 一致。,0.5666,hydraulic
EVO_TEXT_HFB-00274,HFB-00274,fault_evolution_text,隐患先导致局部性能退化，随后传感器能量向关联通道集中，最终形成泄漏异常。,0.5666,hydraulic
RCA_TEXT_HFB-00275,HFB-00275,rca_text,结合传感器能量和检测记录，蓄能器的压力异常与运维阶段高风险实体 HOPR-00275 一致。,0.6451,hydraulic
EVO_TEXT_HFB-00275,HFB-00275,fault_evolution_text,隐患先导致局部性能退化，随后传感器能量向关联通道集中，最终形成压力异常。,0.6451,hydraulic
RCA_TEXT_HFB-00276,HFB-00276,rca_text,结合传感器能量和检测记录，卸荷阀的流量异常与材料阶段高风险实体 HMAT-00074 一致。,0.506,hydraulic
EVO_TEXT_HFB-00276,HFB-00276,fault_evolution_text,早期异常较弱，运行载荷放大后出现指标漂移，并逐步演化为轻微故障。,0.506,hydraulic
RCA_TEXT_HFB-00277,HFB-00277,rca_text,结合传感器能量和检测记录，过滤器的压力异常与制造阶段高风险实体 HMAN-00885 一致。,0.611,hydraulic
EVO_TEXT_HFB-00277,HFB-00277,fault_evolution_text,制造阶段风险与运行工况耦合后引起状态劣化，检测指标随严重度同步升高。,0.611,hydraulic
RCA_TEXT_HFB-00278,HFB-00278,rca_text,冷却器出现轻微振动异常，生命周期风险集中在运维阶段，建议优先追溯 HOPR-00278。,0.5712,hydraulic
EVO_TEXT_HFB-00278,HFB-00278,fault_evolution_text,隐患先导致局部性能退化，随后传感器能量向关联通道集中，最终形成振动异常。,0.5712,hydraulic
RCA_TEXT_HFB-00279,HFB-00279,rca_text,过滤器出现轻微振动异常，生命周期风险集中在装配阶段，建议优先追溯 HASM-00279。,0.6182,hydraulic
EVO_TEXT_HFB-00279,HFB-00279,fault_evolution_text,早期异常较弱，运行载荷放大后出现指标漂移，并逐步演化为轻微故障。,0.6182,hydraulic
RCA_TEXT_HFB-00280,HFB-00280,rca_text,结合传感器能量和检测记录，节流阀的振动异常与运维阶段高风险实体 HOPR-00280 一致。,0.5856,hydraulic
EVO_TEXT_HFB-00280,HFB-00280,fault_evolution_text,早期异常较弱，运行载荷放大后出现指标漂移，并逐步演化为轻微故障。,0.5856,hydraulic
RCA_TEXT_HFB-00281,HFB-00281,rca_text,单向阀出现轻微温度异常，生命周期风险集中在运维阶段，建议优先追溯 HOPR-00281。,0.5435,hydraulic
EVO_TEXT_HFB-00281,HFB-00281,fault_evolution_text,运维阶段风险与运行工况耦合后引起状态劣化，检测指标随严重度同步升高。,0.5435,hydraulic
RCA_TEXT_HFB-00282,HFB-00282,rca_text,该案例表现为轻微阀芯卡滞，根因更可能由材料阶段隐患累积触发。,0.6157,hydraulic
EVO_TEXT_HFB-00282,HFB-00282,fault_evolution_text,隐患先导致局部性能退化，随后传感器能量向关联通道集中，最终形成阀芯卡滞。,0.6157,hydraulic
RCA_TEXT_HFB-00283,HFB-00283,rca_text,结合传感器能量和检测记录，作动筒的温度异常与运维阶段高风险实体 HOPR-00283 一致。,0.5367,hydraulic
EVO_TEXT_HFB-00283,HFB-00283,fault_evolution_text,运维阶段风险与运行工况耦合后引起状态劣化，检测指标随严重度同步升高。,0.5367,hydraulic
RCA_TEXT_HFB-00284,HFB-00284,rca_text,结合传感器能量和检测记录，过滤器的温度异常与装配阶段高风险实体 HASM-00284 一致。,0.5917,hydraulic
EVO_TEXT_HFB-00284,HFB-00284,fault_evolution_text,隐患先导致局部性能退化，随后传感器能量向关联通道集中，最终形成温度异常。,0.5917,hydraulic
RCA_TEXT_HFB-00285,HFB-00285,rca_text,该案例表现为中度振动异常，根因更可能由材料阶段隐患累积触发。,0.663,hydraulic
EVO_TEXT_HFB-00285,HFB-00285,fault_evolution_text,早期异常较弱，运行载荷放大后出现指标漂移，并逐步演化为中度故障。,0.663,hydraulic
RCA_TEXT_HFB-00286,HFB-00286,rca_text,结合传感器能量和检测记录，蓄能器的压力异常与制造阶段高风险实体 HMAN-00394 一致。,0.6528,hydraulic
EVO_TEXT_HFB-00286,HFB-00286,fault_evolution_text,隐患先导致局部性能退化，随后传感器能量向关联通道集中，最终形成压力异常。,0.6528,hydraulic
RCA_TEXT_HFB-00287,HFB-00287,rca_text,结合传感器能量和检测记录，卸荷阀的泄漏异常与设计阶段高风险实体 HDES-00835 一致。,0.6358,hydraulic
EVO_TEXT_HFB-00287,HFB-00287,fault_evolution_text,设计阶段风险与运行工况耦合后引起状态劣化，检测指标随严重度同步升高。,0.6358,hydraulic
RCA_TEXT_HFB-00288,HFB-00288,rca_text,结合传感器能量和检测记录，液压油箱的流量异常与制造阶段高风险实体 HMAN-00397 一致。,0.59,hydraulic
EVO_TEXT_HFB-00288,HFB-00288,fault_evolution_text,早期异常较弱，运行载荷放大后出现指标漂移，并逐步演化为轻微故障。,0.59,hydraulic
RCA_TEXT_HFB-00289,HFB-00289,rca_text,结合传感器能量和检测记录，单向阀的流量异常与设计阶段高风险实体 HDES-00167 一致。,0.5826,hydraulic
EVO_TEXT_HFB-00289,HFB-00289,fault_evolution_text,隐患先导致局部性能退化，随后传感器能量向关联通道集中，最终形成流量异常。,0.5826,hydraulic
RCA_TEXT_HFB-00290,HFB-00290,rca_text,该案例表现为中度流量异常，根因更可能由装配阶段隐患累积触发。,0.6009,hydraulic
EVO_TEXT_HFB-00290,HFB-00290,fault_evolution_text,装配阶段风险与运行工况耦合后引起状态劣化，检测指标随严重度同步升高。,0.6009,hydraulic
RCA_TEXT_HFB-00291,HFB-00291,rca_text,管路总成出现中度压力异常，生命周期风险集中在设计阶段，建议优先追溯 HPIP-00062。,0.6617,hydraulic
EVO_TEXT_HFB-00291,HFB-00291,fault_evolution_text,设计阶段风险与运行工况耦合后引起状态劣化，检测指标随严重度同步升高。,0.6617,hydraulic
RCA_TEXT_HFB-00292,HFB-00292,rca_text,单向阀出现轻微压力异常，生命周期风险集中在制造阶段，建议优先追溯 HMAN-01087。,0.524,hydraulic
EVO_TEXT_HFB-00292,HFB-00292,fault_evolution_text,隐患先导致局部性能退化，随后传感器能量向关联通道集中，最终形成压力异常。,0.524,hydraulic
RCA_TEXT_HFB-00293,HFB-00293,rca_text,该案例表现为轻微泄漏异常，根因更可能由装配阶段隐患累积触发。,0.582,hydraulic
EVO_TEXT_HFB-00293,HFB-00293,fault_evolution_text,装配阶段风险与运行工况耦合后引起状态劣化，检测指标随严重度同步升高。,0.582,hydraulic
RCA_TEXT_HFB-00294,HFB-00294,rca_text,该案例表现为轻微振动异常，根因更可能由装配阶段隐患累积触发。,0.6024,hydraulic
EVO_TEXT_HFB-00294,HFB-00294,fault_evolution_text,装配阶段风险与运行工况耦合后引起状态劣化，检测指标随严重度同步升高。,0.6024,hydraulic
RCA_TEXT_HFB-00295,HFB-00295,rca_text,该案例表现为轻微阀芯卡滞，根因更可能由设计阶段隐患累积触发。,0.6047,hydraulic
EVO_TEXT_HFB-00295,HFB-00295,fault_evolution_text,早期异常较弱，运行载荷放大后出现指标漂移，并逐步演化为轻微故障。,0.6047,hydraulic
RCA_TEXT_HFB-00296,HFB-00296,rca_text,结合传感器能量和检测记录，管路总成的振动异常与运维阶段高风险实体 HOPR-00296 一致。,0.6196,hydraulic
EVO_TEXT_HFB-00296,HFB-00296,fault_evolution_text,早期异常较弱，运行载荷放大后出现指标漂移，并逐步演化为中度故障。,0.6196,hydraulic
RCA_TEXT_HFB-00297,HFB-00297,rca_text,管路总成出现轻微泄漏异常，生命周期风险集中在装配阶段，建议优先追溯 HASM-00297。,0.5903,hydraulic
EVO_TEXT_HFB-00297,HFB-00297,fault_evolution_text,早期异常较弱，运行载荷放大后出现指标漂移，并逐步演化为轻微故障。,0.5903,hydraulic
RCA_TEXT_HFB-00298,HFB-00298,rca_text,结合传感器能量和检测记录，过滤器的阀芯卡滞与设计阶段高风险实体 HDES-00026 一致。,0.579,hydraulic
EVO_TEXT_HFB-00298,HFB-00298,fault_evolution_text,早期异常较弱，运行载荷放大后出现指标漂移，并逐步演化为轻微故障。,0.579,hydraulic
RCA_TEXT_HFB-00299,HFB-00299,rca_text,液压油箱出现轻微泄漏异常，生命周期风险集中在设计阶段，建议优先追溯 HDES-00584。,0.5484,hydraulic
EVO_TEXT_HFB-00299,HFB-00299,fault_evolution_text,隐患先导致局部性能退化，随后传感器能量向关联通道集中，最终形成泄漏异常。,0.5484,hydraulic
RCA_TEXT_HFB-00300,HFB-00300,rca_text,该案例表现为中度振动异常，根因更可能由设计阶段隐患累积触发。,0.6473,hydraulic
EVO_TEXT_HFB-00300,HFB-00300,fault_evolution_text,隐患先导致局部性能退化，随后传感器能量向关联通道集中，最终形成振动异常。,0.6473,hydraulic
RCA_TEXT_HFB-00301,HFB-00301,rca_text,结合传感器能量和检测记录，方向控制阀的流量异常与检测阶段高风险实体 HINSP-00301 一致。,0.6731,hydraulic
EVO_TEXT_HFB-00301,HFB-00301,fault_evolution_text,检测阶段风险与运行工况耦合后引起状态劣化，检测指标随严重度同步升高。,0.6731,hydraulic
RCA_TEXT_HFB-00302,HFB-00302,rca_text,结合传感器能量和检测记录，溢流阀的压力异常与设计阶段高风险实体 HDES-00556 一致。,0.6104,hydraulic
EVO_TEXT_HFB-00302,HFB-00302,fault_evolution_text,设计阶段风险与运行工况耦合后引起状态劣化，检测指标随严重度同步升高。,0.6104,hydraulic
RCA_TEXT_HFB-00303,HFB-00303,rca_text,结合传感器能量和检测记录，溢流阀的阀芯卡滞与材料阶段高风险实体 HMAT-00145 一致。,0.6641,hydraulic
EVO_TEXT_HFB-00303,HFB-00303,fault_evolution_text,材料阶段风险与运行工况耦合后引起状态劣化，检测指标随严重度同步升高。,0.6641,hydraulic
RCA_TEXT_HFB-00304,HFB-00304,rca_text,液压泵总成出现中度压力异常，生命周期风险集中在运维阶段，建议优先追溯 HOPR-00304。,0.605,hydraulic
EVO_TEXT_HFB-00304,HFB-00304,fault_evolution_text,隐患先导致局部性能退化，随后传感器能量向关联通道集中，最终形成压力异常。,0.605,hydraulic
RCA_TEXT_HFB-00305,HFB-00305,rca_text,结合传感器能量和检测记录，液压泵总成的压力异常与运维阶段高风险实体 HOPR-00305 一致。,0.6122,hydraulic
EVO_TEXT_HFB-00305,HFB-00305,fault_evolution_text,运维阶段风险与运行工况耦合后引起状态劣化，检测指标随严重度同步升高。,0.6122,hydraulic
RCA_TEXT_HFB-00306,HFB-00306,rca_text,蓄能器出现轻微振动异常，生命周期风险集中在装配阶段，建议优先追溯 HASM-00306。,0.5844,hydraulic
EVO_TEXT_HFB-00306,HFB-00306,fault_evolution_text,装配阶段风险与运行工况耦合后引起状态劣化，检测指标随严重度同步升高。,0.5844,hydraulic
RCA_TEXT_HFB-00307,HFB-00307,rca_text,该案例表现为轻微温度异常，根因更可能由运维阶段隐患累积触发。,0.5389,hydraulic
EVO_TEXT_HFB-00307,HFB-00307,fault_evolution_text,运维阶段风险与运行工况耦合后引起状态劣化，检测指标随严重度同步升高。,0.5389,hydraulic
RCA_TEXT_HFB-00308,HFB-00308,rca_text,该案例表现为轻微阀芯卡滞，根因更可能由制造阶段隐患累积触发。,0.568,hydraulic
EVO_TEXT_HFB-00308,HFB-00308,fault_evolution_text,制造阶段风险与运行工况耦合后引起状态劣化，检测指标随严重度同步升高。,0.568,hydraulic
RCA_TEXT_HFB-00309,HFB-00309,rca_text,该案例表现为轻微温度异常，根因更可能由运维阶段隐患累积触发。,0.5741,hydraulic
EVO_TEXT_HFB-00309,HFB-00309,fault_evolution_text,隐患先导致局部性能退化，随后传感器能量向关联通道集中，最终形成温度异常。,0.5741,hydraulic
RCA_TEXT_HFB-00310,HFB-00310,rca_text,该案例表现为中度流量异常，根因更可能由设计阶段隐患累积触发。,0.6577,hydraulic
EVO_TEXT_HFB-00310,HFB-00310,fault_evolution_text,早期异常较弱，运行载荷放大后出现指标漂移，并逐步演化为中度故障。,0.6577,hydraulic
RCA_TEXT_HFB-00311,HFB-00311,rca_text,作动筒出现轻微压力异常，生命周期风险集中在制造阶段，建议优先追溯 HMAN-01146。,0.5969,hydraulic
EVO_TEXT_HFB-00311,HFB-00311,fault_evolution_text,早期异常较弱，运行载荷放大后出现指标漂移，并逐步演化为轻微故障。,0.5969,hydraulic
RCA_TEXT_HFB-00312,HFB-00312,rca_text,结合传感器能量和检测记录，节流阀的阀芯卡滞与运维阶段高风险实体 HOPR-00312 一致。,0.661,hydraulic
EVO_TEXT_HFB-00312,HFB-00312,fault_evolution_text,运维阶段风险与运行工况耦合后引起状态劣化，检测指标随严重度同步升高。,0.661,hydraulic
RCA_TEXT_HFB-00313,HFB-00313,rca_text,结合传感器能量和检测记录，冷却器的泄漏异常与材料阶段高风险实体 HMAT-00002 一致。,0.5974,hydraulic
EVO_TEXT_HFB-00313,HFB-00313,fault_evolution_text,隐患先导致局部性能退化，随后传感器能量向关联通道集中，最终形成泄漏异常。,0.5974,hydraulic
RCA_TEXT_HFB-00314,HFB-00314,rca_text,该案例表现为中度泄漏异常，根因更可能由装配阶段隐患累积触发。,0.6791,hydraulic
EVO_TEXT_HFB-00314,HFB-00314,fault_evolution_text,隐患先导致局部性能退化，随后传感器能量向关联通道集中，最终形成泄漏异常。,0.6791,hydraulic
RCA_TEXT_HFB-00315,HFB-00315,rca_text,结合传感器能量和检测记录，管路总成的振动异常与装配阶段高风险实体 HASM-00315 一致。,0.5482,hydraulic
EVO_TEXT_HFB-00315,HFB-00315,fault_evolution_text,隐患先导致局部性能退化，随后传感器能量向关联通道集中，最终形成振动异常。,0.5482,hydraulic
RCA_TEXT_HFB-00316,HFB-00316,rca_text,结合传感器能量和检测记录，冷却器的泄漏异常与材料阶段高风险实体 HMAT-00054 一致。,0.5528,hydraulic
EVO_TEXT_HFB-00316,HFB-00316,fault_evolution_text,隐患先导致局部性能退化，随后传感器能量向关联通道集中，最终形成泄漏异常。,0.5528,hydraulic
RCA_TEXT_HFB-00317,HFB-00317,rca_text,结合传感器能量和检测记录，液压泵总成的阀芯卡滞与运维阶段高风险实体 HOPR-00317 一致。,0.5652,hydraulic
EVO_TEXT_HFB-00317,HFB-00317,fault_evolution_text,运维阶段风险与运行工况耦合后引起状态劣化，检测指标随严重度同步升高。,0.5652,hydraulic
RCA_TEXT_HFB-00318,HFB-00318,rca_text,冷却器出现轻微泄漏异常，生命周期风险集中在装配阶段，建议优先追溯 HASM-00318。,0.5185,hydraulic
EVO_TEXT_HFB-00318,HFB-00318,fault_evolution_text,隐患先导致局部性能退化，随后传感器能量向关联通道集中，最终形成泄漏异常。,0.5185,hydraulic
RCA_TEXT_HFB-00319,HFB-00319,rca_text,结合传感器能量和检测记录，节流阀的流量异常与材料阶段高风险实体 HMAT-00415 一致。,0.5898,hydraulic
EVO_TEXT_HFB-00319,HFB-00319,fault_evolution_text,早期异常较弱，运行载荷放大后出现指标漂移，并逐步演化为中度故障。,0.5898,hydraulic
RCA_TEXT_HFB-00320,HFB-00320,rca_text,冷却器出现轻微流量异常，生命周期风险集中在设计阶段，建议优先追溯 HDES-00014。,0.5676,hydraulic
EVO_TEXT_HFB-00320,HFB-00320,fault_evolution_text,隐患先导致局部性能退化，随后传感器能量向关联通道集中，最终形成流量异常。,0.5676,hydraulic
RCA_TEXT_HFB-00321,HFB-00321,rca_text,该案例表现为中度压力异常，根因更可能由材料阶段隐患累积触发。,0.6939,hydraulic
EVO_TEXT_HFB-00321,HFB-00321,fault_evolution_text,隐患先导致局部性能退化，随后传感器能量向关联通道集中，最终形成压力异常。,0.6939,hydraulic
RCA_TEXT_HFB-00322,HFB-00322,rca_text,方向控制阀出现轻微压力异常，生命周期风险集中在运维阶段，建议优先追溯 HOPR-00322。,0.5583,hydraulic
EVO_TEXT_HFB-00322,HFB-00322,fault_evolution_text,早期异常较弱，运行载荷放大后出现指标漂移，并逐步演化为轻微故障。,0.5583,hydraulic
RCA_TEXT_HFB-00323,HFB-00323,rca_text,结合传感器能量和检测记录，作动筒的振动异常与运维阶段高风险实体 HOPR-00323 一致。,0.5152,hydraulic
EVO_TEXT_HFB-00323,HFB-00323,fault_evolution_text,早期异常较弱，运行载荷放大后出现指标漂移，并逐步演化为轻微故障。,0.5152,hydraulic
RCA_TEXT_HFB-00324,HFB-00324,rca_text,卸荷阀出现轻微流量异常，生命周期风险集中在材料阶段，建议优先追溯 HMAT-00006。,0.5748,hydraulic
EVO_TEXT_HFB-00324,HFB-00324,fault_evolution_text,材料阶段风险与运行工况耦合后引起状态劣化，检测指标随严重度同步升高。,0.5748,hydraulic
RCA_TEXT_HFB-00325,HFB-00325,rca_text,过滤器出现轻微泄漏异常，生命周期风险集中在设计阶段，建议优先追溯 HDES-00695。,0.6331,hydraulic
EVO_TEXT_HFB-00325,HFB-00325,fault_evolution_text,隐患先导致局部性能退化，随后传感器能量向关联通道集中，最终形成泄漏异常。,0.6331,hydraulic
RCA_TEXT_HFB-00326,HFB-00326,rca_text,结合传感器能量和检测记录，管路总成的压力异常与运维阶段高风险实体 HOPR-00326 一致。,0.6002,hydraulic
EVO_TEXT_HFB-00326,HFB-00326,fault_evolution_text,早期异常较弱，运行载荷放大后出现指标漂移，并逐步演化为中度故障。,0.6002,hydraulic
RCA_TEXT_HFB-00327,HFB-00327,rca_text,溢流阀出现轻微流量异常，生命周期风险集中在检测阶段，建议优先追溯 HINSP-00327。,0.5973,hydraulic
EVO_TEXT_HFB-00327,HFB-00327,fault_evolution_text,检测阶段风险与运行工况耦合后引起状态劣化，检测指标随严重度同步升高。,0.5973,hydraulic
RCA_TEXT_HFB-00328,HFB-00328,rca_text,方向控制阀出现轻微温度异常，生命周期风险集中在运维阶段，建议优先追溯 HOPR-00328。,0.5765,hydraulic
EVO_TEXT_HFB-00328,HFB-00328,fault_evolution_text,运维阶段风险与运行工况耦合后引起状态劣化，检测指标随严重度同步升高。,0.5765,hydraulic
RCA_TEXT_HFB-00329,HFB-00329,rca_text,管路总成出现中度振动异常，生命周期风险集中在运维阶段，建议优先追溯 HOPR-00329。,0.6096,hydraulic
EVO_TEXT_HFB-00329,HFB-00329,fault_evolution_text,隐患先导致局部性能退化，随后传感器能量向关联通道集中，最终形成振动异常。,0.6096,hydraulic
RCA_TEXT_HFB-00330,HFB-00330,rca_text,该案例表现为轻微振动异常，根因更可能由材料阶段隐患累积触发。,0.656,hydraulic
EVO_TEXT_HFB-00330,HFB-00330,fault_evolution_text,材料阶段风险与运行工况耦合后引起状态劣化，检测指标随严重度同步升高。,0.656,hydraulic
RCA_TEXT_HFB-00331,HFB-00331,rca_text,结合传感器能量和检测记录，液压泵总成的振动异常与装配阶段高风险实体 HASM-00331 一致。,0.6082,hydraulic
EVO_TEXT_HFB-00331,HFB-00331,fault_evolution_text,隐患先导致局部性能退化，随后传感器能量向关联通道集中，最终形成振动异常。,0.6082,hydraulic
RCA_TEXT_HFB-00332,HFB-00332,rca_text,方向控制阀出现轻微温度异常，生命周期风险集中在设计阶段，建议优先追溯 HDES-00468。,0.5953,hydraulic
EVO_TEXT_HFB-00332,HFB-00332,fault_evolution_text,隐患先导致局部性能退化，随后传感器能量向关联通道集中，最终形成温度异常。,0.5953,hydraulic
RCA_TEXT_HFB-00333,HFB-00333,rca_text,结合传感器能量和检测记录，过滤器的流量异常与制造阶段高风险实体 HMAN-00353 一致。,0.5982,hydraulic
EVO_TEXT_HFB-00333,HFB-00333,fault_evolution_text,早期异常较弱，运行载荷放大后出现指标漂移，并逐步演化为轻微故障。,0.5982,hydraulic
RCA_TEXT_HFB-00334,HFB-00334,rca_text,结合传感器能量和检测记录，冷却器的压力异常与制造阶段高风险实体 HMAN-00215 一致。,0.5706,hydraulic
EVO_TEXT_HFB-00334,HFB-00334,fault_evolution_text,隐患先导致局部性能退化，随后传感器能量向关联通道集中，最终形成压力异常。,0.5706,hydraulic
RCA_TEXT_HFB-00335,HFB-00335,rca_text,该案例表现为轻微温度异常，根因更可能由装配阶段隐患累积触发。,0.572,hydraulic
EVO_TEXT_HFB-00335,HFB-00335,fault_evolution_text,装配阶段风险与运行工况耦合后引起状态劣化，检测指标随严重度同步升高。,0.572,hydraulic
RCA_TEXT_HFB-00336,HFB-00336,rca_text,方向控制阀出现轻微流量异常，生命周期风险集中在装配阶段，建议优先追溯 HASM-00336。,0.5371,hydraulic
EVO_TEXT_HFB-00336,HFB-00336,fault_evolution_text,隐患先导致局部性能退化，随后传感器能量向关联通道集中，最终形成流量异常。,0.5371,hydraulic
RCA_TEXT_HFB-00337,HFB-00337,rca_text,结合传感器能量和检测记录，方向控制阀的流量异常与运维阶段高风险实体 HOPR-00337 一致。,0.6091,hydraulic
EVO_TEXT_HFB-00337,HFB-00337,fault_evolution_text,运维阶段风险与运行工况耦合后引起状态劣化，检测指标随严重度同步升高。,0.6091,hydraulic
RCA_TEXT_HFB-00338,HFB-00338,rca_text,该案例表现为轻微阀芯卡滞，根因更可能由运维阶段隐患累积触发。,0.6708,hydraulic
EVO_TEXT_HFB-00338,HFB-00338,fault_evolution_text,早期异常较弱，运行载荷放大后出现指标漂移，并逐步演化为轻微故障。,0.6708,hydraulic
RCA_TEXT_HFB-00339,HFB-00339,rca_text,该案例表现为轻微振动异常，根因更可能由制造阶段隐患累积触发。,0.5939,hydraulic
EVO_TEXT_HFB-00339,HFB-00339,fault_evolution_text,早期异常较弱，运行载荷放大后出现指标漂移，并逐步演化为轻微故障。,0.5939,hydraulic
RCA_TEXT_HFB-00340,HFB-00340,rca_text,该案例表现为轻微振动异常，根因更可能由装配阶段隐患累积触发。,0.5813,hydraulic
EVO_TEXT_HFB-00340,HFB-00340,fault_evolution_text,装配阶段风险与运行工况耦合后引起状态劣化，检测指标随严重度同步升高。,0.5813,hydraulic
RCA_TEXT_HFB-00341,HFB-00341,rca_text,作动筒出现中度温度异常，生命周期风险集中在运维阶段，建议优先追溯 HOPR-00341。,0.5388,hydraulic
EVO_TEXT_HFB-00341,HFB-00341,fault_evolution_text,隐患先导致局部性能退化，随后传感器能量向关联通道集中，最终形成温度异常。,0.5388,hydraulic
RCA_TEXT_HFB-00342,HFB-00342,rca_text,该案例表现为中度流量异常，根因更可能由运维阶段隐患累积触发。,0.6191,hydraulic
EVO_TEXT_HFB-00342,HFB-00342,fault_evolution_text,隐患先导致局部性能退化，随后传感器能量向关联通道集中，最终形成流量异常。,0.6191,hydraulic
RCA_TEXT_HFB-00343,HFB-00343,rca_text,该案例表现为轻微阀芯卡滞，根因更可能由运维阶段隐患累积触发。,0.6228,hydraulic
EVO_TEXT_HFB-00343,HFB-00343,fault_evolution_text,运维阶段风险与运行工况耦合后引起状态劣化，检测指标随严重度同步升高。,0.6228,hydraulic
RCA_TEXT_HFB-00344,HFB-00344,rca_text,该案例表现为轻微流量异常，根因更可能由装配阶段隐患累积触发。,0.6152,hydraulic
EVO_TEXT_HFB-00344,HFB-00344,fault_evolution_text,早期异常较弱，运行载荷放大后出现指标漂移，并逐步演化为轻微故障。,0.6152,hydraulic
RCA_TEXT_HFB-00345,HFB-00345,rca_text,结合传感器能量和检测记录，蓄能器的压力异常与运维阶段高风险实体 HOPR-00345 一致。,0.6365,hydraulic
EVO_TEXT_HFB-00345,HFB-00345,fault_evolution_text,早期异常较弱，运行载荷放大后出现指标漂移，并逐步演化为轻微故障。,0.6365,hydraulic
RCA_TEXT_HFB-00346,HFB-00346,rca_text,冷却器出现轻微阀芯卡滞，生命周期风险集中在运维阶段，建议优先追溯 HOPR-00346。,0.5577,hydraulic
EVO_TEXT_HFB-00346,HFB-00346,fault_evolution_text,早期异常较弱，运行载荷放大后出现指标漂移，并逐步演化为轻微故障。,0.5577,hydraulic
RCA_TEXT_HFB-00347,HFB-00347,rca_text,该案例表现为轻微振动异常，根因更可能由运维阶段隐患累积触发。,0.5103,hydraulic
EVO_TEXT_HFB-00347,HFB-00347,fault_evolution_text,隐患先导致局部性能退化，随后传感器能量向关联通道集中，最终形成振动异常。,0.5103,hydraulic
RCA_TEXT_HFB-00348,HFB-00348,rca_text,该案例表现为轻微温度异常，根因更可能由检测阶段隐患累积触发。,0.6092,hydraulic
EVO_TEXT_HFB-00348,HFB-00348,fault_evolution_text,隐患先导致局部性能退化，随后传感器能量向关联通道集中，最终形成温度异常。,0.6092,hydraulic
RCA_TEXT_HFB-00349,HFB-00349,rca_text,该案例表现为轻微流量异常，根因更可能由运维阶段隐患累积触发。,0.574,hydraulic
EVO_TEXT_HFB-00349,HFB-00349,fault_evolution_text,早期异常较弱，运行载荷放大后出现指标漂移，并逐步演化为轻微故障。,0.574,hydraulic
RCA_TEXT_HFB-00350,HFB-00350,rca_text,管路总成出现中度振动异常，生命周期风险集中在运维阶段，建议优先追溯 HOPR-00350。,0.6262,hydraulic
EVO_TEXT_HFB-00350,HFB-00350,fault_evolution_text,运维阶段风险与运行工况耦合后引起状态劣化，检测指标随严重度同步升高。,0.6262,hydraulic
RCA_TEXT_HFB-00351,HFB-00351,rca_text,结合传感器能量和检测记录，冷却器的温度异常与运维阶段高风险实体 HOPR-00351 一致。,0.6189,hydraulic
EVO_TEXT_HFB-00351,HFB-00351,fault_evolution_text,运维阶段风险与运行工况耦合后引起状态劣化，检测指标随严重度同步升高。,0.6189,hydraulic
RCA_TEXT_HFB-00352,HFB-00352,rca_text,结合传感器能量和检测记录，节流阀的泄漏异常与材料阶段高风险实体 HMAT-00035 一致。,0.6512,hydraulic
EVO_TEXT_HFB-00352,HFB-00352,fault_evolution_text,早期异常较弱，运行载荷放大后出现指标漂移，并逐步演化为轻微故障。,0.6512,hydraulic
RCA_TEXT_HFB-00353,HFB-00353,rca_text,管路总成出现中度泄漏异常，生命周期风险集中在材料阶段，建议优先追溯 HMAT-00571。,0.6488,hydraulic
EVO_TEXT_HFB-00353,HFB-00353,fault_evolution_text,材料阶段风险与运行工况耦合后引起状态劣化，检测指标随严重度同步升高。,0.6488,hydraulic
RCA_TEXT_HFB-00354,HFB-00354,rca_text,结合传感器能量和检测记录，方向控制阀的泄漏异常与材料阶段高风险实体 HMAT-00292 一致。,0.5497,hydraulic
EVO_TEXT_HFB-00354,HFB-00354,fault_evolution_text,早期异常较弱，运行载荷放大后出现指标漂移，并逐步演化为中度故障。,0.5497,hydraulic
RCA_TEXT_HFB-00355,HFB-00355,rca_text,结合传感器能量和检测记录，节流阀的振动异常与材料阶段高风险实体 HMAT-00481 一致。,0.5333,hydraulic
EVO_TEXT_HFB-00355,HFB-00355,fault_evolution_text,隐患先导致局部性能退化，随后传感器能量向关联通道集中，最终形成振动异常。,0.5333,hydraulic
RCA_TEXT_HFB-00356,HFB-00356,rca_text,该案例表现为中度阀芯卡滞，根因更可能由检测阶段隐患累积触发。,0.6498,hydraulic
EVO_TEXT_HFB-00356,HFB-00356,fault_evolution_text,隐患先导致局部性能退化，随后传感器能量向关联通道集中，最终形成阀芯卡滞。,0.6498,hydraulic
RCA_TEXT_HFB-00357,HFB-00357,rca_text,液压油箱出现轻微振动异常，生命周期风险集中在设计阶段，建议优先追溯 HDES-00511。,0.5695,hydraulic
EVO_TEXT_HFB-00357,HFB-00357,fault_evolution_text,早期异常较弱，运行载荷放大后出现指标漂移，并逐步演化为轻微故障。,0.5695,hydraulic
RCA_TEXT_HFB-00358,HFB-00358,rca_text,该案例表现为轻微阀芯卡滞，根因更可能由运维阶段隐患累积触发。,0.6128,hydraulic
EVO_TEXT_HFB-00358,HFB-00358,fault_evolution_text,运维阶段风险与运行工况耦合后引起状态劣化，检测指标随严重度同步升高。,0.6128,hydraulic
RCA_TEXT_HFB-00359,HFB-00359,rca_text,该案例表现为轻微泄漏异常，根因更可能由运维阶段隐患累积触发。,0.6196,hydraulic
EVO_TEXT_HFB-00359,HFB-00359,fault_evolution_text,早期异常较弱，运行载荷放大后出现指标漂移，并逐步演化为轻微故障。,0.6196,hydraulic
RCA_TEXT_HFB-00360,HFB-00360,rca_text,该案例表现为中度泄漏异常，根因更可能由设计阶段隐患累积触发。,0.6384,hydraulic
EVO_TEXT_HFB-00360,HFB-00360,fault_evolution_text,隐患先导致局部性能退化，随后传感器能量向关联通道集中，最终形成泄漏异常。,0.6384,hydraulic
RCA_TEXT_HFB-00361,HFB-00361,rca_text,蓄能器出现中度压力异常，生命周期风险集中在运维阶段，建议优先追溯 HOPR-00361。,0.6743,hydraulic
EVO_TEXT_HFB-00361,HFB-00361,fault_evolution_text,早期异常较弱，运行载荷放大后出现指标漂移，并逐步演化为中度故障。,0.6743,hydraulic
RCA_TEXT_HFB-00362,HFB-00362,rca_text,液压泵总成出现中度振动异常，生命周期风险集中在运维阶段，建议优先追溯 HOPR-00362。,0.5706,hydraulic
EVO_TEXT_HFB-00362,HFB-00362,fault_evolution_text,运维阶段风险与运行工况耦合后引起状态劣化，检测指标随严重度同步升高。,0.5706,hydraulic
RCA_TEXT_HFB-00363,HFB-00363,rca_text,方向控制阀出现轻微振动异常，生命周期风险集中在装配阶段，建议优先追溯 HASM-00363。,0.6112,hydraulic
EVO_TEXT_HFB-00363,HFB-00363,fault_evolution_text,装配阶段风险与运行工况耦合后引起状态劣化，检测指标随严重度同步升高。,0.6112,hydraulic
RCA_TEXT_HFB-00364,HFB-00364,rca_text,结合传感器能量和检测记录，单向阀的阀芯卡滞与运维阶段高风险实体 HOPR-00364 一致。,0.5657,hydraulic
EVO_TEXT_HFB-00364,HFB-00364,fault_evolution_text,隐患先导致局部性能退化，随后传感器能量向关联通道集中，最终形成阀芯卡滞。,0.5657,hydraulic
RCA_TEXT_HFB-00365,HFB-00365,rca_text,结合传感器能量和检测记录，管路总成的压力异常与材料阶段高风险实体 HMAT-00055 一致。,0.6227,hydraulic
EVO_TEXT_HFB-00365,HFB-00365,fault_evolution_text,隐患先导致局部性能退化，随后传感器能量向关联通道集中，最终形成压力异常。,0.6227,hydraulic
RCA_TEXT_HFB-00366,HFB-00366,rca_text,结合传感器能量和检测记录，蓄能器的压力异常与运维阶段高风险实体 HOPR-00366 一致。,0.6711,hydraulic
EVO_TEXT_HFB-00366,HFB-00366,fault_evolution_text,运维阶段风险与运行工况耦合后引起状态劣化，检测指标随严重度同步升高。,0.6711,hydraulic
RCA_TEXT_HFB-00367,HFB-00367,rca_text,结合传感器能量和检测记录，管路总成的流量异常与运维阶段高风险实体 HOPR-00367 一致。,0.667,hydraulic
EVO_TEXT_HFB-00367,HFB-00367,fault_evolution_text,运维阶段风险与运行工况耦合后引起状态劣化，检测指标随严重度同步升高。,0.667,hydraulic
RCA_TEXT_HFB-00368,HFB-00368,rca_text,该案例表现为轻微压力异常，根因更可能由制造阶段隐患累积触发。,0.609,hydraulic
EVO_TEXT_HFB-00368,HFB-00368,fault_evolution_text,隐患先导致局部性能退化，随后传感器能量向关联通道集中，最终形成压力异常。,0.609,hydraulic
RCA_TEXT_HFB-00369,HFB-00369,rca_text,该案例表现为轻微温度异常，根因更可能由运维阶段隐患累积触发。,0.5684,hydraulic
EVO_TEXT_HFB-00369,HFB-00369,fault_evolution_text,运维阶段风险与运行工况耦合后引起状态劣化，检测指标随严重度同步升高。,0.5684,hydraulic
RCA_TEXT_HFB-00370,HFB-00370,rca_text,该案例表现为轻微流量异常，根因更可能由材料阶段隐患累积触发。,0.5569,hydraulic
EVO_TEXT_HFB-00370,HFB-00370,fault_evolution_text,材料阶段风险与运行工况耦合后引起状态劣化，检测指标随严重度同步升高。,0.5569,hydraulic
RCA_TEXT_HFB-00371,HFB-00371,rca_text,该案例表现为中度泄漏异常，根因更可能由材料阶段隐患累积触发。,0.6453,hydraulic
EVO_TEXT_HFB-00371,HFB-00371,fault_evolution_text,材料阶段风险与运行工况耦合后引起状态劣化，检测指标随严重度同步升高。,0.6453,hydraulic
RCA_TEXT_HFB-00372,HFB-00372,rca_text,作动筒出现轻微振动异常，生命周期风险集中在运维阶段，建议优先追溯 HOPR-00372。,0.5878,hydraulic
EVO_TEXT_HFB-00372,HFB-00372,fault_evolution_text,早期异常较弱，运行载荷放大后出现指标漂移，并逐步演化为轻微故障。,0.5878,hydraulic
RCA_TEXT_HFB-00373,HFB-00373,rca_text,液压泵总成出现轻微泄漏异常，生命周期风险集中在材料阶段，建议优先追溯 HMAT-00191。,0.5725,hydraulic
EVO_TEXT_HFB-00373,HFB-00373,fault_evolution_text,早期异常较弱，运行载荷放大后出现指标漂移，并逐步演化为轻微故障。,0.5725,hydraulic
RCA_TEXT_HFB-00374,HFB-00374,rca_text,溢流阀出现轻微阀芯卡滞，生命周期风险集中在装配阶段，建议优先追溯 HASM-00374。,0.5704,hydraulic
EVO_TEXT_HFB-00374,HFB-00374,fault_evolution_text,早期异常较弱，运行载荷放大后出现指标漂移，并逐步演化为轻微故障。,0.5704,hydraulic
RCA_TEXT_HFB-00375,HFB-00375,rca_text,该案例表现为中度阀芯卡滞，根因更可能由材料阶段隐患累积触发。,0.6757,hydraulic
EVO_TEXT_HFB-00375,HFB-00375,fault_evolution_text,材料阶段风险与运行工况耦合后引起状态劣化，检测指标随严重度同步升高。,0.6757,hydraulic
RCA_TEXT_HFB-00376,HFB-00376,rca_text,冷却器出现轻微压力异常，生命周期风险集中在运维阶段，建议优先追溯 HOPR-00376。,0.5476,hydraulic
EVO_TEXT_HFB-00376,HFB-00376,fault_evolution_text,早期异常较弱，运行载荷放大后出现指标漂移，并逐步演化为轻微故障。,0.5476,hydraulic
RCA_TEXT_HFB-00377,HFB-00377,rca_text,节流阀出现中度阀芯卡滞，生命周期风险集中在运维阶段，建议优先追溯 HOPR-00377。,0.6376,hydraulic
EVO_TEXT_HFB-00377,HFB-00377,fault_evolution_text,隐患先导致局部性能退化，随后传感器能量向关联通道集中，最终形成阀芯卡滞。,0.6376,hydraulic
RCA_TEXT_HFB-00378,HFB-00378,rca_text,结合传感器能量和检测记录，方向控制阀的阀芯卡滞与制造阶段高风险实体 HMAN-00366 一致。,0.6741,hydraulic
EVO_TEXT_HFB-00378,HFB-00378,fault_evolution_text,制造阶段风险与运行工况耦合后引起状态劣化，检测指标随严重度同步升高。,0.6741,hydraulic
RCA_TEXT_HFB-00379,HFB-00379,rca_text,节流阀出现轻微阀芯卡滞，生命周期风险集中在装配阶段，建议优先追溯 HASM-00379。,0.5751,hydraulic
EVO_TEXT_HFB-00379,HFB-00379,fault_evolution_text,装配阶段风险与运行工况耦合后引起状态劣化，检测指标随严重度同步升高。,0.5751,hydraulic
RCA_TEXT_HFB-00380,HFB-00380,rca_text,作动筒出现中度振动异常，生命周期风险集中在检测阶段，建议优先追溯 HINSP-00380。,0.6339,hydraulic
EVO_TEXT_HFB-00380,HFB-00380,fault_evolution_text,隐患先导致局部性能退化，随后传感器能量向关联通道集中，最终形成振动异常。,0.6339,hydraulic
RCA_TEXT_HFB-00381,HFB-00381,rca_text,过滤器出现中度流量异常，生命周期风险集中在运维阶段，建议优先追溯 HOPR-00381。,0.6709,hydraulic
EVO_TEXT_HFB-00381,HFB-00381,fault_evolution_text,运维阶段风险与运行工况耦合后引起状态劣化，检测指标随严重度同步升高。,0.6709,hydraulic
RCA_TEXT_HFB-00382,HFB-00382,rca_text,管路总成出现中度振动异常，生命周期风险集中在运维阶段，建议优先追溯 HOPR-00382。,0.6794,hydraulic
EVO_TEXT_HFB-00382,HFB-00382,fault_evolution_text,运维阶段风险与运行工况耦合后引起状态劣化，检测指标随严重度同步升高。,0.6794,hydraulic
RCA_TEXT_HFB-00383,HFB-00383,rca_text,该案例表现为中度泄漏异常，根因更可能由材料阶段隐患累积触发。,0.6209,hydraulic
EVO_TEXT_HFB-00383,HFB-00383,fault_evolution_text,早期异常较弱，运行载荷放大后出现指标漂移，并逐步演化为中度故障。,0.6209,hydraulic
RCA_TEXT_HFB-00384,HFB-00384,rca_text,结合传感器能量和检测记录，管路总成的振动异常与运维阶段高风险实体 HOPR-00384 一致。,0.6168,hydraulic
EVO_TEXT_HFB-00384,HFB-00384,fault_evolution_text,早期异常较弱，运行载荷放大后出现指标漂移，并逐步演化为中度故障。,0.6168,hydraulic
RCA_TEXT_HFB-00385,HFB-00385,rca_text,结合传感器能量和检测记录，过滤器的流量异常与设计阶段高风险实体 HDES-01039 一致。,0.6533,hydraulic
EVO_TEXT_HFB-00385,HFB-00385,fault_evolution_text,隐患先导致局部性能退化，随后传感器能量向关联通道集中，最终形成流量异常。,0.6533,hydraulic
RCA_TEXT_HFB-00386,HFB-00386,rca_text,节流阀出现中度流量异常，生命周期风险集中在运维阶段，建议优先追溯 HOPR-00386。,0.6059,hydraulic
EVO_TEXT_HFB-00386,HFB-00386,fault_evolution_text,早期异常较弱，运行载荷放大后出现指标漂移，并逐步演化为中度故障。,0.6059,hydraulic
RCA_TEXT_HFB-00387,HFB-00387,rca_text,该案例表现为中度阀芯卡滞，根因更可能由设计阶段隐患累积触发。,0.645,hydraulic
EVO_TEXT_HFB-00387,HFB-00387,fault_evolution_text,设计阶段风险与运行工况耦合后引起状态劣化，检测指标随严重度同步升高。,0.645,hydraulic
RCA_TEXT_HFB-00388,HFB-00388,rca_text,结合传感器能量和检测记录，管路总成的振动异常与装配阶段高风险实体 HASM-00388 一致。,0.6375,hydraulic
EVO_TEXT_HFB-00388,HFB-00388,fault_evolution_text,早期异常较弱，运行载荷放大后出现指标漂移，并逐步演化为中度故障。,0.6375,hydraulic
RCA_TEXT_HFB-00389,HFB-00389,rca_text,该案例表现为轻微压力异常，根因更可能由运维阶段隐患累积触发。,0.6328,hydraulic
EVO_TEXT_HFB-00389,HFB-00389,fault_evolution_text,隐患先导致局部性能退化，随后传感器能量向关联通道集中，最终形成压力异常。,0.6328,hydraulic
RCA_TEXT_HFB-00390,HFB-00390,rca_text,该案例表现为轻微振动异常，根因更可能由装配阶段隐患累积触发。,0.5975,hydraulic
EVO_TEXT_HFB-00390,HFB-00390,fault_evolution_text,早期异常较弱，运行载荷放大后出现指标漂移，并逐步演化为轻微故障。,0.5975,hydraulic
RCA_TEXT_HFB-00391,HFB-00391,rca_text,该案例表现为轻微压力异常，根因更可能由设计阶段隐患累积触发。,0.6455,hydraulic
EVO_TEXT_HFB-00391,HFB-00391,fault_evolution_text,隐患先导致局部性能退化，随后传感器能量向关联通道集中，最终形成压力异常。,0.6455,hydraulic
RCA_TEXT_HFB-00392,HFB-00392,rca_text,过滤器出现轻微温度异常，生命周期风险集中在运维阶段，建议优先追溯 HOPR-00392。,0.6062,hydraulic
EVO_TEXT_HFB-00392,HFB-00392,fault_evolution_text,早期异常较弱，运行载荷放大后出现指标漂移，并逐步演化为轻微故障。,0.6062,hydraulic
RCA_TEXT_HFB-00393,HFB-00393,rca_text,液压泵总成出现中度压力异常，生命周期风险集中在材料阶段，建议优先追溯 HMAT-00269。,0.5942,hydraulic
EVO_TEXT_HFB-00393,HFB-00393,fault_evolution_text,隐患先导致局部性能退化，随后传感器能量向关联通道集中，最终形成压力异常。,0.5942,hydraulic
RCA_TEXT_HFB-00394,HFB-00394,rca_text,结合传感器能量和检测记录，管路总成的流量异常与运维阶段高风险实体 HOPR-00394 一致。,0.6224,hydraulic
EVO_TEXT_HFB-00394,HFB-00394,fault_evolution_text,运维阶段风险与运行工况耦合后引起状态劣化，检测指标随严重度同步升高。,0.6224,hydraulic
RCA_TEXT_HFB-00395,HFB-00395,rca_text,蓄能器出现中度压力异常，生命周期风险集中在装配阶段，建议优先追溯 HASM-00395。,0.5825,hydraulic
EVO_TEXT_HFB-00395,HFB-00395,fault_evolution_text,隐患先导致局部性能退化，随后传感器能量向关联通道集中，最终形成压力异常。,0.5825,hydraulic
RCA_TEXT_HFB-00396,HFB-00396,rca_text,该案例表现为轻微振动异常，根因更可能由制造阶段隐患累积触发。,0.587,hydraulic
EVO_TEXT_HFB-00396,HFB-00396,fault_evolution_text,早期异常较弱，运行载荷放大后出现指标漂移，并逐步演化为轻微故障。,0.587,hydraulic
RCA_TEXT_HFB-00397,HFB-00397,rca_text,结合传感器能量和检测记录，节流阀的阀芯卡滞与制造阶段高风险实体 HMAN-00237 一致。,0.6298,hydraulic
EVO_TEXT_HFB-00397,HFB-00397,fault_evolution_text,隐患先导致局部性能退化，随后传感器能量向关联通道集中，最终形成阀芯卡滞。,0.6298,hydraulic
RCA_TEXT_HFB-00398,HFB-00398,rca_text,溢流阀出现轻微阀芯卡滞，生命周期风险集中在制造阶段，建议优先追溯 HMAN-00919。,0.5857,hydraulic
EVO_TEXT_HFB-00398,HFB-00398,fault_evolution_text,制造阶段风险与运行工况耦合后引起状态劣化，检测指标随严重度同步升高。,0.5857,hydraulic
RCA_TEXT_HFB-00399,HFB-00399,rca_text,该案例表现为轻微流量异常，根因更可能由运维阶段隐患累积触发。,0.5767,hydraulic
EVO_TEXT_HFB-00399,HFB-00399,fault_evolution_text,运维阶段风险与运行工况耦合后引起状态劣化，检测指标随严重度同步升高。,0.5767,hydraulic
RCA_TEXT_HFB-00400,HFB-00400,rca_text,该案例表现为中度泄漏异常，根因更可能由材料阶段隐患累积触发。,0.5988,hydraulic
EVO_TEXT_HFB-00400,HFB-00400,fault_evolution_text,早期异常较弱，运行载荷放大后出现指标漂移，并逐步演化为中度故障。,0.5988,hydraulic
RCA_TEXT_HFB-00401,HFB-00401,rca_text,结合传感器能量和检测记录，蓄能器的振动异常与材料阶段高风险实体 HMAT-00217 一致。,0.6524,hydraulic
EVO_TEXT_HFB-00401,HFB-00401,fault_evolution_text,早期异常较弱，运行载荷放大后出现指标漂移，并逐步演化为轻微故障。,0.6524,hydraulic
RCA_TEXT_HFB-00402,HFB-00402,rca_text,该案例表现为中度阀芯卡滞，根因更可能由运维阶段隐患累积触发。,0.6407,hydraulic
EVO_TEXT_HFB-00402,HFB-00402,fault_evolution_text,早期异常较弱，运行载荷放大后出现指标漂移，并逐步演化为中度故障。,0.6407,hydraulic
RCA_TEXT_HFB-00403,HFB-00403,rca_text,该案例表现为轻微温度异常，根因更可能由检测阶段隐患累积触发。,0.6303,hydraulic
EVO_TEXT_HFB-00403,HFB-00403,fault_evolution_text,隐患先导致局部性能退化，随后传感器能量向关联通道集中，最终形成温度异常。,0.6303,hydraulic
RCA_TEXT_HFB-00404,HFB-00404,rca_text,管路总成出现中度泄漏异常，生命周期风险集中在检测阶段，建议优先追溯 HINSP-00404。,0.6341,hydraulic
EVO_TEXT_HFB-00404,HFB-00404,fault_evolution_text,早期异常较弱，运行载荷放大后出现指标漂移，并逐步演化为中度故障。,0.6341,hydraulic
RCA_TEXT_HFB-00405,HFB-00405,rca_text,该案例表现为中度泄漏异常，根因更可能由制造阶段隐患累积触发。,0.5562,hydraulic
EVO_TEXT_HFB-00405,HFB-00405,fault_evolution_text,隐患先导致局部性能退化，随后传感器能量向关联通道集中，最终形成泄漏异常。,0.5562,hydraulic
RCA_TEXT_HFB-00406,HFB-00406,rca_text,过滤器出现轻微泄漏异常，生命周期风险集中在运维阶段，建议优先追溯 HOPR-00406。,0.5987,hydraulic
EVO_TEXT_HFB-00406,HFB-00406,fault_evolution_text,早期异常较弱，运行载荷放大后出现指标漂移，并逐步演化为轻微故障。,0.5987,hydraulic
RCA_TEXT_HFB-00407,HFB-00407,rca_text,结合传感器能量和检测记录，管路总成的压力异常与装配阶段高风险实体 HASM-00407 一致。,0.5951,hydraulic
EVO_TEXT_HFB-00407,HFB-00407,fault_evolution_text,装配阶段风险与运行工况耦合后引起状态劣化，检测指标随严重度同步升高。,0.5951,hydraulic
RCA_TEXT_HFB-00408,HFB-00408,rca_text,结合传感器能量和检测记录，管路总成的泄漏异常与材料阶段高风险实体 HMAT-00390 一致。,0.5811,hydraulic
EVO_TEXT_HFB-00408,HFB-00408,fault_evolution_text,隐患先导致局部性能退化，随后传感器能量向关联通道集中，最终形成泄漏异常。,0.5811,hydraulic
RCA_TEXT_HFB-00409,HFB-00409,rca_text,结合传感器能量和检测记录，蓄能器的流量异常与制造阶段高风险实体 HMAN-01042 一致。,0.5606,hydraulic
EVO_TEXT_HFB-00409,HFB-00409,fault_evolution_text,制造阶段风险与运行工况耦合后引起状态劣化，检测指标随严重度同步升高。,0.5606,hydraulic
RCA_TEXT_HFB-00410,HFB-00410,rca_text,节流阀出现中度阀芯卡滞，生命周期风险集中在制造阶段，建议优先追溯 HMAN-00107。,0.6086,hydraulic
EVO_TEXT_HFB-00410,HFB-00410,fault_evolution_text,隐患先导致局部性能退化，随后传感器能量向关联通道集中，最终形成阀芯卡滞。,0.6086,hydraulic
RCA_TEXT_HFB-00411,HFB-00411,rca_text,该案例表现为中度阀芯卡滞，根因更可能由材料阶段隐患累积触发。,0.6151,hydraulic
EVO_TEXT_HFB-00411,HFB-00411,fault_evolution_text,早期异常较弱，运行载荷放大后出现指标漂移，并逐步演化为中度故障。,0.6151,hydraulic
RCA_TEXT_HFB-00412,HFB-00412,rca_text,该案例表现为轻微振动异常，根因更可能由装配阶段隐患累积触发。,0.5456,hydraulic
EVO_TEXT_HFB-00412,HFB-00412,fault_evolution_text,隐患先导致局部性能退化，随后传感器能量向关联通道集中，最终形成振动异常。,0.5456,hydraulic
RCA_TEXT_HFB-00413,HFB-00413,rca_text,结合传感器能量和检测记录，管路总成的振动异常与运维阶段高风险实体 HOPR-00413 一致。,0.6183,hydraulic
EVO_TEXT_HFB-00413,HFB-00413,fault_evolution_text,运维阶段风险与运行工况耦合后引起状态劣化，检测指标随严重度同步升高。,0.6183,hydraulic
RCA_TEXT_HFB-00414,HFB-00414,rca_text,结合传感器能量和检测记录，作动筒的振动异常与设计阶段高风险实体 HDES-01091 一致。,0.5745,hydraulic
EVO_TEXT_HFB-00414,HFB-00414,fault_evolution_text,设计阶段风险与运行工况耦合后引起状态劣化，检测指标随严重度同步升高。,0.5745,hydraulic
RCA_TEXT_HFB-00415,HFB-00415,rca_text,方向控制阀出现轻微流量异常，生命周期风险集中在制造阶段，建议优先追溯 HMAN-00424。,0.5423,hydraulic
EVO_TEXT_HFB-00415,HFB-00415,fault_evolution_text,制造阶段风险与运行工况耦合后引起状态劣化，检测指标随严重度同步升高。,0.5423,hydraulic
RCA_TEXT_HFB-00416,HFB-00416,rca_text,冷却器出现轻微振动异常，生命周期风险集中在制造阶段，建议优先追溯 HMAN-01045。,0.5642,hydraulic
EVO_TEXT_HFB-00416,HFB-00416,fault_evolution_text,早期异常较弱，运行载荷放大后出现指标漂移，并逐步演化为轻微故障。,0.5642,hydraulic
RCA_TEXT_HFB-00417,HFB-00417,rca_text,结合传感器能量和检测记录，过滤器的阀芯卡滞与制造阶段高风险实体 HMAN-00318 一致。,0.5585,hydraulic
EVO_TEXT_HFB-00417,HFB-00417,fault_evolution_text,隐患先导致局部性能退化，随后传感器能量向关联通道集中，最终形成阀芯卡滞。,0.5585,hydraulic
RCA_TEXT_HFB-00418,HFB-00418,rca_text,该案例表现为中度泄漏异常，根因更可能由材料阶段隐患累积触发。,0.5798,hydraulic
EVO_TEXT_HFB-00418,HFB-00418,fault_evolution_text,早期异常较弱，运行载荷放大后出现指标漂移，并逐步演化为中度故障。,0.5798,hydraulic
RCA_TEXT_HFB-00419,HFB-00419,rca_text,结合传感器能量和检测记录，溢流阀的泄漏异常与运维阶段高风险实体 HOPR-00419 一致。,0.5898,hydraulic
EVO_TEXT_HFB-00419,HFB-00419,fault_evolution_text,早期异常较弱，运行载荷放大后出现指标漂移，并逐步演化为中度故障。,0.5898,hydraulic
RCA_TEXT_HFB-00420,HFB-00420,rca_text,结合传感器能量和检测记录，管路总成的泄漏异常与材料阶段高风险实体 HMAT-00297 一致。,0.6335,hydraulic
EVO_TEXT_HFB-00420,HFB-00420,fault_evolution_text,材料阶段风险与运行工况耦合后引起状态劣化，检测指标随严重度同步升高。,0.6335,hydraulic
RCA_TEXT_HFB-00421,HFB-00421,rca_text,结合传感器能量和检测记录，过滤器的温度异常与制造阶段高风险实体 HMAN-00935 一致。,0.6361,hydraulic
EVO_TEXT_HFB-00421,HFB-00421,fault_evolution_text,制造阶段风险与运行工况耦合后引起状态劣化，检测指标随严重度同步升高。,0.6361,hydraulic
RCA_TEXT_HFB-00422,HFB-00422,rca_text,结合传感器能量和检测记录，单向阀的阀芯卡滞与制造阶段高风险实体 HMAN-00303 一致。,0.6394,hydraulic
EVO_TEXT_HFB-00422,HFB-00422,fault_evolution_text,制造阶段风险与运行工况耦合后引起状态劣化，检测指标随严重度同步升高。,0.6394,hydraulic
RCA_TEXT_HFB-00423,HFB-00423,rca_text,溢流阀出现轻微泄漏异常，生命周期风险集中在制造阶段，建议优先追溯 HMAN-00797。,0.6047,hydraulic
EVO_TEXT_HFB-00423,HFB-00423,fault_evolution_text,早期异常较弱，运行载荷放大后出现指标漂移，并逐步演化为轻微故障。,0.6047,hydraulic
RCA_TEXT_HFB-00424,HFB-00424,rca_text,该案例表现为中度流量异常，根因更可能由材料阶段隐患累积触发。,0.6222,hydraulic
EVO_TEXT_HFB-00424,HFB-00424,fault_evolution_text,隐患先导致局部性能退化，随后传感器能量向关联通道集中，最终形成流量异常。,0.6222,hydraulic
RCA_TEXT_HFB-00425,HFB-00425,rca_text,该案例表现为轻微流量异常，根因更可能由运维阶段隐患累积触发。,0.5415,hydraulic
EVO_TEXT_HFB-00425,HFB-00425,fault_evolution_text,隐患先导致局部性能退化，随后传感器能量向关联通道集中，最终形成流量异常。,0.5415,hydraulic
RCA_TEXT_HFB-00426,HFB-00426,rca_text,卸荷阀出现轻微泄漏异常，生命周期风险集中在检测阶段，建议优先追溯 HINSP-00426。,0.5039,hydraulic
EVO_TEXT_HFB-00426,HFB-00426,fault_evolution_text,隐患先导致局部性能退化，随后传感器能量向关联通道集中，最终形成泄漏异常。,0.5039,hydraulic
RCA_TEXT_HFB-00427,HFB-00427,rca_text,结合传感器能量和检测记录，单向阀的阀芯卡滞与制造阶段高风险实体 HMAN-00674 一致。,0.6429,hydraulic
EVO_TEXT_HFB-00427,HFB-00427,fault_evolution_text,制造阶段风险与运行工况耦合后引起状态劣化，检测指标随严重度同步升高。,0.6429,hydraulic
RCA_TEXT_HFB-00428,HFB-00428,rca_text,该案例表现为轻微压力异常，根因更可能由运维阶段隐患累积触发。,0.5847,hydraulic
EVO_TEXT_HFB-00428,HFB-00428,fault_evolution_text,运维阶段风险与运行工况耦合后引起状态劣化，检测指标随严重度同步升高。,0.5847,hydraulic
RCA_TEXT_HFB-00429,HFB-00429,rca_text,结合传感器能量和检测记录，过滤器的阀芯卡滞与装配阶段高风险实体 HASM-00429 一致。,0.5928,hydraulic
EVO_TEXT_HFB-00429,HFB-00429,fault_evolution_text,早期异常较弱，运行载荷放大后出现指标漂移，并逐步演化为轻微故障。,0.5928,hydraulic
RCA_TEXT_HFB-00430,HFB-00430,rca_text,该案例表现为轻微流量异常，根因更可能由检测阶段隐患累积触发。,0.5632,hydraulic
EVO_TEXT_HFB-00430,HFB-00430,fault_evolution_text,早期异常较弱，运行载荷放大后出现指标漂移，并逐步演化为轻微故障。,0.5632,hydraulic
RCA_TEXT_HFB-00431,HFB-00431,rca_text,该案例表现为轻微泄漏异常，根因更可能由设计阶段隐患累积触发。,0.6251,hydraulic
EVO_TEXT_HFB-00431,HFB-00431,fault_evolution_text,早期异常较弱，运行载荷放大后出现指标漂移，并逐步演化为轻微故障。,0.6251,hydraulic
RCA_TEXT_HFB-00432,HFB-00432,rca_text,该案例表现为轻微阀芯卡滞，根因更可能由材料阶段隐患累积触发。,0.5763,hydraulic
EVO_TEXT_HFB-00432,HFB-00432,fault_evolution_text,材料阶段风险与运行工况耦合后引起状态劣化，检测指标随严重度同步升高。,0.5763,hydraulic
RCA_TEXT_HFB-00433,HFB-00433,rca_text,结合传感器能量和检测记录，单向阀的振动异常与制造阶段高风险实体 HMAN-00602 一致。,0.6131,hydraulic
EVO_TEXT_HFB-00433,HFB-00433,fault_evolution_text,制造阶段风险与运行工况耦合后引起状态劣化，检测指标随严重度同步升高。,0.6131,hydraulic
RCA_TEXT_HFB-00434,HFB-00434,rca_text,结合传感器能量和检测记录，单向阀的流量异常与运维阶段高风险实体 HOPR-00434 一致。,0.5556,hydraulic
EVO_TEXT_HFB-00434,HFB-00434,fault_evolution_text,早期异常较弱，运行载荷放大后出现指标漂移，并逐步演化为轻微故障。,0.5556,hydraulic
RCA_TEXT_HFB-00435,HFB-00435,rca_text,该案例表现为中度流量异常，根因更可能由材料阶段隐患累积触发。,0.6136,hydraulic
EVO_TEXT_HFB-00435,HFB-00435,fault_evolution_text,材料阶段风险与运行工况耦合后引起状态劣化，检测指标随严重度同步升高。,0.6136,hydraulic
RCA_TEXT_HFB-00436,HFB-00436,rca_text,结合传感器能量和检测记录，溢流阀的阀芯卡滞与运维阶段高风险实体 HOPR-00436 一致。,0.5818,hydraulic
EVO_TEXT_HFB-00436,HFB-00436,fault_evolution_text,运维阶段风险与运行工况耦合后引起状态劣化，检测指标随严重度同步升高。,0.5818,hydraulic
RCA_TEXT_HFB-00437,HFB-00437,rca_text,作动筒出现轻微阀芯卡滞，生命周期风险集中在设计阶段，建议优先追溯 HDES-01091。,0.553,hydraulic
EVO_TEXT_HFB-00437,HFB-00437,fault_evolution_text,隐患先导致局部性能退化，随后传感器能量向关联通道集中，最终形成阀芯卡滞。,0.553,hydraulic
RCA_TEXT_HFB-00438,HFB-00438,rca_text,该案例表现为轻微阀芯卡滞，根因更可能由制造阶段隐患累积触发。,0.6562,hydraulic
EVO_TEXT_HFB-00438,HFB-00438,fault_evolution_text,隐患先导致局部性能退化，随后传感器能量向关联通道集中，最终形成阀芯卡滞。,0.6562,hydraulic
RCA_TEXT_HFB-00439,HFB-00439,rca_text,结合传感器能量和检测记录，溢流阀的振动异常与装配阶段高风险实体 HASM-00439 一致。,0.5624,hydraulic
EVO_TEXT_HFB-00439,HFB-00439,fault_evolution_text,装配阶段风险与运行工况耦合后引起状态劣化，检测指标随严重度同步升高。,0.5624,hydraulic
RCA_TEXT_HFB-00440,HFB-00440,rca_text,结合传感器能量和检测记录，液压泵总成的泄漏异常与材料阶段高风险实体 HMAT-00047 一致。,0.5697,hydraulic
EVO_TEXT_HFB-00440,HFB-00440,fault_evolution_text,早期异常较弱，运行载荷放大后出现指标漂移，并逐步演化为中度故障。,0.5697,hydraulic
RCA_TEXT_HFB-00441,HFB-00441,rca_text,结合传感器能量和检测记录，管路总成的流量异常与装配阶段高风险实体 HASM-00441 一致。,0.6115,hydraulic
EVO_TEXT_HFB-00441,HFB-00441,fault_evolution_text,装配阶段风险与运行工况耦合后引起状态劣化，检测指标随严重度同步升高。,0.6115,hydraulic
RCA_TEXT_HFB-00442,HFB-00442,rca_text,该案例表现为轻微压力异常，根因更可能由制造阶段隐患累积触发。,0.5433,hydraulic
EVO_TEXT_HFB-00442,HFB-00442,fault_evolution_text,隐患先导致局部性能退化，随后传感器能量向关联通道集中，最终形成压力异常。,0.5433,hydraulic
RCA_TEXT_HFB-00443,HFB-00443,rca_text,结合传感器能量和检测记录，作动筒的阀芯卡滞与运维阶段高风险实体 HOPR-00443 一致。,0.5845,hydraulic
EVO_TEXT_HFB-00443,HFB-00443,fault_evolution_text,隐患先导致局部性能退化，随后传感器能量向关联通道集中，最终形成阀芯卡滞。,0.5845,hydraulic
RCA_TEXT_HFB-00444,HFB-00444,rca_text,冷却器出现轻微振动异常，生命周期风险集中在材料阶段，建议优先追溯 HMAT-00324。,0.5594,hydraulic
EVO_TEXT_HFB-00444,HFB-00444,fault_evolution_text,材料阶段风险与运行工况耦合后引起状态劣化，检测指标随严重度同步升高。,0.5594,hydraulic
RCA_TEXT_HFB-00445,HFB-00445,rca_text,该案例表现为轻微阀芯卡滞，根因更可能由运维阶段隐患累积触发。,0.6387,hydraulic
EVO_TEXT_HFB-00445,HFB-00445,fault_evolution_text,运维阶段风险与运行工况耦合后引起状态劣化，检测指标随严重度同步升高。,0.6387,hydraulic
RCA_TEXT_HFB-00446,HFB-00446,rca_text,结合传感器能量和检测记录，液压油箱的温度异常与运维阶段高风险实体 HOPR-00446 一致。,0.619,hydraulic
EVO_TEXT_HFB-00446,HFB-00446,fault_evolution_text,运维阶段风险与运行工况耦合后引起状态劣化，检测指标随严重度同步升高。,0.619,hydraulic
RCA_TEXT_HFB-00447,HFB-00447,rca_text,结合传感器能量和检测记录，液压泵总成的泄漏异常与装配阶段高风险实体 HASM-00447 一致。,0.5765,hydraulic
EVO_TEXT_HFB-00447,HFB-00447,fault_evolution_text,隐患先导致局部性能退化，随后传感器能量向关联通道集中，最终形成泄漏异常。,0.5765,hydraulic
RCA_TEXT_HFB-00448,HFB-00448,rca_text,结合传感器能量和检测记录，蓄能器的振动异常与装配阶段高风险实体 HASM-00448 一致。,0.5953,hydraulic
EVO_TEXT_HFB-00448,HFB-00448,fault_evolution_text,隐患先导致局部性能退化，随后传感器能量向关联通道集中，最终形成振动异常。,0.5953,hydraulic
RCA_TEXT_HFB-00449,HFB-00449,rca_text,管路总成出现轻微振动异常，生命周期风险集中在设计阶段，建议优先追溯 HPIP-00092。,0.6305,hydraulic
EVO_TEXT_HFB-00449,HFB-00449,fault_evolution_text,设计阶段风险与运行工况耦合后引起状态劣化，检测指标随严重度同步升高。,0.6305,hydraulic
RCA_TEXT_HFB-00450,HFB-00450,rca_text,液压泵总成出现轻微压力异常，生命周期风险集中在装配阶段，建议优先追溯 HASM-00450。,0.6073,hydraulic
EVO_TEXT_HFB-00450,HFB-00450,fault_evolution_text,早期异常较弱，运行载荷放大后出现指标漂移，并逐步演化为轻微故障。,0.6073,hydraulic
RCA_TEXT_HFB-00451,HFB-00451,rca_text,结合传感器能量和检测记录，液压油箱的压力异常与制造阶段高风险实体 HMAN-00947 一致。,0.6298,hydraulic
EVO_TEXT_HFB-00451,HFB-00451,fault_evolution_text,隐患先导致局部性能退化，随后传感器能量向关联通道集中，最终形成压力异常。,0.6298,hydraulic
RCA_TEXT_HFB-00452,HFB-00452,rca_text,该案例表现为中度泄漏异常，根因更可能由装配阶段隐患累积触发。,0.6138,hydraulic
EVO_TEXT_HFB-00452,HFB-00452,fault_evolution_text,早期异常较弱，运行载荷放大后出现指标漂移，并逐步演化为中度故障。,0.6138,hydraulic
RCA_TEXT_HFB-00453,HFB-00453,rca_text,结合传感器能量和检测记录，卸荷阀的振动异常与设计阶段高风险实体 HDES-00409 一致。,0.5457,hydraulic
EVO_TEXT_HFB-00453,HFB-00453,fault_evolution_text,隐患先导致局部性能退化，随后传感器能量向关联通道集中，最终形成振动异常。,0.5457,hydraulic
RCA_TEXT_HFB-00454,HFB-00454,rca_text,结合传感器能量和检测记录，节流阀的阀芯卡滞与运维阶段高风险实体 HOPR-00454 一致。,0.6088,hydraulic
EVO_TEXT_HFB-00454,HFB-00454,fault_evolution_text,运维阶段风险与运行工况耦合后引起状态劣化，检测指标随严重度同步升高。,0.6088,hydraulic
RCA_TEXT_HFB-00455,HFB-00455,rca_text,液压油箱出现轻微温度异常，生命周期风险集中在材料阶段，建议优先追溯 HMAT-00141。,0.5405,hydraulic
EVO_TEXT_HFB-00455,HFB-00455,fault_evolution_text,隐患先导致局部性能退化，随后传感器能量向关联通道集中，最终形成温度异常。,0.5405,hydraulic
RCA_TEXT_HFB-00456,HFB-00456,rca_text,结合传感器能量和检测记录，方向控制阀的温度异常与设计阶段高风险实体 HDES-00521 一致。,0.5518,hydraulic
EVO_TEXT_HFB-00456,HFB-00456,fault_evolution_text,隐患先导致局部性能退化，随后传感器能量向关联通道集中，最终形成温度异常。,0.5518,hydraulic
RCA_TEXT_HFB-00457,HFB-00457,rca_text,管路总成出现中度压力异常，生命周期风险集中在设计阶段，建议优先追溯 HPIP-00093。,0.5931,hydraulic
EVO_TEXT_HFB-00457,HFB-00457,fault_evolution_text,早期异常较弱，运行载荷放大后出现指标漂移，并逐步演化为中度故障。,0.5931,hydraulic
RCA_TEXT_HFB-00458,HFB-00458,rca_text,溢流阀出现中度泄漏异常，生命周期风险集中在材料阶段，建议优先追溯 HMAT-00532。,0.64,hydraulic
EVO_TEXT_HFB-00458,HFB-00458,fault_evolution_text,早期异常较弱，运行载荷放大后出现指标漂移，并逐步演化为中度故障。,0.64,hydraulic
RCA_TEXT_HFB-00459,HFB-00459,rca_text,结合传感器能量和检测记录，蓄能器的流量异常与运维阶段高风险实体 HOPR-00459 一致。,0.6057,hydraulic
EVO_TEXT_HFB-00459,HFB-00459,fault_evolution_text,早期异常较弱，运行载荷放大后出现指标漂移，并逐步演化为轻微故障。,0.6057,hydraulic
RCA_TEXT_HFB-00460,HFB-00460,rca_text,液压泵总成出现轻微振动异常，生命周期风险集中在装配阶段，建议优先追溯 HASM-00460。,0.6399,hydraulic
EVO_TEXT_HFB-00460,HFB-00460,fault_evolution_text,隐患先导致局部性能退化，随后传感器能量向关联通道集中，最终形成振动异常。,0.6399,hydraulic
RCA_TEXT_HFB-00461,HFB-00461,rca_text,作动筒出现轻微流量异常，生命周期风险集中在装配阶段，建议优先追溯 HASM-00461。,0.5832,hydraulic
EVO_TEXT_HFB-00461,HFB-00461,fault_evolution_text,装配阶段风险与运行工况耦合后引起状态劣化，检测指标随严重度同步升高。,0.5832,hydraulic
RCA_TEXT_HFB-00462,HFB-00462,rca_text,结合传感器能量和检测记录，冷却器的泄漏异常与设计阶段高风险实体 HDES-00706 一致。,0.5602,hydraulic
EVO_TEXT_HFB-00462,HFB-00462,fault_evolution_text,设计阶段风险与运行工况耦合后引起状态劣化，检测指标随严重度同步升高。,0.5602,hydraulic
RCA_TEXT_HFB-00463,HFB-00463,rca_text,该案例表现为轻微振动异常，根因更可能由设计阶段隐患累积触发。,0.6121,hydraulic
EVO_TEXT_HFB-00463,HFB-00463,fault_evolution_text,隐患先导致局部性能退化，随后传感器能量向关联通道集中，最终形成振动异常。,0.6121,hydraulic
RCA_TEXT_HFB-00464,HFB-00464,rca_text,结合传感器能量和检测记录，溢流阀的泄漏异常与装配阶段高风险实体 HASM-00464 一致。,0.5994,hydraulic
EVO_TEXT_HFB-00464,HFB-00464,fault_evolution_text,早期异常较弱，运行载荷放大后出现指标漂移，并逐步演化为轻微故障。,0.5994,hydraulic
RCA_TEXT_HFB-00465,HFB-00465,rca_text,作动筒出现轻微温度异常，生命周期风险集中在材料阶段，建议优先追溯 HMAT-00525。,0.5602,hydraulic
EVO_TEXT_HFB-00465,HFB-00465,fault_evolution_text,材料阶段风险与运行工况耦合后引起状态劣化，检测指标随严重度同步升高。,0.5602,hydraulic
RCA_TEXT_HFB-00466,HFB-00466,rca_text,结合传感器能量和检测记录，过滤器的泄漏异常与设计阶段高风险实体 HDES-00808 一致。,0.5686,hydraulic
EVO_TEXT_HFB-00466,HFB-00466,fault_evolution_text,隐患先导致局部性能退化，随后传感器能量向关联通道集中，最终形成泄漏异常。,0.5686,hydraulic
RCA_TEXT_HFB-00467,HFB-00467,rca_text,卸荷阀出现轻微阀芯卡滞，生命周期风险集中在设计阶段，建议优先追溯 HDES-00728。,0.6191,hydraulic
EVO_TEXT_HFB-00467,HFB-00467,fault_evolution_text,隐患先导致局部性能退化，随后传感器能量向关联通道集中，最终形成阀芯卡滞。,0.6191,hydraulic
RCA_TEXT_HFB-00468,HFB-00468,rca_text,该案例表现为中度振动异常，根因更可能由运维阶段隐患累积触发。,0.617,hydraulic
EVO_TEXT_HFB-00468,HFB-00468,fault_evolution_text,运维阶段风险与运行工况耦合后引起状态劣化，检测指标随严重度同步升高。,0.617,hydraulic
RCA_TEXT_HFB-00469,HFB-00469,rca_text,过滤器出现轻微泄漏异常，生命周期风险集中在材料阶段，建议优先追溯 HMAT-00532。,0.5727,hydraulic
EVO_TEXT_HFB-00469,HFB-00469,fault_evolution_text,材料阶段风险与运行工况耦合后引起状态劣化，检测指标随严重度同步升高。,0.5727,hydraulic
RCA_TEXT_HFB-00470,HFB-00470,rca_text,结合传感器能量和检测记录，单向阀的阀芯卡滞与制造阶段高风险实体 HMAN-00455 一致。,0.6792,hydraulic
EVO_TEXT_HFB-00470,HFB-00470,fault_evolution_text,隐患先导致局部性能退化，随后传感器能量向关联通道集中，最终形成阀芯卡滞。,0.6792,hydraulic
RCA_TEXT_HFB-00471,HFB-00471,rca_text,结合传感器能量和检测记录，卸荷阀的流量异常与运维阶段高风险实体 HOPR-00471 一致。,0.5638,hydraulic
EVO_TEXT_HFB-00471,HFB-00471,fault_evolution_text,隐患先导致局部性能退化，随后传感器能量向关联通道集中，最终形成流量异常。,0.5638,hydraulic
RCA_TEXT_HFB-00472,HFB-00472,rca_text,结合传感器能量和检测记录，卸荷阀的温度异常与运维阶段高风险实体 HOPR-00472 一致。,0.5812,hydraulic
EVO_TEXT_HFB-00472,HFB-00472,fault_evolution_text,早期异常较弱，运行载荷放大后出现指标漂移，并逐步演化为轻微故障。,0.5812,hydraulic
RCA_TEXT_HFB-00473,HFB-00473,rca_text,管路总成出现轻微流量异常，生命周期风险集中在检测阶段，建议优先追溯 HINSP-00473。,0.6145,hydraulic
EVO_TEXT_HFB-00473,HFB-00473,fault_evolution_text,早期异常较弱，运行载荷放大后出现指标漂移，并逐步演化为轻微故障。,0.6145,hydraulic
RCA_TEXT_HFB-00474,HFB-00474,rca_text,结合传感器能量和检测记录，蓄能器的振动异常与运维阶段高风险实体 HOPR-00474 一致。,0.5731,hydraulic
EVO_TEXT_HFB-00474,HFB-00474,fault_evolution_text,隐患先导致局部性能退化，随后传感器能量向关联通道集中，最终形成振动异常。,0.5731,hydraulic
RCA_TEXT_HFB-00475,HFB-00475,rca_text,该案例表现为轻微阀芯卡滞，根因更可能由运维阶段隐患累积触发。,0.6173,hydraulic
EVO_TEXT_HFB-00475,HFB-00475,fault_evolution_text,运维阶段风险与运行工况耦合后引起状态劣化，检测指标随严重度同步升高。,0.6173,hydraulic
RCA_TEXT_HFB-00476,HFB-00476,rca_text,该案例表现为中度压力异常，根因更可能由装配阶段隐患累积触发。,0.6224,hydraulic
EVO_TEXT_HFB-00476,HFB-00476,fault_evolution_text,早期异常较弱，运行载荷放大后出现指标漂移，并逐步演化为中度故障。,0.6224,hydraulic
RCA_TEXT_HFB-00477,HFB-00477,rca_text,结合传感器能量和检测记录，方向控制阀的流量异常与设计阶段高风险实体 HDES-01173 一致。,0.5818,hydraulic
EVO_TEXT_HFB-00477,HFB-00477,fault_evolution_text,早期异常较弱，运行载荷放大后出现指标漂移，并逐步演化为轻微故障。,0.5818,hydraulic
RCA_TEXT_HFB-00478,HFB-00478,rca_text,溢流阀出现轻微阀芯卡滞，生命周期风险集中在运维阶段，建议优先追溯 HOPR-00478。,0.6572,hydraulic
EVO_TEXT_HFB-00478,HFB-00478,fault_evolution_text,早期异常较弱，运行载荷放大后出现指标漂移，并逐步演化为轻微故障。,0.6572,hydraulic
RCA_TEXT_HFB-00479,HFB-00479,rca_text,结合传感器能量和检测记录，方向控制阀的振动异常与运维阶段高风险实体 HOPR-00479 一致。,0.5931,hydraulic
EVO_TEXT_HFB-00479,HFB-00479,fault_evolution_text,运维阶段风险与运行工况耦合后引起状态劣化，检测指标随严重度同步升高。,0.5931,hydraulic
RCA_TEXT_HFB-00480,HFB-00480,rca_text,该案例表现为轻微阀芯卡滞，根因更可能由材料阶段隐患累积触发。,0.668,hydraulic
EVO_TEXT_HFB-00480,HFB-00480,fault_evolution_text,早期异常较弱，运行载荷放大后出现指标漂移，并逐步演化为轻微故障。,0.668,hydraulic
RCA_TEXT_HFB-00481,HFB-00481,rca_text,方向控制阀出现轻微振动异常，生命周期风险集中在运维阶段，建议优先追溯 HOPR-00481。,0.5923,hydraulic
EVO_TEXT_HFB-00481,HFB-00481,fault_evolution_text,运维阶段风险与运行工况耦合后引起状态劣化，检测指标随严重度同步升高。,0.5923,hydraulic
RCA_TEXT_HFB-00482,HFB-00482,rca_text,结合传感器能量和检测记录，溢流阀的泄漏异常与材料阶段高风险实体 HMAT-00515 一致。,0.6122,hydraulic
EVO_TEXT_HFB-00482,HFB-00482,fault_evolution_text,材料阶段风险与运行工况耦合后引起状态劣化，检测指标随严重度同步升高。,0.6122,hydraulic
RCA_TEXT_HFB-00483,HFB-00483,rca_text,作动筒出现中度振动异常，生命周期风险集中在运维阶段，建议优先追溯 HOPR-00483。,0.5941,hydraulic
EVO_TEXT_HFB-00483,HFB-00483,fault_evolution_text,早期异常较弱，运行载荷放大后出现指标漂移，并逐步演化为中度故障。,0.5941,hydraulic
RCA_TEXT_HFB-00484,HFB-00484,rca_text,蓄能器出现轻微流量异常，生命周期风险集中在设计阶段，建议优先追溯 HDES-00764。,0.5839,hydraulic
EVO_TEXT_HFB-00484,HFB-00484,fault_evolution_text,设计阶段风险与运行工况耦合后引起状态劣化，检测指标随严重度同步升高。,0.5839,hydraulic
RCA_TEXT_HFB-00485,HFB-00485,rca_text,结合传感器能量和检测记录，过滤器的温度异常与运维阶段高风险实体 HOPR-00485 一致。,0.5469,hydraulic
EVO_TEXT_HFB-00485,HFB-00485,fault_evolution_text,运维阶段风险与运行工况耦合后引起状态劣化，检测指标随严重度同步升高。,0.5469,hydraulic
RCA_TEXT_HFB-00486,HFB-00486,rca_text,结合传感器能量和检测记录，方向控制阀的阀芯卡滞与制造阶段高风险实体 HMAN-01181 一致。,0.6621,hydraulic
EVO_TEXT_HFB-00486,HFB-00486,fault_evolution_text,隐患先导致局部性能退化，随后传感器能量向关联通道集中，最终形成阀芯卡滞。,0.6621,hydraulic
RCA_TEXT_HFB-00487,HFB-00487,rca_text,结合传感器能量和检测记录，单向阀的压力异常与运维阶段高风险实体 HOPR-00487 一致。,0.5838,hydraulic
EVO_TEXT_HFB-00487,HFB-00487,fault_evolution_text,早期异常较弱，运行载荷放大后出现指标漂移，并逐步演化为轻微故障。,0.5838,hydraulic
RCA_TEXT_HFB-00488,HFB-00488,rca_text,该案例表现为中度压力异常，根因更可能由制造阶段隐患累积触发。,0.659,hydraulic
EVO_TEXT_HFB-00488,HFB-00488,fault_evolution_text,隐患先导致局部性能退化，随后传感器能量向关联通道集中，最终形成压力异常。,0.659,hydraulic
RCA_TEXT_HFB-00489,HFB-00489,rca_text,该案例表现为轻微泄漏异常，根因更可能由运维阶段隐患累积触发。,0.6104,hydraulic
EVO_TEXT_HFB-00489,HFB-00489,fault_evolution_text,隐患先导致局部性能退化，随后传感器能量向关联通道集中，最终形成泄漏异常。,0.6104,hydraulic
RCA_TEXT_HFB-00490,HFB-00490,rca_text,该案例表现为中度压力异常，根因更可能由运维阶段隐患累积触发。,0.6436,hydraulic
EVO_TEXT_HFB-00490,HFB-00490,fault_evolution_text,隐患先导致局部性能退化，随后传感器能量向关联通道集中，最终形成压力异常。,0.6436,hydraulic
RCA_TEXT_HFB-00491,HFB-00491,rca_text,结合传感器能量和检测记录，方向控制阀的压力异常与制造阶段高风险实体 HMAN-00164 一致。,0.5592,hydraulic
EVO_TEXT_HFB-00491,HFB-00491,fault_evolution_text,早期异常较弱，运行载荷放大后出现指标漂移，并逐步演化为轻微故障。,0.5592,hydraulic
RCA_TEXT_HFB-00492,HFB-00492,rca_text,结合传感器能量和检测记录，过滤器的温度异常与制造阶段高风险实体 HMAN-00302 一致。,0.5999,hydraulic
EVO_TEXT_HFB-00492,HFB-00492,fault_evolution_text,早期异常较弱，运行载荷放大后出现指标漂移，并逐步演化为轻微故障。,0.5999,hydraulic
RCA_TEXT_HFB-00493,HFB-00493,rca_text,管路总成出现中度泄漏异常，生命周期风险集中在装配阶段，建议优先追溯 HASM-00493。,0.7004,hydraulic
EVO_TEXT_HFB-00493,HFB-00493,fault_evolution_text,早期异常较弱，运行载荷放大后出现指标漂移，并逐步演化为中度故障。,0.7004,hydraulic
RCA_TEXT_HFB-00494,HFB-00494,rca_text,卸荷阀出现轻微振动异常，生命周期风险集中在检测阶段，建议优先追溯 HINSP-00494。,0.5279,hydraulic
EVO_TEXT_HFB-00494,HFB-00494,fault_evolution_text,隐患先导致局部性能退化，随后传感器能量向关联通道集中，最终形成振动异常。,0.5279,hydraulic
RCA_TEXT_HFB-00495,HFB-00495,rca_text,液压泵总成出现轻微振动异常，生命周期风险集中在运维阶段，建议优先追溯 HOPR-00495。,0.5414,hydraulic
EVO_TEXT_HFB-00495,HFB-00495,fault_evolution_text,隐患先导致局部性能退化，随后传感器能量向关联通道集中，最终形成振动异常。,0.5414,hydraulic
RCA_TEXT_HFB-00496,HFB-00496,rca_text,过滤器出现轻微泄漏异常，生命周期风险集中在装配阶段，建议优先追溯 HASM-00496。,0.628,hydraulic
EVO_TEXT_HFB-00496,HFB-00496,fault_evolution_text,装配阶段风险与运行工况耦合后引起状态劣化，检测指标随严重度同步升高。,0.628,hydraulic
RCA_TEXT_HFB-00497,HFB-00497,rca_text,管路总成出现中度压力异常，生命周期风险集中在设计阶段，建议优先追溯 HPIP-00099。,0.6562,hydraulic
EVO_TEXT_HFB-00497,HFB-00497,fault_evolution_text,隐患先导致局部性能退化，随后传感器能量向关联通道集中，最终形成压力异常。,0.6562,hydraulic
RCA_TEXT_HFB-00498,HFB-00498,rca_text,该案例表现为轻微流量异常，根因更可能由制造阶段隐患累积触发。,0.5806,hydraulic
EVO_TEXT_HFB-00498,HFB-00498,fault_evolution_text,早期异常较弱，运行载荷放大后出现指标漂移，并逐步演化为轻微故障。,0.5806,hydraulic
RCA_TEXT_HFB-00499,HFB-00499,rca_text,结合传感器能量和检测记录，方向控制阀的振动异常与运维阶段高风险实体 HOPR-00499 一致。,0.5548,hydraulic
EVO_TEXT_HFB-00499,HFB-00499,fault_evolution_text,运维阶段风险与运行工况耦合后引起状态劣化，检测指标随严重度同步升高。,0.5548,hydraulic
RCA_TEXT_HFB-00500,HFB-00500,rca_text,节流阀出现轻微流量异常，生命周期风险集中在运维阶段，建议优先追溯 HOPR-00500。,0.5872,hydraulic
EVO_TEXT_HFB-00500,HFB-00500,fault_evolution_text,运维阶段风险与运行工况耦合后引起状态劣化，检测指标随严重度同步升高。,0.5872,hydraulic
RCA_TEXT_HFB-00501,HFB-00501,rca_text,结合传感器能量和检测记录，卸荷阀的温度异常与运维阶段高风险实体 HOPR-00501 一致。,0.5484,hydraulic
EVO_TEXT_HFB-00501,HFB-00501,fault_evolution_text,早期异常较弱，运行载荷放大后出现指标漂移，并逐步演化为轻微故障。,0.5484,hydraulic
RCA_TEXT_HFB-00502,HFB-00502,rca_text,作动筒出现中度泄漏异常，生命周期风险集中在制造阶段，建议优先追溯 HMAN-00445。,0.5806,hydraulic
EVO_TEXT_HFB-00502,HFB-00502,fault_evolution_text,隐患先导致局部性能退化，随后传感器能量向关联通道集中，最终形成泄漏异常。,0.5806,hydraulic
RCA_TEXT_HFB-00503,HFB-00503,rca_text,该案例表现为轻微泄漏异常，根因更可能由装配阶段隐患累积触发。,0.5687,hydraulic
EVO_TEXT_HFB-00503,HFB-00503,fault_evolution_text,隐患先导致局部性能退化，随后传感器能量向关联通道集中，最终形成泄漏异常。,0.5687,hydraulic
RCA_TEXT_HFB-00504,HFB-00504,rca_text,节流阀出现轻微温度异常，生命周期风险集中在运维阶段，建议优先追溯 HOPR-00504。,0.6001,hydraulic
EVO_TEXT_HFB-00504,HFB-00504,fault_evolution_text,隐患先导致局部性能退化，随后传感器能量向关联通道集中，最终形成温度异常。,0.6001,hydraulic
RCA_TEXT_HFB-00505,HFB-00505,rca_text,管路总成出现中度振动异常，生命周期风险集中在制造阶段，建议优先追溯 HMAN-00629。,0.6335,hydraulic
EVO_TEXT_HFB-00505,HFB-00505,fault_evolution_text,早期异常较弱，运行载荷放大后出现指标漂移，并逐步演化为中度故障。,0.6335,hydraulic
RCA_TEXT_HFB-00506,HFB-00506,rca_text,溢流阀出现轻微压力异常，生命周期风险集中在制造阶段，建议优先追溯 HMAN-00749。,0.562,hydraulic
EVO_TEXT_HFB-00506,HFB-00506,fault_evolution_text,制造阶段风险与运行工况耦合后引起状态劣化，检测指标随严重度同步升高。,0.562,hydraulic
RCA_TEXT_HFB-00507,HFB-00507,rca_text,结合传感器能量和检测记录，蓄能器的压力异常与运维阶段高风险实体 HOPR-00507 一致。,0.6165,hydraulic
EVO_TEXT_HFB-00507,HFB-00507,fault_evolution_text,隐患先导致局部性能退化，随后传感器能量向关联通道集中，最终形成压力异常。,0.6165,hydraulic
RCA_TEXT_HFB-00508,HFB-00508,rca_text,管路总成出现中度振动异常，生命周期风险集中在运维阶段，建议优先追溯 HOPR-00508。,0.6276,hydraulic
EVO_TEXT_HFB-00508,HFB-00508,fault_evolution_text,早期异常较弱，运行载荷放大后出现指标漂移，并逐步演化为中度故障。,0.6276,hydraulic
RCA_TEXT_HFB-00509,HFB-00509,rca_text,管路总成出现中度压力异常，生命周期风险集中在运维阶段，建议优先追溯 HOPR-00509。,0.6544,hydraulic
EVO_TEXT_HFB-00509,HFB-00509,fault_evolution_text,运维阶段风险与运行工况耦合后引起状态劣化，检测指标随严重度同步升高。,0.6544,hydraulic
RCA_TEXT_HFB-00510,HFB-00510,rca_text,节流阀出现轻微压力异常，生命周期风险集中在运维阶段，建议优先追溯 HOPR-00510。,0.6063,hydraulic
EVO_TEXT_HFB-00510,HFB-00510,fault_evolution_text,运维阶段风险与运行工况耦合后引起状态劣化，检测指标随严重度同步升高。,0.6063,hydraulic
RCA_TEXT_HFB-00511,HFB-00511,rca_text,结合传感器能量和检测记录，液压油箱的泄漏异常与运维阶段高风险实体 HOPR-00511 一致。,0.5813,hydraulic
EVO_TEXT_HFB-00511,HFB-00511,fault_evolution_text,运维阶段风险与运行工况耦合后引起状态劣化，检测指标随严重度同步升高。,0.5813,hydraulic
RCA_TEXT_HFB-00512,HFB-00512,rca_text,该案例表现为中度振动异常，根因更可能由运维阶段隐患累积触发。,0.6128,hydraulic
EVO_TEXT_HFB-00512,HFB-00512,fault_evolution_text,早期异常较弱，运行载荷放大后出现指标漂移，并逐步演化为中度故障。,0.6128,hydraulic
RCA_TEXT_HFB-00513,HFB-00513,rca_text,结合传感器能量和检测记录，卸荷阀的压力异常与材料阶段高风险实体 HMAT-00495 一致。,0.6323,hydraulic
EVO_TEXT_HFB-00513,HFB-00513,fault_evolution_text,材料阶段风险与运行工况耦合后引起状态劣化，检测指标随严重度同步升高。,0.6323,hydraulic
RCA_TEXT_HFB-00514,HFB-00514,rca_text,管路总成出现中度压力异常，生命周期风险集中在制造阶段，建议优先追溯 HMAN-00924。,0.6017,hydraulic
EVO_TEXT_HFB-00514,HFB-00514,fault_evolution_text,早期异常较弱，运行载荷放大后出现指标漂移，并逐步演化为中度故障。,0.6017,hydraulic
RCA_TEXT_HFB-00515,HFB-00515,rca_text,单向阀出现轻微振动异常，生命周期风险集中在运维阶段，建议优先追溯 HOPR-00515。,0.6394,hydraulic
EVO_TEXT_HFB-00515,HFB-00515,fault_evolution_text,隐患先导致局部性能退化，随后传感器能量向关联通道集中，最终形成振动异常。,0.6394,hydraulic
RCA_TEXT_HFB-00516,HFB-00516,rca_text,结合传感器能量和检测记录，溢流阀的泄漏异常与运维阶段高风险实体 HOPR-00516 一致。,0.628,hydraulic
EVO_TEXT_HFB-00516,HFB-00516,fault_evolution_text,早期异常较弱，运行载荷放大后出现指标漂移，并逐步演化为轻微故障。,0.628,hydraulic
RCA_TEXT_HFB-00517,HFB-00517,rca_text,结合传感器能量和检测记录，卸荷阀的压力异常与运维阶段高风险实体 HOPR-00517 一致。,0.5821,hydraulic
EVO_TEXT_HFB-00517,HFB-00517,fault_evolution_text,运维阶段风险与运行工况耦合后引起状态劣化，检测指标随严重度同步升高。,0.5821,hydraulic
RCA_TEXT_HFB-00518,HFB-00518,rca_text,结合传感器能量和检测记录，冷却器的泄漏异常与装配阶段高风险实体 HASM-00518 一致。,0.6223,hydraulic
EVO_TEXT_HFB-00518,HFB-00518,fault_evolution_text,早期异常较弱，运行载荷放大后出现指标漂移，并逐步演化为轻微故障。,0.6223,hydraulic
RCA_TEXT_HFB-00519,HFB-00519,rca_text,节流阀出现轻微泄漏异常，生命周期风险集中在材料阶段，建议优先追溯 HMAT-00007。,0.6198,hydraulic
EVO_TEXT_HFB-00519,HFB-00519,fault_evolution_text,材料阶段风险与运行工况耦合后引起状态劣化，检测指标随严重度同步升高。,0.6198,hydraulic
RCA_TEXT_HFB-00520,HFB-00520,rca_text,结合传感器能量和检测记录，作动筒的振动异常与制造阶段高风险实体 HMAN-01057 一致。,0.6228,hydraulic
EVO_TEXT_HFB-00520,HFB-00520,fault_evolution_text,制造阶段风险与运行工况耦合后引起状态劣化，检测指标随严重度同步升高。,0.6228,hydraulic
RCA_TEXT_HFB-00521,HFB-00521,rca_text,冷却器出现轻微温度异常，生命周期风险集中在运维阶段，建议优先追溯 HOPR-00521。,0.6225,hydraulic
EVO_TEXT_HFB-00521,HFB-00521,fault_evolution_text,隐患先导致局部性能退化，随后传感器能量向关联通道集中，最终形成温度异常。,0.6225,hydraulic
RCA_TEXT_HFB-00522,HFB-00522,rca_text,该案例表现为中度压力异常，根因更可能由材料阶段隐患累积触发。,0.6273,hydraulic
EVO_TEXT_HFB-00522,HFB-00522,fault_evolution_text,早期异常较弱，运行载荷放大后出现指标漂移，并逐步演化为中度故障。,0.6273,hydraulic
RCA_TEXT_HFB-00523,HFB-00523,rca_text,结合传感器能量和检测记录，作动筒的泄漏异常与设计阶段高风险实体 HDES-00211 一致。,0.6196,hydraulic
EVO_TEXT_HFB-00523,HFB-00523,fault_evolution_text,早期异常较弱，运行载荷放大后出现指标漂移，并逐步演化为轻微故障。,0.6196,hydraulic
RCA_TEXT_HFB-00524,HFB-00524,rca_text,液压泵总成出现中度压力异常，生命周期风险集中在设计阶段，建议优先追溯 HDES-00140。,0.6477,hydraulic
EVO_TEXT_HFB-00524,HFB-00524,fault_evolution_text,设计阶段风险与运行工况耦合后引起状态劣化，检测指标随严重度同步升高。,0.6477,hydraulic
RCA_TEXT_HFB-00525,HFB-00525,rca_text,单向阀出现轻微振动异常，生命周期风险集中在装配阶段，建议优先追溯 HASM-00525。,0.6616,hydraulic
EVO_TEXT_HFB-00525,HFB-00525,fault_evolution_text,装配阶段风险与运行工况耦合后引起状态劣化，检测指标随严重度同步升高。,0.6616,hydraulic
RCA_TEXT_HFB-00526,HFB-00526,rca_text,该案例表现为轻微阀芯卡滞，根因更可能由装配阶段隐患累积触发。,0.5565,hydraulic
EVO_TEXT_HFB-00526,HFB-00526,fault_evolution_text,早期异常较弱，运行载荷放大后出现指标漂移，并逐步演化为轻微故障。,0.5565,hydraulic
RCA_TEXT_HFB-00527,HFB-00527,rca_text,冷却器出现轻微阀芯卡滞，生命周期风险集中在运维阶段，建议优先追溯 HOPR-00527。,0.611,hydraulic
EVO_TEXT_HFB-00527,HFB-00527,fault_evolution_text,隐患先导致局部性能退化，随后传感器能量向关联通道集中，最终形成阀芯卡滞。,0.611,hydraulic
RCA_TEXT_HFB-00528,HFB-00528,rca_text,液压油箱出现轻微流量异常，生命周期风险集中在运维阶段，建议优先追溯 HOPR-00528。,0.5852,hydraulic
EVO_TEXT_HFB-00528,HFB-00528,fault_evolution_text,早期异常较弱，运行载荷放大后出现指标漂移，并逐步演化为轻微故障。,0.5852,hydraulic
RCA_TEXT_HFB-00529,HFB-00529,rca_text,结合传感器能量和检测记录，蓄能器的压力异常与设计阶段高风险实体 HDES-00232 一致。,0.6105,hydraulic
EVO_TEXT_HFB-00529,HFB-00529,fault_evolution_text,隐患先导致局部性能退化，随后传感器能量向关联通道集中，最终形成压力异常。,0.6105,hydraulic
RCA_TEXT_HFB-00530,HFB-00530,rca_text,结合传感器能量和检测记录，液压泵总成的温度异常与材料阶段高风险实体 HMAT-00269 一致。,0.6051,hydraulic
EVO_TEXT_HFB-00530,HFB-00530,fault_evolution_text,材料阶段风险与运行工况耦合后引起状态劣化，检测指标随严重度同步升高。,0.6051,hydraulic
RCA_TEXT_HFB-00531,HFB-00531,rca_text,该案例表现为轻微阀芯卡滞，根因更可能由装配阶段隐患累积触发。,0.619,hydraulic
EVO_TEXT_HFB-00531,HFB-00531,fault_evolution_text,早期异常较弱，运行载荷放大后出现指标漂移，并逐步演化为轻微故障。,0.619,hydraulic
RCA_TEXT_HFB-00532,HFB-00532,rca_text,结合传感器能量和检测记录，管路总成的振动异常与设计阶段高风险实体 HPIP-00105 一致。,0.6218,hydraulic
EVO_TEXT_HFB-00532,HFB-00532,fault_evolution_text,隐患先导致局部性能退化，随后传感器能量向关联通道集中，最终形成振动异常。,0.6218,hydraulic
RCA_TEXT_HFB-00533,HFB-00533,rca_text,该案例表现为中度流量异常，根因更可能由运维阶段隐患累积触发。,0.6327,hydraulic
EVO_TEXT_HFB-00533,HFB-00533,fault_evolution_text,运维阶段风险与运行工况耦合后引起状态劣化，检测指标随严重度同步升高。,0.6327,hydraulic
RCA_TEXT_HFB-00534,HFB-00534,rca_text,管路总成出现中度压力异常，生命周期风险集中在设计阶段，建议优先追溯 HPIP-00107。,0.6297,hydraulic
EVO_TEXT_HFB-00534,HFB-00534,fault_evolution_text,设计阶段风险与运行工况耦合后引起状态劣化，检测指标随严重度同步升高。,0.6297,hydraulic
RCA_TEXT_HFB-00535,HFB-00535,rca_text,该案例表现为轻微泄漏异常，根因更可能由装配阶段隐患累积触发。,0.5995,hydraulic
EVO_TEXT_HFB-00535,HFB-00535,fault_evolution_text,装配阶段风险与运行工况耦合后引起状态劣化，检测指标随严重度同步升高。,0.5995,hydraulic
RCA_TEXT_HFB-00536,HFB-00536,rca_text,方向控制阀出现轻微泄漏异常，生命周期风险集中在运维阶段，建议优先追溯 HOPR-00536。,0.6196,hydraulic
EVO_TEXT_HFB-00536,HFB-00536,fault_evolution_text,早期异常较弱，运行载荷放大后出现指标漂移，并逐步演化为轻微故障。,0.6196,hydraulic
RCA_TEXT_HFB-00537,HFB-00537,rca_text,该案例表现为轻微阀芯卡滞，根因更可能由运维阶段隐患累积触发。,0.5156,hydraulic
EVO_TEXT_HFB-00537,HFB-00537,fault_evolution_text,早期异常较弱，运行载荷放大后出现指标漂移，并逐步演化为轻微故障。,0.5156,hydraulic
RCA_TEXT_HFB-00538,HFB-00538,rca_text,溢流阀出现中度阀芯卡滞，生命周期风险集中在装配阶段，建议优先追溯 HASM-00538。,0.6489,hydraulic
EVO_TEXT_HFB-00538,HFB-00538,fault_evolution_text,早期异常较弱，运行载荷放大后出现指标漂移，并逐步演化为中度故障。,0.6489,hydraulic
RCA_TEXT_HFB-00539,HFB-00539,rca_text,该案例表现为轻微流量异常，根因更可能由运维阶段隐患累积触发。,0.5802,hydraulic
EVO_TEXT_HFB-00539,HFB-00539,fault_evolution_text,运维阶段风险与运行工况耦合后引起状态劣化，检测指标随严重度同步升高。,0.5802,hydraulic
RCA_TEXT_HFB-00540,HFB-00540,rca_text,该案例表现为轻微阀芯卡滞，根因更可能由运维阶段隐患累积触发。,0.569,hydraulic
EVO_TEXT_HFB-00540,HFB-00540,fault_evolution_text,运维阶段风险与运行工况耦合后引起状态劣化，检测指标随严重度同步升高。,0.569,hydraulic
RCA_TEXT_HFB-00541,HFB-00541,rca_text,管路总成出现中度泄漏异常，生命周期风险集中在设计阶段，建议优先追溯 HPIP-00108。,0.6015,hydraulic
EVO_TEXT_HFB-00541,HFB-00541,fault_evolution_text,早期异常较弱，运行载荷放大后出现指标漂移，并逐步演化为中度故障。,0.6015,hydraulic
RCA_TEXT_HFB-00542,HFB-00542,rca_text,管路总成出现轻微阀芯卡滞，生命周期风险集中在制造阶段，建议优先追溯 HMAN-00472。,0.5776,hydraulic
EVO_TEXT_HFB-00542,HFB-00542,fault_evolution_text,隐患先导致局部性能退化，随后传感器能量向关联通道集中，最终形成阀芯卡滞。,0.5776,hydraulic
RCA_TEXT_HFB-00543,HFB-00543,rca_text,结合传感器能量和检测记录，液压泵总成的阀芯卡滞与运维阶段高风险实体 HOPR-00543 一致。,0.6634,hydraulic
EVO_TEXT_HFB-00543,HFB-00543,fault_evolution_text,隐患先导致局部性能退化，随后传感器能量向关联通道集中，最终形成阀芯卡滞。,0.6634,hydraulic
RCA_TEXT_HFB-00544,HFB-00544,rca_text,冷却器出现轻微振动异常，生命周期风险集中在制造阶段，建议优先追溯 HMAN-01120。,0.5772,hydraulic
EVO_TEXT_HFB-00544,HFB-00544,fault_evolution_text,隐患先导致局部性能退化，随后传感器能量向关联通道集中，最终形成振动异常。,0.5772,hydraulic
RCA_TEXT_HFB-00545,HFB-00545,rca_text,冷却器出现轻微温度异常，生命周期风险集中在运维阶段，建议优先追溯 HOPR-00545。,0.5774,hydraulic
EVO_TEXT_HFB-00545,HFB-00545,fault_evolution_text,隐患先导致局部性能退化，随后传感器能量向关联通道集中，最终形成温度异常。,0.5774,hydraulic
RCA_TEXT_HFB-00546,HFB-00546,rca_text,结合传感器能量和检测记录，节流阀的振动异常与运维阶段高风险实体 HOPR-00546 一致。,0.5628,hydraulic
EVO_TEXT_HFB-00546,HFB-00546,fault_evolution_text,运维阶段风险与运行工况耦合后引起状态劣化，检测指标随严重度同步升高。,0.5628,hydraulic
RCA_TEXT_HFB-00547,HFB-00547,rca_text,该案例表现为中度压力异常，根因更可能由材料阶段隐患累积触发。,0.6626,hydraulic
EVO_TEXT_HFB-00547,HFB-00547,fault_evolution_text,隐患先导致局部性能退化，随后传感器能量向关联通道集中，最终形成压力异常。,0.6626,hydraulic
RCA_TEXT_HFB-00548,HFB-00548,rca_text,冷却器出现轻微振动异常，生命周期风险集中在运维阶段，建议优先追溯 HOPR-00548。,0.6569,hydraulic
EVO_TEXT_HFB-00548,HFB-00548,fault_evolution_text,隐患先导致局部性能退化，随后传感器能量向关联通道集中，最终形成振动异常。,0.6569,hydraulic
RCA_TEXT_HFB-00549,HFB-00549,rca_text,结合传感器能量和检测记录，过滤器的压力异常与设计阶段高风险实体 HDES-00680 一致。,0.5748,hydraulic
EVO_TEXT_HFB-00549,HFB-00549,fault_evolution_text,早期异常较弱，运行载荷放大后出现指标漂移，并逐步演化为轻微故障。,0.5748,hydraulic
RCA_TEXT_HFB-00550,HFB-00550,rca_text,结合传感器能量和检测记录，液压泵总成的泄漏异常与运维阶段高风险实体 HOPR-00550 一致。,0.6238,hydraulic
EVO_TEXT_HFB-00550,HFB-00550,fault_evolution_text,早期异常较弱，运行载荷放大后出现指标漂移，并逐步演化为中度故障。,0.6238,hydraulic
RCA_TEXT_HFB-00551,HFB-00551,rca_text,结合传感器能量和检测记录，溢流阀的温度异常与运维阶段高风险实体 HOPR-00551 一致。,0.6168,hydraulic
EVO_TEXT_HFB-00551,HFB-00551,fault_evolution_text,早期异常较弱，运行载荷放大后出现指标漂移，并逐步演化为轻微故障。,0.6168,hydraulic
RCA_TEXT_HFB-00552,HFB-00552,rca_text,该案例表现为轻微阀芯卡滞，根因更可能由装配阶段隐患累积触发。,0.5747,hydraulic
EVO_TEXT_HFB-00552,HFB-00552,fault_evolution_text,装配阶段风险与运行工况耦合后引起状态劣化，检测指标随严重度同步升高。,0.5747,hydraulic
RCA_TEXT_HFB-00553,HFB-00553,rca_text,管路总成出现轻微流量异常，生命周期风险集中在制造阶段，建议优先追溯 HMAN-00513。,0.5701,hydraulic
EVO_TEXT_HFB-00553,HFB-00553,fault_evolution_text,隐患先导致局部性能退化，随后传感器能量向关联通道集中，最终形成流量异常。,0.5701,hydraulic
RCA_TEXT_HFB-00554,HFB-00554,rca_text,结合传感器能量和检测记录，管路总成的泄漏异常与装配阶段高风险实体 HASM-00554 一致。,0.5842,hydraulic
EVO_TEXT_HFB-00554,HFB-00554,fault_evolution_text,隐患先导致局部性能退化，随后传感器能量向关联通道集中，最终形成泄漏异常。,0.5842,hydraulic
RCA_TEXT_HFB-00555,HFB-00555,rca_text,该案例表现为轻微流量异常，根因更可能由装配阶段隐患累积触发。,0.4989,hydraulic
EVO_TEXT_HFB-00555,HFB-00555,fault_evolution_text,隐患先导致局部性能退化，随后传感器能量向关联通道集中，最终形成流量异常。,0.4989,hydraulic
RCA_TEXT_HFB-00556,HFB-00556,rca_text,该案例表现为轻微振动异常，根因更可能由运维阶段隐患累积触发。,0.6078,hydraulic
EVO_TEXT_HFB-00556,HFB-00556,fault_evolution_text,运维阶段风险与运行工况耦合后引起状态劣化，检测指标随严重度同步升高。,0.6078,hydraulic
RCA_TEXT_HFB-00557,HFB-00557,rca_text,该案例表现为中度流量异常，根因更可能由运维阶段隐患累积触发。,0.7094,hydraulic
EVO_TEXT_HFB-00557,HFB-00557,fault_evolution_text,隐患先导致局部性能退化，随后传感器能量向关联通道集中，最终形成流量异常。,0.7094,hydraulic
RCA_TEXT_HFB-00558,HFB-00558,rca_text,结合传感器能量和检测记录，冷却器的温度异常与材料阶段高风险实体 HMAT-00514 一致。,0.6309,hydraulic
EVO_TEXT_HFB-00558,HFB-00558,fault_evolution_text,早期异常较弱，运行载荷放大后出现指标漂移，并逐步演化为中度故障。,0.6309,hydraulic
RCA_TEXT_HFB-00559,HFB-00559,rca_text,液压泵总成出现轻微温度异常，生命周期风险集中在材料阶段，建议优先追溯 HMAT-00219。,0.5812,hydraulic
EVO_TEXT_HFB-00559,HFB-00559,fault_evolution_text,材料阶段风险与运行工况耦合后引起状态劣化，检测指标随严重度同步升高。,0.5812,hydraulic
RCA_TEXT_HFB-00560,HFB-00560,rca_text,液压油箱出现轻微阀芯卡滞，生命周期风险集中在装配阶段，建议优先追溯 HASM-00560。,0.4879,hydraulic
EVO_TEXT_HFB-00560,HFB-00560,fault_evolution_text,早期异常较弱，运行载荷放大后出现指标漂移，并逐步演化为轻微故障。,0.4879,hydraulic
RCA_TEXT_HFB-00561,HFB-00561,rca_text,管路总成出现轻微温度异常，生命周期风险集中在设计阶段，建议优先追溯 HPIP-00112。,0.522,hydraulic
EVO_TEXT_HFB-00561,HFB-00561,fault_evolution_text,设计阶段风险与运行工况耦合后引起状态劣化，检测指标随严重度同步升高。,0.522,hydraulic
RCA_TEXT_HFB-00562,HFB-00562,rca_text,结合传感器能量和检测记录，单向阀的阀芯卡滞与制造阶段高风险实体 HMAN-00035 一致。,0.6271,hydraulic
EVO_TEXT_HFB-00562,HFB-00562,fault_evolution_text,隐患先导致局部性能退化，随后传感器能量向关联通道集中，最终形成阀芯卡滞。,0.6271,hydraulic
RCA_TEXT_HFB-00563,HFB-00563,rca_text,过滤器出现中度流量异常，生命周期风险集中在运维阶段，建议优先追溯 HOPR-00563。,0.6758,hydraulic
EVO_TEXT_HFB-00563,HFB-00563,fault_evolution_text,早期异常较弱，运行载荷放大后出现指标漂移，并逐步演化为中度故障。,0.6758,hydraulic
RCA_TEXT_HFB-00564,HFB-00564,rca_text,结合传感器能量和检测记录，管路总成的振动异常与制造阶段高风险实体 HMAN-01072 一致。,0.6502,hydraulic
EVO_TEXT_HFB-00564,HFB-00564,fault_evolution_text,早期异常较弱，运行载荷放大后出现指标漂移，并逐步演化为中度故障。,0.6502,hydraulic
RCA_TEXT_HFB-00565,HFB-00565,rca_text,溢流阀出现轻微泄漏异常，生命周期风险集中在检测阶段，建议优先追溯 HINSP-00565。,0.6005,hydraulic
EVO_TEXT_HFB-00565,HFB-00565,fault_evolution_text,早期异常较弱，运行载荷放大后出现指标漂移，并逐步演化为轻微故障。,0.6005,hydraulic
RCA_TEXT_HFB-00566,HFB-00566,rca_text,蓄能器出现轻微压力异常，生命周期风险集中在制造阶段，建议优先追溯 HMAN-00476。,0.6295,hydraulic
EVO_TEXT_HFB-00566,HFB-00566,fault_evolution_text,制造阶段风险与运行工况耦合后引起状态劣化，检测指标随严重度同步升高。,0.6295,hydraulic
RCA_TEXT_HFB-00567,HFB-00567,rca_text,结合传感器能量和检测记录，过滤器的流量异常与制造阶段高风险实体 HMAN-00610 一致。,0.6423,hydraulic
EVO_TEXT_HFB-00567,HFB-00567,fault_evolution_text,隐患先导致局部性能退化，随后传感器能量向关联通道集中，最终形成流量异常。,0.6423,hydraulic
RCA_TEXT_HFB-00568,HFB-00568,rca_text,结合传感器能量和检测记录，过滤器的温度异常与装配阶段高风险实体 HASM-00568 一致。,0.6125,hydraulic
EVO_TEXT_HFB-00568,HFB-00568,fault_evolution_text,早期异常较弱，运行载荷放大后出现指标漂移，并逐步演化为轻微故障。,0.6125,hydraulic
RCA_TEXT_HFB-00569,HFB-00569,rca_text,该案例表现为中度泄漏异常，根因更可能由制造阶段隐患累积触发。,0.5597,hydraulic
EVO_TEXT_HFB-00569,HFB-00569,fault_evolution_text,早期异常较弱，运行载荷放大后出现指标漂移，并逐步演化为中度故障。,0.5597,hydraulic
RCA_TEXT_HFB-00570,HFB-00570,rca_text,冷却器出现轻微压力异常，生命周期风险集中在制造阶段，建议优先追溯 HMAN-00406。,0.608,hydraulic
EVO_TEXT_HFB-00570,HFB-00570,fault_evolution_text,隐患先导致局部性能退化，随后传感器能量向关联通道集中，最终形成压力异常。,0.608,hydraulic
RCA_TEXT_HFB-00571,HFB-00571,rca_text,该案例表现为中度振动异常，根因更可能由制造阶段隐患累积触发。,0.6945,hydraulic
EVO_TEXT_HFB-00571,HFB-00571,fault_evolution_text,早期异常较弱，运行载荷放大后出现指标漂移，并逐步演化为中度故障。,0.6945,hydraulic
RCA_TEXT_HFB-00572,HFB-00572,rca_text,该案例表现为轻微压力异常，根因更可能由设计阶段隐患累积触发。,0.5799,hydraulic
EVO_TEXT_HFB-00572,HFB-00572,fault_evolution_text,早期异常较弱，运行载荷放大后出现指标漂移，并逐步演化为轻微故障。,0.5799,hydraulic
RCA_TEXT_HFB-00573,HFB-00573,rca_text,节流阀出现轻微压力异常，生命周期风险集中在运维阶段，建议优先追溯 HOPR-00573。,0.6499,hydraulic
EVO_TEXT_HFB-00573,HFB-00573,fault_evolution_text,运维阶段风险与运行工况耦合后引起状态劣化，检测指标随严重度同步升高。,0.6499,hydraulic
RCA_TEXT_HFB-00574,HFB-00574,rca_text,该案例表现为轻微阀芯卡滞，根因更可能由运维阶段隐患累积触发。,0.529,hydraulic
EVO_TEXT_HFB-00574,HFB-00574,fault_evolution_text,运维阶段风险与运行工况耦合后引起状态劣化，检测指标随严重度同步升高。,0.529,hydraulic
RCA_TEXT_HFB-00575,HFB-00575,rca_text,单向阀出现轻微温度异常，生命周期风险集中在材料阶段，建议优先追溯 HMAT-00401。,0.565,hydraulic
EVO_TEXT_HFB-00575,HFB-00575,fault_evolution_text,材料阶段风险与运行工况耦合后引起状态劣化，检测指标随严重度同步升高。,0.565,hydraulic
RCA_TEXT_HFB-00576,HFB-00576,rca_text,溢流阀出现轻微压力异常，生命周期风险集中在检测阶段，建议优先追溯 HINSP-00576。,0.6076,hydraulic
EVO_TEXT_HFB-00576,HFB-00576,fault_evolution_text,早期异常较弱，运行载荷放大后出现指标漂移，并逐步演化为轻微故障。,0.6076,hydraulic
RCA_TEXT_HFB-00577,HFB-00577,rca_text,该案例表现为中度阀芯卡滞，根因更可能由制造阶段隐患累积触发。,0.6162,hydraulic
EVO_TEXT_HFB-00577,HFB-00577,fault_evolution_text,隐患先导致局部性能退化，随后传感器能量向关联通道集中，最终形成阀芯卡滞。,0.6162,hydraulic
RCA_TEXT_HFB-00578,HFB-00578,rca_text,结合传感器能量和检测记录，冷却器的温度异常与运维阶段高风险实体 HOPR-00578 一致。,0.6005,hydraulic
EVO_TEXT_HFB-00578,HFB-00578,fault_evolution_text,运维阶段风险与运行工况耦合后引起状态劣化，检测指标随严重度同步升高。,0.6005,hydraulic
RCA_TEXT_HFB-00579,HFB-00579,rca_text,该案例表现为中度阀芯卡滞，根因更可能由制造阶段隐患累积触发。,0.5995,hydraulic
EVO_TEXT_HFB-00579,HFB-00579,fault_evolution_text,隐患先导致局部性能退化，随后传感器能量向关联通道集中，最终形成阀芯卡滞。,0.5995,hydraulic
RCA_TEXT_HFB-00580,HFB-00580,rca_text,液压泵总成出现轻微泄漏异常，生命周期风险集中在运维阶段，建议优先追溯 HOPR-00580。,0.572,hydraulic
EVO_TEXT_HFB-00580,HFB-00580,fault_evolution_text,早期异常较弱，运行载荷放大后出现指标漂移，并逐步演化为轻微故障。,0.572,hydraulic
RCA_TEXT_HFB-00581,HFB-00581,rca_text,结合传感器能量和检测记录，溢流阀的压力异常与运维阶段高风险实体 HOPR-00581 一致。,0.5926,hydraulic
EVO_TEXT_HFB-00581,HFB-00581,fault_evolution_text,运维阶段风险与运行工况耦合后引起状态劣化，检测指标随严重度同步升高。,0.5926,hydraulic
RCA_TEXT_HFB-00582,HFB-00582,rca_text,过滤器出现轻微阀芯卡滞，生命周期风险集中在装配阶段，建议优先追溯 HASM-00582。,0.5347,hydraulic
EVO_TEXT_HFB-00582,HFB-00582,fault_evolution_text,早期异常较弱，运行载荷放大后出现指标漂移，并逐步演化为轻微故障。,0.5347,hydraulic
RCA_TEXT_HFB-00583,HFB-00583,rca_text,该案例表现为中度流量异常，根因更可能由运维阶段隐患累积触发。,0.6056,hydraulic
EVO_TEXT_HFB-00583,HFB-00583,fault_evolution_text,运维阶段风险与运行工况耦合后引起状态劣化，检测指标随严重度同步升高。,0.6056,hydraulic
RCA_TEXT_HFB-00584,HFB-00584,rca_text,该案例表现为中度压力异常，根因更可能由设计阶段隐患累积触发。,0.6713,hydraulic
EVO_TEXT_HFB-00584,HFB-00584,fault_evolution_text,早期异常较弱，运行载荷放大后出现指标漂移，并逐步演化为中度故障。,0.6713,hydraulic
RCA_TEXT_HFB-00585,HFB-00585,rca_text,蓄能器出现轻微压力异常，生命周期风险集中在设计阶段，建议优先追溯 HDES-00616。,0.6051,hydraulic
EVO_TEXT_HFB-00585,HFB-00585,fault_evolution_text,设计阶段风险与运行工况耦合后引起状态劣化，检测指标随严重度同步升高。,0.6051,hydraulic
RCA_TEXT_HFB-00586,HFB-00586,rca_text,该案例表现为轻微压力异常，根因更可能由制造阶段隐患累积触发。,0.5317,hydraulic
EVO_TEXT_HFB-00586,HFB-00586,fault_evolution_text,隐患先导致局部性能退化，随后传感器能量向关联通道集中，最终形成压力异常。,0.5317,hydraulic
RCA_TEXT_HFB-00587,HFB-00587,rca_text,液压油箱出现中度流量异常，生命周期风险集中在设计阶段，建议优先追溯 HDES-00905。,0.5773,hydraulic
EVO_TEXT_HFB-00587,HFB-00587,fault_evolution_text,早期异常较弱，运行载荷放大后出现指标漂移，并逐步演化为中度故障。,0.5773,hydraulic
RCA_TEXT_HFB-00588,HFB-00588,rca_text,该案例表现为中度温度异常，根因更可能由运维阶段隐患累积触发。,0.6364,hydraulic
EVO_TEXT_HFB-00588,HFB-00588,fault_evolution_text,运维阶段风险与运行工况耦合后引起状态劣化，检测指标随严重度同步升高。,0.6364,hydraulic
RCA_TEXT_HFB-00589,HFB-00589,rca_text,该案例表现为中度泄漏异常，根因更可能由运维阶段隐患累积触发。,0.5862,hydraulic
EVO_TEXT_HFB-00589,HFB-00589,fault_evolution_text,隐患先导致局部性能退化，随后传感器能量向关联通道集中，最终形成泄漏异常。,0.5862,hydraulic
RCA_TEXT_HFB-00590,HFB-00590,rca_text,该案例表现为轻微阀芯卡滞，根因更可能由制造阶段隐患累积触发。,0.6341,hydraulic
EVO_TEXT_HFB-00590,HFB-00590,fault_evolution_text,制造阶段风险与运行工况耦合后引起状态劣化，检测指标随严重度同步升高。,0.6341,hydraulic
RCA_TEXT_HFB-00591,HFB-00591,rca_text,结合传感器能量和检测记录，冷却器的温度异常与材料阶段高风险实体 HMAT-00255 一致。,0.6258,hydraulic
EVO_TEXT_HFB-00591,HFB-00591,fault_evolution_text,早期异常较弱，运行载荷放大后出现指标漂移，并逐步演化为中度故障。,0.6258,hydraulic
RCA_TEXT_HFB-00592,HFB-00592,rca_text,该案例表现为轻微温度异常，根因更可能由材料阶段隐患累积触发。,0.6717,hydraulic
EVO_TEXT_HFB-00592,HFB-00592,fault_evolution_text,材料阶段风险与运行工况耦合后引起状态劣化，检测指标随严重度同步升高。,0.6717,hydraulic
RCA_TEXT_HFB-00593,HFB-00593,rca_text,结合传感器能量和检测记录，溢流阀的泄漏异常与检测阶段高风险实体 HINSP-00593 一致。,0.6183,hydraulic
EVO_TEXT_HFB-00593,HFB-00593,fault_evolution_text,隐患先导致局部性能退化，随后传感器能量向关联通道集中，最终形成泄漏异常。,0.6183,hydraulic
RCA_TEXT_HFB-00594,HFB-00594,rca_text,该案例表现为中度温度异常，根因更可能由运维阶段隐患累积触发。,0.627,hydraulic
EVO_TEXT_HFB-00594,HFB-00594,fault_evolution_text,运维阶段风险与运行工况耦合后引起状态劣化，检测指标随严重度同步升高。,0.627,hydraulic
RCA_TEXT_HFB-00595,HFB-00595,rca_text,该案例表现为中度泄漏异常，根因更可能由材料阶段隐患累积触发。,0.6182,hydraulic
EVO_TEXT_HFB-00595,HFB-00595,fault_evolution_text,早期异常较弱，运行载荷放大后出现指标漂移，并逐步演化为中度故障。,0.6182,hydraulic
RCA_TEXT_HFB-00596,HFB-00596,rca_text,该案例表现为轻微振动异常，根因更可能由运维阶段隐患累积触发。,0.5896,hydraulic
EVO_TEXT_HFB-00596,HFB-00596,fault_evolution_text,早期异常较弱，运行载荷放大后出现指标漂移，并逐步演化为轻微故障。,0.5896,hydraulic
RCA_TEXT_HFB-00597,HFB-00597,rca_text,蓄能器出现中度压力异常，生命周期风险集中在装配阶段，建议优先追溯 HASM-00597。,0.622,hydraulic
EVO_TEXT_HFB-00597,HFB-00597,fault_evolution_text,早期异常较弱，运行载荷放大后出现指标漂移，并逐步演化为中度故障。,0.622,hydraulic
RCA_TEXT_HFB-00598,HFB-00598,rca_text,该案例表现为轻微泄漏异常，根因更可能由装配阶段隐患累积触发。,0.5656,hydraulic
EVO_TEXT_HFB-00598,HFB-00598,fault_evolution_text,装配阶段风险与运行工况耦合后引起状态劣化，检测指标随严重度同步升高。,0.5656,hydraulic
RCA_TEXT_HFB-00599,HFB-00599,rca_text,卸荷阀出现中度泄漏异常，生命周期风险集中在设计阶段，建议优先追溯 HDES-00580。,0.6321,hydraulic
EVO_TEXT_HFB-00599,HFB-00599,fault_evolution_text,设计阶段风险与运行工况耦合后引起状态劣化，检测指标随严重度同步升高。,0.6321,hydraulic
RCA_TEXT_HFB-00600,HFB-00600,rca_text,单向阀出现轻微振动异常，生命周期风险集中在运维阶段，建议优先追溯 HOPR-00600。,0.547,hydraulic
EVO_TEXT_HFB-00600,HFB-00600,fault_evolution_text,早期异常较弱，运行载荷放大后出现指标漂移，并逐步演化为轻微故障。,0.547,hydraulic
RCA_TEXT_HFB-00601,HFB-00601,rca_text,液压油箱出现轻微压力异常，生命周期风险集中在设计阶段，建议优先追溯 HDES-01162。,0.5923,hydraulic
EVO_TEXT_HFB-00601,HFB-00601,fault_evolution_text,早期异常较弱，运行载荷放大后出现指标漂移，并逐步演化为轻微故障。,0.5923,hydraulic
RCA_TEXT_HFB-00602,HFB-00602,rca_text,结合传感器能量和检测记录，方向控制阀的泄漏异常与设计阶段高风险实体 HDES-00513 一致。,0.6004,hydraulic
EVO_TEXT_HFB-00602,HFB-00602,fault_evolution_text,早期异常较弱，运行载荷放大后出现指标漂移，并逐步演化为轻微故障。,0.6004,hydraulic
RCA_TEXT_HFB-00603,HFB-00603,rca_text,结合传感器能量和检测记录，液压泵总成的压力异常与设计阶段高风险实体 HDES-00753 一致。,0.6455,hydraulic
EVO_TEXT_HFB-00603,HFB-00603,fault_evolution_text,早期异常较弱，运行载荷放大后出现指标漂移，并逐步演化为中度故障。,0.6455,hydraulic
RCA_TEXT_HFB-00604,HFB-00604,rca_text,该案例表现为轻微振动异常，根因更可能由制造阶段隐患累积触发。,0.6114,hydraulic
EVO_TEXT_HFB-00604,HFB-00604,fault_evolution_text,隐患先导致局部性能退化，随后传感器能量向关联通道集中，最终形成振动异常。,0.6114,hydraulic
RCA_TEXT_HFB-00605,HFB-00605,rca_text,溢流阀出现轻微振动异常，生命周期风险集中在设计阶段，建议优先追溯 HDES-00821。,0.608,hydraulic
EVO_TEXT_HFB-00605,HFB-00605,fault_evolution_text,早期异常较弱，运行载荷放大后出现指标漂移，并逐步演化为轻微故障。,0.608,hydraulic
RCA_TEXT_HFB-00606,HFB-00606,rca_text,结合传感器能量和检测记录，蓄能器的压力异常与运维阶段高风险实体 HOPR-00606 一致。,0.6252,hydraulic
EVO_TEXT_HFB-00606,HFB-00606,fault_evolution_text,运维阶段风险与运行工况耦合后引起状态劣化，检测指标随严重度同步升高。,0.6252,hydraulic
RCA_TEXT_HFB-00607,HFB-00607,rca_text,结合传感器能量和检测记录，管路总成的振动异常与装配阶段高风险实体 HASM-00607 一致。,0.61,hydraulic
EVO_TEXT_HFB-00607,HFB-00607,fault_evolution_text,隐患先导致局部性能退化，随后传感器能量向关联通道集中，最终形成振动异常。,0.61,hydraulic
RCA_TEXT_HFB-00608,HFB-00608,rca_text,液压油箱出现轻微振动异常，生命周期风险集中在制造阶段，建议优先追溯 HMAN-00254。,0.5827,hydraulic
EVO_TEXT_HFB-00608,HFB-00608,fault_evolution_text,早期异常较弱，运行载荷放大后出现指标漂移，并逐步演化为轻微故障。,0.5827,hydraulic
RCA_TEXT_HFB-00609,HFB-00609,rca_text,结合传感器能量和检测记录，卸荷阀的压力异常与检测阶段高风险实体 HINSP-00609 一致。,0.5431,hydraulic
EVO_TEXT_HFB-00609,HFB-00609,fault_evolution_text,隐患先导致局部性能退化，随后传感器能量向关联通道集中，最终形成压力异常。,0.5431,hydraulic
RCA_TEXT_HFB-00610,HFB-00610,rca_text,该案例表现为中度流量异常，根因更可能由制造阶段隐患累积触发。,0.6798,hydraulic
EVO_TEXT_HFB-00610,HFB-00610,fault_evolution_text,早期异常较弱，运行载荷放大后出现指标漂移，并逐步演化为中度故障。,0.6798,hydraulic
RCA_TEXT_HFB-00611,HFB-00611,rca_text,结合传感器能量和检测记录，方向控制阀的阀芯卡滞与制造阶段高风险实体 HMAN-00435 一致。,0.6178,hydraulic
EVO_TEXT_HFB-00611,HFB-00611,fault_evolution_text,制造阶段风险与运行工况耦合后引起状态劣化，检测指标随严重度同步升高。,0.6178,hydraulic
RCA_TEXT_HFB-00612,HFB-00612,rca_text,结合传感器能量和检测记录，单向阀的流量异常与检测阶段高风险实体 HINSP-00612 一致。,0.5827,hydraulic
EVO_TEXT_HFB-00612,HFB-00612,fault_evolution_text,隐患先导致局部性能退化，随后传感器能量向关联通道集中，最终形成流量异常。,0.5827,hydraulic
RCA_TEXT_HFB-00613,HFB-00613,rca_text,结合传感器能量和检测记录，管路总成的压力异常与制造阶段高风险实体 HMAN-00585 一致。,0.6294,hydraulic
EVO_TEXT_HFB-00613,HFB-00613,fault_evolution_text,隐患先导致局部性能退化，随后传感器能量向关联通道集中，最终形成压力异常。,0.6294,hydraulic
RCA_TEXT_HFB-00614,HFB-00614,rca_text,结合传感器能量和检测记录，过滤器的温度异常与运维阶段高风险实体 HOPR-00614 一致。,0.6209,hydraulic
EVO_TEXT_HFB-00614,HFB-00614,fault_evolution_text,运维阶段风险与运行工况耦合后引起状态劣化，检测指标随严重度同步升高。,0.6209,hydraulic
RCA_TEXT_HFB-00615,HFB-00615,rca_text,该案例表现为中度压力异常，根因更可能由设计阶段隐患累积触发。,0.5529,hydraulic
EVO_TEXT_HFB-00615,HFB-00615,fault_evolution_text,早期异常较弱，运行载荷放大后出现指标漂移，并逐步演化为中度故障。,0.5529,hydraulic
RCA_TEXT_HFB-00616,HFB-00616,rca_text,该案例表现为轻微流量异常，根因更可能由运维阶段隐患累积触发。,0.5832,hydraulic
EVO_TEXT_HFB-00616,HFB-00616,fault_evolution_text,运维阶段风险与运行工况耦合后引起状态劣化，检测指标随严重度同步升高。,0.5832,hydraulic
RCA_TEXT_HFB-00617,HFB-00617,rca_text,结合传感器能量和检测记录，液压泵总成的压力异常与设计阶段高风险实体 HDES-00865 一致。,0.552,hydraulic
EVO_TEXT_HFB-00617,HFB-00617,fault_evolution_text,设计阶段风险与运行工况耦合后引起状态劣化，检测指标随严重度同步升高。,0.552,hydraulic
RCA_TEXT_HFB-00618,HFB-00618,rca_text,结合传感器能量和检测记录，溢流阀的流量异常与设计阶段高风险实体 HDES-00487 一致。,0.5107,hydraulic
EVO_TEXT_HFB-00618,HFB-00618,fault_evolution_text,设计阶段风险与运行工况耦合后引起状态劣化，检测指标随严重度同步升高。,0.5107,hydraulic
RCA_TEXT_HFB-00619,HFB-00619,rca_text,管路总成出现中度振动异常，生命周期风险集中在运维阶段，建议优先追溯 HOPR-00619。,0.6568,hydraulic
EVO_TEXT_HFB-00619,HFB-00619,fault_evolution_text,运维阶段风险与运行工况耦合后引起状态劣化，检测指标随严重度同步升高。,0.6568,hydraulic
RCA_TEXT_HFB-00620,HFB-00620,rca_text,结合传感器能量和检测记录，冷却器的温度异常与装配阶段高风险实体 HASM-00620 一致。,0.5613,hydraulic
EVO_TEXT_HFB-00620,HFB-00620,fault_evolution_text,早期异常较弱，运行载荷放大后出现指标漂移，并逐步演化为轻微故障。,0.5613,hydraulic
RCA_TEXT_HFB-00621,HFB-00621,rca_text,作动筒出现轻微振动异常，生命周期风险集中在运维阶段，建议优先追溯 HOPR-00621。,0.5647,hydraulic
EVO_TEXT_HFB-00621,HFB-00621,fault_evolution_text,运维阶段风险与运行工况耦合后引起状态劣化，检测指标随严重度同步升高。,0.5647,hydraulic
RCA_TEXT_HFB-00622,HFB-00622,rca_text,方向控制阀出现轻微振动异常，生命周期风险集中在运维阶段，建议优先追溯 HOPR-00622。,0.559,hydraulic
EVO_TEXT_HFB-00622,HFB-00622,fault_evolution_text,隐患先导致局部性能退化，随后传感器能量向关联通道集中，最终形成振动异常。,0.559,hydraulic
RCA_TEXT_HFB-00623,HFB-00623,rca_text,该案例表现为轻微压力异常，根因更可能由运维阶段隐患累积触发。,0.5363,hydraulic
EVO_TEXT_HFB-00623,HFB-00623,fault_evolution_text,隐患先导致局部性能退化，随后传感器能量向关联通道集中，最终形成压力异常。,0.5363,hydraulic
RCA_TEXT_HFB-00624,HFB-00624,rca_text,液压油箱出现轻微泄漏异常，生命周期风险集中在材料阶段，建议优先追溯 HMAT-00396。,0.559,hydraulic
EVO_TEXT_HFB-00624,HFB-00624,fault_evolution_text,早期异常较弱，运行载荷放大后出现指标漂移，并逐步演化为轻微故障。,0.559,hydraulic
RCA_TEXT_HFB-00625,HFB-00625,rca_text,该案例表现为轻微流量异常，根因更可能由设计阶段隐患累积触发。,0.5658,hydraulic
EVO_TEXT_HFB-00625,HFB-00625,fault_evolution_text,早期异常较弱，运行载荷放大后出现指标漂移，并逐步演化为轻微故障。,0.5658,hydraulic
RCA_TEXT_HFB-00626,HFB-00626,rca_text,结合传感器能量和检测记录，溢流阀的泄漏异常与检测阶段高风险实体 HINSP-00626 一致。,0.5705,hydraulic
EVO_TEXT_HFB-00626,HFB-00626,fault_evolution_text,早期异常较弱，运行载荷放大后出现指标漂移，并逐步演化为轻微故障。,0.5705,hydraulic
RCA_TEXT_HFB-00627,HFB-00627,rca_text,溢流阀出现中度压力异常，生命周期风险集中在运维阶段，建议优先追溯 HOPR-00627。,0.6443,hydraulic
EVO_TEXT_HFB-00627,HFB-00627,fault_evolution_text,早期异常较弱，运行载荷放大后出现指标漂移，并逐步演化为中度故障。,0.6443,hydraulic
RCA_TEXT_HFB-00628,HFB-00628,rca_text,卸荷阀出现轻微阀芯卡滞，生命周期风险集中在检测阶段，建议优先追溯 HINSP-00628。,0.5995,hydraulic
EVO_TEXT_HFB-00628,HFB-00628,fault_evolution_text,检测阶段风险与运行工况耦合后引起状态劣化，检测指标随严重度同步升高。,0.5995,hydraulic
RCA_TEXT_HFB-00629,HFB-00629,rca_text,管路总成出现中度压力异常，生命周期风险集中在材料阶段，建议优先追溯 HMAT-00533。,0.6114,hydraulic
EVO_TEXT_HFB-00629,HFB-00629,fault_evolution_text,材料阶段风险与运行工况耦合后引起状态劣化，检测指标随严重度同步升高。,0.6114,hydraulic
RCA_TEXT_HFB-00630,HFB-00630,rca_text,该案例表现为中度泄漏异常，根因更可能由装配阶段隐患累积触发。,0.6431,hydraulic
EVO_TEXT_HFB-00630,HFB-00630,fault_evolution_text,早期异常较弱，运行载荷放大后出现指标漂移，并逐步演化为中度故障。,0.6431,hydraulic
RCA_TEXT_HFB-00631,HFB-00631,rca_text,蓄能器出现轻微压力异常，生命周期风险集中在制造阶段，建议优先追溯 HMAN-00292。,0.6186,hydraulic
EVO_TEXT_HFB-00631,HFB-00631,fault_evolution_text,早期异常较弱，运行载荷放大后出现指标漂移，并逐步演化为轻微故障。,0.6186,hydraulic
RCA_TEXT_HFB-00632,HFB-00632,rca_text,结合传感器能量和检测记录，蓄能器的振动异常与材料阶段高风险实体 HMAT-00589 一致。,0.6227,hydraulic
EVO_TEXT_HFB-00632,HFB-00632,fault_evolution_text,早期异常较弱，运行载荷放大后出现指标漂移，并逐步演化为轻微故障。,0.6227,hydraulic
RCA_TEXT_HFB-00633,HFB-00633,rca_text,结合传感器能量和检测记录，卸荷阀的阀芯卡滞与检测阶段高风险实体 HINSP-00633 一致。,0.5669,hydraulic
EVO_TEXT_HFB-00633,HFB-00633,fault_evolution_text,检测阶段风险与运行工况耦合后引起状态劣化，检测指标随严重度同步升高。,0.5669,hydraulic
RCA_TEXT_HFB-00634,HFB-00634,rca_text,结合传感器能量和检测记录，节流阀的流量异常与制造阶段高风险实体 HMAN-00370 一致。,0.5457,hydraulic
EVO_TEXT_HFB-00634,HFB-00634,fault_evolution_text,制造阶段风险与运行工况耦合后引起状态劣化，检测指标随严重度同步升高。,0.5457,hydraulic
RCA_TEXT_HFB-00635,HFB-00635,rca_text,管路总成出现中度流量异常，生命周期风险集中在运维阶段，建议优先追溯 HOPR-00635。,0.6119,hydraulic
EVO_TEXT_HFB-00635,HFB-00635,fault_evolution_text,运维阶段风险与运行工况耦合后引起状态劣化，检测指标随严重度同步升高。,0.6119,hydraulic
RCA_TEXT_HFB-00636,HFB-00636,rca_text,结合传感器能量和检测记录，节流阀的流量异常与运维阶段高风险实体 HOPR-00636 一致。,0.5736,hydraulic
EVO_TEXT_HFB-00636,HFB-00636,fault_evolution_text,运维阶段风险与运行工况耦合后引起状态劣化，检测指标随严重度同步升高。,0.5736,hydraulic
RCA_TEXT_HFB-00637,HFB-00637,rca_text,节流阀出现轻微泄漏异常，生命周期风险集中在材料阶段，建议优先追溯 HMAT-00110。,0.5354,hydraulic
EVO_TEXT_HFB-00637,HFB-00637,fault_evolution_text,材料阶段风险与运行工况耦合后引起状态劣化，检测指标随严重度同步升高。,0.5354,hydraulic
RCA_TEXT_HFB-00638,HFB-00638,rca_text,该案例表现为轻微流量异常，根因更可能由检测阶段隐患累积触发。,0.5767,hydraulic
EVO_TEXT_HFB-00638,HFB-00638,fault_evolution_text,隐患先导致局部性能退化，随后传感器能量向关联通道集中，最终形成流量异常。,0.5767,hydraulic
RCA_TEXT_HFB-00639,HFB-00639,rca_text,溢流阀出现轻微压力异常，生命周期风险集中在运维阶段，建议优先追溯 HOPR-00639。,0.6381,hydraulic
EVO_TEXT_HFB-00639,HFB-00639,fault_evolution_text,早期异常较弱，运行载荷放大后出现指标漂移，并逐步演化为轻微故障。,0.6381,hydraulic
RCA_TEXT_HFB-00640,HFB-00640,rca_text,管路总成出现中度泄漏异常，生命周期风险集中在设计阶段，建议优先追溯 HPIP-00125。,0.6403,hydraulic
EVO_TEXT_HFB-00640,HFB-00640,fault_evolution_text,隐患先导致局部性能退化，随后传感器能量向关联通道集中，最终形成泄漏异常。,0.6403,hydraulic
RCA_TEXT_HFB-00641,HFB-00641,rca_text,该案例表现为轻微流量异常，根因更可能由运维阶段隐患累积触发。,0.5888,hydraulic
EVO_TEXT_HFB-00641,HFB-00641,fault_evolution_text,运维阶段风险与运行工况耦合后引起状态劣化，检测指标随严重度同步升高。,0.5888,hydraulic
RCA_TEXT_HFB-00642,HFB-00642,rca_text,卸荷阀出现中度阀芯卡滞，生命周期风险集中在制造阶段，建议优先追溯 HMAN-00287。,0.6028,hydraulic
EVO_TEXT_HFB-00642,HFB-00642,fault_evolution_text,早期异常较弱，运行载荷放大后出现指标漂移，并逐步演化为中度故障。,0.6028,hydraulic
RCA_TEXT_HFB-00643,HFB-00643,rca_text,作动筒出现中度泄漏异常，生命周期风险集中在检测阶段，建议优先追溯 HINSP-00643。,0.6191,hydraulic
EVO_TEXT_HFB-00643,HFB-00643,fault_evolution_text,检测阶段风险与运行工况耦合后引起状态劣化，检测指标随严重度同步升高。,0.6191,hydraulic
RCA_TEXT_HFB-00644,HFB-00644,rca_text,该案例表现为中度压力异常，根因更可能由装配阶段隐患累积触发。,0.6234,hydraulic
EVO_TEXT_HFB-00644,HFB-00644,fault_evolution_text,装配阶段风险与运行工况耦合后引起状态劣化，检测指标随严重度同步升高。,0.6234,hydraulic
RCA_TEXT_HFB-00645,HFB-00645,rca_text,结合传感器能量和检测记录，单向阀的阀芯卡滞与制造阶段高风险实体 HMAN-00351 一致。,0.5939,hydraulic
EVO_TEXT_HFB-00645,HFB-00645,fault_evolution_text,制造阶段风险与运行工况耦合后引起状态劣化，检测指标随严重度同步升高。,0.5939,hydraulic
RCA_TEXT_HFB-00646,HFB-00646,rca_text,管路总成出现中度泄漏异常，生命周期风险集中在材料阶段，建议优先追溯 HMAT-00582。,0.6438,hydraulic
EVO_TEXT_HFB-00646,HFB-00646,fault_evolution_text,早期异常较弱，运行载荷放大后出现指标漂移，并逐步演化为中度故障。,0.6438,hydraulic
RCA_TEXT_HFB-00647,HFB-00647,rca_text,该案例表现为轻微振动异常，根因更可能由运维阶段隐患累积触发。,0.6275,hydraulic
EVO_TEXT_HFB-00647,HFB-00647,fault_evolution_text,早期异常较弱，运行载荷放大后出现指标漂移，并逐步演化为轻微故障。,0.6275,hydraulic
RCA_TEXT_HFB-00648,HFB-00648,rca_text,该案例表现为中度泄漏异常，根因更可能由装配阶段隐患累积触发。,0.721,hydraulic
EVO_TEXT_HFB-00648,HFB-00648,fault_evolution_text,早期异常较弱，运行载荷放大后出现指标漂移，并逐步演化为中度故障。,0.721,hydraulic
RCA_TEXT_HFB-00649,HFB-00649,rca_text,该案例表现为轻微温度异常，根因更可能由运维阶段隐患累积触发。,0.588,hydraulic
EVO_TEXT_HFB-00649,HFB-00649,fault_evolution_text,运维阶段风险与运行工况耦合后引起状态劣化，检测指标随严重度同步升高。,0.588,hydraulic
RCA_TEXT_HFB-00650,HFB-00650,rca_text,冷却器出现中度温度异常，生命周期风险集中在运维阶段，建议优先追溯 HOPR-00650。,0.5873,hydraulic
EVO_TEXT_HFB-00650,HFB-00650,fault_evolution_text,隐患先导致局部性能退化，随后传感器能量向关联通道集中，最终形成温度异常。,0.5873,hydraulic
RCA_TEXT_HFB-00651,HFB-00651,rca_text,该案例表现为轻微流量异常，根因更可能由运维阶段隐患累积触发。,0.5721,hydraulic
EVO_TEXT_HFB-00651,HFB-00651,fault_evolution_text,运维阶段风险与运行工况耦合后引起状态劣化，检测指标随严重度同步升高。,0.5721,hydraulic
RCA_TEXT_HFB-00652,HFB-00652,rca_text,作动筒出现轻微流量异常，生命周期风险集中在材料阶段，建议优先追溯 HMAT-00147。,0.5649,hydraulic
EVO_TEXT_HFB-00652,HFB-00652,fault_evolution_text,材料阶段风险与运行工况耦合后引起状态劣化，检测指标随严重度同步升高。,0.5649,hydraulic
RCA_TEXT_HFB-00653,HFB-00653,rca_text,该案例表现为轻微泄漏异常，根因更可能由设计阶段隐患累积触发。,0.544,hydraulic
EVO_TEXT_HFB-00653,HFB-00653,fault_evolution_text,设计阶段风险与运行工况耦合后引起状态劣化，检测指标随严重度同步升高。,0.544,hydraulic
RCA_TEXT_HFB-00654,HFB-00654,rca_text,该案例表现为轻微压力异常，根因更可能由运维阶段隐患累积触发。,0.6248,hydraulic
EVO_TEXT_HFB-00654,HFB-00654,fault_evolution_text,早期异常较弱，运行载荷放大后出现指标漂移，并逐步演化为轻微故障。,0.6248,hydraulic
RCA_TEXT_HFB-00655,HFB-00655,rca_text,冷却器出现轻微温度异常，生命周期风险集中在装配阶段，建议优先追溯 HASM-00655。,0.5089,hydraulic
EVO_TEXT_HFB-00655,HFB-00655,fault_evolution_text,隐患先导致局部性能退化，随后传感器能量向关联通道集中，最终形成温度异常。,0.5089,hydraulic
RCA_TEXT_HFB-00656,HFB-00656,rca_text,该案例表现为轻微温度异常，根因更可能由运维阶段隐患累积触发。,0.6019,hydraulic
EVO_TEXT_HFB-00656,HFB-00656,fault_evolution_text,早期异常较弱，运行载荷放大后出现指标漂移，并逐步演化为轻微故障。,0.6019,hydraulic
RCA_TEXT_HFB-00657,HFB-00657,rca_text,结合传感器能量和检测记录，方向控制阀的流量异常与制造阶段高风险实体 HMAN-00406 一致。,0.6532,hydraulic
EVO_TEXT_HFB-00657,HFB-00657,fault_evolution_text,制造阶段风险与运行工况耦合后引起状态劣化，检测指标随严重度同步升高。,0.6532,hydraulic
RCA_TEXT_HFB-00658,HFB-00658,rca_text,该案例表现为中度流量异常，根因更可能由运维阶段隐患累积触发。,0.6495,hydraulic
EVO_TEXT_HFB-00658,HFB-00658,fault_evolution_text,运维阶段风险与运行工况耦合后引起状态劣化，检测指标随严重度同步升高。,0.6495,hydraulic
RCA_TEXT_HFB-00659,HFB-00659,rca_text,液压泵总成出现轻微阀芯卡滞，生命周期风险集中在材料阶段，建议优先追溯 HMAT-00553。,0.564,hydraulic
EVO_TEXT_HFB-00659,HFB-00659,fault_evolution_text,材料阶段风险与运行工况耦合后引起状态劣化，检测指标随严重度同步升高。,0.564,hydraulic
RCA_TEXT_HFB-00660,HFB-00660,rca_text,液压油箱出现轻微压力异常，生命周期风险集中在制造阶段，建议优先追溯 HMAN-00970。,0.5368,hydraulic
EVO_TEXT_HFB-00660,HFB-00660,fault_evolution_text,制造阶段风险与运行工况耦合后引起状态劣化，检测指标随严重度同步升高。,0.5368,hydraulic
RCA_TEXT_HFB-00661,HFB-00661,rca_text,管路总成出现中度振动异常，生命周期风险集中在制造阶段，建议优先追溯 HMAN-00613。,0.6305,hydraulic
EVO_TEXT_HFB-00661,HFB-00661,fault_evolution_text,隐患先导致局部性能退化，随后传感器能量向关联通道集中，最终形成振动异常。,0.6305,hydraulic
RCA_TEXT_HFB-00662,HFB-00662,rca_text,结合传感器能量和检测记录，卸荷阀的阀芯卡滞与运维阶段高风险实体 HOPR-00662 一致。,0.596,hydraulic
EVO_TEXT_HFB-00662,HFB-00662,fault_evolution_text,早期异常较弱，运行载荷放大后出现指标漂移，并逐步演化为中度故障。,0.596,hydraulic
RCA_TEXT_HFB-00663,HFB-00663,rca_text,该案例表现为轻微泄漏异常，根因更可能由制造阶段隐患累积触发。,0.5838,hydraulic
EVO_TEXT_HFB-00663,HFB-00663,fault_evolution_text,早期异常较弱，运行载荷放大后出现指标漂移，并逐步演化为轻微故障。,0.5838,hydraulic
RCA_TEXT_HFB-00664,HFB-00664,rca_text,结合传感器能量和检测记录，单向阀的振动异常与运维阶段高风险实体 HOPR-00664 一致。,0.6176,hydraulic
EVO_TEXT_HFB-00664,HFB-00664,fault_evolution_text,运维阶段风险与运行工况耦合后引起状态劣化，检测指标随严重度同步升高。,0.6176,hydraulic
RCA_TEXT_HFB-00665,HFB-00665,rca_text,结合传感器能量和检测记录，节流阀的流量异常与装配阶段高风险实体 HASM-00665 一致。,0.6195,hydraulic
EVO_TEXT_HFB-00665,HFB-00665,fault_evolution_text,早期异常较弱，运行载荷放大后出现指标漂移，并逐步演化为中度故障。,0.6195,hydraulic
RCA_TEXT_HFB-00666,HFB-00666,rca_text,管路总成出现中度泄漏异常，生命周期风险集中在设计阶段，建议优先追溯 HPIP-00131。,0.6712,hydraulic
EVO_TEXT_HFB-00666,HFB-00666,fault_evolution_text,早期异常较弱，运行载荷放大后出现指标漂移，并逐步演化为中度故障。,0.6712,hydraulic
RCA_TEXT_HFB-00667,HFB-00667,rca_text,结合传感器能量和检测记录，管路总成的振动异常与运维阶段高风险实体 HOPR-00667 一致。,0.595,hydraulic
EVO_TEXT_HFB-00667,HFB-00667,fault_evolution_text,隐患先导致局部性能退化，随后传感器能量向关联通道集中，最终形成振动异常。,0.595,hydraulic
RCA_TEXT_HFB-00668,HFB-00668,rca_text,结合传感器能量和检测记录，液压泵总成的压力异常与设计阶段高风险实体 HDES-00304 一致。,0.6495,hydraulic
EVO_TEXT_HFB-00668,HFB-00668,fault_evolution_text,隐患先导致局部性能退化，随后传感器能量向关联通道集中，最终形成压力异常。,0.6495,hydraulic
RCA_TEXT_HFB-00669,HFB-00669,rca_text,结合传感器能量和检测记录，液压泵总成的振动异常与设计阶段高风险实体 HDES-00431 一致。,0.6141,hydraulic
EVO_TEXT_HFB-00669,HFB-00669,fault_evolution_text,早期异常较弱，运行载荷放大后出现指标漂移，并逐步演化为中度故障。,0.6141,hydraulic
RCA_TEXT_HFB-00670,HFB-00670,rca_text,节流阀出现轻微温度异常，生命周期风险集中在设计阶段，建议优先追溯 HDES-00116。,0.5878,hydraulic
EVO_TEXT_HFB-00670,HFB-00670,fault_evolution_text,隐患先导致局部性能退化，随后传感器能量向关联通道集中，最终形成温度异常。,0.5878,hydraulic
RCA_TEXT_HFB-00671,HFB-00671,rca_text,该案例表现为轻微压力异常，根因更可能由运维阶段隐患累积触发。,0.5502,hydraulic
EVO_TEXT_HFB-00671,HFB-00671,fault_evolution_text,运维阶段风险与运行工况耦合后引起状态劣化，检测指标随严重度同步升高。,0.5502,hydraulic
RCA_TEXT_HFB-00672,HFB-00672,rca_text,过滤器出现轻微温度异常，生命周期风险集中在运维阶段，建议优先追溯 HOPR-00672。,0.6361,hydraulic
EVO_TEXT_HFB-00672,HFB-00672,fault_evolution_text,隐患先导致局部性能退化，随后传感器能量向关联通道集中，最终形成温度异常。,0.6361,hydraulic
RCA_TEXT_HFB-00673,HFB-00673,rca_text,该案例表现为轻微阀芯卡滞，根因更可能由装配阶段隐患累积触发。,0.5826,hydraulic
EVO_TEXT_HFB-00673,HFB-00673,fault_evolution_text,隐患先导致局部性能退化，随后传感器能量向关联通道集中，最终形成阀芯卡滞。,0.5826,hydraulic
RCA_TEXT_HFB-00674,HFB-00674,rca_text,结合传感器能量和检测记录，液压油箱的压力异常与设计阶段高风险实体 HDES-00905 一致。,0.5514,hydraulic
EVO_TEXT_HFB-00674,HFB-00674,fault_evolution_text,早期异常较弱，运行载荷放大后出现指标漂移，并逐步演化为轻微故障。,0.5514,hydraulic
RCA_TEXT_HFB-00675,HFB-00675,rca_text,方向控制阀出现轻微压力异常，生命周期风险集中在运维阶段，建议优先追溯 HOPR-00675。,0.6349,hydraulic
EVO_TEXT_HFB-00675,HFB-00675,fault_evolution_text,早期异常较弱，运行载荷放大后出现指标漂移，并逐步演化为轻微故障。,0.6349,hydraulic
RCA_TEXT_HFB-00676,HFB-00676,rca_text,液压油箱出现轻微泄漏异常，生命周期风险集中在运维阶段，建议优先追溯 HOPR-00676。,0.5123,hydraulic
EVO_TEXT_HFB-00676,HFB-00676,fault_evolution_text,运维阶段风险与运行工况耦合后引起状态劣化，检测指标随严重度同步升高。,0.5123,hydraulic
RCA_TEXT_HFB-00677,HFB-00677,rca_text,结合传感器能量和检测记录，单向阀的流量异常与材料阶段高风险实体 HMAT-00578 一致。,0.5828,hydraulic
EVO_TEXT_HFB-00677,HFB-00677,fault_evolution_text,早期异常较弱，运行载荷放大后出现指标漂移，并逐步演化为轻微故障。,0.5828,hydraulic
RCA_TEXT_HFB-00678,HFB-00678,rca_text,作动筒出现轻微振动异常，生命周期风险集中在运维阶段，建议优先追溯 HOPR-00678。,0.5559,hydraulic
EVO_TEXT_HFB-00678,HFB-00678,fault_evolution_text,早期异常较弱，运行载荷放大后出现指标漂移，并逐步演化为轻微故障。,0.5559,hydraulic
RCA_TEXT_HFB-00679,HFB-00679,rca_text,冷却器出现轻微温度异常，生命周期风险集中在检测阶段，建议优先追溯 HINSP-00679。,0.5871,hydraulic
EVO_TEXT_HFB-00679,HFB-00679,fault_evolution_text,早期异常较弱，运行载荷放大后出现指标漂移，并逐步演化为轻微故障。,0.5871,hydraulic
RCA_TEXT_HFB-00680,HFB-00680,rca_text,结合传感器能量和检测记录，蓄能器的流量异常与运维阶段高风险实体 HOPR-00680 一致。,0.5989,hydraulic
EVO_TEXT_HFB-00680,HFB-00680,fault_evolution_text,隐患先导致局部性能退化，随后传感器能量向关联通道集中，最终形成流量异常。,0.5989,hydraulic
RCA_TEXT_HFB-00681,HFB-00681,rca_text,结合传感器能量和检测记录，液压油箱的压力异常与材料阶段高风险实体 HMAT-00251 一致。,0.5833,hydraulic
EVO_TEXT_HFB-00681,HFB-00681,fault_evolution_text,材料阶段风险与运行工况耦合后引起状态劣化，检测指标随严重度同步升高。,0.5833,hydraulic
RCA_TEXT_HFB-00682,HFB-00682,rca_text,结合传感器能量和检测记录，作动筒的泄漏异常与材料阶段高风险实体 HMAT-00599 一致。,0.6271,hydraulic
EVO_TEXT_HFB-00682,HFB-00682,fault_evolution_text,材料阶段风险与运行工况耦合后引起状态劣化，检测指标随严重度同步升高。,0.6271,hydraulic
RCA_TEXT_HFB-00683,HFB-00683,rca_text,作动筒出现轻微温度异常，生命周期风险集中在运维阶段，建议优先追溯 HOPR-00683。,0.5792,hydraulic
EVO_TEXT_HFB-00683,HFB-00683,fault_evolution_text,运维阶段风险与运行工况耦合后引起状态劣化，检测指标随严重度同步升高。,0.5792,hydraulic
RCA_TEXT_HFB-00684,HFB-00684,rca_text,该案例表现为中度振动异常，根因更可能由检测阶段隐患累积触发。,0.5823,hydraulic
EVO_TEXT_HFB-00684,HFB-00684,fault_evolution_text,隐患先导致局部性能退化，随后传感器能量向关联通道集中，最终形成振动异常。,0.5823,hydraulic
RCA_TEXT_HFB-00685,HFB-00685,rca_text,该案例表现为轻微温度异常，根因更可能由检测阶段隐患累积触发。,0.5887,hydraulic
EVO_TEXT_HFB-00685,HFB-00685,fault_evolution_text,隐患先导致局部性能退化，随后传感器能量向关联通道集中，最终形成温度异常。,0.5887,hydraulic
RCA_TEXT_HFB-00686,HFB-00686,rca_text,作动筒出现轻微振动异常，生命周期风险集中在运维阶段，建议优先追溯 HOPR-00686。,0.5851,hydraulic
EVO_TEXT_HFB-00686,HFB-00686,fault_evolution_text,早期异常较弱，运行载荷放大后出现指标漂移，并逐步演化为轻微故障。,0.5851,hydraulic
RCA_TEXT_HFB-00687,HFB-00687,rca_text,蓄能器出现轻微压力异常，生命周期风险集中在运维阶段，建议优先追溯 HOPR-00687。,0.6172,hydraulic
EVO_TEXT_HFB-00687,HFB-00687,fault_evolution_text,运维阶段风险与运行工况耦合后引起状态劣化，检测指标随严重度同步升高。,0.6172,hydraulic
RCA_TEXT_HFB-00688,HFB-00688,rca_text,结合传感器能量和检测记录，单向阀的流量异常与运维阶段高风险实体 HOPR-00688 一致。,0.6092,hydraulic
EVO_TEXT_HFB-00688,HFB-00688,fault_evolution_text,运维阶段风险与运行工况耦合后引起状态劣化，检测指标随严重度同步升高。,0.6092,hydraulic
RCA_TEXT_HFB-00689,HFB-00689,rca_text,结合传感器能量和检测记录，液压油箱的温度异常与设计阶段高风险实体 HDES-00524 一致。,0.5407,hydraulic
EVO_TEXT_HFB-00689,HFB-00689,fault_evolution_text,设计阶段风险与运行工况耦合后引起状态劣化，检测指标随严重度同步升高。,0.5407,hydraulic
RCA_TEXT_HFB-00690,HFB-00690,rca_text,结合传感器能量和检测记录，蓄能器的压力异常与运维阶段高风险实体 HOPR-00690 一致。,0.5979,hydraulic
EVO_TEXT_HFB-00690,HFB-00690,fault_evolution_text,运维阶段风险与运行工况耦合后引起状态劣化，检测指标随严重度同步升高。,0.5979,hydraulic
RCA_TEXT_HFB-00691,HFB-00691,rca_text,结合传感器能量和检测记录，蓄能器的压力异常与运维阶段高风险实体 HOPR-00691 一致。,0.6266,hydraulic
EVO_TEXT_HFB-00691,HFB-00691,fault_evolution_text,隐患先导致局部性能退化，随后传感器能量向关联通道集中，最终形成压力异常。,0.6266,hydraulic
RCA_TEXT_HFB-00692,HFB-00692,rca_text,结合传感器能量和检测记录，溢流阀的泄漏异常与材料阶段高风险实体 HMAT-00204 一致。,0.565,hydraulic
EVO_TEXT_HFB-00692,HFB-00692,fault_evolution_text,材料阶段风险与运行工况耦合后引起状态劣化，检测指标随严重度同步升高。,0.565,hydraulic
RCA_TEXT_HFB-00693,HFB-00693,rca_text,结合传感器能量和检测记录，卸荷阀的泄漏异常与运维阶段高风险实体 HOPR-00693 一致。,0.6348,hydraulic
EVO_TEXT_HFB-00693,HFB-00693,fault_evolution_text,早期异常较弱，运行载荷放大后出现指标漂移，并逐步演化为中度故障。,0.6348,hydraulic
RCA_TEXT_HFB-00694,HFB-00694,rca_text,该案例表现为中度压力异常，根因更可能由装配阶段隐患累积触发。,0.6744,hydraulic
EVO_TEXT_HFB-00694,HFB-00694,fault_evolution_text,装配阶段风险与运行工况耦合后引起状态劣化，检测指标随严重度同步升高。,0.6744,hydraulic
RCA_TEXT_HFB-00695,HFB-00695,rca_text,节流阀出现轻微阀芯卡滞，生命周期风险集中在检测阶段，建议优先追溯 HINSP-00695。,0.6218,hydraulic
EVO_TEXT_HFB-00695,HFB-00695,fault_evolution_text,早期异常较弱，运行载荷放大后出现指标漂移，并逐步演化为轻微故障。,0.6218,hydraulic
RCA_TEXT_HFB-00696,HFB-00696,rca_text,结合传感器能量和检测记录，管路总成的流量异常与制造阶段高风险实体 HMAN-00850 一致。,0.6907,hydraulic
EVO_TEXT_HFB-00696,HFB-00696,fault_evolution_text,制造阶段风险与运行工况耦合后引起状态劣化，检测指标随严重度同步升高。,0.6907,hydraulic
RCA_TEXT_HFB-00697,HFB-00697,rca_text,结合传感器能量和检测记录，过滤器的压力异常与运维阶段高风险实体 HOPR-00697 一致。,0.5635,hydraulic
EVO_TEXT_HFB-00697,HFB-00697,fault_evolution_text,隐患先导致局部性能退化，随后传感器能量向关联通道集中，最终形成压力异常。,0.5635,hydraulic
RCA_TEXT_HFB-00698,HFB-00698,rca_text,管路总成出现中度压力异常，生命周期风险集中在运维阶段，建议优先追溯 HOPR-00698。,0.6464,hydraulic
EVO_TEXT_HFB-00698,HFB-00698,fault_evolution_text,隐患先导致局部性能退化，随后传感器能量向关联通道集中，最终形成压力异常。,0.6464,hydraulic
RCA_TEXT_HFB-00699,HFB-00699,rca_text,结合传感器能量和检测记录，溢流阀的振动异常与制造阶段高风险实体 HMAN-00329 一致。,0.6435,hydraulic
EVO_TEXT_HFB-00699,HFB-00699,fault_evolution_text,制造阶段风险与运行工况耦合后引起状态劣化，检测指标随严重度同步升高。,0.6435,hydraulic
RCA_TEXT_HFB-00700,HFB-00700,rca_text,该案例表现为轻微温度异常，根因更可能由制造阶段隐患累积触发。,0.5404,hydraulic
EVO_TEXT_HFB-00700,HFB-00700,fault_evolution_text,隐患先导致局部性能退化，随后传感器能量向关联通道集中，最终形成温度异常。,0.5404,hydraulic
RCA_TEXT_HFB-00701,HFB-00701,rca_text,结合传感器能量和检测记录，单向阀的振动异常与运维阶段高风险实体 HOPR-00701 一致。,0.5718,hydraulic
EVO_TEXT_HFB-00701,HFB-00701,fault_evolution_text,隐患先导致局部性能退化，随后传感器能量向关联通道集中，最终形成振动异常。,0.5718,hydraulic
RCA_TEXT_HFB-00702,HFB-00702,rca_text,该案例表现为中度泄漏异常，根因更可能由设计阶段隐患累积触发。,0.6171,hydraulic
EVO_TEXT_HFB-00702,HFB-00702,fault_evolution_text,设计阶段风险与运行工况耦合后引起状态劣化，检测指标随严重度同步升高。,0.6171,hydraulic
RCA_TEXT_HFB-00703,HFB-00703,rca_text,管路总成出现中度压力异常，生命周期风险集中在设计阶段，建议优先追溯 HPIP-00136。,0.5528,hydraulic
EVO_TEXT_HFB-00703,HFB-00703,fault_evolution_text,隐患先导致局部性能退化，随后传感器能量向关联通道集中，最终形成压力异常。,0.5528,hydraulic
RCA_TEXT_HFB-00704,HFB-00704,rca_text,结合传感器能量和检测记录，作动筒的泄漏异常与装配阶段高风险实体 HASM-00704 一致。,0.5915,hydraulic
EVO_TEXT_HFB-00704,HFB-00704,fault_evolution_text,隐患先导致局部性能退化，随后传感器能量向关联通道集中，最终形成泄漏异常。,0.5915,hydraulic
RCA_TEXT_HFB-00705,HFB-00705,rca_text,结合传感器能量和检测记录，作动筒的振动异常与运维阶段高风险实体 HOPR-00705 一致。,0.5865,hydraulic
EVO_TEXT_HFB-00705,HFB-00705,fault_evolution_text,早期异常较弱，运行载荷放大后出现指标漂移，并逐步演化为中度故障。,0.5865,hydraulic
RCA_TEXT_HFB-00706,HFB-00706,rca_text,单向阀出现轻微流量异常，生命周期风险集中在制造阶段，建议优先追溯 HMAN-01102。,0.5751,hydraulic
EVO_TEXT_HFB-00706,HFB-00706,fault_evolution_text,隐患先导致局部性能退化，随后传感器能量向关联通道集中，最终形成流量异常。,0.5751,hydraulic
RCA_TEXT_HFB-00707,HFB-00707,rca_text,该案例表现为中度泄漏异常，根因更可能由检测阶段隐患累积触发。,0.6142,hydraulic
EVO_TEXT_HFB-00707,HFB-00707,fault_evolution_text,隐患先导致局部性能退化，随后传感器能量向关联通道集中，最终形成泄漏异常。,0.6142,hydraulic
RCA_TEXT_HFB-00708,HFB-00708,rca_text,结合传感器能量和检测记录，管路总成的流量异常与制造阶段高风险实体 HMAN-00946 一致。,0.5898,hydraulic
EVO_TEXT_HFB-00708,HFB-00708,fault_evolution_text,制造阶段风险与运行工况耦合后引起状态劣化，检测指标随严重度同步升高。,0.5898,hydraulic
RCA_TEXT_HFB-00709,HFB-00709,rca_text,结合传感器能量和检测记录，液压泵总成的泄漏异常与设计阶段高风险实体 HDES-00845 一致。,0.58,hydraulic
EVO_TEXT_HFB-00709,HFB-00709,fault_evolution_text,早期异常较弱，运行载荷放大后出现指标漂移，并逐步演化为中度故障。,0.58,hydraulic
RCA_TEXT_HFB-00710,HFB-00710,rca_text,结合传感器能量和检测记录，过滤器的振动异常与运维阶段高风险实体 HOPR-00710 一致。,0.6097,hydraulic
EVO_TEXT_HFB-00710,HFB-00710,fault_evolution_text,运维阶段风险与运行工况耦合后引起状态劣化，检测指标随严重度同步升高。,0.6097,hydraulic
RCA_TEXT_HFB-00711,HFB-00711,rca_text,该案例表现为中度流量异常，根因更可能由运维阶段隐患累积触发。,0.5755,hydraulic
EVO_TEXT_HFB-00711,HFB-00711,fault_evolution_text,早期异常较弱，运行载荷放大后出现指标漂移，并逐步演化为中度故障。,0.5755,hydraulic
RCA_TEXT_HFB-00712,HFB-00712,rca_text,该案例表现为轻微压力异常，根因更可能由制造阶段隐患累积触发。,0.5214,hydraulic
EVO_TEXT_HFB-00712,HFB-00712,fault_evolution_text,制造阶段风险与运行工况耦合后引起状态劣化，检测指标随严重度同步升高。,0.5214,hydraulic
RCA_TEXT_HFB-00713,HFB-00713,rca_text,结合传感器能量和检测记录，卸荷阀的振动异常与设计阶段高风险实体 HDES-00323 一致。,0.5202,hydraulic
EVO_TEXT_HFB-00713,HFB-00713,fault_evolution_text,早期异常较弱，运行载荷放大后出现指标漂移，并逐步演化为轻微故障。,0.5202,hydraulic
RCA_TEXT_HFB-00714,HFB-00714,rca_text,结合传感器能量和检测记录，蓄能器的压力异常与运维阶段高风险实体 HOPR-00714 一致。,0.6209,hydraulic
EVO_TEXT_HFB-00714,HFB-00714,fault_evolution_text,早期异常较弱，运行载荷放大后出现指标漂移，并逐步演化为轻微故障。,0.6209,hydraulic
RCA_TEXT_HFB-00715,HFB-00715,rca_text,结合传感器能量和检测记录，溢流阀的流量异常与运维阶段高风险实体 HOPR-00715 一致。,0.6596,hydraulic
EVO_TEXT_HFB-00715,HFB-00715,fault_evolution_text,运维阶段风险与运行工况耦合后引起状态劣化，检测指标随严重度同步升高。,0.6596,hydraulic
RCA_TEXT_HFB-00716,HFB-00716,rca_text,该案例表现为中度流量异常，根因更可能由制造阶段隐患累积触发。,0.6219,hydraulic
EVO_TEXT_HFB-00716,HFB-00716,fault_evolution_text,早期异常较弱，运行载荷放大后出现指标漂移，并逐步演化为中度故障。,0.6219,hydraulic
RCA_TEXT_HFB-00717,HFB-00717,rca_text,结合传感器能量和检测记录，过滤器的流量异常与制造阶段高风险实体 HMAN-01100 一致。,0.6227,hydraulic
EVO_TEXT_HFB-00717,HFB-00717,fault_evolution_text,制造阶段风险与运行工况耦合后引起状态劣化，检测指标随严重度同步升高。,0.6227,hydraulic
RCA_TEXT_HFB-00718,HFB-00718,rca_text,作动筒出现中度振动异常，生命周期风险集中在制造阶段，建议优先追溯 HMAN-00953。,0.6192,hydraulic
EVO_TEXT_HFB-00718,HFB-00718,fault_evolution_text,隐患先导致局部性能退化，随后传感器能量向关联通道集中，最终形成振动异常。,0.6192,hydraulic
RCA_TEXT_HFB-00719,HFB-00719,rca_text,该案例表现为中度泄漏异常，根因更可能由运维阶段隐患累积触发。,0.6066,hydraulic
EVO_TEXT_HFB-00719,HFB-00719,fault_evolution_text,隐患先导致局部性能退化，随后传感器能量向关联通道集中，最终形成泄漏异常。,0.6066,hydraulic
RCA_TEXT_HFB-00720,HFB-00720,rca_text,该案例表现为轻微压力异常，根因更可能由制造阶段隐患累积触发。,0.607,hydraulic
EVO_TEXT_HFB-00720,HFB-00720,fault_evolution_text,隐患先导致局部性能退化，随后传感器能量向关联通道集中，最终形成压力异常。,0.607,hydraulic
RCA_TEXT_HFB-00721,HFB-00721,rca_text,液压油箱出现轻微温度异常，生命周期风险集中在检测阶段，建议优先追溯 HINSP-00721。,0.5745,hydraulic
EVO_TEXT_HFB-00721,HFB-00721,fault_evolution_text,检测阶段风险与运行工况耦合后引起状态劣化，检测指标随严重度同步升高。,0.5745,hydraulic
RCA_TEXT_HFB-00722,HFB-00722,rca_text,作动筒出现轻微振动异常，生命周期风险集中在材料阶段，建议优先追溯 HMAT-00406。,0.665,hydraulic
EVO_TEXT_HFB-00722,HFB-00722,fault_evolution_text,材料阶段风险与运行工况耦合后引起状态劣化，检测指标随严重度同步升高。,0.665,hydraulic
RCA_TEXT_HFB-00723,HFB-00723,rca_text,该案例表现为轻微温度异常，根因更可能由运维阶段隐患累积触发。,0.5331,hydraulic
EVO_TEXT_HFB-00723,HFB-00723,fault_evolution_text,早期异常较弱，运行载荷放大后出现指标漂移，并逐步演化为轻微故障。,0.5331,hydraulic
RCA_TEXT_HFB-00724,HFB-00724,rca_text,该案例表现为轻微阀芯卡滞，根因更可能由制造阶段隐患累积触发。,0.594,hydraulic
EVO_TEXT_HFB-00724,HFB-00724,fault_evolution_text,隐患先导致局部性能退化，随后传感器能量向关联通道集中，最终形成阀芯卡滞。,0.594,hydraulic
RCA_TEXT_HFB-00725,HFB-00725,rca_text,单向阀出现轻微振动异常，生命周期风险集中在运维阶段，建议优先追溯 HOPR-00725。,0.5339,hydraulic
EVO_TEXT_HFB-00725,HFB-00725,fault_evolution_text,隐患先导致局部性能退化，随后传感器能量向关联通道集中，最终形成振动异常。,0.5339,hydraulic
RCA_TEXT_HFB-00726,HFB-00726,rca_text,溢流阀出现轻微温度异常，生命周期风险集中在材料阶段，建议优先追溯 HMAT-00441。,0.6391,hydraulic
EVO_TEXT_HFB-00726,HFB-00726,fault_evolution_text,材料阶段风险与运行工况耦合后引起状态劣化，检测指标随严重度同步升高。,0.6391,hydraulic
RCA_TEXT_HFB-00727,HFB-00727,rca_text,结合传感器能量和检测记录，液压泵总成的泄漏异常与材料阶段高风险实体 HMAT-00432 一致。,0.5842,hydraulic
EVO_TEXT_HFB-00727,HFB-00727,fault_evolution_text,隐患先导致局部性能退化，随后传感器能量向关联通道集中，最终形成泄漏异常。,0.5842,hydraulic
RCA_TEXT_HFB-00728,HFB-00728,rca_text,该案例表现为轻微阀芯卡滞，根因更可能由装配阶段隐患累积触发。,0.6083,hydraulic
EVO_TEXT_HFB-00728,HFB-00728,fault_evolution_text,装配阶段风险与运行工况耦合后引起状态劣化，检测指标随严重度同步升高。,0.6083,hydraulic
RCA_TEXT_HFB-00729,HFB-00729,rca_text,结合传感器能量和检测记录，管路总成的泄漏异常与检测阶段高风险实体 HINSP-00729 一致。,0.5932,hydraulic
EVO_TEXT_HFB-00729,HFB-00729,fault_evolution_text,检测阶段风险与运行工况耦合后引起状态劣化，检测指标随严重度同步升高。,0.5932,hydraulic
RCA_TEXT_HFB-00730,HFB-00730,rca_text,结合传感器能量和检测记录，管路总成的压力异常与装配阶段高风险实体 HASM-00730 一致。,0.6372,hydraulic
EVO_TEXT_HFB-00730,HFB-00730,fault_evolution_text,装配阶段风险与运行工况耦合后引起状态劣化，检测指标随严重度同步升高。,0.6372,hydraulic
RCA_TEXT_HFB-00731,HFB-00731,rca_text,结合传感器能量和检测记录，液压油箱的温度异常与装配阶段高风险实体 HASM-00731 一致。,0.6163,hydraulic
EVO_TEXT_HFB-00731,HFB-00731,fault_evolution_text,装配阶段风险与运行工况耦合后引起状态劣化，检测指标随严重度同步升高。,0.6163,hydraulic
RCA_TEXT_HFB-00732,HFB-00732,rca_text,该案例表现为中度压力异常，根因更可能由制造阶段隐患累积触发。,0.5856,hydraulic
EVO_TEXT_HFB-00732,HFB-00732,fault_evolution_text,早期异常较弱，运行载荷放大后出现指标漂移，并逐步演化为中度故障。,0.5856,hydraulic
RCA_TEXT_HFB-00733,HFB-00733,rca_text,单向阀出现轻微阀芯卡滞，生命周期风险集中在材料阶段，建议优先追溯 HMAT-00493。,0.5909,hydraulic
EVO_TEXT_HFB-00733,HFB-00733,fault_evolution_text,隐患先导致局部性能退化，随后传感器能量向关联通道集中，最终形成阀芯卡滞。,0.5909,hydraulic
RCA_TEXT_HFB-00734,HFB-00734,rca_text,蓄能器出现中度压力异常，生命周期风险集中在运维阶段，建议优先追溯 HOPR-00734。,0.6304,hydraulic
EVO_TEXT_HFB-00734,HFB-00734,fault_evolution_text,隐患先导致局部性能退化，随后传感器能量向关联通道集中，最终形成压力异常。,0.6304,hydraulic
RCA_TEXT_HFB-00735,HFB-00735,rca_text,溢流阀出现轻微振动异常，生命周期风险集中在制造阶段，建议优先追溯 HMAN-01134。,0.6375,hydraulic
EVO_TEXT_HFB-00735,HFB-00735,fault_evolution_text,制造阶段风险与运行工况耦合后引起状态劣化，检测指标随严重度同步升高。,0.6375,hydraulic
RCA_TEXT_HFB-00736,HFB-00736,rca_text,方向控制阀出现轻微泄漏异常，生命周期风险集中在装配阶段，建议优先追溯 HASM-00736。,0.5915,hydraulic
EVO_TEXT_HFB-00736,HFB-00736,fault_evolution_text,隐患先导致局部性能退化，随后传感器能量向关联通道集中，最终形成泄漏异常。,0.5915,hydraulic
RCA_TEXT_HFB-00737,HFB-00737,rca_text,结合传感器能量和检测记录，冷却器的泄漏异常与检测阶段高风险实体 HINSP-00737 一致。,0.5364,hydraulic
EVO_TEXT_HFB-00737,HFB-00737,fault_evolution_text,隐患先导致局部性能退化，随后传感器能量向关联通道集中，最终形成泄漏异常。,0.5364,hydraulic
RCA_TEXT_HFB-00738,HFB-00738,rca_text,蓄能器出现中度压力异常，生命周期风险集中在材料阶段，建议优先追溯 HMAT-00086。,0.6487,hydraulic
EVO_TEXT_HFB-00738,HFB-00738,fault_evolution_text,早期异常较弱，运行载荷放大后出现指标漂移，并逐步演化为中度故障。,0.6487,hydraulic
RCA_TEXT_HFB-00739,HFB-00739,rca_text,该案例表现为轻微温度异常，根因更可能由运维阶段隐患累积触发。,0.6113,hydraulic
EVO_TEXT_HFB-00739,HFB-00739,fault_evolution_text,早期异常较弱，运行载荷放大后出现指标漂移，并逐步演化为轻微故障。,0.6113,hydraulic
RCA_TEXT_HFB-00740,HFB-00740,rca_text,蓄能器出现轻微压力异常，生命周期风险集中在设计阶段，建议优先追溯 HDES-00232。,0.6165,hydraulic
EVO_TEXT_HFB-00740,HFB-00740,fault_evolution_text,早期异常较弱，运行载荷放大后出现指标漂移，并逐步演化为轻微故障。,0.6165,hydraulic
RCA_TEXT_HFB-00741,HFB-00741,rca_text,结合传感器能量和检测记录，冷却器的温度异常与运维阶段高风险实体 HOPR-00741 一致。,0.6189,hydraulic
EVO_TEXT_HFB-00741,HFB-00741,fault_evolution_text,运维阶段风险与运行工况耦合后引起状态劣化，检测指标随严重度同步升高。,0.6189,hydraulic
RCA_TEXT_HFB-00742,HFB-00742,rca_text,管路总成出现中度泄漏异常，生命周期风险集中在设计阶段，建议优先追溯 HPIP-00144。,0.6249,hydraulic
EVO_TEXT_HFB-00742,HFB-00742,fault_evolution_text,早期异常较弱，运行载荷放大后出现指标漂移，并逐步演化为中度故障。,0.6249,hydraulic
RCA_TEXT_HFB-00743,HFB-00743,rca_text,该案例表现为中度压力异常，根因更可能由设计阶段隐患累积触发。,0.5907,hydraulic
EVO_TEXT_HFB-00743,HFB-00743,fault_evolution_text,隐患先导致局部性能退化，随后传感器能量向关联通道集中，最终形成压力异常。,0.5907,hydraulic
RCA_TEXT_HFB-00744,HFB-00744,rca_text,结合传感器能量和检测记录，管路总成的泄漏异常与材料阶段高风险实体 HMAT-00579 一致。,0.6278,hydraulic
EVO_TEXT_HFB-00744,HFB-00744,fault_evolution_text,隐患先导致局部性能退化，随后传感器能量向关联通道集中，最终形成泄漏异常。,0.6278,hydraulic
RCA_TEXT_HFB-00745,HFB-00745,rca_text,该案例表现为轻微压力异常，根因更可能由设计阶段隐患累积触发。,0.5764,hydraulic
EVO_TEXT_HFB-00745,HFB-00745,fault_evolution_text,隐患先导致局部性能退化，随后传感器能量向关联通道集中，最终形成压力异常。,0.5764,hydraulic
RCA_TEXT_HFB-00746,HFB-00746,rca_text,过滤器出现轻微温度异常，生命周期风险集中在运维阶段，建议优先追溯 HOPR-00746。,0.5719,hydraulic
EVO_TEXT_HFB-00746,HFB-00746,fault_evolution_text,运维阶段风险与运行工况耦合后引起状态劣化，检测指标随严重度同步升高。,0.5719,hydraulic
RCA_TEXT_HFB-00747,HFB-00747,rca_text,该案例表现为轻微泄漏异常，根因更可能由设计阶段隐患累积触发。,0.5998,hydraulic
EVO_TEXT_HFB-00747,HFB-00747,fault_evolution_text,设计阶段风险与运行工况耦合后引起状态劣化，检测指标随严重度同步升高。,0.5998,hydraulic
RCA_TEXT_HFB-00748,HFB-00748,rca_text,该案例表现为轻微泄漏异常，根因更可能由材料阶段隐患累积触发。,0.5237,hydraulic
EVO_TEXT_HFB-00748,HFB-00748,fault_evolution_text,隐患先导致局部性能退化，随后传感器能量向关联通道集中，最终形成泄漏异常。,0.5237,hydraulic
RCA_TEXT_HFB-00749,HFB-00749,rca_text,过滤器出现轻微振动异常，生命周期风险集中在运维阶段，建议优先追溯 HOPR-00749。,0.5848,hydraulic
EVO_TEXT_HFB-00749,HFB-00749,fault_evolution_text,运维阶段风险与运行工况耦合后引起状态劣化，检测指标随严重度同步升高。,0.5848,hydraulic
RCA_TEXT_HFB-00750,HFB-00750,rca_text,冷却器出现轻微压力异常，生命周期风险集中在运维阶段，建议优先追溯 HOPR-00750。,0.5435,hydraulic
EVO_TEXT_HFB-00750,HFB-00750,fault_evolution_text,运维阶段风险与运行工况耦合后引起状态劣化，检测指标随严重度同步升高。,0.5435,hydraulic
RCA_TEXT_HFB-00751,HFB-00751,rca_text,节流阀出现轻微振动异常，生命周期风险集中在材料阶段，建议优先追溯 HMAT-00255。,0.652,hydraulic
EVO_TEXT_HFB-00751,HFB-00751,fault_evolution_text,材料阶段风险与运行工况耦合后引起状态劣化，检测指标随严重度同步升高。,0.652,hydraulic
RCA_TEXT_HFB-00752,HFB-00752,rca_text,该案例表现为轻微温度异常，根因更可能由运维阶段隐患累积触发。,0.5907,hydraulic
EVO_TEXT_HFB-00752,HFB-00752,fault_evolution_text,运维阶段风险与运行工况耦合后引起状态劣化，检测指标随严重度同步升高。,0.5907,hydraulic
RCA_TEXT_HFB-00753,HFB-00753,rca_text,结合传感器能量和检测记录，蓄能器的阀芯卡滞与材料阶段高风险实体 HMAT-00055 一致。,0.5987,hydraulic
EVO_TEXT_HFB-00753,HFB-00753,fault_evolution_text,早期异常较弱，运行载荷放大后出现指标漂移，并逐步演化为轻微故障。,0.5987,hydraulic
RCA_TEXT_HFB-00754,HFB-00754,rca_text,该案例表现为轻微流量异常，根因更可能由装配阶段隐患累积触发。,0.5573,hydraulic
EVO_TEXT_HFB-00754,HFB-00754,fault_evolution_text,装配阶段风险与运行工况耦合后引起状态劣化，检测指标随严重度同步升高。,0.5573,hydraulic
RCA_TEXT_HFB-00755,HFB-00755,rca_text,卸荷阀出现轻微阀芯卡滞，生命周期风险集中在运维阶段，建议优先追溯 HOPR-00755。,0.5986,hydraulic
EVO_TEXT_HFB-00755,HFB-00755,fault_evolution_text,运维阶段风险与运行工况耦合后引起状态劣化，检测指标随严重度同步升高。,0.5986,hydraulic
RCA_TEXT_HFB-00756,HFB-00756,rca_text,结合传感器能量和检测记录，管路总成的流量异常与装配阶段高风险实体 HASM-00756 一致。,0.5707,hydraulic
EVO_TEXT_HFB-00756,HFB-00756,fault_evolution_text,早期异常较弱，运行载荷放大后出现指标漂移，并逐步演化为轻微故障。,0.5707,hydraulic
RCA_TEXT_HFB-00757,HFB-00757,rca_text,结合传感器能量和检测记录，作动筒的泄漏异常与装配阶段高风险实体 HASM-00757 一致。,0.5937,hydraulic
EVO_TEXT_HFB-00757,HFB-00757,fault_evolution_text,早期异常较弱，运行载荷放大后出现指标漂移，并逐步演化为中度故障。,0.5937,hydraulic
RCA_TEXT_HFB-00758,HFB-00758,rca_text,结合传感器能量和检测记录，冷却器的压力异常与运维阶段高风险实体 HOPR-00758 一致。,0.6249,hydraulic
EVO_TEXT_HFB-00758,HFB-00758,fault_evolution_text,运维阶段风险与运行工况耦合后引起状态劣化，检测指标随严重度同步升高。,0.6249,hydraulic
RCA_TEXT_HFB-00759,HFB-00759,rca_text,该案例表现为轻微阀芯卡滞，根因更可能由制造阶段隐患累积触发。,0.5295,hydraulic
EVO_TEXT_HFB-00759,HFB-00759,fault_evolution_text,隐患先导致局部性能退化，随后传感器能量向关联通道集中，最终形成阀芯卡滞。,0.5295,hydraulic
RCA_TEXT_HFB-00760,HFB-00760,rca_text,结合传感器能量和检测记录，管路总成的振动异常与设计阶段高风险实体 HPIP-00148 一致。,0.647,hydraulic
EVO_TEXT_HFB-00760,HFB-00760,fault_evolution_text,隐患先导致局部性能退化，随后传感器能量向关联通道集中，最终形成振动异常。,0.647,hydraulic
RCA_TEXT_HFB-00761,HFB-00761,rca_text,该案例表现为轻微振动异常，根因更可能由设计阶段隐患累积触发。,0.5505,hydraulic
EVO_TEXT_HFB-00761,HFB-00761,fault_evolution_text,隐患先导致局部性能退化，随后传感器能量向关联通道集中，最终形成振动异常。,0.5505,hydraulic
RCA_TEXT_HFB-00762,HFB-00762,rca_text,该案例表现为中度泄漏异常，根因更可能由制造阶段隐患累积触发。,0.6736,hydraulic
EVO_TEXT_HFB-00762,HFB-00762,fault_evolution_text,早期异常较弱，运行载荷放大后出现指标漂移，并逐步演化为中度故障。,0.6736,hydraulic
RCA_TEXT_HFB-00763,HFB-00763,rca_text,管路总成出现中度振动异常，生命周期风险集中在制造阶段，建议优先追溯 HMAN-00326。,0.6036,hydraulic
EVO_TEXT_HFB-00763,HFB-00763,fault_evolution_text,早期异常较弱，运行载荷放大后出现指标漂移，并逐步演化为中度故障。,0.6036,hydraulic
RCA_TEXT_HFB-00764,HFB-00764,rca_text,过滤器出现中度温度异常，生命周期风险集中在制造阶段，建议优先追溯 HMAN-00290。,0.6554,hydraulic
EVO_TEXT_HFB-00764,HFB-00764,fault_evolution_text,制造阶段风险与运行工况耦合后引起状态劣化，检测指标随严重度同步升高。,0.6554,hydraulic
RCA_TEXT_HFB-00765,HFB-00765,rca_text,管路总成出现轻微阀芯卡滞，生命周期风险集中在制造阶段，建议优先追溯 HMAN-00824。,0.5384,hydraulic
EVO_TEXT_HFB-00765,HFB-00765,fault_evolution_text,隐患先导致局部性能退化，随后传感器能量向关联通道集中，最终形成阀芯卡滞。,0.5384,hydraulic
RCA_TEXT_HFB-00766,HFB-00766,rca_text,结合传感器能量和检测记录，方向控制阀的流量异常与装配阶段高风险实体 HASM-00766 一致。,0.584,hydraulic
EVO_TEXT_HFB-00766,HFB-00766,fault_evolution_text,装配阶段风险与运行工况耦合后引起状态劣化，检测指标随严重度同步升高。,0.584,hydraulic
RCA_TEXT_HFB-00767,HFB-00767,rca_text,液压油箱出现轻微流量异常，生命周期风险集中在材料阶段，建议优先追溯 HMAT-00493。,0.6401,hydraulic
EVO_TEXT_HFB-00767,HFB-00767,fault_evolution_text,隐患先导致局部性能退化，随后传感器能量向关联通道集中，最终形成流量异常。,0.6401,hydraulic
RCA_TEXT_HFB-00768,HFB-00768,rca_text,该案例表现为轻微流量异常，根因更可能由设计阶段隐患累积触发。,0.6109,hydraulic
EVO_TEXT_HFB-00768,HFB-00768,fault_evolution_text,设计阶段风险与运行工况耦合后引起状态劣化，检测指标随严重度同步升高。,0.6109,hydraulic
RCA_TEXT_HFB-00769,HFB-00769,rca_text,该案例表现为轻微振动异常，根因更可能由材料阶段隐患累积触发。,0.6191,hydraulic
EVO_TEXT_HFB-00769,HFB-00769,fault_evolution_text,隐患先导致局部性能退化，随后传感器能量向关联通道集中，最终形成振动异常。,0.6191,hydraulic
RCA_TEXT_HFB-00770,HFB-00770,rca_text,该案例表现为轻微温度异常，根因更可能由运维阶段隐患累积触发。,0.6376,hydraulic
EVO_TEXT_HFB-00770,HFB-00770,fault_evolution_text,早期异常较弱，运行载荷放大后出现指标漂移，并逐步演化为轻微故障。,0.6376,hydraulic
RCA_TEXT_HFB-00771,HFB-00771,rca_text,结合传感器能量和检测记录，蓄能器的温度异常与材料阶段高风险实体 HMAT-00106 一致。,0.5483,hydraulic
EVO_TEXT_HFB-00771,HFB-00771,fault_evolution_text,材料阶段风险与运行工况耦合后引起状态劣化，检测指标随严重度同步升高。,0.5483,hydraulic
RCA_TEXT_HFB-00772,HFB-00772,rca_text,该案例表现为轻微压力异常，根因更可能由装配阶段隐患累积触发。,0.6194,hydraulic
EVO_TEXT_HFB-00772,HFB-00772,fault_evolution_text,早期异常较弱，运行载荷放大后出现指标漂移，并逐步演化为轻微故障。,0.6194,hydraulic
RCA_TEXT_HFB-00773,HFB-00773,rca_text,结合传感器能量和检测记录，溢流阀的振动异常与装配阶段高风险实体 HASM-00773 一致。,0.573,hydraulic
EVO_TEXT_HFB-00773,HFB-00773,fault_evolution_text,早期异常较弱，运行载荷放大后出现指标漂移，并逐步演化为轻微故障。,0.573,hydraulic
RCA_TEXT_HFB-00774,HFB-00774,rca_text,结合传感器能量和检测记录，管路总成的泄漏异常与运维阶段高风险实体 HOPR-00774 一致。,0.5925,hydraulic
EVO_TEXT_HFB-00774,HFB-00774,fault_evolution_text,隐患先导致局部性能退化，随后传感器能量向关联通道集中，最终形成泄漏异常。,0.5925,hydraulic
RCA_TEXT_HFB-00775,HFB-00775,rca_text,卸荷阀出现中度泄漏异常，生命周期风险集中在运维阶段，建议优先追溯 HOPR-00775。,0.636,hydraulic
EVO_TEXT_HFB-00775,HFB-00775,fault_evolution_text,早期异常较弱，运行载荷放大后出现指标漂移，并逐步演化为中度故障。,0.636,hydraulic
RCA_TEXT_HFB-00776,HFB-00776,rca_text,蓄能器出现轻微温度异常，生命周期风险集中在运维阶段，建议优先追溯 HOPR-00776。,0.5707,hydraulic
EVO_TEXT_HFB-00776,HFB-00776,fault_evolution_text,隐患先导致局部性能退化，随后传感器能量向关联通道集中，最终形成温度异常。,0.5707,hydraulic
RCA_TEXT_HFB-00777,HFB-00777,rca_text,方向控制阀出现轻微温度异常，生命周期风险集中在运维阶段，建议优先追溯 HOPR-00777。,0.5058,hydraulic
EVO_TEXT_HFB-00777,HFB-00777,fault_evolution_text,早期异常较弱，运行载荷放大后出现指标漂移，并逐步演化为轻微故障。,0.5058,hydraulic
RCA_TEXT_HFB-00778,HFB-00778,rca_text,该案例表现为轻微温度异常，根因更可能由材料阶段隐患累积触发。,0.6124,hydraulic
EVO_TEXT_HFB-00778,HFB-00778,fault_evolution_text,早期异常较弱，运行载荷放大后出现指标漂移，并逐步演化为轻微故障。,0.6124,hydraulic
RCA_TEXT_HFB-00779,HFB-00779,rca_text,节流阀出现中度阀芯卡滞，生命周期风险集中在制造阶段，建议优先追溯 HMAN-00022。,0.6456,hydraulic
EVO_TEXT_HFB-00779,HFB-00779,fault_evolution_text,早期异常较弱，运行载荷放大后出现指标漂移，并逐步演化为中度故障。,0.6456,hydraulic
RCA_TEXT_HFB-00780,HFB-00780,rca_text,该案例表现为轻微泄漏异常，根因更可能由装配阶段隐患累积触发。,0.5866,hydraulic
EVO_TEXT_HFB-00780,HFB-00780,fault_evolution_text,装配阶段风险与运行工况耦合后引起状态劣化，检测指标随严重度同步升高。,0.5866,hydraulic
RCA_TEXT_HFB-00781,HFB-00781,rca_text,该案例表现为轻微温度异常，根因更可能由检测阶段隐患累积触发。,0.527,hydraulic
EVO_TEXT_HFB-00781,HFB-00781,fault_evolution_text,早期异常较弱，运行载荷放大后出现指标漂移，并逐步演化为轻微故障。,0.527,hydraulic
RCA_TEXT_HFB-00782,HFB-00782,rca_text,结合传感器能量和检测记录，过滤器的振动异常与运维阶段高风险实体 HOPR-00782 一致。,0.6313,hydraulic
EVO_TEXT_HFB-00782,HFB-00782,fault_evolution_text,早期异常较弱，运行载荷放大后出现指标漂移，并逐步演化为轻微故障。,0.6313,hydraulic
RCA_TEXT_HFB-00783,HFB-00783,rca_text,结合传感器能量和检测记录，管路总成的流量异常与设计阶段高风险实体 HPIP-00153 一致。,0.6165,hydraulic
EVO_TEXT_HFB-00783,HFB-00783,fault_evolution_text,设计阶段风险与运行工况耦合后引起状态劣化，检测指标随严重度同步升高。,0.6165,hydraulic
RCA_TEXT_HFB-00784,HFB-00784,rca_text,该案例表现为轻微流量异常，根因更可能由检测阶段隐患累积触发。,0.614,hydraulic
EVO_TEXT_HFB-00784,HFB-00784,fault_evolution_text,隐患先导致局部性能退化，随后传感器能量向关联通道集中，最终形成流量异常。,0.614,hydraulic
RCA_TEXT_HFB-00785,HFB-00785,rca_text,该案例表现为轻微流量异常，根因更可能由运维阶段隐患累积触发。,0.5778,hydraulic
EVO_TEXT_HFB-00785,HFB-00785,fault_evolution_text,运维阶段风险与运行工况耦合后引起状态劣化，检测指标随严重度同步升高。,0.5778,hydraulic
RCA_TEXT_HFB-00786,HFB-00786,rca_text,该案例表现为中度流量异常，根因更可能由运维阶段隐患累积触发。,0.6613,hydraulic
EVO_TEXT_HFB-00786,HFB-00786,fault_evolution_text,早期异常较弱，运行载荷放大后出现指标漂移，并逐步演化为中度故障。,0.6613,hydraulic
RCA_TEXT_HFB-00787,HFB-00787,rca_text,该案例表现为中度压力异常，根因更可能由运维阶段隐患累积触发。,0.6533,hydraulic
EVO_TEXT_HFB-00787,HFB-00787,fault_evolution_text,隐患先导致局部性能退化，随后传感器能量向关联通道集中，最终形成压力异常。,0.6533,hydraulic
RCA_TEXT_HFB-00788,HFB-00788,rca_text,结合传感器能量和检测记录，液压油箱的泄漏异常与运维阶段高风险实体 HOPR-00788 一致。,0.5768,hydraulic
EVO_TEXT_HFB-00788,HFB-00788,fault_evolution_text,运维阶段风险与运行工况耦合后引起状态劣化，检测指标随严重度同步升高。,0.5768,hydraulic
RCA_TEXT_HFB-00789,HFB-00789,rca_text,结合传感器能量和检测记录，液压油箱的阀芯卡滞与运维阶段高风险实体 HOPR-00789 一致。,0.572,hydraulic
EVO_TEXT_HFB-00789,HFB-00789,fault_evolution_text,早期异常较弱，运行载荷放大后出现指标漂移，并逐步演化为轻微故障。,0.572,hydraulic
RCA_TEXT_HFB-00790,HFB-00790,rca_text,结合传感器能量和检测记录，冷却器的泄漏异常与设计阶段高风险实体 HDES-00645 一致。,0.5787,hydraulic
EVO_TEXT_HFB-00790,HFB-00790,fault_evolution_text,早期异常较弱，运行载荷放大后出现指标漂移，并逐步演化为轻微故障。,0.5787,hydraulic
RCA_TEXT_HFB-00791,HFB-00791,rca_text,溢流阀出现轻微阀芯卡滞，生命周期风险集中在制造阶段，建议优先追溯 HMAN-00325。,0.5695,hydraulic
EVO_TEXT_HFB-00791,HFB-00791,fault_evolution_text,制造阶段风险与运行工况耦合后引起状态劣化，检测指标随严重度同步升高。,0.5695,hydraulic
RCA_TEXT_HFB-00792,HFB-00792,rca_text,结合传感器能量和检测记录，方向控制阀的泄漏异常与运维阶段高风险实体 HOPR-00792 一致。,0.6448,hydraulic
EVO_TEXT_HFB-00792,HFB-00792,fault_evolution_text,运维阶段风险与运行工况耦合后引起状态劣化，检测指标随严重度同步升高。,0.6448,hydraulic
RCA_TEXT_HFB-00793,HFB-00793,rca_text,冷却器出现轻微温度异常，生命周期风险集中在运维阶段，建议优先追溯 HOPR-00793。,0.6283,hydraulic
EVO_TEXT_HFB-00793,HFB-00793,fault_evolution_text,早期异常较弱，运行载荷放大后出现指标漂移，并逐步演化为轻微故障。,0.6283,hydraulic
RCA_TEXT_HFB-00794,HFB-00794,rca_text,结合传感器能量和检测记录，管路总成的振动异常与运维阶段高风险实体 HOPR-00794 一致。,0.6135,hydraulic
EVO_TEXT_HFB-00794,HFB-00794,fault_evolution_text,运维阶段风险与运行工况耦合后引起状态劣化，检测指标随严重度同步升高。,0.6135,hydraulic
RCA_TEXT_HFB-00795,HFB-00795,rca_text,结合传感器能量和检测记录，作动筒的振动异常与运维阶段高风险实体 HOPR-00795 一致。,0.5816,hydraulic
EVO_TEXT_HFB-00795,HFB-00795,fault_evolution_text,早期异常较弱，运行载荷放大后出现指标漂移，并逐步演化为中度故障。,0.5816,hydraulic
RCA_TEXT_HFB-00796,HFB-00796,rca_text,该案例表现为中度泄漏异常，根因更可能由运维阶段隐患累积触发。,0.6545,hydraulic
EVO_TEXT_HFB-00796,HFB-00796,fault_evolution_text,运维阶段风险与运行工况耦合后引起状态劣化，检测指标随严重度同步升高。,0.6545,hydraulic
RCA_TEXT_HFB-00797,HFB-00797,rca_text,结合传感器能量和检测记录，方向控制阀的流量异常与设计阶段高风险实体 HDES-01080 一致。,0.5886,hydraulic
EVO_TEXT_HFB-00797,HFB-00797,fault_evolution_text,设计阶段风险与运行工况耦合后引起状态劣化，检测指标随严重度同步升高。,0.5886,hydraulic
RCA_TEXT_HFB-00798,HFB-00798,rca_text,结合传感器能量和检测记录，作动筒的泄漏异常与运维阶段高风险实体 HOPR-00798 一致。,0.5648,hydraulic
EVO_TEXT_HFB-00798,HFB-00798,fault_evolution_text,隐患先导致局部性能退化，随后传感器能量向关联通道集中，最终形成泄漏异常。,0.5648,hydraulic
RCA_TEXT_HFB-00799,HFB-00799,rca_text,结合传感器能量和检测记录，液压油箱的温度异常与材料阶段高风险实体 HMAT-00032 一致。,0.6031,hydraulic
EVO_TEXT_HFB-00799,HFB-00799,fault_evolution_text,材料阶段风险与运行工况耦合后引起状态劣化，检测指标随严重度同步升高。,0.6031,hydraulic
RCA_TEXT_HFB-00800,HFB-00800,rca_text,结合传感器能量和检测记录，节流阀的压力异常与运维阶段高风险实体 HOPR-00800 一致。,0.5883,hydraulic
EVO_TEXT_HFB-00800,HFB-00800,fault_evolution_text,隐患先导致局部性能退化，随后传感器能量向关联通道集中，最终形成压力异常。,0.5883,hydraulic
RCA_TEXT_HFB-00801,HFB-00801,rca_text,结合传感器能量和检测记录，冷却器的流量异常与材料阶段高风险实体 HMAT-00086 一致。,0.5883,hydraulic
EVO_TEXT_HFB-00801,HFB-00801,fault_evolution_text,材料阶段风险与运行工况耦合后引起状态劣化，检测指标随严重度同步升高。,0.5883,hydraulic
RCA_TEXT_HFB-00802,HFB-00802,rca_text,结合传感器能量和检测记录，液压油箱的振动异常与运维阶段高风险实体 HOPR-00802 一致。,0.5954,hydraulic
EVO_TEXT_HFB-00802,HFB-00802,fault_evolution_text,运维阶段风险与运行工况耦合后引起状态劣化，检测指标随严重度同步升高。,0.5954,hydraulic
RCA_TEXT_HFB-00803,HFB-00803,rca_text,该案例表现为轻微振动异常，根因更可能由设计阶段隐患累积触发。,0.5224,hydraulic
EVO_TEXT_HFB-00803,HFB-00803,fault_evolution_text,隐患先导致局部性能退化，随后传感器能量向关联通道集中，最终形成振动异常。,0.5224,hydraulic
RCA_TEXT_HFB-00804,HFB-00804,rca_text,单向阀出现轻微阀芯卡滞，生命周期风险集中在检测阶段，建议优先追溯 HINSP-00804。,0.5966,hydraulic
EVO_TEXT_HFB-00804,HFB-00804,fault_evolution_text,早期异常较弱，运行载荷放大后出现指标漂移，并逐步演化为轻微故障。,0.5966,hydraulic
RCA_TEXT_HFB-00805,HFB-00805,rca_text,节流阀出现中度阀芯卡滞，生命周期风险集中在运维阶段，建议优先追溯 HOPR-00805。,0.7022,hydraulic
EVO_TEXT_HFB-00805,HFB-00805,fault_evolution_text,早期异常较弱，运行载荷放大后出现指标漂移，并逐步演化为中度故障。,0.7022,hydraulic
RCA_TEXT_HFB-00806,HFB-00806,rca_text,结合传感器能量和检测记录，冷却器的流量异常与设计阶段高风险实体 HDES-00908 一致。,0.5778,hydraulic
EVO_TEXT_HFB-00806,HFB-00806,fault_evolution_text,隐患先导致局部性能退化，随后传感器能量向关联通道集中，最终形成流量异常。,0.5778,hydraulic
RCA_TEXT_HFB-00807,HFB-00807,rca_text,该案例表现为轻微压力异常，根因更可能由设计阶段隐患累积触发。,0.6207,hydraulic
EVO_TEXT_HFB-00807,HFB-00807,fault_evolution_text,设计阶段风险与运行工况耦合后引起状态劣化，检测指标随严重度同步升高。,0.6207,hydraulic
RCA_TEXT_HFB-00808,HFB-00808,rca_text,结合传感器能量和检测记录，卸荷阀的阀芯卡滞与运维阶段高风险实体 HOPR-00808 一致。,0.578,hydraulic
EVO_TEXT_HFB-00808,HFB-00808,fault_evolution_text,隐患先导致局部性能退化，随后传感器能量向关联通道集中，最终形成阀芯卡滞。,0.578,hydraulic
RCA_TEXT_HFB-00809,HFB-00809,rca_text,液压油箱出现轻微泄漏异常，生命周期风险集中在制造阶段，建议优先追溯 HMAN-01065。,0.5551,hydraulic
EVO_TEXT_HFB-00809,HFB-00809,fault_evolution_text,制造阶段风险与运行工况耦合后引起状态劣化，检测指标随严重度同步升高。,0.5551,hydraulic
RCA_TEXT_HFB-00810,HFB-00810,rca_text,管路总成出现中度振动异常，生命周期风险集中在运维阶段，建议优先追溯 HOPR-00810。,0.6881,hydraulic
EVO_TEXT_HFB-00810,HFB-00810,fault_evolution_text,运维阶段风险与运行工况耦合后引起状态劣化，检测指标随严重度同步升高。,0.6881,hydraulic
RCA_TEXT_HFB-00811,HFB-00811,rca_text,蓄能器出现轻微泄漏异常，生命周期风险集中在运维阶段，建议优先追溯 HOPR-00811。,0.6109,hydraulic
EVO_TEXT_HFB-00811,HFB-00811,fault_evolution_text,早期异常较弱，运行载荷放大后出现指标漂移，并逐步演化为轻微故障。,0.6109,hydraulic
RCA_TEXT_HFB-00812,HFB-00812,rca_text,节流阀出现轻微泄漏异常，生命周期风险集中在制造阶段，建议优先追溯 HMAN-00124。,0.6092,hydraulic
EVO_TEXT_HFB-00812,HFB-00812,fault_evolution_text,制造阶段风险与运行工况耦合后引起状态劣化，检测指标随严重度同步升高。,0.6092,hydraulic
RCA_TEXT_HFB-00813,HFB-00813,rca_text,作动筒出现轻微压力异常，生命周期风险集中在材料阶段，建议优先追溯 HMAT-00015。,0.5751,hydraulic
EVO_TEXT_HFB-00813,HFB-00813,fault_evolution_text,材料阶段风险与运行工况耦合后引起状态劣化，检测指标随严重度同步升高。,0.5751,hydraulic
RCA_TEXT_HFB-00814,HFB-00814,rca_text,结合传感器能量和检测记录，液压油箱的流量异常与制造阶段高风险实体 HMAN-00714 一致。,0.5809,hydraulic
EVO_TEXT_HFB-00814,HFB-00814,fault_evolution_text,早期异常较弱，运行载荷放大后出现指标漂移，并逐步演化为轻微故障。,0.5809,hydraulic
RCA_TEXT_HFB-00815,HFB-00815,rca_text,结合传感器能量和检测记录，管路总成的振动异常与运维阶段高风险实体 HOPR-00815 一致。,0.6549,hydraulic
EVO_TEXT_HFB-00815,HFB-00815,fault_evolution_text,运维阶段风险与运行工况耦合后引起状态劣化，检测指标随严重度同步升高。,0.6549,hydraulic
RCA_TEXT_HFB-00816,HFB-00816,rca_text,结合传感器能量和检测记录，冷却器的温度异常与设计阶段高风险实体 HDES-01134 一致。,0.6232,hydraulic
EVO_TEXT_HFB-00816,HFB-00816,fault_evolution_text,早期异常较弱，运行载荷放大后出现指标漂移，并逐步演化为轻微故障。,0.6232,hydraulic
RCA_TEXT_HFB-00817,HFB-00817,rca_text,结合传感器能量和检测记录，管路总成的振动异常与材料阶段高风险实体 HMAT-00567 一致。,0.6357,hydraulic
EVO_TEXT_HFB-00817,HFB-00817,fault_evolution_text,材料阶段风险与运行工况耦合后引起状态劣化，检测指标随严重度同步升高。,0.6357,hydraulic
RCA_TEXT_HFB-00818,HFB-00818,rca_text,该案例表现为轻微阀芯卡滞，根因更可能由材料阶段隐患累积触发。,0.6069,hydraulic
EVO_TEXT_HFB-00818,HFB-00818,fault_evolution_text,隐患先导致局部性能退化，随后传感器能量向关联通道集中，最终形成阀芯卡滞。,0.6069,hydraulic
RCA_TEXT_HFB-00819,HFB-00819,rca_text,该案例表现为轻微流量异常，根因更可能由设计阶段隐患累积触发。,0.5886,hydraulic
EVO_TEXT_HFB-00819,HFB-00819,fault_evolution_text,早期异常较弱，运行载荷放大后出现指标漂移，并逐步演化为轻微故障。,0.5886,hydraulic
RCA_TEXT_HFB-00820,HFB-00820,rca_text,液压油箱出现轻微温度异常，生命周期风险集中在运维阶段，建议优先追溯 HOPR-00820。,0.6119,hydraulic
EVO_TEXT_HFB-00820,HFB-00820,fault_evolution_text,隐患先导致局部性能退化，随后传感器能量向关联通道集中，最终形成温度异常。,0.6119,hydraulic
RCA_TEXT_HFB-00821,HFB-00821,rca_text,结合传感器能量和检测记录，单向阀的阀芯卡滞与检测阶段高风险实体 HINSP-00821 一致。,0.5763,hydraulic
EVO_TEXT_HFB-00821,HFB-00821,fault_evolution_text,检测阶段风险与运行工况耦合后引起状态劣化，检测指标随严重度同步升高。,0.5763,hydraulic
RCA_TEXT_HFB-00822,HFB-00822,rca_text,该案例表现为轻微泄漏异常，根因更可能由设计阶段隐患累积触发。,0.5714,hydraulic
EVO_TEXT_HFB-00822,HFB-00822,fault_evolution_text,隐患先导致局部性能退化，随后传感器能量向关联通道集中，最终形成泄漏异常。,0.5714,hydraulic
RCA_TEXT_HFB-00823,HFB-00823,rca_text,过滤器出现轻微温度异常，生命周期风险集中在运维阶段，建议优先追溯 HOPR-00823。,0.6276,hydraulic
EVO_TEXT_HFB-00823,HFB-00823,fault_evolution_text,隐患先导致局部性能退化，随后传感器能量向关联通道集中，最终形成温度异常。,0.6276,hydraulic
RCA_TEXT_HFB-00824,HFB-00824,rca_text,蓄能器出现轻微阀芯卡滞，生命周期风险集中在运维阶段，建议优先追溯 HOPR-00824。,0.6028,hydraulic
EVO_TEXT_HFB-00824,HFB-00824,fault_evolution_text,早期异常较弱，运行载荷放大后出现指标漂移，并逐步演化为轻微故障。,0.6028,hydraulic
RCA_TEXT_HFB-00825,HFB-00825,rca_text,液压油箱出现中度温度异常，生命周期风险集中在材料阶段，建议优先追溯 HMAT-00070。,0.6394,hydraulic
EVO_TEXT_HFB-00825,HFB-00825,fault_evolution_text,早期异常较弱，运行载荷放大后出现指标漂移，并逐步演化为中度故障。,0.6394,hydraulic
RCA_TEXT_HFB-00826,HFB-00826,rca_text,管路总成出现轻微阀芯卡滞，生命周期风险集中在运维阶段，建议优先追溯 HOPR-00826。,0.5768,hydraulic
EVO_TEXT_HFB-00826,HFB-00826,fault_evolution_text,早期异常较弱，运行载荷放大后出现指标漂移，并逐步演化为轻微故障。,0.5768,hydraulic
RCA_TEXT_HFB-00827,HFB-00827,rca_text,该案例表现为轻微流量异常，根因更可能由制造阶段隐患累积触发。,0.5865,hydraulic
EVO_TEXT_HFB-00827,HFB-00827,fault_evolution_text,制造阶段风险与运行工况耦合后引起状态劣化，检测指标随严重度同步升高。,0.5865,hydraulic
RCA_TEXT_HFB-00828,HFB-00828,rca_text,该案例表现为轻微阀芯卡滞，根因更可能由材料阶段隐患累积触发。,0.6726,hydraulic
EVO_TEXT_HFB-00828,HFB-00828,fault_evolution_text,材料阶段风险与运行工况耦合后引起状态劣化，检测指标随严重度同步升高。,0.6726,hydraulic
RCA_TEXT_HFB-00829,HFB-00829,rca_text,方向控制阀出现轻微流量异常，生命周期风险集中在设计阶段，建议优先追溯 HDES-01073。,0.5955,hydraulic
EVO_TEXT_HFB-00829,HFB-00829,fault_evolution_text,隐患先导致局部性能退化，随后传感器能量向关联通道集中，最终形成流量异常。,0.5955,hydraulic
RCA_TEXT_HFB-00830,HFB-00830,rca_text,蓄能器出现轻微温度异常，生命周期风险集中在运维阶段，建议优先追溯 HOPR-00830。,0.602,hydraulic
EVO_TEXT_HFB-00830,HFB-00830,fault_evolution_text,早期异常较弱，运行载荷放大后出现指标漂移，并逐步演化为轻微故障。,0.602,hydraulic
RCA_TEXT_HFB-00831,HFB-00831,rca_text,该案例表现为轻微泄漏异常，根因更可能由运维阶段隐患累积触发。,0.5474,hydraulic
EVO_TEXT_HFB-00831,HFB-00831,fault_evolution_text,隐患先导致局部性能退化，随后传感器能量向关联通道集中，最终形成泄漏异常。,0.5474,hydraulic
RCA_TEXT_HFB-00832,HFB-00832,rca_text,单向阀出现轻微温度异常，生命周期风险集中在制造阶段，建议优先追溯 HMAN-00113。,0.5593,hydraulic
EVO_TEXT_HFB-00832,HFB-00832,fault_evolution_text,隐患先导致局部性能退化，随后传感器能量向关联通道集中，最终形成温度异常。,0.5593,hydraulic
RCA_TEXT_HFB-00833,HFB-00833,rca_text,过滤器出现中度泄漏异常，生命周期风险集中在检测阶段，建议优先追溯 HINSP-00833。,0.591,hydraulic
EVO_TEXT_HFB-00833,HFB-00833,fault_evolution_text,早期异常较弱，运行载荷放大后出现指标漂移，并逐步演化为中度故障。,0.591,hydraulic
RCA_TEXT_HFB-00834,HFB-00834,rca_text,结合传感器能量和检测记录，液压泵总成的温度异常与运维阶段高风险实体 HOPR-00834 一致。,0.6502,hydraulic
EVO_TEXT_HFB-00834,HFB-00834,fault_evolution_text,运维阶段风险与运行工况耦合后引起状态劣化，检测指标随严重度同步升高。,0.6502,hydraulic
RCA_TEXT_HFB-00835,HFB-00835,rca_text,结合传感器能量和检测记录，节流阀的压力异常与装配阶段高风险实体 HASM-00835 一致。,0.5616,hydraulic
EVO_TEXT_HFB-00835,HFB-00835,fault_evolution_text,隐患先导致局部性能退化，随后传感器能量向关联通道集中，最终形成压力异常。,0.5616,hydraulic
RCA_TEXT_HFB-00836,HFB-00836,rca_text,作动筒出现中度泄漏异常，生命周期风险集中在装配阶段，建议优先追溯 HASM-00836。,0.6193,hydraulic
EVO_TEXT_HFB-00836,HFB-00836,fault_evolution_text,隐患先导致局部性能退化，随后传感器能量向关联通道集中，最终形成泄漏异常。,0.6193,hydraulic
RCA_TEXT_HFB-00837,HFB-00837,rca_text,过滤器出现轻微振动异常，生命周期风险集中在制造阶段，建议优先追溯 HMAN-00881。,0.6338,hydraulic
EVO_TEXT_HFB-00837,HFB-00837,fault_evolution_text,制造阶段风险与运行工况耦合后引起状态劣化，检测指标随严重度同步升高。,0.6338,hydraulic
RCA_TEXT_HFB-00838,HFB-00838,rca_text,结合传感器能量和检测记录，节流阀的流量异常与制造阶段高风险实体 HMAN-00147 一致。,0.6255,hydraulic
EVO_TEXT_HFB-00838,HFB-00838,fault_evolution_text,早期异常较弱，运行载荷放大后出现指标漂移，并逐步演化为轻微故障。,0.6255,hydraulic
RCA_TEXT_HFB-00839,HFB-00839,rca_text,该案例表现为轻微泄漏异常，根因更可能由运维阶段隐患累积触发。,0.6025,hydraulic
EVO_TEXT_HFB-00839,HFB-00839,fault_evolution_text,运维阶段风险与运行工况耦合后引起状态劣化，检测指标随严重度同步升高。,0.6025,hydraulic
RCA_TEXT_HFB-00840,HFB-00840,rca_text,结合传感器能量和检测记录，过滤器的流量异常与装配阶段高风险实体 HASM-00840 一致。,0.549,hydraulic
EVO_TEXT_HFB-00840,HFB-00840,fault_evolution_text,早期异常较弱，运行载荷放大后出现指标漂移，并逐步演化为轻微故障。,0.549,hydraulic
RCA_TEXT_HFB-00841,HFB-00841,rca_text,该案例表现为轻微振动异常，根因更可能由制造阶段隐患累积触发。,0.5475,hydraulic
EVO_TEXT_HFB-00841,HFB-00841,fault_evolution_text,制造阶段风险与运行工况耦合后引起状态劣化，检测指标随严重度同步升高。,0.5475,hydraulic
RCA_TEXT_HFB-00842,HFB-00842,rca_text,该案例表现为轻微流量异常，根因更可能由运维阶段隐患累积触发。,0.5976,hydraulic
EVO_TEXT_HFB-00842,HFB-00842,fault_evolution_text,隐患先导致局部性能退化，随后传感器能量向关联通道集中，最终形成流量异常。,0.5976,hydraulic
RCA_TEXT_HFB-00843,HFB-00843,rca_text,单向阀出现轻微泄漏异常，生命周期风险集中在设计阶段，建议优先追溯 HDES-01019。,0.6334,hydraulic
EVO_TEXT_HFB-00843,HFB-00843,fault_evolution_text,隐患先导致局部性能退化，随后传感器能量向关联通道集中，最终形成泄漏异常。,0.6334,hydraulic
RCA_TEXT_HFB-00844,HFB-00844,rca_text,结合传感器能量和检测记录，作动筒的泄漏异常与运维阶段高风险实体 HOPR-00844 一致。,0.5444,hydraulic
EVO_TEXT_HFB-00844,HFB-00844,fault_evolution_text,隐患先导致局部性能退化，随后传感器能量向关联通道集中，最终形成泄漏异常。,0.5444,hydraulic
RCA_TEXT_HFB-00845,HFB-00845,rca_text,结合传感器能量和检测记录，方向控制阀的压力异常与运维阶段高风险实体 HOPR-00845 一致。,0.6031,hydraulic
EVO_TEXT_HFB-00845,HFB-00845,fault_evolution_text,早期异常较弱，运行载荷放大后出现指标漂移，并逐步演化为轻微故障。,0.6031,hydraulic
RCA_TEXT_HFB-00846,HFB-00846,rca_text,方向控制阀出现中度泄漏异常，生命周期风险集中在装配阶段，建议优先追溯 HASM-00846。,0.6121,hydraulic
EVO_TEXT_HFB-00846,HFB-00846,fault_evolution_text,隐患先导致局部性能退化，随后传感器能量向关联通道集中，最终形成泄漏异常。,0.6121,hydraulic
RCA_TEXT_HFB-00847,HFB-00847,rca_text,节流阀出现轻微泄漏异常，生命周期风险集中在运维阶段，建议优先追溯 HOPR-00847。,0.5983,hydraulic
EVO_TEXT_HFB-00847,HFB-00847,fault_evolution_text,运维阶段风险与运行工况耦合后引起状态劣化，检测指标随严重度同步升高。,0.5983,hydraulic
RCA_TEXT_HFB-00848,HFB-00848,rca_text,结合传感器能量和检测记录，管路总成的振动异常与设计阶段高风险实体 HPIP-00161 一致。,0.633,hydraulic
EVO_TEXT_HFB-00848,HFB-00848,fault_evolution_text,设计阶段风险与运行工况耦合后引起状态劣化，检测指标随严重度同步升高。,0.633,hydraulic
RCA_TEXT_HFB-00849,HFB-00849,rca_text,结合传感器能量和检测记录，液压泵总成的流量异常与运维阶段高风险实体 HOPR-00849 一致。,0.5634,hydraulic
EVO_TEXT_HFB-00849,HFB-00849,fault_evolution_text,运维阶段风险与运行工况耦合后引起状态劣化，检测指标随严重度同步升高。,0.5634,hydraulic
RCA_TEXT_HFB-00850,HFB-00850,rca_text,结合传感器能量和检测记录，卸荷阀的流量异常与运维阶段高风险实体 HOPR-00850 一致。,0.5545,hydraulic
EVO_TEXT_HFB-00850,HFB-00850,fault_evolution_text,早期异常较弱，运行载荷放大后出现指标漂移，并逐步演化为轻微故障。,0.5545,hydraulic
RCA_TEXT_HFB-00851,HFB-00851,rca_text,结合传感器能量和检测记录，单向阀的泄漏异常与运维阶段高风险实体 HOPR-00851 一致。,0.6096,hydraulic
EVO_TEXT_HFB-00851,HFB-00851,fault_evolution_text,运维阶段风险与运行工况耦合后引起状态劣化，检测指标随严重度同步升高。,0.6096,hydraulic
RCA_TEXT_HFB-00852,HFB-00852,rca_text,卸荷阀出现轻微阀芯卡滞，生命周期风险集中在制造阶段，建议优先追溯 HMAN-00067。,0.5712,hydraulic
EVO_TEXT_HFB-00852,HFB-00852,fault_evolution_text,早期异常较弱，运行载荷放大后出现指标漂移，并逐步演化为轻微故障。,0.5712,hydraulic
RCA_TEXT_HFB-00853,HFB-00853,rca_text,该案例表现为中度振动异常，根因更可能由运维阶段隐患累积触发。,0.6335,hydraulic
EVO_TEXT_HFB-00853,HFB-00853,fault_evolution_text,早期异常较弱，运行载荷放大后出现指标漂移，并逐步演化为中度故障。,0.6335,hydraulic
RCA_TEXT_HFB-00854,HFB-00854,rca_text,该案例表现为轻微流量异常，根因更可能由制造阶段隐患累积触发。,0.6255,hydraulic
EVO_TEXT_HFB-00854,HFB-00854,fault_evolution_text,早期异常较弱，运行载荷放大后出现指标漂移，并逐步演化为轻微故障。,0.6255,hydraulic
RCA_TEXT_HFB-00855,HFB-00855,rca_text,该案例表现为中度振动异常，根因更可能由设计阶段隐患累积触发。,0.637,hydraulic
EVO_TEXT_HFB-00855,HFB-00855,fault_evolution_text,设计阶段风险与运行工况耦合后引起状态劣化，检测指标随严重度同步升高。,0.637,hydraulic
RCA_TEXT_HFB-00856,HFB-00856,rca_text,结合传感器能量和检测记录，管路总成的流量异常与设计阶段高风险实体 HPIP-00162 一致。,0.5765,hydraulic
EVO_TEXT_HFB-00856,HFB-00856,fault_evolution_text,隐患先导致局部性能退化，随后传感器能量向关联通道集中，最终形成流量异常。,0.5765,hydraulic
RCA_TEXT_HFB-00857,HFB-00857,rca_text,结合传感器能量和检测记录，冷却器的温度异常与检测阶段高风险实体 HINSP-00857 一致。,0.6596,hydraulic
EVO_TEXT_HFB-00857,HFB-00857,fault_evolution_text,检测阶段风险与运行工况耦合后引起状态劣化，检测指标随严重度同步升高。,0.6596,hydraulic
RCA_TEXT_HFB-00858,HFB-00858,rca_text,该案例表现为中度泄漏异常，根因更可能由材料阶段隐患累积触发。,0.6603,hydraulic
EVO_TEXT_HFB-00858,HFB-00858,fault_evolution_text,早期异常较弱，运行载荷放大后出现指标漂移，并逐步演化为中度故障。,0.6603,hydraulic
RCA_TEXT_HFB-00859,HFB-00859,rca_text,管路总成出现轻微温度异常，生命周期风险集中在装配阶段，建议优先追溯 HASM-00859。,0.5781,hydraulic
EVO_TEXT_HFB-00859,HFB-00859,fault_evolution_text,隐患先导致局部性能退化，随后传感器能量向关联通道集中，最终形成温度异常。,0.5781,hydraulic
RCA_TEXT_HFB-00860,HFB-00860,rca_text,该案例表现为中度阀芯卡滞，根因更可能由装配阶段隐患累积触发。,0.616,hydraulic
EVO_TEXT_HFB-00860,HFB-00860,fault_evolution_text,早期异常较弱，运行载荷放大后出现指标漂移，并逐步演化为中度故障。,0.616,hydraulic
RCA_TEXT_HFB-00861,HFB-00861,rca_text,结合传感器能量和检测记录，管路总成的振动异常与装配阶段高风险实体 HASM-00861 一致。,0.5715,hydraulic
EVO_TEXT_HFB-00861,HFB-00861,fault_evolution_text,隐患先导致局部性能退化，随后传感器能量向关联通道集中，最终形成振动异常。,0.5715,hydraulic
RCA_TEXT_HFB-00862,HFB-00862,rca_text,液压油箱出现轻微泄漏异常，生命周期风险集中在材料阶段，建议优先追溯 HMAT-00290。,0.4984,hydraulic
EVO_TEXT_HFB-00862,HFB-00862,fault_evolution_text,早期异常较弱，运行载荷放大后出现指标漂移，并逐步演化为轻微故障。,0.4984,hydraulic
RCA_TEXT_HFB-00863,HFB-00863,rca_text,结合传感器能量和检测记录，卸荷阀的阀芯卡滞与装配阶段高风险实体 HASM-00863 一致。,0.6812,hydraulic
EVO_TEXT_HFB-00863,HFB-00863,fault_evolution_text,隐患先导致局部性能退化，随后传感器能量向关联通道集中，最终形成阀芯卡滞。,0.6812,hydraulic
RCA_TEXT_HFB-00864,HFB-00864,rca_text,结合传感器能量和检测记录，过滤器的流量异常与运维阶段高风险实体 HOPR-00864 一致。,0.6076,hydraulic
EVO_TEXT_HFB-00864,HFB-00864,fault_evolution_text,隐患先导致局部性能退化，随后传感器能量向关联通道集中，最终形成流量异常。,0.6076,hydraulic
RCA_TEXT_HFB-00865,HFB-00865,rca_text,单向阀出现轻微温度异常，生命周期风险集中在运维阶段，建议优先追溯 HOPR-00865。,0.5984,hydraulic
EVO_TEXT_HFB-00865,HFB-00865,fault_evolution_text,隐患先导致局部性能退化，随后传感器能量向关联通道集中，最终形成温度异常。,0.5984,hydraulic
RCA_TEXT_HFB-00866,HFB-00866,rca_text,结合传感器能量和检测记录，管路总成的压力异常与运维阶段高风险实体 HOPR-00866 一致。,0.55,hydraulic
EVO_TEXT_HFB-00866,HFB-00866,fault_evolution_text,隐患先导致局部性能退化，随后传感器能量向关联通道集中，最终形成压力异常。,0.55,hydraulic
RCA_TEXT_HFB-00867,HFB-00867,rca_text,该案例表现为轻微流量异常，根因更可能由运维阶段隐患累积触发。,0.6411,hydraulic
EVO_TEXT_HFB-00867,HFB-00867,fault_evolution_text,隐患先导致局部性能退化，随后传感器能量向关联通道集中，最终形成流量异常。,0.6411,hydraulic
RCA_TEXT_HFB-00868,HFB-00868,rca_text,该案例表现为中度阀芯卡滞，根因更可能由运维阶段隐患累积触发。,0.6343,hydraulic
EVO_TEXT_HFB-00868,HFB-00868,fault_evolution_text,隐患先导致局部性能退化，随后传感器能量向关联通道集中，最终形成阀芯卡滞。,0.6343,hydraulic
RCA_TEXT_HFB-00869,HFB-00869,rca_text,液压油箱出现中度温度异常，生命周期风险集中在材料阶段，建议优先追溯 HMAT-00013。,0.6121,hydraulic
EVO_TEXT_HFB-00869,HFB-00869,fault_evolution_text,隐患先导致局部性能退化，随后传感器能量向关联通道集中，最终形成温度异常。,0.6121,hydraulic
RCA_TEXT_HFB-00870,HFB-00870,rca_text,该案例表现为轻微流量异常，根因更可能由材料阶段隐患累积触发。,0.6374,hydraulic
EVO_TEXT_HFB-00870,HFB-00870,fault_evolution_text,隐患先导致局部性能退化，随后传感器能量向关联通道集中，最终形成流量异常。,0.6374,hydraulic
RCA_TEXT_HFB-00871,HFB-00871,rca_text,单向阀出现轻微阀芯卡滞，生命周期风险集中在运维阶段，建议优先追溯 HOPR-00871。,0.5428,hydraulic
EVO_TEXT_HFB-00871,HFB-00871,fault_evolution_text,运维阶段风险与运行工况耦合后引起状态劣化，检测指标随严重度同步升高。,0.5428,hydraulic
RCA_TEXT_HFB-00872,HFB-00872,rca_text,管路总成出现轻微温度异常，生命周期风险集中在装配阶段，建议优先追溯 HASM-00872。,0.5645,hydraulic
EVO_TEXT_HFB-00872,HFB-00872,fault_evolution_text,装配阶段风险与运行工况耦合后引起状态劣化，检测指标随严重度同步升高。,0.5645,hydraulic
RCA_TEXT_HFB-00873,HFB-00873,rca_text,节流阀出现中度流量异常，生命周期风险集中在运维阶段，建议优先追溯 HOPR-00873。,0.5909,hydraulic
EVO_TEXT_HFB-00873,HFB-00873,fault_evolution_text,早期异常较弱，运行载荷放大后出现指标漂移，并逐步演化为中度故障。,0.5909,hydraulic
RCA_TEXT_HFB-00874,HFB-00874,rca_text,管路总成出现中度振动异常，生命周期风险集中在设计阶段，建议优先追溯 HPIP-00167。,0.6121,hydraulic
EVO_TEXT_HFB-00874,HFB-00874,fault_evolution_text,早期异常较弱，运行载荷放大后出现指标漂移，并逐步演化为中度故障。,0.6121,hydraulic
RCA_TEXT_HFB-00875,HFB-00875,rca_text,结合传感器能量和检测记录，管路总成的泄漏异常与设计阶段高风险实体 HPIP-00168 一致。,0.5488,hydraulic
EVO_TEXT_HFB-00875,HFB-00875,fault_evolution_text,设计阶段风险与运行工况耦合后引起状态劣化，检测指标随严重度同步升高。,0.5488,hydraulic
RCA_TEXT_HFB-00876,HFB-00876,rca_text,结合传感器能量和检测记录，单向阀的流量异常与制造阶段高风险实体 HMAN-00523 一致。,0.6081,hydraulic
EVO_TEXT_HFB-00876,HFB-00876,fault_evolution_text,早期异常较弱，运行载荷放大后出现指标漂移，并逐步演化为轻微故障。,0.6081,hydraulic
RCA_TEXT_HFB-00877,HFB-00877,rca_text,结合传感器能量和检测记录，单向阀的流量异常与材料阶段高风险实体 HMAT-00403 一致。,0.6118,hydraulic
EVO_TEXT_HFB-00877,HFB-00877,fault_evolution_text,隐患先导致局部性能退化，随后传感器能量向关联通道集中，最终形成流量异常。,0.6118,hydraulic
RCA_TEXT_HFB-00878,HFB-00878,rca_text,管路总成出现中度流量异常，生命周期风险集中在设计阶段，建议优先追溯 HPIP-00169。,0.6151,hydraulic
EVO_TEXT_HFB-00878,HFB-00878,fault_evolution_text,设计阶段风险与运行工况耦合后引起状态劣化，检测指标随严重度同步升高。,0.6151,hydraulic
RCA_TEXT_HFB-00879,HFB-00879,rca_text,该案例表现为轻微温度异常，根因更可能由设计阶段隐患累积触发。,0.5422,hydraulic
EVO_TEXT_HFB-00879,HFB-00879,fault_evolution_text,设计阶段风险与运行工况耦合后引起状态劣化，检测指标随严重度同步升高。,0.5422,hydraulic
RCA_TEXT_HFB-00880,HFB-00880,rca_text,方向控制阀出现轻微振动异常，生命周期风险集中在运维阶段，建议优先追溯 HOPR-00880。,0.5995,hydraulic
EVO_TEXT_HFB-00880,HFB-00880,fault_evolution_text,运维阶段风险与运行工况耦合后引起状态劣化，检测指标随严重度同步升高。,0.5995,hydraulic
RCA_TEXT_HFB-00881,HFB-00881,rca_text,结合传感器能量和检测记录，蓄能器的流量异常与检测阶段高风险实体 HINSP-00881 一致。,0.5562,hydraulic
EVO_TEXT_HFB-00881,HFB-00881,fault_evolution_text,检测阶段风险与运行工况耦合后引起状态劣化，检测指标随严重度同步升高。,0.5562,hydraulic
RCA_TEXT_HFB-00882,HFB-00882,rca_text,结合传感器能量和检测记录，作动筒的压力异常与设计阶段高风险实体 HDES-01031 一致。,0.5826,hydraulic
EVO_TEXT_HFB-00882,HFB-00882,fault_evolution_text,早期异常较弱，运行载荷放大后出现指标漂移，并逐步演化为轻微故障。,0.5826,hydraulic
RCA_TEXT_HFB-00883,HFB-00883,rca_text,结合传感器能量和检测记录，过滤器的阀芯卡滞与运维阶段高风险实体 HOPR-00883 一致。,0.6444,hydraulic
EVO_TEXT_HFB-00883,HFB-00883,fault_evolution_text,运维阶段风险与运行工况耦合后引起状态劣化，检测指标随严重度同步升高。,0.6444,hydraulic
RCA_TEXT_HFB-00884,HFB-00884,rca_text,卸荷阀出现轻微振动异常，生命周期风险集中在装配阶段，建议优先追溯 HASM-00884。,0.5847,hydraulic
EVO_TEXT_HFB-00884,HFB-00884,fault_evolution_text,装配阶段风险与运行工况耦合后引起状态劣化，检测指标随严重度同步升高。,0.5847,hydraulic
RCA_TEXT_HFB-00885,HFB-00885,rca_text,冷却器出现轻微温度异常，生命周期风险集中在运维阶段，建议优先追溯 HOPR-00885。,0.5833,hydraulic
EVO_TEXT_HFB-00885,HFB-00885,fault_evolution_text,早期异常较弱，运行载荷放大后出现指标漂移，并逐步演化为轻微故障。,0.5833,hydraulic
RCA_TEXT_HFB-00886,HFB-00886,rca_text,该案例表现为轻微流量异常，根因更可能由材料阶段隐患累积触发。,0.6391,hydraulic
EVO_TEXT_HFB-00886,HFB-00886,fault_evolution_text,材料阶段风险与运行工况耦合后引起状态劣化，检测指标随严重度同步升高。,0.6391,hydraulic
RCA_TEXT_HFB-00887,HFB-00887,rca_text,该案例表现为轻微振动异常，根因更可能由运维阶段隐患累积触发。,0.5946,hydraulic
EVO_TEXT_HFB-00887,HFB-00887,fault_evolution_text,运维阶段风险与运行工况耦合后引起状态劣化，检测指标随严重度同步升高。,0.5946,hydraulic
RCA_TEXT_HFB-00888,HFB-00888,rca_text,结合传感器能量和检测记录，方向控制阀的流量异常与材料阶段高风险实体 HMAT-00084 一致。,0.5667,hydraulic
EVO_TEXT_HFB-00888,HFB-00888,fault_evolution_text,隐患先导致局部性能退化，随后传感器能量向关联通道集中，最终形成流量异常。,0.5667,hydraulic
RCA_TEXT_HFB-00889,HFB-00889,rca_text,结合传感器能量和检测记录，溢流阀的压力异常与设计阶段高风险实体 HDES-00308 一致。,0.5995,hydraulic
EVO_TEXT_HFB-00889,HFB-00889,fault_evolution_text,隐患先导致局部性能退化，随后传感器能量向关联通道集中，最终形成压力异常。,0.5995,hydraulic
RCA_TEXT_HFB-00890,HFB-00890,rca_text,结合传感器能量和检测记录，蓄能器的流量异常与运维阶段高风险实体 HOPR-00890 一致。,0.6094,hydraulic
EVO_TEXT_HFB-00890,HFB-00890,fault_evolution_text,早期异常较弱，运行载荷放大后出现指标漂移，并逐步演化为轻微故障。,0.6094,hydraulic
RCA_TEXT_HFB-00891,HFB-00891,rca_text,该案例表现为中度压力异常，根因更可能由设计阶段隐患累积触发。,0.6461,hydraulic
EVO_TEXT_HFB-00891,HFB-00891,fault_evolution_text,隐患先导致局部性能退化，随后传感器能量向关联通道集中，最终形成压力异常。,0.6461,hydraulic
RCA_TEXT_HFB-00892,HFB-00892,rca_text,液压油箱出现轻微流量异常，生命周期风险集中在材料阶段，建议优先追溯 HMAT-00217。,0.586,hydraulic
EVO_TEXT_HFB-00892,HFB-00892,fault_evolution_text,材料阶段风险与运行工况耦合后引起状态劣化，检测指标随严重度同步升高。,0.586,hydraulic
RCA_TEXT_HFB-00893,HFB-00893,rca_text,该案例表现为轻微泄漏异常，根因更可能由运维阶段隐患累积触发。,0.5904,hydraulic
EVO_TEXT_HFB-00893,HFB-00893,fault_evolution_text,运维阶段风险与运行工况耦合后引起状态劣化，检测指标随严重度同步升高。,0.5904,hydraulic
RCA_TEXT_HFB-00894,HFB-00894,rca_text,方向控制阀出现中度流量异常，生命周期风险集中在材料阶段，建议优先追溯 HMAT-00501。,0.5718,hydraulic
EVO_TEXT_HFB-00894,HFB-00894,fault_evolution_text,隐患先导致局部性能退化，随后传感器能量向关联通道集中，最终形成流量异常。,0.5718,hydraulic
RCA_TEXT_HFB-00895,HFB-00895,rca_text,单向阀出现轻微阀芯卡滞，生命周期风险集中在运维阶段，建议优先追溯 HOPR-00895。,0.5998,hydraulic
EVO_TEXT_HFB-00895,HFB-00895,fault_evolution_text,早期异常较弱，运行载荷放大后出现指标漂移，并逐步演化为轻微故障。,0.5998,hydraulic
RCA_TEXT_HFB-00896,HFB-00896,rca_text,该案例表现为轻微泄漏异常，根因更可能由材料阶段隐患累积触发。,0.6256,hydraulic
EVO_TEXT_HFB-00896,HFB-00896,fault_evolution_text,材料阶段风险与运行工况耦合后引起状态劣化，检测指标随严重度同步升高。,0.6256,hydraulic
RCA_TEXT_HFB-00897,HFB-00897,rca_text,方向控制阀出现轻微阀芯卡滞，生命周期风险集中在材料阶段，建议优先追溯 HMAT-00119。,0.5764,hydraulic
EVO_TEXT_HFB-00897,HFB-00897,fault_evolution_text,材料阶段风险与运行工况耦合后引起状态劣化，检测指标随严重度同步升高。,0.5764,hydraulic
RCA_TEXT_HFB-00898,HFB-00898,rca_text,结合传感器能量和检测记录，管路总成的泄漏异常与装配阶段高风险实体 HASM-00898 一致。,0.5819,hydraulic
EVO_TEXT_HFB-00898,HFB-00898,fault_evolution_text,装配阶段风险与运行工况耦合后引起状态劣化，检测指标随严重度同步升高。,0.5819,hydraulic
RCA_TEXT_HFB-00899,HFB-00899,rca_text,单向阀出现轻微泄漏异常，生命周期风险集中在材料阶段，建议优先追溯 HMAT-00578。,0.5875,hydraulic
EVO_TEXT_HFB-00899,HFB-00899,fault_evolution_text,材料阶段风险与运行工况耦合后引起状态劣化，检测指标随严重度同步升高。,0.5875,hydraulic
RCA_TEXT_HFB-00900,HFB-00900,rca_text,结合传感器能量和检测记录，卸荷阀的阀芯卡滞与设计阶段高风险实体 HDES-00249 一致。,0.5928,hydraulic
EVO_TEXT_HFB-00900,HFB-00900,fault_evolution_text,设计阶段风险与运行工况耦合后引起状态劣化，检测指标随严重度同步升高。,0.5928,hydraulic
RCA_TEXT_HFB-00901,HFB-00901,rca_text,该案例表现为中度流量异常，根因更可能由装配阶段隐患累积触发。,0.6289,hydraulic
EVO_TEXT_HFB-00901,HFB-00901,fault_evolution_text,隐患先导致局部性能退化，随后传感器能量向关联通道集中，最终形成流量异常。,0.6289,hydraulic
RCA_TEXT_HFB-00902,HFB-00902,rca_text,该案例表现为中度泄漏异常，根因更可能由材料阶段隐患累积触发。,0.6479,hydraulic
EVO_TEXT_HFB-00902,HFB-00902,fault_evolution_text,隐患先导致局部性能退化，随后传感器能量向关联通道集中，最终形成泄漏异常。,0.6479,hydraulic
RCA_TEXT_HFB-00903,HFB-00903,rca_text,结合传感器能量和检测记录，管路总成的阀芯卡滞与检测阶段高风险实体 HINSP-00903 一致。,0.5189,hydraulic
EVO_TEXT_HFB-00903,HFB-00903,fault_evolution_text,检测阶段风险与运行工况耦合后引起状态劣化，检测指标随严重度同步升高。,0.5189,hydraulic
RCA_TEXT_HFB-00904,HFB-00904,rca_text,液压泵总成出现轻微温度异常，生命周期风险集中在设计阶段，建议优先追溯 HDES-00237。,0.5633,hydraulic
EVO_TEXT_HFB-00904,HFB-00904,fault_evolution_text,设计阶段风险与运行工况耦合后引起状态劣化，检测指标随严重度同步升高。,0.5633,hydraulic
RCA_TEXT_HFB-00905,HFB-00905,rca_text,卸荷阀出现轻微泄漏异常，生命周期风险集中在装配阶段，建议优先追溯 HASM-00905。,0.5846,hydraulic
EVO_TEXT_HFB-00905,HFB-00905,fault_evolution_text,装配阶段风险与运行工况耦合后引起状态劣化，检测指标随严重度同步升高。,0.5846,hydraulic
RCA_TEXT_HFB-00906,HFB-00906,rca_text,结合传感器能量和检测记录，方向控制阀的阀芯卡滞与运维阶段高风险实体 HOPR-00906 一致。,0.6611,hydraulic
EVO_TEXT_HFB-00906,HFB-00906,fault_evolution_text,早期异常较弱，运行载荷放大后出现指标漂移，并逐步演化为轻微故障。,0.6611,hydraulic
RCA_TEXT_HFB-00907,HFB-00907,rca_text,作动筒出现轻微压力异常，生命周期风险集中在制造阶段，建议优先追溯 HMAN-00771。,0.58,hydraulic
EVO_TEXT_HFB-00907,HFB-00907,fault_evolution_text,制造阶段风险与运行工况耦合后引起状态劣化，检测指标随严重度同步升高。,0.58,hydraulic
RCA_TEXT_HFB-00908,HFB-00908,rca_text,该案例表现为轻微压力异常，根因更可能由检测阶段隐患累积触发。,0.5772,hydraulic
EVO_TEXT_HFB-00908,HFB-00908,fault_evolution_text,隐患先导致局部性能退化，随后传感器能量向关联通道集中，最终形成压力异常。,0.5772,hydraulic
RCA_TEXT_HFB-00909,HFB-00909,rca_text,该案例表现为中度泄漏异常，根因更可能由运维阶段隐患累积触发。,0.5769,hydraulic
EVO_TEXT_HFB-00909,HFB-00909,fault_evolution_text,隐患先导致局部性能退化，随后传感器能量向关联通道集中，最终形成泄漏异常。,0.5769,hydraulic
RCA_TEXT_HFB-00910,HFB-00910,rca_text,结合传感器能量和检测记录，管路总成的温度异常与设计阶段高风险实体 HPIP-00175 一致。,0.5931,hydraulic
EVO_TEXT_HFB-00910,HFB-00910,fault_evolution_text,早期异常较弱，运行载荷放大后出现指标漂移，并逐步演化为轻微故障。,0.5931,hydraulic
RCA_TEXT_HFB-00911,HFB-00911,rca_text,过滤器出现轻微流量异常，生命周期风险集中在装配阶段，建议优先追溯 HASM-00911。,0.6245,hydraulic
EVO_TEXT_HFB-00911,HFB-00911,fault_evolution_text,装配阶段风险与运行工况耦合后引起状态劣化，检测指标随严重度同步升高。,0.6245,hydraulic
RCA_TEXT_HFB-00912,HFB-00912,rca_text,方向控制阀出现轻微振动异常，生命周期风险集中在运维阶段，建议优先追溯 HOPR-00912。,0.6299,hydraulic
EVO_TEXT_HFB-00912,HFB-00912,fault_evolution_text,隐患先导致局部性能退化，随后传感器能量向关联通道集中，最终形成振动异常。,0.6299,hydraulic
RCA_TEXT_HFB-00913,HFB-00913,rca_text,结合传感器能量和检测记录，蓄能器的流量异常与材料阶段高风险实体 HMAT-00054 一致。,0.6666,hydraulic
EVO_TEXT_HFB-00913,HFB-00913,fault_evolution_text,隐患先导致局部性能退化，随后传感器能量向关联通道集中，最终形成流量异常。,0.6666,hydraulic
RCA_TEXT_HFB-00914,HFB-00914,rca_text,液压油箱出现轻微温度异常，生命周期风险集中在材料阶段，建议优先追溯 HMAT-00470。,0.591,hydraulic
EVO_TEXT_HFB-00914,HFB-00914,fault_evolution_text,材料阶段风险与运行工况耦合后引起状态劣化，检测指标随严重度同步升高。,0.591,hydraulic
RCA_TEXT_HFB-00915,HFB-00915,rca_text,结合传感器能量和检测记录，液压油箱的阀芯卡滞与制造阶段高风险实体 HMAN-00740 一致。,0.5429,hydraulic
EVO_TEXT_HFB-00915,HFB-00915,fault_evolution_text,隐患先导致局部性能退化，随后传感器能量向关联通道集中，最终形成阀芯卡滞。,0.5429,hydraulic
RCA_TEXT_HFB-00916,HFB-00916,rca_text,液压泵总成出现中度泄漏异常，生命周期风险集中在装配阶段，建议优先追溯 HASM-00916。,0.6059,hydraulic
EVO_TEXT_HFB-00916,HFB-00916,fault_evolution_text,装配阶段风险与运行工况耦合后引起状态劣化，检测指标随严重度同步升高。,0.6059,hydraulic
RCA_TEXT_HFB-00917,HFB-00917,rca_text,该案例表现为中度压力异常，根因更可能由运维阶段隐患累积触发。,0.6346,hydraulic
EVO_TEXT_HFB-00917,HFB-00917,fault_evolution_text,隐患先导致局部性能退化，随后传感器能量向关联通道集中，最终形成压力异常。,0.6346,hydraulic
RCA_TEXT_HFB-00918,HFB-00918,rca_text,液压油箱出现轻微温度异常，生命周期风险集中在运维阶段，建议优先追溯 HOPR-00918。,0.6447,hydraulic
EVO_TEXT_HFB-00918,HFB-00918,fault_evolution_text,早期异常较弱，运行载荷放大后出现指标漂移，并逐步演化为轻微故障。,0.6447,hydraulic
RCA_TEXT_HFB-00919,HFB-00919,rca_text,该案例表现为轻微阀芯卡滞，根因更可能由运维阶段隐患累积触发。,0.5567,hydraulic
EVO_TEXT_HFB-00919,HFB-00919,fault_evolution_text,早期异常较弱，运行载荷放大后出现指标漂移，并逐步演化为轻微故障。,0.5567,hydraulic
RCA_TEXT_HFB-00920,HFB-00920,rca_text,该案例表现为轻微振动异常，根因更可能由装配阶段隐患累积触发。,0.5331,hydraulic
EVO_TEXT_HFB-00920,HFB-00920,fault_evolution_text,早期异常较弱，运行载荷放大后出现指标漂移，并逐步演化为轻微故障。,0.5331,hydraulic
RCA_TEXT_HFB-00921,HFB-00921,rca_text,结合传感器能量和检测记录，卸荷阀的温度异常与材料阶段高风险实体 HMAT-00134 一致。,0.6041,hydraulic
EVO_TEXT_HFB-00921,HFB-00921,fault_evolution_text,早期异常较弱，运行载荷放大后出现指标漂移，并逐步演化为轻微故障。,0.6041,hydraulic
RCA_TEXT_HFB-00922,HFB-00922,rca_text,结合传感器能量和检测记录，节流阀的阀芯卡滞与制造阶段高风险实体 HMAN-00540 一致。,0.6296,hydraulic
EVO_TEXT_HFB-00922,HFB-00922,fault_evolution_text,早期异常较弱，运行载荷放大后出现指标漂移，并逐步演化为轻微故障。,0.6296,hydraulic
RCA_TEXT_HFB-00923,HFB-00923,rca_text,液压油箱出现轻微振动异常，生命周期风险集中在材料阶段，建议优先追溯 HMAT-00373。,0.5425,hydraulic
EVO_TEXT_HFB-00923,HFB-00923,fault_evolution_text,材料阶段风险与运行工况耦合后引起状态劣化，检测指标随严重度同步升高。,0.5425,hydraulic
RCA_TEXT_HFB-00924,HFB-00924,rca_text,该案例表现为轻微压力异常，根因更可能由运维阶段隐患累积触发。,0.5712,hydraulic
EVO_TEXT_HFB-00924,HFB-00924,fault_evolution_text,隐患先导致局部性能退化，随后传感器能量向关联通道集中，最终形成压力异常。,0.5712,hydraulic
RCA_TEXT_HFB-00925,HFB-00925,rca_text,方向控制阀出现轻微泄漏异常，生命周期风险集中在材料阶段，建议优先追溯 HMAT-00278。,0.6157,hydraulic
EVO_TEXT_HFB-00925,HFB-00925,fault_evolution_text,早期异常较弱，运行载荷放大后出现指标漂移，并逐步演化为轻微故障。,0.6157,hydraulic
RCA_TEXT_HFB-00926,HFB-00926,rca_text,该案例表现为轻微振动异常，根因更可能由运维阶段隐患累积触发。,0.6176,hydraulic
EVO_TEXT_HFB-00926,HFB-00926,fault_evolution_text,早期异常较弱，运行载荷放大后出现指标漂移，并逐步演化为轻微故障。,0.6176,hydraulic
RCA_TEXT_HFB-00927,HFB-00927,rca_text,方向控制阀出现轻微压力异常，生命周期风险集中在运维阶段，建议优先追溯 HOPR-00927。,0.6053,hydraulic
EVO_TEXT_HFB-00927,HFB-00927,fault_evolution_text,早期异常较弱，运行载荷放大后出现指标漂移，并逐步演化为轻微故障。,0.6053,hydraulic
RCA_TEXT_HFB-00928,HFB-00928,rca_text,液压泵总成出现轻微流量异常，生命周期风险集中在运维阶段，建议优先追溯 HOPR-00928。,0.5917,hydraulic
EVO_TEXT_HFB-00928,HFB-00928,fault_evolution_text,早期异常较弱，运行载荷放大后出现指标漂移，并逐步演化为轻微故障。,0.5917,hydraulic
RCA_TEXT_HFB-00929,HFB-00929,rca_text,管路总成出现中度泄漏异常，生命周期风险集中在材料阶段，建议优先追溯 HMAT-00433。,0.6303,hydraulic
EVO_TEXT_HFB-00929,HFB-00929,fault_evolution_text,隐患先导致局部性能退化，随后传感器能量向关联通道集中，最终形成泄漏异常。,0.6303,hydraulic
RCA_TEXT_HFB-00930,HFB-00930,rca_text,该案例表现为中度振动异常，根因更可能由运维阶段隐患累积触发。,0.5933,hydraulic
EVO_TEXT_HFB-00930,HFB-00930,fault_evolution_text,运维阶段风险与运行工况耦合后引起状态劣化，检测指标随严重度同步升高。,0.5933,hydraulic
RCA_TEXT_HFB-00931,HFB-00931,rca_text,该案例表现为轻微温度异常，根因更可能由运维阶段隐患累积触发。,0.551,hydraulic
EVO_TEXT_HFB-00931,HFB-00931,fault_evolution_text,运维阶段风险与运行工况耦合后引起状态劣化，检测指标随严重度同步升高。,0.551,hydraulic
RCA_TEXT_HFB-00932,HFB-00932,rca_text,该案例表现为轻微泄漏异常，根因更可能由运维阶段隐患累积触发。,0.6061,hydraulic
EVO_TEXT_HFB-00932,HFB-00932,fault_evolution_text,隐患先导致局部性能退化，随后传感器能量向关联通道集中，最终形成泄漏异常。,0.6061,hydraulic
RCA_TEXT_HFB-00933,HFB-00933,rca_text,该案例表现为轻微阀芯卡滞，根因更可能由运维阶段隐患累积触发。,0.6,hydraulic
EVO_TEXT_HFB-00933,HFB-00933,fault_evolution_text,运维阶段风险与运行工况耦合后引起状态劣化，检测指标随严重度同步升高。,0.6,hydraulic
RCA_TEXT_HFB-00934,HFB-00934,rca_text,该案例表现为轻微压力异常，根因更可能由装配阶段隐患累积触发。,0.6156,hydraulic
EVO_TEXT_HFB-00934,HFB-00934,fault_evolution_text,装配阶段风险与运行工况耦合后引起状态劣化，检测指标随严重度同步升高。,0.6156,hydraulic
RCA_TEXT_HFB-00935,HFB-00935,rca_text,该案例表现为轻微振动异常，根因更可能由制造阶段隐患累积触发。,0.4879,hydraulic
EVO_TEXT_HFB-00935,HFB-00935,fault_evolution_text,隐患先导致局部性能退化，随后传感器能量向关联通道集中，最终形成振动异常。,0.4879,hydraulic
RCA_TEXT_HFB-00936,HFB-00936,rca_text,该案例表现为轻微流量异常，根因更可能由装配阶段隐患累积触发。,0.5959,hydraulic
EVO_TEXT_HFB-00936,HFB-00936,fault_evolution_text,早期异常较弱，运行载荷放大后出现指标漂移，并逐步演化为轻微故障。,0.5959,hydraulic
RCA_TEXT_HFB-00937,HFB-00937,rca_text,该案例表现为轻微阀芯卡滞，根因更可能由制造阶段隐患累积触发。,0.5259,hydraulic
EVO_TEXT_HFB-00937,HFB-00937,fault_evolution_text,隐患先导致局部性能退化，随后传感器能量向关联通道集中，最终形成阀芯卡滞。,0.5259,hydraulic
RCA_TEXT_HFB-00938,HFB-00938,rca_text,结合传感器能量和检测记录，作动筒的流量异常与制造阶段高风险实体 HMAN-00554 一致。,0.5412,hydraulic
EVO_TEXT_HFB-00938,HFB-00938,fault_evolution_text,制造阶段风险与运行工况耦合后引起状态劣化，检测指标随严重度同步升高。,0.5412,hydraulic
RCA_TEXT_HFB-00939,HFB-00939,rca_text,该案例表现为轻微振动异常，根因更可能由制造阶段隐患累积触发。,0.5889,hydraulic
EVO_TEXT_HFB-00939,HFB-00939,fault_evolution_text,隐患先导致局部性能退化，随后传感器能量向关联通道集中，最终形成振动异常。,0.5889,hydraulic
RCA_TEXT_HFB-00940,HFB-00940,rca_text,结合传感器能量和检测记录，方向控制阀的压力异常与检测阶段高风险实体 HINSP-00940 一致。,0.6415,hydraulic
EVO_TEXT_HFB-00940,HFB-00940,fault_evolution_text,隐患先导致局部性能退化，随后传感器能量向关联通道集中，最终形成压力异常。,0.6415,hydraulic
RCA_TEXT_HFB-00941,HFB-00941,rca_text,该案例表现为中度阀芯卡滞，根因更可能由设计阶段隐患累积触发。,0.6495,hydraulic
EVO_TEXT_HFB-00941,HFB-00941,fault_evolution_text,设计阶段风险与运行工况耦合后引起状态劣化，检测指标随严重度同步升高。,0.6495,hydraulic
RCA_TEXT_HFB-00942,HFB-00942,rca_text,结合传感器能量和检测记录，管路总成的压力异常与材料阶段高风险实体 HMAT-00033 一致。,0.5959,hydraulic
EVO_TEXT_HFB-00942,HFB-00942,fault_evolution_text,隐患先导致局部性能退化，随后传感器能量向关联通道集中，最终形成压力异常。,0.5959,hydraulic
RCA_TEXT_HFB-00943,HFB-00943,rca_text,结合传感器能量和检测记录，管路总成的泄漏异常与运维阶段高风险实体 HOPR-00943 一致。,0.6438,hydraulic
EVO_TEXT_HFB-00943,HFB-00943,fault_evolution_text,隐患先导致局部性能退化，随后传感器能量向关联通道集中，最终形成泄漏异常。,0.6438,hydraulic
RCA_TEXT_HFB-00944,HFB-00944,rca_text,液压泵总成出现轻微泄漏异常，生命周期风险集中在运维阶段，建议优先追溯 HOPR-00944。,0.617,hydraulic
EVO_TEXT_HFB-00944,HFB-00944,fault_evolution_text,隐患先导致局部性能退化，随后传感器能量向关联通道集中，最终形成泄漏异常。,0.617,hydraulic
RCA_TEXT_HFB-00945,HFB-00945,rca_text,结合传感器能量和检测记录，溢流阀的压力异常与运维阶段高风险实体 HOPR-00945 一致。,0.5849,hydraulic
EVO_TEXT_HFB-00945,HFB-00945,fault_evolution_text,早期异常较弱，运行载荷放大后出现指标漂移，并逐步演化为中度故障。,0.5849,hydraulic
RCA_TEXT_HFB-00946,HFB-00946,rca_text,管路总成出现中度流量异常，生命周期风险集中在设计阶段，建议优先追溯 HPIP-00181。,0.6457,hydraulic
EVO_TEXT_HFB-00946,HFB-00946,fault_evolution_text,早期异常较弱，运行载荷放大后出现指标漂移，并逐步演化为中度故障。,0.6457,hydraulic
RCA_TEXT_HFB-00947,HFB-00947,rca_text,该案例表现为轻微流量异常，根因更可能由运维阶段隐患累积触发。,0.5934,hydraulic
EVO_TEXT_HFB-00947,HFB-00947,fault_evolution_text,早期异常较弱，运行载荷放大后出现指标漂移，并逐步演化为轻微故障。,0.5934,hydraulic
RCA_TEXT_HFB-00948,HFB-00948,rca_text,该案例表现为中度振动异常，根因更可能由运维阶段隐患累积触发。,0.7124,hydraulic
EVO_TEXT_HFB-00948,HFB-00948,fault_evolution_text,隐患先导致局部性能退化，随后传感器能量向关联通道集中，最终形成振动异常。,0.7124,hydraulic
RCA_TEXT_HFB-00949,HFB-00949,rca_text,单向阀出现轻微压力异常，生命周期风险集中在装配阶段，建议优先追溯 HASM-00949。,0.6311,hydraulic
EVO_TEXT_HFB-00949,HFB-00949,fault_evolution_text,早期异常较弱，运行载荷放大后出现指标漂移，并逐步演化为轻微故障。,0.6311,hydraulic
RCA_TEXT_HFB-00950,HFB-00950,rca_text,该案例表现为轻微阀芯卡滞，根因更可能由检测阶段隐患累积触发。,0.6344,hydraulic
EVO_TEXT_HFB-00950,HFB-00950,fault_evolution_text,早期异常较弱，运行载荷放大后出现指标漂移，并逐步演化为轻微故障。,0.6344,hydraulic
RCA_TEXT_HFB-00951,HFB-00951,rca_text,该案例表现为轻微压力异常，根因更可能由设计阶段隐患累积触发。,0.5098,hydraulic
EVO_TEXT_HFB-00951,HFB-00951,fault_evolution_text,隐患先导致局部性能退化，随后传感器能量向关联通道集中，最终形成压力异常。,0.5098,hydraulic
RCA_TEXT_HFB-00952,HFB-00952,rca_text,该案例表现为中度压力异常，根因更可能由制造阶段隐患累积触发。,0.6291,hydraulic
EVO_TEXT_HFB-00952,HFB-00952,fault_evolution_text,隐患先导致局部性能退化，随后传感器能量向关联通道集中，最终形成压力异常。,0.6291,hydraulic
RCA_TEXT_HFB-00953,HFB-00953,rca_text,结合传感器能量和检测记录，液压泵总成的泄漏异常与装配阶段高风险实体 HASM-00953 一致。,0.5719,hydraulic
EVO_TEXT_HFB-00953,HFB-00953,fault_evolution_text,装配阶段风险与运行工况耦合后引起状态劣化，检测指标随严重度同步升高。,0.5719,hydraulic
RCA_TEXT_HFB-00954,HFB-00954,rca_text,结合传感器能量和检测记录，冷却器的流量异常与检测阶段高风险实体 HINSP-00954 一致。,0.6034,hydraulic
EVO_TEXT_HFB-00954,HFB-00954,fault_evolution_text,早期异常较弱，运行载荷放大后出现指标漂移，并逐步演化为轻微故障。,0.6034,hydraulic
RCA_TEXT_HFB-00955,HFB-00955,rca_text,蓄能器出现中度压力异常，生命周期风险集中在装配阶段，建议优先追溯 HASM-00955。,0.6586,hydraulic
EVO_TEXT_HFB-00955,HFB-00955,fault_evolution_text,装配阶段风险与运行工况耦合后引起状态劣化，检测指标随严重度同步升高。,0.6586,hydraulic
RCA_TEXT_HFB-00956,HFB-00956,rca_text,结合传感器能量和检测记录，节流阀的流量异常与材料阶段高风险实体 HMAT-00599 一致。,0.643,hydraulic
EVO_TEXT_HFB-00956,HFB-00956,fault_evolution_text,隐患先导致局部性能退化，随后传感器能量向关联通道集中，最终形成流量异常。,0.643,hydraulic
RCA_TEXT_HFB-00957,HFB-00957,rca_text,该案例表现为轻微流量异常，根因更可能由运维阶段隐患累积触发。,0.5965,hydraulic
EVO_TEXT_HFB-00957,HFB-00957,fault_evolution_text,运维阶段风险与运行工况耦合后引起状态劣化，检测指标随严重度同步升高。,0.5965,hydraulic
RCA_TEXT_HFB-00958,HFB-00958,rca_text,该案例表现为轻微振动异常，根因更可能由装配阶段隐患累积触发。,0.6023,hydraulic
EVO_TEXT_HFB-00958,HFB-00958,fault_evolution_text,早期异常较弱，运行载荷放大后出现指标漂移，并逐步演化为轻微故障。,0.6023,hydraulic
RCA_TEXT_HFB-00959,HFB-00959,rca_text,管路总成出现中度振动异常，生命周期风险集中在运维阶段，建议优先追溯 HOPR-00959。,0.6382,hydraulic
EVO_TEXT_HFB-00959,HFB-00959,fault_evolution_text,早期异常较弱，运行载荷放大后出现指标漂移，并逐步演化为中度故障。,0.6382,hydraulic
RCA_TEXT_HFB-00960,HFB-00960,rca_text,管路总成出现中度振动异常，生命周期风险集中在运维阶段，建议优先追溯 HOPR-00960。,0.6578,hydraulic
EVO_TEXT_HFB-00960,HFB-00960,fault_evolution_text,运维阶段风险与运行工况耦合后引起状态劣化，检测指标随严重度同步升高。,0.6578,hydraulic
RCA_TEXT_HFB-00961,HFB-00961,rca_text,该案例表现为中度阀芯卡滞，根因更可能由运维阶段隐患累积触发。,0.5624,hydraulic
EVO_TEXT_HFB-00961,HFB-00961,fault_evolution_text,隐患先导致局部性能退化，随后传感器能量向关联通道集中，最终形成阀芯卡滞。,0.5624,hydraulic
RCA_TEXT_HFB-00962,HFB-00962,rca_text,该案例表现为轻微振动异常，根因更可能由材料阶段隐患累积触发。,0.5739,hydraulic
EVO_TEXT_HFB-00962,HFB-00962,fault_evolution_text,隐患先导致局部性能退化，随后传感器能量向关联通道集中，最终形成振动异常。,0.5739,hydraulic
RCA_TEXT_HFB-00963,HFB-00963,rca_text,该案例表现为轻微阀芯卡滞，根因更可能由运维阶段隐患累积触发。,0.5389,hydraulic
EVO_TEXT_HFB-00963,HFB-00963,fault_evolution_text,早期异常较弱，运行载荷放大后出现指标漂移，并逐步演化为轻微故障。,0.5389,hydraulic
RCA_TEXT_HFB-00964,HFB-00964,rca_text,冷却器出现轻微流量异常，生命周期风险集中在检测阶段，建议优先追溯 HINSP-00964。,0.5853,hydraulic
EVO_TEXT_HFB-00964,HFB-00964,fault_evolution_text,早期异常较弱，运行载荷放大后出现指标漂移，并逐步演化为轻微故障。,0.5853,hydraulic
RCA_TEXT_HFB-00965,HFB-00965,rca_text,液压油箱出现轻微温度异常，生命周期风险集中在装配阶段，建议优先追溯 HASM-00965。,0.5588,hydraulic
EVO_TEXT_HFB-00965,HFB-00965,fault_evolution_text,早期异常较弱，运行载荷放大后出现指标漂移，并逐步演化为轻微故障。,0.5588,hydraulic
RCA_TEXT_HFB-00966,HFB-00966,rca_text,液压泵总成出现轻微流量异常，生命周期风险集中在运维阶段，建议优先追溯 HOPR-00966。,0.5453,hydraulic
EVO_TEXT_HFB-00966,HFB-00966,fault_evolution_text,隐患先导致局部性能退化，随后传感器能量向关联通道集中，最终形成流量异常。,0.5453,hydraulic
RCA_TEXT_HFB-00967,HFB-00967,rca_text,节流阀出现轻微流量异常，生命周期风险集中在设计阶段，建议优先追溯 HDES-00606。,0.616,hydraulic
EVO_TEXT_HFB-00967,HFB-00967,fault_evolution_text,早期异常较弱，运行载荷放大后出现指标漂移，并逐步演化为轻微故障。,0.616,hydraulic
RCA_TEXT_HFB-00968,HFB-00968,rca_text,结合传感器能量和检测记录，液压泵总成的振动异常与运维阶段高风险实体 HOPR-00968 一致。,0.5845,hydraulic
EVO_TEXT_HFB-00968,HFB-00968,fault_evolution_text,早期异常较弱，运行载荷放大后出现指标漂移，并逐步演化为轻微故障。,0.5845,hydraulic
RCA_TEXT_HFB-00969,HFB-00969,rca_text,该案例表现为轻微流量异常，根因更可能由运维阶段隐患累积触发。,0.6623,hydraulic
EVO_TEXT_HFB-00969,HFB-00969,fault_evolution_text,隐患先导致局部性能退化，随后传感器能量向关联通道集中，最终形成流量异常。,0.6623,hydraulic
RCA_TEXT_HFB-00970,HFB-00970,rca_text,结合传感器能量和检测记录，管路总成的压力异常与装配阶段高风险实体 HASM-00970 一致。,0.6045,hydraulic
EVO_TEXT_HFB-00970,HFB-00970,fault_evolution_text,隐患先导致局部性能退化，随后传感器能量向关联通道集中，最终形成压力异常。,0.6045,hydraulic
RCA_TEXT_HFB-00971,HFB-00971,rca_text,管路总成出现中度压力异常，生命周期风险集中在运维阶段，建议优先追溯 HOPR-00971。,0.6714,hydraulic
EVO_TEXT_HFB-00971,HFB-00971,fault_evolution_text,运维阶段风险与运行工况耦合后引起状态劣化，检测指标随严重度同步升高。,0.6714,hydraulic
RCA_TEXT_HFB-00972,HFB-00972,rca_text,单向阀出现轻微流量异常，生命周期风险集中在设计阶段，建议优先追溯 HDES-00566。,0.6034,hydraulic
EVO_TEXT_HFB-00972,HFB-00972,fault_evolution_text,隐患先导致局部性能退化，随后传感器能量向关联通道集中，最终形成流量异常。,0.6034,hydraulic
RCA_TEXT_HFB-00973,HFB-00973,rca_text,管路总成出现中度泄漏异常，生命周期风险集中在运维阶段，建议优先追溯 HOPR-00973。,0.5665,hydraulic
EVO_TEXT_HFB-00973,HFB-00973,fault_evolution_text,早期异常较弱，运行载荷放大后出现指标漂移，并逐步演化为中度故障。,0.5665,hydraulic
RCA_TEXT_HFB-00974,HFB-00974,rca_text,卸荷阀出现中度泄漏异常，生命周期风险集中在运维阶段，建议优先追溯 HOPR-00974。,0.6114,hydraulic
EVO_TEXT_HFB-00974,HFB-00974,fault_evolution_text,运维阶段风险与运行工况耦合后引起状态劣化，检测指标随严重度同步升高。,0.6114,hydraulic
RCA_TEXT_HFB-00975,HFB-00975,rca_text,卸荷阀出现轻微泄漏异常，生命周期风险集中在装配阶段，建议优先追溯 HASM-00975。,0.586,hydraulic
EVO_TEXT_HFB-00975,HFB-00975,fault_evolution_text,隐患先导致局部性能退化，随后传感器能量向关联通道集中，最终形成泄漏异常。,0.586,hydraulic
RCA_TEXT_HFB-00976,HFB-00976,rca_text,该案例表现为轻微流量异常，根因更可能由材料阶段隐患累积触发。,0.6109,hydraulic
EVO_TEXT_HFB-00976,HFB-00976,fault_evolution_text,隐患先导致局部性能退化，随后传感器能量向关联通道集中，最终形成流量异常。,0.6109,hydraulic
RCA_TEXT_HFB-00977,HFB-00977,rca_text,该案例表现为轻微压力异常，根因更可能由设计阶段隐患累积触发。,0.605,hydraulic
EVO_TEXT_HFB-00977,HFB-00977,fault_evolution_text,早期异常较弱，运行载荷放大后出现指标漂移，并逐步演化为轻微故障。,0.605,hydraulic
RCA_TEXT_HFB-00978,HFB-00978,rca_text,液压油箱出现中度温度异常，生命周期风险集中在运维阶段，建议优先追溯 HOPR-00978。,0.6096,hydraulic
EVO_TEXT_HFB-00978,HFB-00978,fault_evolution_text,隐患先导致局部性能退化，随后传感器能量向关联通道集中，最终形成温度异常。,0.6096,hydraulic
RCA_TEXT_HFB-00979,HFB-00979,rca_text,液压油箱出现轻微温度异常，生命周期风险集中在设计阶段，建议优先追溯 HDES-00924。,0.6206,hydraulic
EVO_TEXT_HFB-00979,HFB-00979,fault_evolution_text,设计阶段风险与运行工况耦合后引起状态劣化，检测指标随严重度同步升高。,0.6206,hydraulic
RCA_TEXT_HFB-00980,HFB-00980,rca_text,冷却器出现轻微阀芯卡滞，生命周期风险集中在制造阶段，建议优先追溯 HMAN-00649。,0.6122,hydraulic
EVO_TEXT_HFB-00980,HFB-00980,fault_evolution_text,隐患先导致局部性能退化，随后传感器能量向关联通道集中，最终形成阀芯卡滞。,0.6122,hydraulic
RCA_TEXT_HFB-00981,HFB-00981,rca_text,该案例表现为轻微压力异常，根因更可能由运维阶段隐患累积触发。,0.5875,hydraulic
EVO_TEXT_HFB-00981,HFB-00981,fault_evolution_text,运维阶段风险与运行工况耦合后引起状态劣化，检测指标随严重度同步升高。,0.5875,hydraulic
RCA_TEXT_HFB-00982,HFB-00982,rca_text,结合传感器能量和检测记录，冷却器的流量异常与制造阶段高风险实体 HMAN-00407 一致。,0.6148,hydraulic
EVO_TEXT_HFB-00982,HFB-00982,fault_evolution_text,制造阶段风险与运行工况耦合后引起状态劣化，检测指标随严重度同步升高。,0.6148,hydraulic
RCA_TEXT_HFB-00983,HFB-00983,rca_text,结合传感器能量和检测记录，方向控制阀的压力异常与制造阶段高风险实体 HMAN-00648 一致。,0.6754,hydraulic
EVO_TEXT_HFB-00983,HFB-00983,fault_evolution_text,制造阶段风险与运行工况耦合后引起状态劣化，检测指标随严重度同步升高。,0.6754,hydraulic
RCA_TEXT_HFB-00984,HFB-00984,rca_text,该案例表现为轻微泄漏异常，根因更可能由制造阶段隐患累积触发。,0.5929,hydraulic
EVO_TEXT_HFB-00984,HFB-00984,fault_evolution_text,早期异常较弱，运行载荷放大后出现指标漂移，并逐步演化为轻微故障。,0.5929,hydraulic
RCA_TEXT_HFB-00985,HFB-00985,rca_text,管路总成出现中度泄漏异常，生命周期风险集中在装配阶段，建议优先追溯 HASM-00985。,0.6406,hydraulic
EVO_TEXT_HFB-00985,HFB-00985,fault_evolution_text,装配阶段风险与运行工况耦合后引起状态劣化，检测指标随严重度同步升高。,0.6406,hydraulic
RCA_TEXT_HFB-00986,HFB-00986,rca_text,该案例表现为中度泄漏异常，根因更可能由设计阶段隐患累积触发。,0.5637,hydraulic
EVO_TEXT_HFB-00986,HFB-00986,fault_evolution_text,设计阶段风险与运行工况耦合后引起状态劣化，检测指标随严重度同步升高。,0.5637,hydraulic
RCA_TEXT_HFB-00987,HFB-00987,rca_text,过滤器出现中度流量异常，生命周期风险集中在运维阶段，建议优先追溯 HOPR-00987。,0.6851,hydraulic
EVO_TEXT_HFB-00987,HFB-00987,fault_evolution_text,隐患先导致局部性能退化，随后传感器能量向关联通道集中，最终形成流量异常。,0.6851,hydraulic
RCA_TEXT_HFB-00988,HFB-00988,rca_text,结合传感器能量和检测记录，蓄能器的流量异常与运维阶段高风险实体 HOPR-00988 一致。,0.5493,hydraulic
EVO_TEXT_HFB-00988,HFB-00988,fault_evolution_text,运维阶段风险与运行工况耦合后引起状态劣化，检测指标随严重度同步升高。,0.5493,hydraulic
RCA_TEXT_HFB-00989,HFB-00989,rca_text,卸荷阀出现轻微压力异常，生命周期风险集中在制造阶段，建议优先追溯 HMAN-01076。,0.5903,hydraulic
EVO_TEXT_HFB-00989,HFB-00989,fault_evolution_text,早期异常较弱，运行载荷放大后出现指标漂移，并逐步演化为轻微故障。,0.5903,hydraulic
RCA_TEXT_HFB-00990,HFB-00990,rca_text,该案例表现为轻微压力异常，根因更可能由运维阶段隐患累积触发。,0.586,hydraulic
EVO_TEXT_HFB-00990,HFB-00990,fault_evolution_text,隐患先导致局部性能退化，随后传感器能量向关联通道集中，最终形成压力异常。,0.586,hydraulic
RCA_TEXT_HFB-00991,HFB-00991,rca_text,液压油箱出现中度流量异常，生命周期风险集中在运维阶段，建议优先追溯 HOPR-00991。,0.5955,hydraulic
EVO_TEXT_HFB-00991,HFB-00991,fault_evolution_text,运维阶段风险与运行工况耦合后引起状态劣化，检测指标随严重度同步升高。,0.5955,hydraulic
RCA_TEXT_HFB-00992,HFB-00992,rca_text,结合传感器能量和检测记录，液压泵总成的温度异常与运维阶段高风险实体 HOPR-00992 一致。,0.613,hydraulic
EVO_TEXT_HFB-00992,HFB-00992,fault_evolution_text,运维阶段风险与运行工况耦合后引起状态劣化，检测指标随严重度同步升高。,0.613,hydraulic
RCA_TEXT_HFB-00993,HFB-00993,rca_text,液压泵总成出现中度压力异常，生命周期风险集中在运维阶段，建议优先追溯 HOPR-00993。,0.6089,hydraulic
EVO_TEXT_HFB-00993,HFB-00993,fault_evolution_text,运维阶段风险与运行工况耦合后引起状态劣化，检测指标随严重度同步升高。,0.6089,hydraulic
RCA_TEXT_HFB-00994,HFB-00994,rca_text,该案例表现为中度温度异常，根因更可能由材料阶段隐患累积触发。,0.6512,hydraulic
EVO_TEXT_HFB-00994,HFB-00994,fault_evolution_text,材料阶段风险与运行工况耦合后引起状态劣化，检测指标随严重度同步升高。,0.6512,hydraulic
RCA_TEXT_HFB-00995,HFB-00995,rca_text,结合传感器能量和检测记录，管路总成的压力异常与装配阶段高风险实体 HASM-00995 一致。,0.6664,hydraulic
EVO_TEXT_HFB-00995,HFB-00995,fault_evolution_text,早期异常较弱，运行载荷放大后出现指标漂移，并逐步演化为中度故障。,0.6664,hydraulic
RCA_TEXT_HFB-00996,HFB-00996,rca_text,液压泵总成出现中度压力异常，生命周期风险集中在检测阶段，建议优先追溯 HINSP-00996。,0.5897,hydraulic
EVO_TEXT_HFB-00996,HFB-00996,fault_evolution_text,早期异常较弱，运行载荷放大后出现指标漂移，并逐步演化为中度故障。,0.5897,hydraulic
RCA_TEXT_HFB-00997,HFB-00997,rca_text,液压油箱出现中度流量异常，生命周期风险集中在设计阶段，建议优先追溯 HDES-00447。,0.6164,hydraulic
EVO_TEXT_HFB-00997,HFB-00997,fault_evolution_text,早期异常较弱，运行载荷放大后出现指标漂移，并逐步演化为中度故障。,0.6164,hydraulic
RCA_TEXT_HFB-00998,HFB-00998,rca_text,该案例表现为轻微流量异常，根因更可能由运维阶段隐患累积触发。,0.5989,hydraulic
EVO_TEXT_HFB-00998,HFB-00998,fault_evolution_text,运维阶段风险与运行工况耦合后引起状态劣化，检测指标随严重度同步升高。,0.5989,hydraulic
RCA_TEXT_HFB-00999,HFB-00999,rca_text,结合传感器能量和检测记录，蓄能器的压力异常与装配阶段高风险实体 HASM-00999 一致。,0.6912,hydraulic
EVO_TEXT_HFB-00999,HFB-00999,fault_evolution_text,装配阶段风险与运行工况耦合后引起状态劣化，检测指标随严重度同步升高。,0.6912,hydraulic
RCA_TEXT_HFB-01000,HFB-01000,rca_text,该案例表现为轻微流量异常，根因更可能由运维阶段隐患累积触发。,0.5453,hydraulic
EVO_TEXT_HFB-01000,HFB-01000,fault_evolution_text,隐患先导致局部性能退化，随后传感器能量向关联通道集中，最终形成流量异常。,0.5453,hydraulic
RCA_TEXT_HFB-01001,HFB-01001,rca_text,节流阀出现中度流量异常，生命周期风险集中在制造阶段，建议优先追溯 HMAN-01071。,0.7053,hydraulic
EVO_TEXT_HFB-01001,HFB-01001,fault_evolution_text,制造阶段风险与运行工况耦合后引起状态劣化，检测指标随严重度同步升高。,0.7053,hydraulic
RCA_TEXT_HFB-01002,HFB-01002,rca_text,该案例表现为中度温度异常，根因更可能由运维阶段隐患累积触发。,0.6662,hydraulic
EVO_TEXT_HFB-01002,HFB-01002,fault_evolution_text,早期异常较弱，运行载荷放大后出现指标漂移，并逐步演化为中度故障。,0.6662,hydraulic
RCA_TEXT_HFB-01003,HFB-01003,rca_text,结合传感器能量和检测记录，过滤器的振动异常与运维阶段高风险实体 HOPR-01003 一致。,0.5551,hydraulic
EVO_TEXT_HFB-01003,HFB-01003,fault_evolution_text,隐患先导致局部性能退化，随后传感器能量向关联通道集中，最终形成振动异常。,0.5551,hydraulic
RCA_TEXT_HFB-01004,HFB-01004,rca_text,结合传感器能量和检测记录，管路总成的泄漏异常与装配阶段高风险实体 HASM-01004 一致。,0.6666,hydraulic
EVO_TEXT_HFB-01004,HFB-01004,fault_evolution_text,隐患先导致局部性能退化，随后传感器能量向关联通道集中，最终形成泄漏异常。,0.6666,hydraulic
RCA_TEXT_HFB-01005,HFB-01005,rca_text,该案例表现为轻微流量异常，根因更可能由检测阶段隐患累积触发。,0.6098,hydraulic
EVO_TEXT_HFB-01005,HFB-01005,fault_evolution_text,隐患先导致局部性能退化，随后传感器能量向关联通道集中，最终形成流量异常。,0.6098,hydraulic
RCA_TEXT_HFB-01006,HFB-01006,rca_text,结合传感器能量和检测记录，方向控制阀的振动异常与运维阶段高风险实体 HOPR-01006 一致。,0.5296,hydraulic
EVO_TEXT_HFB-01006,HFB-01006,fault_evolution_text,早期异常较弱，运行载荷放大后出现指标漂移，并逐步演化为轻微故障。,0.5296,hydraulic
RCA_TEXT_HFB-01007,HFB-01007,rca_text,液压泵总成出现轻微泄漏异常，生命周期风险集中在设计阶段，建议优先追溯 HDES-00085。,0.597,hydraulic
EVO_TEXT_HFB-01007,HFB-01007,fault_evolution_text,隐患先导致局部性能退化，随后传感器能量向关联通道集中，最终形成泄漏异常。,0.597,hydraulic
RCA_TEXT_HFB-01008,HFB-01008,rca_text,结合传感器能量和检测记录，过滤器的流量异常与材料阶段高风险实体 HMAT-00146 一致。,0.6757,hydraulic
EVO_TEXT_HFB-01008,HFB-01008,fault_evolution_text,材料阶段风险与运行工况耦合后引起状态劣化，检测指标随严重度同步升高。,0.6757,hydraulic
RCA_TEXT_HFB-01009,HFB-01009,rca_text,液压油箱出现轻微温度异常，生命周期风险集中在材料阶段，建议优先追溯 HMAT-00427。,0.5661,hydraulic
EVO_TEXT_HFB-01009,HFB-01009,fault_evolution_text,隐患先导致局部性能退化，随后传感器能量向关联通道集中，最终形成温度异常。,0.5661,hydraulic
RCA_TEXT_HFB-01010,HFB-01010,rca_text,结合传感器能量和检测记录，溢流阀的泄漏异常与运维阶段高风险实体 HOPR-01010 一致。,0.6114,hydraulic
EVO_TEXT_HFB-01010,HFB-01010,fault_evolution_text,运维阶段风险与运行工况耦合后引起状态劣化，检测指标随严重度同步升高。,0.6114,hydraulic
RCA_TEXT_HFB-01011,HFB-01011,rca_text,管路总成出现中度振动异常，生命周期风险集中在运维阶段，建议优先追溯 HOPR-01011。,0.6069,hydraulic
EVO_TEXT_HFB-01011,HFB-01011,fault_evolution_text,早期异常较弱，运行载荷放大后出现指标漂移，并逐步演化为中度故障。,0.6069,hydraulic
RCA_TEXT_HFB-01012,HFB-01012,rca_text,管路总成出现中度振动异常，生命周期风险集中在运维阶段，建议优先追溯 HOPR-01012。,0.6979,hydraulic
EVO_TEXT_HFB-01012,HFB-01012,fault_evolution_text,隐患先导致局部性能退化，随后传感器能量向关联通道集中，最终形成振动异常。,0.6979,hydraulic
RCA_TEXT_HFB-01013,HFB-01013,rca_text,液压泵总成出现中度温度异常，生命周期风险集中在检测阶段，建议优先追溯 HINSP-01013。,0.62,hydraulic
EVO_TEXT_HFB-01013,HFB-01013,fault_evolution_text,早期异常较弱，运行载荷放大后出现指标漂移，并逐步演化为中度故障。,0.62,hydraulic
RCA_TEXT_HFB-01014,HFB-01014,rca_text,液压泵总成出现中度泄漏异常，生命周期风险集中在运维阶段，建议优先追溯 HOPR-01014。,0.6085,hydraulic
EVO_TEXT_HFB-01014,HFB-01014,fault_evolution_text,运维阶段风险与运行工况耦合后引起状态劣化，检测指标随严重度同步升高。,0.6085,hydraulic
RCA_TEXT_HFB-01015,HFB-01015,rca_text,结合传感器能量和检测记录，管路总成的泄漏异常与设计阶段高风险实体 HPIP-00194 一致。,0.6582,hydraulic
EVO_TEXT_HFB-01015,HFB-01015,fault_evolution_text,早期异常较弱，运行载荷放大后出现指标漂移，并逐步演化为中度故障。,0.6582,hydraulic
RCA_TEXT_HFB-01016,HFB-01016,rca_text,结合传感器能量和检测记录，冷却器的振动异常与装配阶段高风险实体 HASM-01016 一致。,0.6169,hydraulic
EVO_TEXT_HFB-01016,HFB-01016,fault_evolution_text,早期异常较弱，运行载荷放大后出现指标漂移，并逐步演化为轻微故障。,0.6169,hydraulic
RCA_TEXT_HFB-01017,HFB-01017,rca_text,该案例表现为轻微温度异常，根因更可能由运维阶段隐患累积触发。,0.6121,hydraulic
EVO_TEXT_HFB-01017,HFB-01017,fault_evolution_text,早期异常较弱，运行载荷放大后出现指标漂移，并逐步演化为轻微故障。,0.6121,hydraulic
RCA_TEXT_HFB-01018,HFB-01018,rca_text,结合传感器能量和检测记录，过滤器的流量异常与装配阶段高风险实体 HASM-01018 一致。,0.592,hydraulic
EVO_TEXT_HFB-01018,HFB-01018,fault_evolution_text,装配阶段风险与运行工况耦合后引起状态劣化，检测指标随严重度同步升高。,0.592,hydraulic
RCA_TEXT_HFB-01019,HFB-01019,rca_text,结合传感器能量和检测记录，卸荷阀的温度异常与运维阶段高风险实体 HOPR-01019 一致。,0.5587,hydraulic
EVO_TEXT_HFB-01019,HFB-01019,fault_evolution_text,运维阶段风险与运行工况耦合后引起状态劣化，检测指标随严重度同步升高。,0.5587,hydraulic
RCA_TEXT_HFB-01020,HFB-01020,rca_text,溢流阀出现中度泄漏异常，生命周期风险集中在运维阶段，建议优先追溯 HOPR-01020。,0.6066,hydraulic
EVO_TEXT_HFB-01020,HFB-01020,fault_evolution_text,运维阶段风险与运行工况耦合后引起状态劣化，检测指标随严重度同步升高。,0.6066,hydraulic
RCA_TEXT_HFB-01021,HFB-01021,rca_text,该案例表现为轻微振动异常，根因更可能由设计阶段隐患累积触发。,0.6435,hydraulic
EVO_TEXT_HFB-01021,HFB-01021,fault_evolution_text,设计阶段风险与运行工况耦合后引起状态劣化，检测指标随严重度同步升高。,0.6435,hydraulic
RCA_TEXT_HFB-01022,HFB-01022,rca_text,结合传感器能量和检测记录，蓄能器的泄漏异常与运维阶段高风险实体 HOPR-01022 一致。,0.6433,hydraulic
EVO_TEXT_HFB-01022,HFB-01022,fault_evolution_text,早期异常较弱，运行载荷放大后出现指标漂移，并逐步演化为轻微故障。,0.6433,hydraulic
RCA_TEXT_HFB-01023,HFB-01023,rca_text,结合传感器能量和检测记录，管路总成的泄漏异常与运维阶段高风险实体 HOPR-01023 一致。,0.5935,hydraulic
EVO_TEXT_HFB-01023,HFB-01023,fault_evolution_text,运维阶段风险与运行工况耦合后引起状态劣化，检测指标随严重度同步升高。,0.5935,hydraulic
RCA_TEXT_HFB-01024,HFB-01024,rca_text,单向阀出现轻微振动异常，生命周期风险集中在装配阶段，建议优先追溯 HASM-01024。,0.5797,hydraulic
EVO_TEXT_HFB-01024,HFB-01024,fault_evolution_text,隐患先导致局部性能退化，随后传感器能量向关联通道集中，最终形成振动异常。,0.5797,hydraulic
RCA_TEXT_HFB-01025,HFB-01025,rca_text,卸荷阀出现中度压力异常，生命周期风险集中在设计阶段，建议优先追溯 HDES-00570。,0.6103,hydraulic
EVO_TEXT_HFB-01025,HFB-01025,fault_evolution_text,隐患先导致局部性能退化，随后传感器能量向关联通道集中，最终形成压力异常。,0.6103,hydraulic
RCA_TEXT_HFB-01026,HFB-01026,rca_text,结合传感器能量和检测记录，卸荷阀的压力异常与设计阶段高风险实体 HDES-00909 一致。,0.5763,hydraulic
EVO_TEXT_HFB-01026,HFB-01026,fault_evolution_text,隐患先导致局部性能退化，随后传感器能量向关联通道集中，最终形成压力异常。,0.5763,hydraulic
RCA_TEXT_HFB-01027,HFB-01027,rca_text,该案例表现为轻微泄漏异常，根因更可能由设计阶段隐患累积触发。,0.633,hydraulic
EVO_TEXT_HFB-01027,HFB-01027,fault_evolution_text,早期异常较弱，运行载荷放大后出现指标漂移，并逐步演化为轻微故障。,0.633,hydraulic
RCA_TEXT_HFB-01028,HFB-01028,rca_text,该案例表现为轻微压力异常，根因更可能由制造阶段隐患累积触发。,0.5124,hydraulic
EVO_TEXT_HFB-01028,HFB-01028,fault_evolution_text,制造阶段风险与运行工况耦合后引起状态劣化，检测指标随严重度同步升高。,0.5124,hydraulic
RCA_TEXT_HFB-01029,HFB-01029,rca_text,结合传感器能量和检测记录，过滤器的流量异常与运维阶段高风险实体 HOPR-01029 一致。,0.6975,hydraulic
EVO_TEXT_HFB-01029,HFB-01029,fault_evolution_text,隐患先导致局部性能退化，随后传感器能量向关联通道集中，最终形成流量异常。,0.6975,hydraulic
RCA_TEXT_HFB-01030,HFB-01030,rca_text,结合传感器能量和检测记录，液压油箱的压力异常与检测阶段高风险实体 HINSP-01030 一致。,0.5785,hydraulic
EVO_TEXT_HFB-01030,HFB-01030,fault_evolution_text,隐患先导致局部性能退化，随后传感器能量向关联通道集中，最终形成压力异常。,0.5785,hydraulic
RCA_TEXT_HFB-01031,HFB-01031,rca_text,结合传感器能量和检测记录，节流阀的阀芯卡滞与运维阶段高风险实体 HOPR-01031 一致。,0.5961,hydraulic
EVO_TEXT_HFB-01031,HFB-01031,fault_evolution_text,隐患先导致局部性能退化，随后传感器能量向关联通道集中，最终形成阀芯卡滞。,0.5961,hydraulic
RCA_TEXT_HFB-01032,HFB-01032,rca_text,蓄能器出现中度压力异常，生命周期风险集中在制造阶段，建议优先追溯 HMAN-01013。,0.6918,hydraulic
EVO_TEXT_HFB-01032,HFB-01032,fault_evolution_text,制造阶段风险与运行工况耦合后引起状态劣化，检测指标随严重度同步升高。,0.6918,hydraulic
RCA_TEXT_HFB-01033,HFB-01033,rca_text,该案例表现为中度压力异常，根因更可能由材料阶段隐患累积触发。,0.6405,hydraulic
EVO_TEXT_HFB-01033,HFB-01033,fault_evolution_text,材料阶段风险与运行工况耦合后引起状态劣化，检测指标随严重度同步升高。,0.6405,hydraulic
RCA_TEXT_HFB-01034,HFB-01034,rca_text,结合传感器能量和检测记录，液压油箱的振动异常与制造阶段高风险实体 HMAN-00449 一致。,0.5538,hydraulic
EVO_TEXT_HFB-01034,HFB-01034,fault_evolution_text,制造阶段风险与运行工况耦合后引起状态劣化，检测指标随严重度同步升高。,0.5538,hydraulic
RCA_TEXT_HFB-01035,HFB-01035,rca_text,该案例表现为轻微温度异常，根因更可能由运维阶段隐患累积触发。,0.6007,hydraulic
EVO_TEXT_HFB-01035,HFB-01035,fault_evolution_text,早期异常较弱，运行载荷放大后出现指标漂移，并逐步演化为轻微故障。,0.6007,hydraulic
RCA_TEXT_HFB-01036,HFB-01036,rca_text,蓄能器出现轻微阀芯卡滞，生命周期风险集中在装配阶段，建议优先追溯 HASM-01036。,0.6177,hydraulic
EVO_TEXT_HFB-01036,HFB-01036,fault_evolution_text,早期异常较弱，运行载荷放大后出现指标漂移，并逐步演化为轻微故障。,0.6177,hydraulic
RCA_TEXT_HFB-01037,HFB-01037,rca_text,结合传感器能量和检测记录，节流阀的流量异常与检测阶段高风险实体 HINSP-01037 一致。,0.5855,hydraulic
EVO_TEXT_HFB-01037,HFB-01037,fault_evolution_text,隐患先导致局部性能退化，随后传感器能量向关联通道集中，最终形成流量异常。,0.5855,hydraulic
RCA_TEXT_HFB-01038,HFB-01038,rca_text,结合传感器能量和检测记录，方向控制阀的温度异常与材料阶段高风险实体 HMAT-00459 一致。,0.5947,hydraulic
EVO_TEXT_HFB-01038,HFB-01038,fault_evolution_text,隐患先导致局部性能退化，随后传感器能量向关联通道集中，最终形成温度异常。,0.5947,hydraulic
RCA_TEXT_HFB-01039,HFB-01039,rca_text,该案例表现为轻微泄漏异常，根因更可能由材料阶段隐患累积触发。,0.5342,hydraulic
EVO_TEXT_HFB-01039,HFB-01039,fault_evolution_text,早期异常较弱，运行载荷放大后出现指标漂移，并逐步演化为轻微故障。,0.5342,hydraulic
RCA_TEXT_HFB-01040,HFB-01040,rca_text,管路总成出现轻微温度异常，生命周期风险集中在运维阶段，建议优先追溯 HOPR-01040。,0.5576,hydraulic
EVO_TEXT_HFB-01040,HFB-01040,fault_evolution_text,早期异常较弱，运行载荷放大后出现指标漂移，并逐步演化为轻微故障。,0.5576,hydraulic
RCA_TEXT_HFB-01041,HFB-01041,rca_text,该案例表现为中度流量异常，根因更可能由检测阶段隐患累积触发。,0.6521,hydraulic
EVO_TEXT_HFB-01041,HFB-01041,fault_evolution_text,隐患先导致局部性能退化，随后传感器能量向关联通道集中，最终形成流量异常。,0.6521,hydraulic
RCA_TEXT_HFB-01042,HFB-01042,rca_text,节流阀出现轻微阀芯卡滞，生命周期风险集中在运维阶段，建议优先追溯 HOPR-01042。,0.6351,hydraulic
EVO_TEXT_HFB-01042,HFB-01042,fault_evolution_text,早期异常较弱，运行载荷放大后出现指标漂移，并逐步演化为轻微故障。,0.6351,hydraulic
RCA_TEXT_HFB-01043,HFB-01043,rca_text,结合传感器能量和检测记录，单向阀的振动异常与设计阶段高风险实体 HDES-01099 一致。,0.6081,hydraulic
EVO_TEXT_HFB-01043,HFB-01043,fault_evolution_text,早期异常较弱，运行载荷放大后出现指标漂移，并逐步演化为轻微故障。,0.6081,hydraulic
RCA_TEXT_HFB-01044,HFB-01044,rca_text,该案例表现为轻微阀芯卡滞，根因更可能由材料阶段隐患累积触发。,0.5205,hydraulic
EVO_TEXT_HFB-01044,HFB-01044,fault_evolution_text,早期异常较弱，运行载荷放大后出现指标漂移，并逐步演化为轻微故障。,0.5205,hydraulic
RCA_TEXT_HFB-01045,HFB-01045,rca_text,该案例表现为中度流量异常，根因更可能由设计阶段隐患累积触发。,0.6368,hydraulic
EVO_TEXT_HFB-01045,HFB-01045,fault_evolution_text,设计阶段风险与运行工况耦合后引起状态劣化，检测指标随严重度同步升高。,0.6368,hydraulic
RCA_TEXT_HFB-01046,HFB-01046,rca_text,该案例表现为轻微阀芯卡滞，根因更可能由制造阶段隐患累积触发。,0.5491,hydraulic
EVO_TEXT_HFB-01046,HFB-01046,fault_evolution_text,制造阶段风险与运行工况耦合后引起状态劣化，检测指标随严重度同步升高。,0.5491,hydraulic
RCA_TEXT_HFB-01047,HFB-01047,rca_text,该案例表现为中度阀芯卡滞，根因更可能由制造阶段隐患累积触发。,0.6096,hydraulic
EVO_TEXT_HFB-01047,HFB-01047,fault_evolution_text,制造阶段风险与运行工况耦合后引起状态劣化，检测指标随严重度同步升高。,0.6096,hydraulic
RCA_TEXT_HFB-01048,HFB-01048,rca_text,结合传感器能量和检测记录，溢流阀的流量异常与制造阶段高风险实体 HMAN-00795 一致。,0.5971,hydraulic
EVO_TEXT_HFB-01048,HFB-01048,fault_evolution_text,隐患先导致局部性能退化，随后传感器能量向关联通道集中，最终形成流量异常。,0.5971,hydraulic
RCA_TEXT_HFB-01049,HFB-01049,rca_text,卸荷阀出现轻微流量异常，生命周期风险集中在运维阶段，建议优先追溯 HOPR-01049。,0.6319,hydraulic
EVO_TEXT_HFB-01049,HFB-01049,fault_evolution_text,隐患先导致局部性能退化，随后传感器能量向关联通道集中，最终形成流量异常。,0.6319,hydraulic
RCA_TEXT_HFB-01050,HFB-01050,rca_text,管路总成出现中度振动异常，生命周期风险集中在设计阶段，建议优先追溯 HPIP-00200。,0.5789,hydraulic
EVO_TEXT_HFB-01050,HFB-01050,fault_evolution_text,早期异常较弱，运行载荷放大后出现指标漂移，并逐步演化为中度故障。,0.5789,hydraulic
RCA_TEXT_HFB-01051,HFB-01051,rca_text,该案例表现为中度阀芯卡滞，根因更可能由设计阶段隐患累积触发。,0.6424,hydraulic
EVO_TEXT_HFB-01051,HFB-01051,fault_evolution_text,早期异常较弱，运行载荷放大后出现指标漂移，并逐步演化为中度故障。,0.6424,hydraulic
RCA_TEXT_HFB-01052,HFB-01052,rca_text,节流阀出现轻微温度异常，生命周期风险集中在运维阶段，建议优先追溯 HOPR-01052。,0.5543,hydraulic
EVO_TEXT_HFB-01052,HFB-01052,fault_evolution_text,早期异常较弱，运行载荷放大后出现指标漂移，并逐步演化为轻微故障。,0.5543,hydraulic
RCA_TEXT_HFB-01053,HFB-01053,rca_text,结合传感器能量和检测记录，管路总成的泄漏异常与运维阶段高风险实体 HOPR-01053 一致。,0.6259,hydraulic
EVO_TEXT_HFB-01053,HFB-01053,fault_evolution_text,早期异常较弱，运行载荷放大后出现指标漂移，并逐步演化为中度故障。,0.6259,hydraulic
RCA_TEXT_HFB-01054,HFB-01054,rca_text,冷却器出现轻微温度异常，生命周期风险集中在运维阶段，建议优先追溯 HOPR-01054。,0.6366,hydraulic
EVO_TEXT_HFB-01054,HFB-01054,fault_evolution_text,隐患先导致局部性能退化，随后传感器能量向关联通道集中，最终形成温度异常。,0.6366,hydraulic
RCA_TEXT_HFB-01055,HFB-01055,rca_text,卸荷阀出现中度压力异常，生命周期风险集中在运维阶段，建议优先追溯 HOPR-01055。,0.5546,hydraulic
EVO_TEXT_HFB-01055,HFB-01055,fault_evolution_text,运维阶段风险与运行工况耦合后引起状态劣化，检测指标随严重度同步升高。,0.5546,hydraulic
RCA_TEXT_HFB-01056,HFB-01056,rca_text,该案例表现为轻微压力异常，根因更可能由运维阶段隐患累积触发。,0.5535,hydraulic
EVO_TEXT_HFB-01056,HFB-01056,fault_evolution_text,运维阶段风险与运行工况耦合后引起状态劣化，检测指标随严重度同步升高。,0.5535,hydraulic
RCA_TEXT_HFB-01057,HFB-01057,rca_text,该案例表现为中度压力异常，根因更可能由运维阶段隐患累积触发。,0.6979,hydraulic
EVO_TEXT_HFB-01057,HFB-01057,fault_evolution_text,早期异常较弱，运行载荷放大后出现指标漂移，并逐步演化为中度故障。,0.6979,hydraulic
RCA_TEXT_HFB-01058,HFB-01058,rca_text,管路总成出现中度泄漏异常，生命周期风险集中在设计阶段，建议优先追溯 HPIP-00202。,0.6515,hydraulic
EVO_TEXT_HFB-01058,HFB-01058,fault_evolution_text,隐患先导致局部性能退化，随后传感器能量向关联通道集中，最终形成泄漏异常。,0.6515,hydraulic
RCA_TEXT_HFB-01059,HFB-01059,rca_text,结合传感器能量和检测记录，节流阀的阀芯卡滞与材料阶段高风险实体 HMAT-00079 一致。,0.6247,hydraulic
EVO_TEXT_HFB-01059,HFB-01059,fault_evolution_text,材料阶段风险与运行工况耦合后引起状态劣化，检测指标随严重度同步升高。,0.6247,hydraulic
RCA_TEXT_HFB-01060,HFB-01060,rca_text,蓄能器出现轻微流量异常，生命周期风险集中在材料阶段，建议优先追溯 HMAT-00013。,0.6119,hydraulic
EVO_TEXT_HFB-01060,HFB-01060,fault_evolution_text,隐患先导致局部性能退化，随后传感器能量向关联通道集中，最终形成流量异常。,0.6119,hydraulic
RCA_TEXT_HFB-01061,HFB-01061,rca_text,液压泵总成出现轻微振动异常，生命周期风险集中在装配阶段，建议优先追溯 HASM-01061。,0.6189,hydraulic
EVO_TEXT_HFB-01061,HFB-01061,fault_evolution_text,隐患先导致局部性能退化，随后传感器能量向关联通道集中，最终形成振动异常。,0.6189,hydraulic
RCA_TEXT_HFB-01062,HFB-01062,rca_text,结合传感器能量和检测记录，溢流阀的阀芯卡滞与装配阶段高风险实体 HASM-01062 一致。,0.6715,hydraulic
EVO_TEXT_HFB-01062,HFB-01062,fault_evolution_text,早期异常较弱，运行载荷放大后出现指标漂移，并逐步演化为轻微故障。,0.6715,hydraulic
RCA_TEXT_HFB-01063,HFB-01063,rca_text,节流阀出现中度流量异常，生命周期风险集中在运维阶段，建议优先追溯 HOPR-01063。,0.6372,hydraulic
EVO_TEXT_HFB-01063,HFB-01063,fault_evolution_text,隐患先导致局部性能退化，随后传感器能量向关联通道集中，最终形成流量异常。,0.6372,hydraulic
RCA_TEXT_HFB-01064,HFB-01064,rca_text,结合传感器能量和检测记录，卸荷阀的压力异常与设计阶段高风险实体 HDES-00481 一致。,0.585,hydraulic
EVO_TEXT_HFB-01064,HFB-01064,fault_evolution_text,隐患先导致局部性能退化，随后传感器能量向关联通道集中，最终形成压力异常。,0.585,hydraulic
RCA_TEXT_HFB-01065,HFB-01065,rca_text,该案例表现为轻微阀芯卡滞，根因更可能由制造阶段隐患累积触发。,0.6167,hydraulic
EVO_TEXT_HFB-01065,HFB-01065,fault_evolution_text,早期异常较弱，运行载荷放大后出现指标漂移，并逐步演化为轻微故障。,0.6167,hydraulic
RCA_TEXT_HFB-01066,HFB-01066,rca_text,溢流阀出现轻微压力异常，生命周期风险集中在运维阶段，建议优先追溯 HOPR-01066。,0.583,hydraulic
EVO_TEXT_HFB-01066,HFB-01066,fault_evolution_text,早期异常较弱，运行载荷放大后出现指标漂移，并逐步演化为轻微故障。,0.583,hydraulic
RCA_TEXT_HFB-01067,HFB-01067,rca_text,该案例表现为轻微流量异常，根因更可能由制造阶段隐患累积触发。,0.6459,hydraulic
EVO_TEXT_HFB-01067,HFB-01067,fault_evolution_text,早期异常较弱，运行载荷放大后出现指标漂移，并逐步演化为轻微故障。,0.6459,hydraulic
RCA_TEXT_HFB-01068,HFB-01068,rca_text,方向控制阀出现轻微流量异常，生命周期风险集中在材料阶段，建议优先追溯 HMAT-00542。,0.5961,hydraulic
EVO_TEXT_HFB-01068,HFB-01068,fault_evolution_text,早期异常较弱，运行载荷放大后出现指标漂移，并逐步演化为轻微故障。,0.5961,hydraulic
RCA_TEXT_HFB-01069,HFB-01069,rca_text,结合传感器能量和检测记录，管路总成的流量异常与运维阶段高风险实体 HOPR-01069 一致。,0.5967,hydraulic
EVO_TEXT_HFB-01069,HFB-01069,fault_evolution_text,早期异常较弱，运行载荷放大后出现指标漂移，并逐步演化为中度故障。,0.5967,hydraulic
RCA_TEXT_HFB-01070,HFB-01070,rca_text,液压泵总成出现轻微阀芯卡滞，生命周期风险集中在运维阶段，建议优先追溯 HOPR-01070。,0.6156,hydraulic
EVO_TEXT_HFB-01070,HFB-01070,fault_evolution_text,隐患先导致局部性能退化，随后传感器能量向关联通道集中，最终形成阀芯卡滞。,0.6156,hydraulic
RCA_TEXT_HFB-01071,HFB-01071,rca_text,结合传感器能量和检测记录，节流阀的振动异常与制造阶段高风险实体 HMAN-00127 一致。,0.5622,hydraulic
EVO_TEXT_HFB-01071,HFB-01071,fault_evolution_text,隐患先导致局部性能退化，随后传感器能量向关联通道集中，最终形成振动异常。,0.5622,hydraulic
RCA_TEXT_HFB-01072,HFB-01072,rca_text,方向控制阀出现轻微阀芯卡滞，生命周期风险集中在运维阶段，建议优先追溯 HOPR-01072。,0.6002,hydraulic
EVO_TEXT_HFB-01072,HFB-01072,fault_evolution_text,早期异常较弱，运行载荷放大后出现指标漂移，并逐步演化为轻微故障。,0.6002,hydraulic
RCA_TEXT_HFB-01073,HFB-01073,rca_text,结合传感器能量和检测记录，液压油箱的温度异常与材料阶段高风险实体 HMAT-00522 一致。,0.6209,hydraulic
EVO_TEXT_HFB-01073,HFB-01073,fault_evolution_text,材料阶段风险与运行工况耦合后引起状态劣化，检测指标随严重度同步升高。,0.6209,hydraulic
RCA_TEXT_HFB-01074,HFB-01074,rca_text,该案例表现为中度阀芯卡滞，根因更可能由制造阶段隐患累积触发。,0.6222,hydraulic
EVO_TEXT_HFB-01074,HFB-01074,fault_evolution_text,制造阶段风险与运行工况耦合后引起状态劣化，检测指标随严重度同步升高。,0.6222,hydraulic
RCA_TEXT_HFB-01075,HFB-01075,rca_text,结合传感器能量和检测记录，冷却器的温度异常与材料阶段高风险实体 HMAT-00292 一致。,0.5289,hydraulic
EVO_TEXT_HFB-01075,HFB-01075,fault_evolution_text,材料阶段风险与运行工况耦合后引起状态劣化，检测指标随严重度同步升高。,0.5289,hydraulic
RCA_TEXT_HFB-01076,HFB-01076,rca_text,该案例表现为轻微阀芯卡滞，根因更可能由制造阶段隐患累积触发。,0.5683,hydraulic
EVO_TEXT_HFB-01076,HFB-01076,fault_evolution_text,制造阶段风险与运行工况耦合后引起状态劣化，检测指标随严重度同步升高。,0.5683,hydraulic
RCA_TEXT_HFB-01077,HFB-01077,rca_text,管路总成出现轻微振动异常，生命周期风险集中在装配阶段，建议优先追溯 HASM-01077。,0.677,hydraulic
EVO_TEXT_HFB-01077,HFB-01077,fault_evolution_text,早期异常较弱，运行载荷放大后出现指标漂移，并逐步演化为轻微故障。,0.677,hydraulic
RCA_TEXT_HFB-01078,HFB-01078,rca_text,结合传感器能量和检测记录，节流阀的阀芯卡滞与材料阶段高风险实体 HMAT-00562 一致。,0.546,hydraulic
EVO_TEXT_HFB-01078,HFB-01078,fault_evolution_text,隐患先导致局部性能退化，随后传感器能量向关联通道集中，最终形成阀芯卡滞。,0.546,hydraulic
RCA_TEXT_HFB-01079,HFB-01079,rca_text,结合传感器能量和检测记录，作动筒的振动异常与制造阶段高风险实体 HMAN-00746 一致。,0.553,hydraulic
EVO_TEXT_HFB-01079,HFB-01079,fault_evolution_text,制造阶段风险与运行工况耦合后引起状态劣化，检测指标随严重度同步升高。,0.553,hydraulic
RCA_TEXT_HFB-01080,HFB-01080,rca_text,该案例表现为轻微阀芯卡滞，根因更可能由运维阶段隐患累积触发。,0.644,hydraulic
EVO_TEXT_HFB-01080,HFB-01080,fault_evolution_text,早期异常较弱，运行载荷放大后出现指标漂移，并逐步演化为轻微故障。,0.644,hydraulic
RCA_TEXT_HFB-01081,HFB-01081,rca_text,该案例表现为中度流量异常，根因更可能由装配阶段隐患累积触发。,0.6316,hydraulic
EVO_TEXT_HFB-01081,HFB-01081,fault_evolution_text,装配阶段风险与运行工况耦合后引起状态劣化，检测指标随严重度同步升高。,0.6316,hydraulic
RCA_TEXT_HFB-01082,HFB-01082,rca_text,该案例表现为轻微流量异常，根因更可能由制造阶段隐患累积触发。,0.5893,hydraulic
EVO_TEXT_HFB-01082,HFB-01082,fault_evolution_text,早期异常较弱，运行载荷放大后出现指标漂移，并逐步演化为轻微故障。,0.5893,hydraulic
RCA_TEXT_HFB-01083,HFB-01083,rca_text,结合传感器能量和检测记录，作动筒的泄漏异常与制造阶段高风险实体 HMAN-00020 一致。,0.6022,hydraulic
EVO_TEXT_HFB-01083,HFB-01083,fault_evolution_text,制造阶段风险与运行工况耦合后引起状态劣化，检测指标随严重度同步升高。,0.6022,hydraulic
RCA_TEXT_HFB-01084,HFB-01084,rca_text,结合传感器能量和检测记录，冷却器的流量异常与运维阶段高风险实体 HOPR-01084 一致。,0.6359,hydraulic
EVO_TEXT_HFB-01084,HFB-01084,fault_evolution_text,隐患先导致局部性能退化，随后传感器能量向关联通道集中，最终形成流量异常。,0.6359,hydraulic
RCA_TEXT_HFB-01085,HFB-01085,rca_text,该案例表现为中度泄漏异常，根因更可能由材料阶段隐患累积触发。,0.6993,hydraulic
EVO_TEXT_HFB-01085,HFB-01085,fault_evolution_text,隐患先导致局部性能退化，随后传感器能量向关联通道集中，最终形成泄漏异常。,0.6993,hydraulic
RCA_TEXT_HFB-01086,HFB-01086,rca_text,该案例表现为轻微泄漏异常，根因更可能由材料阶段隐患累积触发。,0.6035,hydraulic
EVO_TEXT_HFB-01086,HFB-01086,fault_evolution_text,隐患先导致局部性能退化，随后传感器能量向关联通道集中，最终形成泄漏异常。,0.6035,hydraulic
RCA_TEXT_HFB-01087,HFB-01087,rca_text,结合传感器能量和检测记录，蓄能器的温度异常与制造阶段高风险实体 HMAN-01009 一致。,0.6202,hydraulic
EVO_TEXT_HFB-01087,HFB-01087,fault_evolution_text,制造阶段风险与运行工况耦合后引起状态劣化，检测指标随严重度同步升高。,0.6202,hydraulic
RCA_TEXT_HFB-01088,HFB-01088,rca_text,结合传感器能量和检测记录，作动筒的泄漏异常与运维阶段高风险实体 HOPR-01088 一致。,0.6795,hydraulic
EVO_TEXT_HFB-01088,HFB-01088,fault_evolution_text,早期异常较弱，运行载荷放大后出现指标漂移，并逐步演化为中度故障。,0.6795,hydraulic
RCA_TEXT_HFB-01089,HFB-01089,rca_text,该案例表现为中度温度异常，根因更可能由制造阶段隐患累积触发。,0.6127,hydraulic
EVO_TEXT_HFB-01089,HFB-01089,fault_evolution_text,早期异常较弱，运行载荷放大后出现指标漂移，并逐步演化为中度故障。,0.6127,hydraulic
RCA_TEXT_HFB-01090,HFB-01090,rca_text,该案例表现为轻微泄漏异常，根因更可能由材料阶段隐患累积触发。,0.5696,hydraulic
EVO_TEXT_HFB-01090,HFB-01090,fault_evolution_text,隐患先导致局部性能退化，随后传感器能量向关联通道集中，最终形成泄漏异常。,0.5696,hydraulic
RCA_TEXT_HFB-01091,HFB-01091,rca_text,方向控制阀出现轻微振动异常，生命周期风险集中在设计阶段，建议优先追溯 HDES-00207。,0.5929,hydraulic
EVO_TEXT_HFB-01091,HFB-01091,fault_evolution_text,隐患先导致局部性能退化，随后传感器能量向关联通道集中，最终形成振动异常。,0.5929,hydraulic
RCA_TEXT_HFB-01092,HFB-01092,rca_text,该案例表现为轻微压力异常，根因更可能由设计阶段隐患累积触发。,0.5956,hydraulic
EVO_TEXT_HFB-01092,HFB-01092,fault_evolution_text,早期异常较弱，运行载荷放大后出现指标漂移，并逐步演化为轻微故障。,0.5956,hydraulic
RCA_TEXT_HFB-01093,HFB-01093,rca_text,结合传感器能量和检测记录，管路总成的泄漏异常与材料阶段高风险实体 HMAT-00130 一致。,0.5932,hydraulic
EVO_TEXT_HFB-01093,HFB-01093,fault_evolution_text,隐患先导致局部性能退化，随后传感器能量向关联通道集中，最终形成泄漏异常。,0.5932,hydraulic
RCA_TEXT_HFB-01094,HFB-01094,rca_text,液压油箱出现轻微振动异常，生命周期风险集中在设计阶段，建议优先追溯 HDES-00205。,0.5519,hydraulic
EVO_TEXT_HFB-01094,HFB-01094,fault_evolution_text,早期异常较弱，运行载荷放大后出现指标漂移，并逐步演化为轻微故障。,0.5519,hydraulic
RCA_TEXT_HFB-01095,HFB-01095,rca_text,该案例表现为轻微流量异常，根因更可能由材料阶段隐患累积触发。,0.5513,hydraulic
EVO_TEXT_HFB-01095,HFB-01095,fault_evolution_text,早期异常较弱，运行载荷放大后出现指标漂移，并逐步演化为轻微故障。,0.5513,hydraulic
RCA_TEXT_HFB-01096,HFB-01096,rca_text,该案例表现为轻微温度异常，根因更可能由设计阶段隐患累积触发。,0.549,hydraulic
EVO_TEXT_HFB-01096,HFB-01096,fault_evolution_text,设计阶段风险与运行工况耦合后引起状态劣化，检测指标随严重度同步升高。,0.549,hydraulic
RCA_TEXT_HFB-01097,HFB-01097,rca_text,作动筒出现轻微温度异常，生命周期风险集中在设计阶段，建议优先追溯 HDES-00651。,0.5617,hydraulic
EVO_TEXT_HFB-01097,HFB-01097,fault_evolution_text,早期异常较弱，运行载荷放大后出现指标漂移，并逐步演化为轻微故障。,0.5617,hydraulic
RCA_TEXT_HFB-01098,HFB-01098,rca_text,液压泵总成出现轻微泄漏异常，生命周期风险集中在材料阶段，建议优先追溯 HMAT-00032。,0.5983,hydraulic
EVO_TEXT_HFB-01098,HFB-01098,fault_evolution_text,早期异常较弱，运行载荷放大后出现指标漂移，并逐步演化为轻微故障。,0.5983,hydraulic
RCA_TEXT_HFB-01099,HFB-01099,rca_text,该案例表现为中度泄漏异常，根因更可能由材料阶段隐患累积触发。,0.5609,hydraulic
EVO_TEXT_HFB-01099,HFB-01099,fault_evolution_text,早期异常较弱，运行载荷放大后出现指标漂移，并逐步演化为中度故障。,0.5609,hydraulic
RCA_TEXT_HFB-01100,HFB-01100,rca_text,该案例表现为中度温度异常，根因更可能由运维阶段隐患累积触发。,0.6366,hydraulic
EVO_TEXT_HFB-01100,HFB-01100,fault_evolution_text,运维阶段风险与运行工况耦合后引起状态劣化，检测指标随严重度同步升高。,0.6366,hydraulic
RCA_TEXT_HFB-01101,HFB-01101,rca_text,该案例表现为中度温度异常，根因更可能由运维阶段隐患累积触发。,0.6303,hydraulic
EVO_TEXT_HFB-01101,HFB-01101,fault_evolution_text,早期异常较弱，运行载荷放大后出现指标漂移，并逐步演化为中度故障。,0.6303,hydraulic
RCA_TEXT_HFB-01102,HFB-01102,rca_text,结合传感器能量和检测记录，冷却器的流量异常与运维阶段高风险实体 HOPR-01102 一致。,0.5665,hydraulic
EVO_TEXT_HFB-01102,HFB-01102,fault_evolution_text,运维阶段风险与运行工况耦合后引起状态劣化，检测指标随严重度同步升高。,0.5665,hydraulic
RCA_TEXT_HFB-01103,HFB-01103,rca_text,方向控制阀出现中度阀芯卡滞，生命周期风险集中在运维阶段，建议优先追溯 HOPR-01103。,0.5895,hydraulic
EVO_TEXT_HFB-01103,HFB-01103,fault_evolution_text,运维阶段风险与运行工况耦合后引起状态劣化，检测指标随严重度同步升高。,0.5895,hydraulic
RCA_TEXT_HFB-01104,HFB-01104,rca_text,该案例表现为中度泄漏异常，根因更可能由材料阶段隐患累积触发。,0.5994,hydraulic
EVO_TEXT_HFB-01104,HFB-01104,fault_evolution_text,隐患先导致局部性能退化，随后传感器能量向关联通道集中，最终形成泄漏异常。,0.5994,hydraulic
RCA_TEXT_HFB-01105,HFB-01105,rca_text,结合传感器能量和检测记录，卸荷阀的压力异常与运维阶段高风险实体 HOPR-01105 一致。,0.584,hydraulic
EVO_TEXT_HFB-01105,HFB-01105,fault_evolution_text,隐患先导致局部性能退化，随后传感器能量向关联通道集中，最终形成压力异常。,0.584,hydraulic
RCA_TEXT_HFB-01106,HFB-01106,rca_text,该案例表现为轻微泄漏异常，根因更可能由装配阶段隐患累积触发。,0.5734,hydraulic
EVO_TEXT_HFB-01106,HFB-01106,fault_evolution_text,早期异常较弱，运行载荷放大后出现指标漂移，并逐步演化为轻微故障。,0.5734,hydraulic
RCA_TEXT_HFB-01107,HFB-01107,rca_text,该案例表现为轻微压力异常，根因更可能由运维阶段隐患累积触发。,0.5449,hydraulic
EVO_TEXT_HFB-01107,HFB-01107,fault_evolution_text,运维阶段风险与运行工况耦合后引起状态劣化，检测指标随严重度同步升高。,0.5449,hydraulic
RCA_TEXT_HFB-01108,HFB-01108,rca_text,管路总成出现中度压力异常，生命周期风险集中在设计阶段，建议优先追溯 HPIP-00211。,0.5787,hydraulic
EVO_TEXT_HFB-01108,HFB-01108,fault_evolution_text,隐患先导致局部性能退化，随后传感器能量向关联通道集中，最终形成压力异常。,0.5787,hydraulic
RCA_TEXT_HFB-01109,HFB-01109,rca_text,结合传感器能量和检测记录，作动筒的温度异常与运维阶段高风险实体 HOPR-01109 一致。,0.5948,hydraulic
EVO_TEXT_HFB-01109,HFB-01109,fault_evolution_text,早期异常较弱，运行载荷放大后出现指标漂移，并逐步演化为轻微故障。,0.5948,hydraulic
RCA_TEXT_HFB-01110,HFB-01110,rca_text,该案例表现为轻微阀芯卡滞，根因更可能由运维阶段隐患累积触发。,0.6168,hydraulic
EVO_TEXT_HFB-01110,HFB-01110,fault_evolution_text,早期异常较弱，运行载荷放大后出现指标漂移，并逐步演化为轻微故障。,0.6168,hydraulic
RCA_TEXT_HFB-01111,HFB-01111,rca_text,管路总成出现中度流量异常，生命周期风险集中在设计阶段，建议优先追溯 HPIP-00212。,0.593,hydraulic
EVO_TEXT_HFB-01111,HFB-01111,fault_evolution_text,设计阶段风险与运行工况耦合后引起状态劣化，检测指标随严重度同步升高。,0.593,hydraulic
RCA_TEXT_HFB-01112,HFB-01112,rca_text,过滤器出现轻微温度异常，生命周期风险集中在运维阶段，建议优先追溯 HOPR-01112。,0.5665,hydraulic
EVO_TEXT_HFB-01112,HFB-01112,fault_evolution_text,隐患先导致局部性能退化，随后传感器能量向关联通道集中，最终形成温度异常。,0.5665,hydraulic
RCA_TEXT_HFB-01113,HFB-01113,rca_text,该案例表现为轻微压力异常，根因更可能由装配阶段隐患累积触发。,0.587,hydraulic
EVO_TEXT_HFB-01113,HFB-01113,fault_evolution_text,早期异常较弱，运行载荷放大后出现指标漂移，并逐步演化为轻微故障。,0.587,hydraulic
RCA_TEXT_HFB-01114,HFB-01114,rca_text,结合传感器能量和检测记录，管路总成的振动异常与材料阶段高风险实体 HMAT-00094 一致。,0.6155,hydraulic
EVO_TEXT_HFB-01114,HFB-01114,fault_evolution_text,隐患先导致局部性能退化，随后传感器能量向关联通道集中，最终形成振动异常。,0.6155,hydraulic
RCA_TEXT_HFB-01115,HFB-01115,rca_text,管路总成出现中度泄漏异常，生命周期风险集中在运维阶段，建议优先追溯 HOPR-01115。,0.6281,hydraulic
EVO_TEXT_HFB-01115,HFB-01115,fault_evolution_text,运维阶段风险与运行工况耦合后引起状态劣化，检测指标随严重度同步升高。,0.6281,hydraulic
RCA_TEXT_HFB-01116,HFB-01116,rca_text,方向控制阀出现轻微压力异常，生命周期风险集中在装配阶段，建议优先追溯 HASM-01116。,0.6157,hydraulic
EVO_TEXT_HFB-01116,HFB-01116,fault_evolution_text,早期异常较弱，运行载荷放大后出现指标漂移，并逐步演化为轻微故障。,0.6157,hydraulic
RCA_TEXT_HFB-01117,HFB-01117,rca_text,该案例表现为中度温度异常，根因更可能由运维阶段隐患累积触发。,0.6444,hydraulic
EVO_TEXT_HFB-01117,HFB-01117,fault_evolution_text,运维阶段风险与运行工况耦合后引起状态劣化，检测指标随严重度同步升高。,0.6444,hydraulic
RCA_TEXT_HFB-01118,HFB-01118,rca_text,该案例表现为轻微振动异常，根因更可能由制造阶段隐患累积触发。,0.6415,hydraulic
EVO_TEXT_HFB-01118,HFB-01118,fault_evolution_text,早期异常较弱，运行载荷放大后出现指标漂移，并逐步演化为轻微故障。,0.6415,hydraulic
RCA_TEXT_HFB-01119,HFB-01119,rca_text,结合传感器能量和检测记录，管路总成的振动异常与运维阶段高风险实体 HOPR-01119 一致。,0.6368,hydraulic
EVO_TEXT_HFB-01119,HFB-01119,fault_evolution_text,运维阶段风险与运行工况耦合后引起状态劣化，检测指标随严重度同步升高。,0.6368,hydraulic
RCA_TEXT_HFB-01120,HFB-01120,rca_text,结合传感器能量和检测记录，管路总成的流量异常与运维阶段高风险实体 HOPR-01120 一致。,0.5756,hydraulic
EVO_TEXT_HFB-01120,HFB-01120,fault_evolution_text,早期异常较弱，运行载荷放大后出现指标漂移，并逐步演化为中度故障。,0.5756,hydraulic
RCA_TEXT_HFB-01121,HFB-01121,rca_text,该案例表现为轻微泄漏异常，根因更可能由材料阶段隐患累积触发。,0.5472,hydraulic
EVO_TEXT_HFB-01121,HFB-01121,fault_evolution_text,隐患先导致局部性能退化，随后传感器能量向关联通道集中，最终形成泄漏异常。,0.5472,hydraulic
RCA_TEXT_HFB-01122,HFB-01122,rca_text,结合传感器能量和检测记录，节流阀的流量异常与运维阶段高风险实体 HOPR-01122 一致。,0.6037,hydraulic
EVO_TEXT_HFB-01122,HFB-01122,fault_evolution_text,早期异常较弱，运行载荷放大后出现指标漂移，并逐步演化为轻微故障。,0.6037,hydraulic
RCA_TEXT_HFB-01123,HFB-01123,rca_text,该案例表现为轻微压力异常，根因更可能由制造阶段隐患累积触发。,0.6478,hydraulic
EVO_TEXT_HFB-01123,HFB-01123,fault_evolution_text,隐患先导致局部性能退化，随后传感器能量向关联通道集中，最终形成压力异常。,0.6478,hydraulic
RCA_TEXT_HFB-01124,HFB-01124,rca_text,液压泵总成出现轻微振动异常，生命周期风险集中在设计阶段，建议优先追溯 HDES-00441。,0.6092,hydraulic
EVO_TEXT_HFB-01124,HFB-01124,fault_evolution_text,设计阶段风险与运行工况耦合后引起状态劣化，检测指标随严重度同步升高。,0.6092,hydraulic
RCA_TEXT_HFB-01125,HFB-01125,rca_text,结合传感器能量和检测记录，卸荷阀的压力异常与运维阶段高风险实体 HOPR-01125 一致。,0.632,hydraulic
EVO_TEXT_HFB-01125,HFB-01125,fault_evolution_text,隐患先导致局部性能退化，随后传感器能量向关联通道集中，最终形成压力异常。,0.632,hydraulic
RCA_TEXT_HFB-01126,HFB-01126,rca_text,结合传感器能量和检测记录，过滤器的流量异常与运维阶段高风险实体 HOPR-01126 一致。,0.6238,hydraulic
EVO_TEXT_HFB-01126,HFB-01126,fault_evolution_text,隐患先导致局部性能退化，随后传感器能量向关联通道集中，最终形成流量异常。,0.6238,hydraulic
RCA_TEXT_HFB-01127,HFB-01127,rca_text,该案例表现为中度振动异常，根因更可能由装配阶段隐患累积触发。,0.6268,hydraulic
EVO_TEXT_HFB-01127,HFB-01127,fault_evolution_text,装配阶段风险与运行工况耦合后引起状态劣化，检测指标随严重度同步升高。,0.6268,hydraulic
RCA_TEXT_HFB-01128,HFB-01128,rca_text,液压油箱出现轻微温度异常，生命周期风险集中在材料阶段，建议优先追溯 HMAT-00105。,0.6441,hydraulic
EVO_TEXT_HFB-01128,HFB-01128,fault_evolution_text,隐患先导致局部性能退化，随后传感器能量向关联通道集中，最终形成温度异常。,0.6441,hydraulic
RCA_TEXT_HFB-01129,HFB-01129,rca_text,结合传感器能量和检测记录，液压油箱的振动异常与材料阶段高风险实体 HMAT-00349 一致。,0.5858,hydraulic
EVO_TEXT_HFB-01129,HFB-01129,fault_evolution_text,材料阶段风险与运行工况耦合后引起状态劣化，检测指标随严重度同步升高。,0.5858,hydraulic
RCA_TEXT_HFB-01130,HFB-01130,rca_text,结合传感器能量和检测记录，溢流阀的振动异常与材料阶段高风险实体 HMAT-00312 一致。,0.5483,hydraulic
EVO_TEXT_HFB-01130,HFB-01130,fault_evolution_text,早期异常较弱，运行载荷放大后出现指标漂移，并逐步演化为轻微故障。,0.5483,hydraulic
RCA_TEXT_HFB-01131,HFB-01131,rca_text,该案例表现为轻微流量异常，根因更可能由运维阶段隐患累积触发。,0.6225,hydraulic
EVO_TEXT_HFB-01131,HFB-01131,fault_evolution_text,隐患先导致局部性能退化，随后传感器能量向关联通道集中，最终形成流量异常。,0.6225,hydraulic
RCA_TEXT_HFB-01132,HFB-01132,rca_text,结合传感器能量和检测记录，液压泵总成的阀芯卡滞与制造阶段高风险实体 HMAN-00476 一致。,0.5612,hydraulic
EVO_TEXT_HFB-01132,HFB-01132,fault_evolution_text,早期异常较弱，运行载荷放大后出现指标漂移，并逐步演化为轻微故障。,0.5612,hydraulic
RCA_TEXT_HFB-01133,HFB-01133,rca_text,结合传感器能量和检测记录，过滤器的泄漏异常与制造阶段高风险实体 HMAN-00660 一致。,0.6282,hydraulic
EVO_TEXT_HFB-01133,HFB-01133,fault_evolution_text,早期异常较弱，运行载荷放大后出现指标漂移，并逐步演化为轻微故障。,0.6282,hydraulic
RCA_TEXT_HFB-01134,HFB-01134,rca_text,管路总成出现中度压力异常，生命周期风险集中在运维阶段，建议优先追溯 HOPR-01134。,0.6467,hydraulic
EVO_TEXT_HFB-01134,HFB-01134,fault_evolution_text,隐患先导致局部性能退化，随后传感器能量向关联通道集中，最终形成压力异常。,0.6467,hydraulic
RCA_TEXT_HFB-01135,HFB-01135,rca_text,该案例表现为轻微流量异常，根因更可能由设计阶段隐患累积触发。,0.5668,hydraulic
EVO_TEXT_HFB-01135,HFB-01135,fault_evolution_text,设计阶段风险与运行工况耦合后引起状态劣化，检测指标随严重度同步升高。,0.5668,hydraulic
RCA_TEXT_HFB-01136,HFB-01136,rca_text,液压油箱出现轻微泄漏异常，生命周期风险集中在设计阶段，建议优先追溯 HDES-00009。,0.5586,hydraulic
EVO_TEXT_HFB-01136,HFB-01136,fault_evolution_text,设计阶段风险与运行工况耦合后引起状态劣化，检测指标随严重度同步升高。,0.5586,hydraulic
RCA_TEXT_HFB-01137,HFB-01137,rca_text,该案例表现为轻微泄漏异常，根因更可能由运维阶段隐患累积触发。,0.5075,hydraulic
EVO_TEXT_HFB-01137,HFB-01137,fault_evolution_text,运维阶段风险与运行工况耦合后引起状态劣化，检测指标随严重度同步升高。,0.5075,hydraulic
RCA_TEXT_HFB-01138,HFB-01138,rca_text,管路总成出现中度泄漏异常，生命周期风险集中在设计阶段，建议优先追溯 HPIP-00219。,0.6505,hydraulic
EVO_TEXT_HFB-01138,HFB-01138,fault_evolution_text,早期异常较弱，运行载荷放大后出现指标漂移，并逐步演化为中度故障。,0.6505,hydraulic
RCA_TEXT_HFB-01139,HFB-01139,rca_text,该案例表现为中度振动异常，根因更可能由设计阶段隐患累积触发。,0.6721,hydraulic
EVO_TEXT_HFB-01139,HFB-01139,fault_evolution_text,设计阶段风险与运行工况耦合后引起状态劣化，检测指标随严重度同步升高。,0.6721,hydraulic
RCA_TEXT_HFB-01140,HFB-01140,rca_text,结合传感器能量和检测记录，单向阀的阀芯卡滞与制造阶段高风险实体 HMAN-00068 一致。,0.5766,hydraulic
EVO_TEXT_HFB-01140,HFB-01140,fault_evolution_text,隐患先导致局部性能退化，随后传感器能量向关联通道集中，最终形成阀芯卡滞。,0.5766,hydraulic
RCA_TEXT_HFB-01141,HFB-01141,rca_text,该案例表现为轻微振动异常，根因更可能由装配阶段隐患累积触发。,0.5754,hydraulic
EVO_TEXT_HFB-01141,HFB-01141,fault_evolution_text,隐患先导致局部性能退化，随后传感器能量向关联通道集中，最终形成振动异常。,0.5754,hydraulic
RCA_TEXT_HFB-01142,HFB-01142,rca_text,结合传感器能量和检测记录，溢流阀的振动异常与运维阶段高风险实体 HOPR-01142 一致。,0.6495,hydraulic
EVO_TEXT_HFB-01142,HFB-01142,fault_evolution_text,隐患先导致局部性能退化，随后传感器能量向关联通道集中，最终形成振动异常。,0.6495,hydraulic
RCA_TEXT_HFB-01143,HFB-01143,rca_text,结合传感器能量和检测记录，液压泵总成的振动异常与材料阶段高风险实体 HMAT-00293 一致。,0.5735,hydraulic
EVO_TEXT_HFB-01143,HFB-01143,fault_evolution_text,材料阶段风险与运行工况耦合后引起状态劣化，检测指标随严重度同步升高。,0.5735,hydraulic
RCA_TEXT_HFB-01144,HFB-01144,rca_text,结合传感器能量和检测记录，液压泵总成的泄漏异常与装配阶段高风险实体 HASM-01144 一致。,0.6523,hydraulic
EVO_TEXT_HFB-01144,HFB-01144,fault_evolution_text,装配阶段风险与运行工况耦合后引起状态劣化，检测指标随严重度同步升高。,0.6523,hydraulic
RCA_TEXT_HFB-01145,HFB-01145,rca_text,蓄能器出现轻微压力异常，生命周期风险集中在材料阶段，建议优先追溯 HMAT-00357。,0.5859,hydraulic
EVO_TEXT_HFB-01145,HFB-01145,fault_evolution_text,隐患先导致局部性能退化，随后传感器能量向关联通道集中，最终形成压力异常。,0.5859,hydraulic
RCA_TEXT_HFB-01146,HFB-01146,rca_text,过滤器出现轻微压力异常，生命周期风险集中在运维阶段，建议优先追溯 HOPR-01146。,0.5701,hydraulic
EVO_TEXT_HFB-01146,HFB-01146,fault_evolution_text,早期异常较弱，运行载荷放大后出现指标漂移，并逐步演化为轻微故障。,0.5701,hydraulic
RCA_TEXT_HFB-01147,HFB-01147,rca_text,溢流阀出现轻微泄漏异常，生命周期风险集中在运维阶段，建议优先追溯 HOPR-01147。,0.6105,hydraulic
EVO_TEXT_HFB-01147,HFB-01147,fault_evolution_text,隐患先导致局部性能退化，随后传感器能量向关联通道集中，最终形成泄漏异常。,0.6105,hydraulic
RCA_TEXT_HFB-01148,HFB-01148,rca_text,该案例表现为轻微振动异常，根因更可能由制造阶段隐患累积触发。,0.5551,hydraulic
EVO_TEXT_HFB-01148,HFB-01148,fault_evolution_text,隐患先导致局部性能退化，随后传感器能量向关联通道集中，最终形成振动异常。,0.5551,hydraulic
RCA_TEXT_HFB-01149,HFB-01149,rca_text,该案例表现为轻微流量异常，根因更可能由运维阶段隐患累积触发。,0.664,hydraulic
EVO_TEXT_HFB-01149,HFB-01149,fault_evolution_text,运维阶段风险与运行工况耦合后引起状态劣化，检测指标随严重度同步升高。,0.664,hydraulic
RCA_TEXT_HFB-01150,HFB-01150,rca_text,冷却器出现轻微泄漏异常，生命周期风险集中在制造阶段，建议优先追溯 HMAN-00452。,0.5619,hydraulic
EVO_TEXT_HFB-01150,HFB-01150,fault_evolution_text,早期异常较弱，运行载荷放大后出现指标漂移，并逐步演化为轻微故障。,0.5619,hydraulic
RCA_TEXT_HFB-01151,HFB-01151,rca_text,作动筒出现轻微振动异常，生命周期风险集中在材料阶段，建议优先追溯 HMAT-00393。,0.6346,hydraulic
EVO_TEXT_HFB-01151,HFB-01151,fault_evolution_text,早期异常较弱，运行载荷放大后出现指标漂移，并逐步演化为轻微故障。,0.6346,hydraulic
RCA_TEXT_HFB-01152,HFB-01152,rca_text,结合传感器能量和检测记录，蓄能器的压力异常与装配阶段高风险实体 HASM-01152 一致。,0.6402,hydraulic
EVO_TEXT_HFB-01152,HFB-01152,fault_evolution_text,装配阶段风险与运行工况耦合后引起状态劣化，检测指标随严重度同步升高。,0.6402,hydraulic
RCA_TEXT_HFB-01153,HFB-01153,rca_text,该案例表现为轻微泄漏异常，根因更可能由制造阶段隐患累积触发。,0.6169,hydraulic
EVO_TEXT_HFB-01153,HFB-01153,fault_evolution_text,隐患先导致局部性能退化，随后传感器能量向关联通道集中，最终形成泄漏异常。,0.6169,hydraulic
RCA_TEXT_HFB-01154,HFB-01154,rca_text,结合传感器能量和检测记录，管路总成的振动异常与材料阶段高风险实体 HMAT-00210 一致。,0.6041,hydraulic
EVO_TEXT_HFB-01154,HFB-01154,fault_evolution_text,隐患先导致局部性能退化，随后传感器能量向关联通道集中，最终形成振动异常。,0.6041,hydraulic
RCA_TEXT_HFB-01155,HFB-01155,rca_text,过滤器出现轻微温度异常，生命周期风险集中在制造阶段，建议优先追溯 HMAN-00270。,0.6299,hydraulic
EVO_TEXT_HFB-01155,HFB-01155,fault_evolution_text,制造阶段风险与运行工况耦合后引起状态劣化，检测指标随严重度同步升高。,0.6299,hydraulic
RCA_TEXT_HFB-01156,HFB-01156,rca_text,该案例表现为中度压力异常，根因更可能由检测阶段隐患累积触发。,0.6922,hydraulic
EVO_TEXT_HFB-01156,HFB-01156,fault_evolution_text,隐患先导致局部性能退化，随后传感器能量向关联通道集中，最终形成压力异常。,0.6922,hydraulic
RCA_TEXT_HFB-01157,HFB-01157,rca_text,过滤器出现轻微振动异常，生命周期风险集中在制造阶段，建议优先追溯 HMAN-00061。,0.6166,hydraulic
EVO_TEXT_HFB-01157,HFB-01157,fault_evolution_text,早期异常较弱，运行载荷放大后出现指标漂移，并逐步演化为轻微故障。,0.6166,hydraulic
RCA_TEXT_HFB-01158,HFB-01158,rca_text,结合传感器能量和检测记录，溢流阀的阀芯卡滞与制造阶段高风险实体 HMAN-00670 一致。,0.6233,hydraulic
EVO_TEXT_HFB-01158,HFB-01158,fault_evolution_text,隐患先导致局部性能退化，随后传感器能量向关联通道集中，最终形成阀芯卡滞。,0.6233,hydraulic
RCA_TEXT_HFB-01159,HFB-01159,rca_text,蓄能器出现轻微泄漏异常，生命周期风险集中在制造阶段，建议优先追溯 HMAN-00147。,0.5525,hydraulic
EVO_TEXT_HFB-01159,HFB-01159,fault_evolution_text,隐患先导致局部性能退化，随后传感器能量向关联通道集中，最终形成泄漏异常。,0.5525,hydraulic
RCA_TEXT_HFB-01160,HFB-01160,rca_text,过滤器出现轻微温度异常，生命周期风险集中在设计阶段，建议优先追溯 HDES-01039。,0.5911,hydraulic
EVO_TEXT_HFB-01160,HFB-01160,fault_evolution_text,隐患先导致局部性能退化，随后传感器能量向关联通道集中，最终形成温度异常。,0.5911,hydraulic
RCA_TEXT_HFB-01161,HFB-01161,rca_text,该案例表现为轻微振动异常，根因更可能由运维阶段隐患累积触发。,0.5427,hydraulic
EVO_TEXT_HFB-01161,HFB-01161,fault_evolution_text,运维阶段风险与运行工况耦合后引起状态劣化，检测指标随严重度同步升高。,0.5427,hydraulic
RCA_TEXT_HFB-01162,HFB-01162,rca_text,结合传感器能量和检测记录，管路总成的泄漏异常与运维阶段高风险实体 HOPR-01162 一致。,0.6576,hydraulic
EVO_TEXT_HFB-01162,HFB-01162,fault_evolution_text,早期异常较弱，运行载荷放大后出现指标漂移，并逐步演化为中度故障。,0.6576,hydraulic
RCA_TEXT_HFB-01163,HFB-01163,rca_text,蓄能器出现轻微压力异常，生命周期风险集中在装配阶段，建议优先追溯 HASM-01163。,0.6058,hydraulic
EVO_TEXT_HFB-01163,HFB-01163,fault_evolution_text,早期异常较弱，运行载荷放大后出现指标漂移，并逐步演化为轻微故障。,0.6058,hydraulic
RCA_TEXT_HFB-01164,HFB-01164,rca_text,该案例表现为轻微泄漏异常，根因更可能由装配阶段隐患累积触发。,0.601,hydraulic
EVO_TEXT_HFB-01164,HFB-01164,fault_evolution_text,早期异常较弱，运行载荷放大后出现指标漂移，并逐步演化为轻微故障。,0.601,hydraulic
RCA_TEXT_HFB-01165,HFB-01165,rca_text,过滤器出现轻微温度异常，生命周期风险集中在材料阶段，建议优先追溯 HMAT-00328。,0.5334,hydraulic
EVO_TEXT_HFB-01165,HFB-01165,fault_evolution_text,材料阶段风险与运行工况耦合后引起状态劣化，检测指标随严重度同步升高。,0.5334,hydraulic
RCA_TEXT_HFB-01166,HFB-01166,rca_text,该案例表现为轻微流量异常，根因更可能由制造阶段隐患累积触发。,0.6522,hydraulic
EVO_TEXT_HFB-01166,HFB-01166,fault_evolution_text,制造阶段风险与运行工况耦合后引起状态劣化，检测指标随严重度同步升高。,0.6522,hydraulic
RCA_TEXT_HFB-01167,HFB-01167,rca_text,该案例表现为中度泄漏异常，根因更可能由运维阶段隐患累积触发。,0.6446,hydraulic
EVO_TEXT_HFB-01167,HFB-01167,fault_evolution_text,运维阶段风险与运行工况耦合后引起状态劣化，检测指标随严重度同步升高。,0.6446,hydraulic
RCA_TEXT_HFB-01168,HFB-01168,rca_text,结合传感器能量和检测记录，溢流阀的压力异常与检测阶段高风险实体 HINSP-01168 一致。,0.5606,hydraulic
EVO_TEXT_HFB-01168,HFB-01168,fault_evolution_text,检测阶段风险与运行工况耦合后引起状态劣化，检测指标随严重度同步升高。,0.5606,hydraulic
RCA_TEXT_HFB-01169,HFB-01169,rca_text,该案例表现为中度流量异常，根因更可能由制造阶段隐患累积触发。,0.6159,hydraulic
EVO_TEXT_HFB-01169,HFB-01169,fault_evolution_text,制造阶段风险与运行工况耦合后引起状态劣化，检测指标随严重度同步升高。,0.6159,hydraulic
RCA_TEXT_HFB-01170,HFB-01170,rca_text,该案例表现为轻微振动异常，根因更可能由设计阶段隐患累积触发。,0.5767,hydraulic
EVO_TEXT_HFB-01170,HFB-01170,fault_evolution_text,隐患先导致局部性能退化，随后传感器能量向关联通道集中，最终形成振动异常。,0.5767,hydraulic
RCA_TEXT_HFB-01171,HFB-01171,rca_text,液压油箱出现轻微压力异常，生命周期风险集中在制造阶段，建议优先追溯 HMAN-00404。,0.5587,hydraulic
EVO_TEXT_HFB-01171,HFB-01171,fault_evolution_text,制造阶段风险与运行工况耦合后引起状态劣化，检测指标随严重度同步升高。,0.5587,hydraulic
RCA_TEXT_HFB-01172,HFB-01172,rca_text,结合传感器能量和检测记录，节流阀的阀芯卡滞与运维阶段高风险实体 HOPR-01172 一致。,0.6045,hydraulic
EVO_TEXT_HFB-01172,HFB-01172,fault_evolution_text,运维阶段风险与运行工况耦合后引起状态劣化，检测指标随严重度同步升高。,0.6045,hydraulic
RCA_TEXT_HFB-01173,HFB-01173,rca_text,结合传感器能量和检测记录，溢流阀的泄漏异常与装配阶段高风险实体 HASM-01173 一致。,0.5704,hydraulic
EVO_TEXT_HFB-01173,HFB-01173,fault_evolution_text,早期异常较弱，运行载荷放大后出现指标漂移，并逐步演化为轻微故障。,0.5704,hydraulic
RCA_TEXT_HFB-01174,HFB-01174,rca_text,该案例表现为轻微流量异常，根因更可能由运维阶段隐患累积触发。,0.5869,hydraulic
EVO_TEXT_HFB-01174,HFB-01174,fault_evolution_text,早期异常较弱，运行载荷放大后出现指标漂移，并逐步演化为轻微故障。,0.5869,hydraulic
RCA_TEXT_HFB-01175,HFB-01175,rca_text,该案例表现为轻微泄漏异常，根因更可能由制造阶段隐患累积触发。,0.5782,hydraulic
EVO_TEXT_HFB-01175,HFB-01175,fault_evolution_text,隐患先导致局部性能退化，随后传感器能量向关联通道集中，最终形成泄漏异常。,0.5782,hydraulic
RCA_TEXT_HFB-01176,HFB-01176,rca_text,该案例表现为中度流量异常，根因更可能由制造阶段隐患累积触发。,0.6263,hydraulic
EVO_TEXT_HFB-01176,HFB-01176,fault_evolution_text,隐患先导致局部性能退化，随后传感器能量向关联通道集中，最终形成流量异常。,0.6263,hydraulic
RCA_TEXT_HFB-01177,HFB-01177,rca_text,液压泵总成出现轻微流量异常，生命周期风险集中在材料阶段，建议优先追溯 HMAT-00049。,0.5735,hydraulic
EVO_TEXT_HFB-01177,HFB-01177,fault_evolution_text,隐患先导致局部性能退化，随后传感器能量向关联通道集中，最终形成流量异常。,0.5735,hydraulic
RCA_TEXT_HFB-01178,HFB-01178,rca_text,结合传感器能量和检测记录，单向阀的温度异常与运维阶段高风险实体 HOPR-01178 一致。,0.6236,hydraulic
EVO_TEXT_HFB-01178,HFB-01178,fault_evolution_text,运维阶段风险与运行工况耦合后引起状态劣化，检测指标随严重度同步升高。,0.6236,hydraulic
RCA_TEXT_HFB-01179,HFB-01179,rca_text,液压泵总成出现轻微泄漏异常，生命周期风险集中在运维阶段，建议优先追溯 HOPR-01179。,0.586,hydraulic
EVO_TEXT_HFB-01179,HFB-01179,fault_evolution_text,运维阶段风险与运行工况耦合后引起状态劣化，检测指标随严重度同步升高。,0.586,hydraulic
RCA_TEXT_HFB-01180,HFB-01180,rca_text,该案例表现为中度阀芯卡滞，根因更可能由装配阶段隐患累积触发。,0.6357,hydraulic
EVO_TEXT_HFB-01180,HFB-01180,fault_evolution_text,装配阶段风险与运行工况耦合后引起状态劣化，检测指标随严重度同步升高。,0.6357,hydraulic
RCA_TEXT_HFB-01181,HFB-01181,rca_text,结合传感器能量和检测记录，节流阀的流量异常与设计阶段高风险实体 HDES-01092 一致。,0.6673,hydraulic
EVO_TEXT_HFB-01181,HFB-01181,fault_evolution_text,早期异常较弱，运行载荷放大后出现指标漂移，并逐步演化为中度故障。,0.6673,hydraulic
RCA_TEXT_HFB-01182,HFB-01182,rca_text,节流阀出现中度阀芯卡滞，生命周期风险集中在制造阶段，建议优先追溯 HMAN-00864。,0.6431,hydraulic
EVO_TEXT_HFB-01182,HFB-01182,fault_evolution_text,早期异常较弱，运行载荷放大后出现指标漂移，并逐步演化为中度故障。,0.6431,hydraulic
RCA_TEXT_HFB-01183,HFB-01183,rca_text,结合传感器能量和检测记录，冷却器的温度异常与检测阶段高风险实体 HINSP-01183 一致。,0.6426,hydraulic
EVO_TEXT_HFB-01183,HFB-01183,fault_evolution_text,早期异常较弱，运行载荷放大后出现指标漂移，并逐步演化为轻微故障。,0.6426,hydraulic
RCA_TEXT_HFB-01184,HFB-01184,rca_text,该案例表现为中度流量异常，根因更可能由设计阶段隐患累积触发。,0.6009,hydraulic
EVO_TEXT_HFB-01184,HFB-01184,fault_evolution_text,设计阶段风险与运行工况耦合后引起状态劣化，检测指标随严重度同步升高。,0.6009,hydraulic
RCA_TEXT_HFB-01185,HFB-01185,rca_text,结合传感器能量和检测记录，单向阀的压力异常与设计阶段高风险实体 HDES-01122 一致。,0.5603,hydraulic
EVO_TEXT_HFB-01185,HFB-01185,fault_evolution_text,隐患先导致局部性能退化，随后传感器能量向关联通道集中，最终形成压力异常。,0.5603,hydraulic
RCA_TEXT_HFB-01186,HFB-01186,rca_text,该案例表现为中度流量异常，根因更可能由检测阶段隐患累积触发。,0.6307,hydraulic
EVO_TEXT_HFB-01186,HFB-01186,fault_evolution_text,隐患先导致局部性能退化，随后传感器能量向关联通道集中，最终形成流量异常。,0.6307,hydraulic
RCA_TEXT_HFB-01187,HFB-01187,rca_text,溢流阀出现中度阀芯卡滞，生命周期风险集中在设计阶段，建议优先追溯 HDES-00058。,0.6216,hydraulic
EVO_TEXT_HFB-01187,HFB-01187,fault_evolution_text,设计阶段风险与运行工况耦合后引起状态劣化，检测指标随严重度同步升高。,0.6216,hydraulic
RCA_TEXT_HFB-01188,HFB-01188,rca_text,溢流阀出现轻微温度异常，生命周期风险集中在检测阶段，建议优先追溯 HINSP-01188。,0.628,hydraulic
EVO_TEXT_HFB-01188,HFB-01188,fault_evolution_text,检测阶段风险与运行工况耦合后引起状态劣化，检测指标随严重度同步升高。,0.628,hydraulic
RCA_TEXT_HFB-01189,HFB-01189,rca_text,该案例表现为轻微振动异常，根因更可能由运维阶段隐患累积触发。,0.6137,hydraulic
EVO_TEXT_HFB-01189,HFB-01189,fault_evolution_text,早期异常较弱，运行载荷放大后出现指标漂移，并逐步演化为轻微故障。,0.6137,hydraulic
RCA_TEXT_HFB-01190,HFB-01190,rca_text,该案例表现为中度振动异常，根因更可能由设计阶段隐患累积触发。,0.6363,hydraulic
EVO_TEXT_HFB-01190,HFB-01190,fault_evolution_text,设计阶段风险与运行工况耦合后引起状态劣化，检测指标随严重度同步升高。,0.6363,hydraulic
RCA_TEXT_HFB-01191,HFB-01191,rca_text,该案例表现为轻微压力异常，根因更可能由制造阶段隐患累积触发。,0.6034,hydraulic
EVO_TEXT_HFB-01191,HFB-01191,fault_evolution_text,隐患先导致局部性能退化，随后传感器能量向关联通道集中，最终形成压力异常。,0.6034,hydraulic
RCA_TEXT_HFB-01192,HFB-01192,rca_text,单向阀出现轻微阀芯卡滞，生命周期风险集中在检测阶段，建议优先追溯 HINSP-01192。,0.6429,hydraulic
EVO_TEXT_HFB-01192,HFB-01192,fault_evolution_text,检测阶段风险与运行工况耦合后引起状态劣化，检测指标随严重度同步升高。,0.6429,hydraulic
RCA_TEXT_HFB-01193,HFB-01193,rca_text,单向阀出现轻微阀芯卡滞，生命周期风险集中在设计阶段，建议优先追溯 HDES-00491。,0.6314,hydraulic
EVO_TEXT_HFB-01193,HFB-01193,fault_evolution_text,设计阶段风险与运行工况耦合后引起状态劣化，检测指标随严重度同步升高。,0.6314,hydraulic
RCA_TEXT_HFB-01194,HFB-01194,rca_text,该案例表现为中度温度异常，根因更可能由制造阶段隐患累积触发。,0.6602,hydraulic
EVO_TEXT_HFB-01194,HFB-01194,fault_evolution_text,制造阶段风险与运行工况耦合后引起状态劣化，检测指标随严重度同步升高。,0.6602,hydraulic
RCA_TEXT_HFB-01195,HFB-01195,rca_text,该案例表现为中度振动异常，根因更可能由制造阶段隐患累积触发。,0.6569,hydraulic
EVO_TEXT_HFB-01195,HFB-01195,fault_evolution_text,隐患先导致局部性能退化，随后传感器能量向关联通道集中，最终形成振动异常。,0.6569,hydraulic
RCA_TEXT_HFB-01196,HFB-01196,rca_text,该案例表现为中度温度异常，根因更可能由装配阶段隐患累积触发。,0.5903,hydraulic
EVO_TEXT_HFB-01196,HFB-01196,fault_evolution_text,隐患先导致局部性能退化，随后传感器能量向关联通道集中，最终形成温度异常。,0.5903,hydraulic
RCA_TEXT_HFB-01197,HFB-01197,rca_text,该案例表现为轻微温度异常，根因更可能由制造阶段隐患累积触发。,0.5704,hydraulic
EVO_TEXT_HFB-01197,HFB-01197,fault_evolution_text,早期异常较弱，运行载荷放大后出现指标漂移，并逐步演化为轻微故障。,0.5704,hydraulic
RCA_TEXT_HFB-01198,HFB-01198,rca_text,作动筒出现中度泄漏异常，生命周期风险集中在装配阶段，建议优先追溯 HASM-01198。,0.6336,hydraulic
EVO_TEXT_HFB-01198,HFB-01198,fault_evolution_text,隐患先导致局部性能退化，随后传感器能量向关联通道集中，最终形成泄漏异常。,0.6336,hydraulic
RCA_TEXT_HFB-01199,HFB-01199,rca_text,结合传感器能量和检测记录，液压泵总成的泄漏异常与装配阶段高风险实体 HASM-01199 一致。,0.5973,hydraulic
EVO_TEXT_HFB-01199,HFB-01199,fault_evolution_text,隐患先导致局部性能退化，随后传感器能量向关联通道集中，最终形成泄漏异常。,0.5973,hydraulic
RCA_TEXT_HFB-01200,HFB-01200,rca_text,该案例表现为中度振动异常，根因更可能由材料阶段隐患累积触发。,0.6304,hydraulic
EVO_TEXT_HFB-01200,HFB-01200,fault_evolution_text,材料阶段风险与运行工况耦合后引起状态劣化，检测指标随严重度同步升高。,0.6304,hydraulic
RCA_TEXT_HFB-01201,HFB-01201,rca_text,该案例表现为轻微泄漏异常，根因更可能由装配阶段隐患累积触发。,0.5659,hydraulic
EVO_TEXT_HFB-01201,HFB-01201,fault_evolution_text,装配阶段风险与运行工况耦合后引起状态劣化，检测指标随严重度同步升高。,0.5659,hydraulic
RCA_TEXT_HFB-01202,HFB-01202,rca_text,结合传感器能量和检测记录，单向阀的阀芯卡滞与制造阶段高风险实体 HMAN-00928 一致。,0.6258,hydraulic
EVO_TEXT_HFB-01202,HFB-01202,fault_evolution_text,早期异常较弱，运行载荷放大后出现指标漂移，并逐步演化为轻微故障。,0.6258,hydraulic
RCA_TEXT_HFB-01203,HFB-01203,rca_text,冷却器出现中度温度异常，生命周期风险集中在运维阶段，建议优先追溯 HOPR-01203。,0.6675,hydraulic
EVO_TEXT_HFB-01203,HFB-01203,fault_evolution_text,隐患先导致局部性能退化，随后传感器能量向关联通道集中，最终形成温度异常。,0.6675,hydraulic
RCA_TEXT_HFB-01204,HFB-01204,rca_text,该案例表现为轻微振动异常，根因更可能由运维阶段隐患累积触发。,0.5852,hydraulic
EVO_TEXT_HFB-01204,HFB-01204,fault_evolution_text,早期异常较弱，运行载荷放大后出现指标漂移，并逐步演化为轻微故障。,0.5852,hydraulic
RCA_TEXT_HFB-01205,HFB-01205,rca_text,该案例表现为中度泄漏异常，根因更可能由装配阶段隐患累积触发。,0.6427,hydraulic
EVO_TEXT_HFB-01205,HFB-01205,fault_evolution_text,装配阶段风险与运行工况耦合后引起状态劣化，检测指标随严重度同步升高。,0.6427,hydraulic
RCA_TEXT_HFB-01206,HFB-01206,rca_text,该案例表现为轻微压力异常，根因更可能由设计阶段隐患累积触发。,0.5808,hydraulic
EVO_TEXT_HFB-01206,HFB-01206,fault_evolution_text,设计阶段风险与运行工况耦合后引起状态劣化，检测指标随严重度同步升高。,0.5808,hydraulic
RCA_TEXT_HFB-01207,HFB-01207,rca_text,方向控制阀出现轻微阀芯卡滞，生命周期风险集中在运维阶段，建议优先追溯 HOPR-01207。,0.6039,hydraulic
EVO_TEXT_HFB-01207,HFB-01207,fault_evolution_text,早期异常较弱，运行载荷放大后出现指标漂移，并逐步演化为轻微故障。,0.6039,hydraulic
RCA_TEXT_HFB-01208,HFB-01208,rca_text,该案例表现为轻微阀芯卡滞，根因更可能由运维阶段隐患累积触发。,0.5771,hydraulic
EVO_TEXT_HFB-01208,HFB-01208,fault_evolution_text,隐患先导致局部性能退化，随后传感器能量向关联通道集中，最终形成阀芯卡滞。,0.5771,hydraulic
RCA_TEXT_HFB-01209,HFB-01209,rca_text,单向阀出现中度阀芯卡滞，生命周期风险集中在材料阶段，建议优先追溯 HMAT-00116。,0.564,hydraulic
EVO_TEXT_HFB-01209,HFB-01209,fault_evolution_text,隐患先导致局部性能退化，随后传感器能量向关联通道集中，最终形成阀芯卡滞。,0.564,hydraulic
RCA_TEXT_HFB-01210,HFB-01210,rca_text,结合传感器能量和检测记录，过滤器的振动异常与制造阶段高风险实体 HMAN-00527 一致。,0.5645,hydraulic
EVO_TEXT_HFB-01210,HFB-01210,fault_evolution_text,隐患先导致局部性能退化，随后传感器能量向关联通道集中，最终形成振动异常。,0.5645,hydraulic
RCA_TEXT_HFB-01211,HFB-01211,rca_text,该案例表现为中度阀芯卡滞，根因更可能由运维阶段隐患累积触发。,0.6435,hydraulic
EVO_TEXT_HFB-01211,HFB-01211,fault_evolution_text,隐患先导致局部性能退化，随后传感器能量向关联通道集中，最终形成阀芯卡滞。,0.6435,hydraulic
RCA_TEXT_HFB-01212,HFB-01212,rca_text,溢流阀出现轻微振动异常，生命周期风险集中在运维阶段，建议优先追溯 HOPR-01212。,0.5483,hydraulic
EVO_TEXT_HFB-01212,HFB-01212,fault_evolution_text,早期异常较弱，运行载荷放大后出现指标漂移，并逐步演化为轻微故障。,0.5483,hydraulic
RCA_TEXT_HFB-01213,HFB-01213,rca_text,该案例表现为轻微泄漏异常，根因更可能由制造阶段隐患累积触发。,0.5622,hydraulic
EVO_TEXT_HFB-01213,HFB-01213,fault_evolution_text,早期异常较弱，运行载荷放大后出现指标漂移，并逐步演化为轻微故障。,0.5622,hydraulic
RCA_TEXT_HFB-01214,HFB-01214,rca_text,该案例表现为轻微阀芯卡滞，根因更可能由材料阶段隐患累积触发。,0.6284,hydraulic
EVO_TEXT_HFB-01214,HFB-01214,fault_evolution_text,材料阶段风险与运行工况耦合后引起状态劣化，检测指标随严重度同步升高。,0.6284,hydraulic
RCA_TEXT_HFB-01215,HFB-01215,rca_text,结合传感器能量和检测记录，液压泵总成的泄漏异常与运维阶段高风险实体 HOPR-01215 一致。,0.5606,hydraulic
EVO_TEXT_HFB-01215,HFB-01215,fault_evolution_text,早期异常较弱，运行载荷放大后出现指标漂移，并逐步演化为轻微故障。,0.5606,hydraulic
RCA_TEXT_HFB-01216,HFB-01216,rca_text,方向控制阀出现中度阀芯卡滞，生命周期风险集中在运维阶段，建议优先追溯 HOPR-01216。,0.623,hydraulic
EVO_TEXT_HFB-01216,HFB-01216,fault_evolution_text,运维阶段风险与运行工况耦合后引起状态劣化，检测指标随严重度同步升高。,0.623,hydraulic
RCA_TEXT_HFB-01217,HFB-01217,rca_text,结合传感器能量和检测记录，卸荷阀的泄漏异常与制造阶段高风险实体 HMAN-00266 一致。,0.5363,hydraulic
EVO_TEXT_HFB-01217,HFB-01217,fault_evolution_text,制造阶段风险与运行工况耦合后引起状态劣化，检测指标随严重度同步升高。,0.5363,hydraulic
RCA_TEXT_HFB-01218,HFB-01218,rca_text,该案例表现为轻微振动异常，根因更可能由运维阶段隐患累积触发。,0.639,hydraulic
EVO_TEXT_HFB-01218,HFB-01218,fault_evolution_text,运维阶段风险与运行工况耦合后引起状态劣化，检测指标随严重度同步升高。,0.639,hydraulic
RCA_TEXT_HFB-01219,HFB-01219,rca_text,管路总成出现轻微压力异常，生命周期风险集中在设计阶段，建议优先追溯 HPIP-00226。,0.5663,hydraulic
EVO_TEXT_HFB-01219,HFB-01219,fault_evolution_text,早期异常较弱，运行载荷放大后出现指标漂移，并逐步演化为轻微故障。,0.5663,hydraulic
RCA_TEXT_HFB-01220,HFB-01220,rca_text,结合传感器能量和检测记录，管路总成的流量异常与材料阶段高风险实体 HMAT-00447 一致。,0.6209,hydraulic
EVO_TEXT_HFB-01220,HFB-01220,fault_evolution_text,材料阶段风险与运行工况耦合后引起状态劣化，检测指标随严重度同步升高。,0.6209,hydraulic
RCA_TEXT_HFB-01221,HFB-01221,rca_text,该案例表现为轻微泄漏异常，根因更可能由装配阶段隐患累积触发。,0.5893,hydraulic
EVO_TEXT_HFB-01221,HFB-01221,fault_evolution_text,早期异常较弱，运行载荷放大后出现指标漂移，并逐步演化为轻微故障。,0.5893,hydraulic
RCA_TEXT_HFB-01222,HFB-01222,rca_text,结合传感器能量和检测记录，单向阀的泄漏异常与运维阶段高风险实体 HOPR-01222 一致。,0.5511,hydraulic
EVO_TEXT_HFB-01222,HFB-01222,fault_evolution_text,早期异常较弱，运行载荷放大后出现指标漂移，并逐步演化为轻微故障。,0.5511,hydraulic
RCA_TEXT_HFB-01223,HFB-01223,rca_text,该案例表现为中度温度异常，根因更可能由运维阶段隐患累积触发。,0.6158,hydraulic
EVO_TEXT_HFB-01223,HFB-01223,fault_evolution_text,隐患先导致局部性能退化，随后传感器能量向关联通道集中，最终形成温度异常。,0.6158,hydraulic
RCA_TEXT_HFB-01224,HFB-01224,rca_text,结合传感器能量和检测记录，蓄能器的压力异常与装配阶段高风险实体 HASM-01224 一致。,0.6358,hydraulic
EVO_TEXT_HFB-01224,HFB-01224,fault_evolution_text,隐患先导致局部性能退化，随后传感器能量向关联通道集中，最终形成压力异常。,0.6358,hydraulic
RCA_TEXT_HFB-01225,HFB-01225,rca_text,管路总成出现轻微流量异常，生命周期风险集中在运维阶段，建议优先追溯 HOPR-01225。,0.5543,hydraulic
EVO_TEXT_HFB-01225,HFB-01225,fault_evolution_text,隐患先导致局部性能退化，随后传感器能量向关联通道集中，最终形成流量异常。,0.5543,hydraulic
RCA_TEXT_HFB-01226,HFB-01226,rca_text,该案例表现为轻微振动异常，根因更可能由运维阶段隐患累积触发。,0.6411,hydraulic
EVO_TEXT_HFB-01226,HFB-01226,fault_evolution_text,隐患先导致局部性能退化，随后传感器能量向关联通道集中，最终形成振动异常。,0.6411,hydraulic
RCA_TEXT_HFB-01227,HFB-01227,rca_text,作动筒出现轻微流量异常，生命周期风险集中在检测阶段，建议优先追溯 HINSP-01227。,0.5422,hydraulic
EVO_TEXT_HFB-01227,HFB-01227,fault_evolution_text,早期异常较弱，运行载荷放大后出现指标漂移，并逐步演化为轻微故障。,0.5422,hydraulic
RCA_TEXT_HFB-01228,HFB-01228,rca_text,结合传感器能量和检测记录，卸荷阀的温度异常与运维阶段高风险实体 HOPR-01228 一致。,0.5538,hydraulic
EVO_TEXT_HFB-01228,HFB-01228,fault_evolution_text,隐患先导致局部性能退化，随后传感器能量向关联通道集中，最终形成温度异常。,0.5538,hydraulic
RCA_TEXT_HFB-01229,HFB-01229,rca_text,结合传感器能量和检测记录，液压油箱的温度异常与材料阶段高风险实体 HMAT-00398 一致。,0.538,hydraulic
EVO_TEXT_HFB-01229,HFB-01229,fault_evolution_text,早期异常较弱，运行载荷放大后出现指标漂移，并逐步演化为轻微故障。,0.538,hydraulic
RCA_TEXT_HFB-01230,HFB-01230,rca_text,该案例表现为中度阀芯卡滞，根因更可能由运维阶段隐患累积触发。,0.6125,hydraulic
EVO_TEXT_HFB-01230,HFB-01230,fault_evolution_text,早期异常较弱，运行载荷放大后出现指标漂移，并逐步演化为中度故障。,0.6125,hydraulic
RCA_TEXT_HFB-01231,HFB-01231,rca_text,管路总成出现中度振动异常，生命周期风险集中在制造阶段，建议优先追溯 HMAN-01005。,0.6775,hydraulic
EVO_TEXT_HFB-01231,HFB-01231,fault_evolution_text,隐患先导致局部性能退化，随后传感器能量向关联通道集中，最终形成振动异常。,0.6775,hydraulic
RCA_TEXT_HFB-01232,HFB-01232,rca_text,结合传感器能量和检测记录，蓄能器的温度异常与设计阶段高风险实体 HDES-00677 一致。,0.5758,hydraulic
EVO_TEXT_HFB-01232,HFB-01232,fault_evolution_text,隐患先导致局部性能退化，随后传感器能量向关联通道集中，最终形成温度异常。,0.5758,hydraulic
RCA_TEXT_HFB-01233,HFB-01233,rca_text,结合传感器能量和检测记录，冷却器的阀芯卡滞与运维阶段高风险实体 HOPR-01233 一致。,0.5779,hydraulic
EVO_TEXT_HFB-01233,HFB-01233,fault_evolution_text,隐患先导致局部性能退化，随后传感器能量向关联通道集中，最终形成阀芯卡滞。,0.5779,hydraulic
RCA_TEXT_HFB-01234,HFB-01234,rca_text,该案例表现为中度泄漏异常，根因更可能由运维阶段隐患累积触发。,0.6766,hydraulic
EVO_TEXT_HFB-01234,HFB-01234,fault_evolution_text,运维阶段风险与运行工况耦合后引起状态劣化，检测指标随严重度同步升高。,0.6766,hydraulic
RCA_TEXT_HFB-01235,HFB-01235,rca_text,作动筒出现轻微压力异常，生命周期风险集中在运维阶段，建议优先追溯 HOPR-01235。,0.5453,hydraulic
EVO_TEXT_HFB-01235,HFB-01235,fault_evolution_text,早期异常较弱，运行载荷放大后出现指标漂移，并逐步演化为轻微故障。,0.5453,hydraulic
RCA_TEXT_HFB-01236,HFB-01236,rca_text,该案例表现为轻微温度异常，根因更可能由检测阶段隐患累积触发。,0.604,hydraulic
EVO_TEXT_HFB-01236,HFB-01236,fault_evolution_text,隐患先导致局部性能退化，随后传感器能量向关联通道集中，最终形成温度异常。,0.604,hydraulic
RCA_TEXT_HFB-01237,HFB-01237,rca_text,冷却器出现轻微温度异常，生命周期风险集中在设计阶段，建议优先追溯 HDES-00888。,0.6339,hydraulic
EVO_TEXT_HFB-01237,HFB-01237,fault_evolution_text,隐患先导致局部性能退化，随后传感器能量向关联通道集中，最终形成温度异常。,0.6339,hydraulic
RCA_TEXT_HFB-01238,HFB-01238,rca_text,该案例表现为中度阀芯卡滞，根因更可能由运维阶段隐患累积触发。,0.6668,hydraulic
EVO_TEXT_HFB-01238,HFB-01238,fault_evolution_text,早期异常较弱，运行载荷放大后出现指标漂移，并逐步演化为中度故障。,0.6668,hydraulic
RCA_TEXT_HFB-01239,HFB-01239,rca_text,该案例表现为中度流量异常，根因更可能由制造阶段隐患累积触发。,0.6583,hydraulic
EVO_TEXT_HFB-01239,HFB-01239,fault_evolution_text,制造阶段风险与运行工况耦合后引起状态劣化，检测指标随严重度同步升高。,0.6583,hydraulic
RCA_TEXT_HFB-01240,HFB-01240,rca_text,结合传感器能量和检测记录，节流阀的流量异常与运维阶段高风险实体 HOPR-01240 一致。,0.6306,hydraulic
EVO_TEXT_HFB-01240,HFB-01240,fault_evolution_text,早期异常较弱，运行载荷放大后出现指标漂移，并逐步演化为轻微故障。,0.6306,hydraulic
RCA_TEXT_HFB-01241,HFB-01241,rca_text,该案例表现为轻微流量异常，根因更可能由装配阶段隐患累积触发。,0.5724,hydraulic
EVO_TEXT_HFB-01241,HFB-01241,fault_evolution_text,装配阶段风险与运行工况耦合后引起状态劣化，检测指标随严重度同步升高。,0.5724,hydraulic
RCA_TEXT_HFB-01242,HFB-01242,rca_text,结合传感器能量和检测记录，液压泵总成的压力异常与运维阶段高风险实体 HOPR-01242 一致。,0.6111,hydraulic
EVO_TEXT_HFB-01242,HFB-01242,fault_evolution_text,早期异常较弱，运行载荷放大后出现指标漂移，并逐步演化为中度故障。,0.6111,hydraulic
RCA_TEXT_HFB-01243,HFB-01243,rca_text,结合传感器能量和检测记录，过滤器的温度异常与材料阶段高风险实体 HMAT-00129 一致。,0.6209,hydraulic
EVO_TEXT_HFB-01243,HFB-01243,fault_evolution_text,隐患先导致局部性能退化，随后传感器能量向关联通道集中，最终形成温度异常。,0.6209,hydraulic
RCA_TEXT_HFB-01244,HFB-01244,rca_text,该案例表现为中度阀芯卡滞，根因更可能由设计阶段隐患累积触发。,0.6434,hydraulic
EVO_TEXT_HFB-01244,HFB-01244,fault_evolution_text,早期异常较弱，运行载荷放大后出现指标漂移，并逐步演化为中度故障。,0.6434,hydraulic
RCA_TEXT_HFB-01245,HFB-01245,rca_text,该案例表现为轻微压力异常，根因更可能由设计阶段隐患累积触发。,0.6769,hydraulic
EVO_TEXT_HFB-01245,HFB-01245,fault_evolution_text,设计阶段风险与运行工况耦合后引起状态劣化，检测指标随严重度同步升高。,0.6769,hydraulic
RCA_TEXT_HFB-01246,HFB-01246,rca_text,结合传感器能量和检测记录，溢流阀的泄漏异常与材料阶段高风险实体 HMAT-00019 一致。,0.6504,hydraulic
EVO_TEXT_HFB-01246,HFB-01246,fault_evolution_text,隐患先导致局部性能退化，随后传感器能量向关联通道集中，最终形成泄漏异常。,0.6504,hydraulic
RCA_TEXT_HFB-01247,HFB-01247,rca_text,结合传感器能量和检测记录，冷却器的温度异常与检测阶段高风险实体 HINSP-01247 一致。,0.5849,hydraulic
EVO_TEXT_HFB-01247,HFB-01247,fault_evolution_text,早期异常较弱，运行载荷放大后出现指标漂移，并逐步演化为轻微故障。,0.5849,hydraulic
RCA_TEXT_HFB-01248,HFB-01248,rca_text,结合传感器能量和检测记录，卸荷阀的泄漏异常与运维阶段高风险实体 HOPR-01248 一致。,0.6237,hydraulic
EVO_TEXT_HFB-01248,HFB-01248,fault_evolution_text,隐患先导致局部性能退化，随后传感器能量向关联通道集中，最终形成泄漏异常。,0.6237,hydraulic
RCA_TEXT_HFB-01249,HFB-01249,rca_text,该案例表现为轻微振动异常，根因更可能由运维阶段隐患累积触发。,0.5708,hydraulic
EVO_TEXT_HFB-01249,HFB-01249,fault_evolution_text,隐患先导致局部性能退化，随后传感器能量向关联通道集中，最终形成振动异常。,0.5708,hydraulic
RCA_TEXT_HFB-01250,HFB-01250,rca_text,该案例表现为中度压力异常，根因更可能由设计阶段隐患累积触发。,0.6201,hydraulic
EVO_TEXT_HFB-01250,HFB-01250,fault_evolution_text,早期异常较弱，运行载荷放大后出现指标漂移，并逐步演化为中度故障。,0.6201,hydraulic
RCA_TEXT_HFB-01251,HFB-01251,rca_text,节流阀出现中度流量异常，生命周期风险集中在运维阶段，建议优先追溯 HOPR-01251。,0.5876,hydraulic
EVO_TEXT_HFB-01251,HFB-01251,fault_evolution_text,运维阶段风险与运行工况耦合后引起状态劣化，检测指标随严重度同步升高。,0.5876,hydraulic
RCA_TEXT_HFB-01252,HFB-01252,rca_text,结合传感器能量和检测记录，溢流阀的温度异常与运维阶段高风险实体 HOPR-01252 一致。,0.5392,hydraulic
EVO_TEXT_HFB-01252,HFB-01252,fault_evolution_text,早期异常较弱，运行载荷放大后出现指标漂移，并逐步演化为轻微故障。,0.5392,hydraulic
RCA_TEXT_HFB-01253,HFB-01253,rca_text,冷却器出现轻微流量异常，生命周期风险集中在运维阶段，建议优先追溯 HOPR-01253。,0.6252,hydraulic
EVO_TEXT_HFB-01253,HFB-01253,fault_evolution_text,隐患先导致局部性能退化，随后传感器能量向关联通道集中，最终形成流量异常。,0.6252,hydraulic
RCA_TEXT_HFB-01254,HFB-01254,rca_text,蓄能器出现轻微阀芯卡滞，生命周期风险集中在运维阶段，建议优先追溯 HOPR-01254。,0.606,hydraulic
EVO_TEXT_HFB-01254,HFB-01254,fault_evolution_text,隐患先导致局部性能退化，随后传感器能量向关联通道集中，最终形成阀芯卡滞。,0.606,hydraulic
RCA_TEXT_HFB-01255,HFB-01255,rca_text,液压泵总成出现轻微压力异常，生命周期风险集中在设计阶段，建议优先追溯 HDES-00600。,0.608,hydraulic
EVO_TEXT_HFB-01255,HFB-01255,fault_evolution_text,早期异常较弱，运行载荷放大后出现指标漂移，并逐步演化为轻微故障。,0.608,hydraulic
RCA_TEXT_HFB-01256,HFB-01256,rca_text,结合传感器能量和检测记录，卸荷阀的泄漏异常与运维阶段高风险实体 HOPR-01256 一致。,0.5835,hydraulic
EVO_TEXT_HFB-01256,HFB-01256,fault_evolution_text,早期异常较弱，运行载荷放大后出现指标漂移，并逐步演化为轻微故障。,0.5835,hydraulic
RCA_TEXT_HFB-01257,HFB-01257,rca_text,该案例表现为轻微压力异常，根因更可能由装配阶段隐患累积触发。,0.5761,hydraulic
EVO_TEXT_HFB-01257,HFB-01257,fault_evolution_text,隐患先导致局部性能退化，随后传感器能量向关联通道集中，最终形成压力异常。,0.5761,hydraulic
RCA_TEXT_HFB-01258,HFB-01258,rca_text,该案例表现为轻微阀芯卡滞，根因更可能由装配阶段隐患累积触发。,0.5545,hydraulic
EVO_TEXT_HFB-01258,HFB-01258,fault_evolution_text,早期异常较弱，运行载荷放大后出现指标漂移，并逐步演化为轻微故障。,0.5545,hydraulic
RCA_TEXT_HFB-01259,HFB-01259,rca_text,结合传感器能量和检测记录，冷却器的温度异常与检测阶段高风险实体 HINSP-01259 一致。,0.6019,hydraulic
EVO_TEXT_HFB-01259,HFB-01259,fault_evolution_text,隐患先导致局部性能退化，随后传感器能量向关联通道集中，最终形成温度异常。,0.6019,hydraulic
RCA_TEXT_HFB-01260,HFB-01260,rca_text,作动筒出现轻微泄漏异常，生命周期风险集中在运维阶段，建议优先追溯 HOPR-01260。,0.5808,hydraulic
EVO_TEXT_HFB-01260,HFB-01260,fault_evolution_text,早期异常较弱，运行载荷放大后出现指标漂移，并逐步演化为轻微故障。,0.5808,hydraulic
RCA_TEXT_HFB-01261,HFB-01261,rca_text,该案例表现为轻微压力异常，根因更可能由制造阶段隐患累积触发。,0.5597,hydraulic
EVO_TEXT_HFB-01261,HFB-01261,fault_evolution_text,制造阶段风险与运行工况耦合后引起状态劣化，检测指标随严重度同步升高。,0.5597,hydraulic
RCA_TEXT_HFB-01262,HFB-01262,rca_text,结合传感器能量和检测记录，方向控制阀的流量异常与材料阶段高风险实体 HMAT-00204 一致。,0.6596,hydraulic
EVO_TEXT_HFB-01262,HFB-01262,fault_evolution_text,隐患先导致局部性能退化，随后传感器能量向关联通道集中，最终形成流量异常。,0.6596,hydraulic
RCA_TEXT_HFB-01263,HFB-01263,rca_text,该案例表现为轻微压力异常，根因更可能由设计阶段隐患累积触发。,0.5895,hydraulic
EVO_TEXT_HFB-01263,HFB-01263,fault_evolution_text,设计阶段风险与运行工况耦合后引起状态劣化，检测指标随严重度同步升高。,0.5895,hydraulic
RCA_TEXT_HFB-01264,HFB-01264,rca_text,方向控制阀出现中度流量异常，生命周期风险集中在制造阶段，建议优先追溯 HMAN-00188。,0.6351,hydraulic
EVO_TEXT_HFB-01264,HFB-01264,fault_evolution_text,隐患先导致局部性能退化，随后传感器能量向关联通道集中，最终形成流量异常。,0.6351,hydraulic
RCA_TEXT_HFB-01265,HFB-01265,rca_text,蓄能器出现轻微压力异常，生命周期风险集中在制造阶段，建议优先追溯 HMAN-00289。,0.5689,hydraulic
EVO_TEXT_HFB-01265,HFB-01265,fault_evolution_text,制造阶段风险与运行工况耦合后引起状态劣化，检测指标随严重度同步升高。,0.5689,hydraulic
RCA_TEXT_HFB-01266,HFB-01266,rca_text,液压油箱出现轻微振动异常，生命周期风险集中在运维阶段，建议优先追溯 HOPR-01266。,0.5268,hydraulic
EVO_TEXT_HFB-01266,HFB-01266,fault_evolution_text,运维阶段风险与运行工况耦合后引起状态劣化，检测指标随严重度同步升高。,0.5268,hydraulic
RCA_TEXT_HFB-01267,HFB-01267,rca_text,该案例表现为轻微温度异常，根因更可能由运维阶段隐患累积触发。,0.5534,hydraulic
EVO_TEXT_HFB-01267,HFB-01267,fault_evolution_text,早期异常较弱，运行载荷放大后出现指标漂移，并逐步演化为轻微故障。,0.5534,hydraulic
RCA_TEXT_HFB-01268,HFB-01268,rca_text,结合传感器能量和检测记录，溢流阀的阀芯卡滞与制造阶段高风险实体 HMAN-01006 一致。,0.6348,hydraulic
EVO_TEXT_HFB-01268,HFB-01268,fault_evolution_text,隐患先导致局部性能退化，随后传感器能量向关联通道集中，最终形成阀芯卡滞。,0.6348,hydraulic
RCA_TEXT_HFB-01269,HFB-01269,rca_text,卸荷阀出现轻微泄漏异常，生命周期风险集中在装配阶段，建议优先追溯 HASM-01269。,0.5456,hydraulic
EVO_TEXT_HFB-01269,HFB-01269,fault_evolution_text,隐患先导致局部性能退化，随后传感器能量向关联通道集中，最终形成泄漏异常。,0.5456,hydraulic
RCA_TEXT_HFB-01270,HFB-01270,rca_text,该案例表现为轻微泄漏异常，根因更可能由设计阶段隐患累积触发。,0.5852,hydraulic
EVO_TEXT_HFB-01270,HFB-01270,fault_evolution_text,设计阶段风险与运行工况耦合后引起状态劣化，检测指标随严重度同步升高。,0.5852,hydraulic
RCA_TEXT_HFB-01271,HFB-01271,rca_text,结合传感器能量和检测记录，管路总成的温度异常与运维阶段高风险实体 HOPR-01271 一致。,0.608,hydraulic
EVO_TEXT_HFB-01271,HFB-01271,fault_evolution_text,运维阶段风险与运行工况耦合后引起状态劣化，检测指标随严重度同步升高。,0.608,hydraulic
RCA_TEXT_HFB-01272,HFB-01272,rca_text,该案例表现为中度压力异常，根因更可能由装配阶段隐患累积触发。,0.5907,hydraulic
EVO_TEXT_HFB-01272,HFB-01272,fault_evolution_text,装配阶段风险与运行工况耦合后引起状态劣化，检测指标随严重度同步升高。,0.5907,hydraulic
RCA_TEXT_HFB-01273,HFB-01273,rca_text,蓄能器出现轻微泄漏异常，生命周期风险集中在材料阶段，建议优先追溯 HMAT-00265。,0.7027,hydraulic
EVO_TEXT_HFB-01273,HFB-01273,fault_evolution_text,早期异常较弱，运行载荷放大后出现指标漂移，并逐步演化为轻微故障。,0.7027,hydraulic
RCA_TEXT_HFB-01274,HFB-01274,rca_text,管路总成出现轻微压力异常，生命周期风险集中在装配阶段，建议优先追溯 HASM-01274。,0.5589,hydraulic
EVO_TEXT_HFB-01274,HFB-01274,fault_evolution_text,早期异常较弱，运行载荷放大后出现指标漂移，并逐步演化为轻微故障。,0.5589,hydraulic
RCA_TEXT_HFB-01275,HFB-01275,rca_text,过滤器出现轻微流量异常，生命周期风险集中在材料阶段，建议优先追溯 HMAT-00426。,0.643,hydraulic
EVO_TEXT_HFB-01275,HFB-01275,fault_evolution_text,隐患先导致局部性能退化，随后传感器能量向关联通道集中，最终形成流量异常。,0.643,hydraulic
RCA_TEXT_HFB-01276,HFB-01276,rca_text,该案例表现为轻微泄漏异常，根因更可能由材料阶段隐患累积触发。,0.6119,hydraulic
EVO_TEXT_HFB-01276,HFB-01276,fault_evolution_text,材料阶段风险与运行工况耦合后引起状态劣化，检测指标随严重度同步升高。,0.6119,hydraulic
RCA_TEXT_HFB-01277,HFB-01277,rca_text,管路总成出现中度泄漏异常，生命周期风险集中在运维阶段，建议优先追溯 HOPR-01277。,0.6375,hydraulic
EVO_TEXT_HFB-01277,HFB-01277,fault_evolution_text,早期异常较弱，运行载荷放大后出现指标漂移，并逐步演化为中度故障。,0.6375,hydraulic
RCA_TEXT_HFB-01278,HFB-01278,rca_text,过滤器出现中度温度异常，生命周期风险集中在设计阶段，建议优先追溯 HDES-00235。,0.6468,hydraulic
EVO_TEXT_HFB-01278,HFB-01278,fault_evolution_text,设计阶段风险与运行工况耦合后引起状态劣化，检测指标随严重度同步升高。,0.6468,hydraulic
RCA_TEXT_HFB-01279,HFB-01279,rca_text,节流阀出现中度阀芯卡滞，生命周期风险集中在材料阶段，建议优先追溯 HMAT-00596。,0.6457,hydraulic
EVO_TEXT_HFB-01279,HFB-01279,fault_evolution_text,早期异常较弱，运行载荷放大后出现指标漂移，并逐步演化为中度故障。,0.6457,hydraulic
RCA_TEXT_HFB-01280,HFB-01280,rca_text,液压泵总成出现轻微振动异常，生命周期风险集中在装配阶段，建议优先追溯 HASM-01280。,0.5604,hydraulic
EVO_TEXT_HFB-01280,HFB-01280,fault_evolution_text,隐患先导致局部性能退化，随后传感器能量向关联通道集中，最终形成振动异常。,0.5604,hydraulic
RCA_TEXT_HFB-01281,HFB-01281,rca_text,该案例表现为轻微阀芯卡滞，根因更可能由装配阶段隐患累积触发。,0.5838,hydraulic
EVO_TEXT_HFB-01281,HFB-01281,fault_evolution_text,隐患先导致局部性能退化，随后传感器能量向关联通道集中，最终形成阀芯卡滞。,0.5838,hydraulic
RCA_TEXT_HFB-01282,HFB-01282,rca_text,结合传感器能量和检测记录，蓄能器的压力异常与设计阶段高风险实体 HDES-00900 一致。,0.6873,hydraulic
EVO_TEXT_HFB-01282,HFB-01282,fault_evolution_text,隐患先导致局部性能退化，随后传感器能量向关联通道集中，最终形成压力异常。,0.6873,hydraulic
RCA_TEXT_HFB-01283,HFB-01283,rca_text,该案例表现为轻微阀芯卡滞，根因更可能由材料阶段隐患累积触发。,0.6256,hydraulic
EVO_TEXT_HFB-01283,HFB-01283,fault_evolution_text,材料阶段风险与运行工况耦合后引起状态劣化，检测指标随严重度同步升高。,0.6256,hydraulic
RCA_TEXT_HFB-01284,HFB-01284,rca_text,结合传感器能量和检测记录，过滤器的温度异常与运维阶段高风险实体 HOPR-01284 一致。,0.6063,hydraulic
EVO_TEXT_HFB-01284,HFB-01284,fault_evolution_text,早期异常较弱，运行载荷放大后出现指标漂移，并逐步演化为轻微故障。,0.6063,hydraulic
RCA_TEXT_HFB-01285,HFB-01285,rca_text,结合传感器能量和检测记录，蓄能器的泄漏异常与装配阶段高风险实体 HASM-01285 一致。,0.6226,hydraulic
EVO_TEXT_HFB-01285,HFB-01285,fault_evolution_text,隐患先导致局部性能退化，随后传感器能量向关联通道集中，最终形成泄漏异常。,0.6226,hydraulic
RCA_TEXT_HFB-01286,HFB-01286,rca_text,结合传感器能量和检测记录，液压油箱的流量异常与制造阶段高风险实体 HMAN-00545 一致。,0.5666,hydraulic
EVO_TEXT_HFB-01286,HFB-01286,fault_evolution_text,隐患先导致局部性能退化，随后传感器能量向关联通道集中，最终形成流量异常。,0.5666,hydraulic
RCA_TEXT_HFB-01287,HFB-01287,rca_text,该案例表现为轻微流量异常，根因更可能由运维阶段隐患累积触发。,0.5969,hydraulic
EVO_TEXT_HFB-01287,HFB-01287,fault_evolution_text,隐患先导致局部性能退化，随后传感器能量向关联通道集中，最终形成流量异常。,0.5969,hydraulic
RCA_TEXT_HFB-01288,HFB-01288,rca_text,冷却器出现轻微振动异常，生命周期风险集中在材料阶段，建议优先追溯 HMAT-00525。,0.5709,hydraulic
EVO_TEXT_HFB-01288,HFB-01288,fault_evolution_text,材料阶段风险与运行工况耦合后引起状态劣化，检测指标随严重度同步升高。,0.5709,hydraulic
RCA_TEXT_HFB-01289,HFB-01289,rca_text,该案例表现为轻微振动异常，根因更可能由运维阶段隐患累积触发。,0.5969,hydraulic
EVO_TEXT_HFB-01289,HFB-01289,fault_evolution_text,早期异常较弱，运行载荷放大后出现指标漂移，并逐步演化为轻微故障。,0.5969,hydraulic
RCA_TEXT_HFB-01290,HFB-01290,rca_text,结合传感器能量和检测记录，蓄能器的流量异常与运维阶段高风险实体 HOPR-01290 一致。,0.6195,hydraulic
EVO_TEXT_HFB-01290,HFB-01290,fault_evolution_text,运维阶段风险与运行工况耦合后引起状态劣化，检测指标随严重度同步升高。,0.6195,hydraulic
RCA_TEXT_HFB-01291,HFB-01291,rca_text,该案例表现为轻微压力异常，根因更可能由运维阶段隐患累积触发。,0.5759,hydraulic
EVO_TEXT_HFB-01291,HFB-01291,fault_evolution_text,运维阶段风险与运行工况耦合后引起状态劣化，检测指标随严重度同步升高。,0.5759,hydraulic
RCA_TEXT_HFB-01292,HFB-01292,rca_text,冷却器出现中度温度异常，生命周期风险集中在运维阶段，建议优先追溯 HOPR-01292。,0.6345,hydraulic
EVO_TEXT_HFB-01292,HFB-01292,fault_evolution_text,早期异常较弱，运行载荷放大后出现指标漂移，并逐步演化为中度故障。,0.6345,hydraulic
RCA_TEXT_HFB-01293,HFB-01293,rca_text,结合传感器能量和检测记录，冷却器的泄漏异常与运维阶段高风险实体 HOPR-01293 一致。,0.5697,hydraulic
EVO_TEXT_HFB-01293,HFB-01293,fault_evolution_text,早期异常较弱，运行载荷放大后出现指标漂移，并逐步演化为轻微故障。,0.5697,hydraulic
RCA_TEXT_HFB-01294,HFB-01294,rca_text,作动筒出现轻微压力异常，生命周期风险集中在检测阶段，建议优先追溯 HINSP-01294。,0.5317,hydraulic
EVO_TEXT_HFB-01294,HFB-01294,fault_evolution_text,隐患先导致局部性能退化，随后传感器能量向关联通道集中，最终形成压力异常。,0.5317,hydraulic
RCA_TEXT_HFB-01295,HFB-01295,rca_text,该案例表现为轻微流量异常，根因更可能由材料阶段隐患累积触发。,0.5993,hydraulic
EVO_TEXT_HFB-01295,HFB-01295,fault_evolution_text,隐患先导致局部性能退化，随后传感器能量向关联通道集中，最终形成流量异常。,0.5993,hydraulic
RCA_TEXT_HFB-01296,HFB-01296,rca_text,该案例表现为轻微温度异常，根因更可能由材料阶段隐患累积触发。,0.5339,hydraulic
EVO_TEXT_HFB-01296,HFB-01296,fault_evolution_text,材料阶段风险与运行工况耦合后引起状态劣化，检测指标随严重度同步升高。,0.5339,hydraulic
RCA_TEXT_HFB-01297,HFB-01297,rca_text,结合传感器能量和检测记录，卸荷阀的泄漏异常与运维阶段高风险实体 HOPR-01297 一致。,0.5739,hydraulic
EVO_TEXT_HFB-01297,HFB-01297,fault_evolution_text,早期异常较弱，运行载荷放大后出现指标漂移，并逐步演化为轻微故障。,0.5739,hydraulic
RCA_TEXT_HFB-01298,HFB-01298,rca_text,冷却器出现轻微振动异常，生命周期风险集中在装配阶段，建议优先追溯 HASM-01298。,0.5281,hydraulic
EVO_TEXT_HFB-01298,HFB-01298,fault_evolution_text,隐患先导致局部性能退化，随后传感器能量向关联通道集中，最终形成振动异常。,0.5281,hydraulic
RCA_TEXT_HFB-01299,HFB-01299,rca_text,结合传感器能量和检测记录，方向控制阀的振动异常与装配阶段高风险实体 HASM-01299 一致。,0.6135,hydraulic
EVO_TEXT_HFB-01299,HFB-01299,fault_evolution_text,隐患先导致局部性能退化，随后传感器能量向关联通道集中，最终形成振动异常。,0.6135,hydraulic
RCA_TEXT_HFB-01300,HFB-01300,rca_text,该案例表现为中度压力异常，根因更可能由运维阶段隐患累积触发。,0.6746,hydraulic
EVO_TEXT_HFB-01300,HFB-01300,fault_evolution_text,早期异常较弱，运行载荷放大后出现指标漂移，并逐步演化为中度故障。,0.6746,hydraulic
RCA_TEXT_HFB-01301,HFB-01301,rca_text,管路总成出现中度流量异常，生命周期风险集中在材料阶段，建议优先追溯 HMAT-00570。,0.6178,hydraulic
EVO_TEXT_HFB-01301,HFB-01301,fault_evolution_text,早期异常较弱，运行载荷放大后出现指标漂移，并逐步演化为中度故障。,0.6178,hydraulic
RCA_TEXT_HFB-01302,HFB-01302,rca_text,冷却器出现轻微温度异常，生命周期风险集中在装配阶段，建议优先追溯 HASM-01302。,0.6184,hydraulic
EVO_TEXT_HFB-01302,HFB-01302,fault_evolution_text,装配阶段风险与运行工况耦合后引起状态劣化，检测指标随严重度同步升高。,0.6184,hydraulic
RCA_TEXT_HFB-01303,HFB-01303,rca_text,液压油箱出现轻微温度异常，生命周期风险集中在运维阶段，建议优先追溯 HOPR-01303。,0.6347,hydraulic
EVO_TEXT_HFB-01303,HFB-01303,fault_evolution_text,隐患先导致局部性能退化，随后传感器能量向关联通道集中，最终形成温度异常。,0.6347,hydraulic
RCA_TEXT_HFB-01304,HFB-01304,rca_text,蓄能器出现轻微压力异常，生命周期风险集中在制造阶段，建议优先追溯 HMAN-00480。,0.659,hydraulic
EVO_TEXT_HFB-01304,HFB-01304,fault_evolution_text,早期异常较弱，运行载荷放大后出现指标漂移，并逐步演化为轻微故障。,0.659,hydraulic
RCA_TEXT_HFB-01305,HFB-01305,rca_text,结合传感器能量和检测记录，冷却器的压力异常与运维阶段高风险实体 HOPR-01305 一致。,0.6132,hydraulic
EVO_TEXT_HFB-01305,HFB-01305,fault_evolution_text,隐患先导致局部性能退化，随后传感器能量向关联通道集中，最终形成压力异常。,0.6132,hydraulic
RCA_TEXT_HFB-01306,HFB-01306,rca_text,该案例表现为轻微振动异常，根因更可能由制造阶段隐患累积触发。,0.567,hydraulic
EVO_TEXT_HFB-01306,HFB-01306,fault_evolution_text,制造阶段风险与运行工况耦合后引起状态劣化，检测指标随严重度同步升高。,0.567,hydraulic
RCA_TEXT_HFB-01307,HFB-01307,rca_text,该案例表现为中度温度异常，根因更可能由材料阶段隐患累积触发。,0.6541,hydraulic
EVO_TEXT_HFB-01307,HFB-01307,fault_evolution_text,隐患先导致局部性能退化，随后传感器能量向关联通道集中，最终形成温度异常。,0.6541,hydraulic
RCA_TEXT_HFB-01308,HFB-01308,rca_text,结合传感器能量和检测记录，液压泵总成的振动异常与运维阶段高风险实体 HOPR-01308 一致。,0.6365,hydraulic
EVO_TEXT_HFB-01308,HFB-01308,fault_evolution_text,运维阶段风险与运行工况耦合后引起状态劣化，检测指标随严重度同步升高。,0.6365,hydraulic
RCA_TEXT_HFB-01309,HFB-01309,rca_text,结合传感器能量和检测记录，过滤器的泄漏异常与运维阶段高风险实体 HOPR-01309 一致。,0.6348,hydraulic
EVO_TEXT_HFB-01309,HFB-01309,fault_evolution_text,运维阶段风险与运行工况耦合后引起状态劣化，检测指标随严重度同步升高。,0.6348,hydraulic
RCA_TEXT_HFB-01310,HFB-01310,rca_text,结合传感器能量和检测记录，管路总成的阀芯卡滞与材料阶段高风险实体 HMAT-00240 一致。,0.5562,hydraulic
EVO_TEXT_HFB-01310,HFB-01310,fault_evolution_text,材料阶段风险与运行工况耦合后引起状态劣化，检测指标随严重度同步升高。,0.5562,hydraulic
RCA_TEXT_HFB-01311,HFB-01311,rca_text,该案例表现为轻微温度异常，根因更可能由运维阶段隐患累积触发。,0.5141,hydraulic
EVO_TEXT_HFB-01311,HFB-01311,fault_evolution_text,早期异常较弱，运行载荷放大后出现指标漂移，并逐步演化为轻微故障。,0.5141,hydraulic
RCA_TEXT_HFB-01312,HFB-01312,rca_text,该案例表现为轻微泄漏异常，根因更可能由装配阶段隐患累积触发。,0.5766,hydraulic
EVO_TEXT_HFB-01312,HFB-01312,fault_evolution_text,隐患先导致局部性能退化，随后传感器能量向关联通道集中，最终形成泄漏异常。,0.5766,hydraulic
RCA_TEXT_HFB-01313,HFB-01313,rca_text,管路总成出现中度振动异常，生命周期风险集中在材料阶段，建议优先追溯 HMAT-00060。,0.6293,hydraulic
EVO_TEXT_HFB-01313,HFB-01313,fault_evolution_text,隐患先导致局部性能退化，随后传感器能量向关联通道集中，最终形成振动异常。,0.6293,hydraulic
RCA_TEXT_HFB-01314,HFB-01314,rca_text,该案例表现为中度压力异常，根因更可能由装配阶段隐患累积触发。,0.6598,hydraulic
EVO_TEXT_HFB-01314,HFB-01314,fault_evolution_text,早期异常较弱，运行载荷放大后出现指标漂移，并逐步演化为中度故障。,0.6598,hydraulic
RCA_TEXT_HFB-01315,HFB-01315,rca_text,结合传感器能量和检测记录，过滤器的泄漏异常与装配阶段高风险实体 HASM-01315 一致。,0.5853,hydraulic
EVO_TEXT_HFB-01315,HFB-01315,fault_evolution_text,早期异常较弱，运行载荷放大后出现指标漂移，并逐步演化为轻微故障。,0.5853,hydraulic
RCA_TEXT_HFB-01316,HFB-01316,rca_text,结合传感器能量和检测记录，过滤器的压力异常与设计阶段高风险实体 HDES-00695 一致。,0.5383,hydraulic
EVO_TEXT_HFB-01316,HFB-01316,fault_evolution_text,早期异常较弱，运行载荷放大后出现指标漂移，并逐步演化为轻微故障。,0.5383,hydraulic
RCA_TEXT_HFB-01317,HFB-01317,rca_text,结合传感器能量和检测记录，方向控制阀的流量异常与检测阶段高风险实体 HINSP-01317 一致。,0.5885,hydraulic
EVO_TEXT_HFB-01317,HFB-01317,fault_evolution_text,早期异常较弱，运行载荷放大后出现指标漂移，并逐步演化为轻微故障。,0.5885,hydraulic
RCA_TEXT_HFB-01318,HFB-01318,rca_text,结合传感器能量和检测记录，过滤器的流量异常与制造阶段高风险实体 HMAN-00781 一致。,0.5933,hydraulic
EVO_TEXT_HFB-01318,HFB-01318,fault_evolution_text,隐患先导致局部性能退化，随后传感器能量向关联通道集中，最终形成流量异常。,0.5933,hydraulic
RCA_TEXT_HFB-01319,HFB-01319,rca_text,结合传感器能量和检测记录，过滤器的流量异常与运维阶段高风险实体 HOPR-01319 一致。,0.6019,hydraulic
EVO_TEXT_HFB-01319,HFB-01319,fault_evolution_text,隐患先导致局部性能退化，随后传感器能量向关联通道集中，最终形成流量异常。,0.6019,hydraulic
RCA_TEXT_HFB-01320,HFB-01320,rca_text,该案例表现为轻微温度异常，根因更可能由设计阶段隐患累积触发。,0.5944,hydraulic
EVO_TEXT_HFB-01320,HFB-01320,fault_evolution_text,设计阶段风险与运行工况耦合后引起状态劣化，检测指标随严重度同步升高。,0.5944,hydraulic
RCA_TEXT_HFB-01321,HFB-01321,rca_text,过滤器出现轻微压力异常，生命周期风险集中在材料阶段，建议优先追溯 HMAT-00259。,0.5846,hydraulic
EVO_TEXT_HFB-01321,HFB-01321,fault_evolution_text,材料阶段风险与运行工况耦合后引起状态劣化，检测指标随严重度同步升高。,0.5846,hydraulic
RCA_TEXT_HFB-01322,HFB-01322,rca_text,该案例表现为轻微压力异常，根因更可能由运维阶段隐患累积触发。,0.5812,hydraulic
EVO_TEXT_HFB-01322,HFB-01322,fault_evolution_text,早期异常较弱，运行载荷放大后出现指标漂移，并逐步演化为轻微故障。,0.5812,hydraulic
RCA_TEXT_HFB-01323,HFB-01323,rca_text,结合传感器能量和检测记录，溢流阀的泄漏异常与材料阶段高风险实体 HMAT-00179 一致。,0.7103,hydraulic
EVO_TEXT_HFB-01323,HFB-01323,fault_evolution_text,材料阶段风险与运行工况耦合后引起状态劣化，检测指标随严重度同步升高。,0.7103,hydraulic
RCA_TEXT_HFB-01324,HFB-01324,rca_text,结合传感器能量和检测记录，方向控制阀的阀芯卡滞与运维阶段高风险实体 HOPR-01324 一致。,0.6465,hydraulic
EVO_TEXT_HFB-01324,HFB-01324,fault_evolution_text,隐患先导致局部性能退化，随后传感器能量向关联通道集中，最终形成阀芯卡滞。,0.6465,hydraulic
RCA_TEXT_HFB-01325,HFB-01325,rca_text,蓄能器出现轻微压力异常，生命周期风险集中在设计阶段，建议优先追溯 HDES-00783。,0.5847,hydraulic
EVO_TEXT_HFB-01325,HFB-01325,fault_evolution_text,设计阶段风险与运行工况耦合后引起状态劣化，检测指标随严重度同步升高。,0.5847,hydraulic
RCA_TEXT_HFB-01326,HFB-01326,rca_text,结合传感器能量和检测记录，方向控制阀的流量异常与制造阶段高风险实体 HMAN-00715 一致。,0.5874,hydraulic
EVO_TEXT_HFB-01326,HFB-01326,fault_evolution_text,早期异常较弱，运行载荷放大后出现指标漂移，并逐步演化为轻微故障。,0.5874,hydraulic
RCA_TEXT_HFB-01327,HFB-01327,rca_text,节流阀出现轻微流量异常，生命周期风险集中在运维阶段，建议优先追溯 HOPR-01327。,0.6955,hydraulic
EVO_TEXT_HFB-01327,HFB-01327,fault_evolution_text,运维阶段风险与运行工况耦合后引起状态劣化，检测指标随严重度同步升高。,0.6955,hydraulic
RCA_TEXT_HFB-01328,HFB-01328,rca_text,该案例表现为轻微振动异常，根因更可能由检测阶段隐患累积触发。,0.6185,hydraulic
EVO_TEXT_HFB-01328,HFB-01328,fault_evolution_text,隐患先导致局部性能退化，随后传感器能量向关联通道集中，最终形成振动异常。,0.6185,hydraulic
RCA_TEXT_HFB-01329,HFB-01329,rca_text,节流阀出现中度阀芯卡滞，生命周期风险集中在运维阶段，建议优先追溯 HOPR-01329。,0.647,hydraulic
EVO_TEXT_HFB-01329,HFB-01329,fault_evolution_text,运维阶段风险与运行工况耦合后引起状态劣化，检测指标随严重度同步升高。,0.647,hydraulic
RCA_TEXT_HFB-01330,HFB-01330,rca_text,该案例表现为轻微阀芯卡滞，根因更可能由运维阶段隐患累积触发。,0.6363,hydraulic
EVO_TEXT_HFB-01330,HFB-01330,fault_evolution_text,早期异常较弱，运行载荷放大后出现指标漂移，并逐步演化为轻微故障。,0.6363,hydraulic
RCA_TEXT_HFB-01331,HFB-01331,rca_text,该案例表现为中度泄漏异常，根因更可能由设计阶段隐患累积触发。,0.6159,hydraulic
EVO_TEXT_HFB-01331,HFB-01331,fault_evolution_text,设计阶段风险与运行工况耦合后引起状态劣化，检测指标随严重度同步升高。,0.6159,hydraulic
RCA_TEXT_HFB-01332,HFB-01332,rca_text,结合传感器能量和检测记录，过滤器的温度异常与运维阶段高风险实体 HOPR-01332 一致。,0.6136,hydraulic
EVO_TEXT_HFB-01332,HFB-01332,fault_evolution_text,早期异常较弱，运行载荷放大后出现指标漂移，并逐步演化为轻微故障。,0.6136,hydraulic
RCA_TEXT_HFB-01333,HFB-01333,rca_text,管路总成出现中度压力异常，生命周期风险集中在运维阶段，建议优先追溯 HOPR-01333。,0.6467,hydraulic
EVO_TEXT_HFB-01333,HFB-01333,fault_evolution_text,运维阶段风险与运行工况耦合后引起状态劣化，检测指标随严重度同步升高。,0.6467,hydraulic
RCA_TEXT_HFB-01334,HFB-01334,rca_text,该案例表现为轻微阀芯卡滞，根因更可能由材料阶段隐患累积触发。,0.5227,hydraulic
EVO_TEXT_HFB-01334,HFB-01334,fault_evolution_text,隐患先导致局部性能退化，随后传感器能量向关联通道集中，最终形成阀芯卡滞。,0.5227,hydraulic
RCA_TEXT_HFB-01335,HFB-01335,rca_text,结合传感器能量和检测记录，冷却器的流量异常与运维阶段高风险实体 HOPR-01335 一致。,0.614,hydraulic
EVO_TEXT_HFB-01335,HFB-01335,fault_evolution_text,隐患先导致局部性能退化，随后传感器能量向关联通道集中，最终形成流量异常。,0.614,hydraulic
RCA_TEXT_HFB-01336,HFB-01336,rca_text,结合传感器能量和检测记录，管路总成的泄漏异常与制造阶段高风险实体 HMAN-01074 一致。,0.6798,hydraulic
EVO_TEXT_HFB-01336,HFB-01336,fault_evolution_text,隐患先导致局部性能退化，随后传感器能量向关联通道集中，最终形成泄漏异常。,0.6798,hydraulic
RCA_TEXT_HFB-01337,HFB-01337,rca_text,该案例表现为轻微泄漏异常，根因更可能由运维阶段隐患累积触发。,0.6112,hydraulic
EVO_TEXT_HFB-01337,HFB-01337,fault_evolution_text,运维阶段风险与运行工况耦合后引起状态劣化，检测指标随严重度同步升高。,0.6112,hydraulic
RCA_TEXT_HFB-01338,HFB-01338,rca_text,节流阀出现轻微阀芯卡滞，生命周期风险集中在材料阶段，建议优先追溯 HMAT-00173。,0.6245,hydraulic
EVO_TEXT_HFB-01338,HFB-01338,fault_evolution_text,隐患先导致局部性能退化，随后传感器能量向关联通道集中，最终形成阀芯卡滞。,0.6245,hydraulic
RCA_TEXT_HFB-01339,HFB-01339,rca_text,该案例表现为轻微温度异常，根因更可能由运维阶段隐患累积触发。,0.5846,hydraulic
EVO_TEXT_HFB-01339,HFB-01339,fault_evolution_text,早期异常较弱，运行载荷放大后出现指标漂移，并逐步演化为轻微故障。,0.5846,hydraulic
RCA_TEXT_HFB-01340,HFB-01340,rca_text,该案例表现为轻微压力异常，根因更可能由装配阶段隐患累积触发。,0.542,hydraulic
EVO_TEXT_HFB-01340,HFB-01340,fault_evolution_text,隐患先导致局部性能退化，随后传感器能量向关联通道集中，最终形成压力异常。,0.542,hydraulic
RCA_TEXT_HFB-01341,HFB-01341,rca_text,该案例表现为轻微流量异常，根因更可能由运维阶段隐患累积触发。,0.5411,hydraulic
EVO_TEXT_HFB-01341,HFB-01341,fault_evolution_text,早期异常较弱，运行载荷放大后出现指标漂移，并逐步演化为轻微故障。,0.5411,hydraulic
RCA_TEXT_HFB-01342,HFB-01342,rca_text,该案例表现为轻微流量异常，根因更可能由设计阶段隐患累积触发。,0.6391,hydraulic
EVO_TEXT_HFB-01342,HFB-01342,fault_evolution_text,设计阶段风险与运行工况耦合后引起状态劣化，检测指标随严重度同步升高。,0.6391,hydraulic
RCA_TEXT_HFB-01343,HFB-01343,rca_text,该案例表现为轻微温度异常，根因更可能由装配阶段隐患累积触发。,0.518,hydraulic
EVO_TEXT_HFB-01343,HFB-01343,fault_evolution_text,早期异常较弱，运行载荷放大后出现指标漂移，并逐步演化为轻微故障。,0.518,hydraulic
RCA_TEXT_HFB-01344,HFB-01344,rca_text,该案例表现为中度振动异常，根因更可能由运维阶段隐患累积触发。,0.6316,hydraulic
EVO_TEXT_HFB-01344,HFB-01344,fault_evolution_text,运维阶段风险与运行工况耦合后引起状态劣化，检测指标随严重度同步升高。,0.6316,hydraulic
RCA_TEXT_HFB-01345,HFB-01345,rca_text,液压油箱出现轻微流量异常，生命周期风险集中在运维阶段，建议优先追溯 HOPR-01345。,0.5149,hydraulic
EVO_TEXT_HFB-01345,HFB-01345,fault_evolution_text,运维阶段风险与运行工况耦合后引起状态劣化，检测指标随严重度同步升高。,0.5149,hydraulic
RCA_TEXT_HFB-01346,HFB-01346,rca_text,该案例表现为轻微振动异常，根因更可能由运维阶段隐患累积触发。,0.6156,hydraulic
EVO_TEXT_HFB-01346,HFB-01346,fault_evolution_text,隐患先导致局部性能退化，随后传感器能量向关联通道集中，最终形成振动异常。,0.6156,hydraulic
RCA_TEXT_HFB-01347,HFB-01347,rca_text,该案例表现为轻微温度异常，根因更可能由运维阶段隐患累积触发。,0.6119,hydraulic
EVO_TEXT_HFB-01347,HFB-01347,fault_evolution_text,早期异常较弱，运行载荷放大后出现指标漂移，并逐步演化为轻微故障。,0.6119,hydraulic
RCA_TEXT_HFB-01348,HFB-01348,rca_text,蓄能器出现轻微温度异常，生命周期风险集中在设计阶段，建议优先追溯 HDES-00311。,0.5673,hydraulic
EVO_TEXT_HFB-01348,HFB-01348,fault_evolution_text,早期异常较弱，运行载荷放大后出现指标漂移，并逐步演化为轻微故障。,0.5673,hydraulic
RCA_TEXT_HFB-01349,HFB-01349,rca_text,结合传感器能量和检测记录，作动筒的温度异常与材料阶段高风险实体 HMAT-00196 一致。,0.5898,hydraulic
EVO_TEXT_HFB-01349,HFB-01349,fault_evolution_text,材料阶段风险与运行工况耦合后引起状态劣化，检测指标随严重度同步升高。,0.5898,hydraulic
RCA_TEXT_HFB-01350,HFB-01350,rca_text,液压泵总成出现中度温度异常，生命周期风险集中在运维阶段，建议优先追溯 HOPR-01350。,0.6708,hydraulic
EVO_TEXT_HFB-01350,HFB-01350,fault_evolution_text,隐患先导致局部性能退化，随后传感器能量向关联通道集中，最终形成温度异常。,0.6708,hydraulic
RCA_TEXT_HFB-01351,HFB-01351,rca_text,方向控制阀出现轻微阀芯卡滞，生命周期风险集中在制造阶段，建议优先追溯 HMAN-00538。,0.6364,hydraulic
EVO_TEXT_HFB-01351,HFB-01351,fault_evolution_text,早期异常较弱，运行载荷放大后出现指标漂移，并逐步演化为轻微故障。,0.6364,hydraulic
RCA_TEXT_HFB-01352,HFB-01352,rca_text,结合传感器能量和检测记录，节流阀的流量异常与运维阶段高风险实体 HOPR-01352 一致。,0.6643,hydraulic
EVO_TEXT_HFB-01352,HFB-01352,fault_evolution_text,隐患先导致局部性能退化，随后传感器能量向关联通道集中，最终形成流量异常。,0.6643,hydraulic
RCA_TEXT_HFB-01353,HFB-01353,rca_text,该案例表现为中度泄漏异常，根因更可能由运维阶段隐患累积触发。,0.6234,hydraulic
EVO_TEXT_HFB-01353,HFB-01353,fault_evolution_text,隐患先导致局部性能退化，随后传感器能量向关联通道集中，最终形成泄漏异常。,0.6234,hydraulic
RCA_TEXT_HFB-01354,HFB-01354,rca_text,结合传感器能量和检测记录，单向阀的压力异常与设计阶段高风险实体 HDES-00106 一致。,0.5733,hydraulic
EVO_TEXT_HFB-01354,HFB-01354,fault_evolution_text,设计阶段风险与运行工况耦合后引起状态劣化，检测指标随严重度同步升高。,0.5733,hydraulic
RCA_TEXT_HFB-01355,HFB-01355,rca_text,节流阀出现中度流量异常，生命周期风险集中在运维阶段，建议优先追溯 HOPR-01355。,0.6573,hydraulic
EVO_TEXT_HFB-01355,HFB-01355,fault_evolution_text,早期异常较弱，运行载荷放大后出现指标漂移，并逐步演化为中度故障。,0.6573,hydraulic
RCA_TEXT_HFB-01356,HFB-01356,rca_text,节流阀出现轻微阀芯卡滞，生命周期风险集中在运维阶段，建议优先追溯 HOPR-01356。,0.5847,hydraulic
EVO_TEXT_HFB-01356,HFB-01356,fault_evolution_text,早期异常较弱，运行载荷放大后出现指标漂移，并逐步演化为轻微故障。,0.5847,hydraulic
RCA_TEXT_HFB-01357,HFB-01357,rca_text,管路总成出现中度压力异常，生命周期风险集中在检测阶段，建议优先追溯 HINSP-01357。,0.6739,hydraulic
EVO_TEXT_HFB-01357,HFB-01357,fault_evolution_text,隐患先导致局部性能退化，随后传感器能量向关联通道集中，最终形成压力异常。,0.6739,hydraulic
RCA_TEXT_HFB-01358,HFB-01358,rca_text,该案例表现为轻微振动异常，根因更可能由检测阶段隐患累积触发。,0.5689,hydraulic
EVO_TEXT_HFB-01358,HFB-01358,fault_evolution_text,检测阶段风险与运行工况耦合后引起状态劣化，检测指标随严重度同步升高。,0.5689,hydraulic
RCA_TEXT_HFB-01359,HFB-01359,rca_text,结合传感器能量和检测记录，过滤器的流量异常与运维阶段高风险实体 HOPR-01359 一致。,0.6381,hydraulic
EVO_TEXT_HFB-01359,HFB-01359,fault_evolution_text,隐患先导致局部性能退化，随后传感器能量向关联通道集中，最终形成流量异常。,0.6381,hydraulic
RCA_TEXT_HFB-01360,HFB-01360,rca_text,该案例表现为中度泄漏异常，根因更可能由设计阶段隐患累积触发。,0.6002,hydraulic
EVO_TEXT_HFB-01360,HFB-01360,fault_evolution_text,设计阶段风险与运行工况耦合后引起状态劣化，检测指标随严重度同步升高。,0.6002,hydraulic
RCA_TEXT_HFB-01361,HFB-01361,rca_text,该案例表现为轻微阀芯卡滞，根因更可能由运维阶段隐患累积触发。,0.6262,hydraulic
EVO_TEXT_HFB-01361,HFB-01361,fault_evolution_text,运维阶段风险与运行工况耦合后引起状态劣化，检测指标随严重度同步升高。,0.6262,hydraulic
RCA_TEXT_HFB-01362,HFB-01362,rca_text,结合传感器能量和检测记录，节流阀的流量异常与装配阶段高风险实体 HASM-01362 一致。,0.6641,hydraulic
EVO_TEXT_HFB-01362,HFB-01362,fault_evolution_text,隐患先导致局部性能退化，随后传感器能量向关联通道集中，最终形成流量异常。,0.6641,hydraulic
RCA_TEXT_HFB-01363,HFB-01363,rca_text,溢流阀出现轻微流量异常，生命周期风险集中在运维阶段，建议优先追溯 HOPR-01363。,0.6047,hydraulic
EVO_TEXT_HFB-01363,HFB-01363,fault_evolution_text,运维阶段风险与运行工况耦合后引起状态劣化，检测指标随严重度同步升高。,0.6047,hydraulic
RCA_TEXT_HFB-01364,HFB-01364,rca_text,管路总成出现中度压力异常，生命周期风险集中在设计阶段，建议优先追溯 HPIP-00247。,0.6627,hydraulic
EVO_TEXT_HFB-01364,HFB-01364,fault_evolution_text,隐患先导致局部性能退化，随后传感器能量向关联通道集中，最终形成压力异常。,0.6627,hydraulic
RCA_TEXT_HFB-01365,HFB-01365,rca_text,结合传感器能量和检测记录，管路总成的压力异常与装配阶段高风险实体 HASM-01365 一致。,0.6033,hydraulic
EVO_TEXT_HFB-01365,HFB-01365,fault_evolution_text,装配阶段风险与运行工况耦合后引起状态劣化，检测指标随严重度同步升高。,0.6033,hydraulic
RCA_TEXT_HFB-01366,HFB-01366,rca_text,节流阀出现轻微流量异常，生命周期风险集中在制造阶段，建议优先追溯 HMAN-00239。,0.6409,hydraulic
EVO_TEXT_HFB-01366,HFB-01366,fault_evolution_text,隐患先导致局部性能退化，随后传感器能量向关联通道集中，最终形成流量异常。,0.6409,hydraulic
RCA_TEXT_HFB-01367,HFB-01367,rca_text,作动筒出现中度振动异常，生命周期风险集中在运维阶段，建议优先追溯 HOPR-01367。,0.5869,hydraulic
EVO_TEXT_HFB-01367,HFB-01367,fault_evolution_text,运维阶段风险与运行工况耦合后引起状态劣化，检测指标随严重度同步升高。,0.5869,hydraulic
RCA_TEXT_HFB-01368,HFB-01368,rca_text,结合传感器能量和检测记录，管路总成的压力异常与材料阶段高风险实体 HMAT-00022 一致。,0.5533,hydraulic
EVO_TEXT_HFB-01368,HFB-01368,fault_evolution_text,隐患先导致局部性能退化，随后传感器能量向关联通道集中，最终形成压力异常。,0.5533,hydraulic
RCA_TEXT_HFB-01369,HFB-01369,rca_text,该案例表现为轻微泄漏异常，根因更可能由设计阶段隐患累积触发。,0.6067,hydraulic
EVO_TEXT_HFB-01369,HFB-01369,fault_evolution_text,早期异常较弱，运行载荷放大后出现指标漂移，并逐步演化为轻微故障。,0.6067,hydraulic
RCA_TEXT_HFB-01370,HFB-01370,rca_text,方向控制阀出现轻微阀芯卡滞，生命周期风险集中在制造阶段，建议优先追溯 HMAN-01186。,0.5292,hydraulic
EVO_TEXT_HFB-01370,HFB-01370,fault_evolution_text,隐患先导致局部性能退化，随后传感器能量向关联通道集中，最终形成阀芯卡滞。,0.5292,hydraulic
RCA_TEXT_HFB-01371,HFB-01371,rca_text,结合传感器能量和检测记录，溢流阀的泄漏异常与运维阶段高风险实体 HOPR-01371 一致。,0.6869,hydraulic
EVO_TEXT_HFB-01371,HFB-01371,fault_evolution_text,运维阶段风险与运行工况耦合后引起状态劣化，检测指标随严重度同步升高。,0.6869,hydraulic
RCA_TEXT_HFB-01372,HFB-01372,rca_text,液压油箱出现中度温度异常，生命周期风险集中在制造阶段，建议优先追溯 HMAN-00276。,0.6454,hydraulic
EVO_TEXT_HFB-01372,HFB-01372,fault_evolution_text,制造阶段风险与运行工况耦合后引起状态劣化，检测指标随严重度同步升高。,0.6454,hydraulic
RCA_TEXT_HFB-01373,HFB-01373,rca_text,冷却器出现轻微温度异常，生命周期风险集中在制造阶段，建议优先追溯 HMAN-00056。,0.6282,hydraulic
EVO_TEXT_HFB-01373,HFB-01373,fault_evolution_text,隐患先导致局部性能退化，随后传感器能量向关联通道集中，最终形成温度异常。,0.6282,hydraulic
RCA_TEXT_HFB-01374,HFB-01374,rca_text,该案例表现为中度振动异常，根因更可能由检测阶段隐患累积触发。,0.5879,hydraulic
EVO_TEXT_HFB-01374,HFB-01374,fault_evolution_text,隐患先导致局部性能退化，随后传感器能量向关联通道集中，最终形成振动异常。,0.5879,hydraulic
RCA_TEXT_HFB-01375,HFB-01375,rca_text,该案例表现为轻微流量异常，根因更可能由制造阶段隐患累积触发。,0.5503,hydraulic
EVO_TEXT_HFB-01375,HFB-01375,fault_evolution_text,早期异常较弱，运行载荷放大后出现指标漂移，并逐步演化为轻微故障。,0.5503,hydraulic
RCA_TEXT_HFB-01376,HFB-01376,rca_text,管路总成出现轻微压力异常，生命周期风险集中在运维阶段，建议优先追溯 HOPR-01376。,0.5267,hydraulic
EVO_TEXT_HFB-01376,HFB-01376,fault_evolution_text,早期异常较弱，运行载荷放大后出现指标漂移，并逐步演化为轻微故障。,0.5267,hydraulic
RCA_TEXT_HFB-01377,HFB-01377,rca_text,该案例表现为轻微振动异常，根因更可能由检测阶段隐患累积触发。,0.5422,hydraulic
EVO_TEXT_HFB-01377,HFB-01377,fault_evolution_text,早期异常较弱，运行载荷放大后出现指标漂移，并逐步演化为轻微故障。,0.5422,hydraulic
RCA_TEXT_HFB-01378,HFB-01378,rca_text,过滤器出现轻微流量异常，生命周期风险集中在材料阶段，建议优先追溯 HMAT-00569。,0.6422,hydraulic
EVO_TEXT_HFB-01378,HFB-01378,fault_evolution_text,材料阶段风险与运行工况耦合后引起状态劣化，检测指标随严重度同步升高。,0.6422,hydraulic
RCA_TEXT_HFB-01379,HFB-01379,rca_text,结合传感器能量和检测记录，过滤器的流量异常与制造阶段高风险实体 HMAN-00180 一致。,0.6305,hydraulic
EVO_TEXT_HFB-01379,HFB-01379,fault_evolution_text,早期异常较弱，运行载荷放大后出现指标漂移，并逐步演化为中度故障。,0.6305,hydraulic
RCA_TEXT_HFB-01380,HFB-01380,rca_text,结合传感器能量和检测记录，液压油箱的温度异常与运维阶段高风险实体 HOPR-01380 一致。,0.6352,hydraulic
EVO_TEXT_HFB-01380,HFB-01380,fault_evolution_text,隐患先导致局部性能退化，随后传感器能量向关联通道集中，最终形成温度异常。,0.6352,hydraulic
RCA_TEXT_HFB-01381,HFB-01381,rca_text,结合传感器能量和检测记录，卸荷阀的压力异常与运维阶段高风险实体 HOPR-01381 一致。,0.5323,hydraulic
EVO_TEXT_HFB-01381,HFB-01381,fault_evolution_text,隐患先导致局部性能退化，随后传感器能量向关联通道集中，最终形成压力异常。,0.5323,hydraulic
RCA_TEXT_HFB-01382,HFB-01382,rca_text,结合传感器能量和检测记录，卸荷阀的振动异常与检测阶段高风险实体 HINSP-01382 一致。,0.5764,hydraulic
EVO_TEXT_HFB-01382,HFB-01382,fault_evolution_text,早期异常较弱，运行载荷放大后出现指标漂移，并逐步演化为轻微故障。,0.5764,hydraulic
RCA_TEXT_HFB-01383,HFB-01383,rca_text,该案例表现为轻微温度异常，根因更可能由装配阶段隐患累积触发。,0.5892,hydraulic
EVO_TEXT_HFB-01383,HFB-01383,fault_evolution_text,早期异常较弱，运行载荷放大后出现指标漂移，并逐步演化为轻微故障。,0.5892,hydraulic
RCA_TEXT_HFB-01384,HFB-01384,rca_text,结合传感器能量和检测记录，过滤器的压力异常与制造阶段高风险实体 HMAN-01110 一致。,0.56,hydraulic
EVO_TEXT_HFB-01384,HFB-01384,fault_evolution_text,隐患先导致局部性能退化，随后传感器能量向关联通道集中，最终形成压力异常。,0.56,hydraulic
RCA_TEXT_HFB-01385,HFB-01385,rca_text,结合传感器能量和检测记录，方向控制阀的温度异常与检测阶段高风险实体 HINSP-01385 一致。,0.5647,hydraulic
EVO_TEXT_HFB-01385,HFB-01385,fault_evolution_text,隐患先导致局部性能退化，随后传感器能量向关联通道集中，最终形成温度异常。,0.5647,hydraulic
RCA_TEXT_HFB-01386,HFB-01386,rca_text,结合传感器能量和检测记录，节流阀的压力异常与检测阶段高风险实体 HINSP-01386 一致。,0.5415,hydraulic
EVO_TEXT_HFB-01386,HFB-01386,fault_evolution_text,检测阶段风险与运行工况耦合后引起状态劣化，检测指标随严重度同步升高。,0.5415,hydraulic
RCA_TEXT_HFB-01387,HFB-01387,rca_text,结合传感器能量和检测记录，管路总成的泄漏异常与材料阶段高风险实体 HMAT-00056 一致。,0.5829,hydraulic
EVO_TEXT_HFB-01387,HFB-01387,fault_evolution_text,材料阶段风险与运行工况耦合后引起状态劣化，检测指标随严重度同步升高。,0.5829,hydraulic
RCA_TEXT_HFB-01388,HFB-01388,rca_text,该案例表现为中度流量异常，根因更可能由制造阶段隐患累积触发。,0.6298,hydraulic
EVO_TEXT_HFB-01388,HFB-01388,fault_evolution_text,隐患先导致局部性能退化，随后传感器能量向关联通道集中，最终形成流量异常。,0.6298,hydraulic
RCA_TEXT_HFB-01389,HFB-01389,rca_text,作动筒出现轻微流量异常，生命周期风险集中在运维阶段，建议优先追溯 HOPR-01389。,0.6025,hydraulic
EVO_TEXT_HFB-01389,HFB-01389,fault_evolution_text,运维阶段风险与运行工况耦合后引起状态劣化，检测指标随严重度同步升高。,0.6025,hydraulic
RCA_TEXT_HFB-01390,HFB-01390,rca_text,结合传感器能量和检测记录，作动筒的泄漏异常与制造阶段高风险实体 HMAN-00545 一致。,0.6255,hydraulic
EVO_TEXT_HFB-01390,HFB-01390,fault_evolution_text,早期异常较弱，运行载荷放大后出现指标漂移，并逐步演化为中度故障。,0.6255,hydraulic
RCA_TEXT_HFB-01391,HFB-01391,rca_text,该案例表现为中度压力异常，根因更可能由制造阶段隐患累积触发。,0.6304,hydraulic
EVO_TEXT_HFB-01391,HFB-01391,fault_evolution_text,制造阶段风险与运行工况耦合后引起状态劣化，检测指标随严重度同步升高。,0.6304,hydraulic
RCA_TEXT_HFB-01392,HFB-01392,rca_text,节流阀出现轻微压力异常，生命周期风险集中在运维阶段，建议优先追溯 HOPR-01392。,0.6069,hydraulic
EVO_TEXT_HFB-01392,HFB-01392,fault_evolution_text,运维阶段风险与运行工况耦合后引起状态劣化，检测指标随严重度同步升高。,0.6069,hydraulic
RCA_TEXT_HFB-01393,HFB-01393,rca_text,作动筒出现中度振动异常，生命周期风险集中在运维阶段，建议优先追溯 HOPR-01393。,0.6625,hydraulic
EVO_TEXT_HFB-01393,HFB-01393,fault_evolution_text,运维阶段风险与运行工况耦合后引起状态劣化，检测指标随严重度同步升高。,0.6625,hydraulic
RCA_TEXT_HFB-01394,HFB-01394,rca_text,该案例表现为轻微阀芯卡滞，根因更可能由运维阶段隐患累积触发。,0.5,hydraulic
EVO_TEXT_HFB-01394,HFB-01394,fault_evolution_text,早期异常较弱，运行载荷放大后出现指标漂移，并逐步演化为轻微故障。,0.5,hydraulic
RCA_TEXT_HFB-01395,HFB-01395,rca_text,结合传感器能量和检测记录，管路总成的泄漏异常与材料阶段高风险实体 HMAT-00146 一致。,0.6246,hydraulic
EVO_TEXT_HFB-01395,HFB-01395,fault_evolution_text,隐患先导致局部性能退化，随后传感器能量向关联通道集中，最终形成泄漏异常。,0.6246,hydraulic
RCA_TEXT_HFB-01396,HFB-01396,rca_text,方向控制阀出现中度阀芯卡滞，生命周期风险集中在运维阶段，建议优先追溯 HOPR-01396。,0.6501,hydraulic
EVO_TEXT_HFB-01396,HFB-01396,fault_evolution_text,早期异常较弱，运行载荷放大后出现指标漂移，并逐步演化为中度故障。,0.6501,hydraulic
RCA_TEXT_HFB-01397,HFB-01397,rca_text,结合传感器能量和检测记录，液压油箱的振动异常与制造阶段高风险实体 HMAN-01017 一致。,0.5689,hydraulic
EVO_TEXT_HFB-01397,HFB-01397,fault_evolution_text,制造阶段风险与运行工况耦合后引起状态劣化，检测指标随严重度同步升高。,0.5689,hydraulic
RCA_TEXT_HFB-01398,HFB-01398,rca_text,该案例表现为轻微流量异常，根因更可能由装配阶段隐患累积触发。,0.5725,hydraulic
EVO_TEXT_HFB-01398,HFB-01398,fault_evolution_text,隐患先导致局部性能退化，随后传感器能量向关联通道集中，最终形成流量异常。,0.5725,hydraulic
RCA_TEXT_HFB-01399,HFB-01399,rca_text,该案例表现为轻微流量异常，根因更可能由材料阶段隐患累积触发。,0.6384,hydraulic
EVO_TEXT_HFB-01399,HFB-01399,fault_evolution_text,材料阶段风险与运行工况耦合后引起状态劣化，检测指标随严重度同步升高。,0.6384,hydraulic
RCA_TEXT_HFB-01400,HFB-01400,rca_text,该案例表现为轻微温度异常，根因更可能由材料阶段隐患累积触发。,0.6461,hydraulic
EVO_TEXT_HFB-01400,HFB-01400,fault_evolution_text,材料阶段风险与运行工况耦合后引起状态劣化，检测指标随严重度同步升高。,0.6461,hydraulic
RCA_TEXT_HFB-01401,HFB-01401,rca_text,结合传感器能量和检测记录，管路总成的振动异常与装配阶段高风险实体 HASM-01401 一致。,0.637,hydraulic
EVO_TEXT_HFB-01401,HFB-01401,fault_evolution_text,装配阶段风险与运行工况耦合后引起状态劣化，检测指标随严重度同步升高。,0.637,hydraulic
RCA_TEXT_HFB-01402,HFB-01402,rca_text,蓄能器出现轻微流量异常，生命周期风险集中在装配阶段，建议优先追溯 HASM-01402。,0.6208,hydraulic
EVO_TEXT_HFB-01402,HFB-01402,fault_evolution_text,早期异常较弱，运行载荷放大后出现指标漂移，并逐步演化为轻微故障。,0.6208,hydraulic
RCA_TEXT_HFB-01403,HFB-01403,rca_text,溢流阀出现轻微流量异常，生命周期风险集中在运维阶段，建议优先追溯 HOPR-01403。,0.6476,hydraulic
EVO_TEXT_HFB-01403,HFB-01403,fault_evolution_text,隐患先导致局部性能退化，随后传感器能量向关联通道集中，最终形成流量异常。,0.6476,hydraulic
RCA_TEXT_HFB-01404,HFB-01404,rca_text,该案例表现为中度压力异常，根因更可能由材料阶段隐患累积触发。,0.632,hydraulic
EVO_TEXT_HFB-01404,HFB-01404,fault_evolution_text,早期异常较弱，运行载荷放大后出现指标漂移，并逐步演化为中度故障。,0.632,hydraulic
RCA_TEXT_HFB-01405,HFB-01405,rca_text,该案例表现为轻微温度异常，根因更可能由装配阶段隐患累积触发。,0.5407,hydraulic
EVO_TEXT_HFB-01405,HFB-01405,fault_evolution_text,装配阶段风险与运行工况耦合后引起状态劣化，检测指标随严重度同步升高。,0.5407,hydraulic
RCA_TEXT_HFB-01406,HFB-01406,rca_text,管路总成出现中度压力异常，生命周期风险集中在装配阶段，建议优先追溯 HASM-01406。,0.6398,hydraulic
EVO_TEXT_HFB-01406,HFB-01406,fault_evolution_text,装配阶段风险与运行工况耦合后引起状态劣化，检测指标随严重度同步升高。,0.6398,hydraulic
RCA_TEXT_HFB-01407,HFB-01407,rca_text,该案例表现为中度泄漏异常，根因更可能由运维阶段隐患累积触发。,0.6365,hydraulic
EVO_TEXT_HFB-01407,HFB-01407,fault_evolution_text,隐患先导致局部性能退化，随后传感器能量向关联通道集中，最终形成泄漏异常。,0.6365,hydraulic
RCA_TEXT_HFB-01408,HFB-01408,rca_text,结合传感器能量和检测记录，蓄能器的泄漏异常与制造阶段高风险实体 HMAN-00192 一致。,0.6115,hydraulic
EVO_TEXT_HFB-01408,HFB-01408,fault_evolution_text,隐患先导致局部性能退化，随后传感器能量向关联通道集中，最终形成泄漏异常。,0.6115,hydraulic
RCA_TEXT_HFB-01409,HFB-01409,rca_text,过滤器出现轻微振动异常，生命周期风险集中在制造阶段，建议优先追溯 HMAN-00279。,0.5783,hydraulic
EVO_TEXT_HFB-01409,HFB-01409,fault_evolution_text,早期异常较弱，运行载荷放大后出现指标漂移，并逐步演化为轻微故障。,0.5783,hydraulic
RCA_TEXT_HFB-01410,HFB-01410,rca_text,方向控制阀出现轻微流量异常，生命周期风险集中在制造阶段，建议优先追溯 HMAN-00369。,0.6184,hydraulic
EVO_TEXT_HFB-01410,HFB-01410,fault_evolution_text,早期异常较弱，运行载荷放大后出现指标漂移，并逐步演化为轻微故障。,0.6184,hydraulic
RCA_TEXT_HFB-01411,HFB-01411,rca_text,结合传感器能量和检测记录，卸荷阀的阀芯卡滞与装配阶段高风险实体 HASM-01411 一致。,0.5401,hydraulic
EVO_TEXT_HFB-01411,HFB-01411,fault_evolution_text,装配阶段风险与运行工况耦合后引起状态劣化，检测指标随严重度同步升高。,0.5401,hydraulic
RCA_TEXT_HFB-01412,HFB-01412,rca_text,结合传感器能量和检测记录，液压油箱的温度异常与材料阶段高风险实体 HMAT-00198 一致。,0.5331,hydraulic
EVO_TEXT_HFB-01412,HFB-01412,fault_evolution_text,隐患先导致局部性能退化，随后传感器能量向关联通道集中，最终形成温度异常。,0.5331,hydraulic
RCA_TEXT_HFB-01413,HFB-01413,rca_text,结合传感器能量和检测记录，节流阀的振动异常与检测阶段高风险实体 HINSP-01413 一致。,0.559,hydraulic
EVO_TEXT_HFB-01413,HFB-01413,fault_evolution_text,隐患先导致局部性能退化，随后传感器能量向关联通道集中，最终形成振动异常。,0.559,hydraulic
RCA_TEXT_HFB-01414,HFB-01414,rca_text,该案例表现为轻微压力异常，根因更可能由设计阶段隐患累积触发。,0.6404,hydraulic
EVO_TEXT_HFB-01414,HFB-01414,fault_evolution_text,隐患先导致局部性能退化，随后传感器能量向关联通道集中，最终形成压力异常。,0.6404,hydraulic
RCA_TEXT_HFB-01415,HFB-01415,rca_text,该案例表现为中度阀芯卡滞，根因更可能由设计阶段隐患累积触发。,0.6779,hydraulic
EVO_TEXT_HFB-01415,HFB-01415,fault_evolution_text,设计阶段风险与运行工况耦合后引起状态劣化，检测指标随严重度同步升高。,0.6779,hydraulic
RCA_TEXT_HFB-01416,HFB-01416,rca_text,卸荷阀出现轻微温度异常，生命周期风险集中在检测阶段，建议优先追溯 HINSP-01416。,0.6754,hydraulic
EVO_TEXT_HFB-01416,HFB-01416,fault_evolution_text,检测阶段风险与运行工况耦合后引起状态劣化，检测指标随严重度同步升高。,0.6754,hydraulic
RCA_TEXT_HFB-01417,HFB-01417,rca_text,过滤器出现轻微流量异常，生命周期风险集中在制造阶段，建议优先追溯 HMAN-00711。,0.5609,hydraulic
EVO_TEXT_HFB-01417,HFB-01417,fault_evolution_text,隐患先导致局部性能退化，随后传感器能量向关联通道集中，最终形成流量异常。,0.5609,hydraulic
RCA_TEXT_HFB-01418,HFB-01418,rca_text,该案例表现为轻微流量异常，根因更可能由运维阶段隐患累积触发。,0.5408,hydraulic
EVO_TEXT_HFB-01418,HFB-01418,fault_evolution_text,早期异常较弱，运行载荷放大后出现指标漂移，并逐步演化为轻微故障。,0.5408,hydraulic
RCA_TEXT_HFB-01419,HFB-01419,rca_text,冷却器出现中度温度异常，生命周期风险集中在材料阶段，建议优先追溯 HMAT-00565。,0.621,hydraulic
EVO_TEXT_HFB-01419,HFB-01419,fault_evolution_text,隐患先导致局部性能退化，随后传感器能量向关联通道集中，最终形成温度异常。,0.621,hydraulic
RCA_TEXT_HFB-01420,HFB-01420,rca_text,冷却器出现中度温度异常，生命周期风险集中在装配阶段，建议优先追溯 HASM-01420。,0.6408,hydraulic
EVO_TEXT_HFB-01420,HFB-01420,fault_evolution_text,装配阶段风险与运行工况耦合后引起状态劣化，检测指标随严重度同步升高。,0.6408,hydraulic
RCA_TEXT_HFB-01421,HFB-01421,rca_text,结合传感器能量和检测记录，管路总成的振动异常与运维阶段高风险实体 HOPR-01421 一致。,0.5748,hydraulic
EVO_TEXT_HFB-01421,HFB-01421,fault_evolution_text,早期异常较弱，运行载荷放大后出现指标漂移，并逐步演化为中度故障。,0.5748,hydraulic
RCA_TEXT_HFB-01422,HFB-01422,rca_text,蓄能器出现轻微温度异常，生命周期风险集中在材料阶段，建议优先追溯 HMAT-00135。,0.5715,hydraulic
EVO_TEXT_HFB-01422,HFB-01422,fault_evolution_text,隐患先导致局部性能退化，随后传感器能量向关联通道集中，最终形成温度异常。,0.5715,hydraulic
RCA_TEXT_HFB-01423,HFB-01423,rca_text,结合传感器能量和检测记录，单向阀的振动异常与运维阶段高风险实体 HOPR-01423 一致。,0.6242,hydraulic
EVO_TEXT_HFB-01423,HFB-01423,fault_evolution_text,早期异常较弱，运行载荷放大后出现指标漂移，并逐步演化为轻微故障。,0.6242,hydraulic
RCA_TEXT_HFB-01424,HFB-01424,rca_text,液压油箱出现轻微温度异常，生命周期风险集中在运维阶段，建议优先追溯 HOPR-01424。,0.568,hydraulic
EVO_TEXT_HFB-01424,HFB-01424,fault_evolution_text,运维阶段风险与运行工况耦合后引起状态劣化，检测指标随严重度同步升高。,0.568,hydraulic
RCA_TEXT_HFB-01425,HFB-01425,rca_text,该案例表现为中度压力异常，根因更可能由运维阶段隐患累积触发。,0.6103,hydraulic
EVO_TEXT_HFB-01425,HFB-01425,fault_evolution_text,运维阶段风险与运行工况耦合后引起状态劣化，检测指标随严重度同步升高。,0.6103,hydraulic
RCA_TEXT_HFB-01426,HFB-01426,rca_text,结合传感器能量和检测记录，液压泵总成的振动异常与装配阶段高风险实体 HASM-01426 一致。,0.5939,hydraulic
EVO_TEXT_HFB-01426,HFB-01426,fault_evolution_text,早期异常较弱，运行载荷放大后出现指标漂移，并逐步演化为中度故障。,0.5939,hydraulic
RCA_TEXT_HFB-01427,HFB-01427,rca_text,管路总成出现中度压力异常，生命周期风险集中在设计阶段，建议优先追溯 HPIP-00259。,0.69,hydraulic
EVO_TEXT_HFB-01427,HFB-01427,fault_evolution_text,早期异常较弱，运行载荷放大后出现指标漂移，并逐步演化为中度故障。,0.69,hydraulic
RCA_TEXT_HFB-01428,HFB-01428,rca_text,管路总成出现中度泄漏异常，生命周期风险集中在制造阶段，建议优先追溯 HMAN-00070。,0.6102,hydraulic
EVO_TEXT_HFB-01428,HFB-01428,fault_evolution_text,早期异常较弱，运行载荷放大后出现指标漂移，并逐步演化为中度故障。,0.6102,hydraulic
RCA_TEXT_HFB-01429,HFB-01429,rca_text,节流阀出现轻微泄漏异常，生命周期风险集中在装配阶段，建议优先追溯 HASM-01429。,0.5652,hydraulic
EVO_TEXT_HFB-01429,HFB-01429,fault_evolution_text,早期异常较弱，运行载荷放大后出现指标漂移，并逐步演化为轻微故障。,0.5652,hydraulic
RCA_TEXT_HFB-01430,HFB-01430,rca_text,该案例表现为轻微泄漏异常，根因更可能由运维阶段隐患累积触发。,0.604,hydraulic
EVO_TEXT_HFB-01430,HFB-01430,fault_evolution_text,运维阶段风险与运行工况耦合后引起状态劣化，检测指标随严重度同步升高。,0.604,hydraulic
RCA_TEXT_HFB-01431,HFB-01431,rca_text,该案例表现为轻微泄漏异常，根因更可能由装配阶段隐患累积触发。,0.5128,hydraulic
EVO_TEXT_HFB-01431,HFB-01431,fault_evolution_text,隐患先导致局部性能退化，随后传感器能量向关联通道集中，最终形成泄漏异常。,0.5128,hydraulic
RCA_TEXT_HFB-01432,HFB-01432,rca_text,管路总成出现轻微泄漏异常，生命周期风险集中在运维阶段，建议优先追溯 HOPR-01432。,0.6152,hydraulic
EVO_TEXT_HFB-01432,HFB-01432,fault_evolution_text,运维阶段风险与运行工况耦合后引起状态劣化，检测指标随严重度同步升高。,0.6152,hydraulic
RCA_TEXT_HFB-01433,HFB-01433,rca_text,作动筒出现轻微泄漏异常，生命周期风险集中在制造阶段，建议优先追溯 HMAN-00134。,0.6002,hydraulic
EVO_TEXT_HFB-01433,HFB-01433,fault_evolution_text,早期异常较弱，运行载荷放大后出现指标漂移，并逐步演化为轻微故障。,0.6002,hydraulic
RCA_TEXT_HFB-01434,HFB-01434,rca_text,溢流阀出现轻微流量异常，生命周期风险集中在制造阶段，建议优先追溯 HMAN-00022。,0.6365,hydraulic
EVO_TEXT_HFB-01434,HFB-01434,fault_evolution_text,制造阶段风险与运行工况耦合后引起状态劣化，检测指标随严重度同步升高。,0.6365,hydraulic
RCA_TEXT_HFB-01435,HFB-01435,rca_text,结合传感器能量和检测记录，过滤器的压力异常与设计阶段高风险实体 HDES-00533 一致。,0.6051,hydraulic
EVO_TEXT_HFB-01435,HFB-01435,fault_evolution_text,隐患先导致局部性能退化，随后传感器能量向关联通道集中，最终形成压力异常。,0.6051,hydraulic
RCA_TEXT_HFB-01436,HFB-01436,rca_text,结合传感器能量和检测记录，管路总成的泄漏异常与制造阶段高风险实体 HMAN-00327 一致。,0.6973,hydraulic
EVO_TEXT_HFB-01436,HFB-01436,fault_evolution_text,隐患先导致局部性能退化，随后传感器能量向关联通道集中，最终形成泄漏异常。,0.6973,hydraulic
RCA_TEXT_HFB-01437,HFB-01437,rca_text,节流阀出现轻微流量异常，生命周期风险集中在运维阶段，建议优先追溯 HOPR-01437。,0.5965,hydraulic
EVO_TEXT_HFB-01437,HFB-01437,fault_evolution_text,隐患先导致局部性能退化，随后传感器能量向关联通道集中，最终形成流量异常。,0.5965,hydraulic
RCA_TEXT_HFB-01438,HFB-01438,rca_text,该案例表现为中度流量异常，根因更可能由运维阶段隐患累积触发。,0.588,hydraulic
EVO_TEXT_HFB-01438,HFB-01438,fault_evolution_text,隐患先导致局部性能退化，随后传感器能量向关联通道集中，最终形成流量异常。,0.588,hydraulic
RCA_TEXT_HFB-01439,HFB-01439,rca_text,结合传感器能量和检测记录，过滤器的压力异常与材料阶段高风险实体 HMAT-00041 一致。,0.6074,hydraulic
EVO_TEXT_HFB-01439,HFB-01439,fault_evolution_text,早期异常较弱，运行载荷放大后出现指标漂移，并逐步演化为轻微故障。,0.6074,hydraulic
RCA_TEXT_HFB-01440,HFB-01440,rca_text,该案例表现为轻微压力异常，根因更可能由运维阶段隐患累积触发。,0.5622,hydraulic
EVO_TEXT_HFB-01440,HFB-01440,fault_evolution_text,运维阶段风险与运行工况耦合后引起状态劣化，检测指标随严重度同步升高。,0.5622,hydraulic
RCA_TEXT_HFB-01441,HFB-01441,rca_text,结合传感器能量和检测记录，节流阀的阀芯卡滞与运维阶段高风险实体 HOPR-01441 一致。,0.6089,hydraulic
EVO_TEXT_HFB-01441,HFB-01441,fault_evolution_text,运维阶段风险与运行工况耦合后引起状态劣化，检测指标随严重度同步升高。,0.6089,hydraulic
RCA_TEXT_HFB-01442,HFB-01442,rca_text,该案例表现为轻微压力异常，根因更可能由装配阶段隐患累积触发。,0.6042,hydraulic
EVO_TEXT_HFB-01442,HFB-01442,fault_evolution_text,装配阶段风险与运行工况耦合后引起状态劣化，检测指标随严重度同步升高。,0.6042,hydraulic
RCA_TEXT_HFB-01443,HFB-01443,rca_text,该案例表现为轻微温度异常，根因更可能由运维阶段隐患累积触发。,0.5777,hydraulic
EVO_TEXT_HFB-01443,HFB-01443,fault_evolution_text,早期异常较弱，运行载荷放大后出现指标漂移，并逐步演化为轻微故障。,0.5777,hydraulic
RCA_TEXT_HFB-01444,HFB-01444,rca_text,管路总成出现中度泄漏异常，生命周期风险集中在材料阶段，建议优先追溯 HMAT-00020。,0.6576,hydraulic
EVO_TEXT_HFB-01444,HFB-01444,fault_evolution_text,早期异常较弱，运行载荷放大后出现指标漂移，并逐步演化为中度故障。,0.6576,hydraulic
RCA_TEXT_HFB-01445,HFB-01445,rca_text,该案例表现为轻微流量异常，根因更可能由运维阶段隐患累积触发。,0.6345,hydraulic
EVO_TEXT_HFB-01445,HFB-01445,fault_evolution_text,运维阶段风险与运行工况耦合后引起状态劣化，检测指标随严重度同步升高。,0.6345,hydraulic
RCA_TEXT_HFB-01446,HFB-01446,rca_text,该案例表现为轻微泄漏异常，根因更可能由装配阶段隐患累积触发。,0.5413,hydraulic
EVO_TEXT_HFB-01446,HFB-01446,fault_evolution_text,早期异常较弱，运行载荷放大后出现指标漂移，并逐步演化为轻微故障。,0.5413,hydraulic
RCA_TEXT_HFB-01447,HFB-01447,rca_text,液压泵总成出现中度压力异常，生命周期风险集中在运维阶段，建议优先追溯 HOPR-01447。,0.5865,hydraulic
EVO_TEXT_HFB-01447,HFB-01447,fault_evolution_text,运维阶段风险与运行工况耦合后引起状态劣化，检测指标随严重度同步升高。,0.5865,hydraulic
RCA_TEXT_HFB-01448,HFB-01448,rca_text,结合传感器能量和检测记录，管路总成的压力异常与设计阶段高风险实体 HPIP-00264 一致。,0.6219,hydraulic
EVO_TEXT_HFB-01448,HFB-01448,fault_evolution_text,设计阶段风险与运行工况耦合后引起状态劣化，检测指标随严重度同步升高。,0.6219,hydraulic
RCA_TEXT_HFB-01449,HFB-01449,rca_text,结合传感器能量和检测记录，作动筒的阀芯卡滞与制造阶段高风险实体 HMAN-00866 一致。,0.6169,hydraulic
EVO_TEXT_HFB-01449,HFB-01449,fault_evolution_text,早期异常较弱，运行载荷放大后出现指标漂移，并逐步演化为轻微故障。,0.6169,hydraulic
RCA_TEXT_HFB-01450,HFB-01450,rca_text,结合传感器能量和检测记录，液压泵总成的流量异常与运维阶段高风险实体 HOPR-01450 一致。,0.559,hydraulic
EVO_TEXT_HFB-01450,HFB-01450,fault_evolution_text,运维阶段风险与运行工况耦合后引起状态劣化，检测指标随严重度同步升高。,0.559,hydraulic
RCA_TEXT_HFB-01451,HFB-01451,rca_text,结合传感器能量和检测记录，蓄能器的流量异常与运维阶段高风险实体 HOPR-01451 一致。,0.5898,hydraulic
EVO_TEXT_HFB-01451,HFB-01451,fault_evolution_text,运维阶段风险与运行工况耦合后引起状态劣化，检测指标随严重度同步升高。,0.5898,hydraulic
RCA_TEXT_HFB-01452,HFB-01452,rca_text,该案例表现为轻微流量异常，根因更可能由检测阶段隐患累积触发。,0.5965,hydraulic
EVO_TEXT_HFB-01452,HFB-01452,fault_evolution_text,检测阶段风险与运行工况耦合后引起状态劣化，检测指标随严重度同步升高。,0.5965,hydraulic
RCA_TEXT_HFB-01453,HFB-01453,rca_text,该案例表现为轻微泄漏异常，根因更可能由运维阶段隐患累积触发。,0.5819,hydraulic
EVO_TEXT_HFB-01453,HFB-01453,fault_evolution_text,运维阶段风险与运行工况耦合后引起状态劣化，检测指标随严重度同步升高。,0.5819,hydraulic
RCA_TEXT_HFB-01454,HFB-01454,rca_text,液压泵总成出现轻微流量异常，生命周期风险集中在装配阶段，建议优先追溯 HASM-01454。,0.5888,hydraulic
EVO_TEXT_HFB-01454,HFB-01454,fault_evolution_text,隐患先导致局部性能退化，随后传感器能量向关联通道集中，最终形成流量异常。,0.5888,hydraulic
RCA_TEXT_HFB-01455,HFB-01455,rca_text,结合传感器能量和检测记录，方向控制阀的阀芯卡滞与运维阶段高风险实体 HOPR-01455 一致。,0.5992,hydraulic
EVO_TEXT_HFB-01455,HFB-01455,fault_evolution_text,隐患先导致局部性能退化，随后传感器能量向关联通道集中，最终形成阀芯卡滞。,0.5992,hydraulic
RCA_TEXT_HFB-01456,HFB-01456,rca_text,溢流阀出现轻微压力异常，生命周期风险集中在材料阶段，建议优先追溯 HMAT-00548。,0.5559,hydraulic
EVO_TEXT_HFB-01456,HFB-01456,fault_evolution_text,隐患先导致局部性能退化，随后传感器能量向关联通道集中，最终形成压力异常。,0.5559,hydraulic
RCA_TEXT_HFB-01457,HFB-01457,rca_text,结合传感器能量和检测记录，单向阀的泄漏异常与运维阶段高风险实体 HOPR-01457 一致。,0.6122,hydraulic
EVO_TEXT_HFB-01457,HFB-01457,fault_evolution_text,隐患先导致局部性能退化，随后传感器能量向关联通道集中，最终形成泄漏异常。,0.6122,hydraulic
RCA_TEXT_HFB-01458,HFB-01458,rca_text,该案例表现为轻微阀芯卡滞，根因更可能由运维阶段隐患累积触发。,0.6274,hydraulic
EVO_TEXT_HFB-01458,HFB-01458,fault_evolution_text,运维阶段风险与运行工况耦合后引起状态劣化，检测指标随严重度同步升高。,0.6274,hydraulic
RCA_TEXT_HFB-01459,HFB-01459,rca_text,该案例表现为轻微温度异常，根因更可能由运维阶段隐患累积触发。,0.6597,hydraulic
EVO_TEXT_HFB-01459,HFB-01459,fault_evolution_text,隐患先导致局部性能退化，随后传感器能量向关联通道集中，最终形成温度异常。,0.6597,hydraulic
RCA_TEXT_HFB-01460,HFB-01460,rca_text,液压油箱出现轻微压力异常，生命周期风险集中在制造阶段，建议优先追溯 HMAN-00505。,0.6254,hydraulic
EVO_TEXT_HFB-01460,HFB-01460,fault_evolution_text,隐患先导致局部性能退化，随后传感器能量向关联通道集中，最终形成压力异常。,0.6254,hydraulic
RCA_TEXT_HFB-01461,HFB-01461,rca_text,结合传感器能量和检测记录，管路总成的温度异常与设计阶段高风险实体 HPIP-00265 一致。,0.6084,hydraulic
EVO_TEXT_HFB-01461,HFB-01461,fault_evolution_text,隐患先导致局部性能退化，随后传感器能量向关联通道集中，最终形成温度异常。,0.6084,hydraulic
RCA_TEXT_HFB-01462,HFB-01462,rca_text,该案例表现为轻微温度异常，根因更可能由材料阶段隐患累积触发。,0.6106,hydraulic
EVO_TEXT_HFB-01462,HFB-01462,fault_evolution_text,早期异常较弱，运行载荷放大后出现指标漂移，并逐步演化为轻微故障。,0.6106,hydraulic
RCA_TEXT_HFB-01463,HFB-01463,rca_text,方向控制阀出现轻微温度异常，生命周期风险集中在检测阶段，建议优先追溯 HINSP-01463。,0.5943,hydraulic
EVO_TEXT_HFB-01463,HFB-01463,fault_evolution_text,早期异常较弱，运行载荷放大后出现指标漂移，并逐步演化为轻微故障。,0.5943,hydraulic
RCA_TEXT_HFB-01464,HFB-01464,rca_text,结合传感器能量和检测记录，方向控制阀的温度异常与运维阶段高风险实体 HOPR-01464 一致。,0.5884,hydraulic
EVO_TEXT_HFB-01464,HFB-01464,fault_evolution_text,运维阶段风险与运行工况耦合后引起状态劣化，检测指标随严重度同步升高。,0.5884,hydraulic
RCA_TEXT_HFB-01465,HFB-01465,rca_text,该案例表现为轻微流量异常，根因更可能由运维阶段隐患累积触发。,0.5697,hydraulic
EVO_TEXT_HFB-01465,HFB-01465,fault_evolution_text,运维阶段风险与运行工况耦合后引起状态劣化，检测指标随严重度同步升高。,0.5697,hydraulic
RCA_TEXT_HFB-01466,HFB-01466,rca_text,方向控制阀出现中度阀芯卡滞，生命周期风险集中在运维阶段，建议优先追溯 HOPR-01466。,0.5968,hydraulic
EVO_TEXT_HFB-01466,HFB-01466,fault_evolution_text,运维阶段风险与运行工况耦合后引起状态劣化，检测指标随严重度同步升高。,0.5968,hydraulic
RCA_TEXT_HFB-01467,HFB-01467,rca_text,方向控制阀出现轻微流量异常，生命周期风险集中在材料阶段，建议优先追溯 HMAT-00377。,0.6013,hydraulic
EVO_TEXT_HFB-01467,HFB-01467,fault_evolution_text,材料阶段风险与运行工况耦合后引起状态劣化，检测指标随严重度同步升高。,0.6013,hydraulic
RCA_TEXT_HFB-01468,HFB-01468,rca_text,该案例表现为中度阀芯卡滞，根因更可能由设计阶段隐患累积触发。,0.6197,hydraulic
EVO_TEXT_HFB-01468,HFB-01468,fault_evolution_text,隐患先导致局部性能退化，随后传感器能量向关联通道集中，最终形成阀芯卡滞。,0.6197,hydraulic
RCA_TEXT_HFB-01469,HFB-01469,rca_text,结合传感器能量和检测记录，管路总成的流量异常与材料阶段高风险实体 HMAT-00207 一致。,0.6286,hydraulic
EVO_TEXT_HFB-01469,HFB-01469,fault_evolution_text,材料阶段风险与运行工况耦合后引起状态劣化，检测指标随严重度同步升高。,0.6286,hydraulic
RCA_TEXT_HFB-01470,HFB-01470,rca_text,结合传感器能量和检测记录，液压油箱的温度异常与运维阶段高风险实体 HOPR-01470 一致。,0.6144,hydraulic
EVO_TEXT_HFB-01470,HFB-01470,fault_evolution_text,运维阶段风险与运行工况耦合后引起状态劣化，检测指标随严重度同步升高。,0.6144,hydraulic
RCA_TEXT_HFB-01471,HFB-01471,rca_text,过滤器出现轻微流量异常，生命周期风险集中在运维阶段，建议优先追溯 HOPR-01471。,0.6217,hydraulic
EVO_TEXT_HFB-01471,HFB-01471,fault_evolution_text,早期异常较弱，运行载荷放大后出现指标漂移，并逐步演化为轻微故障。,0.6217,hydraulic
RCA_TEXT_HFB-01472,HFB-01472,rca_text,管路总成出现中度泄漏异常，生命周期风险集中在材料阶段，建议优先追溯 HMAT-00430。,0.5797,hydraulic
EVO_TEXT_HFB-01472,HFB-01472,fault_evolution_text,隐患先导致局部性能退化，随后传感器能量向关联通道集中，最终形成泄漏异常。,0.5797,hydraulic
RCA_TEXT_HFB-01473,HFB-01473,rca_text,结合传感器能量和检测记录，液压泵总成的泄漏异常与材料阶段高风险实体 HMAT-00498 一致。,0.5688,hydraulic
EVO_TEXT_HFB-01473,HFB-01473,fault_evolution_text,材料阶段风险与运行工况耦合后引起状态劣化，检测指标随严重度同步升高。,0.5688,hydraulic
RCA_TEXT_HFB-01474,HFB-01474,rca_text,结合传感器能量和检测记录，卸荷阀的泄漏异常与装配阶段高风险实体 HASM-01474 一致。,0.59,hydraulic
EVO_TEXT_HFB-01474,HFB-01474,fault_evolution_text,隐患先导致局部性能退化，随后传感器能量向关联通道集中，最终形成泄漏异常。,0.59,hydraulic
RCA_TEXT_HFB-01475,HFB-01475,rca_text,该案例表现为轻微压力异常，根因更可能由运维阶段隐患累积触发。,0.6219,hydraulic
EVO_TEXT_HFB-01475,HFB-01475,fault_evolution_text,早期异常较弱，运行载荷放大后出现指标漂移，并逐步演化为轻微故障。,0.6219,hydraulic
RCA_TEXT_HFB-01476,HFB-01476,rca_text,结合传感器能量和检测记录，作动筒的温度异常与运维阶段高风险实体 HOPR-01476 一致。,0.5894,hydraulic
EVO_TEXT_HFB-01476,HFB-01476,fault_evolution_text,运维阶段风险与运行工况耦合后引起状态劣化，检测指标随严重度同步升高。,0.5894,hydraulic
RCA_TEXT_HFB-01477,HFB-01477,rca_text,单向阀出现中度阀芯卡滞，生命周期风险集中在运维阶段，建议优先追溯 HOPR-01477。,0.5557,hydraulic
EVO_TEXT_HFB-01477,HFB-01477,fault_evolution_text,早期异常较弱，运行载荷放大后出现指标漂移，并逐步演化为中度故障。,0.5557,hydraulic
RCA_TEXT_HFB-01478,HFB-01478,rca_text,管路总成出现中度泄漏异常，生命周期风险集中在检测阶段，建议优先追溯 HINSP-01478。,0.6512,hydraulic
EVO_TEXT_HFB-01478,HFB-01478,fault_evolution_text,隐患先导致局部性能退化，随后传感器能量向关联通道集中，最终形成泄漏异常。,0.6512,hydraulic
RCA_TEXT_HFB-01479,HFB-01479,rca_text,结合传感器能量和检测记录，单向阀的温度异常与检测阶段高风险实体 HINSP-01479 一致。,0.5134,hydraulic
EVO_TEXT_HFB-01479,HFB-01479,fault_evolution_text,早期异常较弱，运行载荷放大后出现指标漂移，并逐步演化为轻微故障。,0.5134,hydraulic
RCA_TEXT_HFB-01480,HFB-01480,rca_text,结合传感器能量和检测记录，单向阀的阀芯卡滞与检测阶段高风险实体 HINSP-01480 一致。,0.6327,hydraulic
EVO_TEXT_HFB-01480,HFB-01480,fault_evolution_text,隐患先导致局部性能退化，随后传感器能量向关联通道集中，最终形成阀芯卡滞。,0.6327,hydraulic
RCA_TEXT_HFB-01481,HFB-01481,rca_text,结合传感器能量和检测记录，节流阀的阀芯卡滞与运维阶段高风险实体 HOPR-01481 一致。,0.5588,hydraulic
EVO_TEXT_HFB-01481,HFB-01481,fault_evolution_text,运维阶段风险与运行工况耦合后引起状态劣化，检测指标随严重度同步升高。,0.5588,hydraulic
RCA_TEXT_HFB-01482,HFB-01482,rca_text,结合传感器能量和检测记录，液压油箱的泄漏异常与设计阶段高风险实体 HDES-01062 一致。,0.6143,hydraulic
EVO_TEXT_HFB-01482,HFB-01482,fault_evolution_text,隐患先导致局部性能退化，随后传感器能量向关联通道集中，最终形成泄漏异常。,0.6143,hydraulic
RCA_TEXT_HFB-01483,HFB-01483,rca_text,结合传感器能量和检测记录，节流阀的阀芯卡滞与运维阶段高风险实体 HOPR-01483 一致。,0.6282,hydraulic
EVO_TEXT_HFB-01483,HFB-01483,fault_evolution_text,早期异常较弱，运行载荷放大后出现指标漂移，并逐步演化为中度故障。,0.6282,hydraulic
RCA_TEXT_HFB-01484,HFB-01484,rca_text,冷却器出现轻微泄漏异常，生命周期风险集中在运维阶段，建议优先追溯 HOPR-01484。,0.6606,hydraulic
EVO_TEXT_HFB-01484,HFB-01484,fault_evolution_text,早期异常较弱，运行载荷放大后出现指标漂移，并逐步演化为轻微故障。,0.6606,hydraulic
RCA_TEXT_HFB-01485,HFB-01485,rca_text,卸荷阀出现轻微阀芯卡滞，生命周期风险集中在材料阶段，建议优先追溯 HMAT-00254。,0.5534,hydraulic
EVO_TEXT_HFB-01485,HFB-01485,fault_evolution_text,材料阶段风险与运行工况耦合后引起状态劣化，检测指标随严重度同步升高。,0.5534,hydraulic
RCA_TEXT_HFB-01486,HFB-01486,rca_text,该案例表现为轻微阀芯卡滞，根因更可能由运维阶段隐患累积触发。,0.6023,hydraulic
EVO_TEXT_HFB-01486,HFB-01486,fault_evolution_text,隐患先导致局部性能退化，随后传感器能量向关联通道集中，最终形成阀芯卡滞。,0.6023,hydraulic
RCA_TEXT_HFB-01487,HFB-01487,rca_text,节流阀出现轻微阀芯卡滞，生命周期风险集中在运维阶段，建议优先追溯 HOPR-01487。,0.6112,hydraulic
EVO_TEXT_HFB-01487,HFB-01487,fault_evolution_text,早期异常较弱，运行载荷放大后出现指标漂移，并逐步演化为轻微故障。,0.6112,hydraulic
RCA_TEXT_HFB-01488,HFB-01488,rca_text,蓄能器出现轻微振动异常，生命周期风险集中在装配阶段，建议优先追溯 HASM-01488。,0.5765,hydraulic
EVO_TEXT_HFB-01488,HFB-01488,fault_evolution_text,早期异常较弱，运行载荷放大后出现指标漂移，并逐步演化为轻微故障。,0.5765,hydraulic
RCA_TEXT_HFB-01489,HFB-01489,rca_text,液压油箱出现轻微阀芯卡滞，生命周期风险集中在装配阶段，建议优先追溯 HASM-01489。,0.611,hydraulic
EVO_TEXT_HFB-01489,HFB-01489,fault_evolution_text,早期异常较弱，运行载荷放大后出现指标漂移，并逐步演化为轻微故障。,0.611,hydraulic
RCA_TEXT_HFB-01490,HFB-01490,rca_text,结合传感器能量和检测记录，蓄能器的压力异常与运维阶段高风险实体 HOPR-01490 一致。,0.5816,hydraulic
EVO_TEXT_HFB-01490,HFB-01490,fault_evolution_text,隐患先导致局部性能退化，随后传感器能量向关联通道集中，最终形成压力异常。,0.5816,hydraulic
RCA_TEXT_HFB-01491,HFB-01491,rca_text,节流阀出现中度阀芯卡滞，生命周期风险集中在制造阶段，建议优先追溯 HMAN-00675。,0.6421,hydraulic
EVO_TEXT_HFB-01491,HFB-01491,fault_evolution_text,隐患先导致局部性能退化，随后传感器能量向关联通道集中，最终形成阀芯卡滞。,0.6421,hydraulic
RCA_TEXT_HFB-01492,HFB-01492,rca_text,该案例表现为轻微振动异常，根因更可能由运维阶段隐患累积触发。,0.5737,hydraulic
EVO_TEXT_HFB-01492,HFB-01492,fault_evolution_text,早期异常较弱，运行载荷放大后出现指标漂移，并逐步演化为轻微故障。,0.5737,hydraulic
RCA_TEXT_HFB-01493,HFB-01493,rca_text,结合传感器能量和检测记录，蓄能器的阀芯卡滞与制造阶段高风险实体 HMAN-00502 一致。,0.5433,hydraulic
EVO_TEXT_HFB-01493,HFB-01493,fault_evolution_text,隐患先导致局部性能退化，随后传感器能量向关联通道集中，最终形成阀芯卡滞。,0.5433,hydraulic
RCA_TEXT_HFB-01494,HFB-01494,rca_text,作动筒出现轻微泄漏异常，生命周期风险集中在运维阶段，建议优先追溯 HOPR-01494。,0.5081,hydraulic
EVO_TEXT_HFB-01494,HFB-01494,fault_evolution_text,隐患先导致局部性能退化，随后传感器能量向关联通道集中，最终形成泄漏异常。,0.5081,hydraulic
RCA_TEXT_HFB-01495,HFB-01495,rca_text,结合传感器能量和检测记录，卸荷阀的压力异常与设计阶段高风险实体 HDES-01060 一致。,0.5463,hydraulic
EVO_TEXT_HFB-01495,HFB-01495,fault_evolution_text,早期异常较弱，运行载荷放大后出现指标漂移，并逐步演化为中度故障。,0.5463,hydraulic
RCA_TEXT_HFB-01496,HFB-01496,rca_text,结合传感器能量和检测记录，方向控制阀的流量异常与材料阶段高风险实体 HMAT-00201 一致。,0.6446,hydraulic
EVO_TEXT_HFB-01496,HFB-01496,fault_evolution_text,材料阶段风险与运行工况耦合后引起状态劣化，检测指标随严重度同步升高。,0.6446,hydraulic
RCA_TEXT_HFB-01497,HFB-01497,rca_text,该案例表现为轻微温度异常，根因更可能由材料阶段隐患累积触发。,0.6309,hydraulic
EVO_TEXT_HFB-01497,HFB-01497,fault_evolution_text,早期异常较弱，运行载荷放大后出现指标漂移，并逐步演化为轻微故障。,0.6309,hydraulic
RCA_TEXT_HFB-01498,HFB-01498,rca_text,该案例表现为轻微振动异常，根因更可能由设计阶段隐患累积触发。,0.6042,hydraulic
EVO_TEXT_HFB-01498,HFB-01498,fault_evolution_text,早期异常较弱，运行载荷放大后出现指标漂移，并逐步演化为轻微故障。,0.6042,hydraulic
RCA_TEXT_HFB-01499,HFB-01499,rca_text,管路总成出现中度流量异常，生命周期风险集中在制造阶段，建议优先追溯 HMAN-00750。,0.6122,hydraulic
EVO_TEXT_HFB-01499,HFB-01499,fault_evolution_text,早期异常较弱，运行载荷放大后出现指标漂移，并逐步演化为中度故障。,0.6122,hydraulic
RCA_TEXT_HFB-01500,HFB-01500,rca_text,该案例表现为中度泄漏异常，根因更可能由装配阶段隐患累积触发。,0.7052,hydraulic
EVO_TEXT_HFB-01500,HFB-01500,fault_evolution_text,装配阶段风险与运行工况耦合后引起状态劣化，检测指标随严重度同步升高。,0.7052,hydraulic
RCA_TEXT_HFB-01501,HFB-01501,rca_text,蓄能器出现中度压力异常，生命周期风险集中在制造阶段，建议优先追溯 HMAN-00162。,0.6177,hydraulic
EVO_TEXT_HFB-01501,HFB-01501,fault_evolution_text,隐患先导致局部性能退化，随后传感器能量向关联通道集中，最终形成压力异常。,0.6177,hydraulic
RCA_TEXT_HFB-01502,HFB-01502,rca_text,过滤器出现轻微压力异常，生命周期风险集中在运维阶段，建议优先追溯 HOPR-01502。,0.597,hydraulic
EVO_TEXT_HFB-01502,HFB-01502,fault_evolution_text,隐患先导致局部性能退化，随后传感器能量向关联通道集中，最终形成压力异常。,0.597,hydraulic
RCA_TEXT_HFB-01503,HFB-01503,rca_text,液压泵总成出现轻微压力异常，生命周期风险集中在制造阶段，建议优先追溯 HMAN-00992。,0.5652,hydraulic
EVO_TEXT_HFB-01503,HFB-01503,fault_evolution_text,制造阶段风险与运行工况耦合后引起状态劣化，检测指标随严重度同步升高。,0.5652,hydraulic
RCA_TEXT_HFB-01504,HFB-01504,rca_text,该案例表现为轻微温度异常，根因更可能由制造阶段隐患累积触发。,0.5691,hydraulic
EVO_TEXT_HFB-01504,HFB-01504,fault_evolution_text,隐患先导致局部性能退化，随后传感器能量向关联通道集中，最终形成温度异常。,0.5691,hydraulic
RCA_TEXT_HFB-01505,HFB-01505,rca_text,该案例表现为轻微振动异常，根因更可能由设计阶段隐患累积触发。,0.5345,hydraulic
EVO_TEXT_HFB-01505,HFB-01505,fault_evolution_text,早期异常较弱，运行载荷放大后出现指标漂移，并逐步演化为轻微故障。,0.5345,hydraulic
RCA_TEXT_HFB-01506,HFB-01506,rca_text,结合传感器能量和检测记录，方向控制阀的振动异常与运维阶段高风险实体 HOPR-01506 一致。,0.5916,hydraulic
EVO_TEXT_HFB-01506,HFB-01506,fault_evolution_text,运维阶段风险与运行工况耦合后引起状态劣化，检测指标随严重度同步升高。,0.5916,hydraulic
RCA_TEXT_HFB-01507,HFB-01507,rca_text,该案例表现为中度泄漏异常，根因更可能由装配阶段隐患累积触发。,0.5772,hydraulic
EVO_TEXT_HFB-01507,HFB-01507,fault_evolution_text,早期异常较弱，运行载荷放大后出现指标漂移，并逐步演化为中度故障。,0.5772,hydraulic
RCA_TEXT_HFB-01508,HFB-01508,rca_text,该案例表现为轻微流量异常，根因更可能由运维阶段隐患累积触发。,0.6424,hydraulic
EVO_TEXT_HFB-01508,HFB-01508,fault_evolution_text,运维阶段风险与运行工况耦合后引起状态劣化，检测指标随严重度同步升高。,0.6424,hydraulic
RCA_TEXT_HFB-01509,HFB-01509,rca_text,该案例表现为中度压力异常，根因更可能由运维阶段隐患累积触发。,0.5874,hydraulic
EVO_TEXT_HFB-01509,HFB-01509,fault_evolution_text,运维阶段风险与运行工况耦合后引起状态劣化，检测指标随严重度同步升高。,0.5874,hydraulic
RCA_TEXT_HFB-01510,HFB-01510,rca_text,该案例表现为轻微振动异常，根因更可能由制造阶段隐患累积触发。,0.6084,hydraulic
EVO_TEXT_HFB-01510,HFB-01510,fault_evolution_text,隐患先导致局部性能退化，随后传感器能量向关联通道集中，最终形成振动异常。,0.6084,hydraulic
RCA_TEXT_HFB-01511,HFB-01511,rca_text,结合传感器能量和检测记录，卸荷阀的泄漏异常与设计阶段高风险实体 HDES-00486 一致。,0.5924,hydraulic
EVO_TEXT_HFB-01511,HFB-01511,fault_evolution_text,设计阶段风险与运行工况耦合后引起状态劣化，检测指标随严重度同步升高。,0.5924,hydraulic
RCA_TEXT_HFB-01512,HFB-01512,rca_text,结合传感器能量和检测记录，方向控制阀的阀芯卡滞与材料阶段高风险实体 HMAT-00449 一致。,0.5966,hydraulic
EVO_TEXT_HFB-01512,HFB-01512,fault_evolution_text,隐患先导致局部性能退化，随后传感器能量向关联通道集中，最终形成阀芯卡滞。,0.5966,hydraulic
RCA_TEXT_HFB-01513,HFB-01513,rca_text,该案例表现为中度泄漏异常，根因更可能由检测阶段隐患累积触发。,0.6368,hydraulic
EVO_TEXT_HFB-01513,HFB-01513,fault_evolution_text,隐患先导致局部性能退化，随后传感器能量向关联通道集中，最终形成泄漏异常。,0.6368,hydraulic
RCA_TEXT_HFB-01514,HFB-01514,rca_text,管路总成出现中度振动异常，生命周期风险集中在装配阶段，建议优先追溯 HASM-01514。,0.6327,hydraulic
EVO_TEXT_HFB-01514,HFB-01514,fault_evolution_text,装配阶段风险与运行工况耦合后引起状态劣化，检测指标随严重度同步升高。,0.6327,hydraulic
RCA_TEXT_HFB-01515,HFB-01515,rca_text,结合传感器能量和检测记录，蓄能器的温度异常与材料阶段高风险实体 HMAT-00114 一致。,0.6035,hydraulic
EVO_TEXT_HFB-01515,HFB-01515,fault_evolution_text,早期异常较弱，运行载荷放大后出现指标漂移，并逐步演化为轻微故障。,0.6035,hydraulic
RCA_TEXT_HFB-01516,HFB-01516,rca_text,结合传感器能量和检测记录，方向控制阀的流量异常与运维阶段高风险实体 HOPR-01516 一致。,0.5911,hydraulic
EVO_TEXT_HFB-01516,HFB-01516,fault_evolution_text,运维阶段风险与运行工况耦合后引起状态劣化，检测指标随严重度同步升高。,0.5911,hydraulic
RCA_TEXT_HFB-01517,HFB-01517,rca_text,结合传感器能量和检测记录，节流阀的流量异常与运维阶段高风险实体 HOPR-01517 一致。,0.6631,hydraulic
EVO_TEXT_HFB-01517,HFB-01517,fault_evolution_text,早期异常较弱，运行载荷放大后出现指标漂移，并逐步演化为中度故障。,0.6631,hydraulic
RCA_TEXT_HFB-01518,HFB-01518,rca_text,结合传感器能量和检测记录，管路总成的阀芯卡滞与装配阶段高风险实体 HASM-01518 一致。,0.5223,hydraulic
EVO_TEXT_HFB-01518,HFB-01518,fault_evolution_text,早期异常较弱，运行载荷放大后出现指标漂移，并逐步演化为轻微故障。,0.5223,hydraulic
RCA_TEXT_HFB-01519,HFB-01519,rca_text,蓄能器出现轻微流量异常，生命周期风险集中在装配阶段，建议优先追溯 HASM-01519。,0.569,hydraulic
EVO_TEXT_HFB-01519,HFB-01519,fault_evolution_text,隐患先导致局部性能退化，随后传感器能量向关联通道集中，最终形成流量异常。,0.569,hydraulic
RCA_TEXT_HFB-01520,HFB-01520,rca_text,该案例表现为中度阀芯卡滞，根因更可能由设计阶段隐患累积触发。,0.6377,hydraulic
EVO_TEXT_HFB-01520,HFB-01520,fault_evolution_text,设计阶段风险与运行工况耦合后引起状态劣化，检测指标随严重度同步升高。,0.6377,hydraulic
RCA_TEXT_HFB-01521,HFB-01521,rca_text,卸荷阀出现轻微压力异常，生命周期风险集中在制造阶段，建议优先追溯 HMAN-00174。,0.5581,hydraulic
EVO_TEXT_HFB-01521,HFB-01521,fault_evolution_text,早期异常较弱，运行载荷放大后出现指标漂移，并逐步演化为轻微故障。,0.5581,hydraulic
RCA_TEXT_HFB-01522,HFB-01522,rca_text,管路总成出现中度流量异常，生命周期风险集中在制造阶段，建议优先追溯 HMAN-01105。,0.6172,hydraulic
EVO_TEXT_HFB-01522,HFB-01522,fault_evolution_text,早期异常较弱，运行载荷放大后出现指标漂移，并逐步演化为中度故障。,0.6172,hydraulic
RCA_TEXT_HFB-01523,HFB-01523,rca_text,该案例表现为轻微温度异常，根因更可能由材料阶段隐患累积触发。,0.6091,hydraulic
EVO_TEXT_HFB-01523,HFB-01523,fault_evolution_text,早期异常较弱，运行载荷放大后出现指标漂移，并逐步演化为轻微故障。,0.6091,hydraulic
RCA_TEXT_HFB-01524,HFB-01524,rca_text,该案例表现为轻微流量异常，根因更可能由检测阶段隐患累积触发。,0.5419,hydraulic
EVO_TEXT_HFB-01524,HFB-01524,fault_evolution_text,检测阶段风险与运行工况耦合后引起状态劣化，检测指标随严重度同步升高。,0.5419,hydraulic
RCA_TEXT_HFB-01525,HFB-01525,rca_text,结合传感器能量和检测记录，卸荷阀的泄漏异常与制造阶段高风险实体 HMAN-00569 一致。,0.6014,hydraulic
EVO_TEXT_HFB-01525,HFB-01525,fault_evolution_text,隐患先导致局部性能退化，随后传感器能量向关联通道集中，最终形成泄漏异常。,0.6014,hydraulic
RCA_TEXT_HFB-01526,HFB-01526,rca_text,结合传感器能量和检测记录，过滤器的流量异常与运维阶段高风险实体 HOPR-01526 一致。,0.6261,hydraulic
EVO_TEXT_HFB-01526,HFB-01526,fault_evolution_text,运维阶段风险与运行工况耦合后引起状态劣化，检测指标随严重度同步升高。,0.6261,hydraulic
RCA_TEXT_HFB-01527,HFB-01527,rca_text,结合传感器能量和检测记录，管路总成的泄漏异常与制造阶段高风险实体 HMAN-00966 一致。,0.6245,hydraulic
EVO_TEXT_HFB-01527,HFB-01527,fault_evolution_text,隐患先导致局部性能退化，随后传感器能量向关联通道集中，最终形成泄漏异常。,0.6245,hydraulic
RCA_TEXT_HFB-01528,HFB-01528,rca_text,结合传感器能量和检测记录，蓄能器的压力异常与材料阶段高风险实体 HMAT-00442 一致。,0.6219,hydraulic
EVO_TEXT_HFB-01528,HFB-01528,fault_evolution_text,隐患先导致局部性能退化，随后传感器能量向关联通道集中，最终形成压力异常。,0.6219,hydraulic
RCA_TEXT_HFB-01529,HFB-01529,rca_text,液压泵总成出现轻微压力异常，生命周期风险集中在运维阶段，建议优先追溯 HOPR-01529。,0.5926,hydraulic
EVO_TEXT_HFB-01529,HFB-01529,fault_evolution_text,运维阶段风险与运行工况耦合后引起状态劣化，检测指标随严重度同步升高。,0.5926,hydraulic
RCA_TEXT_HFB-01530,HFB-01530,rca_text,该案例表现为轻微温度异常，根因更可能由检测阶段隐患累积触发。,0.6699,hydraulic
EVO_TEXT_HFB-01530,HFB-01530,fault_evolution_text,早期异常较弱，运行载荷放大后出现指标漂移，并逐步演化为轻微故障。,0.6699,hydraulic
RCA_TEXT_HFB-01531,HFB-01531,rca_text,该案例表现为轻微振动异常，根因更可能由材料阶段隐患累积触发。,0.6137,hydraulic
EVO_TEXT_HFB-01531,HFB-01531,fault_evolution_text,早期异常较弱，运行载荷放大后出现指标漂移，并逐步演化为轻微故障。,0.6137,hydraulic
RCA_TEXT_HFB-01532,HFB-01532,rca_text,液压泵总成出现轻微振动异常，生命周期风险集中在运维阶段，建议优先追溯 HOPR-01532。,0.6056,hydraulic
EVO_TEXT_HFB-01532,HFB-01532,fault_evolution_text,隐患先导致局部性能退化，随后传感器能量向关联通道集中，最终形成振动异常。,0.6056,hydraulic
RCA_TEXT_HFB-01533,HFB-01533,rca_text,方向控制阀出现轻微阀芯卡滞，生命周期风险集中在运维阶段，建议优先追溯 HOPR-01533。,0.6406,hydraulic
EVO_TEXT_HFB-01533,HFB-01533,fault_evolution_text,早期异常较弱，运行载荷放大后出现指标漂移，并逐步演化为轻微故障。,0.6406,hydraulic
RCA_TEXT_HFB-01534,HFB-01534,rca_text,该案例表现为轻微温度异常，根因更可能由运维阶段隐患累积触发。,0.5981,hydraulic
EVO_TEXT_HFB-01534,HFB-01534,fault_evolution_text,隐患先导致局部性能退化，随后传感器能量向关联通道集中，最终形成温度异常。,0.5981,hydraulic
RCA_TEXT_HFB-01535,HFB-01535,rca_text,结合传感器能量和检测记录，作动筒的流量异常与制造阶段高风险实体 HMAN-00669 一致。,0.5134,hydraulic
EVO_TEXT_HFB-01535,HFB-01535,fault_evolution_text,隐患先导致局部性能退化，随后传感器能量向关联通道集中，最终形成流量异常。,0.5134,hydraulic
RCA_TEXT_HFB-01536,HFB-01536,rca_text,管路总成出现中度振动异常，生命周期风险集中在运维阶段，建议优先追溯 HOPR-01536。,0.6078,hydraulic
EVO_TEXT_HFB-01536,HFB-01536,fault_evolution_text,运维阶段风险与运行工况耦合后引起状态劣化，检测指标随严重度同步升高。,0.6078,hydraulic
RCA_TEXT_HFB-01537,HFB-01537,rca_text,方向控制阀出现中度流量异常，生命周期风险集中在制造阶段，建议优先追溯 HMAN-01160。,0.6305,hydraulic
EVO_TEXT_HFB-01537,HFB-01537,fault_evolution_text,隐患先导致局部性能退化，随后传感器能量向关联通道集中，最终形成流量异常。,0.6305,hydraulic
RCA_TEXT_HFB-01538,HFB-01538,rca_text,结合传感器能量和检测记录，过滤器的流量异常与装配阶段高风险实体 HASM-01538 一致。,0.5588,hydraulic
EVO_TEXT_HFB-01538,HFB-01538,fault_evolution_text,早期异常较弱，运行载荷放大后出现指标漂移，并逐步演化为轻微故障。,0.5588,hydraulic
RCA_TEXT_HFB-01539,HFB-01539,rca_text,该案例表现为轻微压力异常，根因更可能由制造阶段隐患累积触发。,0.5593,hydraulic
EVO_TEXT_HFB-01539,HFB-01539,fault_evolution_text,隐患先导致局部性能退化，随后传感器能量向关联通道集中，最终形成压力异常。,0.5593,hydraulic
RCA_TEXT_HFB-01540,HFB-01540,rca_text,方向控制阀出现轻微泄漏异常，生命周期风险集中在材料阶段，建议优先追溯 HMAT-00062。,0.5645,hydraulic
EVO_TEXT_HFB-01540,HFB-01540,fault_evolution_text,材料阶段风险与运行工况耦合后引起状态劣化，检测指标随严重度同步升高。,0.5645,hydraulic
RCA_TEXT_HFB-01541,HFB-01541,rca_text,结合传感器能量和检测记录，节流阀的压力异常与运维阶段高风险实体 HOPR-01541 一致。,0.5905,hydraulic
EVO_TEXT_HFB-01541,HFB-01541,fault_evolution_text,隐患先导致局部性能退化，随后传感器能量向关联通道集中，最终形成压力异常。,0.5905,hydraulic
RCA_TEXT_HFB-01542,HFB-01542,rca_text,过滤器出现轻微阀芯卡滞，生命周期风险集中在运维阶段，建议优先追溯 HOPR-01542。,0.5587,hydraulic
EVO_TEXT_HFB-01542,HFB-01542,fault_evolution_text,早期异常较弱，运行载荷放大后出现指标漂移，并逐步演化为轻微故障。,0.5587,hydraulic
RCA_TEXT_HFB-01543,HFB-01543,rca_text,该案例表现为轻微振动异常，根因更可能由装配阶段隐患累积触发。,0.5994,hydraulic
EVO_TEXT_HFB-01543,HFB-01543,fault_evolution_text,装配阶段风险与运行工况耦合后引起状态劣化，检测指标随严重度同步升高。,0.5994,hydraulic
RCA_TEXT_HFB-01544,HFB-01544,rca_text,该案例表现为轻微泄漏异常，根因更可能由材料阶段隐患累积触发。,0.597,hydraulic
EVO_TEXT_HFB-01544,HFB-01544,fault_evolution_text,材料阶段风险与运行工况耦合后引起状态劣化，检测指标随严重度同步升高。,0.597,hydraulic
RCA_TEXT_HFB-01545,HFB-01545,rca_text,该案例表现为轻微阀芯卡滞，根因更可能由检测阶段隐患累积触发。,0.5886,hydraulic
EVO_TEXT_HFB-01545,HFB-01545,fault_evolution_text,隐患先导致局部性能退化，随后传感器能量向关联通道集中，最终形成阀芯卡滞。,0.5886,hydraulic
RCA_TEXT_HFB-01546,HFB-01546,rca_text,溢流阀出现中度压力异常，生命周期风险集中在运维阶段，建议优先追溯 HOPR-01546。,0.5675,hydraulic
EVO_TEXT_HFB-01546,HFB-01546,fault_evolution_text,隐患先导致局部性能退化，随后传感器能量向关联通道集中，最终形成压力异常。,0.5675,hydraulic
RCA_TEXT_HFB-01547,HFB-01547,rca_text,结合传感器能量和检测记录，溢流阀的泄漏异常与制造阶段高风险实体 HMAN-00368 一致。,0.6133,hydraulic
EVO_TEXT_HFB-01547,HFB-01547,fault_evolution_text,隐患先导致局部性能退化，随后传感器能量向关联通道集中，最终形成泄漏异常。,0.6133,hydraulic
RCA_TEXT_HFB-01548,HFB-01548,rca_text,结合传感器能量和检测记录，单向阀的阀芯卡滞与设计阶段高风险实体 HDES-00285 一致。,0.5612,hydraulic
EVO_TEXT_HFB-01548,HFB-01548,fault_evolution_text,设计阶段风险与运行工况耦合后引起状态劣化，检测指标随严重度同步升高。,0.5612,hydraulic
RCA_TEXT_HFB-01549,HFB-01549,rca_text,过滤器出现轻微振动异常，生命周期风险集中在装配阶段，建议优先追溯 HASM-01549。,0.5136,hydraulic
EVO_TEXT_HFB-01549,HFB-01549,fault_evolution_text,装配阶段风险与运行工况耦合后引起状态劣化，检测指标随严重度同步升高。,0.5136,hydraulic
RCA_TEXT_HFB-01550,HFB-01550,rca_text,方向控制阀出现中度流量异常，生命周期风险集中在设计阶段，建议优先追溯 HDES-01080。,0.6443,hydraulic
EVO_TEXT_HFB-01550,HFB-01550,fault_evolution_text,早期异常较弱，运行载荷放大后出现指标漂移，并逐步演化为中度故障。,0.6443,hydraulic
RCA_TEXT_HFB-01551,HFB-01551,rca_text,结合传感器能量和检测记录，溢流阀的压力异常与设计阶段高风险实体 HDES-00670 一致。,0.6798,hydraulic
EVO_TEXT_HFB-01551,HFB-01551,fault_evolution_text,早期异常较弱，运行载荷放大后出现指标漂移，并逐步演化为中度故障。,0.6798,hydraulic
RCA_TEXT_HFB-01552,HFB-01552,rca_text,该案例表现为轻微泄漏异常，根因更可能由检测阶段隐患累积触发。,0.6248,hydraulic
EVO_TEXT_HFB-01552,HFB-01552,fault_evolution_text,早期异常较弱，运行载荷放大后出现指标漂移，并逐步演化为轻微故障。,0.6248,hydraulic
RCA_TEXT_HFB-01553,HFB-01553,rca_text,结合传感器能量和检测记录，作动筒的振动异常与运维阶段高风险实体 HOPR-01553 一致。,0.5822,hydraulic
EVO_TEXT_HFB-01553,HFB-01553,fault_evolution_text,早期异常较弱，运行载荷放大后出现指标漂移，并逐步演化为轻微故障。,0.5822,hydraulic
RCA_TEXT_HFB-01554,HFB-01554,rca_text,该案例表现为轻微泄漏异常，根因更可能由设计阶段隐患累积触发。,0.5683,hydraulic
EVO_TEXT_HFB-01554,HFB-01554,fault_evolution_text,隐患先导致局部性能退化，随后传感器能量向关联通道集中，最终形成泄漏异常。,0.5683,hydraulic
RCA_TEXT_HFB-01555,HFB-01555,rca_text,该案例表现为轻微阀芯卡滞，根因更可能由运维阶段隐患累积触发。,0.6535,hydraulic
EVO_TEXT_HFB-01555,HFB-01555,fault_evolution_text,运维阶段风险与运行工况耦合后引起状态劣化，检测指标随严重度同步升高。,0.6535,hydraulic
RCA_TEXT_HFB-01556,HFB-01556,rca_text,结合传感器能量和检测记录，管路总成的振动异常与运维阶段高风险实体 HOPR-01556 一致。,0.6097,hydraulic
EVO_TEXT_HFB-01556,HFB-01556,fault_evolution_text,隐患先导致局部性能退化，随后传感器能量向关联通道集中，最终形成振动异常。,0.6097,hydraulic
RCA_TEXT_HFB-01557,HFB-01557,rca_text,液压泵总成出现轻微振动异常，生命周期风险集中在运维阶段，建议优先追溯 HOPR-01557。,0.6019,hydraulic
EVO_TEXT_HFB-01557,HFB-01557,fault_evolution_text,早期异常较弱，运行载荷放大后出现指标漂移，并逐步演化为轻微故障。,0.6019,hydraulic
RCA_TEXT_HFB-01558,HFB-01558,rca_text,结合传感器能量和检测记录，液压油箱的流量异常与运维阶段高风险实体 HOPR-01558 一致。,0.6029,hydraulic
EVO_TEXT_HFB-01558,HFB-01558,fault_evolution_text,运维阶段风险与运行工况耦合后引起状态劣化，检测指标随严重度同步升高。,0.6029,hydraulic
RCA_TEXT_HFB-01559,HFB-01559,rca_text,卸荷阀出现中度阀芯卡滞，生命周期风险集中在运维阶段，建议优先追溯 HOPR-01559。,0.6364,hydraulic
EVO_TEXT_HFB-01559,HFB-01559,fault_evolution_text,隐患先导致局部性能退化，随后传感器能量向关联通道集中，最终形成阀芯卡滞。,0.6364,hydraulic
RCA_TEXT_HFB-01560,HFB-01560,rca_text,结合传感器能量和检测记录，节流阀的阀芯卡滞与设计阶段高风险实体 HDES-00103 一致。,0.5935,hydraulic
EVO_TEXT_HFB-01560,HFB-01560,fault_evolution_text,早期异常较弱，运行载荷放大后出现指标漂移，并逐步演化为轻微故障。,0.5935,hydraulic
RCA_TEXT_HFB-01561,HFB-01561,rca_text,结合传感器能量和检测记录，卸荷阀的泄漏异常与制造阶段高风险实体 HMAN-00427 一致。,0.5292,hydraulic
EVO_TEXT_HFB-01561,HFB-01561,fault_evolution_text,制造阶段风险与运行工况耦合后引起状态劣化，检测指标随严重度同步升高。,0.5292,hydraulic
RCA_TEXT_HFB-01562,HFB-01562,rca_text,蓄能器出现轻微振动异常，生命周期风险集中在材料阶段，建议优先追溯 HMAT-00232。,0.6112,hydraulic
EVO_TEXT_HFB-01562,HFB-01562,fault_evolution_text,材料阶段风险与运行工况耦合后引起状态劣化，检测指标随严重度同步升高。,0.6112,hydraulic
RCA_TEXT_HFB-01563,HFB-01563,rca_text,该案例表现为轻微泄漏异常，根因更可能由运维阶段隐患累积触发。,0.6689,hydraulic
EVO_TEXT_HFB-01563,HFB-01563,fault_evolution_text,隐患先导致局部性能退化，随后传感器能量向关联通道集中，最终形成泄漏异常。,0.6689,hydraulic
RCA_TEXT_HFB-01564,HFB-01564,rca_text,该案例表现为轻微流量异常，根因更可能由运维阶段隐患累积触发。,0.6168,hydraulic
EVO_TEXT_HFB-01564,HFB-01564,fault_evolution_text,运维阶段风险与运行工况耦合后引起状态劣化，检测指标随严重度同步升高。,0.6168,hydraulic
RCA_TEXT_HFB-01565,HFB-01565,rca_text,结合传感器能量和检测记录，管路总成的泄漏异常与设计阶段高风险实体 HPIP-00282 一致。,0.6444,hydraulic
EVO_TEXT_HFB-01565,HFB-01565,fault_evolution_text,隐患先导致局部性能退化，随后传感器能量向关联通道集中，最终形成泄漏异常。,0.6444,hydraulic
RCA_TEXT_HFB-01566,HFB-01566,rca_text,结合传感器能量和检测记录，冷却器的温度异常与设计阶段高风险实体 HDES-00636 一致。,0.5786,hydraulic
EVO_TEXT_HFB-01566,HFB-01566,fault_evolution_text,设计阶段风险与运行工况耦合后引起状态劣化，检测指标随严重度同步升高。,0.5786,hydraulic
RCA_TEXT_HFB-01567,HFB-01567,rca_text,冷却器出现轻微泄漏异常，生命周期风险集中在装配阶段，建议优先追溯 HASM-01567。,0.5968,hydraulic
EVO_TEXT_HFB-01567,HFB-01567,fault_evolution_text,装配阶段风险与运行工况耦合后引起状态劣化，检测指标随严重度同步升高。,0.5968,hydraulic
RCA_TEXT_HFB-01568,HFB-01568,rca_text,结合传感器能量和检测记录，液压泵总成的温度异常与材料阶段高风险实体 HMAT-00443 一致。,0.5865,hydraulic
EVO_TEXT_HFB-01568,HFB-01568,fault_evolution_text,早期异常较弱，运行载荷放大后出现指标漂移，并逐步演化为轻微故障。,0.5865,hydraulic
RCA_TEXT_HFB-01569,HFB-01569,rca_text,该案例表现为中度压力异常，根因更可能由运维阶段隐患累积触发。,0.6029,hydraulic
EVO_TEXT_HFB-01569,HFB-01569,fault_evolution_text,早期异常较弱，运行载荷放大后出现指标漂移，并逐步演化为中度故障。,0.6029,hydraulic
RCA_TEXT_HFB-01570,HFB-01570,rca_text,结合传感器能量和检测记录，蓄能器的振动异常与运维阶段高风险实体 HOPR-01570 一致。,0.6278,hydraulic
EVO_TEXT_HFB-01570,HFB-01570,fault_evolution_text,运维阶段风险与运行工况耦合后引起状态劣化，检测指标随严重度同步升高。,0.6278,hydraulic
RCA_TEXT_HFB-01571,HFB-01571,rca_text,作动筒出现轻微压力异常，生命周期风险集中在运维阶段，建议优先追溯 HOPR-01571。,0.5651,hydraulic
EVO_TEXT_HFB-01571,HFB-01571,fault_evolution_text,隐患先导致局部性能退化，随后传感器能量向关联通道集中，最终形成压力异常。,0.5651,hydraulic
RCA_TEXT_HFB-01572,HFB-01572,rca_text,该案例表现为中度压力异常，根因更可能由材料阶段隐患累积触发。,0.5665,hydraulic
EVO_TEXT_HFB-01572,HFB-01572,fault_evolution_text,隐患先导致局部性能退化，随后传感器能量向关联通道集中，最终形成压力异常。,0.5665,hydraulic
RCA_TEXT_HFB-01573,HFB-01573,rca_text,结合传感器能量和检测记录，液压泵总成的温度异常与设计阶段高风险实体 HDES-00753 一致。,0.5863,hydraulic
EVO_TEXT_HFB-01573,HFB-01573,fault_evolution_text,早期异常较弱，运行载荷放大后出现指标漂移，并逐步演化为轻微故障。,0.5863,hydraulic
RCA_TEXT_HFB-01574,HFB-01574,rca_text,该案例表现为轻微振动异常，根因更可能由制造阶段隐患累积触发。,0.67,hydraulic
EVO_TEXT_HFB-01574,HFB-01574,fault_evolution_text,隐患先导致局部性能退化，随后传感器能量向关联通道集中，最终形成振动异常。,0.67,hydraulic
RCA_TEXT_HFB-01575,HFB-01575,rca_text,结合传感器能量和检测记录，方向控制阀的流量异常与运维阶段高风险实体 HOPR-01575 一致。,0.6187,hydraulic
EVO_TEXT_HFB-01575,HFB-01575,fault_evolution_text,早期异常较弱，运行载荷放大后出现指标漂移，并逐步演化为中度故障。,0.6187,hydraulic
RCA_TEXT_HFB-01576,HFB-01576,rca_text,液压泵总成出现轻微振动异常，生命周期风险集中在材料阶段，建议优先追溯 HMAT-00468。,0.5773,hydraulic
EVO_TEXT_HFB-01576,HFB-01576,fault_evolution_text,早期异常较弱，运行载荷放大后出现指标漂移，并逐步演化为轻微故障。,0.5773,hydraulic
RCA_TEXT_HFB-01577,HFB-01577,rca_text,管路总成出现轻微流量异常，生命周期风险集中在制造阶段，建议优先追溯 HMAN-00739。,0.545,hydraulic
EVO_TEXT_HFB-01577,HFB-01577,fault_evolution_text,制造阶段风险与运行工况耦合后引起状态劣化，检测指标随严重度同步升高。,0.545,hydraulic
RCA_TEXT_HFB-01578,HFB-01578,rca_text,该案例表现为轻微压力异常，根因更可能由运维阶段隐患累积触发。,0.5528,hydraulic
EVO_TEXT_HFB-01578,HFB-01578,fault_evolution_text,隐患先导致局部性能退化，随后传感器能量向关联通道集中，最终形成压力异常。,0.5528,hydraulic
RCA_TEXT_HFB-01579,HFB-01579,rca_text,结合传感器能量和检测记录，液压泵总成的振动异常与装配阶段高风险实体 HASM-01579 一致。,0.6038,hydraulic
EVO_TEXT_HFB-01579,HFB-01579,fault_evolution_text,早期异常较弱，运行载荷放大后出现指标漂移，并逐步演化为轻微故障。,0.6038,hydraulic
RCA_TEXT_HFB-01580,HFB-01580,rca_text,结合传感器能量和检测记录，单向阀的泄漏异常与装配阶段高风险实体 HASM-01580 一致。,0.5806,hydraulic
EVO_TEXT_HFB-01580,HFB-01580,fault_evolution_text,装配阶段风险与运行工况耦合后引起状态劣化，检测指标随严重度同步升高。,0.5806,hydraulic
RCA_TEXT_HFB-01581,HFB-01581,rca_text,结合传感器能量和检测记录，卸荷阀的振动异常与制造阶段高风险实体 HMAN-00095 一致。,0.5624,hydraulic
EVO_TEXT_HFB-01581,HFB-01581,fault_evolution_text,制造阶段风险与运行工况耦合后引起状态劣化，检测指标随严重度同步升高。,0.5624,hydraulic
RCA_TEXT_HFB-01582,HFB-01582,rca_text,方向控制阀出现轻微流量异常，生命周期风险集中在装配阶段，建议优先追溯 HASM-01582。,0.6131,hydraulic
EVO_TEXT_HFB-01582,HFB-01582,fault_evolution_text,早期异常较弱，运行载荷放大后出现指标漂移，并逐步演化为轻微故障。,0.6131,hydraulic
RCA_TEXT_HFB-01583,HFB-01583,rca_text,结合传感器能量和检测记录，冷却器的振动异常与装配阶段高风险实体 HASM-01583 一致。,0.6068,hydraulic
EVO_TEXT_HFB-01583,HFB-01583,fault_evolution_text,装配阶段风险与运行工况耦合后引起状态劣化，检测指标随严重度同步升高。,0.6068,hydraulic
RCA_TEXT_HFB-01584,HFB-01584,rca_text,结合传感器能量和检测记录，液压油箱的泄漏异常与设计阶段高风险实体 HDES-00518 一致。,0.5461,hydraulic
EVO_TEXT_HFB-01584,HFB-01584,fault_evolution_text,早期异常较弱，运行载荷放大后出现指标漂移，并逐步演化为轻微故障。,0.5461,hydraulic
RCA_TEXT_HFB-01585,HFB-01585,rca_text,结合传感器能量和检测记录，过滤器的流量异常与材料阶段高风险实体 HMAT-00401 一致。,0.6259,hydraulic
EVO_TEXT_HFB-01585,HFB-01585,fault_evolution_text,材料阶段风险与运行工况耦合后引起状态劣化，检测指标随严重度同步升高。,0.6259,hydraulic
RCA_TEXT_HFB-01586,HFB-01586,rca_text,结合传感器能量和检测记录，管路总成的泄漏异常与运维阶段高风险实体 HOPR-01586 一致。,0.6881,hydraulic
EVO_TEXT_HFB-01586,HFB-01586,fault_evolution_text,隐患先导致局部性能退化，随后传感器能量向关联通道集中，最终形成泄漏异常。,0.6881,hydraulic
RCA_TEXT_HFB-01587,HFB-01587,rca_text,结合传感器能量和检测记录，方向控制阀的压力异常与运维阶段高风险实体 HOPR-01587 一致。,0.6426,hydraulic
EVO_TEXT_HFB-01587,HFB-01587,fault_evolution_text,运维阶段风险与运行工况耦合后引起状态劣化，检测指标随严重度同步升高。,0.6426,hydraulic
RCA_TEXT_HFB-01588,HFB-01588,rca_text,方向控制阀出现轻微压力异常，生命周期风险集中在装配阶段，建议优先追溯 HASM-01588。,0.5855,hydraulic
EVO_TEXT_HFB-01588,HFB-01588,fault_evolution_text,隐患先导致局部性能退化，随后传感器能量向关联通道集中，最终形成压力异常。,0.5855,hydraulic
RCA_TEXT_HFB-01589,HFB-01589,rca_text,结合传感器能量和检测记录，单向阀的阀芯卡滞与制造阶段高风险实体 HMAN-00894 一致。,0.7164,hydraulic
EVO_TEXT_HFB-01589,HFB-01589,fault_evolution_text,隐患先导致局部性能退化，随后传感器能量向关联通道集中，最终形成阀芯卡滞。,0.7164,hydraulic
RCA_TEXT_HFB-01590,HFB-01590,rca_text,节流阀出现中度阀芯卡滞，生命周期风险集中在制造阶段，建议优先追溯 HMAN-00620。,0.6516,hydraulic
EVO_TEXT_HFB-01590,HFB-01590,fault_evolution_text,制造阶段风险与运行工况耦合后引起状态劣化，检测指标随严重度同步升高。,0.6516,hydraulic
RCA_TEXT_HFB-01591,HFB-01591,rca_text,作动筒出现轻微流量异常，生命周期风险集中在制造阶段，建议优先追溯 HMAN-00844。,0.6176,hydraulic
EVO_TEXT_HFB-01591,HFB-01591,fault_evolution_text,早期异常较弱，运行载荷放大后出现指标漂移，并逐步演化为轻微故障。,0.6176,hydraulic
RCA_TEXT_HFB-01592,HFB-01592,rca_text,结合传感器能量和检测记录，溢流阀的阀芯卡滞与制造阶段高风险实体 HMAN-00894 一致。,0.7198,hydraulic
EVO_TEXT_HFB-01592,HFB-01592,fault_evolution_text,早期异常较弱，运行载荷放大后出现指标漂移，并逐步演化为中度故障。,0.7198,hydraulic
RCA_TEXT_HFB-01593,HFB-01593,rca_text,作动筒出现轻微压力异常，生命周期风险集中在装配阶段，建议优先追溯 HASM-01593。,0.5695,hydraulic
EVO_TEXT_HFB-01593,HFB-01593,fault_evolution_text,早期异常较弱，运行载荷放大后出现指标漂移，并逐步演化为轻微故障。,0.5695,hydraulic
RCA_TEXT_HFB-01594,HFB-01594,rca_text,结合传感器能量和检测记录，冷却器的温度异常与运维阶段高风险实体 HOPR-01594 一致。,0.6048,hydraulic
EVO_TEXT_HFB-01594,HFB-01594,fault_evolution_text,早期异常较弱，运行载荷放大后出现指标漂移，并逐步演化为轻微故障。,0.6048,hydraulic
RCA_TEXT_HFB-01595,HFB-01595,rca_text,该案例表现为中度压力异常，根因更可能由设计阶段隐患累积触发。,0.7246,hydraulic
EVO_TEXT_HFB-01595,HFB-01595,fault_evolution_text,隐患先导致局部性能退化，随后传感器能量向关联通道集中，最终形成压力异常。,0.7246,hydraulic
RCA_TEXT_HFB-01596,HFB-01596,rca_text,该案例表现为中度压力异常，根因更可能由制造阶段隐患累积触发。,0.6153,hydraulic
EVO_TEXT_HFB-01596,HFB-01596,fault_evolution_text,隐患先导致局部性能退化，随后传感器能量向关联通道集中，最终形成压力异常。,0.6153,hydraulic
RCA_TEXT_HFB-01597,HFB-01597,rca_text,该案例表现为轻微泄漏异常，根因更可能由检测阶段隐患累积触发。,0.5316,hydraulic
EVO_TEXT_HFB-01597,HFB-01597,fault_evolution_text,检测阶段风险与运行工况耦合后引起状态劣化，检测指标随严重度同步升高。,0.5316,hydraulic
RCA_TEXT_HFB-01598,HFB-01598,rca_text,节流阀出现轻微流量异常，生命周期风险集中在制造阶段，建议优先追溯 HMAN-00430。,0.6002,hydraulic
EVO_TEXT_HFB-01598,HFB-01598,fault_evolution_text,制造阶段风险与运行工况耦合后引起状态劣化，检测指标随严重度同步升高。,0.6002,hydraulic
RCA_TEXT_HFB-01599,HFB-01599,rca_text,结合传感器能量和检测记录，蓄能器的流量异常与装配阶段高风险实体 HASM-01599 一致。,0.5585,hydraulic
EVO_TEXT_HFB-01599,HFB-01599,fault_evolution_text,隐患先导致局部性能退化，随后传感器能量向关联通道集中，最终形成流量异常。,0.5585,hydraulic
RCA_TEXT_HFB-01600,HFB-01600,rca_text,结合传感器能量和检测记录，过滤器的流量异常与材料阶段高风险实体 HMAT-00503 一致。,0.654,hydraulic
EVO_TEXT_HFB-01600,HFB-01600,fault_evolution_text,材料阶段风险与运行工况耦合后引起状态劣化，检测指标随严重度同步升高。,0.654,hydraulic
RCA_TEXT_HFB-01601,HFB-01601,rca_text,该案例表现为轻微泄漏异常，根因更可能由设计阶段隐患累积触发。,0.6023,hydraulic
EVO_TEXT_HFB-01601,HFB-01601,fault_evolution_text,隐患先导致局部性能退化，随后传感器能量向关联通道集中，最终形成泄漏异常。,0.6023,hydraulic
RCA_TEXT_HFB-01602,HFB-01602,rca_text,结合传感器能量和检测记录，方向控制阀的阀芯卡滞与材料阶段高风险实体 HMAT-00221 一致。,0.5819,hydraulic
EVO_TEXT_HFB-01602,HFB-01602,fault_evolution_text,早期异常较弱，运行载荷放大后出现指标漂移，并逐步演化为轻微故障。,0.5819,hydraulic
RCA_TEXT_HFB-01603,HFB-01603,rca_text,结合传感器能量和检测记录，液压油箱的压力异常与运维阶段高风险实体 HOPR-01603 一致。,0.5488,hydraulic
EVO_TEXT_HFB-01603,HFB-01603,fault_evolution_text,早期异常较弱，运行载荷放大后出现指标漂移，并逐步演化为轻微故障。,0.5488,hydraulic
RCA_TEXT_HFB-01604,HFB-01604,rca_text,结合传感器能量和检测记录，作动筒的泄漏异常与装配阶段高风险实体 HASM-01604 一致。,0.5963,hydraulic
EVO_TEXT_HFB-01604,HFB-01604,fault_evolution_text,早期异常较弱，运行载荷放大后出现指标漂移，并逐步演化为中度故障。,0.5963,hydraulic
RCA_TEXT_HFB-01605,HFB-01605,rca_text,结合传感器能量和检测记录，管路总成的振动异常与运维阶段高风险实体 HOPR-01605 一致。,0.633,hydraulic
EVO_TEXT_HFB-01605,HFB-01605,fault_evolution_text,运维阶段风险与运行工况耦合后引起状态劣化，检测指标随严重度同步升高。,0.633,hydraulic
RCA_TEXT_HFB-01606,HFB-01606,rca_text,结合传感器能量和检测记录，节流阀的阀芯卡滞与装配阶段高风险实体 HASM-01606 一致。,0.6448,hydraulic
EVO_TEXT_HFB-01606,HFB-01606,fault_evolution_text,装配阶段风险与运行工况耦合后引起状态劣化，检测指标随严重度同步升高。,0.6448,hydraulic
RCA_TEXT_HFB-01607,HFB-01607,rca_text,该案例表现为中度泄漏异常，根因更可能由设计阶段隐患累积触发。,0.6873,hydraulic
EVO_TEXT_HFB-01607,HFB-01607,fault_evolution_text,设计阶段风险与运行工况耦合后引起状态劣化，检测指标随严重度同步升高。,0.6873,hydraulic
RCA_TEXT_HFB-01608,HFB-01608,rca_text,该案例表现为轻微阀芯卡滞，根因更可能由运维阶段隐患累积触发。,0.5956,hydraulic
EVO_TEXT_HFB-01608,HFB-01608,fault_evolution_text,早期异常较弱，运行载荷放大后出现指标漂移，并逐步演化为轻微故障。,0.5956,hydraulic
RCA_TEXT_HFB-01609,HFB-01609,rca_text,管路总成出现轻微流量异常，生命周期风险集中在设计阶段，建议优先追溯 HPIP-00288。,0.5192,hydraulic
EVO_TEXT_HFB-01609,HFB-01609,fault_evolution_text,早期异常较弱，运行载荷放大后出现指标漂移，并逐步演化为轻微故障。,0.5192,hydraulic
RCA_TEXT_HFB-01610,HFB-01610,rca_text,该案例表现为轻微流量异常，根因更可能由制造阶段隐患累积触发。,0.5127,hydraulic
EVO_TEXT_HFB-01610,HFB-01610,fault_evolution_text,早期异常较弱，运行载荷放大后出现指标漂移，并逐步演化为轻微故障。,0.5127,hydraulic
RCA_TEXT_HFB-01611,HFB-01611,rca_text,溢流阀出现轻微泄漏异常，生命周期风险集中在运维阶段，建议优先追溯 HOPR-01611。,0.5777,hydraulic
EVO_TEXT_HFB-01611,HFB-01611,fault_evolution_text,早期异常较弱，运行载荷放大后出现指标漂移，并逐步演化为轻微故障。,0.5777,hydraulic
RCA_TEXT_HFB-01612,HFB-01612,rca_text,该案例表现为轻微阀芯卡滞，根因更可能由运维阶段隐患累积触发。,0.5732,hydraulic
EVO_TEXT_HFB-01612,HFB-01612,fault_evolution_text,运维阶段风险与运行工况耦合后引起状态劣化，检测指标随严重度同步升高。,0.5732,hydraulic
RCA_TEXT_HFB-01613,HFB-01613,rca_text,方向控制阀出现中度流量异常，生命周期风险集中在运维阶段，建议优先追溯 HOPR-01613。,0.6181,hydraulic
EVO_TEXT_HFB-01613,HFB-01613,fault_evolution_text,运维阶段风险与运行工况耦合后引起状态劣化，检测指标随严重度同步升高。,0.6181,hydraulic
RCA_TEXT_HFB-01614,HFB-01614,rca_text,溢流阀出现轻微流量异常，生命周期风险集中在运维阶段，建议优先追溯 HOPR-01614。,0.5885,hydraulic
EVO_TEXT_HFB-01614,HFB-01614,fault_evolution_text,运维阶段风险与运行工况耦合后引起状态劣化，检测指标随严重度同步升高。,0.5885,hydraulic
RCA_TEXT_HFB-01615,HFB-01615,rca_text,结合传感器能量和检测记录，溢流阀的泄漏异常与材料阶段高风险实体 HMAT-00324 一致。,0.6224,hydraulic
EVO_TEXT_HFB-01615,HFB-01615,fault_evolution_text,材料阶段风险与运行工况耦合后引起状态劣化，检测指标随严重度同步升高。,0.6224,hydraulic
RCA_TEXT_HFB-01616,HFB-01616,rca_text,该案例表现为中度温度异常，根因更可能由运维阶段隐患累积触发。,0.5961,hydraulic
EVO_TEXT_HFB-01616,HFB-01616,fault_evolution_text,运维阶段风险与运行工况耦合后引起状态劣化，检测指标随严重度同步升高。,0.5961,hydraulic
RCA_TEXT_HFB-01617,HFB-01617,rca_text,结合传感器能量和检测记录，作动筒的流量异常与检测阶段高风险实体 HINSP-01617 一致。,0.5935,hydraulic
EVO_TEXT_HFB-01617,HFB-01617,fault_evolution_text,早期异常较弱，运行载荷放大后出现指标漂移，并逐步演化为轻微故障。,0.5935,hydraulic
RCA_TEXT_HFB-01618,HFB-01618,rca_text,该案例表现为轻微压力异常，根因更可能由材料阶段隐患累积触发。,0.6027,hydraulic
EVO_TEXT_HFB-01618,HFB-01618,fault_evolution_text,隐患先导致局部性能退化，随后传感器能量向关联通道集中，最终形成压力异常。,0.6027,hydraulic
RCA_TEXT_HFB-01619,HFB-01619,rca_text,该案例表现为轻微阀芯卡滞，根因更可能由运维阶段隐患累积触发。,0.5974,hydraulic
EVO_TEXT_HFB-01619,HFB-01619,fault_evolution_text,运维阶段风险与运行工况耦合后引起状态劣化，检测指标随严重度同步升高。,0.5974,hydraulic
RCA_TEXT_HFB-01620,HFB-01620,rca_text,液压油箱出现中度流量异常，生命周期风险集中在设计阶段，建议优先追溯 HDES-00575。,0.6179,hydraulic
EVO_TEXT_HFB-01620,HFB-01620,fault_evolution_text,隐患先导致局部性能退化，随后传感器能量向关联通道集中，最终形成流量异常。,0.6179,hydraulic
RCA_TEXT_HFB-01621,HFB-01621,rca_text,结合传感器能量和检测记录，作动筒的泄漏异常与装配阶段高风险实体 HASM-01621 一致。,0.6112,hydraulic
EVO_TEXT_HFB-01621,HFB-01621,fault_evolution_text,早期异常较弱，运行载荷放大后出现指标漂移，并逐步演化为中度故障。,0.6112,hydraulic
RCA_TEXT_HFB-01622,HFB-01622,rca_text,该案例表现为轻微阀芯卡滞，根因更可能由装配阶段隐患累积触发。,0.5458,hydraulic
EVO_TEXT_HFB-01622,HFB-01622,fault_evolution_text,隐患先导致局部性能退化，随后传感器能量向关联通道集中，最终形成阀芯卡滞。,0.5458,hydraulic
RCA_TEXT_HFB-01623,HFB-01623,rca_text,溢流阀出现轻微泄漏异常，生命周期风险集中在装配阶段，建议优先追溯 HASM-01623。,0.6201,hydraulic
EVO_TEXT_HFB-01623,HFB-01623,fault_evolution_text,隐患先导致局部性能退化，随后传感器能量向关联通道集中，最终形成泄漏异常。,0.6201,hydraulic
RCA_TEXT_HFB-01624,HFB-01624,rca_text,该案例表现为中度阀芯卡滞，根因更可能由检测阶段隐患累积触发。,0.6234,hydraulic
EVO_TEXT_HFB-01624,HFB-01624,fault_evolution_text,早期异常较弱，运行载荷放大后出现指标漂移，并逐步演化为中度故障。,0.6234,hydraulic
RCA_TEXT_HFB-01625,HFB-01625,rca_text,结合传感器能量和检测记录，过滤器的阀芯卡滞与制造阶段高风险实体 HMAN-00984 一致。,0.5389,hydraulic
EVO_TEXT_HFB-01625,HFB-01625,fault_evolution_text,制造阶段风险与运行工况耦合后引起状态劣化，检测指标随严重度同步升高。,0.5389,hydraulic
RCA_TEXT_HFB-01626,HFB-01626,rca_text,作动筒出现中度振动异常，生命周期风险集中在运维阶段，建议优先追溯 HOPR-01626。,0.5865,hydraulic
EVO_TEXT_HFB-01626,HFB-01626,fault_evolution_text,隐患先导致局部性能退化，随后传感器能量向关联通道集中，最终形成振动异常。,0.5865,hydraulic
RCA_TEXT_HFB-01627,HFB-01627,rca_text,液压油箱出现轻微温度异常，生命周期风险集中在装配阶段，建议优先追溯 HASM-01627。,0.5879,hydraulic
EVO_TEXT_HFB-01627,HFB-01627,fault_evolution_text,装配阶段风险与运行工况耦合后引起状态劣化，检测指标随严重度同步升高。,0.5879,hydraulic
RCA_TEXT_HFB-01628,HFB-01628,rca_text,该案例表现为中度流量异常，根因更可能由运维阶段隐患累积触发。,0.5968,hydraulic
EVO_TEXT_HFB-01628,HFB-01628,fault_evolution_text,运维阶段风险与运行工况耦合后引起状态劣化，检测指标随严重度同步升高。,0.5968,hydraulic
RCA_TEXT_HFB-01629,HFB-01629,rca_text,结合传感器能量和检测记录，液压泵总成的振动异常与材料阶段高风险实体 HMAT-00495 一致。,0.6434,hydraulic
EVO_TEXT_HFB-01629,HFB-01629,fault_evolution_text,隐患先导致局部性能退化，随后传感器能量向关联通道集中，最终形成振动异常。,0.6434,hydraulic
RCA_TEXT_HFB-01630,HFB-01630,rca_text,方向控制阀出现轻微泄漏异常，生命周期风险集中在材料阶段，建议优先追溯 HMAT-00048。,0.5524,hydraulic
EVO_TEXT_HFB-01630,HFB-01630,fault_evolution_text,早期异常较弱，运行载荷放大后出现指标漂移，并逐步演化为轻微故障。,0.5524,hydraulic
RCA_TEXT_HFB-01631,HFB-01631,rca_text,结合传感器能量和检测记录，卸荷阀的振动异常与装配阶段高风险实体 HASM-01631 一致。,0.5538,hydraulic
EVO_TEXT_HFB-01631,HFB-01631,fault_evolution_text,隐患先导致局部性能退化，随后传感器能量向关联通道集中，最终形成振动异常。,0.5538,hydraulic
RCA_TEXT_HFB-01632,HFB-01632,rca_text,液压油箱出现轻微压力异常，生命周期风险集中在运维阶段，建议优先追溯 HOPR-01632。,0.6206,hydraulic
EVO_TEXT_HFB-01632,HFB-01632,fault_evolution_text,运维阶段风险与运行工况耦合后引起状态劣化，检测指标随严重度同步升高。,0.6206,hydraulic
RCA_TEXT_HFB-01633,HFB-01633,rca_text,该案例表现为中度泄漏异常，根因更可能由运维阶段隐患累积触发。,0.6534,hydraulic
EVO_TEXT_HFB-01633,HFB-01633,fault_evolution_text,早期异常较弱，运行载荷放大后出现指标漂移，并逐步演化为中度故障。,0.6534,hydraulic
RCA_TEXT_HFB-01634,HFB-01634,rca_text,该案例表现为中度泄漏异常，根因更可能由运维阶段隐患累积触发。,0.6271,hydraulic
EVO_TEXT_HFB-01634,HFB-01634,fault_evolution_text,运维阶段风险与运行工况耦合后引起状态劣化，检测指标随严重度同步升高。,0.6271,hydraulic
RCA_TEXT_HFB-01635,HFB-01635,rca_text,结合传感器能量和检测记录，冷却器的温度异常与材料阶段高风险实体 HMAT-00196 一致。,0.5923,hydraulic
EVO_TEXT_HFB-01635,HFB-01635,fault_evolution_text,材料阶段风险与运行工况耦合后引起状态劣化，检测指标随严重度同步升高。,0.5923,hydraulic
RCA_TEXT_HFB-01636,HFB-01636,rca_text,液压油箱出现轻微振动异常，生命周期风险集中在运维阶段，建议优先追溯 HOPR-01636。,0.6036,hydraulic
EVO_TEXT_HFB-01636,HFB-01636,fault_evolution_text,早期异常较弱，运行载荷放大后出现指标漂移，并逐步演化为轻微故障。,0.6036,hydraulic
RCA_TEXT_HFB-01637,HFB-01637,rca_text,结合传感器能量和检测记录，液压泵总成的阀芯卡滞与材料阶段高风险实体 HMAT-00328 一致。,0.5805,hydraulic
EVO_TEXT_HFB-01637,HFB-01637,fault_evolution_text,早期异常较弱，运行载荷放大后出现指标漂移，并逐步演化为轻微故障。,0.5805,hydraulic
RCA_TEXT_HFB-01638,HFB-01638,rca_text,该案例表现为中度压力异常，根因更可能由运维阶段隐患累积触发。,0.6325,hydraulic
EVO_TEXT_HFB-01638,HFB-01638,fault_evolution_text,运维阶段风险与运行工况耦合后引起状态劣化，检测指标随严重度同步升高。,0.6325,hydraulic
RCA_TEXT_HFB-01639,HFB-01639,rca_text,管路总成出现中度流量异常，生命周期风险集中在装配阶段，建议优先追溯 HASM-01639。,0.6148,hydraulic
EVO_TEXT_HFB-01639,HFB-01639,fault_evolution_text,隐患先导致局部性能退化，随后传感器能量向关联通道集中，最终形成流量异常。,0.6148,hydraulic
RCA_TEXT_HFB-01640,HFB-01640,rca_text,该案例表现为中度泄漏异常，根因更可能由制造阶段隐患累积触发。,0.5627,hydraulic
EVO_TEXT_HFB-01640,HFB-01640,fault_evolution_text,早期异常较弱，运行载荷放大后出现指标漂移，并逐步演化为中度故障。,0.5627,hydraulic
RCA_TEXT_HFB-01641,HFB-01641,rca_text,结合传感器能量和检测记录，单向阀的阀芯卡滞与运维阶段高风险实体 HOPR-01641 一致。,0.5997,hydraulic
EVO_TEXT_HFB-01641,HFB-01641,fault_evolution_text,运维阶段风险与运行工况耦合后引起状态劣化，检测指标随严重度同步升高。,0.5997,hydraulic
RCA_TEXT_HFB-01642,HFB-01642,rca_text,结合传感器能量和检测记录，卸荷阀的压力异常与运维阶段高风险实体 HOPR-01642 一致。,0.6345,hydraulic
EVO_TEXT_HFB-01642,HFB-01642,fault_evolution_text,隐患先导致局部性能退化，随后传感器能量向关联通道集中，最终形成压力异常。,0.6345,hydraulic
RCA_TEXT_HFB-01643,HFB-01643,rca_text,结合传感器能量和检测记录，冷却器的温度异常与运维阶段高风险实体 HOPR-01643 一致。,0.6638,hydraulic
EVO_TEXT_HFB-01643,HFB-01643,fault_evolution_text,运维阶段风险与运行工况耦合后引起状态劣化，检测指标随严重度同步升高。,0.6638,hydraulic
RCA_TEXT_HFB-01644,HFB-01644,rca_text,过滤器出现轻微温度异常，生命周期风险集中在装配阶段，建议优先追溯 HASM-01644。,0.5835,hydraulic
EVO_TEXT_HFB-01644,HFB-01644,fault_evolution_text,装配阶段风险与运行工况耦合后引起状态劣化，检测指标随严重度同步升高。,0.5835,hydraulic
RCA_TEXT_HFB-01645,HFB-01645,rca_text,该案例表现为中度泄漏异常，根因更可能由设计阶段隐患累积触发。,0.673,hydraulic
EVO_TEXT_HFB-01645,HFB-01645,fault_evolution_text,隐患先导致局部性能退化，随后传感器能量向关联通道集中，最终形成泄漏异常。,0.673,hydraulic
RCA_TEXT_HFB-01646,HFB-01646,rca_text,单向阀出现轻微振动异常，生命周期风险集中在制造阶段，建议优先追溯 HMAN-00961。,0.5857,hydraulic
EVO_TEXT_HFB-01646,HFB-01646,fault_evolution_text,隐患先导致局部性能退化，随后传感器能量向关联通道集中，最终形成振动异常。,0.5857,hydraulic
RCA_TEXT_HFB-01647,HFB-01647,rca_text,冷却器出现轻微振动异常，生命周期风险集中在装配阶段，建议优先追溯 HASM-01647。,0.5677,hydraulic
EVO_TEXT_HFB-01647,HFB-01647,fault_evolution_text,早期异常较弱，运行载荷放大后出现指标漂移，并逐步演化为轻微故障。,0.5677,hydraulic
RCA_TEXT_HFB-01648,HFB-01648,rca_text,结合传感器能量和检测记录，冷却器的温度异常与材料阶段高风险实体 HMAT-00181 一致。,0.5864,hydraulic
EVO_TEXT_HFB-01648,HFB-01648,fault_evolution_text,早期异常较弱，运行载荷放大后出现指标漂移，并逐步演化为轻微故障。,0.5864,hydraulic
RCA_TEXT_HFB-01649,HFB-01649,rca_text,结合传感器能量和检测记录，节流阀的流量异常与运维阶段高风险实体 HOPR-01649 一致。,0.6234,hydraulic
EVO_TEXT_HFB-01649,HFB-01649,fault_evolution_text,隐患先导致局部性能退化，随后传感器能量向关联通道集中，最终形成流量异常。,0.6234,hydraulic
RCA_TEXT_HFB-01650,HFB-01650,rca_text,过滤器出现轻微泄漏异常，生命周期风险集中在制造阶段，建议优先追溯 HMAN-00190。,0.5733,hydraulic
EVO_TEXT_HFB-01650,HFB-01650,fault_evolution_text,早期异常较弱，运行载荷放大后出现指标漂移，并逐步演化为轻微故障。,0.5733,hydraulic
RCA_TEXT_HFB-01651,HFB-01651,rca_text,蓄能器出现轻微流量异常，生命周期风险集中在运维阶段，建议优先追溯 HOPR-01651。,0.6033,hydraulic
EVO_TEXT_HFB-01651,HFB-01651,fault_evolution_text,隐患先导致局部性能退化，随后传感器能量向关联通道集中，最终形成流量异常。,0.6033,hydraulic
RCA_TEXT_HFB-01652,HFB-01652,rca_text,该案例表现为中度压力异常，根因更可能由装配阶段隐患累积触发。,0.6649,hydraulic
EVO_TEXT_HFB-01652,HFB-01652,fault_evolution_text,装配阶段风险与运行工况耦合后引起状态劣化，检测指标随严重度同步升高。,0.6649,hydraulic
RCA_TEXT_HFB-01653,HFB-01653,rca_text,该案例表现为轻微泄漏异常，根因更可能由材料阶段隐患累积触发。,0.5565,hydraulic
EVO_TEXT_HFB-01653,HFB-01653,fault_evolution_text,隐患先导致局部性能退化，随后传感器能量向关联通道集中，最终形成泄漏异常。,0.5565,hydraulic
RCA_TEXT_HFB-01654,HFB-01654,rca_text,结合传感器能量和检测记录，溢流阀的泄漏异常与装配阶段高风险实体 HASM-01654 一致。,0.5976,hydraulic
EVO_TEXT_HFB-01654,HFB-01654,fault_evolution_text,装配阶段风险与运行工况耦合后引起状态劣化，检测指标随严重度同步升高。,0.5976,hydraulic
RCA_TEXT_HFB-01655,HFB-01655,rca_text,溢流阀出现中度流量异常，生命周期风险集中在装配阶段，建议优先追溯 HASM-01655。,0.5595,hydraulic
EVO_TEXT_HFB-01655,HFB-01655,fault_evolution_text,隐患先导致局部性能退化，随后传感器能量向关联通道集中，最终形成流量异常。,0.5595,hydraulic
RCA_TEXT_HFB-01656,HFB-01656,rca_text,该案例表现为中度泄漏异常，根因更可能由材料阶段隐患累积触发。,0.5888,hydraulic
EVO_TEXT_HFB-01656,HFB-01656,fault_evolution_text,早期异常较弱，运行载荷放大后出现指标漂移，并逐步演化为中度故障。,0.5888,hydraulic
RCA_TEXT_HFB-01657,HFB-01657,rca_text,结合传感器能量和检测记录，溢流阀的振动异常与设计阶段高风险实体 HDES-00159 一致。,0.5649,hydraulic
EVO_TEXT_HFB-01657,HFB-01657,fault_evolution_text,设计阶段风险与运行工况耦合后引起状态劣化，检测指标随严重度同步升高。,0.5649,hydraulic
RCA_TEXT_HFB-01658,HFB-01658,rca_text,方向控制阀出现中度流量异常，生命周期风险集中在装配阶段，建议优先追溯 HASM-01658。,0.6364,hydraulic
EVO_TEXT_HFB-01658,HFB-01658,fault_evolution_text,装配阶段风险与运行工况耦合后引起状态劣化，检测指标随严重度同步升高。,0.6364,hydraulic
RCA_TEXT_HFB-01659,HFB-01659,rca_text,结合传感器能量和检测记录，液压油箱的流量异常与制造阶段高风险实体 HMAN-00323 一致。,0.6181,hydraulic
EVO_TEXT_HFB-01659,HFB-01659,fault_evolution_text,早期异常较弱，运行载荷放大后出现指标漂移，并逐步演化为中度故障。,0.6181,hydraulic
RCA_TEXT_HFB-01660,HFB-01660,rca_text,卸荷阀出现中度泄漏异常，生命周期风险集中在运维阶段，建议优先追溯 HOPR-01660。,0.5867,hydraulic
EVO_TEXT_HFB-01660,HFB-01660,fault_evolution_text,运维阶段风险与运行工况耦合后引起状态劣化，检测指标随严重度同步升高。,0.5867,hydraulic
RCA_TEXT_HFB-01661,HFB-01661,rca_text,结合传感器能量和检测记录，液压泵总成的压力异常与制造阶段高风险实体 HMAN-00186 一致。,0.6946,hydraulic
EVO_TEXT_HFB-01661,HFB-01661,fault_evolution_text,制造阶段风险与运行工况耦合后引起状态劣化，检测指标随严重度同步升高。,0.6946,hydraulic
RCA_TEXT_HFB-01662,HFB-01662,rca_text,过滤器出现中度温度异常，生命周期风险集中在运维阶段，建议优先追溯 HOPR-01662。,0.6238,hydraulic
EVO_TEXT_HFB-01662,HFB-01662,fault_evolution_text,隐患先导致局部性能退化，随后传感器能量向关联通道集中，最终形成温度异常。,0.6238,hydraulic
RCA_TEXT_HFB-01663,HFB-01663,rca_text,该案例表现为中度压力异常，根因更可能由运维阶段隐患累积触发。,0.5949,hydraulic
EVO_TEXT_HFB-01663,HFB-01663,fault_evolution_text,运维阶段风险与运行工况耦合后引起状态劣化，检测指标随严重度同步升高。,0.5949,hydraulic
RCA_TEXT_HFB-01664,HFB-01664,rca_text,该案例表现为中度温度异常，根因更可能由运维阶段隐患累积触发。,0.6035,hydraulic
EVO_TEXT_HFB-01664,HFB-01664,fault_evolution_text,运维阶段风险与运行工况耦合后引起状态劣化，检测指标随严重度同步升高。,0.6035,hydraulic
RCA_TEXT_HFB-01665,HFB-01665,rca_text,管路总成出现轻微振动异常，生命周期风险集中在材料阶段，建议优先追溯 HMAT-00362。,0.554,hydraulic
EVO_TEXT_HFB-01665,HFB-01665,fault_evolution_text,隐患先导致局部性能退化，随后传感器能量向关联通道集中，最终形成振动异常。,0.554,hydraulic
RCA_TEXT_HFB-01666,HFB-01666,rca_text,结合传感器能量和检测记录，节流阀的阀芯卡滞与运维阶段高风险实体 HOPR-01666 一致。,0.6468,hydraulic
EVO_TEXT_HFB-01666,HFB-01666,fault_evolution_text,运维阶段风险与运行工况耦合后引起状态劣化，检测指标随严重度同步升高。,0.6468,hydraulic
RCA_TEXT_HFB-01667,HFB-01667,rca_text,该案例表现为轻微流量异常，根因更可能由设计阶段隐患累积触发。,0.6226,hydraulic
EVO_TEXT_HFB-01667,HFB-01667,fault_evolution_text,隐患先导致局部性能退化，随后传感器能量向关联通道集中，最终形成流量异常。,0.6226,hydraulic
RCA_TEXT_HFB-01668,HFB-01668,rca_text,结合传感器能量和检测记录，液压油箱的温度异常与制造阶段高风险实体 HMAN-00583 一致。,0.6154,hydraulic
EVO_TEXT_HFB-01668,HFB-01668,fault_evolution_text,制造阶段风险与运行工况耦合后引起状态劣化，检测指标随严重度同步升高。,0.6154,hydraulic
RCA_TEXT_HFB-01669,HFB-01669,rca_text,冷却器出现轻微温度异常，生命周期风险集中在运维阶段，建议优先追溯 HOPR-01669。,0.579,hydraulic
EVO_TEXT_HFB-01669,HFB-01669,fault_evolution_text,运维阶段风险与运行工况耦合后引起状态劣化，检测指标随严重度同步升高。,0.579,hydraulic
RCA_TEXT_HFB-01670,HFB-01670,rca_text,该案例表现为轻微压力异常，根因更可能由材料阶段隐患累积触发。,0.5607,hydraulic
EVO_TEXT_HFB-01670,HFB-01670,fault_evolution_text,隐患先导致局部性能退化，随后传感器能量向关联通道集中，最终形成压力异常。,0.5607,hydraulic
RCA_TEXT_HFB-01671,HFB-01671,rca_text,该案例表现为轻微温度异常，根因更可能由运维阶段隐患累积触发。,0.663,hydraulic
EVO_TEXT_HFB-01671,HFB-01671,fault_evolution_text,运维阶段风险与运行工况耦合后引起状态劣化，检测指标随严重度同步升高。,0.663,hydraulic
RCA_TEXT_HFB-01672,HFB-01672,rca_text,结合传感器能量和检测记录，液压油箱的温度异常与设计阶段高风险实体 HDES-00335 一致。,0.6146,hydraulic
EVO_TEXT_HFB-01672,HFB-01672,fault_evolution_text,隐患先导致局部性能退化，随后传感器能量向关联通道集中，最终形成温度异常。,0.6146,hydraulic
RCA_TEXT_HFB-01673,HFB-01673,rca_text,管路总成出现轻微阀芯卡滞，生命周期风险集中在设计阶段，建议优先追溯 HPIP-00296。,0.5584,hydraulic
EVO_TEXT_HFB-01673,HFB-01673,fault_evolution_text,早期异常较弱，运行载荷放大后出现指标漂移，并逐步演化为轻微故障。,0.5584,hydraulic
RCA_TEXT_HFB-01674,HFB-01674,rca_text,该案例表现为轻微阀芯卡滞，根因更可能由材料阶段隐患累积触发。,0.5462,hydraulic
EVO_TEXT_HFB-01674,HFB-01674,fault_evolution_text,材料阶段风险与运行工况耦合后引起状态劣化，检测指标随严重度同步升高。,0.5462,hydraulic
RCA_TEXT_HFB-01675,HFB-01675,rca_text,液压泵总成出现轻微流量异常，生命周期风险集中在运维阶段，建议优先追溯 HOPR-01675。,0.5768,hydraulic
EVO_TEXT_HFB-01675,HFB-01675,fault_evolution_text,隐患先导致局部性能退化，随后传感器能量向关联通道集中，最终形成流量异常。,0.5768,hydraulic
RCA_TEXT_HFB-01676,HFB-01676,rca_text,该案例表现为中度压力异常，根因更可能由制造阶段隐患累积触发。,0.6181,hydraulic
EVO_TEXT_HFB-01676,HFB-01676,fault_evolution_text,制造阶段风险与运行工况耦合后引起状态劣化，检测指标随严重度同步升高。,0.6181,hydraulic
RCA_TEXT_HFB-01677,HFB-01677,rca_text,该案例表现为轻微压力异常，根因更可能由运维阶段隐患累积触发。,0.6178,hydraulic
EVO_TEXT_HFB-01677,HFB-01677,fault_evolution_text,运维阶段风险与运行工况耦合后引起状态劣化，检测指标随严重度同步升高。,0.6178,hydraulic
RCA_TEXT_HFB-01678,HFB-01678,rca_text,结合传感器能量和检测记录，过滤器的阀芯卡滞与运维阶段高风险实体 HOPR-01678 一致。,0.5962,hydraulic
EVO_TEXT_HFB-01678,HFB-01678,fault_evolution_text,运维阶段风险与运行工况耦合后引起状态劣化，检测指标随严重度同步升高。,0.5962,hydraulic
RCA_TEXT_HFB-01679,HFB-01679,rca_text,冷却器出现中度温度异常，生命周期风险集中在制造阶段，建议优先追溯 HMAN-00387。,0.6272,hydraulic
EVO_TEXT_HFB-01679,HFB-01679,fault_evolution_text,制造阶段风险与运行工况耦合后引起状态劣化，检测指标随严重度同步升高。,0.6272,hydraulic
RCA_TEXT_HFB-01680,HFB-01680,rca_text,节流阀出现轻微泄漏异常，生命周期风险集中在装配阶段，建议优先追溯 HASM-01680。,0.5822,hydraulic
EVO_TEXT_HFB-01680,HFB-01680,fault_evolution_text,早期异常较弱，运行载荷放大后出现指标漂移，并逐步演化为轻微故障。,0.5822,hydraulic
RCA_TEXT_HFB-01681,HFB-01681,rca_text,结合传感器能量和检测记录，管路总成的振动异常与运维阶段高风险实体 HOPR-01681 一致。,0.6305,hydraulic
EVO_TEXT_HFB-01681,HFB-01681,fault_evolution_text,运维阶段风险与运行工况耦合后引起状态劣化，检测指标随严重度同步升高。,0.6305,hydraulic
RCA_TEXT_HFB-01682,HFB-01682,rca_text,该案例表现为中度泄漏异常，根因更可能由材料阶段隐患累积触发。,0.688,hydraulic
EVO_TEXT_HFB-01682,HFB-01682,fault_evolution_text,隐患先导致局部性能退化，随后传感器能量向关联通道集中，最终形成泄漏异常。,0.688,hydraulic
RCA_TEXT_HFB-01683,HFB-01683,rca_text,结合传感器能量和检测记录，作动筒的温度异常与装配阶段高风险实体 HASM-01683 一致。,0.5632,hydraulic
EVO_TEXT_HFB-01683,HFB-01683,fault_evolution_text,早期异常较弱，运行载荷放大后出现指标漂移，并逐步演化为轻微故障。,0.5632,hydraulic
RCA_TEXT_HFB-01684,HFB-01684,rca_text,结合传感器能量和检测记录，过滤器的温度异常与设计阶段高风险实体 HDES-00994 一致。,0.6279,hydraulic
EVO_TEXT_HFB-01684,HFB-01684,fault_evolution_text,设计阶段风险与运行工况耦合后引起状态劣化，检测指标随严重度同步升高。,0.6279,hydraulic
RCA_TEXT_HFB-01685,HFB-01685,rca_text,结合传感器能量和检测记录，冷却器的流量异常与运维阶段高风险实体 HOPR-01685 一致。,0.5915,hydraulic
EVO_TEXT_HFB-01685,HFB-01685,fault_evolution_text,运维阶段风险与运行工况耦合后引起状态劣化，检测指标随严重度同步升高。,0.5915,hydraulic
RCA_TEXT_HFB-01686,HFB-01686,rca_text,冷却器出现轻微阀芯卡滞，生命周期风险集中在运维阶段，建议优先追溯 HOPR-01686。,0.6305,hydraulic
EVO_TEXT_HFB-01686,HFB-01686,fault_evolution_text,运维阶段风险与运行工况耦合后引起状态劣化，检测指标随严重度同步升高。,0.6305,hydraulic
RCA_TEXT_HFB-01687,HFB-01687,rca_text,管路总成出现中度流量异常，生命周期风险集中在运维阶段，建议优先追溯 HOPR-01687。,0.6039,hydraulic
EVO_TEXT_HFB-01687,HFB-01687,fault_evolution_text,运维阶段风险与运行工况耦合后引起状态劣化，检测指标随严重度同步升高。,0.6039,hydraulic
RCA_TEXT_HFB-01688,HFB-01688,rca_text,节流阀出现轻微振动异常，生命周期风险集中在运维阶段，建议优先追溯 HOPR-01688。,0.5808,hydraulic
EVO_TEXT_HFB-01688,HFB-01688,fault_evolution_text,运维阶段风险与运行工况耦合后引起状态劣化，检测指标随严重度同步升高。,0.5808,hydraulic
RCA_TEXT_HFB-01689,HFB-01689,rca_text,作动筒出现轻微压力异常，生命周期风险集中在运维阶段，建议优先追溯 HOPR-01689。,0.6058,hydraulic
EVO_TEXT_HFB-01689,HFB-01689,fault_evolution_text,隐患先导致局部性能退化，随后传感器能量向关联通道集中，最终形成压力异常。,0.6058,hydraulic
RCA_TEXT_HFB-01690,HFB-01690,rca_text,节流阀出现轻微泄漏异常，生命周期风险集中在装配阶段，建议优先追溯 HASM-01690。,0.5779,hydraulic
EVO_TEXT_HFB-01690,HFB-01690,fault_evolution_text,装配阶段风险与运行工况耦合后引起状态劣化，检测指标随严重度同步升高。,0.5779,hydraulic
RCA_TEXT_HFB-01691,HFB-01691,rca_text,该案例表现为中度温度异常，根因更可能由运维阶段隐患累积触发。,0.6869,hydraulic
EVO_TEXT_HFB-01691,HFB-01691,fault_evolution_text,运维阶段风险与运行工况耦合后引起状态劣化，检测指标随严重度同步升高。,0.6869,hydraulic
RCA_TEXT_HFB-01692,HFB-01692,rca_text,该案例表现为中度泄漏异常，根因更可能由设计阶段隐患累积触发。,0.5572,hydraulic
EVO_TEXT_HFB-01692,HFB-01692,fault_evolution_text,早期异常较弱，运行载荷放大后出现指标漂移，并逐步演化为中度故障。,0.5572,hydraulic
RCA_TEXT_HFB-01693,HFB-01693,rca_text,该案例表现为轻微泄漏异常，根因更可能由装配阶段隐患累积触发。,0.548,hydraulic
EVO_TEXT_HFB-01693,HFB-01693,fault_evolution_text,装配阶段风险与运行工况耦合后引起状态劣化，检测指标随严重度同步升高。,0.548,hydraulic
RCA_TEXT_HFB-01694,HFB-01694,rca_text,结合传感器能量和检测记录，冷却器的阀芯卡滞与运维阶段高风险实体 HOPR-01694 一致。,0.6473,hydraulic
EVO_TEXT_HFB-01694,HFB-01694,fault_evolution_text,隐患先导致局部性能退化，随后传感器能量向关联通道集中，最终形成阀芯卡滞。,0.6473,hydraulic
RCA_TEXT_HFB-01695,HFB-01695,rca_text,结合传感器能量和检测记录，冷却器的阀芯卡滞与材料阶段高风险实体 HMAT-00068 一致。,0.5966,hydraulic
EVO_TEXT_HFB-01695,HFB-01695,fault_evolution_text,材料阶段风险与运行工况耦合后引起状态劣化，检测指标随严重度同步升高。,0.5966,hydraulic
RCA_TEXT_HFB-01696,HFB-01696,rca_text,溢流阀出现中度阀芯卡滞，生命周期风险集中在装配阶段，建议优先追溯 HASM-01696。,0.6742,hydraulic
EVO_TEXT_HFB-01696,HFB-01696,fault_evolution_text,装配阶段风险与运行工况耦合后引起状态劣化，检测指标随严重度同步升高。,0.6742,hydraulic
RCA_TEXT_HFB-01697,HFB-01697,rca_text,溢流阀出现轻微流量异常，生命周期风险集中在检测阶段，建议优先追溯 HINSP-01697。,0.5893,hydraulic
EVO_TEXT_HFB-01697,HFB-01697,fault_evolution_text,隐患先导致局部性能退化，随后传感器能量向关联通道集中，最终形成流量异常。,0.5893,hydraulic
RCA_TEXT_HFB-01698,HFB-01698,rca_text,该案例表现为轻微泄漏异常，根因更可能由运维阶段隐患累积触发。,0.5701,hydraulic
EVO_TEXT_HFB-01698,HFB-01698,fault_evolution_text,隐患先导致局部性能退化，随后传感器能量向关联通道集中，最终形成泄漏异常。,0.5701,hydraulic
RCA_TEXT_HFB-01699,HFB-01699,rca_text,该案例表现为中度泄漏异常，根因更可能由材料阶段隐患累积触发。,0.6409,hydraulic
EVO_TEXT_HFB-01699,HFB-01699,fault_evolution_text,材料阶段风险与运行工况耦合后引起状态劣化，检测指标随严重度同步升高。,0.6409,hydraulic
RCA_TEXT_HFB-01700,HFB-01700,rca_text,该案例表现为中度泄漏异常，根因更可能由运维阶段隐患累积触发。,0.6187,hydraulic
EVO_TEXT_HFB-01700,HFB-01700,fault_evolution_text,早期异常较弱，运行载荷放大后出现指标漂移，并逐步演化为中度故障。,0.6187,hydraulic
RCA_TEXT_HFB-01701,HFB-01701,rca_text,结合传感器能量和检测记录，溢流阀的泄漏异常与材料阶段高风险实体 HMAT-00521 一致。,0.6717,hydraulic
EVO_TEXT_HFB-01701,HFB-01701,fault_evolution_text,隐患先导致局部性能退化，随后传感器能量向关联通道集中，最终形成泄漏异常。,0.6717,hydraulic
RCA_TEXT_HFB-01702,HFB-01702,rca_text,该案例表现为中度压力异常，根因更可能由装配阶段隐患累积触发。,0.6542,hydraulic
EVO_TEXT_HFB-01702,HFB-01702,fault_evolution_text,隐患先导致局部性能退化，随后传感器能量向关联通道集中，最终形成压力异常。,0.6542,hydraulic
RCA_TEXT_HFB-01703,HFB-01703,rca_text,冷却器出现轻微温度异常，生命周期风险集中在运维阶段，建议优先追溯 HOPR-01703。,0.6218,hydraulic
EVO_TEXT_HFB-01703,HFB-01703,fault_evolution_text,隐患先导致局部性能退化，随后传感器能量向关联通道集中，最终形成温度异常。,0.6218,hydraulic
RCA_TEXT_HFB-01704,HFB-01704,rca_text,结合传感器能量和检测记录，液压泵总成的泄漏异常与运维阶段高风险实体 HOPR-01704 一致。,0.6021,hydraulic
EVO_TEXT_HFB-01704,HFB-01704,fault_evolution_text,早期异常较弱，运行载荷放大后出现指标漂移，并逐步演化为中度故障。,0.6021,hydraulic
RCA_TEXT_HFB-01705,HFB-01705,rca_text,该案例表现为轻微阀芯卡滞，根因更可能由制造阶段隐患累积触发。,0.5703,hydraulic
EVO_TEXT_HFB-01705,HFB-01705,fault_evolution_text,早期异常较弱，运行载荷放大后出现指标漂移，并逐步演化为轻微故障。,0.5703,hydraulic
RCA_TEXT_HFB-01706,HFB-01706,rca_text,结合传感器能量和检测记录，过滤器的泄漏异常与设计阶段高风险实体 HDES-00998 一致。,0.5591,hydraulic
EVO_TEXT_HFB-01706,HFB-01706,fault_evolution_text,隐患先导致局部性能退化，随后传感器能量向关联通道集中，最终形成泄漏异常。,0.5591,hydraulic
RCA_TEXT_HFB-01707,HFB-01707,rca_text,该案例表现为中度泄漏异常，根因更可能由运维阶段隐患累积触发。,0.6645,hydraulic
EVO_TEXT_HFB-01707,HFB-01707,fault_evolution_text,运维阶段风险与运行工况耦合后引起状态劣化，检测指标随严重度同步升高。,0.6645,hydraulic
RCA_TEXT_HFB-01708,HFB-01708,rca_text,结合传感器能量和检测记录，蓄能器的振动异常与运维阶段高风险实体 HOPR-01708 一致。,0.6184,hydraulic
EVO_TEXT_HFB-01708,HFB-01708,fault_evolution_text,隐患先导致局部性能退化，随后传感器能量向关联通道集中，最终形成振动异常。,0.6184,hydraulic
RCA_TEXT_HFB-01709,HFB-01709,rca_text,结合传感器能量和检测记录，方向控制阀的阀芯卡滞与材料阶段高风险实体 HMAT-00376 一致。,0.5898,hydraulic
EVO_TEXT_HFB-01709,HFB-01709,fault_evolution_text,早期异常较弱，运行载荷放大后出现指标漂移，并逐步演化为轻微故障。,0.5898,hydraulic
RCA_TEXT_HFB-01710,HFB-01710,rca_text,该案例表现为轻微阀芯卡滞，根因更可能由制造阶段隐患累积触发。,0.5901,hydraulic
EVO_TEXT_HFB-01710,HFB-01710,fault_evolution_text,制造阶段风险与运行工况耦合后引起状态劣化，检测指标随严重度同步升高。,0.5901,hydraulic
RCA_TEXT_HFB-01711,HFB-01711,rca_text,结合传感器能量和检测记录，液压油箱的阀芯卡滞与运维阶段高风险实体 HOPR-01711 一致。,0.5568,hydraulic
EVO_TEXT_HFB-01711,HFB-01711,fault_evolution_text,运维阶段风险与运行工况耦合后引起状态劣化，检测指标随严重度同步升高。,0.5568,hydraulic
RCA_TEXT_HFB-01712,HFB-01712,rca_text,结合传感器能量和检测记录，方向控制阀的阀芯卡滞与制造阶段高风险实体 HMAN-00977 一致。,0.6481,hydraulic
EVO_TEXT_HFB-01712,HFB-01712,fault_evolution_text,隐患先导致局部性能退化，随后传感器能量向关联通道集中，最终形成阀芯卡滞。,0.6481,hydraulic
RCA_TEXT_HFB-01713,HFB-01713,rca_text,结合传感器能量和检测记录，冷却器的泄漏异常与运维阶段高风险实体 HOPR-01713 一致。,0.5865,hydraulic
EVO_TEXT_HFB-01713,HFB-01713,fault_evolution_text,隐患先导致局部性能退化，随后传感器能量向关联通道集中，最终形成泄漏异常。,0.5865,hydraulic
RCA_TEXT_HFB-01714,HFB-01714,rca_text,该案例表现为轻微压力异常，根因更可能由制造阶段隐患累积触发。,0.5283,hydraulic
EVO_TEXT_HFB-01714,HFB-01714,fault_evolution_text,制造阶段风险与运行工况耦合后引起状态劣化，检测指标随严重度同步升高。,0.5283,hydraulic
RCA_TEXT_HFB-01715,HFB-01715,rca_text,该案例表现为轻微阀芯卡滞，根因更可能由运维阶段隐患累积触发。,0.6202,hydraulic
EVO_TEXT_HFB-01715,HFB-01715,fault_evolution_text,隐患先导致局部性能退化，随后传感器能量向关联通道集中，最终形成阀芯卡滞。,0.6202,hydraulic
RCA_TEXT_HFB-01716,HFB-01716,rca_text,该案例表现为轻微振动异常，根因更可能由材料阶段隐患累积触发。,0.5913,hydraulic
EVO_TEXT_HFB-01716,HFB-01716,fault_evolution_text,早期异常较弱，运行载荷放大后出现指标漂移，并逐步演化为轻微故障。,0.5913,hydraulic
RCA_TEXT_HFB-01717,HFB-01717,rca_text,管路总成出现中度流量异常，生命周期风险集中在检测阶段，建议优先追溯 HINSP-01717。,0.6136,hydraulic
EVO_TEXT_HFB-01717,HFB-01717,fault_evolution_text,隐患先导致局部性能退化，随后传感器能量向关联通道集中，最终形成流量异常。,0.6136,hydraulic
RCA_TEXT_HFB-01718,HFB-01718,rca_text,该案例表现为中度振动异常，根因更可能由设计阶段隐患累积触发。,0.6354,hydraulic
EVO_TEXT_HFB-01718,HFB-01718,fault_evolution_text,早期异常较弱，运行载荷放大后出现指标漂移，并逐步演化为中度故障。,0.6354,hydraulic
RCA_TEXT_HFB-01719,HFB-01719,rca_text,该案例表现为中度温度异常，根因更可能由检测阶段隐患累积触发。,0.6105,hydraulic
EVO_TEXT_HFB-01719,HFB-01719,fault_evolution_text,检测阶段风险与运行工况耦合后引起状态劣化，检测指标随严重度同步升高。,0.6105,hydraulic
RCA_TEXT_HFB-01720,HFB-01720,rca_text,该案例表现为轻微振动异常，根因更可能由运维阶段隐患累积触发。,0.5851,hydraulic
EVO_TEXT_HFB-01720,HFB-01720,fault_evolution_text,运维阶段风险与运行工况耦合后引起状态劣化，检测指标随严重度同步升高。,0.5851,hydraulic
RCA_TEXT_HFB-01721,HFB-01721,rca_text,卸荷阀出现轻微泄漏异常，生命周期风险集中在材料阶段，建议优先追溯 HMAT-00339。,0.5944,hydraulic
EVO_TEXT_HFB-01721,HFB-01721,fault_evolution_text,隐患先导致局部性能退化，随后传感器能量向关联通道集中，最终形成泄漏异常。,0.5944,hydraulic
RCA_TEXT_HFB-01722,HFB-01722,rca_text,卸荷阀出现中度阀芯卡滞，生命周期风险集中在制造阶段，建议优先追溯 HMAN-01110。,0.5975,hydraulic
EVO_TEXT_HFB-01722,HFB-01722,fault_evolution_text,制造阶段风险与运行工况耦合后引起状态劣化，检测指标随严重度同步升高。,0.5975,hydraulic
RCA_TEXT_HFB-01723,HFB-01723,rca_text,管路总成出现中度振动异常，生命周期风险集中在设计阶段，建议优先追溯 HPIP-00305。,0.6153,hydraulic
EVO_TEXT_HFB-01723,HFB-01723,fault_evolution_text,早期异常较弱，运行载荷放大后出现指标漂移，并逐步演化为中度故障。,0.6153,hydraulic
RCA_TEXT_HFB-01724,HFB-01724,rca_text,结合传感器能量和检测记录，液压泵总成的泄漏异常与运维阶段高风险实体 HOPR-01724 一致。,0.5446,hydraulic
EVO_TEXT_HFB-01724,HFB-01724,fault_evolution_text,运维阶段风险与运行工况耦合后引起状态劣化，检测指标随严重度同步升高。,0.5446,hydraulic
RCA_TEXT_HFB-01725,HFB-01725,rca_text,过滤器出现轻微温度异常，生命周期风险集中在运维阶段，建议优先追溯 HOPR-01725。,0.5731,hydraulic
EVO_TEXT_HFB-01725,HFB-01725,fault_evolution_text,运维阶段风险与运行工况耦合后引起状态劣化，检测指标随严重度同步升高。,0.5731,hydraulic
RCA_TEXT_HFB-01726,HFB-01726,rca_text,该案例表现为轻微阀芯卡滞，根因更可能由制造阶段隐患累积触发。,0.5564,hydraulic
EVO_TEXT_HFB-01726,HFB-01726,fault_evolution_text,早期异常较弱，运行载荷放大后出现指标漂移，并逐步演化为轻微故障。,0.5564,hydraulic
RCA_TEXT_HFB-01727,HFB-01727,rca_text,该案例表现为轻微振动异常，根因更可能由材料阶段隐患累积触发。,0.5062,hydraulic
EVO_TEXT_HFB-01727,HFB-01727,fault_evolution_text,隐患先导致局部性能退化，随后传感器能量向关联通道集中，最终形成振动异常。,0.5062,hydraulic
RCA_TEXT_HFB-01728,HFB-01728,rca_text,过滤器出现轻微温度异常，生命周期风险集中在运维阶段，建议优先追溯 HOPR-01728。,0.5812,hydraulic
EVO_TEXT_HFB-01728,HFB-01728,fault_evolution_text,早期异常较弱，运行载荷放大后出现指标漂移，并逐步演化为轻微故障。,0.5812,hydraulic
RCA_TEXT_HFB-01729,HFB-01729,rca_text,单向阀出现轻微阀芯卡滞，生命周期风险集中在运维阶段，建议优先追溯 HOPR-01729。,0.598,hydraulic
EVO_TEXT_HFB-01729,HFB-01729,fault_evolution_text,早期异常较弱，运行载荷放大后出现指标漂移，并逐步演化为轻微故障。,0.598,hydraulic
RCA_TEXT_HFB-01730,HFB-01730,rca_text,溢流阀出现轻微阀芯卡滞，生命周期风险集中在材料阶段，建议优先追溯 HMAT-00153。,0.6556,hydraulic
EVO_TEXT_HFB-01730,HFB-01730,fault_evolution_text,材料阶段风险与运行工况耦合后引起状态劣化，检测指标随严重度同步升高。,0.6556,hydraulic
RCA_TEXT_HFB-01731,HFB-01731,rca_text,液压油箱出现轻微温度异常，生命周期风险集中在运维阶段，建议优先追溯 HOPR-01731。,0.5635,hydraulic
EVO_TEXT_HFB-01731,HFB-01731,fault_evolution_text,隐患先导致局部性能退化，随后传感器能量向关联通道集中，最终形成温度异常。,0.5635,hydraulic
RCA_TEXT_HFB-01732,HFB-01732,rca_text,该案例表现为中度泄漏异常，根因更可能由装配阶段隐患累积触发。,0.6825,hydraulic
EVO_TEXT_HFB-01732,HFB-01732,fault_evolution_text,隐患先导致局部性能退化，随后传感器能量向关联通道集中，最终形成泄漏异常。,0.6825,hydraulic
RCA_TEXT_HFB-01733,HFB-01733,rca_text,该案例表现为轻微振动异常，根因更可能由设计阶段隐患累积触发。,0.5188,hydraulic
EVO_TEXT_HFB-01733,HFB-01733,fault_evolution_text,早期异常较弱，运行载荷放大后出现指标漂移，并逐步演化为轻微故障。,0.5188,hydraulic
RCA_TEXT_HFB-01734,HFB-01734,rca_text,结合传感器能量和检测记录，卸荷阀的压力异常与装配阶段高风险实体 HASM-01734 一致。,0.5636,hydraulic
EVO_TEXT_HFB-01734,HFB-01734,fault_evolution_text,装配阶段风险与运行工况耦合后引起状态劣化，检测指标随严重度同步升高。,0.5636,hydraulic
RCA_TEXT_HFB-01735,HFB-01735,rca_text,结合传感器能量和检测记录，液压泵总成的温度异常与运维阶段高风险实体 HOPR-01735 一致。,0.5847,hydraulic
EVO_TEXT_HFB-01735,HFB-01735,fault_evolution_text,早期异常较弱，运行载荷放大后出现指标漂移，并逐步演化为轻微故障。,0.5847,hydraulic
RCA_TEXT_HFB-01736,HFB-01736,rca_text,结合传感器能量和检测记录，作动筒的振动异常与检测阶段高风险实体 HINSP-01736 一致。,0.5428,hydraulic
EVO_TEXT_HFB-01736,HFB-01736,fault_evolution_text,早期异常较弱，运行载荷放大后出现指标漂移，并逐步演化为轻微故障。,0.5428,hydraulic
RCA_TEXT_HFB-01737,HFB-01737,rca_text,冷却器出现轻微振动异常，生命周期风险集中在设计阶段，建议优先追溯 HDES-00215。,0.5528,hydraulic
EVO_TEXT_HFB-01737,HFB-01737,fault_evolution_text,隐患先导致局部性能退化，随后传感器能量向关联通道集中，最终形成振动异常。,0.5528,hydraulic
RCA_TEXT_HFB-01738,HFB-01738,rca_text,该案例表现为轻微振动异常，根因更可能由运维阶段隐患累积触发。,0.5273,hydraulic
EVO_TEXT_HFB-01738,HFB-01738,fault_evolution_text,运维阶段风险与运行工况耦合后引起状态劣化，检测指标随严重度同步升高。,0.5273,hydraulic
RCA_TEXT_HFB-01739,HFB-01739,rca_text,溢流阀出现中度压力异常，生命周期风险集中在设计阶段，建议优先追溯 HDES-00576。,0.6113,hydraulic
EVO_TEXT_HFB-01739,HFB-01739,fault_evolution_text,早期异常较弱，运行载荷放大后出现指标漂移，并逐步演化为中度故障。,0.6113,hydraulic
RCA_TEXT_HFB-01740,HFB-01740,rca_text,卸荷阀出现轻微压力异常，生命周期风险集中在运维阶段，建议优先追溯 HOPR-01740。,0.5708,hydraulic
EVO_TEXT_HFB-01740,HFB-01740,fault_evolution_text,早期异常较弱，运行载荷放大后出现指标漂移，并逐步演化为轻微故障。,0.5708,hydraulic
RCA_TEXT_HFB-01741,HFB-01741,rca_text,液压泵总成出现中度压力异常，生命周期风险集中在运维阶段，建议优先追溯 HOPR-01741。,0.6398,hydraulic
EVO_TEXT_HFB-01741,HFB-01741,fault_evolution_text,隐患先导致局部性能退化，随后传感器能量向关联通道集中，最终形成压力异常。,0.6398,hydraulic
RCA_TEXT_HFB-01742,HFB-01742,rca_text,作动筒出现中度泄漏异常，生命周期风险集中在运维阶段，建议优先追溯 HOPR-01742。,0.5665,hydraulic
EVO_TEXT_HFB-01742,HFB-01742,fault_evolution_text,运维阶段风险与运行工况耦合后引起状态劣化，检测指标随严重度同步升高。,0.5665,hydraulic
RCA_TEXT_HFB-01743,HFB-01743,rca_text,液压油箱出现轻微流量异常，生命周期风险集中在运维阶段，建议优先追溯 HOPR-01743。,0.5629,hydraulic
EVO_TEXT_HFB-01743,HFB-01743,fault_evolution_text,隐患先导致局部性能退化，随后传感器能量向关联通道集中，最终形成流量异常。,0.5629,hydraulic
RCA_TEXT_HFB-01744,HFB-01744,rca_text,结合传感器能量和检测记录，蓄能器的流量异常与运维阶段高风险实体 HOPR-01744 一致。,0.5628,hydraulic
EVO_TEXT_HFB-01744,HFB-01744,fault_evolution_text,运维阶段风险与运行工况耦合后引起状态劣化，检测指标随严重度同步升高。,0.5628,hydraulic
RCA_TEXT_HFB-01745,HFB-01745,rca_text,该案例表现为中度温度异常，根因更可能由运维阶段隐患累积触发。,0.6245,hydraulic
EVO_TEXT_HFB-01745,HFB-01745,fault_evolution_text,早期异常较弱，运行载荷放大后出现指标漂移，并逐步演化为中度故障。,0.6245,hydraulic
RCA_TEXT_HFB-01746,HFB-01746,rca_text,结合传感器能量和检测记录，过滤器的流量异常与设计阶段高风险实体 HDES-00699 一致。,0.6269,hydraulic
EVO_TEXT_HFB-01746,HFB-01746,fault_evolution_text,设计阶段风险与运行工况耦合后引起状态劣化，检测指标随严重度同步升高。,0.6269,hydraulic
RCA_TEXT_HFB-01747,HFB-01747,rca_text,该案例表现为中度泄漏异常，根因更可能由运维阶段隐患累积触发。,0.667,hydraulic
EVO_TEXT_HFB-01747,HFB-01747,fault_evolution_text,运维阶段风险与运行工况耦合后引起状态劣化，检测指标随严重度同步升高。,0.667,hydraulic
RCA_TEXT_HFB-01748,HFB-01748,rca_text,该案例表现为轻微泄漏异常，根因更可能由装配阶段隐患累积触发。,0.5861,hydraulic
EVO_TEXT_HFB-01748,HFB-01748,fault_evolution_text,装配阶段风险与运行工况耦合后引起状态劣化，检测指标随严重度同步升高。,0.5861,hydraulic
RCA_TEXT_HFB-01749,HFB-01749,rca_text,方向控制阀出现轻微流量异常，生命周期风险集中在材料阶段，建议优先追溯 HMAT-00212。,0.5668,hydraulic
EVO_TEXT_HFB-01749,HFB-01749,fault_evolution_text,隐患先导致局部性能退化，随后传感器能量向关联通道集中，最终形成流量异常。,0.5668,hydraulic
RCA_TEXT_HFB-01750,HFB-01750,rca_text,蓄能器出现轻微振动异常，生命周期风险集中在装配阶段，建议优先追溯 HASM-01750。,0.6369,hydraulic
EVO_TEXT_HFB-01750,HFB-01750,fault_evolution_text,早期异常较弱，运行载荷放大后出现指标漂移，并逐步演化为轻微故障。,0.6369,hydraulic
RCA_TEXT_HFB-01751,HFB-01751,rca_text,管路总成出现中度泄漏异常，生命周期风险集中在运维阶段，建议优先追溯 HOPR-01751。,0.6718,hydraulic
EVO_TEXT_HFB-01751,HFB-01751,fault_evolution_text,早期异常较弱，运行载荷放大后出现指标漂移，并逐步演化为中度故障。,0.6718,hydraulic
RCA_TEXT_HFB-01752,HFB-01752,rca_text,该案例表现为中度流量异常，根因更可能由运维阶段隐患累积触发。,0.6301,hydraulic
EVO_TEXT_HFB-01752,HFB-01752,fault_evolution_text,隐患先导致局部性能退化，随后传感器能量向关联通道集中，最终形成流量异常。,0.6301,hydraulic
RCA_TEXT_HFB-01753,HFB-01753,rca_text,该案例表现为轻微压力异常，根因更可能由运维阶段隐患累积触发。,0.651,hydraulic
EVO_TEXT_HFB-01753,HFB-01753,fault_evolution_text,隐患先导致局部性能退化，随后传感器能量向关联通道集中，最终形成压力异常。,0.651,hydraulic
RCA_TEXT_HFB-01754,HFB-01754,rca_text,该案例表现为轻微流量异常，根因更可能由制造阶段隐患累积触发。,0.6568,hydraulic
EVO_TEXT_HFB-01754,HFB-01754,fault_evolution_text,隐患先导致局部性能退化，随后传感器能量向关联通道集中，最终形成流量异常。,0.6568,hydraulic
RCA_TEXT_HFB-01755,HFB-01755,rca_text,卸荷阀出现中度泄漏异常，生命周期风险集中在运维阶段，建议优先追溯 HOPR-01755。,0.6201,hydraulic
EVO_TEXT_HFB-01755,HFB-01755,fault_evolution_text,运维阶段风险与运行工况耦合后引起状态劣化，检测指标随严重度同步升高。,0.6201,hydraulic
RCA_TEXT_HFB-01756,HFB-01756,rca_text,结合传感器能量和检测记录，冷却器的温度异常与运维阶段高风险实体 HOPR-01756 一致。,0.5916,hydraulic
EVO_TEXT_HFB-01756,HFB-01756,fault_evolution_text,隐患先导致局部性能退化，随后传感器能量向关联通道集中，最终形成温度异常。,0.5916,hydraulic
RCA_TEXT_HFB-01757,HFB-01757,rca_text,该案例表现为轻微阀芯卡滞，根因更可能由制造阶段隐患累积触发。,0.6528,hydraulic
EVO_TEXT_HFB-01757,HFB-01757,fault_evolution_text,隐患先导致局部性能退化，随后传感器能量向关联通道集中，最终形成阀芯卡滞。,0.6528,hydraulic
RCA_TEXT_HFB-01758,HFB-01758,rca_text,该案例表现为中度阀芯卡滞，根因更可能由设计阶段隐患累积触发。,0.6042,hydraulic
EVO_TEXT_HFB-01758,HFB-01758,fault_evolution_text,隐患先导致局部性能退化，随后传感器能量向关联通道集中，最终形成阀芯卡滞。,0.6042,hydraulic
RCA_TEXT_HFB-01759,HFB-01759,rca_text,该案例表现为中度阀芯卡滞，根因更可能由检测阶段隐患累积触发。,0.5938,hydraulic
EVO_TEXT_HFB-01759,HFB-01759,fault_evolution_text,检测阶段风险与运行工况耦合后引起状态劣化，检测指标随严重度同步升高。,0.5938,hydraulic
RCA_TEXT_HFB-01760,HFB-01760,rca_text,结合传感器能量和检测记录，液压泵总成的泄漏异常与材料阶段高风险实体 HMAT-00299 一致。,0.5714,hydraulic
EVO_TEXT_HFB-01760,HFB-01760,fault_evolution_text,材料阶段风险与运行工况耦合后引起状态劣化，检测指标随严重度同步升高。,0.5714,hydraulic
RCA_TEXT_HFB-01761,HFB-01761,rca_text,方向控制阀出现轻微振动异常，生命周期风险集中在运维阶段，建议优先追溯 HOPR-01761。,0.598,hydraulic
EVO_TEXT_HFB-01761,HFB-01761,fault_evolution_text,隐患先导致局部性能退化，随后传感器能量向关联通道集中，最终形成振动异常。,0.598,hydraulic
RCA_TEXT_HFB-01762,HFB-01762,rca_text,结合传感器能量和检测记录，作动筒的泄漏异常与运维阶段高风险实体 HOPR-01762 一致。,0.6414,hydraulic
EVO_TEXT_HFB-01762,HFB-01762,fault_evolution_text,隐患先导致局部性能退化，随后传感器能量向关联通道集中，最终形成泄漏异常。,0.6414,hydraulic
RCA_TEXT_HFB-01763,HFB-01763,rca_text,该案例表现为轻微流量异常，根因更可能由运维阶段隐患累积触发。,0.525,hydraulic
EVO_TEXT_HFB-01763,HFB-01763,fault_evolution_text,运维阶段风险与运行工况耦合后引起状态劣化，检测指标随严重度同步升高。,0.525,hydraulic
RCA_TEXT_HFB-01764,HFB-01764,rca_text,单向阀出现轻微温度异常，生命周期风险集中在设计阶段，建议优先追溯 HDES-00316。,0.5245,hydraulic
EVO_TEXT_HFB-01764,HFB-01764,fault_evolution_text,早期异常较弱，运行载荷放大后出现指标漂移，并逐步演化为轻微故障。,0.5245,hydraulic
RCA_TEXT_HFB-01765,HFB-01765,rca_text,结合传感器能量和检测记录，溢流阀的压力异常与运维阶段高风险实体 HOPR-01765 一致。,0.6167,hydraulic
EVO_TEXT_HFB-01765,HFB-01765,fault_evolution_text,早期异常较弱，运行载荷放大后出现指标漂移，并逐步演化为轻微故障。,0.6167,hydraulic
RCA_TEXT_HFB-01766,HFB-01766,rca_text,结合传感器能量和检测记录，作动筒的振动异常与检测阶段高风险实体 HINSP-01766 一致。,0.6043,hydraulic
EVO_TEXT_HFB-01766,HFB-01766,fault_evolution_text,检测阶段风险与运行工况耦合后引起状态劣化，检测指标随严重度同步升高。,0.6043,hydraulic
RCA_TEXT_HFB-01767,HFB-01767,rca_text,该案例表现为轻微流量异常，根因更可能由检测阶段隐患累积触发。,0.6115,hydraulic
EVO_TEXT_HFB-01767,HFB-01767,fault_evolution_text,早期异常较弱，运行载荷放大后出现指标漂移，并逐步演化为轻微故障。,0.6115,hydraulic
RCA_TEXT_HFB-01768,HFB-01768,rca_text,结合传感器能量和检测记录，管路总成的泄漏异常与运维阶段高风险实体 HOPR-01768 一致。,0.6297,hydraulic
EVO_TEXT_HFB-01768,HFB-01768,fault_evolution_text,运维阶段风险与运行工况耦合后引起状态劣化，检测指标随严重度同步升高。,0.6297,hydraulic
RCA_TEXT_HFB-01769,HFB-01769,rca_text,该案例表现为轻微流量异常，根因更可能由装配阶段隐患累积触发。,0.5729,hydraulic
EVO_TEXT_HFB-01769,HFB-01769,fault_evolution_text,隐患先导致局部性能退化，随后传感器能量向关联通道集中，最终形成流量异常。,0.5729,hydraulic
RCA_TEXT_HFB-01770,HFB-01770,rca_text,溢流阀出现轻微泄漏异常，生命周期风险集中在材料阶段，建议优先追溯 HMAT-00570。,0.5933,hydraulic
EVO_TEXT_HFB-01770,HFB-01770,fault_evolution_text,隐患先导致局部性能退化，随后传感器能量向关联通道集中，最终形成泄漏异常。,0.5933,hydraulic
RCA_TEXT_HFB-01771,HFB-01771,rca_text,结合传感器能量和检测记录，溢流阀的阀芯卡滞与制造阶段高风险实体 HMAN-00560 一致。,0.6391,hydraulic
EVO_TEXT_HFB-01771,HFB-01771,fault_evolution_text,早期异常较弱，运行载荷放大后出现指标漂移，并逐步演化为中度故障。,0.6391,hydraulic
RCA_TEXT_HFB-01772,HFB-01772,rca_text,结合传感器能量和检测记录，方向控制阀的温度异常与运维阶段高风险实体 HOPR-01772 一致。,0.5893,hydraulic
EVO_TEXT_HFB-01772,HFB-01772,fault_evolution_text,早期异常较弱，运行载荷放大后出现指标漂移，并逐步演化为轻微故障。,0.5893,hydraulic
RCA_TEXT_HFB-01773,HFB-01773,rca_text,该案例表现为轻微阀芯卡滞，根因更可能由运维阶段隐患累积触发。,0.6089,hydraulic
EVO_TEXT_HFB-01773,HFB-01773,fault_evolution_text,运维阶段风险与运行工况耦合后引起状态劣化，检测指标随严重度同步升高。,0.6089,hydraulic
RCA_TEXT_HFB-01774,HFB-01774,rca_text,单向阀出现轻微振动异常，生命周期风险集中在装配阶段，建议优先追溯 HASM-01774。,0.5869,hydraulic
EVO_TEXT_HFB-01774,HFB-01774,fault_evolution_text,装配阶段风险与运行工况耦合后引起状态劣化，检测指标随严重度同步升高。,0.5869,hydraulic
RCA_TEXT_HFB-01775,HFB-01775,rca_text,卸荷阀出现中度压力异常，生命周期风险集中在运维阶段，建议优先追溯 HOPR-01775。,0.6566,hydraulic
EVO_TEXT_HFB-01775,HFB-01775,fault_evolution_text,运维阶段风险与运行工况耦合后引起状态劣化，检测指标随严重度同步升高。,0.6566,hydraulic
RCA_TEXT_HFB-01776,HFB-01776,rca_text,结合传感器能量和检测记录，管路总成的压力异常与运维阶段高风险实体 HOPR-01776 一致。,0.655,hydraulic
EVO_TEXT_HFB-01776,HFB-01776,fault_evolution_text,运维阶段风险与运行工况耦合后引起状态劣化，检测指标随严重度同步升高。,0.655,hydraulic
RCA_TEXT_HFB-01777,HFB-01777,rca_text,该案例表现为中度压力异常，根因更可能由设计阶段隐患累积触发。,0.5853,hydraulic
EVO_TEXT_HFB-01777,HFB-01777,fault_evolution_text,隐患先导致局部性能退化，随后传感器能量向关联通道集中，最终形成压力异常。,0.5853,hydraulic
RCA_TEXT_HFB-01778,HFB-01778,rca_text,该案例表现为轻微温度异常，根因更可能由材料阶段隐患累积触发。,0.6529,hydraulic
EVO_TEXT_HFB-01778,HFB-01778,fault_evolution_text,早期异常较弱，运行载荷放大后出现指标漂移，并逐步演化为轻微故障。,0.6529,hydraulic
RCA_TEXT_HFB-01779,HFB-01779,rca_text,该案例表现为轻微振动异常，根因更可能由运维阶段隐患累积触发。,0.5918,hydraulic
EVO_TEXT_HFB-01779,HFB-01779,fault_evolution_text,运维阶段风险与运行工况耦合后引起状态劣化，检测指标随严重度同步升高。,0.5918,hydraulic
RCA_TEXT_HFB-01780,HFB-01780,rca_text,单向阀出现轻微阀芯卡滞，生命周期风险集中在制造阶段，建议优先追溯 HMAN-00683。,0.6367,hydraulic
EVO_TEXT_HFB-01780,HFB-01780,fault_evolution_text,隐患先导致局部性能退化，随后传感器能量向关联通道集中，最终形成阀芯卡滞。,0.6367,hydraulic
RCA_TEXT_HFB-01781,HFB-01781,rca_text,单向阀出现轻微流量异常，生命周期风险集中在设计阶段，建议优先追溯 HDES-00135。,0.5967,hydraulic
EVO_TEXT_HFB-01781,HFB-01781,fault_evolution_text,隐患先导致局部性能退化，随后传感器能量向关联通道集中，最终形成流量异常。,0.5967,hydraulic
RCA_TEXT_HFB-01782,HFB-01782,rca_text,该案例表现为中度压力异常，根因更可能由设计阶段隐患累积触发。,0.5727,hydraulic
EVO_TEXT_HFB-01782,HFB-01782,fault_evolution_text,早期异常较弱，运行载荷放大后出现指标漂移，并逐步演化为中度故障。,0.5727,hydraulic
RCA_TEXT_HFB-01783,HFB-01783,rca_text,结合传感器能量和检测记录，方向控制阀的振动异常与制造阶段高风险实体 HMAN-00524 一致。,0.5445,hydraulic
EVO_TEXT_HFB-01783,HFB-01783,fault_evolution_text,早期异常较弱，运行载荷放大后出现指标漂移，并逐步演化为轻微故障。,0.5445,hydraulic
RCA_TEXT_HFB-01784,HFB-01784,rca_text,结合传感器能量和检测记录，单向阀的流量异常与装配阶段高风险实体 HASM-01784 一致。,0.5527,hydraulic
EVO_TEXT_HFB-01784,HFB-01784,fault_evolution_text,装配阶段风险与运行工况耦合后引起状态劣化，检测指标随严重度同步升高。,0.5527,hydraulic
RCA_TEXT_HFB-01785,HFB-01785,rca_text,液压泵总成出现轻微温度异常，生命周期风险集中在运维阶段，建议优先追溯 HOPR-01785。,0.6222,hydraulic
EVO_TEXT_HFB-01785,HFB-01785,fault_evolution_text,运维阶段风险与运行工况耦合后引起状态劣化，检测指标随严重度同步升高。,0.6222,hydraulic
RCA_TEXT_HFB-01786,HFB-01786,rca_text,该案例表现为轻微压力异常，根因更可能由制造阶段隐患累积触发。,0.5664,hydraulic
EVO_TEXT_HFB-01786,HFB-01786,fault_evolution_text,隐患先导致局部性能退化，随后传感器能量向关联通道集中，最终形成压力异常。,0.5664,hydraulic
RCA_TEXT_HFB-01787,HFB-01787,rca_text,该案例表现为中度压力异常，根因更可能由运维阶段隐患累积触发。,0.6791,hydraulic
EVO_TEXT_HFB-01787,HFB-01787,fault_evolution_text,运维阶段风险与运行工况耦合后引起状态劣化，检测指标随严重度同步升高。,0.6791,hydraulic
RCA_TEXT_HFB-01788,HFB-01788,rca_text,结合传感器能量和检测记录，作动筒的阀芯卡滞与运维阶段高风险实体 HOPR-01788 一致。,0.5717,hydraulic
EVO_TEXT_HFB-01788,HFB-01788,fault_evolution_text,运维阶段风险与运行工况耦合后引起状态劣化，检测指标随严重度同步升高。,0.5717,hydraulic
RCA_TEXT_HFB-01789,HFB-01789,rca_text,结合传感器能量和检测记录，液压泵总成的泄漏异常与运维阶段高风险实体 HOPR-01789 一致。,0.6384,hydraulic
EVO_TEXT_HFB-01789,HFB-01789,fault_evolution_text,隐患先导致局部性能退化，随后传感器能量向关联通道集中，最终形成泄漏异常。,0.6384,hydraulic
RCA_TEXT_HFB-01790,HFB-01790,rca_text,卸荷阀出现轻微振动异常，生命周期风险集中在检测阶段，建议优先追溯 HINSP-01790。,0.5745,hydraulic
EVO_TEXT_HFB-01790,HFB-01790,fault_evolution_text,早期异常较弱，运行载荷放大后出现指标漂移，并逐步演化为轻微故障。,0.5745,hydraulic
RCA_TEXT_HFB-01791,HFB-01791,rca_text,结合传感器能量和检测记录，管路总成的阀芯卡滞与检测阶段高风险实体 HINSP-01791 一致。,0.5848,hydraulic
EVO_TEXT_HFB-01791,HFB-01791,fault_evolution_text,检测阶段风险与运行工况耦合后引起状态劣化，检测指标随严重度同步升高。,0.5848,hydraulic
RCA_TEXT_HFB-01792,HFB-01792,rca_text,过滤器出现轻微流量异常，生命周期风险集中在运维阶段，建议优先追溯 HOPR-01792。,0.6238,hydraulic
EVO_TEXT_HFB-01792,HFB-01792,fault_evolution_text,隐患先导致局部性能退化，随后传感器能量向关联通道集中，最终形成流量异常。,0.6238,hydraulic
RCA_TEXT_HFB-01793,HFB-01793,rca_text,液压泵总成出现轻微流量异常，生命周期风险集中在运维阶段，建议优先追溯 HOPR-01793。,0.5688,hydraulic
EVO_TEXT_HFB-01793,HFB-01793,fault_evolution_text,隐患先导致局部性能退化，随后传感器能量向关联通道集中，最终形成流量异常。,0.5688,hydraulic
RCA_TEXT_HFB-01794,HFB-01794,rca_text,结合传感器能量和检测记录，溢流阀的温度异常与运维阶段高风险实体 HOPR-01794 一致。,0.5223,hydraulic
EVO_TEXT_HFB-01794,HFB-01794,fault_evolution_text,隐患先导致局部性能退化，随后传感器能量向关联通道集中，最终形成温度异常。,0.5223,hydraulic
RCA_TEXT_HFB-01795,HFB-01795,rca_text,该案例表现为轻微阀芯卡滞，根因更可能由材料阶段隐患累积触发。,0.6147,hydraulic
EVO_TEXT_HFB-01795,HFB-01795,fault_evolution_text,隐患先导致局部性能退化，随后传感器能量向关联通道集中，最终形成阀芯卡滞。,0.6147,hydraulic
RCA_TEXT_HFB-01796,HFB-01796,rca_text,该案例表现为轻微流量异常，根因更可能由运维阶段隐患累积触发。,0.5809,hydraulic
EVO_TEXT_HFB-01796,HFB-01796,fault_evolution_text,运维阶段风险与运行工况耦合后引起状态劣化，检测指标随严重度同步升高。,0.5809,hydraulic
RCA_TEXT_HFB-01797,HFB-01797,rca_text,结合传感器能量和检测记录，管路总成的振动异常与装配阶段高风险实体 HASM-01797 一致。,0.627,hydraulic
EVO_TEXT_HFB-01797,HFB-01797,fault_evolution_text,隐患先导致局部性能退化，随后传感器能量向关联通道集中，最终形成振动异常。,0.627,hydraulic
RCA_TEXT_HFB-01798,HFB-01798,rca_text,结合传感器能量和检测记录，液压油箱的振动异常与运维阶段高风险实体 HOPR-01798 一致。,0.6348,hydraulic
EVO_TEXT_HFB-01798,HFB-01798,fault_evolution_text,隐患先导致局部性能退化，随后传感器能量向关联通道集中，最终形成振动异常。,0.6348,hydraulic
RCA_TEXT_HFB-01799,HFB-01799,rca_text,管路总成出现中度振动异常，生命周期风险集中在运维阶段，建议优先追溯 HOPR-01799。,0.5827,hydraulic
EVO_TEXT_HFB-01799,HFB-01799,fault_evolution_text,运维阶段风险与运行工况耦合后引起状态劣化，检测指标随严重度同步升高。,0.5827,hydraulic
RCA_TEXT_HFB-01800,HFB-01800,rca_text,该案例表现为中度压力异常，根因更可能由设计阶段隐患累积触发。,0.6267,hydraulic
EVO_TEXT_HFB-01800,HFB-01800,fault_evolution_text,隐患先导致局部性能退化，随后传感器能量向关联通道集中，最终形成压力异常。,0.6267,hydraulic
RCA_TEXT_HFB-01801,HFB-01801,rca_text,结合传感器能量和检测记录，溢流阀的压力异常与设计阶段高风险实体 HDES-00589 一致。,0.5912,hydraulic
EVO_TEXT_HFB-01801,HFB-01801,fault_evolution_text,早期异常较弱，运行载荷放大后出现指标漂移，并逐步演化为轻微故障。,0.5912,hydraulic
RCA_TEXT_HFB-01802,HFB-01802,rca_text,管路总成出现轻微温度异常，生命周期风险集中在检测阶段，建议优先追溯 HINSP-01802。,0.5605,hydraulic
EVO_TEXT_HFB-01802,HFB-01802,fault_evolution_text,检测阶段风险与运行工况耦合后引起状态劣化，检测指标随严重度同步升高。,0.5605,hydraulic
RCA_TEXT_HFB-01803,HFB-01803,rca_text,结合传感器能量和检测记录，卸荷阀的流量异常与装配阶段高风险实体 HASM-01803 一致。,0.5474,hydraulic
EVO_TEXT_HFB-01803,HFB-01803,fault_evolution_text,装配阶段风险与运行工况耦合后引起状态劣化，检测指标随严重度同步升高。,0.5474,hydraulic
RCA_TEXT_HFB-01804,HFB-01804,rca_text,该案例表现为轻微温度异常，根因更可能由运维阶段隐患累积触发。,0.524,hydraulic
EVO_TEXT_HFB-01804,HFB-01804,fault_evolution_text,早期异常较弱，运行载荷放大后出现指标漂移，并逐步演化为轻微故障。,0.524,hydraulic
RCA_TEXT_HFB-01805,HFB-01805,rca_text,该案例表现为中度泄漏异常，根因更可能由运维阶段隐患累积触发。,0.6033,hydraulic
EVO_TEXT_HFB-01805,HFB-01805,fault_evolution_text,运维阶段风险与运行工况耦合后引起状态劣化，检测指标随严重度同步升高。,0.6033,hydraulic
RCA_TEXT_HFB-01806,HFB-01806,rca_text,该案例表现为轻微压力异常，根因更可能由运维阶段隐患累积触发。,0.6305,hydraulic
EVO_TEXT_HFB-01806,HFB-01806,fault_evolution_text,早期异常较弱，运行载荷放大后出现指标漂移，并逐步演化为轻微故障。,0.6305,hydraulic
RCA_TEXT_HFB-01807,HFB-01807,rca_text,结合传感器能量和检测记录，节流阀的流量异常与运维阶段高风险实体 HOPR-01807 一致。,0.6743,hydraulic
EVO_TEXT_HFB-01807,HFB-01807,fault_evolution_text,早期异常较弱，运行载荷放大后出现指标漂移，并逐步演化为轻微故障。,0.6743,hydraulic
RCA_TEXT_HFB-01808,HFB-01808,rca_text,结合传感器能量和检测记录，液压泵总成的压力异常与装配阶段高风险实体 HASM-01808 一致。,0.5722,hydraulic
EVO_TEXT_HFB-01808,HFB-01808,fault_evolution_text,早期异常较弱，运行载荷放大后出现指标漂移，并逐步演化为轻微故障。,0.5722,hydraulic
RCA_TEXT_HFB-01809,HFB-01809,rca_text,蓄能器出现轻微阀芯卡滞，生命周期风险集中在制造阶段，建议优先追溯 HMAN-00847。,0.6547,hydraulic
EVO_TEXT_HFB-01809,HFB-01809,fault_evolution_text,隐患先导致局部性能退化，随后传感器能量向关联通道集中，最终形成阀芯卡滞。,0.6547,hydraulic
RCA_TEXT_HFB-01810,HFB-01810,rca_text,管路总成出现轻微流量异常，生命周期风险集中在设计阶段，建议优先追溯 HPIP-00321。,0.5573,hydraulic
EVO_TEXT_HFB-01810,HFB-01810,fault_evolution_text,设计阶段风险与运行工况耦合后引起状态劣化，检测指标随严重度同步升高。,0.5573,hydraulic
RCA_TEXT_HFB-01811,HFB-01811,rca_text,结合传感器能量和检测记录，管路总成的振动异常与制造阶段高风险实体 HMAN-00261 一致。,0.633,hydraulic
EVO_TEXT_HFB-01811,HFB-01811,fault_evolution_text,隐患先导致局部性能退化，随后传感器能量向关联通道集中，最终形成振动异常。,0.633,hydraulic
RCA_TEXT_HFB-01812,HFB-01812,rca_text,管路总成出现中度振动异常，生命周期风险集中在检测阶段，建议优先追溯 HINSP-01812。,0.6731,hydraulic
EVO_TEXT_HFB-01812,HFB-01812,fault_evolution_text,早期异常较弱，运行载荷放大后出现指标漂移，并逐步演化为中度故障。,0.6731,hydraulic
RCA_TEXT_HFB-01813,HFB-01813,rca_text,液压油箱出现轻微阀芯卡滞，生命周期风险集中在装配阶段，建议优先追溯 HASM-01813。,0.6062,hydraulic
EVO_TEXT_HFB-01813,HFB-01813,fault_evolution_text,装配阶段风险与运行工况耦合后引起状态劣化，检测指标随严重度同步升高。,0.6062,hydraulic
RCA_TEXT_HFB-01814,HFB-01814,rca_text,该案例表现为轻微温度异常，根因更可能由运维阶段隐患累积触发。,0.6476,hydraulic
EVO_TEXT_HFB-01814,HFB-01814,fault_evolution_text,隐患先导致局部性能退化，随后传感器能量向关联通道集中，最终形成温度异常。,0.6476,hydraulic
RCA_TEXT_HFB-01815,HFB-01815,rca_text,结合传感器能量和检测记录，冷却器的压力异常与设计阶段高风险实体 HDES-00208 一致。,0.5601,hydraulic
EVO_TEXT_HFB-01815,HFB-01815,fault_evolution_text,设计阶段风险与运行工况耦合后引起状态劣化，检测指标随严重度同步升高。,0.5601,hydraulic
RCA_TEXT_HFB-01816,HFB-01816,rca_text,结合传感器能量和检测记录，蓄能器的泄漏异常与材料阶段高风险实体 HMAT-00210 一致。,0.6256,hydraulic
EVO_TEXT_HFB-01816,HFB-01816,fault_evolution_text,早期异常较弱，运行载荷放大后出现指标漂移，并逐步演化为轻微故障。,0.6256,hydraulic
RCA_TEXT_HFB-01817,HFB-01817,rca_text,该案例表现为轻微压力异常，根因更可能由运维阶段隐患累积触发。,0.6511,hydraulic
EVO_TEXT_HFB-01817,HFB-01817,fault_evolution_text,隐患先导致局部性能退化，随后传感器能量向关联通道集中，最终形成压力异常。,0.6511,hydraulic
RCA_TEXT_HFB-01818,HFB-01818,rca_text,结合传感器能量和检测记录，作动筒的泄漏异常与设计阶段高风险实体 HDES-00118 一致。,0.561,hydraulic
EVO_TEXT_HFB-01818,HFB-01818,fault_evolution_text,早期异常较弱，运行载荷放大后出现指标漂移，并逐步演化为轻微故障。,0.561,hydraulic
RCA_TEXT_HFB-01819,HFB-01819,rca_text,结合传感器能量和检测记录，单向阀的阀芯卡滞与制造阶段高风险实体 HMAN-00195 一致。,0.5829,hydraulic
EVO_TEXT_HFB-01819,HFB-01819,fault_evolution_text,早期异常较弱，运行载荷放大后出现指标漂移，并逐步演化为轻微故障。,0.5829,hydraulic
RCA_TEXT_HFB-01820,HFB-01820,rca_text,单向阀出现轻微流量异常，生命周期风险集中在设计阶段，建议优先追溯 HDES-00442。,0.5641,hydraulic
EVO_TEXT_HFB-01820,HFB-01820,fault_evolution_text,设计阶段风险与运行工况耦合后引起状态劣化，检测指标随严重度同步升高。,0.5641,hydraulic
RCA_TEXT_HFB-01821,HFB-01821,rca_text,溢流阀出现中度泄漏异常，生命周期风险集中在装配阶段，建议优先追溯 HASM-01821。,0.726,hydraulic
EVO_TEXT_HFB-01821,HFB-01821,fault_evolution_text,隐患先导致局部性能退化，随后传感器能量向关联通道集中，最终形成泄漏异常。,0.726,hydraulic
RCA_TEXT_HFB-01822,HFB-01822,rca_text,该案例表现为轻微温度异常，根因更可能由运维阶段隐患累积触发。,0.6513,hydraulic
EVO_TEXT_HFB-01822,HFB-01822,fault_evolution_text,早期异常较弱，运行载荷放大后出现指标漂移，并逐步演化为轻微故障。,0.6513,hydraulic
RCA_TEXT_HFB-01823,HFB-01823,rca_text,结合传感器能量和检测记录，作动筒的阀芯卡滞与运维阶段高风险实体 HOPR-01823 一致。,0.6028,hydraulic
EVO_TEXT_HFB-01823,HFB-01823,fault_evolution_text,运维阶段风险与运行工况耦合后引起状态劣化，检测指标随严重度同步升高。,0.6028,hydraulic
RCA_TEXT_HFB-01824,HFB-01824,rca_text,结合传感器能量和检测记录，管路总成的压力异常与制造阶段高风险实体 HMAN-00076 一致。,0.5782,hydraulic
EVO_TEXT_HFB-01824,HFB-01824,fault_evolution_text,早期异常较弱，运行载荷放大后出现指标漂移，并逐步演化为轻微故障。,0.5782,hydraulic
RCA_TEXT_HFB-01825,HFB-01825,rca_text,单向阀出现轻微泄漏异常，生命周期风险集中在材料阶段，建议优先追溯 HMAT-00198。,0.584,hydraulic
EVO_TEXT_HFB-01825,HFB-01825,fault_evolution_text,早期异常较弱，运行载荷放大后出现指标漂移，并逐步演化为轻微故障。,0.584,hydraulic
RCA_TEXT_HFB-01826,HFB-01826,rca_text,结合传感器能量和检测记录，液压油箱的阀芯卡滞与材料阶段高风险实体 HMAT-00177 一致。,0.5514,hydraulic
EVO_TEXT_HFB-01826,HFB-01826,fault_evolution_text,隐患先导致局部性能退化，随后传感器能量向关联通道集中，最终形成阀芯卡滞。,0.5514,hydraulic
RCA_TEXT_HFB-01827,HFB-01827,rca_text,结合传感器能量和检测记录，方向控制阀的流量异常与设计阶段高风险实体 HDES-00236 一致。,0.6249,hydraulic
EVO_TEXT_HFB-01827,HFB-01827,fault_evolution_text,设计阶段风险与运行工况耦合后引起状态劣化，检测指标随严重度同步升高。,0.6249,hydraulic
RCA_TEXT_HFB-01828,HFB-01828,rca_text,结合传感器能量和检测记录，方向控制阀的阀芯卡滞与制造阶段高风险实体 HMAN-00635 一致。,0.6343,hydraulic
EVO_TEXT_HFB-01828,HFB-01828,fault_evolution_text,制造阶段风险与运行工况耦合后引起状态劣化，检测指标随严重度同步升高。,0.6343,hydraulic
RCA_TEXT_HFB-01829,HFB-01829,rca_text,作动筒出现轻微温度异常，生命周期风险集中在运维阶段，建议优先追溯 HOPR-01829。,0.592,hydraulic
EVO_TEXT_HFB-01829,HFB-01829,fault_evolution_text,运维阶段风险与运行工况耦合后引起状态劣化，检测指标随严重度同步升高。,0.592,hydraulic
RCA_TEXT_HFB-01830,HFB-01830,rca_text,结合传感器能量和检测记录，液压油箱的温度异常与运维阶段高风险实体 HOPR-01830 一致。,0.6211,hydraulic
EVO_TEXT_HFB-01830,HFB-01830,fault_evolution_text,早期异常较弱，运行载荷放大后出现指标漂移，并逐步演化为中度故障。,0.6211,hydraulic
RCA_TEXT_HFB-01831,HFB-01831,rca_text,作动筒出现轻微流量异常，生命周期风险集中在运维阶段，建议优先追溯 HOPR-01831。,0.5874,hydraulic
EVO_TEXT_HFB-01831,HFB-01831,fault_evolution_text,运维阶段风险与运行工况耦合后引起状态劣化，检测指标随严重度同步升高。,0.5874,hydraulic
RCA_TEXT_HFB-01832,HFB-01832,rca_text,该案例表现为中度压力异常，根因更可能由运维阶段隐患累积触发。,0.6015,hydraulic
EVO_TEXT_HFB-01832,HFB-01832,fault_evolution_text,早期异常较弱，运行载荷放大后出现指标漂移，并逐步演化为中度故障。,0.6015,hydraulic
RCA_TEXT_HFB-01833,HFB-01833,rca_text,结合传感器能量和检测记录，方向控制阀的振动异常与装配阶段高风险实体 HASM-01833 一致。,0.5764,hydraulic
EVO_TEXT_HFB-01833,HFB-01833,fault_evolution_text,隐患先导致局部性能退化，随后传感器能量向关联通道集中，最终形成振动异常。,0.5764,hydraulic
RCA_TEXT_HFB-01834,HFB-01834,rca_text,溢流阀出现轻微阀芯卡滞，生命周期风险集中在运维阶段，建议优先追溯 HOPR-01834。,0.614,hydraulic
EVO_TEXT_HFB-01834,HFB-01834,fault_evolution_text,早期异常较弱，运行载荷放大后出现指标漂移，并逐步演化为轻微故障。,0.614,hydraulic
RCA_TEXT_HFB-01835,HFB-01835,rca_text,结合传感器能量和检测记录，管路总成的温度异常与运维阶段高风险实体 HOPR-01835 一致。,0.542,hydraulic
EVO_TEXT_HFB-01835,HFB-01835,fault_evolution_text,运维阶段风险与运行工况耦合后引起状态劣化，检测指标随严重度同步升高。,0.542,hydraulic
RCA_TEXT_HFB-01836,HFB-01836,rca_text,结合传感器能量和检测记录，液压泵总成的振动异常与运维阶段高风险实体 HOPR-01836 一致。,0.5803,hydraulic
EVO_TEXT_HFB-01836,HFB-01836,fault_evolution_text,隐患先导致局部性能退化，随后传感器能量向关联通道集中，最终形成振动异常。,0.5803,hydraulic
RCA_TEXT_HFB-01837,HFB-01837,rca_text,该案例表现为轻微压力异常，根因更可能由设计阶段隐患累积触发。,0.5816,hydraulic
EVO_TEXT_HFB-01837,HFB-01837,fault_evolution_text,早期异常较弱，运行载荷放大后出现指标漂移，并逐步演化为轻微故障。,0.5816,hydraulic
RCA_TEXT_HFB-01838,HFB-01838,rca_text,冷却器出现轻微振动异常，生命周期风险集中在制造阶段，建议优先追溯 HMAN-00555。,0.6169,hydraulic
EVO_TEXT_HFB-01838,HFB-01838,fault_evolution_text,早期异常较弱，运行载荷放大后出现指标漂移，并逐步演化为轻微故障。,0.6169,hydraulic
RCA_TEXT_HFB-01839,HFB-01839,rca_text,管路总成出现中度泄漏异常，生命周期风险集中在材料阶段，建议优先追溯 HMAT-00212。,0.6318,hydraulic
EVO_TEXT_HFB-01839,HFB-01839,fault_evolution_text,隐患先导致局部性能退化，随后传感器能量向关联通道集中，最终形成泄漏异常。,0.6318,hydraulic
RCA_TEXT_HFB-01840,HFB-01840,rca_text,该案例表现为轻微阀芯卡滞，根因更可能由制造阶段隐患累积触发。,0.6468,hydraulic
EVO_TEXT_HFB-01840,HFB-01840,fault_evolution_text,早期异常较弱，运行载荷放大后出现指标漂移，并逐步演化为轻微故障。,0.6468,hydraulic
RCA_TEXT_HFB-01841,HFB-01841,rca_text,结合传感器能量和检测记录，溢流阀的阀芯卡滞与制造阶段高风险实体 HMAN-00052 一致。,0.6173,hydraulic
EVO_TEXT_HFB-01841,HFB-01841,fault_evolution_text,早期异常较弱，运行载荷放大后出现指标漂移，并逐步演化为轻微故障。,0.6173,hydraulic
RCA_TEXT_HFB-01842,HFB-01842,rca_text,结合传感器能量和检测记录，液压泵总成的温度异常与制造阶段高风险实体 HMAN-00068 一致。,0.6621,hydraulic
EVO_TEXT_HFB-01842,HFB-01842,fault_evolution_text,制造阶段风险与运行工况耦合后引起状态劣化，检测指标随严重度同步升高。,0.6621,hydraulic
RCA_TEXT_HFB-01843,HFB-01843,rca_text,该案例表现为轻微阀芯卡滞，根因更可能由运维阶段隐患累积触发。,0.5823,hydraulic
EVO_TEXT_HFB-01843,HFB-01843,fault_evolution_text,运维阶段风险与运行工况耦合后引起状态劣化，检测指标随严重度同步升高。,0.5823,hydraulic
RCA_TEXT_HFB-01844,HFB-01844,rca_text,该案例表现为中度泄漏异常，根因更可能由设计阶段隐患累积触发。,0.6228,hydraulic
EVO_TEXT_HFB-01844,HFB-01844,fault_evolution_text,早期异常较弱，运行载荷放大后出现指标漂移，并逐步演化为中度故障。,0.6228,hydraulic
RCA_TEXT_HFB-01845,HFB-01845,rca_text,结合传感器能量和检测记录，液压油箱的流量异常与制造阶段高风险实体 HMAN-01105 一致。,0.5971,hydraulic
EVO_TEXT_HFB-01845,HFB-01845,fault_evolution_text,早期异常较弱，运行载荷放大后出现指标漂移，并逐步演化为轻微故障。,0.5971,hydraulic
RCA_TEXT_HFB-01846,HFB-01846,rca_text,该案例表现为中度压力异常，根因更可能由设计阶段隐患累积触发。,0.6614,hydraulic
EVO_TEXT_HFB-01846,HFB-01846,fault_evolution_text,早期异常较弱，运行载荷放大后出现指标漂移，并逐步演化为中度故障。,0.6614,hydraulic
RCA_TEXT_HFB-01847,HFB-01847,rca_text,蓄能器出现轻微振动异常，生命周期风险集中在制造阶段，建议优先追溯 HMAN-00120。,0.6536,hydraulic
EVO_TEXT_HFB-01847,HFB-01847,fault_evolution_text,隐患先导致局部性能退化，随后传感器能量向关联通道集中，最终形成振动异常。,0.6536,hydraulic
RCA_TEXT_HFB-01848,HFB-01848,rca_text,结合传感器能量和检测记录，蓄能器的压力异常与运维阶段高风险实体 HOPR-01848 一致。,0.632,hydraulic
EVO_TEXT_HFB-01848,HFB-01848,fault_evolution_text,隐患先导致局部性能退化，随后传感器能量向关联通道集中，最终形成压力异常。,0.632,hydraulic
RCA_TEXT_HFB-01849,HFB-01849,rca_text,结合传感器能量和检测记录，液压油箱的泄漏异常与设计阶段高风险实体 HDES-00201 一致。,0.5795,hydraulic
EVO_TEXT_HFB-01849,HFB-01849,fault_evolution_text,设计阶段风险与运行工况耦合后引起状态劣化，检测指标随严重度同步升高。,0.5795,hydraulic
RCA_TEXT_HFB-01850,HFB-01850,rca_text,结合传感器能量和检测记录，管路总成的振动异常与制造阶段高风险实体 HMAN-00987 一致。,0.5998,hydraulic
EVO_TEXT_HFB-01850,HFB-01850,fault_evolution_text,制造阶段风险与运行工况耦合后引起状态劣化，检测指标随严重度同步升高。,0.5998,hydraulic
RCA_TEXT_HFB-01851,HFB-01851,rca_text,结合传感器能量和检测记录，管路总成的泄漏异常与设计阶段高风险实体 HPIP-00330 一致。,0.6414,hydraulic
EVO_TEXT_HFB-01851,HFB-01851,fault_evolution_text,早期异常较弱，运行载荷放大后出现指标漂移，并逐步演化为中度故障。,0.6414,hydraulic
RCA_TEXT_HFB-01852,HFB-01852,rca_text,过滤器出现轻微流量异常，生命周期风险集中在运维阶段，建议优先追溯 HOPR-01852。,0.6377,hydraulic
EVO_TEXT_HFB-01852,HFB-01852,fault_evolution_text,早期异常较弱，运行载荷放大后出现指标漂移，并逐步演化为轻微故障。,0.6377,hydraulic
RCA_TEXT_HFB-01853,HFB-01853,rca_text,管路总成出现中度泄漏异常，生命周期风险集中在运维阶段，建议优先追溯 HOPR-01853。,0.6509,hydraulic
EVO_TEXT_HFB-01853,HFB-01853,fault_evolution_text,早期异常较弱，运行载荷放大后出现指标漂移，并逐步演化为中度故障。,0.6509,hydraulic
RCA_TEXT_HFB-01854,HFB-01854,rca_text,结合传感器能量和检测记录，单向阀的阀芯卡滞与材料阶段高风险实体 HMAT-00050 一致。,0.6511,hydraulic
EVO_TEXT_HFB-01854,HFB-01854,fault_evolution_text,材料阶段风险与运行工况耦合后引起状态劣化，检测指标随严重度同步升高。,0.6511,hydraulic
RCA_TEXT_HFB-01855,HFB-01855,rca_text,过滤器出现中度流量异常，生命周期风险集中在检测阶段，建议优先追溯 HINSP-01855。,0.5733,hydraulic
EVO_TEXT_HFB-01855,HFB-01855,fault_evolution_text,检测阶段风险与运行工况耦合后引起状态劣化，检测指标随严重度同步升高。,0.5733,hydraulic
RCA_TEXT_HFB-01856,HFB-01856,rca_text,该案例表现为中度压力异常，根因更可能由材料阶段隐患累积触发。,0.5792,hydraulic
EVO_TEXT_HFB-01856,HFB-01856,fault_evolution_text,隐患先导致局部性能退化，随后传感器能量向关联通道集中，最终形成压力异常。,0.5792,hydraulic
RCA_TEXT_HFB-01857,HFB-01857,rca_text,液压泵总成出现轻微振动异常，生命周期风险集中在运维阶段，建议优先追溯 HOPR-01857。,0.5891,hydraulic
EVO_TEXT_HFB-01857,HFB-01857,fault_evolution_text,运维阶段风险与运行工况耦合后引起状态劣化，检测指标随严重度同步升高。,0.5891,hydraulic
RCA_TEXT_HFB-01858,HFB-01858,rca_text,单向阀出现轻微阀芯卡滞，生命周期风险集中在运维阶段，建议优先追溯 HOPR-01858。,0.6412,hydraulic
EVO_TEXT_HFB-01858,HFB-01858,fault_evolution_text,隐患先导致局部性能退化，随后传感器能量向关联通道集中，最终形成阀芯卡滞。,0.6412,hydraulic
RCA_TEXT_HFB-01859,HFB-01859,rca_text,该案例表现为中度泄漏异常，根因更可能由制造阶段隐患累积触发。,0.5953,hydraulic
EVO_TEXT_HFB-01859,HFB-01859,fault_evolution_text,早期异常较弱，运行载荷放大后出现指标漂移，并逐步演化为中度故障。,0.5953,hydraulic
RCA_TEXT_HFB-01860,HFB-01860,rca_text,蓄能器出现轻微泄漏异常，生命周期风险集中在材料阶段，建议优先追溯 HMAT-00592。,0.6577,hydraulic
EVO_TEXT_HFB-01860,HFB-01860,fault_evolution_text,材料阶段风险与运行工况耦合后引起状态劣化，检测指标随严重度同步升高。,0.6577,hydraulic
RCA_TEXT_HFB-01861,HFB-01861,rca_text,节流阀出现轻微振动异常，生命周期风险集中在运维阶段，建议优先追溯 HOPR-01861。,0.5754,hydraulic
EVO_TEXT_HFB-01861,HFB-01861,fault_evolution_text,隐患先导致局部性能退化，随后传感器能量向关联通道集中，最终形成振动异常。,0.5754,hydraulic
RCA_TEXT_HFB-01862,HFB-01862,rca_text,管路总成出现中度泄漏异常，生命周期风险集中在材料阶段，建议优先追溯 HMAT-00062。,0.6757,hydraulic
EVO_TEXT_HFB-01862,HFB-01862,fault_evolution_text,早期异常较弱，运行载荷放大后出现指标漂移，并逐步演化为中度故障。,0.6757,hydraulic
RCA_TEXT_HFB-01863,HFB-01863,rca_text,结合传感器能量和检测记录，单向阀的振动异常与制造阶段高风险实体 HMAN-00681 一致。,0.5577,hydraulic
EVO_TEXT_HFB-01863,HFB-01863,fault_evolution_text,制造阶段风险与运行工况耦合后引起状态劣化，检测指标随严重度同步升高。,0.5577,hydraulic
RCA_TEXT_HFB-01864,HFB-01864,rca_text,该案例表现为轻微振动异常，根因更可能由制造阶段隐患累积触发。,0.6054,hydraulic
EVO_TEXT_HFB-01864,HFB-01864,fault_evolution_text,制造阶段风险与运行工况耦合后引起状态劣化，检测指标随严重度同步升高。,0.6054,hydraulic
RCA_TEXT_HFB-01865,HFB-01865,rca_text,该案例表现为轻微阀芯卡滞，根因更可能由运维阶段隐患累积触发。,0.6152,hydraulic
EVO_TEXT_HFB-01865,HFB-01865,fault_evolution_text,早期异常较弱，运行载荷放大后出现指标漂移，并逐步演化为轻微故障。,0.6152,hydraulic
RCA_TEXT_HFB-01866,HFB-01866,rca_text,该案例表现为中度泄漏异常，根因更可能由制造阶段隐患累积触发。,0.6541,hydraulic
EVO_TEXT_HFB-01866,HFB-01866,fault_evolution_text,制造阶段风险与运行工况耦合后引起状态劣化，检测指标随严重度同步升高。,0.6541,hydraulic
RCA_TEXT_HFB-01867,HFB-01867,rca_text,该案例表现为中度泄漏异常，根因更可能由检测阶段隐患累积触发。,0.6103,hydraulic
EVO_TEXT_HFB-01867,HFB-01867,fault_evolution_text,隐患先导致局部性能退化，随后传感器能量向关联通道集中，最终形成泄漏异常。,0.6103,hydraulic
RCA_TEXT_HFB-01868,HFB-01868,rca_text,结合传感器能量和检测记录，节流阀的阀芯卡滞与运维阶段高风险实体 HOPR-01868 一致。,0.6403,hydraulic
EVO_TEXT_HFB-01868,HFB-01868,fault_evolution_text,运维阶段风险与运行工况耦合后引起状态劣化，检测指标随严重度同步升高。,0.6403,hydraulic
RCA_TEXT_HFB-01869,HFB-01869,rca_text,结合传感器能量和检测记录，液压泵总成的阀芯卡滞与制造阶段高风险实体 HMAN-01116 一致。,0.5212,hydraulic
EVO_TEXT_HFB-01869,HFB-01869,fault_evolution_text,制造阶段风险与运行工况耦合后引起状态劣化，检测指标随严重度同步升高。,0.5212,hydraulic
RCA_TEXT_HFB-01870,HFB-01870,rca_text,溢流阀出现中度泄漏异常，生命周期风险集中在运维阶段，建议优先追溯 HOPR-01870。,0.642,hydraulic
EVO_TEXT_HFB-01870,HFB-01870,fault_evolution_text,运维阶段风险与运行工况耦合后引起状态劣化，检测指标随严重度同步升高。,0.642,hydraulic
RCA_TEXT_HFB-01871,HFB-01871,rca_text,结合传感器能量和检测记录，蓄能器的压力异常与检测阶段高风险实体 HINSP-01871 一致。,0.6189,hydraulic
EVO_TEXT_HFB-01871,HFB-01871,fault_evolution_text,隐患先导致局部性能退化，随后传感器能量向关联通道集中，最终形成压力异常。,0.6189,hydraulic
RCA_TEXT_HFB-01872,HFB-01872,rca_text,结合传感器能量和检测记录，溢流阀的泄漏异常与材料阶段高风险实体 HMAT-00549 一致。,0.6685,hydraulic
EVO_TEXT_HFB-01872,HFB-01872,fault_evolution_text,隐患先导致局部性能退化，随后传感器能量向关联通道集中，最终形成泄漏异常。,0.6685,hydraulic
RCA_TEXT_HFB-01873,HFB-01873,rca_text,结合传感器能量和检测记录，冷却器的阀芯卡滞与设计阶段高风险实体 HDES-01153 一致。,0.5511,hydraulic
EVO_TEXT_HFB-01873,HFB-01873,fault_evolution_text,设计阶段风险与运行工况耦合后引起状态劣化，检测指标随严重度同步升高。,0.5511,hydraulic
RCA_TEXT_HFB-01874,HFB-01874,rca_text,管路总成出现轻微压力异常，生命周期风险集中在制造阶段，建议优先追溯 HMAN-00913。,0.5749,hydraulic
EVO_TEXT_HFB-01874,HFB-01874,fault_evolution_text,隐患先导致局部性能退化，随后传感器能量向关联通道集中，最终形成压力异常。,0.5749,hydraulic
RCA_TEXT_HFB-01875,HFB-01875,rca_text,结合传感器能量和检测记录，液压泵总成的振动异常与材料阶段高风险实体 HMAT-00009 一致。,0.6063,hydraulic
EVO_TEXT_HFB-01875,HFB-01875,fault_evolution_text,隐患先导致局部性能退化，随后传感器能量向关联通道集中，最终形成振动异常。,0.6063,hydraulic
RCA_TEXT_HFB-01876,HFB-01876,rca_text,结合传感器能量和检测记录，管路总成的泄漏异常与制造阶段高风险实体 HMAN-00031 一致。,0.5759,hydraulic
EVO_TEXT_HFB-01876,HFB-01876,fault_evolution_text,制造阶段风险与运行工况耦合后引起状态劣化，检测指标随严重度同步升高。,0.5759,hydraulic
RCA_TEXT_HFB-01877,HFB-01877,rca_text,该案例表现为轻微振动异常，根因更可能由装配阶段隐患累积触发。,0.6349,hydraulic
EVO_TEXT_HFB-01877,HFB-01877,fault_evolution_text,早期异常较弱，运行载荷放大后出现指标漂移，并逐步演化为轻微故障。,0.6349,hydraulic
RCA_TEXT_HFB-01878,HFB-01878,rca_text,结合传感器能量和检测记录，节流阀的流量异常与运维阶段高风险实体 HOPR-01878 一致。,0.6707,hydraulic
EVO_TEXT_HFB-01878,HFB-01878,fault_evolution_text,隐患先导致局部性能退化，随后传感器能量向关联通道集中，最终形成流量异常。,0.6707,hydraulic
RCA_TEXT_HFB-01879,HFB-01879,rca_text,卸荷阀出现轻微泄漏异常，生命周期风险集中在材料阶段，建议优先追溯 HMAT-00532。,0.5481,hydraulic
EVO_TEXT_HFB-01879,HFB-01879,fault_evolution_text,材料阶段风险与运行工况耦合后引起状态劣化，检测指标随严重度同步升高。,0.5481,hydraulic
RCA_TEXT_HFB-01880,HFB-01880,rca_text,方向控制阀出现中度流量异常，生命周期风险集中在装配阶段，建议优先追溯 HASM-01880。,0.6519,hydraulic
EVO_TEXT_HFB-01880,HFB-01880,fault_evolution_text,早期异常较弱，运行载荷放大后出现指标漂移，并逐步演化为中度故障。,0.6519,hydraulic
RCA_TEXT_HFB-01881,HFB-01881,rca_text,节流阀出现轻微流量异常，生命周期风险集中在设计阶段，建议优先追溯 HDES-01114。,0.6383,hydraulic
EVO_TEXT_HFB-01881,HFB-01881,fault_evolution_text,隐患先导致局部性能退化，随后传感器能量向关联通道集中，最终形成流量异常。,0.6383,hydraulic
RCA_TEXT_HFB-01882,HFB-01882,rca_text,结合传感器能量和检测记录，液压油箱的流量异常与运维阶段高风险实体 HOPR-01882 一致。,0.6178,hydraulic
EVO_TEXT_HFB-01882,HFB-01882,fault_evolution_text,早期异常较弱，运行载荷放大后出现指标漂移，并逐步演化为轻微故障。,0.6178,hydraulic
RCA_TEXT_HFB-01883,HFB-01883,rca_text,该案例表现为中度泄漏异常，根因更可能由检测阶段隐患累积触发。,0.6734,hydraulic
EVO_TEXT_HFB-01883,HFB-01883,fault_evolution_text,检测阶段风险与运行工况耦合后引起状态劣化，检测指标随严重度同步升高。,0.6734,hydraulic
RCA_TEXT_HFB-01884,HFB-01884,rca_text,结合传感器能量和检测记录，卸荷阀的压力异常与材料阶段高风险实体 HMAT-00305 一致。,0.5893,hydraulic
EVO_TEXT_HFB-01884,HFB-01884,fault_evolution_text,材料阶段风险与运行工况耦合后引起状态劣化，检测指标随严重度同步升高。,0.5893,hydraulic
RCA_TEXT_HFB-01885,HFB-01885,rca_text,该案例表现为中度泄漏异常，根因更可能由制造阶段隐患累积触发。,0.5878,hydraulic
EVO_TEXT_HFB-01885,HFB-01885,fault_evolution_text,隐患先导致局部性能退化，随后传感器能量向关联通道集中，最终形成泄漏异常。,0.5878,hydraulic
RCA_TEXT_HFB-01886,HFB-01886,rca_text,结合传感器能量和检测记录，作动筒的流量异常与运维阶段高风险实体 HOPR-01886 一致。,0.586,hydraulic
EVO_TEXT_HFB-01886,HFB-01886,fault_evolution_text,隐患先导致局部性能退化，随后传感器能量向关联通道集中，最终形成流量异常。,0.586,hydraulic
RCA_TEXT_HFB-01887,HFB-01887,rca_text,该案例表现为轻微温度异常，根因更可能由设计阶段隐患累积触发。,0.5897,hydraulic
EVO_TEXT_HFB-01887,HFB-01887,fault_evolution_text,隐患先导致局部性能退化，随后传感器能量向关联通道集中，最终形成温度异常。,0.5897,hydraulic
RCA_TEXT_HFB-01888,HFB-01888,rca_text,结合传感器能量和检测记录，冷却器的泄漏异常与材料阶段高风险实体 HMAT-00305 一致。,0.5369,hydraulic
EVO_TEXT_HFB-01888,HFB-01888,fault_evolution_text,隐患先导致局部性能退化，随后传感器能量向关联通道集中，最终形成泄漏异常。,0.5369,hydraulic
RCA_TEXT_HFB-01889,HFB-01889,rca_text,作动筒出现轻微振动异常，生命周期风险集中在设计阶段，建议优先追溯 HDES-00544。,0.604,hydraulic
EVO_TEXT_HFB-01889,HFB-01889,fault_evolution_text,设计阶段风险与运行工况耦合后引起状态劣化，检测指标随严重度同步升高。,0.604,hydraulic
RCA_TEXT_HFB-01890,HFB-01890,rca_text,该案例表现为轻微温度异常，根因更可能由运维阶段隐患累积触发。,0.5966,hydraulic
EVO_TEXT_HFB-01890,HFB-01890,fault_evolution_text,运维阶段风险与运行工况耦合后引起状态劣化，检测指标随严重度同步升高。,0.5966,hydraulic
RCA_TEXT_HFB-01891,HFB-01891,rca_text,该案例表现为轻微温度异常，根因更可能由制造阶段隐患累积触发。,0.584,hydraulic
EVO_TEXT_HFB-01891,HFB-01891,fault_evolution_text,隐患先导致局部性能退化，随后传感器能量向关联通道集中，最终形成温度异常。,0.584,hydraulic
RCA_TEXT_HFB-01892,HFB-01892,rca_text,方向控制阀出现轻微泄漏异常，生命周期风险集中在运维阶段，建议优先追溯 HOPR-01892。,0.5813,hydraulic
EVO_TEXT_HFB-01892,HFB-01892,fault_evolution_text,早期异常较弱，运行载荷放大后出现指标漂移，并逐步演化为轻微故障。,0.5813,hydraulic
RCA_TEXT_HFB-01893,HFB-01893,rca_text,液压油箱出现轻微阀芯卡滞，生命周期风险集中在设计阶段，建议优先追溯 HDES-01076。,0.5453,hydraulic
EVO_TEXT_HFB-01893,HFB-01893,fault_evolution_text,早期异常较弱，运行载荷放大后出现指标漂移，并逐步演化为轻微故障。,0.5453,hydraulic
RCA_TEXT_HFB-01894,HFB-01894,rca_text,卸荷阀出现中度压力异常，生命周期风险集中在运维阶段，建议优先追溯 HOPR-01894。,0.563,hydraulic
EVO_TEXT_HFB-01894,HFB-01894,fault_evolution_text,早期异常较弱，运行载荷放大后出现指标漂移，并逐步演化为中度故障。,0.563,hydraulic
RCA_TEXT_HFB-01895,HFB-01895,rca_text,该案例表现为轻微压力异常，根因更可能由设计阶段隐患累积触发。,0.526,hydraulic
EVO_TEXT_HFB-01895,HFB-01895,fault_evolution_text,设计阶段风险与运行工况耦合后引起状态劣化，检测指标随严重度同步升高。,0.526,hydraulic
RCA_TEXT_HFB-01896,HFB-01896,rca_text,结合传感器能量和检测记录，溢流阀的振动异常与运维阶段高风险实体 HOPR-01896 一致。,0.6269,hydraulic
EVO_TEXT_HFB-01896,HFB-01896,fault_evolution_text,运维阶段风险与运行工况耦合后引起状态劣化，检测指标随严重度同步升高。,0.6269,hydraulic
RCA_TEXT_HFB-01897,HFB-01897,rca_text,该案例表现为轻微泄漏异常，根因更可能由设计阶段隐患累积触发。,0.5442,hydraulic
EVO_TEXT_HFB-01897,HFB-01897,fault_evolution_text,隐患先导致局部性能退化，随后传感器能量向关联通道集中，最终形成泄漏异常。,0.5442,hydraulic
RCA_TEXT_HFB-01898,HFB-01898,rca_text,冷却器出现轻微振动异常，生命周期风险集中在装配阶段，建议优先追溯 HASM-01898。,0.5586,hydraulic
EVO_TEXT_HFB-01898,HFB-01898,fault_evolution_text,隐患先导致局部性能退化，随后传感器能量向关联通道集中，最终形成振动异常。,0.5586,hydraulic
RCA_TEXT_HFB-01899,HFB-01899,rca_text,作动筒出现轻微压力异常，生命周期风险集中在运维阶段，建议优先追溯 HOPR-01899。,0.599,hydraulic
EVO_TEXT_HFB-01899,HFB-01899,fault_evolution_text,隐患先导致局部性能退化，随后传感器能量向关联通道集中，最终形成压力异常。,0.599,hydraulic
RCA_TEXT_HFB-01900,HFB-01900,rca_text,该案例表现为轻微流量异常，根因更可能由运维阶段隐患累积触发。,0.5884,hydraulic
EVO_TEXT_HFB-01900,HFB-01900,fault_evolution_text,隐患先导致局部性能退化，随后传感器能量向关联通道集中，最终形成流量异常。,0.5884,hydraulic
RCA_TEXT_HFB-01901,HFB-01901,rca_text,溢流阀出现轻微温度异常，生命周期风险集中在运维阶段，建议优先追溯 HOPR-01901。,0.6125,hydraulic
EVO_TEXT_HFB-01901,HFB-01901,fault_evolution_text,早期异常较弱，运行载荷放大后出现指标漂移，并逐步演化为轻微故障。,0.6125,hydraulic
RCA_TEXT_HFB-01902,HFB-01902,rca_text,该案例表现为轻微流量异常，根因更可能由运维阶段隐患累积触发。,0.5854,hydraulic
EVO_TEXT_HFB-01902,HFB-01902,fault_evolution_text,隐患先导致局部性能退化，随后传感器能量向关联通道集中，最终形成流量异常。,0.5854,hydraulic
RCA_TEXT_HFB-01903,HFB-01903,rca_text,该案例表现为轻微阀芯卡滞，根因更可能由材料阶段隐患累积触发。,0.5696,hydraulic
EVO_TEXT_HFB-01903,HFB-01903,fault_evolution_text,材料阶段风险与运行工况耦合后引起状态劣化，检测指标随严重度同步升高。,0.5696,hydraulic
RCA_TEXT_HFB-01904,HFB-01904,rca_text,液压泵总成出现轻微泄漏异常，生命周期风险集中在运维阶段，建议优先追溯 HOPR-01904。,0.5902,hydraulic
EVO_TEXT_HFB-01904,HFB-01904,fault_evolution_text,早期异常较弱，运行载荷放大后出现指标漂移，并逐步演化为轻微故障。,0.5902,hydraulic
RCA_TEXT_HFB-01905,HFB-01905,rca_text,该案例表现为中度阀芯卡滞，根因更可能由运维阶段隐患累积触发。,0.5879,hydraulic
EVO_TEXT_HFB-01905,HFB-01905,fault_evolution_text,早期异常较弱，运行载荷放大后出现指标漂移，并逐步演化为中度故障。,0.5879,hydraulic
RCA_TEXT_HFB-01906,HFB-01906,rca_text,结合传感器能量和检测记录，冷却器的温度异常与运维阶段高风险实体 HOPR-01906 一致。,0.6492,hydraulic
EVO_TEXT_HFB-01906,HFB-01906,fault_evolution_text,早期异常较弱，运行载荷放大后出现指标漂移，并逐步演化为中度故障。,0.6492,hydraulic
RCA_TEXT_HFB-01907,HFB-01907,rca_text,蓄能器出现中度压力异常，生命周期风险集中在运维阶段，建议优先追溯 HOPR-01907。,0.6357,hydraulic
EVO_TEXT_HFB-01907,HFB-01907,fault_evolution_text,运维阶段风险与运行工况耦合后引起状态劣化，检测指标随严重度同步升高。,0.6357,hydraulic
RCA_TEXT_HFB-01908,HFB-01908,rca_text,溢流阀出现中度泄漏异常，生命周期风险集中在材料阶段，建议优先追溯 HMAT-00132。,0.6531,hydraulic
EVO_TEXT_HFB-01908,HFB-01908,fault_evolution_text,早期异常较弱，运行载荷放大后出现指标漂移，并逐步演化为中度故障。,0.6531,hydraulic
RCA_TEXT_HFB-01909,HFB-01909,rca_text,结合传感器能量和检测记录，蓄能器的压力异常与材料阶段高风险实体 HMAT-00350 一致。,0.6293,hydraulic
EVO_TEXT_HFB-01909,HFB-01909,fault_evolution_text,隐患先导致局部性能退化，随后传感器能量向关联通道集中，最终形成压力异常。,0.6293,hydraulic
RCA_TEXT_HFB-01910,HFB-01910,rca_text,该案例表现为中度振动异常，根因更可能由运维阶段隐患累积触发。,0.6223,hydraulic
EVO_TEXT_HFB-01910,HFB-01910,fault_evolution_text,隐患先导致局部性能退化，随后传感器能量向关联通道集中，最终形成振动异常。,0.6223,hydraulic
RCA_TEXT_HFB-01911,HFB-01911,rca_text,该案例表现为轻微阀芯卡滞，根因更可能由运维阶段隐患累积触发。,0.6183,hydraulic
EVO_TEXT_HFB-01911,HFB-01911,fault_evolution_text,早期异常较弱，运行载荷放大后出现指标漂移，并逐步演化为轻微故障。,0.6183,hydraulic
RCA_TEXT_HFB-01912,HFB-01912,rca_text,该案例表现为轻微振动异常，根因更可能由制造阶段隐患累积触发。,0.5589,hydraulic
EVO_TEXT_HFB-01912,HFB-01912,fault_evolution_text,隐患先导致局部性能退化，随后传感器能量向关联通道集中，最终形成振动异常。,0.5589,hydraulic
RCA_TEXT_HFB-01913,HFB-01913,rca_text,单向阀出现中度阀芯卡滞，生命周期风险集中在制造阶段，建议优先追溯 HMAN-00940。,0.6652,hydraulic
EVO_TEXT_HFB-01913,HFB-01913,fault_evolution_text,隐患先导致局部性能退化，随后传感器能量向关联通道集中，最终形成阀芯卡滞。,0.6652,hydraulic
RCA_TEXT_HFB-01914,HFB-01914,rca_text,结合传感器能量和检测记录，管路总成的振动异常与运维阶段高风险实体 HOPR-01914 一致。,0.6201,hydraulic
EVO_TEXT_HFB-01914,HFB-01914,fault_evolution_text,早期异常较弱，运行载荷放大后出现指标漂移，并逐步演化为中度故障。,0.6201,hydraulic
RCA_TEXT_HFB-01915,HFB-01915,rca_text,结合传感器能量和检测记录，管路总成的流量异常与设计阶段高风险实体 HPIP-00340 一致。,0.6082,hydraulic
EVO_TEXT_HFB-01915,HFB-01915,fault_evolution_text,隐患先导致局部性能退化，随后传感器能量向关联通道集中，最终形成流量异常。,0.6082,hydraulic
RCA_TEXT_HFB-01916,HFB-01916,rca_text,该案例表现为中度泄漏异常，根因更可能由装配阶段隐患累积触发。,0.6945,hydraulic
EVO_TEXT_HFB-01916,HFB-01916,fault_evolution_text,装配阶段风险与运行工况耦合后引起状态劣化，检测指标随严重度同步升高。,0.6945,hydraulic
RCA_TEXT_HFB-01917,HFB-01917,rca_text,该案例表现为中度振动异常，根因更可能由运维阶段隐患累积触发。,0.5993,hydraulic
EVO_TEXT_HFB-01917,HFB-01917,fault_evolution_text,运维阶段风险与运行工况耦合后引起状态劣化，检测指标随严重度同步升高。,0.5993,hydraulic
RCA_TEXT_HFB-01918,HFB-01918,rca_text,结合传感器能量和检测记录，冷却器的振动异常与运维阶段高风险实体 HOPR-01918 一致。,0.619,hydraulic
EVO_TEXT_HFB-01918,HFB-01918,fault_evolution_text,隐患先导致局部性能退化，随后传感器能量向关联通道集中，最终形成振动异常。,0.619,hydraulic
RCA_TEXT_HFB-01919,HFB-01919,rca_text,该案例表现为中度振动异常，根因更可能由运维阶段隐患累积触发。,0.579,hydraulic
EVO_TEXT_HFB-01919,HFB-01919,fault_evolution_text,运维阶段风险与运行工况耦合后引起状态劣化，检测指标随严重度同步升高。,0.579,hydraulic
RCA_TEXT_HFB-01920,HFB-01920,rca_text,该案例表现为轻微流量异常，根因更可能由装配阶段隐患累积触发。,0.6367,hydraulic
EVO_TEXT_HFB-01920,HFB-01920,fault_evolution_text,隐患先导致局部性能退化，随后传感器能量向关联通道集中，最终形成流量异常。,0.6367,hydraulic
RCA_TEXT_HFB-01921,HFB-01921,rca_text,单向阀出现轻微阀芯卡滞，生命周期风险集中在制造阶段，建议优先追溯 HMAN-00391。,0.5608,hydraulic
EVO_TEXT_HFB-01921,HFB-01921,fault_evolution_text,隐患先导致局部性能退化，随后传感器能量向关联通道集中，最终形成阀芯卡滞。,0.5608,hydraulic
RCA_TEXT_HFB-01922,HFB-01922,rca_text,结合传感器能量和检测记录，液压泵总成的振动异常与运维阶段高风险实体 HOPR-01922 一致。,0.5728,hydraulic
EVO_TEXT_HFB-01922,HFB-01922,fault_evolution_text,早期异常较弱，运行载荷放大后出现指标漂移，并逐步演化为中度故障。,0.5728,hydraulic
RCA_TEXT_HFB-01923,HFB-01923,rca_text,结合传感器能量和检测记录，液压油箱的流量异常与装配阶段高风险实体 HASM-01923 一致。,0.5732,hydraulic
EVO_TEXT_HFB-01923,HFB-01923,fault_evolution_text,装配阶段风险与运行工况耦合后引起状态劣化，检测指标随严重度同步升高。,0.5732,hydraulic
RCA_TEXT_HFB-01924,HFB-01924,rca_text,结合传感器能量和检测记录，管路总成的阀芯卡滞与装配阶段高风险实体 HASM-01924 一致。,0.6,hydraulic
EVO_TEXT_HFB-01924,HFB-01924,fault_evolution_text,隐患先导致局部性能退化，随后传感器能量向关联通道集中，最终形成阀芯卡滞。,0.6,hydraulic
RCA_TEXT_HFB-01925,HFB-01925,rca_text,液压油箱出现轻微振动异常，生命周期风险集中在制造阶段，建议优先追溯 HMAN-00924。,0.6522,hydraulic
EVO_TEXT_HFB-01925,HFB-01925,fault_evolution_text,制造阶段风险与运行工况耦合后引起状态劣化，检测指标随严重度同步升高。,0.6522,hydraulic
RCA_TEXT_HFB-01926,HFB-01926,rca_text,方向控制阀出现轻微温度异常，生命周期风险集中在设计阶段，建议优先追溯 HDES-00233。,0.5919,hydraulic
EVO_TEXT_HFB-01926,HFB-01926,fault_evolution_text,设计阶段风险与运行工况耦合后引起状态劣化，检测指标随严重度同步升高。,0.5919,hydraulic
RCA_TEXT_HFB-01927,HFB-01927,rca_text,该案例表现为轻微泄漏异常，根因更可能由制造阶段隐患累积触发。,0.5643,hydraulic
EVO_TEXT_HFB-01927,HFB-01927,fault_evolution_text,隐患先导致局部性能退化，随后传感器能量向关联通道集中，最终形成泄漏异常。,0.5643,hydraulic
RCA_TEXT_HFB-01928,HFB-01928,rca_text,该案例表现为中度阀芯卡滞，根因更可能由制造阶段隐患累积触发。,0.6231,hydraulic
EVO_TEXT_HFB-01928,HFB-01928,fault_evolution_text,早期异常较弱，运行载荷放大后出现指标漂移，并逐步演化为中度故障。,0.6231,hydraulic
RCA_TEXT_HFB-01929,HFB-01929,rca_text,该案例表现为中度流量异常，根因更可能由材料阶段隐患累积触发。,0.6507,hydraulic
EVO_TEXT_HFB-01929,HFB-01929,fault_evolution_text,隐患先导致局部性能退化，随后传感器能量向关联通道集中，最终形成流量异常。,0.6507,hydraulic
RCA_TEXT_HFB-01930,HFB-01930,rca_text,结合传感器能量和检测记录，作动筒的温度异常与材料阶段高风险实体 HMAT-00570 一致。,0.5504,hydraulic
EVO_TEXT_HFB-01930,HFB-01930,fault_evolution_text,隐患先导致局部性能退化，随后传感器能量向关联通道集中，最终形成温度异常。,0.5504,hydraulic
RCA_TEXT_HFB-01931,HFB-01931,rca_text,溢流阀出现轻微振动异常，生命周期风险集中在装配阶段，建议优先追溯 HASM-01931。,0.5989,hydraulic
EVO_TEXT_HFB-01931,HFB-01931,fault_evolution_text,早期异常较弱，运行载荷放大后出现指标漂移，并逐步演化为轻微故障。,0.5989,hydraulic
RCA_TEXT_HFB-01932,HFB-01932,rca_text,管路总成出现轻微振动异常，生命周期风险集中在制造阶段，建议优先追溯 HMAN-00369。,0.6102,hydraulic
EVO_TEXT_HFB-01932,HFB-01932,fault_evolution_text,隐患先导致局部性能退化，随后传感器能量向关联通道集中，最终形成振动异常。,0.6102,hydraulic
RCA_TEXT_HFB-01933,HFB-01933,rca_text,该案例表现为轻微压力异常，根因更可能由运维阶段隐患累积触发。,0.6238,hydraulic
EVO_TEXT_HFB-01933,HFB-01933,fault_evolution_text,隐患先导致局部性能退化，随后传感器能量向关联通道集中，最终形成压力异常。,0.6238,hydraulic
RCA_TEXT_HFB-01934,HFB-01934,rca_text,该案例表现为轻微阀芯卡滞，根因更可能由运维阶段隐患累积触发。,0.6177,hydraulic
EVO_TEXT_HFB-01934,HFB-01934,fault_evolution_text,运维阶段风险与运行工况耦合后引起状态劣化，检测指标随严重度同步升高。,0.6177,hydraulic
RCA_TEXT_HFB-01935,HFB-01935,rca_text,液压泵总成出现轻微流量异常，生命周期风险集中在运维阶段，建议优先追溯 HOPR-01935。,0.5375,hydraulic
EVO_TEXT_HFB-01935,HFB-01935,fault_evolution_text,隐患先导致局部性能退化，随后传感器能量向关联通道集中，最终形成流量异常。,0.5375,hydraulic
RCA_TEXT_HFB-01936,HFB-01936,rca_text,结合传感器能量和检测记录，节流阀的流量异常与运维阶段高风险实体 HOPR-01936 一致。,0.6121,hydraulic
EVO_TEXT_HFB-01936,HFB-01936,fault_evolution_text,隐患先导致局部性能退化，随后传感器能量向关联通道集中，最终形成流量异常。,0.6121,hydraulic
RCA_TEXT_HFB-01937,HFB-01937,rca_text,结合传感器能量和检测记录，蓄能器的压力异常与装配阶段高风险实体 HASM-01937 一致。,0.6831,hydraulic
EVO_TEXT_HFB-01937,HFB-01937,fault_evolution_text,隐患先导致局部性能退化，随后传感器能量向关联通道集中，最终形成压力异常。,0.6831,hydraulic
RCA_TEXT_HFB-01938,HFB-01938,rca_text,该案例表现为轻微压力异常，根因更可能由制造阶段隐患累积触发。,0.5456,hydraulic
EVO_TEXT_HFB-01938,HFB-01938,fault_evolution_text,早期异常较弱，运行载荷放大后出现指标漂移，并逐步演化为轻微故障。,0.5456,hydraulic
RCA_TEXT_HFB-01939,HFB-01939,rca_text,该案例表现为轻微流量异常，根因更可能由运维阶段隐患累积触发。,0.56,hydraulic
EVO_TEXT_HFB-01939,HFB-01939,fault_evolution_text,隐患先导致局部性能退化，随后传感器能量向关联通道集中，最终形成流量异常。,0.56,hydraulic
RCA_TEXT_HFB-01940,HFB-01940,rca_text,该案例表现为轻微流量异常，根因更可能由制造阶段隐患累积触发。,0.5813,hydraulic
EVO_TEXT_HFB-01940,HFB-01940,fault_evolution_text,隐患先导致局部性能退化，随后传感器能量向关联通道集中，最终形成流量异常。,0.5813,hydraulic
RCA_TEXT_HFB-01941,HFB-01941,rca_text,结合传感器能量和检测记录，液压油箱的泄漏异常与设计阶段高风险实体 HDES-00827 一致。,0.5286,hydraulic
EVO_TEXT_HFB-01941,HFB-01941,fault_evolution_text,设计阶段风险与运行工况耦合后引起状态劣化，检测指标随严重度同步升高。,0.5286,hydraulic
RCA_TEXT_HFB-01942,HFB-01942,rca_text,结合传感器能量和检测记录，单向阀的泄漏异常与检测阶段高风险实体 HINSP-01942 一致。,0.5719,hydraulic
EVO_TEXT_HFB-01942,HFB-01942,fault_evolution_text,隐患先导致局部性能退化，随后传感器能量向关联通道集中，最终形成泄漏异常。,0.5719,hydraulic
RCA_TEXT_HFB-01943,HFB-01943,rca_text,蓄能器出现轻微振动异常，生命周期风险集中在运维阶段，建议优先追溯 HOPR-01943。,0.6142,hydraulic
EVO_TEXT_HFB-01943,HFB-01943,fault_evolution_text,早期异常较弱，运行载荷放大后出现指标漂移，并逐步演化为轻微故障。,0.6142,hydraulic
RCA_TEXT_HFB-01944,HFB-01944,rca_text,该案例表现为轻微流量异常，根因更可能由设计阶段隐患累积触发。,0.651,hydraulic
EVO_TEXT_HFB-01944,HFB-01944,fault_evolution_text,早期异常较弱，运行载荷放大后出现指标漂移，并逐步演化为轻微故障。,0.651,hydraulic
RCA_TEXT_HFB-01945,HFB-01945,rca_text,结合传感器能量和检测记录，单向阀的温度异常与材料阶段高风险实体 HMAT-00526 一致。,0.6058,hydraulic
EVO_TEXT_HFB-01945,HFB-01945,fault_evolution_text,早期异常较弱，运行载荷放大后出现指标漂移，并逐步演化为轻微故障。,0.6058,hydraulic
RCA_TEXT_HFB-01946,HFB-01946,rca_text,该案例表现为轻微泄漏异常，根因更可能由运维阶段隐患累积触发。,0.5743,hydraulic
EVO_TEXT_HFB-01946,HFB-01946,fault_evolution_text,早期异常较弱，运行载荷放大后出现指标漂移，并逐步演化为轻微故障。,0.5743,hydraulic
RCA_TEXT_HFB-01947,HFB-01947,rca_text,结合传感器能量和检测记录，节流阀的温度异常与运维阶段高风险实体 HOPR-01947 一致。,0.5599,hydraulic
EVO_TEXT_HFB-01947,HFB-01947,fault_evolution_text,运维阶段风险与运行工况耦合后引起状态劣化，检测指标随严重度同步升高。,0.5599,hydraulic
RCA_TEXT_HFB-01948,HFB-01948,rca_text,结合传感器能量和检测记录，单向阀的阀芯卡滞与制造阶段高风险实体 HMAN-00813 一致。,0.6191,hydraulic
EVO_TEXT_HFB-01948,HFB-01948,fault_evolution_text,制造阶段风险与运行工况耦合后引起状态劣化，检测指标随严重度同步升高。,0.6191,hydraulic
RCA_TEXT_HFB-01949,HFB-01949,rca_text,结合传感器能量和检测记录，节流阀的压力异常与运维阶段高风险实体 HOPR-01949 一致。,0.5931,hydraulic
EVO_TEXT_HFB-01949,HFB-01949,fault_evolution_text,运维阶段风险与运行工况耦合后引起状态劣化，检测指标随严重度同步升高。,0.5931,hydraulic
RCA_TEXT_HFB-01950,HFB-01950,rca_text,结合传感器能量和检测记录，单向阀的压力异常与材料阶段高风险实体 HMAT-00556 一致。,0.6508,hydraulic
EVO_TEXT_HFB-01950,HFB-01950,fault_evolution_text,隐患先导致局部性能退化，随后传感器能量向关联通道集中，最终形成压力异常。,0.6508,hydraulic
RCA_TEXT_HFB-01951,HFB-01951,rca_text,结合传感器能量和检测记录，液压油箱的流量异常与制造阶段高风险实体 HMAN-00764 一致。,0.6161,hydraulic
EVO_TEXT_HFB-01951,HFB-01951,fault_evolution_text,隐患先导致局部性能退化，随后传感器能量向关联通道集中，最终形成流量异常。,0.6161,hydraulic
RCA_TEXT_HFB-01952,HFB-01952,rca_text,结合传感器能量和检测记录，液压泵总成的压力异常与运维阶段高风险实体 HOPR-01952 一致。,0.5817,hydraulic
EVO_TEXT_HFB-01952,HFB-01952,fault_evolution_text,早期异常较弱，运行载荷放大后出现指标漂移，并逐步演化为轻微故障。,0.5817,hydraulic
RCA_TEXT_HFB-01953,HFB-01953,rca_text,该案例表现为轻微泄漏异常，根因更可能由材料阶段隐患累积触发。,0.5601,hydraulic
EVO_TEXT_HFB-01953,HFB-01953,fault_evolution_text,材料阶段风险与运行工况耦合后引起状态劣化，检测指标随严重度同步升高。,0.5601,hydraulic
RCA_TEXT_HFB-01954,HFB-01954,rca_text,结合传感器能量和检测记录，液压油箱的温度异常与运维阶段高风险实体 HOPR-01954 一致。,0.5759,hydraulic
EVO_TEXT_HFB-01954,HFB-01954,fault_evolution_text,隐患先导致局部性能退化，随后传感器能量向关联通道集中，最终形成温度异常。,0.5759,hydraulic
RCA_TEXT_HFB-01955,HFB-01955,rca_text,液压油箱出现轻微泄漏异常，生命周期风险集中在制造阶段，建议优先追溯 HMAN-00292。,0.4789,hydraulic
EVO_TEXT_HFB-01955,HFB-01955,fault_evolution_text,早期异常较弱，运行载荷放大后出现指标漂移，并逐步演化为轻微故障。,0.4789,hydraulic
RCA_TEXT_HFB-01956,HFB-01956,rca_text,管路总成出现中度振动异常，生命周期风险集中在装配阶段，建议优先追溯 HASM-01956。,0.6126,hydraulic
EVO_TEXT_HFB-01956,HFB-01956,fault_evolution_text,隐患先导致局部性能退化，随后传感器能量向关联通道集中，最终形成振动异常。,0.6126,hydraulic
RCA_TEXT_HFB-01957,HFB-01957,rca_text,结合传感器能量和检测记录，冷却器的压力异常与设计阶段高风险实体 HDES-00731 一致。,0.5759,hydraulic
EVO_TEXT_HFB-01957,HFB-01957,fault_evolution_text,隐患先导致局部性能退化，随后传感器能量向关联通道集中，最终形成压力异常。,0.5759,hydraulic
RCA_TEXT_HFB-01958,HFB-01958,rca_text,该案例表现为轻微压力异常，根因更可能由检测阶段隐患累积触发。,0.5722,hydraulic
EVO_TEXT_HFB-01958,HFB-01958,fault_evolution_text,早期异常较弱，运行载荷放大后出现指标漂移，并逐步演化为轻微故障。,0.5722,hydraulic
RCA_TEXT_HFB-01959,HFB-01959,rca_text,过滤器出现轻微振动异常，生命周期风险集中在装配阶段，建议优先追溯 HASM-01959。,0.581,hydraulic
EVO_TEXT_HFB-01959,HFB-01959,fault_evolution_text,隐患先导致局部性能退化，随后传感器能量向关联通道集中，最终形成振动异常。,0.581,hydraulic
RCA_TEXT_HFB-01960,HFB-01960,rca_text,结合传感器能量和检测记录，卸荷阀的泄漏异常与设计阶段高风险实体 HDES-00530 一致。,0.5682,hydraulic
EVO_TEXT_HFB-01960,HFB-01960,fault_evolution_text,设计阶段风险与运行工况耦合后引起状态劣化，检测指标随严重度同步升高。,0.5682,hydraulic
RCA_TEXT_HFB-01961,HFB-01961,rca_text,节流阀出现轻微泄漏异常，生命周期风险集中在运维阶段，建议优先追溯 HOPR-01961。,0.4975,hydraulic
EVO_TEXT_HFB-01961,HFB-01961,fault_evolution_text,早期异常较弱，运行载荷放大后出现指标漂移，并逐步演化为轻微故障。,0.4975,hydraulic
RCA_TEXT_HFB-01962,HFB-01962,rca_text,该案例表现为轻微泄漏异常，根因更可能由运维阶段隐患累积触发。,0.6719,hydraulic
EVO_TEXT_HFB-01962,HFB-01962,fault_evolution_text,运维阶段风险与运行工况耦合后引起状态劣化，检测指标随严重度同步升高。,0.6719,hydraulic
RCA_TEXT_HFB-01963,HFB-01963,rca_text,结合传感器能量和检测记录，冷却器的压力异常与运维阶段高风险实体 HOPR-01963 一致。,0.5268,hydraulic
EVO_TEXT_HFB-01963,HFB-01963,fault_evolution_text,隐患先导致局部性能退化，随后传感器能量向关联通道集中，最终形成压力异常。,0.5268,hydraulic
RCA_TEXT_HFB-01964,HFB-01964,rca_text,节流阀出现中度流量异常，生命周期风险集中在装配阶段，建议优先追溯 HASM-01964。,0.6471,hydraulic
EVO_TEXT_HFB-01964,HFB-01964,fault_evolution_text,早期异常较弱，运行载荷放大后出现指标漂移，并逐步演化为中度故障。,0.6471,hydraulic
RCA_TEXT_HFB-01965,HFB-01965,rca_text,结合传感器能量和检测记录，液压泵总成的泄漏异常与设计阶段高风险实体 HDES-00147 一致。,0.627,hydraulic
EVO_TEXT_HFB-01965,HFB-01965,fault_evolution_text,隐患先导致局部性能退化，随后传感器能量向关联通道集中，最终形成泄漏异常。,0.627,hydraulic
RCA_TEXT_HFB-01966,HFB-01966,rca_text,过滤器出现中度流量异常，生命周期风险集中在制造阶段，建议优先追溯 HMAN-00091。,0.6647,hydraulic
EVO_TEXT_HFB-01966,HFB-01966,fault_evolution_text,隐患先导致局部性能退化，随后传感器能量向关联通道集中，最终形成流量异常。,0.6647,hydraulic
RCA_TEXT_HFB-01967,HFB-01967,rca_text,方向控制阀出现轻微流量异常，生命周期风险集中在材料阶段，建议优先追溯 HMAT-00600。,0.6312,hydraulic
EVO_TEXT_HFB-01967,HFB-01967,fault_evolution_text,隐患先导致局部性能退化，随后传感器能量向关联通道集中，最终形成流量异常。,0.6312,hydraulic
RCA_TEXT_HFB-01968,HFB-01968,rca_text,管路总成出现轻微阀芯卡滞，生命周期风险集中在制造阶段，建议优先追溯 HMAN-00245。,0.5943,hydraulic
EVO_TEXT_HFB-01968,HFB-01968,fault_evolution_text,制造阶段风险与运行工况耦合后引起状态劣化，检测指标随严重度同步升高。,0.5943,hydraulic
RCA_TEXT_HFB-01969,HFB-01969,rca_text,方向控制阀出现轻微流量异常，生命周期风险集中在运维阶段，建议优先追溯 HOPR-01969。,0.5935,hydraulic
EVO_TEXT_HFB-01969,HFB-01969,fault_evolution_text,隐患先导致局部性能退化，随后传感器能量向关联通道集中，最终形成流量异常。,0.5935,hydraulic
RCA_TEXT_HFB-01970,HFB-01970,rca_text,冷却器出现轻微阀芯卡滞，生命周期风险集中在材料阶段，建议优先追溯 HMAT-00417。,0.6729,hydraulic
EVO_TEXT_HFB-01970,HFB-01970,fault_evolution_text,隐患先导致局部性能退化，随后传感器能量向关联通道集中，最终形成阀芯卡滞。,0.6729,hydraulic
RCA_TEXT_HFB-01971,HFB-01971,rca_text,液压泵总成出现轻微流量异常，生命周期风险集中在运维阶段，建议优先追溯 HOPR-01971。,0.5827,hydraulic
EVO_TEXT_HFB-01971,HFB-01971,fault_evolution_text,隐患先导致局部性能退化，随后传感器能量向关联通道集中，最终形成流量异常。,0.5827,hydraulic
RCA_TEXT_HFB-01972,HFB-01972,rca_text,液压泵总成出现轻微泄漏异常，生命周期风险集中在装配阶段，建议优先追溯 HASM-01972。,0.5631,hydraulic
EVO_TEXT_HFB-01972,HFB-01972,fault_evolution_text,早期异常较弱，运行载荷放大后出现指标漂移，并逐步演化为轻微故障。,0.5631,hydraulic
RCA_TEXT_HFB-01973,HFB-01973,rca_text,溢流阀出现中度压力异常，生命周期风险集中在制造阶段，建议优先追溯 HMAN-00342。,0.6705,hydraulic
EVO_TEXT_HFB-01973,HFB-01973,fault_evolution_text,制造阶段风险与运行工况耦合后引起状态劣化，检测指标随严重度同步升高。,0.6705,hydraulic
RCA_TEXT_HFB-01974,HFB-01974,rca_text,该案例表现为轻微流量异常，根因更可能由运维阶段隐患累积触发。,0.6167,hydraulic
EVO_TEXT_HFB-01974,HFB-01974,fault_evolution_text,早期异常较弱，运行载荷放大后出现指标漂移，并逐步演化为轻微故障。,0.6167,hydraulic
RCA_TEXT_HFB-01975,HFB-01975,rca_text,结合传感器能量和检测记录，卸荷阀的压力异常与装配阶段高风险实体 HASM-01975 一致。,0.511,hydraulic
EVO_TEXT_HFB-01975,HFB-01975,fault_evolution_text,隐患先导致局部性能退化，随后传感器能量向关联通道集中，最终形成压力异常。,0.511,hydraulic
RCA_TEXT_HFB-01976,HFB-01976,rca_text,方向控制阀出现轻微流量异常，生命周期风险集中在运维阶段，建议优先追溯 HOPR-01976。,0.6006,hydraulic
EVO_TEXT_HFB-01976,HFB-01976,fault_evolution_text,早期异常较弱，运行载荷放大后出现指标漂移，并逐步演化为轻微故障。,0.6006,hydraulic
RCA_TEXT_HFB-01977,HFB-01977,rca_text,液压油箱出现轻微泄漏异常，生命周期风险集中在制造阶段，建议优先追溯 HMAN-00319。,0.5434,hydraulic
EVO_TEXT_HFB-01977,HFB-01977,fault_evolution_text,早期异常较弱，运行载荷放大后出现指标漂移，并逐步演化为轻微故障。,0.5434,hydraulic
RCA_TEXT_HFB-01978,HFB-01978,rca_text,结合传感器能量和检测记录，节流阀的振动异常与运维阶段高风险实体 HOPR-01978 一致。,0.6279,hydraulic
EVO_TEXT_HFB-01978,HFB-01978,fault_evolution_text,运维阶段风险与运行工况耦合后引起状态劣化，检测指标随严重度同步升高。,0.6279,hydraulic
RCA_TEXT_HFB-01979,HFB-01979,rca_text,结合传感器能量和检测记录，方向控制阀的阀芯卡滞与运维阶段高风险实体 HOPR-01979 一致。,0.5945,hydraulic
EVO_TEXT_HFB-01979,HFB-01979,fault_evolution_text,早期异常较弱，运行载荷放大后出现指标漂移，并逐步演化为中度故障。,0.5945,hydraulic
RCA_TEXT_HFB-01980,HFB-01980,rca_text,蓄能器出现轻微压力异常，生命周期风险集中在运维阶段，建议优先追溯 HOPR-01980。,0.5881,hydraulic
EVO_TEXT_HFB-01980,HFB-01980,fault_evolution_text,运维阶段风险与运行工况耦合后引起状态劣化，检测指标随严重度同步升高。,0.5881,hydraulic
RCA_TEXT_HFB-01981,HFB-01981,rca_text,该案例表现为轻微压力异常，根因更可能由运维阶段隐患累积触发。,0.5355,hydraulic
EVO_TEXT_HFB-01981,HFB-01981,fault_evolution_text,运维阶段风险与运行工况耦合后引起状态劣化，检测指标随严重度同步升高。,0.5355,hydraulic
RCA_TEXT_HFB-01982,HFB-01982,rca_text,结合传感器能量和检测记录，溢流阀的阀芯卡滞与检测阶段高风险实体 HINSP-01982 一致。,0.6554,hydraulic
EVO_TEXT_HFB-01982,HFB-01982,fault_evolution_text,检测阶段风险与运行工况耦合后引起状态劣化，检测指标随严重度同步升高。,0.6554,hydraulic
RCA_TEXT_HFB-01983,HFB-01983,rca_text,该案例表现为轻微阀芯卡滞，根因更可能由材料阶段隐患累积触发。,0.6212,hydraulic
EVO_TEXT_HFB-01983,HFB-01983,fault_evolution_text,早期异常较弱，运行载荷放大后出现指标漂移，并逐步演化为轻微故障。,0.6212,hydraulic
RCA_TEXT_HFB-01984,HFB-01984,rca_text,该案例表现为轻微阀芯卡滞，根因更可能由检测阶段隐患累积触发。,0.5806,hydraulic
EVO_TEXT_HFB-01984,HFB-01984,fault_evolution_text,隐患先导致局部性能退化，随后传感器能量向关联通道集中，最终形成阀芯卡滞。,0.5806,hydraulic
RCA_TEXT_HFB-01985,HFB-01985,rca_text,管路总成出现轻微流量异常，生命周期风险集中在材料阶段，建议优先追溯 HMAT-00335。,0.6204,hydraulic
EVO_TEXT_HFB-01985,HFB-01985,fault_evolution_text,早期异常较弱，运行载荷放大后出现指标漂移，并逐步演化为轻微故障。,0.6204,hydraulic
RCA_TEXT_HFB-01986,HFB-01986,rca_text,结合传感器能量和检测记录，冷却器的温度异常与制造阶段高风险实体 HMAN-00921 一致。,0.6411,hydraulic
EVO_TEXT_HFB-01986,HFB-01986,fault_evolution_text,制造阶段风险与运行工况耦合后引起状态劣化，检测指标随严重度同步升高。,0.6411,hydraulic
RCA_TEXT_HFB-01987,HFB-01987,rca_text,该案例表现为轻微流量异常，根因更可能由装配阶段隐患累积触发。,0.5722,hydraulic
EVO_TEXT_HFB-01987,HFB-01987,fault_evolution_text,早期异常较弱，运行载荷放大后出现指标漂移，并逐步演化为轻微故障。,0.5722,hydraulic
RCA_TEXT_HFB-01988,HFB-01988,rca_text,该案例表现为轻微压力异常，根因更可能由设计阶段隐患累积触发。,0.5498,hydraulic
EVO_TEXT_HFB-01988,HFB-01988,fault_evolution_text,早期异常较弱，运行载荷放大后出现指标漂移，并逐步演化为轻微故障。,0.5498,hydraulic
RCA_TEXT_HFB-01989,HFB-01989,rca_text,该案例表现为轻微阀芯卡滞，根因更可能由运维阶段隐患累积触发。,0.6044,hydraulic
EVO_TEXT_HFB-01989,HFB-01989,fault_evolution_text,早期异常较弱，运行载荷放大后出现指标漂移，并逐步演化为轻微故障。,0.6044,hydraulic
RCA_TEXT_HFB-01990,HFB-01990,rca_text,该案例表现为中度振动异常，根因更可能由装配阶段隐患累积触发。,0.6292,hydraulic
EVO_TEXT_HFB-01990,HFB-01990,fault_evolution_text,早期异常较弱，运行载荷放大后出现指标漂移，并逐步演化为中度故障。,0.6292,hydraulic
RCA_TEXT_HFB-01991,HFB-01991,rca_text,结合传感器能量和检测记录，溢流阀的压力异常与运维阶段高风险实体 HOPR-01991 一致。,0.5692,hydraulic
EVO_TEXT_HFB-01991,HFB-01991,fault_evolution_text,早期异常较弱，运行载荷放大后出现指标漂移，并逐步演化为轻微故障。,0.5692,hydraulic
RCA_TEXT_HFB-01992,HFB-01992,rca_text,液压泵总成出现轻微压力异常，生命周期风险集中在设计阶段，建议优先追溯 HDES-00543。,0.5964,hydraulic
EVO_TEXT_HFB-01992,HFB-01992,fault_evolution_text,早期异常较弱，运行载荷放大后出现指标漂移，并逐步演化为轻微故障。,0.5964,hydraulic
RCA_TEXT_HFB-01993,HFB-01993,rca_text,该案例表现为中度流量异常，根因更可能由设计阶段隐患累积触发。,0.5976,hydraulic
EVO_TEXT_HFB-01993,HFB-01993,fault_evolution_text,设计阶段风险与运行工况耦合后引起状态劣化，检测指标随严重度同步升高。,0.5976,hydraulic
RCA_TEXT_HFB-01994,HFB-01994,rca_text,结合传感器能量和检测记录，管路总成的压力异常与运维阶段高风险实体 HOPR-01994 一致。,0.6583,hydraulic
EVO_TEXT_HFB-01994,HFB-01994,fault_evolution_text,运维阶段风险与运行工况耦合后引起状态劣化，检测指标随严重度同步升高。,0.6583,hydraulic
RCA_TEXT_HFB-01995,HFB-01995,rca_text,该案例表现为中度流量异常，根因更可能由设计阶段隐患累积触发。,0.5455,hydraulic
EVO_TEXT_HFB-01995,HFB-01995,fault_evolution_text,早期异常较弱，运行载荷放大后出现指标漂移，并逐步演化为中度故障。,0.5455,hydraulic
RCA_TEXT_HFB-01996,HFB-01996,rca_text,该案例表现为中度流量异常，根因更可能由装配阶段隐患累积触发。,0.6139,hydraulic
EVO_TEXT_HFB-01996,HFB-01996,fault_evolution_text,早期异常较弱，运行载荷放大后出现指标漂移，并逐步演化为中度故障。,0.6139,hydraulic
RCA_TEXT_HFB-01997,HFB-01997,rca_text,结合传感器能量和检测记录，作动筒的阀芯卡滞与运维阶段高风险实体 HOPR-01997 一致。,0.5289,hydraulic
EVO_TEXT_HFB-01997,HFB-01997,fault_evolution_text,早期异常较弱，运行载荷放大后出现指标漂移，并逐步演化为轻微故障。,0.5289,hydraulic
RCA_TEXT_HFB-01998,HFB-01998,rca_text,结合传感器能量和检测记录，蓄能器的振动异常与装配阶段高风险实体 HASM-01998 一致。,0.5838,hydraulic
EVO_TEXT_HFB-01998,HFB-01998,fault_evolution_text,早期异常较弱，运行载荷放大后出现指标漂移，并逐步演化为轻微故障。,0.5838,hydraulic
RCA_TEXT_HFB-01999,HFB-01999,rca_text,方向控制阀出现轻微振动异常，生命周期风险集中在检测阶段，建议优先追溯 HINSP-01999。,0.5607,hydraulic
EVO_TEXT_HFB-01999,HFB-01999,fault_evolution_text,隐患先导致局部性能退化，随后传感器能量向关联通道集中，最终形成振动异常。,0.5607,hydraulic
RCA_TEXT_HFB-02000,HFB-02000,rca_text,结合传感器能量和检测记录，过滤器的温度异常与材料阶段高风险实体 HMAT-00521 一致。,0.6302,hydraulic
EVO_TEXT_HFB-02000,HFB-02000,fault_evolution_text,早期异常较弱，运行载荷放大后出现指标漂移，并逐步演化为中度故障。,0.6302,hydraulic
RCA_TEXT_HFB-02001,HFB-02001,rca_text,方向控制阀出现轻微振动异常，生命周期风险集中在材料阶段，建议优先追溯 HMAT-00421。,0.5491,hydraulic
EVO_TEXT_HFB-02001,HFB-02001,fault_evolution_text,材料阶段风险与运行工况耦合后引起状态劣化，检测指标随严重度同步升高。,0.5491,hydraulic
RCA_TEXT_HFB-02002,HFB-02002,rca_text,该案例表现为轻微压力异常，根因更可能由装配阶段隐患累积触发。,0.5623,hydraulic
EVO_TEXT_HFB-02002,HFB-02002,fault_evolution_text,隐患先导致局部性能退化，随后传感器能量向关联通道集中，最终形成压力异常。,0.5623,hydraulic
RCA_TEXT_HFB-02003,HFB-02003,rca_text,管路总成出现中度泄漏异常，生命周期风险集中在检测阶段，建议优先追溯 HINSP-02003。,0.6268,hydraulic
EVO_TEXT_HFB-02003,HFB-02003,fault_evolution_text,早期异常较弱，运行载荷放大后出现指标漂移，并逐步演化为中度故障。,0.6268,hydraulic
RCA_TEXT_HFB-02004,HFB-02004,rca_text,结合传感器能量和检测记录，液压油箱的流量异常与设计阶段高风险实体 HDES-00598 一致。,0.6167,hydraulic
EVO_TEXT_HFB-02004,HFB-02004,fault_evolution_text,早期异常较弱，运行载荷放大后出现指标漂移，并逐步演化为轻微故障。,0.6167,hydraulic
RCA_TEXT_HFB-02005,HFB-02005,rca_text,单向阀出现轻微泄漏异常，生命周期风险集中在设计阶段，建议优先追溯 HDES-01054。,0.5862,hydraulic
EVO_TEXT_HFB-02005,HFB-02005,fault_evolution_text,早期异常较弱，运行载荷放大后出现指标漂移，并逐步演化为轻微故障。,0.5862,hydraulic
RCA_TEXT_HFB-02006,HFB-02006,rca_text,结合传感器能量和检测记录，单向阀的振动异常与材料阶段高风险实体 HMAT-00154 一致。,0.6003,hydraulic
EVO_TEXT_HFB-02006,HFB-02006,fault_evolution_text,材料阶段风险与运行工况耦合后引起状态劣化，检测指标随严重度同步升高。,0.6003,hydraulic
RCA_TEXT_HFB-02007,HFB-02007,rca_text,结合传感器能量和检测记录，作动筒的振动异常与装配阶段高风险实体 HASM-02007 一致。,0.559,hydraulic
EVO_TEXT_HFB-02007,HFB-02007,fault_evolution_text,隐患先导致局部性能退化，随后传感器能量向关联通道集中，最终形成振动异常。,0.559,hydraulic
RCA_TEXT_HFB-02008,HFB-02008,rca_text,溢流阀出现轻微阀芯卡滞，生命周期风险集中在设计阶段，建议优先追溯 HDES-00597。,0.5975,hydraulic
EVO_TEXT_HFB-02008,HFB-02008,fault_evolution_text,设计阶段风险与运行工况耦合后引起状态劣化，检测指标随严重度同步升高。,0.5975,hydraulic
RCA_TEXT_HFB-02009,HFB-02009,rca_text,该案例表现为中度泄漏异常，根因更可能由材料阶段隐患累积触发。,0.5807,hydraulic
EVO_TEXT_HFB-02009,HFB-02009,fault_evolution_text,隐患先导致局部性能退化，随后传感器能量向关联通道集中，最终形成泄漏异常。,0.5807,hydraulic
RCA_TEXT_HFB-02010,HFB-02010,rca_text,蓄能器出现轻微流量异常，生命周期风险集中在运维阶段，建议优先追溯 HOPR-02010。,0.628,hydraulic
EVO_TEXT_HFB-02010,HFB-02010,fault_evolution_text,早期异常较弱，运行载荷放大后出现指标漂移，并逐步演化为轻微故障。,0.628,hydraulic
RCA_TEXT_HFB-02011,HFB-02011,rca_text,节流阀出现中度流量异常，生命周期风险集中在材料阶段，建议优先追溯 HMAT-00351。,0.5672,hydraulic
EVO_TEXT_HFB-02011,HFB-02011,fault_evolution_text,材料阶段风险与运行工况耦合后引起状态劣化，检测指标随严重度同步升高。,0.5672,hydraulic
RCA_TEXT_HFB-02012,HFB-02012,rca_text,该案例表现为轻微振动异常，根因更可能由运维阶段隐患累积触发。,0.5355,hydraulic
EVO_TEXT_HFB-02012,HFB-02012,fault_evolution_text,运维阶段风险与运行工况耦合后引起状态劣化，检测指标随严重度同步升高。,0.5355,hydraulic
RCA_TEXT_HFB-02013,HFB-02013,rca_text,该案例表现为轻微流量异常，根因更可能由材料阶段隐患累积触发。,0.6072,hydraulic
EVO_TEXT_HFB-02013,HFB-02013,fault_evolution_text,材料阶段风险与运行工况耦合后引起状态劣化，检测指标随严重度同步升高。,0.6072,hydraulic
RCA_TEXT_HFB-02014,HFB-02014,rca_text,过滤器出现轻微温度异常，生命周期风险集中在运维阶段，建议优先追溯 HOPR-02014。,0.5455,hydraulic
EVO_TEXT_HFB-02014,HFB-02014,fault_evolution_text,早期异常较弱，运行载荷放大后出现指标漂移，并逐步演化为轻微故障。,0.5455,hydraulic
RCA_TEXT_HFB-02015,HFB-02015,rca_text,结合传感器能量和检测记录，方向控制阀的阀芯卡滞与运维阶段高风险实体 HOPR-02015 一致。,0.6402,hydraulic
EVO_TEXT_HFB-02015,HFB-02015,fault_evolution_text,运维阶段风险与运行工况耦合后引起状态劣化，检测指标随严重度同步升高。,0.6402,hydraulic
RCA_TEXT_HFB-02016,HFB-02016,rca_text,结合传感器能量和检测记录，液压油箱的泄漏异常与检测阶段高风险实体 HINSP-02016 一致。,0.5798,hydraulic
EVO_TEXT_HFB-02016,HFB-02016,fault_evolution_text,检测阶段风险与运行工况耦合后引起状态劣化，检测指标随严重度同步升高。,0.5798,hydraulic
RCA_TEXT_HFB-02017,HFB-02017,rca_text,结合传感器能量和检测记录，卸荷阀的泄漏异常与装配阶段高风险实体 HASM-02017 一致。,0.5503,hydraulic
EVO_TEXT_HFB-02017,HFB-02017,fault_evolution_text,隐患先导致局部性能退化，随后传感器能量向关联通道集中，最终形成泄漏异常。,0.5503,hydraulic
RCA_TEXT_HFB-02018,HFB-02018,rca_text,该案例表现为中度压力异常，根因更可能由运维阶段隐患累积触发。,0.5987,hydraulic
EVO_TEXT_HFB-02018,HFB-02018,fault_evolution_text,运维阶段风险与运行工况耦合后引起状态劣化，检测指标随严重度同步升高。,0.5987,hydraulic
RCA_TEXT_HFB-02019,HFB-02019,rca_text,卸荷阀出现中度阀芯卡滞，生命周期风险集中在装配阶段，建议优先追溯 HASM-02019。,0.5964,hydraulic
EVO_TEXT_HFB-02019,HFB-02019,fault_evolution_text,隐患先导致局部性能退化，随后传感器能量向关联通道集中，最终形成阀芯卡滞。,0.5964,hydraulic
RCA_TEXT_HFB-02020,HFB-02020,rca_text,该案例表现为轻微流量异常，根因更可能由材料阶段隐患累积触发。,0.6106,hydraulic
EVO_TEXT_HFB-02020,HFB-02020,fault_evolution_text,早期异常较弱，运行载荷放大后出现指标漂移，并逐步演化为轻微故障。,0.6106,hydraulic
RCA_TEXT_HFB-02021,HFB-02021,rca_text,结合传感器能量和检测记录，管路总成的流量异常与制造阶段高风险实体 HMAN-00960 一致。,0.6,hydraulic
EVO_TEXT_HFB-02021,HFB-02021,fault_evolution_text,制造阶段风险与运行工况耦合后引起状态劣化，检测指标随严重度同步升高。,0.6,hydraulic
RCA_TEXT_HFB-02022,HFB-02022,rca_text,作动筒出现轻微泄漏异常，生命周期风险集中在检测阶段，建议优先追溯 HINSP-02022。,0.6474,hydraulic
EVO_TEXT_HFB-02022,HFB-02022,fault_evolution_text,检测阶段风险与运行工况耦合后引起状态劣化，检测指标随严重度同步升高。,0.6474,hydraulic
RCA_TEXT_HFB-02023,HFB-02023,rca_text,结合传感器能量和检测记录，液压油箱的阀芯卡滞与材料阶段高风险实体 HMAT-00015 一致。,0.5504,hydraulic
EVO_TEXT_HFB-02023,HFB-02023,fault_evolution_text,材料阶段风险与运行工况耦合后引起状态劣化，检测指标随严重度同步升高。,0.5504,hydraulic
RCA_TEXT_HFB-02024,HFB-02024,rca_text,该案例表现为中度温度异常，根因更可能由运维阶段隐患累积触发。,0.6115,hydraulic
EVO_TEXT_HFB-02024,HFB-02024,fault_evolution_text,早期异常较弱，运行载荷放大后出现指标漂移，并逐步演化为中度故障。,0.6115,hydraulic
RCA_TEXT_HFB-02025,HFB-02025,rca_text,作动筒出现轻微温度异常，生命周期风险集中在材料阶段，建议优先追溯 HMAT-00251。,0.559,hydraulic
EVO_TEXT_HFB-02025,HFB-02025,fault_evolution_text,隐患先导致局部性能退化，随后传感器能量向关联通道集中，最终形成温度异常。,0.559,hydraulic
RCA_TEXT_HFB-02026,HFB-02026,rca_text,该案例表现为轻微阀芯卡滞，根因更可能由设计阶段隐患累积触发。,0.5903,hydraulic
EVO_TEXT_HFB-02026,HFB-02026,fault_evolution_text,早期异常较弱，运行载荷放大后出现指标漂移，并逐步演化为轻微故障。,0.5903,hydraulic
RCA_TEXT_HFB-02027,HFB-02027,rca_text,结合传感器能量和检测记录，管路总成的振动异常与装配阶段高风险实体 HASM-02027 一致。,0.5982,hydraulic
EVO_TEXT_HFB-02027,HFB-02027,fault_evolution_text,装配阶段风险与运行工况耦合后引起状态劣化，检测指标随严重度同步升高。,0.5982,hydraulic
RCA_TEXT_HFB-02028,HFB-02028,rca_text,结合传感器能量和检测记录，液压泵总成的压力异常与装配阶段高风险实体 HASM-02028 一致。,0.5994,hydraulic
EVO_TEXT_HFB-02028,HFB-02028,fault_evolution_text,装配阶段风险与运行工况耦合后引起状态劣化，检测指标随严重度同步升高。,0.5994,hydraulic
RCA_TEXT_HFB-02029,HFB-02029,rca_text,该案例表现为中度流量异常，根因更可能由设计阶段隐患累积触发。,0.6304,hydraulic
EVO_TEXT_HFB-02029,HFB-02029,fault_evolution_text,隐患先导致局部性能退化，随后传感器能量向关联通道集中，最终形成流量异常。,0.6304,hydraulic
RCA_TEXT_HFB-02030,HFB-02030,rca_text,该案例表现为轻微压力异常，根因更可能由制造阶段隐患累积触发。,0.6129,hydraulic
EVO_TEXT_HFB-02030,HFB-02030,fault_evolution_text,隐患先导致局部性能退化，随后传感器能量向关联通道集中，最终形成压力异常。,0.6129,hydraulic
RCA_TEXT_HFB-02031,HFB-02031,rca_text,作动筒出现轻微泄漏异常，生命周期风险集中在制造阶段，建议优先追溯 HMAN-00750。,0.6115,hydraulic
EVO_TEXT_HFB-02031,HFB-02031,fault_evolution_text,制造阶段风险与运行工况耦合后引起状态劣化，检测指标随严重度同步升高。,0.6115,hydraulic
RCA_TEXT_HFB-02032,HFB-02032,rca_text,该案例表现为轻微振动异常，根因更可能由制造阶段隐患累积触发。,0.5949,hydraulic
EVO_TEXT_HFB-02032,HFB-02032,fault_evolution_text,制造阶段风险与运行工况耦合后引起状态劣化，检测指标随严重度同步升高。,0.5949,hydraulic
RCA_TEXT_HFB-02033,HFB-02033,rca_text,结合传感器能量和检测记录，冷却器的振动异常与检测阶段高风险实体 HINSP-02033 一致。,0.6161,hydraulic
EVO_TEXT_HFB-02033,HFB-02033,fault_evolution_text,检测阶段风险与运行工况耦合后引起状态劣化，检测指标随严重度同步升高。,0.6161,hydraulic
RCA_TEXT_HFB-02034,HFB-02034,rca_text,结合传感器能量和检测记录，卸荷阀的阀芯卡滞与运维阶段高风险实体 HOPR-02034 一致。,0.5999,hydraulic
EVO_TEXT_HFB-02034,HFB-02034,fault_evolution_text,早期异常较弱，运行载荷放大后出现指标漂移，并逐步演化为中度故障。,0.5999,hydraulic
RCA_TEXT_HFB-02035,HFB-02035,rca_text,该案例表现为中度振动异常，根因更可能由运维阶段隐患累积触发。,0.6267,hydraulic
EVO_TEXT_HFB-02035,HFB-02035,fault_evolution_text,运维阶段风险与运行工况耦合后引起状态劣化，检测指标随严重度同步升高。,0.6267,hydraulic
RCA_TEXT_HFB-02036,HFB-02036,rca_text,该案例表现为轻微阀芯卡滞，根因更可能由制造阶段隐患累积触发。,0.5683,hydraulic
EVO_TEXT_HFB-02036,HFB-02036,fault_evolution_text,隐患先导致局部性能退化，随后传感器能量向关联通道集中，最终形成阀芯卡滞。,0.5683,hydraulic
RCA_TEXT_HFB-02037,HFB-02037,rca_text,溢流阀出现轻微温度异常，生命周期风险集中在运维阶段，建议优先追溯 HOPR-02037。,0.5953,hydraulic
EVO_TEXT_HFB-02037,HFB-02037,fault_evolution_text,运维阶段风险与运行工况耦合后引起状态劣化，检测指标随严重度同步升高。,0.5953,hydraulic
RCA_TEXT_HFB-02038,HFB-02038,rca_text,卸荷阀出现轻微振动异常，生命周期风险集中在设计阶段，建议优先追溯 HDES-00486。,0.6137,hydraulic
EVO_TEXT_HFB-02038,HFB-02038,fault_evolution_text,设计阶段风险与运行工况耦合后引起状态劣化，检测指标随严重度同步升高。,0.6137,hydraulic
RCA_TEXT_HFB-02039,HFB-02039,rca_text,结合传感器能量和检测记录，液压泵总成的振动异常与检测阶段高风险实体 HINSP-02039 一致。,0.5924,hydraulic
EVO_TEXT_HFB-02039,HFB-02039,fault_evolution_text,早期异常较弱，运行载荷放大后出现指标漂移，并逐步演化为中度故障。,0.5924,hydraulic
RCA_TEXT_HFB-02040,HFB-02040,rca_text,蓄能器出现轻微压力异常，生命周期风险集中在材料阶段，建议优先追溯 HMAT-00100。,0.6602,hydraulic
EVO_TEXT_HFB-02040,HFB-02040,fault_evolution_text,材料阶段风险与运行工况耦合后引起状态劣化，检测指标随严重度同步升高。,0.6602,hydraulic
RCA_TEXT_HFB-02041,HFB-02041,rca_text,该案例表现为中度泄漏异常，根因更可能由设计阶段隐患累积触发。,0.6986,hydraulic
EVO_TEXT_HFB-02041,HFB-02041,fault_evolution_text,早期异常较弱，运行载荷放大后出现指标漂移，并逐步演化为中度故障。,0.6986,hydraulic
RCA_TEXT_HFB-02042,HFB-02042,rca_text,结合传感器能量和检测记录，方向控制阀的阀芯卡滞与材料阶段高风险实体 HMAT-00375 一致。,0.5549,hydraulic
EVO_TEXT_HFB-02042,HFB-02042,fault_evolution_text,早期异常较弱，运行载荷放大后出现指标漂移，并逐步演化为轻微故障。,0.5549,hydraulic
RCA_TEXT_HFB-02043,HFB-02043,rca_text,该案例表现为中度阀芯卡滞，根因更可能由运维阶段隐患累积触发。,0.5951,hydraulic
EVO_TEXT_HFB-02043,HFB-02043,fault_evolution_text,早期异常较弱，运行载荷放大后出现指标漂移，并逐步演化为中度故障。,0.5951,hydraulic
RCA_TEXT_HFB-02044,HFB-02044,rca_text,蓄能器出现轻微压力异常，生命周期风险集中在制造阶段，建议优先追溯 HMAN-00119。,0.6663,hydraulic
EVO_TEXT_HFB-02044,HFB-02044,fault_evolution_text,早期异常较弱，运行载荷放大后出现指标漂移，并逐步演化为轻微故障。,0.6663,hydraulic
RCA_TEXT_HFB-02045,HFB-02045,rca_text,该案例表现为轻微压力异常，根因更可能由制造阶段隐患累积触发。,0.4892,hydraulic
EVO_TEXT_HFB-02045,HFB-02045,fault_evolution_text,隐患先导致局部性能退化，随后传感器能量向关联通道集中，最终形成压力异常。,0.4892,hydraulic
RCA_TEXT_HFB-02046,HFB-02046,rca_text,过滤器出现轻微流量异常，生命周期风险集中在运维阶段，建议优先追溯 HOPR-02046。,0.6157,hydraulic
EVO_TEXT_HFB-02046,HFB-02046,fault_evolution_text,早期异常较弱，运行载荷放大后出现指标漂移，并逐步演化为轻微故障。,0.6157,hydraulic
RCA_TEXT_HFB-02047,HFB-02047,rca_text,方向控制阀出现轻微流量异常，生命周期风险集中在运维阶段，建议优先追溯 HOPR-02047。,0.6339,hydraulic
EVO_TEXT_HFB-02047,HFB-02047,fault_evolution_text,运维阶段风险与运行工况耦合后引起状态劣化，检测指标随严重度同步升高。,0.6339,hydraulic
RCA_TEXT_HFB-02048,HFB-02048,rca_text,单向阀出现轻微压力异常，生命周期风险集中在运维阶段，建议优先追溯 HOPR-02048。,0.6389,hydraulic
EVO_TEXT_HFB-02048,HFB-02048,fault_evolution_text,早期异常较弱，运行载荷放大后出现指标漂移，并逐步演化为轻微故障。,0.6389,hydraulic
RCA_TEXT_HFB-02049,HFB-02049,rca_text,冷却器出现轻微流量异常，生命周期风险集中在装配阶段，建议优先追溯 HASM-02049。,0.5864,hydraulic
EVO_TEXT_HFB-02049,HFB-02049,fault_evolution_text,早期异常较弱，运行载荷放大后出现指标漂移，并逐步演化为轻微故障。,0.5864,hydraulic
RCA_TEXT_HFB-02050,HFB-02050,rca_text,结合传感器能量和检测记录，蓄能器的压力异常与运维阶段高风险实体 HOPR-02050 一致。,0.5943,hydraulic
EVO_TEXT_HFB-02050,HFB-02050,fault_evolution_text,早期异常较弱，运行载荷放大后出现指标漂移，并逐步演化为轻微故障。,0.5943,hydraulic
RCA_TEXT_HFB-02051,HFB-02051,rca_text,单向阀出现轻微阀芯卡滞，生命周期风险集中在制造阶段，建议优先追溯 HMAN-00352。,0.6082,hydraulic
EVO_TEXT_HFB-02051,HFB-02051,fault_evolution_text,制造阶段风险与运行工况耦合后引起状态劣化，检测指标随严重度同步升高。,0.6082,hydraulic
RCA_TEXT_HFB-02052,HFB-02052,rca_text,结合传感器能量和检测记录，蓄能器的流量异常与运维阶段高风险实体 HOPR-02052 一致。,0.5477,hydraulic
EVO_TEXT_HFB-02052,HFB-02052,fault_evolution_text,早期异常较弱，运行载荷放大后出现指标漂移，并逐步演化为轻微故障。,0.5477,hydraulic
RCA_TEXT_HFB-02053,HFB-02053,rca_text,该案例表现为轻微泄漏异常，根因更可能由材料阶段隐患累积触发。,0.5907,hydraulic
EVO_TEXT_HFB-02053,HFB-02053,fault_evolution_text,早期异常较弱，运行载荷放大后出现指标漂移，并逐步演化为轻微故障。,0.5907,hydraulic
RCA_TEXT_HFB-02054,HFB-02054,rca_text,结合传感器能量和检测记录，单向阀的阀芯卡滞与制造阶段高风险实体 HMAN-00512 一致。,0.5702,hydraulic
EVO_TEXT_HFB-02054,HFB-02054,fault_evolution_text,制造阶段风险与运行工况耦合后引起状态劣化，检测指标随严重度同步升高。,0.5702,hydraulic
RCA_TEXT_HFB-02055,HFB-02055,rca_text,结合传感器能量和检测记录，液压油箱的温度异常与运维阶段高风险实体 HOPR-02055 一致。,0.5798,hydraulic
EVO_TEXT_HFB-02055,HFB-02055,fault_evolution_text,早期异常较弱，运行载荷放大后出现指标漂移，并逐步演化为中度故障。,0.5798,hydraulic
RCA_TEXT_HFB-02056,HFB-02056,rca_text,结合传感器能量和检测记录，液压泵总成的振动异常与装配阶段高风险实体 HASM-02056 一致。,0.6972,hydraulic
EVO_TEXT_HFB-02056,HFB-02056,fault_evolution_text,装配阶段风险与运行工况耦合后引起状态劣化，检测指标随严重度同步升高。,0.6972,hydraulic
RCA_TEXT_HFB-02057,HFB-02057,rca_text,结合传感器能量和检测记录，蓄能器的流量异常与运维阶段高风险实体 HOPR-02057 一致。,0.6072,hydraulic
EVO_TEXT_HFB-02057,HFB-02057,fault_evolution_text,运维阶段风险与运行工况耦合后引起状态劣化，检测指标随严重度同步升高。,0.6072,hydraulic
RCA_TEXT_HFB-02058,HFB-02058,rca_text,蓄能器出现轻微泄漏异常，生命周期风险集中在运维阶段，建议优先追溯 HOPR-02058。,0.6391,hydraulic
EVO_TEXT_HFB-02058,HFB-02058,fault_evolution_text,早期异常较弱，运行载荷放大后出现指标漂移，并逐步演化为轻微故障。,0.6391,hydraulic
RCA_TEXT_HFB-02059,HFB-02059,rca_text,该案例表现为轻微流量异常，根因更可能由制造阶段隐患累积触发。,0.5997,hydraulic
EVO_TEXT_HFB-02059,HFB-02059,fault_evolution_text,隐患先导致局部性能退化，随后传感器能量向关联通道集中，最终形成流量异常。,0.5997,hydraulic
RCA_TEXT_HFB-02060,HFB-02060,rca_text,该案例表现为轻微阀芯卡滞，根因更可能由运维阶段隐患累积触发。,0.612,hydraulic
EVO_TEXT_HFB-02060,HFB-02060,fault_evolution_text,运维阶段风险与运行工况耦合后引起状态劣化，检测指标随严重度同步升高。,0.612,hydraulic
RCA_TEXT_HFB-02061,HFB-02061,rca_text,管路总成出现中度压力异常，生命周期风险集中在装配阶段，建议优先追溯 HASM-02061。,0.6547,hydraulic
EVO_TEXT_HFB-02061,HFB-02061,fault_evolution_text,装配阶段风险与运行工况耦合后引起状态劣化，检测指标随严重度同步升高。,0.6547,hydraulic
RCA_TEXT_HFB-02062,HFB-02062,rca_text,溢流阀出现轻微温度异常，生命周期风险集中在运维阶段，建议优先追溯 HOPR-02062。,0.5963,hydraulic
EVO_TEXT_HFB-02062,HFB-02062,fault_evolution_text,早期异常较弱，运行载荷放大后出现指标漂移，并逐步演化为轻微故障。,0.5963,hydraulic
RCA_TEXT_HFB-02063,HFB-02063,rca_text,结合传感器能量和检测记录，作动筒的泄漏异常与装配阶段高风险实体 HASM-02063 一致。,0.6842,hydraulic
EVO_TEXT_HFB-02063,HFB-02063,fault_evolution_text,隐患先导致局部性能退化，随后传感器能量向关联通道集中，最终形成泄漏异常。,0.6842,hydraulic
RCA_TEXT_HFB-02064,HFB-02064,rca_text,该案例表现为中度泄漏异常，根因更可能由装配阶段隐患累积触发。,0.624,hydraulic
EVO_TEXT_HFB-02064,HFB-02064,fault_evolution_text,早期异常较弱，运行载荷放大后出现指标漂移，并逐步演化为中度故障。,0.624,hydraulic
RCA_TEXT_HFB-02065,HFB-02065,rca_text,方向控制阀出现中度阀芯卡滞，生命周期风险集中在装配阶段，建议优先追溯 HASM-02065。,0.6475,hydraulic
EVO_TEXT_HFB-02065,HFB-02065,fault_evolution_text,隐患先导致局部性能退化，随后传感器能量向关联通道集中，最终形成阀芯卡滞。,0.6475,hydraulic
RCA_TEXT_HFB-02066,HFB-02066,rca_text,作动筒出现轻微振动异常，生命周期风险集中在运维阶段，建议优先追溯 HOPR-02066。,0.4877,hydraulic
EVO_TEXT_HFB-02066,HFB-02066,fault_evolution_text,运维阶段风险与运行工况耦合后引起状态劣化，检测指标随严重度同步升高。,0.4877,hydraulic
RCA_TEXT_HFB-02067,HFB-02067,rca_text,冷却器出现中度温度异常，生命周期风险集中在装配阶段，建议优先追溯 HASM-02067。,0.6627,hydraulic
EVO_TEXT_HFB-02067,HFB-02067,fault_evolution_text,隐患先导致局部性能退化，随后传感器能量向关联通道集中，最终形成温度异常。,0.6627,hydraulic
RCA_TEXT_HFB-02068,HFB-02068,rca_text,液压油箱出现中度温度异常，生命周期风险集中在装配阶段，建议优先追溯 HASM-02068。,0.6237,hydraulic
EVO_TEXT_HFB-02068,HFB-02068,fault_evolution_text,早期异常较弱，运行载荷放大后出现指标漂移，并逐步演化为中度故障。,0.6237,hydraulic
RCA_TEXT_HFB-02069,HFB-02069,rca_text,结合传感器能量和检测记录，作动筒的温度异常与制造阶段高风险实体 HMAN-00552 一致。,0.5686,hydraulic
EVO_TEXT_HFB-02069,HFB-02069,fault_evolution_text,早期异常较弱，运行载荷放大后出现指标漂移，并逐步演化为轻微故障。,0.5686,hydraulic
RCA_TEXT_HFB-02070,HFB-02070,rca_text,节流阀出现中度流量异常，生命周期风险集中在运维阶段，建议优先追溯 HOPR-02070。,0.605,hydraulic
EVO_TEXT_HFB-02070,HFB-02070,fault_evolution_text,早期异常较弱，运行载荷放大后出现指标漂移，并逐步演化为中度故障。,0.605,hydraulic
RCA_TEXT_HFB-02071,HFB-02071,rca_text,该案例表现为中度振动异常，根因更可能由材料阶段隐患累积触发。,0.621,hydraulic
EVO_TEXT_HFB-02071,HFB-02071,fault_evolution_text,早期异常较弱，运行载荷放大后出现指标漂移，并逐步演化为中度故障。,0.621,hydraulic
RCA_TEXT_HFB-02072,HFB-02072,rca_text,结合传感器能量和检测记录，卸荷阀的泄漏异常与装配阶段高风险实体 HASM-02072 一致。,0.5949,hydraulic
EVO_TEXT_HFB-02072,HFB-02072,fault_evolution_text,装配阶段风险与运行工况耦合后引起状态劣化，检测指标随严重度同步升高。,0.5949,hydraulic
RCA_TEXT_HFB-02073,HFB-02073,rca_text,该案例表现为轻微振动异常，根因更可能由运维阶段隐患累积触发。,0.5888,hydraulic
EVO_TEXT_HFB-02073,HFB-02073,fault_evolution_text,运维阶段风险与运行工况耦合后引起状态劣化，检测指标随严重度同步升高。,0.5888,hydraulic
RCA_TEXT_HFB-02074,HFB-02074,rca_text,该案例表现为轻微阀芯卡滞，根因更可能由运维阶段隐患累积触发。,0.6014,hydraulic
EVO_TEXT_HFB-02074,HFB-02074,fault_evolution_text,隐患先导致局部性能退化，随后传感器能量向关联通道集中，最终形成阀芯卡滞。,0.6014,hydraulic
RCA_TEXT_HFB-02075,HFB-02075,rca_text,该案例表现为轻微阀芯卡滞，根因更可能由运维阶段隐患累积触发。,0.5916,hydraulic
EVO_TEXT_HFB-02075,HFB-02075,fault_evolution_text,隐患先导致局部性能退化，随后传感器能量向关联通道集中，最终形成阀芯卡滞。,0.5916,hydraulic
RCA_TEXT_HFB-02076,HFB-02076,rca_text,蓄能器出现轻微流量异常，生命周期风险集中在制造阶段，建议优先追溯 HMAN-00649。,0.6294,hydraulic
EVO_TEXT_HFB-02076,HFB-02076,fault_evolution_text,隐患先导致局部性能退化，随后传感器能量向关联通道集中，最终形成流量异常。,0.6294,hydraulic
RCA_TEXT_HFB-02077,HFB-02077,rca_text,结合传感器能量和检测记录，管路总成的振动异常与检测阶段高风险实体 HINSP-02077 一致。,0.5539,hydraulic
EVO_TEXT_HFB-02077,HFB-02077,fault_evolution_text,隐患先导致局部性能退化，随后传感器能量向关联通道集中，最终形成振动异常。,0.5539,hydraulic
RCA_TEXT_HFB-02078,HFB-02078,rca_text,该案例表现为轻微温度异常，根因更可能由检测阶段隐患累积触发。,0.611,hydraulic
EVO_TEXT_HFB-02078,HFB-02078,fault_evolution_text,早期异常较弱，运行载荷放大后出现指标漂移，并逐步演化为轻微故障。,0.611,hydraulic
RCA_TEXT_HFB-02079,HFB-02079,rca_text,结合传感器能量和检测记录，单向阀的流量异常与运维阶段高风险实体 HOPR-02079 一致。,0.5173,hydraulic
EVO_TEXT_HFB-02079,HFB-02079,fault_evolution_text,早期异常较弱，运行载荷放大后出现指标漂移，并逐步演化为轻微故障。,0.5173,hydraulic
RCA_TEXT_HFB-02080,HFB-02080,rca_text,液压油箱出现轻微阀芯卡滞，生命周期风险集中在制造阶段，建议优先追溯 HMAN-01031。,0.5863,hydraulic
EVO_TEXT_HFB-02080,HFB-02080,fault_evolution_text,早期异常较弱，运行载荷放大后出现指标漂移，并逐步演化为轻微故障。,0.5863,hydraulic
RCA_TEXT_HFB-02081,HFB-02081,rca_text,该案例表现为中度流量异常，根因更可能由运维阶段隐患累积触发。,0.5754,hydraulic
EVO_TEXT_HFB-02081,HFB-02081,fault_evolution_text,运维阶段风险与运行工况耦合后引起状态劣化，检测指标随严重度同步升高。,0.5754,hydraulic
RCA_TEXT_HFB-02082,HFB-02082,rca_text,该案例表现为中度压力异常，根因更可能由制造阶段隐患累积触发。,0.6556,hydraulic
EVO_TEXT_HFB-02082,HFB-02082,fault_evolution_text,隐患先导致局部性能退化，随后传感器能量向关联通道集中，最终形成压力异常。,0.6556,hydraulic
RCA_TEXT_HFB-02083,HFB-02083,rca_text,该案例表现为中度泄漏异常，根因更可能由制造阶段隐患累积触发。,0.6171,hydraulic
EVO_TEXT_HFB-02083,HFB-02083,fault_evolution_text,隐患先导致局部性能退化，随后传感器能量向关联通道集中，最终形成泄漏异常。,0.6171,hydraulic
RCA_TEXT_HFB-02084,HFB-02084,rca_text,液压泵总成出现轻微泄漏异常，生命周期风险集中在材料阶段，建议优先追溯 HMAT-00250。,0.5992,hydraulic
EVO_TEXT_HFB-02084,HFB-02084,fault_evolution_text,早期异常较弱，运行载荷放大后出现指标漂移，并逐步演化为轻微故障。,0.5992,hydraulic
RCA_TEXT_HFB-02085,HFB-02085,rca_text,该案例表现为中度流量异常，根因更可能由制造阶段隐患累积触发。,0.607,hydraulic
EVO_TEXT_HFB-02085,HFB-02085,fault_evolution_text,早期异常较弱，运行载荷放大后出现指标漂移，并逐步演化为中度故障。,0.607,hydraulic
RCA_TEXT_HFB-02086,HFB-02086,rca_text,结合传感器能量和检测记录，管路总成的振动异常与制造阶段高风险实体 HMAN-00812 一致。,0.6444,hydraulic
EVO_TEXT_HFB-02086,HFB-02086,fault_evolution_text,制造阶段风险与运行工况耦合后引起状态劣化，检测指标随严重度同步升高。,0.6444,hydraulic
RCA_TEXT_HFB-02087,HFB-02087,rca_text,该案例表现为轻微流量异常，根因更可能由运维阶段隐患累积触发。,0.5923,hydraulic
EVO_TEXT_HFB-02087,HFB-02087,fault_evolution_text,早期异常较弱，运行载荷放大后出现指标漂移，并逐步演化为轻微故障。,0.5923,hydraulic
RCA_TEXT_HFB-02088,HFB-02088,rca_text,该案例表现为中度泄漏异常，根因更可能由检测阶段隐患累积触发。,0.648,hydraulic
EVO_TEXT_HFB-02088,HFB-02088,fault_evolution_text,检测阶段风险与运行工况耦合后引起状态劣化，检测指标随严重度同步升高。,0.648,hydraulic
RCA_TEXT_HFB-02089,HFB-02089,rca_text,管路总成出现轻微阀芯卡滞，生命周期风险集中在材料阶段，建议优先追溯 HMAT-00598。,0.5338,hydraulic
EVO_TEXT_HFB-02089,HFB-02089,fault_evolution_text,早期异常较弱，运行载荷放大后出现指标漂移，并逐步演化为轻微故障。,0.5338,hydraulic
RCA_TEXT_HFB-02090,HFB-02090,rca_text,该案例表现为轻微阀芯卡滞，根因更可能由装配阶段隐患累积触发。,0.6001,hydraulic
EVO_TEXT_HFB-02090,HFB-02090,fault_evolution_text,装配阶段风险与运行工况耦合后引起状态劣化，检测指标随严重度同步升高。,0.6001,hydraulic
RCA_TEXT_HFB-02091,HFB-02091,rca_text,该案例表现为中度压力异常，根因更可能由装配阶段隐患累积触发。,0.6352,hydraulic
EVO_TEXT_HFB-02091,HFB-02091,fault_evolution_text,装配阶段风险与运行工况耦合后引起状态劣化，检测指标随严重度同步升高。,0.6352,hydraulic
RCA_TEXT_HFB-02092,HFB-02092,rca_text,结合传感器能量和检测记录，节流阀的流量异常与运维阶段高风险实体 HOPR-02092 一致。,0.5766,hydraulic
EVO_TEXT_HFB-02092,HFB-02092,fault_evolution_text,运维阶段风险与运行工况耦合后引起状态劣化，检测指标随严重度同步升高。,0.5766,hydraulic
RCA_TEXT_HFB-02093,HFB-02093,rca_text,方向控制阀出现轻微振动异常，生命周期风险集中在装配阶段，建议优先追溯 HASM-02093。,0.607,hydraulic
EVO_TEXT_HFB-02093,HFB-02093,fault_evolution_text,早期异常较弱，运行载荷放大后出现指标漂移，并逐步演化为轻微故障。,0.607,hydraulic
RCA_TEXT_HFB-02094,HFB-02094,rca_text,结合传感器能量和检测记录，管路总成的流量异常与制造阶段高风险实体 HMAN-00502 一致。,0.5774,hydraulic
EVO_TEXT_HFB-02094,HFB-02094,fault_evolution_text,制造阶段风险与运行工况耦合后引起状态劣化，检测指标随严重度同步升高。,0.5774,hydraulic
RCA_TEXT_HFB-02095,HFB-02095,rca_text,该案例表现为轻微温度异常，根因更可能由装配阶段隐患累积触发。,0.5242,hydraulic
EVO_TEXT_HFB-02095,HFB-02095,fault_evolution_text,装配阶段风险与运行工况耦合后引起状态劣化，检测指标随严重度同步升高。,0.5242,hydraulic
RCA_TEXT_HFB-02096,HFB-02096,rca_text,结合传感器能量和检测记录，作动筒的振动异常与运维阶段高风险实体 HOPR-02096 一致。,0.5693,hydraulic
EVO_TEXT_HFB-02096,HFB-02096,fault_evolution_text,隐患先导致局部性能退化，随后传感器能量向关联通道集中，最终形成振动异常。,0.5693,hydraulic
RCA_TEXT_HFB-02097,HFB-02097,rca_text,该案例表现为轻微泄漏异常，根因更可能由设计阶段隐患累积触发。,0.5993,hydraulic
EVO_TEXT_HFB-02097,HFB-02097,fault_evolution_text,设计阶段风险与运行工况耦合后引起状态劣化，检测指标随严重度同步升高。,0.5993,hydraulic
RCA_TEXT_HFB-02098,HFB-02098,rca_text,该案例表现为轻微压力异常，根因更可能由运维阶段隐患累积触发。,0.601,hydraulic
EVO_TEXT_HFB-02098,HFB-02098,fault_evolution_text,隐患先导致局部性能退化，随后传感器能量向关联通道集中，最终形成压力异常。,0.601,hydraulic
RCA_TEXT_HFB-02099,HFB-02099,rca_text,结合传感器能量和检测记录，管路总成的压力异常与制造阶段高风险实体 HMAN-00171 一致。,0.6513,hydraulic
EVO_TEXT_HFB-02099,HFB-02099,fault_evolution_text,制造阶段风险与运行工况耦合后引起状态劣化，检测指标随严重度同步升高。,0.6513,hydraulic
RCA_TEXT_HFB-02100,HFB-02100,rca_text,结合传感器能量和检测记录，溢流阀的阀芯卡滞与运维阶段高风险实体 HOPR-02100 一致。,0.6817,hydraulic
EVO_TEXT_HFB-02100,HFB-02100,fault_evolution_text,早期异常较弱，运行载荷放大后出现指标漂移，并逐步演化为轻微故障。,0.6817,hydraulic
RCA_TEXT_HFB-02101,HFB-02101,rca_text,结合传感器能量和检测记录，液压泵总成的压力异常与装配阶段高风险实体 HASM-02101 一致。,0.5785,hydraulic
EVO_TEXT_HFB-02101,HFB-02101,fault_evolution_text,早期异常较弱，运行载荷放大后出现指标漂移，并逐步演化为中度故障。,0.5785,hydraulic
RCA_TEXT_HFB-02102,HFB-02102,rca_text,结合传感器能量和检测记录，液压泵总成的压力异常与制造阶段高风险实体 HMAN-00980 一致。,0.5454,hydraulic
EVO_TEXT_HFB-02102,HFB-02102,fault_evolution_text,早期异常较弱，运行载荷放大后出现指标漂移，并逐步演化为轻微故障。,0.5454,hydraulic
RCA_TEXT_HFB-02103,HFB-02103,rca_text,结合传感器能量和检测记录，作动筒的温度异常与运维阶段高风险实体 HOPR-02103 一致。,0.5494,hydraulic
EVO_TEXT_HFB-02103,HFB-02103,fault_evolution_text,运维阶段风险与运行工况耦合后引起状态劣化，检测指标随严重度同步升高。,0.5494,hydraulic
RCA_TEXT_HFB-02104,HFB-02104,rca_text,液压泵总成出现轻微振动异常，生命周期风险集中在制造阶段，建议优先追溯 HMAN-00826。,0.5858,hydraulic
EVO_TEXT_HFB-02104,HFB-02104,fault_evolution_text,早期异常较弱，运行载荷放大后出现指标漂移，并逐步演化为轻微故障。,0.5858,hydraulic
RCA_TEXT_HFB-02105,HFB-02105,rca_text,液压油箱出现轻微振动异常，生命周期风险集中在运维阶段，建议优先追溯 HOPR-02105。,0.5954,hydraulic
EVO_TEXT_HFB-02105,HFB-02105,fault_evolution_text,隐患先导致局部性能退化，随后传感器能量向关联通道集中，最终形成振动异常。,0.5954,hydraulic
RCA_TEXT_HFB-02106,HFB-02106,rca_text,结合传感器能量和检测记录，作动筒的振动异常与检测阶段高风险实体 HINSP-02106 一致。,0.5808,hydraulic
EVO_TEXT_HFB-02106,HFB-02106,fault_evolution_text,隐患先导致局部性能退化，随后传感器能量向关联通道集中，最终形成振动异常。,0.5808,hydraulic
RCA_TEXT_HFB-02107,HFB-02107,rca_text,结合传感器能量和检测记录，卸荷阀的泄漏异常与检测阶段高风险实体 HINSP-02107 一致。,0.6559,hydraulic
EVO_TEXT_HFB-02107,HFB-02107,fault_evolution_text,隐患先导致局部性能退化，随后传感器能量向关联通道集中，最终形成泄漏异常。,0.6559,hydraulic
RCA_TEXT_HFB-02108,HFB-02108,rca_text,冷却器出现轻微温度异常，生命周期风险集中在运维阶段，建议优先追溯 HOPR-02108。,0.6037,hydraulic
EVO_TEXT_HFB-02108,HFB-02108,fault_evolution_text,运维阶段风险与运行工况耦合后引起状态劣化，检测指标随严重度同步升高。,0.6037,hydraulic
RCA_TEXT_HFB-02109,HFB-02109,rca_text,溢流阀出现轻微泄漏异常，生命周期风险集中在装配阶段，建议优先追溯 HASM-02109。,0.6121,hydraulic
EVO_TEXT_HFB-02109,HFB-02109,fault_evolution_text,装配阶段风险与运行工况耦合后引起状态劣化，检测指标随严重度同步升高。,0.6121,hydraulic
RCA_TEXT_HFB-02110,HFB-02110,rca_text,该案例表现为轻微压力异常，根因更可能由运维阶段隐患累积触发。,0.5323,hydraulic
EVO_TEXT_HFB-02110,HFB-02110,fault_evolution_text,早期异常较弱，运行载荷放大后出现指标漂移，并逐步演化为轻微故障。,0.5323,hydraulic
RCA_TEXT_HFB-02111,HFB-02111,rca_text,该案例表现为中度流量异常，根因更可能由材料阶段隐患累积触发。,0.5881,hydraulic
EVO_TEXT_HFB-02111,HFB-02111,fault_evolution_text,隐患先导致局部性能退化，随后传感器能量向关联通道集中，最终形成流量异常。,0.5881,hydraulic
RCA_TEXT_HFB-02112,HFB-02112,rca_text,过滤器出现轻微温度异常，生命周期风险集中在运维阶段，建议优先追溯 HOPR-02112。,0.5651,hydraulic
EVO_TEXT_HFB-02112,HFB-02112,fault_evolution_text,运维阶段风险与运行工况耦合后引起状态劣化，检测指标随严重度同步升高。,0.5651,hydraulic
RCA_TEXT_HFB-02113,HFB-02113,rca_text,结合传感器能量和检测记录，作动筒的流量异常与运维阶段高风险实体 HOPR-02113 一致。,0.6083,hydraulic
EVO_TEXT_HFB-02113,HFB-02113,fault_evolution_text,运维阶段风险与运行工况耦合后引起状态劣化，检测指标随严重度同步升高。,0.6083,hydraulic
RCA_TEXT_HFB-02114,HFB-02114,rca_text,该案例表现为中度温度异常，根因更可能由运维阶段隐患累积触发。,0.6644,hydraulic
EVO_TEXT_HFB-02114,HFB-02114,fault_evolution_text,隐患先导致局部性能退化，随后传感器能量向关联通道集中，最终形成温度异常。,0.6644,hydraulic
RCA_TEXT_HFB-02115,HFB-02115,rca_text,结合传感器能量和检测记录，管路总成的压力异常与运维阶段高风险实体 HOPR-02115 一致。,0.6357,hydraulic
EVO_TEXT_HFB-02115,HFB-02115,fault_evolution_text,早期异常较弱，运行载荷放大后出现指标漂移，并逐步演化为中度故障。,0.6357,hydraulic
RCA_TEXT_HFB-02116,HFB-02116,rca_text,冷却器出现轻微振动异常，生命周期风险集中在装配阶段，建议优先追溯 HASM-02116。,0.6029,hydraulic
EVO_TEXT_HFB-02116,HFB-02116,fault_evolution_text,隐患先导致局部性能退化，随后传感器能量向关联通道集中，最终形成振动异常。,0.6029,hydraulic
RCA_TEXT_HFB-02117,HFB-02117,rca_text,冷却器出现轻微阀芯卡滞，生命周期风险集中在制造阶段，建议优先追溯 HMAN-00551。,0.5375,hydraulic
EVO_TEXT_HFB-02117,HFB-02117,fault_evolution_text,制造阶段风险与运行工况耦合后引起状态劣化，检测指标随严重度同步升高。,0.5375,hydraulic
RCA_TEXT_HFB-02118,HFB-02118,rca_text,结合传感器能量和检测记录，单向阀的流量异常与检测阶段高风险实体 HINSP-02118 一致。,0.5892,hydraulic
EVO_TEXT_HFB-02118,HFB-02118,fault_evolution_text,早期异常较弱，运行载荷放大后出现指标漂移，并逐步演化为轻微故障。,0.5892,hydraulic
RCA_TEXT_HFB-02119,HFB-02119,rca_text,结合传感器能量和检测记录，管路总成的泄漏异常与设计阶段高风险实体 HPIP-00373 一致。,0.6479,hydraulic
EVO_TEXT_HFB-02119,HFB-02119,fault_evolution_text,设计阶段风险与运行工况耦合后引起状态劣化，检测指标随严重度同步升高。,0.6479,hydraulic
RCA_TEXT_HFB-02120,HFB-02120,rca_text,结合传感器能量和检测记录，方向控制阀的泄漏异常与制造阶段高风险实体 HMAN-00870 一致。,0.5216,hydraulic
EVO_TEXT_HFB-02120,HFB-02120,fault_evolution_text,早期异常较弱，运行载荷放大后出现指标漂移，并逐步演化为轻微故障。,0.5216,hydraulic
RCA_TEXT_HFB-02121,HFB-02121,rca_text,结合传感器能量和检测记录，蓄能器的压力异常与运维阶段高风险实体 HOPR-02121 一致。,0.6545,hydraulic
EVO_TEXT_HFB-02121,HFB-02121,fault_evolution_text,隐患先导致局部性能退化，随后传感器能量向关联通道集中，最终形成压力异常。,0.6545,hydraulic
RCA_TEXT_HFB-02122,HFB-02122,rca_text,结合传感器能量和检测记录，管路总成的振动异常与装配阶段高风险实体 HASM-02122 一致。,0.6031,hydraulic
EVO_TEXT_HFB-02122,HFB-02122,fault_evolution_text,隐患先导致局部性能退化，随后传感器能量向关联通道集中，最终形成振动异常。,0.6031,hydraulic
RCA_TEXT_HFB-02123,HFB-02123,rca_text,结合传感器能量和检测记录，冷却器的振动异常与运维阶段高风险实体 HOPR-02123 一致。,0.5807,hydraulic
EVO_TEXT_HFB-02123,HFB-02123,fault_evolution_text,隐患先导致局部性能退化，随后传感器能量向关联通道集中，最终形成振动异常。,0.5807,hydraulic
RCA_TEXT_HFB-02124,HFB-02124,rca_text,该案例表现为中度压力异常，根因更可能由检测阶段隐患累积触发。,0.6209,hydraulic
EVO_TEXT_HFB-02124,HFB-02124,fault_evolution_text,检测阶段风险与运行工况耦合后引起状态劣化，检测指标随严重度同步升高。,0.6209,hydraulic
RCA_TEXT_HFB-02125,HFB-02125,rca_text,结合传感器能量和检测记录，溢流阀的泄漏异常与运维阶段高风险实体 HOPR-02125 一致。,0.5884,hydraulic
EVO_TEXT_HFB-02125,HFB-02125,fault_evolution_text,运维阶段风险与运行工况耦合后引起状态劣化，检测指标随严重度同步升高。,0.5884,hydraulic
RCA_TEXT_HFB-02126,HFB-02126,rca_text,节流阀出现轻微泄漏异常，生命周期风险集中在制造阶段，建议优先追溯 HMAN-00405。,0.6517,hydraulic
EVO_TEXT_HFB-02126,HFB-02126,fault_evolution_text,制造阶段风险与运行工况耦合后引起状态劣化，检测指标随严重度同步升高。,0.6517,hydraulic
RCA_TEXT_HFB-02127,HFB-02127,rca_text,该案例表现为轻微阀芯卡滞，根因更可能由制造阶段隐患累积触发。,0.6697,hydraulic
EVO_TEXT_HFB-02127,HFB-02127,fault_evolution_text,早期异常较弱，运行载荷放大后出现指标漂移，并逐步演化为轻微故障。,0.6697,hydraulic
RCA_TEXT_HFB-02128,HFB-02128,rca_text,作动筒出现轻微振动异常，生命周期风险集中在设计阶段，建议优先追溯 HDES-00906。,0.5622,hydraulic
EVO_TEXT_HFB-02128,HFB-02128,fault_evolution_text,隐患先导致局部性能退化，随后传感器能量向关联通道集中，最终形成振动异常。,0.5622,hydraulic
RCA_TEXT_HFB-02129,HFB-02129,rca_text,节流阀出现轻微流量异常，生命周期风险集中在运维阶段，建议优先追溯 HOPR-02129。,0.6163,hydraulic
EVO_TEXT_HFB-02129,HFB-02129,fault_evolution_text,隐患先导致局部性能退化，随后传感器能量向关联通道集中，最终形成流量异常。,0.6163,hydraulic
RCA_TEXT_HFB-02130,HFB-02130,rca_text,该案例表现为轻微泄漏异常，根因更可能由运维阶段隐患累积触发。,0.5755,hydraulic
EVO_TEXT_HFB-02130,HFB-02130,fault_evolution_text,隐患先导致局部性能退化，随后传感器能量向关联通道集中，最终形成泄漏异常。,0.5755,hydraulic
RCA_TEXT_HFB-02131,HFB-02131,rca_text,结合传感器能量和检测记录，管路总成的泄漏异常与运维阶段高风险实体 HOPR-02131 一致。,0.6181,hydraulic
EVO_TEXT_HFB-02131,HFB-02131,fault_evolution_text,运维阶段风险与运行工况耦合后引起状态劣化，检测指标随严重度同步升高。,0.6181,hydraulic
RCA_TEXT_HFB-02132,HFB-02132,rca_text,单向阀出现轻微阀芯卡滞，生命周期风险集中在运维阶段，建议优先追溯 HOPR-02132。,0.6338,hydraulic
EVO_TEXT_HFB-02132,HFB-02132,fault_evolution_text,隐患先导致局部性能退化，随后传感器能量向关联通道集中，最终形成阀芯卡滞。,0.6338,hydraulic
RCA_TEXT_HFB-02133,HFB-02133,rca_text,该案例表现为轻微压力异常，根因更可能由运维阶段隐患累积触发。,0.5958,hydraulic
EVO_TEXT_HFB-02133,HFB-02133,fault_evolution_text,运维阶段风险与运行工况耦合后引起状态劣化，检测指标随严重度同步升高。,0.5958,hydraulic
RCA_TEXT_HFB-02134,HFB-02134,rca_text,结合传感器能量和检测记录，作动筒的振动异常与运维阶段高风险实体 HOPR-02134 一致。,0.6241,hydraulic
EVO_TEXT_HFB-02134,HFB-02134,fault_evolution_text,早期异常较弱，运行载荷放大后出现指标漂移，并逐步演化为轻微故障。,0.6241,hydraulic
RCA_TEXT_HFB-02135,HFB-02135,rca_text,该案例表现为轻微流量异常，根因更可能由检测阶段隐患累积触发。,0.6025,hydraulic
EVO_TEXT_HFB-02135,HFB-02135,fault_evolution_text,早期异常较弱，运行载荷放大后出现指标漂移，并逐步演化为轻微故障。,0.6025,hydraulic
RCA_TEXT_HFB-02136,HFB-02136,rca_text,管路总成出现轻微温度异常，生命周期风险集中在制造阶段，建议优先追溯 HMAN-00166。,0.5211,hydraulic
EVO_TEXT_HFB-02136,HFB-02136,fault_evolution_text,早期异常较弱，运行载荷放大后出现指标漂移，并逐步演化为轻微故障。,0.5211,hydraulic
RCA_TEXT_HFB-02137,HFB-02137,rca_text,结合传感器能量和检测记录，方向控制阀的振动异常与运维阶段高风险实体 HOPR-02137 一致。,0.625,hydraulic
EVO_TEXT_HFB-02137,HFB-02137,fault_evolution_text,运维阶段风险与运行工况耦合后引起状态劣化，检测指标随严重度同步升高。,0.625,hydraulic
RCA_TEXT_HFB-02138,HFB-02138,rca_text,液压油箱出现轻微温度异常，生命周期风险集中在运维阶段，建议优先追溯 HOPR-02138。,0.6562,hydraulic
EVO_TEXT_HFB-02138,HFB-02138,fault_evolution_text,早期异常较弱，运行载荷放大后出现指标漂移，并逐步演化为轻微故障。,0.6562,hydraulic
RCA_TEXT_HFB-02139,HFB-02139,rca_text,结合传感器能量和检测记录，蓄能器的温度异常与运维阶段高风险实体 HOPR-02139 一致。,0.6124,hydraulic
EVO_TEXT_HFB-02139,HFB-02139,fault_evolution_text,早期异常较弱，运行载荷放大后出现指标漂移，并逐步演化为轻微故障。,0.6124,hydraulic
RCA_TEXT_HFB-02140,HFB-02140,rca_text,该案例表现为轻微流量异常，根因更可能由运维阶段隐患累积触发。,0.5407,hydraulic
EVO_TEXT_HFB-02140,HFB-02140,fault_evolution_text,隐患先导致局部性能退化，随后传感器能量向关联通道集中，最终形成流量异常。,0.5407,hydraulic
RCA_TEXT_HFB-02141,HFB-02141,rca_text,结合传感器能量和检测记录，过滤器的温度异常与运维阶段高风险实体 HOPR-02141 一致。,0.5663,hydraulic
EVO_TEXT_HFB-02141,HFB-02141,fault_evolution_text,隐患先导致局部性能退化，随后传感器能量向关联通道集中，最终形成温度异常。,0.5663,hydraulic
RCA_TEXT_HFB-02142,HFB-02142,rca_text,该案例表现为轻微温度异常，根因更可能由制造阶段隐患累积触发。,0.5955,hydraulic
EVO_TEXT_HFB-02142,HFB-02142,fault_evolution_text,早期异常较弱，运行载荷放大后出现指标漂移，并逐步演化为轻微故障。,0.5955,hydraulic
RCA_TEXT_HFB-02143,HFB-02143,rca_text,结合传感器能量和检测记录，单向阀的温度异常与装配阶段高风险实体 HASM-02143 一致。,0.524,hydraulic
EVO_TEXT_HFB-02143,HFB-02143,fault_evolution_text,装配阶段风险与运行工况耦合后引起状态劣化，检测指标随严重度同步升高。,0.524,hydraulic
RCA_TEXT_HFB-02144,HFB-02144,rca_text,结合传感器能量和检测记录，管路总成的泄漏异常与制造阶段高风险实体 HMAN-00945 一致。,0.648,hydraulic
EVO_TEXT_HFB-02144,HFB-02144,fault_evolution_text,隐患先导致局部性能退化，随后传感器能量向关联通道集中，最终形成泄漏异常。,0.648,hydraulic
RCA_TEXT_HFB-02145,HFB-02145,rca_text,冷却器出现中度温度异常，生命周期风险集中在运维阶段，建议优先追溯 HOPR-02145。,0.6204,hydraulic
EVO_TEXT_HFB-02145,HFB-02145,fault_evolution_text,早期异常较弱，运行载荷放大后出现指标漂移，并逐步演化为中度故障。,0.6204,hydraulic
RCA_TEXT_HFB-02146,HFB-02146,rca_text,结合传感器能量和检测记录，单向阀的阀芯卡滞与运维阶段高风险实体 HOPR-02146 一致。,0.6042,hydraulic
EVO_TEXT_HFB-02146,HFB-02146,fault_evolution_text,运维阶段风险与运行工况耦合后引起状态劣化，检测指标随严重度同步升高。,0.6042,hydraulic
RCA_TEXT_HFB-02147,HFB-02147,rca_text,单向阀出现轻微阀芯卡滞，生命周期风险集中在运维阶段，建议优先追溯 HOPR-02147。,0.5812,hydraulic
EVO_TEXT_HFB-02147,HFB-02147,fault_evolution_text,隐患先导致局部性能退化，随后传感器能量向关联通道集中，最终形成阀芯卡滞。,0.5812,hydraulic
RCA_TEXT_HFB-02148,HFB-02148,rca_text,该案例表现为轻微振动异常，根因更可能由制造阶段隐患累积触发。,0.5468,hydraulic
EVO_TEXT_HFB-02148,HFB-02148,fault_evolution_text,隐患先导致局部性能退化，随后传感器能量向关联通道集中，最终形成振动异常。,0.5468,hydraulic
RCA_TEXT_HFB-02149,HFB-02149,rca_text,该案例表现为轻微压力异常，根因更可能由装配阶段隐患累积触发。,0.6043,hydraulic
EVO_TEXT_HFB-02149,HFB-02149,fault_evolution_text,装配阶段风险与运行工况耦合后引起状态劣化，检测指标随严重度同步升高。,0.6043,hydraulic
RCA_TEXT_HFB-02150,HFB-02150,rca_text,结合传感器能量和检测记录，液压油箱的温度异常与材料阶段高风险实体 HMAT-00183 一致。,0.5841,hydraulic
EVO_TEXT_HFB-02150,HFB-02150,fault_evolution_text,早期异常较弱，运行载荷放大后出现指标漂移，并逐步演化为轻微故障。,0.5841,hydraulic
RCA_TEXT_HFB-02151,HFB-02151,rca_text,该案例表现为中度振动异常，根因更可能由制造阶段隐患累积触发。,0.6205,hydraulic
EVO_TEXT_HFB-02151,HFB-02151,fault_evolution_text,早期异常较弱，运行载荷放大后出现指标漂移，并逐步演化为中度故障。,0.6205,hydraulic
RCA_TEXT_HFB-02152,HFB-02152,rca_text,冷却器出现中度温度异常，生命周期风险集中在运维阶段，建议优先追溯 HOPR-02152。,0.6427,hydraulic
EVO_TEXT_HFB-02152,HFB-02152,fault_evolution_text,运维阶段风险与运行工况耦合后引起状态劣化，检测指标随严重度同步升高。,0.6427,hydraulic
RCA_TEXT_HFB-02153,HFB-02153,rca_text,结合传感器能量和检测记录，冷却器的温度异常与制造阶段高风险实体 HMAN-00258 一致。,0.5838,hydraulic
EVO_TEXT_HFB-02153,HFB-02153,fault_evolution_text,制造阶段风险与运行工况耦合后引起状态劣化，检测指标随严重度同步升高。,0.5838,hydraulic
RCA_TEXT_HFB-02154,HFB-02154,rca_text,管路总成出现轻微阀芯卡滞，生命周期风险集中在设计阶段，建议优先追溯 HPIP-00380。,0.6182,hydraulic
EVO_TEXT_HFB-02154,HFB-02154,fault_evolution_text,隐患先导致局部性能退化，随后传感器能量向关联通道集中，最终形成阀芯卡滞。,0.6182,hydraulic
RCA_TEXT_HFB-02155,HFB-02155,rca_text,该案例表现为轻微压力异常，根因更可能由装配阶段隐患累积触发。,0.6907,hydraulic
EVO_TEXT_HFB-02155,HFB-02155,fault_evolution_text,装配阶段风险与运行工况耦合后引起状态劣化，检测指标随严重度同步升高。,0.6907,hydraulic
RCA_TEXT_HFB-02156,HFB-02156,rca_text,结合传感器能量和检测记录，管路总成的振动异常与材料阶段高风险实体 HMAT-00311 一致。,0.6759,hydraulic
EVO_TEXT_HFB-02156,HFB-02156,fault_evolution_text,隐患先导致局部性能退化，随后传感器能量向关联通道集中，最终形成振动异常。,0.6759,hydraulic
RCA_TEXT_HFB-02157,HFB-02157,rca_text,该案例表现为中度泄漏异常，根因更可能由材料阶段隐患累积触发。,0.6475,hydraulic
EVO_TEXT_HFB-02157,HFB-02157,fault_evolution_text,隐患先导致局部性能退化，随后传感器能量向关联通道集中，最终形成泄漏异常。,0.6475,hydraulic
RCA_TEXT_HFB-02158,HFB-02158,rca_text,结合传感器能量和检测记录，管路总成的流量异常与制造阶段高风险实体 HMAN-00940 一致。,0.6274,hydraulic
EVO_TEXT_HFB-02158,HFB-02158,fault_evolution_text,制造阶段风险与运行工况耦合后引起状态劣化，检测指标随严重度同步升高。,0.6274,hydraulic
RCA_TEXT_HFB-02159,HFB-02159,rca_text,液压泵总成出现中度温度异常，生命周期风险集中在运维阶段，建议优先追溯 HOPR-02159。,0.5706,hydraulic
EVO_TEXT_HFB-02159,HFB-02159,fault_evolution_text,运维阶段风险与运行工况耦合后引起状态劣化，检测指标随严重度同步升高。,0.5706,hydraulic
RCA_TEXT_HFB-02160,HFB-02160,rca_text,结合传感器能量和检测记录，液压油箱的泄漏异常与运维阶段高风险实体 HOPR-02160 一致。,0.5426,hydraulic
EVO_TEXT_HFB-02160,HFB-02160,fault_evolution_text,运维阶段风险与运行工况耦合后引起状态劣化，检测指标随严重度同步升高。,0.5426,hydraulic
RCA_TEXT_HFB-02161,HFB-02161,rca_text,结合传感器能量和检测记录，蓄能器的流量异常与运维阶段高风险实体 HOPR-02161 一致。,0.5472,hydraulic
EVO_TEXT_HFB-02161,HFB-02161,fault_evolution_text,运维阶段风险与运行工况耦合后引起状态劣化，检测指标随严重度同步升高。,0.5472,hydraulic
RCA_TEXT_HFB-02162,HFB-02162,rca_text,溢流阀出现中度泄漏异常，生命周期风险集中在材料阶段，建议优先追溯 HMAT-00350。,0.6052,hydraulic
EVO_TEXT_HFB-02162,HFB-02162,fault_evolution_text,早期异常较弱，运行载荷放大后出现指标漂移，并逐步演化为中度故障。,0.6052,hydraulic
RCA_TEXT_HFB-02163,HFB-02163,rca_text,该案例表现为中度泄漏异常，根因更可能由制造阶段隐患累积触发。,0.6528,hydraulic
EVO_TEXT_HFB-02163,HFB-02163,fault_evolution_text,制造阶段风险与运行工况耦合后引起状态劣化，检测指标随严重度同步升高。,0.6528,hydraulic
RCA_TEXT_HFB-02164,HFB-02164,rca_text,单向阀出现轻微振动异常，生命周期风险集中在装配阶段，建议优先追溯 HASM-02164。,0.5717,hydraulic
EVO_TEXT_HFB-02164,HFB-02164,fault_evolution_text,早期异常较弱，运行载荷放大后出现指标漂移，并逐步演化为轻微故障。,0.5717,hydraulic
RCA_TEXT_HFB-02165,HFB-02165,rca_text,结合传感器能量和检测记录，作动筒的振动异常与材料阶段高风险实体 HMAT-00482 一致。,0.6313,hydraulic
EVO_TEXT_HFB-02165,HFB-02165,fault_evolution_text,隐患先导致局部性能退化，随后传感器能量向关联通道集中，最终形成振动异常。,0.6313,hydraulic
RCA_TEXT_HFB-02166,HFB-02166,rca_text,管路总成出现中度压力异常，生命周期风险集中在设计阶段，建议优先追溯 HPIP-00385。,0.6121,hydraulic
EVO_TEXT_HFB-02166,HFB-02166,fault_evolution_text,早期异常较弱，运行载荷放大后出现指标漂移，并逐步演化为中度故障。,0.6121,hydraulic
RCA_TEXT_HFB-02167,HFB-02167,rca_text,管路总成出现中度压力异常，生命周期风险集中在制造阶段，建议优先追溯 HMAN-00268。,0.5912,hydraulic
EVO_TEXT_HFB-02167,HFB-02167,fault_evolution_text,制造阶段风险与运行工况耦合后引起状态劣化，检测指标随严重度同步升高。,0.5912,hydraulic
RCA_TEXT_HFB-02168,HFB-02168,rca_text,该案例表现为轻微泄漏异常，根因更可能由设计阶段隐患累积触发。,0.5829,hydraulic
EVO_TEXT_HFB-02168,HFB-02168,fault_evolution_text,早期异常较弱，运行载荷放大后出现指标漂移，并逐步演化为轻微故障。,0.5829,hydraulic
RCA_TEXT_HFB-02169,HFB-02169,rca_text,该案例表现为轻微温度异常，根因更可能由材料阶段隐患累积触发。,0.5656,hydraulic
EVO_TEXT_HFB-02169,HFB-02169,fault_evolution_text,隐患先导致局部性能退化，随后传感器能量向关联通道集中，最终形成温度异常。,0.5656,hydraulic
RCA_TEXT_HFB-02170,HFB-02170,rca_text,方向控制阀出现轻微温度异常，生命周期风险集中在运维阶段，建议优先追溯 HOPR-02170。,0.5938,hydraulic
EVO_TEXT_HFB-02170,HFB-02170,fault_evolution_text,运维阶段风险与运行工况耦合后引起状态劣化，检测指标随严重度同步升高。,0.5938,hydraulic
RCA_TEXT_HFB-02171,HFB-02171,rca_text,该案例表现为轻微振动异常，根因更可能由制造阶段隐患累积触发。,0.4576,hydraulic
EVO_TEXT_HFB-02171,HFB-02171,fault_evolution_text,早期异常较弱，运行载荷放大后出现指标漂移，并逐步演化为轻微故障。,0.4576,hydraulic
RCA_TEXT_HFB-02172,HFB-02172,rca_text,结合传感器能量和检测记录，管路总成的流量异常与运维阶段高风险实体 HOPR-02172 一致。,0.5838,hydraulic
EVO_TEXT_HFB-02172,HFB-02172,fault_evolution_text,运维阶段风险与运行工况耦合后引起状态劣化，检测指标随严重度同步升高。,0.5838,hydraulic
RCA_TEXT_HFB-02173,HFB-02173,rca_text,方向控制阀出现轻微流量异常，生命周期风险集中在设计阶段，建议优先追溯 HDES-00822。,0.5911,hydraulic
EVO_TEXT_HFB-02173,HFB-02173,fault_evolution_text,早期异常较弱，运行载荷放大后出现指标漂移，并逐步演化为轻微故障。,0.5911,hydraulic
RCA_TEXT_HFB-02174,HFB-02174,rca_text,结合传感器能量和检测记录，液压泵总成的泄漏异常与装配阶段高风险实体 HASM-02174 一致。,0.5901,hydraulic
EVO_TEXT_HFB-02174,HFB-02174,fault_evolution_text,隐患先导致局部性能退化，随后传感器能量向关联通道集中，最终形成泄漏异常。,0.5901,hydraulic
RCA_TEXT_HFB-02175,HFB-02175,rca_text,结合传感器能量和检测记录，溢流阀的压力异常与运维阶段高风险实体 HOPR-02175 一致。,0.6066,hydraulic
EVO_TEXT_HFB-02175,HFB-02175,fault_evolution_text,隐患先导致局部性能退化，随后传感器能量向关联通道集中，最终形成压力异常。,0.6066,hydraulic
RCA_TEXT_HFB-02176,HFB-02176,rca_text,结合传感器能量和检测记录，管路总成的流量异常与设计阶段高风险实体 HPIP-00388 一致。,0.571,hydraulic
EVO_TEXT_HFB-02176,HFB-02176,fault_evolution_text,设计阶段风险与运行工况耦合后引起状态劣化，检测指标随严重度同步升高。,0.571,hydraulic
RCA_TEXT_HFB-02177,HFB-02177,rca_text,结合传感器能量和检测记录，管路总成的泄漏异常与材料阶段高风险实体 HMAT-00459 一致。,0.5823,hydraulic
EVO_TEXT_HFB-02177,HFB-02177,fault_evolution_text,隐患先导致局部性能退化，随后传感器能量向关联通道集中，最终形成泄漏异常。,0.5823,hydraulic
RCA_TEXT_HFB-02178,HFB-02178,rca_text,该案例表现为中度温度异常，根因更可能由运维阶段隐患累积触发。,0.5807,hydraulic
EVO_TEXT_HFB-02178,HFB-02178,fault_evolution_text,运维阶段风险与运行工况耦合后引起状态劣化，检测指标随严重度同步升高。,0.5807,hydraulic
RCA_TEXT_HFB-02179,HFB-02179,rca_text,该案例表现为轻微阀芯卡滞，根因更可能由制造阶段隐患累积触发。,0.6268,hydraulic
EVO_TEXT_HFB-02179,HFB-02179,fault_evolution_text,早期异常较弱，运行载荷放大后出现指标漂移，并逐步演化为轻微故障。,0.6268,hydraulic
RCA_TEXT_HFB-02180,HFB-02180,rca_text,该案例表现为轻微泄漏异常，根因更可能由制造阶段隐患累积触发。,0.603,hydraulic
EVO_TEXT_HFB-02180,HFB-02180,fault_evolution_text,早期异常较弱，运行载荷放大后出现指标漂移，并逐步演化为轻微故障。,0.603,hydraulic
RCA_TEXT_HFB-02181,HFB-02181,rca_text,管路总成出现轻微压力异常，生命周期风险集中在运维阶段，建议优先追溯 HOPR-02181。,0.627,hydraulic
EVO_TEXT_HFB-02181,HFB-02181,fault_evolution_text,早期异常较弱，运行载荷放大后出现指标漂移，并逐步演化为轻微故障。,0.627,hydraulic
RCA_TEXT_HFB-02182,HFB-02182,rca_text,结合传感器能量和检测记录，卸荷阀的泄漏异常与运维阶段高风险实体 HOPR-02182 一致。,0.5823,hydraulic
EVO_TEXT_HFB-02182,HFB-02182,fault_evolution_text,早期异常较弱，运行载荷放大后出现指标漂移，并逐步演化为轻微故障。,0.5823,hydraulic
RCA_TEXT_HFB-02183,HFB-02183,rca_text,结合传感器能量和检测记录，溢流阀的阀芯卡滞与材料阶段高风险实体 HMAT-00112 一致。,0.5764,hydraulic
EVO_TEXT_HFB-02183,HFB-02183,fault_evolution_text,早期异常较弱，运行载荷放大后出现指标漂移，并逐步演化为轻微故障。,0.5764,hydraulic
RCA_TEXT_HFB-02184,HFB-02184,rca_text,该案例表现为轻微温度异常，根因更可能由检测阶段隐患累积触发。,0.5191,hydraulic
EVO_TEXT_HFB-02184,HFB-02184,fault_evolution_text,隐患先导致局部性能退化，随后传感器能量向关联通道集中，最终形成温度异常。,0.5191,hydraulic
RCA_TEXT_HFB-02185,HFB-02185,rca_text,该案例表现为轻微振动异常，根因更可能由设计阶段隐患累积触发。,0.6238,hydraulic
EVO_TEXT_HFB-02185,HFB-02185,fault_evolution_text,设计阶段风险与运行工况耦合后引起状态劣化，检测指标随严重度同步升高。,0.6238,hydraulic
RCA_TEXT_HFB-02186,HFB-02186,rca_text,该案例表现为中度泄漏异常，根因更可能由设计阶段隐患累积触发。,0.5571,hydraulic
EVO_TEXT_HFB-02186,HFB-02186,fault_evolution_text,隐患先导致局部性能退化，随后传感器能量向关联通道集中，最终形成泄漏异常。,0.5571,hydraulic
RCA_TEXT_HFB-02187,HFB-02187,rca_text,该案例表现为轻微泄漏异常，根因更可能由材料阶段隐患累积触发。,0.5437,hydraulic
EVO_TEXT_HFB-02187,HFB-02187,fault_evolution_text,材料阶段风险与运行工况耦合后引起状态劣化，检测指标随严重度同步升高。,0.5437,hydraulic
RCA_TEXT_HFB-02188,HFB-02188,rca_text,卸荷阀出现中度阀芯卡滞，生命周期风险集中在材料阶段，建议优先追溯 HMAT-00481。,0.6297,hydraulic
EVO_TEXT_HFB-02188,HFB-02188,fault_evolution_text,隐患先导致局部性能退化，随后传感器能量向关联通道集中，最终形成阀芯卡滞。,0.6297,hydraulic
RCA_TEXT_HFB-02189,HFB-02189,rca_text,该案例表现为中度泄漏异常，根因更可能由检测阶段隐患累积触发。,0.5519,hydraulic
EVO_TEXT_HFB-02189,HFB-02189,fault_evolution_text,检测阶段风险与运行工况耦合后引起状态劣化，检测指标随严重度同步升高。,0.5519,hydraulic
RCA_TEXT_HFB-02190,HFB-02190,rca_text,液压油箱出现轻微压力异常，生命周期风险集中在运维阶段，建议优先追溯 HOPR-02190。,0.5265,hydraulic
EVO_TEXT_HFB-02190,HFB-02190,fault_evolution_text,早期异常较弱，运行载荷放大后出现指标漂移，并逐步演化为轻微故障。,0.5265,hydraulic
RCA_TEXT_HFB-02191,HFB-02191,rca_text,该案例表现为中度流量异常，根因更可能由运维阶段隐患累积触发。,0.6771,hydraulic
EVO_TEXT_HFB-02191,HFB-02191,fault_evolution_text,隐患先导致局部性能退化，随后传感器能量向关联通道集中，最终形成流量异常。,0.6771,hydraulic
RCA_TEXT_HFB-02192,HFB-02192,rca_text,该案例表现为轻微阀芯卡滞，根因更可能由材料阶段隐患累积触发。,0.6558,hydraulic
EVO_TEXT_HFB-02192,HFB-02192,fault_evolution_text,早期异常较弱，运行载荷放大后出现指标漂移，并逐步演化为轻微故障。,0.6558,hydraulic
RCA_TEXT_HFB-02193,HFB-02193,rca_text,该案例表现为中度振动异常，根因更可能由装配阶段隐患累积触发。,0.5723,hydraulic
EVO_TEXT_HFB-02193,HFB-02193,fault_evolution_text,隐患先导致局部性能退化，随后传感器能量向关联通道集中，最终形成振动异常。,0.5723,hydraulic
RCA_TEXT_HFB-02194,HFB-02194,rca_text,结合传感器能量和检测记录，管路总成的流量异常与设计阶段高风险实体 HPIP-00392 一致。,0.6047,hydraulic
EVO_TEXT_HFB-02194,HFB-02194,fault_evolution_text,设计阶段风险与运行工况耦合后引起状态劣化，检测指标随严重度同步升高。,0.6047,hydraulic
RCA_TEXT_HFB-02195,HFB-02195,rca_text,结合传感器能量和检测记录，管路总成的流量异常与装配阶段高风险实体 HASM-02195 一致。,0.6111,hydraulic
EVO_TEXT_HFB-02195,HFB-02195,fault_evolution_text,隐患先导致局部性能退化，随后传感器能量向关联通道集中，最终形成流量异常。,0.6111,hydraulic
RCA_TEXT_HFB-02196,HFB-02196,rca_text,蓄能器出现轻微流量异常，生命周期风险集中在运维阶段，建议优先追溯 HOPR-02196。,0.5769,hydraulic
EVO_TEXT_HFB-02196,HFB-02196,fault_evolution_text,隐患先导致局部性能退化，随后传感器能量向关联通道集中，最终形成流量异常。,0.5769,hydraulic
RCA_TEXT_HFB-02197,HFB-02197,rca_text,结合传感器能量和检测记录，管路总成的流量异常与装配阶段高风险实体 HASM-02197 一致。,0.5791,hydraulic
EVO_TEXT_HFB-02197,HFB-02197,fault_evolution_text,早期异常较弱，运行载荷放大后出现指标漂移，并逐步演化为轻微故障。,0.5791,hydraulic
RCA_TEXT_HFB-02198,HFB-02198,rca_text,作动筒出现轻微泄漏异常，生命周期风险集中在检测阶段，建议优先追溯 HINSP-02198。,0.5368,hydraulic
EVO_TEXT_HFB-02198,HFB-02198,fault_evolution_text,早期异常较弱，运行载荷放大后出现指标漂移，并逐步演化为轻微故障。,0.5368,hydraulic
RCA_TEXT_HFB-02199,HFB-02199,rca_text,方向控制阀出现轻微振动异常，生命周期风险集中在运维阶段，建议优先追溯 HOPR-02199。,0.5659,hydraulic
EVO_TEXT_HFB-02199,HFB-02199,fault_evolution_text,运维阶段风险与运行工况耦合后引起状态劣化，检测指标随严重度同步升高。,0.5659,hydraulic
RCA_TEXT_HFB-02200,HFB-02200,rca_text,冷却器出现轻微温度异常，生命周期风险集中在设计阶段，建议优先追溯 HDES-00502。,0.5707,hydraulic
EVO_TEXT_HFB-02200,HFB-02200,fault_evolution_text,早期异常较弱，运行载荷放大后出现指标漂移，并逐步演化为轻微故障。,0.5707,hydraulic
RCA_TEXT_HFB-02201,HFB-02201,rca_text,该案例表现为轻微振动异常，根因更可能由装配阶段隐患累积触发。,0.6622,hydraulic
EVO_TEXT_HFB-02201,HFB-02201,fault_evolution_text,装配阶段风险与运行工况耦合后引起状态劣化，检测指标随严重度同步升高。,0.6622,hydraulic
RCA_TEXT_HFB-02202,HFB-02202,rca_text,卸荷阀出现轻微泄漏异常，生命周期风险集中在装配阶段，建议优先追溯 HASM-02202。,0.6046,hydraulic
EVO_TEXT_HFB-02202,HFB-02202,fault_evolution_text,隐患先导致局部性能退化，随后传感器能量向关联通道集中，最终形成泄漏异常。,0.6046,hydraulic
RCA_TEXT_HFB-02203,HFB-02203,rca_text,该案例表现为中度阀芯卡滞，根因更可能由材料阶段隐患累积触发。,0.5366,hydraulic
EVO_TEXT_HFB-02203,HFB-02203,fault_evolution_text,早期异常较弱，运行载荷放大后出现指标漂移，并逐步演化为中度故障。,0.5366,hydraulic
RCA_TEXT_HFB-02204,HFB-02204,rca_text,该案例表现为轻微压力异常，根因更可能由装配阶段隐患累积触发。,0.568,hydraulic
EVO_TEXT_HFB-02204,HFB-02204,fault_evolution_text,装配阶段风险与运行工况耦合后引起状态劣化，检测指标随严重度同步升高。,0.568,hydraulic
RCA_TEXT_HFB-02205,HFB-02205,rca_text,结合传感器能量和检测记录，节流阀的阀芯卡滞与运维阶段高风险实体 HOPR-02205 一致。,0.5534,hydraulic
EVO_TEXT_HFB-02205,HFB-02205,fault_evolution_text,隐患先导致局部性能退化，随后传感器能量向关联通道集中，最终形成阀芯卡滞。,0.5534,hydraulic
RCA_TEXT_HFB-02206,HFB-02206,rca_text,液压油箱出现中度流量异常，生命周期风险集中在运维阶段，建议优先追溯 HOPR-02206。,0.6181,hydraulic
EVO_TEXT_HFB-02206,HFB-02206,fault_evolution_text,运维阶段风险与运行工况耦合后引起状态劣化，检测指标随严重度同步升高。,0.6181,hydraulic
RCA_TEXT_HFB-02207,HFB-02207,rca_text,液压泵总成出现轻微温度异常，生命周期风险集中在设计阶段，建议优先追溯 HDES-00759。,0.5572,hydraulic
EVO_TEXT_HFB-02207,HFB-02207,fault_evolution_text,隐患先导致局部性能退化，随后传感器能量向关联通道集中，最终形成温度异常。,0.5572,hydraulic
RCA_TEXT_HFB-02208,HFB-02208,rca_text,该案例表现为中度流量异常，根因更可能由运维阶段隐患累积触发。,0.6033,hydraulic
EVO_TEXT_HFB-02208,HFB-02208,fault_evolution_text,早期异常较弱，运行载荷放大后出现指标漂移，并逐步演化为中度故障。,0.6033,hydraulic
RCA_TEXT_HFB-02209,HFB-02209,rca_text,该案例表现为中度振动异常，根因更可能由材料阶段隐患累积触发。,0.601,hydraulic
EVO_TEXT_HFB-02209,HFB-02209,fault_evolution_text,材料阶段风险与运行工况耦合后引起状态劣化，检测指标随严重度同步升高。,0.601,hydraulic
RCA_TEXT_HFB-02210,HFB-02210,rca_text,结合传感器能量和检测记录，作动筒的振动异常与运维阶段高风险实体 HOPR-02210 一致。,0.5972,hydraulic
EVO_TEXT_HFB-02210,HFB-02210,fault_evolution_text,隐患先导致局部性能退化，随后传感器能量向关联通道集中，最终形成振动异常。,0.5972,hydraulic
RCA_TEXT_HFB-02211,HFB-02211,rca_text,作动筒出现中度温度异常，生命周期风险集中在运维阶段，建议优先追溯 HOPR-02211。,0.5578,hydraulic
EVO_TEXT_HFB-02211,HFB-02211,fault_evolution_text,隐患先导致局部性能退化，随后传感器能量向关联通道集中，最终形成温度异常。,0.5578,hydraulic
RCA_TEXT_HFB-02212,HFB-02212,rca_text,节流阀出现中度流量异常，生命周期风险集中在运维阶段，建议优先追溯 HOPR-02212。,0.6797,hydraulic
EVO_TEXT_HFB-02212,HFB-02212,fault_evolution_text,早期异常较弱，运行载荷放大后出现指标漂移，并逐步演化为中度故障。,0.6797,hydraulic
RCA_TEXT_HFB-02213,HFB-02213,rca_text,液压油箱出现轻微振动异常，生命周期风险集中在运维阶段，建议优先追溯 HOPR-02213。,0.6,hydraulic
EVO_TEXT_HFB-02213,HFB-02213,fault_evolution_text,早期异常较弱，运行载荷放大后出现指标漂移，并逐步演化为轻微故障。,0.6,hydraulic
RCA_TEXT_HFB-02214,HFB-02214,rca_text,该案例表现为中度压力异常，根因更可能由材料阶段隐患累积触发。,0.6613,hydraulic
EVO_TEXT_HFB-02214,HFB-02214,fault_evolution_text,材料阶段风险与运行工况耦合后引起状态劣化，检测指标随严重度同步升高。,0.6613,hydraulic
RCA_TEXT_HFB-02215,HFB-02215,rca_text,该案例表现为轻微阀芯卡滞，根因更可能由材料阶段隐患累积触发。,0.6053,hydraulic
EVO_TEXT_HFB-02215,HFB-02215,fault_evolution_text,早期异常较弱，运行载荷放大后出现指标漂移，并逐步演化为轻微故障。,0.6053,hydraulic
RCA_TEXT_HFB-02216,HFB-02216,rca_text,过滤器出现轻微温度异常，生命周期风险集中在运维阶段，建议优先追溯 HOPR-02216。,0.5821,hydraulic
EVO_TEXT_HFB-02216,HFB-02216,fault_evolution_text,隐患先导致局部性能退化，随后传感器能量向关联通道集中，最终形成温度异常。,0.5821,hydraulic
RCA_TEXT_HFB-02217,HFB-02217,rca_text,该案例表现为中度振动异常，根因更可能由运维阶段隐患累积触发。,0.5907,hydraulic
EVO_TEXT_HFB-02217,HFB-02217,fault_evolution_text,运维阶段风险与运行工况耦合后引起状态劣化，检测指标随严重度同步升高。,0.5907,hydraulic
RCA_TEXT_HFB-02218,HFB-02218,rca_text,该案例表现为轻微流量异常，根因更可能由设计阶段隐患累积触发。,0.5904,hydraulic
EVO_TEXT_HFB-02218,HFB-02218,fault_evolution_text,早期异常较弱，运行载荷放大后出现指标漂移，并逐步演化为轻微故障。,0.5904,hydraulic
RCA_TEXT_HFB-02219,HFB-02219,rca_text,单向阀出现轻微流量异常，生命周期风险集中在运维阶段，建议优先追溯 HOPR-02219。,0.6013,hydraulic
EVO_TEXT_HFB-02219,HFB-02219,fault_evolution_text,早期异常较弱，运行载荷放大后出现指标漂移，并逐步演化为轻微故障。,0.6013,hydraulic
RCA_TEXT_HFB-02220,HFB-02220,rca_text,结合传感器能量和检测记录，节流阀的阀芯卡滞与运维阶段高风险实体 HOPR-02220 一致。,0.5716,hydraulic
EVO_TEXT_HFB-02220,HFB-02220,fault_evolution_text,早期异常较弱，运行载荷放大后出现指标漂移，并逐步演化为轻微故障。,0.5716,hydraulic
RCA_TEXT_HFB-02221,HFB-02221,rca_text,作动筒出现轻微泄漏异常，生命周期风险集中在材料阶段，建议优先追溯 HMAT-00033。,0.5476,hydraulic
EVO_TEXT_HFB-02221,HFB-02221,fault_evolution_text,早期异常较弱，运行载荷放大后出现指标漂移，并逐步演化为轻微故障。,0.5476,hydraulic
RCA_TEXT_HFB-02222,HFB-02222,rca_text,结合传感器能量和检测记录，作动筒的泄漏异常与检测阶段高风险实体 HINSP-02222 一致。,0.5754,hydraulic
EVO_TEXT_HFB-02222,HFB-02222,fault_evolution_text,隐患先导致局部性能退化，随后传感器能量向关联通道集中，最终形成泄漏异常。,0.5754,hydraulic
RCA_TEXT_HFB-02223,HFB-02223,rca_text,该案例表现为轻微振动异常，根因更可能由装配阶段隐患累积触发。,0.5925,hydraulic
EVO_TEXT_HFB-02223,HFB-02223,fault_evolution_text,早期异常较弱，运行载荷放大后出现指标漂移，并逐步演化为轻微故障。,0.5925,hydraulic
RCA_TEXT_HFB-02224,HFB-02224,rca_text,结合传感器能量和检测记录，管路总成的泄漏异常与运维阶段高风险实体 HOPR-02224 一致。,0.7438,hydraulic
EVO_TEXT_HFB-02224,HFB-02224,fault_evolution_text,运维阶段风险与运行工况耦合后引起状态劣化，检测指标随严重度同步升高。,0.7438,hydraulic
RCA_TEXT_HFB-02225,HFB-02225,rca_text,结合传感器能量和检测记录，冷却器的温度异常与检测阶段高风险实体 HINSP-02225 一致。,0.6129,hydraulic
EVO_TEXT_HFB-02225,HFB-02225,fault_evolution_text,早期异常较弱，运行载荷放大后出现指标漂移，并逐步演化为中度故障。,0.6129,hydraulic
RCA_TEXT_HFB-02226,HFB-02226,rca_text,过滤器出现轻微流量异常，生命周期风险集中在运维阶段，建议优先追溯 HOPR-02226。,0.6634,hydraulic
EVO_TEXT_HFB-02226,HFB-02226,fault_evolution_text,隐患先导致局部性能退化，随后传感器能量向关联通道集中，最终形成流量异常。,0.6634,hydraulic
RCA_TEXT_HFB-02227,HFB-02227,rca_text,结合传感器能量和检测记录，过滤器的流量异常与设计阶段高风险实体 HDES-00547 一致。,0.6784,hydraulic
EVO_TEXT_HFB-02227,HFB-02227,fault_evolution_text,隐患先导致局部性能退化，随后传感器能量向关联通道集中，最终形成流量异常。,0.6784,hydraulic
RCA_TEXT_HFB-02228,HFB-02228,rca_text,结合传感器能量和检测记录，单向阀的阀芯卡滞与运维阶段高风险实体 HOPR-02228 一致。,0.6702,hydraulic
EVO_TEXT_HFB-02228,HFB-02228,fault_evolution_text,隐患先导致局部性能退化，随后传感器能量向关联通道集中，最终形成阀芯卡滞。,0.6702,hydraulic
RCA_TEXT_HFB-02229,HFB-02229,rca_text,该案例表现为轻微振动异常，根因更可能由运维阶段隐患累积触发。,0.5963,hydraulic
EVO_TEXT_HFB-02229,HFB-02229,fault_evolution_text,运维阶段风险与运行工况耦合后引起状态劣化，检测指标随严重度同步升高。,0.5963,hydraulic
RCA_TEXT_HFB-02230,HFB-02230,rca_text,过滤器出现轻微泄漏异常，生命周期风险集中在材料阶段，建议优先追溯 HMAT-00321。,0.5424,hydraulic
EVO_TEXT_HFB-02230,HFB-02230,fault_evolution_text,隐患先导致局部性能退化，随后传感器能量向关联通道集中，最终形成泄漏异常。,0.5424,hydraulic
RCA_TEXT_HFB-02231,HFB-02231,rca_text,作动筒出现中度振动异常，生命周期风险集中在制造阶段，建议优先追溯 HMAN-00891。,0.6072,hydraulic
EVO_TEXT_HFB-02231,HFB-02231,fault_evolution_text,制造阶段风险与运行工况耦合后引起状态劣化，检测指标随严重度同步升高。,0.6072,hydraulic
RCA_TEXT_HFB-02232,HFB-02232,rca_text,冷却器出现轻微振动异常，生命周期风险集中在设计阶段，建议优先追溯 HDES-00645。,0.6248,hydraulic
EVO_TEXT_HFB-02232,HFB-02232,fault_evolution_text,设计阶段风险与运行工况耦合后引起状态劣化，检测指标随严重度同步升高。,0.6248,hydraulic
RCA_TEXT_HFB-02233,HFB-02233,rca_text,该案例表现为轻微流量异常，根因更可能由材料阶段隐患累积触发。,0.5915,hydraulic
EVO_TEXT_HFB-02233,HFB-02233,fault_evolution_text,材料阶段风险与运行工况耦合后引起状态劣化，检测指标随严重度同步升高。,0.5915,hydraulic
RCA_TEXT_HFB-02234,HFB-02234,rca_text,该案例表现为中度阀芯卡滞，根因更可能由材料阶段隐患累积触发。,0.6238,hydraulic
EVO_TEXT_HFB-02234,HFB-02234,fault_evolution_text,早期异常较弱，运行载荷放大后出现指标漂移，并逐步演化为中度故障。,0.6238,hydraulic
RCA_TEXT_HFB-02235,HFB-02235,rca_text,该案例表现为轻微温度异常，根因更可能由运维阶段隐患累积触发。,0.5492,hydraulic
EVO_TEXT_HFB-02235,HFB-02235,fault_evolution_text,运维阶段风险与运行工况耦合后引起状态劣化，检测指标随严重度同步升高。,0.5492,hydraulic
RCA_TEXT_HFB-02236,HFB-02236,rca_text,该案例表现为中度流量异常，根因更可能由运维阶段隐患累积触发。,0.6193,hydraulic
EVO_TEXT_HFB-02236,HFB-02236,fault_evolution_text,早期异常较弱，运行载荷放大后出现指标漂移，并逐步演化为中度故障。,0.6193,hydraulic
RCA_TEXT_HFB-02237,HFB-02237,rca_text,该案例表现为轻微流量异常，根因更可能由运维阶段隐患累积触发。,0.5955,hydraulic
EVO_TEXT_HFB-02237,HFB-02237,fault_evolution_text,运维阶段风险与运行工况耦合后引起状态劣化，检测指标随严重度同步升高。,0.5955,hydraulic
RCA_TEXT_HFB-02238,HFB-02238,rca_text,该案例表现为轻微压力异常，根因更可能由运维阶段隐患累积触发。,0.5875,hydraulic
EVO_TEXT_HFB-02238,HFB-02238,fault_evolution_text,运维阶段风险与运行工况耦合后引起状态劣化，检测指标随严重度同步升高。,0.5875,hydraulic
RCA_TEXT_HFB-02239,HFB-02239,rca_text,该案例表现为轻微阀芯卡滞，根因更可能由制造阶段隐患累积触发。,0.6178,hydraulic
EVO_TEXT_HFB-02239,HFB-02239,fault_evolution_text,早期异常较弱，运行载荷放大后出现指标漂移，并逐步演化为轻微故障。,0.6178,hydraulic
RCA_TEXT_HFB-02240,HFB-02240,rca_text,结合传感器能量和检测记录，液压泵总成的泄漏异常与装配阶段高风险实体 HASM-02240 一致。,0.5965,hydraulic
EVO_TEXT_HFB-02240,HFB-02240,fault_evolution_text,装配阶段风险与运行工况耦合后引起状态劣化，检测指标随严重度同步升高。,0.5965,hydraulic
RCA_TEXT_HFB-02241,HFB-02241,rca_text,蓄能器出现轻微泄漏异常，生命周期风险集中在运维阶段，建议优先追溯 HOPR-02241。,0.6136,hydraulic
EVO_TEXT_HFB-02241,HFB-02241,fault_evolution_text,运维阶段风险与运行工况耦合后引起状态劣化，检测指标随严重度同步升高。,0.6136,hydraulic
RCA_TEXT_HFB-02242,HFB-02242,rca_text,该案例表现为轻微阀芯卡滞，根因更可能由检测阶段隐患累积触发。,0.5746,hydraulic
EVO_TEXT_HFB-02242,HFB-02242,fault_evolution_text,检测阶段风险与运行工况耦合后引起状态劣化，检测指标随严重度同步升高。,0.5746,hydraulic
RCA_TEXT_HFB-02243,HFB-02243,rca_text,该案例表现为轻微温度异常，根因更可能由运维阶段隐患累积触发。,0.5848,hydraulic
EVO_TEXT_HFB-02243,HFB-02243,fault_evolution_text,隐患先导致局部性能退化，随后传感器能量向关联通道集中，最终形成温度异常。,0.5848,hydraulic
RCA_TEXT_HFB-02244,HFB-02244,rca_text,该案例表现为中度泄漏异常，根因更可能由装配阶段隐患累积触发。,0.5824,hydraulic
EVO_TEXT_HFB-02244,HFB-02244,fault_evolution_text,隐患先导致局部性能退化，随后传感器能量向关联通道集中，最终形成泄漏异常。,0.5824,hydraulic
RCA_TEXT_HFB-02245,HFB-02245,rca_text,管路总成出现中度振动异常，生命周期风险集中在运维阶段，建议优先追溯 HOPR-02245。,0.6356,hydraulic
EVO_TEXT_HFB-02245,HFB-02245,fault_evolution_text,早期异常较弱，运行载荷放大后出现指标漂移，并逐步演化为中度故障。,0.6356,hydraulic
RCA_TEXT_HFB-02246,HFB-02246,rca_text,该案例表现为轻微流量异常，根因更可能由制造阶段隐患累积触发。,0.5899,hydraulic
EVO_TEXT_HFB-02246,HFB-02246,fault_evolution_text,早期异常较弱，运行载荷放大后出现指标漂移，并逐步演化为轻微故障。,0.5899,hydraulic
RCA_TEXT_HFB-02247,HFB-02247,rca_text,管路总成出现轻微压力异常，生命周期风险集中在制造阶段，建议优先追溯 HMAN-00541。,0.5844,hydraulic
EVO_TEXT_HFB-02247,HFB-02247,fault_evolution_text,隐患先导致局部性能退化，随后传感器能量向关联通道集中，最终形成压力异常。,0.5844,hydraulic
RCA_TEXT_HFB-02248,HFB-02248,rca_text,蓄能器出现轻微阀芯卡滞，生命周期风险集中在设计阶段，建议优先追溯 HDES-00677。,0.5804,hydraulic
EVO_TEXT_HFB-02248,HFB-02248,fault_evolution_text,隐患先导致局部性能退化，随后传感器能量向关联通道集中，最终形成阀芯卡滞。,0.5804,hydraulic
RCA_TEXT_HFB-02249,HFB-02249,rca_text,该案例表现为轻微压力异常，根因更可能由检测阶段隐患累积触发。,0.6857,hydraulic
EVO_TEXT_HFB-02249,HFB-02249,fault_evolution_text,早期异常较弱，运行载荷放大后出现指标漂移，并逐步演化为轻微故障。,0.6857,hydraulic
RCA_TEXT_HFB-02250,HFB-02250,rca_text,卸荷阀出现轻微温度异常，生命周期风险集中在运维阶段，建议优先追溯 HOPR-02250。,0.6394,hydraulic
EVO_TEXT_HFB-02250,HFB-02250,fault_evolution_text,隐患先导致局部性能退化，随后传感器能量向关联通道集中，最终形成温度异常。,0.6394,hydraulic
RCA_TEXT_HFB-02251,HFB-02251,rca_text,液压泵总成出现中度温度异常，生命周期风险集中在运维阶段，建议优先追溯 HOPR-02251。,0.5297,hydraulic
EVO_TEXT_HFB-02251,HFB-02251,fault_evolution_text,隐患先导致局部性能退化，随后传感器能量向关联通道集中，最终形成温度异常。,0.5297,hydraulic
RCA_TEXT_HFB-02252,HFB-02252,rca_text,该案例表现为中度振动异常，根因更可能由材料阶段隐患累积触发。,0.6983,hydraulic
EVO_TEXT_HFB-02252,HFB-02252,fault_evolution_text,材料阶段风险与运行工况耦合后引起状态劣化，检测指标随严重度同步升高。,0.6983,hydraulic
RCA_TEXT_HFB-02253,HFB-02253,rca_text,结合传感器能量和检测记录，方向控制阀的振动异常与材料阶段高风险实体 HMAT-00437 一致。,0.6265,hydraulic
EVO_TEXT_HFB-02253,HFB-02253,fault_evolution_text,材料阶段风险与运行工况耦合后引起状态劣化，检测指标随严重度同步升高。,0.6265,hydraulic
RCA_TEXT_HFB-02254,HFB-02254,rca_text,该案例表现为轻微流量异常，根因更可能由运维阶段隐患累积触发。,0.5906,hydraulic
EVO_TEXT_HFB-02254,HFB-02254,fault_evolution_text,隐患先导致局部性能退化，随后传感器能量向关联通道集中，最终形成流量异常。,0.5906,hydraulic
RCA_TEXT_HFB-02255,HFB-02255,rca_text,该案例表现为中度流量异常，根因更可能由设计阶段隐患累积触发。,0.6155,hydraulic
EVO_TEXT_HFB-02255,HFB-02255,fault_evolution_text,早期异常较弱，运行载荷放大后出现指标漂移，并逐步演化为中度故障。,0.6155,hydraulic
RCA_TEXT_HFB-02256,HFB-02256,rca_text,卸荷阀出现轻微流量异常，生命周期风险集中在设计阶段，建议优先追溯 HDES-00465。,0.53,hydraulic
EVO_TEXT_HFB-02256,HFB-02256,fault_evolution_text,设计阶段风险与运行工况耦合后引起状态劣化，检测指标随严重度同步升高。,0.53,hydraulic
RCA_TEXT_HFB-02257,HFB-02257,rca_text,结合传感器能量和检测记录，液压泵总成的压力异常与设计阶段高风险实体 HDES-00730 一致。,0.6438,hydraulic
EVO_TEXT_HFB-02257,HFB-02257,fault_evolution_text,隐患先导致局部性能退化，随后传感器能量向关联通道集中，最终形成压力异常。,0.6438,hydraulic
RCA_TEXT_HFB-02258,HFB-02258,rca_text,结合传感器能量和检测记录，作动筒的泄漏异常与材料阶段高风险实体 HMAT-00594 一致。,0.6148,hydraulic
EVO_TEXT_HFB-02258,HFB-02258,fault_evolution_text,材料阶段风险与运行工况耦合后引起状态劣化，检测指标随严重度同步升高。,0.6148,hydraulic
RCA_TEXT_HFB-02259,HFB-02259,rca_text,方向控制阀出现轻微压力异常，生命周期风险集中在运维阶段，建议优先追溯 HOPR-02259。,0.5604,hydraulic
EVO_TEXT_HFB-02259,HFB-02259,fault_evolution_text,早期异常较弱，运行载荷放大后出现指标漂移，并逐步演化为轻微故障。,0.5604,hydraulic
RCA_TEXT_HFB-02260,HFB-02260,rca_text,结合传感器能量和检测记录，管路总成的流量异常与设计阶段高风险实体 HPIP-00401 一致。,0.6456,hydraulic
EVO_TEXT_HFB-02260,HFB-02260,fault_evolution_text,早期异常较弱，运行载荷放大后出现指标漂移，并逐步演化为中度故障。,0.6456,hydraulic
RCA_TEXT_HFB-02261,HFB-02261,rca_text,该案例表现为轻微温度异常，根因更可能由设计阶段隐患累积触发。,0.6515,hydraulic
EVO_TEXT_HFB-02261,HFB-02261,fault_evolution_text,设计阶段风险与运行工况耦合后引起状态劣化，检测指标随严重度同步升高。,0.6515,hydraulic
RCA_TEXT_HFB-02262,HFB-02262,rca_text,溢流阀出现轻微温度异常，生命周期风险集中在装配阶段，建议优先追溯 HASM-02262。,0.5494,hydraulic
EVO_TEXT_HFB-02262,HFB-02262,fault_evolution_text,隐患先导致局部性能退化，随后传感器能量向关联通道集中，最终形成温度异常。,0.5494,hydraulic
RCA_TEXT_HFB-02263,HFB-02263,rca_text,结合传感器能量和检测记录，节流阀的泄漏异常与制造阶段高风险实体 HMAN-00593 一致。,0.607,hydraulic
EVO_TEXT_HFB-02263,HFB-02263,fault_evolution_text,制造阶段风险与运行工况耦合后引起状态劣化，检测指标随严重度同步升高。,0.607,hydraulic
RCA_TEXT_HFB-02264,HFB-02264,rca_text,该案例表现为轻微阀芯卡滞，根因更可能由装配阶段隐患累积触发。,0.5814,hydraulic
EVO_TEXT_HFB-02264,HFB-02264,fault_evolution_text,隐患先导致局部性能退化，随后传感器能量向关联通道集中，最终形成阀芯卡滞。,0.5814,hydraulic
RCA_TEXT_HFB-02265,HFB-02265,rca_text,管路总成出现中度振动异常，生命周期风险集中在制造阶段，建议优先追溯 HMAN-00427。,0.667,hydraulic
EVO_TEXT_HFB-02265,HFB-02265,fault_evolution_text,制造阶段风险与运行工况耦合后引起状态劣化，检测指标随严重度同步升高。,0.667,hydraulic
RCA_TEXT_HFB-02266,HFB-02266,rca_text,液压油箱出现中度温度异常，生命周期风险集中在运维阶段，建议优先追溯 HOPR-02266。,0.6329,hydraulic
EVO_TEXT_HFB-02266,HFB-02266,fault_evolution_text,隐患先导致局部性能退化，随后传感器能量向关联通道集中，最终形成温度异常。,0.6329,hydraulic
RCA_TEXT_HFB-02267,HFB-02267,rca_text,结合传感器能量和检测记录，作动筒的泄漏异常与设计阶段高风险实体 HDES-00848 一致。,0.5573,hydraulic
EVO_TEXT_HFB-02267,HFB-02267,fault_evolution_text,早期异常较弱，运行载荷放大后出现指标漂移，并逐步演化为轻微故障。,0.5573,hydraulic
RCA_TEXT_HFB-02268,HFB-02268,rca_text,液压油箱出现中度流量异常，生命周期风险集中在设计阶段，建议优先追溯 HDES-00201。,0.6343,hydraulic
EVO_TEXT_HFB-02268,HFB-02268,fault_evolution_text,隐患先导致局部性能退化，随后传感器能量向关联通道集中，最终形成流量异常。,0.6343,hydraulic
RCA_TEXT_HFB-02269,HFB-02269,rca_text,管路总成出现中度振动异常，生命周期风险集中在检测阶段，建议优先追溯 HINSP-02269。,0.5806,hydraulic
EVO_TEXT_HFB-02269,HFB-02269,fault_evolution_text,隐患先导致局部性能退化，随后传感器能量向关联通道集中，最终形成振动异常。,0.5806,hydraulic
RCA_TEXT_HFB-02270,HFB-02270,rca_text,冷却器出现轻微温度异常，生命周期风险集中在材料阶段，建议优先追溯 HMAT-00372。,0.6424,hydraulic
EVO_TEXT_HFB-02270,HFB-02270,fault_evolution_text,隐患先导致局部性能退化，随后传感器能量向关联通道集中，最终形成温度异常。,0.6424,hydraulic
RCA_TEXT_HFB-02271,HFB-02271,rca_text,结合传感器能量和检测记录，节流阀的流量异常与检测阶段高风险实体 HINSP-02271 一致。,0.6482,hydraulic
EVO_TEXT_HFB-02271,HFB-02271,fault_evolution_text,早期异常较弱，运行载荷放大后出现指标漂移，并逐步演化为中度故障。,0.6482,hydraulic
RCA_TEXT_HFB-02272,HFB-02272,rca_text,结合传感器能量和检测记录，管路总成的泄漏异常与装配阶段高风险实体 HASM-02272 一致。,0.6044,hydraulic
EVO_TEXT_HFB-02272,HFB-02272,fault_evolution_text,装配阶段风险与运行工况耦合后引起状态劣化，检测指标随严重度同步升高。,0.6044,hydraulic
RCA_TEXT_HFB-02273,HFB-02273,rca_text,结合传感器能量和检测记录，蓄能器的温度异常与运维阶段高风险实体 HOPR-02273 一致。,0.6153,hydraulic
EVO_TEXT_HFB-02273,HFB-02273,fault_evolution_text,运维阶段风险与运行工况耦合后引起状态劣化，检测指标随严重度同步升高。,0.6153,hydraulic
RCA_TEXT_HFB-02274,HFB-02274,rca_text,作动筒出现轻微温度异常，生命周期风险集中在运维阶段，建议优先追溯 HOPR-02274。,0.4868,hydraulic
EVO_TEXT_HFB-02274,HFB-02274,fault_evolution_text,隐患先导致局部性能退化，随后传感器能量向关联通道集中，最终形成温度异常。,0.4868,hydraulic
RCA_TEXT_HFB-02275,HFB-02275,rca_text,单向阀出现轻微阀芯卡滞，生命周期风险集中在装配阶段，建议优先追溯 HASM-02275。,0.5555,hydraulic
EVO_TEXT_HFB-02275,HFB-02275,fault_evolution_text,装配阶段风险与运行工况耦合后引起状态劣化，检测指标随严重度同步升高。,0.5555,hydraulic
RCA_TEXT_HFB-02276,HFB-02276,rca_text,该案例表现为轻微流量异常，根因更可能由运维阶段隐患累积触发。,0.5579,hydraulic
EVO_TEXT_HFB-02276,HFB-02276,fault_evolution_text,运维阶段风险与运行工况耦合后引起状态劣化，检测指标随严重度同步升高。,0.5579,hydraulic
RCA_TEXT_HFB-02277,HFB-02277,rca_text,结合传感器能量和检测记录，过滤器的流量异常与设计阶段高风险实体 HDES-01003 一致。,0.6015,hydraulic
EVO_TEXT_HFB-02277,HFB-02277,fault_evolution_text,隐患先导致局部性能退化，随后传感器能量向关联通道集中，最终形成流量异常。,0.6015,hydraulic
RCA_TEXT_HFB-02278,HFB-02278,rca_text,该案例表现为中度压力异常，根因更可能由设计阶段隐患累积触发。,0.5981,hydraulic
EVO_TEXT_HFB-02278,HFB-02278,fault_evolution_text,设计阶段风险与运行工况耦合后引起状态劣化，检测指标随严重度同步升高。,0.5981,hydraulic
RCA_TEXT_HFB-02279,HFB-02279,rca_text,结合传感器能量和检测记录，过滤器的流量异常与装配阶段高风险实体 HASM-02279 一致。,0.6036,hydraulic
EVO_TEXT_HFB-02279,HFB-02279,fault_evolution_text,早期异常较弱，运行载荷放大后出现指标漂移，并逐步演化为中度故障。,0.6036,hydraulic
RCA_TEXT_HFB-02280,HFB-02280,rca_text,该案例表现为中度泄漏异常，根因更可能由检测阶段隐患累积触发。,0.5768,hydraulic
EVO_TEXT_HFB-02280,HFB-02280,fault_evolution_text,隐患先导致局部性能退化，随后传感器能量向关联通道集中，最终形成泄漏异常。,0.5768,hydraulic
RCA_TEXT_HFB-02281,HFB-02281,rca_text,结合传感器能量和检测记录，管路总成的振动异常与运维阶段高风险实体 HOPR-02281 一致。,0.6206,hydraulic
EVO_TEXT_HFB-02281,HFB-02281,fault_evolution_text,隐患先导致局部性能退化，随后传感器能量向关联通道集中，最终形成振动异常。,0.6206,hydraulic
RCA_TEXT_HFB-02282,HFB-02282,rca_text,作动筒出现轻微泄漏异常，生命周期风险集中在运维阶段，建议优先追溯 HOPR-02282。,0.5379,hydraulic
EVO_TEXT_HFB-02282,HFB-02282,fault_evolution_text,早期异常较弱，运行载荷放大后出现指标漂移，并逐步演化为轻微故障。,0.5379,hydraulic
RCA_TEXT_HFB-02283,HFB-02283,rca_text,单向阀出现轻微压力异常，生命周期风险集中在装配阶段，建议优先追溯 HASM-02283。,0.6151,hydraulic
EVO_TEXT_HFB-02283,HFB-02283,fault_evolution_text,隐患先导致局部性能退化，随后传感器能量向关联通道集中，最终形成压力异常。,0.6151,hydraulic
RCA_TEXT_HFB-02284,HFB-02284,rca_text,过滤器出现轻微振动异常，生命周期风险集中在设计阶段，建议优先追溯 HDES-00699。,0.5797,hydraulic
EVO_TEXT_HFB-02284,HFB-02284,fault_evolution_text,设计阶段风险与运行工况耦合后引起状态劣化，检测指标随严重度同步升高。,0.5797,hydraulic
RCA_TEXT_HFB-02285,HFB-02285,rca_text,卸荷阀出现轻微流量异常，生命周期风险集中在运维阶段，建议优先追溯 HOPR-02285。,0.5874,hydraulic
EVO_TEXT_HFB-02285,HFB-02285,fault_evolution_text,隐患先导致局部性能退化，随后传感器能量向关联通道集中，最终形成流量异常。,0.5874,hydraulic
RCA_TEXT_HFB-02286,HFB-02286,rca_text,单向阀出现轻微阀芯卡滞，生命周期风险集中在运维阶段，建议优先追溯 HOPR-02286。,0.6391,hydraulic
EVO_TEXT_HFB-02286,HFB-02286,fault_evolution_text,运维阶段风险与运行工况耦合后引起状态劣化，检测指标随严重度同步升高。,0.6391,hydraulic
RCA_TEXT_HFB-02287,HFB-02287,rca_text,该案例表现为中度泄漏异常，根因更可能由装配阶段隐患累积触发。,0.5834,hydraulic
EVO_TEXT_HFB-02287,HFB-02287,fault_evolution_text,装配阶段风险与运行工况耦合后引起状态劣化，检测指标随严重度同步升高。,0.5834,hydraulic
RCA_TEXT_HFB-02288,HFB-02288,rca_text,该案例表现为轻微压力异常，根因更可能由设计阶段隐患累积触发。,0.5639,hydraulic
EVO_TEXT_HFB-02288,HFB-02288,fault_evolution_text,设计阶段风险与运行工况耦合后引起状态劣化，检测指标随严重度同步升高。,0.5639,hydraulic
RCA_TEXT_HFB-02289,HFB-02289,rca_text,该案例表现为中度振动异常，根因更可能由制造阶段隐患累积触发。,0.6575,hydraulic
EVO_TEXT_HFB-02289,HFB-02289,fault_evolution_text,早期异常较弱，运行载荷放大后出现指标漂移，并逐步演化为中度故障。,0.6575,hydraulic
RCA_TEXT_HFB-02290,HFB-02290,rca_text,该案例表现为轻微温度异常，根因更可能由制造阶段隐患累积触发。,0.5743,hydraulic
EVO_TEXT_HFB-02290,HFB-02290,fault_evolution_text,早期异常较弱，运行载荷放大后出现指标漂移，并逐步演化为轻微故障。,0.5743,hydraulic
RCA_TEXT_HFB-02291,HFB-02291,rca_text,该案例表现为轻微阀芯卡滞，根因更可能由制造阶段隐患累积触发。,0.5626,hydraulic
EVO_TEXT_HFB-02291,HFB-02291,fault_evolution_text,隐患先导致局部性能退化，随后传感器能量向关联通道集中，最终形成阀芯卡滞。,0.5626,hydraulic
RCA_TEXT_HFB-02292,HFB-02292,rca_text,结合传感器能量和检测记录，方向控制阀的流量异常与运维阶段高风险实体 HOPR-02292 一致。,0.609,hydraulic
EVO_TEXT_HFB-02292,HFB-02292,fault_evolution_text,早期异常较弱，运行载荷放大后出现指标漂移，并逐步演化为轻微故障。,0.609,hydraulic
RCA_TEXT_HFB-02293,HFB-02293,rca_text,该案例表现为轻微压力异常，根因更可能由运维阶段隐患累积触发。,0.5888,hydraulic
EVO_TEXT_HFB-02293,HFB-02293,fault_evolution_text,隐患先导致局部性能退化，随后传感器能量向关联通道集中，最终形成压力异常。,0.5888,hydraulic
RCA_TEXT_HFB-02294,HFB-02294,rca_text,作动筒出现轻微压力异常，生命周期风险集中在运维阶段，建议优先追溯 HOPR-02294。,0.5374,hydraulic
EVO_TEXT_HFB-02294,HFB-02294,fault_evolution_text,早期异常较弱，运行载荷放大后出现指标漂移，并逐步演化为轻微故障。,0.5374,hydraulic
RCA_TEXT_HFB-02295,HFB-02295,rca_text,液压油箱出现轻微流量异常，生命周期风险集中在运维阶段，建议优先追溯 HOPR-02295。,0.5951,hydraulic
EVO_TEXT_HFB-02295,HFB-02295,fault_evolution_text,隐患先导致局部性能退化，随后传感器能量向关联通道集中，最终形成流量异常。,0.5951,hydraulic
RCA_TEXT_HFB-02296,HFB-02296,rca_text,卸荷阀出现中度压力异常，生命周期风险集中在运维阶段，建议优先追溯 HOPR-02296。,0.6582,hydraulic
EVO_TEXT_HFB-02296,HFB-02296,fault_evolution_text,隐患先导致局部性能退化，随后传感器能量向关联通道集中，最终形成压力异常。,0.6582,hydraulic
RCA_TEXT_HFB-02297,HFB-02297,rca_text,结合传感器能量和检测记录，单向阀的流量异常与运维阶段高风险实体 HOPR-02297 一致。,0.5538,hydraulic
EVO_TEXT_HFB-02297,HFB-02297,fault_evolution_text,运维阶段风险与运行工况耦合后引起状态劣化，检测指标随严重度同步升高。,0.5538,hydraulic
RCA_TEXT_HFB-02298,HFB-02298,rca_text,卸荷阀出现轻微流量异常，生命周期风险集中在制造阶段，建议优先追溯 HMAN-00745。,0.5687,hydraulic
EVO_TEXT_HFB-02298,HFB-02298,fault_evolution_text,制造阶段风险与运行工况耦合后引起状态劣化，检测指标随严重度同步升高。,0.5687,hydraulic
RCA_TEXT_HFB-02299,HFB-02299,rca_text,该案例表现为中度流量异常，根因更可能由运维阶段隐患累积触发。,0.6205,hydraulic
EVO_TEXT_HFB-02299,HFB-02299,fault_evolution_text,早期异常较弱，运行载荷放大后出现指标漂移，并逐步演化为中度故障。,0.6205,hydraulic
RCA_TEXT_HFB-02300,HFB-02300,rca_text,该案例表现为轻微流量异常，根因更可能由装配阶段隐患累积触发。,0.6196,hydraulic
EVO_TEXT_HFB-02300,HFB-02300,fault_evolution_text,早期异常较弱，运行载荷放大后出现指标漂移，并逐步演化为轻微故障。,0.6196,hydraulic
RCA_TEXT_HFB-02301,HFB-02301,rca_text,卸荷阀出现轻微压力异常，生命周期风险集中在设计阶段，建议优先追溯 HDES-00443。,0.5667,hydraulic
EVO_TEXT_HFB-02301,HFB-02301,fault_evolution_text,隐患先导致局部性能退化，随后传感器能量向关联通道集中，最终形成压力异常。,0.5667,hydraulic
RCA_TEXT_HFB-02302,HFB-02302,rca_text,结合传感器能量和检测记录，单向阀的振动异常与运维阶段高风险实体 HOPR-02302 一致。,0.5925,hydraulic
EVO_TEXT_HFB-02302,HFB-02302,fault_evolution_text,早期异常较弱，运行载荷放大后出现指标漂移，并逐步演化为轻微故障。,0.5925,hydraulic
RCA_TEXT_HFB-02303,HFB-02303,rca_text,结合传感器能量和检测记录，过滤器的温度异常与运维阶段高风险实体 HOPR-02303 一致。,0.6183,hydraulic
EVO_TEXT_HFB-02303,HFB-02303,fault_evolution_text,运维阶段风险与运行工况耦合后引起状态劣化，检测指标随严重度同步升高。,0.6183,hydraulic
RCA_TEXT_HFB-02304,HFB-02304,rca_text,该案例表现为轻微流量异常，根因更可能由装配阶段隐患累积触发。,0.5923,hydraulic
EVO_TEXT_HFB-02304,HFB-02304,fault_evolution_text,装配阶段风险与运行工况耦合后引起状态劣化，检测指标随严重度同步升高。,0.5923,hydraulic
RCA_TEXT_HFB-02305,HFB-02305,rca_text,该案例表现为中度阀芯卡滞，根因更可能由制造阶段隐患累积触发。,0.6288,hydraulic
EVO_TEXT_HFB-02305,HFB-02305,fault_evolution_text,早期异常较弱，运行载荷放大后出现指标漂移，并逐步演化为中度故障。,0.6288,hydraulic
RCA_TEXT_HFB-02306,HFB-02306,rca_text,溢流阀出现轻微压力异常，生命周期风险集中在制造阶段，建议优先追溯 HMAN-00013。,0.5902,hydraulic
EVO_TEXT_HFB-02306,HFB-02306,fault_evolution_text,隐患先导致局部性能退化，随后传感器能量向关联通道集中，最终形成压力异常。,0.5902,hydraulic
RCA_TEXT_HFB-02307,HFB-02307,rca_text,单向阀出现中度阀芯卡滞，生命周期风险集中在制造阶段，建议优先追溯 HMAN-00664。,0.6261,hydraulic
EVO_TEXT_HFB-02307,HFB-02307,fault_evolution_text,制造阶段风险与运行工况耦合后引起状态劣化，检测指标随严重度同步升高。,0.6261,hydraulic
RCA_TEXT_HFB-02308,HFB-02308,rca_text,液压泵总成出现中度压力异常，生命周期风险集中在检测阶段，建议优先追溯 HINSP-02308。,0.7052,hydraulic
EVO_TEXT_HFB-02308,HFB-02308,fault_evolution_text,隐患先导致局部性能退化，随后传感器能量向关联通道集中，最终形成压力异常。,0.7052,hydraulic
RCA_TEXT_HFB-02309,HFB-02309,rca_text,该案例表现为轻微泄漏异常，根因更可能由材料阶段隐患累积触发。,0.6343,hydraulic
EVO_TEXT_HFB-02309,HFB-02309,fault_evolution_text,早期异常较弱，运行载荷放大后出现指标漂移，并逐步演化为轻微故障。,0.6343,hydraulic
RCA_TEXT_HFB-02310,HFB-02310,rca_text,该案例表现为轻微温度异常，根因更可能由材料阶段隐患累积触发。,0.577,hydraulic
EVO_TEXT_HFB-02310,HFB-02310,fault_evolution_text,早期异常较弱，运行载荷放大后出现指标漂移，并逐步演化为轻微故障。,0.577,hydraulic
RCA_TEXT_HFB-02311,HFB-02311,rca_text,结合传感器能量和检测记录，过滤器的温度异常与运维阶段高风险实体 HOPR-02311 一致。,0.6193,hydraulic
EVO_TEXT_HFB-02311,HFB-02311,fault_evolution_text,早期异常较弱，运行载荷放大后出现指标漂移，并逐步演化为中度故障。,0.6193,hydraulic
RCA_TEXT_HFB-02312,HFB-02312,rca_text,该案例表现为轻微温度异常，根因更可能由运维阶段隐患累积触发。,0.5452,hydraulic
EVO_TEXT_HFB-02312,HFB-02312,fault_evolution_text,隐患先导致局部性能退化，随后传感器能量向关联通道集中，最终形成温度异常。,0.5452,hydraulic
RCA_TEXT_HFB-02313,HFB-02313,rca_text,该案例表现为轻微泄漏异常，根因更可能由装配阶段隐患累积触发。,0.5683,hydraulic
EVO_TEXT_HFB-02313,HFB-02313,fault_evolution_text,装配阶段风险与运行工况耦合后引起状态劣化，检测指标随严重度同步升高。,0.5683,hydraulic
RCA_TEXT_HFB-02314,HFB-02314,rca_text,结合传感器能量和检测记录，管路总成的流量异常与检测阶段高风险实体 HINSP-02314 一致。,0.6115,hydraulic
EVO_TEXT_HFB-02314,HFB-02314,fault_evolution_text,检测阶段风险与运行工况耦合后引起状态劣化，检测指标随严重度同步升高。,0.6115,hydraulic
RCA_TEXT_HFB-02315,HFB-02315,rca_text,该案例表现为轻微阀芯卡滞，根因更可能由装配阶段隐患累积触发。,0.6092,hydraulic
EVO_TEXT_HFB-02315,HFB-02315,fault_evolution_text,隐患先导致局部性能退化，随后传感器能量向关联通道集中，最终形成阀芯卡滞。,0.6092,hydraulic
RCA_TEXT_HFB-02316,HFB-02316,rca_text,该案例表现为中度泄漏异常，根因更可能由运维阶段隐患累积触发。,0.5909,hydraulic
EVO_TEXT_HFB-02316,HFB-02316,fault_evolution_text,运维阶段风险与运行工况耦合后引起状态劣化，检测指标随严重度同步升高。,0.5909,hydraulic
RCA_TEXT_HFB-02317,HFB-02317,rca_text,该案例表现为轻微阀芯卡滞，根因更可能由设计阶段隐患累积触发。,0.6568,hydraulic
EVO_TEXT_HFB-02317,HFB-02317,fault_evolution_text,隐患先导致局部性能退化，随后传感器能量向关联通道集中，最终形成阀芯卡滞。,0.6568,hydraulic
RCA_TEXT_HFB-02318,HFB-02318,rca_text,该案例表现为轻微流量异常，根因更可能由设计阶段隐患累积触发。,0.6129,hydraulic
EVO_TEXT_HFB-02318,HFB-02318,fault_evolution_text,设计阶段风险与运行工况耦合后引起状态劣化，检测指标随严重度同步升高。,0.6129,hydraulic
RCA_TEXT_HFB-02319,HFB-02319,rca_text,结合传感器能量和检测记录，溢流阀的温度异常与运维阶段高风险实体 HOPR-02319 一致。,0.6072,hydraulic
EVO_TEXT_HFB-02319,HFB-02319,fault_evolution_text,隐患先导致局部性能退化，随后传感器能量向关联通道集中，最终形成温度异常。,0.6072,hydraulic
RCA_TEXT_HFB-02320,HFB-02320,rca_text,结合传感器能量和检测记录，管路总成的压力异常与运维阶段高风险实体 HOPR-02320 一致。,0.6069,hydraulic
EVO_TEXT_HFB-02320,HFB-02320,fault_evolution_text,运维阶段风险与运行工况耦合后引起状态劣化，检测指标随严重度同步升高。,0.6069,hydraulic
RCA_TEXT_HFB-02321,HFB-02321,rca_text,过滤器出现轻微流量异常，生命周期风险集中在运维阶段，建议优先追溯 HOPR-02321。,0.6637,hydraulic
EVO_TEXT_HFB-02321,HFB-02321,fault_evolution_text,运维阶段风险与运行工况耦合后引起状态劣化，检测指标随严重度同步升高。,0.6637,hydraulic
RCA_TEXT_HFB-02322,HFB-02322,rca_text,结合传感器能量和检测记录，过滤器的温度异常与材料阶段高风险实体 HMAT-00566 一致。,0.6441,hydraulic
EVO_TEXT_HFB-02322,HFB-02322,fault_evolution_text,材料阶段风险与运行工况耦合后引起状态劣化，检测指标随严重度同步升高。,0.6441,hydraulic
RCA_TEXT_HFB-02323,HFB-02323,rca_text,结合传感器能量和检测记录，液压油箱的温度异常与制造阶段高风险实体 HMAN-00025 一致。,0.6153,hydraulic
EVO_TEXT_HFB-02323,HFB-02323,fault_evolution_text,隐患先导致局部性能退化，随后传感器能量向关联通道集中，最终形成温度异常。,0.6153,hydraulic
RCA_TEXT_HFB-02324,HFB-02324,rca_text,卸荷阀出现中度阀芯卡滞，生命周期风险集中在设计阶段，建议优先追溯 HDES-00175。,0.6154,hydraulic
EVO_TEXT_HFB-02324,HFB-02324,fault_evolution_text,隐患先导致局部性能退化，随后传感器能量向关联通道集中，最终形成阀芯卡滞。,0.6154,hydraulic
RCA_TEXT_HFB-02325,HFB-02325,rca_text,结合传感器能量和检测记录，作动筒的阀芯卡滞与运维阶段高风险实体 HOPR-02325 一致。,0.5769,hydraulic
EVO_TEXT_HFB-02325,HFB-02325,fault_evolution_text,隐患先导致局部性能退化，随后传感器能量向关联通道集中，最终形成阀芯卡滞。,0.5769,hydraulic
RCA_TEXT_HFB-02326,HFB-02326,rca_text,该案例表现为轻微阀芯卡滞，根因更可能由运维阶段隐患累积触发。,0.4839,hydraulic
EVO_TEXT_HFB-02326,HFB-02326,fault_evolution_text,早期异常较弱，运行载荷放大后出现指标漂移，并逐步演化为轻微故障。,0.4839,hydraulic
RCA_TEXT_HFB-02327,HFB-02327,rca_text,作动筒出现轻微泄漏异常，生命周期风险集中在检测阶段，建议优先追溯 HINSP-02327。,0.5308,hydraulic
EVO_TEXT_HFB-02327,HFB-02327,fault_evolution_text,检测阶段风险与运行工况耦合后引起状态劣化，检测指标随严重度同步升高。,0.5308,hydraulic
RCA_TEXT_HFB-02328,HFB-02328,rca_text,该案例表现为轻微振动异常，根因更可能由装配阶段隐患累积触发。,0.6066,hydraulic
EVO_TEXT_HFB-02328,HFB-02328,fault_evolution_text,装配阶段风险与运行工况耦合后引起状态劣化，检测指标随严重度同步升高。,0.6066,hydraulic
RCA_TEXT_HFB-02329,HFB-02329,rca_text,结合传感器能量和检测记录，方向控制阀的流量异常与装配阶段高风险实体 HASM-02329 一致。,0.6088,hydraulic
EVO_TEXT_HFB-02329,HFB-02329,fault_evolution_text,隐患先导致局部性能退化，随后传感器能量向关联通道集中，最终形成流量异常。,0.6088,hydraulic
RCA_TEXT_HFB-02330,HFB-02330,rca_text,液压油箱出现轻微阀芯卡滞，生命周期风险集中在运维阶段，建议优先追溯 HOPR-02330。,0.5654,hydraulic
EVO_TEXT_HFB-02330,HFB-02330,fault_evolution_text,运维阶段风险与运行工况耦合后引起状态劣化，检测指标随严重度同步升高。,0.5654,hydraulic
RCA_TEXT_HFB-02331,HFB-02331,rca_text,结合传感器能量和检测记录，溢流阀的阀芯卡滞与运维阶段高风险实体 HOPR-02331 一致。,0.6096,hydraulic
EVO_TEXT_HFB-02331,HFB-02331,fault_evolution_text,运维阶段风险与运行工况耦合后引起状态劣化，检测指标随严重度同步升高。,0.6096,hydraulic
RCA_TEXT_HFB-02332,HFB-02332,rca_text,结合传感器能量和检测记录，管路总成的压力异常与设计阶段高风险实体 HPIP-00410 一致。,0.6798,hydraulic
EVO_TEXT_HFB-02332,HFB-02332,fault_evolution_text,早期异常较弱，运行载荷放大后出现指标漂移，并逐步演化为中度故障。,0.6798,hydraulic
RCA_TEXT_HFB-02333,HFB-02333,rca_text,该案例表现为轻微阀芯卡滞，根因更可能由材料阶段隐患累积触发。,0.63,hydraulic
EVO_TEXT_HFB-02333,HFB-02333,fault_evolution_text,隐患先导致局部性能退化，随后传感器能量向关联通道集中，最终形成阀芯卡滞。,0.63,hydraulic
RCA_TEXT_HFB-02334,HFB-02334,rca_text,管路总成出现中度流量异常，生命周期风险集中在检测阶段，建议优先追溯 HINSP-02334。,0.582,hydraulic
EVO_TEXT_HFB-02334,HFB-02334,fault_evolution_text,检测阶段风险与运行工况耦合后引起状态劣化，检测指标随严重度同步升高。,0.582,hydraulic
RCA_TEXT_HFB-02335,HFB-02335,rca_text,管路总成出现轻微阀芯卡滞，生命周期风险集中在材料阶段，建议优先追溯 HMAT-00048。,0.5897,hydraulic
EVO_TEXT_HFB-02335,HFB-02335,fault_evolution_text,早期异常较弱，运行载荷放大后出现指标漂移，并逐步演化为轻微故障。,0.5897,hydraulic
RCA_TEXT_HFB-02336,HFB-02336,rca_text,卸荷阀出现中度压力异常，生命周期风险集中在设计阶段，建议优先追溯 HDES-00667。,0.5855,hydraulic
EVO_TEXT_HFB-02336,HFB-02336,fault_evolution_text,隐患先导致局部性能退化，随后传感器能量向关联通道集中，最终形成压力异常。,0.5855,hydraulic
RCA_TEXT_HFB-02337,HFB-02337,rca_text,节流阀出现轻微振动异常，生命周期风险集中在制造阶段，建议优先追溯 HMAN-00656。,0.5377,hydraulic
EVO_TEXT_HFB-02337,HFB-02337,fault_evolution_text,隐患先导致局部性能退化，随后传感器能量向关联通道集中，最终形成振动异常。,0.5377,hydraulic
RCA_TEXT_HFB-02338,HFB-02338,rca_text,该案例表现为轻微泄漏异常，根因更可能由设计阶段隐患累积触发。,0.6168,hydraulic
EVO_TEXT_HFB-02338,HFB-02338,fault_evolution_text,隐患先导致局部性能退化，随后传感器能量向关联通道集中，最终形成泄漏异常。,0.6168,hydraulic
RCA_TEXT_HFB-02339,HFB-02339,rca_text,结合传感器能量和检测记录，作动筒的压力异常与设计阶段高风险实体 HDES-00418 一致。,0.5831,hydraulic
EVO_TEXT_HFB-02339,HFB-02339,fault_evolution_text,隐患先导致局部性能退化，随后传感器能量向关联通道集中，最终形成压力异常。,0.5831,hydraulic
RCA_TEXT_HFB-02340,HFB-02340,rca_text,该案例表现为轻微压力异常，根因更可能由装配阶段隐患累积触发。,0.5954,hydraulic
EVO_TEXT_HFB-02340,HFB-02340,fault_evolution_text,早期异常较弱，运行载荷放大后出现指标漂移，并逐步演化为轻微故障。,0.5954,hydraulic
RCA_TEXT_HFB-02341,HFB-02341,rca_text,结合传感器能量和检测记录，溢流阀的流量异常与制造阶段高风险实体 HMAN-00829 一致。,0.5928,hydraulic
EVO_TEXT_HFB-02341,HFB-02341,fault_evolution_text,隐患先导致局部性能退化，随后传感器能量向关联通道集中，最终形成流量异常。,0.5928,hydraulic
RCA_TEXT_HFB-02342,HFB-02342,rca_text,结合传感器能量和检测记录，管路总成的振动异常与运维阶段高风险实体 HOPR-02342 一致。,0.6026,hydraulic
EVO_TEXT_HFB-02342,HFB-02342,fault_evolution_text,运维阶段风险与运行工况耦合后引起状态劣化，检测指标随严重度同步升高。,0.6026,hydraulic
RCA_TEXT_HFB-02343,HFB-02343,rca_text,结合传感器能量和检测记录，溢流阀的压力异常与设计阶段高风险实体 HDES-00275 一致。,0.6256,hydraulic
EVO_TEXT_HFB-02343,HFB-02343,fault_evolution_text,早期异常较弱，运行载荷放大后出现指标漂移，并逐步演化为轻微故障。,0.6256,hydraulic
RCA_TEXT_HFB-02344,HFB-02344,rca_text,该案例表现为轻微振动异常，根因更可能由运维阶段隐患累积触发。,0.522,hydraulic
EVO_TEXT_HFB-02344,HFB-02344,fault_evolution_text,早期异常较弱，运行载荷放大后出现指标漂移，并逐步演化为轻微故障。,0.522,hydraulic
RCA_TEXT_HFB-02345,HFB-02345,rca_text,过滤器出现轻微流量异常，生命周期风险集中在设计阶段，建议优先追溯 HDES-00213。,0.5882,hydraulic
EVO_TEXT_HFB-02345,HFB-02345,fault_evolution_text,设计阶段风险与运行工况耦合后引起状态劣化，检测指标随严重度同步升高。,0.5882,hydraulic
RCA_TEXT_HFB-02346,HFB-02346,rca_text,结合传感器能量和检测记录，溢流阀的流量异常与运维阶段高风险实体 HOPR-02346 一致。,0.5836,hydraulic
EVO_TEXT_HFB-02346,HFB-02346,fault_evolution_text,运维阶段风险与运行工况耦合后引起状态劣化，检测指标随严重度同步升高。,0.5836,hydraulic
RCA_TEXT_HFB-02347,HFB-02347,rca_text,该案例表现为轻微泄漏异常，根因更可能由检测阶段隐患累积触发。,0.6476,hydraulic
EVO_TEXT_HFB-02347,HFB-02347,fault_evolution_text,隐患先导致局部性能退化，随后传感器能量向关联通道集中，最终形成泄漏异常。,0.6476,hydraulic
RCA_TEXT_HFB-02348,HFB-02348,rca_text,方向控制阀出现中度流量异常，生命周期风险集中在设计阶段，建议优先追溯 HDES-01173。,0.5986,hydraulic
EVO_TEXT_HFB-02348,HFB-02348,fault_evolution_text,设计阶段风险与运行工况耦合后引起状态劣化，检测指标随严重度同步升高。,0.5986,hydraulic
RCA_TEXT_HFB-02349,HFB-02349,rca_text,结合传感器能量和检测记录，蓄能器的振动异常与材料阶段高风险实体 HMAT-00208 一致。,0.6681,hydraulic
EVO_TEXT_HFB-02349,HFB-02349,fault_evolution_text,材料阶段风险与运行工况耦合后引起状态劣化，检测指标随严重度同步升高。,0.6681,hydraulic
RCA_TEXT_HFB-02350,HFB-02350,rca_text,结合传感器能量和检测记录，管路总成的振动异常与检测阶段高风险实体 HINSP-02350 一致。,0.6181,hydraulic
EVO_TEXT_HFB-02350,HFB-02350,fault_evolution_text,检测阶段风险与运行工况耦合后引起状态劣化，检测指标随严重度同步升高。,0.6181,hydraulic
RCA_TEXT_HFB-02351,HFB-02351,rca_text,该案例表现为轻微温度异常，根因更可能由运维阶段隐患累积触发。,0.625,hydraulic
EVO_TEXT_HFB-02351,HFB-02351,fault_evolution_text,运维阶段风险与运行工况耦合后引起状态劣化，检测指标随严重度同步升高。,0.625,hydraulic
RCA_TEXT_HFB-02352,HFB-02352,rca_text,作动筒出现轻微泄漏异常，生命周期风险集中在装配阶段，建议优先追溯 HASM-02352。,0.5762,hydraulic
EVO_TEXT_HFB-02352,HFB-02352,fault_evolution_text,早期异常较弱，运行载荷放大后出现指标漂移，并逐步演化为轻微故障。,0.5762,hydraulic
RCA_TEXT_HFB-02353,HFB-02353,rca_text,该案例表现为轻微压力异常，根因更可能由设计阶段隐患累积触发。,0.6344,hydraulic
EVO_TEXT_HFB-02353,HFB-02353,fault_evolution_text,早期异常较弱，运行载荷放大后出现指标漂移，并逐步演化为轻微故障。,0.6344,hydraulic
RCA_TEXT_HFB-02354,HFB-02354,rca_text,结合传感器能量和检测记录，冷却器的压力异常与材料阶段高风险实体 HMAT-00479 一致。,0.5935,hydraulic
EVO_TEXT_HFB-02354,HFB-02354,fault_evolution_text,材料阶段风险与运行工况耦合后引起状态劣化，检测指标随严重度同步升高。,0.5935,hydraulic
RCA_TEXT_HFB-02355,HFB-02355,rca_text,该案例表现为中度振动异常，根因更可能由设计阶段隐患累积触发。,0.6409,hydraulic
EVO_TEXT_HFB-02355,HFB-02355,fault_evolution_text,早期异常较弱，运行载荷放大后出现指标漂移，并逐步演化为中度故障。,0.6409,hydraulic
RCA_TEXT_HFB-02356,HFB-02356,rca_text,结合传感器能量和检测记录，液压油箱的振动异常与装配阶段高风险实体 HASM-02356 一致。,0.5558,hydraulic
EVO_TEXT_HFB-02356,HFB-02356,fault_evolution_text,隐患先导致局部性能退化，随后传感器能量向关联通道集中，最终形成振动异常。,0.5558,hydraulic
RCA_TEXT_HFB-02357,HFB-02357,rca_text,结合传感器能量和检测记录，单向阀的振动异常与运维阶段高风险实体 HOPR-02357 一致。,0.5755,hydraulic
EVO_TEXT_HFB-02357,HFB-02357,fault_evolution_text,隐患先导致局部性能退化，随后传感器能量向关联通道集中，最终形成振动异常。,0.5755,hydraulic
RCA_TEXT_HFB-02358,HFB-02358,rca_text,管路总成出现中度振动异常，生命周期风险集中在装配阶段，建议优先追溯 HASM-02358。,0.6737,hydraulic
EVO_TEXT_HFB-02358,HFB-02358,fault_evolution_text,装配阶段风险与运行工况耦合后引起状态劣化，检测指标随严重度同步升高。,0.6737,hydraulic
RCA_TEXT_HFB-02359,HFB-02359,rca_text,结合传感器能量和检测记录，单向阀的阀芯卡滞与设计阶段高风险实体 HDES-00230 一致。,0.6443,hydraulic
EVO_TEXT_HFB-02359,HFB-02359,fault_evolution_text,设计阶段风险与运行工况耦合后引起状态劣化，检测指标随严重度同步升高。,0.6443,hydraulic
RCA_TEXT_HFB-02360,HFB-02360,rca_text,节流阀出现中度流量异常，生命周期风险集中在制造阶段，建议优先追溯 HMAN-00112。,0.6097,hydraulic
EVO_TEXT_HFB-02360,HFB-02360,fault_evolution_text,隐患先导致局部性能退化，随后传感器能量向关联通道集中，最终形成流量异常。,0.6097,hydraulic
RCA_TEXT_HFB-02361,HFB-02361,rca_text,单向阀出现轻微阀芯卡滞，生命周期风险集中在运维阶段，建议优先追溯 HOPR-02361。,0.6226,hydraulic
EVO_TEXT_HFB-02361,HFB-02361,fault_evolution_text,运维阶段风险与运行工况耦合后引起状态劣化，检测指标随严重度同步升高。,0.6226,hydraulic
RCA_TEXT_HFB-02362,HFB-02362,rca_text,液压泵总成出现中度泄漏异常，生命周期风险集中在材料阶段，建议优先追溯 HMAT-00394。,0.5849,hydraulic
EVO_TEXT_HFB-02362,HFB-02362,fault_evolution_text,材料阶段风险与运行工况耦合后引起状态劣化，检测指标随严重度同步升高。,0.5849,hydraulic
RCA_TEXT_HFB-02363,HFB-02363,rca_text,结合传感器能量和检测记录，管路总成的泄漏异常与运维阶段高风险实体 HOPR-02363 一致。,0.6352,hydraulic
EVO_TEXT_HFB-02363,HFB-02363,fault_evolution_text,运维阶段风险与运行工况耦合后引起状态劣化，检测指标随严重度同步升高。,0.6352,hydraulic
RCA_TEXT_HFB-02364,HFB-02364,rca_text,结合传感器能量和检测记录，管路总成的流量异常与材料阶段高风险实体 HMAT-00490 一致。,0.6006,hydraulic
EVO_TEXT_HFB-02364,HFB-02364,fault_evolution_text,隐患先导致局部性能退化，随后传感器能量向关联通道集中，最终形成流量异常。,0.6006,hydraulic
RCA_TEXT_HFB-02365,HFB-02365,rca_text,结合传感器能量和检测记录，过滤器的温度异常与设计阶段高风险实体 HDES-00240 一致。,0.6089,hydraulic
EVO_TEXT_HFB-02365,HFB-02365,fault_evolution_text,设计阶段风险与运行工况耦合后引起状态劣化，检测指标随严重度同步升高。,0.6089,hydraulic
RCA_TEXT_HFB-02366,HFB-02366,rca_text,该案例表现为轻微泄漏异常，根因更可能由制造阶段隐患累积触发。,0.589,hydraulic
EVO_TEXT_HFB-02366,HFB-02366,fault_evolution_text,隐患先导致局部性能退化，随后传感器能量向关联通道集中，最终形成泄漏异常。,0.589,hydraulic
RCA_TEXT_HFB-02367,HFB-02367,rca_text,结合传感器能量和检测记录，冷却器的温度异常与制造阶段高风险实体 HMAN-00140 一致。,0.616,hydraulic
EVO_TEXT_HFB-02367,HFB-02367,fault_evolution_text,制造阶段风险与运行工况耦合后引起状态劣化，检测指标随严重度同步升高。,0.616,hydraulic
RCA_TEXT_HFB-02368,HFB-02368,rca_text,结合传感器能量和检测记录，液压油箱的流量异常与制造阶段高风险实体 HMAN-00591 一致。,0.6299,hydraulic
EVO_TEXT_HFB-02368,HFB-02368,fault_evolution_text,隐患先导致局部性能退化，随后传感器能量向关联通道集中，最终形成流量异常。,0.6299,hydraulic
RCA_TEXT_HFB-02369,HFB-02369,rca_text,该案例表现为中度压力异常，根因更可能由材料阶段隐患累积触发。,0.5462,hydraulic
EVO_TEXT_HFB-02369,HFB-02369,fault_evolution_text,材料阶段风险与运行工况耦合后引起状态劣化，检测指标随严重度同步升高。,0.5462,hydraulic
RCA_TEXT_HFB-02370,HFB-02370,rca_text,结合传感器能量和检测记录，冷却器的振动异常与设计阶段高风险实体 HDES-00069 一致。,0.6148,hydraulic
EVO_TEXT_HFB-02370,HFB-02370,fault_evolution_text,设计阶段风险与运行工况耦合后引起状态劣化，检测指标随严重度同步升高。,0.6148,hydraulic
RCA_TEXT_HFB-02371,HFB-02371,rca_text,蓄能器出现中度压力异常，生命周期风险集中在材料阶段，建议优先追溯 HMAT-00262。,0.6931,hydraulic
EVO_TEXT_HFB-02371,HFB-02371,fault_evolution_text,材料阶段风险与运行工况耦合后引起状态劣化，检测指标随严重度同步升高。,0.6931,hydraulic
RCA_TEXT_HFB-02372,HFB-02372,rca_text,结合传感器能量和检测记录，作动筒的泄漏异常与装配阶段高风险实体 HASM-02372 一致。,0.6027,hydraulic
EVO_TEXT_HFB-02372,HFB-02372,fault_evolution_text,早期异常较弱，运行载荷放大后出现指标漂移，并逐步演化为轻微故障。,0.6027,hydraulic
RCA_TEXT_HFB-02373,HFB-02373,rca_text,结合传感器能量和检测记录，蓄能器的压力异常与设计阶段高风险实体 HDES-01096 一致。,0.6636,hydraulic
EVO_TEXT_HFB-02373,HFB-02373,fault_evolution_text,隐患先导致局部性能退化，随后传感器能量向关联通道集中，最终形成压力异常。,0.6636,hydraulic
RCA_TEXT_HFB-02374,HFB-02374,rca_text,结合传感器能量和检测记录，管路总成的温度异常与运维阶段高风险实体 HOPR-02374 一致。,0.541,hydraulic
EVO_TEXT_HFB-02374,HFB-02374,fault_evolution_text,早期异常较弱，运行载荷放大后出现指标漂移，并逐步演化为轻微故障。,0.541,hydraulic
RCA_TEXT_HFB-02375,HFB-02375,rca_text,结合传感器能量和检测记录，液压泵总成的泄漏异常与装配阶段高风险实体 HASM-02375 一致。,0.633,hydraulic
EVO_TEXT_HFB-02375,HFB-02375,fault_evolution_text,装配阶段风险与运行工况耦合后引起状态劣化，检测指标随严重度同步升高。,0.633,hydraulic
RCA_TEXT_HFB-02376,HFB-02376,rca_text,冷却器出现轻微阀芯卡滞，生命周期风险集中在制造阶段，建议优先追溯 HMAN-00638。,0.5566,hydraulic
EVO_TEXT_HFB-02376,HFB-02376,fault_evolution_text,制造阶段风险与运行工况耦合后引起状态劣化，检测指标随严重度同步升高。,0.5566,hydraulic
RCA_TEXT_HFB-02377,HFB-02377,rca_text,该案例表现为中度阀芯卡滞，根因更可能由制造阶段隐患累积触发。,0.6674,hydraulic
EVO_TEXT_HFB-02377,HFB-02377,fault_evolution_text,隐患先导致局部性能退化，随后传感器能量向关联通道集中，最终形成阀芯卡滞。,0.6674,hydraulic
RCA_TEXT_HFB-02378,HFB-02378,rca_text,结合传感器能量和检测记录，冷却器的温度异常与设计阶段高风险实体 HDES-00960 一致。,0.5826,hydraulic
EVO_TEXT_HFB-02378,HFB-02378,fault_evolution_text,隐患先导致局部性能退化，随后传感器能量向关联通道集中，最终形成温度异常。,0.5826,hydraulic
RCA_TEXT_HFB-02379,HFB-02379,rca_text,该案例表现为轻微阀芯卡滞，根因更可能由运维阶段隐患累积触发。,0.5744,hydraulic
EVO_TEXT_HFB-02379,HFB-02379,fault_evolution_text,隐患先导致局部性能退化，随后传感器能量向关联通道集中，最终形成阀芯卡滞。,0.5744,hydraulic
RCA_TEXT_HFB-02380,HFB-02380,rca_text,结合传感器能量和检测记录，冷却器的流量异常与检测阶段高风险实体 HINSP-02380 一致。,0.5378,hydraulic
EVO_TEXT_HFB-02380,HFB-02380,fault_evolution_text,早期异常较弱，运行载荷放大后出现指标漂移，并逐步演化为轻微故障。,0.5378,hydraulic
RCA_TEXT_HFB-02381,HFB-02381,rca_text,液压泵总成出现中度振动异常，生命周期风险集中在装配阶段，建议优先追溯 HASM-02381。,0.6283,hydraulic
EVO_TEXT_HFB-02381,HFB-02381,fault_evolution_text,隐患先导致局部性能退化，随后传感器能量向关联通道集中，最终形成振动异常。,0.6283,hydraulic
RCA_TEXT_HFB-02382,HFB-02382,rca_text,卸荷阀出现轻微温度异常，生命周期风险集中在运维阶段，建议优先追溯 HOPR-02382。,0.5406,hydraulic
EVO_TEXT_HFB-02382,HFB-02382,fault_evolution_text,运维阶段风险与运行工况耦合后引起状态劣化，检测指标随严重度同步升高。,0.5406,hydraulic
RCA_TEXT_HFB-02383,HFB-02383,rca_text,结合传感器能量和检测记录，液压泵总成的温度异常与制造阶段高风险实体 HMAN-00451 一致。,0.6506,hydraulic
EVO_TEXT_HFB-02383,HFB-02383,fault_evolution_text,制造阶段风险与运行工况耦合后引起状态劣化，检测指标随严重度同步升高。,0.6506,hydraulic
RCA_TEXT_HFB-02384,HFB-02384,rca_text,结合传感器能量和检测记录，冷却器的阀芯卡滞与运维阶段高风险实体 HOPR-02384 一致。,0.5653,hydraulic
EVO_TEXT_HFB-02384,HFB-02384,fault_evolution_text,早期异常较弱，运行载荷放大后出现指标漂移，并逐步演化为轻微故障。,0.5653,hydraulic
RCA_TEXT_HFB-02385,HFB-02385,rca_text,结合传感器能量和检测记录，单向阀的压力异常与检测阶段高风险实体 HINSP-02385 一致。,0.4988,hydraulic
EVO_TEXT_HFB-02385,HFB-02385,fault_evolution_text,隐患先导致局部性能退化，随后传感器能量向关联通道集中，最终形成压力异常。,0.4988,hydraulic
RCA_TEXT_HFB-02386,HFB-02386,rca_text,液压泵总成出现轻微温度异常，生命周期风险集中在运维阶段，建议优先追溯 HOPR-02386。,0.5857,hydraulic
EVO_TEXT_HFB-02386,HFB-02386,fault_evolution_text,早期异常较弱，运行载荷放大后出现指标漂移，并逐步演化为轻微故障。,0.5857,hydraulic
RCA_TEXT_HFB-02387,HFB-02387,rca_text,液压泵总成出现轻微温度异常，生命周期风险集中在检测阶段，建议优先追溯 HINSP-02387。,0.5933,hydraulic
EVO_TEXT_HFB-02387,HFB-02387,fault_evolution_text,早期异常较弱，运行载荷放大后出现指标漂移，并逐步演化为轻微故障。,0.5933,hydraulic
RCA_TEXT_HFB-02388,HFB-02388,rca_text,结合传感器能量和检测记录，蓄能器的流量异常与运维阶段高风险实体 HOPR-02388 一致。,0.6137,hydraulic
EVO_TEXT_HFB-02388,HFB-02388,fault_evolution_text,运维阶段风险与运行工况耦合后引起状态劣化，检测指标随严重度同步升高。,0.6137,hydraulic
RCA_TEXT_HFB-02389,HFB-02389,rca_text,液压泵总成出现中度压力异常，生命周期风险集中在运维阶段，建议优先追溯 HOPR-02389。,0.6362,hydraulic
EVO_TEXT_HFB-02389,HFB-02389,fault_evolution_text,隐患先导致局部性能退化，随后传感器能量向关联通道集中，最终形成压力异常。,0.6362,hydraulic
RCA_TEXT_HFB-02390,HFB-02390,rca_text,作动筒出现轻微压力异常，生命周期风险集中在运维阶段，建议优先追溯 HOPR-02390。,0.6203,hydraulic
EVO_TEXT_HFB-02390,HFB-02390,fault_evolution_text,隐患先导致局部性能退化，随后传感器能量向关联通道集中，最终形成压力异常。,0.6203,hydraulic
RCA_TEXT_HFB-02391,HFB-02391,rca_text,冷却器出现轻微流量异常，生命周期风险集中在运维阶段，建议优先追溯 HOPR-02391。,0.6112,hydraulic
EVO_TEXT_HFB-02391,HFB-02391,fault_evolution_text,隐患先导致局部性能退化，随后传感器能量向关联通道集中，最终形成流量异常。,0.6112,hydraulic
RCA_TEXT_HFB-02392,HFB-02392,rca_text,该案例表现为轻微振动异常，根因更可能由设计阶段隐患累积触发。,0.5154,hydraulic
EVO_TEXT_HFB-02392,HFB-02392,fault_evolution_text,隐患先导致局部性能退化，随后传感器能量向关联通道集中，最终形成振动异常。,0.5154,hydraulic
RCA_TEXT_HFB-02393,HFB-02393,rca_text,节流阀出现轻微振动异常，生命周期风险集中在材料阶段，建议优先追溯 HMAT-00325。,0.5561,hydraulic
EVO_TEXT_HFB-02393,HFB-02393,fault_evolution_text,早期异常较弱，运行载荷放大后出现指标漂移，并逐步演化为轻微故障。,0.5561,hydraulic
RCA_TEXT_HFB-02394,HFB-02394,rca_text,作动筒出现中度振动异常，生命周期风险集中在设计阶段，建议优先追溯 HDES-00063。,0.5976,hydraulic
EVO_TEXT_HFB-02394,HFB-02394,fault_evolution_text,设计阶段风险与运行工况耦合后引起状态劣化，检测指标随严重度同步升高。,0.5976,hydraulic
RCA_TEXT_HFB-02395,HFB-02395,rca_text,液压泵总成出现中度振动异常，生命周期风险集中在设计阶段，建议优先追溯 HDES-01113。,0.5759,hydraulic
EVO_TEXT_HFB-02395,HFB-02395,fault_evolution_text,设计阶段风险与运行工况耦合后引起状态劣化，检测指标随严重度同步升高。,0.5759,hydraulic
RCA_TEXT_HFB-02396,HFB-02396,rca_text,结合传感器能量和检测记录，节流阀的流量异常与材料阶段高风险实体 HMAT-00193 一致。,0.6052,hydraulic
EVO_TEXT_HFB-02396,HFB-02396,fault_evolution_text,早期异常较弱，运行载荷放大后出现指标漂移，并逐步演化为轻微故障。,0.6052,hydraulic
RCA_TEXT_HFB-02397,HFB-02397,rca_text,节流阀出现轻微泄漏异常，生命周期风险集中在制造阶段，建议优先追溯 HMAN-00304。,0.5522,hydraulic
EVO_TEXT_HFB-02397,HFB-02397,fault_evolution_text,隐患先导致局部性能退化，随后传感器能量向关联通道集中，最终形成泄漏异常。,0.5522,hydraulic
RCA_TEXT_HFB-02398,HFB-02398,rca_text,该案例表现为轻微压力异常，根因更可能由运维阶段隐患累积触发。,0.5636,hydraulic
EVO_TEXT_HFB-02398,HFB-02398,fault_evolution_text,隐患先导致局部性能退化，随后传感器能量向关联通道集中，最终形成压力异常。,0.5636,hydraulic
RCA_TEXT_HFB-02399,HFB-02399,rca_text,管路总成出现中度阀芯卡滞，生命周期风险集中在运维阶段，建议优先追溯 HOPR-02399。,0.6041,hydraulic
EVO_TEXT_HFB-02399,HFB-02399,fault_evolution_text,隐患先导致局部性能退化，随后传感器能量向关联通道集中，最终形成阀芯卡滞。,0.6041,hydraulic
RCA_TEXT_HFB-02400,HFB-02400,rca_text,作动筒出现轻微压力异常，生命周期风险集中在装配阶段，建议优先追溯 HASM-02400。,0.5806,hydraulic
EVO_TEXT_HFB-02400,HFB-02400,fault_evolution_text,装配阶段风险与运行工况耦合后引起状态劣化，检测指标随严重度同步升高。,0.5806,hydraulic
RCA_TEXT_HFB-02401,HFB-02401,rca_text,结合传感器能量和检测记录，方向控制阀的流量异常与制造阶段高风险实体 HMAN-00909 一致。,0.6182,hydraulic
EVO_TEXT_HFB-02401,HFB-02401,fault_evolution_text,隐患先导致局部性能退化，随后传感器能量向关联通道集中，最终形成流量异常。,0.6182,hydraulic
RCA_TEXT_HFB-02402,HFB-02402,rca_text,结合传感器能量和检测记录，作动筒的泄漏异常与运维阶段高风险实体 HOPR-02402 一致。,0.5977,hydraulic
EVO_TEXT_HFB-02402,HFB-02402,fault_evolution_text,隐患先导致局部性能退化，随后传感器能量向关联通道集中，最终形成泄漏异常。,0.5977,hydraulic
RCA_TEXT_HFB-02403,HFB-02403,rca_text,作动筒出现轻微阀芯卡滞，生命周期风险集中在运维阶段，建议优先追溯 HOPR-02403。,0.5458,hydraulic
EVO_TEXT_HFB-02403,HFB-02403,fault_evolution_text,早期异常较弱，运行载荷放大后出现指标漂移，并逐步演化为轻微故障。,0.5458,hydraulic
RCA_TEXT_HFB-02404,HFB-02404,rca_text,该案例表现为轻微阀芯卡滞，根因更可能由运维阶段隐患累积触发。,0.5596,hydraulic
EVO_TEXT_HFB-02404,HFB-02404,fault_evolution_text,运维阶段风险与运行工况耦合后引起状态劣化，检测指标随严重度同步升高。,0.5596,hydraulic
RCA_TEXT_HFB-02405,HFB-02405,rca_text,该案例表现为轻微振动异常，根因更可能由制造阶段隐患累积触发。,0.5519,hydraulic
EVO_TEXT_HFB-02405,HFB-02405,fault_evolution_text,隐患先导致局部性能退化，随后传感器能量向关联通道集中，最终形成振动异常。,0.5519,hydraulic
RCA_TEXT_HFB-02406,HFB-02406,rca_text,过滤器出现轻微温度异常，生命周期风险集中在运维阶段，建议优先追溯 HOPR-02406。,0.6409,hydraulic
EVO_TEXT_HFB-02406,HFB-02406,fault_evolution_text,早期异常较弱，运行载荷放大后出现指标漂移，并逐步演化为轻微故障。,0.6409,hydraulic
RCA_TEXT_HFB-02407,HFB-02407,rca_text,液压泵总成出现轻微温度异常，生命周期风险集中在运维阶段，建议优先追溯 HOPR-02407。,0.6183,hydraulic
EVO_TEXT_HFB-02407,HFB-02407,fault_evolution_text,运维阶段风险与运行工况耦合后引起状态劣化，检测指标随严重度同步升高。,0.6183,hydraulic
RCA_TEXT_HFB-02408,HFB-02408,rca_text,液压油箱出现中度流量异常，生命周期风险集中在制造阶段，建议优先追溯 HMAN-00285。,0.6336,hydraulic
EVO_TEXT_HFB-02408,HFB-02408,fault_evolution_text,制造阶段风险与运行工况耦合后引起状态劣化，检测指标随严重度同步升高。,0.6336,hydraulic
RCA_TEXT_HFB-02409,HFB-02409,rca_text,方向控制阀出现中度流量异常，生命周期风险集中在检测阶段，建议优先追溯 HINSP-02409。,0.6037,hydraulic
EVO_TEXT_HFB-02409,HFB-02409,fault_evolution_text,早期异常较弱，运行载荷放大后出现指标漂移，并逐步演化为中度故障。,0.6037,hydraulic
RCA_TEXT_HFB-02410,HFB-02410,rca_text,过滤器出现轻微泄漏异常，生命周期风险集中在设计阶段，建议优先追溯 HDES-00902。,0.5487,hydraulic
EVO_TEXT_HFB-02410,HFB-02410,fault_evolution_text,早期异常较弱，运行载荷放大后出现指标漂移，并逐步演化为轻微故障。,0.5487,hydraulic
RCA_TEXT_HFB-02411,HFB-02411,rca_text,管路总成出现中度压力异常，生命周期风险集中在装配阶段，建议优先追溯 HASM-02411。,0.6015,hydraulic
EVO_TEXT_HFB-02411,HFB-02411,fault_evolution_text,隐患先导致局部性能退化，随后传感器能量向关联通道集中，最终形成压力异常。,0.6015,hydraulic
RCA_TEXT_HFB-02412,HFB-02412,rca_text,蓄能器出现中度压力异常，生命周期风险集中在设计阶段，建议优先追溯 HDES-00620。,0.6382,hydraulic
EVO_TEXT_HFB-02412,HFB-02412,fault_evolution_text,设计阶段风险与运行工况耦合后引起状态劣化，检测指标随严重度同步升高。,0.6382,hydraulic
RCA_TEXT_HFB-02413,HFB-02413,rca_text,方向控制阀出现轻微阀芯卡滞，生命周期风险集中在材料阶段，建议优先追溯 HMAT-00196。,0.5973,hydraulic
EVO_TEXT_HFB-02413,HFB-02413,fault_evolution_text,隐患先导致局部性能退化，随后传感器能量向关联通道集中，最终形成阀芯卡滞。,0.5973,hydraulic
RCA_TEXT_HFB-02414,HFB-02414,rca_text,该案例表现为轻微振动异常，根因更可能由装配阶段隐患累积触发。,0.6467,hydraulic
EVO_TEXT_HFB-02414,HFB-02414,fault_evolution_text,隐患先导致局部性能退化，随后传感器能量向关联通道集中，最终形成振动异常。,0.6467,hydraulic
RCA_TEXT_HFB-02415,HFB-02415,rca_text,结合传感器能量和检测记录，冷却器的泄漏异常与运维阶段高风险实体 HOPR-02415 一致。,0.5138,hydraulic
EVO_TEXT_HFB-02415,HFB-02415,fault_evolution_text,运维阶段风险与运行工况耦合后引起状态劣化，检测指标随严重度同步升高。,0.5138,hydraulic
RCA_TEXT_HFB-02416,HFB-02416,rca_text,结合传感器能量和检测记录，作动筒的泄漏异常与材料阶段高风险实体 HMAT-00088 一致。,0.5932,hydraulic
EVO_TEXT_HFB-02416,HFB-02416,fault_evolution_text,材料阶段风险与运行工况耦合后引起状态劣化，检测指标随严重度同步升高。,0.5932,hydraulic
RCA_TEXT_HFB-02417,HFB-02417,rca_text,该案例表现为中度泄漏异常，根因更可能由运维阶段隐患累积触发。,0.5724,hydraulic
EVO_TEXT_HFB-02417,HFB-02417,fault_evolution_text,早期异常较弱，运行载荷放大后出现指标漂移，并逐步演化为中度故障。,0.5724,hydraulic
RCA_TEXT_HFB-02418,HFB-02418,rca_text,该案例表现为轻微阀芯卡滞，根因更可能由运维阶段隐患累积触发。,0.5521,hydraulic
EVO_TEXT_HFB-02418,HFB-02418,fault_evolution_text,早期异常较弱，运行载荷放大后出现指标漂移，并逐步演化为轻微故障。,0.5521,hydraulic
RCA_TEXT_HFB-02419,HFB-02419,rca_text,冷却器出现轻微温度异常，生命周期风险集中在设计阶段，建议优先追溯 HDES-00601。,0.5799,hydraulic
EVO_TEXT_HFB-02419,HFB-02419,fault_evolution_text,早期异常较弱，运行载荷放大后出现指标漂移，并逐步演化为轻微故障。,0.5799,hydraulic
RCA_TEXT_HFB-02420,HFB-02420,rca_text,结合传感器能量和检测记录，管路总成的振动异常与运维阶段高风险实体 HOPR-02420 一致。,0.5909,hydraulic
EVO_TEXT_HFB-02420,HFB-02420,fault_evolution_text,隐患先导致局部性能退化，随后传感器能量向关联通道集中，最终形成振动异常。,0.5909,hydraulic
RCA_TEXT_HFB-02421,HFB-02421,rca_text,结合传感器能量和检测记录，液压油箱的温度异常与装配阶段高风险实体 HASM-02421 一致。,0.5605,hydraulic
EVO_TEXT_HFB-02421,HFB-02421,fault_evolution_text,隐患先导致局部性能退化，随后传感器能量向关联通道集中，最终形成温度异常。,0.5605,hydraulic
RCA_TEXT_HFB-02422,HFB-02422,rca_text,该案例表现为轻微振动异常，根因更可能由制造阶段隐患累积触发。,0.568,hydraulic
EVO_TEXT_HFB-02422,HFB-02422,fault_evolution_text,隐患先导致局部性能退化，随后传感器能量向关联通道集中，最终形成振动异常。,0.568,hydraulic
RCA_TEXT_HFB-02423,HFB-02423,rca_text,该案例表现为轻微泄漏异常，根因更可能由制造阶段隐患累积触发。,0.6012,hydraulic
EVO_TEXT_HFB-02423,HFB-02423,fault_evolution_text,制造阶段风险与运行工况耦合后引起状态劣化，检测指标随严重度同步升高。,0.6012,hydraulic
RCA_TEXT_HFB-02424,HFB-02424,rca_text,该案例表现为中度压力异常，根因更可能由装配阶段隐患累积触发。,0.5935,hydraulic
EVO_TEXT_HFB-02424,HFB-02424,fault_evolution_text,装配阶段风险与运行工况耦合后引起状态劣化，检测指标随严重度同步升高。,0.5935,hydraulic
RCA_TEXT_HFB-02425,HFB-02425,rca_text,该案例表现为中度阀芯卡滞，根因更可能由装配阶段隐患累积触发。,0.5775,hydraulic
EVO_TEXT_HFB-02425,HFB-02425,fault_evolution_text,早期异常较弱，运行载荷放大后出现指标漂移，并逐步演化为中度故障。,0.5775,hydraulic
RCA_TEXT_HFB-02426,HFB-02426,rca_text,该案例表现为中度阀芯卡滞，根因更可能由运维阶段隐患累积触发。,0.6338,hydraulic
EVO_TEXT_HFB-02426,HFB-02426,fault_evolution_text,隐患先导致局部性能退化，随后传感器能量向关联通道集中，最终形成阀芯卡滞。,0.6338,hydraulic
RCA_TEXT_HFB-02427,HFB-02427,rca_text,结合传感器能量和检测记录，节流阀的阀芯卡滞与制造阶段高风险实体 HMAN-00624 一致。,0.6494,hydraulic
EVO_TEXT_HFB-02427,HFB-02427,fault_evolution_text,早期异常较弱，运行载荷放大后出现指标漂移，并逐步演化为中度故障。,0.6494,hydraulic
RCA_TEXT_HFB-02428,HFB-02428,rca_text,该案例表现为中度流量异常，根因更可能由制造阶段隐患累积触发。,0.6079,hydraulic
EVO_TEXT_HFB-02428,HFB-02428,fault_evolution_text,隐患先导致局部性能退化，随后传感器能量向关联通道集中，最终形成流量异常。,0.6079,hydraulic
RCA_TEXT_HFB-02429,HFB-02429,rca_text,溢流阀出现中度阀芯卡滞，生命周期风险集中在制造阶段，建议优先追溯 HMAN-00612。,0.6826,hydraulic
EVO_TEXT_HFB-02429,HFB-02429,fault_evolution_text,隐患先导致局部性能退化，随后传感器能量向关联通道集中，最终形成阀芯卡滞。,0.6826,hydraulic
RCA_TEXT_HFB-02430,HFB-02430,rca_text,单向阀出现轻微温度异常，生命周期风险集中在运维阶段，建议优先追溯 HOPR-02430。,0.61,hydraulic
EVO_TEXT_HFB-02430,HFB-02430,fault_evolution_text,早期异常较弱，运行载荷放大后出现指标漂移，并逐步演化为轻微故障。,0.61,hydraulic
RCA_TEXT_HFB-02431,HFB-02431,rca_text,液压泵总成出现轻微阀芯卡滞，生命周期风险集中在设计阶段，建议优先追溯 HDES-00753。,0.6605,hydraulic
EVO_TEXT_HFB-02431,HFB-02431,fault_evolution_text,隐患先导致局部性能退化，随后传感器能量向关联通道集中，最终形成阀芯卡滞。,0.6605,hydraulic
RCA_TEXT_HFB-02432,HFB-02432,rca_text,该案例表现为中度流量异常，根因更可能由运维阶段隐患累积触发。,0.6335,hydraulic
EVO_TEXT_HFB-02432,HFB-02432,fault_evolution_text,早期异常较弱，运行载荷放大后出现指标漂移，并逐步演化为中度故障。,0.6335,hydraulic
RCA_TEXT_HFB-02433,HFB-02433,rca_text,该案例表现为轻微阀芯卡滞，根因更可能由制造阶段隐患累积触发。,0.5744,hydraulic
EVO_TEXT_HFB-02433,HFB-02433,fault_evolution_text,隐患先导致局部性能退化，随后传感器能量向关联通道集中，最终形成阀芯卡滞。,0.5744,hydraulic
RCA_TEXT_HFB-02434,HFB-02434,rca_text,结合传感器能量和检测记录，单向阀的泄漏异常与装配阶段高风险实体 HASM-02434 一致。,0.6042,hydraulic
EVO_TEXT_HFB-02434,HFB-02434,fault_evolution_text,隐患先导致局部性能退化，随后传感器能量向关联通道集中，最终形成泄漏异常。,0.6042,hydraulic
RCA_TEXT_HFB-02435,HFB-02435,rca_text,该案例表现为轻微振动异常，根因更可能由运维阶段隐患累积触发。,0.5326,hydraulic
EVO_TEXT_HFB-02435,HFB-02435,fault_evolution_text,隐患先导致局部性能退化，随后传感器能量向关联通道集中，最终形成振动异常。,0.5326,hydraulic
RCA_TEXT_HFB-02436,HFB-02436,rca_text,结合传感器能量和检测记录，液压油箱的振动异常与材料阶段高风险实体 HMAT-00416 一致。,0.6798,hydraulic
EVO_TEXT_HFB-02436,HFB-02436,fault_evolution_text,隐患先导致局部性能退化，随后传感器能量向关联通道集中，最终形成振动异常。,0.6798,hydraulic
RCA_TEXT_HFB-02437,HFB-02437,rca_text,结合传感器能量和检测记录，过滤器的流量异常与制造阶段高风险实体 HMAN-00419 一致。,0.6302,hydraulic
EVO_TEXT_HFB-02437,HFB-02437,fault_evolution_text,制造阶段风险与运行工况耦合后引起状态劣化，检测指标随严重度同步升高。,0.6302,hydraulic
RCA_TEXT_HFB-02438,HFB-02438,rca_text,结合传感器能量和检测记录，节流阀的阀芯卡滞与制造阶段高风险实体 HMAN-00218 一致。,0.6205,hydraulic
EVO_TEXT_HFB-02438,HFB-02438,fault_evolution_text,隐患先导致局部性能退化，随后传感器能量向关联通道集中，最终形成阀芯卡滞。,0.6205,hydraulic
RCA_TEXT_HFB-02439,HFB-02439,rca_text,该案例表现为轻微阀芯卡滞，根因更可能由制造阶段隐患累积触发。,0.6187,hydraulic
EVO_TEXT_HFB-02439,HFB-02439,fault_evolution_text,隐患先导致局部性能退化，随后传感器能量向关联通道集中，最终形成阀芯卡滞。,0.6187,hydraulic
RCA_TEXT_HFB-02440,HFB-02440,rca_text,该案例表现为轻微振动异常，根因更可能由材料阶段隐患累积触发。,0.6328,hydraulic
EVO_TEXT_HFB-02440,HFB-02440,fault_evolution_text,隐患先导致局部性能退化，随后传感器能量向关联通道集中，最终形成振动异常。,0.6328,hydraulic
RCA_TEXT_HFB-02441,HFB-02441,rca_text,管路总成出现中度压力异常，生命周期风险集中在制造阶段，建议优先追溯 HMAN-01135。,0.612,hydraulic
EVO_TEXT_HFB-02441,HFB-02441,fault_evolution_text,制造阶段风险与运行工况耦合后引起状态劣化，检测指标随严重度同步升高。,0.612,hydraulic
RCA_TEXT_HFB-02442,HFB-02442,rca_text,结合传感器能量和检测记录，节流阀的泄漏异常与设计阶段高风险实体 HDES-00445 一致。,0.5514,hydraulic
EVO_TEXT_HFB-02442,HFB-02442,fault_evolution_text,隐患先导致局部性能退化，随后传感器能量向关联通道集中，最终形成泄漏异常。,0.5514,hydraulic
RCA_TEXT_HFB-02443,HFB-02443,rca_text,该案例表现为轻微压力异常，根因更可能由检测阶段隐患累积触发。,0.6098,hydraulic
EVO_TEXT_HFB-02443,HFB-02443,fault_evolution_text,检测阶段风险与运行工况耦合后引起状态劣化，检测指标随严重度同步升高。,0.6098,hydraulic
RCA_TEXT_HFB-02444,HFB-02444,rca_text,结合传感器能量和检测记录，过滤器的泄漏异常与设计阶段高风险实体 HDES-00474 一致。,0.495,hydraulic
EVO_TEXT_HFB-02444,HFB-02444,fault_evolution_text,早期异常较弱，运行载荷放大后出现指标漂移，并逐步演化为轻微故障。,0.495,hydraulic
RCA_TEXT_HFB-02445,HFB-02445,rca_text,方向控制阀出现轻微泄漏异常，生命周期风险集中在材料阶段，建议优先追溯 HMAT-00508。,0.604,hydraulic
EVO_TEXT_HFB-02445,HFB-02445,fault_evolution_text,隐患先导致局部性能退化，随后传感器能量向关联通道集中，最终形成泄漏异常。,0.604,hydraulic
RCA_TEXT_HFB-02446,HFB-02446,rca_text,该案例表现为中度压力异常，根因更可能由设计阶段隐患累积触发。,0.5803,hydraulic
EVO_TEXT_HFB-02446,HFB-02446,fault_evolution_text,早期异常较弱，运行载荷放大后出现指标漂移，并逐步演化为中度故障。,0.5803,hydraulic
RCA_TEXT_HFB-02447,HFB-02447,rca_text,方向控制阀出现中度温度异常，生命周期风险集中在运维阶段，建议优先追溯 HOPR-02447。,0.6198,hydraulic
EVO_TEXT_HFB-02447,HFB-02447,fault_evolution_text,早期异常较弱，运行载荷放大后出现指标漂移，并逐步演化为中度故障。,0.6198,hydraulic
RCA_TEXT_HFB-02448,HFB-02448,rca_text,结合传感器能量和检测记录，卸荷阀的压力异常与运维阶段高风险实体 HOPR-02448 一致。,0.5607,hydraulic
EVO_TEXT_HFB-02448,HFB-02448,fault_evolution_text,隐患先导致局部性能退化，随后传感器能量向关联通道集中，最终形成压力异常。,0.5607,hydraulic
RCA_TEXT_HFB-02449,HFB-02449,rca_text,该案例表现为中度流量异常，根因更可能由检测阶段隐患累积触发。,0.6436,hydraulic
EVO_TEXT_HFB-02449,HFB-02449,fault_evolution_text,检测阶段风险与运行工况耦合后引起状态劣化，检测指标随严重度同步升高。,0.6436,hydraulic
RCA_TEXT_HFB-02450,HFB-02450,rca_text,该案例表现为轻微压力异常，根因更可能由设计阶段隐患累积触发。,0.6066,hydraulic
EVO_TEXT_HFB-02450,HFB-02450,fault_evolution_text,设计阶段风险与运行工况耦合后引起状态劣化，检测指标随严重度同步升高。,0.6066,hydraulic
RCA_TEXT_HFB-02451,HFB-02451,rca_text,结合传感器能量和检测记录，液压油箱的压力异常与制造阶段高风险实体 HMAN-01051 一致。,0.5467,hydraulic
EVO_TEXT_HFB-02451,HFB-02451,fault_evolution_text,早期异常较弱，运行载荷放大后出现指标漂移，并逐步演化为轻微故障。,0.5467,hydraulic
RCA_TEXT_HFB-02452,HFB-02452,rca_text,该案例表现为中度泄漏异常，根因更可能由设计阶段隐患累积触发。,0.6245,hydraulic
EVO_TEXT_HFB-02452,HFB-02452,fault_evolution_text,早期异常较弱，运行载荷放大后出现指标漂移，并逐步演化为中度故障。,0.6245,hydraulic
RCA_TEXT_HFB-02453,HFB-02453,rca_text,作动筒出现轻微压力异常，生命周期风险集中在设计阶段，建议优先追溯 HDES-00296。,0.5355,hydraulic
EVO_TEXT_HFB-02453,HFB-02453,fault_evolution_text,隐患先导致局部性能退化，随后传感器能量向关联通道集中，最终形成压力异常。,0.5355,hydraulic
RCA_TEXT_HFB-02454,HFB-02454,rca_text,该案例表现为轻微泄漏异常，根因更可能由设计阶段隐患累积触发。,0.5921,hydraulic
EVO_TEXT_HFB-02454,HFB-02454,fault_evolution_text,设计阶段风险与运行工况耦合后引起状态劣化，检测指标随严重度同步升高。,0.5921,hydraulic
RCA_TEXT_HFB-02455,HFB-02455,rca_text,该案例表现为轻微阀芯卡滞，根因更可能由运维阶段隐患累积触发。,0.6383,hydraulic
EVO_TEXT_HFB-02455,HFB-02455,fault_evolution_text,隐患先导致局部性能退化，随后传感器能量向关联通道集中，最终形成阀芯卡滞。,0.6383,hydraulic
RCA_TEXT_HFB-02456,HFB-02456,rca_text,该案例表现为轻微温度异常，根因更可能由设计阶段隐患累积触发。,0.5765,hydraulic
EVO_TEXT_HFB-02456,HFB-02456,fault_evolution_text,隐患先导致局部性能退化，随后传感器能量向关联通道集中，最终形成温度异常。,0.5765,hydraulic
RCA_TEXT_HFB-02457,HFB-02457,rca_text,节流阀出现中度流量异常，生命周期风险集中在运维阶段，建议优先追溯 HOPR-02457。,0.6508,hydraulic
EVO_TEXT_HFB-02457,HFB-02457,fault_evolution_text,隐患先导致局部性能退化，随后传感器能量向关联通道集中，最终形成流量异常。,0.6508,hydraulic
RCA_TEXT_HFB-02458,HFB-02458,rca_text,管路总成出现轻微温度异常，生命周期风险集中在制造阶段，建议优先追溯 HMAN-00498。,0.5028,hydraulic
EVO_TEXT_HFB-02458,HFB-02458,fault_evolution_text,隐患先导致局部性能退化，随后传感器能量向关联通道集中，最终形成温度异常。,0.5028,hydraulic
RCA_TEXT_HFB-02459,HFB-02459,rca_text,结合传感器能量和检测记录，管路总成的泄漏异常与设计阶段高风险实体 HPIP-00431 一致。,0.5809,hydraulic
EVO_TEXT_HFB-02459,HFB-02459,fault_evolution_text,早期异常较弱，运行载荷放大后出现指标漂移，并逐步演化为中度故障。,0.5809,hydraulic
RCA_TEXT_HFB-02460,HFB-02460,rca_text,结合传感器能量和检测记录，单向阀的压力异常与制造阶段高风险实体 HMAN-01006 一致。,0.6304,hydraulic
EVO_TEXT_HFB-02460,HFB-02460,fault_evolution_text,隐患先导致局部性能退化，随后传感器能量向关联通道集中，最终形成压力异常。,0.6304,hydraulic
RCA_TEXT_HFB-02461,HFB-02461,rca_text,结合传感器能量和检测记录，液压油箱的振动异常与运维阶段高风险实体 HOPR-02461 一致。,0.5854,hydraulic
EVO_TEXT_HFB-02461,HFB-02461,fault_evolution_text,早期异常较弱，运行载荷放大后出现指标漂移，并逐步演化为轻微故障。,0.5854,hydraulic
RCA_TEXT_HFB-02462,HFB-02462,rca_text,液压泵总成出现中度振动异常，生命周期风险集中在制造阶段，建议优先追溯 HMAN-00803。,0.6053,hydraulic
EVO_TEXT_HFB-02462,HFB-02462,fault_evolution_text,隐患先导致局部性能退化，随后传感器能量向关联通道集中，最终形成振动异常。,0.6053,hydraulic
RCA_TEXT_HFB-02463,HFB-02463,rca_text,结合传感器能量和检测记录，蓄能器的压力异常与运维阶段高风险实体 HOPR-02463 一致。,0.6069,hydraulic
EVO_TEXT_HFB-02463,HFB-02463,fault_evolution_text,隐患先导致局部性能退化，随后传感器能量向关联通道集中，最终形成压力异常。,0.6069,hydraulic
RCA_TEXT_HFB-02464,HFB-02464,rca_text,该案例表现为轻微温度异常，根因更可能由运维阶段隐患累积触发。,0.5475,hydraulic
EVO_TEXT_HFB-02464,HFB-02464,fault_evolution_text,早期异常较弱，运行载荷放大后出现指标漂移，并逐步演化为轻微故障。,0.5475,hydraulic
RCA_TEXT_HFB-02465,HFB-02465,rca_text,该案例表现为中度泄漏异常，根因更可能由装配阶段隐患累积触发。,0.6045,hydraulic
EVO_TEXT_HFB-02465,HFB-02465,fault_evolution_text,装配阶段风险与运行工况耦合后引起状态劣化，检测指标随严重度同步升高。,0.6045,hydraulic
RCA_TEXT_HFB-02466,HFB-02466,rca_text,节流阀出现轻微泄漏异常，生命周期风险集中在材料阶段，建议优先追溯 HMAT-00256。,0.5837,hydraulic
EVO_TEXT_HFB-02466,HFB-02466,fault_evolution_text,隐患先导致局部性能退化，随后传感器能量向关联通道集中，最终形成泄漏异常。,0.5837,hydraulic
RCA_TEXT_HFB-02467,HFB-02467,rca_text,作动筒出现轻微压力异常，生命周期风险集中在运维阶段，建议优先追溯 HOPR-02467。,0.5816,hydraulic
EVO_TEXT_HFB-02467,HFB-02467,fault_evolution_text,早期异常较弱，运行载荷放大后出现指标漂移，并逐步演化为轻微故障。,0.5816,hydraulic
RCA_TEXT_HFB-02468,HFB-02468,rca_text,该案例表现为中度压力异常，根因更可能由运维阶段隐患累积触发。,0.6801,hydraulic
EVO_TEXT_HFB-02468,HFB-02468,fault_evolution_text,早期异常较弱，运行载荷放大后出现指标漂移，并逐步演化为中度故障。,0.6801,hydraulic
RCA_TEXT_HFB-02469,HFB-02469,rca_text,该案例表现为中度阀芯卡滞，根因更可能由装配阶段隐患累积触发。,0.6509,hydraulic
EVO_TEXT_HFB-02469,HFB-02469,fault_evolution_text,隐患先导致局部性能退化，随后传感器能量向关联通道集中，最终形成阀芯卡滞。,0.6509,hydraulic
RCA_TEXT_HFB-02470,HFB-02470,rca_text,管路总成出现中度流量异常，生命周期风险集中在运维阶段，建议优先追溯 HOPR-02470。,0.5919,hydraulic
EVO_TEXT_HFB-02470,HFB-02470,fault_evolution_text,运维阶段风险与运行工况耦合后引起状态劣化，检测指标随严重度同步升高。,0.5919,hydraulic
RCA_TEXT_HFB-02471,HFB-02471,rca_text,液压泵总成出现中度压力异常，生命周期风险集中在设计阶段，建议优先追溯 HDES-00313。,0.6119,hydraulic
EVO_TEXT_HFB-02471,HFB-02471,fault_evolution_text,设计阶段风险与运行工况耦合后引起状态劣化，检测指标随严重度同步升高。,0.6119,hydraulic
RCA_TEXT_HFB-02472,HFB-02472,rca_text,结合传感器能量和检测记录，液压油箱的温度异常与运维阶段高风险实体 HOPR-02472 一致。,0.619,hydraulic
EVO_TEXT_HFB-02472,HFB-02472,fault_evolution_text,隐患先导致局部性能退化，随后传感器能量向关联通道集中，最终形成温度异常。,0.619,hydraulic
RCA_TEXT_HFB-02473,HFB-02473,rca_text,该案例表现为中度泄漏异常，根因更可能由设计阶段隐患累积触发。,0.5914,hydraulic
EVO_TEXT_HFB-02473,HFB-02473,fault_evolution_text,设计阶段风险与运行工况耦合后引起状态劣化，检测指标随严重度同步升高。,0.5914,hydraulic
RCA_TEXT_HFB-02474,HFB-02474,rca_text,结合传感器能量和检测记录，液压泵总成的温度异常与运维阶段高风险实体 HOPR-02474 一致。,0.6011,hydraulic
EVO_TEXT_HFB-02474,HFB-02474,fault_evolution_text,早期异常较弱，运行载荷放大后出现指标漂移，并逐步演化为中度故障。,0.6011,hydraulic
RCA_TEXT_HFB-02475,HFB-02475,rca_text,单向阀出现轻微流量异常，生命周期风险集中在制造阶段，建议优先追溯 HMAN-00197。,0.602,hydraulic
EVO_TEXT_HFB-02475,HFB-02475,fault_evolution_text,隐患先导致局部性能退化，随后传感器能量向关联通道集中，最终形成流量异常。,0.602,hydraulic
RCA_TEXT_HFB-02476,HFB-02476,rca_text,该案例表现为轻微温度异常，根因更可能由设计阶段隐患累积触发。,0.5946,hydraulic
EVO_TEXT_HFB-02476,HFB-02476,fault_evolution_text,设计阶段风险与运行工况耦合后引起状态劣化，检测指标随严重度同步升高。,0.5946,hydraulic
RCA_TEXT_HFB-02477,HFB-02477,rca_text,结合传感器能量和检测记录，冷却器的阀芯卡滞与材料阶段高风险实体 HMAT-00469 一致。,0.5841,hydraulic
EVO_TEXT_HFB-02477,HFB-02477,fault_evolution_text,早期异常较弱，运行载荷放大后出现指标漂移，并逐步演化为轻微故障。,0.5841,hydraulic
RCA_TEXT_HFB-02478,HFB-02478,rca_text,方向控制阀出现轻微振动异常，生命周期风险集中在制造阶段，建议优先追溯 HMAN-00123。,0.5777,hydraulic
EVO_TEXT_HFB-02478,HFB-02478,fault_evolution_text,制造阶段风险与运行工况耦合后引起状态劣化，检测指标随严重度同步升高。,0.5777,hydraulic
RCA_TEXT_HFB-02479,HFB-02479,rca_text,方向控制阀出现轻微泄漏异常，生命周期风险集中在设计阶段，建议优先追溯 HDES-00936。,0.5502,hydraulic
EVO_TEXT_HFB-02479,HFB-02479,fault_evolution_text,隐患先导致局部性能退化，随后传感器能量向关联通道集中，最终形成泄漏异常。,0.5502,hydraulic
RCA_TEXT_HFB-02480,HFB-02480,rca_text,结合传感器能量和检测记录，过滤器的温度异常与运维阶段高风险实体 HOPR-02480 一致。,0.5668,hydraulic
EVO_TEXT_HFB-02480,HFB-02480,fault_evolution_text,运维阶段风险与运行工况耦合后引起状态劣化，检测指标随严重度同步升高。,0.5668,hydraulic
RCA_TEXT_HFB-02481,HFB-02481,rca_text,冷却器出现轻微泄漏异常，生命周期风险集中在制造阶段，建议优先追溯 HMAN-00658。,0.5747,hydraulic
EVO_TEXT_HFB-02481,HFB-02481,fault_evolution_text,早期异常较弱，运行载荷放大后出现指标漂移，并逐步演化为轻微故障。,0.5747,hydraulic
RCA_TEXT_HFB-02482,HFB-02482,rca_text,管路总成出现中度振动异常，生命周期风险集中在检测阶段，建议优先追溯 HINSP-02482。,0.6121,hydraulic
EVO_TEXT_HFB-02482,HFB-02482,fault_evolution_text,隐患先导致局部性能退化，随后传感器能量向关联通道集中，最终形成振动异常。,0.6121,hydraulic
RCA_TEXT_HFB-02483,HFB-02483,rca_text,卸荷阀出现中度阀芯卡滞，生命周期风险集中在装配阶段，建议优先追溯 HASM-02483。,0.6209,hydraulic
EVO_TEXT_HFB-02483,HFB-02483,fault_evolution_text,早期异常较弱，运行载荷放大后出现指标漂移，并逐步演化为中度故障。,0.6209,hydraulic
RCA_TEXT_HFB-02484,HFB-02484,rca_text,卸荷阀出现轻微阀芯卡滞，生命周期风险集中在制造阶段，建议优先追溯 HMAN-00627。,0.6055,hydraulic
EVO_TEXT_HFB-02484,HFB-02484,fault_evolution_text,隐患先导致局部性能退化，随后传感器能量向关联通道集中，最终形成阀芯卡滞。,0.6055,hydraulic
RCA_TEXT_HFB-02485,HFB-02485,rca_text,卸荷阀出现轻微流量异常，生命周期风险集中在制造阶段，建议优先追溯 HMAN-00207。,0.5592,hydraulic
EVO_TEXT_HFB-02485,HFB-02485,fault_evolution_text,隐患先导致局部性能退化，随后传感器能量向关联通道集中，最终形成流量异常。,0.5592,hydraulic
RCA_TEXT_HFB-02486,HFB-02486,rca_text,结合传感器能量和检测记录，液压油箱的流量异常与运维阶段高风险实体 HOPR-02486 一致。,0.5624,hydraulic
EVO_TEXT_HFB-02486,HFB-02486,fault_evolution_text,早期异常较弱，运行载荷放大后出现指标漂移，并逐步演化为轻微故障。,0.5624,hydraulic
RCA_TEXT_HFB-02487,HFB-02487,rca_text,该案例表现为轻微泄漏异常，根因更可能由材料阶段隐患累积触发。,0.6049,hydraulic
EVO_TEXT_HFB-02487,HFB-02487,fault_evolution_text,隐患先导致局部性能退化，随后传感器能量向关联通道集中，最终形成泄漏异常。,0.6049,hydraulic
RCA_TEXT_HFB-02488,HFB-02488,rca_text,该案例表现为轻微泄漏异常，根因更可能由制造阶段隐患累积触发。,0.5785,hydraulic
EVO_TEXT_HFB-02488,HFB-02488,fault_evolution_text,制造阶段风险与运行工况耦合后引起状态劣化，检测指标随严重度同步升高。,0.5785,hydraulic
RCA_TEXT_HFB-02489,HFB-02489,rca_text,该案例表现为轻微压力异常，根因更可能由运维阶段隐患累积触发。,0.5624,hydraulic
EVO_TEXT_HFB-02489,HFB-02489,fault_evolution_text,早期异常较弱，运行载荷放大后出现指标漂移，并逐步演化为轻微故障。,0.5624,hydraulic
RCA_TEXT_HFB-02490,HFB-02490,rca_text,该案例表现为轻微温度异常，根因更可能由运维阶段隐患累积触发。,0.6163,hydraulic
EVO_TEXT_HFB-02490,HFB-02490,fault_evolution_text,运维阶段风险与运行工况耦合后引起状态劣化，检测指标随严重度同步升高。,0.6163,hydraulic
RCA_TEXT_HFB-02491,HFB-02491,rca_text,结合传感器能量和检测记录，溢流阀的阀芯卡滞与制造阶段高风险实体 HMAN-00572 一致。,0.6241,hydraulic
EVO_TEXT_HFB-02491,HFB-02491,fault_evolution_text,隐患先导致局部性能退化，随后传感器能量向关联通道集中，最终形成阀芯卡滞。,0.6241,hydraulic
RCA_TEXT_HFB-02492,HFB-02492,rca_text,该案例表现为轻微阀芯卡滞，根因更可能由制造阶段隐患累积触发。,0.6301,hydraulic
EVO_TEXT_HFB-02492,HFB-02492,fault_evolution_text,早期异常较弱，运行载荷放大后出现指标漂移，并逐步演化为轻微故障。,0.6301,hydraulic
RCA_TEXT_HFB-02493,HFB-02493,rca_text,该案例表现为轻微泄漏异常，根因更可能由运维阶段隐患累积触发。,0.6444,hydraulic
EVO_TEXT_HFB-02493,HFB-02493,fault_evolution_text,隐患先导致局部性能退化，随后传感器能量向关联通道集中，最终形成泄漏异常。,0.6444,hydraulic
RCA_TEXT_HFB-02494,HFB-02494,rca_text,结合传感器能量和检测记录，溢流阀的阀芯卡滞与制造阶段高风险实体 HMAN-00468 一致。,0.6187,hydraulic
EVO_TEXT_HFB-02494,HFB-02494,fault_evolution_text,制造阶段风险与运行工况耦合后引起状态劣化，检测指标随严重度同步升高。,0.6187,hydraulic
RCA_TEXT_HFB-02495,HFB-02495,rca_text,结合传感器能量和检测记录，蓄能器的压力异常与制造阶段高风险实体 HMAN-00257 一致。,0.6453,hydraulic
EVO_TEXT_HFB-02495,HFB-02495,fault_evolution_text,隐患先导致局部性能退化，随后传感器能量向关联通道集中，最终形成压力异常。,0.6453,hydraulic
RCA_TEXT_HFB-02496,HFB-02496,rca_text,结合传感器能量和检测记录，冷却器的温度异常与制造阶段高风险实体 HMAN-00759 一致。,0.6384,hydraulic
EVO_TEXT_HFB-02496,HFB-02496,fault_evolution_text,制造阶段风险与运行工况耦合后引起状态劣化，检测指标随严重度同步升高。,0.6384,hydraulic
RCA_TEXT_HFB-02497,HFB-02497,rca_text,卸荷阀出现轻微泄漏异常，生命周期风险集中在装配阶段，建议优先追溯 HASM-02497。,0.6361,hydraulic
EVO_TEXT_HFB-02497,HFB-02497,fault_evolution_text,早期异常较弱，运行载荷放大后出现指标漂移，并逐步演化为轻微故障。,0.6361,hydraulic
RCA_TEXT_HFB-02498,HFB-02498,rca_text,蓄能器出现轻微泄漏异常，生命周期风险集中在装配阶段，建议优先追溯 HASM-02498。,0.5897,hydraulic
EVO_TEXT_HFB-02498,HFB-02498,fault_evolution_text,隐患先导致局部性能退化，随后传感器能量向关联通道集中，最终形成泄漏异常。,0.5897,hydraulic
RCA_TEXT_HFB-02499,HFB-02499,rca_text,液压泵总成出现轻微阀芯卡滞，生命周期风险集中在运维阶段，建议优先追溯 HOPR-02499。,0.5504,hydraulic
EVO_TEXT_HFB-02499,HFB-02499,fault_evolution_text,隐患先导致局部性能退化，随后传感器能量向关联通道集中，最终形成阀芯卡滞。,0.5504,hydraulic
RCA_TEXT_HFB-02500,HFB-02500,rca_text,结合传感器能量和检测记录，冷却器的压力异常与装配阶段高风险实体 HASM-02500 一致。,0.5731,hydraulic
EVO_TEXT_HFB-02500,HFB-02500,fault_evolution_text,装配阶段风险与运行工况耦合后引起状态劣化，检测指标随严重度同步升高。,0.5731,hydraulic
RCA_TEXT_HFB-02501,HFB-02501,rca_text,液压油箱出现中度流量异常，生命周期风险集中在材料阶段，建议优先追溯 HMAT-00049。,0.6501,hydraulic
EVO_TEXT_HFB-02501,HFB-02501,fault_evolution_text,材料阶段风险与运行工况耦合后引起状态劣化，检测指标随严重度同步升高。,0.6501,hydraulic
RCA_TEXT_HFB-02502,HFB-02502,rca_text,作动筒出现轻微泄漏异常，生命周期风险集中在设计阶段，建议优先追溯 HDES-00378。,0.6284,hydraulic
EVO_TEXT_HFB-02502,HFB-02502,fault_evolution_text,设计阶段风险与运行工况耦合后引起状态劣化，检测指标随严重度同步升高。,0.6284,hydraulic
RCA_TEXT_HFB-02503,HFB-02503,rca_text,该案例表现为中度温度异常，根因更可能由运维阶段隐患累积触发。,0.6629,hydraulic
EVO_TEXT_HFB-02503,HFB-02503,fault_evolution_text,早期异常较弱，运行载荷放大后出现指标漂移，并逐步演化为中度故障。,0.6629,hydraulic
RCA_TEXT_HFB-02504,HFB-02504,rca_text,该案例表现为中度泄漏异常，根因更可能由设计阶段隐患累积触发。,0.5956,hydraulic
EVO_TEXT_HFB-02504,HFB-02504,fault_evolution_text,设计阶段风险与运行工况耦合后引起状态劣化，检测指标随严重度同步升高。,0.5956,hydraulic
RCA_TEXT_HFB-02505,HFB-02505,rca_text,冷却器出现轻微振动异常，生命周期风险集中在材料阶段，建议优先追溯 HMAT-00277。,0.5739,hydraulic
EVO_TEXT_HFB-02505,HFB-02505,fault_evolution_text,材料阶段风险与运行工况耦合后引起状态劣化，检测指标随严重度同步升高。,0.5739,hydraulic
RCA_TEXT_HFB-02506,HFB-02506,rca_text,结合传感器能量和检测记录，液压油箱的振动异常与运维阶段高风险实体 HOPR-02506 一致。,0.5951,hydraulic
EVO_TEXT_HFB-02506,HFB-02506,fault_evolution_text,隐患先导致局部性能退化，随后传感器能量向关联通道集中，最终形成振动异常。,0.5951,hydraulic
RCA_TEXT_HFB-02507,HFB-02507,rca_text,结合传感器能量和检测记录，单向阀的阀芯卡滞与制造阶段高风险实体 HMAN-00098 一致。,0.6196,hydraulic
EVO_TEXT_HFB-02507,HFB-02507,fault_evolution_text,制造阶段风险与运行工况耦合后引起状态劣化，检测指标随严重度同步升高。,0.6196,hydraulic
RCA_TEXT_HFB-02508,HFB-02508,rca_text,该案例表现为轻微流量异常，根因更可能由材料阶段隐患累积触发。,0.61,hydraulic
EVO_TEXT_HFB-02508,HFB-02508,fault_evolution_text,材料阶段风险与运行工况耦合后引起状态劣化，检测指标随严重度同步升高。,0.61,hydraulic
RCA_TEXT_HFB-02509,HFB-02509,rca_text,该案例表现为中度压力异常，根因更可能由检测阶段隐患累积触发。,0.5192,hydraulic
EVO_TEXT_HFB-02509,HFB-02509,fault_evolution_text,早期异常较弱，运行载荷放大后出现指标漂移，并逐步演化为中度故障。,0.5192,hydraulic
RCA_TEXT_HFB-02510,HFB-02510,rca_text,结合传感器能量和检测记录，液压泵总成的振动异常与制造阶段高风险实体 HMAN-00706 一致。,0.6086,hydraulic
EVO_TEXT_HFB-02510,HFB-02510,fault_evolution_text,隐患先导致局部性能退化，随后传感器能量向关联通道集中，最终形成振动异常。,0.6086,hydraulic
RCA_TEXT_HFB-02511,HFB-02511,rca_text,该案例表现为中度振动异常，根因更可能由制造阶段隐患累积触发。,0.6103,hydraulic
EVO_TEXT_HFB-02511,HFB-02511,fault_evolution_text,早期异常较弱，运行载荷放大后出现指标漂移，并逐步演化为中度故障。,0.6103,hydraulic
RCA_TEXT_HFB-02512,HFB-02512,rca_text,该案例表现为轻微振动异常，根因更可能由制造阶段隐患累积触发。,0.5577,hydraulic
EVO_TEXT_HFB-02512,HFB-02512,fault_evolution_text,隐患先导致局部性能退化，随后传感器能量向关联通道集中，最终形成振动异常。,0.5577,hydraulic
RCA_TEXT_HFB-02513,HFB-02513,rca_text,蓄能器出现轻微阀芯卡滞，生命周期风险集中在运维阶段，建议优先追溯 HOPR-02513。,0.5866,hydraulic
EVO_TEXT_HFB-02513,HFB-02513,fault_evolution_text,运维阶段风险与运行工况耦合后引起状态劣化，检测指标随严重度同步升高。,0.5866,hydraulic
RCA_TEXT_HFB-02514,HFB-02514,rca_text,液压油箱出现轻微泄漏异常，生命周期风险集中在材料阶段，建议优先追溯 HMAT-00462。,0.5589,hydraulic
EVO_TEXT_HFB-02514,HFB-02514,fault_evolution_text,材料阶段风险与运行工况耦合后引起状态劣化，检测指标随严重度同步升高。,0.5589,hydraulic
RCA_TEXT_HFB-02515,HFB-02515,rca_text,结合传感器能量和检测记录，节流阀的流量异常与运维阶段高风险实体 HOPR-02515 一致。,0.5037,hydraulic
EVO_TEXT_HFB-02515,HFB-02515,fault_evolution_text,早期异常较弱，运行载荷放大后出现指标漂移，并逐步演化为中度故障。,0.5037,hydraulic
RCA_TEXT_HFB-02516,HFB-02516,rca_text,单向阀出现轻微振动异常，生命周期风险集中在检测阶段，建议优先追溯 HINSP-02516。,0.5956,hydraulic
EVO_TEXT_HFB-02516,HFB-02516,fault_evolution_text,早期异常较弱，运行载荷放大后出现指标漂移，并逐步演化为轻微故障。,0.5956,hydraulic
RCA_TEXT_HFB-02517,HFB-02517,rca_text,结合传感器能量和检测记录，管路总成的流量异常与运维阶段高风险实体 HOPR-02517 一致。,0.5906,hydraulic
EVO_TEXT_HFB-02517,HFB-02517,fault_evolution_text,早期异常较弱，运行载荷放大后出现指标漂移，并逐步演化为中度故障。,0.5906,hydraulic
RCA_TEXT_HFB-02518,HFB-02518,rca_text,过滤器出现中度振动异常，生命周期风险集中在运维阶段，建议优先追溯 HOPR-02518。,0.6232,hydraulic
EVO_TEXT_HFB-02518,HFB-02518,fault_evolution_text,早期异常较弱，运行载荷放大后出现指标漂移，并逐步演化为中度故障。,0.6232,hydraulic
RCA_TEXT_HFB-02519,HFB-02519,rca_text,方向控制阀出现轻微振动异常，生命周期风险集中在装配阶段，建议优先追溯 HASM-02519。,0.5935,hydraulic
EVO_TEXT_HFB-02519,HFB-02519,fault_evolution_text,早期异常较弱，运行载荷放大后出现指标漂移，并逐步演化为轻微故障。,0.5935,hydraulic
RCA_TEXT_HFB-02520,HFB-02520,rca_text,该案例表现为轻微泄漏异常，根因更可能由材料阶段隐患累积触发。,0.5579,hydraulic
EVO_TEXT_HFB-02520,HFB-02520,fault_evolution_text,材料阶段风险与运行工况耦合后引起状态劣化，检测指标随严重度同步升高。,0.5579,hydraulic
RCA_TEXT_HFB-02521,HFB-02521,rca_text,冷却器出现中度温度异常，生命周期风险集中在运维阶段，建议优先追溯 HOPR-02521。,0.668,hydraulic
EVO_TEXT_HFB-02521,HFB-02521,fault_evolution_text,隐患先导致局部性能退化，随后传感器能量向关联通道集中，最终形成温度异常。,0.668,hydraulic
RCA_TEXT_HFB-02522,HFB-02522,rca_text,该案例表现为中度泄漏异常，根因更可能由设计阶段隐患累积触发。,0.6399,hydraulic
EVO_TEXT_HFB-02522,HFB-02522,fault_evolution_text,早期异常较弱，运行载荷放大后出现指标漂移，并逐步演化为中度故障。,0.6399,hydraulic
RCA_TEXT_HFB-02523,HFB-02523,rca_text,该案例表现为轻微泄漏异常，根因更可能由材料阶段隐患累积触发。,0.5575,hydraulic
EVO_TEXT_HFB-02523,HFB-02523,fault_evolution_text,隐患先导致局部性能退化，随后传感器能量向关联通道集中，最终形成泄漏异常。,0.5575,hydraulic
RCA_TEXT_HFB-02524,HFB-02524,rca_text,结合传感器能量和检测记录，冷却器的泄漏异常与设计阶段高风险实体 HDES-00844 一致。,0.6521,hydraulic
EVO_TEXT_HFB-02524,HFB-02524,fault_evolution_text,设计阶段风险与运行工况耦合后引起状态劣化，检测指标随严重度同步升高。,0.6521,hydraulic
RCA_TEXT_HFB-02525,HFB-02525,rca_text,蓄能器出现轻微压力异常，生命周期风险集中在设计阶段，建议优先追溯 HDES-01124。,0.5861,hydraulic
EVO_TEXT_HFB-02525,HFB-02525,fault_evolution_text,设计阶段风险与运行工况耦合后引起状态劣化，检测指标随严重度同步升高。,0.5861,hydraulic
RCA_TEXT_HFB-02526,HFB-02526,rca_text,结合传感器能量和检测记录，作动筒的振动异常与运维阶段高风险实体 HOPR-02526 一致。,0.6374,hydraulic
EVO_TEXT_HFB-02526,HFB-02526,fault_evolution_text,运维阶段风险与运行工况耦合后引起状态劣化，检测指标随严重度同步升高。,0.6374,hydraulic
RCA_TEXT_HFB-02527,HFB-02527,rca_text,结合传感器能量和检测记录，卸荷阀的阀芯卡滞与运维阶段高风险实体 HOPR-02527 一致。,0.6183,hydraulic
EVO_TEXT_HFB-02527,HFB-02527,fault_evolution_text,隐患先导致局部性能退化，随后传感器能量向关联通道集中，最终形成阀芯卡滞。,0.6183,hydraulic
RCA_TEXT_HFB-02528,HFB-02528,rca_text,结合传感器能量和检测记录，作动筒的振动异常与运维阶段高风险实体 HOPR-02528 一致。,0.627,hydraulic
EVO_TEXT_HFB-02528,HFB-02528,fault_evolution_text,早期异常较弱，运行载荷放大后出现指标漂移，并逐步演化为中度故障。,0.627,hydraulic
RCA_TEXT_HFB-02529,HFB-02529,rca_text,该案例表现为轻微阀芯卡滞，根因更可能由运维阶段隐患累积触发。,0.6173,hydraulic
EVO_TEXT_HFB-02529,HFB-02529,fault_evolution_text,运维阶段风险与运行工况耦合后引起状态劣化，检测指标随严重度同步升高。,0.6173,hydraulic
RCA_TEXT_HFB-02530,HFB-02530,rca_text,结合传感器能量和检测记录，冷却器的泄漏异常与材料阶段高风险实体 HMAT-00285 一致。,0.5349,hydraulic
EVO_TEXT_HFB-02530,HFB-02530,fault_evolution_text,材料阶段风险与运行工况耦合后引起状态劣化，检测指标随严重度同步升高。,0.5349,hydraulic
RCA_TEXT_HFB-02531,HFB-02531,rca_text,过滤器出现轻微泄漏异常，生命周期风险集中在材料阶段，建议优先追溯 HMAT-00017。,0.6031,hydraulic
EVO_TEXT_HFB-02531,HFB-02531,fault_evolution_text,材料阶段风险与运行工况耦合后引起状态劣化，检测指标随严重度同步升高。,0.6031,hydraulic
RCA_TEXT_HFB-02532,HFB-02532,rca_text,该案例表现为中度流量异常，根因更可能由运维阶段隐患累积触发。,0.6552,hydraulic
EVO_TEXT_HFB-02532,HFB-02532,fault_evolution_text,隐患先导致局部性能退化，随后传感器能量向关联通道集中，最终形成流量异常。,0.6552,hydraulic
RCA_TEXT_HFB-02533,HFB-02533,rca_text,该案例表现为轻微阀芯卡滞，根因更可能由装配阶段隐患累积触发。,0.5815,hydraulic
EVO_TEXT_HFB-02533,HFB-02533,fault_evolution_text,早期异常较弱，运行载荷放大后出现指标漂移，并逐步演化为轻微故障。,0.5815,hydraulic
RCA_TEXT_HFB-02534,HFB-02534,rca_text,该案例表现为轻微温度异常，根因更可能由材料阶段隐患累积触发。,0.5991,hydraulic
EVO_TEXT_HFB-02534,HFB-02534,fault_evolution_text,隐患先导致局部性能退化，随后传感器能量向关联通道集中，最终形成温度异常。,0.5991,hydraulic
RCA_TEXT_HFB-02535,HFB-02535,rca_text,结合传感器能量和检测记录，液压油箱的流量异常与运维阶段高风险实体 HOPR-02535 一致。,0.5758,hydraulic
EVO_TEXT_HFB-02535,HFB-02535,fault_evolution_text,隐患先导致局部性能退化，随后传感器能量向关联通道集中，最终形成流量异常。,0.5758,hydraulic
RCA_TEXT_HFB-02536,HFB-02536,rca_text,该案例表现为中度泄漏异常，根因更可能由材料阶段隐患累积触发。,0.6625,hydraulic
EVO_TEXT_HFB-02536,HFB-02536,fault_evolution_text,材料阶段风险与运行工况耦合后引起状态劣化，检测指标随严重度同步升高。,0.6625,hydraulic
RCA_TEXT_HFB-02537,HFB-02537,rca_text,结合传感器能量和检测记录，节流阀的流量异常与运维阶段高风险实体 HOPR-02537 一致。,0.6172,hydraulic
EVO_TEXT_HFB-02537,HFB-02537,fault_evolution_text,早期异常较弱，运行载荷放大后出现指标漂移，并逐步演化为中度故障。,0.6172,hydraulic
RCA_TEXT_HFB-02538,HFB-02538,rca_text,结合传感器能量和检测记录，液压泵总成的压力异常与装配阶段高风险实体 HASM-02538 一致。,0.601,hydraulic
EVO_TEXT_HFB-02538,HFB-02538,fault_evolution_text,装配阶段风险与运行工况耦合后引起状态劣化，检测指标随严重度同步升高。,0.601,hydraulic
RCA_TEXT_HFB-02539,HFB-02539,rca_text,过滤器出现中度温度异常，生命周期风险集中在运维阶段，建议优先追溯 HOPR-02539。,0.606,hydraulic
EVO_TEXT_HFB-02539,HFB-02539,fault_evolution_text,隐患先导致局部性能退化，随后传感器能量向关联通道集中，最终形成温度异常。,0.606,hydraulic
RCA_TEXT_HFB-02540,HFB-02540,rca_text,作动筒出现轻微压力异常，生命周期风险集中在运维阶段，建议优先追溯 HOPR-02540。,0.5483,hydraulic
EVO_TEXT_HFB-02540,HFB-02540,fault_evolution_text,运维阶段风险与运行工况耦合后引起状态劣化，检测指标随严重度同步升高。,0.5483,hydraulic
RCA_TEXT_HFB-02541,HFB-02541,rca_text,方向控制阀出现轻微压力异常，生命周期风险集中在制造阶段，建议优先追溯 HMAN-00593。,0.6326,hydraulic
EVO_TEXT_HFB-02541,HFB-02541,fault_evolution_text,隐患先导致局部性能退化，随后传感器能量向关联通道集中，最终形成压力异常。,0.6326,hydraulic
RCA_TEXT_HFB-02542,HFB-02542,rca_text,该案例表现为中度振动异常，根因更可能由装配阶段隐患累积触发。,0.5907,hydraulic
EVO_TEXT_HFB-02542,HFB-02542,fault_evolution_text,早期异常较弱，运行载荷放大后出现指标漂移，并逐步演化为中度故障。,0.5907,hydraulic
RCA_TEXT_HFB-02543,HFB-02543,rca_text,溢流阀出现轻微温度异常，生命周期风险集中在运维阶段，建议优先追溯 HOPR-02543。,0.5324,hydraulic
EVO_TEXT_HFB-02543,HFB-02543,fault_evolution_text,早期异常较弱，运行载荷放大后出现指标漂移，并逐步演化为轻微故障。,0.5324,hydraulic
RCA_TEXT_HFB-02544,HFB-02544,rca_text,结合传感器能量和检测记录，过滤器的阀芯卡滞与制造阶段高风险实体 HMAN-01051 一致。,0.6285,hydraulic
EVO_TEXT_HFB-02544,HFB-02544,fault_evolution_text,早期异常较弱，运行载荷放大后出现指标漂移，并逐步演化为轻微故障。,0.6285,hydraulic
RCA_TEXT_HFB-02545,HFB-02545,rca_text,该案例表现为轻微温度异常，根因更可能由制造阶段隐患累积触发。,0.5714,hydraulic
EVO_TEXT_HFB-02545,HFB-02545,fault_evolution_text,早期异常较弱，运行载荷放大后出现指标漂移，并逐步演化为轻微故障。,0.5714,hydraulic
RCA_TEXT_HFB-02546,HFB-02546,rca_text,该案例表现为轻微振动异常，根因更可能由制造阶段隐患累积触发。,0.647,hydraulic
EVO_TEXT_HFB-02546,HFB-02546,fault_evolution_text,早期异常较弱，运行载荷放大后出现指标漂移，并逐步演化为轻微故障。,0.647,hydraulic
RCA_TEXT_HFB-02547,HFB-02547,rca_text,结合传感器能量和检测记录，液压泵总成的压力异常与运维阶段高风险实体 HOPR-02547 一致。,0.6187,hydraulic
EVO_TEXT_HFB-02547,HFB-02547,fault_evolution_text,早期异常较弱，运行载荷放大后出现指标漂移，并逐步演化为中度故障。,0.6187,hydraulic
RCA_TEXT_HFB-02548,HFB-02548,rca_text,结合传感器能量和检测记录，液压油箱的流量异常与装配阶段高风险实体 HASM-02548 一致。,0.6186,hydraulic
EVO_TEXT_HFB-02548,HFB-02548,fault_evolution_text,装配阶段风险与运行工况耦合后引起状态劣化，检测指标随严重度同步升高。,0.6186,hydraulic
RCA_TEXT_HFB-02549,HFB-02549,rca_text,结合传感器能量和检测记录，节流阀的压力异常与装配阶段高风险实体 HASM-02549 一致。,0.5988,hydraulic
EVO_TEXT_HFB-02549,HFB-02549,fault_evolution_text,隐患先导致局部性能退化，随后传感器能量向关联通道集中，最终形成压力异常。,0.5988,hydraulic
RCA_TEXT_HFB-02550,HFB-02550,rca_text,该案例表现为轻微振动异常，根因更可能由运维阶段隐患累积触发。,0.6128,hydraulic
EVO_TEXT_HFB-02550,HFB-02550,fault_evolution_text,隐患先导致局部性能退化，随后传感器能量向关联通道集中，最终形成振动异常。,0.6128,hydraulic
RCA_TEXT_HFB-02551,HFB-02551,rca_text,结合传感器能量和检测记录，液压泵总成的振动异常与制造阶段高风险实体 HMAN-00962 一致。,0.5818,hydraulic
EVO_TEXT_HFB-02551,HFB-02551,fault_evolution_text,制造阶段风险与运行工况耦合后引起状态劣化，检测指标随严重度同步升高。,0.5818,hydraulic
RCA_TEXT_HFB-02552,HFB-02552,rca_text,结合传感器能量和检测记录，液压泵总成的泄漏异常与制造阶段高风险实体 HMAN-01091 一致。,0.5787,hydraulic
EVO_TEXT_HFB-02552,HFB-02552,fault_evolution_text,制造阶段风险与运行工况耦合后引起状态劣化，检测指标随严重度同步升高。,0.5787,hydraulic
RCA_TEXT_HFB-02553,HFB-02553,rca_text,该案例表现为中度阀芯卡滞，根因更可能由装配阶段隐患累积触发。,0.5889,hydraulic
EVO_TEXT_HFB-02553,HFB-02553,fault_evolution_text,隐患先导致局部性能退化，随后传感器能量向关联通道集中，最终形成阀芯卡滞。,0.5889,hydraulic
RCA_TEXT_HFB-02554,HFB-02554,rca_text,结合传感器能量和检测记录，卸荷阀的压力异常与材料阶段高风险实体 HMAT-00159 一致。,0.5813,hydraulic
EVO_TEXT_HFB-02554,HFB-02554,fault_evolution_text,隐患先导致局部性能退化，随后传感器能量向关联通道集中，最终形成压力异常。,0.5813,hydraulic
RCA_TEXT_HFB-02555,HFB-02555,rca_text,该案例表现为轻微振动异常，根因更可能由装配阶段隐患累积触发。,0.6567,hydraulic
EVO_TEXT_HFB-02555,HFB-02555,fault_evolution_text,装配阶段风险与运行工况耦合后引起状态劣化，检测指标随严重度同步升高。,0.6567,hydraulic
RCA_TEXT_HFB-02556,HFB-02556,rca_text,该案例表现为中度压力异常，根因更可能由运维阶段隐患累积触发。,0.6727,hydraulic
EVO_TEXT_HFB-02556,HFB-02556,fault_evolution_text,运维阶段风险与运行工况耦合后引起状态劣化，检测指标随严重度同步升高。,0.6727,hydraulic
RCA_TEXT_HFB-02557,HFB-02557,rca_text,管路总成出现中度流量异常，生命周期风险集中在设计阶段，建议优先追溯 HPIP-00443。,0.5939,hydraulic
EVO_TEXT_HFB-02557,HFB-02557,fault_evolution_text,早期异常较弱，运行载荷放大后出现指标漂移，并逐步演化为中度故障。,0.5939,hydraulic
RCA_TEXT_HFB-02558,HFB-02558,rca_text,节流阀出现轻微振动异常，生命周期风险集中在运维阶段，建议优先追溯 HOPR-02558。,0.593,hydraulic
EVO_TEXT_HFB-02558,HFB-02558,fault_evolution_text,早期异常较弱，运行载荷放大后出现指标漂移，并逐步演化为轻微故障。,0.593,hydraulic
RCA_TEXT_HFB-02559,HFB-02559,rca_text,蓄能器出现中度压力异常，生命周期风险集中在运维阶段，建议优先追溯 HOPR-02559。,0.634,hydraulic
EVO_TEXT_HFB-02559,HFB-02559,fault_evolution_text,隐患先导致局部性能退化，随后传感器能量向关联通道集中，最终形成压力异常。,0.634,hydraulic
RCA_TEXT_HFB-02560,HFB-02560,rca_text,结合传感器能量和检测记录，卸荷阀的泄漏异常与设计阶段高风险实体 HDES-00342 一致。,0.564,hydraulic
EVO_TEXT_HFB-02560,HFB-02560,fault_evolution_text,设计阶段风险与运行工况耦合后引起状态劣化，检测指标随严重度同步升高。,0.564,hydraulic
RCA_TEXT_HFB-02561,HFB-02561,rca_text,该案例表现为中度流量异常，根因更可能由运维阶段隐患累积触发。,0.5899,hydraulic
EVO_TEXT_HFB-02561,HFB-02561,fault_evolution_text,运维阶段风险与运行工况耦合后引起状态劣化，检测指标随严重度同步升高。,0.5899,hydraulic
RCA_TEXT_HFB-02562,HFB-02562,rca_text,结合传感器能量和检测记录，蓄能器的压力异常与装配阶段高风险实体 HASM-02562 一致。,0.6836,hydraulic
EVO_TEXT_HFB-02562,HFB-02562,fault_evolution_text,装配阶段风险与运行工况耦合后引起状态劣化，检测指标随严重度同步升高。,0.6836,hydraulic
RCA_TEXT_HFB-02563,HFB-02563,rca_text,结合传感器能量和检测记录，作动筒的泄漏异常与运维阶段高风险实体 HOPR-02563 一致。,0.6597,hydraulic
EVO_TEXT_HFB-02563,HFB-02563,fault_evolution_text,运维阶段风险与运行工况耦合后引起状态劣化，检测指标随严重度同步升高。,0.6597,hydraulic
RCA_TEXT_HFB-02564,HFB-02564,rca_text,该案例表现为中度泄漏异常，根因更可能由设计阶段隐患累积触发。,0.578,hydraulic
EVO_TEXT_HFB-02564,HFB-02564,fault_evolution_text,早期异常较弱，运行载荷放大后出现指标漂移，并逐步演化为中度故障。,0.578,hydraulic
RCA_TEXT_HFB-02565,HFB-02565,rca_text,该案例表现为轻微泄漏异常，根因更可能由运维阶段隐患累积触发。,0.5523,hydraulic
EVO_TEXT_HFB-02565,HFB-02565,fault_evolution_text,隐患先导致局部性能退化，随后传感器能量向关联通道集中，最终形成泄漏异常。,0.5523,hydraulic
RCA_TEXT_HFB-02566,HFB-02566,rca_text,节流阀出现轻微泄漏异常，生命周期风险集中在材料阶段，建议优先追溯 HMAT-00489。,0.6296,hydraulic
EVO_TEXT_HFB-02566,HFB-02566,fault_evolution_text,隐患先导致局部性能退化，随后传感器能量向关联通道集中，最终形成泄漏异常。,0.6296,hydraulic
RCA_TEXT_HFB-02567,HFB-02567,rca_text,结合传感器能量和检测记录，方向控制阀的压力异常与设计阶段高风险实体 HDES-00239 一致。,0.5802,hydraulic
EVO_TEXT_HFB-02567,HFB-02567,fault_evolution_text,设计阶段风险与运行工况耦合后引起状态劣化，检测指标随严重度同步升高。,0.5802,hydraulic
RCA_TEXT_HFB-02568,HFB-02568,rca_text,液压泵总成出现轻微振动异常，生命周期风险集中在运维阶段，建议优先追溯 HOPR-02568。,0.6137,hydraulic
EVO_TEXT_HFB-02568,HFB-02568,fault_evolution_text,运维阶段风险与运行工况耦合后引起状态劣化，检测指标随严重度同步升高。,0.6137,hydraulic
RCA_TEXT_HFB-02569,HFB-02569,rca_text,蓄能器出现轻微阀芯卡滞，生命周期风险集中在制造阶段，建议优先追溯 HMAN-00209。,0.6042,hydraulic
EVO_TEXT_HFB-02569,HFB-02569,fault_evolution_text,隐患先导致局部性能退化，随后传感器能量向关联通道集中，最终形成阀芯卡滞。,0.6042,hydraulic
RCA_TEXT_HFB-02570,HFB-02570,rca_text,冷却器出现轻微温度异常，生命周期风险集中在运维阶段，建议优先追溯 HOPR-02570。,0.604,hydraulic
EVO_TEXT_HFB-02570,HFB-02570,fault_evolution_text,隐患先导致局部性能退化，随后传感器能量向关联通道集中，最终形成温度异常。,0.604,hydraulic
RCA_TEXT_HFB-02571,HFB-02571,rca_text,该案例表现为中度阀芯卡滞，根因更可能由运维阶段隐患累积触发。,0.6862,hydraulic
EVO_TEXT_HFB-02571,HFB-02571,fault_evolution_text,运维阶段风险与运行工况耦合后引起状态劣化，检测指标随严重度同步升高。,0.6862,hydraulic
RCA_TEXT_HFB-02572,HFB-02572,rca_text,节流阀出现轻微泄漏异常，生命周期风险集中在运维阶段，建议优先追溯 HOPR-02572。,0.5559,hydraulic
EVO_TEXT_HFB-02572,HFB-02572,fault_evolution_text,早期异常较弱，运行载荷放大后出现指标漂移，并逐步演化为轻微故障。,0.5559,hydraulic
RCA_TEXT_HFB-02573,HFB-02573,rca_text,结合传感器能量和检测记录，蓄能器的压力异常与装配阶段高风险实体 HASM-02573 一致。,0.6068,hydraulic
EVO_TEXT_HFB-02573,HFB-02573,fault_evolution_text,装配阶段风险与运行工况耦合后引起状态劣化，检测指标随严重度同步升高。,0.6068,hydraulic
RCA_TEXT_HFB-02574,HFB-02574,rca_text,结合传感器能量和检测记录，过滤器的阀芯卡滞与运维阶段高风险实体 HOPR-02574 一致。,0.596,hydraulic
EVO_TEXT_HFB-02574,HFB-02574,fault_evolution_text,隐患先导致局部性能退化，随后传感器能量向关联通道集中，最终形成阀芯卡滞。,0.596,hydraulic
RCA_TEXT_HFB-02575,HFB-02575,rca_text,单向阀出现轻微振动异常，生命周期风险集中在运维阶段，建议优先追溯 HOPR-02575。,0.5465,hydraulic
EVO_TEXT_HFB-02575,HFB-02575,fault_evolution_text,早期异常较弱，运行载荷放大后出现指标漂移，并逐步演化为轻微故障。,0.5465,hydraulic
RCA_TEXT_HFB-02576,HFB-02576,rca_text,管路总成出现轻微泄漏异常，生命周期风险集中在运维阶段，建议优先追溯 HOPR-02576。,0.5868,hydraulic
EVO_TEXT_HFB-02576,HFB-02576,fault_evolution_text,隐患先导致局部性能退化，随后传感器能量向关联通道集中，最终形成泄漏异常。,0.5868,hydraulic
RCA_TEXT_HFB-02577,HFB-02577,rca_text,该案例表现为中度压力异常，根因更可能由运维阶段隐患累积触发。,0.6227,hydraulic
EVO_TEXT_HFB-02577,HFB-02577,fault_evolution_text,运维阶段风险与运行工况耦合后引起状态劣化，检测指标随严重度同步升高。,0.6227,hydraulic
RCA_TEXT_HFB-02578,HFB-02578,rca_text,管路总成出现中度振动异常，生命周期风险集中在制造阶段，建议优先追溯 HMAN-00193。,0.6061,hydraulic
EVO_TEXT_HFB-02578,HFB-02578,fault_evolution_text,早期异常较弱，运行载荷放大后出现指标漂移，并逐步演化为中度故障。,0.6061,hydraulic
RCA_TEXT_HFB-02579,HFB-02579,rca_text,该案例表现为轻微泄漏异常，根因更可能由装配阶段隐患累积触发。,0.5459,hydraulic
EVO_TEXT_HFB-02579,HFB-02579,fault_evolution_text,装配阶段风险与运行工况耦合后引起状态劣化，检测指标随严重度同步升高。,0.5459,hydraulic
RCA_TEXT_HFB-02580,HFB-02580,rca_text,结合传感器能量和检测记录，单向阀的泄漏异常与装配阶段高风险实体 HASM-02580 一致。,0.6463,hydraulic
EVO_TEXT_HFB-02580,HFB-02580,fault_evolution_text,装配阶段风险与运行工况耦合后引起状态劣化，检测指标随严重度同步升高。,0.6463,hydraulic
RCA_TEXT_HFB-02581,HFB-02581,rca_text,卸荷阀出现轻微流量异常，生命周期风险集中在设计阶段，建议优先追溯 HDES-00664。,0.5695,hydraulic
EVO_TEXT_HFB-02581,HFB-02581,fault_evolution_text,隐患先导致局部性能退化，随后传感器能量向关联通道集中，最终形成流量异常。,0.5695,hydraulic
RCA_TEXT_HFB-02582,HFB-02582,rca_text,管路总成出现中度泄漏异常，生命周期风险集中在设计阶段，建议优先追溯 HPIP-00449。,0.6772,hydraulic
EVO_TEXT_HFB-02582,HFB-02582,fault_evolution_text,早期异常较弱，运行载荷放大后出现指标漂移，并逐步演化为中度故障。,0.6772,hydraulic
RCA_TEXT_HFB-02583,HFB-02583,rca_text,该案例表现为中度振动异常，根因更可能由装配阶段隐患累积触发。,0.6353,hydraulic
EVO_TEXT_HFB-02583,HFB-02583,fault_evolution_text,装配阶段风险与运行工况耦合后引起状态劣化，检测指标随严重度同步升高。,0.6353,hydraulic
RCA_TEXT_HFB-02584,HFB-02584,rca_text,结合传感器能量和检测记录，方向控制阀的流量异常与运维阶段高风险实体 HOPR-02584 一致。,0.5407,hydraulic
EVO_TEXT_HFB-02584,HFB-02584,fault_evolution_text,早期异常较弱，运行载荷放大后出现指标漂移，并逐步演化为中度故障。,0.5407,hydraulic
RCA_TEXT_HFB-02585,HFB-02585,rca_text,该案例表现为中度压力异常，根因更可能由材料阶段隐患累积触发。,0.6126,hydraulic
EVO_TEXT_HFB-02585,HFB-02585,fault_evolution_text,早期异常较弱，运行载荷放大后出现指标漂移，并逐步演化为中度故障。,0.6126,hydraulic
RCA_TEXT_HFB-02586,HFB-02586,rca_text,管路总成出现中度泄漏异常，生命周期风险集中在运维阶段，建议优先追溯 HOPR-02586。,0.6143,hydraulic
EVO_TEXT_HFB-02586,HFB-02586,fault_evolution_text,早期异常较弱，运行载荷放大后出现指标漂移，并逐步演化为中度故障。,0.6143,hydraulic
RCA_TEXT_HFB-02587,HFB-02587,rca_text,该案例表现为中度压力异常，根因更可能由设计阶段隐患累积触发。,0.6298,hydraulic
EVO_TEXT_HFB-02587,HFB-02587,fault_evolution_text,隐患先导致局部性能退化，随后传感器能量向关联通道集中，最终形成压力异常。,0.6298,hydraulic
RCA_TEXT_HFB-02588,HFB-02588,rca_text,该案例表现为轻微振动异常，根因更可能由运维阶段隐患累积触发。,0.6524,hydraulic
EVO_TEXT_HFB-02588,HFB-02588,fault_evolution_text,早期异常较弱，运行载荷放大后出现指标漂移，并逐步演化为轻微故障。,0.6524,hydraulic
RCA_TEXT_HFB-02589,HFB-02589,rca_text,单向阀出现轻微泄漏异常，生命周期风险集中在制造阶段，建议优先追溯 HMAN-00054。,0.6639,hydraulic
EVO_TEXT_HFB-02589,HFB-02589,fault_evolution_text,隐患先导致局部性能退化，随后传感器能量向关联通道集中，最终形成泄漏异常。,0.6639,hydraulic
RCA_TEXT_HFB-02590,HFB-02590,rca_text,单向阀出现轻微振动异常，生命周期风险集中在材料阶段，建议优先追溯 HMAT-00189。,0.625,hydraulic
EVO_TEXT_HFB-02590,HFB-02590,fault_evolution_text,早期异常较弱，运行载荷放大后出现指标漂移，并逐步演化为轻微故障。,0.625,hydraulic
RCA_TEXT_HFB-02591,HFB-02591,rca_text,冷却器出现轻微泄漏异常，生命周期风险集中在材料阶段，建议优先追溯 HMAT-00059。,0.5772,hydraulic
EVO_TEXT_HFB-02591,HFB-02591,fault_evolution_text,早期异常较弱，运行载荷放大后出现指标漂移，并逐步演化为轻微故障。,0.5772,hydraulic
RCA_TEXT_HFB-02592,HFB-02592,rca_text,结合传感器能量和检测记录，过滤器的温度异常与制造阶段高风险实体 HMAN-00822 一致。,0.6355,hydraulic
EVO_TEXT_HFB-02592,HFB-02592,fault_evolution_text,隐患先导致局部性能退化，随后传感器能量向关联通道集中，最终形成温度异常。,0.6355,hydraulic
RCA_TEXT_HFB-02593,HFB-02593,rca_text,该案例表现为轻微温度异常，根因更可能由运维阶段隐患累积触发。,0.5679,hydraulic
EVO_TEXT_HFB-02593,HFB-02593,fault_evolution_text,运维阶段风险与运行工况耦合后引起状态劣化，检测指标随严重度同步升高。,0.5679,hydraulic
RCA_TEXT_HFB-02594,HFB-02594,rca_text,过滤器出现中度流量异常，生命周期风险集中在运维阶段，建议优先追溯 HOPR-02594。,0.6134,hydraulic
EVO_TEXT_HFB-02594,HFB-02594,fault_evolution_text,隐患先导致局部性能退化，随后传感器能量向关联通道集中，最终形成流量异常。,0.6134,hydraulic
RCA_TEXT_HFB-02595,HFB-02595,rca_text,结合传感器能量和检测记录，蓄能器的压力异常与检测阶段高风险实体 HINSP-02595 一致。,0.6514,hydraulic
EVO_TEXT_HFB-02595,HFB-02595,fault_evolution_text,早期异常较弱，运行载荷放大后出现指标漂移，并逐步演化为轻微故障。,0.6514,hydraulic
RCA_TEXT_HFB-02596,HFB-02596,rca_text,结合传感器能量和检测记录，溢流阀的阀芯卡滞与装配阶段高风险实体 HASM-02596 一致。,0.6426,hydraulic
EVO_TEXT_HFB-02596,HFB-02596,fault_evolution_text,装配阶段风险与运行工况耦合后引起状态劣化，检测指标随严重度同步升高。,0.6426,hydraulic
RCA_TEXT_HFB-02597,HFB-02597,rca_text,该案例表现为轻微阀芯卡滞，根因更可能由材料阶段隐患累积触发。,0.5061,hydraulic
EVO_TEXT_HFB-02597,HFB-02597,fault_evolution_text,隐患先导致局部性能退化，随后传感器能量向关联通道集中，最终形成阀芯卡滞。,0.5061,hydraulic
RCA_TEXT_HFB-02598,HFB-02598,rca_text,该案例表现为中度流量异常，根因更可能由运维阶段隐患累积触发。,0.6155,hydraulic
EVO_TEXT_HFB-02598,HFB-02598,fault_evolution_text,运维阶段风险与运行工况耦合后引起状态劣化，检测指标随严重度同步升高。,0.6155,hydraulic
RCA_TEXT_HFB-02599,HFB-02599,rca_text,过滤器出现中度流量异常，生命周期风险集中在制造阶段，建议优先追溯 HMAN-00777。,0.6435,hydraulic
EVO_TEXT_HFB-02599,HFB-02599,fault_evolution_text,隐患先导致局部性能退化，随后传感器能量向关联通道集中，最终形成流量异常。,0.6435,hydraulic
RCA_TEXT_HFB-02600,HFB-02600,rca_text,液压油箱出现轻微阀芯卡滞，生命周期风险集中在制造阶段，建议优先追溯 HMAN-00971。,0.5522,hydraulic
EVO_TEXT_HFB-02600,HFB-02600,fault_evolution_text,早期异常较弱，运行载荷放大后出现指标漂移，并逐步演化为轻微故障。,0.5522,hydraulic
RCA_TEXT_HFB-02601,HFB-02601,rca_text,该案例表现为中度振动异常，根因更可能由运维阶段隐患累积触发。,0.6598,hydraulic
EVO_TEXT_HFB-02601,HFB-02601,fault_evolution_text,隐患先导致局部性能退化，随后传感器能量向关联通道集中，最终形成振动异常。,0.6598,hydraulic
RCA_TEXT_HFB-02602,HFB-02602,rca_text,该案例表现为轻微温度异常，根因更可能由材料阶段隐患累积触发。,0.5335,hydraulic
EVO_TEXT_HFB-02602,HFB-02602,fault_evolution_text,材料阶段风险与运行工况耦合后引起状态劣化，检测指标随严重度同步升高。,0.5335,hydraulic
RCA_TEXT_HFB-02603,HFB-02603,rca_text,该案例表现为中度流量异常，根因更可能由运维阶段隐患累积触发。,0.6121,hydraulic
EVO_TEXT_HFB-02603,HFB-02603,fault_evolution_text,早期异常较弱，运行载荷放大后出现指标漂移，并逐步演化为中度故障。,0.6121,hydraulic
RCA_TEXT_HFB-02604,HFB-02604,rca_text,溢流阀出现中度压力异常，生命周期风险集中在材料阶段，建议优先追溯 HMAT-00556。,0.6031,hydraulic
EVO_TEXT_HFB-02604,HFB-02604,fault_evolution_text,早期异常较弱，运行载荷放大后出现指标漂移，并逐步演化为中度故障。,0.6031,hydraulic
RCA_TEXT_HFB-02605,HFB-02605,rca_text,结合传感器能量和检测记录，卸荷阀的泄漏异常与制造阶段高风险实体 HMAN-00997 一致。,0.6117,hydraulic
EVO_TEXT_HFB-02605,HFB-02605,fault_evolution_text,隐患先导致局部性能退化，随后传感器能量向关联通道集中，最终形成泄漏异常。,0.6117,hydraulic
RCA_TEXT_HFB-02606,HFB-02606,rca_text,该案例表现为中度流量异常，根因更可能由设计阶段隐患累积触发。,0.5964,hydraulic
EVO_TEXT_HFB-02606,HFB-02606,fault_evolution_text,隐患先导致局部性能退化，随后传感器能量向关联通道集中，最终形成流量异常。,0.5964,hydraulic
RCA_TEXT_HFB-02607,HFB-02607,rca_text,管路总成出现中度泄漏异常，生命周期风险集中在装配阶段，建议优先追溯 HASM-02607。,0.6535,hydraulic
EVO_TEXT_HFB-02607,HFB-02607,fault_evolution_text,装配阶段风险与运行工况耦合后引起状态劣化，检测指标随严重度同步升高。,0.6535,hydraulic
RCA_TEXT_HFB-02608,HFB-02608,rca_text,该案例表现为中度泄漏异常，根因更可能由设计阶段隐患累积触发。,0.6363,hydraulic
EVO_TEXT_HFB-02608,HFB-02608,fault_evolution_text,隐患先导致局部性能退化，随后传感器能量向关联通道集中，最终形成泄漏异常。,0.6363,hydraulic
RCA_TEXT_HFB-02609,HFB-02609,rca_text,节流阀出现中度阀芯卡滞，生命周期风险集中在装配阶段，建议优先追溯 HASM-02609。,0.6727,hydraulic
EVO_TEXT_HFB-02609,HFB-02609,fault_evolution_text,装配阶段风险与运行工况耦合后引起状态劣化，检测指标随严重度同步升高。,0.6727,hydraulic
RCA_TEXT_HFB-02610,HFB-02610,rca_text,溢流阀出现轻微温度异常，生命周期风险集中在材料阶段，建议优先追溯 HMAT-00364。,0.5884,hydraulic
EVO_TEXT_HFB-02610,HFB-02610,fault_evolution_text,材料阶段风险与运行工况耦合后引起状态劣化，检测指标随严重度同步升高。,0.5884,hydraulic
RCA_TEXT_HFB-02611,HFB-02611,rca_text,过滤器出现中度流量异常，生命周期风险集中在运维阶段，建议优先追溯 HOPR-02611。,0.6466,hydraulic
EVO_TEXT_HFB-02611,HFB-02611,fault_evolution_text,运维阶段风险与运行工况耦合后引起状态劣化，检测指标随严重度同步升高。,0.6466,hydraulic
RCA_TEXT_HFB-02612,HFB-02612,rca_text,该案例表现为中度振动异常，根因更可能由运维阶段隐患累积触发。,0.6579,hydraulic
EVO_TEXT_HFB-02612,HFB-02612,fault_evolution_text,隐患先导致局部性能退化，随后传感器能量向关联通道集中，最终形成振动异常。,0.6579,hydraulic
RCA_TEXT_HFB-02613,HFB-02613,rca_text,该案例表现为中度压力异常，根因更可能由设计阶段隐患累积触发。,0.6247,hydraulic
EVO_TEXT_HFB-02613,HFB-02613,fault_evolution_text,早期异常较弱，运行载荷放大后出现指标漂移，并逐步演化为中度故障。,0.6247,hydraulic
RCA_TEXT_HFB-02614,HFB-02614,rca_text,结合传感器能量和检测记录，节流阀的流量异常与运维阶段高风险实体 HOPR-02614 一致。,0.5648,hydraulic
EVO_TEXT_HFB-02614,HFB-02614,fault_evolution_text,早期异常较弱，运行载荷放大后出现指标漂移，并逐步演化为轻微故障。,0.5648,hydraulic
RCA_TEXT_HFB-02615,HFB-02615,rca_text,结合传感器能量和检测记录，作动筒的温度异常与装配阶段高风险实体 HASM-02615 一致。,0.5439,hydraulic
EVO_TEXT_HFB-02615,HFB-02615,fault_evolution_text,隐患先导致局部性能退化，随后传感器能量向关联通道集中，最终形成温度异常。,0.5439,hydraulic
RCA_TEXT_HFB-02616,HFB-02616,rca_text,该案例表现为中度阀芯卡滞，根因更可能由装配阶段隐患累积触发。,0.6413,hydraulic
EVO_TEXT_HFB-02616,HFB-02616,fault_evolution_text,隐患先导致局部性能退化，随后传感器能量向关联通道集中，最终形成阀芯卡滞。,0.6413,hydraulic
RCA_TEXT_HFB-02617,HFB-02617,rca_text,结合传感器能量和检测记录，卸荷阀的温度异常与运维阶段高风险实体 HOPR-02617 一致。,0.4974,hydraulic
EVO_TEXT_HFB-02617,HFB-02617,fault_evolution_text,隐患先导致局部性能退化，随后传感器能量向关联通道集中，最终形成温度异常。,0.4974,hydraulic
RCA_TEXT_HFB-02618,HFB-02618,rca_text,溢流阀出现轻微泄漏异常，生命周期风险集中在运维阶段，建议优先追溯 HOPR-02618。,0.597,hydraulic
EVO_TEXT_HFB-02618,HFB-02618,fault_evolution_text,运维阶段风险与运行工况耦合后引起状态劣化，检测指标随严重度同步升高。,0.597,hydraulic
RCA_TEXT_HFB-02619,HFB-02619,rca_text,该案例表现为轻微温度异常，根因更可能由制造阶段隐患累积触发。,0.6182,hydraulic
EVO_TEXT_HFB-02619,HFB-02619,fault_evolution_text,早期异常较弱，运行载荷放大后出现指标漂移，并逐步演化为轻微故障。,0.6182,hydraulic
RCA_TEXT_HFB-02620,HFB-02620,rca_text,蓄能器出现轻微压力异常，生命周期风险集中在检测阶段，建议优先追溯 HINSP-02620。,0.6252,hydraulic
EVO_TEXT_HFB-02620,HFB-02620,fault_evolution_text,检测阶段风险与运行工况耦合后引起状态劣化，检测指标随严重度同步升高。,0.6252,hydraulic
RCA_TEXT_HFB-02621,HFB-02621,rca_text,结合传感器能量和检测记录，冷却器的温度异常与检测阶段高风险实体 HINSP-02621 一致。,0.5461,hydraulic
EVO_TEXT_HFB-02621,HFB-02621,fault_evolution_text,检测阶段风险与运行工况耦合后引起状态劣化，检测指标随严重度同步升高。,0.5461,hydraulic
RCA_TEXT_HFB-02622,HFB-02622,rca_text,该案例表现为中度流量异常，根因更可能由运维阶段隐患累积触发。,0.5741,hydraulic
EVO_TEXT_HFB-02622,HFB-02622,fault_evolution_text,早期异常较弱，运行载荷放大后出现指标漂移，并逐步演化为中度故障。,0.5741,hydraulic
RCA_TEXT_HFB-02623,HFB-02623,rca_text,该案例表现为中度阀芯卡滞，根因更可能由材料阶段隐患累积触发。,0.6669,hydraulic
EVO_TEXT_HFB-02623,HFB-02623,fault_evolution_text,早期异常较弱，运行载荷放大后出现指标漂移，并逐步演化为中度故障。,0.6669,hydraulic
RCA_TEXT_HFB-02624,HFB-02624,rca_text,结合传感器能量和检测记录，方向控制阀的流量异常与设计阶段高风险实体 HDES-00736 一致。,0.6229,hydraulic
EVO_TEXT_HFB-02624,HFB-02624,fault_evolution_text,设计阶段风险与运行工况耦合后引起状态劣化，检测指标随严重度同步升高。,0.6229,hydraulic
RCA_TEXT_HFB-02625,HFB-02625,rca_text,管路总成出现轻微阀芯卡滞，生命周期风险集中在检测阶段，建议优先追溯 HINSP-02625。,0.559,hydraulic
EVO_TEXT_HFB-02625,HFB-02625,fault_evolution_text,隐患先导致局部性能退化，随后传感器能量向关联通道集中，最终形成阀芯卡滞。,0.559,hydraulic
RCA_TEXT_HFB-02626,HFB-02626,rca_text,节流阀出现轻微压力异常，生命周期风险集中在制造阶段，建议优先追溯 HMAN-00031。,0.5827,hydraulic
EVO_TEXT_HFB-02626,HFB-02626,fault_evolution_text,早期异常较弱，运行载荷放大后出现指标漂移，并逐步演化为轻微故障。,0.5827,hydraulic
RCA_TEXT_HFB-02627,HFB-02627,rca_text,液压泵总成出现轻微压力异常，生命周期风险集中在装配阶段，建议优先追溯 HASM-02627。,0.5528,hydraulic
EVO_TEXT_HFB-02627,HFB-02627,fault_evolution_text,隐患先导致局部性能退化，随后传感器能量向关联通道集中，最终形成压力异常。,0.5528,hydraulic
RCA_TEXT_HFB-02628,HFB-02628,rca_text,节流阀出现轻微振动异常，生命周期风险集中在制造阶段，建议优先追溯 HMAN-00420。,0.5646,hydraulic
EVO_TEXT_HFB-02628,HFB-02628,fault_evolution_text,早期异常较弱，运行载荷放大后出现指标漂移，并逐步演化为轻微故障。,0.5646,hydraulic
RCA_TEXT_HFB-02629,HFB-02629,rca_text,结合传感器能量和检测记录，冷却器的泄漏异常与装配阶段高风险实体 HASM-02629 一致。,0.6271,hydraulic
EVO_TEXT_HFB-02629,HFB-02629,fault_evolution_text,隐患先导致局部性能退化，随后传感器能量向关联通道集中，最终形成泄漏异常。,0.6271,hydraulic
RCA_TEXT_HFB-02630,HFB-02630,rca_text,结合传感器能量和检测记录，冷却器的压力异常与运维阶段高风险实体 HOPR-02630 一致。,0.511,hydraulic
EVO_TEXT_HFB-02630,HFB-02630,fault_evolution_text,早期异常较弱，运行载荷放大后出现指标漂移，并逐步演化为轻微故障。,0.511,hydraulic
RCA_TEXT_HFB-02631,HFB-02631,rca_text,该案例表现为中度压力异常，根因更可能由设计阶段隐患累积触发。,0.6554,hydraulic
EVO_TEXT_HFB-02631,HFB-02631,fault_evolution_text,设计阶段风险与运行工况耦合后引起状态劣化，检测指标随严重度同步升高。,0.6554,hydraulic
RCA_TEXT_HFB-02632,HFB-02632,rca_text,溢流阀出现轻微阀芯卡滞，生命周期风险集中在设计阶段，建议优先追溯 HDES-01002。,0.6141,hydraulic
EVO_TEXT_HFB-02632,HFB-02632,fault_evolution_text,设计阶段风险与运行工况耦合后引起状态劣化，检测指标随严重度同步升高。,0.6141,hydraulic
RCA_TEXT_HFB-02633,HFB-02633,rca_text,结合传感器能量和检测记录，单向阀的阀芯卡滞与制造阶段高风险实体 HMAN-00998 一致。,0.5716,hydraulic
EVO_TEXT_HFB-02633,HFB-02633,fault_evolution_text,早期异常较弱，运行载荷放大后出现指标漂移，并逐步演化为轻微故障。,0.5716,hydraulic
RCA_TEXT_HFB-02634,HFB-02634,rca_text,该案例表现为轻微流量异常，根因更可能由制造阶段隐患累积触发。,0.5877,hydraulic
EVO_TEXT_HFB-02634,HFB-02634,fault_evolution_text,制造阶段风险与运行工况耦合后引起状态劣化，检测指标随严重度同步升高。,0.5877,hydraulic
RCA_TEXT_HFB-02635,HFB-02635,rca_text,结合传感器能量和检测记录，蓄能器的温度异常与运维阶段高风险实体 HOPR-02635 一致。,0.6389,hydraulic
EVO_TEXT_HFB-02635,HFB-02635,fault_evolution_text,隐患先导致局部性能退化，随后传感器能量向关联通道集中，最终形成温度异常。,0.6389,hydraulic
RCA_TEXT_HFB-02636,HFB-02636,rca_text,结合传感器能量和检测记录，单向阀的阀芯卡滞与装配阶段高风险实体 HASM-02636 一致。,0.6436,hydraulic
EVO_TEXT_HFB-02636,HFB-02636,fault_evolution_text,装配阶段风险与运行工况耦合后引起状态劣化，检测指标随严重度同步升高。,0.6436,hydraulic
RCA_TEXT_HFB-02637,HFB-02637,rca_text,管路总成出现中度泄漏异常，生命周期风险集中在制造阶段，建议优先追溯 HMAN-00772。,0.6391,hydraulic
EVO_TEXT_HFB-02637,HFB-02637,fault_evolution_text,隐患先导致局部性能退化，随后传感器能量向关联通道集中，最终形成泄漏异常。,0.6391,hydraulic
RCA_TEXT_HFB-02638,HFB-02638,rca_text,单向阀出现轻微压力异常，生命周期风险集中在运维阶段，建议优先追溯 HOPR-02638。,0.6085,hydraulic
EVO_TEXT_HFB-02638,HFB-02638,fault_evolution_text,早期异常较弱，运行载荷放大后出现指标漂移，并逐步演化为轻微故障。,0.6085,hydraulic
RCA_TEXT_HFB-02639,HFB-02639,rca_text,该案例表现为中度温度异常，根因更可能由制造阶段隐患累积触发。,0.6364,hydraulic
EVO_TEXT_HFB-02639,HFB-02639,fault_evolution_text,制造阶段风险与运行工况耦合后引起状态劣化，检测指标随严重度同步升高。,0.6364,hydraulic
RCA_TEXT_HFB-02640,HFB-02640,rca_text,该案例表现为中度流量异常，根因更可能由装配阶段隐患累积触发。,0.6178,hydraulic
EVO_TEXT_HFB-02640,HFB-02640,fault_evolution_text,早期异常较弱，运行载荷放大后出现指标漂移，并逐步演化为中度故障。,0.6178,hydraulic
RCA_TEXT_HFB-02641,HFB-02641,rca_text,液压泵总成出现轻微温度异常，生命周期风险集中在运维阶段，建议优先追溯 HOPR-02641。,0.5782,hydraulic
EVO_TEXT_HFB-02641,HFB-02641,fault_evolution_text,早期异常较弱，运行载荷放大后出现指标漂移，并逐步演化为轻微故障。,0.5782,hydraulic
RCA_TEXT_HFB-02642,HFB-02642,rca_text,该案例表现为轻微温度异常，根因更可能由制造阶段隐患累积触发。,0.5144,hydraulic
EVO_TEXT_HFB-02642,HFB-02642,fault_evolution_text,隐患先导致局部性能退化，随后传感器能量向关联通道集中，最终形成温度异常。,0.5144,hydraulic
RCA_TEXT_HFB-02643,HFB-02643,rca_text,该案例表现为轻微泄漏异常，根因更可能由装配阶段隐患累积触发。,0.6136,hydraulic
EVO_TEXT_HFB-02643,HFB-02643,fault_evolution_text,隐患先导致局部性能退化，随后传感器能量向关联通道集中，最终形成泄漏异常。,0.6136,hydraulic
RCA_TEXT_HFB-02644,HFB-02644,rca_text,结合传感器能量和检测记录，管路总成的泄漏异常与材料阶段高风险实体 HMAT-00555 一致。,0.6371,hydraulic
EVO_TEXT_HFB-02644,HFB-02644,fault_evolution_text,材料阶段风险与运行工况耦合后引起状态劣化，检测指标随严重度同步升高。,0.6371,hydraulic
RCA_TEXT_HFB-02645,HFB-02645,rca_text,过滤器出现中度流量异常，生命周期风险集中在运维阶段，建议优先追溯 HOPR-02645。,0.6371,hydraulic
EVO_TEXT_HFB-02645,HFB-02645,fault_evolution_text,隐患先导致局部性能退化，随后传感器能量向关联通道集中，最终形成流量异常。,0.6371,hydraulic
RCA_TEXT_HFB-02646,HFB-02646,rca_text,单向阀出现轻微阀芯卡滞，生命周期风险集中在运维阶段，建议优先追溯 HOPR-02646。,0.6054,hydraulic
EVO_TEXT_HFB-02646,HFB-02646,fault_evolution_text,隐患先导致局部性能退化，随后传感器能量向关联通道集中，最终形成阀芯卡滞。,0.6054,hydraulic
RCA_TEXT_HFB-02647,HFB-02647,rca_text,结合传感器能量和检测记录，单向阀的阀芯卡滞与检测阶段高风险实体 HINSP-02647 一致。,0.6267,hydraulic
EVO_TEXT_HFB-02647,HFB-02647,fault_evolution_text,早期异常较弱，运行载荷放大后出现指标漂移，并逐步演化为中度故障。,0.6267,hydraulic
RCA_TEXT_HFB-02648,HFB-02648,rca_text,该案例表现为轻微温度异常，根因更可能由材料阶段隐患累积触发。,0.6323,hydraulic
EVO_TEXT_HFB-02648,HFB-02648,fault_evolution_text,隐患先导致局部性能退化，随后传感器能量向关联通道集中，最终形成温度异常。,0.6323,hydraulic
RCA_TEXT_HFB-02649,HFB-02649,rca_text,该案例表现为轻微压力异常，根因更可能由制造阶段隐患累积触发。,0.5748,hydraulic
EVO_TEXT_HFB-02649,HFB-02649,fault_evolution_text,早期异常较弱，运行载荷放大后出现指标漂移，并逐步演化为轻微故障。,0.5748,hydraulic
RCA_TEXT_HFB-02650,HFB-02650,rca_text,方向控制阀出现轻微振动异常，生命周期风险集中在运维阶段，建议优先追溯 HOPR-02650。,0.5581,hydraulic
EVO_TEXT_HFB-02650,HFB-02650,fault_evolution_text,运维阶段风险与运行工况耦合后引起状态劣化，检测指标随严重度同步升高。,0.5581,hydraulic
RCA_TEXT_HFB-02651,HFB-02651,rca_text,液压油箱出现轻微温度异常，生命周期风险集中在材料阶段，建议优先追溯 HMAT-00338。,0.5806,hydraulic
EVO_TEXT_HFB-02651,HFB-02651,fault_evolution_text,早期异常较弱，运行载荷放大后出现指标漂移，并逐步演化为轻微故障。,0.5806,hydraulic
RCA_TEXT_HFB-02652,HFB-02652,rca_text,单向阀出现轻微流量异常，生命周期风险集中在材料阶段，建议优先追溯 HMAT-00092。,0.5381,hydraulic
EVO_TEXT_HFB-02652,HFB-02652,fault_evolution_text,隐患先导致局部性能退化，随后传感器能量向关联通道集中，最终形成流量异常。,0.5381,hydraulic
RCA_TEXT_HFB-02653,HFB-02653,rca_text,液压泵总成出现轻微泄漏异常，生命周期风险集中在运维阶段，建议优先追溯 HOPR-02653。,0.6067,hydraulic
EVO_TEXT_HFB-02653,HFB-02653,fault_evolution_text,隐患先导致局部性能退化，随后传感器能量向关联通道集中，最终形成泄漏异常。,0.6067,hydraulic
RCA_TEXT_HFB-02654,HFB-02654,rca_text,节流阀出现轻微流量异常，生命周期风险集中在运维阶段，建议优先追溯 HOPR-02654。,0.6054,hydraulic
EVO_TEXT_HFB-02654,HFB-02654,fault_evolution_text,隐患先导致局部性能退化，随后传感器能量向关联通道集中，最终形成流量异常。,0.6054,hydraulic
RCA_TEXT_HFB-02655,HFB-02655,rca_text,过滤器出现轻微温度异常，生命周期风险集中在运维阶段，建议优先追溯 HOPR-02655。,0.5739,hydraulic
EVO_TEXT_HFB-02655,HFB-02655,fault_evolution_text,隐患先导致局部性能退化，随后传感器能量向关联通道集中，最终形成温度异常。,0.5739,hydraulic
RCA_TEXT_HFB-02656,HFB-02656,rca_text,管路总成出现中度压力异常，生命周期风险集中在运维阶段，建议优先追溯 HOPR-02656。,0.6585,hydraulic
EVO_TEXT_HFB-02656,HFB-02656,fault_evolution_text,早期异常较弱，运行载荷放大后出现指标漂移，并逐步演化为中度故障。,0.6585,hydraulic
RCA_TEXT_HFB-02657,HFB-02657,rca_text,结合传感器能量和检测记录，卸荷阀的压力异常与装配阶段高风险实体 HASM-02657 一致。,0.6248,hydraulic
EVO_TEXT_HFB-02657,HFB-02657,fault_evolution_text,早期异常较弱，运行载荷放大后出现指标漂移，并逐步演化为轻微故障。,0.6248,hydraulic
RCA_TEXT_HFB-02658,HFB-02658,rca_text,该案例表现为轻微阀芯卡滞，根因更可能由运维阶段隐患累积触发。,0.6025,hydraulic
EVO_TEXT_HFB-02658,HFB-02658,fault_evolution_text,早期异常较弱，运行载荷放大后出现指标漂移，并逐步演化为轻微故障。,0.6025,hydraulic
RCA_TEXT_HFB-02659,HFB-02659,rca_text,结合传感器能量和检测记录，方向控制阀的泄漏异常与制造阶段高风险实体 HMAN-00415 一致。,0.6591,hydraulic
EVO_TEXT_HFB-02659,HFB-02659,fault_evolution_text,制造阶段风险与运行工况耦合后引起状态劣化，检测指标随严重度同步升高。,0.6591,hydraulic
RCA_TEXT_HFB-02660,HFB-02660,rca_text,结合传感器能量和检测记录，管路总成的振动异常与运维阶段高风险实体 HOPR-02660 一致。,0.6256,hydraulic
EVO_TEXT_HFB-02660,HFB-02660,fault_evolution_text,隐患先导致局部性能退化，随后传感器能量向关联通道集中，最终形成振动异常。,0.6256,hydraulic
RCA_TEXT_HFB-02661,HFB-02661,rca_text,单向阀出现轻微流量异常，生命周期风险集中在运维阶段，建议优先追溯 HOPR-02661。,0.5197,hydraulic
EVO_TEXT_HFB-02661,HFB-02661,fault_evolution_text,隐患先导致局部性能退化，随后传感器能量向关联通道集中，最终形成流量异常。,0.5197,hydraulic
RCA_TEXT_HFB-02662,HFB-02662,rca_text,节流阀出现轻微压力异常，生命周期风险集中在材料阶段，建议优先追溯 HMAT-00149。,0.6302,hydraulic
EVO_TEXT_HFB-02662,HFB-02662,fault_evolution_text,隐患先导致局部性能退化，随后传感器能量向关联通道集中，最终形成压力异常。,0.6302,hydraulic
RCA_TEXT_HFB-02663,HFB-02663,rca_text,该案例表现为中度流量异常，根因更可能由运维阶段隐患累积触发。,0.6935,hydraulic
EVO_TEXT_HFB-02663,HFB-02663,fault_evolution_text,隐患先导致局部性能退化，随后传感器能量向关联通道集中，最终形成流量异常。,0.6935,hydraulic
RCA_TEXT_HFB-02664,HFB-02664,rca_text,该案例表现为轻微流量异常，根因更可能由材料阶段隐患累积触发。,0.637,hydraulic
EVO_TEXT_HFB-02664,HFB-02664,fault_evolution_text,早期异常较弱，运行载荷放大后出现指标漂移，并逐步演化为轻微故障。,0.637,hydraulic
RCA_TEXT_HFB-02665,HFB-02665,rca_text,管路总成出现中度流量异常，生命周期风险集中在设计阶段，建议优先追溯 HPIP-00466。,0.6269,hydraulic
EVO_TEXT_HFB-02665,HFB-02665,fault_evolution_text,隐患先导致局部性能退化，随后传感器能量向关联通道集中，最终形成流量异常。,0.6269,hydraulic
RCA_TEXT_HFB-02666,HFB-02666,rca_text,卸荷阀出现轻微压力异常，生命周期风险集中在制造阶段，建议优先追溯 HMAN-00959。,0.5367,hydraulic
EVO_TEXT_HFB-02666,HFB-02666,fault_evolution_text,制造阶段风险与运行工况耦合后引起状态劣化，检测指标随严重度同步升高。,0.5367,hydraulic
RCA_TEXT_HFB-02667,HFB-02667,rca_text,该案例表现为轻微振动异常，根因更可能由设计阶段隐患累积触发。,0.5898,hydraulic
EVO_TEXT_HFB-02667,HFB-02667,fault_evolution_text,隐患先导致局部性能退化，随后传感器能量向关联通道集中，最终形成振动异常。,0.5898,hydraulic
RCA_TEXT_HFB-02668,HFB-02668,rca_text,结合传感器能量和检测记录，节流阀的泄漏异常与材料阶段高风险实体 HMAT-00367 一致。,0.5734,hydraulic
EVO_TEXT_HFB-02668,HFB-02668,fault_evolution_text,材料阶段风险与运行工况耦合后引起状态劣化，检测指标随严重度同步升高。,0.5734,hydraulic
RCA_TEXT_HFB-02669,HFB-02669,rca_text,结合传感器能量和检测记录，作动筒的振动异常与运维阶段高风险实体 HOPR-02669 一致。,0.5157,hydraulic
EVO_TEXT_HFB-02669,HFB-02669,fault_evolution_text,隐患先导致局部性能退化，随后传感器能量向关联通道集中，最终形成振动异常。,0.5157,hydraulic
RCA_TEXT_HFB-02670,HFB-02670,rca_text,过滤器出现轻微阀芯卡滞，生命周期风险集中在运维阶段，建议优先追溯 HOPR-02670。,0.5678,hydraulic
EVO_TEXT_HFB-02670,HFB-02670,fault_evolution_text,隐患先导致局部性能退化，随后传感器能量向关联通道集中，最终形成阀芯卡滞。,0.5678,hydraulic
RCA_TEXT_HFB-02671,HFB-02671,rca_text,结合传感器能量和检测记录，蓄能器的流量异常与材料阶段高风险实体 HMAT-00263 一致。,0.6211,hydraulic
EVO_TEXT_HFB-02671,HFB-02671,fault_evolution_text,隐患先导致局部性能退化，随后传感器能量向关联通道集中，最终形成流量异常。,0.6211,hydraulic
RCA_TEXT_HFB-02672,HFB-02672,rca_text,结合传感器能量和检测记录，管路总成的流量异常与检测阶段高风险实体 HINSP-02672 一致。,0.58,hydraulic
EVO_TEXT_HFB-02672,HFB-02672,fault_evolution_text,隐患先导致局部性能退化，随后传感器能量向关联通道集中，最终形成流量异常。,0.58,hydraulic
RCA_TEXT_HFB-02673,HFB-02673,rca_text,冷却器出现中度温度异常，生命周期风险集中在制造阶段，建议优先追溯 HMAN-00674。,0.6674,hydraulic
EVO_TEXT_HFB-02673,HFB-02673,fault_evolution_text,隐患先导致局部性能退化，随后传感器能量向关联通道集中，最终形成温度异常。,0.6674,hydraulic
RCA_TEXT_HFB-02674,HFB-02674,rca_text,结合传感器能量和检测记录，管路总成的压力异常与运维阶段高风险实体 HOPR-02674 一致。,0.6116,hydraulic
EVO_TEXT_HFB-02674,HFB-02674,fault_evolution_text,隐患先导致局部性能退化，随后传感器能量向关联通道集中，最终形成压力异常。,0.6116,hydraulic
RCA_TEXT_HFB-02675,HFB-02675,rca_text,结合传感器能量和检测记录，液压油箱的温度异常与运维阶段高风险实体 HOPR-02675 一致。,0.5283,hydraulic
EVO_TEXT_HFB-02675,HFB-02675,fault_evolution_text,隐患先导致局部性能退化，随后传感器能量向关联通道集中，最终形成温度异常。,0.5283,hydraulic
RCA_TEXT_HFB-02676,HFB-02676,rca_text,结合传感器能量和检测记录，管路总成的温度异常与检测阶段高风险实体 HINSP-02676 一致。,0.6185,hydraulic
EVO_TEXT_HFB-02676,HFB-02676,fault_evolution_text,隐患先导致局部性能退化，随后传感器能量向关联通道集中，最终形成温度异常。,0.6185,hydraulic
RCA_TEXT_HFB-02677,HFB-02677,rca_text,该案例表现为轻微流量异常，根因更可能由检测阶段隐患累积触发。,0.5662,hydraulic
EVO_TEXT_HFB-02677,HFB-02677,fault_evolution_text,隐患先导致局部性能退化，随后传感器能量向关联通道集中，最终形成流量异常。,0.5662,hydraulic
RCA_TEXT_HFB-02678,HFB-02678,rca_text,该案例表现为轻微压力异常，根因更可能由装配阶段隐患累积触发。,0.5585,hydraulic
EVO_TEXT_HFB-02678,HFB-02678,fault_evolution_text,装配阶段风险与运行工况耦合后引起状态劣化，检测指标随严重度同步升高。,0.5585,hydraulic
RCA_TEXT_HFB-02679,HFB-02679,rca_text,液压泵总成出现中度阀芯卡滞，生命周期风险集中在制造阶段，建议优先追溯 HMAN-00463。,0.6391,hydraulic
EVO_TEXT_HFB-02679,HFB-02679,fault_evolution_text,制造阶段风险与运行工况耦合后引起状态劣化，检测指标随严重度同步升高。,0.6391,hydraulic
RCA_TEXT_HFB-02680,HFB-02680,rca_text,该案例表现为轻微压力异常，根因更可能由设计阶段隐患累积触发。,0.5955,hydraulic
EVO_TEXT_HFB-02680,HFB-02680,fault_evolution_text,隐患先导致局部性能退化，随后传感器能量向关联通道集中，最终形成压力异常。,0.5955,hydraulic
RCA_TEXT_HFB-02681,HFB-02681,rca_text,液压泵总成出现轻微泄漏异常，生命周期风险集中在装配阶段，建议优先追溯 HASM-02681。,0.5584,hydraulic
EVO_TEXT_HFB-02681,HFB-02681,fault_evolution_text,隐患先导致局部性能退化，随后传感器能量向关联通道集中，最终形成泄漏异常。,0.5584,hydraulic
RCA_TEXT_HFB-02682,HFB-02682,rca_text,管路总成出现中度振动异常，生命周期风险集中在检测阶段，建议优先追溯 HINSP-02682。,0.5696,hydraulic
EVO_TEXT_HFB-02682,HFB-02682,fault_evolution_text,早期异常较弱，运行载荷放大后出现指标漂移，并逐步演化为中度故障。,0.5696,hydraulic
RCA_TEXT_HFB-02683,HFB-02683,rca_text,结合传感器能量和检测记录，方向控制阀的泄漏异常与设计阶段高风险实体 HDES-01161 一致。,0.5528,hydraulic
EVO_TEXT_HFB-02683,HFB-02683,fault_evolution_text,隐患先导致局部性能退化，随后传感器能量向关联通道集中，最终形成泄漏异常。,0.5528,hydraulic
RCA_TEXT_HFB-02684,HFB-02684,rca_text,该案例表现为中度流量异常，根因更可能由设计阶段隐患累积触发。,0.6235,hydraulic
EVO_TEXT_HFB-02684,HFB-02684,fault_evolution_text,隐患先导致局部性能退化，随后传感器能量向关联通道集中，最终形成流量异常。,0.6235,hydraulic
RCA_TEXT_HFB-02685,HFB-02685,rca_text,结合传感器能量和检测记录，作动筒的阀芯卡滞与制造阶段高风险实体 HMAN-00385 一致。,0.5787,hydraulic
EVO_TEXT_HFB-02685,HFB-02685,fault_evolution_text,早期异常较弱，运行载荷放大后出现指标漂移，并逐步演化为轻微故障。,0.5787,hydraulic
RCA_TEXT_HFB-02686,HFB-02686,rca_text,过滤器出现中度流量异常，生命周期风险集中在运维阶段，建议优先追溯 HOPR-02686。,0.608,hydraulic
EVO_TEXT_HFB-02686,HFB-02686,fault_evolution_text,隐患先导致局部性能退化，随后传感器能量向关联通道集中，最终形成流量异常。,0.608,hydraulic
RCA_TEXT_HFB-02687,HFB-02687,rca_text,结合传感器能量和检测记录，蓄能器的振动异常与制造阶段高风险实体 HMAN-00233 一致。,0.591,hydraulic
EVO_TEXT_HFB-02687,HFB-02687,fault_evolution_text,制造阶段风险与运行工况耦合后引起状态劣化，检测指标随严重度同步升高。,0.591,hydraulic
RCA_TEXT_HFB-02688,HFB-02688,rca_text,结合传感器能量和检测记录，溢流阀的温度异常与材料阶段高风险实体 HMAT-00600 一致。,0.6215,hydraulic
EVO_TEXT_HFB-02688,HFB-02688,fault_evolution_text,早期异常较弱，运行载荷放大后出现指标漂移，并逐步演化为轻微故障。,0.6215,hydraulic
RCA_TEXT_HFB-02689,HFB-02689,rca_text,冷却器出现轻微振动异常，生命周期风险集中在运维阶段，建议优先追溯 HOPR-02689。,0.5657,hydraulic
EVO_TEXT_HFB-02689,HFB-02689,fault_evolution_text,隐患先导致局部性能退化，随后传感器能量向关联通道集中，最终形成振动异常。,0.5657,hydraulic
RCA_TEXT_HFB-02690,HFB-02690,rca_text,该案例表现为轻微压力异常，根因更可能由运维阶段隐患累积触发。,0.5657,hydraulic
EVO_TEXT_HFB-02690,HFB-02690,fault_evolution_text,运维阶段风险与运行工况耦合后引起状态劣化，检测指标随严重度同步升高。,0.5657,hydraulic
RCA_TEXT_HFB-02691,HFB-02691,rca_text,液压油箱出现轻微振动异常，生命周期风险集中在材料阶段，建议优先追溯 HMAT-00505。,0.6489,hydraulic
EVO_TEXT_HFB-02691,HFB-02691,fault_evolution_text,材料阶段风险与运行工况耦合后引起状态劣化，检测指标随严重度同步升高。,0.6489,hydraulic
RCA_TEXT_HFB-02692,HFB-02692,rca_text,节流阀出现轻微振动异常，生命周期风险集中在运维阶段，建议优先追溯 HOPR-02692。,0.5734,hydraulic
EVO_TEXT_HFB-02692,HFB-02692,fault_evolution_text,运维阶段风险与运行工况耦合后引起状态劣化，检测指标随严重度同步升高。,0.5734,hydraulic
RCA_TEXT_HFB-02693,HFB-02693,rca_text,液压泵总成出现轻微流量异常，生命周期风险集中在材料阶段，建议优先追溯 HMAT-00404。,0.555,hydraulic
EVO_TEXT_HFB-02693,HFB-02693,fault_evolution_text,隐患先导致局部性能退化，随后传感器能量向关联通道集中，最终形成流量异常。,0.555,hydraulic
RCA_TEXT_HFB-02694,HFB-02694,rca_text,作动筒出现轻微振动异常，生命周期风险集中在制造阶段，建议优先追溯 HMAN-01174。,0.6091,hydraulic
EVO_TEXT_HFB-02694,HFB-02694,fault_evolution_text,隐患先导致局部性能退化，随后传感器能量向关联通道集中，最终形成振动异常。,0.6091,hydraulic
RCA_TEXT_HFB-02695,HFB-02695,rca_text,该案例表现为轻微泄漏异常，根因更可能由材料阶段隐患累积触发。,0.6219,hydraulic
EVO_TEXT_HFB-02695,HFB-02695,fault_evolution_text,早期异常较弱，运行载荷放大后出现指标漂移，并逐步演化为轻微故障。,0.6219,hydraulic
RCA_TEXT_HFB-02696,HFB-02696,rca_text,该案例表现为轻微振动异常，根因更可能由装配阶段隐患累积触发。,0.5983,hydraulic
EVO_TEXT_HFB-02696,HFB-02696,fault_evolution_text,早期异常较弱，运行载荷放大后出现指标漂移，并逐步演化为轻微故障。,0.5983,hydraulic
RCA_TEXT_HFB-02697,HFB-02697,rca_text,该案例表现为轻微振动异常，根因更可能由装配阶段隐患累积触发。,0.5522,hydraulic
EVO_TEXT_HFB-02697,HFB-02697,fault_evolution_text,隐患先导致局部性能退化，随后传感器能量向关联通道集中，最终形成振动异常。,0.5522,hydraulic
RCA_TEXT_HFB-02698,HFB-02698,rca_text,管路总成出现中度泄漏异常，生命周期风险集中在制造阶段，建议优先追溯 HMAN-00564。,0.7153,hydraulic
EVO_TEXT_HFB-02698,HFB-02698,fault_evolution_text,制造阶段风险与运行工况耦合后引起状态劣化，检测指标随严重度同步升高。,0.7153,hydraulic
RCA_TEXT_HFB-02699,HFB-02699,rca_text,方向控制阀出现轻微阀芯卡滞，生命周期风险集中在装配阶段，建议优先追溯 HASM-02699。,0.6125,hydraulic
EVO_TEXT_HFB-02699,HFB-02699,fault_evolution_text,早期异常较弱，运行载荷放大后出现指标漂移，并逐步演化为轻微故障。,0.6125,hydraulic
RCA_TEXT_HFB-02700,HFB-02700,rca_text,液压油箱出现轻微阀芯卡滞，生命周期风险集中在运维阶段，建议优先追溯 HOPR-02700。,0.5757,hydraulic
EVO_TEXT_HFB-02700,HFB-02700,fault_evolution_text,早期异常较弱，运行载荷放大后出现指标漂移，并逐步演化为轻微故障。,0.5757,hydraulic
RCA_TEXT_HFB-02701,HFB-02701,rca_text,管路总成出现中度振动异常，生命周期风险集中在装配阶段，建议优先追溯 HASM-02701。,0.6376,hydraulic
EVO_TEXT_HFB-02701,HFB-02701,fault_evolution_text,装配阶段风险与运行工况耦合后引起状态劣化，检测指标随严重度同步升高。,0.6376,hydraulic
RCA_TEXT_HFB-02702,HFB-02702,rca_text,结合传感器能量和检测记录，方向控制阀的温度异常与制造阶段高风险实体 HMAN-01049 一致。,0.6296,hydraulic
EVO_TEXT_HFB-02702,HFB-02702,fault_evolution_text,隐患先导致局部性能退化，随后传感器能量向关联通道集中，最终形成温度异常。,0.6296,hydraulic
RCA_TEXT_HFB-02703,HFB-02703,rca_text,该案例表现为轻微温度异常，根因更可能由装配阶段隐患累积触发。,0.6416,hydraulic
EVO_TEXT_HFB-02703,HFB-02703,fault_evolution_text,隐患先导致局部性能退化，随后传感器能量向关联通道集中，最终形成温度异常。,0.6416,hydraulic
RCA_TEXT_HFB-02704,HFB-02704,rca_text,该案例表现为中度流量异常，根因更可能由运维阶段隐患累积触发。,0.6533,hydraulic
EVO_TEXT_HFB-02704,HFB-02704,fault_evolution_text,隐患先导致局部性能退化，随后传感器能量向关联通道集中，最终形成流量异常。,0.6533,hydraulic
RCA_TEXT_HFB-02705,HFB-02705,rca_text,结合传感器能量和检测记录，单向阀的泄漏异常与装配阶段高风险实体 HASM-02705 一致。,0.5562,hydraulic
EVO_TEXT_HFB-02705,HFB-02705,fault_evolution_text,装配阶段风险与运行工况耦合后引起状态劣化，检测指标随严重度同步升高。,0.5562,hydraulic
RCA_TEXT_HFB-02706,HFB-02706,rca_text,液压泵总成出现中度振动异常，生命周期风险集中在装配阶段，建议优先追溯 HASM-02706。,0.6308,hydraulic
EVO_TEXT_HFB-02706,HFB-02706,fault_evolution_text,早期异常较弱，运行载荷放大后出现指标漂移，并逐步演化为中度故障。,0.6308,hydraulic
RCA_TEXT_HFB-02707,HFB-02707,rca_text,过滤器出现轻微流量异常，生命周期风险集中在设计阶段，建议优先追溯 HDES-00959。,0.5499,hydraulic
EVO_TEXT_HFB-02707,HFB-02707,fault_evolution_text,隐患先导致局部性能退化，随后传感器能量向关联通道集中，最终形成流量异常。,0.5499,hydraulic
RCA_TEXT_HFB-02708,HFB-02708,rca_text,结合传感器能量和检测记录，管路总成的泄漏异常与运维阶段高风险实体 HOPR-02708 一致。,0.6797,hydraulic
EVO_TEXT_HFB-02708,HFB-02708,fault_evolution_text,运维阶段风险与运行工况耦合后引起状态劣化，检测指标随严重度同步升高。,0.6797,hydraulic
RCA_TEXT_HFB-02709,HFB-02709,rca_text,结合传感器能量和检测记录，单向阀的温度异常与运维阶段高风险实体 HOPR-02709 一致。,0.5637,hydraulic
EVO_TEXT_HFB-02709,HFB-02709,fault_evolution_text,隐患先导致局部性能退化，随后传感器能量向关联通道集中，最终形成温度异常。,0.5637,hydraulic
RCA_TEXT_HFB-02710,HFB-02710,rca_text,管路总成出现轻微压力异常，生命周期风险集中在制造阶段，建议优先追溯 HMAN-00860。,0.5965,hydraulic
EVO_TEXT_HFB-02710,HFB-02710,fault_evolution_text,隐患先导致局部性能退化，随后传感器能量向关联通道集中，最终形成压力异常。,0.5965,hydraulic
RCA_TEXT_HFB-02711,HFB-02711,rca_text,该案例表现为轻微振动异常，根因更可能由运维阶段隐患累积触发。,0.6188,hydraulic
EVO_TEXT_HFB-02711,HFB-02711,fault_evolution_text,运维阶段风险与运行工况耦合后引起状态劣化，检测指标随严重度同步升高。,0.6188,hydraulic
RCA_TEXT_HFB-02712,HFB-02712,rca_text,结合传感器能量和检测记录，蓄能器的阀芯卡滞与运维阶段高风险实体 HOPR-02712 一致。,0.6142,hydraulic
EVO_TEXT_HFB-02712,HFB-02712,fault_evolution_text,早期异常较弱，运行载荷放大后出现指标漂移，并逐步演化为中度故障。,0.6142,hydraulic
RCA_TEXT_HFB-02713,HFB-02713,rca_text,单向阀出现轻微振动异常，生命周期风险集中在设计阶段，建议优先追溯 HDES-00475。,0.5891,hydraulic
EVO_TEXT_HFB-02713,HFB-02713,fault_evolution_text,隐患先导致局部性能退化，随后传感器能量向关联通道集中，最终形成振动异常。,0.5891,hydraulic
RCA_TEXT_HFB-02714,HFB-02714,rca_text,该案例表现为轻微振动异常，根因更可能由材料阶段隐患累积触发。,0.5669,hydraulic
EVO_TEXT_HFB-02714,HFB-02714,fault_evolution_text,隐患先导致局部性能退化，随后传感器能量向关联通道集中，最终形成振动异常。,0.5669,hydraulic
RCA_TEXT_HFB-02715,HFB-02715,rca_text,该案例表现为中度泄漏异常，根因更可能由装配阶段隐患累积触发。,0.5697,hydraulic
EVO_TEXT_HFB-02715,HFB-02715,fault_evolution_text,早期异常较弱，运行载荷放大后出现指标漂移，并逐步演化为中度故障。,0.5697,hydraulic
RCA_TEXT_HFB-02716,HFB-02716,rca_text,结合传感器能量和检测记录，管路总成的流量异常与装配阶段高风险实体 HASM-02716 一致。,0.608,hydraulic
EVO_TEXT_HFB-02716,HFB-02716,fault_evolution_text,装配阶段风险与运行工况耦合后引起状态劣化，检测指标随严重度同步升高。,0.608,hydraulic
RCA_TEXT_HFB-02717,HFB-02717,rca_text,该案例表现为轻微流量异常，根因更可能由制造阶段隐患累积触发。,0.5873,hydraulic
EVO_TEXT_HFB-02717,HFB-02717,fault_evolution_text,制造阶段风险与运行工况耦合后引起状态劣化，检测指标随严重度同步升高。,0.5873,hydraulic
RCA_TEXT_HFB-02718,HFB-02718,rca_text,该案例表现为轻微流量异常，根因更可能由设计阶段隐患累积触发。,0.6148,hydraulic
EVO_TEXT_HFB-02718,HFB-02718,fault_evolution_text,设计阶段风险与运行工况耦合后引起状态劣化，检测指标随严重度同步升高。,0.6148,hydraulic
RCA_TEXT_HFB-02719,HFB-02719,rca_text,该案例表现为中度流量异常，根因更可能由设计阶段隐患累积触发。,0.6131,hydraulic
EVO_TEXT_HFB-02719,HFB-02719,fault_evolution_text,设计阶段风险与运行工况耦合后引起状态劣化，检测指标随严重度同步升高。,0.6131,hydraulic
RCA_TEXT_HFB-02720,HFB-02720,rca_text,该案例表现为轻微温度异常，根因更可能由检测阶段隐患累积触发。,0.6154,hydraulic
EVO_TEXT_HFB-02720,HFB-02720,fault_evolution_text,隐患先导致局部性能退化，随后传感器能量向关联通道集中，最终形成温度异常。,0.6154,hydraulic
RCA_TEXT_HFB-02721,HFB-02721,rca_text,结合传感器能量和检测记录，过滤器的流量异常与运维阶段高风险实体 HOPR-02721 一致。,0.5745,hydraulic
EVO_TEXT_HFB-02721,HFB-02721,fault_evolution_text,隐患先导致局部性能退化，随后传感器能量向关联通道集中，最终形成流量异常。,0.5745,hydraulic
RCA_TEXT_HFB-02722,HFB-02722,rca_text,结合传感器能量和检测记录，溢流阀的泄漏异常与检测阶段高风险实体 HINSP-02722 一致。,0.6272,hydraulic
EVO_TEXT_HFB-02722,HFB-02722,fault_evolution_text,隐患先导致局部性能退化，随后传感器能量向关联通道集中，最终形成泄漏异常。,0.6272,hydraulic
RCA_TEXT_HFB-02723,HFB-02723,rca_text,管路总成出现中度振动异常，生命周期风险集中在设计阶段，建议优先追溯 HPIP-00477。,0.6497,hydraulic
EVO_TEXT_HFB-02723,HFB-02723,fault_evolution_text,早期异常较弱，运行载荷放大后出现指标漂移，并逐步演化为中度故障。,0.6497,hydraulic
RCA_TEXT_HFB-02724,HFB-02724,rca_text,该案例表现为轻微流量异常，根因更可能由制造阶段隐患累积触发。,0.6349,hydraulic
EVO_TEXT_HFB-02724,HFB-02724,fault_evolution_text,制造阶段风险与运行工况耦合后引起状态劣化，检测指标随严重度同步升高。,0.6349,hydraulic
RCA_TEXT_HFB-02725,HFB-02725,rca_text,结合传感器能量和检测记录，液压油箱的振动异常与材料阶段高风险实体 HMAT-00203 一致。,0.5862,hydraulic
EVO_TEXT_HFB-02725,HFB-02725,fault_evolution_text,材料阶段风险与运行工况耦合后引起状态劣化，检测指标随严重度同步升高。,0.5862,hydraulic
RCA_TEXT_HFB-02726,HFB-02726,rca_text,卸荷阀出现轻微压力异常，生命周期风险集中在运维阶段，建议优先追溯 HOPR-02726。,0.5305,hydraulic
EVO_TEXT_HFB-02726,HFB-02726,fault_evolution_text,隐患先导致局部性能退化，随后传感器能量向关联通道集中，最终形成压力异常。,0.5305,hydraulic
RCA_TEXT_HFB-02727,HFB-02727,rca_text,结合传感器能量和检测记录，卸荷阀的泄漏异常与装配阶段高风险实体 HASM-02727 一致。,0.6665,hydraulic
EVO_TEXT_HFB-02727,HFB-02727,fault_evolution_text,装配阶段风险与运行工况耦合后引起状态劣化，检测指标随严重度同步升高。,0.6665,hydraulic
RCA_TEXT_HFB-02728,HFB-02728,rca_text,冷却器出现轻微阀芯卡滞，生命周期风险集中在制造阶段，建议优先追溯 HMAN-00430。,0.6146,hydraulic
EVO_TEXT_HFB-02728,HFB-02728,fault_evolution_text,制造阶段风险与运行工况耦合后引起状态劣化，检测指标随严重度同步升高。,0.6146,hydraulic
RCA_TEXT_HFB-02729,HFB-02729,rca_text,该案例表现为轻微泄漏异常，根因更可能由运维阶段隐患累积触发。,0.6354,hydraulic
EVO_TEXT_HFB-02729,HFB-02729,fault_evolution_text,运维阶段风险与运行工况耦合后引起状态劣化，检测指标随严重度同步升高。,0.6354,hydraulic
RCA_TEXT_HFB-02730,HFB-02730,rca_text,结合传感器能量和检测记录，液压油箱的流量异常与运维阶段高风险实体 HOPR-02730 一致。,0.6002,hydraulic
EVO_TEXT_HFB-02730,HFB-02730,fault_evolution_text,隐患先导致局部性能退化，随后传感器能量向关联通道集中，最终形成流量异常。,0.6002,hydraulic
RCA_TEXT_HFB-02731,HFB-02731,rca_text,结合传感器能量和检测记录，节流阀的温度异常与设计阶段高风险实体 HDES-00433 一致。,0.5969,hydraulic
EVO_TEXT_HFB-02731,HFB-02731,fault_evolution_text,隐患先导致局部性能退化，随后传感器能量向关联通道集中，最终形成温度异常。,0.5969,hydraulic
RCA_TEXT_HFB-02732,HFB-02732,rca_text,单向阀出现轻微阀芯卡滞，生命周期风险集中在装配阶段，建议优先追溯 HASM-02732。,0.6389,hydraulic
EVO_TEXT_HFB-02732,HFB-02732,fault_evolution_text,隐患先导致局部性能退化，随后传感器能量向关联通道集中，最终形成阀芯卡滞。,0.6389,hydraulic
RCA_TEXT_HFB-02733,HFB-02733,rca_text,该案例表现为轻微振动异常，根因更可能由设计阶段隐患累积触发。,0.5918,hydraulic
EVO_TEXT_HFB-02733,HFB-02733,fault_evolution_text,隐患先导致局部性能退化，随后传感器能量向关联通道集中，最终形成振动异常。,0.5918,hydraulic
RCA_TEXT_HFB-02734,HFB-02734,rca_text,结合传感器能量和检测记录，管路总成的泄漏异常与设计阶段高风险实体 HPIP-00478 一致。,0.6787,hydraulic
EVO_TEXT_HFB-02734,HFB-02734,fault_evolution_text,设计阶段风险与运行工况耦合后引起状态劣化，检测指标随严重度同步升高。,0.6787,hydraulic
RCA_TEXT_HFB-02735,HFB-02735,rca_text,作动筒出现轻微温度异常，生命周期风险集中在设计阶段，建议优先追溯 HDES-00366。,0.4798,hydraulic
EVO_TEXT_HFB-02735,HFB-02735,fault_evolution_text,早期异常较弱，运行载荷放大后出现指标漂移，并逐步演化为轻微故障。,0.4798,hydraulic
RCA_TEXT_HFB-02736,HFB-02736,rca_text,液压油箱出现轻微温度异常，生命周期风险集中在装配阶段，建议优先追溯 HASM-02736。,0.6363,hydraulic
EVO_TEXT_HFB-02736,HFB-02736,fault_evolution_text,隐患先导致局部性能退化，随后传感器能量向关联通道集中，最终形成温度异常。,0.6363,hydraulic
RCA_TEXT_HFB-02737,HFB-02737,rca_text,卸荷阀出现轻微振动异常，生命周期风险集中在运维阶段，建议优先追溯 HOPR-02737。,0.5412,hydraulic
EVO_TEXT_HFB-02737,HFB-02737,fault_evolution_text,隐患先导致局部性能退化，随后传感器能量向关联通道集中，最终形成振动异常。,0.5412,hydraulic
RCA_TEXT_HFB-02738,HFB-02738,rca_text,结合传感器能量和检测记录，过滤器的流量异常与运维阶段高风险实体 HOPR-02738 一致。,0.6568,hydraulic
EVO_TEXT_HFB-02738,HFB-02738,fault_evolution_text,早期异常较弱，运行载荷放大后出现指标漂移，并逐步演化为中度故障。,0.6568,hydraulic
RCA_TEXT_HFB-02739,HFB-02739,rca_text,该案例表现为中度压力异常，根因更可能由材料阶段隐患累积触发。,0.6382,hydraulic
EVO_TEXT_HFB-02739,HFB-02739,fault_evolution_text,隐患先导致局部性能退化，随后传感器能量向关联通道集中，最终形成压力异常。,0.6382,hydraulic
RCA_TEXT_HFB-02740,HFB-02740,rca_text,结合传感器能量和检测记录，管路总成的泄漏异常与设计阶段高风险实体 HPIP-00479 一致。,0.6194,hydraulic
EVO_TEXT_HFB-02740,HFB-02740,fault_evolution_text,设计阶段风险与运行工况耦合后引起状态劣化，检测指标随严重度同步升高。,0.6194,hydraulic
RCA_TEXT_HFB-02741,HFB-02741,rca_text,该案例表现为中度温度异常，根因更可能由运维阶段隐患累积触发。,0.6811,hydraulic
EVO_TEXT_HFB-02741,HFB-02741,fault_evolution_text,隐患先导致局部性能退化，随后传感器能量向关联通道集中，最终形成温度异常。,0.6811,hydraulic
RCA_TEXT_HFB-02742,HFB-02742,rca_text,结合传感器能量和检测记录，溢流阀的压力异常与运维阶段高风险实体 HOPR-02742 一致。,0.5971,hydraulic
EVO_TEXT_HFB-02742,HFB-02742,fault_evolution_text,运维阶段风险与运行工况耦合后引起状态劣化，检测指标随严重度同步升高。,0.5971,hydraulic
RCA_TEXT_HFB-02743,HFB-02743,rca_text,卸荷阀出现轻微阀芯卡滞，生命周期风险集中在装配阶段，建议优先追溯 HASM-02743。,0.4699,hydraulic
EVO_TEXT_HFB-02743,HFB-02743,fault_evolution_text,装配阶段风险与运行工况耦合后引起状态劣化，检测指标随严重度同步升高。,0.4699,hydraulic
RCA_TEXT_HFB-02744,HFB-02744,rca_text,该案例表现为轻微振动异常，根因更可能由装配阶段隐患累积触发。,0.5586,hydraulic
EVO_TEXT_HFB-02744,HFB-02744,fault_evolution_text,隐患先导致局部性能退化，随后传感器能量向关联通道集中，最终形成振动异常。,0.5586,hydraulic
RCA_TEXT_HFB-02745,HFB-02745,rca_text,结合传感器能量和检测记录，节流阀的流量异常与运维阶段高风险实体 HOPR-02745 一致。,0.6026,hydraulic
EVO_TEXT_HFB-02745,HFB-02745,fault_evolution_text,隐患先导致局部性能退化，随后传感器能量向关联通道集中，最终形成流量异常。,0.6026,hydraulic
RCA_TEXT_HFB-02746,HFB-02746,rca_text,结合传感器能量和检测记录，方向控制阀的阀芯卡滞与制造阶段高风险实体 HMAN-00086 一致。,0.6179,hydraulic
EVO_TEXT_HFB-02746,HFB-02746,fault_evolution_text,制造阶段风险与运行工况耦合后引起状态劣化，检测指标随严重度同步升高。,0.6179,hydraulic
RCA_TEXT_HFB-02747,HFB-02747,rca_text,结合传感器能量和检测记录，液压油箱的流量异常与制造阶段高风险实体 HMAN-01183 一致。,0.6926,hydraulic
EVO_TEXT_HFB-02747,HFB-02747,fault_evolution_text,早期异常较弱，运行载荷放大后出现指标漂移，并逐步演化为中度故障。,0.6926,hydraulic
RCA_TEXT_HFB-02748,HFB-02748,rca_text,该案例表现为轻微阀芯卡滞，根因更可能由装配阶段隐患累积触发。,0.5962,hydraulic
EVO_TEXT_HFB-02748,HFB-02748,fault_evolution_text,隐患先导致局部性能退化，随后传感器能量向关联通道集中，最终形成阀芯卡滞。,0.5962,hydraulic
RCA_TEXT_HFB-02749,HFB-02749,rca_text,该案例表现为轻微阀芯卡滞，根因更可能由材料阶段隐患累积触发。,0.6045,hydraulic
EVO_TEXT_HFB-02749,HFB-02749,fault_evolution_text,早期异常较弱，运行载荷放大后出现指标漂移，并逐步演化为轻微故障。,0.6045,hydraulic
RCA_TEXT_HFB-02750,HFB-02750,rca_text,卸荷阀出现轻微压力异常，生命周期风险集中在运维阶段，建议优先追溯 HOPR-02750。,0.5763,hydraulic
EVO_TEXT_HFB-02750,HFB-02750,fault_evolution_text,隐患先导致局部性能退化，随后传感器能量向关联通道集中，最终形成压力异常。,0.5763,hydraulic
RCA_TEXT_HFB-02751,HFB-02751,rca_text,结合传感器能量和检测记录，卸荷阀的泄漏异常与材料阶段高风险实体 HMAT-00204 一致。,0.638,hydraulic
EVO_TEXT_HFB-02751,HFB-02751,fault_evolution_text,隐患先导致局部性能退化，随后传感器能量向关联通道集中，最终形成泄漏异常。,0.638,hydraulic
RCA_TEXT_HFB-02752,HFB-02752,rca_text,该案例表现为轻微流量异常，根因更可能由运维阶段隐患累积触发。,0.6076,hydraulic
EVO_TEXT_HFB-02752,HFB-02752,fault_evolution_text,早期异常较弱，运行载荷放大后出现指标漂移，并逐步演化为轻微故障。,0.6076,hydraulic
RCA_TEXT_HFB-02753,HFB-02753,rca_text,方向控制阀出现中度流量异常，生命周期风险集中在运维阶段，建议优先追溯 HOPR-02753。,0.6092,hydraulic
EVO_TEXT_HFB-02753,HFB-02753,fault_evolution_text,早期异常较弱，运行载荷放大后出现指标漂移，并逐步演化为中度故障。,0.6092,hydraulic
RCA_TEXT_HFB-02754,HFB-02754,rca_text,该案例表现为轻微阀芯卡滞，根因更可能由材料阶段隐患累积触发。,0.6222,hydraulic
EVO_TEXT_HFB-02754,HFB-02754,fault_evolution_text,早期异常较弱，运行载荷放大后出现指标漂移，并逐步演化为轻微故障。,0.6222,hydraulic
RCA_TEXT_HFB-02755,HFB-02755,rca_text,节流阀出现中度流量异常，生命周期风险集中在运维阶段，建议优先追溯 HOPR-02755。,0.6645,hydraulic
EVO_TEXT_HFB-02755,HFB-02755,fault_evolution_text,隐患先导致局部性能退化，随后传感器能量向关联通道集中，最终形成流量异常。,0.6645,hydraulic
RCA_TEXT_HFB-02756,HFB-02756,rca_text,该案例表现为轻微阀芯卡滞，根因更可能由制造阶段隐患累积触发。,0.5711,hydraulic
EVO_TEXT_HFB-02756,HFB-02756,fault_evolution_text,制造阶段风险与运行工况耦合后引起状态劣化，检测指标随严重度同步升高。,0.5711,hydraulic
RCA_TEXT_HFB-02757,HFB-02757,rca_text,该案例表现为轻微阀芯卡滞，根因更可能由装配阶段隐患累积触发。,0.5735,hydraulic
EVO_TEXT_HFB-02757,HFB-02757,fault_evolution_text,隐患先导致局部性能退化，随后传感器能量向关联通道集中，最终形成阀芯卡滞。,0.5735,hydraulic
RCA_TEXT_HFB-02758,HFB-02758,rca_text,该案例表现为轻微阀芯卡滞，根因更可能由设计阶段隐患累积触发。,0.575,hydraulic
EVO_TEXT_HFB-02758,HFB-02758,fault_evolution_text,隐患先导致局部性能退化，随后传感器能量向关联通道集中，最终形成阀芯卡滞。,0.575,hydraulic
RCA_TEXT_HFB-02759,HFB-02759,rca_text,结合传感器能量和检测记录，冷却器的温度异常与运维阶段高风险实体 HOPR-02759 一致。,0.6222,hydraulic
EVO_TEXT_HFB-02759,HFB-02759,fault_evolution_text,早期异常较弱，运行载荷放大后出现指标漂移，并逐步演化为轻微故障。,0.6222,hydraulic
RCA_TEXT_HFB-02760,HFB-02760,rca_text,管路总成出现轻微温度异常，生命周期风险集中在运维阶段，建议优先追溯 HOPR-02760。,0.5448,hydraulic
EVO_TEXT_HFB-02760,HFB-02760,fault_evolution_text,早期异常较弱，运行载荷放大后出现指标漂移，并逐步演化为轻微故障。,0.5448,hydraulic
RCA_TEXT_HFB-02761,HFB-02761,rca_text,节流阀出现轻微泄漏异常，生命周期风险集中在制造阶段，建议优先追溯 HMAN-00107。,0.5373,hydraulic
EVO_TEXT_HFB-02761,HFB-02761,fault_evolution_text,早期异常较弱，运行载荷放大后出现指标漂移，并逐步演化为轻微故障。,0.5373,hydraulic
RCA_TEXT_HFB-02762,HFB-02762,rca_text,结合传感器能量和检测记录，管路总成的流量异常与材料阶段高风险实体 HMAT-00340 一致。,0.6198,hydraulic
EVO_TEXT_HFB-02762,HFB-02762,fault_evolution_text,早期异常较弱，运行载荷放大后出现指标漂移，并逐步演化为轻微故障。,0.6198,hydraulic
RCA_TEXT_HFB-02763,HFB-02763,rca_text,该案例表现为轻微流量异常，根因更可能由制造阶段隐患累积触发。,0.5977,hydraulic
EVO_TEXT_HFB-02763,HFB-02763,fault_evolution_text,制造阶段风险与运行工况耦合后引起状态劣化，检测指标随严重度同步升高。,0.5977,hydraulic
RCA_TEXT_HFB-02764,HFB-02764,rca_text,该案例表现为中度泄漏异常，根因更可能由材料阶段隐患累积触发。,0.6608,hydraulic
EVO_TEXT_HFB-02764,HFB-02764,fault_evolution_text,隐患先导致局部性能退化，随后传感器能量向关联通道集中，最终形成泄漏异常。,0.6608,hydraulic
RCA_TEXT_HFB-02765,HFB-02765,rca_text,结合传感器能量和检测记录，管路总成的流量异常与检测阶段高风险实体 HINSP-02765 一致。,0.6265,hydraulic
EVO_TEXT_HFB-02765,HFB-02765,fault_evolution_text,隐患先导致局部性能退化，随后传感器能量向关联通道集中，最终形成流量异常。,0.6265,hydraulic
RCA_TEXT_HFB-02766,HFB-02766,rca_text,结合传感器能量和检测记录，管路总成的压力异常与装配阶段高风险实体 HASM-02766 一致。,0.637,hydraulic
EVO_TEXT_HFB-02766,HFB-02766,fault_evolution_text,隐患先导致局部性能退化，随后传感器能量向关联通道集中，最终形成压力异常。,0.637,hydraulic
RCA_TEXT_HFB-02767,HFB-02767,rca_text,该案例表现为轻微振动异常，根因更可能由材料阶段隐患累积触发。,0.5915,hydraulic
EVO_TEXT_HFB-02767,HFB-02767,fault_evolution_text,材料阶段风险与运行工况耦合后引起状态劣化，检测指标随严重度同步升高。,0.5915,hydraulic
RCA_TEXT_HFB-02768,HFB-02768,rca_text,该案例表现为轻微振动异常，根因更可能由运维阶段隐患累积触发。,0.6284,hydraulic
EVO_TEXT_HFB-02768,HFB-02768,fault_evolution_text,早期异常较弱，运行载荷放大后出现指标漂移，并逐步演化为轻微故障。,0.6284,hydraulic
RCA_TEXT_HFB-02769,HFB-02769,rca_text,该案例表现为轻微阀芯卡滞，根因更可能由检测阶段隐患累积触发。,0.6119,hydraulic
EVO_TEXT_HFB-02769,HFB-02769,fault_evolution_text,检测阶段风险与运行工况耦合后引起状态劣化，检测指标随严重度同步升高。,0.6119,hydraulic
RCA_TEXT_HFB-02770,HFB-02770,rca_text,该案例表现为轻微泄漏异常，根因更可能由运维阶段隐患累积触发。,0.635,hydraulic
EVO_TEXT_HFB-02770,HFB-02770,fault_evolution_text,早期异常较弱，运行载荷放大后出现指标漂移，并逐步演化为轻微故障。,0.635,hydraulic
RCA_TEXT_HFB-02771,HFB-02771,rca_text,结合传感器能量和检测记录，溢流阀的压力异常与制造阶段高风险实体 HMAN-01156 一致。,0.6175,hydraulic
EVO_TEXT_HFB-02771,HFB-02771,fault_evolution_text,制造阶段风险与运行工况耦合后引起状态劣化，检测指标随严重度同步升高。,0.6175,hydraulic
RCA_TEXT_HFB-02772,HFB-02772,rca_text,溢流阀出现轻微流量异常，生命周期风险集中在设计阶段，建议优先追溯 HDES-00081。,0.5654,hydraulic
EVO_TEXT_HFB-02772,HFB-02772,fault_evolution_text,早期异常较弱，运行载荷放大后出现指标漂移，并逐步演化为轻微故障。,0.5654,hydraulic
RCA_TEXT_HFB-02773,HFB-02773,rca_text,该案例表现为轻微压力异常，根因更可能由材料阶段隐患累积触发。,0.5613,hydraulic
EVO_TEXT_HFB-02773,HFB-02773,fault_evolution_text,材料阶段风险与运行工况耦合后引起状态劣化，检测指标随严重度同步升高。,0.5613,hydraulic
RCA_TEXT_HFB-02774,HFB-02774,rca_text,作动筒出现轻微温度异常，生命周期风险集中在运维阶段，建议优先追溯 HOPR-02774。,0.5323,hydraulic
EVO_TEXT_HFB-02774,HFB-02774,fault_evolution_text,运维阶段风险与运行工况耦合后引起状态劣化，检测指标随严重度同步升高。,0.5323,hydraulic
RCA_TEXT_HFB-02775,HFB-02775,rca_text,该案例表现为轻微阀芯卡滞，根因更可能由制造阶段隐患累积触发。,0.5792,hydraulic
EVO_TEXT_HFB-02775,HFB-02775,fault_evolution_text,早期异常较弱，运行载荷放大后出现指标漂移，并逐步演化为轻微故障。,0.5792,hydraulic
RCA_TEXT_HFB-02776,HFB-02776,rca_text,该案例表现为轻微振动异常，根因更可能由材料阶段隐患累积触发。,0.5971,hydraulic
EVO_TEXT_HFB-02776,HFB-02776,fault_evolution_text,早期异常较弱，运行载荷放大后出现指标漂移，并逐步演化为轻微故障。,0.5971,hydraulic
RCA_TEXT_HFB-02777,HFB-02777,rca_text,结合传感器能量和检测记录，卸荷阀的泄漏异常与设计阶段高风险实体 HDES-00525 一致。,0.5056,hydraulic
EVO_TEXT_HFB-02777,HFB-02777,fault_evolution_text,隐患先导致局部性能退化，随后传感器能量向关联通道集中，最终形成泄漏异常。,0.5056,hydraulic
RCA_TEXT_HFB-02778,HFB-02778,rca_text,液压泵总成出现中度压力异常，生命周期风险集中在设计阶段，建议优先追溯 HDES-00234。,0.5881,hydraulic
EVO_TEXT_HFB-02778,HFB-02778,fault_evolution_text,早期异常较弱，运行载荷放大后出现指标漂移，并逐步演化为中度故障。,0.5881,hydraulic
RCA_TEXT_HFB-02779,HFB-02779,rca_text,结合传感器能量和检测记录，管路总成的压力异常与设计阶段高风险实体 HPIP-00486 一致。,0.6643,hydraulic
EVO_TEXT_HFB-02779,HFB-02779,fault_evolution_text,隐患先导致局部性能退化，随后传感器能量向关联通道集中，最终形成压力异常。,0.6643,hydraulic
RCA_TEXT_HFB-02780,HFB-02780,rca_text,该案例表现为轻微温度异常，根因更可能由运维阶段隐患累积触发。,0.5503,hydraulic
EVO_TEXT_HFB-02780,HFB-02780,fault_evolution_text,隐患先导致局部性能退化，随后传感器能量向关联通道集中，最终形成温度异常。,0.5503,hydraulic
RCA_TEXT_HFB-02781,HFB-02781,rca_text,该案例表现为中度流量异常，根因更可能由设计阶段隐患累积触发。,0.6099,hydraulic
EVO_TEXT_HFB-02781,HFB-02781,fault_evolution_text,隐患先导致局部性能退化，随后传感器能量向关联通道集中，最终形成流量异常。,0.6099,hydraulic
RCA_TEXT_HFB-02782,HFB-02782,rca_text,管路总成出现中度压力异常，生命周期风险集中在设计阶段，建议优先追溯 HPIP-00488。,0.6112,hydraulic
EVO_TEXT_HFB-02782,HFB-02782,fault_evolution_text,早期异常较弱，运行载荷放大后出现指标漂移，并逐步演化为中度故障。,0.6112,hydraulic
RCA_TEXT_HFB-02783,HFB-02783,rca_text,该案例表现为轻微振动异常，根因更可能由制造阶段隐患累积触发。,0.5843,hydraulic
EVO_TEXT_HFB-02783,HFB-02783,fault_evolution_text,早期异常较弱，运行载荷放大后出现指标漂移，并逐步演化为轻微故障。,0.5843,hydraulic
RCA_TEXT_HFB-02784,HFB-02784,rca_text,结合传感器能量和检测记录，过滤器的压力异常与设计阶段高风险实体 HDES-00370 一致。,0.5519,hydraulic
EVO_TEXT_HFB-02784,HFB-02784,fault_evolution_text,隐患先导致局部性能退化，随后传感器能量向关联通道集中，最终形成压力异常。,0.5519,hydraulic
RCA_TEXT_HFB-02785,HFB-02785,rca_text,该案例表现为中度泄漏异常，根因更可能由设计阶段隐患累积触发。,0.6074,hydraulic
EVO_TEXT_HFB-02785,HFB-02785,fault_evolution_text,早期异常较弱，运行载荷放大后出现指标漂移，并逐步演化为中度故障。,0.6074,hydraulic
RCA_TEXT_HFB-02786,HFB-02786,rca_text,溢流阀出现中度泄漏异常，生命周期风险集中在装配阶段，建议优先追溯 HASM-02786。,0.6715,hydraulic
EVO_TEXT_HFB-02786,HFB-02786,fault_evolution_text,隐患先导致局部性能退化，随后传感器能量向关联通道集中，最终形成泄漏异常。,0.6715,hydraulic
RCA_TEXT_HFB-02787,HFB-02787,rca_text,结合传感器能量和检测记录，管路总成的温度异常与制造阶段高风险实体 HMAN-00579 一致。,0.572,hydraulic
EVO_TEXT_HFB-02787,HFB-02787,fault_evolution_text,早期异常较弱，运行载荷放大后出现指标漂移，并逐步演化为轻微故障。,0.572,hydraulic
RCA_TEXT_HFB-02788,HFB-02788,rca_text,该案例表现为轻微泄漏异常，根因更可能由装配阶段隐患累积触发。,0.5444,hydraulic
EVO_TEXT_HFB-02788,HFB-02788,fault_evolution_text,装配阶段风险与运行工况耦合后引起状态劣化，检测指标随严重度同步升高。,0.5444,hydraulic
RCA_TEXT_HFB-02789,HFB-02789,rca_text,管路总成出现中度振动异常，生命周期风险集中在装配阶段，建议优先追溯 HASM-02789。,0.6798,hydraulic
EVO_TEXT_HFB-02789,HFB-02789,fault_evolution_text,隐患先导致局部性能退化，随后传感器能量向关联通道集中，最终形成振动异常。,0.6798,hydraulic
RCA_TEXT_HFB-02790,HFB-02790,rca_text,结合传感器能量和检测记录，蓄能器的压力异常与检测阶段高风险实体 HINSP-02790 一致。,0.6567,hydraulic
EVO_TEXT_HFB-02790,HFB-02790,fault_evolution_text,检测阶段风险与运行工况耦合后引起状态劣化，检测指标随严重度同步升高。,0.6567,hydraulic
RCA_TEXT_HFB-02791,HFB-02791,rca_text,结合传感器能量和检测记录，冷却器的泄漏异常与运维阶段高风险实体 HOPR-02791 一致。,0.6069,hydraulic
EVO_TEXT_HFB-02791,HFB-02791,fault_evolution_text,运维阶段风险与运行工况耦合后引起状态劣化，检测指标随严重度同步升高。,0.6069,hydraulic
RCA_TEXT_HFB-02792,HFB-02792,rca_text,该案例表现为轻微温度异常，根因更可能由运维阶段隐患累积触发。,0.6062,hydraulic
EVO_TEXT_HFB-02792,HFB-02792,fault_evolution_text,隐患先导致局部性能退化，随后传感器能量向关联通道集中，最终形成温度异常。,0.6062,hydraulic
RCA_TEXT_HFB-02793,HFB-02793,rca_text,结合传感器能量和检测记录，冷却器的泄漏异常与材料阶段高风险实体 HMAT-00347 一致。,0.5727,hydraulic
EVO_TEXT_HFB-02793,HFB-02793,fault_evolution_text,材料阶段风险与运行工况耦合后引起状态劣化，检测指标随严重度同步升高。,0.5727,hydraulic
RCA_TEXT_HFB-02794,HFB-02794,rca_text,蓄能器出现轻微振动异常，生命周期风险集中在运维阶段，建议优先追溯 HOPR-02794。,0.6125,hydraulic
EVO_TEXT_HFB-02794,HFB-02794,fault_evolution_text,隐患先导致局部性能退化，随后传感器能量向关联通道集中，最终形成振动异常。,0.6125,hydraulic
RCA_TEXT_HFB-02795,HFB-02795,rca_text,管路总成出现中度泄漏异常，生命周期风险集中在设计阶段，建议优先追溯 HPIP-00492。,0.6323,hydraulic
EVO_TEXT_HFB-02795,HFB-02795,fault_evolution_text,隐患先导致局部性能退化，随后传感器能量向关联通道集中，最终形成泄漏异常。,0.6323,hydraulic
RCA_TEXT_HFB-02796,HFB-02796,rca_text,该案例表现为轻微压力异常，根因更可能由运维阶段隐患累积触发。,0.6058,hydraulic
EVO_TEXT_HFB-02796,HFB-02796,fault_evolution_text,早期异常较弱，运行载荷放大后出现指标漂移，并逐步演化为轻微故障。,0.6058,hydraulic
RCA_TEXT_HFB-02797,HFB-02797,rca_text,结合传感器能量和检测记录，溢流阀的振动异常与运维阶段高风险实体 HOPR-02797 一致。,0.6212,hydraulic
EVO_TEXT_HFB-02797,HFB-02797,fault_evolution_text,隐患先导致局部性能退化，随后传感器能量向关联通道集中，最终形成振动异常。,0.6212,hydraulic
RCA_TEXT_HFB-02798,HFB-02798,rca_text,节流阀出现中度流量异常，生命周期风险集中在检测阶段，建议优先追溯 HINSP-02798。,0.6766,hydraulic
EVO_TEXT_HFB-02798,HFB-02798,fault_evolution_text,早期异常较弱，运行载荷放大后出现指标漂移，并逐步演化为中度故障。,0.6766,hydraulic
RCA_TEXT_HFB-02799,HFB-02799,rca_text,该案例表现为轻微阀芯卡滞，根因更可能由检测阶段隐患累积触发。,0.6876,hydraulic
EVO_TEXT_HFB-02799,HFB-02799,fault_evolution_text,隐患先导致局部性能退化，随后传感器能量向关联通道集中，最终形成阀芯卡滞。,0.6876,hydraulic
RCA_TEXT_HFB-02800,HFB-02800,rca_text,作动筒出现中度振动异常，生命周期风险集中在检测阶段，建议优先追溯 HINSP-02800。,0.6121,hydraulic
EVO_TEXT_HFB-02800,HFB-02800,fault_evolution_text,早期异常较弱，运行载荷放大后出现指标漂移，并逐步演化为中度故障。,0.6121,hydraulic
RCA_TEXT_HFB-02801,HFB-02801,rca_text,结合传感器能量和检测记录，作动筒的振动异常与装配阶段高风险实体 HASM-02801 一致。,0.6231,hydraulic
EVO_TEXT_HFB-02801,HFB-02801,fault_evolution_text,装配阶段风险与运行工况耦合后引起状态劣化，检测指标随严重度同步升高。,0.6231,hydraulic
RCA_TEXT_HFB-02802,HFB-02802,rca_text,冷却器出现中度温度异常，生命周期风险集中在运维阶段，建议优先追溯 HOPR-02802。,0.6622,hydraulic
EVO_TEXT_HFB-02802,HFB-02802,fault_evolution_text,运维阶段风险与运行工况耦合后引起状态劣化，检测指标随严重度同步升高。,0.6622,hydraulic
RCA_TEXT_HFB-02803,HFB-02803,rca_text,该案例表现为中度振动异常，根因更可能由运维阶段隐患累积触发。,0.6659,hydraulic
EVO_TEXT_HFB-02803,HFB-02803,fault_evolution_text,运维阶段风险与运行工况耦合后引起状态劣化，检测指标随严重度同步升高。,0.6659,hydraulic
RCA_TEXT_HFB-02804,HFB-02804,rca_text,结合传感器能量和检测记录，节流阀的流量异常与运维阶段高风险实体 HOPR-02804 一致。,0.6349,hydraulic
EVO_TEXT_HFB-02804,HFB-02804,fault_evolution_text,早期异常较弱，运行载荷放大后出现指标漂移，并逐步演化为中度故障。,0.6349,hydraulic
RCA_TEXT_HFB-02805,HFB-02805,rca_text,该案例表现为中度阀芯卡滞，根因更可能由制造阶段隐患累积触发。,0.6752,hydraulic
EVO_TEXT_HFB-02805,HFB-02805,fault_evolution_text,早期异常较弱，运行载荷放大后出现指标漂移，并逐步演化为中度故障。,0.6752,hydraulic
RCA_TEXT_HFB-02806,HFB-02806,rca_text,结合传感器能量和检测记录，作动筒的振动异常与装配阶段高风险实体 HASM-02806 一致。,0.5989,hydraulic
EVO_TEXT_HFB-02806,HFB-02806,fault_evolution_text,装配阶段风险与运行工况耦合后引起状态劣化，检测指标随严重度同步升高。,0.5989,hydraulic
RCA_TEXT_HFB-02807,HFB-02807,rca_text,单向阀出现中度阀芯卡滞，生命周期风险集中在材料阶段，建议优先追溯 HMAT-00585。,0.6301,hydraulic
EVO_TEXT_HFB-02807,HFB-02807,fault_evolution_text,隐患先导致局部性能退化，随后传感器能量向关联通道集中，最终形成阀芯卡滞。,0.6301,hydraulic
RCA_TEXT_HFB-02808,HFB-02808,rca_text,该案例表现为轻微阀芯卡滞，根因更可能由装配阶段隐患累积触发。,0.6178,hydraulic
EVO_TEXT_HFB-02808,HFB-02808,fault_evolution_text,早期异常较弱，运行载荷放大后出现指标漂移，并逐步演化为轻微故障。,0.6178,hydraulic
RCA_TEXT_HFB-02809,HFB-02809,rca_text,节流阀出现中度阀芯卡滞，生命周期风险集中在制造阶段，建议优先追溯 HMAN-00946。,0.6234,hydraulic
EVO_TEXT_HFB-02809,HFB-02809,fault_evolution_text,早期异常较弱，运行载荷放大后出现指标漂移，并逐步演化为中度故障。,0.6234,hydraulic
RCA_TEXT_HFB-02810,HFB-02810,rca_text,该案例表现为轻微阀芯卡滞，根因更可能由装配阶段隐患累积触发。,0.5686,hydraulic
EVO_TEXT_HFB-02810,HFB-02810,fault_evolution_text,装配阶段风险与运行工况耦合后引起状态劣化，检测指标随严重度同步升高。,0.5686,hydraulic
RCA_TEXT_HFB-02811,HFB-02811,rca_text,节流阀出现轻微流量异常，生命周期风险集中在装配阶段，建议优先追溯 HASM-02811。,0.6324,hydraulic
EVO_TEXT_HFB-02811,HFB-02811,fault_evolution_text,隐患先导致局部性能退化，随后传感器能量向关联通道集中，最终形成流量异常。,0.6324,hydraulic
RCA_TEXT_HFB-02812,HFB-02812,rca_text,该案例表现为轻微压力异常，根因更可能由检测阶段隐患累积触发。,0.5275,hydraulic
EVO_TEXT_HFB-02812,HFB-02812,fault_evolution_text,检测阶段风险与运行工况耦合后引起状态劣化，检测指标随严重度同步升高。,0.5275,hydraulic
RCA_TEXT_HFB-02813,HFB-02813,rca_text,结合传感器能量和检测记录，液压油箱的流量异常与设计阶段高风险实体 HDES-00827 一致。,0.5645,hydraulic
EVO_TEXT_HFB-02813,HFB-02813,fault_evolution_text,隐患先导致局部性能退化，随后传感器能量向关联通道集中，最终形成流量异常。,0.5645,hydraulic
RCA_TEXT_HFB-02814,HFB-02814,rca_text,该案例表现为中度振动异常，根因更可能由运维阶段隐患累积触发。,0.7091,hydraulic
EVO_TEXT_HFB-02814,HFB-02814,fault_evolution_text,隐患先导致局部性能退化，随后传感器能量向关联通道集中，最终形成振动异常。,0.7091,hydraulic
RCA_TEXT_HFB-02815,HFB-02815,rca_text,结合传感器能量和检测记录，冷却器的温度异常与运维阶段高风险实体 HOPR-02815 一致。,0.6532,hydraulic
EVO_TEXT_HFB-02815,HFB-02815,fault_evolution_text,运维阶段风险与运行工况耦合后引起状态劣化，检测指标随严重度同步升高。,0.6532,hydraulic
RCA_TEXT_HFB-02816,HFB-02816,rca_text,结合传感器能量和检测记录，溢流阀的温度异常与材料阶段高风险实体 HMAT-00432 一致。,0.6015,hydraulic
EVO_TEXT_HFB-02816,HFB-02816,fault_evolution_text,早期异常较弱，运行载荷放大后出现指标漂移，并逐步演化为轻微故障。,0.6015,hydraulic
RCA_TEXT_HFB-02817,HFB-02817,rca_text,该案例表现为轻微振动异常，根因更可能由制造阶段隐患累积触发。,0.5973,hydraulic
EVO_TEXT_HFB-02817,HFB-02817,fault_evolution_text,制造阶段风险与运行工况耦合后引起状态劣化，检测指标随严重度同步升高。,0.5973,hydraulic
RCA_TEXT_HFB-02818,HFB-02818,rca_text,结合传感器能量和检测记录，方向控制阀的泄漏异常与运维阶段高风险实体 HOPR-02818 一致。,0.5785,hydraulic
EVO_TEXT_HFB-02818,HFB-02818,fault_evolution_text,隐患先导致局部性能退化，随后传感器能量向关联通道集中，最终形成泄漏异常。,0.5785,hydraulic
RCA_TEXT_HFB-02819,HFB-02819,rca_text,该案例表现为轻微振动异常，根因更可能由制造阶段隐患累积触发。,0.5785,hydraulic
EVO_TEXT_HFB-02819,HFB-02819,fault_evolution_text,早期异常较弱，运行载荷放大后出现指标漂移，并逐步演化为轻微故障。,0.5785,hydraulic
RCA_TEXT_HFB-02820,HFB-02820,rca_text,冷却器出现轻微压力异常，生命周期风险集中在材料阶段，建议优先追溯 HMAT-00125。,0.6264,hydraulic
EVO_TEXT_HFB-02820,HFB-02820,fault_evolution_text,早期异常较弱，运行载荷放大后出现指标漂移，并逐步演化为轻微故障。,0.6264,hydraulic
RCA_TEXT_HFB-02821,HFB-02821,rca_text,该案例表现为中度流量异常，根因更可能由制造阶段隐患累积触发。,0.5676,hydraulic
EVO_TEXT_HFB-02821,HFB-02821,fault_evolution_text,早期异常较弱，运行载荷放大后出现指标漂移，并逐步演化为中度故障。,0.5676,hydraulic
RCA_TEXT_HFB-02822,HFB-02822,rca_text,该案例表现为中度振动异常，根因更可能由制造阶段隐患累积触发。,0.6674,hydraulic
EVO_TEXT_HFB-02822,HFB-02822,fault_evolution_text,隐患先导致局部性能退化，随后传感器能量向关联通道集中，最终形成振动异常。,0.6674,hydraulic
RCA_TEXT_HFB-02823,HFB-02823,rca_text,冷却器出现轻微温度异常，生命周期风险集中在材料阶段，建议优先追溯 HMAT-00011。,0.6101,hydraulic
EVO_TEXT_HFB-02823,HFB-02823,fault_evolution_text,材料阶段风险与运行工况耦合后引起状态劣化，检测指标随严重度同步升高。,0.6101,hydraulic
RCA_TEXT_HFB-02824,HFB-02824,rca_text,该案例表现为轻微阀芯卡滞，根因更可能由运维阶段隐患累积触发。,0.6444,hydraulic
EVO_TEXT_HFB-02824,HFB-02824,fault_evolution_text,隐患先导致局部性能退化，随后传感器能量向关联通道集中，最终形成阀芯卡滞。,0.6444,hydraulic
RCA_TEXT_HFB-02825,HFB-02825,rca_text,该案例表现为中度泄漏异常，根因更可能由运维阶段隐患累积触发。,0.6415,hydraulic
EVO_TEXT_HFB-02825,HFB-02825,fault_evolution_text,隐患先导致局部性能退化，随后传感器能量向关联通道集中，最终形成泄漏异常。,0.6415,hydraulic
RCA_TEXT_HFB-02826,HFB-02826,rca_text,结合传感器能量和检测记录，液压泵总成的泄漏异常与运维阶段高风险实体 HOPR-02826 一致。,0.548,hydraulic
EVO_TEXT_HFB-02826,HFB-02826,fault_evolution_text,早期异常较弱，运行载荷放大后出现指标漂移，并逐步演化为轻微故障。,0.548,hydraulic
RCA_TEXT_HFB-02827,HFB-02827,rca_text,该案例表现为轻微温度异常，根因更可能由运维阶段隐患累积触发。,0.5792,hydraulic
EVO_TEXT_HFB-02827,HFB-02827,fault_evolution_text,运维阶段风险与运行工况耦合后引起状态劣化，检测指标随严重度同步升高。,0.5792,hydraulic
RCA_TEXT_HFB-02828,HFB-02828,rca_text,结合传感器能量和检测记录，单向阀的阀芯卡滞与检测阶段高风险实体 HINSP-02828 一致。,0.6282,hydraulic
EVO_TEXT_HFB-02828,HFB-02828,fault_evolution_text,早期异常较弱，运行载荷放大后出现指标漂移，并逐步演化为中度故障。,0.6282,hydraulic
RCA_TEXT_HFB-02829,HFB-02829,rca_text,管路总成出现中度压力异常，生命周期风险集中在运维阶段，建议优先追溯 HOPR-02829。,0.6361,hydraulic
EVO_TEXT_HFB-02829,HFB-02829,fault_evolution_text,早期异常较弱，运行载荷放大后出现指标漂移，并逐步演化为中度故障。,0.6361,hydraulic
RCA_TEXT_HFB-02830,HFB-02830,rca_text,管路总成出现中度泄漏异常，生命周期风险集中在运维阶段，建议优先追溯 HOPR-02830。,0.6393,hydraulic
EVO_TEXT_HFB-02830,HFB-02830,fault_evolution_text,隐患先导致局部性能退化，随后传感器能量向关联通道集中，最终形成泄漏异常。,0.6393,hydraulic
RCA_TEXT_HFB-02831,HFB-02831,rca_text,结合传感器能量和检测记录，冷却器的温度异常与材料阶段高风险实体 HMAT-00178 一致。,0.6425,hydraulic
EVO_TEXT_HFB-02831,HFB-02831,fault_evolution_text,材料阶段风险与运行工况耦合后引起状态劣化，检测指标随严重度同步升高。,0.6425,hydraulic
RCA_TEXT_HFB-02832,HFB-02832,rca_text,该案例表现为轻微阀芯卡滞，根因更可能由检测阶段隐患累积触发。,0.6561,hydraulic
EVO_TEXT_HFB-02832,HFB-02832,fault_evolution_text,早期异常较弱，运行载荷放大后出现指标漂移，并逐步演化为轻微故障。,0.6561,hydraulic
RCA_TEXT_HFB-02833,HFB-02833,rca_text,作动筒出现中度泄漏异常，生命周期风险集中在运维阶段，建议优先追溯 HOPR-02833。,0.599,hydraulic
EVO_TEXT_HFB-02833,HFB-02833,fault_evolution_text,运维阶段风险与运行工况耦合后引起状态劣化，检测指标随严重度同步升高。,0.599,hydraulic
RCA_TEXT_HFB-02834,HFB-02834,rca_text,该案例表现为轻微温度异常，根因更可能由检测阶段隐患累积触发。,0.5235,hydraulic
EVO_TEXT_HFB-02834,HFB-02834,fault_evolution_text,检测阶段风险与运行工况耦合后引起状态劣化，检测指标随严重度同步升高。,0.5235,hydraulic
RCA_TEXT_HFB-02835,HFB-02835,rca_text,结合传感器能量和检测记录，蓄能器的压力异常与检测阶段高风险实体 HINSP-02835 一致。,0.5659,hydraulic
EVO_TEXT_HFB-02835,HFB-02835,fault_evolution_text,早期异常较弱，运行载荷放大后出现指标漂移，并逐步演化为轻微故障。,0.5659,hydraulic
RCA_TEXT_HFB-02836,HFB-02836,rca_text,该案例表现为轻微泄漏异常，根因更可能由材料阶段隐患累积触发。,0.5818,hydraulic
EVO_TEXT_HFB-02836,HFB-02836,fault_evolution_text,材料阶段风险与运行工况耦合后引起状态劣化，检测指标随严重度同步升高。,0.5818,hydraulic
RCA_TEXT_HFB-02837,HFB-02837,rca_text,该案例表现为轻微阀芯卡滞，根因更可能由材料阶段隐患累积触发。,0.6124,hydraulic
EVO_TEXT_HFB-02837,HFB-02837,fault_evolution_text,隐患先导致局部性能退化，随后传感器能量向关联通道集中，最终形成阀芯卡滞。,0.6124,hydraulic
RCA_TEXT_HFB-02838,HFB-02838,rca_text,溢流阀出现中度阀芯卡滞，生命周期风险集中在材料阶段，建议优先追溯 HMAT-00471。,0.6479,hydraulic
EVO_TEXT_HFB-02838,HFB-02838,fault_evolution_text,隐患先导致局部性能退化，随后传感器能量向关联通道集中，最终形成阀芯卡滞。,0.6479,hydraulic
RCA_TEXT_HFB-02839,HFB-02839,rca_text,该案例表现为中度压力异常，根因更可能由运维阶段隐患累积触发。,0.5862,hydraulic
EVO_TEXT_HFB-02839,HFB-02839,fault_evolution_text,运维阶段风险与运行工况耦合后引起状态劣化，检测指标随严重度同步升高。,0.5862,hydraulic
RCA_TEXT_HFB-02840,HFB-02840,rca_text,该案例表现为中度流量异常，根因更可能由制造阶段隐患累积触发。,0.5831,hydraulic
EVO_TEXT_HFB-02840,HFB-02840,fault_evolution_text,隐患先导致局部性能退化，随后传感器能量向关联通道集中，最终形成流量异常。,0.5831,hydraulic
RCA_TEXT_HFB-02841,HFB-02841,rca_text,冷却器出现轻微温度异常，生命周期风险集中在制造阶段，建议优先追溯 HMAN-01041。,0.5375,hydraulic
EVO_TEXT_HFB-02841,HFB-02841,fault_evolution_text,隐患先导致局部性能退化，随后传感器能量向关联通道集中，最终形成温度异常。,0.5375,hydraulic
RCA_TEXT_HFB-02842,HFB-02842,rca_text,结合传感器能量和检测记录，溢流阀的流量异常与设计阶段高风险实体 HDES-00084 一致。,0.5949,hydraulic
EVO_TEXT_HFB-02842,HFB-02842,fault_evolution_text,隐患先导致局部性能退化，随后传感器能量向关联通道集中，最终形成流量异常。,0.5949,hydraulic
RCA_TEXT_HFB-02843,HFB-02843,rca_text,结合传感器能量和检测记录，液压油箱的温度异常与材料阶段高风险实体 HMAT-00418 一致。,0.5717,hydraulic
EVO_TEXT_HFB-02843,HFB-02843,fault_evolution_text,早期异常较弱，运行载荷放大后出现指标漂移，并逐步演化为轻微故障。,0.5717,hydraulic
RCA_TEXT_HFB-02844,HFB-02844,rca_text,结合传感器能量和检测记录，溢流阀的阀芯卡滞与检测阶段高风险实体 HINSP-02844 一致。,0.5783,hydraulic
EVO_TEXT_HFB-02844,HFB-02844,fault_evolution_text,隐患先导致局部性能退化，随后传感器能量向关联通道集中，最终形成阀芯卡滞。,0.5783,hydraulic
RCA_TEXT_HFB-02845,HFB-02845,rca_text,该案例表现为中度压力异常，根因更可能由运维阶段隐患累积触发。,0.6419,hydraulic
EVO_TEXT_HFB-02845,HFB-02845,fault_evolution_text,早期异常较弱，运行载荷放大后出现指标漂移，并逐步演化为中度故障。,0.6419,hydraulic
RCA_TEXT_HFB-02846,HFB-02846,rca_text,蓄能器出现轻微压力异常，生命周期风险集中在检测阶段，建议优先追溯 HINSP-02846。,0.6458,hydraulic
EVO_TEXT_HFB-02846,HFB-02846,fault_evolution_text,隐患先导致局部性能退化，随后传感器能量向关联通道集中，最终形成压力异常。,0.6458,hydraulic
RCA_TEXT_HFB-02847,HFB-02847,rca_text,该案例表现为中度泄漏异常，根因更可能由制造阶段隐患累积触发。,0.6232,hydraulic
EVO_TEXT_HFB-02847,HFB-02847,fault_evolution_text,早期异常较弱，运行载荷放大后出现指标漂移，并逐步演化为中度故障。,0.6232,hydraulic
RCA_TEXT_HFB-02848,HFB-02848,rca_text,该案例表现为轻微阀芯卡滞，根因更可能由设计阶段隐患累积触发。,0.5918,hydraulic
EVO_TEXT_HFB-02848,HFB-02848,fault_evolution_text,设计阶段风险与运行工况耦合后引起状态劣化，检测指标随严重度同步升高。,0.5918,hydraulic
RCA_TEXT_HFB-02849,HFB-02849,rca_text,结合传感器能量和检测记录，溢流阀的振动异常与装配阶段高风险实体 HASM-02849 一致。,0.6086,hydraulic
EVO_TEXT_HFB-02849,HFB-02849,fault_evolution_text,隐患先导致局部性能退化，随后传感器能量向关联通道集中，最终形成振动异常。,0.6086,hydraulic
RCA_TEXT_HFB-02850,HFB-02850,rca_text,结合传感器能量和检测记录，液压泵总成的温度异常与运维阶段高风险实体 HOPR-02850 一致。,0.5935,hydraulic
EVO_TEXT_HFB-02850,HFB-02850,fault_evolution_text,隐患先导致局部性能退化，随后传感器能量向关联通道集中，最终形成温度异常。,0.5935,hydraulic
RCA_TEXT_HFB-02851,HFB-02851,rca_text,该案例表现为中度泄漏异常，根因更可能由设计阶段隐患累积触发。,0.6027,hydraulic
EVO_TEXT_HFB-02851,HFB-02851,fault_evolution_text,设计阶段风险与运行工况耦合后引起状态劣化，检测指标随严重度同步升高。,0.6027,hydraulic
RCA_TEXT_HFB-02852,HFB-02852,rca_text,溢流阀出现中度泄漏异常，生命周期风险集中在设计阶段，建议优先追溯 HDES-00451。,0.6366,hydraulic
EVO_TEXT_HFB-02852,HFB-02852,fault_evolution_text,早期异常较弱，运行载荷放大后出现指标漂移，并逐步演化为中度故障。,0.6366,hydraulic
RCA_TEXT_HFB-02853,HFB-02853,rca_text,溢流阀出现轻微压力异常，生命周期风险集中在装配阶段，建议优先追溯 HASM-02853。,0.6298,hydraulic
EVO_TEXT_HFB-02853,HFB-02853,fault_evolution_text,早期异常较弱，运行载荷放大后出现指标漂移，并逐步演化为轻微故障。,0.6298,hydraulic
RCA_TEXT_HFB-02854,HFB-02854,rca_text,该案例表现为中度泄漏异常，根因更可能由材料阶段隐患累积触发。,0.6744,hydraulic
EVO_TEXT_HFB-02854,HFB-02854,fault_evolution_text,隐患先导致局部性能退化，随后传感器能量向关联通道集中，最终形成泄漏异常。,0.6744,hydraulic
RCA_TEXT_HFB-02855,HFB-02855,rca_text,单向阀出现轻微阀芯卡滞，生命周期风险集中在材料阶段，建议优先追溯 HMAT-00059。,0.6013,hydraulic
EVO_TEXT_HFB-02855,HFB-02855,fault_evolution_text,隐患先导致局部性能退化，随后传感器能量向关联通道集中，最终形成阀芯卡滞。,0.6013,hydraulic
RCA_TEXT_HFB-02856,HFB-02856,rca_text,卸荷阀出现中度压力异常，生命周期风险集中在设计阶段，建议优先追溯 HDES-00500。,0.541,hydraulic
EVO_TEXT_HFB-02856,HFB-02856,fault_evolution_text,早期异常较弱，运行载荷放大后出现指标漂移，并逐步演化为中度故障。,0.541,hydraulic
RCA_TEXT_HFB-02857,HFB-02857,rca_text,管路总成出现中度泄漏异常，生命周期风险集中在制造阶段，建议优先追溯 HMAN-01186。,0.6636,hydraulic
EVO_TEXT_HFB-02857,HFB-02857,fault_evolution_text,制造阶段风险与运行工况耦合后引起状态劣化，检测指标随严重度同步升高。,0.6636,hydraulic
RCA_TEXT_HFB-02858,HFB-02858,rca_text,结合传感器能量和检测记录，作动筒的泄漏异常与装配阶段高风险实体 HASM-02858 一致。,0.6066,hydraulic
EVO_TEXT_HFB-02858,HFB-02858,fault_evolution_text,隐患先导致局部性能退化，随后传感器能量向关联通道集中，最终形成泄漏异常。,0.6066,hydraulic
RCA_TEXT_HFB-02859,HFB-02859,rca_text,该案例表现为中度泄漏异常，根因更可能由制造阶段隐患累积触发。,0.6105,hydraulic
EVO_TEXT_HFB-02859,HFB-02859,fault_evolution_text,早期异常较弱，运行载荷放大后出现指标漂移，并逐步演化为中度故障。,0.6105,hydraulic
RCA_TEXT_HFB-02860,HFB-02860,rca_text,结合传感器能量和检测记录，过滤器的温度异常与运维阶段高风险实体 HOPR-02860 一致。,0.6355,hydraulic
EVO_TEXT_HFB-02860,HFB-02860,fault_evolution_text,运维阶段风险与运行工况耦合后引起状态劣化，检测指标随严重度同步升高。,0.6355,hydraulic
RCA_TEXT_HFB-02861,HFB-02861,rca_text,结合传感器能量和检测记录，液压油箱的温度异常与运维阶段高风险实体 HOPR-02861 一致。,0.6118,hydraulic
EVO_TEXT_HFB-02861,HFB-02861,fault_evolution_text,隐患先导致局部性能退化，随后传感器能量向关联通道集中，最终形成温度异常。,0.6118,hydraulic
RCA_TEXT_HFB-02862,HFB-02862,rca_text,该案例表现为轻微泄漏异常，根因更可能由运维阶段隐患累积触发。,0.6091,hydraulic
EVO_TEXT_HFB-02862,HFB-02862,fault_evolution_text,早期异常较弱，运行载荷放大后出现指标漂移，并逐步演化为轻微故障。,0.6091,hydraulic
RCA_TEXT_HFB-02863,HFB-02863,rca_text,结合传感器能量和检测记录，作动筒的温度异常与制造阶段高风险实体 HMAN-01135 一致。,0.5383,hydraulic
EVO_TEXT_HFB-02863,HFB-02863,fault_evolution_text,隐患先导致局部性能退化，随后传感器能量向关联通道集中，最终形成温度异常。,0.5383,hydraulic
RCA_TEXT_HFB-02864,HFB-02864,rca_text,该案例表现为轻微阀芯卡滞，根因更可能由材料阶段隐患累积触发。,0.5655,hydraulic
EVO_TEXT_HFB-02864,HFB-02864,fault_evolution_text,早期异常较弱，运行载荷放大后出现指标漂移，并逐步演化为轻微故障。,0.5655,hydraulic
RCA_TEXT_HFB-02865,HFB-02865,rca_text,该案例表现为中度流量异常，根因更可能由运维阶段隐患累积触发。,0.5919,hydraulic
EVO_TEXT_HFB-02865,HFB-02865,fault_evolution_text,隐患先导致局部性能退化，随后传感器能量向关联通道集中，最终形成流量异常。,0.5919,hydraulic
RCA_TEXT_HFB-02866,HFB-02866,rca_text,液压泵总成出现中度温度异常，生命周期风险集中在运维阶段，建议优先追溯 HOPR-02866。,0.625,hydraulic
EVO_TEXT_HFB-02866,HFB-02866,fault_evolution_text,早期异常较弱，运行载荷放大后出现指标漂移，并逐步演化为中度故障。,0.625,hydraulic
RCA_TEXT_HFB-02867,HFB-02867,rca_text,该案例表现为轻微振动异常，根因更可能由装配阶段隐患累积触发。,0.5831,hydraulic
EVO_TEXT_HFB-02867,HFB-02867,fault_evolution_text,装配阶段风险与运行工况耦合后引起状态劣化，检测指标随严重度同步升高。,0.5831,hydraulic
RCA_TEXT_HFB-02868,HFB-02868,rca_text,结合传感器能量和检测记录，管路总成的压力异常与制造阶段高风险实体 HMAN-00802 一致。,0.5925,hydraulic
EVO_TEXT_HFB-02868,HFB-02868,fault_evolution_text,制造阶段风险与运行工况耦合后引起状态劣化，检测指标随严重度同步升高。,0.5925,hydraulic
RCA_TEXT_HFB-02869,HFB-02869,rca_text,过滤器出现中度温度异常，生命周期风险集中在材料阶段，建议优先追溯 HMAT-00541。,0.6532,hydraulic
EVO_TEXT_HFB-02869,HFB-02869,fault_evolution_text,隐患先导致局部性能退化，随后传感器能量向关联通道集中，最终形成温度异常。,0.6532,hydraulic
RCA_TEXT_HFB-02870,HFB-02870,rca_text,该案例表现为轻微泄漏异常，根因更可能由装配阶段隐患累积触发。,0.5971,hydraulic
EVO_TEXT_HFB-02870,HFB-02870,fault_evolution_text,早期异常较弱，运行载荷放大后出现指标漂移，并逐步演化为轻微故障。,0.5971,hydraulic
RCA_TEXT_HFB-02871,HFB-02871,rca_text,该案例表现为轻微泄漏异常，根因更可能由设计阶段隐患累积触发。,0.644,hydraulic
EVO_TEXT_HFB-02871,HFB-02871,fault_evolution_text,早期异常较弱，运行载荷放大后出现指标漂移，并逐步演化为轻微故障。,0.644,hydraulic
RCA_TEXT_HFB-02872,HFB-02872,rca_text,溢流阀出现中度阀芯卡滞，生命周期风险集中在制造阶段，建议优先追溯 HMAN-00241。,0.6102,hydraulic
EVO_TEXT_HFB-02872,HFB-02872,fault_evolution_text,早期异常较弱，运行载荷放大后出现指标漂移，并逐步演化为中度故障。,0.6102,hydraulic
RCA_TEXT_HFB-02873,HFB-02873,rca_text,该案例表现为轻微振动异常，根因更可能由制造阶段隐患累积触发。,0.5601,hydraulic
EVO_TEXT_HFB-02873,HFB-02873,fault_evolution_text,早期异常较弱，运行载荷放大后出现指标漂移，并逐步演化为轻微故障。,0.5601,hydraulic
RCA_TEXT_HFB-02874,HFB-02874,rca_text,该案例表现为中度压力异常，根因更可能由运维阶段隐患累积触发。,0.6064,hydraulic
EVO_TEXT_HFB-02874,HFB-02874,fault_evolution_text,运维阶段风险与运行工况耦合后引起状态劣化，检测指标随严重度同步升高。,0.6064,hydraulic
RCA_TEXT_HFB-02875,HFB-02875,rca_text,结合传感器能量和检测记录，作动筒的振动异常与运维阶段高风险实体 HOPR-02875 一致。,0.6129,hydraulic
EVO_TEXT_HFB-02875,HFB-02875,fault_evolution_text,运维阶段风险与运行工况耦合后引起状态劣化，检测指标随严重度同步升高。,0.6129,hydraulic
RCA_TEXT_HFB-02876,HFB-02876,rca_text,结合传感器能量和检测记录，作动筒的阀芯卡滞与运维阶段高风险实体 HOPR-02876 一致。,0.5892,hydraulic
EVO_TEXT_HFB-02876,HFB-02876,fault_evolution_text,早期异常较弱，运行载荷放大后出现指标漂移，并逐步演化为轻微故障。,0.5892,hydraulic
RCA_TEXT_HFB-02877,HFB-02877,rca_text,过滤器出现中度温度异常，生命周期风险集中在运维阶段，建议优先追溯 HOPR-02877。,0.6396,hydraulic
EVO_TEXT_HFB-02877,HFB-02877,fault_evolution_text,运维阶段风险与运行工况耦合后引起状态劣化，检测指标随严重度同步升高。,0.6396,hydraulic
RCA_TEXT_HFB-02878,HFB-02878,rca_text,卸荷阀出现中度泄漏异常，生命周期风险集中在运维阶段，建议优先追溯 HOPR-02878。,0.6165,hydraulic
EVO_TEXT_HFB-02878,HFB-02878,fault_evolution_text,早期异常较弱，运行载荷放大后出现指标漂移，并逐步演化为中度故障。,0.6165,hydraulic
RCA_TEXT_HFB-02879,HFB-02879,rca_text,方向控制阀出现中度流量异常，生命周期风险集中在运维阶段，建议优先追溯 HOPR-02879。,0.6471,hydraulic
EVO_TEXT_HFB-02879,HFB-02879,fault_evolution_text,早期异常较弱，运行载荷放大后出现指标漂移，并逐步演化为中度故障。,0.6471,hydraulic
RCA_TEXT_HFB-02880,HFB-02880,rca_text,蓄能器出现轻微压力异常，生命周期风险集中在制造阶段，建议优先追溯 HMAN-00591。,0.5925,hydraulic
EVO_TEXT_HFB-02880,HFB-02880,fault_evolution_text,早期异常较弱，运行载荷放大后出现指标漂移，并逐步演化为轻微故障。,0.5925,hydraulic
RCA_TEXT_HFB-02881,HFB-02881,rca_text,卸荷阀出现轻微振动异常，生命周期风险集中在检测阶段，建议优先追溯 HINSP-02881。,0.4961,hydraulic
EVO_TEXT_HFB-02881,HFB-02881,fault_evolution_text,检测阶段风险与运行工况耦合后引起状态劣化，检测指标随严重度同步升高。,0.4961,hydraulic
RCA_TEXT_HFB-02882,HFB-02882,rca_text,结合传感器能量和检测记录，液压油箱的流量异常与运维阶段高风险实体 HOPR-02882 一致。,0.5548,hydraulic
EVO_TEXT_HFB-02882,HFB-02882,fault_evolution_text,隐患先导致局部性能退化，随后传感器能量向关联通道集中，最终形成流量异常。,0.5548,hydraulic
RCA_TEXT_HFB-02883,HFB-02883,rca_text,该案例表现为轻微振动异常，根因更可能由检测阶段隐患累积触发。,0.557,hydraulic
EVO_TEXT_HFB-02883,HFB-02883,fault_evolution_text,隐患先导致局部性能退化，随后传感器能量向关联通道集中，最终形成振动异常。,0.557,hydraulic
RCA_TEXT_HFB-02884,HFB-02884,rca_text,液压油箱出现轻微阀芯卡滞，生命周期风险集中在装配阶段，建议优先追溯 HASM-02884。,0.5489,hydraulic
EVO_TEXT_HFB-02884,HFB-02884,fault_evolution_text,装配阶段风险与运行工况耦合后引起状态劣化，检测指标随严重度同步升高。,0.5489,hydraulic
RCA_TEXT_HFB-02885,HFB-02885,rca_text,结合传感器能量和检测记录，过滤器的流量异常与运维阶段高风险实体 HOPR-02885 一致。,0.5912,hydraulic
EVO_TEXT_HFB-02885,HFB-02885,fault_evolution_text,早期异常较弱，运行载荷放大后出现指标漂移，并逐步演化为轻微故障。,0.5912,hydraulic
RCA_TEXT_HFB-02886,HFB-02886,rca_text,结合传感器能量和检测记录，方向控制阀的流量异常与运维阶段高风险实体 HOPR-02886 一致。,0.5809,hydraulic
EVO_TEXT_HFB-02886,HFB-02886,fault_evolution_text,早期异常较弱，运行载荷放大后出现指标漂移，并逐步演化为中度故障。,0.5809,hydraulic
RCA_TEXT_HFB-02887,HFB-02887,rca_text,单向阀出现中度阀芯卡滞，生命周期风险集中在运维阶段，建议优先追溯 HOPR-02887。,0.7032,hydraulic
EVO_TEXT_HFB-02887,HFB-02887,fault_evolution_text,隐患先导致局部性能退化，随后传感器能量向关联通道集中，最终形成阀芯卡滞。,0.7032,hydraulic
RCA_TEXT_HFB-02888,HFB-02888,rca_text,节流阀出现轻微温度异常，生命周期风险集中在运维阶段，建议优先追溯 HOPR-02888。,0.6091,hydraulic
EVO_TEXT_HFB-02888,HFB-02888,fault_evolution_text,运维阶段风险与运行工况耦合后引起状态劣化，检测指标随严重度同步升高。,0.6091,hydraulic
RCA_TEXT_HFB-02889,HFB-02889,rca_text,结合传感器能量和检测记录，管路总成的泄漏异常与运维阶段高风险实体 HOPR-02889 一致。,0.6372,hydraulic
EVO_TEXT_HFB-02889,HFB-02889,fault_evolution_text,运维阶段风险与运行工况耦合后引起状态劣化，检测指标随严重度同步升高。,0.6372,hydraulic
RCA_TEXT_HFB-02890,HFB-02890,rca_text,该案例表现为轻微温度异常，根因更可能由运维阶段隐患累积触发。,0.6389,hydraulic
EVO_TEXT_HFB-02890,HFB-02890,fault_evolution_text,隐患先导致局部性能退化，随后传感器能量向关联通道集中，最终形成温度异常。,0.6389,hydraulic
RCA_TEXT_HFB-02891,HFB-02891,rca_text,结合传感器能量和检测记录，方向控制阀的流量异常与设计阶段高风险实体 HDES-00449 一致。,0.6461,hydraulic
EVO_TEXT_HFB-02891,HFB-02891,fault_evolution_text,设计阶段风险与运行工况耦合后引起状态劣化，检测指标随严重度同步升高。,0.6461,hydraulic
RCA_TEXT_HFB-02892,HFB-02892,rca_text,结合传感器能量和检测记录，冷却器的温度异常与运维阶段高风险实体 HOPR-02892 一致。,0.5861,hydraulic
EVO_TEXT_HFB-02892,HFB-02892,fault_evolution_text,运维阶段风险与运行工况耦合后引起状态劣化，检测指标随严重度同步升高。,0.5861,hydraulic
RCA_TEXT_HFB-02893,HFB-02893,rca_text,该案例表现为轻微阀芯卡滞，根因更可能由装配阶段隐患累积触发。,0.524,hydraulic
EVO_TEXT_HFB-02893,HFB-02893,fault_evolution_text,早期异常较弱，运行载荷放大后出现指标漂移，并逐步演化为轻微故障。,0.524,hydraulic
RCA_TEXT_HFB-02894,HFB-02894,rca_text,该案例表现为轻微流量异常，根因更可能由运维阶段隐患累积触发。,0.5436,hydraulic
EVO_TEXT_HFB-02894,HFB-02894,fault_evolution_text,早期异常较弱，运行载荷放大后出现指标漂移，并逐步演化为轻微故障。,0.5436,hydraulic
RCA_TEXT_HFB-02895,HFB-02895,rca_text,该案例表现为中度流量异常，根因更可能由运维阶段隐患累积触发。,0.618,hydraulic
EVO_TEXT_HFB-02895,HFB-02895,fault_evolution_text,早期异常较弱，运行载荷放大后出现指标漂移，并逐步演化为中度故障。,0.618,hydraulic
RCA_TEXT_HFB-02896,HFB-02896,rca_text,该案例表现为中度流量异常，根因更可能由制造阶段隐患累积触发。,0.6359,hydraulic
EVO_TEXT_HFB-02896,HFB-02896,fault_evolution_text,隐患先导致局部性能退化，随后传感器能量向关联通道集中，最终形成流量异常。,0.6359,hydraulic
RCA_TEXT_HFB-02897,HFB-02897,rca_text,该案例表现为轻微阀芯卡滞，根因更可能由装配阶段隐患累积触发。,0.6391,hydraulic
EVO_TEXT_HFB-02897,HFB-02897,fault_evolution_text,装配阶段风险与运行工况耦合后引起状态劣化，检测指标随严重度同步升高。,0.6391,hydraulic
RCA_TEXT_HFB-02898,HFB-02898,rca_text,作动筒出现轻微流量异常，生命周期风险集中在运维阶段，建议优先追溯 HOPR-02898。,0.5429,hydraulic
EVO_TEXT_HFB-02898,HFB-02898,fault_evolution_text,早期异常较弱，运行载荷放大后出现指标漂移，并逐步演化为轻微故障。,0.5429,hydraulic
RCA_TEXT_HFB-02899,HFB-02899,rca_text,管路总成出现中度压力异常，生命周期风险集中在检测阶段，建议优先追溯 HINSP-02899。,0.5706,hydraulic
EVO_TEXT_HFB-02899,HFB-02899,fault_evolution_text,隐患先导致局部性能退化，随后传感器能量向关联通道集中，最终形成压力异常。,0.5706,hydraulic
RCA_TEXT_HFB-02900,HFB-02900,rca_text,液压泵总成出现轻微流量异常，生命周期风险集中在材料阶段，建议优先追溯 HMAT-00283。,0.5552,hydraulic
EVO_TEXT_HFB-02900,HFB-02900,fault_evolution_text,隐患先导致局部性能退化，随后传感器能量向关联通道集中，最终形成流量异常。,0.5552,hydraulic
RCA_TEXT_HFB-02901,HFB-02901,rca_text,该案例表现为轻微阀芯卡滞，根因更可能由制造阶段隐患累积触发。,0.5873,hydraulic
EVO_TEXT_HFB-02901,HFB-02901,fault_evolution_text,早期异常较弱，运行载荷放大后出现指标漂移，并逐步演化为轻微故障。,0.5873,hydraulic
RCA_TEXT_HFB-02902,HFB-02902,rca_text,该案例表现为轻微温度异常，根因更可能由装配阶段隐患累积触发。,0.5833,hydraulic
EVO_TEXT_HFB-02902,HFB-02902,fault_evolution_text,早期异常较弱，运行载荷放大后出现指标漂移，并逐步演化为轻微故障。,0.5833,hydraulic
RCA_TEXT_HFB-02903,HFB-02903,rca_text,该案例表现为轻微流量异常，根因更可能由装配阶段隐患累积触发。,0.6301,hydraulic
EVO_TEXT_HFB-02903,HFB-02903,fault_evolution_text,装配阶段风险与运行工况耦合后引起状态劣化，检测指标随严重度同步升高。,0.6301,hydraulic
RCA_TEXT_HFB-02904,HFB-02904,rca_text,该案例表现为轻微温度异常，根因更可能由运维阶段隐患累积触发。,0.626,hydraulic
EVO_TEXT_HFB-02904,HFB-02904,fault_evolution_text,运维阶段风险与运行工况耦合后引起状态劣化，检测指标随严重度同步升高。,0.626,hydraulic
RCA_TEXT_HFB-02905,HFB-02905,rca_text,该案例表现为轻微振动异常，根因更可能由设计阶段隐患累积触发。,0.536,hydraulic
EVO_TEXT_HFB-02905,HFB-02905,fault_evolution_text,早期异常较弱，运行载荷放大后出现指标漂移，并逐步演化为轻微故障。,0.536,hydraulic
RCA_TEXT_HFB-02906,HFB-02906,rca_text,该案例表现为轻微流量异常，根因更可能由材料阶段隐患累积触发。,0.5758,hydraulic
EVO_TEXT_HFB-02906,HFB-02906,fault_evolution_text,隐患先导致局部性能退化，随后传感器能量向关联通道集中，最终形成流量异常。,0.5758,hydraulic
RCA_TEXT_HFB-02907,HFB-02907,rca_text,结合传感器能量和检测记录，管路总成的振动异常与制造阶段高风险实体 HMAN-00330 一致。,0.5885,hydraulic
EVO_TEXT_HFB-02907,HFB-02907,fault_evolution_text,隐患先导致局部性能退化，随后传感器能量向关联通道集中，最终形成振动异常。,0.5885,hydraulic
RCA_TEXT_HFB-02908,HFB-02908,rca_text,该案例表现为中度流量异常，根因更可能由运维阶段隐患累积触发。,0.6884,hydraulic
EVO_TEXT_HFB-02908,HFB-02908,fault_evolution_text,运维阶段风险与运行工况耦合后引起状态劣化，检测指标随严重度同步升高。,0.6884,hydraulic
RCA_TEXT_HFB-02909,HFB-02909,rca_text,结合传感器能量和检测记录，管路总成的压力异常与制造阶段高风险实体 HMAN-00773 一致。,0.6731,hydraulic
EVO_TEXT_HFB-02909,HFB-02909,fault_evolution_text,早期异常较弱，运行载荷放大后出现指标漂移，并逐步演化为中度故障。,0.6731,hydraulic
RCA_TEXT_HFB-02910,HFB-02910,rca_text,该案例表现为轻微阀芯卡滞，根因更可能由设计阶段隐患累积触发。,0.5864,hydraulic
EVO_TEXT_HFB-02910,HFB-02910,fault_evolution_text,设计阶段风险与运行工况耦合后引起状态劣化，检测指标随严重度同步升高。,0.5864,hydraulic
RCA_TEXT_HFB-02911,HFB-02911,rca_text,管路总成出现中度泄漏异常，生命周期风险集中在运维阶段，建议优先追溯 HOPR-02911。,0.6225,hydraulic
EVO_TEXT_HFB-02911,HFB-02911,fault_evolution_text,隐患先导致局部性能退化，随后传感器能量向关联通道集中，最终形成泄漏异常。,0.6225,hydraulic
RCA_TEXT_HFB-02912,HFB-02912,rca_text,结合传感器能量和检测记录，节流阀的压力异常与运维阶段高风险实体 HOPR-02912 一致。,0.5842,hydraulic
EVO_TEXT_HFB-02912,HFB-02912,fault_evolution_text,隐患先导致局部性能退化，随后传感器能量向关联通道集中，最终形成压力异常。,0.5842,hydraulic
RCA_TEXT_HFB-02913,HFB-02913,rca_text,过滤器出现轻微阀芯卡滞，生命周期风险集中在材料阶段，建议优先追溯 HMAT-00496。,0.5464,hydraulic
EVO_TEXT_HFB-02913,HFB-02913,fault_evolution_text,隐患先导致局部性能退化，随后传感器能量向关联通道集中，最终形成阀芯卡滞。,0.5464,hydraulic
RCA_TEXT_HFB-02914,HFB-02914,rca_text,该案例表现为中度流量异常，根因更可能由设计阶段隐患累积触发。,0.6701,hydraulic
EVO_TEXT_HFB-02914,HFB-02914,fault_evolution_text,设计阶段风险与运行工况耦合后引起状态劣化，检测指标随严重度同步升高。,0.6701,hydraulic
RCA_TEXT_HFB-02915,HFB-02915,rca_text,该案例表现为轻微振动异常，根因更可能由运维阶段隐患累积触发。,0.5364,hydraulic
EVO_TEXT_HFB-02915,HFB-02915,fault_evolution_text,隐患先导致局部性能退化，随后传感器能量向关联通道集中，最终形成振动异常。,0.5364,hydraulic
RCA_TEXT_HFB-02916,HFB-02916,rca_text,该案例表现为中度温度异常，根因更可能由装配阶段隐患累积触发。,0.585,hydraulic
EVO_TEXT_HFB-02916,HFB-02916,fault_evolution_text,装配阶段风险与运行工况耦合后引起状态劣化，检测指标随严重度同步升高。,0.585,hydraulic
RCA_TEXT_HFB-02917,HFB-02917,rca_text,该案例表现为中度压力异常，根因更可能由检测阶段隐患累积触发。,0.5771,hydraulic
EVO_TEXT_HFB-02917,HFB-02917,fault_evolution_text,早期异常较弱，运行载荷放大后出现指标漂移，并逐步演化为中度故障。,0.5771,hydraulic
RCA_TEXT_HFB-02918,HFB-02918,rca_text,卸荷阀出现轻微阀芯卡滞，生命周期风险集中在制造阶段，建议优先追溯 HMAN-00226。,0.6461,hydraulic
EVO_TEXT_HFB-02918,HFB-02918,fault_evolution_text,隐患先导致局部性能退化，随后传感器能量向关联通道集中，最终形成阀芯卡滞。,0.6461,hydraulic
RCA_TEXT_HFB-02919,HFB-02919,rca_text,该案例表现为中度流量异常，根因更可能由材料阶段隐患累积触发。,0.6296,hydraulic
EVO_TEXT_HFB-02919,HFB-02919,fault_evolution_text,隐患先导致局部性能退化，随后传感器能量向关联通道集中，最终形成流量异常。,0.6296,hydraulic
RCA_TEXT_HFB-02920,HFB-02920,rca_text,该案例表现为轻微阀芯卡滞，根因更可能由检测阶段隐患累积触发。,0.6042,hydraulic
EVO_TEXT_HFB-02920,HFB-02920,fault_evolution_text,隐患先导致局部性能退化，随后传感器能量向关联通道集中，最终形成阀芯卡滞。,0.6042,hydraulic
RCA_TEXT_HFB-02921,HFB-02921,rca_text,过滤器出现轻微压力异常，生命周期风险集中在运维阶段，建议优先追溯 HOPR-02921。,0.5611,hydraulic
EVO_TEXT_HFB-02921,HFB-02921,fault_evolution_text,运维阶段风险与运行工况耦合后引起状态劣化，检测指标随严重度同步升高。,0.5611,hydraulic
RCA_TEXT_HFB-02922,HFB-02922,rca_text,结合传感器能量和检测记录，液压泵总成的泄漏异常与检测阶段高风险实体 HINSP-02922 一致。,0.6334,hydraulic
EVO_TEXT_HFB-02922,HFB-02922,fault_evolution_text,检测阶段风险与运行工况耦合后引起状态劣化，检测指标随严重度同步升高。,0.6334,hydraulic
RCA_TEXT_HFB-02923,HFB-02923,rca_text,结合传感器能量和检测记录，溢流阀的压力异常与检测阶段高风险实体 HINSP-02923 一致。,0.6837,hydraulic
EVO_TEXT_HFB-02923,HFB-02923,fault_evolution_text,隐患先导致局部性能退化，随后传感器能量向关联通道集中，最终形成压力异常。,0.6837,hydraulic
RCA_TEXT_HFB-02924,HFB-02924,rca_text,结合传感器能量和检测记录，方向控制阀的流量异常与材料阶段高风险实体 HMAT-00256 一致。,0.6378,hydraulic
EVO_TEXT_HFB-02924,HFB-02924,fault_evolution_text,早期异常较弱，运行载荷放大后出现指标漂移，并逐步演化为中度故障。,0.6378,hydraulic
RCA_TEXT_HFB-02925,HFB-02925,rca_text,结合传感器能量和检测记录，节流阀的阀芯卡滞与材料阶段高风险实体 HMAT-00432 一致。,0.583,hydraulic
EVO_TEXT_HFB-02925,HFB-02925,fault_evolution_text,早期异常较弱，运行载荷放大后出现指标漂移，并逐步演化为中度故障。,0.583,hydraulic
RCA_TEXT_HFB-02926,HFB-02926,rca_text,该案例表现为中度压力异常，根因更可能由装配阶段隐患累积触发。,0.5604,hydraulic
EVO_TEXT_HFB-02926,HFB-02926,fault_evolution_text,隐患先导致局部性能退化，随后传感器能量向关联通道集中，最终形成压力异常。,0.5604,hydraulic
RCA_TEXT_HFB-02927,HFB-02927,rca_text,该案例表现为轻微振动异常，根因更可能由制造阶段隐患累积触发。,0.6279,hydraulic
EVO_TEXT_HFB-02927,HFB-02927,fault_evolution_text,早期异常较弱，运行载荷放大后出现指标漂移，并逐步演化为轻微故障。,0.6279,hydraulic
RCA_TEXT_HFB-02928,HFB-02928,rca_text,冷却器出现轻微流量异常，生命周期风险集中在制造阶段，建议优先追溯 HMAN-00667。,0.5739,hydraulic
EVO_TEXT_HFB-02928,HFB-02928,fault_evolution_text,隐患先导致局部性能退化，随后传感器能量向关联通道集中，最终形成流量异常。,0.5739,hydraulic
RCA_TEXT_HFB-02929,HFB-02929,rca_text,该案例表现为中度温度异常，根因更可能由运维阶段隐患累积触发。,0.5922,hydraulic
EVO_TEXT_HFB-02929,HFB-02929,fault_evolution_text,早期异常较弱，运行载荷放大后出现指标漂移，并逐步演化为中度故障。,0.5922,hydraulic
RCA_TEXT_HFB-02930,HFB-02930,rca_text,结合传感器能量和检测记录，节流阀的流量异常与运维阶段高风险实体 HOPR-02930 一致。,0.6063,hydraulic
EVO_TEXT_HFB-02930,HFB-02930,fault_evolution_text,运维阶段风险与运行工况耦合后引起状态劣化，检测指标随严重度同步升高。,0.6063,hydraulic
RCA_TEXT_HFB-02931,HFB-02931,rca_text,该案例表现为轻微温度异常，根因更可能由设计阶段隐患累积触发。,0.5989,hydraulic
EVO_TEXT_HFB-02931,HFB-02931,fault_evolution_text,设计阶段风险与运行工况耦合后引起状态劣化，检测指标随严重度同步升高。,0.5989,hydraulic
RCA_TEXT_HFB-02932,HFB-02932,rca_text,过滤器出现中度振动异常，生命周期风险集中在设计阶段，建议优先追溯 HDES-00358。,0.6617,hydraulic
EVO_TEXT_HFB-02932,HFB-02932,fault_evolution_text,设计阶段风险与运行工况耦合后引起状态劣化，检测指标随严重度同步升高。,0.6617,hydraulic
RCA_TEXT_HFB-02933,HFB-02933,rca_text,该案例表现为中度阀芯卡滞，根因更可能由制造阶段隐患累积触发。,0.5976,hydraulic
EVO_TEXT_HFB-02933,HFB-02933,fault_evolution_text,隐患先导致局部性能退化，随后传感器能量向关联通道集中，最终形成阀芯卡滞。,0.5976,hydraulic
RCA_TEXT_HFB-02934,HFB-02934,rca_text,该案例表现为轻微泄漏异常，根因更可能由设计阶段隐患累积触发。,0.5499,hydraulic
EVO_TEXT_HFB-02934,HFB-02934,fault_evolution_text,隐患先导致局部性能退化，随后传感器能量向关联通道集中，最终形成泄漏异常。,0.5499,hydraulic
RCA_TEXT_HFB-02935,HFB-02935,rca_text,该案例表现为轻微泄漏异常，根因更可能由材料阶段隐患累积触发。,0.5347,hydraulic
EVO_TEXT_HFB-02935,HFB-02935,fault_evolution_text,隐患先导致局部性能退化，随后传感器能量向关联通道集中，最终形成泄漏异常。,0.5347,hydraulic
RCA_TEXT_HFB-02936,HFB-02936,rca_text,结合传感器能量和检测记录，单向阀的温度异常与制造阶段高风险实体 HMAN-00344 一致。,0.5256,hydraulic
EVO_TEXT_HFB-02936,HFB-02936,fault_evolution_text,早期异常较弱，运行载荷放大后出现指标漂移，并逐步演化为轻微故障。,0.5256,hydraulic
RCA_TEXT_HFB-02937,HFB-02937,rca_text,该案例表现为轻微压力异常，根因更可能由运维阶段隐患累积触发。,0.6107,hydraulic
EVO_TEXT_HFB-02937,HFB-02937,fault_evolution_text,隐患先导致局部性能退化，随后传感器能量向关联通道集中，最终形成压力异常。,0.6107,hydraulic
RCA_TEXT_HFB-02938,HFB-02938,rca_text,结合传感器能量和检测记录，蓄能器的振动异常与制造阶段高风险实体 HMAN-01025 一致。,0.6129,hydraulic
EVO_TEXT_HFB-02938,HFB-02938,fault_evolution_text,制造阶段风险与运行工况耦合后引起状态劣化，检测指标随严重度同步升高。,0.6129,hydraulic
RCA_TEXT_HFB-02939,HFB-02939,rca_text,结合传感器能量和检测记录，节流阀的流量异常与制造阶段高风险实体 HMAN-00230 一致。,0.6276,hydraulic
EVO_TEXT_HFB-02939,HFB-02939,fault_evolution_text,隐患先导致局部性能退化，随后传感器能量向关联通道集中，最终形成流量异常。,0.6276,hydraulic
RCA_TEXT_HFB-02940,HFB-02940,rca_text,过滤器出现轻微温度异常，生命周期风险集中在运维阶段，建议优先追溯 HOPR-02940。,0.6082,hydraulic
EVO_TEXT_HFB-02940,HFB-02940,fault_evolution_text,隐患先导致局部性能退化，随后传感器能量向关联通道集中，最终形成温度异常。,0.6082,hydraulic
RCA_TEXT_HFB-02941,HFB-02941,rca_text,该案例表现为中度泄漏异常，根因更可能由装配阶段隐患累积触发。,0.6064,hydraulic
EVO_TEXT_HFB-02941,HFB-02941,fault_evolution_text,早期异常较弱，运行载荷放大后出现指标漂移，并逐步演化为中度故障。,0.6064,hydraulic
RCA_TEXT_HFB-02942,HFB-02942,rca_text,结合传感器能量和检测记录，节流阀的流量异常与制造阶段高风险实体 HMAN-00188 一致。,0.5756,hydraulic
EVO_TEXT_HFB-02942,HFB-02942,fault_evolution_text,制造阶段风险与运行工况耦合后引起状态劣化，检测指标随严重度同步升高。,0.5756,hydraulic
RCA_TEXT_HFB-02943,HFB-02943,rca_text,该案例表现为中度压力异常，根因更可能由设计阶段隐患累积触发。,0.6747,hydraulic
EVO_TEXT_HFB-02943,HFB-02943,fault_evolution_text,设计阶段风险与运行工况耦合后引起状态劣化，检测指标随严重度同步升高。,0.6747,hydraulic
RCA_TEXT_HFB-02944,HFB-02944,rca_text,结合传感器能量和检测记录，管路总成的泄漏异常与制造阶段高风险实体 HMAN-00940 一致。,0.6203,hydraulic
EVO_TEXT_HFB-02944,HFB-02944,fault_evolution_text,早期异常较弱，运行载荷放大后出现指标漂移，并逐步演化为中度故障。,0.6203,hydraulic
RCA_TEXT_HFB-02945,HFB-02945,rca_text,结合传感器能量和检测记录，蓄能器的振动异常与材料阶段高风险实体 HMAT-00421 一致。,0.6065,hydraulic
EVO_TEXT_HFB-02945,HFB-02945,fault_evolution_text,隐患先导致局部性能退化，随后传感器能量向关联通道集中，最终形成振动异常。,0.6065,hydraulic
RCA_TEXT_HFB-02946,HFB-02946,rca_text,冷却器出现轻微温度异常，生命周期风险集中在材料阶段，建议优先追溯 HMAT-00505。,0.5782,hydraulic
EVO_TEXT_HFB-02946,HFB-02946,fault_evolution_text,材料阶段风险与运行工况耦合后引起状态劣化，检测指标随严重度同步升高。,0.5782,hydraulic
RCA_TEXT_HFB-02947,HFB-02947,rca_text,该案例表现为轻微泄漏异常，根因更可能由装配阶段隐患累积触发。,0.6867,hydraulic
EVO_TEXT_HFB-02947,HFB-02947,fault_evolution_text,装配阶段风险与运行工况耦合后引起状态劣化，检测指标随严重度同步升高。,0.6867,hydraulic
RCA_TEXT_HFB-02948,HFB-02948,rca_text,该案例表现为轻微泄漏异常，根因更可能由检测阶段隐患累积触发。,0.5747,hydraulic
EVO_TEXT_HFB-02948,HFB-02948,fault_evolution_text,早期异常较弱，运行载荷放大后出现指标漂移，并逐步演化为轻微故障。,0.5747,hydraulic
RCA_TEXT_HFB-02949,HFB-02949,rca_text,节流阀出现轻微泄漏异常，生命周期风险集中在装配阶段，建议优先追溯 HASM-02949。,0.5838,hydraulic
EVO_TEXT_HFB-02949,HFB-02949,fault_evolution_text,早期异常较弱，运行载荷放大后出现指标漂移，并逐步演化为轻微故障。,0.5838,hydraulic
RCA_TEXT_HFB-02950,HFB-02950,rca_text,作动筒出现中度振动异常，生命周期风险集中在材料阶段，建议优先追溯 HMAT-00031。,0.6469,hydraulic
EVO_TEXT_HFB-02950,HFB-02950,fault_evolution_text,早期异常较弱，运行载荷放大后出现指标漂移，并逐步演化为中度故障。,0.6469,hydraulic
RCA_TEXT_HFB-02951,HFB-02951,rca_text,结合传感器能量和检测记录，卸荷阀的泄漏异常与设计阶段高风险实体 HDES-00443 一致。,0.5926,hydraulic
EVO_TEXT_HFB-02951,HFB-02951,fault_evolution_text,早期异常较弱，运行载荷放大后出现指标漂移，并逐步演化为中度故障。,0.5926,hydraulic
RCA_TEXT_HFB-02952,HFB-02952,rca_text,该案例表现为轻微压力异常，根因更可能由运维阶段隐患累积触发。,0.5638,hydraulic
EVO_TEXT_HFB-02952,HFB-02952,fault_evolution_text,隐患先导致局部性能退化，随后传感器能量向关联通道集中，最终形成压力异常。,0.5638,hydraulic
RCA_TEXT_HFB-02953,HFB-02953,rca_text,蓄能器出现轻微泄漏异常，生命周期风险集中在检测阶段，建议优先追溯 HINSP-02953。,0.5645,hydraulic
EVO_TEXT_HFB-02953,HFB-02953,fault_evolution_text,隐患先导致局部性能退化，随后传感器能量向关联通道集中，最终形成泄漏异常。,0.5645,hydraulic
RCA_TEXT_HFB-02954,HFB-02954,rca_text,节流阀出现轻微阀芯卡滞，生命周期风险集中在制造阶段，建议优先追溯 HMAN-01194。,0.649,hydraulic
EVO_TEXT_HFB-02954,HFB-02954,fault_evolution_text,早期异常较弱，运行载荷放大后出现指标漂移，并逐步演化为轻微故障。,0.649,hydraulic
RCA_TEXT_HFB-02955,HFB-02955,rca_text,该案例表现为轻微泄漏异常，根因更可能由运维阶段隐患累积触发。,0.6097,hydraulic
EVO_TEXT_HFB-02955,HFB-02955,fault_evolution_text,运维阶段风险与运行工况耦合后引起状态劣化，检测指标随严重度同步升高。,0.6097,hydraulic
RCA_TEXT_HFB-02956,HFB-02956,rca_text,该案例表现为轻微压力异常，根因更可能由装配阶段隐患累积触发。,0.6215,hydraulic
EVO_TEXT_HFB-02956,HFB-02956,fault_evolution_text,装配阶段风险与运行工况耦合后引起状态劣化，检测指标随严重度同步升高。,0.6215,hydraulic
RCA_TEXT_HFB-02957,HFB-02957,rca_text,结合传感器能量和检测记录，冷却器的温度异常与运维阶段高风险实体 HOPR-02957 一致。,0.619,hydraulic
EVO_TEXT_HFB-02957,HFB-02957,fault_evolution_text,隐患先导致局部性能退化，随后传感器能量向关联通道集中，最终形成温度异常。,0.619,hydraulic
RCA_TEXT_HFB-02958,HFB-02958,rca_text,结合传感器能量和检测记录，作动筒的流量异常与运维阶段高风险实体 HOPR-02958 一致。,0.5553,hydraulic
EVO_TEXT_HFB-02958,HFB-02958,fault_evolution_text,运维阶段风险与运行工况耦合后引起状态劣化，检测指标随严重度同步升高。,0.5553,hydraulic
RCA_TEXT_HFB-02959,HFB-02959,rca_text,该案例表现为轻微压力异常，根因更可能由制造阶段隐患累积触发。,0.6288,hydraulic
EVO_TEXT_HFB-02959,HFB-02959,fault_evolution_text,制造阶段风险与运行工况耦合后引起状态劣化，检测指标随严重度同步升高。,0.6288,hydraulic
RCA_TEXT_HFB-02960,HFB-02960,rca_text,该案例表现为轻微压力异常，根因更可能由运维阶段隐患累积触发。,0.5883,hydraulic
EVO_TEXT_HFB-02960,HFB-02960,fault_evolution_text,早期异常较弱，运行载荷放大后出现指标漂移，并逐步演化为轻微故障。,0.5883,hydraulic
RCA_TEXT_HFB-02961,HFB-02961,rca_text,该案例表现为轻微温度异常，根因更可能由设计阶段隐患累积触发。,0.5985,hydraulic
EVO_TEXT_HFB-02961,HFB-02961,fault_evolution_text,隐患先导致局部性能退化，随后传感器能量向关联通道集中，最终形成温度异常。,0.5985,hydraulic
RCA_TEXT_HFB-02962,HFB-02962,rca_text,管路总成出现中度泄漏异常，生命周期风险集中在运维阶段，建议优先追溯 HOPR-02962。,0.7065,hydraulic
EVO_TEXT_HFB-02962,HFB-02962,fault_evolution_text,早期异常较弱，运行载荷放大后出现指标漂移，并逐步演化为中度故障。,0.7065,hydraulic
RCA_TEXT_HFB-02963,HFB-02963,rca_text,结合传感器能量和检测记录，作动筒的振动异常与运维阶段高风险实体 HOPR-02963 一致。,0.5346,hydraulic
EVO_TEXT_HFB-02963,HFB-02963,fault_evolution_text,早期异常较弱，运行载荷放大后出现指标漂移，并逐步演化为轻微故障。,0.5346,hydraulic
RCA_TEXT_HFB-02964,HFB-02964,rca_text,该案例表现为轻微压力异常，根因更可能由制造阶段隐患累积触发。,0.5589,hydraulic
EVO_TEXT_HFB-02964,HFB-02964,fault_evolution_text,制造阶段风险与运行工况耦合后引起状态劣化，检测指标随严重度同步升高。,0.5589,hydraulic
RCA_TEXT_HFB-02965,HFB-02965,rca_text,结合传感器能量和检测记录，冷却器的压力异常与运维阶段高风险实体 HOPR-02965 一致。,0.5656,hydraulic
EVO_TEXT_HFB-02965,HFB-02965,fault_evolution_text,运维阶段风险与运行工况耦合后引起状态劣化，检测指标随严重度同步升高。,0.5656,hydraulic
RCA_TEXT_HFB-02966,HFB-02966,rca_text,节流阀出现中度流量异常，生命周期风险集中在运维阶段，建议优先追溯 HOPR-02966。,0.6601,hydraulic
EVO_TEXT_HFB-02966,HFB-02966,fault_evolution_text,隐患先导致局部性能退化，随后传感器能量向关联通道集中，最终形成流量异常。,0.6601,hydraulic
RCA_TEXT_HFB-02967,HFB-02967,rca_text,结合传感器能量和检测记录，节流阀的泄漏异常与运维阶段高风险实体 HOPR-02967 一致。,0.5784,hydraulic
EVO_TEXT_HFB-02967,HFB-02967,fault_evolution_text,早期异常较弱，运行载荷放大后出现指标漂移，并逐步演化为轻微故障。,0.5784,hydraulic
RCA_TEXT_HFB-02968,HFB-02968,rca_text,结合传感器能量和检测记录，管路总成的流量异常与检测阶段高风险实体 HINSP-02968 一致。,0.6349,hydraulic
EVO_TEXT_HFB-02968,HFB-02968,fault_evolution_text,早期异常较弱，运行载荷放大后出现指标漂移，并逐步演化为轻微故障。,0.6349,hydraulic
RCA_TEXT_HFB-02969,HFB-02969,rca_text,结合传感器能量和检测记录，卸荷阀的阀芯卡滞与运维阶段高风险实体 HOPR-02969 一致。,0.5707,hydraulic
EVO_TEXT_HFB-02969,HFB-02969,fault_evolution_text,早期异常较弱，运行载荷放大后出现指标漂移，并逐步演化为轻微故障。,0.5707,hydraulic
RCA_TEXT_HFB-02970,HFB-02970,rca_text,结合传感器能量和检测记录，管路总成的泄漏异常与设计阶段高风险实体 HPIP-00522 一致。,0.7301,hydraulic
EVO_TEXT_HFB-02970,HFB-02970,fault_evolution_text,早期异常较弱，运行载荷放大后出现指标漂移，并逐步演化为中度故障。,0.7301,hydraulic
RCA_TEXT_HFB-02971,HFB-02971,rca_text,该案例表现为中度流量异常，根因更可能由运维阶段隐患累积触发。,0.6521,hydraulic
EVO_TEXT_HFB-02971,HFB-02971,fault_evolution_text,隐患先导致局部性能退化，随后传感器能量向关联通道集中，最终形成流量异常。,0.6521,hydraulic
RCA_TEXT_HFB-02972,HFB-02972,rca_text,管路总成出现轻微压力异常，生命周期风险集中在运维阶段，建议优先追溯 HOPR-02972。,0.5927,hydraulic
EVO_TEXT_HFB-02972,HFB-02972,fault_evolution_text,运维阶段风险与运行工况耦合后引起状态劣化，检测指标随严重度同步升高。,0.5927,hydraulic
RCA_TEXT_HFB-02973,HFB-02973,rca_text,该案例表现为轻微流量异常，根因更可能由制造阶段隐患累积触发。,0.5629,hydraulic
EVO_TEXT_HFB-02973,HFB-02973,fault_evolution_text,制造阶段风险与运行工况耦合后引起状态劣化，检测指标随严重度同步升高。,0.5629,hydraulic
RCA_TEXT_HFB-02974,HFB-02974,rca_text,该案例表现为轻微温度异常，根因更可能由材料阶段隐患累积触发。,0.6142,hydraulic
EVO_TEXT_HFB-02974,HFB-02974,fault_evolution_text,材料阶段风险与运行工况耦合后引起状态劣化，检测指标随严重度同步升高。,0.6142,hydraulic
RCA_TEXT_HFB-02975,HFB-02975,rca_text,该案例表现为轻微泄漏异常，根因更可能由材料阶段隐患累积触发。,0.5823,hydraulic
EVO_TEXT_HFB-02975,HFB-02975,fault_evolution_text,早期异常较弱，运行载荷放大后出现指标漂移，并逐步演化为轻微故障。,0.5823,hydraulic
RCA_TEXT_HFB-02976,HFB-02976,rca_text,结合传感器能量和检测记录，管路总成的压力异常与制造阶段高风险实体 HMAN-00431 一致。,0.646,hydraulic
EVO_TEXT_HFB-02976,HFB-02976,fault_evolution_text,隐患先导致局部性能退化，随后传感器能量向关联通道集中，最终形成压力异常。,0.646,hydraulic
RCA_TEXT_HFB-02977,HFB-02977,rca_text,该案例表现为中度流量异常，根因更可能由制造阶段隐患累积触发。,0.7157,hydraulic
EVO_TEXT_HFB-02977,HFB-02977,fault_evolution_text,制造阶段风险与运行工况耦合后引起状态劣化，检测指标随严重度同步升高。,0.7157,hydraulic
RCA_TEXT_HFB-02978,HFB-02978,rca_text,液压泵总成出现轻微流量异常，生命周期风险集中在运维阶段，建议优先追溯 HOPR-02978。,0.5725,hydraulic
EVO_TEXT_HFB-02978,HFB-02978,fault_evolution_text,早期异常较弱，运行载荷放大后出现指标漂移，并逐步演化为轻微故障。,0.5725,hydraulic
RCA_TEXT_HFB-02979,HFB-02979,rca_text,冷却器出现轻微泄漏异常，生命周期风险集中在运维阶段，建议优先追溯 HOPR-02979。,0.5809,hydraulic
EVO_TEXT_HFB-02979,HFB-02979,fault_evolution_text,运维阶段风险与运行工况耦合后引起状态劣化，检测指标随严重度同步升高。,0.5809,hydraulic
RCA_TEXT_HFB-02980,HFB-02980,rca_text,过滤器出现轻微流量异常，生命周期风险集中在运维阶段，建议优先追溯 HOPR-02980。,0.621,hydraulic
EVO_TEXT_HFB-02980,HFB-02980,fault_evolution_text,早期异常较弱，运行载荷放大后出现指标漂移，并逐步演化为轻微故障。,0.621,hydraulic
RCA_TEXT_HFB-02981,HFB-02981,rca_text,该案例表现为轻微振动异常，根因更可能由运维阶段隐患累积触发。,0.6469,hydraulic
EVO_TEXT_HFB-02981,HFB-02981,fault_evolution_text,隐患先导致局部性能退化，随后传感器能量向关联通道集中，最终形成振动异常。,0.6469,hydraulic
RCA_TEXT_HFB-02982,HFB-02982,rca_text,结合传感器能量和检测记录，节流阀的流量异常与运维阶段高风险实体 HOPR-02982 一致。,0.5868,hydraulic
EVO_TEXT_HFB-02982,HFB-02982,fault_evolution_text,早期异常较弱，运行载荷放大后出现指标漂移，并逐步演化为轻微故障。,0.5868,hydraulic
RCA_TEXT_HFB-02983,HFB-02983,rca_text,该案例表现为轻微阀芯卡滞，根因更可能由材料阶段隐患累积触发。,0.6023,hydraulic
EVO_TEXT_HFB-02983,HFB-02983,fault_evolution_text,早期异常较弱，运行载荷放大后出现指标漂移，并逐步演化为轻微故障。,0.6023,hydraulic
RCA_TEXT_HFB-02984,HFB-02984,rca_text,结合传感器能量和检测记录，管路总成的流量异常与设计阶段高风险实体 HPIP-00526 一致。,0.5394,hydraulic
EVO_TEXT_HFB-02984,HFB-02984,fault_evolution_text,设计阶段风险与运行工况耦合后引起状态劣化，检测指标随严重度同步升高。,0.5394,hydraulic
RCA_TEXT_HFB-02985,HFB-02985,rca_text,结合传感器能量和检测记录，作动筒的泄漏异常与装配阶段高风险实体 HASM-02985 一致。,0.5955,hydraulic
EVO_TEXT_HFB-02985,HFB-02985,fault_evolution_text,早期异常较弱，运行载荷放大后出现指标漂移，并逐步演化为轻微故障。,0.5955,hydraulic
RCA_TEXT_HFB-02986,HFB-02986,rca_text,单向阀出现轻微泄漏异常，生命周期风险集中在材料阶段，建议优先追溯 HMAT-00092。,0.5712,hydraulic
EVO_TEXT_HFB-02986,HFB-02986,fault_evolution_text,早期异常较弱，运行载荷放大后出现指标漂移，并逐步演化为轻微故障。,0.5712,hydraulic
RCA_TEXT_HFB-02987,HFB-02987,rca_text,该案例表现为中度阀芯卡滞，根因更可能由运维阶段隐患累积触发。,0.6364,hydraulic
EVO_TEXT_HFB-02987,HFB-02987,fault_evolution_text,运维阶段风险与运行工况耦合后引起状态劣化，检测指标随严重度同步升高。,0.6364,hydraulic
RCA_TEXT_HFB-02988,HFB-02988,rca_text,方向控制阀出现轻微流量异常，生命周期风险集中在材料阶段，建议优先追溯 HMAT-00121。,0.5659,hydraulic
EVO_TEXT_HFB-02988,HFB-02988,fault_evolution_text,早期异常较弱，运行载荷放大后出现指标漂移，并逐步演化为轻微故障。,0.5659,hydraulic
RCA_TEXT_HFB-02989,HFB-02989,rca_text,该案例表现为中度温度异常，根因更可能由运维阶段隐患累积触发。,0.6188,hydraulic
EVO_TEXT_HFB-02989,HFB-02989,fault_evolution_text,运维阶段风险与运行工况耦合后引起状态劣化，检测指标随严重度同步升高。,0.6188,hydraulic
RCA_TEXT_HFB-02990,HFB-02990,rca_text,结合传感器能量和检测记录，节流阀的流量异常与制造阶段高风险实体 HMAN-00841 一致。,0.6606,hydraulic
EVO_TEXT_HFB-02990,HFB-02990,fault_evolution_text,制造阶段风险与运行工况耦合后引起状态劣化，检测指标随严重度同步升高。,0.6606,hydraulic
RCA_TEXT_HFB-02991,HFB-02991,rca_text,结合传感器能量和检测记录，单向阀的振动异常与运维阶段高风险实体 HOPR-02991 一致。,0.6115,hydraulic
EVO_TEXT_HFB-02991,HFB-02991,fault_evolution_text,运维阶段风险与运行工况耦合后引起状态劣化，检测指标随严重度同步升高。,0.6115,hydraulic
RCA_TEXT_HFB-02992,HFB-02992,rca_text,结合传感器能量和检测记录，冷却器的温度异常与运维阶段高风险实体 HOPR-02992 一致。,0.5981,hydraulic
EVO_TEXT_HFB-02992,HFB-02992,fault_evolution_text,运维阶段风险与运行工况耦合后引起状态劣化，检测指标随严重度同步升高。,0.5981,hydraulic
RCA_TEXT_HFB-02993,HFB-02993,rca_text,结合传感器能量和检测记录，溢流阀的阀芯卡滞与制造阶段高风险实体 HMAN-00209 一致。,0.6613,hydraulic
EVO_TEXT_HFB-02993,HFB-02993,fault_evolution_text,早期异常较弱，运行载荷放大后出现指标漂移，并逐步演化为中度故障。,0.6613,hydraulic
RCA_TEXT_HFB-02994,HFB-02994,rca_text,过滤器出现轻微温度异常，生命周期风险集中在材料阶段，建议优先追溯 HMAT-00155。,0.6378,hydraulic
EVO_TEXT_HFB-02994,HFB-02994,fault_evolution_text,材料阶段风险与运行工况耦合后引起状态劣化，检测指标随严重度同步升高。,0.6378,hydraulic
RCA_TEXT_HFB-02995,HFB-02995,rca_text,该案例表现为中度压力异常，根因更可能由制造阶段隐患累积触发。,0.6311,hydraulic
EVO_TEXT_HFB-02995,HFB-02995,fault_evolution_text,制造阶段风险与运行工况耦合后引起状态劣化，检测指标随严重度同步升高。,0.6311,hydraulic
RCA_TEXT_HFB-02996,HFB-02996,rca_text,结合传感器能量和检测记录，过滤器的温度异常与制造阶段高风险实体 HMAN-00479 一致。,0.5596,hydraulic
EVO_TEXT_HFB-02996,HFB-02996,fault_evolution_text,制造阶段风险与运行工况耦合后引起状态劣化，检测指标随严重度同步升高。,0.5596,hydraulic
RCA_TEXT_HFB-02997,HFB-02997,rca_text,该案例表现为轻微压力异常，根因更可能由运维阶段隐患累积触发。,0.5789,hydraulic
EVO_TEXT_HFB-02997,HFB-02997,fault_evolution_text,隐患先导致局部性能退化，随后传感器能量向关联通道集中，最终形成压力异常。,0.5789,hydraulic
RCA_TEXT_HFB-02998,HFB-02998,rca_text,管路总成出现中度振动异常，生命周期风险集中在运维阶段，建议优先追溯 HOPR-02998。,0.7001,hydraulic
EVO_TEXT_HFB-02998,HFB-02998,fault_evolution_text,运维阶段风险与运行工况耦合后引起状态劣化，检测指标随严重度同步升高。,0.7001,hydraulic
RCA_TEXT_HFB-02999,HFB-02999,rca_text,结合传感器能量和检测记录，节流阀的泄漏异常与检测阶段高风险实体 HINSP-02999 一致。,0.5655,hydraulic
EVO_TEXT_HFB-02999,HFB-02999,fault_evolution_text,隐患先导致局部性能退化，随后传感器能量向关联通道集中，最终形成泄漏异常。,0.5655,hydraulic
RCA_TEXT_HFB-03000,HFB-03000,rca_text,该案例表现为轻微压力异常，根因更可能由材料阶段隐患累积触发。,0.5747,hydraulic
EVO_TEXT_HFB-03000,HFB-03000,fault_evolution_text,隐患先导致局部性能退化，随后传感器能量向关联通道集中，最终形成压力异常。,0.5747,hydraulic
RCA_TEXT_HFB-03001,HFB-03001,rca_text,管路总成出现中度压力异常，生命周期风险集中在制造阶段，建议优先追溯 HMAN-00099。,0.5908,hydraulic
EVO_TEXT_HFB-03001,HFB-03001,fault_evolution_text,早期异常较弱，运行载荷放大后出现指标漂移，并逐步演化为中度故障。,0.5908,hydraulic
RCA_TEXT_HFB-03002,HFB-03002,rca_text,该案例表现为轻微温度异常，根因更可能由运维阶段隐患累积触发。,0.5654,hydraulic
EVO_TEXT_HFB-03002,HFB-03002,fault_evolution_text,隐患先导致局部性能退化，随后传感器能量向关联通道集中，最终形成温度异常。,0.5654,hydraulic
RCA_TEXT_HFB-03003,HFB-03003,rca_text,该案例表现为轻微温度异常，根因更可能由运维阶段隐患累积触发。,0.5689,hydraulic
EVO_TEXT_HFB-03003,HFB-03003,fault_evolution_text,运维阶段风险与运行工况耦合后引起状态劣化，检测指标随严重度同步升高。,0.5689,hydraulic
RCA_TEXT_HFB-03004,HFB-03004,rca_text,结合传感器能量和检测记录，管路总成的振动异常与制造阶段高风险实体 HMAN-00384 一致。,0.7047,hydraulic
EVO_TEXT_HFB-03004,HFB-03004,fault_evolution_text,早期异常较弱，运行载荷放大后出现指标漂移，并逐步演化为中度故障。,0.7047,hydraulic
RCA_TEXT_HFB-03005,HFB-03005,rca_text,该案例表现为轻微压力异常，根因更可能由运维阶段隐患累积触发。,0.5439,hydraulic
EVO_TEXT_HFB-03005,HFB-03005,fault_evolution_text,隐患先导致局部性能退化，随后传感器能量向关联通道集中，最终形成压力异常。,0.5439,hydraulic
RCA_TEXT_HFB-03006,HFB-03006,rca_text,结合传感器能量和检测记录，管路总成的阀芯卡滞与运维阶段高风险实体 HOPR-03006 一致。,0.5708,hydraulic
EVO_TEXT_HFB-03006,HFB-03006,fault_evolution_text,早期异常较弱，运行载荷放大后出现指标漂移，并逐步演化为轻微故障。,0.5708,hydraulic
RCA_TEXT_HFB-03007,HFB-03007,rca_text,卸荷阀出现轻微温度异常，生命周期风险集中在运维阶段，建议优先追溯 HOPR-03007。,0.5992,hydraulic
EVO_TEXT_HFB-03007,HFB-03007,fault_evolution_text,早期异常较弱，运行载荷放大后出现指标漂移，并逐步演化为轻微故障。,0.5992,hydraulic
RCA_TEXT_HFB-03008,HFB-03008,rca_text,该案例表现为轻微振动异常，根因更可能由装配阶段隐患累积触发。,0.6057,hydraulic
EVO_TEXT_HFB-03008,HFB-03008,fault_evolution_text,装配阶段风险与运行工况耦合后引起状态劣化，检测指标随严重度同步升高。,0.6057,hydraulic
RCA_TEXT_HFB-03009,HFB-03009,rca_text,该案例表现为轻微温度异常，根因更可能由材料阶段隐患累积触发。,0.5917,hydraulic
EVO_TEXT_HFB-03009,HFB-03009,fault_evolution_text,材料阶段风险与运行工况耦合后引起状态劣化，检测指标随严重度同步升高。,0.5917,hydraulic
RCA_TEXT_HFB-03010,HFB-03010,rca_text,该案例表现为轻微振动异常，根因更可能由检测阶段隐患累积触发。,0.5846,hydraulic
EVO_TEXT_HFB-03010,HFB-03010,fault_evolution_text,隐患先导致局部性能退化，随后传感器能量向关联通道集中，最终形成振动异常。,0.5846,hydraulic
RCA_TEXT_HFB-03011,HFB-03011,rca_text,结合传感器能量和检测记录，管路总成的振动异常与制造阶段高风险实体 HMAN-00899 一致。,0.6651,hydraulic
EVO_TEXT_HFB-03011,HFB-03011,fault_evolution_text,早期异常较弱，运行载荷放大后出现指标漂移，并逐步演化为中度故障。,0.6651,hydraulic
RCA_TEXT_HFB-03012,HFB-03012,rca_text,蓄能器出现轻微温度异常，生命周期风险集中在装配阶段，建议优先追溯 HASM-03012。,0.5479,hydraulic
EVO_TEXT_HFB-03012,HFB-03012,fault_evolution_text,装配阶段风险与运行工况耦合后引起状态劣化，检测指标随严重度同步升高。,0.5479,hydraulic
RCA_TEXT_HFB-03013,HFB-03013,rca_text,该案例表现为轻微泄漏异常，根因更可能由运维阶段隐患累积触发。,0.5779,hydraulic
EVO_TEXT_HFB-03013,HFB-03013,fault_evolution_text,运维阶段风险与运行工况耦合后引起状态劣化，检测指标随严重度同步升高。,0.5779,hydraulic
RCA_TEXT_HFB-03014,HFB-03014,rca_text,该案例表现为中度压力异常，根因更可能由制造阶段隐患累积触发。,0.5971,hydraulic
EVO_TEXT_HFB-03014,HFB-03014,fault_evolution_text,早期异常较弱，运行载荷放大后出现指标漂移，并逐步演化为中度故障。,0.5971,hydraulic
RCA_TEXT_HFB-03015,HFB-03015,rca_text,液压油箱出现轻微流量异常，生命周期风险集中在装配阶段，建议优先追溯 HASM-03015。,0.6348,hydraulic
EVO_TEXT_HFB-03015,HFB-03015,fault_evolution_text,隐患先导致局部性能退化，随后传感器能量向关联通道集中，最终形成流量异常。,0.6348,hydraulic
RCA_TEXT_HFB-03016,HFB-03016,rca_text,结合传感器能量和检测记录，液压油箱的阀芯卡滞与运维阶段高风险实体 HOPR-03016 一致。,0.6322,hydraulic
EVO_TEXT_HFB-03016,HFB-03016,fault_evolution_text,隐患先导致局部性能退化，随后传感器能量向关联通道集中，最终形成阀芯卡滞。,0.6322,hydraulic
RCA_TEXT_HFB-03017,HFB-03017,rca_text,结合传感器能量和检测记录，方向控制阀的阀芯卡滞与制造阶段高风险实体 HMAN-01035 一致。,0.6261,hydraulic
EVO_TEXT_HFB-03017,HFB-03017,fault_evolution_text,制造阶段风险与运行工况耦合后引起状态劣化，检测指标随严重度同步升高。,0.6261,hydraulic
RCA_TEXT_HFB-03018,HFB-03018,rca_text,该案例表现为轻微泄漏异常，根因更可能由装配阶段隐患累积触发。,0.6105,hydraulic
EVO_TEXT_HFB-03018,HFB-03018,fault_evolution_text,装配阶段风险与运行工况耦合后引起状态劣化，检测指标随严重度同步升高。,0.6105,hydraulic
RCA_TEXT_HFB-03019,HFB-03019,rca_text,该案例表现为中度压力异常，根因更可能由运维阶段隐患累积触发。,0.6609,hydraulic
EVO_TEXT_HFB-03019,HFB-03019,fault_evolution_text,早期异常较弱，运行载荷放大后出现指标漂移，并逐步演化为中度故障。,0.6609,hydraulic
RCA_TEXT_HFB-03020,HFB-03020,rca_text,溢流阀出现轻微阀芯卡滞，生命周期风险集中在运维阶段，建议优先追溯 HOPR-03020。,0.5769,hydraulic
EVO_TEXT_HFB-03020,HFB-03020,fault_evolution_text,运维阶段风险与运行工况耦合后引起状态劣化，检测指标随严重度同步升高。,0.5769,hydraulic
RCA_TEXT_HFB-03021,HFB-03021,rca_text,该案例表现为中度泄漏异常，根因更可能由设计阶段隐患累积触发。,0.6179,hydraulic
EVO_TEXT_HFB-03021,HFB-03021,fault_evolution_text,设计阶段风险与运行工况耦合后引起状态劣化，检测指标随严重度同步升高。,0.6179,hydraulic
RCA_TEXT_HFB-03022,HFB-03022,rca_text,结合传感器能量和检测记录，溢流阀的压力异常与运维阶段高风险实体 HOPR-03022 一致。,0.5905,hydraulic
EVO_TEXT_HFB-03022,HFB-03022,fault_evolution_text,隐患先导致局部性能退化，随后传感器能量向关联通道集中，最终形成压力异常。,0.5905,hydraulic
RCA_TEXT_HFB-03023,HFB-03023,rca_text,该案例表现为中度流量异常，根因更可能由制造阶段隐患累积触发。,0.6115,hydraulic
EVO_TEXT_HFB-03023,HFB-03023,fault_evolution_text,隐患先导致局部性能退化，随后传感器能量向关联通道集中，最终形成流量异常。,0.6115,hydraulic
RCA_TEXT_HFB-03024,HFB-03024,rca_text,结合传感器能量和检测记录，单向阀的温度异常与运维阶段高风险实体 HOPR-03024 一致。,0.5629,hydraulic
EVO_TEXT_HFB-03024,HFB-03024,fault_evolution_text,早期异常较弱，运行载荷放大后出现指标漂移，并逐步演化为轻微故障。,0.5629,hydraulic
RCA_TEXT_HFB-03025,HFB-03025,rca_text,液压油箱出现轻微温度异常，生命周期风险集中在运维阶段，建议优先追溯 HOPR-03025。,0.5883,hydraulic
EVO_TEXT_HFB-03025,HFB-03025,fault_evolution_text,早期异常较弱，运行载荷放大后出现指标漂移，并逐步演化为轻微故障。,0.5883,hydraulic
RCA_TEXT_HFB-03026,HFB-03026,rca_text,结合传感器能量和检测记录，冷却器的温度异常与运维阶段高风险实体 HOPR-03026 一致。,0.6355,hydraulic
EVO_TEXT_HFB-03026,HFB-03026,fault_evolution_text,隐患先导致局部性能退化，随后传感器能量向关联通道集中，最终形成温度异常。,0.6355,hydraulic
RCA_TEXT_HFB-03027,HFB-03027,rca_text,结合传感器能量和检测记录，液压油箱的流量异常与制造阶段高风险实体 HMAN-01085 一致。,0.5862,hydraulic
EVO_TEXT_HFB-03027,HFB-03027,fault_evolution_text,早期异常较弱，运行载荷放大后出现指标漂移，并逐步演化为轻微故障。,0.5862,hydraulic
RCA_TEXT_HFB-03028,HFB-03028,rca_text,该案例表现为轻微阀芯卡滞，根因更可能由设计阶段隐患累积触发。,0.6217,hydraulic
EVO_TEXT_HFB-03028,HFB-03028,fault_evolution_text,设计阶段风险与运行工况耦合后引起状态劣化，检测指标随严重度同步升高。,0.6217,hydraulic
RCA_TEXT_HFB-03029,HFB-03029,rca_text,该案例表现为轻微阀芯卡滞，根因更可能由制造阶段隐患累积触发。,0.4774,hydraulic
EVO_TEXT_HFB-03029,HFB-03029,fault_evolution_text,隐患先导致局部性能退化，随后传感器能量向关联通道集中，最终形成阀芯卡滞。,0.4774,hydraulic
RCA_TEXT_HFB-03030,HFB-03030,rca_text,该案例表现为中度压力异常，根因更可能由检测阶段隐患累积触发。,0.5968,hydraulic
EVO_TEXT_HFB-03030,HFB-03030,fault_evolution_text,隐患先导致局部性能退化，随后传感器能量向关联通道集中，最终形成压力异常。,0.5968,hydraulic
RCA_TEXT_HFB-03031,HFB-03031,rca_text,结合传感器能量和检测记录，卸荷阀的振动异常与材料阶段高风险实体 HMAT-00201 一致。,0.5556,hydraulic
EVO_TEXT_HFB-03031,HFB-03031,fault_evolution_text,材料阶段风险与运行工况耦合后引起状态劣化，检测指标随严重度同步升高。,0.5556,hydraulic
RCA_TEXT_HFB-03032,HFB-03032,rca_text,结合传感器能量和检测记录，蓄能器的振动异常与运维阶段高风险实体 HOPR-03032 一致。,0.5849,hydraulic
EVO_TEXT_HFB-03032,HFB-03032,fault_evolution_text,运维阶段风险与运行工况耦合后引起状态劣化，检测指标随严重度同步升高。,0.5849,hydraulic
RCA_TEXT_HFB-03033,HFB-03033,rca_text,卸荷阀出现中度泄漏异常，生命周期风险集中在制造阶段，建议优先追溯 HMAN-00549。,0.5994,hydraulic
EVO_TEXT_HFB-03033,HFB-03033,fault_evolution_text,隐患先导致局部性能退化，随后传感器能量向关联通道集中，最终形成泄漏异常。,0.5994,hydraulic
RCA_TEXT_HFB-03034,HFB-03034,rca_text,节流阀出现轻微振动异常，生命周期风险集中在材料阶段，建议优先追溯 HMAT-00540。,0.5594,hydraulic
EVO_TEXT_HFB-03034,HFB-03034,fault_evolution_text,隐患先导致局部性能退化，随后传感器能量向关联通道集中，最终形成振动异常。,0.5594,hydraulic
RCA_TEXT_HFB-03035,HFB-03035,rca_text,该案例表现为中度流量异常，根因更可能由装配阶段隐患累积触发。,0.576,hydraulic
EVO_TEXT_HFB-03035,HFB-03035,fault_evolution_text,装配阶段风险与运行工况耦合后引起状态劣化，检测指标随严重度同步升高。,0.576,hydraulic
RCA_TEXT_HFB-03036,HFB-03036,rca_text,该案例表现为轻微流量异常，根因更可能由设计阶段隐患累积触发。,0.5841,hydraulic
EVO_TEXT_HFB-03036,HFB-03036,fault_evolution_text,隐患先导致局部性能退化，随后传感器能量向关联通道集中，最终形成流量异常。,0.5841,hydraulic
RCA_TEXT_HFB-03037,HFB-03037,rca_text,结合传感器能量和检测记录，溢流阀的阀芯卡滞与材料阶段高风险实体 HMAT-00154 一致。,0.5862,hydraulic
EVO_TEXT_HFB-03037,HFB-03037,fault_evolution_text,隐患先导致局部性能退化，随后传感器能量向关联通道集中，最终形成阀芯卡滞。,0.5862,hydraulic
RCA_TEXT_HFB-03038,HFB-03038,rca_text,溢流阀出现轻微振动异常，生命周期风险集中在运维阶段，建议优先追溯 HOPR-03038。,0.6085,hydraulic
EVO_TEXT_HFB-03038,HFB-03038,fault_evolution_text,运维阶段风险与运行工况耦合后引起状态劣化，检测指标随严重度同步升高。,0.6085,hydraulic
RCA_TEXT_HFB-03039,HFB-03039,rca_text,结合传感器能量和检测记录，节流阀的压力异常与检测阶段高风险实体 HINSP-03039 一致。,0.5563,hydraulic
EVO_TEXT_HFB-03039,HFB-03039,fault_evolution_text,隐患先导致局部性能退化，随后传感器能量向关联通道集中，最终形成压力异常。,0.5563,hydraulic
RCA_TEXT_HFB-03040,HFB-03040,rca_text,结合传感器能量和检测记录，溢流阀的阀芯卡滞与运维阶段高风险实体 HOPR-03040 一致。,0.6367,hydraulic
EVO_TEXT_HFB-03040,HFB-03040,fault_evolution_text,早期异常较弱，运行载荷放大后出现指标漂移，并逐步演化为中度故障。,0.6367,hydraulic
RCA_TEXT_HFB-03041,HFB-03041,rca_text,该案例表现为轻微阀芯卡滞，根因更可能由运维阶段隐患累积触发。,0.6183,hydraulic
EVO_TEXT_HFB-03041,HFB-03041,fault_evolution_text,运维阶段风险与运行工况耦合后引起状态劣化，检测指标随严重度同步升高。,0.6183,hydraulic
RCA_TEXT_HFB-03042,HFB-03042,rca_text,蓄能器出现轻微温度异常，生命周期风险集中在运维阶段，建议优先追溯 HOPR-03042。,0.5924,hydraulic
EVO_TEXT_HFB-03042,HFB-03042,fault_evolution_text,隐患先导致局部性能退化，随后传感器能量向关联通道集中，最终形成温度异常。,0.5924,hydraulic
RCA_TEXT_HFB-03043,HFB-03043,rca_text,该案例表现为轻微流量异常，根因更可能由运维阶段隐患累积触发。,0.5698,hydraulic
EVO_TEXT_HFB-03043,HFB-03043,fault_evolution_text,隐患先导致局部性能退化，随后传感器能量向关联通道集中，最终形成流量异常。,0.5698,hydraulic
RCA_TEXT_HFB-03044,HFB-03044,rca_text,结合传感器能量和检测记录，方向控制阀的阀芯卡滞与材料阶段高风险实体 HMAT-00102 一致。,0.6206,hydraulic
EVO_TEXT_HFB-03044,HFB-03044,fault_evolution_text,隐患先导致局部性能退化，随后传感器能量向关联通道集中，最终形成阀芯卡滞。,0.6206,hydraulic
RCA_TEXT_HFB-03045,HFB-03045,rca_text,结合传感器能量和检测记录，管路总成的压力异常与运维阶段高风险实体 HOPR-03045 一致。,0.6319,hydraulic
EVO_TEXT_HFB-03045,HFB-03045,fault_evolution_text,运维阶段风险与运行工况耦合后引起状态劣化，检测指标随严重度同步升高。,0.6319,hydraulic
RCA_TEXT_HFB-03046,HFB-03046,rca_text,该案例表现为轻微流量异常，根因更可能由制造阶段隐患累积触发。,0.5926,hydraulic
EVO_TEXT_HFB-03046,HFB-03046,fault_evolution_text,隐患先导致局部性能退化，随后传感器能量向关联通道集中，最终形成流量异常。,0.5926,hydraulic
RCA_TEXT_HFB-03047,HFB-03047,rca_text,结合传感器能量和检测记录，溢流阀的泄漏异常与设计阶段高风险实体 HDES-00308 一致。,0.6803,hydraulic
EVO_TEXT_HFB-03047,HFB-03047,fault_evolution_text,设计阶段风险与运行工况耦合后引起状态劣化，检测指标随严重度同步升高。,0.6803,hydraulic
RCA_TEXT_HFB-03048,HFB-03048,rca_text,过滤器出现轻微振动异常，生命周期风险集中在制造阶段，建议优先追溯 HMAN-00746。,0.5576,hydraulic
EVO_TEXT_HFB-03048,HFB-03048,fault_evolution_text,隐患先导致局部性能退化，随后传感器能量向关联通道集中，最终形成振动异常。,0.5576,hydraulic
RCA_TEXT_HFB-03049,HFB-03049,rca_text,该案例表现为中度压力异常，根因更可能由运维阶段隐患累积触发。,0.5571,hydraulic
EVO_TEXT_HFB-03049,HFB-03049,fault_evolution_text,运维阶段风险与运行工况耦合后引起状态劣化，检测指标随严重度同步升高。,0.5571,hydraulic
RCA_TEXT_HFB-03050,HFB-03050,rca_text,结合传感器能量和检测记录，液压泵总成的泄漏异常与装配阶段高风险实体 HASM-03050 一致。,0.6101,hydraulic
EVO_TEXT_HFB-03050,HFB-03050,fault_evolution_text,装配阶段风险与运行工况耦合后引起状态劣化，检测指标随严重度同步升高。,0.6101,hydraulic
RCA_TEXT_HFB-03051,HFB-03051,rca_text,该案例表现为轻微压力异常，根因更可能由制造阶段隐患累积触发。,0.5657,hydraulic
EVO_TEXT_HFB-03051,HFB-03051,fault_evolution_text,隐患先导致局部性能退化，随后传感器能量向关联通道集中，最终形成压力异常。,0.5657,hydraulic
RCA_TEXT_HFB-03052,HFB-03052,rca_text,结合传感器能量和检测记录，管路总成的振动异常与运维阶段高风险实体 HOPR-03052 一致。,0.6188,hydraulic
EVO_TEXT_HFB-03052,HFB-03052,fault_evolution_text,早期异常较弱，运行载荷放大后出现指标漂移，并逐步演化为轻微故障。,0.6188,hydraulic
RCA_TEXT_HFB-03053,HFB-03053,rca_text,结合传感器能量和检测记录，卸荷阀的泄漏异常与材料阶段高风险实体 HMAT-00224 一致。,0.6707,hydraulic
EVO_TEXT_HFB-03053,HFB-03053,fault_evolution_text,隐患先导致局部性能退化，随后传感器能量向关联通道集中，最终形成泄漏异常。,0.6707,hydraulic
RCA_TEXT_HFB-03054,HFB-03054,rca_text,该案例表现为轻微压力异常，根因更可能由运维阶段隐患累积触发。,0.5803,hydraulic
EVO_TEXT_HFB-03054,HFB-03054,fault_evolution_text,隐患先导致局部性能退化，随后传感器能量向关联通道集中，最终形成压力异常。,0.5803,hydraulic
RCA_TEXT_HFB-03055,HFB-03055,rca_text,结合传感器能量和检测记录，管路总成的泄漏异常与运维阶段高风险实体 HOPR-03055 一致。,0.6234,hydraulic
EVO_TEXT_HFB-03055,HFB-03055,fault_evolution_text,运维阶段风险与运行工况耦合后引起状态劣化，检测指标随严重度同步升高。,0.6234,hydraulic
RCA_TEXT_HFB-03056,HFB-03056,rca_text,节流阀出现轻微振动异常，生命周期风险集中在装配阶段，建议优先追溯 HASM-03056。,0.6404,hydraulic
EVO_TEXT_HFB-03056,HFB-03056,fault_evolution_text,隐患先导致局部性能退化，随后传感器能量向关联通道集中，最终形成振动异常。,0.6404,hydraulic
RCA_TEXT_HFB-03057,HFB-03057,rca_text,结合传感器能量和检测记录，方向控制阀的流量异常与运维阶段高风险实体 HOPR-03057 一致。,0.621,hydraulic
EVO_TEXT_HFB-03057,HFB-03057,fault_evolution_text,运维阶段风险与运行工况耦合后引起状态劣化，检测指标随严重度同步升高。,0.621,hydraulic
RCA_TEXT_HFB-03058,HFB-03058,rca_text,冷却器出现轻微温度异常，生命周期风险集中在运维阶段，建议优先追溯 HOPR-03058。,0.5625,hydraulic
EVO_TEXT_HFB-03058,HFB-03058,fault_evolution_text,隐患先导致局部性能退化，随后传感器能量向关联通道集中，最终形成温度异常。,0.5625,hydraulic
RCA_TEXT_HFB-03059,HFB-03059,rca_text,溢流阀出现轻微泄漏异常，生命周期风险集中在运维阶段，建议优先追溯 HOPR-03059。,0.6729,hydraulic
EVO_TEXT_HFB-03059,HFB-03059,fault_evolution_text,早期异常较弱，运行载荷放大后出现指标漂移，并逐步演化为轻微故障。,0.6729,hydraulic
RCA_TEXT_HFB-03060,HFB-03060,rca_text,结合传感器能量和检测记录，管路总成的流量异常与制造阶段高风险实体 HMAN-00234 一致。,0.621,hydraulic
EVO_TEXT_HFB-03060,HFB-03060,fault_evolution_text,隐患先导致局部性能退化，随后传感器能量向关联通道集中，最终形成流量异常。,0.621,hydraulic
RCA_TEXT_HFB-03061,HFB-03061,rca_text,该案例表现为轻微阀芯卡滞，根因更可能由材料阶段隐患累积触发。,0.6176,hydraulic
EVO_TEXT_HFB-03061,HFB-03061,fault_evolution_text,早期异常较弱，运行载荷放大后出现指标漂移，并逐步演化为轻微故障。,0.6176,hydraulic
RCA_TEXT_HFB-03062,HFB-03062,rca_text,该案例表现为轻微压力异常，根因更可能由材料阶段隐患累积触发。,0.6104,hydraulic
EVO_TEXT_HFB-03062,HFB-03062,fault_evolution_text,早期异常较弱，运行载荷放大后出现指标漂移，并逐步演化为轻微故障。,0.6104,hydraulic
RCA_TEXT_HFB-03063,HFB-03063,rca_text,管路总成出现中度流量异常，生命周期风险集中在制造阶段，建议优先追溯 HMAN-00442。,0.5679,hydraulic
EVO_TEXT_HFB-03063,HFB-03063,fault_evolution_text,早期异常较弱，运行载荷放大后出现指标漂移，并逐步演化为中度故障。,0.5679,hydraulic
RCA_TEXT_HFB-03064,HFB-03064,rca_text,卸荷阀出现轻微流量异常，生命周期风险集中在设计阶段，建议优先追溯 HDES-00818。,0.6536,hydraulic
EVO_TEXT_HFB-03064,HFB-03064,fault_evolution_text,隐患先导致局部性能退化，随后传感器能量向关联通道集中，最终形成流量异常。,0.6536,hydraulic
RCA_TEXT_HFB-03065,HFB-03065,rca_text,冷却器出现轻微温度异常，生命周期风险集中在运维阶段，建议优先追溯 HOPR-03065。,0.6801,hydraulic
EVO_TEXT_HFB-03065,HFB-03065,fault_evolution_text,运维阶段风险与运行工况耦合后引起状态劣化，检测指标随严重度同步升高。,0.6801,hydraulic
RCA_TEXT_HFB-03066,HFB-03066,rca_text,节流阀出现轻微流量异常，生命周期风险集中在设计阶段，建议优先追溯 HDES-00661。,0.6076,hydraulic
EVO_TEXT_HFB-03066,HFB-03066,fault_evolution_text,设计阶段风险与运行工况耦合后引起状态劣化，检测指标随严重度同步升高。,0.6076,hydraulic
RCA_TEXT_HFB-03067,HFB-03067,rca_text,该案例表现为轻微流量异常，根因更可能由运维阶段隐患累积触发。,0.5908,hydraulic
EVO_TEXT_HFB-03067,HFB-03067,fault_evolution_text,隐患先导致局部性能退化，随后传感器能量向关联通道集中，最终形成流量异常。,0.5908,hydraulic
RCA_TEXT_HFB-03068,HFB-03068,rca_text,该案例表现为轻微流量异常，根因更可能由运维阶段隐患累积触发。,0.597,hydraulic
EVO_TEXT_HFB-03068,HFB-03068,fault_evolution_text,隐患先导致局部性能退化，随后传感器能量向关联通道集中，最终形成流量异常。,0.597,hydraulic
RCA_TEXT_HFB-03069,HFB-03069,rca_text,蓄能器出现轻微振动异常，生命周期风险集中在运维阶段，建议优先追溯 HOPR-03069。,0.5438,hydraulic
EVO_TEXT_HFB-03069,HFB-03069,fault_evolution_text,运维阶段风险与运行工况耦合后引起状态劣化，检测指标随严重度同步升高。,0.5438,hydraulic
RCA_TEXT_HFB-03070,HFB-03070,rca_text,该案例表现为轻微振动异常，根因更可能由装配阶段隐患累积触发。,0.587,hydraulic
EVO_TEXT_HFB-03070,HFB-03070,fault_evolution_text,早期异常较弱，运行载荷放大后出现指标漂移，并逐步演化为轻微故障。,0.587,hydraulic
RCA_TEXT_HFB-03071,HFB-03071,rca_text,冷却器出现轻微温度异常，生命周期风险集中在设计阶段，建议优先追溯 HDES-00426。,0.5932,hydraulic
EVO_TEXT_HFB-03071,HFB-03071,fault_evolution_text,早期异常较弱，运行载荷放大后出现指标漂移，并逐步演化为轻微故障。,0.5932,hydraulic
RCA_TEXT_HFB-03072,HFB-03072,rca_text,该案例表现为轻微流量异常，根因更可能由运维阶段隐患累积触发。,0.6039,hydraulic
EVO_TEXT_HFB-03072,HFB-03072,fault_evolution_text,运维阶段风险与运行工况耦合后引起状态劣化，检测指标随严重度同步升高。,0.6039,hydraulic
RCA_TEXT_HFB-03073,HFB-03073,rca_text,卸荷阀出现轻微泄漏异常，生命周期风险集中在运维阶段，建议优先追溯 HOPR-03073。,0.5594,hydraulic
EVO_TEXT_HFB-03073,HFB-03073,fault_evolution_text,运维阶段风险与运行工况耦合后引起状态劣化，检测指标随严重度同步升高。,0.5594,hydraulic
RCA_TEXT_HFB-03074,HFB-03074,rca_text,该案例表现为轻微阀芯卡滞，根因更可能由设计阶段隐患累积触发。,0.5543,hydraulic
EVO_TEXT_HFB-03074,HFB-03074,fault_evolution_text,隐患先导致局部性能退化，随后传感器能量向关联通道集中，最终形成阀芯卡滞。,0.5543,hydraulic
RCA_TEXT_HFB-03075,HFB-03075,rca_text,过滤器出现轻微温度异常，生命周期风险集中在运维阶段，建议优先追溯 HOPR-03075。,0.6678,hydraulic
EVO_TEXT_HFB-03075,HFB-03075,fault_evolution_text,运维阶段风险与运行工况耦合后引起状态劣化，检测指标随严重度同步升高。,0.6678,hydraulic
RCA_TEXT_HFB-03076,HFB-03076,rca_text,结合传感器能量和检测记录，作动筒的泄漏异常与运维阶段高风险实体 HOPR-03076 一致。,0.6086,hydraulic
EVO_TEXT_HFB-03076,HFB-03076,fault_evolution_text,运维阶段风险与运行工况耦合后引起状态劣化，检测指标随严重度同步升高。,0.6086,hydraulic
RCA_TEXT_HFB-03077,HFB-03077,rca_text,该案例表现为轻微振动异常，根因更可能由装配阶段隐患累积触发。,0.5868,hydraulic
EVO_TEXT_HFB-03077,HFB-03077,fault_evolution_text,隐患先导致局部性能退化，随后传感器能量向关联通道集中，最终形成振动异常。,0.5868,hydraulic
RCA_TEXT_HFB-03078,HFB-03078,rca_text,结合传感器能量和检测记录，溢流阀的流量异常与运维阶段高风险实体 HOPR-03078 一致。,0.5201,hydraulic
EVO_TEXT_HFB-03078,HFB-03078,fault_evolution_text,早期异常较弱，运行载荷放大后出现指标漂移，并逐步演化为轻微故障。,0.5201,hydraulic
RCA_TEXT_HFB-03079,HFB-03079,rca_text,该案例表现为轻微阀芯卡滞，根因更可能由材料阶段隐患累积触发。,0.6401,hydraulic
EVO_TEXT_HFB-03079,HFB-03079,fault_evolution_text,早期异常较弱，运行载荷放大后出现指标漂移，并逐步演化为轻微故障。,0.6401,hydraulic
RCA_TEXT_HFB-03080,HFB-03080,rca_text,蓄能器出现轻微压力异常，生命周期风险集中在运维阶段，建议优先追溯 HOPR-03080。,0.6293,hydraulic
EVO_TEXT_HFB-03080,HFB-03080,fault_evolution_text,隐患先导致局部性能退化，随后传感器能量向关联通道集中，最终形成压力异常。,0.6293,hydraulic
RCA_TEXT_HFB-03081,HFB-03081,rca_text,管路总成出现中度压力异常，生命周期风险集中在运维阶段，建议优先追溯 HOPR-03081。,0.5693,hydraulic
EVO_TEXT_HFB-03081,HFB-03081,fault_evolution_text,运维阶段风险与运行工况耦合后引起状态劣化，检测指标随严重度同步升高。,0.5693,hydraulic
RCA_TEXT_HFB-03082,HFB-03082,rca_text,该案例表现为轻微阀芯卡滞，根因更可能由材料阶段隐患累积触发。,0.6851,hydraulic
EVO_TEXT_HFB-03082,HFB-03082,fault_evolution_text,隐患先导致局部性能退化，随后传感器能量向关联通道集中，最终形成阀芯卡滞。,0.6851,hydraulic
RCA_TEXT_HFB-03083,HFB-03083,rca_text,结合传感器能量和检测记录，单向阀的流量异常与制造阶段高风险实体 HMAN-00830 一致。,0.6072,hydraulic
EVO_TEXT_HFB-03083,HFB-03083,fault_evolution_text,早期异常较弱，运行载荷放大后出现指标漂移，并逐步演化为轻微故障。,0.6072,hydraulic
RCA_TEXT_HFB-03084,HFB-03084,rca_text,该案例表现为轻微流量异常，根因更可能由检测阶段隐患累积触发。,0.6682,hydraulic
EVO_TEXT_HFB-03084,HFB-03084,fault_evolution_text,检测阶段风险与运行工况耦合后引起状态劣化，检测指标随严重度同步升高。,0.6682,hydraulic
RCA_TEXT_HFB-03085,HFB-03085,rca_text,结合传感器能量和检测记录，溢流阀的振动异常与设计阶段高风险实体 HDES-00862 一致。,0.6087,hydraulic
EVO_TEXT_HFB-03085,HFB-03085,fault_evolution_text,早期异常较弱，运行载荷放大后出现指标漂移，并逐步演化为轻微故障。,0.6087,hydraulic
RCA_TEXT_HFB-03086,HFB-03086,rca_text,管路总成出现中度压力异常，生命周期风险集中在制造阶段，建议优先追溯 HMAN-00533。,0.599,hydraulic
EVO_TEXT_HFB-03086,HFB-03086,fault_evolution_text,隐患先导致局部性能退化，随后传感器能量向关联通道集中，最终形成压力异常。,0.599,hydraulic
RCA_TEXT_HFB-03087,HFB-03087,rca_text,溢流阀出现轻微振动异常，生命周期风险集中在装配阶段，建议优先追溯 HASM-03087。,0.6442,hydraulic
EVO_TEXT_HFB-03087,HFB-03087,fault_evolution_text,早期异常较弱，运行载荷放大后出现指标漂移，并逐步演化为轻微故障。,0.6442,hydraulic
RCA_TEXT_HFB-03088,HFB-03088,rca_text,结合传感器能量和检测记录，过滤器的阀芯卡滞与制造阶段高风险实体 HMAN-00305 一致。,0.5537,hydraulic
EVO_TEXT_HFB-03088,HFB-03088,fault_evolution_text,隐患先导致局部性能退化，随后传感器能量向关联通道集中，最终形成阀芯卡滞。,0.5537,hydraulic
RCA_TEXT_HFB-03089,HFB-03089,rca_text,结合传感器能量和检测记录，节流阀的阀芯卡滞与装配阶段高风险实体 HASM-03089 一致。,0.6021,hydraulic
EVO_TEXT_HFB-03089,HFB-03089,fault_evolution_text,早期异常较弱，运行载荷放大后出现指标漂移，并逐步演化为轻微故障。,0.6021,hydraulic
RCA_TEXT_HFB-03090,HFB-03090,rca_text,该案例表现为轻微泄漏异常，根因更可能由装配阶段隐患累积触发。,0.5565,hydraulic
EVO_TEXT_HFB-03090,HFB-03090,fault_evolution_text,隐患先导致局部性能退化，随后传感器能量向关联通道集中，最终形成泄漏异常。,0.5565,hydraulic
RCA_TEXT_HFB-03091,HFB-03091,rca_text,该案例表现为中度温度异常，根因更可能由运维阶段隐患累积触发。,0.6312,hydraulic
EVO_TEXT_HFB-03091,HFB-03091,fault_evolution_text,早期异常较弱，运行载荷放大后出现指标漂移，并逐步演化为中度故障。,0.6312,hydraulic
RCA_TEXT_HFB-03092,HFB-03092,rca_text,结合传感器能量和检测记录，作动筒的振动异常与材料阶段高风险实体 HMAT-00281 一致。,0.6141,hydraulic
EVO_TEXT_HFB-03092,HFB-03092,fault_evolution_text,早期异常较弱，运行载荷放大后出现指标漂移，并逐步演化为中度故障。,0.6141,hydraulic
RCA_TEXT_HFB-03093,HFB-03093,rca_text,结合传感器能量和检测记录，方向控制阀的流量异常与检测阶段高风险实体 HINSP-03093 一致。,0.6357,hydraulic
EVO_TEXT_HFB-03093,HFB-03093,fault_evolution_text,检测阶段风险与运行工况耦合后引起状态劣化，检测指标随严重度同步升高。,0.6357,hydraulic
RCA_TEXT_HFB-03094,HFB-03094,rca_text,该案例表现为轻微压力异常，根因更可能由装配阶段隐患累积触发。,0.6009,hydraulic
EVO_TEXT_HFB-03094,HFB-03094,fault_evolution_text,装配阶段风险与运行工况耦合后引起状态劣化，检测指标随严重度同步升高。,0.6009,hydraulic
RCA_TEXT_HFB-03095,HFB-03095,rca_text,结合传感器能量和检测记录，单向阀的阀芯卡滞与装配阶段高风险实体 HASM-03095 一致。,0.624,hydraulic
EVO_TEXT_HFB-03095,HFB-03095,fault_evolution_text,早期异常较弱，运行载荷放大后出现指标漂移，并逐步演化为轻微故障。,0.624,hydraulic
RCA_TEXT_HFB-03096,HFB-03096,rca_text,结合传感器能量和检测记录，冷却器的振动异常与装配阶段高风险实体 HASM-03096 一致。,0.5264,hydraulic
EVO_TEXT_HFB-03096,HFB-03096,fault_evolution_text,装配阶段风险与运行工况耦合后引起状态劣化，检测指标随严重度同步升高。,0.5264,hydraulic
RCA_TEXT_HFB-03097,HFB-03097,rca_text,结合传感器能量和检测记录，过滤器的流量异常与装配阶段高风险实体 HASM-03097 一致。,0.6447,hydraulic
EVO_TEXT_HFB-03097,HFB-03097,fault_evolution_text,装配阶段风险与运行工况耦合后引起状态劣化，检测指标随严重度同步升高。,0.6447,hydraulic
RCA_TEXT_HFB-03098,HFB-03098,rca_text,该案例表现为轻微压力异常，根因更可能由运维阶段隐患累积触发。,0.599,hydraulic
EVO_TEXT_HFB-03098,HFB-03098,fault_evolution_text,隐患先导致局部性能退化，随后传感器能量向关联通道集中，最终形成压力异常。,0.599,hydraulic
RCA_TEXT_HFB-03099,HFB-03099,rca_text,结合传感器能量和检测记录，蓄能器的压力异常与装配阶段高风险实体 HASM-03099 一致。,0.5949,hydraulic
EVO_TEXT_HFB-03099,HFB-03099,fault_evolution_text,装配阶段风险与运行工况耦合后引起状态劣化，检测指标随严重度同步升高。,0.5949,hydraulic
RCA_TEXT_HFB-03100,HFB-03100,rca_text,结合传感器能量和检测记录，方向控制阀的流量异常与材料阶段高风险实体 HMAT-00566 一致。,0.6076,hydraulic
EVO_TEXT_HFB-03100,HFB-03100,fault_evolution_text,早期异常较弱，运行载荷放大后出现指标漂移，并逐步演化为轻微故障。,0.6076,hydraulic
RCA_TEXT_HFB-03101,HFB-03101,rca_text,结合传感器能量和检测记录，作动筒的振动异常与运维阶段高风险实体 HOPR-03101 一致。,0.5669,hydraulic
EVO_TEXT_HFB-03101,HFB-03101,fault_evolution_text,隐患先导致局部性能退化，随后传感器能量向关联通道集中，最终形成振动异常。,0.5669,hydraulic
RCA_TEXT_HFB-03102,HFB-03102,rca_text,结合传感器能量和检测记录，蓄能器的温度异常与检测阶段高风险实体 HINSP-03102 一致。,0.5539,hydraulic
EVO_TEXT_HFB-03102,HFB-03102,fault_evolution_text,检测阶段风险与运行工况耦合后引起状态劣化，检测指标随严重度同步升高。,0.5539,hydraulic
RCA_TEXT_HFB-03103,HFB-03103,rca_text,结合传感器能量和检测记录，作动筒的流量异常与装配阶段高风险实体 HASM-03103 一致。,0.536,hydraulic
EVO_TEXT_HFB-03103,HFB-03103,fault_evolution_text,隐患先导致局部性能退化，随后传感器能量向关联通道集中，最终形成流量异常。,0.536,hydraulic
RCA_TEXT_HFB-03104,HFB-03104,rca_text,该案例表现为轻微泄漏异常，根因更可能由运维阶段隐患累积触发。,0.5856,hydraulic
EVO_TEXT_HFB-03104,HFB-03104,fault_evolution_text,早期异常较弱，运行载荷放大后出现指标漂移，并逐步演化为轻微故障。,0.5856,hydraulic
RCA_TEXT_HFB-03105,HFB-03105,rca_text,结合传感器能量和检测记录，蓄能器的压力异常与设计阶段高风险实体 HDES-00846 一致。,0.6184,hydraulic
EVO_TEXT_HFB-03105,HFB-03105,fault_evolution_text,设计阶段风险与运行工况耦合后引起状态劣化，检测指标随严重度同步升高。,0.6184,hydraulic
RCA_TEXT_HFB-03106,HFB-03106,rca_text,卸荷阀出现轻微振动异常，生命周期风险集中在设计阶段，建议优先追溯 HDES-00964。,0.5541,hydraulic
EVO_TEXT_HFB-03106,HFB-03106,fault_evolution_text,隐患先导致局部性能退化，随后传感器能量向关联通道集中，最终形成振动异常。,0.5541,hydraulic
RCA_TEXT_HFB-03107,HFB-03107,rca_text,结合传感器能量和检测记录，作动筒的振动异常与运维阶段高风险实体 HOPR-03107 一致。,0.5589,hydraulic
EVO_TEXT_HFB-03107,HFB-03107,fault_evolution_text,早期异常较弱，运行载荷放大后出现指标漂移，并逐步演化为轻微故障。,0.5589,hydraulic
RCA_TEXT_HFB-03108,HFB-03108,rca_text,液压油箱出现轻微振动异常，生命周期风险集中在运维阶段，建议优先追溯 HOPR-03108。,0.552,hydraulic
EVO_TEXT_HFB-03108,HFB-03108,fault_evolution_text,隐患先导致局部性能退化，随后传感器能量向关联通道集中，最终形成振动异常。,0.552,hydraulic
RCA_TEXT_HFB-03109,HFB-03109,rca_text,单向阀出现轻微振动异常，生命周期风险集中在装配阶段，建议优先追溯 HASM-03109。,0.5604,hydraulic
EVO_TEXT_HFB-03109,HFB-03109,fault_evolution_text,装配阶段风险与运行工况耦合后引起状态劣化，检测指标随严重度同步升高。,0.5604,hydraulic
RCA_TEXT_HFB-03110,HFB-03110,rca_text,结合传感器能量和检测记录，过滤器的压力异常与设计阶段高风险实体 HDES-00619 一致。,0.572,hydraulic
EVO_TEXT_HFB-03110,HFB-03110,fault_evolution_text,早期异常较弱，运行载荷放大后出现指标漂移，并逐步演化为轻微故障。,0.572,hydraulic
RCA_TEXT_HFB-03111,HFB-03111,rca_text,溢流阀出现轻微泄漏异常，生命周期风险集中在运维阶段，建议优先追溯 HOPR-03111。,0.5774,hydraulic
EVO_TEXT_HFB-03111,HFB-03111,fault_evolution_text,隐患先导致局部性能退化，随后传感器能量向关联通道集中，最终形成泄漏异常。,0.5774,hydraulic
RCA_TEXT_HFB-03112,HFB-03112,rca_text,该案例表现为轻微温度异常，根因更可能由装配阶段隐患累积触发。,0.5274,hydraulic
EVO_TEXT_HFB-03112,HFB-03112,fault_evolution_text,早期异常较弱，运行载荷放大后出现指标漂移，并逐步演化为轻微故障。,0.5274,hydraulic
RCA_TEXT_HFB-03113,HFB-03113,rca_text,该案例表现为轻微泄漏异常，根因更可能由运维阶段隐患累积触发。,0.5938,hydraulic
EVO_TEXT_HFB-03113,HFB-03113,fault_evolution_text,隐患先导致局部性能退化，随后传感器能量向关联通道集中，最终形成泄漏异常。,0.5938,hydraulic
RCA_TEXT_HFB-03114,HFB-03114,rca_text,管路总成出现中度振动异常，生命周期风险集中在制造阶段，建议优先追溯 HMAN-00303。,0.6012,hydraulic
EVO_TEXT_HFB-03114,HFB-03114,fault_evolution_text,隐患先导致局部性能退化，随后传感器能量向关联通道集中，最终形成振动异常。,0.6012,hydraulic
RCA_TEXT_HFB-03115,HFB-03115,rca_text,单向阀出现轻微阀芯卡滞，生命周期风险集中在制造阶段，建议优先追溯 HMAN-00929。,0.5978,hydraulic
EVO_TEXT_HFB-03115,HFB-03115,fault_evolution_text,隐患先导致局部性能退化，随后传感器能量向关联通道集中，最终形成阀芯卡滞。,0.5978,hydraulic
RCA_TEXT_HFB-03116,HFB-03116,rca_text,该案例表现为轻微压力异常，根因更可能由运维阶段隐患累积触发。,0.619,hydraulic
EVO_TEXT_HFB-03116,HFB-03116,fault_evolution_text,隐患先导致局部性能退化，随后传感器能量向关联通道集中，最终形成压力异常。,0.619,hydraulic
RCA_TEXT_HFB-03117,HFB-03117,rca_text,该案例表现为轻微泄漏异常，根因更可能由材料阶段隐患累积触发。,0.5454,hydraulic
EVO_TEXT_HFB-03117,HFB-03117,fault_evolution_text,隐患先导致局部性能退化，随后传感器能量向关联通道集中，最终形成泄漏异常。,0.5454,hydraulic
RCA_TEXT_HFB-03118,HFB-03118,rca_text,结合传感器能量和检测记录，液压泵总成的温度异常与运维阶段高风险实体 HOPR-03118 一致。,0.6168,hydraulic
EVO_TEXT_HFB-03118,HFB-03118,fault_evolution_text,运维阶段风险与运行工况耦合后引起状态劣化，检测指标随严重度同步升高。,0.6168,hydraulic
RCA_TEXT_HFB-03119,HFB-03119,rca_text,结合传感器能量和检测记录，冷却器的泄漏异常与运维阶段高风险实体 HOPR-03119 一致。,0.5534,hydraulic
EVO_TEXT_HFB-03119,HFB-03119,fault_evolution_text,早期异常较弱，运行载荷放大后出现指标漂移，并逐步演化为轻微故障。,0.5534,hydraulic
RCA_TEXT_HFB-03120,HFB-03120,rca_text,结合传感器能量和检测记录，作动筒的温度异常与材料阶段高风险实体 HMAT-00478 一致。,0.547,hydraulic
EVO_TEXT_HFB-03120,HFB-03120,fault_evolution_text,隐患先导致局部性能退化，随后传感器能量向关联通道集中，最终形成温度异常。,0.547,hydraulic
RCA_TEXT_HFB-03121,HFB-03121,rca_text,结合传感器能量和检测记录，液压泵总成的压力异常与运维阶段高风险实体 HOPR-03121 一致。,0.5697,hydraulic
EVO_TEXT_HFB-03121,HFB-03121,fault_evolution_text,运维阶段风险与运行工况耦合后引起状态劣化，检测指标随严重度同步升高。,0.5697,hydraulic
RCA_TEXT_HFB-03122,HFB-03122,rca_text,管路总成出现中度振动异常，生命周期风险集中在运维阶段，建议优先追溯 HOPR-03122。,0.5888,hydraulic
EVO_TEXT_HFB-03122,HFB-03122,fault_evolution_text,早期异常较弱，运行载荷放大后出现指标漂移，并逐步演化为中度故障。,0.5888,hydraulic
RCA_TEXT_HFB-03123,HFB-03123,rca_text,结合传感器能量和检测记录，节流阀的流量异常与材料阶段高风险实体 HMAT-00381 一致。,0.6253,hydraulic
EVO_TEXT_HFB-03123,HFB-03123,fault_evolution_text,材料阶段风险与运行工况耦合后引起状态劣化，检测指标随严重度同步升高。,0.6253,hydraulic
RCA_TEXT_HFB-03124,HFB-03124,rca_text,结合传感器能量和检测记录，卸荷阀的压力异常与设计阶段高风险实体 HDES-00525 一致。,0.5799,hydraulic
EVO_TEXT_HFB-03124,HFB-03124,fault_evolution_text,隐患先导致局部性能退化，随后传感器能量向关联通道集中，最终形成压力异常。,0.5799,hydraulic
RCA_TEXT_HFB-03125,HFB-03125,rca_text,该案例表现为轻微温度异常，根因更可能由运维阶段隐患累积触发。,0.5781,hydraulic
EVO_TEXT_HFB-03125,HFB-03125,fault_evolution_text,运维阶段风险与运行工况耦合后引起状态劣化，检测指标随严重度同步升高。,0.5781,hydraulic
RCA_TEXT_HFB-03126,HFB-03126,rca_text,作动筒出现中度振动异常，生命周期风险集中在检测阶段，建议优先追溯 HINSP-03126。,0.6164,hydraulic
EVO_TEXT_HFB-03126,HFB-03126,fault_evolution_text,检测阶段风险与运行工况耦合后引起状态劣化，检测指标随严重度同步升高。,0.6164,hydraulic
RCA_TEXT_HFB-03127,HFB-03127,rca_text,结合传感器能量和检测记录，单向阀的温度异常与运维阶段高风险实体 HOPR-03127 一致。,0.5321,hydraulic
EVO_TEXT_HFB-03127,HFB-03127,fault_evolution_text,运维阶段风险与运行工况耦合后引起状态劣化，检测指标随严重度同步升高。,0.5321,hydraulic
RCA_TEXT_HFB-03128,HFB-03128,rca_text,结合传感器能量和检测记录，管路总成的流量异常与运维阶段高风险实体 HOPR-03128 一致。,0.5775,hydraulic
EVO_TEXT_HFB-03128,HFB-03128,fault_evolution_text,运维阶段风险与运行工况耦合后引起状态劣化，检测指标随严重度同步升高。,0.5775,hydraulic
RCA_TEXT_HFB-03129,HFB-03129,rca_text,蓄能器出现轻微压力异常，生命周期风险集中在运维阶段，建议优先追溯 HOPR-03129。,0.6032,hydraulic
EVO_TEXT_HFB-03129,HFB-03129,fault_evolution_text,早期异常较弱，运行载荷放大后出现指标漂移，并逐步演化为轻微故障。,0.6032,hydraulic
RCA_TEXT_HFB-03130,HFB-03130,rca_text,卸荷阀出现轻微流量异常，生命周期风险集中在装配阶段，建议优先追溯 HASM-03130。,0.5966,hydraulic
EVO_TEXT_HFB-03130,HFB-03130,fault_evolution_text,隐患先导致局部性能退化，随后传感器能量向关联通道集中，最终形成流量异常。,0.5966,hydraulic
RCA_TEXT_HFB-03131,HFB-03131,rca_text,结合传感器能量和检测记录，单向阀的阀芯卡滞与设计阶段高风险实体 HDES-00230 一致。,0.6299,hydraulic
EVO_TEXT_HFB-03131,HFB-03131,fault_evolution_text,设计阶段风险与运行工况耦合后引起状态劣化，检测指标随严重度同步升高。,0.6299,hydraulic
RCA_TEXT_HFB-03132,HFB-03132,rca_text,作动筒出现轻微压力异常，生命周期风险集中在运维阶段，建议优先追溯 HOPR-03132。,0.5818,hydraulic
EVO_TEXT_HFB-03132,HFB-03132,fault_evolution_text,运维阶段风险与运行工况耦合后引起状态劣化，检测指标随严重度同步升高。,0.5818,hydraulic
RCA_TEXT_HFB-03133,HFB-03133,rca_text,结合传感器能量和检测记录，冷却器的温度异常与运维阶段高风险实体 HOPR-03133 一致。,0.5921,hydraulic
EVO_TEXT_HFB-03133,HFB-03133,fault_evolution_text,早期异常较弱，运行载荷放大后出现指标漂移，并逐步演化为轻微故障。,0.5921,hydraulic
RCA_TEXT_HFB-03134,HFB-03134,rca_text,该案例表现为中度泄漏异常，根因更可能由装配阶段隐患累积触发。,0.6826,hydraulic
EVO_TEXT_HFB-03134,HFB-03134,fault_evolution_text,隐患先导致局部性能退化，随后传感器能量向关联通道集中，最终形成泄漏异常。,0.6826,hydraulic
RCA_TEXT_HFB-03135,HFB-03135,rca_text,结合传感器能量和检测记录，卸荷阀的温度异常与设计阶段高风险实体 HDES-00496 一致。,0.5594,hydraulic
EVO_TEXT_HFB-03135,HFB-03135,fault_evolution_text,隐患先导致局部性能退化，随后传感器能量向关联通道集中，最终形成温度异常。,0.5594,hydraulic
RCA_TEXT_HFB-03136,HFB-03136,rca_text,溢流阀出现中度阀芯卡滞，生命周期风险集中在制造阶段，建议优先追溯 HMAN-00146。,0.6258,hydraulic
EVO_TEXT_HFB-03136,HFB-03136,fault_evolution_text,隐患先导致局部性能退化，随后传感器能量向关联通道集中，最终形成阀芯卡滞。,0.6258,hydraulic
RCA_TEXT_HFB-03137,HFB-03137,rca_text,结合传感器能量和检测记录，单向阀的流量异常与运维阶段高风险实体 HOPR-03137 一致。,0.5903,hydraulic
EVO_TEXT_HFB-03137,HFB-03137,fault_evolution_text,隐患先导致局部性能退化，随后传感器能量向关联通道集中，最终形成流量异常。,0.5903,hydraulic
RCA_TEXT_HFB-03138,HFB-03138,rca_text,管路总成出现轻微压力异常，生命周期风险集中在运维阶段，建议优先追溯 HOPR-03138。,0.5869,hydraulic
EVO_TEXT_HFB-03138,HFB-03138,fault_evolution_text,隐患先导致局部性能退化，随后传感器能量向关联通道集中，最终形成压力异常。,0.5869,hydraulic
RCA_TEXT_HFB-03139,HFB-03139,rca_text,该案例表现为轻微流量异常，根因更可能由材料阶段隐患累积触发。,0.5986,hydraulic
EVO_TEXT_HFB-03139,HFB-03139,fault_evolution_text,隐患先导致局部性能退化，随后传感器能量向关联通道集中，最终形成流量异常。,0.5986,hydraulic
RCA_TEXT_HFB-03140,HFB-03140,rca_text,溢流阀出现轻微压力异常，生命周期风险集中在运维阶段，建议优先追溯 HOPR-03140。,0.606,hydraulic
EVO_TEXT_HFB-03140,HFB-03140,fault_evolution_text,运维阶段风险与运行工况耦合后引起状态劣化，检测指标随严重度同步升高。,0.606,hydraulic
RCA_TEXT_HFB-03141,HFB-03141,rca_text,该案例表现为轻微阀芯卡滞，根因更可能由制造阶段隐患累积触发。,0.5925,hydraulic
EVO_TEXT_HFB-03141,HFB-03141,fault_evolution_text,隐患先导致局部性能退化，随后传感器能量向关联通道集中，最终形成阀芯卡滞。,0.5925,hydraulic
RCA_TEXT_HFB-03142,HFB-03142,rca_text,该案例表现为轻微振动异常，根因更可能由装配阶段隐患累积触发。,0.5702,hydraulic
EVO_TEXT_HFB-03142,HFB-03142,fault_evolution_text,早期异常较弱，运行载荷放大后出现指标漂移，并逐步演化为轻微故障。,0.5702,hydraulic
RCA_TEXT_HFB-03143,HFB-03143,rca_text,该案例表现为中度阀芯卡滞，根因更可能由设计阶段隐患累积触发。,0.634,hydraulic
EVO_TEXT_HFB-03143,HFB-03143,fault_evolution_text,隐患先导致局部性能退化，随后传感器能量向关联通道集中，最终形成阀芯卡滞。,0.634,hydraulic
RCA_TEXT_HFB-03144,HFB-03144,rca_text,该案例表现为轻微阀芯卡滞，根因更可能由运维阶段隐患累积触发。,0.6061,hydraulic
EVO_TEXT_HFB-03144,HFB-03144,fault_evolution_text,隐患先导致局部性能退化，随后传感器能量向关联通道集中，最终形成阀芯卡滞。,0.6061,hydraulic
RCA_TEXT_HFB-03145,HFB-03145,rca_text,冷却器出现轻微阀芯卡滞，生命周期风险集中在运维阶段，建议优先追溯 HOPR-03145。,0.5414,hydraulic
EVO_TEXT_HFB-03145,HFB-03145,fault_evolution_text,隐患先导致局部性能退化，随后传感器能量向关联通道集中，最终形成阀芯卡滞。,0.5414,hydraulic
RCA_TEXT_HFB-03146,HFB-03146,rca_text,该案例表现为轻微温度异常，根因更可能由运维阶段隐患累积触发。,0.5477,hydraulic
EVO_TEXT_HFB-03146,HFB-03146,fault_evolution_text,早期异常较弱，运行载荷放大后出现指标漂移，并逐步演化为轻微故障。,0.5477,hydraulic
RCA_TEXT_HFB-03147,HFB-03147,rca_text,该案例表现为轻微压力异常，根因更可能由运维阶段隐患累积触发。,0.6462,hydraulic
EVO_TEXT_HFB-03147,HFB-03147,fault_evolution_text,早期异常较弱，运行载荷放大后出现指标漂移，并逐步演化为轻微故障。,0.6462,hydraulic
RCA_TEXT_HFB-03148,HFB-03148,rca_text,该案例表现为轻微流量异常，根因更可能由运维阶段隐患累积触发。,0.5737,hydraulic
EVO_TEXT_HFB-03148,HFB-03148,fault_evolution_text,早期异常较弱，运行载荷放大后出现指标漂移，并逐步演化为轻微故障。,0.5737,hydraulic
RCA_TEXT_HFB-03149,HFB-03149,rca_text,冷却器出现轻微压力异常，生命周期风险集中在运维阶段，建议优先追溯 HOPR-03149。,0.5906,hydraulic
EVO_TEXT_HFB-03149,HFB-03149,fault_evolution_text,运维阶段风险与运行工况耦合后引起状态劣化，检测指标随严重度同步升高。,0.5906,hydraulic
RCA_TEXT_HFB-03150,HFB-03150,rca_text,结合传感器能量和检测记录，溢流阀的温度异常与运维阶段高风险实体 HOPR-03150 一致。,0.6074,hydraulic
EVO_TEXT_HFB-03150,HFB-03150,fault_evolution_text,运维阶段风险与运行工况耦合后引起状态劣化，检测指标随严重度同步升高。,0.6074,hydraulic
RCA_TEXT_HFB-03151,HFB-03151,rca_text,该案例表现为轻微阀芯卡滞，根因更可能由制造阶段隐患累积触发。,0.5479,hydraulic
EVO_TEXT_HFB-03151,HFB-03151,fault_evolution_text,隐患先导致局部性能退化，随后传感器能量向关联通道集中，最终形成阀芯卡滞。,0.5479,hydraulic
RCA_TEXT_HFB-03152,HFB-03152,rca_text,结合传感器能量和检测记录，管路总成的流量异常与运维阶段高风险实体 HOPR-03152 一致。,0.5775,hydraulic
EVO_TEXT_HFB-03152,HFB-03152,fault_evolution_text,隐患先导致局部性能退化，随后传感器能量向关联通道集中，最终形成流量异常。,0.5775,hydraulic
RCA_TEXT_HFB-03153,HFB-03153,rca_text,溢流阀出现轻微阀芯卡滞，生命周期风险集中在材料阶段，建议优先追溯 HMAT-00456。,0.6493,hydraulic
EVO_TEXT_HFB-03153,HFB-03153,fault_evolution_text,早期异常较弱，运行载荷放大后出现指标漂移，并逐步演化为轻微故障。,0.6493,hydraulic
RCA_TEXT_HFB-03154,HFB-03154,rca_text,该案例表现为中度振动异常，根因更可能由运维阶段隐患累积触发。,0.6487,hydraulic
EVO_TEXT_HFB-03154,HFB-03154,fault_evolution_text,隐患先导致局部性能退化，随后传感器能量向关联通道集中，最终形成振动异常。,0.6487,hydraulic
RCA_TEXT_HFB-03155,HFB-03155,rca_text,溢流阀出现中度阀芯卡滞，生命周期风险集中在装配阶段，建议优先追溯 HASM-03155。,0.6287,hydraulic
EVO_TEXT_HFB-03155,HFB-03155,fault_evolution_text,装配阶段风险与运行工况耦合后引起状态劣化，检测指标随严重度同步升高。,0.6287,hydraulic
RCA_TEXT_HFB-03156,HFB-03156,rca_text,蓄能器出现轻微阀芯卡滞，生命周期风险集中在运维阶段，建议优先追溯 HOPR-03156。,0.6191,hydraulic
EVO_TEXT_HFB-03156,HFB-03156,fault_evolution_text,运维阶段风险与运行工况耦合后引起状态劣化，检测指标随严重度同步升高。,0.6191,hydraulic
RCA_TEXT_HFB-03157,HFB-03157,rca_text,结合传感器能量和检测记录，液压泵总成的压力异常与运维阶段高风险实体 HOPR-03157 一致。,0.6285,hydraulic
EVO_TEXT_HFB-03157,HFB-03157,fault_evolution_text,隐患先导致局部性能退化，随后传感器能量向关联通道集中，最终形成压力异常。,0.6285,hydraulic
RCA_TEXT_HFB-03158,HFB-03158,rca_text,结合传感器能量和检测记录，卸荷阀的阀芯卡滞与材料阶段高风险实体 HMAT-00546 一致。,0.577,hydraulic
EVO_TEXT_HFB-03158,HFB-03158,fault_evolution_text,材料阶段风险与运行工况耦合后引起状态劣化，检测指标随严重度同步升高。,0.577,hydraulic
RCA_TEXT_HFB-03159,HFB-03159,rca_text,该案例表现为轻微压力异常，根因更可能由装配阶段隐患累积触发。,0.629,hydraulic
EVO_TEXT_HFB-03159,HFB-03159,fault_evolution_text,装配阶段风险与运行工况耦合后引起状态劣化，检测指标随严重度同步升高。,0.629,hydraulic
RCA_TEXT_HFB-03160,HFB-03160,rca_text,结合传感器能量和检测记录，管路总成的泄漏异常与检测阶段高风险实体 HINSP-03160 一致。,0.5773,hydraulic
EVO_TEXT_HFB-03160,HFB-03160,fault_evolution_text,隐患先导致局部性能退化，随后传感器能量向关联通道集中，最终形成泄漏异常。,0.5773,hydraulic
RCA_TEXT_HFB-03161,HFB-03161,rca_text,结合传感器能量和检测记录，管路总成的流量异常与制造阶段高风险实体 HMAN-00614 一致。,0.5899,hydraulic
EVO_TEXT_HFB-03161,HFB-03161,fault_evolution_text,早期异常较弱，运行载荷放大后出现指标漂移，并逐步演化为中度故障。,0.5899,hydraulic
RCA_TEXT_HFB-03162,HFB-03162,rca_text,结合传感器能量和检测记录，单向阀的阀芯卡滞与运维阶段高风险实体 HOPR-03162 一致。,0.5819,hydraulic
EVO_TEXT_HFB-03162,HFB-03162,fault_evolution_text,运维阶段风险与运行工况耦合后引起状态劣化，检测指标随严重度同步升高。,0.5819,hydraulic
RCA_TEXT_HFB-03163,HFB-03163,rca_text,卸荷阀出现轻微泄漏异常，生命周期风险集中在制造阶段，建议优先追溯 HMAN-00771。,0.5668,hydraulic
EVO_TEXT_HFB-03163,HFB-03163,fault_evolution_text,早期异常较弱，运行载荷放大后出现指标漂移，并逐步演化为轻微故障。,0.5668,hydraulic
RCA_TEXT_HFB-03164,HFB-03164,rca_text,该案例表现为轻微流量异常，根因更可能由运维阶段隐患累积触发。,0.5551,hydraulic
EVO_TEXT_HFB-03164,HFB-03164,fault_evolution_text,隐患先导致局部性能退化，随后传感器能量向关联通道集中，最终形成流量异常。,0.5551,hydraulic
RCA_TEXT_HFB-03165,HFB-03165,rca_text,该案例表现为轻微振动异常，根因更可能由材料阶段隐患累积触发。,0.5992,hydraulic
EVO_TEXT_HFB-03165,HFB-03165,fault_evolution_text,隐患先导致局部性能退化，随后传感器能量向关联通道集中，最终形成振动异常。,0.5992,hydraulic
RCA_TEXT_HFB-03166,HFB-03166,rca_text,该案例表现为轻微泄漏异常，根因更可能由检测阶段隐患累积触发。,0.5924,hydraulic
EVO_TEXT_HFB-03166,HFB-03166,fault_evolution_text,早期异常较弱，运行载荷放大后出现指标漂移，并逐步演化为轻微故障。,0.5924,hydraulic
RCA_TEXT_HFB-03167,HFB-03167,rca_text,该案例表现为中度泄漏异常，根因更可能由运维阶段隐患累积触发。,0.6588,hydraulic
EVO_TEXT_HFB-03167,HFB-03167,fault_evolution_text,早期异常较弱，运行载荷放大后出现指标漂移，并逐步演化为中度故障。,0.6588,hydraulic
RCA_TEXT_HFB-03168,HFB-03168,rca_text,液压油箱出现中度温度异常，生命周期风险集中在检测阶段，建议优先追溯 HINSP-03168。,0.5759,hydraulic
EVO_TEXT_HFB-03168,HFB-03168,fault_evolution_text,检测阶段风险与运行工况耦合后引起状态劣化，检测指标随严重度同步升高。,0.5759,hydraulic
RCA_TEXT_HFB-03169,HFB-03169,rca_text,该案例表现为中度阀芯卡滞，根因更可能由制造阶段隐患累积触发。,0.6175,hydraulic
EVO_TEXT_HFB-03169,HFB-03169,fault_evolution_text,制造阶段风险与运行工况耦合后引起状态劣化，检测指标随严重度同步升高。,0.6175,hydraulic
RCA_TEXT_HFB-03170,HFB-03170,rca_text,该案例表现为轻微阀芯卡滞，根因更可能由运维阶段隐患累积触发。,0.6055,hydraulic
EVO_TEXT_HFB-03170,HFB-03170,fault_evolution_text,运维阶段风险与运行工况耦合后引起状态劣化，检测指标随严重度同步升高。,0.6055,hydraulic
RCA_TEXT_HFB-03171,HFB-03171,rca_text,该案例表现为中度压力异常，根因更可能由制造阶段隐患累积触发。,0.6038,hydraulic
EVO_TEXT_HFB-03171,HFB-03171,fault_evolution_text,隐患先导致局部性能退化，随后传感器能量向关联通道集中，最终形成压力异常。,0.6038,hydraulic
RCA_TEXT_HFB-03172,HFB-03172,rca_text,该案例表现为中度流量异常，根因更可能由制造阶段隐患累积触发。,0.6412,hydraulic
EVO_TEXT_HFB-03172,HFB-03172,fault_evolution_text,早期异常较弱，运行载荷放大后出现指标漂移，并逐步演化为中度故障。,0.6412,hydraulic
RCA_TEXT_HFB-03173,HFB-03173,rca_text,结合传感器能量和检测记录，冷却器的振动异常与制造阶段高风险实体 HMAN-00715 一致。,0.6072,hydraulic
EVO_TEXT_HFB-03173,HFB-03173,fault_evolution_text,早期异常较弱，运行载荷放大后出现指标漂移，并逐步演化为轻微故障。,0.6072,hydraulic
RCA_TEXT_HFB-03174,HFB-03174,rca_text,结合传感器能量和检测记录，管路总成的压力异常与运维阶段高风险实体 HOPR-03174 一致。,0.5943,hydraulic
EVO_TEXT_HFB-03174,HFB-03174,fault_evolution_text,隐患先导致局部性能退化，随后传感器能量向关联通道集中，最终形成压力异常。,0.5943,hydraulic
RCA_TEXT_HFB-03175,HFB-03175,rca_text,节流阀出现轻微振动异常，生命周期风险集中在制造阶段，建议优先追溯 HMAN-00167。,0.558,hydraulic
EVO_TEXT_HFB-03175,HFB-03175,fault_evolution_text,隐患先导致局部性能退化，随后传感器能量向关联通道集中，最终形成振动异常。,0.558,hydraulic
RCA_TEXT_HFB-03176,HFB-03176,rca_text,该案例表现为轻微振动异常，根因更可能由材料阶段隐患累积触发。,0.5797,hydraulic
EVO_TEXT_HFB-03176,HFB-03176,fault_evolution_text,材料阶段风险与运行工况耦合后引起状态劣化，检测指标随严重度同步升高。,0.5797,hydraulic
RCA_TEXT_HFB-03177,HFB-03177,rca_text,结合传感器能量和检测记录，蓄能器的振动异常与装配阶段高风险实体 HASM-03177 一致。,0.583,hydraulic
EVO_TEXT_HFB-03177,HFB-03177,fault_evolution_text,早期异常较弱，运行载荷放大后出现指标漂移，并逐步演化为轻微故障。,0.583,hydraulic
RCA_TEXT_HFB-03178,HFB-03178,rca_text,冷却器出现轻微压力异常，生命周期风险集中在材料阶段，建议优先追溯 HMAT-00046。,0.6027,hydraulic
EVO_TEXT_HFB-03178,HFB-03178,fault_evolution_text,隐患先导致局部性能退化，随后传感器能量向关联通道集中，最终形成压力异常。,0.6027,hydraulic
RCA_TEXT_HFB-03179,HFB-03179,rca_text,冷却器出现轻微振动异常，生命周期风险集中在装配阶段，建议优先追溯 HASM-03179。,0.5818,hydraulic
EVO_TEXT_HFB-03179,HFB-03179,fault_evolution_text,装配阶段风险与运行工况耦合后引起状态劣化，检测指标随严重度同步升高。,0.5818,hydraulic
RCA_TEXT_HFB-03180,HFB-03180,rca_text,作动筒出现轻微阀芯卡滞，生命周期风险集中在制造阶段，建议优先追溯 HMAN-00979。,0.5854,hydraulic
EVO_TEXT_HFB-03180,HFB-03180,fault_evolution_text,隐患先导致局部性能退化，随后传感器能量向关联通道集中，最终形成阀芯卡滞。,0.5854,hydraulic
RCA_TEXT_HFB-03181,HFB-03181,rca_text,节流阀出现轻微泄漏异常，生命周期风险集中在运维阶段，建议优先追溯 HOPR-03181。,0.5561,hydraulic
EVO_TEXT_HFB-03181,HFB-03181,fault_evolution_text,运维阶段风险与运行工况耦合后引起状态劣化，检测指标随严重度同步升高。,0.5561,hydraulic
RCA_TEXT_HFB-03182,HFB-03182,rca_text,该案例表现为轻微泄漏异常，根因更可能由制造阶段隐患累积触发。,0.6123,hydraulic
EVO_TEXT_HFB-03182,HFB-03182,fault_evolution_text,早期异常较弱，运行载荷放大后出现指标漂移，并逐步演化为轻微故障。,0.6123,hydraulic
RCA_TEXT_HFB-03183,HFB-03183,rca_text,过滤器出现中度流量异常，生命周期风险集中在检测阶段，建议优先追溯 HINSP-03183。,0.6498,hydraulic
EVO_TEXT_HFB-03183,HFB-03183,fault_evolution_text,隐患先导致局部性能退化，随后传感器能量向关联通道集中，最终形成流量异常。,0.6498,hydraulic
RCA_TEXT_HFB-03184,HFB-03184,rca_text,该案例表现为轻微温度异常，根因更可能由运维阶段隐患累积触发。,0.5054,hydraulic
EVO_TEXT_HFB-03184,HFB-03184,fault_evolution_text,早期异常较弱，运行载荷放大后出现指标漂移，并逐步演化为轻微故障。,0.5054,hydraulic
RCA_TEXT_HFB-03185,HFB-03185,rca_text,作动筒出现轻微流量异常，生命周期风险集中在设计阶段，建议优先追溯 HDES-00984。,0.543,hydraulic
EVO_TEXT_HFB-03185,HFB-03185,fault_evolution_text,隐患先导致局部性能退化，随后传感器能量向关联通道集中，最终形成流量异常。,0.543,hydraulic
RCA_TEXT_HFB-03186,HFB-03186,rca_text,该案例表现为中度振动异常，根因更可能由装配阶段隐患累积触发。,0.6511,hydraulic
EVO_TEXT_HFB-03186,HFB-03186,fault_evolution_text,早期异常较弱，运行载荷放大后出现指标漂移，并逐步演化为中度故障。,0.6511,hydraulic
RCA_TEXT_HFB-03187,HFB-03187,rca_text,该案例表现为轻微温度异常，根因更可能由运维阶段隐患累积触发。,0.6152,hydraulic
EVO_TEXT_HFB-03187,HFB-03187,fault_evolution_text,隐患先导致局部性能退化，随后传感器能量向关联通道集中，最终形成温度异常。,0.6152,hydraulic
RCA_TEXT_HFB-03188,HFB-03188,rca_text,管路总成出现中度泄漏异常，生命周期风险集中在制造阶段，建议优先追溯 HMAN-00146。,0.6636,hydraulic
EVO_TEXT_HFB-03188,HFB-03188,fault_evolution_text,早期异常较弱，运行载荷放大后出现指标漂移，并逐步演化为中度故障。,0.6636,hydraulic
RCA_TEXT_HFB-03189,HFB-03189,rca_text,结合传感器能量和检测记录，过滤器的流量异常与运维阶段高风险实体 HOPR-03189 一致。,0.6465,hydraulic
EVO_TEXT_HFB-03189,HFB-03189,fault_evolution_text,早期异常较弱，运行载荷放大后出现指标漂移，并逐步演化为中度故障。,0.6465,hydraulic
RCA_TEXT_HFB-03190,HFB-03190,rca_text,结合传感器能量和检测记录，溢流阀的流量异常与检测阶段高风险实体 HINSP-03190 一致。,0.5642,hydraulic
EVO_TEXT_HFB-03190,HFB-03190,fault_evolution_text,隐患先导致局部性能退化，随后传感器能量向关联通道集中，最终形成流量异常。,0.5642,hydraulic
RCA_TEXT_HFB-03191,HFB-03191,rca_text,过滤器出现轻微阀芯卡滞，生命周期风险集中在制造阶段，建议优先追溯 HMAN-00050。,0.5973,hydraulic
EVO_TEXT_HFB-03191,HFB-03191,fault_evolution_text,隐患先导致局部性能退化，随后传感器能量向关联通道集中，最终形成阀芯卡滞。,0.5973,hydraulic
RCA_TEXT_HFB-03192,HFB-03192,rca_text,单向阀出现轻微振动异常，生命周期风险集中在设计阶段，建议优先追溯 HDES-00517。,0.5748,hydraulic
EVO_TEXT_HFB-03192,HFB-03192,fault_evolution_text,设计阶段风险与运行工况耦合后引起状态劣化，检测指标随严重度同步升高。,0.5748,hydraulic
RCA_TEXT_HFB-03193,HFB-03193,rca_text,结合传感器能量和检测记录，管路总成的温度异常与检测阶段高风险实体 HINSP-03193 一致。,0.5511,hydraulic
EVO_TEXT_HFB-03193,HFB-03193,fault_evolution_text,隐患先导致局部性能退化，随后传感器能量向关联通道集中，最终形成温度异常。,0.5511,hydraulic
RCA_TEXT_HFB-03194,HFB-03194,rca_text,管路总成出现轻微压力异常，生命周期风险集中在制造阶段，建议优先追溯 HMAN-00139。,0.6268,hydraulic
EVO_TEXT_HFB-03194,HFB-03194,fault_evolution_text,早期异常较弱，运行载荷放大后出现指标漂移，并逐步演化为轻微故障。,0.6268,hydraulic
RCA_TEXT_HFB-03195,HFB-03195,rca_text,结合传感器能量和检测记录，管路总成的泄漏异常与制造阶段高风险实体 HMAN-00190 一致。,0.6298,hydraulic
EVO_TEXT_HFB-03195,HFB-03195,fault_evolution_text,制造阶段风险与运行工况耦合后引起状态劣化，检测指标随严重度同步升高。,0.6298,hydraulic
RCA_TEXT_HFB-03196,HFB-03196,rca_text,节流阀出现轻微流量异常，生命周期风险集中在制造阶段，建议优先追溯 HMAN-00426。,0.5738,hydraulic
EVO_TEXT_HFB-03196,HFB-03196,fault_evolution_text,制造阶段风险与运行工况耦合后引起状态劣化，检测指标随严重度同步升高。,0.5738,hydraulic
RCA_TEXT_HFB-03197,HFB-03197,rca_text,结合传感器能量和检测记录，节流阀的流量异常与装配阶段高风险实体 HASM-03197 一致。,0.5716,hydraulic
EVO_TEXT_HFB-03197,HFB-03197,fault_evolution_text,早期异常较弱，运行载荷放大后出现指标漂移，并逐步演化为轻微故障。,0.5716,hydraulic
RCA_TEXT_HFB-03198,HFB-03198,rca_text,结合传感器能量和检测记录，管路总成的温度异常与运维阶段高风险实体 HOPR-03198 一致。,0.5993,hydraulic
EVO_TEXT_HFB-03198,HFB-03198,fault_evolution_text,运维阶段风险与运行工况耦合后引起状态劣化，检测指标随严重度同步升高。,0.5993,hydraulic
RCA_TEXT_HFB-03199,HFB-03199,rca_text,该案例表现为中度振动异常，根因更可能由装配阶段隐患累积触发。,0.7011,hydraulic
EVO_TEXT_HFB-03199,HFB-03199,fault_evolution_text,隐患先导致局部性能退化，随后传感器能量向关联通道集中，最终形成振动异常。,0.7011,hydraulic
RCA_TEXT_HFB-03200,HFB-03200,rca_text,该案例表现为轻微温度异常，根因更可能由制造阶段隐患累积触发。,0.6152,hydraulic
EVO_TEXT_HFB-03200,HFB-03200,fault_evolution_text,制造阶段风险与运行工况耦合后引起状态劣化，检测指标随严重度同步升高。,0.6152,hydraulic
RCA_TEXT_HFB-03201,HFB-03201,rca_text,结合传感器能量和检测记录，过滤器的温度异常与运维阶段高风险实体 HOPR-03201 一致。,0.6406,hydraulic
EVO_TEXT_HFB-03201,HFB-03201,fault_evolution_text,隐患先导致局部性能退化，随后传感器能量向关联通道集中，最终形成温度异常。,0.6406,hydraulic
RCA_TEXT_HFB-03202,HFB-03202,rca_text,结合传感器能量和检测记录，作动筒的压力异常与运维阶段高风险实体 HOPR-03202 一致。,0.55,hydraulic
EVO_TEXT_HFB-03202,HFB-03202,fault_evolution_text,隐患先导致局部性能退化，随后传感器能量向关联通道集中，最终形成压力异常。,0.55,hydraulic
RCA_TEXT_HFB-03203,HFB-03203,rca_text,方向控制阀出现轻微阀芯卡滞，生命周期风险集中在运维阶段，建议优先追溯 HOPR-03203。,0.5584,hydraulic
EVO_TEXT_HFB-03203,HFB-03203,fault_evolution_text,隐患先导致局部性能退化，随后传感器能量向关联通道集中，最终形成阀芯卡滞。,0.5584,hydraulic
RCA_TEXT_HFB-03204,HFB-03204,rca_text,该案例表现为轻微流量异常，根因更可能由装配阶段隐患累积触发。,0.6074,hydraulic
EVO_TEXT_HFB-03204,HFB-03204,fault_evolution_text,早期异常较弱，运行载荷放大后出现指标漂移，并逐步演化为轻微故障。,0.6074,hydraulic
RCA_TEXT_HFB-03205,HFB-03205,rca_text,结合传感器能量和检测记录，液压泵总成的泄漏异常与运维阶段高风险实体 HOPR-03205 一致。,0.5806,hydraulic
EVO_TEXT_HFB-03205,HFB-03205,fault_evolution_text,隐患先导致局部性能退化，随后传感器能量向关联通道集中，最终形成泄漏异常。,0.5806,hydraulic
RCA_TEXT_HFB-03206,HFB-03206,rca_text,结合传感器能量和检测记录，卸荷阀的振动异常与材料阶段高风险实体 HMAT-00251 一致。,0.5776,hydraulic
EVO_TEXT_HFB-03206,HFB-03206,fault_evolution_text,隐患先导致局部性能退化，随后传感器能量向关联通道集中，最终形成振动异常。,0.5776,hydraulic
RCA_TEXT_HFB-03207,HFB-03207,rca_text,溢流阀出现中度压力异常，生命周期风险集中在装配阶段，建议优先追溯 HASM-03207。,0.6421,hydraulic
EVO_TEXT_HFB-03207,HFB-03207,fault_evolution_text,早期异常较弱，运行载荷放大后出现指标漂移，并逐步演化为中度故障。,0.6421,hydraulic
RCA_TEXT_HFB-03208,HFB-03208,rca_text,结合传感器能量和检测记录，卸荷阀的压力异常与运维阶段高风险实体 HOPR-03208 一致。,0.5851,hydraulic
EVO_TEXT_HFB-03208,HFB-03208,fault_evolution_text,隐患先导致局部性能退化，随后传感器能量向关联通道集中，最终形成压力异常。,0.5851,hydraulic
RCA_TEXT_HFB-03209,HFB-03209,rca_text,溢流阀出现轻微泄漏异常，生命周期风险集中在运维阶段，建议优先追溯 HOPR-03209。,0.6357,hydraulic
EVO_TEXT_HFB-03209,HFB-03209,fault_evolution_text,运维阶段风险与运行工况耦合后引起状态劣化，检测指标随严重度同步升高。,0.6357,hydraulic
RCA_TEXT_HFB-03210,HFB-03210,rca_text,蓄能器出现轻微阀芯卡滞，生命周期风险集中在设计阶段，建议优先追溯 HDES-00352。,0.5435,hydraulic
EVO_TEXT_HFB-03210,HFB-03210,fault_evolution_text,设计阶段风险与运行工况耦合后引起状态劣化，检测指标随严重度同步升高。,0.5435,hydraulic
RCA_TEXT_HFB-03211,HFB-03211,rca_text,结合传感器能量和检测记录，液压泵总成的振动异常与材料阶段高风险实体 HMAT-00298 一致。,0.6207,hydraulic
EVO_TEXT_HFB-03211,HFB-03211,fault_evolution_text,早期异常较弱，运行载荷放大后出现指标漂移，并逐步演化为中度故障。,0.6207,hydraulic
RCA_TEXT_HFB-03212,HFB-03212,rca_text,卸荷阀出现轻微流量异常，生命周期风险集中在设计阶段，建议优先追溯 HDES-01060。,0.5681,hydraulic
EVO_TEXT_HFB-03212,HFB-03212,fault_evolution_text,设计阶段风险与运行工况耦合后引起状态劣化，检测指标随严重度同步升高。,0.5681,hydraulic
RCA_TEXT_HFB-03213,HFB-03213,rca_text,结合传感器能量和检测记录，方向控制阀的流量异常与检测阶段高风险实体 HINSP-03213 一致。,0.6186,hydraulic
EVO_TEXT_HFB-03213,HFB-03213,fault_evolution_text,早期异常较弱，运行载荷放大后出现指标漂移，并逐步演化为中度故障。,0.6186,hydraulic
RCA_TEXT_HFB-03214,HFB-03214,rca_text,管路总成出现中度流量异常，生命周期风险集中在运维阶段，建议优先追溯 HOPR-03214。,0.657,hydraulic
EVO_TEXT_HFB-03214,HFB-03214,fault_evolution_text,早期异常较弱，运行载荷放大后出现指标漂移，并逐步演化为中度故障。,0.657,hydraulic
RCA_TEXT_HFB-03215,HFB-03215,rca_text,该案例表现为中度阀芯卡滞，根因更可能由运维阶段隐患累积触发。,0.6258,hydraulic
EVO_TEXT_HFB-03215,HFB-03215,fault_evolution_text,早期异常较弱，运行载荷放大后出现指标漂移，并逐步演化为中度故障。,0.6258,hydraulic
RCA_TEXT_HFB-03216,HFB-03216,rca_text,卸荷阀出现中度阀芯卡滞，生命周期风险集中在运维阶段，建议优先追溯 HOPR-03216。,0.6189,hydraulic
EVO_TEXT_HFB-03216,HFB-03216,fault_evolution_text,隐患先导致局部性能退化，随后传感器能量向关联通道集中，最终形成阀芯卡滞。,0.6189,hydraulic
RCA_TEXT_HFB-03217,HFB-03217,rca_text,结合传感器能量和检测记录，溢流阀的阀芯卡滞与设计阶段高风险实体 HDES-00934 一致。,0.6227,hydraulic
EVO_TEXT_HFB-03217,HFB-03217,fault_evolution_text,早期异常较弱，运行载荷放大后出现指标漂移，并逐步演化为轻微故障。,0.6227,hydraulic
RCA_TEXT_HFB-03218,HFB-03218,rca_text,管路总成出现中度压力异常，生命周期风险集中在装配阶段，建议优先追溯 HASM-03218。,0.5813,hydraulic
EVO_TEXT_HFB-03218,HFB-03218,fault_evolution_text,早期异常较弱，运行载荷放大后出现指标漂移，并逐步演化为中度故障。,0.5813,hydraulic
RCA_TEXT_HFB-03219,HFB-03219,rca_text,结合传感器能量和检测记录，过滤器的流量异常与运维阶段高风险实体 HOPR-03219 一致。,0.6282,hydraulic
EVO_TEXT_HFB-03219,HFB-03219,fault_evolution_text,隐患先导致局部性能退化，随后传感器能量向关联通道集中，最终形成流量异常。,0.6282,hydraulic
RCA_TEXT_HFB-03220,HFB-03220,rca_text,结合传感器能量和检测记录，液压泵总成的温度异常与运维阶段高风险实体 HOPR-03220 一致。,0.5271,hydraulic
EVO_TEXT_HFB-03220,HFB-03220,fault_evolution_text,早期异常较弱，运行载荷放大后出现指标漂移，并逐步演化为中度故障。,0.5271,hydraulic
RCA_TEXT_HFB-03221,HFB-03221,rca_text,卸荷阀出现中度振动异常，生命周期风险集中在运维阶段，建议优先追溯 HOPR-03221。,0.575,hydraulic
EVO_TEXT_HFB-03221,HFB-03221,fault_evolution_text,运维阶段风险与运行工况耦合后引起状态劣化，检测指标随严重度同步升高。,0.575,hydraulic
RCA_TEXT_HFB-03222,HFB-03222,rca_text,过滤器出现轻微温度异常，生命周期风险集中在运维阶段，建议优先追溯 HOPR-03222。,0.6002,hydraulic
EVO_TEXT_HFB-03222,HFB-03222,fault_evolution_text,隐患先导致局部性能退化，随后传感器能量向关联通道集中，最终形成温度异常。,0.6002,hydraulic
RCA_TEXT_HFB-03223,HFB-03223,rca_text,结合传感器能量和检测记录，液压泵总成的振动异常与设计阶段高风险实体 HDES-01149 一致。,0.6413,hydraulic
EVO_TEXT_HFB-03223,HFB-03223,fault_evolution_text,早期异常较弱，运行载荷放大后出现指标漂移，并逐步演化为轻微故障。,0.6413,hydraulic
RCA_TEXT_HFB-03224,HFB-03224,rca_text,方向控制阀出现轻微流量异常，生命周期风险集中在制造阶段，建议优先追溯 HMAN-01103。,0.563,hydraulic
EVO_TEXT_HFB-03224,HFB-03224,fault_evolution_text,早期异常较弱，运行载荷放大后出现指标漂移，并逐步演化为轻微故障。,0.563,hydraulic
RCA_TEXT_HFB-03225,HFB-03225,rca_text,该案例表现为轻微阀芯卡滞，根因更可能由材料阶段隐患累积触发。,0.6173,hydraulic
EVO_TEXT_HFB-03225,HFB-03225,fault_evolution_text,材料阶段风险与运行工况耦合后引起状态劣化，检测指标随严重度同步升高。,0.6173,hydraulic
RCA_TEXT_HFB-03226,HFB-03226,rca_text,结合传感器能量和检测记录，蓄能器的温度异常与设计阶段高风险实体 HDES-00889 一致。,0.604,hydraulic
EVO_TEXT_HFB-03226,HFB-03226,fault_evolution_text,早期异常较弱，运行载荷放大后出现指标漂移，并逐步演化为轻微故障。,0.604,hydraulic
RCA_TEXT_HFB-03227,HFB-03227,rca_text,节流阀出现轻微阀芯卡滞，生命周期风险集中在设计阶段，建议优先追溯 HDES-00053。,0.5993,hydraulic
EVO_TEXT_HFB-03227,HFB-03227,fault_evolution_text,设计阶段风险与运行工况耦合后引起状态劣化，检测指标随严重度同步升高。,0.5993,hydraulic
RCA_TEXT_HFB-03228,HFB-03228,rca_text,该案例表现为轻微流量异常，根因更可能由运维阶段隐患累积触发。,0.5709,hydraulic
EVO_TEXT_HFB-03228,HFB-03228,fault_evolution_text,早期异常较弱，运行载荷放大后出现指标漂移，并逐步演化为轻微故障。,0.5709,hydraulic
RCA_TEXT_HFB-03229,HFB-03229,rca_text,结合传感器能量和检测记录，溢流阀的压力异常与运维阶段高风险实体 HOPR-03229 一致。,0.6122,hydraulic
EVO_TEXT_HFB-03229,HFB-03229,fault_evolution_text,隐患先导致局部性能退化，随后传感器能量向关联通道集中，最终形成压力异常。,0.6122,hydraulic
RCA_TEXT_HFB-03230,HFB-03230,rca_text,作动筒出现中度振动异常，生命周期风险集中在装配阶段，建议优先追溯 HASM-03230。,0.6201,hydraulic
EVO_TEXT_HFB-03230,HFB-03230,fault_evolution_text,隐患先导致局部性能退化，随后传感器能量向关联通道集中，最终形成振动异常。,0.6201,hydraulic
RCA_TEXT_HFB-03231,HFB-03231,rca_text,结合传感器能量和检测记录，卸荷阀的压力异常与材料阶段高风险实体 HMAT-00562 一致。,0.5647,hydraulic
EVO_TEXT_HFB-03231,HFB-03231,fault_evolution_text,早期异常较弱，运行载荷放大后出现指标漂移，并逐步演化为轻微故障。,0.5647,hydraulic
RCA_TEXT_HFB-03232,HFB-03232,rca_text,液压油箱出现中度温度异常，生命周期风险集中在运维阶段，建议优先追溯 HOPR-03232。,0.6367,hydraulic
EVO_TEXT_HFB-03232,HFB-03232,fault_evolution_text,隐患先导致局部性能退化，随后传感器能量向关联通道集中，最终形成温度异常。,0.6367,hydraulic
RCA_TEXT_HFB-03233,HFB-03233,rca_text,卸荷阀出现中度阀芯卡滞，生命周期风险集中在运维阶段，建议优先追溯 HOPR-03233。,0.6605,hydraulic
EVO_TEXT_HFB-03233,HFB-03233,fault_evolution_text,早期异常较弱，运行载荷放大后出现指标漂移，并逐步演化为中度故障。,0.6605,hydraulic
RCA_TEXT_HFB-03234,HFB-03234,rca_text,结合传感器能量和检测记录，卸荷阀的振动异常与设计阶段高风险实体 HDES-00302 一致。,0.5314,hydraulic
EVO_TEXT_HFB-03234,HFB-03234,fault_evolution_text,隐患先导致局部性能退化，随后传感器能量向关联通道集中，最终形成振动异常。,0.5314,hydraulic
RCA_TEXT_HFB-03235,HFB-03235,rca_text,结合传感器能量和检测记录，液压油箱的流量异常与设计阶段高风险实体 HDES-00231 一致。,0.5975,hydraulic
EVO_TEXT_HFB-03235,HFB-03235,fault_evolution_text,隐患先导致局部性能退化，随后传感器能量向关联通道集中，最终形成流量异常。,0.5975,hydraulic
RCA_TEXT_HFB-03236,HFB-03236,rca_text,冷却器出现中度温度异常，生命周期风险集中在运维阶段，建议优先追溯 HOPR-03236。,0.6474,hydraulic
EVO_TEXT_HFB-03236,HFB-03236,fault_evolution_text,早期异常较弱，运行载荷放大后出现指标漂移，并逐步演化为中度故障。,0.6474,hydraulic
RCA_TEXT_HFB-03237,HFB-03237,rca_text,该案例表现为轻微泄漏异常，根因更可能由装配阶段隐患累积触发。,0.5481,hydraulic
EVO_TEXT_HFB-03237,HFB-03237,fault_evolution_text,早期异常较弱，运行载荷放大后出现指标漂移，并逐步演化为轻微故障。,0.5481,hydraulic
RCA_TEXT_HFB-03238,HFB-03238,rca_text,结合传感器能量和检测记录，管路总成的振动异常与设计阶段高风险实体 HPIP-00565 一致。,0.5891,hydraulic
EVO_TEXT_HFB-03238,HFB-03238,fault_evolution_text,早期异常较弱，运行载荷放大后出现指标漂移，并逐步演化为中度故障。,0.5891,hydraulic
RCA_TEXT_HFB-03239,HFB-03239,rca_text,结合传感器能量和检测记录，过滤器的振动异常与装配阶段高风险实体 HASM-03239 一致。,0.5555,hydraulic
EVO_TEXT_HFB-03239,HFB-03239,fault_evolution_text,隐患先导致局部性能退化，随后传感器能量向关联通道集中，最终形成振动异常。,0.5555,hydraulic
RCA_TEXT_HFB-03240,HFB-03240,rca_text,方向控制阀出现轻微压力异常，生命周期风险集中在设计阶段，建议优先追溯 HDES-00703。,0.5803,hydraulic
EVO_TEXT_HFB-03240,HFB-03240,fault_evolution_text,隐患先导致局部性能退化，随后传感器能量向关联通道集中，最终形成压力异常。,0.5803,hydraulic
RCA_TEXT_HFB-03241,HFB-03241,rca_text,管路总成出现轻微阀芯卡滞，生命周期风险集中在运维阶段，建议优先追溯 HOPR-03241。,0.5669,hydraulic
EVO_TEXT_HFB-03241,HFB-03241,fault_evolution_text,早期异常较弱，运行载荷放大后出现指标漂移，并逐步演化为轻微故障。,0.5669,hydraulic
RCA_TEXT_HFB-03242,HFB-03242,rca_text,该案例表现为中度泄漏异常，根因更可能由材料阶段隐患累积触发。,0.6763,hydraulic
EVO_TEXT_HFB-03242,HFB-03242,fault_evolution_text,材料阶段风险与运行工况耦合后引起状态劣化，检测指标随严重度同步升高。,0.6763,hydraulic
RCA_TEXT_HFB-03243,HFB-03243,rca_text,该案例表现为轻微泄漏异常，根因更可能由装配阶段隐患累积触发。,0.6034,hydraulic
EVO_TEXT_HFB-03243,HFB-03243,fault_evolution_text,隐患先导致局部性能退化，随后传感器能量向关联通道集中，最终形成泄漏异常。,0.6034,hydraulic
RCA_TEXT_HFB-03244,HFB-03244,rca_text,结合传感器能量和检测记录，单向阀的流量异常与运维阶段高风险实体 HOPR-03244 一致。,0.5283,hydraulic
EVO_TEXT_HFB-03244,HFB-03244,fault_evolution_text,隐患先导致局部性能退化，随后传感器能量向关联通道集中，最终形成流量异常。,0.5283,hydraulic
RCA_TEXT_HFB-03245,HFB-03245,rca_text,卸荷阀出现中度阀芯卡滞，生命周期风险集中在运维阶段，建议优先追溯 HOPR-03245。,0.5798,hydraulic
EVO_TEXT_HFB-03245,HFB-03245,fault_evolution_text,隐患先导致局部性能退化，随后传感器能量向关联通道集中，最终形成阀芯卡滞。,0.5798,hydraulic
RCA_TEXT_HFB-03246,HFB-03246,rca_text,结合传感器能量和检测记录，管路总成的泄漏异常与设计阶段高风险实体 HPIP-00568 一致。,0.6321,hydraulic
EVO_TEXT_HFB-03246,HFB-03246,fault_evolution_text,早期异常较弱，运行载荷放大后出现指标漂移，并逐步演化为中度故障。,0.6321,hydraulic
RCA_TEXT_HFB-03247,HFB-03247,rca_text,过滤器出现轻微泄漏异常，生命周期风险集中在材料阶段，建议优先追溯 HMAT-00045。,0.6224,hydraulic
EVO_TEXT_HFB-03247,HFB-03247,fault_evolution_text,隐患先导致局部性能退化，随后传感器能量向关联通道集中，最终形成泄漏异常。,0.6224,hydraulic
RCA_TEXT_HFB-03248,HFB-03248,rca_text,该案例表现为轻微压力异常，根因更可能由制造阶段隐患累积触发。,0.602,hydraulic
EVO_TEXT_HFB-03248,HFB-03248,fault_evolution_text,制造阶段风险与运行工况耦合后引起状态劣化，检测指标随严重度同步升高。,0.602,hydraulic
RCA_TEXT_HFB-03249,HFB-03249,rca_text,结合传感器能量和检测记录，溢流阀的泄漏异常与运维阶段高风险实体 HOPR-03249 一致。,0.6123,hydraulic
EVO_TEXT_HFB-03249,HFB-03249,fault_evolution_text,运维阶段风险与运行工况耦合后引起状态劣化，检测指标随严重度同步升高。,0.6123,hydraulic
RCA_TEXT_HFB-03250,HFB-03250,rca_text,结合传感器能量和检测记录，管路总成的泄漏异常与制造阶段高风险实体 HMAN-00361 一致。,0.6201,hydraulic
EVO_TEXT_HFB-03250,HFB-03250,fault_evolution_text,制造阶段风险与运行工况耦合后引起状态劣化，检测指标随严重度同步升高。,0.6201,hydraulic
RCA_TEXT_HFB-03251,HFB-03251,rca_text,方向控制阀出现轻微温度异常，生命周期风险集中在设计阶段，建议优先追溯 HDES-00735。,0.5927,hydraulic
EVO_TEXT_HFB-03251,HFB-03251,fault_evolution_text,早期异常较弱，运行载荷放大后出现指标漂移，并逐步演化为轻微故障。,0.5927,hydraulic
RCA_TEXT_HFB-03252,HFB-03252,rca_text,结合传感器能量和检测记录，液压油箱的压力异常与设计阶段高风险实体 HDES-00916 一致。,0.5956,hydraulic
EVO_TEXT_HFB-03252,HFB-03252,fault_evolution_text,设计阶段风险与运行工况耦合后引起状态劣化，检测指标随严重度同步升高。,0.5956,hydraulic
RCA_TEXT_HFB-03253,HFB-03253,rca_text,该案例表现为轻微泄漏异常，根因更可能由运维阶段隐患累积触发。,0.5281,hydraulic
EVO_TEXT_HFB-03253,HFB-03253,fault_evolution_text,隐患先导致局部性能退化，随后传感器能量向关联通道集中，最终形成泄漏异常。,0.5281,hydraulic
RCA_TEXT_HFB-03254,HFB-03254,rca_text,该案例表现为轻微阀芯卡滞，根因更可能由材料阶段隐患累积触发。,0.6253,hydraulic
EVO_TEXT_HFB-03254,HFB-03254,fault_evolution_text,早期异常较弱，运行载荷放大后出现指标漂移，并逐步演化为轻微故障。,0.6253,hydraulic
RCA_TEXT_HFB-03255,HFB-03255,rca_text,该案例表现为中度振动异常，根因更可能由运维阶段隐患累积触发。,0.6011,hydraulic
EVO_TEXT_HFB-03255,HFB-03255,fault_evolution_text,早期异常较弱，运行载荷放大后出现指标漂移，并逐步演化为中度故障。,0.6011,hydraulic
RCA_TEXT_HFB-03256,HFB-03256,rca_text,结合传感器能量和检测记录，单向阀的泄漏异常与材料阶段高风险实体 HMAT-00288 一致。,0.5856,hydraulic
EVO_TEXT_HFB-03256,HFB-03256,fault_evolution_text,隐患先导致局部性能退化，随后传感器能量向关联通道集中，最终形成泄漏异常。,0.5856,hydraulic
RCA_TEXT_HFB-03257,HFB-03257,rca_text,结合传感器能量和检测记录，节流阀的阀芯卡滞与制造阶段高风险实体 HMAN-00183 一致。,0.5925,hydraulic
EVO_TEXT_HFB-03257,HFB-03257,fault_evolution_text,制造阶段风险与运行工况耦合后引起状态劣化，检测指标随严重度同步升高。,0.5925,hydraulic
RCA_TEXT_HFB-03258,HFB-03258,rca_text,结合传感器能量和检测记录，单向阀的阀芯卡滞与制造阶段高风险实体 HMAN-01068 一致。,0.6151,hydraulic
EVO_TEXT_HFB-03258,HFB-03258,fault_evolution_text,制造阶段风险与运行工况耦合后引起状态劣化，检测指标随严重度同步升高。,0.6151,hydraulic
RCA_TEXT_HFB-03259,HFB-03259,rca_text,节流阀出现中度阀芯卡滞，生命周期风险集中在运维阶段，建议优先追溯 HOPR-03259。,0.6016,hydraulic
EVO_TEXT_HFB-03259,HFB-03259,fault_evolution_text,隐患先导致局部性能退化，随后传感器能量向关联通道集中，最终形成阀芯卡滞。,0.6016,hydraulic
RCA_TEXT_HFB-03260,HFB-03260,rca_text,结合传感器能量和检测记录，单向阀的阀芯卡滞与制造阶段高风险实体 HMAN-00239 一致。,0.5987,hydraulic
EVO_TEXT_HFB-03260,HFB-03260,fault_evolution_text,早期异常较弱，运行载荷放大后出现指标漂移，并逐步演化为轻微故障。,0.5987,hydraulic
RCA_TEXT_HFB-03261,HFB-03261,rca_text,结合传感器能量和检测记录，作动筒的泄漏异常与制造阶段高风险实体 HMAN-00664 一致。,0.5941,hydraulic
EVO_TEXT_HFB-03261,HFB-03261,fault_evolution_text,早期异常较弱，运行载荷放大后出现指标漂移，并逐步演化为轻微故障。,0.5941,hydraulic
RCA_TEXT_HFB-03262,HFB-03262,rca_text,该案例表现为中度阀芯卡滞，根因更可能由设计阶段隐患累积触发。,0.5984,hydraulic
EVO_TEXT_HFB-03262,HFB-03262,fault_evolution_text,隐患先导致局部性能退化，随后传感器能量向关联通道集中，最终形成阀芯卡滞。,0.5984,hydraulic
RCA_TEXT_HFB-03263,HFB-03263,rca_text,作动筒出现轻微阀芯卡滞，生命周期风险集中在运维阶段，建议优先追溯 HOPR-03263。,0.5755,hydraulic
EVO_TEXT_HFB-03263,HFB-03263,fault_evolution_text,运维阶段风险与运行工况耦合后引起状态劣化，检测指标随严重度同步升高。,0.5755,hydraulic
RCA_TEXT_HFB-03264,HFB-03264,rca_text,该案例表现为轻微振动异常，根因更可能由装配阶段隐患累积触发。,0.5594,hydraulic
EVO_TEXT_HFB-03264,HFB-03264,fault_evolution_text,早期异常较弱，运行载荷放大后出现指标漂移，并逐步演化为轻微故障。,0.5594,hydraulic
RCA_TEXT_HFB-03265,HFB-03265,rca_text,单向阀出现轻微阀芯卡滞，生命周期风险集中在制造阶段，建议优先追溯 HMAN-00017。,0.6514,hydraulic
EVO_TEXT_HFB-03265,HFB-03265,fault_evolution_text,隐患先导致局部性能退化，随后传感器能量向关联通道集中，最终形成阀芯卡滞。,0.6514,hydraulic
RCA_TEXT_HFB-03266,HFB-03266,rca_text,结合传感器能量和检测记录，过滤器的温度异常与运维阶段高风险实体 HOPR-03266 一致。,0.6656,hydraulic
EVO_TEXT_HFB-03266,HFB-03266,fault_evolution_text,早期异常较弱，运行载荷放大后出现指标漂移，并逐步演化为中度故障。,0.6656,hydraulic
RCA_TEXT_HFB-03267,HFB-03267,rca_text,过滤器出现中度流量异常，生命周期风险集中在运维阶段，建议优先追溯 HOPR-03267。,0.7273,hydraulic
EVO_TEXT_HFB-03267,HFB-03267,fault_evolution_text,运维阶段风险与运行工况耦合后引起状态劣化，检测指标随严重度同步升高。,0.7273,hydraulic
RCA_TEXT_HFB-03268,HFB-03268,rca_text,结合传感器能量和检测记录，管路总成的泄漏异常与运维阶段高风险实体 HOPR-03268 一致。,0.6998,hydraulic
EVO_TEXT_HFB-03268,HFB-03268,fault_evolution_text,运维阶段风险与运行工况耦合后引起状态劣化，检测指标随严重度同步升高。,0.6998,hydraulic
RCA_TEXT_HFB-03269,HFB-03269,rca_text,该案例表现为轻微阀芯卡滞，根因更可能由制造阶段隐患累积触发。,0.6283,hydraulic
EVO_TEXT_HFB-03269,HFB-03269,fault_evolution_text,制造阶段风险与运行工况耦合后引起状态劣化，检测指标随严重度同步升高。,0.6283,hydraulic
RCA_TEXT_HFB-03270,HFB-03270,rca_text,该案例表现为中度阀芯卡滞，根因更可能由运维阶段隐患累积触发。,0.6332,hydraulic
EVO_TEXT_HFB-03270,HFB-03270,fault_evolution_text,早期异常较弱，运行载荷放大后出现指标漂移，并逐步演化为中度故障。,0.6332,hydraulic
RCA_TEXT_HFB-03271,HFB-03271,rca_text,液压泵总成出现轻微温度异常，生命周期风险集中在设计阶段，建议优先追溯 HDES-00057。,0.5698,hydraulic
EVO_TEXT_HFB-03271,HFB-03271,fault_evolution_text,设计阶段风险与运行工况耦合后引起状态劣化，检测指标随严重度同步升高。,0.5698,hydraulic
RCA_TEXT_HFB-03272,HFB-03272,rca_text,蓄能器出现轻微流量异常，生命周期风险集中在运维阶段，建议优先追溯 HOPR-03272。,0.6302,hydraulic
EVO_TEXT_HFB-03272,HFB-03272,fault_evolution_text,隐患先导致局部性能退化，随后传感器能量向关联通道集中，最终形成流量异常。,0.6302,hydraulic
RCA_TEXT_HFB-03273,HFB-03273,rca_text,液压泵总成出现轻微振动异常，生命周期风险集中在运维阶段，建议优先追溯 HOPR-03273。,0.5745,hydraulic
EVO_TEXT_HFB-03273,HFB-03273,fault_evolution_text,早期异常较弱，运行载荷放大后出现指标漂移，并逐步演化为轻微故障。,0.5745,hydraulic
RCA_TEXT_HFB-03274,HFB-03274,rca_text,结合传感器能量和检测记录，卸荷阀的温度异常与制造阶段高风险实体 HMAN-00437 一致。,0.5631,hydraulic
EVO_TEXT_HFB-03274,HFB-03274,fault_evolution_text,隐患先导致局部性能退化，随后传感器能量向关联通道集中，最终形成温度异常。,0.5631,hydraulic
RCA_TEXT_HFB-03275,HFB-03275,rca_text,结合传感器能量和检测记录，液压油箱的振动异常与装配阶段高风险实体 HASM-03275 一致。,0.6524,hydraulic
EVO_TEXT_HFB-03275,HFB-03275,fault_evolution_text,装配阶段风险与运行工况耦合后引起状态劣化，检测指标随严重度同步升高。,0.6524,hydraulic
RCA_TEXT_HFB-03276,HFB-03276,rca_text,该案例表现为轻微压力异常，根因更可能由设计阶段隐患累积触发。,0.5703,hydraulic
EVO_TEXT_HFB-03276,HFB-03276,fault_evolution_text,隐患先导致局部性能退化，随后传感器能量向关联通道集中，最终形成压力异常。,0.5703,hydraulic
RCA_TEXT_HFB-03277,HFB-03277,rca_text,结合传感器能量和检测记录，方向控制阀的阀芯卡滞与装配阶段高风险实体 HASM-03277 一致。,0.5915,hydraulic
EVO_TEXT_HFB-03277,HFB-03277,fault_evolution_text,隐患先导致局部性能退化，随后传感器能量向关联通道集中，最终形成阀芯卡滞。,0.5915,hydraulic
RCA_TEXT_HFB-03278,HFB-03278,rca_text,液压油箱出现轻微振动异常，生命周期风险集中在设计阶段，建议优先追溯 HDES-00598。,0.5739,hydraulic
EVO_TEXT_HFB-03278,HFB-03278,fault_evolution_text,早期异常较弱，运行载荷放大后出现指标漂移，并逐步演化为轻微故障。,0.5739,hydraulic
RCA_TEXT_HFB-03279,HFB-03279,rca_text,结合传感器能量和检测记录，卸荷阀的温度异常与材料阶段高风险实体 HMAT-00271 一致。,0.4828,hydraulic
EVO_TEXT_HFB-03279,HFB-03279,fault_evolution_text,早期异常较弱，运行载荷放大后出现指标漂移，并逐步演化为轻微故障。,0.4828,hydraulic
RCA_TEXT_HFB-03280,HFB-03280,rca_text,结合传感器能量和检测记录，蓄能器的流量异常与制造阶段高风险实体 HMAN-00540 一致。,0.6143,hydraulic
EVO_TEXT_HFB-03280,HFB-03280,fault_evolution_text,隐患先导致局部性能退化，随后传感器能量向关联通道集中，最终形成流量异常。,0.6143,hydraulic
RCA_TEXT_HFB-03281,HFB-03281,rca_text,作动筒出现轻微阀芯卡滞，生命周期风险集中在运维阶段，建议优先追溯 HOPR-03281。,0.585,hydraulic
EVO_TEXT_HFB-03281,HFB-03281,fault_evolution_text,早期异常较弱，运行载荷放大后出现指标漂移，并逐步演化为轻微故障。,0.585,hydraulic
RCA_TEXT_HFB-03282,HFB-03282,rca_text,结合传感器能量和检测记录，溢流阀的阀芯卡滞与设计阶段高风险实体 HDES-00712 一致。,0.6323,hydraulic
EVO_TEXT_HFB-03282,HFB-03282,fault_evolution_text,早期异常较弱，运行载荷放大后出现指标漂移，并逐步演化为中度故障。,0.6323,hydraulic
RCA_TEXT_HFB-03283,HFB-03283,rca_text,结合传感器能量和检测记录，节流阀的振动异常与运维阶段高风险实体 HOPR-03283 一致。,0.5612,hydraulic
EVO_TEXT_HFB-03283,HFB-03283,fault_evolution_text,隐患先导致局部性能退化，随后传感器能量向关联通道集中，最终形成振动异常。,0.5612,hydraulic
RCA_TEXT_HFB-03284,HFB-03284,rca_text,单向阀出现轻微振动异常，生命周期风险集中在制造阶段，建议优先追溯 HMAN-01120。,0.5422,hydraulic
EVO_TEXT_HFB-03284,HFB-03284,fault_evolution_text,早期异常较弱，运行载荷放大后出现指标漂移，并逐步演化为轻微故障。,0.5422,hydraulic
RCA_TEXT_HFB-03285,HFB-03285,rca_text,结合传感器能量和检测记录，管路总成的流量异常与装配阶段高风险实体 HASM-03285 一致。,0.5654,hydraulic
EVO_TEXT_HFB-03285,HFB-03285,fault_evolution_text,早期异常较弱，运行载荷放大后出现指标漂移，并逐步演化为轻微故障。,0.5654,hydraulic
RCA_TEXT_HFB-03286,HFB-03286,rca_text,结合传感器能量和检测记录，液压油箱的温度异常与运维阶段高风险实体 HOPR-03286 一致。,0.6089,hydraulic
EVO_TEXT_HFB-03286,HFB-03286,fault_evolution_text,隐患先导致局部性能退化，随后传感器能量向关联通道集中，最终形成温度异常。,0.6089,hydraulic
RCA_TEXT_HFB-03287,HFB-03287,rca_text,蓄能器出现轻微泄漏异常，生命周期风险集中在材料阶段，建议优先追溯 HMAT-00370。,0.6193,hydraulic
EVO_TEXT_HFB-03287,HFB-03287,fault_evolution_text,材料阶段风险与运行工况耦合后引起状态劣化，检测指标随严重度同步升高。,0.6193,hydraulic
RCA_TEXT_HFB-03288,HFB-03288,rca_text,蓄能器出现轻微振动异常，生命周期风险集中在运维阶段，建议优先追溯 HOPR-03288。,0.5872,hydraulic
EVO_TEXT_HFB-03288,HFB-03288,fault_evolution_text,早期异常较弱，运行载荷放大后出现指标漂移，并逐步演化为轻微故障。,0.5872,hydraulic
RCA_TEXT_HFB-03289,HFB-03289,rca_text,过滤器出现轻微流量异常，生命周期风险集中在设计阶段，建议优先追溯 HDES-00158。,0.6305,hydraulic
EVO_TEXT_HFB-03289,HFB-03289,fault_evolution_text,设计阶段风险与运行工况耦合后引起状态劣化，检测指标随严重度同步升高。,0.6305,hydraulic
RCA_TEXT_HFB-03290,HFB-03290,rca_text,管路总成出现中度泄漏异常，生命周期风险集中在制造阶段，建议优先追溯 HMAN-00514。,0.6215,hydraulic
EVO_TEXT_HFB-03290,HFB-03290,fault_evolution_text,隐患先导致局部性能退化，随后传感器能量向关联通道集中，最终形成泄漏异常。,0.6215,hydraulic
RCA_TEXT_HFB-03291,HFB-03291,rca_text,冷却器出现轻微温度异常，生命周期风险集中在运维阶段，建议优先追溯 HOPR-03291。,0.6575,hydraulic
EVO_TEXT_HFB-03291,HFB-03291,fault_evolution_text,隐患先导致局部性能退化，随后传感器能量向关联通道集中，最终形成温度异常。,0.6575,hydraulic
RCA_TEXT_HFB-03292,HFB-03292,rca_text,该案例表现为中度振动异常，根因更可能由运维阶段隐患累积触发。,0.6145,hydraulic
EVO_TEXT_HFB-03292,HFB-03292,fault_evolution_text,隐患先导致局部性能退化，随后传感器能量向关联通道集中，最终形成振动异常。,0.6145,hydraulic
RCA_TEXT_HFB-03293,HFB-03293,rca_text,结合传感器能量和检测记录，节流阀的泄漏异常与运维阶段高风险实体 HOPR-03293 一致。,0.5697,hydraulic
EVO_TEXT_HFB-03293,HFB-03293,fault_evolution_text,运维阶段风险与运行工况耦合后引起状态劣化，检测指标随严重度同步升高。,0.5697,hydraulic
RCA_TEXT_HFB-03294,HFB-03294,rca_text,溢流阀出现轻微振动异常，生命周期风险集中在设计阶段，建议优先追溯 HDES-00308。,0.5514,hydraulic
EVO_TEXT_HFB-03294,HFB-03294,fault_evolution_text,早期异常较弱，运行载荷放大后出现指标漂移，并逐步演化为轻微故障。,0.5514,hydraulic
RCA_TEXT_HFB-03295,HFB-03295,rca_text,该案例表现为中度压力异常，根因更可能由制造阶段隐患累积触发。,0.5962,hydraulic
EVO_TEXT_HFB-03295,HFB-03295,fault_evolution_text,早期异常较弱，运行载荷放大后出现指标漂移，并逐步演化为中度故障。,0.5962,hydraulic
RCA_TEXT_HFB-03296,HFB-03296,rca_text,结合传感器能量和检测记录，溢流阀的泄漏异常与材料阶段高风险实体 HMAT-00452 一致。,0.659,hydraulic
EVO_TEXT_HFB-03296,HFB-03296,fault_evolution_text,早期异常较弱，运行载荷放大后出现指标漂移，并逐步演化为中度故障。,0.659,hydraulic
RCA_TEXT_HFB-03297,HFB-03297,rca_text,液压泵总成出现轻微阀芯卡滞，生命周期风险集中在制造阶段，建议优先追溯 HMAN-00874。,0.6144,hydraulic
EVO_TEXT_HFB-03297,HFB-03297,fault_evolution_text,早期异常较弱，运行载荷放大后出现指标漂移，并逐步演化为轻微故障。,0.6144,hydraulic
RCA_TEXT_HFB-03298,HFB-03298,rca_text,结合传感器能量和检测记录，管路总成的温度异常与运维阶段高风险实体 HOPR-03298 一致。,0.6214,hydraulic
EVO_TEXT_HFB-03298,HFB-03298,fault_evolution_text,早期异常较弱，运行载荷放大后出现指标漂移，并逐步演化为轻微故障。,0.6214,hydraulic
RCA_TEXT_HFB-03299,HFB-03299,rca_text,结合传感器能量和检测记录，液压油箱的流量异常与装配阶段高风险实体 HASM-03299 一致。,0.5717,hydraulic
EVO_TEXT_HFB-03299,HFB-03299,fault_evolution_text,装配阶段风险与运行工况耦合后引起状态劣化，检测指标随严重度同步升高。,0.5717,hydraulic
RCA_TEXT_HFB-03300,HFB-03300,rca_text,结合传感器能量和检测记录，管路总成的泄漏异常与材料阶段高风险实体 HMAT-00316 一致。,0.6345,hydraulic
EVO_TEXT_HFB-03300,HFB-03300,fault_evolution_text,早期异常较弱，运行载荷放大后出现指标漂移，并逐步演化为中度故障。,0.6345,hydraulic
RCA_TEXT_HFB-03301,HFB-03301,rca_text,结合传感器能量和检测记录，方向控制阀的阀芯卡滞与运维阶段高风险实体 HOPR-03301 一致。,0.5539,hydraulic
EVO_TEXT_HFB-03301,HFB-03301,fault_evolution_text,早期异常较弱，运行载荷放大后出现指标漂移，并逐步演化为轻微故障。,0.5539,hydraulic
RCA_TEXT_HFB-03302,HFB-03302,rca_text,结合传感器能量和检测记录，节流阀的阀芯卡滞与设计阶段高风险实体 HDES-00873 一致。,0.5842,hydraulic
EVO_TEXT_HFB-03302,HFB-03302,fault_evolution_text,隐患先导致局部性能退化，随后传感器能量向关联通道集中，最终形成阀芯卡滞。,0.5842,hydraulic
RCA_TEXT_HFB-03303,HFB-03303,rca_text,结合传感器能量和检测记录，作动筒的阀芯卡滞与材料阶段高风险实体 HMAT-00172 一致。,0.5534,hydraulic
EVO_TEXT_HFB-03303,HFB-03303,fault_evolution_text,材料阶段风险与运行工况耦合后引起状态劣化，检测指标随严重度同步升高。,0.5534,hydraulic
RCA_TEXT_HFB-03304,HFB-03304,rca_text,管路总成出现中度泄漏异常，生命周期风险集中在运维阶段，建议优先追溯 HOPR-03304。,0.6665,hydraulic
EVO_TEXT_HFB-03304,HFB-03304,fault_evolution_text,早期异常较弱，运行载荷放大后出现指标漂移，并逐步演化为中度故障。,0.6665,hydraulic
RCA_TEXT_HFB-03305,HFB-03305,rca_text,方向控制阀出现中度压力异常，生命周期风险集中在制造阶段，建议优先追溯 HMAN-01021。,0.633,hydraulic
EVO_TEXT_HFB-03305,HFB-03305,fault_evolution_text,制造阶段风险与运行工况耦合后引起状态劣化，检测指标随严重度同步升高。,0.633,hydraulic
RCA_TEXT_HFB-03306,HFB-03306,rca_text,液压油箱出现轻微流量异常，生命周期风险集中在装配阶段，建议优先追溯 HASM-03306。,0.5764,hydraulic
EVO_TEXT_HFB-03306,HFB-03306,fault_evolution_text,隐患先导致局部性能退化，随后传感器能量向关联通道集中，最终形成流量异常。,0.5764,hydraulic
RCA_TEXT_HFB-03307,HFB-03307,rca_text,结合传感器能量和检测记录，冷却器的阀芯卡滞与制造阶段高风险实体 HMAN-00954 一致。,0.6508,hydraulic
EVO_TEXT_HFB-03307,HFB-03307,fault_evolution_text,早期异常较弱，运行载荷放大后出现指标漂移，并逐步演化为轻微故障。,0.6508,hydraulic
RCA_TEXT_HFB-03308,HFB-03308,rca_text,结合传感器能量和检测记录，管路总成的泄漏异常与设计阶段高风险实体 HPIP-00578 一致。,0.6646,hydraulic
EVO_TEXT_HFB-03308,HFB-03308,fault_evolution_text,早期异常较弱，运行载荷放大后出现指标漂移，并逐步演化为中度故障。,0.6646,hydraulic
RCA_TEXT_HFB-03309,HFB-03309,rca_text,结合传感器能量和检测记录，卸荷阀的振动异常与设计阶段高风险实体 HDES-00013 一致。,0.579,hydraulic
EVO_TEXT_HFB-03309,HFB-03309,fault_evolution_text,设计阶段风险与运行工况耦合后引起状态劣化，检测指标随严重度同步升高。,0.579,hydraulic
RCA_TEXT_HFB-03310,HFB-03310,rca_text,该案例表现为轻微泄漏异常，根因更可能由运维阶段隐患累积触发。,0.6458,hydraulic
EVO_TEXT_HFB-03310,HFB-03310,fault_evolution_text,隐患先导致局部性能退化，随后传感器能量向关联通道集中，最终形成泄漏异常。,0.6458,hydraulic
RCA_TEXT_HFB-03311,HFB-03311,rca_text,管路总成出现轻微流量异常，生命周期风险集中在材料阶段，建议优先追溯 HMAT-00364。,0.6218,hydraulic
EVO_TEXT_HFB-03311,HFB-03311,fault_evolution_text,早期异常较弱，运行载荷放大后出现指标漂移，并逐步演化为轻微故障。,0.6218,hydraulic
RCA_TEXT_HFB-03312,HFB-03312,rca_text,管路总成出现中度压力异常，生命周期风险集中在设计阶段，建议优先追溯 HPIP-00580。,0.559,hydraulic
EVO_TEXT_HFB-03312,HFB-03312,fault_evolution_text,早期异常较弱，运行载荷放大后出现指标漂移，并逐步演化为中度故障。,0.559,hydraulic
RCA_TEXT_HFB-03313,HFB-03313,rca_text,该案例表现为轻微阀芯卡滞，根因更可能由材料阶段隐患累积触发。,0.6125,hydraulic
EVO_TEXT_HFB-03313,HFB-03313,fault_evolution_text,隐患先导致局部性能退化，随后传感器能量向关联通道集中，最终形成阀芯卡滞。,0.6125,hydraulic
RCA_TEXT_HFB-03314,HFB-03314,rca_text,溢流阀出现轻微温度异常，生命周期风险集中在运维阶段，建议优先追溯 HOPR-03314。,0.5705,hydraulic
EVO_TEXT_HFB-03314,HFB-03314,fault_evolution_text,运维阶段风险与运行工况耦合后引起状态劣化，检测指标随严重度同步升高。,0.5705,hydraulic
RCA_TEXT_HFB-03315,HFB-03315,rca_text,蓄能器出现轻微泄漏异常，生命周期风险集中在装配阶段，建议优先追溯 HASM-03315。,0.6039,hydraulic
EVO_TEXT_HFB-03315,HFB-03315,fault_evolution_text,装配阶段风险与运行工况耦合后引起状态劣化，检测指标随严重度同步升高。,0.6039,hydraulic
RCA_TEXT_HFB-03316,HFB-03316,rca_text,结合传感器能量和检测记录，过滤器的振动异常与装配阶段高风险实体 HASM-03316 一致。,0.6224,hydraulic
EVO_TEXT_HFB-03316,HFB-03316,fault_evolution_text,早期异常较弱，运行载荷放大后出现指标漂移，并逐步演化为轻微故障。,0.6224,hydraulic
RCA_TEXT_HFB-03317,HFB-03317,rca_text,液压油箱出现中度流量异常，生命周期风险集中在材料阶段，建议优先追溯 HMAT-00390。,0.6379,hydraulic
EVO_TEXT_HFB-03317,HFB-03317,fault_evolution_text,早期异常较弱，运行载荷放大后出现指标漂移，并逐步演化为中度故障。,0.6379,hydraulic
RCA_TEXT_HFB-03318,HFB-03318,rca_text,该案例表现为轻微阀芯卡滞，根因更可能由材料阶段隐患累积触发。,0.5928,hydraulic
EVO_TEXT_HFB-03318,HFB-03318,fault_evolution_text,材料阶段风险与运行工况耦合后引起状态劣化，检测指标随严重度同步升高。,0.5928,hydraulic
RCA_TEXT_HFB-03319,HFB-03319,rca_text,作动筒出现轻微流量异常，生命周期风险集中在装配阶段，建议优先追溯 HASM-03319。,0.6166,hydraulic
EVO_TEXT_HFB-03319,HFB-03319,fault_evolution_text,装配阶段风险与运行工况耦合后引起状态劣化，检测指标随严重度同步升高。,0.6166,hydraulic
RCA_TEXT_HFB-03320,HFB-03320,rca_text,结合传感器能量和检测记录，管路总成的振动异常与装配阶段高风险实体 HASM-03320 一致。,0.6234,hydraulic
EVO_TEXT_HFB-03320,HFB-03320,fault_evolution_text,隐患先导致局部性能退化，随后传感器能量向关联通道集中，最终形成振动异常。,0.6234,hydraulic
RCA_TEXT_HFB-03321,HFB-03321,rca_text,结合传感器能量和检测记录，溢流阀的压力异常与材料阶段高风险实体 HMAT-00586 一致。,0.6401,hydraulic
EVO_TEXT_HFB-03321,HFB-03321,fault_evolution_text,隐患先导致局部性能退化，随后传感器能量向关联通道集中，最终形成压力异常。,0.6401,hydraulic
RCA_TEXT_HFB-03322,HFB-03322,rca_text,单向阀出现轻微阀芯卡滞，生命周期风险集中在检测阶段，建议优先追溯 HINSP-03322。,0.5593,hydraulic
EVO_TEXT_HFB-03322,HFB-03322,fault_evolution_text,早期异常较弱，运行载荷放大后出现指标漂移，并逐步演化为轻微故障。,0.5593,hydraulic
RCA_TEXT_HFB-03323,HFB-03323,rca_text,管路总成出现中度泄漏异常，生命周期风险集中在设计阶段，建议优先追溯 HPIP-00582。,0.6053,hydraulic
EVO_TEXT_HFB-03323,HFB-03323,fault_evolution_text,设计阶段风险与运行工况耦合后引起状态劣化，检测指标随严重度同步升高。,0.6053,hydraulic
RCA_TEXT_HFB-03324,HFB-03324,rca_text,该案例表现为轻微流量异常，根因更可能由装配阶段隐患累积触发。,0.5681,hydraulic
EVO_TEXT_HFB-03324,HFB-03324,fault_evolution_text,早期异常较弱，运行载荷放大后出现指标漂移，并逐步演化为轻微故障。,0.5681,hydraulic
RCA_TEXT_HFB-03325,HFB-03325,rca_text,节流阀出现轻微泄漏异常，生命周期风险集中在运维阶段，建议优先追溯 HOPR-03325。,0.5914,hydraulic
EVO_TEXT_HFB-03325,HFB-03325,fault_evolution_text,隐患先导致局部性能退化，随后传感器能量向关联通道集中，最终形成泄漏异常。,0.5914,hydraulic
RCA_TEXT_HFB-03326,HFB-03326,rca_text,该案例表现为轻微阀芯卡滞，根因更可能由运维阶段隐患累积触发。,0.5681,hydraulic
EVO_TEXT_HFB-03326,HFB-03326,fault_evolution_text,隐患先导致局部性能退化，随后传感器能量向关联通道集中，最终形成阀芯卡滞。,0.5681,hydraulic
RCA_TEXT_HFB-03327,HFB-03327,rca_text,该案例表现为轻微流量异常，根因更可能由运维阶段隐患累积触发。,0.6375,hydraulic
EVO_TEXT_HFB-03327,HFB-03327,fault_evolution_text,运维阶段风险与运行工况耦合后引起状态劣化，检测指标随严重度同步升高。,0.6375,hydraulic
RCA_TEXT_HFB-03328,HFB-03328,rca_text,该案例表现为中度泄漏异常，根因更可能由装配阶段隐患累积触发。,0.6632,hydraulic
EVO_TEXT_HFB-03328,HFB-03328,fault_evolution_text,隐患先导致局部性能退化，随后传感器能量向关联通道集中，最终形成泄漏异常。,0.6632,hydraulic
RCA_TEXT_HFB-03329,HFB-03329,rca_text,卸荷阀出现轻微阀芯卡滞，生命周期风险集中在运维阶段，建议优先追溯 HOPR-03329。,0.5385,hydraulic
EVO_TEXT_HFB-03329,HFB-03329,fault_evolution_text,运维阶段风险与运行工况耦合后引起状态劣化，检测指标随严重度同步升高。,0.5385,hydraulic
RCA_TEXT_HFB-03330,HFB-03330,rca_text,该案例表现为轻微阀芯卡滞，根因更可能由设计阶段隐患累积触发。,0.5645,hydraulic
EVO_TEXT_HFB-03330,HFB-03330,fault_evolution_text,隐患先导致局部性能退化，随后传感器能量向关联通道集中，最终形成阀芯卡滞。,0.5645,hydraulic
RCA_TEXT_HFB-03331,HFB-03331,rca_text,结合传感器能量和检测记录，液压泵总成的压力异常与材料阶段高风险实体 HMAT-00309 一致。,0.6034,hydraulic
EVO_TEXT_HFB-03331,HFB-03331,fault_evolution_text,隐患先导致局部性能退化，随后传感器能量向关联通道集中，最终形成压力异常。,0.6034,hydraulic
RCA_TEXT_HFB-03332,HFB-03332,rca_text,该案例表现为轻微振动异常，根因更可能由运维阶段隐患累积触发。,0.6079,hydraulic
EVO_TEXT_HFB-03332,HFB-03332,fault_evolution_text,隐患先导致局部性能退化，随后传感器能量向关联通道集中，最终形成振动异常。,0.6079,hydraulic
RCA_TEXT_HFB-03333,HFB-03333,rca_text,单向阀出现中度阀芯卡滞，生命周期风险集中在运维阶段，建议优先追溯 HOPR-03333。,0.6053,hydraulic
EVO_TEXT_HFB-03333,HFB-03333,fault_evolution_text,早期异常较弱，运行载荷放大后出现指标漂移，并逐步演化为中度故障。,0.6053,hydraulic
RCA_TEXT_HFB-03334,HFB-03334,rca_text,该案例表现为中度压力异常，根因更可能由制造阶段隐患累积触发。,0.6528,hydraulic
EVO_TEXT_HFB-03334,HFB-03334,fault_evolution_text,早期异常较弱，运行载荷放大后出现指标漂移，并逐步演化为中度故障。,0.6528,hydraulic
RCA_TEXT_HFB-03335,HFB-03335,rca_text,管路总成出现中度泄漏异常，生命周期风险集中在运维阶段，建议优先追溯 HOPR-03335。,0.6362,hydraulic
EVO_TEXT_HFB-03335,HFB-03335,fault_evolution_text,隐患先导致局部性能退化，随后传感器能量向关联通道集中，最终形成泄漏异常。,0.6362,hydraulic
RCA_TEXT_HFB-03336,HFB-03336,rca_text,该案例表现为中度阀芯卡滞，根因更可能由制造阶段隐患累积触发。,0.5794,hydraulic
EVO_TEXT_HFB-03336,HFB-03336,fault_evolution_text,制造阶段风险与运行工况耦合后引起状态劣化，检测指标随严重度同步升高。,0.5794,hydraulic
RCA_TEXT_HFB-03337,HFB-03337,rca_text,作动筒出现轻微振动异常，生命周期风险集中在运维阶段，建议优先追溯 HOPR-03337。,0.5943,hydraulic
EVO_TEXT_HFB-03337,HFB-03337,fault_evolution_text,早期异常较弱，运行载荷放大后出现指标漂移，并逐步演化为轻微故障。,0.5943,hydraulic
RCA_TEXT_HFB-03338,HFB-03338,rca_text,该案例表现为中度流量异常，根因更可能由运维阶段隐患累积触发。,0.6026,hydraulic
EVO_TEXT_HFB-03338,HFB-03338,fault_evolution_text,运维阶段风险与运行工况耦合后引起状态劣化，检测指标随严重度同步升高。,0.6026,hydraulic
RCA_TEXT_HFB-03339,HFB-03339,rca_text,结合传感器能量和检测记录，液压泵总成的温度异常与装配阶段高风险实体 HASM-03339 一致。,0.6329,hydraulic
EVO_TEXT_HFB-03339,HFB-03339,fault_evolution_text,装配阶段风险与运行工况耦合后引起状态劣化，检测指标随严重度同步升高。,0.6329,hydraulic
RCA_TEXT_HFB-03340,HFB-03340,rca_text,该案例表现为轻微泄漏异常，根因更可能由装配阶段隐患累积触发。,0.5736,hydraulic
EVO_TEXT_HFB-03340,HFB-03340,fault_evolution_text,早期异常较弱，运行载荷放大后出现指标漂移，并逐步演化为轻微故障。,0.5736,hydraulic
RCA_TEXT_HFB-03341,HFB-03341,rca_text,该案例表现为轻微振动异常，根因更可能由设计阶段隐患累积触发。,0.5378,hydraulic
EVO_TEXT_HFB-03341,HFB-03341,fault_evolution_text,设计阶段风险与运行工况耦合后引起状态劣化，检测指标随严重度同步升高。,0.5378,hydraulic
RCA_TEXT_HFB-03342,HFB-03342,rca_text,结合传感器能量和检测记录，液压油箱的泄漏异常与装配阶段高风险实体 HASM-03342 一致。,0.5257,hydraulic
EVO_TEXT_HFB-03342,HFB-03342,fault_evolution_text,早期异常较弱，运行载荷放大后出现指标漂移，并逐步演化为轻微故障。,0.5257,hydraulic
RCA_TEXT_HFB-03343,HFB-03343,rca_text,结合传感器能量和检测记录，卸荷阀的泄漏异常与制造阶段高风险实体 HMAN-00697 一致。,0.6148,hydraulic
EVO_TEXT_HFB-03343,HFB-03343,fault_evolution_text,制造阶段风险与运行工况耦合后引起状态劣化，检测指标随严重度同步升高。,0.6148,hydraulic
RCA_TEXT_HFB-03344,HFB-03344,rca_text,该案例表现为中度温度异常，根因更可能由装配阶段隐患累积触发。,0.6083,hydraulic
EVO_TEXT_HFB-03344,HFB-03344,fault_evolution_text,装配阶段风险与运行工况耦合后引起状态劣化，检测指标随严重度同步升高。,0.6083,hydraulic
RCA_TEXT_HFB-03345,HFB-03345,rca_text,液压泵总成出现轻微振动异常，生命周期风险集中在装配阶段，建议优先追溯 HASM-03345。,0.5475,hydraulic
EVO_TEXT_HFB-03345,HFB-03345,fault_evolution_text,装配阶段风险与运行工况耦合后引起状态劣化，检测指标随严重度同步升高。,0.5475,hydraulic
RCA_TEXT_HFB-03346,HFB-03346,rca_text,卸荷阀出现中度压力异常，生命周期风险集中在材料阶段，建议优先追溯 HMAT-00147。,0.561,hydraulic
EVO_TEXT_HFB-03346,HFB-03346,fault_evolution_text,隐患先导致局部性能退化，随后传感器能量向关联通道集中，最终形成压力异常。,0.561,hydraulic
RCA_TEXT_HFB-03347,HFB-03347,rca_text,冷却器出现轻微流量异常，生命周期风险集中在设计阶段，建议优先追溯 HDES-00192。,0.535,hydraulic
EVO_TEXT_HFB-03347,HFB-03347,fault_evolution_text,隐患先导致局部性能退化，随后传感器能量向关联通道集中，最终形成流量异常。,0.535,hydraulic
RCA_TEXT_HFB-03348,HFB-03348,rca_text,结合传感器能量和检测记录，单向阀的阀芯卡滞与运维阶段高风险实体 HOPR-03348 一致。,0.596,hydraulic
EVO_TEXT_HFB-03348,HFB-03348,fault_evolution_text,隐患先导致局部性能退化，随后传感器能量向关联通道集中，最终形成阀芯卡滞。,0.596,hydraulic
RCA_TEXT_HFB-03349,HFB-03349,rca_text,蓄能器出现轻微泄漏异常，生命周期风险集中在运维阶段，建议优先追溯 HOPR-03349。,0.536,hydraulic
EVO_TEXT_HFB-03349,HFB-03349,fault_evolution_text,运维阶段风险与运行工况耦合后引起状态劣化，检测指标随严重度同步升高。,0.536,hydraulic
RCA_TEXT_HFB-03350,HFB-03350,rca_text,卸荷阀出现轻微阀芯卡滞，生命周期风险集中在材料阶段，建议优先追溯 HMAT-00273。,0.5721,hydraulic
EVO_TEXT_HFB-03350,HFB-03350,fault_evolution_text,早期异常较弱，运行载荷放大后出现指标漂移，并逐步演化为轻微故障。,0.5721,hydraulic
RCA_TEXT_HFB-03351,HFB-03351,rca_text,结合传感器能量和检测记录，卸荷阀的流量异常与制造阶段高风险实体 HMAN-01042 一致。,0.5796,hydraulic
EVO_TEXT_HFB-03351,HFB-03351,fault_evolution_text,隐患先导致局部性能退化，随后传感器能量向关联通道集中，最终形成流量异常。,0.5796,hydraulic
RCA_TEXT_HFB-03352,HFB-03352,rca_text,结合传感器能量和检测记录，液压泵总成的阀芯卡滞与装配阶段高风险实体 HASM-03352 一致。,0.5489,hydraulic
EVO_TEXT_HFB-03352,HFB-03352,fault_evolution_text,早期异常较弱，运行载荷放大后出现指标漂移，并逐步演化为轻微故障。,0.5489,hydraulic
RCA_TEXT_HFB-03353,HFB-03353,rca_text,该案例表现为轻微泄漏异常，根因更可能由装配阶段隐患累积触发。,0.5659,hydraulic
EVO_TEXT_HFB-03353,HFB-03353,fault_evolution_text,装配阶段风险与运行工况耦合后引起状态劣化，检测指标随严重度同步升高。,0.5659,hydraulic
RCA_TEXT_HFB-03354,HFB-03354,rca_text,结合传感器能量和检测记录，冷却器的温度异常与材料阶段高风险实体 HMAT-00016 一致。,0.6065,hydraulic
EVO_TEXT_HFB-03354,HFB-03354,fault_evolution_text,早期异常较弱，运行载荷放大后出现指标漂移，并逐步演化为中度故障。,0.6065,hydraulic
RCA_TEXT_HFB-03355,HFB-03355,rca_text,结合传感器能量和检测记录，管路总成的流量异常与设计阶段高风险实体 HPIP-00587 一致。,0.6253,hydraulic
EVO_TEXT_HFB-03355,HFB-03355,fault_evolution_text,设计阶段风险与运行工况耦合后引起状态劣化，检测指标随严重度同步升高。,0.6253,hydraulic
RCA_TEXT_HFB-03356,HFB-03356,rca_text,该案例表现为轻微压力异常，根因更可能由运维阶段隐患累积触发。,0.6498,hydraulic
EVO_TEXT_HFB-03356,HFB-03356,fault_evolution_text,早期异常较弱，运行载荷放大后出现指标漂移，并逐步演化为轻微故障。,0.6498,hydraulic
RCA_TEXT_HFB-03357,HFB-03357,rca_text,结合传感器能量和检测记录，冷却器的振动异常与运维阶段高风险实体 HOPR-03357 一致。,0.5891,hydraulic
EVO_TEXT_HFB-03357,HFB-03357,fault_evolution_text,隐患先导致局部性能退化，随后传感器能量向关联通道集中，最终形成振动异常。,0.5891,hydraulic
RCA_TEXT_HFB-03358,HFB-03358,rca_text,该案例表现为轻微阀芯卡滞，根因更可能由运维阶段隐患累积触发。,0.547,hydraulic
EVO_TEXT_HFB-03358,HFB-03358,fault_evolution_text,运维阶段风险与运行工况耦合后引起状态劣化，检测指标随严重度同步升高。,0.547,hydraulic
RCA_TEXT_HFB-03359,HFB-03359,rca_text,该案例表现为轻微流量异常，根因更可能由设计阶段隐患累积触发。,0.5184,hydraulic
EVO_TEXT_HFB-03359,HFB-03359,fault_evolution_text,设计阶段风险与运行工况耦合后引起状态劣化，检测指标随严重度同步升高。,0.5184,hydraulic
RCA_TEXT_HFB-03360,HFB-03360,rca_text,结合传感器能量和检测记录，冷却器的泄漏异常与制造阶段高风险实体 HMAN-01095 一致。,0.6338,hydraulic
EVO_TEXT_HFB-03360,HFB-03360,fault_evolution_text,制造阶段风险与运行工况耦合后引起状态劣化，检测指标随严重度同步升高。,0.6338,hydraulic
RCA_TEXT_HFB-03361,HFB-03361,rca_text,该案例表现为轻微温度异常，根因更可能由检测阶段隐患累积触发。,0.6071,hydraulic
EVO_TEXT_HFB-03361,HFB-03361,fault_evolution_text,隐患先导致局部性能退化，随后传感器能量向关联通道集中，最终形成温度异常。,0.6071,hydraulic
RCA_TEXT_HFB-03362,HFB-03362,rca_text,该案例表现为中度振动异常，根因更可能由运维阶段隐患累积触发。,0.6292,hydraulic
EVO_TEXT_HFB-03362,HFB-03362,fault_evolution_text,隐患先导致局部性能退化，随后传感器能量向关联通道集中，最终形成振动异常。,0.6292,hydraulic
RCA_TEXT_HFB-03363,HFB-03363,rca_text,结合传感器能量和检测记录，节流阀的阀芯卡滞与运维阶段高风险实体 HOPR-03363 一致。,0.6119,hydraulic
EVO_TEXT_HFB-03363,HFB-03363,fault_evolution_text,隐患先导致局部性能退化，随后传感器能量向关联通道集中，最终形成阀芯卡滞。,0.6119,hydraulic
RCA_TEXT_HFB-03364,HFB-03364,rca_text,结合传感器能量和检测记录，冷却器的流量异常与运维阶段高风险实体 HOPR-03364 一致。,0.59,hydraulic
EVO_TEXT_HFB-03364,HFB-03364,fault_evolution_text,运维阶段风险与运行工况耦合后引起状态劣化，检测指标随严重度同步升高。,0.59,hydraulic
RCA_TEXT_HFB-03365,HFB-03365,rca_text,结合传感器能量和检测记录，液压油箱的温度异常与运维阶段高风险实体 HOPR-03365 一致。,0.5583,hydraulic
EVO_TEXT_HFB-03365,HFB-03365,fault_evolution_text,早期异常较弱，运行载荷放大后出现指标漂移，并逐步演化为轻微故障。,0.5583,hydraulic
RCA_TEXT_HFB-03366,HFB-03366,rca_text,该案例表现为轻微阀芯卡滞，根因更可能由检测阶段隐患累积触发。,0.621,hydraulic
EVO_TEXT_HFB-03366,HFB-03366,fault_evolution_text,隐患先导致局部性能退化，随后传感器能量向关联通道集中，最终形成阀芯卡滞。,0.621,hydraulic
RCA_TEXT_HFB-03367,HFB-03367,rca_text,该案例表现为轻微泄漏异常，根因更可能由设计阶段隐患累积触发。,0.5914,hydraulic
EVO_TEXT_HFB-03367,HFB-03367,fault_evolution_text,隐患先导致局部性能退化，随后传感器能量向关联通道集中，最终形成泄漏异常。,0.5914,hydraulic
RCA_TEXT_HFB-03368,HFB-03368,rca_text,该案例表现为轻微振动异常，根因更可能由运维阶段隐患累积触发。,0.6154,hydraulic
EVO_TEXT_HFB-03368,HFB-03368,fault_evolution_text,早期异常较弱，运行载荷放大后出现指标漂移，并逐步演化为轻微故障。,0.6154,hydraulic
RCA_TEXT_HFB-03369,HFB-03369,rca_text,结合传感器能量和检测记录，单向阀的温度异常与装配阶段高风险实体 HASM-03369 一致。,0.5287,hydraulic
EVO_TEXT_HFB-03369,HFB-03369,fault_evolution_text,装配阶段风险与运行工况耦合后引起状态劣化，检测指标随严重度同步升高。,0.5287,hydraulic
RCA_TEXT_HFB-03370,HFB-03370,rca_text,管路总成出现中度压力异常，生命周期风险集中在运维阶段，建议优先追溯 HOPR-03370。,0.6283,hydraulic
EVO_TEXT_HFB-03370,HFB-03370,fault_evolution_text,早期异常较弱，运行载荷放大后出现指标漂移，并逐步演化为中度故障。,0.6283,hydraulic
RCA_TEXT_HFB-03371,HFB-03371,rca_text,结合传感器能量和检测记录，管路总成的流量异常与装配阶段高风险实体 HASM-03371 一致。,0.5558,hydraulic
EVO_TEXT_HFB-03371,HFB-03371,fault_evolution_text,早期异常较弱，运行载荷放大后出现指标漂移，并逐步演化为中度故障。,0.5558,hydraulic
RCA_TEXT_HFB-03372,HFB-03372,rca_text,该案例表现为轻微温度异常，根因更可能由设计阶段隐患累积触发。,0.5847,hydraulic
EVO_TEXT_HFB-03372,HFB-03372,fault_evolution_text,早期异常较弱，运行载荷放大后出现指标漂移，并逐步演化为轻微故障。,0.5847,hydraulic
RCA_TEXT_HFB-03373,HFB-03373,rca_text,结合传感器能量和检测记录，单向阀的阀芯卡滞与运维阶段高风险实体 HOPR-03373 一致。,0.5462,hydraulic
EVO_TEXT_HFB-03373,HFB-03373,fault_evolution_text,运维阶段风险与运行工况耦合后引起状态劣化，检测指标随严重度同步升高。,0.5462,hydraulic
RCA_TEXT_HFB-03374,HFB-03374,rca_text,该案例表现为中度压力异常，根因更可能由运维阶段隐患累积触发。,0.6027,hydraulic
EVO_TEXT_HFB-03374,HFB-03374,fault_evolution_text,早期异常较弱，运行载荷放大后出现指标漂移，并逐步演化为中度故障。,0.6027,hydraulic
RCA_TEXT_HFB-03375,HFB-03375,rca_text,冷却器出现轻微温度异常，生命周期风险集中在运维阶段，建议优先追溯 HOPR-03375。,0.6643,hydraulic
EVO_TEXT_HFB-03375,HFB-03375,fault_evolution_text,运维阶段风险与运行工况耦合后引起状态劣化，检测指标随严重度同步升高。,0.6643,hydraulic
RCA_TEXT_HFB-03376,HFB-03376,rca_text,管路总成出现中度振动异常，生命周期风险集中在制造阶段，建议优先追溯 HMAN-00653。,0.6715,hydraulic
EVO_TEXT_HFB-03376,HFB-03376,fault_evolution_text,制造阶段风险与运行工况耦合后引起状态劣化，检测指标随严重度同步升高。,0.6715,hydraulic
RCA_TEXT_HFB-03377,HFB-03377,rca_text,作动筒出现轻微温度异常，生命周期风险集中在运维阶段，建议优先追溯 HOPR-03377。,0.5766,hydraulic
EVO_TEXT_HFB-03377,HFB-03377,fault_evolution_text,早期异常较弱，运行载荷放大后出现指标漂移，并逐步演化为轻微故障。,0.5766,hydraulic
RCA_TEXT_HFB-03378,HFB-03378,rca_text,结合传感器能量和检测记录，蓄能器的阀芯卡滞与装配阶段高风险实体 HASM-03378 一致。,0.6284,hydraulic
EVO_TEXT_HFB-03378,HFB-03378,fault_evolution_text,装配阶段风险与运行工况耦合后引起状态劣化，检测指标随严重度同步升高。,0.6284,hydraulic
RCA_TEXT_HFB-03379,HFB-03379,rca_text,该案例表现为轻微流量异常，根因更可能由制造阶段隐患累积触发。,0.5651,hydraulic
EVO_TEXT_HFB-03379,HFB-03379,fault_evolution_text,制造阶段风险与运行工况耦合后引起状态劣化，检测指标随严重度同步升高。,0.5651,hydraulic
RCA_TEXT_HFB-03380,HFB-03380,rca_text,该案例表现为轻微压力异常，根因更可能由装配阶段隐患累积触发。,0.5642,hydraulic
EVO_TEXT_HFB-03380,HFB-03380,fault_evolution_text,隐患先导致局部性能退化，随后传感器能量向关联通道集中，最终形成压力异常。,0.5642,hydraulic
RCA_TEXT_HFB-03381,HFB-03381,rca_text,该案例表现为轻微阀芯卡滞，根因更可能由设计阶段隐患累积触发。,0.5513,hydraulic
EVO_TEXT_HFB-03381,HFB-03381,fault_evolution_text,设计阶段风险与运行工况耦合后引起状态劣化，检测指标随严重度同步升高。,0.5513,hydraulic
RCA_TEXT_HFB-03382,HFB-03382,rca_text,管路总成出现中度泄漏异常，生命周期风险集中在装配阶段，建议优先追溯 HASM-03382。,0.6466,hydraulic
EVO_TEXT_HFB-03382,HFB-03382,fault_evolution_text,早期异常较弱，运行载荷放大后出现指标漂移，并逐步演化为中度故障。,0.6466,hydraulic
RCA_TEXT_HFB-03383,HFB-03383,rca_text,管路总成出现中度泄漏异常，生命周期风险集中在运维阶段，建议优先追溯 HOPR-03383。,0.6916,hydraulic
EVO_TEXT_HFB-03383,HFB-03383,fault_evolution_text,早期异常较弱，运行载荷放大后出现指标漂移，并逐步演化为中度故障。,0.6916,hydraulic
RCA_TEXT_HFB-03384,HFB-03384,rca_text,结合传感器能量和检测记录，溢流阀的流量异常与设计阶段高风险实体 HDES-00295 一致。,0.6736,hydraulic
EVO_TEXT_HFB-03384,HFB-03384,fault_evolution_text,设计阶段风险与运行工况耦合后引起状态劣化，检测指标随严重度同步升高。,0.6736,hydraulic
RCA_TEXT_HFB-03385,HFB-03385,rca_text,结合传感器能量和检测记录，冷却器的阀芯卡滞与制造阶段高风险实体 HMAN-00608 一致。,0.5793,hydraulic
EVO_TEXT_HFB-03385,HFB-03385,fault_evolution_text,早期异常较弱，运行载荷放大后出现指标漂移，并逐步演化为轻微故障。,0.5793,hydraulic
RCA_TEXT_HFB-03386,HFB-03386,rca_text,冷却器出现轻微温度异常，生命周期风险集中在制造阶段，建议优先追溯 HMAN-00179。,0.5737,hydraulic
EVO_TEXT_HFB-03386,HFB-03386,fault_evolution_text,隐患先导致局部性能退化，随后传感器能量向关联通道集中，最终形成温度异常。,0.5737,hydraulic
RCA_TEXT_HFB-03387,HFB-03387,rca_text,结合传感器能量和检测记录，管路总成的泄漏异常与运维阶段高风险实体 HOPR-03387 一致。,0.5805,hydraulic
EVO_TEXT_HFB-03387,HFB-03387,fault_evolution_text,早期异常较弱，运行载荷放大后出现指标漂移，并逐步演化为中度故障。,0.5805,hydraulic
RCA_TEXT_HFB-03388,HFB-03388,rca_text,液压泵总成出现轻微压力异常，生命周期风险集中在运维阶段，建议优先追溯 HOPR-03388。,0.6528,hydraulic
EVO_TEXT_HFB-03388,HFB-03388,fault_evolution_text,早期异常较弱，运行载荷放大后出现指标漂移，并逐步演化为轻微故障。,0.6528,hydraulic
RCA_TEXT_HFB-03389,HFB-03389,rca_text,该案例表现为中度振动异常，根因更可能由运维阶段隐患累积触发。,0.6386,hydraulic
EVO_TEXT_HFB-03389,HFB-03389,fault_evolution_text,运维阶段风险与运行工况耦合后引起状态劣化，检测指标随严重度同步升高。,0.6386,hydraulic
RCA_TEXT_HFB-03390,HFB-03390,rca_text,管路总成出现中度振动异常，生命周期风险集中在设计阶段，建议优先追溯 HPIP-00595。,0.6416,hydraulic
EVO_TEXT_HFB-03390,HFB-03390,fault_evolution_text,隐患先导致局部性能退化，随后传感器能量向关联通道集中，最终形成振动异常。,0.6416,hydraulic
RCA_TEXT_HFB-03391,HFB-03391,rca_text,该案例表现为轻微振动异常，根因更可能由检测阶段隐患累积触发。,0.6312,hydraulic
EVO_TEXT_HFB-03391,HFB-03391,fault_evolution_text,检测阶段风险与运行工况耦合后引起状态劣化，检测指标随严重度同步升高。,0.6312,hydraulic
RCA_TEXT_HFB-03392,HFB-03392,rca_text,结合传感器能量和检测记录，方向控制阀的流量异常与设计阶段高风险实体 HDES-00207 一致。,0.6286,hydraulic
EVO_TEXT_HFB-03392,HFB-03392,fault_evolution_text,早期异常较弱，运行载荷放大后出现指标漂移，并逐步演化为中度故障。,0.6286,hydraulic
RCA_TEXT_HFB-03393,HFB-03393,rca_text,该案例表现为中度泄漏异常，根因更可能由材料阶段隐患累积触发。,0.6133,hydraulic
EVO_TEXT_HFB-03393,HFB-03393,fault_evolution_text,早期异常较弱，运行载荷放大后出现指标漂移，并逐步演化为中度故障。,0.6133,hydraulic
RCA_TEXT_HFB-03394,HFB-03394,rca_text,该案例表现为轻微流量异常，根因更可能由检测阶段隐患累积触发。,0.6157,hydraulic
EVO_TEXT_HFB-03394,HFB-03394,fault_evolution_text,检测阶段风险与运行工况耦合后引起状态劣化，检测指标随严重度同步升高。,0.6157,hydraulic
RCA_TEXT_HFB-03395,HFB-03395,rca_text,节流阀出现中度阀芯卡滞，生命周期风险集中在检测阶段，建议优先追溯 HINSP-03395。,0.6192,hydraulic
EVO_TEXT_HFB-03395,HFB-03395,fault_evolution_text,隐患先导致局部性能退化，随后传感器能量向关联通道集中，最终形成阀芯卡滞。,0.6192,hydraulic
RCA_TEXT_HFB-03396,HFB-03396,rca_text,管路总成出现轻微流量异常，生命周期风险集中在检测阶段，建议优先追溯 HINSP-03396。,0.5542,hydraulic
EVO_TEXT_HFB-03396,HFB-03396,fault_evolution_text,早期异常较弱，运行载荷放大后出现指标漂移，并逐步演化为轻微故障。,0.5542,hydraulic
RCA_TEXT_HFB-03397,HFB-03397,rca_text,结合传感器能量和检测记录，管路总成的压力异常与设计阶段高风险实体 HPIP-00597 一致。,0.65,hydraulic
EVO_TEXT_HFB-03397,HFB-03397,fault_evolution_text,设计阶段风险与运行工况耦合后引起状态劣化，检测指标随严重度同步升高。,0.65,hydraulic
RCA_TEXT_HFB-03398,HFB-03398,rca_text,该案例表现为轻微阀芯卡滞，根因更可能由材料阶段隐患累积触发。,0.6002,hydraulic
EVO_TEXT_HFB-03398,HFB-03398,fault_evolution_text,材料阶段风险与运行工况耦合后引起状态劣化，检测指标随严重度同步升高。,0.6002,hydraulic
RCA_TEXT_HFB-03399,HFB-03399,rca_text,结合传感器能量和检测记录，蓄能器的温度异常与运维阶段高风险实体 HOPR-03399 一致。,0.5661,hydraulic
EVO_TEXT_HFB-03399,HFB-03399,fault_evolution_text,隐患先导致局部性能退化，随后传感器能量向关联通道集中，最终形成温度异常。,0.5661,hydraulic
RCA_TEXT_HFB-03400,HFB-03400,rca_text,该案例表现为轻微振动异常，根因更可能由材料阶段隐患累积触发。,0.5809,hydraulic
EVO_TEXT_HFB-03400,HFB-03400,fault_evolution_text,早期异常较弱，运行载荷放大后出现指标漂移，并逐步演化为轻微故障。,0.5809,hydraulic
RCA_TEXT_HFB-03401,HFB-03401,rca_text,该案例表现为中度压力异常，根因更可能由制造阶段隐患累积触发。,0.6506,hydraulic
EVO_TEXT_HFB-03401,HFB-03401,fault_evolution_text,隐患先导致局部性能退化，随后传感器能量向关联通道集中，最终形成压力异常。,0.6506,hydraulic
RCA_TEXT_HFB-03402,HFB-03402,rca_text,节流阀出现中度流量异常，生命周期风险集中在设计阶段，建议优先追溯 HDES-00766。,0.6493,hydraulic
EVO_TEXT_HFB-03402,HFB-03402,fault_evolution_text,隐患先导致局部性能退化，随后传感器能量向关联通道集中，最终形成流量异常。,0.6493,hydraulic
RCA_TEXT_HFB-03403,HFB-03403,rca_text,该案例表现为中度流量异常，根因更可能由装配阶段隐患累积触发。,0.6544,hydraulic
EVO_TEXT_HFB-03403,HFB-03403,fault_evolution_text,隐患先导致局部性能退化，随后传感器能量向关联通道集中，最终形成流量异常。,0.6544,hydraulic
RCA_TEXT_HFB-03404,HFB-03404,rca_text,该案例表现为轻微温度异常，根因更可能由运维阶段隐患累积触发。,0.5515,hydraulic
EVO_TEXT_HFB-03404,HFB-03404,fault_evolution_text,隐患先导致局部性能退化，随后传感器能量向关联通道集中，最终形成温度异常。,0.5515,hydraulic
RCA_TEXT_HFB-03405,HFB-03405,rca_text,作动筒出现中度振动异常，生命周期风险集中在设计阶段，建议优先追溯 HDES-00154。,0.5793,hydraulic
EVO_TEXT_HFB-03405,HFB-03405,fault_evolution_text,设计阶段风险与运行工况耦合后引起状态劣化，检测指标随严重度同步升高。,0.5793,hydraulic
RCA_TEXT_HFB-03406,HFB-03406,rca_text,该案例表现为中度温度异常，根因更可能由运维阶段隐患累积触发。,0.6138,hydraulic
EVO_TEXT_HFB-03406,HFB-03406,fault_evolution_text,早期异常较弱，运行载荷放大后出现指标漂移，并逐步演化为中度故障。,0.6138,hydraulic
RCA_TEXT_HFB-03407,HFB-03407,rca_text,卸荷阀出现中度阀芯卡滞，生命周期风险集中在检测阶段，建议优先追溯 HINSP-03407。,0.5785,hydraulic
EVO_TEXT_HFB-03407,HFB-03407,fault_evolution_text,早期异常较弱，运行载荷放大后出现指标漂移，并逐步演化为中度故障。,0.5785,hydraulic
RCA_TEXT_HFB-03408,HFB-03408,rca_text,节流阀出现轻微泄漏异常，生命周期风险集中在运维阶段，建议优先追溯 HOPR-03408。,0.5392,hydraulic
EVO_TEXT_HFB-03408,HFB-03408,fault_evolution_text,早期异常较弱，运行载荷放大后出现指标漂移，并逐步演化为轻微故障。,0.5392,hydraulic
RCA_TEXT_HFB-03409,HFB-03409,rca_text,结合传感器能量和检测记录，节流阀的流量异常与材料阶段高风险实体 HMAT-00513 一致。,0.5931,hydraulic
EVO_TEXT_HFB-03409,HFB-03409,fault_evolution_text,隐患先导致局部性能退化，随后传感器能量向关联通道集中，最终形成流量异常。,0.5931,hydraulic
RCA_TEXT_HFB-03410,HFB-03410,rca_text,蓄能器出现轻微泄漏异常，生命周期风险集中在设计阶段，建议优先追溯 HDES-00072。,0.5778,hydraulic
EVO_TEXT_HFB-03410,HFB-03410,fault_evolution_text,设计阶段风险与运行工况耦合后引起状态劣化，检测指标随严重度同步升高。,0.5778,hydraulic
RCA_TEXT_HFB-03411,HFB-03411,rca_text,液压泵总成出现轻微泄漏异常，生命周期风险集中在材料阶段，建议优先追溯 HMAT-00495。,0.6113,hydraulic
EVO_TEXT_HFB-03411,HFB-03411,fault_evolution_text,隐患先导致局部性能退化，随后传感器能量向关联通道集中，最终形成泄漏异常。,0.6113,hydraulic
RCA_TEXT_HFB-03412,HFB-03412,rca_text,结合传感器能量和检测记录，作动筒的压力异常与设计阶段高风险实体 HDES-00211 一致。,0.6147,hydraulic
EVO_TEXT_HFB-03412,HFB-03412,fault_evolution_text,设计阶段风险与运行工况耦合后引起状态劣化，检测指标随严重度同步升高。,0.6147,hydraulic
RCA_TEXT_HFB-03413,HFB-03413,rca_text,该案例表现为轻微压力异常，根因更可能由检测阶段隐患累积触发。,0.6293,hydraulic
EVO_TEXT_HFB-03413,HFB-03413,fault_evolution_text,检测阶段风险与运行工况耦合后引起状态劣化，检测指标随严重度同步升高。,0.6293,hydraulic
RCA_TEXT_HFB-03414,HFB-03414,rca_text,结合传感器能量和检测记录，节流阀的振动异常与运维阶段高风险实体 HOPR-03414 一致。,0.5429,hydraulic
EVO_TEXT_HFB-03414,HFB-03414,fault_evolution_text,早期异常较弱，运行载荷放大后出现指标漂移，并逐步演化为轻微故障。,0.5429,hydraulic
RCA_TEXT_HFB-03415,HFB-03415,rca_text,该案例表现为中度阀芯卡滞，根因更可能由材料阶段隐患累积触发。,0.6269,hydraulic
EVO_TEXT_HFB-03415,HFB-03415,fault_evolution_text,早期异常较弱，运行载荷放大后出现指标漂移，并逐步演化为中度故障。,0.6269,hydraulic
RCA_TEXT_HFB-03416,HFB-03416,rca_text,该案例表现为轻微泄漏异常，根因更可能由材料阶段隐患累积触发。,0.5149,hydraulic
EVO_TEXT_HFB-03416,HFB-03416,fault_evolution_text,隐患先导致局部性能退化，随后传感器能量向关联通道集中，最终形成泄漏异常。,0.5149,hydraulic
RCA_TEXT_HFB-03417,HFB-03417,rca_text,过滤器出现轻微流量异常，生命周期风险集中在运维阶段，建议优先追溯 HOPR-03417。,0.6145,hydraulic
EVO_TEXT_HFB-03417,HFB-03417,fault_evolution_text,隐患先导致局部性能退化，随后传感器能量向关联通道集中，最终形成流量异常。,0.6145,hydraulic
RCA_TEXT_HFB-03418,HFB-03418,rca_text,结合传感器能量和检测记录，过滤器的流量异常与运维阶段高风险实体 HOPR-03418 一致。,0.6275,hydraulic
EVO_TEXT_HFB-03418,HFB-03418,fault_evolution_text,运维阶段风险与运行工况耦合后引起状态劣化，检测指标随严重度同步升高。,0.6275,hydraulic
RCA_TEXT_HFB-03419,HFB-03419,rca_text,该案例表现为中度流量异常，根因更可能由材料阶段隐患累积触发。,0.6312,hydraulic
EVO_TEXT_HFB-03419,HFB-03419,fault_evolution_text,隐患先导致局部性能退化，随后传感器能量向关联通道集中，最终形成流量异常。,0.6312,hydraulic
RCA_TEXT_HFB-03420,HFB-03420,rca_text,该案例表现为中度压力异常，根因更可能由制造阶段隐患累积触发。,0.6917,hydraulic
EVO_TEXT_HFB-03420,HFB-03420,fault_evolution_text,制造阶段风险与运行工况耦合后引起状态劣化，检测指标随严重度同步升高。,0.6917,hydraulic
RCA_TEXT_HFB-03421,HFB-03421,rca_text,该案例表现为轻微阀芯卡滞，根因更可能由运维阶段隐患累积触发。,0.5682,hydraulic
EVO_TEXT_HFB-03421,HFB-03421,fault_evolution_text,早期异常较弱，运行载荷放大后出现指标漂移，并逐步演化为轻微故障。,0.5682,hydraulic
RCA_TEXT_HFB-03422,HFB-03422,rca_text,节流阀出现中度流量异常，生命周期风险集中在装配阶段，建议优先追溯 HASM-03422。,0.6212,hydraulic
EVO_TEXT_HFB-03422,HFB-03422,fault_evolution_text,装配阶段风险与运行工况耦合后引起状态劣化，检测指标随严重度同步升高。,0.6212,hydraulic
RCA_TEXT_HFB-03423,HFB-03423,rca_text,蓄能器出现轻微阀芯卡滞，生命周期风险集中在装配阶段，建议优先追溯 HASM-03423。,0.5699,hydraulic
EVO_TEXT_HFB-03423,HFB-03423,fault_evolution_text,装配阶段风险与运行工况耦合后引起状态劣化，检测指标随严重度同步升高。,0.5699,hydraulic
RCA_TEXT_HFB-03424,HFB-03424,rca_text,管路总成出现中度振动异常，生命周期风险集中在设计阶段，建议优先追溯 HPIP-00599。,0.5853,hydraulic
EVO_TEXT_HFB-03424,HFB-03424,fault_evolution_text,隐患先导致局部性能退化，随后传感器能量向关联通道集中，最终形成振动异常。,0.5853,hydraulic
RCA_TEXT_HFB-03425,HFB-03425,rca_text,蓄能器出现轻微流量异常，生命周期风险集中在制造阶段，建议优先追溯 HMAN-00295。,0.5678,hydraulic
EVO_TEXT_HFB-03425,HFB-03425,fault_evolution_text,早期异常较弱，运行载荷放大后出现指标漂移，并逐步演化为轻微故障。,0.5678,hydraulic
RCA_TEXT_HFB-03426,HFB-03426,rca_text,蓄能器出现轻微泄漏异常，生命周期风险集中在装配阶段，建议优先追溯 HASM-03426。,0.609,hydraulic
EVO_TEXT_HFB-03426,HFB-03426,fault_evolution_text,装配阶段风险与运行工况耦合后引起状态劣化，检测指标随严重度同步升高。,0.609,hydraulic
RCA_TEXT_HFB-03427,HFB-03427,rca_text,管路总成出现中度振动异常，生命周期风险集中在设计阶段，建议优先追溯 HPIP-00600。,0.6071,hydraulic
EVO_TEXT_HFB-03427,HFB-03427,fault_evolution_text,设计阶段风险与运行工况耦合后引起状态劣化，检测指标随严重度同步升高。,0.6071,hydraulic
RCA_TEXT_HFB-03428,HFB-03428,rca_text,作动筒出现轻微振动异常，生命周期风险集中在装配阶段，建议优先追溯 HASM-03428。,0.561,hydraulic
EVO_TEXT_HFB-03428,HFB-03428,fault_evolution_text,装配阶段风险与运行工况耦合后引起状态劣化，检测指标随严重度同步升高。,0.561,hydraulic
RCA_TEXT_HFB-03429,HFB-03429,rca_text,该案例表现为轻微泄漏异常，根因更可能由运维阶段隐患累积触发。,0.6296,hydraulic
EVO_TEXT_HFB-03429,HFB-03429,fault_evolution_text,早期异常较弱，运行载荷放大后出现指标漂移，并逐步演化为轻微故障。,0.6296,hydraulic
RCA_TEXT_HFB-03430,HFB-03430,rca_text,结合传感器能量和检测记录，蓄能器的泄漏异常与运维阶段高风险实体 HOPR-03430 一致。,0.6054,hydraulic
EVO_TEXT_HFB-03430,HFB-03430,fault_evolution_text,隐患先导致局部性能退化，随后传感器能量向关联通道集中，最终形成泄漏异常。,0.6054,hydraulic
RCA_TEXT_HFB-03431,HFB-03431,rca_text,结合传感器能量和检测记录，作动筒的压力异常与制造阶段高风险实体 HMAN-00203 一致。,0.5716,hydraulic
EVO_TEXT_HFB-03431,HFB-03431,fault_evolution_text,早期异常较弱，运行载荷放大后出现指标漂移，并逐步演化为轻微故障。,0.5716,hydraulic
RCA_TEXT_HFB-03432,HFB-03432,rca_text,液压泵总成出现轻微振动异常，生命周期风险集中在制造阶段，建议优先追溯 HMAN-00328。,0.5736,hydraulic
EVO_TEXT_HFB-03432,HFB-03432,fault_evolution_text,隐患先导致局部性能退化，随后传感器能量向关联通道集中，最终形成振动异常。,0.5736,hydraulic
RCA_TEXT_HFB-03433,HFB-03433,rca_text,该案例表现为中度泄漏异常，根因更可能由运维阶段隐患累积触发。,0.6126,hydraulic
EVO_TEXT_HFB-03433,HFB-03433,fault_evolution_text,运维阶段风险与运行工况耦合后引起状态劣化，检测指标随严重度同步升高。,0.6126,hydraulic
RCA_TEXT_HFB-03434,HFB-03434,rca_text,结合传感器能量和检测记录，溢流阀的阀芯卡滞与装配阶段高风险实体 HASM-03434 一致。,0.5989,hydraulic
EVO_TEXT_HFB-03434,HFB-03434,fault_evolution_text,早期异常较弱，运行载荷放大后出现指标漂移，并逐步演化为轻微故障。,0.5989,hydraulic
RCA_TEXT_HFB-03435,HFB-03435,rca_text,该案例表现为轻微阀芯卡滞，根因更可能由运维阶段隐患累积触发。,0.5854,hydraulic
EVO_TEXT_HFB-03435,HFB-03435,fault_evolution_text,运维阶段风险与运行工况耦合后引起状态劣化，检测指标随严重度同步升高。,0.5854,hydraulic
RCA_TEXT_HFB-03436,HFB-03436,rca_text,结合传感器能量和检测记录，蓄能器的温度异常与运维阶段高风险实体 HOPR-03436 一致。,0.5786,hydraulic
EVO_TEXT_HFB-03436,HFB-03436,fault_evolution_text,隐患先导致局部性能退化，随后传感器能量向关联通道集中，最终形成温度异常。,0.5786,hydraulic
RCA_TEXT_HFB-03437,HFB-03437,rca_text,管路总成出现中度振动异常，生命周期风险集中在设计阶段，建议优先追溯 HPIP-00601。,0.6643,hydraulic
EVO_TEXT_HFB-03437,HFB-03437,fault_evolution_text,设计阶段风险与运行工况耦合后引起状态劣化，检测指标随严重度同步升高。,0.6643,hydraulic
RCA_TEXT_HFB-03438,HFB-03438,rca_text,该案例表现为轻微温度异常，根因更可能由设计阶段隐患累积触发。,0.6035,hydraulic
EVO_TEXT_HFB-03438,HFB-03438,fault_evolution_text,隐患先导致局部性能退化，随后传感器能量向关联通道集中，最终形成温度异常。,0.6035,hydraulic
RCA_TEXT_HFB-03439,HFB-03439,rca_text,管路总成出现轻微流量异常，生命周期风险集中在设计阶段，建议优先追溯 HPIP-00603。,0.5841,hydraulic
EVO_TEXT_HFB-03439,HFB-03439,fault_evolution_text,早期异常较弱，运行载荷放大后出现指标漂移，并逐步演化为轻微故障。,0.5841,hydraulic
RCA_TEXT_HFB-03440,HFB-03440,rca_text,该案例表现为轻微阀芯卡滞，根因更可能由装配阶段隐患累积触发。,0.5769,hydraulic
EVO_TEXT_HFB-03440,HFB-03440,fault_evolution_text,早期异常较弱，运行载荷放大后出现指标漂移，并逐步演化为轻微故障。,0.5769,hydraulic
RCA_TEXT_HFB-03441,HFB-03441,rca_text,单向阀出现轻微振动异常，生命周期风险集中在制造阶段，建议优先追溯 HMAN-01161。,0.5541,hydraulic
EVO_TEXT_HFB-03441,HFB-03441,fault_evolution_text,早期异常较弱，运行载荷放大后出现指标漂移，并逐步演化为轻微故障。,0.5541,hydraulic
RCA_TEXT_HFB-03442,HFB-03442,rca_text,结合传感器能量和检测记录，作动筒的温度异常与运维阶段高风险实体 HOPR-03442 一致。,0.4846,hydraulic
EVO_TEXT_HFB-03442,HFB-03442,fault_evolution_text,隐患先导致局部性能退化，随后传感器能量向关联通道集中，最终形成温度异常。,0.4846,hydraulic
RCA_TEXT_HFB-03443,HFB-03443,rca_text,结合传感器能量和检测记录，冷却器的阀芯卡滞与运维阶段高风险实体 HOPR-03443 一致。,0.575,hydraulic
EVO_TEXT_HFB-03443,HFB-03443,fault_evolution_text,运维阶段风险与运行工况耦合后引起状态劣化，检测指标随严重度同步升高。,0.575,hydraulic
RCA_TEXT_HFB-03444,HFB-03444,rca_text,结合传感器能量和检测记录，管路总成的温度异常与运维阶段高风险实体 HOPR-03444 一致。,0.5525,hydraulic
EVO_TEXT_HFB-03444,HFB-03444,fault_evolution_text,运维阶段风险与运行工况耦合后引起状态劣化，检测指标随严重度同步升高。,0.5525,hydraulic
RCA_TEXT_HFB-03445,HFB-03445,rca_text,该案例表现为中度泄漏异常，根因更可能由装配阶段隐患累积触发。,0.6216,hydraulic
EVO_TEXT_HFB-03445,HFB-03445,fault_evolution_text,隐患先导致局部性能退化，随后传感器能量向关联通道集中，最终形成泄漏异常。,0.6216,hydraulic
RCA_TEXT_HFB-03446,HFB-03446,rca_text,该案例表现为轻微流量异常，根因更可能由运维阶段隐患累积触发。,0.5683,hydraulic
EVO_TEXT_HFB-03446,HFB-03446,fault_evolution_text,早期异常较弱，运行载荷放大后出现指标漂移，并逐步演化为轻微故障。,0.5683,hydraulic
RCA_TEXT_HFB-03447,HFB-03447,rca_text,溢流阀出现轻微泄漏异常，生命周期风险集中在运维阶段，建议优先追溯 HOPR-03447。,0.5741,hydraulic
EVO_TEXT_HFB-03447,HFB-03447,fault_evolution_text,运维阶段风险与运行工况耦合后引起状态劣化，检测指标随严重度同步升高。,0.5741,hydraulic
RCA_TEXT_HFB-03448,HFB-03448,rca_text,该案例表现为轻微泄漏异常，根因更可能由检测阶段隐患累积触发。,0.5692,hydraulic
EVO_TEXT_HFB-03448,HFB-03448,fault_evolution_text,隐患先导致局部性能退化，随后传感器能量向关联通道集中，最终形成泄漏异常。,0.5692,hydraulic
RCA_TEXT_HFB-03449,HFB-03449,rca_text,过滤器出现中度流量异常，生命周期风险集中在运维阶段，建议优先追溯 HOPR-03449。,0.636,hydraulic
EVO_TEXT_HFB-03449,HFB-03449,fault_evolution_text,早期异常较弱，运行载荷放大后出现指标漂移，并逐步演化为中度故障。,0.636,hydraulic
RCA_TEXT_HFB-03450,HFB-03450,rca_text,该案例表现为轻微振动异常，根因更可能由材料阶段隐患累积触发。,0.6011,hydraulic
EVO_TEXT_HFB-03450,HFB-03450,fault_evolution_text,材料阶段风险与运行工况耦合后引起状态劣化，检测指标随严重度同步升高。,0.6011,hydraulic
RCA_TEXT_HFB-03451,HFB-03451,rca_text,该案例表现为轻微流量异常，根因更可能由运维阶段隐患累积触发。,0.5579,hydraulic
EVO_TEXT_HFB-03451,HFB-03451,fault_evolution_text,运维阶段风险与运行工况耦合后引起状态劣化，检测指标随严重度同步升高。,0.5579,hydraulic
RCA_TEXT_HFB-03452,HFB-03452,rca_text,结合传感器能量和检测记录，节流阀的阀芯卡滞与制造阶段高风险实体 HMAN-00672 一致。,0.656,hydraulic
EVO_TEXT_HFB-03452,HFB-03452,fault_evolution_text,制造阶段风险与运行工况耦合后引起状态劣化，检测指标随严重度同步升高。,0.656,hydraulic
RCA_TEXT_HFB-03453,HFB-03453,rca_text,结合传感器能量和检测记录，卸荷阀的流量异常与制造阶段高风险实体 HMAN-01002 一致。,0.4616,hydraulic
EVO_TEXT_HFB-03453,HFB-03453,fault_evolution_text,制造阶段风险与运行工况耦合后引起状态劣化，检测指标随严重度同步升高。,0.4616,hydraulic
RCA_TEXT_HFB-03454,HFB-03454,rca_text,结合传感器能量和检测记录，过滤器的温度异常与设计阶段高风险实体 HDES-00026 一致。,0.5917,hydraulic
EVO_TEXT_HFB-03454,HFB-03454,fault_evolution_text,隐患先导致局部性能退化，随后传感器能量向关联通道集中，最终形成温度异常。,0.5917,hydraulic
RCA_TEXT_HFB-03455,HFB-03455,rca_text,该案例表现为中度压力异常，根因更可能由装配阶段隐患累积触发。,0.6232,hydraulic
EVO_TEXT_HFB-03455,HFB-03455,fault_evolution_text,隐患先导致局部性能退化，随后传感器能量向关联通道集中，最终形成压力异常。,0.6232,hydraulic
RCA_TEXT_HFB-03456,HFB-03456,rca_text,结合传感器能量和检测记录，节流阀的阀芯卡滞与材料阶段高风险实体 HMAT-00088 一致。,0.5926,hydraulic
EVO_TEXT_HFB-03456,HFB-03456,fault_evolution_text,隐患先导致局部性能退化，随后传感器能量向关联通道集中，最终形成阀芯卡滞。,0.5926,hydraulic
RCA_TEXT_HFB-03457,HFB-03457,rca_text,液压油箱出现中度温度异常，生命周期风险集中在装配阶段，建议优先追溯 HASM-03457。,0.608,hydraulic
EVO_TEXT_HFB-03457,HFB-03457,fault_evolution_text,装配阶段风险与运行工况耦合后引起状态劣化，检测指标随严重度同步升高。,0.608,hydraulic
RCA_TEXT_HFB-03458,HFB-03458,rca_text,该案例表现为中度压力异常，根因更可能由装配阶段隐患累积触发。,0.6256,hydraulic
EVO_TEXT_HFB-03458,HFB-03458,fault_evolution_text,装配阶段风险与运行工况耦合后引起状态劣化，检测指标随严重度同步升高。,0.6256,hydraulic
RCA_TEXT_HFB-03459,HFB-03459,rca_text,冷却器出现轻微阀芯卡滞，生命周期风险集中在制造阶段，建议优先追溯 HMAN-01037。,0.6237,hydraulic
EVO_TEXT_HFB-03459,HFB-03459,fault_evolution_text,制造阶段风险与运行工况耦合后引起状态劣化，检测指标随严重度同步升高。,0.6237,hydraulic
RCA_TEXT_HFB-03460,HFB-03460,rca_text,该案例表现为轻微压力异常，根因更可能由运维阶段隐患累积触发。,0.5954,hydraulic
EVO_TEXT_HFB-03460,HFB-03460,fault_evolution_text,早期异常较弱，运行载荷放大后出现指标漂移，并逐步演化为轻微故障。,0.5954,hydraulic
RCA_TEXT_HFB-03461,HFB-03461,rca_text,节流阀出现轻微流量异常，生命周期风险集中在检测阶段，建议优先追溯 HINSP-03461。,0.573,hydraulic
EVO_TEXT_HFB-03461,HFB-03461,fault_evolution_text,隐患先导致局部性能退化，随后传感器能量向关联通道集中，最终形成流量异常。,0.573,hydraulic
RCA_TEXT_HFB-03462,HFB-03462,rca_text,作动筒出现轻微温度异常，生命周期风险集中在运维阶段，建议优先追溯 HOPR-03462。,0.535,hydraulic
EVO_TEXT_HFB-03462,HFB-03462,fault_evolution_text,隐患先导致局部性能退化，随后传感器能量向关联通道集中，最终形成温度异常。,0.535,hydraulic
RCA_TEXT_HFB-03463,HFB-03463,rca_text,结合传感器能量和检测记录，管路总成的压力异常与设计阶段高风险实体 HPIP-00607 一致。,0.5885,hydraulic
EVO_TEXT_HFB-03463,HFB-03463,fault_evolution_text,设计阶段风险与运行工况耦合后引起状态劣化，检测指标随严重度同步升高。,0.5885,hydraulic
RCA_TEXT_HFB-03464,HFB-03464,rca_text,该案例表现为轻微阀芯卡滞，根因更可能由制造阶段隐患累积触发。,0.5562,hydraulic
EVO_TEXT_HFB-03464,HFB-03464,fault_evolution_text,隐患先导致局部性能退化，随后传感器能量向关联通道集中，最终形成阀芯卡滞。,0.5562,hydraulic
RCA_TEXT_HFB-03465,HFB-03465,rca_text,结合传感器能量和检测记录，溢流阀的压力异常与运维阶段高风险实体 HOPR-03465 一致。,0.628,hydraulic
EVO_TEXT_HFB-03465,HFB-03465,fault_evolution_text,隐患先导致局部性能退化，随后传感器能量向关联通道集中，最终形成压力异常。,0.628,hydraulic
RCA_TEXT_HFB-03466,HFB-03466,rca_text,结合传感器能量和检测记录，节流阀的振动异常与运维阶段高风险实体 HOPR-03466 一致。,0.5243,hydraulic
EVO_TEXT_HFB-03466,HFB-03466,fault_evolution_text,隐患先导致局部性能退化，随后传感器能量向关联通道集中，最终形成振动异常。,0.5243,hydraulic
RCA_TEXT_HFB-03467,HFB-03467,rca_text,结合传感器能量和检测记录，单向阀的振动异常与运维阶段高风险实体 HOPR-03467 一致。,0.5295,hydraulic
EVO_TEXT_HFB-03467,HFB-03467,fault_evolution_text,运维阶段风险与运行工况耦合后引起状态劣化，检测指标随严重度同步升高。,0.5295,hydraulic
RCA_TEXT_HFB-03468,HFB-03468,rca_text,结合传感器能量和检测记录，液压泵总成的压力异常与装配阶段高风险实体 HASM-03468 一致。,0.5804,hydraulic
EVO_TEXT_HFB-03468,HFB-03468,fault_evolution_text,隐患先导致局部性能退化，随后传感器能量向关联通道集中，最终形成压力异常。,0.5804,hydraulic
RCA_TEXT_HFB-03469,HFB-03469,rca_text,该案例表现为中度振动异常，根因更可能由运维阶段隐患累积触发。,0.6607,hydraulic
EVO_TEXT_HFB-03469,HFB-03469,fault_evolution_text,早期异常较弱，运行载荷放大后出现指标漂移，并逐步演化为中度故障。,0.6607,hydraulic
RCA_TEXT_HFB-03470,HFB-03470,rca_text,该案例表现为轻微压力异常，根因更可能由装配阶段隐患累积触发。,0.6388,hydraulic
EVO_TEXT_HFB-03470,HFB-03470,fault_evolution_text,隐患先导致局部性能退化，随后传感器能量向关联通道集中，最终形成压力异常。,0.6388,hydraulic
RCA_TEXT_HFB-03471,HFB-03471,rca_text,结合传感器能量和检测记录，液压油箱的温度异常与运维阶段高风险实体 HOPR-03471 一致。,0.5678,hydraulic
EVO_TEXT_HFB-03471,HFB-03471,fault_evolution_text,运维阶段风险与运行工况耦合后引起状态劣化，检测指标随严重度同步升高。,0.5678,hydraulic
RCA_TEXT_HFB-03472,HFB-03472,rca_text,该案例表现为轻微阀芯卡滞，根因更可能由设计阶段隐患累积触发。,0.5634,hydraulic
EVO_TEXT_HFB-03472,HFB-03472,fault_evolution_text,设计阶段风险与运行工况耦合后引起状态劣化，检测指标随严重度同步升高。,0.5634,hydraulic
RCA_TEXT_HFB-03473,HFB-03473,rca_text,液压泵总成出现中度温度异常，生命周期风险集中在运维阶段，建议优先追溯 HOPR-03473。,0.6513,hydraulic
EVO_TEXT_HFB-03473,HFB-03473,fault_evolution_text,隐患先导致局部性能退化，随后传感器能量向关联通道集中，最终形成温度异常。,0.6513,hydraulic
RCA_TEXT_HFB-03474,HFB-03474,rca_text,液压油箱出现轻微振动异常，生命周期风险集中在装配阶段，建议优先追溯 HASM-03474。,0.6,hydraulic
EVO_TEXT_HFB-03474,HFB-03474,fault_evolution_text,早期异常较弱，运行载荷放大后出现指标漂移，并逐步演化为轻微故障。,0.6,hydraulic
RCA_TEXT_HFB-03475,HFB-03475,rca_text,结合传感器能量和检测记录，作动筒的流量异常与设计阶段高风险实体 HDES-00063 一致。,0.5211,hydraulic
EVO_TEXT_HFB-03475,HFB-03475,fault_evolution_text,设计阶段风险与运行工况耦合后引起状态劣化，检测指标随严重度同步升高。,0.5211,hydraulic
RCA_TEXT_HFB-03476,HFB-03476,rca_text,结合传感器能量和检测记录，作动筒的振动异常与装配阶段高风险实体 HASM-03476 一致。,0.5728,hydraulic
EVO_TEXT_HFB-03476,HFB-03476,fault_evolution_text,隐患先导致局部性能退化，随后传感器能量向关联通道集中，最终形成振动异常。,0.5728,hydraulic
RCA_TEXT_HFB-03477,HFB-03477,rca_text,该案例表现为轻微阀芯卡滞，根因更可能由材料阶段隐患累积触发。,0.6413,hydraulic
EVO_TEXT_HFB-03477,HFB-03477,fault_evolution_text,隐患先导致局部性能退化，随后传感器能量向关联通道集中，最终形成阀芯卡滞。,0.6413,hydraulic
RCA_TEXT_HFB-03478,HFB-03478,rca_text,结合传感器能量和检测记录，溢流阀的阀芯卡滞与设计阶段高风险实体 HDES-00631 一致。,0.567,hydraulic
EVO_TEXT_HFB-03478,HFB-03478,fault_evolution_text,隐患先导致局部性能退化，随后传感器能量向关联通道集中，最终形成阀芯卡滞。,0.567,hydraulic
RCA_TEXT_HFB-03479,HFB-03479,rca_text,该案例表现为中度泄漏异常，根因更可能由设计阶段隐患累积触发。,0.6029,hydraulic
EVO_TEXT_HFB-03479,HFB-03479,fault_evolution_text,隐患先导致局部性能退化，随后传感器能量向关联通道集中，最终形成泄漏异常。,0.6029,hydraulic
RCA_TEXT_HFB-03480,HFB-03480,rca_text,结合传感器能量和检测记录，方向控制阀的泄漏异常与设计阶段高风险实体 HDES-01072 一致。,0.5416,hydraulic
EVO_TEXT_HFB-03480,HFB-03480,fault_evolution_text,早期异常较弱，运行载荷放大后出现指标漂移，并逐步演化为轻微故障。,0.5416,hydraulic
RCA_TEXT_HFB-03481,HFB-03481,rca_text,结合传感器能量和检测记录，单向阀的阀芯卡滞与材料阶段高风险实体 HMAT-00412 一致。,0.6733,hydraulic
EVO_TEXT_HFB-03481,HFB-03481,fault_evolution_text,隐患先导致局部性能退化，随后传感器能量向关联通道集中，最终形成阀芯卡滞。,0.6733,hydraulic
RCA_TEXT_HFB-03482,HFB-03482,rca_text,该案例表现为轻微温度异常，根因更可能由运维阶段隐患累积触发。,0.6059,hydraulic
EVO_TEXT_HFB-03482,HFB-03482,fault_evolution_text,隐患先导致局部性能退化，随后传感器能量向关联通道集中，最终形成温度异常。,0.6059,hydraulic
RCA_TEXT_HFB-03483,HFB-03483,rca_text,该案例表现为中度振动异常，根因更可能由材料阶段隐患累积触发。,0.655,hydraulic
EVO_TEXT_HFB-03483,HFB-03483,fault_evolution_text,材料阶段风险与运行工况耦合后引起状态劣化，检测指标随严重度同步升高。,0.655,hydraulic
RCA_TEXT_HFB-03484,HFB-03484,rca_text,该案例表现为轻微流量异常，根因更可能由运维阶段隐患累积触发。,0.567,hydraulic
EVO_TEXT_HFB-03484,HFB-03484,fault_evolution_text,隐患先导致局部性能退化，随后传感器能量向关联通道集中，最终形成流量异常。,0.567,hydraulic
RCA_TEXT_HFB-03485,HFB-03485,rca_text,液压油箱出现轻微温度异常，生命周期风险集中在运维阶段，建议优先追溯 HOPR-03485。,0.6062,hydraulic
EVO_TEXT_HFB-03485,HFB-03485,fault_evolution_text,隐患先导致局部性能退化，随后传感器能量向关联通道集中，最终形成温度异常。,0.6062,hydraulic
RCA_TEXT_HFB-03486,HFB-03486,rca_text,结合传感器能量和检测记录，作动筒的阀芯卡滞与材料阶段高风险实体 HMAT-00216 一致。,0.5393,hydraulic
EVO_TEXT_HFB-03486,HFB-03486,fault_evolution_text,隐患先导致局部性能退化，随后传感器能量向关联通道集中，最终形成阀芯卡滞。,0.5393,hydraulic
RCA_TEXT_HFB-03487,HFB-03487,rca_text,作动筒出现轻微流量异常，生命周期风险集中在运维阶段，建议优先追溯 HOPR-03487。,0.5204,hydraulic
EVO_TEXT_HFB-03487,HFB-03487,fault_evolution_text,隐患先导致局部性能退化，随后传感器能量向关联通道集中，最终形成流量异常。,0.5204,hydraulic
RCA_TEXT_HFB-03488,HFB-03488,rca_text,结合传感器能量和检测记录，方向控制阀的阀芯卡滞与运维阶段高风险实体 HOPR-03488 一致。,0.5689,hydraulic
EVO_TEXT_HFB-03488,HFB-03488,fault_evolution_text,早期异常较弱，运行载荷放大后出现指标漂移，并逐步演化为轻微故障。,0.5689,hydraulic
RCA_TEXT_HFB-03489,HFB-03489,rca_text,该案例表现为轻微温度异常，根因更可能由运维阶段隐患累积触发。,0.5871,hydraulic
EVO_TEXT_HFB-03489,HFB-03489,fault_evolution_text,运维阶段风险与运行工况耦合后引起状态劣化，检测指标随严重度同步升高。,0.5871,hydraulic
RCA_TEXT_HFB-03490,HFB-03490,rca_text,结合传感器能量和检测记录，节流阀的阀芯卡滞与装配阶段高风险实体 HASM-03490 一致。,0.5834,hydraulic
EVO_TEXT_HFB-03490,HFB-03490,fault_evolution_text,装配阶段风险与运行工况耦合后引起状态劣化，检测指标随严重度同步升高。,0.5834,hydraulic
RCA_TEXT_HFB-03491,HFB-03491,rca_text,该案例表现为中度振动异常，根因更可能由材料阶段隐患累积触发。,0.6432,hydraulic
EVO_TEXT_HFB-03491,HFB-03491,fault_evolution_text,隐患先导致局部性能退化，随后传感器能量向关联通道集中，最终形成振动异常。,0.6432,hydraulic
RCA_TEXT_HFB-03492,HFB-03492,rca_text,冷却器出现轻微泄漏异常，生命周期风险集中在装配阶段，建议优先追溯 HASM-03492。,0.5343,hydraulic
EVO_TEXT_HFB-03492,HFB-03492,fault_evolution_text,隐患先导致局部性能退化，随后传感器能量向关联通道集中，最终形成泄漏异常。,0.5343,hydraulic
RCA_TEXT_HFB-03493,HFB-03493,rca_text,节流阀出现中度压力异常，生命周期风险集中在设计阶段，建议优先追溯 HDES-00864。,0.6236,hydraulic
EVO_TEXT_HFB-03493,HFB-03493,fault_evolution_text,隐患先导致局部性能退化，随后传感器能量向关联通道集中，最终形成压力异常。,0.6236,hydraulic
RCA_TEXT_HFB-03494,HFB-03494,rca_text,结合传感器能量和检测记录，管路总成的压力异常与运维阶段高风险实体 HOPR-03494 一致。,0.6676,hydraulic
EVO_TEXT_HFB-03494,HFB-03494,fault_evolution_text,早期异常较弱，运行载荷放大后出现指标漂移，并逐步演化为中度故障。,0.6676,hydraulic
RCA_TEXT_HFB-03495,HFB-03495,rca_text,方向控制阀出现轻微温度异常，生命周期风险集中在制造阶段，建议优先追溯 HMAN-00005。,0.5558,hydraulic
EVO_TEXT_HFB-03495,HFB-03495,fault_evolution_text,制造阶段风险与运行工况耦合后引起状态劣化，检测指标随严重度同步升高。,0.5558,hydraulic
RCA_TEXT_HFB-03496,HFB-03496,rca_text,该案例表现为中度压力异常，根因更可能由运维阶段隐患累积触发。,0.624,hydraulic
EVO_TEXT_HFB-03496,HFB-03496,fault_evolution_text,运维阶段风险与运行工况耦合后引起状态劣化，检测指标随严重度同步升高。,0.624,hydraulic
RCA_TEXT_HFB-03497,HFB-03497,rca_text,该案例表现为轻微压力异常，根因更可能由设计阶段隐患累积触发。,0.6439,hydraulic
EVO_TEXT_HFB-03497,HFB-03497,fault_evolution_text,设计阶段风险与运行工况耦合后引起状态劣化，检测指标随严重度同步升高。,0.6439,hydraulic
RCA_TEXT_HFB-03498,HFB-03498,rca_text,该案例表现为轻微振动异常，根因更可能由装配阶段隐患累积触发。,0.5716,hydraulic
EVO_TEXT_HFB-03498,HFB-03498,fault_evolution_text,隐患先导致局部性能退化，随后传感器能量向关联通道集中，最终形成振动异常。,0.5716,hydraulic
RCA_TEXT_HFB-03499,HFB-03499,rca_text,结合传感器能量和检测记录，液压泵总成的泄漏异常与制造阶段高风险实体 HMAN-00903 一致。,0.6201,hydraulic
EVO_TEXT_HFB-03499,HFB-03499,fault_evolution_text,隐患先导致局部性能退化，随后传感器能量向关联通道集中，最终形成泄漏异常。,0.6201,hydraulic
RCA_TEXT_HFB-03500,HFB-03500,rca_text,管路总成出现中度泄漏异常，生命周期风险集中在检测阶段，建议优先追溯 HINSP-03500。,0.6219,hydraulic
EVO_TEXT_HFB-03500,HFB-03500,fault_evolution_text,隐患先导致局部性能退化，随后传感器能量向关联通道集中，最终形成泄漏异常。,0.6219,hydraulic
RCA_TEXT_HFB-03501,HFB-03501,rca_text,溢流阀出现中度泄漏异常，生命周期风险集中在制造阶段，建议优先追溯 HMAN-00398。,0.5944,hydraulic
EVO_TEXT_HFB-03501,HFB-03501,fault_evolution_text,隐患先导致局部性能退化，随后传感器能量向关联通道集中，最终形成泄漏异常。,0.5944,hydraulic
RCA_TEXT_HFB-03502,HFB-03502,rca_text,该案例表现为中度阀芯卡滞，根因更可能由材料阶段隐患累积触发。,0.5733,hydraulic
EVO_TEXT_HFB-03502,HFB-03502,fault_evolution_text,隐患先导致局部性能退化，随后传感器能量向关联通道集中，最终形成阀芯卡滞。,0.5733,hydraulic
RCA_TEXT_HFB-03503,HFB-03503,rca_text,该案例表现为中度压力异常，根因更可能由运维阶段隐患累积触发。,0.6968,hydraulic
EVO_TEXT_HFB-03503,HFB-03503,fault_evolution_text,运维阶段风险与运行工况耦合后引起状态劣化，检测指标随严重度同步升高。,0.6968,hydraulic
RCA_TEXT_HFB-03504,HFB-03504,rca_text,单向阀出现轻微阀芯卡滞，生命周期风险集中在材料阶段，建议优先追溯 HMAT-00383。,0.5908,hydraulic
EVO_TEXT_HFB-03504,HFB-03504,fault_evolution_text,早期异常较弱，运行载荷放大后出现指标漂移，并逐步演化为轻微故障。,0.5908,hydraulic
RCA_TEXT_HFB-03505,HFB-03505,rca_text,结合传感器能量和检测记录，溢流阀的振动异常与运维阶段高风险实体 HOPR-03505 一致。,0.5509,hydraulic
EVO_TEXT_HFB-03505,HFB-03505,fault_evolution_text,隐患先导致局部性能退化，随后传感器能量向关联通道集中，最终形成振动异常。,0.5509,hydraulic
RCA_TEXT_HFB-03506,HFB-03506,rca_text,蓄能器出现轻微流量异常，生命周期风险集中在装配阶段，建议优先追溯 HASM-03506。,0.5903,hydraulic
EVO_TEXT_HFB-03506,HFB-03506,fault_evolution_text,早期异常较弱，运行载荷放大后出现指标漂移，并逐步演化为轻微故障。,0.5903,hydraulic
RCA_TEXT_HFB-03507,HFB-03507,rca_text,该案例表现为轻微流量异常，根因更可能由装配阶段隐患累积触发。,0.5123,hydraulic
EVO_TEXT_HFB-03507,HFB-03507,fault_evolution_text,隐患先导致局部性能退化，随后传感器能量向关联通道集中，最终形成流量异常。,0.5123,hydraulic
RCA_TEXT_HFB-03508,HFB-03508,rca_text,结合传感器能量和检测记录，液压泵总成的温度异常与制造阶段高风险实体 HMAN-00826 一致。,0.5881,hydraulic
EVO_TEXT_HFB-03508,HFB-03508,fault_evolution_text,制造阶段风险与运行工况耦合后引起状态劣化，检测指标随严重度同步升高。,0.5881,hydraulic
RCA_TEXT_HFB-03509,HFB-03509,rca_text,结合传感器能量和检测记录，管路总成的泄漏异常与材料阶段高风险实体 HMAT-00466 一致。,0.6145,hydraulic
EVO_TEXT_HFB-03509,HFB-03509,fault_evolution_text,材料阶段风险与运行工况耦合后引起状态劣化，检测指标随严重度同步升高。,0.6145,hydraulic
RCA_TEXT_HFB-03510,HFB-03510,rca_text,结合传感器能量和检测记录，节流阀的泄漏异常与装配阶段高风险实体 HASM-03510 一致。,0.5879,hydraulic
EVO_TEXT_HFB-03510,HFB-03510,fault_evolution_text,隐患先导致局部性能退化，随后传感器能量向关联通道集中，最终形成泄漏异常。,0.5879,hydraulic
RCA_TEXT_HFB-03511,HFB-03511,rca_text,结合传感器能量和检测记录，节流阀的阀芯卡滞与运维阶段高风险实体 HOPR-03511 一致。,0.6484,hydraulic
EVO_TEXT_HFB-03511,HFB-03511,fault_evolution_text,隐患先导致局部性能退化，随后传感器能量向关联通道集中，最终形成阀芯卡滞。,0.6484,hydraulic
RCA_TEXT_HFB-03512,HFB-03512,rca_text,该案例表现为轻微泄漏异常，根因更可能由运维阶段隐患累积触发。,0.5609,hydraulic
EVO_TEXT_HFB-03512,HFB-03512,fault_evolution_text,隐患先导致局部性能退化，随后传感器能量向关联通道集中，最终形成泄漏异常。,0.5609,hydraulic
RCA_TEXT_HFB-03513,HFB-03513,rca_text,该案例表现为中度振动异常，根因更可能由运维阶段隐患累积触发。,0.6708,hydraulic
EVO_TEXT_HFB-03513,HFB-03513,fault_evolution_text,隐患先导致局部性能退化，随后传感器能量向关联通道集中，最终形成振动异常。,0.6708,hydraulic
RCA_TEXT_HFB-03514,HFB-03514,rca_text,结合传感器能量和检测记录，液压泵总成的压力异常与装配阶段高风险实体 HASM-03514 一致。,0.5991,hydraulic
EVO_TEXT_HFB-03514,HFB-03514,fault_evolution_text,隐患先导致局部性能退化，随后传感器能量向关联通道集中，最终形成压力异常。,0.5991,hydraulic
RCA_TEXT_HFB-03515,HFB-03515,rca_text,管路总成出现轻微振动异常，生命周期风险集中在制造阶段，建议优先追溯 HMAN-00319。,0.5471,hydraulic
EVO_TEXT_HFB-03515,HFB-03515,fault_evolution_text,隐患先导致局部性能退化，随后传感器能量向关联通道集中，最终形成振动异常。,0.5471,hydraulic
RCA_TEXT_HFB-03516,HFB-03516,rca_text,结合传感器能量和检测记录，单向阀的振动异常与制造阶段高风险实体 HMAN-00543 一致。,0.6205,hydraulic
EVO_TEXT_HFB-03516,HFB-03516,fault_evolution_text,早期异常较弱，运行载荷放大后出现指标漂移，并逐步演化为轻微故障。,0.6205,hydraulic
RCA_TEXT_HFB-03517,HFB-03517,rca_text,结合传感器能量和检测记录，作动筒的泄漏异常与运维阶段高风险实体 HOPR-03517 一致。,0.5916,hydraulic
EVO_TEXT_HFB-03517,HFB-03517,fault_evolution_text,运维阶段风险与运行工况耦合后引起状态劣化，检测指标随严重度同步升高。,0.5916,hydraulic
RCA_TEXT_HFB-03518,HFB-03518,rca_text,该案例表现为中度压力异常，根因更可能由设计阶段隐患累积触发。,0.6326,hydraulic
EVO_TEXT_HFB-03518,HFB-03518,fault_evolution_text,早期异常较弱，运行载荷放大后出现指标漂移，并逐步演化为中度故障。,0.6326,hydraulic
RCA_TEXT_HFB-03519,HFB-03519,rca_text,结合传感器能量和检测记录，过滤器的流量异常与设计阶段高风险实体 HDES-00963 一致。,0.5932,hydraulic
EVO_TEXT_HFB-03519,HFB-03519,fault_evolution_text,隐患先导致局部性能退化，随后传感器能量向关联通道集中，最终形成流量异常。,0.5932,hydraulic
RCA_TEXT_HFB-03520,HFB-03520,rca_text,节流阀出现中度阀芯卡滞，生命周期风险集中在制造阶段，建议优先追溯 HMAN-00193。,0.5888,hydraulic
EVO_TEXT_HFB-03520,HFB-03520,fault_evolution_text,制造阶段风险与运行工况耦合后引起状态劣化，检测指标随严重度同步升高。,0.5888,hydraulic
RCA_TEXT_HFB-03521,HFB-03521,rca_text,单向阀出现轻微压力异常，生命周期风险集中在材料阶段，建议优先追溯 HMAT-00264。,0.5633,hydraulic
EVO_TEXT_HFB-03521,HFB-03521,fault_evolution_text,早期异常较弱，运行载荷放大后出现指标漂移，并逐步演化为轻微故障。,0.5633,hydraulic
RCA_TEXT_HFB-03522,HFB-03522,rca_text,该案例表现为轻微压力异常，根因更可能由设计阶段隐患累积触发。,0.5373,hydraulic
EVO_TEXT_HFB-03522,HFB-03522,fault_evolution_text,设计阶段风险与运行工况耦合后引起状态劣化，检测指标随严重度同步升高。,0.5373,hydraulic
RCA_TEXT_HFB-03523,HFB-03523,rca_text,结合传感器能量和检测记录，节流阀的阀芯卡滞与检测阶段高风险实体 HINSP-03523 一致。,0.6627,hydraulic
EVO_TEXT_HFB-03523,HFB-03523,fault_evolution_text,早期异常较弱，运行载荷放大后出现指标漂移，并逐步演化为轻微故障。,0.6627,hydraulic
RCA_TEXT_HFB-03524,HFB-03524,rca_text,管路总成出现中度泄漏异常，生命周期风险集中在制造阶段，建议优先追溯 HMAN-00256。,0.6537,hydraulic
EVO_TEXT_HFB-03524,HFB-03524,fault_evolution_text,制造阶段风险与运行工况耦合后引起状态劣化，检测指标随严重度同步升高。,0.6537,hydraulic
RCA_TEXT_HFB-03525,HFB-03525,rca_text,该案例表现为轻微振动异常，根因更可能由运维阶段隐患累积触发。,0.5828,hydraulic
EVO_TEXT_HFB-03525,HFB-03525,fault_evolution_text,运维阶段风险与运行工况耦合后引起状态劣化，检测指标随严重度同步升高。,0.5828,hydraulic
RCA_TEXT_HFB-03526,HFB-03526,rca_text,卸荷阀出现中度压力异常，生命周期风险集中在材料阶段，建议优先追溯 HMAT-00331。,0.6175,hydraulic
EVO_TEXT_HFB-03526,HFB-03526,fault_evolution_text,隐患先导致局部性能退化，随后传感器能量向关联通道集中，最终形成压力异常。,0.6175,hydraulic
RCA_TEXT_HFB-03527,HFB-03527,rca_text,该案例表现为中度阀芯卡滞，根因更可能由设计阶段隐患累积触发。,0.5893,hydraulic
EVO_TEXT_HFB-03527,HFB-03527,fault_evolution_text,隐患先导致局部性能退化，随后传感器能量向关联通道集中，最终形成阀芯卡滞。,0.5893,hydraulic
RCA_TEXT_HFB-03528,HFB-03528,rca_text,结合传感器能量和检测记录，管路总成的流量异常与运维阶段高风险实体 HOPR-03528 一致。,0.5679,hydraulic
EVO_TEXT_HFB-03528,HFB-03528,fault_evolution_text,早期异常较弱，运行载荷放大后出现指标漂移，并逐步演化为轻微故障。,0.5679,hydraulic
RCA_TEXT_HFB-03529,HFB-03529,rca_text,该案例表现为轻微压力异常，根因更可能由设计阶段隐患累积触发。,0.5014,hydraulic
EVO_TEXT_HFB-03529,HFB-03529,fault_evolution_text,隐患先导致局部性能退化，随后传感器能量向关联通道集中，最终形成压力异常。,0.5014,hydraulic
RCA_TEXT_HFB-03530,HFB-03530,rca_text,该案例表现为轻微阀芯卡滞，根因更可能由制造阶段隐患累积触发。,0.5632,hydraulic
EVO_TEXT_HFB-03530,HFB-03530,fault_evolution_text,制造阶段风险与运行工况耦合后引起状态劣化，检测指标随严重度同步升高。,0.5632,hydraulic
RCA_TEXT_HFB-03531,HFB-03531,rca_text,该案例表现为轻微泄漏异常，根因更可能由装配阶段隐患累积触发。,0.5327,hydraulic
EVO_TEXT_HFB-03531,HFB-03531,fault_evolution_text,隐患先导致局部性能退化，随后传感器能量向关联通道集中，最终形成泄漏异常。,0.5327,hydraulic
RCA_TEXT_HFB-03532,HFB-03532,rca_text,液压油箱出现中度温度异常，生命周期风险集中在运维阶段，建议优先追溯 HOPR-03532。,0.5882,hydraulic
EVO_TEXT_HFB-03532,HFB-03532,fault_evolution_text,早期异常较弱，运行载荷放大后出现指标漂移，并逐步演化为中度故障。,0.5882,hydraulic
RCA_TEXT_HFB-03533,HFB-03533,rca_text,结合传感器能量和检测记录，管路总成的压力异常与制造阶段高风险实体 HMAN-01109 一致。,0.622,hydraulic
EVO_TEXT_HFB-03533,HFB-03533,fault_evolution_text,制造阶段风险与运行工况耦合后引起状态劣化，检测指标随严重度同步升高。,0.622,hydraulic
RCA_TEXT_HFB-03534,HFB-03534,rca_text,该案例表现为轻微泄漏异常，根因更可能由材料阶段隐患累积触发。,0.5572,hydraulic
EVO_TEXT_HFB-03534,HFB-03534,fault_evolution_text,材料阶段风险与运行工况耦合后引起状态劣化，检测指标随严重度同步升高。,0.5572,hydraulic
RCA_TEXT_HFB-03535,HFB-03535,rca_text,结合传感器能量和检测记录，液压泵总成的泄漏异常与装配阶段高风险实体 HASM-03535 一致。,0.6043,hydraulic
EVO_TEXT_HFB-03535,HFB-03535,fault_evolution_text,装配阶段风险与运行工况耦合后引起状态劣化，检测指标随严重度同步升高。,0.6043,hydraulic
RCA_TEXT_HFB-03536,HFB-03536,rca_text,冷却器出现轻微泄漏异常，生命周期风险集中在制造阶段，建议优先追溯 HMAN-00151。,0.6287,hydraulic
EVO_TEXT_HFB-03536,HFB-03536,fault_evolution_text,隐患先导致局部性能退化，随后传感器能量向关联通道集中，最终形成泄漏异常。,0.6287,hydraulic
RCA_TEXT_HFB-03537,HFB-03537,rca_text,结合传感器能量和检测记录，节流阀的流量异常与制造阶段高风险实体 HMAN-00399 一致。,0.6429,hydraulic
EVO_TEXT_HFB-03537,HFB-03537,fault_evolution_text,隐患先导致局部性能退化，随后传感器能量向关联通道集中，最终形成流量异常。,0.6429,hydraulic
RCA_TEXT_HFB-03538,HFB-03538,rca_text,结合传感器能量和检测记录，管路总成的流量异常与设计阶段高风险实体 HPIP-00620 一致。,0.5814,hydraulic
EVO_TEXT_HFB-03538,HFB-03538,fault_evolution_text,早期异常较弱，运行载荷放大后出现指标漂移，并逐步演化为中度故障。,0.5814,hydraulic
RCA_TEXT_HFB-03539,HFB-03539,rca_text,该案例表现为轻微泄漏异常，根因更可能由制造阶段隐患累积触发。,0.5731,hydraulic
EVO_TEXT_HFB-03539,HFB-03539,fault_evolution_text,隐患先导致局部性能退化，随后传感器能量向关联通道集中，最终形成泄漏异常。,0.5731,hydraulic
RCA_TEXT_HFB-03540,HFB-03540,rca_text,该案例表现为中度温度异常，根因更可能由制造阶段隐患累积触发。,0.5684,hydraulic
EVO_TEXT_HFB-03540,HFB-03540,fault_evolution_text,早期异常较弱，运行载荷放大后出现指标漂移，并逐步演化为中度故障。,0.5684,hydraulic
RCA_TEXT_HFB-03541,HFB-03541,rca_text,结合传感器能量和检测记录，管路总成的温度异常与运维阶段高风险实体 HOPR-03541 一致。,0.5879,hydraulic
EVO_TEXT_HFB-03541,HFB-03541,fault_evolution_text,运维阶段风险与运行工况耦合后引起状态劣化，检测指标随严重度同步升高。,0.5879,hydraulic
RCA_TEXT_HFB-03542,HFB-03542,rca_text,该案例表现为轻微阀芯卡滞，根因更可能由设计阶段隐患累积触发。,0.6324,hydraulic
EVO_TEXT_HFB-03542,HFB-03542,fault_evolution_text,设计阶段风险与运行工况耦合后引起状态劣化，检测指标随严重度同步升高。,0.6324,hydraulic
RCA_TEXT_HFB-03543,HFB-03543,rca_text,蓄能器出现轻微温度异常，生命周期风险集中在运维阶段，建议优先追溯 HOPR-03543。,0.5841,hydraulic
EVO_TEXT_HFB-03543,HFB-03543,fault_evolution_text,早期异常较弱，运行载荷放大后出现指标漂移，并逐步演化为轻微故障。,0.5841,hydraulic
RCA_TEXT_HFB-03544,HFB-03544,rca_text,该案例表现为轻微泄漏异常，根因更可能由设计阶段隐患累积触发。,0.6303,hydraulic
EVO_TEXT_HFB-03544,HFB-03544,fault_evolution_text,早期异常较弱，运行载荷放大后出现指标漂移，并逐步演化为轻微故障。,0.6303,hydraulic
RCA_TEXT_HFB-03545,HFB-03545,rca_text,该案例表现为轻微压力异常，根因更可能由运维阶段隐患累积触发。,0.5882,hydraulic
EVO_TEXT_HFB-03545,HFB-03545,fault_evolution_text,早期异常较弱，运行载荷放大后出现指标漂移，并逐步演化为轻微故障。,0.5882,hydraulic
RCA_TEXT_HFB-03546,HFB-03546,rca_text,方向控制阀出现轻微泄漏异常，生命周期风险集中在装配阶段，建议优先追溯 HASM-03546。,0.5479,hydraulic
EVO_TEXT_HFB-03546,HFB-03546,fault_evolution_text,早期异常较弱，运行载荷放大后出现指标漂移，并逐步演化为轻微故障。,0.5479,hydraulic
RCA_TEXT_HFB-03547,HFB-03547,rca_text,该案例表现为轻微压力异常，根因更可能由制造阶段隐患累积触发。,0.5303,hydraulic
EVO_TEXT_HFB-03547,HFB-03547,fault_evolution_text,隐患先导致局部性能退化，随后传感器能量向关联通道集中，最终形成压力异常。,0.5303,hydraulic
RCA_TEXT_HFB-03548,HFB-03548,rca_text,管路总成出现中度泄漏异常，生命周期风险集中在设计阶段，建议优先追溯 HPIP-00622。,0.6032,hydraulic
EVO_TEXT_HFB-03548,HFB-03548,fault_evolution_text,隐患先导致局部性能退化，随后传感器能量向关联通道集中，最终形成泄漏异常。,0.6032,hydraulic
RCA_TEXT_HFB-03549,HFB-03549,rca_text,该案例表现为中度温度异常，根因更可能由运维阶段隐患累积触发。,0.6357,hydraulic
EVO_TEXT_HFB-03549,HFB-03549,fault_evolution_text,隐患先导致局部性能退化，随后传感器能量向关联通道集中，最终形成温度异常。,0.6357,hydraulic
RCA_TEXT_HFB-03550,HFB-03550,rca_text,结合传感器能量和检测记录，过滤器的流量异常与运维阶段高风险实体 HOPR-03550 一致。,0.6339,hydraulic
EVO_TEXT_HFB-03550,HFB-03550,fault_evolution_text,隐患先导致局部性能退化，随后传感器能量向关联通道集中，最终形成流量异常。,0.6339,hydraulic
RCA_TEXT_HFB-03551,HFB-03551,rca_text,该案例表现为中度压力异常，根因更可能由运维阶段隐患累积触发。,0.6432,hydraulic
EVO_TEXT_HFB-03551,HFB-03551,fault_evolution_text,隐患先导致局部性能退化，随后传感器能量向关联通道集中，最终形成压力异常。,0.6432,hydraulic
RCA_TEXT_HFB-03552,HFB-03552,rca_text,结合传感器能量和检测记录，蓄能器的阀芯卡滞与检测阶段高风险实体 HINSP-03552 一致。,0.6049,hydraulic
EVO_TEXT_HFB-03552,HFB-03552,fault_evolution_text,隐患先导致局部性能退化，随后传感器能量向关联通道集中，最终形成阀芯卡滞。,0.6049,hydraulic
RCA_TEXT_HFB-03553,HFB-03553,rca_text,液压油箱出现轻微阀芯卡滞，生命周期风险集中在运维阶段，建议优先追溯 HOPR-03553。,0.6224,hydraulic
EVO_TEXT_HFB-03553,HFB-03553,fault_evolution_text,运维阶段风险与运行工况耦合后引起状态劣化，检测指标随严重度同步升高。,0.6224,hydraulic
RCA_TEXT_HFB-03554,HFB-03554,rca_text,节流阀出现轻微阀芯卡滞，生命周期风险集中在装配阶段，建议优先追溯 HASM-03554。,0.5593,hydraulic
EVO_TEXT_HFB-03554,HFB-03554,fault_evolution_text,隐患先导致局部性能退化，随后传感器能量向关联通道集中，最终形成阀芯卡滞。,0.5593,hydraulic
RCA_TEXT_HFB-03555,HFB-03555,rca_text,该案例表现为轻微阀芯卡滞，根因更可能由装配阶段隐患累积触发。,0.5698,hydraulic
EVO_TEXT_HFB-03555,HFB-03555,fault_evolution_text,早期异常较弱，运行载荷放大后出现指标漂移，并逐步演化为轻微故障。,0.5698,hydraulic
RCA_TEXT_HFB-03556,HFB-03556,rca_text,该案例表现为中度泄漏异常，根因更可能由装配阶段隐患累积触发。,0.609,hydraulic
EVO_TEXT_HFB-03556,HFB-03556,fault_evolution_text,早期异常较弱，运行载荷放大后出现指标漂移，并逐步演化为中度故障。,0.609,hydraulic
RCA_TEXT_HFB-03557,HFB-03557,rca_text,该案例表现为轻微压力异常，根因更可能由材料阶段隐患累积触发。,0.539,hydraulic
EVO_TEXT_HFB-03557,HFB-03557,fault_evolution_text,隐患先导致局部性能退化，随后传感器能量向关联通道集中，最终形成压力异常。,0.539,hydraulic
RCA_TEXT_HFB-03558,HFB-03558,rca_text,结合传感器能量和检测记录，冷却器的振动异常与制造阶段高风险实体 HMAN-00680 一致。,0.6102,hydraulic
EVO_TEXT_HFB-03558,HFB-03558,fault_evolution_text,隐患先导致局部性能退化，随后传感器能量向关联通道集中，最终形成振动异常。,0.6102,hydraulic
RCA_TEXT_HFB-03559,HFB-03559,rca_text,作动筒出现中度振动异常，生命周期风险集中在制造阶段，建议优先追溯 HMAN-01131。,0.5682,hydraulic
EVO_TEXT_HFB-03559,HFB-03559,fault_evolution_text,隐患先导致局部性能退化，随后传感器能量向关联通道集中，最终形成振动异常。,0.5682,hydraulic
RCA_TEXT_HFB-03560,HFB-03560,rca_text,卸荷阀出现轻微压力异常，生命周期风险集中在装配阶段，建议优先追溯 HASM-03560。,0.5439,hydraulic
EVO_TEXT_HFB-03560,HFB-03560,fault_evolution_text,隐患先导致局部性能退化，随后传感器能量向关联通道集中，最终形成压力异常。,0.5439,hydraulic
RCA_TEXT_HFB-03561,HFB-03561,rca_text,蓄能器出现轻微温度异常，生命周期风险集中在运维阶段，建议优先追溯 HOPR-03561。,0.6082,hydraulic
EVO_TEXT_HFB-03561,HFB-03561,fault_evolution_text,隐患先导致局部性能退化，随后传感器能量向关联通道集中，最终形成温度异常。,0.6082,hydraulic
RCA_TEXT_HFB-03562,HFB-03562,rca_text,结合传感器能量和检测记录，卸荷阀的阀芯卡滞与制造阶段高风险实体 HMAN-00570 一致。,0.5676,hydraulic
EVO_TEXT_HFB-03562,HFB-03562,fault_evolution_text,早期异常较弱，运行载荷放大后出现指标漂移，并逐步演化为轻微故障。,0.5676,hydraulic
RCA_TEXT_HFB-03563,HFB-03563,rca_text,该案例表现为中度流量异常，根因更可能由运维阶段隐患累积触发。,0.6489,hydraulic
EVO_TEXT_HFB-03563,HFB-03563,fault_evolution_text,运维阶段风险与运行工况耦合后引起状态劣化，检测指标随严重度同步升高。,0.6489,hydraulic
RCA_TEXT_HFB-03564,HFB-03564,rca_text,结合传感器能量和检测记录，溢流阀的流量异常与运维阶段高风险实体 HOPR-03564 一致。,0.5829,hydraulic
EVO_TEXT_HFB-03564,HFB-03564,fault_evolution_text,隐患先导致局部性能退化，随后传感器能量向关联通道集中，最终形成流量异常。,0.5829,hydraulic
RCA_TEXT_HFB-03565,HFB-03565,rca_text,该案例表现为轻微阀芯卡滞，根因更可能由制造阶段隐患累积触发。,0.6377,hydraulic
EVO_TEXT_HFB-03565,HFB-03565,fault_evolution_text,早期异常较弱，运行载荷放大后出现指标漂移，并逐步演化为轻微故障。,0.6377,hydraulic
RCA_TEXT_HFB-03566,HFB-03566,rca_text,结合传感器能量和检测记录，液压油箱的温度异常与制造阶段高风险实体 HMAN-00079 一致。,0.5897,hydraulic
EVO_TEXT_HFB-03566,HFB-03566,fault_evolution_text,制造阶段风险与运行工况耦合后引起状态劣化，检测指标随严重度同步升高。,0.5897,hydraulic
RCA_TEXT_HFB-03567,HFB-03567,rca_text,结合传感器能量和检测记录，溢流阀的泄漏异常与装配阶段高风险实体 HASM-03567 一致。,0.6503,hydraulic
EVO_TEXT_HFB-03567,HFB-03567,fault_evolution_text,早期异常较弱，运行载荷放大后出现指标漂移，并逐步演化为中度故障。,0.6503,hydraulic
RCA_TEXT_HFB-03568,HFB-03568,rca_text,结合传感器能量和检测记录，溢流阀的压力异常与运维阶段高风险实体 HOPR-03568 一致。,0.6189,hydraulic
EVO_TEXT_HFB-03568,HFB-03568,fault_evolution_text,运维阶段风险与运行工况耦合后引起状态劣化，检测指标随严重度同步升高。,0.6189,hydraulic
RCA_TEXT_HFB-03569,HFB-03569,rca_text,该案例表现为中度流量异常，根因更可能由运维阶段隐患累积触发。,0.5655,hydraulic
EVO_TEXT_HFB-03569,HFB-03569,fault_evolution_text,隐患先导致局部性能退化，随后传感器能量向关联通道集中，最终形成流量异常。,0.5655,hydraulic
RCA_TEXT_HFB-03570,HFB-03570,rca_text,结合传感器能量和检测记录，蓄能器的流量异常与制造阶段高风险实体 HMAN-01199 一致。,0.6261,hydraulic
EVO_TEXT_HFB-03570,HFB-03570,fault_evolution_text,早期异常较弱，运行载荷放大后出现指标漂移，并逐步演化为轻微故障。,0.6261,hydraulic
RCA_TEXT_HFB-03571,HFB-03571,rca_text,该案例表现为中度流量异常，根因更可能由运维阶段隐患累积触发。,0.5856,hydraulic
EVO_TEXT_HFB-03571,HFB-03571,fault_evolution_text,运维阶段风险与运行工况耦合后引起状态劣化，检测指标随严重度同步升高。,0.5856,hydraulic
RCA_TEXT_HFB-03572,HFB-03572,rca_text,结合传感器能量和检测记录，单向阀的压力异常与设计阶段高风险实体 HDES-00748 一致。,0.5713,hydraulic
EVO_TEXT_HFB-03572,HFB-03572,fault_evolution_text,隐患先导致局部性能退化，随后传感器能量向关联通道集中，最终形成压力异常。,0.5713,hydraulic
RCA_TEXT_HFB-03573,HFB-03573,rca_text,该案例表现为中度泄漏异常，根因更可能由制造阶段隐患累积触发。,0.6198,hydraulic
EVO_TEXT_HFB-03573,HFB-03573,fault_evolution_text,隐患先导致局部性能退化，随后传感器能量向关联通道集中，最终形成泄漏异常。,0.6198,hydraulic
RCA_TEXT_HFB-03574,HFB-03574,rca_text,该案例表现为轻微流量异常，根因更可能由制造阶段隐患累积触发。,0.5663,hydraulic
EVO_TEXT_HFB-03574,HFB-03574,fault_evolution_text,隐患先导致局部性能退化，随后传感器能量向关联通道集中，最终形成流量异常。,0.5663,hydraulic
RCA_TEXT_HFB-03575,HFB-03575,rca_text,该案例表现为中度流量异常，根因更可能由运维阶段隐患累积触发。,0.6268,hydraulic
EVO_TEXT_HFB-03575,HFB-03575,fault_evolution_text,运维阶段风险与运行工况耦合后引起状态劣化，检测指标随严重度同步升高。,0.6268,hydraulic
RCA_TEXT_HFB-03576,HFB-03576,rca_text,该案例表现为轻微泄漏异常，根因更可能由运维阶段隐患累积触发。,0.5572,hydraulic
EVO_TEXT_HFB-03576,HFB-03576,fault_evolution_text,运维阶段风险与运行工况耦合后引起状态劣化，检测指标随严重度同步升高。,0.5572,hydraulic
RCA_TEXT_HFB-03577,HFB-03577,rca_text,结合传感器能量和检测记录，方向控制阀的温度异常与运维阶段高风险实体 HOPR-03577 一致。,0.6397,hydraulic
EVO_TEXT_HFB-03577,HFB-03577,fault_evolution_text,早期异常较弱，运行载荷放大后出现指标漂移，并逐步演化为轻微故障。,0.6397,hydraulic
RCA_TEXT_HFB-03578,HFB-03578,rca_text,结合传感器能量和检测记录，作动筒的振动异常与制造阶段高风险实体 HMAN-00347 一致。,0.5848,hydraulic
EVO_TEXT_HFB-03578,HFB-03578,fault_evolution_text,隐患先导致局部性能退化，随后传感器能量向关联通道集中，最终形成振动异常。,0.5848,hydraulic
RCA_TEXT_HFB-03579,HFB-03579,rca_text,冷却器出现轻微振动异常，生命周期风险集中在材料阶段，建议优先追溯 HMAT-00475。,0.5724,hydraulic
EVO_TEXT_HFB-03579,HFB-03579,fault_evolution_text,早期异常较弱，运行载荷放大后出现指标漂移，并逐步演化为轻微故障。,0.5724,hydraulic
RCA_TEXT_HFB-03580,HFB-03580,rca_text,结合传感器能量和检测记录，管路总成的阀芯卡滞与材料阶段高风险实体 HMAT-00425 一致。,0.5626,hydraulic
EVO_TEXT_HFB-03580,HFB-03580,fault_evolution_text,早期异常较弱，运行载荷放大后出现指标漂移，并逐步演化为轻微故障。,0.5626,hydraulic
RCA_TEXT_HFB-03581,HFB-03581,rca_text,溢流阀出现轻微泄漏异常，生命周期风险集中在设计阶段，建议优先追溯 HDES-01053。,0.6315,hydraulic
EVO_TEXT_HFB-03581,HFB-03581,fault_evolution_text,早期异常较弱，运行载荷放大后出现指标漂移，并逐步演化为轻微故障。,0.6315,hydraulic
RCA_TEXT_HFB-03582,HFB-03582,rca_text,该案例表现为轻微流量异常，根因更可能由制造阶段隐患累积触发。,0.5733,hydraulic
EVO_TEXT_HFB-03582,HFB-03582,fault_evolution_text,早期异常较弱，运行载荷放大后出现指标漂移，并逐步演化为轻微故障。,0.5733,hydraulic
RCA_TEXT_HFB-03583,HFB-03583,rca_text,结合传感器能量和检测记录，蓄能器的振动异常与运维阶段高风险实体 HOPR-03583 一致。,0.5992,hydraulic
EVO_TEXT_HFB-03583,HFB-03583,fault_evolution_text,隐患先导致局部性能退化，随后传感器能量向关联通道集中，最终形成振动异常。,0.5992,hydraulic
RCA_TEXT_HFB-03584,HFB-03584,rca_text,该案例表现为轻微温度异常，根因更可能由运维阶段隐患累积触发。,0.6378,hydraulic
EVO_TEXT_HFB-03584,HFB-03584,fault_evolution_text,隐患先导致局部性能退化，随后传感器能量向关联通道集中，最终形成温度异常。,0.6378,hydraulic
RCA_TEXT_HFB-03585,HFB-03585,rca_text,溢流阀出现轻微流量异常，生命周期风险集中在设计阶段，建议优先追溯 HDES-00142。,0.567,hydraulic
EVO_TEXT_HFB-03585,HFB-03585,fault_evolution_text,设计阶段风险与运行工况耦合后引起状态劣化，检测指标随严重度同步升高。,0.567,hydraulic
RCA_TEXT_HFB-03586,HFB-03586,rca_text,液压油箱出现中度温度异常，生命周期风险集中在装配阶段，建议优先追溯 HASM-03586。,0.6063,hydraulic
EVO_TEXT_HFB-03586,HFB-03586,fault_evolution_text,隐患先导致局部性能退化，随后传感器能量向关联通道集中，最终形成温度异常。,0.6063,hydraulic
RCA_TEXT_HFB-03587,HFB-03587,rca_text,结合传感器能量和检测记录，节流阀的流量异常与材料阶段高风险实体 HMAT-00397 一致。,0.6176,hydraulic
EVO_TEXT_HFB-03587,HFB-03587,fault_evolution_text,材料阶段风险与运行工况耦合后引起状态劣化，检测指标随严重度同步升高。,0.6176,hydraulic
RCA_TEXT_HFB-03588,HFB-03588,rca_text,该案例表现为轻微压力异常，根因更可能由运维阶段隐患累积触发。,0.5989,hydraulic
EVO_TEXT_HFB-03588,HFB-03588,fault_evolution_text,隐患先导致局部性能退化，随后传感器能量向关联通道集中，最终形成压力异常。,0.5989,hydraulic
RCA_TEXT_HFB-03589,HFB-03589,rca_text,该案例表现为轻微阀芯卡滞，根因更可能由制造阶段隐患累积触发。,0.5842,hydraulic
EVO_TEXT_HFB-03589,HFB-03589,fault_evolution_text,制造阶段风险与运行工况耦合后引起状态劣化，检测指标随严重度同步升高。,0.5842,hydraulic
RCA_TEXT_HFB-03590,HFB-03590,rca_text,管路总成出现轻微泄漏异常，生命周期风险集中在材料阶段，建议优先追溯 HMAT-00169。,0.5694,hydraulic
EVO_TEXT_HFB-03590,HFB-03590,fault_evolution_text,材料阶段风险与运行工况耦合后引起状态劣化，检测指标随严重度同步升高。,0.5694,hydraulic
RCA_TEXT_HFB-03591,HFB-03591,rca_text,节流阀出现中度流量异常，生命周期风险集中在材料阶段，建议优先追溯 HMAT-00471。,0.6179,hydraulic
EVO_TEXT_HFB-03591,HFB-03591,fault_evolution_text,隐患先导致局部性能退化，随后传感器能量向关联通道集中，最终形成流量异常。,0.6179,hydraulic
RCA_TEXT_HFB-03592,HFB-03592,rca_text,结合传感器能量和检测记录，方向控制阀的压力异常与运维阶段高风险实体 HOPR-03592 一致。,0.6646,hydraulic
EVO_TEXT_HFB-03592,HFB-03592,fault_evolution_text,运维阶段风险与运行工况耦合后引起状态劣化，检测指标随严重度同步升高。,0.6646,hydraulic
RCA_TEXT_HFB-03593,HFB-03593,rca_text,卸荷阀出现中度压力异常，生命周期风险集中在运维阶段，建议优先追溯 HOPR-03593。,0.5951,hydraulic
EVO_TEXT_HFB-03593,HFB-03593,fault_evolution_text,隐患先导致局部性能退化，随后传感器能量向关联通道集中，最终形成压力异常。,0.5951,hydraulic
RCA_TEXT_HFB-03594,HFB-03594,rca_text,管路总成出现轻微压力异常，生命周期风险集中在运维阶段，建议优先追溯 HOPR-03594。,0.6274,hydraulic
EVO_TEXT_HFB-03594,HFB-03594,fault_evolution_text,运维阶段风险与运行工况耦合后引起状态劣化，检测指标随严重度同步升高。,0.6274,hydraulic
RCA_TEXT_HFB-03595,HFB-03595,rca_text,该案例表现为轻微泄漏异常，根因更可能由材料阶段隐患累积触发。,0.5953,hydraulic
EVO_TEXT_HFB-03595,HFB-03595,fault_evolution_text,材料阶段风险与运行工况耦合后引起状态劣化，检测指标随严重度同步升高。,0.5953,hydraulic
RCA_TEXT_HFB-03596,HFB-03596,rca_text,作动筒出现中度泄漏异常，生命周期风险集中在材料阶段，建议优先追溯 HMAT-00401。,0.5921,hydraulic
EVO_TEXT_HFB-03596,HFB-03596,fault_evolution_text,早期异常较弱，运行载荷放大后出现指标漂移，并逐步演化为中度故障。,0.5921,hydraulic
RCA_TEXT_HFB-03597,HFB-03597,rca_text,管路总成出现中度振动异常，生命周期风险集中在制造阶段，建议优先追溯 HMAN-00442。,0.616,hydraulic
EVO_TEXT_HFB-03597,HFB-03597,fault_evolution_text,制造阶段风险与运行工况耦合后引起状态劣化，检测指标随严重度同步升高。,0.616,hydraulic
RCA_TEXT_HFB-03598,HFB-03598,rca_text,该案例表现为中度压力异常，根因更可能由运维阶段隐患累积触发。,0.5756,hydraulic
EVO_TEXT_HFB-03598,HFB-03598,fault_evolution_text,早期异常较弱，运行载荷放大后出现指标漂移，并逐步演化为中度故障。,0.5756,hydraulic
RCA_TEXT_HFB-03599,HFB-03599,rca_text,该案例表现为轻微流量异常，根因更可能由运维阶段隐患累积触发。,0.5328,hydraulic
EVO_TEXT_HFB-03599,HFB-03599,fault_evolution_text,隐患先导致局部性能退化，随后传感器能量向关联通道集中，最终形成流量异常。,0.5328,hydraulic
RCA_TEXT_HFB-03600,HFB-03600,rca_text,过滤器出现轻微流量异常，生命周期风险集中在制造阶段，建议优先追溯 HMAN-00827。,0.6047,hydraulic
EVO_TEXT_HFB-03600,HFB-03600,fault_evolution_text,制造阶段风险与运行工况耦合后引起状态劣化，检测指标随严重度同步升高。,0.6047,hydraulic
RCA_TEXT_HFB-03601,HFB-03601,rca_text,结合传感器能量和检测记录，作动筒的振动异常与运维阶段高风险实体 HOPR-03601 一致。,0.6102,hydraulic
EVO_TEXT_HFB-03601,HFB-03601,fault_evolution_text,隐患先导致局部性能退化，随后传感器能量向关联通道集中，最终形成振动异常。,0.6102,hydraulic
RCA_TEXT_HFB-03602,HFB-03602,rca_text,蓄能器出现轻微压力异常，生命周期风险集中在设计阶段，建议优先追溯 HDES-00787。,0.5915,hydraulic
EVO_TEXT_HFB-03602,HFB-03602,fault_evolution_text,设计阶段风险与运行工况耦合后引起状态劣化，检测指标随严重度同步升高。,0.5915,hydraulic
RCA_TEXT_HFB-03603,HFB-03603,rca_text,该案例表现为轻微泄漏异常，根因更可能由装配阶段隐患累积触发。,0.611,hydraulic
EVO_TEXT_HFB-03603,HFB-03603,fault_evolution_text,早期异常较弱，运行载荷放大后出现指标漂移，并逐步演化为轻微故障。,0.611,hydraulic
RCA_TEXT_HFB-03604,HFB-03604,rca_text,该案例表现为中度振动异常，根因更可能由运维阶段隐患累积触发。,0.6236,hydraulic
EVO_TEXT_HFB-03604,HFB-03604,fault_evolution_text,运维阶段风险与运行工况耦合后引起状态劣化，检测指标随严重度同步升高。,0.6236,hydraulic
RCA_TEXT_HFB-03605,HFB-03605,rca_text,管路总成出现轻微阀芯卡滞，生命周期风险集中在设计阶段，建议优先追溯 HPIP-00629。,0.6165,hydraulic
EVO_TEXT_HFB-03605,HFB-03605,fault_evolution_text,早期异常较弱，运行载荷放大后出现指标漂移，并逐步演化为轻微故障。,0.6165,hydraulic
RCA_TEXT_HFB-03606,HFB-03606,rca_text,结合传感器能量和检测记录，卸荷阀的阀芯卡滞与制造阶段高风险实体 HMAN-00068 一致。,0.5387,hydraulic
EVO_TEXT_HFB-03606,HFB-03606,fault_evolution_text,早期异常较弱，运行载荷放大后出现指标漂移，并逐步演化为轻微故障。,0.5387,hydraulic
RCA_TEXT_HFB-03607,HFB-03607,rca_text,该案例表现为轻微流量异常，根因更可能由制造阶段隐患累积触发。,0.5199,hydraulic
EVO_TEXT_HFB-03607,HFB-03607,fault_evolution_text,制造阶段风险与运行工况耦合后引起状态劣化，检测指标随严重度同步升高。,0.5199,hydraulic
RCA_TEXT_HFB-03608,HFB-03608,rca_text,该案例表现为中度泄漏异常，根因更可能由运维阶段隐患累积触发。,0.6511,hydraulic
EVO_TEXT_HFB-03608,HFB-03608,fault_evolution_text,早期异常较弱，运行载荷放大后出现指标漂移，并逐步演化为中度故障。,0.6511,hydraulic
RCA_TEXT_HFB-03609,HFB-03609,rca_text,作动筒出现轻微泄漏异常，生命周期风险集中在装配阶段，建议优先追溯 HASM-03609。,0.5798,hydraulic
EVO_TEXT_HFB-03609,HFB-03609,fault_evolution_text,早期异常较弱，运行载荷放大后出现指标漂移，并逐步演化为轻微故障。,0.5798,hydraulic
RCA_TEXT_HFB-03610,HFB-03610,rca_text,结合传感器能量和检测记录，节流阀的阀芯卡滞与材料阶段高风险实体 HMAT-00566 一致。,0.647,hydraulic
EVO_TEXT_HFB-03610,HFB-03610,fault_evolution_text,早期异常较弱，运行载荷放大后出现指标漂移，并逐步演化为轻微故障。,0.647,hydraulic
RCA_TEXT_HFB-03611,HFB-03611,rca_text,该案例表现为轻微泄漏异常，根因更可能由运维阶段隐患累积触发。,0.5741,hydraulic
EVO_TEXT_HFB-03611,HFB-03611,fault_evolution_text,早期异常较弱，运行载荷放大后出现指标漂移，并逐步演化为轻微故障。,0.5741,hydraulic
RCA_TEXT_HFB-03612,HFB-03612,rca_text,结合传感器能量和检测记录，管路总成的温度异常与运维阶段高风险实体 HOPR-03612 一致。,0.5141,hydraulic
EVO_TEXT_HFB-03612,HFB-03612,fault_evolution_text,隐患先导致局部性能退化，随后传感器能量向关联通道集中，最终形成温度异常。,0.5141,hydraulic
RCA_TEXT_HFB-03613,HFB-03613,rca_text,液压油箱出现轻微阀芯卡滞，生命周期风险集中在制造阶段，建议优先追溯 HMAN-00822。,0.6057,hydraulic
EVO_TEXT_HFB-03613,HFB-03613,fault_evolution_text,制造阶段风险与运行工况耦合后引起状态劣化，检测指标随严重度同步升高。,0.6057,hydraulic
RCA_TEXT_HFB-03614,HFB-03614,rca_text,该案例表现为中度泄漏异常，根因更可能由运维阶段隐患累积触发。,0.5849,hydraulic
EVO_TEXT_HFB-03614,HFB-03614,fault_evolution_text,隐患先导致局部性能退化，随后传感器能量向关联通道集中，最终形成泄漏异常。,0.5849,hydraulic
RCA_TEXT_HFB-03615,HFB-03615,rca_text,该案例表现为中度阀芯卡滞，根因更可能由运维阶段隐患累积触发。,0.601,hydraulic
EVO_TEXT_HFB-03615,HFB-03615,fault_evolution_text,早期异常较弱，运行载荷放大后出现指标漂移，并逐步演化为中度故障。,0.601,hydraulic
RCA_TEXT_HFB-03616,HFB-03616,rca_text,该案例表现为轻微流量异常，根因更可能由设计阶段隐患累积触发。,0.6204,hydraulic
EVO_TEXT_HFB-03616,HFB-03616,fault_evolution_text,隐患先导致局部性能退化，随后传感器能量向关联通道集中，最终形成流量异常。,0.6204,hydraulic
RCA_TEXT_HFB-03617,HFB-03617,rca_text,结合传感器能量和检测记录，溢流阀的流量异常与检测阶段高风险实体 HINSP-03617 一致。,0.5686,hydraulic
EVO_TEXT_HFB-03617,HFB-03617,fault_evolution_text,早期异常较弱，运行载荷放大后出现指标漂移，并逐步演化为轻微故障。,0.5686,hydraulic
RCA_TEXT_HFB-03618,HFB-03618,rca_text,节流阀出现轻微阀芯卡滞，生命周期风险集中在运维阶段，建议优先追溯 HOPR-03618。,0.5635,hydraulic
EVO_TEXT_HFB-03618,HFB-03618,fault_evolution_text,运维阶段风险与运行工况耦合后引起状态劣化，检测指标随严重度同步升高。,0.5635,hydraulic
RCA_TEXT_HFB-03619,HFB-03619,rca_text,冷却器出现中度温度异常，生命周期风险集中在运维阶段，建议优先追溯 HOPR-03619。,0.6083,hydraulic
EVO_TEXT_HFB-03619,HFB-03619,fault_evolution_text,早期异常较弱，运行载荷放大后出现指标漂移，并逐步演化为中度故障。,0.6083,hydraulic
RCA_TEXT_HFB-03620,HFB-03620,rca_text,结合传感器能量和检测记录，卸荷阀的振动异常与材料阶段高风险实体 HMAT-00548 一致。,0.5369,hydraulic
EVO_TEXT_HFB-03620,HFB-03620,fault_evolution_text,材料阶段风险与运行工况耦合后引起状态劣化，检测指标随严重度同步升高。,0.5369,hydraulic
RCA_TEXT_HFB-03621,HFB-03621,rca_text,结合传感器能量和检测记录，过滤器的振动异常与装配阶段高风险实体 HASM-03621 一致。,0.6166,hydraulic
EVO_TEXT_HFB-03621,HFB-03621,fault_evolution_text,隐患先导致局部性能退化，随后传感器能量向关联通道集中，最终形成振动异常。,0.6166,hydraulic
RCA_TEXT_HFB-03622,HFB-03622,rca_text,该案例表现为轻微阀芯卡滞，根因更可能由检测阶段隐患累积触发。,0.6219,hydraulic
EVO_TEXT_HFB-03622,HFB-03622,fault_evolution_text,检测阶段风险与运行工况耦合后引起状态劣化，检测指标随严重度同步升高。,0.6219,hydraulic
RCA_TEXT_HFB-03623,HFB-03623,rca_text,结合传感器能量和检测记录，冷却器的振动异常与运维阶段高风险实体 HOPR-03623 一致。,0.595,hydraulic
EVO_TEXT_HFB-03623,HFB-03623,fault_evolution_text,早期异常较弱，运行载荷放大后出现指标漂移，并逐步演化为轻微故障。,0.595,hydraulic
RCA_TEXT_HFB-03624,HFB-03624,rca_text,该案例表现为轻微泄漏异常，根因更可能由装配阶段隐患累积触发。,0.5977,hydraulic
EVO_TEXT_HFB-03624,HFB-03624,fault_evolution_text,装配阶段风险与运行工况耦合后引起状态劣化，检测指标随严重度同步升高。,0.5977,hydraulic
RCA_TEXT_HFB-03625,HFB-03625,rca_text,结合传感器能量和检测记录，溢流阀的压力异常与装配阶段高风险实体 HASM-03625 一致。,0.6063,hydraulic
EVO_TEXT_HFB-03625,HFB-03625,fault_evolution_text,早期异常较弱，运行载荷放大后出现指标漂移，并逐步演化为中度故障。,0.6063,hydraulic
RCA_TEXT_HFB-03626,HFB-03626,rca_text,结合传感器能量和检测记录，过滤器的泄漏异常与运维阶段高风险实体 HOPR-03626 一致。,0.5775,hydraulic
EVO_TEXT_HFB-03626,HFB-03626,fault_evolution_text,运维阶段风险与运行工况耦合后引起状态劣化，检测指标随严重度同步升高。,0.5775,hydraulic
RCA_TEXT_HFB-03627,HFB-03627,rca_text,该案例表现为中度流量异常，根因更可能由运维阶段隐患累积触发。,0.6271,hydraulic
EVO_TEXT_HFB-03627,HFB-03627,fault_evolution_text,运维阶段风险与运行工况耦合后引起状态劣化，检测指标随严重度同步升高。,0.6271,hydraulic
RCA_TEXT_HFB-03628,HFB-03628,rca_text,该案例表现为轻微温度异常，根因更可能由运维阶段隐患累积触发。,0.5646,hydraulic
EVO_TEXT_HFB-03628,HFB-03628,fault_evolution_text,隐患先导致局部性能退化，随后传感器能量向关联通道集中，最终形成温度异常。,0.5646,hydraulic
RCA_TEXT_HFB-03629,HFB-03629,rca_text,结合传感器能量和检测记录，液压泵总成的温度异常与运维阶段高风险实体 HOPR-03629 一致。,0.5876,hydraulic
EVO_TEXT_HFB-03629,HFB-03629,fault_evolution_text,早期异常较弱，运行载荷放大后出现指标漂移，并逐步演化为轻微故障。,0.5876,hydraulic
RCA_TEXT_HFB-03630,HFB-03630,rca_text,结合传感器能量和检测记录，管路总成的泄漏异常与设计阶段高风险实体 HPIP-00631 一致。,0.601,hydraulic
EVO_TEXT_HFB-03630,HFB-03630,fault_evolution_text,隐患先导致局部性能退化，随后传感器能量向关联通道集中，最终形成泄漏异常。,0.601,hydraulic
RCA_TEXT_HFB-03631,HFB-03631,rca_text,液压泵总成出现轻微压力异常，生命周期风险集中在设计阶段，建议优先追溯 HDES-00578。,0.5526,hydraulic
EVO_TEXT_HFB-03631,HFB-03631,fault_evolution_text,早期异常较弱，运行载荷放大后出现指标漂移，并逐步演化为轻微故障。,0.5526,hydraulic
RCA_TEXT_HFB-03632,HFB-03632,rca_text,该案例表现为轻微振动异常，根因更可能由装配阶段隐患累积触发。,0.6529,hydraulic
EVO_TEXT_HFB-03632,HFB-03632,fault_evolution_text,隐患先导致局部性能退化，随后传感器能量向关联通道集中，最终形成振动异常。,0.6529,hydraulic
RCA_TEXT_HFB-03633,HFB-03633,rca_text,该案例表现为轻微流量异常，根因更可能由检测阶段隐患累积触发。,0.5099,hydraulic
EVO_TEXT_HFB-03633,HFB-03633,fault_evolution_text,早期异常较弱，运行载荷放大后出现指标漂移，并逐步演化为轻微故障。,0.5099,hydraulic
RCA_TEXT_HFB-03634,HFB-03634,rca_text,该案例表现为中度泄漏异常，根因更可能由材料阶段隐患累积触发。,0.6185,hydraulic
EVO_TEXT_HFB-03634,HFB-03634,fault_evolution_text,隐患先导致局部性能退化，随后传感器能量向关联通道集中，最终形成泄漏异常。,0.6185,hydraulic
RCA_TEXT_HFB-03635,HFB-03635,rca_text,该案例表现为轻微振动异常，根因更可能由装配阶段隐患累积触发。,0.6366,hydraulic
EVO_TEXT_HFB-03635,HFB-03635,fault_evolution_text,隐患先导致局部性能退化，随后传感器能量向关联通道集中，最终形成振动异常。,0.6366,hydraulic
RCA_TEXT_HFB-03636,HFB-03636,rca_text,管路总成出现轻微阀芯卡滞，生命周期风险集中在运维阶段，建议优先追溯 HOPR-03636。,0.6125,hydraulic
EVO_TEXT_HFB-03636,HFB-03636,fault_evolution_text,隐患先导致局部性能退化，随后传感器能量向关联通道集中，最终形成阀芯卡滞。,0.6125,hydraulic
RCA_TEXT_HFB-03637,HFB-03637,rca_text,结合传感器能量和检测记录，管路总成的振动异常与设计阶段高风险实体 HPIP-00634 一致。,0.68,hydraulic
EVO_TEXT_HFB-03637,HFB-03637,fault_evolution_text,隐患先导致局部性能退化，随后传感器能量向关联通道集中，最终形成振动异常。,0.68,hydraulic
RCA_TEXT_HFB-03638,HFB-03638,rca_text,该案例表现为轻微振动异常，根因更可能由运维阶段隐患累积触发。,0.6269,hydraulic
EVO_TEXT_HFB-03638,HFB-03638,fault_evolution_text,隐患先导致局部性能退化，随后传感器能量向关联通道集中，最终形成振动异常。,0.6269,hydraulic
RCA_TEXT_HFB-03639,HFB-03639,rca_text,结合传感器能量和检测记录，液压油箱的振动异常与检测阶段高风险实体 HINSP-03639 一致。,0.5282,hydraulic
EVO_TEXT_HFB-03639,HFB-03639,fault_evolution_text,隐患先导致局部性能退化，随后传感器能量向关联通道集中，最终形成振动异常。,0.5282,hydraulic
RCA_TEXT_HFB-03640,HFB-03640,rca_text,结合传感器能量和检测记录，蓄能器的泄漏异常与运维阶段高风险实体 HOPR-03640 一致。,0.5706,hydraulic
EVO_TEXT_HFB-03640,HFB-03640,fault_evolution_text,隐患先导致局部性能退化，随后传感器能量向关联通道集中，最终形成泄漏异常。,0.5706,hydraulic
RCA_TEXT_HFB-03641,HFB-03641,rca_text,节流阀出现中度流量异常，生命周期风险集中在运维阶段，建议优先追溯 HOPR-03641。,0.6004,hydraulic
EVO_TEXT_HFB-03641,HFB-03641,fault_evolution_text,运维阶段风险与运行工况耦合后引起状态劣化，检测指标随严重度同步升高。,0.6004,hydraulic
RCA_TEXT_HFB-03642,HFB-03642,rca_text,结合传感器能量和检测记录，液压泵总成的泄漏异常与装配阶段高风险实体 HASM-03642 一致。,0.6069,hydraulic
EVO_TEXT_HFB-03642,HFB-03642,fault_evolution_text,隐患先导致局部性能退化，随后传感器能量向关联通道集中，最终形成泄漏异常。,0.6069,hydraulic
RCA_TEXT_HFB-03643,HFB-03643,rca_text,结合传感器能量和检测记录，过滤器的温度异常与检测阶段高风险实体 HINSP-03643 一致。,0.6065,hydraulic
EVO_TEXT_HFB-03643,HFB-03643,fault_evolution_text,检测阶段风险与运行工况耦合后引起状态劣化，检测指标随严重度同步升高。,0.6065,hydraulic
RCA_TEXT_HFB-03644,HFB-03644,rca_text,结合传感器能量和检测记录，方向控制阀的阀芯卡滞与运维阶段高风险实体 HOPR-03644 一致。,0.6815,hydraulic
EVO_TEXT_HFB-03644,HFB-03644,fault_evolution_text,运维阶段风险与运行工况耦合后引起状态劣化，检测指标随严重度同步升高。,0.6815,hydraulic
RCA_TEXT_HFB-03645,HFB-03645,rca_text,溢流阀出现中度阀芯卡滞，生命周期风险集中在制造阶段，建议优先追溯 HMAN-00917。,0.6136,hydraulic
EVO_TEXT_HFB-03645,HFB-03645,fault_evolution_text,制造阶段风险与运行工况耦合后引起状态劣化，检测指标随严重度同步升高。,0.6136,hydraulic
RCA_TEXT_HFB-03646,HFB-03646,rca_text,该案例表现为中度阀芯卡滞，根因更可能由制造阶段隐患累积触发。,0.6805,hydraulic
EVO_TEXT_HFB-03646,HFB-03646,fault_evolution_text,隐患先导致局部性能退化，随后传感器能量向关联通道集中，最终形成阀芯卡滞。,0.6805,hydraulic
RCA_TEXT_HFB-03647,HFB-03647,rca_text,结合传感器能量和检测记录，蓄能器的压力异常与运维阶段高风险实体 HOPR-03647 一致。,0.5781,hydraulic
EVO_TEXT_HFB-03647,HFB-03647,fault_evolution_text,早期异常较弱，运行载荷放大后出现指标漂移，并逐步演化为轻微故障。,0.5781,hydraulic
RCA_TEXT_HFB-03648,HFB-03648,rca_text,液压泵总成出现轻微温度异常，生命周期风险集中在运维阶段，建议优先追溯 HOPR-03648。,0.6048,hydraulic
EVO_TEXT_HFB-03648,HFB-03648,fault_evolution_text,早期异常较弱，运行载荷放大后出现指标漂移，并逐步演化为轻微故障。,0.6048,hydraulic
RCA_TEXT_HFB-03649,HFB-03649,rca_text,该案例表现为中度压力异常，根因更可能由设计阶段隐患累积触发。,0.6252,hydraulic
EVO_TEXT_HFB-03649,HFB-03649,fault_evolution_text,早期异常较弱，运行载荷放大后出现指标漂移，并逐步演化为中度故障。,0.6252,hydraulic
RCA_TEXT_HFB-03650,HFB-03650,rca_text,该案例表现为轻微温度异常，根因更可能由运维阶段隐患累积触发。,0.5908,hydraulic
EVO_TEXT_HFB-03650,HFB-03650,fault_evolution_text,早期异常较弱，运行载荷放大后出现指标漂移，并逐步演化为轻微故障。,0.5908,hydraulic
RCA_TEXT_HFB-03651,HFB-03651,rca_text,结合传感器能量和检测记录，蓄能器的流量异常与材料阶段高风险实体 HMAT-00557 一致。,0.6081,hydraulic
EVO_TEXT_HFB-03651,HFB-03651,fault_evolution_text,材料阶段风险与运行工况耦合后引起状态劣化，检测指标随严重度同步升高。,0.6081,hydraulic
RCA_TEXT_HFB-03652,HFB-03652,rca_text,该案例表现为轻微振动异常，根因更可能由材料阶段隐患累积触发。,0.598,hydraulic
EVO_TEXT_HFB-03652,HFB-03652,fault_evolution_text,材料阶段风险与运行工况耦合后引起状态劣化，检测指标随严重度同步升高。,0.598,hydraulic
RCA_TEXT_HFB-03653,HFB-03653,rca_text,该案例表现为轻微压力异常，根因更可能由运维阶段隐患累积触发。,0.5567,hydraulic
EVO_TEXT_HFB-03653,HFB-03653,fault_evolution_text,隐患先导致局部性能退化，随后传感器能量向关联通道集中，最终形成压力异常。,0.5567,hydraulic
RCA_TEXT_HFB-03654,HFB-03654,rca_text,结合传感器能量和检测记录，节流阀的压力异常与运维阶段高风险实体 HOPR-03654 一致。,0.5912,hydraulic
EVO_TEXT_HFB-03654,HFB-03654,fault_evolution_text,运维阶段风险与运行工况耦合后引起状态劣化，检测指标随严重度同步升高。,0.5912,hydraulic
RCA_TEXT_HFB-03655,HFB-03655,rca_text,液压泵总成出现中度温度异常，生命周期风险集中在运维阶段，建议优先追溯 HOPR-03655。,0.6244,hydraulic
EVO_TEXT_HFB-03655,HFB-03655,fault_evolution_text,运维阶段风险与运行工况耦合后引起状态劣化，检测指标随严重度同步升高。,0.6244,hydraulic
RCA_TEXT_HFB-03656,HFB-03656,rca_text,作动筒出现中度阀芯卡滞，生命周期风险集中在运维阶段，建议优先追溯 HOPR-03656。,0.6296,hydraulic
EVO_TEXT_HFB-03656,HFB-03656,fault_evolution_text,运维阶段风险与运行工况耦合后引起状态劣化，检测指标随严重度同步升高。,0.6296,hydraulic
RCA_TEXT_HFB-03657,HFB-03657,rca_text,作动筒出现轻微阀芯卡滞，生命周期风险集中在运维阶段，建议优先追溯 HOPR-03657。,0.5141,hydraulic
EVO_TEXT_HFB-03657,HFB-03657,fault_evolution_text,隐患先导致局部性能退化，随后传感器能量向关联通道集中，最终形成阀芯卡滞。,0.5141,hydraulic
RCA_TEXT_HFB-03658,HFB-03658,rca_text,结合传感器能量和检测记录，液压泵总成的泄漏异常与装配阶段高风险实体 HASM-03658 一致。,0.5845,hydraulic
EVO_TEXT_HFB-03658,HFB-03658,fault_evolution_text,装配阶段风险与运行工况耦合后引起状态劣化，检测指标随严重度同步升高。,0.5845,hydraulic
RCA_TEXT_HFB-03659,HFB-03659,rca_text,方向控制阀出现轻微泄漏异常，生命周期风险集中在运维阶段，建议优先追溯 HOPR-03659。,0.5194,hydraulic
EVO_TEXT_HFB-03659,HFB-03659,fault_evolution_text,运维阶段风险与运行工况耦合后引起状态劣化，检测指标随严重度同步升高。,0.5194,hydraulic
RCA_TEXT_HFB-03660,HFB-03660,rca_text,溢流阀出现轻微阀芯卡滞，生命周期风险集中在运维阶段，建议优先追溯 HOPR-03660。,0.5417,hydraulic
EVO_TEXT_HFB-03660,HFB-03660,fault_evolution_text,早期异常较弱，运行载荷放大后出现指标漂移，并逐步演化为轻微故障。,0.5417,hydraulic
RCA_TEXT_HFB-03661,HFB-03661,rca_text,该案例表现为轻微流量异常，根因更可能由装配阶段隐患累积触发。,0.5375,hydraulic
EVO_TEXT_HFB-03661,HFB-03661,fault_evolution_text,装配阶段风险与运行工况耦合后引起状态劣化，检测指标随严重度同步升高。,0.5375,hydraulic
RCA_TEXT_HFB-03662,HFB-03662,rca_text,作动筒出现轻微振动异常，生命周期风险集中在检测阶段，建议优先追溯 HINSP-03662。,0.6467,hydraulic
EVO_TEXT_HFB-03662,HFB-03662,fault_evolution_text,隐患先导致局部性能退化，随后传感器能量向关联通道集中，最终形成振动异常。,0.6467,hydraulic
RCA_TEXT_HFB-03663,HFB-03663,rca_text,该案例表现为轻微温度异常，根因更可能由运维阶段隐患累积触发。,0.5579,hydraulic
EVO_TEXT_HFB-03663,HFB-03663,fault_evolution_text,隐患先导致局部性能退化，随后传感器能量向关联通道集中，最终形成温度异常。,0.5579,hydraulic
RCA_TEXT_HFB-03664,HFB-03664,rca_text,液压泵总成出现中度振动异常，生命周期风险集中在装配阶段，建议优先追溯 HASM-03664。,0.6908,hydraulic
EVO_TEXT_HFB-03664,HFB-03664,fault_evolution_text,装配阶段风险与运行工况耦合后引起状态劣化，检测指标随严重度同步升高。,0.6908,hydraulic
RCA_TEXT_HFB-03665,HFB-03665,rca_text,结合传感器能量和检测记录，卸荷阀的压力异常与设计阶段高风险实体 HDES-01145 一致。,0.5182,hydraulic
EVO_TEXT_HFB-03665,HFB-03665,fault_evolution_text,隐患先导致局部性能退化，随后传感器能量向关联通道集中，最终形成压力异常。,0.5182,hydraulic
RCA_TEXT_HFB-03666,HFB-03666,rca_text,方向控制阀出现中度流量异常，生命周期风险集中在检测阶段，建议优先追溯 HINSP-03666。,0.6016,hydraulic
EVO_TEXT_HFB-03666,HFB-03666,fault_evolution_text,早期异常较弱，运行载荷放大后出现指标漂移，并逐步演化为中度故障。,0.6016,hydraulic
RCA_TEXT_HFB-03667,HFB-03667,rca_text,液压油箱出现轻微阀芯卡滞，生命周期风险集中在制造阶段，建议优先追溯 HMAN-00084。,0.5861,hydraulic
EVO_TEXT_HFB-03667,HFB-03667,fault_evolution_text,隐患先导致局部性能退化，随后传感器能量向关联通道集中，最终形成阀芯卡滞。,0.5861,hydraulic
RCA_TEXT_HFB-03668,HFB-03668,rca_text,作动筒出现中度振动异常，生命周期风险集中在装配阶段，建议优先追溯 HASM-03668。,0.6268,hydraulic
EVO_TEXT_HFB-03668,HFB-03668,fault_evolution_text,装配阶段风险与运行工况耦合后引起状态劣化，检测指标随严重度同步升高。,0.6268,hydraulic
RCA_TEXT_HFB-03669,HFB-03669,rca_text,该案例表现为轻微阀芯卡滞，根因更可能由运维阶段隐患累积触发。,0.6061,hydraulic
EVO_TEXT_HFB-03669,HFB-03669,fault_evolution_text,运维阶段风险与运行工况耦合后引起状态劣化，检测指标随严重度同步升高。,0.6061,hydraulic
RCA_TEXT_HFB-03670,HFB-03670,rca_text,该案例表现为轻微振动异常，根因更可能由运维阶段隐患累积触发。,0.574,hydraulic
EVO_TEXT_HFB-03670,HFB-03670,fault_evolution_text,运维阶段风险与运行工况耦合后引起状态劣化，检测指标随严重度同步升高。,0.574,hydraulic
RCA_TEXT_HFB-03671,HFB-03671,rca_text,结合传感器能量和检测记录，液压油箱的泄漏异常与装配阶段高风险实体 HASM-03671 一致。,0.5493,hydraulic
EVO_TEXT_HFB-03671,HFB-03671,fault_evolution_text,隐患先导致局部性能退化，随后传感器能量向关联通道集中，最终形成泄漏异常。,0.5493,hydraulic
RCA_TEXT_HFB-03672,HFB-03672,rca_text,该案例表现为轻微流量异常，根因更可能由装配阶段隐患累积触发。,0.6524,hydraulic
EVO_TEXT_HFB-03672,HFB-03672,fault_evolution_text,装配阶段风险与运行工况耦合后引起状态劣化，检测指标随严重度同步升高。,0.6524,hydraulic
RCA_TEXT_HFB-03673,HFB-03673,rca_text,过滤器出现轻微振动异常，生命周期风险集中在制造阶段，建议优先追溯 HMAN-00470。,0.5551,hydraulic
EVO_TEXT_HFB-03673,HFB-03673,fault_evolution_text,隐患先导致局部性能退化，随后传感器能量向关联通道集中，最终形成振动异常。,0.5551,hydraulic
RCA_TEXT_HFB-03674,HFB-03674,rca_text,结合传感器能量和检测记录，方向控制阀的压力异常与设计阶段高风险实体 HDES-00303 一致。,0.6722,hydraulic
EVO_TEXT_HFB-03674,HFB-03674,fault_evolution_text,设计阶段风险与运行工况耦合后引起状态劣化，检测指标随严重度同步升高。,0.6722,hydraulic
RCA_TEXT_HFB-03675,HFB-03675,rca_text,该案例表现为轻微流量异常，根因更可能由运维阶段隐患累积触发。,0.5568,hydraulic
EVO_TEXT_HFB-03675,HFB-03675,fault_evolution_text,早期异常较弱，运行载荷放大后出现指标漂移，并逐步演化为轻微故障。,0.5568,hydraulic
RCA_TEXT_HFB-03676,HFB-03676,rca_text,该案例表现为轻微温度异常，根因更可能由运维阶段隐患累积触发。,0.5902,hydraulic
EVO_TEXT_HFB-03676,HFB-03676,fault_evolution_text,早期异常较弱，运行载荷放大后出现指标漂移，并逐步演化为轻微故障。,0.5902,hydraulic
RCA_TEXT_HFB-03677,HFB-03677,rca_text,结合传感器能量和检测记录，作动筒的阀芯卡滞与运维阶段高风险实体 HOPR-03677 一致。,0.5724,hydraulic
EVO_TEXT_HFB-03677,HFB-03677,fault_evolution_text,隐患先导致局部性能退化，随后传感器能量向关联通道集中，最终形成阀芯卡滞。,0.5724,hydraulic
RCA_TEXT_HFB-03678,HFB-03678,rca_text,结合传感器能量和检测记录，节流阀的阀芯卡滞与运维阶段高风险实体 HOPR-03678 一致。,0.6143,hydraulic
EVO_TEXT_HFB-03678,HFB-03678,fault_evolution_text,早期异常较弱，运行载荷放大后出现指标漂移，并逐步演化为轻微故障。,0.6143,hydraulic
RCA_TEXT_HFB-03679,HFB-03679,rca_text,该案例表现为轻微振动异常，根因更可能由材料阶段隐患累积触发。,0.582,hydraulic
EVO_TEXT_HFB-03679,HFB-03679,fault_evolution_text,早期异常较弱，运行载荷放大后出现指标漂移，并逐步演化为轻微故障。,0.582,hydraulic
RCA_TEXT_HFB-03680,HFB-03680,rca_text,冷却器出现轻微流量异常，生命周期风险集中在装配阶段，建议优先追溯 HASM-03680。,0.5919,hydraulic
EVO_TEXT_HFB-03680,HFB-03680,fault_evolution_text,装配阶段风险与运行工况耦合后引起状态劣化，检测指标随严重度同步升高。,0.5919,hydraulic
RCA_TEXT_HFB-03681,HFB-03681,rca_text,该案例表现为中度阀芯卡滞，根因更可能由制造阶段隐患累积触发。,0.6472,hydraulic
EVO_TEXT_HFB-03681,HFB-03681,fault_evolution_text,早期异常较弱，运行载荷放大后出现指标漂移，并逐步演化为中度故障。,0.6472,hydraulic
RCA_TEXT_HFB-03682,HFB-03682,rca_text,结合传感器能量和检测记录，蓄能器的振动异常与运维阶段高风险实体 HOPR-03682 一致。,0.5386,hydraulic
EVO_TEXT_HFB-03682,HFB-03682,fault_evolution_text,运维阶段风险与运行工况耦合后引起状态劣化，检测指标随严重度同步升高。,0.5386,hydraulic
RCA_TEXT_HFB-03683,HFB-03683,rca_text,该案例表现为轻微压力异常，根因更可能由制造阶段隐患累积触发。,0.6102,hydraulic
EVO_TEXT_HFB-03683,HFB-03683,fault_evolution_text,制造阶段风险与运行工况耦合后引起状态劣化，检测指标随严重度同步升高。,0.6102,hydraulic
RCA_TEXT_HFB-03684,HFB-03684,rca_text,结合传感器能量和检测记录，液压油箱的流量异常与制造阶段高风险实体 HMAN-01106 一致。,0.6046,hydraulic
EVO_TEXT_HFB-03684,HFB-03684,fault_evolution_text,隐患先导致局部性能退化，随后传感器能量向关联通道集中，最终形成流量异常。,0.6046,hydraulic
RCA_TEXT_HFB-03685,HFB-03685,rca_text,溢流阀出现轻微流量异常，生命周期风险集中在运维阶段，建议优先追溯 HOPR-03685。,0.6439,hydraulic
EVO_TEXT_HFB-03685,HFB-03685,fault_evolution_text,隐患先导致局部性能退化，随后传感器能量向关联通道集中，最终形成流量异常。,0.6439,hydraulic
RCA_TEXT_HFB-03686,HFB-03686,rca_text,管路总成出现轻微阀芯卡滞，生命周期风险集中在设计阶段，建议优先追溯 HPIP-00636。,0.5409,hydraulic
EVO_TEXT_HFB-03686,HFB-03686,fault_evolution_text,隐患先导致局部性能退化，随后传感器能量向关联通道集中，最终形成阀芯卡滞。,0.5409,hydraulic
RCA_TEXT_HFB-03687,HFB-03687,rca_text,该案例表现为中度振动异常，根因更可能由运维阶段隐患累积触发。,0.6301,hydraulic
EVO_TEXT_HFB-03687,HFB-03687,fault_evolution_text,早期异常较弱，运行载荷放大后出现指标漂移，并逐步演化为中度故障。,0.6301,hydraulic
RCA_TEXT_HFB-03688,HFB-03688,rca_text,该案例表现为轻微泄漏异常，根因更可能由设计阶段隐患累积触发。,0.5578,hydraulic
EVO_TEXT_HFB-03688,HFB-03688,fault_evolution_text,设计阶段风险与运行工况耦合后引起状态劣化，检测指标随严重度同步升高。,0.5578,hydraulic
RCA_TEXT_HFB-03689,HFB-03689,rca_text,单向阀出现轻微振动异常，生命周期风险集中在制造阶段，建议优先追溯 HMAN-00374。,0.5177,hydraulic
EVO_TEXT_HFB-03689,HFB-03689,fault_evolution_text,制造阶段风险与运行工况耦合后引起状态劣化，检测指标随严重度同步升高。,0.5177,hydraulic
RCA_TEXT_HFB-03690,HFB-03690,rca_text,该案例表现为轻微温度异常，根因更可能由运维阶段隐患累积触发。,0.5739,hydraulic
EVO_TEXT_HFB-03690,HFB-03690,fault_evolution_text,早期异常较弱，运行载荷放大后出现指标漂移，并逐步演化为轻微故障。,0.5739,hydraulic
RCA_TEXT_HFB-03691,HFB-03691,rca_text,结合传感器能量和检测记录，作动筒的振动异常与制造阶段高风险实体 HMAN-00057 一致。,0.6227,hydraulic
EVO_TEXT_HFB-03691,HFB-03691,fault_evolution_text,制造阶段风险与运行工况耦合后引起状态劣化，检测指标随严重度同步升高。,0.6227,hydraulic
RCA_TEXT_HFB-03692,HFB-03692,rca_text,结合传感器能量和检测记录，卸荷阀的阀芯卡滞与运维阶段高风险实体 HOPR-03692 一致。,0.6032,hydraulic
EVO_TEXT_HFB-03692,HFB-03692,fault_evolution_text,隐患先导致局部性能退化，随后传感器能量向关联通道集中，最终形成阀芯卡滞。,0.6032,hydraulic
RCA_TEXT_HFB-03693,HFB-03693,rca_text,该案例表现为轻微温度异常，根因更可能由装配阶段隐患累积触发。,0.6161,hydraulic
EVO_TEXT_HFB-03693,HFB-03693,fault_evolution_text,隐患先导致局部性能退化，随后传感器能量向关联通道集中，最终形成温度异常。,0.6161,hydraulic
RCA_TEXT_HFB-03694,HFB-03694,rca_text,该案例表现为中度压力异常，根因更可能由设计阶段隐患累积触发。,0.6163,hydraulic
EVO_TEXT_HFB-03694,HFB-03694,fault_evolution_text,设计阶段风险与运行工况耦合后引起状态劣化，检测指标随严重度同步升高。,0.6163,hydraulic
RCA_TEXT_HFB-03695,HFB-03695,rca_text,管路总成出现中度流量异常，生命周期风险集中在设计阶段，建议优先追溯 HPIP-00638。,0.6755,hydraulic
EVO_TEXT_HFB-03695,HFB-03695,fault_evolution_text,隐患先导致局部性能退化，随后传感器能量向关联通道集中，最终形成流量异常。,0.6755,hydraulic
RCA_TEXT_HFB-03696,HFB-03696,rca_text,结合传感器能量和检测记录，冷却器的阀芯卡滞与材料阶段高风险实体 HMAT-00309 一致。,0.6406,hydraulic
EVO_TEXT_HFB-03696,HFB-03696,fault_evolution_text,材料阶段风险与运行工况耦合后引起状态劣化，检测指标随严重度同步升高。,0.6406,hydraulic
RCA_TEXT_HFB-03697,HFB-03697,rca_text,液压泵总成出现轻微阀芯卡滞，生命周期风险集中在材料阶段，建议优先追溯 HMAT-00342。,0.5256,hydraulic
EVO_TEXT_HFB-03697,HFB-03697,fault_evolution_text,隐患先导致局部性能退化，随后传感器能量向关联通道集中，最终形成阀芯卡滞。,0.5256,hydraulic
RCA_TEXT_HFB-03698,HFB-03698,rca_text,该案例表现为轻微温度异常，根因更可能由材料阶段隐患累积触发。,0.5932,hydraulic
EVO_TEXT_HFB-03698,HFB-03698,fault_evolution_text,早期异常较弱，运行载荷放大后出现指标漂移，并逐步演化为轻微故障。,0.5932,hydraulic
RCA_TEXT_HFB-03699,HFB-03699,rca_text,结合传感器能量和检测记录，节流阀的阀芯卡滞与制造阶段高风险实体 HMAN-00892 一致。,0.6219,hydraulic
EVO_TEXT_HFB-03699,HFB-03699,fault_evolution_text,早期异常较弱，运行载荷放大后出现指标漂移，并逐步演化为轻微故障。,0.6219,hydraulic
RCA_TEXT_HFB-03700,HFB-03700,rca_text,结合传感器能量和检测记录，方向控制阀的泄漏异常与设计阶段高风险实体 HDES-00763 一致。,0.667,hydraulic
EVO_TEXT_HFB-03700,HFB-03700,fault_evolution_text,设计阶段风险与运行工况耦合后引起状态劣化，检测指标随严重度同步升高。,0.667,hydraulic
RCA_TEXT_HFB-03701,HFB-03701,rca_text,管路总成出现中度泄漏异常，生命周期风险集中在设计阶段，建议优先追溯 HPIP-00639。,0.6757,hydraulic
EVO_TEXT_HFB-03701,HFB-03701,fault_evolution_text,隐患先导致局部性能退化，随后传感器能量向关联通道集中，最终形成泄漏异常。,0.6757,hydraulic
RCA_TEXT_HFB-03702,HFB-03702,rca_text,结合传感器能量和检测记录，冷却器的阀芯卡滞与运维阶段高风险实体 HOPR-03702 一致。,0.5587,hydraulic
EVO_TEXT_HFB-03702,HFB-03702,fault_evolution_text,运维阶段风险与运行工况耦合后引起状态劣化，检测指标随严重度同步升高。,0.5587,hydraulic
RCA_TEXT_HFB-03703,HFB-03703,rca_text,结合传感器能量和检测记录，过滤器的压力异常与装配阶段高风险实体 HASM-03703 一致。,0.5673,hydraulic
EVO_TEXT_HFB-03703,HFB-03703,fault_evolution_text,早期异常较弱，运行载荷放大后出现指标漂移，并逐步演化为轻微故障。,0.5673,hydraulic
RCA_TEXT_HFB-03704,HFB-03704,rca_text,该案例表现为中度流量异常，根因更可能由运维阶段隐患累积触发。,0.5879,hydraulic
EVO_TEXT_HFB-03704,HFB-03704,fault_evolution_text,隐患先导致局部性能退化，随后传感器能量向关联通道集中，最终形成流量异常。,0.5879,hydraulic
RCA_TEXT_HFB-03705,HFB-03705,rca_text,液压泵总成出现轻微阀芯卡滞，生命周期风险集中在运维阶段，建议优先追溯 HOPR-03705。,0.5567,hydraulic
EVO_TEXT_HFB-03705,HFB-03705,fault_evolution_text,运维阶段风险与运行工况耦合后引起状态劣化，检测指标随严重度同步升高。,0.5567,hydraulic
RCA_TEXT_HFB-03706,HFB-03706,rca_text,过滤器出现轻微泄漏异常，生命周期风险集中在材料阶段，建议优先追溯 HMAT-00442。,0.5819,hydraulic
EVO_TEXT_HFB-03706,HFB-03706,fault_evolution_text,早期异常较弱，运行载荷放大后出现指标漂移，并逐步演化为轻微故障。,0.5819,hydraulic
RCA_TEXT_HFB-03707,HFB-03707,rca_text,结合传感器能量和检测记录，冷却器的阀芯卡滞与运维阶段高风险实体 HOPR-03707 一致。,0.5901,hydraulic
EVO_TEXT_HFB-03707,HFB-03707,fault_evolution_text,运维阶段风险与运行工况耦合后引起状态劣化，检测指标随严重度同步升高。,0.5901,hydraulic
RCA_TEXT_HFB-03708,HFB-03708,rca_text,结合传感器能量和检测记录，管路总成的泄漏异常与运维阶段高风险实体 HOPR-03708 一致。,0.6112,hydraulic
EVO_TEXT_HFB-03708,HFB-03708,fault_evolution_text,早期异常较弱，运行载荷放大后出现指标漂移，并逐步演化为中度故障。,0.6112,hydraulic
RCA_TEXT_HFB-03709,HFB-03709,rca_text,冷却器出现轻微温度异常，生命周期风险集中在运维阶段，建议优先追溯 HOPR-03709。,0.631,hydraulic
EVO_TEXT_HFB-03709,HFB-03709,fault_evolution_text,隐患先导致局部性能退化，随后传感器能量向关联通道集中，最终形成温度异常。,0.631,hydraulic
RCA_TEXT_HFB-03710,HFB-03710,rca_text,结合传感器能量和检测记录，液压泵总成的阀芯卡滞与制造阶段高风险实体 HMAN-00767 一致。,0.5885,hydraulic
EVO_TEXT_HFB-03710,HFB-03710,fault_evolution_text,早期异常较弱，运行载荷放大后出现指标漂移，并逐步演化为轻微故障。,0.5885,hydraulic
RCA_TEXT_HFB-03711,HFB-03711,rca_text,结合传感器能量和检测记录，方向控制阀的阀芯卡滞与材料阶段高风险实体 HMAT-00115 一致。,0.5603,hydraulic
EVO_TEXT_HFB-03711,HFB-03711,fault_evolution_text,隐患先导致局部性能退化，随后传感器能量向关联通道集中，最终形成阀芯卡滞。,0.5603,hydraulic
RCA_TEXT_HFB-03712,HFB-03712,rca_text,液压泵总成出现轻微阀芯卡滞，生命周期风险集中在运维阶段，建议优先追溯 HOPR-03712。,0.5772,hydraulic
EVO_TEXT_HFB-03712,HFB-03712,fault_evolution_text,运维阶段风险与运行工况耦合后引起状态劣化，检测指标随严重度同步升高。,0.5772,hydraulic
RCA_TEXT_HFB-03713,HFB-03713,rca_text,管路总成出现中度压力异常，生命周期风险集中在材料阶段，建议优先追溯 HMAT-00102。,0.674,hydraulic
EVO_TEXT_HFB-03713,HFB-03713,fault_evolution_text,早期异常较弱，运行载荷放大后出现指标漂移，并逐步演化为中度故障。,0.674,hydraulic
RCA_TEXT_HFB-03714,HFB-03714,rca_text,该案例表现为轻微阀芯卡滞，根因更可能由运维阶段隐患累积触发。,0.6099,hydraulic
EVO_TEXT_HFB-03714,HFB-03714,fault_evolution_text,早期异常较弱，运行载荷放大后出现指标漂移，并逐步演化为轻微故障。,0.6099,hydraulic
RCA_TEXT_HFB-03715,HFB-03715,rca_text,结合传感器能量和检测记录，管路总成的压力异常与材料阶段高风险实体 HMAT-00192 一致。,0.5849,hydraulic
EVO_TEXT_HFB-03715,HFB-03715,fault_evolution_text,早期异常较弱，运行载荷放大后出现指标漂移，并逐步演化为中度故障。,0.5849,hydraulic
RCA_TEXT_HFB-03716,HFB-03716,rca_text,作动筒出现轻微压力异常，生命周期风险集中在制造阶段，建议优先追溯 HMAN-01033。,0.5577,hydraulic
EVO_TEXT_HFB-03716,HFB-03716,fault_evolution_text,制造阶段风险与运行工况耦合后引起状态劣化，检测指标随严重度同步升高。,0.5577,hydraulic
RCA_TEXT_HFB-03717,HFB-03717,rca_text,结合传感器能量和检测记录，溢流阀的流量异常与制造阶段高风险实体 HMAN-00423 一致。,0.5671,hydraulic
EVO_TEXT_HFB-03717,HFB-03717,fault_evolution_text,早期异常较弱，运行载荷放大后出现指标漂移，并逐步演化为轻微故障。,0.5671,hydraulic
RCA_TEXT_HFB-03718,HFB-03718,rca_text,结合传感器能量和检测记录，卸荷阀的泄漏异常与运维阶段高风险实体 HOPR-03718 一致。,0.5496,hydraulic
EVO_TEXT_HFB-03718,HFB-03718,fault_evolution_text,隐患先导致局部性能退化，随后传感器能量向关联通道集中，最终形成泄漏异常。,0.5496,hydraulic
RCA_TEXT_HFB-03719,HFB-03719,rca_text,该案例表现为轻微温度异常，根因更可能由运维阶段隐患累积触发。,0.6233,hydraulic
EVO_TEXT_HFB-03719,HFB-03719,fault_evolution_text,隐患先导致局部性能退化，随后传感器能量向关联通道集中，最终形成温度异常。,0.6233,hydraulic
RCA_TEXT_HFB-03720,HFB-03720,rca_text,节流阀出现轻微阀芯卡滞，生命周期风险集中在运维阶段，建议优先追溯 HOPR-03720。,0.6282,hydraulic
EVO_TEXT_HFB-03720,HFB-03720,fault_evolution_text,隐患先导致局部性能退化，随后传感器能量向关联通道集中，最终形成阀芯卡滞。,0.6282,hydraulic
RCA_TEXT_HFB-03721,HFB-03721,rca_text,该案例表现为轻微流量异常，根因更可能由材料阶段隐患累积触发。,0.6079,hydraulic
EVO_TEXT_HFB-03721,HFB-03721,fault_evolution_text,隐患先导致局部性能退化，随后传感器能量向关联通道集中，最终形成流量异常。,0.6079,hydraulic
RCA_TEXT_HFB-03722,HFB-03722,rca_text,该案例表现为中度振动异常，根因更可能由运维阶段隐患累积触发。,0.6034,hydraulic
EVO_TEXT_HFB-03722,HFB-03722,fault_evolution_text,早期异常较弱，运行载荷放大后出现指标漂移，并逐步演化为中度故障。,0.6034,hydraulic
RCA_TEXT_HFB-03723,HFB-03723,rca_text,作动筒出现轻微阀芯卡滞，生命周期风险集中在制造阶段，建议优先追溯 HMAN-00436。,0.5918,hydraulic
EVO_TEXT_HFB-03723,HFB-03723,fault_evolution_text,隐患先导致局部性能退化，随后传感器能量向关联通道集中，最终形成阀芯卡滞。,0.5918,hydraulic
RCA_TEXT_HFB-03724,HFB-03724,rca_text,过滤器出现轻微阀芯卡滞，生命周期风险集中在制造阶段，建议优先追溯 HMAN-00849。,0.6067,hydraulic
EVO_TEXT_HFB-03724,HFB-03724,fault_evolution_text,制造阶段风险与运行工况耦合后引起状态劣化，检测指标随严重度同步升高。,0.6067,hydraulic
RCA_TEXT_HFB-03725,HFB-03725,rca_text,作动筒出现中度泄漏异常，生命周期风险集中在设计阶段，建议优先追溯 HDES-01157。,0.5977,hydraulic
EVO_TEXT_HFB-03725,HFB-03725,fault_evolution_text,设计阶段风险与运行工况耦合后引起状态劣化，检测指标随严重度同步升高。,0.5977,hydraulic
RCA_TEXT_HFB-03726,HFB-03726,rca_text,方向控制阀出现中度流量异常，生命周期风险集中在检测阶段，建议优先追溯 HINSP-03726。,0.6235,hydraulic
EVO_TEXT_HFB-03726,HFB-03726,fault_evolution_text,隐患先导致局部性能退化，随后传感器能量向关联通道集中，最终形成流量异常。,0.6235,hydraulic
RCA_TEXT_HFB-03727,HFB-03727,rca_text,作动筒出现轻微振动异常，生命周期风险集中在装配阶段，建议优先追溯 HASM-03727。,0.5352,hydraulic
EVO_TEXT_HFB-03727,HFB-03727,fault_evolution_text,装配阶段风险与运行工况耦合后引起状态劣化，检测指标随严重度同步升高。,0.5352,hydraulic
RCA_TEXT_HFB-03728,HFB-03728,rca_text,卸荷阀出现轻微流量异常，生命周期风险集中在运维阶段，建议优先追溯 HOPR-03728。,0.5934,hydraulic
EVO_TEXT_HFB-03728,HFB-03728,fault_evolution_text,早期异常较弱，运行载荷放大后出现指标漂移，并逐步演化为轻微故障。,0.5934,hydraulic
RCA_TEXT_HFB-03729,HFB-03729,rca_text,该案例表现为轻微泄漏异常，根因更可能由运维阶段隐患累积触发。,0.6131,hydraulic
EVO_TEXT_HFB-03729,HFB-03729,fault_evolution_text,早期异常较弱，运行载荷放大后出现指标漂移，并逐步演化为轻微故障。,0.6131,hydraulic
RCA_TEXT_HFB-03730,HFB-03730,rca_text,结合传感器能量和检测记录，单向阀的振动异常与运维阶段高风险实体 HOPR-03730 一致。,0.6079,hydraulic
EVO_TEXT_HFB-03730,HFB-03730,fault_evolution_text,运维阶段风险与运行工况耦合后引起状态劣化，检测指标随严重度同步升高。,0.6079,hydraulic
RCA_TEXT_HFB-03731,HFB-03731,rca_text,结合传感器能量和检测记录，蓄能器的阀芯卡滞与制造阶段高风险实体 HMAN-00787 一致。,0.5498,hydraulic
EVO_TEXT_HFB-03731,HFB-03731,fault_evolution_text,制造阶段风险与运行工况耦合后引起状态劣化，检测指标随严重度同步升高。,0.5498,hydraulic
RCA_TEXT_HFB-03732,HFB-03732,rca_text,结合传感器能量和检测记录，液压泵总成的温度异常与设计阶段高风险实体 HDES-00234 一致。,0.5955,hydraulic
EVO_TEXT_HFB-03732,HFB-03732,fault_evolution_text,早期异常较弱，运行载荷放大后出现指标漂移，并逐步演化为中度故障。,0.5955,hydraulic
RCA_TEXT_HFB-03733,HFB-03733,rca_text,结合传感器能量和检测记录，方向控制阀的泄漏异常与制造阶段高风险实体 HMAN-00638 一致。,0.5721,hydraulic
EVO_TEXT_HFB-03733,HFB-03733,fault_evolution_text,早期异常较弱，运行载荷放大后出现指标漂移，并逐步演化为轻微故障。,0.5721,hydraulic
RCA_TEXT_HFB-03734,HFB-03734,rca_text,结合传感器能量和检测记录，冷却器的温度异常与运维阶段高风险实体 HOPR-03734 一致。,0.623,hydraulic
EVO_TEXT_HFB-03734,HFB-03734,fault_evolution_text,运维阶段风险与运行工况耦合后引起状态劣化，检测指标随严重度同步升高。,0.623,hydraulic
RCA_TEXT_HFB-03735,HFB-03735,rca_text,该案例表现为中度阀芯卡滞，根因更可能由设计阶段隐患累积触发。,0.6738,hydraulic
EVO_TEXT_HFB-03735,HFB-03735,fault_evolution_text,隐患先导致局部性能退化，随后传感器能量向关联通道集中，最终形成阀芯卡滞。,0.6738,hydraulic
RCA_TEXT_HFB-03736,HFB-03736,rca_text,结合传感器能量和检测记录，节流阀的阀芯卡滞与制造阶段高风险实体 HMAN-00262 一致。,0.6583,hydraulic
EVO_TEXT_HFB-03736,HFB-03736,fault_evolution_text,制造阶段风险与运行工况耦合后引起状态劣化，检测指标随严重度同步升高。,0.6583,hydraulic
RCA_TEXT_HFB-03737,HFB-03737,rca_text,结合传感器能量和检测记录，管路总成的振动异常与制造阶段高风险实体 HMAN-00073 一致。,0.6047,hydraulic
EVO_TEXT_HFB-03737,HFB-03737,fault_evolution_text,隐患先导致局部性能退化，随后传感器能量向关联通道集中，最终形成振动异常。,0.6047,hydraulic
RCA_TEXT_HFB-03738,HFB-03738,rca_text,液压泵总成出现中度振动异常，生命周期风险集中在制造阶段，建议优先追溯 HMAN-01041。,0.6445,hydraulic
EVO_TEXT_HFB-03738,HFB-03738,fault_evolution_text,隐患先导致局部性能退化，随后传感器能量向关联通道集中，最终形成振动异常。,0.6445,hydraulic
RCA_TEXT_HFB-03739,HFB-03739,rca_text,结合传感器能量和检测记录，液压油箱的阀芯卡滞与设计阶段高风险实体 HDES-00231 一致。,0.5552,hydraulic
EVO_TEXT_HFB-03739,HFB-03739,fault_evolution_text,隐患先导致局部性能退化，随后传感器能量向关联通道集中，最终形成阀芯卡滞。,0.5552,hydraulic
RCA_TEXT_HFB-03740,HFB-03740,rca_text,结合传感器能量和检测记录，方向控制阀的阀芯卡滞与运维阶段高风险实体 HOPR-03740 一致。,0.5879,hydraulic
EVO_TEXT_HFB-03740,HFB-03740,fault_evolution_text,运维阶段风险与运行工况耦合后引起状态劣化，检测指标随严重度同步升高。,0.5879,hydraulic
RCA_TEXT_HFB-03741,HFB-03741,rca_text,溢流阀出现轻微阀芯卡滞，生命周期风险集中在制造阶段，建议优先追溯 HMAN-01156。,0.6638,hydraulic
EVO_TEXT_HFB-03741,HFB-03741,fault_evolution_text,隐患先导致局部性能退化，随后传感器能量向关联通道集中，最终形成阀芯卡滞。,0.6638,hydraulic
RCA_TEXT_HFB-03742,HFB-03742,rca_text,结合传感器能量和检测记录，卸荷阀的压力异常与制造阶段高风险实体 HMAN-01096 一致。,0.5409,hydraulic
EVO_TEXT_HFB-03742,HFB-03742,fault_evolution_text,隐患先导致局部性能退化，随后传感器能量向关联通道集中，最终形成压力异常。,0.5409,hydraulic
RCA_TEXT_HFB-03743,HFB-03743,rca_text,该案例表现为中度压力异常，根因更可能由运维阶段隐患累积触发。,0.6402,hydraulic
EVO_TEXT_HFB-03743,HFB-03743,fault_evolution_text,运维阶段风险与运行工况耦合后引起状态劣化，检测指标随严重度同步升高。,0.6402,hydraulic
RCA_TEXT_HFB-03744,HFB-03744,rca_text,作动筒出现轻微压力异常，生命周期风险集中在制造阶段，建议优先追溯 HMAN-00087。,0.5832,hydraulic
EVO_TEXT_HFB-03744,HFB-03744,fault_evolution_text,隐患先导致局部性能退化，随后传感器能量向关联通道集中，最终形成压力异常。,0.5832,hydraulic
RCA_TEXT_HFB-03745,HFB-03745,rca_text,该案例表现为轻微振动异常，根因更可能由运维阶段隐患累积触发。,0.6262,hydraulic
EVO_TEXT_HFB-03745,HFB-03745,fault_evolution_text,早期异常较弱，运行载荷放大后出现指标漂移，并逐步演化为轻微故障。,0.6262,hydraulic
RCA_TEXT_HFB-03746,HFB-03746,rca_text,结合传感器能量和检测记录，管路总成的泄漏异常与运维阶段高风险实体 HOPR-03746 一致。,0.6585,hydraulic
EVO_TEXT_HFB-03746,HFB-03746,fault_evolution_text,早期异常较弱，运行载荷放大后出现指标漂移，并逐步演化为中度故障。,0.6585,hydraulic
RCA_TEXT_HFB-03747,HFB-03747,rca_text,冷却器出现轻微温度异常，生命周期风险集中在运维阶段，建议优先追溯 HOPR-03747。,0.5955,hydraulic
EVO_TEXT_HFB-03747,HFB-03747,fault_evolution_text,隐患先导致局部性能退化，随后传感器能量向关联通道集中，最终形成温度异常。,0.5955,hydraulic
RCA_TEXT_HFB-03748,HFB-03748,rca_text,溢流阀出现轻微泄漏异常，生命周期风险集中在材料阶段，建议优先追溯 HMAT-00487。,0.6741,hydraulic
EVO_TEXT_HFB-03748,HFB-03748,fault_evolution_text,材料阶段风险与运行工况耦合后引起状态劣化，检测指标随严重度同步升高。,0.6741,hydraulic
RCA_TEXT_HFB-03749,HFB-03749,rca_text,结合传感器能量和检测记录，液压泵总成的流量异常与制造阶段高风险实体 HMAN-00225 一致。,0.5277,hydraulic
EVO_TEXT_HFB-03749,HFB-03749,fault_evolution_text,制造阶段风险与运行工况耦合后引起状态劣化，检测指标随严重度同步升高。,0.5277,hydraulic
RCA_TEXT_HFB-03750,HFB-03750,rca_text,该案例表现为轻微压力异常，根因更可能由装配阶段隐患累积触发。,0.5414,hydraulic
EVO_TEXT_HFB-03750,HFB-03750,fault_evolution_text,隐患先导致局部性能退化，随后传感器能量向关联通道集中，最终形成压力异常。,0.5414,hydraulic
RCA_TEXT_HFB-03751,HFB-03751,rca_text,节流阀出现轻微压力异常，生命周期风险集中在装配阶段，建议优先追溯 HASM-03751。,0.5732,hydraulic
EVO_TEXT_HFB-03751,HFB-03751,fault_evolution_text,装配阶段风险与运行工况耦合后引起状态劣化，检测指标随严重度同步升高。,0.5732,hydraulic
RCA_TEXT_HFB-03752,HFB-03752,rca_text,卸荷阀出现中度泄漏异常，生命周期风险集中在运维阶段，建议优先追溯 HOPR-03752。,0.6542,hydraulic
EVO_TEXT_HFB-03752,HFB-03752,fault_evolution_text,运维阶段风险与运行工况耦合后引起状态劣化，检测指标随严重度同步升高。,0.6542,hydraulic
RCA_TEXT_HFB-03753,HFB-03753,rca_text,结合传感器能量和检测记录，冷却器的压力异常与运维阶段高风险实体 HOPR-03753 一致。,0.5454,hydraulic
EVO_TEXT_HFB-03753,HFB-03753,fault_evolution_text,隐患先导致局部性能退化，随后传感器能量向关联通道集中，最终形成压力异常。,0.5454,hydraulic
RCA_TEXT_HFB-03754,HFB-03754,rca_text,管路总成出现中度压力异常，生命周期风险集中在运维阶段，建议优先追溯 HOPR-03754。,0.6417,hydraulic
EVO_TEXT_HFB-03754,HFB-03754,fault_evolution_text,运维阶段风险与运行工况耦合后引起状态劣化，检测指标随严重度同步升高。,0.6417,hydraulic
RCA_TEXT_HFB-03755,HFB-03755,rca_text,作动筒出现轻微流量异常，生命周期风险集中在检测阶段，建议优先追溯 HINSP-03755。,0.5317,hydraulic
EVO_TEXT_HFB-03755,HFB-03755,fault_evolution_text,早期异常较弱，运行载荷放大后出现指标漂移，并逐步演化为轻微故障。,0.5317,hydraulic
RCA_TEXT_HFB-03756,HFB-03756,rca_text,该案例表现为中度振动异常，根因更可能由运维阶段隐患累积触发。,0.5952,hydraulic
EVO_TEXT_HFB-03756,HFB-03756,fault_evolution_text,隐患先导致局部性能退化，随后传感器能量向关联通道集中，最终形成振动异常。,0.5952,hydraulic
RCA_TEXT_HFB-03757,HFB-03757,rca_text,蓄能器出现轻微泄漏异常，生命周期风险集中在运维阶段，建议优先追溯 HOPR-03757。,0.6127,hydraulic
EVO_TEXT_HFB-03757,HFB-03757,fault_evolution_text,隐患先导致局部性能退化，随后传感器能量向关联通道集中，最终形成泄漏异常。,0.6127,hydraulic
RCA_TEXT_HFB-03758,HFB-03758,rca_text,单向阀出现轻微泄漏异常，生命周期风险集中在材料阶段，建议优先追溯 HMAT-00217。,0.5894,hydraulic
EVO_TEXT_HFB-03758,HFB-03758,fault_evolution_text,隐患先导致局部性能退化，随后传感器能量向关联通道集中，最终形成泄漏异常。,0.5894,hydraulic
RCA_TEXT_HFB-03759,HFB-03759,rca_text,该案例表现为中度流量异常，根因更可能由材料阶段隐患累积触发。,0.6337,hydraulic
EVO_TEXT_HFB-03759,HFB-03759,fault_evolution_text,早期异常较弱，运行载荷放大后出现指标漂移，并逐步演化为中度故障。,0.6337,hydraulic
RCA_TEXT_HFB-03760,HFB-03760,rca_text,节流阀出现轻微阀芯卡滞，生命周期风险集中在运维阶段，建议优先追溯 HOPR-03760。,0.6372,hydraulic
EVO_TEXT_HFB-03760,HFB-03760,fault_evolution_text,运维阶段风险与运行工况耦合后引起状态劣化，检测指标随严重度同步升高。,0.6372,hydraulic
RCA_TEXT_HFB-03761,HFB-03761,rca_text,溢流阀出现轻微振动异常，生命周期风险集中在装配阶段，建议优先追溯 HASM-03761。,0.5776,hydraulic
EVO_TEXT_HFB-03761,HFB-03761,fault_evolution_text,早期异常较弱，运行载荷放大后出现指标漂移，并逐步演化为轻微故障。,0.5776,hydraulic
RCA_TEXT_HFB-03762,HFB-03762,rca_text,结合传感器能量和检测记录，液压油箱的温度异常与制造阶段高风险实体 HMAN-00627 一致。,0.6169,hydraulic
EVO_TEXT_HFB-03762,HFB-03762,fault_evolution_text,隐患先导致局部性能退化，随后传感器能量向关联通道集中，最终形成温度异常。,0.6169,hydraulic
RCA_TEXT_HFB-03763,HFB-03763,rca_text,液压泵总成出现中度振动异常，生命周期风险集中在运维阶段，建议优先追溯 HOPR-03763。,0.6531,hydraulic
EVO_TEXT_HFB-03763,HFB-03763,fault_evolution_text,运维阶段风险与运行工况耦合后引起状态劣化，检测指标随严重度同步升高。,0.6531,hydraulic
RCA_TEXT_HFB-03764,HFB-03764,rca_text,单向阀出现轻微阀芯卡滞，生命周期风险集中在运维阶段，建议优先追溯 HOPR-03764。,0.6045,hydraulic
EVO_TEXT_HFB-03764,HFB-03764,fault_evolution_text,早期异常较弱，运行载荷放大后出现指标漂移，并逐步演化为轻微故障。,0.6045,hydraulic
RCA_TEXT_HFB-03765,HFB-03765,rca_text,单向阀出现轻微温度异常，生命周期风险集中在材料阶段，建议优先追溯 HMAT-00063。,0.6519,hydraulic
EVO_TEXT_HFB-03765,HFB-03765,fault_evolution_text,材料阶段风险与运行工况耦合后引起状态劣化，检测指标随严重度同步升高。,0.6519,hydraulic
RCA_TEXT_HFB-03766,HFB-03766,rca_text,该案例表现为轻微振动异常，根因更可能由制造阶段隐患累积触发。,0.5977,hydraulic
EVO_TEXT_HFB-03766,HFB-03766,fault_evolution_text,制造阶段风险与运行工况耦合后引起状态劣化，检测指标随严重度同步升高。,0.5977,hydraulic
RCA_TEXT_HFB-03767,HFB-03767,rca_text,管路总成出现中度泄漏异常，生命周期风险集中在运维阶段，建议优先追溯 HOPR-03767。,0.6446,hydraulic
EVO_TEXT_HFB-03767,HFB-03767,fault_evolution_text,隐患先导致局部性能退化，随后传感器能量向关联通道集中，最终形成泄漏异常。,0.6446,hydraulic
RCA_TEXT_HFB-03768,HFB-03768,rca_text,结合传感器能量和检测记录，液压泵总成的温度异常与运维阶段高风险实体 HOPR-03768 一致。,0.594,hydraulic
EVO_TEXT_HFB-03768,HFB-03768,fault_evolution_text,隐患先导致局部性能退化，随后传感器能量向关联通道集中，最终形成温度异常。,0.594,hydraulic
RCA_TEXT_HFB-03769,HFB-03769,rca_text,该案例表现为轻微温度异常，根因更可能由运维阶段隐患累积触发。,0.5944,hydraulic
EVO_TEXT_HFB-03769,HFB-03769,fault_evolution_text,隐患先导致局部性能退化，随后传感器能量向关联通道集中，最终形成温度异常。,0.5944,hydraulic
RCA_TEXT_HFB-03770,HFB-03770,rca_text,节流阀出现轻微阀芯卡滞，生命周期风险集中在运维阶段，建议优先追溯 HOPR-03770。,0.6133,hydraulic
EVO_TEXT_HFB-03770,HFB-03770,fault_evolution_text,隐患先导致局部性能退化，随后传感器能量向关联通道集中，最终形成阀芯卡滞。,0.6133,hydraulic
RCA_TEXT_HFB-03771,HFB-03771,rca_text,结合传感器能量和检测记录，液压油箱的流量异常与材料阶段高风险实体 HMAT-00295 一致。,0.5954,hydraulic
EVO_TEXT_HFB-03771,HFB-03771,fault_evolution_text,隐患先导致局部性能退化，随后传感器能量向关联通道集中，最终形成流量异常。,0.5954,hydraulic
RCA_TEXT_HFB-03772,HFB-03772,rca_text,管路总成出现中度振动异常，生命周期风险集中在制造阶段，建议优先追溯 HMAN-00137。,0.6588,hydraulic
EVO_TEXT_HFB-03772,HFB-03772,fault_evolution_text,隐患先导致局部性能退化，随后传感器能量向关联通道集中，最终形成振动异常。,0.6588,hydraulic
RCA_TEXT_HFB-03773,HFB-03773,rca_text,结合传感器能量和检测记录，卸荷阀的阀芯卡滞与运维阶段高风险实体 HOPR-03773 一致。,0.6006,hydraulic
EVO_TEXT_HFB-03773,HFB-03773,fault_evolution_text,运维阶段风险与运行工况耦合后引起状态劣化，检测指标随严重度同步升高。,0.6006,hydraulic
RCA_TEXT_HFB-03774,HFB-03774,rca_text,过滤器出现轻微流量异常，生命周期风险集中在设计阶段，建议优先追溯 HDES-00041。,0.617,hydraulic
EVO_TEXT_HFB-03774,HFB-03774,fault_evolution_text,设计阶段风险与运行工况耦合后引起状态劣化，检测指标随严重度同步升高。,0.617,hydraulic
RCA_TEXT_HFB-03775,HFB-03775,rca_text,该案例表现为轻微阀芯卡滞，根因更可能由运维阶段隐患累积触发。,0.5727,hydraulic
EVO_TEXT_HFB-03775,HFB-03775,fault_evolution_text,运维阶段风险与运行工况耦合后引起状态劣化，检测指标随严重度同步升高。,0.5727,hydraulic
RCA_TEXT_HFB-03776,HFB-03776,rca_text,卸荷阀出现轻微振动异常，生命周期风险集中在设计阶段，建议优先追溯 HDES-00136。,0.5417,hydraulic
EVO_TEXT_HFB-03776,HFB-03776,fault_evolution_text,隐患先导致局部性能退化，随后传感器能量向关联通道集中，最终形成振动异常。,0.5417,hydraulic
RCA_TEXT_HFB-03777,HFB-03777,rca_text,结合传感器能量和检测记录，冷却器的阀芯卡滞与装配阶段高风险实体 HASM-03777 一致。,0.5847,hydraulic
EVO_TEXT_HFB-03777,HFB-03777,fault_evolution_text,隐患先导致局部性能退化，随后传感器能量向关联通道集中，最终形成阀芯卡滞。,0.5847,hydraulic
RCA_TEXT_HFB-03778,HFB-03778,rca_text,该案例表现为轻微流量异常，根因更可能由制造阶段隐患累积触发。,0.6069,hydraulic
EVO_TEXT_HFB-03778,HFB-03778,fault_evolution_text,制造阶段风险与运行工况耦合后引起状态劣化，检测指标随严重度同步升高。,0.6069,hydraulic
RCA_TEXT_HFB-03779,HFB-03779,rca_text,该案例表现为中度温度异常，根因更可能由运维阶段隐患累积触发。,0.605,hydraulic
EVO_TEXT_HFB-03779,HFB-03779,fault_evolution_text,早期异常较弱，运行载荷放大后出现指标漂移，并逐步演化为中度故障。,0.605,hydraulic
RCA_TEXT_HFB-03780,HFB-03780,rca_text,结合传感器能量和检测记录，过滤器的流量异常与制造阶段高风险实体 HMAN-00758 一致。,0.7083,hydraulic
EVO_TEXT_HFB-03780,HFB-03780,fault_evolution_text,制造阶段风险与运行工况耦合后引起状态劣化，检测指标随严重度同步升高。,0.7083,hydraulic
RCA_TEXT_HFB-03781,HFB-03781,rca_text,冷却器出现轻微振动异常，生命周期风险集中在设计阶段，建议优先追溯 HDES-00988。,0.5267,hydraulic
EVO_TEXT_HFB-03781,HFB-03781,fault_evolution_text,早期异常较弱，运行载荷放大后出现指标漂移，并逐步演化为轻微故障。,0.5267,hydraulic
RCA_TEXT_HFB-03782,HFB-03782,rca_text,液压油箱出现轻微振动异常，生命周期风险集中在制造阶段，建议优先追溯 HMAN-01035。,0.5336,hydraulic
EVO_TEXT_HFB-03782,HFB-03782,fault_evolution_text,隐患先导致局部性能退化，随后传感器能量向关联通道集中，最终形成振动异常。,0.5336,hydraulic
RCA_TEXT_HFB-03783,HFB-03783,rca_text,结合传感器能量和检测记录，节流阀的压力异常与制造阶段高风险实体 HMAN-01157 一致。,0.5846,hydraulic
EVO_TEXT_HFB-03783,HFB-03783,fault_evolution_text,早期异常较弱，运行载荷放大后出现指标漂移，并逐步演化为轻微故障。,0.5846,hydraulic
RCA_TEXT_HFB-03784,HFB-03784,rca_text,蓄能器出现中度压力异常，生命周期风险集中在运维阶段，建议优先追溯 HOPR-03784。,0.6474,hydraulic
EVO_TEXT_HFB-03784,HFB-03784,fault_evolution_text,运维阶段风险与运行工况耦合后引起状态劣化，检测指标随严重度同步升高。,0.6474,hydraulic
RCA_TEXT_HFB-03785,HFB-03785,rca_text,结合传感器能量和检测记录，卸荷阀的泄漏异常与材料阶段高风险实体 HMAT-00481 一致。,0.5813,hydraulic
EVO_TEXT_HFB-03785,HFB-03785,fault_evolution_text,隐患先导致局部性能退化，随后传感器能量向关联通道集中，最终形成泄漏异常。,0.5813,hydraulic
RCA_TEXT_HFB-03786,HFB-03786,rca_text,液压泵总成出现轻微压力异常，生命周期风险集中在运维阶段，建议优先追溯 HOPR-03786。,0.5387,hydraulic
EVO_TEXT_HFB-03786,HFB-03786,fault_evolution_text,隐患先导致局部性能退化，随后传感器能量向关联通道集中，最终形成压力异常。,0.5387,hydraulic
RCA_TEXT_HFB-03787,HFB-03787,rca_text,节流阀出现轻微压力异常，生命周期风险集中在制造阶段，建议优先追溯 HMAN-00617。,0.5805,hydraulic
EVO_TEXT_HFB-03787,HFB-03787,fault_evolution_text,早期异常较弱，运行载荷放大后出现指标漂移，并逐步演化为轻微故障。,0.5805,hydraulic
RCA_TEXT_HFB-03788,HFB-03788,rca_text,该案例表现为轻微流量异常，根因更可能由运维阶段隐患累积触发。,0.5682,hydraulic
EVO_TEXT_HFB-03788,HFB-03788,fault_evolution_text,早期异常较弱，运行载荷放大后出现指标漂移，并逐步演化为轻微故障。,0.5682,hydraulic
RCA_TEXT_HFB-03789,HFB-03789,rca_text,结合传感器能量和检测记录，节流阀的泄漏异常与运维阶段高风险实体 HOPR-03789 一致。,0.5761,hydraulic
EVO_TEXT_HFB-03789,HFB-03789,fault_evolution_text,早期异常较弱，运行载荷放大后出现指标漂移，并逐步演化为轻微故障。,0.5761,hydraulic
RCA_TEXT_HFB-03790,HFB-03790,rca_text,结合传感器能量和检测记录，管路总成的流量异常与材料阶段高风险实体 HMAT-00484 一致。,0.5436,hydraulic
EVO_TEXT_HFB-03790,HFB-03790,fault_evolution_text,材料阶段风险与运行工况耦合后引起状态劣化，检测指标随严重度同步升高。,0.5436,hydraulic
RCA_TEXT_HFB-03791,HFB-03791,rca_text,节流阀出现轻微振动异常，生命周期风险集中在制造阶段，建议优先追溯 HMAN-01083。,0.5159,hydraulic
EVO_TEXT_HFB-03791,HFB-03791,fault_evolution_text,隐患先导致局部性能退化，随后传感器能量向关联通道集中，最终形成振动异常。,0.5159,hydraulic
RCA_TEXT_HFB-03792,HFB-03792,rca_text,结合传感器能量和检测记录，冷却器的温度异常与材料阶段高风险实体 HMAT-00163 一致。,0.6489,hydraulic
EVO_TEXT_HFB-03792,HFB-03792,fault_evolution_text,材料阶段风险与运行工况耦合后引起状态劣化，检测指标随严重度同步升高。,0.6489,hydraulic
RCA_TEXT_HFB-03793,HFB-03793,rca_text,结合传感器能量和检测记录，管路总成的振动异常与运维阶段高风险实体 HOPR-03793 一致。,0.6642,hydraulic
EVO_TEXT_HFB-03793,HFB-03793,fault_evolution_text,早期异常较弱，运行载荷放大后出现指标漂移，并逐步演化为轻微故障。,0.6642,hydraulic
RCA_TEXT_HFB-03794,HFB-03794,rca_text,结合传感器能量和检测记录，节流阀的振动异常与运维阶段高风险实体 HOPR-03794 一致。,0.6343,hydraulic
EVO_TEXT_HFB-03794,HFB-03794,fault_evolution_text,早期异常较弱，运行载荷放大后出现指标漂移，并逐步演化为中度故障。,0.6343,hydraulic
RCA_TEXT_HFB-03795,HFB-03795,rca_text,结合传感器能量和检测记录，管路总成的泄漏异常与材料阶段高风险实体 HMAT-00256 一致。,0.5393,hydraulic
EVO_TEXT_HFB-03795,HFB-03795,fault_evolution_text,早期异常较弱，运行载荷放大后出现指标漂移，并逐步演化为中度故障。,0.5393,hydraulic
RCA_TEXT_HFB-03796,HFB-03796,rca_text,该案例表现为轻微阀芯卡滞，根因更可能由运维阶段隐患累积触发。,0.6311,hydraulic
EVO_TEXT_HFB-03796,HFB-03796,fault_evolution_text,隐患先导致局部性能退化，随后传感器能量向关联通道集中，最终形成阀芯卡滞。,0.6311,hydraulic
RCA_TEXT_HFB-03797,HFB-03797,rca_text,结合传感器能量和检测记录，方向控制阀的阀芯卡滞与设计阶段高风险实体 HDES-00702 一致。,0.5347,hydraulic
EVO_TEXT_HFB-03797,HFB-03797,fault_evolution_text,隐患先导致局部性能退化，随后传感器能量向关联通道集中，最终形成阀芯卡滞。,0.5347,hydraulic
RCA_TEXT_HFB-03798,HFB-03798,rca_text,结合传感器能量和检测记录，单向阀的阀芯卡滞与制造阶段高风险实体 HMAN-00591 一致。,0.601,hydraulic
EVO_TEXT_HFB-03798,HFB-03798,fault_evolution_text,早期异常较弱，运行载荷放大后出现指标漂移，并逐步演化为轻微故障。,0.601,hydraulic
RCA_TEXT_HFB-03799,HFB-03799,rca_text,该案例表现为中度压力异常，根因更可能由制造阶段隐患累积触发。,0.5802,hydraulic
EVO_TEXT_HFB-03799,HFB-03799,fault_evolution_text,早期异常较弱，运行载荷放大后出现指标漂移，并逐步演化为中度故障。,0.5802,hydraulic
RCA_TEXT_HFB-03800,HFB-03800,rca_text,管路总成出现轻微振动异常，生命周期风险集中在运维阶段，建议优先追溯 HOPR-03800。,0.5837,hydraulic
EVO_TEXT_HFB-03800,HFB-03800,fault_evolution_text,运维阶段风险与运行工况耦合后引起状态劣化，检测指标随严重度同步升高。,0.5837,hydraulic
RCA_TEXT_HFB-03801,HFB-03801,rca_text,该案例表现为中度阀芯卡滞，根因更可能由设计阶段隐患累积触发。,0.634,hydraulic
EVO_TEXT_HFB-03801,HFB-03801,fault_evolution_text,隐患先导致局部性能退化，随后传感器能量向关联通道集中，最终形成阀芯卡滞。,0.634,hydraulic
RCA_TEXT_HFB-03802,HFB-03802,rca_text,该案例表现为轻微阀芯卡滞，根因更可能由检测阶段隐患累积触发。,0.5417,hydraulic
EVO_TEXT_HFB-03802,HFB-03802,fault_evolution_text,隐患先导致局部性能退化，随后传感器能量向关联通道集中，最终形成阀芯卡滞。,0.5417,hydraulic
RCA_TEXT_HFB-03803,HFB-03803,rca_text,结合传感器能量和检测记录，管路总成的流量异常与材料阶段高风险实体 HMAT-00459 一致。,0.558,hydraulic
EVO_TEXT_HFB-03803,HFB-03803,fault_evolution_text,隐患先导致局部性能退化，随后传感器能量向关联通道集中，最终形成流量异常。,0.558,hydraulic
RCA_TEXT_HFB-03804,HFB-03804,rca_text,结合传感器能量和检测记录，液压油箱的泄漏异常与材料阶段高风险实体 HMAT-00015 一致。,0.5603,hydraulic
EVO_TEXT_HFB-03804,HFB-03804,fault_evolution_text,隐患先导致局部性能退化，随后传感器能量向关联通道集中，最终形成泄漏异常。,0.5603,hydraulic
RCA_TEXT_HFB-03805,HFB-03805,rca_text,结合传感器能量和检测记录，液压泵总成的泄漏异常与检测阶段高风险实体 HINSP-03805 一致。,0.6102,hydraulic
EVO_TEXT_HFB-03805,HFB-03805,fault_evolution_text,检测阶段风险与运行工况耦合后引起状态劣化，检测指标随严重度同步升高。,0.6102,hydraulic
RCA_TEXT_HFB-03806,HFB-03806,rca_text,结合传感器能量和检测记录，过滤器的温度异常与制造阶段高风险实体 HMAN-01136 一致。,0.6001,hydraulic
EVO_TEXT_HFB-03806,HFB-03806,fault_evolution_text,制造阶段风险与运行工况耦合后引起状态劣化，检测指标随严重度同步升高。,0.6001,hydraulic
RCA_TEXT_HFB-03807,HFB-03807,rca_text,结合传感器能量和检测记录，卸荷阀的压力异常与装配阶段高风险实体 HASM-03807 一致。,0.5889,hydraulic
EVO_TEXT_HFB-03807,HFB-03807,fault_evolution_text,装配阶段风险与运行工况耦合后引起状态劣化，检测指标随严重度同步升高。,0.5889,hydraulic
RCA_TEXT_HFB-03808,HFB-03808,rca_text,该案例表现为轻微流量异常，根因更可能由设计阶段隐患累积触发。,0.5778,hydraulic
EVO_TEXT_HFB-03808,HFB-03808,fault_evolution_text,隐患先导致局部性能退化，随后传感器能量向关联通道集中，最终形成流量异常。,0.5778,hydraulic
RCA_TEXT_HFB-03809,HFB-03809,rca_text,该案例表现为中度流量异常，根因更可能由运维阶段隐患累积触发。,0.5899,hydraulic
EVO_TEXT_HFB-03809,HFB-03809,fault_evolution_text,隐患先导致局部性能退化，随后传感器能量向关联通道集中，最终形成流量异常。,0.5899,hydraulic
RCA_TEXT_HFB-03810,HFB-03810,rca_text,结合传感器能量和检测记录，卸荷阀的振动异常与检测阶段高风险实体 HINSP-03810 一致。,0.5345,hydraulic
EVO_TEXT_HFB-03810,HFB-03810,fault_evolution_text,检测阶段风险与运行工况耦合后引起状态劣化，检测指标随严重度同步升高。,0.5345,hydraulic
RCA_TEXT_HFB-03811,HFB-03811,rca_text,结合传感器能量和检测记录，单向阀的振动异常与运维阶段高风险实体 HOPR-03811 一致。,0.4969,hydraulic
EVO_TEXT_HFB-03811,HFB-03811,fault_evolution_text,运维阶段风险与运行工况耦合后引起状态劣化，检测指标随严重度同步升高。,0.4969,hydraulic
RCA_TEXT_HFB-03812,HFB-03812,rca_text,单向阀出现中度阀芯卡滞，生命周期风险集中在制造阶段，建议优先追溯 HMAN-00944。,0.6393,hydraulic
EVO_TEXT_HFB-03812,HFB-03812,fault_evolution_text,早期异常较弱，运行载荷放大后出现指标漂移，并逐步演化为中度故障。,0.6393,hydraulic
RCA_TEXT_HFB-03813,HFB-03813,rca_text,该案例表现为轻微阀芯卡滞，根因更可能由装配阶段隐患累积触发。,0.5287,hydraulic
EVO_TEXT_HFB-03813,HFB-03813,fault_evolution_text,装配阶段风险与运行工况耦合后引起状态劣化，检测指标随严重度同步升高。,0.5287,hydraulic
RCA_TEXT_HFB-03814,HFB-03814,rca_text,该案例表现为轻微振动异常，根因更可能由运维阶段隐患累积触发。,0.6132,hydraulic
EVO_TEXT_HFB-03814,HFB-03814,fault_evolution_text,早期异常较弱，运行载荷放大后出现指标漂移，并逐步演化为轻微故障。,0.6132,hydraulic
RCA_TEXT_HFB-03815,HFB-03815,rca_text,结合传感器能量和检测记录，作动筒的振动异常与装配阶段高风险实体 HASM-03815 一致。,0.6233,hydraulic
EVO_TEXT_HFB-03815,HFB-03815,fault_evolution_text,早期异常较弱，运行载荷放大后出现指标漂移，并逐步演化为中度故障。,0.6233,hydraulic
RCA_TEXT_HFB-03816,HFB-03816,rca_text,管路总成出现中度压力异常，生命周期风险集中在设计阶段，建议优先追溯 HPIP-00657。,0.619,hydraulic
EVO_TEXT_HFB-03816,HFB-03816,fault_evolution_text,隐患先导致局部性能退化，随后传感器能量向关联通道集中，最终形成压力异常。,0.619,hydraulic
RCA_TEXT_HFB-03817,HFB-03817,rca_text,结合传感器能量和检测记录，管路总成的温度异常与设计阶段高风险实体 HPIP-00658 一致。,0.6073,hydraulic
EVO_TEXT_HFB-03817,HFB-03817,fault_evolution_text,隐患先导致局部性能退化，随后传感器能量向关联通道集中，最终形成温度异常。,0.6073,hydraulic
RCA_TEXT_HFB-03818,HFB-03818,rca_text,液压油箱出现中度流量异常，生命周期风险集中在运维阶段，建议优先追溯 HOPR-03818。,0.6055,hydraulic
EVO_TEXT_HFB-03818,HFB-03818,fault_evolution_text,运维阶段风险与运行工况耦合后引起状态劣化，检测指标随严重度同步升高。,0.6055,hydraulic
RCA_TEXT_HFB-03819,HFB-03819,rca_text,该案例表现为中度流量异常，根因更可能由运维阶段隐患累积触发。,0.6263,hydraulic
EVO_TEXT_HFB-03819,HFB-03819,fault_evolution_text,隐患先导致局部性能退化，随后传感器能量向关联通道集中，最终形成流量异常。,0.6263,hydraulic
RCA_TEXT_HFB-03820,HFB-03820,rca_text,该案例表现为轻微温度异常，根因更可能由制造阶段隐患累积触发。,0.576,hydraulic
EVO_TEXT_HFB-03820,HFB-03820,fault_evolution_text,隐患先导致局部性能退化，随后传感器能量向关联通道集中，最终形成温度异常。,0.576,hydraulic
RCA_TEXT_HFB-03821,HFB-03821,rca_text,该案例表现为中度泄漏异常，根因更可能由材料阶段隐患累积触发。,0.6161,hydraulic
EVO_TEXT_HFB-03821,HFB-03821,fault_evolution_text,隐患先导致局部性能退化，随后传感器能量向关联通道集中，最终形成泄漏异常。,0.6161,hydraulic
RCA_TEXT_HFB-03822,HFB-03822,rca_text,方向控制阀出现轻微泄漏异常，生命周期风险集中在运维阶段，建议优先追溯 HOPR-03822。,0.5804,hydraulic
EVO_TEXT_HFB-03822,HFB-03822,fault_evolution_text,隐患先导致局部性能退化，随后传感器能量向关联通道集中，最终形成泄漏异常。,0.5804,hydraulic
RCA_TEXT_HFB-03823,HFB-03823,rca_text,该案例表现为中度温度异常，根因更可能由运维阶段隐患累积触发。,0.6208,hydraulic
EVO_TEXT_HFB-03823,HFB-03823,fault_evolution_text,隐患先导致局部性能退化，随后传感器能量向关联通道集中，最终形成温度异常。,0.6208,hydraulic
RCA_TEXT_HFB-03824,HFB-03824,rca_text,结合传感器能量和检测记录，作动筒的振动异常与检测阶段高风险实体 HINSP-03824 一致。,0.585,hydraulic
EVO_TEXT_HFB-03824,HFB-03824,fault_evolution_text,隐患先导致局部性能退化，随后传感器能量向关联通道集中，最终形成振动异常。,0.585,hydraulic
RCA_TEXT_HFB-03825,HFB-03825,rca_text,结合传感器能量和检测记录，管路总成的压力异常与材料阶段高风险实体 HMAT-00479 一致。,0.5953,hydraulic
EVO_TEXT_HFB-03825,HFB-03825,fault_evolution_text,材料阶段风险与运行工况耦合后引起状态劣化，检测指标随严重度同步升高。,0.5953,hydraulic
RCA_TEXT_HFB-03826,HFB-03826,rca_text,结合传感器能量和检测记录，管路总成的流量异常与制造阶段高风险实体 HMAN-01117 一致。,0.6327,hydraulic
EVO_TEXT_HFB-03826,HFB-03826,fault_evolution_text,制造阶段风险与运行工况耦合后引起状态劣化，检测指标随严重度同步升高。,0.6327,hydraulic
RCA_TEXT_HFB-03827,HFB-03827,rca_text,结合传感器能量和检测记录，卸荷阀的压力异常与运维阶段高风险实体 HOPR-03827 一致。,0.6475,hydraulic
EVO_TEXT_HFB-03827,HFB-03827,fault_evolution_text,隐患先导致局部性能退化，随后传感器能量向关联通道集中，最终形成压力异常。,0.6475,hydraulic
RCA_TEXT_HFB-03828,HFB-03828,rca_text,管路总成出现轻微阀芯卡滞，生命周期风险集中在制造阶段，建议优先追溯 HMAN-00346。,0.6383,hydraulic
EVO_TEXT_HFB-03828,HFB-03828,fault_evolution_text,制造阶段风险与运行工况耦合后引起状态劣化，检测指标随严重度同步升高。,0.6383,hydraulic
RCA_TEXT_HFB-03829,HFB-03829,rca_text,该案例表现为轻微振动异常，根因更可能由装配阶段隐患累积触发。,0.6611,hydraulic
EVO_TEXT_HFB-03829,HFB-03829,fault_evolution_text,装配阶段风险与运行工况耦合后引起状态劣化，检测指标随严重度同步升高。,0.6611,hydraulic
RCA_TEXT_HFB-03830,HFB-03830,rca_text,过滤器出现轻微泄漏异常，生命周期风险集中在运维阶段，建议优先追溯 HOPR-03830。,0.5521,hydraulic
EVO_TEXT_HFB-03830,HFB-03830,fault_evolution_text,运维阶段风险与运行工况耦合后引起状态劣化，检测指标随严重度同步升高。,0.5521,hydraulic
RCA_TEXT_HFB-03831,HFB-03831,rca_text,结合传感器能量和检测记录，液压油箱的阀芯卡滞与设计阶段高风险实体 HDES-00447 一致。,0.6209,hydraulic
EVO_TEXT_HFB-03831,HFB-03831,fault_evolution_text,隐患先导致局部性能退化，随后传感器能量向关联通道集中，最终形成阀芯卡滞。,0.6209,hydraulic
RCA_TEXT_HFB-03832,HFB-03832,rca_text,该案例表现为中度振动异常，根因更可能由制造阶段隐患累积触发。,0.6215,hydraulic
EVO_TEXT_HFB-03832,HFB-03832,fault_evolution_text,早期异常较弱，运行载荷放大后出现指标漂移，并逐步演化为中度故障。,0.6215,hydraulic
RCA_TEXT_HFB-03833,HFB-03833,rca_text,液压泵总成出现轻微泄漏异常，生命周期风险集中在设计阶段，建议优先追溯 HDES-00245。,0.5698,hydraulic
EVO_TEXT_HFB-03833,HFB-03833,fault_evolution_text,隐患先导致局部性能退化，随后传感器能量向关联通道集中，最终形成泄漏异常。,0.5698,hydraulic
RCA_TEXT_HFB-03834,HFB-03834,rca_text,管路总成出现轻微阀芯卡滞，生命周期风险集中在运维阶段，建议优先追溯 HOPR-03834。,0.5988,hydraulic
EVO_TEXT_HFB-03834,HFB-03834,fault_evolution_text,运维阶段风险与运行工况耦合后引起状态劣化，检测指标随严重度同步升高。,0.5988,hydraulic
RCA_TEXT_HFB-03835,HFB-03835,rca_text,该案例表现为中度振动异常，根因更可能由制造阶段隐患累积触发。,0.625,hydraulic
EVO_TEXT_HFB-03835,HFB-03835,fault_evolution_text,制造阶段风险与运行工况耦合后引起状态劣化，检测指标随严重度同步升高。,0.625,hydraulic
RCA_TEXT_HFB-03836,HFB-03836,rca_text,该案例表现为轻微泄漏异常，根因更可能由材料阶段隐患累积触发。,0.5547,hydraulic
EVO_TEXT_HFB-03836,HFB-03836,fault_evolution_text,隐患先导致局部性能退化，随后传感器能量向关联通道集中，最终形成泄漏异常。,0.5547,hydraulic
RCA_TEXT_HFB-03837,HFB-03837,rca_text,作动筒出现中度泄漏异常，生命周期风险集中在检测阶段，建议优先追溯 HINSP-03837。,0.5681,hydraulic
EVO_TEXT_HFB-03837,HFB-03837,fault_evolution_text,隐患先导致局部性能退化，随后传感器能量向关联通道集中，最终形成泄漏异常。,0.5681,hydraulic
RCA_TEXT_HFB-03838,HFB-03838,rca_text,溢流阀出现轻微泄漏异常，生命周期风险集中在运维阶段，建议优先追溯 HOPR-03838。,0.6291,hydraulic
EVO_TEXT_HFB-03838,HFB-03838,fault_evolution_text,早期异常较弱，运行载荷放大后出现指标漂移，并逐步演化为轻微故障。,0.6291,hydraulic
RCA_TEXT_HFB-03839,HFB-03839,rca_text,结合传感器能量和检测记录，溢流阀的流量异常与装配阶段高风险实体 HASM-03839 一致。,0.5517,hydraulic
EVO_TEXT_HFB-03839,HFB-03839,fault_evolution_text,早期异常较弱，运行载荷放大后出现指标漂移，并逐步演化为轻微故障。,0.5517,hydraulic
RCA_TEXT_HFB-03840,HFB-03840,rca_text,结合传感器能量和检测记录，卸荷阀的阀芯卡滞与运维阶段高风险实体 HOPR-03840 一致。,0.5854,hydraulic
EVO_TEXT_HFB-03840,HFB-03840,fault_evolution_text,早期异常较弱，运行载荷放大后出现指标漂移，并逐步演化为轻微故障。,0.5854,hydraulic
RCA_TEXT_HFB-03841,HFB-03841,rca_text,结合传感器能量和检测记录，方向控制阀的阀芯卡滞与材料阶段高风险实体 HMAT-00103 一致。,0.595,hydraulic
EVO_TEXT_HFB-03841,HFB-03841,fault_evolution_text,材料阶段风险与运行工况耦合后引起状态劣化，检测指标随严重度同步升高。,0.595,hydraulic
RCA_TEXT_HFB-03842,HFB-03842,rca_text,结合传感器能量和检测记录，方向控制阀的泄漏异常与设计阶段高风险实体 HDES-00760 一致。,0.5689,hydraulic
EVO_TEXT_HFB-03842,HFB-03842,fault_evolution_text,设计阶段风险与运行工况耦合后引起状态劣化，检测指标随严重度同步升高。,0.5689,hydraulic
RCA_TEXT_HFB-03843,HFB-03843,rca_text,结合传感器能量和检测记录，管路总成的泄漏异常与材料阶段高风险实体 HMAT-00098 一致。,0.6466,hydraulic
EVO_TEXT_HFB-03843,HFB-03843,fault_evolution_text,材料阶段风险与运行工况耦合后引起状态劣化，检测指标随严重度同步升高。,0.6466,hydraulic
RCA_TEXT_HFB-03844,HFB-03844,rca_text,结合传感器能量和检测记录，卸荷阀的阀芯卡滞与制造阶段高风险实体 HMAN-01160 一致。,0.6073,hydraulic
EVO_TEXT_HFB-03844,HFB-03844,fault_evolution_text,隐患先导致局部性能退化，随后传感器能量向关联通道集中，最终形成阀芯卡滞。,0.6073,hydraulic
RCA_TEXT_HFB-03845,HFB-03845,rca_text,该案例表现为中度泄漏异常，根因更可能由运维阶段隐患累积触发。,0.6086,hydraulic
EVO_TEXT_HFB-03845,HFB-03845,fault_evolution_text,运维阶段风险与运行工况耦合后引起状态劣化，检测指标随严重度同步升高。,0.6086,hydraulic
RCA_TEXT_HFB-03846,HFB-03846,rca_text,冷却器出现轻微温度异常，生命周期风险集中在装配阶段，建议优先追溯 HASM-03846。,0.5331,hydraulic
EVO_TEXT_HFB-03846,HFB-03846,fault_evolution_text,隐患先导致局部性能退化，随后传感器能量向关联通道集中，最终形成温度异常。,0.5331,hydraulic
RCA_TEXT_HFB-03847,HFB-03847,rca_text,该案例表现为中度温度异常，根因更可能由制造阶段隐患累积触发。,0.5987,hydraulic
EVO_TEXT_HFB-03847,HFB-03847,fault_evolution_text,早期异常较弱，运行载荷放大后出现指标漂移，并逐步演化为中度故障。,0.5987,hydraulic
RCA_TEXT_HFB-03848,HFB-03848,rca_text,该案例表现为中度温度异常，根因更可能由运维阶段隐患累积触发。,0.6009,hydraulic
EVO_TEXT_HFB-03848,HFB-03848,fault_evolution_text,隐患先导致局部性能退化，随后传感器能量向关联通道集中，最终形成温度异常。,0.6009,hydraulic
RCA_TEXT_HFB-03849,HFB-03849,rca_text,液压泵总成出现轻微流量异常，生命周期风险集中在材料阶段，建议优先追溯 HMAT-00495。,0.5403,hydraulic
EVO_TEXT_HFB-03849,HFB-03849,fault_evolution_text,早期异常较弱，运行载荷放大后出现指标漂移，并逐步演化为轻微故障。,0.5403,hydraulic
RCA_TEXT_HFB-03850,HFB-03850,rca_text,该案例表现为轻微阀芯卡滞，根因更可能由材料阶段隐患累积触发。,0.6365,hydraulic
EVO_TEXT_HFB-03850,HFB-03850,fault_evolution_text,隐患先导致局部性能退化，随后传感器能量向关联通道集中，最终形成阀芯卡滞。,0.6365,hydraulic
RCA_TEXT_HFB-03851,HFB-03851,rca_text,该案例表现为轻微流量异常，根因更可能由装配阶段隐患累积触发。,0.6197,hydraulic
EVO_TEXT_HFB-03851,HFB-03851,fault_evolution_text,隐患先导致局部性能退化，随后传感器能量向关联通道集中，最终形成流量异常。,0.6197,hydraulic
RCA_TEXT_HFB-03852,HFB-03852,rca_text,节流阀出现轻微压力异常，生命周期风险集中在运维阶段，建议优先追溯 HOPR-03852。,0.5544,hydraulic
EVO_TEXT_HFB-03852,HFB-03852,fault_evolution_text,隐患先导致局部性能退化，随后传感器能量向关联通道集中，最终形成压力异常。,0.5544,hydraulic
RCA_TEXT_HFB-03853,HFB-03853,rca_text,该案例表现为轻微阀芯卡滞，根因更可能由制造阶段隐患累积触发。,0.5685,hydraulic
EVO_TEXT_HFB-03853,HFB-03853,fault_evolution_text,早期异常较弱，运行载荷放大后出现指标漂移，并逐步演化为轻微故障。,0.5685,hydraulic
RCA_TEXT_HFB-03854,HFB-03854,rca_text,冷却器出现轻微温度异常，生命周期风险集中在运维阶段，建议优先追溯 HOPR-03854。,0.6042,hydraulic
EVO_TEXT_HFB-03854,HFB-03854,fault_evolution_text,早期异常较弱，运行载荷放大后出现指标漂移，并逐步演化为轻微故障。,0.6042,hydraulic
RCA_TEXT_HFB-03855,HFB-03855,rca_text,结合传感器能量和检测记录，蓄能器的泄漏异常与运维阶段高风险实体 HOPR-03855 一致。,0.6383,hydraulic
EVO_TEXT_HFB-03855,HFB-03855,fault_evolution_text,运维阶段风险与运行工况耦合后引起状态劣化，检测指标随严重度同步升高。,0.6383,hydraulic
RCA_TEXT_HFB-03856,HFB-03856,rca_text,结合传感器能量和检测记录，管路总成的振动异常与材料阶段高风险实体 HMAT-00223 一致。,0.5383,hydraulic
EVO_TEXT_HFB-03856,HFB-03856,fault_evolution_text,早期异常较弱，运行载荷放大后出现指标漂移，并逐步演化为轻微故障。,0.5383,hydraulic
RCA_TEXT_HFB-03857,HFB-03857,rca_text,该案例表现为中度阀芯卡滞，根因更可能由制造阶段隐患累积触发。,0.6538,hydraulic
EVO_TEXT_HFB-03857,HFB-03857,fault_evolution_text,早期异常较弱，运行载荷放大后出现指标漂移，并逐步演化为中度故障。,0.6538,hydraulic
RCA_TEXT_HFB-03858,HFB-03858,rca_text,该案例表现为轻微压力异常，根因更可能由制造阶段隐患累积触发。,0.6141,hydraulic
EVO_TEXT_HFB-03858,HFB-03858,fault_evolution_text,制造阶段风险与运行工况耦合后引起状态劣化，检测指标随严重度同步升高。,0.6141,hydraulic
RCA_TEXT_HFB-03859,HFB-03859,rca_text,结合传感器能量和检测记录，管路总成的泄漏异常与装配阶段高风险实体 HASM-03859 一致。,0.6576,hydraulic
EVO_TEXT_HFB-03859,HFB-03859,fault_evolution_text,隐患先导致局部性能退化，随后传感器能量向关联通道集中，最终形成泄漏异常。,0.6576,hydraulic
RCA_TEXT_HFB-03860,HFB-03860,rca_text,过滤器出现中度温度异常，生命周期风险集中在制造阶段，建议优先追溯 HMAN-01199。,0.6027,hydraulic
EVO_TEXT_HFB-03860,HFB-03860,fault_evolution_text,隐患先导致局部性能退化，随后传感器能量向关联通道集中，最终形成温度异常。,0.6027,hydraulic
RCA_TEXT_HFB-03861,HFB-03861,rca_text,结合传感器能量和检测记录，单向阀的阀芯卡滞与制造阶段高风险实体 HMAN-00131 一致。,0.6383,hydraulic
EVO_TEXT_HFB-03861,HFB-03861,fault_evolution_text,隐患先导致局部性能退化，随后传感器能量向关联通道集中，最终形成阀芯卡滞。,0.6383,hydraulic
RCA_TEXT_HFB-03862,HFB-03862,rca_text,结合传感器能量和检测记录，管路总成的振动异常与制造阶段高风险实体 HMAN-00953 一致。,0.6436,hydraulic
EVO_TEXT_HFB-03862,HFB-03862,fault_evolution_text,隐患先导致局部性能退化，随后传感器能量向关联通道集中，最终形成振动异常。,0.6436,hydraulic
RCA_TEXT_HFB-03863,HFB-03863,rca_text,卸荷阀出现轻微泄漏异常，生命周期风险集中在运维阶段，建议优先追溯 HOPR-03863。,0.5658,hydraulic
EVO_TEXT_HFB-03863,HFB-03863,fault_evolution_text,早期异常较弱，运行载荷放大后出现指标漂移，并逐步演化为轻微故障。,0.5658,hydraulic
RCA_TEXT_HFB-03864,HFB-03864,rca_text,方向控制阀出现轻微阀芯卡滞，生命周期风险集中在检测阶段，建议优先追溯 HINSP-03864。,0.6641,hydraulic
EVO_TEXT_HFB-03864,HFB-03864,fault_evolution_text,早期异常较弱，运行载荷放大后出现指标漂移，并逐步演化为轻微故障。,0.6641,hydraulic
RCA_TEXT_HFB-03865,HFB-03865,rca_text,结合传感器能量和检测记录，冷却器的阀芯卡滞与制造阶段高风险实体 HMAN-00394 一致。,0.5258,hydraulic
EVO_TEXT_HFB-03865,HFB-03865,fault_evolution_text,隐患先导致局部性能退化，随后传感器能量向关联通道集中，最终形成阀芯卡滞。,0.5258,hydraulic
RCA_TEXT_HFB-03866,HFB-03866,rca_text,作动筒出现轻微泄漏异常，生命周期风险集中在运维阶段，建议优先追溯 HOPR-03866。,0.5855,hydraulic
EVO_TEXT_HFB-03866,HFB-03866,fault_evolution_text,早期异常较弱，运行载荷放大后出现指标漂移，并逐步演化为轻微故障。,0.5855,hydraulic
RCA_TEXT_HFB-03867,HFB-03867,rca_text,作动筒出现轻微流量异常，生命周期风险集中在制造阶段，建议优先追溯 HMAN-00523。,0.5875,hydraulic
EVO_TEXT_HFB-03867,HFB-03867,fault_evolution_text,隐患先导致局部性能退化，随后传感器能量向关联通道集中，最终形成流量异常。,0.5875,hydraulic
RCA_TEXT_HFB-03868,HFB-03868,rca_text,该案例表现为轻微流量异常，根因更可能由运维阶段隐患累积触发。,0.5392,hydraulic
EVO_TEXT_HFB-03868,HFB-03868,fault_evolution_text,隐患先导致局部性能退化，随后传感器能量向关联通道集中，最终形成流量异常。,0.5392,hydraulic
RCA_TEXT_HFB-03869,HFB-03869,rca_text,管路总成出现中度振动异常，生命周期风险集中在运维阶段，建议优先追溯 HOPR-03869。,0.6867,hydraulic
EVO_TEXT_HFB-03869,HFB-03869,fault_evolution_text,运维阶段风险与运行工况耦合后引起状态劣化，检测指标随严重度同步升高。,0.6867,hydraulic
RCA_TEXT_HFB-03870,HFB-03870,rca_text,溢流阀出现轻微阀芯卡滞，生命周期风险集中在运维阶段，建议优先追溯 HOPR-03870。,0.6135,hydraulic
EVO_TEXT_HFB-03870,HFB-03870,fault_evolution_text,隐患先导致局部性能退化，随后传感器能量向关联通道集中，最终形成阀芯卡滞。,0.6135,hydraulic
RCA_TEXT_HFB-03871,HFB-03871,rca_text,液压泵总成出现轻微振动异常，生命周期风险集中在制造阶段，建议优先追溯 HMAN-00904。,0.588,hydraulic
EVO_TEXT_HFB-03871,HFB-03871,fault_evolution_text,早期异常较弱，运行载荷放大后出现指标漂移，并逐步演化为轻微故障。,0.588,hydraulic
RCA_TEXT_HFB-03872,HFB-03872,rca_text,液压泵总成出现轻微泄漏异常，生命周期风险集中在运维阶段，建议优先追溯 HOPR-03872。,0.5641,hydraulic
EVO_TEXT_HFB-03872,HFB-03872,fault_evolution_text,运维阶段风险与运行工况耦合后引起状态劣化，检测指标随严重度同步升高。,0.5641,hydraulic
RCA_TEXT_HFB-03873,HFB-03873,rca_text,该案例表现为中度温度异常，根因更可能由材料阶段隐患累积触发。,0.673,hydraulic
EVO_TEXT_HFB-03873,HFB-03873,fault_evolution_text,隐患先导致局部性能退化，随后传感器能量向关联通道集中，最终形成温度异常。,0.673,hydraulic
RCA_TEXT_HFB-03874,HFB-03874,rca_text,结合传感器能量和检测记录，管路总成的温度异常与运维阶段高风险实体 HOPR-03874 一致。,0.5876,hydraulic
EVO_TEXT_HFB-03874,HFB-03874,fault_evolution_text,隐患先导致局部性能退化，随后传感器能量向关联通道集中，最终形成温度异常。,0.5876,hydraulic
RCA_TEXT_HFB-03875,HFB-03875,rca_text,蓄能器出现轻微阀芯卡滞，生命周期风险集中在制造阶段，建议优先追溯 HMAN-00014。,0.6007,hydraulic
EVO_TEXT_HFB-03875,HFB-03875,fault_evolution_text,制造阶段风险与运行工况耦合后引起状态劣化，检测指标随严重度同步升高。,0.6007,hydraulic
RCA_TEXT_HFB-03876,HFB-03876,rca_text,结合传感器能量和检测记录，冷却器的流量异常与制造阶段高风险实体 HMAN-00138 一致。,0.6235,hydraulic
EVO_TEXT_HFB-03876,HFB-03876,fault_evolution_text,早期异常较弱，运行载荷放大后出现指标漂移，并逐步演化为轻微故障。,0.6235,hydraulic
RCA_TEXT_HFB-03877,HFB-03877,rca_text,该案例表现为中度振动异常，根因更可能由装配阶段隐患累积触发。,0.5741,hydraulic
EVO_TEXT_HFB-03877,HFB-03877,fault_evolution_text,隐患先导致局部性能退化，随后传感器能量向关联通道集中，最终形成振动异常。,0.5741,hydraulic
RCA_TEXT_HFB-03878,HFB-03878,rca_text,卸荷阀出现轻微压力异常，生命周期风险集中在装配阶段，建议优先追溯 HASM-03878。,0.5589,hydraulic
EVO_TEXT_HFB-03878,HFB-03878,fault_evolution_text,隐患先导致局部性能退化，随后传感器能量向关联通道集中，最终形成压力异常。,0.5589,hydraulic
RCA_TEXT_HFB-03879,HFB-03879,rca_text,单向阀出现轻微振动异常，生命周期风险集中在设计阶段，建议优先追溯 HDES-00770。,0.5409,hydraulic
EVO_TEXT_HFB-03879,HFB-03879,fault_evolution_text,设计阶段风险与运行工况耦合后引起状态劣化，检测指标随严重度同步升高。,0.5409,hydraulic
RCA_TEXT_HFB-03880,HFB-03880,rca_text,节流阀出现轻微阀芯卡滞，生命周期风险集中在检测阶段，建议优先追溯 HINSP-03880。,0.6202,hydraulic
EVO_TEXT_HFB-03880,HFB-03880,fault_evolution_text,隐患先导致局部性能退化，随后传感器能量向关联通道集中，最终形成阀芯卡滞。,0.6202,hydraulic
RCA_TEXT_HFB-03881,HFB-03881,rca_text,单向阀出现轻微温度异常，生命周期风险集中在运维阶段，建议优先追溯 HOPR-03881。,0.6101,hydraulic
EVO_TEXT_HFB-03881,HFB-03881,fault_evolution_text,运维阶段风险与运行工况耦合后引起状态劣化，检测指标随严重度同步升高。,0.6101,hydraulic
RCA_TEXT_HFB-03882,HFB-03882,rca_text,方向控制阀出现轻微振动异常，生命周期风险集中在运维阶段，建议优先追溯 HOPR-03882。,0.5472,hydraulic
EVO_TEXT_HFB-03882,HFB-03882,fault_evolution_text,隐患先导致局部性能退化，随后传感器能量向关联通道集中，最终形成振动异常。,0.5472,hydraulic
RCA_TEXT_HFB-03883,HFB-03883,rca_text,蓄能器出现轻微温度异常，生命周期风险集中在运维阶段，建议优先追溯 HOPR-03883。,0.6257,hydraulic
EVO_TEXT_HFB-03883,HFB-03883,fault_evolution_text,隐患先导致局部性能退化，随后传感器能量向关联通道集中，最终形成温度异常。,0.6257,hydraulic
RCA_TEXT_HFB-03884,HFB-03884,rca_text,该案例表现为轻微流量异常，根因更可能由材料阶段隐患累积触发。,0.6105,hydraulic
EVO_TEXT_HFB-03884,HFB-03884,fault_evolution_text,隐患先导致局部性能退化，随后传感器能量向关联通道集中，最终形成流量异常。,0.6105,hydraulic
RCA_TEXT_HFB-03885,HFB-03885,rca_text,该案例表现为中度阀芯卡滞，根因更可能由运维阶段隐患累积触发。,0.6185,hydraulic
EVO_TEXT_HFB-03885,HFB-03885,fault_evolution_text,隐患先导致局部性能退化，随后传感器能量向关联通道集中，最终形成阀芯卡滞。,0.6185,hydraulic
RCA_TEXT_HFB-03886,HFB-03886,rca_text,结合传感器能量和检测记录，方向控制阀的振动异常与装配阶段高风险实体 HASM-03886 一致。,0.5705,hydraulic
EVO_TEXT_HFB-03886,HFB-03886,fault_evolution_text,隐患先导致局部性能退化，随后传感器能量向关联通道集中，最终形成振动异常。,0.5705,hydraulic
RCA_TEXT_HFB-03887,HFB-03887,rca_text,结合传感器能量和检测记录，冷却器的振动异常与装配阶段高风险实体 HASM-03887 一致。,0.5929,hydraulic
EVO_TEXT_HFB-03887,HFB-03887,fault_evolution_text,装配阶段风险与运行工况耦合后引起状态劣化，检测指标随严重度同步升高。,0.5929,hydraulic
RCA_TEXT_HFB-03888,HFB-03888,rca_text,该案例表现为中度振动异常，根因更可能由材料阶段隐患累积触发。,0.6161,hydraulic
EVO_TEXT_HFB-03888,HFB-03888,fault_evolution_text,材料阶段风险与运行工况耦合后引起状态劣化，检测指标随严重度同步升高。,0.6161,hydraulic
RCA_TEXT_HFB-03889,HFB-03889,rca_text,结合传感器能量和检测记录，蓄能器的温度异常与运维阶段高风险实体 HOPR-03889 一致。,0.5623,hydraulic
EVO_TEXT_HFB-03889,HFB-03889,fault_evolution_text,隐患先导致局部性能退化，随后传感器能量向关联通道集中，最终形成温度异常。,0.5623,hydraulic
RCA_TEXT_HFB-03890,HFB-03890,rca_text,结合传感器能量和检测记录，溢流阀的压力异常与设计阶段高风险实体 HDES-00396 一致。,0.5996,hydraulic
EVO_TEXT_HFB-03890,HFB-03890,fault_evolution_text,隐患先导致局部性能退化，随后传感器能量向关联通道集中，最终形成压力异常。,0.5996,hydraulic
RCA_TEXT_HFB-03891,HFB-03891,rca_text,该案例表现为轻微压力异常，根因更可能由装配阶段隐患累积触发。,0.5957,hydraulic
EVO_TEXT_HFB-03891,HFB-03891,fault_evolution_text,早期异常较弱，运行载荷放大后出现指标漂移，并逐步演化为轻微故障。,0.5957,hydraulic
RCA_TEXT_HFB-03892,HFB-03892,rca_text,结合传感器能量和检测记录，作动筒的振动异常与材料阶段高风险实体 HMAT-00020 一致。,0.6423,hydraulic
EVO_TEXT_HFB-03892,HFB-03892,fault_evolution_text,早期异常较弱，运行载荷放大后出现指标漂移，并逐步演化为中度故障。,0.6423,hydraulic
RCA_TEXT_HFB-03893,HFB-03893,rca_text,结合传感器能量和检测记录，蓄能器的振动异常与运维阶段高风险实体 HOPR-03893 一致。,0.5999,hydraulic
EVO_TEXT_HFB-03893,HFB-03893,fault_evolution_text,运维阶段风险与运行工况耦合后引起状态劣化，检测指标随严重度同步升高。,0.5999,hydraulic
RCA_TEXT_HFB-03894,HFB-03894,rca_text,结合传感器能量和检测记录，卸荷阀的泄漏异常与装配阶段高风险实体 HASM-03894 一致。,0.5884,hydraulic
EVO_TEXT_HFB-03894,HFB-03894,fault_evolution_text,装配阶段风险与运行工况耦合后引起状态劣化，检测指标随严重度同步升高。,0.5884,hydraulic
RCA_TEXT_HFB-03895,HFB-03895,rca_text,该案例表现为中度流量异常，根因更可能由运维阶段隐患累积触发。,0.6411,hydraulic
EVO_TEXT_HFB-03895,HFB-03895,fault_evolution_text,运维阶段风险与运行工况耦合后引起状态劣化，检测指标随严重度同步升高。,0.6411,hydraulic
RCA_TEXT_HFB-03896,HFB-03896,rca_text,该案例表现为中度压力异常，根因更可能由装配阶段隐患累积触发。,0.5805,hydraulic
EVO_TEXT_HFB-03896,HFB-03896,fault_evolution_text,装配阶段风险与运行工况耦合后引起状态劣化，检测指标随严重度同步升高。,0.5805,hydraulic
RCA_TEXT_HFB-03897,HFB-03897,rca_text,过滤器出现轻微阀芯卡滞，生命周期风险集中在材料阶段，建议优先追溯 HMAT-00182。,0.5885,hydraulic
EVO_TEXT_HFB-03897,HFB-03897,fault_evolution_text,早期异常较弱，运行载荷放大后出现指标漂移，并逐步演化为轻微故障。,0.5885,hydraulic
RCA_TEXT_HFB-03898,HFB-03898,rca_text,结合传感器能量和检测记录，液压油箱的压力异常与制造阶段高风险实体 HMAN-01109 一致。,0.5089,hydraulic
EVO_TEXT_HFB-03898,HFB-03898,fault_evolution_text,制造阶段风险与运行工况耦合后引起状态劣化，检测指标随严重度同步升高。,0.5089,hydraulic
RCA_TEXT_HFB-03899,HFB-03899,rca_text,结合传感器能量和检测记录，单向阀的阀芯卡滞与材料阶段高风险实体 HMAT-00169 一致。,0.5815,hydraulic
EVO_TEXT_HFB-03899,HFB-03899,fault_evolution_text,材料阶段风险与运行工况耦合后引起状态劣化，检测指标随严重度同步升高。,0.5815,hydraulic
RCA_TEXT_HFB-03900,HFB-03900,rca_text,过滤器出现轻微泄漏异常，生命周期风险集中在装配阶段，建议优先追溯 HASM-03900。,0.6167,hydraulic
EVO_TEXT_HFB-03900,HFB-03900,fault_evolution_text,装配阶段风险与运行工况耦合后引起状态劣化，检测指标随严重度同步升高。,0.6167,hydraulic
RCA_TEXT_HFB-03901,HFB-03901,rca_text,液压泵总成出现轻微泄漏异常，生命周期风险集中在装配阶段，建议优先追溯 HASM-03901。,0.6181,hydraulic
EVO_TEXT_HFB-03901,HFB-03901,fault_evolution_text,隐患先导致局部性能退化，随后传感器能量向关联通道集中，最终形成泄漏异常。,0.6181,hydraulic
RCA_TEXT_HFB-03902,HFB-03902,rca_text,结合传感器能量和检测记录，液压油箱的温度异常与材料阶段高风险实体 HMAT-00150 一致。,0.577,hydraulic
EVO_TEXT_HFB-03902,HFB-03902,fault_evolution_text,早期异常较弱，运行载荷放大后出现指标漂移，并逐步演化为轻微故障。,0.577,hydraulic
RCA_TEXT_HFB-03903,HFB-03903,rca_text,结合传感器能量和检测记录，液压油箱的流量异常与制造阶段高风险实体 HMAN-00961 一致。,0.6266,hydraulic
EVO_TEXT_HFB-03903,HFB-03903,fault_evolution_text,早期异常较弱，运行载荷放大后出现指标漂移，并逐步演化为轻微故障。,0.6266,hydraulic
RCA_TEXT_HFB-03904,HFB-03904,rca_text,结合传感器能量和检测记录，单向阀的阀芯卡滞与材料阶段高风险实体 HMAT-00028 一致。,0.7007,hydraulic
EVO_TEXT_HFB-03904,HFB-03904,fault_evolution_text,材料阶段风险与运行工况耦合后引起状态劣化，检测指标随严重度同步升高。,0.7007,hydraulic
RCA_TEXT_HFB-03905,HFB-03905,rca_text,结合传感器能量和检测记录，蓄能器的压力异常与设计阶段高风险实体 HDES-00999 一致。,0.6531,hydraulic
EVO_TEXT_HFB-03905,HFB-03905,fault_evolution_text,早期异常较弱，运行载荷放大后出现指标漂移，并逐步演化为中度故障。,0.6531,hydraulic
RCA_TEXT_HFB-03906,HFB-03906,rca_text,该案例表现为轻微流量异常，根因更可能由运维阶段隐患累积触发。,0.6184,hydraulic
EVO_TEXT_HFB-03906,HFB-03906,fault_evolution_text,早期异常较弱，运行载荷放大后出现指标漂移，并逐步演化为轻微故障。,0.6184,hydraulic
RCA_TEXT_HFB-03907,HFB-03907,rca_text,该案例表现为轻微振动异常，根因更可能由运维阶段隐患累积触发。,0.6261,hydraulic
EVO_TEXT_HFB-03907,HFB-03907,fault_evolution_text,运维阶段风险与运行工况耦合后引起状态劣化，检测指标随严重度同步升高。,0.6261,hydraulic
RCA_TEXT_HFB-03908,HFB-03908,rca_text,结合传感器能量和检测记录，蓄能器的泄漏异常与制造阶段高风险实体 HMAN-01141 一致。,0.6021,hydraulic
EVO_TEXT_HFB-03908,HFB-03908,fault_evolution_text,制造阶段风险与运行工况耦合后引起状态劣化，检测指标随严重度同步升高。,0.6021,hydraulic
RCA_TEXT_HFB-03909,HFB-03909,rca_text,该案例表现为轻微压力异常，根因更可能由检测阶段隐患累积触发。,0.5472,hydraulic
EVO_TEXT_HFB-03909,HFB-03909,fault_evolution_text,早期异常较弱，运行载荷放大后出现指标漂移，并逐步演化为轻微故障。,0.5472,hydraulic
RCA_TEXT_HFB-03910,HFB-03910,rca_text,结合传感器能量和检测记录，单向阀的振动异常与运维阶段高风险实体 HOPR-03910 一致。,0.5991,hydraulic
EVO_TEXT_HFB-03910,HFB-03910,fault_evolution_text,隐患先导致局部性能退化，随后传感器能量向关联通道集中，最终形成振动异常。,0.5991,hydraulic
RCA_TEXT_HFB-03911,HFB-03911,rca_text,结合传感器能量和检测记录，卸荷阀的泄漏异常与装配阶段高风险实体 HASM-03911 一致。,0.6015,hydraulic
EVO_TEXT_HFB-03911,HFB-03911,fault_evolution_text,隐患先导致局部性能退化，随后传感器能量向关联通道集中，最终形成泄漏异常。,0.6015,hydraulic
RCA_TEXT_HFB-03912,HFB-03912,rca_text,该案例表现为中度压力异常，根因更可能由运维阶段隐患累积触发。,0.607,hydraulic
EVO_TEXT_HFB-03912,HFB-03912,fault_evolution_text,隐患先导致局部性能退化，随后传感器能量向关联通道集中，最终形成压力异常。,0.607,hydraulic
RCA_TEXT_HFB-03913,HFB-03913,rca_text,结合传感器能量和检测记录，管路总成的阀芯卡滞与制造阶段高风险实体 HMAN-00305 一致。,0.5575,hydraulic
EVO_TEXT_HFB-03913,HFB-03913,fault_evolution_text,早期异常较弱，运行载荷放大后出现指标漂移，并逐步演化为轻微故障。,0.5575,hydraulic
RCA_TEXT_HFB-03914,HFB-03914,rca_text,该案例表现为轻微温度异常，根因更可能由运维阶段隐患累积触发。,0.6273,hydraulic
EVO_TEXT_HFB-03914,HFB-03914,fault_evolution_text,隐患先导致局部性能退化，随后传感器能量向关联通道集中，最终形成温度异常。,0.6273,hydraulic
RCA_TEXT_HFB-03915,HFB-03915,rca_text,该案例表现为中度压力异常，根因更可能由运维阶段隐患累积触发。,0.5691,hydraulic
EVO_TEXT_HFB-03915,HFB-03915,fault_evolution_text,运维阶段风险与运行工况耦合后引起状态劣化，检测指标随严重度同步升高。,0.5691,hydraulic
RCA_TEXT_HFB-03916,HFB-03916,rca_text,该案例表现为轻微流量异常，根因更可能由设计阶段隐患累积触发。,0.611,hydraulic
EVO_TEXT_HFB-03916,HFB-03916,fault_evolution_text,隐患先导致局部性能退化，随后传感器能量向关联通道集中，最终形成流量异常。,0.611,hydraulic
RCA_TEXT_HFB-03917,HFB-03917,rca_text,结合传感器能量和检测记录，管路总成的压力异常与运维阶段高风险实体 HOPR-03917 一致。,0.6672,hydraulic
EVO_TEXT_HFB-03917,HFB-03917,fault_evolution_text,隐患先导致局部性能退化，随后传感器能量向关联通道集中，最终形成压力异常。,0.6672,hydraulic
RCA_TEXT_HFB-03918,HFB-03918,rca_text,过滤器出现轻微振动异常，生命周期风险集中在运维阶段，建议优先追溯 HOPR-03918。,0.5893,hydraulic
EVO_TEXT_HFB-03918,HFB-03918,fault_evolution_text,隐患先导致局部性能退化，随后传感器能量向关联通道集中，最终形成振动异常。,0.5893,hydraulic
RCA_TEXT_HFB-03919,HFB-03919,rca_text,过滤器出现轻微振动异常，生命周期风险集中在材料阶段，建议优先追溯 HMAT-00488。,0.6125,hydraulic
EVO_TEXT_HFB-03919,HFB-03919,fault_evolution_text,隐患先导致局部性能退化，随后传感器能量向关联通道集中，最终形成振动异常。,0.6125,hydraulic
RCA_TEXT_HFB-03920,HFB-03920,rca_text,结合传感器能量和检测记录，作动筒的泄漏异常与制造阶段高风险实体 HMAN-00680 一致。,0.584,hydraulic
EVO_TEXT_HFB-03920,HFB-03920,fault_evolution_text,隐患先导致局部性能退化，随后传感器能量向关联通道集中，最终形成泄漏异常。,0.584,hydraulic
RCA_TEXT_HFB-03921,HFB-03921,rca_text,该案例表现为轻微泄漏异常，根因更可能由装配阶段隐患累积触发。,0.5496,hydraulic
EVO_TEXT_HFB-03921,HFB-03921,fault_evolution_text,早期异常较弱，运行载荷放大后出现指标漂移，并逐步演化为轻微故障。,0.5496,hydraulic
RCA_TEXT_HFB-03922,HFB-03922,rca_text,结合传感器能量和检测记录，卸荷阀的阀芯卡滞与运维阶段高风险实体 HOPR-03922 一致。,0.5721,hydraulic
EVO_TEXT_HFB-03922,HFB-03922,fault_evolution_text,隐患先导致局部性能退化，随后传感器能量向关联通道集中，最终形成阀芯卡滞。,0.5721,hydraulic
RCA_TEXT_HFB-03923,HFB-03923,rca_text,该案例表现为轻微泄漏异常，根因更可能由制造阶段隐患累积触发。,0.6166,hydraulic
EVO_TEXT_HFB-03923,HFB-03923,fault_evolution_text,早期异常较弱，运行载荷放大后出现指标漂移，并逐步演化为轻微故障。,0.6166,hydraulic
RCA_TEXT_HFB-03924,HFB-03924,rca_text,卸荷阀出现轻微压力异常，生命周期风险集中在制造阶段，建议优先追溯 HMAN-00477。,0.5811,hydraulic
EVO_TEXT_HFB-03924,HFB-03924,fault_evolution_text,早期异常较弱，运行载荷放大后出现指标漂移，并逐步演化为轻微故障。,0.5811,hydraulic
RCA_TEXT_HFB-03925,HFB-03925,rca_text,该案例表现为轻微流量异常，根因更可能由运维阶段隐患累积触发。,0.6014,hydraulic
EVO_TEXT_HFB-03925,HFB-03925,fault_evolution_text,早期异常较弱，运行载荷放大后出现指标漂移，并逐步演化为轻微故障。,0.6014,hydraulic
RCA_TEXT_HFB-03926,HFB-03926,rca_text,结合传感器能量和检测记录，方向控制阀的阀芯卡滞与制造阶段高风险实体 HMAN-01167 一致。,0.6689,hydraulic
EVO_TEXT_HFB-03926,HFB-03926,fault_evolution_text,制造阶段风险与运行工况耦合后引起状态劣化，检测指标随严重度同步升高。,0.6689,hydraulic
RCA_TEXT_HFB-03927,HFB-03927,rca_text,该案例表现为轻微振动异常，根因更可能由装配阶段隐患累积触发。,0.6241,hydraulic
EVO_TEXT_HFB-03927,HFB-03927,fault_evolution_text,隐患先导致局部性能退化，随后传感器能量向关联通道集中，最终形成振动异常。,0.6241,hydraulic
RCA_TEXT_HFB-03928,HFB-03928,rca_text,该案例表现为轻微温度异常，根因更可能由材料阶段隐患累积触发。,0.5907,hydraulic
EVO_TEXT_HFB-03928,HFB-03928,fault_evolution_text,早期异常较弱，运行载荷放大后出现指标漂移，并逐步演化为轻微故障。,0.5907,hydraulic
RCA_TEXT_HFB-03929,HFB-03929,rca_text,结合传感器能量和检测记录，单向阀的泄漏异常与装配阶段高风险实体 HASM-03929 一致。,0.5323,hydraulic
EVO_TEXT_HFB-03929,HFB-03929,fault_evolution_text,隐患先导致局部性能退化，随后传感器能量向关联通道集中，最终形成泄漏异常。,0.5323,hydraulic
RCA_TEXT_HFB-03930,HFB-03930,rca_text,作动筒出现轻微泄漏异常，生命周期风险集中在运维阶段，建议优先追溯 HOPR-03930。,0.5967,hydraulic
EVO_TEXT_HFB-03930,HFB-03930,fault_evolution_text,运维阶段风险与运行工况耦合后引起状态劣化，检测指标随严重度同步升高。,0.5967,hydraulic
RCA_TEXT_HFB-03931,HFB-03931,rca_text,结合传感器能量和检测记录，卸荷阀的阀芯卡滞与设计阶段高风险实体 HDES-00802 一致。,0.607,hydraulic
EVO_TEXT_HFB-03931,HFB-03931,fault_evolution_text,设计阶段风险与运行工况耦合后引起状态劣化，检测指标随严重度同步升高。,0.607,hydraulic
RCA_TEXT_HFB-03932,HFB-03932,rca_text,过滤器出现中度温度异常，生命周期风险集中在运维阶段，建议优先追溯 HOPR-03932。,0.6229,hydraulic
EVO_TEXT_HFB-03932,HFB-03932,fault_evolution_text,隐患先导致局部性能退化，随后传感器能量向关联通道集中，最终形成温度异常。,0.6229,hydraulic
RCA_TEXT_HFB-03933,HFB-03933,rca_text,结合传感器能量和检测记录，液压油箱的温度异常与材料阶段高风险实体 HMAT-00279 一致。,0.5761,hydraulic
EVO_TEXT_HFB-03933,HFB-03933,fault_evolution_text,早期异常较弱，运行载荷放大后出现指标漂移，并逐步演化为中度故障。,0.5761,hydraulic
RCA_TEXT_HFB-03934,HFB-03934,rca_text,该案例表现为中度泄漏异常，根因更可能由装配阶段隐患累积触发。,0.5726,hydraulic
EVO_TEXT_HFB-03934,HFB-03934,fault_evolution_text,隐患先导致局部性能退化，随后传感器能量向关联通道集中，最终形成泄漏异常。,0.5726,hydraulic
RCA_TEXT_HFB-03935,HFB-03935,rca_text,卸荷阀出现轻微压力异常，生命周期风险集中在设计阶段，建议优先追溯 HDES-01159。,0.5557,hydraulic
EVO_TEXT_HFB-03935,HFB-03935,fault_evolution_text,早期异常较弱，运行载荷放大后出现指标漂移，并逐步演化为轻微故障。,0.5557,hydraulic
RCA_TEXT_HFB-03936,HFB-03936,rca_text,该案例表现为轻微泄漏异常，根因更可能由制造阶段隐患累积触发。,0.6306,hydraulic
EVO_TEXT_HFB-03936,HFB-03936,fault_evolution_text,早期异常较弱，运行载荷放大后出现指标漂移，并逐步演化为轻微故障。,0.6306,hydraulic
RCA_TEXT_HFB-03937,HFB-03937,rca_text,该案例表现为轻微温度异常，根因更可能由运维阶段隐患累积触发。,0.4911,hydraulic
EVO_TEXT_HFB-03937,HFB-03937,fault_evolution_text,隐患先导致局部性能退化，随后传感器能量向关联通道集中，最终形成温度异常。,0.4911,hydraulic
RCA_TEXT_HFB-03938,HFB-03938,rca_text,卸荷阀出现轻微温度异常，生命周期风险集中在材料阶段，建议优先追溯 HMAT-00199。,0.5378,hydraulic
EVO_TEXT_HFB-03938,HFB-03938,fault_evolution_text,隐患先导致局部性能退化，随后传感器能量向关联通道集中，最终形成温度异常。,0.5378,hydraulic
RCA_TEXT_HFB-03939,HFB-03939,rca_text,该案例表现为轻微温度异常，根因更可能由材料阶段隐患累积触发。,0.564,hydraulic
EVO_TEXT_HFB-03939,HFB-03939,fault_evolution_text,隐患先导致局部性能退化，随后传感器能量向关联通道集中，最终形成温度异常。,0.564,hydraulic
RCA_TEXT_HFB-03940,HFB-03940,rca_text,过滤器出现轻微温度异常，生命周期风险集中在运维阶段，建议优先追溯 HOPR-03940。,0.6336,hydraulic
EVO_TEXT_HFB-03940,HFB-03940,fault_evolution_text,隐患先导致局部性能退化，随后传感器能量向关联通道集中，最终形成温度异常。,0.6336,hydraulic
RCA_TEXT_HFB-03941,HFB-03941,rca_text,该案例表现为轻微振动异常，根因更可能由装配阶段隐患累积触发。,0.6343,hydraulic
EVO_TEXT_HFB-03941,HFB-03941,fault_evolution_text,早期异常较弱，运行载荷放大后出现指标漂移，并逐步演化为轻微故障。,0.6343,hydraulic
RCA_TEXT_HFB-03942,HFB-03942,rca_text,该案例表现为轻微温度异常，根因更可能由运维阶段隐患累积触发。,0.6104,hydraulic
EVO_TEXT_HFB-03942,HFB-03942,fault_evolution_text,隐患先导致局部性能退化，随后传感器能量向关联通道集中，最终形成温度异常。,0.6104,hydraulic
RCA_TEXT_HFB-03943,HFB-03943,rca_text,该案例表现为中度阀芯卡滞，根因更可能由制造阶段隐患累积触发。,0.6193,hydraulic
EVO_TEXT_HFB-03943,HFB-03943,fault_evolution_text,早期异常较弱，运行载荷放大后出现指标漂移，并逐步演化为中度故障。,0.6193,hydraulic
RCA_TEXT_HFB-03944,HFB-03944,rca_text,液压油箱出现轻微流量异常，生命周期风险集中在制造阶段，建议优先追溯 HMAN-00096。,0.6304,hydraulic
EVO_TEXT_HFB-03944,HFB-03944,fault_evolution_text,隐患先导致局部性能退化，随后传感器能量向关联通道集中，最终形成流量异常。,0.6304,hydraulic
RCA_TEXT_HFB-03945,HFB-03945,rca_text,作动筒出现轻微压力异常，生命周期风险集中在运维阶段，建议优先追溯 HOPR-03945。,0.5814,hydraulic
EVO_TEXT_HFB-03945,HFB-03945,fault_evolution_text,早期异常较弱，运行载荷放大后出现指标漂移，并逐步演化为轻微故障。,0.5814,hydraulic
RCA_TEXT_HFB-03946,HFB-03946,rca_text,该案例表现为中度压力异常，根因更可能由设计阶段隐患累积触发。,0.6335,hydraulic
EVO_TEXT_HFB-03946,HFB-03946,fault_evolution_text,设计阶段风险与运行工况耦合后引起状态劣化，检测指标随严重度同步升高。,0.6335,hydraulic
RCA_TEXT_HFB-03947,HFB-03947,rca_text,该案例表现为中度泄漏异常，根因更可能由制造阶段隐患累积触发。,0.6149,hydraulic
EVO_TEXT_HFB-03947,HFB-03947,fault_evolution_text,早期异常较弱，运行载荷放大后出现指标漂移，并逐步演化为中度故障。,0.6149,hydraulic
RCA_TEXT_HFB-03948,HFB-03948,rca_text,结合传感器能量和检测记录，节流阀的流量异常与材料阶段高风险实体 HMAT-00384 一致。,0.6781,hydraulic
EVO_TEXT_HFB-03948,HFB-03948,fault_evolution_text,早期异常较弱，运行载荷放大后出现指标漂移，并逐步演化为中度故障。,0.6781,hydraulic
RCA_TEXT_HFB-03949,HFB-03949,rca_text,结合传感器能量和检测记录，溢流阀的振动异常与运维阶段高风险实体 HOPR-03949 一致。,0.5765,hydraulic
EVO_TEXT_HFB-03949,HFB-03949,fault_evolution_text,运维阶段风险与运行工况耦合后引起状态劣化，检测指标随严重度同步升高。,0.5765,hydraulic
RCA_TEXT_HFB-03950,HFB-03950,rca_text,该案例表现为轻微振动异常，根因更可能由检测阶段隐患累积触发。,0.6038,hydraulic
EVO_TEXT_HFB-03950,HFB-03950,fault_evolution_text,早期异常较弱，运行载荷放大后出现指标漂移，并逐步演化为轻微故障。,0.6038,hydraulic
RCA_TEXT_HFB-03951,HFB-03951,rca_text,结合传感器能量和检测记录，卸荷阀的阀芯卡滞与材料阶段高风险实体 HMAT-00305 一致。,0.5972,hydraulic
EVO_TEXT_HFB-03951,HFB-03951,fault_evolution_text,材料阶段风险与运行工况耦合后引起状态劣化，检测指标随严重度同步升高。,0.5972,hydraulic
RCA_TEXT_HFB-03952,HFB-03952,rca_text,节流阀出现轻微压力异常，生命周期风险集中在运维阶段，建议优先追溯 HOPR-03952。,0.5358,hydraulic
EVO_TEXT_HFB-03952,HFB-03952,fault_evolution_text,隐患先导致局部性能退化，随后传感器能量向关联通道集中，最终形成压力异常。,0.5358,hydraulic
RCA_TEXT_HFB-03953,HFB-03953,rca_text,该案例表现为中度阀芯卡滞，根因更可能由制造阶段隐患累积触发。,0.6235,hydraulic
EVO_TEXT_HFB-03953,HFB-03953,fault_evolution_text,隐患先导致局部性能退化，随后传感器能量向关联通道集中，最终形成阀芯卡滞。,0.6235,hydraulic
RCA_TEXT_HFB-03954,HFB-03954,rca_text,液压油箱出现轻微压力异常，生命周期风险集中在运维阶段，建议优先追溯 HOPR-03954。,0.5895,hydraulic
EVO_TEXT_HFB-03954,HFB-03954,fault_evolution_text,运维阶段风险与运行工况耦合后引起状态劣化，检测指标随严重度同步升高。,0.5895,hydraulic
RCA_TEXT_HFB-03955,HFB-03955,rca_text,方向控制阀出现轻微流量异常，生命周期风险集中在运维阶段，建议优先追溯 HOPR-03955。,0.6275,hydraulic
EVO_TEXT_HFB-03955,HFB-03955,fault_evolution_text,早期异常较弱，运行载荷放大后出现指标漂移，并逐步演化为轻微故障。,0.6275,hydraulic
RCA_TEXT_HFB-03956,HFB-03956,rca_text,液压泵总成出现轻微阀芯卡滞，生命周期风险集中在制造阶段，建议优先追溯 HMAN-00594。,0.5493,hydraulic
EVO_TEXT_HFB-03956,HFB-03956,fault_evolution_text,隐患先导致局部性能退化，随后传感器能量向关联通道集中，最终形成阀芯卡滞。,0.5493,hydraulic
RCA_TEXT_HFB-03957,HFB-03957,rca_text,冷却器出现轻微振动异常，生命周期风险集中在制造阶段，建议优先追溯 HMAN-01120。,0.6336,hydraulic
EVO_TEXT_HFB-03957,HFB-03957,fault_evolution_text,早期异常较弱，运行载荷放大后出现指标漂移，并逐步演化为轻微故障。,0.6336,hydraulic
RCA_TEXT_HFB-03958,HFB-03958,rca_text,结合传感器能量和检测记录，过滤器的振动异常与制造阶段高风险实体 HMAN-00008 一致。,0.6428,hydraulic
EVO_TEXT_HFB-03958,HFB-03958,fault_evolution_text,早期异常较弱，运行载荷放大后出现指标漂移，并逐步演化为轻微故障。,0.6428,hydraulic
RCA_TEXT_HFB-03959,HFB-03959,rca_text,液压油箱出现轻微阀芯卡滞，生命周期风险集中在制造阶段，建议优先追溯 HMAN-00534。,0.5585,hydraulic
EVO_TEXT_HFB-03959,HFB-03959,fault_evolution_text,制造阶段风险与运行工况耦合后引起状态劣化，检测指标随严重度同步升高。,0.5585,hydraulic
RCA_TEXT_HFB-03960,HFB-03960,rca_text,该案例表现为轻微泄漏异常，根因更可能由设计阶段隐患累积触发。,0.5542,hydraulic
EVO_TEXT_HFB-03960,HFB-03960,fault_evolution_text,隐患先导致局部性能退化，随后传感器能量向关联通道集中，最终形成泄漏异常。,0.5542,hydraulic
RCA_TEXT_HFB-03961,HFB-03961,rca_text,该案例表现为轻微压力异常，根因更可能由运维阶段隐患累积触发。,0.6158,hydraulic
EVO_TEXT_HFB-03961,HFB-03961,fault_evolution_text,早期异常较弱，运行载荷放大后出现指标漂移，并逐步演化为轻微故障。,0.6158,hydraulic
RCA_TEXT_HFB-03962,HFB-03962,rca_text,该案例表现为轻微流量异常，根因更可能由运维阶段隐患累积触发。,0.5658,hydraulic
EVO_TEXT_HFB-03962,HFB-03962,fault_evolution_text,运维阶段风险与运行工况耦合后引起状态劣化，检测指标随严重度同步升高。,0.5658,hydraulic
RCA_TEXT_HFB-03963,HFB-03963,rca_text,该案例表现为轻微泄漏异常，根因更可能由运维阶段隐患累积触发。,0.6182,hydraulic
EVO_TEXT_HFB-03963,HFB-03963,fault_evolution_text,运维阶段风险与运行工况耦合后引起状态劣化，检测指标随严重度同步升高。,0.6182,hydraulic
RCA_TEXT_HFB-03964,HFB-03964,rca_text,过滤器出现轻微泄漏异常，生命周期风险集中在设计阶段，建议优先追溯 HDES-00457。,0.6448,hydraulic
EVO_TEXT_HFB-03964,HFB-03964,fault_evolution_text,早期异常较弱，运行载荷放大后出现指标漂移，并逐步演化为轻微故障。,0.6448,hydraulic
RCA_TEXT_HFB-03965,HFB-03965,rca_text,溢流阀出现中度泄漏异常，生命周期风险集中在运维阶段，建议优先追溯 HOPR-03965。,0.6265,hydraulic
EVO_TEXT_HFB-03965,HFB-03965,fault_evolution_text,隐患先导致局部性能退化，随后传感器能量向关联通道集中，最终形成泄漏异常。,0.6265,hydraulic
RCA_TEXT_HFB-03966,HFB-03966,rca_text,该案例表现为轻微压力异常，根因更可能由装配阶段隐患累积触发。,0.5793,hydraulic
EVO_TEXT_HFB-03966,HFB-03966,fault_evolution_text,隐患先导致局部性能退化，随后传感器能量向关联通道集中，最终形成压力异常。,0.5793,hydraulic
RCA_TEXT_HFB-03967,HFB-03967,rca_text,作动筒出现轻微振动异常，生命周期风险集中在装配阶段，建议优先追溯 HASM-03967。,0.5849,hydraulic
EVO_TEXT_HFB-03967,HFB-03967,fault_evolution_text,早期异常较弱，运行载荷放大后出现指标漂移，并逐步演化为轻微故障。,0.5849,hydraulic
RCA_TEXT_HFB-03968,HFB-03968,rca_text,结合传感器能量和检测记录，冷却器的压力异常与运维阶段高风险实体 HOPR-03968 一致。,0.5496,hydraulic
EVO_TEXT_HFB-03968,HFB-03968,fault_evolution_text,隐患先导致局部性能退化，随后传感器能量向关联通道集中，最终形成压力异常。,0.5496,hydraulic
RCA_TEXT_HFB-03969,HFB-03969,rca_text,节流阀出现中度阀芯卡滞，生命周期风险集中在制造阶段，建议优先追溯 HMAN-00167。,0.5826,hydraulic
EVO_TEXT_HFB-03969,HFB-03969,fault_evolution_text,制造阶段风险与运行工况耦合后引起状态劣化，检测指标随严重度同步升高。,0.5826,hydraulic
RCA_TEXT_HFB-03970,HFB-03970,rca_text,液压泵总成出现中度泄漏异常，生命周期风险集中在材料阶段，建议优先追溯 HMAT-00079。,0.6175,hydraulic
EVO_TEXT_HFB-03970,HFB-03970,fault_evolution_text,材料阶段风险与运行工况耦合后引起状态劣化，检测指标随严重度同步升高。,0.6175,hydraulic
RCA_TEXT_HFB-03971,HFB-03971,rca_text,该案例表现为中度振动异常，根因更可能由装配阶段隐患累积触发。,0.7154,hydraulic
EVO_TEXT_HFB-03971,HFB-03971,fault_evolution_text,装配阶段风险与运行工况耦合后引起状态劣化，检测指标随严重度同步升高。,0.7154,hydraulic
RCA_TEXT_HFB-03972,HFB-03972,rca_text,结合传感器能量和检测记录，液压泵总成的泄漏异常与检测阶段高风险实体 HINSP-03972 一致。,0.5453,hydraulic
EVO_TEXT_HFB-03972,HFB-03972,fault_evolution_text,检测阶段风险与运行工况耦合后引起状态劣化，检测指标随严重度同步升高。,0.5453,hydraulic
RCA_TEXT_HFB-03973,HFB-03973,rca_text,冷却器出现轻微压力异常，生命周期风险集中在材料阶段，建议优先追溯 HMAT-00496。,0.5994,hydraulic
EVO_TEXT_HFB-03973,HFB-03973,fault_evolution_text,早期异常较弱，运行载荷放大后出现指标漂移，并逐步演化为轻微故障。,0.5994,hydraulic
RCA_TEXT_HFB-03974,HFB-03974,rca_text,管路总成出现中度泄漏异常，生命周期风险集中在制造阶段，建议优先追溯 HMAN-00893。,0.6731,hydraulic
EVO_TEXT_HFB-03974,HFB-03974,fault_evolution_text,早期异常较弱，运行载荷放大后出现指标漂移，并逐步演化为中度故障。,0.6731,hydraulic
RCA_TEXT_HFB-03975,HFB-03975,rca_text,该案例表现为轻微阀芯卡滞，根因更可能由设计阶段隐患累积触发。,0.5645,hydraulic
EVO_TEXT_HFB-03975,HFB-03975,fault_evolution_text,隐患先导致局部性能退化，随后传感器能量向关联通道集中，最终形成阀芯卡滞。,0.5645,hydraulic
RCA_TEXT_HFB-03976,HFB-03976,rca_text,卸荷阀出现轻微振动异常，生命周期风险集中在材料阶段，建议优先追溯 HMAT-00055。,0.6027,hydraulic
EVO_TEXT_HFB-03976,HFB-03976,fault_evolution_text,早期异常较弱，运行载荷放大后出现指标漂移，并逐步演化为轻微故障。,0.6027,hydraulic
RCA_TEXT_HFB-03977,HFB-03977,rca_text,节流阀出现轻微压力异常，生命周期风险集中在设计阶段，建议优先追溯 HDES-00596。,0.5316,hydraulic
EVO_TEXT_HFB-03977,HFB-03977,fault_evolution_text,早期异常较弱，运行载荷放大后出现指标漂移，并逐步演化为轻微故障。,0.5316,hydraulic
RCA_TEXT_HFB-03978,HFB-03978,rca_text,结合传感器能量和检测记录，管路总成的泄漏异常与设计阶段高风险实体 HPIP-00683 一致。,0.6607,hydraulic
EVO_TEXT_HFB-03978,HFB-03978,fault_evolution_text,早期异常较弱，运行载荷放大后出现指标漂移，并逐步演化为中度故障。,0.6607,hydraulic
RCA_TEXT_HFB-03979,HFB-03979,rca_text,蓄能器出现轻微阀芯卡滞，生命周期风险集中在运维阶段，建议优先追溯 HOPR-03979。,0.5578,hydraulic
EVO_TEXT_HFB-03979,HFB-03979,fault_evolution_text,早期异常较弱，运行载荷放大后出现指标漂移，并逐步演化为轻微故障。,0.5578,hydraulic
RCA_TEXT_HFB-03980,HFB-03980,rca_text,结合传感器能量和检测记录，方向控制阀的流量异常与运维阶段高风险实体 HOPR-03980 一致。,0.6861,hydraulic
EVO_TEXT_HFB-03980,HFB-03980,fault_evolution_text,运维阶段风险与运行工况耦合后引起状态劣化，检测指标随严重度同步升高。,0.6861,hydraulic
RCA_TEXT_HFB-03981,HFB-03981,rca_text,方向控制阀出现轻微阀芯卡滞，生命周期风险集中在运维阶段，建议优先追溯 HOPR-03981。,0.5587,hydraulic
EVO_TEXT_HFB-03981,HFB-03981,fault_evolution_text,隐患先导致局部性能退化，随后传感器能量向关联通道集中，最终形成阀芯卡滞。,0.5587,hydraulic
RCA_TEXT_HFB-03982,HFB-03982,rca_text,单向阀出现中度阀芯卡滞，生命周期风险集中在材料阶段，建议优先追溯 HMAT-00070。,0.6415,hydraulic
EVO_TEXT_HFB-03982,HFB-03982,fault_evolution_text,材料阶段风险与运行工况耦合后引起状态劣化，检测指标随严重度同步升高。,0.6415,hydraulic
RCA_TEXT_HFB-03983,HFB-03983,rca_text,该案例表现为中度压力异常，根因更可能由设计阶段隐患累积触发。,0.5716,hydraulic
EVO_TEXT_HFB-03983,HFB-03983,fault_evolution_text,设计阶段风险与运行工况耦合后引起状态劣化，检测指标随严重度同步升高。,0.5716,hydraulic
RCA_TEXT_HFB-03984,HFB-03984,rca_text,节流阀出现轻微压力异常，生命周期风险集中在运维阶段，建议优先追溯 HOPR-03984。,0.5879,hydraulic
EVO_TEXT_HFB-03984,HFB-03984,fault_evolution_text,早期异常较弱，运行载荷放大后出现指标漂移，并逐步演化为轻微故障。,0.5879,hydraulic
RCA_TEXT_HFB-03985,HFB-03985,rca_text,结合传感器能量和检测记录，管路总成的压力异常与运维阶段高风险实体 HOPR-03985 一致。,0.5897,hydraulic
EVO_TEXT_HFB-03985,HFB-03985,fault_evolution_text,运维阶段风险与运行工况耦合后引起状态劣化，检测指标随严重度同步升高。,0.5897,hydraulic
RCA_TEXT_HFB-03986,HFB-03986,rca_text,结合传感器能量和检测记录，液压油箱的温度异常与材料阶段高风险实体 HMAT-00586 一致。,0.6326,hydraulic
EVO_TEXT_HFB-03986,HFB-03986,fault_evolution_text,隐患先导致局部性能退化，随后传感器能量向关联通道集中，最终形成温度异常。,0.6326,hydraulic
RCA_TEXT_HFB-03987,HFB-03987,rca_text,该案例表现为轻微阀芯卡滞，根因更可能由运维阶段隐患累积触发。,0.5996,hydraulic
EVO_TEXT_HFB-03987,HFB-03987,fault_evolution_text,运维阶段风险与运行工况耦合后引起状态劣化，检测指标随严重度同步升高。,0.5996,hydraulic
RCA_TEXT_HFB-03988,HFB-03988,rca_text,该案例表现为中度阀芯卡滞，根因更可能由材料阶段隐患累积触发。,0.6088,hydraulic
EVO_TEXT_HFB-03988,HFB-03988,fault_evolution_text,隐患先导致局部性能退化，随后传感器能量向关联通道集中，最终形成阀芯卡滞。,0.6088,hydraulic
RCA_TEXT_HFB-03989,HFB-03989,rca_text,方向控制阀出现轻微泄漏异常，生命周期风险集中在材料阶段，建议优先追溯 HMAT-00157。,0.5816,hydraulic
EVO_TEXT_HFB-03989,HFB-03989,fault_evolution_text,材料阶段风险与运行工况耦合后引起状态劣化，检测指标随严重度同步升高。,0.5816,hydraulic
RCA_TEXT_HFB-03990,HFB-03990,rca_text,结合传感器能量和检测记录，过滤器的流量异常与检测阶段高风险实体 HINSP-03990 一致。,0.6694,hydraulic
EVO_TEXT_HFB-03990,HFB-03990,fault_evolution_text,检测阶段风险与运行工况耦合后引起状态劣化，检测指标随严重度同步升高。,0.6694,hydraulic
RCA_TEXT_HFB-03991,HFB-03991,rca_text,结合传感器能量和检测记录，溢流阀的阀芯卡滞与制造阶段高风险实体 HMAN-00895 一致。,0.6836,hydraulic
EVO_TEXT_HFB-03991,HFB-03991,fault_evolution_text,隐患先导致局部性能退化，随后传感器能量向关联通道集中，最终形成阀芯卡滞。,0.6836,hydraulic
RCA_TEXT_HFB-03992,HFB-03992,rca_text,冷却器出现轻微泄漏异常，生命周期风险集中在制造阶段，建议优先追溯 HMAN-00596。,0.5973,hydraulic
EVO_TEXT_HFB-03992,HFB-03992,fault_evolution_text,制造阶段风险与运行工况耦合后引起状态劣化，检测指标随严重度同步升高。,0.5973,hydraulic
RCA_TEXT_HFB-03993,HFB-03993,rca_text,该案例表现为中度压力异常，根因更可能由装配阶段隐患累积触发。,0.5793,hydraulic
EVO_TEXT_HFB-03993,HFB-03993,fault_evolution_text,隐患先导致局部性能退化，随后传感器能量向关联通道集中，最终形成压力异常。,0.5793,hydraulic
RCA_TEXT_HFB-03994,HFB-03994,rca_text,结合传感器能量和检测记录，管路总成的泄漏异常与材料阶段高风险实体 HMAT-00118 一致。,0.5625,hydraulic
EVO_TEXT_HFB-03994,HFB-03994,fault_evolution_text,早期异常较弱，运行载荷放大后出现指标漂移，并逐步演化为中度故障。,0.5625,hydraulic
RCA_TEXT_HFB-03995,HFB-03995,rca_text,该案例表现为中度振动异常，根因更可能由运维阶段隐患累积触发。,0.5438,hydraulic
EVO_TEXT_HFB-03995,HFB-03995,fault_evolution_text,隐患先导致局部性能退化，随后传感器能量向关联通道集中，最终形成振动异常。,0.5438,hydraulic
RCA_TEXT_HFB-03996,HFB-03996,rca_text,液压泵总成出现轻微阀芯卡滞，生命周期风险集中在制造阶段，建议优先追溯 HMAN-00792。,0.5539,hydraulic
EVO_TEXT_HFB-03996,HFB-03996,fault_evolution_text,隐患先导致局部性能退化，随后传感器能量向关联通道集中，最终形成阀芯卡滞。,0.5539,hydraulic
RCA_TEXT_HFB-03997,HFB-03997,rca_text,该案例表现为轻微泄漏异常，根因更可能由材料阶段隐患累积触发。,0.603,hydraulic
EVO_TEXT_HFB-03997,HFB-03997,fault_evolution_text,早期异常较弱，运行载荷放大后出现指标漂移，并逐步演化为轻微故障。,0.603,hydraulic
RCA_TEXT_HFB-03998,HFB-03998,rca_text,该案例表现为轻微振动异常，根因更可能由制造阶段隐患累积触发。,0.558,hydraulic
EVO_TEXT_HFB-03998,HFB-03998,fault_evolution_text,早期异常较弱，运行载荷放大后出现指标漂移，并逐步演化为轻微故障。,0.558,hydraulic
RCA_TEXT_HFB-03999,HFB-03999,rca_text,溢流阀出现轻微阀芯卡滞，生命周期风险集中在运维阶段，建议优先追溯 HOPR-03999。,0.6117,hydraulic
EVO_TEXT_HFB-03999,HFB-03999,fault_evolution_text,早期异常较弱，运行载荷放大后出现指标漂移，并逐步演化为轻微故障。,0.6117,hydraulic
RCA_TEXT_HFB-04000,HFB-04000,rca_text,溢流阀出现轻微压力异常，生命周期风险集中在材料阶段，建议优先追溯 HMAT-00110。,0.6112,hydraulic
EVO_TEXT_HFB-04000,HFB-04000,fault_evolution_text,隐患先导致局部性能退化，随后传感器能量向关联通道集中，最终形成压力异常。,0.6112,hydraulic
RCA_TEXT_HFB-04001,HFB-04001,rca_text,结合传感器能量和检测记录，管路总成的压力异常与材料阶段高风险实体 HMAT-00397 一致。,0.5943,hydraulic
EVO_TEXT_HFB-04001,HFB-04001,fault_evolution_text,材料阶段风险与运行工况耦合后引起状态劣化，检测指标随严重度同步升高。,0.5943,hydraulic
RCA_TEXT_HFB-04002,HFB-04002,rca_text,管路总成出现中度压力异常，生命周期风险集中在制造阶段，建议优先追溯 HMAN-00622。,0.6389,hydraulic
EVO_TEXT_HFB-04002,HFB-04002,fault_evolution_text,制造阶段风险与运行工况耦合后引起状态劣化，检测指标随严重度同步升高。,0.6389,hydraulic
RCA_TEXT_HFB-04003,HFB-04003,rca_text,结合传感器能量和检测记录，溢流阀的压力异常与运维阶段高风险实体 HOPR-04003 一致。,0.6281,hydraulic
EVO_TEXT_HFB-04003,HFB-04003,fault_evolution_text,隐患先导致局部性能退化，随后传感器能量向关联通道集中，最终形成压力异常。,0.6281,hydraulic
RCA_TEXT_HFB-04004,HFB-04004,rca_text,该案例表现为轻微压力异常，根因更可能由设计阶段隐患累积触发。,0.6202,hydraulic
EVO_TEXT_HFB-04004,HFB-04004,fault_evolution_text,隐患先导致局部性能退化，随后传感器能量向关联通道集中，最终形成压力异常。,0.6202,hydraulic
RCA_TEXT_HFB-04005,HFB-04005,rca_text,该案例表现为中度压力异常，根因更可能由设计阶段隐患累积触发。,0.63,hydraulic
EVO_TEXT_HFB-04005,HFB-04005,fault_evolution_text,设计阶段风险与运行工况耦合后引起状态劣化，检测指标随严重度同步升高。,0.63,hydraulic
RCA_TEXT_HFB-04006,HFB-04006,rca_text,结合传感器能量和检测记录，单向阀的阀芯卡滞与运维阶段高风险实体 HOPR-04006 一致。,0.6476,hydraulic
EVO_TEXT_HFB-04006,HFB-04006,fault_evolution_text,早期异常较弱，运行载荷放大后出现指标漂移，并逐步演化为中度故障。,0.6476,hydraulic
RCA_TEXT_HFB-04007,HFB-04007,rca_text,该案例表现为轻微流量异常，根因更可能由运维阶段隐患累积触发。,0.614,hydraulic
EVO_TEXT_HFB-04007,HFB-04007,fault_evolution_text,早期异常较弱，运行载荷放大后出现指标漂移，并逐步演化为轻微故障。,0.614,hydraulic
RCA_TEXT_HFB-04008,HFB-04008,rca_text,结合传感器能量和检测记录，冷却器的阀芯卡滞与材料阶段高风险实体 HMAT-00174 一致。,0.6081,hydraulic
EVO_TEXT_HFB-04008,HFB-04008,fault_evolution_text,隐患先导致局部性能退化，随后传感器能量向关联通道集中，最终形成阀芯卡滞。,0.6081,hydraulic
RCA_TEXT_HFB-04009,HFB-04009,rca_text,该案例表现为中度流量异常，根因更可能由运维阶段隐患累积触发。,0.6548,hydraulic
EVO_TEXT_HFB-04009,HFB-04009,fault_evolution_text,隐患先导致局部性能退化，随后传感器能量向关联通道集中，最终形成流量异常。,0.6548,hydraulic
RCA_TEXT_HFB-04010,HFB-04010,rca_text,该案例表现为轻微振动异常，根因更可能由运维阶段隐患累积触发。,0.612,hydraulic
EVO_TEXT_HFB-04010,HFB-04010,fault_evolution_text,早期异常较弱，运行载荷放大后出现指标漂移，并逐步演化为轻微故障。,0.612,hydraulic
RCA_TEXT_HFB-04011,HFB-04011,rca_text,冷却器出现轻微压力异常，生命周期风险集中在设计阶段，建议优先追溯 HDES-01150。,0.5544,hydraulic
EVO_TEXT_HFB-04011,HFB-04011,fault_evolution_text,隐患先导致局部性能退化，随后传感器能量向关联通道集中，最终形成压力异常。,0.5544,hydraulic
RCA_TEXT_HFB-04012,HFB-04012,rca_text,结合传感器能量和检测记录，溢流阀的阀芯卡滞与运维阶段高风险实体 HOPR-04012 一致。,0.6634,hydraulic
EVO_TEXT_HFB-04012,HFB-04012,fault_evolution_text,运维阶段风险与运行工况耦合后引起状态劣化，检测指标随严重度同步升高。,0.6634,hydraulic
RCA_TEXT_HFB-04013,HFB-04013,rca_text,结合传感器能量和检测记录，过滤器的温度异常与运维阶段高风险实体 HOPR-04013 一致。,0.6446,hydraulic
EVO_TEXT_HFB-04013,HFB-04013,fault_evolution_text,运维阶段风险与运行工况耦合后引起状态劣化，检测指标随严重度同步升高。,0.6446,hydraulic
RCA_TEXT_HFB-04014,HFB-04014,rca_text,该案例表现为中度流量异常，根因更可能由制造阶段隐患累积触发。,0.5832,hydraulic
EVO_TEXT_HFB-04014,HFB-04014,fault_evolution_text,隐患先导致局部性能退化，随后传感器能量向关联通道集中，最终形成流量异常。,0.5832,hydraulic
RCA_TEXT_HFB-04015,HFB-04015,rca_text,该案例表现为轻微振动异常，根因更可能由制造阶段隐患累积触发。,0.6022,hydraulic
EVO_TEXT_HFB-04015,HFB-04015,fault_evolution_text,早期异常较弱，运行载荷放大后出现指标漂移，并逐步演化为轻微故障。,0.6022,hydraulic
RCA_TEXT_HFB-04016,HFB-04016,rca_text,该案例表现为轻微阀芯卡滞，根因更可能由运维阶段隐患累积触发。,0.5732,hydraulic
EVO_TEXT_HFB-04016,HFB-04016,fault_evolution_text,运维阶段风险与运行工况耦合后引起状态劣化，检测指标随严重度同步升高。,0.5732,hydraulic
RCA_TEXT_HFB-04017,HFB-04017,rca_text,该案例表现为轻微阀芯卡滞，根因更可能由运维阶段隐患累积触发。,0.633,hydraulic
EVO_TEXT_HFB-04017,HFB-04017,fault_evolution_text,早期异常较弱，运行载荷放大后出现指标漂移，并逐步演化为轻微故障。,0.633,hydraulic
RCA_TEXT_HFB-04018,HFB-04018,rca_text,该案例表现为轻微振动异常，根因更可能由材料阶段隐患累积触发。,0.5824,hydraulic
EVO_TEXT_HFB-04018,HFB-04018,fault_evolution_text,材料阶段风险与运行工况耦合后引起状态劣化，检测指标随严重度同步升高。,0.5824,hydraulic
RCA_TEXT_HFB-04019,HFB-04019,rca_text,结合传感器能量和检测记录，管路总成的压力异常与装配阶段高风险实体 HASM-04019 一致。,0.6581,hydraulic
EVO_TEXT_HFB-04019,HFB-04019,fault_evolution_text,隐患先导致局部性能退化，随后传感器能量向关联通道集中，最终形成压力异常。,0.6581,hydraulic
RCA_TEXT_HFB-04020,HFB-04020,rca_text,结合传感器能量和检测记录，蓄能器的流量异常与运维阶段高风险实体 HOPR-04020 一致。,0.6092,hydraulic
EVO_TEXT_HFB-04020,HFB-04020,fault_evolution_text,早期异常较弱，运行载荷放大后出现指标漂移，并逐步演化为轻微故障。,0.6092,hydraulic
RCA_TEXT_HFB-04021,HFB-04021,rca_text,结合传感器能量和检测记录，过滤器的压力异常与检测阶段高风险实体 HINSP-04021 一致。,0.5291,hydraulic
EVO_TEXT_HFB-04021,HFB-04021,fault_evolution_text,检测阶段风险与运行工况耦合后引起状态劣化，检测指标随严重度同步升高。,0.5291,hydraulic
RCA_TEXT_HFB-04022,HFB-04022,rca_text,溢流阀出现轻微压力异常，生命周期风险集中在制造阶段，建议优先追溯 HMAN-00491。,0.68,hydraulic
EVO_TEXT_HFB-04022,HFB-04022,fault_evolution_text,制造阶段风险与运行工况耦合后引起状态劣化，检测指标随严重度同步升高。,0.68,hydraulic
RCA_TEXT_HFB-04023,HFB-04023,rca_text,该案例表现为中度泄漏异常，根因更可能由运维阶段隐患累积触发。,0.6167,hydraulic
EVO_TEXT_HFB-04023,HFB-04023,fault_evolution_text,运维阶段风险与运行工况耦合后引起状态劣化，检测指标随严重度同步升高。,0.6167,hydraulic
RCA_TEXT_HFB-04024,HFB-04024,rca_text,溢流阀出现中度压力异常，生命周期风险集中在制造阶段，建议优先追溯 HMAN-01020。,0.6093,hydraulic
EVO_TEXT_HFB-04024,HFB-04024,fault_evolution_text,早期异常较弱，运行载荷放大后出现指标漂移，并逐步演化为中度故障。,0.6093,hydraulic
RCA_TEXT_HFB-04025,HFB-04025,rca_text,结合传感器能量和检测记录，作动筒的振动异常与运维阶段高风险实体 HOPR-04025 一致。,0.5826,hydraulic
EVO_TEXT_HFB-04025,HFB-04025,fault_evolution_text,早期异常较弱，运行载荷放大后出现指标漂移，并逐步演化为中度故障。,0.5826,hydraulic
RCA_TEXT_HFB-04026,HFB-04026,rca_text,结合传感器能量和检测记录，方向控制阀的流量异常与运维阶段高风险实体 HOPR-04026 一致。,0.628,hydraulic
EVO_TEXT_HFB-04026,HFB-04026,fault_evolution_text,早期异常较弱，运行载荷放大后出现指标漂移，并逐步演化为中度故障。,0.628,hydraulic
RCA_TEXT_HFB-04027,HFB-04027,rca_text,结合传感器能量和检测记录，卸荷阀的振动异常与装配阶段高风险实体 HASM-04027 一致。,0.5751,hydraulic
EVO_TEXT_HFB-04027,HFB-04027,fault_evolution_text,装配阶段风险与运行工况耦合后引起状态劣化，检测指标随严重度同步升高。,0.5751,hydraulic
RCA_TEXT_HFB-04028,HFB-04028,rca_text,管路总成出现中度振动异常，生命周期风险集中在制造阶段，建议优先追溯 HMAN-00095。,0.7084,hydraulic
EVO_TEXT_HFB-04028,HFB-04028,fault_evolution_text,隐患先导致局部性能退化，随后传感器能量向关联通道集中，最终形成振动异常。,0.7084,hydraulic
RCA_TEXT_HFB-04029,HFB-04029,rca_text,冷却器出现中度温度异常，生命周期风险集中在设计阶段，建议优先追溯 HDES-00014。,0.6084,hydraulic
EVO_TEXT_HFB-04029,HFB-04029,fault_evolution_text,隐患先导致局部性能退化，随后传感器能量向关联通道集中，最终形成温度异常。,0.6084,hydraulic
RCA_TEXT_HFB-04030,HFB-04030,rca_text,结合传感器能量和检测记录，冷却器的泄漏异常与制造阶段高风险实体 HMAN-00064 一致。,0.5581,hydraulic
EVO_TEXT_HFB-04030,HFB-04030,fault_evolution_text,隐患先导致局部性能退化，随后传感器能量向关联通道集中，最终形成泄漏异常。,0.5581,hydraulic
RCA_TEXT_HFB-04031,HFB-04031,rca_text,作动筒出现轻微流量异常，生命周期风险集中在检测阶段，建议优先追溯 HINSP-04031。,0.6172,hydraulic
EVO_TEXT_HFB-04031,HFB-04031,fault_evolution_text,早期异常较弱，运行载荷放大后出现指标漂移，并逐步演化为轻微故障。,0.6172,hydraulic
RCA_TEXT_HFB-04032,HFB-04032,rca_text,该案例表现为轻微压力异常，根因更可能由制造阶段隐患累积触发。,0.5057,hydraulic
EVO_TEXT_HFB-04032,HFB-04032,fault_evolution_text,制造阶段风险与运行工况耦合后引起状态劣化，检测指标随严重度同步升高。,0.5057,hydraulic
RCA_TEXT_HFB-04033,HFB-04033,rca_text,冷却器出现轻微阀芯卡滞，生命周期风险集中在装配阶段，建议优先追溯 HASM-04033。,0.6097,hydraulic
EVO_TEXT_HFB-04033,HFB-04033,fault_evolution_text,装配阶段风险与运行工况耦合后引起状态劣化，检测指标随严重度同步升高。,0.6097,hydraulic
RCA_TEXT_HFB-04034,HFB-04034,rca_text,蓄能器出现轻微振动异常，生命周期风险集中在设计阶段，建议优先追溯 HDES-00220。,0.6342,hydraulic
EVO_TEXT_HFB-04034,HFB-04034,fault_evolution_text,隐患先导致局部性能退化，随后传感器能量向关联通道集中，最终形成振动异常。,0.6342,hydraulic
RCA_TEXT_HFB-04035,HFB-04035,rca_text,结合传感器能量和检测记录，过滤器的压力异常与装配阶段高风险实体 HASM-04035 一致。,0.6176,hydraulic
EVO_TEXT_HFB-04035,HFB-04035,fault_evolution_text,装配阶段风险与运行工况耦合后引起状态劣化，检测指标随严重度同步升高。,0.6176,hydraulic
RCA_TEXT_HFB-04036,HFB-04036,rca_text,该案例表现为轻微流量异常，根因更可能由运维阶段隐患累积触发。,0.5791,hydraulic
EVO_TEXT_HFB-04036,HFB-04036,fault_evolution_text,运维阶段风险与运行工况耦合后引起状态劣化，检测指标随严重度同步升高。,0.5791,hydraulic
RCA_TEXT_HFB-04037,HFB-04037,rca_text,该案例表现为中度压力异常，根因更可能由运维阶段隐患累积触发。,0.5976,hydraulic
EVO_TEXT_HFB-04037,HFB-04037,fault_evolution_text,隐患先导致局部性能退化，随后传感器能量向关联通道集中，最终形成压力异常。,0.5976,hydraulic
RCA_TEXT_HFB-04038,HFB-04038,rca_text,管路总成出现中度泄漏异常，生命周期风险集中在装配阶段，建议优先追溯 HASM-04038。,0.6607,hydraulic
EVO_TEXT_HFB-04038,HFB-04038,fault_evolution_text,装配阶段风险与运行工况耦合后引起状态劣化，检测指标随严重度同步升高。,0.6607,hydraulic
RCA_TEXT_HFB-04039,HFB-04039,rca_text,该案例表现为中度温度异常，根因更可能由材料阶段隐患累积触发。,0.5812,hydraulic
EVO_TEXT_HFB-04039,HFB-04039,fault_evolution_text,材料阶段风险与运行工况耦合后引起状态劣化，检测指标随严重度同步升高。,0.5812,hydraulic
RCA_TEXT_HFB-04040,HFB-04040,rca_text,该案例表现为轻微温度异常，根因更可能由制造阶段隐患累积触发。,0.5976,hydraulic
EVO_TEXT_HFB-04040,HFB-04040,fault_evolution_text,制造阶段风险与运行工况耦合后引起状态劣化，检测指标随严重度同步升高。,0.5976,hydraulic
RCA_TEXT_HFB-04041,HFB-04041,rca_text,该案例表现为轻微流量异常，根因更可能由装配阶段隐患累积触发。,0.6205,hydraulic
EVO_TEXT_HFB-04041,HFB-04041,fault_evolution_text,隐患先导致局部性能退化，随后传感器能量向关联通道集中，最终形成流量异常。,0.6205,hydraulic
RCA_TEXT_HFB-04042,HFB-04042,rca_text,结合传感器能量和检测记录，管路总成的压力异常与运维阶段高风险实体 HOPR-04042 一致。,0.6199,hydraulic
EVO_TEXT_HFB-04042,HFB-04042,fault_evolution_text,运维阶段风险与运行工况耦合后引起状态劣化，检测指标随严重度同步升高。,0.6199,hydraulic
RCA_TEXT_HFB-04043,HFB-04043,rca_text,管路总成出现中度流量异常，生命周期风险集中在材料阶段，建议优先追溯 HMAT-00373。,0.6633,hydraulic
EVO_TEXT_HFB-04043,HFB-04043,fault_evolution_text,隐患先导致局部性能退化，随后传感器能量向关联通道集中，最终形成流量异常。,0.6633,hydraulic
RCA_TEXT_HFB-04044,HFB-04044,rca_text,结合传感器能量和检测记录，液压油箱的温度异常与运维阶段高风险实体 HOPR-04044 一致。,0.5717,hydraulic
EVO_TEXT_HFB-04044,HFB-04044,fault_evolution_text,运维阶段风险与运行工况耦合后引起状态劣化，检测指标随严重度同步升高。,0.5717,hydraulic
RCA_TEXT_HFB-04045,HFB-04045,rca_text,蓄能器出现轻微流量异常，生命周期风险集中在设计阶段，建议优先追溯 HDES-00049。,0.5516,hydraulic
EVO_TEXT_HFB-04045,HFB-04045,fault_evolution_text,隐患先导致局部性能退化，随后传感器能量向关联通道集中，最终形成流量异常。,0.5516,hydraulic
RCA_TEXT_HFB-04046,HFB-04046,rca_text,结合传感器能量和检测记录，管路总成的压力异常与设计阶段高风险实体 HPIP-00695 一致。,0.5781,hydraulic
EVO_TEXT_HFB-04046,HFB-04046,fault_evolution_text,隐患先导致局部性能退化，随后传感器能量向关联通道集中，最终形成压力异常。,0.5781,hydraulic
RCA_TEXT_HFB-04047,HFB-04047,rca_text,溢流阀出现轻微泄漏异常，生命周期风险集中在装配阶段，建议优先追溯 HASM-04047。,0.5697,hydraulic
EVO_TEXT_HFB-04047,HFB-04047,fault_evolution_text,装配阶段风险与运行工况耦合后引起状态劣化，检测指标随严重度同步升高。,0.5697,hydraulic
RCA_TEXT_HFB-04048,HFB-04048,rca_text,单向阀出现轻微阀芯卡滞，生命周期风险集中在运维阶段，建议优先追溯 HOPR-04048。,0.5762,hydraulic
EVO_TEXT_HFB-04048,HFB-04048,fault_evolution_text,运维阶段风险与运行工况耦合后引起状态劣化，检测指标随严重度同步升高。,0.5762,hydraulic
RCA_TEXT_HFB-04049,HFB-04049,rca_text,结合传感器能量和检测记录，单向阀的压力异常与运维阶段高风险实体 HOPR-04049 一致。,0.5681,hydraulic
EVO_TEXT_HFB-04049,HFB-04049,fault_evolution_text,早期异常较弱，运行载荷放大后出现指标漂移，并逐步演化为轻微故障。,0.5681,hydraulic
RCA_TEXT_HFB-04050,HFB-04050,rca_text,结合传感器能量和检测记录，管路总成的流量异常与材料阶段高风险实体 HMAT-00262 一致。,0.5649,hydraulic
EVO_TEXT_HFB-04050,HFB-04050,fault_evolution_text,早期异常较弱，运行载荷放大后出现指标漂移，并逐步演化为中度故障。,0.5649,hydraulic
RCA_TEXT_HFB-04051,HFB-04051,rca_text,结合传感器能量和检测记录，管路总成的阀芯卡滞与设计阶段高风险实体 HPIP-00697 一致。,0.587,hydraulic
EVO_TEXT_HFB-04051,HFB-04051,fault_evolution_text,早期异常较弱，运行载荷放大后出现指标漂移，并逐步演化为轻微故障。,0.587,hydraulic
RCA_TEXT_HFB-04052,HFB-04052,rca_text,该案例表现为轻微流量异常，根因更可能由运维阶段隐患累积触发。,0.6456,hydraulic
EVO_TEXT_HFB-04052,HFB-04052,fault_evolution_text,早期异常较弱，运行载荷放大后出现指标漂移，并逐步演化为轻微故障。,0.6456,hydraulic
RCA_TEXT_HFB-04053,HFB-04053,rca_text,液压油箱出现轻微流量异常，生命周期风险集中在运维阶段，建议优先追溯 HOPR-04053。,0.5947,hydraulic
EVO_TEXT_HFB-04053,HFB-04053,fault_evolution_text,运维阶段风险与运行工况耦合后引起状态劣化，检测指标随严重度同步升高。,0.5947,hydraulic
RCA_TEXT_HFB-04054,HFB-04054,rca_text,卸荷阀出现中度压力异常，生命周期风险集中在运维阶段，建议优先追溯 HOPR-04054。,0.696,hydraulic
EVO_TEXT_HFB-04054,HFB-04054,fault_evolution_text,早期异常较弱，运行载荷放大后出现指标漂移，并逐步演化为中度故障。,0.696,hydraulic
RCA_TEXT_HFB-04055,HFB-04055,rca_text,管路总成出现中度振动异常，生命周期风险集中在设计阶段，建议优先追溯 HPIP-00698。,0.6329,hydraulic
EVO_TEXT_HFB-04055,HFB-04055,fault_evolution_text,设计阶段风险与运行工况耦合后引起状态劣化，检测指标随严重度同步升高。,0.6329,hydraulic
RCA_TEXT_HFB-04056,HFB-04056,rca_text,液压油箱出现轻微温度异常，生命周期风险集中在运维阶段，建议优先追溯 HOPR-04056。,0.6076,hydraulic
EVO_TEXT_HFB-04056,HFB-04056,fault_evolution_text,早期异常较弱，运行载荷放大后出现指标漂移，并逐步演化为轻微故障。,0.6076,hydraulic
RCA_TEXT_HFB-04057,HFB-04057,rca_text,结合传感器能量和检测记录，蓄能器的温度异常与材料阶段高风险实体 HMAT-00125 一致。,0.5813,hydraulic
EVO_TEXT_HFB-04057,HFB-04057,fault_evolution_text,早期异常较弱，运行载荷放大后出现指标漂移，并逐步演化为轻微故障。,0.5813,hydraulic
RCA_TEXT_HFB-04058,HFB-04058,rca_text,结合传感器能量和检测记录，液压油箱的压力异常与运维阶段高风险实体 HOPR-04058 一致。,0.6223,hydraulic
EVO_TEXT_HFB-04058,HFB-04058,fault_evolution_text,隐患先导致局部性能退化，随后传感器能量向关联通道集中，最终形成压力异常。,0.6223,hydraulic
RCA_TEXT_HFB-04059,HFB-04059,rca_text,该案例表现为轻微振动异常，根因更可能由运维阶段隐患累积触发。,0.559,hydraulic
EVO_TEXT_HFB-04059,HFB-04059,fault_evolution_text,运维阶段风险与运行工况耦合后引起状态劣化，检测指标随严重度同步升高。,0.559,hydraulic
RCA_TEXT_HFB-04060,HFB-04060,rca_text,过滤器出现轻微流量异常，生命周期风险集中在材料阶段，建议优先追溯 HMAT-00482。,0.5691,hydraulic
EVO_TEXT_HFB-04060,HFB-04060,fault_evolution_text,早期异常较弱，运行载荷放大后出现指标漂移，并逐步演化为轻微故障。,0.5691,hydraulic
RCA_TEXT_HFB-04061,HFB-04061,rca_text,结合传感器能量和检测记录，管路总成的压力异常与设计阶段高风险实体 HPIP-00699 一致。,0.6152,hydraulic
EVO_TEXT_HFB-04061,HFB-04061,fault_evolution_text,早期异常较弱，运行载荷放大后出现指标漂移，并逐步演化为中度故障。,0.6152,hydraulic
RCA_TEXT_HFB-04062,HFB-04062,rca_text,该案例表现为轻微振动异常，根因更可能由设计阶段隐患累积触发。,0.5934,hydraulic
EVO_TEXT_HFB-04062,HFB-04062,fault_evolution_text,设计阶段风险与运行工况耦合后引起状态劣化，检测指标随严重度同步升高。,0.5934,hydraulic
RCA_TEXT_HFB-04063,HFB-04063,rca_text,溢流阀出现轻微泄漏异常，生命周期风险集中在装配阶段，建议优先追溯 HASM-04063。,0.6825,hydraulic
EVO_TEXT_HFB-04063,HFB-04063,fault_evolution_text,装配阶段风险与运行工况耦合后引起状态劣化，检测指标随严重度同步升高。,0.6825,hydraulic
RCA_TEXT_HFB-04064,HFB-04064,rca_text,该案例表现为中度泄漏异常，根因更可能由装配阶段隐患累积触发。,0.648,hydraulic
EVO_TEXT_HFB-04064,HFB-04064,fault_evolution_text,装配阶段风险与运行工况耦合后引起状态劣化，检测指标随严重度同步升高。,0.648,hydraulic
RCA_TEXT_HFB-04065,HFB-04065,rca_text,结合传感器能量和检测记录，溢流阀的压力异常与运维阶段高风险实体 HOPR-04065 一致。,0.5993,hydraulic
EVO_TEXT_HFB-04065,HFB-04065,fault_evolution_text,运维阶段风险与运行工况耦合后引起状态劣化，检测指标随严重度同步升高。,0.5993,hydraulic
RCA_TEXT_HFB-04066,HFB-04066,rca_text,该案例表现为轻微流量异常，根因更可能由运维阶段隐患累积触发。,0.5725,hydraulic
EVO_TEXT_HFB-04066,HFB-04066,fault_evolution_text,运维阶段风险与运行工况耦合后引起状态劣化，检测指标随严重度同步升高。,0.5725,hydraulic
RCA_TEXT_HFB-04067,HFB-04067,rca_text,结合传感器能量和检测记录，蓄能器的压力异常与材料阶段高风险实体 HMAT-00470 一致。,0.5813,hydraulic
EVO_TEXT_HFB-04067,HFB-04067,fault_evolution_text,材料阶段风险与运行工况耦合后引起状态劣化，检测指标随严重度同步升高。,0.5813,hydraulic
RCA_TEXT_HFB-04068,HFB-04068,rca_text,卸荷阀出现中度泄漏异常，生命周期风险集中在装配阶段，建议优先追溯 HASM-04068。,0.5831,hydraulic
EVO_TEXT_HFB-04068,HFB-04068,fault_evolution_text,装配阶段风险与运行工况耦合后引起状态劣化，检测指标随严重度同步升高。,0.5831,hydraulic
RCA_TEXT_HFB-04069,HFB-04069,rca_text,管路总成出现中度压力异常，生命周期风险集中在制造阶段，建议优先追溯 HMAN-00894。,0.6044,hydraulic
EVO_TEXT_HFB-04069,HFB-04069,fault_evolution_text,制造阶段风险与运行工况耦合后引起状态劣化，检测指标随严重度同步升高。,0.6044,hydraulic
RCA_TEXT_HFB-04070,HFB-04070,rca_text,结合传感器能量和检测记录，节流阀的流量异常与装配阶段高风险实体 HASM-04070 一致。,0.6319,hydraulic
EVO_TEXT_HFB-04070,HFB-04070,fault_evolution_text,早期异常较弱，运行载荷放大后出现指标漂移，并逐步演化为轻微故障。,0.6319,hydraulic
RCA_TEXT_HFB-04071,HFB-04071,rca_text,结合传感器能量和检测记录，溢流阀的阀芯卡滞与制造阶段高风险实体 HMAN-01143 一致。,0.6483,hydraulic
EVO_TEXT_HFB-04071,HFB-04071,fault_evolution_text,隐患先导致局部性能退化，随后传感器能量向关联通道集中，最终形成阀芯卡滞。,0.6483,hydraulic
RCA_TEXT_HFB-04072,HFB-04072,rca_text,结合传感器能量和检测记录，液压油箱的压力异常与制造阶段高风险实体 HMAN-00910 一致。,0.5841,hydraulic
EVO_TEXT_HFB-04072,HFB-04072,fault_evolution_text,早期异常较弱，运行载荷放大后出现指标漂移，并逐步演化为中度故障。,0.5841,hydraulic
RCA_TEXT_HFB-04073,HFB-04073,rca_text,结合传感器能量和检测记录，溢流阀的振动异常与材料阶段高风险实体 HMAT-00308 一致。,0.565,hydraulic
EVO_TEXT_HFB-04073,HFB-04073,fault_evolution_text,隐患先导致局部性能退化，随后传感器能量向关联通道集中，最终形成振动异常。,0.565,hydraulic
RCA_TEXT_HFB-04074,HFB-04074,rca_text,该案例表现为轻微泄漏异常，根因更可能由运维阶段隐患累积触发。,0.5755,hydraulic
EVO_TEXT_HFB-04074,HFB-04074,fault_evolution_text,运维阶段风险与运行工况耦合后引起状态劣化，检测指标随严重度同步升高。,0.5755,hydraulic
RCA_TEXT_HFB-04075,HFB-04075,rca_text,结合传感器能量和检测记录，管路总成的温度异常与运维阶段高风险实体 HOPR-04075 一致。,0.5558,hydraulic
EVO_TEXT_HFB-04075,HFB-04075,fault_evolution_text,早期异常较弱，运行载荷放大后出现指标漂移，并逐步演化为轻微故障。,0.5558,hydraulic
RCA_TEXT_HFB-04076,HFB-04076,rca_text,该案例表现为中度温度异常，根因更可能由运维阶段隐患累积触发。,0.5589,hydraulic
EVO_TEXT_HFB-04076,HFB-04076,fault_evolution_text,早期异常较弱，运行载荷放大后出现指标漂移，并逐步演化为中度故障。,0.5589,hydraulic
RCA_TEXT_HFB-04077,HFB-04077,rca_text,结合传感器能量和检测记录，过滤器的泄漏异常与设计阶段高风险实体 HDES-00539 一致。,0.5333,hydraulic
EVO_TEXT_HFB-04077,HFB-04077,fault_evolution_text,早期异常较弱，运行载荷放大后出现指标漂移，并逐步演化为轻微故障。,0.5333,hydraulic
RCA_TEXT_HFB-04078,HFB-04078,rca_text,该案例表现为轻微压力异常，根因更可能由装配阶段隐患累积触发。,0.5374,hydraulic
EVO_TEXT_HFB-04078,HFB-04078,fault_evolution_text,隐患先导致局部性能退化，随后传感器能量向关联通道集中，最终形成压力异常。,0.5374,hydraulic
RCA_TEXT_HFB-04079,HFB-04079,rca_text,该案例表现为轻微流量异常，根因更可能由材料阶段隐患累积触发。,0.6156,hydraulic
EVO_TEXT_HFB-04079,HFB-04079,fault_evolution_text,隐患先导致局部性能退化，随后传感器能量向关联通道集中，最终形成流量异常。,0.6156,hydraulic
RCA_TEXT_HFB-04080,HFB-04080,rca_text,节流阀出现中度流量异常，生命周期风险集中在装配阶段，建议优先追溯 HASM-04080。,0.6221,hydraulic
EVO_TEXT_HFB-04080,HFB-04080,fault_evolution_text,早期异常较弱，运行载荷放大后出现指标漂移，并逐步演化为中度故障。,0.6221,hydraulic
RCA_TEXT_HFB-04081,HFB-04081,rca_text,该案例表现为轻微压力异常，根因更可能由装配阶段隐患累积触发。,0.6375,hydraulic
EVO_TEXT_HFB-04081,HFB-04081,fault_evolution_text,隐患先导致局部性能退化，随后传感器能量向关联通道集中，最终形成压力异常。,0.6375,hydraulic
RCA_TEXT_HFB-04082,HFB-04082,rca_text,该案例表现为中度压力异常，根因更可能由运维阶段隐患累积触发。,0.5786,hydraulic
EVO_TEXT_HFB-04082,HFB-04082,fault_evolution_text,隐患先导致局部性能退化，随后传感器能量向关联通道集中，最终形成压力异常。,0.5786,hydraulic
RCA_TEXT_HFB-04083,HFB-04083,rca_text,蓄能器出现中度压力异常，生命周期风险集中在运维阶段，建议优先追溯 HOPR-04083。,0.6226,hydraulic
EVO_TEXT_HFB-04083,HFB-04083,fault_evolution_text,运维阶段风险与运行工况耦合后引起状态劣化，检测指标随严重度同步升高。,0.6226,hydraulic
RCA_TEXT_HFB-04084,HFB-04084,rca_text,液压油箱出现轻微温度异常，生命周期风险集中在制造阶段，建议优先追溯 HMAN-00726。,0.5654,hydraulic
EVO_TEXT_HFB-04084,HFB-04084,fault_evolution_text,制造阶段风险与运行工况耦合后引起状态劣化，检测指标随严重度同步升高。,0.5654,hydraulic
RCA_TEXT_HFB-04085,HFB-04085,rca_text,管路总成出现轻微阀芯卡滞，生命周期风险集中在运维阶段，建议优先追溯 HOPR-04085。,0.5706,hydraulic
EVO_TEXT_HFB-04085,HFB-04085,fault_evolution_text,运维阶段风险与运行工况耦合后引起状态劣化，检测指标随严重度同步升高。,0.5706,hydraulic
RCA_TEXT_HFB-04086,HFB-04086,rca_text,节流阀出现轻微振动异常，生命周期风险集中在材料阶段，建议优先追溯 HMAT-00203。,0.593,hydraulic
EVO_TEXT_HFB-04086,HFB-04086,fault_evolution_text,隐患先导致局部性能退化，随后传感器能量向关联通道集中，最终形成振动异常。,0.593,hydraulic
RCA_TEXT_HFB-04087,HFB-04087,rca_text,结合传感器能量和检测记录，单向阀的振动异常与装配阶段高风险实体 HASM-04087 一致。,0.5801,hydraulic
EVO_TEXT_HFB-04087,HFB-04087,fault_evolution_text,装配阶段风险与运行工况耦合后引起状态劣化，检测指标随严重度同步升高。,0.5801,hydraulic
RCA_TEXT_HFB-04088,HFB-04088,rca_text,该案例表现为轻微泄漏异常，根因更可能由材料阶段隐患累积触发。,0.633,hydraulic
EVO_TEXT_HFB-04088,HFB-04088,fault_evolution_text,材料阶段风险与运行工况耦合后引起状态劣化，检测指标随严重度同步升高。,0.633,hydraulic
RCA_TEXT_HFB-04089,HFB-04089,rca_text,结合传感器能量和检测记录，节流阀的流量异常与制造阶段高风险实体 HMAN-00674 一致。,0.5715,hydraulic
EVO_TEXT_HFB-04089,HFB-04089,fault_evolution_text,制造阶段风险与运行工况耦合后引起状态劣化，检测指标随严重度同步升高。,0.5715,hydraulic
RCA_TEXT_HFB-04090,HFB-04090,rca_text,该案例表现为轻微振动异常，根因更可能由材料阶段隐患累积触发。,0.5319,hydraulic
EVO_TEXT_HFB-04090,HFB-04090,fault_evolution_text,隐患先导致局部性能退化，随后传感器能量向关联通道集中，最终形成振动异常。,0.5319,hydraulic
RCA_TEXT_HFB-04091,HFB-04091,rca_text,结合传感器能量和检测记录，作动筒的振动异常与运维阶段高风险实体 HOPR-04091 一致。,0.6398,hydraulic
EVO_TEXT_HFB-04091,HFB-04091,fault_evolution_text,隐患先导致局部性能退化，随后传感器能量向关联通道集中，最终形成振动异常。,0.6398,hydraulic
RCA_TEXT_HFB-04092,HFB-04092,rca_text,结合传感器能量和检测记录，过滤器的温度异常与制造阶段高风险实体 HMAN-00156 一致。,0.571,hydraulic
EVO_TEXT_HFB-04092,HFB-04092,fault_evolution_text,制造阶段风险与运行工况耦合后引起状态劣化，检测指标随严重度同步升高。,0.571,hydraulic
RCA_TEXT_HFB-04093,HFB-04093,rca_text,蓄能器出现轻微泄漏异常，生命周期风险集中在设计阶段，建议优先追溯 HDES-00930。,0.5633,hydraulic
EVO_TEXT_HFB-04093,HFB-04093,fault_evolution_text,早期异常较弱，运行载荷放大后出现指标漂移，并逐步演化为轻微故障。,0.5633,hydraulic
RCA_TEXT_HFB-04094,HFB-04094,rca_text,该案例表现为中度压力异常，根因更可能由设计阶段隐患累积触发。,0.6363,hydraulic
EVO_TEXT_HFB-04094,HFB-04094,fault_evolution_text,设计阶段风险与运行工况耦合后引起状态劣化，检测指标随严重度同步升高。,0.6363,hydraulic
RCA_TEXT_HFB-04095,HFB-04095,rca_text,该案例表现为轻微压力异常，根因更可能由制造阶段隐患累积触发。,0.5118,hydraulic
EVO_TEXT_HFB-04095,HFB-04095,fault_evolution_text,早期异常较弱，运行载荷放大后出现指标漂移，并逐步演化为轻微故障。,0.5118,hydraulic
RCA_TEXT_HFB-04096,HFB-04096,rca_text,结合传感器能量和检测记录，作动筒的阀芯卡滞与运维阶段高风险实体 HOPR-04096 一致。,0.5393,hydraulic
EVO_TEXT_HFB-04096,HFB-04096,fault_evolution_text,隐患先导致局部性能退化，随后传感器能量向关联通道集中，最终形成阀芯卡滞。,0.5393,hydraulic
RCA_TEXT_HFB-04097,HFB-04097,rca_text,结合传感器能量和检测记录，溢流阀的流量异常与制造阶段高风险实体 HMAN-00691 一致。,0.6223,hydraulic
EVO_TEXT_HFB-04097,HFB-04097,fault_evolution_text,制造阶段风险与运行工况耦合后引起状态劣化，检测指标随严重度同步升高。,0.6223,hydraulic
RCA_TEXT_HFB-04098,HFB-04098,rca_text,结合传感器能量和检测记录，过滤器的温度异常与制造阶段高风险实体 HMAN-00358 一致。,0.592,hydraulic
EVO_TEXT_HFB-04098,HFB-04098,fault_evolution_text,隐患先导致局部性能退化，随后传感器能量向关联通道集中，最终形成温度异常。,0.592,hydraulic
RCA_TEXT_HFB-04099,HFB-04099,rca_text,结合传感器能量和检测记录，溢流阀的振动异常与运维阶段高风险实体 HOPR-04099 一致。,0.617,hydraulic
EVO_TEXT_HFB-04099,HFB-04099,fault_evolution_text,运维阶段风险与运行工况耦合后引起状态劣化，检测指标随严重度同步升高。,0.617,hydraulic
RCA_TEXT_HFB-04100,HFB-04100,rca_text,该案例表现为轻微泄漏异常，根因更可能由材料阶段隐患累积触发。,0.5654,hydraulic
EVO_TEXT_HFB-04100,HFB-04100,fault_evolution_text,早期异常较弱，运行载荷放大后出现指标漂移，并逐步演化为轻微故障。,0.5654,hydraulic
RCA_TEXT_HFB-04101,HFB-04101,rca_text,作动筒出现轻微压力异常，生命周期风险集中在制造阶段，建议优先追溯 HMAN-00462。,0.617,hydraulic
EVO_TEXT_HFB-04101,HFB-04101,fault_evolution_text,早期异常较弱，运行载荷放大后出现指标漂移，并逐步演化为轻微故障。,0.617,hydraulic
RCA_TEXT_HFB-04102,HFB-04102,rca_text,该案例表现为轻微温度异常，根因更可能由设计阶段隐患累积触发。,0.5824,hydraulic
EVO_TEXT_HFB-04102,HFB-04102,fault_evolution_text,设计阶段风险与运行工况耦合后引起状态劣化，检测指标随严重度同步升高。,0.5824,hydraulic
RCA_TEXT_HFB-04103,HFB-04103,rca_text,该案例表现为中度压力异常，根因更可能由设计阶段隐患累积触发。,0.5267,hydraulic
EVO_TEXT_HFB-04103,HFB-04103,fault_evolution_text,早期异常较弱，运行载荷放大后出现指标漂移，并逐步演化为中度故障。,0.5267,hydraulic
RCA_TEXT_HFB-04104,HFB-04104,rca_text,该案例表现为中度振动异常，根因更可能由材料阶段隐患累积触发。,0.6559,hydraulic
EVO_TEXT_HFB-04104,HFB-04104,fault_evolution_text,隐患先导致局部性能退化，随后传感器能量向关联通道集中，最终形成振动异常。,0.6559,hydraulic
RCA_TEXT_HFB-04105,HFB-04105,rca_text,液压油箱出现轻微流量异常，生命周期风险集中在运维阶段，建议优先追溯 HOPR-04105。,0.6405,hydraulic
EVO_TEXT_HFB-04105,HFB-04105,fault_evolution_text,早期异常较弱，运行载荷放大后出现指标漂移，并逐步演化为轻微故障。,0.6405,hydraulic
RCA_TEXT_HFB-04106,HFB-04106,rca_text,蓄能器出现轻微泄漏异常，生命周期风险集中在设计阶段，建议优先追溯 HDES-00098。,0.6086,hydraulic
EVO_TEXT_HFB-04106,HFB-04106,fault_evolution_text,隐患先导致局部性能退化，随后传感器能量向关联通道集中，最终形成泄漏异常。,0.6086,hydraulic
RCA_TEXT_HFB-04107,HFB-04107,rca_text,管路总成出现中度流量异常，生命周期风险集中在制造阶段，建议优先追溯 HMAN-00034。,0.629,hydraulic
EVO_TEXT_HFB-04107,HFB-04107,fault_evolution_text,制造阶段风险与运行工况耦合后引起状态劣化，检测指标随严重度同步升高。,0.629,hydraulic
RCA_TEXT_HFB-04108,HFB-04108,rca_text,结合传感器能量和检测记录，方向控制阀的阀芯卡滞与制造阶段高风险实体 HMAN-00479 一致。,0.6585,hydraulic
EVO_TEXT_HFB-04108,HFB-04108,fault_evolution_text,隐患先导致局部性能退化，随后传感器能量向关联通道集中，最终形成阀芯卡滞。,0.6585,hydraulic
RCA_TEXT_HFB-04109,HFB-04109,rca_text,结合传感器能量和检测记录，单向阀的流量异常与设计阶段高风险实体 HDES-00399 一致。,0.57,hydraulic
EVO_TEXT_HFB-04109,HFB-04109,fault_evolution_text,设计阶段风险与运行工况耦合后引起状态劣化，检测指标随严重度同步升高。,0.57,hydraulic
RCA_TEXT_HFB-04110,HFB-04110,rca_text,方向控制阀出现轻微流量异常，生命周期风险集中在设计阶段，建议优先追溯 HDES-01192。,0.5922,hydraulic
EVO_TEXT_HFB-04110,HFB-04110,fault_evolution_text,设计阶段风险与运行工况耦合后引起状态劣化，检测指标随严重度同步升高。,0.5922,hydraulic
RCA_TEXT_HFB-04111,HFB-04111,rca_text,该案例表现为中度流量异常，根因更可能由制造阶段隐患累积触发。,0.6966,hydraulic
EVO_TEXT_HFB-04111,HFB-04111,fault_evolution_text,制造阶段风险与运行工况耦合后引起状态劣化，检测指标随严重度同步升高。,0.6966,hydraulic
RCA_TEXT_HFB-04112,HFB-04112,rca_text,方向控制阀出现轻微振动异常，生命周期风险集中在运维阶段，建议优先追溯 HOPR-04112。,0.6225,hydraulic
EVO_TEXT_HFB-04112,HFB-04112,fault_evolution_text,隐患先导致局部性能退化，随后传感器能量向关联通道集中，最终形成振动异常。,0.6225,hydraulic
RCA_TEXT_HFB-04113,HFB-04113,rca_text,该案例表现为轻微压力异常，根因更可能由设计阶段隐患累积触发。,0.5962,hydraulic
EVO_TEXT_HFB-04113,HFB-04113,fault_evolution_text,设计阶段风险与运行工况耦合后引起状态劣化，检测指标随严重度同步升高。,0.5962,hydraulic
RCA_TEXT_HFB-04114,HFB-04114,rca_text,结合传感器能量和检测记录，作动筒的振动异常与运维阶段高风险实体 HOPR-04114 一致。,0.5962,hydraulic
EVO_TEXT_HFB-04114,HFB-04114,fault_evolution_text,早期异常较弱，运行载荷放大后出现指标漂移，并逐步演化为轻微故障。,0.5962,hydraulic
RCA_TEXT_HFB-04115,HFB-04115,rca_text,蓄能器出现轻微振动异常，生命周期风险集中在运维阶段，建议优先追溯 HOPR-04115。,0.6126,hydraulic
EVO_TEXT_HFB-04115,HFB-04115,fault_evolution_text,运维阶段风险与运行工况耦合后引起状态劣化，检测指标随严重度同步升高。,0.6126,hydraulic
RCA_TEXT_HFB-04116,HFB-04116,rca_text,该案例表现为轻微阀芯卡滞，根因更可能由制造阶段隐患累积触发。,0.5722,hydraulic
EVO_TEXT_HFB-04116,HFB-04116,fault_evolution_text,早期异常较弱，运行载荷放大后出现指标漂移，并逐步演化为轻微故障。,0.5722,hydraulic
RCA_TEXT_HFB-04117,HFB-04117,rca_text,卸荷阀出现中度压力异常，生命周期风险集中在制造阶段，建议优先追溯 HMAN-00418。,0.5945,hydraulic
EVO_TEXT_HFB-04117,HFB-04117,fault_evolution_text,制造阶段风险与运行工况耦合后引起状态劣化，检测指标随严重度同步升高。,0.5945,hydraulic
RCA_TEXT_HFB-04118,HFB-04118,rca_text,该案例表现为轻微温度异常，根因更可能由运维阶段隐患累积触发。,0.5773,hydraulic
EVO_TEXT_HFB-04118,HFB-04118,fault_evolution_text,早期异常较弱，运行载荷放大后出现指标漂移，并逐步演化为轻微故障。,0.5773,hydraulic
RCA_TEXT_HFB-04119,HFB-04119,rca_text,该案例表现为轻微阀芯卡滞，根因更可能由运维阶段隐患累积触发。,0.6519,hydraulic
EVO_TEXT_HFB-04119,HFB-04119,fault_evolution_text,早期异常较弱，运行载荷放大后出现指标漂移，并逐步演化为轻微故障。,0.6519,hydraulic
RCA_TEXT_HFB-04120,HFB-04120,rca_text,该案例表现为中度流量异常，根因更可能由检测阶段隐患累积触发。,0.547,hydraulic
EVO_TEXT_HFB-04120,HFB-04120,fault_evolution_text,检测阶段风险与运行工况耦合后引起状态劣化，检测指标随严重度同步升高。,0.547,hydraulic
RCA_TEXT_HFB-04121,HFB-04121,rca_text,该案例表现为中度温度异常，根因更可能由制造阶段隐患累积触发。,0.6429,hydraulic
EVO_TEXT_HFB-04121,HFB-04121,fault_evolution_text,早期异常较弱，运行载荷放大后出现指标漂移，并逐步演化为中度故障。,0.6429,hydraulic
RCA_TEXT_HFB-04122,HFB-04122,rca_text,液压泵总成出现轻微振动异常，生命周期风险集中在运维阶段，建议优先追溯 HOPR-04122。,0.548,hydraulic
EVO_TEXT_HFB-04122,HFB-04122,fault_evolution_text,隐患先导致局部性能退化，随后传感器能量向关联通道集中，最终形成振动异常。,0.548,hydraulic
RCA_TEXT_HFB-04123,HFB-04123,rca_text,结合传感器能量和检测记录，过滤器的流量异常与运维阶段高风险实体 HOPR-04123 一致。,0.6027,hydraulic
EVO_TEXT_HFB-04123,HFB-04123,fault_evolution_text,运维阶段风险与运行工况耦合后引起状态劣化，检测指标随严重度同步升高。,0.6027,hydraulic
RCA_TEXT_HFB-04124,HFB-04124,rca_text,节流阀出现中度阀芯卡滞，生命周期风险集中在制造阶段，建议优先追溯 HMAN-00208。,0.6875,hydraulic
EVO_TEXT_HFB-04124,HFB-04124,fault_evolution_text,制造阶段风险与运行工况耦合后引起状态劣化，检测指标随严重度同步升高。,0.6875,hydraulic
RCA_TEXT_HFB-04125,HFB-04125,rca_text,结合传感器能量和检测记录，管路总成的压力异常与制造阶段高风险实体 HMAN-00919 一致。,0.666,hydraulic
EVO_TEXT_HFB-04125,HFB-04125,fault_evolution_text,制造阶段风险与运行工况耦合后引起状态劣化，检测指标随严重度同步升高。,0.666,hydraulic
RCA_TEXT_HFB-04126,HFB-04126,rca_text,管路总成出现中度压力异常，生命周期风险集中在运维阶段，建议优先追溯 HOPR-04126。,0.5985,hydraulic
EVO_TEXT_HFB-04126,HFB-04126,fault_evolution_text,早期异常较弱，运行载荷放大后出现指标漂移，并逐步演化为中度故障。,0.5985,hydraulic
RCA_TEXT_HFB-04127,HFB-04127,rca_text,结合传感器能量和检测记录，卸荷阀的振动异常与制造阶段高风险实体 HMAN-01197 一致。,0.548,hydraulic
EVO_TEXT_HFB-04127,HFB-04127,fault_evolution_text,隐患先导致局部性能退化，随后传感器能量向关联通道集中，最终形成振动异常。,0.548,hydraulic
RCA_TEXT_HFB-04128,HFB-04128,rca_text,该案例表现为轻微流量异常，根因更可能由检测阶段隐患累积触发。,0.5729,hydraulic
EVO_TEXT_HFB-04128,HFB-04128,fault_evolution_text,隐患先导致局部性能退化，随后传感器能量向关联通道集中，最终形成流量异常。,0.5729,hydraulic
RCA_TEXT_HFB-04129,HFB-04129,rca_text,该案例表现为轻微泄漏异常，根因更可能由运维阶段隐患累积触发。,0.5907,hydraulic
EVO_TEXT_HFB-04129,HFB-04129,fault_evolution_text,隐患先导致局部性能退化，随后传感器能量向关联通道集中，最终形成泄漏异常。,0.5907,hydraulic
RCA_TEXT_HFB-04130,HFB-04130,rca_text,单向阀出现中度阀芯卡滞，生命周期风险集中在制造阶段，建议优先追溯 HMAN-00078。,0.6778,hydraulic
EVO_TEXT_HFB-04130,HFB-04130,fault_evolution_text,制造阶段风险与运行工况耦合后引起状态劣化，检测指标随严重度同步升高。,0.6778,hydraulic
RCA_TEXT_HFB-04131,HFB-04131,rca_text,该案例表现为轻微振动异常，根因更可能由制造阶段隐患累积触发。,0.5825,hydraulic
EVO_TEXT_HFB-04131,HFB-04131,fault_evolution_text,早期异常较弱，运行载荷放大后出现指标漂移，并逐步演化为轻微故障。,0.5825,hydraulic
RCA_TEXT_HFB-04132,HFB-04132,rca_text,溢流阀出现轻微流量异常，生命周期风险集中在制造阶段，建议优先追溯 HMAN-00470。,0.6143,hydraulic
EVO_TEXT_HFB-04132,HFB-04132,fault_evolution_text,隐患先导致局部性能退化，随后传感器能量向关联通道集中，最终形成流量异常。,0.6143,hydraulic
RCA_TEXT_HFB-04133,HFB-04133,rca_text,结合传感器能量和检测记录，冷却器的温度异常与运维阶段高风险实体 HOPR-04133 一致。,0.5674,hydraulic
EVO_TEXT_HFB-04133,HFB-04133,fault_evolution_text,运维阶段风险与运行工况耦合后引起状态劣化，检测指标随严重度同步升高。,0.5674,hydraulic
RCA_TEXT_HFB-04134,HFB-04134,rca_text,结合传感器能量和检测记录，液压油箱的阀芯卡滞与运维阶段高风险实体 HOPR-04134 一致。,0.5613,hydraulic
EVO_TEXT_HFB-04134,HFB-04134,fault_evolution_text,早期异常较弱，运行载荷放大后出现指标漂移，并逐步演化为轻微故障。,0.5613,hydraulic
RCA_TEXT_HFB-04135,HFB-04135,rca_text,该案例表现为轻微压力异常，根因更可能由运维阶段隐患累积触发。,0.5449,hydraulic
EVO_TEXT_HFB-04135,HFB-04135,fault_evolution_text,早期异常较弱，运行载荷放大后出现指标漂移，并逐步演化为轻微故障。,0.5449,hydraulic
RCA_TEXT_HFB-04136,HFB-04136,rca_text,该案例表现为中度泄漏异常，根因更可能由装配阶段隐患累积触发。,0.624,hydraulic
EVO_TEXT_HFB-04136,HFB-04136,fault_evolution_text,早期异常较弱，运行载荷放大后出现指标漂移，并逐步演化为中度故障。,0.624,hydraulic
RCA_TEXT_HFB-04137,HFB-04137,rca_text,该案例表现为轻微阀芯卡滞，根因更可能由制造阶段隐患累积触发。,0.5404,hydraulic
EVO_TEXT_HFB-04137,HFB-04137,fault_evolution_text,早期异常较弱，运行载荷放大后出现指标漂移，并逐步演化为轻微故障。,0.5404,hydraulic
RCA_TEXT_HFB-04138,HFB-04138,rca_text,该案例表现为轻微泄漏异常，根因更可能由装配阶段隐患累积触发。,0.5601,hydraulic
EVO_TEXT_HFB-04138,HFB-04138,fault_evolution_text,早期异常较弱，运行载荷放大后出现指标漂移，并逐步演化为轻微故障。,0.5601,hydraulic
RCA_TEXT_HFB-04139,HFB-04139,rca_text,该案例表现为中度泄漏异常，根因更可能由装配阶段隐患累积触发。,0.6423,hydraulic
EVO_TEXT_HFB-04139,HFB-04139,fault_evolution_text,装配阶段风险与运行工况耦合后引起状态劣化，检测指标随严重度同步升高。,0.6423,hydraulic
RCA_TEXT_HFB-04140,HFB-04140,rca_text,管路总成出现中度泄漏异常，生命周期风险集中在装配阶段，建议优先追溯 HASM-04140。,0.6157,hydraulic
EVO_TEXT_HFB-04140,HFB-04140,fault_evolution_text,隐患先导致局部性能退化，随后传感器能量向关联通道集中，最终形成泄漏异常。,0.6157,hydraulic
RCA_TEXT_HFB-04141,HFB-04141,rca_text,结合传感器能量和检测记录，卸荷阀的温度异常与运维阶段高风险实体 HOPR-04141 一致。,0.5367,hydraulic
EVO_TEXT_HFB-04141,HFB-04141,fault_evolution_text,早期异常较弱，运行载荷放大后出现指标漂移，并逐步演化为轻微故障。,0.5367,hydraulic
RCA_TEXT_HFB-04142,HFB-04142,rca_text,蓄能器出现轻微振动异常，生命周期风险集中在运维阶段，建议优先追溯 HOPR-04142。,0.5787,hydraulic
EVO_TEXT_HFB-04142,HFB-04142,fault_evolution_text,早期异常较弱，运行载荷放大后出现指标漂移，并逐步演化为轻微故障。,0.5787,hydraulic
RCA_TEXT_HFB-04143,HFB-04143,rca_text,管路总成出现中度振动异常，生命周期风险集中在设计阶段，建议优先追溯 HPIP-00710。,0.6039,hydraulic
EVO_TEXT_HFB-04143,HFB-04143,fault_evolution_text,早期异常较弱，运行载荷放大后出现指标漂移，并逐步演化为中度故障。,0.6039,hydraulic
RCA_TEXT_HFB-04144,HFB-04144,rca_text,管路总成出现轻微压力异常，生命周期风险集中在装配阶段，建议优先追溯 HASM-04144。,0.6068,hydraulic
EVO_TEXT_HFB-04144,HFB-04144,fault_evolution_text,装配阶段风险与运行工况耦合后引起状态劣化，检测指标随严重度同步升高。,0.6068,hydraulic
RCA_TEXT_HFB-04145,HFB-04145,rca_text,管路总成出现中度流量异常，生命周期风险集中在运维阶段，建议优先追溯 HOPR-04145。,0.5969,hydraulic
EVO_TEXT_HFB-04145,HFB-04145,fault_evolution_text,运维阶段风险与运行工况耦合后引起状态劣化，检测指标随严重度同步升高。,0.5969,hydraulic
RCA_TEXT_HFB-04146,HFB-04146,rca_text,管路总成出现中度压力异常，生命周期风险集中在运维阶段，建议优先追溯 HOPR-04146。,0.6127,hydraulic
EVO_TEXT_HFB-04146,HFB-04146,fault_evolution_text,运维阶段风险与运行工况耦合后引起状态劣化，检测指标随严重度同步升高。,0.6127,hydraulic
RCA_TEXT_HFB-04147,HFB-04147,rca_text,溢流阀出现中度泄漏异常，生命周期风险集中在材料阶段，建议优先追溯 HMAT-00404。,0.6756,hydraulic
EVO_TEXT_HFB-04147,HFB-04147,fault_evolution_text,材料阶段风险与运行工况耦合后引起状态劣化，检测指标随严重度同步升高。,0.6756,hydraulic
RCA_TEXT_HFB-04148,HFB-04148,rca_text,方向控制阀出现中度泄漏异常，生命周期风险集中在运维阶段，建议优先追溯 HOPR-04148。,0.6089,hydraulic
EVO_TEXT_HFB-04148,HFB-04148,fault_evolution_text,隐患先导致局部性能退化，随后传感器能量向关联通道集中，最终形成泄漏异常。,0.6089,hydraulic
RCA_TEXT_HFB-04149,HFB-04149,rca_text,该案例表现为轻微流量异常，根因更可能由设计阶段隐患累积触发。,0.5257,hydraulic
EVO_TEXT_HFB-04149,HFB-04149,fault_evolution_text,设计阶段风险与运行工况耦合后引起状态劣化，检测指标随严重度同步升高。,0.5257,hydraulic
RCA_TEXT_HFB-04150,HFB-04150,rca_text,卸荷阀出现中度阀芯卡滞，生命周期风险集中在制造阶段，建议优先追溯 HMAN-00228。,0.5985,hydraulic
EVO_TEXT_HFB-04150,HFB-04150,fault_evolution_text,隐患先导致局部性能退化，随后传感器能量向关联通道集中，最终形成阀芯卡滞。,0.5985,hydraulic
RCA_TEXT_HFB-04151,HFB-04151,rca_text,冷却器出现轻微温度异常，生命周期风险集中在设计阶段，建议优先追溯 HDES-00502。,0.6001,hydraulic
EVO_TEXT_HFB-04151,HFB-04151,fault_evolution_text,设计阶段风险与运行工况耦合后引起状态劣化，检测指标随严重度同步升高。,0.6001,hydraulic
RCA_TEXT_HFB-04152,HFB-04152,rca_text,结合传感器能量和检测记录，卸荷阀的阀芯卡滞与装配阶段高风险实体 HASM-04152 一致。,0.6246,hydraulic
EVO_TEXT_HFB-04152,HFB-04152,fault_evolution_text,装配阶段风险与运行工况耦合后引起状态劣化，检测指标随严重度同步升高。,0.6246,hydraulic
RCA_TEXT_HFB-04153,HFB-04153,rca_text,节流阀出现轻微泄漏异常，生命周期风险集中在制造阶段，建议优先追溯 HMAN-01073。,0.5268,hydraulic
EVO_TEXT_HFB-04153,HFB-04153,fault_evolution_text,隐患先导致局部性能退化，随后传感器能量向关联通道集中，最终形成泄漏异常。,0.5268,hydraulic
RCA_TEXT_HFB-04154,HFB-04154,rca_text,结合传感器能量和检测记录，过滤器的振动异常与运维阶段高风险实体 HOPR-04154 一致。,0.543,hydraulic
EVO_TEXT_HFB-04154,HFB-04154,fault_evolution_text,运维阶段风险与运行工况耦合后引起状态劣化，检测指标随严重度同步升高。,0.543,hydraulic
RCA_TEXT_HFB-04155,HFB-04155,rca_text,结合传感器能量和检测记录，冷却器的压力异常与设计阶段高风险实体 HDES-00187 一致。,0.6026,hydraulic
EVO_TEXT_HFB-04155,HFB-04155,fault_evolution_text,隐患先导致局部性能退化，随后传感器能量向关联通道集中，最终形成压力异常。,0.6026,hydraulic
RCA_TEXT_HFB-04156,HFB-04156,rca_text,该案例表现为轻微温度异常，根因更可能由材料阶段隐患累积触发。,0.5685,hydraulic
EVO_TEXT_HFB-04156,HFB-04156,fault_evolution_text,材料阶段风险与运行工况耦合后引起状态劣化，检测指标随严重度同步升高。,0.5685,hydraulic
RCA_TEXT_HFB-04157,HFB-04157,rca_text,结合传感器能量和检测记录，卸荷阀的压力异常与检测阶段高风险实体 HINSP-04157 一致。,0.5233,hydraulic
EVO_TEXT_HFB-04157,HFB-04157,fault_evolution_text,隐患先导致局部性能退化，随后传感器能量向关联通道集中，最终形成压力异常。,0.5233,hydraulic
RCA_TEXT_HFB-04158,HFB-04158,rca_text,该案例表现为轻微阀芯卡滞，根因更可能由检测阶段隐患累积触发。,0.6049,hydraulic
EVO_TEXT_HFB-04158,HFB-04158,fault_evolution_text,检测阶段风险与运行工况耦合后引起状态劣化，检测指标随严重度同步升高。,0.6049,hydraulic
RCA_TEXT_HFB-04159,HFB-04159,rca_text,结合传感器能量和检测记录，液压油箱的温度异常与设计阶段高风险实体 HDES-00591 一致。,0.6321,hydraulic
EVO_TEXT_HFB-04159,HFB-04159,fault_evolution_text,隐患先导致局部性能退化，随后传感器能量向关联通道集中，最终形成温度异常。,0.6321,hydraulic
RCA_TEXT_HFB-04160,HFB-04160,rca_text,结合传感器能量和检测记录，液压油箱的阀芯卡滞与检测阶段高风险实体 HINSP-04160 一致。,0.5531,hydraulic
EVO_TEXT_HFB-04160,HFB-04160,fault_evolution_text,检测阶段风险与运行工况耦合后引起状态劣化，检测指标随严重度同步升高。,0.5531,hydraulic
RCA_TEXT_HFB-04161,HFB-04161,rca_text,液压泵总成出现中度振动异常，生命周期风险集中在运维阶段，建议优先追溯 HOPR-04161。,0.6802,hydraulic
EVO_TEXT_HFB-04161,HFB-04161,fault_evolution_text,早期异常较弱，运行载荷放大后出现指标漂移，并逐步演化为中度故障。,0.6802,hydraulic
RCA_TEXT_HFB-04162,HFB-04162,rca_text,结合传感器能量和检测记录，作动筒的泄漏异常与制造阶段高风险实体 HMAN-00844 一致。,0.5708,hydraulic
EVO_TEXT_HFB-04162,HFB-04162,fault_evolution_text,隐患先导致局部性能退化，随后传感器能量向关联通道集中，最终形成泄漏异常。,0.5708,hydraulic
RCA_TEXT_HFB-04163,HFB-04163,rca_text,方向控制阀出现轻微泄漏异常，生命周期风险集中在设计阶段，建议优先追溯 HDES-00936。,0.563,hydraulic
EVO_TEXT_HFB-04163,HFB-04163,fault_evolution_text,隐患先导致局部性能退化，随后传感器能量向关联通道集中，最终形成泄漏异常。,0.563,hydraulic
RCA_TEXT_HFB-04164,HFB-04164,rca_text,结合传感器能量和检测记录，液压油箱的泄漏异常与材料阶段高风险实体 HMAT-00245 一致。,0.5276,hydraulic
EVO_TEXT_HFB-04164,HFB-04164,fault_evolution_text,材料阶段风险与运行工况耦合后引起状态劣化，检测指标随严重度同步升高。,0.5276,hydraulic
RCA_TEXT_HFB-04165,HFB-04165,rca_text,该案例表现为轻微温度异常，根因更可能由制造阶段隐患累积触发。,0.6231,hydraulic
EVO_TEXT_HFB-04165,HFB-04165,fault_evolution_text,早期异常较弱，运行载荷放大后出现指标漂移，并逐步演化为轻微故障。,0.6231,hydraulic
RCA_TEXT_HFB-04166,HFB-04166,rca_text,该案例表现为中度泄漏异常，根因更可能由制造阶段隐患累积触发。,0.6261,hydraulic
EVO_TEXT_HFB-04166,HFB-04166,fault_evolution_text,制造阶段风险与运行工况耦合后引起状态劣化，检测指标随严重度同步升高。,0.6261,hydraulic
RCA_TEXT_HFB-04167,HFB-04167,rca_text,结合传感器能量和检测记录，溢流阀的振动异常与设计阶段高风险实体 HDES-00915 一致。,0.5307,hydraulic
EVO_TEXT_HFB-04167,HFB-04167,fault_evolution_text,设计阶段风险与运行工况耦合后引起状态劣化，检测指标随严重度同步升高。,0.5307,hydraulic
RCA_TEXT_HFB-04168,HFB-04168,rca_text,该案例表现为轻微压力异常，根因更可能由制造阶段隐患累积触发。,0.5582,hydraulic
EVO_TEXT_HFB-04168,HFB-04168,fault_evolution_text,早期异常较弱，运行载荷放大后出现指标漂移，并逐步演化为轻微故障。,0.5582,hydraulic
RCA_TEXT_HFB-04169,HFB-04169,rca_text,结合传感器能量和检测记录，单向阀的压力异常与运维阶段高风险实体 HOPR-04169 一致。,0.6162,hydraulic
EVO_TEXT_HFB-04169,HFB-04169,fault_evolution_text,隐患先导致局部性能退化，随后传感器能量向关联通道集中，最终形成压力异常。,0.6162,hydraulic
RCA_TEXT_HFB-04170,HFB-04170,rca_text,该案例表现为中度泄漏异常，根因更可能由装配阶段隐患累积触发。,0.5643,hydraulic
EVO_TEXT_HFB-04170,HFB-04170,fault_evolution_text,装配阶段风险与运行工况耦合后引起状态劣化，检测指标随严重度同步升高。,0.5643,hydraulic
RCA_TEXT_HFB-04171,HFB-04171,rca_text,该案例表现为轻微泄漏异常，根因更可能由设计阶段隐患累积触发。,0.5496,hydraulic
EVO_TEXT_HFB-04171,HFB-04171,fault_evolution_text,隐患先导致局部性能退化，随后传感器能量向关联通道集中，最终形成泄漏异常。,0.5496,hydraulic
RCA_TEXT_HFB-04172,HFB-04172,rca_text,该案例表现为轻微振动异常，根因更可能由设计阶段隐患累积触发。,0.5884,hydraulic
EVO_TEXT_HFB-04172,HFB-04172,fault_evolution_text,早期异常较弱，运行载荷放大后出现指标漂移，并逐步演化为轻微故障。,0.5884,hydraulic
RCA_TEXT_HFB-04173,HFB-04173,rca_text,结合传感器能量和检测记录，冷却器的压力异常与设计阶段高风险实体 HDES-00803 一致。,0.5788,hydraulic
EVO_TEXT_HFB-04173,HFB-04173,fault_evolution_text,隐患先导致局部性能退化，随后传感器能量向关联通道集中，最终形成压力异常。,0.5788,hydraulic
RCA_TEXT_HFB-04174,HFB-04174,rca_text,该案例表现为中度压力异常，根因更可能由装配阶段隐患累积触发。,0.6672,hydraulic
EVO_TEXT_HFB-04174,HFB-04174,fault_evolution_text,早期异常较弱，运行载荷放大后出现指标漂移，并逐步演化为中度故障。,0.6672,hydraulic
RCA_TEXT_HFB-04175,HFB-04175,rca_text,结合传感器能量和检测记录，作动筒的振动异常与检测阶段高风险实体 HINSP-04175 一致。,0.6229,hydraulic
EVO_TEXT_HFB-04175,HFB-04175,fault_evolution_text,隐患先导致局部性能退化，随后传感器能量向关联通道集中，最终形成振动异常。,0.6229,hydraulic
RCA_TEXT_HFB-04176,HFB-04176,rca_text,蓄能器出现轻微温度异常，生命周期风险集中在运维阶段，建议优先追溯 HOPR-04176。,0.5958,hydraulic
EVO_TEXT_HFB-04176,HFB-04176,fault_evolution_text,运维阶段风险与运行工况耦合后引起状态劣化，检测指标随严重度同步升高。,0.5958,hydraulic
RCA_TEXT_HFB-04177,HFB-04177,rca_text,蓄能器出现轻微振动异常，生命周期风险集中在运维阶段，建议优先追溯 HOPR-04177。,0.5451,hydraulic
EVO_TEXT_HFB-04177,HFB-04177,fault_evolution_text,隐患先导致局部性能退化，随后传感器能量向关联通道集中，最终形成振动异常。,0.5451,hydraulic
RCA_TEXT_HFB-04178,HFB-04178,rca_text,结合传感器能量和检测记录，蓄能器的振动异常与运维阶段高风险实体 HOPR-04178 一致。,0.6438,hydraulic
EVO_TEXT_HFB-04178,HFB-04178,fault_evolution_text,隐患先导致局部性能退化，随后传感器能量向关联通道集中，最终形成振动异常。,0.6438,hydraulic
RCA_TEXT_HFB-04179,HFB-04179,rca_text,结合传感器能量和检测记录，管路总成的流量异常与设计阶段高风险实体 HPIP-00715 一致。,0.659,hydraulic
EVO_TEXT_HFB-04179,HFB-04179,fault_evolution_text,隐患先导致局部性能退化，随后传感器能量向关联通道集中，最终形成流量异常。,0.659,hydraulic
RCA_TEXT_HFB-04180,HFB-04180,rca_text,该案例表现为中度温度异常，根因更可能由运维阶段隐患累积触发。,0.6316,hydraulic
EVO_TEXT_HFB-04180,HFB-04180,fault_evolution_text,运维阶段风险与运行工况耦合后引起状态劣化，检测指标随严重度同步升高。,0.6316,hydraulic
RCA_TEXT_HFB-04181,HFB-04181,rca_text,卸荷阀出现中度泄漏异常，生命周期风险集中在设计阶段，建议优先追溯 HDES-00580。,0.5885,hydraulic
EVO_TEXT_HFB-04181,HFB-04181,fault_evolution_text,早期异常较弱，运行载荷放大后出现指标漂移，并逐步演化为中度故障。,0.5885,hydraulic
RCA_TEXT_HFB-04182,HFB-04182,rca_text,结合传感器能量和检测记录，液压泵总成的温度异常与运维阶段高风险实体 HOPR-04182 一致。,0.6171,hydraulic
EVO_TEXT_HFB-04182,HFB-04182,fault_evolution_text,隐患先导致局部性能退化，随后传感器能量向关联通道集中，最终形成温度异常。,0.6171,hydraulic
RCA_TEXT_HFB-04183,HFB-04183,rca_text,结合传感器能量和检测记录，节流阀的温度异常与运维阶段高风险实体 HOPR-04183 一致。,0.5862,hydraulic
EVO_TEXT_HFB-04183,HFB-04183,fault_evolution_text,运维阶段风险与运行工况耦合后引起状态劣化，检测指标随严重度同步升高。,0.5862,hydraulic
RCA_TEXT_HFB-04184,HFB-04184,rca_text,该案例表现为中度压力异常，根因更可能由设计阶段隐患累积触发。,0.571,hydraulic
EVO_TEXT_HFB-04184,HFB-04184,fault_evolution_text,设计阶段风险与运行工况耦合后引起状态劣化，检测指标随严重度同步升高。,0.571,hydraulic
RCA_TEXT_HFB-04185,HFB-04185,rca_text,该案例表现为轻微阀芯卡滞，根因更可能由材料阶段隐患累积触发。,0.5831,hydraulic
EVO_TEXT_HFB-04185,HFB-04185,fault_evolution_text,隐患先导致局部性能退化，随后传感器能量向关联通道集中，最终形成阀芯卡滞。,0.5831,hydraulic
RCA_TEXT_HFB-04186,HFB-04186,rca_text,蓄能器出现轻微振动异常，生命周期风险集中在运维阶段，建议优先追溯 HOPR-04186。,0.5439,hydraulic
EVO_TEXT_HFB-04186,HFB-04186,fault_evolution_text,运维阶段风险与运行工况耦合后引起状态劣化，检测指标随严重度同步升高。,0.5439,hydraulic
RCA_TEXT_HFB-04187,HFB-04187,rca_text,结合传感器能量和检测记录，节流阀的阀芯卡滞与制造阶段高风险实体 HMAN-00240 一致。,0.6725,hydraulic
EVO_TEXT_HFB-04187,HFB-04187,fault_evolution_text,早期异常较弱，运行载荷放大后出现指标漂移，并逐步演化为轻微故障。,0.6725,hydraulic
RCA_TEXT_HFB-04188,HFB-04188,rca_text,管路总成出现轻微流量异常，生命周期风险集中在运维阶段，建议优先追溯 HOPR-04188。,0.5436,hydraulic
EVO_TEXT_HFB-04188,HFB-04188,fault_evolution_text,隐患先导致局部性能退化，随后传感器能量向关联通道集中，最终形成流量异常。,0.5436,hydraulic
RCA_TEXT_HFB-04189,HFB-04189,rca_text,结合传感器能量和检测记录，蓄能器的压力异常与制造阶段高风险实体 HMAN-00868 一致。,0.6332,hydraulic
EVO_TEXT_HFB-04189,HFB-04189,fault_evolution_text,隐患先导致局部性能退化，随后传感器能量向关联通道集中，最终形成压力异常。,0.6332,hydraulic
RCA_TEXT_HFB-04190,HFB-04190,rca_text,结合传感器能量和检测记录，蓄能器的流量异常与运维阶段高风险实体 HOPR-04190 一致。,0.6105,hydraulic
EVO_TEXT_HFB-04190,HFB-04190,fault_evolution_text,运维阶段风险与运行工况耦合后引起状态劣化，检测指标随严重度同步升高。,0.6105,hydraulic
RCA_TEXT_HFB-04191,HFB-04191,rca_text,管路总成出现中度压力异常，生命周期风险集中在制造阶段，建议优先追溯 HMAN-00514。,0.6541,hydraulic
EVO_TEXT_HFB-04191,HFB-04191,fault_evolution_text,早期异常较弱，运行载荷放大后出现指标漂移，并逐步演化为中度故障。,0.6541,hydraulic
RCA_TEXT_HFB-04192,HFB-04192,rca_text,结合传感器能量和检测记录，卸荷阀的压力异常与运维阶段高风险实体 HOPR-04192 一致。,0.6443,hydraulic
EVO_TEXT_HFB-04192,HFB-04192,fault_evolution_text,早期异常较弱，运行载荷放大后出现指标漂移，并逐步演化为轻微故障。,0.6443,hydraulic
RCA_TEXT_HFB-04193,HFB-04193,rca_text,过滤器出现轻微振动异常，生命周期风险集中在运维阶段，建议优先追溯 HOPR-04193。,0.5387,hydraulic
EVO_TEXT_HFB-04193,HFB-04193,fault_evolution_text,早期异常较弱，运行载荷放大后出现指标漂移，并逐步演化为轻微故障。,0.5387,hydraulic
RCA_TEXT_HFB-04194,HFB-04194,rca_text,结合传感器能量和检测记录，卸荷阀的压力异常与材料阶段高风险实体 HMAT-00562 一致。,0.5961,hydraulic
EVO_TEXT_HFB-04194,HFB-04194,fault_evolution_text,材料阶段风险与运行工况耦合后引起状态劣化，检测指标随严重度同步升高。,0.5961,hydraulic
RCA_TEXT_HFB-04195,HFB-04195,rca_text,结合传感器能量和检测记录，冷却器的泄漏异常与装配阶段高风险实体 HASM-04195 一致。,0.5617,hydraulic
EVO_TEXT_HFB-04195,HFB-04195,fault_evolution_text,早期异常较弱，运行载荷放大后出现指标漂移，并逐步演化为轻微故障。,0.5617,hydraulic
RCA_TEXT_HFB-04196,HFB-04196,rca_text,该案例表现为轻微温度异常，根因更可能由设计阶段隐患累积触发。,0.6332,hydraulic
EVO_TEXT_HFB-04196,HFB-04196,fault_evolution_text,早期异常较弱，运行载荷放大后出现指标漂移，并逐步演化为轻微故障。,0.6332,hydraulic
RCA_TEXT_HFB-04197,HFB-04197,rca_text,结合传感器能量和检测记录，冷却器的温度异常与运维阶段高风险实体 HOPR-04197 一致。,0.5654,hydraulic
EVO_TEXT_HFB-04197,HFB-04197,fault_evolution_text,隐患先导致局部性能退化，随后传感器能量向关联通道集中，最终形成温度异常。,0.5654,hydraulic
RCA_TEXT_HFB-04198,HFB-04198,rca_text,过滤器出现轻微流量异常，生命周期风险集中在设计阶段，建议优先追溯 HDES-00489。,0.6079,hydraulic
EVO_TEXT_HFB-04198,HFB-04198,fault_evolution_text,隐患先导致局部性能退化，随后传感器能量向关联通道集中，最终形成流量异常。,0.6079,hydraulic
RCA_TEXT_HFB-04199,HFB-04199,rca_text,该案例表现为中度流量异常，根因更可能由设计阶段隐患累积触发。,0.5668,hydraulic
EVO_TEXT_HFB-04199,HFB-04199,fault_evolution_text,早期异常较弱，运行载荷放大后出现指标漂移，并逐步演化为中度故障。,0.5668,hydraulic
RCA_TEXT_HFB-04200,HFB-04200,rca_text,结合传感器能量和检测记录，作动筒的压力异常与运维阶段高风险实体 HOPR-04200 一致。,0.5909,hydraulic
EVO_TEXT_HFB-04200,HFB-04200,fault_evolution_text,运维阶段风险与运行工况耦合后引起状态劣化，检测指标随严重度同步升高。,0.5909,hydraulic
RCA_TEXT_HFB-04201,HFB-04201,rca_text,结合传感器能量和检测记录，作动筒的振动异常与运维阶段高风险实体 HOPR-04201 一致。,0.6476,hydraulic
EVO_TEXT_HFB-04201,HFB-04201,fault_evolution_text,早期异常较弱，运行载荷放大后出现指标漂移，并逐步演化为中度故障。,0.6476,hydraulic
RCA_TEXT_HFB-04202,HFB-04202,rca_text,结合传感器能量和检测记录，卸荷阀的泄漏异常与装配阶段高风险实体 HASM-04202 一致。,0.6339,hydraulic
EVO_TEXT_HFB-04202,HFB-04202,fault_evolution_text,隐患先导致局部性能退化，随后传感器能量向关联通道集中，最终形成泄漏异常。,0.6339,hydraulic
RCA_TEXT_HFB-04203,HFB-04203,rca_text,管路总成出现中度泄漏异常，生命周期风险集中在设计阶段，建议优先追溯 HPIP-00720。,0.6299,hydraulic
EVO_TEXT_HFB-04203,HFB-04203,fault_evolution_text,设计阶段风险与运行工况耦合后引起状态劣化，检测指标随严重度同步升高。,0.6299,hydraulic
RCA_TEXT_HFB-04204,HFB-04204,rca_text,该案例表现为轻微流量异常，根因更可能由运维阶段隐患累积触发。,0.5506,hydraulic
EVO_TEXT_HFB-04204,HFB-04204,fault_evolution_text,隐患先导致局部性能退化，随后传感器能量向关联通道集中，最终形成流量异常。,0.5506,hydraulic
RCA_TEXT_HFB-04205,HFB-04205,rca_text,单向阀出现轻微阀芯卡滞，生命周期风险集中在运维阶段，建议优先追溯 HOPR-04205。,0.5935,hydraulic
EVO_TEXT_HFB-04205,HFB-04205,fault_evolution_text,隐患先导致局部性能退化，随后传感器能量向关联通道集中，最终形成阀芯卡滞。,0.5935,hydraulic
RCA_TEXT_HFB-04206,HFB-04206,rca_text,冷却器出现中度温度异常，生命周期风险集中在运维阶段，建议优先追溯 HOPR-04206。,0.6956,hydraulic
EVO_TEXT_HFB-04206,HFB-04206,fault_evolution_text,隐患先导致局部性能退化，随后传感器能量向关联通道集中，最终形成温度异常。,0.6956,hydraulic
RCA_TEXT_HFB-04207,HFB-04207,rca_text,结合传感器能量和检测记录，卸荷阀的振动异常与运维阶段高风险实体 HOPR-04207 一致。,0.5482,hydraulic
EVO_TEXT_HFB-04207,HFB-04207,fault_evolution_text,运维阶段风险与运行工况耦合后引起状态劣化，检测指标随严重度同步升高。,0.5482,hydraulic
RCA_TEXT_HFB-04208,HFB-04208,rca_text,该案例表现为中度振动异常，根因更可能由装配阶段隐患累积触发。,0.5954,hydraulic
EVO_TEXT_HFB-04208,HFB-04208,fault_evolution_text,早期异常较弱，运行载荷放大后出现指标漂移，并逐步演化为中度故障。,0.5954,hydraulic
RCA_TEXT_HFB-04209,HFB-04209,rca_text,该案例表现为轻微振动异常，根因更可能由装配阶段隐患累积触发。,0.5635,hydraulic
EVO_TEXT_HFB-04209,HFB-04209,fault_evolution_text,早期异常较弱，运行载荷放大后出现指标漂移，并逐步演化为轻微故障。,0.5635,hydraulic
RCA_TEXT_HFB-04210,HFB-04210,rca_text,作动筒出现轻微温度异常，生命周期风险集中在运维阶段，建议优先追溯 HOPR-04210。,0.5268,hydraulic
EVO_TEXT_HFB-04210,HFB-04210,fault_evolution_text,早期异常较弱，运行载荷放大后出现指标漂移，并逐步演化为轻微故障。,0.5268,hydraulic
RCA_TEXT_HFB-04211,HFB-04211,rca_text,结合传感器能量和检测记录，管路总成的泄漏异常与设计阶段高风险实体 HPIP-00722 一致。,0.621,hydraulic
EVO_TEXT_HFB-04211,HFB-04211,fault_evolution_text,设计阶段风险与运行工况耦合后引起状态劣化，检测指标随严重度同步升高。,0.621,hydraulic
RCA_TEXT_HFB-04212,HFB-04212,rca_text,冷却器出现中度温度异常，生命周期风险集中在运维阶段，建议优先追溯 HOPR-04212。,0.597,hydraulic
EVO_TEXT_HFB-04212,HFB-04212,fault_evolution_text,运维阶段风险与运行工况耦合后引起状态劣化，检测指标随严重度同步升高。,0.597,hydraulic
RCA_TEXT_HFB-04213,HFB-04213,rca_text,结合传感器能量和检测记录，管路总成的泄漏异常与装配阶段高风险实体 HASM-04213 一致。,0.6718,hydraulic
EVO_TEXT_HFB-04213,HFB-04213,fault_evolution_text,装配阶段风险与运行工况耦合后引起状态劣化，检测指标随严重度同步升高。,0.6718,hydraulic
RCA_TEXT_HFB-04214,HFB-04214,rca_text,液压泵总成出现轻微振动异常，生命周期风险集中在运维阶段，建议优先追溯 HOPR-04214。,0.6013,hydraulic
EVO_TEXT_HFB-04214,HFB-04214,fault_evolution_text,运维阶段风险与运行工况耦合后引起状态劣化，检测指标随严重度同步升高。,0.6013,hydraulic
RCA_TEXT_HFB-04215,HFB-04215,rca_text,管路总成出现中度振动异常，生命周期风险集中在装配阶段，建议优先追溯 HASM-04215。,0.6659,hydraulic
EVO_TEXT_HFB-04215,HFB-04215,fault_evolution_text,装配阶段风险与运行工况耦合后引起状态劣化，检测指标随严重度同步升高。,0.6659,hydraulic
RCA_TEXT_HFB-04216,HFB-04216,rca_text,液压泵总成出现轻微压力异常，生命周期风险集中在装配阶段，建议优先追溯 HASM-04216。,0.591,hydraulic
EVO_TEXT_HFB-04216,HFB-04216,fault_evolution_text,隐患先导致局部性能退化，随后传感器能量向关联通道集中，最终形成压力异常。,0.591,hydraulic
RCA_TEXT_HFB-04217,HFB-04217,rca_text,冷却器出现轻微温度异常，生命周期风险集中在运维阶段，建议优先追溯 HOPR-04217。,0.5487,hydraulic
EVO_TEXT_HFB-04217,HFB-04217,fault_evolution_text,隐患先导致局部性能退化，随后传感器能量向关联通道集中，最终形成温度异常。,0.5487,hydraulic
RCA_TEXT_HFB-04218,HFB-04218,rca_text,液压油箱出现轻微振动异常，生命周期风险集中在运维阶段，建议优先追溯 HOPR-04218。,0.5379,hydraulic
EVO_TEXT_HFB-04218,HFB-04218,fault_evolution_text,运维阶段风险与运行工况耦合后引起状态劣化，检测指标随严重度同步升高。,0.5379,hydraulic
RCA_TEXT_HFB-04219,HFB-04219,rca_text,方向控制阀出现中度阀芯卡滞，生命周期风险集中在运维阶段，建议优先追溯 HOPR-04219。,0.6239,hydraulic
EVO_TEXT_HFB-04219,HFB-04219,fault_evolution_text,隐患先导致局部性能退化，随后传感器能量向关联通道集中，最终形成阀芯卡滞。,0.6239,hydraulic
RCA_TEXT_HFB-04220,HFB-04220,rca_text,液压泵总成出现轻微压力异常，生命周期风险集中在制造阶段，建议优先追溯 HMAN-00381。,0.5809,hydraulic
EVO_TEXT_HFB-04220,HFB-04220,fault_evolution_text,隐患先导致局部性能退化，随后传感器能量向关联通道集中，最终形成压力异常。,0.5809,hydraulic
RCA_TEXT_HFB-04221,HFB-04221,rca_text,结合传感器能量和检测记录，卸荷阀的阀芯卡滞与运维阶段高风险实体 HOPR-04221 一致。,0.6039,hydraulic
EVO_TEXT_HFB-04221,HFB-04221,fault_evolution_text,早期异常较弱，运行载荷放大后出现指标漂移，并逐步演化为中度故障。,0.6039,hydraulic
RCA_TEXT_HFB-04222,HFB-04222,rca_text,结合传感器能量和检测记录，节流阀的流量异常与运维阶段高风险实体 HOPR-04222 一致。,0.6702,hydraulic
EVO_TEXT_HFB-04222,HFB-04222,fault_evolution_text,运维阶段风险与运行工况耦合后引起状态劣化，检测指标随严重度同步升高。,0.6702,hydraulic
RCA_TEXT_HFB-04223,HFB-04223,rca_text,该案例表现为中度阀芯卡滞，根因更可能由制造阶段隐患累积触发。,0.6274,hydraulic
EVO_TEXT_HFB-04223,HFB-04223,fault_evolution_text,制造阶段风险与运行工况耦合后引起状态劣化，检测指标随严重度同步升高。,0.6274,hydraulic
RCA_TEXT_HFB-04224,HFB-04224,rca_text,该案例表现为轻微压力异常，根因更可能由装配阶段隐患累积触发。,0.5499,hydraulic
EVO_TEXT_HFB-04224,HFB-04224,fault_evolution_text,隐患先导致局部性能退化，随后传感器能量向关联通道集中，最终形成压力异常。,0.5499,hydraulic
RCA_TEXT_HFB-04225,HFB-04225,rca_text,溢流阀出现轻微阀芯卡滞，生命周期风险集中在材料阶段，建议优先追溯 HMAT-00328。,0.596,hydraulic
EVO_TEXT_HFB-04225,HFB-04225,fault_evolution_text,隐患先导致局部性能退化，随后传感器能量向关联通道集中，最终形成阀芯卡滞。,0.596,hydraulic
RCA_TEXT_HFB-04226,HFB-04226,rca_text,结合传感器能量和检测记录，管路总成的泄漏异常与运维阶段高风险实体 HOPR-04226 一致。,0.6683,hydraulic
EVO_TEXT_HFB-04226,HFB-04226,fault_evolution_text,运维阶段风险与运行工况耦合后引起状态劣化，检测指标随严重度同步升高。,0.6683,hydraulic
RCA_TEXT_HFB-04227,HFB-04227,rca_text,结合传感器能量和检测记录，液压油箱的流量异常与装配阶段高风险实体 HASM-04227 一致。,0.5425,hydraulic
EVO_TEXT_HFB-04227,HFB-04227,fault_evolution_text,装配阶段风险与运行工况耦合后引起状态劣化，检测指标随严重度同步升高。,0.5425,hydraulic
RCA_TEXT_HFB-04228,HFB-04228,rca_text,结合传感器能量和检测记录，液压油箱的阀芯卡滞与制造阶段高风险实体 HMAN-00338 一致。,0.5397,hydraulic
EVO_TEXT_HFB-04228,HFB-04228,fault_evolution_text,隐患先导致局部性能退化，随后传感器能量向关联通道集中，最终形成阀芯卡滞。,0.5397,hydraulic
RCA_TEXT_HFB-04229,HFB-04229,rca_text,单向阀出现轻微泄漏异常，生命周期风险集中在运维阶段，建议优先追溯 HOPR-04229。,0.5965,hydraulic
EVO_TEXT_HFB-04229,HFB-04229,fault_evolution_text,运维阶段风险与运行工况耦合后引起状态劣化，检测指标随严重度同步升高。,0.5965,hydraulic
RCA_TEXT_HFB-04230,HFB-04230,rca_text,结合传感器能量和检测记录，单向阀的压力异常与运维阶段高风险实体 HOPR-04230 一致。,0.5213,hydraulic
EVO_TEXT_HFB-04230,HFB-04230,fault_evolution_text,早期异常较弱，运行载荷放大后出现指标漂移，并逐步演化为轻微故障。,0.5213,hydraulic
RCA_TEXT_HFB-04231,HFB-04231,rca_text,结合传感器能量和检测记录，液压泵总成的泄漏异常与检测阶段高风险实体 HINSP-04231 一致。,0.5937,hydraulic
EVO_TEXT_HFB-04231,HFB-04231,fault_evolution_text,早期异常较弱，运行载荷放大后出现指标漂移，并逐步演化为轻微故障。,0.5937,hydraulic
RCA_TEXT_HFB-04232,HFB-04232,rca_text,结合传感器能量和检测记录，溢流阀的阀芯卡滞与材料阶段高风险实体 HMAT-00086 一致。,0.6933,hydraulic
EVO_TEXT_HFB-04232,HFB-04232,fault_evolution_text,早期异常较弱，运行载荷放大后出现指标漂移，并逐步演化为中度故障。,0.6933,hydraulic
RCA_TEXT_HFB-04233,HFB-04233,rca_text,该案例表现为中度阀芯卡滞，根因更可能由材料阶段隐患累积触发。,0.6614,hydraulic
EVO_TEXT_HFB-04233,HFB-04233,fault_evolution_text,早期异常较弱，运行载荷放大后出现指标漂移，并逐步演化为中度故障。,0.6614,hydraulic
RCA_TEXT_HFB-04234,HFB-04234,rca_text,过滤器出现轻微泄漏异常，生命周期风险集中在设计阶段，建议优先追溯 HDES-00699。,0.6212,hydraulic
EVO_TEXT_HFB-04234,HFB-04234,fault_evolution_text,设计阶段风险与运行工况耦合后引起状态劣化，检测指标随严重度同步升高。,0.6212,hydraulic
RCA_TEXT_HFB-04235,HFB-04235,rca_text,作动筒出现轻微温度异常，生命周期风险集中在运维阶段，建议优先追溯 HOPR-04235。,0.5534,hydraulic
EVO_TEXT_HFB-04235,HFB-04235,fault_evolution_text,运维阶段风险与运行工况耦合后引起状态劣化，检测指标随严重度同步升高。,0.5534,hydraulic
RCA_TEXT_HFB-04236,HFB-04236,rca_text,结合传感器能量和检测记录，蓄能器的泄漏异常与装配阶段高风险实体 HASM-04236 一致。,0.6426,hydraulic
EVO_TEXT_HFB-04236,HFB-04236,fault_evolution_text,早期异常较弱，运行载荷放大后出现指标漂移，并逐步演化为轻微故障。,0.6426,hydraulic
RCA_TEXT_HFB-04237,HFB-04237,rca_text,结合传感器能量和检测记录，蓄能器的压力异常与设计阶段高风险实体 HDES-00710 一致。,0.6727,hydraulic
EVO_TEXT_HFB-04237,HFB-04237,fault_evolution_text,设计阶段风险与运行工况耦合后引起状态劣化，检测指标随严重度同步升高。,0.6727,hydraulic
RCA_TEXT_HFB-04238,HFB-04238,rca_text,溢流阀出现中度泄漏异常，生命周期风险集中在运维阶段，建议优先追溯 HOPR-04238。,0.6514,hydraulic
EVO_TEXT_HFB-04238,HFB-04238,fault_evolution_text,早期异常较弱，运行载荷放大后出现指标漂移，并逐步演化为中度故障。,0.6514,hydraulic
RCA_TEXT_HFB-04239,HFB-04239,rca_text,该案例表现为轻微阀芯卡滞，根因更可能由装配阶段隐患累积触发。,0.6477,hydraulic
EVO_TEXT_HFB-04239,HFB-04239,fault_evolution_text,隐患先导致局部性能退化，随后传感器能量向关联通道集中，最终形成阀芯卡滞。,0.6477,hydraulic
RCA_TEXT_HFB-04240,HFB-04240,rca_text,该案例表现为轻微压力异常，根因更可能由运维阶段隐患累积触发。,0.607,hydraulic
EVO_TEXT_HFB-04240,HFB-04240,fault_evolution_text,隐患先导致局部性能退化，随后传感器能量向关联通道集中，最终形成压力异常。,0.607,hydraulic
RCA_TEXT_HFB-04241,HFB-04241,rca_text,液压油箱出现轻微压力异常，生命周期风险集中在设计阶段，建议优先追溯 HDES-00043。,0.5908,hydraulic
EVO_TEXT_HFB-04241,HFB-04241,fault_evolution_text,早期异常较弱，运行载荷放大后出现指标漂移，并逐步演化为轻微故障。,0.5908,hydraulic
RCA_TEXT_HFB-04242,HFB-04242,rca_text,结合传感器能量和检测记录，卸荷阀的阀芯卡滞与制造阶段高风险实体 HMAN-00526 一致。,0.5319,hydraulic
EVO_TEXT_HFB-04242,HFB-04242,fault_evolution_text,隐患先导致局部性能退化，随后传感器能量向关联通道集中，最终形成阀芯卡滞。,0.5319,hydraulic
RCA_TEXT_HFB-04243,HFB-04243,rca_text,该案例表现为轻微流量异常，根因更可能由材料阶段隐患累积触发。,0.5784,hydraulic
EVO_TEXT_HFB-04243,HFB-04243,fault_evolution_text,隐患先导致局部性能退化，随后传感器能量向关联通道集中，最终形成流量异常。,0.5784,hydraulic
RCA_TEXT_HFB-04244,HFB-04244,rca_text,结合传感器能量和检测记录，卸荷阀的阀芯卡滞与运维阶段高风险实体 HOPR-04244 一致。,0.5569,hydraulic
EVO_TEXT_HFB-04244,HFB-04244,fault_evolution_text,隐患先导致局部性能退化，随后传感器能量向关联通道集中，最终形成阀芯卡滞。,0.5569,hydraulic
RCA_TEXT_HFB-04245,HFB-04245,rca_text,结合传感器能量和检测记录，冷却器的振动异常与检测阶段高风险实体 HINSP-04245 一致。,0.5958,hydraulic
EVO_TEXT_HFB-04245,HFB-04245,fault_evolution_text,检测阶段风险与运行工况耦合后引起状态劣化，检测指标随严重度同步升高。,0.5958,hydraulic
RCA_TEXT_HFB-04246,HFB-04246,rca_text,结合传感器能量和检测记录，方向控制阀的振动异常与设计阶段高风险实体 HDES-00117 一致。,0.533,hydraulic
EVO_TEXT_HFB-04246,HFB-04246,fault_evolution_text,早期异常较弱，运行载荷放大后出现指标漂移，并逐步演化为轻微故障。,0.533,hydraulic
RCA_TEXT_HFB-04247,HFB-04247,rca_text,该案例表现为中度泄漏异常，根因更可能由装配阶段隐患累积触发。,0.6573,hydraulic
EVO_TEXT_HFB-04247,HFB-04247,fault_evolution_text,早期异常较弱，运行载荷放大后出现指标漂移，并逐步演化为中度故障。,0.6573,hydraulic
RCA_TEXT_HFB-04248,HFB-04248,rca_text,结合传感器能量和检测记录，蓄能器的流量异常与材料阶段高风险实体 HMAT-00021 一致。,0.5666,hydraulic
EVO_TEXT_HFB-04248,HFB-04248,fault_evolution_text,隐患先导致局部性能退化，随后传感器能量向关联通道集中，最终形成流量异常。,0.5666,hydraulic
RCA_TEXT_HFB-04249,HFB-04249,rca_text,结合传感器能量和检测记录，液压油箱的流量异常与运维阶段高风险实体 HOPR-04249 一致。,0.5866,hydraulic
EVO_TEXT_HFB-04249,HFB-04249,fault_evolution_text,运维阶段风险与运行工况耦合后引起状态劣化，检测指标随严重度同步升高。,0.5866,hydraulic
RCA_TEXT_HFB-04250,HFB-04250,rca_text,结合传感器能量和检测记录，方向控制阀的温度异常与运维阶段高风险实体 HOPR-04250 一致。,0.4918,hydraulic
EVO_TEXT_HFB-04250,HFB-04250,fault_evolution_text,运维阶段风险与运行工况耦合后引起状态劣化，检测指标随严重度同步升高。,0.4918,hydraulic
RCA_TEXT_HFB-04251,HFB-04251,rca_text,该案例表现为轻微温度异常，根因更可能由材料阶段隐患累积触发。,0.5964,hydraulic
EVO_TEXT_HFB-04251,HFB-04251,fault_evolution_text,隐患先导致局部性能退化，随后传感器能量向关联通道集中，最终形成温度异常。,0.5964,hydraulic
RCA_TEXT_HFB-04252,HFB-04252,rca_text,冷却器出现轻微温度异常，生命周期风险集中在运维阶段，建议优先追溯 HOPR-04252。,0.6548,hydraulic
EVO_TEXT_HFB-04252,HFB-04252,fault_evolution_text,运维阶段风险与运行工况耦合后引起状态劣化，检测指标随严重度同步升高。,0.6548,hydraulic
RCA_TEXT_HFB-04253,HFB-04253,rca_text,节流阀出现中度流量异常，生命周期风险集中在设计阶段，建议优先追溯 HDES-00766。,0.6517,hydraulic
EVO_TEXT_HFB-04253,HFB-04253,fault_evolution_text,早期异常较弱，运行载荷放大后出现指标漂移，并逐步演化为中度故障。,0.6517,hydraulic
RCA_TEXT_HFB-04254,HFB-04254,rca_text,节流阀出现中度阀芯卡滞，生命周期风险集中在运维阶段，建议优先追溯 HOPR-04254。,0.6791,hydraulic
EVO_TEXT_HFB-04254,HFB-04254,fault_evolution_text,运维阶段风险与运行工况耦合后引起状态劣化，检测指标随严重度同步升高。,0.6791,hydraulic
RCA_TEXT_HFB-04255,HFB-04255,rca_text,结合传感器能量和检测记录，液压泵总成的压力异常与运维阶段高风险实体 HOPR-04255 一致。,0.6077,hydraulic
EVO_TEXT_HFB-04255,HFB-04255,fault_evolution_text,早期异常较弱，运行载荷放大后出现指标漂移，并逐步演化为轻微故障。,0.6077,hydraulic
RCA_TEXT_HFB-04256,HFB-04256,rca_text,结合传感器能量和检测记录，冷却器的泄漏异常与设计阶段高风险实体 HDES-00529 一致。,0.574,hydraulic
EVO_TEXT_HFB-04256,HFB-04256,fault_evolution_text,隐患先导致局部性能退化，随后传感器能量向关联通道集中，最终形成泄漏异常。,0.574,hydraulic
RCA_TEXT_HFB-04257,HFB-04257,rca_text,单向阀出现轻微阀芯卡滞，生命周期风险集中在运维阶段，建议优先追溯 HOPR-04257。,0.5867,hydraulic
EVO_TEXT_HFB-04257,HFB-04257,fault_evolution_text,早期异常较弱，运行载荷放大后出现指标漂移，并逐步演化为轻微故障。,0.5867,hydraulic
RCA_TEXT_HFB-04258,HFB-04258,rca_text,结合传感器能量和检测记录，冷却器的阀芯卡滞与设计阶段高风险实体 HDES-00891 一致。,0.5994,hydraulic
EVO_TEXT_HFB-04258,HFB-04258,fault_evolution_text,设计阶段风险与运行工况耦合后引起状态劣化，检测指标随严重度同步升高。,0.5994,hydraulic
RCA_TEXT_HFB-04259,HFB-04259,rca_text,冷却器出现中度温度异常，生命周期风险集中在运维阶段，建议优先追溯 HOPR-04259。,0.6435,hydraulic
EVO_TEXT_HFB-04259,HFB-04259,fault_evolution_text,运维阶段风险与运行工况耦合后引起状态劣化，检测指标随严重度同步升高。,0.6435,hydraulic
RCA_TEXT_HFB-04260,HFB-04260,rca_text,结合传感器能量和检测记录，管路总成的流量异常与制造阶段高风险实体 HMAN-00279 一致。,0.5786,hydraulic
EVO_TEXT_HFB-04260,HFB-04260,fault_evolution_text,制造阶段风险与运行工况耦合后引起状态劣化，检测指标随严重度同步升高。,0.5786,hydraulic
RCA_TEXT_HFB-04261,HFB-04261,rca_text,卸荷阀出现中度压力异常，生命周期风险集中在材料阶段，建议优先追溯 HMAT-00310。,0.5677,hydraulic
EVO_TEXT_HFB-04261,HFB-04261,fault_evolution_text,材料阶段风险与运行工况耦合后引起状态劣化，检测指标随严重度同步升高。,0.5677,hydraulic
RCA_TEXT_HFB-04262,HFB-04262,rca_text,结合传感器能量和检测记录，单向阀的温度异常与装配阶段高风险实体 HASM-04262 一致。,0.6391,hydraulic
EVO_TEXT_HFB-04262,HFB-04262,fault_evolution_text,装配阶段风险与运行工况耦合后引起状态劣化，检测指标随严重度同步升高。,0.6391,hydraulic
RCA_TEXT_HFB-04263,HFB-04263,rca_text,该案例表现为轻微温度异常，根因更可能由制造阶段隐患累积触发。,0.5739,hydraulic
EVO_TEXT_HFB-04263,HFB-04263,fault_evolution_text,隐患先导致局部性能退化，随后传感器能量向关联通道集中，最终形成温度异常。,0.5739,hydraulic
RCA_TEXT_HFB-04264,HFB-04264,rca_text,结合传感器能量和检测记录，过滤器的温度异常与制造阶段高风险实体 HMAN-01175 一致。,0.5513,hydraulic
EVO_TEXT_HFB-04264,HFB-04264,fault_evolution_text,隐患先导致局部性能退化，随后传感器能量向关联通道集中，最终形成温度异常。,0.5513,hydraulic
RCA_TEXT_HFB-04265,HFB-04265,rca_text,该案例表现为轻微阀芯卡滞，根因更可能由制造阶段隐患累积触发。,0.5835,hydraulic
EVO_TEXT_HFB-04265,HFB-04265,fault_evolution_text,制造阶段风险与运行工况耦合后引起状态劣化，检测指标随严重度同步升高。,0.5835,hydraulic
RCA_TEXT_HFB-04266,HFB-04266,rca_text,管路总成出现中度流量异常，生命周期风险集中在设计阶段，建议优先追溯 HPIP-00728。,0.5711,hydraulic
EVO_TEXT_HFB-04266,HFB-04266,fault_evolution_text,设计阶段风险与运行工况耦合后引起状态劣化，检测指标随严重度同步升高。,0.5711,hydraulic
RCA_TEXT_HFB-04267,HFB-04267,rca_text,该案例表现为中度流量异常，根因更可能由运维阶段隐患累积触发。,0.6103,hydraulic
EVO_TEXT_HFB-04267,HFB-04267,fault_evolution_text,运维阶段风险与运行工况耦合后引起状态劣化，检测指标随严重度同步升高。,0.6103,hydraulic
RCA_TEXT_HFB-04268,HFB-04268,rca_text,溢流阀出现轻微阀芯卡滞，生命周期风险集中在运维阶段，建议优先追溯 HOPR-04268。,0.5845,hydraulic
EVO_TEXT_HFB-04268,HFB-04268,fault_evolution_text,运维阶段风险与运行工况耦合后引起状态劣化，检测指标随严重度同步升高。,0.5845,hydraulic
RCA_TEXT_HFB-04269,HFB-04269,rca_text,液压泵总成出现轻微温度异常，生命周期风险集中在运维阶段，建议优先追溯 HOPR-04269。,0.5578,hydraulic
EVO_TEXT_HFB-04269,HFB-04269,fault_evolution_text,隐患先导致局部性能退化，随后传感器能量向关联通道集中，最终形成温度异常。,0.5578,hydraulic
RCA_TEXT_HFB-04270,HFB-04270,rca_text,液压油箱出现轻微流量异常，生命周期风险集中在运维阶段，建议优先追溯 HOPR-04270。,0.5388,hydraulic
EVO_TEXT_HFB-04270,HFB-04270,fault_evolution_text,早期异常较弱，运行载荷放大后出现指标漂移，并逐步演化为轻微故障。,0.5388,hydraulic
RCA_TEXT_HFB-04271,HFB-04271,rca_text,该案例表现为中度阀芯卡滞，根因更可能由运维阶段隐患累积触发。,0.5768,hydraulic
EVO_TEXT_HFB-04271,HFB-04271,fault_evolution_text,运维阶段风险与运行工况耦合后引起状态劣化，检测指标随严重度同步升高。,0.5768,hydraulic
RCA_TEXT_HFB-04272,HFB-04272,rca_text,卸荷阀出现中度阀芯卡滞，生命周期风险集中在材料阶段，建议优先追溯 HMAT-00210。,0.6421,hydraulic
EVO_TEXT_HFB-04272,HFB-04272,fault_evolution_text,隐患先导致局部性能退化，随后传感器能量向关联通道集中，最终形成阀芯卡滞。,0.6421,hydraulic
RCA_TEXT_HFB-04273,HFB-04273,rca_text,结合传感器能量和检测记录，液压油箱的流量异常与运维阶段高风险实体 HOPR-04273 一致。,0.6348,hydraulic
EVO_TEXT_HFB-04273,HFB-04273,fault_evolution_text,隐患先导致局部性能退化，随后传感器能量向关联通道集中，最终形成流量异常。,0.6348,hydraulic
RCA_TEXT_HFB-04274,HFB-04274,rca_text,结合传感器能量和检测记录，液压泵总成的振动异常与运维阶段高风险实体 HOPR-04274 一致。,0.6264,hydraulic
EVO_TEXT_HFB-04274,HFB-04274,fault_evolution_text,隐患先导致局部性能退化，随后传感器能量向关联通道集中，最终形成振动异常。,0.6264,hydraulic
RCA_TEXT_HFB-04275,HFB-04275,rca_text,该案例表现为中度阀芯卡滞，根因更可能由装配阶段隐患累积触发。,0.5954,hydraulic
EVO_TEXT_HFB-04275,HFB-04275,fault_evolution_text,装配阶段风险与运行工况耦合后引起状态劣化，检测指标随严重度同步升高。,0.5954,hydraulic
RCA_TEXT_HFB-04276,HFB-04276,rca_text,液压油箱出现轻微流量异常，生命周期风险集中在运维阶段，建议优先追溯 HOPR-04276。,0.5962,hydraulic
EVO_TEXT_HFB-04276,HFB-04276,fault_evolution_text,隐患先导致局部性能退化，随后传感器能量向关联通道集中，最终形成流量异常。,0.5962,hydraulic
RCA_TEXT_HFB-04277,HFB-04277,rca_text,冷却器出现中度温度异常，生命周期风险集中在运维阶段，建议优先追溯 HOPR-04277。,0.6007,hydraulic
EVO_TEXT_HFB-04277,HFB-04277,fault_evolution_text,早期异常较弱，运行载荷放大后出现指标漂移，并逐步演化为中度故障。,0.6007,hydraulic
RCA_TEXT_HFB-04278,HFB-04278,rca_text,蓄能器出现轻微压力异常，生命周期风险集中在运维阶段，建议优先追溯 HOPR-04278。,0.6294,hydraulic
EVO_TEXT_HFB-04278,HFB-04278,fault_evolution_text,隐患先导致局部性能退化，随后传感器能量向关联通道集中，最终形成压力异常。,0.6294,hydraulic
RCA_TEXT_HFB-04279,HFB-04279,rca_text,该案例表现为轻微流量异常，根因更可能由设计阶段隐患累积触发。,0.6011,hydraulic
EVO_TEXT_HFB-04279,HFB-04279,fault_evolution_text,隐患先导致局部性能退化，随后传感器能量向关联通道集中，最终形成流量异常。,0.6011,hydraulic
RCA_TEXT_HFB-04280,HFB-04280,rca_text,该案例表现为中度泄漏异常，根因更可能由材料阶段隐患累积触发。,0.6851,hydraulic
EVO_TEXT_HFB-04280,HFB-04280,fault_evolution_text,早期异常较弱，运行载荷放大后出现指标漂移，并逐步演化为中度故障。,0.6851,hydraulic
RCA_TEXT_HFB-04281,HFB-04281,rca_text,该案例表现为轻微温度异常，根因更可能由运维阶段隐患累积触发。,0.5434,hydraulic
EVO_TEXT_HFB-04281,HFB-04281,fault_evolution_text,隐患先导致局部性能退化，随后传感器能量向关联通道集中，最终形成温度异常。,0.5434,hydraulic
RCA_TEXT_HFB-04282,HFB-04282,rca_text,过滤器出现中度流量异常，生命周期风险集中在制造阶段，建议优先追溯 HMAN-00010。,0.586,hydraulic
EVO_TEXT_HFB-04282,HFB-04282,fault_evolution_text,早期异常较弱，运行载荷放大后出现指标漂移，并逐步演化为中度故障。,0.586,hydraulic
RCA_TEXT_HFB-04283,HFB-04283,rca_text,管路总成出现中度泄漏异常，生命周期风险集中在设计阶段，建议优先追溯 HPIP-00731。,0.6169,hydraulic
EVO_TEXT_HFB-04283,HFB-04283,fault_evolution_text,隐患先导致局部性能退化，随后传感器能量向关联通道集中，最终形成泄漏异常。,0.6169,hydraulic
RCA_TEXT_HFB-04284,HFB-04284,rca_text,该案例表现为轻微温度异常，根因更可能由运维阶段隐患累积触发。,0.597,hydraulic
EVO_TEXT_HFB-04284,HFB-04284,fault_evolution_text,隐患先导致局部性能退化，随后传感器能量向关联通道集中，最终形成温度异常。,0.597,hydraulic
RCA_TEXT_HFB-04285,HFB-04285,rca_text,节流阀出现中度流量异常，生命周期风险集中在制造阶段，建议优先追溯 HMAN-00162。,0.6321,hydraulic
EVO_TEXT_HFB-04285,HFB-04285,fault_evolution_text,早期异常较弱，运行载荷放大后出现指标漂移，并逐步演化为中度故障。,0.6321,hydraulic
RCA_TEXT_HFB-04286,HFB-04286,rca_text,结合传感器能量和检测记录，管路总成的泄漏异常与材料阶段高风险实体 HMAT-00282 一致。,0.622,hydraulic
EVO_TEXT_HFB-04286,HFB-04286,fault_evolution_text,早期异常较弱，运行载荷放大后出现指标漂移，并逐步演化为中度故障。,0.622,hydraulic
RCA_TEXT_HFB-04287,HFB-04287,rca_text,该案例表现为轻微流量异常，根因更可能由设计阶段隐患累积触发。,0.6232,hydraulic
EVO_TEXT_HFB-04287,HFB-04287,fault_evolution_text,早期异常较弱，运行载荷放大后出现指标漂移，并逐步演化为轻微故障。,0.6232,hydraulic
RCA_TEXT_HFB-04288,HFB-04288,rca_text,结合传感器能量和检测记录，单向阀的阀芯卡滞与制造阶段高风险实体 HMAN-00554 一致。,0.6165,hydraulic
EVO_TEXT_HFB-04288,HFB-04288,fault_evolution_text,早期异常较弱，运行载荷放大后出现指标漂移，并逐步演化为中度故障。,0.6165,hydraulic
RCA_TEXT_HFB-04289,HFB-04289,rca_text,管路总成出现轻微阀芯卡滞，生命周期风险集中在制造阶段，建议优先追溯 HMAN-00293。,0.5786,hydraulic
EVO_TEXT_HFB-04289,HFB-04289,fault_evolution_text,隐患先导致局部性能退化，随后传感器能量向关联通道集中，最终形成阀芯卡滞。,0.5786,hydraulic
RCA_TEXT_HFB-04290,HFB-04290,rca_text,结合传感器能量和检测记录，方向控制阀的振动异常与装配阶段高风险实体 HASM-04290 一致。,0.6203,hydraulic
EVO_TEXT_HFB-04290,HFB-04290,fault_evolution_text,早期异常较弱，运行载荷放大后出现指标漂移，并逐步演化为轻微故障。,0.6203,hydraulic
RCA_TEXT_HFB-04291,HFB-04291,rca_text,结合传感器能量和检测记录，管路总成的泄漏异常与材料阶段高风险实体 HMAT-00478 一致。,0.6183,hydraulic
EVO_TEXT_HFB-04291,HFB-04291,fault_evolution_text,材料阶段风险与运行工况耦合后引起状态劣化，检测指标随严重度同步升高。,0.6183,hydraulic
RCA_TEXT_HFB-04292,HFB-04292,rca_text,该案例表现为轻微泄漏异常，根因更可能由运维阶段隐患累积触发。,0.5756,hydraulic
EVO_TEXT_HFB-04292,HFB-04292,fault_evolution_text,隐患先导致局部性能退化，随后传感器能量向关联通道集中，最终形成泄漏异常。,0.5756,hydraulic
RCA_TEXT_HFB-04293,HFB-04293,rca_text,结合传感器能量和检测记录，作动筒的阀芯卡滞与运维阶段高风险实体 HOPR-04293 一致。,0.5367,hydraulic
EVO_TEXT_HFB-04293,HFB-04293,fault_evolution_text,运维阶段风险与运行工况耦合后引起状态劣化，检测指标随严重度同步升高。,0.5367,hydraulic
RCA_TEXT_HFB-04294,HFB-04294,rca_text,卸荷阀出现轻微泄漏异常，生命周期风险集中在运维阶段，建议优先追溯 HOPR-04294。,0.6073,hydraulic
EVO_TEXT_HFB-04294,HFB-04294,fault_evolution_text,早期异常较弱，运行载荷放大后出现指标漂移，并逐步演化为轻微故障。,0.6073,hydraulic
RCA_TEXT_HFB-04295,HFB-04295,rca_text,该案例表现为轻微压力异常，根因更可能由材料阶段隐患累积触发。,0.5845,hydraulic
EVO_TEXT_HFB-04295,HFB-04295,fault_evolution_text,隐患先导致局部性能退化，随后传感器能量向关联通道集中，最终形成压力异常。,0.5845,hydraulic
RCA_TEXT_HFB-04296,HFB-04296,rca_text,该案例表现为轻微阀芯卡滞，根因更可能由运维阶段隐患累积触发。,0.5496,hydraulic
EVO_TEXT_HFB-04296,HFB-04296,fault_evolution_text,早期异常较弱，运行载荷放大后出现指标漂移，并逐步演化为轻微故障。,0.5496,hydraulic
RCA_TEXT_HFB-04297,HFB-04297,rca_text,结合传感器能量和检测记录，蓄能器的流量异常与制造阶段高风险实体 HMAN-00010 一致。,0.5914,hydraulic
EVO_TEXT_HFB-04297,HFB-04297,fault_evolution_text,制造阶段风险与运行工况耦合后引起状态劣化，检测指标随严重度同步升高。,0.5914,hydraulic
RCA_TEXT_HFB-04298,HFB-04298,rca_text,该案例表现为轻微泄漏异常，根因更可能由制造阶段隐患累积触发。,0.5603,hydraulic
EVO_TEXT_HFB-04298,HFB-04298,fault_evolution_text,隐患先导致局部性能退化，随后传感器能量向关联通道集中，最终形成泄漏异常。,0.5603,hydraulic
RCA_TEXT_HFB-04299,HFB-04299,rca_text,该案例表现为轻微压力异常，根因更可能由设计阶段隐患累积触发。,0.612,hydraulic
EVO_TEXT_HFB-04299,HFB-04299,fault_evolution_text,隐患先导致局部性能退化，随后传感器能量向关联通道集中，最终形成压力异常。,0.612,hydraulic
RCA_TEXT_HFB-04300,HFB-04300,rca_text,结合传感器能量和检测记录，过滤器的阀芯卡滞与运维阶段高风险实体 HOPR-04300 一致。,0.5488,hydraulic
EVO_TEXT_HFB-04300,HFB-04300,fault_evolution_text,早期异常较弱，运行载荷放大后出现指标漂移，并逐步演化为轻微故障。,0.5488,hydraulic
RCA_TEXT_HFB-04301,HFB-04301,rca_text,过滤器出现轻微温度异常，生命周期风险集中在检测阶段，建议优先追溯 HINSP-04301。,0.6619,hydraulic
EVO_TEXT_HFB-04301,HFB-04301,fault_evolution_text,检测阶段风险与运行工况耦合后引起状态劣化，检测指标随严重度同步升高。,0.6619,hydraulic
RCA_TEXT_HFB-04302,HFB-04302,rca_text,溢流阀出现轻微阀芯卡滞，生命周期风险集中在运维阶段，建议优先追溯 HOPR-04302。,0.6036,hydraulic
EVO_TEXT_HFB-04302,HFB-04302,fault_evolution_text,隐患先导致局部性能退化，随后传感器能量向关联通道集中，最终形成阀芯卡滞。,0.6036,hydraulic
RCA_TEXT_HFB-04303,HFB-04303,rca_text,溢流阀出现中度阀芯卡滞，生命周期风险集中在制造阶段，建议优先追溯 HMAN-00799。,0.6067,hydraulic
EVO_TEXT_HFB-04303,HFB-04303,fault_evolution_text,隐患先导致局部性能退化，随后传感器能量向关联通道集中，最终形成阀芯卡滞。,0.6067,hydraulic
RCA_TEXT_HFB-04304,HFB-04304,rca_text,管路总成出现中度泄漏异常，生命周期风险集中在装配阶段，建议优先追溯 HASM-04304。,0.6591,hydraulic
EVO_TEXT_HFB-04304,HFB-04304,fault_evolution_text,早期异常较弱，运行载荷放大后出现指标漂移，并逐步演化为中度故障。,0.6591,hydraulic
RCA_TEXT_HFB-04305,HFB-04305,rca_text,该案例表现为中度压力异常，根因更可能由装配阶段隐患累积触发。,0.6442,hydraulic
EVO_TEXT_HFB-04305,HFB-04305,fault_evolution_text,隐患先导致局部性能退化，随后传感器能量向关联通道集中，最终形成压力异常。,0.6442,hydraulic
RCA_TEXT_HFB-04306,HFB-04306,rca_text,该案例表现为轻微温度异常，根因更可能由运维阶段隐患累积触发。,0.5238,hydraulic
EVO_TEXT_HFB-04306,HFB-04306,fault_evolution_text,早期异常较弱，运行载荷放大后出现指标漂移，并逐步演化为轻微故障。,0.5238,hydraulic
RCA_TEXT_HFB-04307,HFB-04307,rca_text,节流阀出现轻微压力异常，生命周期风险集中在装配阶段，建议优先追溯 HASM-04307。,0.5438,hydraulic
EVO_TEXT_HFB-04307,HFB-04307,fault_evolution_text,装配阶段风险与运行工况耦合后引起状态劣化，检测指标随严重度同步升高。,0.5438,hydraulic
RCA_TEXT_HFB-04308,HFB-04308,rca_text,该案例表现为轻微振动异常，根因更可能由材料阶段隐患累积触发。,0.5876,hydraulic
EVO_TEXT_HFB-04308,HFB-04308,fault_evolution_text,隐患先导致局部性能退化，随后传感器能量向关联通道集中，最终形成振动异常。,0.5876,hydraulic
RCA_TEXT_HFB-04309,HFB-04309,rca_text,结合传感器能量和检测记录，管路总成的泄漏异常与运维阶段高风险实体 HOPR-04309 一致。,0.6366,hydraulic
EVO_TEXT_HFB-04309,HFB-04309,fault_evolution_text,运维阶段风险与运行工况耦合后引起状态劣化，检测指标随严重度同步升高。,0.6366,hydraulic
RCA_TEXT_HFB-04310,HFB-04310,rca_text,过滤器出现轻微温度异常，生命周期风险集中在运维阶段，建议优先追溯 HOPR-04310。,0.5978,hydraulic
EVO_TEXT_HFB-04310,HFB-04310,fault_evolution_text,运维阶段风险与运行工况耦合后引起状态劣化，检测指标随严重度同步升高。,0.5978,hydraulic
RCA_TEXT_HFB-04311,HFB-04311,rca_text,该案例表现为中度流量异常，根因更可能由设计阶段隐患累积触发。,0.6957,hydraulic
EVO_TEXT_HFB-04311,HFB-04311,fault_evolution_text,隐患先导致局部性能退化，随后传感器能量向关联通道集中，最终形成流量异常。,0.6957,hydraulic
RCA_TEXT_HFB-04312,HFB-04312,rca_text,该案例表现为轻微振动异常，根因更可能由装配阶段隐患累积触发。,0.5832,hydraulic
EVO_TEXT_HFB-04312,HFB-04312,fault_evolution_text,装配阶段风险与运行工况耦合后引起状态劣化，检测指标随严重度同步升高。,0.5832,hydraulic
RCA_TEXT_HFB-04313,HFB-04313,rca_text,结合传感器能量和检测记录，单向阀的温度异常与运维阶段高风险实体 HOPR-04313 一致。,0.5959,hydraulic
EVO_TEXT_HFB-04313,HFB-04313,fault_evolution_text,隐患先导致局部性能退化，随后传感器能量向关联通道集中，最终形成温度异常。,0.5959,hydraulic
RCA_TEXT_HFB-04314,HFB-04314,rca_text,该案例表现为轻微温度异常，根因更可能由运维阶段隐患累积触发。,0.665,hydraulic
EVO_TEXT_HFB-04314,HFB-04314,fault_evolution_text,早期异常较弱，运行载荷放大后出现指标漂移，并逐步演化为轻微故障。,0.665,hydraulic
RCA_TEXT_HFB-04315,HFB-04315,rca_text,该案例表现为轻微压力异常，根因更可能由运维阶段隐患累积触发。,0.5724,hydraulic
EVO_TEXT_HFB-04315,HFB-04315,fault_evolution_text,早期异常较弱，运行载荷放大后出现指标漂移，并逐步演化为轻微故障。,0.5724,hydraulic
RCA_TEXT_HFB-04316,HFB-04316,rca_text,该案例表现为轻微流量异常，根因更可能由运维阶段隐患累积触发。,0.561,hydraulic
EVO_TEXT_HFB-04316,HFB-04316,fault_evolution_text,隐患先导致局部性能退化，随后传感器能量向关联通道集中，最终形成流量异常。,0.561,hydraulic
RCA_TEXT_HFB-04317,HFB-04317,rca_text,该案例表现为轻微泄漏异常，根因更可能由运维阶段隐患累积触发。,0.5584,hydraulic
EVO_TEXT_HFB-04317,HFB-04317,fault_evolution_text,运维阶段风险与运行工况耦合后引起状态劣化，检测指标随严重度同步升高。,0.5584,hydraulic
RCA_TEXT_HFB-04318,HFB-04318,rca_text,液压泵总成出现轻微泄漏异常，生命周期风险集中在装配阶段，建议优先追溯 HASM-04318。,0.6024,hydraulic
EVO_TEXT_HFB-04318,HFB-04318,fault_evolution_text,隐患先导致局部性能退化，随后传感器能量向关联通道集中，最终形成泄漏异常。,0.6024,hydraulic
RCA_TEXT_HFB-04319,HFB-04319,rca_text,溢流阀出现中度泄漏异常，生命周期风险集中在运维阶段，建议优先追溯 HOPR-04319。,0.6776,hydraulic
EVO_TEXT_HFB-04319,HFB-04319,fault_evolution_text,早期异常较弱，运行载荷放大后出现指标漂移，并逐步演化为中度故障。,0.6776,hydraulic
RCA_TEXT_HFB-04320,HFB-04320,rca_text,该案例表现为轻微振动异常，根因更可能由运维阶段隐患累积触发。,0.6957,hydraulic
EVO_TEXT_HFB-04320,HFB-04320,fault_evolution_text,早期异常较弱，运行载荷放大后出现指标漂移，并逐步演化为轻微故障。,0.6957,hydraulic
RCA_TEXT_HFB-04321,HFB-04321,rca_text,该案例表现为中度泄漏异常，根因更可能由装配阶段隐患累积触发。,0.5656,hydraulic
EVO_TEXT_HFB-04321,HFB-04321,fault_evolution_text,早期异常较弱，运行载荷放大后出现指标漂移，并逐步演化为中度故障。,0.5656,hydraulic
RCA_TEXT_HFB-04322,HFB-04322,rca_text,单向阀出现中度阀芯卡滞，生命周期风险集中在材料阶段，建议优先追溯 HMAT-00297。,0.6213,hydraulic
EVO_TEXT_HFB-04322,HFB-04322,fault_evolution_text,早期异常较弱，运行载荷放大后出现指标漂移，并逐步演化为中度故障。,0.6213,hydraulic
RCA_TEXT_HFB-04323,HFB-04323,rca_text,该案例表现为轻微振动异常，根因更可能由制造阶段隐患累积触发。,0.6088,hydraulic
EVO_TEXT_HFB-04323,HFB-04323,fault_evolution_text,隐患先导致局部性能退化，随后传感器能量向关联通道集中，最终形成振动异常。,0.6088,hydraulic
RCA_TEXT_HFB-04324,HFB-04324,rca_text,结合传感器能量和检测记录，液压油箱的压力异常与装配阶段高风险实体 HASM-04324 一致。,0.5624,hydraulic
EVO_TEXT_HFB-04324,HFB-04324,fault_evolution_text,早期异常较弱，运行载荷放大后出现指标漂移，并逐步演化为轻微故障。,0.5624,hydraulic
RCA_TEXT_HFB-04325,HFB-04325,rca_text,该案例表现为中度阀芯卡滞，根因更可能由运维阶段隐患累积触发。,0.6549,hydraulic
EVO_TEXT_HFB-04325,HFB-04325,fault_evolution_text,隐患先导致局部性能退化，随后传感器能量向关联通道集中，最终形成阀芯卡滞。,0.6549,hydraulic
RCA_TEXT_HFB-04326,HFB-04326,rca_text,结合传感器能量和检测记录，方向控制阀的阀芯卡滞与制造阶段高风险实体 HMAN-00545 一致。,0.57,hydraulic
EVO_TEXT_HFB-04326,HFB-04326,fault_evolution_text,隐患先导致局部性能退化，随后传感器能量向关联通道集中，最终形成阀芯卡滞。,0.57,hydraulic
RCA_TEXT_HFB-04327,HFB-04327,rca_text,结合传感器能量和检测记录，管路总成的温度异常与运维阶段高风险实体 HOPR-04327 一致。,0.5711,hydraulic
EVO_TEXT_HFB-04327,HFB-04327,fault_evolution_text,隐患先导致局部性能退化，随后传感器能量向关联通道集中，最终形成温度异常。,0.5711,hydraulic
RCA_TEXT_HFB-04328,HFB-04328,rca_text,液压油箱出现轻微流量异常，生命周期风险集中在运维阶段，建议优先追溯 HOPR-04328。,0.6038,hydraulic
EVO_TEXT_HFB-04328,HFB-04328,fault_evolution_text,运维阶段风险与运行工况耦合后引起状态劣化，检测指标随严重度同步升高。,0.6038,hydraulic
RCA_TEXT_HFB-04329,HFB-04329,rca_text,该案例表现为轻微振动异常，根因更可能由装配阶段隐患累积触发。,0.5691,hydraulic
EVO_TEXT_HFB-04329,HFB-04329,fault_evolution_text,装配阶段风险与运行工况耦合后引起状态劣化，检测指标随严重度同步升高。,0.5691,hydraulic
RCA_TEXT_HFB-04330,HFB-04330,rca_text,管路总成出现中度振动异常，生命周期风险集中在运维阶段，建议优先追溯 HOPR-04330。,0.6759,hydraulic
EVO_TEXT_HFB-04330,HFB-04330,fault_evolution_text,早期异常较弱，运行载荷放大后出现指标漂移，并逐步演化为中度故障。,0.6759,hydraulic
RCA_TEXT_HFB-04331,HFB-04331,rca_text,液压油箱出现轻微压力异常，生命周期风险集中在设计阶段，建议优先追溯 HDES-00010。,0.6231,hydraulic
EVO_TEXT_HFB-04331,HFB-04331,fault_evolution_text,早期异常较弱，运行载荷放大后出现指标漂移，并逐步演化为轻微故障。,0.6231,hydraulic
RCA_TEXT_HFB-04332,HFB-04332,rca_text,结合传感器能量和检测记录，溢流阀的振动异常与运维阶段高风险实体 HOPR-04332 一致。,0.6092,hydraulic
EVO_TEXT_HFB-04332,HFB-04332,fault_evolution_text,隐患先导致局部性能退化，随后传感器能量向关联通道集中，最终形成振动异常。,0.6092,hydraulic
RCA_TEXT_HFB-04333,HFB-04333,rca_text,结合传感器能量和检测记录，卸荷阀的阀芯卡滞与运维阶段高风险实体 HOPR-04333 一致。,0.592,hydraulic
EVO_TEXT_HFB-04333,HFB-04333,fault_evolution_text,运维阶段风险与运行工况耦合后引起状态劣化，检测指标随严重度同步升高。,0.592,hydraulic
RCA_TEXT_HFB-04334,HFB-04334,rca_text,该案例表现为轻微泄漏异常，根因更可能由材料阶段隐患累积触发。,0.6372,hydraulic
EVO_TEXT_HFB-04334,HFB-04334,fault_evolution_text,隐患先导致局部性能退化，随后传感器能量向关联通道集中，最终形成泄漏异常。,0.6372,hydraulic
RCA_TEXT_HFB-04335,HFB-04335,rca_text,结合传感器能量和检测记录，冷却器的温度异常与设计阶段高风险实体 HDES-00854 一致。,0.5692,hydraulic
EVO_TEXT_HFB-04335,HFB-04335,fault_evolution_text,早期异常较弱，运行载荷放大后出现指标漂移，并逐步演化为轻微故障。,0.5692,hydraulic
RCA_TEXT_HFB-04336,HFB-04336,rca_text,结合传感器能量和检测记录，液压油箱的振动异常与运维阶段高风险实体 HOPR-04336 一致。,0.6183,hydraulic
EVO_TEXT_HFB-04336,HFB-04336,fault_evolution_text,早期异常较弱，运行载荷放大后出现指标漂移，并逐步演化为轻微故障。,0.6183,hydraulic
RCA_TEXT_HFB-04337,HFB-04337,rca_text,该案例表现为轻微振动异常，根因更可能由运维阶段隐患累积触发。,0.6098,hydraulic
EVO_TEXT_HFB-04337,HFB-04337,fault_evolution_text,运维阶段风险与运行工况耦合后引起状态劣化，检测指标随严重度同步升高。,0.6098,hydraulic
RCA_TEXT_HFB-04338,HFB-04338,rca_text,结合传感器能量和检测记录，管路总成的泄漏异常与材料阶段高风险实体 HMAT-00226 一致。,0.6907,hydraulic
EVO_TEXT_HFB-04338,HFB-04338,fault_evolution_text,早期异常较弱，运行载荷放大后出现指标漂移，并逐步演化为中度故障。,0.6907,hydraulic
RCA_TEXT_HFB-04339,HFB-04339,rca_text,该案例表现为轻微阀芯卡滞，根因更可能由运维阶段隐患累积触发。,0.6102,hydraulic
EVO_TEXT_HFB-04339,HFB-04339,fault_evolution_text,运维阶段风险与运行工况耦合后引起状态劣化，检测指标随严重度同步升高。,0.6102,hydraulic
RCA_TEXT_HFB-04340,HFB-04340,rca_text,该案例表现为中度流量异常，根因更可能由制造阶段隐患累积触发。,0.6016,hydraulic
EVO_TEXT_HFB-04340,HFB-04340,fault_evolution_text,制造阶段风险与运行工况耦合后引起状态劣化，检测指标随严重度同步升高。,0.6016,hydraulic
RCA_TEXT_HFB-04341,HFB-04341,rca_text,管路总成出现中度泄漏异常，生命周期风险集中在运维阶段，建议优先追溯 HOPR-04341。,0.6675,hydraulic
EVO_TEXT_HFB-04341,HFB-04341,fault_evolution_text,早期异常较弱，运行载荷放大后出现指标漂移，并逐步演化为中度故障。,0.6675,hydraulic
RCA_TEXT_HFB-04342,HFB-04342,rca_text,单向阀出现轻微泄漏异常，生命周期风险集中在装配阶段，建议优先追溯 HASM-04342。,0.5591,hydraulic
EVO_TEXT_HFB-04342,HFB-04342,fault_evolution_text,早期异常较弱，运行载荷放大后出现指标漂移，并逐步演化为轻微故障。,0.5591,hydraulic
RCA_TEXT_HFB-04343,HFB-04343,rca_text,方向控制阀出现轻微振动异常，生命周期风险集中在材料阶段，建议优先追溯 HMAT-00583。,0.5906,hydraulic
EVO_TEXT_HFB-04343,HFB-04343,fault_evolution_text,隐患先导致局部性能退化，随后传感器能量向关联通道集中，最终形成振动异常。,0.5906,hydraulic
RCA_TEXT_HFB-04344,HFB-04344,rca_text,结合传感器能量和检测记录，液压油箱的流量异常与制造阶段高风险实体 HMAN-00396 一致。,0.5492,hydraulic
EVO_TEXT_HFB-04344,HFB-04344,fault_evolution_text,隐患先导致局部性能退化，随后传感器能量向关联通道集中，最终形成流量异常。,0.5492,hydraulic
RCA_TEXT_HFB-04345,HFB-04345,rca_text,该案例表现为轻微流量异常，根因更可能由装配阶段隐患累积触发。,0.5296,hydraulic
EVO_TEXT_HFB-04345,HFB-04345,fault_evolution_text,隐患先导致局部性能退化，随后传感器能量向关联通道集中，最终形成流量异常。,0.5296,hydraulic
RCA_TEXT_HFB-04346,HFB-04346,rca_text,结合传感器能量和检测记录，液压泵总成的阀芯卡滞与材料阶段高风险实体 HMAT-00188 一致。,0.5455,hydraulic
EVO_TEXT_HFB-04346,HFB-04346,fault_evolution_text,隐患先导致局部性能退化，随后传感器能量向关联通道集中，最终形成阀芯卡滞。,0.5455,hydraulic
RCA_TEXT_HFB-04347,HFB-04347,rca_text,结合传感器能量和检测记录，方向控制阀的流量异常与运维阶段高风险实体 HOPR-04347 一致。,0.6205,hydraulic
EVO_TEXT_HFB-04347,HFB-04347,fault_evolution_text,隐患先导致局部性能退化，随后传感器能量向关联通道集中，最终形成流量异常。,0.6205,hydraulic
RCA_TEXT_HFB-04348,HFB-04348,rca_text,该案例表现为轻微流量异常，根因更可能由制造阶段隐患累积触发。,0.5877,hydraulic
EVO_TEXT_HFB-04348,HFB-04348,fault_evolution_text,制造阶段风险与运行工况耦合后引起状态劣化，检测指标随严重度同步升高。,0.5877,hydraulic
RCA_TEXT_HFB-04349,HFB-04349,rca_text,该案例表现为中度温度异常，根因更可能由设计阶段隐患累积触发。,0.6282,hydraulic
EVO_TEXT_HFB-04349,HFB-04349,fault_evolution_text,设计阶段风险与运行工况耦合后引起状态劣化，检测指标随严重度同步升高。,0.6282,hydraulic
RCA_TEXT_HFB-04350,HFB-04350,rca_text,结合传感器能量和检测记录，方向控制阀的阀芯卡滞与装配阶段高风险实体 HASM-04350 一致。,0.6155,hydraulic
EVO_TEXT_HFB-04350,HFB-04350,fault_evolution_text,隐患先导致局部性能退化，随后传感器能量向关联通道集中，最终形成阀芯卡滞。,0.6155,hydraulic
RCA_TEXT_HFB-04351,HFB-04351,rca_text,结合传感器能量和检测记录，作动筒的温度异常与检测阶段高风险实体 HINSP-04351 一致。,0.6249,hydraulic
EVO_TEXT_HFB-04351,HFB-04351,fault_evolution_text,检测阶段风险与运行工况耦合后引起状态劣化，检测指标随严重度同步升高。,0.6249,hydraulic
RCA_TEXT_HFB-04352,HFB-04352,rca_text,该案例表现为中度压力异常，根因更可能由材料阶段隐患累积触发。,0.5989,hydraulic
EVO_TEXT_HFB-04352,HFB-04352,fault_evolution_text,早期异常较弱，运行载荷放大后出现指标漂移，并逐步演化为中度故障。,0.5989,hydraulic
RCA_TEXT_HFB-04353,HFB-04353,rca_text,该案例表现为中度振动异常，根因更可能由运维阶段隐患累积触发。,0.5687,hydraulic
EVO_TEXT_HFB-04353,HFB-04353,fault_evolution_text,早期异常较弱，运行载荷放大后出现指标漂移，并逐步演化为中度故障。,0.5687,hydraulic
RCA_TEXT_HFB-04354,HFB-04354,rca_text,结合传感器能量和检测记录，作动筒的压力异常与设计阶段高风险实体 HDES-00329 一致。,0.5569,hydraulic
EVO_TEXT_HFB-04354,HFB-04354,fault_evolution_text,隐患先导致局部性能退化，随后传感器能量向关联通道集中，最终形成压力异常。,0.5569,hydraulic
RCA_TEXT_HFB-04355,HFB-04355,rca_text,该案例表现为中度振动异常，根因更可能由制造阶段隐患累积触发。,0.6376,hydraulic
EVO_TEXT_HFB-04355,HFB-04355,fault_evolution_text,制造阶段风险与运行工况耦合后引起状态劣化，检测指标随严重度同步升高。,0.6376,hydraulic
RCA_TEXT_HFB-04356,HFB-04356,rca_text,过滤器出现轻微流量异常，生命周期风险集中在运维阶段，建议优先追溯 HOPR-04356。,0.5944,hydraulic
EVO_TEXT_HFB-04356,HFB-04356,fault_evolution_text,隐患先导致局部性能退化，随后传感器能量向关联通道集中，最终形成流量异常。,0.5944,hydraulic
RCA_TEXT_HFB-04357,HFB-04357,rca_text,液压油箱出现轻微温度异常，生命周期风险集中在运维阶段，建议优先追溯 HOPR-04357。,0.5706,hydraulic
EVO_TEXT_HFB-04357,HFB-04357,fault_evolution_text,运维阶段风险与运行工况耦合后引起状态劣化，检测指标随严重度同步升高。,0.5706,hydraulic
RCA_TEXT_HFB-04358,HFB-04358,rca_text,该案例表现为轻微流量异常，根因更可能由材料阶段隐患累积触发。,0.5502,hydraulic
EVO_TEXT_HFB-04358,HFB-04358,fault_evolution_text,隐患先导致局部性能退化，随后传感器能量向关联通道集中，最终形成流量异常。,0.5502,hydraulic
RCA_TEXT_HFB-04359,HFB-04359,rca_text,液压泵总成出现轻微振动异常，生命周期风险集中在材料阶段，建议优先追溯 HMAT-00574。,0.559,hydraulic
EVO_TEXT_HFB-04359,HFB-04359,fault_evolution_text,材料阶段风险与运行工况耦合后引起状态劣化，检测指标随严重度同步升高。,0.559,hydraulic
RCA_TEXT_HFB-04360,HFB-04360,rca_text,结合传感器能量和检测记录，卸荷阀的振动异常与装配阶段高风险实体 HASM-04360 一致。,0.5788,hydraulic
EVO_TEXT_HFB-04360,HFB-04360,fault_evolution_text,装配阶段风险与运行工况耦合后引起状态劣化，检测指标随严重度同步升高。,0.5788,hydraulic
RCA_TEXT_HFB-04361,HFB-04361,rca_text,管路总成出现中度压力异常，生命周期风险集中在设计阶段，建议优先追溯 HPIP-00747。,0.5972,hydraulic
EVO_TEXT_HFB-04361,HFB-04361,fault_evolution_text,早期异常较弱，运行载荷放大后出现指标漂移，并逐步演化为中度故障。,0.5972,hydraulic
RCA_TEXT_HFB-04362,HFB-04362,rca_text,节流阀出现轻微振动异常，生命周期风险集中在运维阶段，建议优先追溯 HOPR-04362。,0.5865,hydraulic
EVO_TEXT_HFB-04362,HFB-04362,fault_evolution_text,运维阶段风险与运行工况耦合后引起状态劣化，检测指标随严重度同步升高。,0.5865,hydraulic
RCA_TEXT_HFB-04363,HFB-04363,rca_text,该案例表现为轻微阀芯卡滞，根因更可能由运维阶段隐患累积触发。,0.6123,hydraulic
EVO_TEXT_HFB-04363,HFB-04363,fault_evolution_text,隐患先导致局部性能退化，随后传感器能量向关联通道集中，最终形成阀芯卡滞。,0.6123,hydraulic
RCA_TEXT_HFB-04364,HFB-04364,rca_text,结合传感器能量和检测记录，液压油箱的流量异常与设计阶段高风险实体 HDES-00939 一致。,0.6025,hydraulic
EVO_TEXT_HFB-04364,HFB-04364,fault_evolution_text,早期异常较弱，运行载荷放大后出现指标漂移，并逐步演化为中度故障。,0.6025,hydraulic
RCA_TEXT_HFB-04365,HFB-04365,rca_text,液压油箱出现轻微流量异常，生命周期风险集中在检测阶段，建议优先追溯 HINSP-04365。,0.5621,hydraulic
EVO_TEXT_HFB-04365,HFB-04365,fault_evolution_text,隐患先导致局部性能退化，随后传感器能量向关联通道集中，最终形成流量异常。,0.5621,hydraulic
RCA_TEXT_HFB-04366,HFB-04366,rca_text,液压油箱出现轻微泄漏异常，生命周期风险集中在装配阶段，建议优先追溯 HASM-04366。,0.6003,hydraulic
EVO_TEXT_HFB-04366,HFB-04366,fault_evolution_text,早期异常较弱，运行载荷放大后出现指标漂移，并逐步演化为轻微故障。,0.6003,hydraulic
RCA_TEXT_HFB-04367,HFB-04367,rca_text,该案例表现为轻微泄漏异常，根因更可能由运维阶段隐患累积触发。,0.6249,hydraulic
EVO_TEXT_HFB-04367,HFB-04367,fault_evolution_text,隐患先导致局部性能退化，随后传感器能量向关联通道集中，最终形成泄漏异常。,0.6249,hydraulic
RCA_TEXT_HFB-04368,HFB-04368,rca_text,单向阀出现中度阀芯卡滞，生命周期风险集中在材料阶段，建议优先追溯 HMAT-00048。,0.6113,hydraulic
EVO_TEXT_HFB-04368,HFB-04368,fault_evolution_text,早期异常较弱，运行载荷放大后出现指标漂移，并逐步演化为中度故障。,0.6113,hydraulic
RCA_TEXT_HFB-04369,HFB-04369,rca_text,该案例表现为中度压力异常，根因更可能由材料阶段隐患累积触发。,0.5883,hydraulic
EVO_TEXT_HFB-04369,HFB-04369,fault_evolution_text,早期异常较弱，运行载荷放大后出现指标漂移，并逐步演化为中度故障。,0.5883,hydraulic
RCA_TEXT_HFB-04370,HFB-04370,rca_text,管路总成出现中度泄漏异常，生命周期风险集中在设计阶段，建议优先追溯 HPIP-00749。,0.5321,hydraulic
EVO_TEXT_HFB-04370,HFB-04370,fault_evolution_text,隐患先导致局部性能退化，随后传感器能量向关联通道集中，最终形成泄漏异常。,0.5321,hydraulic
RCA_TEXT_HFB-04371,HFB-04371,rca_text,结合传感器能量和检测记录，管路总成的流量异常与制造阶段高风险实体 HMAN-01053 一致。,0.6756,hydraulic
EVO_TEXT_HFB-04371,HFB-04371,fault_evolution_text,隐患先导致局部性能退化，随后传感器能量向关联通道集中，最终形成流量异常。,0.6756,hydraulic
RCA_TEXT_HFB-04372,HFB-04372,rca_text,结合传感器能量和检测记录，管路总成的泄漏异常与运维阶段高风险实体 HOPR-04372 一致。,0.5842,hydraulic
EVO_TEXT_HFB-04372,HFB-04372,fault_evolution_text,隐患先导致局部性能退化，随后传感器能量向关联通道集中，最终形成泄漏异常。,0.5842,hydraulic
RCA_TEXT_HFB-04373,HFB-04373,rca_text,管路总成出现中度振动异常，生命周期风险集中在装配阶段，建议优先追溯 HASM-04373。,0.6805,hydraulic
EVO_TEXT_HFB-04373,HFB-04373,fault_evolution_text,隐患先导致局部性能退化，随后传感器能量向关联通道集中，最终形成振动异常。,0.6805,hydraulic
RCA_TEXT_HFB-04374,HFB-04374,rca_text,该案例表现为轻微泄漏异常，根因更可能由装配阶段隐患累积触发。,0.5873,hydraulic
EVO_TEXT_HFB-04374,HFB-04374,fault_evolution_text,装配阶段风险与运行工况耦合后引起状态劣化，检测指标随严重度同步升高。,0.5873,hydraulic
RCA_TEXT_HFB-04375,HFB-04375,rca_text,该案例表现为轻微压力异常，根因更可能由材料阶段隐患累积触发。,0.5735,hydraulic
EVO_TEXT_HFB-04375,HFB-04375,fault_evolution_text,材料阶段风险与运行工况耦合后引起状态劣化，检测指标随严重度同步升高。,0.5735,hydraulic
RCA_TEXT_HFB-04376,HFB-04376,rca_text,该案例表现为中度泄漏异常，根因更可能由运维阶段隐患累积触发。,0.6095,hydraulic
EVO_TEXT_HFB-04376,HFB-04376,fault_evolution_text,早期异常较弱，运行载荷放大后出现指标漂移，并逐步演化为中度故障。,0.6095,hydraulic
RCA_TEXT_HFB-04377,HFB-04377,rca_text,管路总成出现中度压力异常，生命周期风险集中在制造阶段，建议优先追溯 HMAN-00015。,0.6379,hydraulic
EVO_TEXT_HFB-04377,HFB-04377,fault_evolution_text,隐患先导致局部性能退化，随后传感器能量向关联通道集中，最终形成压力异常。,0.6379,hydraulic
RCA_TEXT_HFB-04378,HFB-04378,rca_text,结合传感器能量和检测记录，节流阀的压力异常与材料阶段高风险实体 HMAT-00406 一致。,0.536,hydraulic
EVO_TEXT_HFB-04378,HFB-04378,fault_evolution_text,材料阶段风险与运行工况耦合后引起状态劣化，检测指标随严重度同步升高。,0.536,hydraulic
RCA_TEXT_HFB-04379,HFB-04379,rca_text,结合传感器能量和检测记录，过滤器的流量异常与运维阶段高风险实体 HOPR-04379 一致。,0.6209,hydraulic
EVO_TEXT_HFB-04379,HFB-04379,fault_evolution_text,隐患先导致局部性能退化，随后传感器能量向关联通道集中，最终形成流量异常。,0.6209,hydraulic
RCA_TEXT_HFB-04380,HFB-04380,rca_text,该案例表现为中度温度异常，根因更可能由运维阶段隐患累积触发。,0.6118,hydraulic
EVO_TEXT_HFB-04380,HFB-04380,fault_evolution_text,隐患先导致局部性能退化，随后传感器能量向关联通道集中，最终形成温度异常。,0.6118,hydraulic
RCA_TEXT_HFB-04381,HFB-04381,rca_text,该案例表现为中度振动异常，根因更可能由设计阶段隐患累积触发。,0.741,hydraulic
EVO_TEXT_HFB-04381,HFB-04381,fault_evolution_text,隐患先导致局部性能退化，随后传感器能量向关联通道集中，最终形成振动异常。,0.741,hydraulic
RCA_TEXT_HFB-04382,HFB-04382,rca_text,方向控制阀出现中度阀芯卡滞，生命周期风险集中在材料阶段，建议优先追溯 HMAT-00534。,0.6263,hydraulic
EVO_TEXT_HFB-04382,HFB-04382,fault_evolution_text,隐患先导致局部性能退化，随后传感器能量向关联通道集中，最终形成阀芯卡滞。,0.6263,hydraulic
RCA_TEXT_HFB-04383,HFB-04383,rca_text,结合传感器能量和检测记录，管路总成的压力异常与设计阶段高风险实体 HPIP-00756 一致。,0.6278,hydraulic
EVO_TEXT_HFB-04383,HFB-04383,fault_evolution_text,设计阶段风险与运行工况耦合后引起状态劣化，检测指标随严重度同步升高。,0.6278,hydraulic
RCA_TEXT_HFB-04384,HFB-04384,rca_text,结合传感器能量和检测记录，管路总成的压力异常与制造阶段高风险实体 HMAN-00091 一致。,0.5962,hydraulic
EVO_TEXT_HFB-04384,HFB-04384,fault_evolution_text,隐患先导致局部性能退化，随后传感器能量向关联通道集中，最终形成压力异常。,0.5962,hydraulic
RCA_TEXT_HFB-04385,HFB-04385,rca_text,节流阀出现轻微阀芯卡滞，生命周期风险集中在材料阶段，建议优先追溯 HMAT-00216。,0.6303,hydraulic
EVO_TEXT_HFB-04385,HFB-04385,fault_evolution_text,隐患先导致局部性能退化，随后传感器能量向关联通道集中，最终形成阀芯卡滞。,0.6303,hydraulic
RCA_TEXT_HFB-04386,HFB-04386,rca_text,蓄能器出现轻微流量异常，生命周期风险集中在检测阶段，建议优先追溯 HINSP-04386。,0.5988,hydraulic
EVO_TEXT_HFB-04386,HFB-04386,fault_evolution_text,早期异常较弱，运行载荷放大后出现指标漂移，并逐步演化为轻微故障。,0.5988,hydraulic
RCA_TEXT_HFB-04387,HFB-04387,rca_text,结合传感器能量和检测记录，作动筒的泄漏异常与材料阶段高风险实体 HMAT-00159 一致。,0.6133,hydraulic
EVO_TEXT_HFB-04387,HFB-04387,fault_evolution_text,材料阶段风险与运行工况耦合后引起状态劣化，检测指标随严重度同步升高。,0.6133,hydraulic
RCA_TEXT_HFB-04388,HFB-04388,rca_text,该案例表现为轻微振动异常，根因更可能由运维阶段隐患累积触发。,0.567,hydraulic
EVO_TEXT_HFB-04388,HFB-04388,fault_evolution_text,运维阶段风险与运行工况耦合后引起状态劣化，检测指标随严重度同步升高。,0.567,hydraulic
RCA_TEXT_HFB-04389,HFB-04389,rca_text,结合传感器能量和检测记录，蓄能器的压力异常与设计阶段高风险实体 HDES-00949 一致。,0.6272,hydraulic
EVO_TEXT_HFB-04389,HFB-04389,fault_evolution_text,设计阶段风险与运行工况耦合后引起状态劣化，检测指标随严重度同步升高。,0.6272,hydraulic
RCA_TEXT_HFB-04390,HFB-04390,rca_text,过滤器出现中度温度异常，生命周期风险集中在制造阶段，建议优先追溯 HMAN-00386。,0.6617,hydraulic
EVO_TEXT_HFB-04390,HFB-04390,fault_evolution_text,早期异常较弱，运行载荷放大后出现指标漂移，并逐步演化为中度故障。,0.6617,hydraulic
RCA_TEXT_HFB-04391,HFB-04391,rca_text,该案例表现为中度泄漏异常，根因更可能由运维阶段隐患累积触发。,0.598,hydraulic
EVO_TEXT_HFB-04391,HFB-04391,fault_evolution_text,隐患先导致局部性能退化，随后传感器能量向关联通道集中，最终形成泄漏异常。,0.598,hydraulic
RCA_TEXT_HFB-04392,HFB-04392,rca_text,该案例表现为轻微压力异常，根因更可能由运维阶段隐患累积触发。,0.5969,hydraulic
EVO_TEXT_HFB-04392,HFB-04392,fault_evolution_text,早期异常较弱，运行载荷放大后出现指标漂移，并逐步演化为轻微故障。,0.5969,hydraulic
RCA_TEXT_HFB-04393,HFB-04393,rca_text,该案例表现为中度振动异常，根因更可能由制造阶段隐患累积触发。,0.5877,hydraulic
EVO_TEXT_HFB-04393,HFB-04393,fault_evolution_text,制造阶段风险与运行工况耦合后引起状态劣化，检测指标随严重度同步升高。,0.5877,hydraulic
RCA_TEXT_HFB-04394,HFB-04394,rca_text,结合传感器能量和检测记录，节流阀的阀芯卡滞与制造阶段高风险实体 HMAN-00620 一致。,0.6426,hydraulic
EVO_TEXT_HFB-04394,HFB-04394,fault_evolution_text,隐患先导致局部性能退化，随后传感器能量向关联通道集中，最终形成阀芯卡滞。,0.6426,hydraulic
RCA_TEXT_HFB-04395,HFB-04395,rca_text,该案例表现为轻微泄漏异常，根因更可能由检测阶段隐患累积触发。,0.6092,hydraulic
EVO_TEXT_HFB-04395,HFB-04395,fault_evolution_text,隐患先导致局部性能退化，随后传感器能量向关联通道集中，最终形成泄漏异常。,0.6092,hydraulic
RCA_TEXT_HFB-04396,HFB-04396,rca_text,节流阀出现轻微流量异常，生命周期风险集中在装配阶段，建议优先追溯 HASM-04396。,0.5934,hydraulic
EVO_TEXT_HFB-04396,HFB-04396,fault_evolution_text,隐患先导致局部性能退化，随后传感器能量向关联通道集中，最终形成流量异常。,0.5934,hydraulic
RCA_TEXT_HFB-04397,HFB-04397,rca_text,结合传感器能量和检测记录，卸荷阀的压力异常与制造阶段高风险实体 HMAN-00918 一致。,0.4824,hydraulic
EVO_TEXT_HFB-04397,HFB-04397,fault_evolution_text,隐患先导致局部性能退化，随后传感器能量向关联通道集中，最终形成压力异常。,0.4824,hydraulic
RCA_TEXT_HFB-04398,HFB-04398,rca_text,管路总成出现中度泄漏异常，生命周期风险集中在装配阶段，建议优先追溯 HASM-04398。,0.612,hydraulic
EVO_TEXT_HFB-04398,HFB-04398,fault_evolution_text,早期异常较弱，运行载荷放大后出现指标漂移，并逐步演化为中度故障。,0.612,hydraulic
RCA_TEXT_HFB-04399,HFB-04399,rca_text,该案例表现为轻微温度异常，根因更可能由检测阶段隐患累积触发。,0.6386,hydraulic
EVO_TEXT_HFB-04399,HFB-04399,fault_evolution_text,早期异常较弱，运行载荷放大后出现指标漂移，并逐步演化为轻微故障。,0.6386,hydraulic
RCA_TEXT_HFB-04400,HFB-04400,rca_text,该案例表现为轻微泄漏异常，根因更可能由设计阶段隐患累积触发。,0.6064,hydraulic
EVO_TEXT_HFB-04400,HFB-04400,fault_evolution_text,隐患先导致局部性能退化，随后传感器能量向关联通道集中，最终形成泄漏异常。,0.6064,hydraulic
RCA_TEXT_HFB-04401,HFB-04401,rca_text,结合传感器能量和检测记录，单向阀的压力异常与运维阶段高风险实体 HOPR-04401 一致。,0.5892,hydraulic
EVO_TEXT_HFB-04401,HFB-04401,fault_evolution_text,隐患先导致局部性能退化，随后传感器能量向关联通道集中，最终形成压力异常。,0.5892,hydraulic
RCA_TEXT_HFB-04402,HFB-04402,rca_text,结合传感器能量和检测记录，卸荷阀的泄漏异常与制造阶段高风险实体 HMAN-00590 一致。,0.6408,hydraulic
EVO_TEXT_HFB-04402,HFB-04402,fault_evolution_text,隐患先导致局部性能退化，随后传感器能量向关联通道集中，最终形成泄漏异常。,0.6408,hydraulic
RCA_TEXT_HFB-04403,HFB-04403,rca_text,作动筒出现轻微泄漏异常，生命周期风险集中在运维阶段，建议优先追溯 HOPR-04403。,0.5486,hydraulic
EVO_TEXT_HFB-04403,HFB-04403,fault_evolution_text,隐患先导致局部性能退化，随后传感器能量向关联通道集中，最终形成泄漏异常。,0.5486,hydraulic
RCA_TEXT_HFB-04404,HFB-04404,rca_text,该案例表现为轻微阀芯卡滞，根因更可能由运维阶段隐患累积触发。,0.5773,hydraulic
EVO_TEXT_HFB-04404,HFB-04404,fault_evolution_text,早期异常较弱，运行载荷放大后出现指标漂移，并逐步演化为轻微故障。,0.5773,hydraulic
RCA_TEXT_HFB-04405,HFB-04405,rca_text,管路总成出现中度压力异常，生命周期风险集中在材料阶段，建议优先追溯 HMAT-00352。,0.5335,hydraulic
EVO_TEXT_HFB-04405,HFB-04405,fault_evolution_text,早期异常较弱，运行载荷放大后出现指标漂移，并逐步演化为中度故障。,0.5335,hydraulic
RCA_TEXT_HFB-04406,HFB-04406,rca_text,管路总成出现中度振动异常，生命周期风险集中在运维阶段，建议优先追溯 HOPR-04406。,0.5615,hydraulic
EVO_TEXT_HFB-04406,HFB-04406,fault_evolution_text,早期异常较弱，运行载荷放大后出现指标漂移，并逐步演化为中度故障。,0.5615,hydraulic
RCA_TEXT_HFB-04407,HFB-04407,rca_text,该案例表现为轻微阀芯卡滞，根因更可能由运维阶段隐患累积触发。,0.5999,hydraulic
EVO_TEXT_HFB-04407,HFB-04407,fault_evolution_text,运维阶段风险与运行工况耦合后引起状态劣化，检测指标随严重度同步升高。,0.5999,hydraulic
RCA_TEXT_HFB-04408,HFB-04408,rca_text,结合传感器能量和检测记录，溢流阀的阀芯卡滞与运维阶段高风险实体 HOPR-04408 一致。,0.5846,hydraulic
EVO_TEXT_HFB-04408,HFB-04408,fault_evolution_text,早期异常较弱，运行载荷放大后出现指标漂移，并逐步演化为中度故障。,0.5846,hydraulic
RCA_TEXT_HFB-04409,HFB-04409,rca_text,结合传感器能量和检测记录，蓄能器的泄漏异常与制造阶段高风险实体 HMAN-00104 一致。,0.6737,hydraulic
EVO_TEXT_HFB-04409,HFB-04409,fault_evolution_text,早期异常较弱，运行载荷放大后出现指标漂移，并逐步演化为轻微故障。,0.6737,hydraulic
RCA_TEXT_HFB-04410,HFB-04410,rca_text,该案例表现为轻微阀芯卡滞，根因更可能由材料阶段隐患累积触发。,0.6336,hydraulic
EVO_TEXT_HFB-04410,HFB-04410,fault_evolution_text,隐患先导致局部性能退化，随后传感器能量向关联通道集中，最终形成阀芯卡滞。,0.6336,hydraulic
RCA_TEXT_HFB-04411,HFB-04411,rca_text,结合传感器能量和检测记录，溢流阀的泄漏异常与运维阶段高风险实体 HOPR-04411 一致。,0.7095,hydraulic
EVO_TEXT_HFB-04411,HFB-04411,fault_evolution_text,隐患先导致局部性能退化，随后传感器能量向关联通道集中，最终形成泄漏异常。,0.7095,hydraulic
RCA_TEXT_HFB-04412,HFB-04412,rca_text,结合传感器能量和检测记录，溢流阀的阀芯卡滞与材料阶段高风险实体 HMAT-00206 一致。,0.607,hydraulic
EVO_TEXT_HFB-04412,HFB-04412,fault_evolution_text,早期异常较弱，运行载荷放大后出现指标漂移，并逐步演化为中度故障。,0.607,hydraulic
RCA_TEXT_HFB-04413,HFB-04413,rca_text,液压泵总成出现中度泄漏异常，生命周期风险集中在设计阶段，建议优先追溯 HDES-00922。,0.5771,hydraulic
EVO_TEXT_HFB-04413,HFB-04413,fault_evolution_text,隐患先导致局部性能退化，随后传感器能量向关联通道集中，最终形成泄漏异常。,0.5771,hydraulic
RCA_TEXT_HFB-04414,HFB-04414,rca_text,过滤器出现轻微流量异常，生命周期风险集中在运维阶段，建议优先追溯 HOPR-04414。,0.6508,hydraulic
EVO_TEXT_HFB-04414,HFB-04414,fault_evolution_text,早期异常较弱，运行载荷放大后出现指标漂移，并逐步演化为轻微故障。,0.6508,hydraulic
RCA_TEXT_HFB-04415,HFB-04415,rca_text,该案例表现为轻微泄漏异常，根因更可能由运维阶段隐患累积触发。,0.5657,hydraulic
EVO_TEXT_HFB-04415,HFB-04415,fault_evolution_text,早期异常较弱，运行载荷放大后出现指标漂移，并逐步演化为轻微故障。,0.5657,hydraulic
RCA_TEXT_HFB-04416,HFB-04416,rca_text,该案例表现为中度泄漏异常，根因更可能由装配阶段隐患累积触发。,0.6459,hydraulic
EVO_TEXT_HFB-04416,HFB-04416,fault_evolution_text,装配阶段风险与运行工况耦合后引起状态劣化，检测指标随严重度同步升高。,0.6459,hydraulic
RCA_TEXT_HFB-04417,HFB-04417,rca_text,液压油箱出现中度温度异常，生命周期风险集中在设计阶段，建议优先追溯 HDES-00376。,0.5741,hydraulic
EVO_TEXT_HFB-04417,HFB-04417,fault_evolution_text,设计阶段风险与运行工况耦合后引起状态劣化，检测指标随严重度同步升高。,0.5741,hydraulic
RCA_TEXT_HFB-04418,HFB-04418,rca_text,结合传感器能量和检测记录，作动筒的温度异常与制造阶段高风险实体 HMAN-00352 一致。,0.5283,hydraulic
EVO_TEXT_HFB-04418,HFB-04418,fault_evolution_text,隐患先导致局部性能退化，随后传感器能量向关联通道集中，最终形成温度异常。,0.5283,hydraulic
RCA_TEXT_HFB-04419,HFB-04419,rca_text,该案例表现为轻微泄漏异常，根因更可能由设计阶段隐患累积触发。,0.5436,hydraulic
EVO_TEXT_HFB-04419,HFB-04419,fault_evolution_text,设计阶段风险与运行工况耦合后引起状态劣化，检测指标随严重度同步升高。,0.5436,hydraulic
RCA_TEXT_HFB-04420,HFB-04420,rca_text,节流阀出现中度阀芯卡滞，生命周期风险集中在运维阶段，建议优先追溯 HOPR-04420。,0.7039,hydraulic
EVO_TEXT_HFB-04420,HFB-04420,fault_evolution_text,早期异常较弱，运行载荷放大后出现指标漂移，并逐步演化为中度故障。,0.7039,hydraulic
RCA_TEXT_HFB-04421,HFB-04421,rca_text,过滤器出现中度流量异常，生命周期风险集中在材料阶段，建议优先追溯 HMAT-00183。,0.6078,hydraulic
EVO_TEXT_HFB-04421,HFB-04421,fault_evolution_text,早期异常较弱，运行载荷放大后出现指标漂移，并逐步演化为中度故障。,0.6078,hydraulic
RCA_TEXT_HFB-04422,HFB-04422,rca_text,溢流阀出现轻微压力异常，生命周期风险集中在运维阶段，建议优先追溯 HOPR-04422。,0.562,hydraulic
EVO_TEXT_HFB-04422,HFB-04422,fault_evolution_text,运维阶段风险与运行工况耦合后引起状态劣化，检测指标随严重度同步升高。,0.562,hydraulic
RCA_TEXT_HFB-04423,HFB-04423,rca_text,卸荷阀出现轻微振动异常，生命周期风险集中在运维阶段，建议优先追溯 HOPR-04423。,0.6064,hydraulic
EVO_TEXT_HFB-04423,HFB-04423,fault_evolution_text,运维阶段风险与运行工况耦合后引起状态劣化，检测指标随严重度同步升高。,0.6064,hydraulic
RCA_TEXT_HFB-04424,HFB-04424,rca_text,过滤器出现轻微阀芯卡滞，生命周期风险集中在制造阶段，建议优先追溯 HMAN-00223。,0.5914,hydraulic
EVO_TEXT_HFB-04424,HFB-04424,fault_evolution_text,早期异常较弱，运行载荷放大后出现指标漂移，并逐步演化为轻微故障。,0.5914,hydraulic
RCA_TEXT_HFB-04425,HFB-04425,rca_text,单向阀出现轻微阀芯卡滞，生命周期风险集中在运维阶段，建议优先追溯 HOPR-04425。,0.6543,hydraulic
EVO_TEXT_HFB-04425,HFB-04425,fault_evolution_text,隐患先导致局部性能退化，随后传感器能量向关联通道集中，最终形成阀芯卡滞。,0.6543,hydraulic
RCA_TEXT_HFB-04426,HFB-04426,rca_text,该案例表现为中度泄漏异常，根因更可能由制造阶段隐患累积触发。,0.6433,hydraulic
EVO_TEXT_HFB-04426,HFB-04426,fault_evolution_text,早期异常较弱，运行载荷放大后出现指标漂移，并逐步演化为中度故障。,0.6433,hydraulic
RCA_TEXT_HFB-04427,HFB-04427,rca_text,该案例表现为轻微阀芯卡滞，根因更可能由材料阶段隐患累积触发。,0.6344,hydraulic
EVO_TEXT_HFB-04427,HFB-04427,fault_evolution_text,材料阶段风险与运行工况耦合后引起状态劣化，检测指标随严重度同步升高。,0.6344,hydraulic
RCA_TEXT_HFB-04428,HFB-04428,rca_text,管路总成出现轻微阀芯卡滞，生命周期风险集中在设计阶段，建议优先追溯 HPIP-00763。,0.5886,hydraulic
EVO_TEXT_HFB-04428,HFB-04428,fault_evolution_text,隐患先导致局部性能退化，随后传感器能量向关联通道集中，最终形成阀芯卡滞。,0.5886,hydraulic
RCA_TEXT_HFB-04429,HFB-04429,rca_text,该案例表现为轻微振动异常，根因更可能由装配阶段隐患累积触发。,0.5256,hydraulic
EVO_TEXT_HFB-04429,HFB-04429,fault_evolution_text,隐患先导致局部性能退化，随后传感器能量向关联通道集中，最终形成振动异常。,0.5256,hydraulic
RCA_TEXT_HFB-04430,HFB-04430,rca_text,结合传感器能量和检测记录，过滤器的流量异常与运维阶段高风险实体 HOPR-04430 一致。,0.6109,hydraulic
EVO_TEXT_HFB-04430,HFB-04430,fault_evolution_text,隐患先导致局部性能退化，随后传感器能量向关联通道集中，最终形成流量异常。,0.6109,hydraulic
RCA_TEXT_HFB-04431,HFB-04431,rca_text,结合传感器能量和检测记录，单向阀的压力异常与运维阶段高风险实体 HOPR-04431 一致。,0.5831,hydraulic
EVO_TEXT_HFB-04431,HFB-04431,fault_evolution_text,早期异常较弱，运行载荷放大后出现指标漂移，并逐步演化为轻微故障。,0.5831,hydraulic
RCA_TEXT_HFB-04432,HFB-04432,rca_text,该案例表现为轻微温度异常，根因更可能由材料阶段隐患累积触发。,0.6056,hydraulic
EVO_TEXT_HFB-04432,HFB-04432,fault_evolution_text,早期异常较弱，运行载荷放大后出现指标漂移，并逐步演化为轻微故障。,0.6056,hydraulic
RCA_TEXT_HFB-04433,HFB-04433,rca_text,该案例表现为轻微阀芯卡滞，根因更可能由制造阶段隐患累积触发。,0.6389,hydraulic
EVO_TEXT_HFB-04433,HFB-04433,fault_evolution_text,制造阶段风险与运行工况耦合后引起状态劣化，检测指标随严重度同步升高。,0.6389,hydraulic
RCA_TEXT_HFB-04434,HFB-04434,rca_text,结合传感器能量和检测记录，液压泵总成的振动异常与装配阶段高风险实体 HASM-04434 一致。,0.6199,hydraulic
EVO_TEXT_HFB-04434,HFB-04434,fault_evolution_text,早期异常较弱，运行载荷放大后出现指标漂移，并逐步演化为轻微故障。,0.6199,hydraulic
RCA_TEXT_HFB-04435,HFB-04435,rca_text,方向控制阀出现轻微流量异常，生命周期风险集中在运维阶段，建议优先追溯 HOPR-04435。,0.6476,hydraulic
EVO_TEXT_HFB-04435,HFB-04435,fault_evolution_text,隐患先导致局部性能退化，随后传感器能量向关联通道集中，最终形成流量异常。,0.6476,hydraulic
RCA_TEXT_HFB-04436,HFB-04436,rca_text,该案例表现为轻微泄漏异常，根因更可能由设计阶段隐患累积触发。,0.5651,hydraulic
EVO_TEXT_HFB-04436,HFB-04436,fault_evolution_text,设计阶段风险与运行工况耦合后引起状态劣化，检测指标随严重度同步升高。,0.5651,hydraulic
RCA_TEXT_HFB-04437,HFB-04437,rca_text,蓄能器出现轻微泄漏异常，生命周期风险集中在装配阶段，建议优先追溯 HASM-04437。,0.5929,hydraulic
EVO_TEXT_HFB-04437,HFB-04437,fault_evolution_text,隐患先导致局部性能退化，随后传感器能量向关联通道集中，最终形成泄漏异常。,0.5929,hydraulic
RCA_TEXT_HFB-04438,HFB-04438,rca_text,结合传感器能量和检测记录，溢流阀的温度异常与设计阶段高风险实体 HDES-00131 一致。,0.6102,hydraulic
EVO_TEXT_HFB-04438,HFB-04438,fault_evolution_text,早期异常较弱，运行载荷放大后出现指标漂移，并逐步演化为轻微故障。,0.6102,hydraulic
RCA_TEXT_HFB-04439,HFB-04439,rca_text,该案例表现为轻微压力异常，根因更可能由材料阶段隐患累积触发。,0.5963,hydraulic
EVO_TEXT_HFB-04439,HFB-04439,fault_evolution_text,隐患先导致局部性能退化，随后传感器能量向关联通道集中，最终形成压力异常。,0.5963,hydraulic
RCA_TEXT_HFB-04440,HFB-04440,rca_text,溢流阀出现轻微泄漏异常，生命周期风险集中在材料阶段，建议优先追溯 HMAT-00378。,0.5603,hydraulic
EVO_TEXT_HFB-04440,HFB-04440,fault_evolution_text,材料阶段风险与运行工况耦合后引起状态劣化，检测指标随严重度同步升高。,0.5603,hydraulic
RCA_TEXT_HFB-04441,HFB-04441,rca_text,该案例表现为中度阀芯卡滞，根因更可能由设计阶段隐患累积触发。,0.6646,hydraulic
EVO_TEXT_HFB-04441,HFB-04441,fault_evolution_text,早期异常较弱，运行载荷放大后出现指标漂移，并逐步演化为中度故障。,0.6646,hydraulic
RCA_TEXT_HFB-04442,HFB-04442,rca_text,结合传感器能量和检测记录，节流阀的压力异常与运维阶段高风险实体 HOPR-04442 一致。,0.565,hydraulic
EVO_TEXT_HFB-04442,HFB-04442,fault_evolution_text,隐患先导致局部性能退化，随后传感器能量向关联通道集中，最终形成压力异常。,0.565,hydraulic
RCA_TEXT_HFB-04443,HFB-04443,rca_text,该案例表现为中度振动异常，根因更可能由装配阶段隐患累积触发。,0.6388,hydraulic
EVO_TEXT_HFB-04443,HFB-04443,fault_evolution_text,早期异常较弱，运行载荷放大后出现指标漂移，并逐步演化为中度故障。,0.6388,hydraulic
RCA_TEXT_HFB-04444,HFB-04444,rca_text,结合传感器能量和检测记录，液压油箱的流量异常与运维阶段高风险实体 HOPR-04444 一致。,0.6059,hydraulic
EVO_TEXT_HFB-04444,HFB-04444,fault_evolution_text,早期异常较弱，运行载荷放大后出现指标漂移，并逐步演化为轻微故障。,0.6059,hydraulic
RCA_TEXT_HFB-04445,HFB-04445,rca_text,结合传感器能量和检测记录，管路总成的泄漏异常与制造阶段高风险实体 HMAN-00662 一致。,0.6226,hydraulic
EVO_TEXT_HFB-04445,HFB-04445,fault_evolution_text,隐患先导致局部性能退化，随后传感器能量向关联通道集中，最终形成泄漏异常。,0.6226,hydraulic
RCA_TEXT_HFB-04446,HFB-04446,rca_text,该案例表现为中度流量异常，根因更可能由制造阶段隐患累积触发。,0.6356,hydraulic
EVO_TEXT_HFB-04446,HFB-04446,fault_evolution_text,制造阶段风险与运行工况耦合后引起状态劣化，检测指标随严重度同步升高。,0.6356,hydraulic
RCA_TEXT_HFB-04447,HFB-04447,rca_text,节流阀出现轻微压力异常，生命周期风险集中在材料阶段，建议优先追溯 HMAT-00158。,0.5364,hydraulic
EVO_TEXT_HFB-04447,HFB-04447,fault_evolution_text,隐患先导致局部性能退化，随后传感器能量向关联通道集中，最终形成压力异常。,0.5364,hydraulic
RCA_TEXT_HFB-04448,HFB-04448,rca_text,该案例表现为轻微流量异常，根因更可能由设计阶段隐患累积触发。,0.6046,hydraulic
EVO_TEXT_HFB-04448,HFB-04448,fault_evolution_text,设计阶段风险与运行工况耦合后引起状态劣化，检测指标随严重度同步升高。,0.6046,hydraulic
RCA_TEXT_HFB-04449,HFB-04449,rca_text,结合传感器能量和检测记录，节流阀的温度异常与运维阶段高风险实体 HOPR-04449 一致。,0.5162,hydraulic
EVO_TEXT_HFB-04449,HFB-04449,fault_evolution_text,早期异常较弱，运行载荷放大后出现指标漂移，并逐步演化为轻微故障。,0.5162,hydraulic
RCA_TEXT_HFB-04450,HFB-04450,rca_text,卸荷阀出现中度泄漏异常，生命周期风险集中在运维阶段，建议优先追溯 HOPR-04450。,0.5836,hydraulic
EVO_TEXT_HFB-04450,HFB-04450,fault_evolution_text,隐患先导致局部性能退化，随后传感器能量向关联通道集中，最终形成泄漏异常。,0.5836,hydraulic
RCA_TEXT_HFB-04451,HFB-04451,rca_text,结合传感器能量和检测记录，溢流阀的压力异常与设计阶段高风险实体 HDES-01074 一致。,0.5144,hydraulic
EVO_TEXT_HFB-04451,HFB-04451,fault_evolution_text,设计阶段风险与运行工况耦合后引起状态劣化，检测指标随严重度同步升高。,0.5144,hydraulic
RCA_TEXT_HFB-04452,HFB-04452,rca_text,该案例表现为中度振动异常，根因更可能由运维阶段隐患累积触发。,0.6583,hydraulic
EVO_TEXT_HFB-04452,HFB-04452,fault_evolution_text,早期异常较弱，运行载荷放大后出现指标漂移，并逐步演化为中度故障。,0.6583,hydraulic
RCA_TEXT_HFB-04453,HFB-04453,rca_text,结合传感器能量和检测记录，卸荷阀的泄漏异常与制造阶段高风险实体 HMAN-00086 一致。,0.5871,hydraulic
EVO_TEXT_HFB-04453,HFB-04453,fault_evolution_text,早期异常较弱，运行载荷放大后出现指标漂移，并逐步演化为中度故障。,0.5871,hydraulic
RCA_TEXT_HFB-04454,HFB-04454,rca_text,该案例表现为轻微流量异常，根因更可能由制造阶段隐患累积触发。,0.5564,hydraulic
EVO_TEXT_HFB-04454,HFB-04454,fault_evolution_text,制造阶段风险与运行工况耦合后引起状态劣化，检测指标随严重度同步升高。,0.5564,hydraulic
RCA_TEXT_HFB-04455,HFB-04455,rca_text,该案例表现为中度振动异常，根因更可能由设计阶段隐患累积触发。,0.6455,hydraulic
EVO_TEXT_HFB-04455,HFB-04455,fault_evolution_text,早期异常较弱，运行载荷放大后出现指标漂移，并逐步演化为中度故障。,0.6455,hydraulic
RCA_TEXT_HFB-04456,HFB-04456,rca_text,结合传感器能量和检测记录，作动筒的泄漏异常与材料阶段高风险实体 HMAT-00467 一致。,0.613,hydraulic
EVO_TEXT_HFB-04456,HFB-04456,fault_evolution_text,早期异常较弱，运行载荷放大后出现指标漂移，并逐步演化为中度故障。,0.613,hydraulic
RCA_TEXT_HFB-04457,HFB-04457,rca_text,冷却器出现中度温度异常，生命周期风险集中在材料阶段，建议优先追溯 HMAT-00240。,0.6869,hydraulic
EVO_TEXT_HFB-04457,HFB-04457,fault_evolution_text,早期异常较弱，运行载荷放大后出现指标漂移，并逐步演化为中度故障。,0.6869,hydraulic
RCA_TEXT_HFB-04458,HFB-04458,rca_text,该案例表现为轻微流量异常，根因更可能由装配阶段隐患累积触发。,0.544,hydraulic
EVO_TEXT_HFB-04458,HFB-04458,fault_evolution_text,隐患先导致局部性能退化，随后传感器能量向关联通道集中，最终形成流量异常。,0.544,hydraulic
RCA_TEXT_HFB-04459,HFB-04459,rca_text,节流阀出现轻微流量异常，生命周期风险集中在制造阶段，建议优先追溯 HMAN-00168。,0.595,hydraulic
EVO_TEXT_HFB-04459,HFB-04459,fault_evolution_text,隐患先导致局部性能退化，随后传感器能量向关联通道集中，最终形成流量异常。,0.595,hydraulic
RCA_TEXT_HFB-04460,HFB-04460,rca_text,结合传感器能量和检测记录，作动筒的温度异常与运维阶段高风险实体 HOPR-04460 一致。,0.5584,hydraulic
EVO_TEXT_HFB-04460,HFB-04460,fault_evolution_text,早期异常较弱，运行载荷放大后出现指标漂移，并逐步演化为轻微故障。,0.5584,hydraulic
RCA_TEXT_HFB-04461,HFB-04461,rca_text,结合传感器能量和检测记录，液压油箱的振动异常与运维阶段高风险实体 HOPR-04461 一致。,0.5406,hydraulic
EVO_TEXT_HFB-04461,HFB-04461,fault_evolution_text,早期异常较弱，运行载荷放大后出现指标漂移，并逐步演化为轻微故障。,0.5406,hydraulic
RCA_TEXT_HFB-04462,HFB-04462,rca_text,结合传感器能量和检测记录，节流阀的阀芯卡滞与制造阶段高风险实体 HMAN-01052 一致。,0.6195,hydraulic
EVO_TEXT_HFB-04462,HFB-04462,fault_evolution_text,隐患先导致局部性能退化，随后传感器能量向关联通道集中，最终形成阀芯卡滞。,0.6195,hydraulic
RCA_TEXT_HFB-04463,HFB-04463,rca_text,方向控制阀出现轻微流量异常，生命周期风险集中在制造阶段，建议优先追溯 HMAN-00665。,0.5642,hydraulic
EVO_TEXT_HFB-04463,HFB-04463,fault_evolution_text,制造阶段风险与运行工况耦合后引起状态劣化，检测指标随严重度同步升高。,0.5642,hydraulic
RCA_TEXT_HFB-04464,HFB-04464,rca_text,单向阀出现轻微振动异常，生命周期风险集中在装配阶段，建议优先追溯 HASM-04464。,0.54,hydraulic
EVO_TEXT_HFB-04464,HFB-04464,fault_evolution_text,早期异常较弱，运行载荷放大后出现指标漂移，并逐步演化为轻微故障。,0.54,hydraulic
RCA_TEXT_HFB-04465,HFB-04465,rca_text,结合传感器能量和检测记录，管路总成的压力异常与装配阶段高风险实体 HASM-04465 一致。,0.6453,hydraulic
EVO_TEXT_HFB-04465,HFB-04465,fault_evolution_text,隐患先导致局部性能退化，随后传感器能量向关联通道集中，最终形成压力异常。,0.6453,hydraulic
RCA_TEXT_HFB-04466,HFB-04466,rca_text,结合传感器能量和检测记录，管路总成的温度异常与设计阶段高风险实体 HPIP-00770 一致。,0.5666,hydraulic
EVO_TEXT_HFB-04466,HFB-04466,fault_evolution_text,设计阶段风险与运行工况耦合后引起状态劣化，检测指标随严重度同步升高。,0.5666,hydraulic
RCA_TEXT_HFB-04467,HFB-04467,rca_text,结合传感器能量和检测记录，液压油箱的泄漏异常与设计阶段高风险实体 HDES-00567 一致。,0.6058,hydraulic
EVO_TEXT_HFB-04467,HFB-04467,fault_evolution_text,设计阶段风险与运行工况耦合后引起状态劣化，检测指标随严重度同步升高。,0.6058,hydraulic
RCA_TEXT_HFB-04468,HFB-04468,rca_text,液压油箱出现轻微振动异常，生命周期风险集中在制造阶段，建议优先追溯 HMAN-00880。,0.5572,hydraulic
EVO_TEXT_HFB-04468,HFB-04468,fault_evolution_text,制造阶段风险与运行工况耦合后引起状态劣化，检测指标随严重度同步升高。,0.5572,hydraulic
RCA_TEXT_HFB-04469,HFB-04469,rca_text,结合传感器能量和检测记录，单向阀的阀芯卡滞与运维阶段高风险实体 HOPR-04469 一致。,0.6455,hydraulic
EVO_TEXT_HFB-04469,HFB-04469,fault_evolution_text,运维阶段风险与运行工况耦合后引起状态劣化，检测指标随严重度同步升高。,0.6455,hydraulic
RCA_TEXT_HFB-04470,HFB-04470,rca_text,该案例表现为中度阀芯卡滞，根因更可能由设计阶段隐患累积触发。,0.5844,hydraulic
EVO_TEXT_HFB-04470,HFB-04470,fault_evolution_text,隐患先导致局部性能退化，随后传感器能量向关联通道集中，最终形成阀芯卡滞。,0.5844,hydraulic
RCA_TEXT_HFB-04471,HFB-04471,rca_text,该案例表现为中度压力异常，根因更可能由设计阶段隐患累积触发。,0.5961,hydraulic
EVO_TEXT_HFB-04471,HFB-04471,fault_evolution_text,隐患先导致局部性能退化，随后传感器能量向关联通道集中，最终形成压力异常。,0.5961,hydraulic
RCA_TEXT_HFB-04472,HFB-04472,rca_text,液压泵总成出现轻微泄漏异常，生命周期风险集中在制造阶段，建议优先追溯 HMAN-00477。,0.582,hydraulic
EVO_TEXT_HFB-04472,HFB-04472,fault_evolution_text,制造阶段风险与运行工况耦合后引起状态劣化，检测指标随严重度同步升高。,0.582,hydraulic
RCA_TEXT_HFB-04473,HFB-04473,rca_text,方向控制阀出现轻微泄漏异常，生命周期风险集中在设计阶段，建议优先追溯 HDES-00541。,0.6226,hydraulic
EVO_TEXT_HFB-04473,HFB-04473,fault_evolution_text,设计阶段风险与运行工况耦合后引起状态劣化，检测指标随严重度同步升高。,0.6226,hydraulic
RCA_TEXT_HFB-04474,HFB-04474,rca_text,方向控制阀出现轻微振动异常，生命周期风险集中在装配阶段，建议优先追溯 HASM-04474。,0.6198,hydraulic
EVO_TEXT_HFB-04474,HFB-04474,fault_evolution_text,早期异常较弱，运行载荷放大后出现指标漂移，并逐步演化为轻微故障。,0.6198,hydraulic
RCA_TEXT_HFB-04475,HFB-04475,rca_text,溢流阀出现轻微泄漏异常，生命周期风险集中在材料阶段，建议优先追溯 HMAT-00158。,0.6165,hydraulic
EVO_TEXT_HFB-04475,HFB-04475,fault_evolution_text,早期异常较弱，运行载荷放大后出现指标漂移，并逐步演化为轻微故障。,0.6165,hydraulic
RCA_TEXT_HFB-04476,HFB-04476,rca_text,节流阀出现中度阀芯卡滞，生命周期风险集中在制造阶段，建议优先追溯 HMAN-01169。,0.6147,hydraulic
EVO_TEXT_HFB-04476,HFB-04476,fault_evolution_text,早期异常较弱，运行载荷放大后出现指标漂移，并逐步演化为中度故障。,0.6147,hydraulic
RCA_TEXT_HFB-04477,HFB-04477,rca_text,液压油箱出现中度流量异常，生命周期风险集中在设计阶段，建议优先追溯 HDES-00018。,0.6288,hydraulic
EVO_TEXT_HFB-04477,HFB-04477,fault_evolution_text,设计阶段风险与运行工况耦合后引起状态劣化，检测指标随严重度同步升高。,0.6288,hydraulic
RCA_TEXT_HFB-04478,HFB-04478,rca_text,管路总成出现轻微压力异常，生命周期风险集中在设计阶段，建议优先追溯 HPIP-00772。,0.5735,hydraulic
EVO_TEXT_HFB-04478,HFB-04478,fault_evolution_text,隐患先导致局部性能退化，随后传感器能量向关联通道集中，最终形成压力异常。,0.5735,hydraulic
RCA_TEXT_HFB-04479,HFB-04479,rca_text,该案例表现为轻微流量异常，根因更可能由运维阶段隐患累积触发。,0.5638,hydraulic
EVO_TEXT_HFB-04479,HFB-04479,fault_evolution_text,早期异常较弱，运行载荷放大后出现指标漂移，并逐步演化为轻微故障。,0.5638,hydraulic
RCA_TEXT_HFB-04480,HFB-04480,rca_text,该案例表现为轻微振动异常，根因更可能由检测阶段隐患累积触发。,0.6251,hydraulic
EVO_TEXT_HFB-04480,HFB-04480,fault_evolution_text,早期异常较弱，运行载荷放大后出现指标漂移，并逐步演化为轻微故障。,0.6251,hydraulic
RCA_TEXT_HFB-04481,HFB-04481,rca_text,冷却器出现轻微温度异常，生命周期风险集中在运维阶段，建议优先追溯 HOPR-04481。,0.5988,hydraulic
EVO_TEXT_HFB-04481,HFB-04481,fault_evolution_text,隐患先导致局部性能退化，随后传感器能量向关联通道集中，最终形成温度异常。,0.5988,hydraulic
RCA_TEXT_HFB-04482,HFB-04482,rca_text,结合传感器能量和检测记录，溢流阀的流量异常与设计阶段高风险实体 HDES-01002 一致。,0.5826,hydraulic
EVO_TEXT_HFB-04482,HFB-04482,fault_evolution_text,隐患先导致局部性能退化，随后传感器能量向关联通道集中，最终形成流量异常。,0.5826,hydraulic
RCA_TEXT_HFB-04483,HFB-04483,rca_text,溢流阀出现轻微泄漏异常，生命周期风险集中在设计阶段，建议优先追溯 HDES-00412。,0.5734,hydraulic
EVO_TEXT_HFB-04483,HFB-04483,fault_evolution_text,早期异常较弱，运行载荷放大后出现指标漂移，并逐步演化为轻微故障。,0.5734,hydraulic
RCA_TEXT_HFB-04484,HFB-04484,rca_text,液压油箱出现中度流量异常，生命周期风险集中在运维阶段，建议优先追溯 HOPR-04484。,0.6849,hydraulic
EVO_TEXT_HFB-04484,HFB-04484,fault_evolution_text,早期异常较弱，运行载荷放大后出现指标漂移，并逐步演化为中度故障。,0.6849,hydraulic
RCA_TEXT_HFB-04485,HFB-04485,rca_text,该案例表现为轻微流量异常，根因更可能由运维阶段隐患累积触发。,0.6267,hydraulic
EVO_TEXT_HFB-04485,HFB-04485,fault_evolution_text,隐患先导致局部性能退化，随后传感器能量向关联通道集中，最终形成流量异常。,0.6267,hydraulic
RCA_TEXT_HFB-04486,HFB-04486,rca_text,该案例表现为轻微阀芯卡滞，根因更可能由运维阶段隐患累积触发。,0.5432,hydraulic
EVO_TEXT_HFB-04486,HFB-04486,fault_evolution_text,运维阶段风险与运行工况耦合后引起状态劣化，检测指标随严重度同步升高。,0.5432,hydraulic
RCA_TEXT_HFB-04487,HFB-04487,rca_text,方向控制阀出现轻微阀芯卡滞，生命周期风险集中在运维阶段，建议优先追溯 HOPR-04487。,0.6954,hydraulic
EVO_TEXT_HFB-04487,HFB-04487,fault_evolution_text,隐患先导致局部性能退化，随后传感器能量向关联通道集中，最终形成阀芯卡滞。,0.6954,hydraulic
RCA_TEXT_HFB-04488,HFB-04488,rca_text,节流阀出现中度流量异常，生命周期风险集中在运维阶段，建议优先追溯 HOPR-04488。,0.6113,hydraulic
EVO_TEXT_HFB-04488,HFB-04488,fault_evolution_text,早期异常较弱，运行载荷放大后出现指标漂移，并逐步演化为中度故障。,0.6113,hydraulic
RCA_TEXT_HFB-04489,HFB-04489,rca_text,蓄能器出现轻微振动异常，生命周期风险集中在检测阶段，建议优先追溯 HINSP-04489。,0.6261,hydraulic
EVO_TEXT_HFB-04489,HFB-04489,fault_evolution_text,检测阶段风险与运行工况耦合后引起状态劣化，检测指标随严重度同步升高。,0.6261,hydraulic
RCA_TEXT_HFB-04490,HFB-04490,rca_text,该案例表现为中度泄漏异常，根因更可能由运维阶段隐患累积触发。,0.615,hydraulic
EVO_TEXT_HFB-04490,HFB-04490,fault_evolution_text,运维阶段风险与运行工况耦合后引起状态劣化，检测指标随严重度同步升高。,0.615,hydraulic
RCA_TEXT_HFB-04491,HFB-04491,rca_text,该案例表现为轻微压力异常，根因更可能由制造阶段隐患累积触发。,0.6111,hydraulic
EVO_TEXT_HFB-04491,HFB-04491,fault_evolution_text,早期异常较弱，运行载荷放大后出现指标漂移，并逐步演化为轻微故障。,0.6111,hydraulic
RCA_TEXT_HFB-04492,HFB-04492,rca_text,作动筒出现轻微振动异常，生命周期风险集中在设计阶段，建议优先追溯 HDES-00819。,0.5882,hydraulic
EVO_TEXT_HFB-04492,HFB-04492,fault_evolution_text,隐患先导致局部性能退化，随后传感器能量向关联通道集中，最终形成振动异常。,0.5882,hydraulic
RCA_TEXT_HFB-04493,HFB-04493,rca_text,结合传感器能量和检测记录，管路总成的压力异常与装配阶段高风险实体 HASM-04493 一致。,0.603,hydraulic
EVO_TEXT_HFB-04493,HFB-04493,fault_evolution_text,早期异常较弱，运行载荷放大后出现指标漂移，并逐步演化为中度故障。,0.603,hydraulic
RCA_TEXT_HFB-04494,HFB-04494,rca_text,该案例表现为轻微阀芯卡滞，根因更可能由运维阶段隐患累积触发。,0.6,hydraulic
EVO_TEXT_HFB-04494,HFB-04494,fault_evolution_text,隐患先导致局部性能退化，随后传感器能量向关联通道集中，最终形成阀芯卡滞。,0.6,hydraulic
RCA_TEXT_HFB-04495,HFB-04495,rca_text,单向阀出现轻微阀芯卡滞，生命周期风险集中在设计阶段，建议优先追溯 HDES-00145。,0.6002,hydraulic
EVO_TEXT_HFB-04495,HFB-04495,fault_evolution_text,早期异常较弱，运行载荷放大后出现指标漂移，并逐步演化为轻微故障。,0.6002,hydraulic
RCA_TEXT_HFB-04496,HFB-04496,rca_text,蓄能器出现轻微流量异常，生命周期风险集中在运维阶段，建议优先追溯 HOPR-04496。,0.6584,hydraulic
EVO_TEXT_HFB-04496,HFB-04496,fault_evolution_text,早期异常较弱，运行载荷放大后出现指标漂移，并逐步演化为轻微故障。,0.6584,hydraulic
RCA_TEXT_HFB-04497,HFB-04497,rca_text,该案例表现为轻微泄漏异常，根因更可能由制造阶段隐患累积触发。,0.6222,hydraulic
EVO_TEXT_HFB-04497,HFB-04497,fault_evolution_text,早期异常较弱，运行载荷放大后出现指标漂移，并逐步演化为轻微故障。,0.6222,hydraulic
RCA_TEXT_HFB-04498,HFB-04498,rca_text,该案例表现为轻微振动异常，根因更可能由制造阶段隐患累积触发。,0.5549,hydraulic
EVO_TEXT_HFB-04498,HFB-04498,fault_evolution_text,隐患先导致局部性能退化，随后传感器能量向关联通道集中，最终形成振动异常。,0.5549,hydraulic
RCA_TEXT_HFB-04499,HFB-04499,rca_text,卸荷阀出现轻微温度异常，生命周期风险集中在制造阶段，建议优先追溯 HMAN-00359。,0.5916,hydraulic
EVO_TEXT_HFB-04499,HFB-04499,fault_evolution_text,隐患先导致局部性能退化，随后传感器能量向关联通道集中，最终形成温度异常。,0.5916,hydraulic
RCA_TEXT_HFB-04500,HFB-04500,rca_text,管路总成出现轻微振动异常，生命周期风险集中在运维阶段，建议优先追溯 HOPR-04500。,0.6026,hydraulic
EVO_TEXT_HFB-04500,HFB-04500,fault_evolution_text,早期异常较弱，运行载荷放大后出现指标漂移，并逐步演化为轻微故障。,0.6026,hydraulic
RCA_TEXT_HFB-04501,HFB-04501,rca_text,结合传感器能量和检测记录，蓄能器的振动异常与制造阶段高风险实体 HMAN-00998 一致。,0.602,hydraulic
EVO_TEXT_HFB-04501,HFB-04501,fault_evolution_text,隐患先导致局部性能退化，随后传感器能量向关联通道集中，最终形成振动异常。,0.602,hydraulic
RCA_TEXT_HFB-04502,HFB-04502,rca_text,管路总成出现中度压力异常，生命周期风险集中在装配阶段，建议优先追溯 HASM-04502。,0.6183,hydraulic
EVO_TEXT_HFB-04502,HFB-04502,fault_evolution_text,早期异常较弱，运行载荷放大后出现指标漂移，并逐步演化为中度故障。,0.6183,hydraulic
RCA_TEXT_HFB-04503,HFB-04503,rca_text,结合传感器能量和检测记录，管路总成的流量异常与运维阶段高风险实体 HOPR-04503 一致。,0.5605,hydraulic
EVO_TEXT_HFB-04503,HFB-04503,fault_evolution_text,运维阶段风险与运行工况耦合后引起状态劣化，检测指标随严重度同步升高。,0.5605,hydraulic
RCA_TEXT_HFB-04504,HFB-04504,rca_text,管路总成出现轻微振动异常，生命周期风险集中在运维阶段，建议优先追溯 HOPR-04504。,0.5584,hydraulic
EVO_TEXT_HFB-04504,HFB-04504,fault_evolution_text,运维阶段风险与运行工况耦合后引起状态劣化，检测指标随严重度同步升高。,0.5584,hydraulic
RCA_TEXT_HFB-04505,HFB-04505,rca_text,结合传感器能量和检测记录，节流阀的振动异常与制造阶段高风险实体 HMAN-01199 一致。,0.5743,hydraulic
EVO_TEXT_HFB-04505,HFB-04505,fault_evolution_text,制造阶段风险与运行工况耦合后引起状态劣化，检测指标随严重度同步升高。,0.5743,hydraulic
RCA_TEXT_HFB-04506,HFB-04506,rca_text,方向控制阀出现中度阀芯卡滞，生命周期风险集中在材料阶段，建议优先追溯 HMAT-00141。,0.6558,hydraulic
EVO_TEXT_HFB-04506,HFB-04506,fault_evolution_text,隐患先导致局部性能退化，随后传感器能量向关联通道集中，最终形成阀芯卡滞。,0.6558,hydraulic
RCA_TEXT_HFB-04507,HFB-04507,rca_text,该案例表现为轻微流量异常，根因更可能由运维阶段隐患累积触发。,0.6184,hydraulic
EVO_TEXT_HFB-04507,HFB-04507,fault_evolution_text,运维阶段风险与运行工况耦合后引起状态劣化，检测指标随严重度同步升高。,0.6184,hydraulic
RCA_TEXT_HFB-04508,HFB-04508,rca_text,管路总成出现中度流量异常，生命周期风险集中在设计阶段，建议优先追溯 HPIP-00779。,0.6505,hydraulic
EVO_TEXT_HFB-04508,HFB-04508,fault_evolution_text,隐患先导致局部性能退化，随后传感器能量向关联通道集中，最终形成流量异常。,0.6505,hydraulic
RCA_TEXT_HFB-04509,HFB-04509,rca_text,结合传感器能量和检测记录，溢流阀的泄漏异常与运维阶段高风险实体 HOPR-04509 一致。,0.6572,hydraulic
EVO_TEXT_HFB-04509,HFB-04509,fault_evolution_text,早期异常较弱，运行载荷放大后出现指标漂移，并逐步演化为中度故障。,0.6572,hydraulic
RCA_TEXT_HFB-04510,HFB-04510,rca_text,蓄能器出现轻微温度异常，生命周期风险集中在运维阶段，建议优先追溯 HOPR-04510。,0.5754,hydraulic
EVO_TEXT_HFB-04510,HFB-04510,fault_evolution_text,隐患先导致局部性能退化，随后传感器能量向关联通道集中，最终形成温度异常。,0.5754,hydraulic
RCA_TEXT_HFB-04511,HFB-04511,rca_text,溢流阀出现轻微流量异常，生命周期风险集中在运维阶段，建议优先追溯 HOPR-04511。,0.623,hydraulic
EVO_TEXT_HFB-04511,HFB-04511,fault_evolution_text,早期异常较弱，运行载荷放大后出现指标漂移，并逐步演化为轻微故障。,0.623,hydraulic
RCA_TEXT_HFB-04512,HFB-04512,rca_text,结合传感器能量和检测记录，液压泵总成的振动异常与检测阶段高风险实体 HINSP-04512 一致。,0.6293,hydraulic
EVO_TEXT_HFB-04512,HFB-04512,fault_evolution_text,检测阶段风险与运行工况耦合后引起状态劣化，检测指标随严重度同步升高。,0.6293,hydraulic
RCA_TEXT_HFB-04513,HFB-04513,rca_text,过滤器出现轻微温度异常，生命周期风险集中在运维阶段，建议优先追溯 HOPR-04513。,0.6097,hydraulic
EVO_TEXT_HFB-04513,HFB-04513,fault_evolution_text,隐患先导致局部性能退化，随后传感器能量向关联通道集中，最终形成温度异常。,0.6097,hydraulic
RCA_TEXT_HFB-04514,HFB-04514,rca_text,冷却器出现轻微流量异常，生命周期风险集中在运维阶段，建议优先追溯 HOPR-04514。,0.5491,hydraulic
EVO_TEXT_HFB-04514,HFB-04514,fault_evolution_text,运维阶段风险与运行工况耦合后引起状态劣化，检测指标随严重度同步升高。,0.5491,hydraulic
RCA_TEXT_HFB-04515,HFB-04515,rca_text,液压油箱出现轻微泄漏异常，生命周期风险集中在材料阶段，建议优先追溯 HMAT-00366。,0.613,hydraulic
EVO_TEXT_HFB-04515,HFB-04515,fault_evolution_text,早期异常较弱，运行载荷放大后出现指标漂移，并逐步演化为轻微故障。,0.613,hydraulic
RCA_TEXT_HFB-04516,HFB-04516,rca_text,蓄能器出现中度压力异常，生命周期风险集中在材料阶段，建议优先追溯 HMAT-00501。,0.6278,hydraulic
EVO_TEXT_HFB-04516,HFB-04516,fault_evolution_text,隐患先导致局部性能退化，随后传感器能量向关联通道集中，最终形成压力异常。,0.6278,hydraulic
RCA_TEXT_HFB-04517,HFB-04517,rca_text,过滤器出现中度流量异常，生命周期风险集中在制造阶段，建议优先追溯 HMAN-00883。,0.6581,hydraulic
EVO_TEXT_HFB-04517,HFB-04517,fault_evolution_text,制造阶段风险与运行工况耦合后引起状态劣化，检测指标随严重度同步升高。,0.6581,hydraulic
RCA_TEXT_HFB-04518,HFB-04518,rca_text,该案例表现为中度泄漏异常，根因更可能由装配阶段隐患累积触发。,0.6825,hydraulic
EVO_TEXT_HFB-04518,HFB-04518,fault_evolution_text,装配阶段风险与运行工况耦合后引起状态劣化，检测指标随严重度同步升高。,0.6825,hydraulic
RCA_TEXT_HFB-04519,HFB-04519,rca_text,卸荷阀出现轻微压力异常，生命周期风险集中在制造阶段，建议优先追溯 HMAN-00993。,0.5615,hydraulic
EVO_TEXT_HFB-04519,HFB-04519,fault_evolution_text,隐患先导致局部性能退化，随后传感器能量向关联通道集中，最终形成压力异常。,0.5615,hydraulic
RCA_TEXT_HFB-04520,HFB-04520,rca_text,结合传感器能量和检测记录，液压泵总成的泄漏异常与运维阶段高风险实体 HOPR-04520 一致。,0.5838,hydraulic
EVO_TEXT_HFB-04520,HFB-04520,fault_evolution_text,运维阶段风险与运行工况耦合后引起状态劣化，检测指标随严重度同步升高。,0.5838,hydraulic
RCA_TEXT_HFB-04521,HFB-04521,rca_text,结合传感器能量和检测记录，节流阀的流量异常与装配阶段高风险实体 HASM-04521 一致。,0.6192,hydraulic
EVO_TEXT_HFB-04521,HFB-04521,fault_evolution_text,装配阶段风险与运行工况耦合后引起状态劣化，检测指标随严重度同步升高。,0.6192,hydraulic
RCA_TEXT_HFB-04522,HFB-04522,rca_text,该案例表现为轻微温度异常，根因更可能由运维阶段隐患累积触发。,0.5978,hydraulic
EVO_TEXT_HFB-04522,HFB-04522,fault_evolution_text,运维阶段风险与运行工况耦合后引起状态劣化，检测指标随严重度同步升高。,0.5978,hydraulic
RCA_TEXT_HFB-04523,HFB-04523,rca_text,结合传感器能量和检测记录，管路总成的泄漏异常与运维阶段高风险实体 HOPR-04523 一致。,0.6683,hydraulic
EVO_TEXT_HFB-04523,HFB-04523,fault_evolution_text,早期异常较弱，运行载荷放大后出现指标漂移，并逐步演化为中度故障。,0.6683,hydraulic
RCA_TEXT_HFB-04524,HFB-04524,rca_text,该案例表现为中度压力异常，根因更可能由检测阶段隐患累积触发。,0.6716,hydraulic
EVO_TEXT_HFB-04524,HFB-04524,fault_evolution_text,早期异常较弱，运行载荷放大后出现指标漂移，并逐步演化为中度故障。,0.6716,hydraulic
RCA_TEXT_HFB-04525,HFB-04525,rca_text,液压油箱出现轻微压力异常，生命周期风险集中在制造阶段，建议优先追溯 HMAN-01198。,0.5858,hydraulic
EVO_TEXT_HFB-04525,HFB-04525,fault_evolution_text,制造阶段风险与运行工况耦合后引起状态劣化，检测指标随严重度同步升高。,0.5858,hydraulic
RCA_TEXT_HFB-04526,HFB-04526,rca_text,蓄能器出现轻微振动异常，生命周期风险集中在装配阶段，建议优先追溯 HASM-04526。,0.6174,hydraulic
EVO_TEXT_HFB-04526,HFB-04526,fault_evolution_text,装配阶段风险与运行工况耦合后引起状态劣化，检测指标随严重度同步升高。,0.6174,hydraulic
RCA_TEXT_HFB-04527,HFB-04527,rca_text,蓄能器出现中度压力异常，生命周期风险集中在运维阶段，建议优先追溯 HOPR-04527。,0.6019,hydraulic
EVO_TEXT_HFB-04527,HFB-04527,fault_evolution_text,运维阶段风险与运行工况耦合后引起状态劣化，检测指标随严重度同步升高。,0.6019,hydraulic
RCA_TEXT_HFB-04528,HFB-04528,rca_text,该案例表现为轻微泄漏异常，根因更可能由运维阶段隐患累积触发。,0.602,hydraulic
EVO_TEXT_HFB-04528,HFB-04528,fault_evolution_text,早期异常较弱，运行载荷放大后出现指标漂移，并逐步演化为轻微故障。,0.602,hydraulic
RCA_TEXT_HFB-04529,HFB-04529,rca_text,蓄能器出现轻微阀芯卡滞，生命周期风险集中在材料阶段，建议优先追溯 HMAT-00293。,0.5969,hydraulic
EVO_TEXT_HFB-04529,HFB-04529,fault_evolution_text,早期异常较弱，运行载荷放大后出现指标漂移，并逐步演化为轻微故障。,0.5969,hydraulic
RCA_TEXT_HFB-04530,HFB-04530,rca_text,结合传感器能量和检测记录，冷却器的温度异常与设计阶段高风险实体 HDES-00206 一致。,0.593,hydraulic
EVO_TEXT_HFB-04530,HFB-04530,fault_evolution_text,设计阶段风险与运行工况耦合后引起状态劣化，检测指标随严重度同步升高。,0.593,hydraulic
RCA_TEXT_HFB-04531,HFB-04531,rca_text,结合传感器能量和检测记录，卸荷阀的振动异常与设计阶段高风险实体 HDES-00573 一致。,0.5219,hydraulic
EVO_TEXT_HFB-04531,HFB-04531,fault_evolution_text,设计阶段风险与运行工况耦合后引起状态劣化，检测指标随严重度同步升高。,0.5219,hydraulic
RCA_TEXT_HFB-04532,HFB-04532,rca_text,管路总成出现轻微压力异常，生命周期风险集中在设计阶段，建议优先追溯 HPIP-00782。,0.5969,hydraulic
EVO_TEXT_HFB-04532,HFB-04532,fault_evolution_text,设计阶段风险与运行工况耦合后引起状态劣化，检测指标随严重度同步升高。,0.5969,hydraulic
RCA_TEXT_HFB-04533,HFB-04533,rca_text,该案例表现为轻微泄漏异常，根因更可能由运维阶段隐患累积触发。,0.6658,hydraulic
EVO_TEXT_HFB-04533,HFB-04533,fault_evolution_text,早期异常较弱，运行载荷放大后出现指标漂移，并逐步演化为轻微故障。,0.6658,hydraulic
RCA_TEXT_HFB-04534,HFB-04534,rca_text,冷却器出现轻微压力异常，生命周期风险集中在检测阶段，建议优先追溯 HINSP-04534。,0.6222,hydraulic
EVO_TEXT_HFB-04534,HFB-04534,fault_evolution_text,检测阶段风险与运行工况耦合后引起状态劣化，检测指标随严重度同步升高。,0.6222,hydraulic
RCA_TEXT_HFB-04535,HFB-04535,rca_text,作动筒出现轻微阀芯卡滞，生命周期风险集中在装配阶段，建议优先追溯 HASM-04535。,0.5448,hydraulic
EVO_TEXT_HFB-04535,HFB-04535,fault_evolution_text,装配阶段风险与运行工况耦合后引起状态劣化，检测指标随严重度同步升高。,0.5448,hydraulic
RCA_TEXT_HFB-04536,HFB-04536,rca_text,该案例表现为轻微阀芯卡滞，根因更可能由制造阶段隐患累积触发。,0.5848,hydraulic
EVO_TEXT_HFB-04536,HFB-04536,fault_evolution_text,制造阶段风险与运行工况耦合后引起状态劣化，检测指标随严重度同步升高。,0.5848,hydraulic
RCA_TEXT_HFB-04537,HFB-04537,rca_text,该案例表现为轻微振动异常，根因更可能由运维阶段隐患累积触发。,0.6434,hydraulic
EVO_TEXT_HFB-04537,HFB-04537,fault_evolution_text,隐患先导致局部性能退化，随后传感器能量向关联通道集中，最终形成振动异常。,0.6434,hydraulic
RCA_TEXT_HFB-04538,HFB-04538,rca_text,结合传感器能量和检测记录，液压油箱的温度异常与运维阶段高风险实体 HOPR-04538 一致。,0.5915,hydraulic
EVO_TEXT_HFB-04538,HFB-04538,fault_evolution_text,运维阶段风险与运行工况耦合后引起状态劣化，检测指标随严重度同步升高。,0.5915,hydraulic
RCA_TEXT_HFB-04539,HFB-04539,rca_text,冷却器出现轻微温度异常，生命周期风险集中在设计阶段，建议优先追溯 HDES-00831。,0.6275,hydraulic
EVO_TEXT_HFB-04539,HFB-04539,fault_evolution_text,隐患先导致局部性能退化，随后传感器能量向关联通道集中，最终形成温度异常。,0.6275,hydraulic
RCA_TEXT_HFB-04540,HFB-04540,rca_text,该案例表现为中度泄漏异常，根因更可能由装配阶段隐患累积触发。,0.6066,hydraulic
EVO_TEXT_HFB-04540,HFB-04540,fault_evolution_text,装配阶段风险与运行工况耦合后引起状态劣化，检测指标随严重度同步升高。,0.6066,hydraulic
RCA_TEXT_HFB-04541,HFB-04541,rca_text,过滤器出现中度流量异常，生命周期风险集中在运维阶段，建议优先追溯 HOPR-04541。,0.599,hydraulic
EVO_TEXT_HFB-04541,HFB-04541,fault_evolution_text,隐患先导致局部性能退化，随后传感器能量向关联通道集中，最终形成流量异常。,0.599,hydraulic
RCA_TEXT_HFB-04542,HFB-04542,rca_text,结合传感器能量和检测记录，蓄能器的泄漏异常与材料阶段高风险实体 HMAT-00583 一致。,0.5701,hydraulic
EVO_TEXT_HFB-04542,HFB-04542,fault_evolution_text,隐患先导致局部性能退化，随后传感器能量向关联通道集中，最终形成泄漏异常。,0.5701,hydraulic
RCA_TEXT_HFB-04543,HFB-04543,rca_text,作动筒出现轻微振动异常，生命周期风险集中在装配阶段，建议优先追溯 HASM-04543。,0.5829,hydraulic
EVO_TEXT_HFB-04543,HFB-04543,fault_evolution_text,隐患先导致局部性能退化，随后传感器能量向关联通道集中，最终形成振动异常。,0.5829,hydraulic
RCA_TEXT_HFB-04544,HFB-04544,rca_text,单向阀出现轻微振动异常，生命周期风险集中在运维阶段，建议优先追溯 HOPR-04544。,0.5443,hydraulic
EVO_TEXT_HFB-04544,HFB-04544,fault_evolution_text,早期异常较弱，运行载荷放大后出现指标漂移，并逐步演化为轻微故障。,0.5443,hydraulic
RCA_TEXT_HFB-04545,HFB-04545,rca_text,结合传感器能量和检测记录，液压油箱的温度异常与运维阶段高风险实体 HOPR-04545 一致。,0.5752,hydraulic
EVO_TEXT_HFB-04545,HFB-04545,fault_evolution_text,运维阶段风险与运行工况耦合后引起状态劣化，检测指标随严重度同步升高。,0.5752,hydraulic
RCA_TEXT_HFB-04546,HFB-04546,rca_text,冷却器出现轻微温度异常，生命周期风险集中在运维阶段，建议优先追溯 HOPR-04546。,0.6085,hydraulic
EVO_TEXT_HFB-04546,HFB-04546,fault_evolution_text,早期异常较弱，运行载荷放大后出现指标漂移，并逐步演化为轻微故障。,0.6085,hydraulic
RCA_TEXT_HFB-04547,HFB-04547,rca_text,液压泵总成出现轻微泄漏异常，生命周期风险集中在制造阶段，建议优先追溯 HMAN-00613。,0.5615,hydraulic
EVO_TEXT_HFB-04547,HFB-04547,fault_evolution_text,隐患先导致局部性能退化，随后传感器能量向关联通道集中，最终形成泄漏异常。,0.5615,hydraulic
RCA_TEXT_HFB-04548,HFB-04548,rca_text,该案例表现为轻微泄漏异常，根因更可能由材料阶段隐患累积触发。,0.6045,hydraulic
EVO_TEXT_HFB-04548,HFB-04548,fault_evolution_text,隐患先导致局部性能退化，随后传感器能量向关联通道集中，最终形成泄漏异常。,0.6045,hydraulic
RCA_TEXT_HFB-04549,HFB-04549,rca_text,该案例表现为轻微阀芯卡滞，根因更可能由检测阶段隐患累积触发。,0.5668,hydraulic
EVO_TEXT_HFB-04549,HFB-04549,fault_evolution_text,早期异常较弱，运行载荷放大后出现指标漂移，并逐步演化为轻微故障。,0.5668,hydraulic
RCA_TEXT_HFB-04550,HFB-04550,rca_text,过滤器出现轻微振动异常，生命周期风险集中在材料阶段，建议优先追溯 HMAT-00191。,0.5906,hydraulic
EVO_TEXT_HFB-04550,HFB-04550,fault_evolution_text,材料阶段风险与运行工况耦合后引起状态劣化，检测指标随严重度同步升高。,0.5906,hydraulic
RCA_TEXT_HFB-04551,HFB-04551,rca_text,方向控制阀出现轻微阀芯卡滞，生命周期风险集中在制造阶段，建议优先追溯 HMAN-01066。,0.5516,hydraulic
EVO_TEXT_HFB-04551,HFB-04551,fault_evolution_text,早期异常较弱，运行载荷放大后出现指标漂移，并逐步演化为轻微故障。,0.5516,hydraulic
RCA_TEXT_HFB-04552,HFB-04552,rca_text,作动筒出现轻微压力异常，生命周期风险集中在运维阶段，建议优先追溯 HOPR-04552。,0.6242,hydraulic
EVO_TEXT_HFB-04552,HFB-04552,fault_evolution_text,运维阶段风险与运行工况耦合后引起状态劣化，检测指标随严重度同步升高。,0.6242,hydraulic
RCA_TEXT_HFB-04553,HFB-04553,rca_text,该案例表现为轻微流量异常，根因更可能由检测阶段隐患累积触发。,0.5939,hydraulic
EVO_TEXT_HFB-04553,HFB-04553,fault_evolution_text,检测阶段风险与运行工况耦合后引起状态劣化，检测指标随严重度同步升高。,0.5939,hydraulic
RCA_TEXT_HFB-04554,HFB-04554,rca_text,结合传感器能量和检测记录，蓄能器的压力异常与检测阶段高风险实体 HINSP-04554 一致。,0.5997,hydraulic
EVO_TEXT_HFB-04554,HFB-04554,fault_evolution_text,早期异常较弱，运行载荷放大后出现指标漂移，并逐步演化为轻微故障。,0.5997,hydraulic
RCA_TEXT_HFB-04555,HFB-04555,rca_text,该案例表现为轻微振动异常，根因更可能由材料阶段隐患累积触发。,0.5694,hydraulic
EVO_TEXT_HFB-04555,HFB-04555,fault_evolution_text,材料阶段风险与运行工况耦合后引起状态劣化，检测指标随严重度同步升高。,0.5694,hydraulic
RCA_TEXT_HFB-04556,HFB-04556,rca_text,液压泵总成出现中度振动异常，生命周期风险集中在装配阶段，建议优先追溯 HASM-04556。,0.6183,hydraulic
EVO_TEXT_HFB-04556,HFB-04556,fault_evolution_text,装配阶段风险与运行工况耦合后引起状态劣化，检测指标随严重度同步升高。,0.6183,hydraulic
RCA_TEXT_HFB-04557,HFB-04557,rca_text,结合传感器能量和检测记录，过滤器的流量异常与运维阶段高风险实体 HOPR-04557 一致。,0.5898,hydraulic
EVO_TEXT_HFB-04557,HFB-04557,fault_evolution_text,运维阶段风险与运行工况耦合后引起状态劣化，检测指标随严重度同步升高。,0.5898,hydraulic
RCA_TEXT_HFB-04558,HFB-04558,rca_text,该案例表现为轻微温度异常，根因更可能由运维阶段隐患累积触发。,0.5548,hydraulic
EVO_TEXT_HFB-04558,HFB-04558,fault_evolution_text,隐患先导致局部性能退化，随后传感器能量向关联通道集中，最终形成温度异常。,0.5548,hydraulic
RCA_TEXT_HFB-04559,HFB-04559,rca_text,结合传感器能量和检测记录，方向控制阀的振动异常与材料阶段高风险实体 HMAT-00470 一致。,0.5672,hydraulic
EVO_TEXT_HFB-04559,HFB-04559,fault_evolution_text,早期异常较弱，运行载荷放大后出现指标漂移，并逐步演化为轻微故障。,0.5672,hydraulic
RCA_TEXT_HFB-04560,HFB-04560,rca_text,蓄能器出现轻微压力异常，生命周期风险集中在制造阶段，建议优先追溯 HMAN-00541。,0.6452,hydraulic
EVO_TEXT_HFB-04560,HFB-04560,fault_evolution_text,制造阶段风险与运行工况耦合后引起状态劣化，检测指标随严重度同步升高。,0.6452,hydraulic
RCA_TEXT_HFB-04561,HFB-04561,rca_text,单向阀出现轻微泄漏异常，生命周期风险集中在检测阶段，建议优先追溯 HINSP-04561。,0.6217,hydraulic
EVO_TEXT_HFB-04561,HFB-04561,fault_evolution_text,早期异常较弱，运行载荷放大后出现指标漂移，并逐步演化为轻微故障。,0.6217,hydraulic
RCA_TEXT_HFB-04562,HFB-04562,rca_text,该案例表现为轻微流量异常，根因更可能由检测阶段隐患累积触发。,0.6032,hydraulic
EVO_TEXT_HFB-04562,HFB-04562,fault_evolution_text,隐患先导致局部性能退化，随后传感器能量向关联通道集中，最终形成流量异常。,0.6032,hydraulic
RCA_TEXT_HFB-04563,HFB-04563,rca_text,结合传感器能量和检测记录，冷却器的阀芯卡滞与制造阶段高风险实体 HMAN-00313 一致。,0.5571,hydraulic
EVO_TEXT_HFB-04563,HFB-04563,fault_evolution_text,制造阶段风险与运行工况耦合后引起状态劣化，检测指标随严重度同步升高。,0.5571,hydraulic
RCA_TEXT_HFB-04564,HFB-04564,rca_text,液压泵总成出现中度振动异常，生命周期风险集中在制造阶段，建议优先追溯 HMAN-00322。,0.6017,hydraulic
EVO_TEXT_HFB-04564,HFB-04564,fault_evolution_text,隐患先导致局部性能退化，随后传感器能量向关联通道集中，最终形成振动异常。,0.6017,hydraulic
RCA_TEXT_HFB-04565,HFB-04565,rca_text,该案例表现为轻微压力异常，根因更可能由运维阶段隐患累积触发。,0.6582,hydraulic
EVO_TEXT_HFB-04565,HFB-04565,fault_evolution_text,隐患先导致局部性能退化，随后传感器能量向关联通道集中，最终形成压力异常。,0.6582,hydraulic
RCA_TEXT_HFB-04566,HFB-04566,rca_text,结合传感器能量和检测记录，蓄能器的振动异常与运维阶段高风险实体 HOPR-04566 一致。,0.5625,hydraulic
EVO_TEXT_HFB-04566,HFB-04566,fault_evolution_text,运维阶段风险与运行工况耦合后引起状态劣化，检测指标随严重度同步升高。,0.5625,hydraulic
RCA_TEXT_HFB-04567,HFB-04567,rca_text,卸荷阀出现中度泄漏异常，生命周期风险集中在运维阶段，建议优先追溯 HOPR-04567。,0.6204,hydraulic
EVO_TEXT_HFB-04567,HFB-04567,fault_evolution_text,隐患先导致局部性能退化，随后传感器能量向关联通道集中，最终形成泄漏异常。,0.6204,hydraulic
RCA_TEXT_HFB-04568,HFB-04568,rca_text,结合传感器能量和检测记录，单向阀的阀芯卡滞与制造阶段高风险实体 HMAN-00844 一致。,0.612,hydraulic
EVO_TEXT_HFB-04568,HFB-04568,fault_evolution_text,早期异常较弱，运行载荷放大后出现指标漂移，并逐步演化为轻微故障。,0.612,hydraulic
RCA_TEXT_HFB-04569,HFB-04569,rca_text,该案例表现为中度泄漏异常，根因更可能由设计阶段隐患累积触发。,0.6212,hydraulic
EVO_TEXT_HFB-04569,HFB-04569,fault_evolution_text,隐患先导致局部性能退化，随后传感器能量向关联通道集中，最终形成泄漏异常。,0.6212,hydraulic
RCA_TEXT_HFB-04570,HFB-04570,rca_text,过滤器出现轻微流量异常，生命周期风险集中在制造阶段，建议优先追溯 HMAN-00631。,0.6396,hydraulic
EVO_TEXT_HFB-04570,HFB-04570,fault_evolution_text,隐患先导致局部性能退化，随后传感器能量向关联通道集中，最终形成流量异常。,0.6396,hydraulic
RCA_TEXT_HFB-04571,HFB-04571,rca_text,该案例表现为中度振动异常，根因更可能由制造阶段隐患累积触发。,0.6468,hydraulic
EVO_TEXT_HFB-04571,HFB-04571,fault_evolution_text,隐患先导致局部性能退化，随后传感器能量向关联通道集中，最终形成振动异常。,0.6468,hydraulic
RCA_TEXT_HFB-04572,HFB-04572,rca_text,该案例表现为轻微振动异常，根因更可能由装配阶段隐患累积触发。,0.561,hydraulic
EVO_TEXT_HFB-04572,HFB-04572,fault_evolution_text,早期异常较弱，运行载荷放大后出现指标漂移，并逐步演化为轻微故障。,0.561,hydraulic
RCA_TEXT_HFB-04573,HFB-04573,rca_text,该案例表现为中度泄漏异常，根因更可能由装配阶段隐患累积触发。,0.5687,hydraulic
EVO_TEXT_HFB-04573,HFB-04573,fault_evolution_text,早期异常较弱，运行载荷放大后出现指标漂移，并逐步演化为中度故障。,0.5687,hydraulic
RCA_TEXT_HFB-04574,HFB-04574,rca_text,该案例表现为轻微流量异常，根因更可能由材料阶段隐患累积触发。,0.6099,hydraulic
EVO_TEXT_HFB-04574,HFB-04574,fault_evolution_text,材料阶段风险与运行工况耦合后引起状态劣化，检测指标随严重度同步升高。,0.6099,hydraulic
RCA_TEXT_HFB-04575,HFB-04575,rca_text,该案例表现为轻微温度异常，根因更可能由运维阶段隐患累积触发。,0.5888,hydraulic
EVO_TEXT_HFB-04575,HFB-04575,fault_evolution_text,运维阶段风险与运行工况耦合后引起状态劣化，检测指标随严重度同步升高。,0.5888,hydraulic
RCA_TEXT_HFB-04576,HFB-04576,rca_text,该案例表现为中度振动异常，根因更可能由运维阶段隐患累积触发。,0.6274,hydraulic
EVO_TEXT_HFB-04576,HFB-04576,fault_evolution_text,运维阶段风险与运行工况耦合后引起状态劣化，检测指标随严重度同步升高。,0.6274,hydraulic
RCA_TEXT_HFB-04577,HFB-04577,rca_text,该案例表现为中度流量异常，根因更可能由运维阶段隐患累积触发。,0.5914,hydraulic
EVO_TEXT_HFB-04577,HFB-04577,fault_evolution_text,早期异常较弱，运行载荷放大后出现指标漂移，并逐步演化为中度故障。,0.5914,hydraulic
RCA_TEXT_HFB-04578,HFB-04578,rca_text,该案例表现为中度压力异常，根因更可能由检测阶段隐患累积触发。,0.6656,hydraulic
EVO_TEXT_HFB-04578,HFB-04578,fault_evolution_text,检测阶段风险与运行工况耦合后引起状态劣化，检测指标随严重度同步升高。,0.6656,hydraulic
RCA_TEXT_HFB-04579,HFB-04579,rca_text,液压泵总成出现轻微压力异常，生命周期风险集中在材料阶段，建议优先追溯 HMAT-00569。,0.5818,hydraulic
EVO_TEXT_HFB-04579,HFB-04579,fault_evolution_text,早期异常较弱，运行载荷放大后出现指标漂移，并逐步演化为轻微故障。,0.5818,hydraulic
RCA_TEXT_HFB-04580,HFB-04580,rca_text,液压泵总成出现轻微阀芯卡滞，生命周期风险集中在运维阶段，建议优先追溯 HOPR-04580。,0.588,hydraulic
EVO_TEXT_HFB-04580,HFB-04580,fault_evolution_text,运维阶段风险与运行工况耦合后引起状态劣化，检测指标随严重度同步升高。,0.588,hydraulic
RCA_TEXT_HFB-04581,HFB-04581,rca_text,液压油箱出现中度温度异常，生命周期风险集中在设计阶段，建议优先追溯 HDES-01088。,0.6518,hydraulic
EVO_TEXT_HFB-04581,HFB-04581,fault_evolution_text,隐患先导致局部性能退化，随后传感器能量向关联通道集中，最终形成温度异常。,0.6518,hydraulic
RCA_TEXT_HFB-04582,HFB-04582,rca_text,液压油箱出现轻微泄漏异常，生命周期风险集中在运维阶段，建议优先追溯 HOPR-04582。,0.6032,hydraulic
EVO_TEXT_HFB-04582,HFB-04582,fault_evolution_text,早期异常较弱，运行载荷放大后出现指标漂移，并逐步演化为轻微故障。,0.6032,hydraulic
RCA_TEXT_HFB-04583,HFB-04583,rca_text,液压油箱出现轻微流量异常，生命周期风险集中在运维阶段，建议优先追溯 HOPR-04583。,0.6197,hydraulic
EVO_TEXT_HFB-04583,HFB-04583,fault_evolution_text,隐患先导致局部性能退化，随后传感器能量向关联通道集中，最终形成流量异常。,0.6197,hydraulic
RCA_TEXT_HFB-04584,HFB-04584,rca_text,溢流阀出现轻微温度异常，生命周期风险集中在运维阶段，建议优先追溯 HOPR-04584。,0.5394,hydraulic
EVO_TEXT_HFB-04584,HFB-04584,fault_evolution_text,隐患先导致局部性能退化，随后传感器能量向关联通道集中，最终形成温度异常。,0.5394,hydraulic
RCA_TEXT_HFB-04585,HFB-04585,rca_text,该案例表现为轻微振动异常，根因更可能由运维阶段隐患累积触发。,0.6279,hydraulic
EVO_TEXT_HFB-04585,HFB-04585,fault_evolution_text,早期异常较弱，运行载荷放大后出现指标漂移，并逐步演化为轻微故障。,0.6279,hydraulic
RCA_TEXT_HFB-04586,HFB-04586,rca_text,作动筒出现轻微压力异常，生命周期风险集中在运维阶段，建议优先追溯 HOPR-04586。,0.6402,hydraulic
EVO_TEXT_HFB-04586,HFB-04586,fault_evolution_text,隐患先导致局部性能退化，随后传感器能量向关联通道集中，最终形成压力异常。,0.6402,hydraulic
RCA_TEXT_HFB-04587,HFB-04587,rca_text,结合传感器能量和检测记录，冷却器的温度异常与运维阶段高风险实体 HOPR-04587 一致。,0.5338,hydraulic
EVO_TEXT_HFB-04587,HFB-04587,fault_evolution_text,隐患先导致局部性能退化，随后传感器能量向关联通道集中，最终形成温度异常。,0.5338,hydraulic
RCA_TEXT_HFB-04588,HFB-04588,rca_text,溢流阀出现轻微泄漏异常，生命周期风险集中在运维阶段，建议优先追溯 HOPR-04588。,0.581,hydraulic
EVO_TEXT_HFB-04588,HFB-04588,fault_evolution_text,隐患先导致局部性能退化，随后传感器能量向关联通道集中，最终形成泄漏异常。,0.581,hydraulic
RCA_TEXT_HFB-04589,HFB-04589,rca_text,结合传感器能量和检测记录，方向控制阀的振动异常与运维阶段高风险实体 HOPR-04589 一致。,0.5725,hydraulic
EVO_TEXT_HFB-04589,HFB-04589,fault_evolution_text,隐患先导致局部性能退化，随后传感器能量向关联通道集中，最终形成振动异常。,0.5725,hydraulic
RCA_TEXT_HFB-04590,HFB-04590,rca_text,该案例表现为轻微压力异常，根因更可能由运维阶段隐患累积触发。,0.6024,hydraulic
EVO_TEXT_HFB-04590,HFB-04590,fault_evolution_text,早期异常较弱，运行载荷放大后出现指标漂移，并逐步演化为轻微故障。,0.6024,hydraulic
RCA_TEXT_HFB-04591,HFB-04591,rca_text,结合传感器能量和检测记录，液压油箱的压力异常与装配阶段高风险实体 HASM-04591 一致。,0.5731,hydraulic
EVO_TEXT_HFB-04591,HFB-04591,fault_evolution_text,早期异常较弱，运行载荷放大后出现指标漂移，并逐步演化为轻微故障。,0.5731,hydraulic
RCA_TEXT_HFB-04592,HFB-04592,rca_text,该案例表现为轻微压力异常，根因更可能由运维阶段隐患累积触发。,0.5668,hydraulic
EVO_TEXT_HFB-04592,HFB-04592,fault_evolution_text,运维阶段风险与运行工况耦合后引起状态劣化，检测指标随严重度同步升高。,0.5668,hydraulic
RCA_TEXT_HFB-04593,HFB-04593,rca_text,结合传感器能量和检测记录，液压油箱的泄漏异常与运维阶段高风险实体 HOPR-04593 一致。,0.522,hydraulic
EVO_TEXT_HFB-04593,HFB-04593,fault_evolution_text,隐患先导致局部性能退化，随后传感器能量向关联通道集中，最终形成泄漏异常。,0.522,hydraulic
RCA_TEXT_HFB-04594,HFB-04594,rca_text,结合传感器能量和检测记录，方向控制阀的压力异常与装配阶段高风险实体 HASM-04594 一致。,0.5878,hydraulic
EVO_TEXT_HFB-04594,HFB-04594,fault_evolution_text,装配阶段风险与运行工况耦合后引起状态劣化，检测指标随严重度同步升高。,0.5878,hydraulic
RCA_TEXT_HFB-04595,HFB-04595,rca_text,结合传感器能量和检测记录，溢流阀的压力异常与运维阶段高风险实体 HOPR-04595 一致。,0.5968,hydraulic
EVO_TEXT_HFB-04595,HFB-04595,fault_evolution_text,运维阶段风险与运行工况耦合后引起状态劣化，检测指标随严重度同步升高。,0.5968,hydraulic
RCA_TEXT_HFB-04596,HFB-04596,rca_text,方向控制阀出现轻微阀芯卡滞，生命周期风险集中在运维阶段，建议优先追溯 HOPR-04596。,0.5977,hydraulic
EVO_TEXT_HFB-04596,HFB-04596,fault_evolution_text,运维阶段风险与运行工况耦合后引起状态劣化，检测指标随严重度同步升高。,0.5977,hydraulic
RCA_TEXT_HFB-04597,HFB-04597,rca_text,结合传感器能量和检测记录，作动筒的泄漏异常与运维阶段高风险实体 HOPR-04597 一致。,0.6375,hydraulic
EVO_TEXT_HFB-04597,HFB-04597,fault_evolution_text,早期异常较弱，运行载荷放大后出现指标漂移，并逐步演化为中度故障。,0.6375,hydraulic
RCA_TEXT_HFB-04598,HFB-04598,rca_text,该案例表现为中度阀芯卡滞，根因更可能由运维阶段隐患累积触发。,0.5473,hydraulic
EVO_TEXT_HFB-04598,HFB-04598,fault_evolution_text,隐患先导致局部性能退化，随后传感器能量向关联通道集中，最终形成阀芯卡滞。,0.5473,hydraulic
RCA_TEXT_HFB-04599,HFB-04599,rca_text,节流阀出现轻微温度异常，生命周期风险集中在运维阶段，建议优先追溯 HOPR-04599。,0.5705,hydraulic
EVO_TEXT_HFB-04599,HFB-04599,fault_evolution_text,早期异常较弱，运行载荷放大后出现指标漂移，并逐步演化为轻微故障。,0.5705,hydraulic
RCA_TEXT_HFB-04600,HFB-04600,rca_text,结合传感器能量和检测记录，过滤器的温度异常与运维阶段高风险实体 HOPR-04600 一致。,0.6024,hydraulic
EVO_TEXT_HFB-04600,HFB-04600,fault_evolution_text,运维阶段风险与运行工况耦合后引起状态劣化，检测指标随严重度同步升高。,0.6024,hydraulic
RCA_TEXT_HFB-04601,HFB-04601,rca_text,结合传感器能量和检测记录，液压油箱的压力异常与运维阶段高风险实体 HOPR-04601 一致。,0.5886,hydraulic
EVO_TEXT_HFB-04601,HFB-04601,fault_evolution_text,运维阶段风险与运行工况耦合后引起状态劣化，检测指标随严重度同步升高。,0.5886,hydraulic
RCA_TEXT_HFB-04602,HFB-04602,rca_text,作动筒出现轻微压力异常，生命周期风险集中在运维阶段，建议优先追溯 HOPR-04602。,0.5576,hydraulic
EVO_TEXT_HFB-04602,HFB-04602,fault_evolution_text,早期异常较弱，运行载荷放大后出现指标漂移，并逐步演化为轻微故障。,0.5576,hydraulic
RCA_TEXT_HFB-04603,HFB-04603,rca_text,作动筒出现轻微泄漏异常，生命周期风险集中在装配阶段，建议优先追溯 HASM-04603。,0.6049,hydraulic
EVO_TEXT_HFB-04603,HFB-04603,fault_evolution_text,装配阶段风险与运行工况耦合后引起状态劣化，检测指标随严重度同步升高。,0.6049,hydraulic
RCA_TEXT_HFB-04604,HFB-04604,rca_text,冷却器出现轻微振动异常，生命周期风险集中在材料阶段，建议优先追溯 HMAT-00057。,0.5405,hydraulic
EVO_TEXT_HFB-04604,HFB-04604,fault_evolution_text,隐患先导致局部性能退化，随后传感器能量向关联通道集中，最终形成振动异常。,0.5405,hydraulic
RCA_TEXT_HFB-04605,HFB-04605,rca_text,结合传感器能量和检测记录，冷却器的温度异常与运维阶段高风险实体 HOPR-04605 一致。,0.6009,hydraulic
EVO_TEXT_HFB-04605,HFB-04605,fault_evolution_text,运维阶段风险与运行工况耦合后引起状态劣化，检测指标随严重度同步升高。,0.6009,hydraulic
RCA_TEXT_HFB-04606,HFB-04606,rca_text,结合传感器能量和检测记录，过滤器的温度异常与材料阶段高风险实体 HMAT-00316 一致。,0.6032,hydraulic
EVO_TEXT_HFB-04606,HFB-04606,fault_evolution_text,隐患先导致局部性能退化，随后传感器能量向关联通道集中，最终形成温度异常。,0.6032,hydraulic
RCA_TEXT_HFB-04607,HFB-04607,rca_text,结合传感器能量和检测记录，卸荷阀的阀芯卡滞与运维阶段高风险实体 HOPR-04607 一致。,0.6709,hydraulic
EVO_TEXT_HFB-04607,HFB-04607,fault_evolution_text,运维阶段风险与运行工况耦合后引起状态劣化，检测指标随严重度同步升高。,0.6709,hydraulic
RCA_TEXT_HFB-04608,HFB-04608,rca_text,单向阀出现轻微温度异常，生命周期风险集中在运维阶段，建议优先追溯 HOPR-04608。,0.5979,hydraulic
EVO_TEXT_HFB-04608,HFB-04608,fault_evolution_text,早期异常较弱，运行载荷放大后出现指标漂移，并逐步演化为轻微故障。,0.5979,hydraulic
RCA_TEXT_HFB-04609,HFB-04609,rca_text,结合传感器能量和检测记录，单向阀的压力异常与设计阶段高风险实体 HDES-00128 一致。,0.6247,hydraulic
EVO_TEXT_HFB-04609,HFB-04609,fault_evolution_text,早期异常较弱，运行载荷放大后出现指标漂移，并逐步演化为轻微故障。,0.6247,hydraulic
RCA_TEXT_HFB-04610,HFB-04610,rca_text,蓄能器出现轻微泄漏异常，生命周期风险集中在装配阶段，建议优先追溯 HASM-04610。,0.6355,hydraulic
EVO_TEXT_HFB-04610,HFB-04610,fault_evolution_text,隐患先导致局部性能退化，随后传感器能量向关联通道集中，最终形成泄漏异常。,0.6355,hydraulic
RCA_TEXT_HFB-04611,HFB-04611,rca_text,冷却器出现轻微振动异常，生命周期风险集中在装配阶段，建议优先追溯 HASM-04611。,0.5886,hydraulic
EVO_TEXT_HFB-04611,HFB-04611,fault_evolution_text,早期异常较弱，运行载荷放大后出现指标漂移，并逐步演化为轻微故障。,0.5886,hydraulic
RCA_TEXT_HFB-04612,HFB-04612,rca_text,蓄能器出现轻微流量异常，生命周期风险集中在设计阶段，建议优先追溯 HDES-00806。,0.5848,hydraulic
EVO_TEXT_HFB-04612,HFB-04612,fault_evolution_text,早期异常较弱，运行载荷放大后出现指标漂移，并逐步演化为轻微故障。,0.5848,hydraulic
RCA_TEXT_HFB-04613,HFB-04613,rca_text,结合传感器能量和检测记录，管路总成的温度异常与运维阶段高风险实体 HOPR-04613 一致。,0.5813,hydraulic
EVO_TEXT_HFB-04613,HFB-04613,fault_evolution_text,隐患先导致局部性能退化，随后传感器能量向关联通道集中，最终形成温度异常。,0.5813,hydraulic
RCA_TEXT_HFB-04614,HFB-04614,rca_text,作动筒出现轻微振动异常，生命周期风险集中在运维阶段，建议优先追溯 HOPR-04614。,0.6126,hydraulic
EVO_TEXT_HFB-04614,HFB-04614,fault_evolution_text,运维阶段风险与运行工况耦合后引起状态劣化，检测指标随严重度同步升高。,0.6126,hydraulic
RCA_TEXT_HFB-04615,HFB-04615,rca_text,过滤器出现轻微流量异常，生命周期风险集中在运维阶段，建议优先追溯 HOPR-04615。,0.5694,hydraulic
EVO_TEXT_HFB-04615,HFB-04615,fault_evolution_text,早期异常较弱，运行载荷放大后出现指标漂移，并逐步演化为轻微故障。,0.5694,hydraulic
RCA_TEXT_HFB-04616,HFB-04616,rca_text,结合传感器能量和检测记录，管路总成的泄漏异常与检测阶段高风险实体 HINSP-04616 一致。,0.618,hydraulic
EVO_TEXT_HFB-04616,HFB-04616,fault_evolution_text,检测阶段风险与运行工况耦合后引起状态劣化，检测指标随严重度同步升高。,0.618,hydraulic
RCA_TEXT_HFB-04617,HFB-04617,rca_text,单向阀出现轻微温度异常，生命周期风险集中在制造阶段，建议优先追溯 HMAN-00276。,0.5934,hydraulic
EVO_TEXT_HFB-04617,HFB-04617,fault_evolution_text,制造阶段风险与运行工况耦合后引起状态劣化，检测指标随严重度同步升高。,0.5934,hydraulic
RCA_TEXT_HFB-04618,HFB-04618,rca_text,该案例表现为中度泄漏异常，根因更可能由运维阶段隐患累积触发。,0.5639,hydraulic
EVO_TEXT_HFB-04618,HFB-04618,fault_evolution_text,隐患先导致局部性能退化，随后传感器能量向关联通道集中，最终形成泄漏异常。,0.5639,hydraulic
RCA_TEXT_HFB-04619,HFB-04619,rca_text,该案例表现为中度温度异常，根因更可能由设计阶段隐患累积触发。,0.5729,hydraulic
EVO_TEXT_HFB-04619,HFB-04619,fault_evolution_text,设计阶段风险与运行工况耦合后引起状态劣化，检测指标随严重度同步升高。,0.5729,hydraulic
RCA_TEXT_HFB-04620,HFB-04620,rca_text,该案例表现为中度泄漏异常，根因更可能由设计阶段隐患累积触发。,0.6135,hydraulic
EVO_TEXT_HFB-04620,HFB-04620,fault_evolution_text,隐患先导致局部性能退化，随后传感器能量向关联通道集中，最终形成泄漏异常。,0.6135,hydraulic
RCA_TEXT_HFB-04621,HFB-04621,rca_text,该案例表现为轻微温度异常，根因更可能由运维阶段隐患累积触发。,0.6258,hydraulic
EVO_TEXT_HFB-04621,HFB-04621,fault_evolution_text,隐患先导致局部性能退化，随后传感器能量向关联通道集中，最终形成温度异常。,0.6258,hydraulic
RCA_TEXT_HFB-04622,HFB-04622,rca_text,结合传感器能量和检测记录，卸荷阀的温度异常与运维阶段高风险实体 HOPR-04622 一致。,0.6679,hydraulic
EVO_TEXT_HFB-04622,HFB-04622,fault_evolution_text,运维阶段风险与运行工况耦合后引起状态劣化，检测指标随严重度同步升高。,0.6679,hydraulic
RCA_TEXT_HFB-04623,HFB-04623,rca_text,该案例表现为轻微温度异常，根因更可能由检测阶段隐患累积触发。,0.5554,hydraulic
EVO_TEXT_HFB-04623,HFB-04623,fault_evolution_text,检测阶段风险与运行工况耦合后引起状态劣化，检测指标随严重度同步升高。,0.5554,hydraulic
RCA_TEXT_HFB-04624,HFB-04624,rca_text,该案例表现为中度压力异常，根因更可能由运维阶段隐患累积触发。,0.6668,hydraulic
EVO_TEXT_HFB-04624,HFB-04624,fault_evolution_text,运维阶段风险与运行工况耦合后引起状态劣化，检测指标随严重度同步升高。,0.6668,hydraulic
RCA_TEXT_HFB-04625,HFB-04625,rca_text,节流阀出现轻微振动异常，生命周期风险集中在制造阶段，建议优先追溯 HMAN-00580。,0.6111,hydraulic
EVO_TEXT_HFB-04625,HFB-04625,fault_evolution_text,早期异常较弱，运行载荷放大后出现指标漂移，并逐步演化为轻微故障。,0.6111,hydraulic
RCA_TEXT_HFB-04626,HFB-04626,rca_text,结合传感器能量和检测记录，单向阀的泄漏异常与运维阶段高风险实体 HOPR-04626 一致。,0.6425,hydraulic
EVO_TEXT_HFB-04626,HFB-04626,fault_evolution_text,运维阶段风险与运行工况耦合后引起状态劣化，检测指标随严重度同步升高。,0.6425,hydraulic
RCA_TEXT_HFB-04627,HFB-04627,rca_text,该案例表现为轻微阀芯卡滞，根因更可能由材料阶段隐患累积触发。,0.5283,hydraulic
EVO_TEXT_HFB-04627,HFB-04627,fault_evolution_text,早期异常较弱，运行载荷放大后出现指标漂移，并逐步演化为轻微故障。,0.5283,hydraulic
RCA_TEXT_HFB-04628,HFB-04628,rca_text,结合传感器能量和检测记录，冷却器的泄漏异常与材料阶段高风险实体 HMAT-00598 一致。,0.5439,hydraulic
EVO_TEXT_HFB-04628,HFB-04628,fault_evolution_text,材料阶段风险与运行工况耦合后引起状态劣化，检测指标随严重度同步升高。,0.5439,hydraulic
RCA_TEXT_HFB-04629,HFB-04629,rca_text,结合传感器能量和检测记录，节流阀的压力异常与运维阶段高风险实体 HOPR-04629 一致。,0.5791,hydraulic
EVO_TEXT_HFB-04629,HFB-04629,fault_evolution_text,运维阶段风险与运行工况耦合后引起状态劣化，检测指标随严重度同步升高。,0.5791,hydraulic
RCA_TEXT_HFB-04630,HFB-04630,rca_text,该案例表现为中度压力异常，根因更可能由运维阶段隐患累积触发。,0.6628,hydraulic
EVO_TEXT_HFB-04630,HFB-04630,fault_evolution_text,早期异常较弱，运行载荷放大后出现指标漂移，并逐步演化为中度故障。,0.6628,hydraulic
RCA_TEXT_HFB-04631,HFB-04631,rca_text,方向控制阀出现轻微压力异常，生命周期风险集中在运维阶段，建议优先追溯 HOPR-04631。,0.6058,hydraulic
EVO_TEXT_HFB-04631,HFB-04631,fault_evolution_text,运维阶段风险与运行工况耦合后引起状态劣化，检测指标随严重度同步升高。,0.6058,hydraulic
RCA_TEXT_HFB-04632,HFB-04632,rca_text,结合传感器能量和检测记录，液压泵总成的压力异常与运维阶段高风险实体 HOPR-04632 一致。,0.6049,hydraulic
EVO_TEXT_HFB-04632,HFB-04632,fault_evolution_text,隐患先导致局部性能退化，随后传感器能量向关联通道集中，最终形成压力异常。,0.6049,hydraulic
RCA_TEXT_HFB-04633,HFB-04633,rca_text,结合传感器能量和检测记录，卸荷阀的阀芯卡滞与运维阶段高风险实体 HOPR-04633 一致。,0.6426,hydraulic
EVO_TEXT_HFB-04633,HFB-04633,fault_evolution_text,早期异常较弱，运行载荷放大后出现指标漂移，并逐步演化为中度故障。,0.6426,hydraulic
RCA_TEXT_HFB-04634,HFB-04634,rca_text,该案例表现为轻微泄漏异常，根因更可能由运维阶段隐患累积触发。,0.6269,hydraulic
EVO_TEXT_HFB-04634,HFB-04634,fault_evolution_text,运维阶段风险与运行工况耦合后引起状态劣化，检测指标随严重度同步升高。,0.6269,hydraulic
RCA_TEXT_HFB-04635,HFB-04635,rca_text,节流阀出现中度阀芯卡滞，生命周期风险集中在运维阶段，建议优先追溯 HOPR-04635。,0.6598,hydraulic
EVO_TEXT_HFB-04635,HFB-04635,fault_evolution_text,运维阶段风险与运行工况耦合后引起状态劣化，检测指标随严重度同步升高。,0.6598,hydraulic
RCA_TEXT_HFB-04636,HFB-04636,rca_text,单向阀出现轻微泄漏异常，生命周期风险集中在制造阶段，建议优先追溯 HMAN-00917。,0.5649,hydraulic
EVO_TEXT_HFB-04636,HFB-04636,fault_evolution_text,制造阶段风险与运行工况耦合后引起状态劣化，检测指标随严重度同步升高。,0.5649,hydraulic
RCA_TEXT_HFB-04637,HFB-04637,rca_text,蓄能器出现轻微泄漏异常，生命周期风险集中在检测阶段，建议优先追溯 HINSP-04637。,0.556,hydraulic
EVO_TEXT_HFB-04637,HFB-04637,fault_evolution_text,早期异常较弱，运行载荷放大后出现指标漂移，并逐步演化为轻微故障。,0.556,hydraulic
RCA_TEXT_HFB-04638,HFB-04638,rca_text,结合传感器能量和检测记录，管路总成的压力异常与装配阶段高风险实体 HASM-04638 一致。,0.6753,hydraulic
EVO_TEXT_HFB-04638,HFB-04638,fault_evolution_text,早期异常较弱，运行载荷放大后出现指标漂移，并逐步演化为中度故障。,0.6753,hydraulic
RCA_TEXT_HFB-04639,HFB-04639,rca_text,管路总成出现中度泄漏异常，生命周期风险集中在运维阶段，建议优先追溯 HOPR-04639。,0.6232,hydraulic
EVO_TEXT_HFB-04639,HFB-04639,fault_evolution_text,隐患先导致局部性能退化，随后传感器能量向关联通道集中，最终形成泄漏异常。,0.6232,hydraulic
RCA_TEXT_HFB-04640,HFB-04640,rca_text,结合传感器能量和检测记录，节流阀的泄漏异常与材料阶段高风险实体 HMAT-00154 一致。,0.6172,hydraulic
EVO_TEXT_HFB-04640,HFB-04640,fault_evolution_text,早期异常较弱，运行载荷放大后出现指标漂移，并逐步演化为轻微故障。,0.6172,hydraulic
RCA_TEXT_HFB-04641,HFB-04641,rca_text,管路总成出现中度振动异常，生命周期风险集中在制造阶段，建议优先追溯 HMAN-00579。,0.6977,hydraulic
EVO_TEXT_HFB-04641,HFB-04641,fault_evolution_text,制造阶段风险与运行工况耦合后引起状态劣化，检测指标随严重度同步升高。,0.6977,hydraulic
RCA_TEXT_HFB-04642,HFB-04642,rca_text,管路总成出现中度流量异常，生命周期风险集中在运维阶段，建议优先追溯 HOPR-04642。,0.6679,hydraulic
EVO_TEXT_HFB-04642,HFB-04642,fault_evolution_text,早期异常较弱，运行载荷放大后出现指标漂移，并逐步演化为中度故障。,0.6679,hydraulic
RCA_TEXT_HFB-04643,HFB-04643,rca_text,该案例表现为轻微振动异常，根因更可能由运维阶段隐患累积触发。,0.6298,hydraulic
EVO_TEXT_HFB-04643,HFB-04643,fault_evolution_text,早期异常较弱，运行载荷放大后出现指标漂移，并逐步演化为轻微故障。,0.6298,hydraulic
RCA_TEXT_HFB-04644,HFB-04644,rca_text,结合传感器能量和检测记录，过滤器的振动异常与检测阶段高风险实体 HINSP-04644 一致。,0.5937,hydraulic
EVO_TEXT_HFB-04644,HFB-04644,fault_evolution_text,早期异常较弱，运行载荷放大后出现指标漂移，并逐步演化为轻微故障。,0.5937,hydraulic
RCA_TEXT_HFB-04645,HFB-04645,rca_text,过滤器出现轻微流量异常，生命周期风险集中在制造阶段，建议优先追溯 HMAN-01093。,0.5399,hydraulic
EVO_TEXT_HFB-04645,HFB-04645,fault_evolution_text,隐患先导致局部性能退化，随后传感器能量向关联通道集中，最终形成流量异常。,0.5399,hydraulic
RCA_TEXT_HFB-04646,HFB-04646,rca_text,结合传感器能量和检测记录，作动筒的泄漏异常与检测阶段高风险实体 HINSP-04646 一致。,0.5069,hydraulic
EVO_TEXT_HFB-04646,HFB-04646,fault_evolution_text,检测阶段风险与运行工况耦合后引起状态劣化，检测指标随严重度同步升高。,0.5069,hydraulic
RCA_TEXT_HFB-04647,HFB-04647,rca_text,结合传感器能量和检测记录，过滤器的流量异常与运维阶段高风险实体 HOPR-04647 一致。,0.6531,hydraulic
EVO_TEXT_HFB-04647,HFB-04647,fault_evolution_text,运维阶段风险与运行工况耦合后引起状态劣化，检测指标随严重度同步升高。,0.6531,hydraulic
RCA_TEXT_HFB-04648,HFB-04648,rca_text,结合传感器能量和检测记录，溢流阀的温度异常与运维阶段高风险实体 HOPR-04648 一致。,0.5939,hydraulic
EVO_TEXT_HFB-04648,HFB-04648,fault_evolution_text,早期异常较弱，运行载荷放大后出现指标漂移，并逐步演化为轻微故障。,0.5939,hydraulic
RCA_TEXT_HFB-04649,HFB-04649,rca_text,该案例表现为轻微流量异常，根因更可能由运维阶段隐患累积触发。,0.5904,hydraulic
EVO_TEXT_HFB-04649,HFB-04649,fault_evolution_text,隐患先导致局部性能退化，随后传感器能量向关联通道集中，最终形成流量异常。,0.5904,hydraulic
RCA_TEXT_HFB-04650,HFB-04650,rca_text,结合传感器能量和检测记录，作动筒的泄漏异常与制造阶段高风险实体 HMAN-00458 一致。,0.5715,hydraulic
EVO_TEXT_HFB-04650,HFB-04650,fault_evolution_text,隐患先导致局部性能退化，随后传感器能量向关联通道集中，最终形成泄漏异常。,0.5715,hydraulic
RCA_TEXT_HFB-04651,HFB-04651,rca_text,该案例表现为轻微温度异常，根因更可能由制造阶段隐患累积触发。,0.5996,hydraulic
EVO_TEXT_HFB-04651,HFB-04651,fault_evolution_text,制造阶段风险与运行工况耦合后引起状态劣化，检测指标随严重度同步升高。,0.5996,hydraulic
RCA_TEXT_HFB-04652,HFB-04652,rca_text,液压泵总成出现轻微压力异常，生命周期风险集中在制造阶段，建议优先追溯 HMAN-00797。,0.5643,hydraulic
EVO_TEXT_HFB-04652,HFB-04652,fault_evolution_text,制造阶段风险与运行工况耦合后引起状态劣化，检测指标随严重度同步升高。,0.5643,hydraulic
RCA_TEXT_HFB-04653,HFB-04653,rca_text,该案例表现为中度泄漏异常，根因更可能由材料阶段隐患累积触发。,0.6187,hydraulic
EVO_TEXT_HFB-04653,HFB-04653,fault_evolution_text,隐患先导致局部性能退化，随后传感器能量向关联通道集中，最终形成泄漏异常。,0.6187,hydraulic
RCA_TEXT_HFB-04654,HFB-04654,rca_text,液压油箱出现轻微温度异常，生命周期风险集中在材料阶段，建议优先追溯 HMAT-00147。,0.6081,hydraulic
EVO_TEXT_HFB-04654,HFB-04654,fault_evolution_text,早期异常较弱，运行载荷放大后出现指标漂移，并逐步演化为轻微故障。,0.6081,hydraulic
RCA_TEXT_HFB-04655,HFB-04655,rca_text,液压泵总成出现轻微流量异常，生命周期风险集中在运维阶段，建议优先追溯 HOPR-04655。,0.5855,hydraulic
EVO_TEXT_HFB-04655,HFB-04655,fault_evolution_text,早期异常较弱，运行载荷放大后出现指标漂移，并逐步演化为轻微故障。,0.5855,hydraulic
RCA_TEXT_HFB-04656,HFB-04656,rca_text,结合传感器能量和检测记录，单向阀的阀芯卡滞与制造阶段高风险实体 HMAN-01175 一致。,0.5878,hydraulic
EVO_TEXT_HFB-04656,HFB-04656,fault_evolution_text,隐患先导致局部性能退化，随后传感器能量向关联通道集中，最终形成阀芯卡滞。,0.5878,hydraulic
RCA_TEXT_HFB-04657,HFB-04657,rca_text,该案例表现为中度流量异常，根因更可能由运维阶段隐患累积触发。,0.5905,hydraulic
EVO_TEXT_HFB-04657,HFB-04657,fault_evolution_text,早期异常较弱，运行载荷放大后出现指标漂移，并逐步演化为中度故障。,0.5905,hydraulic
RCA_TEXT_HFB-04658,HFB-04658,rca_text,该案例表现为轻微温度异常，根因更可能由运维阶段隐患累积触发。,0.5576,hydraulic
EVO_TEXT_HFB-04658,HFB-04658,fault_evolution_text,隐患先导致局部性能退化，随后传感器能量向关联通道集中，最终形成温度异常。,0.5576,hydraulic
RCA_TEXT_HFB-04659,HFB-04659,rca_text,结合传感器能量和检测记录，方向控制阀的阀芯卡滞与制造阶段高风险实体 HMAN-00629 一致。,0.6927,hydraulic
EVO_TEXT_HFB-04659,HFB-04659,fault_evolution_text,早期异常较弱，运行载荷放大后出现指标漂移，并逐步演化为中度故障。,0.6927,hydraulic
RCA_TEXT_HFB-04660,HFB-04660,rca_text,过滤器出现中度流量异常，生命周期风险集中在运维阶段，建议优先追溯 HOPR-04660。,0.6631,hydraulic
EVO_TEXT_HFB-04660,HFB-04660,fault_evolution_text,运维阶段风险与运行工况耦合后引起状态劣化，检测指标随严重度同步升高。,0.6631,hydraulic
RCA_TEXT_HFB-04661,HFB-04661,rca_text,结合传感器能量和检测记录，溢流阀的压力异常与材料阶段高风险实体 HMAT-00490 一致。,0.7286,hydraulic
EVO_TEXT_HFB-04661,HFB-04661,fault_evolution_text,早期异常较弱，运行载荷放大后出现指标漂移，并逐步演化为中度故障。,0.7286,hydraulic
RCA_TEXT_HFB-04662,HFB-04662,rca_text,结合传感器能量和检测记录，过滤器的泄漏异常与设计阶段高风险实体 HDES-00681 一致。,0.5772,hydraulic
EVO_TEXT_HFB-04662,HFB-04662,fault_evolution_text,隐患先导致局部性能退化，随后传感器能量向关联通道集中，最终形成泄漏异常。,0.5772,hydraulic
RCA_TEXT_HFB-04663,HFB-04663,rca_text,该案例表现为中度阀芯卡滞，根因更可能由材料阶段隐患累积触发。,0.6509,hydraulic
EVO_TEXT_HFB-04663,HFB-04663,fault_evolution_text,材料阶段风险与运行工况耦合后引起状态劣化，检测指标随严重度同步升高。,0.6509,hydraulic
RCA_TEXT_HFB-04664,HFB-04664,rca_text,液压油箱出现轻微泄漏异常，生命周期风险集中在设计阶段，建议优先追溯 HDES-00242。,0.6389,hydraulic
EVO_TEXT_HFB-04664,HFB-04664,fault_evolution_text,早期异常较弱，运行载荷放大后出现指标漂移，并逐步演化为轻微故障。,0.6389,hydraulic
RCA_TEXT_HFB-04665,HFB-04665,rca_text,蓄能器出现轻微流量异常，生命周期风险集中在材料阶段，建议优先追溯 HMAT-00110。,0.5844,hydraulic
EVO_TEXT_HFB-04665,HFB-04665,fault_evolution_text,隐患先导致局部性能退化，随后传感器能量向关联通道集中，最终形成流量异常。,0.5844,hydraulic
RCA_TEXT_HFB-04666,HFB-04666,rca_text,液压油箱出现轻微温度异常，生命周期风险集中在材料阶段，建议优先追溯 HMAT-00120。,0.5983,hydraulic
EVO_TEXT_HFB-04666,HFB-04666,fault_evolution_text,隐患先导致局部性能退化，随后传感器能量向关联通道集中，最终形成温度异常。,0.5983,hydraulic
RCA_TEXT_HFB-04667,HFB-04667,rca_text,结合传感器能量和检测记录，方向控制阀的流量异常与制造阶段高风险实体 HMAN-00127 一致。,0.5989,hydraulic
EVO_TEXT_HFB-04667,HFB-04667,fault_evolution_text,制造阶段风险与运行工况耦合后引起状态劣化，检测指标随严重度同步升高。,0.5989,hydraulic
RCA_TEXT_HFB-04668,HFB-04668,rca_text,作动筒出现轻微流量异常，生命周期风险集中在运维阶段，建议优先追溯 HOPR-04668。,0.5974,hydraulic
EVO_TEXT_HFB-04668,HFB-04668,fault_evolution_text,运维阶段风险与运行工况耦合后引起状态劣化，检测指标随严重度同步升高。,0.5974,hydraulic
RCA_TEXT_HFB-04669,HFB-04669,rca_text,结合传感器能量和检测记录，冷却器的温度异常与运维阶段高风险实体 HOPR-04669 一致。,0.5843,hydraulic
EVO_TEXT_HFB-04669,HFB-04669,fault_evolution_text,运维阶段风险与运行工况耦合后引起状态劣化，检测指标随严重度同步升高。,0.5843,hydraulic
RCA_TEXT_HFB-04670,HFB-04670,rca_text,结合传感器能量和检测记录，节流阀的阀芯卡滞与装配阶段高风险实体 HASM-04670 一致。,0.6641,hydraulic
EVO_TEXT_HFB-04670,HFB-04670,fault_evolution_text,装配阶段风险与运行工况耦合后引起状态劣化，检测指标随严重度同步升高。,0.6641,hydraulic
RCA_TEXT_HFB-04671,HFB-04671,rca_text,该案例表现为轻微阀芯卡滞，根因更可能由装配阶段隐患累积触发。,0.6202,hydraulic
EVO_TEXT_HFB-04671,HFB-04671,fault_evolution_text,隐患先导致局部性能退化，随后传感器能量向关联通道集中，最终形成阀芯卡滞。,0.6202,hydraulic
RCA_TEXT_HFB-04672,HFB-04672,rca_text,该案例表现为中度压力异常，根因更可能由检测阶段隐患累积触发。,0.6018,hydraulic
EVO_TEXT_HFB-04672,HFB-04672,fault_evolution_text,隐患先导致局部性能退化，随后传感器能量向关联通道集中，最终形成压力异常。,0.6018,hydraulic
RCA_TEXT_HFB-04673,HFB-04673,rca_text,管路总成出现中度压力异常，生命周期风险集中在制造阶段，建议优先追溯 HMAN-00537。,0.6576,hydraulic
EVO_TEXT_HFB-04673,HFB-04673,fault_evolution_text,制造阶段风险与运行工况耦合后引起状态劣化，检测指标随严重度同步升高。,0.6576,hydraulic
RCA_TEXT_HFB-04674,HFB-04674,rca_text,该案例表现为轻微泄漏异常，根因更可能由材料阶段隐患累积触发。,0.606,hydraulic
EVO_TEXT_HFB-04674,HFB-04674,fault_evolution_text,材料阶段风险与运行工况耦合后引起状态劣化，检测指标随严重度同步升高。,0.606,hydraulic
RCA_TEXT_HFB-04675,HFB-04675,rca_text,结合传感器能量和检测记录，液压油箱的流量异常与运维阶段高风险实体 HOPR-04675 一致。,0.576,hydraulic
EVO_TEXT_HFB-04675,HFB-04675,fault_evolution_text,早期异常较弱，运行载荷放大后出现指标漂移，并逐步演化为轻微故障。,0.576,hydraulic
RCA_TEXT_HFB-04676,HFB-04676,rca_text,结合传感器能量和检测记录，卸荷阀的泄漏异常与装配阶段高风险实体 HASM-04676 一致。,0.5574,hydraulic
EVO_TEXT_HFB-04676,HFB-04676,fault_evolution_text,装配阶段风险与运行工况耦合后引起状态劣化，检测指标随严重度同步升高。,0.5574,hydraulic
RCA_TEXT_HFB-04677,HFB-04677,rca_text,该案例表现为中度流量异常，根因更可能由运维阶段隐患累积触发。,0.6648,hydraulic
EVO_TEXT_HFB-04677,HFB-04677,fault_evolution_text,隐患先导致局部性能退化，随后传感器能量向关联通道集中，最终形成流量异常。,0.6648,hydraulic
RCA_TEXT_HFB-04678,HFB-04678,rca_text,结合传感器能量和检测记录，方向控制阀的压力异常与设计阶段高风险实体 HDES-00392 一致。,0.5714,hydraulic
EVO_TEXT_HFB-04678,HFB-04678,fault_evolution_text,隐患先导致局部性能退化，随后传感器能量向关联通道集中，最终形成压力异常。,0.5714,hydraulic
RCA_TEXT_HFB-04679,HFB-04679,rca_text,作动筒出现中度振动异常，生命周期风险集中在运维阶段，建议优先追溯 HOPR-04679。,0.5714,hydraulic
EVO_TEXT_HFB-04679,HFB-04679,fault_evolution_text,运维阶段风险与运行工况耦合后引起状态劣化，检测指标随严重度同步升高。,0.5714,hydraulic
RCA_TEXT_HFB-04680,HFB-04680,rca_text,管路总成出现轻微振动异常，生命周期风险集中在制造阶段，建议优先追溯 HMAN-00692。,0.5397,hydraulic
EVO_TEXT_HFB-04680,HFB-04680,fault_evolution_text,制造阶段风险与运行工况耦合后引起状态劣化，检测指标随严重度同步升高。,0.5397,hydraulic
RCA_TEXT_HFB-04681,HFB-04681,rca_text,结合传感器能量和检测记录，液压泵总成的振动异常与设计阶段高风险实体 HDES-01179 一致。,0.5318,hydraulic
EVO_TEXT_HFB-04681,HFB-04681,fault_evolution_text,设计阶段风险与运行工况耦合后引起状态劣化，检测指标随严重度同步升高。,0.5318,hydraulic
RCA_TEXT_HFB-04682,HFB-04682,rca_text,结合传感器能量和检测记录，液压油箱的振动异常与运维阶段高风险实体 HOPR-04682 一致。,0.5578,hydraulic
EVO_TEXT_HFB-04682,HFB-04682,fault_evolution_text,早期异常较弱，运行载荷放大后出现指标漂移，并逐步演化为轻微故障。,0.5578,hydraulic
RCA_TEXT_HFB-04683,HFB-04683,rca_text,该案例表现为轻微压力异常，根因更可能由设计阶段隐患累积触发。,0.6107,hydraulic
EVO_TEXT_HFB-04683,HFB-04683,fault_evolution_text,早期异常较弱，运行载荷放大后出现指标漂移，并逐步演化为轻微故障。,0.6107,hydraulic
RCA_TEXT_HFB-04684,HFB-04684,rca_text,单向阀出现轻微泄漏异常，生命周期风险集中在检测阶段，建议优先追溯 HINSP-04684。,0.5255,hydraulic
EVO_TEXT_HFB-04684,HFB-04684,fault_evolution_text,早期异常较弱，运行载荷放大后出现指标漂移，并逐步演化为轻微故障。,0.5255,hydraulic
RCA_TEXT_HFB-04685,HFB-04685,rca_text,节流阀出现轻微泄漏异常，生命周期风险集中在运维阶段，建议优先追溯 HOPR-04685。,0.5673,hydraulic
EVO_TEXT_HFB-04685,HFB-04685,fault_evolution_text,运维阶段风险与运行工况耦合后引起状态劣化，检测指标随严重度同步升高。,0.5673,hydraulic
RCA_TEXT_HFB-04686,HFB-04686,rca_text,该案例表现为中度泄漏异常，根因更可能由材料阶段隐患累积触发。,0.6044,hydraulic
EVO_TEXT_HFB-04686,HFB-04686,fault_evolution_text,早期异常较弱，运行载荷放大后出现指标漂移，并逐步演化为中度故障。,0.6044,hydraulic
RCA_TEXT_HFB-04687,HFB-04687,rca_text,冷却器出现轻微流量异常，生命周期风险集中在材料阶段，建议优先追溯 HMAT-00371。,0.6014,hydraulic
EVO_TEXT_HFB-04687,HFB-04687,fault_evolution_text,材料阶段风险与运行工况耦合后引起状态劣化，检测指标随严重度同步升高。,0.6014,hydraulic
RCA_TEXT_HFB-04688,HFB-04688,rca_text,该案例表现为轻微泄漏异常，根因更可能由运维阶段隐患累积触发。,0.5099,hydraulic
EVO_TEXT_HFB-04688,HFB-04688,fault_evolution_text,运维阶段风险与运行工况耦合后引起状态劣化，检测指标随严重度同步升高。,0.5099,hydraulic
RCA_TEXT_HFB-04689,HFB-04689,rca_text,结合传感器能量和检测记录，管路总成的振动异常与运维阶段高风险实体 HOPR-04689 一致。,0.5918,hydraulic
EVO_TEXT_HFB-04689,HFB-04689,fault_evolution_text,早期异常较弱，运行载荷放大后出现指标漂移，并逐步演化为中度故障。,0.5918,hydraulic
RCA_TEXT_HFB-04690,HFB-04690,rca_text,液压油箱出现轻微振动异常，生命周期风险集中在材料阶段，建议优先追溯 HMAT-00116。,0.5915,hydraulic
EVO_TEXT_HFB-04690,HFB-04690,fault_evolution_text,材料阶段风险与运行工况耦合后引起状态劣化，检测指标随严重度同步升高。,0.5915,hydraulic
RCA_TEXT_HFB-04691,HFB-04691,rca_text,结合传感器能量和检测记录，液压泵总成的压力异常与制造阶段高风险实体 HMAN-00140 一致。,0.6037,hydraulic
EVO_TEXT_HFB-04691,HFB-04691,fault_evolution_text,早期异常较弱，运行载荷放大后出现指标漂移，并逐步演化为轻微故障。,0.6037,hydraulic
RCA_TEXT_HFB-04692,HFB-04692,rca_text,结合传感器能量和检测记录，蓄能器的泄漏异常与制造阶段高风险实体 HMAN-00394 一致。,0.573,hydraulic
EVO_TEXT_HFB-04692,HFB-04692,fault_evolution_text,隐患先导致局部性能退化，随后传感器能量向关联通道集中，最终形成泄漏异常。,0.573,hydraulic
RCA_TEXT_HFB-04693,HFB-04693,rca_text,该案例表现为中度振动异常，根因更可能由装配阶段隐患累积触发。,0.7289,hydraulic
EVO_TEXT_HFB-04693,HFB-04693,fault_evolution_text,早期异常较弱，运行载荷放大后出现指标漂移，并逐步演化为中度故障。,0.7289,hydraulic
RCA_TEXT_HFB-04694,HFB-04694,rca_text,作动筒出现轻微流量异常，生命周期风险集中在装配阶段，建议优先追溯 HASM-04694。,0.4885,hydraulic
EVO_TEXT_HFB-04694,HFB-04694,fault_evolution_text,装配阶段风险与运行工况耦合后引起状态劣化，检测指标随严重度同步升高。,0.4885,hydraulic
RCA_TEXT_HFB-04695,HFB-04695,rca_text,该案例表现为轻微阀芯卡滞，根因更可能由运维阶段隐患累积触发。,0.5774,hydraulic
EVO_TEXT_HFB-04695,HFB-04695,fault_evolution_text,隐患先导致局部性能退化，随后传感器能量向关联通道集中，最终形成阀芯卡滞。,0.5774,hydraulic
RCA_TEXT_HFB-04696,HFB-04696,rca_text,结合传感器能量和检测记录，溢流阀的压力异常与材料阶段高风险实体 HMAT-00328 一致。,0.6181,hydraulic
EVO_TEXT_HFB-04696,HFB-04696,fault_evolution_text,隐患先导致局部性能退化，随后传感器能量向关联通道集中，最终形成压力异常。,0.6181,hydraulic
RCA_TEXT_HFB-04697,HFB-04697,rca_text,结合传感器能量和检测记录，管路总成的温度异常与运维阶段高风险实体 HOPR-04697 一致。,0.5824,hydraulic
EVO_TEXT_HFB-04697,HFB-04697,fault_evolution_text,运维阶段风险与运行工况耦合后引起状态劣化，检测指标随严重度同步升高。,0.5824,hydraulic
RCA_TEXT_HFB-04698,HFB-04698,rca_text,单向阀出现轻微阀芯卡滞，生命周期风险集中在制造阶段，建议优先追溯 HMAN-00685。,0.6858,hydraulic
EVO_TEXT_HFB-04698,HFB-04698,fault_evolution_text,早期异常较弱，运行载荷放大后出现指标漂移，并逐步演化为轻微故障。,0.6858,hydraulic
RCA_TEXT_HFB-04699,HFB-04699,rca_text,该案例表现为轻微温度异常，根因更可能由制造阶段隐患累积触发。,0.5732,hydraulic
EVO_TEXT_HFB-04699,HFB-04699,fault_evolution_text,隐患先导致局部性能退化，随后传感器能量向关联通道集中，最终形成温度异常。,0.5732,hydraulic
RCA_TEXT_HFB-04700,HFB-04700,rca_text,卸荷阀出现轻微温度异常，生命周期风险集中在制造阶段，建议优先追溯 HMAN-00887。,0.5591,hydraulic
EVO_TEXT_HFB-04700,HFB-04700,fault_evolution_text,早期异常较弱，运行载荷放大后出现指标漂移，并逐步演化为轻微故障。,0.5591,hydraulic
RCA_TEXT_HFB-04701,HFB-04701,rca_text,该案例表现为轻微振动异常，根因更可能由材料阶段隐患累积触发。,0.5432,hydraulic
EVO_TEXT_HFB-04701,HFB-04701,fault_evolution_text,材料阶段风险与运行工况耦合后引起状态劣化，检测指标随严重度同步升高。,0.5432,hydraulic
RCA_TEXT_HFB-04702,HFB-04702,rca_text,单向阀出现轻微温度异常，生命周期风险集中在装配阶段，建议优先追溯 HASM-04702。,0.5342,hydraulic
EVO_TEXT_HFB-04702,HFB-04702,fault_evolution_text,早期异常较弱，运行载荷放大后出现指标漂移，并逐步演化为轻微故障。,0.5342,hydraulic
RCA_TEXT_HFB-04703,HFB-04703,rca_text,结合传感器能量和检测记录，蓄能器的温度异常与运维阶段高风险实体 HOPR-04703 一致。,0.6131,hydraulic
EVO_TEXT_HFB-04703,HFB-04703,fault_evolution_text,早期异常较弱，运行载荷放大后出现指标漂移，并逐步演化为轻微故障。,0.6131,hydraulic
RCA_TEXT_HFB-04704,HFB-04704,rca_text,蓄能器出现轻微泄漏异常，生命周期风险集中在制造阶段，建议优先追溯 HMAN-00112。,0.607,hydraulic
EVO_TEXT_HFB-04704,HFB-04704,fault_evolution_text,制造阶段风险与运行工况耦合后引起状态劣化，检测指标随严重度同步升高。,0.607,hydraulic
RCA_TEXT_HFB-04705,HFB-04705,rca_text,结合传感器能量和检测记录，卸荷阀的阀芯卡滞与运维阶段高风险实体 HOPR-04705 一致。,0.663,hydraulic
EVO_TEXT_HFB-04705,HFB-04705,fault_evolution_text,运维阶段风险与运行工况耦合后引起状态劣化，检测指标随严重度同步升高。,0.663,hydraulic
RCA_TEXT_HFB-04706,HFB-04706,rca_text,该案例表现为轻微阀芯卡滞，根因更可能由运维阶段隐患累积触发。,0.5586,hydraulic
EVO_TEXT_HFB-04706,HFB-04706,fault_evolution_text,隐患先导致局部性能退化，随后传感器能量向关联通道集中，最终形成阀芯卡滞。,0.5586,hydraulic
RCA_TEXT_HFB-04707,HFB-04707,rca_text,单向阀出现中度阀芯卡滞，生命周期风险集中在材料阶段，建议优先追溯 HMAT-00239。,0.6658,hydraulic
EVO_TEXT_HFB-04707,HFB-04707,fault_evolution_text,早期异常较弱，运行载荷放大后出现指标漂移，并逐步演化为中度故障。,0.6658,hydraulic
RCA_TEXT_HFB-04708,HFB-04708,rca_text,结合传感器能量和检测记录，蓄能器的振动异常与材料阶段高风险实体 HMAT-00568 一致。,0.5211,hydraulic
EVO_TEXT_HFB-04708,HFB-04708,fault_evolution_text,早期异常较弱，运行载荷放大后出现指标漂移，并逐步演化为轻微故障。,0.5211,hydraulic
RCA_TEXT_HFB-04709,HFB-04709,rca_text,作动筒出现中度泄漏异常，生命周期风险集中在运维阶段，建议优先追溯 HOPR-04709。,0.6139,hydraulic
EVO_TEXT_HFB-04709,HFB-04709,fault_evolution_text,隐患先导致局部性能退化，随后传感器能量向关联通道集中，最终形成泄漏异常。,0.6139,hydraulic
RCA_TEXT_HFB-04710,HFB-04710,rca_text,方向控制阀出现轻微温度异常，生命周期风险集中在运维阶段，建议优先追溯 HOPR-04710。,0.5728,hydraulic
EVO_TEXT_HFB-04710,HFB-04710,fault_evolution_text,早期异常较弱，运行载荷放大后出现指标漂移，并逐步演化为轻微故障。,0.5728,hydraulic
RCA_TEXT_HFB-04711,HFB-04711,rca_text,该案例表现为轻微温度异常，根因更可能由检测阶段隐患累积触发。,0.5662,hydraulic
EVO_TEXT_HFB-04711,HFB-04711,fault_evolution_text,检测阶段风险与运行工况耦合后引起状态劣化，检测指标随严重度同步升高。,0.5662,hydraulic
RCA_TEXT_HFB-04712,HFB-04712,rca_text,结合传感器能量和检测记录，管路总成的流量异常与设计阶段高风险实体 HPIP-00801 一致。,0.5631,hydraulic
EVO_TEXT_HFB-04712,HFB-04712,fault_evolution_text,隐患先导致局部性能退化，随后传感器能量向关联通道集中，最终形成流量异常。,0.5631,hydraulic
RCA_TEXT_HFB-04713,HFB-04713,rca_text,该案例表现为轻微振动异常，根因更可能由装配阶段隐患累积触发。,0.6349,hydraulic
EVO_TEXT_HFB-04713,HFB-04713,fault_evolution_text,隐患先导致局部性能退化，随后传感器能量向关联通道集中，最终形成振动异常。,0.6349,hydraulic
RCA_TEXT_HFB-04714,HFB-04714,rca_text,该案例表现为中度压力异常，根因更可能由设计阶段隐患累积触发。,0.6893,hydraulic
EVO_TEXT_HFB-04714,HFB-04714,fault_evolution_text,隐患先导致局部性能退化，随后传感器能量向关联通道集中，最终形成压力异常。,0.6893,hydraulic
RCA_TEXT_HFB-04715,HFB-04715,rca_text,过滤器出现轻微振动异常，生命周期风险集中在材料阶段，建议优先追溯 HMAT-00032。,0.5529,hydraulic
EVO_TEXT_HFB-04715,HFB-04715,fault_evolution_text,早期异常较弱，运行载荷放大后出现指标漂移，并逐步演化为轻微故障。,0.5529,hydraulic
RCA_TEXT_HFB-04716,HFB-04716,rca_text,该案例表现为轻微泄漏异常，根因更可能由制造阶段隐患累积触发。,0.5792,hydraulic
EVO_TEXT_HFB-04716,HFB-04716,fault_evolution_text,制造阶段风险与运行工况耦合后引起状态劣化，检测指标随严重度同步升高。,0.5792,hydraulic
RCA_TEXT_HFB-04717,HFB-04717,rca_text,该案例表现为轻微流量异常，根因更可能由运维阶段隐患累积触发。,0.6293,hydraulic
EVO_TEXT_HFB-04717,HFB-04717,fault_evolution_text,早期异常较弱，运行载荷放大后出现指标漂移，并逐步演化为轻微故障。,0.6293,hydraulic
RCA_TEXT_HFB-04718,HFB-04718,rca_text,结合传感器能量和检测记录，单向阀的流量异常与制造阶段高风险实体 HMAN-01063 一致。,0.5845,hydraulic
EVO_TEXT_HFB-04718,HFB-04718,fault_evolution_text,早期异常较弱，运行载荷放大后出现指标漂移，并逐步演化为轻微故障。,0.5845,hydraulic
RCA_TEXT_HFB-04719,HFB-04719,rca_text,蓄能器出现轻微压力异常，生命周期风险集中在装配阶段，建议优先追溯 HASM-04719。,0.6606,hydraulic
EVO_TEXT_HFB-04719,HFB-04719,fault_evolution_text,隐患先导致局部性能退化，随后传感器能量向关联通道集中，最终形成压力异常。,0.6606,hydraulic
RCA_TEXT_HFB-04720,HFB-04720,rca_text,结合传感器能量和检测记录，节流阀的流量异常与检测阶段高风险实体 HINSP-04720 一致。,0.625,hydraulic
EVO_TEXT_HFB-04720,HFB-04720,fault_evolution_text,早期异常较弱，运行载荷放大后出现指标漂移，并逐步演化为中度故障。,0.625,hydraulic
RCA_TEXT_HFB-04721,HFB-04721,rca_text,方向控制阀出现中度流量异常，生命周期风险集中在运维阶段，建议优先追溯 HOPR-04721。,0.6155,hydraulic
EVO_TEXT_HFB-04721,HFB-04721,fault_evolution_text,早期异常较弱，运行载荷放大后出现指标漂移，并逐步演化为中度故障。,0.6155,hydraulic
RCA_TEXT_HFB-04722,HFB-04722,rca_text,该案例表现为轻微压力异常，根因更可能由设计阶段隐患累积触发。,0.5637,hydraulic
EVO_TEXT_HFB-04722,HFB-04722,fault_evolution_text,早期异常较弱，运行载荷放大后出现指标漂移，并逐步演化为轻微故障。,0.5637,hydraulic
RCA_TEXT_HFB-04723,HFB-04723,rca_text,该案例表现为中度流量异常，根因更可能由制造阶段隐患累积触发。,0.6747,hydraulic
EVO_TEXT_HFB-04723,HFB-04723,fault_evolution_text,制造阶段风险与运行工况耦合后引起状态劣化，检测指标随严重度同步升高。,0.6747,hydraulic
RCA_TEXT_HFB-04724,HFB-04724,rca_text,该案例表现为轻微压力异常，根因更可能由制造阶段隐患累积触发。,0.5732,hydraulic
EVO_TEXT_HFB-04724,HFB-04724,fault_evolution_text,隐患先导致局部性能退化，随后传感器能量向关联通道集中，最终形成压力异常。,0.5732,hydraulic
RCA_TEXT_HFB-04725,HFB-04725,rca_text,节流阀出现轻微阀芯卡滞，生命周期风险集中在制造阶段，建议优先追溯 HMAN-00788。,0.596,hydraulic
EVO_TEXT_HFB-04725,HFB-04725,fault_evolution_text,制造阶段风险与运行工况耦合后引起状态劣化，检测指标随严重度同步升高。,0.596,hydraulic
RCA_TEXT_HFB-04726,HFB-04726,rca_text,结合传感器能量和检测记录，管路总成的压力异常与设计阶段高风险实体 HPIP-00803 一致。,0.5641,hydraulic
EVO_TEXT_HFB-04726,HFB-04726,fault_evolution_text,早期异常较弱，运行载荷放大后出现指标漂移，并逐步演化为中度故障。,0.5641,hydraulic
RCA_TEXT_HFB-04727,HFB-04727,rca_text,结合传感器能量和检测记录，卸荷阀的压力异常与设计阶段高风险实体 HDES-01146 一致。,0.621,hydraulic
EVO_TEXT_HFB-04727,HFB-04727,fault_evolution_text,隐患先导致局部性能退化，随后传感器能量向关联通道集中，最终形成压力异常。,0.621,hydraulic
RCA_TEXT_HFB-04728,HFB-04728,rca_text,该案例表现为轻微流量异常，根因更可能由装配阶段隐患累积触发。,0.5511,hydraulic
EVO_TEXT_HFB-04728,HFB-04728,fault_evolution_text,隐患先导致局部性能退化，随后传感器能量向关联通道集中，最终形成流量异常。,0.5511,hydraulic
RCA_TEXT_HFB-04729,HFB-04729,rca_text,液压泵总成出现轻微泄漏异常，生命周期风险集中在检测阶段，建议优先追溯 HINSP-04729。,0.5786,hydraulic
EVO_TEXT_HFB-04729,HFB-04729,fault_evolution_text,检测阶段风险与运行工况耦合后引起状态劣化，检测指标随严重度同步升高。,0.5786,hydraulic
RCA_TEXT_HFB-04730,HFB-04730,rca_text,冷却器出现轻微泄漏异常，生命周期风险集中在设计阶段，建议优先追溯 HDES-00645。,0.6323,hydraulic
EVO_TEXT_HFB-04730,HFB-04730,fault_evolution_text,早期异常较弱，运行载荷放大后出现指标漂移，并逐步演化为轻微故障。,0.6323,hydraulic
RCA_TEXT_HFB-04731,HFB-04731,rca_text,结合传感器能量和检测记录，蓄能器的振动异常与设计阶段高风险实体 HDES-00811 一致。,0.5584,hydraulic
EVO_TEXT_HFB-04731,HFB-04731,fault_evolution_text,隐患先导致局部性能退化，随后传感器能量向关联通道集中，最终形成振动异常。,0.5584,hydraulic
RCA_TEXT_HFB-04732,HFB-04732,rca_text,该案例表现为中度压力异常，根因更可能由运维阶段隐患累积触发。,0.6673,hydraulic
EVO_TEXT_HFB-04732,HFB-04732,fault_evolution_text,隐患先导致局部性能退化，随后传感器能量向关联通道集中，最终形成压力异常。,0.6673,hydraulic
RCA_TEXT_HFB-04733,HFB-04733,rca_text,液压油箱出现中度流量异常，生命周期风险集中在运维阶段，建议优先追溯 HOPR-04733。,0.5809,hydraulic
EVO_TEXT_HFB-04733,HFB-04733,fault_evolution_text,隐患先导致局部性能退化，随后传感器能量向关联通道集中，最终形成流量异常。,0.5809,hydraulic
RCA_TEXT_HFB-04734,HFB-04734,rca_text,液压泵总成出现轻微温度异常，生命周期风险集中在运维阶段，建议优先追溯 HOPR-04734。,0.5391,hydraulic
EVO_TEXT_HFB-04734,HFB-04734,fault_evolution_text,运维阶段风险与运行工况耦合后引起状态劣化，检测指标随严重度同步升高。,0.5391,hydraulic
RCA_TEXT_HFB-04735,HFB-04735,rca_text,该案例表现为中度压力异常，根因更可能由运维阶段隐患累积触发。,0.6347,hydraulic
EVO_TEXT_HFB-04735,HFB-04735,fault_evolution_text,隐患先导致局部性能退化，随后传感器能量向关联通道集中，最终形成压力异常。,0.6347,hydraulic
RCA_TEXT_HFB-04736,HFB-04736,rca_text,结合传感器能量和检测记录，过滤器的振动异常与运维阶段高风险实体 HOPR-04736 一致。,0.5911,hydraulic
EVO_TEXT_HFB-04736,HFB-04736,fault_evolution_text,早期异常较弱，运行载荷放大后出现指标漂移，并逐步演化为轻微故障。,0.5911,hydraulic
RCA_TEXT_HFB-04737,HFB-04737,rca_text,该案例表现为中度阀芯卡滞，根因更可能由材料阶段隐患累积触发。,0.6847,hydraulic
EVO_TEXT_HFB-04737,HFB-04737,fault_evolution_text,早期异常较弱，运行载荷放大后出现指标漂移，并逐步演化为中度故障。,0.6847,hydraulic
RCA_TEXT_HFB-04738,HFB-04738,rca_text,管路总成出现轻微压力异常，生命周期风险集中在设计阶段，建议优先追溯 HPIP-00805。,0.5712,hydraulic
EVO_TEXT_HFB-04738,HFB-04738,fault_evolution_text,设计阶段风险与运行工况耦合后引起状态劣化，检测指标随严重度同步升高。,0.5712,hydraulic
RCA_TEXT_HFB-04739,HFB-04739,rca_text,该案例表现为轻微压力异常，根因更可能由材料阶段隐患累积触发。,0.6244,hydraulic
EVO_TEXT_HFB-04739,HFB-04739,fault_evolution_text,材料阶段风险与运行工况耦合后引起状态劣化，检测指标随严重度同步升高。,0.6244,hydraulic
RCA_TEXT_HFB-04740,HFB-04740,rca_text,节流阀出现轻微振动异常，生命周期风险集中在装配阶段，建议优先追溯 HASM-04740。,0.521,hydraulic
EVO_TEXT_HFB-04740,HFB-04740,fault_evolution_text,早期异常较弱，运行载荷放大后出现指标漂移，并逐步演化为轻微故障。,0.521,hydraulic
RCA_TEXT_HFB-04741,HFB-04741,rca_text,节流阀出现轻微温度异常，生命周期风险集中在材料阶段，建议优先追溯 HMAT-00393。,0.585,hydraulic
EVO_TEXT_HFB-04741,HFB-04741,fault_evolution_text,隐患先导致局部性能退化，随后传感器能量向关联通道集中，最终形成温度异常。,0.585,hydraulic
RCA_TEXT_HFB-04742,HFB-04742,rca_text,结合传感器能量和检测记录，蓄能器的泄漏异常与材料阶段高风险实体 HMAT-00512 一致。,0.6239,hydraulic
EVO_TEXT_HFB-04742,HFB-04742,fault_evolution_text,材料阶段风险与运行工况耦合后引起状态劣化，检测指标随严重度同步升高。,0.6239,hydraulic
RCA_TEXT_HFB-04743,HFB-04743,rca_text,方向控制阀出现轻微振动异常，生命周期风险集中在运维阶段，建议优先追溯 HOPR-04743。,0.5651,hydraulic
EVO_TEXT_HFB-04743,HFB-04743,fault_evolution_text,早期异常较弱，运行载荷放大后出现指标漂移，并逐步演化为轻微故障。,0.5651,hydraulic
RCA_TEXT_HFB-04744,HFB-04744,rca_text,结合传感器能量和检测记录，溢流阀的阀芯卡滞与装配阶段高风险实体 HASM-04744 一致。,0.6307,hydraulic
EVO_TEXT_HFB-04744,HFB-04744,fault_evolution_text,早期异常较弱，运行载荷放大后出现指标漂移，并逐步演化为中度故障。,0.6307,hydraulic
RCA_TEXT_HFB-04745,HFB-04745,rca_text,该案例表现为轻微振动异常，根因更可能由检测阶段隐患累积触发。,0.6312,hydraulic
EVO_TEXT_HFB-04745,HFB-04745,fault_evolution_text,隐患先导致局部性能退化，随后传感器能量向关联通道集中，最终形成振动异常。,0.6312,hydraulic
RCA_TEXT_HFB-04746,HFB-04746,rca_text,该案例表现为轻微振动异常，根因更可能由装配阶段隐患累积触发。,0.5665,hydraulic
EVO_TEXT_HFB-04746,HFB-04746,fault_evolution_text,早期异常较弱，运行载荷放大后出现指标漂移，并逐步演化为轻微故障。,0.5665,hydraulic
RCA_TEXT_HFB-04747,HFB-04747,rca_text,该案例表现为轻微泄漏异常，根因更可能由运维阶段隐患累积触发。,0.5942,hydraulic
EVO_TEXT_HFB-04747,HFB-04747,fault_evolution_text,隐患先导致局部性能退化，随后传感器能量向关联通道集中，最终形成泄漏异常。,0.5942,hydraulic
RCA_TEXT_HFB-04748,HFB-04748,rca_text,结合传感器能量和检测记录，过滤器的流量异常与运维阶段高风险实体 HOPR-04748 一致。,0.6124,hydraulic
EVO_TEXT_HFB-04748,HFB-04748,fault_evolution_text,运维阶段风险与运行工况耦合后引起状态劣化，检测指标随严重度同步升高。,0.6124,hydraulic
RCA_TEXT_HFB-04749,HFB-04749,rca_text,该案例表现为中度阀芯卡滞，根因更可能由材料阶段隐患累积触发。,0.7218,hydraulic
EVO_TEXT_HFB-04749,HFB-04749,fault_evolution_text,材料阶段风险与运行工况耦合后引起状态劣化，检测指标随严重度同步升高。,0.7218,hydraulic
RCA_TEXT_HFB-04750,HFB-04750,rca_text,结合传感器能量和检测记录，节流阀的振动异常与制造阶段高风险实体 HMAN-00867 一致。,0.6253,hydraulic
EVO_TEXT_HFB-04750,HFB-04750,fault_evolution_text,隐患先导致局部性能退化，随后传感器能量向关联通道集中，最终形成振动异常。,0.6253,hydraulic
RCA_TEXT_HFB-04751,HFB-04751,rca_text,结合传感器能量和检测记录，作动筒的流量异常与运维阶段高风险实体 HOPR-04751 一致。,0.5533,hydraulic
EVO_TEXT_HFB-04751,HFB-04751,fault_evolution_text,隐患先导致局部性能退化，随后传感器能量向关联通道集中，最终形成流量异常。,0.5533,hydraulic
RCA_TEXT_HFB-04752,HFB-04752,rca_text,该案例表现为轻微阀芯卡滞，根因更可能由运维阶段隐患累积触发。,0.5814,hydraulic
EVO_TEXT_HFB-04752,HFB-04752,fault_evolution_text,运维阶段风险与运行工况耦合后引起状态劣化，检测指标随严重度同步升高。,0.5814,hydraulic
RCA_TEXT_HFB-04753,HFB-04753,rca_text,结合传感器能量和检测记录，管路总成的压力异常与运维阶段高风险实体 HOPR-04753 一致。,0.6242,hydraulic
EVO_TEXT_HFB-04753,HFB-04753,fault_evolution_text,运维阶段风险与运行工况耦合后引起状态劣化，检测指标随严重度同步升高。,0.6242,hydraulic
RCA_TEXT_HFB-04754,HFB-04754,rca_text,液压油箱出现中度阀芯卡滞，生命周期风险集中在制造阶段，建议优先追溯 HMAN-00737。,0.648,hydraulic
EVO_TEXT_HFB-04754,HFB-04754,fault_evolution_text,制造阶段风险与运行工况耦合后引起状态劣化，检测指标随严重度同步升高。,0.648,hydraulic
RCA_TEXT_HFB-04755,HFB-04755,rca_text,蓄能器出现轻微流量异常，生命周期风险集中在材料阶段，建议优先追溯 HMAT-00313。,0.6218,hydraulic
EVO_TEXT_HFB-04755,HFB-04755,fault_evolution_text,隐患先导致局部性能退化，随后传感器能量向关联通道集中，最终形成流量异常。,0.6218,hydraulic
RCA_TEXT_HFB-04756,HFB-04756,rca_text,管路总成出现轻微温度异常，生命周期风险集中在制造阶段，建议优先追溯 HMAN-00236。,0.5764,hydraulic
EVO_TEXT_HFB-04756,HFB-04756,fault_evolution_text,制造阶段风险与运行工况耦合后引起状态劣化，检测指标随严重度同步升高。,0.5764,hydraulic
RCA_TEXT_HFB-04757,HFB-04757,rca_text,结合传感器能量和检测记录，管路总成的泄漏异常与运维阶段高风险实体 HOPR-04757 一致。,0.6238,hydraulic
EVO_TEXT_HFB-04757,HFB-04757,fault_evolution_text,隐患先导致局部性能退化，随后传感器能量向关联通道集中，最终形成泄漏异常。,0.6238,hydraulic
RCA_TEXT_HFB-04758,HFB-04758,rca_text,该案例表现为中度压力异常，根因更可能由设计阶段隐患累积触发。,0.6212,hydraulic
EVO_TEXT_HFB-04758,HFB-04758,fault_evolution_text,早期异常较弱，运行载荷放大后出现指标漂移，并逐步演化为中度故障。,0.6212,hydraulic
RCA_TEXT_HFB-04759,HFB-04759,rca_text,结合传感器能量和检测记录，过滤器的泄漏异常与运维阶段高风险实体 HOPR-04759 一致。,0.6064,hydraulic
EVO_TEXT_HFB-04759,HFB-04759,fault_evolution_text,隐患先导致局部性能退化，随后传感器能量向关联通道集中，最终形成泄漏异常。,0.6064,hydraulic
RCA_TEXT_HFB-04760,HFB-04760,rca_text,管路总成出现中度振动异常，生命周期风险集中在检测阶段，建议优先追溯 HINSP-04760。,0.6056,hydraulic
EVO_TEXT_HFB-04760,HFB-04760,fault_evolution_text,早期异常较弱，运行载荷放大后出现指标漂移，并逐步演化为中度故障。,0.6056,hydraulic
RCA_TEXT_HFB-04761,HFB-04761,rca_text,该案例表现为轻微压力异常，根因更可能由运维阶段隐患累积触发。,0.5417,hydraulic
EVO_TEXT_HFB-04761,HFB-04761,fault_evolution_text,运维阶段风险与运行工况耦合后引起状态劣化，检测指标随严重度同步升高。,0.5417,hydraulic
RCA_TEXT_HFB-04762,HFB-04762,rca_text,溢流阀出现中度压力异常，生命周期风险集中在装配阶段，建议优先追溯 HASM-04762。,0.6712,hydraulic
EVO_TEXT_HFB-04762,HFB-04762,fault_evolution_text,隐患先导致局部性能退化，随后传感器能量向关联通道集中，最终形成压力异常。,0.6712,hydraulic
RCA_TEXT_HFB-04763,HFB-04763,rca_text,液压泵总成出现中度泄漏异常，生命周期风险集中在运维阶段，建议优先追溯 HOPR-04763。,0.6055,hydraulic
EVO_TEXT_HFB-04763,HFB-04763,fault_evolution_text,隐患先导致局部性能退化，随后传感器能量向关联通道集中，最终形成泄漏异常。,0.6055,hydraulic
RCA_TEXT_HFB-04764,HFB-04764,rca_text,结合传感器能量和检测记录，作动筒的压力异常与运维阶段高风险实体 HOPR-04764 一致。,0.5584,hydraulic
EVO_TEXT_HFB-04764,HFB-04764,fault_evolution_text,运维阶段风险与运行工况耦合后引起状态劣化，检测指标随严重度同步升高。,0.5584,hydraulic
RCA_TEXT_HFB-04765,HFB-04765,rca_text,结合传感器能量和检测记录，卸荷阀的阀芯卡滞与运维阶段高风险实体 HOPR-04765 一致。,0.5711,hydraulic
EVO_TEXT_HFB-04765,HFB-04765,fault_evolution_text,隐患先导致局部性能退化，随后传感器能量向关联通道集中，最终形成阀芯卡滞。,0.5711,hydraulic
RCA_TEXT_HFB-04766,HFB-04766,rca_text,蓄能器出现轻微振动异常，生命周期风险集中在运维阶段，建议优先追溯 HOPR-04766。,0.6441,hydraulic
EVO_TEXT_HFB-04766,HFB-04766,fault_evolution_text,早期异常较弱，运行载荷放大后出现指标漂移，并逐步演化为轻微故障。,0.6441,hydraulic
RCA_TEXT_HFB-04767,HFB-04767,rca_text,结合传感器能量和检测记录，溢流阀的压力异常与设计阶段高风险实体 HDES-00631 一致。,0.6038,hydraulic
EVO_TEXT_HFB-04767,HFB-04767,fault_evolution_text,隐患先导致局部性能退化，随后传感器能量向关联通道集中，最终形成压力异常。,0.6038,hydraulic
RCA_TEXT_HFB-04768,HFB-04768,rca_text,过滤器出现轻微温度异常，生命周期风险集中在检测阶段，建议优先追溯 HINSP-04768。,0.6078,hydraulic
EVO_TEXT_HFB-04768,HFB-04768,fault_evolution_text,隐患先导致局部性能退化，随后传感器能量向关联通道集中，最终形成温度异常。,0.6078,hydraulic
RCA_TEXT_HFB-04769,HFB-04769,rca_text,该案例表现为轻微流量异常，根因更可能由设计阶段隐患累积触发。,0.6254,hydraulic
EVO_TEXT_HFB-04769,HFB-04769,fault_evolution_text,隐患先导致局部性能退化，随后传感器能量向关联通道集中，最终形成流量异常。,0.6254,hydraulic
RCA_TEXT_HFB-04770,HFB-04770,rca_text,该案例表现为轻微阀芯卡滞，根因更可能由装配阶段隐患累积触发。,0.6473,hydraulic
EVO_TEXT_HFB-04770,HFB-04770,fault_evolution_text,隐患先导致局部性能退化，随后传感器能量向关联通道集中，最终形成阀芯卡滞。,0.6473,hydraulic
RCA_TEXT_HFB-04771,HFB-04771,rca_text,该案例表现为中度压力异常，根因更可能由运维阶段隐患累积触发。,0.6684,hydraulic
EVO_TEXT_HFB-04771,HFB-04771,fault_evolution_text,运维阶段风险与运行工况耦合后引起状态劣化，检测指标随严重度同步升高。,0.6684,hydraulic
RCA_TEXT_HFB-04772,HFB-04772,rca_text,该案例表现为中度压力异常，根因更可能由设计阶段隐患累积触发。,0.6292,hydraulic
EVO_TEXT_HFB-04772,HFB-04772,fault_evolution_text,隐患先导致局部性能退化，随后传感器能量向关联通道集中，最终形成压力异常。,0.6292,hydraulic
RCA_TEXT_HFB-04773,HFB-04773,rca_text,该案例表现为中度流量异常，根因更可能由装配阶段隐患累积触发。,0.6615,hydraulic
EVO_TEXT_HFB-04773,HFB-04773,fault_evolution_text,隐患先导致局部性能退化，随后传感器能量向关联通道集中，最终形成流量异常。,0.6615,hydraulic
RCA_TEXT_HFB-04774,HFB-04774,rca_text,结合传感器能量和检测记录，管路总成的振动异常与运维阶段高风险实体 HOPR-04774 一致。,0.6197,hydraulic
EVO_TEXT_HFB-04774,HFB-04774,fault_evolution_text,早期异常较弱，运行载荷放大后出现指标漂移，并逐步演化为中度故障。,0.6197,hydraulic
RCA_TEXT_HFB-04775,HFB-04775,rca_text,单向阀出现轻微压力异常，生命周期风险集中在运维阶段，建议优先追溯 HOPR-04775。,0.5804,hydraulic
EVO_TEXT_HFB-04775,HFB-04775,fault_evolution_text,早期异常较弱，运行载荷放大后出现指标漂移，并逐步演化为轻微故障。,0.5804,hydraulic
RCA_TEXT_HFB-04776,HFB-04776,rca_text,该案例表现为中度振动异常，根因更可能由装配阶段隐患累积触发。,0.639,hydraulic
EVO_TEXT_HFB-04776,HFB-04776,fault_evolution_text,装配阶段风险与运行工况耦合后引起状态劣化，检测指标随严重度同步升高。,0.639,hydraulic
RCA_TEXT_HFB-04777,HFB-04777,rca_text,蓄能器出现轻微振动异常，生命周期风险集中在运维阶段，建议优先追溯 HOPR-04777。,0.6012,hydraulic
EVO_TEXT_HFB-04777,HFB-04777,fault_evolution_text,隐患先导致局部性能退化，随后传感器能量向关联通道集中，最终形成振动异常。,0.6012,hydraulic
RCA_TEXT_HFB-04778,HFB-04778,rca_text,该案例表现为轻微流量异常，根因更可能由运维阶段隐患累积触发。,0.5773,hydraulic
EVO_TEXT_HFB-04778,HFB-04778,fault_evolution_text,隐患先导致局部性能退化，随后传感器能量向关联通道集中，最终形成流量异常。,0.5773,hydraulic
RCA_TEXT_HFB-04779,HFB-04779,rca_text,该案例表现为轻微流量异常，根因更可能由装配阶段隐患累积触发。,0.5793,hydraulic
EVO_TEXT_HFB-04779,HFB-04779,fault_evolution_text,装配阶段风险与运行工况耦合后引起状态劣化，检测指标随严重度同步升高。,0.5793,hydraulic
RCA_TEXT_HFB-04780,HFB-04780,rca_text,液压油箱出现轻微流量异常，生命周期风险集中在制造阶段，建议优先追溯 HMAN-01072。,0.6111,hydraulic
EVO_TEXT_HFB-04780,HFB-04780,fault_evolution_text,制造阶段风险与运行工况耦合后引起状态劣化，检测指标随严重度同步升高。,0.6111,hydraulic
RCA_TEXT_HFB-04781,HFB-04781,rca_text,结合传感器能量和检测记录，蓄能器的阀芯卡滞与装配阶段高风险实体 HASM-04781 一致。,0.5787,hydraulic
EVO_TEXT_HFB-04781,HFB-04781,fault_evolution_text,装配阶段风险与运行工况耦合后引起状态劣化，检测指标随严重度同步升高。,0.5787,hydraulic
RCA_TEXT_HFB-04782,HFB-04782,rca_text,该案例表现为轻微温度异常，根因更可能由材料阶段隐患累积触发。,0.5944,hydraulic
EVO_TEXT_HFB-04782,HFB-04782,fault_evolution_text,早期异常较弱，运行载荷放大后出现指标漂移，并逐步演化为轻微故障。,0.5944,hydraulic
RCA_TEXT_HFB-04783,HFB-04783,rca_text,该案例表现为轻微阀芯卡滞，根因更可能由运维阶段隐患累积触发。,0.6013,hydraulic
EVO_TEXT_HFB-04783,HFB-04783,fault_evolution_text,早期异常较弱，运行载荷放大后出现指标漂移，并逐步演化为轻微故障。,0.6013,hydraulic
RCA_TEXT_HFB-04784,HFB-04784,rca_text,管路总成出现轻微泄漏异常，生命周期风险集中在材料阶段，建议优先追溯 HMAT-00515。,0.5711,hydraulic
EVO_TEXT_HFB-04784,HFB-04784,fault_evolution_text,早期异常较弱，运行载荷放大后出现指标漂移，并逐步演化为轻微故障。,0.5711,hydraulic
RCA_TEXT_HFB-04785,HFB-04785,rca_text,结合传感器能量和检测记录，单向阀的阀芯卡滞与设计阶段高风险实体 HDES-00743 一致。,0.6109,hydraulic
EVO_TEXT_HFB-04785,HFB-04785,fault_evolution_text,早期异常较弱，运行载荷放大后出现指标漂移，并逐步演化为轻微故障。,0.6109,hydraulic
RCA_TEXT_HFB-04786,HFB-04786,rca_text,结合传感器能量和检测记录，管路总成的振动异常与设计阶段高风险实体 HPIP-00816 一致。,0.5902,hydraulic
EVO_TEXT_HFB-04786,HFB-04786,fault_evolution_text,早期异常较弱，运行载荷放大后出现指标漂移，并逐步演化为中度故障。,0.5902,hydraulic
RCA_TEXT_HFB-04787,HFB-04787,rca_text,该案例表现为中度阀芯卡滞，根因更可能由制造阶段隐患累积触发。,0.6175,hydraulic
EVO_TEXT_HFB-04787,HFB-04787,fault_evolution_text,早期异常较弱，运行载荷放大后出现指标漂移，并逐步演化为中度故障。,0.6175,hydraulic
RCA_TEXT_HFB-04788,HFB-04788,rca_text,过滤器出现轻微振动异常，生命周期风险集中在制造阶段，建议优先追溯 HMAN-00131。,0.5902,hydraulic
EVO_TEXT_HFB-04788,HFB-04788,fault_evolution_text,制造阶段风险与运行工况耦合后引起状态劣化，检测指标随严重度同步升高。,0.5902,hydraulic
RCA_TEXT_HFB-04789,HFB-04789,rca_text,结合传感器能量和检测记录，蓄能器的泄漏异常与运维阶段高风险实体 HOPR-04789 一致。,0.6148,hydraulic
EVO_TEXT_HFB-04789,HFB-04789,fault_evolution_text,隐患先导致局部性能退化，随后传感器能量向关联通道集中，最终形成泄漏异常。,0.6148,hydraulic
RCA_TEXT_HFB-04790,HFB-04790,rca_text,结合传感器能量和检测记录，管路总成的阀芯卡滞与材料阶段高风险实体 HMAT-00557 一致。,0.6102,hydraulic
EVO_TEXT_HFB-04790,HFB-04790,fault_evolution_text,早期异常较弱，运行载荷放大后出现指标漂移，并逐步演化为轻微故障。,0.6102,hydraulic
RCA_TEXT_HFB-04791,HFB-04791,rca_text,该案例表现为中度泄漏异常，根因更可能由设计阶段隐患累积触发。,0.6394,hydraulic
EVO_TEXT_HFB-04791,HFB-04791,fault_evolution_text,设计阶段风险与运行工况耦合后引起状态劣化，检测指标随严重度同步升高。,0.6394,hydraulic
RCA_TEXT_HFB-04792,HFB-04792,rca_text,该案例表现为轻微振动异常，根因更可能由装配阶段隐患累积触发。,0.6413,hydraulic
EVO_TEXT_HFB-04792,HFB-04792,fault_evolution_text,装配阶段风险与运行工况耦合后引起状态劣化，检测指标随严重度同步升高。,0.6413,hydraulic
RCA_TEXT_HFB-04793,HFB-04793,rca_text,结合传感器能量和检测记录，管路总成的压力异常与制造阶段高风险实体 HMAN-00063 一致。,0.5683,hydraulic
EVO_TEXT_HFB-04793,HFB-04793,fault_evolution_text,早期异常较弱，运行载荷放大后出现指标漂移，并逐步演化为轻微故障。,0.5683,hydraulic
RCA_TEXT_HFB-04794,HFB-04794,rca_text,管路总成出现中度流量异常，生命周期风险集中在制造阶段，建议优先追溯 HMAN-00892。,0.6588,hydraulic
EVO_TEXT_HFB-04794,HFB-04794,fault_evolution_text,制造阶段风险与运行工况耦合后引起状态劣化，检测指标随严重度同步升高。,0.6588,hydraulic
RCA_TEXT_HFB-04795,HFB-04795,rca_text,该案例表现为轻微压力异常，根因更可能由运维阶段隐患累积触发。,0.5253,hydraulic
EVO_TEXT_HFB-04795,HFB-04795,fault_evolution_text,隐患先导致局部性能退化，随后传感器能量向关联通道集中，最终形成压力异常。,0.5253,hydraulic
RCA_TEXT_HFB-04796,HFB-04796,rca_text,该案例表现为中度流量异常，根因更可能由运维阶段隐患累积触发。,0.5798,hydraulic
EVO_TEXT_HFB-04796,HFB-04796,fault_evolution_text,运维阶段风险与运行工况耦合后引起状态劣化，检测指标随严重度同步升高。,0.5798,hydraulic
RCA_TEXT_HFB-04797,HFB-04797,rca_text,蓄能器出现中度流量异常，生命周期风险集中在装配阶段，建议优先追溯 HASM-04797。,0.6066,hydraulic
EVO_TEXT_HFB-04797,HFB-04797,fault_evolution_text,隐患先导致局部性能退化，随后传感器能量向关联通道集中，最终形成流量异常。,0.6066,hydraulic
RCA_TEXT_HFB-04798,HFB-04798,rca_text,液压油箱出现轻微流量异常，生命周期风险集中在制造阶段，建议优先追溯 HMAN-00049。,0.5927,hydraulic
EVO_TEXT_HFB-04798,HFB-04798,fault_evolution_text,隐患先导致局部性能退化，随后传感器能量向关联通道集中，最终形成流量异常。,0.5927,hydraulic
RCA_TEXT_HFB-04799,HFB-04799,rca_text,结合传感器能量和检测记录，过滤器的温度异常与制造阶段高风险实体 HMAN-00365 一致。,0.6081,hydraulic
EVO_TEXT_HFB-04799,HFB-04799,fault_evolution_text,隐患先导致局部性能退化，随后传感器能量向关联通道集中，最终形成温度异常。,0.6081,hydraulic
RCA_TEXT_HFB-04800,HFB-04800,rca_text,结合传感器能量和检测记录，管路总成的振动异常与材料阶段高风险实体 HMAT-00455 一致。,0.6496,hydraulic
EVO_TEXT_HFB-04800,HFB-04800,fault_evolution_text,材料阶段风险与运行工况耦合后引起状态劣化，检测指标随严重度同步升高。,0.6496,hydraulic
RCA_TEXT_HFB-04801,HFB-04801,rca_text,管路总成出现中度振动异常，生命周期风险集中在制造阶段，建议优先追溯 HMAN-01015。,0.5741,hydraulic
EVO_TEXT_HFB-04801,HFB-04801,fault_evolution_text,早期异常较弱，运行载荷放大后出现指标漂移，并逐步演化为中度故障。,0.5741,hydraulic
RCA_TEXT_HFB-04802,HFB-04802,rca_text,液压泵总成出现轻微压力异常，生命周期风险集中在设计阶段，建议优先追溯 HDES-00431。,0.6096,hydraulic
EVO_TEXT_HFB-04802,HFB-04802,fault_evolution_text,隐患先导致局部性能退化，随后传感器能量向关联通道集中，最终形成压力异常。,0.6096,hydraulic
RCA_TEXT_HFB-04803,HFB-04803,rca_text,结合传感器能量和检测记录，方向控制阀的压力异常与制造阶段高风险实体 HMAN-00853 一致。,0.5901,hydraulic
EVO_TEXT_HFB-04803,HFB-04803,fault_evolution_text,隐患先导致局部性能退化，随后传感器能量向关联通道集中，最终形成压力异常。,0.5901,hydraulic
RCA_TEXT_HFB-04804,HFB-04804,rca_text,液压泵总成出现中度压力异常，生命周期风险集中在制造阶段，建议优先追溯 HMAN-00519。,0.5927,hydraulic
EVO_TEXT_HFB-04804,HFB-04804,fault_evolution_text,早期异常较弱，运行载荷放大后出现指标漂移，并逐步演化为中度故障。,0.5927,hydraulic
RCA_TEXT_HFB-04805,HFB-04805,rca_text,管路总成出现中度振动异常，生命周期风险集中在装配阶段，建议优先追溯 HASM-04805。,0.6706,hydraulic
EVO_TEXT_HFB-04805,HFB-04805,fault_evolution_text,隐患先导致局部性能退化，随后传感器能量向关联通道集中，最终形成振动异常。,0.6706,hydraulic
RCA_TEXT_HFB-04806,HFB-04806,rca_text,结合传感器能量和检测记录，液压泵总成的振动异常与制造阶段高风险实体 HMAN-01026 一致。,0.6492,hydraulic
EVO_TEXT_HFB-04806,HFB-04806,fault_evolution_text,制造阶段风险与运行工况耦合后引起状态劣化，检测指标随严重度同步升高。,0.6492,hydraulic
RCA_TEXT_HFB-04807,HFB-04807,rca_text,单向阀出现中度阀芯卡滞，生命周期风险集中在材料阶段，建议优先追溯 HMAT-00416。,0.6155,hydraulic
EVO_TEXT_HFB-04807,HFB-04807,fault_evolution_text,早期异常较弱，运行载荷放大后出现指标漂移，并逐步演化为中度故障。,0.6155,hydraulic
RCA_TEXT_HFB-04808,HFB-04808,rca_text,方向控制阀出现轻微阀芯卡滞，生命周期风险集中在制造阶段，建议优先追溯 HMAN-00186。,0.6417,hydraulic
EVO_TEXT_HFB-04808,HFB-04808,fault_evolution_text,制造阶段风险与运行工况耦合后引起状态劣化，检测指标随严重度同步升高。,0.6417,hydraulic
RCA_TEXT_HFB-04809,HFB-04809,rca_text,该案例表现为中度阀芯卡滞，根因更可能由运维阶段隐患累积触发。,0.5905,hydraulic
EVO_TEXT_HFB-04809,HFB-04809,fault_evolution_text,隐患先导致局部性能退化，随后传感器能量向关联通道集中，最终形成阀芯卡滞。,0.5905,hydraulic
RCA_TEXT_HFB-04810,HFB-04810,rca_text,结合传感器能量和检测记录，溢流阀的温度异常与运维阶段高风险实体 HOPR-04810 一致。,0.5735,hydraulic
EVO_TEXT_HFB-04810,HFB-04810,fault_evolution_text,隐患先导致局部性能退化，随后传感器能量向关联通道集中，最终形成温度异常。,0.5735,hydraulic
RCA_TEXT_HFB-04811,HFB-04811,rca_text,该案例表现为轻微压力异常，根因更可能由制造阶段隐患累积触发。,0.5535,hydraulic
EVO_TEXT_HFB-04811,HFB-04811,fault_evolution_text,制造阶段风险与运行工况耦合后引起状态劣化，检测指标随严重度同步升高。,0.5535,hydraulic
RCA_TEXT_HFB-04812,HFB-04812,rca_text,溢流阀出现轻微阀芯卡滞，生命周期风险集中在制造阶段，建议优先追溯 HMAN-00592。,0.6412,hydraulic
EVO_TEXT_HFB-04812,HFB-04812,fault_evolution_text,制造阶段风险与运行工况耦合后引起状态劣化，检测指标随严重度同步升高。,0.6412,hydraulic
RCA_TEXT_HFB-04813,HFB-04813,rca_text,该案例表现为中度阀芯卡滞，根因更可能由制造阶段隐患累积触发。,0.6476,hydraulic
EVO_TEXT_HFB-04813,HFB-04813,fault_evolution_text,隐患先导致局部性能退化，随后传感器能量向关联通道集中，最终形成阀芯卡滞。,0.6476,hydraulic
RCA_TEXT_HFB-04814,HFB-04814,rca_text,作动筒出现中度振动异常，生命周期风险集中在设计阶段，建议优先追溯 HDES-00326。,0.5986,hydraulic
EVO_TEXT_HFB-04814,HFB-04814,fault_evolution_text,早期异常较弱，运行载荷放大后出现指标漂移，并逐步演化为中度故障。,0.5986,hydraulic
RCA_TEXT_HFB-04815,HFB-04815,rca_text,方向控制阀出现轻微阀芯卡滞，生命周期风险集中在材料阶段，建议优先追溯 HMAT-00206。,0.619,hydraulic
EVO_TEXT_HFB-04815,HFB-04815,fault_evolution_text,隐患先导致局部性能退化，随后传感器能量向关联通道集中，最终形成阀芯卡滞。,0.619,hydraulic
RCA_TEXT_HFB-04816,HFB-04816,rca_text,该案例表现为轻微振动异常，根因更可能由制造阶段隐患累积触发。,0.4472,hydraulic
EVO_TEXT_HFB-04816,HFB-04816,fault_evolution_text,早期异常较弱，运行载荷放大后出现指标漂移，并逐步演化为轻微故障。,0.4472,hydraulic
RCA_TEXT_HFB-04817,HFB-04817,rca_text,单向阀出现轻微流量异常，生命周期风险集中在运维阶段，建议优先追溯 HOPR-04817。,0.6375,hydraulic
EVO_TEXT_HFB-04817,HFB-04817,fault_evolution_text,运维阶段风险与运行工况耦合后引起状态劣化，检测指标随严重度同步升高。,0.6375,hydraulic
RCA_TEXT_HFB-04818,HFB-04818,rca_text,蓄能器出现轻微压力异常，生命周期风险集中在运维阶段，建议优先追溯 HOPR-04818。,0.6498,hydraulic
EVO_TEXT_HFB-04818,HFB-04818,fault_evolution_text,早期异常较弱，运行载荷放大后出现指标漂移，并逐步演化为轻微故障。,0.6498,hydraulic
RCA_TEXT_HFB-04819,HFB-04819,rca_text,结合传感器能量和检测记录，管路总成的泄漏异常与制造阶段高风险实体 HMAN-00719 一致。,0.6088,hydraulic
EVO_TEXT_HFB-04819,HFB-04819,fault_evolution_text,早期异常较弱，运行载荷放大后出现指标漂移，并逐步演化为中度故障。,0.6088,hydraulic
RCA_TEXT_HFB-04820,HFB-04820,rca_text,卸荷阀出现中度阀芯卡滞，生命周期风险集中在运维阶段，建议优先追溯 HOPR-04820。,0.5801,hydraulic
EVO_TEXT_HFB-04820,HFB-04820,fault_evolution_text,运维阶段风险与运行工况耦合后引起状态劣化，检测指标随严重度同步升高。,0.5801,hydraulic
RCA_TEXT_HFB-04821,HFB-04821,rca_text,过滤器出现中度流量异常，生命周期风险集中在装配阶段，建议优先追溯 HASM-04821。,0.585,hydraulic
EVO_TEXT_HFB-04821,HFB-04821,fault_evolution_text,隐患先导致局部性能退化，随后传感器能量向关联通道集中，最终形成流量异常。,0.585,hydraulic
RCA_TEXT_HFB-04822,HFB-04822,rca_text,结合传感器能量和检测记录，过滤器的流量异常与运维阶段高风险实体 HOPR-04822 一致。,0.6103,hydraulic
EVO_TEXT_HFB-04822,HFB-04822,fault_evolution_text,早期异常较弱，运行载荷放大后出现指标漂移，并逐步演化为中度故障。,0.6103,hydraulic
RCA_TEXT_HFB-04823,HFB-04823,rca_text,该案例表现为轻微压力异常，根因更可能由制造阶段隐患累积触发。,0.5456,hydraulic
EVO_TEXT_HFB-04823,HFB-04823,fault_evolution_text,隐患先导致局部性能退化，随后传感器能量向关联通道集中，最终形成压力异常。,0.5456,hydraulic
RCA_TEXT_HFB-04824,HFB-04824,rca_text,该案例表现为中度泄漏异常，根因更可能由运维阶段隐患累积触发。,0.5863,hydraulic
EVO_TEXT_HFB-04824,HFB-04824,fault_evolution_text,运维阶段风险与运行工况耦合后引起状态劣化，检测指标随严重度同步升高。,0.5863,hydraulic
RCA_TEXT_HFB-04825,HFB-04825,rca_text,卸荷阀出现中度压力异常，生命周期风险集中在运维阶段，建议优先追溯 HOPR-04825。,0.5733,hydraulic
EVO_TEXT_HFB-04825,HFB-04825,fault_evolution_text,运维阶段风险与运行工况耦合后引起状态劣化，检测指标随严重度同步升高。,0.5733,hydraulic
RCA_TEXT_HFB-04826,HFB-04826,rca_text,结合传感器能量和检测记录，蓄能器的振动异常与材料阶段高风险实体 HMAT-00159 一致。,0.6043,hydraulic
EVO_TEXT_HFB-04826,HFB-04826,fault_evolution_text,隐患先导致局部性能退化，随后传感器能量向关联通道集中，最终形成振动异常。,0.6043,hydraulic
RCA_TEXT_HFB-04827,HFB-04827,rca_text,结合传感器能量和检测记录，单向阀的阀芯卡滞与设计阶段高风险实体 HDES-00167 一致。,0.666,hydraulic
EVO_TEXT_HFB-04827,HFB-04827,fault_evolution_text,早期异常较弱，运行载荷放大后出现指标漂移，并逐步演化为中度故障。,0.666,hydraulic
RCA_TEXT_HFB-04828,HFB-04828,rca_text,结合传感器能量和检测记录，单向阀的阀芯卡滞与运维阶段高风险实体 HOPR-04828 一致。,0.6136,hydraulic
EVO_TEXT_HFB-04828,HFB-04828,fault_evolution_text,运维阶段风险与运行工况耦合后引起状态劣化，检测指标随严重度同步升高。,0.6136,hydraulic
RCA_TEXT_HFB-04829,HFB-04829,rca_text,该案例表现为轻微压力异常，根因更可能由运维阶段隐患累积触发。,0.613,hydraulic
EVO_TEXT_HFB-04829,HFB-04829,fault_evolution_text,运维阶段风险与运行工况耦合后引起状态劣化，检测指标随严重度同步升高。,0.613,hydraulic
RCA_TEXT_HFB-04830,HFB-04830,rca_text,溢流阀出现轻微阀芯卡滞，生命周期风险集中在材料阶段，建议优先追溯 HMAT-00155。,0.5819,hydraulic
EVO_TEXT_HFB-04830,HFB-04830,fault_evolution_text,早期异常较弱，运行载荷放大后出现指标漂移，并逐步演化为轻微故障。,0.5819,hydraulic
RCA_TEXT_HFB-04831,HFB-04831,rca_text,该案例表现为轻微流量异常，根因更可能由制造阶段隐患累积触发。,0.5442,hydraulic
EVO_TEXT_HFB-04831,HFB-04831,fault_evolution_text,早期异常较弱，运行载荷放大后出现指标漂移，并逐步演化为轻微故障。,0.5442,hydraulic
RCA_TEXT_HFB-04832,HFB-04832,rca_text,液压油箱出现轻微流量异常，生命周期风险集中在制造阶段，建议优先追溯 HMAN-00533。,0.6468,hydraulic
EVO_TEXT_HFB-04832,HFB-04832,fault_evolution_text,隐患先导致局部性能退化，随后传感器能量向关联通道集中，最终形成流量异常。,0.6468,hydraulic
RCA_TEXT_HFB-04833,HFB-04833,rca_text,该案例表现为中度压力异常，根因更可能由检测阶段隐患累积触发。,0.6096,hydraulic
EVO_TEXT_HFB-04833,HFB-04833,fault_evolution_text,早期异常较弱，运行载荷放大后出现指标漂移，并逐步演化为中度故障。,0.6096,hydraulic
RCA_TEXT_HFB-04834,HFB-04834,rca_text,该案例表现为轻微温度异常，根因更可能由运维阶段隐患累积触发。,0.6305,hydraulic
EVO_TEXT_HFB-04834,HFB-04834,fault_evolution_text,早期异常较弱，运行载荷放大后出现指标漂移，并逐步演化为轻微故障。,0.6305,hydraulic
RCA_TEXT_HFB-04835,HFB-04835,rca_text,结合传感器能量和检测记录，单向阀的阀芯卡滞与检测阶段高风险实体 HINSP-04835 一致。,0.6269,hydraulic
EVO_TEXT_HFB-04835,HFB-04835,fault_evolution_text,检测阶段风险与运行工况耦合后引起状态劣化，检测指标随严重度同步升高。,0.6269,hydraulic
RCA_TEXT_HFB-04836,HFB-04836,rca_text,卸荷阀出现中度泄漏异常，生命周期风险集中在材料阶段，建议优先追溯 HMAT-00437。,0.5818,hydraulic
EVO_TEXT_HFB-04836,HFB-04836,fault_evolution_text,材料阶段风险与运行工况耦合后引起状态劣化，检测指标随严重度同步升高。,0.5818,hydraulic
RCA_TEXT_HFB-04837,HFB-04837,rca_text,该案例表现为轻微泄漏异常，根因更可能由装配阶段隐患累积触发。,0.6085,hydraulic
EVO_TEXT_HFB-04837,HFB-04837,fault_evolution_text,装配阶段风险与运行工况耦合后引起状态劣化，检测指标随严重度同步升高。,0.6085,hydraulic
RCA_TEXT_HFB-04838,HFB-04838,rca_text,结合传感器能量和检测记录，管路总成的振动异常与运维阶段高风险实体 HOPR-04838 一致。,0.6651,hydraulic
EVO_TEXT_HFB-04838,HFB-04838,fault_evolution_text,隐患先导致局部性能退化，随后传感器能量向关联通道集中，最终形成振动异常。,0.6651,hydraulic
RCA_TEXT_HFB-04839,HFB-04839,rca_text,该案例表现为轻微振动异常，根因更可能由设计阶段隐患累积触发。,0.5996,hydraulic
EVO_TEXT_HFB-04839,HFB-04839,fault_evolution_text,隐患先导致局部性能退化，随后传感器能量向关联通道集中，最终形成振动异常。,0.5996,hydraulic
RCA_TEXT_HFB-04840,HFB-04840,rca_text,冷却器出现轻微阀芯卡滞，生命周期风险集中在制造阶段，建议优先追溯 HMAN-00430。,0.614,hydraulic
EVO_TEXT_HFB-04840,HFB-04840,fault_evolution_text,制造阶段风险与运行工况耦合后引起状态劣化，检测指标随严重度同步升高。,0.614,hydraulic
RCA_TEXT_HFB-04841,HFB-04841,rca_text,该案例表现为轻微流量异常，根因更可能由制造阶段隐患累积触发。,0.5889,hydraulic
EVO_TEXT_HFB-04841,HFB-04841,fault_evolution_text,早期异常较弱，运行载荷放大后出现指标漂移，并逐步演化为轻微故障。,0.5889,hydraulic
RCA_TEXT_HFB-04842,HFB-04842,rca_text,溢流阀出现轻微压力异常，生命周期风险集中在装配阶段，建议优先追溯 HASM-04842。,0.6808,hydraulic
EVO_TEXT_HFB-04842,HFB-04842,fault_evolution_text,隐患先导致局部性能退化，随后传感器能量向关联通道集中，最终形成压力异常。,0.6808,hydraulic
RCA_TEXT_HFB-04843,HFB-04843,rca_text,该案例表现为轻微流量异常，根因更可能由运维阶段隐患累积触发。,0.6183,hydraulic
EVO_TEXT_HFB-04843,HFB-04843,fault_evolution_text,隐患先导致局部性能退化，随后传感器能量向关联通道集中，最终形成流量异常。,0.6183,hydraulic
RCA_TEXT_HFB-04844,HFB-04844,rca_text,该案例表现为轻微振动异常，根因更可能由检测阶段隐患累积触发。,0.5721,hydraulic
EVO_TEXT_HFB-04844,HFB-04844,fault_evolution_text,检测阶段风险与运行工况耦合后引起状态劣化，检测指标随严重度同步升高。,0.5721,hydraulic
RCA_TEXT_HFB-04845,HFB-04845,rca_text,管路总成出现中度泄漏异常，生命周期风险集中在装配阶段，建议优先追溯 HASM-04845。,0.665,hydraulic
EVO_TEXT_HFB-04845,HFB-04845,fault_evolution_text,隐患先导致局部性能退化，随后传感器能量向关联通道集中，最终形成泄漏异常。,0.665,hydraulic
RCA_TEXT_HFB-04846,HFB-04846,rca_text,过滤器出现轻微泄漏异常，生命周期风险集中在材料阶段，建议优先追溯 HMAT-00327。,0.5596,hydraulic
EVO_TEXT_HFB-04846,HFB-04846,fault_evolution_text,早期异常较弱，运行载荷放大后出现指标漂移，并逐步演化为轻微故障。,0.5596,hydraulic
RCA_TEXT_HFB-04847,HFB-04847,rca_text,结合传感器能量和检测记录，卸荷阀的压力异常与制造阶段高风险实体 HMAN-00224 一致。,0.5785,hydraulic
EVO_TEXT_HFB-04847,HFB-04847,fault_evolution_text,制造阶段风险与运行工况耦合后引起状态劣化，检测指标随严重度同步升高。,0.5785,hydraulic
RCA_TEXT_HFB-04848,HFB-04848,rca_text,该案例表现为轻微压力异常，根因更可能由运维阶段隐患累积触发。,0.565,hydraulic
EVO_TEXT_HFB-04848,HFB-04848,fault_evolution_text,早期异常较弱，运行载荷放大后出现指标漂移，并逐步演化为轻微故障。,0.565,hydraulic
RCA_TEXT_HFB-04849,HFB-04849,rca_text,该案例表现为轻微温度异常，根因更可能由运维阶段隐患累积触发。,0.6001,hydraulic
EVO_TEXT_HFB-04849,HFB-04849,fault_evolution_text,早期异常较弱，运行载荷放大后出现指标漂移，并逐步演化为轻微故障。,0.6001,hydraulic
RCA_TEXT_HFB-04850,HFB-04850,rca_text,该案例表现为轻微泄漏异常，根因更可能由运维阶段隐患累积触发。,0.5848,hydraulic
EVO_TEXT_HFB-04850,HFB-04850,fault_evolution_text,运维阶段风险与运行工况耦合后引起状态劣化，检测指标随严重度同步升高。,0.5848,hydraulic
RCA_TEXT_HFB-04851,HFB-04851,rca_text,卸荷阀出现轻微泄漏异常，生命周期风险集中在设计阶段，建议优先追溯 HDES-00342。,0.6091,hydraulic
EVO_TEXT_HFB-04851,HFB-04851,fault_evolution_text,设计阶段风险与运行工况耦合后引起状态劣化，检测指标随严重度同步升高。,0.6091,hydraulic
RCA_TEXT_HFB-04852,HFB-04852,rca_text,结合传感器能量和检测记录，方向控制阀的压力异常与设计阶段高风险实体 HDES-00466 一致。,0.6092,hydraulic
EVO_TEXT_HFB-04852,HFB-04852,fault_evolution_text,设计阶段风险与运行工况耦合后引起状态劣化，检测指标随严重度同步升高。,0.6092,hydraulic
RCA_TEXT_HFB-04853,HFB-04853,rca_text,管路总成出现轻微泄漏异常，生命周期风险集中在材料阶段，建议优先追溯 HMAT-00323。,0.5652,hydraulic
EVO_TEXT_HFB-04853,HFB-04853,fault_evolution_text,材料阶段风险与运行工况耦合后引起状态劣化，检测指标随严重度同步升高。,0.5652,hydraulic
RCA_TEXT_HFB-04854,HFB-04854,rca_text,卸荷阀出现轻微流量异常，生命周期风险集中在设计阶段，建议优先追溯 HDES-00302。,0.5063,hydraulic
EVO_TEXT_HFB-04854,HFB-04854,fault_evolution_text,早期异常较弱，运行载荷放大后出现指标漂移，并逐步演化为轻微故障。,0.5063,hydraulic
RCA_TEXT_HFB-04855,HFB-04855,rca_text,结合传感器能量和检测记录，方向控制阀的阀芯卡滞与检测阶段高风险实体 HINSP-04855 一致。,0.6176,hydraulic
EVO_TEXT_HFB-04855,HFB-04855,fault_evolution_text,隐患先导致局部性能退化，随后传感器能量向关联通道集中，最终形成阀芯卡滞。,0.6176,hydraulic
RCA_TEXT_HFB-04856,HFB-04856,rca_text,该案例表现为轻微振动异常，根因更可能由运维阶段隐患累积触发。,0.5331,hydraulic
EVO_TEXT_HFB-04856,HFB-04856,fault_evolution_text,早期异常较弱，运行载荷放大后出现指标漂移，并逐步演化为轻微故障。,0.5331,hydraulic
RCA_TEXT_HFB-04857,HFB-04857,rca_text,结合传感器能量和检测记录，溢流阀的阀芯卡滞与运维阶段高风险实体 HOPR-04857 一致。,0.601,hydraulic
EVO_TEXT_HFB-04857,HFB-04857,fault_evolution_text,运维阶段风险与运行工况耦合后引起状态劣化，检测指标随严重度同步升高。,0.601,hydraulic
RCA_TEXT_HFB-04858,HFB-04858,rca_text,结合传感器能量和检测记录，管路总成的温度异常与运维阶段高风险实体 HOPR-04858 一致。,0.5195,hydraulic
EVO_TEXT_HFB-04858,HFB-04858,fault_evolution_text,运维阶段风险与运行工况耦合后引起状态劣化，检测指标随严重度同步升高。,0.5195,hydraulic
RCA_TEXT_HFB-04859,HFB-04859,rca_text,结合传感器能量和检测记录，节流阀的压力异常与装配阶段高风险实体 HASM-04859 一致。,0.5342,hydraulic
EVO_TEXT_HFB-04859,HFB-04859,fault_evolution_text,早期异常较弱，运行载荷放大后出现指标漂移，并逐步演化为轻微故障。,0.5342,hydraulic
RCA_TEXT_HFB-04860,HFB-04860,rca_text,该案例表现为中度泄漏异常，根因更可能由材料阶段隐患累积触发。,0.6541,hydraulic
EVO_TEXT_HFB-04860,HFB-04860,fault_evolution_text,隐患先导致局部性能退化，随后传感器能量向关联通道集中，最终形成泄漏异常。,0.6541,hydraulic
RCA_TEXT_HFB-04861,HFB-04861,rca_text,管路总成出现中度振动异常，生命周期风险集中在运维阶段，建议优先追溯 HOPR-04861。,0.6039,hydraulic
EVO_TEXT_HFB-04861,HFB-04861,fault_evolution_text,隐患先导致局部性能退化，随后传感器能量向关联通道集中，最终形成振动异常。,0.6039,hydraulic
RCA_TEXT_HFB-04862,HFB-04862,rca_text,卸荷阀出现轻微阀芯卡滞，生命周期风险集中在运维阶段，建议优先追溯 HOPR-04862。,0.5823,hydraulic
EVO_TEXT_HFB-04862,HFB-04862,fault_evolution_text,运维阶段风险与运行工况耦合后引起状态劣化，检测指标随严重度同步升高。,0.5823,hydraulic
RCA_TEXT_HFB-04863,HFB-04863,rca_text,结合传感器能量和检测记录，作动筒的温度异常与运维阶段高风险实体 HOPR-04863 一致。,0.5741,hydraulic
EVO_TEXT_HFB-04863,HFB-04863,fault_evolution_text,运维阶段风险与运行工况耦合后引起状态劣化，检测指标随严重度同步升高。,0.5741,hydraulic
RCA_TEXT_HFB-04864,HFB-04864,rca_text,该案例表现为轻微温度异常，根因更可能由检测阶段隐患累积触发。,0.6051,hydraulic
EVO_TEXT_HFB-04864,HFB-04864,fault_evolution_text,早期异常较弱，运行载荷放大后出现指标漂移，并逐步演化为轻微故障。,0.6051,hydraulic
RCA_TEXT_HFB-04865,HFB-04865,rca_text,结合传感器能量和检测记录，液压泵总成的泄漏异常与运维阶段高风险实体 HOPR-04865 一致。,0.5965,hydraulic
EVO_TEXT_HFB-04865,HFB-04865,fault_evolution_text,早期异常较弱，运行载荷放大后出现指标漂移，并逐步演化为轻微故障。,0.5965,hydraulic
RCA_TEXT_HFB-04866,HFB-04866,rca_text,该案例表现为轻微振动异常，根因更可能由装配阶段隐患累积触发。,0.6469,hydraulic
EVO_TEXT_HFB-04866,HFB-04866,fault_evolution_text,装配阶段风险与运行工况耦合后引起状态劣化，检测指标随严重度同步升高。,0.6469,hydraulic
RCA_TEXT_HFB-04867,HFB-04867,rca_text,该案例表现为轻微阀芯卡滞，根因更可能由材料阶段隐患累积触发。,0.5584,hydraulic
EVO_TEXT_HFB-04867,HFB-04867,fault_evolution_text,隐患先导致局部性能退化，随后传感器能量向关联通道集中，最终形成阀芯卡滞。,0.5584,hydraulic
RCA_TEXT_HFB-04868,HFB-04868,rca_text,作动筒出现中度振动异常，生命周期风险集中在运维阶段，建议优先追溯 HOPR-04868。,0.5817,hydraulic
EVO_TEXT_HFB-04868,HFB-04868,fault_evolution_text,早期异常较弱，运行载荷放大后出现指标漂移，并逐步演化为中度故障。,0.5817,hydraulic
RCA_TEXT_HFB-04869,HFB-04869,rca_text,该案例表现为中度阀芯卡滞，根因更可能由检测阶段隐患累积触发。,0.6006,hydraulic
EVO_TEXT_HFB-04869,HFB-04869,fault_evolution_text,检测阶段风险与运行工况耦合后引起状态劣化，检测指标随严重度同步升高。,0.6006,hydraulic
RCA_TEXT_HFB-04870,HFB-04870,rca_text,结合传感器能量和检测记录，过滤器的流量异常与运维阶段高风险实体 HOPR-04870 一致。,0.6075,hydraulic
EVO_TEXT_HFB-04870,HFB-04870,fault_evolution_text,运维阶段风险与运行工况耦合后引起状态劣化，检测指标随严重度同步升高。,0.6075,hydraulic
RCA_TEXT_HFB-04871,HFB-04871,rca_text,溢流阀出现轻微泄漏异常，生命周期风险集中在检测阶段，建议优先追溯 HINSP-04871。,0.6864,hydraulic
EVO_TEXT_HFB-04871,HFB-04871,fault_evolution_text,早期异常较弱，运行载荷放大后出现指标漂移，并逐步演化为轻微故障。,0.6864,hydraulic
RCA_TEXT_HFB-04872,HFB-04872,rca_text,过滤器出现轻微压力异常，生命周期风险集中在制造阶段，建议优先追溯 HMAN-00490。,0.6235,hydraulic
EVO_TEXT_HFB-04872,HFB-04872,fault_evolution_text,早期异常较弱，运行载荷放大后出现指标漂移，并逐步演化为轻微故障。,0.6235,hydraulic
RCA_TEXT_HFB-04873,HFB-04873,rca_text,该案例表现为轻微泄漏异常，根因更可能由运维阶段隐患累积触发。,0.5494,hydraulic
EVO_TEXT_HFB-04873,HFB-04873,fault_evolution_text,隐患先导致局部性能退化，随后传感器能量向关联通道集中，最终形成泄漏异常。,0.5494,hydraulic
RCA_TEXT_HFB-04874,HFB-04874,rca_text,结合传感器能量和检测记录，卸荷阀的阀芯卡滞与运维阶段高风险实体 HOPR-04874 一致。,0.6386,hydraulic
EVO_TEXT_HFB-04874,HFB-04874,fault_evolution_text,早期异常较弱，运行载荷放大后出现指标漂移，并逐步演化为中度故障。,0.6386,hydraulic
RCA_TEXT_HFB-04875,HFB-04875,rca_text,冷却器出现轻微温度异常，生命周期风险集中在装配阶段，建议优先追溯 HASM-04875。,0.6142,hydraulic
EVO_TEXT_HFB-04875,HFB-04875,fault_evolution_text,装配阶段风险与运行工况耦合后引起状态劣化，检测指标随严重度同步升高。,0.6142,hydraulic
RCA_TEXT_HFB-04876,HFB-04876,rca_text,该案例表现为轻微振动异常，根因更可能由运维阶段隐患累积触发。,0.5476,hydraulic
EVO_TEXT_HFB-04876,HFB-04876,fault_evolution_text,运维阶段风险与运行工况耦合后引起状态劣化，检测指标随严重度同步升高。,0.5476,hydraulic
RCA_TEXT_HFB-04877,HFB-04877,rca_text,该案例表现为轻微泄漏异常，根因更可能由运维阶段隐患累积触发。,0.6689,hydraulic
EVO_TEXT_HFB-04877,HFB-04877,fault_evolution_text,运维阶段风险与运行工况耦合后引起状态劣化，检测指标随严重度同步升高。,0.6689,hydraulic
RCA_TEXT_HFB-04878,HFB-04878,rca_text,管路总成出现中度压力异常，生命周期风险集中在制造阶段，建议优先追溯 HMAN-00132。,0.6493,hydraulic
EVO_TEXT_HFB-04878,HFB-04878,fault_evolution_text,隐患先导致局部性能退化，随后传感器能量向关联通道集中，最终形成压力异常。,0.6493,hydraulic
RCA_TEXT_HFB-04879,HFB-04879,rca_text,结合传感器能量和检测记录，液压油箱的流量异常与制造阶段高风险实体 HMAN-01110 一致。,0.6266,hydraulic
EVO_TEXT_HFB-04879,HFB-04879,fault_evolution_text,制造阶段风险与运行工况耦合后引起状态劣化，检测指标随严重度同步升高。,0.6266,hydraulic
RCA_TEXT_HFB-04880,HFB-04880,rca_text,该案例表现为中度温度异常，根因更可能由设计阶段隐患累积触发。,0.5547,hydraulic
EVO_TEXT_HFB-04880,HFB-04880,fault_evolution_text,设计阶段风险与运行工况耦合后引起状态劣化，检测指标随严重度同步升高。,0.5547,hydraulic
RCA_TEXT_HFB-04881,HFB-04881,rca_text,过滤器出现轻微振动异常，生命周期风险集中在运维阶段，建议优先追溯 HOPR-04881。,0.6635,hydraulic
EVO_TEXT_HFB-04881,HFB-04881,fault_evolution_text,早期异常较弱，运行载荷放大后出现指标漂移，并逐步演化为轻微故障。,0.6635,hydraulic
RCA_TEXT_HFB-04882,HFB-04882,rca_text,结合传感器能量和检测记录，卸荷阀的泄漏异常与运维阶段高风险实体 HOPR-04882 一致。,0.6359,hydraulic
EVO_TEXT_HFB-04882,HFB-04882,fault_evolution_text,隐患先导致局部性能退化，随后传感器能量向关联通道集中，最终形成泄漏异常。,0.6359,hydraulic
RCA_TEXT_HFB-04883,HFB-04883,rca_text,蓄能器出现轻微振动异常，生命周期风险集中在运维阶段，建议优先追溯 HOPR-04883。,0.5377,hydraulic
EVO_TEXT_HFB-04883,HFB-04883,fault_evolution_text,运维阶段风险与运行工况耦合后引起状态劣化，检测指标随严重度同步升高。,0.5377,hydraulic
RCA_TEXT_HFB-04884,HFB-04884,rca_text,液压油箱出现中度流量异常，生命周期风险集中在材料阶段，建议优先追溯 HMAT-00563。,0.6075,hydraulic
EVO_TEXT_HFB-04884,HFB-04884,fault_evolution_text,材料阶段风险与运行工况耦合后引起状态劣化，检测指标随严重度同步升高。,0.6075,hydraulic
RCA_TEXT_HFB-04885,HFB-04885,rca_text,结合传感器能量和检测记录，液压油箱的流量异常与运维阶段高风险实体 HOPR-04885 一致。,0.5766,hydraulic
EVO_TEXT_HFB-04885,HFB-04885,fault_evolution_text,早期异常较弱，运行载荷放大后出现指标漂移，并逐步演化为轻微故障。,0.5766,hydraulic
RCA_TEXT_HFB-04886,HFB-04886,rca_text,结合传感器能量和检测记录，作动筒的流量异常与装配阶段高风险实体 HASM-04886 一致。,0.5718,hydraulic
EVO_TEXT_HFB-04886,HFB-04886,fault_evolution_text,隐患先导致局部性能退化，随后传感器能量向关联通道集中，最终形成流量异常。,0.5718,hydraulic
RCA_TEXT_HFB-04887,HFB-04887,rca_text,管路总成出现中度振动异常，生命周期风险集中在装配阶段，建议优先追溯 HASM-04887。,0.6554,hydraulic
EVO_TEXT_HFB-04887,HFB-04887,fault_evolution_text,装配阶段风险与运行工况耦合后引起状态劣化，检测指标随严重度同步升高。,0.6554,hydraulic
RCA_TEXT_HFB-04888,HFB-04888,rca_text,结合传感器能量和检测记录，管路总成的流量异常与运维阶段高风险实体 HOPR-04888 一致。,0.6095,hydraulic
EVO_TEXT_HFB-04888,HFB-04888,fault_evolution_text,运维阶段风险与运行工况耦合后引起状态劣化，检测指标随严重度同步升高。,0.6095,hydraulic
RCA_TEXT_HFB-04889,HFB-04889,rca_text,结合传感器能量和检测记录，节流阀的流量异常与装配阶段高风险实体 HASM-04889 一致。,0.6278,hydraulic
EVO_TEXT_HFB-04889,HFB-04889,fault_evolution_text,早期异常较弱，运行载荷放大后出现指标漂移，并逐步演化为轻微故障。,0.6278,hydraulic
RCA_TEXT_HFB-04890,HFB-04890,rca_text,该案例表现为轻微温度异常，根因更可能由制造阶段隐患累积触发。,0.5149,hydraulic
EVO_TEXT_HFB-04890,HFB-04890,fault_evolution_text,隐患先导致局部性能退化，随后传感器能量向关联通道集中，最终形成温度异常。,0.5149,hydraulic
RCA_TEXT_HFB-04891,HFB-04891,rca_text,结合传感器能量和检测记录，蓄能器的阀芯卡滞与制造阶段高风险实体 HMAN-00091 一致。,0.5966,hydraulic
EVO_TEXT_HFB-04891,HFB-04891,fault_evolution_text,早期异常较弱，运行载荷放大后出现指标漂移，并逐步演化为轻微故障。,0.5966,hydraulic
RCA_TEXT_HFB-04892,HFB-04892,rca_text,蓄能器出现轻微阀芯卡滞，生命周期风险集中在运维阶段，建议优先追溯 HOPR-04892。,0.5758,hydraulic
EVO_TEXT_HFB-04892,HFB-04892,fault_evolution_text,运维阶段风险与运行工况耦合后引起状态劣化，检测指标随严重度同步升高。,0.5758,hydraulic
RCA_TEXT_HFB-04893,HFB-04893,rca_text,冷却器出现中度泄漏异常，生命周期风险集中在运维阶段，建议优先追溯 HOPR-04893。,0.622,hydraulic
EVO_TEXT_HFB-04893,HFB-04893,fault_evolution_text,早期异常较弱，运行载荷放大后出现指标漂移，并逐步演化为中度故障。,0.622,hydraulic
RCA_TEXT_HFB-04894,HFB-04894,rca_text,冷却器出现轻微压力异常，生命周期风险集中在制造阶段，建议优先追溯 HMAN-00951。,0.5534,hydraulic
EVO_TEXT_HFB-04894,HFB-04894,fault_evolution_text,早期异常较弱，运行载荷放大后出现指标漂移，并逐步演化为轻微故障。,0.5534,hydraulic
RCA_TEXT_HFB-04895,HFB-04895,rca_text,该案例表现为轻微压力异常，根因更可能由材料阶段隐患累积触发。,0.6163,hydraulic
EVO_TEXT_HFB-04895,HFB-04895,fault_evolution_text,早期异常较弱，运行载荷放大后出现指标漂移，并逐步演化为轻微故障。,0.6163,hydraulic
RCA_TEXT_HFB-04896,HFB-04896,rca_text,作动筒出现轻微振动异常，生命周期风险集中在材料阶段，建议优先追溯 HMAT-00439。,0.6334,hydraulic
EVO_TEXT_HFB-04896,HFB-04896,fault_evolution_text,材料阶段风险与运行工况耦合后引起状态劣化，检测指标随严重度同步升高。,0.6334,hydraulic
RCA_TEXT_HFB-04897,HFB-04897,rca_text,作动筒出现轻微流量异常，生命周期风险集中在运维阶段，建议优先追溯 HOPR-04897。,0.5502,hydraulic
EVO_TEXT_HFB-04897,HFB-04897,fault_evolution_text,运维阶段风险与运行工况耦合后引起状态劣化，检测指标随严重度同步升高。,0.5502,hydraulic
RCA_TEXT_HFB-04898,HFB-04898,rca_text,该案例表现为轻微流量异常，根因更可能由运维阶段隐患累积触发。,0.4897,hydraulic
EVO_TEXT_HFB-04898,HFB-04898,fault_evolution_text,运维阶段风险与运行工况耦合后引起状态劣化，检测指标随严重度同步升高。,0.4897,hydraulic
RCA_TEXT_HFB-04899,HFB-04899,rca_text,过滤器出现轻微泄漏异常，生命周期风险集中在装配阶段，建议优先追溯 HASM-04899。,0.5703,hydraulic
EVO_TEXT_HFB-04899,HFB-04899,fault_evolution_text,装配阶段风险与运行工况耦合后引起状态劣化，检测指标随严重度同步升高。,0.5703,hydraulic
RCA_TEXT_HFB-04900,HFB-04900,rca_text,结合传感器能量和检测记录，液压油箱的泄漏异常与制造阶段高风险实体 HMAN-01194 一致。,0.5376,hydraulic
EVO_TEXT_HFB-04900,HFB-04900,fault_evolution_text,隐患先导致局部性能退化，随后传感器能量向关联通道集中，最终形成泄漏异常。,0.5376,hydraulic
RCA_TEXT_HFB-04901,HFB-04901,rca_text,结合传感器能量和检测记录，过滤器的流量异常与运维阶段高风险实体 HOPR-04901 一致。,0.614,hydraulic
EVO_TEXT_HFB-04901,HFB-04901,fault_evolution_text,早期异常较弱，运行载荷放大后出现指标漂移，并逐步演化为中度故障。,0.614,hydraulic
RCA_TEXT_HFB-04902,HFB-04902,rca_text,液压油箱出现轻微振动异常，生命周期风险集中在运维阶段，建议优先追溯 HOPR-04902。,0.5379,hydraulic
EVO_TEXT_HFB-04902,HFB-04902,fault_evolution_text,早期异常较弱，运行载荷放大后出现指标漂移，并逐步演化为轻微故障。,0.5379,hydraulic
RCA_TEXT_HFB-04903,HFB-04903,rca_text,作动筒出现轻微流量异常，生命周期风险集中在运维阶段，建议优先追溯 HOPR-04903。,0.5596,hydraulic
EVO_TEXT_HFB-04903,HFB-04903,fault_evolution_text,早期异常较弱，运行载荷放大后出现指标漂移，并逐步演化为轻微故障。,0.5596,hydraulic
RCA_TEXT_HFB-04904,HFB-04904,rca_text,该案例表现为中度压力异常，根因更可能由运维阶段隐患累积触发。,0.6551,hydraulic
EVO_TEXT_HFB-04904,HFB-04904,fault_evolution_text,早期异常较弱，运行载荷放大后出现指标漂移，并逐步演化为中度故障。,0.6551,hydraulic
RCA_TEXT_HFB-04905,HFB-04905,rca_text,该案例表现为轻微振动异常，根因更可能由装配阶段隐患累积触发。,0.6064,hydraulic
EVO_TEXT_HFB-04905,HFB-04905,fault_evolution_text,装配阶段风险与运行工况耦合后引起状态劣化，检测指标随严重度同步升高。,0.6064,hydraulic
RCA_TEXT_HFB-04906,HFB-04906,rca_text,节流阀出现轻微泄漏异常，生命周期风险集中在运维阶段，建议优先追溯 HOPR-04906。,0.5929,hydraulic
EVO_TEXT_HFB-04906,HFB-04906,fault_evolution_text,运维阶段风险与运行工况耦合后引起状态劣化，检测指标随严重度同步升高。,0.5929,hydraulic
RCA_TEXT_HFB-04907,HFB-04907,rca_text,结合传感器能量和检测记录，管路总成的振动异常与制造阶段高风险实体 HMAN-01034 一致。,0.5729,hydraulic
EVO_TEXT_HFB-04907,HFB-04907,fault_evolution_text,早期异常较弱，运行载荷放大后出现指标漂移，并逐步演化为中度故障。,0.5729,hydraulic
RCA_TEXT_HFB-04908,HFB-04908,rca_text,该案例表现为轻微温度异常，根因更可能由运维阶段隐患累积触发。,0.5562,hydraulic
EVO_TEXT_HFB-04908,HFB-04908,fault_evolution_text,隐患先导致局部性能退化，随后传感器能量向关联通道集中，最终形成温度异常。,0.5562,hydraulic
RCA_TEXT_HFB-04909,HFB-04909,rca_text,该案例表现为轻微温度异常，根因更可能由装配阶段隐患累积触发。,0.5576,hydraulic
EVO_TEXT_HFB-04909,HFB-04909,fault_evolution_text,早期异常较弱，运行载荷放大后出现指标漂移，并逐步演化为轻微故障。,0.5576,hydraulic
RCA_TEXT_HFB-04910,HFB-04910,rca_text,该案例表现为轻微压力异常，根因更可能由运维阶段隐患累积触发。,0.5382,hydraulic
EVO_TEXT_HFB-04910,HFB-04910,fault_evolution_text,早期异常较弱，运行载荷放大后出现指标漂移，并逐步演化为轻微故障。,0.5382,hydraulic
RCA_TEXT_HFB-04911,HFB-04911,rca_text,结合传感器能量和检测记录，节流阀的流量异常与装配阶段高风险实体 HASM-04911 一致。,0.6882,hydraulic
EVO_TEXT_HFB-04911,HFB-04911,fault_evolution_text,隐患先导致局部性能退化，随后传感器能量向关联通道集中，最终形成流量异常。,0.6882,hydraulic
RCA_TEXT_HFB-04912,HFB-04912,rca_text,结合传感器能量和检测记录，溢流阀的压力异常与制造阶段高风险实体 HMAN-00473 一致。,0.6073,hydraulic
EVO_TEXT_HFB-04912,HFB-04912,fault_evolution_text,隐患先导致局部性能退化，随后传感器能量向关联通道集中，最终形成压力异常。,0.6073,hydraulic
RCA_TEXT_HFB-04913,HFB-04913,rca_text,结合传感器能量和检测记录，单向阀的流量异常与检测阶段高风险实体 HINSP-04913 一致。,0.5258,hydraulic
EVO_TEXT_HFB-04913,HFB-04913,fault_evolution_text,检测阶段风险与运行工况耦合后引起状态劣化，检测指标随严重度同步升高。,0.5258,hydraulic
RCA_TEXT_HFB-04914,HFB-04914,rca_text,结合传感器能量和检测记录，节流阀的泄漏异常与装配阶段高风险实体 HASM-04914 一致。,0.5689,hydraulic
EVO_TEXT_HFB-04914,HFB-04914,fault_evolution_text,早期异常较弱，运行载荷放大后出现指标漂移，并逐步演化为轻微故障。,0.5689,hydraulic
RCA_TEXT_HFB-04915,HFB-04915,rca_text,结合传感器能量和检测记录，管路总成的振动异常与运维阶段高风险实体 HOPR-04915 一致。,0.5927,hydraulic
EVO_TEXT_HFB-04915,HFB-04915,fault_evolution_text,早期异常较弱，运行载荷放大后出现指标漂移，并逐步演化为轻微故障。,0.5927,hydraulic
RCA_TEXT_HFB-04916,HFB-04916,rca_text,该案例表现为轻微阀芯卡滞，根因更可能由检测阶段隐患累积触发。,0.6108,hydraulic
EVO_TEXT_HFB-04916,HFB-04916,fault_evolution_text,早期异常较弱，运行载荷放大后出现指标漂移，并逐步演化为轻微故障。,0.6108,hydraulic
RCA_TEXT_HFB-04917,HFB-04917,rca_text,该案例表现为轻微振动异常，根因更可能由运维阶段隐患累积触发。,0.6073,hydraulic
EVO_TEXT_HFB-04917,HFB-04917,fault_evolution_text,隐患先导致局部性能退化，随后传感器能量向关联通道集中，最终形成振动异常。,0.6073,hydraulic
RCA_TEXT_HFB-04918,HFB-04918,rca_text,该案例表现为中度振动异常，根因更可能由运维阶段隐患累积触发。,0.6249,hydraulic
EVO_TEXT_HFB-04918,HFB-04918,fault_evolution_text,早期异常较弱，运行载荷放大后出现指标漂移，并逐步演化为中度故障。,0.6249,hydraulic
RCA_TEXT_HFB-04919,HFB-04919,rca_text,该案例表现为轻微流量异常，根因更可能由运维阶段隐患累积触发。,0.6145,hydraulic
EVO_TEXT_HFB-04919,HFB-04919,fault_evolution_text,早期异常较弱，运行载荷放大后出现指标漂移，并逐步演化为轻微故障。,0.6145,hydraulic
RCA_TEXT_HFB-04920,HFB-04920,rca_text,该案例表现为轻微泄漏异常，根因更可能由材料阶段隐患累积触发。,0.594,hydraulic
EVO_TEXT_HFB-04920,HFB-04920,fault_evolution_text,隐患先导致局部性能退化，随后传感器能量向关联通道集中，最终形成泄漏异常。,0.594,hydraulic
RCA_TEXT_HFB-04921,HFB-04921,rca_text,结合传感器能量和检测记录，过滤器的温度异常与设计阶段高风险实体 HDES-00699 一致。,0.6381,hydraulic
EVO_TEXT_HFB-04921,HFB-04921,fault_evolution_text,隐患先导致局部性能退化，随后传感器能量向关联通道集中，最终形成温度异常。,0.6381,hydraulic
RCA_TEXT_HFB-04922,HFB-04922,rca_text,方向控制阀出现轻微振动异常，生命周期风险集中在设计阶段，建议优先追溯 HDES-00444。,0.5095,hydraulic
EVO_TEXT_HFB-04922,HFB-04922,fault_evolution_text,早期异常较弱，运行载荷放大后出现指标漂移，并逐步演化为轻微故障。,0.5095,hydraulic
RCA_TEXT_HFB-04923,HFB-04923,rca_text,节流阀出现轻微泄漏异常，生命周期风险集中在运维阶段，建议优先追溯 HOPR-04923。,0.6042,hydraulic
EVO_TEXT_HFB-04923,HFB-04923,fault_evolution_text,运维阶段风险与运行工况耦合后引起状态劣化，检测指标随严重度同步升高。,0.6042,hydraulic
RCA_TEXT_HFB-04924,HFB-04924,rca_text,该案例表现为中度流量异常，根因更可能由运维阶段隐患累积触发。,0.6349,hydraulic
EVO_TEXT_HFB-04924,HFB-04924,fault_evolution_text,运维阶段风险与运行工况耦合后引起状态劣化，检测指标随严重度同步升高。,0.6349,hydraulic
RCA_TEXT_HFB-04925,HFB-04925,rca_text,液压油箱出现中度温度异常，生命周期风险集中在运维阶段，建议优先追溯 HOPR-04925。,0.597,hydraulic
EVO_TEXT_HFB-04925,HFB-04925,fault_evolution_text,隐患先导致局部性能退化，随后传感器能量向关联通道集中，最终形成温度异常。,0.597,hydraulic
RCA_TEXT_HFB-04926,HFB-04926,rca_text,结合传感器能量和检测记录，液压油箱的温度异常与运维阶段高风险实体 HOPR-04926 一致。,0.5713,hydraulic
EVO_TEXT_HFB-04926,HFB-04926,fault_evolution_text,运维阶段风险与运行工况耦合后引起状态劣化，检测指标随严重度同步升高。,0.5713,hydraulic
RCA_TEXT_HFB-04927,HFB-04927,rca_text,结合传感器能量和检测记录，卸荷阀的振动异常与运维阶段高风险实体 HOPR-04927 一致。,0.5238,hydraulic
EVO_TEXT_HFB-04927,HFB-04927,fault_evolution_text,早期异常较弱，运行载荷放大后出现指标漂移，并逐步演化为轻微故障。,0.5238,hydraulic
RCA_TEXT_HFB-04928,HFB-04928,rca_text,该案例表现为轻微流量异常，根因更可能由设计阶段隐患累积触发。,0.594,hydraulic
EVO_TEXT_HFB-04928,HFB-04928,fault_evolution_text,隐患先导致局部性能退化，随后传感器能量向关联通道集中，最终形成流量异常。,0.594,hydraulic
RCA_TEXT_HFB-04929,HFB-04929,rca_text,该案例表现为轻微温度异常，根因更可能由运维阶段隐患累积触发。,0.5901,hydraulic
EVO_TEXT_HFB-04929,HFB-04929,fault_evolution_text,隐患先导致局部性能退化，随后传感器能量向关联通道集中，最终形成温度异常。,0.5901,hydraulic
RCA_TEXT_HFB-04930,HFB-04930,rca_text,结合传感器能量和检测记录，液压泵总成的压力异常与运维阶段高风险实体 HOPR-04930 一致。,0.5866,hydraulic
EVO_TEXT_HFB-04930,HFB-04930,fault_evolution_text,早期异常较弱，运行载荷放大后出现指标漂移，并逐步演化为轻微故障。,0.5866,hydraulic
RCA_TEXT_HFB-04931,HFB-04931,rca_text,结合传感器能量和检测记录，溢流阀的泄漏异常与检测阶段高风险实体 HINSP-04931 一致。,0.6623,hydraulic
EVO_TEXT_HFB-04931,HFB-04931,fault_evolution_text,隐患先导致局部性能退化，随后传感器能量向关联通道集中，最终形成泄漏异常。,0.6623,hydraulic
RCA_TEXT_HFB-04932,HFB-04932,rca_text,该案例表现为轻微温度异常，根因更可能由装配阶段隐患累积触发。,0.5545,hydraulic
EVO_TEXT_HFB-04932,HFB-04932,fault_evolution_text,装配阶段风险与运行工况耦合后引起状态劣化，检测指标随严重度同步升高。,0.5545,hydraulic
RCA_TEXT_HFB-04933,HFB-04933,rca_text,该案例表现为轻微泄漏异常，根因更可能由设计阶段隐患累积触发。,0.5444,hydraulic
EVO_TEXT_HFB-04933,HFB-04933,fault_evolution_text,早期异常较弱，运行载荷放大后出现指标漂移，并逐步演化为轻微故障。,0.5444,hydraulic
RCA_TEXT_HFB-04934,HFB-04934,rca_text,卸荷阀出现轻微振动异常，生命周期风险集中在设计阶段，建议优先追溯 HDES-00193。,0.5742,hydraulic
EVO_TEXT_HFB-04934,HFB-04934,fault_evolution_text,早期异常较弱，运行载荷放大后出现指标漂移，并逐步演化为轻微故障。,0.5742,hydraulic
RCA_TEXT_HFB-04935,HFB-04935,rca_text,结合传感器能量和检测记录，溢流阀的压力异常与运维阶段高风险实体 HOPR-04935 一致。,0.5851,hydraulic
EVO_TEXT_HFB-04935,HFB-04935,fault_evolution_text,隐患先导致局部性能退化，随后传感器能量向关联通道集中，最终形成压力异常。,0.5851,hydraulic
RCA_TEXT_HFB-04936,HFB-04936,rca_text,方向控制阀出现中度阀芯卡滞，生命周期风险集中在运维阶段，建议优先追溯 HOPR-04936。,0.5698,hydraulic
EVO_TEXT_HFB-04936,HFB-04936,fault_evolution_text,隐患先导致局部性能退化，随后传感器能量向关联通道集中，最终形成阀芯卡滞。,0.5698,hydraulic
RCA_TEXT_HFB-04937,HFB-04937,rca_text,管路总成出现中度泄漏异常，生命周期风险集中在材料阶段，建议优先追溯 HMAT-00264。,0.6176,hydraulic
EVO_TEXT_HFB-04937,HFB-04937,fault_evolution_text,隐患先导致局部性能退化，随后传感器能量向关联通道集中，最终形成泄漏异常。,0.6176,hydraulic
RCA_TEXT_HFB-04938,HFB-04938,rca_text,单向阀出现轻微温度异常，生命周期风险集中在运维阶段，建议优先追溯 HOPR-04938。,0.5398,hydraulic
EVO_TEXT_HFB-04938,HFB-04938,fault_evolution_text,运维阶段风险与运行工况耦合后引起状态劣化，检测指标随严重度同步升高。,0.5398,hydraulic
RCA_TEXT_HFB-04939,HFB-04939,rca_text,结合传感器能量和检测记录，过滤器的流量异常与运维阶段高风险实体 HOPR-04939 一致。,0.6014,hydraulic
EVO_TEXT_HFB-04939,HFB-04939,fault_evolution_text,运维阶段风险与运行工况耦合后引起状态劣化，检测指标随严重度同步升高。,0.6014,hydraulic
RCA_TEXT_HFB-04940,HFB-04940,rca_text,该案例表现为轻微流量异常，根因更可能由设计阶段隐患累积触发。,0.617,hydraulic
EVO_TEXT_HFB-04940,HFB-04940,fault_evolution_text,隐患先导致局部性能退化，随后传感器能量向关联通道集中，最终形成流量异常。,0.617,hydraulic
RCA_TEXT_HFB-04941,HFB-04941,rca_text,管路总成出现轻微阀芯卡滞，生命周期风险集中在运维阶段，建议优先追溯 HOPR-04941。,0.576,hydraulic
EVO_TEXT_HFB-04941,HFB-04941,fault_evolution_text,早期异常较弱，运行载荷放大后出现指标漂移，并逐步演化为轻微故障。,0.576,hydraulic
RCA_TEXT_HFB-04942,HFB-04942,rca_text,该案例表现为中度泄漏异常，根因更可能由材料阶段隐患累积触发。,0.5577,hydraulic
EVO_TEXT_HFB-04942,HFB-04942,fault_evolution_text,早期异常较弱，运行载荷放大后出现指标漂移，并逐步演化为中度故障。,0.5577,hydraulic
RCA_TEXT_HFB-04943,HFB-04943,rca_text,结合传感器能量和检测记录，液压泵总成的泄漏异常与设计阶段高风险实体 HDES-00237 一致。,0.6462,hydraulic
EVO_TEXT_HFB-04943,HFB-04943,fault_evolution_text,早期异常较弱，运行载荷放大后出现指标漂移，并逐步演化为中度故障。,0.6462,hydraulic
RCA_TEXT_HFB-04944,HFB-04944,rca_text,该案例表现为中度泄漏异常，根因更可能由检测阶段隐患累积触发。,0.6677,hydraulic
EVO_TEXT_HFB-04944,HFB-04944,fault_evolution_text,隐患先导致局部性能退化，随后传感器能量向关联通道集中，最终形成泄漏异常。,0.6677,hydraulic
RCA_TEXT_HFB-04945,HFB-04945,rca_text,结合传感器能量和检测记录，方向控制阀的流量异常与材料阶段高风险实体 HMAT-00274 一致。,0.634,hydraulic
EVO_TEXT_HFB-04945,HFB-04945,fault_evolution_text,早期异常较弱，运行载荷放大后出现指标漂移，并逐步演化为轻微故障。,0.634,hydraulic
RCA_TEXT_HFB-04946,HFB-04946,rca_text,作动筒出现轻微温度异常，生命周期风险集中在制造阶段，建议优先追溯 HMAN-00638。,0.5436,hydraulic
EVO_TEXT_HFB-04946,HFB-04946,fault_evolution_text,隐患先导致局部性能退化，随后传感器能量向关联通道集中，最终形成温度异常。,0.5436,hydraulic
RCA_TEXT_HFB-04947,HFB-04947,rca_text,该案例表现为中度压力异常，根因更可能由运维阶段隐患累积触发。,0.6239,hydraulic
EVO_TEXT_HFB-04947,HFB-04947,fault_evolution_text,早期异常较弱，运行载荷放大后出现指标漂移，并逐步演化为中度故障。,0.6239,hydraulic
RCA_TEXT_HFB-04948,HFB-04948,rca_text,冷却器出现轻微振动异常，生命周期风险集中在制造阶段，建议优先追溯 HMAN-00685。,0.5992,hydraulic
EVO_TEXT_HFB-04948,HFB-04948,fault_evolution_text,早期异常较弱，运行载荷放大后出现指标漂移，并逐步演化为轻微故障。,0.5992,hydraulic
RCA_TEXT_HFB-04949,HFB-04949,rca_text,过滤器出现轻微压力异常，生命周期风险集中在运维阶段，建议优先追溯 HOPR-04949。,0.5989,hydraulic
EVO_TEXT_HFB-04949,HFB-04949,fault_evolution_text,早期异常较弱，运行载荷放大后出现指标漂移，并逐步演化为轻微故障。,0.5989,hydraulic
RCA_TEXT_HFB-04950,HFB-04950,rca_text,该案例表现为轻微压力异常，根因更可能由材料阶段隐患累积触发。,0.5956,hydraulic
EVO_TEXT_HFB-04950,HFB-04950,fault_evolution_text,隐患先导致局部性能退化，随后传感器能量向关联通道集中，最终形成压力异常。,0.5956,hydraulic
RCA_TEXT_HFB-04951,HFB-04951,rca_text,作动筒出现轻微流量异常，生命周期风险集中在运维阶段，建议优先追溯 HOPR-04951。,0.5365,hydraulic
EVO_TEXT_HFB-04951,HFB-04951,fault_evolution_text,隐患先导致局部性能退化，随后传感器能量向关联通道集中，最终形成流量异常。,0.5365,hydraulic
RCA_TEXT_HFB-04952,HFB-04952,rca_text,该案例表现为轻微振动异常，根因更可能由运维阶段隐患累积触发。,0.6176,hydraulic
EVO_TEXT_HFB-04952,HFB-04952,fault_evolution_text,早期异常较弱，运行载荷放大后出现指标漂移，并逐步演化为轻微故障。,0.6176,hydraulic
RCA_TEXT_HFB-04953,HFB-04953,rca_text,该案例表现为中度泄漏异常，根因更可能由装配阶段隐患累积触发。,0.6821,hydraulic
EVO_TEXT_HFB-04953,HFB-04953,fault_evolution_text,装配阶段风险与运行工况耦合后引起状态劣化，检测指标随严重度同步升高。,0.6821,hydraulic
RCA_TEXT_HFB-04954,HFB-04954,rca_text,该案例表现为轻微流量异常，根因更可能由制造阶段隐患累积触发。,0.6278,hydraulic
EVO_TEXT_HFB-04954,HFB-04954,fault_evolution_text,制造阶段风险与运行工况耦合后引起状态劣化，检测指标随严重度同步升高。,0.6278,hydraulic
RCA_TEXT_HFB-04955,HFB-04955,rca_text,该案例表现为中度振动异常，根因更可能由设计阶段隐患累积触发。,0.6006,hydraulic
EVO_TEXT_HFB-04955,HFB-04955,fault_evolution_text,早期异常较弱，运行载荷放大后出现指标漂移，并逐步演化为中度故障。,0.6006,hydraulic
RCA_TEXT_HFB-04956,HFB-04956,rca_text,结合传感器能量和检测记录，液压油箱的温度异常与运维阶段高风险实体 HOPR-04956 一致。,0.5963,hydraulic
EVO_TEXT_HFB-04956,HFB-04956,fault_evolution_text,隐患先导致局部性能退化，随后传感器能量向关联通道集中，最终形成温度异常。,0.5963,hydraulic
RCA_TEXT_HFB-04957,HFB-04957,rca_text,该案例表现为轻微阀芯卡滞，根因更可能由运维阶段隐患累积触发。,0.5989,hydraulic
EVO_TEXT_HFB-04957,HFB-04957,fault_evolution_text,早期异常较弱，运行载荷放大后出现指标漂移，并逐步演化为轻微故障。,0.5989,hydraulic
RCA_TEXT_HFB-04958,HFB-04958,rca_text,单向阀出现中度泄漏异常，生命周期风险集中在装配阶段，建议优先追溯 HASM-04958。,0.5967,hydraulic
EVO_TEXT_HFB-04958,HFB-04958,fault_evolution_text,早期异常较弱，运行载荷放大后出现指标漂移，并逐步演化为中度故障。,0.5967,hydraulic
RCA_TEXT_HFB-04959,HFB-04959,rca_text,结合传感器能量和检测记录，冷却器的流量异常与装配阶段高风险实体 HASM-04959 一致。,0.5333,hydraulic
EVO_TEXT_HFB-04959,HFB-04959,fault_evolution_text,装配阶段风险与运行工况耦合后引起状态劣化，检测指标随严重度同步升高。,0.5333,hydraulic
RCA_TEXT_HFB-04960,HFB-04960,rca_text,结合传感器能量和检测记录，溢流阀的流量异常与运维阶段高风险实体 HOPR-04960 一致。,0.546,hydraulic
EVO_TEXT_HFB-04960,HFB-04960,fault_evolution_text,早期异常较弱，运行载荷放大后出现指标漂移，并逐步演化为轻微故障。,0.546,hydraulic
RCA_TEXT_HFB-04961,HFB-04961,rca_text,该案例表现为中度压力异常，根因更可能由装配阶段隐患累积触发。,0.6179,hydraulic
EVO_TEXT_HFB-04961,HFB-04961,fault_evolution_text,早期异常较弱，运行载荷放大后出现指标漂移，并逐步演化为中度故障。,0.6179,hydraulic
RCA_TEXT_HFB-04962,HFB-04962,rca_text,蓄能器出现轻微阀芯卡滞，生命周期风险集中在运维阶段，建议优先追溯 HOPR-04962。,0.5872,hydraulic
EVO_TEXT_HFB-04962,HFB-04962,fault_evolution_text,隐患先导致局部性能退化，随后传感器能量向关联通道集中，最终形成阀芯卡滞。,0.5872,hydraulic
RCA_TEXT_HFB-04963,HFB-04963,rca_text,液压泵总成出现中度振动异常，生命周期风险集中在材料阶段，建议优先追溯 HMAT-00044。,0.566,hydraulic
EVO_TEXT_HFB-04963,HFB-04963,fault_evolution_text,材料阶段风险与运行工况耦合后引起状态劣化，检测指标随严重度同步升高。,0.566,hydraulic
RCA_TEXT_HFB-04964,HFB-04964,rca_text,结合传感器能量和检测记录，溢流阀的压力异常与设计阶段高风险实体 HDES-00054 一致。,0.6271,hydraulic
EVO_TEXT_HFB-04964,HFB-04964,fault_evolution_text,早期异常较弱，运行载荷放大后出现指标漂移，并逐步演化为轻微故障。,0.6271,hydraulic
RCA_TEXT_HFB-04965,HFB-04965,rca_text,结合传感器能量和检测记录，液压油箱的振动异常与运维阶段高风险实体 HOPR-04965 一致。,0.5895,hydraulic
EVO_TEXT_HFB-04965,HFB-04965,fault_evolution_text,早期异常较弱，运行载荷放大后出现指标漂移，并逐步演化为轻微故障。,0.5895,hydraulic
RCA_TEXT_HFB-04966,HFB-04966,rca_text,液压泵总成出现轻微流量异常，生命周期风险集中在制造阶段，建议优先追溯 HMAN-00683。,0.5865,hydraulic
EVO_TEXT_HFB-04966,HFB-04966,fault_evolution_text,早期异常较弱，运行载荷放大后出现指标漂移，并逐步演化为轻微故障。,0.5865,hydraulic
RCA_TEXT_HFB-04967,HFB-04967,rca_text,液压油箱出现轻微泄漏异常，生命周期风险集中在运维阶段，建议优先追溯 HOPR-04967。,0.5382,hydraulic
EVO_TEXT_HFB-04967,HFB-04967,fault_evolution_text,隐患先导致局部性能退化，随后传感器能量向关联通道集中，最终形成泄漏异常。,0.5382,hydraulic
RCA_TEXT_HFB-04968,HFB-04968,rca_text,过滤器出现轻微温度异常，生命周期风险集中在制造阶段，建议优先追溯 HMAN-00489。,0.6055,hydraulic
EVO_TEXT_HFB-04968,HFB-04968,fault_evolution_text,早期异常较弱，运行载荷放大后出现指标漂移，并逐步演化为轻微故障。,0.6055,hydraulic
RCA_TEXT_HFB-04969,HFB-04969,rca_text,冷却器出现轻微压力异常，生命周期风险集中在设计阶段，建议优先追溯 HDES-00312。,0.5652,hydraulic
EVO_TEXT_HFB-04969,HFB-04969,fault_evolution_text,早期异常较弱，运行载荷放大后出现指标漂移，并逐步演化为轻微故障。,0.5652,hydraulic
RCA_TEXT_HFB-04970,HFB-04970,rca_text,卸荷阀出现轻微泄漏异常，生命周期风险集中在运维阶段，建议优先追溯 HOPR-04970。,0.5487,hydraulic
EVO_TEXT_HFB-04970,HFB-04970,fault_evolution_text,隐患先导致局部性能退化，随后传感器能量向关联通道集中，最终形成泄漏异常。,0.5487,hydraulic
RCA_TEXT_HFB-04971,HFB-04971,rca_text,该案例表现为轻微流量异常，根因更可能由运维阶段隐患累积触发。,0.5831,hydraulic
EVO_TEXT_HFB-04971,HFB-04971,fault_evolution_text,运维阶段风险与运行工况耦合后引起状态劣化，检测指标随严重度同步升高。,0.5831,hydraulic
RCA_TEXT_HFB-04972,HFB-04972,rca_text,结合传感器能量和检测记录，方向控制阀的泄漏异常与材料阶段高风险实体 HMAT-00361 一致。,0.5726,hydraulic
EVO_TEXT_HFB-04972,HFB-04972,fault_evolution_text,材料阶段风险与运行工况耦合后引起状态劣化，检测指标随严重度同步升高。,0.5726,hydraulic
RCA_TEXT_HFB-04973,HFB-04973,rca_text,结合传感器能量和检测记录，液压油箱的流量异常与装配阶段高风险实体 HASM-04973 一致。,0.5856,hydraulic
EVO_TEXT_HFB-04973,HFB-04973,fault_evolution_text,隐患先导致局部性能退化，随后传感器能量向关联通道集中，最终形成流量异常。,0.5856,hydraulic
RCA_TEXT_HFB-04974,HFB-04974,rca_text,液压泵总成出现轻微振动异常，生命周期风险集中在运维阶段，建议优先追溯 HOPR-04974。,0.5987,hydraulic
EVO_TEXT_HFB-04974,HFB-04974,fault_evolution_text,运维阶段风险与运行工况耦合后引起状态劣化，检测指标随严重度同步升高。,0.5987,hydraulic
RCA_TEXT_HFB-04975,HFB-04975,rca_text,该案例表现为中度振动异常，根因更可能由设计阶段隐患累积触发。,0.6959,hydraulic
EVO_TEXT_HFB-04975,HFB-04975,fault_evolution_text,隐患先导致局部性能退化，随后传感器能量向关联通道集中，最终形成振动异常。,0.6959,hydraulic
RCA_TEXT_HFB-04976,HFB-04976,rca_text,结合传感器能量和检测记录，冷却器的泄漏异常与装配阶段高风险实体 HASM-04976 一致。,0.6503,hydraulic
EVO_TEXT_HFB-04976,HFB-04976,fault_evolution_text,早期异常较弱，运行载荷放大后出现指标漂移，并逐步演化为中度故障。,0.6503,hydraulic
RCA_TEXT_HFB-04977,HFB-04977,rca_text,该案例表现为轻微温度异常，根因更可能由制造阶段隐患累积触发。,0.5501,hydraulic
EVO_TEXT_HFB-04977,HFB-04977,fault_evolution_text,早期异常较弱，运行载荷放大后出现指标漂移，并逐步演化为轻微故障。,0.5501,hydraulic
RCA_TEXT_HFB-04978,HFB-04978,rca_text,该案例表现为中度压力异常，根因更可能由运维阶段隐患累积触发。,0.6504,hydraulic
EVO_TEXT_HFB-04978,HFB-04978,fault_evolution_text,隐患先导致局部性能退化，随后传感器能量向关联通道集中，最终形成压力异常。,0.6504,hydraulic
RCA_TEXT_HFB-04979,HFB-04979,rca_text,结合传感器能量和检测记录，液压油箱的温度异常与运维阶段高风险实体 HOPR-04979 一致。,0.5972,hydraulic
EVO_TEXT_HFB-04979,HFB-04979,fault_evolution_text,运维阶段风险与运行工况耦合后引起状态劣化，检测指标随严重度同步升高。,0.5972,hydraulic
RCA_TEXT_HFB-04980,HFB-04980,rca_text,液压油箱出现轻微振动异常，生命周期风险集中在运维阶段，建议优先追溯 HOPR-04980。,0.585,hydraulic
EVO_TEXT_HFB-04980,HFB-04980,fault_evolution_text,早期异常较弱，运行载荷放大后出现指标漂移，并逐步演化为轻微故障。,0.585,hydraulic
RCA_TEXT_HFB-04981,HFB-04981,rca_text,结合传感器能量和检测记录，方向控制阀的流量异常与制造阶段高风险实体 HMAN-01145 一致。,0.5932,hydraulic
EVO_TEXT_HFB-04981,HFB-04981,fault_evolution_text,隐患先导致局部性能退化，随后传感器能量向关联通道集中，最终形成流量异常。,0.5932,hydraulic
RCA_TEXT_HFB-04982,HFB-04982,rca_text,该案例表现为中度流量异常，根因更可能由装配阶段隐患累积触发。,0.6436,hydraulic
EVO_TEXT_HFB-04982,HFB-04982,fault_evolution_text,早期异常较弱，运行载荷放大后出现指标漂移，并逐步演化为中度故障。,0.6436,hydraulic
RCA_TEXT_HFB-04983,HFB-04983,rca_text,结合传感器能量和检测记录，单向阀的压力异常与运维阶段高风险实体 HOPR-04983 一致。,0.5668,hydraulic
EVO_TEXT_HFB-04983,HFB-04983,fault_evolution_text,早期异常较弱，运行载荷放大后出现指标漂移，并逐步演化为轻微故障。,0.5668,hydraulic
RCA_TEXT_HFB-04984,HFB-04984,rca_text,卸荷阀出现中度阀芯卡滞，生命周期风险集中在制造阶段，建议优先追溯 HMAN-00241。,0.6262,hydraulic
EVO_TEXT_HFB-04984,HFB-04984,fault_evolution_text,隐患先导致局部性能退化，随后传感器能量向关联通道集中，最终形成阀芯卡滞。,0.6262,hydraulic
RCA_TEXT_HFB-04985,HFB-04985,rca_text,该案例表现为轻微振动异常，根因更可能由设计阶段隐患累积触发。,0.5986,hydraulic
EVO_TEXT_HFB-04985,HFB-04985,fault_evolution_text,隐患先导致局部性能退化，随后传感器能量向关联通道集中，最终形成振动异常。,0.5986,hydraulic
RCA_TEXT_HFB-04986,HFB-04986,rca_text,结合传感器能量和检测记录，溢流阀的温度异常与运维阶段高风险实体 HOPR-04986 一致。,0.6276,hydraulic
EVO_TEXT_HFB-04986,HFB-04986,fault_evolution_text,运维阶段风险与运行工况耦合后引起状态劣化，检测指标随严重度同步升高。,0.6276,hydraulic
RCA_TEXT_HFB-04987,HFB-04987,rca_text,该案例表现为中度振动异常，根因更可能由材料阶段隐患累积触发。,0.7041,hydraulic
EVO_TEXT_HFB-04987,HFB-04987,fault_evolution_text,隐患先导致局部性能退化，随后传感器能量向关联通道集中，最终形成振动异常。,0.7041,hydraulic
RCA_TEXT_HFB-04988,HFB-04988,rca_text,结合传感器能量和检测记录，管路总成的泄漏异常与装配阶段高风险实体 HASM-04988 一致。,0.6302,hydraulic
EVO_TEXT_HFB-04988,HFB-04988,fault_evolution_text,隐患先导致局部性能退化，随后传感器能量向关联通道集中，最终形成泄漏异常。,0.6302,hydraulic
RCA_TEXT_HFB-04989,HFB-04989,rca_text,该案例表现为中度压力异常，根因更可能由运维阶段隐患累积触发。,0.6319,hydraulic
EVO_TEXT_HFB-04989,HFB-04989,fault_evolution_text,运维阶段风险与运行工况耦合后引起状态劣化，检测指标随严重度同步升高。,0.6319,hydraulic
RCA_TEXT_HFB-04990,HFB-04990,rca_text,单向阀出现轻微阀芯卡滞，生命周期风险集中在制造阶段，建议优先追溯 HMAN-00139。,0.6394,hydraulic
EVO_TEXT_HFB-04990,HFB-04990,fault_evolution_text,制造阶段风险与运行工况耦合后引起状态劣化，检测指标随严重度同步升高。,0.6394,hydraulic
RCA_TEXT_HFB-04991,HFB-04991,rca_text,过滤器出现中度温度异常，生命周期风险集中在材料阶段，建议优先追溯 HMAT-00099。,0.6285,hydraulic
EVO_TEXT_HFB-04991,HFB-04991,fault_evolution_text,隐患先导致局部性能退化，随后传感器能量向关联通道集中，最终形成温度异常。,0.6285,hydraulic
RCA_TEXT_HFB-04992,HFB-04992,rca_text,卸荷阀出现轻微振动异常，生命周期风险集中在装配阶段，建议优先追溯 HASM-04992。,0.5048,hydraulic
EVO_TEXT_HFB-04992,HFB-04992,fault_evolution_text,隐患先导致局部性能退化，随后传感器能量向关联通道集中，最终形成振动异常。,0.5048,hydraulic
RCA_TEXT_HFB-04993,HFB-04993,rca_text,结合传感器能量和检测记录，冷却器的温度异常与运维阶段高风险实体 HOPR-04993 一致。,0.6154,hydraulic
EVO_TEXT_HFB-04993,HFB-04993,fault_evolution_text,运维阶段风险与运行工况耦合后引起状态劣化，检测指标随严重度同步升高。,0.6154,hydraulic
RCA_TEXT_HFB-04994,HFB-04994,rca_text,该案例表现为中度振动异常，根因更可能由制造阶段隐患累积触发。,0.6032,hydraulic
EVO_TEXT_HFB-04994,HFB-04994,fault_evolution_text,隐患先导致局部性能退化，随后传感器能量向关联通道集中，最终形成振动异常。,0.6032,hydraulic
RCA_TEXT_HFB-04995,HFB-04995,rca_text,单向阀出现轻微压力异常，生命周期风险集中在装配阶段，建议优先追溯 HASM-04995。,0.6251,hydraulic
EVO_TEXT_HFB-04995,HFB-04995,fault_evolution_text,早期异常较弱，运行载荷放大后出现指标漂移，并逐步演化为轻微故障。,0.6251,hydraulic
RCA_TEXT_HFB-04996,HFB-04996,rca_text,该案例表现为轻微流量异常，根因更可能由运维阶段隐患累积触发。,0.6355,hydraulic
EVO_TEXT_HFB-04996,HFB-04996,fault_evolution_text,运维阶段风险与运行工况耦合后引起状态劣化，检测指标随严重度同步升高。,0.6355,hydraulic
RCA_TEXT_HFB-04997,HFB-04997,rca_text,卸荷阀出现轻微振动异常，生命周期风险集中在运维阶段，建议优先追溯 HOPR-04997。,0.559,hydraulic
EVO_TEXT_HFB-04997,HFB-04997,fault_evolution_text,隐患先导致局部性能退化，随后传感器能量向关联通道集中，最终形成振动异常。,0.559,hydraulic
RCA_TEXT_HFB-04998,HFB-04998,rca_text,溢流阀出现中度泄漏异常，生命周期风险集中在装配阶段，建议优先追溯 HASM-04998。,0.7048,hydraulic
EVO_TEXT_HFB-04998,HFB-04998,fault_evolution_text,装配阶段风险与运行工况耦合后引起状态劣化，检测指标随严重度同步升高。,0.7048,hydraulic
RCA_TEXT_HFB-04999,HFB-04999,rca_text,结合传感器能量和检测记录，作动筒的振动异常与制造阶段高风险实体 HMAN-00049 一致。,0.5653,hydraulic
EVO_TEXT_HFB-04999,HFB-04999,fault_evolution_text,早期异常较弱，运行载荷放大后出现指标漂移，并逐步演化为轻微故障。,0.5653,hydraulic
RCA_TEXT_HFB-05000,HFB-05000,rca_text,冷却器出现中度温度异常，生命周期风险集中在设计阶段，建议优先追溯 HDES-00319。,0.6333,hydraulic
EVO_TEXT_HFB-05000,HFB-05000,fault_evolution_text,早期异常较弱，运行载荷放大后出现指标漂移，并逐步演化为中度故障。,0.6333,hydraulic
