assembly_id,assembly_torque,seal_preload,alignment_error,operator_id,station_id,assembly_risk_score,assembly_risk_level
HASM-00001,28.479,0.522,0.0564,OP-H-020,ST-H-38,0.3521,medium
HASM-00002,29.861,0.902,0.2429,OP-H-016,ST-H-15,0.5116,high
HASM-00003,47.975,0.829,0.023,OP-H-081,ST-H-33,0.0713,low
HASM-00004,45.13,1.305,0.1389,OP-H-145,ST-H-11,0.3519,medium
HASM-00005,58.805,0.746,0.0682,OP-H-162,ST-H-12,0.3479,medium
HASM-00006,42.885,1.132,0.0642,OP-H-082,ST-H-37,0.1157,low
HASM-00007,37.526,1.171,0.0141,OP-H-158,ST-H-33,0.105,low
HASM-00008,41.118,0.655,0.1499,OP-H-151,ST-H-12,0.3315,medium
HASM-00009,32.408,0.676,0.1866,OP-H-178,ST-H-17,0.5221,high
HASM-00010,43.889,1.19,0.1426,OP-H-117,ST-H-26,0.2549,medium
HASM-00011,26.192,1.246,0.0869,OP-H-073,ST-H-09,0.371,medium
HASM-00012,47.434,1.423,0.0512,OP-H-071,ST-H-25,0.2925,medium
HASM-00013,46.535,0.994,0.0205,OP-H-001,ST-H-06,0.0403,low
HASM-00014,42.94,1.154,0.022,OP-H-138,ST-H-04,0.1147,low
HASM-00015,53.254,0.899,0.0158,OP-H-029,ST-H-02,0.2159,low
HASM-00016,47.315,1.367,0.0513,OP-H-140,ST-H-03,0.2744,medium
HASM-00017,46.718,0.997,0.0497,OP-H-045,ST-H-32,0.1313,low
HASM-00018,31.342,1.061,0.0519,OP-H-041,ST-H-20,0.2087,low
HASM-00019,37.765,1.481,0.0604,OP-H-142,ST-H-23,0.2938,medium
HASM-00020,46.311,1.03,0.0638,OP-H-020,ST-H-13,0.0882,low
HASM-00021,36.097,0.866,0.1011,OP-H-042,ST-H-34,0.2188,low
HASM-00022,58.262,1.119,0.1295,OP-H-062,ST-H-22,0.3511,medium
HASM-00023,31.245,0.949,0.0306,OP-H-104,ST-H-37,0.122,low
HASM-00024,36.239,0.924,0.0304,OP-H-179,ST-H-12,0.0712,low
HASM-00025,43.784,1.095,0.1017,OP-H-133,ST-H-16,0.1984,low
HASM-00026,61.391,1.126,0.1315,OP-H-135,ST-H-39,0.4106,medium
HASM-00027,43.561,0.675,0.0576,OP-H-133,ST-H-10,0.2312,low
HASM-00028,44.92,0.952,0.0603,OP-H-052,ST-H-06,0.1684,low
HASM-00029,41.592,0.803,0.0861,OP-H-165,ST-H-19,0.2212,low
HASM-00030,34.529,1.171,0.0056,OP-H-036,ST-H-26,0.1147,low
HASM-00031,22.416,0.996,0.0233,OP-H-159,ST-H-07,0.1803,low
HASM-00032,40.947,1.078,0.0825,OP-H-078,ST-H-02,0.1392,low
HASM-00033,44.81,1.075,0.036,OP-H-010,ST-H-09,0.2029,low
HASM-00034,53.127,1.177,0.0314,OP-H-094,ST-H-19,0.198,low
HASM-00035,41.886,0.906,0.0361,OP-H-005,ST-H-05,0.0816,low
HASM-00036,52.8,1.524,0.0141,OP-H-058,ST-H-26,0.2642,medium
HASM-00037,48.203,0.711,0.0292,OP-H-133,ST-H-31,0.2072,low
HASM-00038,41.469,1.191,0.0355,OP-H-048,ST-H-09,0.1057,low
HASM-00039,20.363,1.168,0.0257,OP-H-123,ST-H-11,0.3089,medium
HASM-00040,57.537,0.959,0.1631,OP-H-018,ST-H-07,0.3506,medium
HASM-00041,43.287,1.402,0.0336,OP-H-069,ST-H-26,0.1908,low
HASM-00042,40.917,0.722,0.0631,OP-H-110,ST-H-03,0.2148,low
HASM-00043,53.639,0.964,0.0173,OP-H-174,ST-H-23,0.151,low
HASM-00044,40.081,1.504,0.0198,OP-H-129,ST-H-38,0.2575,medium
HASM-00045,30.135,0.95,0.0395,OP-H-164,ST-H-27,0.2338,low
HASM-00046,56.942,1.229,0.0305,OP-H-015,ST-H-26,0.3362,medium
HASM-00047,35.715,0.856,0.0374,OP-H-178,ST-H-08,0.1593,low
HASM-00048,43.859,1.447,0.067,OP-H-094,ST-H-17,0.2901,medium
HASM-00049,33.112,0.97,0.0921,OP-H-034,ST-H-17,0.2757,medium
HASM-00050,37.875,1.008,0.0561,OP-H-166,ST-H-05,0.1136,low
HASM-00051,37.506,0.56,0.0154,OP-H-072,ST-H-22,0.2214,low
HASM-00052,37.666,1.372,0.0445,OP-H-057,ST-H-25,0.249,low
HASM-00053,47.338,1.006,0.079,OP-H-029,ST-H-26,0.1965,low
HASM-00054,45.272,0.942,0.0202,OP-H-170,ST-H-11,0.0745,low
HASM-00055,32.617,1.576,0.0926,OP-H-173,ST-H-31,0.4384,medium
HASM-00056,44.837,1.141,0.0419,OP-H-026,ST-H-23,0.0771,low
HASM-00057,33.119,1.046,0.1134,OP-H-084,ST-H-34,0.2998,medium
HASM-00058,49.221,1.05,0.0604,OP-H-026,ST-H-12,0.2141,low
HASM-00059,54.535,1.431,0.0777,OP-H-071,ST-H-24,0.4319,medium
HASM-00060,43.279,1.035,0.0554,OP-H-170,ST-H-08,0.1187,low
HASM-00061,46.472,0.79,0.0235,OP-H-067,ST-H-26,0.1523,low
HASM-00062,35.277,1.121,0.0271,OP-H-138,ST-H-05,0.1708,low
HASM-00063,50.542,0.732,0.1338,OP-H-098,ST-H-18,0.3368,medium
HASM-00064,45.893,0.681,0.0301,OP-H-087,ST-H-34,0.1806,low
HASM-00065,37.672,1.345,0.0959,OP-H-001,ST-H-39,0.2937,medium
HASM-00066,28.572,0.995,0.0915,OP-H-119,ST-H-22,0.1521,low
HASM-00067,45.581,1.099,0.0696,OP-H-017,ST-H-34,0.1566,low
HASM-00068,41.149,0.692,0.0337,OP-H-017,ST-H-10,0.1541,low
HASM-00069,48.648,0.999,0.2267,OP-H-099,ST-H-24,0.4692,medium
HASM-00070,37.778,0.79,0.084,OP-H-084,ST-H-12,0.2031,low
HASM-00071,50.137,1.349,0.219,OP-H-086,ST-H-07,0.5328,high
HASM-00072,37.84,1.264,0.0515,OP-H-018,ST-H-36,0.2481,low
HASM-00073,40.539,0.711,0.0137,OP-H-009,ST-H-12,0.1834,low
HASM-00074,57.165,1.053,0.0689,OP-H-059,ST-H-30,0.2527,medium
HASM-00075,45.863,0.631,0.0327,OP-H-004,ST-H-06,0.298,medium
HASM-00076,45.01,1.219,0.0212,OP-H-129,ST-H-10,0.1422,low
HASM-00077,50.574,1.078,0.0827,OP-H-019,ST-H-11,0.2783,medium
HASM-00078,43.913,1.236,0.1201,OP-H-058,ST-H-04,0.3308,medium
HASM-00079,25.08,0.62,0.0878,OP-H-162,ST-H-38,0.4317,medium
HASM-00080,27.122,0.728,0.0554,OP-H-047,ST-H-01,0.3278,medium
HASM-00081,30.72,1.126,0.0505,OP-H-030,ST-H-08,0.2402,low
HASM-00082,50.916,0.767,0.0695,OP-H-047,ST-H-20,0.3099,medium
HASM-00083,45.901,0.856,0.0613,OP-H-179,ST-H-07,0.1632,low
HASM-00084,23.945,0.936,0.0562,OP-H-045,ST-H-26,0.3421,medium
HASM-00085,46.996,1.121,0.0581,OP-H-119,ST-H-11,0.1718,low
HASM-00086,19.713,1.099,0.0913,OP-H-111,ST-H-31,0.3696,medium
HASM-00087,33.271,0.836,0.1327,OP-H-102,ST-H-14,0.3881,medium
HASM-00088,47.072,1.366,0.0364,OP-H-048,ST-H-31,0.2153,low
HASM-00089,51.013,1.061,0.0324,OP-H-018,ST-H-20,0.1473,low
HASM-00090,29.716,0.625,0.0711,OP-H-040,ST-H-10,0.321,medium
HASM-00091,49.805,1.125,0.0646,OP-H-017,ST-H-16,0.1217,low
HASM-00092,45.517,0.98,0.1317,OP-H-003,ST-H-23,0.2719,medium
HASM-00093,30.469,1.238,0.1314,OP-H-085,ST-H-36,0.3656,medium
HASM-00094,40.95,1.15,0.0438,OP-H-030,ST-H-10,0.1842,low
HASM-00095,38.951,1.305,0.0698,OP-H-161,ST-H-09,0.2205,low
HASM-00096,31.031,1.443,0.0305,OP-H-029,ST-H-40,0.2667,medium
HASM-00097,72.649,1.141,0.0815,OP-H-109,ST-H-18,0.4275,medium
HASM-00098,50.145,1.002,0.0323,OP-H-038,ST-H-27,0.1505,low
HASM-00099,53.61,1.15,0.0368,OP-H-021,ST-H-18,0.247,low
HASM-00100,41.069,1.115,0.0298,OP-H-084,ST-H-15,0.074,low
HASM-00101,40.687,0.973,0.0355,OP-H-178,ST-H-29,0.0469,low
HASM-00102,36.912,0.721,0.0217,OP-H-014,ST-H-29,0.1387,low
HASM-00103,39.986,0.937,0.0667,OP-H-012,ST-H-01,0.1245,low
HASM-00104,19.922,0.79,0.055,OP-H-178,ST-H-08,0.3413,medium
HASM-00105,46.549,1.267,0.0981,OP-H-051,ST-H-27,0.2792,medium
HASM-00106,29.147,0.767,0.0442,OP-H-125,ST-H-03,0.3184,medium
HASM-00107,28.695,0.969,0.0685,OP-H-124,ST-H-24,0.2085,low
HASM-00108,45.906,0.762,0.0924,OP-H-160,ST-H-08,0.2224,low
HASM-00109,36.423,0.783,0.0729,OP-H-167,ST-H-06,0.2855,medium
HASM-00110,59.864,0.753,0.1068,OP-H-124,ST-H-20,0.3803,medium
HASM-00111,20.647,1.789,0.0182,OP-H-041,ST-H-02,0.5103,high
HASM-00112,22.094,1.123,0.1242,OP-H-083,ST-H-11,0.4319,medium
HASM-00113,33.74,1.362,0.1149,OP-H-144,ST-H-28,0.3794,medium
HASM-00114,33.446,0.889,0.031,OP-H-071,ST-H-03,0.1723,low
HASM-00115,28.509,1.214,0.053,OP-H-068,ST-H-19,0.2317,low
HASM-00116,37.211,1.112,0.1486,OP-H-125,ST-H-32,0.3108,medium
HASM-00117,54.178,0.865,0.0335,OP-H-017,ST-H-07,0.2416,low
HASM-00118,48.03,1.104,0.0955,OP-H-041,ST-H-39,0.2082,low
HASM-00119,38.17,1.031,0.1977,OP-H-064,ST-H-06,0.3094,medium
HASM-00120,35.514,0.737,0.0701,OP-H-137,ST-H-30,0.2789,medium
HASM-00121,25.488,1.248,0.1171,OP-H-098,ST-H-17,0.3604,medium
HASM-00122,47.651,1.035,0.1088,OP-H-025,ST-H-20,0.1522,low
HASM-00123,33.713,0.957,0.0906,OP-H-095,ST-H-40,0.2836,medium
HASM-00124,37.436,1.29,0.0312,OP-H-103,ST-H-36,0.131,low
HASM-00125,33.94,1.33,0.1213,OP-H-059,ST-H-34,0.3697,medium
HASM-00126,45.923,1.448,0.07,OP-H-086,ST-H-38,0.3412,medium
HASM-00127,46.166,0.646,0.0141,OP-H-152,ST-H-24,0.2203,low
HASM-00128,22.124,1.113,0.073,OP-H-097,ST-H-25,0.3429,medium
HASM-00129,36.737,0.81,0.0412,OP-H-105,ST-H-35,0.1778,low
HASM-00130,35.46,1.043,0.1101,OP-H-095,ST-H-05,0.177,low
HASM-00131,48.457,1.398,0.0668,OP-H-029,ST-H-32,0.2898,medium
HASM-00132,27.229,0.755,0.0587,OP-H-086,ST-H-12,0.2897,medium
HASM-00133,42.395,0.965,0.1808,OP-H-044,ST-H-39,0.2637,medium
HASM-00134,45.686,0.807,0.0576,OP-H-078,ST-H-39,0.2463,low
HASM-00135,56.309,0.918,0.1355,OP-H-011,ST-H-10,0.3061,medium
HASM-00136,45.183,0.654,0.0845,OP-H-167,ST-H-23,0.2863,medium
HASM-00137,48.13,0.463,0.0818,OP-H-102,ST-H-36,0.3241,medium
HASM-00138,50.978,0.696,0.043,OP-H-103,ST-H-04,0.2269,low
HASM-00139,51.265,0.859,0.0311,OP-H-144,ST-H-01,0.2138,low
HASM-00140,49.816,1.037,0.0221,OP-H-119,ST-H-04,0.107,low
HASM-00141,52.383,1.047,0.0086,OP-H-060,ST-H-04,0.1422,low
HASM-00142,26.837,0.968,0.0484,OP-H-033,ST-H-30,0.2432,low
HASM-00143,54.208,0.87,0.0636,OP-H-136,ST-H-28,0.2355,low
HASM-00144,38.871,0.702,0.1079,OP-H-033,ST-H-37,0.2828,medium
HASM-00145,51.985,0.782,0.1236,OP-H-124,ST-H-10,0.353,medium
HASM-00146,53.169,1.213,0.0681,OP-H-010,ST-H-11,0.254,medium
HASM-00147,53.281,0.924,0.0918,OP-H-059,ST-H-29,0.1528,low
HASM-00148,40.722,0.792,0.1443,OP-H-023,ST-H-36,0.2705,medium
HASM-00149,37.115,1.054,0.1999,OP-H-108,ST-H-06,0.3482,medium
HASM-00150,38.483,1.044,0.0087,OP-H-008,ST-H-30,0.0954,low
HASM-00151,49.465,0.881,0.0743,OP-H-082,ST-H-04,0.2569,medium
HASM-00152,49.797,1.002,0.0271,OP-H-164,ST-H-34,0.0681,low
HASM-00153,30.222,1.302,0.0652,OP-H-055,ST-H-14,0.2994,medium
HASM-00154,47.075,1.315,0.0925,OP-H-018,ST-H-35,0.2758,medium
HASM-00155,52.349,1.085,0.1148,OP-H-010,ST-H-19,0.2658,medium
HASM-00156,48.933,1.097,0.0597,OP-H-052,ST-H-37,0.1942,low
HASM-00157,54.932,0.854,0.0141,OP-H-074,ST-H-20,0.1666,low
HASM-00158,33.002,0.584,0.023,OP-H-105,ST-H-40,0.3192,medium
HASM-00159,50.105,1.192,0.0233,OP-H-051,ST-H-22,0.1631,low
HASM-00160,34.198,1.081,0.0296,OP-H-051,ST-H-34,0.1032,low
HASM-00161,56.474,1.311,0.0793,OP-H-085,ST-H-37,0.3932,medium
HASM-00162,37.469,0.837,0.0494,OP-H-103,ST-H-38,0.1102,low
HASM-00163,53.801,0.876,0.0862,OP-H-023,ST-H-34,0.222,low
HASM-00164,41.575,1.159,0.1623,OP-H-137,ST-H-40,0.3247,medium
HASM-00165,28.94,1.156,0.0411,OP-H-136,ST-H-24,0.2502,medium
HASM-00166,51.149,0.909,0.1242,OP-H-004,ST-H-36,0.2868,medium
HASM-00167,58.974,0.25,0.0994,OP-H-095,ST-H-40,0.6009,high
HASM-00168,46.32,1.284,0.0127,OP-H-002,ST-H-31,0.1339,low
HASM-00169,36.636,0.659,0.036,OP-H-006,ST-H-05,0.1561,low
HASM-00170,38.55,1.25,0.0345,OP-H-039,ST-H-40,0.1186,low
HASM-00171,47.378,0.933,0.0901,OP-H-029,ST-H-28,0.2002,low
HASM-00172,39.991,0.886,0.1308,OP-H-060,ST-H-40,0.2395,low
HASM-00173,43.296,1.298,0.0474,OP-H-052,ST-H-15,0.1555,low
HASM-00174,59.309,0.977,0.0168,OP-H-163,ST-H-02,0.1743,low
HASM-00175,40.26,0.366,0.1047,OP-H-167,ST-H-09,0.3969,medium
HASM-00176,38.415,1.218,0.0215,OP-H-120,ST-H-35,0.1695,low
HASM-00177,49.848,0.695,0.0349,OP-H-045,ST-H-09,0.2442,low
HASM-00178,33.656,0.983,0.0805,OP-H-012,ST-H-35,0.2991,medium
HASM-00179,41.98,0.992,0.0184,OP-H-060,ST-H-07,0.0716,low
HASM-00180,43.928,0.819,0.0338,OP-H-075,ST-H-25,0.0618,low
HASM-00181,45.913,1.277,0.062,OP-H-004,ST-H-11,0.2559,medium
HASM-00182,28.209,0.969,0.1026,OP-H-065,ST-H-20,0.2486,low
HASM-00183,50.089,1.104,0.0454,OP-H-068,ST-H-17,0.1785,low
HASM-00184,18.649,1.087,0.0458,OP-H-043,ST-H-02,0.3364,medium
HASM-00185,50.024,1.228,0.0817,OP-H-063,ST-H-03,0.2704,medium
HASM-00186,37.379,1.275,0.119,OP-H-002,ST-H-22,0.2898,medium
HASM-00187,63.892,0.361,0.2269,OP-H-013,ST-H-16,0.8014,critical
HASM-00188,43.842,1.248,0.0576,OP-H-089,ST-H-19,0.2247,low
HASM-00189,46.108,1.065,0.1388,OP-H-050,ST-H-13,0.2359,low
HASM-00190,31.115,0.842,0.0082,OP-H-124,ST-H-17,0.1608,low
HASM-00191,36.397,0.634,0.1048,OP-H-063,ST-H-19,0.3316,medium
HASM-00192,42.11,0.812,0.0155,OP-H-099,ST-H-05,0.0912,low
HASM-00193,57.46,0.964,0.0196,OP-H-172,ST-H-16,0.1575,low
HASM-00194,50.243,0.826,0.062,OP-H-107,ST-H-21,0.1994,low
HASM-00195,37.255,0.816,0.0726,OP-H-008,ST-H-30,0.1536,low
HASM-00196,52.718,1.216,0.096,OP-H-054,ST-H-19,0.2007,low
HASM-00197,43.486,1.069,0.0643,OP-H-082,ST-H-19,0.08,low
HASM-00198,36.227,1.279,0.0886,OP-H-167,ST-H-39,0.2472,low
HASM-00199,50.94,0.596,0.0155,OP-H-129,ST-H-40,0.2438,low
HASM-00200,50.136,0.709,0.1652,OP-H-044,ST-H-20,0.4384,medium
HASM-00201,47.858,1.133,0.0075,OP-H-123,ST-H-24,0.0833,low
HASM-00202,47.127,0.928,0.0125,OP-H-069,ST-H-11,0.0191,low
HASM-00203,41.294,1.011,0.0624,OP-H-084,ST-H-29,0.1644,low
HASM-00204,47.98,1.173,0.0848,OP-H-068,ST-H-23,0.1929,low
HASM-00205,52.489,1.315,0.1061,OP-H-155,ST-H-13,0.3714,medium
HASM-00206,51.523,1.261,0.0469,OP-H-151,ST-H-21,0.2202,low
HASM-00207,43.058,1.519,0.0674,OP-H-003,ST-H-20,0.2442,low
HASM-00208,51.916,1.212,0.1607,OP-H-054,ST-H-26,0.3583,medium
HASM-00209,53.755,1.28,0.2672,OP-H-149,ST-H-34,0.6365,high
HASM-00210,45.331,0.893,0.1866,OP-H-023,ST-H-29,0.3283,medium
HASM-00211,40.763,1.292,0.0148,OP-H-022,ST-H-20,0.1302,low
HASM-00212,36.19,1.224,0.0964,OP-H-002,ST-H-11,0.2571,medium
HASM-00213,45.605,0.839,0.1847,OP-H-111,ST-H-14,0.398,medium
HASM-00214,43.73,1.346,0.131,OP-H-039,ST-H-01,0.3427,medium
HASM-00215,39.111,1.298,0.0565,OP-H-177,ST-H-39,0.2115,low
HASM-00216,59.836,0.921,0.0135,OP-H-122,ST-H-05,0.2089,low
HASM-00217,26.614,0.941,0.0658,OP-H-139,ST-H-18,0.2947,medium
HASM-00218,44.515,1.023,0.0253,OP-H-126,ST-H-05,0.036,low
HASM-00219,31.393,0.918,0.0465,OP-H-172,ST-H-29,0.1385,low
HASM-00220,46.346,1.1,0.0677,OP-H-006,ST-H-31,0.1888,low
HASM-00221,41.036,0.729,0.1394,OP-H-121,ST-H-29,0.2715,medium
HASM-00222,53.203,0.621,0.0682,OP-H-110,ST-H-09,0.3412,medium
HASM-00223,41.906,0.714,0.1169,OP-H-127,ST-H-33,0.3048,medium
HASM-00224,36.869,1.069,0.0727,OP-H-012,ST-H-40,0.1572,low
HASM-00225,38.925,0.801,0.0297,OP-H-050,ST-H-16,0.1519,low
HASM-00226,59.707,1.769,0.0991,OP-H-001,ST-H-32,0.5878,high
HASM-00227,26.567,0.948,0.0573,OP-H-107,ST-H-33,0.1791,low
HASM-00228,39.122,0.783,0.0598,OP-H-075,ST-H-24,0.1918,low
HASM-00229,58.975,0.957,0.036,OP-H-067,ST-H-17,0.1824,low
HASM-00230,33.289,1.174,0.0817,OP-H-053,ST-H-01,0.284,medium
HASM-00231,35.573,1.115,0.0464,OP-H-149,ST-H-28,0.1441,low
HASM-00232,34.793,1.071,0.0252,OP-H-122,ST-H-05,0.1184,low
HASM-00233,43.468,1.13,0.0287,OP-H-047,ST-H-23,0.107,low
HASM-00234,39.675,0.814,0.0361,OP-H-139,ST-H-35,0.1627,low
HASM-00235,37.151,1.177,0.0971,OP-H-064,ST-H-13,0.1892,low
HASM-00236,43.464,0.675,0.0723,OP-H-089,ST-H-10,0.258,medium
HASM-00237,24.81,1.239,0.1327,OP-H-059,ST-H-28,0.3872,medium
HASM-00238,39.108,0.628,0.1038,OP-H-100,ST-H-02,0.3072,medium
HASM-00239,36.082,1.558,0.0376,OP-H-120,ST-H-31,0.2959,medium
HASM-00240,52.086,1.397,0.0961,OP-H-009,ST-H-26,0.3082,medium
HASM-00241,44.902,0.53,0.0276,OP-H-054,ST-H-32,0.3138,medium
HASM-00242,50.12,1.05,0.0596,OP-H-151,ST-H-05,0.125,low
HASM-00243,39.085,1.077,0.0842,OP-H-065,ST-H-34,0.1823,low
HASM-00244,47.231,1.159,0.0175,OP-H-147,ST-H-25,0.165,low
HASM-00245,38.986,0.977,0.0341,OP-H-068,ST-H-08,0.074,low
HASM-00246,32.684,1.384,0.0685,OP-H-149,ST-H-26,0.3274,medium
HASM-00247,48.588,0.645,0.0931,OP-H-162,ST-H-21,0.3176,medium
HASM-00248,50.859,0.783,0.0441,OP-H-149,ST-H-08,0.2222,low
HASM-00249,39.129,0.801,0.0097,OP-H-059,ST-H-16,0.1359,low
HASM-00250,49.899,0.969,0.0202,OP-H-093,ST-H-06,0.0865,low
HASM-00251,41.293,0.713,0.054,OP-H-040,ST-H-06,0.1436,low
HASM-00252,51.281,1.28,0.032,OP-H-010,ST-H-24,0.3063,medium
HASM-00253,30.234,0.974,0.1616,OP-H-096,ST-H-10,0.308,medium
HASM-00254,31.523,0.747,0.0503,OP-H-103,ST-H-12,0.2945,medium
HASM-00255,41.286,1.073,0.0412,OP-H-109,ST-H-01,0.1002,low
HASM-00256,44.33,0.94,0.0533,OP-H-143,ST-H-02,0.06,low
HASM-00257,47.083,0.837,0.0494,OP-H-060,ST-H-37,0.2136,low
HASM-00258,39.218,0.817,0.0785,OP-H-154,ST-H-39,0.1246,low
HASM-00259,56.889,0.937,0.047,OP-H-112,ST-H-28,0.2727,medium
HASM-00260,26.961,1.067,0.0461,OP-H-101,ST-H-20,0.2131,low
HASM-00261,36.107,1.207,0.1337,OP-H-069,ST-H-23,0.2745,medium
HASM-00262,57.685,1.251,0.0408,OP-H-066,ST-H-24,0.3114,medium
HASM-00263,40.762,1.013,0.0637,OP-H-010,ST-H-06,0.1153,low
HASM-00264,51.428,1.043,0.1155,OP-H-094,ST-H-17,0.2714,medium
HASM-00265,49.188,1.261,0.0184,OP-H-075,ST-H-30,0.15,low
HASM-00266,44.024,0.87,0.0431,OP-H-177,ST-H-28,0.0741,low
HASM-00267,38.178,0.807,0.0057,OP-H-139,ST-H-21,0.1415,low
HASM-00268,45.285,1.057,0.1172,OP-H-029,ST-H-25,0.148,low
HASM-00269,33.844,0.858,0.0575,OP-H-167,ST-H-35,0.2156,low
HASM-00270,35.35,1.096,0.0284,OP-H-130,ST-H-25,0.1391,low
HASM-00271,35.214,1.073,0.0318,OP-H-180,ST-H-38,0.095,low
HASM-00272,54.278,0.583,0.0586,OP-H-066,ST-H-08,0.3355,medium
HASM-00273,51.55,0.956,0.0551,OP-H-168,ST-H-11,0.1113,low
HASM-00274,21.77,1.035,0.0526,OP-H-009,ST-H-35,0.2915,medium
HASM-00275,54.563,1.433,0.0455,OP-H-003,ST-H-30,0.3029,medium
HASM-00276,43.744,1.262,0.0528,OP-H-147,ST-H-35,0.1781,low
HASM-00277,42.284,1.666,0.0469,OP-H-113,ST-H-39,0.3582,medium
HASM-00278,51.082,0.805,0.119,OP-H-092,ST-H-24,0.3903,medium
HASM-00279,51.309,1.518,0.0794,OP-H-180,ST-H-24,0.459,medium
HASM-00280,41.98,0.68,0.1019,OP-H-104,ST-H-40,0.2284,low
HASM-00281,47.022,1.135,0.051,OP-H-067,ST-H-39,0.2385,low
HASM-00282,44.651,1.079,0.0573,OP-H-024,ST-H-31,0.0927,low
HASM-00283,35.064,1.066,0.0281,OP-H-172,ST-H-27,0.234,low
HASM-00284,43.858,1.016,0.1025,OP-H-039,ST-H-33,0.1661,low
HASM-00285,34.35,0.777,0.0287,OP-H-017,ST-H-21,0.1722,low
HASM-00286,44.022,1.035,0.07,OP-H-118,ST-H-01,0.1069,low
HASM-00287,52.989,0.603,0.0344,OP-H-053,ST-H-25,0.3062,medium
HASM-00288,40.456,1.082,0.2726,OP-H-148,ST-H-31,0.4213,medium
HASM-00289,61.05,0.734,0.0536,OP-H-043,ST-H-02,0.3698,medium
HASM-00290,26.261,0.82,0.0837,OP-H-169,ST-H-05,0.3929,medium
HASM-00291,29.869,0.807,0.1896,OP-H-165,ST-H-36,0.4809,medium
HASM-00292,38.058,0.877,0.0816,OP-H-156,ST-H-39,0.2235,low
HASM-00293,49.777,1.035,0.1356,OP-H-156,ST-H-37,0.2727,medium
HASM-00294,39.914,1.101,0.0761,OP-H-064,ST-H-19,0.1593,low
HASM-00295,38.238,1.002,0.0103,OP-H-017,ST-H-12,0.025,low
HASM-00296,40.592,0.578,0.0577,OP-H-152,ST-H-03,0.216,low
HASM-00297,43.983,0.825,0.0257,OP-H-145,ST-H-22,0.0707,low
HASM-00298,42.124,0.44,0.0649,OP-H-082,ST-H-38,0.2936,medium
HASM-00299,51.119,1.704,0.1368,OP-H-078,ST-H-19,0.51,high
HASM-00300,50.544,1.214,0.0496,OP-H-008,ST-H-09,0.2222,low
HASM-00301,42.2,1.238,0.061,OP-H-022,ST-H-18,0.1212,low
HASM-00302,39.999,0.877,0.0276,OP-H-132,ST-H-27,0.153,low
HASM-00303,57.684,0.792,0.0202,OP-H-034,ST-H-35,0.2526,medium
HASM-00304,46.794,1.105,0.0692,OP-H-157,ST-H-27,0.1926,low
HASM-00305,37.001,1.026,0.0869,OP-H-080,ST-H-32,0.2177,low
HASM-00306,38.624,0.34,0.0503,OP-H-114,ST-H-28,0.3581,medium
HASM-00307,46.366,0.829,0.0806,OP-H-169,ST-H-13,0.3149,medium
HASM-00308,42.634,1.034,0.0507,OP-H-123,ST-H-21,0.0768,low
HASM-00309,26.384,0.818,0.109,OP-H-104,ST-H-24,0.4267,medium
HASM-00310,51.419,0.448,0.0514,OP-H-091,ST-H-07,0.3546,medium
HASM-00311,45.951,1.049,0.0716,OP-H-015,ST-H-29,0.1252,low
HASM-00312,38.301,0.802,0.0696,OP-H-016,ST-H-18,0.1928,low
HASM-00313,28.84,1.351,0.1173,OP-H-118,ST-H-21,0.4352,medium
HASM-00314,36.134,0.885,0.0457,OP-H-005,ST-H-02,0.1654,low
HASM-00315,26.592,0.682,0.0575,OP-H-147,ST-H-13,0.3205,medium
HASM-00316,51.687,1.165,0.0609,OP-H-113,ST-H-06,0.2505,medium
HASM-00317,36.034,1.075,0.0297,OP-H-092,ST-H-25,0.1067,low
HASM-00318,42.027,0.895,0.0441,OP-H-152,ST-H-34,0.1008,low
HASM-00319,37.632,1.459,0.1077,OP-H-133,ST-H-17,0.3833,medium
HASM-00320,42.842,0.829,0.0669,OP-H-006,ST-H-05,0.1258,low
HASM-00321,33.376,0.995,0.0595,OP-H-037,ST-H-28,0.1457,low
HASM-00322,45.492,0.916,0.0757,OP-H-161,ST-H-19,0.1542,low
HASM-00323,44.119,1.287,0.0304,OP-H-148,ST-H-23,0.222,low
HASM-00324,39.858,1.101,0.0704,OP-H-008,ST-H-11,0.1463,low
HASM-00325,45.199,1.214,0.1069,OP-H-145,ST-H-32,0.1927,low
HASM-00326,64.816,1.452,0.0721,OP-H-052,ST-H-04,0.5549,high
HASM-00327,39.356,0.59,0.0373,OP-H-023,ST-H-10,0.2577,medium
HASM-00328,45.899,1.103,0.0586,OP-H-066,ST-H-13,0.1597,low
HASM-00329,39.388,1.062,0.1911,OP-H-074,ST-H-05,0.2831,medium
HASM-00330,23.67,1.05,0.0267,OP-H-059,ST-H-03,0.2025,low
HASM-00331,43.915,0.546,0.1147,OP-H-152,ST-H-15,0.335,medium
HASM-00332,42.333,0.795,0.0752,OP-H-124,ST-H-06,0.1765,low
HASM-00333,39.648,1.257,0.2445,OP-H-166,ST-H-26,0.3479,medium
HASM-00334,45.506,1.045,0.1121,OP-H-176,ST-H-15,0.1904,low
HASM-00335,48.829,1.03,0.084,OP-H-026,ST-H-12,0.1444,low
HASM-00336,44.294,0.748,0.0787,OP-H-132,ST-H-11,0.2656,medium
HASM-00337,57.686,1.233,0.0566,OP-H-147,ST-H-23,0.3506,medium
HASM-00338,51.26,0.886,0.0392,OP-H-152,ST-H-10,0.2128,low
HASM-00339,48.182,1.367,0.0099,OP-H-139,ST-H-17,0.2474,low
HASM-00340,40.449,0.431,0.0634,OP-H-127,ST-H-10,0.368,medium
HASM-00341,32.933,0.916,0.0269,OP-H-100,ST-H-14,0.2793,medium
HASM-00342,35.721,0.619,0.0152,OP-H-044,ST-H-33,0.3134,medium
HASM-00343,38.622,1.069,0.0449,OP-H-116,ST-H-22,0.1546,low
HASM-00344,31.352,0.738,0.0285,OP-H-117,ST-H-19,0.2934,medium
HASM-00345,65.428,1.476,0.0563,OP-H-161,ST-H-29,0.4636,medium
HASM-00346,48.122,0.935,0.0132,OP-H-152,ST-H-02,0.0651,low
HASM-00347,37.665,0.625,0.0186,OP-H-122,ST-H-39,0.1843,low
HASM-00348,51.331,0.889,0.0411,OP-H-156,ST-H-39,0.1312,low
HASM-00349,36.705,0.943,0.0719,OP-H-024,ST-H-15,0.1537,low
HASM-00350,37.824,1.096,0.0395,OP-H-152,ST-H-29,0.1054,low
HASM-00351,35.091,0.417,0.0438,OP-H-005,ST-H-34,0.391,medium
HASM-00352,23.67,1.078,0.1085,OP-H-019,ST-H-39,0.3377,medium
HASM-00353,37.198,0.823,0.12,OP-H-115,ST-H-33,0.2452,low
HASM-00354,26.876,0.698,0.1245,OP-H-110,ST-H-08,0.4287,medium
HASM-00355,45.607,0.84,0.0257,OP-H-029,ST-H-31,0.2022,low
HASM-00356,44.274,1.219,0.08,OP-H-022,ST-H-35,0.252,medium
HASM-00357,43.821,0.939,0.0161,OP-H-099,ST-H-25,0.0702,low
HASM-00358,34.615,0.904,0.0355,OP-H-058,ST-H-10,0.1308,low
HASM-00359,44.329,0.77,0.1607,OP-H-035,ST-H-23,0.3645,medium
HASM-00360,39.437,1.116,0.107,OP-H-020,ST-H-38,0.2821,medium
HASM-00361,33.717,1.182,0.0254,OP-H-045,ST-H-01,0.2523,medium
HASM-00362,48.556,1.052,0.0611,OP-H-081,ST-H-13,0.1789,low
HASM-00363,31.991,1.216,0.1366,OP-H-147,ST-H-30,0.286,medium
HASM-00364,39.921,0.993,0.0437,OP-H-082,ST-H-17,0.0797,low
HASM-00365,50.533,0.973,0.0335,OP-H-016,ST-H-15,0.1213,low
HASM-00366,37.485,0.794,0.1088,OP-H-117,ST-H-39,0.3015,medium
HASM-00367,34.58,0.837,0.0202,OP-H-076,ST-H-31,0.0908,low
HASM-00368,33.319,1.155,0.0725,OP-H-051,ST-H-20,0.2625,medium
HASM-00369,38.669,0.945,0.0684,OP-H-141,ST-H-09,0.063,low
HASM-00370,36.431,1.299,0.0493,OP-H-138,ST-H-30,0.1954,low
HASM-00371,43.245,1.008,0.0838,OP-H-024,ST-H-21,0.161,low
HASM-00372,46.907,0.867,0.0731,OP-H-059,ST-H-26,0.1733,low
HASM-00373,25.052,1.517,0.1281,OP-H-096,ST-H-26,0.5466,high
HASM-00374,50.367,0.643,0.0258,OP-H-176,ST-H-30,0.244,low
HASM-00375,38.555,1.305,0.0591,OP-H-148,ST-H-02,0.216,low
HASM-00376,36.094,1.246,0.0073,OP-H-063,ST-H-29,0.2535,medium
HASM-00377,33.503,0.789,0.1823,OP-H-163,ST-H-19,0.4054,medium
HASM-00378,36.515,0.593,0.0197,OP-H-063,ST-H-17,0.2186,low
HASM-00379,35.077,1.006,0.0612,OP-H-015,ST-H-07,0.183,low
HASM-00380,56.261,1.068,0.0849,OP-H-010,ST-H-39,0.2559,medium
HASM-00381,48.63,0.832,0.1091,OP-H-042,ST-H-30,0.2963,medium
HASM-00382,44.523,0.956,0.0607,OP-H-169,ST-H-09,0.1008,low
HASM-00383,43.632,0.998,0.0976,OP-H-086,ST-H-34,0.1838,low
HASM-00384,47.24,1.079,0.0986,OP-H-136,ST-H-14,0.2286,low
HASM-00385,52.261,1.279,0.1357,OP-H-009,ST-H-05,0.4063,medium
HASM-00386,51.198,1.102,0.0474,OP-H-170,ST-H-31,0.2427,low
HASM-00387,36.648,1.288,0.2402,OP-H-008,ST-H-39,0.4788,medium
HASM-00388,31.618,0.746,0.0505,OP-H-094,ST-H-10,0.2724,medium
HASM-00389,47.046,1.043,0.0228,OP-H-087,ST-H-09,0.0727,low
HASM-00390,45.031,1.203,0.0571,OP-H-156,ST-H-26,0.1629,low
HASM-00391,42.67,0.708,0.1239,OP-H-025,ST-H-05,0.182,low
HASM-00392,39.475,0.756,0.0128,OP-H-063,ST-H-11,0.1535,low
HASM-00393,36.679,0.717,0.0066,OP-H-077,ST-H-09,0.1962,low
HASM-00394,33.482,0.913,0.0693,OP-H-173,ST-H-12,0.2037,low
HASM-00395,28.486,0.68,0.1774,OP-H-008,ST-H-03,0.4933,medium
HASM-00396,42.31,0.986,0.0407,OP-H-133,ST-H-20,0.0,low
HASM-00397,49.23,0.683,0.101,OP-H-100,ST-H-28,0.3502,medium
HASM-00398,33.642,0.765,0.0238,OP-H-120,ST-H-08,0.2273,low
HASM-00399,49.123,1.303,0.0277,OP-H-131,ST-H-04,0.227,low
HASM-00400,47.474,0.828,0.0862,OP-H-099,ST-H-24,0.2003,low
HASM-00401,37.439,0.827,0.0817,OP-H-132,ST-H-05,0.2172,low
HASM-00402,44.343,1.19,0.1611,OP-H-134,ST-H-11,0.2417,low
HASM-00403,31.295,1.263,0.0969,OP-H-052,ST-H-11,0.3416,medium
HASM-00404,37.96,1.17,0.0827,OP-H-092,ST-H-38,0.2277,low
HASM-00405,43.592,1.748,0.032,OP-H-109,ST-H-05,0.2868,medium
HASM-00406,65.375,1.198,0.075,OP-H-060,ST-H-34,0.3994,medium
HASM-00407,22.808,1.044,0.0217,OP-H-030,ST-H-29,0.2958,medium
HASM-00408,40.767,1.367,0.0521,OP-H-092,ST-H-36,0.1692,low
HASM-00409,48.544,1.001,0.037,OP-H-070,ST-H-31,0.1356,low
HASM-00410,49.717,1.538,0.1129,OP-H-006,ST-H-04,0.4239,medium
HASM-00411,40.268,1.509,0.0351,OP-H-083,ST-H-38,0.2604,medium
HASM-00412,29.311,0.906,0.1965,OP-H-070,ST-H-40,0.4051,medium
HASM-00413,38.29,0.727,0.0647,OP-H-012,ST-H-03,0.2544,medium
HASM-00414,47.632,0.789,0.0313,OP-H-038,ST-H-12,0.2115,low
HASM-00415,44.594,0.416,0.025,OP-H-178,ST-H-10,0.3056,medium
HASM-00416,46.719,1.06,0.0613,OP-H-096,ST-H-14,0.1295,low
HASM-00417,45.836,1.122,0.0688,OP-H-136,ST-H-13,0.1717,low
HASM-00418,48.098,1.356,0.0626,OP-H-117,ST-H-11,0.2624,medium
HASM-00419,39.731,0.529,0.0729,OP-H-087,ST-H-32,0.3252,medium
HASM-00420,44.576,0.631,0.0253,OP-H-160,ST-H-34,0.1818,low
HASM-00421,55.25,1.014,0.0404,OP-H-026,ST-H-08,0.2274,low
HASM-00422,29.232,1.305,0.1147,OP-H-122,ST-H-23,0.4472,medium
HASM-00423,43.996,1.363,0.0876,OP-H-136,ST-H-26,0.2435,low
HASM-00424,49.283,0.978,0.2077,OP-H-017,ST-H-40,0.3493,medium
HASM-00425,38.486,0.748,0.0161,OP-H-032,ST-H-01,0.1407,low
HASM-00426,34.329,1.288,0.0214,OP-H-174,ST-H-17,0.2135,low
HASM-00427,51.817,1.065,0.0911,OP-H-018,ST-H-36,0.2217,low
HASM-00428,39.524,0.838,0.0784,OP-H-120,ST-H-28,0.1512,low
HASM-00429,52.359,1.074,0.0329,OP-H-146,ST-H-16,0.1796,low
HASM-00430,27.767,1.07,0.0718,OP-H-051,ST-H-08,0.1462,low
HASM-00431,59.574,0.818,0.028,OP-H-071,ST-H-24,0.2684,medium
HASM-00432,46.239,0.912,0.1426,OP-H-174,ST-H-23,0.2908,medium
HASM-00433,37.055,0.936,0.0263,OP-H-054,ST-H-34,0.0217,low
HASM-00434,38.583,0.701,0.0279,OP-H-051,ST-H-22,0.2,low
HASM-00435,31.207,1.252,0.0588,OP-H-075,ST-H-26,0.2733,medium
HASM-00436,54.774,0.964,0.0226,OP-H-064,ST-H-07,0.194,low
HASM-00437,49.578,0.949,0.1252,OP-H-155,ST-H-40,0.2282,low
HASM-00438,27.069,1.305,0.1343,OP-H-015,ST-H-16,0.4159,medium
HASM-00439,36.392,1.187,0.0704,OP-H-120,ST-H-11,0.2244,low
HASM-00440,45.763,0.851,0.15,OP-H-030,ST-H-20,0.2315,low
HASM-00441,42.019,1.083,0.1025,OP-H-070,ST-H-14,0.164,low
HASM-00442,49.464,1.188,0.074,OP-H-007,ST-H-25,0.2749,medium
HASM-00443,22.443,0.963,0.0674,OP-H-078,ST-H-32,0.346,medium
HASM-00444,26.467,0.957,0.0398,OP-H-138,ST-H-38,0.2183,low
HASM-00445,33.113,1.23,0.0329,OP-H-095,ST-H-04,0.2221,low
HASM-00446,46.476,1.14,0.1177,OP-H-070,ST-H-32,0.2903,medium
HASM-00447,41.462,0.735,0.0271,OP-H-008,ST-H-15,0.1512,low
HASM-00448,31.903,1.151,0.0687,OP-H-174,ST-H-29,0.2321,low
HASM-00449,23.409,0.866,0.0729,OP-H-084,ST-H-30,0.2838,medium
HASM-00450,47.559,1.713,0.0209,OP-H-071,ST-H-33,0.3381,medium
HASM-00451,29.819,1.093,0.1362,OP-H-163,ST-H-20,0.3542,medium
HASM-00452,27.058,1.285,0.1025,OP-H-170,ST-H-27,0.4119,medium
HASM-00453,29.849,0.694,0.0274,OP-H-179,ST-H-28,0.3236,medium
HASM-00454,35.897,0.74,0.0714,OP-H-091,ST-H-12,0.26,medium
HASM-00455,51.731,1.144,0.1242,OP-H-156,ST-H-32,0.2367,low
HASM-00456,54.129,1.041,0.0387,OP-H-162,ST-H-09,0.1502,low
HASM-00457,45.763,0.96,0.0409,OP-H-061,ST-H-02,0.0201,low
HASM-00458,59.749,1.174,0.0887,OP-H-130,ST-H-09,0.3283,medium
HASM-00459,27.585,1.561,0.0605,OP-H-144,ST-H-06,0.4682,medium
HASM-00460,48.142,1.224,0.1143,OP-H-160,ST-H-23,0.3471,medium
HASM-00461,43.429,1.396,0.0825,OP-H-124,ST-H-10,0.3281,medium
HASM-00462,35.714,0.51,0.0339,OP-H-021,ST-H-33,0.2801,medium
HASM-00463,27.571,0.527,0.185,OP-H-094,ST-H-17,0.5814,high
HASM-00464,47.034,0.682,0.0266,OP-H-061,ST-H-02,0.2396,low
HASM-00465,39.614,0.876,0.0441,OP-H-169,ST-H-07,0.1793,low
HASM-00466,48.468,0.968,0.0754,OP-H-032,ST-H-34,0.0733,low
HASM-00467,37.66,0.861,0.0763,OP-H-163,ST-H-30,0.1373,low
HASM-00468,28.357,1.307,0.0117,OP-H-085,ST-H-27,0.3333,medium
HASM-00469,35.025,1.451,0.0539,OP-H-112,ST-H-04,0.3313,medium
HASM-00470,27.19,1.292,0.0436,OP-H-112,ST-H-19,0.296,medium
HASM-00471,39.993,0.642,0.0305,OP-H-177,ST-H-29,0.1975,low
HASM-00472,34.692,1.446,0.0077,OP-H-178,ST-H-15,0.2428,low
HASM-00473,31.208,1.471,0.0464,OP-H-116,ST-H-14,0.4439,medium
HASM-00474,46.584,1.407,0.0199,OP-H-141,ST-H-06,0.2805,medium
HASM-00475,39.196,1.045,0.0157,OP-H-012,ST-H-21,0.0587,low
HASM-00476,42.847,0.51,0.1038,OP-H-162,ST-H-01,0.3499,medium
HASM-00477,49.938,0.866,0.1729,OP-H-097,ST-H-28,0.3136,medium
HASM-00478,31.989,1.014,0.0658,OP-H-054,ST-H-01,0.1856,low
HASM-00479,38.511,0.8,0.1203,OP-H-006,ST-H-10,0.2798,medium
HASM-00480,37.319,1.467,0.0636,OP-H-044,ST-H-37,0.3733,medium
HASM-00481,49.583,0.884,0.0912,OP-H-015,ST-H-20,0.2724,medium
HASM-00482,26.821,0.899,0.0284,OP-H-050,ST-H-40,0.2218,low
HASM-00483,51.956,0.921,0.1185,OP-H-153,ST-H-06,0.3387,medium
HASM-00484,40.466,0.85,0.0453,OP-H-090,ST-H-26,0.1231,low
HASM-00485,39.422,1.251,0.0684,OP-H-141,ST-H-12,0.2349,low
HASM-00486,26.543,0.815,0.0808,OP-H-073,ST-H-40,0.2935,medium
HASM-00487,46.066,0.937,0.1695,OP-H-085,ST-H-34,0.3456,medium
HASM-00488,42.619,1.008,0.0287,OP-H-040,ST-H-18,0.0581,low
HASM-00489,47.671,1.239,0.1104,OP-H-174,ST-H-18,0.2764,medium
HASM-00490,29.846,1.273,0.1729,OP-H-156,ST-H-40,0.4583,medium
HASM-00491,32.834,1.345,0.0269,OP-H-037,ST-H-05,0.2942,medium
HASM-00492,35.581,1.302,0.0707,OP-H-072,ST-H-11,0.261,medium
HASM-00493,27.86,1.01,0.1082,OP-H-068,ST-H-15,0.2321,low
HASM-00494,20.198,1.149,0.0585,OP-H-134,ST-H-24,0.2751,medium
HASM-00495,36.827,1.08,0.0907,OP-H-143,ST-H-20,0.2202,low
HASM-00496,46.707,0.799,0.0918,OP-H-045,ST-H-39,0.2152,low
HASM-00497,36.78,1.487,0.0877,OP-H-087,ST-H-12,0.3727,medium
HASM-00498,48.934,1.382,0.0935,OP-H-009,ST-H-15,0.3309,medium
HASM-00499,44.625,1.307,0.0665,OP-H-180,ST-H-29,0.1696,low
HASM-00500,32.527,1.037,0.0183,OP-H-144,ST-H-26,0.1819,low
HASM-00501,44.842,0.507,0.1704,OP-H-140,ST-H-28,0.4288,medium
HASM-00502,36.359,1.365,0.0239,OP-H-177,ST-H-20,0.2638,medium
HASM-00503,39.668,1.195,0.0361,OP-H-122,ST-H-27,0.1727,low
HASM-00504,20.347,0.669,0.0718,OP-H-104,ST-H-12,0.4251,medium
HASM-00505,48.457,1.154,0.0094,OP-H-164,ST-H-21,0.1438,low
HASM-00506,45.866,0.755,0.0311,OP-H-128,ST-H-10,0.2079,low
HASM-00507,32.72,0.329,0.0349,OP-H-098,ST-H-31,0.3805,medium
HASM-00508,36.818,1.151,0.1193,OP-H-036,ST-H-17,0.3288,medium
HASM-00509,49.808,1.263,0.0617,OP-H-006,ST-H-24,0.2827,medium
HASM-00510,28.666,0.604,0.0378,OP-H-151,ST-H-09,0.3888,medium
HASM-00511,48.43,0.856,0.0489,OP-H-070,ST-H-10,0.2222,low
HASM-00512,28.153,0.782,0.069,OP-H-148,ST-H-38,0.3015,medium
HASM-00513,45.739,1.698,0.0503,OP-H-113,ST-H-20,0.421,medium
HASM-00514,39.439,0.912,0.0738,OP-H-129,ST-H-31,0.1666,low
HASM-00515,55.383,0.652,0.0143,OP-H-008,ST-H-05,0.2969,medium
HASM-00516,32.395,1.004,0.0499,OP-H-141,ST-H-38,0.1665,low
HASM-00517,34.369,1.02,0.0228,OP-H-165,ST-H-35,0.0791,low
HASM-00518,26.502,0.562,0.0204,OP-H-136,ST-H-05,0.2955,medium
HASM-00519,49.936,0.941,0.0521,OP-H-135,ST-H-21,0.2409,low
HASM-00520,34.988,0.829,0.1082,OP-H-077,ST-H-37,0.2692,medium
HASM-00521,44.855,1.317,0.0163,OP-H-003,ST-H-38,0.2234,low
HASM-00522,50.184,1.058,0.0464,OP-H-015,ST-H-36,0.1405,low
HASM-00523,60.098,1.057,0.0416,OP-H-136,ST-H-24,0.2776,medium
HASM-00524,36.412,1.159,0.048,OP-H-133,ST-H-14,0.1673,low
HASM-00525,50.901,1.9,0.0433,OP-H-115,ST-H-13,0.4886,medium
HASM-00526,31.093,0.832,0.1539,OP-H-087,ST-H-26,0.3206,medium
HASM-00527,27.716,1.343,0.0336,OP-H-079,ST-H-26,0.2823,medium
HASM-00528,50.442,0.98,0.0758,OP-H-165,ST-H-25,0.1098,low
HASM-00529,42.302,1.054,0.1163,OP-H-146,ST-H-12,0.1731,low
HASM-00530,46.966,1.013,0.0744,OP-H-110,ST-H-10,0.1536,low
HASM-00531,31.814,0.364,0.1697,OP-H-074,ST-H-04,0.5518,high
HASM-00532,48.664,0.601,0.085,OP-H-119,ST-H-14,0.2734,medium
HASM-00533,29.98,1.152,0.053,OP-H-111,ST-H-30,0.2602,medium
HASM-00534,36.415,0.778,0.0678,OP-H-118,ST-H-35,0.2117,low
HASM-00535,68.508,1.619,0.0559,OP-H-010,ST-H-20,0.539,high
HASM-00536,40.025,0.564,0.0063,OP-H-013,ST-H-21,0.1903,low
HASM-00537,57.206,0.701,0.28,OP-H-017,ST-H-17,0.6145,high
HASM-00538,32.922,0.745,0.1327,OP-H-171,ST-H-36,0.3938,medium
HASM-00539,22.671,0.745,0.1557,OP-H-171,ST-H-18,0.4151,medium
HASM-00540,51.553,1.077,0.28,OP-H-180,ST-H-25,0.5479,high
HASM-00541,46.448,1.169,0.047,OP-H-045,ST-H-07,0.1994,low
HASM-00542,42.748,0.894,0.0471,OP-H-163,ST-H-33,0.1014,low
HASM-00543,46.477,0.708,0.0915,OP-H-100,ST-H-09,0.3358,medium
HASM-00544,41.807,0.797,0.0975,OP-H-110,ST-H-07,0.2638,medium
HASM-00545,41.638,0.865,0.0509,OP-H-100,ST-H-15,0.1487,low
HASM-00546,28.79,0.999,0.0191,OP-H-113,ST-H-15,0.1079,low
HASM-00547,50.631,0.836,0.0218,OP-H-128,ST-H-01,0.2168,low
HASM-00548,32.051,1.046,0.0379,OP-H-082,ST-H-22,0.1446,low
HASM-00549,35.871,0.846,0.0249,OP-H-074,ST-H-09,0.142,low
HASM-00550,50.825,1.042,0.0365,OP-H-155,ST-H-40,0.1518,low
HASM-00551,51.858,1.12,0.1212,OP-H-108,ST-H-10,0.3429,medium
HASM-00552,37.918,1.064,0.0321,OP-H-017,ST-H-09,0.1086,low
HASM-00553,46.128,1.167,0.0502,OP-H-050,ST-H-26,0.2345,low
HASM-00554,37.233,0.809,0.0703,OP-H-026,ST-H-09,0.1247,low
HASM-00555,51.377,0.986,0.0349,OP-H-058,ST-H-18,0.0921,low
HASM-00556,43.99,0.903,0.1303,OP-H-132,ST-H-05,0.236,low
HASM-00557,35.941,1.056,0.0371,OP-H-137,ST-H-33,0.1733,low
HASM-00558,34.312,0.708,0.0816,OP-H-014,ST-H-18,0.2733,medium
HASM-00559,42.576,0.94,0.1222,OP-H-087,ST-H-14,0.1391,low
HASM-00560,57.771,1.097,0.1015,OP-H-138,ST-H-34,0.3232,medium
HASM-00561,33.383,0.726,0.0296,OP-H-066,ST-H-23,0.2044,low
HASM-00562,28.364,1.118,0.0331,OP-H-161,ST-H-15,0.2551,medium
HASM-00563,55.575,0.301,0.1204,OP-H-001,ST-H-39,0.5168,high
HASM-00564,30.806,0.916,0.037,OP-H-009,ST-H-16,0.1889,low
HASM-00565,44.925,1.145,0.0239,OP-H-048,ST-H-05,0.0917,low
HASM-00566,57.855,0.959,0.114,OP-H-037,ST-H-28,0.2951,medium
HASM-00567,61.573,1.522,0.0395,OP-H-074,ST-H-24,0.4918,medium
HASM-00568,41.321,0.75,0.028,OP-H-161,ST-H-15,0.138,low
HASM-00569,43.689,1.392,0.1262,OP-H-088,ST-H-19,0.3106,medium
HASM-00570,50.737,1.029,0.089,OP-H-166,ST-H-10,0.1806,low
HASM-00571,44.73,0.971,0.0652,OP-H-022,ST-H-07,0.1286,low
HASM-00572,43.988,0.88,0.0221,OP-H-124,ST-H-35,0.178,low
HASM-00573,42.449,1.446,0.0202,OP-H-152,ST-H-27,0.2309,low
HASM-00574,34.331,0.846,0.0652,OP-H-118,ST-H-18,0.2515,medium
HASM-00575,45.398,1.048,0.0528,OP-H-150,ST-H-32,0.1261,low
HASM-00576,43.525,0.99,0.0385,OP-H-003,ST-H-32,0.0019,low
HASM-00577,41.621,0.816,0.1228,OP-H-110,ST-H-07,0.2415,low
HASM-00578,47.722,0.929,0.0177,OP-H-180,ST-H-22,0.0382,low
HASM-00579,36.174,0.854,0.0952,OP-H-087,ST-H-03,0.1826,low
HASM-00580,34.192,1.06,0.0393,OP-H-109,ST-H-24,0.1452,low
HASM-00581,45.414,1.209,0.214,OP-H-022,ST-H-15,0.4677,medium
HASM-00582,36.775,1.556,0.0419,OP-H-114,ST-H-01,0.3456,medium
HASM-00583,26.63,0.965,0.0696,OP-H-100,ST-H-04,0.2926,medium
HASM-00584,37.564,1.148,0.0207,OP-H-121,ST-H-08,0.1406,low
HASM-00585,53.21,1.51,0.0806,OP-H-055,ST-H-23,0.3831,medium
HASM-00586,47.982,0.781,0.0352,OP-H-175,ST-H-35,0.1399,low
HASM-00587,30.124,1.583,0.045,OP-H-127,ST-H-25,0.3958,medium
HASM-00588,38.75,0.895,0.057,OP-H-155,ST-H-10,0.1781,low
HASM-00589,32.821,1.254,0.0426,OP-H-028,ST-H-09,0.2949,medium
HASM-00590,49.607,1.369,0.0537,OP-H-012,ST-H-04,0.2876,medium
HASM-00591,49.091,0.987,0.0268,OP-H-090,ST-H-32,0.104,low
HASM-00592,44.495,0.772,0.036,OP-H-012,ST-H-27,0.1791,low
HASM-00593,49.183,1.133,0.0577,OP-H-022,ST-H-06,0.1676,low
HASM-00594,52.146,0.876,0.0065,OP-H-162,ST-H-20,0.1365,low
HASM-00595,58.326,0.877,0.2083,OP-H-084,ST-H-15,0.5204,high
HASM-00596,51.698,0.917,0.0735,OP-H-168,ST-H-27,0.2192,low
HASM-00597,37.713,1.169,0.0768,OP-H-056,ST-H-02,0.1893,low
HASM-00598,41.241,0.943,0.0295,OP-H-133,ST-H-09,0.0887,low
HASM-00599,40.749,1.132,0.0387,OP-H-024,ST-H-35,0.1371,low
HASM-00600,30.599,0.825,0.1547,OP-H-065,ST-H-01,0.3695,medium
HASM-00601,53.411,0.945,0.0687,OP-H-075,ST-H-10,0.2035,low
HASM-00602,47.472,0.922,0.0224,OP-H-074,ST-H-13,0.152,low
HASM-00603,30.537,0.783,0.0583,OP-H-034,ST-H-01,0.3114,medium
HASM-00604,34.999,1.252,0.0592,OP-H-078,ST-H-26,0.2874,medium
HASM-00605,45.835,0.625,0.055,OP-H-119,ST-H-39,0.1926,low
HASM-00606,23.327,1.214,0.0148,OP-H-003,ST-H-28,0.2588,medium
HASM-00607,50.232,0.569,0.0507,OP-H-066,ST-H-24,0.3422,medium
HASM-00608,57.748,1.28,0.0614,OP-H-047,ST-H-29,0.3548,medium
HASM-00609,36.418,0.879,0.0745,OP-H-012,ST-H-15,0.2435,low
HASM-00610,38.812,0.929,0.1889,OP-H-054,ST-H-29,0.3273,medium
HASM-00611,55.021,1.573,0.0489,OP-H-163,ST-H-25,0.3741,medium
HASM-00612,37.007,0.76,0.1244,OP-H-145,ST-H-22,0.3334,medium
HASM-00613,46.112,1.094,0.1472,OP-H-127,ST-H-34,0.2258,low
HASM-00614,34.865,0.849,0.1206,OP-H-180,ST-H-10,0.2826,medium
HASM-00615,43.169,0.595,0.0211,OP-H-045,ST-H-23,0.215,low
HASM-00616,38.359,0.931,0.018,OP-H-045,ST-H-39,0.0643,low
HASM-00617,20.159,1.06,0.0271,OP-H-137,ST-H-07,0.2646,medium
HASM-00618,48.308,1.15,0.0038,OP-H-028,ST-H-34,0.1067,low
HASM-00619,58.199,0.888,0.0272,OP-H-026,ST-H-22,0.1787,low
HASM-00620,28.459,1.345,0.0813,OP-H-121,ST-H-26,0.4111,medium
HASM-00621,48.231,0.7,0.087,OP-H-031,ST-H-08,0.3807,medium
HASM-00622,33.83,1.04,0.0274,OP-H-170,ST-H-01,0.1094,low
HASM-00623,29.371,0.836,0.0502,OP-H-039,ST-H-29,0.2256,low
HASM-00624,38.88,0.944,0.0466,OP-H-006,ST-H-27,0.1094,low
HASM-00625,39.646,1.201,0.1208,OP-H-083,ST-H-32,0.2179,low
HASM-00626,44.534,1.041,0.0618,OP-H-143,ST-H-12,0.1402,low
HASM-00627,38.666,0.785,0.0649,OP-H-063,ST-H-18,0.2563,medium
HASM-00628,31.509,0.662,0.0312,OP-H-076,ST-H-06,0.3503,medium
HASM-00629,44.158,1.112,0.1856,OP-H-068,ST-H-39,0.3314,medium
HASM-00630,26.358,0.68,0.1662,OP-H-150,ST-H-03,0.5199,high
HASM-00631,28.883,1.048,0.0237,OP-H-139,ST-H-19,0.1852,low
HASM-00632,40.808,1.034,0.187,OP-H-048,ST-H-03,0.2946,medium
HASM-00633,44.595,1.004,0.0566,OP-H-022,ST-H-05,0.0767,low
HASM-00634,35.585,0.896,0.0878,OP-H-168,ST-H-08,0.2344,low
HASM-00635,50.956,0.839,0.0697,OP-H-016,ST-H-29,0.2702,medium
HASM-00636,48.655,1.329,0.0407,OP-H-155,ST-H-15,0.2385,low
HASM-00637,45.765,0.989,0.1196,OP-H-060,ST-H-10,0.1977,low
HASM-00638,39.707,0.793,0.0429,OP-H-030,ST-H-15,0.2074,low
HASM-00639,30.38,0.896,0.0594,OP-H-072,ST-H-14,0.2235,low
HASM-00640,39.679,0.743,0.071,OP-H-014,ST-H-07,0.2403,low
HASM-00641,42.355,0.913,0.0194,OP-H-100,ST-H-16,0.0078,low
HASM-00642,43.358,1.652,0.084,OP-H-134,ST-H-09,0.3524,medium
HASM-00643,38.156,1.624,0.0471,OP-H-069,ST-H-07,0.3121,medium
HASM-00644,39.824,1.07,0.2146,OP-H-176,ST-H-28,0.4323,medium
HASM-00645,51.435,1.036,0.0283,OP-H-052,ST-H-20,0.1026,low
HASM-00646,48.708,1.347,0.0069,OP-H-155,ST-H-39,0.2109,low
HASM-00647,42.718,1.165,0.1203,OP-H-177,ST-H-13,0.275,medium
HASM-00648,37.524,0.253,0.1335,OP-H-017,ST-H-29,0.4953,medium
HASM-00649,39.417,1.275,0.0355,OP-H-119,ST-H-38,0.1746,low
HASM-00650,31.338,1.045,0.0407,OP-H-172,ST-H-23,0.1314,low
HASM-00651,26.476,0.952,0.0201,OP-H-172,ST-H-25,0.1404,low
HASM-00652,25.018,1.009,0.1217,OP-H-129,ST-H-26,0.3207,medium
HASM-00653,32.706,1.237,0.0173,OP-H-119,ST-H-17,0.2482,low
HASM-00654,34.323,1.377,0.037,OP-H-142,ST-H-25,0.2917,medium
HASM-00655,30.152,0.516,0.104,OP-H-168,ST-H-22,0.3843,medium
HASM-00656,39.659,1.026,0.0529,OP-H-046,ST-H-39,0.0814,low
HASM-00657,29.69,0.668,0.1066,OP-H-029,ST-H-27,0.3115,medium
HASM-00658,40.69,0.674,0.0144,OP-H-075,ST-H-17,0.1519,low
HASM-00659,50.806,1.498,0.0175,OP-H-094,ST-H-07,0.3133,medium
HASM-00660,49.333,1.116,0.1516,OP-H-069,ST-H-25,0.3246,medium
HASM-00661,40.19,1.299,0.0778,OP-H-061,ST-H-26,0.2302,low
HASM-00662,40.052,0.782,0.111,OP-H-116,ST-H-01,0.2557,medium
HASM-00663,57.918,1.325,0.1279,OP-H-160,ST-H-11,0.4246,medium
HASM-00664,47.35,1.475,0.28,OP-H-089,ST-H-15,0.6226,high
HASM-00665,37.025,1.164,0.0519,OP-H-118,ST-H-02,0.2468,low
HASM-00666,55.358,1.179,0.0432,OP-H-100,ST-H-40,0.2575,medium
HASM-00667,58.519,1.116,0.0289,OP-H-090,ST-H-39,0.2683,medium
HASM-00668,54.804,0.822,0.0155,OP-H-106,ST-H-21,0.1894,low
HASM-00669,35.902,0.811,0.092,OP-H-049,ST-H-09,0.2587,medium
HASM-00670,28.589,1.13,0.1105,OP-H-174,ST-H-38,0.3884,medium
HASM-00671,38.32,0.535,0.0937,OP-H-030,ST-H-33,0.3223,medium
HASM-00672,45.951,1.189,0.0378,OP-H-065,ST-H-26,0.1725,low
HASM-00673,51.71,0.867,0.0734,OP-H-059,ST-H-15,0.2729,medium
HASM-00674,50.396,1.364,0.0404,OP-H-029,ST-H-14,0.2911,medium
HASM-00675,34.029,1.314,0.1535,OP-H-148,ST-H-28,0.3986,medium
HASM-00676,44.906,1.634,0.042,OP-H-100,ST-H-35,0.3634,medium
HASM-00677,33.027,1.157,0.0759,OP-H-022,ST-H-27,0.2397,low
HASM-00678,43.277,1.032,0.0091,OP-H-064,ST-H-07,0.0,low
HASM-00679,29.718,1.333,0.0491,OP-H-173,ST-H-34,0.3056,medium
HASM-00680,35.279,1.252,0.0485,OP-H-063,ST-H-33,0.2754,medium
HASM-00681,51.773,0.627,0.0171,OP-H-041,ST-H-35,0.2451,low
HASM-00682,26.287,0.837,0.0455,OP-H-074,ST-H-21,0.2825,medium
HASM-00683,25.977,1.33,0.1501,OP-H-141,ST-H-15,0.5368,high
HASM-00684,32.116,1.307,0.1203,OP-H-022,ST-H-39,0.3288,medium
HASM-00685,44.844,0.827,0.0066,OP-H-081,ST-H-16,0.0787,low
HASM-00686,52.35,0.696,0.1965,OP-H-059,ST-H-15,0.5042,high
HASM-00687,42.904,1.153,0.0286,OP-H-036,ST-H-18,0.0446,low
HASM-00688,27.119,0.921,0.0577,OP-H-177,ST-H-22,0.2607,medium
HASM-00689,41.076,1.052,0.0975,OP-H-173,ST-H-16,0.1245,low
HASM-00690,57.446,0.973,0.0834,OP-H-074,ST-H-25,0.2927,medium
HASM-00691,38.467,0.819,0.035,OP-H-037,ST-H-29,0.1612,low
HASM-00692,40.864,0.778,0.041,OP-H-130,ST-H-03,0.173,low
HASM-00693,62.615,1.112,0.0567,OP-H-141,ST-H-29,0.2267,low
HASM-00694,44.912,1.631,0.2348,OP-H-159,ST-H-26,0.6051,high
HASM-00695,38.943,1.125,0.0679,OP-H-173,ST-H-35,0.2284,low
HASM-00696,30.913,0.878,0.0986,OP-H-078,ST-H-36,0.2745,medium
HASM-00697,44.959,0.932,0.1349,OP-H-047,ST-H-24,0.2097,low
HASM-00698,50.594,1.072,0.0475,OP-H-042,ST-H-21,0.1532,low
HASM-00699,53.375,1.373,0.0164,OP-H-004,ST-H-38,0.2622,medium
HASM-00700,47.007,0.912,0.0734,OP-H-016,ST-H-21,0.1991,low
HASM-00701,40.047,1.246,0.0241,OP-H-098,ST-H-10,0.1818,low
HASM-00702,43.349,1.305,0.0264,OP-H-120,ST-H-35,0.2171,low
HASM-00703,41.114,1.053,0.0653,OP-H-038,ST-H-03,0.1532,low
HASM-00704,39.261,0.769,0.0658,OP-H-081,ST-H-01,0.2585,medium
HASM-00705,33.716,0.724,0.0727,OP-H-034,ST-H-05,0.2395,low
HASM-00706,60.037,1.062,0.0481,OP-H-111,ST-H-23,0.2711,medium
HASM-00707,32.004,1.017,0.1373,OP-H-032,ST-H-32,0.3241,medium
HASM-00708,23.654,0.903,0.0899,OP-H-171,ST-H-29,0.3556,medium
HASM-00709,47.842,1.189,0.0394,OP-H-049,ST-H-27,0.1709,low
HASM-00710,43.298,1.054,0.0347,OP-H-091,ST-H-31,0.1409,low
HASM-00711,39.386,0.94,0.0158,OP-H-078,ST-H-16,0.1424,low
HASM-00712,49.704,0.929,0.0913,OP-H-166,ST-H-03,0.2457,low
HASM-00713,51.676,1.091,0.0542,OP-H-118,ST-H-02,0.2252,low
HASM-00714,52.594,0.843,0.0221,OP-H-101,ST-H-16,0.1511,low
HASM-00715,43.501,0.748,0.1539,OP-H-015,ST-H-06,0.3271,medium
HASM-00716,33.398,1.103,0.0391,OP-H-155,ST-H-01,0.1437,low
HASM-00717,40.375,1.158,0.0223,OP-H-168,ST-H-34,0.0811,low
HASM-00718,41.85,0.707,0.1703,OP-H-025,ST-H-39,0.3125,medium
HASM-00719,31.1,1.092,0.0945,OP-H-019,ST-H-26,0.2419,low
HASM-00720,44.369,1.364,0.0507,OP-H-023,ST-H-09,0.2449,low
HASM-00721,44.462,0.604,0.0803,OP-H-027,ST-H-38,0.3177,medium
HASM-00722,48.961,1.404,0.179,OP-H-055,ST-H-38,0.414,medium
HASM-00723,42.025,0.965,0.0334,OP-H-139,ST-H-13,0.1041,low
HASM-00724,46.118,1.11,0.0361,OP-H-052,ST-H-09,0.2175,low
HASM-00725,51.679,0.798,0.0152,OP-H-163,ST-H-25,0.1906,low
HASM-00726,39.136,1.111,0.2424,OP-H-031,ST-H-34,0.3995,medium
HASM-00727,20.385,0.787,0.0383,OP-H-111,ST-H-13,0.3411,medium
HASM-00728,36.209,0.981,0.1149,OP-H-002,ST-H-03,0.2325,low
HASM-00729,23.486,0.908,0.0319,OP-H-020,ST-H-21,0.2666,medium
HASM-00730,17.505,1.016,0.0335,OP-H-119,ST-H-01,0.3218,medium
HASM-00731,48.166,0.558,0.066,OP-H-139,ST-H-18,0.2733,medium
HASM-00732,50.27,1.073,0.0523,OP-H-148,ST-H-29,0.2662,medium
HASM-00733,45.974,1.221,0.1259,OP-H-118,ST-H-16,0.2829,medium
HASM-00734,32.42,0.816,0.0772,OP-H-078,ST-H-28,0.313,medium
HASM-00735,54.465,1.139,0.0333,OP-H-094,ST-H-23,0.1933,low
HASM-00736,34.023,0.436,0.0253,OP-H-025,ST-H-25,0.412,medium
HASM-00737,36.6,1.482,0.0323,OP-H-140,ST-H-15,0.2796,medium
HASM-00738,28.004,1.417,0.1438,OP-H-127,ST-H-14,0.4835,medium
HASM-00739,37.184,1.164,0.0953,OP-H-160,ST-H-19,0.1895,low
HASM-00740,31.354,0.691,0.0691,OP-H-118,ST-H-13,0.2882,medium
HASM-00741,53.553,0.928,0.175,OP-H-128,ST-H-12,0.3243,medium
HASM-00742,44.06,1.085,0.1374,OP-H-046,ST-H-04,0.2384,low
HASM-00743,29.973,1.168,0.0653,OP-H-166,ST-H-28,0.2321,low
HASM-00744,32.998,1.022,0.0856,OP-H-178,ST-H-33,0.1708,low
HASM-00745,31.029,1.271,0.0469,OP-H-069,ST-H-21,0.2507,medium
HASM-00746,40.566,1.112,0.0682,OP-H-031,ST-H-40,0.1222,low
HASM-00747,49.551,0.966,0.1869,OP-H-081,ST-H-31,0.3853,medium
HASM-00748,35.45,0.915,0.072,OP-H-173,ST-H-28,0.1887,low
HASM-00749,30.681,0.885,0.0228,OP-H-152,ST-H-12,0.2135,low
HASM-00750,38.909,0.936,0.1554,OP-H-078,ST-H-05,0.1654,low
HASM-00751,49.256,0.823,0.0606,OP-H-053,ST-H-38,0.277,medium
HASM-00752,43.906,0.928,0.0458,OP-H-125,ST-H-17,0.1471,low
HASM-00753,25.779,0.844,0.0099,OP-H-146,ST-H-32,0.2472,low
HASM-00754,36.069,0.997,0.0357,OP-H-018,ST-H-23,0.0438,low
HASM-00755,45.556,1.125,0.1114,OP-H-137,ST-H-16,0.2043,low
HASM-00756,34.39,0.566,0.0433,OP-H-111,ST-H-21,0.2956,medium
HASM-00757,50.615,1.267,0.0283,OP-H-156,ST-H-19,0.2451,low
HASM-00758,41.446,1.034,0.0744,OP-H-029,ST-H-25,0.1003,low
HASM-00759,29.304,1.142,0.0403,OP-H-002,ST-H-35,0.1831,low
HASM-00760,30.404,1.059,0.1627,OP-H-056,ST-H-15,0.315,medium
HASM-00761,47.808,0.674,0.0943,OP-H-061,ST-H-04,0.3401,medium
HASM-00762,31.903,1.679,0.0641,OP-H-074,ST-H-24,0.4534,medium
HASM-00763,33.821,1.029,0.0306,OP-H-124,ST-H-18,0.1475,low
HASM-00764,42.371,1.391,0.041,OP-H-042,ST-H-23,0.1623,low
HASM-00765,47.115,1.183,0.0389,OP-H-166,ST-H-21,0.09,low
HASM-00766,29.701,0.775,0.0622,OP-H-011,ST-H-31,0.2804,medium
HASM-00767,40.739,0.881,0.0494,OP-H-048,ST-H-30,0.1835,low
HASM-00768,48.709,0.829,0.0252,OP-H-001,ST-H-26,0.0724,low
HASM-00769,43.02,0.8,0.0197,OP-H-034,ST-H-15,0.192,low
HASM-00770,50.602,0.583,0.0048,OP-H-113,ST-H-22,0.2583,medium
HASM-00771,45.033,1.046,0.0453,OP-H-162,ST-H-34,0.1203,low
HASM-00772,45.926,1.372,0.0149,OP-H-125,ST-H-22,0.1786,low
HASM-00773,33.309,1.272,0.0718,OP-H-026,ST-H-36,0.3112,medium
HASM-00774,31.958,1.159,0.0122,OP-H-160,ST-H-01,0.1499,low
HASM-00775,22.092,0.77,0.0697,OP-H-093,ST-H-14,0.3501,medium
HASM-00776,44.46,0.625,0.0397,OP-H-112,ST-H-05,0.2034,low
HASM-00777,38.045,0.938,0.0307,OP-H-077,ST-H-06,0.1406,low
HASM-00778,32.4,0.748,0.0447,OP-H-153,ST-H-36,0.2372,low
HASM-00779,38.368,1.083,0.1142,OP-H-047,ST-H-34,0.1633,low
HASM-00780,29.365,1.042,0.0865,OP-H-033,ST-H-04,0.3051,medium
HASM-00781,44.992,1.436,0.0528,OP-H-155,ST-H-10,0.2376,low
HASM-00782,38.659,0.571,0.1007,OP-H-056,ST-H-27,0.3532,medium
HASM-00783,52.54,0.677,0.0258,OP-H-076,ST-H-26,0.2387,low
HASM-00784,41.787,1.01,0.034,OP-H-138,ST-H-09,0.0674,low
HASM-00785,54.229,0.671,0.1187,OP-H-006,ST-H-39,0.4096,medium
HASM-00786,46.919,1.143,0.0438,OP-H-044,ST-H-20,0.1879,low
HASM-00787,25.781,0.729,0.0419,OP-H-130,ST-H-37,0.3725,medium
HASM-00788,35.994,0.921,0.0621,OP-H-067,ST-H-16,0.1897,low
HASM-00789,55.102,1.62,0.0967,OP-H-094,ST-H-21,0.5203,high
HASM-00790,41.02,0.859,0.0322,OP-H-029,ST-H-31,0.134,low
HASM-00791,38.656,1.375,0.0154,OP-H-026,ST-H-02,0.1392,low
HASM-00792,31.031,0.835,0.1068,OP-H-136,ST-H-33,0.3439,medium
HASM-00793,42.784,0.986,0.007,OP-H-049,ST-H-11,0.0,low
HASM-00794,52.723,1.331,0.1657,OP-H-045,ST-H-22,0.5235,high
HASM-00795,43.809,0.964,0.2528,OP-H-082,ST-H-13,0.4162,medium
HASM-00796,33.516,1.276,0.1111,OP-H-052,ST-H-23,0.3316,medium
HASM-00797,64.809,1.351,0.02,OP-H-163,ST-H-09,0.4241,medium
HASM-00798,37.287,0.757,0.0611,OP-H-017,ST-H-26,0.1651,low
HASM-00799,28.324,1.198,0.0542,OP-H-169,ST-H-03,0.2936,medium
HASM-00800,37.168,1.418,0.0576,OP-H-180,ST-H-14,0.2577,medium
HASM-00801,55.336,1.124,0.0341,OP-H-085,ST-H-22,0.2098,low
HASM-00802,41.369,1.271,0.0621,OP-H-132,ST-H-03,0.2514,medium
HASM-00803,44.521,1.332,0.1057,OP-H-082,ST-H-07,0.2691,medium
HASM-00804,43.72,0.76,0.0369,OP-H-088,ST-H-31,0.1111,low
HASM-00805,48.085,1.243,0.1166,OP-H-133,ST-H-26,0.2984,medium
HASM-00806,44.581,1.032,0.0523,OP-H-144,ST-H-37,0.0924,low
HASM-00807,38.636,1.042,0.033,OP-H-116,ST-H-11,0.1363,low
HASM-00808,43.427,0.91,0.1685,OP-H-035,ST-H-09,0.2611,medium
HASM-00809,43.742,0.551,0.0462,OP-H-085,ST-H-15,0.29,medium
HASM-00810,57.382,0.84,0.2005,OP-H-123,ST-H-37,0.4568,medium
HASM-00811,60.35,1.003,0.0267,OP-H-001,ST-H-29,0.1507,low
HASM-00812,44.82,1.484,0.0567,OP-H-017,ST-H-02,0.3091,medium
HASM-00813,36.909,0.447,0.017,OP-H-104,ST-H-06,0.3195,medium
HASM-00814,41.736,1.101,0.0729,OP-H-174,ST-H-40,0.1037,low
HASM-00815,26.232,0.996,0.1546,OP-H-113,ST-H-14,0.3775,medium
HASM-00816,41.023,1.155,0.0123,OP-H-168,ST-H-40,0.0216,low
HASM-00817,59.935,1.188,0.0374,OP-H-123,ST-H-06,0.2565,medium
HASM-00818,40.607,0.754,0.0348,OP-H-051,ST-H-23,0.0955,low
HASM-00819,63.08,0.838,0.0514,OP-H-135,ST-H-20,0.2915,medium
HASM-00820,47.972,1.289,0.0158,OP-H-132,ST-H-40,0.2135,low
HASM-00821,46.542,0.926,0.063,OP-H-046,ST-H-02,0.1403,low
HASM-00822,43.344,1.382,0.0262,OP-H-132,ST-H-34,0.1826,low
HASM-00823,28.389,1.364,0.0994,OP-H-083,ST-H-14,0.3601,medium
HASM-00824,36.895,1.139,0.0452,OP-H-163,ST-H-06,0.1176,low
HASM-00825,47.843,0.85,0.0242,OP-H-175,ST-H-34,0.1513,low
HASM-00826,46.635,0.859,0.0102,OP-H-097,ST-H-25,0.1003,low
HASM-00827,46.414,1.2,0.0835,OP-H-137,ST-H-34,0.1466,low
HASM-00828,40.416,0.976,0.0731,OP-H-031,ST-H-38,0.1136,low
HASM-00829,43.819,0.709,0.0417,OP-H-130,ST-H-27,0.1605,low
HASM-00830,48.505,0.638,0.0811,OP-H-104,ST-H-25,0.216,low
HASM-00831,53.792,0.605,0.1044,OP-H-166,ST-H-16,0.4119,medium
HASM-00832,36.629,1.121,0.0247,OP-H-132,ST-H-16,0.0888,low
HASM-00833,39.322,0.368,0.0143,OP-H-153,ST-H-40,0.3545,medium
HASM-00834,35.358,1.622,0.0342,OP-H-119,ST-H-38,0.3881,medium
HASM-00835,33.716,1.49,0.0318,OP-H-105,ST-H-16,0.3312,medium
HASM-00836,51.026,0.816,0.0555,OP-H-004,ST-H-12,0.1981,low
HASM-00837,50.062,0.64,0.0901,OP-H-004,ST-H-28,0.2226,low
HASM-00838,30.919,0.913,0.0103,OP-H-098,ST-H-19,0.1202,low
HASM-00839,61.956,0.972,0.0472,OP-H-026,ST-H-16,0.1676,low
HASM-00840,37.074,1.323,0.0939,OP-H-176,ST-H-38,0.284,medium
HASM-00841,44.376,1.23,0.0286,OP-H-095,ST-H-28,0.1155,low
HASM-00842,54.952,1.216,0.0312,OP-H-162,ST-H-36,0.3373,medium
HASM-00843,45.731,1.143,0.0613,OP-H-140,ST-H-06,0.1776,low
HASM-00844,43.976,1.055,0.0282,OP-H-142,ST-H-03,0.0302,low
HASM-00845,33.413,0.516,0.0068,OP-H-146,ST-H-11,0.2091,low
HASM-00846,31.612,1.661,0.0389,OP-H-101,ST-H-15,0.3733,medium
HASM-00847,33.268,0.862,0.1658,OP-H-101,ST-H-26,0.4228,medium
HASM-00848,30.667,0.563,0.0773,OP-H-055,ST-H-08,0.3723,medium
HASM-00849,48.278,1.532,0.0183,OP-H-175,ST-H-40,0.2583,medium
HASM-00850,40.866,0.913,0.0884,OP-H-058,ST-H-20,0.2087,low
HASM-00851,56.775,0.88,0.0516,OP-H-108,ST-H-22,0.2768,medium
HASM-00852,43.495,1.135,0.0872,OP-H-034,ST-H-33,0.2366,low
HASM-00853,50.739,0.997,0.0507,OP-H-026,ST-H-13,0.1503,low
HASM-00854,22.792,1.305,0.0867,OP-H-062,ST-H-37,0.4212,medium
HASM-00855,63.167,0.856,0.0057,OP-H-071,ST-H-21,0.3307,medium
HASM-00856,51.547,1.004,0.0797,OP-H-001,ST-H-05,0.1929,low
HASM-00857,32.397,1.358,0.0311,OP-H-071,ST-H-03,0.3175,medium
HASM-00858,32.43,1.573,0.1173,OP-H-131,ST-H-28,0.473,medium
HASM-00859,23.75,1.36,0.108,OP-H-161,ST-H-25,0.4607,medium
HASM-00860,49.742,0.913,0.0315,OP-H-049,ST-H-14,0.0947,low
HASM-00861,39.037,1.742,0.053,OP-H-016,ST-H-24,0.4706,medium
HASM-00862,43.048,1.467,0.0109,OP-H-167,ST-H-16,0.1764,low
HASM-00863,43.892,0.907,0.0302,OP-H-176,ST-H-39,0.1508,low
HASM-00864,44.724,1.474,0.0691,OP-H-038,ST-H-12,0.3365,medium
HASM-00865,39.644,1.173,0.0585,OP-H-179,ST-H-39,0.1418,low
HASM-00866,34.309,0.903,0.0561,OP-H-060,ST-H-23,0.2414,low
HASM-00867,29.656,1.104,0.12,OP-H-068,ST-H-03,0.3231,medium
HASM-00868,48.014,0.81,0.1682,OP-H-146,ST-H-11,0.3095,medium
HASM-00869,41.325,0.969,0.0354,OP-H-177,ST-H-29,0.0452,low
HASM-00870,41.658,0.962,0.2446,OP-H-170,ST-H-15,0.2934,medium
HASM-00871,39.546,1.109,0.0333,OP-H-177,ST-H-07,0.0778,low
HASM-00872,46.766,1.028,0.0796,OP-H-089,ST-H-09,0.1925,low
HASM-00873,34.885,0.995,0.038,OP-H-150,ST-H-08,0.1055,low
HASM-00874,42.517,0.605,0.0505,OP-H-026,ST-H-04,0.2044,low
HASM-00875,48.922,0.486,0.0366,OP-H-083,ST-H-34,0.2204,low
HASM-00876,45.325,0.977,0.0606,OP-H-075,ST-H-05,0.1389,low
HASM-00877,24.066,1.25,0.0544,OP-H-174,ST-H-25,0.3936,medium
HASM-00878,33.993,1.0,0.0446,OP-H-172,ST-H-35,0.1307,low
HASM-00879,36.193,0.938,0.0842,OP-H-103,ST-H-12,0.1972,low
HASM-00880,31.292,0.942,0.0347,OP-H-056,ST-H-12,0.1224,low
HASM-00881,30.963,1.313,0.0236,OP-H-129,ST-H-35,0.2771,medium
HASM-00882,35.199,0.732,0.0209,OP-H-155,ST-H-04,0.2278,low
HASM-00883,45.486,1.289,0.0874,OP-H-157,ST-H-27,0.274,medium
HASM-00884,44.259,0.873,0.1032,OP-H-039,ST-H-08,0.2195,low
HASM-00885,49.592,0.91,0.0079,OP-H-159,ST-H-08,0.0803,low
HASM-00886,32.448,1.154,0.0449,OP-H-154,ST-H-12,0.2391,low
HASM-00887,37.763,1.487,0.1314,OP-H-098,ST-H-05,0.3421,medium
HASM-00888,49.987,0.992,0.0388,OP-H-029,ST-H-02,0.2273,low
HASM-00889,43.571,0.992,0.0436,OP-H-180,ST-H-10,0.1,low
HASM-00890,44.507,0.533,0.1023,OP-H-011,ST-H-16,0.3668,medium
HASM-00891,38.809,1.451,0.0738,OP-H-141,ST-H-37,0.2957,medium
HASM-00892,44.294,0.999,0.002,OP-H-167,ST-H-38,0.0445,low
HASM-00893,42.478,1.111,0.0765,OP-H-057,ST-H-34,0.13,low
HASM-00894,42.416,1.008,0.0893,OP-H-155,ST-H-15,0.1023,low
HASM-00895,41.1,1.312,0.116,OP-H-036,ST-H-05,0.3636,medium
HASM-00896,49.951,0.66,0.1273,OP-H-064,ST-H-25,0.3951,medium
HASM-00897,35.805,0.975,0.0371,OP-H-104,ST-H-37,0.044,low
HASM-00898,28.398,1.356,0.0119,OP-H-105,ST-H-36,0.3086,medium
HASM-00899,45.982,0.917,0.1498,OP-H-136,ST-H-25,0.2676,medium
HASM-00900,31.272,1.132,0.0282,OP-H-076,ST-H-10,0.1778,low
HASM-00901,54.574,1.216,0.0563,OP-H-063,ST-H-34,0.3148,medium
HASM-00902,50.301,1.478,0.0378,OP-H-030,ST-H-22,0.3298,medium
HASM-00903,52.904,1.271,0.0264,OP-H-087,ST-H-11,0.2061,low
HASM-00904,47.742,0.965,0.118,OP-H-131,ST-H-26,0.2331,low
HASM-00905,42.095,0.467,0.059,OP-H-166,ST-H-01,0.307,medium
HASM-00906,44.458,0.965,0.123,OP-H-153,ST-H-24,0.1455,low
HASM-00907,26.41,0.848,0.0413,OP-H-011,ST-H-14,0.2983,medium
HASM-00908,47.445,0.618,0.0491,OP-H-141,ST-H-34,0.2868,medium
HASM-00909,62.131,0.76,0.0287,OP-H-019,ST-H-30,0.2715,medium
HASM-00910,29.509,1.396,0.0647,OP-H-092,ST-H-37,0.3118,medium
HASM-00911,50.573,0.699,0.0863,OP-H-046,ST-H-01,0.3352,medium
HASM-00912,61.801,1.408,0.0692,OP-H-033,ST-H-22,0.488,medium
HASM-00913,44.907,0.882,0.018,OP-H-052,ST-H-15,0.0578,low
HASM-00914,47.457,1.592,0.0595,OP-H-092,ST-H-27,0.3276,medium
HASM-00915,38.094,0.8,0.0597,OP-H-123,ST-H-29,0.104,low
HASM-00916,39.75,1.215,0.1403,OP-H-099,ST-H-17,0.272,medium
HASM-00917,35.623,1.236,0.2287,OP-H-124,ST-H-07,0.4178,medium
HASM-00918,53.694,0.575,0.1107,OP-H-001,ST-H-28,0.4034,medium
HASM-00919,30.893,1.171,0.0824,OP-H-037,ST-H-03,0.2721,medium
HASM-00920,37.253,0.69,0.0448,OP-H-032,ST-H-01,0.0629,low
HASM-00921,50.522,1.037,0.155,OP-H-114,ST-H-10,0.2662,medium
HASM-00922,49.187,0.78,0.0271,OP-H-129,ST-H-10,0.1631,low
HASM-00923,53.276,0.965,0.0506,OP-H-120,ST-H-25,0.1733,low
HASM-00924,49.968,0.719,0.1195,OP-H-166,ST-H-01,0.2781,medium
HASM-00925,51.969,0.793,0.039,OP-H-064,ST-H-12,0.2332,low
HASM-00926,37.284,0.811,0.0437,OP-H-124,ST-H-08,0.2169,low
HASM-00927,39.967,0.515,0.0988,OP-H-057,ST-H-18,0.3347,medium
HASM-00928,33.444,0.849,0.0456,OP-H-004,ST-H-31,0.1813,low
HASM-00929,27.818,1.559,0.0385,OP-H-174,ST-H-14,0.3897,medium
HASM-00930,38.486,1.266,0.1198,OP-H-179,ST-H-01,0.2756,medium
HASM-00931,46.048,0.87,0.0295,OP-H-035,ST-H-35,0.1882,low
HASM-00932,43.041,1.247,0.1051,OP-H-047,ST-H-02,0.2324,low
HASM-00933,58.052,1.228,0.1136,OP-H-100,ST-H-11,0.3712,medium
HASM-00934,28.986,0.79,0.0501,OP-H-017,ST-H-02,0.3168,medium
HASM-00935,28.997,0.81,0.1776,OP-H-176,ST-H-04,0.4152,medium
HASM-00936,49.23,0.869,0.2071,OP-H-064,ST-H-38,0.3352,medium
HASM-00937,50.789,1.0,0.2052,OP-H-120,ST-H-26,0.3279,medium
HASM-00938,47.516,0.698,0.0385,OP-H-062,ST-H-19,0.1739,low
HASM-00939,29.468,1.049,0.0572,OP-H-005,ST-H-31,0.2315,low
HASM-00940,52.788,0.877,0.18,OP-H-078,ST-H-15,0.3506,medium
HASM-00941,26.465,1.345,0.0187,OP-H-079,ST-H-23,0.3804,medium
HASM-00942,48.392,0.669,0.0171,OP-H-142,ST-H-13,0.1706,low
HASM-00943,36.129,0.666,0.1348,OP-H-157,ST-H-08,0.3535,medium
HASM-00944,43.988,0.592,0.0418,OP-H-180,ST-H-21,0.2147,low
HASM-00945,50.604,1.124,0.0258,OP-H-102,ST-H-39,0.142,low
HASM-00946,26.006,1.033,0.0465,OP-H-119,ST-H-39,0.2007,low
HASM-00947,48.124,1.092,0.0158,OP-H-111,ST-H-27,0.0978,low
HASM-00948,50.903,1.294,0.1736,OP-H-099,ST-H-40,0.4726,medium
HASM-00949,22.362,0.805,0.1532,OP-H-033,ST-H-13,0.4811,medium
HASM-00950,48.621,1.112,0.0584,OP-H-020,ST-H-40,0.1555,low
HASM-00951,25.655,1.248,0.0504,OP-H-169,ST-H-22,0.2526,medium
HASM-00952,40.56,0.61,0.0724,OP-H-019,ST-H-30,0.2926,medium
HASM-00953,32.039,0.7,0.0484,OP-H-038,ST-H-15,0.2062,low
HASM-00954,43.302,1.25,0.0835,OP-H-148,ST-H-37,0.1701,low
HASM-00955,44.045,0.874,0.28,OP-H-066,ST-H-24,0.3896,medium
HASM-00956,26.551,1.143,0.1435,OP-H-166,ST-H-33,0.4075,medium
HASM-00957,35.522,0.864,0.1928,OP-H-045,ST-H-37,0.3735,medium
HASM-00958,37.745,1.008,0.1557,OP-H-023,ST-H-06,0.2422,low
HASM-00959,54.974,0.94,0.0685,OP-H-050,ST-H-08,0.264,medium
HASM-00960,46.748,1.456,0.1781,OP-H-156,ST-H-11,0.4892,medium
HASM-00961,49.31,1.247,0.0282,OP-H-030,ST-H-03,0.1671,low
HASM-00962,69.936,1.093,0.0706,OP-H-011,ST-H-09,0.3253,medium
HASM-00963,38.118,0.687,0.0407,OP-H-092,ST-H-33,0.2163,low
HASM-00964,46.927,1.38,0.137,OP-H-115,ST-H-24,0.3672,medium
HASM-00965,51.165,0.952,0.0884,OP-H-043,ST-H-32,0.1707,low
HASM-00966,48.811,1.437,0.0469,OP-H-162,ST-H-07,0.3,medium
HASM-00967,35.092,1.329,0.0036,OP-H-067,ST-H-15,0.1787,low
HASM-00968,39.696,0.829,0.017,OP-H-043,ST-H-24,0.1223,low
HASM-00969,33.107,1.265,0.1424,OP-H-055,ST-H-06,0.3996,medium
HASM-00970,35.292,0.908,0.0495,OP-H-058,ST-H-24,0.1455,low
HASM-00971,31.273,1.031,0.1003,OP-H-174,ST-H-31,0.2203,low
HASM-00972,51.747,1.077,0.0591,OP-H-019,ST-H-31,0.2284,low
HASM-00973,22.006,0.746,0.0378,OP-H-167,ST-H-09,0.3647,medium
HASM-00974,47.789,1.222,0.2038,OP-H-071,ST-H-10,0.406,medium
HASM-00975,36.779,1.024,0.0163,OP-H-180,ST-H-29,0.0552,low
HASM-00976,54.024,0.938,0.0331,OP-H-094,ST-H-28,0.1872,low
HASM-00977,58.538,0.846,0.1611,OP-H-039,ST-H-05,0.4212,medium
HASM-00978,27.373,1.013,0.2248,OP-H-085,ST-H-19,0.4357,medium
HASM-00979,54.807,0.907,0.0399,OP-H-170,ST-H-26,0.1809,low
HASM-00980,42.262,0.898,0.0346,OP-H-111,ST-H-40,0.1494,low
HASM-00981,47.444,0.773,0.0596,OP-H-166,ST-H-24,0.2407,low
HASM-00982,41.554,1.407,0.1623,OP-H-158,ST-H-21,0.3909,medium
HASM-00983,29.662,1.349,0.0181,OP-H-147,ST-H-03,0.2486,low
HASM-00984,28.109,0.652,0.0383,OP-H-030,ST-H-26,0.3497,medium
HASM-00985,44.289,1.292,0.1228,OP-H-111,ST-H-01,0.2926,medium
HASM-00986,44.518,1.184,0.0337,OP-H-140,ST-H-18,0.1775,low
HASM-00987,46.704,0.921,0.0193,OP-H-134,ST-H-01,0.0754,low
HASM-00988,31.976,0.996,0.104,OP-H-005,ST-H-28,0.2437,low
HASM-00989,47.03,0.789,0.0713,OP-H-067,ST-H-32,0.1993,low
HASM-00990,50.94,1.091,0.1075,OP-H-122,ST-H-15,0.2037,low
HASM-00991,43.377,1.119,0.25,OP-H-038,ST-H-37,0.4065,medium
HASM-00992,46.498,0.945,0.0293,OP-H-050,ST-H-37,0.1173,low
HASM-00993,51.705,1.442,0.0679,OP-H-068,ST-H-35,0.3881,medium
HASM-00994,29.391,1.467,0.0236,OP-H-168,ST-H-10,0.3517,medium
HASM-00995,55.457,1.259,0.1536,OP-H-098,ST-H-03,0.4466,medium
HASM-00996,32.256,0.684,0.0889,OP-H-171,ST-H-08,0.3232,medium
HASM-00997,53.338,1.055,0.0861,OP-H-004,ST-H-12,0.2272,low
HASM-00998,48.78,0.565,0.0845,OP-H-107,ST-H-01,0.353,medium
HASM-00999,48.612,0.938,0.1043,OP-H-047,ST-H-31,0.1837,low
HASM-01000,57.247,1.008,0.1798,OP-H-052,ST-H-31,0.4303,medium
HASM-01001,59.585,0.721,0.0653,OP-H-074,ST-H-16,0.3281,medium
HASM-01002,42.589,0.94,0.0065,OP-H-028,ST-H-25,0.0901,low
HASM-01003,48.347,0.744,0.0697,OP-H-151,ST-H-14,0.2895,medium
HASM-01004,30.606,0.56,0.1558,OP-H-019,ST-H-22,0.4691,medium
HASM-01005,33.559,0.778,0.0165,OP-H-150,ST-H-37,0.1497,low
HASM-01006,25.066,0.726,0.0265,OP-H-039,ST-H-33,0.2522,medium
HASM-01007,32.818,1.415,0.0539,OP-H-125,ST-H-20,0.3509,medium
HASM-01008,49.891,0.826,0.218,OP-H-009,ST-H-20,0.4452,medium
HASM-01009,47.376,1.476,0.0587,OP-H-142,ST-H-36,0.2527,medium
HASM-01010,58.796,1.114,0.0077,OP-H-120,ST-H-33,0.1479,low
HASM-01011,37.912,1.08,0.104,OP-H-069,ST-H-40,0.1977,low
HASM-01012,29.241,0.739,0.0833,OP-H-145,ST-H-11,0.3237,medium
HASM-01013,42.456,0.316,0.0131,OP-H-022,ST-H-10,0.2868,medium
HASM-01014,46.391,0.848,0.2512,OP-H-104,ST-H-02,0.4223,medium
HASM-01015,58.798,1.115,0.0765,OP-H-163,ST-H-18,0.2616,medium
HASM-01016,42.21,0.582,0.0991,OP-H-138,ST-H-21,0.2854,medium
HASM-01017,38.431,0.812,0.1253,OP-H-006,ST-H-10,0.2444,low
HASM-01018,56.338,1.239,0.0848,OP-H-088,ST-H-26,0.3086,medium
HASM-01019,50.844,1.264,0.1146,OP-H-064,ST-H-17,0.3296,medium
HASM-01020,46.412,0.625,0.0479,OP-H-071,ST-H-13,0.3088,medium
HASM-01021,52.684,1.095,0.1144,OP-H-014,ST-H-16,0.3206,medium
HASM-01022,48.831,1.046,0.1391,OP-H-030,ST-H-10,0.3531,medium
HASM-01023,38.513,1.164,0.0325,OP-H-111,ST-H-40,0.245,low
HASM-01024,38.027,1.191,0.024,OP-H-050,ST-H-30,0.1231,low
HASM-01025,53.001,0.975,0.0706,OP-H-135,ST-H-22,0.201,low
HASM-01026,40.156,1.536,0.0233,OP-H-050,ST-H-18,0.2653,medium
HASM-01027,43.787,0.825,0.0603,OP-H-089,ST-H-11,0.1649,low
HASM-01028,41.952,1.048,0.0744,OP-H-171,ST-H-18,0.1068,low
HASM-01029,32.383,0.831,0.0177,OP-H-078,ST-H-07,0.197,low
HASM-01030,29.995,0.701,0.1892,OP-H-174,ST-H-34,0.4953,medium
HASM-01031,26.517,0.467,0.0673,OP-H-085,ST-H-23,0.4004,medium
HASM-01032,53.87,1.021,0.0859,OP-H-012,ST-H-21,0.1767,low
HASM-01033,30.632,1.226,0.0614,OP-H-012,ST-H-32,0.3281,medium
HASM-01034,41.316,1.052,0.0737,OP-H-013,ST-H-34,0.096,low
HASM-01035,34.794,0.762,0.0188,OP-H-150,ST-H-13,0.2674,medium
HASM-01036,44.087,0.744,0.2167,OP-H-047,ST-H-20,0.4525,medium
HASM-01037,39.83,0.742,0.0367,OP-H-130,ST-H-29,0.1464,low
HASM-01038,40.225,1.424,0.0578,OP-H-152,ST-H-02,0.3065,medium
HASM-01039,54.373,0.853,0.1131,OP-H-155,ST-H-39,0.294,medium
HASM-01040,37.999,1.147,0.0933,OP-H-056,ST-H-29,0.203,low
HASM-01041,37.159,1.465,0.0889,OP-H-066,ST-H-07,0.3656,medium
HASM-01042,34.276,1.088,0.0792,OP-H-162,ST-H-18,0.1827,low
HASM-01043,40.902,1.253,0.0402,OP-H-118,ST-H-08,0.1922,low
HASM-01044,45.999,1.327,0.0595,OP-H-116,ST-H-13,0.2749,medium
HASM-01045,49.815,1.008,0.0751,OP-H-040,ST-H-29,0.2468,low
HASM-01046,35.772,1.163,0.0288,OP-H-008,ST-H-35,0.125,low
HASM-01047,61.894,1.421,0.0631,OP-H-093,ST-H-09,0.3871,medium
HASM-01048,30.565,0.808,0.2103,OP-H-160,ST-H-16,0.4505,medium
HASM-01049,53.32,0.738,0.0482,OP-H-047,ST-H-06,0.2496,low
HASM-01050,27.553,1.181,0.0022,OP-H-041,ST-H-28,0.2748,medium
HASM-01051,50.009,0.81,0.0514,OP-H-080,ST-H-40,0.218,low
HASM-01052,44.23,1.203,0.0809,OP-H-033,ST-H-25,0.2027,low
HASM-01053,17.089,1.315,0.0269,OP-H-112,ST-H-34,0.3372,medium
HASM-01054,31.29,1.138,0.017,OP-H-036,ST-H-02,0.1252,low
HASM-01055,50.466,0.941,0.0166,OP-H-045,ST-H-02,0.1287,low
HASM-01056,26.04,0.883,0.1245,OP-H-145,ST-H-31,0.3097,medium
HASM-01057,50.008,1.217,0.0388,OP-H-013,ST-H-30,0.2114,low
HASM-01058,33.127,1.601,0.1078,OP-H-077,ST-H-27,0.466,medium
HASM-01059,27.987,0.811,0.0626,OP-H-108,ST-H-07,0.3415,medium
HASM-01060,52.995,0.672,0.0135,OP-H-173,ST-H-11,0.2283,low
HASM-01061,45.852,0.25,0.0279,OP-H-004,ST-H-29,0.3375,medium
HASM-01062,25.474,1.44,0.0228,OP-H-018,ST-H-34,0.3677,medium
HASM-01063,47.14,1.616,0.0141,OP-H-157,ST-H-23,0.3479,medium
HASM-01064,39.172,1.163,0.1628,OP-H-131,ST-H-15,0.3264,medium
HASM-01065,46.328,1.004,0.04,OP-H-027,ST-H-08,0.0375,low
HASM-01066,40.913,1.122,0.0074,OP-H-062,ST-H-36,0.0326,low
HASM-01067,36.955,0.99,0.0317,OP-H-076,ST-H-10,0.1262,low
HASM-01068,22.473,1.161,0.0577,OP-H-102,ST-H-20,0.3569,medium
HASM-01069,37.065,0.793,0.1187,OP-H-054,ST-H-19,0.2747,medium
HASM-01070,54.27,0.592,0.0801,OP-H-155,ST-H-40,0.3945,medium
HASM-01071,61.833,1.255,0.1005,OP-H-136,ST-H-01,0.3974,medium
HASM-01072,41.497,1.004,0.0965,OP-H-106,ST-H-34,0.1295,low
HASM-01073,47.131,0.728,0.2019,OP-H-014,ST-H-24,0.4302,medium
HASM-01074,32.33,1.158,0.0328,OP-H-169,ST-H-31,0.2052,low
HASM-01075,31.895,1.275,0.0377,OP-H-128,ST-H-35,0.234,low
HASM-01076,45.516,0.93,0.0073,OP-H-126,ST-H-15,0.0315,low
HASM-01077,35.603,1.413,0.1252,OP-H-043,ST-H-09,0.4087,medium
HASM-01078,42.97,0.721,0.0336,OP-H-067,ST-H-34,0.1734,low
HASM-01079,39.918,1.125,0.0431,OP-H-086,ST-H-24,0.179,low
HASM-01080,46.78,0.691,0.0599,OP-H-037,ST-H-40,0.2323,low
HASM-01081,37.683,0.277,0.0638,OP-H-047,ST-H-37,0.5093,high
HASM-01082,47.769,0.821,0.0669,OP-H-084,ST-H-22,0.1837,low
HASM-01083,52.144,0.72,0.0961,OP-H-120,ST-H-28,0.3546,medium
HASM-01084,42.803,0.961,0.053,OP-H-115,ST-H-05,0.0556,low
HASM-01085,39.655,1.317,0.1468,OP-H-018,ST-H-09,0.3207,medium
HASM-01086,38.041,0.77,0.0097,OP-H-059,ST-H-18,0.0686,low
HASM-01087,36.528,0.882,0.1484,OP-H-079,ST-H-16,0.267,medium
HASM-01088,50.749,1.234,0.2286,OP-H-142,ST-H-21,0.5379,high
HASM-01089,60.158,1.568,0.0917,OP-H-133,ST-H-37,0.5735,high
HASM-01090,42.821,0.74,0.1424,OP-H-072,ST-H-16,0.2049,low
HASM-01091,42.617,1.595,0.0998,OP-H-019,ST-H-25,0.4165,medium
HASM-01092,35.749,0.865,0.1306,OP-H-161,ST-H-09,0.2756,medium
HASM-01093,56.328,1.204,0.0665,OP-H-051,ST-H-13,0.3767,medium
HASM-01094,45.112,1.15,0.105,OP-H-109,ST-H-15,0.1981,low
HASM-01095,44.57,0.92,0.0033,OP-H-058,ST-H-25,0.1023,low
HASM-01096,30.773,1.463,0.0781,OP-H-030,ST-H-27,0.378,medium
HASM-01097,53.906,0.707,0.0188,OP-H-059,ST-H-16,0.3406,medium
HASM-01098,49.368,1.362,0.0942,OP-H-099,ST-H-10,0.3215,medium
HASM-01099,54.736,0.541,0.1856,OP-H-055,ST-H-08,0.5251,high
HASM-01100,42.593,1.567,0.1058,OP-H-026,ST-H-18,0.3506,medium
HASM-01101,25.966,1.382,0.1265,OP-H-014,ST-H-22,0.5077,high
HASM-01102,42.053,0.995,0.1379,OP-H-086,ST-H-34,0.3345,medium
HASM-01103,33.97,1.274,0.0323,OP-H-174,ST-H-29,0.2357,low
HASM-01104,47.553,1.226,0.0303,OP-H-032,ST-H-32,0.1736,low
HASM-01105,34.587,0.928,0.03,OP-H-145,ST-H-23,0.0839,low
HASM-01106,54.309,0.303,0.078,OP-H-006,ST-H-32,0.5337,high
HASM-01107,47.701,0.895,0.024,OP-H-169,ST-H-35,0.1553,low
HASM-01108,50.728,0.791,0.0623,OP-H-077,ST-H-11,0.1725,low
HASM-01109,44.557,1.581,0.0381,OP-H-017,ST-H-14,0.357,medium
HASM-01110,46.972,1.01,0.0294,OP-H-100,ST-H-19,0.0806,low
HASM-01111,47.169,1.182,0.0458,OP-H-076,ST-H-23,0.1843,low
HASM-01112,55.771,1.006,0.0661,OP-H-002,ST-H-03,0.1932,low
HASM-01113,55.131,0.93,0.1525,OP-H-078,ST-H-38,0.3732,medium
HASM-01114,29.785,1.06,0.0988,OP-H-021,ST-H-36,0.3334,medium
HASM-01115,35.544,1.014,0.1686,OP-H-030,ST-H-40,0.2464,low
HASM-01116,41.82,0.933,0.1855,OP-H-084,ST-H-09,0.2964,medium
HASM-01117,39.488,0.517,0.0703,OP-H-173,ST-H-20,0.2818,medium
HASM-01118,60.882,1.811,0.0902,OP-H-012,ST-H-10,0.6433,high
HASM-01119,45.107,1.421,0.1812,OP-H-066,ST-H-19,0.4135,medium
HASM-01120,44.21,0.632,0.0461,OP-H-168,ST-H-31,0.2385,low
HASM-01121,26.766,0.872,0.28,OP-H-033,ST-H-21,0.5288,high
HASM-01122,38.583,0.953,0.1686,OP-H-120,ST-H-13,0.2607,medium
HASM-01123,45.939,0.943,0.1325,OP-H-110,ST-H-27,0.299,medium
HASM-01124,42.987,0.808,0.0383,OP-H-103,ST-H-32,0.1547,low
HASM-01125,48.142,1.62,0.0204,OP-H-094,ST-H-20,0.2974,medium
HASM-01126,29.047,0.32,0.0374,OP-H-055,ST-H-25,0.4042,medium
HASM-01127,28.521,1.266,0.1302,OP-H-044,ST-H-17,0.4072,medium
HASM-01128,44.393,1.236,0.0391,OP-H-029,ST-H-17,0.2128,low
HASM-01129,42.565,1.447,0.0527,OP-H-087,ST-H-31,0.3418,medium
HASM-01130,38.785,1.614,0.0189,OP-H-138,ST-H-32,0.283,medium
HASM-01131,60.331,1.091,0.0061,OP-H-017,ST-H-09,0.19,low
HASM-01132,37.003,1.244,0.1458,OP-H-110,ST-H-21,0.3079,medium
HASM-01133,58.695,0.989,0.0188,OP-H-087,ST-H-02,0.1701,low
HASM-01134,38.314,1.182,0.0984,OP-H-111,ST-H-06,0.2518,medium
HASM-01135,45.842,0.522,0.1197,OP-H-159,ST-H-23,0.3608,medium
HASM-01136,43.913,0.877,0.0423,OP-H-053,ST-H-32,0.1156,low
HASM-01137,40.874,1.021,0.0635,OP-H-084,ST-H-05,0.0657,low
HASM-01138,53.022,0.996,0.0443,OP-H-052,ST-H-04,0.1293,low
HASM-01139,27.302,1.17,0.2627,OP-H-036,ST-H-10,0.5567,high
HASM-01140,40.386,0.857,0.1316,OP-H-086,ST-H-34,0.1827,low
HASM-01141,46.143,1.55,0.0685,OP-H-121,ST-H-03,0.287,medium
HASM-01142,54.834,0.926,0.109,OP-H-097,ST-H-02,0.3068,medium
HASM-01143,34.214,0.871,0.0877,OP-H-083,ST-H-02,0.3071,medium
HASM-01144,54.413,1.429,0.1278,OP-H-067,ST-H-33,0.4677,medium
HASM-01145,40.066,0.802,0.035,OP-H-090,ST-H-20,0.1535,low
HASM-01146,34.235,0.893,0.1443,OP-H-093,ST-H-07,0.2719,medium
HASM-01147,43.265,0.664,0.0886,OP-H-080,ST-H-14,0.2609,medium
HASM-01148,45.844,0.853,0.1045,OP-H-123,ST-H-27,0.1179,low
HASM-01149,29.651,0.617,0.0551,OP-H-045,ST-H-12,0.3648,medium
HASM-01150,40.124,1.088,0.0828,OP-H-050,ST-H-14,0.2216,low
HASM-01151,44.926,1.095,0.0329,OP-H-076,ST-H-17,0.1122,low
HASM-01152,50.344,1.066,0.0872,OP-H-061,ST-H-39,0.2066,low
HASM-01153,35.153,1.237,0.0839,OP-H-009,ST-H-29,0.3059,medium
HASM-01154,43.181,0.698,0.0168,OP-H-044,ST-H-14,0.1654,low
HASM-01155,51.384,0.639,0.0986,OP-H-006,ST-H-20,0.3557,medium
HASM-01156,52.388,0.821,0.0459,OP-H-026,ST-H-29,0.2453,low
HASM-01157,41.67,0.773,0.0291,OP-H-075,ST-H-36,0.1639,low
HASM-01158,55.583,1.117,0.1038,OP-H-110,ST-H-17,0.32,medium
HASM-01159,44.743,1.205,0.1474,OP-H-125,ST-H-28,0.2538,medium
HASM-01160,39.5,0.88,0.0452,OP-H-088,ST-H-40,0.1921,low
HASM-01161,43.718,0.25,0.0538,OP-H-023,ST-H-19,0.3823,medium
HASM-01162,46.677,1.407,0.0141,OP-H-126,ST-H-15,0.1828,low
HASM-01163,44.28,1.3,0.0067,OP-H-091,ST-H-10,0.1808,low
HASM-01164,58.666,0.381,0.0514,OP-H-115,ST-H-16,0.4749,medium
HASM-01165,38.557,0.848,0.0243,OP-H-112,ST-H-39,0.1489,low
HASM-01166,42.432,1.114,0.1074,OP-H-177,ST-H-08,0.1521,low
HASM-01167,30.723,0.921,0.0218,OP-H-175,ST-H-34,0.1181,low
HASM-01168,40.608,1.0,0.0285,OP-H-030,ST-H-27,0.1049,low
HASM-01169,29.161,0.9,0.0263,OP-H-120,ST-H-35,0.2532,medium
HASM-01170,42.103,0.708,0.0674,OP-H-132,ST-H-21,0.2626,medium
HASM-01171,42.832,1.112,0.0339,OP-H-065,ST-H-38,0.0946,low
HASM-01172,47.085,1.128,0.0205,OP-H-041,ST-H-35,0.1676,low
HASM-01173,49.851,0.915,0.0276,OP-H-114,ST-H-22,0.1056,low
HASM-01174,35.371,0.979,0.0336,OP-H-017,ST-H-19,0.0807,low
HASM-01175,36.578,0.813,0.032,OP-H-136,ST-H-35,0.0781,low
HASM-01176,27.322,1.599,0.1683,OP-H-129,ST-H-38,0.6056,high
HASM-01177,40.715,1.145,0.113,OP-H-099,ST-H-11,0.1416,low
HASM-01178,47.057,0.841,0.2083,OP-H-093,ST-H-38,0.3952,medium
HASM-01179,43.64,1.34,0.0453,OP-H-040,ST-H-30,0.2568,medium
HASM-01180,26.021,1.183,0.046,OP-H-176,ST-H-39,0.1867,low
HASM-01181,41.632,0.891,0.0592,OP-H-013,ST-H-29,0.1217,low
HASM-01182,22.313,1.758,0.0846,OP-H-155,ST-H-36,0.6019,high
HASM-01183,31.849,0.554,0.1652,OP-H-005,ST-H-08,0.4507,medium
HASM-01184,30.14,1.349,0.1857,OP-H-009,ST-H-29,0.474,medium
HASM-01185,36.624,1.313,0.046,OP-H-110,ST-H-15,0.2971,medium
HASM-01186,63.27,1.229,0.1361,OP-H-059,ST-H-02,0.4196,medium
HASM-01187,40.768,1.381,0.1536,OP-H-132,ST-H-04,0.3962,medium
HASM-01188,50.47,0.669,0.0936,OP-H-036,ST-H-01,0.3424,medium
HASM-01189,55.985,1.259,0.0264,OP-H-151,ST-H-14,0.3152,medium
HASM-01190,65.079,1.173,0.2091,OP-H-132,ST-H-01,0.6412,high
HASM-01191,36.157,0.879,0.1119,OP-H-075,ST-H-21,0.3168,medium
HASM-01192,34.887,1.273,0.1392,OP-H-087,ST-H-12,0.3931,medium
HASM-01193,54.483,0.752,0.0614,OP-H-096,ST-H-34,0.2651,medium
HASM-01194,33.524,1.017,0.0817,OP-H-172,ST-H-11,0.1729,low
HASM-01195,28.181,0.466,0.0712,OP-H-083,ST-H-38,0.3984,medium
HASM-01196,30.972,0.354,0.0173,OP-H-084,ST-H-37,0.3772,medium
HASM-01197,32.697,1.176,0.0374,OP-H-031,ST-H-11,0.2334,low
HASM-01198,43.936,0.561,0.0689,OP-H-045,ST-H-38,0.2885,medium
HASM-01199,20.615,0.885,0.0695,OP-H-164,ST-H-34,0.3508,medium
HASM-01200,32.309,1.422,0.0687,OP-H-130,ST-H-33,0.3517,medium
HASM-01201,34.869,1.13,0.0135,OP-H-012,ST-H-15,0.1189,low
HASM-01202,34.339,1.103,0.0322,OP-H-094,ST-H-04,0.1687,low
HASM-01203,38.24,1.194,0.0662,OP-H-140,ST-H-03,0.2122,low
HASM-01204,42.335,0.683,0.1022,OP-H-144,ST-H-07,0.2858,medium
HASM-01205,39.811,1.061,0.154,OP-H-034,ST-H-40,0.25,medium
HASM-01206,37.458,1.25,0.0155,OP-H-041,ST-H-23,0.1021,low
HASM-01207,34.905,1.282,0.0475,OP-H-180,ST-H-04,0.1825,low
HASM-01208,48.161,0.952,0.0804,OP-H-011,ST-H-32,0.1817,low
HASM-01209,32.976,1.401,0.0448,OP-H-159,ST-H-07,0.3139,medium
HASM-01210,42.983,1.253,0.0381,OP-H-149,ST-H-10,0.1509,low
HASM-01211,59.013,1.448,0.0306,OP-H-078,ST-H-21,0.3885,medium
HASM-01212,35.536,0.729,0.0538,OP-H-180,ST-H-22,0.2051,low
HASM-01213,39.228,1.054,0.1083,OP-H-091,ST-H-28,0.1644,low
HASM-01214,38.069,0.765,0.0643,OP-H-060,ST-H-17,0.1919,low
HASM-01215,36.094,1.071,0.0295,OP-H-110,ST-H-24,0.1523,low
HASM-01216,57.669,0.953,0.0924,OP-H-005,ST-H-40,0.2046,low
HASM-01217,46.322,1.127,0.0186,OP-H-156,ST-H-07,0.1291,low
HASM-01218,18.976,1.131,0.0511,OP-H-146,ST-H-31,0.2993,medium
HASM-01219,32.253,0.755,0.0308,OP-H-052,ST-H-11,0.2198,low
HASM-01220,39.609,0.642,0.0352,OP-H-061,ST-H-18,0.2904,medium
HASM-01221,48.277,0.558,0.1414,OP-H-079,ST-H-25,0.4361,medium
HASM-01222,56.161,1.05,0.0027,OP-H-114,ST-H-10,0.1063,low
HASM-01223,38.642,0.881,0.075,OP-H-098,ST-H-28,0.1559,low
HASM-01224,38.871,0.656,0.0176,OP-H-125,ST-H-02,0.0938,low
HASM-01225,43.949,1.011,0.007,OP-H-014,ST-H-15,0.0199,low
HASM-01226,47.55,0.876,0.1184,OP-H-089,ST-H-31,0.2992,medium
HASM-01227,37.978,0.975,0.0146,OP-H-097,ST-H-28,0.0054,low
HASM-01228,50.547,0.984,0.0485,OP-H-065,ST-H-20,0.1594,low
HASM-01229,40.369,1.429,0.2222,OP-H-044,ST-H-04,0.4608,medium
HASM-01230,63.194,0.737,0.0369,OP-H-007,ST-H-13,0.3245,medium
HASM-01231,51.653,1.14,0.091,OP-H-069,ST-H-04,0.3123,medium
HASM-01232,36.306,1.21,0.0393,OP-H-160,ST-H-37,0.2277,low
HASM-01233,39.288,1.197,0.1045,OP-H-150,ST-H-03,0.2203,low
HASM-01234,55.335,0.848,0.0477,OP-H-171,ST-H-11,0.2465,low
HASM-01235,44.674,1.071,0.047,OP-H-040,ST-H-21,0.1035,low
HASM-01236,44.107,1.316,0.0311,OP-H-099,ST-H-10,0.1828,low
HASM-01237,28.502,1.102,0.1215,OP-H-061,ST-H-25,0.3866,medium
HASM-01238,43.78,0.71,0.1834,OP-H-063,ST-H-38,0.3825,medium
HASM-01239,64.595,1.029,0.0874,OP-H-031,ST-H-07,0.3026,medium
HASM-01240,53.982,1.413,0.1278,OP-H-042,ST-H-11,0.4308,medium
HASM-01241,32.176,0.351,0.061,OP-H-060,ST-H-03,0.4455,medium
HASM-01242,45.856,0.684,0.0927,OP-H-045,ST-H-37,0.3051,medium
HASM-01243,38.051,0.955,0.0243,OP-H-081,ST-H-02,0.0306,low
HASM-01244,31.903,1.175,0.0543,OP-H-006,ST-H-31,0.3073,medium
HASM-01245,52.562,0.759,0.0647,OP-H-130,ST-H-31,0.2906,medium
HASM-01246,38.232,0.629,0.0723,OP-H-036,ST-H-01,0.2661,medium
HASM-01247,41.601,0.976,0.0723,OP-H-083,ST-H-04,0.1169,low
HASM-01248,51.763,0.956,0.0448,OP-H-067,ST-H-24,0.1936,low
HASM-01249,50.344,1.139,0.0813,OP-H-059,ST-H-16,0.2194,low
HASM-01250,52.925,1.141,0.0601,OP-H-079,ST-H-24,0.2552,medium
HASM-01251,54.93,0.803,0.0881,OP-H-004,ST-H-29,0.3388,medium
HASM-01252,27.211,1.064,0.035,OP-H-168,ST-H-27,0.2719,medium
HASM-01253,25.449,0.999,0.1044,OP-H-075,ST-H-10,0.3194,medium
HASM-01254,52.419,1.238,0.0361,OP-H-173,ST-H-32,0.2266,low
HASM-01255,47.008,1.314,0.1124,OP-H-044,ST-H-30,0.2963,medium
HASM-01256,35.239,0.718,0.0094,OP-H-047,ST-H-21,0.2208,low
HASM-01257,29.678,0.594,0.1629,OP-H-107,ST-H-03,0.4731,medium
HASM-01258,44.22,0.589,0.0161,OP-H-096,ST-H-32,0.1544,low
HASM-01259,29.823,1.042,0.0915,OP-H-134,ST-H-01,0.1848,low
HASM-01260,43.145,0.914,0.0357,OP-H-071,ST-H-01,0.1006,low
HASM-01261,37.137,1.128,0.0965,OP-H-055,ST-H-11,0.2243,low
HASM-01262,38.311,1.068,0.1486,OP-H-177,ST-H-10,0.2682,medium
HASM-01263,28.154,0.786,0.0315,OP-H-119,ST-H-23,0.2397,low
HASM-01264,39.15,0.714,0.0534,OP-H-048,ST-H-36,0.1723,low
HASM-01265,49.985,1.442,0.0404,OP-H-148,ST-H-09,0.2691,medium
HASM-01266,53.354,0.981,0.072,OP-H-091,ST-H-26,0.1506,low
HASM-01267,45.338,1.212,0.0852,OP-H-142,ST-H-23,0.1999,low
HASM-01268,43.843,0.883,0.0999,OP-H-145,ST-H-06,0.2004,low
HASM-01269,52.108,1.547,0.0391,OP-H-021,ST-H-14,0.3517,medium
HASM-01270,45.041,1.068,0.0585,OP-H-148,ST-H-21,0.055,low
HASM-01271,39.647,0.543,0.1506,OP-H-080,ST-H-37,0.3559,medium
HASM-01272,40.777,1.63,0.0379,OP-H-107,ST-H-35,0.3234,medium
HASM-01273,35.906,1.214,0.029,OP-H-002,ST-H-34,0.1631,low
HASM-01274,54.679,0.765,0.016,OP-H-160,ST-H-05,0.2063,low
HASM-01275,72.514,0.89,0.0794,OP-H-167,ST-H-40,0.3992,medium
HASM-01276,46.652,1.252,0.0196,OP-H-053,ST-H-16,0.2012,low
HASM-01277,43.374,1.343,0.0456,OP-H-040,ST-H-11,0.2361,low
HASM-01278,45.104,0.894,0.1175,OP-H-083,ST-H-26,0.1887,low
HASM-01279,29.052,0.783,0.1009,OP-H-155,ST-H-19,0.3612,medium
HASM-01280,51.98,0.93,0.0784,OP-H-065,ST-H-15,0.2012,low
HASM-01281,28.687,0.568,0.0196,OP-H-166,ST-H-33,0.3963,medium
HASM-01282,55.288,1.148,0.0284,OP-H-089,ST-H-06,0.2257,low
HASM-01283,42.547,0.896,0.2024,OP-H-149,ST-H-05,0.2855,medium
HASM-01284,37.439,1.438,0.1609,OP-H-074,ST-H-23,0.4119,medium
HASM-01285,26.416,1.182,0.2308,OP-H-100,ST-H-18,0.5366,high
HASM-01286,39.295,0.871,0.1046,OP-H-021,ST-H-37,0.1748,low
HASM-01287,46.24,1.16,0.0837,OP-H-112,ST-H-28,0.1666,low
HASM-01288,48.648,0.603,0.0389,OP-H-117,ST-H-22,0.3364,medium
HASM-01289,24.119,1.126,0.0696,OP-H-080,ST-H-20,0.3294,medium
HASM-01290,45.68,0.846,0.0194,OP-H-159,ST-H-27,0.1383,low
HASM-01291,44.501,0.458,0.0413,OP-H-091,ST-H-09,0.3252,medium
HASM-01292,51.393,1.039,0.0215,OP-H-147,ST-H-22,0.0374,low
HASM-01293,38.586,1.279,0.0717,OP-H-043,ST-H-09,0.1551,low
HASM-01294,32.141,1.071,0.0245,OP-H-022,ST-H-12,0.2462,low
HASM-01295,27.697,0.902,0.0383,OP-H-114,ST-H-21,0.1795,low
HASM-01296,39.006,1.116,0.0587,OP-H-104,ST-H-13,0.0339,low
HASM-01297,64.839,1.071,0.0166,OP-H-085,ST-H-07,0.2973,medium
HASM-01298,52.839,0.938,0.106,OP-H-154,ST-H-29,0.2814,medium
HASM-01299,30.024,0.624,0.0138,OP-H-018,ST-H-37,0.2942,medium
HASM-01300,37.308,0.999,0.1362,OP-H-147,ST-H-11,0.2045,low
HASM-01301,32.124,1.01,0.0615,OP-H-133,ST-H-15,0.1694,low
HASM-01302,61.471,1.15,0.0977,OP-H-051,ST-H-30,0.3856,medium
HASM-01303,39.429,0.733,0.023,OP-H-088,ST-H-38,0.1861,low
HASM-01304,35.076,0.896,0.161,OP-H-132,ST-H-04,0.2768,medium
HASM-01305,40.201,0.69,0.0764,OP-H-042,ST-H-23,0.2444,low
HASM-01306,57.615,0.988,0.0559,OP-H-018,ST-H-28,0.1369,low
HASM-01307,63.753,0.888,0.2165,OP-H-165,ST-H-17,0.5383,high
HASM-01308,41.88,0.866,0.0415,OP-H-058,ST-H-27,0.1548,low
HASM-01309,40.195,0.982,0.0684,OP-H-031,ST-H-38,0.1321,low
HASM-01310,45.567,0.88,0.0485,OP-H-062,ST-H-37,0.1886,low
HASM-01311,51.974,0.675,0.021,OP-H-077,ST-H-35,0.2334,low
HASM-01312,50.169,0.281,0.0898,OP-H-163,ST-H-35,0.5022,high
HASM-01313,60.683,0.901,0.0895,OP-H-152,ST-H-10,0.2915,medium
HASM-01314,46.462,1.051,0.241,OP-H-093,ST-H-12,0.3754,medium
HASM-01315,53.394,0.727,0.0327,OP-H-137,ST-H-04,0.2479,low
HASM-01316,30.08,1.117,0.0756,OP-H-063,ST-H-07,0.2019,low
HASM-01317,38.099,1.23,0.0124,OP-H-148,ST-H-29,0.1101,low
HASM-01318,47.915,0.988,0.068,OP-H-057,ST-H-21,0.1747,low
HASM-01319,28.99,1.287,0.0711,OP-H-110,ST-H-11,0.3752,medium
HASM-01320,41.611,0.974,0.0599,OP-H-125,ST-H-06,0.0261,low
HASM-01321,29.196,0.903,0.0853,OP-H-170,ST-H-08,0.2561,medium
HASM-01322,27.538,1.259,0.0772,OP-H-130,ST-H-34,0.3499,medium
HASM-01323,35.411,0.898,0.0297,OP-H-035,ST-H-30,0.1718,low
HASM-01324,36.074,1.234,0.0824,OP-H-141,ST-H-05,0.1927,low
HASM-01325,31.2,1.532,0.0405,OP-H-027,ST-H-14,0.3403,medium
HASM-01326,32.365,1.055,0.0394,OP-H-024,ST-H-21,0.0948,low
HASM-01327,32.447,0.651,0.1001,OP-H-003,ST-H-12,0.3926,medium
HASM-01328,38.96,1.049,0.015,OP-H-093,ST-H-12,0.0647,low
HASM-01329,43.132,0.41,0.0169,OP-H-108,ST-H-15,0.3035,medium
HASM-01330,26.92,0.864,0.048,OP-H-048,ST-H-23,0.2558,medium
HASM-01331,38.853,0.97,0.1771,OP-H-047,ST-H-26,0.2529,medium
HASM-01332,36.198,1.445,0.1338,OP-H-009,ST-H-27,0.4502,medium
HASM-01333,38.754,0.696,0.0235,OP-H-108,ST-H-11,0.1743,low
HASM-01334,49.488,0.651,0.128,OP-H-002,ST-H-11,0.3573,medium
HASM-01335,27.143,0.853,0.0315,OP-H-179,ST-H-40,0.2364,low
HASM-01336,34.872,0.837,0.0826,OP-H-147,ST-H-17,0.2762,medium
HASM-01337,51.629,1.132,0.0136,OP-H-063,ST-H-33,0.1312,low
HASM-01338,52.316,1.468,0.0961,OP-H-120,ST-H-14,0.3775,medium
HASM-01339,49.092,0.771,0.0505,OP-H-043,ST-H-23,0.2189,low
HASM-01340,32.168,0.836,0.097,OP-H-003,ST-H-23,0.2515,medium
HASM-01341,26.148,1.167,0.0793,OP-H-166,ST-H-26,0.3021,medium
HASM-01342,24.606,0.896,0.0124,OP-H-092,ST-H-05,0.192,low
HASM-01343,44.279,0.611,0.0676,OP-H-134,ST-H-16,0.2363,low
HASM-01344,60.864,1.254,0.0453,OP-H-120,ST-H-35,0.3911,medium
HASM-01345,31.239,0.968,0.0228,OP-H-073,ST-H-17,0.0887,low
HASM-01346,23.622,1.328,0.0728,OP-H-122,ST-H-40,0.3407,medium
HASM-01347,36.45,0.787,0.0291,OP-H-149,ST-H-17,0.1387,low
HASM-01348,42.602,0.679,0.0028,OP-H-103,ST-H-21,0.1927,low
HASM-01349,57.557,0.917,0.0094,OP-H-049,ST-H-17,0.1773,low
HASM-01350,54.756,0.965,0.0612,OP-H-155,ST-H-09,0.2533,medium
HASM-01351,50.403,1.078,0.0206,OP-H-050,ST-H-13,0.1712,low
HASM-01352,37.167,0.777,0.0223,OP-H-075,ST-H-37,0.1488,low
HASM-01353,32.124,0.9,0.0822,OP-H-050,ST-H-07,0.2462,low
HASM-01354,39.865,1.173,0.098,OP-H-128,ST-H-37,0.1754,low
HASM-01355,12.0,1.355,0.0474,OP-H-163,ST-H-35,0.4281,medium
HASM-01356,49.737,0.753,0.0265,OP-H-121,ST-H-10,0.2624,medium
HASM-01357,40.632,0.491,0.0757,OP-H-072,ST-H-21,0.3133,medium
HASM-01358,51.985,1.107,0.0646,OP-H-005,ST-H-20,0.2705,medium
HASM-01359,39.473,1.13,0.0817,OP-H-123,ST-H-18,0.1499,low
HASM-01360,54.314,0.873,0.0378,OP-H-124,ST-H-13,0.2052,low
HASM-01361,43.877,1.015,0.1182,OP-H-157,ST-H-19,0.1475,low
HASM-01362,57.2,0.705,0.0318,OP-H-150,ST-H-12,0.2722,medium
HASM-01363,37.242,1.415,0.1024,OP-H-026,ST-H-36,0.373,medium
HASM-01364,26.76,0.829,0.0353,OP-H-158,ST-H-09,0.2581,medium
HASM-01365,40.761,1.38,0.0396,OP-H-091,ST-H-07,0.2714,medium
HASM-01366,33.528,1.165,0.0164,OP-H-133,ST-H-23,0.1252,low
HASM-01367,36.519,1.021,0.038,OP-H-158,ST-H-06,0.1256,low
HASM-01368,39.515,1.291,0.0254,OP-H-091,ST-H-20,0.1341,low
HASM-01369,49.021,1.239,0.0856,OP-H-068,ST-H-24,0.2512,medium
HASM-01370,40.692,1.108,0.0503,OP-H-123,ST-H-25,0.1271,low
HASM-01371,59.111,1.199,0.2517,OP-H-127,ST-H-22,0.5542,high
HASM-01372,36.244,1.484,0.0783,OP-H-008,ST-H-24,0.3667,medium
HASM-01373,46.452,1.182,0.0593,OP-H-179,ST-H-27,0.1946,low
HASM-01374,33.293,1.16,0.0495,OP-H-145,ST-H-27,0.2157,low
HASM-01375,39.334,1.066,0.1046,OP-H-147,ST-H-16,0.2072,low
HASM-01376,51.753,1.096,0.0404,OP-H-177,ST-H-12,0.1805,low
HASM-01377,41.102,0.952,0.0199,OP-H-157,ST-H-22,0.0962,low
HASM-01378,33.941,0.499,0.0389,OP-H-128,ST-H-31,0.3097,medium
HASM-01379,30.34,0.916,0.107,OP-H-038,ST-H-22,0.311,medium
HASM-01380,38.113,1.264,0.0581,OP-H-135,ST-H-07,0.2294,low
HASM-01381,28.706,0.96,0.0823,OP-H-080,ST-H-39,0.2534,medium
HASM-01382,31.562,1.404,0.0991,OP-H-076,ST-H-12,0.3519,medium
HASM-01383,55.656,0.936,0.1302,OP-H-177,ST-H-17,0.2638,medium
HASM-01384,42.315,1.091,0.0522,OP-H-124,ST-H-16,0.0832,low
HASM-01385,54.713,1.29,0.0879,OP-H-002,ST-H-24,0.3125,medium
HASM-01386,55.646,1.192,0.0484,OP-H-171,ST-H-15,0.2628,medium
HASM-01387,43.942,1.025,0.0351,OP-H-100,ST-H-27,0.084,low
HASM-01388,48.74,1.467,0.0251,OP-H-154,ST-H-03,0.277,medium
HASM-01389,41.337,0.531,0.0867,OP-H-016,ST-H-01,0.269,medium
HASM-01390,32.982,0.582,0.0405,OP-H-027,ST-H-30,0.3018,medium
HASM-01391,23.375,1.121,0.0635,OP-H-085,ST-H-22,0.3042,medium
HASM-01392,48.73,0.951,0.0317,OP-H-176,ST-H-31,0.12,low
HASM-01393,48.716,0.537,0.05,OP-H-089,ST-H-19,0.3224,medium
HASM-01394,56.509,0.862,0.0454,OP-H-154,ST-H-20,0.2419,low
HASM-01395,26.389,0.709,0.1361,OP-H-128,ST-H-36,0.4763,medium
HASM-01396,50.386,0.797,0.0556,OP-H-142,ST-H-15,0.2247,low
HASM-01397,34.459,0.862,0.0289,OP-H-054,ST-H-36,0.0821,low
HASM-01398,41.846,1.346,0.0127,OP-H-139,ST-H-13,0.0658,low
HASM-01399,42.226,0.616,0.1089,OP-H-095,ST-H-30,0.2694,medium
HASM-01400,50.294,1.235,0.109,OP-H-017,ST-H-09,0.315,medium
HASM-01401,61.382,1.029,0.0504,OP-H-010,ST-H-27,0.2572,medium
HASM-01402,37.284,0.748,0.0876,OP-H-155,ST-H-06,0.3139,medium
HASM-01403,34.843,1.111,0.0595,OP-H-156,ST-H-37,0.0879,low
HASM-01404,45.039,1.094,0.0134,OP-H-164,ST-H-27,0.0603,low
HASM-01405,50.046,1.056,0.0265,OP-H-007,ST-H-04,0.1421,low
HASM-01406,43.812,0.823,0.1096,OP-H-023,ST-H-02,0.2426,low
HASM-01407,33.231,1.16,0.0218,OP-H-131,ST-H-04,0.2078,low
HASM-01408,42.961,0.998,0.0286,OP-H-155,ST-H-02,0.0271,low
HASM-01409,37.785,0.678,0.0196,OP-H-118,ST-H-15,0.1745,low
HASM-01410,53.826,1.159,0.011,OP-H-060,ST-H-34,0.1546,low
HASM-01411,51.991,1.418,0.1097,OP-H-174,ST-H-34,0.3636,medium
HASM-01412,45.226,1.059,0.0663,OP-H-160,ST-H-23,0.093,low
HASM-01413,26.37,1.285,0.0524,OP-H-004,ST-H-11,0.3215,medium
HASM-01414,36.845,1.236,0.0668,OP-H-072,ST-H-25,0.2427,low
HASM-01415,38.152,0.94,0.0442,OP-H-147,ST-H-13,0.1197,low
HASM-01416,36.985,1.211,0.0816,OP-H-034,ST-H-21,0.2445,low
HASM-01417,59.621,0.995,0.0124,OP-H-134,ST-H-21,0.1395,low
HASM-01418,30.438,0.61,0.0364,OP-H-107,ST-H-04,0.3369,medium
HASM-01419,54.148,0.331,0.0706,OP-H-052,ST-H-21,0.4677,medium
HASM-01420,47.455,1.086,0.0476,OP-H-063,ST-H-05,0.1485,low
HASM-01421,48.681,1.222,0.0186,OP-H-122,ST-H-24,0.1248,low
HASM-01422,36.643,0.756,0.0762,OP-H-100,ST-H-34,0.2,low
HASM-01423,46.418,0.628,0.1172,OP-H-007,ST-H-16,0.3751,medium
HASM-01424,41.807,1.21,0.044,OP-H-042,ST-H-23,0.0996,low
HASM-01425,29.347,0.907,0.144,OP-H-114,ST-H-20,0.3632,medium
HASM-01426,54.974,0.975,0.1012,OP-H-147,ST-H-09,0.2869,medium
HASM-01427,34.046,0.923,0.0798,OP-H-150,ST-H-08,0.2279,low
HASM-01428,28.637,1.246,0.0183,OP-H-151,ST-H-10,0.263,medium
HASM-01429,46.935,1.312,0.0134,OP-H-161,ST-H-08,0.1957,low
HASM-01430,44.359,1.087,0.078,OP-H-008,ST-H-33,0.2376,low
HASM-01431,36.171,1.118,0.0686,OP-H-173,ST-H-12,0.1844,low
HASM-01432,47.824,1.021,0.0606,OP-H-064,ST-H-36,0.0842,low
HASM-01433,41.307,1.123,0.0582,OP-H-085,ST-H-07,0.1514,low
HASM-01434,38.241,1.143,0.0438,OP-H-006,ST-H-24,0.1564,low
HASM-01435,38.195,0.995,0.0369,OP-H-052,ST-H-05,0.0765,low
HASM-01436,44.132,0.918,0.0973,OP-H-026,ST-H-40,0.106,low
HASM-01437,52.403,1.413,0.0126,OP-H-074,ST-H-40,0.2933,medium
HASM-01438,21.958,1.397,0.23,OP-H-129,ST-H-05,0.6366,high
HASM-01439,30.404,0.719,0.1526,OP-H-175,ST-H-40,0.3947,medium
HASM-01440,44.289,1.072,0.128,OP-H-105,ST-H-11,0.1848,low
HASM-01441,43.875,0.987,0.0642,OP-H-088,ST-H-35,0.0251,low
HASM-01442,36.507,0.871,0.1181,OP-H-030,ST-H-37,0.2296,low
HASM-01443,35.78,1.377,0.0184,OP-H-142,ST-H-02,0.2258,low
HASM-01444,46.581,0.892,0.026,OP-H-118,ST-H-09,0.1955,low
HASM-01445,53.463,0.515,0.0578,OP-H-056,ST-H-40,0.3268,medium
HASM-01446,37.005,0.712,0.0281,OP-H-127,ST-H-25,0.1756,low
HASM-01447,42.503,0.886,0.0117,OP-H-019,ST-H-11,0.0,low
HASM-01448,45.34,1.189,0.1137,OP-H-084,ST-H-22,0.2657,medium
HASM-01449,37.746,1.242,0.1351,OP-H-090,ST-H-05,0.372,medium
HASM-01450,23.873,1.399,0.0158,OP-H-102,ST-H-27,0.38,medium
HASM-01451,42.334,0.962,0.0534,OP-H-164,ST-H-22,0.0837,low
HASM-01452,24.772,1.254,0.1108,OP-H-166,ST-H-09,0.4314,medium
HASM-01453,41.715,1.294,0.0838,OP-H-117,ST-H-38,0.2205,low
HASM-01454,58.55,0.91,0.127,OP-H-040,ST-H-37,0.2858,medium
HASM-01455,54.339,0.628,0.1156,OP-H-058,ST-H-04,0.2907,medium
HASM-01456,50.643,1.062,0.0753,OP-H-077,ST-H-34,0.1976,low
HASM-01457,50.518,1.177,0.04,OP-H-141,ST-H-04,0.2717,medium
HASM-01458,46.193,0.931,0.0875,OP-H-086,ST-H-14,0.1785,low
HASM-01459,43.442,0.899,0.0172,OP-H-133,ST-H-13,0.0817,low
HASM-01460,47.986,0.293,0.1288,OP-H-144,ST-H-34,0.4477,medium
HASM-01461,52.93,0.72,0.0884,OP-H-024,ST-H-28,0.3256,medium
HASM-01462,22.746,0.62,0.0863,OP-H-062,ST-H-26,0.4502,medium
HASM-01463,36.319,0.793,0.1731,OP-H-154,ST-H-32,0.356,medium
HASM-01464,55.864,1.251,0.0244,OP-H-050,ST-H-12,0.2566,medium
HASM-01465,31.064,0.863,0.1163,OP-H-041,ST-H-02,0.3866,medium
HASM-01466,39.029,1.518,0.0357,OP-H-141,ST-H-34,0.2743,medium
HASM-01467,26.759,0.481,0.0545,OP-H-025,ST-H-26,0.392,medium
HASM-01468,37.739,1.028,0.0771,OP-H-027,ST-H-06,0.1121,low
HASM-01469,56.054,0.802,0.0495,OP-H-147,ST-H-31,0.275,medium
HASM-01470,25.663,0.981,0.0275,OP-H-033,ST-H-11,0.1598,low
HASM-01471,58.753,1.072,0.0968,OP-H-101,ST-H-24,0.3328,medium
HASM-01472,51.343,1.084,0.024,OP-H-074,ST-H-13,0.2056,low
HASM-01473,45.11,0.883,0.0626,OP-H-144,ST-H-09,0.2407,low
HASM-01474,52.201,0.385,0.0236,OP-H-104,ST-H-02,0.3408,medium
HASM-01475,64.68,0.947,0.0854,OP-H-048,ST-H-24,0.3661,medium
HASM-01476,37.574,1.359,0.0638,OP-H-054,ST-H-19,0.2264,low
HASM-01477,31.804,1.019,0.1328,OP-H-003,ST-H-25,0.2767,medium
HASM-01478,33.542,1.136,0.0109,OP-H-160,ST-H-07,0.2099,low
HASM-01479,31.865,1.41,0.0713,OP-H-066,ST-H-31,0.3469,medium
HASM-01480,37.525,0.848,0.0499,OP-H-075,ST-H-16,0.219,low
HASM-01481,44.853,0.83,0.0081,OP-H-105,ST-H-22,0.0943,low
HASM-01482,51.678,0.768,0.0178,OP-H-114,ST-H-07,0.2012,low
HASM-01483,56.324,1.03,0.0919,OP-H-125,ST-H-35,0.2885,medium
HASM-01484,33.789,1.102,0.0284,OP-H-153,ST-H-15,0.1858,low
HASM-01485,48.979,1.28,0.0375,OP-H-109,ST-H-27,0.2911,medium
HASM-01486,45.335,1.413,0.0715,OP-H-145,ST-H-04,0.2971,medium
HASM-01487,39.145,1.067,0.0166,OP-H-137,ST-H-27,0.0094,low
HASM-01488,23.444,0.957,0.0332,OP-H-086,ST-H-37,0.2406,low
HASM-01489,30.893,1.211,0.0655,OP-H-091,ST-H-39,0.2564,medium
HASM-01490,38.709,0.766,0.0312,OP-H-054,ST-H-13,0.2116,low
HASM-01491,38.453,1.384,0.0353,OP-H-125,ST-H-10,0.1773,low
HASM-01492,29.237,0.82,0.0382,OP-H-116,ST-H-13,0.2879,medium
HASM-01493,42.346,0.849,0.0618,OP-H-015,ST-H-38,0.1414,low
HASM-01494,46.4,0.982,0.1425,OP-H-039,ST-H-27,0.2622,medium
HASM-01495,49.244,0.418,0.1051,OP-H-142,ST-H-26,0.4701,medium
HASM-01496,33.504,0.511,0.0191,OP-H-020,ST-H-03,0.332,medium
HASM-01497,48.046,1.161,0.1132,OP-H-155,ST-H-37,0.2252,low
HASM-01498,37.844,1.498,0.0424,OP-H-102,ST-H-24,0.305,medium
HASM-01499,43.286,0.905,0.0662,OP-H-108,ST-H-02,0.1334,low
HASM-01500,56.621,1.138,0.1114,OP-H-133,ST-H-19,0.4323,medium
HASM-01501,34.132,0.736,0.0721,OP-H-107,ST-H-08,0.2517,medium
HASM-01502,42.212,1.238,0.0111,OP-H-053,ST-H-40,0.1461,low
HASM-01503,42.264,1.134,0.077,OP-H-162,ST-H-25,0.2073,low
HASM-01504,37.267,0.738,0.0931,OP-H-025,ST-H-31,0.2955,medium
HASM-01505,25.118,0.485,0.0379,OP-H-161,ST-H-05,0.4307,medium
HASM-01506,44.424,0.954,0.0482,OP-H-037,ST-H-07,0.0913,low
HASM-01507,40.767,1.027,0.0578,OP-H-157,ST-H-21,0.116,low
HASM-01508,51.395,0.762,0.0303,OP-H-105,ST-H-18,0.2257,low
HASM-01509,41.557,1.13,0.0234,OP-H-159,ST-H-26,0.1123,low
HASM-01510,41.832,0.877,0.023,OP-H-070,ST-H-10,0.0497,low
HASM-01511,55.563,1.029,0.0236,OP-H-041,ST-H-40,0.0989,low
HASM-01512,51.648,1.513,0.0762,OP-H-118,ST-H-28,0.3392,medium
HASM-01513,35.337,1.257,0.0108,OP-H-125,ST-H-02,0.2005,low
HASM-01514,41.826,0.541,0.0468,OP-H-039,ST-H-28,0.2543,medium
HASM-01515,54.596,1.367,0.0439,OP-H-072,ST-H-05,0.3991,medium
HASM-01516,38.931,0.891,0.0139,OP-H-105,ST-H-03,0.1039,low
HASM-01517,50.334,1.255,0.0834,OP-H-073,ST-H-05,0.2488,low
HASM-01518,57.443,1.112,0.0303,OP-H-081,ST-H-04,0.1973,low
HASM-01519,33.544,1.125,0.0982,OP-H-155,ST-H-11,0.1831,low
HASM-01520,36.935,1.29,0.0106,OP-H-001,ST-H-06,0.1542,low
HASM-01521,51.802,0.962,0.0388,OP-H-127,ST-H-09,0.2067,low
HASM-01522,37.158,0.859,0.0428,OP-H-012,ST-H-23,0.1853,low
HASM-01523,44.69,1.465,0.1177,OP-H-171,ST-H-24,0.399,medium
HASM-01524,41.517,1.019,0.0403,OP-H-135,ST-H-10,0.0244,low
HASM-01525,50.161,1.247,0.2413,OP-H-140,ST-H-39,0.503,high
HASM-01526,50.057,0.853,0.0421,OP-H-055,ST-H-28,0.1809,low
HASM-01527,29.75,1.746,0.0986,OP-H-077,ST-H-11,0.5284,high
HASM-01528,44.945,1.116,0.044,OP-H-073,ST-H-05,0.109,low
HASM-01529,32.495,1.455,0.0698,OP-H-082,ST-H-37,0.3047,medium
HASM-01530,42.424,1.203,0.1863,OP-H-071,ST-H-38,0.3663,medium
HASM-01531,54.63,0.809,0.0603,OP-H-174,ST-H-31,0.2986,medium
HASM-01532,43.231,0.92,0.1298,OP-H-165,ST-H-27,0.2067,low
HASM-01533,39.655,1.189,0.0736,OP-H-031,ST-H-40,0.1625,low
HASM-01534,44.021,1.418,0.1371,OP-H-124,ST-H-28,0.3983,medium
HASM-01535,42.772,0.874,0.0333,OP-H-027,ST-H-19,0.1869,low
HASM-01536,55.069,1.343,0.0857,OP-H-064,ST-H-36,0.3043,medium
HASM-01537,30.262,1.32,0.1189,OP-H-123,ST-H-26,0.3618,medium
HASM-01538,34.836,1.334,0.0179,OP-H-177,ST-H-02,0.2037,low
HASM-01539,51.342,1.006,0.1193,OP-H-051,ST-H-02,0.2477,low
HASM-01540,54.275,0.729,0.0178,OP-H-091,ST-H-20,0.3277,medium
HASM-01541,33.859,1.355,0.0653,OP-H-023,ST-H-31,0.2689,medium
HASM-01542,36.037,0.958,0.1071,OP-H-068,ST-H-32,0.1913,low
HASM-01543,35.867,0.836,0.0391,OP-H-074,ST-H-16,0.1467,low
HASM-01544,49.783,1.138,0.0021,OP-H-042,ST-H-27,0.1265,low
HASM-01545,38.132,0.892,0.0743,OP-H-162,ST-H-14,0.1472,low
HASM-01546,51.017,0.911,0.0856,OP-H-024,ST-H-36,0.2334,low
HASM-01547,40.104,0.939,0.0388,OP-H-063,ST-H-34,0.0455,low
HASM-01548,40.563,1.106,0.0627,OP-H-073,ST-H-28,0.1671,low
HASM-01549,39.651,0.934,0.1339,OP-H-069,ST-H-12,0.3212,medium
HASM-01550,43.753,1.388,0.0323,OP-H-069,ST-H-11,0.2015,low
HASM-01551,44.895,1.094,0.0731,OP-H-170,ST-H-15,0.1906,low
HASM-01552,41.886,0.77,0.1052,OP-H-148,ST-H-38,0.1534,low
HASM-01553,39.403,0.946,0.0603,OP-H-156,ST-H-13,0.1143,low
HASM-01554,47.744,0.973,0.0799,OP-H-099,ST-H-22,0.168,low
HASM-01555,44.264,1.101,0.0177,OP-H-039,ST-H-39,0.0267,low
HASM-01556,22.114,1.255,0.1522,OP-H-053,ST-H-13,0.5509,high
HASM-01557,49.575,1.121,0.0728,OP-H-002,ST-H-20,0.2104,low
HASM-01558,47.187,1.179,0.0082,OP-H-001,ST-H-18,0.0766,low
HASM-01559,25.052,0.794,0.2682,OP-H-016,ST-H-01,0.5993,high
HASM-01560,38.707,1.314,0.0708,OP-H-040,ST-H-17,0.2613,medium
HASM-01561,41.977,1.061,0.1155,OP-H-130,ST-H-06,0.1964,low
HASM-01562,35.391,1.355,0.0584,OP-H-029,ST-H-28,0.27,medium
HASM-01563,57.153,0.289,0.0892,OP-H-040,ST-H-34,0.5133,high
HASM-01564,60.592,1.31,0.1424,OP-H-120,ST-H-21,0.4972,medium
HASM-01565,45.833,0.733,0.0918,OP-H-151,ST-H-23,0.2165,low
HASM-01566,36.994,1.142,0.0309,OP-H-020,ST-H-30,0.1624,low
HASM-01567,57.825,1.077,0.0239,OP-H-020,ST-H-18,0.2059,low
HASM-01568,38.096,1.113,0.0477,OP-H-025,ST-H-26,0.1048,low
HASM-01569,35.742,1.139,0.087,OP-H-058,ST-H-24,0.2621,medium
HASM-01570,23.863,1.053,0.0359,OP-H-023,ST-H-28,0.2552,medium
HASM-01571,46.618,1.153,0.0157,OP-H-167,ST-H-39,0.1165,low
HASM-01572,34.724,0.806,0.0625,OP-H-146,ST-H-34,0.2334,low
HASM-01573,50.252,0.924,0.0803,OP-H-123,ST-H-38,0.2141,low
HASM-01574,44.496,1.181,0.0452,OP-H-130,ST-H-27,0.1449,low
HASM-01575,57.556,1.069,0.1232,OP-H-063,ST-H-09,0.3492,medium
HASM-01576,47.279,1.084,0.0142,OP-H-171,ST-H-11,0.1505,low
HASM-01577,43.755,1.099,0.0825,OP-H-040,ST-H-33,0.165,low
HASM-01578,35.304,0.926,0.0697,OP-H-004,ST-H-15,0.189,low
HASM-01579,30.632,1.161,0.0543,OP-H-147,ST-H-37,0.2771,medium
HASM-01580,24.131,1.028,0.0218,OP-H-171,ST-H-10,0.2502,medium
HASM-01581,35.666,0.734,0.0117,OP-H-063,ST-H-24,0.1737,low
HASM-01582,48.801,0.73,0.2084,OP-H-057,ST-H-39,0.4715,medium
HASM-01583,39.938,1.164,0.0761,OP-H-035,ST-H-31,0.1646,low
HASM-01584,30.337,0.867,0.0485,OP-H-140,ST-H-18,0.2255,low
HASM-01585,30.937,1.018,0.0911,OP-H-061,ST-H-33,0.2775,medium
HASM-01586,40.118,1.014,0.1232,OP-H-042,ST-H-24,0.2294,low
HASM-01587,51.031,1.538,0.059,OP-H-002,ST-H-11,0.3724,medium
HASM-01588,54.205,0.942,0.0542,OP-H-176,ST-H-28,0.1933,low
HASM-01589,46.427,1.509,0.0303,OP-H-153,ST-H-28,0.3048,medium
HASM-01590,47.467,0.946,0.1127,OP-H-062,ST-H-27,0.1559,low
HASM-01591,40.856,0.966,0.0754,OP-H-088,ST-H-31,0.1232,low
HASM-01592,43.806,0.845,0.2316,OP-H-107,ST-H-09,0.3341,medium
HASM-01593,54.557,1.14,0.0276,OP-H-035,ST-H-04,0.2088,low
HASM-01594,47.455,0.868,0.0691,OP-H-110,ST-H-08,0.2004,low
HASM-01595,42.384,1.004,0.0989,OP-H-061,ST-H-19,0.1731,low
HASM-01596,56.144,1.516,0.0396,OP-H-031,ST-H-22,0.4285,medium
HASM-01597,38.437,1.206,0.0442,OP-H-150,ST-H-04,0.1702,low
HASM-01598,48.98,0.927,0.0149,OP-H-022,ST-H-31,0.0709,low
HASM-01599,42.475,0.542,0.1423,OP-H-038,ST-H-22,0.3306,medium
HASM-01600,44.621,1.16,0.0293,OP-H-071,ST-H-07,0.0904,low
HASM-01601,38.301,0.802,0.084,OP-H-172,ST-H-25,0.2331,low
HASM-01602,42.971,1.278,0.0761,OP-H-069,ST-H-08,0.2984,medium
HASM-01603,35.738,0.977,0.0393,OP-H-161,ST-H-37,0.1193,low
HASM-01604,56.786,0.784,0.095,OP-H-031,ST-H-38,0.3338,medium
HASM-01605,42.866,1.441,0.1069,OP-H-138,ST-H-05,0.2984,medium
HASM-01606,36.551,1.672,0.0378,OP-H-094,ST-H-05,0.4139,medium
HASM-01607,45.17,0.701,0.0408,OP-H-009,ST-H-21,0.2348,low
HASM-01608,51.266,0.925,0.0272,OP-H-115,ST-H-07,0.1385,low
HASM-01609,27.446,0.798,0.0591,OP-H-046,ST-H-03,0.3295,medium
HASM-01610,30.636,1.137,0.0688,OP-H-123,ST-H-14,0.3153,medium
HASM-01611,33.408,1.216,0.107,OP-H-155,ST-H-04,0.2886,medium
HASM-01612,33.739,1.198,0.0312,OP-H-060,ST-H-32,0.275,medium
HASM-01613,32.67,1.117,0.0495,OP-H-028,ST-H-30,0.1786,low
HASM-01614,24.69,1.136,0.0527,OP-H-014,ST-H-17,0.2664,medium
HASM-01615,48.357,1.024,0.2282,OP-H-157,ST-H-09,0.3532,medium
HASM-01616,33.304,1.135,0.1329,OP-H-145,ST-H-02,0.3838,medium
HASM-01617,40.454,0.815,0.0941,OP-H-090,ST-H-34,0.2144,low
HASM-01618,46.078,1.154,0.0334,OP-H-123,ST-H-24,0.1013,low
HASM-01619,54.965,1.104,0.0469,OP-H-145,ST-H-17,0.1613,low
HASM-01620,37.448,0.924,0.1062,OP-H-042,ST-H-10,0.1387,low
HASM-01621,43.024,1.017,0.0494,OP-H-020,ST-H-10,0.1153,low
HASM-01622,52.116,0.836,0.0971,OP-H-121,ST-H-32,0.272,medium
HASM-01623,42.475,0.453,0.0533,OP-H-093,ST-H-09,0.2549,medium
HASM-01624,37.623,1.354,0.0396,OP-H-023,ST-H-30,0.2381,low
HASM-01625,48.182,0.292,0.096,OP-H-037,ST-H-20,0.3989,medium
HASM-01626,42.759,1.073,0.015,OP-H-096,ST-H-35,0.0072,low
HASM-01627,46.362,0.686,0.0862,OP-H-030,ST-H-28,0.3226,medium
HASM-01628,55.996,1.292,0.0182,OP-H-108,ST-H-13,0.2525,medium
HASM-01629,37.318,0.5,0.1121,OP-H-039,ST-H-30,0.4187,medium
HASM-01630,48.635,1.02,0.0994,OP-H-153,ST-H-37,0.2385,low
HASM-01631,59.103,1.085,0.28,OP-H-164,ST-H-22,0.6183,high
HASM-01632,46.258,1.112,0.0729,OP-H-063,ST-H-08,0.1634,low
HASM-01633,27.431,0.809,0.0675,OP-H-006,ST-H-35,0.3221,medium
HASM-01634,31.407,0.656,0.0313,OP-H-095,ST-H-30,0.263,medium
HASM-01635,36.989,1.102,0.092,OP-H-104,ST-H-27,0.1793,low
HASM-01636,34.591,0.679,0.0446,OP-H-031,ST-H-27,0.2907,medium
HASM-01637,31.572,0.886,0.032,OP-H-028,ST-H-13,0.2085,low
HASM-01638,36.146,0.924,0.0992,OP-H-086,ST-H-27,0.1907,low
HASM-01639,41.586,1.41,0.0649,OP-H-106,ST-H-19,0.2324,low
HASM-01640,43.738,1.145,0.1885,OP-H-099,ST-H-28,0.3771,medium
HASM-01641,30.353,1.178,0.0362,OP-H-138,ST-H-36,0.2584,medium
HASM-01642,45.03,1.146,0.017,OP-H-046,ST-H-36,0.0429,low
HASM-01643,24.722,1.314,0.0394,OP-H-146,ST-H-15,0.3077,medium
HASM-01644,35.237,0.899,0.0943,OP-H-116,ST-H-15,0.2348,low
HASM-01645,44.186,0.945,0.0505,OP-H-163,ST-H-33,0.1167,low
HASM-01646,65.63,1.174,0.0672,OP-H-120,ST-H-38,0.3442,medium
HASM-01647,40.887,0.795,0.0639,OP-H-085,ST-H-25,0.1569,low
HASM-01648,44.337,0.977,0.0492,OP-H-065,ST-H-37,0.084,low
HASM-01649,41.184,0.251,0.0571,OP-H-146,ST-H-02,0.429,medium
HASM-01650,45.071,0.772,0.1096,OP-H-121,ST-H-18,0.2835,medium
HASM-01651,48.758,1.16,0.1253,OP-H-122,ST-H-04,0.3412,medium
HASM-01652,42.032,1.518,0.0186,OP-H-105,ST-H-16,0.2791,medium
HASM-01653,33.001,0.674,0.1066,OP-H-160,ST-H-40,0.3361,medium
HASM-01654,42.243,0.686,0.0811,OP-H-107,ST-H-28,0.2674,medium
HASM-01655,51.651,0.789,0.28,OP-H-125,ST-H-03,0.5269,high
HASM-01656,48.786,0.543,0.0949,OP-H-143,ST-H-08,0.3907,medium
HASM-01657,44.522,0.798,0.0753,OP-H-059,ST-H-31,0.2286,low
HASM-01658,35.181,1.306,0.133,OP-H-007,ST-H-15,0.3909,medium
HASM-01659,60.703,0.702,0.0103,OP-H-169,ST-H-36,0.3059,medium
HASM-01660,43.149,0.688,0.0605,OP-H-179,ST-H-05,0.2365,low
HASM-01661,46.732,0.719,0.087,OP-H-164,ST-H-14,0.2441,low
HASM-01662,45.56,1.159,0.1831,OP-H-136,ST-H-24,0.261,medium
HASM-01663,44.528,0.998,0.0921,OP-H-040,ST-H-16,0.1567,low
HASM-01664,37.018,0.932,0.1336,OP-H-131,ST-H-37,0.1882,low
HASM-01665,37.883,1.115,0.0325,OP-H-036,ST-H-36,0.1323,low
HASM-01666,44.981,0.812,0.0653,OP-H-175,ST-H-15,0.2164,low
HASM-01667,40.171,1.175,0.0248,OP-H-180,ST-H-20,0.1571,low
HASM-01668,36.469,1.037,0.0873,OP-H-007,ST-H-40,0.1908,low
HASM-01669,51.794,1.52,0.0626,OP-H-043,ST-H-01,0.4233,medium
HASM-01670,43.352,0.814,0.0386,OP-H-147,ST-H-25,0.1129,low
HASM-01671,63.656,0.703,0.0215,OP-H-042,ST-H-08,0.3065,medium
HASM-01672,39.578,1.025,0.0192,OP-H-129,ST-H-10,0.1201,low
HASM-01673,42.096,1.065,0.0616,OP-H-162,ST-H-33,0.1071,low
HASM-01674,41.49,0.979,0.0464,OP-H-163,ST-H-12,0.0337,low
HASM-01675,36.581,0.686,0.0615,OP-H-043,ST-H-36,0.2881,medium
HASM-01676,27.65,0.876,0.0446,OP-H-106,ST-H-05,0.2225,low
HASM-01677,33.757,1.496,0.0443,OP-H-175,ST-H-38,0.317,medium
HASM-01678,46.336,1.43,0.0076,OP-H-082,ST-H-34,0.2394,low
HASM-01679,61.239,1.46,0.0138,OP-H-082,ST-H-10,0.4272,medium
HASM-01680,56.025,1.554,0.0121,OP-H-145,ST-H-10,0.3476,medium
HASM-01681,54.827,0.737,0.1049,OP-H-004,ST-H-16,0.3052,medium
HASM-01682,46.924,0.816,0.0171,OP-H-005,ST-H-32,0.2115,low
HASM-01683,50.882,1.145,0.1542,OP-H-018,ST-H-26,0.2816,medium
HASM-01684,33.093,1.335,0.0099,OP-H-104,ST-H-28,0.2032,low
HASM-01685,25.806,1.088,0.0284,OP-H-099,ST-H-36,0.2133,low
HASM-01686,34.914,1.147,0.0543,OP-H-163,ST-H-02,0.2461,low
HASM-01687,40.291,1.628,0.0666,OP-H-016,ST-H-39,0.3246,medium
HASM-01688,33.875,0.879,0.0833,OP-H-135,ST-H-38,0.2238,low
HASM-01689,54.877,1.102,0.1077,OP-H-160,ST-H-19,0.2805,medium
HASM-01690,38.24,1.286,0.062,OP-H-130,ST-H-10,0.2414,low
HASM-01691,48.541,0.809,0.1316,OP-H-034,ST-H-33,0.2957,medium
HASM-01692,42.815,0.993,0.0175,OP-H-152,ST-H-14,0.0,low
HASM-01693,29.208,1.418,0.037,OP-H-144,ST-H-26,0.3576,medium
HASM-01694,31.043,0.778,0.0292,OP-H-171,ST-H-09,0.1946,low
HASM-01695,31.306,1.054,0.1265,OP-H-070,ST-H-30,0.3179,medium
HASM-01696,59.051,0.987,0.0236,OP-H-128,ST-H-35,0.2267,low
HASM-01697,52.68,0.922,0.0381,OP-H-078,ST-H-13,0.1664,low
HASM-01698,44.706,0.764,0.0799,OP-H-007,ST-H-33,0.2013,low
HASM-01699,49.276,1.155,0.0584,OP-H-009,ST-H-18,0.2835,medium
HASM-01700,52.781,0.617,0.0255,OP-H-065,ST-H-32,0.2935,medium
HASM-01701,42.17,1.039,0.1009,OP-H-055,ST-H-11,0.192,low
HASM-01702,41.647,0.95,0.1057,OP-H-006,ST-H-32,0.2242,low
HASM-01703,42.478,1.165,0.0423,OP-H-144,ST-H-09,0.0976,low
HASM-01704,17.544,1.288,0.2071,OP-H-158,ST-H-11,0.5977,high
HASM-01705,46.112,0.951,0.0848,OP-H-055,ST-H-32,0.205,low
HASM-01706,20.971,1.186,0.0518,OP-H-100,ST-H-07,0.322,medium
HASM-01707,29.848,0.466,0.0848,OP-H-098,ST-H-13,0.4765,medium
HASM-01708,36.721,0.62,0.0213,OP-H-022,ST-H-28,0.2546,medium
HASM-01709,40.737,0.857,0.0427,OP-H-034,ST-H-09,0.1435,low
HASM-01710,39.854,0.994,0.0325,OP-H-113,ST-H-37,0.0445,low
HASM-01711,43.373,0.804,0.0089,OP-H-012,ST-H-27,0.0677,low
HASM-01712,40.552,1.205,0.0498,OP-H-045,ST-H-13,0.1488,low
HASM-01713,46.285,0.533,0.0102,OP-H-067,ST-H-07,0.2331,low
HASM-01714,38.319,1.335,0.1099,OP-H-164,ST-H-25,0.3073,medium
HASM-01715,32.996,0.821,0.0668,OP-H-067,ST-H-16,0.319,medium
HASM-01716,47.255,0.774,0.0367,OP-H-171,ST-H-24,0.229,low
HASM-01717,44.859,0.931,0.2088,OP-H-112,ST-H-13,0.3597,medium
HASM-01718,36.006,1.224,0.0644,OP-H-161,ST-H-37,0.2021,low
HASM-01719,30.935,0.662,0.0263,OP-H-119,ST-H-36,0.246,low
HASM-01720,51.379,1.26,0.0694,OP-H-085,ST-H-19,0.3011,medium
HASM-01721,58.38,0.982,0.0733,OP-H-165,ST-H-21,0.1434,low
HASM-01722,30.086,0.744,0.0593,OP-H-093,ST-H-35,0.2731,medium
HASM-01723,57.356,1.072,0.0563,OP-H-069,ST-H-11,0.2764,medium
HASM-01724,28.606,1.461,0.0079,OP-H-024,ST-H-29,0.2645,medium
HASM-01725,33.696,1.055,0.0339,OP-H-037,ST-H-13,0.1326,low
HASM-01726,41.388,1.245,0.095,OP-H-108,ST-H-28,0.2271,low
HASM-01727,25.407,0.843,0.0324,OP-H-034,ST-H-31,0.2246,low
HASM-01728,43.453,1.067,0.1069,OP-H-003,ST-H-39,0.1309,low
HASM-01729,54.876,0.746,0.1087,OP-H-062,ST-H-15,0.3681,medium
HASM-01730,34.538,1.031,0.0886,OP-H-132,ST-H-20,0.1889,low
HASM-01731,28.827,0.83,0.0328,OP-H-066,ST-H-02,0.2724,medium
HASM-01732,31.452,0.942,0.2621,OP-H-059,ST-H-29,0.4765,medium
HASM-01733,36.278,0.908,0.025,OP-H-174,ST-H-31,0.1356,low
HASM-01734,55.357,1.06,0.0075,OP-H-174,ST-H-20,0.1121,low
HASM-01735,48.351,1.086,0.027,OP-H-134,ST-H-13,0.1085,low
HASM-01736,38.459,1.096,0.0561,OP-H-093,ST-H-20,0.2276,low
HASM-01737,36.237,0.59,0.0377,OP-H-121,ST-H-23,0.3195,medium
HASM-01738,39.276,1.177,0.091,OP-H-163,ST-H-18,0.2825,medium
HASM-01739,55.27,0.847,0.1576,OP-H-152,ST-H-38,0.3755,medium
HASM-01740,50.579,1.079,0.0276,OP-H-062,ST-H-32,0.087,low
HASM-01741,42.313,0.89,0.108,OP-H-128,ST-H-03,0.1623,low
HASM-01742,32.614,0.642,0.0687,OP-H-063,ST-H-11,0.3721,medium
HASM-01743,33.263,0.953,0.0227,OP-H-004,ST-H-09,0.1198,low
HASM-01744,34.162,1.36,0.0975,OP-H-021,ST-H-07,0.3256,medium
HASM-01745,27.82,1.296,0.0998,OP-H-177,ST-H-19,0.348,medium
HASM-01746,43.756,1.063,0.0267,OP-H-091,ST-H-04,0.1028,low
HASM-01747,53.542,1.101,0.0749,OP-H-081,ST-H-33,0.2054,low
HASM-01748,42.475,1.169,0.1181,OP-H-104,ST-H-02,0.2543,medium
HASM-01749,40.162,0.912,0.1422,OP-H-044,ST-H-05,0.2374,low
HASM-01750,25.038,1.191,0.0917,OP-H-011,ST-H-23,0.4063,medium
HASM-01751,28.252,1.018,0.0093,OP-H-006,ST-H-06,0.0676,low
HASM-01752,33.817,1.101,0.046,OP-H-108,ST-H-03,0.2164,low
HASM-01753,54.971,0.802,0.0576,OP-H-076,ST-H-09,0.2947,medium
HASM-01754,45.611,0.905,0.0111,OP-H-072,ST-H-24,0.0511,low
HASM-01755,43.209,0.933,0.0568,OP-H-093,ST-H-22,0.0881,low
HASM-01756,53.704,0.95,0.1211,OP-H-133,ST-H-33,0.3186,medium
HASM-01757,46.873,1.308,0.043,OP-H-108,ST-H-03,0.1814,low
HASM-01758,45.963,1.184,0.0226,OP-H-079,ST-H-12,0.1199,low
HASM-01759,36.46,1.325,0.1062,OP-H-115,ST-H-40,0.3363,medium
HASM-01760,66.329,0.94,0.0231,OP-H-063,ST-H-17,0.3014,medium
HASM-01761,51.13,0.978,0.1028,OP-H-021,ST-H-30,0.217,low
HASM-01762,41.133,0.762,0.091,OP-H-016,ST-H-25,0.2494,low
HASM-01763,49.641,0.98,0.0583,OP-H-120,ST-H-30,0.1301,low
HASM-01764,45.014,0.938,0.0186,OP-H-153,ST-H-10,0.0923,low
HASM-01765,29.804,0.955,0.0094,OP-H-117,ST-H-37,0.1752,low
HASM-01766,44.296,1.255,0.0537,OP-H-036,ST-H-18,0.1542,low
HASM-01767,51.685,1.085,0.0525,OP-H-106,ST-H-14,0.2375,low
HASM-01768,41.143,0.722,0.0317,OP-H-041,ST-H-05,0.2017,low
HASM-01769,52.435,1.425,0.0564,OP-H-082,ST-H-06,0.335,medium
HASM-01770,37.42,0.925,0.0195,OP-H-063,ST-H-39,0.0649,low
HASM-01771,50.911,0.716,0.0906,OP-H-100,ST-H-30,0.3142,medium
HASM-01772,38.391,0.635,0.02,OP-H-125,ST-H-23,0.1511,low
HASM-01773,44.832,0.774,0.0443,OP-H-090,ST-H-15,0.2112,low
HASM-01774,39.281,1.491,0.0649,OP-H-036,ST-H-07,0.3022,medium
HASM-01775,40.507,1.336,0.1209,OP-H-066,ST-H-33,0.3182,medium
HASM-01776,44.657,1.097,0.1076,OP-H-167,ST-H-20,0.1596,low
HASM-01777,31.307,1.338,0.0067,OP-H-174,ST-H-36,0.2944,medium
HASM-01778,57.693,1.106,0.0275,OP-H-040,ST-H-05,0.2595,medium
HASM-01779,25.124,1.178,0.0539,OP-H-028,ST-H-29,0.333,medium
HASM-01780,50.097,1.522,0.0509,OP-H-031,ST-H-40,0.4012,medium
HASM-01781,35.948,1.106,0.0472,OP-H-096,ST-H-22,0.1662,low
HASM-01782,50.346,1.191,0.0331,OP-H-164,ST-H-29,0.2037,low
HASM-01783,38.539,1.585,0.1319,OP-H-004,ST-H-24,0.445,medium
HASM-01784,34.665,1.281,0.082,OP-H-154,ST-H-05,0.306,medium
HASM-01785,38.087,1.041,0.0595,OP-H-003,ST-H-14,0.1089,low
HASM-01786,56.607,0.918,0.0976,OP-H-069,ST-H-19,0.2409,low
HASM-01787,48.878,1.266,0.058,OP-H-019,ST-H-28,0.2413,low
HASM-01788,39.327,1.105,0.21,OP-H-116,ST-H-15,0.3199,medium
HASM-01789,64.945,1.127,0.0065,OP-H-074,ST-H-30,0.2308,low
HASM-01790,49.533,1.229,0.0766,OP-H-044,ST-H-26,0.3359,medium
HASM-01791,55.388,1.039,0.0798,OP-H-050,ST-H-08,0.2307,low
HASM-01792,36.284,1.276,0.0431,OP-H-155,ST-H-14,0.2191,low
HASM-01793,42.245,1.287,0.1389,OP-H-058,ST-H-18,0.3458,medium
HASM-01794,23.437,0.827,0.0573,OP-H-162,ST-H-04,0.3056,medium
HASM-01795,39.101,1.297,0.0928,OP-H-097,ST-H-23,0.3281,medium
HASM-01796,37.391,0.672,0.0342,OP-H-156,ST-H-31,0.1608,low
HASM-01797,56.227,1.196,0.2216,OP-H-105,ST-H-35,0.4987,medium
HASM-01798,31.531,0.584,0.0995,OP-H-152,ST-H-27,0.3729,medium
HASM-01799,43.454,1.504,0.0933,OP-H-072,ST-H-03,0.2953,medium
HASM-01800,50.427,1.381,0.1034,OP-H-085,ST-H-27,0.3401,medium
HASM-01801,43.613,0.967,0.2619,OP-H-030,ST-H-26,0.3795,medium
HASM-01802,47.092,1.294,0.1035,OP-H-030,ST-H-07,0.2798,medium
HASM-01803,38.593,1.197,0.0637,OP-H-147,ST-H-29,0.1548,low
HASM-01804,24.465,0.696,0.0493,OP-H-097,ST-H-30,0.3087,medium
HASM-01805,29.294,1.324,0.0314,OP-H-076,ST-H-38,0.2807,medium
HASM-01806,35.477,1.307,0.1045,OP-H-031,ST-H-25,0.2262,low
HASM-01807,65.568,1.073,0.026,OP-H-101,ST-H-35,0.3657,medium
HASM-01808,36.177,0.606,0.1307,OP-H-006,ST-H-24,0.3909,medium
HASM-01809,52.367,0.852,0.0836,OP-H-069,ST-H-21,0.2305,low
HASM-01810,50.266,0.675,0.102,OP-H-144,ST-H-14,0.2916,medium
HASM-01811,47.897,0.641,0.0615,OP-H-110,ST-H-37,0.2422,low
HASM-01812,30.787,1.152,0.0898,OP-H-034,ST-H-23,0.2786,medium
HASM-01813,37.396,1.008,0.0449,OP-H-024,ST-H-17,0.1408,low
HASM-01814,42.314,0.921,0.1758,OP-H-173,ST-H-09,0.2131,low
HASM-01815,44.202,0.755,0.0694,OP-H-141,ST-H-10,0.2576,medium
HASM-01816,18.272,1.016,0.009,OP-H-124,ST-H-35,0.1953,low
HASM-01817,34.556,0.789,0.1751,OP-H-082,ST-H-11,0.3463,medium
HASM-01818,40.608,1.213,0.0597,OP-H-039,ST-H-07,0.1653,low
HASM-01819,36.534,0.738,0.1101,OP-H-107,ST-H-06,0.2142,low
HASM-01820,40.25,1.427,0.0666,OP-H-160,ST-H-16,0.3499,medium
HASM-01821,55.648,1.287,0.1432,OP-H-138,ST-H-09,0.4522,medium
HASM-01822,39.44,0.509,0.0978,OP-H-004,ST-H-04,0.3103,medium
HASM-01823,59.008,1.485,0.0105,OP-H-023,ST-H-38,0.356,medium
HASM-01824,40.363,1.261,0.0845,OP-H-015,ST-H-33,0.195,low
HASM-01825,40.282,1.051,0.1081,OP-H-124,ST-H-13,0.2683,medium
HASM-01826,39.614,0.939,0.0273,OP-H-162,ST-H-17,0.057,low
HASM-01827,50.017,0.891,0.0106,OP-H-043,ST-H-26,0.1399,low
HASM-01828,40.583,1.058,0.0159,OP-H-068,ST-H-17,0.0059,low
HASM-01829,35.741,0.745,0.0564,OP-H-172,ST-H-12,0.2553,medium
HASM-01830,24.632,0.938,0.0699,OP-H-008,ST-H-23,0.281,medium
HASM-01831,51.394,1.154,0.0489,OP-H-075,ST-H-25,0.1528,low
HASM-01832,44.087,0.977,0.0601,OP-H-010,ST-H-40,0.1162,low
HASM-01833,35.987,1.365,0.0437,OP-H-091,ST-H-40,0.1769,low
HASM-01834,42.971,0.755,0.1366,OP-H-022,ST-H-39,0.2731,medium
HASM-01835,44.17,0.886,0.0581,OP-H-017,ST-H-15,0.0985,low
HASM-01836,43.921,1.306,0.0899,OP-H-023,ST-H-39,0.2478,low
HASM-01837,53.966,1.054,0.0265,OP-H-163,ST-H-20,0.1512,low
HASM-01838,40.736,1.755,0.1572,OP-H-122,ST-H-16,0.5412,high
HASM-01839,50.812,0.897,0.0307,OP-H-122,ST-H-06,0.1482,low
HASM-01840,54.2,1.096,0.0287,OP-H-020,ST-H-03,0.2025,low
HASM-01841,56.892,0.738,0.032,OP-H-071,ST-H-20,0.2879,medium
HASM-01842,24.791,1.168,0.0299,OP-H-174,ST-H-31,0.2266,low
HASM-01843,41.44,0.818,0.0248,OP-H-112,ST-H-01,0.1098,low
HASM-01844,53.904,1.183,0.1409,OP-H-093,ST-H-40,0.3228,medium
HASM-01845,33.204,1.153,0.0307,OP-H-168,ST-H-13,0.1679,low
HASM-01846,50.18,1.133,0.028,OP-H-033,ST-H-16,0.1658,low
HASM-01847,36.679,0.821,0.0455,OP-H-144,ST-H-08,0.1217,low
HASM-01848,35.85,1.327,0.1233,OP-H-133,ST-H-36,0.2954,medium
HASM-01849,37.232,1.437,0.0338,OP-H-143,ST-H-33,0.2956,medium
HASM-01850,53.404,0.957,0.0034,OP-H-096,ST-H-21,0.13,low
HASM-01851,46.652,0.824,0.035,OP-H-091,ST-H-10,0.1384,low
HASM-01852,47.68,1.294,0.0592,OP-H-080,ST-H-08,0.2787,medium
HASM-01853,23.265,0.848,0.0617,OP-H-117,ST-H-06,0.3097,medium
HASM-01854,49.403,0.881,0.0538,OP-H-088,ST-H-17,0.2278,low
HASM-01855,34.81,0.485,0.0677,OP-H-028,ST-H-24,0.3863,medium
HASM-01856,44.696,0.894,0.1723,OP-H-091,ST-H-40,0.3396,medium
HASM-01857,46.386,0.731,0.0497,OP-H-008,ST-H-05,0.1962,low
HASM-01858,54.589,0.99,0.1019,OP-H-175,ST-H-10,0.1915,low
HASM-01859,26.487,0.788,0.01,OP-H-077,ST-H-28,0.2506,medium
HASM-01860,53.352,1.02,0.1311,OP-H-144,ST-H-23,0.2825,medium
HASM-01861,47.33,0.707,0.0588,OP-H-071,ST-H-14,0.2737,medium
HASM-01862,28.939,0.779,0.1097,OP-H-029,ST-H-24,0.3412,medium
HASM-01863,20.791,0.725,0.0234,OP-H-048,ST-H-39,0.3458,medium
HASM-01864,38.712,1.198,0.022,OP-H-033,ST-H-02,0.1264,low
HASM-01865,46.325,1.028,0.0802,OP-H-102,ST-H-22,0.1753,low
HASM-01866,27.72,1.121,0.0765,OP-H-091,ST-H-01,0.2831,medium
HASM-01867,37.236,0.687,0.08,OP-H-061,ST-H-36,0.285,medium
HASM-01868,40.753,0.377,0.0917,OP-H-080,ST-H-11,0.4151,medium
HASM-01869,38.129,1.192,0.1274,OP-H-057,ST-H-17,0.2618,medium
HASM-01870,32.732,0.726,0.0879,OP-H-064,ST-H-35,0.3311,medium
HASM-01871,41.635,0.625,0.0887,OP-H-037,ST-H-19,0.3123,medium
HASM-01872,38.185,1.475,0.0731,OP-H-137,ST-H-36,0.3107,medium
HASM-01873,56.172,1.562,0.0968,OP-H-155,ST-H-25,0.4603,medium
HASM-01874,40.787,1.262,0.0529,OP-H-090,ST-H-20,0.2442,low
HASM-01875,40.266,1.206,0.0577,OP-H-100,ST-H-13,0.1721,low
HASM-01876,38.859,0.878,0.0239,OP-H-084,ST-H-18,0.0862,low
HASM-01877,42.094,1.535,0.0364,OP-H-128,ST-H-21,0.3202,medium
HASM-01878,30.688,1.029,0.0387,OP-H-069,ST-H-16,0.1696,low
HASM-01879,63.283,0.988,0.0231,OP-H-052,ST-H-18,0.2233,low
HASM-01880,36.273,1.245,0.0308,OP-H-153,ST-H-03,0.2225,low
HASM-01881,41.926,1.007,0.0196,OP-H-075,ST-H-05,0.035,low
HASM-01882,38.348,1.457,0.0333,OP-H-130,ST-H-20,0.2527,medium
HASM-01883,45.572,0.977,0.0274,OP-H-002,ST-H-34,0.0329,low
HASM-01884,26.196,1.22,0.0114,OP-H-058,ST-H-35,0.3341,medium
HASM-01885,38.712,1.254,0.0037,OP-H-039,ST-H-03,0.1259,low
HASM-01886,50.931,0.765,0.0329,OP-H-016,ST-H-09,0.2146,low
HASM-01887,43.054,0.912,0.0949,OP-H-029,ST-H-02,0.2191,low
HASM-01888,44.493,1.491,0.0306,OP-H-125,ST-H-06,0.2586,medium
HASM-01889,41.415,0.887,0.0046,OP-H-064,ST-H-31,0.0626,low
HASM-01890,54.349,1.129,0.0625,OP-H-010,ST-H-04,0.2588,medium
HASM-01891,48.314,1.113,0.0366,OP-H-003,ST-H-22,0.1624,low
HASM-01892,44.698,0.697,0.0536,OP-H-075,ST-H-21,0.1268,low
HASM-01893,49.219,1.548,0.0727,OP-H-123,ST-H-28,0.3975,medium
HASM-01894,56.851,0.741,0.052,OP-H-017,ST-H-01,0.3244,medium
HASM-01895,48.505,0.986,0.0606,OP-H-073,ST-H-30,0.1408,low
HASM-01896,40.093,1.398,0.0677,OP-H-046,ST-H-01,0.2673,medium
HASM-01897,41.477,1.311,0.0138,OP-H-052,ST-H-33,0.1306,low
HASM-01898,49.363,1.36,0.048,OP-H-164,ST-H-12,0.2012,low
HASM-01899,46.398,1.646,0.0687,OP-H-177,ST-H-18,0.3548,medium
HASM-01900,43.801,1.458,0.0423,OP-H-024,ST-H-16,0.2321,low
HASM-01901,48.02,1.325,0.1031,OP-H-160,ST-H-02,0.2838,medium
HASM-01902,43.074,0.483,0.0279,OP-H-166,ST-H-33,0.2869,medium
HASM-01903,38.088,1.036,0.047,OP-H-142,ST-H-15,0.096,low
HASM-01904,66.648,1.419,0.0167,OP-H-043,ST-H-19,0.3552,medium
HASM-01905,36.687,1.244,0.0606,OP-H-038,ST-H-23,0.2058,low
HASM-01906,35.563,0.895,0.0144,OP-H-161,ST-H-05,0.1134,low
HASM-01907,33.882,1.037,0.0696,OP-H-082,ST-H-08,0.2046,low
HASM-01908,47.673,1.523,0.0325,OP-H-122,ST-H-37,0.1882,low
HASM-01909,35.502,0.958,0.09,OP-H-119,ST-H-10,0.1513,low
HASM-01910,31.84,1.278,0.0417,OP-H-030,ST-H-08,0.3312,medium
HASM-01911,60.39,0.618,0.0096,OP-H-085,ST-H-35,0.3581,medium
HASM-01912,44.654,0.854,0.014,OP-H-122,ST-H-33,0.1293,low
HASM-01913,45.098,0.614,0.1237,OP-H-034,ST-H-32,0.3303,medium
HASM-01914,51.124,0.863,0.0444,OP-H-127,ST-H-37,0.2973,medium
HASM-01915,31.6,0.956,0.0025,OP-H-051,ST-H-18,0.1156,low
HASM-01916,57.712,1.286,0.0668,OP-H-166,ST-H-09,0.2498,low
HASM-01917,39.388,1.091,0.1012,OP-H-010,ST-H-24,0.1857,low
HASM-01918,51.448,1.182,0.082,OP-H-160,ST-H-20,0.3334,medium
HASM-01919,39.601,1.128,0.2051,OP-H-011,ST-H-21,0.2772,medium
HASM-01920,53.577,0.642,0.0257,OP-H-037,ST-H-21,0.2297,low
HASM-01921,41.302,0.714,0.032,OP-H-031,ST-H-04,0.1576,low
HASM-01922,47.656,1.382,0.1332,OP-H-085,ST-H-02,0.3545,medium
HASM-01923,41.454,1.139,0.0558,OP-H-031,ST-H-22,0.1099,low
HASM-01924,25.361,1.736,0.0931,OP-H-153,ST-H-14,0.5208,high
HASM-01925,46.62,0.947,0.1199,OP-H-168,ST-H-15,0.3033,medium
HASM-01926,46.343,1.379,0.1627,OP-H-060,ST-H-38,0.4379,medium
HASM-01927,31.008,1.101,0.0993,OP-H-142,ST-H-32,0.2668,medium
HASM-01928,44.492,0.682,0.0278,OP-H-056,ST-H-04,0.153,low
HASM-01929,44.423,1.171,0.0203,OP-H-164,ST-H-09,0.0654,low
HASM-01930,35.514,1.181,0.0932,OP-H-061,ST-H-22,0.2665,medium
HASM-01931,56.64,1.518,0.028,OP-H-061,ST-H-12,0.2969,medium
HASM-01932,35.08,0.832,0.0084,OP-H-020,ST-H-20,0.1566,low
HASM-01933,39.51,1.094,0.146,OP-H-039,ST-H-05,0.2644,medium
HASM-01934,43.774,1.12,0.0599,OP-H-083,ST-H-02,0.1411,low
HASM-01935,56.694,1.122,0.0251,OP-H-023,ST-H-14,0.2384,low
HASM-01936,43.51,1.335,0.0183,OP-H-024,ST-H-06,0.1518,low
HASM-01937,32.482,0.582,0.1038,OP-H-028,ST-H-36,0.4265,medium
HASM-01938,42.405,0.846,0.0377,OP-H-002,ST-H-34,0.0171,low
HASM-01939,38.346,1.02,0.0516,OP-H-169,ST-H-14,0.1437,low
HASM-01940,53.438,1.007,0.1041,OP-H-077,ST-H-20,0.2946,medium
HASM-01941,52.954,0.991,0.1054,OP-H-152,ST-H-16,0.1911,low
HASM-01942,43.225,1.058,0.1747,OP-H-129,ST-H-30,0.2071,low
HASM-01943,41.19,1.085,0.0307,OP-H-098,ST-H-20,0.1252,low
HASM-01944,33.042,1.002,0.032,OP-H-151,ST-H-21,0.0815,low
HASM-01945,33.283,1.132,0.07,OP-H-015,ST-H-03,0.1499,low
HASM-01946,40.928,0.923,0.0292,OP-H-133,ST-H-30,0.0696,low
HASM-01947,45.247,0.717,0.0122,OP-H-111,ST-H-04,0.1323,low
HASM-01948,45.878,0.529,0.146,OP-H-003,ST-H-14,0.4064,medium
HASM-01949,51.738,0.904,0.0282,OP-H-130,ST-H-39,0.1171,low
HASM-01950,43.708,1.073,0.0697,OP-H-180,ST-H-40,0.0663,low
HASM-01951,36.949,0.957,0.1457,OP-H-175,ST-H-12,0.2501,medium
HASM-01952,32.81,0.677,0.0805,OP-H-020,ST-H-10,0.2979,medium
HASM-01953,48.773,0.929,0.022,OP-H-164,ST-H-32,0.0828,low
HASM-01954,34.311,0.847,0.0626,OP-H-172,ST-H-14,0.177,low
HASM-01955,28.285,1.155,0.0256,OP-H-131,ST-H-38,0.2079,low
HASM-01956,31.118,0.903,0.0308,OP-H-157,ST-H-28,0.2942,medium
HASM-01957,35.296,1.28,0.0364,OP-H-061,ST-H-29,0.2233,low
HASM-01958,35.354,0.864,0.0269,OP-H-060,ST-H-37,0.1063,low
HASM-01959,61.519,1.582,0.0838,OP-H-125,ST-H-36,0.552,high
HASM-01960,55.038,0.614,0.0252,OP-H-036,ST-H-37,0.2907,medium
HASM-01961,39.287,0.843,0.0206,OP-H-074,ST-H-02,0.076,low
HASM-01962,47.744,1.018,0.0566,OP-H-075,ST-H-13,0.1455,low
HASM-01963,38.799,1.104,0.1111,OP-H-055,ST-H-08,0.1394,low
HASM-01964,44.093,0.58,0.0484,OP-H-077,ST-H-10,0.2576,medium
HASM-01965,38.946,1.285,0.1264,OP-H-165,ST-H-10,0.2842,medium
HASM-01966,51.237,0.976,0.0204,OP-H-014,ST-H-21,0.0869,low
HASM-01967,45.945,0.858,0.0651,OP-H-179,ST-H-05,0.1195,low
HASM-01968,42.428,1.001,0.0359,OP-H-047,ST-H-09,0.0242,low
HASM-01969,40.542,0.944,0.0607,OP-H-143,ST-H-20,0.1505,low
HASM-01970,41.622,0.872,0.1034,OP-H-136,ST-H-08,0.2005,low
HASM-01971,39.343,1.324,0.0499,OP-H-013,ST-H-35,0.2203,low
HASM-01972,32.914,0.76,0.1367,OP-H-125,ST-H-36,0.3951,medium
HASM-01973,37.745,0.441,0.0277,OP-H-025,ST-H-13,0.292,medium
HASM-01974,36.369,1.386,0.2074,OP-H-051,ST-H-08,0.44,medium
HASM-01975,43.984,0.97,0.1309,OP-H-033,ST-H-03,0.1969,low
HASM-01976,54.631,1.079,0.0596,OP-H-007,ST-H-27,0.2016,low
HASM-01977,39.794,0.545,0.1966,OP-H-056,ST-H-20,0.3835,medium
HASM-01978,23.443,0.998,0.0247,OP-H-119,ST-H-02,0.2233,low
HASM-01979,44.515,0.666,0.0642,OP-H-069,ST-H-06,0.2302,low
HASM-01980,34.842,1.465,0.0415,OP-H-177,ST-H-01,0.374,medium
HASM-01981,47.061,1.008,0.0509,OP-H-019,ST-H-17,0.1076,low
HASM-01982,57.38,0.318,0.0539,OP-H-083,ST-H-39,0.4813,medium
HASM-01983,25.796,0.956,0.0046,OP-H-126,ST-H-13,0.1625,low
HASM-01984,22.91,1.134,0.0635,OP-H-023,ST-H-39,0.2757,medium
HASM-01985,50.394,0.94,0.1778,OP-H-177,ST-H-13,0.3323,medium
HASM-01986,30.474,0.566,0.0024,OP-H-134,ST-H-24,0.2482,low
HASM-01987,34.95,0.739,0.0408,OP-H-070,ST-H-02,0.263,medium
HASM-01988,40.272,1.319,0.0391,OP-H-153,ST-H-36,0.1721,low
HASM-01989,47.458,1.022,0.0258,OP-H-076,ST-H-08,0.0749,low
HASM-01990,30.41,1.611,0.1252,OP-H-179,ST-H-15,0.4721,medium
HASM-01991,59.988,0.823,0.0898,OP-H-083,ST-H-28,0.4081,medium
HASM-01992,31.822,1.165,0.0329,OP-H-124,ST-H-06,0.2255,low
HASM-01993,43.507,0.882,0.0487,OP-H-062,ST-H-35,0.1534,low
HASM-01994,24.828,1.137,0.0933,OP-H-074,ST-H-36,0.3364,medium
HASM-01995,19.24,1.177,0.0603,OP-H-139,ST-H-38,0.4604,medium
HASM-01996,38.981,0.774,0.0375,OP-H-007,ST-H-08,0.1818,low
HASM-01997,41.632,0.479,0.0487,OP-H-176,ST-H-19,0.2167,low
HASM-01998,53.222,0.638,0.0197,OP-H-069,ST-H-31,0.2095,low
HASM-01999,33.425,1.24,0.024,OP-H-076,ST-H-29,0.2896,medium
HASM-02000,35.224,0.921,0.0762,OP-H-014,ST-H-33,0.1807,low
HASM-02001,40.822,0.385,0.0256,OP-H-004,ST-H-26,0.3198,medium
HASM-02002,52.481,0.25,0.1017,OP-H-179,ST-H-21,0.5215,high
HASM-02003,38.469,0.979,0.0275,OP-H-106,ST-H-39,0.1026,low
HASM-02004,38.491,1.098,0.1088,OP-H-109,ST-H-23,0.2715,medium
HASM-02005,30.59,1.198,0.0295,OP-H-163,ST-H-19,0.1488,low
HASM-02006,41.284,0.523,0.0046,OP-H-164,ST-H-21,0.2228,low
HASM-02007,44.445,0.856,0.1083,OP-H-144,ST-H-04,0.1563,low
HASM-02008,49.37,1.27,0.0759,OP-H-126,ST-H-33,0.2458,low
HASM-02009,58.445,1.112,0.1217,OP-H-158,ST-H-26,0.3532,medium
HASM-02010,45.473,0.951,0.0062,OP-H-133,ST-H-24,0.0861,low
HASM-02011,41.333,0.796,0.0985,OP-H-098,ST-H-31,0.196,low
HASM-02012,40.77,1.008,0.0476,OP-H-145,ST-H-28,0.1016,low
HASM-02013,34.855,1.014,0.0199,OP-H-070,ST-H-09,0.0827,low
HASM-02014,45.093,1.092,0.0429,OP-H-175,ST-H-21,0.1304,low
HASM-02015,40.497,0.95,0.0409,OP-H-101,ST-H-30,0.0804,low
HASM-02016,44.182,1.381,0.0406,OP-H-155,ST-H-05,0.2123,low
HASM-02017,58.911,0.94,0.0298,OP-H-149,ST-H-19,0.2157,low
HASM-02018,33.117,0.613,0.0455,OP-H-153,ST-H-06,0.3378,medium
HASM-02019,22.918,0.769,0.1034,OP-H-094,ST-H-35,0.4257,medium
HASM-02020,50.301,0.733,0.0371,OP-H-112,ST-H-13,0.2257,low
HASM-02021,43.649,1.063,0.1014,OP-H-123,ST-H-31,0.1423,low
HASM-02022,39.587,1.262,0.0159,OP-H-005,ST-H-39,0.1726,low
HASM-02023,43.406,1.285,0.038,OP-H-048,ST-H-31,0.1389,low
HASM-02024,39.203,1.262,0.0411,OP-H-151,ST-H-30,0.2004,low
HASM-02025,25.744,0.659,0.0096,OP-H-175,ST-H-34,0.2871,medium
HASM-02026,38.548,0.985,0.0475,OP-H-005,ST-H-14,0.0498,low
HASM-02027,39.757,1.383,0.168,OP-H-051,ST-H-04,0.3251,medium
HASM-02028,34.976,1.085,0.1589,OP-H-066,ST-H-09,0.3665,medium
HASM-02029,51.355,1.315,0.0662,OP-H-142,ST-H-26,0.2467,low
HASM-02030,27.552,0.924,0.0804,OP-H-128,ST-H-20,0.1676,low
HASM-02031,41.226,1.235,0.0304,OP-H-089,ST-H-16,0.1589,low
HASM-02032,46.6,1.059,0.0829,OP-H-107,ST-H-38,0.1338,low
HASM-02033,33.648,1.055,0.0962,OP-H-126,ST-H-30,0.2604,medium
HASM-02034,29.823,0.957,0.106,OP-H-113,ST-H-16,0.2369,low
HASM-02035,53.759,0.732,0.0104,OP-H-030,ST-H-26,0.153,low
HASM-02036,34.966,0.508,0.051,OP-H-014,ST-H-37,0.2799,medium
HASM-02037,41.602,0.604,0.0346,OP-H-021,ST-H-05,0.2434,low
HASM-02038,47.037,0.566,0.225,OP-H-054,ST-H-28,0.4995,medium
HASM-02039,46.87,1.264,0.0546,OP-H-024,ST-H-40,0.2396,low
HASM-02040,57.236,0.699,0.0289,OP-H-115,ST-H-26,0.2988,medium
HASM-02041,23.71,1.24,0.083,OP-H-027,ST-H-16,0.3144,medium
HASM-02042,27.17,0.715,0.0348,OP-H-025,ST-H-07,0.2683,medium
HASM-02043,49.429,1.822,0.0298,OP-H-060,ST-H-15,0.4548,medium
HASM-02044,63.888,1.241,0.0545,OP-H-062,ST-H-17,0.387,medium
HASM-02045,44.707,1.154,0.022,OP-H-119,ST-H-19,0.0682,low
HASM-02046,38.716,1.168,0.0958,OP-H-070,ST-H-20,0.2267,low
HASM-02047,39.499,0.773,0.0465,OP-H-025,ST-H-09,0.2168,low
HASM-02048,41.723,0.988,0.0645,OP-H-093,ST-H-05,0.0864,low
HASM-02049,57.69,0.644,0.0904,OP-H-016,ST-H-20,0.4775,medium
HASM-02050,27.369,0.701,0.0913,OP-H-043,ST-H-07,0.3868,medium
HASM-02051,45.251,0.666,0.11,OP-H-039,ST-H-15,0.2761,medium
HASM-02052,27.467,1.4,0.0523,OP-H-120,ST-H-15,0.3636,medium
HASM-02053,54.495,1.035,0.0176,OP-H-177,ST-H-07,0.1383,low
HASM-02054,40.858,0.618,0.0625,OP-H-021,ST-H-36,0.2788,medium
HASM-02055,37.129,1.571,0.0927,OP-H-151,ST-H-19,0.4197,medium
HASM-02056,46.065,0.677,0.0234,OP-H-109,ST-H-34,0.1931,low
HASM-02057,41.983,0.78,0.0387,OP-H-032,ST-H-11,0.229,low
HASM-02058,52.298,1.727,0.04,OP-H-057,ST-H-17,0.3969,medium
HASM-02059,52.141,0.601,0.19,OP-H-165,ST-H-02,0.4272,medium
HASM-02060,53.032,0.803,0.0873,OP-H-099,ST-H-02,0.2403,low
HASM-02061,41.412,1.01,0.1329,OP-H-117,ST-H-06,0.1747,low
HASM-02062,35.868,1.021,0.1306,OP-H-092,ST-H-14,0.2115,low
HASM-02063,31.361,1.197,0.0738,OP-H-046,ST-H-19,0.3209,medium
HASM-02064,40.295,1.155,0.1541,OP-H-170,ST-H-05,0.1975,low
HASM-02065,34.273,1.216,0.0414,OP-H-100,ST-H-04,0.2532,medium
HASM-02066,38.956,1.103,0.0879,OP-H-023,ST-H-11,0.1756,low
HASM-02067,40.996,1.423,0.2542,OP-H-142,ST-H-21,0.475,medium
HASM-02068,45.776,0.728,0.1892,OP-H-137,ST-H-08,0.4205,medium
HASM-02069,42.466,1.729,0.1844,OP-H-139,ST-H-34,0.5365,high
HASM-02070,33.81,0.923,0.1105,OP-H-160,ST-H-38,0.2564,medium
HASM-02071,41.23,1.095,0.1791,OP-H-027,ST-H-04,0.2956,medium
HASM-02072,41.012,0.912,0.1008,OP-H-086,ST-H-34,0.1772,low
HASM-02073,41.126,0.75,0.0851,OP-H-177,ST-H-03,0.2275,low
HASM-02074,42.363,1.22,0.0146,OP-H-050,ST-H-03,0.0449,low
HASM-02075,23.792,0.497,0.0313,OP-H-053,ST-H-37,0.3708,medium
HASM-02076,60.392,0.985,0.1165,OP-H-076,ST-H-36,0.3026,medium
HASM-02077,40.386,0.717,0.0426,OP-H-002,ST-H-05,0.1605,low
HASM-02078,31.743,0.9,0.0672,OP-H-003,ST-H-12,0.2468,low
HASM-02079,41.585,1.066,0.0932,OP-H-157,ST-H-05,0.1642,low
HASM-02080,45.752,1.266,0.1138,OP-H-119,ST-H-12,0.3285,medium
HASM-02081,47.076,1.06,0.28,OP-H-014,ST-H-16,0.4421,medium
HASM-02082,28.117,1.143,0.0394,OP-H-115,ST-H-13,0.2242,low
HASM-02083,29.223,0.95,0.0294,OP-H-002,ST-H-05,0.1292,low
HASM-02084,30.522,0.943,0.1127,OP-H-147,ST-H-19,0.2194,low
HASM-02085,48.932,1.255,0.0861,OP-H-054,ST-H-29,0.328,medium
HASM-02086,36.46,0.817,0.052,OP-H-169,ST-H-26,0.2159,low
HASM-02087,44.441,0.994,0.067,OP-H-177,ST-H-17,0.1115,low
HASM-02088,40.458,1.477,0.0737,OP-H-099,ST-H-39,0.2722,medium
HASM-02089,40.194,0.994,0.0726,OP-H-109,ST-H-13,0.0893,low
HASM-02090,64.433,1.134,0.0329,OP-H-101,ST-H-39,0.3371,medium
HASM-02091,58.876,1.04,0.0553,OP-H-172,ST-H-16,0.255,medium
HASM-02092,43.94,1.267,0.1249,OP-H-158,ST-H-19,0.3451,medium
HASM-02093,48.234,1.348,0.0605,OP-H-103,ST-H-08,0.3581,medium
HASM-02094,45.127,0.842,0.0201,OP-H-119,ST-H-17,0.0757,low
HASM-02095,42.799,0.545,0.0956,OP-H-112,ST-H-08,0.3081,medium
HASM-02096,29.146,1.41,0.0248,OP-H-036,ST-H-20,0.3008,medium
HASM-02097,37.646,0.665,0.007,OP-H-033,ST-H-29,0.1553,low
HASM-02098,46.092,0.772,0.0181,OP-H-047,ST-H-30,0.1624,low
HASM-02099,34.871,1.63,0.1229,OP-H-039,ST-H-04,0.427,medium
HASM-02100,26.702,0.784,0.0538,OP-H-113,ST-H-18,0.2636,medium
HASM-02101,47.576,0.581,0.0221,OP-H-019,ST-H-06,0.2797,medium
HASM-02102,35.967,0.44,0.0137,OP-H-147,ST-H-19,0.309,medium
HASM-02103,43.47,1.147,0.0458,OP-H-180,ST-H-37,0.1761,low
HASM-02104,41.362,1.335,0.091,OP-H-068,ST-H-12,0.2042,low
HASM-02105,46.762,0.692,0.0629,OP-H-029,ST-H-32,0.2458,low
HASM-02106,43.393,0.961,0.0551,OP-H-052,ST-H-38,0.1029,low
HASM-02107,49.565,1.509,0.0816,OP-H-049,ST-H-16,0.3534,medium
HASM-02108,36.504,1.028,0.0424,OP-H-043,ST-H-22,0.1432,low
HASM-02109,45.539,0.965,0.0515,OP-H-139,ST-H-35,0.0949,low
HASM-02110,49.426,0.85,0.0071,OP-H-046,ST-H-08,0.1447,low
HASM-02111,20.13,0.742,0.119,OP-H-112,ST-H-03,0.516,high
HASM-02112,39.804,0.992,0.0051,OP-H-167,ST-H-39,0.0326,low
HASM-02113,54.03,1.472,0.0462,OP-H-155,ST-H-28,0.3693,medium
HASM-02114,59.336,1.274,0.0204,OP-H-071,ST-H-29,0.3526,medium
HASM-02115,33.535,1.022,0.0463,OP-H-057,ST-H-25,0.164,low
HASM-02116,51.324,0.996,0.1594,OP-H-099,ST-H-40,0.3123,medium
HASM-02117,43.211,1.208,0.0741,OP-H-037,ST-H-16,0.1901,low
HASM-02118,22.134,0.873,0.0504,OP-H-176,ST-H-23,0.2497,low
HASM-02119,37.637,1.042,0.0429,OP-H-085,ST-H-18,0.1113,low
HASM-02120,40.37,0.909,0.0294,OP-H-145,ST-H-32,0.1865,low
HASM-02121,41.127,0.744,0.0628,OP-H-109,ST-H-34,0.138,low
HASM-02122,45.05,0.483,0.114,OP-H-108,ST-H-06,0.3264,medium
HASM-02123,44.971,1.58,0.0431,OP-H-036,ST-H-20,0.2054,low
HASM-02124,32.84,1.147,0.1117,OP-H-093,ST-H-38,0.2707,medium
HASM-02125,39.846,0.897,0.0372,OP-H-076,ST-H-01,0.1497,low
HASM-02126,58.597,0.732,0.0707,OP-H-046,ST-H-32,0.359,medium
HASM-02127,44.62,0.992,0.0155,OP-H-003,ST-H-27,0.0362,low
HASM-02128,33.731,1.011,0.0486,OP-H-102,ST-H-34,0.1801,low
HASM-02129,42.489,0.767,0.042,OP-H-052,ST-H-16,0.1243,low
HASM-02130,40.342,1.169,0.1148,OP-H-145,ST-H-34,0.1806,low
HASM-02131,49.198,0.676,0.0409,OP-H-140,ST-H-11,0.2725,medium
HASM-02132,36.027,0.558,0.0242,OP-H-143,ST-H-05,0.2838,medium
HASM-02133,45.116,0.867,0.0454,OP-H-029,ST-H-38,0.1093,low
HASM-02134,38.906,1.204,0.1529,OP-H-005,ST-H-39,0.3163,medium
HASM-02135,55.479,1.11,0.062,OP-H-089,ST-H-16,0.2052,low
HASM-02136,35.339,0.671,0.1668,OP-H-162,ST-H-30,0.3825,medium
HASM-02137,29.144,0.859,0.1316,OP-H-103,ST-H-36,0.3731,medium
HASM-02138,26.027,1.06,0.0098,OP-H-028,ST-H-06,0.155,low
HASM-02139,44.048,0.774,0.0127,OP-H-090,ST-H-15,0.1183,low
HASM-02140,51.587,0.521,0.0434,OP-H-042,ST-H-09,0.3607,medium
HASM-02141,43.179,0.818,0.0808,OP-H-052,ST-H-16,0.1785,low
HASM-02142,34.591,0.733,0.2382,OP-H-080,ST-H-36,0.4853,medium
HASM-02143,49.246,1.636,0.1568,OP-H-009,ST-H-09,0.5148,high
HASM-02144,28.611,1.24,0.0816,OP-H-168,ST-H-40,0.3211,medium
HASM-02145,35.932,1.196,0.0189,OP-H-071,ST-H-38,0.2262,low
HASM-02146,47.906,0.474,0.0323,OP-H-018,ST-H-30,0.3148,medium
HASM-02147,49.072,0.737,0.0267,OP-H-156,ST-H-15,0.2157,low
HASM-02148,45.324,1.259,0.0273,OP-H-150,ST-H-24,0.1806,low
HASM-02149,36.529,0.737,0.0888,OP-H-042,ST-H-23,0.286,medium
HASM-02150,40.284,0.694,0.0401,OP-H-009,ST-H-28,0.0728,low
HASM-02151,25.051,0.871,0.0826,OP-H-157,ST-H-11,0.2792,medium
HASM-02152,50.06,1.323,0.208,OP-H-153,ST-H-03,0.5435,high
HASM-02153,40.823,0.869,0.0768,OP-H-064,ST-H-12,0.1993,low
HASM-02154,33.817,0.513,0.0192,OP-H-156,ST-H-27,0.2827,medium
HASM-02155,31.898,0.935,0.0089,OP-H-097,ST-H-26,0.1737,low
HASM-02156,53.98,1.225,0.0391,OP-H-007,ST-H-04,0.3136,medium
HASM-02157,30.727,0.707,0.0423,OP-H-067,ST-H-40,0.2173,low
HASM-02158,37.99,1.034,0.0673,OP-H-149,ST-H-08,0.0841,low
HASM-02159,56.754,1.197,0.0924,OP-H-031,ST-H-09,0.2723,medium
HASM-02160,39.502,1.469,0.0673,OP-H-176,ST-H-20,0.3067,medium
HASM-02161,33.241,1.007,0.007,OP-H-025,ST-H-38,0.1133,low
HASM-02162,24.189,0.785,0.0206,OP-H-163,ST-H-38,0.294,medium
HASM-02163,46.407,0.96,0.0852,OP-H-084,ST-H-26,0.2607,medium
HASM-02164,39.343,0.946,0.1965,OP-H-013,ST-H-16,0.3028,medium
HASM-02165,38.908,0.923,0.1228,OP-H-074,ST-H-17,0.1385,low
HASM-02166,49.276,0.666,0.0411,OP-H-140,ST-H-36,0.1687,low
HASM-02167,30.375,0.936,0.1252,OP-H-013,ST-H-35,0.2631,medium
HASM-02168,38.337,1.029,0.0835,OP-H-041,ST-H-10,0.1787,low
HASM-02169,38.637,0.962,0.0883,OP-H-012,ST-H-27,0.2203,low
HASM-02170,49.93,0.66,0.1005,OP-H-178,ST-H-16,0.3447,medium
HASM-02171,44.366,1.105,0.0301,OP-H-073,ST-H-34,0.1148,low
HASM-02172,36.523,0.91,0.0779,OP-H-128,ST-H-04,0.2095,low
HASM-02173,36.334,0.75,0.051,OP-H-114,ST-H-28,0.2004,low
HASM-02174,40.08,0.903,0.2669,OP-H-123,ST-H-40,0.4193,medium
HASM-02175,36.237,0.633,0.1106,OP-H-032,ST-H-11,0.3597,medium
HASM-02176,38.618,1.074,0.0495,OP-H-171,ST-H-13,0.1739,low
HASM-02177,52.94,1.106,0.0263,OP-H-024,ST-H-04,0.1727,low
HASM-02178,36.458,0.859,0.069,OP-H-073,ST-H-34,0.1313,low
HASM-02179,56.904,1.021,0.1604,OP-H-083,ST-H-18,0.3083,medium
HASM-02180,38.493,0.922,0.03,OP-H-108,ST-H-04,0.0458,low
HASM-02181,58.257,0.609,0.0165,OP-H-023,ST-H-37,0.3134,medium
HASM-02182,56.532,0.518,0.0234,OP-H-079,ST-H-03,0.3433,medium
HASM-02183,56.653,0.977,0.0808,OP-H-159,ST-H-18,0.2653,medium
HASM-02184,45.814,0.997,0.0315,OP-H-036,ST-H-39,0.1382,low
HASM-02185,54.197,1.264,0.0166,OP-H-123,ST-H-22,0.2473,low
HASM-02186,37.241,1.222,0.0159,OP-H-091,ST-H-37,0.1375,low
HASM-02187,50.944,0.721,0.0518,OP-H-135,ST-H-23,0.261,medium
HASM-02188,51.091,0.458,0.0716,OP-H-141,ST-H-40,0.388,medium
HASM-02189,38.672,0.987,0.0235,OP-H-086,ST-H-27,0.0565,low
HASM-02190,56.437,0.872,0.0245,OP-H-089,ST-H-21,0.2642,medium
HASM-02191,49.697,1.075,0.1167,OP-H-118,ST-H-29,0.2075,low
HASM-02192,35.855,1.385,0.0998,OP-H-154,ST-H-38,0.2948,medium
HASM-02193,38.284,1.386,0.0573,OP-H-051,ST-H-32,0.3026,medium
HASM-02194,47.182,0.989,0.0968,OP-H-029,ST-H-34,0.0938,low
HASM-02195,36.737,0.894,0.0425,OP-H-067,ST-H-02,0.0791,low
HASM-02196,51.847,1.251,0.0424,OP-H-043,ST-H-20,0.193,low
HASM-02197,33.182,0.888,0.1694,OP-H-136,ST-H-05,0.301,medium
HASM-02198,55.58,0.856,0.1558,OP-H-071,ST-H-08,0.3334,medium
HASM-02199,38.012,0.773,0.0801,OP-H-005,ST-H-28,0.2483,low
HASM-02200,30.88,0.844,0.0954,OP-H-012,ST-H-09,0.2647,medium
HASM-02201,50.47,1.392,0.0669,OP-H-134,ST-H-27,0.2886,medium
HASM-02202,45.77,0.878,0.0492,OP-H-078,ST-H-06,0.1201,low
HASM-02203,45.997,0.938,0.0792,OP-H-097,ST-H-03,0.2557,medium
HASM-02204,44.368,0.56,0.0118,OP-H-007,ST-H-19,0.1932,low
HASM-02205,22.933,0.957,0.1944,OP-H-011,ST-H-17,0.4457,medium
HASM-02206,25.412,1.217,0.0367,OP-H-159,ST-H-08,0.347,medium
HASM-02207,49.35,0.834,0.0219,OP-H-153,ST-H-30,0.1401,low
HASM-02208,50.678,0.68,0.0875,OP-H-106,ST-H-08,0.2724,medium
HASM-02209,37.937,1.139,0.0778,OP-H-113,ST-H-07,0.1974,low
HASM-02210,29.631,0.626,0.2058,OP-H-135,ST-H-09,0.5762,high
HASM-02211,44.57,1.148,0.1169,OP-H-060,ST-H-12,0.3309,medium
HASM-02212,45.51,0.58,0.171,OP-H-118,ST-H-35,0.3864,medium
HASM-02213,31.395,1.122,0.1412,OP-H-033,ST-H-24,0.3512,medium
HASM-02214,32.364,0.951,0.225,OP-H-047,ST-H-01,0.4796,medium
HASM-02215,40.978,0.97,0.0479,OP-H-068,ST-H-21,0.0126,low
HASM-02216,46.198,1.138,0.0357,OP-H-174,ST-H-14,0.1677,low
HASM-02217,32.841,0.744,0.0637,OP-H-140,ST-H-22,0.338,medium
HASM-02218,38.924,0.821,0.1845,OP-H-151,ST-H-16,0.3924,medium
HASM-02219,45.165,0.729,0.0561,OP-H-120,ST-H-24,0.1937,low
HASM-02220,56.318,1.652,0.0203,OP-H-179,ST-H-01,0.5156,high
HASM-02221,40.121,0.885,0.0296,OP-H-094,ST-H-12,0.1137,low
HASM-02222,37.825,0.505,0.0724,OP-H-032,ST-H-39,0.3314,medium
HASM-02223,40.249,0.612,0.0521,OP-H-168,ST-H-28,0.2433,low
HASM-02224,25.197,1.197,0.034,OP-H-019,ST-H-10,0.2722,medium
HASM-02225,47.882,1.121,0.1804,OP-H-109,ST-H-26,0.3942,medium
HASM-02226,37.466,1.698,0.0605,OP-H-148,ST-H-35,0.4136,medium
HASM-02227,38.655,1.432,0.0282,OP-H-147,ST-H-23,0.2993,medium
HASM-02228,41.993,0.474,0.0432,OP-H-138,ST-H-31,0.2461,low
HASM-02229,42.409,0.863,0.0782,OP-H-122,ST-H-27,0.1659,low
HASM-02230,27.79,0.969,0.1597,OP-H-051,ST-H-12,0.3687,medium
HASM-02231,37.047,0.727,0.0758,OP-H-176,ST-H-40,0.2577,medium
HASM-02232,42.261,0.733,0.0282,OP-H-033,ST-H-22,0.1416,low
HASM-02233,28.087,0.867,0.0464,OP-H-065,ST-H-35,0.2009,low
HASM-02234,34.348,1.238,0.0028,OP-H-003,ST-H-32,0.1701,low
HASM-02235,49.906,1.065,0.0841,OP-H-141,ST-H-26,0.1727,low
HASM-02236,17.736,0.296,0.0615,OP-H-070,ST-H-37,0.6431,high
HASM-02237,46.926,0.962,0.097,OP-H-156,ST-H-14,0.2234,low
HASM-02238,44.088,1.082,0.0214,OP-H-069,ST-H-13,0.1185,low
HASM-02239,41.484,1.332,0.015,OP-H-142,ST-H-18,0.1313,low
HASM-02240,40.735,0.942,0.1273,OP-H-151,ST-H-07,0.2028,low
HASM-02241,34.407,1.113,0.0074,OP-H-055,ST-H-39,0.1907,low
HASM-02242,35.644,0.894,0.0716,OP-H-008,ST-H-24,0.1934,low
HASM-02243,47.892,1.123,0.0705,OP-H-086,ST-H-34,0.215,low
HASM-02244,40.658,0.784,0.093,OP-H-170,ST-H-09,0.2385,low
HASM-02245,27.987,1.238,0.084,OP-H-104,ST-H-29,0.3444,medium
HASM-02246,38.97,1.065,0.144,OP-H-011,ST-H-12,0.2529,medium
HASM-02247,46.688,1.304,0.0362,OP-H-110,ST-H-34,0.1862,low
HASM-02248,48.984,1.089,0.1045,OP-H-025,ST-H-19,0.2058,low
HASM-02249,51.047,1.05,0.0741,OP-H-042,ST-H-09,0.1597,low
HASM-02250,40.973,0.792,0.1139,OP-H-023,ST-H-38,0.2582,medium
HASM-02251,34.732,0.843,0.1853,OP-H-139,ST-H-26,0.3327,medium
HASM-02252,36.394,1.057,0.0845,OP-H-035,ST-H-40,0.1903,low
HASM-02253,50.21,0.703,0.0308,OP-H-061,ST-H-19,0.2617,medium
HASM-02254,44.599,1.161,0.0621,OP-H-158,ST-H-18,0.1074,low
HASM-02255,40.427,1.516,0.0924,OP-H-071,ST-H-22,0.3428,medium
HASM-02256,32.943,0.867,0.0197,OP-H-003,ST-H-38,0.1141,low
HASM-02257,45.583,1.401,0.0892,OP-H-151,ST-H-20,0.3225,medium
HASM-02258,57.088,0.985,0.053,OP-H-029,ST-H-20,0.2139,low
HASM-02259,40.947,0.881,0.1463,OP-H-017,ST-H-10,0.2625,medium
HASM-02260,34.223,1.639,0.1313,OP-H-062,ST-H-21,0.5102,high
HASM-02261,41.107,0.637,0.168,OP-H-043,ST-H-25,0.3114,medium
HASM-02262,40.872,1.334,0.0687,OP-H-006,ST-H-06,0.264,medium
HASM-02263,46.523,0.86,0.0906,OP-H-124,ST-H-11,0.3211,medium
HASM-02264,45.402,1.171,0.0252,OP-H-141,ST-H-18,0.0995,low
HASM-02265,37.281,1.348,0.0766,OP-H-111,ST-H-31,0.3026,medium
HASM-02266,40.295,0.521,0.01,OP-H-052,ST-H-03,0.2728,medium
HASM-02267,28.007,1.164,0.013,OP-H-131,ST-H-20,0.1602,low
HASM-02268,37.319,1.127,0.022,OP-H-028,ST-H-12,0.0572,low
HASM-02269,39.313,1.074,0.0461,OP-H-091,ST-H-29,0.0889,low
HASM-02270,27.941,0.828,0.1262,OP-H-035,ST-H-32,0.3264,medium
HASM-02271,55.415,0.347,0.0385,OP-H-148,ST-H-32,0.5128,high
HASM-02272,56.863,0.906,0.0934,OP-H-017,ST-H-38,0.329,medium
HASM-02273,48.618,0.91,0.1109,OP-H-136,ST-H-11,0.2641,medium
HASM-02274,34.823,1.206,0.0252,OP-H-124,ST-H-32,0.1092,low
HASM-02275,50.141,0.564,0.0893,OP-H-132,ST-H-02,0.408,medium
HASM-02276,39.095,0.929,0.095,OP-H-113,ST-H-21,0.2096,low
HASM-02277,39.462,1.33,0.0614,OP-H-137,ST-H-13,0.2281,low
HASM-02278,36.543,1.113,0.0207,OP-H-165,ST-H-01,0.1037,low
HASM-02279,43.576,0.821,0.138,OP-H-166,ST-H-39,0.2618,medium
HASM-02280,55.25,0.608,0.106,OP-H-145,ST-H-19,0.364,medium
HASM-02281,45.965,0.878,0.0054,OP-H-104,ST-H-19,0.057,low
HASM-02282,37.222,0.932,0.0477,OP-H-114,ST-H-11,0.1066,low
HASM-02283,36.233,1.426,0.1614,OP-H-099,ST-H-40,0.4183,medium
HASM-02284,54.248,1.373,0.0321,OP-H-056,ST-H-20,0.2907,medium
HASM-02285,51.434,0.751,0.018,OP-H-090,ST-H-08,0.2517,medium
HASM-02286,28.562,0.598,0.0903,OP-H-046,ST-H-37,0.4772,medium
HASM-02287,14.057,1.17,0.072,OP-H-053,ST-H-33,0.5253,high
HASM-02288,34.328,1.357,0.0835,OP-H-092,ST-H-19,0.3099,medium
HASM-02289,35.218,1.035,0.0491,OP-H-095,ST-H-39,0.0781,low
HASM-02290,38.103,0.905,0.0813,OP-H-024,ST-H-19,0.2025,low
HASM-02291,44.464,0.966,0.0297,OP-H-039,ST-H-26,0.0141,low
HASM-02292,42.824,0.835,0.081,OP-H-156,ST-H-05,0.1529,low
HASM-02293,34.736,0.972,0.039,OP-H-056,ST-H-04,0.206,low
HASM-02294,44.814,1.301,0.0667,OP-H-037,ST-H-39,0.279,medium
HASM-02295,55.674,0.437,0.1543,OP-H-058,ST-H-34,0.5685,high
HASM-02296,34.979,0.522,0.0264,OP-H-131,ST-H-27,0.2994,medium
HASM-02297,43.501,0.833,0.0456,OP-H-023,ST-H-24,0.1159,low
HASM-02298,24.222,1.204,0.0182,OP-H-132,ST-H-40,0.2688,medium
HASM-02299,52.975,1.596,0.0393,OP-H-121,ST-H-34,0.3558,medium
HASM-02300,27.997,0.918,0.0496,OP-H-012,ST-H-03,0.2263,low
HASM-02301,43.226,0.791,0.0085,OP-H-056,ST-H-03,0.0817,low
HASM-02302,34.739,0.865,0.0929,OP-H-112,ST-H-40,0.2313,low
HASM-02303,26.866,0.826,0.056,OP-H-180,ST-H-24,0.2612,medium
HASM-02304,53.902,1.132,0.0356,OP-H-143,ST-H-01,0.2379,low
HASM-02305,48.839,0.647,0.0755,OP-H-117,ST-H-09,0.2834,medium
HASM-02306,54.221,1.293,0.0422,OP-H-127,ST-H-21,0.2849,medium
HASM-02307,45.064,0.938,0.2399,OP-H-141,ST-H-28,0.3723,medium
HASM-02308,55.171,0.968,0.131,OP-H-164,ST-H-07,0.2838,medium
HASM-02309,31.433,0.777,0.0976,OP-H-055,ST-H-01,0.3217,medium
HASM-02310,41.501,0.812,0.0429,OP-H-065,ST-H-06,0.0937,low
HASM-02311,31.68,1.43,0.0885,OP-H-084,ST-H-04,0.2952,medium
HASM-02312,41.617,0.911,0.0435,OP-H-166,ST-H-02,0.1408,low
HASM-02313,49.239,0.853,0.0308,OP-H-095,ST-H-06,0.1456,low
HASM-02314,48.01,0.76,0.0509,OP-H-137,ST-H-40,0.1698,low
HASM-02315,37.061,0.826,0.097,OP-H-079,ST-H-23,0.2791,medium
HASM-02316,31.467,0.363,0.1007,OP-H-102,ST-H-09,0.3821,medium
HASM-02317,47.162,0.963,0.1416,OP-H-179,ST-H-20,0.2067,low
HASM-02318,46.472,1.11,0.0314,OP-H-146,ST-H-08,0.1089,low
HASM-02319,33.847,0.679,0.1289,OP-H-059,ST-H-03,0.3989,medium
HASM-02320,33.266,1.0,0.0845,OP-H-162,ST-H-07,0.2213,low
HASM-02321,37.771,0.775,0.077,OP-H-062,ST-H-38,0.1968,low
HASM-02322,38.169,1.136,0.0618,OP-H-020,ST-H-23,0.1967,low
HASM-02323,36.543,1.0,0.1028,OP-H-024,ST-H-34,0.1758,low
HASM-02324,36.221,1.472,0.0214,OP-H-029,ST-H-01,0.2624,medium
HASM-02325,40.278,0.778,0.0882,OP-H-077,ST-H-26,0.1884,low
HASM-02326,44.812,0.678,0.0564,OP-H-116,ST-H-16,0.263,medium
HASM-02327,49.731,0.783,0.0128,OP-H-123,ST-H-07,0.0632,low
HASM-02328,52.777,1.229,0.0309,OP-H-092,ST-H-12,0.2093,low
HASM-02329,39.566,0.455,0.1122,OP-H-152,ST-H-23,0.3037,medium
HASM-02330,40.737,0.888,0.0584,OP-H-107,ST-H-21,0.1302,low
HASM-02331,43.787,0.823,0.1002,OP-H-007,ST-H-22,0.176,low
HASM-02332,49.095,0.578,0.0453,OP-H-099,ST-H-21,0.3232,medium
HASM-02333,47.756,0.885,0.1004,OP-H-142,ST-H-10,0.2618,medium
HASM-02334,37.767,0.385,0.045,OP-H-017,ST-H-03,0.3095,medium
HASM-02335,41.539,0.72,0.0676,OP-H-042,ST-H-17,0.2419,low
HASM-02336,31.557,1.263,0.0207,OP-H-137,ST-H-19,0.2481,low
HASM-02337,42.214,0.829,0.0546,OP-H-064,ST-H-40,0.1081,low
HASM-02338,44.132,1.179,0.0249,OP-H-072,ST-H-06,0.1202,low
HASM-02339,44.201,0.797,0.0635,OP-H-009,ST-H-37,0.079,low
HASM-02340,15.048,0.984,0.0039,OP-H-051,ST-H-09,0.2108,low
HASM-02341,43.124,1.456,0.0827,OP-H-083,ST-H-20,0.3229,medium
HASM-02342,49.296,0.881,0.0743,OP-H-097,ST-H-34,0.2299,low
HASM-02343,57.756,0.77,0.0693,OP-H-136,ST-H-10,0.308,medium
HASM-02344,33.769,0.766,0.1265,OP-H-161,ST-H-14,0.3488,medium
HASM-02345,52.043,0.87,0.0993,OP-H-100,ST-H-17,0.2328,low
HASM-02346,46.395,0.79,0.1059,OP-H-017,ST-H-08,0.2335,low
HASM-02347,39.063,1.553,0.0405,OP-H-003,ST-H-26,0.2573,medium
HASM-02348,39.79,1.061,0.1557,OP-H-035,ST-H-02,0.2189,low
HASM-02349,47.669,0.627,0.0219,OP-H-146,ST-H-01,0.1887,low
HASM-02350,53.912,0.998,0.0565,OP-H-003,ST-H-30,0.1822,low
HASM-02351,40.584,1.182,0.064,OP-H-015,ST-H-04,0.1649,low
HASM-02352,32.478,0.819,0.0518,OP-H-075,ST-H-24,0.2105,low
HASM-02353,54.616,0.766,0.0794,OP-H-138,ST-H-17,0.3142,medium
HASM-02354,38.531,1.354,0.1164,OP-H-131,ST-H-08,0.3344,medium
HASM-02355,61.089,1.149,0.0652,OP-H-045,ST-H-25,0.3438,medium
HASM-02356,50.693,1.65,0.0705,OP-H-043,ST-H-19,0.4459,medium
HASM-02357,56.514,0.977,0.0199,OP-H-151,ST-H-18,0.1577,low
HASM-02358,40.545,0.781,0.0242,OP-H-067,ST-H-37,0.1397,low
HASM-02359,46.218,0.783,0.0359,OP-H-021,ST-H-09,0.2554,medium
HASM-02360,41.435,0.878,0.0557,OP-H-044,ST-H-20,0.1541,low
HASM-02361,49.316,0.709,0.03,OP-H-015,ST-H-35,0.2395,low
HASM-02362,21.546,0.648,0.0291,OP-H-133,ST-H-39,0.3497,medium
HASM-02363,42.593,1.214,0.0243,OP-H-127,ST-H-27,0.1409,low
HASM-02364,33.475,0.868,0.1059,OP-H-091,ST-H-15,0.2289,low
HASM-02365,40.676,0.875,0.0585,OP-H-050,ST-H-04,0.107,low
HASM-02366,40.11,0.994,0.041,OP-H-137,ST-H-17,0.0,low
HASM-02367,50.386,1.487,0.02,OP-H-170,ST-H-32,0.1865,low
HASM-02368,39.211,1.112,0.1161,OP-H-118,ST-H-37,0.2578,medium
HASM-02369,48.053,1.217,0.0942,OP-H-143,ST-H-18,0.2586,medium
HASM-02370,37.438,1.277,0.0745,OP-H-154,ST-H-05,0.2959,medium
HASM-02371,37.804,1.646,0.0538,OP-H-026,ST-H-02,0.3096,medium
HASM-02372,39.318,0.487,0.0371,OP-H-127,ST-H-07,0.2386,low
HASM-02373,22.781,1.43,0.072,OP-H-039,ST-H-03,0.4075,medium
HASM-02374,62.111,0.771,0.0555,OP-H-048,ST-H-24,0.3784,medium
HASM-02375,49.871,1.097,0.0419,OP-H-113,ST-H-24,0.1949,low
HASM-02376,40.092,1.126,0.0678,OP-H-005,ST-H-08,0.2513,medium
HASM-02377,48.489,1.046,0.2318,OP-H-021,ST-H-32,0.42,medium
HASM-02378,42.234,0.993,0.0336,OP-H-093,ST-H-19,0.0811,low
HASM-02379,56.399,1.052,0.0256,OP-H-112,ST-H-09,0.2104,low
HASM-02380,40.351,0.687,0.1139,OP-H-125,ST-H-06,0.2972,medium
HASM-02381,22.223,0.898,0.0839,OP-H-034,ST-H-36,0.2805,medium
HASM-02382,38.342,0.463,0.0574,OP-H-107,ST-H-26,0.2877,medium
HASM-02383,46.915,0.897,0.0939,OP-H-073,ST-H-08,0.1359,low
HASM-02384,50.412,1.407,0.0898,OP-H-089,ST-H-27,0.4123,medium
HASM-02385,33.203,0.779,0.0183,OP-H-141,ST-H-15,0.2157,low
HASM-02386,49.058,1.002,0.0597,OP-H-038,ST-H-11,0.0747,low
HASM-02387,45.817,1.208,0.0598,OP-H-082,ST-H-25,0.1754,low
HASM-02388,35.47,0.959,0.0438,OP-H-076,ST-H-13,0.1862,low
HASM-02389,38.528,0.802,0.2593,OP-H-174,ST-H-04,0.4876,medium
HASM-02390,34.981,1.099,0.0633,OP-H-118,ST-H-39,0.2228,low
HASM-02391,57.194,0.751,0.1534,OP-H-094,ST-H-24,0.4086,medium
HASM-02392,34.793,1.344,0.0625,OP-H-143,ST-H-28,0.2334,low
HASM-02393,53.751,1.135,0.0703,OP-H-075,ST-H-31,0.3095,medium
HASM-02394,49.589,0.938,0.0832,OP-H-176,ST-H-02,0.1918,low
HASM-02395,30.083,0.88,0.0196,OP-H-047,ST-H-26,0.24,low
HASM-02396,37.055,1.535,0.007,OP-H-176,ST-H-01,0.2653,medium
HASM-02397,33.625,0.87,0.0727,OP-H-027,ST-H-08,0.1733,low
HASM-02398,41.995,0.832,0.1566,OP-H-089,ST-H-14,0.297,medium
HASM-02399,40.569,1.538,0.0573,OP-H-101,ST-H-27,0.291,medium
HASM-02400,47.9,0.998,0.0407,OP-H-159,ST-H-21,0.0661,low
HASM-02401,26.838,1.204,0.0161,OP-H-070,ST-H-30,0.2668,medium
HASM-02402,43.314,0.62,0.0889,OP-H-119,ST-H-01,0.2868,medium
HASM-02403,34.987,0.992,0.0176,OP-H-143,ST-H-10,0.1212,low
HASM-02404,42.42,1.018,0.0762,OP-H-115,ST-H-39,0.1488,low
HASM-02405,33.705,0.816,0.0724,OP-H-098,ST-H-21,0.28,medium
HASM-02406,44.304,1.125,0.0354,OP-H-131,ST-H-40,0.1366,low
HASM-02407,43.679,0.993,0.1203,OP-H-142,ST-H-11,0.1045,low
HASM-02408,23.374,0.997,0.0639,OP-H-141,ST-H-37,0.2316,low
HASM-02409,44.874,0.848,0.0386,OP-H-086,ST-H-37,0.1785,low
HASM-02410,43.165,1.356,0.0795,OP-H-096,ST-H-30,0.179,low
HASM-02411,23.412,0.736,0.0352,OP-H-137,ST-H-40,0.3244,medium
HASM-02412,55.122,0.897,0.0737,OP-H-008,ST-H-15,0.2619,medium
HASM-02413,39.68,1.126,0.0754,OP-H-006,ST-H-25,0.1368,low
HASM-02414,44.407,0.993,0.0579,OP-H-130,ST-H-02,0.031,low
HASM-02415,37.046,1.127,0.0256,OP-H-132,ST-H-32,0.1155,low
HASM-02416,50.1,0.983,0.0396,OP-H-047,ST-H-26,0.1445,low
HASM-02417,39.48,0.843,0.0951,OP-H-134,ST-H-03,0.1878,low
HASM-02418,51.597,1.1,0.0432,OP-H-051,ST-H-01,0.1868,low
HASM-02419,46.59,0.767,0.0479,OP-H-170,ST-H-20,0.1632,low
HASM-02420,44.251,0.649,0.0319,OP-H-143,ST-H-21,0.2191,low
HASM-02421,33.068,1.47,0.1195,OP-H-049,ST-H-26,0.4251,medium
HASM-02422,36.015,1.167,0.1316,OP-H-141,ST-H-31,0.2566,medium
HASM-02423,37.629,1.124,0.0894,OP-H-055,ST-H-11,0.2719,medium
HASM-02424,53.292,0.915,0.1614,OP-H-046,ST-H-23,0.4086,medium
HASM-02425,42.187,0.528,0.1566,OP-H-179,ST-H-05,0.3801,medium
HASM-02426,32.44,0.726,0.017,OP-H-095,ST-H-26,0.2192,low
HASM-02427,45.938,1.139,0.051,OP-H-098,ST-H-40,0.1459,low
HASM-02428,29.531,0.856,0.0158,OP-H-006,ST-H-30,0.1757,low
HASM-02429,64.682,1.004,0.0992,OP-H-138,ST-H-35,0.372,medium
HASM-02430,45.25,1.279,0.2246,OP-H-167,ST-H-31,0.4747,medium
HASM-02431,36.002,0.927,0.0446,OP-H-120,ST-H-29,0.0931,low
HASM-02432,33.774,1.438,0.0598,OP-H-127,ST-H-37,0.3566,medium
HASM-02433,53.099,1.187,0.0469,OP-H-020,ST-H-20,0.2542,medium
HASM-02434,37.677,0.831,0.0969,OP-H-103,ST-H-28,0.2229,low
HASM-02435,38.044,1.355,0.0223,OP-H-059,ST-H-14,0.2172,low
HASM-02436,49.129,1.687,0.0757,OP-H-110,ST-H-36,0.4568,medium
HASM-02437,40.403,1.242,0.0145,OP-H-048,ST-H-20,0.1568,low
HASM-02438,45.92,0.574,0.0663,OP-H-005,ST-H-16,0.2603,medium
HASM-02439,30.379,1.131,0.0729,OP-H-021,ST-H-26,0.3207,medium
HASM-02440,52.797,1.141,0.1908,OP-H-119,ST-H-27,0.4025,medium
HASM-02441,51.828,0.661,0.028,OP-H-162,ST-H-02,0.2703,medium
HASM-02442,47.62,0.602,0.0373,OP-H-146,ST-H-19,0.2355,low
HASM-02443,46.242,0.865,0.0395,OP-H-021,ST-H-33,0.1171,low
HASM-02444,33.942,0.419,0.0676,OP-H-111,ST-H-36,0.3757,medium
HASM-02445,49.586,0.569,0.0456,OP-H-107,ST-H-40,0.3621,medium
HASM-02446,55.818,0.719,0.0303,OP-H-050,ST-H-18,0.3504,medium
HASM-02447,42.03,0.987,0.2448,OP-H-164,ST-H-19,0.3584,medium
HASM-02448,57.894,1.299,0.0242,OP-H-080,ST-H-35,0.2919,medium
HASM-02449,43.308,0.955,0.1156,OP-H-057,ST-H-24,0.1932,low
HASM-02450,36.947,1.257,0.0037,OP-H-104,ST-H-07,0.1427,low
HASM-02451,30.358,0.908,0.1784,OP-H-118,ST-H-34,0.2538,medium
HASM-02452,24.575,0.875,0.0442,OP-H-164,ST-H-19,0.2629,medium
HASM-02453,40.91,0.632,0.03,OP-H-004,ST-H-06,0.182,low
HASM-02454,36.46,1.229,0.0356,OP-H-169,ST-H-18,0.1609,low
HASM-02455,36.947,1.246,0.1367,OP-H-078,ST-H-20,0.3558,medium
HASM-02456,45.223,1.449,0.1116,OP-H-068,ST-H-27,0.4063,medium
HASM-02457,52.089,1.095,0.0364,OP-H-028,ST-H-38,0.209,low
HASM-02458,30.697,1.438,0.0527,OP-H-093,ST-H-24,0.325,medium
HASM-02459,44.316,1.132,0.0433,OP-H-066,ST-H-10,0.1337,low
HASM-02460,46.352,1.013,0.0707,OP-H-150,ST-H-09,0.2013,low
HASM-02461,33.812,1.243,0.0522,OP-H-006,ST-H-25,0.2296,low
HASM-02462,56.247,0.811,0.0729,OP-H-053,ST-H-28,0.3411,medium
HASM-02463,53.174,1.371,0.1336,OP-H-103,ST-H-26,0.4349,medium
HASM-02464,44.286,0.946,0.0591,OP-H-154,ST-H-15,0.1155,low
HASM-02465,47.289,0.749,0.0241,OP-H-118,ST-H-28,0.1517,low
HASM-02466,55.915,1.219,0.0629,OP-H-138,ST-H-28,0.2836,medium
HASM-02467,26.587,0.25,0.1236,OP-H-015,ST-H-27,0.6268,high
HASM-02468,47.188,0.604,0.025,OP-H-062,ST-H-11,0.2284,low
HASM-02469,36.855,0.802,0.0198,OP-H-088,ST-H-24,0.1471,low
HASM-02470,44.646,1.222,0.0256,OP-H-067,ST-H-20,0.1396,low
HASM-02471,55.388,0.795,0.0931,OP-H-121,ST-H-19,0.2829,medium
HASM-02472,58.488,1.022,0.0051,OP-H-156,ST-H-29,0.1954,low
HASM-02473,47.401,0.85,0.0603,OP-H-033,ST-H-39,0.2212,low
HASM-02474,43.939,1.629,0.0627,OP-H-029,ST-H-05,0.3914,medium
HASM-02475,35.932,1.094,0.0139,OP-H-082,ST-H-29,0.1628,low
HASM-02476,26.15,0.753,0.0378,OP-H-174,ST-H-21,0.2093,low
HASM-02477,31.262,0.918,0.1134,OP-H-114,ST-H-14,0.3113,medium
HASM-02478,37.464,1.158,0.1124,OP-H-090,ST-H-28,0.2536,medium
HASM-02479,33.792,0.594,0.0358,OP-H-009,ST-H-11,0.2643,medium
HASM-02480,45.336,0.675,0.0497,OP-H-138,ST-H-34,0.2206,low
HASM-02481,45.52,1.24,0.0511,OP-H-028,ST-H-29,0.1413,low
HASM-02482,38.809,0.974,0.1316,OP-H-031,ST-H-13,0.2239,low
HASM-02483,28.874,1.263,0.0108,OP-H-158,ST-H-23,0.2428,low
HASM-02484,20.639,0.867,0.0958,OP-H-042,ST-H-08,0.3018,medium
HASM-02485,46.012,1.127,0.0559,OP-H-162,ST-H-01,0.2351,low
HASM-02486,44.63,1.101,0.0178,OP-H-056,ST-H-05,0.0874,low
HASM-02487,38.95,1.412,0.0284,OP-H-137,ST-H-32,0.2917,medium
HASM-02488,38.431,1.097,0.0384,OP-H-086,ST-H-09,0.0967,low
HASM-02489,43.479,0.642,0.0489,OP-H-039,ST-H-33,0.1675,low
HASM-02490,40.991,1.287,0.2769,OP-H-003,ST-H-23,0.4631,medium
HASM-02491,23.62,1.18,0.0552,OP-H-052,ST-H-13,0.2636,medium
HASM-02492,45.278,1.244,0.011,OP-H-088,ST-H-32,0.1506,low
HASM-02493,51.229,0.482,0.0711,OP-H-117,ST-H-18,0.4239,medium
HASM-02494,57.251,1.729,0.0725,OP-H-109,ST-H-37,0.5631,high
HASM-02495,28.515,0.795,0.0252,OP-H-030,ST-H-35,0.2429,low
HASM-02496,41.292,1.055,0.1537,OP-H-041,ST-H-33,0.2537,medium
HASM-02497,44.408,1.288,0.063,OP-H-155,ST-H-35,0.2605,medium
HASM-02498,41.748,0.965,0.0855,OP-H-027,ST-H-34,0.1281,low
HASM-02499,50.182,1.271,0.1146,OP-H-043,ST-H-12,0.2803,medium
HASM-02500,32.596,1.709,0.0049,OP-H-101,ST-H-16,0.3502,medium
HASM-02501,43.333,0.309,0.0395,OP-H-096,ST-H-01,0.3178,medium
HASM-02502,43.321,1.206,0.0572,OP-H-093,ST-H-40,0.1221,low
HASM-02503,45.894,0.833,0.0594,OP-H-083,ST-H-36,0.2728,medium
HASM-02504,30.27,0.828,0.0399,OP-H-052,ST-H-21,0.1797,low
HASM-02505,36.388,0.986,0.0241,OP-H-019,ST-H-31,0.1131,low
HASM-02506,33.729,0.788,0.0627,OP-H-139,ST-H-31,0.2086,low
HASM-02507,45.124,0.741,0.0616,OP-H-039,ST-H-11,0.1633,low
HASM-02508,23.732,1.214,0.0378,OP-H-082,ST-H-30,0.3094,medium
HASM-02509,40.982,1.053,0.0852,OP-H-110,ST-H-21,0.098,low
HASM-02510,55.528,0.824,0.0223,OP-H-050,ST-H-39,0.2522,medium
HASM-02511,32.855,1.085,0.0204,OP-H-010,ST-H-09,0.127,low
HASM-02512,35.554,0.715,0.09,OP-H-112,ST-H-28,0.2958,medium
HASM-02513,37.84,0.807,0.0495,OP-H-026,ST-H-30,0.2462,low
HASM-02514,44.358,0.6,0.0324,OP-H-157,ST-H-03,0.2455,low
HASM-02515,40.146,0.969,0.1075,OP-H-175,ST-H-07,0.0933,low
HASM-02516,51.442,0.367,0.0402,OP-H-111,ST-H-31,0.3743,medium
HASM-02517,54.076,0.591,0.0706,OP-H-044,ST-H-21,0.3359,medium
HASM-02518,24.354,0.747,0.012,OP-H-140,ST-H-02,0.3096,medium
HASM-02519,35.556,1.358,0.1011,OP-H-016,ST-H-25,0.3648,medium
HASM-02520,51.149,0.673,0.0539,OP-H-089,ST-H-26,0.2375,low
HASM-02521,37.595,1.257,0.0884,OP-H-040,ST-H-32,0.2146,low
HASM-02522,37.641,1.161,0.075,OP-H-026,ST-H-37,0.2139,low
HASM-02523,52.251,0.924,0.0369,OP-H-023,ST-H-15,0.2083,low
HASM-02524,48.535,1.008,0.085,OP-H-177,ST-H-34,0.1748,low
HASM-02525,31.48,0.962,0.0459,OP-H-140,ST-H-12,0.2258,low
HASM-02526,50.732,1.083,0.0971,OP-H-156,ST-H-10,0.2627,medium
HASM-02527,45.491,1.648,0.0488,OP-H-034,ST-H-10,0.3426,medium
HASM-02528,49.784,0.913,0.0189,OP-H-080,ST-H-25,0.1611,low
HASM-02529,28.385,1.587,0.0792,OP-H-055,ST-H-06,0.4294,medium
HASM-02530,38.751,0.658,0.0279,OP-H-112,ST-H-16,0.174,low
HASM-02531,34.276,0.841,0.0735,OP-H-077,ST-H-29,0.3125,medium
HASM-02532,59.215,1.238,0.076,OP-H-138,ST-H-01,0.3816,medium
HASM-02533,33.912,1.121,0.0318,OP-H-071,ST-H-07,0.1197,low
HASM-02534,34.396,1.322,0.0374,OP-H-141,ST-H-03,0.2727,medium
HASM-02535,45.384,1.375,0.0558,OP-H-078,ST-H-07,0.1938,low
HASM-02536,55.098,0.545,0.041,OP-H-019,ST-H-18,0.3562,medium
HASM-02537,47.566,1.137,0.0573,OP-H-090,ST-H-29,0.208,low
HASM-02538,39.511,0.858,0.0148,OP-H-118,ST-H-13,0.0897,low
HASM-02539,43.094,0.87,0.0339,OP-H-063,ST-H-03,0.092,low
HASM-02540,37.009,0.787,0.002,OP-H-103,ST-H-06,0.1315,low
HASM-02541,34.353,0.927,0.0292,OP-H-168,ST-H-18,0.167,low
HASM-02542,44.355,1.237,0.0821,OP-H-028,ST-H-24,0.289,medium
HASM-02543,38.479,0.759,0.0396,OP-H-049,ST-H-06,0.2115,low
HASM-02544,31.548,1.115,0.0192,OP-H-156,ST-H-22,0.1412,low
HASM-02545,47.542,1.319,0.0456,OP-H-064,ST-H-04,0.3154,medium
HASM-02546,46.266,0.982,0.0295,OP-H-051,ST-H-26,0.0762,low
HASM-02547,35.327,0.447,0.1214,OP-H-100,ST-H-10,0.4782,medium
HASM-02548,36.262,1.372,0.1493,OP-H-049,ST-H-15,0.4158,medium
HASM-02549,40.117,0.618,0.0291,OP-H-018,ST-H-09,0.1853,low
HASM-02550,26.061,1.217,0.0816,OP-H-065,ST-H-24,0.3496,medium
HASM-02551,36.223,0.668,0.0363,OP-H-056,ST-H-25,0.2053,low
HASM-02552,56.939,1.437,0.1668,OP-H-071,ST-H-14,0.495,medium
HASM-02553,40.531,0.699,0.0713,OP-H-107,ST-H-13,0.1925,low
HASM-02554,27.605,1.01,0.0356,OP-H-146,ST-H-34,0.2305,low
HASM-02555,42.617,0.512,0.0538,OP-H-026,ST-H-36,0.3668,medium
HASM-02556,33.143,0.584,0.0602,OP-H-024,ST-H-26,0.3215,medium
HASM-02557,40.849,0.602,0.0771,OP-H-180,ST-H-38,0.1703,low
HASM-02558,28.672,1.287,0.085,OP-H-031,ST-H-13,0.3322,medium
HASM-02559,56.96,1.167,0.1248,OP-H-081,ST-H-09,0.3918,medium
HASM-02560,46.37,0.489,0.1274,OP-H-105,ST-H-35,0.3853,medium
HASM-02561,47.823,0.704,0.1039,OP-H-040,ST-H-22,0.3267,medium
HASM-02562,47.268,1.431,0.0927,OP-H-038,ST-H-35,0.3315,medium
HASM-02563,46.346,0.388,0.0712,OP-H-090,ST-H-05,0.3449,medium
HASM-02564,40.005,1.076,0.1198,OP-H-021,ST-H-05,0.2174,low
HASM-02565,37.252,0.805,0.0635,OP-H-173,ST-H-10,0.1823,low
HASM-02566,47.806,1.323,0.0214,OP-H-124,ST-H-23,0.2385,low
HASM-02567,31.456,1.21,0.0941,OP-H-122,ST-H-14,0.298,medium
HASM-02568,33.193,1.012,0.0493,OP-H-150,ST-H-24,0.1563,low
HASM-02569,48.902,1.341,0.0464,OP-H-134,ST-H-02,0.2747,medium
HASM-02570,27.915,0.584,0.0596,OP-H-163,ST-H-13,0.2992,medium
HASM-02571,47.561,0.731,0.0861,OP-H-003,ST-H-12,0.2805,medium
HASM-02572,34.603,0.739,0.0107,OP-H-076,ST-H-13,0.1468,low
HASM-02573,22.624,0.85,0.1839,OP-H-133,ST-H-20,0.4571,medium
HASM-02574,43.176,0.958,0.0083,OP-H-118,ST-H-14,0.028,low
HASM-02575,39.151,0.642,0.0327,OP-H-089,ST-H-08,0.1861,low
HASM-02576,50.19,1.132,0.009,OP-H-180,ST-H-33,0.1897,low
HASM-02577,39.858,0.63,0.0756,OP-H-081,ST-H-03,0.2657,medium
HASM-02578,28.664,0.925,0.0529,OP-H-166,ST-H-31,0.2308,low
HASM-02579,44.557,1.543,0.1159,OP-H-009,ST-H-30,0.4416,medium
HASM-02580,19.596,1.167,0.0874,OP-H-027,ST-H-40,0.4202,medium
HASM-02581,33.172,0.682,0.034,OP-H-073,ST-H-32,0.2251,low
HASM-02582,24.208,1.362,0.0557,OP-H-046,ST-H-19,0.3764,medium
HASM-02583,48.984,1.315,0.07,OP-H-063,ST-H-25,0.279,medium
HASM-02584,50.615,1.019,0.101,OP-H-097,ST-H-04,0.1868,low
HASM-02585,61.299,0.664,0.0874,OP-H-004,ST-H-36,0.5041,high
HASM-02586,41.368,1.321,0.1774,OP-H-174,ST-H-23,0.3479,medium
HASM-02587,43.458,1.567,0.0285,OP-H-155,ST-H-07,0.3029,medium
HASM-02588,28.839,1.498,0.0631,OP-H-104,ST-H-08,0.4256,medium
HASM-02589,36.019,1.015,0.0505,OP-H-107,ST-H-14,0.1794,low
HASM-02590,27.509,0.381,0.1519,OP-H-059,ST-H-28,0.5836,high
HASM-02591,44.605,1.275,0.0979,OP-H-165,ST-H-21,0.2119,low
HASM-02592,42.733,0.942,0.1057,OP-H-013,ST-H-09,0.1526,low
HASM-02593,48.853,0.648,0.0563,OP-H-133,ST-H-19,0.2738,medium
HASM-02594,32.8,0.527,0.0925,OP-H-057,ST-H-26,0.396,medium
HASM-02595,35.412,1.386,0.0473,OP-H-045,ST-H-17,0.2758,medium
HASM-02596,35.311,1.176,0.0437,OP-H-002,ST-H-17,0.1654,low
HASM-02597,51.197,0.725,0.0306,OP-H-179,ST-H-01,0.1954,low
HASM-02598,36.923,1.232,0.1895,OP-H-132,ST-H-09,0.469,medium
HASM-02599,49.002,0.477,0.058,OP-H-103,ST-H-34,0.403,medium
HASM-02600,41.913,1.382,0.0298,OP-H-152,ST-H-21,0.1688,low
HASM-02601,43.595,1.184,0.186,OP-H-006,ST-H-03,0.3085,medium
HASM-02602,38.785,1.084,0.0608,OP-H-085,ST-H-37,0.1388,low
HASM-02603,47.388,0.905,0.047,OP-H-029,ST-H-36,0.0652,low
HASM-02604,45.366,1.326,0.1109,OP-H-156,ST-H-19,0.2868,medium
HASM-02605,43.267,1.006,0.0665,OP-H-003,ST-H-15,0.1399,low
HASM-02606,56.618,1.067,0.0231,OP-H-035,ST-H-15,0.1515,low
HASM-02607,55.718,0.846,0.0265,OP-H-077,ST-H-08,0.1252,low
HASM-02608,33.996,0.381,0.0027,OP-H-125,ST-H-04,0.3437,medium
HASM-02609,50.293,1.212,0.0911,OP-H-075,ST-H-14,0.2841,medium
HASM-02610,50.917,0.85,0.1352,OP-H-024,ST-H-17,0.2948,medium
HASM-02611,34.041,0.582,0.0308,OP-H-135,ST-H-32,0.2238,low
HASM-02612,47.321,0.761,0.0228,OP-H-068,ST-H-34,0.1879,low
HASM-02613,26.261,0.921,0.1141,OP-H-001,ST-H-02,0.3844,medium
HASM-02614,37.638,0.734,0.0284,OP-H-103,ST-H-39,0.1662,low
HASM-02615,45.403,1.286,0.1038,OP-H-065,ST-H-28,0.2289,low
HASM-02616,26.923,0.966,0.1474,OP-H-063,ST-H-32,0.3334,medium
HASM-02617,36.942,1.314,0.059,OP-H-152,ST-H-08,0.2184,low
HASM-02618,38.098,0.967,0.0798,OP-H-180,ST-H-10,0.1473,low
HASM-02619,42.061,0.79,0.046,OP-H-086,ST-H-32,0.1371,low
HASM-02620,29.89,0.863,0.052,OP-H-025,ST-H-20,0.2116,low
HASM-02621,35.367,0.741,0.0051,OP-H-116,ST-H-35,0.2495,low
HASM-02622,43.934,1.27,0.0382,OP-H-026,ST-H-22,0.105,low
HASM-02623,51.346,1.328,0.0267,OP-H-156,ST-H-09,0.3362,medium
HASM-02624,48.863,0.853,0.0332,OP-H-128,ST-H-12,0.2044,low
HASM-02625,45.45,0.873,0.0327,OP-H-137,ST-H-05,0.168,low
HASM-02626,43.19,1.075,0.1365,OP-H-164,ST-H-24,0.2467,low
HASM-02627,36.686,0.681,0.0435,OP-H-002,ST-H-18,0.2901,medium
HASM-02628,29.655,1.156,0.0421,OP-H-070,ST-H-40,0.2302,low
HASM-02629,44.789,0.885,0.0767,OP-H-093,ST-H-07,0.2464,low
HASM-02630,49.33,1.192,0.0554,OP-H-039,ST-H-37,0.1882,low
HASM-02631,46.771,1.031,0.0762,OP-H-126,ST-H-38,0.2288,low
HASM-02632,57.646,0.953,0.0438,OP-H-140,ST-H-11,0.1379,low
HASM-02633,29.389,1.469,0.1094,OP-H-173,ST-H-06,0.46,medium
HASM-02634,47.102,1.374,0.0601,OP-H-040,ST-H-11,0.2065,low
HASM-02635,46.7,1.039,0.0622,OP-H-023,ST-H-16,0.1563,low
HASM-02636,49.41,0.781,0.0935,OP-H-042,ST-H-27,0.2706,medium
HASM-02637,46.255,1.008,0.0449,OP-H-109,ST-H-15,0.1308,low
HASM-02638,36.279,0.778,0.1376,OP-H-084,ST-H-25,0.3103,medium
HASM-02639,49.507,0.89,0.0443,OP-H-149,ST-H-02,0.1835,low
HASM-02640,46.601,0.737,0.0037,OP-H-048,ST-H-03,0.1613,low
HASM-02641,37.639,0.936,0.1282,OP-H-098,ST-H-14,0.2802,medium
HASM-02642,38.483,1.012,0.1022,OP-H-002,ST-H-20,0.1084,low
HASM-02643,48.581,0.25,0.0843,OP-H-002,ST-H-04,0.4277,medium
HASM-02644,73.377,1.098,0.0512,OP-H-092,ST-H-23,0.403,medium
HASM-02645,47.33,0.859,0.1568,OP-H-048,ST-H-07,0.3166,medium
HASM-02646,65.951,0.977,0.0365,OP-H-019,ST-H-01,0.2993,medium
HASM-02647,30.431,1.291,0.2176,OP-H-100,ST-H-10,0.4994,medium
HASM-02648,53.439,1.202,0.0157,OP-H-132,ST-H-06,0.2852,medium
HASM-02649,54.122,1.2,0.0195,OP-H-134,ST-H-19,0.2098,low
HASM-02650,36.25,1.055,0.0645,OP-H-019,ST-H-23,0.1156,low
HASM-02651,41.729,0.849,0.0472,OP-H-020,ST-H-26,0.1009,low
HASM-02652,61.292,0.535,0.0188,OP-H-022,ST-H-11,0.3577,medium
HASM-02653,39.475,1.006,0.1165,OP-H-124,ST-H-39,0.2236,low
HASM-02654,46.624,0.888,0.1801,OP-H-024,ST-H-34,0.2971,medium
HASM-02655,50.5,0.698,0.002,OP-H-117,ST-H-12,0.1817,low
HASM-02656,56.094,0.25,0.0612,OP-H-083,ST-H-13,0.5797,high
HASM-02657,43.56,0.541,0.0464,OP-H-052,ST-H-15,0.2316,low
HASM-02658,35.445,0.956,0.061,OP-H-070,ST-H-16,0.1257,low
HASM-02659,41.203,1.089,0.1381,OP-H-036,ST-H-19,0.2064,low
HASM-02660,22.529,0.88,0.0122,OP-H-166,ST-H-14,0.2437,low
HASM-02661,39.744,0.654,0.0725,OP-H-020,ST-H-13,0.2188,low
HASM-02662,53.102,1.069,0.1361,OP-H-038,ST-H-03,0.3529,medium
HASM-02663,34.777,1.376,0.0119,OP-H-060,ST-H-10,0.2224,low
HASM-02664,52.077,0.685,0.0558,OP-H-133,ST-H-11,0.308,medium
HASM-02665,37.474,0.526,0.1523,OP-H-097,ST-H-08,0.4213,medium
HASM-02666,30.573,1.343,0.0765,OP-H-063,ST-H-22,0.3691,medium
HASM-02667,28.817,0.887,0.0227,OP-H-021,ST-H-06,0.1594,low
HASM-02668,49.124,1.058,0.1062,OP-H-174,ST-H-37,0.2308,low
HASM-02669,40.912,0.907,0.057,OP-H-020,ST-H-34,0.0773,low
HASM-02670,44.307,0.822,0.1077,OP-H-088,ST-H-26,0.2484,low
HASM-02671,41.122,0.874,0.0225,OP-H-098,ST-H-13,0.0558,low
HASM-02672,33.073,1.034,0.0093,OP-H-013,ST-H-08,0.0714,low
HASM-02673,39.165,1.033,0.0728,OP-H-063,ST-H-36,0.1127,low
HASM-02674,38.505,1.129,0.076,OP-H-126,ST-H-40,0.1346,low
HASM-02675,46.478,1.133,0.0289,OP-H-163,ST-H-09,0.0884,low
HASM-02676,44.06,1.137,0.1625,OP-H-087,ST-H-37,0.3061,medium
HASM-02677,48.23,1.164,0.0302,OP-H-142,ST-H-31,0.1573,low
HASM-02678,47.784,0.786,0.035,OP-H-095,ST-H-30,0.1831,low
HASM-02679,33.623,0.819,0.0678,OP-H-137,ST-H-34,0.2615,medium
HASM-02680,34.701,0.714,0.1344,OP-H-118,ST-H-25,0.3078,medium
HASM-02681,38.998,0.787,0.0263,OP-H-104,ST-H-04,0.1586,low
HASM-02682,23.661,1.161,0.079,OP-H-088,ST-H-20,0.3168,medium
HASM-02683,46.187,1.22,0.1204,OP-H-105,ST-H-25,0.2526,medium
HASM-02684,54.013,1.592,0.0916,OP-H-018,ST-H-16,0.4516,medium
HASM-02685,46.205,1.154,0.1133,OP-H-075,ST-H-19,0.2407,low
HASM-02686,66.828,0.684,0.1476,OP-H-106,ST-H-33,0.5664,high
HASM-02687,54.176,0.329,0.0932,OP-H-173,ST-H-21,0.5291,high
HASM-02688,58.428,1.261,0.0647,OP-H-074,ST-H-22,0.3969,medium
HASM-02689,50.113,1.356,0.1758,OP-H-062,ST-H-28,0.5248,high
HASM-02690,45.207,1.314,0.1131,OP-H-164,ST-H-23,0.4034,medium
HASM-02691,28.878,0.832,0.0875,OP-H-112,ST-H-21,0.3295,medium
HASM-02692,46.884,1.15,0.0833,OP-H-142,ST-H-33,0.2274,low
HASM-02693,46.277,1.141,0.0872,OP-H-084,ST-H-15,0.2447,low
HASM-02694,49.209,1.074,0.0804,OP-H-072,ST-H-11,0.2028,low
HASM-02695,47.316,1.084,0.0612,OP-H-038,ST-H-30,0.1475,low
HASM-02696,46.941,1.298,0.0523,OP-H-039,ST-H-34,0.2791,medium
HASM-02697,43.852,0.96,0.0455,OP-H-162,ST-H-35,0.0,low
HASM-02698,60.078,0.897,0.0433,OP-H-014,ST-H-32,0.2468,low
HASM-02699,46.719,1.153,0.0133,OP-H-157,ST-H-18,0.0785,low
HASM-02700,30.94,1.272,0.0462,OP-H-097,ST-H-09,0.3159,medium
HASM-02701,15.166,0.509,0.1385,OP-H-086,ST-H-35,0.6589,high
HASM-02702,37.146,1.109,0.1413,OP-H-050,ST-H-19,0.254,medium
HASM-02703,45.376,0.662,0.0559,OP-H-154,ST-H-04,0.3228,medium
HASM-02704,49.551,1.225,0.0591,OP-H-033,ST-H-38,0.2044,low
HASM-02705,33.674,1.024,0.087,OP-H-091,ST-H-36,0.1996,low
HASM-02706,50.329,1.008,0.2055,OP-H-073,ST-H-22,0.3659,medium
HASM-02707,43.342,0.854,0.0494,OP-H-080,ST-H-33,0.0929,low
HASM-02708,57.162,1.307,0.0504,OP-H-134,ST-H-36,0.3941,medium
HASM-02709,46.042,0.666,0.0745,OP-H-097,ST-H-13,0.2783,medium
HASM-02710,45.347,1.251,0.0386,OP-H-155,ST-H-05,0.1559,low
HASM-02711,44.833,1.513,0.1871,OP-H-169,ST-H-29,0.46,medium
HASM-02712,45.447,1.413,0.0388,OP-H-150,ST-H-13,0.3606,medium
HASM-02713,44.873,1.101,0.0228,OP-H-172,ST-H-37,0.0529,low
HASM-02714,40.237,0.878,0.0337,OP-H-158,ST-H-26,0.0899,low
HASM-02715,52.751,0.902,0.1247,OP-H-164,ST-H-06,0.3113,medium
HASM-02716,31.645,1.278,0.031,OP-H-070,ST-H-24,0.2161,low
HASM-02717,41.419,0.91,0.0156,OP-H-098,ST-H-06,0.0036,low
HASM-02718,35.686,1.75,0.0233,OP-H-049,ST-H-37,0.3791,medium
HASM-02719,48.96,1.185,0.0605,OP-H-146,ST-H-32,0.1907,low
HASM-02720,34.466,1.202,0.0536,OP-H-093,ST-H-20,0.1852,low
HASM-02721,38.02,1.159,0.0671,OP-H-106,ST-H-28,0.1825,low
HASM-02722,44.868,1.076,0.0159,OP-H-114,ST-H-09,0.1812,low
HASM-02723,40.403,1.241,0.1025,OP-H-052,ST-H-23,0.1674,low
HASM-02724,40.452,0.982,0.1819,OP-H-170,ST-H-21,0.256,medium
HASM-02725,27.136,0.756,0.0201,OP-H-082,ST-H-01,0.3186,medium
HASM-02726,31.613,1.081,0.0399,OP-H-064,ST-H-16,0.2421,low
HASM-02727,33.919,1.33,0.0587,OP-H-067,ST-H-40,0.2545,medium
HASM-02728,37.42,0.995,0.0903,OP-H-022,ST-H-40,0.1671,low
HASM-02729,42.48,1.559,0.0908,OP-H-058,ST-H-15,0.3456,medium
HASM-02730,25.971,1.258,0.0855,OP-H-123,ST-H-33,0.4074,medium
HASM-02731,48.321,1.651,0.0621,OP-H-112,ST-H-39,0.4292,medium
HASM-02732,34.112,0.428,0.0099,OP-H-036,ST-H-17,0.3332,medium
HASM-02733,56.492,0.811,0.1571,OP-H-096,ST-H-11,0.3728,medium
HASM-02734,49.684,1.218,0.0738,OP-H-085,ST-H-32,0.2329,low
HASM-02735,47.152,1.293,0.0255,OP-H-064,ST-H-39,0.1847,low
HASM-02736,60.49,0.818,0.1485,OP-H-009,ST-H-22,0.4163,medium
HASM-02737,43.39,1.265,0.0407,OP-H-133,ST-H-26,0.1815,low
HASM-02738,41.402,1.042,0.1799,OP-H-023,ST-H-22,0.2157,low
HASM-02739,18.007,0.973,0.0477,OP-H-071,ST-H-14,0.3562,medium
HASM-02740,48.392,1.572,0.037,OP-H-077,ST-H-27,0.3508,medium
HASM-02741,44.357,1.217,0.0722,OP-H-023,ST-H-11,0.2247,low
HASM-02742,40.255,1.284,0.0732,OP-H-113,ST-H-39,0.2131,low
HASM-02743,29.05,1.302,0.0416,OP-H-172,ST-H-14,0.3595,medium
HASM-02744,44.236,0.536,0.0585,OP-H-165,ST-H-36,0.3065,medium
HASM-02745,46.87,1.202,0.0779,OP-H-002,ST-H-17,0.2219,low
HASM-02746,35.042,0.876,0.0144,OP-H-097,ST-H-31,0.1036,low
HASM-02747,24.729,0.558,0.0496,OP-H-178,ST-H-02,0.3974,medium
HASM-02748,40.506,0.471,0.049,OP-H-110,ST-H-01,0.2835,medium
HASM-02749,27.636,0.959,0.1084,OP-H-108,ST-H-25,0.2995,medium
HASM-02750,39.417,0.798,0.1454,OP-H-137,ST-H-25,0.2812,medium
HASM-02751,49.396,0.878,0.1488,OP-H-012,ST-H-40,0.3076,medium
HASM-02752,56.874,0.737,0.0936,OP-H-043,ST-H-26,0.4009,medium
HASM-02753,34.924,0.898,0.0611,OP-H-069,ST-H-39,0.141,low
HASM-02754,37.663,1.14,0.0396,OP-H-165,ST-H-16,0.1689,low
HASM-02755,43.268,0.457,0.1736,OP-H-044,ST-H-16,0.4235,medium
HASM-02756,33.663,1.553,0.0146,OP-H-008,ST-H-17,0.3171,medium
HASM-02757,47.266,1.279,0.0359,OP-H-011,ST-H-02,0.1383,low
HASM-02758,19.67,0.885,0.0285,OP-H-094,ST-H-36,0.283,medium
HASM-02759,44.667,0.803,0.0134,OP-H-146,ST-H-36,0.1957,low
HASM-02760,42.453,0.723,0.0905,OP-H-068,ST-H-02,0.2399,low
HASM-02761,63.585,0.534,0.1274,OP-H-019,ST-H-24,0.5194,high
HASM-02762,47.331,1.036,0.0277,OP-H-143,ST-H-02,0.0787,low
HASM-02763,37.429,1.486,0.0366,OP-H-027,ST-H-19,0.2586,medium
HASM-02764,47.215,0.753,0.095,OP-H-131,ST-H-16,0.2852,medium
HASM-02765,25.83,0.759,0.0706,OP-H-011,ST-H-18,0.3159,medium
HASM-02766,53.068,1.352,0.0467,OP-H-080,ST-H-19,0.2991,medium
HASM-02767,45.416,0.938,0.1607,OP-H-094,ST-H-25,0.2962,medium
HASM-02768,32.683,1.082,0.0229,OP-H-150,ST-H-28,0.1966,low
HASM-02769,44.038,0.649,0.0851,OP-H-048,ST-H-17,0.2241,low
HASM-02770,38.245,1.039,0.0647,OP-H-038,ST-H-27,0.1691,low
HASM-02771,55.797,0.945,0.1691,OP-H-114,ST-H-05,0.3867,medium
HASM-02772,32.297,0.399,0.0555,OP-H-143,ST-H-13,0.3805,medium
HASM-02773,48.763,1.084,0.0376,OP-H-131,ST-H-31,0.1431,low
HASM-02774,46.263,1.175,0.019,OP-H-063,ST-H-02,0.1617,low
HASM-02775,54.339,1.234,0.0174,OP-H-082,ST-H-22,0.1992,low
HASM-02776,54.401,1.234,0.0531,OP-H-111,ST-H-22,0.3117,medium
HASM-02777,53.165,1.104,0.0374,OP-H-057,ST-H-04,0.1631,low
HASM-02778,49.098,0.807,0.0401,OP-H-175,ST-H-37,0.1835,low
HASM-02779,48.09,0.524,0.0608,OP-H-153,ST-H-40,0.2683,medium
HASM-02780,52.253,0.943,0.0453,OP-H-065,ST-H-17,0.1304,low
HASM-02781,41.402,0.689,0.0184,OP-H-044,ST-H-27,0.1385,low
HASM-02782,55.6,0.909,0.0209,OP-H-080,ST-H-34,0.22,low
HASM-02783,39.89,1.143,0.1249,OP-H-075,ST-H-34,0.1699,low
HASM-02784,51.755,0.812,0.0311,OP-H-165,ST-H-13,0.2087,low
HASM-02785,51.848,1.022,0.0947,OP-H-099,ST-H-15,0.2228,low
HASM-02786,40.08,1.296,0.0276,OP-H-083,ST-H-13,0.1315,low
HASM-02787,31.433,1.33,0.0749,OP-H-159,ST-H-34,0.2852,medium
HASM-02788,47.536,1.659,0.026,OP-H-086,ST-H-01,0.3361,medium
HASM-02789,49.698,1.648,0.2432,OP-H-104,ST-H-08,0.6376,high
HASM-02790,53.525,0.961,0.052,OP-H-079,ST-H-06,0.1982,low
HASM-02791,42.198,1.19,0.0508,OP-H-036,ST-H-22,0.1616,low
HASM-02792,40.737,1.115,0.0626,OP-H-003,ST-H-04,0.2698,medium
HASM-02793,34.497,1.316,0.0636,OP-H-121,ST-H-38,0.3586,medium
HASM-02794,44.994,1.007,0.0913,OP-H-006,ST-H-20,0.1431,low
HASM-02795,47.659,1.28,0.0218,OP-H-008,ST-H-20,0.2057,low
HASM-02796,45.016,0.827,0.0133,OP-H-074,ST-H-18,0.0836,low
HASM-02797,41.08,1.345,0.0194,OP-H-020,ST-H-05,0.2347,low
HASM-02798,30.675,0.958,0.05,OP-H-149,ST-H-04,0.2427,low
HASM-02799,48.723,0.899,0.101,OP-H-012,ST-H-28,0.2295,low
HASM-02800,40.024,0.937,0.0823,OP-H-139,ST-H-19,0.2004,low
HASM-02801,37.838,1.261,0.0687,OP-H-082,ST-H-30,0.2484,low
HASM-02802,32.903,0.633,0.0461,OP-H-075,ST-H-22,0.2959,medium
HASM-02803,31.01,1.071,0.0552,OP-H-109,ST-H-09,0.1433,low
HASM-02804,33.808,1.325,0.0506,OP-H-073,ST-H-12,0.3226,medium
HASM-02805,32.484,1.077,0.0454,OP-H-173,ST-H-32,0.1915,low
HASM-02806,60.148,0.84,0.0944,OP-H-110,ST-H-25,0.3442,medium
HASM-02807,38.746,0.598,0.0942,OP-H-021,ST-H-17,0.2986,medium
HASM-02808,51.964,0.58,0.1562,OP-H-078,ST-H-17,0.4761,medium
HASM-02809,48.692,0.935,0.018,OP-H-141,ST-H-01,0.1033,low
HASM-02810,51.135,1.121,0.055,OP-H-006,ST-H-21,0.2251,low
HASM-02811,25.763,1.218,0.0218,OP-H-020,ST-H-33,0.2227,low
HASM-02812,33.787,0.999,0.0738,OP-H-132,ST-H-25,0.1712,low
HASM-02813,30.636,1.138,0.1523,OP-H-062,ST-H-02,0.3237,medium
HASM-02814,32.634,0.953,0.0175,OP-H-161,ST-H-09,0.1609,low
HASM-02815,31.733,0.405,0.0264,OP-H-057,ST-H-21,0.2688,medium
HASM-02816,51.399,1.046,0.0939,OP-H-014,ST-H-18,0.1902,low
HASM-02817,51.003,1.109,0.0067,OP-H-063,ST-H-14,0.1445,low
HASM-02818,46.059,0.78,0.093,OP-H-180,ST-H-17,0.2281,low
HASM-02819,31.365,1.214,0.0549,OP-H-167,ST-H-12,0.1947,low
HASM-02820,50.78,1.514,0.0913,OP-H-066,ST-H-11,0.4445,medium
HASM-02821,45.951,1.365,0.0323,OP-H-049,ST-H-16,0.1876,low
HASM-02822,40.706,0.88,0.168,OP-H-163,ST-H-17,0.2894,medium
HASM-02823,46.981,1.497,0.061,OP-H-075,ST-H-37,0.3217,medium
HASM-02824,39.714,1.159,0.0064,OP-H-132,ST-H-22,0.0944,low
HASM-02825,27.333,1.25,0.0738,OP-H-114,ST-H-07,0.2142,low
HASM-02826,40.373,0.85,0.0333,OP-H-105,ST-H-34,0.1255,low
HASM-02827,33.648,1.273,0.1166,OP-H-144,ST-H-14,0.3047,medium
HASM-02828,52.783,0.666,0.0509,OP-H-064,ST-H-39,0.2975,medium
HASM-02829,36.734,0.955,0.079,OP-H-127,ST-H-09,0.1712,low
HASM-02830,48.084,1.202,0.0554,OP-H-129,ST-H-19,0.22,low
HASM-02831,38.105,1.253,0.1895,OP-H-128,ST-H-16,0.2859,medium
HASM-02832,42.273,1.075,0.0304,OP-H-135,ST-H-20,0.0809,low
HASM-02833,43.439,0.733,0.041,OP-H-016,ST-H-05,0.2044,low
HASM-02834,64.565,0.483,0.0662,OP-H-054,ST-H-18,0.4937,medium
HASM-02835,41.156,1.158,0.0091,OP-H-009,ST-H-31,0.0531,low
HASM-02836,29.171,0.972,0.0166,OP-H-170,ST-H-19,0.1937,low
HASM-02837,50.433,1.301,0.022,OP-H-101,ST-H-05,0.2611,medium
HASM-02838,38.328,0.941,0.038,OP-H-151,ST-H-34,0.1725,low
HASM-02839,32.349,0.982,0.0078,OP-H-106,ST-H-28,0.0441,low
HASM-02840,46.048,0.855,0.0292,OP-H-167,ST-H-14,0.1495,low
HASM-02841,36.593,0.58,0.1091,OP-H-033,ST-H-03,0.3008,medium
HASM-02842,49.199,0.856,0.0364,OP-H-059,ST-H-02,0.142,low
HASM-02843,49.301,0.914,0.036,OP-H-138,ST-H-24,0.0891,low
HASM-02844,38.621,1.073,0.0405,OP-H-030,ST-H-27,0.1308,low
HASM-02845,27.589,0.734,0.0393,OP-H-135,ST-H-09,0.2194,low
HASM-02846,37.906,1.067,0.0442,OP-H-108,ST-H-17,0.045,low
HASM-02847,40.198,1.201,0.0553,OP-H-107,ST-H-40,0.1578,low
HASM-02848,46.288,1.233,0.0135,OP-H-053,ST-H-35,0.1968,low
HASM-02849,42.574,0.301,0.0555,OP-H-175,ST-H-40,0.388,medium
HASM-02850,44.799,0.897,0.0997,OP-H-068,ST-H-01,0.1813,low
HASM-02851,39.468,0.837,0.0354,OP-H-086,ST-H-30,0.1418,low
HASM-02852,47.802,1.179,0.0262,OP-H-031,ST-H-25,0.2165,low
HASM-02853,38.236,1.01,0.1294,OP-H-008,ST-H-30,0.19,low
HASM-02854,55.442,1.071,0.0596,OP-H-119,ST-H-18,0.2412,low
HASM-02855,51.581,0.987,0.0911,OP-H-162,ST-H-28,0.2126,low
HASM-02856,52.476,0.607,0.0673,OP-H-159,ST-H-33,0.3029,medium
HASM-02857,39.31,1.095,0.015,OP-H-150,ST-H-16,0.0733,low
HASM-02858,51.507,1.166,0.0579,OP-H-116,ST-H-37,0.3027,medium
HASM-02859,38.361,1.249,0.1125,OP-H-056,ST-H-17,0.3114,medium
HASM-02860,43.201,0.786,0.0466,OP-H-134,ST-H-19,0.1197,low
HASM-02861,51.46,0.709,0.0386,OP-H-108,ST-H-07,0.2642,medium
HASM-02862,38.045,1.123,0.0144,OP-H-016,ST-H-15,0.0758,low
HASM-02863,34.152,1.34,0.0991,OP-H-021,ST-H-01,0.2669,medium
HASM-02864,33.837,0.611,0.0297,OP-H-104,ST-H-22,0.2566,medium
HASM-02865,38.602,0.605,0.1204,OP-H-030,ST-H-36,0.3101,medium
HASM-02866,33.255,1.157,0.0161,OP-H-097,ST-H-39,0.1188,low
HASM-02867,37.566,1.289,0.0923,OP-H-011,ST-H-29,0.2837,medium
HASM-02868,55.535,1.358,0.1017,OP-H-065,ST-H-21,0.3679,medium
HASM-02869,38.161,1.309,0.0343,OP-H-051,ST-H-35,0.2209,low
HASM-02870,56.691,0.942,0.0382,OP-H-016,ST-H-16,0.2479,low
HASM-02871,29.525,0.857,0.0146,OP-H-175,ST-H-31,0.1749,low
HASM-02872,32.189,0.901,0.1711,OP-H-067,ST-H-27,0.3253,medium
HASM-02873,37.764,1.365,0.0771,OP-H-027,ST-H-07,0.282,medium
HASM-02874,30.494,1.559,0.1249,OP-H-061,ST-H-03,0.5938,high
HASM-02875,54.796,1.134,0.1242,OP-H-144,ST-H-14,0.334,medium
HASM-02876,40.925,0.72,0.0698,OP-H-102,ST-H-12,0.1695,low
HASM-02877,49.434,1.219,0.0633,OP-H-139,ST-H-07,0.1462,low
HASM-02878,50.683,1.279,0.0954,OP-H-001,ST-H-20,0.2668,medium
HASM-02879,46.887,1.202,0.0421,OP-H-110,ST-H-14,0.2151,low
HASM-02880,29.792,0.907,0.0144,OP-H-039,ST-H-32,0.1934,low
HASM-02881,48.507,1.066,0.0893,OP-H-098,ST-H-31,0.1565,low
HASM-02882,39.954,1.125,0.1417,OP-H-077,ST-H-10,0.3098,medium
HASM-02883,40.108,0.987,0.1247,OP-H-158,ST-H-06,0.2494,low
HASM-02884,37.894,0.658,0.0214,OP-H-125,ST-H-24,0.2381,low
HASM-02885,41.195,0.891,0.0536,OP-H-024,ST-H-30,0.0988,low
HASM-02886,25.295,0.739,0.0584,OP-H-141,ST-H-10,0.3553,medium
HASM-02887,33.747,1.502,0.0742,OP-H-137,ST-H-18,0.3362,medium
HASM-02888,20.337,0.62,0.0264,OP-H-124,ST-H-14,0.4162,medium
HASM-02889,51.722,1.538,0.0158,OP-H-021,ST-H-01,0.3019,medium
HASM-02890,49.899,0.924,0.0696,OP-H-090,ST-H-36,0.1987,low
HASM-02891,44.721,1.312,0.0055,OP-H-029,ST-H-23,0.2224,low
HASM-02892,35.461,1.198,0.1221,OP-H-054,ST-H-19,0.2442,low
HASM-02893,61.592,0.994,0.0424,OP-H-090,ST-H-19,0.2347,low
HASM-02894,45.229,0.697,0.0391,OP-H-052,ST-H-39,0.2273,low
HASM-02895,31.129,1.036,0.0216,OP-H-153,ST-H-05,0.1546,low
HASM-02896,54.48,0.646,0.1604,OP-H-155,ST-H-39,0.417,medium
HASM-02897,29.438,1.08,0.0639,OP-H-135,ST-H-19,0.1795,low
HASM-02898,39.194,1.413,0.068,OP-H-075,ST-H-01,0.2787,medium
HASM-02899,35.691,1.37,0.1045,OP-H-088,ST-H-15,0.3174,medium
HASM-02900,44.73,0.895,0.0296,OP-H-094,ST-H-20,0.1112,low
HASM-02901,41.872,0.845,0.0883,OP-H-027,ST-H-23,0.2314,low
HASM-02902,47.777,1.049,0.0531,OP-H-065,ST-H-22,0.1212,low
HASM-02903,47.605,0.645,0.0235,OP-H-068,ST-H-25,0.1331,low
HASM-02904,42.71,0.674,0.1843,OP-H-019,ST-H-21,0.4038,medium
HASM-02905,60.61,0.757,0.0935,OP-H-090,ST-H-13,0.3739,medium
HASM-02906,44.186,1.254,0.0635,OP-H-174,ST-H-33,0.2371,low
HASM-02907,29.913,0.802,0.0165,OP-H-013,ST-H-37,0.191,low
HASM-02908,33.125,1.163,0.022,OP-H-142,ST-H-32,0.1293,low
HASM-02909,35.455,1.124,0.0938,OP-H-065,ST-H-34,0.1407,low
HASM-02910,30.836,1.26,0.0182,OP-H-071,ST-H-18,0.2772,medium
HASM-02911,42.454,0.961,0.0144,OP-H-135,ST-H-40,0.0923,low
HASM-02912,55.734,1.089,0.151,OP-H-060,ST-H-06,0.4024,medium
HASM-02913,49.122,0.723,0.0216,OP-H-018,ST-H-32,0.2067,low
HASM-02914,30.032,1.024,0.031,OP-H-102,ST-H-36,0.1744,low
HASM-02915,42.333,1.151,0.0296,OP-H-121,ST-H-35,0.1153,low
HASM-02916,32.954,1.9,0.0316,OP-H-026,ST-H-18,0.5181,high
HASM-02917,28.586,1.546,0.019,OP-H-119,ST-H-10,0.3635,medium
HASM-02918,44.729,0.896,0.0635,OP-H-116,ST-H-03,0.1411,low
HASM-02919,27.314,1.14,0.0372,OP-H-086,ST-H-38,0.2503,medium
HASM-02920,38.879,1.159,0.0576,OP-H-062,ST-H-40,0.1178,low
HASM-02921,46.61,0.559,0.0366,OP-H-077,ST-H-38,0.3,medium
HASM-02922,42.634,1.325,0.0579,OP-H-103,ST-H-11,0.2293,low
HASM-02923,41.442,0.442,0.1084,OP-H-124,ST-H-16,0.357,medium
HASM-02924,48.883,1.065,0.0751,OP-H-061,ST-H-12,0.1803,low
HASM-02925,52.974,1.201,0.1163,OP-H-007,ST-H-39,0.2853,medium
HASM-02926,36.713,0.772,0.1034,OP-H-118,ST-H-35,0.3511,medium
HASM-02927,69.887,0.454,0.0635,OP-H-127,ST-H-14,0.4906,medium
HASM-02928,49.291,0.873,0.1476,OP-H-035,ST-H-30,0.3032,medium
HASM-02929,44.251,1.347,0.0749,OP-H-180,ST-H-37,0.262,medium
HASM-02930,50.398,1.137,0.0708,OP-H-034,ST-H-10,0.1949,low
HASM-02931,49.388,0.924,0.0637,OP-H-064,ST-H-30,0.1918,low
HASM-02932,21.819,0.84,0.0748,OP-H-115,ST-H-09,0.3672,medium
HASM-02933,30.134,1.326,0.1067,OP-H-041,ST-H-06,0.367,medium
HASM-02934,47.892,1.169,0.0194,OP-H-001,ST-H-31,0.1314,low
HASM-02935,36.0,1.21,0.0851,OP-H-093,ST-H-28,0.239,low
HASM-02936,39.427,0.795,0.09,OP-H-158,ST-H-13,0.2639,medium
HASM-02937,39.472,1.159,0.0161,OP-H-074,ST-H-19,0.0595,low
HASM-02938,40.069,0.845,0.1603,OP-H-057,ST-H-27,0.328,medium
HASM-02939,40.468,1.063,0.0516,OP-H-155,ST-H-15,0.0311,low
HASM-02940,36.286,0.957,0.018,OP-H-065,ST-H-13,0.104,low
HASM-02941,35.026,0.29,0.0808,OP-H-023,ST-H-33,0.455,medium
HASM-02942,53.684,0.71,0.069,OP-H-065,ST-H-04,0.3044,medium
HASM-02943,38.709,0.695,0.0506,OP-H-004,ST-H-03,0.193,low
HASM-02944,59.618,0.916,0.0633,OP-H-170,ST-H-14,0.3247,medium
HASM-02945,44.137,1.203,0.1444,OP-H-015,ST-H-13,0.3164,medium
HASM-02946,44.188,1.118,0.0995,OP-H-010,ST-H-07,0.0984,low
HASM-02947,60.757,0.849,0.1024,OP-H-138,ST-H-24,0.3749,medium
HASM-02948,61.552,0.825,0.0228,OP-H-062,ST-H-38,0.2879,medium
HASM-02949,32.893,1.088,0.102,OP-H-025,ST-H-13,0.2305,low
HASM-02950,33.289,1.214,0.1598,OP-H-012,ST-H-30,0.3916,medium
HASM-02951,28.266,1.393,0.0994,OP-H-127,ST-H-40,0.4203,medium
HASM-02952,42.713,1.051,0.0204,OP-H-081,ST-H-05,0.1081,low
HASM-02953,39.518,1.439,0.038,OP-H-108,ST-H-32,0.2939,medium
HASM-02954,36.351,1.348,0.0847,OP-H-082,ST-H-14,0.3787,medium
HASM-02955,41.28,0.809,0.1613,OP-H-055,ST-H-22,0.3006,medium
HASM-02956,39.632,0.804,0.0493,OP-H-141,ST-H-02,0.2486,low
HASM-02957,50.632,1.335,0.0406,OP-H-120,ST-H-40,0.2807,medium
HASM-02958,43.09,1.137,0.0869,OP-H-149,ST-H-22,0.1532,low
HASM-02959,51.754,1.367,0.1616,OP-H-002,ST-H-29,0.4705,medium
HASM-02960,45.755,0.487,0.1089,OP-H-081,ST-H-12,0.3565,medium
HASM-02961,25.964,0.994,0.0266,OP-H-016,ST-H-33,0.0916,low
HASM-02962,33.737,1.143,0.0951,OP-H-121,ST-H-08,0.2401,low
HASM-02963,33.097,1.057,0.0684,OP-H-036,ST-H-34,0.2723,medium
HASM-02964,48.75,1.094,0.0639,OP-H-159,ST-H-26,0.1238,low
HASM-02965,55.067,1.339,0.0619,OP-H-112,ST-H-16,0.3472,medium
HASM-02966,53.849,1.066,0.1012,OP-H-114,ST-H-23,0.2847,medium
HASM-02967,37.854,0.634,0.0434,OP-H-149,ST-H-03,0.2456,low
HASM-02968,30.393,0.853,0.0941,OP-H-164,ST-H-17,0.3407,medium
HASM-02969,31.502,0.552,0.0595,OP-H-051,ST-H-06,0.3841,medium
HASM-02970,39.19,0.834,0.048,OP-H-107,ST-H-18,0.137,low
HASM-02971,22.438,1.36,0.0391,OP-H-011,ST-H-04,0.3946,medium
HASM-02972,35.133,1.351,0.0471,OP-H-093,ST-H-37,0.2216,low
HASM-02973,49.948,0.756,0.0352,OP-H-110,ST-H-32,0.207,low
HASM-02974,44.527,0.995,0.0867,OP-H-101,ST-H-12,0.0411,low
HASM-02975,57.58,1.043,0.0656,OP-H-016,ST-H-27,0.2264,low
HASM-02976,52.057,1.39,0.0539,OP-H-045,ST-H-29,0.2503,medium
HASM-02977,57.631,1.25,0.073,OP-H-100,ST-H-04,0.337,medium
HASM-02978,43.028,1.274,0.0407,OP-H-113,ST-H-01,0.2726,medium
HASM-02979,56.927,0.54,0.0703,OP-H-140,ST-H-07,0.3421,medium
HASM-02980,32.026,0.977,0.0281,OP-H-097,ST-H-33,0.1956,low
HASM-02981,53.065,0.937,0.0144,OP-H-037,ST-H-14,0.1108,low
HASM-02982,42.649,0.832,0.0232,OP-H-008,ST-H-26,0.1361,low
HASM-02983,44.595,1.443,0.0309,OP-H-149,ST-H-11,0.2504,medium
HASM-02984,22.617,0.789,0.0816,OP-H-150,ST-H-33,0.3877,medium
HASM-02985,38.091,1.207,0.0205,OP-H-091,ST-H-08,0.145,low
HASM-02986,42.405,0.696,0.0291,OP-H-127,ST-H-21,0.1884,low
HASM-02987,44.44,1.509,0.083,OP-H-036,ST-H-22,0.3032,medium
HASM-02988,45.12,1.1,0.052,OP-H-065,ST-H-20,0.1435,low
HASM-02989,34.932,0.449,0.0279,OP-H-008,ST-H-19,0.3807,medium
HASM-02990,54.296,0.985,0.0677,OP-H-064,ST-H-12,0.2093,low
HASM-02991,55.954,0.86,0.0246,OP-H-048,ST-H-35,0.2351,low
HASM-02992,36.405,1.246,0.1278,OP-H-131,ST-H-14,0.3182,medium
HASM-02993,44.508,0.621,0.1695,OP-H-077,ST-H-08,0.4182,medium
HASM-02994,47.557,1.552,0.0418,OP-H-007,ST-H-01,0.3617,medium
HASM-02995,43.813,1.461,0.0479,OP-H-001,ST-H-22,0.2822,medium
HASM-02996,48.327,1.067,0.0525,OP-H-065,ST-H-36,0.1642,low
HASM-02997,44.036,1.668,0.0474,OP-H-106,ST-H-13,0.4529,medium
HASM-02998,48.003,1.312,0.0504,OP-H-105,ST-H-26,0.2411,low
HASM-02999,40.008,1.412,0.0334,OP-H-019,ST-H-22,0.2884,medium
HASM-03000,30.695,1.549,0.0989,OP-H-133,ST-H-09,0.4913,medium
HASM-03001,54.047,0.879,0.0232,OP-H-138,ST-H-02,0.2119,low
HASM-03002,34.482,1.084,0.1213,OP-H-145,ST-H-03,0.2403,low
HASM-03003,45.336,1.133,0.0616,OP-H-032,ST-H-05,0.0698,low
HASM-03004,58.182,0.316,0.0352,OP-H-100,ST-H-08,0.4293,medium
HASM-03005,42.284,0.769,0.1271,OP-H-093,ST-H-39,0.2946,medium
HASM-03006,39.757,0.997,0.013,OP-H-073,ST-H-24,0.0613,low
HASM-03007,28.826,1.133,0.0518,OP-H-120,ST-H-05,0.2036,low
HASM-03008,31.43,1.168,0.1152,OP-H-132,ST-H-34,0.3116,medium
HASM-03009,66.31,1.04,0.0242,OP-H-148,ST-H-22,0.3342,medium
HASM-03010,42.535,0.964,0.0235,OP-H-143,ST-H-29,0.0,low
HASM-03011,51.4,0.435,0.0522,OP-H-042,ST-H-30,0.4358,medium
HASM-03012,36.932,1.261,0.0189,OP-H-033,ST-H-06,0.1567,low
HASM-03013,54.831,1.124,0.029,OP-H-173,ST-H-34,0.1774,low
HASM-03014,41.443,1.21,0.0206,OP-H-019,ST-H-03,0.1606,low
HASM-03015,34.173,0.564,0.0287,OP-H-047,ST-H-38,0.306,medium
HASM-03016,41.626,0.914,0.067,OP-H-067,ST-H-08,0.1466,low
HASM-03017,32.152,1.009,0.009,OP-H-110,ST-H-23,0.051,low
HASM-03018,50.846,1.781,0.0578,OP-H-007,ST-H-26,0.3939,medium
HASM-03019,31.673,1.461,0.0125,OP-H-055,ST-H-37,0.3433,medium
HASM-03020,41.546,0.965,0.0858,OP-H-029,ST-H-32,0.1407,low
HASM-03021,49.707,0.356,0.007,OP-H-177,ST-H-31,0.3585,medium
HASM-03022,38.272,1.042,0.067,OP-H-072,ST-H-04,0.1598,low
HASM-03023,46.099,0.983,0.0358,OP-H-102,ST-H-30,0.0,low
HASM-03024,37.743,1.329,0.0418,OP-H-050,ST-H-31,0.1737,low
HASM-03025,25.21,1.163,0.0967,OP-H-041,ST-H-21,0.4382,medium
HASM-03026,42.21,1.195,0.0251,OP-H-044,ST-H-08,0.1662,low
HASM-03027,39.09,1.209,0.0699,OP-H-154,ST-H-18,0.2423,low
HASM-03028,42.228,1.415,0.0331,OP-H-103,ST-H-04,0.2659,medium
HASM-03029,27.936,0.847,0.1361,OP-H-034,ST-H-06,0.3511,medium
HASM-03030,38.543,1.273,0.1201,OP-H-168,ST-H-19,0.274,medium
HASM-03031,42.359,0.98,0.1118,OP-H-103,ST-H-01,0.1443,low
HASM-03032,41.191,1.12,0.0598,OP-H-082,ST-H-28,0.1551,low
HASM-03033,42.307,1.267,0.0579,OP-H-048,ST-H-35,0.1784,low
HASM-03034,43.928,0.686,0.0949,OP-H-118,ST-H-19,0.2521,medium
HASM-03035,27.405,1.31,0.0732,OP-H-037,ST-H-03,0.4051,medium
HASM-03036,45.566,1.276,0.0312,OP-H-103,ST-H-35,0.186,low
HASM-03037,44.476,1.366,0.0371,OP-H-088,ST-H-30,0.209,low
HASM-03038,51.318,0.892,0.0659,OP-H-004,ST-H-18,0.219,low
HASM-03039,16.391,0.996,0.0891,OP-H-111,ST-H-09,0.3091,medium
HASM-03040,45.634,1.252,0.1561,OP-H-160,ST-H-18,0.3445,medium
HASM-03041,53.945,1.158,0.0396,OP-H-030,ST-H-05,0.1605,low
HASM-03042,36.665,1.079,0.0952,OP-H-072,ST-H-31,0.1236,low
HASM-03043,34.993,1.178,0.0526,OP-H-043,ST-H-26,0.1698,low
HASM-03044,57.074,1.21,0.0659,OP-H-019,ST-H-25,0.2018,low
HASM-03045,49.09,1.191,0.1321,OP-H-096,ST-H-16,0.3447,medium
HASM-03046,58.572,0.897,0.0224,OP-H-134,ST-H-13,0.1973,low
HASM-03047,40.931,0.762,0.0385,OP-H-076,ST-H-25,0.1754,low
HASM-03048,33.394,1.312,0.1022,OP-H-128,ST-H-09,0.3582,medium
HASM-03049,40.623,1.274,0.0438,OP-H-022,ST-H-15,0.1849,low
HASM-03050,51.424,1.396,0.0355,OP-H-107,ST-H-29,0.3236,medium
HASM-03051,36.574,1.171,0.203,OP-H-061,ST-H-05,0.4033,medium
HASM-03052,49.252,1.34,0.0536,OP-H-021,ST-H-35,0.3421,medium
HASM-03053,53.954,0.606,0.0137,OP-H-118,ST-H-16,0.2926,medium
HASM-03054,49.664,1.024,0.0516,OP-H-151,ST-H-06,0.2263,low
HASM-03055,44.542,1.144,0.0073,OP-H-100,ST-H-33,0.0776,low
HASM-03056,35.425,0.661,0.0522,OP-H-147,ST-H-28,0.2536,medium
HASM-03057,53.771,0.61,0.0763,OP-H-022,ST-H-04,0.3815,medium
HASM-03058,34.801,1.38,0.0356,OP-H-089,ST-H-11,0.2643,medium
HASM-03059,36.302,0.831,0.0205,OP-H-034,ST-H-24,0.118,low
HASM-03060,35.301,1.172,0.0448,OP-H-054,ST-H-17,0.1643,low
HASM-03061,46.639,0.932,0.0162,OP-H-034,ST-H-19,0.1025,low
HASM-03062,44.725,0.712,0.0608,OP-H-072,ST-H-36,0.1735,low
HASM-03063,44.395,0.437,0.1175,OP-H-045,ST-H-24,0.4326,medium
HASM-03064,35.834,0.88,0.28,OP-H-087,ST-H-20,0.4468,medium
HASM-03065,55.792,1.085,0.0498,OP-H-120,ST-H-01,0.2392,low
HASM-03066,46.489,1.295,0.1133,OP-H-122,ST-H-40,0.2725,medium
HASM-03067,55.047,0.847,0.0765,OP-H-157,ST-H-24,0.2508,medium
HASM-03068,41.826,1.121,0.0392,OP-H-137,ST-H-35,0.1162,low
HASM-03069,31.349,1.118,0.0203,OP-H-055,ST-H-01,0.2051,low
HASM-03070,43.369,0.462,0.042,OP-H-013,ST-H-34,0.3007,medium
HASM-03071,54.522,1.251,0.0418,OP-H-092,ST-H-06,0.2468,low
HASM-03072,47.391,0.957,0.0452,OP-H-006,ST-H-09,0.1437,low
HASM-03073,37.194,0.988,0.1211,OP-H-045,ST-H-28,0.1991,low
HASM-03074,49.931,0.943,0.0516,OP-H-122,ST-H-19,0.1675,low
HASM-03075,48.428,0.902,0.0181,OP-H-030,ST-H-31,0.1394,low
HASM-03076,45.724,0.596,0.0685,OP-H-096,ST-H-36,0.2197,low
HASM-03077,41.739,0.676,0.0113,OP-H-094,ST-H-32,0.1385,low
HASM-03078,38.441,0.621,0.0839,OP-H-045,ST-H-34,0.2639,medium
HASM-03079,33.122,0.971,0.065,OP-H-003,ST-H-26,0.1889,low
HASM-03080,26.778,0.892,0.0808,OP-H-115,ST-H-20,0.2521,medium
HASM-03081,34.327,1.008,0.131,OP-H-106,ST-H-06,0.2796,medium
HASM-03082,31.629,0.823,0.0713,OP-H-051,ST-H-26,0.1618,low
HASM-03083,45.081,1.206,0.0643,OP-H-052,ST-H-21,0.2435,low
HASM-03084,35.415,1.27,0.0276,OP-H-124,ST-H-35,0.2026,low
HASM-03085,37.29,1.048,0.0483,OP-H-145,ST-H-12,0.1366,low
HASM-03086,42.252,0.472,0.0721,OP-H-141,ST-H-09,0.2668,medium
HASM-03087,48.194,0.25,0.0407,OP-H-081,ST-H-32,0.4275,medium
HASM-03088,46.831,1.076,0.0493,OP-H-153,ST-H-33,0.1637,low
HASM-03089,36.345,0.904,0.0789,OP-H-141,ST-H-25,0.1765,low
HASM-03090,33.779,0.99,0.088,OP-H-050,ST-H-03,0.1998,low
HASM-03091,22.918,0.693,0.0382,OP-H-131,ST-H-31,0.3641,medium
HASM-03092,50.41,1.257,0.0731,OP-H-082,ST-H-25,0.2659,medium
HASM-03093,38.461,1.365,0.0192,OP-H-028,ST-H-22,0.1633,low
HASM-03094,40.157,1.145,0.0376,OP-H-019,ST-H-19,0.115,low
HASM-03095,41.968,1.319,0.1131,OP-H-140,ST-H-01,0.1626,low
HASM-03096,34.384,0.388,0.0914,OP-H-104,ST-H-29,0.4436,medium
HASM-03097,54.001,0.25,0.0479,OP-H-008,ST-H-35,0.4599,medium
HASM-03098,45.917,1.015,0.128,OP-H-092,ST-H-01,0.1867,low
HASM-03099,49.179,1.454,0.0613,OP-H-062,ST-H-08,0.3396,medium
HASM-03100,57.453,1.048,0.0783,OP-H-123,ST-H-14,0.2457,low
HASM-03101,52.638,1.262,0.0529,OP-H-179,ST-H-27,0.1926,low
HASM-03102,53.909,1.304,0.0176,OP-H-045,ST-H-32,0.3241,medium
HASM-03103,35.572,0.923,0.0236,OP-H-003,ST-H-31,0.18,low
HASM-03104,47.048,0.377,0.0514,OP-H-136,ST-H-22,0.4515,medium
HASM-03105,48.641,0.824,0.1081,OP-H-006,ST-H-30,0.2201,low
HASM-03106,38.297,0.469,0.058,OP-H-016,ST-H-25,0.3512,medium
HASM-03107,41.326,0.942,0.0238,OP-H-133,ST-H-38,0.0127,low
HASM-03108,32.535,0.609,0.0332,OP-H-170,ST-H-25,0.2842,medium
HASM-03109,30.555,1.143,0.0177,OP-H-167,ST-H-34,0.2305,low
HASM-03110,46.907,1.001,0.1041,OP-H-180,ST-H-34,0.1695,low
HASM-03111,45.417,0.668,0.0598,OP-H-050,ST-H-40,0.2346,low
HASM-03112,51.356,1.121,0.1464,OP-H-007,ST-H-36,0.3695,medium
HASM-03113,37.658,0.934,0.0198,OP-H-129,ST-H-12,0.1186,low
HASM-03114,35.235,1.135,0.0333,OP-H-174,ST-H-36,0.1274,low
HASM-03115,32.665,0.918,0.0067,OP-H-171,ST-H-18,0.1788,low
HASM-03116,46.072,0.619,0.0415,OP-H-077,ST-H-23,0.2702,medium
HASM-03117,35.595,1.045,0.0118,OP-H-159,ST-H-32,0.0288,low
HASM-03118,47.284,0.592,0.0674,OP-H-069,ST-H-23,0.3189,medium
HASM-03119,38.837,1.007,0.1271,OP-H-008,ST-H-19,0.2133,low
HASM-03120,55.672,0.965,0.1267,OP-H-065,ST-H-12,0.2788,medium
HASM-03121,45.362,0.751,0.0836,OP-H-009,ST-H-15,0.1971,low
HASM-03122,51.53,1.221,0.0621,OP-H-097,ST-H-01,0.2373,low
HASM-03123,48.926,1.035,0.0235,OP-H-114,ST-H-30,0.1098,low
HASM-03124,42.03,1.12,0.036,OP-H-057,ST-H-03,0.0235,low
HASM-03125,30.348,0.781,0.0425,OP-H-001,ST-H-35,0.2258,low
HASM-03126,57.12,1.04,0.0521,OP-H-145,ST-H-10,0.216,low
HASM-03127,48.829,0.804,0.0096,OP-H-115,ST-H-39,0.1212,low
HASM-03128,42.472,1.259,0.0833,OP-H-166,ST-H-14,0.2282,low
HASM-03129,59.351,1.236,0.0181,OP-H-051,ST-H-35,0.2881,medium
HASM-03130,41.579,0.78,0.1697,OP-H-097,ST-H-30,0.3108,medium
HASM-03131,41.56,1.185,0.0065,OP-H-113,ST-H-36,0.0503,low
HASM-03132,42.602,0.579,0.0424,OP-H-158,ST-H-05,0.2518,medium
HASM-03133,50.57,1.093,0.0041,OP-H-137,ST-H-12,0.1677,low
HASM-03134,36.647,0.976,0.1117,OP-H-148,ST-H-26,0.2474,low
HASM-03135,49.927,1.337,0.0896,OP-H-063,ST-H-07,0.3305,medium
HASM-03136,36.903,0.825,0.0398,OP-H-159,ST-H-05,0.1804,low
HASM-03137,51.076,0.829,0.1098,OP-H-131,ST-H-18,0.2448,low
HASM-03138,35.625,1.1,0.0338,OP-H-043,ST-H-04,0.1796,low
HASM-03139,33.542,1.235,0.0617,OP-H-156,ST-H-35,0.2348,low
HASM-03140,38.317,0.874,0.0704,OP-H-089,ST-H-19,0.2435,low
HASM-03141,27.899,0.461,0.0581,OP-H-145,ST-H-05,0.42,medium
HASM-03142,35.838,0.767,0.0447,OP-H-095,ST-H-13,0.2224,low
HASM-03143,39.311,0.995,0.0259,OP-H-164,ST-H-03,0.0731,low
HASM-03144,44.844,0.831,0.0187,OP-H-059,ST-H-09,0.0902,low
HASM-03145,56.535,0.741,0.0416,OP-H-023,ST-H-28,0.3281,medium
HASM-03146,46.278,0.951,0.0099,OP-H-033,ST-H-21,0.0673,low
HASM-03147,48.512,1.363,0.0096,OP-H-077,ST-H-10,0.1866,low
HASM-03148,53.264,1.156,0.0403,OP-H-169,ST-H-03,0.2506,medium
HASM-03149,41.243,1.086,0.1532,OP-H-011,ST-H-26,0.2543,medium
HASM-03150,42.87,1.19,0.0586,OP-H-028,ST-H-08,0.1639,low
HASM-03151,31.644,1.21,0.0053,OP-H-094,ST-H-15,0.2095,low
HASM-03152,45.85,0.869,0.07,OP-H-096,ST-H-26,0.1532,low
HASM-03153,34.737,1.409,0.1005,OP-H-124,ST-H-12,0.3275,medium
HASM-03154,32.666,1.096,0.047,OP-H-020,ST-H-22,0.1792,low
HASM-03155,50.14,1.501,0.1174,OP-H-103,ST-H-37,0.4306,medium
HASM-03156,45.947,1.098,0.0696,OP-H-160,ST-H-23,0.1686,low
HASM-03157,55.518,1.13,0.1117,OP-H-009,ST-H-39,0.3071,medium
HASM-03158,34.809,1.276,0.0112,OP-H-111,ST-H-24,0.1704,low
HASM-03159,26.362,1.203,0.1991,OP-H-134,ST-H-20,0.5437,high
HASM-03160,40.492,1.044,0.139,OP-H-052,ST-H-12,0.1906,low
HASM-03161,46.768,1.171,0.0105,OP-H-172,ST-H-34,0.1475,low
HASM-03162,40.51,0.644,0.0372,OP-H-092,ST-H-21,0.224,low
HASM-03163,42.377,1.282,0.0916,OP-H-075,ST-H-17,0.2707,medium
HASM-03164,55.967,0.812,0.0537,OP-H-166,ST-H-08,0.2718,medium
HASM-03165,43.708,1.392,0.0226,OP-H-168,ST-H-24,0.2014,low
HASM-03166,51.993,0.976,0.0279,OP-H-035,ST-H-15,0.1453,low
HASM-03167,35.8,0.98,0.0303,OP-H-121,ST-H-22,0.1478,low
HASM-03168,35.985,0.869,0.0992,OP-H-041,ST-H-05,0.255,medium
HASM-03169,44.175,0.64,0.0914,OP-H-143,ST-H-23,0.2089,low
HASM-03170,34.615,1.258,0.0264,OP-H-098,ST-H-04,0.1849,low
HASM-03171,40.005,0.927,0.0071,OP-H-006,ST-H-09,0.0467,low
HASM-03172,46.012,1.176,0.044,OP-H-073,ST-H-17,0.1207,low
HASM-03173,49.869,0.95,0.0617,OP-H-022,ST-H-27,0.1265,low
HASM-03174,43.908,1.113,0.0841,OP-H-136,ST-H-34,0.1908,low
HASM-03175,47.347,1.42,0.044,OP-H-002,ST-H-30,0.2315,low
HASM-03176,33.927,0.81,0.0515,OP-H-114,ST-H-23,0.2263,low
HASM-03177,45.436,0.9,0.089,OP-H-105,ST-H-05,0.0633,low
HASM-03178,42.545,0.87,0.0509,OP-H-175,ST-H-36,0.0756,low
HASM-03179,27.174,1.022,0.0142,OP-H-096,ST-H-21,0.1536,low
HASM-03180,46.005,1.027,0.0196,OP-H-080,ST-H-21,0.1253,low
HASM-03181,44.681,0.887,0.0159,OP-H-071,ST-H-24,0.0914,low
HASM-03182,35.537,1.535,0.0145,OP-H-028,ST-H-25,0.2982,medium
HASM-03183,64.605,1.457,0.0476,OP-H-039,ST-H-33,0.4785,medium
HASM-03184,35.866,0.878,0.1182,OP-H-075,ST-H-32,0.3018,medium
HASM-03185,51.41,1.149,0.0616,OP-H-039,ST-H-22,0.2562,medium
HASM-03186,32.38,0.779,0.0371,OP-H-117,ST-H-15,0.234,low
HASM-03187,40.409,1.042,0.0946,OP-H-101,ST-H-08,0.1321,low
HASM-03188,30.135,1.177,0.0246,OP-H-076,ST-H-21,0.1295,low
HASM-03189,54.814,0.564,0.1694,OP-H-105,ST-H-24,0.5236,high
HASM-03190,44.916,0.818,0.0952,OP-H-035,ST-H-35,0.2697,medium
HASM-03191,56.972,1.109,0.1558,OP-H-041,ST-H-32,0.3546,medium
HASM-03192,54.556,1.221,0.0431,OP-H-180,ST-H-18,0.2914,medium
HASM-03193,53.58,0.892,0.0484,OP-H-060,ST-H-03,0.2463,low
HASM-03194,43.754,0.426,0.06,OP-H-087,ST-H-35,0.283,medium
HASM-03195,49.363,0.674,0.0152,OP-H-067,ST-H-07,0.223,low
HASM-03196,35.61,0.802,0.0342,OP-H-116,ST-H-11,0.1691,low
HASM-03197,40.578,1.155,0.0769,OP-H-010,ST-H-36,0.152,low
HASM-03198,46.822,1.104,0.0115,OP-H-079,ST-H-40,0.0715,low
HASM-03199,50.456,1.247,0.1111,OP-H-105,ST-H-27,0.2946,medium
HASM-03200,35.948,0.869,0.0743,OP-H-151,ST-H-23,0.261,medium
HASM-03201,46.79,0.893,0.0284,OP-H-098,ST-H-35,0.0696,low
HASM-03202,48.886,1.081,0.0748,OP-H-010,ST-H-14,0.1164,low
HASM-03203,53.181,1.15,0.1256,OP-H-176,ST-H-32,0.3418,medium
HASM-03204,17.687,1.408,0.0434,OP-H-030,ST-H-01,0.4216,medium
HASM-03205,50.399,0.725,0.0164,OP-H-084,ST-H-23,0.2441,low
HASM-03206,48.111,1.036,0.0779,OP-H-005,ST-H-16,0.1785,low
HASM-03207,48.006,1.071,0.2018,OP-H-089,ST-H-15,0.3246,medium
HASM-03208,21.085,1.181,0.0602,OP-H-140,ST-H-18,0.3621,medium
HASM-03209,48.184,1.022,0.0479,OP-H-036,ST-H-05,0.0909,low
HASM-03210,41.907,1.259,0.0718,OP-H-004,ST-H-39,0.2109,low
HASM-03211,38.408,1.016,0.0421,OP-H-053,ST-H-10,0.0,low
HASM-03212,54.743,1.028,0.0371,OP-H-094,ST-H-34,0.1636,low
HASM-03213,43.513,0.775,0.0245,OP-H-170,ST-H-14,0.056,low
HASM-03214,44.843,1.129,0.0523,OP-H-153,ST-H-06,0.172,low
HASM-03215,50.678,1.001,0.0135,OP-H-054,ST-H-27,0.1592,low
HASM-03216,37.508,0.491,0.0414,OP-H-059,ST-H-34,0.3007,medium
HASM-03217,54.972,0.383,0.1174,OP-H-064,ST-H-22,0.4565,medium
HASM-03218,28.789,1.095,0.0323,OP-H-168,ST-H-38,0.2834,medium
HASM-03219,41.953,0.891,0.0433,OP-H-096,ST-H-17,0.1124,low
HASM-03220,43.959,1.109,0.0278,OP-H-118,ST-H-30,0.0868,low
HASM-03221,18.096,0.689,0.2231,OP-H-051,ST-H-40,0.5689,high
HASM-03222,43.674,0.381,0.1306,OP-H-004,ST-H-07,0.4834,medium
HASM-03223,49.326,0.772,0.0308,OP-H-094,ST-H-40,0.1761,low
HASM-03224,43.487,1.085,0.0784,OP-H-130,ST-H-27,0.1766,low
HASM-03225,53.164,0.835,0.0677,OP-H-141,ST-H-11,0.2159,low
HASM-03226,43.688,0.699,0.0872,OP-H-174,ST-H-37,0.2736,medium
HASM-03227,59.998,1.164,0.0523,OP-H-072,ST-H-11,0.2457,low
HASM-03228,50.455,1.349,0.0354,OP-H-053,ST-H-07,0.3014,medium
HASM-03229,38.778,1.194,0.0559,OP-H-130,ST-H-06,0.2005,low
HASM-03230,30.851,1.065,0.1911,OP-H-001,ST-H-34,0.397,medium
HASM-03231,26.707,0.891,0.0064,OP-H-169,ST-H-13,0.1877,low
HASM-03232,35.868,1.488,0.0459,OP-H-128,ST-H-35,0.2611,medium
HASM-03233,48.895,1.493,0.1379,OP-H-064,ST-H-36,0.4799,medium
HASM-03234,59.327,0.689,0.0817,OP-H-177,ST-H-01,0.3598,medium
HASM-03235,42.3,0.911,0.0884,OP-H-098,ST-H-36,0.1752,low
HASM-03236,49.275,1.406,0.0329,OP-H-070,ST-H-24,0.2391,low
HASM-03237,25.127,0.882,0.077,OP-H-100,ST-H-35,0.2518,medium
HASM-03238,38.837,0.891,0.0472,OP-H-099,ST-H-13,0.1058,low
HASM-03239,32.001,0.873,0.0799,OP-H-054,ST-H-23,0.2803,medium
HASM-03240,47.53,0.826,0.0638,OP-H-165,ST-H-32,0.212,low
HASM-03241,32.791,1.204,0.0764,OP-H-066,ST-H-40,0.2449,low
HASM-03242,49.87,0.739,0.0512,OP-H-093,ST-H-16,0.2418,low
HASM-03243,29.302,1.022,0.0462,OP-H-052,ST-H-26,0.1653,low
HASM-03244,53.684,1.158,0.0238,OP-H-072,ST-H-31,0.2069,low
HASM-03245,50.961,1.359,0.1292,OP-H-026,ST-H-37,0.3528,medium
HASM-03246,49.654,0.659,0.0472,OP-H-172,ST-H-26,0.3134,medium
HASM-03247,50.082,0.899,0.1144,OP-H-153,ST-H-13,0.337,medium
HASM-03248,41.897,0.536,0.141,OP-H-098,ST-H-28,0.3105,medium
HASM-03249,55.47,0.61,0.0878,OP-H-066,ST-H-36,0.4137,medium
HASM-03250,31.939,0.992,0.0084,OP-H-175,ST-H-40,0.1537,low
HASM-03251,34.893,1.233,0.0932,OP-H-160,ST-H-09,0.361,medium
HASM-03252,30.705,1.247,0.0085,OP-H-082,ST-H-22,0.2398,low
HASM-03253,38.871,0.946,0.0161,OP-H-032,ST-H-10,0.0916,low
HASM-03254,42.921,1.291,0.0701,OP-H-096,ST-H-09,0.1645,low
HASM-03255,45.383,1.306,0.0558,OP-H-157,ST-H-34,0.2338,low
HASM-03256,22.622,1.387,0.0941,OP-H-060,ST-H-26,0.4336,medium
HASM-03257,52.398,1.361,0.1225,OP-H-004,ST-H-01,0.4069,medium
HASM-03258,35.294,1.746,0.0543,OP-H-069,ST-H-31,0.4695,medium
HASM-03259,32.82,0.812,0.0158,OP-H-091,ST-H-06,0.1663,low
HASM-03260,54.163,0.965,0.0519,OP-H-161,ST-H-05,0.2097,low
HASM-03261,34.018,0.91,0.0532,OP-H-052,ST-H-37,0.198,low
HASM-03262,32.576,1.748,0.1342,OP-H-106,ST-H-02,0.6055,high
HASM-03263,49.222,0.735,0.024,OP-H-002,ST-H-06,0.2122,low
HASM-03264,46.007,0.918,0.1651,OP-H-019,ST-H-24,0.2356,low
HASM-03265,36.681,1.002,0.0923,OP-H-167,ST-H-17,0.1001,low
HASM-03266,31.842,1.169,0.1825,OP-H-071,ST-H-29,0.3745,medium
HASM-03267,34.288,0.911,0.0974,OP-H-103,ST-H-32,0.2388,low
HASM-03268,35.565,1.245,0.0678,OP-H-127,ST-H-01,0.1798,low
HASM-03269,46.243,0.922,0.0349,OP-H-068,ST-H-30,0.1138,low
HASM-03270,47.265,0.501,0.0041,OP-H-073,ST-H-20,0.3042,medium
HASM-03271,47.102,1.024,0.041,OP-H-126,ST-H-10,0.099,low
HASM-03272,35.143,1.076,0.008,OP-H-067,ST-H-26,0.0311,low
HASM-03273,35.916,0.987,0.0392,OP-H-129,ST-H-32,0.1274,low
HASM-03274,43.526,0.928,0.0301,OP-H-034,ST-H-38,0.1728,low
HASM-03275,12.185,1.314,0.1331,OP-H-051,ST-H-35,0.5991,high
HASM-03276,42.017,0.79,0.0981,OP-H-165,ST-H-35,0.1814,low
HASM-03277,47.938,0.93,0.0589,OP-H-120,ST-H-36,0.0924,low
HASM-03278,51.688,0.477,0.1027,OP-H-070,ST-H-19,0.404,medium
HASM-03279,60.184,0.914,0.024,OP-H-164,ST-H-25,0.2399,low
HASM-03280,57.894,0.818,0.0642,OP-H-165,ST-H-30,0.2552,medium
HASM-03281,48.329,1.069,0.0763,OP-H-168,ST-H-17,0.2007,low
HASM-03282,40.578,1.184,0.0685,OP-H-004,ST-H-02,0.2536,medium
HASM-03283,56.287,0.927,0.072,OP-H-101,ST-H-33,0.2528,medium
HASM-03284,57.982,1.226,0.0161,OP-H-033,ST-H-33,0.2671,medium
HASM-03285,56.002,0.661,0.0535,OP-H-058,ST-H-40,0.2933,medium
HASM-03286,41.688,0.803,0.0113,OP-H-075,ST-H-35,0.0388,low
HASM-03287,38.196,1.417,0.0081,OP-H-054,ST-H-12,0.1952,low
HASM-03288,49.106,1.17,0.0307,OP-H-049,ST-H-37,0.2434,low
HASM-03289,30.347,1.344,0.0784,OP-H-055,ST-H-06,0.2856,medium
HASM-03290,31.556,0.351,0.1151,OP-H-139,ST-H-06,0.521,high
HASM-03291,42.092,1.092,0.0061,OP-H-134,ST-H-15,0.0633,low
HASM-03292,40.474,0.406,0.0617,OP-H-144,ST-H-29,0.2602,medium
HASM-03293,44.582,1.234,0.0886,OP-H-132,ST-H-38,0.2157,low
HASM-03294,41.458,1.378,0.0292,OP-H-147,ST-H-34,0.1889,low
HASM-03295,22.502,0.855,0.1601,OP-H-112,ST-H-12,0.4862,medium
HASM-03296,33.049,0.824,0.0392,OP-H-100,ST-H-27,0.1756,low
HASM-03297,50.485,1.109,0.1275,OP-H-159,ST-H-33,0.2874,medium
HASM-03298,48.822,1.093,0.0337,OP-H-162,ST-H-35,0.1334,low
HASM-03299,47.536,1.448,0.0973,OP-H-173,ST-H-13,0.3331,medium
HASM-03300,40.936,1.021,0.0547,OP-H-098,ST-H-05,0.0827,low
HASM-03301,43.567,1.528,0.0742,OP-H-048,ST-H-35,0.3029,medium
HASM-03302,37.057,0.944,0.1601,OP-H-020,ST-H-05,0.2343,low
HASM-03303,32.696,1.532,0.0177,OP-H-111,ST-H-26,0.3146,medium
HASM-03304,55.008,0.763,0.0619,OP-H-030,ST-H-21,0.3199,medium
HASM-03305,43.758,0.25,0.0731,OP-H-053,ST-H-10,0.5148,high
HASM-03306,48.035,1.207,0.0505,OP-H-172,ST-H-23,0.2285,low
HASM-03307,52.531,0.962,0.0425,OP-H-096,ST-H-10,0.2207,low
HASM-03308,38.084,0.962,0.1822,OP-H-082,ST-H-38,0.2894,medium
HASM-03309,26.082,1.067,0.0369,OP-H-018,ST-H-35,0.1764,low
HASM-03310,33.092,1.025,0.0786,OP-H-100,ST-H-14,0.1627,low
HASM-03311,51.073,1.0,0.0198,OP-H-132,ST-H-35,0.0918,low
HASM-03312,37.084,1.363,0.0829,OP-H-095,ST-H-37,0.3199,medium
HASM-03313,44.614,0.892,0.1544,OP-H-131,ST-H-15,0.2434,low
HASM-03314,49.643,1.178,0.1125,OP-H-029,ST-H-12,0.3519,medium
HASM-03315,50.887,1.383,0.0544,OP-H-065,ST-H-06,0.3271,medium
HASM-03316,35.693,0.879,0.0737,OP-H-017,ST-H-27,0.1725,low
HASM-03317,32.736,1.294,0.0437,OP-H-029,ST-H-13,0.1686,low
HASM-03318,27.392,0.915,0.033,OP-H-065,ST-H-37,0.2483,low
HASM-03319,50.184,0.928,0.2205,OP-H-028,ST-H-06,0.4073,medium
HASM-03320,48.607,0.912,0.0173,OP-H-096,ST-H-30,0.1309,low
HASM-03321,53.596,1.176,0.0078,OP-H-067,ST-H-39,0.2442,low
HASM-03322,42.584,1.091,0.0169,OP-H-169,ST-H-18,0.0746,low
HASM-03323,57.816,1.461,0.0807,OP-H-038,ST-H-06,0.4732,medium
HASM-03324,44.359,0.873,0.1059,OP-H-057,ST-H-07,0.2596,medium
HASM-03325,53.655,0.919,0.0187,OP-H-167,ST-H-22,0.2142,low
HASM-03326,32.372,0.83,0.0506,OP-H-045,ST-H-05,0.2303,low
HASM-03327,39.393,1.077,0.0412,OP-H-041,ST-H-20,0.1693,low
HASM-03328,31.316,1.9,0.1082,OP-H-133,ST-H-33,0.5811,high
HASM-03329,43.145,0.827,0.0331,OP-H-150,ST-H-37,0.1422,low
HASM-03330,47.102,1.179,0.0236,OP-H-169,ST-H-35,0.2032,low
HASM-03331,34.639,0.739,0.0864,OP-H-139,ST-H-18,0.2327,low
HASM-03332,36.993,1.268,0.0954,OP-H-046,ST-H-20,0.3361,medium
HASM-03333,36.934,1.284,0.038,OP-H-050,ST-H-33,0.1934,low
HASM-03334,36.621,1.076,0.0287,OP-H-164,ST-H-04,0.1598,low
HASM-03335,29.46,0.909,0.0876,OP-H-069,ST-H-30,0.2406,low
HASM-03336,44.981,0.971,0.0776,OP-H-042,ST-H-18,0.175,low
HASM-03337,57.955,0.902,0.0777,OP-H-163,ST-H-21,0.3521,medium
HASM-03338,51.901,0.853,0.0038,OP-H-143,ST-H-20,0.1062,low
HASM-03339,37.306,1.185,0.0584,OP-H-004,ST-H-18,0.2144,low
HASM-03340,51.151,1.338,0.0278,OP-H-087,ST-H-33,0.2135,low
HASM-03341,40.156,1.176,0.0493,OP-H-062,ST-H-18,0.1702,low
HASM-03342,41.824,0.757,0.0296,OP-H-036,ST-H-32,0.1313,low
HASM-03343,33.899,0.994,0.0611,OP-H-168,ST-H-16,0.1478,low
HASM-03344,48.32,0.983,0.0778,OP-H-118,ST-H-13,0.1641,low
HASM-03345,58.786,1.187,0.2232,OP-H-045,ST-H-26,0.5093,high
HASM-03346,31.746,1.3,0.0261,OP-H-083,ST-H-05,0.2411,low
HASM-03347,36.695,1.033,0.0633,OP-H-086,ST-H-04,0.1976,low
HASM-03348,47.265,0.869,0.0549,OP-H-133,ST-H-02,0.2011,low
HASM-03349,32.033,1.402,0.0357,OP-H-009,ST-H-34,0.2987,medium
HASM-03350,32.317,1.614,0.1705,OP-H-014,ST-H-40,0.5675,high
HASM-03351,51.789,0.964,0.0556,OP-H-048,ST-H-10,0.1502,low
HASM-03352,54.017,0.944,0.0457,OP-H-009,ST-H-29,0.1298,low
HASM-03353,38.666,0.845,0.1114,OP-H-100,ST-H-14,0.1955,low
HASM-03354,29.301,0.496,0.0944,OP-H-052,ST-H-06,0.4449,medium
HASM-03355,54.416,1.044,0.1112,OP-H-137,ST-H-26,0.287,medium
HASM-03356,33.487,1.241,0.0728,OP-H-067,ST-H-28,0.268,medium
HASM-03357,44.982,0.815,0.0482,OP-H-050,ST-H-35,0.1167,low
HASM-03358,55.417,1.241,0.0363,OP-H-088,ST-H-02,0.308,medium
HASM-03359,51.485,0.675,0.1286,OP-H-060,ST-H-27,0.3458,medium
HASM-03360,53.914,1.243,0.0462,OP-H-019,ST-H-10,0.3288,medium
HASM-03361,51.968,1.298,0.0113,OP-H-020,ST-H-27,0.1746,low
HASM-03362,59.026,1.292,0.2352,OP-H-126,ST-H-37,0.5378,high
HASM-03363,58.15,0.817,0.0711,OP-H-029,ST-H-37,0.3333,medium
HASM-03364,40.295,0.954,0.0348,OP-H-005,ST-H-01,0.0281,low
HASM-03365,40.648,0.793,0.033,OP-H-062,ST-H-06,0.0839,low
HASM-03366,61.169,1.3,0.0614,OP-H-099,ST-H-07,0.3313,medium
HASM-03367,53.59,0.978,0.0392,OP-H-068,ST-H-36,0.1549,low
HASM-03368,38.918,1.106,0.0798,OP-H-092,ST-H-15,0.1912,low
HASM-03369,38.342,0.648,0.0698,OP-H-135,ST-H-39,0.292,medium
HASM-03370,50.126,1.546,0.0414,OP-H-018,ST-H-34,0.36,medium
HASM-03371,32.055,1.348,0.2085,OP-H-027,ST-H-06,0.4385,medium
HASM-03372,38.885,1.356,0.1101,OP-H-046,ST-H-26,0.3612,medium
HASM-03373,51.155,1.472,0.0465,OP-H-078,ST-H-03,0.3046,medium
HASM-03374,35.969,1.175,0.157,OP-H-037,ST-H-30,0.3701,medium
HASM-03375,48.236,1.151,0.135,OP-H-047,ST-H-12,0.2326,low
HASM-03376,51.805,1.131,0.0807,OP-H-120,ST-H-19,0.2204,low
HASM-03377,39.988,0.958,0.032,OP-H-153,ST-H-12,0.1064,low
HASM-03378,36.005,0.804,0.0327,OP-H-111,ST-H-24,0.1952,low
HASM-03379,41.559,0.735,0.0427,OP-H-036,ST-H-39,0.1425,low
HASM-03380,28.004,1.067,0.037,OP-H-179,ST-H-11,0.1906,low
HASM-03381,40.206,1.319,0.054,OP-H-071,ST-H-26,0.2051,low
HASM-03382,33.888,1.215,0.0332,OP-H-065,ST-H-18,0.255,medium
HASM-03383,50.575,1.128,0.0478,OP-H-075,ST-H-35,0.2692,medium
HASM-03384,58.075,0.905,0.1427,OP-H-071,ST-H-20,0.389,medium
HASM-03385,46.933,0.683,0.0323,OP-H-109,ST-H-05,0.2519,medium
HASM-03386,42.258,1.387,0.1026,OP-H-153,ST-H-17,0.3065,medium
HASM-03387,46.592,1.127,0.0481,OP-H-058,ST-H-33,0.2243,low
HASM-03388,26.629,0.841,0.0249,OP-H-131,ST-H-35,0.3107,medium
HASM-03389,26.09,0.922,0.0319,OP-H-122,ST-H-27,0.1737,low
HASM-03390,45.776,1.018,0.1008,OP-H-067,ST-H-01,0.1819,low
HASM-03391,49.143,0.411,0.013,OP-H-100,ST-H-03,0.366,medium
HASM-03392,52.375,1.592,0.0264,OP-H-010,ST-H-39,0.3509,medium
HASM-03393,52.727,1.031,0.0568,OP-H-007,ST-H-04,0.247,low
HASM-03394,31.161,0.562,0.2507,OP-H-105,ST-H-20,0.6039,high
HASM-03395,50.423,0.818,0.0657,OP-H-160,ST-H-13,0.2598,medium
HASM-03396,37.689,1.081,0.1712,OP-H-069,ST-H-04,0.2762,medium
HASM-03397,31.674,0.654,0.1357,OP-H-143,ST-H-28,0.4634,medium
HASM-03398,39.422,1.356,0.0307,OP-H-150,ST-H-21,0.2102,low
HASM-03399,43.07,1.662,0.0482,OP-H-062,ST-H-23,0.3625,medium
HASM-03400,51.932,1.084,0.0641,OP-H-141,ST-H-22,0.2822,medium
HASM-03401,44.859,0.473,0.078,OP-H-033,ST-H-05,0.3401,medium
HASM-03402,36.245,0.865,0.0806,OP-H-145,ST-H-07,0.284,medium
HASM-03403,49.52,0.878,0.034,OP-H-095,ST-H-34,0.13,low
HASM-03404,42.373,0.785,0.0258,OP-H-076,ST-H-17,0.1392,low
HASM-03405,39.5,1.146,0.072,OP-H-136,ST-H-01,0.1391,low
HASM-03406,47.31,1.435,0.0108,OP-H-104,ST-H-01,0.1776,low
HASM-03407,48.418,1.619,0.0512,OP-H-012,ST-H-39,0.3808,medium
HASM-03408,39.63,1.427,0.097,OP-H-175,ST-H-36,0.3535,medium
HASM-03409,33.112,1.22,0.0061,OP-H-086,ST-H-39,0.1169,low
HASM-03410,35.961,0.909,0.024,OP-H-039,ST-H-30,0.1101,low
HASM-03411,45.278,0.806,0.0297,OP-H-171,ST-H-24,0.0977,low
HASM-03412,62.83,1.078,0.059,OP-H-003,ST-H-21,0.3203,medium
HASM-03413,33.493,1.439,0.064,OP-H-175,ST-H-40,0.413,medium
HASM-03414,52.434,0.998,0.0859,OP-H-023,ST-H-22,0.2177,low
HASM-03415,53.282,0.78,0.1976,OP-H-079,ST-H-30,0.4416,medium
HASM-03416,52.038,1.23,0.0442,OP-H-014,ST-H-17,0.2285,low
HASM-03417,49.025,1.476,0.0423,OP-H-119,ST-H-18,0.3105,medium
HASM-03418,34.343,1.073,0.0475,OP-H-162,ST-H-37,0.1372,low
HASM-03419,44.083,1.278,0.0206,OP-H-055,ST-H-11,0.0411,low
HASM-03420,37.2,0.605,0.1662,OP-H-115,ST-H-09,0.397,medium
HASM-03421,38.641,1.077,0.057,OP-H-042,ST-H-40,0.1474,low
HASM-03422,47.509,1.163,0.1015,OP-H-039,ST-H-23,0.2698,medium
HASM-03423,36.712,0.996,0.0481,OP-H-059,ST-H-33,0.1482,low
HASM-03424,32.807,1.467,0.0815,OP-H-142,ST-H-32,0.4064,medium
HASM-03425,44.321,1.318,0.0762,OP-H-060,ST-H-08,0.1935,low
HASM-03426,25.382,1.227,0.0205,OP-H-159,ST-H-17,0.2309,low
HASM-03427,25.961,0.932,0.0376,OP-H-099,ST-H-28,0.185,low
HASM-03428,46.931,0.978,0.1474,OP-H-092,ST-H-10,0.2477,low
HASM-03429,38.777,1.099,0.0465,OP-H-110,ST-H-04,0.0797,low
HASM-03430,57.535,1.296,0.0427,OP-H-105,ST-H-20,0.2652,medium
HASM-03431,31.715,0.664,0.02,OP-H-064,ST-H-29,0.3107,medium
HASM-03432,39.624,1.269,0.0422,OP-H-046,ST-H-31,0.195,low
HASM-03433,50.808,0.912,0.0741,OP-H-091,ST-H-16,0.2448,low
HASM-03434,38.458,0.937,0.0076,OP-H-006,ST-H-02,0.0313,low
HASM-03435,44.38,1.263,0.036,OP-H-180,ST-H-14,0.1905,low
HASM-03436,43.087,1.0,0.0857,OP-H-015,ST-H-07,0.0771,low
HASM-03437,37.693,0.798,0.087,OP-H-023,ST-H-03,0.2841,medium
HASM-03438,43.613,0.632,0.0937,OP-H-102,ST-H-25,0.3297,medium
HASM-03439,33.488,1.027,0.072,OP-H-149,ST-H-39,0.1667,low
HASM-03440,45.503,0.91,0.0215,OP-H-117,ST-H-20,0.1549,low
HASM-03441,43.685,0.768,0.0568,OP-H-045,ST-H-39,0.2058,low
HASM-03442,44.251,1.027,0.0086,OP-H-077,ST-H-24,0.0,low
HASM-03443,48.564,0.689,0.1198,OP-H-084,ST-H-37,0.3497,medium
HASM-03444,41.402,0.842,0.0281,OP-H-059,ST-H-16,0.0399,low
HASM-03445,47.11,1.337,0.0246,OP-H-032,ST-H-22,0.2531,medium
HASM-03446,44.99,1.03,0.0621,OP-H-156,ST-H-24,0.1162,low
HASM-03447,39.564,1.015,0.0806,OP-H-007,ST-H-01,0.1851,low
HASM-03448,50.791,1.296,0.0763,OP-H-087,ST-H-39,0.2955,medium
HASM-03449,32.653,1.257,0.1358,OP-H-039,ST-H-03,0.3358,medium
HASM-03450,37.27,1.131,0.026,OP-H-080,ST-H-02,0.1176,low
HASM-03451,30.039,0.688,0.0517,OP-H-068,ST-H-34,0.359,medium
HASM-03452,49.714,0.789,0.1365,OP-H-025,ST-H-38,0.3777,medium
HASM-03453,38.148,1.302,0.0238,OP-H-175,ST-H-31,0.1791,low
HASM-03454,29.343,1.18,0.0867,OP-H-031,ST-H-29,0.4111,medium
HASM-03455,30.511,0.616,0.0456,OP-H-123,ST-H-39,0.3689,medium
HASM-03456,34.988,1.584,0.0582,OP-H-028,ST-H-28,0.2956,medium
HASM-03457,52.22,1.827,0.0226,OP-H-076,ST-H-11,0.4431,medium
HASM-03458,45.725,0.91,0.041,OP-H-170,ST-H-22,0.1517,low
HASM-03459,25.606,1.066,0.0105,OP-H-142,ST-H-40,0.23,low
HASM-03460,55.887,0.785,0.0521,OP-H-163,ST-H-29,0.2544,medium
HASM-03461,54.711,0.974,0.1319,OP-H-033,ST-H-28,0.3444,medium
HASM-03462,41.838,0.96,0.0522,OP-H-029,ST-H-18,0.0333,low
HASM-03463,44.016,1.219,0.0596,OP-H-173,ST-H-06,0.1772,low
HASM-03464,35.467,0.788,0.0408,OP-H-166,ST-H-08,0.1558,low
HASM-03465,40.556,1.807,0.0512,OP-H-046,ST-H-37,0.4352,medium
HASM-03466,40.307,0.836,0.0057,OP-H-001,ST-H-14,0.0529,low
HASM-03467,50.833,1.402,0.0625,OP-H-038,ST-H-19,0.3533,medium
HASM-03468,46.751,1.502,0.0208,OP-H-017,ST-H-05,0.2939,medium
HASM-03469,33.435,0.864,0.2652,OP-H-066,ST-H-14,0.5428,high
HASM-03470,54.275,0.994,0.0481,OP-H-096,ST-H-34,0.2158,low
HASM-03471,36.165,0.69,0.0759,OP-H-113,ST-H-04,0.3096,medium
HASM-03472,55.831,1.027,0.0184,OP-H-093,ST-H-32,0.1039,low
HASM-03473,45.293,1.071,0.0199,OP-H-030,ST-H-01,0.1166,low
HASM-03474,57.953,0.945,0.1146,OP-H-160,ST-H-32,0.3126,medium
HASM-03475,40.8,1.094,0.09,OP-H-172,ST-H-13,0.1304,low
HASM-03476,59.861,1.141,0.0612,OP-H-048,ST-H-21,0.3584,medium
HASM-03477,60.042,1.162,0.0262,OP-H-045,ST-H-04,0.3109,medium
HASM-03478,36.882,1.137,0.042,OP-H-114,ST-H-12,0.1614,low
HASM-03479,30.78,1.176,0.0665,OP-H-005,ST-H-06,0.1998,low
HASM-03480,32.845,1.366,0.0238,OP-H-172,ST-H-21,0.2326,low
HASM-03481,60.599,1.189,0.0766,OP-H-081,ST-H-07,0.3187,medium
HASM-03482,50.89,0.797,0.0297,OP-H-098,ST-H-13,0.2041,low
HASM-03483,39.403,0.644,0.1025,OP-H-084,ST-H-26,0.254,medium
HASM-03484,47.215,0.932,0.0323,OP-H-068,ST-H-10,0.1014,low
HASM-03485,36.188,0.699,0.0286,OP-H-083,ST-H-17,0.19,low
HASM-03486,59.407,0.885,0.0426,OP-H-017,ST-H-20,0.2516,medium
HASM-03487,54.848,0.691,0.1505,OP-H-096,ST-H-17,0.3846,medium
HASM-03488,26.836,1.258,0.0201,OP-H-004,ST-H-20,0.2425,low
HASM-03489,20.438,0.401,0.052,OP-H-061,ST-H-05,0.4388,medium
HASM-03490,45.039,0.97,0.0055,OP-H-034,ST-H-09,0.0132,low
HASM-03491,46.482,0.632,0.0507,OP-H-060,ST-H-07,0.2413,low
HASM-03492,51.474,1.221,0.0981,OP-H-059,ST-H-18,0.2481,low
HASM-03493,39.677,1.636,0.1223,OP-H-152,ST-H-33,0.4915,medium
HASM-03494,28.56,0.716,0.0217,OP-H-154,ST-H-34,0.277,medium
HASM-03495,37.061,0.924,0.0671,OP-H-152,ST-H-08,0.1798,low
HASM-03496,32.422,1.155,0.0503,OP-H-013,ST-H-04,0.2285,low
HASM-03497,42.244,0.727,0.0532,OP-H-089,ST-H-17,0.1213,low
HASM-03498,43.364,1.286,0.0743,OP-H-088,ST-H-06,0.2092,low
HASM-03499,47.386,0.695,0.2459,OP-H-024,ST-H-13,0.5129,high
HASM-03500,27.143,0.927,0.0614,OP-H-088,ST-H-32,0.1828,low
HASM-03501,22.068,0.811,0.0646,OP-H-006,ST-H-04,0.3438,medium
HASM-03502,47.368,1.373,0.0401,OP-H-137,ST-H-19,0.2971,medium
HASM-03503,47.758,0.946,0.126,OP-H-110,ST-H-05,0.2137,low
HASM-03504,42.893,0.691,0.0307,OP-H-022,ST-H-15,0.1841,low
HASM-03505,42.293,1.035,0.114,OP-H-083,ST-H-04,0.2301,low
HASM-03506,53.583,0.776,0.081,OP-H-037,ST-H-16,0.2981,medium
HASM-03507,41.435,1.157,0.0389,OP-H-160,ST-H-17,0.0798,low
HASM-03508,44.917,1.4,0.0976,OP-H-172,ST-H-30,0.292,medium
HASM-03509,35.076,0.937,0.0554,OP-H-134,ST-H-05,0.1726,low
HASM-03510,50.446,0.829,0.0188,OP-H-100,ST-H-01,0.1238,low
HASM-03511,36.407,1.405,0.0124,OP-H-138,ST-H-13,0.2534,medium
HASM-03512,42.414,1.071,0.0347,OP-H-056,ST-H-07,0.1031,low
HASM-03513,42.704,0.85,0.0979,OP-H-179,ST-H-39,0.2079,low
HASM-03514,49.697,0.618,0.1122,OP-H-050,ST-H-23,0.4226,medium
HASM-03515,42.797,0.661,0.0418,OP-H-084,ST-H-28,0.189,low
HASM-03516,42.959,1.183,0.0682,OP-H-174,ST-H-37,0.1396,low
HASM-03517,50.655,1.14,0.0586,OP-H-120,ST-H-18,0.2037,low
HASM-03518,53.083,1.329,0.1493,OP-H-032,ST-H-08,0.4838,medium
HASM-03519,42.352,1.64,0.0339,OP-H-141,ST-H-18,0.3114,medium
HASM-03520,37.193,1.261,0.029,OP-H-017,ST-H-05,0.2068,low
HASM-03521,53.646,0.838,0.0895,OP-H-122,ST-H-18,0.2677,medium
HASM-03522,43.886,0.825,0.0694,OP-H-127,ST-H-04,0.1541,low
HASM-03523,33.96,1.016,0.0163,OP-H-037,ST-H-27,0.075,low
HASM-03524,43.2,0.885,0.0229,OP-H-021,ST-H-09,0.0743,low
HASM-03525,34.852,1.05,0.1045,OP-H-065,ST-H-04,0.2151,low
HASM-03526,45.535,1.356,0.0162,OP-H-013,ST-H-20,0.1596,low
HASM-03527,53.209,0.923,0.0801,OP-H-140,ST-H-08,0.2213,low
HASM-03528,41.02,1.318,0.0388,OP-H-149,ST-H-24,0.1268,low
HASM-03529,40.412,1.079,0.0675,OP-H-148,ST-H-32,0.0353,low
HASM-03530,33.398,0.821,0.0263,OP-H-044,ST-H-01,0.1962,low
HASM-03531,46.188,0.918,0.002,OP-H-048,ST-H-36,0.0704,low
HASM-03532,31.8,1.071,0.0308,OP-H-084,ST-H-19,0.2156,low
HASM-03533,39.52,1.487,0.1727,OP-H-160,ST-H-14,0.4214,medium
HASM-03534,43.109,0.954,0.0402,OP-H-103,ST-H-02,0.1048,low
HASM-03535,60.127,1.206,0.1078,OP-H-089,ST-H-38,0.3555,medium
HASM-03536,34.471,1.015,0.0453,OP-H-062,ST-H-35,0.0855,low
HASM-03537,44.182,0.831,0.1742,OP-H-089,ST-H-07,0.2863,medium
HASM-03538,48.287,0.85,0.0891,OP-H-006,ST-H-38,0.2216,low
HASM-03539,32.766,0.633,0.0914,OP-H-126,ST-H-11,0.379,medium
HASM-03540,42.385,0.997,0.045,OP-H-066,ST-H-16,0.0,low
HASM-03541,42.782,0.307,0.1571,OP-H-164,ST-H-35,0.4881,medium
HASM-03542,48.156,0.931,0.0654,OP-H-135,ST-H-40,0.1548,low
HASM-03543,44.437,0.912,0.071,OP-H-018,ST-H-27,0.1456,low
HASM-03544,30.013,0.792,0.1211,OP-H-149,ST-H-09,0.351,medium
HASM-03545,43.484,1.167,0.0996,OP-H-127,ST-H-08,0.1585,low
HASM-03546,47.197,1.424,0.1515,OP-H-051,ST-H-36,0.4503,medium
HASM-03547,45.254,0.783,0.0397,OP-H-083,ST-H-40,0.1413,low
HASM-03548,43.97,1.126,0.04,OP-H-047,ST-H-37,0.1274,low
HASM-03549,42.429,1.099,0.0745,OP-H-093,ST-H-23,0.1228,low
HASM-03550,36.068,0.83,0.0726,OP-H-080,ST-H-27,0.217,low
HASM-03551,35.736,1.021,0.1135,OP-H-100,ST-H-27,0.1803,low
HASM-03552,33.77,0.603,0.034,OP-H-098,ST-H-33,0.3558,medium
HASM-03553,38.778,1.071,0.0211,OP-H-030,ST-H-18,0.0551,low
HASM-03554,42.72,1.135,0.0666,OP-H-165,ST-H-24,0.1717,low
HASM-03555,49.478,0.904,0.036,OP-H-174,ST-H-30,0.1693,low
HASM-03556,51.313,1.171,0.1003,OP-H-106,ST-H-11,0.2592,medium
HASM-03557,40.472,1.364,0.0643,OP-H-168,ST-H-07,0.3248,medium
HASM-03558,59.289,1.062,0.0385,OP-H-074,ST-H-24,0.2796,medium
HASM-03559,47.894,0.753,0.1349,OP-H-108,ST-H-12,0.3499,medium
HASM-03560,58.598,0.694,0.0662,OP-H-023,ST-H-21,0.3915,medium
HASM-03561,36.816,1.284,0.0435,OP-H-162,ST-H-03,0.2124,low
HASM-03562,43.762,1.097,0.0334,OP-H-046,ST-H-21,0.1289,low
HASM-03563,57.091,0.601,0.127,OP-H-153,ST-H-20,0.4378,medium
HASM-03564,44.925,0.808,0.0094,OP-H-081,ST-H-26,0.0438,low
HASM-03565,48.92,1.015,0.051,OP-H-028,ST-H-10,0.1638,low
HASM-03566,40.286,1.162,0.0863,OP-H-053,ST-H-06,0.1712,low
HASM-03567,42.279,1.644,0.0433,OP-H-069,ST-H-04,0.2885,medium
HASM-03568,41.936,1.131,0.0692,OP-H-023,ST-H-23,0.1075,low
HASM-03569,32.647,0.931,0.0664,OP-H-069,ST-H-21,0.2218,low
HASM-03570,42.155,1.316,0.0635,OP-H-063,ST-H-10,0.249,low
HASM-03571,58.299,1.335,0.0291,OP-H-101,ST-H-03,0.3446,medium
HASM-03572,47.782,1.176,0.1196,OP-H-025,ST-H-34,0.2621,medium
HASM-03573,38.839,0.827,0.0379,OP-H-091,ST-H-13,0.1251,low
HASM-03574,50.153,1.32,0.1284,OP-H-009,ST-H-28,0.3514,medium
HASM-03575,55.539,0.672,0.1374,OP-H-108,ST-H-04,0.488,medium
HASM-03576,34.7,1.092,0.1852,OP-H-002,ST-H-33,0.3098,medium
HASM-03577,43.515,1.082,0.0741,OP-H-022,ST-H-09,0.1831,low
HASM-03578,42.045,0.922,0.1076,OP-H-177,ST-H-35,0.2447,low
HASM-03579,28.776,0.904,0.0293,OP-H-128,ST-H-07,0.1813,low
HASM-03580,48.035,0.371,0.28,OP-H-066,ST-H-14,0.6928,high
HASM-03581,33.633,0.736,0.0973,OP-H-084,ST-H-08,0.3143,medium
HASM-03582,33.016,0.765,0.0409,OP-H-055,ST-H-22,0.3002,medium
HASM-03583,36.181,0.701,0.0227,OP-H-016,ST-H-22,0.1892,low
HASM-03584,41.997,1.307,0.0263,OP-H-094,ST-H-23,0.1134,low
HASM-03585,64.351,0.617,0.0862,OP-H-030,ST-H-25,0.3975,medium
HASM-03586,39.866,1.179,0.1247,OP-H-064,ST-H-05,0.2249,low
HASM-03587,56.763,1.242,0.0475,OP-H-077,ST-H-03,0.2824,medium
HASM-03588,48.406,1.466,0.2034,OP-H-064,ST-H-22,0.5577,high
HASM-03589,41.615,1.19,0.0871,OP-H-103,ST-H-35,0.1673,low
HASM-03590,34.275,0.904,0.0032,OP-H-144,ST-H-39,0.1166,low
HASM-03591,45.488,0.735,0.1956,OP-H-049,ST-H-02,0.3771,medium
HASM-03592,37.517,1.074,0.034,OP-H-139,ST-H-31,0.146,low
HASM-03593,36.093,0.615,0.0718,OP-H-144,ST-H-26,0.3061,medium
HASM-03594,40.622,1.137,0.0157,OP-H-129,ST-H-04,0.0423,low
HASM-03595,51.485,1.089,0.0775,OP-H-113,ST-H-12,0.2485,low
HASM-03596,22.651,0.941,0.0452,OP-H-013,ST-H-31,0.2424,low
HASM-03597,48.632,0.495,0.1308,OP-H-090,ST-H-02,0.3753,medium
HASM-03598,37.297,0.801,0.0494,OP-H-046,ST-H-39,0.1424,low
HASM-03599,31.54,1.038,0.0602,OP-H-063,ST-H-39,0.2129,low
HASM-03600,41.58,0.831,0.0448,OP-H-059,ST-H-24,0.2124,low
HASM-03601,47.106,0.984,0.0262,OP-H-172,ST-H-31,0.154,low
HASM-03602,30.862,1.416,0.1107,OP-H-090,ST-H-03,0.39,medium
HASM-03603,39.634,1.276,0.0543,OP-H-060,ST-H-05,0.1854,low
HASM-03604,42.223,1.483,0.1244,OP-H-110,ST-H-22,0.3291,medium
HASM-03605,53.544,0.749,0.1192,OP-H-028,ST-H-03,0.3624,medium
HASM-03606,31.889,1.008,0.027,OP-H-161,ST-H-14,0.1697,low
HASM-03607,48.52,1.304,0.1717,OP-H-127,ST-H-35,0.2908,medium
HASM-03608,35.415,1.441,0.0117,OP-H-010,ST-H-09,0.255,medium
HASM-03609,22.835,0.309,0.122,OP-H-095,ST-H-35,0.632,high
HASM-03610,45.796,1.169,0.1446,OP-H-109,ST-H-10,0.2232,low
HASM-03611,41.153,0.484,0.0817,OP-H-109,ST-H-01,0.275,medium
HASM-03612,34.992,0.688,0.0122,OP-H-036,ST-H-37,0.2147,low
HASM-03613,33.047,1.123,0.0475,OP-H-070,ST-H-22,0.2511,medium
HASM-03614,43.463,0.958,0.2436,OP-H-088,ST-H-20,0.3741,medium
HASM-03615,54.346,1.389,0.0136,OP-H-096,ST-H-29,0.2928,medium
HASM-03616,48.918,0.627,0.2075,OP-H-115,ST-H-05,0.5088,high
HASM-03617,43.979,0.646,0.0375,OP-H-086,ST-H-11,0.1945,low
HASM-03618,55.395,0.958,0.0494,OP-H-091,ST-H-16,0.1185,low
HASM-03619,35.516,1.087,0.2599,OP-H-031,ST-H-12,0.3962,medium
HASM-03620,43.566,0.985,0.0287,OP-H-155,ST-H-04,0.0301,low
HASM-03621,36.042,1.287,0.0672,OP-H-086,ST-H-12,0.2522,medium
HASM-03622,54.473,0.988,0.06,OP-H-124,ST-H-32,0.2045,low
HASM-03623,38.875,1.062,0.0136,OP-H-085,ST-H-37,0.0473,low
HASM-03624,44.057,1.299,0.0553,OP-H-004,ST-H-16,0.192,low
HASM-03625,37.582,0.328,0.0311,OP-H-016,ST-H-05,0.3518,medium
HASM-03626,41.903,0.983,0.0279,OP-H-141,ST-H-28,0.0756,low
HASM-03627,71.405,0.825,0.0775,OP-H-041,ST-H-11,0.4333,medium
HASM-03628,37.517,1.06,0.2142,OP-H-143,ST-H-06,0.3362,medium
HASM-03629,36.098,0.752,0.1024,OP-H-180,ST-H-16,0.2222,low
HASM-03630,38.37,0.816,0.023,OP-H-076,ST-H-29,0.1949,low
HASM-03631,30.734,0.867,0.0915,OP-H-154,ST-H-12,0.2483,low
HASM-03632,43.428,1.138,0.0308,OP-H-028,ST-H-18,0.1065,low
HASM-03633,49.818,1.006,0.0726,OP-H-003,ST-H-03,0.1431,low
HASM-03634,38.409,1.14,0.0673,OP-H-087,ST-H-26,0.1811,low
HASM-03635,48.95,1.538,0.075,OP-H-011,ST-H-22,0.3281,medium
HASM-03636,29.232,0.967,0.0266,OP-H-026,ST-H-30,0.1027,low
HASM-03637,32.224,1.066,0.0893,OP-H-157,ST-H-20,0.2447,low
HASM-03638,41.355,1.617,0.0434,OP-H-150,ST-H-21,0.2799,medium
HASM-03639,46.945,1.221,0.0886,OP-H-046,ST-H-36,0.2675,medium
HASM-03640,37.838,1.49,0.0234,OP-H-013,ST-H-12,0.1817,low
HASM-03641,29.857,0.793,0.0826,OP-H-085,ST-H-33,0.3177,medium
HASM-03642,45.683,0.865,0.0322,OP-H-112,ST-H-13,0.1377,low
HASM-03643,50.62,0.985,0.0199,OP-H-067,ST-H-38,0.1094,low
HASM-03644,39.937,1.05,0.1577,OP-H-053,ST-H-02,0.2577,medium
HASM-03645,52.92,0.35,0.2232,OP-H-127,ST-H-25,0.6431,high
HASM-03646,53.127,1.168,0.0352,OP-H-036,ST-H-21,0.2369,low
HASM-03647,34.772,1.024,0.1636,OP-H-057,ST-H-01,0.3227,medium
HASM-03648,43.151,0.84,0.0741,OP-H-097,ST-H-07,0.1064,low
HASM-03649,44.666,0.816,0.1979,OP-H-042,ST-H-40,0.2886,medium
HASM-03650,35.43,1.128,0.0366,OP-H-179,ST-H-28,0.1258,low
HASM-03651,44.116,1.352,0.0153,OP-H-079,ST-H-16,0.1878,low
HASM-03652,35.267,1.222,0.0687,OP-H-160,ST-H-03,0.2481,low
HASM-03653,44.549,0.465,0.0919,OP-H-148,ST-H-20,0.3953,medium
HASM-03654,43.095,0.787,0.0516,OP-H-077,ST-H-17,0.1146,low
HASM-03655,47.195,1.201,0.0175,OP-H-104,ST-H-40,0.1922,low
HASM-03656,39.227,1.254,0.026,OP-H-142,ST-H-02,0.1124,low
HASM-03657,54.226,0.813,0.0454,OP-H-096,ST-H-14,0.2269,low
HASM-03658,35.984,1.366,0.1017,OP-H-094,ST-H-36,0.3188,medium
HASM-03659,43.257,1.224,0.0838,OP-H-067,ST-H-15,0.2015,low
HASM-03660,56.759,0.796,0.0567,OP-H-076,ST-H-11,0.2948,medium
HASM-03661,45.158,1.813,0.0209,OP-H-070,ST-H-39,0.3661,medium
HASM-03662,49.414,1.134,0.0821,OP-H-047,ST-H-09,0.2469,low
HASM-03663,42.568,0.499,0.0398,OP-H-170,ST-H-15,0.2316,low
HASM-03664,41.925,1.022,0.1095,OP-H-168,ST-H-34,0.1604,low
HASM-03665,37.318,0.8,0.0377,OP-H-044,ST-H-22,0.2507,medium
HASM-03666,49.891,0.931,0.1323,OP-H-176,ST-H-18,0.2964,medium
HASM-03667,47.676,1.334,0.0955,OP-H-076,ST-H-18,0.2906,medium
HASM-03668,47.322,1.188,0.28,OP-H-012,ST-H-06,0.5449,high
HASM-03669,22.43,1.175,0.0077,OP-H-100,ST-H-35,0.2192,low
HASM-03670,42.464,1.084,0.002,OP-H-160,ST-H-22,0.0,low
HASM-03671,39.104,0.593,0.0725,OP-H-105,ST-H-40,0.2999,medium
HASM-03672,32.011,0.927,0.0357,OP-H-089,ST-H-15,0.1407,low
HASM-03673,35.438,0.922,0.087,OP-H-105,ST-H-02,0.2274,low
HASM-03674,39.67,0.997,0.0534,OP-H-001,ST-H-23,0.0599,low
HASM-03675,48.014,0.97,0.0429,OP-H-039,ST-H-37,0.0722,low
HASM-03676,48.243,0.744,0.0394,OP-H-155,ST-H-31,0.187,low
HASM-03677,54.33,0.947,0.0568,OP-H-040,ST-H-27,0.1392,low
HASM-03678,44.087,1.403,0.066,OP-H-126,ST-H-24,0.2743,medium
HASM-03679,55.754,1.284,0.0271,OP-H-024,ST-H-38,0.2575,medium
HASM-03680,49.269,0.996,0.1296,OP-H-144,ST-H-07,0.2022,low
HASM-03681,62.648,1.33,0.1,OP-H-141,ST-H-40,0.5113,high
HASM-03682,39.18,1.397,0.0575,OP-H-108,ST-H-19,0.2011,low
HASM-03683,36.189,0.722,0.0889,OP-H-063,ST-H-37,0.2828,medium
HASM-03684,49.268,0.829,0.046,OP-H-090,ST-H-35,0.2442,low
HASM-03685,43.323,0.583,0.0375,OP-H-145,ST-H-13,0.2119,low
HASM-03686,24.65,1.22,0.0812,OP-H-150,ST-H-28,0.2933,medium
HASM-03687,44.213,0.778,0.0427,OP-H-135,ST-H-04,0.1449,low
HASM-03688,34.683,1.189,0.0707,OP-H-047,ST-H-36,0.2405,low
HASM-03689,45.071,1.469,0.03,OP-H-026,ST-H-27,0.2413,low
HASM-03690,46.882,0.889,0.0281,OP-H-121,ST-H-22,0.0862,low
HASM-03691,28.568,0.488,0.0938,OP-H-103,ST-H-33,0.4971,medium
HASM-03692,55.044,0.912,0.0809,OP-H-024,ST-H-32,0.2992,medium
HASM-03693,51.081,0.993,0.2157,OP-H-133,ST-H-23,0.3905,medium
HASM-03694,38.847,1.371,0.0261,OP-H-130,ST-H-20,0.188,low
HASM-03695,23.983,0.971,0.0335,OP-H-144,ST-H-01,0.2379,low
HASM-03696,30.567,0.632,0.0512,OP-H-018,ST-H-11,0.3221,medium
HASM-03697,34.506,1.213,0.0708,OP-H-165,ST-H-37,0.3126,medium
HASM-03698,38.485,0.841,0.0686,OP-H-175,ST-H-16,0.1776,low
HASM-03699,31.299,0.951,0.0396,OP-H-156,ST-H-05,0.1367,low
HASM-03700,45.694,1.079,0.0845,OP-H-038,ST-H-06,0.1985,low
HASM-03701,45.064,1.419,0.0463,OP-H-158,ST-H-33,0.235,low
HASM-03702,23.791,1.548,0.0632,OP-H-134,ST-H-05,0.5034,high
HASM-03703,53.385,0.876,0.1162,OP-H-120,ST-H-10,0.33,medium
HASM-03704,30.432,0.824,0.0683,OP-H-133,ST-H-09,0.2695,medium
HASM-03705,47.519,0.542,0.0675,OP-H-134,ST-H-06,0.2641,medium
HASM-03706,39.309,1.375,0.0755,OP-H-010,ST-H-05,0.1894,low
HASM-03707,48.093,0.618,0.0516,OP-H-167,ST-H-36,0.3001,medium
HASM-03708,31.403,0.774,0.1394,OP-H-124,ST-H-07,0.3887,medium
HASM-03709,34.593,1.132,0.041,OP-H-157,ST-H-11,0.168,low
HASM-03710,45.145,1.365,0.0191,OP-H-173,ST-H-31,0.1697,low
HASM-03711,45.363,0.789,0.0293,OP-H-076,ST-H-40,0.1147,low
HASM-03712,32.207,1.335,0.0296,OP-H-108,ST-H-31,0.3018,medium
HASM-03713,45.655,0.25,0.0931,OP-H-129,ST-H-09,0.5104,high
HASM-03714,24.142,1.087,0.05,OP-H-036,ST-H-14,0.2633,medium
HASM-03715,30.844,1.185,0.0141,OP-H-147,ST-H-35,0.2573,medium
HASM-03716,51.421,0.821,0.0607,OP-H-090,ST-H-14,0.2363,low
HASM-03717,48.547,1.148,0.1191,OP-H-083,ST-H-21,0.3037,medium
HASM-03718,56.029,1.055,0.1626,OP-H-083,ST-H-05,0.2929,medium
HASM-03719,43.249,1.122,0.1501,OP-H-088,ST-H-22,0.2861,medium
HASM-03720,35.558,0.852,0.0283,OP-H-126,ST-H-02,0.1987,low
HASM-03721,41.711,0.786,0.047,OP-H-144,ST-H-27,0.1342,low
HASM-03722,52.243,1.416,0.031,OP-H-119,ST-H-33,0.2219,low
HASM-03723,47.163,1.215,0.2063,OP-H-150,ST-H-05,0.4237,medium
HASM-03724,38.356,0.786,0.0726,OP-H-117,ST-H-18,0.2285,low
HASM-03725,39.666,0.791,0.0914,OP-H-064,ST-H-25,0.2744,medium
HASM-03726,62.977,1.375,0.1173,OP-H-154,ST-H-09,0.5163,high
HASM-03727,32.598,1.282,0.0404,OP-H-138,ST-H-17,0.2813,medium
HASM-03728,41.738,1.082,0.0267,OP-H-061,ST-H-05,0.0216,low
HASM-03729,43.44,1.025,0.0191,OP-H-039,ST-H-08,0.0379,low
HASM-03730,54.39,0.529,0.0117,OP-H-119,ST-H-13,0.2882,medium
HASM-03731,30.423,1.049,0.0443,OP-H-094,ST-H-35,0.173,low
HASM-03732,44.203,1.28,0.0802,OP-H-146,ST-H-24,0.253,medium
HASM-03733,48.339,1.171,0.075,OP-H-114,ST-H-15,0.2397,low
HASM-03734,48.349,0.707,0.0372,OP-H-140,ST-H-34,0.2504,medium
HASM-03735,49.815,0.881,0.0195,OP-H-180,ST-H-20,0.1334,low
HASM-03736,37.796,1.289,0.0229,OP-H-007,ST-H-07,0.1337,low
HASM-03737,31.824,0.595,0.0969,OP-H-172,ST-H-23,0.4245,medium
HASM-03738,36.048,0.842,0.1267,OP-H-121,ST-H-40,0.3745,medium
HASM-03739,40.113,0.843,0.0169,OP-H-087,ST-H-33,0.0976,low
HASM-03740,44.437,0.827,0.1041,OP-H-094,ST-H-12,0.1856,low
HASM-03741,50.342,1.107,0.102,OP-H-095,ST-H-02,0.2329,low
HASM-03742,31.88,0.639,0.0027,OP-H-167,ST-H-25,0.2832,medium
HASM-03743,50.537,1.449,0.0995,OP-H-112,ST-H-06,0.3993,medium
HASM-03744,35.854,0.924,0.0744,OP-H-088,ST-H-07,0.1618,low
HASM-03745,34.419,1.033,0.0053,OP-H-013,ST-H-23,0.0986,low
HASM-03746,42.587,0.908,0.0687,OP-H-176,ST-H-13,0.08,low
HASM-03747,39.04,0.729,0.0581,OP-H-107,ST-H-28,0.2136,low
HASM-03748,43.02,0.712,0.2283,OP-H-159,ST-H-37,0.4549,medium
HASM-03749,35.867,1.012,0.0994,OP-H-039,ST-H-21,0.2198,low
HASM-03750,28.662,1.104,0.1502,OP-H-128,ST-H-35,0.3916,medium
HASM-03751,28.857,0.999,0.0753,OP-H-152,ST-H-33,0.1887,low
HASM-03752,47.951,0.993,0.1146,OP-H-161,ST-H-22,0.2029,low
HASM-03753,32.356,1.129,0.0473,OP-H-069,ST-H-38,0.2786,medium
HASM-03754,46.225,1.186,0.0158,OP-H-172,ST-H-19,0.1386,low
HASM-03755,39.169,0.996,0.042,OP-H-152,ST-H-07,0.0748,low
HASM-03756,25.233,0.567,0.0324,OP-H-122,ST-H-39,0.3777,medium
HASM-03757,49.689,1.067,0.0211,OP-H-111,ST-H-25,0.1471,low
HASM-03758,48.232,0.344,0.178,OP-H-138,ST-H-26,0.5567,high
HASM-03759,44.925,0.817,0.0656,OP-H-111,ST-H-25,0.1114,low
HASM-03760,34.002,1.491,0.1058,OP-H-039,ST-H-40,0.4033,medium
HASM-03761,47.635,0.827,0.0967,OP-H-008,ST-H-01,0.2702,medium
HASM-03762,49.014,1.181,0.0307,OP-H-078,ST-H-24,0.1545,low
HASM-03763,49.288,0.69,0.0075,OP-H-029,ST-H-33,0.2107,low
HASM-03764,42.389,0.823,0.1106,OP-H-121,ST-H-19,0.3242,medium
HASM-03765,25.94,1.022,0.1111,OP-H-034,ST-H-12,0.2912,medium
HASM-03766,21.7,1.429,0.0382,OP-H-099,ST-H-35,0.3629,medium
HASM-03767,29.015,0.983,0.054,OP-H-008,ST-H-21,0.1828,low
HASM-03768,43.087,1.01,0.0317,OP-H-026,ST-H-33,0.0214,low
HASM-03769,34.27,1.196,0.0474,OP-H-098,ST-H-30,0.2493,low
HASM-03770,35.642,0.903,0.0835,OP-H-166,ST-H-02,0.2032,low
HASM-03771,55.78,1.001,0.0797,OP-H-122,ST-H-26,0.2227,low
HASM-03772,38.47,1.385,0.0319,OP-H-031,ST-H-23,0.1798,low
HASM-03773,28.846,1.357,0.0367,OP-H-120,ST-H-30,0.4195,medium
HASM-03774,41.684,1.054,0.0421,OP-H-175,ST-H-05,0.1268,low
HASM-03775,40.275,1.026,0.0569,OP-H-074,ST-H-22,0.1549,low
HASM-03776,44.129,0.953,0.0506,OP-H-057,ST-H-26,0.0685,low
HASM-03777,59.207,1.025,0.0797,OP-H-083,ST-H-13,0.2574,medium
HASM-03778,46.398,0.989,0.0082,OP-H-030,ST-H-31,0.0169,low
HASM-03779,38.395,1.015,0.0202,OP-H-161,ST-H-15,0.1359,low
HASM-03780,42.19,0.964,0.0899,OP-H-091,ST-H-11,0.1634,low
HASM-03781,42.874,0.834,0.0231,OP-H-118,ST-H-32,0.1191,low
HASM-03782,35.943,1.042,0.0373,OP-H-121,ST-H-25,0.1305,low
HASM-03783,40.708,1.156,0.0238,OP-H-151,ST-H-22,0.1274,low
HASM-03784,45.251,0.795,0.039,OP-H-005,ST-H-27,0.1845,low
HASM-03785,43.816,0.725,0.0527,OP-H-178,ST-H-12,0.1633,low
HASM-03786,46.158,1.105,0.043,OP-H-159,ST-H-37,0.185,low
HASM-03787,35.679,0.643,0.0539,OP-H-162,ST-H-13,0.2799,medium
HASM-03788,30.499,1.032,0.0684,OP-H-127,ST-H-03,0.2434,low
HASM-03789,48.758,0.873,0.0426,OP-H-009,ST-H-31,0.116,low
HASM-03790,40.741,1.063,0.1012,OP-H-162,ST-H-40,0.1743,low
HASM-03791,49.337,0.735,0.0735,OP-H-073,ST-H-27,0.3089,medium
HASM-03792,47.138,1.192,0.111,OP-H-148,ST-H-02,0.2595,medium
HASM-03793,40.955,1.116,0.0646,OP-H-068,ST-H-37,0.1763,low
HASM-03794,38.25,0.838,0.0897,OP-H-075,ST-H-16,0.1699,low
HASM-03795,44.68,0.931,0.0423,OP-H-066,ST-H-36,0.1528,low
HASM-03796,54.794,1.173,0.0389,OP-H-087,ST-H-38,0.2341,low
HASM-03797,53.273,0.926,0.0211,OP-H-174,ST-H-30,0.1671,low
HASM-03798,51.841,1.173,0.1493,OP-H-107,ST-H-39,0.3168,medium
HASM-03799,49.943,1.391,0.1612,OP-H-102,ST-H-24,0.3882,medium
HASM-03800,53.326,1.269,0.014,OP-H-143,ST-H-32,0.2325,low
HASM-03801,34.3,1.152,0.0261,OP-H-045,ST-H-08,0.1483,low
HASM-03802,50.018,1.02,0.0111,OP-H-145,ST-H-07,0.1132,low
HASM-03803,37.673,1.01,0.0425,OP-H-124,ST-H-38,0.0413,low
HASM-03804,42.731,0.922,0.0811,OP-H-155,ST-H-14,0.1875,low
HASM-03805,54.649,0.535,0.0774,OP-H-101,ST-H-35,0.3649,medium
HASM-03806,46.392,0.25,0.0411,OP-H-036,ST-H-04,0.4305,medium
HASM-03807,45.566,0.898,0.1802,OP-H-035,ST-H-31,0.2906,medium
HASM-03808,46.885,1.021,0.1888,OP-H-159,ST-H-04,0.2891,medium
HASM-03809,56.674,1.514,0.0956,OP-H-151,ST-H-06,0.4843,medium
HASM-03810,32.061,0.449,0.0839,OP-H-077,ST-H-17,0.3692,medium
HASM-03811,40.017,0.821,0.0192,OP-H-113,ST-H-23,0.0858,low
HASM-03812,37.463,1.276,0.0755,OP-H-052,ST-H-04,0.2772,medium
HASM-03813,37.9,0.945,0.0369,OP-H-044,ST-H-04,0.1179,low
HASM-03814,46.971,0.751,0.0309,OP-H-109,ST-H-24,0.182,low
HASM-03815,52.223,0.693,0.1044,OP-H-060,ST-H-35,0.4418,medium
HASM-03816,42.421,1.18,0.0674,OP-H-030,ST-H-19,0.2167,low
HASM-03817,42.952,1.339,0.0397,OP-H-149,ST-H-20,0.2039,low
HASM-03818,46.204,1.067,0.0306,OP-H-047,ST-H-09,0.137,low
HASM-03819,41.891,1.452,0.0632,OP-H-076,ST-H-06,0.2435,low
HASM-03820,53.451,0.91,0.1913,OP-H-164,ST-H-27,0.374,medium
HASM-03821,38.09,0.714,0.0969,OP-H-092,ST-H-04,0.2642,medium
HASM-03822,51.713,1.273,0.1399,OP-H-176,ST-H-22,0.3498,medium
HASM-03823,37.472,1.095,0.0717,OP-H-143,ST-H-14,0.1617,low
HASM-03824,35.127,0.762,0.0385,OP-H-099,ST-H-27,0.1897,low
HASM-03825,44.709,1.355,0.0343,OP-H-121,ST-H-24,0.3481,medium
HASM-03826,47.887,1.262,0.1562,OP-H-043,ST-H-13,0.3243,medium
HASM-03827,35.737,1.005,0.0709,OP-H-047,ST-H-31,0.1813,low
HASM-03828,48.721,0.854,0.111,OP-H-016,ST-H-35,0.2074,low
HASM-03829,37.937,1.186,0.0376,OP-H-046,ST-H-04,0.1817,low
HASM-03830,38.344,1.047,0.021,OP-H-122,ST-H-19,0.066,low
HASM-03831,33.568,0.312,0.1759,OP-H-172,ST-H-33,0.4821,medium
HASM-03832,36.932,1.146,0.0852,OP-H-100,ST-H-08,0.2056,low
HASM-03833,43.002,1.468,0.1973,OP-H-111,ST-H-21,0.4255,medium
HASM-03834,48.242,1.083,0.0195,OP-H-053,ST-H-36,0.113,low
HASM-03835,39.417,1.543,0.0216,OP-H-005,ST-H-01,0.2928,medium
HASM-03836,15.51,0.884,0.0203,OP-H-033,ST-H-17,0.2353,low
HASM-03837,58.107,0.854,0.0977,OP-H-117,ST-H-35,0.2943,medium
HASM-03838,47.607,0.812,0.0522,OP-H-046,ST-H-34,0.1407,low
HASM-03839,35.36,1.113,0.0159,OP-H-047,ST-H-07,0.1864,low
HASM-03840,45.162,1.169,0.0832,OP-H-129,ST-H-24,0.2586,medium
HASM-03841,60.352,0.936,0.027,OP-H-147,ST-H-09,0.2496,low
HASM-03842,41.065,1.037,0.0553,OP-H-017,ST-H-31,0.0683,low
HASM-03843,40.701,0.715,0.0415,OP-H-177,ST-H-14,0.1649,low
HASM-03844,44.186,0.76,0.0196,OP-H-029,ST-H-18,0.1531,low
HASM-03845,36.389,0.659,0.0326,OP-H-046,ST-H-03,0.2779,medium
HASM-03846,48.974,1.02,0.1622,OP-H-170,ST-H-09,0.3253,medium
HASM-03847,33.042,0.945,0.0525,OP-H-047,ST-H-37,0.1492,low
HASM-03848,12.538,0.573,0.0337,OP-H-091,ST-H-29,0.4817,medium
HASM-03849,24.021,1.222,0.049,OP-H-011,ST-H-25,0.3066,medium
HASM-03850,40.898,0.879,0.0234,OP-H-082,ST-H-13,0.0431,low
HASM-03851,41.62,1.176,0.0813,OP-H-110,ST-H-18,0.1856,low
HASM-03852,34.605,1.093,0.1506,OP-H-147,ST-H-39,0.2864,medium
HASM-03853,62.6,0.485,0.0449,OP-H-068,ST-H-25,0.4781,medium
HASM-03854,47.903,1.121,0.0187,OP-H-024,ST-H-36,0.0624,low
HASM-03855,45.497,0.781,0.0454,OP-H-094,ST-H-27,0.19,low
HASM-03856,37.089,1.039,0.0485,OP-H-033,ST-H-09,0.1378,low
HASM-03857,33.701,1.155,0.047,OP-H-133,ST-H-08,0.1816,low
HASM-03858,36.045,1.013,0.0782,OP-H-034,ST-H-12,0.133,low
HASM-03859,52.845,1.183,0.0348,OP-H-128,ST-H-04,0.2199,low
HASM-03860,39.166,1.124,0.0868,OP-H-080,ST-H-34,0.1251,low
HASM-03861,47.65,1.175,0.0226,OP-H-142,ST-H-30,0.2066,low
HASM-03862,52.725,1.166,0.1032,OP-H-079,ST-H-01,0.2503,medium
HASM-03863,66.722,0.869,0.0263,OP-H-052,ST-H-10,0.233,low
HASM-03864,46.484,1.346,0.1502,OP-H-119,ST-H-32,0.4147,medium
HASM-03865,48.065,0.614,0.123,OP-H-163,ST-H-21,0.3504,medium
HASM-03866,41.977,1.066,0.0955,OP-H-171,ST-H-35,0.1226,low
HASM-03867,55.461,1.281,0.1332,OP-H-124,ST-H-32,0.4247,medium
HASM-03868,32.905,0.741,0.0315,OP-H-094,ST-H-27,0.2312,low
HASM-03869,30.829,0.57,0.1674,OP-H-068,ST-H-21,0.5174,high
HASM-03870,33.559,1.11,0.116,OP-H-130,ST-H-07,0.2453,low
HASM-03871,57.133,0.975,0.1327,OP-H-100,ST-H-40,0.3359,medium
HASM-03872,35.556,0.734,0.0862,OP-H-130,ST-H-18,0.3113,medium
HASM-03873,51.424,0.749,0.0677,OP-H-168,ST-H-39,0.2812,medium
HASM-03874,42.175,0.743,0.0313,OP-H-137,ST-H-19,0.1157,low
HASM-03875,36.302,0.456,0.051,OP-H-073,ST-H-36,0.316,medium
HASM-03876,60.332,1.028,0.0549,OP-H-107,ST-H-13,0.2249,low
HASM-03877,39.344,0.793,0.2106,OP-H-148,ST-H-16,0.4503,medium
HASM-03878,27.229,1.197,0.117,OP-H-057,ST-H-18,0.3771,medium
HASM-03879,49.362,1.001,0.0647,OP-H-167,ST-H-25,0.1459,low
HASM-03880,38.536,0.954,0.0405,OP-H-136,ST-H-04,0.1188,low
HASM-03881,33.606,1.077,0.0505,OP-H-001,ST-H-31,0.1762,low
HASM-03882,41.003,0.777,0.0379,OP-H-110,ST-H-28,0.1925,low
HASM-03883,42.934,1.463,0.0573,OP-H-053,ST-H-38,0.1721,low
HASM-03884,47.853,1.162,0.0473,OP-H-157,ST-H-39,0.1752,low
HASM-03885,58.893,0.971,0.057,OP-H-060,ST-H-07,0.2183,low
HASM-03886,48.75,1.278,0.0351,OP-H-029,ST-H-40,0.2529,medium
HASM-03887,28.89,1.031,0.2245,OP-H-166,ST-H-16,0.451,medium
HASM-03888,39.547,0.757,0.1042,OP-H-176,ST-H-38,0.2634,medium
HASM-03889,27.94,1.128,0.0181,OP-H-138,ST-H-31,0.2542,medium
HASM-03890,25.145,0.968,0.1083,OP-H-154,ST-H-38,0.3422,medium
HASM-03891,53.772,0.993,0.0563,OP-H-005,ST-H-13,0.1952,low
HASM-03892,40.092,0.432,0.28,OP-H-015,ST-H-09,0.7135,high
HASM-03893,54.094,0.924,0.0595,OP-H-146,ST-H-27,0.2575,medium
HASM-03894,54.581,0.974,0.0804,OP-H-161,ST-H-24,0.2426,low
HASM-03895,39.973,0.93,0.1066,OP-H-134,ST-H-15,0.1785,low
HASM-03896,36.484,1.121,0.0689,OP-H-017,ST-H-30,0.1988,low
HASM-03897,44.166,1.293,0.0244,OP-H-173,ST-H-14,0.1147,low
HASM-03898,53.888,0.885,0.0257,OP-H-173,ST-H-10,0.2044,low
HASM-03899,48.153,0.781,0.0606,OP-H-159,ST-H-31,0.1957,low
HASM-03900,35.636,0.551,0.0391,OP-H-099,ST-H-29,0.2368,low
HASM-03901,41.426,1.134,0.0661,OP-H-016,ST-H-39,0.1664,low
HASM-03902,39.664,0.903,0.1149,OP-H-083,ST-H-06,0.1619,low
HASM-03903,35.146,0.993,0.0646,OP-H-101,ST-H-35,0.2547,medium
HASM-03904,66.936,1.217,0.0135,OP-H-168,ST-H-17,0.3254,medium
HASM-03905,42.084,0.671,0.0625,OP-H-104,ST-H-12,0.2414,low
HASM-03906,33.946,0.908,0.0168,OP-H-122,ST-H-22,0.1544,low
HASM-03907,55.781,0.415,0.0447,OP-H-059,ST-H-09,0.403,medium
HASM-03908,57.064,1.224,0.0542,OP-H-097,ST-H-04,0.3321,medium
HASM-03909,44.566,0.964,0.0572,OP-H-050,ST-H-23,0.1265,low
HASM-03910,56.201,1.253,0.1284,OP-H-034,ST-H-22,0.4065,medium
HASM-03911,39.758,0.635,0.04,OP-H-009,ST-H-39,0.2462,low
HASM-03912,50.067,1.124,0.0591,OP-H-137,ST-H-34,0.2055,low
HASM-03913,35.649,0.807,0.0132,OP-H-171,ST-H-22,0.0883,low
HASM-03914,48.546,1.048,0.0457,OP-H-103,ST-H-11,0.1498,low
HASM-03915,29.441,0.717,0.1169,OP-H-045,ST-H-30,0.3734,medium
HASM-03916,51.561,0.79,0.0207,OP-H-142,ST-H-40,0.1337,low
HASM-03917,44.874,1.314,0.1408,OP-H-176,ST-H-09,0.3681,medium
HASM-03918,39.608,0.904,0.0938,OP-H-160,ST-H-08,0.1948,low
HASM-03919,29.699,0.969,0.0332,OP-H-148,ST-H-19,0.1908,low
HASM-03920,48.797,1.411,0.0096,OP-H-140,ST-H-19,0.2922,medium
HASM-03921,52.681,0.583,0.0623,OP-H-026,ST-H-18,0.2894,medium
HASM-03922,36.206,0.579,0.1249,OP-H-023,ST-H-06,0.4278,medium
HASM-03923,52.795,0.723,0.0096,OP-H-066,ST-H-13,0.2369,low
HASM-03924,38.571,0.825,0.0966,OP-H-174,ST-H-29,0.2542,medium
HASM-03925,35.219,0.859,0.1014,OP-H-079,ST-H-23,0.2227,low
HASM-03926,37.391,0.903,0.0661,OP-H-092,ST-H-21,0.1519,low
HASM-03927,35.172,1.2,0.0522,OP-H-091,ST-H-14,0.2398,low
HASM-03928,52.564,0.767,0.0332,OP-H-055,ST-H-30,0.2209,low
HASM-03929,50.024,0.704,0.0774,OP-H-172,ST-H-18,0.3659,medium
HASM-03930,40.291,0.919,0.015,OP-H-014,ST-H-23,0.0359,low
HASM-03931,45.148,0.735,0.078,OP-H-038,ST-H-24,0.2227,low
HASM-03932,39.501,0.805,0.0478,OP-H-135,ST-H-09,0.2191,low
HASM-03933,48.812,0.909,0.0415,OP-H-122,ST-H-26,0.2054,low
HASM-03934,42.408,0.952,0.0595,OP-H-177,ST-H-06,0.0917,low
HASM-03935,40.06,1.183,0.077,OP-H-055,ST-H-36,0.1715,low
HASM-03936,35.647,0.617,0.0401,OP-H-017,ST-H-11,0.3358,medium
HASM-03937,48.382,1.185,0.0444,OP-H-086,ST-H-30,0.1701,low
HASM-03938,41.839,1.031,0.0616,OP-H-013,ST-H-40,0.1321,low
HASM-03939,35.487,0.898,0.0332,OP-H-058,ST-H-15,0.1262,low
HASM-03940,25.891,0.624,0.066,OP-H-026,ST-H-02,0.3635,medium
HASM-03941,36.427,1.061,0.131,OP-H-058,ST-H-28,0.3067,medium
HASM-03942,41.043,1.07,0.0492,OP-H-154,ST-H-12,0.0683,low
HASM-03943,31.142,1.27,0.1406,OP-H-009,ST-H-39,0.4226,medium
HASM-03944,21.477,1.212,0.0435,OP-H-099,ST-H-26,0.3447,medium
HASM-03945,40.85,0.742,0.0747,OP-H-025,ST-H-32,0.2624,medium
HASM-03946,36.266,1.223,0.0944,OP-H-001,ST-H-26,0.2793,medium
HASM-03947,38.305,0.843,0.0476,OP-H-143,ST-H-18,0.0676,low
HASM-03948,52.838,1.103,0.1207,OP-H-084,ST-H-39,0.2823,medium
HASM-03949,38.105,0.758,0.1748,OP-H-081,ST-H-16,0.3576,medium
HASM-03950,46.672,1.012,0.1125,OP-H-042,ST-H-30,0.1621,low
HASM-03951,41.761,0.771,0.0557,OP-H-124,ST-H-18,0.2146,low
HASM-03952,45.192,0.769,0.0368,OP-H-001,ST-H-37,0.1576,low
HASM-03953,34.504,0.392,0.0544,OP-H-075,ST-H-37,0.3264,medium
HASM-03954,58.996,1.218,0.0795,OP-H-163,ST-H-21,0.3543,medium
HASM-03955,57.498,0.723,0.0988,OP-H-004,ST-H-30,0.3085,medium
HASM-03956,27.668,0.696,0.0318,OP-H-023,ST-H-17,0.2771,medium
HASM-03957,23.92,0.722,0.0967,OP-H-106,ST-H-32,0.4057,medium
HASM-03958,37.082,0.372,0.0772,OP-H-034,ST-H-05,0.3938,medium
HASM-03959,38.916,0.923,0.154,OP-H-060,ST-H-21,0.3102,medium
HASM-03960,40.743,1.112,0.0611,OP-H-064,ST-H-14,0.1282,low
HASM-03961,44.534,1.066,0.0999,OP-H-170,ST-H-38,0.1388,low
HASM-03962,48.017,1.048,0.0638,OP-H-058,ST-H-29,0.1866,low
HASM-03963,27.015,0.944,0.1752,OP-H-048,ST-H-08,0.4373,medium
HASM-03964,37.475,0.805,0.0777,OP-H-163,ST-H-16,0.207,low
HASM-03965,51.708,0.945,0.2698,OP-H-039,ST-H-08,0.4655,medium
HASM-03966,35.215,0.835,0.0633,OP-H-153,ST-H-24,0.114,low
HASM-03967,37.715,0.874,0.0225,OP-H-066,ST-H-33,0.148,low
HASM-03968,47.75,1.552,0.0459,OP-H-067,ST-H-13,0.3593,medium
HASM-03969,30.557,0.663,0.0293,OP-H-096,ST-H-04,0.2491,low
HASM-03970,30.349,0.805,0.0669,OP-H-005,ST-H-22,0.2559,medium
HASM-03971,33.834,0.978,0.1066,OP-H-150,ST-H-39,0.2448,low
HASM-03972,38.197,0.536,0.0782,OP-H-117,ST-H-40,0.289,medium
HASM-03973,29.777,1.059,0.1141,OP-H-071,ST-H-19,0.2901,medium
HASM-03974,42.543,1.263,0.07,OP-H-173,ST-H-06,0.2215,low
HASM-03975,36.855,0.951,0.1055,OP-H-121,ST-H-28,0.1845,low
HASM-03976,41.475,0.946,0.0977,OP-H-154,ST-H-02,0.187,low
HASM-03977,29.629,1.188,0.0609,OP-H-162,ST-H-35,0.3065,medium
HASM-03978,56.21,1.234,0.0387,OP-H-171,ST-H-34,0.2456,low
HASM-03979,40.024,1.23,0.0075,OP-H-148,ST-H-07,0.166,low
HASM-03980,29.538,0.544,0.0522,OP-H-070,ST-H-33,0.4021,medium
HASM-03981,45.362,0.89,0.0423,OP-H-022,ST-H-27,0.0387,low
HASM-03982,46.19,0.854,0.1479,OP-H-110,ST-H-32,0.3512,medium
HASM-03983,47.417,1.277,0.0221,OP-H-041,ST-H-24,0.1381,low
HASM-03984,75.0,1.386,0.0775,OP-H-076,ST-H-35,0.6173,high
HASM-03985,61.255,0.358,0.0415,OP-H-022,ST-H-28,0.5659,high
HASM-03986,48.442,1.307,0.0368,OP-H-166,ST-H-03,0.1875,low
HASM-03987,34.977,1.399,0.1371,OP-H-124,ST-H-36,0.4062,medium
HASM-03988,49.677,0.486,0.031,OP-H-046,ST-H-33,0.3677,medium
HASM-03989,61.326,1.46,0.0492,OP-H-103,ST-H-21,0.3888,medium
HASM-03990,46.734,1.147,0.0246,OP-H-022,ST-H-05,0.1673,low
HASM-03991,60.294,1.092,0.0094,OP-H-163,ST-H-19,0.185,low
HASM-03992,36.454,1.252,0.0722,OP-H-028,ST-H-14,0.2311,low
HASM-03993,57.2,1.174,0.1175,OP-H-132,ST-H-38,0.3119,medium
HASM-03994,53.849,1.274,0.0457,OP-H-154,ST-H-18,0.1935,low
HASM-03995,35.803,1.398,0.0125,OP-H-138,ST-H-40,0.2737,medium
HASM-03996,35.636,0.861,0.0399,OP-H-117,ST-H-23,0.1164,low
HASM-03997,35.455,1.113,0.0653,OP-H-072,ST-H-34,0.2048,low
HASM-03998,53.183,1.041,0.0664,OP-H-142,ST-H-05,0.2444,low
HASM-03999,53.198,1.153,0.13,OP-H-177,ST-H-07,0.3249,medium
HASM-04000,46.984,1.128,0.1016,OP-H-085,ST-H-29,0.3047,medium
HASM-04001,46.158,0.7,0.0827,OP-H-106,ST-H-40,0.2643,medium
HASM-04002,48.71,0.648,0.0186,OP-H-041,ST-H-30,0.1935,low
HASM-04003,48.068,1.149,0.0313,OP-H-124,ST-H-12,0.1793,low
HASM-04004,41.558,1.125,0.1092,OP-H-086,ST-H-07,0.2044,low
HASM-04005,47.83,0.98,0.1025,OP-H-175,ST-H-39,0.2062,low
HASM-04006,38.769,0.456,0.0677,OP-H-070,ST-H-38,0.3119,medium
HASM-04007,55.16,1.152,0.009,OP-H-167,ST-H-08,0.2269,low
HASM-04008,44.692,1.106,0.0815,OP-H-107,ST-H-19,0.1544,low
HASM-04009,32.878,1.088,0.1467,OP-H-131,ST-H-09,0.3203,medium
HASM-04010,33.022,0.507,0.0469,OP-H-091,ST-H-14,0.3083,medium
HASM-04011,32.368,1.54,0.2076,OP-H-172,ST-H-32,0.5629,high
HASM-04012,46.4,0.929,0.0478,OP-H-051,ST-H-07,0.124,low
HASM-04013,33.925,0.934,0.0167,OP-H-149,ST-H-30,0.0615,low
HASM-04014,34.2,0.487,0.029,OP-H-056,ST-H-01,0.2371,low
HASM-04015,37.339,0.933,0.1087,OP-H-024,ST-H-25,0.2128,low
HASM-04016,43.874,1.056,0.0279,OP-H-021,ST-H-23,0.0737,low
HASM-04017,48.729,1.443,0.0408,OP-H-072,ST-H-36,0.3222,medium
HASM-04018,44.926,0.985,0.1596,OP-H-154,ST-H-23,0.3062,medium
HASM-04019,47.344,1.09,0.0675,OP-H-098,ST-H-02,0.1896,low
HASM-04020,52.987,1.543,0.0732,OP-H-105,ST-H-31,0.4312,medium
HASM-04021,40.338,0.921,0.0576,OP-H-105,ST-H-26,0.1525,low
HASM-04022,37.826,1.684,0.1061,OP-H-008,ST-H-05,0.4759,medium
HASM-04023,32.407,1.633,0.0129,OP-H-134,ST-H-31,0.3808,medium
HASM-04024,35.372,0.788,0.0442,OP-H-077,ST-H-31,0.2784,medium
HASM-04025,48.859,0.742,0.0352,OP-H-019,ST-H-18,0.1609,low
HASM-04026,49.65,0.361,0.0185,OP-H-093,ST-H-05,0.3911,medium
HASM-04027,63.175,0.813,0.0707,OP-H-006,ST-H-06,0.3642,medium
HASM-04028,39.07,0.758,0.0979,OP-H-125,ST-H-31,0.2939,medium
HASM-04029,39.302,0.872,0.1443,OP-H-011,ST-H-14,0.2631,medium
HASM-04030,36.652,1.107,0.0145,OP-H-042,ST-H-17,0.0741,low
HASM-04031,51.933,1.294,0.0363,OP-H-010,ST-H-34,0.3101,medium
HASM-04032,33.685,0.857,0.1831,OP-H-149,ST-H-07,0.4565,medium
HASM-04033,55.129,0.521,0.1538,OP-H-078,ST-H-25,0.4447,medium
HASM-04034,45.395,1.148,0.1343,OP-H-120,ST-H-17,0.2753,medium
HASM-04035,33.341,0.463,0.0484,OP-H-060,ST-H-26,0.372,medium
HASM-04036,37.128,0.903,0.081,OP-H-046,ST-H-33,0.168,low
HASM-04037,46.988,1.077,0.0208,OP-H-036,ST-H-17,0.1083,low
HASM-04038,53.068,1.048,0.0506,OP-H-155,ST-H-30,0.271,medium
HASM-04039,30.053,1.282,0.0184,OP-H-066,ST-H-30,0.2793,medium
HASM-04040,33.968,0.408,0.0481,OP-H-019,ST-H-12,0.2917,medium
HASM-04041,33.07,0.803,0.0499,OP-H-137,ST-H-25,0.2187,low
HASM-04042,46.211,0.87,0.1279,OP-H-094,ST-H-11,0.2335,low
HASM-04043,39.973,0.897,0.1265,OP-H-065,ST-H-19,0.2106,low
HASM-04044,42.061,0.848,0.0061,OP-H-049,ST-H-25,0.0884,low
HASM-04045,39.779,0.905,0.0898,OP-H-090,ST-H-37,0.1012,low
HASM-04046,45.595,1.088,0.0332,OP-H-078,ST-H-16,0.0825,low
HASM-04047,62.346,0.754,0.0301,OP-H-062,ST-H-08,0.2894,medium
HASM-04048,47.702,0.937,0.1148,OP-H-015,ST-H-12,0.2341,low
HASM-04049,25.359,1.189,0.2181,OP-H-067,ST-H-09,0.5436,high
HASM-04050,35.729,0.69,0.0065,OP-H-021,ST-H-12,0.214,low
HASM-04051,47.757,1.218,0.0632,OP-H-103,ST-H-18,0.1948,low
HASM-04052,46.01,1.17,0.0101,OP-H-010,ST-H-29,0.1635,low
HASM-04053,33.927,0.671,0.0195,OP-H-171,ST-H-25,0.2965,medium
HASM-04054,35.907,0.655,0.0853,OP-H-173,ST-H-31,0.2305,low
HASM-04055,39.114,0.696,0.008,OP-H-161,ST-H-16,0.1588,low
HASM-04056,39.651,1.167,0.0305,OP-H-133,ST-H-25,0.1324,low
HASM-04057,47.301,1.36,0.0311,OP-H-117,ST-H-37,0.223,low
HASM-04058,24.823,1.488,0.0516,OP-H-140,ST-H-28,0.498,medium
HASM-04059,36.184,1.053,0.0617,OP-H-161,ST-H-35,0.1538,low
HASM-04060,33.462,0.782,0.0351,OP-H-097,ST-H-27,0.2762,medium
HASM-04061,49.488,1.193,0.0311,OP-H-009,ST-H-33,0.1073,low
HASM-04062,41.894,1.016,0.1667,OP-H-031,ST-H-17,0.2476,low
HASM-04063,52.596,1.03,0.0239,OP-H-091,ST-H-03,0.2083,low
HASM-04064,25.561,1.206,0.0576,OP-H-084,ST-H-24,0.3676,medium
HASM-04065,37.328,1.466,0.0837,OP-H-008,ST-H-09,0.3497,medium
HASM-04066,43.295,1.03,0.009,OP-H-057,ST-H-40,0.0307,low
HASM-04067,36.773,0.287,0.0407,OP-H-156,ST-H-04,0.3282,medium
HASM-04068,32.212,1.29,0.0941,OP-H-081,ST-H-23,0.2519,medium
HASM-04069,44.28,1.05,0.0264,OP-H-038,ST-H-35,0.0,low
HASM-04070,43.519,1.034,0.0218,OP-H-081,ST-H-23,0.0497,low
HASM-04071,39.215,0.778,0.0642,OP-H-177,ST-H-38,0.278,medium
HASM-04072,29.89,1.133,0.1113,OP-H-110,ST-H-18,0.3341,medium
HASM-04073,49.655,1.328,0.0714,OP-H-031,ST-H-27,0.3114,medium
HASM-04074,43.194,0.98,0.079,OP-H-142,ST-H-40,0.1254,low
HASM-04075,49.493,1.018,0.0518,OP-H-035,ST-H-03,0.1112,low
HASM-04076,34.925,0.965,0.0895,OP-H-075,ST-H-38,0.1907,low
HASM-04077,45.887,1.034,0.0193,OP-H-019,ST-H-17,0.0598,low
HASM-04078,37.567,0.984,0.0209,OP-H-081,ST-H-39,0.1025,low
HASM-04079,35.053,0.986,0.0238,OP-H-051,ST-H-26,0.0468,low
HASM-04080,31.91,0.539,0.0195,OP-H-159,ST-H-32,0.3081,medium
HASM-04081,56.931,0.837,0.1157,OP-H-126,ST-H-22,0.3003,medium
HASM-04082,31.64,1.233,0.0149,OP-H-016,ST-H-19,0.2738,medium
HASM-04083,13.984,1.215,0.0071,OP-H-180,ST-H-18,0.2888,medium
HASM-04084,49.005,1.01,0.0451,OP-H-068,ST-H-02,0.1864,low
HASM-04085,47.749,0.81,0.0703,OP-H-005,ST-H-33,0.2466,low
HASM-04086,43.565,1.052,0.0794,OP-H-065,ST-H-36,0.1269,low
HASM-04087,39.591,0.63,0.0895,OP-H-172,ST-H-25,0.2886,medium
HASM-04088,48.221,0.893,0.2461,OP-H-178,ST-H-24,0.3964,medium
HASM-04089,46.253,0.951,0.0615,OP-H-159,ST-H-21,0.1307,low
HASM-04090,36.459,1.03,0.082,OP-H-085,ST-H-34,0.2119,low
HASM-04091,42.127,0.98,0.0635,OP-H-152,ST-H-31,0.0459,low
HASM-04092,43.941,0.911,0.0171,OP-H-038,ST-H-06,0.093,low
HASM-04093,40.746,1.224,0.018,OP-H-123,ST-H-10,0.1227,low
HASM-04094,47.053,1.34,0.0634,OP-H-112,ST-H-24,0.3368,medium
HASM-04095,43.847,1.416,0.0696,OP-H-032,ST-H-09,0.2501,medium
HASM-04096,41.034,1.284,0.0357,OP-H-006,ST-H-27,0.1668,low
HASM-04097,36.502,0.984,0.0123,OP-H-094,ST-H-39,0.0658,low
HASM-04098,55.416,0.264,0.0721,OP-H-120,ST-H-15,0.5077,high
HASM-04099,58.779,0.699,0.0653,OP-H-160,ST-H-10,0.3573,medium
HASM-04100,34.458,1.105,0.2214,OP-H-126,ST-H-06,0.4901,medium
HASM-04101,37.491,1.213,0.0248,OP-H-126,ST-H-23,0.1589,low
HASM-04102,30.639,1.061,0.1191,OP-H-035,ST-H-10,0.2464,low
HASM-04103,34.74,1.047,0.073,OP-H-168,ST-H-13,0.1959,low
HASM-04104,44.401,0.844,0.0285,OP-H-003,ST-H-07,0.1238,low
HASM-04105,59.203,0.773,0.062,OP-H-039,ST-H-22,0.3382,medium
HASM-04106,51.238,1.215,0.1706,OP-H-091,ST-H-33,0.4255,medium
HASM-04107,51.753,1.223,0.0619,OP-H-087,ST-H-18,0.2452,low
HASM-04108,40.628,1.142,0.0726,OP-H-102,ST-H-04,0.1674,low
HASM-04109,42.603,0.524,0.1886,OP-H-158,ST-H-05,0.4493,medium
HASM-04110,41.763,1.18,0.0602,OP-H-154,ST-H-26,0.1969,low
HASM-04111,29.495,1.118,0.0641,OP-H-092,ST-H-05,0.204,low
HASM-04112,26.944,1.001,0.0182,OP-H-011,ST-H-02,0.1188,low
HASM-04113,43.57,1.195,0.0461,OP-H-086,ST-H-40,0.1859,low
HASM-04114,45.13,0.924,0.0464,OP-H-031,ST-H-16,0.103,low
HASM-04115,47.082,0.626,0.0336,OP-H-123,ST-H-25,0.2751,medium
HASM-04116,37.358,1.475,0.0283,OP-H-143,ST-H-04,0.2985,medium
HASM-04117,41.902,0.976,0.0568,OP-H-050,ST-H-21,0.0,low
HASM-04118,42.959,0.889,0.0332,OP-H-111,ST-H-38,0.1514,low
HASM-04119,46.586,0.718,0.0739,OP-H-171,ST-H-34,0.3107,medium
HASM-04120,45.441,0.926,0.0569,OP-H-159,ST-H-05,0.1432,low
HASM-04121,51.207,1.187,0.0334,OP-H-024,ST-H-25,0.2244,low
HASM-04122,39.558,0.926,0.1703,OP-H-081,ST-H-34,0.2329,low
HASM-04123,47.301,0.749,0.0482,OP-H-029,ST-H-12,0.2376,low
HASM-04124,44.078,1.565,0.0659,OP-H-011,ST-H-15,0.3583,medium
HASM-04125,42.199,1.191,0.0509,OP-H-156,ST-H-31,0.1432,low
HASM-04126,53.458,1.163,0.0734,OP-H-130,ST-H-39,0.2755,medium
HASM-04127,47.177,0.734,0.0529,OP-H-143,ST-H-39,0.2366,low
HASM-04128,32.944,0.905,0.1568,OP-H-033,ST-H-09,0.3006,medium
HASM-04129,36.239,1.225,0.0892,OP-H-156,ST-H-17,0.2511,medium
HASM-04130,34.457,1.423,0.0534,OP-H-014,ST-H-33,0.3506,medium
HASM-04131,34.527,0.614,0.0689,OP-H-177,ST-H-30,0.327,medium
HASM-04132,45.776,0.904,0.0714,OP-H-094,ST-H-17,0.1402,low
HASM-04133,34.963,1.037,0.0561,OP-H-104,ST-H-29,0.0962,low
HASM-04134,48.43,0.601,0.048,OP-H-047,ST-H-05,0.2378,low
HASM-04135,45.321,1.011,0.0408,OP-H-085,ST-H-06,0.0953,low
HASM-04136,56.775,0.831,0.0554,OP-H-169,ST-H-10,0.3131,medium
HASM-04137,43.473,0.509,0.0789,OP-H-096,ST-H-35,0.3873,medium
HASM-04138,54.313,0.607,0.1112,OP-H-036,ST-H-05,0.4197,medium
HASM-04139,37.178,0.549,0.0673,OP-H-073,ST-H-01,0.3314,medium
HASM-04140,36.933,1.39,0.0203,OP-H-094,ST-H-31,0.2545,medium
HASM-04141,44.824,0.99,0.0881,OP-H-038,ST-H-18,0.1204,low
HASM-04142,43.775,0.906,0.0352,OP-H-134,ST-H-25,0.0672,low
HASM-04143,35.117,1.054,0.0778,OP-H-020,ST-H-20,0.2004,low
HASM-04144,41.894,1.041,0.0575,OP-H-090,ST-H-22,0.0664,low
HASM-04145,57.289,1.281,0.1677,OP-H-168,ST-H-32,0.468,medium
HASM-04146,21.734,1.077,0.1418,OP-H-027,ST-H-17,0.4373,medium
HASM-04147,20.237,1.328,0.0425,OP-H-142,ST-H-39,0.4327,medium
HASM-04148,54.152,0.346,0.1827,OP-H-141,ST-H-25,0.5366,high
HASM-04149,34.814,0.97,0.0787,OP-H-019,ST-H-11,0.1778,low
HASM-04150,26.265,1.039,0.0361,OP-H-164,ST-H-16,0.2064,low
HASM-04151,38.567,0.824,0.0654,OP-H-145,ST-H-07,0.1405,low
HASM-04152,42.523,0.904,0.0601,OP-H-172,ST-H-31,0.1547,low
HASM-04153,38.774,1.107,0.1185,OP-H-107,ST-H-11,0.2511,medium
HASM-04154,46.689,0.7,0.0668,OP-H-050,ST-H-15,0.2573,medium
HASM-04155,28.81,0.771,0.0131,OP-H-158,ST-H-36,0.2186,low
HASM-04156,28.555,1.013,0.0878,OP-H-156,ST-H-21,0.2794,medium
HASM-04157,43.087,1.018,0.0075,OP-H-118,ST-H-03,0.0954,low
HASM-04158,51.032,0.694,0.0654,OP-H-079,ST-H-38,0.245,low
HASM-04159,40.914,0.483,0.0065,OP-H-145,ST-H-19,0.2306,low
HASM-04160,23.859,1.156,0.1249,OP-H-010,ST-H-27,0.406,medium
HASM-04161,41.728,0.858,0.087,OP-H-010,ST-H-13,0.1858,low
HASM-04162,58.646,1.461,0.033,OP-H-139,ST-H-34,0.3536,medium
HASM-04163,38.821,1.026,0.1048,OP-H-179,ST-H-04,0.2111,low
HASM-04164,37.955,1.076,0.0461,OP-H-148,ST-H-33,0.1349,low
HASM-04165,33.982,0.516,0.0718,OP-H-107,ST-H-07,0.3529,medium
HASM-04166,43.096,1.649,0.0432,OP-H-130,ST-H-29,0.2744,medium
HASM-04167,42.301,1.143,0.0322,OP-H-121,ST-H-11,0.0668,low
HASM-04168,37.075,1.032,0.0351,OP-H-018,ST-H-33,0.1386,low
HASM-04169,40.389,1.142,0.02,OP-H-056,ST-H-30,0.0875,low
HASM-04170,29.975,1.606,0.0682,OP-H-025,ST-H-32,0.441,medium
HASM-04171,38.86,0.732,0.0284,OP-H-055,ST-H-38,0.2126,low
HASM-04172,27.089,1.152,0.076,OP-H-059,ST-H-07,0.2903,medium
HASM-04173,29.957,0.721,0.1741,OP-H-007,ST-H-39,0.4259,medium
HASM-04174,30.569,0.791,0.0673,OP-H-063,ST-H-28,0.4083,medium
HASM-04175,36.54,0.626,0.0579,OP-H-151,ST-H-07,0.2596,medium
HASM-04176,51.961,0.576,0.0759,OP-H-105,ST-H-11,0.3175,medium
HASM-04177,33.544,0.639,0.0384,OP-H-098,ST-H-09,0.3214,medium
HASM-04178,39.335,0.789,0.1558,OP-H-050,ST-H-02,0.3096,medium
HASM-04179,51.033,0.605,0.1045,OP-H-030,ST-H-18,0.3353,medium
HASM-04180,33.361,0.879,0.1078,OP-H-038,ST-H-17,0.238,low
HASM-04181,58.596,0.854,0.0793,OP-H-098,ST-H-15,0.2803,medium
HASM-04182,58.327,0.72,0.053,OP-H-125,ST-H-26,0.3373,medium
HASM-04183,32.571,0.789,0.0328,OP-H-136,ST-H-35,0.1982,low
HASM-04184,61.285,0.69,0.0223,OP-H-084,ST-H-19,0.4018,medium
HASM-04185,39.709,0.838,0.0496,OP-H-158,ST-H-06,0.1831,low
HASM-04186,48.304,0.904,0.0775,OP-H-110,ST-H-13,0.2265,low
HASM-04187,49.014,1.213,0.0863,OP-H-051,ST-H-17,0.292,medium
HASM-04188,59.76,0.946,0.0851,OP-H-018,ST-H-21,0.3313,medium
HASM-04189,57.584,1.074,0.0325,OP-H-158,ST-H-04,0.2278,low
HASM-04190,45.033,0.609,0.0373,OP-H-048,ST-H-35,0.1957,low
HASM-04191,25.336,1.408,0.0605,OP-H-076,ST-H-29,0.3942,medium
HASM-04192,62.565,0.319,0.0952,OP-H-019,ST-H-16,0.5626,high
HASM-04193,44.316,0.647,0.1503,OP-H-032,ST-H-13,0.3458,medium
HASM-04194,39.148,0.977,0.0573,OP-H-050,ST-H-35,0.0941,low
HASM-04195,44.799,1.417,0.1166,OP-H-164,ST-H-14,0.3512,medium
HASM-04196,43.801,1.233,0.0896,OP-H-073,ST-H-06,0.2846,medium
HASM-04197,40.752,1.072,0.0707,OP-H-124,ST-H-29,0.0651,low
HASM-04198,52.29,0.787,0.0373,OP-H-079,ST-H-40,0.142,low
HASM-04199,18.142,1.126,0.017,OP-H-115,ST-H-37,0.2694,medium
HASM-04200,37.22,1.253,0.1062,OP-H-067,ST-H-06,0.2684,medium
HASM-04201,35.525,0.719,0.017,OP-H-089,ST-H-04,0.1462,low
HASM-04202,53.625,0.786,0.0146,OP-H-102,ST-H-03,0.233,low
HASM-04203,37.098,0.863,0.0718,OP-H-039,ST-H-39,0.1701,low
HASM-04204,40.052,1.139,0.1361,OP-H-092,ST-H-10,0.2283,low
HASM-04205,38.309,0.549,0.0786,OP-H-156,ST-H-06,0.3151,medium
HASM-04206,46.477,1.319,0.0923,OP-H-070,ST-H-37,0.229,low
HASM-04207,44.742,0.626,0.0204,OP-H-148,ST-H-40,0.2269,low
HASM-04208,35.443,1.169,0.0649,OP-H-102,ST-H-14,0.222,low
HASM-04209,47.865,0.543,0.1061,OP-H-053,ST-H-30,0.4105,medium
HASM-04210,60.127,0.59,0.0645,OP-H-113,ST-H-32,0.4846,medium
HASM-04211,41.337,1.099,0.0533,OP-H-127,ST-H-29,0.0581,low
HASM-04212,34.349,0.983,0.038,OP-H-002,ST-H-16,0.1685,low
HASM-04213,47.918,1.068,0.0706,OP-H-038,ST-H-23,0.1151,low
HASM-04214,49.889,0.714,0.0871,OP-H-070,ST-H-17,0.289,medium
HASM-04215,33.884,0.768,0.0546,OP-H-066,ST-H-34,0.2026,low
HASM-04216,61.748,1.444,0.0264,OP-H-005,ST-H-29,0.4222,medium
HASM-04217,43.391,1.048,0.0703,OP-H-062,ST-H-07,0.0267,low
HASM-04218,34.33,0.584,0.0095,OP-H-171,ST-H-40,0.2244,low
HASM-04219,34.54,0.898,0.1555,OP-H-164,ST-H-13,0.2787,medium
HASM-04220,41.441,0.563,0.0769,OP-H-157,ST-H-23,0.2826,medium
HASM-04221,29.814,1.064,0.1206,OP-H-047,ST-H-21,0.2818,medium
HASM-04222,38.845,0.733,0.2252,OP-H-027,ST-H-02,0.4225,medium
HASM-04223,49.556,1.028,0.1478,OP-H-133,ST-H-17,0.2467,low
HASM-04224,45.599,1.047,0.0787,OP-H-084,ST-H-05,0.0941,low
HASM-04225,43.82,0.986,0.0154,OP-H-145,ST-H-20,0.0245,low
HASM-04226,34.149,1.332,0.1069,OP-H-002,ST-H-18,0.291,medium
HASM-04227,46.082,1.188,0.0724,OP-H-100,ST-H-07,0.2039,low
HASM-04228,48.676,1.16,0.1974,OP-H-087,ST-H-08,0.3785,medium
HASM-04229,55.811,1.02,0.0957,OP-H-095,ST-H-19,0.2629,medium
HASM-04230,56.461,1.194,0.0189,OP-H-097,ST-H-31,0.2509,medium
HASM-04231,39.301,0.709,0.0785,OP-H-088,ST-H-26,0.252,medium
HASM-04232,46.992,1.145,0.0542,OP-H-032,ST-H-10,0.2139,low
HASM-04233,46.632,0.454,0.0136,OP-H-037,ST-H-18,0.2955,medium
HASM-04234,35.232,1.256,0.054,OP-H-070,ST-H-02,0.1867,low
HASM-04235,28.66,1.351,0.0499,OP-H-048,ST-H-27,0.2774,medium
HASM-04236,50.3,1.167,0.0658,OP-H-047,ST-H-35,0.2661,medium
HASM-04237,32.581,1.125,0.1203,OP-H-101,ST-H-01,0.3573,medium
HASM-04238,48.519,0.614,0.0737,OP-H-175,ST-H-32,0.3222,medium
HASM-04239,48.854,1.001,0.0321,OP-H-145,ST-H-08,0.0824,low
HASM-04240,30.655,0.766,0.0641,OP-H-106,ST-H-29,0.2659,medium
HASM-04241,32.368,0.702,0.0859,OP-H-020,ST-H-32,0.341,medium
HASM-04242,31.877,1.218,0.0489,OP-H-168,ST-H-03,0.2392,low
HASM-04243,44.497,0.689,0.0813,OP-H-106,ST-H-07,0.2947,medium
HASM-04244,28.455,0.706,0.0451,OP-H-134,ST-H-26,0.3105,medium
HASM-04245,55.712,1.319,0.0334,OP-H-033,ST-H-03,0.2911,medium
HASM-04246,38.719,0.547,0.0799,OP-H-156,ST-H-09,0.2735,medium
HASM-04247,45.826,1.276,0.1412,OP-H-089,ST-H-26,0.356,medium
HASM-04248,51.516,1.115,0.0558,OP-H-092,ST-H-27,0.2669,medium
HASM-04249,46.673,1.313,0.0527,OP-H-166,ST-H-36,0.1889,low
HASM-04250,38.033,0.699,0.0588,OP-H-043,ST-H-18,0.2773,medium
HASM-04251,35.91,0.79,0.0565,OP-H-121,ST-H-01,0.1834,low
HASM-04252,44.723,1.16,0.0226,OP-H-125,ST-H-07,0.1173,low
HASM-04253,43.375,1.212,0.1248,OP-H-086,ST-H-26,0.2953,medium
HASM-04254,33.487,0.78,0.0347,OP-H-023,ST-H-38,0.2153,low
HASM-04255,45.911,1.438,0.0243,OP-H-015,ST-H-11,0.231,low
HASM-04256,50.098,0.864,0.0396,OP-H-112,ST-H-13,0.1873,low
HASM-04257,24.161,0.796,0.0127,OP-H-124,ST-H-19,0.2562,medium
HASM-04258,41.779,1.053,0.0125,OP-H-180,ST-H-30,0.0268,low
HASM-04259,51.764,0.469,0.078,OP-H-080,ST-H-18,0.4409,medium
HASM-04260,43.862,0.795,0.0085,OP-H-057,ST-H-19,0.0609,low
HASM-04261,39.527,1.424,0.1515,OP-H-002,ST-H-24,0.3383,medium
HASM-04262,41.737,1.094,0.1074,OP-H-156,ST-H-02,0.2024,low
HASM-04263,61.733,0.983,0.1007,OP-H-180,ST-H-27,0.3227,medium
HASM-04264,54.453,0.831,0.0063,OP-H-136,ST-H-24,0.2489,low
HASM-04265,45.322,1.22,0.0575,OP-H-144,ST-H-04,0.1244,low
HASM-04266,27.996,0.965,0.0554,OP-H-079,ST-H-24,0.2043,low
HASM-04267,55.047,1.186,0.0415,OP-H-150,ST-H-35,0.2867,medium
HASM-04268,41.103,1.122,0.0302,OP-H-169,ST-H-21,0.1636,low
HASM-04269,29.309,1.052,0.0504,OP-H-034,ST-H-20,0.1787,low
HASM-04270,38.118,1.339,0.0626,OP-H-073,ST-H-01,0.2023,low
HASM-04271,32.371,0.775,0.0136,OP-H-121,ST-H-07,0.146,low
HASM-04272,44.052,0.652,0.1156,OP-H-045,ST-H-39,0.3109,medium
HASM-04273,43.572,1.286,0.0254,OP-H-088,ST-H-11,0.1877,low
HASM-04274,38.299,1.146,0.0338,OP-H-069,ST-H-38,0.112,low
HASM-04275,42.478,0.738,0.0494,OP-H-150,ST-H-30,0.1303,low
HASM-04276,46.809,1.051,0.0246,OP-H-110,ST-H-01,0.0944,low
HASM-04277,45.488,1.054,0.1257,OP-H-101,ST-H-23,0.186,low
HASM-04278,55.185,1.172,0.075,OP-H-074,ST-H-05,0.2748,medium
HASM-04279,50.679,0.294,0.0237,OP-H-100,ST-H-14,0.3715,medium
HASM-04280,45.995,0.934,0.0865,OP-H-132,ST-H-05,0.1246,low
HASM-04281,59.971,0.847,0.0589,OP-H-146,ST-H-16,0.2911,medium
HASM-04282,45.77,1.13,0.0531,OP-H-008,ST-H-20,0.1119,low
HASM-04283,42.244,0.851,0.073,OP-H-014,ST-H-39,0.1842,low
HASM-04284,37.541,1.223,0.0596,OP-H-037,ST-H-05,0.2538,medium
HASM-04285,40.998,1.452,0.025,OP-H-082,ST-H-21,0.229,low
HASM-04286,56.493,0.751,0.0301,OP-H-014,ST-H-21,0.2968,medium
HASM-04287,43.818,1.063,0.0785,OP-H-006,ST-H-35,0.1581,low
HASM-04288,40.37,1.146,0.0673,OP-H-015,ST-H-35,0.1623,low
HASM-04289,40.74,0.557,0.031,OP-H-005,ST-H-14,0.2943,medium
HASM-04290,39.334,0.609,0.0699,OP-H-030,ST-H-11,0.2903,medium
HASM-04291,39.996,1.029,0.082,OP-H-100,ST-H-06,0.1914,low
HASM-04292,25.246,1.051,0.0578,OP-H-161,ST-H-07,0.2046,low
HASM-04293,50.397,0.382,0.0525,OP-H-127,ST-H-38,0.3412,medium
HASM-04294,29.409,0.937,0.0589,OP-H-057,ST-H-26,0.2207,low
HASM-04295,39.373,1.012,0.0384,OP-H-180,ST-H-39,0.0752,low
HASM-04296,40.929,0.986,0.0401,OP-H-011,ST-H-15,0.1126,low
HASM-04297,39.785,0.924,0.1099,OP-H-111,ST-H-32,0.2195,low
HASM-04298,21.358,1.322,0.047,OP-H-113,ST-H-15,0.4403,medium
HASM-04299,40.47,1.27,0.0434,OP-H-039,ST-H-26,0.0952,low
HASM-04300,31.731,0.963,0.029,OP-H-123,ST-H-17,0.096,low
HASM-04301,37.16,1.121,0.0225,OP-H-089,ST-H-05,0.1923,low
HASM-04302,36.96,0.904,0.0157,OP-H-043,ST-H-33,0.1634,low
HASM-04303,42.418,1.008,0.088,OP-H-159,ST-H-18,0.1436,low
HASM-04304,44.893,1.027,0.0847,OP-H-014,ST-H-09,0.1548,low
HASM-04305,50.886,0.686,0.1095,OP-H-054,ST-H-21,0.3347,medium
HASM-04306,50.063,0.731,0.0521,OP-H-139,ST-H-01,0.2611,medium
HASM-04307,59.689,1.048,0.0959,OP-H-044,ST-H-16,0.2869,medium
HASM-04308,55.313,1.246,0.0848,OP-H-018,ST-H-39,0.3313,medium
HASM-04309,39.047,1.291,0.0607,OP-H-020,ST-H-14,0.2544,medium
HASM-04310,36.861,1.284,0.0309,OP-H-044,ST-H-05,0.1995,low
HASM-04311,36.677,1.228,0.0384,OP-H-098,ST-H-21,0.1829,low
HASM-04312,20.08,0.747,0.0376,OP-H-001,ST-H-11,0.2977,medium
HASM-04313,41.572,1.245,0.0305,OP-H-007,ST-H-20,0.1288,low
HASM-04314,43.786,1.065,0.0301,OP-H-086,ST-H-06,0.0676,low
HASM-04315,41.404,1.299,0.0635,OP-H-060,ST-H-32,0.2365,low
HASM-04316,50.401,0.599,0.28,OP-H-115,ST-H-31,0.6598,high
HASM-04317,24.284,0.946,0.0497,OP-H-135,ST-H-33,0.2767,medium
HASM-04318,41.553,0.886,0.0372,OP-H-068,ST-H-09,0.0974,low
HASM-04319,29.779,1.809,0.0489,OP-H-155,ST-H-25,0.4904,medium
HASM-04320,52.071,0.893,0.0563,OP-H-167,ST-H-35,0.1748,low
HASM-04321,42.019,0.507,0.0261,OP-H-063,ST-H-02,0.2643,medium
HASM-04322,38.319,0.851,0.175,OP-H-019,ST-H-10,0.3035,medium
HASM-04323,51.216,0.804,0.1162,OP-H-017,ST-H-29,0.3151,medium
HASM-04324,41.154,0.953,0.1252,OP-H-137,ST-H-07,0.2293,low
HASM-04325,29.922,0.752,0.0487,OP-H-076,ST-H-36,0.2643,medium
HASM-04326,43.415,1.121,0.0268,OP-H-161,ST-H-05,0.1223,low
HASM-04327,59.731,1.101,0.0555,OP-H-152,ST-H-29,0.3062,medium
HASM-04328,49.915,1.029,0.021,OP-H-046,ST-H-20,0.1707,low
HASM-04329,40.316,0.763,0.0815,OP-H-175,ST-H-24,0.2526,medium
HASM-04330,38.458,0.93,0.0699,OP-H-076,ST-H-07,0.095,low
HASM-04331,61.957,1.429,0.0233,OP-H-130,ST-H-18,0.3792,medium
HASM-04332,36.739,0.546,0.0275,OP-H-033,ST-H-37,0.2833,medium
HASM-04333,19.252,1.265,0.0546,OP-H-056,ST-H-26,0.3755,medium
HASM-04334,32.846,1.055,0.2366,OP-H-170,ST-H-13,0.4705,medium
HASM-04335,52.295,1.294,0.1051,OP-H-123,ST-H-25,0.3553,medium
HASM-04336,33.423,1.234,0.2155,OP-H-019,ST-H-15,0.4347,medium
HASM-04337,41.908,0.588,0.0632,OP-H-151,ST-H-06,0.2977,medium
HASM-04338,32.597,0.631,0.0677,OP-H-001,ST-H-09,0.3459,medium
HASM-04339,39.815,1.114,0.0368,OP-H-025,ST-H-15,0.0818,low
HASM-04340,39.514,1.007,0.0406,OP-H-021,ST-H-21,0.1236,low
HASM-04341,32.548,1.203,0.1019,OP-H-166,ST-H-40,0.3187,medium
HASM-04342,39.708,1.034,0.0473,OP-H-023,ST-H-11,0.1301,low
HASM-04343,41.277,1.172,0.0222,OP-H-158,ST-H-40,0.1263,low
HASM-04344,20.437,0.742,0.0619,OP-H-072,ST-H-36,0.381,medium
HASM-04345,55.125,1.482,0.0277,OP-H-121,ST-H-19,0.3501,medium
HASM-04346,23.565,0.946,0.0117,OP-H-125,ST-H-08,0.2179,low
HASM-04347,46.094,0.807,0.0083,OP-H-030,ST-H-34,0.1141,low
HASM-04348,50.164,0.717,0.0863,OP-H-108,ST-H-19,0.2976,medium
HASM-04349,35.176,0.371,0.0209,OP-H-150,ST-H-24,0.3415,medium
HASM-04350,37.997,0.858,0.142,OP-H-173,ST-H-23,0.3127,medium
HASM-04351,42.539,0.777,0.106,OP-H-068,ST-H-05,0.2667,medium
HASM-04352,28.0,1.331,0.0437,OP-H-078,ST-H-03,0.3373,medium
HASM-04353,41.244,1.002,0.0889,OP-H-134,ST-H-39,0.1276,low
HASM-04354,26.502,1.161,0.0406,OP-H-086,ST-H-33,0.2901,medium
HASM-04355,31.281,0.788,0.0108,OP-H-172,ST-H-31,0.2053,low
HASM-04356,55.277,1.069,0.0451,OP-H-059,ST-H-15,0.2008,low
HASM-04357,39.147,0.801,0.095,OP-H-047,ST-H-05,0.2541,medium
HASM-04358,46.983,0.813,0.022,OP-H-022,ST-H-16,0.1605,low
HASM-04359,53.392,1.225,0.075,OP-H-045,ST-H-22,0.2598,medium
HASM-04360,41.014,0.759,0.0343,OP-H-165,ST-H-22,0.1158,low
HASM-04361,38.245,1.335,0.0286,OP-H-168,ST-H-09,0.2139,low
HASM-04362,33.36,0.979,0.0683,OP-H-138,ST-H-25,0.1605,low
HASM-04363,61.21,1.59,0.0468,OP-H-107,ST-H-12,0.5043,high
HASM-04364,39.17,1.564,0.066,OP-H-161,ST-H-26,0.3931,medium
HASM-04365,44.049,1.028,0.1343,OP-H-148,ST-H-23,0.2212,low
HASM-04366,48.36,0.522,0.0313,OP-H-084,ST-H-10,0.2586,medium
HASM-04367,37.422,1.245,0.1126,OP-H-114,ST-H-39,0.2536,medium
HASM-04368,37.048,0.776,0.0248,OP-H-024,ST-H-34,0.0775,low
HASM-04369,42.76,0.956,0.0463,OP-H-062,ST-H-40,0.0829,low
HASM-04370,55.032,0.993,0.0381,OP-H-012,ST-H-10,0.2293,low
HASM-04371,46.2,0.968,0.1577,OP-H-104,ST-H-18,0.3343,medium
HASM-04372,46.244,0.85,0.0598,OP-H-098,ST-H-35,0.151,low
HASM-04373,43.047,0.949,0.0471,OP-H-117,ST-H-21,0.1042,low
HASM-04374,40.197,0.883,0.0293,OP-H-071,ST-H-29,0.1165,low
HASM-04375,50.706,1.025,0.0471,OP-H-040,ST-H-32,0.1665,low
HASM-04376,37.448,0.978,0.0614,OP-H-169,ST-H-05,0.1415,low
HASM-04377,39.928,1.083,0.1271,OP-H-176,ST-H-07,0.1718,low
HASM-04378,40.095,0.636,0.0762,OP-H-061,ST-H-39,0.2441,low
HASM-04379,56.536,1.088,0.0263,OP-H-149,ST-H-12,0.2169,low
HASM-04380,37.418,1.258,0.0839,OP-H-002,ST-H-19,0.291,medium
HASM-04381,31.333,1.21,0.0335,OP-H-017,ST-H-24,0.1981,low
HASM-04382,55.163,0.675,0.0898,OP-H-114,ST-H-34,0.36,medium
HASM-04383,41.322,0.973,0.0562,OP-H-179,ST-H-06,0.0731,low
HASM-04384,34.254,1.29,0.0478,OP-H-107,ST-H-23,0.2788,medium
HASM-04385,42.254,0.976,0.0905,OP-H-125,ST-H-10,0.1348,low
HASM-04386,38.839,0.941,0.0755,OP-H-036,ST-H-33,0.1592,low
HASM-04387,51.621,1.038,0.1512,OP-H-032,ST-H-35,0.3612,medium
HASM-04388,38.285,1.302,0.1862,OP-H-092,ST-H-16,0.4044,medium
HASM-04389,43.993,0.558,0.1246,OP-H-036,ST-H-18,0.3039,medium
HASM-04390,28.924,0.849,0.1317,OP-H-026,ST-H-03,0.3753,medium
HASM-04391,46.92,1.155,0.0842,OP-H-133,ST-H-27,0.244,low
HASM-04392,28.366,0.46,0.1155,OP-H-106,ST-H-32,0.4989,medium
HASM-04393,43.051,1.397,0.0529,OP-H-123,ST-H-20,0.2116,low
HASM-04394,35.894,0.545,0.0076,OP-H-113,ST-H-10,0.2212,low
HASM-04395,36.515,0.917,0.154,OP-H-143,ST-H-19,0.3019,medium
HASM-04396,44.121,1.13,0.0786,OP-H-078,ST-H-19,0.116,low
HASM-04397,39.124,0.752,0.0251,OP-H-083,ST-H-25,0.1665,low
HASM-04398,31.712,1.223,0.0882,OP-H-089,ST-H-34,0.3306,medium
HASM-04399,42.702,1.279,0.0496,OP-H-177,ST-H-26,0.1241,low
HASM-04400,39.026,0.848,0.1108,OP-H-178,ST-H-03,0.2546,medium
HASM-04401,53.184,1.215,0.0268,OP-H-080,ST-H-39,0.1853,low
HASM-04402,51.192,1.149,0.1222,OP-H-047,ST-H-15,0.2891,medium
HASM-04403,43.93,1.056,0.0154,OP-H-117,ST-H-23,0.06,low
HASM-04404,35.595,0.768,0.0617,OP-H-120,ST-H-09,0.2077,low
HASM-04405,44.924,1.095,0.046,OP-H-096,ST-H-25,0.1515,low
HASM-04406,43.533,1.057,0.0497,OP-H-166,ST-H-15,0.1098,low
HASM-04407,46.06,1.534,0.1059,OP-H-030,ST-H-39,0.2976,medium
HASM-04408,36.658,0.858,0.0984,OP-H-152,ST-H-26,0.2891,medium
HASM-04409,20.866,1.334,0.1172,OP-H-042,ST-H-28,0.4635,medium
HASM-04410,33.226,1.342,0.0482,OP-H-095,ST-H-02,0.2855,medium
HASM-04411,36.437,0.545,0.0489,OP-H-068,ST-H-31,0.3581,medium
HASM-04412,55.637,0.933,0.0847,OP-H-023,ST-H-05,0.2856,medium
HASM-04413,53.582,0.737,0.0561,OP-H-111,ST-H-39,0.2688,medium
HASM-04414,52.274,1.025,0.0436,OP-H-116,ST-H-38,0.2017,low
HASM-04415,46.446,0.928,0.0894,OP-H-121,ST-H-31,0.1526,low
HASM-04416,39.687,1.509,0.0861,OP-H-145,ST-H-16,0.3583,medium
HASM-04417,44.883,0.3,0.0314,OP-H-069,ST-H-15,0.3644,medium
HASM-04418,33.872,1.575,0.038,OP-H-053,ST-H-31,0.3685,medium
HASM-04419,44.397,1.285,0.0791,OP-H-087,ST-H-16,0.2161,low
HASM-04420,47.994,1.052,0.1528,OP-H-017,ST-H-23,0.3365,medium
HASM-04421,47.712,1.39,0.067,OP-H-076,ST-H-10,0.2526,medium
HASM-04422,46.643,0.913,0.0178,OP-H-077,ST-H-18,0.0798,low
HASM-04423,12.0,0.758,0.0516,OP-H-032,ST-H-28,0.4407,medium
HASM-04424,38.329,0.934,0.0804,OP-H-173,ST-H-07,0.1786,low
HASM-04425,36.3,1.057,0.088,OP-H-035,ST-H-32,0.1706,low
HASM-04426,25.345,1.001,0.0054,OP-H-144,ST-H-16,0.192,low
HASM-04427,45.244,0.735,0.0388,OP-H-100,ST-H-35,0.3125,medium
HASM-04428,33.467,0.794,0.035,OP-H-026,ST-H-22,0.2177,low
HASM-04429,50.751,0.877,0.0294,OP-H-040,ST-H-08,0.1535,low
HASM-04430,39.666,1.026,0.1703,OP-H-050,ST-H-07,0.2019,low
HASM-04431,29.674,0.817,0.1198,OP-H-138,ST-H-38,0.3452,medium
HASM-04432,61.477,0.925,0.1154,OP-H-093,ST-H-13,0.4185,medium
HASM-04433,43.173,0.417,0.045,OP-H-142,ST-H-20,0.2948,medium
HASM-04434,38.503,0.984,0.0386,OP-H-040,ST-H-14,0.1416,low
HASM-04435,32.068,0.71,0.0743,OP-H-071,ST-H-33,0.256,medium
HASM-04436,45.806,0.983,0.043,OP-H-062,ST-H-16,0.0835,low
HASM-04437,33.589,1.052,0.0436,OP-H-047,ST-H-02,0.1251,low
HASM-04438,43.537,0.285,0.0893,OP-H-083,ST-H-24,0.4097,medium
HASM-04439,37.536,0.535,0.0333,OP-H-016,ST-H-13,0.2289,low
HASM-04440,42.626,1.061,0.0962,OP-H-104,ST-H-27,0.1525,low
HASM-04441,34.994,0.918,0.1426,OP-H-153,ST-H-05,0.3393,medium
HASM-04442,44.155,0.776,0.0865,OP-H-121,ST-H-25,0.182,low
HASM-04443,31.994,0.845,0.0929,OP-H-159,ST-H-28,0.2816,medium
HASM-04444,42.258,0.873,0.0945,OP-H-101,ST-H-13,0.264,medium
HASM-04445,46.998,1.156,0.28,OP-H-001,ST-H-17,0.3871,medium
HASM-04446,26.712,1.09,0.099,OP-H-095,ST-H-24,0.3263,medium
HASM-04447,39.378,0.817,0.0416,OP-H-180,ST-H-31,0.1549,low
HASM-04448,25.19,1.249,0.0491,OP-H-065,ST-H-18,0.3112,medium
HASM-04449,40.104,0.655,0.0325,OP-H-084,ST-H-17,0.2054,low
HASM-04450,43.247,1.183,0.0905,OP-H-013,ST-H-19,0.2143,low
HASM-04451,40.425,1.18,0.0208,OP-H-076,ST-H-13,0.0712,low
HASM-04452,55.879,0.578,0.0205,OP-H-064,ST-H-11,0.3435,medium
HASM-04453,49.46,1.098,0.009,OP-H-045,ST-H-21,0.0751,low
HASM-04454,38.988,0.708,0.0969,OP-H-023,ST-H-01,0.2821,medium
HASM-04455,38.501,1.38,0.0768,OP-H-043,ST-H-29,0.2649,medium
HASM-04456,39.597,1.095,0.0224,OP-H-139,ST-H-02,0.1861,low
HASM-04457,37.946,0.979,0.1018,OP-H-049,ST-H-02,0.1636,low
HASM-04458,36.573,0.886,0.0742,OP-H-063,ST-H-17,0.1324,low
HASM-04459,42.542,1.165,0.113,OP-H-118,ST-H-01,0.1781,low
HASM-04460,42.907,1.176,0.0627,OP-H-170,ST-H-26,0.1307,low
HASM-04461,46.742,1.146,0.043,OP-H-060,ST-H-37,0.1368,low
HASM-04462,51.712,1.411,0.0463,OP-H-025,ST-H-37,0.3932,medium
HASM-04463,42.825,1.167,0.0492,OP-H-019,ST-H-09,0.0741,low
HASM-04464,38.718,1.17,0.0105,OP-H-027,ST-H-13,0.0587,low
HASM-04465,39.521,0.622,0.1124,OP-H-167,ST-H-15,0.3433,medium
HASM-04466,47.511,0.948,0.0817,OP-H-012,ST-H-08,0.1402,low
HASM-04467,42.319,0.7,0.0578,OP-H-042,ST-H-28,0.1915,low
HASM-04468,32.648,1.304,0.032,OP-H-009,ST-H-30,0.1699,low
HASM-04469,52.488,0.71,0.0119,OP-H-019,ST-H-05,0.2753,medium
HASM-04470,39.311,0.74,0.2117,OP-H-032,ST-H-27,0.4137,medium
HASM-04471,32.186,1.012,0.0355,OP-H-024,ST-H-06,0.1538,low
HASM-04472,40.347,0.731,0.0597,OP-H-017,ST-H-13,0.246,low
HASM-04473,43.771,1.677,0.0386,OP-H-038,ST-H-22,0.3389,medium
HASM-04474,24.914,0.712,0.017,OP-H-160,ST-H-04,0.4011,medium
HASM-04475,44.394,1.254,0.0322,OP-H-151,ST-H-33,0.1493,low
HASM-04476,35.52,1.184,0.0914,OP-H-049,ST-H-27,0.2392,low
HASM-04477,34.327,1.084,0.0504,OP-H-031,ST-H-19,0.173,low
HASM-04478,54.353,0.692,0.0162,OP-H-085,ST-H-40,0.2815,medium
HASM-04479,51.289,0.931,0.0373,OP-H-124,ST-H-27,0.1308,low
HASM-04480,51.549,1.29,0.0674,OP-H-175,ST-H-33,0.3004,medium
HASM-04481,24.022,1.034,0.0678,OP-H-071,ST-H-19,0.2721,medium
HASM-04482,50.993,1.33,0.054,OP-H-096,ST-H-18,0.248,low
HASM-04483,48.293,0.609,0.1236,OP-H-134,ST-H-26,0.4056,medium
HASM-04484,34.412,0.813,0.0677,OP-H-024,ST-H-38,0.2031,low
HASM-04485,40.381,1.176,0.0324,OP-H-134,ST-H-12,0.1151,low
HASM-04486,39.33,1.116,0.0426,OP-H-176,ST-H-31,0.0627,low
HASM-04487,31.127,0.902,0.0518,OP-H-062,ST-H-24,0.2419,low
HASM-04488,51.589,0.874,0.0962,OP-H-006,ST-H-37,0.3183,medium
HASM-04489,49.501,1.211,0.0093,OP-H-049,ST-H-16,0.2106,low
HASM-04490,43.52,1.369,0.1143,OP-H-045,ST-H-32,0.3678,medium
HASM-04491,41.222,0.822,0.0198,OP-H-107,ST-H-32,0.0805,low
HASM-04492,36.807,1.48,0.0648,OP-H-064,ST-H-31,0.3381,medium
HASM-04493,42.702,0.787,0.0408,OP-H-158,ST-H-20,0.1573,low
HASM-04494,36.917,1.06,0.0867,OP-H-091,ST-H-17,0.2308,low
HASM-04495,42.822,1.286,0.0506,OP-H-074,ST-H-07,0.1872,low
HASM-04496,21.284,0.823,0.0789,OP-H-046,ST-H-06,0.4136,medium
HASM-04497,42.404,1.333,0.0114,OP-H-049,ST-H-17,0.1758,low
HASM-04498,64.102,0.759,0.0205,OP-H-083,ST-H-29,0.297,medium
HASM-04499,28.273,1.098,0.0158,OP-H-018,ST-H-28,0.1736,low
HASM-04500,42.43,0.744,0.0262,OP-H-111,ST-H-37,0.156,low
HASM-04501,44.799,1.079,0.1607,OP-H-128,ST-H-29,0.2108,low
HASM-04502,38.179,1.061,0.026,OP-H-077,ST-H-01,0.0838,low
HASM-04503,63.933,0.617,0.0717,OP-H-093,ST-H-11,0.4589,medium
HASM-04504,34.61,1.226,0.052,OP-H-090,ST-H-07,0.1911,low
HASM-04505,39.79,0.89,0.0421,OP-H-125,ST-H-15,0.1146,low
HASM-04506,42.718,0.593,0.0128,OP-H-093,ST-H-13,0.197,low
HASM-04507,49.514,1.457,0.0958,OP-H-161,ST-H-40,0.4476,medium
HASM-04508,44.829,1.017,0.1249,OP-H-104,ST-H-37,0.1744,low
HASM-04509,40.044,0.639,0.1209,OP-H-170,ST-H-14,0.3305,medium
HASM-04510,42.463,0.832,0.0847,OP-H-135,ST-H-30,0.1159,low
HASM-04511,43.205,1.261,0.022,OP-H-169,ST-H-29,0.1747,low
HASM-04512,54.128,1.349,0.0653,OP-H-034,ST-H-12,0.2892,medium
HASM-04513,49.173,1.116,0.0918,OP-H-015,ST-H-40,0.186,low
HASM-04514,31.587,1.083,0.0498,OP-H-126,ST-H-10,0.1346,low
HASM-04515,42.273,1.18,0.0565,OP-H-046,ST-H-25,0.1244,low
HASM-04516,37.97,0.919,0.145,OP-H-102,ST-H-23,0.3181,medium
HASM-04517,45.057,0.5,0.0617,OP-H-178,ST-H-37,0.2625,medium
HASM-04518,45.684,0.9,0.0456,OP-H-082,ST-H-08,0.1558,low
HASM-04519,42.351,0.712,0.0371,OP-H-097,ST-H-30,0.1399,low
HASM-04520,44.129,1.118,0.076,OP-H-040,ST-H-40,0.1705,low
HASM-04521,41.408,0.59,0.0401,OP-H-127,ST-H-27,0.2813,medium
HASM-04522,40.481,0.705,0.1004,OP-H-029,ST-H-26,0.2889,medium
HASM-04523,36.91,1.146,0.1433,OP-H-143,ST-H-07,0.2958,medium
HASM-04524,42.823,1.478,0.0498,OP-H-030,ST-H-04,0.295,medium
HASM-04525,42.48,0.606,0.0959,OP-H-008,ST-H-21,0.2914,medium
HASM-04526,40.346,0.995,0.0798,OP-H-161,ST-H-10,0.064,low
HASM-04527,47.047,1.401,0.0916,OP-H-152,ST-H-32,0.3636,medium
HASM-04528,42.675,0.802,0.0401,OP-H-168,ST-H-10,0.1717,low
HASM-04529,31.836,1.101,0.0384,OP-H-124,ST-H-32,0.1861,low
HASM-04530,46.071,1.278,0.0803,OP-H-143,ST-H-11,0.1811,low
HASM-04531,45.971,0.875,0.0345,OP-H-122,ST-H-01,0.1506,low
HASM-04532,45.545,0.635,0.0109,OP-H-153,ST-H-40,0.0681,low
HASM-04533,22.337,1.252,0.1124,OP-H-107,ST-H-02,0.4314,medium
HASM-04534,59.693,0.592,0.0894,OP-H-050,ST-H-27,0.4369,medium
HASM-04535,39.289,0.462,0.0705,OP-H-167,ST-H-17,0.4374,medium
HASM-04536,28.779,1.073,0.1439,OP-H-004,ST-H-31,0.3145,medium
HASM-04537,41.097,0.727,0.0067,OP-H-174,ST-H-40,0.1235,low
HASM-04538,38.492,0.907,0.0852,OP-H-158,ST-H-11,0.1091,low
HASM-04539,42.347,1.087,0.0628,OP-H-123,ST-H-03,0.1192,low
HASM-04540,50.526,0.717,0.0904,OP-H-132,ST-H-39,0.2151,low
HASM-04541,43.152,0.939,0.1154,OP-H-060,ST-H-38,0.159,low
HASM-04542,53.815,0.801,0.1302,OP-H-103,ST-H-01,0.3359,medium
HASM-04543,37.78,0.917,0.045,OP-H-011,ST-H-18,0.1708,low
HASM-04544,37.678,0.911,0.0336,OP-H-171,ST-H-15,0.1122,low
HASM-04545,42.309,0.35,0.0677,OP-H-025,ST-H-24,0.37,medium
HASM-04546,43.199,0.89,0.0088,OP-H-045,ST-H-10,0.1399,low
HASM-04547,41.001,0.995,0.0413,OP-H-165,ST-H-20,0.0342,low
HASM-04548,41.177,0.754,0.0546,OP-H-117,ST-H-03,0.205,low
HASM-04549,41.372,1.143,0.1354,OP-H-077,ST-H-19,0.155,low
HASM-04550,43.639,0.959,0.1064,OP-H-069,ST-H-19,0.2192,low
HASM-04551,42.046,0.987,0.0518,OP-H-041,ST-H-35,0.0431,low
HASM-04552,48.463,0.556,0.0397,OP-H-116,ST-H-01,0.2658,medium
HASM-04553,40.404,0.984,0.087,OP-H-104,ST-H-24,0.1333,low
HASM-04554,43.407,1.009,0.0596,OP-H-071,ST-H-19,0.1258,low
HASM-04555,54.039,1.477,0.0195,OP-H-056,ST-H-17,0.3777,medium
HASM-04556,49.089,1.17,0.0188,OP-H-113,ST-H-37,0.2076,low
HASM-04557,47.637,0.404,0.078,OP-H-013,ST-H-20,0.4317,medium
HASM-04558,40.959,0.457,0.0711,OP-H-138,ST-H-27,0.3011,medium
HASM-04559,37.994,0.734,0.0538,OP-H-074,ST-H-07,0.225,low
HASM-04560,35.628,1.166,0.0826,OP-H-127,ST-H-38,0.2444,low
HASM-04561,35.8,1.081,0.0804,OP-H-029,ST-H-03,0.2962,medium
HASM-04562,46.372,0.767,0.0623,OP-H-085,ST-H-08,0.1982,low
HASM-04563,36.877,1.532,0.0301,OP-H-078,ST-H-18,0.2158,low
HASM-04564,33.668,0.68,0.0027,OP-H-061,ST-H-14,0.2216,low
HASM-04565,37.323,1.438,0.0766,OP-H-124,ST-H-04,0.2532,medium
HASM-04566,49.199,0.898,0.095,OP-H-007,ST-H-27,0.2545,medium
HASM-04567,61.971,0.862,0.0593,OP-H-003,ST-H-13,0.3453,medium
HASM-04568,41.545,1.11,0.0225,OP-H-154,ST-H-25,0.1122,low
HASM-04569,44.676,1.048,0.1127,OP-H-145,ST-H-31,0.2066,low
HASM-04570,45.045,0.995,0.0493,OP-H-134,ST-H-40,0.0873,low
HASM-04571,29.081,1.117,0.0458,OP-H-139,ST-H-17,0.1943,low
HASM-04572,38.854,1.15,0.1345,OP-H-033,ST-H-34,0.2149,low
HASM-04573,45.303,0.695,0.0404,OP-H-045,ST-H-29,0.2242,low
HASM-04574,30.807,0.849,0.1218,OP-H-033,ST-H-07,0.3657,medium
HASM-04575,40.001,0.858,0.0424,OP-H-151,ST-H-11,0.163,low
HASM-04576,44.341,1.194,0.0157,OP-H-168,ST-H-36,0.108,low
HASM-04577,40.668,1.111,0.0421,OP-H-165,ST-H-05,0.0591,low
HASM-04578,31.917,1.004,0.0135,OP-H-079,ST-H-35,0.0283,low
HASM-04579,33.181,1.025,0.0275,OP-H-125,ST-H-24,0.1225,low
HASM-04580,23.508,0.901,0.0165,OP-H-165,ST-H-38,0.2303,low
HASM-04581,42.371,0.726,0.1795,OP-H-080,ST-H-31,0.4197,medium
HASM-04582,46.582,0.858,0.0224,OP-H-013,ST-H-12,0.0489,low
HASM-04583,38.475,0.294,0.0826,OP-H-100,ST-H-14,0.3778,medium
HASM-04584,37.871,1.122,0.0499,OP-H-104,ST-H-14,0.1734,low
HASM-04585,55.715,0.794,0.0257,OP-H-070,ST-H-04,0.2525,medium
HASM-04586,48.807,0.812,0.0715,OP-H-166,ST-H-13,0.2361,low
HASM-04587,59.407,0.939,0.0865,OP-H-163,ST-H-30,0.3171,medium
HASM-04588,42.555,0.91,0.063,OP-H-161,ST-H-11,0.1572,low
HASM-04589,43.995,0.862,0.1141,OP-H-161,ST-H-37,0.2273,low
HASM-04590,47.879,1.176,0.0737,OP-H-098,ST-H-03,0.2095,low
HASM-04591,39.486,0.664,0.073,OP-H-142,ST-H-22,0.2428,low
HASM-04592,36.965,1.193,0.0355,OP-H-150,ST-H-28,0.2302,low
HASM-04593,36.589,1.028,0.0488,OP-H-112,ST-H-14,0.1572,low
HASM-04594,35.005,0.924,0.0512,OP-H-034,ST-H-04,0.1306,low
HASM-04595,35.521,1.179,0.0291,OP-H-161,ST-H-27,0.1655,low
HASM-04596,32.5,1.158,0.0645,OP-H-173,ST-H-13,0.2588,medium
HASM-04597,35.136,1.307,0.1027,OP-H-157,ST-H-11,0.3096,medium
HASM-04598,57.936,0.887,0.0251,OP-H-022,ST-H-13,0.2626,medium
HASM-04599,51.529,0.778,0.1044,OP-H-127,ST-H-04,0.2561,medium
HASM-04600,36.415,0.917,0.0763,OP-H-107,ST-H-04,0.214,low
HASM-04601,55.98,0.969,0.1215,OP-H-113,ST-H-19,0.2502,medium
HASM-04602,56.275,1.149,0.0057,OP-H-157,ST-H-37,0.2148,low
HASM-04603,42.824,1.465,0.0078,OP-H-131,ST-H-36,0.2463,low
HASM-04604,50.267,1.202,0.074,OP-H-057,ST-H-04,0.2337,low
HASM-04605,42.509,0.744,0.1016,OP-H-073,ST-H-04,0.1444,low
HASM-04606,54.001,0.799,0.0085,OP-H-024,ST-H-39,0.1876,low
HASM-04607,55.439,0.99,0.0326,OP-H-167,ST-H-18,0.2437,low
HASM-04608,37.708,1.213,0.0853,OP-H-167,ST-H-21,0.157,low
HASM-04609,25.915,0.858,0.0218,OP-H-059,ST-H-20,0.1903,low
HASM-04610,49.544,1.309,0.0457,OP-H-057,ST-H-38,0.2747,medium
HASM-04611,34.638,1.61,0.0384,OP-H-059,ST-H-18,0.275,medium
HASM-04612,42.26,0.571,0.0459,OP-H-073,ST-H-03,0.2796,medium
HASM-04613,42.308,0.625,0.0227,OP-H-044,ST-H-23,0.179,low
HASM-04614,35.672,1.096,0.0304,OP-H-063,ST-H-30,0.1284,low
HASM-04615,39.942,1.107,0.0871,OP-H-064,ST-H-05,0.1672,low
HASM-04616,39.755,1.028,0.031,OP-H-093,ST-H-08,0.0475,low
HASM-04617,49.898,1.183,0.0212,OP-H-171,ST-H-17,0.1373,low
HASM-04618,31.212,1.28,0.0802,OP-H-122,ST-H-37,0.3172,medium
HASM-04619,43.614,1.287,0.0382,OP-H-150,ST-H-31,0.1911,low
HASM-04620,47.898,1.109,0.0402,OP-H-166,ST-H-10,0.1997,low
HASM-04621,38.91,1.059,0.0418,OP-H-135,ST-H-04,0.0976,low
HASM-04622,21.868,0.712,0.0815,OP-H-147,ST-H-31,0.3133,medium
HASM-04623,37.392,0.856,0.0312,OP-H-040,ST-H-35,0.1358,low
HASM-04624,30.383,1.125,0.1165,OP-H-156,ST-H-39,0.32,medium
HASM-04625,50.033,0.847,0.0266,OP-H-083,ST-H-18,0.1218,low
HASM-04626,43.183,1.064,0.043,OP-H-010,ST-H-30,0.1077,low
HASM-04627,52.537,0.77,0.088,OP-H-036,ST-H-02,0.2746,medium
HASM-04628,26.349,1.245,0.0465,OP-H-120,ST-H-18,0.2452,low
HASM-04629,52.339,0.821,0.0202,OP-H-002,ST-H-18,0.1626,low
HASM-04630,42.702,1.112,0.0574,OP-H-052,ST-H-39,0.1975,low
HASM-04631,37.43,0.837,0.0503,OP-H-119,ST-H-06,0.1416,low
HASM-04632,51.818,0.449,0.0688,OP-H-089,ST-H-09,0.4272,medium
HASM-04633,39.013,1.668,0.0373,OP-H-006,ST-H-37,0.3369,medium
HASM-04634,54.0,0.673,0.0427,OP-H-154,ST-H-03,0.3039,medium
HASM-04635,48.754,1.37,0.0909,OP-H-101,ST-H-13,0.2343,low
HASM-04636,35.97,0.847,0.0273,OP-H-041,ST-H-14,0.1056,low
HASM-04637,33.659,1.139,0.0899,OP-H-059,ST-H-07,0.225,low
HASM-04638,34.693,1.045,0.0567,OP-H-143,ST-H-21,0.1659,low
HASM-04639,37.709,0.731,0.0242,OP-H-053,ST-H-14,0.1652,low
HASM-04640,52.272,0.944,0.0247,OP-H-102,ST-H-33,0.1312,low
HASM-04641,32.739,0.864,0.0499,OP-H-082,ST-H-30,0.3065,medium
HASM-04642,27.86,0.967,0.0699,OP-H-166,ST-H-27,0.2414,low
HASM-04643,44.54,0.655,0.0528,OP-H-019,ST-H-15,0.191,low
HASM-04644,50.298,1.306,0.0965,OP-H-009,ST-H-16,0.4192,medium
HASM-04645,52.717,1.1,0.0792,OP-H-035,ST-H-04,0.255,medium
HASM-04646,27.957,1.183,0.0693,OP-H-022,ST-H-34,0.2815,medium
HASM-04647,29.033,1.194,0.1186,OP-H-009,ST-H-06,0.404,medium
HASM-04648,21.258,1.439,0.0273,OP-H-143,ST-H-10,0.435,medium
HASM-04649,44.713,0.821,0.1328,OP-H-171,ST-H-09,0.283,medium
HASM-04650,37.605,0.948,0.0344,OP-H-061,ST-H-28,0.1093,low
HASM-04651,48.03,0.963,0.0417,OP-H-095,ST-H-27,0.1733,low
HASM-04652,46.884,1.178,0.1337,OP-H-130,ST-H-25,0.3146,medium
HASM-04653,39.544,0.539,0.0257,OP-H-051,ST-H-16,0.2992,medium
HASM-04654,31.123,1.174,0.0196,OP-H-178,ST-H-40,0.2096,low
HASM-04655,37.235,0.559,0.0583,OP-H-002,ST-H-28,0.2768,medium
HASM-04656,49.251,1.326,0.0334,OP-H-016,ST-H-32,0.1887,low
HASM-04657,40.852,0.629,0.0565,OP-H-048,ST-H-20,0.2747,medium
HASM-04658,49.646,1.39,0.1045,OP-H-073,ST-H-27,0.3517,medium
HASM-04659,46.562,1.055,0.0261,OP-H-051,ST-H-29,0.1328,low
HASM-04660,29.405,0.888,0.2322,OP-H-139,ST-H-22,0.417,medium
HASM-04661,30.131,1.452,0.0869,OP-H-028,ST-H-12,0.3744,medium
HASM-04662,33.599,0.25,0.0223,OP-H-027,ST-H-08,0.4479,medium
HASM-04663,39.352,0.982,0.0387,OP-H-064,ST-H-38,0.1626,low
HASM-04664,20.696,0.858,0.0263,OP-H-078,ST-H-05,0.3056,medium
HASM-04665,43.676,1.316,0.0326,OP-H-042,ST-H-40,0.1817,low
HASM-04666,45.724,1.018,0.0413,OP-H-039,ST-H-34,0.0999,low
HASM-04667,48.16,0.941,0.0635,OP-H-142,ST-H-14,0.1449,low
HASM-04668,25.661,1.214,0.0629,OP-H-015,ST-H-15,0.3506,medium
HASM-04669,39.451,1.156,0.1839,OP-H-169,ST-H-15,0.3253,medium
HASM-04670,32.824,0.969,0.0655,OP-H-084,ST-H-21,0.2485,low
HASM-04671,50.654,1.014,0.0159,OP-H-144,ST-H-21,0.0502,low
HASM-04672,35.451,0.913,0.091,OP-H-053,ST-H-15,0.182,low
HASM-04673,44.059,0.852,0.0394,OP-H-113,ST-H-37,0.1116,low
HASM-04674,47.428,1.56,0.1625,OP-H-056,ST-H-10,0.4987,medium
HASM-04675,59.454,1.487,0.0596,OP-H-060,ST-H-06,0.3666,medium
HASM-04676,39.299,1.024,0.0849,OP-H-031,ST-H-10,0.2188,low
HASM-04677,39.698,1.078,0.0571,OP-H-052,ST-H-04,0.1088,low
HASM-04678,40.66,0.849,0.0273,OP-H-158,ST-H-24,0.0718,low
HASM-04679,48.181,1.014,0.0571,OP-H-170,ST-H-38,0.1698,low
HASM-04680,39.524,0.816,0.0916,OP-H-109,ST-H-36,0.2166,low
HASM-04681,43.731,1.027,0.0766,OP-H-150,ST-H-14,0.1182,low
HASM-04682,49.614,1.021,0.0175,OP-H-027,ST-H-30,0.043,low
HASM-04683,34.083,1.214,0.0822,OP-H-003,ST-H-12,0.2527,medium
HASM-04684,36.561,0.957,0.0127,OP-H-112,ST-H-26,0.1578,low
HASM-04685,45.082,0.962,0.211,OP-H-066,ST-H-20,0.3286,medium
HASM-04686,54.122,1.329,0.0394,OP-H-094,ST-H-22,0.2739,medium
HASM-04687,34.354,1.149,0.0287,OP-H-157,ST-H-14,0.1988,low
HASM-04688,47.754,1.242,0.0798,OP-H-020,ST-H-34,0.2394,low
HASM-04689,37.008,0.903,0.1026,OP-H-139,ST-H-25,0.1262,low
HASM-04690,42.902,1.174,0.0708,OP-H-107,ST-H-34,0.198,low
HASM-04691,32.72,0.873,0.0138,OP-H-127,ST-H-12,0.0959,low
HASM-04692,40.23,1.282,0.0593,OP-H-097,ST-H-12,0.25,medium
HASM-04693,58.883,1.231,0.0937,OP-H-077,ST-H-25,0.4315,medium
HASM-04694,44.128,0.721,0.0274,OP-H-130,ST-H-19,0.1688,low
HASM-04695,46.188,1.224,0.0269,OP-H-007,ST-H-02,0.1671,low
HASM-04696,41.477,0.908,0.1143,OP-H-113,ST-H-04,0.1503,low
HASM-04697,36.312,1.309,0.1009,OP-H-125,ST-H-28,0.2206,low
HASM-04698,53.035,1.021,0.0469,OP-H-076,ST-H-22,0.2135,low
HASM-04699,52.702,0.857,0.0932,OP-H-166,ST-H-20,0.2876,medium
HASM-04700,32.527,0.655,0.0339,OP-H-053,ST-H-31,0.2947,medium
HASM-04701,36.879,1.072,0.0344,OP-H-002,ST-H-32,0.095,low
HASM-04702,34.941,0.478,0.099,OP-H-134,ST-H-29,0.4021,medium
HASM-04703,31.805,0.843,0.0361,OP-H-028,ST-H-17,0.1799,low
HASM-04704,52.559,0.651,0.1104,OP-H-125,ST-H-18,0.3605,medium
HASM-04705,32.241,0.582,0.1423,OP-H-004,ST-H-25,0.4679,medium
HASM-04706,58.031,0.903,0.0156,OP-H-180,ST-H-11,0.2285,low
HASM-04707,31.7,0.728,0.0506,OP-H-093,ST-H-35,0.255,medium
HASM-04708,42.095,0.727,0.0141,OP-H-171,ST-H-30,0.116,low
HASM-04709,53.544,1.351,0.044,OP-H-090,ST-H-33,0.312,medium
HASM-04710,29.053,1.219,0.1429,OP-H-048,ST-H-11,0.3389,medium
HASM-04711,36.293,1.156,0.0424,OP-H-106,ST-H-02,0.1166,low
HASM-04712,47.355,0.811,0.0782,OP-H-056,ST-H-37,0.1907,low
HASM-04713,55.651,0.664,0.0182,OP-H-113,ST-H-11,0.3457,medium
HASM-04714,38.457,1.397,0.0634,OP-H-089,ST-H-11,0.2308,low
HASM-04715,49.331,0.711,0.1266,OP-H-068,ST-H-34,0.2972,medium
HASM-04716,39.465,0.746,0.0576,OP-H-059,ST-H-28,0.1498,low
HASM-04717,58.943,0.863,0.0091,OP-H-085,ST-H-35,0.2416,low
HASM-04718,44.308,1.277,0.1063,OP-H-001,ST-H-22,0.3053,medium
HASM-04719,55.584,1.506,0.0862,OP-H-169,ST-H-25,0.4455,medium
HASM-04720,25.937,0.92,0.0904,OP-H-112,ST-H-07,0.2539,medium
HASM-04721,38.623,1.08,0.0443,OP-H-154,ST-H-25,0.1542,low
HASM-04722,43.556,0.586,0.02,OP-H-107,ST-H-34,0.2526,medium
HASM-04723,46.65,0.817,0.044,OP-H-017,ST-H-03,0.1723,low
HASM-04724,41.863,0.863,0.0102,OP-H-144,ST-H-35,0.0223,low
HASM-04725,47.032,1.044,0.0611,OP-H-178,ST-H-21,0.1416,low
HASM-04726,39.993,0.919,0.1201,OP-H-156,ST-H-32,0.2452,low
HASM-04727,58.849,1.143,0.0658,OP-H-037,ST-H-38,0.285,medium
HASM-04728,40.648,0.759,0.1269,OP-H-136,ST-H-30,0.308,medium
HASM-04729,42.672,1.073,0.0172,OP-H-027,ST-H-10,0.0,low
HASM-04730,28.42,0.971,0.0338,OP-H-166,ST-H-12,0.2029,low
HASM-04731,42.566,1.356,0.0253,OP-H-078,ST-H-22,0.2112,low
HASM-04732,29.376,1.124,0.0651,OP-H-176,ST-H-40,0.3216,medium
HASM-04733,40.37,0.636,0.0589,OP-H-107,ST-H-38,0.244,low
HASM-04734,45.713,0.977,0.0243,OP-H-006,ST-H-13,0.0862,low
HASM-04735,51.187,1.032,0.1274,OP-H-035,ST-H-14,0.3056,medium
HASM-04736,40.828,1.466,0.0988,OP-H-051,ST-H-06,0.2732,medium
HASM-04737,27.876,0.867,0.1365,OP-H-144,ST-H-34,0.3619,medium
HASM-04738,52.957,1.064,0.0776,OP-H-149,ST-H-36,0.2145,low
HASM-04739,34.955,1.119,0.0234,OP-H-150,ST-H-05,0.1644,low
HASM-04740,39.87,1.206,0.0723,OP-H-144,ST-H-15,0.1798,low
HASM-04741,46.91,1.081,0.1528,OP-H-099,ST-H-36,0.3195,medium
HASM-04742,48.374,0.905,0.0421,OP-H-111,ST-H-20,0.1763,low
HASM-04743,52.215,1.191,0.0295,OP-H-150,ST-H-34,0.1798,low
HASM-04744,42.638,0.892,0.0388,OP-H-139,ST-H-09,0.1672,low
HASM-04745,23.366,1.489,0.0275,OP-H-016,ST-H-14,0.4425,medium
HASM-04746,49.283,1.295,0.0128,OP-H-032,ST-H-40,0.1825,low
HASM-04747,39.571,1.132,0.2329,OP-H-021,ST-H-09,0.32,medium
HASM-04748,47.516,0.993,0.0482,OP-H-072,ST-H-32,0.1161,low
HASM-04749,37.203,1.053,0.0936,OP-H-123,ST-H-35,0.2613,medium
HASM-04750,45.991,1.103,0.0924,OP-H-020,ST-H-13,0.2432,low
HASM-04751,44.006,0.891,0.0796,OP-H-037,ST-H-26,0.1654,low
HASM-04752,50.959,1.175,0.0226,OP-H-010,ST-H-11,0.157,low
HASM-04753,35.627,1.326,0.0303,OP-H-097,ST-H-30,0.1742,low
HASM-04754,34.674,0.364,0.017,OP-H-134,ST-H-25,0.3828,medium
HASM-04755,32.001,1.168,0.0312,OP-H-081,ST-H-09,0.2202,low
HASM-04756,43.754,1.044,0.0176,OP-H-151,ST-H-13,0.0268,low
HASM-04757,39.533,0.709,0.021,OP-H-047,ST-H-22,0.098,low
HASM-04758,40.525,1.175,0.0138,OP-H-028,ST-H-15,0.1067,low
HASM-04759,56.357,1.169,0.0432,OP-H-079,ST-H-04,0.2397,low
HASM-04760,34.287,1.105,0.0428,OP-H-102,ST-H-10,0.1724,low
HASM-04761,39.785,0.685,0.0296,OP-H-176,ST-H-07,0.1607,low
HASM-04762,49.866,1.32,0.1023,OP-H-062,ST-H-18,0.3363,medium
HASM-04763,33.19,1.408,0.0347,OP-H-134,ST-H-19,0.302,medium
HASM-04764,48.6,1.079,0.085,OP-H-051,ST-H-30,0.2594,medium
HASM-04765,42.529,1.03,0.1131,OP-H-175,ST-H-14,0.144,low
HASM-04766,24.623,0.849,0.0075,OP-H-011,ST-H-14,0.2179,low
HASM-04767,49.162,1.119,0.1064,OP-H-002,ST-H-18,0.1597,low
HASM-04768,53.389,0.935,0.0315,OP-H-111,ST-H-24,0.1305,low
HASM-04769,50.515,1.25,0.009,OP-H-041,ST-H-40,0.1833,low
HASM-04770,39.144,1.038,0.1496,OP-H-178,ST-H-05,0.2959,medium
HASM-04771,13.239,1.015,0.0083,OP-H-087,ST-H-15,0.2809,medium
HASM-04772,45.959,1.383,0.0642,OP-H-156,ST-H-11,0.2849,medium
HASM-04773,37.437,1.191,0.0685,OP-H-011,ST-H-13,0.2271,low
HASM-04774,39.904,0.857,0.1916,OP-H-071,ST-H-26,0.4153,medium
HASM-04775,48.362,1.316,0.077,OP-H-180,ST-H-21,0.245,low
HASM-04776,46.932,1.311,0.0559,OP-H-030,ST-H-30,0.2628,medium
HASM-04777,34.033,1.245,0.0643,OP-H-023,ST-H-12,0.2093,low
HASM-04778,50.404,1.362,0.0565,OP-H-016,ST-H-34,0.2703,medium
HASM-04779,51.283,0.809,0.1597,OP-H-073,ST-H-28,0.4559,medium
HASM-04780,51.218,0.914,0.0919,OP-H-055,ST-H-16,0.2532,medium
HASM-04781,40.216,1.244,0.0695,OP-H-180,ST-H-16,0.2379,low
HASM-04782,49.373,1.632,0.1637,OP-H-047,ST-H-02,0.5612,high
HASM-04783,43.605,0.912,0.0763,OP-H-047,ST-H-04,0.1568,low
HASM-04784,41.216,1.054,0.0517,OP-H-116,ST-H-22,0.1213,low
HASM-04785,36.426,1.065,0.0277,OP-H-085,ST-H-03,0.1267,low
HASM-04786,40.33,0.919,0.0779,OP-H-032,ST-H-25,0.1573,low
HASM-04787,55.33,0.684,0.114,OP-H-067,ST-H-28,0.3847,medium
HASM-04788,52.647,0.663,0.0545,OP-H-039,ST-H-01,0.3164,medium
HASM-04789,52.091,0.97,0.0893,OP-H-096,ST-H-25,0.1973,low
HASM-04790,51.201,1.176,0.0198,OP-H-014,ST-H-11,0.1868,low
HASM-04791,41.691,0.921,0.0475,OP-H-095,ST-H-12,0.1718,low
HASM-04792,35.603,1.063,0.1044,OP-H-155,ST-H-19,0.2729,medium
HASM-04793,34.117,0.999,0.0412,OP-H-160,ST-H-30,0.1034,low
HASM-04794,38.321,0.553,0.0106,OP-H-074,ST-H-40,0.2772,medium
HASM-04795,50.94,0.987,0.1346,OP-H-010,ST-H-25,0.2907,medium
HASM-04796,50.037,1.557,0.0838,OP-H-112,ST-H-38,0.4044,medium
HASM-04797,23.736,0.715,0.1605,OP-H-011,ST-H-13,0.526,high
HASM-04798,44.388,0.532,0.0572,OP-H-151,ST-H-02,0.2567,medium
HASM-04799,32.217,1.148,0.0256,OP-H-166,ST-H-14,0.1601,low
HASM-04800,31.127,0.876,0.0695,OP-H-080,ST-H-20,0.2408,low
HASM-04801,45.679,1.622,0.0556,OP-H-093,ST-H-40,0.4045,medium
HASM-04802,38.097,1.019,0.187,OP-H-123,ST-H-40,0.2413,low
HASM-04803,28.925,1.053,0.1216,OP-H-167,ST-H-20,0.2631,medium
HASM-04804,52.106,0.707,0.0669,OP-H-163,ST-H-11,0.3499,medium
HASM-04805,51.008,0.673,0.015,OP-H-100,ST-H-15,0.2563,medium
HASM-04806,36.112,1.232,0.1008,OP-H-128,ST-H-05,0.3298,medium
HASM-04807,40.601,1.2,0.0868,OP-H-055,ST-H-11,0.2425,low
HASM-04808,33.059,0.836,0.0097,OP-H-129,ST-H-31,0.1514,low
HASM-04809,23.022,0.498,0.1319,OP-H-020,ST-H-38,0.5955,high
HASM-04810,50.68,1.287,0.0888,OP-H-034,ST-H-04,0.3517,medium
HASM-04811,43.614,1.276,0.0374,OP-H-003,ST-H-18,0.1669,low
HASM-04812,51.737,1.032,0.012,OP-H-034,ST-H-25,0.1015,low
HASM-04813,32.665,1.47,0.0975,OP-H-150,ST-H-05,0.3481,medium
HASM-04814,53.352,1.521,0.0715,OP-H-051,ST-H-36,0.4699,medium
HASM-04815,52.858,0.617,0.0277,OP-H-023,ST-H-08,0.2527,medium
HASM-04816,35.099,1.243,0.0124,OP-H-072,ST-H-35,0.1162,low
HASM-04817,53.489,0.669,0.0603,OP-H-170,ST-H-19,0.3444,medium
HASM-04818,45.102,0.782,0.0155,OP-H-018,ST-H-27,0.178,low
HASM-04819,41.144,1.055,0.0627,OP-H-033,ST-H-13,0.1151,low
HASM-04820,37.733,1.061,0.0813,OP-H-107,ST-H-09,0.1469,low
HASM-04821,25.374,0.746,0.2241,OP-H-107,ST-H-19,0.5528,high
HASM-04822,42.205,1.098,0.0946,OP-H-045,ST-H-27,0.1349,low
HASM-04823,55.563,1.463,0.0719,OP-H-073,ST-H-37,0.3497,medium
HASM-04824,49.161,0.853,0.0405,OP-H-078,ST-H-40,0.1586,low
HASM-04825,59.048,1.058,0.1935,OP-H-081,ST-H-07,0.4486,medium
HASM-04826,51.689,0.91,0.1332,OP-H-005,ST-H-17,0.2657,medium
HASM-04827,54.897,1.595,0.0465,OP-H-119,ST-H-27,0.4272,medium
HASM-04828,47.69,1.037,0.0603,OP-H-119,ST-H-02,0.1285,low
HASM-04829,50.107,0.801,0.0047,OP-H-099,ST-H-40,0.136,low
HASM-04830,34.826,0.494,0.0531,OP-H-156,ST-H-20,0.4066,medium
HASM-04831,43.111,0.925,0.0377,OP-H-028,ST-H-30,0.0859,low
HASM-04832,46.893,1.194,0.0265,OP-H-178,ST-H-27,0.0946,low
HASM-04833,34.312,0.616,0.1202,OP-H-005,ST-H-26,0.4021,medium
HASM-04834,46.179,0.965,0.1166,OP-H-099,ST-H-35,0.2535,medium
HASM-04835,28.018,0.874,0.0139,OP-H-086,ST-H-30,0.1636,low
HASM-04836,36.121,0.845,0.1197,OP-H-070,ST-H-11,0.2505,medium
HASM-04837,37.244,1.106,0.056,OP-H-008,ST-H-26,0.0911,low
HASM-04838,53.19,1.18,0.0525,OP-H-161,ST-H-25,0.3269,medium
HASM-04839,52.921,1.0,0.0112,OP-H-098,ST-H-34,0.0911,low
HASM-04840,45.372,0.977,0.0631,OP-H-054,ST-H-30,0.1759,low
HASM-04841,27.47,1.064,0.0157,OP-H-068,ST-H-37,0.1769,low
HASM-04842,47.482,1.19,0.0954,OP-H-150,ST-H-15,0.2978,medium
HASM-04843,32.0,0.95,0.0186,OP-H-121,ST-H-20,0.1065,low
HASM-04844,44.892,1.158,0.0576,OP-H-154,ST-H-10,0.1843,low
HASM-04845,32.835,1.223,0.075,OP-H-105,ST-H-03,0.2546,medium
HASM-04846,38.749,1.08,0.1053,OP-H-034,ST-H-08,0.2117,low
HASM-04847,38.728,0.938,0.0463,OP-H-055,ST-H-20,0.0752,low
HASM-04848,32.08,1.072,0.0515,OP-H-070,ST-H-27,0.2057,low
HASM-04849,50.978,1.129,0.0091,OP-H-008,ST-H-16,0.1598,low
HASM-04850,58.529,1.116,0.0535,OP-H-001,ST-H-23,0.312,medium
HASM-04851,43.844,1.294,0.0249,OP-H-146,ST-H-18,0.1556,low
HASM-04852,57.664,1.256,0.0573,OP-H-072,ST-H-35,0.451,medium
HASM-04853,41.57,1.115,0.0587,OP-H-041,ST-H-33,0.1426,low
HASM-04854,46.116,0.907,0.1138,OP-H-113,ST-H-17,0.2005,low
HASM-04855,54.061,1.046,0.0465,OP-H-132,ST-H-38,0.1723,low
HASM-04856,40.3,1.087,0.0665,OP-H-113,ST-H-14,0.1433,low
HASM-04857,45.564,1.038,0.0736,OP-H-150,ST-H-38,0.1412,low
HASM-04858,41.015,0.72,0.0573,OP-H-019,ST-H-17,0.2088,low
HASM-04859,64.268,0.924,0.1154,OP-H-086,ST-H-25,0.4325,medium
HASM-04860,18.959,1.119,0.1313,OP-H-158,ST-H-34,0.3857,medium
HASM-04861,51.28,1.265,0.0235,OP-H-151,ST-H-19,0.2001,low
HASM-04862,57.81,0.9,0.0426,OP-H-023,ST-H-19,0.2824,medium
HASM-04863,37.352,0.845,0.0536,OP-H-175,ST-H-36,0.2262,low
HASM-04864,34.515,0.735,0.0597,OP-H-020,ST-H-18,0.2505,medium
HASM-04865,42.382,0.743,0.0426,OP-H-125,ST-H-18,0.0893,low
HASM-04866,44.843,1.592,0.0612,OP-H-089,ST-H-10,0.3508,medium
HASM-04867,40.328,0.757,0.0529,OP-H-068,ST-H-40,0.2004,low
HASM-04868,20.625,0.979,0.0375,OP-H-082,ST-H-08,0.2241,low
HASM-04869,34.486,0.803,0.1448,OP-H-009,ST-H-33,0.3282,medium
HASM-04870,37.686,0.712,0.0314,OP-H-170,ST-H-08,0.2121,low
HASM-04871,33.825,1.349,0.1028,OP-H-089,ST-H-12,0.4017,medium
HASM-04872,37.24,0.809,0.0468,OP-H-019,ST-H-30,0.2046,low
HASM-04873,37.281,0.808,0.0823,OP-H-036,ST-H-18,0.2441,low
HASM-04874,29.686,0.84,0.0744,OP-H-002,ST-H-32,0.2731,medium
HASM-04875,38.926,1.175,0.005,OP-H-131,ST-H-23,0.1426,low
HASM-04876,47.646,1.152,0.0389,OP-H-176,ST-H-19,0.2144,low
HASM-04877,45.786,0.995,0.0508,OP-H-038,ST-H-29,0.1311,low
HASM-04878,32.7,1.084,0.1051,OP-H-138,ST-H-09,0.2469,low
HASM-04879,35.301,0.745,0.1088,OP-H-161,ST-H-07,0.3081,medium
HASM-04880,41.705,1.349,0.1341,OP-H-016,ST-H-23,0.3264,medium
HASM-04881,40.865,1.297,0.04,OP-H-028,ST-H-12,0.2355,low
HASM-04882,36.785,0.535,0.0172,OP-H-129,ST-H-14,0.3302,medium
HASM-04883,62.064,0.719,0.0953,OP-H-123,ST-H-02,0.4711,medium
HASM-04884,47.343,0.723,0.0089,OP-H-065,ST-H-02,0.2254,low
HASM-04885,44.223,1.243,0.0652,OP-H-039,ST-H-23,0.2261,low
HASM-04886,39.378,0.978,0.1093,OP-H-067,ST-H-23,0.1435,low
HASM-04887,52.413,0.944,0.1389,OP-H-035,ST-H-38,0.2639,medium
HASM-04888,36.727,1.395,0.145,OP-H-007,ST-H-09,0.3899,medium
HASM-04889,40.501,1.242,0.0271,OP-H-003,ST-H-29,0.191,low
HASM-04890,43.581,1.285,0.0637,OP-H-024,ST-H-02,0.2489,low
HASM-04891,47.9,0.946,0.0655,OP-H-080,ST-H-30,0.1601,low
HASM-04892,52.469,1.482,0.0975,OP-H-061,ST-H-27,0.367,medium
HASM-04893,54.159,1.268,0.0227,OP-H-154,ST-H-04,0.2573,medium
HASM-04894,46.862,0.851,0.0653,OP-H-100,ST-H-26,0.2149,low
HASM-04895,41.654,1.088,0.1083,OP-H-080,ST-H-16,0.1805,low
HASM-04896,48.269,0.956,0.0679,OP-H-020,ST-H-32,0.195,low
HASM-04897,35.251,1.114,0.0314,OP-H-129,ST-H-38,0.1489,low
HASM-04898,50.193,1.123,0.0642,OP-H-049,ST-H-11,0.2185,low
HASM-04899,28.929,0.815,0.0323,OP-H-047,ST-H-24,0.3168,medium
HASM-04900,39.826,0.859,0.0568,OP-H-141,ST-H-25,0.1697,low
HASM-04901,39.055,0.698,0.0763,OP-H-071,ST-H-08,0.2176,low
HASM-04902,33.403,0.905,0.0528,OP-H-128,ST-H-16,0.2554,medium
HASM-04903,38.782,0.529,0.0877,OP-H-156,ST-H-22,0.337,medium
HASM-04904,35.544,1.377,0.0164,OP-H-041,ST-H-17,0.2837,medium
HASM-04905,45.366,0.76,0.1306,OP-H-153,ST-H-28,0.3144,medium
HASM-04906,39.662,0.887,0.0552,OP-H-051,ST-H-27,0.1505,low
HASM-04907,33.966,0.855,0.0915,OP-H-077,ST-H-28,0.1981,low
HASM-04908,34.958,0.999,0.0177,OP-H-114,ST-H-16,0.1461,low
HASM-04909,35.387,0.713,0.0489,OP-H-107,ST-H-07,0.2896,medium
HASM-04910,46.869,1.465,0.0512,OP-H-046,ST-H-22,0.2832,medium
HASM-04911,50.117,0.8,0.0448,OP-H-110,ST-H-19,0.1708,low
HASM-04912,38.268,1.087,0.0957,OP-H-154,ST-H-18,0.163,low
HASM-04913,34.702,1.457,0.0435,OP-H-002,ST-H-37,0.3792,medium
HASM-04914,33.537,1.031,0.0213,OP-H-127,ST-H-14,0.0663,low
HASM-04915,49.209,1.368,0.0295,OP-H-128,ST-H-40,0.268,medium
HASM-04916,37.17,1.108,0.0466,OP-H-096,ST-H-22,0.1606,low
HASM-04917,48.705,0.51,0.1342,OP-H-016,ST-H-10,0.5494,high
HASM-04918,38.151,1.045,0.0167,OP-H-088,ST-H-10,0.0915,low
HASM-04919,47.8,0.695,0.1086,OP-H-073,ST-H-12,0.34,medium
HASM-04920,46.543,1.438,0.0989,OP-H-015,ST-H-32,0.3843,medium
HASM-04921,32.048,1.202,0.1058,OP-H-023,ST-H-15,0.3121,medium
HASM-04922,34.694,1.109,0.0453,OP-H-112,ST-H-13,0.1857,low
HASM-04923,31.537,0.762,0.0315,OP-H-131,ST-H-33,0.2549,medium
HASM-04924,32.602,1.635,0.0355,OP-H-159,ST-H-30,0.3484,medium
HASM-04925,38.766,0.608,0.0965,OP-H-031,ST-H-26,0.3572,medium
HASM-04926,49.947,1.172,0.1756,OP-H-088,ST-H-22,0.3893,medium
HASM-04927,51.409,0.757,0.0384,OP-H-026,ST-H-25,0.248,low
HASM-04928,52.81,0.884,0.0686,OP-H-116,ST-H-31,0.2832,medium
HASM-04929,41.815,0.603,0.0144,OP-H-079,ST-H-32,0.1758,low
HASM-04930,31.172,0.969,0.104,OP-H-161,ST-H-21,0.1756,low
HASM-04931,30.477,0.802,0.1713,OP-H-116,ST-H-19,0.4503,medium
HASM-04932,50.173,0.887,0.1145,OP-H-095,ST-H-34,0.2551,medium
HASM-04933,34.562,1.243,0.0538,OP-H-170,ST-H-08,0.2246,low
HASM-04934,53.245,1.542,0.1623,OP-H-100,ST-H-23,0.5182,high
HASM-04935,38.962,0.83,0.0495,OP-H-113,ST-H-33,0.141,low
HASM-04936,54.192,0.754,0.0119,OP-H-107,ST-H-01,0.197,low
HASM-04937,41.172,1.374,0.0619,OP-H-087,ST-H-06,0.2123,low
HASM-04938,42.245,0.323,0.0296,OP-H-013,ST-H-05,0.368,medium
HASM-04939,57.133,0.748,0.0546,OP-H-070,ST-H-32,0.2758,medium
HASM-04940,29.105,1.173,0.0258,OP-H-046,ST-H-38,0.2139,low
HASM-04941,46.639,0.787,0.0892,OP-H-037,ST-H-07,0.229,low
HASM-04942,45.53,0.932,0.0486,OP-H-010,ST-H-22,0.0103,low
HASM-04943,29.451,0.956,0.1233,OP-H-118,ST-H-07,0.3055,medium
HASM-04944,59.7,1.421,0.0435,OP-H-126,ST-H-05,0.324,medium
HASM-04945,37.767,0.9,0.0223,OP-H-065,ST-H-17,0.1459,low
HASM-04946,46.66,0.752,0.0913,OP-H-160,ST-H-17,0.2889,medium
HASM-04947,38.793,0.97,0.0466,OP-H-165,ST-H-15,0.1226,low
HASM-04948,39.57,1.667,0.0746,OP-H-103,ST-H-18,0.4407,medium
HASM-04949,38.396,0.819,0.0918,OP-H-066,ST-H-09,0.1829,low
HASM-04950,38.604,0.743,0.0536,OP-H-128,ST-H-15,0.1746,low
HASM-04951,25.022,1.037,0.0388,OP-H-061,ST-H-04,0.1984,low
HASM-04952,38.599,0.983,0.0258,OP-H-083,ST-H-40,0.0873,low
HASM-04953,48.065,0.833,0.0555,OP-H-104,ST-H-22,0.2439,low
HASM-04954,36.272,0.793,0.0351,OP-H-141,ST-H-26,0.1717,low
HASM-04955,35.67,1.01,0.0841,OP-H-112,ST-H-02,0.199,low
HASM-04956,38.625,1.059,0.0387,OP-H-094,ST-H-37,0.1285,low
HASM-04957,46.186,1.044,0.0438,OP-H-088,ST-H-04,0.0673,low
HASM-04958,41.491,1.516,0.1788,OP-H-165,ST-H-34,0.4865,medium
HASM-04959,43.685,1.376,0.1419,OP-H-021,ST-H-30,0.3597,medium
HASM-04960,42.14,0.965,0.1008,OP-H-061,ST-H-12,0.0998,low
HASM-04961,42.833,0.593,0.1134,OP-H-117,ST-H-39,0.3208,medium
HASM-04962,33.512,1.023,0.0606,OP-H-078,ST-H-32,0.2121,low
HASM-04963,51.79,0.725,0.1608,OP-H-026,ST-H-35,0.4128,medium
HASM-04964,39.928,0.704,0.0444,OP-H-177,ST-H-26,0.2626,medium
HASM-04965,26.714,1.589,0.0044,OP-H-039,ST-H-17,0.3863,medium
HASM-04966,40.34,0.911,0.1526,OP-H-162,ST-H-29,0.2724,medium
HASM-04967,37.813,1.317,0.0789,OP-H-171,ST-H-03,0.241,low
HASM-04968,26.869,0.623,0.2105,OP-H-171,ST-H-16,0.5192,high
HASM-04969,46.744,0.702,0.059,OP-H-069,ST-H-32,0.2582,medium
HASM-04970,49.331,0.931,0.0065,OP-H-155,ST-H-31,0.1029,low
HASM-04971,48.207,1.545,0.013,OP-H-172,ST-H-40,0.2449,low
HASM-04972,43.227,0.745,0.0258,OP-H-125,ST-H-03,0.1361,low
HASM-04973,62.606,1.175,0.1459,OP-H-082,ST-H-33,0.5159,high
HASM-04974,41.277,0.917,0.0486,OP-H-156,ST-H-37,0.0907,low
HASM-04975,43.588,1.052,0.1697,OP-H-153,ST-H-21,0.292,medium
HASM-04976,50.864,0.993,0.1097,OP-H-163,ST-H-24,0.167,low
HASM-04977,49.832,1.143,0.0347,OP-H-159,ST-H-36,0.2024,low
HASM-04978,48.332,0.712,0.0252,OP-H-060,ST-H-09,0.1846,low
HASM-04979,47.79,0.989,0.0971,OP-H-108,ST-H-11,0.2218,low
HASM-04980,45.43,1.153,0.0378,OP-H-064,ST-H-04,0.1265,low
HASM-04981,48.495,0.871,0.111,OP-H-089,ST-H-34,0.2582,medium
HASM-04982,41.678,0.882,0.1529,OP-H-014,ST-H-06,0.271,medium
HASM-04983,34.247,0.834,0.1722,OP-H-051,ST-H-24,0.3534,medium
HASM-04984,54.971,1.304,0.0406,OP-H-140,ST-H-13,0.3023,medium
HASM-04985,27.498,0.751,0.0518,OP-H-011,ST-H-14,0.3709,medium
HASM-04986,59.585,1.067,0.1273,OP-H-145,ST-H-14,0.347,medium
HASM-04987,25.975,0.939,0.0711,OP-H-149,ST-H-21,0.2265,low
HASM-04988,39.887,0.867,0.093,OP-H-069,ST-H-32,0.1349,low
HASM-04989,38.112,1.225,0.0796,OP-H-151,ST-H-10,0.3038,medium
HASM-04990,33.134,0.829,0.0452,OP-H-050,ST-H-34,0.2553,medium
HASM-04991,42.677,0.856,0.1348,OP-H-005,ST-H-12,0.2634,medium
HASM-04992,45.443,0.865,0.0884,OP-H-067,ST-H-29,0.1553,low
HASM-04993,19.834,0.855,0.0084,OP-H-115,ST-H-21,0.2469,low
HASM-04994,49.47,1.067,0.0963,OP-H-101,ST-H-33,0.1866,low
HASM-04995,38.054,0.962,0.1577,OP-H-155,ST-H-24,0.2692,medium
HASM-04996,55.389,0.672,0.1155,OP-H-140,ST-H-35,0.3131,medium
HASM-04997,44.316,0.826,0.1631,OP-H-159,ST-H-33,0.3089,medium
HASM-04998,43.864,0.51,0.065,OP-H-078,ST-H-29,0.25,medium
HASM-04999,57.472,1.013,0.068,OP-H-066,ST-H-29,0.1927,low
HASM-05000,37.259,1.183,0.0444,OP-H-163,ST-H-17,0.1505,low
