feedback_id,bearing_id,raw_label,fault_type,fault_position,fault_severity,diagnosis_confidence,rca_text,fault_evolution_text,rca_confidence,true_reason_id,true_reason_type,true_stage
BFB-00001,BRG-00001,OR014,outer_race_fault,outer_race,medium,0.6635,结合振动、峭度和温升特征，外圈故障与装配阶段异常高度一致，优先追溯到 BASM-00001。,异常由微小缺陷逐步发展为周期性冲击，检测指标随严重度上升而同步恶化。,0.6369,BASM-00001,AssemblyRecord,assembly
BFB-00002,BRG-00002,OR007,outer_race_fault,outer_race,slight,0.6563,该样本的生命周期风险在材料阶段较突出，能够解释当前轻微外圈故障的主要失效模式。,早期表现为局部接触应力升高，随后振动冲击增强，最终演化为轻微外圈故障。,0.6439,BMAT-00128,MaterialBatch,material
BFB-00003,BRG-00003,OR021,outer_race_fault,outer_race,severe,0.6955,该样本的生命周期风险在设计阶段较突出，能够解释当前严重外圈故障的主要失效模式。,风险首先在设计阶段形成隐患，运行中持续放大，并通过温度与振动指标表现出来。,0.7745,BDES-00547,BearingDesignSpec,design
BFB-00004,BRG-00004,B014,rolling_element_fault,rolling_element,medium,0.6462,结合振动、峭度和温升特征，滚动体故障与制造阶段异常高度一致，优先追溯到 BMAN-00032。,异常由微小缺陷逐步发展为周期性冲击，检测指标随严重度上升而同步恶化。,0.7165,BMAN-00032,ManufacturingBatch,manufacturing
BFB-00005,BRG-00005,OR014,outer_race_fault,outer_race,medium,0.6577,诊断结果显示轴承出现中等外圈故障，根因更可能来自材料阶段实体 BMAT-00429 的风险累积。,异常由微小缺陷逐步发展为周期性冲击，检测指标随严重度上升而同步恶化。,0.7066,BMAT-00429,MaterialBatch,material
BFB-00006,BRG-00006,OR007,outer_race_fault,outer_race,slight,0.7147,结合振动、峭度和温升特征，外圈故障与检测阶段异常高度一致，优先追溯到 BINSP-00006。,风险首先在检测阶段形成隐患，运行中持续放大，并通过温度与振动指标表现出来。,0.6827,BINSP-00006,InspectionRecord,inspection
BFB-00007,BRG-00007,B014,rolling_element_fault,rolling_element,medium,0.6954,结合振动、峭度和温升特征，滚动体故障与运维阶段异常高度一致，优先追溯到 BOPR-00007。,早期表现为局部接触应力升高，随后振动冲击增强，最终演化为中等滚动体故障。,0.6178,BOPR-00007,MaintenanceRecord,operation
BFB-00008,BRG-00008,IR014,inner_race_fault,inner_race,medium,0.7096,该样本的生命周期风险在制造阶段较突出，能够解释当前中等内圈故障的主要失效模式。,异常由微小缺陷逐步发展为周期性冲击，检测指标随严重度上升而同步恶化。,0.6832,BMAN-00524,ManufacturingBatch,manufacturing
BFB-00009,BRG-00009,IR014,inner_race_fault,inner_race,medium,0.6298,诊断结果显示轴承出现中等内圈故障，根因更可能来自装配阶段实体 BASM-00009 的风险累积。,早期表现为局部接触应力升高，随后振动冲击增强，最终演化为中等内圈故障。,0.6301,BASM-00009,AssemblyRecord,assembly
BFB-00010,BRG-00010,IR014,inner_race_fault,inner_race,medium,0.6645,诊断结果显示轴承出现中等内圈故障，根因更可能来自运维阶段实体 BOPR-00010 的风险累积。,风险首先在运维阶段形成隐患，运行中持续放大，并通过温度与振动指标表现出来。,0.6896,BOPR-00010,MaintenanceRecord,operation
BFB-00011,BRG-00011,Normal,normal,none,normal,0.8778,该轴承样本生命周期风险较低，未形成明确故障追溯链。,运行状态平稳，检测指标未呈现持续恶化趋势。,0.8966,NORMAL_BASELINE,QualityFeedback,feedback
BFB-00012,BRG-00012,B014,rolling_element_fault,rolling_element,medium,0.6676,该样本的生命周期风险在制造阶段较突出，能够解释当前中等滚动体故障的主要失效模式。,异常由微小缺陷逐步发展为周期性冲击，检测指标随严重度上升而同步恶化。,0.7208,BMAN-01034,ManufacturingBatch,manufacturing
BFB-00013,BRG-00013,IR021,inner_race_fault,inner_race,severe,0.7231,该样本的生命周期风险在材料阶段较突出，能够解释当前严重内圈故障的主要失效模式。,风险首先在材料阶段形成隐患，运行中持续放大，并通过温度与振动指标表现出来。,0.7424,BMAT-00257,MaterialBatch,material
BFB-00014,BRG-00014,OR014,outer_race_fault,outer_race,medium,0.7742,诊断结果显示轴承出现中等外圈故障，根因更可能来自设计阶段实体 BDES-00017 的风险累积。,早期表现为局部接触应力升高，随后振动冲击增强，最终演化为中等外圈故障。,0.7751,BDES-00017,BearingDesignSpec,design
BFB-00015,BRG-00015,IR014,inner_race_fault,inner_race,medium,0.6199,诊断结果显示轴承出现中等内圈故障，根因更可能来自材料阶段实体 BMAT-00131 的风险累积。,早期表现为局部接触应力升高，随后振动冲击增强，最终演化为中等内圈故障。,0.615,BMAT-00131,MaterialBatch,material
BFB-00016,BRG-00016,Normal,normal,none,normal,0.8604,该轴承样本生命周期风险较低，未形成明确故障追溯链。,运行状态平稳，检测指标未呈现持续恶化趋势。,0.8407,NORMAL_BASELINE,QualityFeedback,feedback
BFB-00017,BRG-00017,IR014,inner_race_fault,inner_race,medium,0.7538,该样本的生命周期风险在制造阶段较突出，能够解释当前中等内圈故障的主要失效模式。,异常由微小缺陷逐步发展为周期性冲击，检测指标随严重度上升而同步恶化。,0.6729,BMAN-01192,ManufacturingBatch,manufacturing
BFB-00018,BRG-00018,B014,rolling_element_fault,rolling_element,medium,0.7714,该样本的生命周期风险在装配阶段较突出，能够解释当前中等滚动体故障的主要失效模式。,早期表现为局部接触应力升高，随后振动冲击增强，最终演化为中等滚动体故障。,0.6535,BASM-00018,AssemblyRecord,assembly
BFB-00019,BRG-00019,IR014,inner_race_fault,inner_race,medium,0.6966,诊断结果显示轴承出现中等内圈故障，根因更可能来自材料阶段实体 BMAT-00309 的风险累积。,异常由微小缺陷逐步发展为周期性冲击，检测指标随严重度上升而同步恶化。,0.7147,BMAT-00309,MaterialBatch,material
BFB-00020,BRG-00020,Normal,normal,none,normal,0.9015,该轴承样本生命周期风险较低，未形成明确故障追溯链。,运行状态平稳，检测指标未呈现持续恶化趋势。,0.8386,NORMAL_BASELINE,QualityFeedback,feedback
BFB-00021,BRG-00021,B007,rolling_element_fault,rolling_element,slight,0.654,该样本的生命周期风险在装配阶段较突出，能够解释当前轻微滚动体故障的主要失效模式。,风险首先在装配阶段形成隐患，运行中持续放大，并通过温度与振动指标表现出来。,0.6458,BASM-00021,AssemblyRecord,assembly
BFB-00022,BRG-00022,B014,rolling_element_fault,rolling_element,medium,0.7104,结合振动、峭度和温升特征，滚动体故障与检测阶段异常高度一致，优先追溯到 BINSP-00022。,风险首先在检测阶段形成隐患，运行中持续放大，并通过温度与振动指标表现出来。,0.6645,BINSP-00022,InspectionRecord,inspection
BFB-00023,BRG-00023,IR014,inner_race_fault,inner_race,medium,0.7756,该样本的生命周期风险在制造阶段较突出，能够解释当前中等内圈故障的主要失效模式。,早期表现为局部接触应力升高，随后振动冲击增强，最终演化为中等内圈故障。,0.7153,BMAN-00893,ManufacturingBatch,manufacturing
BFB-00024,BRG-00024,OR007,outer_race_fault,outer_race,slight,0.6527,该样本的生命周期风险在设计阶段较突出，能够解释当前轻微外圈故障的主要失效模式。,风险首先在设计阶段形成隐患，运行中持续放大，并通过温度与振动指标表现出来。,0.7263,BDES-00058,BearingDesignSpec,design
BFB-00025,BRG-00025,B014,rolling_element_fault,rolling_element,medium,0.7039,诊断结果显示轴承出现中等滚动体故障，根因更可能来自装配阶段实体 BASM-00025 的风险累积。,早期表现为局部接触应力升高，随后振动冲击增强，最终演化为中等滚动体故障。,0.6683,BASM-00025,AssemblyRecord,assembly
BFB-00026,BRG-00026,IR014,inner_race_fault,inner_race,medium,0.6379,诊断结果显示轴承出现中等内圈故障，根因更可能来自制造阶段实体 BMAN-00319 的风险累积。,风险首先在制造阶段形成隐患，运行中持续放大，并通过温度与振动指标表现出来。,0.6733,BMAN-00319,ManufacturingBatch,manufacturing
BFB-00027,BRG-00027,OR014,outer_race_fault,outer_race,medium,0.6889,诊断结果显示轴承出现中等外圈故障，根因更可能来自运维阶段实体 BOPR-00027 的风险累积。,早期表现为局部接触应力升高，随后振动冲击增强，最终演化为中等外圈故障。,0.7098,BOPR-00027,MaintenanceRecord,operation
BFB-00028,BRG-00028,OR007,outer_race_fault,outer_race,slight,0.6379,该样本的生命周期风险在装配阶段较突出，能够解释当前轻微外圈故障的主要失效模式。,风险首先在装配阶段形成隐患，运行中持续放大，并通过温度与振动指标表现出来。,0.5854,BASM-00028,AssemblyRecord,assembly
BFB-00029,BRG-00029,OR021,outer_race_fault,outer_race,severe,0.6791,结合振动、峭度和温升特征，外圈故障与制造阶段异常高度一致，优先追溯到 BMAN-00663。,风险首先在制造阶段形成隐患，运行中持续放大，并通过温度与振动指标表现出来。,0.7865,BMAN-00663,ManufacturingBatch,manufacturing
BFB-00030,BRG-00030,OR014,outer_race_fault,outer_race,medium,0.6897,诊断结果显示轴承出现中等外圈故障，根因更可能来自装配阶段实体 BASM-00030 的风险累积。,异常由微小缺陷逐步发展为周期性冲击，检测指标随严重度上升而同步恶化。,0.786,BASM-00030,AssemblyRecord,assembly
BFB-00031,BRG-00031,B007,rolling_element_fault,rolling_element,slight,0.6916,该样本的生命周期风险在材料阶段较突出，能够解释当前轻微滚动体故障的主要失效模式。,早期表现为局部接触应力升高，随后振动冲击增强，最终演化为轻微滚动体故障。,0.6737,BMAT-00075,MaterialBatch,material
BFB-00032,BRG-00032,OR014,outer_race_fault,outer_race,medium,0.6841,该样本的生命周期风险在装配阶段较突出，能够解释当前中等外圈故障的主要失效模式。,早期表现为局部接触应力升高，随后振动冲击增强，最终演化为中等外圈故障。,0.7078,BASM-00032,AssemblyRecord,assembly
BFB-00033,BRG-00033,IR021,inner_race_fault,inner_race,severe,0.7584,该样本的生命周期风险在材料阶段较突出，能够解释当前严重内圈故障的主要失效模式。,异常由微小缺陷逐步发展为周期性冲击，检测指标随严重度上升而同步恶化。,0.7296,BMAT-00210,MaterialBatch,material
BFB-00034,BRG-00034,IR021,inner_race_fault,inner_race,severe,0.6737,结合振动、峭度和温升特征，内圈故障与装配阶段异常高度一致，优先追溯到 BASM-00034。,异常由微小缺陷逐步发展为周期性冲击，检测指标随严重度上升而同步恶化。,0.7126,BASM-00034,AssemblyRecord,assembly
BFB-00035,BRG-00035,IR007,inner_race_fault,inner_race,slight,0.6828,该样本的生命周期风险在运维阶段较突出，能够解释当前轻微内圈故障的主要失效模式。,风险首先在运维阶段形成隐患，运行中持续放大，并通过温度与振动指标表现出来。,0.6466,BOPR-00035,MaintenanceRecord,operation
BFB-00036,BRG-00036,Normal,normal,none,normal,0.8973,该轴承样本生命周期风险较低，未形成明确故障追溯链。,运行状态平稳，检测指标未呈现持续恶化趋势。,0.8829,NORMAL_BASELINE,QualityFeedback,feedback
BFB-00037,BRG-00037,IR007,inner_race_fault,inner_race,slight,0.6942,诊断结果显示轴承出现轻微内圈故障，根因更可能来自材料阶段实体 BMAT-00378 的风险累积。,异常由微小缺陷逐步发展为周期性冲击，检测指标随严重度上升而同步恶化。,0.6603,BMAT-00378,MaterialBatch,material
BFB-00038,BRG-00038,Normal,normal,none,normal,0.9574,该轴承样本生命周期风险较低，未形成明确故障追溯链。,运行状态平稳，检测指标未呈现持续恶化趋势。,0.8137,NORMAL_BASELINE,QualityFeedback,feedback
BFB-00039,BRG-00039,OR014,outer_race_fault,outer_race,medium,0.7655,诊断结果显示轴承出现中等外圈故障，根因更可能来自运维阶段实体 BOPR-00039 的风险累积。,风险首先在运维阶段形成隐患，运行中持续放大，并通过温度与振动指标表现出来。,0.7318,BOPR-00039,MaintenanceRecord,operation
BFB-00040,BRG-00040,OR014,outer_race_fault,outer_race,medium,0.6896,结合振动、峭度和温升特征，外圈故障与设计阶段异常高度一致，优先追溯到 BDES-00019。,早期表现为局部接触应力升高，随后振动冲击增强，最终演化为中等外圈故障。,0.7056,BDES-00019,BearingDesignSpec,design
BFB-00041,BRG-00041,IR007,inner_race_fault,inner_race,slight,0.7389,诊断结果显示轴承出现轻微内圈故障，根因更可能来自制造阶段实体 BMAN-01046 的风险累积。,早期表现为局部接触应力升高，随后振动冲击增强，最终演化为轻微内圈故障。,0.6862,BMAN-01046,ManufacturingBatch,manufacturing
BFB-00042,BRG-00042,OR021,outer_race_fault,outer_race,severe,0.7356,该样本的生命周期风险在装配阶段较突出，能够解释当前严重外圈故障的主要失效模式。,异常由微小缺陷逐步发展为周期性冲击，检测指标随严重度上升而同步恶化。,0.6938,BASM-00042,AssemblyRecord,assembly
BFB-00043,BRG-00043,B007,rolling_element_fault,rolling_element,slight,0.6237,结合振动、峭度和温升特征，滚动体故障与材料阶段异常高度一致，优先追溯到 BMAT-00119。,风险首先在材料阶段形成隐患，运行中持续放大，并通过温度与振动指标表现出来。,0.5859,BMAT-00119,MaterialBatch,material
BFB-00044,BRG-00044,IR014,inner_race_fault,inner_race,medium,0.7344,结合振动、峭度和温升特征，内圈故障与设计阶段异常高度一致，优先追溯到 BDES-00028。,早期表现为局部接触应力升高，随后振动冲击增强，最终演化为中等内圈故障。,0.6462,BDES-00028,BearingDesignSpec,design
BFB-00045,BRG-00045,OR014,outer_race_fault,outer_race,medium,0.6452,该样本的生命周期风险在制造阶段较突出，能够解释当前中等外圈故障的主要失效模式。,风险首先在制造阶段形成隐患，运行中持续放大，并通过温度与振动指标表现出来。,0.693,BMAN-00704,ManufacturingBatch,manufacturing
BFB-00046,BRG-00046,IR007,inner_race_fault,inner_race,slight,0.7339,该样本的生命周期风险在制造阶段较突出，能够解释当前轻微内圈故障的主要失效模式。,风险首先在制造阶段形成隐患，运行中持续放大，并通过温度与振动指标表现出来。,0.6237,BMAN-01185,ManufacturingBatch,manufacturing
BFB-00047,BRG-00047,B007,rolling_element_fault,rolling_element,slight,0.6724,该样本的生命周期风险在装配阶段较突出，能够解释当前轻微滚动体故障的主要失效模式。,异常由微小缺陷逐步发展为周期性冲击，检测指标随严重度上升而同步恶化。,0.634,BASM-00047,AssemblyRecord,assembly
BFB-00048,BRG-00048,IR007,inner_race_fault,inner_race,slight,0.6847,该样本的生命周期风险在制造阶段较突出，能够解释当前轻微内圈故障的主要失效模式。,早期表现为局部接触应力升高，随后振动冲击增强，最终演化为轻微内圈故障。,0.6258,BMAN-00652,ManufacturingBatch,manufacturing
BFB-00049,BRG-00049,IR014,inner_race_fault,inner_race,medium,0.7236,结合振动、峭度和温升特征，内圈故障与制造阶段异常高度一致，优先追溯到 BMAN-00836。,风险首先在制造阶段形成隐患，运行中持续放大，并通过温度与振动指标表现出来。,0.6141,BMAN-00836,ManufacturingBatch,manufacturing
BFB-00050,BRG-00050,B014,rolling_element_fault,rolling_element,medium,0.6857,该样本的生命周期风险在制造阶段较突出，能够解释当前中等滚动体故障的主要失效模式。,风险首先在制造阶段形成隐患，运行中持续放大，并通过温度与振动指标表现出来。,0.7154,BMAN-00138,ManufacturingBatch,manufacturing
BFB-00051,BRG-00051,B021,rolling_element_fault,rolling_element,severe,0.7502,诊断结果显示轴承出现严重滚动体故障，根因更可能来自设计阶段实体 BDES-00641 的风险累积。,早期表现为局部接触应力升高，随后振动冲击增强，最终演化为严重滚动体故障。,0.6121,BDES-00641,BearingDesignSpec,design
BFB-00052,BRG-00052,IR021,inner_race_fault,inner_race,severe,0.7278,结合振动、峭度和温升特征，内圈故障与装配阶段异常高度一致，优先追溯到 BASM-00052。,早期表现为局部接触应力升高，随后振动冲击增强，最终演化为严重内圈故障。,0.7262,BASM-00052,AssemblyRecord,assembly
BFB-00053,BRG-00053,IR021,inner_race_fault,inner_race,severe,0.7004,结合振动、峭度和温升特征，内圈故障与材料阶段异常高度一致，优先追溯到 BMAT-00218。,异常由微小缺陷逐步发展为周期性冲击，检测指标随严重度上升而同步恶化。,0.6463,BMAT-00218,MaterialBatch,material
BFB-00054,BRG-00054,IR014,inner_race_fault,inner_race,medium,0.7051,诊断结果显示轴承出现中等内圈故障，根因更可能来自制造阶段实体 BMAN-00615 的风险累积。,早期表现为局部接触应力升高，随后振动冲击增强，最终演化为中等内圈故障。,0.7544,BMAN-00615,ManufacturingBatch,manufacturing
BFB-00055,BRG-00055,IR014,inner_race_fault,inner_race,medium,0.7039,诊断结果显示轴承出现中等内圈故障，根因更可能来自装配阶段实体 BASM-00055 的风险累积。,风险首先在装配阶段形成隐患，运行中持续放大，并通过温度与振动指标表现出来。,0.7411,BASM-00055,AssemblyRecord,assembly
BFB-00056,BRG-00056,OR014,outer_race_fault,outer_race,medium,0.6681,结合振动、峭度和温升特征，外圈故障与制造阶段异常高度一致，优先追溯到 BMAN-00471。,异常由微小缺陷逐步发展为周期性冲击，检测指标随严重度上升而同步恶化。,0.6994,BMAN-00471,ManufacturingBatch,manufacturing
BFB-00057,BRG-00057,IR007,inner_race_fault,inner_race,slight,0.6512,该样本的生命周期风险在材料阶段较突出，能够解释当前轻微内圈故障的主要失效模式。,异常由微小缺陷逐步发展为周期性冲击，检测指标随严重度上升而同步恶化。,0.6327,BMAT-00052,MaterialBatch,material
BFB-00058,BRG-00058,IR014,inner_race_fault,inner_race,medium,0.7326,该样本的生命周期风险在设计阶段较突出，能够解释当前中等内圈故障的主要失效模式。,异常由微小缺陷逐步发展为周期性冲击，检测指标随严重度上升而同步恶化。,0.6989,BDES-00059,BearingDesignSpec,design
BFB-00059,BRG-00059,B007,rolling_element_fault,rolling_element,slight,0.6727,结合振动、峭度和温升特征，滚动体故障与运维阶段异常高度一致，优先追溯到 BOPR-00059。,异常由微小缺陷逐步发展为周期性冲击，检测指标随严重度上升而同步恶化。,0.6773,BOPR-00059,MaintenanceRecord,operation
BFB-00060,BRG-00060,OR021,outer_race_fault,outer_race,severe,0.7147,该样本的生命周期风险在设计阶段较突出，能够解释当前严重外圈故障的主要失效模式。,早期表现为局部接触应力升高，随后振动冲击增强，最终演化为严重外圈故障。,0.7411,BDES-00291,BearingDesignSpec,design
BFB-00061,BRG-00061,B021,rolling_element_fault,rolling_element,severe,0.7222,结合振动、峭度和温升特征，滚动体故障与运维阶段异常高度一致，优先追溯到 BOPR-00061。,异常由微小缺陷逐步发展为周期性冲击，检测指标随严重度上升而同步恶化。,0.6685,BOPR-00061,MaintenanceRecord,operation
BFB-00062,BRG-00062,OR007,outer_race_fault,outer_race,slight,0.6651,该样本的生命周期风险在装配阶段较突出，能够解释当前轻微外圈故障的主要失效模式。,异常由微小缺陷逐步发展为周期性冲击，检测指标随严重度上升而同步恶化。,0.6871,BASM-00062,AssemblyRecord,assembly
BFB-00063,BRG-00063,B021,rolling_element_fault,rolling_element,severe,0.7196,诊断结果显示轴承出现严重滚动体故障，根因更可能来自制造阶段实体 BMAN-00457 的风险累积。,风险首先在制造阶段形成隐患，运行中持续放大，并通过温度与振动指标表现出来。,0.7728,BMAN-00457,ManufacturingBatch,manufacturing
BFB-00064,BRG-00064,B014,rolling_element_fault,rolling_element,medium,0.7299,该样本的生命周期风险在制造阶段较突出，能够解释当前中等滚动体故障的主要失效模式。,异常由微小缺陷逐步发展为周期性冲击，检测指标随严重度上升而同步恶化。,0.7293,BMAN-00283,ManufacturingBatch,manufacturing
BFB-00065,BRG-00065,OR014,outer_race_fault,outer_race,medium,0.6353,结合振动、峭度和温升特征，外圈故障与装配阶段异常高度一致，优先追溯到 BASM-00065。,异常由微小缺陷逐步发展为周期性冲击，检测指标随严重度上升而同步恶化。,0.6124,BASM-00065,AssemblyRecord,assembly
BFB-00066,BRG-00066,IR021,inner_race_fault,inner_race,severe,0.7304,诊断结果显示轴承出现严重内圈故障，根因更可能来自设计阶段实体 BDES-00624 的风险累积。,风险首先在设计阶段形成隐患，运行中持续放大，并通过温度与振动指标表现出来。,0.6314,BDES-00624,BearingDesignSpec,design
BFB-00067,BRG-00067,OR014,outer_race_fault,outer_race,medium,0.6883,结合振动、峭度和温升特征，外圈故障与制造阶段异常高度一致，优先追溯到 BMAN-00647。,异常由微小缺陷逐步发展为周期性冲击，检测指标随严重度上升而同步恶化。,0.5977,BMAN-00647,ManufacturingBatch,manufacturing
BFB-00068,BRG-00068,Normal,normal,none,normal,0.8961,该轴承样本生命周期风险较低，未形成明确故障追溯链。,运行状态平稳，检测指标未呈现持续恶化趋势。,0.8447,NORMAL_BASELINE,QualityFeedback,feedback
BFB-00069,BRG-00069,B014,rolling_element_fault,rolling_element,medium,0.6126,该样本的生命周期风险在装配阶段较突出，能够解释当前中等滚动体故障的主要失效模式。,异常由微小缺陷逐步发展为周期性冲击，检测指标随严重度上升而同步恶化。,0.623,BASM-00069,AssemblyRecord,assembly
BFB-00070,BRG-00070,B007,rolling_element_fault,rolling_element,slight,0.6871,诊断结果显示轴承出现轻微滚动体故障，根因更可能来自材料阶段实体 BMAT-00088 的风险累积。,异常由微小缺陷逐步发展为周期性冲击，检测指标随严重度上升而同步恶化。,0.6772,BMAT-00088,MaterialBatch,material
BFB-00071,BRG-00071,IR014,inner_race_fault,inner_race,medium,0.6837,诊断结果显示轴承出现中等内圈故障，根因更可能来自材料阶段实体 BMAT-00403 的风险累积。,异常由微小缺陷逐步发展为周期性冲击，检测指标随严重度上升而同步恶化。,0.6677,BMAT-00403,MaterialBatch,material
BFB-00072,BRG-00072,OR021,outer_race_fault,outer_race,severe,0.7146,该样本的生命周期风险在制造阶段较突出，能够解释当前严重外圈故障的主要失效模式。,风险首先在制造阶段形成隐患，运行中持续放大，并通过温度与振动指标表现出来。,0.6766,BMAN-00951,ManufacturingBatch,manufacturing
BFB-00073,BRG-00073,B021,rolling_element_fault,rolling_element,severe,0.6674,结合振动、峭度和温升特征，滚动体故障与材料阶段异常高度一致，优先追溯到 BMAT-00469。,异常由微小缺陷逐步发展为周期性冲击，检测指标随严重度上升而同步恶化。,0.7104,BMAT-00469,MaterialBatch,material
BFB-00074,BRG-00074,Normal,normal,none,normal,0.8878,该轴承样本生命周期风险较低，未形成明确故障追溯链。,运行状态平稳，检测指标未呈现持续恶化趋势。,0.8606,NORMAL_BASELINE,QualityFeedback,feedback
BFB-00075,BRG-00075,OR021,outer_race_fault,outer_race,severe,0.7057,诊断结果显示轴承出现严重外圈故障，根因更可能来自装配阶段实体 BASM-00075 的风险累积。,早期表现为局部接触应力升高，随后振动冲击增强，最终演化为严重外圈故障。,0.6247,BASM-00075,AssemblyRecord,assembly
BFB-00076,BRG-00076,IR014,inner_race_fault,inner_race,medium,0.7018,结合振动、峭度和温升特征，内圈故障与装配阶段异常高度一致，优先追溯到 BASM-00076。,风险首先在装配阶段形成隐患，运行中持续放大，并通过温度与振动指标表现出来。,0.67,BASM-00076,AssemblyRecord,assembly
BFB-00077,BRG-00077,B021,rolling_element_fault,rolling_element,severe,0.7282,诊断结果显示轴承出现严重滚动体故障，根因更可能来自装配阶段实体 BASM-00077 的风险累积。,风险首先在装配阶段形成隐患，运行中持续放大，并通过温度与振动指标表现出来。,0.7088,BASM-00077,AssemblyRecord,assembly
BFB-00078,BRG-00078,B014,rolling_element_fault,rolling_element,medium,0.685,诊断结果显示轴承出现中等滚动体故障，根因更可能来自制造阶段实体 BMAN-00063 的风险累积。,早期表现为局部接触应力升高，随后振动冲击增强，最终演化为中等滚动体故障。,0.6837,BMAN-00063,ManufacturingBatch,manufacturing
BFB-00079,BRG-00079,OR014,outer_race_fault,outer_race,medium,0.7342,该样本的生命周期风险在装配阶段较突出，能够解释当前中等外圈故障的主要失效模式。,风险首先在装配阶段形成隐患，运行中持续放大，并通过温度与振动指标表现出来。,0.7125,BASM-00079,AssemblyRecord,assembly
BFB-00080,BRG-00080,B007,rolling_element_fault,rolling_element,slight,0.7453,该样本的生命周期风险在设计阶段较突出，能够解释当前轻微滚动体故障的主要失效模式。,异常由微小缺陷逐步发展为周期性冲击，检测指标随严重度上升而同步恶化。,0.719,BDES-00378,BearingDesignSpec,design
BFB-00081,BRG-00081,IR007,inner_race_fault,inner_race,slight,0.7209,结合振动、峭度和温升特征，内圈故障与制造阶段异常高度一致，优先追溯到 BMAN-01184。,风险首先在制造阶段形成隐患，运行中持续放大，并通过温度与振动指标表现出来。,0.5844,BMAN-01184,ManufacturingBatch,manufacturing
BFB-00082,BRG-00082,Normal,normal,none,normal,0.8669,该轴承样本生命周期风险较低，未形成明确故障追溯链。,运行状态平稳，检测指标未呈现持续恶化趋势。,0.893,NORMAL_BASELINE,QualityFeedback,feedback
BFB-00083,BRG-00083,OR014,outer_race_fault,outer_race,medium,0.6988,诊断结果显示轴承出现中等外圈故障，根因更可能来自制造阶段实体 BMAN-00572 的风险累积。,异常由微小缺陷逐步发展为周期性冲击，检测指标随严重度上升而同步恶化。,0.6593,BMAN-00572,ManufacturingBatch,manufacturing
BFB-00084,BRG-00084,OR021,outer_race_fault,outer_race,severe,0.7164,该样本的生命周期风险在制造阶段较突出，能够解释当前严重外圈故障的主要失效模式。,风险首先在制造阶段形成隐患，运行中持续放大，并通过温度与振动指标表现出来。,0.6286,BMAN-00293,ManufacturingBatch,manufacturing
BFB-00085,BRG-00085,Normal,normal,none,normal,0.9294,该轴承样本生命周期风险较低，未形成明确故障追溯链。,运行状态平稳，检测指标未呈现持续恶化趋势。,0.7897,NORMAL_BASELINE,QualityFeedback,feedback
BFB-00086,BRG-00086,B021,rolling_element_fault,rolling_element,severe,0.7753,诊断结果显示轴承出现严重滚动体故障，根因更可能来自材料阶段实体 BMAT-00465 的风险累积。,早期表现为局部接触应力升高，随后振动冲击增强，最终演化为严重滚动体故障。,0.7412,BMAT-00465,MaterialBatch,material
BFB-00087,BRG-00087,B021,rolling_element_fault,rolling_element,severe,0.7013,诊断结果显示轴承出现严重滚动体故障，根因更可能来自材料阶段实体 BMAT-00090 的风险累积。,异常由微小缺陷逐步发展为周期性冲击，检测指标随严重度上升而同步恶化。,0.6349,BMAT-00090,MaterialBatch,material
BFB-00088,BRG-00088,OR021,outer_race_fault,outer_race,severe,0.7872,诊断结果显示轴承出现严重外圈故障，根因更可能来自材料阶段实体 BMAT-00332 的风险累积。,早期表现为局部接触应力升高，随后振动冲击增强，最终演化为严重外圈故障。,0.6735,BMAT-00332,MaterialBatch,material
BFB-00089,BRG-00089,OR014,outer_race_fault,outer_race,medium,0.7141,该样本的生命周期风险在装配阶段较突出，能够解释当前中等外圈故障的主要失效模式。,风险首先在装配阶段形成隐患，运行中持续放大，并通过温度与振动指标表现出来。,0.6881,BASM-00089,AssemblyRecord,assembly
BFB-00090,BRG-00090,B007,rolling_element_fault,rolling_element,slight,0.6906,结合振动、峭度和温升特征，滚动体故障与制造阶段异常高度一致，优先追溯到 BMAN-00955。,风险首先在制造阶段形成隐患，运行中持续放大，并通过温度与振动指标表现出来。,0.6244,BMAN-00955,ManufacturingBatch,manufacturing
BFB-00091,BRG-00091,IR021,inner_race_fault,inner_race,severe,0.6753,结合振动、峭度和温升特征，内圈故障与材料阶段异常高度一致，优先追溯到 BMAT-00261。,风险首先在材料阶段形成隐患，运行中持续放大，并通过温度与振动指标表现出来。,0.8198,BMAT-00261,MaterialBatch,material
BFB-00092,BRG-00092,IR014,inner_race_fault,inner_race,medium,0.7072,结合振动、峭度和温升特征，内圈故障与装配阶段异常高度一致，优先追溯到 BASM-00092。,风险首先在装配阶段形成隐患，运行中持续放大，并通过温度与振动指标表现出来。,0.6754,BASM-00092,AssemblyRecord,assembly
BFB-00093,BRG-00093,Normal,normal,none,normal,0.9503,该轴承样本生命周期风险较低，未形成明确故障追溯链。,运行状态平稳，检测指标未呈现持续恶化趋势。,0.8659,NORMAL_BASELINE,QualityFeedback,feedback
BFB-00094,BRG-00094,B014,rolling_element_fault,rolling_element,medium,0.7253,诊断结果显示轴承出现中等滚动体故障，根因更可能来自设计阶段实体 BDES-00298 的风险累积。,早期表现为局部接触应力升高，随后振动冲击增强，最终演化为中等滚动体故障。,0.696,BDES-00298,BearingDesignSpec,design
BFB-00095,BRG-00095,Normal,normal,none,normal,0.8628,该轴承样本生命周期风险较低，未形成明确故障追溯链。,运行状态平稳，检测指标未呈现持续恶化趋势。,0.8065,NORMAL_BASELINE,QualityFeedback,feedback
BFB-00096,BRG-00096,IR021,inner_race_fault,inner_race,severe,0.7066,结合振动、峭度和温升特征，内圈故障与装配阶段异常高度一致，优先追溯到 BASM-00096。,风险首先在装配阶段形成隐患，运行中持续放大，并通过温度与振动指标表现出来。,0.6287,BASM-00096,AssemblyRecord,assembly
BFB-00097,BRG-00097,B021,rolling_element_fault,rolling_element,severe,0.6808,诊断结果显示轴承出现严重滚动体故障，根因更可能来自装配阶段实体 BASM-00097 的风险累积。,风险首先在装配阶段形成隐患，运行中持续放大，并通过温度与振动指标表现出来。,0.7309,BASM-00097,AssemblyRecord,assembly
BFB-00098,BRG-00098,IR021,inner_race_fault,inner_race,severe,0.781,该样本的生命周期风险在装配阶段较突出，能够解释当前严重内圈故障的主要失效模式。,风险首先在装配阶段形成隐患，运行中持续放大，并通过温度与振动指标表现出来。,0.6807,BASM-00098,AssemblyRecord,assembly
BFB-00099,BRG-00099,IR014,inner_race_fault,inner_race,medium,0.7108,结合振动、峭度和温升特征，内圈故障与材料阶段异常高度一致，优先追溯到 BMAT-00242。,风险首先在材料阶段形成隐患，运行中持续放大，并通过温度与振动指标表现出来。,0.7258,BMAT-00242,MaterialBatch,material
BFB-00100,BRG-00100,OR021,outer_race_fault,outer_race,severe,0.7272,结合振动、峭度和温升特征，外圈故障与制造阶段异常高度一致，优先追溯到 BMAN-00159。,早期表现为局部接触应力升高，随后振动冲击增强，最终演化为严重外圈故障。,0.6694,BMAN-00159,ManufacturingBatch,manufacturing
BFB-00101,BRG-00101,IR014,inner_race_fault,inner_race,medium,0.6697,诊断结果显示轴承出现中等内圈故障，根因更可能来自检测阶段实体 BINSP-00101 的风险累积。,风险首先在检测阶段形成隐患，运行中持续放大，并通过温度与振动指标表现出来。,0.7093,BINSP-00101,InspectionRecord,inspection
BFB-00102,BRG-00102,B007,rolling_element_fault,rolling_element,slight,0.734,该样本的生命周期风险在检测阶段较突出，能够解释当前轻微滚动体故障的主要失效模式。,早期表现为局部接触应力升高，随后振动冲击增强，最终演化为轻微滚动体故障。,0.6548,BINSP-00102,InspectionRecord,inspection
BFB-00103,BRG-00103,IR014,inner_race_fault,inner_race,medium,0.7721,该样本的生命周期风险在装配阶段较突出，能够解释当前中等内圈故障的主要失效模式。,风险首先在装配阶段形成隐患，运行中持续放大，并通过温度与振动指标表现出来。,0.7259,BASM-00103,AssemblyRecord,assembly
BFB-00104,BRG-00104,B021,rolling_element_fault,rolling_element,severe,0.7269,该样本的生命周期风险在制造阶段较突出，能够解释当前严重滚动体故障的主要失效模式。,异常由微小缺陷逐步发展为周期性冲击，检测指标随严重度上升而同步恶化。,0.7288,BMAN-00105,ManufacturingBatch,manufacturing
BFB-00105,BRG-00105,IR007,inner_race_fault,inner_race,slight,0.668,结合振动、峭度和温升特征，内圈故障与装配阶段异常高度一致，优先追溯到 BASM-00105。,异常由微小缺陷逐步发展为周期性冲击，检测指标随严重度上升而同步恶化。,0.5963,BASM-00105,AssemblyRecord,assembly
BFB-00106,BRG-00106,IR014,inner_race_fault,inner_race,medium,0.7203,诊断结果显示轴承出现中等内圈故障，根因更可能来自装配阶段实体 BASM-00106 的风险累积。,早期表现为局部接触应力升高，随后振动冲击增强，最终演化为中等内圈故障。,0.6099,BASM-00106,AssemblyRecord,assembly
BFB-00107,BRG-00107,Normal,normal,none,normal,0.9035,该轴承样本生命周期风险较低，未形成明确故障追溯链。,运行状态平稳，检测指标未呈现持续恶化趋势。,0.8753,NORMAL_BASELINE,QualityFeedback,feedback
BFB-00108,BRG-00108,OR021,outer_race_fault,outer_race,severe,0.7288,该样本的生命周期风险在制造阶段较突出，能够解释当前严重外圈故障的主要失效模式。,异常由微小缺陷逐步发展为周期性冲击，检测指标随严重度上升而同步恶化。,0.7313,BMAN-00034,ManufacturingBatch,manufacturing
BFB-00109,BRG-00109,B007,rolling_element_fault,rolling_element,slight,0.6681,该样本的生命周期风险在材料阶段较突出，能够解释当前轻微滚动体故障的主要失效模式。,异常由微小缺陷逐步发展为周期性冲击，检测指标随严重度上升而同步恶化。,0.5885,BMAT-00231,MaterialBatch,material
BFB-00110,BRG-00110,B007,rolling_element_fault,rolling_element,slight,0.6923,结合振动、峭度和温升特征，滚动体故障与装配阶段异常高度一致，优先追溯到 BASM-00110。,早期表现为局部接触应力升高，随后振动冲击增强，最终演化为轻微滚动体故障。,0.6969,BASM-00110,AssemblyRecord,assembly
BFB-00111,BRG-00111,IR014,inner_race_fault,inner_race,medium,0.6822,诊断结果显示轴承出现中等内圈故障，根因更可能来自装配阶段实体 BASM-00111 的风险累积。,风险首先在装配阶段形成隐患，运行中持续放大，并通过温度与振动指标表现出来。,0.6645,BASM-00111,AssemblyRecord,assembly
BFB-00112,BRG-00112,OR014,outer_race_fault,outer_race,medium,0.7271,该样本的生命周期风险在材料阶段较突出，能够解释当前中等外圈故障的主要失效模式。,异常由微小缺陷逐步发展为周期性冲击，检测指标随严重度上升而同步恶化。,0.7105,BMAT-00257,MaterialBatch,material
BFB-00113,BRG-00113,OR021,outer_race_fault,outer_race,severe,0.6985,该样本的生命周期风险在制造阶段较突出，能够解释当前严重外圈故障的主要失效模式。,异常由微小缺陷逐步发展为周期性冲击，检测指标随严重度上升而同步恶化。,0.7633,BMAN-00408,ManufacturingBatch,manufacturing
BFB-00114,BRG-00114,B007,rolling_element_fault,rolling_element,slight,0.6599,结合振动、峭度和温升特征，滚动体故障与制造阶段异常高度一致，优先追溯到 BMAN-00799。,异常由微小缺陷逐步发展为周期性冲击，检测指标随严重度上升而同步恶化。,0.6124,BMAN-00799,ManufacturingBatch,manufacturing
BFB-00115,BRG-00115,IR007,inner_race_fault,inner_race,slight,0.5898,该样本的生命周期风险在装配阶段较突出，能够解释当前轻微内圈故障的主要失效模式。,异常由微小缺陷逐步发展为周期性冲击，检测指标随严重度上升而同步恶化。,0.6698,BASM-00115,AssemblyRecord,assembly
BFB-00116,BRG-00116,OR014,outer_race_fault,outer_race,medium,0.7532,诊断结果显示轴承出现中等外圈故障，根因更可能来自装配阶段实体 BASM-00116 的风险累积。,早期表现为局部接触应力升高，随后振动冲击增强，最终演化为中等外圈故障。,0.7976,BASM-00116,AssemblyRecord,assembly
BFB-00117,BRG-00117,IR021,inner_race_fault,inner_race,severe,0.7507,结合振动、峭度和温升特征，内圈故障与设计阶段异常高度一致，优先追溯到 BDES-00760。,风险首先在设计阶段形成隐患，运行中持续放大，并通过温度与振动指标表现出来。,0.6347,BDES-00760,BearingDesignSpec,design
BFB-00118,BRG-00118,OR021,outer_race_fault,outer_race,severe,0.7302,该样本的生命周期风险在材料阶段较突出，能够解释当前严重外圈故障的主要失效模式。,异常由微小缺陷逐步发展为周期性冲击，检测指标随严重度上升而同步恶化。,0.6838,BMAT-00167,MaterialBatch,material
BFB-00119,BRG-00119,Normal,normal,none,normal,0.9591,该轴承样本生命周期风险较低，未形成明确故障追溯链。,运行状态平稳，检测指标未呈现持续恶化趋势。,0.8311,NORMAL_BASELINE,QualityFeedback,feedback
BFB-00120,BRG-00120,B007,rolling_element_fault,rolling_element,slight,0.7372,结合振动、峭度和温升特征，滚动体故障与装配阶段异常高度一致，优先追溯到 BASM-00120。,异常由微小缺陷逐步发展为周期性冲击，检测指标随严重度上升而同步恶化。,0.5955,BASM-00120,AssemblyRecord,assembly
BFB-00121,BRG-00121,Normal,normal,none,normal,0.9538,该轴承样本生命周期风险较低，未形成明确故障追溯链。,运行状态平稳，检测指标未呈现持续恶化趋势。,0.8461,NORMAL_BASELINE,QualityFeedback,feedback
BFB-00122,BRG-00122,OR021,outer_race_fault,outer_race,severe,0.7258,结合振动、峭度和温升特征，外圈故障与材料阶段异常高度一致，优先追溯到 BMAT-00070。,早期表现为局部接触应力升高，随后振动冲击增强，最终演化为严重外圈故障。,0.7516,BMAT-00070,MaterialBatch,material
BFB-00123,BRG-00123,OR021,outer_race_fault,outer_race,severe,0.8109,诊断结果显示轴承出现严重外圈故障，根因更可能来自材料阶段实体 BMAT-00207 的风险累积。,早期表现为局部接触应力升高，随后振动冲击增强，最终演化为严重外圈故障。,0.6941,BMAT-00207,MaterialBatch,material
BFB-00124,BRG-00124,B014,rolling_element_fault,rolling_element,medium,0.7218,诊断结果显示轴承出现中等滚动体故障，根因更可能来自制造阶段实体 BMAN-00483 的风险累积。,早期表现为局部接触应力升高，随后振动冲击增强，最终演化为中等滚动体故障。,0.684,BMAN-00483,ManufacturingBatch,manufacturing
BFB-00125,BRG-00125,IR007,inner_race_fault,inner_race,slight,0.6705,结合振动、峭度和温升特征，内圈故障与装配阶段异常高度一致，优先追溯到 BASM-00125。,异常由微小缺陷逐步发展为周期性冲击，检测指标随严重度上升而同步恶化。,0.7016,BASM-00125,AssemblyRecord,assembly
BFB-00126,BRG-00126,IR014,inner_race_fault,inner_race,medium,0.6888,结合振动、峭度和温升特征，内圈故障与制造阶段异常高度一致，优先追溯到 BMAN-01190。,早期表现为局部接触应力升高，随后振动冲击增强，最终演化为中等内圈故障。,0.6745,BMAN-01190,ManufacturingBatch,manufacturing
BFB-00127,BRG-00127,IR007,inner_race_fault,inner_race,slight,0.6872,诊断结果显示轴承出现轻微内圈故障，根因更可能来自运维阶段实体 BOPR-00127 的风险累积。,早期表现为局部接触应力升高，随后振动冲击增强，最终演化为轻微内圈故障。,0.7774,BOPR-00127,MaintenanceRecord,operation
BFB-00128,BRG-00128,Normal,normal,none,normal,0.9083,该轴承样本生命周期风险较低，未形成明确故障追溯链。,运行状态平稳，检测指标未呈现持续恶化趋势。,0.8418,NORMAL_BASELINE,QualityFeedback,feedback
BFB-00129,BRG-00129,B021,rolling_element_fault,rolling_element,severe,0.7292,该样本的生命周期风险在装配阶段较突出，能够解释当前严重滚动体故障的主要失效模式。,异常由微小缺陷逐步发展为周期性冲击，检测指标随严重度上升而同步恶化。,0.666,BASM-00129,AssemblyRecord,assembly
BFB-00130,BRG-00130,OR014,outer_race_fault,outer_race,medium,0.7071,结合振动、峭度和温升特征，外圈故障与制造阶段异常高度一致，优先追溯到 BMAN-00467。,异常由微小缺陷逐步发展为周期性冲击，检测指标随严重度上升而同步恶化。,0.624,BMAN-00467,ManufacturingBatch,manufacturing
BFB-00131,BRG-00131,B007,rolling_element_fault,rolling_element,slight,0.7146,该样本的生命周期风险在运维阶段较突出，能够解释当前轻微滚动体故障的主要失效模式。,风险首先在运维阶段形成隐患，运行中持续放大，并通过温度与振动指标表现出来。,0.7275,BOPR-00131,MaintenanceRecord,operation
BFB-00132,BRG-00132,OR007,outer_race_fault,outer_race,slight,0.6981,诊断结果显示轴承出现轻微外圈故障，根因更可能来自制造阶段实体 BMAN-00219 的风险累积。,异常由微小缺陷逐步发展为周期性冲击，检测指标随严重度上升而同步恶化。,0.6034,BMAN-00219,ManufacturingBatch,manufacturing
BFB-00133,BRG-00133,OR014,outer_race_fault,outer_race,medium,0.7492,该样本的生命周期风险在制造阶段较突出，能够解释当前中等外圈故障的主要失效模式。,早期表现为局部接触应力升高，随后振动冲击增强，最终演化为中等外圈故障。,0.734,BMAN-01010,ManufacturingBatch,manufacturing
BFB-00134,BRG-00134,OR014,outer_race_fault,outer_race,medium,0.684,结合振动、峭度和温升特征，外圈故障与制造阶段异常高度一致，优先追溯到 BMAN-00807。,异常由微小缺陷逐步发展为周期性冲击，检测指标随严重度上升而同步恶化。,0.6269,BMAN-00807,ManufacturingBatch,manufacturing
BFB-00135,BRG-00135,IR007,inner_race_fault,inner_race,slight,0.6785,该样本的生命周期风险在运维阶段较突出，能够解释当前轻微内圈故障的主要失效模式。,早期表现为局部接触应力升高，随后振动冲击增强，最终演化为轻微内圈故障。,0.6064,BOPR-00135,MaintenanceRecord,operation
BFB-00136,BRG-00136,B014,rolling_element_fault,rolling_element,medium,0.7006,结合振动、峭度和温升特征，滚动体故障与制造阶段异常高度一致，优先追溯到 BMAN-00630。,早期表现为局部接触应力升高，随后振动冲击增强，最终演化为中等滚动体故障。,0.7142,BMAN-00630,ManufacturingBatch,manufacturing
BFB-00137,BRG-00137,B007,rolling_element_fault,rolling_element,slight,0.6947,诊断结果显示轴承出现轻微滚动体故障，根因更可能来自材料阶段实体 BMAT-00180 的风险累积。,早期表现为局部接触应力升高，随后振动冲击增强，最终演化为轻微滚动体故障。,0.5935,BMAT-00180,MaterialBatch,material
BFB-00138,BRG-00138,IR014,inner_race_fault,inner_race,medium,0.709,结合振动、峭度和温升特征，内圈故障与制造阶段异常高度一致，优先追溯到 BMAN-01029。,异常由微小缺陷逐步发展为周期性冲击，检测指标随严重度上升而同步恶化。,0.6757,BMAN-01029,ManufacturingBatch,manufacturing
BFB-00139,BRG-00139,OR014,outer_race_fault,outer_race,medium,0.7415,该样本的生命周期风险在装配阶段较突出，能够解释当前中等外圈故障的主要失效模式。,异常由微小缺陷逐步发展为周期性冲击，检测指标随严重度上升而同步恶化。,0.6866,BASM-00139,AssemblyRecord,assembly
BFB-00140,BRG-00140,OR021,outer_race_fault,outer_race,severe,0.8196,该样本的生命周期风险在材料阶段较突出，能够解释当前严重外圈故障的主要失效模式。,风险首先在材料阶段形成隐患，运行中持续放大，并通过温度与振动指标表现出来。,0.7604,BMAT-00047,MaterialBatch,material
BFB-00141,BRG-00141,OR014,outer_race_fault,outer_race,medium,0.7644,结合振动、峭度和温升特征，外圈故障与制造阶段异常高度一致，优先追溯到 BMAN-01039。,早期表现为局部接触应力升高，随后振动冲击增强，最终演化为中等外圈故障。,0.7554,BMAN-01039,ManufacturingBatch,manufacturing
BFB-00142,BRG-00142,B014,rolling_element_fault,rolling_element,medium,0.7243,该样本的生命周期风险在检测阶段较突出，能够解释当前中等滚动体故障的主要失效模式。,风险首先在检测阶段形成隐患，运行中持续放大，并通过温度与振动指标表现出来。,0.7187,BINSP-00142,InspectionRecord,inspection
BFB-00143,BRG-00143,IR007,inner_race_fault,inner_race,slight,0.6705,结合振动、峭度和温升特征，内圈故障与制造阶段异常高度一致，优先追溯到 BMAN-00320。,风险首先在制造阶段形成隐患，运行中持续放大，并通过温度与振动指标表现出来。,0.5913,BMAN-00320,ManufacturingBatch,manufacturing
BFB-00144,BRG-00144,B014,rolling_element_fault,rolling_element,medium,0.7151,结合振动、峭度和温升特征，滚动体故障与材料阶段异常高度一致，优先追溯到 BMAT-00257。,异常由微小缺陷逐步发展为周期性冲击，检测指标随严重度上升而同步恶化。,0.7218,BMAT-00257,MaterialBatch,material
BFB-00145,BRG-00145,IR014,inner_race_fault,inner_race,medium,0.73,该样本的生命周期风险在装配阶段较突出，能够解释当前中等内圈故障的主要失效模式。,早期表现为局部接触应力升高，随后振动冲击增强，最终演化为中等内圈故障。,0.7759,BASM-00145,AssemblyRecord,assembly
BFB-00146,BRG-00146,B007,rolling_element_fault,rolling_element,slight,0.6973,该样本的生命周期风险在装配阶段较突出，能够解释当前轻微滚动体故障的主要失效模式。,早期表现为局部接触应力升高，随后振动冲击增强，最终演化为轻微滚动体故障。,0.6173,BASM-00146,AssemblyRecord,assembly
BFB-00147,BRG-00147,IR014,inner_race_fault,inner_race,medium,0.7062,诊断结果显示轴承出现中等内圈故障，根因更可能来自设计阶段实体 BDES-00742 的风险累积。,风险首先在设计阶段形成隐患，运行中持续放大，并通过温度与振动指标表现出来。,0.6955,BDES-00742,BearingDesignSpec,design
BFB-00148,BRG-00148,OR014,outer_race_fault,outer_race,medium,0.656,该样本的生命周期风险在装配阶段较突出，能够解释当前中等外圈故障的主要失效模式。,异常由微小缺陷逐步发展为周期性冲击，检测指标随严重度上升而同步恶化。,0.6778,BASM-00148,AssemblyRecord,assembly
BFB-00149,BRG-00149,OR021,outer_race_fault,outer_race,severe,0.7367,该样本的生命周期风险在材料阶段较突出，能够解释当前严重外圈故障的主要失效模式。,风险首先在材料阶段形成隐患，运行中持续放大，并通过温度与振动指标表现出来。,0.7411,BMAT-00013,MaterialBatch,material
BFB-00150,BRG-00150,B021,rolling_element_fault,rolling_element,severe,0.7613,该样本的生命周期风险在材料阶段较突出，能够解释当前严重滚动体故障的主要失效模式。,风险首先在材料阶段形成隐患，运行中持续放大，并通过温度与振动指标表现出来。,0.7261,BMAT-00025,MaterialBatch,material
BFB-00151,BRG-00151,B014,rolling_element_fault,rolling_element,medium,0.6548,结合振动、峭度和温升特征，滚动体故障与制造阶段异常高度一致，优先追溯到 BMAN-00433。,风险首先在制造阶段形成隐患，运行中持续放大，并通过温度与振动指标表现出来。,0.7551,BMAN-00433,ManufacturingBatch,manufacturing
BFB-00152,BRG-00152,B021,rolling_element_fault,rolling_element,severe,0.7204,该样本的生命周期风险在检测阶段较突出，能够解释当前严重滚动体故障的主要失效模式。,早期表现为局部接触应力升高，随后振动冲击增强，最终演化为严重滚动体故障。,0.7609,BINSP-00152,InspectionRecord,inspection
BFB-00153,BRG-00153,Normal,normal,none,normal,0.9389,该轴承样本生命周期风险较低，未形成明确故障追溯链。,运行状态平稳，检测指标未呈现持续恶化趋势。,0.8938,NORMAL_BASELINE,QualityFeedback,feedback
BFB-00154,BRG-00154,IR014,inner_race_fault,inner_race,medium,0.6377,结合振动、峭度和温升特征，内圈故障与制造阶段异常高度一致，优先追溯到 BMAN-00021。,风险首先在制造阶段形成隐患，运行中持续放大，并通过温度与振动指标表现出来。,0.6762,BMAN-00021,ManufacturingBatch,manufacturing
BFB-00155,BRG-00155,B014,rolling_element_fault,rolling_element,medium,0.6991,诊断结果显示轴承出现中等滚动体故障，根因更可能来自装配阶段实体 BASM-00155 的风险累积。,风险首先在装配阶段形成隐患，运行中持续放大，并通过温度与振动指标表现出来。,0.6284,BASM-00155,AssemblyRecord,assembly
BFB-00156,BRG-00156,OR014,outer_race_fault,outer_race,medium,0.689,结合振动、峭度和温升特征，外圈故障与材料阶段异常高度一致，优先追溯到 BMAT-00365。,风险首先在材料阶段形成隐患，运行中持续放大，并通过温度与振动指标表现出来。,0.7158,BMAT-00365,MaterialBatch,material
BFB-00157,BRG-00157,OR007,outer_race_fault,outer_race,slight,0.6396,诊断结果显示轴承出现轻微外圈故障，根因更可能来自装配阶段实体 BASM-00157 的风险累积。,风险首先在装配阶段形成隐患，运行中持续放大，并通过温度与振动指标表现出来。,0.6988,BASM-00157,AssemblyRecord,assembly
BFB-00158,BRG-00158,B007,rolling_element_fault,rolling_element,slight,0.7433,该样本的生命周期风险在制造阶段较突出，能够解释当前轻微滚动体故障的主要失效模式。,异常由微小缺陷逐步发展为周期性冲击，检测指标随严重度上升而同步恶化。,0.5988,BMAN-00332,ManufacturingBatch,manufacturing
BFB-00159,BRG-00159,IR014,inner_race_fault,inner_race,medium,0.6756,结合振动、峭度和温升特征，内圈故障与制造阶段异常高度一致，优先追溯到 BMAN-01008。,早期表现为局部接触应力升高，随后振动冲击增强，最终演化为中等内圈故障。,0.6723,BMAN-01008,ManufacturingBatch,manufacturing
BFB-00160,BRG-00160,IR014,inner_race_fault,inner_race,medium,0.8039,结合振动、峭度和温升特征，内圈故障与装配阶段异常高度一致，优先追溯到 BASM-00160。,风险首先在装配阶段形成隐患，运行中持续放大，并通过温度与振动指标表现出来。,0.6283,BASM-00160,AssemblyRecord,assembly
BFB-00161,BRG-00161,B007,rolling_element_fault,rolling_element,slight,0.7016,诊断结果显示轴承出现轻微滚动体故障，根因更可能来自材料阶段实体 BMAT-00231 的风险累积。,异常由微小缺陷逐步发展为周期性冲击，检测指标随严重度上升而同步恶化。,0.6122,BMAT-00231,MaterialBatch,material
BFB-00162,BRG-00162,IR021,inner_race_fault,inner_race,severe,0.7111,诊断结果显示轴承出现严重内圈故障，根因更可能来自设计阶段实体 BDES-00627 的风险累积。,风险首先在设计阶段形成隐患，运行中持续放大，并通过温度与振动指标表现出来。,0.7349,BDES-00627,BearingDesignSpec,design
BFB-00163,BRG-00163,B014,rolling_element_fault,rolling_element,medium,0.6601,结合振动、峭度和温升特征，滚动体故障与材料阶段异常高度一致，优先追溯到 BMAT-00085。,早期表现为局部接触应力升高，随后振动冲击增强，最终演化为中等滚动体故障。,0.6504,BMAT-00085,MaterialBatch,material
BFB-00164,BRG-00164,IR014,inner_race_fault,inner_race,medium,0.6815,该样本的生命周期风险在制造阶段较突出，能够解释当前中等内圈故障的主要失效模式。,异常由微小缺陷逐步发展为周期性冲击，检测指标随严重度上升而同步恶化。,0.7082,BMAN-01113,ManufacturingBatch,manufacturing
BFB-00165,BRG-00165,OR014,outer_race_fault,outer_race,medium,0.6938,结合振动、峭度和温升特征，外圈故障与检测阶段异常高度一致，优先追溯到 BINSP-00165。,早期表现为局部接触应力升高，随后振动冲击增强，最终演化为中等外圈故障。,0.6982,BINSP-00165,InspectionRecord,inspection
BFB-00166,BRG-00166,OR014,outer_race_fault,outer_race,medium,0.7325,该样本的生命周期风险在装配阶段较突出，能够解释当前中等外圈故障的主要失效模式。,早期表现为局部接触应力升高，随后振动冲击增强，最终演化为中等外圈故障。,0.7464,BASM-00166,AssemblyRecord,assembly
BFB-00167,BRG-00167,IR014,inner_race_fault,inner_race,medium,0.6567,该样本的生命周期风险在装配阶段较突出，能够解释当前中等内圈故障的主要失效模式。,风险首先在装配阶段形成隐患，运行中持续放大，并通过温度与振动指标表现出来。,0.5772,BASM-00167,AssemblyRecord,assembly
BFB-00168,BRG-00168,OR007,outer_race_fault,outer_race,slight,0.6541,诊断结果显示轴承出现轻微外圈故障，根因更可能来自运维阶段实体 BOPR-00168 的风险累积。,风险首先在运维阶段形成隐患，运行中持续放大，并通过温度与振动指标表现出来。,0.7281,BOPR-00168,MaintenanceRecord,operation
BFB-00169,BRG-00169,OR014,outer_race_fault,outer_race,medium,0.7423,诊断结果显示轴承出现中等外圈故障，根因更可能来自装配阶段实体 BASM-00169 的风险累积。,风险首先在装配阶段形成隐患，运行中持续放大，并通过温度与振动指标表现出来。,0.6929,BASM-00169,AssemblyRecord,assembly
BFB-00170,BRG-00170,B014,rolling_element_fault,rolling_element,medium,0.6949,该样本的生命周期风险在制造阶段较突出，能够解释当前中等滚动体故障的主要失效模式。,风险首先在制造阶段形成隐患，运行中持续放大，并通过温度与振动指标表现出来。,0.6225,BMAN-00194,ManufacturingBatch,manufacturing
BFB-00171,BRG-00171,Normal,normal,none,normal,0.9338,该轴承样本生命周期风险较低，未形成明确故障追溯链。,运行状态平稳，检测指标未呈现持续恶化趋势。,0.8216,NORMAL_BASELINE,QualityFeedback,feedback
BFB-00172,BRG-00172,B007,rolling_element_fault,rolling_element,slight,0.6403,结合振动、峭度和温升特征，滚动体故障与装配阶段异常高度一致，优先追溯到 BASM-00172。,早期表现为局部接触应力升高，随后振动冲击增强，最终演化为轻微滚动体故障。,0.6458,BASM-00172,AssemblyRecord,assembly
BFB-00173,BRG-00173,OR021,outer_race_fault,outer_race,severe,0.7485,结合振动、峭度和温升特征，外圈故障与装配阶段异常高度一致，优先追溯到 BASM-00173。,异常由微小缺陷逐步发展为周期性冲击，检测指标随严重度上升而同步恶化。,0.656,BASM-00173,AssemblyRecord,assembly
BFB-00174,BRG-00174,B007,rolling_element_fault,rolling_element,slight,0.6594,结合振动、峭度和温升特征，滚动体故障与装配阶段异常高度一致，优先追溯到 BASM-00174。,风险首先在装配阶段形成隐患，运行中持续放大，并通过温度与振动指标表现出来。,0.5963,BASM-00174,AssemblyRecord,assembly
BFB-00175,BRG-00175,B014,rolling_element_fault,rolling_element,medium,0.6566,该样本的生命周期风险在制造阶段较突出，能够解释当前中等滚动体故障的主要失效模式。,异常由微小缺陷逐步发展为周期性冲击，检测指标随严重度上升而同步恶化。,0.6155,BMAN-00189,ManufacturingBatch,manufacturing
BFB-00176,BRG-00176,IR007,inner_race_fault,inner_race,slight,0.6567,结合振动、峭度和温升特征，内圈故障与装配阶段异常高度一致，优先追溯到 BASM-00176。,风险首先在装配阶段形成隐患，运行中持续放大，并通过温度与振动指标表现出来。,0.6906,BASM-00176,AssemblyRecord,assembly
BFB-00177,BRG-00177,B007,rolling_element_fault,rolling_element,slight,0.7027,结合振动、峭度和温升特征，滚动体故障与制造阶段异常高度一致，优先追溯到 BMAN-00621。,早期表现为局部接触应力升高，随后振动冲击增强，最终演化为轻微滚动体故障。,0.7078,BMAN-00621,ManufacturingBatch,manufacturing
BFB-00178,BRG-00178,B021,rolling_element_fault,rolling_element,severe,0.6501,诊断结果显示轴承出现严重滚动体故障，根因更可能来自检测阶段实体 BINSP-00178 的风险累积。,异常由微小缺陷逐步发展为周期性冲击，检测指标随严重度上升而同步恶化。,0.749,BINSP-00178,InspectionRecord,inspection
BFB-00179,BRG-00179,OR014,outer_race_fault,outer_race,medium,0.736,诊断结果显示轴承出现中等外圈故障，根因更可能来自装配阶段实体 BASM-00179 的风险累积。,早期表现为局部接触应力升高，随后振动冲击增强，最终演化为中等外圈故障。,0.6438,BASM-00179,AssemblyRecord,assembly
BFB-00180,BRG-00180,Normal,normal,none,normal,0.9315,该轴承样本生命周期风险较低，未形成明确故障追溯链。,运行状态平稳，检测指标未呈现持续恶化趋势。,0.8597,NORMAL_BASELINE,QualityFeedback,feedback
BFB-00181,BRG-00181,OR007,outer_race_fault,outer_race,slight,0.6997,该样本的生命周期风险在装配阶段较突出，能够解释当前轻微外圈故障的主要失效模式。,早期表现为局部接触应力升高，随后振动冲击增强，最终演化为轻微外圈故障。,0.6023,BASM-00181,AssemblyRecord,assembly
BFB-00182,BRG-00182,B014,rolling_element_fault,rolling_element,medium,0.7439,该样本的生命周期风险在检测阶段较突出，能够解释当前中等滚动体故障的主要失效模式。,异常由微小缺陷逐步发展为周期性冲击，检测指标随严重度上升而同步恶化。,0.7575,BINSP-00182,InspectionRecord,inspection
BFB-00183,BRG-00183,B021,rolling_element_fault,rolling_element,severe,0.6621,结合振动、峭度和温升特征，滚动体故障与运维阶段异常高度一致，优先追溯到 BOPR-00183。,早期表现为局部接触应力升高，随后振动冲击增强，最终演化为严重滚动体故障。,0.6767,BOPR-00183,MaintenanceRecord,operation
BFB-00184,BRG-00184,Normal,normal,none,normal,0.8754,该轴承样本生命周期风险较低，未形成明确故障追溯链。,运行状态平稳，检测指标未呈现持续恶化趋势。,0.8289,NORMAL_BASELINE,QualityFeedback,feedback
BFB-00185,BRG-00185,OR014,outer_race_fault,outer_race,medium,0.695,诊断结果显示轴承出现中等外圈故障，根因更可能来自检测阶段实体 BINSP-00185 的风险累积。,风险首先在检测阶段形成隐患，运行中持续放大，并通过温度与振动指标表现出来。,0.6901,BINSP-00185,InspectionRecord,inspection
BFB-00186,BRG-00186,B007,rolling_element_fault,rolling_element,slight,0.6841,结合振动、峭度和温升特征，滚动体故障与设计阶段异常高度一致，优先追溯到 BDES-00179。,异常由微小缺陷逐步发展为周期性冲击，检测指标随严重度上升而同步恶化。,0.7438,BDES-00179,BearingDesignSpec,design
BFB-00187,BRG-00187,B014,rolling_element_fault,rolling_element,medium,0.6673,结合振动、峭度和温升特征，滚动体故障与检测阶段异常高度一致，优先追溯到 BINSP-00187。,风险首先在检测阶段形成隐患，运行中持续放大，并通过温度与振动指标表现出来。,0.6281,BINSP-00187,InspectionRecord,inspection
BFB-00188,BRG-00188,IR014,inner_race_fault,inner_race,medium,0.7526,结合振动、峭度和温升特征，内圈故障与材料阶段异常高度一致，优先追溯到 BMAT-00317。,早期表现为局部接触应力升高，随后振动冲击增强，最终演化为中等内圈故障。,0.6342,BMAT-00317,MaterialBatch,material
BFB-00189,BRG-00189,B007,rolling_element_fault,rolling_element,slight,0.6659,诊断结果显示轴承出现轻微滚动体故障，根因更可能来自检测阶段实体 BINSP-00189 的风险累积。,早期表现为局部接触应力升高，随后振动冲击增强，最终演化为轻微滚动体故障。,0.5906,BINSP-00189,InspectionRecord,inspection
BFB-00190,BRG-00190,IR007,inner_race_fault,inner_race,slight,0.6469,结合振动、峭度和温升特征，内圈故障与装配阶段异常高度一致，优先追溯到 BASM-00190。,异常由微小缺陷逐步发展为周期性冲击，检测指标随严重度上升而同步恶化。,0.5672,BASM-00190,AssemblyRecord,assembly
BFB-00191,BRG-00191,OR014,outer_race_fault,outer_race,medium,0.6422,该样本的生命周期风险在设计阶段较突出，能够解释当前中等外圈故障的主要失效模式。,异常由微小缺陷逐步发展为周期性冲击，检测指标随严重度上升而同步恶化。,0.775,BDES-00705,BearingDesignSpec,design
BFB-00192,BRG-00192,B007,rolling_element_fault,rolling_element,slight,0.6644,诊断结果显示轴承出现轻微滚动体故障，根因更可能来自制造阶段实体 BMAN-00929 的风险累积。,早期表现为局部接触应力升高，随后振动冲击增强，最终演化为轻微滚动体故障。,0.6585,BMAN-00929,ManufacturingBatch,manufacturing
BFB-00193,BRG-00193,IR021,inner_race_fault,inner_race,severe,0.8035,该样本的生命周期风险在材料阶段较突出，能够解释当前严重内圈故障的主要失效模式。,早期表现为局部接触应力升高，随后振动冲击增强，最终演化为严重内圈故障。,0.6551,BMAT-00269,MaterialBatch,material
BFB-00194,BRG-00194,B014,rolling_element_fault,rolling_element,medium,0.6643,诊断结果显示轴承出现中等滚动体故障，根因更可能来自装配阶段实体 BASM-00194 的风险累积。,异常由微小缺陷逐步发展为周期性冲击，检测指标随严重度上升而同步恶化。,0.6784,BASM-00194,AssemblyRecord,assembly
BFB-00195,BRG-00195,B014,rolling_element_fault,rolling_element,medium,0.7037,结合振动、峭度和温升特征，滚动体故障与制造阶段异常高度一致，优先追溯到 BMAN-00107。,早期表现为局部接触应力升高，随后振动冲击增强，最终演化为中等滚动体故障。,0.6611,BMAN-00107,ManufacturingBatch,manufacturing
BFB-00196,BRG-00196,B014,rolling_element_fault,rolling_element,medium,0.6554,诊断结果显示轴承出现中等滚动体故障，根因更可能来自装配阶段实体 BASM-00196 的风险累积。,早期表现为局部接触应力升高，随后振动冲击增强，最终演化为中等滚动体故障。,0.6198,BASM-00196,AssemblyRecord,assembly
BFB-00197,BRG-00197,IR007,inner_race_fault,inner_race,slight,0.6236,该样本的生命周期风险在检测阶段较突出，能够解释当前轻微内圈故障的主要失效模式。,风险首先在检测阶段形成隐患，运行中持续放大，并通过温度与振动指标表现出来。,0.6565,BINSP-00197,InspectionRecord,inspection
BFB-00198,BRG-00198,B014,rolling_element_fault,rolling_element,medium,0.6458,该样本的生命周期风险在设计阶段较突出，能够解释当前中等滚动体故障的主要失效模式。,异常由微小缺陷逐步发展为周期性冲击，检测指标随严重度上升而同步恶化。,0.6942,BDES-00326,BearingDesignSpec,design
BFB-00199,BRG-00199,B021,rolling_element_fault,rolling_element,severe,0.7809,该样本的生命周期风险在装配阶段较突出，能够解释当前严重滚动体故障的主要失效模式。,风险首先在装配阶段形成隐患，运行中持续放大，并通过温度与振动指标表现出来。,0.7633,BASM-00199,AssemblyRecord,assembly
BFB-00200,BRG-00200,IR021,inner_race_fault,inner_race,severe,0.7809,结合振动、峭度和温升特征，内圈故障与装配阶段异常高度一致，优先追溯到 BASM-00200。,异常由微小缺陷逐步发展为周期性冲击，检测指标随严重度上升而同步恶化。,0.7394,BASM-00200,AssemblyRecord,assembly
BFB-00201,BRG-00201,IR014,inner_race_fault,inner_race,medium,0.6933,该样本的生命周期风险在制造阶段较突出，能够解释当前中等内圈故障的主要失效模式。,风险首先在制造阶段形成隐患，运行中持续放大，并通过温度与振动指标表现出来。,0.7166,BMAN-00618,ManufacturingBatch,manufacturing
BFB-00202,BRG-00202,OR021,outer_race_fault,outer_race,severe,0.7634,该样本的生命周期风险在设计阶段较突出，能够解释当前严重外圈故障的主要失效模式。,风险首先在设计阶段形成隐患，运行中持续放大，并通过温度与振动指标表现出来。,0.6925,BDES-00152,BearingDesignSpec,design
BFB-00203,BRG-00203,IR007,inner_race_fault,inner_race,slight,0.6872,诊断结果显示轴承出现轻微内圈故障，根因更可能来自设计阶段实体 BDES-00119 的风险累积。,早期表现为局部接触应力升高，随后振动冲击增强，最终演化为轻微内圈故障。,0.6199,BDES-00119,BearingDesignSpec,design
BFB-00204,BRG-00204,OR014,outer_race_fault,outer_race,medium,0.7345,诊断结果显示轴承出现中等外圈故障，根因更可能来自制造阶段实体 BMAN-01140 的风险累积。,异常由微小缺陷逐步发展为周期性冲击，检测指标随严重度上升而同步恶化。,0.7003,BMAN-01140,ManufacturingBatch,manufacturing
BFB-00205,BRG-00205,B021,rolling_element_fault,rolling_element,severe,0.7304,诊断结果显示轴承出现严重滚动体故障，根因更可能来自制造阶段实体 BMAN-00208 的风险累积。,异常由微小缺陷逐步发展为周期性冲击，检测指标随严重度上升而同步恶化。,0.6875,BMAN-00208,ManufacturingBatch,manufacturing
BFB-00206,BRG-00206,B014,rolling_element_fault,rolling_element,medium,0.7182,结合振动、峭度和温升特征，滚动体故障与材料阶段异常高度一致，优先追溯到 BMAT-00117。,早期表现为局部接触应力升高，随后振动冲击增强，最终演化为中等滚动体故障。,0.6892,BMAT-00117,MaterialBatch,material
BFB-00207,BRG-00207,OR014,outer_race_fault,outer_race,medium,0.643,结合振动、峭度和温升特征，外圈故障与制造阶段异常高度一致，优先追溯到 BMAN-00063。,早期表现为局部接触应力升高，随后振动冲击增强，最终演化为中等外圈故障。,0.7015,BMAN-00063,ManufacturingBatch,manufacturing
BFB-00208,BRG-00208,B007,rolling_element_fault,rolling_element,slight,0.7168,诊断结果显示轴承出现轻微滚动体故障，根因更可能来自运维阶段实体 BOPR-00208 的风险累积。,早期表现为局部接触应力升高，随后振动冲击增强，最终演化为轻微滚动体故障。,0.656,BOPR-00208,MaintenanceRecord,operation
BFB-00209,BRG-00209,IR014,inner_race_fault,inner_race,medium,0.7378,结合振动、峭度和温升特征，内圈故障与材料阶段异常高度一致，优先追溯到 BMAT-00224。,早期表现为局部接触应力升高，随后振动冲击增强，最终演化为中等内圈故障。,0.6571,BMAT-00224,MaterialBatch,material
BFB-00210,BRG-00210,OR007,outer_race_fault,outer_race,slight,0.658,结合振动、峭度和温升特征，外圈故障与制造阶段异常高度一致，优先追溯到 BMAN-00927。,异常由微小缺陷逐步发展为周期性冲击，检测指标随严重度上升而同步恶化。,0.6276,BMAN-00927,ManufacturingBatch,manufacturing
BFB-00211,BRG-00211,Normal,normal,none,normal,0.9216,该轴承样本生命周期风险较低，未形成明确故障追溯链。,运行状态平稳，检测指标未呈现持续恶化趋势。,0.8222,NORMAL_BASELINE,QualityFeedback,feedback
BFB-00212,BRG-00212,IR014,inner_race_fault,inner_race,medium,0.6385,该样本的生命周期风险在材料阶段较突出，能够解释当前中等内圈故障的主要失效模式。,风险首先在材料阶段形成隐患，运行中持续放大，并通过温度与振动指标表现出来。,0.6618,BMAT-00098,MaterialBatch,material
BFB-00213,BRG-00213,Normal,normal,none,normal,0.9297,该轴承样本生命周期风险较低，未形成明确故障追溯链。,运行状态平稳，检测指标未呈现持续恶化趋势。,0.8986,NORMAL_BASELINE,QualityFeedback,feedback
BFB-00214,BRG-00214,IR014,inner_race_fault,inner_race,medium,0.7474,该样本的生命周期风险在材料阶段较突出，能够解释当前中等内圈故障的主要失效模式。,早期表现为局部接触应力升高，随后振动冲击增强，最终演化为中等内圈故障。,0.7017,BMAT-00186,MaterialBatch,material
BFB-00215,BRG-00215,IR014,inner_race_fault,inner_race,medium,0.7048,结合振动、峭度和温升特征，内圈故障与制造阶段异常高度一致，优先追溯到 BMAN-00457。,早期表现为局部接触应力升高，随后振动冲击增强，最终演化为中等内圈故障。,0.6265,BMAN-00457,ManufacturingBatch,manufacturing
BFB-00216,BRG-00216,IR014,inner_race_fault,inner_race,medium,0.7743,诊断结果显示轴承出现中等内圈故障，根因更可能来自制造阶段实体 BMAN-00708 的风险累积。,风险首先在制造阶段形成隐患，运行中持续放大，并通过温度与振动指标表现出来。,0.5669,BMAN-00708,ManufacturingBatch,manufacturing
BFB-00217,BRG-00217,IR014,inner_race_fault,inner_race,medium,0.6592,该样本的生命周期风险在运维阶段较突出，能够解释当前中等内圈故障的主要失效模式。,风险首先在运维阶段形成隐患，运行中持续放大，并通过温度与振动指标表现出来。,0.7936,BOPR-00217,MaintenanceRecord,operation
BFB-00218,BRG-00218,B021,rolling_element_fault,rolling_element,severe,0.7453,该样本的生命周期风险在检测阶段较突出，能够解释当前严重滚动体故障的主要失效模式。,早期表现为局部接触应力升高，随后振动冲击增强，最终演化为严重滚动体故障。,0.6392,BINSP-00218,InspectionRecord,inspection
BFB-00219,BRG-00219,IR021,inner_race_fault,inner_race,severe,0.7621,结合振动、峭度和温升特征，内圈故障与检测阶段异常高度一致，优先追溯到 BINSP-00219。,异常由微小缺陷逐步发展为周期性冲击，检测指标随严重度上升而同步恶化。,0.6566,BINSP-00219,InspectionRecord,inspection
BFB-00220,BRG-00220,Normal,normal,none,normal,0.9486,该轴承样本生命周期风险较低，未形成明确故障追溯链。,运行状态平稳，检测指标未呈现持续恶化趋势。,0.7949,NORMAL_BASELINE,QualityFeedback,feedback
BFB-00221,BRG-00221,B014,rolling_element_fault,rolling_element,medium,0.7402,结合振动、峭度和温升特征，滚动体故障与装配阶段异常高度一致，优先追溯到 BASM-00221。,异常由微小缺陷逐步发展为周期性冲击，检测指标随严重度上升而同步恶化。,0.7263,BASM-00221,AssemblyRecord,assembly
BFB-00222,BRG-00222,IR014,inner_race_fault,inner_race,medium,0.7573,结合振动、峭度和温升特征，内圈故障与材料阶段异常高度一致，优先追溯到 BMAT-00131。,早期表现为局部接触应力升高，随后振动冲击增强，最终演化为中等内圈故障。,0.7015,BMAT-00131,MaterialBatch,material
BFB-00223,BRG-00223,OR014,outer_race_fault,outer_race,medium,0.6948,诊断结果显示轴承出现中等外圈故障，根因更可能来自装配阶段实体 BASM-00223 的风险累积。,早期表现为局部接触应力升高，随后振动冲击增强，最终演化为中等外圈故障。,0.633,BASM-00223,AssemblyRecord,assembly
BFB-00224,BRG-00224,B014,rolling_element_fault,rolling_element,medium,0.7161,诊断结果显示轴承出现中等滚动体故障，根因更可能来自装配阶段实体 BASM-00224 的风险累积。,异常由微小缺陷逐步发展为周期性冲击，检测指标随严重度上升而同步恶化。,0.6306,BASM-00224,AssemblyRecord,assembly
BFB-00225,BRG-00225,IR007,inner_race_fault,inner_race,slight,0.6967,该样本的生命周期风险在制造阶段较突出，能够解释当前轻微内圈故障的主要失效模式。,早期表现为局部接触应力升高，随后振动冲击增强，最终演化为轻微内圈故障。,0.6683,BMAN-00026,ManufacturingBatch,manufacturing
BFB-00226,BRG-00226,B014,rolling_element_fault,rolling_element,medium,0.6593,诊断结果显示轴承出现中等滚动体故障，根因更可能来自检测阶段实体 BINSP-00226 的风险累积。,早期表现为局部接触应力升高，随后振动冲击增强，最终演化为中等滚动体故障。,0.6838,BINSP-00226,InspectionRecord,inspection
BFB-00227,BRG-00227,OR021,outer_race_fault,outer_race,severe,0.6759,结合振动、峭度和温升特征，外圈故障与制造阶段异常高度一致，优先追溯到 BMAN-00308。,早期表现为局部接触应力升高，随后振动冲击增强，最终演化为严重外圈故障。,0.614,BMAN-00308,ManufacturingBatch,manufacturing
BFB-00228,BRG-00228,B014,rolling_element_fault,rolling_element,medium,0.6922,该样本的生命周期风险在装配阶段较突出，能够解释当前中等滚动体故障的主要失效模式。,早期表现为局部接触应力升高，随后振动冲击增强，最终演化为中等滚动体故障。,0.6135,BASM-00228,AssemblyRecord,assembly
BFB-00229,BRG-00229,OR021,outer_race_fault,outer_race,severe,0.7624,结合振动、峭度和温升特征，外圈故障与设计阶段异常高度一致，优先追溯到 BDES-00402。,早期表现为局部接触应力升高，随后振动冲击增强，最终演化为严重外圈故障。,0.7751,BDES-00402,BearingDesignSpec,design
BFB-00230,BRG-00230,OR007,outer_race_fault,outer_race,slight,0.6209,该样本的生命周期风险在制造阶段较突出，能够解释当前轻微外圈故障的主要失效模式。,异常由微小缺陷逐步发展为周期性冲击，检测指标随严重度上升而同步恶化。,0.6017,BMAN-01053,ManufacturingBatch,manufacturing
BFB-00231,BRG-00231,B021,rolling_element_fault,rolling_element,severe,0.8152,该样本的生命周期风险在检测阶段较突出，能够解释当前严重滚动体故障的主要失效模式。,异常由微小缺陷逐步发展为周期性冲击，检测指标随严重度上升而同步恶化。,0.7473,BINSP-00231,InspectionRecord,inspection
BFB-00232,BRG-00232,B007,rolling_element_fault,rolling_element,slight,0.7759,诊断结果显示轴承出现轻微滚动体故障，根因更可能来自制造阶段实体 BMAN-00760 的风险累积。,风险首先在制造阶段形成隐患，运行中持续放大，并通过温度与振动指标表现出来。,0.6278,BMAN-00760,ManufacturingBatch,manufacturing
BFB-00233,BRG-00233,OR007,outer_race_fault,outer_race,slight,0.7264,该样本的生命周期风险在设计阶段较突出，能够解释当前轻微外圈故障的主要失效模式。,早期表现为局部接触应力升高，随后振动冲击增强，最终演化为轻微外圈故障。,0.7205,BDES-00234,BearingDesignSpec,design
BFB-00234,BRG-00234,OR007,outer_race_fault,outer_race,slight,0.6746,诊断结果显示轴承出现轻微外圈故障，根因更可能来自制造阶段实体 BMAN-00177 的风险累积。,异常由微小缺陷逐步发展为周期性冲击，检测指标随严重度上升而同步恶化。,0.7206,BMAN-00177,ManufacturingBatch,manufacturing
BFB-00235,BRG-00235,B007,rolling_element_fault,rolling_element,slight,0.5929,结合振动、峭度和温升特征，滚动体故障与材料阶段异常高度一致，优先追溯到 BMAT-00058。,异常由微小缺陷逐步发展为周期性冲击，检测指标随严重度上升而同步恶化。,0.7082,BMAT-00058,MaterialBatch,material
BFB-00236,BRG-00236,B007,rolling_element_fault,rolling_element,slight,0.6429,诊断结果显示轴承出现轻微滚动体故障，根因更可能来自材料阶段实体 BMAT-00412 的风险累积。,风险首先在材料阶段形成隐患，运行中持续放大，并通过温度与振动指标表现出来。,0.6508,BMAT-00412,MaterialBatch,material
BFB-00237,BRG-00237,OR014,outer_race_fault,outer_race,medium,0.7367,结合振动、峭度和温升特征，外圈故障与材料阶段异常高度一致，优先追溯到 BMAT-00221。,异常由微小缺陷逐步发展为周期性冲击，检测指标随严重度上升而同步恶化。,0.7109,BMAT-00221,MaterialBatch,material
BFB-00238,BRG-00238,Normal,normal,none,normal,0.9541,该轴承样本生命周期风险较低，未形成明确故障追溯链。,运行状态平稳，检测指标未呈现持续恶化趋势。,0.8676,NORMAL_BASELINE,QualityFeedback,feedback
BFB-00239,BRG-00239,B007,rolling_element_fault,rolling_element,slight,0.7005,诊断结果显示轴承出现轻微滚动体故障，根因更可能来自设计阶段实体 BDES-00714 的风险累积。,早期表现为局部接触应力升高，随后振动冲击增强，最终演化为轻微滚动体故障。,0.6596,BDES-00714,BearingDesignSpec,design
BFB-00240,BRG-00240,OR014,outer_race_fault,outer_race,medium,0.6754,结合振动、峭度和温升特征，外圈故障与材料阶段异常高度一致，优先追溯到 BMAT-00444。,早期表现为局部接触应力升高，随后振动冲击增强，最终演化为中等外圈故障。,0.7098,BMAT-00444,MaterialBatch,material
BFB-00241,BRG-00241,B007,rolling_element_fault,rolling_element,slight,0.694,该样本的生命周期风险在装配阶段较突出，能够解释当前轻微滚动体故障的主要失效模式。,风险首先在装配阶段形成隐患，运行中持续放大，并通过温度与振动指标表现出来。,0.7436,BASM-00241,AssemblyRecord,assembly
BFB-00242,BRG-00242,OR007,outer_race_fault,outer_race,slight,0.724,该样本的生命周期风险在装配阶段较突出，能够解释当前轻微外圈故障的主要失效模式。,异常由微小缺陷逐步发展为周期性冲击，检测指标随严重度上升而同步恶化。,0.6733,BASM-00242,AssemblyRecord,assembly
BFB-00243,BRG-00243,OR021,outer_race_fault,outer_race,severe,0.7105,结合振动、峭度和温升特征，外圈故障与材料阶段异常高度一致，优先追溯到 BMAT-00111。,风险首先在材料阶段形成隐患，运行中持续放大，并通过温度与振动指标表现出来。,0.6605,BMAT-00111,MaterialBatch,material
BFB-00244,BRG-00244,Normal,normal,none,normal,0.945,该轴承样本生命周期风险较低，未形成明确故障追溯链。,运行状态平稳，检测指标未呈现持续恶化趋势。,0.8491,NORMAL_BASELINE,QualityFeedback,feedback
BFB-00245,BRG-00245,OR014,outer_race_fault,outer_race,medium,0.7087,结合振动、峭度和温升特征，外圈故障与设计阶段异常高度一致，优先追溯到 BDES-00262。,早期表现为局部接触应力升高，随后振动冲击增强，最终演化为中等外圈故障。,0.6901,BDES-00262,BearingDesignSpec,design
BFB-00246,BRG-00246,B007,rolling_element_fault,rolling_element,slight,0.6757,结合振动、峭度和温升特征，滚动体故障与装配阶段异常高度一致，优先追溯到 BASM-00246。,异常由微小缺陷逐步发展为周期性冲击，检测指标随严重度上升而同步恶化。,0.618,BASM-00246,AssemblyRecord,assembly
BFB-00247,BRG-00247,Normal,normal,none,normal,0.8842,该轴承样本生命周期风险较低，未形成明确故障追溯链。,运行状态平稳，检测指标未呈现持续恶化趋势。,0.8554,NORMAL_BASELINE,QualityFeedback,feedback
BFB-00248,BRG-00248,B014,rolling_element_fault,rolling_element,medium,0.6944,诊断结果显示轴承出现中等滚动体故障，根因更可能来自装配阶段实体 BASM-00248 的风险累积。,风险首先在装配阶段形成隐患，运行中持续放大，并通过温度与振动指标表现出来。,0.619,BASM-00248,AssemblyRecord,assembly
BFB-00249,BRG-00249,IR007,inner_race_fault,inner_race,slight,0.7107,诊断结果显示轴承出现轻微内圈故障，根因更可能来自制造阶段实体 BMAN-00150 的风险累积。,异常由微小缺陷逐步发展为周期性冲击，检测指标随严重度上升而同步恶化。,0.7305,BMAN-00150,ManufacturingBatch,manufacturing
BFB-00250,BRG-00250,OR014,outer_race_fault,outer_race,medium,0.6818,结合振动、峭度和温升特征，外圈故障与装配阶段异常高度一致，优先追溯到 BASM-00250。,早期表现为局部接触应力升高，随后振动冲击增强，最终演化为中等外圈故障。,0.6676,BASM-00250,AssemblyRecord,assembly
BFB-00251,BRG-00251,OR014,outer_race_fault,outer_race,medium,0.7855,该样本的生命周期风险在制造阶段较突出，能够解释当前中等外圈故障的主要失效模式。,异常由微小缺陷逐步发展为周期性冲击，检测指标随严重度上升而同步恶化。,0.6618,BMAN-00515,ManufacturingBatch,manufacturing
BFB-00252,BRG-00252,B007,rolling_element_fault,rolling_element,slight,0.6878,诊断结果显示轴承出现轻微滚动体故障，根因更可能来自制造阶段实体 BMAN-01102 的风险累积。,异常由微小缺陷逐步发展为周期性冲击，检测指标随严重度上升而同步恶化。,0.6828,BMAN-01102,ManufacturingBatch,manufacturing
BFB-00253,BRG-00253,OR021,outer_race_fault,outer_race,severe,0.7209,诊断结果显示轴承出现严重外圈故障，根因更可能来自装配阶段实体 BASM-00253 的风险累积。,风险首先在装配阶段形成隐患，运行中持续放大，并通过温度与振动指标表现出来。,0.6726,BASM-00253,AssemblyRecord,assembly
BFB-00254,BRG-00254,OR014,outer_race_fault,outer_race,medium,0.6724,该样本的生命周期风险在装配阶段较突出，能够解释当前中等外圈故障的主要失效模式。,风险首先在装配阶段形成隐患，运行中持续放大，并通过温度与振动指标表现出来。,0.6769,BASM-00254,AssemblyRecord,assembly
BFB-00255,BRG-00255,IR014,inner_race_fault,inner_race,medium,0.775,诊断结果显示轴承出现中等内圈故障，根因更可能来自装配阶段实体 BASM-00255 的风险累积。,异常由微小缺陷逐步发展为周期性冲击，检测指标随严重度上升而同步恶化。,0.5813,BASM-00255,AssemblyRecord,assembly
BFB-00256,BRG-00256,IR021,inner_race_fault,inner_race,severe,0.764,诊断结果显示轴承出现严重内圈故障，根因更可能来自制造阶段实体 BMAN-00795 的风险累积。,早期表现为局部接触应力升高，随后振动冲击增强，最终演化为严重内圈故障。,0.6878,BMAN-00795,ManufacturingBatch,manufacturing
BFB-00257,BRG-00257,OR007,outer_race_fault,outer_race,slight,0.721,诊断结果显示轴承出现轻微外圈故障，根因更可能来自设计阶段实体 BDES-00451 的风险累积。,风险首先在设计阶段形成隐患，运行中持续放大，并通过温度与振动指标表现出来。,0.7251,BDES-00451,BearingDesignSpec,design
BFB-00258,BRG-00258,B007,rolling_element_fault,rolling_element,slight,0.7442,诊断结果显示轴承出现轻微滚动体故障，根因更可能来自制造阶段实体 BMAN-00645 的风险累积。,早期表现为局部接触应力升高，随后振动冲击增强，最终演化为轻微滚动体故障。,0.6935,BMAN-00645,ManufacturingBatch,manufacturing
BFB-00259,BRG-00259,Normal,normal,none,normal,0.9028,该轴承样本生命周期风险较低，未形成明确故障追溯链。,运行状态平稳，检测指标未呈现持续恶化趋势。,0.8757,NORMAL_BASELINE,QualityFeedback,feedback
BFB-00260,BRG-00260,IR007,inner_race_fault,inner_race,slight,0.5871,诊断结果显示轴承出现轻微内圈故障，根因更可能来自制造阶段实体 BMAN-00342 的风险累积。,异常由微小缺陷逐步发展为周期性冲击，检测指标随严重度上升而同步恶化。,0.6659,BMAN-00342,ManufacturingBatch,manufacturing
BFB-00261,BRG-00261,Normal,normal,none,normal,0.9031,该轴承样本生命周期风险较低，未形成明确故障追溯链。,运行状态平稳，检测指标未呈现持续恶化趋势。,0.8727,NORMAL_BASELINE,QualityFeedback,feedback
BFB-00262,BRG-00262,IR014,inner_race_fault,inner_race,medium,0.6962,结合振动、峭度和温升特征，内圈故障与装配阶段异常高度一致，优先追溯到 BASM-00262。,风险首先在装配阶段形成隐患，运行中持续放大，并通过温度与振动指标表现出来。,0.5991,BASM-00262,AssemblyRecord,assembly
BFB-00263,BRG-00263,IR014,inner_race_fault,inner_race,medium,0.7382,结合振动、峭度和温升特征，内圈故障与材料阶段异常高度一致，优先追溯到 BMAT-00236。,异常由微小缺陷逐步发展为周期性冲击，检测指标随严重度上升而同步恶化。,0.6317,BMAT-00236,MaterialBatch,material
BFB-00264,BRG-00264,B014,rolling_element_fault,rolling_element,medium,0.7411,诊断结果显示轴承出现中等滚动体故障，根因更可能来自装配阶段实体 BASM-00264 的风险累积。,异常由微小缺陷逐步发展为周期性冲击，检测指标随严重度上升而同步恶化。,0.6455,BASM-00264,AssemblyRecord,assembly
BFB-00265,BRG-00265,IR014,inner_race_fault,inner_race,medium,0.7748,结合振动、峭度和温升特征，内圈故障与制造阶段异常高度一致，优先追溯到 BMAN-01084。,风险首先在制造阶段形成隐患，运行中持续放大，并通过温度与振动指标表现出来。,0.6813,BMAN-01084,ManufacturingBatch,manufacturing
BFB-00266,BRG-00266,B021,rolling_element_fault,rolling_element,severe,0.791,结合振动、峭度和温升特征，滚动体故障与材料阶段异常高度一致，优先追溯到 BMAT-00408。,早期表现为局部接触应力升高，随后振动冲击增强，最终演化为严重滚动体故障。,0.587,BMAT-00408,MaterialBatch,material
BFB-00267,BRG-00267,OR007,outer_race_fault,outer_race,slight,0.6353,诊断结果显示轴承出现轻微外圈故障，根因更可能来自运维阶段实体 BOPR-00267 的风险累积。,早期表现为局部接触应力升高，随后振动冲击增强，最终演化为轻微外圈故障。,0.6134,BOPR-00267,MaintenanceRecord,operation
BFB-00268,BRG-00268,B021,rolling_element_fault,rolling_element,severe,0.7256,结合振动、峭度和温升特征，滚动体故障与制造阶段异常高度一致，优先追溯到 BMAN-00899。,异常由微小缺陷逐步发展为周期性冲击，检测指标随严重度上升而同步恶化。,0.6745,BMAN-00899,ManufacturingBatch,manufacturing
BFB-00269,BRG-00269,B021,rolling_element_fault,rolling_element,severe,0.7001,结合振动、峭度和温升特征，滚动体故障与装配阶段异常高度一致，优先追溯到 BASM-00269。,风险首先在装配阶段形成隐患，运行中持续放大，并通过温度与振动指标表现出来。,0.7004,BASM-00269,AssemblyRecord,assembly
BFB-00270,BRG-00270,Normal,normal,none,normal,0.8831,该轴承样本生命周期风险较低，未形成明确故障追溯链。,运行状态平稳，检测指标未呈现持续恶化趋势。,0.8679,NORMAL_BASELINE,QualityFeedback,feedback
BFB-00271,BRG-00271,Normal,normal,none,normal,0.9274,该轴承样本生命周期风险较低，未形成明确故障追溯链。,运行状态平稳，检测指标未呈现持续恶化趋势。,0.8117,NORMAL_BASELINE,QualityFeedback,feedback
BFB-00272,BRG-00272,IR021,inner_race_fault,inner_race,severe,0.7493,结合振动、峭度和温升特征，内圈故障与检测阶段异常高度一致，优先追溯到 BINSP-00272。,异常由微小缺陷逐步发展为周期性冲击，检测指标随严重度上升而同步恶化。,0.7187,BINSP-00272,InspectionRecord,inspection
BFB-00273,BRG-00273,B007,rolling_element_fault,rolling_element,slight,0.6223,该样本的生命周期风险在装配阶段较突出，能够解释当前轻微滚动体故障的主要失效模式。,早期表现为局部接触应力升高，随后振动冲击增强，最终演化为轻微滚动体故障。,0.6655,BASM-00273,AssemblyRecord,assembly
BFB-00274,BRG-00274,B007,rolling_element_fault,rolling_element,slight,0.701,结合振动、峭度和温升特征，滚动体故障与制造阶段异常高度一致，优先追溯到 BMAN-00806。,风险首先在制造阶段形成隐患，运行中持续放大，并通过温度与振动指标表现出来。,0.6909,BMAN-00806,ManufacturingBatch,manufacturing
BFB-00275,BRG-00275,IR007,inner_race_fault,inner_race,slight,0.7115,结合振动、峭度和温升特征，内圈故障与制造阶段异常高度一致，优先追溯到 BMAN-01122。,风险首先在制造阶段形成隐患，运行中持续放大，并通过温度与振动指标表现出来。,0.6274,BMAN-01122,ManufacturingBatch,manufacturing
BFB-00276,BRG-00276,IR007,inner_race_fault,inner_race,slight,0.6713,该样本的生命周期风险在制造阶段较突出，能够解释当前轻微内圈故障的主要失效模式。,异常由微小缺陷逐步发展为周期性冲击，检测指标随严重度上升而同步恶化。,0.5754,BMAN-01093,ManufacturingBatch,manufacturing
BFB-00277,BRG-00277,Normal,normal,none,normal,0.9101,该轴承样本生命周期风险较低，未形成明确故障追溯链。,运行状态平稳，检测指标未呈现持续恶化趋势。,0.8011,NORMAL_BASELINE,QualityFeedback,feedback
BFB-00278,BRG-00278,B007,rolling_element_fault,rolling_element,slight,0.6586,该样本的生命周期风险在设计阶段较突出，能够解释当前轻微滚动体故障的主要失效模式。,异常由微小缺陷逐步发展为周期性冲击，检测指标随严重度上升而同步恶化。,0.6066,BDES-00154,BearingDesignSpec,design
BFB-00279,BRG-00279,OR014,outer_race_fault,outer_race,medium,0.6766,结合振动、峭度和温升特征，外圈故障与材料阶段异常高度一致，优先追溯到 BMAT-00422。,异常由微小缺陷逐步发展为周期性冲击，检测指标随严重度上升而同步恶化。,0.6121,BMAT-00422,MaterialBatch,material
BFB-00280,BRG-00280,OR021,outer_race_fault,outer_race,severe,0.7926,结合振动、峭度和温升特征，外圈故障与装配阶段异常高度一致，优先追溯到 BASM-00280。,异常由微小缺陷逐步发展为周期性冲击，检测指标随严重度上升而同步恶化。,0.6669,BASM-00280,AssemblyRecord,assembly
BFB-00281,BRG-00281,OR007,outer_race_fault,outer_race,slight,0.6972,诊断结果显示轴承出现轻微外圈故障，根因更可能来自装配阶段实体 BASM-00281 的风险累积。,早期表现为局部接触应力升高，随后振动冲击增强，最终演化为轻微外圈故障。,0.6116,BASM-00281,AssemblyRecord,assembly
BFB-00282,BRG-00282,B007,rolling_element_fault,rolling_element,slight,0.6444,结合振动、峭度和温升特征，滚动体故障与制造阶段异常高度一致，优先追溯到 BMAN-00206。,早期表现为局部接触应力升高，随后振动冲击增强，最终演化为轻微滚动体故障。,0.5646,BMAN-00206,ManufacturingBatch,manufacturing
BFB-00283,BRG-00283,Normal,normal,none,normal,0.8636,该轴承样本生命周期风险较低，未形成明确故障追溯链。,运行状态平稳，检测指标未呈现持续恶化趋势。,0.8408,NORMAL_BASELINE,QualityFeedback,feedback
BFB-00284,BRG-00284,IR014,inner_race_fault,inner_race,medium,0.761,结合振动、峭度和温升特征，内圈故障与运维阶段异常高度一致，优先追溯到 BOPR-00284。,异常由微小缺陷逐步发展为周期性冲击，检测指标随严重度上升而同步恶化。,0.7037,BOPR-00284,MaintenanceRecord,operation
BFB-00285,BRG-00285,IR021,inner_race_fault,inner_race,severe,0.7101,诊断结果显示轴承出现严重内圈故障，根因更可能来自装配阶段实体 BASM-00285 的风险累积。,异常由微小缺陷逐步发展为周期性冲击，检测指标随严重度上升而同步恶化。,0.6674,BASM-00285,AssemblyRecord,assembly
BFB-00286,BRG-00286,B021,rolling_element_fault,rolling_element,severe,0.709,结合振动、峭度和温升特征，滚动体故障与装配阶段异常高度一致，优先追溯到 BASM-00286。,早期表现为局部接触应力升高，随后振动冲击增强，最终演化为严重滚动体故障。,0.7449,BASM-00286,AssemblyRecord,assembly
BFB-00287,BRG-00287,OR007,outer_race_fault,outer_race,slight,0.6754,结合振动、峭度和温升特征，外圈故障与设计阶段异常高度一致，优先追溯到 BDES-00195。,风险首先在设计阶段形成隐患，运行中持续放大，并通过温度与振动指标表现出来。,0.7401,BDES-00195,BearingDesignSpec,design
BFB-00288,BRG-00288,B007,rolling_element_fault,rolling_element,slight,0.682,诊断结果显示轴承出现轻微滚动体故障，根因更可能来自装配阶段实体 BASM-00288 的风险累积。,风险首先在装配阶段形成隐患，运行中持续放大，并通过温度与振动指标表现出来。,0.5939,BASM-00288,AssemblyRecord,assembly
BFB-00289,BRG-00289,B007,rolling_element_fault,rolling_element,slight,0.6706,该样本的生命周期风险在制造阶段较突出，能够解释当前轻微滚动体故障的主要失效模式。,风险首先在制造阶段形成隐患，运行中持续放大，并通过温度与振动指标表现出来。,0.661,BMAN-00886,ManufacturingBatch,manufacturing
BFB-00290,BRG-00290,IR014,inner_race_fault,inner_race,medium,0.6405,诊断结果显示轴承出现中等内圈故障，根因更可能来自装配阶段实体 BASM-00290 的风险累积。,异常由微小缺陷逐步发展为周期性冲击，检测指标随严重度上升而同步恶化。,0.7079,BASM-00290,AssemblyRecord,assembly
BFB-00291,BRG-00291,IR021,inner_race_fault,inner_race,severe,0.7039,该样本的生命周期风险在制造阶段较突出，能够解释当前严重内圈故障的主要失效模式。,异常由微小缺陷逐步发展为周期性冲击，检测指标随严重度上升而同步恶化。,0.6535,BMAN-00400,ManufacturingBatch,manufacturing
BFB-00292,BRG-00292,IR007,inner_race_fault,inner_race,slight,0.7025,诊断结果显示轴承出现轻微内圈故障，根因更可能来自装配阶段实体 BASM-00292 的风险累积。,早期表现为局部接触应力升高，随后振动冲击增强，最终演化为轻微内圈故障。,0.551,BASM-00292,AssemblyRecord,assembly
BFB-00293,BRG-00293,Normal,normal,none,normal,0.9031,该轴承样本生命周期风险较低，未形成明确故障追溯链。,运行状态平稳，检测指标未呈现持续恶化趋势。,0.8608,NORMAL_BASELINE,QualityFeedback,feedback
BFB-00294,BRG-00294,IR007,inner_race_fault,inner_race,slight,0.6376,结合振动、峭度和温升特征，内圈故障与制造阶段异常高度一致，优先追溯到 BMAN-00335。,风险首先在制造阶段形成隐患，运行中持续放大，并通过温度与振动指标表现出来。,0.7008,BMAN-00335,ManufacturingBatch,manufacturing
BFB-00295,BRG-00295,B014,rolling_element_fault,rolling_element,medium,0.6802,结合振动、峭度和温升特征，滚动体故障与材料阶段异常高度一致，优先追溯到 BMAT-00300。,风险首先在材料阶段形成隐患，运行中持续放大，并通过温度与振动指标表现出来。,0.6783,BMAT-00300,MaterialBatch,material
BFB-00296,BRG-00296,IR014,inner_race_fault,inner_race,medium,0.7071,该样本的生命周期风险在装配阶段较突出，能够解释当前中等内圈故障的主要失效模式。,早期表现为局部接触应力升高，随后振动冲击增强，最终演化为中等内圈故障。,0.7003,BASM-00296,AssemblyRecord,assembly
BFB-00297,BRG-00297,IR014,inner_race_fault,inner_race,medium,0.6972,诊断结果显示轴承出现中等内圈故障，根因更可能来自制造阶段实体 BMAN-00757 的风险累积。,风险首先在制造阶段形成隐患，运行中持续放大，并通过温度与振动指标表现出来。,0.7144,BMAN-00757,ManufacturingBatch,manufacturing
BFB-00298,BRG-00298,B007,rolling_element_fault,rolling_element,slight,0.7722,诊断结果显示轴承出现轻微滚动体故障，根因更可能来自装配阶段实体 BASM-00298 的风险累积。,异常由微小缺陷逐步发展为周期性冲击，检测指标随严重度上升而同步恶化。,0.6853,BASM-00298,AssemblyRecord,assembly
BFB-00299,BRG-00299,IR014,inner_race_fault,inner_race,medium,0.7382,诊断结果显示轴承出现中等内圈故障，根因更可能来自制造阶段实体 BMAN-00303 的风险累积。,风险首先在制造阶段形成隐患，运行中持续放大，并通过温度与振动指标表现出来。,0.634,BMAN-00303,ManufacturingBatch,manufacturing
BFB-00300,BRG-00300,OR021,outer_race_fault,outer_race,severe,0.7102,诊断结果显示轴承出现严重外圈故障，根因更可能来自运维阶段实体 BOPR-00300 的风险累积。,风险首先在运维阶段形成隐患，运行中持续放大，并通过温度与振动指标表现出来。,0.6169,BOPR-00300,MaintenanceRecord,operation
BFB-00301,BRG-00301,IR014,inner_race_fault,inner_race,medium,0.6989,诊断结果显示轴承出现中等内圈故障，根因更可能来自制造阶段实体 BMAN-01189 的风险累积。,早期表现为局部接触应力升高，随后振动冲击增强，最终演化为中等内圈故障。,0.6949,BMAN-01189,ManufacturingBatch,manufacturing
BFB-00302,BRG-00302,B007,rolling_element_fault,rolling_element,slight,0.7012,结合振动、峭度和温升特征，滚动体故障与装配阶段异常高度一致，优先追溯到 BASM-00302。,早期表现为局部接触应力升高，随后振动冲击增强，最终演化为轻微滚动体故障。,0.6507,BASM-00302,AssemblyRecord,assembly
BFB-00303,BRG-00303,OR007,outer_race_fault,outer_race,slight,0.6895,该样本的生命周期风险在装配阶段较突出，能够解释当前轻微外圈故障的主要失效模式。,早期表现为局部接触应力升高，随后振动冲击增强，最终演化为轻微外圈故障。,0.6393,BASM-00303,AssemblyRecord,assembly
BFB-00304,BRG-00304,B014,rolling_element_fault,rolling_element,medium,0.7497,诊断结果显示轴承出现中等滚动体故障，根因更可能来自制造阶段实体 BMAN-00398 的风险累积。,风险首先在制造阶段形成隐患，运行中持续放大，并通过温度与振动指标表现出来。,0.7176,BMAN-00398,ManufacturingBatch,manufacturing
BFB-00305,BRG-00305,B007,rolling_element_fault,rolling_element,slight,0.6678,结合振动、峭度和温升特征，滚动体故障与制造阶段异常高度一致，优先追溯到 BMAN-00686。,早期表现为局部接触应力升高，随后振动冲击增强，最终演化为轻微滚动体故障。,0.7133,BMAN-00686,ManufacturingBatch,manufacturing
BFB-00306,BRG-00306,OR014,outer_race_fault,outer_race,medium,0.7089,该样本的生命周期风险在材料阶段较突出，能够解释当前中等外圈故障的主要失效模式。,早期表现为局部接触应力升高，随后振动冲击增强，最终演化为中等外圈故障。,0.5884,BMAT-00008,MaterialBatch,material
BFB-00307,BRG-00307,B007,rolling_element_fault,rolling_element,slight,0.7725,结合振动、峭度和温升特征，滚动体故障与装配阶段异常高度一致，优先追溯到 BASM-00307。,风险首先在装配阶段形成隐患，运行中持续放大，并通过温度与振动指标表现出来。,0.6465,BASM-00307,AssemblyRecord,assembly
BFB-00308,BRG-00308,OR007,outer_race_fault,outer_race,slight,0.7347,结合振动、峭度和温升特征，外圈故障与装配阶段异常高度一致，优先追溯到 BASM-00308。,风险首先在装配阶段形成隐患，运行中持续放大，并通过温度与振动指标表现出来。,0.6692,BASM-00308,AssemblyRecord,assembly
BFB-00309,BRG-00309,OR021,outer_race_fault,outer_race,severe,0.7428,诊断结果显示轴承出现严重外圈故障，根因更可能来自材料阶段实体 BMAT-00371 的风险累积。,异常由微小缺陷逐步发展为周期性冲击，检测指标随严重度上升而同步恶化。,0.6765,BMAT-00371,MaterialBatch,material
BFB-00310,BRG-00310,IR007,inner_race_fault,inner_race,slight,0.7084,诊断结果显示轴承出现轻微内圈故障，根因更可能来自制造阶段实体 BMAN-01021 的风险累积。,异常由微小缺陷逐步发展为周期性冲击，检测指标随严重度上升而同步恶化。,0.5214,BMAN-01021,ManufacturingBatch,manufacturing
BFB-00311,BRG-00311,OR014,outer_race_fault,outer_race,medium,0.7462,结合振动、峭度和温升特征，外圈故障与制造阶段异常高度一致，优先追溯到 BMAN-00506。,风险首先在制造阶段形成隐患，运行中持续放大，并通过温度与振动指标表现出来。,0.6529,BMAN-00506,ManufacturingBatch,manufacturing
BFB-00312,BRG-00312,B021,rolling_element_fault,rolling_element,severe,0.7399,结合振动、峭度和温升特征，滚动体故障与装配阶段异常高度一致，优先追溯到 BASM-00312。,风险首先在装配阶段形成隐患，运行中持续放大，并通过温度与振动指标表现出来。,0.6636,BASM-00312,AssemblyRecord,assembly
BFB-00313,BRG-00313,IR014,inner_race_fault,inner_race,medium,0.6845,该样本的生命周期风险在材料阶段较突出，能够解释当前中等内圈故障的主要失效模式。,早期表现为局部接触应力升高，随后振动冲击增强，最终演化为中等内圈故障。,0.7323,BMAT-00412,MaterialBatch,material
BFB-00314,BRG-00314,OR007,outer_race_fault,outer_race,slight,0.677,诊断结果显示轴承出现轻微外圈故障，根因更可能来自运维阶段实体 BOPR-00314 的风险累积。,风险首先在运维阶段形成隐患，运行中持续放大，并通过温度与振动指标表现出来。,0.5706,BOPR-00314,MaintenanceRecord,operation
BFB-00315,BRG-00315,IR021,inner_race_fault,inner_race,severe,0.7827,结合振动、峭度和温升特征，内圈故障与制造阶段异常高度一致，优先追溯到 BMAN-00505。,异常由微小缺陷逐步发展为周期性冲击，检测指标随严重度上升而同步恶化。,0.6997,BMAN-00505,ManufacturingBatch,manufacturing
BFB-00316,BRG-00316,OR021,outer_race_fault,outer_race,severe,0.734,结合振动、峭度和温升特征，外圈故障与装配阶段异常高度一致，优先追溯到 BASM-00316。,早期表现为局部接触应力升高，随后振动冲击增强，最终演化为严重外圈故障。,0.6955,BASM-00316,AssemblyRecord,assembly
BFB-00317,BRG-00317,OR014,outer_race_fault,outer_race,medium,0.7501,结合振动、峭度和温升特征，外圈故障与材料阶段异常高度一致，优先追溯到 BMAT-00139。,风险首先在材料阶段形成隐患，运行中持续放大，并通过温度与振动指标表现出来。,0.7234,BMAT-00139,MaterialBatch,material
BFB-00318,BRG-00318,OR014,outer_race_fault,outer_race,medium,0.7554,诊断结果显示轴承出现中等外圈故障，根因更可能来自制造阶段实体 BMAN-01101 的风险累积。,早期表现为局部接触应力升高，随后振动冲击增强，最终演化为中等外圈故障。,0.675,BMAN-01101,ManufacturingBatch,manufacturing
BFB-00319,BRG-00319,IR007,inner_race_fault,inner_race,slight,0.7347,结合振动、峭度和温升特征，内圈故障与检测阶段异常高度一致，优先追溯到 BINSP-00319。,早期表现为局部接触应力升高，随后振动冲击增强，最终演化为轻微内圈故障。,0.617,BINSP-00319,InspectionRecord,inspection
BFB-00320,BRG-00320,OR014,outer_race_fault,outer_race,medium,0.7399,该样本的生命周期风险在运维阶段较突出，能够解释当前中等外圈故障的主要失效模式。,早期表现为局部接触应力升高，随后振动冲击增强，最终演化为中等外圈故障。,0.7189,BOPR-00320,MaintenanceRecord,operation
BFB-00321,BRG-00321,B007,rolling_element_fault,rolling_element,slight,0.6206,诊断结果显示轴承出现轻微滚动体故障，根因更可能来自材料阶段实体 BMAT-00453 的风险累积。,异常由微小缺陷逐步发展为周期性冲击，检测指标随严重度上升而同步恶化。,0.6539,BMAT-00453,MaterialBatch,material
BFB-00322,BRG-00322,B007,rolling_element_fault,rolling_element,slight,0.7046,结合振动、峭度和温升特征，滚动体故障与制造阶段异常高度一致，优先追溯到 BMAN-00293。,异常由微小缺陷逐步发展为周期性冲击，检测指标随严重度上升而同步恶化。,0.6883,BMAN-00293,ManufacturingBatch,manufacturing
BFB-00323,BRG-00323,IR021,inner_race_fault,inner_race,severe,0.7458,诊断结果显示轴承出现严重内圈故障，根因更可能来自制造阶段实体 BMAN-00623 的风险累积。,早期表现为局部接触应力升高，随后振动冲击增强，最终演化为严重内圈故障。,0.7712,BMAN-00623,ManufacturingBatch,manufacturing
BFB-00324,BRG-00324,OR014,outer_race_fault,outer_race,medium,0.7657,诊断结果显示轴承出现中等外圈故障，根因更可能来自材料阶段实体 BMAT-00013 的风险累积。,风险首先在材料阶段形成隐患，运行中持续放大，并通过温度与振动指标表现出来。,0.7055,BMAT-00013,MaterialBatch,material
BFB-00325,BRG-00325,OR014,outer_race_fault,outer_race,medium,0.6947,结合振动、峭度和温升特征，外圈故障与制造阶段异常高度一致，优先追溯到 BMAN-00534。,风险首先在制造阶段形成隐患，运行中持续放大，并通过温度与振动指标表现出来。,0.6115,BMAN-00534,ManufacturingBatch,manufacturing
BFB-00326,BRG-00326,OR007,outer_race_fault,outer_race,slight,0.6904,结合振动、峭度和温升特征，外圈故障与制造阶段异常高度一致，优先追溯到 BMAN-00388。,异常由微小缺陷逐步发展为周期性冲击，检测指标随严重度上升而同步恶化。,0.637,BMAN-00388,ManufacturingBatch,manufacturing
BFB-00327,BRG-00327,IR021,inner_race_fault,inner_race,severe,0.7263,该样本的生命周期风险在制造阶段较突出，能够解释当前严重内圈故障的主要失效模式。,早期表现为局部接触应力升高，随后振动冲击增强，最终演化为严重内圈故障。,0.7696,BMAN-00567,ManufacturingBatch,manufacturing
BFB-00328,BRG-00328,IR007,inner_race_fault,inner_race,slight,0.6843,诊断结果显示轴承出现轻微内圈故障，根因更可能来自装配阶段实体 BASM-00328 的风险累积。,风险首先在装配阶段形成隐患，运行中持续放大，并通过温度与振动指标表现出来。,0.6286,BASM-00328,AssemblyRecord,assembly
BFB-00329,BRG-00329,Normal,normal,none,normal,0.8789,该轴承样本生命周期风险较低，未形成明确故障追溯链。,运行状态平稳，检测指标未呈现持续恶化趋势。,0.8918,NORMAL_BASELINE,QualityFeedback,feedback
BFB-00330,BRG-00330,B021,rolling_element_fault,rolling_element,severe,0.6974,结合振动、峭度和温升特征，滚动体故障与材料阶段异常高度一致，优先追溯到 BMAT-00438。,早期表现为局部接触应力升高，随后振动冲击增强，最终演化为严重滚动体故障。,0.7058,BMAT-00438,MaterialBatch,material
BFB-00331,BRG-00331,OR007,outer_race_fault,outer_race,slight,0.7144,诊断结果显示轴承出现轻微外圈故障，根因更可能来自材料阶段实体 BMAT-00252 的风险累积。,早期表现为局部接触应力升高，随后振动冲击增强，最终演化为轻微外圈故障。,0.6897,BMAT-00252,MaterialBatch,material
BFB-00332,BRG-00332,IR014,inner_race_fault,inner_race,medium,0.6423,该样本的生命周期风险在制造阶段较突出，能够解释当前中等内圈故障的主要失效模式。,早期表现为局部接触应力升高，随后振动冲击增强，最终演化为中等内圈故障。,0.6493,BMAN-00680,ManufacturingBatch,manufacturing
BFB-00333,BRG-00333,Normal,normal,none,normal,0.9052,该轴承样本生命周期风险较低，未形成明确故障追溯链。,运行状态平稳，检测指标未呈现持续恶化趋势。,0.7833,NORMAL_BASELINE,QualityFeedback,feedback
BFB-00334,BRG-00334,OR021,outer_race_fault,outer_race,severe,0.7464,结合振动、峭度和温升特征，外圈故障与制造阶段异常高度一致，优先追溯到 BMAN-00594。,风险首先在制造阶段形成隐患，运行中持续放大，并通过温度与振动指标表现出来。,0.7326,BMAN-00594,ManufacturingBatch,manufacturing
BFB-00335,BRG-00335,IR007,inner_race_fault,inner_race,slight,0.7123,结合振动、峭度和温升特征，内圈故障与设计阶段异常高度一致，优先追溯到 BDES-00666。,异常由微小缺陷逐步发展为周期性冲击，检测指标随严重度上升而同步恶化。,0.647,BDES-00666,BearingDesignSpec,design
BFB-00336,BRG-00336,IR021,inner_race_fault,inner_race,severe,0.7564,结合振动、峭度和温升特征，内圈故障与材料阶段异常高度一致，优先追溯到 BMAT-00342。,早期表现为局部接触应力升高，随后振动冲击增强，最终演化为严重内圈故障。,0.7782,BMAT-00342,MaterialBatch,material
BFB-00337,BRG-00337,B007,rolling_element_fault,rolling_element,slight,0.6988,结合振动、峭度和温升特征，滚动体故障与制造阶段异常高度一致，优先追溯到 BMAN-00636。,异常由微小缺陷逐步发展为周期性冲击，检测指标随严重度上升而同步恶化。,0.7217,BMAN-00636,ManufacturingBatch,manufacturing
BFB-00338,BRG-00338,B021,rolling_element_fault,rolling_element,severe,0.7398,结合振动、峭度和温升特征，滚动体故障与材料阶段异常高度一致，优先追溯到 BMAT-00020。,风险首先在材料阶段形成隐患，运行中持续放大，并通过温度与振动指标表现出来。,0.7247,BMAT-00020,MaterialBatch,material
BFB-00339,BRG-00339,IR021,inner_race_fault,inner_race,severe,0.6734,该样本的生命周期风险在制造阶段较突出，能够解释当前严重内圈故障的主要失效模式。,早期表现为局部接触应力升高，随后振动冲击增强，最终演化为严重内圈故障。,0.7031,BMAN-00796,ManufacturingBatch,manufacturing
BFB-00340,BRG-00340,OR014,outer_race_fault,outer_race,medium,0.7256,结合振动、峭度和温升特征，外圈故障与制造阶段异常高度一致，优先追溯到 BMAN-00808。,风险首先在制造阶段形成隐患，运行中持续放大，并通过温度与振动指标表现出来。,0.615,BMAN-00808,ManufacturingBatch,manufacturing
BFB-00341,BRG-00341,IR014,inner_race_fault,inner_race,medium,0.7452,该样本的生命周期风险在制造阶段较突出，能够解释当前中等内圈故障的主要失效模式。,风险首先在制造阶段形成隐患，运行中持续放大，并通过温度与振动指标表现出来。,0.7014,BMAN-00480,ManufacturingBatch,manufacturing
BFB-00342,BRG-00342,Normal,normal,none,normal,0.9098,该轴承样本生命周期风险较低，未形成明确故障追溯链。,运行状态平稳，检测指标未呈现持续恶化趋势。,0.8831,NORMAL_BASELINE,QualityFeedback,feedback
BFB-00343,BRG-00343,IR021,inner_race_fault,inner_race,severe,0.7629,诊断结果显示轴承出现严重内圈故障，根因更可能来自制造阶段实体 BMAN-00646 的风险累积。,早期表现为局部接触应力升高，随后振动冲击增强，最终演化为严重内圈故障。,0.7024,BMAN-00646,ManufacturingBatch,manufacturing
BFB-00344,BRG-00344,IR014,inner_race_fault,inner_race,medium,0.6662,结合振动、峭度和温升特征，内圈故障与运维阶段异常高度一致，优先追溯到 BOPR-00344。,风险首先在运维阶段形成隐患，运行中持续放大，并通过温度与振动指标表现出来。,0.6138,BOPR-00344,MaintenanceRecord,operation
BFB-00345,BRG-00345,B014,rolling_element_fault,rolling_element,medium,0.6957,诊断结果显示轴承出现中等滚动体故障，根因更可能来自制造阶段实体 BMAN-00657 的风险累积。,风险首先在制造阶段形成隐患，运行中持续放大，并通过温度与振动指标表现出来。,0.6655,BMAN-00657,ManufacturingBatch,manufacturing
BFB-00346,BRG-00346,Normal,normal,none,normal,0.9585,该轴承样本生命周期风险较低，未形成明确故障追溯链。,运行状态平稳，检测指标未呈现持续恶化趋势。,0.7871,NORMAL_BASELINE,QualityFeedback,feedback
BFB-00347,BRG-00347,Normal,normal,none,normal,0.8837,该轴承样本生命周期风险较低，未形成明确故障追溯链。,运行状态平稳，检测指标未呈现持续恶化趋势。,0.8913,NORMAL_BASELINE,QualityFeedback,feedback
BFB-00348,BRG-00348,IR021,inner_race_fault,inner_race,severe,0.6972,诊断结果显示轴承出现严重内圈故障，根因更可能来自材料阶段实体 BMAT-00211 的风险累积。,异常由微小缺陷逐步发展为周期性冲击，检测指标随严重度上升而同步恶化。,0.6709,BMAT-00211,MaterialBatch,material
BFB-00349,BRG-00349,B021,rolling_element_fault,rolling_element,severe,0.769,该样本的生命周期风险在制造阶段较突出，能够解释当前严重滚动体故障的主要失效模式。,异常由微小缺陷逐步发展为周期性冲击，检测指标随严重度上升而同步恶化。,0.7593,BMAN-00491,ManufacturingBatch,manufacturing
BFB-00350,BRG-00350,OR021,outer_race_fault,outer_race,severe,0.7251,该样本的生命周期风险在材料阶段较突出，能够解释当前严重外圈故障的主要失效模式。,早期表现为局部接触应力升高，随后振动冲击增强，最终演化为严重外圈故障。,0.7098,BMAT-00344,MaterialBatch,material
BFB-00351,BRG-00351,OR007,outer_race_fault,outer_race,slight,0.684,诊断结果显示轴承出现轻微外圈故障，根因更可能来自装配阶段实体 BASM-00351 的风险累积。,风险首先在装配阶段形成隐患，运行中持续放大，并通过温度与振动指标表现出来。,0.7587,BASM-00351,AssemblyRecord,assembly
BFB-00352,BRG-00352,IR007,inner_race_fault,inner_race,slight,0.6678,诊断结果显示轴承出现轻微内圈故障，根因更可能来自制造阶段实体 BMAN-00429 的风险累积。,异常由微小缺陷逐步发展为周期性冲击，检测指标随严重度上升而同步恶化。,0.6704,BMAN-00429,ManufacturingBatch,manufacturing
BFB-00353,BRG-00353,OR007,outer_race_fault,outer_race,slight,0.6559,结合振动、峭度和温升特征，外圈故障与制造阶段异常高度一致，优先追溯到 BMAN-00788。,早期表现为局部接触应力升高，随后振动冲击增强，最终演化为轻微外圈故障。,0.6098,BMAN-00788,ManufacturingBatch,manufacturing
BFB-00354,BRG-00354,IR021,inner_race_fault,inner_race,severe,0.7253,结合振动、峭度和温升特征，内圈故障与制造阶段异常高度一致，优先追溯到 BMAN-00061。,异常由微小缺陷逐步发展为周期性冲击，检测指标随严重度上升而同步恶化。,0.7263,BMAN-00061,ManufacturingBatch,manufacturing
BFB-00355,BRG-00355,B007,rolling_element_fault,rolling_element,slight,0.6963,诊断结果显示轴承出现轻微滚动体故障，根因更可能来自检测阶段实体 BINSP-00355 的风险累积。,异常由微小缺陷逐步发展为周期性冲击，检测指标随严重度上升而同步恶化。,0.6979,BINSP-00355,InspectionRecord,inspection
BFB-00356,BRG-00356,OR021,outer_race_fault,outer_race,severe,0.6252,结合振动、峭度和温升特征，外圈故障与制造阶段异常高度一致，优先追溯到 BMAN-00871。,早期表现为局部接触应力升高，随后振动冲击增强，最终演化为严重外圈故障。,0.6723,BMAN-00871,ManufacturingBatch,manufacturing
BFB-00357,BRG-00357,B014,rolling_element_fault,rolling_element,medium,0.7045,该样本的生命周期风险在装配阶段较突出，能够解释当前中等滚动体故障的主要失效模式。,早期表现为局部接触应力升高，随后振动冲击增强，最终演化为中等滚动体故障。,0.668,BASM-00357,AssemblyRecord,assembly
BFB-00358,BRG-00358,IR021,inner_race_fault,inner_race,severe,0.6924,结合振动、峭度和温升特征，内圈故障与设计阶段异常高度一致，优先追溯到 BDES-00578。,风险首先在设计阶段形成隐患，运行中持续放大，并通过温度与振动指标表现出来。,0.7226,BDES-00578,BearingDesignSpec,design
BFB-00359,BRG-00359,IR014,inner_race_fault,inner_race,medium,0.641,结合振动、峭度和温升特征，内圈故障与材料阶段异常高度一致，优先追溯到 BMAT-00245。,风险首先在材料阶段形成隐患，运行中持续放大，并通过温度与振动指标表现出来。,0.6135,BMAT-00245,MaterialBatch,material
BFB-00360,BRG-00360,IR007,inner_race_fault,inner_race,slight,0.7134,结合振动、峭度和温升特征，内圈故障与设计阶段异常高度一致，优先追溯到 BDES-00275。,风险首先在设计阶段形成隐患，运行中持续放大，并通过温度与振动指标表现出来。,0.5925,BDES-00275,BearingDesignSpec,design
BFB-00361,BRG-00361,Normal,normal,none,normal,0.9019,该轴承样本生命周期风险较低，未形成明确故障追溯链。,运行状态平稳，检测指标未呈现持续恶化趋势。,0.8138,NORMAL_BASELINE,QualityFeedback,feedback
BFB-00362,BRG-00362,B014,rolling_element_fault,rolling_element,medium,0.6857,该样本的生命周期风险在装配阶段较突出，能够解释当前中等滚动体故障的主要失效模式。,异常由微小缺陷逐步发展为周期性冲击，检测指标随严重度上升而同步恶化。,0.6475,BASM-00362,AssemblyRecord,assembly
BFB-00363,BRG-00363,IR007,inner_race_fault,inner_race,slight,0.7021,结合振动、峭度和温升特征，内圈故障与制造阶段异常高度一致，优先追溯到 BMAN-01080。,异常由微小缺陷逐步发展为周期性冲击，检测指标随严重度上升而同步恶化。,0.586,BMAN-01080,ManufacturingBatch,manufacturing
BFB-00364,BRG-00364,B021,rolling_element_fault,rolling_element,severe,0.7433,该样本的生命周期风险在检测阶段较突出，能够解释当前严重滚动体故障的主要失效模式。,早期表现为局部接触应力升高，随后振动冲击增强，最终演化为严重滚动体故障。,0.7052,BINSP-00364,InspectionRecord,inspection
BFB-00365,BRG-00365,IR007,inner_race_fault,inner_race,slight,0.6944,结合振动、峭度和温升特征，内圈故障与设计阶段异常高度一致，优先追溯到 BDES-00007。,早期表现为局部接触应力升高，随后振动冲击增强，最终演化为轻微内圈故障。,0.6343,BDES-00007,BearingDesignSpec,design
BFB-00366,BRG-00366,IR021,inner_race_fault,inner_race,severe,0.7046,结合振动、峭度和温升特征，内圈故障与装配阶段异常高度一致，优先追溯到 BASM-00366。,异常由微小缺陷逐步发展为周期性冲击，检测指标随严重度上升而同步恶化。,0.7349,BASM-00366,AssemblyRecord,assembly
BFB-00367,BRG-00367,OR021,outer_race_fault,outer_race,severe,0.7451,诊断结果显示轴承出现严重外圈故障，根因更可能来自材料阶段实体 BMAT-00027 的风险累积。,异常由微小缺陷逐步发展为周期性冲击，检测指标随严重度上升而同步恶化。,0.6172,BMAT-00027,MaterialBatch,material
BFB-00368,BRG-00368,B007,rolling_element_fault,rolling_element,slight,0.6537,该样本的生命周期风险在设计阶段较突出，能够解释当前轻微滚动体故障的主要失效模式。,早期表现为局部接触应力升高，随后振动冲击增强，最终演化为轻微滚动体故障。,0.5919,BDES-00478,BearingDesignSpec,design
BFB-00369,BRG-00369,IR021,inner_race_fault,inner_race,severe,0.7563,诊断结果显示轴承出现严重内圈故障，根因更可能来自装配阶段实体 BASM-00369 的风险累积。,异常由微小缺陷逐步发展为周期性冲击，检测指标随严重度上升而同步恶化。,0.7571,BASM-00369,AssemblyRecord,assembly
BFB-00370,BRG-00370,OR021,outer_race_fault,outer_race,severe,0.7746,结合振动、峭度和温升特征，外圈故障与制造阶段异常高度一致，优先追溯到 BMAN-00797。,风险首先在制造阶段形成隐患，运行中持续放大，并通过温度与振动指标表现出来。,0.6525,BMAN-00797,ManufacturingBatch,manufacturing
BFB-00371,BRG-00371,B007,rolling_element_fault,rolling_element,slight,0.6499,诊断结果显示轴承出现轻微滚动体故障，根因更可能来自检测阶段实体 BINSP-00371 的风险累积。,异常由微小缺陷逐步发展为周期性冲击，检测指标随严重度上升而同步恶化。,0.6333,BINSP-00371,InspectionRecord,inspection
BFB-00372,BRG-00372,B021,rolling_element_fault,rolling_element,severe,0.7531,该样本的生命周期风险在材料阶段较突出，能够解释当前严重滚动体故障的主要失效模式。,异常由微小缺陷逐步发展为周期性冲击，检测指标随严重度上升而同步恶化。,0.7305,BMAT-00063,MaterialBatch,material
BFB-00373,BRG-00373,IR014,inner_race_fault,inner_race,medium,0.6642,诊断结果显示轴承出现中等内圈故障，根因更可能来自检测阶段实体 BINSP-00373 的风险累积。,异常由微小缺陷逐步发展为周期性冲击，检测指标随严重度上升而同步恶化。,0.6824,BINSP-00373,InspectionRecord,inspection
BFB-00374,BRG-00374,B021,rolling_element_fault,rolling_element,severe,0.7135,该样本的生命周期风险在制造阶段较突出，能够解释当前严重滚动体故障的主要失效模式。,风险首先在制造阶段形成隐患，运行中持续放大，并通过温度与振动指标表现出来。,0.7009,BMAN-00042,ManufacturingBatch,manufacturing
BFB-00375,BRG-00375,Normal,normal,none,normal,0.9505,该轴承样本生命周期风险较低，未形成明确故障追溯链。,运行状态平稳，检测指标未呈现持续恶化趋势。,0.8171,NORMAL_BASELINE,QualityFeedback,feedback
BFB-00376,BRG-00376,IR007,inner_race_fault,inner_race,slight,0.7107,结合振动、峭度和温升特征，内圈故障与检测阶段异常高度一致，优先追溯到 BINSP-00376。,风险首先在检测阶段形成隐患，运行中持续放大，并通过温度与振动指标表现出来。,0.6907,BINSP-00376,InspectionRecord,inspection
BFB-00377,BRG-00377,B007,rolling_element_fault,rolling_element,slight,0.6844,诊断结果显示轴承出现轻微滚动体故障，根因更可能来自运维阶段实体 BOPR-00377 的风险累积。,风险首先在运维阶段形成隐患，运行中持续放大，并通过温度与振动指标表现出来。,0.7528,BOPR-00377,MaintenanceRecord,operation
BFB-00378,BRG-00378,B014,rolling_element_fault,rolling_element,medium,0.7428,诊断结果显示轴承出现中等滚动体故障，根因更可能来自材料阶段实体 BMAT-00444 的风险累积。,早期表现为局部接触应力升高，随后振动冲击增强，最终演化为中等滚动体故障。,0.6914,BMAT-00444,MaterialBatch,material
BFB-00379,BRG-00379,IR014,inner_race_fault,inner_race,medium,0.711,该样本的生命周期风险在制造阶段较突出，能够解释当前中等内圈故障的主要失效模式。,早期表现为局部接触应力升高，随后振动冲击增强，最终演化为中等内圈故障。,0.7676,BMAN-00317,ManufacturingBatch,manufacturing
BFB-00380,BRG-00380,B007,rolling_element_fault,rolling_element,slight,0.6439,结合振动、峭度和温升特征，滚动体故障与设计阶段异常高度一致，优先追溯到 BDES-00166。,异常由微小缺陷逐步发展为周期性冲击，检测指标随严重度上升而同步恶化。,0.5969,BDES-00166,BearingDesignSpec,design
BFB-00381,BRG-00381,IR014,inner_race_fault,inner_race,medium,0.6629,诊断结果显示轴承出现中等内圈故障，根因更可能来自制造阶段实体 BMAN-00367 的风险累积。,早期表现为局部接触应力升高，随后振动冲击增强，最终演化为中等内圈故障。,0.7464,BMAN-00367,ManufacturingBatch,manufacturing
BFB-00382,BRG-00382,OR021,outer_race_fault,outer_race,severe,0.7809,该样本的生命周期风险在制造阶段较突出，能够解释当前严重外圈故障的主要失效模式。,风险首先在制造阶段形成隐患，运行中持续放大，并通过温度与振动指标表现出来。,0.7577,BMAN-00615,ManufacturingBatch,manufacturing
BFB-00383,BRG-00383,OR021,outer_race_fault,outer_race,severe,0.6195,结合振动、峭度和温升特征，外圈故障与装配阶段异常高度一致，优先追溯到 BASM-00383。,异常由微小缺陷逐步发展为周期性冲击，检测指标随严重度上升而同步恶化。,0.7719,BASM-00383,AssemblyRecord,assembly
BFB-00384,BRG-00384,OR007,outer_race_fault,outer_race,slight,0.6621,诊断结果显示轴承出现轻微外圈故障，根因更可能来自制造阶段实体 BMAN-00114 的风险累积。,异常由微小缺陷逐步发展为周期性冲击，检测指标随严重度上升而同步恶化。,0.6435,BMAN-00114,ManufacturingBatch,manufacturing
BFB-00385,BRG-00385,Normal,normal,none,normal,0.9338,该轴承样本生命周期风险较低，未形成明确故障追溯链。,运行状态平稳，检测指标未呈现持续恶化趋势。,0.8538,NORMAL_BASELINE,QualityFeedback,feedback
BFB-00386,BRG-00386,IR014,inner_race_fault,inner_race,medium,0.6945,诊断结果显示轴承出现中等内圈故障，根因更可能来自制造阶段实体 BMAN-00135 的风险累积。,异常由微小缺陷逐步发展为周期性冲击，检测指标随严重度上升而同步恶化。,0.6538,BMAN-00135,ManufacturingBatch,manufacturing
BFB-00387,BRG-00387,B007,rolling_element_fault,rolling_element,slight,0.665,该样本的生命周期风险在制造阶段较突出，能够解释当前轻微滚动体故障的主要失效模式。,早期表现为局部接触应力升高，随后振动冲击增强，最终演化为轻微滚动体故障。,0.7241,BMAN-00711,ManufacturingBatch,manufacturing
BFB-00388,BRG-00388,Normal,normal,none,normal,0.8604,该轴承样本生命周期风险较低，未形成明确故障追溯链。,运行状态平稳，检测指标未呈现持续恶化趋势。,0.8202,NORMAL_BASELINE,QualityFeedback,feedback
BFB-00389,BRG-00389,IR007,inner_race_fault,inner_race,slight,0.6933,该样本的生命周期风险在材料阶段较突出，能够解释当前轻微内圈故障的主要失效模式。,风险首先在材料阶段形成隐患，运行中持续放大，并通过温度与振动指标表现出来。,0.7249,BMAT-00019,MaterialBatch,material
BFB-00390,BRG-00390,OR021,outer_race_fault,outer_race,severe,0.7224,该样本的生命周期风险在装配阶段较突出，能够解释当前严重外圈故障的主要失效模式。,早期表现为局部接触应力升高，随后振动冲击增强，最终演化为严重外圈故障。,0.7242,BASM-00390,AssemblyRecord,assembly
BFB-00391,BRG-00391,B007,rolling_element_fault,rolling_element,slight,0.7407,结合振动、峭度和温升特征，滚动体故障与运维阶段异常高度一致，优先追溯到 BOPR-00391。,异常由微小缺陷逐步发展为周期性冲击，检测指标随严重度上升而同步恶化。,0.655,BOPR-00391,MaintenanceRecord,operation
BFB-00392,BRG-00392,OR007,outer_race_fault,outer_race,slight,0.638,结合振动、峭度和温升特征，外圈故障与装配阶段异常高度一致，优先追溯到 BASM-00392。,早期表现为局部接触应力升高，随后振动冲击增强，最终演化为轻微外圈故障。,0.6458,BASM-00392,AssemblyRecord,assembly
BFB-00393,BRG-00393,IR021,inner_race_fault,inner_race,severe,0.7562,该样本的生命周期风险在制造阶段较突出，能够解释当前严重内圈故障的主要失效模式。,异常由微小缺陷逐步发展为周期性冲击，检测指标随严重度上升而同步恶化。,0.6277,BMAN-00218,ManufacturingBatch,manufacturing
BFB-00394,BRG-00394,IR014,inner_race_fault,inner_race,medium,0.7675,结合振动、峭度和温升特征，内圈故障与装配阶段异常高度一致，优先追溯到 BASM-00394。,早期表现为局部接触应力升高，随后振动冲击增强，最终演化为中等内圈故障。,0.6266,BASM-00394,AssemblyRecord,assembly
BFB-00395,BRG-00395,OR021,outer_race_fault,outer_race,severe,0.7295,该样本的生命周期风险在装配阶段较突出，能够解释当前严重外圈故障的主要失效模式。,早期表现为局部接触应力升高，随后振动冲击增强，最终演化为严重外圈故障。,0.6781,BASM-00395,AssemblyRecord,assembly
BFB-00396,BRG-00396,IR014,inner_race_fault,inner_race,medium,0.7554,诊断结果显示轴承出现中等内圈故障，根因更可能来自装配阶段实体 BASM-00396 的风险累积。,早期表现为局部接触应力升高，随后振动冲击增强，最终演化为中等内圈故障。,0.7076,BASM-00396,AssemblyRecord,assembly
BFB-00397,BRG-00397,OR021,outer_race_fault,outer_race,severe,0.7169,该样本的生命周期风险在装配阶段较突出，能够解释当前严重外圈故障的主要失效模式。,异常由微小缺陷逐步发展为周期性冲击，检测指标随严重度上升而同步恶化。,0.6707,BASM-00397,AssemblyRecord,assembly
BFB-00398,BRG-00398,IR007,inner_race_fault,inner_race,slight,0.6547,结合振动、峭度和温升特征，内圈故障与材料阶段异常高度一致，优先追溯到 BMAT-00176。,早期表现为局部接触应力升高，随后振动冲击增强，最终演化为轻微内圈故障。,0.6021,BMAT-00176,MaterialBatch,material
BFB-00399,BRG-00399,OR014,outer_race_fault,outer_race,medium,0.7144,该样本的生命周期风险在材料阶段较突出，能够解释当前中等外圈故障的主要失效模式。,早期表现为局部接触应力升高，随后振动冲击增强，最终演化为中等外圈故障。,0.7446,BMAT-00235,MaterialBatch,material
BFB-00400,BRG-00400,OR007,outer_race_fault,outer_race,slight,0.6059,结合振动、峭度和温升特征，外圈故障与装配阶段异常高度一致，优先追溯到 BASM-00400。,异常由微小缺陷逐步发展为周期性冲击，检测指标随严重度上升而同步恶化。,0.5976,BASM-00400,AssemblyRecord,assembly
BFB-00401,BRG-00401,Normal,normal,none,normal,0.9425,该轴承样本生命周期风险较低，未形成明确故障追溯链。,运行状态平稳，检测指标未呈现持续恶化趋势。,0.8413,NORMAL_BASELINE,QualityFeedback,feedback
BFB-00402,BRG-00402,Normal,normal,none,normal,0.8877,该轴承样本生命周期风险较低，未形成明确故障追溯链。,运行状态平稳，检测指标未呈现持续恶化趋势。,0.8779,NORMAL_BASELINE,QualityFeedback,feedback
BFB-00403,BRG-00403,Normal,normal,none,normal,0.8724,该轴承样本生命周期风险较低，未形成明确故障追溯链。,运行状态平稳，检测指标未呈现持续恶化趋势。,0.8973,NORMAL_BASELINE,QualityFeedback,feedback
BFB-00404,BRG-00404,IR007,inner_race_fault,inner_race,slight,0.6481,该样本的生命周期风险在制造阶段较突出，能够解释当前轻微内圈故障的主要失效模式。,风险首先在制造阶段形成隐患，运行中持续放大，并通过温度与振动指标表现出来。,0.7022,BMAN-00139,ManufacturingBatch,manufacturing
BFB-00405,BRG-00405,OR007,outer_race_fault,outer_race,slight,0.7017,诊断结果显示轴承出现轻微外圈故障，根因更可能来自制造阶段实体 BMAN-01196 的风险累积。,早期表现为局部接触应力升高，随后振动冲击增强，最终演化为轻微外圈故障。,0.7018,BMAN-01196,ManufacturingBatch,manufacturing
BFB-00406,BRG-00406,Normal,normal,none,normal,0.8851,该轴承样本生命周期风险较低，未形成明确故障追溯链。,运行状态平稳，检测指标未呈现持续恶化趋势。,0.7818,NORMAL_BASELINE,QualityFeedback,feedback
BFB-00407,BRG-00407,B007,rolling_element_fault,rolling_element,slight,0.6274,结合振动、峭度和温升特征，滚动体故障与装配阶段异常高度一致，优先追溯到 BASM-00407。,风险首先在装配阶段形成隐患，运行中持续放大，并通过温度与振动指标表现出来。,0.7145,BASM-00407,AssemblyRecord,assembly
BFB-00408,BRG-00408,OR021,outer_race_fault,outer_race,severe,0.7193,诊断结果显示轴承出现严重外圈故障，根因更可能来自装配阶段实体 BASM-00408 的风险累积。,风险首先在装配阶段形成隐患，运行中持续放大，并通过温度与振动指标表现出来。,0.7031,BASM-00408,AssemblyRecord,assembly
BFB-00409,BRG-00409,IR007,inner_race_fault,inner_race,slight,0.6203,该样本的生命周期风险在材料阶段较突出，能够解释当前轻微内圈故障的主要失效模式。,异常由微小缺陷逐步发展为周期性冲击，检测指标随严重度上升而同步恶化。,0.6716,BMAT-00395,MaterialBatch,material
BFB-00410,BRG-00410,OR014,outer_race_fault,outer_race,medium,0.7009,结合振动、峭度和温升特征，外圈故障与设计阶段异常高度一致，优先追溯到 BDES-00749。,异常由微小缺陷逐步发展为周期性冲击，检测指标随严重度上升而同步恶化。,0.6929,BDES-00749,BearingDesignSpec,design
BFB-00411,BRG-00411,B007,rolling_element_fault,rolling_element,slight,0.6683,诊断结果显示轴承出现轻微滚动体故障，根因更可能来自设计阶段实体 BDES-00246 的风险累积。,早期表现为局部接触应力升高，随后振动冲击增强，最终演化为轻微滚动体故障。,0.6655,BDES-00246,BearingDesignSpec,design
BFB-00412,BRG-00412,IR014,inner_race_fault,inner_race,medium,0.6992,该样本的生命周期风险在材料阶段较突出，能够解释当前中等内圈故障的主要失效模式。,异常由微小缺陷逐步发展为周期性冲击，检测指标随严重度上升而同步恶化。,0.7231,BMAT-00352,MaterialBatch,material
BFB-00413,BRG-00413,IR014,inner_race_fault,inner_race,medium,0.6403,结合振动、峭度和温升特征，内圈故障与材料阶段异常高度一致，优先追溯到 BMAT-00052。,早期表现为局部接触应力升高，随后振动冲击增强，最终演化为中等内圈故障。,0.6578,BMAT-00052,MaterialBatch,material
BFB-00414,BRG-00414,B014,rolling_element_fault,rolling_element,medium,0.7661,诊断结果显示轴承出现中等滚动体故障，根因更可能来自制造阶段实体 BMAN-00633 的风险累积。,异常由微小缺陷逐步发展为周期性冲击，检测指标随严重度上升而同步恶化。,0.7188,BMAN-00633,ManufacturingBatch,manufacturing
BFB-00415,BRG-00415,Normal,normal,none,normal,0.9051,该轴承样本生命周期风险较低，未形成明确故障追溯链。,运行状态平稳，检测指标未呈现持续恶化趋势。,0.8099,NORMAL_BASELINE,QualityFeedback,feedback
BFB-00416,BRG-00416,Normal,normal,none,normal,0.9455,该轴承样本生命周期风险较低，未形成明确故障追溯链。,运行状态平稳，检测指标未呈现持续恶化趋势。,0.8584,NORMAL_BASELINE,QualityFeedback,feedback
BFB-00417,BRG-00417,B007,rolling_element_fault,rolling_element,slight,0.6287,结合振动、峭度和温升特征，滚动体故障与制造阶段异常高度一致，优先追溯到 BMAN-00640。,异常由微小缺陷逐步发展为周期性冲击，检测指标随严重度上升而同步恶化。,0.6252,BMAN-00640,ManufacturingBatch,manufacturing
BFB-00418,BRG-00418,IR007,inner_race_fault,inner_race,slight,0.6121,诊断结果显示轴承出现轻微内圈故障，根因更可能来自制造阶段实体 BMAN-00246 的风险累积。,早期表现为局部接触应力升高，随后振动冲击增强，最终演化为轻微内圈故障。,0.7002,BMAN-00246,ManufacturingBatch,manufacturing
BFB-00419,BRG-00419,OR014,outer_race_fault,outer_race,medium,0.7534,该样本的生命周期风险在制造阶段较突出，能够解释当前中等外圈故障的主要失效模式。,早期表现为局部接触应力升高，随后振动冲击增强，最终演化为中等外圈故障。,0.614,BMAN-01111,ManufacturingBatch,manufacturing
BFB-00420,BRG-00420,IR014,inner_race_fault,inner_race,medium,0.7506,该样本的生命周期风险在材料阶段较突出，能够解释当前中等内圈故障的主要失效模式。,异常由微小缺陷逐步发展为周期性冲击，检测指标随严重度上升而同步恶化。,0.7229,BMAT-00110,MaterialBatch,material
BFB-00421,BRG-00421,OR007,outer_race_fault,outer_race,slight,0.6971,结合振动、峭度和温升特征，外圈故障与检测阶段异常高度一致，优先追溯到 BINSP-00421。,风险首先在检测阶段形成隐患，运行中持续放大，并通过温度与振动指标表现出来。,0.5622,BINSP-00421,InspectionRecord,inspection
BFB-00422,BRG-00422,IR007,inner_race_fault,inner_race,slight,0.6151,该样本的生命周期风险在检测阶段较突出，能够解释当前轻微内圈故障的主要失效模式。,风险首先在检测阶段形成隐患，运行中持续放大，并通过温度与振动指标表现出来。,0.7118,BINSP-00422,InspectionRecord,inspection
BFB-00423,BRG-00423,B021,rolling_element_fault,rolling_element,severe,0.7615,该样本的生命周期风险在制造阶段较突出，能够解释当前严重滚动体故障的主要失效模式。,异常由微小缺陷逐步发展为周期性冲击，检测指标随严重度上升而同步恶化。,0.6758,BMAN-00105,ManufacturingBatch,manufacturing
BFB-00424,BRG-00424,OR014,outer_race_fault,outer_race,medium,0.7364,该样本的生命周期风险在运维阶段较突出，能够解释当前中等外圈故障的主要失效模式。,风险首先在运维阶段形成隐患，运行中持续放大，并通过温度与振动指标表现出来。,0.5878,BOPR-00424,MaintenanceRecord,operation
BFB-00425,BRG-00425,IR021,inner_race_fault,inner_race,severe,0.7653,该样本的生命周期风险在装配阶段较突出，能够解释当前严重内圈故障的主要失效模式。,早期表现为局部接触应力升高，随后振动冲击增强，最终演化为严重内圈故障。,0.8027,BASM-00425,AssemblyRecord,assembly
BFB-00426,BRG-00426,OR007,outer_race_fault,outer_race,slight,0.6928,诊断结果显示轴承出现轻微外圈故障，根因更可能来自运维阶段实体 BOPR-00426 的风险累积。,早期表现为局部接触应力升高，随后振动冲击增强，最终演化为轻微外圈故障。,0.6881,BOPR-00426,MaintenanceRecord,operation
BFB-00427,BRG-00427,OR021,outer_race_fault,outer_race,severe,0.7302,诊断结果显示轴承出现严重外圈故障，根因更可能来自装配阶段实体 BASM-00427 的风险累积。,异常由微小缺陷逐步发展为周期性冲击，检测指标随严重度上升而同步恶化。,0.6276,BASM-00427,AssemblyRecord,assembly
BFB-00428,BRG-00428,OR007,outer_race_fault,outer_race,slight,0.7,结合振动、峭度和温升特征，外圈故障与装配阶段异常高度一致，优先追溯到 BASM-00428。,异常由微小缺陷逐步发展为周期性冲击，检测指标随严重度上升而同步恶化。,0.6681,BASM-00428,AssemblyRecord,assembly
BFB-00429,BRG-00429,IR021,inner_race_fault,inner_race,severe,0.7803,该样本的生命周期风险在材料阶段较突出，能够解释当前严重内圈故障的主要失效模式。,风险首先在材料阶段形成隐患，运行中持续放大，并通过温度与振动指标表现出来。,0.6409,BMAT-00426,MaterialBatch,material
BFB-00430,BRG-00430,IR014,inner_race_fault,inner_race,medium,0.7012,诊断结果显示轴承出现中等内圈故障，根因更可能来自装配阶段实体 BASM-00430 的风险累积。,异常由微小缺陷逐步发展为周期性冲击，检测指标随严重度上升而同步恶化。,0.6802,BASM-00430,AssemblyRecord,assembly
BFB-00431,BRG-00431,Normal,normal,none,normal,0.9403,该轴承样本生命周期风险较低，未形成明确故障追溯链。,运行状态平稳，检测指标未呈现持续恶化趋势。,0.8018,NORMAL_BASELINE,QualityFeedback,feedback
BFB-00432,BRG-00432,IR021,inner_race_fault,inner_race,severe,0.7352,该样本的生命周期风险在制造阶段较突出，能够解释当前严重内圈故障的主要失效模式。,风险首先在制造阶段形成隐患，运行中持续放大，并通过温度与振动指标表现出来。,0.8023,BMAN-00998,ManufacturingBatch,manufacturing
BFB-00433,BRG-00433,OR021,outer_race_fault,outer_race,severe,0.6946,诊断结果显示轴承出现严重外圈故障，根因更可能来自材料阶段实体 BMAT-00068 的风险累积。,风险首先在材料阶段形成隐患，运行中持续放大，并通过温度与振动指标表现出来。,0.7176,BMAT-00068,MaterialBatch,material
BFB-00434,BRG-00434,OR007,outer_race_fault,outer_race,slight,0.6673,诊断结果显示轴承出现轻微外圈故障，根因更可能来自制造阶段实体 BMAN-00175 的风险累积。,早期表现为局部接触应力升高，随后振动冲击增强，最终演化为轻微外圈故障。,0.6493,BMAN-00175,ManufacturingBatch,manufacturing
BFB-00435,BRG-00435,B014,rolling_element_fault,rolling_element,medium,0.6766,诊断结果显示轴承出现中等滚动体故障，根因更可能来自装配阶段实体 BASM-00435 的风险累积。,异常由微小缺陷逐步发展为周期性冲击，检测指标随严重度上升而同步恶化。,0.7151,BASM-00435,AssemblyRecord,assembly
BFB-00436,BRG-00436,IR014,inner_race_fault,inner_race,medium,0.686,诊断结果显示轴承出现中等内圈故障，根因更可能来自材料阶段实体 BMAT-00091 的风险累积。,风险首先在材料阶段形成隐患，运行中持续放大，并通过温度与振动指标表现出来。,0.6558,BMAT-00091,MaterialBatch,material
BFB-00437,BRG-00437,OR014,outer_race_fault,outer_race,medium,0.685,结合振动、峭度和温升特征，外圈故障与制造阶段异常高度一致，优先追溯到 BMAN-00699。,异常由微小缺陷逐步发展为周期性冲击，检测指标随严重度上升而同步恶化。,0.6729,BMAN-00699,ManufacturingBatch,manufacturing
BFB-00438,BRG-00438,IR014,inner_race_fault,inner_race,medium,0.7177,结合振动、峭度和温升特征，内圈故障与设计阶段异常高度一致，优先追溯到 BDES-00769。,早期表现为局部接触应力升高，随后振动冲击增强，最终演化为中等内圈故障。,0.7368,BDES-00769,BearingDesignSpec,design
BFB-00439,BRG-00439,IR007,inner_race_fault,inner_race,slight,0.674,该样本的生命周期风险在制造阶段较突出，能够解释当前轻微内圈故障的主要失效模式。,早期表现为局部接触应力升高，随后振动冲击增强，最终演化为轻微内圈故障。,0.7237,BMAN-00257,ManufacturingBatch,manufacturing
BFB-00440,BRG-00440,IR007,inner_race_fault,inner_race,slight,0.6529,结合振动、峭度和温升特征，内圈故障与制造阶段异常高度一致，优先追溯到 BMAN-00031。,风险首先在制造阶段形成隐患，运行中持续放大，并通过温度与振动指标表现出来。,0.7186,BMAN-00031,ManufacturingBatch,manufacturing
BFB-00441,BRG-00441,B007,rolling_element_fault,rolling_element,slight,0.6509,该样本的生命周期风险在检测阶段较突出，能够解释当前轻微滚动体故障的主要失效模式。,风险首先在检测阶段形成隐患，运行中持续放大，并通过温度与振动指标表现出来。,0.7028,BINSP-00441,InspectionRecord,inspection
BFB-00442,BRG-00442,B014,rolling_element_fault,rolling_element,medium,0.7387,结合振动、峭度和温升特征，滚动体故障与制造阶段异常高度一致，优先追溯到 BMAN-00563。,风险首先在制造阶段形成隐患，运行中持续放大，并通过温度与振动指标表现出来。,0.6889,BMAN-00563,ManufacturingBatch,manufacturing
BFB-00443,BRG-00443,IR014,inner_race_fault,inner_race,medium,0.7059,该样本的生命周期风险在检测阶段较突出，能够解释当前中等内圈故障的主要失效模式。,风险首先在检测阶段形成隐患，运行中持续放大，并通过温度与振动指标表现出来。,0.6395,BINSP-00443,InspectionRecord,inspection
BFB-00444,BRG-00444,IR021,inner_race_fault,inner_race,severe,0.7329,结合振动、峭度和温升特征，内圈故障与设计阶段异常高度一致，优先追溯到 BDES-00169。,异常由微小缺陷逐步发展为周期性冲击，检测指标随严重度上升而同步恶化。,0.7191,BDES-00169,BearingDesignSpec,design
BFB-00445,BRG-00445,B007,rolling_element_fault,rolling_element,slight,0.6997,结合振动、峭度和温升特征，滚动体故障与制造阶段异常高度一致，优先追溯到 BMAN-00921。,早期表现为局部接触应力升高，随后振动冲击增强，最终演化为轻微滚动体故障。,0.5944,BMAN-00921,ManufacturingBatch,manufacturing
BFB-00446,BRG-00446,Normal,normal,none,normal,0.8958,该轴承样本生命周期风险较低，未形成明确故障追溯链。,运行状态平稳，检测指标未呈现持续恶化趋势。,0.8718,NORMAL_BASELINE,QualityFeedback,feedback
BFB-00447,BRG-00447,OR014,outer_race_fault,outer_race,medium,0.7167,该样本的生命周期风险在检测阶段较突出，能够解释当前中等外圈故障的主要失效模式。,风险首先在检测阶段形成隐患，运行中持续放大，并通过温度与振动指标表现出来。,0.6736,BINSP-00447,InspectionRecord,inspection
BFB-00448,BRG-00448,OR021,outer_race_fault,outer_race,severe,0.7825,结合振动、峭度和温升特征，外圈故障与材料阶段异常高度一致，优先追溯到 BMAT-00315。,早期表现为局部接触应力升高，随后振动冲击增强，最终演化为严重外圈故障。,0.7445,BMAT-00315,MaterialBatch,material
BFB-00449,BRG-00449,OR021,outer_race_fault,outer_race,severe,0.6727,该样本的生命周期风险在制造阶段较突出，能够解释当前严重外圈故障的主要失效模式。,异常由微小缺陷逐步发展为周期性冲击，检测指标随严重度上升而同步恶化。,0.7605,BMAN-01025,ManufacturingBatch,manufacturing
BFB-00450,BRG-00450,OR014,outer_race_fault,outer_race,medium,0.689,该样本的生命周期风险在制造阶段较突出，能够解释当前中等外圈故障的主要失效模式。,风险首先在制造阶段形成隐患，运行中持续放大，并通过温度与振动指标表现出来。,0.5937,BMAN-00440,ManufacturingBatch,manufacturing
BFB-00451,BRG-00451,Normal,normal,none,normal,0.9261,该轴承样本生命周期风险较低，未形成明确故障追溯链。,运行状态平稳，检测指标未呈现持续恶化趋势。,0.8019,NORMAL_BASELINE,QualityFeedback,feedback
BFB-00452,BRG-00452,OR021,outer_race_fault,outer_race,severe,0.7072,该样本的生命周期风险在制造阶段较突出，能够解释当前严重外圈故障的主要失效模式。,早期表现为局部接触应力升高，随后振动冲击增强，最终演化为严重外圈故障。,0.7114,BMAN-00097,ManufacturingBatch,manufacturing
BFB-00453,BRG-00453,Normal,normal,none,normal,0.8906,该轴承样本生命周期风险较低，未形成明确故障追溯链。,运行状态平稳，检测指标未呈现持续恶化趋势。,0.7852,NORMAL_BASELINE,QualityFeedback,feedback
BFB-00454,BRG-00454,B007,rolling_element_fault,rolling_element,slight,0.622,该样本的生命周期风险在装配阶段较突出，能够解释当前轻微滚动体故障的主要失效模式。,早期表现为局部接触应力升高，随后振动冲击增强，最终演化为轻微滚动体故障。,0.6648,BASM-00454,AssemblyRecord,assembly
BFB-00455,BRG-00455,OR014,outer_race_fault,outer_race,medium,0.6266,该样本的生命周期风险在制造阶段较突出，能够解释当前中等外圈故障的主要失效模式。,早期表现为局部接触应力升高，随后振动冲击增强，最终演化为中等外圈故障。,0.7902,BMAN-01152,ManufacturingBatch,manufacturing
BFB-00456,BRG-00456,OR007,outer_race_fault,outer_race,slight,0.6932,该样本的生命周期风险在装配阶段较突出，能够解释当前轻微外圈故障的主要失效模式。,风险首先在装配阶段形成隐患，运行中持续放大，并通过温度与振动指标表现出来。,0.7336,BASM-00456,AssemblyRecord,assembly
BFB-00457,BRG-00457,B014,rolling_element_fault,rolling_element,medium,0.6848,该样本的生命周期风险在材料阶段较突出，能够解释当前中等滚动体故障的主要失效模式。,早期表现为局部接触应力升高，随后振动冲击增强，最终演化为中等滚动体故障。,0.6225,BMAT-00347,MaterialBatch,material
BFB-00458,BRG-00458,B014,rolling_element_fault,rolling_element,medium,0.7088,该样本的生命周期风险在制造阶段较突出，能够解释当前中等滚动体故障的主要失效模式。,风险首先在制造阶段形成隐患，运行中持续放大，并通过温度与振动指标表现出来。,0.7365,BMAN-00367,ManufacturingBatch,manufacturing
BFB-00459,BRG-00459,B007,rolling_element_fault,rolling_element,slight,0.7082,该样本的生命周期风险在材料阶段较突出，能够解释当前轻微滚动体故障的主要失效模式。,早期表现为局部接触应力升高，随后振动冲击增强，最终演化为轻微滚动体故障。,0.6306,BMAT-00040,MaterialBatch,material
BFB-00460,BRG-00460,OR014,outer_race_fault,outer_race,medium,0.6576,诊断结果显示轴承出现中等外圈故障，根因更可能来自材料阶段实体 BMAT-00109 的风险累积。,风险首先在材料阶段形成隐患，运行中持续放大，并通过温度与振动指标表现出来。,0.6504,BMAT-00109,MaterialBatch,material
BFB-00461,BRG-00461,IR007,inner_race_fault,inner_race,slight,0.6578,该样本的生命周期风险在制造阶段较突出，能够解释当前轻微内圈故障的主要失效模式。,早期表现为局部接触应力升高，随后振动冲击增强，最终演化为轻微内圈故障。,0.6289,BMAN-00756,ManufacturingBatch,manufacturing
BFB-00462,BRG-00462,Normal,normal,none,normal,0.9243,该轴承样本生命周期风险较低，未形成明确故障追溯链。,运行状态平稳，检测指标未呈现持续恶化趋势。,0.8248,NORMAL_BASELINE,QualityFeedback,feedback
BFB-00463,BRG-00463,B007,rolling_element_fault,rolling_element,slight,0.6944,该样本的生命周期风险在制造阶段较突出，能够解释当前轻微滚动体故障的主要失效模式。,风险首先在制造阶段形成隐患，运行中持续放大，并通过温度与振动指标表现出来。,0.6312,BMAN-01090,ManufacturingBatch,manufacturing
BFB-00464,BRG-00464,Normal,normal,none,normal,0.9477,该轴承样本生命周期风险较低，未形成明确故障追溯链。,运行状态平稳，检测指标未呈现持续恶化趋势。,0.7844,NORMAL_BASELINE,QualityFeedback,feedback
BFB-00465,BRG-00465,B007,rolling_element_fault,rolling_element,slight,0.6658,结合振动、峭度和温升特征，滚动体故障与制造阶段异常高度一致，优先追溯到 BMAN-00033。,异常由微小缺陷逐步发展为周期性冲击，检测指标随严重度上升而同步恶化。,0.6525,BMAN-00033,ManufacturingBatch,manufacturing
BFB-00466,BRG-00466,IR014,inner_race_fault,inner_race,medium,0.7248,结合振动、峭度和温升特征，内圈故障与装配阶段异常高度一致，优先追溯到 BASM-00466。,早期表现为局部接触应力升高，随后振动冲击增强，最终演化为中等内圈故障。,0.6173,BASM-00466,AssemblyRecord,assembly
BFB-00467,BRG-00467,B014,rolling_element_fault,rolling_element,medium,0.7645,该样本的生命周期风险在制造阶段较突出，能够解释当前中等滚动体故障的主要失效模式。,早期表现为局部接触应力升高，随后振动冲击增强，最终演化为中等滚动体故障。,0.6743,BMAN-00226,ManufacturingBatch,manufacturing
BFB-00468,BRG-00468,OR014,outer_race_fault,outer_race,medium,0.7075,该样本的生命周期风险在材料阶段较突出，能够解释当前中等外圈故障的主要失效模式。,风险首先在材料阶段形成隐患，运行中持续放大，并通过温度与振动指标表现出来。,0.7444,BMAT-00146,MaterialBatch,material
BFB-00469,BRG-00469,OR014,outer_race_fault,outer_race,medium,0.7272,诊断结果显示轴承出现中等外圈故障，根因更可能来自制造阶段实体 BMAN-00730 的风险累积。,风险首先在制造阶段形成隐患，运行中持续放大，并通过温度与振动指标表现出来。,0.7186,BMAN-00730,ManufacturingBatch,manufacturing
BFB-00470,BRG-00470,OR014,outer_race_fault,outer_race,medium,0.6917,诊断结果显示轴承出现中等外圈故障，根因更可能来自检测阶段实体 BINSP-00470 的风险累积。,异常由微小缺陷逐步发展为周期性冲击，检测指标随严重度上升而同步恶化。,0.7882,BINSP-00470,InspectionRecord,inspection
BFB-00471,BRG-00471,B014,rolling_element_fault,rolling_element,medium,0.6964,诊断结果显示轴承出现中等滚动体故障，根因更可能来自运维阶段实体 BOPR-00471 的风险累积。,风险首先在运维阶段形成隐患，运行中持续放大，并通过温度与振动指标表现出来。,0.7136,BOPR-00471,MaintenanceRecord,operation
BFB-00472,BRG-00472,B007,rolling_element_fault,rolling_element,slight,0.6751,该样本的生命周期风险在材料阶段较突出，能够解释当前轻微滚动体故障的主要失效模式。,异常由微小缺陷逐步发展为周期性冲击，检测指标随严重度上升而同步恶化。,0.6196,BMAT-00102,MaterialBatch,material
BFB-00473,BRG-00473,OR021,outer_race_fault,outer_race,severe,0.8055,结合振动、峭度和温升特征，外圈故障与装配阶段异常高度一致，优先追溯到 BASM-00473。,早期表现为局部接触应力升高，随后振动冲击增强，最终演化为严重外圈故障。,0.7289,BASM-00473,AssemblyRecord,assembly
BFB-00474,BRG-00474,B014,rolling_element_fault,rolling_element,medium,0.7261,结合振动、峭度和温升特征，滚动体故障与制造阶段异常高度一致，优先追溯到 BMAN-00514。,早期表现为局部接触应力升高，随后振动冲击增强，最终演化为中等滚动体故障。,0.672,BMAN-00514,ManufacturingBatch,manufacturing
BFB-00475,BRG-00475,OR014,outer_race_fault,outer_race,medium,0.6871,该样本的生命周期风险在制造阶段较突出，能够解释当前中等外圈故障的主要失效模式。,早期表现为局部接触应力升高，随后振动冲击增强，最终演化为中等外圈故障。,0.6369,BMAN-00753,ManufacturingBatch,manufacturing
BFB-00476,BRG-00476,IR014,inner_race_fault,inner_race,medium,0.7182,诊断结果显示轴承出现中等内圈故障，根因更可能来自装配阶段实体 BASM-00476 的风险累积。,异常由微小缺陷逐步发展为周期性冲击，检测指标随严重度上升而同步恶化。,0.6374,BASM-00476,AssemblyRecord,assembly
BFB-00477,BRG-00477,B007,rolling_element_fault,rolling_element,slight,0.6583,结合振动、峭度和温升特征，滚动体故障与运维阶段异常高度一致，优先追溯到 BOPR-00477。,异常由微小缺陷逐步发展为周期性冲击，检测指标随严重度上升而同步恶化。,0.6672,BOPR-00477,MaintenanceRecord,operation
BFB-00478,BRG-00478,B007,rolling_element_fault,rolling_element,slight,0.6561,结合振动、峭度和温升特征，滚动体故障与设计阶段异常高度一致，优先追溯到 BDES-00551。,异常由微小缺陷逐步发展为周期性冲击，检测指标随严重度上升而同步恶化。,0.6665,BDES-00551,BearingDesignSpec,design
BFB-00479,BRG-00479,B014,rolling_element_fault,rolling_element,medium,0.727,结合振动、峭度和温升特征，滚动体故障与运维阶段异常高度一致，优先追溯到 BOPR-00479。,风险首先在运维阶段形成隐患，运行中持续放大，并通过温度与振动指标表现出来。,0.6681,BOPR-00479,MaintenanceRecord,operation
BFB-00480,BRG-00480,OR021,outer_race_fault,outer_race,severe,0.7227,结合振动、峭度和温升特征，外圈故障与设计阶段异常高度一致，优先追溯到 BDES-00457。,早期表现为局部接触应力升高，随后振动冲击增强，最终演化为严重外圈故障。,0.6471,BDES-00457,BearingDesignSpec,design
BFB-00481,BRG-00481,Normal,normal,none,normal,0.936,该轴承样本生命周期风险较低，未形成明确故障追溯链。,运行状态平稳，检测指标未呈现持续恶化趋势。,0.8754,NORMAL_BASELINE,QualityFeedback,feedback
BFB-00482,BRG-00482,B014,rolling_element_fault,rolling_element,medium,0.7013,结合振动、峭度和温升特征，滚动体故障与制造阶段异常高度一致，优先追溯到 BMAN-00081。,早期表现为局部接触应力升高，随后振动冲击增强，最终演化为中等滚动体故障。,0.624,BMAN-00081,ManufacturingBatch,manufacturing
BFB-00483,BRG-00483,OR021,outer_race_fault,outer_race,severe,0.6744,结合振动、峭度和温升特征，外圈故障与制造阶段异常高度一致，优先追溯到 BMAN-00135。,风险首先在制造阶段形成隐患，运行中持续放大，并通过温度与振动指标表现出来。,0.6409,BMAN-00135,ManufacturingBatch,manufacturing
BFB-00484,BRG-00484,B021,rolling_element_fault,rolling_element,severe,0.7523,该样本的生命周期风险在材料阶段较突出，能够解释当前严重滚动体故障的主要失效模式。,早期表现为局部接触应力升高，随后振动冲击增强，最终演化为严重滚动体故障。,0.7681,BMAT-00225,MaterialBatch,material
BFB-00485,BRG-00485,B014,rolling_element_fault,rolling_element,medium,0.6751,该样本的生命周期风险在制造阶段较突出，能够解释当前中等滚动体故障的主要失效模式。,早期表现为局部接触应力升高，随后振动冲击增强，最终演化为中等滚动体故障。,0.6813,BMAN-00311,ManufacturingBatch,manufacturing
BFB-00486,BRG-00486,IR014,inner_race_fault,inner_race,medium,0.6867,诊断结果显示轴承出现中等内圈故障，根因更可能来自装配阶段实体 BASM-00486 的风险累积。,早期表现为局部接触应力升高，随后振动冲击增强，最终演化为中等内圈故障。,0.725,BASM-00486,AssemblyRecord,assembly
BFB-00487,BRG-00487,IR007,inner_race_fault,inner_race,slight,0.7227,结合振动、峭度和温升特征，内圈故障与检测阶段异常高度一致，优先追溯到 BINSP-00487。,早期表现为局部接触应力升高，随后振动冲击增强，最终演化为轻微内圈故障。,0.7014,BINSP-00487,InspectionRecord,inspection
BFB-00488,BRG-00488,OR021,outer_race_fault,outer_race,severe,0.7412,该样本的生命周期风险在运维阶段较突出，能够解释当前严重外圈故障的主要失效模式。,早期表现为局部接触应力升高，随后振动冲击增强，最终演化为严重外圈故障。,0.6461,BOPR-00488,MaintenanceRecord,operation
BFB-00489,BRG-00489,B014,rolling_element_fault,rolling_element,medium,0.6926,诊断结果显示轴承出现中等滚动体故障，根因更可能来自检测阶段实体 BINSP-00489 的风险累积。,早期表现为局部接触应力升高，随后振动冲击增强，最终演化为中等滚动体故障。,0.675,BINSP-00489,InspectionRecord,inspection
BFB-00490,BRG-00490,OR014,outer_race_fault,outer_race,medium,0.6732,诊断结果显示轴承出现中等外圈故障，根因更可能来自制造阶段实体 BMAN-00283 的风险累积。,异常由微小缺陷逐步发展为周期性冲击，检测指标随严重度上升而同步恶化。,0.6468,BMAN-00283,ManufacturingBatch,manufacturing
BFB-00491,BRG-00491,B014,rolling_element_fault,rolling_element,medium,0.7,诊断结果显示轴承出现中等滚动体故障，根因更可能来自设计阶段实体 BDES-00032 的风险累积。,风险首先在设计阶段形成隐患，运行中持续放大，并通过温度与振动指标表现出来。,0.6817,BDES-00032,BearingDesignSpec,design
BFB-00492,BRG-00492,B021,rolling_element_fault,rolling_element,severe,0.6843,结合振动、峭度和温升特征，滚动体故障与制造阶段异常高度一致，优先追溯到 BMAN-00816。,风险首先在制造阶段形成隐患，运行中持续放大，并通过温度与振动指标表现出来。,0.6772,BMAN-00816,ManufacturingBatch,manufacturing
BFB-00493,BRG-00493,OR021,outer_race_fault,outer_race,severe,0.6959,结合振动、峭度和温升特征，外圈故障与制造阶段异常高度一致，优先追溯到 BMAN-00306。,早期表现为局部接触应力升高，随后振动冲击增强，最终演化为严重外圈故障。,0.5638,BMAN-00306,ManufacturingBatch,manufacturing
BFB-00494,BRG-00494,Normal,normal,none,normal,0.9328,该轴承样本生命周期风险较低，未形成明确故障追溯链。,运行状态平稳，检测指标未呈现持续恶化趋势。,0.7804,NORMAL_BASELINE,QualityFeedback,feedback
BFB-00495,BRG-00495,IR007,inner_race_fault,inner_race,slight,0.6308,诊断结果显示轴承出现轻微内圈故障，根因更可能来自制造阶段实体 BMAN-01090 的风险累积。,风险首先在制造阶段形成隐患，运行中持续放大，并通过温度与振动指标表现出来。,0.6247,BMAN-01090,ManufacturingBatch,manufacturing
BFB-00496,BRG-00496,Normal,normal,none,normal,0.8872,该轴承样本生命周期风险较低，未形成明确故障追溯链。,运行状态平稳，检测指标未呈现持续恶化趋势。,0.8341,NORMAL_BASELINE,QualityFeedback,feedback
BFB-00497,BRG-00497,OR007,outer_race_fault,outer_race,slight,0.7439,该样本的生命周期风险在材料阶段较突出，能够解释当前轻微外圈故障的主要失效模式。,风险首先在材料阶段形成隐患，运行中持续放大，并通过温度与振动指标表现出来。,0.6379,BMAT-00483,MaterialBatch,material
BFB-00498,BRG-00498,OR014,outer_race_fault,outer_race,medium,0.681,结合振动、峭度和温升特征，外圈故障与制造阶段异常高度一致，优先追溯到 BMAN-00789。,早期表现为局部接触应力升高，随后振动冲击增强，最终演化为中等外圈故障。,0.6818,BMAN-00789,ManufacturingBatch,manufacturing
BFB-00499,BRG-00499,IR014,inner_race_fault,inner_race,medium,0.6976,该样本的生命周期风险在制造阶段较突出，能够解释当前中等内圈故障的主要失效模式。,异常由微小缺陷逐步发展为周期性冲击，检测指标随严重度上升而同步恶化。,0.6393,BMAN-01185,ManufacturingBatch,manufacturing
BFB-00500,BRG-00500,OR014,outer_race_fault,outer_race,medium,0.6623,诊断结果显示轴承出现中等外圈故障，根因更可能来自检测阶段实体 BINSP-00500 的风险累积。,异常由微小缺陷逐步发展为周期性冲击，检测指标随严重度上升而同步恶化。,0.6745,BINSP-00500,InspectionRecord,inspection
BFB-00501,BRG-00501,IR007,inner_race_fault,inner_race,slight,0.7696,诊断结果显示轴承出现轻微内圈故障，根因更可能来自材料阶段实体 BMAT-00075 的风险累积。,风险首先在材料阶段形成隐患，运行中持续放大，并通过温度与振动指标表现出来。,0.6078,BMAT-00075,MaterialBatch,material
BFB-00502,BRG-00502,B014,rolling_element_fault,rolling_element,medium,0.6901,结合振动、峭度和温升特征，滚动体故障与制造阶段异常高度一致，优先追溯到 BMAN-01066。,早期表现为局部接触应力升高，随后振动冲击增强，最终演化为中等滚动体故障。,0.6299,BMAN-01066,ManufacturingBatch,manufacturing
BFB-00503,BRG-00503,OR007,outer_race_fault,outer_race,slight,0.7103,诊断结果显示轴承出现轻微外圈故障，根因更可能来自装配阶段实体 BASM-00503 的风险累积。,风险首先在装配阶段形成隐患，运行中持续放大，并通过温度与振动指标表现出来。,0.6722,BASM-00503,AssemblyRecord,assembly
BFB-00504,BRG-00504,B014,rolling_element_fault,rolling_element,medium,0.6821,诊断结果显示轴承出现中等滚动体故障，根因更可能来自设计阶段实体 BDES-00198 的风险累积。,异常由微小缺陷逐步发展为周期性冲击，检测指标随严重度上升而同步恶化。,0.6994,BDES-00198,BearingDesignSpec,design
BFB-00505,BRG-00505,B014,rolling_element_fault,rolling_element,medium,0.7067,结合振动、峭度和温升特征，滚动体故障与制造阶段异常高度一致，优先追溯到 BMAN-00059。,风险首先在制造阶段形成隐患，运行中持续放大，并通过温度与振动指标表现出来。,0.6763,BMAN-00059,ManufacturingBatch,manufacturing
BFB-00506,BRG-00506,OR014,outer_race_fault,outer_race,medium,0.6923,诊断结果显示轴承出现中等外圈故障，根因更可能来自装配阶段实体 BASM-00506 的风险累积。,异常由微小缺陷逐步发展为周期性冲击，检测指标随严重度上升而同步恶化。,0.6463,BASM-00506,AssemblyRecord,assembly
BFB-00507,BRG-00507,IR014,inner_race_fault,inner_race,medium,0.7275,结合振动、峭度和温升特征，内圈故障与制造阶段异常高度一致，优先追溯到 BMAN-00919。,异常由微小缺陷逐步发展为周期性冲击，检测指标随严重度上升而同步恶化。,0.653,BMAN-00919,ManufacturingBatch,manufacturing
BFB-00508,BRG-00508,B014,rolling_element_fault,rolling_element,medium,0.7424,该样本的生命周期风险在材料阶段较突出，能够解释当前中等滚动体故障的主要失效模式。,早期表现为局部接触应力升高，随后振动冲击增强，最终演化为中等滚动体故障。,0.7353,BMAT-00189,MaterialBatch,material
BFB-00509,BRG-00509,OR014,outer_race_fault,outer_race,medium,0.6529,结合振动、峭度和温升特征，外圈故障与设计阶段异常高度一致，优先追溯到 BDES-00034。,早期表现为局部接触应力升高，随后振动冲击增强，最终演化为中等外圈故障。,0.6684,BDES-00034,BearingDesignSpec,design
BFB-00510,BRG-00510,OR007,outer_race_fault,outer_race,slight,0.6222,该样本的生命周期风险在装配阶段较突出，能够解释当前轻微外圈故障的主要失效模式。,早期表现为局部接触应力升高，随后振动冲击增强，最终演化为轻微外圈故障。,0.6187,BASM-00510,AssemblyRecord,assembly
BFB-00511,BRG-00511,B021,rolling_element_fault,rolling_element,severe,0.7654,诊断结果显示轴承出现严重滚动体故障，根因更可能来自运维阶段实体 BOPR-00511 的风险累积。,早期表现为局部接触应力升高，随后振动冲击增强，最终演化为严重滚动体故障。,0.6279,BOPR-00511,MaintenanceRecord,operation
BFB-00512,BRG-00512,IR007,inner_race_fault,inner_race,slight,0.6381,诊断结果显示轴承出现轻微内圈故障，根因更可能来自装配阶段实体 BASM-00512 的风险累积。,早期表现为局部接触应力升高，随后振动冲击增强，最终演化为轻微内圈故障。,0.6882,BASM-00512,AssemblyRecord,assembly
BFB-00513,BRG-00513,OR007,outer_race_fault,outer_race,slight,0.7013,该样本的生命周期风险在材料阶段较突出，能够解释当前轻微外圈故障的主要失效模式。,异常由微小缺陷逐步发展为周期性冲击，检测指标随严重度上升而同步恶化。,0.5798,BMAT-00175,MaterialBatch,material
BFB-00514,BRG-00514,B007,rolling_element_fault,rolling_element,slight,0.6464,结合振动、峭度和温升特征，滚动体故障与装配阶段异常高度一致，优先追溯到 BASM-00514。,早期表现为局部接触应力升高，随后振动冲击增强，最终演化为轻微滚动体故障。,0.6973,BASM-00514,AssemblyRecord,assembly
BFB-00515,BRG-00515,IR021,inner_race_fault,inner_race,severe,0.8005,结合振动、峭度和温升特征，内圈故障与装配阶段异常高度一致，优先追溯到 BASM-00515。,异常由微小缺陷逐步发展为周期性冲击，检测指标随严重度上升而同步恶化。,0.6461,BASM-00515,AssemblyRecord,assembly
BFB-00516,BRG-00516,OR014,outer_race_fault,outer_race,medium,0.7376,该样本的生命周期风险在材料阶段较突出，能够解释当前中等外圈故障的主要失效模式。,异常由微小缺陷逐步发展为周期性冲击，检测指标随严重度上升而同步恶化。,0.6609,BMAT-00190,MaterialBatch,material
BFB-00517,BRG-00517,B007,rolling_element_fault,rolling_element,slight,0.6925,该样本的生命周期风险在运维阶段较突出，能够解释当前轻微滚动体故障的主要失效模式。,风险首先在运维阶段形成隐患，运行中持续放大，并通过温度与振动指标表现出来。,0.5613,BOPR-00517,MaintenanceRecord,operation
BFB-00518,BRG-00518,B021,rolling_element_fault,rolling_element,severe,0.7082,结合振动、峭度和温升特征，滚动体故障与装配阶段异常高度一致，优先追溯到 BASM-00518。,早期表现为局部接触应力升高，随后振动冲击增强，最终演化为严重滚动体故障。,0.6389,BASM-00518,AssemblyRecord,assembly
BFB-00519,BRG-00519,Normal,normal,none,normal,0.899,该轴承样本生命周期风险较低，未形成明确故障追溯链。,运行状态平稳，检测指标未呈现持续恶化趋势。,0.8555,NORMAL_BASELINE,QualityFeedback,feedback
BFB-00520,BRG-00520,OR007,outer_race_fault,outer_race,slight,0.6835,结合振动、峭度和温升特征，外圈故障与设计阶段异常高度一致，优先追溯到 BDES-00593。,早期表现为局部接触应力升高，随后振动冲击增强，最终演化为轻微外圈故障。,0.691,BDES-00593,BearingDesignSpec,design
BFB-00521,BRG-00521,IR014,inner_race_fault,inner_race,medium,0.6837,诊断结果显示轴承出现中等内圈故障，根因更可能来自运维阶段实体 BOPR-00521 的风险累积。,早期表现为局部接触应力升高，随后振动冲击增强，最终演化为中等内圈故障。,0.6857,BOPR-00521,MaintenanceRecord,operation
BFB-00522,BRG-00522,OR007,outer_race_fault,outer_race,slight,0.7062,结合振动、峭度和温升特征，外圈故障与检测阶段异常高度一致，优先追溯到 BINSP-00522。,风险首先在检测阶段形成隐患，运行中持续放大，并通过温度与振动指标表现出来。,0.6367,BINSP-00522,InspectionRecord,inspection
BFB-00523,BRG-00523,B014,rolling_element_fault,rolling_element,medium,0.6713,结合振动、峭度和温升特征，滚动体故障与装配阶段异常高度一致，优先追溯到 BASM-00523。,异常由微小缺陷逐步发展为周期性冲击，检测指标随严重度上升而同步恶化。,0.6422,BASM-00523,AssemblyRecord,assembly
BFB-00524,BRG-00524,OR014,outer_race_fault,outer_race,medium,0.731,该样本的生命周期风险在检测阶段较突出，能够解释当前中等外圈故障的主要失效模式。,异常由微小缺陷逐步发展为周期性冲击，检测指标随严重度上升而同步恶化。,0.6597,BINSP-00524,InspectionRecord,inspection
BFB-00525,BRG-00525,B014,rolling_element_fault,rolling_element,medium,0.7146,诊断结果显示轴承出现中等滚动体故障，根因更可能来自制造阶段实体 BMAN-00029 的风险累积。,异常由微小缺陷逐步发展为周期性冲击，检测指标随严重度上升而同步恶化。,0.7629,BMAN-00029,ManufacturingBatch,manufacturing
BFB-00526,BRG-00526,OR021,outer_race_fault,outer_race,severe,0.7141,该样本的生命周期风险在制造阶段较突出，能够解释当前严重外圈故障的主要失效模式。,异常由微小缺陷逐步发展为周期性冲击，检测指标随严重度上升而同步恶化。,0.6706,BMAN-00483,ManufacturingBatch,manufacturing
BFB-00527,BRG-00527,B007,rolling_element_fault,rolling_element,slight,0.6902,结合振动、峭度和温升特征，滚动体故障与装配阶段异常高度一致，优先追溯到 BASM-00527。,异常由微小缺陷逐步发展为周期性冲击，检测指标随严重度上升而同步恶化。,0.6055,BASM-00527,AssemblyRecord,assembly
BFB-00528,BRG-00528,OR007,outer_race_fault,outer_race,slight,0.7106,结合振动、峭度和温升特征，外圈故障与制造阶段异常高度一致，优先追溯到 BMAN-00834。,早期表现为局部接触应力升高，随后振动冲击增强，最终演化为轻微外圈故障。,0.6541,BMAN-00834,ManufacturingBatch,manufacturing
BFB-00529,BRG-00529,OR014,outer_race_fault,outer_race,medium,0.7746,该样本的生命周期风险在制造阶段较突出，能够解释当前中等外圈故障的主要失效模式。,早期表现为局部接触应力升高，随后振动冲击增强，最终演化为中等外圈故障。,0.687,BMAN-01014,ManufacturingBatch,manufacturing
BFB-00530,BRG-00530,IR007,inner_race_fault,inner_race,slight,0.6197,诊断结果显示轴承出现轻微内圈故障，根因更可能来自制造阶段实体 BMAN-00603 的风险累积。,风险首先在制造阶段形成隐患，运行中持续放大，并通过温度与振动指标表现出来。,0.6713,BMAN-00603,ManufacturingBatch,manufacturing
BFB-00531,BRG-00531,B014,rolling_element_fault,rolling_element,medium,0.6314,结合振动、峭度和温升特征，滚动体故障与制造阶段异常高度一致，优先追溯到 BMAN-00670。,异常由微小缺陷逐步发展为周期性冲击，检测指标随严重度上升而同步恶化。,0.6443,BMAN-00670,ManufacturingBatch,manufacturing
BFB-00532,BRG-00532,IR007,inner_race_fault,inner_race,slight,0.6561,该样本的生命周期风险在材料阶段较突出，能够解释当前轻微内圈故障的主要失效模式。,风险首先在材料阶段形成隐患，运行中持续放大，并通过温度与振动指标表现出来。,0.7359,BMAT-00054,MaterialBatch,material
BFB-00533,BRG-00533,Normal,normal,none,normal,0.896,该轴承样本生命周期风险较低，未形成明确故障追溯链。,运行状态平稳，检测指标未呈现持续恶化趋势。,0.8002,NORMAL_BASELINE,QualityFeedback,feedback
BFB-00534,BRG-00534,IR014,inner_race_fault,inner_race,medium,0.6929,结合振动、峭度和温升特征，内圈故障与材料阶段异常高度一致，优先追溯到 BMAT-00070。,风险首先在材料阶段形成隐患，运行中持续放大，并通过温度与振动指标表现出来。,0.6155,BMAT-00070,MaterialBatch,material
BFB-00535,BRG-00535,Normal,normal,none,normal,0.8714,该轴承样本生命周期风险较低，未形成明确故障追溯链。,运行状态平稳，检测指标未呈现持续恶化趋势。,0.7836,NORMAL_BASELINE,QualityFeedback,feedback
BFB-00536,BRG-00536,B014,rolling_element_fault,rolling_element,medium,0.7269,该样本的生命周期风险在装配阶段较突出，能够解释当前中等滚动体故障的主要失效模式。,异常由微小缺陷逐步发展为周期性冲击，检测指标随严重度上升而同步恶化。,0.7197,BASM-00536,AssemblyRecord,assembly
BFB-00537,BRG-00537,B021,rolling_element_fault,rolling_element,severe,0.7497,结合振动、峭度和温升特征，滚动体故障与材料阶段异常高度一致，优先追溯到 BMAT-00464。,异常由微小缺陷逐步发展为周期性冲击，检测指标随严重度上升而同步恶化。,0.7174,BMAT-00464,MaterialBatch,material
BFB-00538,BRG-00538,OR007,outer_race_fault,outer_race,slight,0.6788,该样本的生命周期风险在装配阶段较突出，能够解释当前轻微外圈故障的主要失效模式。,早期表现为局部接触应力升高，随后振动冲击增强，最终演化为轻微外圈故障。,0.679,BASM-00538,AssemblyRecord,assembly
BFB-00539,BRG-00539,IR014,inner_race_fault,inner_race,medium,0.6988,该样本的生命周期风险在装配阶段较突出，能够解释当前中等内圈故障的主要失效模式。,早期表现为局部接触应力升高，随后振动冲击增强，最终演化为中等内圈故障。,0.7038,BASM-00539,AssemblyRecord,assembly
BFB-00540,BRG-00540,B014,rolling_element_fault,rolling_element,medium,0.7341,诊断结果显示轴承出现中等滚动体故障，根因更可能来自装配阶段实体 BASM-00540 的风险累积。,异常由微小缺陷逐步发展为周期性冲击，检测指标随严重度上升而同步恶化。,0.5966,BASM-00540,AssemblyRecord,assembly
BFB-00541,BRG-00541,OR014,outer_race_fault,outer_race,medium,0.6918,该样本的生命周期风险在装配阶段较突出，能够解释当前中等外圈故障的主要失效模式。,风险首先在装配阶段形成隐患，运行中持续放大，并通过温度与振动指标表现出来。,0.6728,BASM-00541,AssemblyRecord,assembly
BFB-00542,BRG-00542,B007,rolling_element_fault,rolling_element,slight,0.6541,诊断结果显示轴承出现轻微滚动体故障，根因更可能来自制造阶段实体 BMAN-00310 的风险累积。,异常由微小缺陷逐步发展为周期性冲击，检测指标随严重度上升而同步恶化。,0.5884,BMAN-00310,ManufacturingBatch,manufacturing
BFB-00543,BRG-00543,IR014,inner_race_fault,inner_race,medium,0.7949,诊断结果显示轴承出现中等内圈故障，根因更可能来自装配阶段实体 BASM-00543 的风险累积。,早期表现为局部接触应力升高，随后振动冲击增强，最终演化为中等内圈故障。,0.6689,BASM-00543,AssemblyRecord,assembly
BFB-00544,BRG-00544,OR014,outer_race_fault,outer_race,medium,0.7462,诊断结果显示轴承出现中等外圈故障，根因更可能来自装配阶段实体 BASM-00544 的风险累积。,异常由微小缺陷逐步发展为周期性冲击，检测指标随严重度上升而同步恶化。,0.6504,BASM-00544,AssemblyRecord,assembly
BFB-00545,BRG-00545,IR014,inner_race_fault,inner_race,medium,0.7188,该样本的生命周期风险在材料阶段较突出，能够解释当前中等内圈故障的主要失效模式。,早期表现为局部接触应力升高，随后振动冲击增强，最终演化为中等内圈故障。,0.5621,BMAT-00409,MaterialBatch,material
BFB-00546,BRG-00546,OR014,outer_race_fault,outer_race,medium,0.7168,结合振动、峭度和温升特征，外圈故障与设计阶段异常高度一致，优先追溯到 BDES-00705。,早期表现为局部接触应力升高，随后振动冲击增强，最终演化为中等外圈故障。,0.7181,BDES-00705,BearingDesignSpec,design
BFB-00547,BRG-00547,B007,rolling_element_fault,rolling_element,slight,0.6811,诊断结果显示轴承出现轻微滚动体故障，根因更可能来自制造阶段实体 BMAN-00711 的风险累积。,风险首先在制造阶段形成隐患，运行中持续放大，并通过温度与振动指标表现出来。,0.5881,BMAN-00711,ManufacturingBatch,manufacturing
BFB-00548,BRG-00548,B021,rolling_element_fault,rolling_element,severe,0.7072,该样本的生命周期风险在材料阶段较突出，能够解释当前严重滚动体故障的主要失效模式。,风险首先在材料阶段形成隐患，运行中持续放大，并通过温度与振动指标表现出来。,0.684,BMAT-00156,MaterialBatch,material
BFB-00549,BRG-00549,B007,rolling_element_fault,rolling_element,slight,0.6717,诊断结果显示轴承出现轻微滚动体故障，根因更可能来自检测阶段实体 BINSP-00549 的风险累积。,风险首先在检测阶段形成隐患，运行中持续放大，并通过温度与振动指标表现出来。,0.6893,BINSP-00549,InspectionRecord,inspection
BFB-00550,BRG-00550,B021,rolling_element_fault,rolling_element,severe,0.7781,该样本的生命周期风险在设计阶段较突出，能够解释当前严重滚动体故障的主要失效模式。,异常由微小缺陷逐步发展为周期性冲击，检测指标随严重度上升而同步恶化。,0.7173,BDES-00709,BearingDesignSpec,design
BFB-00551,BRG-00551,B014,rolling_element_fault,rolling_element,medium,0.6638,该样本的生命周期风险在装配阶段较突出，能够解释当前中等滚动体故障的主要失效模式。,异常由微小缺陷逐步发展为周期性冲击，检测指标随严重度上升而同步恶化。,0.7097,BASM-00551,AssemblyRecord,assembly
BFB-00552,BRG-00552,IR014,inner_race_fault,inner_race,medium,0.725,结合振动、峭度和温升特征，内圈故障与装配阶段异常高度一致，优先追溯到 BASM-00552。,早期表现为局部接触应力升高，随后振动冲击增强，最终演化为中等内圈故障。,0.7169,BASM-00552,AssemblyRecord,assembly
BFB-00553,BRG-00553,IR021,inner_race_fault,inner_race,severe,0.8006,结合振动、峭度和温升特征，内圈故障与装配阶段异常高度一致，优先追溯到 BASM-00553。,异常由微小缺陷逐步发展为周期性冲击，检测指标随严重度上升而同步恶化。,0.7174,BASM-00553,AssemblyRecord,assembly
BFB-00554,BRG-00554,B021,rolling_element_fault,rolling_element,severe,0.6722,该样本的生命周期风险在制造阶段较突出，能够解释当前严重滚动体故障的主要失效模式。,风险首先在制造阶段形成隐患，运行中持续放大，并通过温度与振动指标表现出来。,0.6379,BMAN-00830,ManufacturingBatch,manufacturing
BFB-00555,BRG-00555,IR014,inner_race_fault,inner_race,medium,0.7072,结合振动、峭度和温升特征，内圈故障与材料阶段异常高度一致，优先追溯到 BMAT-00424。,异常由微小缺陷逐步发展为周期性冲击，检测指标随严重度上升而同步恶化。,0.6734,BMAT-00424,MaterialBatch,material
BFB-00556,BRG-00556,IR014,inner_race_fault,inner_race,medium,0.6352,该样本的生命周期风险在装配阶段较突出，能够解释当前中等内圈故障的主要失效模式。,风险首先在装配阶段形成隐患，运行中持续放大，并通过温度与振动指标表现出来。,0.744,BASM-00556,AssemblyRecord,assembly
BFB-00557,BRG-00557,B014,rolling_element_fault,rolling_element,medium,0.703,该样本的生命周期风险在运维阶段较突出，能够解释当前中等滚动体故障的主要失效模式。,早期表现为局部接触应力升高，随后振动冲击增强，最终演化为中等滚动体故障。,0.5941,BOPR-00557,MaintenanceRecord,operation
BFB-00558,BRG-00558,IR021,inner_race_fault,inner_race,severe,0.7313,诊断结果显示轴承出现严重内圈故障，根因更可能来自制造阶段实体 BMAN-00252 的风险累积。,风险首先在制造阶段形成隐患，运行中持续放大，并通过温度与振动指标表现出来。,0.6424,BMAN-00252,ManufacturingBatch,manufacturing
BFB-00559,BRG-00559,B007,rolling_element_fault,rolling_element,slight,0.7297,结合振动、峭度和温升特征，滚动体故障与制造阶段异常高度一致，优先追溯到 BMAN-00101。,异常由微小缺陷逐步发展为周期性冲击，检测指标随严重度上升而同步恶化。,0.7071,BMAN-00101,ManufacturingBatch,manufacturing
BFB-00560,BRG-00560,OR014,outer_race_fault,outer_race,medium,0.7768,结合振动、峭度和温升特征，外圈故障与装配阶段异常高度一致，优先追溯到 BASM-00560。,风险首先在装配阶段形成隐患，运行中持续放大，并通过温度与振动指标表现出来。,0.7029,BASM-00560,AssemblyRecord,assembly
BFB-00561,BRG-00561,OR021,outer_race_fault,outer_race,severe,0.8002,结合振动、峭度和温升特征，外圈故障与装配阶段异常高度一致，优先追溯到 BASM-00561。,异常由微小缺陷逐步发展为周期性冲击，检测指标随严重度上升而同步恶化。,0.7323,BASM-00561,AssemblyRecord,assembly
BFB-00562,BRG-00562,IR014,inner_race_fault,inner_race,medium,0.7383,诊断结果显示轴承出现中等内圈故障，根因更可能来自装配阶段实体 BASM-00562 的风险累积。,异常由微小缺陷逐步发展为周期性冲击，检测指标随严重度上升而同步恶化。,0.6412,BASM-00562,AssemblyRecord,assembly
BFB-00563,BRG-00563,B014,rolling_element_fault,rolling_element,medium,0.7038,该样本的生命周期风险在制造阶段较突出，能够解释当前中等滚动体故障的主要失效模式。,早期表现为局部接触应力升高，随后振动冲击增强，最终演化为中等滚动体故障。,0.7205,BMAN-00100,ManufacturingBatch,manufacturing
BFB-00564,BRG-00564,OR021,outer_race_fault,outer_race,severe,0.712,诊断结果显示轴承出现严重外圈故障，根因更可能来自运维阶段实体 BOPR-00564 的风险累积。,风险首先在运维阶段形成隐患，运行中持续放大，并通过温度与振动指标表现出来。,0.689,BOPR-00564,MaintenanceRecord,operation
BFB-00565,BRG-00565,IR014,inner_race_fault,inner_race,medium,0.7753,诊断结果显示轴承出现中等内圈故障，根因更可能来自材料阶段实体 BMAT-00104 的风险累积。,风险首先在材料阶段形成隐患，运行中持续放大，并通过温度与振动指标表现出来。,0.7138,BMAT-00104,MaterialBatch,material
BFB-00566,BRG-00566,IR007,inner_race_fault,inner_race,slight,0.6867,结合振动、峭度和温升特征，内圈故障与制造阶段异常高度一致，优先追溯到 BMAN-00191。,早期表现为局部接触应力升高，随后振动冲击增强，最终演化为轻微内圈故障。,0.6565,BMAN-00191,ManufacturingBatch,manufacturing
BFB-00567,BRG-00567,B021,rolling_element_fault,rolling_element,severe,0.712,结合振动、峭度和温升特征，滚动体故障与制造阶段异常高度一致，优先追溯到 BMAN-00746。,早期表现为局部接触应力升高，随后振动冲击增强，最终演化为严重滚动体故障。,0.7009,BMAN-00746,ManufacturingBatch,manufacturing
BFB-00568,BRG-00568,B007,rolling_element_fault,rolling_element,slight,0.688,结合振动、峭度和温升特征，滚动体故障与装配阶段异常高度一致，优先追溯到 BASM-00568。,异常由微小缺陷逐步发展为周期性冲击，检测指标随严重度上升而同步恶化。,0.7144,BASM-00568,AssemblyRecord,assembly
BFB-00569,BRG-00569,OR007,outer_race_fault,outer_race,slight,0.7466,结合振动、峭度和温升特征，外圈故障与装配阶段异常高度一致，优先追溯到 BASM-00569。,风险首先在装配阶段形成隐患，运行中持续放大，并通过温度与振动指标表现出来。,0.7062,BASM-00569,AssemblyRecord,assembly
BFB-00570,BRG-00570,OR021,outer_race_fault,outer_race,severe,0.7455,结合振动、峭度和温升特征，外圈故障与材料阶段异常高度一致，优先追溯到 BMAT-00085。,风险首先在材料阶段形成隐患，运行中持续放大，并通过温度与振动指标表现出来。,0.634,BMAT-00085,MaterialBatch,material
BFB-00571,BRG-00571,OR014,outer_race_fault,outer_race,medium,0.7624,结合振动、峭度和温升特征，外圈故障与制造阶段异常高度一致，优先追溯到 BMAN-00136。,异常由微小缺陷逐步发展为周期性冲击，检测指标随严重度上升而同步恶化。,0.787,BMAN-00136,ManufacturingBatch,manufacturing
BFB-00572,BRG-00572,OR007,outer_race_fault,outer_race,slight,0.6623,该样本的生命周期风险在装配阶段较突出，能够解释当前轻微外圈故障的主要失效模式。,风险首先在装配阶段形成隐患，运行中持续放大，并通过温度与振动指标表现出来。,0.5761,BASM-00572,AssemblyRecord,assembly
BFB-00573,BRG-00573,B014,rolling_element_fault,rolling_element,medium,0.6634,该样本的生命周期风险在设计阶段较突出，能够解释当前中等滚动体故障的主要失效模式。,风险首先在设计阶段形成隐患，运行中持续放大，并通过温度与振动指标表现出来。,0.6405,BDES-00108,BearingDesignSpec,design
BFB-00574,BRG-00574,OR007,outer_race_fault,outer_race,slight,0.6401,该样本的生命周期风险在装配阶段较突出，能够解释当前轻微外圈故障的主要失效模式。,早期表现为局部接触应力升高，随后振动冲击增强，最终演化为轻微外圈故障。,0.6521,BASM-00574,AssemblyRecord,assembly
BFB-00575,BRG-00575,IR014,inner_race_fault,inner_race,medium,0.7337,诊断结果显示轴承出现中等内圈故障，根因更可能来自检测阶段实体 BINSP-00575 的风险累积。,异常由微小缺陷逐步发展为周期性冲击，检测指标随严重度上升而同步恶化。,0.6135,BINSP-00575,InspectionRecord,inspection
BFB-00576,BRG-00576,IR014,inner_race_fault,inner_race,medium,0.7751,诊断结果显示轴承出现中等内圈故障，根因更可能来自制造阶段实体 BMAN-00402 的风险累积。,异常由微小缺陷逐步发展为周期性冲击，检测指标随严重度上升而同步恶化。,0.7072,BMAN-00402,ManufacturingBatch,manufacturing
BFB-00577,BRG-00577,B014,rolling_element_fault,rolling_element,medium,0.6962,结合振动、峭度和温升特征，滚动体故障与装配阶段异常高度一致，优先追溯到 BASM-00577。,风险首先在装配阶段形成隐患，运行中持续放大，并通过温度与振动指标表现出来。,0.6209,BASM-00577,AssemblyRecord,assembly
BFB-00578,BRG-00578,OR014,outer_race_fault,outer_race,medium,0.7449,该样本的生命周期风险在检测阶段较突出，能够解释当前中等外圈故障的主要失效模式。,异常由微小缺陷逐步发展为周期性冲击，检测指标随严重度上升而同步恶化。,0.6119,BINSP-00578,InspectionRecord,inspection
BFB-00579,BRG-00579,OR014,outer_race_fault,outer_race,medium,0.7307,结合振动、峭度和温升特征，外圈故障与材料阶段异常高度一致，优先追溯到 BMAT-00076。,异常由微小缺陷逐步发展为周期性冲击，检测指标随严重度上升而同步恶化。,0.6904,BMAT-00076,MaterialBatch,material
BFB-00580,BRG-00580,Normal,normal,none,normal,0.8737,该轴承样本生命周期风险较低，未形成明确故障追溯链。,运行状态平稳，检测指标未呈现持续恶化趋势。,0.8868,NORMAL_BASELINE,QualityFeedback,feedback
BFB-00581,BRG-00581,IR021,inner_race_fault,inner_race,severe,0.7158,诊断结果显示轴承出现严重内圈故障，根因更可能来自材料阶段实体 BMAT-00435 的风险累积。,异常由微小缺陷逐步发展为周期性冲击，检测指标随严重度上升而同步恶化。,0.7267,BMAT-00435,MaterialBatch,material
BFB-00582,BRG-00582,OR014,outer_race_fault,outer_race,medium,0.6682,诊断结果显示轴承出现中等外圈故障，根因更可能来自装配阶段实体 BASM-00582 的风险累积。,异常由微小缺陷逐步发展为周期性冲击，检测指标随严重度上升而同步恶化。,0.6602,BASM-00582,AssemblyRecord,assembly
BFB-00583,BRG-00583,OR014,outer_race_fault,outer_race,medium,0.753,诊断结果显示轴承出现中等外圈故障，根因更可能来自检测阶段实体 BINSP-00583 的风险累积。,风险首先在检测阶段形成隐患，运行中持续放大，并通过温度与振动指标表现出来。,0.7103,BINSP-00583,InspectionRecord,inspection
BFB-00584,BRG-00584,IR014,inner_race_fault,inner_race,medium,0.7035,该样本的生命周期风险在设计阶段较突出，能够解释当前中等内圈故障的主要失效模式。,早期表现为局部接触应力升高，随后振动冲击增强，最终演化为中等内圈故障。,0.6424,BDES-00526,BearingDesignSpec,design
BFB-00585,BRG-00585,OR014,outer_race_fault,outer_race,medium,0.6964,结合振动、峭度和温升特征，外圈故障与材料阶段异常高度一致，优先追溯到 BMAT-00402。,早期表现为局部接触应力升高，随后振动冲击增强，最终演化为中等外圈故障。,0.7361,BMAT-00402,MaterialBatch,material
BFB-00586,BRG-00586,B007,rolling_element_fault,rolling_element,slight,0.6203,该样本的生命周期风险在设计阶段较突出，能够解释当前轻微滚动体故障的主要失效模式。,早期表现为局部接触应力升高，随后振动冲击增强，最终演化为轻微滚动体故障。,0.6883,BDES-00078,BearingDesignSpec,design
BFB-00587,BRG-00587,IR007,inner_race_fault,inner_race,slight,0.6698,诊断结果显示轴承出现轻微内圈故障，根因更可能来自制造阶段实体 BMAN-00295 的风险累积。,早期表现为局部接触应力升高，随后振动冲击增强，最终演化为轻微内圈故障。,0.7387,BMAN-00295,ManufacturingBatch,manufacturing
BFB-00588,BRG-00588,Normal,normal,none,normal,0.8784,该轴承样本生命周期风险较低，未形成明确故障追溯链。,运行状态平稳，检测指标未呈现持续恶化趋势。,0.8189,NORMAL_BASELINE,QualityFeedback,feedback
BFB-00589,BRG-00589,IR014,inner_race_fault,inner_race,medium,0.684,诊断结果显示轴承出现中等内圈故障，根因更可能来自制造阶段实体 BMAN-00252 的风险累积。,早期表现为局部接触应力升高，随后振动冲击增强，最终演化为中等内圈故障。,0.6653,BMAN-00252,ManufacturingBatch,manufacturing
BFB-00590,BRG-00590,IR007,inner_race_fault,inner_race,slight,0.6289,结合振动、峭度和温升特征，内圈故障与制造阶段异常高度一致，优先追溯到 BMAN-00894。,风险首先在制造阶段形成隐患，运行中持续放大，并通过温度与振动指标表现出来。,0.7028,BMAN-00894,ManufacturingBatch,manufacturing
BFB-00591,BRG-00591,B021,rolling_element_fault,rolling_element,severe,0.7123,该样本的生命周期风险在设计阶段较突出，能够解释当前严重滚动体故障的主要失效模式。,早期表现为局部接触应力升高，随后振动冲击增强，最终演化为严重滚动体故障。,0.6805,BDES-00026,BearingDesignSpec,design
BFB-00592,BRG-00592,B007,rolling_element_fault,rolling_element,slight,0.6774,结合振动、峭度和温升特征，滚动体故障与制造阶段异常高度一致，优先追溯到 BMAN-01028。,早期表现为局部接触应力升高，随后振动冲击增强，最终演化为轻微滚动体故障。,0.6581,BMAN-01028,ManufacturingBatch,manufacturing
BFB-00593,BRG-00593,Normal,normal,none,normal,0.8813,该轴承样本生命周期风险较低，未形成明确故障追溯链。,运行状态平稳，检测指标未呈现持续恶化趋势。,0.8239,NORMAL_BASELINE,QualityFeedback,feedback
BFB-00594,BRG-00594,B014,rolling_element_fault,rolling_element,medium,0.685,该样本的生命周期风险在运维阶段较突出，能够解释当前中等滚动体故障的主要失效模式。,早期表现为局部接触应力升高，随后振动冲击增强，最终演化为中等滚动体故障。,0.7251,BOPR-00594,MaintenanceRecord,operation
BFB-00595,BRG-00595,Normal,normal,none,normal,0.8631,该轴承样本生命周期风险较低，未形成明确故障追溯链。,运行状态平稳，检测指标未呈现持续恶化趋势。,0.876,NORMAL_BASELINE,QualityFeedback,feedback
BFB-00596,BRG-00596,B007,rolling_element_fault,rolling_element,slight,0.6486,结合振动、峭度和温升特征，滚动体故障与材料阶段异常高度一致，优先追溯到 BMAT-00425。,异常由微小缺陷逐步发展为周期性冲击，检测指标随严重度上升而同步恶化。,0.6896,BMAT-00425,MaterialBatch,material
BFB-00597,BRG-00597,OR014,outer_race_fault,outer_race,medium,0.7952,该样本的生命周期风险在制造阶段较突出，能够解释当前中等外圈故障的主要失效模式。,早期表现为局部接触应力升高，随后振动冲击增强，最终演化为中等外圈故障。,0.6956,BMAN-00646,ManufacturingBatch,manufacturing
BFB-00598,BRG-00598,OR014,outer_race_fault,outer_race,medium,0.7035,诊断结果显示轴承出现中等外圈故障，根因更可能来自设计阶段实体 BDES-00090 的风险累积。,风险首先在设计阶段形成隐患，运行中持续放大，并通过温度与振动指标表现出来。,0.5966,BDES-00090,BearingDesignSpec,design
BFB-00599,BRG-00599,B007,rolling_element_fault,rolling_element,slight,0.6265,结合振动、峭度和温升特征，滚动体故障与设计阶段异常高度一致，优先追溯到 BDES-00168。,风险首先在设计阶段形成隐患，运行中持续放大，并通过温度与振动指标表现出来。,0.5772,BDES-00168,BearingDesignSpec,design
BFB-00600,BRG-00600,IR021,inner_race_fault,inner_race,severe,0.7531,该样本的生命周期风险在制造阶段较突出，能够解释当前严重内圈故障的主要失效模式。,异常由微小缺陷逐步发展为周期性冲击，检测指标随严重度上升而同步恶化。,0.7366,BMAN-00875,ManufacturingBatch,manufacturing
BFB-00601,BRG-00601,IR014,inner_race_fault,inner_race,medium,0.6884,该样本的生命周期风险在制造阶段较突出，能够解释当前中等内圈故障的主要失效模式。,早期表现为局部接触应力升高，随后振动冲击增强，最终演化为中等内圈故障。,0.6438,BMAN-00809,ManufacturingBatch,manufacturing
BFB-00602,BRG-00602,Normal,normal,none,normal,0.9386,该轴承样本生命周期风险较低，未形成明确故障追溯链。,运行状态平稳，检测指标未呈现持续恶化趋势。,0.8016,NORMAL_BASELINE,QualityFeedback,feedback
BFB-00603,BRG-00603,B014,rolling_element_fault,rolling_element,medium,0.7488,结合振动、峭度和温升特征，滚动体故障与制造阶段异常高度一致，优先追溯到 BMAN-00380。,异常由微小缺陷逐步发展为周期性冲击，检测指标随严重度上升而同步恶化。,0.7256,BMAN-00380,ManufacturingBatch,manufacturing
BFB-00604,BRG-00604,OR021,outer_race_fault,outer_race,severe,0.8107,结合振动、峭度和温升特征，外圈故障与装配阶段异常高度一致，优先追溯到 BASM-00604。,异常由微小缺陷逐步发展为周期性冲击，检测指标随严重度上升而同步恶化。,0.7152,BASM-00604,AssemblyRecord,assembly
BFB-00605,BRG-00605,IR021,inner_race_fault,inner_race,severe,0.7587,该样本的生命周期风险在设计阶段较突出，能够解释当前严重内圈故障的主要失效模式。,早期表现为局部接触应力升高，随后振动冲击增强，最终演化为严重内圈故障。,0.7171,BDES-00388,BearingDesignSpec,design
BFB-00606,BRG-00606,OR007,outer_race_fault,outer_race,slight,0.689,诊断结果显示轴承出现轻微外圈故障，根因更可能来自材料阶段实体 BMAT-00275 的风险累积。,早期表现为局部接触应力升高，随后振动冲击增强，最终演化为轻微外圈故障。,0.5862,BMAT-00275,MaterialBatch,material
BFB-00607,BRG-00607,B007,rolling_element_fault,rolling_element,slight,0.5819,诊断结果显示轴承出现轻微滚动体故障，根因更可能来自装配阶段实体 BASM-00607 的风险累积。,早期表现为局部接触应力升高，随后振动冲击增强，最终演化为轻微滚动体故障。,0.6282,BASM-00607,AssemblyRecord,assembly
BFB-00608,BRG-00608,B014,rolling_element_fault,rolling_element,medium,0.7083,该样本的生命周期风险在检测阶段较突出，能够解释当前中等滚动体故障的主要失效模式。,早期表现为局部接触应力升高，随后振动冲击增强，最终演化为中等滚动体故障。,0.5964,BINSP-00608,InspectionRecord,inspection
BFB-00609,BRG-00609,OR021,outer_race_fault,outer_race,severe,0.763,该样本的生命周期风险在制造阶段较突出，能够解释当前严重外圈故障的主要失效模式。,风险首先在制造阶段形成隐患，运行中持续放大，并通过温度与振动指标表现出来。,0.7392,BMAN-00423,ManufacturingBatch,manufacturing
BFB-00610,BRG-00610,B021,rolling_element_fault,rolling_element,severe,0.7148,结合振动、峭度和温升特征，滚动体故障与装配阶段异常高度一致，优先追溯到 BASM-00610。,早期表现为局部接触应力升高，随后振动冲击增强，最终演化为严重滚动体故障。,0.6798,BASM-00610,AssemblyRecord,assembly
BFB-00611,BRG-00611,OR014,outer_race_fault,outer_race,medium,0.6816,该样本的生命周期风险在材料阶段较突出，能够解释当前中等外圈故障的主要失效模式。,风险首先在材料阶段形成隐患，运行中持续放大，并通过温度与振动指标表现出来。,0.616,BMAT-00452,MaterialBatch,material
BFB-00612,BRG-00612,B007,rolling_element_fault,rolling_element,slight,0.7185,结合振动、峭度和温升特征，滚动体故障与制造阶段异常高度一致，优先追溯到 BMAN-01131。,异常由微小缺陷逐步发展为周期性冲击，检测指标随严重度上升而同步恶化。,0.6354,BMAN-01131,ManufacturingBatch,manufacturing
BFB-00613,BRG-00613,OR007,outer_race_fault,outer_race,slight,0.6649,诊断结果显示轴承出现轻微外圈故障，根因更可能来自制造阶段实体 BMAN-00724 的风险累积。,风险首先在制造阶段形成隐患，运行中持续放大，并通过温度与振动指标表现出来。,0.7004,BMAN-00724,ManufacturingBatch,manufacturing
BFB-00614,BRG-00614,IR014,inner_race_fault,inner_race,medium,0.7454,诊断结果显示轴承出现中等内圈故障，根因更可能来自设计阶段实体 BDES-00340 的风险累积。,早期表现为局部接触应力升高，随后振动冲击增强，最终演化为中等内圈故障。,0.6044,BDES-00340,BearingDesignSpec,design
BFB-00615,BRG-00615,B014,rolling_element_fault,rolling_element,medium,0.7154,诊断结果显示轴承出现中等滚动体故障，根因更可能来自材料阶段实体 BMAT-00406 的风险累积。,风险首先在材料阶段形成隐患，运行中持续放大，并通过温度与振动指标表现出来。,0.6598,BMAT-00406,MaterialBatch,material
BFB-00616,BRG-00616,OR014,outer_race_fault,outer_race,medium,0.6946,结合振动、峭度和温升特征，外圈故障与制造阶段异常高度一致，优先追溯到 BMAN-00535。,风险首先在制造阶段形成隐患，运行中持续放大，并通过温度与振动指标表现出来。,0.7577,BMAN-00535,ManufacturingBatch,manufacturing
BFB-00617,BRG-00617,IR014,inner_race_fault,inner_race,medium,0.6884,诊断结果显示轴承出现中等内圈故障，根因更可能来自装配阶段实体 BASM-00617 的风险累积。,风险首先在装配阶段形成隐患，运行中持续放大，并通过温度与振动指标表现出来。,0.6005,BASM-00617,AssemblyRecord,assembly
BFB-00618,BRG-00618,IR007,inner_race_fault,inner_race,slight,0.7116,该样本的生命周期风险在制造阶段较突出，能够解释当前轻微内圈故障的主要失效模式。,异常由微小缺陷逐步发展为周期性冲击，检测指标随严重度上升而同步恶化。,0.6583,BMAN-00453,ManufacturingBatch,manufacturing
BFB-00619,BRG-00619,B014,rolling_element_fault,rolling_element,medium,0.6984,该样本的生命周期风险在制造阶段较突出，能够解释当前中等滚动体故障的主要失效模式。,风险首先在制造阶段形成隐患，运行中持续放大，并通过温度与振动指标表现出来。,0.676,BMAN-01192,ManufacturingBatch,manufacturing
BFB-00620,BRG-00620,IR014,inner_race_fault,inner_race,medium,0.7317,诊断结果显示轴承出现中等内圈故障，根因更可能来自材料阶段实体 BMAT-00298 的风险累积。,异常由微小缺陷逐步发展为周期性冲击，检测指标随严重度上升而同步恶化。,0.6413,BMAT-00298,MaterialBatch,material
BFB-00621,BRG-00621,IR014,inner_race_fault,inner_race,medium,0.7109,诊断结果显示轴承出现中等内圈故障，根因更可能来自设计阶段实体 BDES-00287 的风险累积。,风险首先在设计阶段形成隐患，运行中持续放大，并通过温度与振动指标表现出来。,0.6528,BDES-00287,BearingDesignSpec,design
BFB-00622,BRG-00622,IR014,inner_race_fault,inner_race,medium,0.6907,该样本的生命周期风险在制造阶段较突出，能够解释当前中等内圈故障的主要失效模式。,早期表现为局部接触应力升高，随后振动冲击增强，最终演化为中等内圈故障。,0.6479,BMAN-00235,ManufacturingBatch,manufacturing
BFB-00623,BRG-00623,OR014,outer_race_fault,outer_race,medium,0.7624,该样本的生命周期风险在制造阶段较突出，能够解释当前中等外圈故障的主要失效模式。,早期表现为局部接触应力升高，随后振动冲击增强，最终演化为中等外圈故障。,0.6495,BMAN-00929,ManufacturingBatch,manufacturing
BFB-00624,BRG-00624,OR007,outer_race_fault,outer_race,slight,0.7496,诊断结果显示轴承出现轻微外圈故障，根因更可能来自装配阶段实体 BASM-00624 的风险累积。,风险首先在装配阶段形成隐患，运行中持续放大，并通过温度与振动指标表现出来。,0.7085,BASM-00624,AssemblyRecord,assembly
BFB-00625,BRG-00625,B014,rolling_element_fault,rolling_element,medium,0.6277,结合振动、峭度和温升特征，滚动体故障与检测阶段异常高度一致，优先追溯到 BINSP-00625。,异常由微小缺陷逐步发展为周期性冲击，检测指标随严重度上升而同步恶化。,0.6768,BINSP-00625,InspectionRecord,inspection
BFB-00626,BRG-00626,IR014,inner_race_fault,inner_race,medium,0.7525,该样本的生命周期风险在材料阶段较突出，能够解释当前中等内圈故障的主要失效模式。,异常由微小缺陷逐步发展为周期性冲击，检测指标随严重度上升而同步恶化。,0.6021,BMAT-00497,MaterialBatch,material
BFB-00627,BRG-00627,OR014,outer_race_fault,outer_race,medium,0.7078,该样本的生命周期风险在装配阶段较突出，能够解释当前中等外圈故障的主要失效模式。,异常由微小缺陷逐步发展为周期性冲击，检测指标随严重度上升而同步恶化。,0.7479,BASM-00627,AssemblyRecord,assembly
BFB-00628,BRG-00628,OR014,outer_race_fault,outer_race,medium,0.7377,结合振动、峭度和温升特征，外圈故障与装配阶段异常高度一致，优先追溯到 BASM-00628。,风险首先在装配阶段形成隐患，运行中持续放大，并通过温度与振动指标表现出来。,0.6984,BASM-00628,AssemblyRecord,assembly
BFB-00629,BRG-00629,IR014,inner_race_fault,inner_race,medium,0.7129,该样本的生命周期风险在装配阶段较突出，能够解释当前中等内圈故障的主要失效模式。,早期表现为局部接触应力升高，随后振动冲击增强，最终演化为中等内圈故障。,0.8151,BASM-00629,AssemblyRecord,assembly
BFB-00630,BRG-00630,IR014,inner_race_fault,inner_race,medium,0.6435,该样本的生命周期风险在设计阶段较突出，能够解释当前中等内圈故障的主要失效模式。,异常由微小缺陷逐步发展为周期性冲击，检测指标随严重度上升而同步恶化。,0.6458,BDES-00176,BearingDesignSpec,design
BFB-00631,BRG-00631,B014,rolling_element_fault,rolling_element,medium,0.6711,该样本的生命周期风险在材料阶段较突出，能够解释当前中等滚动体故障的主要失效模式。,异常由微小缺陷逐步发展为周期性冲击，检测指标随严重度上升而同步恶化。,0.724,BMAT-00099,MaterialBatch,material
BFB-00632,BRG-00632,OR014,outer_race_fault,outer_race,medium,0.6994,该样本的生命周期风险在装配阶段较突出，能够解释当前中等外圈故障的主要失效模式。,早期表现为局部接触应力升高，随后振动冲击增强，最终演化为中等外圈故障。,0.6447,BASM-00632,AssemblyRecord,assembly
BFB-00633,BRG-00633,OR021,outer_race_fault,outer_race,severe,0.7612,结合振动、峭度和温升特征，外圈故障与制造阶段异常高度一致，优先追溯到 BMAN-00589。,早期表现为局部接触应力升高，随后振动冲击增强，最终演化为严重外圈故障。,0.7306,BMAN-00589,ManufacturingBatch,manufacturing
BFB-00634,BRG-00634,OR014,outer_race_fault,outer_race,medium,0.7396,诊断结果显示轴承出现中等外圈故障，根因更可能来自材料阶段实体 BMAT-00019 的风险累积。,风险首先在材料阶段形成隐患，运行中持续放大，并通过温度与振动指标表现出来。,0.7404,BMAT-00019,MaterialBatch,material
BFB-00635,BRG-00635,OR014,outer_race_fault,outer_race,medium,0.6375,诊断结果显示轴承出现中等外圈故障，根因更可能来自装配阶段实体 BASM-00635 的风险累积。,异常由微小缺陷逐步发展为周期性冲击，检测指标随严重度上升而同步恶化。,0.6539,BASM-00635,AssemblyRecord,assembly
BFB-00636,BRG-00636,OR014,outer_race_fault,outer_race,medium,0.6098,诊断结果显示轴承出现中等外圈故障，根因更可能来自材料阶段实体 BMAT-00409 的风险累积。,风险首先在材料阶段形成隐患，运行中持续放大，并通过温度与振动指标表现出来。,0.5907,BMAT-00409,MaterialBatch,material
BFB-00637,BRG-00637,IR007,inner_race_fault,inner_race,slight,0.7661,诊断结果显示轴承出现轻微内圈故障，根因更可能来自装配阶段实体 BASM-00637 的风险累积。,风险首先在装配阶段形成隐患，运行中持续放大，并通过温度与振动指标表现出来。,0.5439,BASM-00637,AssemblyRecord,assembly
BFB-00638,BRG-00638,OR021,outer_race_fault,outer_race,severe,0.7782,结合振动、峭度和温升特征，外圈故障与检测阶段异常高度一致，优先追溯到 BINSP-00638。,风险首先在检测阶段形成隐患，运行中持续放大，并通过温度与振动指标表现出来。,0.6466,BINSP-00638,InspectionRecord,inspection
BFB-00639,BRG-00639,OR007,outer_race_fault,outer_race,slight,0.7393,诊断结果显示轴承出现轻微外圈故障，根因更可能来自检测阶段实体 BINSP-00639 的风险累积。,风险首先在检测阶段形成隐患，运行中持续放大，并通过温度与振动指标表现出来。,0.6972,BINSP-00639,InspectionRecord,inspection
BFB-00640,BRG-00640,B007,rolling_element_fault,rolling_element,slight,0.7259,该样本的生命周期风险在材料阶段较突出，能够解释当前轻微滚动体故障的主要失效模式。,风险首先在材料阶段形成隐患，运行中持续放大，并通过温度与振动指标表现出来。,0.6242,BMAT-00453,MaterialBatch,material
BFB-00641,BRG-00641,IR007,inner_race_fault,inner_race,slight,0.6875,诊断结果显示轴承出现轻微内圈故障，根因更可能来自制造阶段实体 BMAN-01079 的风险累积。,风险首先在制造阶段形成隐患，运行中持续放大，并通过温度与振动指标表现出来。,0.6565,BMAN-01079,ManufacturingBatch,manufacturing
BFB-00642,BRG-00642,IR014,inner_race_fault,inner_race,medium,0.678,结合振动、峭度和温升特征，内圈故障与材料阶段异常高度一致，优先追溯到 BMAT-00294。,早期表现为局部接触应力升高，随后振动冲击增强，最终演化为中等内圈故障。,0.5691,BMAT-00294,MaterialBatch,material
BFB-00643,BRG-00643,OR021,outer_race_fault,outer_race,severe,0.7844,该样本的生命周期风险在运维阶段较突出，能够解释当前严重外圈故障的主要失效模式。,早期表现为局部接触应力升高，随后振动冲击增强，最终演化为严重外圈故障。,0.7075,BOPR-00643,MaintenanceRecord,operation
BFB-00644,BRG-00644,IR014,inner_race_fault,inner_race,medium,0.7177,结合振动、峭度和温升特征，内圈故障与制造阶段异常高度一致，优先追溯到 BMAN-01015。,早期表现为局部接触应力升高，随后振动冲击增强，最终演化为中等内圈故障。,0.6574,BMAN-01015,ManufacturingBatch,manufacturing
BFB-00645,BRG-00645,Normal,normal,none,normal,0.8973,该轴承样本生命周期风险较低，未形成明确故障追溯链。,运行状态平稳，检测指标未呈现持续恶化趋势。,0.7858,NORMAL_BASELINE,QualityFeedback,feedback
BFB-00646,BRG-00646,OR021,outer_race_fault,outer_race,severe,0.7396,结合振动、峭度和温升特征，外圈故障与制造阶段异常高度一致，优先追溯到 BMAN-00272。,风险首先在制造阶段形成隐患，运行中持续放大，并通过温度与振动指标表现出来。,0.6865,BMAN-00272,ManufacturingBatch,manufacturing
BFB-00647,BRG-00647,OR007,outer_race_fault,outer_race,slight,0.6736,结合振动、峭度和温升特征，外圈故障与装配阶段异常高度一致，优先追溯到 BASM-00647。,风险首先在装配阶段形成隐患，运行中持续放大，并通过温度与振动指标表现出来。,0.6555,BASM-00647,AssemblyRecord,assembly
BFB-00648,BRG-00648,Normal,normal,none,normal,0.9499,该轴承样本生命周期风险较低，未形成明确故障追溯链。,运行状态平稳，检测指标未呈现持续恶化趋势。,0.8553,NORMAL_BASELINE,QualityFeedback,feedback
BFB-00649,BRG-00649,B014,rolling_element_fault,rolling_element,medium,0.7229,该样本的生命周期风险在材料阶段较突出，能够解释当前中等滚动体故障的主要失效模式。,早期表现为局部接触应力升高，随后振动冲击增强，最终演化为中等滚动体故障。,0.7104,BMAT-00048,MaterialBatch,material
BFB-00650,BRG-00650,Normal,normal,none,normal,0.9057,该轴承样本生命周期风险较低，未形成明确故障追溯链。,运行状态平稳，检测指标未呈现持续恶化趋势。,0.8704,NORMAL_BASELINE,QualityFeedback,feedback
BFB-00651,BRG-00651,OR021,outer_race_fault,outer_race,severe,0.7855,该样本的生命周期风险在制造阶段较突出，能够解释当前严重外圈故障的主要失效模式。,异常由微小缺陷逐步发展为周期性冲击，检测指标随严重度上升而同步恶化。,0.7688,BMAN-01062,ManufacturingBatch,manufacturing
BFB-00652,BRG-00652,B021,rolling_element_fault,rolling_element,severe,0.7044,诊断结果显示轴承出现严重滚动体故障，根因更可能来自制造阶段实体 BMAN-00042 的风险累积。,早期表现为局部接触应力升高，随后振动冲击增强，最终演化为严重滚动体故障。,0.67,BMAN-00042,ManufacturingBatch,manufacturing
BFB-00653,BRG-00653,OR014,outer_race_fault,outer_race,medium,0.773,该样本的生命周期风险在材料阶段较突出，能够解释当前中等外圈故障的主要失效模式。,早期表现为局部接触应力升高，随后振动冲击增强，最终演化为中等外圈故障。,0.6945,BMAT-00043,MaterialBatch,material
BFB-00654,BRG-00654,OR014,outer_race_fault,outer_race,medium,0.7633,该样本的生命周期风险在制造阶段较突出，能够解释当前中等外圈故障的主要失效模式。,异常由微小缺陷逐步发展为周期性冲击，检测指标随严重度上升而同步恶化。,0.6812,BMAN-01111,ManufacturingBatch,manufacturing
BFB-00655,BRG-00655,OR014,outer_race_fault,outer_race,medium,0.7224,结合振动、峭度和温升特征，外圈故障与材料阶段异常高度一致，优先追溯到 BMAT-00444。,异常由微小缺陷逐步发展为周期性冲击，检测指标随严重度上升而同步恶化。,0.7582,BMAT-00444,MaterialBatch,material
BFB-00656,BRG-00656,IR021,inner_race_fault,inner_race,severe,0.7409,该样本的生命周期风险在装配阶段较突出，能够解释当前严重内圈故障的主要失效模式。,早期表现为局部接触应力升高，随后振动冲击增强，最终演化为严重内圈故障。,0.7045,BASM-00656,AssemblyRecord,assembly
BFB-00657,BRG-00657,OR007,outer_race_fault,outer_race,slight,0.7683,诊断结果显示轴承出现轻微外圈故障，根因更可能来自检测阶段实体 BINSP-00657 的风险累积。,风险首先在检测阶段形成隐患，运行中持续放大，并通过温度与振动指标表现出来。,0.6116,BINSP-00657,InspectionRecord,inspection
BFB-00658,BRG-00658,B014,rolling_element_fault,rolling_element,medium,0.7901,诊断结果显示轴承出现中等滚动体故障，根因更可能来自制造阶段实体 BMAN-00410 的风险累积。,早期表现为局部接触应力升高，随后振动冲击增强，最终演化为中等滚动体故障。,0.7054,BMAN-00410,ManufacturingBatch,manufacturing
BFB-00659,BRG-00659,OR007,outer_race_fault,outer_race,slight,0.7532,该样本的生命周期风险在装配阶段较突出，能够解释当前轻微外圈故障的主要失效模式。,异常由微小缺陷逐步发展为周期性冲击，检测指标随严重度上升而同步恶化。,0.6687,BASM-00659,AssemblyRecord,assembly
BFB-00660,BRG-00660,IR014,inner_race_fault,inner_race,medium,0.7673,结合振动、峭度和温升特征，内圈故障与材料阶段异常高度一致，优先追溯到 BMAT-00474。,异常由微小缺陷逐步发展为周期性冲击，检测指标随严重度上升而同步恶化。,0.7115,BMAT-00474,MaterialBatch,material
BFB-00661,BRG-00661,OR014,outer_race_fault,outer_race,medium,0.694,结合振动、峭度和温升特征，外圈故障与运维阶段异常高度一致，优先追溯到 BOPR-00661。,风险首先在运维阶段形成隐患，运行中持续放大，并通过温度与振动指标表现出来。,0.6327,BOPR-00661,MaintenanceRecord,operation
BFB-00662,BRG-00662,B021,rolling_element_fault,rolling_element,severe,0.7358,诊断结果显示轴承出现严重滚动体故障，根因更可能来自装配阶段实体 BASM-00662 的风险累积。,异常由微小缺陷逐步发展为周期性冲击，检测指标随严重度上升而同步恶化。,0.7454,BASM-00662,AssemblyRecord,assembly
BFB-00663,BRG-00663,B014,rolling_element_fault,rolling_element,medium,0.6837,诊断结果显示轴承出现中等滚动体故障，根因更可能来自装配阶段实体 BASM-00663 的风险累积。,风险首先在装配阶段形成隐患，运行中持续放大，并通过温度与振动指标表现出来。,0.79,BASM-00663,AssemblyRecord,assembly
BFB-00664,BRG-00664,IR014,inner_race_fault,inner_race,medium,0.6566,该样本的生命周期风险在运维阶段较突出，能够解释当前中等内圈故障的主要失效模式。,早期表现为局部接触应力升高，随后振动冲击增强，最终演化为中等内圈故障。,0.7001,BOPR-00664,MaintenanceRecord,operation
BFB-00665,BRG-00665,OR007,outer_race_fault,outer_race,slight,0.6285,诊断结果显示轴承出现轻微外圈故障，根因更可能来自材料阶段实体 BMAT-00024 的风险累积。,风险首先在材料阶段形成隐患，运行中持续放大，并通过温度与振动指标表现出来。,0.5741,BMAT-00024,MaterialBatch,material
BFB-00666,BRG-00666,Normal,normal,none,normal,0.9353,该轴承样本生命周期风险较低，未形成明确故障追溯链。,运行状态平稳，检测指标未呈现持续恶化趋势。,0.8056,NORMAL_BASELINE,QualityFeedback,feedback
BFB-00667,BRG-00667,OR007,outer_race_fault,outer_race,slight,0.6663,该样本的生命周期风险在材料阶段较突出，能够解释当前轻微外圈故障的主要失效模式。,早期表现为局部接触应力升高，随后振动冲击增强，最终演化为轻微外圈故障。,0.6636,BMAT-00152,MaterialBatch,material
BFB-00668,BRG-00668,OR021,outer_race_fault,outer_race,severe,0.6954,结合振动、峭度和温升特征，外圈故障与材料阶段异常高度一致，优先追溯到 BMAT-00015。,早期表现为局部接触应力升高，随后振动冲击增强，最终演化为严重外圈故障。,0.7353,BMAT-00015,MaterialBatch,material
BFB-00669,BRG-00669,IR007,inner_race_fault,inner_race,slight,0.6537,诊断结果显示轴承出现轻微内圈故障，根因更可能来自制造阶段实体 BMAN-00268 的风险累积。,异常由微小缺陷逐步发展为周期性冲击，检测指标随严重度上升而同步恶化。,0.6501,BMAN-00268,ManufacturingBatch,manufacturing
BFB-00670,BRG-00670,B014,rolling_element_fault,rolling_element,medium,0.7105,该样本的生命周期风险在制造阶段较突出，能够解释当前中等滚动体故障的主要失效模式。,早期表现为局部接触应力升高，随后振动冲击增强，最终演化为中等滚动体故障。,0.606,BMAN-00330,ManufacturingBatch,manufacturing
BFB-00671,BRG-00671,B014,rolling_element_fault,rolling_element,medium,0.7337,结合振动、峭度和温升特征，滚动体故障与制造阶段异常高度一致，优先追溯到 BMAN-00952。,异常由微小缺陷逐步发展为周期性冲击，检测指标随严重度上升而同步恶化。,0.7525,BMAN-00952,ManufacturingBatch,manufacturing
BFB-00672,BRG-00672,B014,rolling_element_fault,rolling_element,medium,0.6789,结合振动、峭度和温升特征，滚动体故障与制造阶段异常高度一致，优先追溯到 BMAN-00182。,风险首先在制造阶段形成隐患，运行中持续放大，并通过温度与振动指标表现出来。,0.6176,BMAN-00182,ManufacturingBatch,manufacturing
BFB-00673,BRG-00673,OR021,outer_race_fault,outer_race,severe,0.7101,结合振动、峭度和温升特征，外圈故障与装配阶段异常高度一致，优先追溯到 BASM-00673。,异常由微小缺陷逐步发展为周期性冲击，检测指标随严重度上升而同步恶化。,0.7291,BASM-00673,AssemblyRecord,assembly
BFB-00674,BRG-00674,IR007,inner_race_fault,inner_race,slight,0.6926,该样本的生命周期风险在材料阶段较突出，能够解释当前轻微内圈故障的主要失效模式。,异常由微小缺陷逐步发展为周期性冲击，检测指标随严重度上升而同步恶化。,0.66,BMAT-00059,MaterialBatch,material
BFB-00675,BRG-00675,B007,rolling_element_fault,rolling_element,slight,0.6236,该样本的生命周期风险在材料阶段较突出，能够解释当前轻微滚动体故障的主要失效模式。,风险首先在材料阶段形成隐患，运行中持续放大，并通过温度与振动指标表现出来。,0.5971,BMAT-00094,MaterialBatch,material
BFB-00676,BRG-00676,IR014,inner_race_fault,inner_race,medium,0.7402,结合振动、峭度和温升特征，内圈故障与装配阶段异常高度一致，优先追溯到 BASM-00676。,异常由微小缺陷逐步发展为周期性冲击，检测指标随严重度上升而同步恶化。,0.7684,BASM-00676,AssemblyRecord,assembly
BFB-00677,BRG-00677,Normal,normal,none,normal,0.9057,该轴承样本生命周期风险较低，未形成明确故障追溯链。,运行状态平稳，检测指标未呈现持续恶化趋势。,0.8761,NORMAL_BASELINE,QualityFeedback,feedback
BFB-00678,BRG-00678,Normal,normal,none,normal,0.8646,该轴承样本生命周期风险较低，未形成明确故障追溯链。,运行状态平稳，检测指标未呈现持续恶化趋势。,0.7818,NORMAL_BASELINE,QualityFeedback,feedback
BFB-00679,BRG-00679,Normal,normal,none,normal,0.9252,该轴承样本生命周期风险较低，未形成明确故障追溯链。,运行状态平稳，检测指标未呈现持续恶化趋势。,0.8865,NORMAL_BASELINE,QualityFeedback,feedback
BFB-00680,BRG-00680,IR014,inner_race_fault,inner_race,medium,0.7474,诊断结果显示轴承出现中等内圈故障，根因更可能来自制造阶段实体 BMAN-00750 的风险累积。,风险首先在制造阶段形成隐患，运行中持续放大，并通过温度与振动指标表现出来。,0.662,BMAN-00750,ManufacturingBatch,manufacturing
BFB-00681,BRG-00681,OR007,outer_race_fault,outer_race,slight,0.5589,诊断结果显示轴承出现轻微外圈故障，根因更可能来自运维阶段实体 BOPR-00681 的风险累积。,风险首先在运维阶段形成隐患，运行中持续放大，并通过温度与振动指标表现出来。,0.5933,BOPR-00681,MaintenanceRecord,operation
BFB-00682,BRG-00682,Normal,normal,none,normal,0.9357,该轴承样本生命周期风险较低，未形成明确故障追溯链。,运行状态平稳，检测指标未呈现持续恶化趋势。,0.8626,NORMAL_BASELINE,QualityFeedback,feedback
BFB-00683,BRG-00683,B007,rolling_element_fault,rolling_element,slight,0.6373,该样本的生命周期风险在设计阶段较突出，能够解释当前轻微滚动体故障的主要失效模式。,异常由微小缺陷逐步发展为周期性冲击，检测指标随严重度上升而同步恶化。,0.5665,BDES-00011,BearingDesignSpec,design
BFB-00684,BRG-00684,B014,rolling_element_fault,rolling_element,medium,0.7045,结合振动、峭度和温升特征，滚动体故障与制造阶段异常高度一致，优先追溯到 BMAN-01107。,异常由微小缺陷逐步发展为周期性冲击，检测指标随严重度上升而同步恶化。,0.6343,BMAN-01107,ManufacturingBatch,manufacturing
BFB-00685,BRG-00685,IR014,inner_race_fault,inner_race,medium,0.7169,诊断结果显示轴承出现中等内圈故障，根因更可能来自装配阶段实体 BASM-00685 的风险累积。,风险首先在装配阶段形成隐患，运行中持续放大，并通过温度与振动指标表现出来。,0.634,BASM-00685,AssemblyRecord,assembly
BFB-00686,BRG-00686,IR007,inner_race_fault,inner_race,slight,0.6524,结合振动、峭度和温升特征，内圈故障与材料阶段异常高度一致，优先追溯到 BMAT-00235。,风险首先在材料阶段形成隐患，运行中持续放大，并通过温度与振动指标表现出来。,0.6498,BMAT-00235,MaterialBatch,material
BFB-00687,BRG-00687,B007,rolling_element_fault,rolling_element,slight,0.7217,诊断结果显示轴承出现轻微滚动体故障，根因更可能来自材料阶段实体 BMAT-00457 的风险累积。,早期表现为局部接触应力升高，随后振动冲击增强，最终演化为轻微滚动体故障。,0.5814,BMAT-00457,MaterialBatch,material
BFB-00688,BRG-00688,OR014,outer_race_fault,outer_race,medium,0.747,诊断结果显示轴承出现中等外圈故障，根因更可能来自材料阶段实体 BMAT-00257 的风险累积。,风险首先在材料阶段形成隐患，运行中持续放大，并通过温度与振动指标表现出来。,0.6037,BMAT-00257,MaterialBatch,material
BFB-00689,BRG-00689,IR014,inner_race_fault,inner_race,medium,0.6991,诊断结果显示轴承出现中等内圈故障，根因更可能来自材料阶段实体 BMAT-00192 的风险累积。,风险首先在材料阶段形成隐患，运行中持续放大，并通过温度与振动指标表现出来。,0.6844,BMAT-00192,MaterialBatch,material
BFB-00690,BRG-00690,OR014,outer_race_fault,outer_race,medium,0.6837,诊断结果显示轴承出现中等外圈故障，根因更可能来自制造阶段实体 BMAN-00849 的风险累积。,早期表现为局部接触应力升高，随后振动冲击增强，最终演化为中等外圈故障。,0.7151,BMAN-00849,ManufacturingBatch,manufacturing
BFB-00691,BRG-00691,B014,rolling_element_fault,rolling_element,medium,0.7369,该样本的生命周期风险在运维阶段较突出，能够解释当前中等滚动体故障的主要失效模式。,风险首先在运维阶段形成隐患，运行中持续放大，并通过温度与振动指标表现出来。,0.7387,BOPR-00691,MaintenanceRecord,operation
BFB-00692,BRG-00692,Normal,normal,none,normal,0.8991,该轴承样本生命周期风险较低，未形成明确故障追溯链。,运行状态平稳，检测指标未呈现持续恶化趋势。,0.8116,NORMAL_BASELINE,QualityFeedback,feedback
BFB-00693,BRG-00693,B021,rolling_element_fault,rolling_element,severe,0.7412,诊断结果显示轴承出现严重滚动体故障，根因更可能来自设计阶段实体 BDES-00025 的风险累积。,风险首先在设计阶段形成隐患，运行中持续放大，并通过温度与振动指标表现出来。,0.708,BDES-00025,BearingDesignSpec,design
BFB-00694,BRG-00694,Normal,normal,none,normal,0.8919,该轴承样本生命周期风险较低，未形成明确故障追溯链。,运行状态平稳，检测指标未呈现持续恶化趋势。,0.8221,NORMAL_BASELINE,QualityFeedback,feedback
BFB-00695,BRG-00695,IR014,inner_race_fault,inner_race,medium,0.7088,结合振动、峭度和温升特征，内圈故障与材料阶段异常高度一致，优先追溯到 BMAT-00170。,异常由微小缺陷逐步发展为周期性冲击，检测指标随严重度上升而同步恶化。,0.6019,BMAT-00170,MaterialBatch,material
BFB-00696,BRG-00696,B007,rolling_element_fault,rolling_element,slight,0.677,结合振动、峭度和温升特征，滚动体故障与设计阶段异常高度一致，优先追溯到 BDES-00511。,异常由微小缺陷逐步发展为周期性冲击，检测指标随严重度上升而同步恶化。,0.6069,BDES-00511,BearingDesignSpec,design
BFB-00697,BRG-00697,B007,rolling_element_fault,rolling_element,slight,0.6582,结合振动、峭度和温升特征，滚动体故障与制造阶段异常高度一致，优先追溯到 BMAN-00031。,早期表现为局部接触应力升高，随后振动冲击增强，最终演化为轻微滚动体故障。,0.6619,BMAN-00031,ManufacturingBatch,manufacturing
BFB-00698,BRG-00698,OR007,outer_race_fault,outer_race,slight,0.6262,该样本的生命周期风险在制造阶段较突出，能够解释当前轻微外圈故障的主要失效模式。,风险首先在制造阶段形成隐患，运行中持续放大，并通过温度与振动指标表现出来。,0.5902,BMAN-00844,ManufacturingBatch,manufacturing
BFB-00699,BRG-00699,IR014,inner_race_fault,inner_race,medium,0.6896,结合振动、峭度和温升特征，内圈故障与装配阶段异常高度一致，优先追溯到 BASM-00699。,异常由微小缺陷逐步发展为周期性冲击，检测指标随严重度上升而同步恶化。,0.6032,BASM-00699,AssemblyRecord,assembly
BFB-00700,BRG-00700,Normal,normal,none,normal,0.8821,该轴承样本生命周期风险较低，未形成明确故障追溯链。,运行状态平稳，检测指标未呈现持续恶化趋势。,0.8171,NORMAL_BASELINE,QualityFeedback,feedback
BFB-00701,BRG-00701,B007,rolling_element_fault,rolling_element,slight,0.6994,该样本的生命周期风险在制造阶段较突出，能够解释当前轻微滚动体故障的主要失效模式。,早期表现为局部接触应力升高，随后振动冲击增强，最终演化为轻微滚动体故障。,0.619,BMAN-00388,ManufacturingBatch,manufacturing
BFB-00702,BRG-00702,B014,rolling_element_fault,rolling_element,medium,0.734,诊断结果显示轴承出现中等滚动体故障，根因更可能来自检测阶段实体 BINSP-00702 的风险累积。,异常由微小缺陷逐步发展为周期性冲击，检测指标随严重度上升而同步恶化。,0.5941,BINSP-00702,InspectionRecord,inspection
BFB-00703,BRG-00703,IR007,inner_race_fault,inner_race,slight,0.6094,结合振动、峭度和温升特征，内圈故障与制造阶段异常高度一致，优先追溯到 BMAN-00669。,异常由微小缺陷逐步发展为周期性冲击，检测指标随严重度上升而同步恶化。,0.5698,BMAN-00669,ManufacturingBatch,manufacturing
BFB-00704,BRG-00704,B014,rolling_element_fault,rolling_element,medium,0.7424,诊断结果显示轴承出现中等滚动体故障，根因更可能来自装配阶段实体 BASM-00704 的风险累积。,异常由微小缺陷逐步发展为周期性冲击，检测指标随严重度上升而同步恶化。,0.7182,BASM-00704,AssemblyRecord,assembly
BFB-00705,BRG-00705,B007,rolling_element_fault,rolling_element,slight,0.679,该样本的生命周期风险在装配阶段较突出，能够解释当前轻微滚动体故障的主要失效模式。,早期表现为局部接触应力升高，随后振动冲击增强，最终演化为轻微滚动体故障。,0.6747,BASM-00705,AssemblyRecord,assembly
BFB-00706,BRG-00706,B007,rolling_element_fault,rolling_element,slight,0.718,该样本的生命周期风险在材料阶段较突出，能够解释当前轻微滚动体故障的主要失效模式。,风险首先在材料阶段形成隐患，运行中持续放大，并通过温度与振动指标表现出来。,0.6796,BMAT-00171,MaterialBatch,material
BFB-00707,BRG-00707,B021,rolling_element_fault,rolling_element,severe,0.6584,诊断结果显示轴承出现严重滚动体故障，根因更可能来自材料阶段实体 BMAT-00354 的风险累积。,风险首先在材料阶段形成隐患，运行中持续放大，并通过温度与振动指标表现出来。,0.7321,BMAT-00354,MaterialBatch,material
BFB-00708,BRG-00708,B007,rolling_element_fault,rolling_element,slight,0.7263,结合振动、峭度和温升特征，滚动体故障与制造阶段异常高度一致，优先追溯到 BMAN-00318。,早期表现为局部接触应力升高，随后振动冲击增强，最终演化为轻微滚动体故障。,0.6375,BMAN-00318,ManufacturingBatch,manufacturing
BFB-00709,BRG-00709,OR007,outer_race_fault,outer_race,slight,0.7354,结合振动、峭度和温升特征，外圈故障与材料阶段异常高度一致，优先追溯到 BMAT-00009。,异常由微小缺陷逐步发展为周期性冲击，检测指标随严重度上升而同步恶化。,0.729,BMAT-00009,MaterialBatch,material
BFB-00710,BRG-00710,OR014,outer_race_fault,outer_race,medium,0.7194,该样本的生命周期风险在装配阶段较突出，能够解释当前中等外圈故障的主要失效模式。,风险首先在装配阶段形成隐患，运行中持续放大，并通过温度与振动指标表现出来。,0.6594,BASM-00710,AssemblyRecord,assembly
BFB-00711,BRG-00711,Normal,normal,none,normal,0.862,该轴承样本生命周期风险较低，未形成明确故障追溯链。,运行状态平稳，检测指标未呈现持续恶化趋势。,0.8677,NORMAL_BASELINE,QualityFeedback,feedback
BFB-00712,BRG-00712,IR007,inner_race_fault,inner_race,slight,0.7377,结合振动、峭度和温升特征，内圈故障与设计阶段异常高度一致，优先追溯到 BDES-00057。,早期表现为局部接触应力升高，随后振动冲击增强，最终演化为轻微内圈故障。,0.6561,BDES-00057,BearingDesignSpec,design
BFB-00713,BRG-00713,IR014,inner_race_fault,inner_race,medium,0.7069,结合振动、峭度和温升特征，内圈故障与制造阶段异常高度一致，优先追溯到 BMAN-00988。,风险首先在制造阶段形成隐患，运行中持续放大，并通过温度与振动指标表现出来。,0.6176,BMAN-00988,ManufacturingBatch,manufacturing
BFB-00714,BRG-00714,IR014,inner_race_fault,inner_race,medium,0.7515,该样本的生命周期风险在装配阶段较突出，能够解释当前中等内圈故障的主要失效模式。,异常由微小缺陷逐步发展为周期性冲击，检测指标随严重度上升而同步恶化。,0.7096,BASM-00714,AssemblyRecord,assembly
BFB-00715,BRG-00715,B021,rolling_element_fault,rolling_element,severe,0.6823,诊断结果显示轴承出现严重滚动体故障，根因更可能来自运维阶段实体 BOPR-00715 的风险累积。,风险首先在运维阶段形成隐患，运行中持续放大，并通过温度与振动指标表现出来。,0.6765,BOPR-00715,MaintenanceRecord,operation
BFB-00716,BRG-00716,Normal,normal,none,normal,0.9598,该轴承样本生命周期风险较低，未形成明确故障追溯链。,运行状态平稳，检测指标未呈现持续恶化趋势。,0.7913,NORMAL_BASELINE,QualityFeedback,feedback
BFB-00717,BRG-00717,B014,rolling_element_fault,rolling_element,medium,0.7008,诊断结果显示轴承出现中等滚动体故障，根因更可能来自制造阶段实体 BMAN-00157 的风险累积。,风险首先在制造阶段形成隐患，运行中持续放大，并通过温度与振动指标表现出来。,0.5874,BMAN-00157,ManufacturingBatch,manufacturing
BFB-00718,BRG-00718,Normal,normal,none,normal,0.939,该轴承样本生命周期风险较低，未形成明确故障追溯链。,运行状态平稳，检测指标未呈现持续恶化趋势。,0.8401,NORMAL_BASELINE,QualityFeedback,feedback
BFB-00719,BRG-00719,Normal,normal,none,normal,0.9139,该轴承样本生命周期风险较低，未形成明确故障追溯链。,运行状态平稳，检测指标未呈现持续恶化趋势。,0.8634,NORMAL_BASELINE,QualityFeedback,feedback
BFB-00720,BRG-00720,IR014,inner_race_fault,inner_race,medium,0.7176,该样本的生命周期风险在制造阶段较突出，能够解释当前中等内圈故障的主要失效模式。,早期表现为局部接触应力升高，随后振动冲击增强，最终演化为中等内圈故障。,0.6058,BMAN-00702,ManufacturingBatch,manufacturing
BFB-00721,BRG-00721,OR007,outer_race_fault,outer_race,slight,0.6667,结合振动、峭度和温升特征，外圈故障与制造阶段异常高度一致，优先追溯到 BMAN-00659。,风险首先在制造阶段形成隐患，运行中持续放大，并通过温度与振动指标表现出来。,0.6243,BMAN-00659,ManufacturingBatch,manufacturing
BFB-00722,BRG-00722,Normal,normal,none,normal,0.8836,该轴承样本生命周期风险较低，未形成明确故障追溯链。,运行状态平稳，检测指标未呈现持续恶化趋势。,0.8316,NORMAL_BASELINE,QualityFeedback,feedback
BFB-00723,BRG-00723,IR014,inner_race_fault,inner_race,medium,0.7444,诊断结果显示轴承出现中等内圈故障，根因更可能来自材料阶段实体 BMAT-00300 的风险累积。,异常由微小缺陷逐步发展为周期性冲击，检测指标随严重度上升而同步恶化。,0.6382,BMAT-00300,MaterialBatch,material
BFB-00724,BRG-00724,OR021,outer_race_fault,outer_race,severe,0.8145,结合振动、峭度和温升特征，外圈故障与制造阶段异常高度一致，优先追溯到 BMAN-00333。,异常由微小缺陷逐步发展为周期性冲击，检测指标随严重度上升而同步恶化。,0.7073,BMAN-00333,ManufacturingBatch,manufacturing
BFB-00725,BRG-00725,IR007,inner_race_fault,inner_race,slight,0.7102,结合振动、峭度和温升特征，内圈故障与运维阶段异常高度一致，优先追溯到 BOPR-00725。,早期表现为局部接触应力升高，随后振动冲击增强，最终演化为轻微内圈故障。,0.6761,BOPR-00725,MaintenanceRecord,operation
BFB-00726,BRG-00726,OR007,outer_race_fault,outer_race,slight,0.6761,诊断结果显示轴承出现轻微外圈故障，根因更可能来自装配阶段实体 BASM-00726 的风险累积。,风险首先在装配阶段形成隐患，运行中持续放大，并通过温度与振动指标表现出来。,0.5975,BASM-00726,AssemblyRecord,assembly
BFB-00727,BRG-00727,B014,rolling_element_fault,rolling_element,medium,0.6975,诊断结果显示轴承出现中等滚动体故障，根因更可能来自装配阶段实体 BASM-00727 的风险累积。,异常由微小缺陷逐步发展为周期性冲击，检测指标随严重度上升而同步恶化。,0.6632,BASM-00727,AssemblyRecord,assembly
BFB-00728,BRG-00728,Normal,normal,none,normal,0.9237,该轴承样本生命周期风险较低，未形成明确故障追溯链。,运行状态平稳，检测指标未呈现持续恶化趋势。,0.8317,NORMAL_BASELINE,QualityFeedback,feedback
BFB-00729,BRG-00729,OR021,outer_race_fault,outer_race,severe,0.7358,结合振动、峭度和温升特征，外圈故障与制造阶段异常高度一致，优先追溯到 BMAN-00876。,早期表现为局部接触应力升高，随后振动冲击增强，最终演化为严重外圈故障。,0.6623,BMAN-00876,ManufacturingBatch,manufacturing
BFB-00730,BRG-00730,OR007,outer_race_fault,outer_race,slight,0.6659,诊断结果显示轴承出现轻微外圈故障，根因更可能来自材料阶段实体 BMAT-00424 的风险累积。,风险首先在材料阶段形成隐患，运行中持续放大，并通过温度与振动指标表现出来。,0.6186,BMAT-00424,MaterialBatch,material
BFB-00731,BRG-00731,OR007,outer_race_fault,outer_race,slight,0.6396,诊断结果显示轴承出现轻微外圈故障，根因更可能来自装配阶段实体 BASM-00731 的风险累积。,风险首先在装配阶段形成隐患，运行中持续放大，并通过温度与振动指标表现出来。,0.5639,BASM-00731,AssemblyRecord,assembly
BFB-00732,BRG-00732,IR014,inner_race_fault,inner_race,medium,0.7016,该样本的生命周期风险在制造阶段较突出，能够解释当前中等内圈故障的主要失效模式。,异常由微小缺陷逐步发展为周期性冲击，检测指标随严重度上升而同步恶化。,0.6986,BMAN-00533,ManufacturingBatch,manufacturing
BFB-00733,BRG-00733,IR021,inner_race_fault,inner_race,severe,0.7968,诊断结果显示轴承出现严重内圈故障，根因更可能来自运维阶段实体 BOPR-00733 的风险累积。,早期表现为局部接触应力升高，随后振动冲击增强，最终演化为严重内圈故障。,0.6732,BOPR-00733,MaintenanceRecord,operation
BFB-00734,BRG-00734,B014,rolling_element_fault,rolling_element,medium,0.6418,诊断结果显示轴承出现中等滚动体故障，根因更可能来自材料阶段实体 BMAT-00113 的风险累积。,异常由微小缺陷逐步发展为周期性冲击，检测指标随严重度上升而同步恶化。,0.6776,BMAT-00113,MaterialBatch,material
BFB-00735,BRG-00735,Normal,normal,none,normal,0.8927,该轴承样本生命周期风险较低，未形成明确故障追溯链。,运行状态平稳，检测指标未呈现持续恶化趋势。,0.8088,NORMAL_BASELINE,QualityFeedback,feedback
BFB-00736,BRG-00736,Normal,normal,none,normal,0.8745,该轴承样本生命周期风险较低，未形成明确故障追溯链。,运行状态平稳，检测指标未呈现持续恶化趋势。,0.8221,NORMAL_BASELINE,QualityFeedback,feedback
BFB-00737,BRG-00737,OR007,outer_race_fault,outer_race,slight,0.6735,该样本的生命周期风险在制造阶段较突出，能够解释当前轻微外圈故障的主要失效模式。,早期表现为局部接触应力升高，随后振动冲击增强，最终演化为轻微外圈故障。,0.6294,BMAN-00886,ManufacturingBatch,manufacturing
BFB-00738,BRG-00738,OR014,outer_race_fault,outer_race,medium,0.6989,诊断结果显示轴承出现中等外圈故障，根因更可能来自检测阶段实体 BINSP-00738 的风险累积。,早期表现为局部接触应力升高，随后振动冲击增强，最终演化为中等外圈故障。,0.6734,BINSP-00738,InspectionRecord,inspection
BFB-00739,BRG-00739,Normal,normal,none,normal,0.9078,该轴承样本生命周期风险较低，未形成明确故障追溯链。,运行状态平稳，检测指标未呈现持续恶化趋势。,0.8276,NORMAL_BASELINE,QualityFeedback,feedback
BFB-00740,BRG-00740,OR014,outer_race_fault,outer_race,medium,0.6936,该样本的生命周期风险在制造阶段较突出，能够解释当前中等外圈故障的主要失效模式。,早期表现为局部接触应力升高，随后振动冲击增强，最终演化为中等外圈故障。,0.6826,BMAN-00191,ManufacturingBatch,manufacturing
BFB-00741,BRG-00741,OR007,outer_race_fault,outer_race,slight,0.6742,结合振动、峭度和温升特征，外圈故障与运维阶段异常高度一致，优先追溯到 BOPR-00741。,早期表现为局部接触应力升高，随后振动冲击增强，最终演化为轻微外圈故障。,0.6218,BOPR-00741,MaintenanceRecord,operation
BFB-00742,BRG-00742,IR007,inner_race_fault,inner_race,slight,0.6135,诊断结果显示轴承出现轻微内圈故障，根因更可能来自制造阶段实体 BMAN-00577 的风险累积。,风险首先在制造阶段形成隐患，运行中持续放大，并通过温度与振动指标表现出来。,0.6927,BMAN-00577,ManufacturingBatch,manufacturing
BFB-00743,BRG-00743,OR014,outer_race_fault,outer_race,medium,0.801,结合振动、峭度和温升特征，外圈故障与装配阶段异常高度一致，优先追溯到 BASM-00743。,风险首先在装配阶段形成隐患，运行中持续放大，并通过温度与振动指标表现出来。,0.7464,BASM-00743,AssemblyRecord,assembly
BFB-00744,BRG-00744,IR014,inner_race_fault,inner_race,medium,0.6982,诊断结果显示轴承出现中等内圈故障，根因更可能来自制造阶段实体 BMAN-00132 的风险累积。,风险首先在制造阶段形成隐患，运行中持续放大，并通过温度与振动指标表现出来。,0.6525,BMAN-00132,ManufacturingBatch,manufacturing
BFB-00745,BRG-00745,IR007,inner_race_fault,inner_race,slight,0.7415,该样本的生命周期风险在制造阶段较突出，能够解释当前轻微内圈故障的主要失效模式。,风险首先在制造阶段形成隐患，运行中持续放大，并通过温度与振动指标表现出来。,0.7031,BMAN-00869,ManufacturingBatch,manufacturing
BFB-00746,BRG-00746,B014,rolling_element_fault,rolling_element,medium,0.7107,诊断结果显示轴承出现中等滚动体故障，根因更可能来自运维阶段实体 BOPR-00746 的风险累积。,早期表现为局部接触应力升高，随后振动冲击增强，最终演化为中等滚动体故障。,0.6996,BOPR-00746,MaintenanceRecord,operation
BFB-00747,BRG-00747,OR014,outer_race_fault,outer_race,medium,0.6337,诊断结果显示轴承出现中等外圈故障，根因更可能来自装配阶段实体 BASM-00747 的风险累积。,风险首先在装配阶段形成隐患，运行中持续放大，并通过温度与振动指标表现出来。,0.7524,BASM-00747,AssemblyRecord,assembly
BFB-00748,BRG-00748,OR007,outer_race_fault,outer_race,slight,0.645,结合振动、峭度和温升特征，外圈故障与材料阶段异常高度一致，优先追溯到 BMAT-00456。,异常由微小缺陷逐步发展为周期性冲击，检测指标随严重度上升而同步恶化。,0.619,BMAT-00456,MaterialBatch,material
BFB-00749,BRG-00749,OR014,outer_race_fault,outer_race,medium,0.7332,诊断结果显示轴承出现中等外圈故障，根因更可能来自制造阶段实体 BMAN-00693 的风险累积。,风险首先在制造阶段形成隐患，运行中持续放大，并通过温度与振动指标表现出来。,0.6902,BMAN-00693,ManufacturingBatch,manufacturing
BFB-00750,BRG-00750,OR014,outer_race_fault,outer_race,medium,0.7367,结合振动、峭度和温升特征，外圈故障与运维阶段异常高度一致，优先追溯到 BOPR-00750。,风险首先在运维阶段形成隐患，运行中持续放大，并通过温度与振动指标表现出来。,0.6576,BOPR-00750,MaintenanceRecord,operation
BFB-00751,BRG-00751,IR007,inner_race_fault,inner_race,slight,0.7136,诊断结果显示轴承出现轻微内圈故障，根因更可能来自制造阶段实体 BMAN-00402 的风险累积。,风险首先在制造阶段形成隐患，运行中持续放大，并通过温度与振动指标表现出来。,0.6682,BMAN-00402,ManufacturingBatch,manufacturing
BFB-00752,BRG-00752,OR007,outer_race_fault,outer_race,slight,0.6436,该样本的生命周期风险在设计阶段较突出，能够解释当前轻微外圈故障的主要失效模式。,异常由微小缺陷逐步发展为周期性冲击，检测指标随严重度上升而同步恶化。,0.553,BDES-00100,BearingDesignSpec,design
BFB-00753,BRG-00753,OR014,outer_race_fault,outer_race,medium,0.7015,该样本的生命周期风险在材料阶段较突出，能够解释当前中等外圈故障的主要失效模式。,早期表现为局部接触应力升高，随后振动冲击增强，最终演化为中等外圈故障。,0.7023,BMAT-00052,MaterialBatch,material
BFB-00754,BRG-00754,B007,rolling_element_fault,rolling_element,slight,0.678,诊断结果显示轴承出现轻微滚动体故障，根因更可能来自装配阶段实体 BASM-00754 的风险累积。,早期表现为局部接触应力升高，随后振动冲击增强，最终演化为轻微滚动体故障。,0.7096,BASM-00754,AssemblyRecord,assembly
BFB-00755,BRG-00755,B007,rolling_element_fault,rolling_element,slight,0.7195,该样本的生命周期风险在运维阶段较突出，能够解释当前轻微滚动体故障的主要失效模式。,异常由微小缺陷逐步发展为周期性冲击，检测指标随严重度上升而同步恶化。,0.703,BOPR-00755,MaintenanceRecord,operation
BFB-00756,BRG-00756,OR014,outer_race_fault,outer_race,medium,0.7581,该样本的生命周期风险在检测阶段较突出，能够解释当前中等外圈故障的主要失效模式。,早期表现为局部接触应力升高，随后振动冲击增强，最终演化为中等外圈故障。,0.7106,BINSP-00756,InspectionRecord,inspection
BFB-00757,BRG-00757,B014,rolling_element_fault,rolling_element,medium,0.665,诊断结果显示轴承出现中等滚动体故障，根因更可能来自装配阶段实体 BASM-00757 的风险累积。,风险首先在装配阶段形成隐患，运行中持续放大，并通过温度与振动指标表现出来。,0.6485,BASM-00757,AssemblyRecord,assembly
BFB-00758,BRG-00758,OR021,outer_race_fault,outer_race,severe,0.6932,结合振动、峭度和温升特征，外圈故障与运维阶段异常高度一致，优先追溯到 BOPR-00758。,早期表现为局部接触应力升高，随后振动冲击增强，最终演化为严重外圈故障。,0.6225,BOPR-00758,MaintenanceRecord,operation
BFB-00759,BRG-00759,OR007,outer_race_fault,outer_race,slight,0.6862,该样本的生命周期风险在制造阶段较突出，能够解释当前轻微外圈故障的主要失效模式。,异常由微小缺陷逐步发展为周期性冲击，检测指标随严重度上升而同步恶化。,0.7698,BMAN-00514,ManufacturingBatch,manufacturing
BFB-00760,BRG-00760,OR021,outer_race_fault,outer_race,severe,0.7509,结合振动、峭度和温升特征，外圈故障与材料阶段异常高度一致，优先追溯到 BMAT-00449。,早期表现为局部接触应力升高，随后振动冲击增强，最终演化为严重外圈故障。,0.7503,BMAT-00449,MaterialBatch,material
BFB-00761,BRG-00761,OR021,outer_race_fault,outer_race,severe,0.742,诊断结果显示轴承出现严重外圈故障，根因更可能来自材料阶段实体 BMAT-00269 的风险累积。,早期表现为局部接触应力升高，随后振动冲击增强，最终演化为严重外圈故障。,0.6511,BMAT-00269,MaterialBatch,material
BFB-00762,BRG-00762,B007,rolling_element_fault,rolling_element,slight,0.6508,该样本的生命周期风险在制造阶段较突出，能够解释当前轻微滚动体故障的主要失效模式。,风险首先在制造阶段形成隐患，运行中持续放大，并通过温度与振动指标表现出来。,0.72,BMAN-00920,ManufacturingBatch,manufacturing
BFB-00763,BRG-00763,B007,rolling_element_fault,rolling_element,slight,0.6569,诊断结果显示轴承出现轻微滚动体故障，根因更可能来自检测阶段实体 BINSP-00763 的风险累积。,早期表现为局部接触应力升高，随后振动冲击增强，最终演化为轻微滚动体故障。,0.5786,BINSP-00763,InspectionRecord,inspection
BFB-00764,BRG-00764,OR014,outer_race_fault,outer_race,medium,0.7465,结合振动、峭度和温升特征，外圈故障与制造阶段异常高度一致，优先追溯到 BMAN-00807。,早期表现为局部接触应力升高，随后振动冲击增强，最终演化为中等外圈故障。,0.6555,BMAN-00807,ManufacturingBatch,manufacturing
BFB-00765,BRG-00765,IR014,inner_race_fault,inner_race,medium,0.7014,诊断结果显示轴承出现中等内圈故障，根因更可能来自装配阶段实体 BASM-00765 的风险累积。,异常由微小缺陷逐步发展为周期性冲击，检测指标随严重度上升而同步恶化。,0.6958,BASM-00765,AssemblyRecord,assembly
BFB-00766,BRG-00766,IR007,inner_race_fault,inner_race,slight,0.7029,诊断结果显示轴承出现轻微内圈故障，根因更可能来自装配阶段实体 BASM-00766 的风险累积。,异常由微小缺陷逐步发展为周期性冲击，检测指标随严重度上升而同步恶化。,0.6484,BASM-00766,AssemblyRecord,assembly
BFB-00767,BRG-00767,IR014,inner_race_fault,inner_race,medium,0.6699,诊断结果显示轴承出现中等内圈故障，根因更可能来自设计阶段实体 BDES-00007 的风险累积。,风险首先在设计阶段形成隐患，运行中持续放大，并通过温度与振动指标表现出来。,0.7061,BDES-00007,BearingDesignSpec,design
BFB-00768,BRG-00768,B021,rolling_element_fault,rolling_element,severe,0.7419,结合振动、峭度和温升特征，滚动体故障与检测阶段异常高度一致，优先追溯到 BINSP-00768。,风险首先在检测阶段形成隐患，运行中持续放大，并通过温度与振动指标表现出来。,0.6664,BINSP-00768,InspectionRecord,inspection
BFB-00769,BRG-00769,IR021,inner_race_fault,inner_race,severe,0.6849,结合振动、峭度和温升特征，内圈故障与设计阶段异常高度一致，优先追溯到 BDES-00526。,早期表现为局部接触应力升高，随后振动冲击增强，最终演化为严重内圈故障。,0.6711,BDES-00526,BearingDesignSpec,design
BFB-00770,BRG-00770,B021,rolling_element_fault,rolling_element,severe,0.7979,诊断结果显示轴承出现严重滚动体故障，根因更可能来自装配阶段实体 BASM-00770 的风险累积。,异常由微小缺陷逐步发展为周期性冲击，检测指标随严重度上升而同步恶化。,0.7694,BASM-00770,AssemblyRecord,assembly
BFB-00771,BRG-00771,IR007,inner_race_fault,inner_race,slight,0.6414,结合振动、峭度和温升特征，内圈故障与材料阶段异常高度一致，优先追溯到 BMAT-00210。,异常由微小缺陷逐步发展为周期性冲击，检测指标随严重度上升而同步恶化。,0.5792,BMAT-00210,MaterialBatch,material
BFB-00772,BRG-00772,OR021,outer_race_fault,outer_race,severe,0.7179,该样本的生命周期风险在装配阶段较突出，能够解释当前严重外圈故障的主要失效模式。,早期表现为局部接触应力升高，随后振动冲击增强，最终演化为严重外圈故障。,0.6123,BASM-00772,AssemblyRecord,assembly
BFB-00773,BRG-00773,B014,rolling_element_fault,rolling_element,medium,0.6993,结合振动、峭度和温升特征，滚动体故障与材料阶段异常高度一致，优先追溯到 BMAT-00279。,异常由微小缺陷逐步发展为周期性冲击，检测指标随严重度上升而同步恶化。,0.699,BMAT-00279,MaterialBatch,material
BFB-00774,BRG-00774,IR021,inner_race_fault,inner_race,severe,0.7448,该样本的生命周期风险在装配阶段较突出，能够解释当前严重内圈故障的主要失效模式。,风险首先在装配阶段形成隐患，运行中持续放大，并通过温度与振动指标表现出来。,0.707,BASM-00774,AssemblyRecord,assembly
BFB-00775,BRG-00775,IR007,inner_race_fault,inner_race,slight,0.6939,诊断结果显示轴承出现轻微内圈故障，根因更可能来自制造阶段实体 BMAN-00612 的风险累积。,早期表现为局部接触应力升高，随后振动冲击增强，最终演化为轻微内圈故障。,0.5758,BMAN-00612,ManufacturingBatch,manufacturing
BFB-00776,BRG-00776,IR007,inner_race_fault,inner_race,slight,0.6826,诊断结果显示轴承出现轻微内圈故障，根因更可能来自检测阶段实体 BINSP-00776 的风险累积。,风险首先在检测阶段形成隐患，运行中持续放大，并通过温度与振动指标表现出来。,0.6048,BINSP-00776,InspectionRecord,inspection
BFB-00777,BRG-00777,OR021,outer_race_fault,outer_race,severe,0.7011,该样本的生命周期风险在制造阶段较突出，能够解释当前严重外圈故障的主要失效模式。,早期表现为局部接触应力升高，随后振动冲击增强，最终演化为严重外圈故障。,0.6569,BMAN-01102,ManufacturingBatch,manufacturing
BFB-00778,BRG-00778,B007,rolling_element_fault,rolling_element,slight,0.7648,诊断结果显示轴承出现轻微滚动体故障，根因更可能来自装配阶段实体 BASM-00778 的风险累积。,风险首先在装配阶段形成隐患，运行中持续放大，并通过温度与振动指标表现出来。,0.7568,BASM-00778,AssemblyRecord,assembly
BFB-00779,BRG-00779,IR021,inner_race_fault,inner_race,severe,0.7624,诊断结果显示轴承出现严重内圈故障，根因更可能来自材料阶段实体 BMAT-00065 的风险累积。,早期表现为局部接触应力升高，随后振动冲击增强，最终演化为严重内圈故障。,0.702,BMAT-00065,MaterialBatch,material
BFB-00780,BRG-00780,B014,rolling_element_fault,rolling_element,medium,0.7716,结合振动、峭度和温升特征，滚动体故障与检测阶段异常高度一致，优先追溯到 BINSP-00780。,异常由微小缺陷逐步发展为周期性冲击，检测指标随严重度上升而同步恶化。,0.6007,BINSP-00780,InspectionRecord,inspection
BFB-00781,BRG-00781,IR014,inner_race_fault,inner_race,medium,0.6569,诊断结果显示轴承出现中等内圈故障，根因更可能来自制造阶段实体 BMAN-00271 的风险累积。,早期表现为局部接触应力升高，随后振动冲击增强，最终演化为中等内圈故障。,0.6062,BMAN-00271,ManufacturingBatch,manufacturing
BFB-00782,BRG-00782,B007,rolling_element_fault,rolling_element,slight,0.7226,结合振动、峭度和温升特征，滚动体故障与材料阶段异常高度一致，优先追溯到 BMAT-00344。,早期表现为局部接触应力升高，随后振动冲击增强，最终演化为轻微滚动体故障。,0.6066,BMAT-00344,MaterialBatch,material
BFB-00783,BRG-00783,IR014,inner_race_fault,inner_race,medium,0.7412,结合振动、峭度和温升特征，内圈故障与材料阶段异常高度一致，优先追溯到 BMAT-00226。,风险首先在材料阶段形成隐患，运行中持续放大，并通过温度与振动指标表现出来。,0.7265,BMAT-00226,MaterialBatch,material
BFB-00784,BRG-00784,OR014,outer_race_fault,outer_race,medium,0.6898,结合振动、峭度和温升特征，外圈故障与材料阶段异常高度一致，优先追溯到 BMAT-00108。,早期表现为局部接触应力升高，随后振动冲击增强，最终演化为中等外圈故障。,0.6781,BMAT-00108,MaterialBatch,material
BFB-00785,BRG-00785,B014,rolling_element_fault,rolling_element,medium,0.6992,结合振动、峭度和温升特征，滚动体故障与材料阶段异常高度一致，优先追溯到 BMAT-00295。,异常由微小缺陷逐步发展为周期性冲击，检测指标随严重度上升而同步恶化。,0.6776,BMAT-00295,MaterialBatch,material
BFB-00786,BRG-00786,OR007,outer_race_fault,outer_race,slight,0.6686,该样本的生命周期风险在运维阶段较突出，能够解释当前轻微外圈故障的主要失效模式。,早期表现为局部接触应力升高，随后振动冲击增强，最终演化为轻微外圈故障。,0.6186,BOPR-00786,MaintenanceRecord,operation
BFB-00787,BRG-00787,OR014,outer_race_fault,outer_race,medium,0.7399,结合振动、峭度和温升特征，外圈故障与制造阶段异常高度一致，优先追溯到 BMAN-00262。,异常由微小缺陷逐步发展为周期性冲击，检测指标随严重度上升而同步恶化。,0.6331,BMAN-00262,ManufacturingBatch,manufacturing
BFB-00788,BRG-00788,IR014,inner_race_fault,inner_race,medium,0.662,诊断结果显示轴承出现中等内圈故障，根因更可能来自材料阶段实体 BMAT-00009 的风险累积。,异常由微小缺陷逐步发展为周期性冲击，检测指标随严重度上升而同步恶化。,0.6726,BMAT-00009,MaterialBatch,material
BFB-00789,BRG-00789,IR007,inner_race_fault,inner_race,slight,0.7102,结合振动、峭度和温升特征，内圈故障与材料阶段异常高度一致，优先追溯到 BMAT-00063。,异常由微小缺陷逐步发展为周期性冲击，检测指标随严重度上升而同步恶化。,0.6738,BMAT-00063,MaterialBatch,material
BFB-00790,BRG-00790,B014,rolling_element_fault,rolling_element,medium,0.7267,诊断结果显示轴承出现中等滚动体故障，根因更可能来自制造阶段实体 BMAN-00983 的风险累积。,异常由微小缺陷逐步发展为周期性冲击，检测指标随严重度上升而同步恶化。,0.6655,BMAN-00983,ManufacturingBatch,manufacturing
BFB-00791,BRG-00791,Normal,normal,none,normal,0.913,该轴承样本生命周期风险较低，未形成明确故障追溯链。,运行状态平稳，检测指标未呈现持续恶化趋势。,0.8347,NORMAL_BASELINE,QualityFeedback,feedback
BFB-00792,BRG-00792,OR014,outer_race_fault,outer_race,medium,0.7288,该样本的生命周期风险在装配阶段较突出，能够解释当前中等外圈故障的主要失效模式。,早期表现为局部接触应力升高，随后振动冲击增强，最终演化为中等外圈故障。,0.625,BASM-00792,AssemblyRecord,assembly
BFB-00793,BRG-00793,Normal,normal,none,normal,0.8653,该轴承样本生命周期风险较低，未形成明确故障追溯链。,运行状态平稳，检测指标未呈现持续恶化趋势。,0.8336,NORMAL_BASELINE,QualityFeedback,feedback
BFB-00794,BRG-00794,IR014,inner_race_fault,inner_race,medium,0.6986,诊断结果显示轴承出现中等内圈故障，根因更可能来自材料阶段实体 BMAT-00188 的风险累积。,风险首先在材料阶段形成隐患，运行中持续放大，并通过温度与振动指标表现出来。,0.6166,BMAT-00188,MaterialBatch,material
BFB-00795,BRG-00795,B007,rolling_element_fault,rolling_element,slight,0.6437,结合振动、峭度和温升特征，滚动体故障与装配阶段异常高度一致，优先追溯到 BASM-00795。,早期表现为局部接触应力升高，随后振动冲击增强，最终演化为轻微滚动体故障。,0.787,BASM-00795,AssemblyRecord,assembly
BFB-00796,BRG-00796,OR021,outer_race_fault,outer_race,severe,0.7515,诊断结果显示轴承出现严重外圈故障，根因更可能来自制造阶段实体 BMAN-00682 的风险累积。,风险首先在制造阶段形成隐患，运行中持续放大，并通过温度与振动指标表现出来。,0.7426,BMAN-00682,ManufacturingBatch,manufacturing
BFB-00797,BRG-00797,OR007,outer_race_fault,outer_race,slight,0.6718,诊断结果显示轴承出现轻微外圈故障，根因更可能来自检测阶段实体 BINSP-00797 的风险累积。,风险首先在检测阶段形成隐患，运行中持续放大，并通过温度与振动指标表现出来。,0.568,BINSP-00797,InspectionRecord,inspection
BFB-00798,BRG-00798,OR014,outer_race_fault,outer_race,medium,0.6289,该样本的生命周期风险在材料阶段较突出，能够解释当前中等外圈故障的主要失效模式。,早期表现为局部接触应力升高，随后振动冲击增强，最终演化为中等外圈故障。,0.692,BMAT-00027,MaterialBatch,material
BFB-00799,BRG-00799,B014,rolling_element_fault,rolling_element,medium,0.6599,结合振动、峭度和温升特征，滚动体故障与设计阶段异常高度一致，优先追溯到 BDES-00165。,异常由微小缺陷逐步发展为周期性冲击，检测指标随严重度上升而同步恶化。,0.5916,BDES-00165,BearingDesignSpec,design
BFB-00800,BRG-00800,IR007,inner_race_fault,inner_race,slight,0.7573,结合振动、峭度和温升特征，内圈故障与运维阶段异常高度一致，优先追溯到 BOPR-00800。,早期表现为局部接触应力升高，随后振动冲击增强，最终演化为轻微内圈故障。,0.5918,BOPR-00800,MaintenanceRecord,operation
BFB-00801,BRG-00801,Normal,normal,none,normal,0.9184,该轴承样本生命周期风险较低，未形成明确故障追溯链。,运行状态平稳，检测指标未呈现持续恶化趋势。,0.7935,NORMAL_BASELINE,QualityFeedback,feedback
BFB-00802,BRG-00802,B007,rolling_element_fault,rolling_element,slight,0.7532,结合振动、峭度和温升特征，滚动体故障与检测阶段异常高度一致，优先追溯到 BINSP-00802。,异常由微小缺陷逐步发展为周期性冲击，检测指标随严重度上升而同步恶化。,0.6594,BINSP-00802,InspectionRecord,inspection
BFB-00803,BRG-00803,B021,rolling_element_fault,rolling_element,severe,0.7957,结合振动、峭度和温升特征，滚动体故障与装配阶段异常高度一致，优先追溯到 BASM-00803。,早期表现为局部接触应力升高，随后振动冲击增强，最终演化为严重滚动体故障。,0.7497,BASM-00803,AssemblyRecord,assembly
BFB-00804,BRG-00804,IR007,inner_race_fault,inner_race,slight,0.7243,该样本的生命周期风险在材料阶段较突出，能够解释当前轻微内圈故障的主要失效模式。,风险首先在材料阶段形成隐患，运行中持续放大，并通过温度与振动指标表现出来。,0.6616,BMAT-00339,MaterialBatch,material
BFB-00805,BRG-00805,OR021,outer_race_fault,outer_race,severe,0.776,诊断结果显示轴承出现严重外圈故障，根因更可能来自检测阶段实体 BINSP-00805 的风险累积。,异常由微小缺陷逐步发展为周期性冲击，检测指标随严重度上升而同步恶化。,0.6527,BINSP-00805,InspectionRecord,inspection
BFB-00806,BRG-00806,IR021,inner_race_fault,inner_race,severe,0.7615,结合振动、峭度和温升特征，内圈故障与装配阶段异常高度一致，优先追溯到 BASM-00806。,异常由微小缺陷逐步发展为周期性冲击，检测指标随严重度上升而同步恶化。,0.6219,BASM-00806,AssemblyRecord,assembly
BFB-00807,BRG-00807,B014,rolling_element_fault,rolling_element,medium,0.6946,诊断结果显示轴承出现中等滚动体故障，根因更可能来自运维阶段实体 BOPR-00807 的风险累积。,风险首先在运维阶段形成隐患，运行中持续放大，并通过温度与振动指标表现出来。,0.6644,BOPR-00807,MaintenanceRecord,operation
BFB-00808,BRG-00808,B007,rolling_element_fault,rolling_element,slight,0.6896,诊断结果显示轴承出现轻微滚动体故障，根因更可能来自材料阶段实体 BMAT-00481 的风险累积。,异常由微小缺陷逐步发展为周期性冲击，检测指标随严重度上升而同步恶化。,0.6747,BMAT-00481,MaterialBatch,material
BFB-00809,BRG-00809,IR007,inner_race_fault,inner_race,slight,0.7119,该样本的生命周期风险在装配阶段较突出，能够解释当前轻微内圈故障的主要失效模式。,异常由微小缺陷逐步发展为周期性冲击，检测指标随严重度上升而同步恶化。,0.6202,BASM-00809,AssemblyRecord,assembly
BFB-00810,BRG-00810,IR021,inner_race_fault,inner_race,severe,0.7213,结合振动、峭度和温升特征，内圈故障与材料阶段异常高度一致，优先追溯到 BMAT-00257。,风险首先在材料阶段形成隐患，运行中持续放大，并通过温度与振动指标表现出来。,0.7344,BMAT-00257,MaterialBatch,material
BFB-00811,BRG-00811,IR014,inner_race_fault,inner_race,medium,0.6873,该样本的生命周期风险在材料阶段较突出，能够解释当前中等内圈故障的主要失效模式。,早期表现为局部接触应力升高，随后振动冲击增强，最终演化为中等内圈故障。,0.7022,BMAT-00465,MaterialBatch,material
BFB-00812,BRG-00812,OR021,outer_race_fault,outer_race,severe,0.8287,诊断结果显示轴承出现严重外圈故障，根因更可能来自运维阶段实体 BOPR-00812 的风险累积。,早期表现为局部接触应力升高，随后振动冲击增强，最终演化为严重外圈故障。,0.6546,BOPR-00812,MaintenanceRecord,operation
BFB-00813,BRG-00813,B014,rolling_element_fault,rolling_element,medium,0.6788,结合振动、峭度和温升特征，滚动体故障与装配阶段异常高度一致，优先追溯到 BASM-00813。,早期表现为局部接触应力升高，随后振动冲击增强，最终演化为中等滚动体故障。,0.6124,BASM-00813,AssemblyRecord,assembly
BFB-00814,BRG-00814,Normal,normal,none,normal,0.9373,该轴承样本生命周期风险较低，未形成明确故障追溯链。,运行状态平稳，检测指标未呈现持续恶化趋势。,0.8607,NORMAL_BASELINE,QualityFeedback,feedback
BFB-00815,BRG-00815,OR014,outer_race_fault,outer_race,medium,0.6684,该样本的生命周期风险在装配阶段较突出，能够解释当前中等外圈故障的主要失效模式。,异常由微小缺陷逐步发展为周期性冲击，检测指标随严重度上升而同步恶化。,0.7042,BASM-00815,AssemblyRecord,assembly
BFB-00816,BRG-00816,Normal,normal,none,normal,0.8817,该轴承样本生命周期风险较低，未形成明确故障追溯链。,运行状态平稳，检测指标未呈现持续恶化趋势。,0.8707,NORMAL_BASELINE,QualityFeedback,feedback
BFB-00817,BRG-00817,Normal,normal,none,normal,0.8885,该轴承样本生命周期风险较低，未形成明确故障追溯链。,运行状态平稳，检测指标未呈现持续恶化趋势。,0.8972,NORMAL_BASELINE,QualityFeedback,feedback
BFB-00818,BRG-00818,Normal,normal,none,normal,0.9514,该轴承样本生命周期风险较低，未形成明确故障追溯链。,运行状态平稳，检测指标未呈现持续恶化趋势。,0.8965,NORMAL_BASELINE,QualityFeedback,feedback
BFB-00819,BRG-00819,IR021,inner_race_fault,inner_race,severe,0.649,结合振动、峭度和温升特征，内圈故障与制造阶段异常高度一致，优先追溯到 BMAN-00177。,风险首先在制造阶段形成隐患，运行中持续放大，并通过温度与振动指标表现出来。,0.717,BMAN-00177,ManufacturingBatch,manufacturing
BFB-00820,BRG-00820,OR014,outer_race_fault,outer_race,medium,0.702,结合振动、峭度和温升特征，外圈故障与装配阶段异常高度一致，优先追溯到 BASM-00820。,异常由微小缺陷逐步发展为周期性冲击，检测指标随严重度上升而同步恶化。,0.6649,BASM-00820,AssemblyRecord,assembly
BFB-00821,BRG-00821,B014,rolling_element_fault,rolling_element,medium,0.6922,该样本的生命周期风险在材料阶段较突出，能够解释当前中等滚动体故障的主要失效模式。,异常由微小缺陷逐步发展为周期性冲击，检测指标随严重度上升而同步恶化。,0.7589,BMAT-00076,MaterialBatch,material
BFB-00822,BRG-00822,IR007,inner_race_fault,inner_race,slight,0.691,结合振动、峭度和温升特征，内圈故障与装配阶段异常高度一致，优先追溯到 BASM-00822。,早期表现为局部接触应力升高，随后振动冲击增强，最终演化为轻微内圈故障。,0.6543,BASM-00822,AssemblyRecord,assembly
BFB-00823,BRG-00823,B014,rolling_element_fault,rolling_element,medium,0.7395,结合振动、峭度和温升特征，滚动体故障与制造阶段异常高度一致，优先追溯到 BMAN-00125。,早期表现为局部接触应力升高，随后振动冲击增强，最终演化为中等滚动体故障。,0.6582,BMAN-00125,ManufacturingBatch,manufacturing
BFB-00824,BRG-00824,B007,rolling_element_fault,rolling_element,slight,0.7205,该样本的生命周期风险在装配阶段较突出，能够解释当前轻微滚动体故障的主要失效模式。,异常由微小缺陷逐步发展为周期性冲击，检测指标随严重度上升而同步恶化。,0.5988,BASM-00824,AssemblyRecord,assembly
BFB-00825,BRG-00825,B007,rolling_element_fault,rolling_element,slight,0.7247,结合振动、峭度和温升特征，滚动体故障与材料阶段异常高度一致，优先追溯到 BMAT-00213。,风险首先在材料阶段形成隐患，运行中持续放大，并通过温度与振动指标表现出来。,0.652,BMAT-00213,MaterialBatch,material
BFB-00826,BRG-00826,B007,rolling_element_fault,rolling_element,slight,0.665,该样本的生命周期风险在制造阶段较突出，能够解释当前轻微滚动体故障的主要失效模式。,风险首先在制造阶段形成隐患，运行中持续放大，并通过温度与振动指标表现出来。,0.685,BMAN-00674,ManufacturingBatch,manufacturing
BFB-00827,BRG-00827,OR007,outer_race_fault,outer_race,slight,0.6318,诊断结果显示轴承出现轻微外圈故障，根因更可能来自材料阶段实体 BMAT-00197 的风险累积。,早期表现为局部接触应力升高，随后振动冲击增强，最终演化为轻微外圈故障。,0.7335,BMAT-00197,MaterialBatch,material
BFB-00828,BRG-00828,IR014,inner_race_fault,inner_race,medium,0.7487,诊断结果显示轴承出现中等内圈故障，根因更可能来自装配阶段实体 BASM-00828 的风险累积。,早期表现为局部接触应力升高，随后振动冲击增强，最终演化为中等内圈故障。,0.6554,BASM-00828,AssemblyRecord,assembly
BFB-00829,BRG-00829,IR007,inner_race_fault,inner_race,slight,0.7183,该样本的生命周期风险在装配阶段较突出，能够解释当前轻微内圈故障的主要失效模式。,早期表现为局部接触应力升高，随后振动冲击增强，最终演化为轻微内圈故障。,0.5954,BASM-00829,AssemblyRecord,assembly
BFB-00830,BRG-00830,IR014,inner_race_fault,inner_race,medium,0.7161,结合振动、峭度和温升特征，内圈故障与制造阶段异常高度一致，优先追溯到 BMAN-00045。,风险首先在制造阶段形成隐患，运行中持续放大，并通过温度与振动指标表现出来。,0.7538,BMAN-00045,ManufacturingBatch,manufacturing
BFB-00831,BRG-00831,B014,rolling_element_fault,rolling_element,medium,0.6707,诊断结果显示轴承出现中等滚动体故障，根因更可能来自装配阶段实体 BASM-00831 的风险累积。,风险首先在装配阶段形成隐患，运行中持续放大，并通过温度与振动指标表现出来。,0.6936,BASM-00831,AssemblyRecord,assembly
BFB-00832,BRG-00832,B007,rolling_element_fault,rolling_element,slight,0.7002,结合振动、峭度和温升特征，滚动体故障与设计阶段异常高度一致，优先追溯到 BDES-00452。,风险首先在设计阶段形成隐患，运行中持续放大，并通过温度与振动指标表现出来。,0.6553,BDES-00452,BearingDesignSpec,design
BFB-00833,BRG-00833,OR021,outer_race_fault,outer_race,severe,0.7399,该样本的生命周期风险在材料阶段较突出，能够解释当前严重外圈故障的主要失效模式。,早期表现为局部接触应力升高，随后振动冲击增强，最终演化为严重外圈故障。,0.7182,BMAT-00170,MaterialBatch,material
BFB-00834,BRG-00834,B007,rolling_element_fault,rolling_element,slight,0.6895,该样本的生命周期风险在检测阶段较突出，能够解释当前轻微滚动体故障的主要失效模式。,异常由微小缺陷逐步发展为周期性冲击，检测指标随严重度上升而同步恶化。,0.7022,BINSP-00834,InspectionRecord,inspection
BFB-00835,BRG-00835,OR014,outer_race_fault,outer_race,medium,0.7456,诊断结果显示轴承出现中等外圈故障，根因更可能来自设计阶段实体 BDES-00168 的风险累积。,风险首先在设计阶段形成隐患，运行中持续放大，并通过温度与振动指标表现出来。,0.6465,BDES-00168,BearingDesignSpec,design
BFB-00836,BRG-00836,IR007,inner_race_fault,inner_race,slight,0.6494,诊断结果显示轴承出现轻微内圈故障，根因更可能来自装配阶段实体 BASM-00836 的风险累积。,风险首先在装配阶段形成隐患，运行中持续放大，并通过温度与振动指标表现出来。,0.6783,BASM-00836,AssemblyRecord,assembly
BFB-00837,BRG-00837,OR014,outer_race_fault,outer_race,medium,0.683,该样本的生命周期风险在制造阶段较突出，能够解释当前中等外圈故障的主要失效模式。,风险首先在制造阶段形成隐患，运行中持续放大，并通过温度与振动指标表现出来。,0.6813,BMAN-00559,ManufacturingBatch,manufacturing
BFB-00838,BRG-00838,Normal,normal,none,normal,0.9201,该轴承样本生命周期风险较低，未形成明确故障追溯链。,运行状态平稳，检测指标未呈现持续恶化趋势。,0.8785,NORMAL_BASELINE,QualityFeedback,feedback
BFB-00839,BRG-00839,B014,rolling_element_fault,rolling_element,medium,0.7246,结合振动、峭度和温升特征，滚动体故障与设计阶段异常高度一致，优先追溯到 BDES-00798。,异常由微小缺陷逐步发展为周期性冲击，检测指标随严重度上升而同步恶化。,0.7369,BDES-00798,BearingDesignSpec,design
BFB-00840,BRG-00840,IR007,inner_race_fault,inner_race,slight,0.7015,诊断结果显示轴承出现轻微内圈故障，根因更可能来自材料阶段实体 BMAT-00249 的风险累积。,风险首先在材料阶段形成隐患，运行中持续放大，并通过温度与振动指标表现出来。,0.6159,BMAT-00249,MaterialBatch,material
BFB-00841,BRG-00841,Normal,normal,none,normal,0.9103,该轴承样本生命周期风险较低，未形成明确故障追溯链。,运行状态平稳，检测指标未呈现持续恶化趋势。,0.8454,NORMAL_BASELINE,QualityFeedback,feedback
BFB-00842,BRG-00842,B014,rolling_element_fault,rolling_element,medium,0.681,结合振动、峭度和温升特征，滚动体故障与制造阶段异常高度一致，优先追溯到 BMAN-00521。,早期表现为局部接触应力升高，随后振动冲击增强，最终演化为中等滚动体故障。,0.7293,BMAN-00521,ManufacturingBatch,manufacturing
BFB-00843,BRG-00843,IR014,inner_race_fault,inner_race,medium,0.7161,该样本的生命周期风险在装配阶段较突出，能够解释当前中等内圈故障的主要失效模式。,异常由微小缺陷逐步发展为周期性冲击，检测指标随严重度上升而同步恶化。,0.6545,BASM-00843,AssemblyRecord,assembly
BFB-00844,BRG-00844,OR014,outer_race_fault,outer_race,medium,0.7668,诊断结果显示轴承出现中等外圈故障，根因更可能来自制造阶段实体 BMAN-00478 的风险累积。,早期表现为局部接触应力升高，随后振动冲击增强，最终演化为中等外圈故障。,0.5997,BMAN-00478,ManufacturingBatch,manufacturing
BFB-00845,BRG-00845,Normal,normal,none,normal,0.9048,该轴承样本生命周期风险较低，未形成明确故障追溯链。,运行状态平稳，检测指标未呈现持续恶化趋势。,0.8083,NORMAL_BASELINE,QualityFeedback,feedback
BFB-00846,BRG-00846,B014,rolling_element_fault,rolling_element,medium,0.6979,该样本的生命周期风险在装配阶段较突出，能够解释当前中等滚动体故障的主要失效模式。,早期表现为局部接触应力升高，随后振动冲击增强，最终演化为中等滚动体故障。,0.7509,BASM-00846,AssemblyRecord,assembly
BFB-00847,BRG-00847,B007,rolling_element_fault,rolling_element,slight,0.7463,结合振动、峭度和温升特征，滚动体故障与运维阶段异常高度一致，优先追溯到 BOPR-00847。,风险首先在运维阶段形成隐患，运行中持续放大，并通过温度与振动指标表现出来。,0.7096,BOPR-00847,MaintenanceRecord,operation
BFB-00848,BRG-00848,OR007,outer_race_fault,outer_race,slight,0.6377,该样本的生命周期风险在制造阶段较突出，能够解释当前轻微外圈故障的主要失效模式。,异常由微小缺陷逐步发展为周期性冲击，检测指标随严重度上升而同步恶化。,0.6418,BMAN-00571,ManufacturingBatch,manufacturing
BFB-00849,BRG-00849,B014,rolling_element_fault,rolling_element,medium,0.6894,该样本的生命周期风险在装配阶段较突出，能够解释当前中等滚动体故障的主要失效模式。,风险首先在装配阶段形成隐患，运行中持续放大，并通过温度与振动指标表现出来。,0.6607,BASM-00849,AssemblyRecord,assembly
BFB-00850,BRG-00850,IR014,inner_race_fault,inner_race,medium,0.7154,诊断结果显示轴承出现中等内圈故障，根因更可能来自制造阶段实体 BMAN-01024 的风险累积。,异常由微小缺陷逐步发展为周期性冲击，检测指标随严重度上升而同步恶化。,0.6926,BMAN-01024,ManufacturingBatch,manufacturing
BFB-00851,BRG-00851,OR007,outer_race_fault,outer_race,slight,0.7127,结合振动、峭度和温升特征，外圈故障与运维阶段异常高度一致，优先追溯到 BOPR-00851。,异常由微小缺陷逐步发展为周期性冲击，检测指标随严重度上升而同步恶化。,0.6682,BOPR-00851,MaintenanceRecord,operation
BFB-00852,BRG-00852,IR014,inner_race_fault,inner_race,medium,0.6993,诊断结果显示轴承出现中等内圈故障，根因更可能来自制造阶段实体 BMAN-00261 的风险累积。,风险首先在制造阶段形成隐患，运行中持续放大，并通过温度与振动指标表现出来。,0.6468,BMAN-00261,ManufacturingBatch,manufacturing
BFB-00853,BRG-00853,OR021,outer_race_fault,outer_race,severe,0.7872,结合振动、峭度和温升特征，外圈故障与制造阶段异常高度一致，优先追溯到 BMAN-00034。,风险首先在制造阶段形成隐患，运行中持续放大，并通过温度与振动指标表现出来。,0.7309,BMAN-00034,ManufacturingBatch,manufacturing
BFB-00854,BRG-00854,OR007,outer_race_fault,outer_race,slight,0.6547,该样本的生命周期风险在设计阶段较突出，能够解释当前轻微外圈故障的主要失效模式。,异常由微小缺陷逐步发展为周期性冲击，检测指标随严重度上升而同步恶化。,0.7103,BDES-00214,BearingDesignSpec,design
BFB-00855,BRG-00855,OR007,outer_race_fault,outer_race,slight,0.7156,该样本的生命周期风险在设计阶段较突出，能够解释当前轻微外圈故障的主要失效模式。,风险首先在设计阶段形成隐患，运行中持续放大，并通过温度与振动指标表现出来。,0.6732,BDES-00688,BearingDesignSpec,design
BFB-00856,BRG-00856,IR014,inner_race_fault,inner_race,medium,0.6994,诊断结果显示轴承出现中等内圈故障，根因更可能来自材料阶段实体 BMAT-00027 的风险累积。,风险首先在材料阶段形成隐患，运行中持续放大，并通过温度与振动指标表现出来。,0.7508,BMAT-00027,MaterialBatch,material
BFB-00857,BRG-00857,Normal,normal,none,normal,0.929,该轴承样本生命周期风险较低，未形成明确故障追溯链。,运行状态平稳，检测指标未呈现持续恶化趋势。,0.8561,NORMAL_BASELINE,QualityFeedback,feedback
BFB-00858,BRG-00858,IR014,inner_race_fault,inner_race,medium,0.7362,诊断结果显示轴承出现中等内圈故障，根因更可能来自制造阶段实体 BMAN-00606 的风险累积。,风险首先在制造阶段形成隐患，运行中持续放大，并通过温度与振动指标表现出来。,0.6578,BMAN-00606,ManufacturingBatch,manufacturing
BFB-00859,BRG-00859,IR014,inner_race_fault,inner_race,medium,0.704,结合振动、峭度和温升特征，内圈故障与制造阶段异常高度一致，优先追溯到 BMAN-00836。,早期表现为局部接触应力升高，随后振动冲击增强，最终演化为中等内圈故障。,0.6007,BMAN-00836,ManufacturingBatch,manufacturing
BFB-00860,BRG-00860,B021,rolling_element_fault,rolling_element,severe,0.6539,该样本的生命周期风险在制造阶段较突出，能够解释当前严重滚动体故障的主要失效模式。,异常由微小缺陷逐步发展为周期性冲击，检测指标随严重度上升而同步恶化。,0.5387,BMAN-00013,ManufacturingBatch,manufacturing
BFB-00861,BRG-00861,B007,rolling_element_fault,rolling_element,slight,0.6827,诊断结果显示轴承出现轻微滚动体故障，根因更可能来自装配阶段实体 BASM-00861 的风险累积。,风险首先在装配阶段形成隐患，运行中持续放大，并通过温度与振动指标表现出来。,0.5983,BASM-00861,AssemblyRecord,assembly
BFB-00862,BRG-00862,OR014,outer_race_fault,outer_race,medium,0.8106,诊断结果显示轴承出现中等外圈故障，根因更可能来自材料阶段实体 BMAT-00127 的风险累积。,风险首先在材料阶段形成隐患，运行中持续放大，并通过温度与振动指标表现出来。,0.6518,BMAT-00127,MaterialBatch,material
BFB-00863,BRG-00863,B014,rolling_element_fault,rolling_element,medium,0.6828,该样本的生命周期风险在运维阶段较突出，能够解释当前中等滚动体故障的主要失效模式。,早期表现为局部接触应力升高，随后振动冲击增强，最终演化为中等滚动体故障。,0.6287,BOPR-00863,MaintenanceRecord,operation
BFB-00864,BRG-00864,OR014,outer_race_fault,outer_race,medium,0.7049,该样本的生命周期风险在装配阶段较突出，能够解释当前中等外圈故障的主要失效模式。,风险首先在装配阶段形成隐患，运行中持续放大，并通过温度与振动指标表现出来。,0.6596,BASM-00864,AssemblyRecord,assembly
BFB-00865,BRG-00865,B021,rolling_element_fault,rolling_element,severe,0.6578,结合振动、峭度和温升特征，滚动体故障与制造阶段异常高度一致，优先追溯到 BMAN-00531。,异常由微小缺陷逐步发展为周期性冲击，检测指标随严重度上升而同步恶化。,0.6798,BMAN-00531,ManufacturingBatch,manufacturing
BFB-00866,BRG-00866,Normal,normal,none,normal,0.8861,该轴承样本生命周期风险较低，未形成明确故障追溯链。,运行状态平稳，检测指标未呈现持续恶化趋势。,0.895,NORMAL_BASELINE,QualityFeedback,feedback
BFB-00867,BRG-00867,IR021,inner_race_fault,inner_race,severe,0.7217,该样本的生命周期风险在设计阶段较突出，能够解释当前严重内圈故障的主要失效模式。,风险首先在设计阶段形成隐患，运行中持续放大，并通过温度与振动指标表现出来。,0.6957,BDES-00175,BearingDesignSpec,design
BFB-00868,BRG-00868,Normal,normal,none,normal,0.9376,该轴承样本生命周期风险较低，未形成明确故障追溯链。,运行状态平稳，检测指标未呈现持续恶化趋势。,0.8086,NORMAL_BASELINE,QualityFeedback,feedback
BFB-00869,BRG-00869,Normal,normal,none,normal,0.9532,该轴承样本生命周期风险较低，未形成明确故障追溯链。,运行状态平稳，检测指标未呈现持续恶化趋势。,0.8695,NORMAL_BASELINE,QualityFeedback,feedback
BFB-00870,BRG-00870,B014,rolling_element_fault,rolling_element,medium,0.6522,该样本的生命周期风险在制造阶段较突出，能够解释当前中等滚动体故障的主要失效模式。,早期表现为局部接触应力升高，随后振动冲击增强，最终演化为中等滚动体故障。,0.6479,BMAN-00559,ManufacturingBatch,manufacturing
BFB-00871,BRG-00871,IR014,inner_race_fault,inner_race,medium,0.6239,该样本的生命周期风险在检测阶段较突出，能够解释当前中等内圈故障的主要失效模式。,风险首先在检测阶段形成隐患，运行中持续放大，并通过温度与振动指标表现出来。,0.6143,BINSP-00871,InspectionRecord,inspection
BFB-00872,BRG-00872,OR007,outer_race_fault,outer_race,slight,0.6634,诊断结果显示轴承出现轻微外圈故障，根因更可能来自材料阶段实体 BMAT-00447 的风险累积。,早期表现为局部接触应力升高，随后振动冲击增强，最终演化为轻微外圈故障。,0.6883,BMAT-00447,MaterialBatch,material
BFB-00873,BRG-00873,IR021,inner_race_fault,inner_race,severe,0.7148,该样本的生命周期风险在运维阶段较突出，能够解释当前严重内圈故障的主要失效模式。,风险首先在运维阶段形成隐患，运行中持续放大，并通过温度与振动指标表现出来。,0.7121,BOPR-00873,MaintenanceRecord,operation
BFB-00874,BRG-00874,Normal,normal,none,normal,0.8993,该轴承样本生命周期风险较低，未形成明确故障追溯链。,运行状态平稳，检测指标未呈现持续恶化趋势。,0.7899,NORMAL_BASELINE,QualityFeedback,feedback
BFB-00875,BRG-00875,B014,rolling_element_fault,rolling_element,medium,0.7468,结合振动、峭度和温升特征，滚动体故障与检测阶段异常高度一致，优先追溯到 BINSP-00875。,风险首先在检测阶段形成隐患，运行中持续放大，并通过温度与振动指标表现出来。,0.7219,BINSP-00875,InspectionRecord,inspection
BFB-00876,BRG-00876,B021,rolling_element_fault,rolling_element,severe,0.7237,诊断结果显示轴承出现严重滚动体故障，根因更可能来自检测阶段实体 BINSP-00876 的风险累积。,风险首先在检测阶段形成隐患，运行中持续放大，并通过温度与振动指标表现出来。,0.7226,BINSP-00876,InspectionRecord,inspection
BFB-00877,BRG-00877,OR014,outer_race_fault,outer_race,medium,0.7531,诊断结果显示轴承出现中等外圈故障，根因更可能来自运维阶段实体 BOPR-00877 的风险累积。,异常由微小缺陷逐步发展为周期性冲击，检测指标随严重度上升而同步恶化。,0.6855,BOPR-00877,MaintenanceRecord,operation
BFB-00878,BRG-00878,Normal,normal,none,normal,0.9189,该轴承样本生命周期风险较低，未形成明确故障追溯链。,运行状态平稳，检测指标未呈现持续恶化趋势。,0.8026,NORMAL_BASELINE,QualityFeedback,feedback
BFB-00879,BRG-00879,Normal,normal,none,normal,0.9082,该轴承样本生命周期风险较低，未形成明确故障追溯链。,运行状态平稳，检测指标未呈现持续恶化趋势。,0.8478,NORMAL_BASELINE,QualityFeedback,feedback
BFB-00880,BRG-00880,IR021,inner_race_fault,inner_race,severe,0.7655,该样本的生命周期风险在装配阶段较突出，能够解释当前严重内圈故障的主要失效模式。,异常由微小缺陷逐步发展为周期性冲击，检测指标随严重度上升而同步恶化。,0.7604,BASM-00880,AssemblyRecord,assembly
BFB-00881,BRG-00881,IR021,inner_race_fault,inner_race,severe,0.803,该样本的生命周期风险在制造阶段较突出，能够解释当前严重内圈故障的主要失效模式。,异常由微小缺陷逐步发展为周期性冲击，检测指标随严重度上升而同步恶化。,0.7269,BMAN-00534,ManufacturingBatch,manufacturing
BFB-00882,BRG-00882,B014,rolling_element_fault,rolling_element,medium,0.6391,诊断结果显示轴承出现中等滚动体故障，根因更可能来自设计阶段实体 BDES-00300 的风险累积。,异常由微小缺陷逐步发展为周期性冲击，检测指标随严重度上升而同步恶化。,0.622,BDES-00300,BearingDesignSpec,design
BFB-00883,BRG-00883,OR021,outer_race_fault,outer_race,severe,0.7641,结合振动、峭度和温升特征，外圈故障与制造阶段异常高度一致，优先追溯到 BMAN-00717。,异常由微小缺陷逐步发展为周期性冲击，检测指标随严重度上升而同步恶化。,0.5687,BMAN-00717,ManufacturingBatch,manufacturing
BFB-00884,BRG-00884,IR007,inner_race_fault,inner_race,slight,0.6818,该样本的生命周期风险在材料阶段较突出，能够解释当前轻微内圈故障的主要失效模式。,风险首先在材料阶段形成隐患，运行中持续放大，并通过温度与振动指标表现出来。,0.5728,BMAT-00443,MaterialBatch,material
BFB-00885,BRG-00885,IR014,inner_race_fault,inner_race,medium,0.6998,诊断结果显示轴承出现中等内圈故障，根因更可能来自运维阶段实体 BOPR-00885 的风险累积。,异常由微小缺陷逐步发展为周期性冲击，检测指标随严重度上升而同步恶化。,0.5427,BOPR-00885,MaintenanceRecord,operation
BFB-00886,BRG-00886,OR007,outer_race_fault,outer_race,slight,0.6844,诊断结果显示轴承出现轻微外圈故障，根因更可能来自制造阶段实体 BMAN-00604 的风险累积。,风险首先在制造阶段形成隐患，运行中持续放大，并通过温度与振动指标表现出来。,0.7144,BMAN-00604,ManufacturingBatch,manufacturing
BFB-00887,BRG-00887,B014,rolling_element_fault,rolling_element,medium,0.6157,该样本的生命周期风险在运维阶段较突出，能够解释当前中等滚动体故障的主要失效模式。,异常由微小缺陷逐步发展为周期性冲击，检测指标随严重度上升而同步恶化。,0.6355,BOPR-00887,MaintenanceRecord,operation
BFB-00888,BRG-00888,B014,rolling_element_fault,rolling_element,medium,0.7249,结合振动、峭度和温升特征，滚动体故障与装配阶段异常高度一致，优先追溯到 BASM-00888。,异常由微小缺陷逐步发展为周期性冲击，检测指标随严重度上升而同步恶化。,0.6891,BASM-00888,AssemblyRecord,assembly
BFB-00889,BRG-00889,OR014,outer_race_fault,outer_race,medium,0.6981,该样本的生命周期风险在制造阶段较突出，能够解释当前中等外圈故障的主要失效模式。,异常由微小缺陷逐步发展为周期性冲击，检测指标随严重度上升而同步恶化。,0.6111,BMAN-00643,ManufacturingBatch,manufacturing
BFB-00890,BRG-00890,B014,rolling_element_fault,rolling_element,medium,0.7884,诊断结果显示轴承出现中等滚动体故障，根因更可能来自设计阶段实体 BDES-00133 的风险累积。,早期表现为局部接触应力升高，随后振动冲击增强，最终演化为中等滚动体故障。,0.6569,BDES-00133,BearingDesignSpec,design
BFB-00891,BRG-00891,OR021,outer_race_fault,outer_race,severe,0.7549,结合振动、峭度和温升特征，外圈故障与装配阶段异常高度一致，优先追溯到 BASM-00891。,风险首先在装配阶段形成隐患，运行中持续放大，并通过温度与振动指标表现出来。,0.6005,BASM-00891,AssemblyRecord,assembly
BFB-00892,BRG-00892,OR021,outer_race_fault,outer_race,severe,0.726,结合振动、峭度和温升特征，外圈故障与设计阶段异常高度一致，优先追溯到 BDES-00035。,早期表现为局部接触应力升高，随后振动冲击增强，最终演化为严重外圈故障。,0.5991,BDES-00035,BearingDesignSpec,design
BFB-00893,BRG-00893,OR007,outer_race_fault,outer_race,slight,0.6643,诊断结果显示轴承出现轻微外圈故障，根因更可能来自制造阶段实体 BMAN-00937 的风险累积。,风险首先在制造阶段形成隐患，运行中持续放大，并通过温度与振动指标表现出来。,0.7226,BMAN-00937,ManufacturingBatch,manufacturing
BFB-00894,BRG-00894,OR014,outer_race_fault,outer_race,medium,0.6782,该样本的生命周期风险在装配阶段较突出，能够解释当前中等外圈故障的主要失效模式。,异常由微小缺陷逐步发展为周期性冲击，检测指标随严重度上升而同步恶化。,0.6341,BASM-00894,AssemblyRecord,assembly
BFB-00895,BRG-00895,B014,rolling_element_fault,rolling_element,medium,0.6493,该样本的生命周期风险在制造阶段较突出，能够解释当前中等滚动体故障的主要失效模式。,风险首先在制造阶段形成隐患，运行中持续放大，并通过温度与振动指标表现出来。,0.6606,BMAN-00262,ManufacturingBatch,manufacturing
BFB-00896,BRG-00896,B007,rolling_element_fault,rolling_element,slight,0.6556,结合振动、峭度和温升特征，滚动体故障与装配阶段异常高度一致，优先追溯到 BASM-00896。,异常由微小缺陷逐步发展为周期性冲击，检测指标随严重度上升而同步恶化。,0.6738,BASM-00896,AssemblyRecord,assembly
BFB-00897,BRG-00897,B007,rolling_element_fault,rolling_element,slight,0.6853,结合振动、峭度和温升特征，滚动体故障与设计阶段异常高度一致，优先追溯到 BDES-00162。,异常由微小缺陷逐步发展为周期性冲击，检测指标随严重度上升而同步恶化。,0.625,BDES-00162,BearingDesignSpec,design
BFB-00898,BRG-00898,B014,rolling_element_fault,rolling_element,medium,0.7023,该样本的生命周期风险在材料阶段较突出，能够解释当前中等滚动体故障的主要失效模式。,异常由微小缺陷逐步发展为周期性冲击，检测指标随严重度上升而同步恶化。,0.762,BMAT-00054,MaterialBatch,material
BFB-00899,BRG-00899,OR007,outer_race_fault,outer_race,slight,0.7314,结合振动、峭度和温升特征，外圈故障与运维阶段异常高度一致，优先追溯到 BOPR-00899。,早期表现为局部接触应力升高，随后振动冲击增强，最终演化为轻微外圈故障。,0.652,BOPR-00899,MaintenanceRecord,operation
BFB-00900,BRG-00900,B021,rolling_element_fault,rolling_element,severe,0.7882,结合振动、峭度和温升特征，滚动体故障与制造阶段异常高度一致，优先追溯到 BMAN-00059。,风险首先在制造阶段形成隐患，运行中持续放大，并通过温度与振动指标表现出来。,0.658,BMAN-00059,ManufacturingBatch,manufacturing
BFB-00901,BRG-00901,IR021,inner_race_fault,inner_race,severe,0.6642,该样本的生命周期风险在设计阶段较突出，能够解释当前严重内圈故障的主要失效模式。,异常由微小缺陷逐步发展为周期性冲击，检测指标随严重度上升而同步恶化。,0.6951,BDES-00129,BearingDesignSpec,design
BFB-00902,BRG-00902,B021,rolling_element_fault,rolling_element,severe,0.7302,诊断结果显示轴承出现严重滚动体故障，根因更可能来自制造阶段实体 BMAN-00171 的风险累积。,早期表现为局部接触应力升高，随后振动冲击增强，最终演化为严重滚动体故障。,0.6812,BMAN-00171,ManufacturingBatch,manufacturing
BFB-00903,BRG-00903,OR014,outer_race_fault,outer_race,medium,0.6618,结合振动、峭度和温升特征，外圈故障与制造阶段异常高度一致，优先追溯到 BMAN-01053。,异常由微小缺陷逐步发展为周期性冲击，检测指标随严重度上升而同步恶化。,0.7343,BMAN-01053,ManufacturingBatch,manufacturing
BFB-00904,BRG-00904,Normal,normal,none,normal,0.9417,该轴承样本生命周期风险较低，未形成明确故障追溯链。,运行状态平稳，检测指标未呈现持续恶化趋势。,0.803,NORMAL_BASELINE,QualityFeedback,feedback
BFB-00905,BRG-00905,B007,rolling_element_fault,rolling_element,slight,0.6365,结合振动、峭度和温升特征，滚动体故障与制造阶段异常高度一致，优先追溯到 BMAN-00416。,风险首先在制造阶段形成隐患，运行中持续放大，并通过温度与振动指标表现出来。,0.6597,BMAN-00416,ManufacturingBatch,manufacturing
BFB-00906,BRG-00906,IR014,inner_race_fault,inner_race,medium,0.6672,结合振动、峭度和温升特征，内圈故障与制造阶段异常高度一致，优先追溯到 BMAN-00590。,早期表现为局部接触应力升高，随后振动冲击增强，最终演化为中等内圈故障。,0.7483,BMAN-00590,ManufacturingBatch,manufacturing
BFB-00907,BRG-00907,B014,rolling_element_fault,rolling_element,medium,0.602,诊断结果显示轴承出现中等滚动体故障，根因更可能来自制造阶段实体 BMAN-00463 的风险累积。,早期表现为局部接触应力升高，随后振动冲击增强，最终演化为中等滚动体故障。,0.7225,BMAN-00463,ManufacturingBatch,manufacturing
BFB-00908,BRG-00908,OR021,outer_race_fault,outer_race,severe,0.6756,该样本的生命周期风险在装配阶段较突出，能够解释当前严重外圈故障的主要失效模式。,风险首先在装配阶段形成隐患，运行中持续放大，并通过温度与振动指标表现出来。,0.6673,BASM-00908,AssemblyRecord,assembly
BFB-00909,BRG-00909,B014,rolling_element_fault,rolling_element,medium,0.7624,诊断结果显示轴承出现中等滚动体故障，根因更可能来自材料阶段实体 BMAT-00270 的风险累积。,风险首先在材料阶段形成隐患，运行中持续放大，并通过温度与振动指标表现出来。,0.6944,BMAT-00270,MaterialBatch,material
BFB-00910,BRG-00910,B014,rolling_element_fault,rolling_element,medium,0.7089,结合振动、峭度和温升特征，滚动体故障与检测阶段异常高度一致，优先追溯到 BINSP-00910。,早期表现为局部接触应力升高，随后振动冲击增强，最终演化为中等滚动体故障。,0.6695,BINSP-00910,InspectionRecord,inspection
BFB-00911,BRG-00911,B007,rolling_element_fault,rolling_element,slight,0.7491,诊断结果显示轴承出现轻微滚动体故障，根因更可能来自制造阶段实体 BMAN-00083 的风险累积。,早期表现为局部接触应力升高，随后振动冲击增强，最终演化为轻微滚动体故障。,0.6263,BMAN-00083,ManufacturingBatch,manufacturing
BFB-00912,BRG-00912,OR014,outer_race_fault,outer_race,medium,0.7083,诊断结果显示轴承出现中等外圈故障，根因更可能来自装配阶段实体 BASM-00912 的风险累积。,风险首先在装配阶段形成隐患，运行中持续放大，并通过温度与振动指标表现出来。,0.7079,BASM-00912,AssemblyRecord,assembly
BFB-00913,BRG-00913,IR021,inner_race_fault,inner_race,severe,0.7087,诊断结果显示轴承出现严重内圈故障，根因更可能来自装配阶段实体 BASM-00913 的风险累积。,异常由微小缺陷逐步发展为周期性冲击，检测指标随严重度上升而同步恶化。,0.7497,BASM-00913,AssemblyRecord,assembly
BFB-00914,BRG-00914,B007,rolling_element_fault,rolling_element,slight,0.7369,结合振动、峭度和温升特征，滚动体故障与运维阶段异常高度一致，优先追溯到 BOPR-00914。,异常由微小缺陷逐步发展为周期性冲击，检测指标随严重度上升而同步恶化。,0.651,BOPR-00914,MaintenanceRecord,operation
BFB-00915,BRG-00915,OR014,outer_race_fault,outer_race,medium,0.7595,该样本的生命周期风险在制造阶段较突出，能够解释当前中等外圈故障的主要失效模式。,早期表现为局部接触应力升高，随后振动冲击增强，最终演化为中等外圈故障。,0.6509,BMAN-01147,ManufacturingBatch,manufacturing
BFB-00916,BRG-00916,B021,rolling_element_fault,rolling_element,severe,0.695,该样本的生命周期风险在制造阶段较突出，能够解释当前严重滚动体故障的主要失效模式。,风险首先在制造阶段形成隐患，运行中持续放大，并通过温度与振动指标表现出来。,0.7277,BMAN-01179,ManufacturingBatch,manufacturing
BFB-00917,BRG-00917,OR014,outer_race_fault,outer_race,medium,0.7512,该样本的生命周期风险在材料阶段较突出，能够解释当前中等外圈故障的主要失效模式。,风险首先在材料阶段形成隐患，运行中持续放大，并通过温度与振动指标表现出来。,0.6971,BMAT-00484,MaterialBatch,material
BFB-00918,BRG-00918,B007,rolling_element_fault,rolling_element,slight,0.6961,该样本的生命周期风险在材料阶段较突出，能够解释当前轻微滚动体故障的主要失效模式。,异常由微小缺陷逐步发展为周期性冲击，检测指标随严重度上升而同步恶化。,0.6814,BMAT-00055,MaterialBatch,material
BFB-00919,BRG-00919,IR007,inner_race_fault,inner_race,slight,0.7332,诊断结果显示轴承出现轻微内圈故障，根因更可能来自装配阶段实体 BASM-00919 的风险累积。,早期表现为局部接触应力升高，随后振动冲击增强，最终演化为轻微内圈故障。,0.8214,BASM-00919,AssemblyRecord,assembly
BFB-00920,BRG-00920,IR014,inner_race_fault,inner_race,medium,0.6638,该样本的生命周期风险在装配阶段较突出，能够解释当前中等内圈故障的主要失效模式。,早期表现为局部接触应力升高，随后振动冲击增强，最终演化为中等内圈故障。,0.6128,BASM-00920,AssemblyRecord,assembly
BFB-00921,BRG-00921,IR021,inner_race_fault,inner_race,severe,0.6928,该样本的生命周期风险在制造阶段较突出，能够解释当前严重内圈故障的主要失效模式。,异常由微小缺陷逐步发展为周期性冲击，检测指标随严重度上升而同步恶化。,0.7371,BMAN-01111,ManufacturingBatch,manufacturing
BFB-00922,BRG-00922,Normal,normal,none,normal,0.955,该轴承样本生命周期风险较低，未形成明确故障追溯链。,运行状态平稳，检测指标未呈现持续恶化趋势。,0.8249,NORMAL_BASELINE,QualityFeedback,feedback
BFB-00923,BRG-00923,IR021,inner_race_fault,inner_race,severe,0.7466,该样本的生命周期风险在制造阶段较突出，能够解释当前严重内圈故障的主要失效模式。,异常由微小缺陷逐步发展为周期性冲击，检测指标随严重度上升而同步恶化。,0.6295,BMAN-00861,ManufacturingBatch,manufacturing
BFB-00924,BRG-00924,IR007,inner_race_fault,inner_race,slight,0.7258,结合振动、峭度和温升特征，内圈故障与装配阶段异常高度一致，优先追溯到 BASM-00924。,异常由微小缺陷逐步发展为周期性冲击，检测指标随严重度上升而同步恶化。,0.6954,BASM-00924,AssemblyRecord,assembly
BFB-00925,BRG-00925,OR007,outer_race_fault,outer_race,slight,0.6345,诊断结果显示轴承出现轻微外圈故障，根因更可能来自装配阶段实体 BASM-00925 的风险累积。,异常由微小缺陷逐步发展为周期性冲击，检测指标随严重度上升而同步恶化。,0.5727,BASM-00925,AssemblyRecord,assembly
BFB-00926,BRG-00926,IR007,inner_race_fault,inner_race,slight,0.6502,诊断结果显示轴承出现轻微内圈故障，根因更可能来自装配阶段实体 BASM-00926 的风险累积。,风险首先在装配阶段形成隐患，运行中持续放大，并通过温度与振动指标表现出来。,0.6525,BASM-00926,AssemblyRecord,assembly
BFB-00927,BRG-00927,Normal,normal,none,normal,0.9448,该轴承样本生命周期风险较低，未形成明确故障追溯链。,运行状态平稳，检测指标未呈现持续恶化趋势。,0.8659,NORMAL_BASELINE,QualityFeedback,feedback
BFB-00928,BRG-00928,B014,rolling_element_fault,rolling_element,medium,0.6104,结合振动、峭度和温升特征，滚动体故障与材料阶段异常高度一致，优先追溯到 BMAT-00206。,早期表现为局部接触应力升高，随后振动冲击增强，最终演化为中等滚动体故障。,0.7132,BMAT-00206,MaterialBatch,material
BFB-00929,BRG-00929,B014,rolling_element_fault,rolling_element,medium,0.7347,诊断结果显示轴承出现中等滚动体故障，根因更可能来自设计阶段实体 BDES-00370 的风险累积。,异常由微小缺陷逐步发展为周期性冲击，检测指标随严重度上升而同步恶化。,0.6503,BDES-00370,BearingDesignSpec,design
BFB-00930,BRG-00930,Normal,normal,none,normal,0.8764,该轴承样本生命周期风险较低，未形成明确故障追溯链。,运行状态平稳，检测指标未呈现持续恶化趋势。,0.833,NORMAL_BASELINE,QualityFeedback,feedback
BFB-00931,BRG-00931,OR021,outer_race_fault,outer_race,severe,0.6708,诊断结果显示轴承出现严重外圈故障，根因更可能来自材料阶段实体 BMAT-00459 的风险累积。,异常由微小缺陷逐步发展为周期性冲击，检测指标随严重度上升而同步恶化。,0.7712,BMAT-00459,MaterialBatch,material
BFB-00932,BRG-00932,Normal,normal,none,normal,0.8988,该轴承样本生命周期风险较低，未形成明确故障追溯链。,运行状态平稳，检测指标未呈现持续恶化趋势。,0.8253,NORMAL_BASELINE,QualityFeedback,feedback
BFB-00933,BRG-00933,IR007,inner_race_fault,inner_race,slight,0.7729,诊断结果显示轴承出现轻微内圈故障，根因更可能来自制造阶段实体 BMAN-00150 的风险累积。,早期表现为局部接触应力升高，随后振动冲击增强，最终演化为轻微内圈故障。,0.6566,BMAN-00150,ManufacturingBatch,manufacturing
BFB-00934,BRG-00934,B007,rolling_element_fault,rolling_element,slight,0.7131,诊断结果显示轴承出现轻微滚动体故障，根因更可能来自材料阶段实体 BMAT-00130 的风险累积。,早期表现为局部接触应力升高，随后振动冲击增强，最终演化为轻微滚动体故障。,0.6441,BMAT-00130,MaterialBatch,material
BFB-00935,BRG-00935,OR021,outer_race_fault,outer_race,severe,0.7182,该样本的生命周期风险在材料阶段较突出，能够解释当前严重外圈故障的主要失效模式。,早期表现为局部接触应力升高，随后振动冲击增强，最终演化为严重外圈故障。,0.7083,BMAT-00397,MaterialBatch,material
BFB-00936,BRG-00936,IR007,inner_race_fault,inner_race,slight,0.6562,诊断结果显示轴承出现轻微内圈故障，根因更可能来自材料阶段实体 BMAT-00376 的风险累积。,早期表现为局部接触应力升高，随后振动冲击增强，最终演化为轻微内圈故障。,0.6606,BMAT-00376,MaterialBatch,material
BFB-00937,BRG-00937,B007,rolling_element_fault,rolling_element,slight,0.6994,该样本的生命周期风险在运维阶段较突出，能够解释当前轻微滚动体故障的主要失效模式。,异常由微小缺陷逐步发展为周期性冲击，检测指标随严重度上升而同步恶化。,0.6337,BOPR-00937,MaintenanceRecord,operation
BFB-00938,BRG-00938,IR007,inner_race_fault,inner_race,slight,0.6924,结合振动、峭度和温升特征，内圈故障与装配阶段异常高度一致，优先追溯到 BASM-00938。,早期表现为局部接触应力升高，随后振动冲击增强，最终演化为轻微内圈故障。,0.7014,BASM-00938,AssemblyRecord,assembly
BFB-00939,BRG-00939,OR007,outer_race_fault,outer_race,slight,0.7737,结合振动、峭度和温升特征，外圈故障与制造阶段异常高度一致，优先追溯到 BMAN-00385。,早期表现为局部接触应力升高，随后振动冲击增强，最终演化为轻微外圈故障。,0.6466,BMAN-00385,ManufacturingBatch,manufacturing
BFB-00940,BRG-00940,B021,rolling_element_fault,rolling_element,severe,0.7377,结合振动、峭度和温升特征，滚动体故障与运维阶段异常高度一致，优先追溯到 BOPR-00940。,早期表现为局部接触应力升高，随后振动冲击增强，最终演化为严重滚动体故障。,0.7653,BOPR-00940,MaintenanceRecord,operation
BFB-00941,BRG-00941,B014,rolling_element_fault,rolling_element,medium,0.7309,诊断结果显示轴承出现中等滚动体故障，根因更可能来自材料阶段实体 BMAT-00090 的风险累积。,异常由微小缺陷逐步发展为周期性冲击，检测指标随严重度上升而同步恶化。,0.6872,BMAT-00090,MaterialBatch,material
BFB-00942,BRG-00942,B014,rolling_element_fault,rolling_element,medium,0.6856,该样本的生命周期风险在设计阶段较突出，能够解释当前中等滚动体故障的主要失效模式。,异常由微小缺陷逐步发展为周期性冲击，检测指标随严重度上升而同步恶化。,0.6995,BDES-00299,BearingDesignSpec,design
BFB-00943,BRG-00943,OR014,outer_race_fault,outer_race,medium,0.6777,结合振动、峭度和温升特征，外圈故障与设计阶段异常高度一致，优先追溯到 BDES-00499。,风险首先在设计阶段形成隐患，运行中持续放大，并通过温度与振动指标表现出来。,0.5797,BDES-00499,BearingDesignSpec,design
BFB-00944,BRG-00944,B014,rolling_element_fault,rolling_element,medium,0.6845,结合振动、峭度和温升特征，滚动体故障与装配阶段异常高度一致，优先追溯到 BASM-00944。,风险首先在装配阶段形成隐患，运行中持续放大，并通过温度与振动指标表现出来。,0.7296,BASM-00944,AssemblyRecord,assembly
BFB-00945,BRG-00945,OR014,outer_race_fault,outer_race,medium,0.7363,该样本的生命周期风险在检测阶段较突出，能够解释当前中等外圈故障的主要失效模式。,早期表现为局部接触应力升高，随后振动冲击增强，最终演化为中等外圈故障。,0.5378,BINSP-00945,InspectionRecord,inspection
BFB-00946,BRG-00946,OR021,outer_race_fault,outer_race,severe,0.7711,该样本的生命周期风险在运维阶段较突出，能够解释当前严重外圈故障的主要失效模式。,早期表现为局部接触应力升高，随后振动冲击增强，最终演化为严重外圈故障。,0.7189,BOPR-00946,MaintenanceRecord,operation
BFB-00947,BRG-00947,B021,rolling_element_fault,rolling_element,severe,0.775,结合振动、峭度和温升特征，滚动体故障与装配阶段异常高度一致，优先追溯到 BASM-00947。,早期表现为局部接触应力升高，随后振动冲击增强，最终演化为严重滚动体故障。,0.6849,BASM-00947,AssemblyRecord,assembly
BFB-00948,BRG-00948,IR007,inner_race_fault,inner_race,slight,0.6268,该样本的生命周期风险在运维阶段较突出，能够解释当前轻微内圈故障的主要失效模式。,风险首先在运维阶段形成隐患，运行中持续放大，并通过温度与振动指标表现出来。,0.6596,BOPR-00948,MaintenanceRecord,operation
BFB-00949,BRG-00949,OR007,outer_race_fault,outer_race,slight,0.6696,该样本的生命周期风险在制造阶段较突出，能够解释当前轻微外圈故障的主要失效模式。,异常由微小缺陷逐步发展为周期性冲击，检测指标随严重度上升而同步恶化。,0.7084,BMAN-00374,ManufacturingBatch,manufacturing
BFB-00950,BRG-00950,B014,rolling_element_fault,rolling_element,medium,0.7319,诊断结果显示轴承出现中等滚动体故障，根因更可能来自检测阶段实体 BINSP-00950 的风险累积。,异常由微小缺陷逐步发展为周期性冲击，检测指标随严重度上升而同步恶化。,0.7321,BINSP-00950,InspectionRecord,inspection
BFB-00951,BRG-00951,B021,rolling_element_fault,rolling_element,severe,0.6973,结合振动、峭度和温升特征，滚动体故障与制造阶段异常高度一致，优先追溯到 BMAN-00381。,异常由微小缺陷逐步发展为周期性冲击，检测指标随严重度上升而同步恶化。,0.7001,BMAN-00381,ManufacturingBatch,manufacturing
BFB-00952,BRG-00952,B007,rolling_element_fault,rolling_element,slight,0.6973,结合振动、峭度和温升特征，滚动体故障与材料阶段异常高度一致，优先追溯到 BMAT-00370。,早期表现为局部接触应力升高，随后振动冲击增强，最终演化为轻微滚动体故障。,0.695,BMAT-00370,MaterialBatch,material
BFB-00953,BRG-00953,IR007,inner_race_fault,inner_race,slight,0.737,结合振动、峭度和温升特征，内圈故障与制造阶段异常高度一致，优先追溯到 BMAN-00058。,早期表现为局部接触应力升高，随后振动冲击增强，最终演化为轻微内圈故障。,0.6652,BMAN-00058,ManufacturingBatch,manufacturing
BFB-00954,BRG-00954,Normal,normal,none,normal,0.8683,该轴承样本生命周期风险较低，未形成明确故障追溯链。,运行状态平稳，检测指标未呈现持续恶化趋势。,0.8416,NORMAL_BASELINE,QualityFeedback,feedback
BFB-00955,BRG-00955,OR014,outer_race_fault,outer_race,medium,0.6838,诊断结果显示轴承出现中等外圈故障，根因更可能来自运维阶段实体 BOPR-00955 的风险累积。,早期表现为局部接触应力升高，随后振动冲击增强，最终演化为中等外圈故障。,0.5969,BOPR-00955,MaintenanceRecord,operation
BFB-00956,BRG-00956,IR014,inner_race_fault,inner_race,medium,0.7507,诊断结果显示轴承出现中等内圈故障，根因更可能来自制造阶段实体 BMAN-00441 的风险累积。,早期表现为局部接触应力升高，随后振动冲击增强，最终演化为中等内圈故障。,0.6947,BMAN-00441,ManufacturingBatch,manufacturing
BFB-00957,BRG-00957,OR021,outer_race_fault,outer_race,severe,0.7707,诊断结果显示轴承出现严重外圈故障，根因更可能来自运维阶段实体 BOPR-00957 的风险累积。,异常由微小缺陷逐步发展为周期性冲击，检测指标随严重度上升而同步恶化。,0.7932,BOPR-00957,MaintenanceRecord,operation
BFB-00958,BRG-00958,Normal,normal,none,normal,0.9323,该轴承样本生命周期风险较低，未形成明确故障追溯链。,运行状态平稳，检测指标未呈现持续恶化趋势。,0.8998,NORMAL_BASELINE,QualityFeedback,feedback
BFB-00959,BRG-00959,B007,rolling_element_fault,rolling_element,slight,0.6783,结合振动、峭度和温升特征，滚动体故障与运维阶段异常高度一致，优先追溯到 BOPR-00959。,早期表现为局部接触应力升高，随后振动冲击增强，最终演化为轻微滚动体故障。,0.6503,BOPR-00959,MaintenanceRecord,operation
BFB-00960,BRG-00960,B007,rolling_element_fault,rolling_element,slight,0.7015,诊断结果显示轴承出现轻微滚动体故障，根因更可能来自材料阶段实体 BMAT-00203 的风险累积。,异常由微小缺陷逐步发展为周期性冲击，检测指标随严重度上升而同步恶化。,0.6283,BMAT-00203,MaterialBatch,material
BFB-00961,BRG-00961,IR021,inner_race_fault,inner_race,severe,0.7509,诊断结果显示轴承出现严重内圈故障，根因更可能来自检测阶段实体 BINSP-00961 的风险累积。,早期表现为局部接触应力升高，随后振动冲击增强，最终演化为严重内圈故障。,0.7276,BINSP-00961,InspectionRecord,inspection
BFB-00962,BRG-00962,IR007,inner_race_fault,inner_race,slight,0.6766,该样本的生命周期风险在装配阶段较突出，能够解释当前轻微内圈故障的主要失效模式。,早期表现为局部接触应力升高，随后振动冲击增强，最终演化为轻微内圈故障。,0.6567,BASM-00962,AssemblyRecord,assembly
BFB-00963,BRG-00963,OR007,outer_race_fault,outer_race,slight,0.6896,诊断结果显示轴承出现轻微外圈故障，根因更可能来自制造阶段实体 BMAN-00554 的风险累积。,风险首先在制造阶段形成隐患，运行中持续放大，并通过温度与振动指标表现出来。,0.7178,BMAN-00554,ManufacturingBatch,manufacturing
BFB-00964,BRG-00964,IR007,inner_race_fault,inner_race,slight,0.6849,结合振动、峭度和温升特征，内圈故障与装配阶段异常高度一致，优先追溯到 BASM-00964。,风险首先在装配阶段形成隐患，运行中持续放大，并通过温度与振动指标表现出来。,0.6555,BASM-00964,AssemblyRecord,assembly
BFB-00965,BRG-00965,OR021,outer_race_fault,outer_race,severe,0.6929,诊断结果显示轴承出现严重外圈故障，根因更可能来自制造阶段实体 BMAN-00859 的风险累积。,风险首先在制造阶段形成隐患，运行中持续放大，并通过温度与振动指标表现出来。,0.6919,BMAN-00859,ManufacturingBatch,manufacturing
BFB-00966,BRG-00966,B007,rolling_element_fault,rolling_element,slight,0.7288,结合振动、峭度和温升特征，滚动体故障与装配阶段异常高度一致，优先追溯到 BASM-00966。,早期表现为局部接触应力升高，随后振动冲击增强，最终演化为轻微滚动体故障。,0.6297,BASM-00966,AssemblyRecord,assembly
BFB-00967,BRG-00967,B021,rolling_element_fault,rolling_element,severe,0.7654,该样本的生命周期风险在检测阶段较突出，能够解释当前严重滚动体故障的主要失效模式。,早期表现为局部接触应力升高，随后振动冲击增强，最终演化为严重滚动体故障。,0.7652,BINSP-00967,InspectionRecord,inspection
BFB-00968,BRG-00968,B014,rolling_element_fault,rolling_element,medium,0.6944,该样本的生命周期风险在材料阶段较突出，能够解释当前中等滚动体故障的主要失效模式。,风险首先在材料阶段形成隐患，运行中持续放大，并通过温度与振动指标表现出来。,0.6702,BMAT-00496,MaterialBatch,material
BFB-00969,BRG-00969,OR021,outer_race_fault,outer_race,severe,0.6963,该样本的生命周期风险在材料阶段较突出，能够解释当前严重外圈故障的主要失效模式。,风险首先在材料阶段形成隐患，运行中持续放大，并通过温度与振动指标表现出来。,0.6796,BMAT-00294,MaterialBatch,material
BFB-00970,BRG-00970,B007,rolling_element_fault,rolling_element,slight,0.6636,诊断结果显示轴承出现轻微滚动体故障，根因更可能来自制造阶段实体 BMAN-00672 的风险累积。,早期表现为局部接触应力升高，随后振动冲击增强，最终演化为轻微滚动体故障。,0.6972,BMAN-00672,ManufacturingBatch,manufacturing
BFB-00971,BRG-00971,OR007,outer_race_fault,outer_race,slight,0.7281,该样本的生命周期风险在制造阶段较突出，能够解释当前轻微外圈故障的主要失效模式。,异常由微小缺陷逐步发展为周期性冲击，检测指标随严重度上升而同步恶化。,0.6468,BMAN-00554,ManufacturingBatch,manufacturing
BFB-00972,BRG-00972,B014,rolling_element_fault,rolling_element,medium,0.6892,结合振动、峭度和温升特征，滚动体故障与装配阶段异常高度一致，优先追溯到 BASM-00972。,早期表现为局部接触应力升高，随后振动冲击增强，最终演化为中等滚动体故障。,0.7388,BASM-00972,AssemblyRecord,assembly
BFB-00973,BRG-00973,OR007,outer_race_fault,outer_race,slight,0.7242,诊断结果显示轴承出现轻微外圈故障，根因更可能来自设计阶段实体 BDES-00792 的风险累积。,早期表现为局部接触应力升高，随后振动冲击增强，最终演化为轻微外圈故障。,0.7054,BDES-00792,BearingDesignSpec,design
BFB-00974,BRG-00974,OR014,outer_race_fault,outer_race,medium,0.7058,诊断结果显示轴承出现中等外圈故障，根因更可能来自材料阶段实体 BMAT-00349 的风险累积。,早期表现为局部接触应力升高，随后振动冲击增强，最终演化为中等外圈故障。,0.7478,BMAT-00349,MaterialBatch,material
BFB-00975,BRG-00975,OR007,outer_race_fault,outer_race,slight,0.7197,诊断结果显示轴承出现轻微外圈故障，根因更可能来自材料阶段实体 BMAT-00438 的风险累积。,早期表现为局部接触应力升高，随后振动冲击增强，最终演化为轻微外圈故障。,0.6739,BMAT-00438,MaterialBatch,material
BFB-00976,BRG-00976,B014,rolling_element_fault,rolling_element,medium,0.7428,结合振动、峭度和温升特征，滚动体故障与制造阶段异常高度一致，优先追溯到 BMAN-00701。,风险首先在制造阶段形成隐患，运行中持续放大，并通过温度与振动指标表现出来。,0.6815,BMAN-00701,ManufacturingBatch,manufacturing
BFB-00977,BRG-00977,B014,rolling_element_fault,rolling_element,medium,0.6675,诊断结果显示轴承出现中等滚动体故障，根因更可能来自制造阶段实体 BMAN-00923 的风险累积。,异常由微小缺陷逐步发展为周期性冲击，检测指标随严重度上升而同步恶化。,0.7212,BMAN-00923,ManufacturingBatch,manufacturing
BFB-00978,BRG-00978,OR007,outer_race_fault,outer_race,slight,0.6782,结合振动、峭度和温升特征，外圈故障与装配阶段异常高度一致，优先追溯到 BASM-00978。,早期表现为局部接触应力升高，随后振动冲击增强，最终演化为轻微外圈故障。,0.6638,BASM-00978,AssemblyRecord,assembly
BFB-00979,BRG-00979,OR021,outer_race_fault,outer_race,severe,0.7738,该样本的生命周期风险在材料阶段较突出，能够解释当前严重外圈故障的主要失效模式。,风险首先在材料阶段形成隐患，运行中持续放大，并通过温度与振动指标表现出来。,0.6903,BMAT-00194,MaterialBatch,material
BFB-00980,BRG-00980,IR014,inner_race_fault,inner_race,medium,0.7035,诊断结果显示轴承出现中等内圈故障，根因更可能来自制造阶段实体 BMAN-00625 的风险累积。,早期表现为局部接触应力升高，随后振动冲击增强，最终演化为中等内圈故障。,0.7339,BMAN-00625,ManufacturingBatch,manufacturing
BFB-00981,BRG-00981,B007,rolling_element_fault,rolling_element,slight,0.6442,结合振动、峭度和温升特征，滚动体故障与材料阶段异常高度一致，优先追溯到 BMAT-00279。,异常由微小缺陷逐步发展为周期性冲击，检测指标随严重度上升而同步恶化。,0.7192,BMAT-00279,MaterialBatch,material
BFB-00982,BRG-00982,OR014,outer_race_fault,outer_race,medium,0.7613,该样本的生命周期风险在装配阶段较突出，能够解释当前中等外圈故障的主要失效模式。,风险首先在装配阶段形成隐患，运行中持续放大，并通过温度与振动指标表现出来。,0.6908,BASM-00982,AssemblyRecord,assembly
BFB-00983,BRG-00983,IR014,inner_race_fault,inner_race,medium,0.6692,该样本的生命周期风险在制造阶段较突出，能够解释当前中等内圈故障的主要失效模式。,早期表现为局部接触应力升高，随后振动冲击增强，最终演化为中等内圈故障。,0.6158,BMAN-00566,ManufacturingBatch,manufacturing
BFB-00984,BRG-00984,IR014,inner_race_fault,inner_race,medium,0.6563,诊断结果显示轴承出现中等内圈故障，根因更可能来自制造阶段实体 BMAN-00157 的风险累积。,异常由微小缺陷逐步发展为周期性冲击，检测指标随严重度上升而同步恶化。,0.6023,BMAN-00157,ManufacturingBatch,manufacturing
BFB-00985,BRG-00985,IR014,inner_race_fault,inner_race,medium,0.6851,该样本的生命周期风险在制造阶段较突出，能够解释当前中等内圈故障的主要失效模式。,早期表现为局部接触应力升高，随后振动冲击增强，最终演化为中等内圈故障。,0.7902,BMAN-01043,ManufacturingBatch,manufacturing
BFB-00986,BRG-00986,OR007,outer_race_fault,outer_race,slight,0.7415,该样本的生命周期风险在制造阶段较突出，能够解释当前轻微外圈故障的主要失效模式。,早期表现为局部接触应力升高，随后振动冲击增强，最终演化为轻微外圈故障。,0.7144,BMAN-00390,ManufacturingBatch,manufacturing
BFB-00987,BRG-00987,OR021,outer_race_fault,outer_race,severe,0.7357,诊断结果显示轴承出现严重外圈故障，根因更可能来自装配阶段实体 BASM-00987 的风险累积。,早期表现为局部接触应力升高，随后振动冲击增强，最终演化为严重外圈故障。,0.737,BASM-00987,AssemblyRecord,assembly
BFB-00988,BRG-00988,Normal,normal,none,normal,0.9283,该轴承样本生命周期风险较低，未形成明确故障追溯链。,运行状态平稳，检测指标未呈现持续恶化趋势。,0.8026,NORMAL_BASELINE,QualityFeedback,feedback
BFB-00989,BRG-00989,B021,rolling_element_fault,rolling_element,severe,0.7788,结合振动、峭度和温升特征，滚动体故障与运维阶段异常高度一致，优先追溯到 BOPR-00989。,早期表现为局部接触应力升高，随后振动冲击增强，最终演化为严重滚动体故障。,0.7929,BOPR-00989,MaintenanceRecord,operation
BFB-00990,BRG-00990,B007,rolling_element_fault,rolling_element,slight,0.6458,该样本的生命周期风险在材料阶段较突出，能够解释当前轻微滚动体故障的主要失效模式。,早期表现为局部接触应力升高，随后振动冲击增强，最终演化为轻微滚动体故障。,0.6024,BMAT-00419,MaterialBatch,material
BFB-00991,BRG-00991,IR014,inner_race_fault,inner_race,medium,0.6966,该样本的生命周期风险在制造阶段较突出，能够解释当前中等内圈故障的主要失效模式。,早期表现为局部接触应力升高，随后振动冲击增强，最终演化为中等内圈故障。,0.6526,BMAN-01013,ManufacturingBatch,manufacturing
BFB-00992,BRG-00992,OR014,outer_race_fault,outer_race,medium,0.6769,该样本的生命周期风险在制造阶段较突出，能够解释当前中等外圈故障的主要失效模式。,风险首先在制造阶段形成隐患，运行中持续放大，并通过温度与振动指标表现出来。,0.6862,BMAN-00420,ManufacturingBatch,manufacturing
BFB-00993,BRG-00993,B021,rolling_element_fault,rolling_element,severe,0.7696,该样本的生命周期风险在装配阶段较突出，能够解释当前严重滚动体故障的主要失效模式。,早期表现为局部接触应力升高，随后振动冲击增强，最终演化为严重滚动体故障。,0.6797,BASM-00993,AssemblyRecord,assembly
BFB-00994,BRG-00994,B014,rolling_element_fault,rolling_element,medium,0.7785,结合振动、峭度和温升特征，滚动体故障与制造阶段异常高度一致，优先追溯到 BMAN-00261。,早期表现为局部接触应力升高，随后振动冲击增强，最终演化为中等滚动体故障。,0.6472,BMAN-00261,ManufacturingBatch,manufacturing
BFB-00995,BRG-00995,B007,rolling_element_fault,rolling_element,slight,0.7117,诊断结果显示轴承出现轻微滚动体故障，根因更可能来自制造阶段实体 BMAN-00775 的风险累积。,早期表现为局部接触应力升高，随后振动冲击增强，最终演化为轻微滚动体故障。,0.6833,BMAN-00775,ManufacturingBatch,manufacturing
BFB-00996,BRG-00996,B014,rolling_element_fault,rolling_element,medium,0.7515,诊断结果显示轴承出现中等滚动体故障，根因更可能来自装配阶段实体 BASM-00996 的风险累积。,风险首先在装配阶段形成隐患，运行中持续放大，并通过温度与振动指标表现出来。,0.6628,BASM-00996,AssemblyRecord,assembly
BFB-00997,BRG-00997,IR007,inner_race_fault,inner_race,slight,0.727,该样本的生命周期风险在制造阶段较突出，能够解释当前轻微内圈故障的主要失效模式。,风险首先在制造阶段形成隐患，运行中持续放大，并通过温度与振动指标表现出来。,0.6925,BMAN-00474,ManufacturingBatch,manufacturing
BFB-00998,BRG-00998,B021,rolling_element_fault,rolling_element,severe,0.7094,该样本的生命周期风险在制造阶段较突出，能够解释当前严重滚动体故障的主要失效模式。,风险首先在制造阶段形成隐患，运行中持续放大，并通过温度与振动指标表现出来。,0.7181,BMAN-01121,ManufacturingBatch,manufacturing
BFB-00999,BRG-00999,B021,rolling_element_fault,rolling_element,severe,0.7504,该样本的生命周期风险在装配阶段较突出，能够解释当前严重滚动体故障的主要失效模式。,早期表现为局部接触应力升高，随后振动冲击增强，最终演化为严重滚动体故障。,0.6534,BASM-00999,AssemblyRecord,assembly
BFB-01000,BRG-01000,OR007,outer_race_fault,outer_race,slight,0.6479,结合振动、峭度和温升特征，外圈故障与设计阶段异常高度一致，优先追溯到 BDES-00282。,风险首先在设计阶段形成隐患，运行中持续放大，并通过温度与振动指标表现出来。,0.6962,BDES-00282,BearingDesignSpec,design
BFB-01001,BRG-01001,OR021,outer_race_fault,outer_race,severe,0.746,诊断结果显示轴承出现严重外圈故障，根因更可能来自检测阶段实体 BINSP-01001 的风险累积。,风险首先在检测阶段形成隐患，运行中持续放大，并通过温度与振动指标表现出来。,0.748,BINSP-01001,InspectionRecord,inspection
BFB-01002,BRG-01002,IR007,inner_race_fault,inner_race,slight,0.7693,该样本的生命周期风险在材料阶段较突出，能够解释当前轻微内圈故障的主要失效模式。,早期表现为局部接触应力升高，随后振动冲击增强，最终演化为轻微内圈故障。,0.6069,BMAT-00037,MaterialBatch,material
BFB-01003,BRG-01003,B014,rolling_element_fault,rolling_element,medium,0.5988,结合振动、峭度和温升特征，滚动体故障与装配阶段异常高度一致，优先追溯到 BASM-01003。,早期表现为局部接触应力升高，随后振动冲击增强，最终演化为中等滚动体故障。,0.6379,BASM-01003,AssemblyRecord,assembly
BFB-01004,BRG-01004,OR021,outer_race_fault,outer_race,severe,0.7549,诊断结果显示轴承出现严重外圈故障，根因更可能来自制造阶段实体 BMAN-00820 的风险累积。,异常由微小缺陷逐步发展为周期性冲击，检测指标随严重度上升而同步恶化。,0.6954,BMAN-00820,ManufacturingBatch,manufacturing
BFB-01005,BRG-01005,Normal,normal,none,normal,0.9427,该轴承样本生命周期风险较低，未形成明确故障追溯链。,运行状态平稳，检测指标未呈现持续恶化趋势。,0.7833,NORMAL_BASELINE,QualityFeedback,feedback
BFB-01006,BRG-01006,OR007,outer_race_fault,outer_race,slight,0.7619,诊断结果显示轴承出现轻微外圈故障，根因更可能来自设计阶段实体 BDES-00672 的风险累积。,早期表现为局部接触应力升高，随后振动冲击增强，最终演化为轻微外圈故障。,0.5739,BDES-00672,BearingDesignSpec,design
BFB-01007,BRG-01007,B014,rolling_element_fault,rolling_element,medium,0.6848,结合振动、峭度和温升特征，滚动体故障与装配阶段异常高度一致，优先追溯到 BASM-01007。,异常由微小缺陷逐步发展为周期性冲击，检测指标随严重度上升而同步恶化。,0.5641,BASM-01007,AssemblyRecord,assembly
BFB-01008,BRG-01008,IR007,inner_race_fault,inner_race,slight,0.7251,诊断结果显示轴承出现轻微内圈故障，根因更可能来自检测阶段实体 BINSP-01008 的风险累积。,早期表现为局部接触应力升高，随后振动冲击增强，最终演化为轻微内圈故障。,0.6814,BINSP-01008,InspectionRecord,inspection
BFB-01009,BRG-01009,IR007,inner_race_fault,inner_race,slight,0.6328,该样本的生命周期风险在装配阶段较突出，能够解释当前轻微内圈故障的主要失效模式。,早期表现为局部接触应力升高，随后振动冲击增强，最终演化为轻微内圈故障。,0.6992,BASM-01009,AssemblyRecord,assembly
BFB-01010,BRG-01010,B014,rolling_element_fault,rolling_element,medium,0.7158,诊断结果显示轴承出现中等滚动体故障，根因更可能来自制造阶段实体 BMAN-00504 的风险累积。,早期表现为局部接触应力升高，随后振动冲击增强，最终演化为中等滚动体故障。,0.6201,BMAN-00504,ManufacturingBatch,manufacturing
BFB-01011,BRG-01011,B014,rolling_element_fault,rolling_element,medium,0.6701,该样本的生命周期风险在材料阶段较突出，能够解释当前中等滚动体故障的主要失效模式。,风险首先在材料阶段形成隐患，运行中持续放大，并通过温度与振动指标表现出来。,0.7389,BMAT-00330,MaterialBatch,material
BFB-01012,BRG-01012,B014,rolling_element_fault,rolling_element,medium,0.7185,结合振动、峭度和温升特征，滚动体故障与装配阶段异常高度一致，优先追溯到 BASM-01012。,早期表现为局部接触应力升高，随后振动冲击增强，最终演化为中等滚动体故障。,0.7607,BASM-01012,AssemblyRecord,assembly
BFB-01013,BRG-01013,Normal,normal,none,normal,0.947,该轴承样本生命周期风险较低，未形成明确故障追溯链。,运行状态平稳，检测指标未呈现持续恶化趋势。,0.8599,NORMAL_BASELINE,QualityFeedback,feedback
BFB-01014,BRG-01014,IR007,inner_race_fault,inner_race,slight,0.6977,诊断结果显示轴承出现轻微内圈故障，根因更可能来自制造阶段实体 BMAN-00127 的风险累积。,风险首先在制造阶段形成隐患，运行中持续放大，并通过温度与振动指标表现出来。,0.673,BMAN-00127,ManufacturingBatch,manufacturing
BFB-01015,BRG-01015,B014,rolling_element_fault,rolling_element,medium,0.7398,诊断结果显示轴承出现中等滚动体故障，根因更可能来自材料阶段实体 BMAT-00045 的风险累积。,早期表现为局部接触应力升高，随后振动冲击增强，最终演化为中等滚动体故障。,0.6737,BMAT-00045,MaterialBatch,material
BFB-01016,BRG-01016,IR014,inner_race_fault,inner_race,medium,0.6917,该样本的生命周期风险在制造阶段较突出，能够解释当前中等内圈故障的主要失效模式。,异常由微小缺陷逐步发展为周期性冲击，检测指标随严重度上升而同步恶化。,0.5901,BMAN-00186,ManufacturingBatch,manufacturing
BFB-01017,BRG-01017,OR021,outer_race_fault,outer_race,severe,0.6671,诊断结果显示轴承出现严重外圈故障，根因更可能来自设计阶段实体 BDES-00613 的风险累积。,异常由微小缺陷逐步发展为周期性冲击，检测指标随严重度上升而同步恶化。,0.8275,BDES-00613,BearingDesignSpec,design
BFB-01018,BRG-01018,Normal,normal,none,normal,0.9126,该轴承样本生命周期风险较低，未形成明确故障追溯链。,运行状态平稳，检测指标未呈现持续恶化趋势。,0.8724,NORMAL_BASELINE,QualityFeedback,feedback
BFB-01019,BRG-01019,OR021,outer_race_fault,outer_race,severe,0.6427,结合振动、峭度和温升特征，外圈故障与设计阶段异常高度一致，优先追溯到 BDES-00527。,异常由微小缺陷逐步发展为周期性冲击，检测指标随严重度上升而同步恶化。,0.7413,BDES-00527,BearingDesignSpec,design
BFB-01020,BRG-01020,B007,rolling_element_fault,rolling_element,slight,0.7133,结合振动、峭度和温升特征，滚动体故障与材料阶段异常高度一致，优先追溯到 BMAT-00059。,早期表现为局部接触应力升高，随后振动冲击增强，最终演化为轻微滚动体故障。,0.6684,BMAT-00059,MaterialBatch,material
BFB-01021,BRG-01021,Normal,normal,none,normal,0.866,该轴承样本生命周期风险较低，未形成明确故障追溯链。,运行状态平稳，检测指标未呈现持续恶化趋势。,0.8686,NORMAL_BASELINE,QualityFeedback,feedback
BFB-01022,BRG-01022,IR021,inner_race_fault,inner_race,severe,0.7805,该样本的生命周期风险在材料阶段较突出，能够解释当前严重内圈故障的主要失效模式。,风险首先在材料阶段形成隐患，运行中持续放大，并通过温度与振动指标表现出来。,0.7122,BMAT-00301,MaterialBatch,material
BFB-01023,BRG-01023,OR007,outer_race_fault,outer_race,slight,0.636,该样本的生命周期风险在装配阶段较突出，能够解释当前轻微外圈故障的主要失效模式。,异常由微小缺陷逐步发展为周期性冲击，检测指标随严重度上升而同步恶化。,0.6156,BASM-01023,AssemblyRecord,assembly
BFB-01024,BRG-01024,Normal,normal,none,normal,0.9318,该轴承样本生命周期风险较低，未形成明确故障追溯链。,运行状态平稳，检测指标未呈现持续恶化趋势。,0.8684,NORMAL_BASELINE,QualityFeedback,feedback
BFB-01025,BRG-01025,B007,rolling_element_fault,rolling_element,slight,0.7382,结合振动、峭度和温升特征，滚动体故障与材料阶段异常高度一致，优先追溯到 BMAT-00458。,早期表现为局部接触应力升高，随后振动冲击增强，最终演化为轻微滚动体故障。,0.6754,BMAT-00458,MaterialBatch,material
BFB-01026,BRG-01026,B007,rolling_element_fault,rolling_element,slight,0.7081,结合振动、峭度和温升特征，滚动体故障与设计阶段异常高度一致，优先追溯到 BDES-00350。,异常由微小缺陷逐步发展为周期性冲击，检测指标随严重度上升而同步恶化。,0.6141,BDES-00350,BearingDesignSpec,design
BFB-01027,BRG-01027,OR014,outer_race_fault,outer_race,medium,0.6921,结合振动、峭度和温升特征，外圈故障与设计阶段异常高度一致，优先追溯到 BDES-00620。,早期表现为局部接触应力升高，随后振动冲击增强，最终演化为中等外圈故障。,0.5739,BDES-00620,BearingDesignSpec,design
BFB-01028,BRG-01028,OR007,outer_race_fault,outer_race,slight,0.6093,诊断结果显示轴承出现轻微外圈故障，根因更可能来自材料阶段实体 BMAT-00254 的风险累积。,风险首先在材料阶段形成隐患，运行中持续放大，并通过温度与振动指标表现出来。,0.6618,BMAT-00254,MaterialBatch,material
BFB-01029,BRG-01029,B014,rolling_element_fault,rolling_element,medium,0.7639,结合振动、峭度和温升特征，滚动体故障与材料阶段异常高度一致，优先追溯到 BMAT-00127。,风险首先在材料阶段形成隐患，运行中持续放大，并通过温度与振动指标表现出来。,0.6676,BMAT-00127,MaterialBatch,material
BFB-01030,BRG-01030,IR014,inner_race_fault,inner_race,medium,0.7065,该样本的生命周期风险在制造阶段较突出，能够解释当前中等内圈故障的主要失效模式。,风险首先在制造阶段形成隐患，运行中持续放大，并通过温度与振动指标表现出来。,0.61,BMAN-00140,ManufacturingBatch,manufacturing
BFB-01031,BRG-01031,B014,rolling_element_fault,rolling_element,medium,0.7077,结合振动、峭度和温升特征，滚动体故障与材料阶段异常高度一致，优先追溯到 BMAT-00277。,风险首先在材料阶段形成隐患，运行中持续放大，并通过温度与振动指标表现出来。,0.7709,BMAT-00277,MaterialBatch,material
BFB-01032,BRG-01032,OR014,outer_race_fault,outer_race,medium,0.7017,结合振动、峭度和温升特征，外圈故障与装配阶段异常高度一致，优先追溯到 BASM-01032。,早期表现为局部接触应力升高，随后振动冲击增强，最终演化为中等外圈故障。,0.7382,BASM-01032,AssemblyRecord,assembly
BFB-01033,BRG-01033,B014,rolling_element_fault,rolling_element,medium,0.654,该样本的生命周期风险在检测阶段较突出，能够解释当前中等滚动体故障的主要失效模式。,异常由微小缺陷逐步发展为周期性冲击，检测指标随严重度上升而同步恶化。,0.6627,BINSP-01033,InspectionRecord,inspection
BFB-01034,BRG-01034,IR021,inner_race_fault,inner_race,severe,0.7099,该样本的生命周期风险在材料阶段较突出，能够解释当前严重内圈故障的主要失效模式。,异常由微小缺陷逐步发展为周期性冲击，检测指标随严重度上升而同步恶化。,0.7397,BMAT-00380,MaterialBatch,material
BFB-01035,BRG-01035,B014,rolling_element_fault,rolling_element,medium,0.7352,诊断结果显示轴承出现中等滚动体故障，根因更可能来自材料阶段实体 BMAT-00386 的风险累积。,异常由微小缺陷逐步发展为周期性冲击，检测指标随严重度上升而同步恶化。,0.7835,BMAT-00386,MaterialBatch,material
BFB-01036,BRG-01036,B014,rolling_element_fault,rolling_element,medium,0.6974,该样本的生命周期风险在材料阶段较突出，能够解释当前中等滚动体故障的主要失效模式。,风险首先在材料阶段形成隐患，运行中持续放大，并通过温度与振动指标表现出来。,0.5908,BMAT-00443,MaterialBatch,material
BFB-01037,BRG-01037,IR007,inner_race_fault,inner_race,slight,0.6774,诊断结果显示轴承出现轻微内圈故障，根因更可能来自运维阶段实体 BOPR-01037 的风险累积。,异常由微小缺陷逐步发展为周期性冲击，检测指标随严重度上升而同步恶化。,0.6691,BOPR-01037,MaintenanceRecord,operation
BFB-01038,BRG-01038,OR014,outer_race_fault,outer_race,medium,0.6619,结合振动、峭度和温升特征，外圈故障与材料阶段异常高度一致，优先追溯到 BMAT-00238。,异常由微小缺陷逐步发展为周期性冲击，检测指标随严重度上升而同步恶化。,0.6284,BMAT-00238,MaterialBatch,material
BFB-01039,BRG-01039,B014,rolling_element_fault,rolling_element,medium,0.7625,该样本的生命周期风险在制造阶段较突出，能够解释当前中等滚动体故障的主要失效模式。,风险首先在制造阶段形成隐患，运行中持续放大，并通过温度与振动指标表现出来。,0.674,BMAN-00074,ManufacturingBatch,manufacturing
BFB-01040,BRG-01040,IR014,inner_race_fault,inner_race,medium,0.7532,该样本的生命周期风险在装配阶段较突出，能够解释当前中等内圈故障的主要失效模式。,早期表现为局部接触应力升高，随后振动冲击增强，最终演化为中等内圈故障。,0.6762,BASM-01040,AssemblyRecord,assembly
BFB-01041,BRG-01041,Normal,normal,none,normal,0.8727,该轴承样本生命周期风险较低，未形成明确故障追溯链。,运行状态平稳，检测指标未呈现持续恶化趋势。,0.8403,NORMAL_BASELINE,QualityFeedback,feedback
BFB-01042,BRG-01042,B014,rolling_element_fault,rolling_element,medium,0.7073,该样本的生命周期风险在制造阶段较突出，能够解释当前中等滚动体故障的主要失效模式。,风险首先在制造阶段形成隐患，运行中持续放大，并通过温度与振动指标表现出来。,0.6225,BMAN-01053,ManufacturingBatch,manufacturing
BFB-01043,BRG-01043,B014,rolling_element_fault,rolling_element,medium,0.668,该样本的生命周期风险在材料阶段较突出，能够解释当前中等滚动体故障的主要失效模式。,风险首先在材料阶段形成隐患，运行中持续放大，并通过温度与振动指标表现出来。,0.6523,BMAT-00004,MaterialBatch,material
BFB-01044,BRG-01044,OR007,outer_race_fault,outer_race,slight,0.6556,该样本的生命周期风险在材料阶段较突出，能够解释当前轻微外圈故障的主要失效模式。,早期表现为局部接触应力升高，随后振动冲击增强，最终演化为轻微外圈故障。,0.6167,BMAT-00007,MaterialBatch,material
BFB-01045,BRG-01045,OR021,outer_race_fault,outer_race,severe,0.7453,结合振动、峭度和温升特征，外圈故障与制造阶段异常高度一致，优先追溯到 BMAN-00138。,风险首先在制造阶段形成隐患，运行中持续放大，并通过温度与振动指标表现出来。,0.6562,BMAN-00138,ManufacturingBatch,manufacturing
BFB-01046,BRG-01046,B007,rolling_element_fault,rolling_element,slight,0.6191,结合振动、峭度和温升特征，滚动体故障与制造阶段异常高度一致，优先追溯到 BMAN-00360。,异常由微小缺陷逐步发展为周期性冲击，检测指标随严重度上升而同步恶化。,0.6583,BMAN-00360,ManufacturingBatch,manufacturing
BFB-01047,BRG-01047,B014,rolling_element_fault,rolling_element,medium,0.6712,该样本的生命周期风险在制造阶段较突出，能够解释当前中等滚动体故障的主要失效模式。,异常由微小缺陷逐步发展为周期性冲击，检测指标随严重度上升而同步恶化。,0.6904,BMAN-00478,ManufacturingBatch,manufacturing
BFB-01048,BRG-01048,IR021,inner_race_fault,inner_race,severe,0.7205,诊断结果显示轴承出现严重内圈故障，根因更可能来自设计阶段实体 BDES-00005 的风险累积。,早期表现为局部接触应力升高，随后振动冲击增强，最终演化为严重内圈故障。,0.6362,BDES-00005,BearingDesignSpec,design
BFB-01049,BRG-01049,B007,rolling_element_fault,rolling_element,slight,0.7643,该样本的生命周期风险在制造阶段较突出，能够解释当前轻微滚动体故障的主要失效模式。,异常由微小缺陷逐步发展为周期性冲击，检测指标随严重度上升而同步恶化。,0.6692,BMAN-00124,ManufacturingBatch,manufacturing
BFB-01050,BRG-01050,B007,rolling_element_fault,rolling_element,slight,0.68,该样本的生命周期风险在制造阶段较突出，能够解释当前轻微滚动体故障的主要失效模式。,早期表现为局部接触应力升高，随后振动冲击增强，最终演化为轻微滚动体故障。,0.647,BMAN-00549,ManufacturingBatch,manufacturing
BFB-01051,BRG-01051,B007,rolling_element_fault,rolling_element,slight,0.7353,该样本的生命周期风险在设计阶段较突出，能够解释当前轻微滚动体故障的主要失效模式。,异常由微小缺陷逐步发展为周期性冲击，检测指标随严重度上升而同步恶化。,0.7253,BDES-00185,BearingDesignSpec,design
BFB-01052,BRG-01052,B014,rolling_element_fault,rolling_element,medium,0.6804,该样本的生命周期风险在运维阶段较突出，能够解释当前中等滚动体故障的主要失效模式。,早期表现为局部接触应力升高，随后振动冲击增强，最终演化为中等滚动体故障。,0.7503,BOPR-01052,MaintenanceRecord,operation
BFB-01053,BRG-01053,B007,rolling_element_fault,rolling_element,slight,0.6838,结合振动、峭度和温升特征，滚动体故障与材料阶段异常高度一致，优先追溯到 BMAT-00491。,风险首先在材料阶段形成隐患，运行中持续放大，并通过温度与振动指标表现出来。,0.6406,BMAT-00491,MaterialBatch,material
BFB-01054,BRG-01054,OR007,outer_race_fault,outer_race,slight,0.7441,诊断结果显示轴承出现轻微外圈故障，根因更可能来自制造阶段实体 BMAN-01160 的风险累积。,异常由微小缺陷逐步发展为周期性冲击，检测指标随严重度上升而同步恶化。,0.629,BMAN-01160,ManufacturingBatch,manufacturing
BFB-01055,BRG-01055,IR021,inner_race_fault,inner_race,severe,0.7084,诊断结果显示轴承出现严重内圈故障，根因更可能来自制造阶段实体 BMAN-00374 的风险累积。,异常由微小缺陷逐步发展为周期性冲击，检测指标随严重度上升而同步恶化。,0.7265,BMAN-00374,ManufacturingBatch,manufacturing
BFB-01056,BRG-01056,B014,rolling_element_fault,rolling_element,medium,0.6495,诊断结果显示轴承出现中等滚动体故障，根因更可能来自装配阶段实体 BASM-01056 的风险累积。,早期表现为局部接触应力升高，随后振动冲击增强，最终演化为中等滚动体故障。,0.6556,BASM-01056,AssemblyRecord,assembly
BFB-01057,BRG-01057,OR014,outer_race_fault,outer_race,medium,0.6761,诊断结果显示轴承出现中等外圈故障，根因更可能来自装配阶段实体 BASM-01057 的风险累积。,早期表现为局部接触应力升高，随后振动冲击增强，最终演化为中等外圈故障。,0.6198,BASM-01057,AssemblyRecord,assembly
BFB-01058,BRG-01058,Normal,normal,none,normal,0.9147,该轴承样本生命周期风险较低，未形成明确故障追溯链。,运行状态平稳，检测指标未呈现持续恶化趋势。,0.8209,NORMAL_BASELINE,QualityFeedback,feedback
BFB-01059,BRG-01059,IR014,inner_race_fault,inner_race,medium,0.7084,结合振动、峭度和温升特征，内圈故障与材料阶段异常高度一致，优先追溯到 BMAT-00284。,异常由微小缺陷逐步发展为周期性冲击，检测指标随严重度上升而同步恶化。,0.6777,BMAT-00284,MaterialBatch,material
BFB-01060,BRG-01060,Normal,normal,none,normal,0.9469,该轴承样本生命周期风险较低，未形成明确故障追溯链。,运行状态平稳，检测指标未呈现持续恶化趋势。,0.864,NORMAL_BASELINE,QualityFeedback,feedback
BFB-01061,BRG-01061,B007,rolling_element_fault,rolling_element,slight,0.7435,结合振动、峭度和温升特征，滚动体故障与检测阶段异常高度一致，优先追溯到 BINSP-01061。,风险首先在检测阶段形成隐患，运行中持续放大，并通过温度与振动指标表现出来。,0.6543,BINSP-01061,InspectionRecord,inspection
BFB-01062,BRG-01062,B014,rolling_element_fault,rolling_element,medium,0.7377,该样本的生命周期风险在装配阶段较突出，能够解释当前中等滚动体故障的主要失效模式。,早期表现为局部接触应力升高，随后振动冲击增强，最终演化为中等滚动体故障。,0.652,BASM-01062,AssemblyRecord,assembly
BFB-01063,BRG-01063,Normal,normal,none,normal,0.8925,该轴承样本生命周期风险较低，未形成明确故障追溯链。,运行状态平稳，检测指标未呈现持续恶化趋势。,0.835,NORMAL_BASELINE,QualityFeedback,feedback
BFB-01064,BRG-01064,IR014,inner_race_fault,inner_race,medium,0.7156,诊断结果显示轴承出现中等内圈故障，根因更可能来自装配阶段实体 BASM-01064 的风险累积。,风险首先在装配阶段形成隐患，运行中持续放大，并通过温度与振动指标表现出来。,0.6606,BASM-01064,AssemblyRecord,assembly
BFB-01065,BRG-01065,IR014,inner_race_fault,inner_race,medium,0.6812,结合振动、峭度和温升特征，内圈故障与装配阶段异常高度一致，优先追溯到 BASM-01065。,风险首先在装配阶段形成隐患，运行中持续放大，并通过温度与振动指标表现出来。,0.7412,BASM-01065,AssemblyRecord,assembly
BFB-01066,BRG-01066,IR014,inner_race_fault,inner_race,medium,0.6901,诊断结果显示轴承出现中等内圈故障，根因更可能来自装配阶段实体 BASM-01066 的风险累积。,早期表现为局部接触应力升高，随后振动冲击增强，最终演化为中等内圈故障。,0.7424,BASM-01066,AssemblyRecord,assembly
BFB-01067,BRG-01067,OR014,outer_race_fault,outer_race,medium,0.6808,该样本的生命周期风险在运维阶段较突出，能够解释当前中等外圈故障的主要失效模式。,异常由微小缺陷逐步发展为周期性冲击，检测指标随严重度上升而同步恶化。,0.6413,BOPR-01067,MaintenanceRecord,operation
BFB-01068,BRG-01068,IR014,inner_race_fault,inner_race,medium,0.7045,结合振动、峭度和温升特征，内圈故障与材料阶段异常高度一致，优先追溯到 BMAT-00407。,风险首先在材料阶段形成隐患，运行中持续放大，并通过温度与振动指标表现出来。,0.7139,BMAT-00407,MaterialBatch,material
BFB-01069,BRG-01069,OR014,outer_race_fault,outer_race,medium,0.7462,该样本的生命周期风险在制造阶段较突出，能够解释当前中等外圈故障的主要失效模式。,早期表现为局部接触应力升高，随后振动冲击增强，最终演化为中等外圈故障。,0.7069,BMAN-01110,ManufacturingBatch,manufacturing
BFB-01070,BRG-01070,IR014,inner_race_fault,inner_race,medium,0.7082,诊断结果显示轴承出现中等内圈故障，根因更可能来自材料阶段实体 BMAT-00189 的风险累积。,风险首先在材料阶段形成隐患，运行中持续放大，并通过温度与振动指标表现出来。,0.6611,BMAT-00189,MaterialBatch,material
BFB-01071,BRG-01071,Normal,normal,none,normal,0.9441,该轴承样本生命周期风险较低，未形成明确故障追溯链。,运行状态平稳，检测指标未呈现持续恶化趋势。,0.7998,NORMAL_BASELINE,QualityFeedback,feedback
BFB-01072,BRG-01072,IR021,inner_race_fault,inner_race,severe,0.6694,诊断结果显示轴承出现严重内圈故障，根因更可能来自制造阶段实体 BMAN-01137 的风险累积。,异常由微小缺陷逐步发展为周期性冲击，检测指标随严重度上升而同步恶化。,0.805,BMAN-01137,ManufacturingBatch,manufacturing
BFB-01073,BRG-01073,OR014,outer_race_fault,outer_race,medium,0.6652,结合振动、峭度和温升特征，外圈故障与材料阶段异常高度一致，优先追溯到 BMAT-00136。,异常由微小缺陷逐步发展为周期性冲击，检测指标随严重度上升而同步恶化。,0.7005,BMAT-00136,MaterialBatch,material
BFB-01074,BRG-01074,IR007,inner_race_fault,inner_race,slight,0.6262,诊断结果显示轴承出现轻微内圈故障，根因更可能来自检测阶段实体 BINSP-01074 的风险累积。,早期表现为局部接触应力升高，随后振动冲击增强，最终演化为轻微内圈故障。,0.6929,BINSP-01074,InspectionRecord,inspection
BFB-01075,BRG-01075,OR021,outer_race_fault,outer_race,severe,0.7422,诊断结果显示轴承出现严重外圈故障，根因更可能来自检测阶段实体 BINSP-01075 的风险累积。,早期表现为局部接触应力升高，随后振动冲击增强，最终演化为严重外圈故障。,0.7479,BINSP-01075,InspectionRecord,inspection
BFB-01076,BRG-01076,OR007,outer_race_fault,outer_race,slight,0.7525,该样本的生命周期风险在设计阶段较突出，能够解释当前轻微外圈故障的主要失效模式。,早期表现为局部接触应力升高，随后振动冲击增强，最终演化为轻微外圈故障。,0.6766,BDES-00741,BearingDesignSpec,design
BFB-01077,BRG-01077,B014,rolling_element_fault,rolling_element,medium,0.7314,该样本的生命周期风险在设计阶段较突出，能够解释当前中等滚动体故障的主要失效模式。,异常由微小缺陷逐步发展为周期性冲击，检测指标随严重度上升而同步恶化。,0.6787,BDES-00122,BearingDesignSpec,design
BFB-01078,BRG-01078,B014,rolling_element_fault,rolling_element,medium,0.7136,该样本的生命周期风险在装配阶段较突出，能够解释当前中等滚动体故障的主要失效模式。,早期表现为局部接触应力升高，随后振动冲击增强，最终演化为中等滚动体故障。,0.651,BASM-01078,AssemblyRecord,assembly
BFB-01079,BRG-01079,OR014,outer_race_fault,outer_race,medium,0.6801,结合振动、峭度和温升特征，外圈故障与材料阶段异常高度一致，优先追溯到 BMAT-00430。,异常由微小缺陷逐步发展为周期性冲击，检测指标随严重度上升而同步恶化。,0.6507,BMAT-00430,MaterialBatch,material
BFB-01080,BRG-01080,OR014,outer_race_fault,outer_race,medium,0.7198,结合振动、峭度和温升特征，外圈故障与装配阶段异常高度一致，优先追溯到 BASM-01080。,异常由微小缺陷逐步发展为周期性冲击，检测指标随严重度上升而同步恶化。,0.6648,BASM-01080,AssemblyRecord,assembly
BFB-01081,BRG-01081,B021,rolling_element_fault,rolling_element,severe,0.7445,该样本的生命周期风险在设计阶段较突出，能够解释当前严重滚动体故障的主要失效模式。,早期表现为局部接触应力升高，随后振动冲击增强，最终演化为严重滚动体故障。,0.5987,BDES-00389,BearingDesignSpec,design
BFB-01082,BRG-01082,IR014,inner_race_fault,inner_race,medium,0.727,诊断结果显示轴承出现中等内圈故障，根因更可能来自装配阶段实体 BASM-01082 的风险累积。,风险首先在装配阶段形成隐患，运行中持续放大，并通过温度与振动指标表现出来。,0.7455,BASM-01082,AssemblyRecord,assembly
BFB-01083,BRG-01083,B007,rolling_element_fault,rolling_element,slight,0.7033,诊断结果显示轴承出现轻微滚动体故障，根因更可能来自制造阶段实体 BMAN-00464 的风险累积。,早期表现为局部接触应力升高，随后振动冲击增强，最终演化为轻微滚动体故障。,0.6933,BMAN-00464,ManufacturingBatch,manufacturing
BFB-01084,BRG-01084,IR007,inner_race_fault,inner_race,slight,0.6387,该样本的生命周期风险在材料阶段较突出，能够解释当前轻微内圈故障的主要失效模式。,异常由微小缺陷逐步发展为周期性冲击，检测指标随严重度上升而同步恶化。,0.6057,BMAT-00488,MaterialBatch,material
BFB-01085,BRG-01085,OR021,outer_race_fault,outer_race,severe,0.722,该样本的生命周期风险在装配阶段较突出，能够解释当前严重外圈故障的主要失效模式。,异常由微小缺陷逐步发展为周期性冲击，检测指标随严重度上升而同步恶化。,0.7352,BASM-01085,AssemblyRecord,assembly
BFB-01086,BRG-01086,B007,rolling_element_fault,rolling_element,slight,0.694,该样本的生命周期风险在检测阶段较突出，能够解释当前轻微滚动体故障的主要失效模式。,异常由微小缺陷逐步发展为周期性冲击，检测指标随严重度上升而同步恶化。,0.6754,BINSP-01086,InspectionRecord,inspection
BFB-01087,BRG-01087,B021,rolling_element_fault,rolling_element,severe,0.6684,该样本的生命周期风险在材料阶段较突出，能够解释当前严重滚动体故障的主要失效模式。,早期表现为局部接触应力升高，随后振动冲击增强，最终演化为严重滚动体故障。,0.7193,BMAT-00303,MaterialBatch,material
BFB-01088,BRG-01088,IR021,inner_race_fault,inner_race,severe,0.7789,结合振动、峭度和温升特征，内圈故障与材料阶段异常高度一致，优先追溯到 BMAT-00299。,早期表现为局部接触应力升高，随后振动冲击增强，最终演化为严重内圈故障。,0.6495,BMAT-00299,MaterialBatch,material
BFB-01089,BRG-01089,OR014,outer_race_fault,outer_race,medium,0.7018,结合振动、峭度和温升特征，外圈故障与材料阶段异常高度一致，优先追溯到 BMAT-00098。,异常由微小缺陷逐步发展为周期性冲击，检测指标随严重度上升而同步恶化。,0.6768,BMAT-00098,MaterialBatch,material
BFB-01090,BRG-01090,IR007,inner_race_fault,inner_race,slight,0.6591,结合振动、峭度和温升特征，内圈故障与装配阶段异常高度一致，优先追溯到 BASM-01090。,异常由微小缺陷逐步发展为周期性冲击，检测指标随严重度上升而同步恶化。,0.6859,BASM-01090,AssemblyRecord,assembly
BFB-01091,BRG-01091,Normal,normal,none,normal,0.8717,该轴承样本生命周期风险较低，未形成明确故障追溯链。,运行状态平稳，检测指标未呈现持续恶化趋势。,0.826,NORMAL_BASELINE,QualityFeedback,feedback
BFB-01092,BRG-01092,OR014,outer_race_fault,outer_race,medium,0.7042,结合振动、峭度和温升特征，外圈故障与材料阶段异常高度一致，优先追溯到 BMAT-00128。,早期表现为局部接触应力升高，随后振动冲击增强，最终演化为中等外圈故障。,0.7624,BMAT-00128,MaterialBatch,material
BFB-01093,BRG-01093,Normal,normal,none,normal,0.8706,该轴承样本生命周期风险较低，未形成明确故障追溯链。,运行状态平稳，检测指标未呈现持续恶化趋势。,0.8542,NORMAL_BASELINE,QualityFeedback,feedback
BFB-01094,BRG-01094,Normal,normal,none,normal,0.9165,该轴承样本生命周期风险较低，未形成明确故障追溯链。,运行状态平稳，检测指标未呈现持续恶化趋势。,0.8753,NORMAL_BASELINE,QualityFeedback,feedback
BFB-01095,BRG-01095,IR014,inner_race_fault,inner_race,medium,0.7444,该样本的生命周期风险在制造阶段较突出，能够解释当前中等内圈故障的主要失效模式。,风险首先在制造阶段形成隐患，运行中持续放大，并通过温度与振动指标表现出来。,0.7118,BMAN-00454,ManufacturingBatch,manufacturing
BFB-01096,BRG-01096,OR014,outer_race_fault,outer_race,medium,0.7808,结合振动、峭度和温升特征，外圈故障与制造阶段异常高度一致，优先追溯到 BMAN-01002。,异常由微小缺陷逐步发展为周期性冲击，检测指标随严重度上升而同步恶化。,0.6611,BMAN-01002,ManufacturingBatch,manufacturing
BFB-01097,BRG-01097,IR014,inner_race_fault,inner_race,medium,0.6976,诊断结果显示轴承出现中等内圈故障，根因更可能来自材料阶段实体 BMAT-00388 的风险累积。,异常由微小缺陷逐步发展为周期性冲击，检测指标随严重度上升而同步恶化。,0.7135,BMAT-00388,MaterialBatch,material
BFB-01098,BRG-01098,B014,rolling_element_fault,rolling_element,medium,0.6599,诊断结果显示轴承出现中等滚动体故障，根因更可能来自检测阶段实体 BINSP-01098 的风险累积。,早期表现为局部接触应力升高，随后振动冲击增强，最终演化为中等滚动体故障。,0.6943,BINSP-01098,InspectionRecord,inspection
BFB-01099,BRG-01099,B007,rolling_element_fault,rolling_element,slight,0.6594,该样本的生命周期风险在装配阶段较突出，能够解释当前轻微滚动体故障的主要失效模式。,早期表现为局部接触应力升高，随后振动冲击增强，最终演化为轻微滚动体故障。,0.6679,BASM-01099,AssemblyRecord,assembly
BFB-01100,BRG-01100,Normal,normal,none,normal,0.8761,该轴承样本生命周期风险较低，未形成明确故障追溯链。,运行状态平稳，检测指标未呈现持续恶化趋势。,0.7807,NORMAL_BASELINE,QualityFeedback,feedback
BFB-01101,BRG-01101,OR021,outer_race_fault,outer_race,severe,0.6853,结合振动、峭度和温升特征，外圈故障与材料阶段异常高度一致，优先追溯到 BMAT-00247。,早期表现为局部接触应力升高，随后振动冲击增强，最终演化为严重外圈故障。,0.6956,BMAT-00247,MaterialBatch,material
BFB-01102,BRG-01102,B014,rolling_element_fault,rolling_element,medium,0.7084,该样本的生命周期风险在制造阶段较突出，能够解释当前中等滚动体故障的主要失效模式。,风险首先在制造阶段形成隐患，运行中持续放大，并通过温度与振动指标表现出来。,0.746,BMAN-00881,ManufacturingBatch,manufacturing
BFB-01103,BRG-01103,IR007,inner_race_fault,inner_race,slight,0.6421,该样本的生命周期风险在制造阶段较突出，能够解释当前轻微内圈故障的主要失效模式。,早期表现为局部接触应力升高，随后振动冲击增强，最终演化为轻微内圈故障。,0.6996,BMAN-01061,ManufacturingBatch,manufacturing
BFB-01104,BRG-01104,OR014,outer_race_fault,outer_race,medium,0.6836,结合振动、峭度和温升特征，外圈故障与检测阶段异常高度一致，优先追溯到 BINSP-01104。,风险首先在检测阶段形成隐患，运行中持续放大，并通过温度与振动指标表现出来。,0.6627,BINSP-01104,InspectionRecord,inspection
BFB-01105,BRG-01105,IR007,inner_race_fault,inner_race,slight,0.6971,结合振动、峭度和温升特征，内圈故障与装配阶段异常高度一致，优先追溯到 BASM-01105。,早期表现为局部接触应力升高，随后振动冲击增强，最终演化为轻微内圈故障。,0.5945,BASM-01105,AssemblyRecord,assembly
BFB-01106,BRG-01106,B014,rolling_element_fault,rolling_element,medium,0.7075,结合振动、峭度和温升特征，滚动体故障与检测阶段异常高度一致，优先追溯到 BINSP-01106。,早期表现为局部接触应力升高，随后振动冲击增强，最终演化为中等滚动体故障。,0.7375,BINSP-01106,InspectionRecord,inspection
BFB-01107,BRG-01107,B021,rolling_element_fault,rolling_element,severe,0.7806,结合振动、峭度和温升特征，滚动体故障与运维阶段异常高度一致，优先追溯到 BOPR-01107。,风险首先在运维阶段形成隐患，运行中持续放大，并通过温度与振动指标表现出来。,0.7496,BOPR-01107,MaintenanceRecord,operation
BFB-01108,BRG-01108,OR014,outer_race_fault,outer_race,medium,0.7032,诊断结果显示轴承出现中等外圈故障，根因更可能来自材料阶段实体 BMAT-00222 的风险累积。,异常由微小缺陷逐步发展为周期性冲击，检测指标随严重度上升而同步恶化。,0.7065,BMAT-00222,MaterialBatch,material
BFB-01109,BRG-01109,IR014,inner_race_fault,inner_race,medium,0.6352,该样本的生命周期风险在装配阶段较突出，能够解释当前中等内圈故障的主要失效模式。,早期表现为局部接触应力升高，随后振动冲击增强，最终演化为中等内圈故障。,0.6483,BASM-01109,AssemblyRecord,assembly
BFB-01110,BRG-01110,OR007,outer_race_fault,outer_race,slight,0.7151,诊断结果显示轴承出现轻微外圈故障，根因更可能来自制造阶段实体 BMAN-01180 的风险累积。,早期表现为局部接触应力升高，随后振动冲击增强，最终演化为轻微外圈故障。,0.6631,BMAN-01180,ManufacturingBatch,manufacturing
BFB-01111,BRG-01111,Normal,normal,none,normal,0.8709,该轴承样本生命周期风险较低，未形成明确故障追溯链。,运行状态平稳，检测指标未呈现持续恶化趋势。,0.8984,NORMAL_BASELINE,QualityFeedback,feedback
BFB-01112,BRG-01112,IR014,inner_race_fault,inner_race,medium,0.6735,结合振动、峭度和温升特征，内圈故障与制造阶段异常高度一致，优先追溯到 BMAN-00895。,异常由微小缺陷逐步发展为周期性冲击，检测指标随严重度上升而同步恶化。,0.6519,BMAN-00895,ManufacturingBatch,manufacturing
BFB-01113,BRG-01113,OR007,outer_race_fault,outer_race,slight,0.709,结合振动、峭度和温升特征，外圈故障与制造阶段异常高度一致，优先追溯到 BMAN-00423。,异常由微小缺陷逐步发展为周期性冲击，检测指标随严重度上升而同步恶化。,0.6146,BMAN-00423,ManufacturingBatch,manufacturing
BFB-01114,BRG-01114,OR021,outer_race_fault,outer_race,severe,0.7448,该样本的生命周期风险在检测阶段较突出，能够解释当前严重外圈故障的主要失效模式。,异常由微小缺陷逐步发展为周期性冲击，检测指标随严重度上升而同步恶化。,0.6311,BINSP-01114,InspectionRecord,inspection
BFB-01115,BRG-01115,OR007,outer_race_fault,outer_race,slight,0.7087,诊断结果显示轴承出现轻微外圈故障，根因更可能来自检测阶段实体 BINSP-01115 的风险累积。,早期表现为局部接触应力升高，随后振动冲击增强，最终演化为轻微外圈故障。,0.5886,BINSP-01115,InspectionRecord,inspection
BFB-01116,BRG-01116,B021,rolling_element_fault,rolling_element,severe,0.7218,该样本的生命周期风险在装配阶段较突出，能够解释当前严重滚动体故障的主要失效模式。,早期表现为局部接触应力升高，随后振动冲击增强，最终演化为严重滚动体故障。,0.7479,BASM-01116,AssemblyRecord,assembly
BFB-01117,BRG-01117,OR021,outer_race_fault,outer_race,severe,0.7172,结合振动、峭度和温升特征，外圈故障与装配阶段异常高度一致，优先追溯到 BASM-01117。,异常由微小缺陷逐步发展为周期性冲击，检测指标随严重度上升而同步恶化。,0.683,BASM-01117,AssemblyRecord,assembly
BFB-01118,BRG-01118,B014,rolling_element_fault,rolling_element,medium,0.6852,该样本的生命周期风险在运维阶段较突出，能够解释当前中等滚动体故障的主要失效模式。,早期表现为局部接触应力升高，随后振动冲击增强，最终演化为中等滚动体故障。,0.7251,BOPR-01118,MaintenanceRecord,operation
BFB-01119,BRG-01119,OR021,outer_race_fault,outer_race,severe,0.7773,该样本的生命周期风险在装配阶段较突出，能够解释当前严重外圈故障的主要失效模式。,风险首先在装配阶段形成隐患，运行中持续放大，并通过温度与振动指标表现出来。,0.6874,BASM-01119,AssemblyRecord,assembly
BFB-01120,BRG-01120,OR014,outer_race_fault,outer_race,medium,0.6863,诊断结果显示轴承出现中等外圈故障，根因更可能来自运维阶段实体 BOPR-01120 的风险累积。,早期表现为局部接触应力升高，随后振动冲击增强，最终演化为中等外圈故障。,0.7434,BOPR-01120,MaintenanceRecord,operation
BFB-01121,BRG-01121,B021,rolling_element_fault,rolling_element,severe,0.6678,该样本的生命周期风险在装配阶段较突出，能够解释当前严重滚动体故障的主要失效模式。,异常由微小缺陷逐步发展为周期性冲击，检测指标随严重度上升而同步恶化。,0.6676,BASM-01121,AssemblyRecord,assembly
BFB-01122,BRG-01122,IR021,inner_race_fault,inner_race,severe,0.6825,结合振动、峭度和温升特征，内圈故障与装配阶段异常高度一致，优先追溯到 BASM-01122。,早期表现为局部接触应力升高，随后振动冲击增强，最终演化为严重内圈故障。,0.7588,BASM-01122,AssemblyRecord,assembly
BFB-01123,BRG-01123,OR014,outer_race_fault,outer_race,medium,0.6221,诊断结果显示轴承出现中等外圈故障，根因更可能来自装配阶段实体 BASM-01123 的风险累积。,风险首先在装配阶段形成隐患，运行中持续放大，并通过温度与振动指标表现出来。,0.6664,BASM-01123,AssemblyRecord,assembly
BFB-01124,BRG-01124,OR007,outer_race_fault,outer_race,slight,0.6716,该样本的生命周期风险在检测阶段较突出，能够解释当前轻微外圈故障的主要失效模式。,早期表现为局部接触应力升高，随后振动冲击增强，最终演化为轻微外圈故障。,0.7239,BINSP-01124,InspectionRecord,inspection
BFB-01125,BRG-01125,OR021,outer_race_fault,outer_race,severe,0.6628,诊断结果显示轴承出现严重外圈故障，根因更可能来自材料阶段实体 BMAT-00084 的风险累积。,风险首先在材料阶段形成隐患，运行中持续放大，并通过温度与振动指标表现出来。,0.7178,BMAT-00084,MaterialBatch,material
BFB-01126,BRG-01126,Normal,normal,none,normal,0.9163,该轴承样本生命周期风险较低，未形成明确故障追溯链。,运行状态平稳，检测指标未呈现持续恶化趋势。,0.8594,NORMAL_BASELINE,QualityFeedback,feedback
BFB-01127,BRG-01127,B014,rolling_element_fault,rolling_element,medium,0.6344,该样本的生命周期风险在检测阶段较突出，能够解释当前中等滚动体故障的主要失效模式。,早期表现为局部接触应力升高，随后振动冲击增强，最终演化为中等滚动体故障。,0.6592,BINSP-01127,InspectionRecord,inspection
BFB-01128,BRG-01128,OR021,outer_race_fault,outer_race,severe,0.7258,结合振动、峭度和温升特征，外圈故障与材料阶段异常高度一致，优先追溯到 BMAT-00451。,异常由微小缺陷逐步发展为周期性冲击，检测指标随严重度上升而同步恶化。,0.7338,BMAT-00451,MaterialBatch,material
BFB-01129,BRG-01129,IR007,inner_race_fault,inner_race,slight,0.6982,该样本的生命周期风险在装配阶段较突出，能够解释当前轻微内圈故障的主要失效模式。,风险首先在装配阶段形成隐患，运行中持续放大，并通过温度与振动指标表现出来。,0.6051,BASM-01129,AssemblyRecord,assembly
BFB-01130,BRG-01130,OR007,outer_race_fault,outer_race,slight,0.627,该样本的生命周期风险在材料阶段较突出，能够解释当前轻微外圈故障的主要失效模式。,风险首先在材料阶段形成隐患，运行中持续放大，并通过温度与振动指标表现出来。,0.6083,BMAT-00034,MaterialBatch,material
BFB-01131,BRG-01131,IR007,inner_race_fault,inner_race,slight,0.6195,结合振动、峭度和温升特征，内圈故障与制造阶段异常高度一致，优先追溯到 BMAN-00499。,风险首先在制造阶段形成隐患，运行中持续放大，并通过温度与振动指标表现出来。,0.6221,BMAN-00499,ManufacturingBatch,manufacturing
BFB-01132,BRG-01132,OR021,outer_race_fault,outer_race,severe,0.7484,结合振动、峭度和温升特征，外圈故障与制造阶段异常高度一致，优先追溯到 BMAN-01072。,风险首先在制造阶段形成隐患，运行中持续放大，并通过温度与振动指标表现出来。,0.6471,BMAN-01072,ManufacturingBatch,manufacturing
BFB-01133,BRG-01133,OR014,outer_race_fault,outer_race,medium,0.7377,该样本的生命周期风险在装配阶段较突出，能够解释当前中等外圈故障的主要失效模式。,早期表现为局部接触应力升高，随后振动冲击增强，最终演化为中等外圈故障。,0.6462,BASM-01133,AssemblyRecord,assembly
BFB-01134,BRG-01134,OR021,outer_race_fault,outer_race,severe,0.8081,诊断结果显示轴承出现严重外圈故障，根因更可能来自装配阶段实体 BASM-01134 的风险累积。,早期表现为局部接触应力升高，随后振动冲击增强，最终演化为严重外圈故障。,0.7106,BASM-01134,AssemblyRecord,assembly
BFB-01135,BRG-01135,IR014,inner_race_fault,inner_race,medium,0.6934,诊断结果显示轴承出现中等内圈故障，根因更可能来自制造阶段实体 BMAN-00805 的风险累积。,异常由微小缺陷逐步发展为周期性冲击，检测指标随严重度上升而同步恶化。,0.7136,BMAN-00805,ManufacturingBatch,manufacturing
BFB-01136,BRG-01136,B014,rolling_element_fault,rolling_element,medium,0.7217,诊断结果显示轴承出现中等滚动体故障，根因更可能来自制造阶段实体 BMAN-00454 的风险累积。,风险首先在制造阶段形成隐患，运行中持续放大，并通过温度与振动指标表现出来。,0.7491,BMAN-00454,ManufacturingBatch,manufacturing
BFB-01137,BRG-01137,B014,rolling_element_fault,rolling_element,medium,0.6596,诊断结果显示轴承出现中等滚动体故障，根因更可能来自设计阶段实体 BDES-00213 的风险累积。,风险首先在设计阶段形成隐患，运行中持续放大，并通过温度与振动指标表现出来。,0.6724,BDES-00213,BearingDesignSpec,design
BFB-01138,BRG-01138,OR014,outer_race_fault,outer_race,medium,0.7468,该样本的生命周期风险在制造阶段较突出，能够解释当前中等外圈故障的主要失效模式。,风险首先在制造阶段形成隐患，运行中持续放大，并通过温度与振动指标表现出来。,0.7315,BMAN-00107,ManufacturingBatch,manufacturing
BFB-01139,BRG-01139,B014,rolling_element_fault,rolling_element,medium,0.7454,该样本的生命周期风险在装配阶段较突出，能够解释当前中等滚动体故障的主要失效模式。,风险首先在装配阶段形成隐患，运行中持续放大，并通过温度与振动指标表现出来。,0.6252,BASM-01139,AssemblyRecord,assembly
BFB-01140,BRG-01140,IR021,inner_race_fault,inner_race,severe,0.7436,结合振动、峭度和温升特征，内圈故障与材料阶段异常高度一致，优先追溯到 BMAT-00341。,风险首先在材料阶段形成隐患，运行中持续放大，并通过温度与振动指标表现出来。,0.6301,BMAT-00341,MaterialBatch,material
BFB-01141,BRG-01141,IR021,inner_race_fault,inner_race,severe,0.7839,结合振动、峭度和温升特征，内圈故障与材料阶段异常高度一致，优先追溯到 BMAT-00089。,风险首先在材料阶段形成隐患，运行中持续放大，并通过温度与振动指标表现出来。,0.7625,BMAT-00089,MaterialBatch,material
BFB-01142,BRG-01142,IR014,inner_race_fault,inner_race,medium,0.6613,诊断结果显示轴承出现中等内圈故障，根因更可能来自材料阶段实体 BMAT-00473 的风险累积。,早期表现为局部接触应力升高，随后振动冲击增强，最终演化为中等内圈故障。,0.6901,BMAT-00473,MaterialBatch,material
BFB-01143,BRG-01143,IR014,inner_race_fault,inner_race,medium,0.6941,结合振动、峭度和温升特征，内圈故障与制造阶段异常高度一致，优先追溯到 BMAN-00117。,异常由微小缺陷逐步发展为周期性冲击，检测指标随严重度上升而同步恶化。,0.662,BMAN-00117,ManufacturingBatch,manufacturing
BFB-01144,BRG-01144,OR021,outer_race_fault,outer_race,severe,0.7917,结合振动、峭度和温升特征，外圈故障与制造阶段异常高度一致，优先追溯到 BMAN-01014。,风险首先在制造阶段形成隐患，运行中持续放大，并通过温度与振动指标表现出来。,0.7612,BMAN-01014,ManufacturingBatch,manufacturing
BFB-01145,BRG-01145,B014,rolling_element_fault,rolling_element,medium,0.6675,诊断结果显示轴承出现中等滚动体故障，根因更可能来自运维阶段实体 BOPR-01145 的风险累积。,风险首先在运维阶段形成隐患，运行中持续放大，并通过温度与振动指标表现出来。,0.7653,BOPR-01145,MaintenanceRecord,operation
BFB-01146,BRG-01146,OR014,outer_race_fault,outer_race,medium,0.7239,该样本的生命周期风险在制造阶段较突出，能够解释当前中等外圈故障的主要失效模式。,早期表现为局部接触应力升高，随后振动冲击增强，最终演化为中等外圈故障。,0.6917,BMAN-00105,ManufacturingBatch,manufacturing
BFB-01147,BRG-01147,Normal,normal,none,normal,0.9149,该轴承样本生命周期风险较低，未形成明确故障追溯链。,运行状态平稳，检测指标未呈现持续恶化趋势。,0.8878,NORMAL_BASELINE,QualityFeedback,feedback
BFB-01148,BRG-01148,B014,rolling_element_fault,rolling_element,medium,0.7787,诊断结果显示轴承出现中等滚动体故障，根因更可能来自装配阶段实体 BASM-01148 的风险累积。,风险首先在装配阶段形成隐患，运行中持续放大，并通过温度与振动指标表现出来。,0.6145,BASM-01148,AssemblyRecord,assembly
BFB-01149,BRG-01149,IR014,inner_race_fault,inner_race,medium,0.7563,结合振动、峭度和温升特征，内圈故障与运维阶段异常高度一致，优先追溯到 BOPR-01149。,早期表现为局部接触应力升高，随后振动冲击增强，最终演化为中等内圈故障。,0.758,BOPR-01149,MaintenanceRecord,operation
BFB-01150,BRG-01150,IR014,inner_race_fault,inner_race,medium,0.6173,该样本的生命周期风险在制造阶段较突出，能够解释当前中等内圈故障的主要失效模式。,异常由微小缺陷逐步发展为周期性冲击，检测指标随严重度上升而同步恶化。,0.7337,BMAN-01145,ManufacturingBatch,manufacturing
BFB-01151,BRG-01151,B007,rolling_element_fault,rolling_element,slight,0.6634,诊断结果显示轴承出现轻微滚动体故障，根因更可能来自制造阶段实体 BMAN-00642 的风险累积。,早期表现为局部接触应力升高，随后振动冲击增强，最终演化为轻微滚动体故障。,0.671,BMAN-00642,ManufacturingBatch,manufacturing
BFB-01152,BRG-01152,B021,rolling_element_fault,rolling_element,severe,0.741,该样本的生命周期风险在材料阶段较突出，能够解释当前严重滚动体故障的主要失效模式。,异常由微小缺陷逐步发展为周期性冲击，检测指标随严重度上升而同步恶化。,0.6794,BMAT-00251,MaterialBatch,material
BFB-01153,BRG-01153,B014,rolling_element_fault,rolling_element,medium,0.6213,该样本的生命周期风险在装配阶段较突出，能够解释当前中等滚动体故障的主要失效模式。,异常由微小缺陷逐步发展为周期性冲击，检测指标随严重度上升而同步恶化。,0.6415,BASM-01153,AssemblyRecord,assembly
BFB-01154,BRG-01154,Normal,normal,none,normal,0.8823,该轴承样本生命周期风险较低，未形成明确故障追溯链。,运行状态平稳，检测指标未呈现持续恶化趋势。,0.8854,NORMAL_BASELINE,QualityFeedback,feedback
BFB-01155,BRG-01155,IR014,inner_race_fault,inner_race,medium,0.6671,结合振动、峭度和温升特征，内圈故障与装配阶段异常高度一致，优先追溯到 BASM-01155。,风险首先在装配阶段形成隐患，运行中持续放大，并通过温度与振动指标表现出来。,0.585,BASM-01155,AssemblyRecord,assembly
BFB-01156,BRG-01156,B014,rolling_element_fault,rolling_element,medium,0.7609,该样本的生命周期风险在制造阶段较突出，能够解释当前中等滚动体故障的主要失效模式。,早期表现为局部接触应力升高，随后振动冲击增强，最终演化为中等滚动体故障。,0.5638,BMAN-00606,ManufacturingBatch,manufacturing
BFB-01157,BRG-01157,B014,rolling_element_fault,rolling_element,medium,0.7314,诊断结果显示轴承出现中等滚动体故障，根因更可能来自装配阶段实体 BASM-01157 的风险累积。,异常由微小缺陷逐步发展为周期性冲击，检测指标随严重度上升而同步恶化。,0.6172,BASM-01157,AssemblyRecord,assembly
BFB-01158,BRG-01158,B021,rolling_element_fault,rolling_element,severe,0.7557,诊断结果显示轴承出现严重滚动体故障，根因更可能来自检测阶段实体 BINSP-01158 的风险累积。,早期表现为局部接触应力升高，随后振动冲击增强，最终演化为严重滚动体故障。,0.6802,BINSP-01158,InspectionRecord,inspection
BFB-01159,BRG-01159,OR007,outer_race_fault,outer_race,slight,0.6493,该样本的生命周期风险在材料阶段较突出，能够解释当前轻微外圈故障的主要失效模式。,早期表现为局部接触应力升高，随后振动冲击增强，最终演化为轻微外圈故障。,0.6901,BMAT-00140,MaterialBatch,material
BFB-01160,BRG-01160,B014,rolling_element_fault,rolling_element,medium,0.7,该样本的生命周期风险在装配阶段较突出，能够解释当前中等滚动体故障的主要失效模式。,风险首先在装配阶段形成隐患，运行中持续放大，并通过温度与振动指标表现出来。,0.7661,BASM-01160,AssemblyRecord,assembly
BFB-01161,BRG-01161,B014,rolling_element_fault,rolling_element,medium,0.7783,结合振动、峭度和温升特征，滚动体故障与装配阶段异常高度一致，优先追溯到 BASM-01161。,异常由微小缺陷逐步发展为周期性冲击，检测指标随严重度上升而同步恶化。,0.6523,BASM-01161,AssemblyRecord,assembly
BFB-01162,BRG-01162,OR014,outer_race_fault,outer_race,medium,0.7709,该样本的生命周期风险在装配阶段较突出，能够解释当前中等外圈故障的主要失效模式。,异常由微小缺陷逐步发展为周期性冲击，检测指标随严重度上升而同步恶化。,0.6683,BASM-01162,AssemblyRecord,assembly
BFB-01163,BRG-01163,B014,rolling_element_fault,rolling_element,medium,0.6962,该样本的生命周期风险在装配阶段较突出，能够解释当前中等滚动体故障的主要失效模式。,异常由微小缺陷逐步发展为周期性冲击，检测指标随严重度上升而同步恶化。,0.6709,BASM-01163,AssemblyRecord,assembly
BFB-01164,BRG-01164,Normal,normal,none,normal,0.9006,该轴承样本生命周期风险较低，未形成明确故障追溯链。,运行状态平稳，检测指标未呈现持续恶化趋势。,0.7864,NORMAL_BASELINE,QualityFeedback,feedback
BFB-01165,BRG-01165,OR007,outer_race_fault,outer_race,slight,0.6817,诊断结果显示轴承出现轻微外圈故障，根因更可能来自制造阶段实体 BMAN-00816 的风险累积。,异常由微小缺陷逐步发展为周期性冲击，检测指标随严重度上升而同步恶化。,0.7461,BMAN-00816,ManufacturingBatch,manufacturing
BFB-01166,BRG-01166,IR014,inner_race_fault,inner_race,medium,0.6931,该样本的生命周期风险在装配阶段较突出，能够解释当前中等内圈故障的主要失效模式。,风险首先在装配阶段形成隐患，运行中持续放大，并通过温度与振动指标表现出来。,0.5987,BASM-01166,AssemblyRecord,assembly
BFB-01167,BRG-01167,OR014,outer_race_fault,outer_race,medium,0.6392,结合振动、峭度和温升特征，外圈故障与制造阶段异常高度一致，优先追溯到 BMAN-00787。,早期表现为局部接触应力升高，随后振动冲击增强，最终演化为中等外圈故障。,0.6162,BMAN-00787,ManufacturingBatch,manufacturing
BFB-01168,BRG-01168,OR021,outer_race_fault,outer_race,severe,0.7188,结合振动、峭度和温升特征，外圈故障与制造阶段异常高度一致，优先追溯到 BMAN-00170。,早期表现为局部接触应力升高，随后振动冲击增强，最终演化为严重外圈故障。,0.6614,BMAN-00170,ManufacturingBatch,manufacturing
BFB-01169,BRG-01169,IR007,inner_race_fault,inner_race,slight,0.6581,诊断结果显示轴承出现轻微内圈故障，根因更可能来自材料阶段实体 BMAT-00270 的风险累积。,异常由微小缺陷逐步发展为周期性冲击，检测指标随严重度上升而同步恶化。,0.6936,BMAT-00270,MaterialBatch,material
BFB-01170,BRG-01170,Normal,normal,none,normal,0.9132,该轴承样本生命周期风险较低，未形成明确故障追溯链。,运行状态平稳，检测指标未呈现持续恶化趋势。,0.7854,NORMAL_BASELINE,QualityFeedback,feedback
BFB-01171,BRG-01171,OR021,outer_race_fault,outer_race,severe,0.7279,该样本的生命周期风险在设计阶段较突出，能够解释当前严重外圈故障的主要失效模式。,风险首先在设计阶段形成隐患，运行中持续放大，并通过温度与振动指标表现出来。,0.7972,BDES-00389,BearingDesignSpec,design
BFB-01172,BRG-01172,Normal,normal,none,normal,0.9551,该轴承样本生命周期风险较低，未形成明确故障追溯链。,运行状态平稳，检测指标未呈现持续恶化趋势。,0.8165,NORMAL_BASELINE,QualityFeedback,feedback
BFB-01173,BRG-01173,IR014,inner_race_fault,inner_race,medium,0.7589,诊断结果显示轴承出现中等内圈故障，根因更可能来自设计阶段实体 BDES-00078 的风险累积。,风险首先在设计阶段形成隐患，运行中持续放大，并通过温度与振动指标表现出来。,0.7086,BDES-00078,BearingDesignSpec,design
BFB-01174,BRG-01174,IR014,inner_race_fault,inner_race,medium,0.7297,该样本的生命周期风险在运维阶段较突出，能够解释当前中等内圈故障的主要失效模式。,异常由微小缺陷逐步发展为周期性冲击，检测指标随严重度上升而同步恶化。,0.6894,BOPR-01174,MaintenanceRecord,operation
BFB-01175,BRG-01175,Normal,normal,none,normal,0.9225,该轴承样本生命周期风险较低，未形成明确故障追溯链。,运行状态平稳，检测指标未呈现持续恶化趋势。,0.8833,NORMAL_BASELINE,QualityFeedback,feedback
BFB-01176,BRG-01176,Normal,normal,none,normal,0.9225,该轴承样本生命周期风险较低，未形成明确故障追溯链。,运行状态平稳，检测指标未呈现持续恶化趋势。,0.8891,NORMAL_BASELINE,QualityFeedback,feedback
BFB-01177,BRG-01177,B007,rolling_element_fault,rolling_element,slight,0.687,该样本的生命周期风险在制造阶段较突出，能够解释当前轻微滚动体故障的主要失效模式。,异常由微小缺陷逐步发展为周期性冲击，检测指标随严重度上升而同步恶化。,0.6734,BMAN-00359,ManufacturingBatch,manufacturing
BFB-01178,BRG-01178,Normal,normal,none,normal,0.9582,该轴承样本生命周期风险较低，未形成明确故障追溯链。,运行状态平稳，检测指标未呈现持续恶化趋势。,0.8753,NORMAL_BASELINE,QualityFeedback,feedback
BFB-01179,BRG-01179,OR021,outer_race_fault,outer_race,severe,0.7182,诊断结果显示轴承出现严重外圈故障，根因更可能来自装配阶段实体 BASM-01179 的风险累积。,早期表现为局部接触应力升高，随后振动冲击增强，最终演化为严重外圈故障。,0.7047,BASM-01179,AssemblyRecord,assembly
BFB-01180,BRG-01180,B014,rolling_element_fault,rolling_element,medium,0.8075,该样本的生命周期风险在运维阶段较突出，能够解释当前中等滚动体故障的主要失效模式。,风险首先在运维阶段形成隐患，运行中持续放大，并通过温度与振动指标表现出来。,0.7243,BOPR-01180,MaintenanceRecord,operation
BFB-01181,BRG-01181,Normal,normal,none,normal,0.9524,该轴承样本生命周期风险较低，未形成明确故障追溯链。,运行状态平稳，检测指标未呈现持续恶化趋势。,0.812,NORMAL_BASELINE,QualityFeedback,feedback
BFB-01182,BRG-01182,Normal,normal,none,normal,0.9287,该轴承样本生命周期风险较低，未形成明确故障追溯链。,运行状态平稳，检测指标未呈现持续恶化趋势。,0.7988,NORMAL_BASELINE,QualityFeedback,feedback
BFB-01183,BRG-01183,IR021,inner_race_fault,inner_race,severe,0.748,该样本的生命周期风险在制造阶段较突出，能够解释当前严重内圈故障的主要失效模式。,风险首先在制造阶段形成隐患，运行中持续放大，并通过温度与振动指标表现出来。,0.6537,BMAN-00657,ManufacturingBatch,manufacturing
BFB-01184,BRG-01184,B014,rolling_element_fault,rolling_element,medium,0.6466,结合振动、峭度和温升特征，滚动体故障与制造阶段异常高度一致，优先追溯到 BMAN-00462。,早期表现为局部接触应力升高，随后振动冲击增强，最终演化为中等滚动体故障。,0.6195,BMAN-00462,ManufacturingBatch,manufacturing
BFB-01185,BRG-01185,OR014,outer_race_fault,outer_race,medium,0.718,结合振动、峭度和温升特征，外圈故障与材料阶段异常高度一致，优先追溯到 BMAT-00332。,早期表现为局部接触应力升高，随后振动冲击增强，最终演化为中等外圈故障。,0.695,BMAT-00332,MaterialBatch,material
BFB-01186,BRG-01186,OR021,outer_race_fault,outer_race,severe,0.7368,该样本的生命周期风险在材料阶段较突出，能够解释当前严重外圈故障的主要失效模式。,早期表现为局部接触应力升高，随后振动冲击增强，最终演化为严重外圈故障。,0.6922,BMAT-00496,MaterialBatch,material
BFB-01187,BRG-01187,IR007,inner_race_fault,inner_race,slight,0.6685,结合振动、峭度和温升特征，内圈故障与制造阶段异常高度一致，优先追溯到 BMAN-00351。,早期表现为局部接触应力升高，随后振动冲击增强，最终演化为轻微内圈故障。,0.7091,BMAN-00351,ManufacturingBatch,manufacturing
BFB-01188,BRG-01188,IR014,inner_race_fault,inner_race,medium,0.7686,该样本的生命周期风险在设计阶段较突出，能够解释当前中等内圈故障的主要失效模式。,风险首先在设计阶段形成隐患，运行中持续放大，并通过温度与振动指标表现出来。,0.649,BDES-00511,BearingDesignSpec,design
BFB-01189,BRG-01189,OR014,outer_race_fault,outer_race,medium,0.7402,结合振动、峭度和温升特征，外圈故障与制造阶段异常高度一致，优先追溯到 BMAN-00835。,风险首先在制造阶段形成隐患，运行中持续放大，并通过温度与振动指标表现出来。,0.7075,BMAN-00835,ManufacturingBatch,manufacturing
BFB-01190,BRG-01190,B014,rolling_element_fault,rolling_element,medium,0.7614,诊断结果显示轴承出现中等滚动体故障，根因更可能来自装配阶段实体 BASM-01190 的风险累积。,风险首先在装配阶段形成隐患，运行中持续放大，并通过温度与振动指标表现出来。,0.7104,BASM-01190,AssemblyRecord,assembly
BFB-01191,BRG-01191,B014,rolling_element_fault,rolling_element,medium,0.6884,诊断结果显示轴承出现中等滚动体故障，根因更可能来自材料阶段实体 BMAT-00301 的风险累积。,异常由微小缺陷逐步发展为周期性冲击，检测指标随严重度上升而同步恶化。,0.6805,BMAT-00301,MaterialBatch,material
BFB-01192,BRG-01192,OR021,outer_race_fault,outer_race,severe,0.7799,诊断结果显示轴承出现严重外圈故障，根因更可能来自装配阶段实体 BASM-01192 的风险累积。,早期表现为局部接触应力升高，随后振动冲击增强，最终演化为严重外圈故障。,0.638,BASM-01192,AssemblyRecord,assembly
BFB-01193,BRG-01193,OR007,outer_race_fault,outer_race,slight,0.6851,结合振动、峭度和温升特征，外圈故障与制造阶段异常高度一致，优先追溯到 BMAN-00689。,异常由微小缺陷逐步发展为周期性冲击，检测指标随严重度上升而同步恶化。,0.6161,BMAN-00689,ManufacturingBatch,manufacturing
BFB-01194,BRG-01194,B007,rolling_element_fault,rolling_element,slight,0.7628,结合振动、峭度和温升特征，滚动体故障与材料阶段异常高度一致，优先追溯到 BMAT-00382。,风险首先在材料阶段形成隐患，运行中持续放大，并通过温度与振动指标表现出来。,0.646,BMAT-00382,MaterialBatch,material
BFB-01195,BRG-01195,IR014,inner_race_fault,inner_race,medium,0.6949,结合振动、峭度和温升特征，内圈故障与制造阶段异常高度一致，优先追溯到 BMAN-00783。,早期表现为局部接触应力升高，随后振动冲击增强，最终演化为中等内圈故障。,0.737,BMAN-00783,ManufacturingBatch,manufacturing
BFB-01196,BRG-01196,B014,rolling_element_fault,rolling_element,medium,0.7136,该样本的生命周期风险在装配阶段较突出，能够解释当前中等滚动体故障的主要失效模式。,早期表现为局部接触应力升高，随后振动冲击增强，最终演化为中等滚动体故障。,0.8044,BASM-01196,AssemblyRecord,assembly
BFB-01197,BRG-01197,Normal,normal,none,normal,0.9102,该轴承样本生命周期风险较低，未形成明确故障追溯链。,运行状态平稳，检测指标未呈现持续恶化趋势。,0.8716,NORMAL_BASELINE,QualityFeedback,feedback
BFB-01198,BRG-01198,OR014,outer_race_fault,outer_race,medium,0.6837,诊断结果显示轴承出现中等外圈故障，根因更可能来自装配阶段实体 BASM-01198 的风险累积。,风险首先在装配阶段形成隐患，运行中持续放大，并通过温度与振动指标表现出来。,0.6051,BASM-01198,AssemblyRecord,assembly
BFB-01199,BRG-01199,IR014,inner_race_fault,inner_race,medium,0.6809,诊断结果显示轴承出现中等内圈故障，根因更可能来自材料阶段实体 BMAT-00180 的风险累积。,异常由微小缺陷逐步发展为周期性冲击，检测指标随严重度上升而同步恶化。,0.6363,BMAT-00180,MaterialBatch,material
BFB-01200,BRG-01200,IR014,inner_race_fault,inner_race,medium,0.6525,结合振动、峭度和温升特征，内圈故障与材料阶段异常高度一致，优先追溯到 BMAT-00006。,早期表现为局部接触应力升高，随后振动冲击增强，最终演化为中等内圈故障。,0.654,BMAT-00006,MaterialBatch,material
BFB-01201,BRG-01201,IR007,inner_race_fault,inner_race,slight,0.7022,结合振动、峭度和温升特征，内圈故障与制造阶段异常高度一致，优先追溯到 BMAN-00753。,异常由微小缺陷逐步发展为周期性冲击，检测指标随严重度上升而同步恶化。,0.6869,BMAN-00753,ManufacturingBatch,manufacturing
BFB-01202,BRG-01202,OR014,outer_race_fault,outer_race,medium,0.6526,结合振动、峭度和温升特征，外圈故障与装配阶段异常高度一致，优先追溯到 BASM-01202。,早期表现为局部接触应力升高，随后振动冲击增强，最终演化为中等外圈故障。,0.6708,BASM-01202,AssemblyRecord,assembly
BFB-01203,BRG-01203,OR014,outer_race_fault,outer_race,medium,0.675,诊断结果显示轴承出现中等外圈故障，根因更可能来自制造阶段实体 BMAN-00409 的风险累积。,异常由微小缺陷逐步发展为周期性冲击，检测指标随严重度上升而同步恶化。,0.7129,BMAN-00409,ManufacturingBatch,manufacturing
BFB-01204,BRG-01204,B007,rolling_element_fault,rolling_element,slight,0.6783,该样本的生命周期风险在制造阶段较突出，能够解释当前轻微滚动体故障的主要失效模式。,异常由微小缺陷逐步发展为周期性冲击，检测指标随严重度上升而同步恶化。,0.7277,BMAN-00390,ManufacturingBatch,manufacturing
BFB-01205,BRG-01205,IR007,inner_race_fault,inner_race,slight,0.5941,结合振动、峭度和温升特征，内圈故障与检测阶段异常高度一致，优先追溯到 BINSP-01205。,早期表现为局部接触应力升高，随后振动冲击增强，最终演化为轻微内圈故障。,0.6751,BINSP-01205,InspectionRecord,inspection
BFB-01206,BRG-01206,IR014,inner_race_fault,inner_race,medium,0.6639,诊断结果显示轴承出现中等内圈故障，根因更可能来自装配阶段实体 BASM-01206 的风险累积。,异常由微小缺陷逐步发展为周期性冲击，检测指标随严重度上升而同步恶化。,0.658,BASM-01206,AssemblyRecord,assembly
BFB-01207,BRG-01207,IR021,inner_race_fault,inner_race,severe,0.7208,诊断结果显示轴承出现严重内圈故障，根因更可能来自设计阶段实体 BDES-00405 的风险累积。,风险首先在设计阶段形成隐患，运行中持续放大，并通过温度与振动指标表现出来。,0.6648,BDES-00405,BearingDesignSpec,design
BFB-01208,BRG-01208,IR021,inner_race_fault,inner_race,severe,0.716,结合振动、峭度和温升特征，内圈故障与装配阶段异常高度一致，优先追溯到 BASM-01208。,早期表现为局部接触应力升高，随后振动冲击增强，最终演化为严重内圈故障。,0.6084,BASM-01208,AssemblyRecord,assembly
BFB-01209,BRG-01209,IR021,inner_race_fault,inner_race,severe,0.7282,结合振动、峭度和温升特征，内圈故障与材料阶段异常高度一致，优先追溯到 BMAT-00239。,异常由微小缺陷逐步发展为周期性冲击，检测指标随严重度上升而同步恶化。,0.7351,BMAT-00239,MaterialBatch,material
BFB-01210,BRG-01210,IR021,inner_race_fault,inner_race,severe,0.6895,该样本的生命周期风险在材料阶段较突出，能够解释当前严重内圈故障的主要失效模式。,异常由微小缺陷逐步发展为周期性冲击，检测指标随严重度上升而同步恶化。,0.6969,BMAT-00471,MaterialBatch,material
BFB-01211,BRG-01211,IR014,inner_race_fault,inner_race,medium,0.6499,该样本的生命周期风险在设计阶段较突出，能够解释当前中等内圈故障的主要失效模式。,早期表现为局部接触应力升高，随后振动冲击增强，最终演化为中等内圈故障。,0.7127,BDES-00681,BearingDesignSpec,design
BFB-01212,BRG-01212,B007,rolling_element_fault,rolling_element,slight,0.7428,诊断结果显示轴承出现轻微滚动体故障，根因更可能来自材料阶段实体 BMAT-00029 的风险累积。,风险首先在材料阶段形成隐患，运行中持续放大，并通过温度与振动指标表现出来。,0.6415,BMAT-00029,MaterialBatch,material
BFB-01213,BRG-01213,IR021,inner_race_fault,inner_race,severe,0.6824,诊断结果显示轴承出现严重内圈故障，根因更可能来自设计阶段实体 BDES-00626 的风险累积。,异常由微小缺陷逐步发展为周期性冲击，检测指标随严重度上升而同步恶化。,0.6809,BDES-00626,BearingDesignSpec,design
BFB-01214,BRG-01214,OR007,outer_race_fault,outer_race,slight,0.6056,结合振动、峭度和温升特征，外圈故障与制造阶段异常高度一致，优先追溯到 BMAN-00541。,风险首先在制造阶段形成隐患，运行中持续放大，并通过温度与振动指标表现出来。,0.6001,BMAN-00541,ManufacturingBatch,manufacturing
BFB-01215,BRG-01215,OR021,outer_race_fault,outer_race,severe,0.7041,该样本的生命周期风险在制造阶段较突出，能够解释当前严重外圈故障的主要失效模式。,异常由微小缺陷逐步发展为周期性冲击，检测指标随严重度上升而同步恶化。,0.6666,BMAN-00252,ManufacturingBatch,manufacturing
BFB-01216,BRG-01216,IR014,inner_race_fault,inner_race,medium,0.7267,结合振动、峭度和温升特征，内圈故障与制造阶段异常高度一致，优先追溯到 BMAN-01130。,异常由微小缺陷逐步发展为周期性冲击，检测指标随严重度上升而同步恶化。,0.628,BMAN-01130,ManufacturingBatch,manufacturing
BFB-01217,BRG-01217,B007,rolling_element_fault,rolling_element,slight,0.6138,诊断结果显示轴承出现轻微滚动体故障，根因更可能来自检测阶段实体 BINSP-01217 的风险累积。,风险首先在检测阶段形成隐患，运行中持续放大，并通过温度与振动指标表现出来。,0.5924,BINSP-01217,InspectionRecord,inspection
BFB-01218,BRG-01218,Normal,normal,none,normal,0.9263,该轴承样本生命周期风险较低，未形成明确故障追溯链。,运行状态平稳，检测指标未呈现持续恶化趋势。,0.8511,NORMAL_BASELINE,QualityFeedback,feedback
BFB-01219,BRG-01219,Normal,normal,none,normal,0.953,该轴承样本生命周期风险较低，未形成明确故障追溯链。,运行状态平稳，检测指标未呈现持续恶化趋势。,0.8482,NORMAL_BASELINE,QualityFeedback,feedback
BFB-01220,BRG-01220,OR014,outer_race_fault,outer_race,medium,0.7127,结合振动、峭度和温升特征，外圈故障与制造阶段异常高度一致，优先追溯到 BMAN-00519。,异常由微小缺陷逐步发展为周期性冲击，检测指标随严重度上升而同步恶化。,0.6212,BMAN-00519,ManufacturingBatch,manufacturing
BFB-01221,BRG-01221,B014,rolling_element_fault,rolling_element,medium,0.6637,该样本的生命周期风险在检测阶段较突出，能够解释当前中等滚动体故障的主要失效模式。,早期表现为局部接触应力升高，随后振动冲击增强，最终演化为中等滚动体故障。,0.6249,BINSP-01221,InspectionRecord,inspection
BFB-01222,BRG-01222,OR007,outer_race_fault,outer_race,slight,0.5928,诊断结果显示轴承出现轻微外圈故障，根因更可能来自制造阶段实体 BMAN-01133 的风险累积。,早期表现为局部接触应力升高，随后振动冲击增强，最终演化为轻微外圈故障。,0.6454,BMAN-01133,ManufacturingBatch,manufacturing
BFB-01223,BRG-01223,OR007,outer_race_fault,outer_race,slight,0.6796,结合振动、峭度和温升特征，外圈故障与制造阶段异常高度一致，优先追溯到 BMAN-00572。,早期表现为局部接触应力升高，随后振动冲击增强，最终演化为轻微外圈故障。,0.6771,BMAN-00572,ManufacturingBatch,manufacturing
BFB-01224,BRG-01224,OR021,outer_race_fault,outer_race,severe,0.7263,该样本的生命周期风险在装配阶段较突出，能够解释当前严重外圈故障的主要失效模式。,风险首先在装配阶段形成隐患，运行中持续放大，并通过温度与振动指标表现出来。,0.6843,BASM-01224,AssemblyRecord,assembly
BFB-01225,BRG-01225,IR021,inner_race_fault,inner_race,severe,0.7313,诊断结果显示轴承出现严重内圈故障，根因更可能来自装配阶段实体 BASM-01225 的风险累积。,风险首先在装配阶段形成隐患，运行中持续放大，并通过温度与振动指标表现出来。,0.6417,BASM-01225,AssemblyRecord,assembly
BFB-01226,BRG-01226,IR014,inner_race_fault,inner_race,medium,0.7632,诊断结果显示轴承出现中等内圈故障，根因更可能来自材料阶段实体 BMAT-00172 的风险累积。,风险首先在材料阶段形成隐患，运行中持续放大，并通过温度与振动指标表现出来。,0.691,BMAT-00172,MaterialBatch,material
BFB-01227,BRG-01227,OR021,outer_race_fault,outer_race,severe,0.7261,诊断结果显示轴承出现严重外圈故障，根因更可能来自运维阶段实体 BOPR-01227 的风险累积。,风险首先在运维阶段形成隐患，运行中持续放大，并通过温度与振动指标表现出来。,0.7188,BOPR-01227,MaintenanceRecord,operation
BFB-01228,BRG-01228,Normal,normal,none,normal,0.8831,该轴承样本生命周期风险较低，未形成明确故障追溯链。,运行状态平稳，检测指标未呈现持续恶化趋势。,0.8784,NORMAL_BASELINE,QualityFeedback,feedback
BFB-01229,BRG-01229,IR014,inner_race_fault,inner_race,medium,0.7879,诊断结果显示轴承出现中等内圈故障，根因更可能来自装配阶段实体 BASM-01229 的风险累积。,异常由微小缺陷逐步发展为周期性冲击，检测指标随严重度上升而同步恶化。,0.7246,BASM-01229,AssemblyRecord,assembly
BFB-01230,BRG-01230,B007,rolling_element_fault,rolling_element,slight,0.7176,该样本的生命周期风险在材料阶段较突出，能够解释当前轻微滚动体故障的主要失效模式。,异常由微小缺陷逐步发展为周期性冲击，检测指标随严重度上升而同步恶化。,0.6407,BMAT-00390,MaterialBatch,material
BFB-01231,BRG-01231,IR021,inner_race_fault,inner_race,severe,0.7354,该样本的生命周期风险在材料阶段较突出，能够解释当前严重内圈故障的主要失效模式。,风险首先在材料阶段形成隐患，运行中持续放大，并通过温度与振动指标表现出来。,0.6799,BMAT-00307,MaterialBatch,material
BFB-01232,BRG-01232,B021,rolling_element_fault,rolling_element,severe,0.777,结合振动、峭度和温升特征，滚动体故障与材料阶段异常高度一致，优先追溯到 BMAT-00145。,早期表现为局部接触应力升高，随后振动冲击增强，最终演化为严重滚动体故障。,0.7375,BMAT-00145,MaterialBatch,material
BFB-01233,BRG-01233,OR021,outer_race_fault,outer_race,severe,0.7453,该样本的生命周期风险在材料阶段较突出，能够解释当前严重外圈故障的主要失效模式。,早期表现为局部接触应力升高，随后振动冲击增强，最终演化为严重外圈故障。,0.6614,BMAT-00362,MaterialBatch,material
BFB-01234,BRG-01234,OR021,outer_race_fault,outer_race,severe,0.8364,结合振动、峭度和温升特征，外圈故障与材料阶段异常高度一致，优先追溯到 BMAT-00077。,早期表现为局部接触应力升高，随后振动冲击增强，最终演化为严重外圈故障。,0.788,BMAT-00077,MaterialBatch,material
BFB-01235,BRG-01235,IR014,inner_race_fault,inner_race,medium,0.6607,诊断结果显示轴承出现中等内圈故障，根因更可能来自制造阶段实体 BMAN-00858 的风险累积。,早期表现为局部接触应力升高，随后振动冲击增强，最终演化为中等内圈故障。,0.6862,BMAN-00858,ManufacturingBatch,manufacturing
BFB-01236,BRG-01236,B021,rolling_element_fault,rolling_element,severe,0.68,该样本的生命周期风险在装配阶段较突出，能够解释当前严重滚动体故障的主要失效模式。,风险首先在装配阶段形成隐患，运行中持续放大，并通过温度与振动指标表现出来。,0.674,BASM-01236,AssemblyRecord,assembly
BFB-01237,BRG-01237,B014,rolling_element_fault,rolling_element,medium,0.7447,诊断结果显示轴承出现中等滚动体故障，根因更可能来自装配阶段实体 BASM-01237 的风险累积。,异常由微小缺陷逐步发展为周期性冲击，检测指标随严重度上升而同步恶化。,0.7379,BASM-01237,AssemblyRecord,assembly
BFB-01238,BRG-01238,IR014,inner_race_fault,inner_race,medium,0.7114,该样本的生命周期风险在材料阶段较突出，能够解释当前中等内圈故障的主要失效模式。,风险首先在材料阶段形成隐患，运行中持续放大，并通过温度与振动指标表现出来。,0.7367,BMAT-00046,MaterialBatch,material
BFB-01239,BRG-01239,B007,rolling_element_fault,rolling_element,slight,0.6845,结合振动、峭度和温升特征，滚动体故障与运维阶段异常高度一致，优先追溯到 BOPR-01239。,风险首先在运维阶段形成隐患，运行中持续放大，并通过温度与振动指标表现出来。,0.6968,BOPR-01239,MaintenanceRecord,operation
BFB-01240,BRG-01240,IR007,inner_race_fault,inner_race,slight,0.6492,诊断结果显示轴承出现轻微内圈故障，根因更可能来自制造阶段实体 BMAN-00931 的风险累积。,异常由微小缺陷逐步发展为周期性冲击，检测指标随严重度上升而同步恶化。,0.6569,BMAN-00931,ManufacturingBatch,manufacturing
BFB-01241,BRG-01241,OR014,outer_race_fault,outer_race,medium,0.6745,结合振动、峭度和温升特征，外圈故障与装配阶段异常高度一致，优先追溯到 BASM-01241。,异常由微小缺陷逐步发展为周期性冲击，检测指标随严重度上升而同步恶化。,0.6427,BASM-01241,AssemblyRecord,assembly
BFB-01242,BRG-01242,OR021,outer_race_fault,outer_race,severe,0.7235,结合振动、峭度和温升特征，外圈故障与装配阶段异常高度一致，优先追溯到 BASM-01242。,异常由微小缺陷逐步发展为周期性冲击，检测指标随严重度上升而同步恶化。,0.651,BASM-01242,AssemblyRecord,assembly
BFB-01243,BRG-01243,B021,rolling_element_fault,rolling_element,severe,0.851,该样本的生命周期风险在设计阶段较突出，能够解释当前严重滚动体故障的主要失效模式。,异常由微小缺陷逐步发展为周期性冲击，检测指标随严重度上升而同步恶化。,0.687,BDES-00317,BearingDesignSpec,design
BFB-01244,BRG-01244,Normal,normal,none,normal,0.8971,该轴承样本生命周期风险较低，未形成明确故障追溯链。,运行状态平稳，检测指标未呈现持续恶化趋势。,0.8455,NORMAL_BASELINE,QualityFeedback,feedback
BFB-01245,BRG-01245,OR007,outer_race_fault,outer_race,slight,0.6436,该样本的生命周期风险在制造阶段较突出，能够解释当前轻微外圈故障的主要失效模式。,风险首先在制造阶段形成隐患，运行中持续放大，并通过温度与振动指标表现出来。,0.5997,BMAN-01156,ManufacturingBatch,manufacturing
BFB-01246,BRG-01246,OR014,outer_race_fault,outer_race,medium,0.6885,诊断结果显示轴承出现中等外圈故障，根因更可能来自制造阶段实体 BMAN-00560 的风险累积。,风险首先在制造阶段形成隐患，运行中持续放大，并通过温度与振动指标表现出来。,0.6233,BMAN-00560,ManufacturingBatch,manufacturing
BFB-01247,BRG-01247,Normal,normal,none,normal,0.9414,该轴承样本生命周期风险较低，未形成明确故障追溯链。,运行状态平稳，检测指标未呈现持续恶化趋势。,0.8503,NORMAL_BASELINE,QualityFeedback,feedback
BFB-01248,BRG-01248,B021,rolling_element_fault,rolling_element,severe,0.7585,诊断结果显示轴承出现严重滚动体故障，根因更可能来自材料阶段实体 BMAT-00315 的风险累积。,早期表现为局部接触应力升高，随后振动冲击增强，最终演化为严重滚动体故障。,0.7147,BMAT-00315,MaterialBatch,material
BFB-01249,BRG-01249,IR007,inner_race_fault,inner_race,slight,0.6822,诊断结果显示轴承出现轻微内圈故障，根因更可能来自装配阶段实体 BASM-01249 的风险累积。,风险首先在装配阶段形成隐患，运行中持续放大，并通过温度与振动指标表现出来。,0.6266,BASM-01249,AssemblyRecord,assembly
BFB-01250,BRG-01250,OR021,outer_race_fault,outer_race,severe,0.759,结合振动、峭度和温升特征，外圈故障与制造阶段异常高度一致，优先追溯到 BMAN-00578。,异常由微小缺陷逐步发展为周期性冲击，检测指标随严重度上升而同步恶化。,0.7282,BMAN-00578,ManufacturingBatch,manufacturing
BFB-01251,BRG-01251,OR014,outer_race_fault,outer_race,medium,0.7122,该样本的生命周期风险在设计阶段较突出，能够解释当前中等外圈故障的主要失效模式。,异常由微小缺陷逐步发展为周期性冲击，检测指标随严重度上升而同步恶化。,0.7824,BDES-00518,BearingDesignSpec,design
BFB-01252,BRG-01252,IR007,inner_race_fault,inner_race,slight,0.6149,该样本的生命周期风险在制造阶段较突出，能够解释当前轻微内圈故障的主要失效模式。,风险首先在制造阶段形成隐患，运行中持续放大，并通过温度与振动指标表现出来。,0.7506,BMAN-01104,ManufacturingBatch,manufacturing
BFB-01253,BRG-01253,OR007,outer_race_fault,outer_race,slight,0.6302,诊断结果显示轴承出现轻微外圈故障，根因更可能来自制造阶段实体 BMAN-00981 的风险累积。,风险首先在制造阶段形成隐患，运行中持续放大，并通过温度与振动指标表现出来。,0.6424,BMAN-00981,ManufacturingBatch,manufacturing
BFB-01254,BRG-01254,OR007,outer_race_fault,outer_race,slight,0.5904,该样本的生命周期风险在装配阶段较突出，能够解释当前轻微外圈故障的主要失效模式。,异常由微小缺陷逐步发展为周期性冲击，检测指标随严重度上升而同步恶化。,0.5863,BASM-01254,AssemblyRecord,assembly
BFB-01255,BRG-01255,OR014,outer_race_fault,outer_race,medium,0.8263,结合振动、峭度和温升特征，外圈故障与材料阶段异常高度一致，优先追溯到 BMAT-00263。,风险首先在材料阶段形成隐患，运行中持续放大，并通过温度与振动指标表现出来。,0.6519,BMAT-00263,MaterialBatch,material
BFB-01256,BRG-01256,OR021,outer_race_fault,outer_race,severe,0.7469,结合振动、峭度和温升特征，外圈故障与制造阶段异常高度一致，优先追溯到 BMAN-00555。,早期表现为局部接触应力升高，随后振动冲击增强，最终演化为严重外圈故障。,0.6037,BMAN-00555,ManufacturingBatch,manufacturing
BFB-01257,BRG-01257,B014,rolling_element_fault,rolling_element,medium,0.7097,诊断结果显示轴承出现中等滚动体故障，根因更可能来自材料阶段实体 BMAT-00109 的风险累积。,风险首先在材料阶段形成隐患，运行中持续放大，并通过温度与振动指标表现出来。,0.7003,BMAT-00109,MaterialBatch,material
BFB-01258,BRG-01258,B014,rolling_element_fault,rolling_element,medium,0.716,诊断结果显示轴承出现中等滚动体故障，根因更可能来自装配阶段实体 BASM-01258 的风险累积。,异常由微小缺陷逐步发展为周期性冲击，检测指标随严重度上升而同步恶化。,0.5854,BASM-01258,AssemblyRecord,assembly
BFB-01259,BRG-01259,Normal,normal,none,normal,0.8945,该轴承样本生命周期风险较低，未形成明确故障追溯链。,运行状态平稳，检测指标未呈现持续恶化趋势。,0.8622,NORMAL_BASELINE,QualityFeedback,feedback
BFB-01260,BRG-01260,IR007,inner_race_fault,inner_race,slight,0.6108,结合振动、峭度和温升特征，内圈故障与装配阶段异常高度一致，优先追溯到 BASM-01260。,风险首先在装配阶段形成隐患，运行中持续放大，并通过温度与振动指标表现出来。,0.6513,BASM-01260,AssemblyRecord,assembly
BFB-01261,BRG-01261,OR021,outer_race_fault,outer_race,severe,0.68,该样本的生命周期风险在检测阶段较突出，能够解释当前严重外圈故障的主要失效模式。,早期表现为局部接触应力升高，随后振动冲击增强，最终演化为严重外圈故障。,0.7095,BINSP-01261,InspectionRecord,inspection
BFB-01262,BRG-01262,IR014,inner_race_fault,inner_race,medium,0.7119,诊断结果显示轴承出现中等内圈故障，根因更可能来自材料阶段实体 BMAT-00363 的风险累积。,风险首先在材料阶段形成隐患，运行中持续放大，并通过温度与振动指标表现出来。,0.6327,BMAT-00363,MaterialBatch,material
BFB-01263,BRG-01263,Normal,normal,none,normal,0.8664,该轴承样本生命周期风险较低，未形成明确故障追溯链。,运行状态平稳，检测指标未呈现持续恶化趋势。,0.7916,NORMAL_BASELINE,QualityFeedback,feedback
BFB-01264,BRG-01264,Normal,normal,none,normal,0.8769,该轴承样本生命周期风险较低，未形成明确故障追溯链。,运行状态平稳，检测指标未呈现持续恶化趋势。,0.8352,NORMAL_BASELINE,QualityFeedback,feedback
BFB-01265,BRG-01265,OR014,outer_race_fault,outer_race,medium,0.6937,结合振动、峭度和温升特征，外圈故障与装配阶段异常高度一致，优先追溯到 BASM-01265。,异常由微小缺陷逐步发展为周期性冲击，检测指标随严重度上升而同步恶化。,0.7219,BASM-01265,AssemblyRecord,assembly
BFB-01266,BRG-01266,IR014,inner_race_fault,inner_race,medium,0.6647,结合振动、峭度和温升特征，内圈故障与装配阶段异常高度一致，优先追溯到 BASM-01266。,早期表现为局部接触应力升高，随后振动冲击增强，最终演化为中等内圈故障。,0.6646,BASM-01266,AssemblyRecord,assembly
BFB-01267,BRG-01267,B021,rolling_element_fault,rolling_element,severe,0.6992,诊断结果显示轴承出现严重滚动体故障，根因更可能来自运维阶段实体 BOPR-01267 的风险累积。,早期表现为局部接触应力升高，随后振动冲击增强，最终演化为严重滚动体故障。,0.6398,BOPR-01267,MaintenanceRecord,operation
BFB-01268,BRG-01268,B014,rolling_element_fault,rolling_element,medium,0.6787,结合振动、峭度和温升特征，滚动体故障与制造阶段异常高度一致，优先追溯到 BMAN-01190。,异常由微小缺陷逐步发展为周期性冲击，检测指标随严重度上升而同步恶化。,0.752,BMAN-01190,ManufacturingBatch,manufacturing
BFB-01269,BRG-01269,OR014,outer_race_fault,outer_race,medium,0.6895,诊断结果显示轴承出现中等外圈故障，根因更可能来自制造阶段实体 BMAN-00693 的风险累积。,异常由微小缺陷逐步发展为周期性冲击，检测指标随严重度上升而同步恶化。,0.6599,BMAN-00693,ManufacturingBatch,manufacturing
BFB-01270,BRG-01270,IR007,inner_race_fault,inner_race,slight,0.7173,诊断结果显示轴承出现轻微内圈故障，根因更可能来自设计阶段实体 BDES-00619 的风险累积。,风险首先在设计阶段形成隐患，运行中持续放大，并通过温度与振动指标表现出来。,0.6447,BDES-00619,BearingDesignSpec,design
BFB-01271,BRG-01271,OR007,outer_race_fault,outer_race,slight,0.7234,该样本的生命周期风险在装配阶段较突出，能够解释当前轻微外圈故障的主要失效模式。,早期表现为局部接触应力升高，随后振动冲击增强，最终演化为轻微外圈故障。,0.6572,BASM-01271,AssemblyRecord,assembly
BFB-01272,BRG-01272,IR014,inner_race_fault,inner_race,medium,0.7451,结合振动、峭度和温升特征，内圈故障与制造阶段异常高度一致，优先追溯到 BMAN-00624。,风险首先在制造阶段形成隐患，运行中持续放大，并通过温度与振动指标表现出来。,0.7331,BMAN-00624,ManufacturingBatch,manufacturing
BFB-01273,BRG-01273,B014,rolling_element_fault,rolling_element,medium,0.6994,该样本的生命周期风险在检测阶段较突出，能够解释当前中等滚动体故障的主要失效模式。,异常由微小缺陷逐步发展为周期性冲击，检测指标随严重度上升而同步恶化。,0.7464,BINSP-01273,InspectionRecord,inspection
BFB-01274,BRG-01274,Normal,normal,none,normal,0.8689,该轴承样本生命周期风险较低，未形成明确故障追溯链。,运行状态平稳，检测指标未呈现持续恶化趋势。,0.7999,NORMAL_BASELINE,QualityFeedback,feedback
BFB-01275,BRG-01275,B014,rolling_element_fault,rolling_element,medium,0.7158,结合振动、峭度和温升特征，滚动体故障与材料阶段异常高度一致，优先追溯到 BMAT-00151。,异常由微小缺陷逐步发展为周期性冲击，检测指标随严重度上升而同步恶化。,0.673,BMAT-00151,MaterialBatch,material
BFB-01276,BRG-01276,IR007,inner_race_fault,inner_race,slight,0.6387,该样本的生命周期风险在制造阶段较突出，能够解释当前轻微内圈故障的主要失效模式。,异常由微小缺陷逐步发展为周期性冲击，检测指标随严重度上升而同步恶化。,0.6562,BMAN-00154,ManufacturingBatch,manufacturing
BFB-01277,BRG-01277,OR014,outer_race_fault,outer_race,medium,0.7423,结合振动、峭度和温升特征，外圈故障与制造阶段异常高度一致，优先追溯到 BMAN-00116。,早期表现为局部接触应力升高，随后振动冲击增强，最终演化为中等外圈故障。,0.7023,BMAN-00116,ManufacturingBatch,manufacturing
BFB-01278,BRG-01278,B007,rolling_element_fault,rolling_element,slight,0.6547,该样本的生命周期风险在装配阶段较突出，能够解释当前轻微滚动体故障的主要失效模式。,异常由微小缺陷逐步发展为周期性冲击，检测指标随严重度上升而同步恶化。,0.6281,BASM-01278,AssemblyRecord,assembly
BFB-01279,BRG-01279,IR014,inner_race_fault,inner_race,medium,0.7316,该样本的生命周期风险在材料阶段较突出，能够解释当前中等内圈故障的主要失效模式。,风险首先在材料阶段形成隐患，运行中持续放大，并通过温度与振动指标表现出来。,0.6663,BMAT-00263,MaterialBatch,material
BFB-01280,BRG-01280,IR021,inner_race_fault,inner_race,severe,0.7105,该样本的生命周期风险在制造阶段较突出，能够解释当前严重内圈故障的主要失效模式。,早期表现为局部接触应力升高，随后振动冲击增强，最终演化为严重内圈故障。,0.6921,BMAN-01173,ManufacturingBatch,manufacturing
BFB-01281,BRG-01281,IR014,inner_race_fault,inner_race,medium,0.74,该样本的生命周期风险在材料阶段较突出，能够解释当前中等内圈故障的主要失效模式。,风险首先在材料阶段形成隐患，运行中持续放大，并通过温度与振动指标表现出来。,0.6198,BMAT-00220,MaterialBatch,material
BFB-01282,BRG-01282,IR014,inner_race_fault,inner_race,medium,0.6569,结合振动、峭度和温升特征，内圈故障与装配阶段异常高度一致，优先追溯到 BASM-01282。,早期表现为局部接触应力升高，随后振动冲击增强，最终演化为中等内圈故障。,0.707,BASM-01282,AssemblyRecord,assembly
BFB-01283,BRG-01283,B021,rolling_element_fault,rolling_element,severe,0.7599,结合振动、峭度和温升特征，滚动体故障与材料阶段异常高度一致，优先追溯到 BMAT-00495。,早期表现为局部接触应力升高，随后振动冲击增强，最终演化为严重滚动体故障。,0.7696,BMAT-00495,MaterialBatch,material
BFB-01284,BRG-01284,OR021,outer_race_fault,outer_race,severe,0.7694,诊断结果显示轴承出现严重外圈故障，根因更可能来自制造阶段实体 BMAN-00211 的风险累积。,风险首先在制造阶段形成隐患，运行中持续放大，并通过温度与振动指标表现出来。,0.6421,BMAN-00211,ManufacturingBatch,manufacturing
BFB-01285,BRG-01285,OR014,outer_race_fault,outer_race,medium,0.7339,诊断结果显示轴承出现中等外圈故障，根因更可能来自设计阶段实体 BDES-00060 的风险累积。,异常由微小缺陷逐步发展为周期性冲击，检测指标随严重度上升而同步恶化。,0.6471,BDES-00060,BearingDesignSpec,design
BFB-01286,BRG-01286,OR014,outer_race_fault,outer_race,medium,0.7217,结合振动、峭度和温升特征，外圈故障与制造阶段异常高度一致，优先追溯到 BMAN-00205。,异常由微小缺陷逐步发展为周期性冲击，检测指标随严重度上升而同步恶化。,0.6192,BMAN-00205,ManufacturingBatch,manufacturing
BFB-01287,BRG-01287,Normal,normal,none,normal,0.9361,该轴承样本生命周期风险较低，未形成明确故障追溯链。,运行状态平稳，检测指标未呈现持续恶化趋势。,0.8872,NORMAL_BASELINE,QualityFeedback,feedback
BFB-01288,BRG-01288,OR014,outer_race_fault,outer_race,medium,0.6926,结合振动、峭度和温升特征，外圈故障与制造阶段异常高度一致，优先追溯到 BMAN-00679。,风险首先在制造阶段形成隐患，运行中持续放大，并通过温度与振动指标表现出来。,0.7266,BMAN-00679,ManufacturingBatch,manufacturing
BFB-01289,BRG-01289,B021,rolling_element_fault,rolling_element,severe,0.7149,该样本的生命周期风险在检测阶段较突出，能够解释当前严重滚动体故障的主要失效模式。,早期表现为局部接触应力升高，随后振动冲击增强，最终演化为严重滚动体故障。,0.6739,BINSP-01289,InspectionRecord,inspection
BFB-01290,BRG-01290,OR014,outer_race_fault,outer_race,medium,0.7353,该样本的生命周期风险在制造阶段较突出，能够解释当前中等外圈故障的主要失效模式。,异常由微小缺陷逐步发展为周期性冲击，检测指标随严重度上升而同步恶化。,0.6369,BMAN-00003,ManufacturingBatch,manufacturing
BFB-01291,BRG-01291,B007,rolling_element_fault,rolling_element,slight,0.7193,诊断结果显示轴承出现轻微滚动体故障，根因更可能来自制造阶段实体 BMAN-00769 的风险累积。,风险首先在制造阶段形成隐患，运行中持续放大，并通过温度与振动指标表现出来。,0.7199,BMAN-00769,ManufacturingBatch,manufacturing
BFB-01292,BRG-01292,B007,rolling_element_fault,rolling_element,slight,0.6194,该样本的生命周期风险在制造阶段较突出，能够解释当前轻微滚动体故障的主要失效模式。,异常由微小缺陷逐步发展为周期性冲击，检测指标随严重度上升而同步恶化。,0.5815,BMAN-00471,ManufacturingBatch,manufacturing
BFB-01293,BRG-01293,IR007,inner_race_fault,inner_race,slight,0.6452,诊断结果显示轴承出现轻微内圈故障，根因更可能来自材料阶段实体 BMAT-00341 的风险累积。,早期表现为局部接触应力升高，随后振动冲击增强，最终演化为轻微内圈故障。,0.5919,BMAT-00341,MaterialBatch,material
BFB-01294,BRG-01294,OR014,outer_race_fault,outer_race,medium,0.747,诊断结果显示轴承出现中等外圈故障，根因更可能来自检测阶段实体 BINSP-01294 的风险累积。,早期表现为局部接触应力升高，随后振动冲击增强，最终演化为中等外圈故障。,0.7142,BINSP-01294,InspectionRecord,inspection
BFB-01295,BRG-01295,IR014,inner_race_fault,inner_race,medium,0.6939,该样本的生命周期风险在材料阶段较突出，能够解释当前中等内圈故障的主要失效模式。,异常由微小缺陷逐步发展为周期性冲击，检测指标随严重度上升而同步恶化。,0.6402,BMAT-00420,MaterialBatch,material
BFB-01296,BRG-01296,B014,rolling_element_fault,rolling_element,medium,0.7,该样本的生命周期风险在运维阶段较突出，能够解释当前中等滚动体故障的主要失效模式。,异常由微小缺陷逐步发展为周期性冲击，检测指标随严重度上升而同步恶化。,0.6993,BOPR-01296,MaintenanceRecord,operation
BFB-01297,BRG-01297,IR007,inner_race_fault,inner_race,slight,0.7561,诊断结果显示轴承出现轻微内圈故障，根因更可能来自运维阶段实体 BOPR-01297 的风险累积。,风险首先在运维阶段形成隐患，运行中持续放大，并通过温度与振动指标表现出来。,0.5569,BOPR-01297,MaintenanceRecord,operation
BFB-01298,BRG-01298,IR007,inner_race_fault,inner_race,slight,0.7071,诊断结果显示轴承出现轻微内圈故障，根因更可能来自制造阶段实体 BMAN-00624 的风险累积。,早期表现为局部接触应力升高，随后振动冲击增强，最终演化为轻微内圈故障。,0.6613,BMAN-00624,ManufacturingBatch,manufacturing
BFB-01299,BRG-01299,IR007,inner_race_fault,inner_race,slight,0.6732,该样本的生命周期风险在制造阶段较突出，能够解释当前轻微内圈故障的主要失效模式。,风险首先在制造阶段形成隐患，运行中持续放大，并通过温度与振动指标表现出来。,0.645,BMAN-00300,ManufacturingBatch,manufacturing
BFB-01300,BRG-01300,OR014,outer_race_fault,outer_race,medium,0.7381,结合振动、峭度和温升特征，外圈故障与材料阶段异常高度一致，优先追溯到 BMAT-00046。,早期表现为局部接触应力升高，随后振动冲击增强，最终演化为中等外圈故障。,0.6583,BMAT-00046,MaterialBatch,material
BFB-01301,BRG-01301,IR007,inner_race_fault,inner_race,slight,0.6818,诊断结果显示轴承出现轻微内圈故障，根因更可能来自设计阶段实体 BDES-00778 的风险累积。,风险首先在设计阶段形成隐患，运行中持续放大，并通过温度与振动指标表现出来。,0.642,BDES-00778,BearingDesignSpec,design
BFB-01302,BRG-01302,OR007,outer_race_fault,outer_race,slight,0.673,诊断结果显示轴承出现轻微外圈故障，根因更可能来自装配阶段实体 BASM-01302 的风险累积。,早期表现为局部接触应力升高，随后振动冲击增强，最终演化为轻微外圈故障。,0.5982,BASM-01302,AssemblyRecord,assembly
BFB-01303,BRG-01303,OR007,outer_race_fault,outer_race,slight,0.6822,诊断结果显示轴承出现轻微外圈故障，根因更可能来自设计阶段实体 BDES-00585 的风险累积。,早期表现为局部接触应力升高，随后振动冲击增强，最终演化为轻微外圈故障。,0.6808,BDES-00585,BearingDesignSpec,design
BFB-01304,BRG-01304,OR021,outer_race_fault,outer_race,severe,0.7563,结合振动、峭度和温升特征，外圈故障与装配阶段异常高度一致，优先追溯到 BASM-01304。,风险首先在装配阶段形成隐患，运行中持续放大，并通过温度与振动指标表现出来。,0.759,BASM-01304,AssemblyRecord,assembly
BFB-01305,BRG-01305,OR014,outer_race_fault,outer_race,medium,0.7448,诊断结果显示轴承出现中等外圈故障，根因更可能来自设计阶段实体 BDES-00710 的风险累积。,风险首先在设计阶段形成隐患，运行中持续放大，并通过温度与振动指标表现出来。,0.6397,BDES-00710,BearingDesignSpec,design
BFB-01306,BRG-01306,Normal,normal,none,normal,0.8905,该轴承样本生命周期风险较低，未形成明确故障追溯链。,运行状态平稳，检测指标未呈现持续恶化趋势。,0.7892,NORMAL_BASELINE,QualityFeedback,feedback
BFB-01307,BRG-01307,IR014,inner_race_fault,inner_race,medium,0.767,该样本的生命周期风险在制造阶段较突出，能够解释当前中等内圈故障的主要失效模式。,早期表现为局部接触应力升高，随后振动冲击增强，最终演化为中等内圈故障。,0.6741,BMAN-00592,ManufacturingBatch,manufacturing
BFB-01308,BRG-01308,Normal,normal,none,normal,0.9355,该轴承样本生命周期风险较低，未形成明确故障追溯链。,运行状态平稳，检测指标未呈现持续恶化趋势。,0.8091,NORMAL_BASELINE,QualityFeedback,feedback
BFB-01309,BRG-01309,IR007,inner_race_fault,inner_race,slight,0.734,诊断结果显示轴承出现轻微内圈故障，根因更可能来自装配阶段实体 BASM-01309 的风险累积。,早期表现为局部接触应力升高，随后振动冲击增强，最终演化为轻微内圈故障。,0.7041,BASM-01309,AssemblyRecord,assembly
BFB-01310,BRG-01310,IR007,inner_race_fault,inner_race,slight,0.6647,该样本的生命周期风险在材料阶段较突出，能够解释当前轻微内圈故障的主要失效模式。,异常由微小缺陷逐步发展为周期性冲击，检测指标随严重度上升而同步恶化。,0.7269,BMAT-00447,MaterialBatch,material
BFB-01311,BRG-01311,OR014,outer_race_fault,outer_race,medium,0.7597,诊断结果显示轴承出现中等外圈故障，根因更可能来自制造阶段实体 BMAN-00503 的风险累积。,早期表现为局部接触应力升高，随后振动冲击增强，最终演化为中等外圈故障。,0.6028,BMAN-00503,ManufacturingBatch,manufacturing
BFB-01312,BRG-01312,OR014,outer_race_fault,outer_race,medium,0.6935,该样本的生命周期风险在装配阶段较突出，能够解释当前中等外圈故障的主要失效模式。,风险首先在装配阶段形成隐患，运行中持续放大，并通过温度与振动指标表现出来。,0.7025,BASM-01312,AssemblyRecord,assembly
BFB-01313,BRG-01313,OR014,outer_race_fault,outer_race,medium,0.7318,该样本的生命周期风险在材料阶段较突出，能够解释当前中等外圈故障的主要失效模式。,早期表现为局部接触应力升高，随后振动冲击增强，最终演化为中等外圈故障。,0.6012,BMAT-00007,MaterialBatch,material
BFB-01314,BRG-01314,B007,rolling_element_fault,rolling_element,slight,0.6856,该样本的生命周期风险在制造阶段较突出，能够解释当前轻微滚动体故障的主要失效模式。,异常由微小缺陷逐步发展为周期性冲击，检测指标随严重度上升而同步恶化。,0.6242,BMAN-00043,ManufacturingBatch,manufacturing
BFB-01315,BRG-01315,IR021,inner_race_fault,inner_race,severe,0.7578,结合振动、峭度和温升特征，内圈故障与检测阶段异常高度一致，优先追溯到 BINSP-01315。,早期表现为局部接触应力升高，随后振动冲击增强，最终演化为严重内圈故障。,0.7503,BINSP-01315,InspectionRecord,inspection
BFB-01316,BRG-01316,IR014,inner_race_fault,inner_race,medium,0.7412,诊断结果显示轴承出现中等内圈故障，根因更可能来自装配阶段实体 BASM-01316 的风险累积。,异常由微小缺陷逐步发展为周期性冲击，检测指标随严重度上升而同步恶化。,0.6029,BASM-01316,AssemblyRecord,assembly
BFB-01317,BRG-01317,B007,rolling_element_fault,rolling_element,slight,0.6976,结合振动、峭度和温升特征，滚动体故障与制造阶段异常高度一致，优先追溯到 BMAN-00098。,异常由微小缺陷逐步发展为周期性冲击，检测指标随严重度上升而同步恶化。,0.6075,BMAN-00098,ManufacturingBatch,manufacturing
BFB-01318,BRG-01318,IR014,inner_race_fault,inner_race,medium,0.6983,诊断结果显示轴承出现中等内圈故障，根因更可能来自制造阶段实体 BMAN-00716 的风险累积。,风险首先在制造阶段形成隐患，运行中持续放大，并通过温度与振动指标表现出来。,0.7297,BMAN-00716,ManufacturingBatch,manufacturing
BFB-01319,BRG-01319,OR021,outer_race_fault,outer_race,severe,0.6971,该样本的生命周期风险在运维阶段较突出，能够解释当前严重外圈故障的主要失效模式。,早期表现为局部接触应力升高，随后振动冲击增强，最终演化为严重外圈故障。,0.6784,BOPR-01319,MaintenanceRecord,operation
BFB-01320,BRG-01320,B014,rolling_element_fault,rolling_element,medium,0.7657,该样本的生命周期风险在装配阶段较突出，能够解释当前中等滚动体故障的主要失效模式。,早期表现为局部接触应力升高，随后振动冲击增强，最终演化为中等滚动体故障。,0.7779,BASM-01320,AssemblyRecord,assembly
BFB-01321,BRG-01321,Normal,normal,none,normal,0.9064,该轴承样本生命周期风险较低，未形成明确故障追溯链。,运行状态平稳，检测指标未呈现持续恶化趋势。,0.8912,NORMAL_BASELINE,QualityFeedback,feedback
BFB-01322,BRG-01322,IR014,inner_race_fault,inner_race,medium,0.7234,诊断结果显示轴承出现中等内圈故障，根因更可能来自设计阶段实体 BDES-00729 的风险累积。,风险首先在设计阶段形成隐患，运行中持续放大，并通过温度与振动指标表现出来。,0.6799,BDES-00729,BearingDesignSpec,design
BFB-01323,BRG-01323,IR014,inner_race_fault,inner_race,medium,0.7387,结合振动、峭度和温升特征，内圈故障与制造阶段异常高度一致，优先追溯到 BMAN-00527。,异常由微小缺陷逐步发展为周期性冲击，检测指标随严重度上升而同步恶化。,0.7085,BMAN-00527,ManufacturingBatch,manufacturing
BFB-01324,BRG-01324,OR007,outer_race_fault,outer_race,slight,0.7438,该样本的生命周期风险在制造阶段较突出，能够解释当前轻微外圈故障的主要失效模式。,早期表现为局部接触应力升高，随后振动冲击增强，最终演化为轻微外圈故障。,0.6648,BMAN-01105,ManufacturingBatch,manufacturing
BFB-01325,BRG-01325,IR014,inner_race_fault,inner_race,medium,0.6276,结合振动、峭度和温升特征，内圈故障与装配阶段异常高度一致，优先追溯到 BASM-01325。,风险首先在装配阶段形成隐患，运行中持续放大，并通过温度与振动指标表现出来。,0.6995,BASM-01325,AssemblyRecord,assembly
BFB-01326,BRG-01326,OR007,outer_race_fault,outer_race,slight,0.6202,诊断结果显示轴承出现轻微外圈故障，根因更可能来自装配阶段实体 BASM-01326 的风险累积。,早期表现为局部接触应力升高，随后振动冲击增强，最终演化为轻微外圈故障。,0.6801,BASM-01326,AssemblyRecord,assembly
BFB-01327,BRG-01327,IR014,inner_race_fault,inner_race,medium,0.771,诊断结果显示轴承出现中等内圈故障，根因更可能来自装配阶段实体 BASM-01327 的风险累积。,异常由微小缺陷逐步发展为周期性冲击，检测指标随严重度上升而同步恶化。,0.6586,BASM-01327,AssemblyRecord,assembly
BFB-01328,BRG-01328,Normal,normal,none,normal,0.896,该轴承样本生命周期风险较低，未形成明确故障追溯链。,运行状态平稳，检测指标未呈现持续恶化趋势。,0.8994,NORMAL_BASELINE,QualityFeedback,feedback
BFB-01329,BRG-01329,OR021,outer_race_fault,outer_race,severe,0.7796,该样本的生命周期风险在装配阶段较突出，能够解释当前严重外圈故障的主要失效模式。,风险首先在装配阶段形成隐患，运行中持续放大，并通过温度与振动指标表现出来。,0.7181,BASM-01329,AssemblyRecord,assembly
BFB-01330,BRG-01330,IR021,inner_race_fault,inner_race,severe,0.7446,诊断结果显示轴承出现严重内圈故障，根因更可能来自制造阶段实体 BMAN-00448 的风险累积。,风险首先在制造阶段形成隐患，运行中持续放大，并通过温度与振动指标表现出来。,0.6554,BMAN-00448,ManufacturingBatch,manufacturing
BFB-01331,BRG-01331,OR021,outer_race_fault,outer_race,severe,0.7689,结合振动、峭度和温升特征，外圈故障与材料阶段异常高度一致，优先追溯到 BMAT-00139。,风险首先在材料阶段形成隐患，运行中持续放大，并通过温度与振动指标表现出来。,0.6137,BMAT-00139,MaterialBatch,material
BFB-01332,BRG-01332,B014,rolling_element_fault,rolling_element,medium,0.6835,该样本的生命周期风险在检测阶段较突出，能够解释当前中等滚动体故障的主要失效模式。,风险首先在检测阶段形成隐患，运行中持续放大，并通过温度与振动指标表现出来。,0.6573,BINSP-01332,InspectionRecord,inspection
BFB-01333,BRG-01333,IR021,inner_race_fault,inner_race,severe,0.7244,诊断结果显示轴承出现严重内圈故障，根因更可能来自装配阶段实体 BASM-01333 的风险累积。,风险首先在装配阶段形成隐患，运行中持续放大，并通过温度与振动指标表现出来。,0.7138,BASM-01333,AssemblyRecord,assembly
BFB-01334,BRG-01334,IR014,inner_race_fault,inner_race,medium,0.6546,结合振动、峭度和温升特征，内圈故障与装配阶段异常高度一致，优先追溯到 BASM-01334。,异常由微小缺陷逐步发展为周期性冲击，检测指标随严重度上升而同步恶化。,0.6903,BASM-01334,AssemblyRecord,assembly
BFB-01335,BRG-01335,IR007,inner_race_fault,inner_race,slight,0.7467,该样本的生命周期风险在材料阶段较突出，能够解释当前轻微内圈故障的主要失效模式。,风险首先在材料阶段形成隐患，运行中持续放大，并通过温度与振动指标表现出来。,0.7328,BMAT-00395,MaterialBatch,material
BFB-01336,BRG-01336,OR021,outer_race_fault,outer_race,severe,0.8144,结合振动、峭度和温升特征，外圈故障与制造阶段异常高度一致，优先追溯到 BMAN-00128。,早期表现为局部接触应力升高，随后振动冲击增强，最终演化为严重外圈故障。,0.6601,BMAN-00128,ManufacturingBatch,manufacturing
BFB-01337,BRG-01337,OR014,outer_race_fault,outer_race,medium,0.6827,结合振动、峭度和温升特征，外圈故障与检测阶段异常高度一致，优先追溯到 BINSP-01337。,异常由微小缺陷逐步发展为周期性冲击，检测指标随严重度上升而同步恶化。,0.7145,BINSP-01337,InspectionRecord,inspection
BFB-01338,BRG-01338,OR007,outer_race_fault,outer_race,slight,0.6863,诊断结果显示轴承出现轻微外圈故障，根因更可能来自制造阶段实体 BMAN-00189 的风险累积。,异常由微小缺陷逐步发展为周期性冲击，检测指标随严重度上升而同步恶化。,0.6749,BMAN-00189,ManufacturingBatch,manufacturing
BFB-01339,BRG-01339,Normal,normal,none,normal,0.9263,该轴承样本生命周期风险较低，未形成明确故障追溯链。,运行状态平稳，检测指标未呈现持续恶化趋势。,0.8116,NORMAL_BASELINE,QualityFeedback,feedback
BFB-01340,BRG-01340,B014,rolling_element_fault,rolling_element,medium,0.7349,诊断结果显示轴承出现中等滚动体故障，根因更可能来自制造阶段实体 BMAN-00701 的风险累积。,风险首先在制造阶段形成隐患，运行中持续放大，并通过温度与振动指标表现出来。,0.647,BMAN-00701,ManufacturingBatch,manufacturing
BFB-01341,BRG-01341,IR007,inner_race_fault,inner_race,slight,0.6556,该样本的生命周期风险在制造阶段较突出，能够解释当前轻微内圈故障的主要失效模式。,早期表现为局部接触应力升高，随后振动冲击增强，最终演化为轻微内圈故障。,0.6102,BMAN-00718,ManufacturingBatch,manufacturing
BFB-01342,BRG-01342,IR007,inner_race_fault,inner_race,slight,0.6616,该样本的生命周期风险在材料阶段较突出，能够解释当前轻微内圈故障的主要失效模式。,早期表现为局部接触应力升高，随后振动冲击增强，最终演化为轻微内圈故障。,0.5124,BMAT-00012,MaterialBatch,material
BFB-01343,BRG-01343,OR007,outer_race_fault,outer_race,slight,0.6914,诊断结果显示轴承出现轻微外圈故障，根因更可能来自制造阶段实体 BMAN-00945 的风险累积。,风险首先在制造阶段形成隐患，运行中持续放大，并通过温度与振动指标表现出来。,0.6182,BMAN-00945,ManufacturingBatch,manufacturing
BFB-01344,BRG-01344,OR021,outer_race_fault,outer_race,severe,0.6682,该样本的生命周期风险在装配阶段较突出，能够解释当前严重外圈故障的主要失效模式。,风险首先在装配阶段形成隐患，运行中持续放大，并通过温度与振动指标表现出来。,0.7359,BASM-01344,AssemblyRecord,assembly
BFB-01345,BRG-01345,B014,rolling_element_fault,rolling_element,medium,0.6859,诊断结果显示轴承出现中等滚动体故障，根因更可能来自制造阶段实体 BMAN-00249 的风险累积。,风险首先在制造阶段形成隐患，运行中持续放大，并通过温度与振动指标表现出来。,0.7025,BMAN-00249,ManufacturingBatch,manufacturing
BFB-01346,BRG-01346,IR014,inner_race_fault,inner_race,medium,0.7404,诊断结果显示轴承出现中等内圈故障，根因更可能来自制造阶段实体 BMAN-00151 的风险累积。,异常由微小缺陷逐步发展为周期性冲击，检测指标随严重度上升而同步恶化。,0.6732,BMAN-00151,ManufacturingBatch,manufacturing
BFB-01347,BRG-01347,Normal,normal,none,normal,0.9032,该轴承样本生命周期风险较低，未形成明确故障追溯链。,运行状态平稳，检测指标未呈现持续恶化趋势。,0.8398,NORMAL_BASELINE,QualityFeedback,feedback
BFB-01348,BRG-01348,B014,rolling_element_fault,rolling_element,medium,0.7973,诊断结果显示轴承出现中等滚动体故障，根因更可能来自检测阶段实体 BINSP-01348 的风险累积。,风险首先在检测阶段形成隐患，运行中持续放大，并通过温度与振动指标表现出来。,0.5797,BINSP-01348,InspectionRecord,inspection
BFB-01349,BRG-01349,Normal,normal,none,normal,0.8868,该轴承样本生命周期风险较低，未形成明确故障追溯链。,运行状态平稳，检测指标未呈现持续恶化趋势。,0.8791,NORMAL_BASELINE,QualityFeedback,feedback
BFB-01350,BRG-01350,Normal,normal,none,normal,0.8756,该轴承样本生命周期风险较低，未形成明确故障追溯链。,运行状态平稳，检测指标未呈现持续恶化趋势。,0.8964,NORMAL_BASELINE,QualityFeedback,feedback
BFB-01351,BRG-01351,Normal,normal,none,normal,0.8713,该轴承样本生命周期风险较低，未形成明确故障追溯链。,运行状态平稳，检测指标未呈现持续恶化趋势。,0.8747,NORMAL_BASELINE,QualityFeedback,feedback
BFB-01352,BRG-01352,IR014,inner_race_fault,inner_race,medium,0.6832,诊断结果显示轴承出现中等内圈故障，根因更可能来自制造阶段实体 BMAN-00306 的风险累积。,异常由微小缺陷逐步发展为周期性冲击，检测指标随严重度上升而同步恶化。,0.7337,BMAN-00306,ManufacturingBatch,manufacturing
BFB-01353,BRG-01353,Normal,normal,none,normal,0.8688,该轴承样本生命周期风险较低，未形成明确故障追溯链。,运行状态平稳，检测指标未呈现持续恶化趋势。,0.8256,NORMAL_BASELINE,QualityFeedback,feedback
BFB-01354,BRG-01354,IR021,inner_race_fault,inner_race,severe,0.7373,结合振动、峭度和温升特征，内圈故障与材料阶段异常高度一致，优先追溯到 BMAT-00211。,早期表现为局部接触应力升高，随后振动冲击增强，最终演化为严重内圈故障。,0.8049,BMAT-00211,MaterialBatch,material
BFB-01355,BRG-01355,OR014,outer_race_fault,outer_race,medium,0.6417,诊断结果显示轴承出现中等外圈故障，根因更可能来自材料阶段实体 BMAT-00482 的风险累积。,异常由微小缺陷逐步发展为周期性冲击，检测指标随严重度上升而同步恶化。,0.6969,BMAT-00482,MaterialBatch,material
BFB-01356,BRG-01356,IR014,inner_race_fault,inner_race,medium,0.6769,结合振动、峭度和温升特征，内圈故障与设计阶段异常高度一致，优先追溯到 BDES-00251。,风险首先在设计阶段形成隐患，运行中持续放大，并通过温度与振动指标表现出来。,0.7286,BDES-00251,BearingDesignSpec,design
BFB-01357,BRG-01357,IR014,inner_race_fault,inner_race,medium,0.739,诊断结果显示轴承出现中等内圈故障，根因更可能来自制造阶段实体 BMAN-00702 的风险累积。,风险首先在制造阶段形成隐患，运行中持续放大，并通过温度与振动指标表现出来。,0.6528,BMAN-00702,ManufacturingBatch,manufacturing
BFB-01358,BRG-01358,OR014,outer_race_fault,outer_race,medium,0.7101,结合振动、峭度和温升特征，外圈故障与设计阶段异常高度一致，优先追溯到 BDES-00771。,风险首先在设计阶段形成隐患，运行中持续放大，并通过温度与振动指标表现出来。,0.7318,BDES-00771,BearingDesignSpec,design
BFB-01359,BRG-01359,IR021,inner_race_fault,inner_race,severe,0.7687,该样本的生命周期风险在材料阶段较突出，能够解释当前严重内圈故障的主要失效模式。,风险首先在材料阶段形成隐患，运行中持续放大，并通过温度与振动指标表现出来。,0.6161,BMAT-00206,MaterialBatch,material
BFB-01360,BRG-01360,B014,rolling_element_fault,rolling_element,medium,0.7561,结合振动、峭度和温升特征，滚动体故障与材料阶段异常高度一致，优先追溯到 BMAT-00489。,异常由微小缺陷逐步发展为周期性冲击，检测指标随严重度上升而同步恶化。,0.6182,BMAT-00489,MaterialBatch,material
BFB-01361,BRG-01361,B007,rolling_element_fault,rolling_element,slight,0.6222,该样本的生命周期风险在制造阶段较突出，能够解释当前轻微滚动体故障的主要失效模式。,风险首先在制造阶段形成隐患，运行中持续放大，并通过温度与振动指标表现出来。,0.6262,BMAN-00772,ManufacturingBatch,manufacturing
BFB-01362,BRG-01362,OR014,outer_race_fault,outer_race,medium,0.6977,结合振动、峭度和温升特征，外圈故障与装配阶段异常高度一致，优先追溯到 BASM-01362。,异常由微小缺陷逐步发展为周期性冲击，检测指标随严重度上升而同步恶化。,0.6824,BASM-01362,AssemblyRecord,assembly
BFB-01363,BRG-01363,B014,rolling_element_fault,rolling_element,medium,0.634,诊断结果显示轴承出现中等滚动体故障，根因更可能来自制造阶段实体 BMAN-00213 的风险累积。,风险首先在制造阶段形成隐患，运行中持续放大，并通过温度与振动指标表现出来。,0.702,BMAN-00213,ManufacturingBatch,manufacturing
BFB-01364,BRG-01364,B007,rolling_element_fault,rolling_element,slight,0.6261,该样本的生命周期风险在设计阶段较突出，能够解释当前轻微滚动体故障的主要失效模式。,早期表现为局部接触应力升高，随后振动冲击增强，最终演化为轻微滚动体故障。,0.6269,BDES-00229,BearingDesignSpec,design
BFB-01365,BRG-01365,OR007,outer_race_fault,outer_race,slight,0.6517,该样本的生命周期风险在制造阶段较突出，能够解释当前轻微外圈故障的主要失效模式。,早期表现为局部接触应力升高，随后振动冲击增强，最终演化为轻微外圈故障。,0.633,BMAN-00810,ManufacturingBatch,manufacturing
BFB-01366,BRG-01366,Normal,normal,none,normal,0.9129,该轴承样本生命周期风险较低，未形成明确故障追溯链。,运行状态平稳，检测指标未呈现持续恶化趋势。,0.8731,NORMAL_BASELINE,QualityFeedback,feedback
BFB-01367,BRG-01367,OR014,outer_race_fault,outer_race,medium,0.7569,该样本的生命周期风险在制造阶段较突出，能够解释当前中等外圈故障的主要失效模式。,早期表现为局部接触应力升高，随后振动冲击增强，最终演化为中等外圈故障。,0.5971,BMAN-00899,ManufacturingBatch,manufacturing
BFB-01368,BRG-01368,IR021,inner_race_fault,inner_race,severe,0.7252,该样本的生命周期风险在运维阶段较突出，能够解释当前严重内圈故障的主要失效模式。,风险首先在运维阶段形成隐患，运行中持续放大，并通过温度与振动指标表现出来。,0.6073,BOPR-01368,MaintenanceRecord,operation
BFB-01369,BRG-01369,IR021,inner_race_fault,inner_race,severe,0.7248,结合振动、峭度和温升特征，内圈故障与装配阶段异常高度一致，优先追溯到 BASM-01369。,异常由微小缺陷逐步发展为周期性冲击，检测指标随严重度上升而同步恶化。,0.7742,BASM-01369,AssemblyRecord,assembly
BFB-01370,BRG-01370,IR014,inner_race_fault,inner_race,medium,0.6506,诊断结果显示轴承出现中等内圈故障，根因更可能来自装配阶段实体 BASM-01370 的风险累积。,异常由微小缺陷逐步发展为周期性冲击，检测指标随严重度上升而同步恶化。,0.698,BASM-01370,AssemblyRecord,assembly
BFB-01371,BRG-01371,B007,rolling_element_fault,rolling_element,slight,0.7699,诊断结果显示轴承出现轻微滚动体故障，根因更可能来自装配阶段实体 BASM-01371 的风险累积。,异常由微小缺陷逐步发展为周期性冲击，检测指标随严重度上升而同步恶化。,0.6079,BASM-01371,AssemblyRecord,assembly
BFB-01372,BRG-01372,B021,rolling_element_fault,rolling_element,severe,0.7063,结合振动、峭度和温升特征，滚动体故障与材料阶段异常高度一致，优先追溯到 BMAT-00363。,异常由微小缺陷逐步发展为周期性冲击，检测指标随严重度上升而同步恶化。,0.6783,BMAT-00363,MaterialBatch,material
BFB-01373,BRG-01373,IR007,inner_race_fault,inner_race,slight,0.6587,诊断结果显示轴承出现轻微内圈故障，根因更可能来自运维阶段实体 BOPR-01373 的风险累积。,风险首先在运维阶段形成隐患，运行中持续放大，并通过温度与振动指标表现出来。,0.6594,BOPR-01373,MaintenanceRecord,operation
BFB-01374,BRG-01374,Normal,normal,none,normal,0.9166,该轴承样本生命周期风险较低，未形成明确故障追溯链。,运行状态平稳，检测指标未呈现持续恶化趋势。,0.8129,NORMAL_BASELINE,QualityFeedback,feedback
BFB-01375,BRG-01375,IR007,inner_race_fault,inner_race,slight,0.6674,结合振动、峭度和温升特征，内圈故障与制造阶段异常高度一致，优先追溯到 BMAN-01082。,早期表现为局部接触应力升高，随后振动冲击增强，最终演化为轻微内圈故障。,0.6681,BMAN-01082,ManufacturingBatch,manufacturing
BFB-01376,BRG-01376,OR014,outer_race_fault,outer_race,medium,0.7325,诊断结果显示轴承出现中等外圈故障，根因更可能来自制造阶段实体 BMAN-00898 的风险累积。,早期表现为局部接触应力升高，随后振动冲击增强，最终演化为中等外圈故障。,0.722,BMAN-00898,ManufacturingBatch,manufacturing
BFB-01377,BRG-01377,Normal,normal,none,normal,0.8799,该轴承样本生命周期风险较低，未形成明确故障追溯链。,运行状态平稳，检测指标未呈现持续恶化趋势。,0.8257,NORMAL_BASELINE,QualityFeedback,feedback
BFB-01378,BRG-01378,IR007,inner_race_fault,inner_race,slight,0.6546,诊断结果显示轴承出现轻微内圈故障，根因更可能来自制造阶段实体 BMAN-00441 的风险累积。,异常由微小缺陷逐步发展为周期性冲击，检测指标随严重度上升而同步恶化。,0.7702,BMAN-00441,ManufacturingBatch,manufacturing
BFB-01379,BRG-01379,OR021,outer_race_fault,outer_race,severe,0.7223,结合振动、峭度和温升特征，外圈故障与制造阶段异常高度一致，优先追溯到 BMAN-00728。,异常由微小缺陷逐步发展为周期性冲击，检测指标随严重度上升而同步恶化。,0.7039,BMAN-00728,ManufacturingBatch,manufacturing
BFB-01380,BRG-01380,B014,rolling_element_fault,rolling_element,medium,0.6854,结合振动、峭度和温升特征，滚动体故障与制造阶段异常高度一致，优先追溯到 BMAN-00058。,风险首先在制造阶段形成隐患，运行中持续放大，并通过温度与振动指标表现出来。,0.6734,BMAN-00058,ManufacturingBatch,manufacturing
BFB-01381,BRG-01381,IR007,inner_race_fault,inner_race,slight,0.6824,该样本的生命周期风险在材料阶段较突出，能够解释当前轻微内圈故障的主要失效模式。,早期表现为局部接触应力升高，随后振动冲击增强，最终演化为轻微内圈故障。,0.6461,BMAT-00366,MaterialBatch,material
BFB-01382,BRG-01382,B014,rolling_element_fault,rolling_element,medium,0.7218,结合振动、峭度和温升特征，滚动体故障与装配阶段异常高度一致，优先追溯到 BASM-01382。,早期表现为局部接触应力升高，随后振动冲击增强，最终演化为中等滚动体故障。,0.6127,BASM-01382,AssemblyRecord,assembly
BFB-01383,BRG-01383,IR014,inner_race_fault,inner_race,medium,0.7806,结合振动、峭度和温升特征，内圈故障与制造阶段异常高度一致，优先追溯到 BMAN-00083。,早期表现为局部接触应力升高，随后振动冲击增强，最终演化为中等内圈故障。,0.6419,BMAN-00083,ManufacturingBatch,manufacturing
BFB-01384,BRG-01384,OR021,outer_race_fault,outer_race,severe,0.7442,结合振动、峭度和温升特征，外圈故障与材料阶段异常高度一致，优先追溯到 BMAT-00141。,早期表现为局部接触应力升高，随后振动冲击增强，最终演化为严重外圈故障。,0.7457,BMAT-00141,MaterialBatch,material
BFB-01385,BRG-01385,B007,rolling_element_fault,rolling_element,slight,0.6638,诊断结果显示轴承出现轻微滚动体故障，根因更可能来自装配阶段实体 BASM-01385 的风险累积。,风险首先在装配阶段形成隐患，运行中持续放大，并通过温度与振动指标表现出来。,0.5694,BASM-01385,AssemblyRecord,assembly
BFB-01386,BRG-01386,B014,rolling_element_fault,rolling_element,medium,0.6441,结合振动、峭度和温升特征，滚动体故障与检测阶段异常高度一致，优先追溯到 BINSP-01386。,风险首先在检测阶段形成隐患，运行中持续放大，并通过温度与振动指标表现出来。,0.6091,BINSP-01386,InspectionRecord,inspection
BFB-01387,BRG-01387,B014,rolling_element_fault,rolling_element,medium,0.7454,诊断结果显示轴承出现中等滚动体故障，根因更可能来自运维阶段实体 BOPR-01387 的风险累积。,早期表现为局部接触应力升高，随后振动冲击增强，最终演化为中等滚动体故障。,0.7015,BOPR-01387,MaintenanceRecord,operation
BFB-01388,BRG-01388,OR007,outer_race_fault,outer_race,slight,0.7393,结合振动、峭度和温升特征，外圈故障与装配阶段异常高度一致，优先追溯到 BASM-01388。,异常由微小缺陷逐步发展为周期性冲击，检测指标随严重度上升而同步恶化。,0.6777,BASM-01388,AssemblyRecord,assembly
BFB-01389,BRG-01389,OR014,outer_race_fault,outer_race,medium,0.6747,诊断结果显示轴承出现中等外圈故障，根因更可能来自材料阶段实体 BMAT-00152 的风险累积。,异常由微小缺陷逐步发展为周期性冲击，检测指标随严重度上升而同步恶化。,0.8156,BMAT-00152,MaterialBatch,material
BFB-01390,BRG-01390,Normal,normal,none,normal,0.9131,该轴承样本生命周期风险较低，未形成明确故障追溯链。,运行状态平稳，检测指标未呈现持续恶化趋势。,0.7988,NORMAL_BASELINE,QualityFeedback,feedback
BFB-01391,BRG-01391,Normal,normal,none,normal,0.9257,该轴承样本生命周期风险较低，未形成明确故障追溯链。,运行状态平稳，检测指标未呈现持续恶化趋势。,0.8874,NORMAL_BASELINE,QualityFeedback,feedback
BFB-01392,BRG-01392,B014,rolling_element_fault,rolling_element,medium,0.6955,该样本的生命周期风险在运维阶段较突出，能够解释当前中等滚动体故障的主要失效模式。,早期表现为局部接触应力升高，随后振动冲击增强，最终演化为中等滚动体故障。,0.726,BOPR-01392,MaintenanceRecord,operation
BFB-01393,BRG-01393,B014,rolling_element_fault,rolling_element,medium,0.7107,该样本的生命周期风险在制造阶段较突出，能够解释当前中等滚动体故障的主要失效模式。,早期表现为局部接触应力升高，随后振动冲击增强，最终演化为中等滚动体故障。,0.7184,BMAN-01187,ManufacturingBatch,manufacturing
BFB-01394,BRG-01394,IR021,inner_race_fault,inner_race,severe,0.8248,该样本的生命周期风险在装配阶段较突出，能够解释当前严重内圈故障的主要失效模式。,异常由微小缺陷逐步发展为周期性冲击，检测指标随严重度上升而同步恶化。,0.7677,BASM-01394,AssemblyRecord,assembly
BFB-01395,BRG-01395,IR014,inner_race_fault,inner_race,medium,0.7829,诊断结果显示轴承出现中等内圈故障，根因更可能来自制造阶段实体 BMAN-01024 的风险累积。,早期表现为局部接触应力升高，随后振动冲击增强，最终演化为中等内圈故障。,0.6948,BMAN-01024,ManufacturingBatch,manufacturing
BFB-01396,BRG-01396,OR021,outer_race_fault,outer_race,severe,0.7703,诊断结果显示轴承出现严重外圈故障，根因更可能来自材料阶段实体 BMAT-00464 的风险累积。,早期表现为局部接触应力升高，随后振动冲击增强，最终演化为严重外圈故障。,0.7492,BMAT-00464,MaterialBatch,material
BFB-01397,BRG-01397,B007,rolling_element_fault,rolling_element,slight,0.7036,该样本的生命周期风险在制造阶段较突出，能够解释当前轻微滚动体故障的主要失效模式。,风险首先在制造阶段形成隐患，运行中持续放大，并通过温度与振动指标表现出来。,0.6879,BMAN-00855,ManufacturingBatch,manufacturing
BFB-01398,BRG-01398,IR014,inner_race_fault,inner_race,medium,0.7021,诊断结果显示轴承出现中等内圈故障，根因更可能来自制造阶段实体 BMAN-01087 的风险累积。,异常由微小缺陷逐步发展为周期性冲击，检测指标随严重度上升而同步恶化。,0.6713,BMAN-01087,ManufacturingBatch,manufacturing
BFB-01399,BRG-01399,OR014,outer_race_fault,outer_race,medium,0.7125,诊断结果显示轴承出现中等外圈故障，根因更可能来自制造阶段实体 BMAN-00598 的风险累积。,风险首先在制造阶段形成隐患，运行中持续放大，并通过温度与振动指标表现出来。,0.6555,BMAN-00598,ManufacturingBatch,manufacturing
BFB-01400,BRG-01400,OR014,outer_race_fault,outer_race,medium,0.6725,结合振动、峭度和温升特征，外圈故障与装配阶段异常高度一致，优先追溯到 BASM-01400。,早期表现为局部接触应力升高，随后振动冲击增强，最终演化为中等外圈故障。,0.7185,BASM-01400,AssemblyRecord,assembly
BFB-01401,BRG-01401,OR021,outer_race_fault,outer_race,severe,0.7408,该样本的生命周期风险在制造阶段较突出，能够解释当前严重外圈故障的主要失效模式。,早期表现为局部接触应力升高，随后振动冲击增强，最终演化为严重外圈故障。,0.7527,BMAN-00402,ManufacturingBatch,manufacturing
BFB-01402,BRG-01402,OR014,outer_race_fault,outer_race,medium,0.72,诊断结果显示轴承出现中等外圈故障，根因更可能来自材料阶段实体 BMAT-00305 的风险累积。,异常由微小缺陷逐步发展为周期性冲击，检测指标随严重度上升而同步恶化。,0.7034,BMAT-00305,MaterialBatch,material
BFB-01403,BRG-01403,IR007,inner_race_fault,inner_race,slight,0.6692,诊断结果显示轴承出现轻微内圈故障，根因更可能来自装配阶段实体 BASM-01403 的风险累积。,早期表现为局部接触应力升高，随后振动冲击增强，最终演化为轻微内圈故障。,0.6425,BASM-01403,AssemblyRecord,assembly
BFB-01404,BRG-01404,B007,rolling_element_fault,rolling_element,slight,0.6676,结合振动、峭度和温升特征，滚动体故障与检测阶段异常高度一致，优先追溯到 BINSP-01404。,风险首先在检测阶段形成隐患，运行中持续放大，并通过温度与振动指标表现出来。,0.6133,BINSP-01404,InspectionRecord,inspection
BFB-01405,BRG-01405,OR021,outer_race_fault,outer_race,severe,0.7912,诊断结果显示轴承出现严重外圈故障，根因更可能来自装配阶段实体 BASM-01405 的风险累积。,风险首先在装配阶段形成隐患，运行中持续放大，并通过温度与振动指标表现出来。,0.657,BASM-01405,AssemblyRecord,assembly
BFB-01406,BRG-01406,OR014,outer_race_fault,outer_race,medium,0.6988,诊断结果显示轴承出现中等外圈故障，根因更可能来自设计阶段实体 BDES-00619 的风险累积。,异常由微小缺陷逐步发展为周期性冲击，检测指标随严重度上升而同步恶化。,0.6917,BDES-00619,BearingDesignSpec,design
BFB-01407,BRG-01407,B014,rolling_element_fault,rolling_element,medium,0.7655,该样本的生命周期风险在制造阶段较突出，能够解释当前中等滚动体故障的主要失效模式。,早期表现为局部接触应力升高，随后振动冲击增强，最终演化为中等滚动体故障。,0.7531,BMAN-00041,ManufacturingBatch,manufacturing
BFB-01408,BRG-01408,IR014,inner_race_fault,inner_race,medium,0.6989,诊断结果显示轴承出现中等内圈故障，根因更可能来自检测阶段实体 BINSP-01408 的风险累积。,异常由微小缺陷逐步发展为周期性冲击，检测指标随严重度上升而同步恶化。,0.6906,BINSP-01408,InspectionRecord,inspection
BFB-01409,BRG-01409,IR007,inner_race_fault,inner_race,slight,0.6141,该样本的生命周期风险在制造阶段较突出，能够解释当前轻微内圈故障的主要失效模式。,风险首先在制造阶段形成隐患，运行中持续放大，并通过温度与振动指标表现出来。,0.5538,BMAN-00990,ManufacturingBatch,manufacturing
BFB-01410,BRG-01410,IR007,inner_race_fault,inner_race,slight,0.7259,该样本的生命周期风险在装配阶段较突出，能够解释当前轻微内圈故障的主要失效模式。,早期表现为局部接触应力升高，随后振动冲击增强，最终演化为轻微内圈故障。,0.5818,BASM-01410,AssemblyRecord,assembly
BFB-01411,BRG-01411,B014,rolling_element_fault,rolling_element,medium,0.6979,诊断结果显示轴承出现中等滚动体故障，根因更可能来自运维阶段实体 BOPR-01411 的风险累积。,早期表现为局部接触应力升高，随后振动冲击增强，最终演化为中等滚动体故障。,0.6636,BOPR-01411,MaintenanceRecord,operation
BFB-01412,BRG-01412,IR007,inner_race_fault,inner_race,slight,0.6181,该样本的生命周期风险在制造阶段较突出，能够解释当前轻微内圈故障的主要失效模式。,早期表现为局部接触应力升高，随后振动冲击增强，最终演化为轻微内圈故障。,0.6152,BMAN-00521,ManufacturingBatch,manufacturing
BFB-01413,BRG-01413,IR021,inner_race_fault,inner_race,severe,0.6871,诊断结果显示轴承出现严重内圈故障，根因更可能来自材料阶段实体 BMAT-00455 的风险累积。,早期表现为局部接触应力升高，随后振动冲击增强，最终演化为严重内圈故障。,0.639,BMAT-00455,MaterialBatch,material
BFB-01414,BRG-01414,OR007,outer_race_fault,outer_race,slight,0.6643,结合振动、峭度和温升特征，外圈故障与装配阶段异常高度一致，优先追溯到 BASM-01414。,风险首先在装配阶段形成隐患，运行中持续放大，并通过温度与振动指标表现出来。,0.7391,BASM-01414,AssemblyRecord,assembly
BFB-01415,BRG-01415,IR021,inner_race_fault,inner_race,severe,0.758,结合振动、峭度和温升特征，内圈故障与材料阶段异常高度一致，优先追溯到 BMAT-00157。,风险首先在材料阶段形成隐患，运行中持续放大，并通过温度与振动指标表现出来。,0.6326,BMAT-00157,MaterialBatch,material
BFB-01416,BRG-01416,B007,rolling_element_fault,rolling_element,slight,0.6158,诊断结果显示轴承出现轻微滚动体故障，根因更可能来自运维阶段实体 BOPR-01416 的风险累积。,异常由微小缺陷逐步发展为周期性冲击，检测指标随严重度上升而同步恶化。,0.6367,BOPR-01416,MaintenanceRecord,operation
BFB-01417,BRG-01417,B021,rolling_element_fault,rolling_element,severe,0.7443,结合振动、峭度和温升特征，滚动体故障与制造阶段异常高度一致，优先追溯到 BMAN-01003。,早期表现为局部接触应力升高，随后振动冲击增强，最终演化为严重滚动体故障。,0.7035,BMAN-01003,ManufacturingBatch,manufacturing
BFB-01418,BRG-01418,OR014,outer_race_fault,outer_race,medium,0.7103,该样本的生命周期风险在装配阶段较突出，能够解释当前中等外圈故障的主要失效模式。,风险首先在装配阶段形成隐患，运行中持续放大，并通过温度与振动指标表现出来。,0.6594,BASM-01418,AssemblyRecord,assembly
BFB-01419,BRG-01419,OR021,outer_race_fault,outer_race,severe,0.795,该样本的生命周期风险在制造阶段较突出，能够解释当前严重外圈故障的主要失效模式。,风险首先在制造阶段形成隐患，运行中持续放大，并通过温度与振动指标表现出来。,0.7838,BMAN-00178,ManufacturingBatch,manufacturing
BFB-01420,BRG-01420,OR014,outer_race_fault,outer_race,medium,0.701,该样本的生命周期风险在制造阶段较突出，能够解释当前中等外圈故障的主要失效模式。,风险首先在制造阶段形成隐患，运行中持续放大，并通过温度与振动指标表现出来。,0.7138,BMAN-00514,ManufacturingBatch,manufacturing
BFB-01421,BRG-01421,Normal,normal,none,normal,0.8932,该轴承样本生命周期风险较低，未形成明确故障追溯链。,运行状态平稳，检测指标未呈现持续恶化趋势。,0.8306,NORMAL_BASELINE,QualityFeedback,feedback
BFB-01422,BRG-01422,B021,rolling_element_fault,rolling_element,severe,0.6573,该样本的生命周期风险在制造阶段较突出，能够解释当前严重滚动体故障的主要失效模式。,异常由微小缺陷逐步发展为周期性冲击，检测指标随严重度上升而同步恶化。,0.689,BMAN-00809,ManufacturingBatch,manufacturing
BFB-01423,BRG-01423,IR014,inner_race_fault,inner_race,medium,0.6447,诊断结果显示轴承出现中等内圈故障，根因更可能来自制造阶段实体 BMAN-01132 的风险累积。,异常由微小缺陷逐步发展为周期性冲击，检测指标随严重度上升而同步恶化。,0.6797,BMAN-01132,ManufacturingBatch,manufacturing
BFB-01424,BRG-01424,IR014,inner_race_fault,inner_race,medium,0.6655,诊断结果显示轴承出现中等内圈故障，根因更可能来自制造阶段实体 BMAN-00719 的风险累积。,异常由微小缺陷逐步发展为周期性冲击，检测指标随严重度上升而同步恶化。,0.6519,BMAN-00719,ManufacturingBatch,manufacturing
BFB-01425,BRG-01425,OR014,outer_race_fault,outer_race,medium,0.6942,结合振动、峭度和温升特征，外圈故障与制造阶段异常高度一致，优先追溯到 BMAN-00272。,异常由微小缺陷逐步发展为周期性冲击，检测指标随严重度上升而同步恶化。,0.7597,BMAN-00272,ManufacturingBatch,manufacturing
BFB-01426,BRG-01426,Normal,normal,none,normal,0.9405,该轴承样本生命周期风险较低，未形成明确故障追溯链。,运行状态平稳，检测指标未呈现持续恶化趋势。,0.8744,NORMAL_BASELINE,QualityFeedback,feedback
BFB-01427,BRG-01427,OR007,outer_race_fault,outer_race,slight,0.6294,结合振动、峭度和温升特征，外圈故障与制造阶段异常高度一致，优先追溯到 BMAN-00736。,风险首先在制造阶段形成隐患，运行中持续放大，并通过温度与振动指标表现出来。,0.6906,BMAN-00736,ManufacturingBatch,manufacturing
BFB-01428,BRG-01428,OR021,outer_race_fault,outer_race,severe,0.7543,结合振动、峭度和温升特征，外圈故障与装配阶段异常高度一致，优先追溯到 BASM-01428。,风险首先在装配阶段形成隐患，运行中持续放大，并通过温度与振动指标表现出来。,0.6683,BASM-01428,AssemblyRecord,assembly
BFB-01429,BRG-01429,OR021,outer_race_fault,outer_race,severe,0.7979,诊断结果显示轴承出现严重外圈故障，根因更可能来自制造阶段实体 BMAN-00780 的风险累积。,风险首先在制造阶段形成隐患，运行中持续放大，并通过温度与振动指标表现出来。,0.721,BMAN-00780,ManufacturingBatch,manufacturing
BFB-01430,BRG-01430,OR021,outer_race_fault,outer_race,severe,0.7262,结合振动、峭度和温升特征，外圈故障与装配阶段异常高度一致，优先追溯到 BASM-01430。,风险首先在装配阶段形成隐患，运行中持续放大，并通过温度与振动指标表现出来。,0.6709,BASM-01430,AssemblyRecord,assembly
BFB-01431,BRG-01431,B014,rolling_element_fault,rolling_element,medium,0.6495,诊断结果显示轴承出现中等滚动体故障，根因更可能来自制造阶段实体 BMAN-00839 的风险累积。,风险首先在制造阶段形成隐患，运行中持续放大，并通过温度与振动指标表现出来。,0.6934,BMAN-00839,ManufacturingBatch,manufacturing
BFB-01432,BRG-01432,B014,rolling_element_fault,rolling_element,medium,0.7295,诊断结果显示轴承出现中等滚动体故障，根因更可能来自装配阶段实体 BASM-01432 的风险累积。,风险首先在装配阶段形成隐患，运行中持续放大，并通过温度与振动指标表现出来。,0.6689,BASM-01432,AssemblyRecord,assembly
BFB-01433,BRG-01433,B021,rolling_element_fault,rolling_element,severe,0.792,诊断结果显示轴承出现严重滚动体故障，根因更可能来自制造阶段实体 BMAN-00788 的风险累积。,风险首先在制造阶段形成隐患，运行中持续放大，并通过温度与振动指标表现出来。,0.7214,BMAN-00788,ManufacturingBatch,manufacturing
BFB-01434,BRG-01434,IR014,inner_race_fault,inner_race,medium,0.6639,该样本的生命周期风险在装配阶段较突出，能够解释当前中等内圈故障的主要失效模式。,早期表现为局部接触应力升高，随后振动冲击增强，最终演化为中等内圈故障。,0.6449,BASM-01434,AssemblyRecord,assembly
BFB-01435,BRG-01435,B014,rolling_element_fault,rolling_element,medium,0.7703,诊断结果显示轴承出现中等滚动体故障，根因更可能来自运维阶段实体 BOPR-01435 的风险累积。,早期表现为局部接触应力升高，随后振动冲击增强，最终演化为中等滚动体故障。,0.6391,BOPR-01435,MaintenanceRecord,operation
BFB-01436,BRG-01436,IR007,inner_race_fault,inner_race,slight,0.7039,诊断结果显示轴承出现轻微内圈故障，根因更可能来自材料阶段实体 BMAT-00186 的风险累积。,风险首先在材料阶段形成隐患，运行中持续放大，并通过温度与振动指标表现出来。,0.6023,BMAT-00186,MaterialBatch,material
BFB-01437,BRG-01437,OR014,outer_race_fault,outer_race,medium,0.7255,结合振动、峭度和温升特征，外圈故障与装配阶段异常高度一致，优先追溯到 BASM-01437。,风险首先在装配阶段形成隐患，运行中持续放大，并通过温度与振动指标表现出来。,0.6686,BASM-01437,AssemblyRecord,assembly
BFB-01438,BRG-01438,OR021,outer_race_fault,outer_race,severe,0.7329,诊断结果显示轴承出现严重外圈故障，根因更可能来自检测阶段实体 BINSP-01438 的风险累积。,异常由微小缺陷逐步发展为周期性冲击，检测指标随严重度上升而同步恶化。,0.7392,BINSP-01438,InspectionRecord,inspection
BFB-01439,BRG-01439,OR007,outer_race_fault,outer_race,slight,0.7415,结合振动、峭度和温升特征，外圈故障与制造阶段异常高度一致，优先追溯到 BMAN-01156。,早期表现为局部接触应力升高，随后振动冲击增强，最终演化为轻微外圈故障。,0.7411,BMAN-01156,ManufacturingBatch,manufacturing
BFB-01440,BRG-01440,OR007,outer_race_fault,outer_race,slight,0.6517,诊断结果显示轴承出现轻微外圈故障，根因更可能来自材料阶段实体 BMAT-00080 的风险累积。,风险首先在材料阶段形成隐患，运行中持续放大，并通过温度与振动指标表现出来。,0.6723,BMAT-00080,MaterialBatch,material
BFB-01441,BRG-01441,B007,rolling_element_fault,rolling_element,slight,0.6576,该样本的生命周期风险在装配阶段较突出，能够解释当前轻微滚动体故障的主要失效模式。,风险首先在装配阶段形成隐患，运行中持续放大，并通过温度与振动指标表现出来。,0.6219,BASM-01441,AssemblyRecord,assembly
BFB-01442,BRG-01442,B014,rolling_element_fault,rolling_element,medium,0.5913,结合振动、峭度和温升特征，滚动体故障与设计阶段异常高度一致，优先追溯到 BDES-00223。,早期表现为局部接触应力升高，随后振动冲击增强，最终演化为中等滚动体故障。,0.6763,BDES-00223,BearingDesignSpec,design
BFB-01443,BRG-01443,Normal,normal,none,normal,0.929,该轴承样本生命周期风险较低，未形成明确故障追溯链。,运行状态平稳，检测指标未呈现持续恶化趋势。,0.8578,NORMAL_BASELINE,QualityFeedback,feedback
BFB-01444,BRG-01444,IR014,inner_race_fault,inner_race,medium,0.7297,诊断结果显示轴承出现中等内圈故障，根因更可能来自制造阶段实体 BMAN-00818 的风险累积。,早期表现为局部接触应力升高，随后振动冲击增强，最终演化为中等内圈故障。,0.7039,BMAN-00818,ManufacturingBatch,manufacturing
BFB-01445,BRG-01445,OR021,outer_race_fault,outer_race,severe,0.6746,诊断结果显示轴承出现严重外圈故障，根因更可能来自制造阶段实体 BMAN-00324 的风险累积。,风险首先在制造阶段形成隐患，运行中持续放大，并通过温度与振动指标表现出来。,0.6269,BMAN-00324,ManufacturingBatch,manufacturing
BFB-01446,BRG-01446,Normal,normal,none,normal,0.9471,该轴承样本生命周期风险较低，未形成明确故障追溯链。,运行状态平稳，检测指标未呈现持续恶化趋势。,0.8008,NORMAL_BASELINE,QualityFeedback,feedback
BFB-01447,BRG-01447,IR014,inner_race_fault,inner_race,medium,0.6903,诊断结果显示轴承出现中等内圈故障，根因更可能来自制造阶段实体 BMAN-00847 的风险累积。,风险首先在制造阶段形成隐患，运行中持续放大，并通过温度与振动指标表现出来。,0.6412,BMAN-00847,ManufacturingBatch,manufacturing
BFB-01448,BRG-01448,IR014,inner_race_fault,inner_race,medium,0.6668,诊断结果显示轴承出现中等内圈故障，根因更可能来自制造阶段实体 BMAN-00366 的风险累积。,异常由微小缺陷逐步发展为周期性冲击，检测指标随严重度上升而同步恶化。,0.616,BMAN-00366,ManufacturingBatch,manufacturing
BFB-01449,BRG-01449,OR021,outer_race_fault,outer_race,severe,0.7603,诊断结果显示轴承出现严重外圈故障，根因更可能来自运维阶段实体 BOPR-01449 的风险累积。,风险首先在运维阶段形成隐患，运行中持续放大，并通过温度与振动指标表现出来。,0.6863,BOPR-01449,MaintenanceRecord,operation
BFB-01450,BRG-01450,IR014,inner_race_fault,inner_race,medium,0.698,该样本的生命周期风险在检测阶段较突出，能够解释当前中等内圈故障的主要失效模式。,早期表现为局部接触应力升高，随后振动冲击增强，最终演化为中等内圈故障。,0.614,BINSP-01450,InspectionRecord,inspection
BFB-01451,BRG-01451,IR014,inner_race_fault,inner_race,medium,0.6715,诊断结果显示轴承出现中等内圈故障，根因更可能来自材料阶段实体 BMAT-00448 的风险累积。,异常由微小缺陷逐步发展为周期性冲击，检测指标随严重度上升而同步恶化。,0.6837,BMAT-00448,MaterialBatch,material
BFB-01452,BRG-01452,B007,rolling_element_fault,rolling_element,slight,0.6928,结合振动、峭度和温升特征，滚动体故障与制造阶段异常高度一致，优先追溯到 BMAN-00133。,异常由微小缺陷逐步发展为周期性冲击，检测指标随严重度上升而同步恶化。,0.4785,BMAN-00133,ManufacturingBatch,manufacturing
BFB-01453,BRG-01453,B014,rolling_element_fault,rolling_element,medium,0.7419,结合振动、峭度和温升特征，滚动体故障与材料阶段异常高度一致，优先追溯到 BMAT-00381。,风险首先在材料阶段形成隐患，运行中持续放大，并通过温度与振动指标表现出来。,0.7531,BMAT-00381,MaterialBatch,material
BFB-01454,BRG-01454,B007,rolling_element_fault,rolling_element,slight,0.7038,诊断结果显示轴承出现轻微滚动体故障，根因更可能来自材料阶段实体 BMAT-00238 的风险累积。,早期表现为局部接触应力升高，随后振动冲击增强，最终演化为轻微滚动体故障。,0.5454,BMAT-00238,MaterialBatch,material
BFB-01455,BRG-01455,Normal,normal,none,normal,0.9472,该轴承样本生命周期风险较低，未形成明确故障追溯链。,运行状态平稳，检测指标未呈现持续恶化趋势。,0.8734,NORMAL_BASELINE,QualityFeedback,feedback
BFB-01456,BRG-01456,B014,rolling_element_fault,rolling_element,medium,0.7601,诊断结果显示轴承出现中等滚动体故障，根因更可能来自装配阶段实体 BASM-01456 的风险累积。,早期表现为局部接触应力升高，随后振动冲击增强，最终演化为中等滚动体故障。,0.6884,BASM-01456,AssemblyRecord,assembly
BFB-01457,BRG-01457,OR007,outer_race_fault,outer_race,slight,0.6063,诊断结果显示轴承出现轻微外圈故障，根因更可能来自设计阶段实体 BDES-00559 的风险累积。,早期表现为局部接触应力升高，随后振动冲击增强，最终演化为轻微外圈故障。,0.6201,BDES-00559,BearingDesignSpec,design
BFB-01458,BRG-01458,IR007,inner_race_fault,inner_race,slight,0.6995,该样本的生命周期风险在设计阶段较突出，能够解释当前轻微内圈故障的主要失效模式。,异常由微小缺陷逐步发展为周期性冲击，检测指标随严重度上升而同步恶化。,0.6185,BDES-00342,BearingDesignSpec,design
BFB-01459,BRG-01459,IR021,inner_race_fault,inner_race,severe,0.6462,该样本的生命周期风险在装配阶段较突出，能够解释当前严重内圈故障的主要失效模式。,异常由微小缺陷逐步发展为周期性冲击，检测指标随严重度上升而同步恶化。,0.7947,BASM-01459,AssemblyRecord,assembly
BFB-01460,BRG-01460,B014,rolling_element_fault,rolling_element,medium,0.7092,诊断结果显示轴承出现中等滚动体故障，根因更可能来自制造阶段实体 BMAN-01093 的风险累积。,早期表现为局部接触应力升高，随后振动冲击增强，最终演化为中等滚动体故障。,0.6932,BMAN-01093,ManufacturingBatch,manufacturing
BFB-01461,BRG-01461,B007,rolling_element_fault,rolling_element,slight,0.6791,诊断结果显示轴承出现轻微滚动体故障，根因更可能来自运维阶段实体 BOPR-01461 的风险累积。,异常由微小缺陷逐步发展为周期性冲击，检测指标随严重度上升而同步恶化。,0.6626,BOPR-01461,MaintenanceRecord,operation
BFB-01462,BRG-01462,Normal,normal,none,normal,0.9227,该轴承样本生命周期风险较低，未形成明确故障追溯链。,运行状态平稳，检测指标未呈现持续恶化趋势。,0.853,NORMAL_BASELINE,QualityFeedback,feedback
BFB-01463,BRG-01463,OR014,outer_race_fault,outer_race,medium,0.6621,该样本的生命周期风险在检测阶段较突出，能够解释当前中等外圈故障的主要失效模式。,早期表现为局部接触应力升高，随后振动冲击增强，最终演化为中等外圈故障。,0.7239,BINSP-01463,InspectionRecord,inspection
BFB-01464,BRG-01464,IR021,inner_race_fault,inner_race,severe,0.8185,结合振动、峭度和温升特征，内圈故障与设计阶段异常高度一致，优先追溯到 BDES-00256。,早期表现为局部接触应力升高，随后振动冲击增强，最终演化为严重内圈故障。,0.571,BDES-00256,BearingDesignSpec,design
BFB-01465,BRG-01465,Normal,normal,none,normal,0.876,该轴承样本生命周期风险较低，未形成明确故障追溯链。,运行状态平稳，检测指标未呈现持续恶化趋势。,0.7845,NORMAL_BASELINE,QualityFeedback,feedback
BFB-01466,BRG-01466,B021,rolling_element_fault,rolling_element,severe,0.6804,结合振动、峭度和温升特征，滚动体故障与制造阶段异常高度一致，优先追溯到 BMAN-00465。,早期表现为局部接触应力升高，随后振动冲击增强，最终演化为严重滚动体故障。,0.6623,BMAN-00465,ManufacturingBatch,manufacturing
BFB-01467,BRG-01467,B014,rolling_element_fault,rolling_element,medium,0.6024,诊断结果显示轴承出现中等滚动体故障，根因更可能来自制造阶段实体 BMAN-00029 的风险累积。,风险首先在制造阶段形成隐患，运行中持续放大，并通过温度与振动指标表现出来。,0.7224,BMAN-00029,ManufacturingBatch,manufacturing
BFB-01468,BRG-01468,B021,rolling_element_fault,rolling_element,severe,0.702,结合振动、峭度和温升特征，滚动体故障与运维阶段异常高度一致，优先追溯到 BOPR-01468。,风险首先在运维阶段形成隐患，运行中持续放大，并通过温度与振动指标表现出来。,0.6996,BOPR-01468,MaintenanceRecord,operation
BFB-01469,BRG-01469,OR007,outer_race_fault,outer_race,slight,0.7147,结合振动、峭度和温升特征，外圈故障与材料阶段异常高度一致，优先追溯到 BMAT-00229。,异常由微小缺陷逐步发展为周期性冲击，检测指标随严重度上升而同步恶化。,0.6929,BMAT-00229,MaterialBatch,material
BFB-01470,BRG-01470,IR021,inner_race_fault,inner_race,severe,0.704,该样本的生命周期风险在制造阶段较突出，能够解释当前严重内圈故障的主要失效模式。,风险首先在制造阶段形成隐患，运行中持续放大，并通过温度与振动指标表现出来。,0.7288,BMAN-00602,ManufacturingBatch,manufacturing
BFB-01471,BRG-01471,B021,rolling_element_fault,rolling_element,severe,0.6806,诊断结果显示轴承出现严重滚动体故障，根因更可能来自检测阶段实体 BINSP-01471 的风险累积。,异常由微小缺陷逐步发展为周期性冲击，检测指标随严重度上升而同步恶化。,0.6215,BINSP-01471,InspectionRecord,inspection
BFB-01472,BRG-01472,B021,rolling_element_fault,rolling_element,severe,0.6674,结合振动、峭度和温升特征，滚动体故障与制造阶段异常高度一致，优先追溯到 BMAN-00909。,早期表现为局部接触应力升高，随后振动冲击增强，最终演化为严重滚动体故障。,0.658,BMAN-00909,ManufacturingBatch,manufacturing
BFB-01473,BRG-01473,Normal,normal,none,normal,0.9075,该轴承样本生命周期风险较低，未形成明确故障追溯链。,运行状态平稳，检测指标未呈现持续恶化趋势。,0.8762,NORMAL_BASELINE,QualityFeedback,feedback
BFB-01474,BRG-01474,IR014,inner_race_fault,inner_race,medium,0.6486,结合振动、峭度和温升特征，内圈故障与装配阶段异常高度一致，优先追溯到 BASM-01474。,风险首先在装配阶段形成隐患，运行中持续放大，并通过温度与振动指标表现出来。,0.752,BASM-01474,AssemblyRecord,assembly
BFB-01475,BRG-01475,B014,rolling_element_fault,rolling_element,medium,0.7377,结合振动、峭度和温升特征，滚动体故障与设计阶段异常高度一致，优先追溯到 BDES-00242。,风险首先在设计阶段形成隐患，运行中持续放大，并通过温度与振动指标表现出来。,0.6378,BDES-00242,BearingDesignSpec,design
BFB-01476,BRG-01476,OR021,outer_race_fault,outer_race,severe,0.7454,结合振动、峭度和温升特征，外圈故障与材料阶段异常高度一致，优先追溯到 BMAT-00139。,早期表现为局部接触应力升高，随后振动冲击增强，最终演化为严重外圈故障。,0.627,BMAT-00139,MaterialBatch,material
BFB-01477,BRG-01477,B007,rolling_element_fault,rolling_element,slight,0.6881,该样本的生命周期风险在材料阶段较突出，能够解释当前轻微滚动体故障的主要失效模式。,异常由微小缺陷逐步发展为周期性冲击，检测指标随严重度上升而同步恶化。,0.7046,BMAT-00028,MaterialBatch,material
BFB-01478,BRG-01478,OR014,outer_race_fault,outer_race,medium,0.6842,该样本的生命周期风险在制造阶段较突出，能够解释当前中等外圈故障的主要失效模式。,早期表现为局部接触应力升高，随后振动冲击增强，最终演化为中等外圈故障。,0.6521,BMAN-00818,ManufacturingBatch,manufacturing
BFB-01479,BRG-01479,OR014,outer_race_fault,outer_race,medium,0.7895,诊断结果显示轴承出现中等外圈故障，根因更可能来自材料阶段实体 BMAT-00072 的风险累积。,早期表现为局部接触应力升高，随后振动冲击增强，最终演化为中等外圈故障。,0.7082,BMAT-00072,MaterialBatch,material
BFB-01480,BRG-01480,B021,rolling_element_fault,rolling_element,severe,0.7601,诊断结果显示轴承出现严重滚动体故障，根因更可能来自制造阶段实体 BMAN-00090 的风险累积。,异常由微小缺陷逐步发展为周期性冲击，检测指标随严重度上升而同步恶化。,0.7835,BMAN-00090,ManufacturingBatch,manufacturing
BFB-01481,BRG-01481,IR007,inner_race_fault,inner_race,slight,0.6127,该样本的生命周期风险在检测阶段较突出，能够解释当前轻微内圈故障的主要失效模式。,风险首先在检测阶段形成隐患，运行中持续放大，并通过温度与振动指标表现出来。,0.7,BINSP-01481,InspectionRecord,inspection
BFB-01482,BRG-01482,B014,rolling_element_fault,rolling_element,medium,0.7853,结合振动、峭度和温升特征，滚动体故障与材料阶段异常高度一致，优先追溯到 BMAT-00306。,风险首先在材料阶段形成隐患，运行中持续放大，并通过温度与振动指标表现出来。,0.5871,BMAT-00306,MaterialBatch,material
BFB-01483,BRG-01483,B021,rolling_element_fault,rolling_element,severe,0.7053,诊断结果显示轴承出现严重滚动体故障，根因更可能来自装配阶段实体 BASM-01483 的风险累积。,早期表现为局部接触应力升高，随后振动冲击增强，最终演化为严重滚动体故障。,0.7175,BASM-01483,AssemblyRecord,assembly
BFB-01484,BRG-01484,OR021,outer_race_fault,outer_race,severe,0.8094,结合振动、峭度和温升特征，外圈故障与设计阶段异常高度一致，优先追溯到 BDES-00470。,风险首先在设计阶段形成隐患，运行中持续放大，并通过温度与振动指标表现出来。,0.6934,BDES-00470,BearingDesignSpec,design
BFB-01485,BRG-01485,IR014,inner_race_fault,inner_race,medium,0.6434,结合振动、峭度和温升特征，内圈故障与运维阶段异常高度一致，优先追溯到 BOPR-01485。,早期表现为局部接触应力升高，随后振动冲击增强，最终演化为中等内圈故障。,0.6488,BOPR-01485,MaintenanceRecord,operation
BFB-01486,BRG-01486,B021,rolling_element_fault,rolling_element,severe,0.6781,该样本的生命周期风险在材料阶段较突出，能够解释当前严重滚动体故障的主要失效模式。,异常由微小缺陷逐步发展为周期性冲击，检测指标随严重度上升而同步恶化。,0.6552,BMAT-00245,MaterialBatch,material
BFB-01487,BRG-01487,OR021,outer_race_fault,outer_race,severe,0.7398,该样本的生命周期风险在装配阶段较突出，能够解释当前严重外圈故障的主要失效模式。,风险首先在装配阶段形成隐患，运行中持续放大，并通过温度与振动指标表现出来。,0.6832,BASM-01487,AssemblyRecord,assembly
BFB-01488,BRG-01488,IR014,inner_race_fault,inner_race,medium,0.6809,诊断结果显示轴承出现中等内圈故障，根因更可能来自装配阶段实体 BASM-01488 的风险累积。,风险首先在装配阶段形成隐患，运行中持续放大，并通过温度与振动指标表现出来。,0.7075,BASM-01488,AssemblyRecord,assembly
BFB-01489,BRG-01489,IR014,inner_race_fault,inner_race,medium,0.7198,诊断结果显示轴承出现中等内圈故障，根因更可能来自材料阶段实体 BMAT-00063 的风险累积。,早期表现为局部接触应力升高，随后振动冲击增强，最终演化为中等内圈故障。,0.6164,BMAT-00063,MaterialBatch,material
BFB-01490,BRG-01490,B014,rolling_element_fault,rolling_element,medium,0.6662,结合振动、峭度和温升特征，滚动体故障与材料阶段异常高度一致，优先追溯到 BMAT-00490。,风险首先在材料阶段形成隐患，运行中持续放大，并通过温度与振动指标表现出来。,0.6087,BMAT-00490,MaterialBatch,material
BFB-01491,BRG-01491,B007,rolling_element_fault,rolling_element,slight,0.725,结合振动、峭度和温升特征，滚动体故障与检测阶段异常高度一致，优先追溯到 BINSP-01491。,早期表现为局部接触应力升高，随后振动冲击增强，最终演化为轻微滚动体故障。,0.567,BINSP-01491,InspectionRecord,inspection
BFB-01492,BRG-01492,Normal,normal,none,normal,0.9515,该轴承样本生命周期风险较低，未形成明确故障追溯链。,运行状态平稳，检测指标未呈现持续恶化趋势。,0.8425,NORMAL_BASELINE,QualityFeedback,feedback
BFB-01493,BRG-01493,Normal,normal,none,normal,0.9328,该轴承样本生命周期风险较低，未形成明确故障追溯链。,运行状态平稳，检测指标未呈现持续恶化趋势。,0.8466,NORMAL_BASELINE,QualityFeedback,feedback
BFB-01494,BRG-01494,OR014,outer_race_fault,outer_race,medium,0.711,该样本的生命周期风险在检测阶段较突出，能够解释当前中等外圈故障的主要失效模式。,风险首先在检测阶段形成隐患，运行中持续放大，并通过温度与振动指标表现出来。,0.7008,BINSP-01494,InspectionRecord,inspection
BFB-01495,BRG-01495,IR007,inner_race_fault,inner_race,slight,0.7144,诊断结果显示轴承出现轻微内圈故障，根因更可能来自装配阶段实体 BASM-01495 的风险累积。,异常由微小缺陷逐步发展为周期性冲击，检测指标随严重度上升而同步恶化。,0.6769,BASM-01495,AssemblyRecord,assembly
BFB-01496,BRG-01496,B007,rolling_element_fault,rolling_element,slight,0.643,诊断结果显示轴承出现轻微滚动体故障，根因更可能来自设计阶段实体 BDES-00221 的风险累积。,风险首先在设计阶段形成隐患，运行中持续放大，并通过温度与振动指标表现出来。,0.6733,BDES-00221,BearingDesignSpec,design
BFB-01497,BRG-01497,Normal,normal,none,normal,0.9319,该轴承样本生命周期风险较低，未形成明确故障追溯链。,运行状态平稳，检测指标未呈现持续恶化趋势。,0.802,NORMAL_BASELINE,QualityFeedback,feedback
BFB-01498,BRG-01498,OR014,outer_race_fault,outer_race,medium,0.7042,诊断结果显示轴承出现中等外圈故障，根因更可能来自制造阶段实体 BMAN-00011 的风险累积。,风险首先在制造阶段形成隐患，运行中持续放大，并通过温度与振动指标表现出来。,0.6388,BMAN-00011,ManufacturingBatch,manufacturing
BFB-01499,BRG-01499,B007,rolling_element_fault,rolling_element,slight,0.7002,结合振动、峭度和温升特征，滚动体故障与设计阶段异常高度一致，优先追溯到 BDES-00112。,风险首先在设计阶段形成隐患，运行中持续放大，并通过温度与振动指标表现出来。,0.6752,BDES-00112,BearingDesignSpec,design
BFB-01500,BRG-01500,OR021,outer_race_fault,outer_race,severe,0.6538,该样本的生命周期风险在检测阶段较突出，能够解释当前严重外圈故障的主要失效模式。,风险首先在检测阶段形成隐患，运行中持续放大，并通过温度与振动指标表现出来。,0.6793,BINSP-01500,InspectionRecord,inspection
BFB-01501,BRG-01501,IR007,inner_race_fault,inner_race,slight,0.7359,结合振动、峭度和温升特征，内圈故障与材料阶段异常高度一致，优先追溯到 BMAT-00215。,异常由微小缺陷逐步发展为周期性冲击，检测指标随严重度上升而同步恶化。,0.6238,BMAT-00215,MaterialBatch,material
BFB-01502,BRG-01502,OR014,outer_race_fault,outer_race,medium,0.7242,结合振动、峭度和温升特征，外圈故障与装配阶段异常高度一致，优先追溯到 BASM-01502。,异常由微小缺陷逐步发展为周期性冲击，检测指标随严重度上升而同步恶化。,0.6518,BASM-01502,AssemblyRecord,assembly
BFB-01503,BRG-01503,OR021,outer_race_fault,outer_race,severe,0.6978,该样本的生命周期风险在制造阶段较突出，能够解释当前严重外圈故障的主要失效模式。,异常由微小缺陷逐步发展为周期性冲击，检测指标随严重度上升而同步恶化。,0.6961,BMAN-00863,ManufacturingBatch,manufacturing
BFB-01504,BRG-01504,OR014,outer_race_fault,outer_race,medium,0.6646,该样本的生命周期风险在制造阶段较突出，能够解释当前中等外圈故障的主要失效模式。,异常由微小缺陷逐步发展为周期性冲击，检测指标随严重度上升而同步恶化。,0.7029,BMAN-00377,ManufacturingBatch,manufacturing
BFB-01505,BRG-01505,OR014,outer_race_fault,outer_race,medium,0.6754,该样本的生命周期风险在制造阶段较突出，能够解释当前中等外圈故障的主要失效模式。,早期表现为局部接触应力升高，随后振动冲击增强，最终演化为中等外圈故障。,0.7263,BMAN-00081,ManufacturingBatch,manufacturing
BFB-01506,BRG-01506,IR021,inner_race_fault,inner_race,severe,0.7071,诊断结果显示轴承出现严重内圈故障，根因更可能来自材料阶段实体 BMAT-00286 的风险累积。,风险首先在材料阶段形成隐患，运行中持续放大，并通过温度与振动指标表现出来。,0.6861,BMAT-00286,MaterialBatch,material
BFB-01507,BRG-01507,B014,rolling_element_fault,rolling_element,medium,0.7161,该样本的生命周期风险在检测阶段较突出，能够解释当前中等滚动体故障的主要失效模式。,异常由微小缺陷逐步发展为周期性冲击，检测指标随严重度上升而同步恶化。,0.7578,BINSP-01507,InspectionRecord,inspection
BFB-01508,BRG-01508,OR014,outer_race_fault,outer_race,medium,0.7271,该样本的生命周期风险在制造阶段较突出，能够解释当前中等外圈故障的主要失效模式。,早期表现为局部接触应力升高，随后振动冲击增强，最终演化为中等外圈故障。,0.7725,BMAN-00695,ManufacturingBatch,manufacturing
BFB-01509,BRG-01509,IR014,inner_race_fault,inner_race,medium,0.6894,诊断结果显示轴承出现中等内圈故障，根因更可能来自运维阶段实体 BOPR-01509 的风险累积。,异常由微小缺陷逐步发展为周期性冲击，检测指标随严重度上升而同步恶化。,0.6431,BOPR-01509,MaintenanceRecord,operation
BFB-01510,BRG-01510,IR007,inner_race_fault,inner_race,slight,0.6996,诊断结果显示轴承出现轻微内圈故障，根因更可能来自材料阶段实体 BMAT-00433 的风险累积。,早期表现为局部接触应力升高，随后振动冲击增强，最终演化为轻微内圈故障。,0.6216,BMAT-00433,MaterialBatch,material
BFB-01511,BRG-01511,B007,rolling_element_fault,rolling_element,slight,0.7178,诊断结果显示轴承出现轻微滚动体故障，根因更可能来自运维阶段实体 BOPR-01511 的风险累积。,早期表现为局部接触应力升高，随后振动冲击增强，最终演化为轻微滚动体故障。,0.5919,BOPR-01511,MaintenanceRecord,operation
BFB-01512,BRG-01512,IR007,inner_race_fault,inner_race,slight,0.709,结合振动、峭度和温升特征，内圈故障与装配阶段异常高度一致，优先追溯到 BASM-01512。,异常由微小缺陷逐步发展为周期性冲击，检测指标随严重度上升而同步恶化。,0.6483,BASM-01512,AssemblyRecord,assembly
BFB-01513,BRG-01513,B007,rolling_element_fault,rolling_element,slight,0.7264,结合振动、峭度和温升特征，滚动体故障与检测阶段异常高度一致，优先追溯到 BINSP-01513。,异常由微小缺陷逐步发展为周期性冲击，检测指标随严重度上升而同步恶化。,0.6311,BINSP-01513,InspectionRecord,inspection
BFB-01514,BRG-01514,IR021,inner_race_fault,inner_race,severe,0.7597,结合振动、峭度和温升特征，内圈故障与装配阶段异常高度一致，优先追溯到 BASM-01514。,异常由微小缺陷逐步发展为周期性冲击，检测指标随严重度上升而同步恶化。,0.6222,BASM-01514,AssemblyRecord,assembly
BFB-01515,BRG-01515,B014,rolling_element_fault,rolling_element,medium,0.5796,诊断结果显示轴承出现中等滚动体故障，根因更可能来自制造阶段实体 BMAN-00267 的风险累积。,异常由微小缺陷逐步发展为周期性冲击，检测指标随严重度上升而同步恶化。,0.6435,BMAN-00267,ManufacturingBatch,manufacturing
BFB-01516,BRG-01516,B014,rolling_element_fault,rolling_element,medium,0.6799,该样本的生命周期风险在制造阶段较突出，能够解释当前中等滚动体故障的主要失效模式。,异常由微小缺陷逐步发展为周期性冲击，检测指标随严重度上升而同步恶化。,0.6866,BMAN-00694,ManufacturingBatch,manufacturing
BFB-01517,BRG-01517,B014,rolling_element_fault,rolling_element,medium,0.6648,该样本的生命周期风险在制造阶段较突出，能够解释当前中等滚动体故障的主要失效模式。,早期表现为局部接触应力升高，随后振动冲击增强，最终演化为中等滚动体故障。,0.6861,BMAN-00729,ManufacturingBatch,manufacturing
BFB-01518,BRG-01518,B014,rolling_element_fault,rolling_element,medium,0.6882,该样本的生命周期风险在制造阶段较突出，能够解释当前中等滚动体故障的主要失效模式。,早期表现为局部接触应力升高，随后振动冲击增强，最终演化为中等滚动体故障。,0.6511,BMAN-00415,ManufacturingBatch,manufacturing
BFB-01519,BRG-01519,IR021,inner_race_fault,inner_race,severe,0.85,结合振动、峭度和温升特征，内圈故障与设计阶段异常高度一致，优先追溯到 BDES-00595。,风险首先在设计阶段形成隐患，运行中持续放大，并通过温度与振动指标表现出来。,0.7294,BDES-00595,BearingDesignSpec,design
BFB-01520,BRG-01520,Normal,normal,none,normal,0.9376,该轴承样本生命周期风险较低，未形成明确故障追溯链。,运行状态平稳，检测指标未呈现持续恶化趋势。,0.7984,NORMAL_BASELINE,QualityFeedback,feedback
BFB-01521,BRG-01521,OR007,outer_race_fault,outer_race,slight,0.6817,该样本的生命周期风险在装配阶段较突出，能够解释当前轻微外圈故障的主要失效模式。,异常由微小缺陷逐步发展为周期性冲击，检测指标随严重度上升而同步恶化。,0.7503,BASM-01521,AssemblyRecord,assembly
BFB-01522,BRG-01522,IR014,inner_race_fault,inner_race,medium,0.726,结合振动、峭度和温升特征，内圈故障与材料阶段异常高度一致，优先追溯到 BMAT-00067。,异常由微小缺陷逐步发展为周期性冲击，检测指标随严重度上升而同步恶化。,0.7842,BMAT-00067,MaterialBatch,material
BFB-01523,BRG-01523,IR014,inner_race_fault,inner_race,medium,0.7317,诊断结果显示轴承出现中等内圈故障，根因更可能来自制造阶段实体 BMAN-01132 的风险累积。,早期表现为局部接触应力升高，随后振动冲击增强，最终演化为中等内圈故障。,0.7408,BMAN-01132,ManufacturingBatch,manufacturing
BFB-01524,BRG-01524,OR014,outer_race_fault,outer_race,medium,0.7539,该样本的生命周期风险在材料阶段较突出，能够解释当前中等外圈故障的主要失效模式。,异常由微小缺陷逐步发展为周期性冲击，检测指标随严重度上升而同步恶化。,0.6463,BMAT-00084,MaterialBatch,material
BFB-01525,BRG-01525,B014,rolling_element_fault,rolling_element,medium,0.7263,结合振动、峭度和温升特征，滚动体故障与设计阶段异常高度一致，优先追溯到 BDES-00667。,异常由微小缺陷逐步发展为周期性冲击，检测指标随严重度上升而同步恶化。,0.628,BDES-00667,BearingDesignSpec,design
BFB-01526,BRG-01526,OR007,outer_race_fault,outer_race,slight,0.6271,结合振动、峭度和温升特征，外圈故障与装配阶段异常高度一致，优先追溯到 BASM-01526。,异常由微小缺陷逐步发展为周期性冲击，检测指标随严重度上升而同步恶化。,0.6375,BASM-01526,AssemblyRecord,assembly
BFB-01527,BRG-01527,IR014,inner_race_fault,inner_race,medium,0.6724,该样本的生命周期风险在装配阶段较突出，能够解释当前中等内圈故障的主要失效模式。,风险首先在装配阶段形成隐患，运行中持续放大，并通过温度与振动指标表现出来。,0.6954,BASM-01527,AssemblyRecord,assembly
BFB-01528,BRG-01528,B014,rolling_element_fault,rolling_element,medium,0.7634,该样本的生命周期风险在材料阶段较突出，能够解释当前中等滚动体故障的主要失效模式。,风险首先在材料阶段形成隐患，运行中持续放大，并通过温度与振动指标表现出来。,0.7183,BMAT-00105,MaterialBatch,material
BFB-01529,BRG-01529,IR014,inner_race_fault,inner_race,medium,0.6651,结合振动、峭度和温升特征，内圈故障与装配阶段异常高度一致，优先追溯到 BASM-01529。,早期表现为局部接触应力升高，随后振动冲击增强，最终演化为中等内圈故障。,0.7527,BASM-01529,AssemblyRecord,assembly
BFB-01530,BRG-01530,OR007,outer_race_fault,outer_race,slight,0.6829,结合振动、峭度和温升特征，外圈故障与材料阶段异常高度一致，优先追溯到 BMAT-00057。,早期表现为局部接触应力升高，随后振动冲击增强，最终演化为轻微外圈故障。,0.6891,BMAT-00057,MaterialBatch,material
BFB-01531,BRG-01531,IR014,inner_race_fault,inner_race,medium,0.7735,该样本的生命周期风险在装配阶段较突出，能够解释当前中等内圈故障的主要失效模式。,风险首先在装配阶段形成隐患，运行中持续放大，并通过温度与振动指标表现出来。,0.7018,BASM-01531,AssemblyRecord,assembly
BFB-01532,BRG-01532,B014,rolling_element_fault,rolling_element,medium,0.6655,该样本的生命周期风险在制造阶段较突出，能够解释当前中等滚动体故障的主要失效模式。,风险首先在制造阶段形成隐患，运行中持续放大，并通过温度与振动指标表现出来。,0.6523,BMAN-00679,ManufacturingBatch,manufacturing
BFB-01533,BRG-01533,IR021,inner_race_fault,inner_race,severe,0.764,该样本的生命周期风险在装配阶段较突出，能够解释当前严重内圈故障的主要失效模式。,异常由微小缺陷逐步发展为周期性冲击，检测指标随严重度上升而同步恶化。,0.6797,BASM-01533,AssemblyRecord,assembly
BFB-01534,BRG-01534,OR014,outer_race_fault,outer_race,medium,0.7145,诊断结果显示轴承出现中等外圈故障，根因更可能来自制造阶段实体 BMAN-00698 的风险累积。,早期表现为局部接触应力升高，随后振动冲击增强，最终演化为中等外圈故障。,0.6505,BMAN-00698,ManufacturingBatch,manufacturing
BFB-01535,BRG-01535,IR014,inner_race_fault,inner_race,medium,0.681,结合振动、峭度和温升特征，内圈故障与制造阶段异常高度一致，优先追溯到 BMAN-00031。,风险首先在制造阶段形成隐患，运行中持续放大，并通过温度与振动指标表现出来。,0.665,BMAN-00031,ManufacturingBatch,manufacturing
BFB-01536,BRG-01536,IR014,inner_race_fault,inner_race,medium,0.6595,诊断结果显示轴承出现中等内圈故障，根因更可能来自装配阶段实体 BASM-01536 的风险累积。,异常由微小缺陷逐步发展为周期性冲击，检测指标随严重度上升而同步恶化。,0.7405,BASM-01536,AssemblyRecord,assembly
BFB-01537,BRG-01537,B007,rolling_element_fault,rolling_element,slight,0.6289,结合振动、峭度和温升特征，滚动体故障与材料阶段异常高度一致，优先追溯到 BMAT-00008。,风险首先在材料阶段形成隐患，运行中持续放大，并通过温度与振动指标表现出来。,0.6302,BMAT-00008,MaterialBatch,material
BFB-01538,BRG-01538,IR021,inner_race_fault,inner_race,severe,0.7463,结合振动、峭度和温升特征，内圈故障与制造阶段异常高度一致，优先追溯到 BMAN-00372。,早期表现为局部接触应力升高，随后振动冲击增强，最终演化为严重内圈故障。,0.7697,BMAN-00372,ManufacturingBatch,manufacturing
BFB-01539,BRG-01539,OR014,outer_race_fault,outer_race,medium,0.7608,结合振动、峭度和温升特征，外圈故障与材料阶段异常高度一致，优先追溯到 BMAT-00369。,异常由微小缺陷逐步发展为周期性冲击，检测指标随严重度上升而同步恶化。,0.6796,BMAT-00369,MaterialBatch,material
BFB-01540,BRG-01540,B007,rolling_element_fault,rolling_element,slight,0.7487,诊断结果显示轴承出现轻微滚动体故障，根因更可能来自制造阶段实体 BMAN-00406 的风险累积。,早期表现为局部接触应力升高，随后振动冲击增强，最终演化为轻微滚动体故障。,0.6259,BMAN-00406,ManufacturingBatch,manufacturing
BFB-01541,BRG-01541,B007,rolling_element_fault,rolling_element,slight,0.6234,该样本的生命周期风险在制造阶段较突出，能够解释当前轻微滚动体故障的主要失效模式。,风险首先在制造阶段形成隐患，运行中持续放大，并通过温度与振动指标表现出来。,0.653,BMAN-00232,ManufacturingBatch,manufacturing
BFB-01542,BRG-01542,OR021,outer_race_fault,outer_race,severe,0.7432,该样本的生命周期风险在材料阶段较突出，能够解释当前严重外圈故障的主要失效模式。,异常由微小缺陷逐步发展为周期性冲击，检测指标随严重度上升而同步恶化。,0.6996,BMAT-00499,MaterialBatch,material
BFB-01543,BRG-01543,OR021,outer_race_fault,outer_race,severe,0.7807,诊断结果显示轴承出现严重外圈故障，根因更可能来自制造阶段实体 BMAN-00077 的风险累积。,异常由微小缺陷逐步发展为周期性冲击，检测指标随严重度上升而同步恶化。,0.6928,BMAN-00077,ManufacturingBatch,manufacturing
BFB-01544,BRG-01544,B014,rolling_element_fault,rolling_element,medium,0.6666,该样本的生命周期风险在制造阶段较突出，能够解释当前中等滚动体故障的主要失效模式。,异常由微小缺陷逐步发展为周期性冲击，检测指标随严重度上升而同步恶化。,0.77,BMAN-00914,ManufacturingBatch,manufacturing
BFB-01545,BRG-01545,OR021,outer_race_fault,outer_race,severe,0.7396,诊断结果显示轴承出现严重外圈故障，根因更可能来自制造阶段实体 BMAN-00890 的风险累积。,早期表现为局部接触应力升高，随后振动冲击增强，最终演化为严重外圈故障。,0.7235,BMAN-00890,ManufacturingBatch,manufacturing
BFB-01546,BRG-01546,B007,rolling_element_fault,rolling_element,slight,0.7211,结合振动、峭度和温升特征，滚动体故障与制造阶段异常高度一致，优先追溯到 BMAN-01196。,异常由微小缺陷逐步发展为周期性冲击，检测指标随严重度上升而同步恶化。,0.5517,BMAN-01196,ManufacturingBatch,manufacturing
BFB-01547,BRG-01547,B014,rolling_element_fault,rolling_element,medium,0.7169,该样本的生命周期风险在制造阶段较突出，能够解释当前中等滚动体故障的主要失效模式。,早期表现为局部接触应力升高，随后振动冲击增强，最终演化为中等滚动体故障。,0.6323,BMAN-00955,ManufacturingBatch,manufacturing
BFB-01548,BRG-01548,B014,rolling_element_fault,rolling_element,medium,0.7609,结合振动、峭度和温升特征，滚动体故障与装配阶段异常高度一致，优先追溯到 BASM-01548。,风险首先在装配阶段形成隐患，运行中持续放大，并通过温度与振动指标表现出来。,0.6708,BASM-01548,AssemblyRecord,assembly
BFB-01549,BRG-01549,IR007,inner_race_fault,inner_race,slight,0.6646,该样本的生命周期风险在设计阶段较突出，能够解释当前轻微内圈故障的主要失效模式。,风险首先在设计阶段形成隐患，运行中持续放大，并通过温度与振动指标表现出来。,0.6501,BDES-00757,BearingDesignSpec,design
BFB-01550,BRG-01550,IR014,inner_race_fault,inner_race,medium,0.6719,结合振动、峭度和温升特征，内圈故障与装配阶段异常高度一致，优先追溯到 BASM-01550。,风险首先在装配阶段形成隐患，运行中持续放大，并通过温度与振动指标表现出来。,0.6723,BASM-01550,AssemblyRecord,assembly
BFB-01551,BRG-01551,IR021,inner_race_fault,inner_race,severe,0.8049,诊断结果显示轴承出现严重内圈故障，根因更可能来自设计阶段实体 BDES-00574 的风险累积。,早期表现为局部接触应力升高，随后振动冲击增强，最终演化为严重内圈故障。,0.5921,BDES-00574,BearingDesignSpec,design
BFB-01552,BRG-01552,IR007,inner_race_fault,inner_race,slight,0.7118,结合振动、峭度和温升特征，内圈故障与运维阶段异常高度一致，优先追溯到 BOPR-01552。,风险首先在运维阶段形成隐患，运行中持续放大，并通过温度与振动指标表现出来。,0.6236,BOPR-01552,MaintenanceRecord,operation
BFB-01553,BRG-01553,B014,rolling_element_fault,rolling_element,medium,0.7341,诊断结果显示轴承出现中等滚动体故障，根因更可能来自材料阶段实体 BMAT-00430 的风险累积。,异常由微小缺陷逐步发展为周期性冲击，检测指标随严重度上升而同步恶化。,0.7059,BMAT-00430,MaterialBatch,material
BFB-01554,BRG-01554,B007,rolling_element_fault,rolling_element,slight,0.6311,该样本的生命周期风险在检测阶段较突出，能够解释当前轻微滚动体故障的主要失效模式。,异常由微小缺陷逐步发展为周期性冲击，检测指标随严重度上升而同步恶化。,0.5401,BINSP-01554,InspectionRecord,inspection
BFB-01555,BRG-01555,B021,rolling_element_fault,rolling_element,severe,0.6998,该样本的生命周期风险在制造阶段较突出，能够解释当前严重滚动体故障的主要失效模式。,异常由微小缺陷逐步发展为周期性冲击，检测指标随严重度上升而同步恶化。,0.6786,BMAN-00394,ManufacturingBatch,manufacturing
BFB-01556,BRG-01556,B021,rolling_element_fault,rolling_element,severe,0.7785,该样本的生命周期风险在制造阶段较突出，能够解释当前严重滚动体故障的主要失效模式。,风险首先在制造阶段形成隐患，运行中持续放大，并通过温度与振动指标表现出来。,0.745,BMAN-00819,ManufacturingBatch,manufacturing
BFB-01557,BRG-01557,OR014,outer_race_fault,outer_race,medium,0.6924,诊断结果显示轴承出现中等外圈故障，根因更可能来自运维阶段实体 BOPR-01557 的风险累积。,异常由微小缺陷逐步发展为周期性冲击，检测指标随严重度上升而同步恶化。,0.6208,BOPR-01557,MaintenanceRecord,operation
BFB-01558,BRG-01558,B007,rolling_element_fault,rolling_element,slight,0.7291,该样本的生命周期风险在材料阶段较突出，能够解释当前轻微滚动体故障的主要失效模式。,异常由微小缺陷逐步发展为周期性冲击，检测指标随严重度上升而同步恶化。,0.5928,BMAT-00035,MaterialBatch,material
BFB-01559,BRG-01559,OR021,outer_race_fault,outer_race,severe,0.7846,诊断结果显示轴承出现严重外圈故障，根因更可能来自装配阶段实体 BASM-01559 的风险累积。,早期表现为局部接触应力升高，随后振动冲击增强，最终演化为严重外圈故障。,0.7219,BASM-01559,AssemblyRecord,assembly
BFB-01560,BRG-01560,B014,rolling_element_fault,rolling_element,medium,0.7172,结合振动、峭度和温升特征，滚动体故障与材料阶段异常高度一致，优先追溯到 BMAT-00158。,早期表现为局部接触应力升高，随后振动冲击增强，最终演化为中等滚动体故障。,0.7335,BMAT-00158,MaterialBatch,material
BFB-01561,BRG-01561,B007,rolling_element_fault,rolling_element,slight,0.5853,该样本的生命周期风险在制造阶段较突出，能够解释当前轻微滚动体故障的主要失效模式。,风险首先在制造阶段形成隐患，运行中持续放大，并通过温度与振动指标表现出来。,0.619,BMAN-00488,ManufacturingBatch,manufacturing
BFB-01562,BRG-01562,IR007,inner_race_fault,inner_race,slight,0.6749,该样本的生命周期风险在制造阶段较突出，能够解释当前轻微内圈故障的主要失效模式。,早期表现为局部接触应力升高，随后振动冲击增强，最终演化为轻微内圈故障。,0.6565,BMAN-00501,ManufacturingBatch,manufacturing
BFB-01563,BRG-01563,B021,rolling_element_fault,rolling_element,severe,0.7321,诊断结果显示轴承出现严重滚动体故障，根因更可能来自装配阶段实体 BASM-01563 的风险累积。,风险首先在装配阶段形成隐患，运行中持续放大，并通过温度与振动指标表现出来。,0.6558,BASM-01563,AssemblyRecord,assembly
BFB-01564,BRG-01564,B007,rolling_element_fault,rolling_element,slight,0.7778,该样本的生命周期风险在装配阶段较突出，能够解释当前轻微滚动体故障的主要失效模式。,异常由微小缺陷逐步发展为周期性冲击，检测指标随严重度上升而同步恶化。,0.6455,BASM-01564,AssemblyRecord,assembly
BFB-01565,BRG-01565,IR007,inner_race_fault,inner_race,slight,0.6453,诊断结果显示轴承出现轻微内圈故障，根因更可能来自制造阶段实体 BMAN-01010 的风险累积。,异常由微小缺陷逐步发展为周期性冲击，检测指标随严重度上升而同步恶化。,0.6391,BMAN-01010,ManufacturingBatch,manufacturing
BFB-01566,BRG-01566,IR014,inner_race_fault,inner_race,medium,0.6782,诊断结果显示轴承出现中等内圈故障，根因更可能来自材料阶段实体 BMAT-00420 的风险累积。,早期表现为局部接触应力升高，随后振动冲击增强，最终演化为中等内圈故障。,0.6216,BMAT-00420,MaterialBatch,material
BFB-01567,BRG-01567,B007,rolling_element_fault,rolling_element,slight,0.6933,该样本的生命周期风险在装配阶段较突出，能够解释当前轻微滚动体故障的主要失效模式。,异常由微小缺陷逐步发展为周期性冲击，检测指标随严重度上升而同步恶化。,0.5934,BASM-01567,AssemblyRecord,assembly
BFB-01568,BRG-01568,IR021,inner_race_fault,inner_race,severe,0.707,诊断结果显示轴承出现严重内圈故障，根因更可能来自装配阶段实体 BASM-01568 的风险累积。,异常由微小缺陷逐步发展为周期性冲击，检测指标随严重度上升而同步恶化。,0.6488,BASM-01568,AssemblyRecord,assembly
BFB-01569,BRG-01569,OR014,outer_race_fault,outer_race,medium,0.6981,诊断结果显示轴承出现中等外圈故障，根因更可能来自材料阶段实体 BMAT-00079 的风险累积。,风险首先在材料阶段形成隐患，运行中持续放大，并通过温度与振动指标表现出来。,0.6111,BMAT-00079,MaterialBatch,material
BFB-01570,BRG-01570,B021,rolling_element_fault,rolling_element,severe,0.7267,结合振动、峭度和温升特征，滚动体故障与材料阶段异常高度一致，优先追溯到 BMAT-00433。,早期表现为局部接触应力升高，随后振动冲击增强，最终演化为严重滚动体故障。,0.7126,BMAT-00433,MaterialBatch,material
BFB-01571,BRG-01571,Normal,normal,none,normal,0.9145,该轴承样本生命周期风险较低，未形成明确故障追溯链。,运行状态平稳，检测指标未呈现持续恶化趋势。,0.8187,NORMAL_BASELINE,QualityFeedback,feedback
BFB-01572,BRG-01572,B021,rolling_element_fault,rolling_element,severe,0.7246,该样本的生命周期风险在制造阶段较突出，能够解释当前严重滚动体故障的主要失效模式。,异常由微小缺陷逐步发展为周期性冲击，检测指标随严重度上升而同步恶化。,0.6582,BMAN-00428,ManufacturingBatch,manufacturing
BFB-01573,BRG-01573,B007,rolling_element_fault,rolling_element,slight,0.6279,诊断结果显示轴承出现轻微滚动体故障，根因更可能来自制造阶段实体 BMAN-00217 的风险累积。,异常由微小缺陷逐步发展为周期性冲击，检测指标随严重度上升而同步恶化。,0.6203,BMAN-00217,ManufacturingBatch,manufacturing
BFB-01574,BRG-01574,IR014,inner_race_fault,inner_race,medium,0.6647,结合振动、峭度和温升特征，内圈故障与装配阶段异常高度一致，优先追溯到 BASM-01574。,风险首先在装配阶段形成隐患，运行中持续放大，并通过温度与振动指标表现出来。,0.6621,BASM-01574,AssemblyRecord,assembly
BFB-01575,BRG-01575,B021,rolling_element_fault,rolling_element,severe,0.7265,该样本的生命周期风险在运维阶段较突出，能够解释当前严重滚动体故障的主要失效模式。,异常由微小缺陷逐步发展为周期性冲击，检测指标随严重度上升而同步恶化。,0.6678,BOPR-01575,MaintenanceRecord,operation
BFB-01576,BRG-01576,B007,rolling_element_fault,rolling_element,slight,0.6537,诊断结果显示轴承出现轻微滚动体故障，根因更可能来自检测阶段实体 BINSP-01576 的风险累积。,异常由微小缺陷逐步发展为周期性冲击，检测指标随严重度上升而同步恶化。,0.6783,BINSP-01576,InspectionRecord,inspection
BFB-01577,BRG-01577,OR007,outer_race_fault,outer_race,slight,0.6907,该样本的生命周期风险在装配阶段较突出，能够解释当前轻微外圈故障的主要失效模式。,风险首先在装配阶段形成隐患，运行中持续放大，并通过温度与振动指标表现出来。,0.6685,BASM-01577,AssemblyRecord,assembly
BFB-01578,BRG-01578,IR021,inner_race_fault,inner_race,severe,0.6858,结合振动、峭度和温升特征，内圈故障与运维阶段异常高度一致，优先追溯到 BOPR-01578。,早期表现为局部接触应力升高，随后振动冲击增强，最终演化为严重内圈故障。,0.6641,BOPR-01578,MaintenanceRecord,operation
BFB-01579,BRG-01579,B007,rolling_element_fault,rolling_element,slight,0.7025,结合振动、峭度和温升特征，滚动体故障与制造阶段异常高度一致，优先追溯到 BMAN-00037。,风险首先在制造阶段形成隐患，运行中持续放大，并通过温度与振动指标表现出来。,0.5392,BMAN-00037,ManufacturingBatch,manufacturing
BFB-01580,BRG-01580,IR014,inner_race_fault,inner_race,medium,0.6891,诊断结果显示轴承出现中等内圈故障，根因更可能来自制造阶段实体 BMAN-01162 的风险累积。,早期表现为局部接触应力升高，随后振动冲击增强，最终演化为中等内圈故障。,0.7611,BMAN-01162,ManufacturingBatch,manufacturing
BFB-01581,BRG-01581,Normal,normal,none,normal,0.945,该轴承样本生命周期风险较低，未形成明确故障追溯链。,运行状态平稳，检测指标未呈现持续恶化趋势。,0.8789,NORMAL_BASELINE,QualityFeedback,feedback
BFB-01582,BRG-01582,B007,rolling_element_fault,rolling_element,slight,0.6372,该样本的生命周期风险在运维阶段较突出，能够解释当前轻微滚动体故障的主要失效模式。,风险首先在运维阶段形成隐患，运行中持续放大，并通过温度与振动指标表现出来。,0.601,BOPR-01582,MaintenanceRecord,operation
BFB-01583,BRG-01583,OR007,outer_race_fault,outer_race,slight,0.64,诊断结果显示轴承出现轻微外圈故障，根因更可能来自制造阶段实体 BMAN-00235 的风险累积。,早期表现为局部接触应力升高，随后振动冲击增强，最终演化为轻微外圈故障。,0.5738,BMAN-00235,ManufacturingBatch,manufacturing
BFB-01584,BRG-01584,OR021,outer_race_fault,outer_race,severe,0.8273,该样本的生命周期风险在制造阶段较突出，能够解释当前严重外圈故障的主要失效模式。,异常由微小缺陷逐步发展为周期性冲击，检测指标随严重度上升而同步恶化。,0.7452,BMAN-00288,ManufacturingBatch,manufacturing
BFB-01585,BRG-01585,IR014,inner_race_fault,inner_race,medium,0.7511,该样本的生命周期风险在制造阶段较突出，能够解释当前中等内圈故障的主要失效模式。,异常由微小缺陷逐步发展为周期性冲击，检测指标随严重度上升而同步恶化。,0.7632,BMAN-00957,ManufacturingBatch,manufacturing
BFB-01586,BRG-01586,B021,rolling_element_fault,rolling_element,severe,0.6941,该样本的生命周期风险在材料阶段较突出，能够解释当前严重滚动体故障的主要失效模式。,异常由微小缺陷逐步发展为周期性冲击，检测指标随严重度上升而同步恶化。,0.6361,BMAT-00068,MaterialBatch,material
BFB-01587,BRG-01587,B014,rolling_element_fault,rolling_element,medium,0.6759,诊断结果显示轴承出现中等滚动体故障，根因更可能来自制造阶段实体 BMAN-01033 的风险累积。,早期表现为局部接触应力升高，随后振动冲击增强，最终演化为中等滚动体故障。,0.6409,BMAN-01033,ManufacturingBatch,manufacturing
BFB-01588,BRG-01588,IR014,inner_race_fault,inner_race,medium,0.7144,该样本的生命周期风险在制造阶段较突出，能够解释当前中等内圈故障的主要失效模式。,异常由微小缺陷逐步发展为周期性冲击，检测指标随严重度上升而同步恶化。,0.7033,BMAN-00650,ManufacturingBatch,manufacturing
BFB-01589,BRG-01589,Normal,normal,none,normal,0.9249,该轴承样本生命周期风险较低，未形成明确故障追溯链。,运行状态平稳，检测指标未呈现持续恶化趋势。,0.7888,NORMAL_BASELINE,QualityFeedback,feedback
BFB-01590,BRG-01590,B007,rolling_element_fault,rolling_element,slight,0.6926,该样本的生命周期风险在制造阶段较突出，能够解释当前轻微滚动体故障的主要失效模式。,风险首先在制造阶段形成隐患，运行中持续放大，并通过温度与振动指标表现出来。,0.582,BMAN-00357,ManufacturingBatch,manufacturing
BFB-01591,BRG-01591,OR014,outer_race_fault,outer_race,medium,0.7497,该样本的生命周期风险在检测阶段较突出，能够解释当前中等外圈故障的主要失效模式。,早期表现为局部接触应力升高，随后振动冲击增强，最终演化为中等外圈故障。,0.673,BINSP-01591,InspectionRecord,inspection
BFB-01592,BRG-01592,IR014,inner_race_fault,inner_race,medium,0.7108,诊断结果显示轴承出现中等内圈故障，根因更可能来自设计阶段实体 BDES-00776 的风险累积。,早期表现为局部接触应力升高，随后振动冲击增强，最终演化为中等内圈故障。,0.7045,BDES-00776,BearingDesignSpec,design
BFB-01593,BRG-01593,Normal,normal,none,normal,0.8675,该轴承样本生命周期风险较低，未形成明确故障追溯链。,运行状态平稳，检测指标未呈现持续恶化趋势。,0.7936,NORMAL_BASELINE,QualityFeedback,feedback
BFB-01594,BRG-01594,Normal,normal,none,normal,0.8658,该轴承样本生命周期风险较低，未形成明确故障追溯链。,运行状态平稳，检测指标未呈现持续恶化趋势。,0.7856,NORMAL_BASELINE,QualityFeedback,feedback
BFB-01595,BRG-01595,IR007,inner_race_fault,inner_race,slight,0.6605,结合振动、峭度和温升特征，内圈故障与检测阶段异常高度一致，优先追溯到 BINSP-01595。,异常由微小缺陷逐步发展为周期性冲击，检测指标随严重度上升而同步恶化。,0.6315,BINSP-01595,InspectionRecord,inspection
BFB-01596,BRG-01596,IR014,inner_race_fault,inner_race,medium,0.7185,该样本的生命周期风险在制造阶段较突出，能够解释当前中等内圈故障的主要失效模式。,早期表现为局部接触应力升高，随后振动冲击增强，最终演化为中等内圈故障。,0.7271,BMAN-01083,ManufacturingBatch,manufacturing
BFB-01597,BRG-01597,OR014,outer_race_fault,outer_race,medium,0.6519,诊断结果显示轴承出现中等外圈故障，根因更可能来自材料阶段实体 BMAT-00350 的风险累积。,早期表现为局部接触应力升高，随后振动冲击增强，最终演化为中等外圈故障。,0.5889,BMAT-00350,MaterialBatch,material
BFB-01598,BRG-01598,Normal,normal,none,normal,0.915,该轴承样本生命周期风险较低，未形成明确故障追溯链。,运行状态平稳，检测指标未呈现持续恶化趋势。,0.8596,NORMAL_BASELINE,QualityFeedback,feedback
BFB-01599,BRG-01599,OR007,outer_race_fault,outer_race,slight,0.6904,诊断结果显示轴承出现轻微外圈故障，根因更可能来自制造阶段实体 BMAN-00156 的风险累积。,风险首先在制造阶段形成隐患，运行中持续放大，并通过温度与振动指标表现出来。,0.7238,BMAN-00156,ManufacturingBatch,manufacturing
BFB-01600,BRG-01600,OR021,outer_race_fault,outer_race,severe,0.7536,该样本的生命周期风险在装配阶段较突出，能够解释当前严重外圈故障的主要失效模式。,风险首先在装配阶段形成隐患，运行中持续放大，并通过温度与振动指标表现出来。,0.7257,BASM-01600,AssemblyRecord,assembly
BFB-01601,BRG-01601,IR014,inner_race_fault,inner_race,medium,0.6955,该样本的生命周期风险在设计阶段较突出，能够解释当前中等内圈故障的主要失效模式。,异常由微小缺陷逐步发展为周期性冲击，检测指标随严重度上升而同步恶化。,0.7214,BDES-00289,BearingDesignSpec,design
BFB-01602,BRG-01602,IR007,inner_race_fault,inner_race,slight,0.7238,诊断结果显示轴承出现轻微内圈故障，根因更可能来自装配阶段实体 BASM-01602 的风险累积。,异常由微小缺陷逐步发展为周期性冲击，检测指标随严重度上升而同步恶化。,0.7092,BASM-01602,AssemblyRecord,assembly
BFB-01603,BRG-01603,IR021,inner_race_fault,inner_race,severe,0.7428,诊断结果显示轴承出现严重内圈故障，根因更可能来自设计阶段实体 BDES-00751 的风险累积。,异常由微小缺陷逐步发展为周期性冲击，检测指标随严重度上升而同步恶化。,0.7632,BDES-00751,BearingDesignSpec,design
BFB-01604,BRG-01604,IR021,inner_race_fault,inner_race,severe,0.6977,结合振动、峭度和温升特征，内圈故障与材料阶段异常高度一致，优先追溯到 BMAT-00233。,早期表现为局部接触应力升高，随后振动冲击增强，最终演化为严重内圈故障。,0.731,BMAT-00233,MaterialBatch,material
BFB-01605,BRG-01605,IR007,inner_race_fault,inner_race,slight,0.6721,诊断结果显示轴承出现轻微内圈故障，根因更可能来自装配阶段实体 BASM-01605 的风险累积。,异常由微小缺陷逐步发展为周期性冲击，检测指标随严重度上升而同步恶化。,0.6936,BASM-01605,AssemblyRecord,assembly
BFB-01606,BRG-01606,OR014,outer_race_fault,outer_race,medium,0.7244,该样本的生命周期风险在检测阶段较突出，能够解释当前中等外圈故障的主要失效模式。,早期表现为局部接触应力升高，随后振动冲击增强，最终演化为中等外圈故障。,0.6146,BINSP-01606,InspectionRecord,inspection
BFB-01607,BRG-01607,IR007,inner_race_fault,inner_race,slight,0.7005,该样本的生命周期风险在检测阶段较突出，能够解释当前轻微内圈故障的主要失效模式。,异常由微小缺陷逐步发展为周期性冲击，检测指标随严重度上升而同步恶化。,0.663,BINSP-01607,InspectionRecord,inspection
BFB-01608,BRG-01608,IR021,inner_race_fault,inner_race,severe,0.695,诊断结果显示轴承出现严重内圈故障，根因更可能来自制造阶段实体 BMAN-00580 的风险累积。,异常由微小缺陷逐步发展为周期性冲击，检测指标随严重度上升而同步恶化。,0.6213,BMAN-00580,ManufacturingBatch,manufacturing
BFB-01609,BRG-01609,IR014,inner_race_fault,inner_race,medium,0.6876,诊断结果显示轴承出现中等内圈故障，根因更可能来自装配阶段实体 BASM-01609 的风险累积。,异常由微小缺陷逐步发展为周期性冲击，检测指标随严重度上升而同步恶化。,0.5353,BASM-01609,AssemblyRecord,assembly
BFB-01610,BRG-01610,B007,rolling_element_fault,rolling_element,slight,0.7188,该样本的生命周期风险在检测阶段较突出，能够解释当前轻微滚动体故障的主要失效模式。,早期表现为局部接触应力升高，随后振动冲击增强，最终演化为轻微滚动体故障。,0.7112,BINSP-01610,InspectionRecord,inspection
BFB-01611,BRG-01611,IR021,inner_race_fault,inner_race,severe,0.7041,结合振动、峭度和温升特征，内圈故障与材料阶段异常高度一致，优先追溯到 BMAT-00132。,早期表现为局部接触应力升高，随后振动冲击增强，最终演化为严重内圈故障。,0.6862,BMAT-00132,MaterialBatch,material
BFB-01612,BRG-01612,B021,rolling_element_fault,rolling_element,severe,0.6358,诊断结果显示轴承出现严重滚动体故障，根因更可能来自检测阶段实体 BINSP-01612 的风险累积。,异常由微小缺陷逐步发展为周期性冲击，检测指标随严重度上升而同步恶化。,0.6517,BINSP-01612,InspectionRecord,inspection
BFB-01613,BRG-01613,OR014,outer_race_fault,outer_race,medium,0.6673,结合振动、峭度和温升特征，外圈故障与材料阶段异常高度一致，优先追溯到 BMAT-00278。,风险首先在材料阶段形成隐患，运行中持续放大，并通过温度与振动指标表现出来。,0.6875,BMAT-00278,MaterialBatch,material
BFB-01614,BRG-01614,Normal,normal,none,normal,0.9123,该轴承样本生命周期风险较低，未形成明确故障追溯链。,运行状态平稳，检测指标未呈现持续恶化趋势。,0.8738,NORMAL_BASELINE,QualityFeedback,feedback
BFB-01615,BRG-01615,OR014,outer_race_fault,outer_race,medium,0.6004,诊断结果显示轴承出现中等外圈故障，根因更可能来自制造阶段实体 BMAN-00559 的风险累积。,风险首先在制造阶段形成隐患，运行中持续放大，并通过温度与振动指标表现出来。,0.6714,BMAN-00559,ManufacturingBatch,manufacturing
BFB-01616,BRG-01616,IR021,inner_race_fault,inner_race,severe,0.7668,结合振动、峭度和温升特征，内圈故障与材料阶段异常高度一致，优先追溯到 BMAT-00051。,风险首先在材料阶段形成隐患，运行中持续放大，并通过温度与振动指标表现出来。,0.633,BMAT-00051,MaterialBatch,material
BFB-01617,BRG-01617,OR007,outer_race_fault,outer_race,slight,0.6905,该样本的生命周期风险在检测阶段较突出，能够解释当前轻微外圈故障的主要失效模式。,风险首先在检测阶段形成隐患，运行中持续放大，并通过温度与振动指标表现出来。,0.6631,BINSP-01617,InspectionRecord,inspection
BFB-01618,BRG-01618,OR007,outer_race_fault,outer_race,slight,0.6804,该样本的生命周期风险在制造阶段较突出，能够解释当前轻微外圈故障的主要失效模式。,异常由微小缺陷逐步发展为周期性冲击，检测指标随严重度上升而同步恶化。,0.6388,BMAN-00302,ManufacturingBatch,manufacturing
BFB-01619,BRG-01619,B021,rolling_element_fault,rolling_element,severe,0.7125,该样本的生命周期风险在制造阶段较突出，能够解释当前严重滚动体故障的主要失效模式。,风险首先在制造阶段形成隐患，运行中持续放大，并通过温度与振动指标表现出来。,0.7169,BMAN-01157,ManufacturingBatch,manufacturing
BFB-01620,BRG-01620,B007,rolling_element_fault,rolling_element,slight,0.6638,该样本的生命周期风险在材料阶段较突出，能够解释当前轻微滚动体故障的主要失效模式。,早期表现为局部接触应力升高，随后振动冲击增强，最终演化为轻微滚动体故障。,0.643,BMAT-00065,MaterialBatch,material
BFB-01621,BRG-01621,B014,rolling_element_fault,rolling_element,medium,0.6944,诊断结果显示轴承出现中等滚动体故障，根因更可能来自运维阶段实体 BOPR-01621 的风险累积。,早期表现为局部接触应力升高，随后振动冲击增强，最终演化为中等滚动体故障。,0.6791,BOPR-01621,MaintenanceRecord,operation
BFB-01622,BRG-01622,B014,rolling_element_fault,rolling_element,medium,0.7516,结合振动、峭度和温升特征，滚动体故障与制造阶段异常高度一致，优先追溯到 BMAN-00361。,早期表现为局部接触应力升高，随后振动冲击增强，最终演化为中等滚动体故障。,0.6222,BMAN-00361,ManufacturingBatch,manufacturing
BFB-01623,BRG-01623,OR021,outer_race_fault,outer_race,severe,0.7565,诊断结果显示轴承出现严重外圈故障，根因更可能来自材料阶段实体 BMAT-00145 的风险累积。,早期表现为局部接触应力升高，随后振动冲击增强，最终演化为严重外圈故障。,0.6484,BMAT-00145,MaterialBatch,material
BFB-01624,BRG-01624,B007,rolling_element_fault,rolling_element,slight,0.6952,结合振动、峭度和温升特征，滚动体故障与制造阶段异常高度一致，优先追溯到 BMAN-00460。,早期表现为局部接触应力升高，随后振动冲击增强，最终演化为轻微滚动体故障。,0.5752,BMAN-00460,ManufacturingBatch,manufacturing
BFB-01625,BRG-01625,IR014,inner_race_fault,inner_race,medium,0.7183,该样本的生命周期风险在制造阶段较突出，能够解释当前中等内圈故障的主要失效模式。,异常由微小缺陷逐步发展为周期性冲击，检测指标随严重度上升而同步恶化。,0.7047,BMAN-00560,ManufacturingBatch,manufacturing
BFB-01626,BRG-01626,IR014,inner_race_fault,inner_race,medium,0.6443,诊断结果显示轴承出现中等内圈故障，根因更可能来自材料阶段实体 BMAT-00461 的风险累积。,风险首先在材料阶段形成隐患，运行中持续放大，并通过温度与振动指标表现出来。,0.6762,BMAT-00461,MaterialBatch,material
BFB-01627,BRG-01627,Normal,normal,none,normal,0.9043,该轴承样本生命周期风险较低，未形成明确故障追溯链。,运行状态平稳，检测指标未呈现持续恶化趋势。,0.8638,NORMAL_BASELINE,QualityFeedback,feedback
BFB-01628,BRG-01628,B014,rolling_element_fault,rolling_element,medium,0.648,诊断结果显示轴承出现中等滚动体故障，根因更可能来自材料阶段实体 BMAT-00105 的风险累积。,异常由微小缺陷逐步发展为周期性冲击，检测指标随严重度上升而同步恶化。,0.7584,BMAT-00105,MaterialBatch,material
BFB-01629,BRG-01629,B014,rolling_element_fault,rolling_element,medium,0.7499,该样本的生命周期风险在装配阶段较突出，能够解释当前中等滚动体故障的主要失效模式。,早期表现为局部接触应力升高，随后振动冲击增强，最终演化为中等滚动体故障。,0.5925,BASM-01629,AssemblyRecord,assembly
BFB-01630,BRG-01630,Normal,normal,none,normal,0.9325,该轴承样本生命周期风险较低，未形成明确故障追溯链。,运行状态平稳，检测指标未呈现持续恶化趋势。,0.8034,NORMAL_BASELINE,QualityFeedback,feedback
BFB-01631,BRG-01631,B014,rolling_element_fault,rolling_element,medium,0.6695,诊断结果显示轴承出现中等滚动体故障，根因更可能来自材料阶段实体 BMAT-00268 的风险累积。,早期表现为局部接触应力升高，随后振动冲击增强，最终演化为中等滚动体故障。,0.7319,BMAT-00268,MaterialBatch,material
BFB-01632,BRG-01632,OR014,outer_race_fault,outer_race,medium,0.6381,结合振动、峭度和温升特征，外圈故障与装配阶段异常高度一致，优先追溯到 BASM-01632。,风险首先在装配阶段形成隐患，运行中持续放大，并通过温度与振动指标表现出来。,0.6529,BASM-01632,AssemblyRecord,assembly
BFB-01633,BRG-01633,Normal,normal,none,normal,0.908,该轴承样本生命周期风险较低，未形成明确故障追溯链。,运行状态平稳，检测指标未呈现持续恶化趋势。,0.8642,NORMAL_BASELINE,QualityFeedback,feedback
BFB-01634,BRG-01634,Normal,normal,none,normal,0.9071,该轴承样本生命周期风险较低，未形成明确故障追溯链。,运行状态平稳，检测指标未呈现持续恶化趋势。,0.7946,NORMAL_BASELINE,QualityFeedback,feedback
BFB-01635,BRG-01635,B007,rolling_element_fault,rolling_element,slight,0.618,结合振动、峭度和温升特征，滚动体故障与材料阶段异常高度一致，优先追溯到 BMAT-00054。,风险首先在材料阶段形成隐患，运行中持续放大，并通过温度与振动指标表现出来。,0.6263,BMAT-00054,MaterialBatch,material
BFB-01636,BRG-01636,B021,rolling_element_fault,rolling_element,severe,0.7931,结合振动、峭度和温升特征，滚动体故障与装配阶段异常高度一致，优先追溯到 BASM-01636。,风险首先在装配阶段形成隐患，运行中持续放大，并通过温度与振动指标表现出来。,0.7332,BASM-01636,AssemblyRecord,assembly
BFB-01637,BRG-01637,B021,rolling_element_fault,rolling_element,severe,0.7196,结合振动、峭度和温升特征，滚动体故障与检测阶段异常高度一致，优先追溯到 BINSP-01637。,风险首先在检测阶段形成隐患，运行中持续放大，并通过温度与振动指标表现出来。,0.6793,BINSP-01637,InspectionRecord,inspection
BFB-01638,BRG-01638,Normal,normal,none,normal,0.8924,该轴承样本生命周期风险较低，未形成明确故障追溯链。,运行状态平稳，检测指标未呈现持续恶化趋势。,0.8689,NORMAL_BASELINE,QualityFeedback,feedback
BFB-01639,BRG-01639,IR014,inner_race_fault,inner_race,medium,0.6958,该样本的生命周期风险在装配阶段较突出，能够解释当前中等内圈故障的主要失效模式。,风险首先在装配阶段形成隐患，运行中持续放大，并通过温度与振动指标表现出来。,0.7193,BASM-01639,AssemblyRecord,assembly
BFB-01640,BRG-01640,B021,rolling_element_fault,rolling_element,severe,0.7212,结合振动、峭度和温升特征，滚动体故障与制造阶段异常高度一致，优先追溯到 BMAN-01193。,异常由微小缺陷逐步发展为周期性冲击，检测指标随严重度上升而同步恶化。,0.735,BMAN-01193,ManufacturingBatch,manufacturing
BFB-01641,BRG-01641,OR014,outer_race_fault,outer_race,medium,0.6537,诊断结果显示轴承出现中等外圈故障，根因更可能来自制造阶段实体 BMAN-00256 的风险累积。,早期表现为局部接触应力升高，随后振动冲击增强，最终演化为中等外圈故障。,0.6789,BMAN-00256,ManufacturingBatch,manufacturing
BFB-01642,BRG-01642,Normal,normal,none,normal,0.9138,该轴承样本生命周期风险较低，未形成明确故障追溯链。,运行状态平稳，检测指标未呈现持续恶化趋势。,0.8564,NORMAL_BASELINE,QualityFeedback,feedback
BFB-01643,BRG-01643,IR021,inner_race_fault,inner_race,severe,0.7216,结合振动、峭度和温升特征，内圈故障与制造阶段异常高度一致，优先追溯到 BMAN-00929。,异常由微小缺陷逐步发展为周期性冲击，检测指标随严重度上升而同步恶化。,0.6395,BMAN-00929,ManufacturingBatch,manufacturing
BFB-01644,BRG-01644,IR007,inner_race_fault,inner_race,slight,0.7594,诊断结果显示轴承出现轻微内圈故障，根因更可能来自材料阶段实体 BMAT-00263 的风险累积。,早期表现为局部接触应力升高，随后振动冲击增强，最终演化为轻微内圈故障。,0.7095,BMAT-00263,MaterialBatch,material
BFB-01645,BRG-01645,OR021,outer_race_fault,outer_race,severe,0.8048,结合振动、峭度和温升特征，外圈故障与制造阶段异常高度一致，优先追溯到 BMAN-00991。,早期表现为局部接触应力升高，随后振动冲击增强，最终演化为严重外圈故障。,0.718,BMAN-00991,ManufacturingBatch,manufacturing
BFB-01646,BRG-01646,B021,rolling_element_fault,rolling_element,severe,0.7258,该样本的生命周期风险在材料阶段较突出，能够解释当前严重滚动体故障的主要失效模式。,风险首先在材料阶段形成隐患，运行中持续放大，并通过温度与振动指标表现出来。,0.699,BMAT-00327,MaterialBatch,material
BFB-01647,BRG-01647,IR007,inner_race_fault,inner_race,slight,0.6707,诊断结果显示轴承出现轻微内圈故障，根因更可能来自装配阶段实体 BASM-01647 的风险累积。,异常由微小缺陷逐步发展为周期性冲击，检测指标随严重度上升而同步恶化。,0.7076,BASM-01647,AssemblyRecord,assembly
BFB-01648,BRG-01648,IR021,inner_race_fault,inner_race,severe,0.7546,诊断结果显示轴承出现严重内圈故障，根因更可能来自制造阶段实体 BMAN-00577 的风险累积。,风险首先在制造阶段形成隐患，运行中持续放大，并通过温度与振动指标表现出来。,0.6188,BMAN-00577,ManufacturingBatch,manufacturing
BFB-01649,BRG-01649,OR021,outer_race_fault,outer_race,severe,0.7295,该样本的生命周期风险在材料阶段较突出，能够解释当前严重外圈故障的主要失效模式。,早期表现为局部接触应力升高，随后振动冲击增强，最终演化为严重外圈故障。,0.7108,BMAT-00290,MaterialBatch,material
BFB-01650,BRG-01650,OR021,outer_race_fault,outer_race,severe,0.711,结合振动、峭度和温升特征，外圈故障与设计阶段异常高度一致，优先追溯到 BDES-00142。,异常由微小缺陷逐步发展为周期性冲击，检测指标随严重度上升而同步恶化。,0.7016,BDES-00142,BearingDesignSpec,design
BFB-01651,BRG-01651,OR014,outer_race_fault,outer_race,medium,0.747,结合振动、峭度和温升特征，外圈故障与制造阶段异常高度一致，优先追溯到 BMAN-00551。,早期表现为局部接触应力升高，随后振动冲击增强，最终演化为中等外圈故障。,0.6609,BMAN-00551,ManufacturingBatch,manufacturing
BFB-01652,BRG-01652,OR021,outer_race_fault,outer_race,severe,0.743,该样本的生命周期风险在检测阶段较突出，能够解释当前严重外圈故障的主要失效模式。,异常由微小缺陷逐步发展为周期性冲击，检测指标随严重度上升而同步恶化。,0.725,BINSP-01652,InspectionRecord,inspection
BFB-01653,BRG-01653,OR014,outer_race_fault,outer_race,medium,0.7063,结合振动、峭度和温升特征，外圈故障与制造阶段异常高度一致，优先追溯到 BMAN-00626。,早期表现为局部接触应力升高，随后振动冲击增强，最终演化为中等外圈故障。,0.6239,BMAN-00626,ManufacturingBatch,manufacturing
BFB-01654,BRG-01654,OR014,outer_race_fault,outer_race,medium,0.6674,结合振动、峭度和温升特征，外圈故障与运维阶段异常高度一致，优先追溯到 BOPR-01654。,风险首先在运维阶段形成隐患，运行中持续放大，并通过温度与振动指标表现出来。,0.7658,BOPR-01654,MaintenanceRecord,operation
BFB-01655,BRG-01655,IR007,inner_race_fault,inner_race,slight,0.6412,诊断结果显示轴承出现轻微内圈故障，根因更可能来自制造阶段实体 BMAN-00815 的风险累积。,早期表现为局部接触应力升高，随后振动冲击增强，最终演化为轻微内圈故障。,0.6276,BMAN-00815,ManufacturingBatch,manufacturing
BFB-01656,BRG-01656,IR014,inner_race_fault,inner_race,medium,0.7096,结合振动、峭度和温升特征，内圈故障与制造阶段异常高度一致，优先追溯到 BMAN-00664。,异常由微小缺陷逐步发展为周期性冲击，检测指标随严重度上升而同步恶化。,0.6457,BMAN-00664,ManufacturingBatch,manufacturing
BFB-01657,BRG-01657,B007,rolling_element_fault,rolling_element,slight,0.7141,结合振动、峭度和温升特征，滚动体故障与材料阶段异常高度一致，优先追溯到 BMAT-00310。,异常由微小缺陷逐步发展为周期性冲击，检测指标随严重度上升而同步恶化。,0.7995,BMAT-00310,MaterialBatch,material
BFB-01658,BRG-01658,OR021,outer_race_fault,outer_race,severe,0.7124,诊断结果显示轴承出现严重外圈故障，根因更可能来自装配阶段实体 BASM-01658 的风险累积。,风险首先在装配阶段形成隐患，运行中持续放大，并通过温度与振动指标表现出来。,0.7554,BASM-01658,AssemblyRecord,assembly
BFB-01659,BRG-01659,OR007,outer_race_fault,outer_race,slight,0.7014,诊断结果显示轴承出现轻微外圈故障，根因更可能来自材料阶段实体 BMAT-00232 的风险累积。,风险首先在材料阶段形成隐患，运行中持续放大，并通过温度与振动指标表现出来。,0.6539,BMAT-00232,MaterialBatch,material
BFB-01660,BRG-01660,B021,rolling_element_fault,rolling_element,severe,0.7905,诊断结果显示轴承出现严重滚动体故障，根因更可能来自制造阶段实体 BMAN-00317 的风险累积。,风险首先在制造阶段形成隐患，运行中持续放大，并通过温度与振动指标表现出来。,0.7611,BMAN-00317,ManufacturingBatch,manufacturing
BFB-01661,BRG-01661,B021,rolling_element_fault,rolling_element,severe,0.7493,诊断结果显示轴承出现严重滚动体故障，根因更可能来自装配阶段实体 BASM-01661 的风险累积。,风险首先在装配阶段形成隐患，运行中持续放大，并通过温度与振动指标表现出来。,0.7666,BASM-01661,AssemblyRecord,assembly
BFB-01662,BRG-01662,B007,rolling_element_fault,rolling_element,slight,0.6532,诊断结果显示轴承出现轻微滚动体故障，根因更可能来自检测阶段实体 BINSP-01662 的风险累积。,风险首先在检测阶段形成隐患，运行中持续放大，并通过温度与振动指标表现出来。,0.6727,BINSP-01662,InspectionRecord,inspection
BFB-01663,BRG-01663,B007,rolling_element_fault,rolling_element,slight,0.7081,结合振动、峭度和温升特征，滚动体故障与材料阶段异常高度一致，优先追溯到 BMAT-00449。,早期表现为局部接触应力升高，随后振动冲击增强，最终演化为轻微滚动体故障。,0.6198,BMAT-00449,MaterialBatch,material
BFB-01664,BRG-01664,Normal,normal,none,normal,0.9265,该轴承样本生命周期风险较低，未形成明确故障追溯链。,运行状态平稳，检测指标未呈现持续恶化趋势。,0.8893,NORMAL_BASELINE,QualityFeedback,feedback
BFB-01665,BRG-01665,IR021,inner_race_fault,inner_race,severe,0.6775,该样本的生命周期风险在装配阶段较突出，能够解释当前严重内圈故障的主要失效模式。,早期表现为局部接触应力升高，随后振动冲击增强，最终演化为严重内圈故障。,0.6992,BASM-01665,AssemblyRecord,assembly
BFB-01666,BRG-01666,OR007,outer_race_fault,outer_race,slight,0.6697,诊断结果显示轴承出现轻微外圈故障，根因更可能来自运维阶段实体 BOPR-01666 的风险累积。,异常由微小缺陷逐步发展为周期性冲击，检测指标随严重度上升而同步恶化。,0.6762,BOPR-01666,MaintenanceRecord,operation
BFB-01667,BRG-01667,OR014,outer_race_fault,outer_race,medium,0.5924,该样本的生命周期风险在装配阶段较突出，能够解释当前中等外圈故障的主要失效模式。,异常由微小缺陷逐步发展为周期性冲击，检测指标随严重度上升而同步恶化。,0.6598,BASM-01667,AssemblyRecord,assembly
BFB-01668,BRG-01668,OR014,outer_race_fault,outer_race,medium,0.6821,结合振动、峭度和温升特征，外圈故障与制造阶段异常高度一致，优先追溯到 BMAN-00541。,风险首先在制造阶段形成隐患，运行中持续放大，并通过温度与振动指标表现出来。,0.6748,BMAN-00541,ManufacturingBatch,manufacturing
BFB-01669,BRG-01669,OR014,outer_race_fault,outer_race,medium,0.7449,结合振动、峭度和温升特征，外圈故障与制造阶段异常高度一致，优先追溯到 BMAN-00114。,早期表现为局部接触应力升高，随后振动冲击增强，最终演化为中等外圈故障。,0.6715,BMAN-00114,ManufacturingBatch,manufacturing
BFB-01670,BRG-01670,IR021,inner_race_fault,inner_race,severe,0.7348,该样本的生命周期风险在制造阶段较突出，能够解释当前严重内圈故障的主要失效模式。,风险首先在制造阶段形成隐患，运行中持续放大，并通过温度与振动指标表现出来。,0.7903,BMAN-01121,ManufacturingBatch,manufacturing
BFB-01671,BRG-01671,OR014,outer_race_fault,outer_race,medium,0.6786,结合振动、峭度和温升特征，外圈故障与检测阶段异常高度一致，优先追溯到 BINSP-01671。,早期表现为局部接触应力升高，随后振动冲击增强，最终演化为中等外圈故障。,0.7645,BINSP-01671,InspectionRecord,inspection
BFB-01672,BRG-01672,IR014,inner_race_fault,inner_race,medium,0.7528,该样本的生命周期风险在制造阶段较突出，能够解释当前中等内圈故障的主要失效模式。,早期表现为局部接触应力升高，随后振动冲击增强，最终演化为中等内圈故障。,0.683,BMAN-00650,ManufacturingBatch,manufacturing
BFB-01673,BRG-01673,Normal,normal,none,normal,0.9138,该轴承样本生命周期风险较低，未形成明确故障追溯链。,运行状态平稳，检测指标未呈现持续恶化趋势。,0.8839,NORMAL_BASELINE,QualityFeedback,feedback
BFB-01674,BRG-01674,B014,rolling_element_fault,rolling_element,medium,0.7312,该样本的生命周期风险在装配阶段较突出，能够解释当前中等滚动体故障的主要失效模式。,风险首先在装配阶段形成隐患，运行中持续放大，并通过温度与振动指标表现出来。,0.6421,BASM-01674,AssemblyRecord,assembly
BFB-01675,BRG-01675,Normal,normal,none,normal,0.9405,该轴承样本生命周期风险较低，未形成明确故障追溯链。,运行状态平稳，检测指标未呈现持续恶化趋势。,0.8888,NORMAL_BASELINE,QualityFeedback,feedback
BFB-01676,BRG-01676,B021,rolling_element_fault,rolling_element,severe,0.6278,该样本的生命周期风险在制造阶段较突出，能够解释当前严重滚动体故障的主要失效模式。,早期表现为局部接触应力升高，随后振动冲击增强，最终演化为严重滚动体故障。,0.6719,BMAN-00147,ManufacturingBatch,manufacturing
BFB-01677,BRG-01677,IR014,inner_race_fault,inner_race,medium,0.7005,该样本的生命周期风险在制造阶段较突出，能够解释当前中等内圈故障的主要失效模式。,异常由微小缺陷逐步发展为周期性冲击，检测指标随严重度上升而同步恶化。,0.7652,BMAN-00868,ManufacturingBatch,manufacturing
BFB-01678,BRG-01678,IR014,inner_race_fault,inner_race,medium,0.6824,结合振动、峭度和温升特征，内圈故障与制造阶段异常高度一致，优先追溯到 BMAN-00368。,风险首先在制造阶段形成隐患，运行中持续放大，并通过温度与振动指标表现出来。,0.7107,BMAN-00368,ManufacturingBatch,manufacturing
BFB-01679,BRG-01679,B014,rolling_element_fault,rolling_element,medium,0.8028,该样本的生命周期风险在材料阶段较突出，能够解释当前中等滚动体故障的主要失效模式。,异常由微小缺陷逐步发展为周期性冲击，检测指标随严重度上升而同步恶化。,0.6681,BMAT-00478,MaterialBatch,material
BFB-01680,BRG-01680,OR007,outer_race_fault,outer_race,slight,0.7162,诊断结果显示轴承出现轻微外圈故障，根因更可能来自装配阶段实体 BASM-01680 的风险累积。,早期表现为局部接触应力升高，随后振动冲击增强，最终演化为轻微外圈故障。,0.7165,BASM-01680,AssemblyRecord,assembly
BFB-01681,BRG-01681,B021,rolling_element_fault,rolling_element,severe,0.788,该样本的生命周期风险在装配阶段较突出，能够解释当前严重滚动体故障的主要失效模式。,早期表现为局部接触应力升高，随后振动冲击增强，最终演化为严重滚动体故障。,0.7394,BASM-01681,AssemblyRecord,assembly
BFB-01682,BRG-01682,OR021,outer_race_fault,outer_race,severe,0.6881,结合振动、峭度和温升特征，外圈故障与检测阶段异常高度一致，优先追溯到 BINSP-01682。,风险首先在检测阶段形成隐患，运行中持续放大，并通过温度与振动指标表现出来。,0.6896,BINSP-01682,InspectionRecord,inspection
BFB-01683,BRG-01683,OR007,outer_race_fault,outer_race,slight,0.6634,结合振动、峭度和温升特征，外圈故障与装配阶段异常高度一致，优先追溯到 BASM-01683。,异常由微小缺陷逐步发展为周期性冲击，检测指标随严重度上升而同步恶化。,0.6715,BASM-01683,AssemblyRecord,assembly
BFB-01684,BRG-01684,IR021,inner_race_fault,inner_race,severe,0.7674,结合振动、峭度和温升特征，内圈故障与材料阶段异常高度一致，优先追溯到 BMAT-00136。,风险首先在材料阶段形成隐患，运行中持续放大，并通过温度与振动指标表现出来。,0.7709,BMAT-00136,MaterialBatch,material
BFB-01685,BRG-01685,OR021,outer_race_fault,outer_race,severe,0.7219,结合振动、峭度和温升特征，外圈故障与制造阶段异常高度一致，优先追溯到 BMAN-00942。,异常由微小缺陷逐步发展为周期性冲击，检测指标随严重度上升而同步恶化。,0.6507,BMAN-00942,ManufacturingBatch,manufacturing
BFB-01686,BRG-01686,OR021,outer_race_fault,outer_race,severe,0.6968,结合振动、峭度和温升特征，外圈故障与制造阶段异常高度一致，优先追溯到 BMAN-00581。,异常由微小缺陷逐步发展为周期性冲击，检测指标随严重度上升而同步恶化。,0.6171,BMAN-00581,ManufacturingBatch,manufacturing
BFB-01687,BRG-01687,Normal,normal,none,normal,0.8719,该轴承样本生命周期风险较低，未形成明确故障追溯链。,运行状态平稳，检测指标未呈现持续恶化趋势。,0.8573,NORMAL_BASELINE,QualityFeedback,feedback
BFB-01688,BRG-01688,OR014,outer_race_fault,outer_race,medium,0.6869,该样本的生命周期风险在设计阶段较突出，能够解释当前中等外圈故障的主要失效模式。,早期表现为局部接触应力升高，随后振动冲击增强，最终演化为中等外圈故障。,0.6942,BDES-00117,BearingDesignSpec,design
BFB-01689,BRG-01689,OR014,outer_race_fault,outer_race,medium,0.7488,诊断结果显示轴承出现中等外圈故障，根因更可能来自装配阶段实体 BASM-01689 的风险累积。,风险首先在装配阶段形成隐患，运行中持续放大，并通过温度与振动指标表现出来。,0.7685,BASM-01689,AssemblyRecord,assembly
BFB-01690,BRG-01690,IR021,inner_race_fault,inner_race,severe,0.6377,该样本的生命周期风险在材料阶段较突出，能够解释当前严重内圈故障的主要失效模式。,早期表现为局部接触应力升高，随后振动冲击增强，最终演化为严重内圈故障。,0.7305,BMAT-00471,MaterialBatch,material
BFB-01691,BRG-01691,Normal,normal,none,normal,0.9164,该轴承样本生命周期风险较低，未形成明确故障追溯链。,运行状态平稳，检测指标未呈现持续恶化趋势。,0.8417,NORMAL_BASELINE,QualityFeedback,feedback
BFB-01692,BRG-01692,IR014,inner_race_fault,inner_race,medium,0.7451,该样本的生命周期风险在制造阶段较突出，能够解释当前中等内圈故障的主要失效模式。,风险首先在制造阶段形成隐患，运行中持续放大，并通过温度与振动指标表现出来。,0.7107,BMAN-00473,ManufacturingBatch,manufacturing
BFB-01693,BRG-01693,Normal,normal,none,normal,0.9181,该轴承样本生命周期风险较低，未形成明确故障追溯链。,运行状态平稳，检测指标未呈现持续恶化趋势。,0.8567,NORMAL_BASELINE,QualityFeedback,feedback
BFB-01694,BRG-01694,IR021,inner_race_fault,inner_race,severe,0.7504,结合振动、峭度和温升特征，内圈故障与运维阶段异常高度一致，优先追溯到 BOPR-01694。,风险首先在运维阶段形成隐患，运行中持续放大，并通过温度与振动指标表现出来。,0.737,BOPR-01694,MaintenanceRecord,operation
BFB-01695,BRG-01695,OR014,outer_race_fault,outer_race,medium,0.7081,结合振动、峭度和温升特征，外圈故障与装配阶段异常高度一致，优先追溯到 BASM-01695。,异常由微小缺陷逐步发展为周期性冲击，检测指标随严重度上升而同步恶化。,0.6762,BASM-01695,AssemblyRecord,assembly
BFB-01696,BRG-01696,B007,rolling_element_fault,rolling_element,slight,0.7514,结合振动、峭度和温升特征，滚动体故障与制造阶段异常高度一致，优先追溯到 BMAN-00969。,早期表现为局部接触应力升高，随后振动冲击增强，最终演化为轻微滚动体故障。,0.5606,BMAN-00969,ManufacturingBatch,manufacturing
BFB-01697,BRG-01697,IR014,inner_race_fault,inner_race,medium,0.7063,该样本的生命周期风险在材料阶段较突出，能够解释当前中等内圈故障的主要失效模式。,异常由微小缺陷逐步发展为周期性冲击，检测指标随严重度上升而同步恶化。,0.583,BMAT-00311,MaterialBatch,material
BFB-01698,BRG-01698,B014,rolling_element_fault,rolling_element,medium,0.6777,结合振动、峭度和温升特征，滚动体故障与装配阶段异常高度一致，优先追溯到 BASM-01698。,早期表现为局部接触应力升高，随后振动冲击增强，最终演化为中等滚动体故障。,0.6978,BASM-01698,AssemblyRecord,assembly
BFB-01699,BRG-01699,B021,rolling_element_fault,rolling_element,severe,0.7742,该样本的生命周期风险在材料阶段较突出，能够解释当前严重滚动体故障的主要失效模式。,异常由微小缺陷逐步发展为周期性冲击，检测指标随严重度上升而同步恶化。,0.7703,BMAT-00265,MaterialBatch,material
BFB-01700,BRG-01700,IR021,inner_race_fault,inner_race,severe,0.7792,结合振动、峭度和温升特征，内圈故障与装配阶段异常高度一致，优先追溯到 BASM-01700。,早期表现为局部接触应力升高，随后振动冲击增强，最终演化为严重内圈故障。,0.5793,BASM-01700,AssemblyRecord,assembly
BFB-01701,BRG-01701,B014,rolling_element_fault,rolling_element,medium,0.7235,诊断结果显示轴承出现中等滚动体故障，根因更可能来自材料阶段实体 BMAT-00176 的风险累积。,风险首先在材料阶段形成隐患，运行中持续放大，并通过温度与振动指标表现出来。,0.6611,BMAT-00176,MaterialBatch,material
BFB-01702,BRG-01702,OR021,outer_race_fault,outer_race,severe,0.7338,结合振动、峭度和温升特征，外圈故障与装配阶段异常高度一致，优先追溯到 BASM-01702。,异常由微小缺陷逐步发展为周期性冲击，检测指标随严重度上升而同步恶化。,0.7787,BASM-01702,AssemblyRecord,assembly
BFB-01703,BRG-01703,B007,rolling_element_fault,rolling_element,slight,0.6771,该样本的生命周期风险在装配阶段较突出，能够解释当前轻微滚动体故障的主要失效模式。,风险首先在装配阶段形成隐患，运行中持续放大，并通过温度与振动指标表现出来。,0.6374,BASM-01703,AssemblyRecord,assembly
BFB-01704,BRG-01704,IR007,inner_race_fault,inner_race,slight,0.6613,诊断结果显示轴承出现轻微内圈故障，根因更可能来自装配阶段实体 BASM-01704 的风险累积。,风险首先在装配阶段形成隐患，运行中持续放大，并通过温度与振动指标表现出来。,0.7037,BASM-01704,AssemblyRecord,assembly
BFB-01705,BRG-01705,B021,rolling_element_fault,rolling_element,severe,0.7228,结合振动、峭度和温升特征，滚动体故障与制造阶段异常高度一致，优先追溯到 BMAN-00403。,风险首先在制造阶段形成隐患，运行中持续放大，并通过温度与振动指标表现出来。,0.6685,BMAN-00403,ManufacturingBatch,manufacturing
BFB-01706,BRG-01706,B021,rolling_element_fault,rolling_element,severe,0.6929,结合振动、峭度和温升特征，滚动体故障与制造阶段异常高度一致，优先追溯到 BMAN-00800。,异常由微小缺陷逐步发展为周期性冲击，检测指标随严重度上升而同步恶化。,0.7226,BMAN-00800,ManufacturingBatch,manufacturing
BFB-01707,BRG-01707,B007,rolling_element_fault,rolling_element,slight,0.695,该样本的生命周期风险在材料阶段较突出，能够解释当前轻微滚动体故障的主要失效模式。,异常由微小缺陷逐步发展为周期性冲击，检测指标随严重度上升而同步恶化。,0.5889,BMAT-00062,MaterialBatch,material
BFB-01708,BRG-01708,OR014,outer_race_fault,outer_race,medium,0.6774,诊断结果显示轴承出现中等外圈故障，根因更可能来自制造阶段实体 BMAN-01147 的风险累积。,早期表现为局部接触应力升高，随后振动冲击增强，最终演化为中等外圈故障。,0.6532,BMAN-01147,ManufacturingBatch,manufacturing
BFB-01709,BRG-01709,B014,rolling_element_fault,rolling_element,medium,0.699,该样本的生命周期风险在材料阶段较突出，能够解释当前中等滚动体故障的主要失效模式。,风险首先在材料阶段形成隐患，运行中持续放大，并通过温度与振动指标表现出来。,0.603,BMAT-00477,MaterialBatch,material
BFB-01710,BRG-01710,IR007,inner_race_fault,inner_race,slight,0.6962,该样本的生命周期风险在制造阶段较突出，能够解释当前轻微内圈故障的主要失效模式。,风险首先在制造阶段形成隐患，运行中持续放大，并通过温度与振动指标表现出来。,0.6593,BMAN-01058,ManufacturingBatch,manufacturing
BFB-01711,BRG-01711,B007,rolling_element_fault,rolling_element,slight,0.7232,诊断结果显示轴承出现轻微滚动体故障，根因更可能来自检测阶段实体 BINSP-01711 的风险累积。,风险首先在检测阶段形成隐患，运行中持续放大，并通过温度与振动指标表现出来。,0.6864,BINSP-01711,InspectionRecord,inspection
BFB-01712,BRG-01712,IR021,inner_race_fault,inner_race,severe,0.709,诊断结果显示轴承出现严重内圈故障，根因更可能来自装配阶段实体 BASM-01712 的风险累积。,风险首先在装配阶段形成隐患，运行中持续放大，并通过温度与振动指标表现出来。,0.7307,BASM-01712,AssemblyRecord,assembly
BFB-01713,BRG-01713,B014,rolling_element_fault,rolling_element,medium,0.6001,诊断结果显示轴承出现中等滚动体故障，根因更可能来自装配阶段实体 BASM-01713 的风险累积。,异常由微小缺陷逐步发展为周期性冲击，检测指标随严重度上升而同步恶化。,0.6675,BASM-01713,AssemblyRecord,assembly
BFB-01714,BRG-01714,IR007,inner_race_fault,inner_race,slight,0.7246,该样本的生命周期风险在材料阶段较突出，能够解释当前轻微内圈故障的主要失效模式。,异常由微小缺陷逐步发展为周期性冲击，检测指标随严重度上升而同步恶化。,0.7338,BMAT-00304,MaterialBatch,material
BFB-01715,BRG-01715,B014,rolling_element_fault,rolling_element,medium,0.7508,结合振动、峭度和温升特征，滚动体故障与制造阶段异常高度一致，优先追溯到 BMAN-00745。,早期表现为局部接触应力升高，随后振动冲击增强，最终演化为中等滚动体故障。,0.7332,BMAN-00745,ManufacturingBatch,manufacturing
BFB-01716,BRG-01716,OR014,outer_race_fault,outer_race,medium,0.7207,结合振动、峭度和温升特征，外圈故障与装配阶段异常高度一致，优先追溯到 BASM-01716。,风险首先在装配阶段形成隐患，运行中持续放大，并通过温度与振动指标表现出来。,0.5813,BASM-01716,AssemblyRecord,assembly
BFB-01717,BRG-01717,OR007,outer_race_fault,outer_race,slight,0.6278,该样本的生命周期风险在装配阶段较突出，能够解释当前轻微外圈故障的主要失效模式。,异常由微小缺陷逐步发展为周期性冲击，检测指标随严重度上升而同步恶化。,0.7184,BASM-01717,AssemblyRecord,assembly
BFB-01718,BRG-01718,OR007,outer_race_fault,outer_race,slight,0.7427,该样本的生命周期风险在装配阶段较突出，能够解释当前轻微外圈故障的主要失效模式。,异常由微小缺陷逐步发展为周期性冲击，检测指标随严重度上升而同步恶化。,0.6713,BASM-01718,AssemblyRecord,assembly
BFB-01719,BRG-01719,OR007,outer_race_fault,outer_race,slight,0.7006,结合振动、峭度和温升特征，外圈故障与装配阶段异常高度一致，优先追溯到 BASM-01719。,异常由微小缺陷逐步发展为周期性冲击，检测指标随严重度上升而同步恶化。,0.6464,BASM-01719,AssemblyRecord,assembly
BFB-01720,BRG-01720,OR007,outer_race_fault,outer_race,slight,0.6327,该样本的生命周期风险在制造阶段较突出，能够解释当前轻微外圈故障的主要失效模式。,异常由微小缺陷逐步发展为周期性冲击，检测指标随严重度上升而同步恶化。,0.684,BMAN-00475,ManufacturingBatch,manufacturing
BFB-01721,BRG-01721,IR014,inner_race_fault,inner_race,medium,0.6894,结合振动、峭度和温升特征，内圈故障与制造阶段异常高度一致，优先追溯到 BMAN-00471。,异常由微小缺陷逐步发展为周期性冲击，检测指标随严重度上升而同步恶化。,0.697,BMAN-00471,ManufacturingBatch,manufacturing
BFB-01722,BRG-01722,IR014,inner_race_fault,inner_race,medium,0.7741,该样本的生命周期风险在装配阶段较突出，能够解释当前中等内圈故障的主要失效模式。,异常由微小缺陷逐步发展为周期性冲击，检测指标随严重度上升而同步恶化。,0.6071,BASM-01722,AssemblyRecord,assembly
BFB-01723,BRG-01723,B007,rolling_element_fault,rolling_element,slight,0.6868,结合振动、峭度和温升特征，滚动体故障与材料阶段异常高度一致，优先追溯到 BMAT-00029。,风险首先在材料阶段形成隐患，运行中持续放大，并通过温度与振动指标表现出来。,0.6608,BMAT-00029,MaterialBatch,material
BFB-01724,BRG-01724,B014,rolling_element_fault,rolling_element,medium,0.7052,结合振动、峭度和温升特征，滚动体故障与设计阶段异常高度一致，优先追溯到 BDES-00548。,异常由微小缺陷逐步发展为周期性冲击，检测指标随严重度上升而同步恶化。,0.6658,BDES-00548,BearingDesignSpec,design
BFB-01725,BRG-01725,OR021,outer_race_fault,outer_race,severe,0.7045,该样本的生命周期风险在材料阶段较突出，能够解释当前严重外圈故障的主要失效模式。,异常由微小缺陷逐步发展为周期性冲击，检测指标随严重度上升而同步恶化。,0.669,BMAT-00406,MaterialBatch,material
BFB-01726,BRG-01726,OR014,outer_race_fault,outer_race,medium,0.6759,诊断结果显示轴承出现中等外圈故障，根因更可能来自设计阶段实体 BDES-00024 的风险累积。,风险首先在设计阶段形成隐患，运行中持续放大，并通过温度与振动指标表现出来。,0.6784,BDES-00024,BearingDesignSpec,design
BFB-01727,BRG-01727,B021,rolling_element_fault,rolling_element,severe,0.7226,该样本的生命周期风险在制造阶段较突出，能够解释当前严重滚动体故障的主要失效模式。,风险首先在制造阶段形成隐患，运行中持续放大，并通过温度与振动指标表现出来。,0.5411,BMAN-00696,ManufacturingBatch,manufacturing
BFB-01728,BRG-01728,IR021,inner_race_fault,inner_race,severe,0.7216,诊断结果显示轴承出现严重内圈故障，根因更可能来自材料阶段实体 BMAT-00397 的风险累积。,风险首先在材料阶段形成隐患，运行中持续放大，并通过温度与振动指标表现出来。,0.6541,BMAT-00397,MaterialBatch,material
BFB-01729,BRG-01729,B014,rolling_element_fault,rolling_element,medium,0.7248,该样本的生命周期风险在运维阶段较突出，能够解释当前中等滚动体故障的主要失效模式。,异常由微小缺陷逐步发展为周期性冲击，检测指标随严重度上升而同步恶化。,0.7071,BOPR-01729,MaintenanceRecord,operation
BFB-01730,BRG-01730,B014,rolling_element_fault,rolling_element,medium,0.6407,结合振动、峭度和温升特征，滚动体故障与制造阶段异常高度一致，优先追溯到 BMAN-00474。,风险首先在制造阶段形成隐患，运行中持续放大，并通过温度与振动指标表现出来。,0.6395,BMAN-00474,ManufacturingBatch,manufacturing
BFB-01731,BRG-01731,IR007,inner_race_fault,inner_race,slight,0.6627,诊断结果显示轴承出现轻微内圈故障，根因更可能来自装配阶段实体 BASM-01731 的风险累积。,风险首先在装配阶段形成隐患，运行中持续放大，并通过温度与振动指标表现出来。,0.5272,BASM-01731,AssemblyRecord,assembly
BFB-01732,BRG-01732,B014,rolling_element_fault,rolling_element,medium,0.6757,结合振动、峭度和温升特征，滚动体故障与制造阶段异常高度一致，优先追溯到 BMAN-00564。,早期表现为局部接触应力升高，随后振动冲击增强，最终演化为中等滚动体故障。,0.5669,BMAN-00564,ManufacturingBatch,manufacturing
BFB-01733,BRG-01733,B021,rolling_element_fault,rolling_element,severe,0.7095,诊断结果显示轴承出现严重滚动体故障，根因更可能来自材料阶段实体 BMAT-00260 的风险累积。,风险首先在材料阶段形成隐患，运行中持续放大，并通过温度与振动指标表现出来。,0.7312,BMAT-00260,MaterialBatch,material
BFB-01734,BRG-01734,B014,rolling_element_fault,rolling_element,medium,0.6268,该样本的生命周期风险在制造阶段较突出，能够解释当前中等滚动体故障的主要失效模式。,异常由微小缺陷逐步发展为周期性冲击，检测指标随严重度上升而同步恶化。,0.6469,BMAN-00811,ManufacturingBatch,manufacturing
BFB-01735,BRG-01735,IR014,inner_race_fault,inner_race,medium,0.7256,结合振动、峭度和温升特征，内圈故障与设计阶段异常高度一致，优先追溯到 BDES-00277。,异常由微小缺陷逐步发展为周期性冲击，检测指标随严重度上升而同步恶化。,0.6356,BDES-00277,BearingDesignSpec,design
BFB-01736,BRG-01736,OR007,outer_race_fault,outer_race,slight,0.679,诊断结果显示轴承出现轻微外圈故障，根因更可能来自检测阶段实体 BINSP-01736 的风险累积。,异常由微小缺陷逐步发展为周期性冲击，检测指标随严重度上升而同步恶化。,0.6413,BINSP-01736,InspectionRecord,inspection
BFB-01737,BRG-01737,B007,rolling_element_fault,rolling_element,slight,0.7454,结合振动、峭度和温升特征，滚动体故障与装配阶段异常高度一致，优先追溯到 BASM-01737。,风险首先在装配阶段形成隐患，运行中持续放大，并通过温度与振动指标表现出来。,0.736,BASM-01737,AssemblyRecord,assembly
BFB-01738,BRG-01738,IR014,inner_race_fault,inner_race,medium,0.7593,诊断结果显示轴承出现中等内圈故障，根因更可能来自设计阶段实体 BDES-00128 的风险累积。,异常由微小缺陷逐步发展为周期性冲击，检测指标随严重度上升而同步恶化。,0.6401,BDES-00128,BearingDesignSpec,design
BFB-01739,BRG-01739,OR014,outer_race_fault,outer_race,medium,0.6972,结合振动、峭度和温升特征，外圈故障与制造阶段异常高度一致，优先追溯到 BMAN-00915。,早期表现为局部接触应力升高，随后振动冲击增强，最终演化为中等外圈故障。,0.7112,BMAN-00915,ManufacturingBatch,manufacturing
BFB-01740,BRG-01740,B007,rolling_element_fault,rolling_element,slight,0.6542,该样本的生命周期风险在装配阶段较突出，能够解释当前轻微滚动体故障的主要失效模式。,早期表现为局部接触应力升高，随后振动冲击增强，最终演化为轻微滚动体故障。,0.7497,BASM-01740,AssemblyRecord,assembly
BFB-01741,BRG-01741,OR007,outer_race_fault,outer_race,slight,0.6553,结合振动、峭度和温升特征，外圈故障与设计阶段异常高度一致，优先追溯到 BDES-00742。,异常由微小缺陷逐步发展为周期性冲击，检测指标随严重度上升而同步恶化。,0.5518,BDES-00742,BearingDesignSpec,design
BFB-01742,BRG-01742,B021,rolling_element_fault,rolling_element,severe,0.75,该样本的生命周期风险在装配阶段较突出，能够解释当前严重滚动体故障的主要失效模式。,风险首先在装配阶段形成隐患，运行中持续放大，并通过温度与振动指标表现出来。,0.6653,BASM-01742,AssemblyRecord,assembly
BFB-01743,BRG-01743,IR021,inner_race_fault,inner_race,severe,0.7057,该样本的生命周期风险在制造阶段较突出，能够解释当前严重内圈故障的主要失效模式。,早期表现为局部接触应力升高，随后振动冲击增强，最终演化为严重内圈故障。,0.7276,BMAN-00115,ManufacturingBatch,manufacturing
BFB-01744,BRG-01744,B014,rolling_element_fault,rolling_element,medium,0.7294,结合振动、峭度和温升特征，滚动体故障与检测阶段异常高度一致，优先追溯到 BINSP-01744。,早期表现为局部接触应力升高，随后振动冲击增强，最终演化为中等滚动体故障。,0.6732,BINSP-01744,InspectionRecord,inspection
BFB-01745,BRG-01745,B014,rolling_element_fault,rolling_element,medium,0.6504,结合振动、峭度和温升特征，滚动体故障与制造阶段异常高度一致，优先追溯到 BMAN-01185。,异常由微小缺陷逐步发展为周期性冲击，检测指标随严重度上升而同步恶化。,0.642,BMAN-01185,ManufacturingBatch,manufacturing
BFB-01746,BRG-01746,B007,rolling_element_fault,rolling_element,slight,0.6959,结合振动、峭度和温升特征，滚动体故障与材料阶段异常高度一致，优先追溯到 BMAT-00179。,异常由微小缺陷逐步发展为周期性冲击，检测指标随严重度上升而同步恶化。,0.5726,BMAT-00179,MaterialBatch,material
BFB-01747,BRG-01747,IR007,inner_race_fault,inner_race,slight,0.6936,诊断结果显示轴承出现轻微内圈故障，根因更可能来自制造阶段实体 BMAN-00809 的风险累积。,风险首先在制造阶段形成隐患，运行中持续放大，并通过温度与振动指标表现出来。,0.6704,BMAN-00809,ManufacturingBatch,manufacturing
BFB-01748,BRG-01748,IR014,inner_race_fault,inner_race,medium,0.6559,该样本的生命周期风险在制造阶段较突出，能够解释当前中等内圈故障的主要失效模式。,早期表现为局部接触应力升高，随后振动冲击增强，最终演化为中等内圈故障。,0.6692,BMAN-01001,ManufacturingBatch,manufacturing
BFB-01749,BRG-01749,B014,rolling_element_fault,rolling_element,medium,0.7364,诊断结果显示轴承出现中等滚动体故障，根因更可能来自材料阶段实体 BMAT-00207 的风险累积。,风险首先在材料阶段形成隐患，运行中持续放大，并通过温度与振动指标表现出来。,0.6754,BMAT-00207,MaterialBatch,material
BFB-01750,BRG-01750,B014,rolling_element_fault,rolling_element,medium,0.7029,诊断结果显示轴承出现中等滚动体故障，根因更可能来自制造阶段实体 BMAN-00361 的风险累积。,早期表现为局部接触应力升高，随后振动冲击增强，最终演化为中等滚动体故障。,0.6264,BMAN-00361,ManufacturingBatch,manufacturing
BFB-01751,BRG-01751,IR007,inner_race_fault,inner_race,slight,0.7196,诊断结果显示轴承出现轻微内圈故障，根因更可能来自制造阶段实体 BMAN-00437 的风险累积。,风险首先在制造阶段形成隐患，运行中持续放大，并通过温度与振动指标表现出来。,0.6634,BMAN-00437,ManufacturingBatch,manufacturing
BFB-01752,BRG-01752,IR014,inner_race_fault,inner_race,medium,0.704,该样本的生命周期风险在装配阶段较突出，能够解释当前中等内圈故障的主要失效模式。,风险首先在装配阶段形成隐患，运行中持续放大，并通过温度与振动指标表现出来。,0.7018,BASM-01752,AssemblyRecord,assembly
BFB-01753,BRG-01753,OR014,outer_race_fault,outer_race,medium,0.7761,结合振动、峭度和温升特征，外圈故障与设计阶段异常高度一致，优先追溯到 BDES-00224。,异常由微小缺陷逐步发展为周期性冲击，检测指标随严重度上升而同步恶化。,0.6667,BDES-00224,BearingDesignSpec,design
BFB-01754,BRG-01754,B014,rolling_element_fault,rolling_element,medium,0.7401,该样本的生命周期风险在检测阶段较突出，能够解释当前中等滚动体故障的主要失效模式。,异常由微小缺陷逐步发展为周期性冲击，检测指标随严重度上升而同步恶化。,0.7015,BINSP-01754,InspectionRecord,inspection
BFB-01755,BRG-01755,OR021,outer_race_fault,outer_race,severe,0.6979,诊断结果显示轴承出现严重外圈故障，根因更可能来自装配阶段实体 BASM-01755 的风险累积。,早期表现为局部接触应力升高，随后振动冲击增强，最终演化为严重外圈故障。,0.7285,BASM-01755,AssemblyRecord,assembly
BFB-01756,BRG-01756,B007,rolling_element_fault,rolling_element,slight,0.6221,该样本的生命周期风险在装配阶段较突出，能够解释当前轻微滚动体故障的主要失效模式。,风险首先在装配阶段形成隐患，运行中持续放大，并通过温度与振动指标表现出来。,0.6132,BASM-01756,AssemblyRecord,assembly
BFB-01757,BRG-01757,IR007,inner_race_fault,inner_race,slight,0.6967,结合振动、峭度和温升特征，内圈故障与装配阶段异常高度一致，优先追溯到 BASM-01757。,早期表现为局部接触应力升高，随后振动冲击增强，最终演化为轻微内圈故障。,0.7437,BASM-01757,AssemblyRecord,assembly
BFB-01758,BRG-01758,B007,rolling_element_fault,rolling_element,slight,0.6157,该样本的生命周期风险在检测阶段较突出，能够解释当前轻微滚动体故障的主要失效模式。,早期表现为局部接触应力升高，随后振动冲击增强，最终演化为轻微滚动体故障。,0.6456,BINSP-01758,InspectionRecord,inspection
BFB-01759,BRG-01759,B021,rolling_element_fault,rolling_element,severe,0.6852,诊断结果显示轴承出现严重滚动体故障，根因更可能来自装配阶段实体 BASM-01759 的风险累积。,早期表现为局部接触应力升高，随后振动冲击增强，最终演化为严重滚动体故障。,0.7865,BASM-01759,AssemblyRecord,assembly
BFB-01760,BRG-01760,Normal,normal,none,normal,0.8766,该轴承样本生命周期风险较低，未形成明确故障追溯链。,运行状态平稳，检测指标未呈现持续恶化趋势。,0.8172,NORMAL_BASELINE,QualityFeedback,feedback
BFB-01761,BRG-01761,OR014,outer_race_fault,outer_race,medium,0.6985,该样本的生命周期风险在材料阶段较突出，能够解释当前中等外圈故障的主要失效模式。,异常由微小缺陷逐步发展为周期性冲击，检测指标随严重度上升而同步恶化。,0.6828,BMAT-00022,MaterialBatch,material
BFB-01762,BRG-01762,Normal,normal,none,normal,0.8756,该轴承样本生命周期风险较低，未形成明确故障追溯链。,运行状态平稳，检测指标未呈现持续恶化趋势。,0.8415,NORMAL_BASELINE,QualityFeedback,feedback
BFB-01763,BRG-01763,OR007,outer_race_fault,outer_race,slight,0.6162,该样本的生命周期风险在检测阶段较突出，能够解释当前轻微外圈故障的主要失效模式。,早期表现为局部接触应力升高，随后振动冲击增强，最终演化为轻微外圈故障。,0.6038,BINSP-01763,InspectionRecord,inspection
BFB-01764,BRG-01764,Normal,normal,none,normal,0.8933,该轴承样本生命周期风险较低，未形成明确故障追溯链。,运行状态平稳，检测指标未呈现持续恶化趋势。,0.8414,NORMAL_BASELINE,QualityFeedback,feedback
BFB-01765,BRG-01765,OR021,outer_race_fault,outer_race,severe,0.6614,诊断结果显示轴承出现严重外圈故障，根因更可能来自制造阶段实体 BMAN-00836 的风险累积。,早期表现为局部接触应力升高，随后振动冲击增强，最终演化为严重外圈故障。,0.7116,BMAN-00836,ManufacturingBatch,manufacturing
BFB-01766,BRG-01766,B014,rolling_element_fault,rolling_element,medium,0.6742,结合振动、峭度和温升特征，滚动体故障与设计阶段异常高度一致，优先追溯到 BDES-00778。,早期表现为局部接触应力升高，随后振动冲击增强，最终演化为中等滚动体故障。,0.6051,BDES-00778,BearingDesignSpec,design
BFB-01767,BRG-01767,B007,rolling_element_fault,rolling_element,slight,0.705,结合振动、峭度和温升特征，滚动体故障与设计阶段异常高度一致，优先追溯到 BDES-00782。,风险首先在设计阶段形成隐患，运行中持续放大，并通过温度与振动指标表现出来。,0.5899,BDES-00782,BearingDesignSpec,design
BFB-01768,BRG-01768,IR007,inner_race_fault,inner_race,slight,0.6869,结合振动、峭度和温升特征，内圈故障与制造阶段异常高度一致，优先追溯到 BMAN-00636。,风险首先在制造阶段形成隐患，运行中持续放大，并通过温度与振动指标表现出来。,0.6146,BMAN-00636,ManufacturingBatch,manufacturing
BFB-01769,BRG-01769,Normal,normal,none,normal,0.887,该轴承样本生命周期风险较低，未形成明确故障追溯链。,运行状态平稳，检测指标未呈现持续恶化趋势。,0.7858,NORMAL_BASELINE,QualityFeedback,feedback
BFB-01770,BRG-01770,IR007,inner_race_fault,inner_race,slight,0.7327,诊断结果显示轴承出现轻微内圈故障，根因更可能来自设计阶段实体 BDES-00224 的风险累积。,早期表现为局部接触应力升高，随后振动冲击增强，最终演化为轻微内圈故障。,0.6112,BDES-00224,BearingDesignSpec,design
BFB-01771,BRG-01771,OR007,outer_race_fault,outer_race,slight,0.7454,该样本的生命周期风险在设计阶段较突出，能够解释当前轻微外圈故障的主要失效模式。,异常由微小缺陷逐步发展为周期性冲击，检测指标随严重度上升而同步恶化。,0.6782,BDES-00726,BearingDesignSpec,design
BFB-01772,BRG-01772,IR014,inner_race_fault,inner_race,medium,0.6319,诊断结果显示轴承出现中等内圈故障，根因更可能来自制造阶段实体 BMAN-00724 的风险累积。,早期表现为局部接触应力升高，随后振动冲击增强，最终演化为中等内圈故障。,0.678,BMAN-00724,ManufacturingBatch,manufacturing
BFB-01773,BRG-01773,OR007,outer_race_fault,outer_race,slight,0.6379,该样本的生命周期风险在检测阶段较突出，能够解释当前轻微外圈故障的主要失效模式。,风险首先在检测阶段形成隐患，运行中持续放大，并通过温度与振动指标表现出来。,0.6465,BINSP-01773,InspectionRecord,inspection
BFB-01774,BRG-01774,OR007,outer_race_fault,outer_race,slight,0.6508,该样本的生命周期风险在设计阶段较突出，能够解释当前轻微外圈故障的主要失效模式。,风险首先在设计阶段形成隐患，运行中持续放大，并通过温度与振动指标表现出来。,0.6452,BDES-00685,BearingDesignSpec,design
BFB-01775,BRG-01775,B014,rolling_element_fault,rolling_element,medium,0.6523,结合振动、峭度和温升特征，滚动体故障与材料阶段异常高度一致，优先追溯到 BMAT-00390。,早期表现为局部接触应力升高，随后振动冲击增强，最终演化为中等滚动体故障。,0.6274,BMAT-00390,MaterialBatch,material
BFB-01776,BRG-01776,B014,rolling_element_fault,rolling_element,medium,0.7116,诊断结果显示轴承出现中等滚动体故障，根因更可能来自材料阶段实体 BMAT-00016 的风险累积。,异常由微小缺陷逐步发展为周期性冲击，检测指标随严重度上升而同步恶化。,0.6948,BMAT-00016,MaterialBatch,material
BFB-01777,BRG-01777,OR007,outer_race_fault,outer_race,slight,0.6873,结合振动、峭度和温升特征，外圈故障与材料阶段异常高度一致，优先追溯到 BMAT-00056。,异常由微小缺陷逐步发展为周期性冲击，检测指标随严重度上升而同步恶化。,0.6424,BMAT-00056,MaterialBatch,material
BFB-01778,BRG-01778,Normal,normal,none,normal,0.8784,该轴承样本生命周期风险较低，未形成明确故障追溯链。,运行状态平稳，检测指标未呈现持续恶化趋势。,0.8556,NORMAL_BASELINE,QualityFeedback,feedback
BFB-01779,BRG-01779,OR021,outer_race_fault,outer_race,severe,0.747,诊断结果显示轴承出现严重外圈故障，根因更可能来自材料阶段实体 BMAT-00170 的风险累积。,异常由微小缺陷逐步发展为周期性冲击，检测指标随严重度上升而同步恶化。,0.7256,BMAT-00170,MaterialBatch,material
BFB-01780,BRG-01780,Normal,normal,none,normal,0.9254,该轴承样本生命周期风险较低，未形成明确故障追溯链。,运行状态平稳，检测指标未呈现持续恶化趋势。,0.7983,NORMAL_BASELINE,QualityFeedback,feedback
BFB-01781,BRG-01781,B021,rolling_element_fault,rolling_element,severe,0.7231,诊断结果显示轴承出现严重滚动体故障，根因更可能来自制造阶段实体 BMAN-00602 的风险累积。,风险首先在制造阶段形成隐患，运行中持续放大，并通过温度与振动指标表现出来。,0.6494,BMAN-00602,ManufacturingBatch,manufacturing
BFB-01782,BRG-01782,Normal,normal,none,normal,0.8943,该轴承样本生命周期风险较低，未形成明确故障追溯链。,运行状态平稳，检测指标未呈现持续恶化趋势。,0.8707,NORMAL_BASELINE,QualityFeedback,feedback
BFB-01783,BRG-01783,OR021,outer_race_fault,outer_race,severe,0.6592,该样本的生命周期风险在设计阶段较突出，能够解释当前严重外圈故障的主要失效模式。,早期表现为局部接触应力升高，随后振动冲击增强，最终演化为严重外圈故障。,0.7151,BDES-00061,BearingDesignSpec,design
BFB-01784,BRG-01784,OR021,outer_race_fault,outer_race,severe,0.7259,该样本的生命周期风险在制造阶段较突出，能够解释当前严重外圈故障的主要失效模式。,异常由微小缺陷逐步发展为周期性冲击，检测指标随严重度上升而同步恶化。,0.7044,BMAN-00497,ManufacturingBatch,manufacturing
BFB-01785,BRG-01785,B007,rolling_element_fault,rolling_element,slight,0.652,诊断结果显示轴承出现轻微滚动体故障，根因更可能来自制造阶段实体 BMAN-00335 的风险累积。,早期表现为局部接触应力升高，随后振动冲击增强，最终演化为轻微滚动体故障。,0.6384,BMAN-00335,ManufacturingBatch,manufacturing
BFB-01786,BRG-01786,IR007,inner_race_fault,inner_race,slight,0.7147,结合振动、峭度和温升特征，内圈故障与装配阶段异常高度一致，优先追溯到 BASM-01786。,早期表现为局部接触应力升高，随后振动冲击增强，最终演化为轻微内圈故障。,0.6269,BASM-01786,AssemblyRecord,assembly
BFB-01787,BRG-01787,OR014,outer_race_fault,outer_race,medium,0.7444,结合振动、峭度和温升特征，外圈故障与设计阶段异常高度一致，优先追溯到 BDES-00020。,异常由微小缺陷逐步发展为周期性冲击，检测指标随严重度上升而同步恶化。,0.7078,BDES-00020,BearingDesignSpec,design
BFB-01788,BRG-01788,IR007,inner_race_fault,inner_race,slight,0.6878,该样本的生命周期风险在材料阶段较突出，能够解释当前轻微内圈故障的主要失效模式。,早期表现为局部接触应力升高，随后振动冲击增强，最终演化为轻微内圈故障。,0.5936,BMAT-00451,MaterialBatch,material
BFB-01789,BRG-01789,Normal,normal,none,normal,0.8661,该轴承样本生命周期风险较低，未形成明确故障追溯链。,运行状态平稳，检测指标未呈现持续恶化趋势。,0.8998,NORMAL_BASELINE,QualityFeedback,feedback
BFB-01790,BRG-01790,B007,rolling_element_fault,rolling_element,slight,0.7154,结合振动、峭度和温升特征，滚动体故障与制造阶段异常高度一致，优先追溯到 BMAN-00655。,风险首先在制造阶段形成隐患，运行中持续放大，并通过温度与振动指标表现出来。,0.6508,BMAN-00655,ManufacturingBatch,manufacturing
BFB-01791,BRG-01791,B014,rolling_element_fault,rolling_element,medium,0.6714,诊断结果显示轴承出现中等滚动体故障，根因更可能来自制造阶段实体 BMAN-00198 的风险累积。,早期表现为局部接触应力升高，随后振动冲击增强，最终演化为中等滚动体故障。,0.6438,BMAN-00198,ManufacturingBatch,manufacturing
BFB-01792,BRG-01792,B014,rolling_element_fault,rolling_element,medium,0.6883,结合振动、峭度和温升特征，滚动体故障与材料阶段异常高度一致，优先追溯到 BMAT-00292。,风险首先在材料阶段形成隐患，运行中持续放大，并通过温度与振动指标表现出来。,0.6317,BMAT-00292,MaterialBatch,material
BFB-01793,BRG-01793,IR014,inner_race_fault,inner_race,medium,0.7021,诊断结果显示轴承出现中等内圈故障，根因更可能来自运维阶段实体 BOPR-01793 的风险累积。,早期表现为局部接触应力升高，随后振动冲击增强，最终演化为中等内圈故障。,0.6847,BOPR-01793,MaintenanceRecord,operation
BFB-01794,BRG-01794,B007,rolling_element_fault,rolling_element,slight,0.6917,诊断结果显示轴承出现轻微滚动体故障，根因更可能来自材料阶段实体 BMAT-00178 的风险累积。,早期表现为局部接触应力升高，随后振动冲击增强，最终演化为轻微滚动体故障。,0.68,BMAT-00178,MaterialBatch,material
BFB-01795,BRG-01795,B021,rolling_element_fault,rolling_element,severe,0.6897,该样本的生命周期风险在材料阶段较突出，能够解释当前严重滚动体故障的主要失效模式。,早期表现为局部接触应力升高，随后振动冲击增强，最终演化为严重滚动体故障。,0.7567,BMAT-00353,MaterialBatch,material
BFB-01796,BRG-01796,IR014,inner_race_fault,inner_race,medium,0.7527,该样本的生命周期风险在装配阶段较突出，能够解释当前中等内圈故障的主要失效模式。,异常由微小缺陷逐步发展为周期性冲击，检测指标随严重度上升而同步恶化。,0.7317,BASM-01796,AssemblyRecord,assembly
BFB-01797,BRG-01797,OR014,outer_race_fault,outer_race,medium,0.7675,诊断结果显示轴承出现中等外圈故障，根因更可能来自装配阶段实体 BASM-01797 的风险累积。,风险首先在装配阶段形成隐患，运行中持续放大，并通过温度与振动指标表现出来。,0.6825,BASM-01797,AssemblyRecord,assembly
BFB-01798,BRG-01798,B007,rolling_element_fault,rolling_element,slight,0.7311,结合振动、峭度和温升特征，滚动体故障与制造阶段异常高度一致，优先追溯到 BMAN-00579。,风险首先在制造阶段形成隐患，运行中持续放大，并通过温度与振动指标表现出来。,0.6212,BMAN-00579,ManufacturingBatch,manufacturing
BFB-01799,BRG-01799,Normal,normal,none,normal,0.887,该轴承样本生命周期风险较低，未形成明确故障追溯链。,运行状态平稳，检测指标未呈现持续恶化趋势。,0.8422,NORMAL_BASELINE,QualityFeedback,feedback
BFB-01800,BRG-01800,IR021,inner_race_fault,inner_race,severe,0.7075,该样本的生命周期风险在装配阶段较突出，能够解释当前严重内圈故障的主要失效模式。,风险首先在装配阶段形成隐患，运行中持续放大，并通过温度与振动指标表现出来。,0.7263,BASM-01800,AssemblyRecord,assembly
BFB-01801,BRG-01801,IR014,inner_race_fault,inner_race,medium,0.808,该样本的生命周期风险在装配阶段较突出，能够解释当前中等内圈故障的主要失效模式。,风险首先在装配阶段形成隐患，运行中持续放大，并通过温度与振动指标表现出来。,0.7051,BASM-01801,AssemblyRecord,assembly
BFB-01802,BRG-01802,B021,rolling_element_fault,rolling_element,severe,0.8256,诊断结果显示轴承出现严重滚动体故障，根因更可能来自制造阶段实体 BMAN-00566 的风险累积。,风险首先在制造阶段形成隐患，运行中持续放大，并通过温度与振动指标表现出来。,0.7227,BMAN-00566,ManufacturingBatch,manufacturing
BFB-01803,BRG-01803,IR014,inner_race_fault,inner_race,medium,0.6982,结合振动、峭度和温升特征，内圈故障与装配阶段异常高度一致，优先追溯到 BASM-01803。,异常由微小缺陷逐步发展为周期性冲击，检测指标随严重度上升而同步恶化。,0.6338,BASM-01803,AssemblyRecord,assembly
BFB-01804,BRG-01804,OR014,outer_race_fault,outer_race,medium,0.7284,诊断结果显示轴承出现中等外圈故障，根因更可能来自制造阶段实体 BMAN-00999 的风险累积。,异常由微小缺陷逐步发展为周期性冲击，检测指标随严重度上升而同步恶化。,0.6341,BMAN-00999,ManufacturingBatch,manufacturing
BFB-01805,BRG-01805,OR021,outer_race_fault,outer_race,severe,0.6643,结合振动、峭度和温升特征，外圈故障与材料阶段异常高度一致，优先追溯到 BMAT-00293。,早期表现为局部接触应力升高，随后振动冲击增强，最终演化为严重外圈故障。,0.6114,BMAT-00293,MaterialBatch,material
BFB-01806,BRG-01806,IR014,inner_race_fault,inner_race,medium,0.6907,该样本的生命周期风险在材料阶段较突出，能够解释当前中等内圈故障的主要失效模式。,风险首先在材料阶段形成隐患，运行中持续放大，并通过温度与振动指标表现出来。,0.7485,BMAT-00463,MaterialBatch,material
BFB-01807,BRG-01807,B007,rolling_element_fault,rolling_element,slight,0.6856,结合振动、峭度和温升特征，滚动体故障与设计阶段异常高度一致，优先追溯到 BDES-00650。,早期表现为局部接触应力升高，随后振动冲击增强，最终演化为轻微滚动体故障。,0.561,BDES-00650,BearingDesignSpec,design
BFB-01808,BRG-01808,Normal,normal,none,normal,0.9047,该轴承样本生命周期风险较低，未形成明确故障追溯链。,运行状态平稳，检测指标未呈现持续恶化趋势。,0.8486,NORMAL_BASELINE,QualityFeedback,feedback
BFB-01809,BRG-01809,OR007,outer_race_fault,outer_race,slight,0.72,该样本的生命周期风险在设计阶段较突出，能够解释当前轻微外圈故障的主要失效模式。,风险首先在设计阶段形成隐患，运行中持续放大，并通过温度与振动指标表现出来。,0.6313,BDES-00308,BearingDesignSpec,design
BFB-01810,BRG-01810,IR007,inner_race_fault,inner_race,slight,0.6092,结合振动、峭度和温升特征，内圈故障与制造阶段异常高度一致，优先追溯到 BMAN-00795。,风险首先在制造阶段形成隐患，运行中持续放大，并通过温度与振动指标表现出来。,0.6406,BMAN-00795,ManufacturingBatch,manufacturing
BFB-01811,BRG-01811,IR007,inner_race_fault,inner_race,slight,0.7155,诊断结果显示轴承出现轻微内圈故障，根因更可能来自材料阶段实体 BMAT-00373 的风险累积。,早期表现为局部接触应力升高，随后振动冲击增强，最终演化为轻微内圈故障。,0.5814,BMAT-00373,MaterialBatch,material
BFB-01812,BRG-01812,B014,rolling_element_fault,rolling_element,medium,0.7474,该样本的生命周期风险在材料阶段较突出，能够解释当前中等滚动体故障的主要失效模式。,异常由微小缺陷逐步发展为周期性冲击，检测指标随严重度上升而同步恶化。,0.7235,BMAT-00299,MaterialBatch,material
BFB-01813,BRG-01813,OR014,outer_race_fault,outer_race,medium,0.758,结合振动、峭度和温升特征，外圈故障与制造阶段异常高度一致，优先追溯到 BMAN-01186。,早期表现为局部接触应力升高，随后振动冲击增强，最终演化为中等外圈故障。,0.6677,BMAN-01186,ManufacturingBatch,manufacturing
BFB-01814,BRG-01814,IR007,inner_race_fault,inner_race,slight,0.6207,结合振动、峭度和温升特征，内圈故障与材料阶段异常高度一致，优先追溯到 BMAT-00147。,风险首先在材料阶段形成隐患，运行中持续放大，并通过温度与振动指标表现出来。,0.5781,BMAT-00147,MaterialBatch,material
BFB-01815,BRG-01815,OR007,outer_race_fault,outer_race,slight,0.704,该样本的生命周期风险在材料阶段较突出，能够解释当前轻微外圈故障的主要失效模式。,早期表现为局部接触应力升高，随后振动冲击增强，最终演化为轻微外圈故障。,0.5795,BMAT-00486,MaterialBatch,material
BFB-01816,BRG-01816,OR021,outer_race_fault,outer_race,severe,0.783,该样本的生命周期风险在制造阶段较突出，能够解释当前严重外圈故障的主要失效模式。,早期表现为局部接触应力升高，随后振动冲击增强，最终演化为严重外圈故障。,0.6538,BMAN-00020,ManufacturingBatch,manufacturing
BFB-01817,BRG-01817,B014,rolling_element_fault,rolling_element,medium,0.6965,结合振动、峭度和温升特征，滚动体故障与检测阶段异常高度一致，优先追溯到 BINSP-01817。,异常由微小缺陷逐步发展为周期性冲击，检测指标随严重度上升而同步恶化。,0.7073,BINSP-01817,InspectionRecord,inspection
BFB-01818,BRG-01818,IR007,inner_race_fault,inner_race,slight,0.6974,诊断结果显示轴承出现轻微内圈故障，根因更可能来自制造阶段实体 BMAN-00725 的风险累积。,早期表现为局部接触应力升高，随后振动冲击增强，最终演化为轻微内圈故障。,0.5791,BMAN-00725,ManufacturingBatch,manufacturing
BFB-01819,BRG-01819,IR007,inner_race_fault,inner_race,slight,0.6775,诊断结果显示轴承出现轻微内圈故障，根因更可能来自装配阶段实体 BASM-01819 的风险累积。,早期表现为局部接触应力升高，随后振动冲击增强，最终演化为轻微内圈故障。,0.6473,BASM-01819,AssemblyRecord,assembly
BFB-01820,BRG-01820,IR021,inner_race_fault,inner_race,severe,0.7227,结合振动、峭度和温升特征，内圈故障与装配阶段异常高度一致，优先追溯到 BASM-01820。,异常由微小缺陷逐步发展为周期性冲击，检测指标随严重度上升而同步恶化。,0.7282,BASM-01820,AssemblyRecord,assembly
BFB-01821,BRG-01821,OR021,outer_race_fault,outer_race,severe,0.754,该样本的生命周期风险在检测阶段较突出，能够解释当前严重外圈故障的主要失效模式。,风险首先在检测阶段形成隐患，运行中持续放大，并通过温度与振动指标表现出来。,0.6464,BINSP-01821,InspectionRecord,inspection
BFB-01822,BRG-01822,OR014,outer_race_fault,outer_race,medium,0.733,诊断结果显示轴承出现中等外圈故障，根因更可能来自设计阶段实体 BDES-00403 的风险累积。,早期表现为局部接触应力升高，随后振动冲击增强，最终演化为中等外圈故障。,0.6543,BDES-00403,BearingDesignSpec,design
BFB-01823,BRG-01823,OR007,outer_race_fault,outer_race,slight,0.6989,诊断结果显示轴承出现轻微外圈故障，根因更可能来自制造阶段实体 BMAN-00479 的风险累积。,异常由微小缺陷逐步发展为周期性冲击，检测指标随严重度上升而同步恶化。,0.6082,BMAN-00479,ManufacturingBatch,manufacturing
BFB-01824,BRG-01824,B014,rolling_element_fault,rolling_element,medium,0.6364,该样本的生命周期风险在制造阶段较突出，能够解释当前中等滚动体故障的主要失效模式。,早期表现为局部接触应力升高，随后振动冲击增强，最终演化为中等滚动体故障。,0.69,BMAN-01100,ManufacturingBatch,manufacturing
BFB-01825,BRG-01825,IR014,inner_race_fault,inner_race,medium,0.7244,诊断结果显示轴承出现中等内圈故障，根因更可能来自装配阶段实体 BASM-01825 的风险累积。,早期表现为局部接触应力升高，随后振动冲击增强，最终演化为中等内圈故障。,0.6178,BASM-01825,AssemblyRecord,assembly
BFB-01826,BRG-01826,B014,rolling_element_fault,rolling_element,medium,0.7108,该样本的生命周期风险在设计阶段较突出，能够解释当前中等滚动体故障的主要失效模式。,早期表现为局部接触应力升高，随后振动冲击增强，最终演化为中等滚动体故障。,0.6913,BDES-00674,BearingDesignSpec,design
BFB-01827,BRG-01827,B014,rolling_element_fault,rolling_element,medium,0.7233,结合振动、峭度和温升特征，滚动体故障与制造阶段异常高度一致，优先追溯到 BMAN-00184。,风险首先在制造阶段形成隐患，运行中持续放大，并通过温度与振动指标表现出来。,0.7563,BMAN-00184,ManufacturingBatch,manufacturing
BFB-01828,BRG-01828,IR021,inner_race_fault,inner_race,severe,0.6991,结合振动、峭度和温升特征，内圈故障与装配阶段异常高度一致，优先追溯到 BASM-01828。,风险首先在装配阶段形成隐患，运行中持续放大，并通过温度与振动指标表现出来。,0.7278,BASM-01828,AssemblyRecord,assembly
BFB-01829,BRG-01829,IR014,inner_race_fault,inner_race,medium,0.6816,结合振动、峭度和温升特征，内圈故障与运维阶段异常高度一致，优先追溯到 BOPR-01829。,异常由微小缺陷逐步发展为周期性冲击，检测指标随严重度上升而同步恶化。,0.6834,BOPR-01829,MaintenanceRecord,operation
BFB-01830,BRG-01830,B007,rolling_element_fault,rolling_element,slight,0.7121,诊断结果显示轴承出现轻微滚动体故障，根因更可能来自材料阶段实体 BMAT-00288 的风险累积。,早期表现为局部接触应力升高，随后振动冲击增强，最终演化为轻微滚动体故障。,0.7042,BMAT-00288,MaterialBatch,material
BFB-01831,BRG-01831,B014,rolling_element_fault,rolling_element,medium,0.7233,该样本的生命周期风险在装配阶段较突出，能够解释当前中等滚动体故障的主要失效模式。,风险首先在装配阶段形成隐患，运行中持续放大，并通过温度与振动指标表现出来。,0.6068,BASM-01831,AssemblyRecord,assembly
BFB-01832,BRG-01832,B007,rolling_element_fault,rolling_element,slight,0.6618,该样本的生命周期风险在装配阶段较突出，能够解释当前轻微滚动体故障的主要失效模式。,早期表现为局部接触应力升高，随后振动冲击增强，最终演化为轻微滚动体故障。,0.6541,BASM-01832,AssemblyRecord,assembly
BFB-01833,BRG-01833,IR021,inner_race_fault,inner_race,severe,0.7234,该样本的生命周期风险在装配阶段较突出，能够解释当前严重内圈故障的主要失效模式。,早期表现为局部接触应力升高，随后振动冲击增强，最终演化为严重内圈故障。,0.7226,BASM-01833,AssemblyRecord,assembly
BFB-01834,BRG-01834,OR014,outer_race_fault,outer_race,medium,0.693,该样本的生命周期风险在制造阶段较突出，能够解释当前中等外圈故障的主要失效模式。,异常由微小缺陷逐步发展为周期性冲击，检测指标随严重度上升而同步恶化。,0.6632,BMAN-00606,ManufacturingBatch,manufacturing
BFB-01835,BRG-01835,OR007,outer_race_fault,outer_race,slight,0.6455,该样本的生命周期风险在制造阶段较突出，能够解释当前轻微外圈故障的主要失效模式。,早期表现为局部接触应力升高，随后振动冲击增强，最终演化为轻微外圈故障。,0.5961,BMAN-01037,ManufacturingBatch,manufacturing
BFB-01836,BRG-01836,B007,rolling_element_fault,rolling_element,slight,0.6387,该样本的生命周期风险在运维阶段较突出，能够解释当前轻微滚动体故障的主要失效模式。,早期表现为局部接触应力升高，随后振动冲击增强，最终演化为轻微滚动体故障。,0.7234,BOPR-01836,MaintenanceRecord,operation
BFB-01837,BRG-01837,OR014,outer_race_fault,outer_race,medium,0.7462,诊断结果显示轴承出现中等外圈故障，根因更可能来自制造阶段实体 BMAN-00906 的风险累积。,风险首先在制造阶段形成隐患，运行中持续放大，并通过温度与振动指标表现出来。,0.7321,BMAN-00906,ManufacturingBatch,manufacturing
BFB-01838,BRG-01838,OR014,outer_race_fault,outer_race,medium,0.6481,该样本的生命周期风险在设计阶段较突出，能够解释当前中等外圈故障的主要失效模式。,异常由微小缺陷逐步发展为周期性冲击，检测指标随严重度上升而同步恶化。,0.6301,BDES-00205,BearingDesignSpec,design
BFB-01839,BRG-01839,IR014,inner_race_fault,inner_race,medium,0.7331,该样本的生命周期风险在检测阶段较突出，能够解释当前中等内圈故障的主要失效模式。,异常由微小缺陷逐步发展为周期性冲击，检测指标随严重度上升而同步恶化。,0.6676,BINSP-01839,InspectionRecord,inspection
BFB-01840,BRG-01840,Normal,normal,none,normal,0.9336,该轴承样本生命周期风险较低，未形成明确故障追溯链。,运行状态平稳，检测指标未呈现持续恶化趋势。,0.8222,NORMAL_BASELINE,QualityFeedback,feedback
BFB-01841,BRG-01841,IR014,inner_race_fault,inner_race,medium,0.7218,诊断结果显示轴承出现中等内圈故障，根因更可能来自制造阶段实体 BMAN-00418 的风险累积。,异常由微小缺陷逐步发展为周期性冲击，检测指标随严重度上升而同步恶化。,0.697,BMAN-00418,ManufacturingBatch,manufacturing
BFB-01842,BRG-01842,IR014,inner_race_fault,inner_race,medium,0.7185,该样本的生命周期风险在材料阶段较突出，能够解释当前中等内圈故障的主要失效模式。,异常由微小缺陷逐步发展为周期性冲击，检测指标随严重度上升而同步恶化。,0.7077,BMAT-00283,MaterialBatch,material
BFB-01843,BRG-01843,B021,rolling_element_fault,rolling_element,severe,0.7145,结合振动、峭度和温升特征，滚动体故障与设计阶段异常高度一致，优先追溯到 BDES-00454。,风险首先在设计阶段形成隐患，运行中持续放大，并通过温度与振动指标表现出来。,0.6268,BDES-00454,BearingDesignSpec,design
BFB-01844,BRG-01844,OR014,outer_race_fault,outer_race,medium,0.6457,诊断结果显示轴承出现中等外圈故障，根因更可能来自材料阶段实体 BMAT-00001 的风险累积。,早期表现为局部接触应力升高，随后振动冲击增强，最终演化为中等外圈故障。,0.707,BMAT-00001,MaterialBatch,material
BFB-01845,BRG-01845,B014,rolling_element_fault,rolling_element,medium,0.6889,该样本的生命周期风险在制造阶段较突出，能够解释当前中等滚动体故障的主要失效模式。,异常由微小缺陷逐步发展为周期性冲击，检测指标随严重度上升而同步恶化。,0.5955,BMAN-00411,ManufacturingBatch,manufacturing
BFB-01846,BRG-01846,B014,rolling_element_fault,rolling_element,medium,0.7597,诊断结果显示轴承出现中等滚动体故障，根因更可能来自装配阶段实体 BASM-01846 的风险累积。,异常由微小缺陷逐步发展为周期性冲击，检测指标随严重度上升而同步恶化。,0.715,BASM-01846,AssemblyRecord,assembly
BFB-01847,BRG-01847,B021,rolling_element_fault,rolling_element,severe,0.7105,结合振动、峭度和温升特征，滚动体故障与装配阶段异常高度一致，优先追溯到 BASM-01847。,异常由微小缺陷逐步发展为周期性冲击，检测指标随严重度上升而同步恶化。,0.6154,BASM-01847,AssemblyRecord,assembly
BFB-01848,BRG-01848,B021,rolling_element_fault,rolling_element,severe,0.7134,该样本的生命周期风险在装配阶段较突出，能够解释当前严重滚动体故障的主要失效模式。,异常由微小缺陷逐步发展为周期性冲击，检测指标随严重度上升而同步恶化。,0.7782,BASM-01848,AssemblyRecord,assembly
BFB-01849,BRG-01849,Normal,normal,none,normal,0.8695,该轴承样本生命周期风险较低，未形成明确故障追溯链。,运行状态平稳，检测指标未呈现持续恶化趋势。,0.8969,NORMAL_BASELINE,QualityFeedback,feedback
BFB-01850,BRG-01850,B014,rolling_element_fault,rolling_element,medium,0.6657,诊断结果显示轴承出现中等滚动体故障，根因更可能来自检测阶段实体 BINSP-01850 的风险累积。,异常由微小缺陷逐步发展为周期性冲击，检测指标随严重度上升而同步恶化。,0.6533,BINSP-01850,InspectionRecord,inspection
BFB-01851,BRG-01851,OR014,outer_race_fault,outer_race,medium,0.7394,诊断结果显示轴承出现中等外圈故障，根因更可能来自制造阶段实体 BMAN-00887 的风险累积。,风险首先在制造阶段形成隐患，运行中持续放大，并通过温度与振动指标表现出来。,0.6921,BMAN-00887,ManufacturingBatch,manufacturing
BFB-01852,BRG-01852,IR014,inner_race_fault,inner_race,medium,0.7019,该样本的生命周期风险在装配阶段较突出，能够解释当前中等内圈故障的主要失效模式。,异常由微小缺陷逐步发展为周期性冲击，检测指标随严重度上升而同步恶化。,0.6138,BASM-01852,AssemblyRecord,assembly
BFB-01853,BRG-01853,OR014,outer_race_fault,outer_race,medium,0.7191,该样本的生命周期风险在设计阶段较突出，能够解释当前中等外圈故障的主要失效模式。,异常由微小缺陷逐步发展为周期性冲击，检测指标随严重度上升而同步恶化。,0.6963,BDES-00469,BearingDesignSpec,design
BFB-01854,BRG-01854,B021,rolling_element_fault,rolling_element,severe,0.7773,结合振动、峭度和温升特征，滚动体故障与运维阶段异常高度一致，优先追溯到 BOPR-01854。,异常由微小缺陷逐步发展为周期性冲击，检测指标随严重度上升而同步恶化。,0.6309,BOPR-01854,MaintenanceRecord,operation
BFB-01855,BRG-01855,B007,rolling_element_fault,rolling_element,slight,0.7232,该样本的生命周期风险在材料阶段较突出，能够解释当前轻微滚动体故障的主要失效模式。,早期表现为局部接触应力升高，随后振动冲击增强，最终演化为轻微滚动体故障。,0.6008,BMAT-00058,MaterialBatch,material
BFB-01856,BRG-01856,IR007,inner_race_fault,inner_race,slight,0.6578,诊断结果显示轴承出现轻微内圈故障，根因更可能来自设计阶段实体 BDES-00630 的风险累积。,风险首先在设计阶段形成隐患，运行中持续放大，并通过温度与振动指标表现出来。,0.6489,BDES-00630,BearingDesignSpec,design
BFB-01857,BRG-01857,IR007,inner_race_fault,inner_race,slight,0.6439,该样本的生命周期风险在材料阶段较突出，能够解释当前轻微内圈故障的主要失效模式。,早期表现为局部接触应力升高，随后振动冲击增强，最终演化为轻微内圈故障。,0.6901,BMAT-00078,MaterialBatch,material
BFB-01858,BRG-01858,B014,rolling_element_fault,rolling_element,medium,0.6806,诊断结果显示轴承出现中等滚动体故障，根因更可能来自装配阶段实体 BASM-01858 的风险累积。,异常由微小缺陷逐步发展为周期性冲击，检测指标随严重度上升而同步恶化。,0.7514,BASM-01858,AssemblyRecord,assembly
BFB-01859,BRG-01859,B021,rolling_element_fault,rolling_element,severe,0.7467,结合振动、峭度和温升特征，滚动体故障与检测阶段异常高度一致，优先追溯到 BINSP-01859。,早期表现为局部接触应力升高，随后振动冲击增强，最终演化为严重滚动体故障。,0.6863,BINSP-01859,InspectionRecord,inspection
BFB-01860,BRG-01860,Normal,normal,none,normal,0.8892,该轴承样本生命周期风险较低，未形成明确故障追溯链。,运行状态平稳，检测指标未呈现持续恶化趋势。,0.7839,NORMAL_BASELINE,QualityFeedback,feedback
BFB-01861,BRG-01861,B007,rolling_element_fault,rolling_element,slight,0.6896,结合振动、峭度和温升特征，滚动体故障与材料阶段异常高度一致，优先追溯到 BMAT-00424。,早期表现为局部接触应力升高，随后振动冲击增强，最终演化为轻微滚动体故障。,0.7519,BMAT-00424,MaterialBatch,material
BFB-01862,BRG-01862,IR021,inner_race_fault,inner_race,severe,0.6709,诊断结果显示轴承出现严重内圈故障，根因更可能来自装配阶段实体 BASM-01862 的风险累积。,风险首先在装配阶段形成隐患，运行中持续放大，并通过温度与振动指标表现出来。,0.6991,BASM-01862,AssemblyRecord,assembly
BFB-01863,BRG-01863,B014,rolling_element_fault,rolling_element,medium,0.7511,该样本的生命周期风险在设计阶段较突出，能够解释当前中等滚动体故障的主要失效模式。,风险首先在设计阶段形成隐患，运行中持续放大，并通过温度与振动指标表现出来。,0.6656,BDES-00503,BearingDesignSpec,design
BFB-01864,BRG-01864,IR014,inner_race_fault,inner_race,medium,0.7155,结合振动、峭度和温升特征，内圈故障与制造阶段异常高度一致，优先追溯到 BMAN-00026。,异常由微小缺陷逐步发展为周期性冲击，检测指标随严重度上升而同步恶化。,0.6573,BMAN-00026,ManufacturingBatch,manufacturing
BFB-01865,BRG-01865,B014,rolling_element_fault,rolling_element,medium,0.7817,结合振动、峭度和温升特征，滚动体故障与装配阶段异常高度一致，优先追溯到 BASM-01865。,异常由微小缺陷逐步发展为周期性冲击，检测指标随严重度上升而同步恶化。,0.7508,BASM-01865,AssemblyRecord,assembly
BFB-01866,BRG-01866,OR014,outer_race_fault,outer_race,medium,0.675,该样本的生命周期风险在检测阶段较突出，能够解释当前中等外圈故障的主要失效模式。,异常由微小缺陷逐步发展为周期性冲击，检测指标随严重度上升而同步恶化。,0.7073,BINSP-01866,InspectionRecord,inspection
BFB-01867,BRG-01867,Normal,normal,none,normal,0.867,该轴承样本生命周期风险较低，未形成明确故障追溯链。,运行状态平稳，检测指标未呈现持续恶化趋势。,0.8055,NORMAL_BASELINE,QualityFeedback,feedback
BFB-01868,BRG-01868,IR007,inner_race_fault,inner_race,slight,0.6814,诊断结果显示轴承出现轻微内圈故障，根因更可能来自制造阶段实体 BMAN-00642 的风险累积。,早期表现为局部接触应力升高，随后振动冲击增强，最终演化为轻微内圈故障。,0.6608,BMAN-00642,ManufacturingBatch,manufacturing
BFB-01869,BRG-01869,IR007,inner_race_fault,inner_race,slight,0.7286,诊断结果显示轴承出现轻微内圈故障，根因更可能来自材料阶段实体 BMAT-00188 的风险累积。,风险首先在材料阶段形成隐患，运行中持续放大，并通过温度与振动指标表现出来。,0.6425,BMAT-00188,MaterialBatch,material
BFB-01870,BRG-01870,Normal,normal,none,normal,0.9201,该轴承样本生命周期风险较低，未形成明确故障追溯链。,运行状态平稳，检测指标未呈现持续恶化趋势。,0.8937,NORMAL_BASELINE,QualityFeedback,feedback
BFB-01871,BRG-01871,IR007,inner_race_fault,inner_race,slight,0.7117,结合振动、峭度和温升特征，内圈故障与运维阶段异常高度一致，优先追溯到 BOPR-01871。,风险首先在运维阶段形成隐患，运行中持续放大，并通过温度与振动指标表现出来。,0.7519,BOPR-01871,MaintenanceRecord,operation
BFB-01872,BRG-01872,IR007,inner_race_fault,inner_race,slight,0.7141,结合振动、峭度和温升特征，内圈故障与制造阶段异常高度一致，优先追溯到 BMAN-00981。,早期表现为局部接触应力升高，随后振动冲击增强，最终演化为轻微内圈故障。,0.6489,BMAN-00981,ManufacturingBatch,manufacturing
BFB-01873,BRG-01873,IR007,inner_race_fault,inner_race,slight,0.6848,诊断结果显示轴承出现轻微内圈故障，根因更可能来自材料阶段实体 BMAT-00035 的风险累积。,早期表现为局部接触应力升高，随后振动冲击增强，最终演化为轻微内圈故障。,0.6156,BMAT-00035,MaterialBatch,material
BFB-01874,BRG-01874,B021,rolling_element_fault,rolling_element,severe,0.7036,结合振动、峭度和温升特征，滚动体故障与装配阶段异常高度一致，优先追溯到 BASM-01874。,早期表现为局部接触应力升高，随后振动冲击增强，最终演化为严重滚动体故障。,0.6506,BASM-01874,AssemblyRecord,assembly
BFB-01875,BRG-01875,OR014,outer_race_fault,outer_race,medium,0.7449,该样本的生命周期风险在检测阶段较突出，能够解释当前中等外圈故障的主要失效模式。,风险首先在检测阶段形成隐患，运行中持续放大，并通过温度与振动指标表现出来。,0.6243,BINSP-01875,InspectionRecord,inspection
BFB-01876,BRG-01876,Normal,normal,none,normal,0.9036,该轴承样本生命周期风险较低，未形成明确故障追溯链。,运行状态平稳，检测指标未呈现持续恶化趋势。,0.8227,NORMAL_BASELINE,QualityFeedback,feedback
BFB-01877,BRG-01877,Normal,normal,none,normal,0.9412,该轴承样本生命周期风险较低，未形成明确故障追溯链。,运行状态平稳，检测指标未呈现持续恶化趋势。,0.8816,NORMAL_BASELINE,QualityFeedback,feedback
BFB-01878,BRG-01878,B021,rolling_element_fault,rolling_element,severe,0.8038,结合振动、峭度和温升特征，滚动体故障与装配阶段异常高度一致，优先追溯到 BASM-01878。,早期表现为局部接触应力升高，随后振动冲击增强，最终演化为严重滚动体故障。,0.7222,BASM-01878,AssemblyRecord,assembly
BFB-01879,BRG-01879,OR021,outer_race_fault,outer_race,severe,0.7959,诊断结果显示轴承出现严重外圈故障，根因更可能来自运维阶段实体 BOPR-01879 的风险累积。,风险首先在运维阶段形成隐患，运行中持续放大，并通过温度与振动指标表现出来。,0.8309,BOPR-01879,MaintenanceRecord,operation
BFB-01880,BRG-01880,B021,rolling_element_fault,rolling_element,severe,0.7835,该样本的生命周期风险在装配阶段较突出，能够解释当前严重滚动体故障的主要失效模式。,早期表现为局部接触应力升高，随后振动冲击增强，最终演化为严重滚动体故障。,0.7049,BASM-01880,AssemblyRecord,assembly
BFB-01881,BRG-01881,B014,rolling_element_fault,rolling_element,medium,0.7087,诊断结果显示轴承出现中等滚动体故障，根因更可能来自制造阶段实体 BMAN-01024 的风险累积。,风险首先在制造阶段形成隐患，运行中持续放大，并通过温度与振动指标表现出来。,0.7215,BMAN-01024,ManufacturingBatch,manufacturing
BFB-01882,BRG-01882,IR007,inner_race_fault,inner_race,slight,0.6462,诊断结果显示轴承出现轻微内圈故障，根因更可能来自制造阶段实体 BMAN-00532 的风险累积。,异常由微小缺陷逐步发展为周期性冲击，检测指标随严重度上升而同步恶化。,0.6438,BMAN-00532,ManufacturingBatch,manufacturing
BFB-01883,BRG-01883,IR014,inner_race_fault,inner_race,medium,0.7161,诊断结果显示轴承出现中等内圈故障，根因更可能来自制造阶段实体 BMAN-00281 的风险累积。,风险首先在制造阶段形成隐患，运行中持续放大，并通过温度与振动指标表现出来。,0.6064,BMAN-00281,ManufacturingBatch,manufacturing
BFB-01884,BRG-01884,B007,rolling_element_fault,rolling_element,slight,0.6655,结合振动、峭度和温升特征，滚动体故障与材料阶段异常高度一致，优先追溯到 BMAT-00321。,风险首先在材料阶段形成隐患，运行中持续放大，并通过温度与振动指标表现出来。,0.6992,BMAT-00321,MaterialBatch,material
BFB-01885,BRG-01885,B014,rolling_element_fault,rolling_element,medium,0.7166,诊断结果显示轴承出现中等滚动体故障，根因更可能来自材料阶段实体 BMAT-00237 的风险累积。,异常由微小缺陷逐步发展为周期性冲击，检测指标随严重度上升而同步恶化。,0.6682,BMAT-00237,MaterialBatch,material
BFB-01886,BRG-01886,IR021,inner_race_fault,inner_race,severe,0.7484,结合振动、峭度和温升特征，内圈故障与材料阶段异常高度一致，优先追溯到 BMAT-00172。,异常由微小缺陷逐步发展为周期性冲击，检测指标随严重度上升而同步恶化。,0.6816,BMAT-00172,MaterialBatch,material
BFB-01887,BRG-01887,B014,rolling_element_fault,rolling_element,medium,0.6928,诊断结果显示轴承出现中等滚动体故障，根因更可能来自材料阶段实体 BMAT-00214 的风险累积。,早期表现为局部接触应力升高，随后振动冲击增强，最终演化为中等滚动体故障。,0.7146,BMAT-00214,MaterialBatch,material
BFB-01888,BRG-01888,OR021,outer_race_fault,outer_race,severe,0.7248,结合振动、峭度和温升特征，外圈故障与运维阶段异常高度一致，优先追溯到 BOPR-01888。,风险首先在运维阶段形成隐患，运行中持续放大，并通过温度与振动指标表现出来。,0.7843,BOPR-01888,MaintenanceRecord,operation
BFB-01889,BRG-01889,IR014,inner_race_fault,inner_race,medium,0.6832,该样本的生命周期风险在检测阶段较突出，能够解释当前中等内圈故障的主要失效模式。,风险首先在检测阶段形成隐患，运行中持续放大，并通过温度与振动指标表现出来。,0.5792,BINSP-01889,InspectionRecord,inspection
BFB-01890,BRG-01890,IR014,inner_race_fault,inner_race,medium,0.6727,诊断结果显示轴承出现中等内圈故障，根因更可能来自制造阶段实体 BMAN-00340 的风险累积。,风险首先在制造阶段形成隐患，运行中持续放大，并通过温度与振动指标表现出来。,0.6947,BMAN-00340,ManufacturingBatch,manufacturing
BFB-01891,BRG-01891,IR014,inner_race_fault,inner_race,medium,0.728,该样本的生命周期风险在制造阶段较突出，能够解释当前中等内圈故障的主要失效模式。,风险首先在制造阶段形成隐患，运行中持续放大，并通过温度与振动指标表现出来。,0.7022,BMAN-01154,ManufacturingBatch,manufacturing
BFB-01892,BRG-01892,Normal,normal,none,normal,0.888,该轴承样本生命周期风险较低，未形成明确故障追溯链。,运行状态平稳，检测指标未呈现持续恶化趋势。,0.8658,NORMAL_BASELINE,QualityFeedback,feedback
BFB-01893,BRG-01893,OR007,outer_race_fault,outer_race,slight,0.6862,该样本的生命周期风险在材料阶段较突出，能够解释当前轻微外圈故障的主要失效模式。,早期表现为局部接触应力升高，随后振动冲击增强，最终演化为轻微外圈故障。,0.6724,BMAT-00351,MaterialBatch,material
BFB-01894,BRG-01894,B007,rolling_element_fault,rolling_element,slight,0.6842,结合振动、峭度和温升特征，滚动体故障与装配阶段异常高度一致，优先追溯到 BASM-01894。,异常由微小缺陷逐步发展为周期性冲击，检测指标随严重度上升而同步恶化。,0.6672,BASM-01894,AssemblyRecord,assembly
BFB-01895,BRG-01895,OR021,outer_race_fault,outer_race,severe,0.7023,该样本的生命周期风险在装配阶段较突出，能够解释当前严重外圈故障的主要失效模式。,早期表现为局部接触应力升高，随后振动冲击增强，最终演化为严重外圈故障。,0.6913,BASM-01895,AssemblyRecord,assembly
BFB-01896,BRG-01896,OR021,outer_race_fault,outer_race,severe,0.6792,该样本的生命周期风险在装配阶段较突出，能够解释当前严重外圈故障的主要失效模式。,早期表现为局部接触应力升高，随后振动冲击增强，最终演化为严重外圈故障。,0.7249,BASM-01896,AssemblyRecord,assembly
BFB-01897,BRG-01897,B007,rolling_element_fault,rolling_element,slight,0.6513,该样本的生命周期风险在装配阶段较突出，能够解释当前轻微滚动体故障的主要失效模式。,早期表现为局部接触应力升高，随后振动冲击增强，最终演化为轻微滚动体故障。,0.6163,BASM-01897,AssemblyRecord,assembly
BFB-01898,BRG-01898,OR014,outer_race_fault,outer_race,medium,0.6438,诊断结果显示轴承出现中等外圈故障，根因更可能来自装配阶段实体 BASM-01898 的风险累积。,异常由微小缺陷逐步发展为周期性冲击，检测指标随严重度上升而同步恶化。,0.6431,BASM-01898,AssemblyRecord,assembly
BFB-01899,BRG-01899,B007,rolling_element_fault,rolling_element,slight,0.7192,结合振动、峭度和温升特征，滚动体故障与制造阶段异常高度一致，优先追溯到 BMAN-00163。,风险首先在制造阶段形成隐患，运行中持续放大，并通过温度与振动指标表现出来。,0.6022,BMAN-00163,ManufacturingBatch,manufacturing
BFB-01900,BRG-01900,Normal,normal,none,normal,0.9122,该轴承样本生命周期风险较低，未形成明确故障追溯链。,运行状态平稳，检测指标未呈现持续恶化趋势。,0.8915,NORMAL_BASELINE,QualityFeedback,feedback
BFB-01901,BRG-01901,Normal,normal,none,normal,0.9378,该轴承样本生命周期风险较低，未形成明确故障追溯链。,运行状态平稳，检测指标未呈现持续恶化趋势。,0.8672,NORMAL_BASELINE,QualityFeedback,feedback
BFB-01902,BRG-01902,IR014,inner_race_fault,inner_race,medium,0.7047,结合振动、峭度和温升特征，内圈故障与制造阶段异常高度一致，优先追溯到 BMAN-00372。,风险首先在制造阶段形成隐患，运行中持续放大，并通过温度与振动指标表现出来。,0.7304,BMAN-00372,ManufacturingBatch,manufacturing
BFB-01903,BRG-01903,IR014,inner_race_fault,inner_race,medium,0.7352,诊断结果显示轴承出现中等内圈故障，根因更可能来自检测阶段实体 BINSP-01903 的风险累积。,风险首先在检测阶段形成隐患，运行中持续放大，并通过温度与振动指标表现出来。,0.7761,BINSP-01903,InspectionRecord,inspection
BFB-01904,BRG-01904,OR007,outer_race_fault,outer_race,slight,0.7126,该样本的生命周期风险在材料阶段较突出，能够解释当前轻微外圈故障的主要失效模式。,风险首先在材料阶段形成隐患，运行中持续放大，并通过温度与振动指标表现出来。,0.6334,BMAT-00156,MaterialBatch,material
BFB-01905,BRG-01905,B007,rolling_element_fault,rolling_element,slight,0.6586,结合振动、峭度和温升特征，滚动体故障与检测阶段异常高度一致，优先追溯到 BINSP-01905。,异常由微小缺陷逐步发展为周期性冲击，检测指标随严重度上升而同步恶化。,0.6307,BINSP-01905,InspectionRecord,inspection
BFB-01906,BRG-01906,Normal,normal,none,normal,0.8814,该轴承样本生命周期风险较低，未形成明确故障追溯链。,运行状态平稳，检测指标未呈现持续恶化趋势。,0.8501,NORMAL_BASELINE,QualityFeedback,feedback
BFB-01907,BRG-01907,IR014,inner_race_fault,inner_race,medium,0.726,该样本的生命周期风险在运维阶段较突出，能够解释当前中等内圈故障的主要失效模式。,早期表现为局部接触应力升高，随后振动冲击增强，最终演化为中等内圈故障。,0.777,BOPR-01907,MaintenanceRecord,operation
BFB-01908,BRG-01908,B021,rolling_element_fault,rolling_element,severe,0.7163,诊断结果显示轴承出现严重滚动体故障，根因更可能来自设计阶段实体 BDES-00794 的风险累积。,异常由微小缺陷逐步发展为周期性冲击，检测指标随严重度上升而同步恶化。,0.6402,BDES-00794,BearingDesignSpec,design
BFB-01909,BRG-01909,OR021,outer_race_fault,outer_race,severe,0.6953,该样本的生命周期风险在制造阶段较突出，能够解释当前严重外圈故障的主要失效模式。,早期表现为局部接触应力升高，随后振动冲击增强，最终演化为严重外圈故障。,0.7203,BMAN-00077,ManufacturingBatch,manufacturing
BFB-01910,BRG-01910,OR021,outer_race_fault,outer_race,severe,0.777,该样本的生命周期风险在运维阶段较突出，能够解释当前严重外圈故障的主要失效模式。,风险首先在运维阶段形成隐患，运行中持续放大，并通过温度与振动指标表现出来。,0.7425,BOPR-01910,MaintenanceRecord,operation
BFB-01911,BRG-01911,IR014,inner_race_fault,inner_race,medium,0.7183,该样本的生命周期风险在装配阶段较突出，能够解释当前中等内圈故障的主要失效模式。,异常由微小缺陷逐步发展为周期性冲击，检测指标随严重度上升而同步恶化。,0.6147,BASM-01911,AssemblyRecord,assembly
BFB-01912,BRG-01912,IR021,inner_race_fault,inner_race,severe,0.7001,结合振动、峭度和温升特征，内圈故障与运维阶段异常高度一致，优先追溯到 BOPR-01912。,风险首先在运维阶段形成隐患，运行中持续放大，并通过温度与振动指标表现出来。,0.6849,BOPR-01912,MaintenanceRecord,operation
BFB-01913,BRG-01913,IR021,inner_race_fault,inner_race,severe,0.7496,结合振动、峭度和温升特征，内圈故障与制造阶段异常高度一致，优先追溯到 BMAN-00717。,早期表现为局部接触应力升高，随后振动冲击增强，最终演化为严重内圈故障。,0.7924,BMAN-00717,ManufacturingBatch,manufacturing
BFB-01914,BRG-01914,OR007,outer_race_fault,outer_race,slight,0.6368,诊断结果显示轴承出现轻微外圈故障，根因更可能来自检测阶段实体 BINSP-01914 的风险累积。,早期表现为局部接触应力升高，随后振动冲击增强，最终演化为轻微外圈故障。,0.6232,BINSP-01914,InspectionRecord,inspection
BFB-01915,BRG-01915,B014,rolling_element_fault,rolling_element,medium,0.7208,结合振动、峭度和温升特征，滚动体故障与制造阶段异常高度一致，优先追溯到 BMAN-00368。,风险首先在制造阶段形成隐患，运行中持续放大，并通过温度与振动指标表现出来。,0.7458,BMAN-00368,ManufacturingBatch,manufacturing
BFB-01916,BRG-01916,IR021,inner_race_fault,inner_race,severe,0.774,该样本的生命周期风险在制造阶段较突出，能够解释当前严重内圈故障的主要失效模式。,早期表现为局部接触应力升高，随后振动冲击增强，最终演化为严重内圈故障。,0.744,BMAN-00880,ManufacturingBatch,manufacturing
BFB-01917,BRG-01917,IR021,inner_race_fault,inner_race,severe,0.7516,结合振动、峭度和温升特征，内圈故障与材料阶段异常高度一致，优先追溯到 BMAT-00352。,风险首先在材料阶段形成隐患，运行中持续放大，并通过温度与振动指标表现出来。,0.6935,BMAT-00352,MaterialBatch,material
BFB-01918,BRG-01918,B014,rolling_element_fault,rolling_element,medium,0.6964,诊断结果显示轴承出现中等滚动体故障，根因更可能来自检测阶段实体 BINSP-01918 的风险累积。,异常由微小缺陷逐步发展为周期性冲击，检测指标随严重度上升而同步恶化。,0.6689,BINSP-01918,InspectionRecord,inspection
BFB-01919,BRG-01919,IR007,inner_race_fault,inner_race,slight,0.6834,结合振动、峭度和温升特征，内圈故障与装配阶段异常高度一致，优先追溯到 BASM-01919。,风险首先在装配阶段形成隐患，运行中持续放大，并通过温度与振动指标表现出来。,0.6912,BASM-01919,AssemblyRecord,assembly
BFB-01920,BRG-01920,B014,rolling_element_fault,rolling_element,medium,0.757,结合振动、峭度和温升特征，滚动体故障与装配阶段异常高度一致，优先追溯到 BASM-01920。,异常由微小缺陷逐步发展为周期性冲击，检测指标随严重度上升而同步恶化。,0.6293,BASM-01920,AssemblyRecord,assembly
BFB-01921,BRG-01921,IR014,inner_race_fault,inner_race,medium,0.7342,结合振动、峭度和温升特征，内圈故障与材料阶段异常高度一致，优先追溯到 BMAT-00153。,风险首先在材料阶段形成隐患，运行中持续放大，并通过温度与振动指标表现出来。,0.6483,BMAT-00153,MaterialBatch,material
BFB-01922,BRG-01922,B014,rolling_element_fault,rolling_element,medium,0.7624,该样本的生命周期风险在制造阶段较突出，能够解释当前中等滚动体故障的主要失效模式。,早期表现为局部接触应力升高，随后振动冲击增强，最终演化为中等滚动体故障。,0.6719,BMAN-00047,ManufacturingBatch,manufacturing
BFB-01923,BRG-01923,B021,rolling_element_fault,rolling_element,severe,0.7382,结合振动、峭度和温升特征，滚动体故障与装配阶段异常高度一致，优先追溯到 BASM-01923。,早期表现为局部接触应力升高，随后振动冲击增强，最终演化为严重滚动体故障。,0.6384,BASM-01923,AssemblyRecord,assembly
BFB-01924,BRG-01924,B014,rolling_element_fault,rolling_element,medium,0.7131,诊断结果显示轴承出现中等滚动体故障，根因更可能来自运维阶段实体 BOPR-01924 的风险累积。,异常由微小缺陷逐步发展为周期性冲击，检测指标随严重度上升而同步恶化。,0.7147,BOPR-01924,MaintenanceRecord,operation
BFB-01925,BRG-01925,IR014,inner_race_fault,inner_race,medium,0.7945,诊断结果显示轴承出现中等内圈故障，根因更可能来自检测阶段实体 BINSP-01925 的风险累积。,异常由微小缺陷逐步发展为周期性冲击，检测指标随严重度上升而同步恶化。,0.7379,BINSP-01925,InspectionRecord,inspection
BFB-01926,BRG-01926,B007,rolling_element_fault,rolling_element,slight,0.6733,该样本的生命周期风险在材料阶段较突出，能够解释当前轻微滚动体故障的主要失效模式。,异常由微小缺陷逐步发展为周期性冲击，检测指标随严重度上升而同步恶化。,0.6218,BMAT-00224,MaterialBatch,material
BFB-01927,BRG-01927,B014,rolling_element_fault,rolling_element,medium,0.7163,诊断结果显示轴承出现中等滚动体故障，根因更可能来自制造阶段实体 BMAN-00990 的风险累积。,早期表现为局部接触应力升高，随后振动冲击增强，最终演化为中等滚动体故障。,0.6574,BMAN-00990,ManufacturingBatch,manufacturing
BFB-01928,BRG-01928,IR021,inner_race_fault,inner_race,severe,0.7461,该样本的生命周期风险在运维阶段较突出，能够解释当前严重内圈故障的主要失效模式。,异常由微小缺陷逐步发展为周期性冲击，检测指标随严重度上升而同步恶化。,0.7874,BOPR-01928,MaintenanceRecord,operation
BFB-01929,BRG-01929,B007,rolling_element_fault,rolling_element,slight,0.6249,结合振动、峭度和温升特征，滚动体故障与装配阶段异常高度一致，优先追溯到 BASM-01929。,风险首先在装配阶段形成隐患，运行中持续放大，并通过温度与振动指标表现出来。,0.651,BASM-01929,AssemblyRecord,assembly
BFB-01930,BRG-01930,B021,rolling_element_fault,rolling_element,severe,0.6778,结合振动、峭度和温升特征，滚动体故障与材料阶段异常高度一致，优先追溯到 BMAT-00441。,风险首先在材料阶段形成隐患，运行中持续放大，并通过温度与振动指标表现出来。,0.6497,BMAT-00441,MaterialBatch,material
BFB-01931,BRG-01931,IR021,inner_race_fault,inner_race,severe,0.7329,该样本的生命周期风险在装配阶段较突出，能够解释当前严重内圈故障的主要失效模式。,异常由微小缺陷逐步发展为周期性冲击，检测指标随严重度上升而同步恶化。,0.698,BASM-01931,AssemblyRecord,assembly
BFB-01932,BRG-01932,IR007,inner_race_fault,inner_race,slight,0.6858,该样本的生命周期风险在运维阶段较突出，能够解释当前轻微内圈故障的主要失效模式。,早期表现为局部接触应力升高，随后振动冲击增强，最终演化为轻微内圈故障。,0.6199,BOPR-01932,MaintenanceRecord,operation
BFB-01933,BRG-01933,IR014,inner_race_fault,inner_race,medium,0.6726,该样本的生命周期风险在装配阶段较突出，能够解释当前中等内圈故障的主要失效模式。,风险首先在装配阶段形成隐患，运行中持续放大，并通过温度与振动指标表现出来。,0.5997,BASM-01933,AssemblyRecord,assembly
BFB-01934,BRG-01934,Normal,normal,none,normal,0.9426,该轴承样本生命周期风险较低，未形成明确故障追溯链。,运行状态平稳，检测指标未呈现持续恶化趋势。,0.8449,NORMAL_BASELINE,QualityFeedback,feedback
BFB-01935,BRG-01935,IR021,inner_race_fault,inner_race,severe,0.7843,结合振动、峭度和温升特征，内圈故障与装配阶段异常高度一致，优先追溯到 BASM-01935。,早期表现为局部接触应力升高，随后振动冲击增强，最终演化为严重内圈故障。,0.6532,BASM-01935,AssemblyRecord,assembly
BFB-01936,BRG-01936,IR014,inner_race_fault,inner_race,medium,0.7669,该样本的生命周期风险在制造阶段较突出，能够解释当前中等内圈故障的主要失效模式。,异常由微小缺陷逐步发展为周期性冲击，检测指标随严重度上升而同步恶化。,0.7643,BMAN-00525,ManufacturingBatch,manufacturing
BFB-01937,BRG-01937,Normal,normal,none,normal,0.8824,该轴承样本生命周期风险较低，未形成明确故障追溯链。,运行状态平稳，检测指标未呈现持续恶化趋势。,0.8647,NORMAL_BASELINE,QualityFeedback,feedback
BFB-01938,BRG-01938,B021,rolling_element_fault,rolling_element,severe,0.7003,结合振动、峭度和温升特征，滚动体故障与制造阶段异常高度一致，优先追溯到 BMAN-01098。,异常由微小缺陷逐步发展为周期性冲击，检测指标随严重度上升而同步恶化。,0.6969,BMAN-01098,ManufacturingBatch,manufacturing
BFB-01939,BRG-01939,OR014,outer_race_fault,outer_race,medium,0.6473,诊断结果显示轴承出现中等外圈故障，根因更可能来自设计阶段实体 BDES-00233 的风险累积。,异常由微小缺陷逐步发展为周期性冲击，检测指标随严重度上升而同步恶化。,0.671,BDES-00233,BearingDesignSpec,design
BFB-01940,BRG-01940,OR014,outer_race_fault,outer_race,medium,0.6407,结合振动、峭度和温升特征，外圈故障与材料阶段异常高度一致，优先追溯到 BMAT-00279。,早期表现为局部接触应力升高，随后振动冲击增强，最终演化为中等外圈故障。,0.7024,BMAT-00279,MaterialBatch,material
BFB-01941,BRG-01941,OR021,outer_race_fault,outer_race,severe,0.7323,该样本的生命周期风险在制造阶段较突出，能够解释当前严重外圈故障的主要失效模式。,风险首先在制造阶段形成隐患，运行中持续放大，并通过温度与振动指标表现出来。,0.7682,BMAN-00799,ManufacturingBatch,manufacturing
BFB-01942,BRG-01942,Normal,normal,none,normal,0.8974,该轴承样本生命周期风险较低，未形成明确故障追溯链。,运行状态平稳，检测指标未呈现持续恶化趋势。,0.846,NORMAL_BASELINE,QualityFeedback,feedback
BFB-01943,BRG-01943,IR021,inner_race_fault,inner_race,severe,0.6681,该样本的生命周期风险在制造阶段较突出，能够解释当前严重内圈故障的主要失效模式。,风险首先在制造阶段形成隐患，运行中持续放大，并通过温度与振动指标表现出来。,0.6253,BMAN-00112,ManufacturingBatch,manufacturing
BFB-01944,BRG-01944,B007,rolling_element_fault,rolling_element,slight,0.6272,该样本的生命周期风险在设计阶段较突出，能够解释当前轻微滚动体故障的主要失效模式。,早期表现为局部接触应力升高，随后振动冲击增强，最终演化为轻微滚动体故障。,0.7173,BDES-00724,BearingDesignSpec,design
BFB-01945,BRG-01945,B014,rolling_element_fault,rolling_element,medium,0.7235,该样本的生命周期风险在装配阶段较突出，能够解释当前中等滚动体故障的主要失效模式。,早期表现为局部接触应力升高，随后振动冲击增强，最终演化为中等滚动体故障。,0.5933,BASM-01945,AssemblyRecord,assembly
BFB-01946,BRG-01946,OR014,outer_race_fault,outer_race,medium,0.775,诊断结果显示轴承出现中等外圈故障，根因更可能来自检测阶段实体 BINSP-01946 的风险累积。,风险首先在检测阶段形成隐患，运行中持续放大，并通过温度与振动指标表现出来。,0.7042,BINSP-01946,InspectionRecord,inspection
BFB-01947,BRG-01947,IR014,inner_race_fault,inner_race,medium,0.7448,该样本的生命周期风险在材料阶段较突出，能够解释当前中等内圈故障的主要失效模式。,异常由微小缺陷逐步发展为周期性冲击，检测指标随严重度上升而同步恶化。,0.6837,BMAT-00102,MaterialBatch,material
BFB-01948,BRG-01948,B014,rolling_element_fault,rolling_element,medium,0.6541,结合振动、峭度和温升特征，滚动体故障与装配阶段异常高度一致，优先追溯到 BASM-01948。,风险首先在装配阶段形成隐患，运行中持续放大，并通过温度与振动指标表现出来。,0.6949,BASM-01948,AssemblyRecord,assembly
BFB-01949,BRG-01949,IR007,inner_race_fault,inner_race,slight,0.7037,结合振动、峭度和温升特征，内圈故障与制造阶段异常高度一致，优先追溯到 BMAN-00303。,早期表现为局部接触应力升高，随后振动冲击增强，最终演化为轻微内圈故障。,0.6534,BMAN-00303,ManufacturingBatch,manufacturing
BFB-01950,BRG-01950,B014,rolling_element_fault,rolling_element,medium,0.6981,该样本的生命周期风险在装配阶段较突出，能够解释当前中等滚动体故障的主要失效模式。,异常由微小缺陷逐步发展为周期性冲击，检测指标随严重度上升而同步恶化。,0.6831,BASM-01950,AssemblyRecord,assembly
BFB-01951,BRG-01951,OR007,outer_race_fault,outer_race,slight,0.6714,诊断结果显示轴承出现轻微外圈故障，根因更可能来自材料阶段实体 BMAT-00251 的风险累积。,早期表现为局部接触应力升高，随后振动冲击增强，最终演化为轻微外圈故障。,0.6432,BMAT-00251,MaterialBatch,material
BFB-01952,BRG-01952,IR014,inner_race_fault,inner_race,medium,0.7523,诊断结果显示轴承出现中等内圈故障，根因更可能来自制造阶段实体 BMAN-00604 的风险累积。,早期表现为局部接触应力升高，随后振动冲击增强，最终演化为中等内圈故障。,0.6745,BMAN-00604,ManufacturingBatch,manufacturing
BFB-01953,BRG-01953,B014,rolling_element_fault,rolling_element,medium,0.7266,结合振动、峭度和温升特征，滚动体故障与装配阶段异常高度一致，优先追溯到 BASM-01953。,早期表现为局部接触应力升高，随后振动冲击增强，最终演化为中等滚动体故障。,0.6369,BASM-01953,AssemblyRecord,assembly
BFB-01954,BRG-01954,IR007,inner_race_fault,inner_race,slight,0.7036,结合振动、峭度和温升特征，内圈故障与制造阶段异常高度一致，优先追溯到 BMAN-00590。,风险首先在制造阶段形成隐患，运行中持续放大，并通过温度与振动指标表现出来。,0.6525,BMAN-00590,ManufacturingBatch,manufacturing
BFB-01955,BRG-01955,OR021,outer_race_fault,outer_race,severe,0.7153,该样本的生命周期风险在制造阶段较突出，能够解释当前严重外圈故障的主要失效模式。,异常由微小缺陷逐步发展为周期性冲击，检测指标随严重度上升而同步恶化。,0.636,BMAN-00560,ManufacturingBatch,manufacturing
BFB-01956,BRG-01956,IR014,inner_race_fault,inner_race,medium,0.6388,结合振动、峭度和温升特征，内圈故障与装配阶段异常高度一致，优先追溯到 BASM-01956。,早期表现为局部接触应力升高，随后振动冲击增强，最终演化为中等内圈故障。,0.6432,BASM-01956,AssemblyRecord,assembly
BFB-01957,BRG-01957,IR014,inner_race_fault,inner_race,medium,0.7491,该样本的生命周期风险在装配阶段较突出，能够解释当前中等内圈故障的主要失效模式。,异常由微小缺陷逐步发展为周期性冲击，检测指标随严重度上升而同步恶化。,0.661,BASM-01957,AssemblyRecord,assembly
BFB-01958,BRG-01958,OR014,outer_race_fault,outer_race,medium,0.6827,诊断结果显示轴承出现中等外圈故障，根因更可能来自材料阶段实体 BMAT-00362 的风险累积。,风险首先在材料阶段形成隐患，运行中持续放大，并通过温度与振动指标表现出来。,0.6868,BMAT-00362,MaterialBatch,material
BFB-01959,BRG-01959,Normal,normal,none,normal,0.9506,该轴承样本生命周期风险较低，未形成明确故障追溯链。,运行状态平稳，检测指标未呈现持续恶化趋势。,0.8659,NORMAL_BASELINE,QualityFeedback,feedback
BFB-01960,BRG-01960,B007,rolling_element_fault,rolling_element,slight,0.7129,该样本的生命周期风险在制造阶段较突出，能够解释当前轻微滚动体故障的主要失效模式。,异常由微小缺陷逐步发展为周期性冲击，检测指标随严重度上升而同步恶化。,0.599,BMAN-00029,ManufacturingBatch,manufacturing
BFB-01961,BRG-01961,B014,rolling_element_fault,rolling_element,medium,0.6468,该样本的生命周期风险在材料阶段较突出，能够解释当前中等滚动体故障的主要失效模式。,早期表现为局部接触应力升高，随后振动冲击增强，最终演化为中等滚动体故障。,0.8156,BMAT-00001,MaterialBatch,material
BFB-01962,BRG-01962,B007,rolling_element_fault,rolling_element,slight,0.694,结合振动、峭度和温升特征，滚动体故障与制造阶段异常高度一致，优先追溯到 BMAN-01072。,异常由微小缺陷逐步发展为周期性冲击，检测指标随严重度上升而同步恶化。,0.6231,BMAN-01072,ManufacturingBatch,manufacturing
BFB-01963,BRG-01963,IR014,inner_race_fault,inner_race,medium,0.6798,诊断结果显示轴承出现中等内圈故障，根因更可能来自材料阶段实体 BMAT-00293 的风险累积。,风险首先在材料阶段形成隐患，运行中持续放大，并通过温度与振动指标表现出来。,0.6837,BMAT-00293,MaterialBatch,material
BFB-01964,BRG-01964,B007,rolling_element_fault,rolling_element,slight,0.718,该样本的生命周期风险在运维阶段较突出，能够解释当前轻微滚动体故障的主要失效模式。,风险首先在运维阶段形成隐患，运行中持续放大，并通过温度与振动指标表现出来。,0.6825,BOPR-01964,MaintenanceRecord,operation
BFB-01965,BRG-01965,B014,rolling_element_fault,rolling_element,medium,0.6656,诊断结果显示轴承出现中等滚动体故障，根因更可能来自制造阶段实体 BMAN-00631 的风险累积。,风险首先在制造阶段形成隐患，运行中持续放大，并通过温度与振动指标表现出来。,0.7233,BMAN-00631,ManufacturingBatch,manufacturing
BFB-01966,BRG-01966,OR014,outer_race_fault,outer_race,medium,0.6966,诊断结果显示轴承出现中等外圈故障，根因更可能来自材料阶段实体 BMAT-00369 的风险累积。,异常由微小缺陷逐步发展为周期性冲击，检测指标随严重度上升而同步恶化。,0.7044,BMAT-00369,MaterialBatch,material
BFB-01967,BRG-01967,OR007,outer_race_fault,outer_race,slight,0.6705,该样本的生命周期风险在检测阶段较突出，能够解释当前轻微外圈故障的主要失效模式。,风险首先在检测阶段形成隐患，运行中持续放大，并通过温度与振动指标表现出来。,0.6508,BINSP-01967,InspectionRecord,inspection
BFB-01968,BRG-01968,OR007,outer_race_fault,outer_race,slight,0.7413,诊断结果显示轴承出现轻微外圈故障，根因更可能来自装配阶段实体 BASM-01968 的风险累积。,风险首先在装配阶段形成隐患，运行中持续放大，并通过温度与振动指标表现出来。,0.609,BASM-01968,AssemblyRecord,assembly
BFB-01969,BRG-01969,IR014,inner_race_fault,inner_race,medium,0.7118,结合振动、峭度和温升特征，内圈故障与运维阶段异常高度一致，优先追溯到 BOPR-01969。,早期表现为局部接触应力升高，随后振动冲击增强，最终演化为中等内圈故障。,0.6197,BOPR-01969,MaintenanceRecord,operation
BFB-01970,BRG-01970,Normal,normal,none,normal,0.887,该轴承样本生命周期风险较低，未形成明确故障追溯链。,运行状态平稳，检测指标未呈现持续恶化趋势。,0.8612,NORMAL_BASELINE,QualityFeedback,feedback
BFB-01971,BRG-01971,B007,rolling_element_fault,rolling_element,slight,0.6263,诊断结果显示轴承出现轻微滚动体故障，根因更可能来自装配阶段实体 BASM-01971 的风险累积。,早期表现为局部接触应力升高，随后振动冲击增强，最终演化为轻微滚动体故障。,0.6336,BASM-01971,AssemblyRecord,assembly
BFB-01972,BRG-01972,IR007,inner_race_fault,inner_race,slight,0.6698,诊断结果显示轴承出现轻微内圈故障，根因更可能来自运维阶段实体 BOPR-01972 的风险累积。,风险首先在运维阶段形成隐患，运行中持续放大，并通过温度与振动指标表现出来。,0.6856,BOPR-01972,MaintenanceRecord,operation
BFB-01973,BRG-01973,B021,rolling_element_fault,rolling_element,severe,0.699,结合振动、峭度和温升特征，滚动体故障与制造阶段异常高度一致，优先追溯到 BMAN-00124。,风险首先在制造阶段形成隐患，运行中持续放大，并通过温度与振动指标表现出来。,0.6839,BMAN-00124,ManufacturingBatch,manufacturing
BFB-01974,BRG-01974,B007,rolling_element_fault,rolling_element,slight,0.7202,结合振动、峭度和温升特征，滚动体故障与材料阶段异常高度一致，优先追溯到 BMAT-00365。,风险首先在材料阶段形成隐患，运行中持续放大，并通过温度与振动指标表现出来。,0.6304,BMAT-00365,MaterialBatch,material
BFB-01975,BRG-01975,OR014,outer_race_fault,outer_race,medium,0.6865,诊断结果显示轴承出现中等外圈故障，根因更可能来自制造阶段实体 BMAN-00634 的风险累积。,异常由微小缺陷逐步发展为周期性冲击，检测指标随严重度上升而同步恶化。,0.7542,BMAN-00634,ManufacturingBatch,manufacturing
BFB-01976,BRG-01976,IR021,inner_race_fault,inner_race,severe,0.6397,结合振动、峭度和温升特征，内圈故障与材料阶段异常高度一致，优先追溯到 BMAT-00397。,早期表现为局部接触应力升高，随后振动冲击增强，最终演化为严重内圈故障。,0.6742,BMAT-00397,MaterialBatch,material
BFB-01977,BRG-01977,OR014,outer_race_fault,outer_race,medium,0.7803,该样本的生命周期风险在装配阶段较突出，能够解释当前中等外圈故障的主要失效模式。,风险首先在装配阶段形成隐患，运行中持续放大，并通过温度与振动指标表现出来。,0.6821,BASM-01977,AssemblyRecord,assembly
BFB-01978,BRG-01978,OR014,outer_race_fault,outer_race,medium,0.7527,该样本的生命周期风险在装配阶段较突出，能够解释当前中等外圈故障的主要失效模式。,异常由微小缺陷逐步发展为周期性冲击，检测指标随严重度上升而同步恶化。,0.727,BASM-01978,AssemblyRecord,assembly
BFB-01979,BRG-01979,IR007,inner_race_fault,inner_race,slight,0.6159,诊断结果显示轴承出现轻微内圈故障，根因更可能来自装配阶段实体 BASM-01979 的风险累积。,异常由微小缺陷逐步发展为周期性冲击，检测指标随严重度上升而同步恶化。,0.6256,BASM-01979,AssemblyRecord,assembly
BFB-01980,BRG-01980,Normal,normal,none,normal,0.8897,该轴承样本生命周期风险较低，未形成明确故障追溯链。,运行状态平稳，检测指标未呈现持续恶化趋势。,0.8501,NORMAL_BASELINE,QualityFeedback,feedback
BFB-01981,BRG-01981,OR021,outer_race_fault,outer_race,severe,0.6937,结合振动、峭度和温升特征，外圈故障与装配阶段异常高度一致，优先追溯到 BASM-01981。,早期表现为局部接触应力升高，随后振动冲击增强，最终演化为严重外圈故障。,0.6964,BASM-01981,AssemblyRecord,assembly
BFB-01982,BRG-01982,OR007,outer_race_fault,outer_race,slight,0.6279,诊断结果显示轴承出现轻微外圈故障，根因更可能来自制造阶段实体 BMAN-00213 的风险累积。,风险首先在制造阶段形成隐患，运行中持续放大，并通过温度与振动指标表现出来。,0.7075,BMAN-00213,ManufacturingBatch,manufacturing
BFB-01983,BRG-01983,B014,rolling_element_fault,rolling_element,medium,0.7054,结合振动、峭度和温升特征，滚动体故障与材料阶段异常高度一致，优先追溯到 BMAT-00304。,风险首先在材料阶段形成隐患，运行中持续放大，并通过温度与振动指标表现出来。,0.6097,BMAT-00304,MaterialBatch,material
BFB-01984,BRG-01984,IR014,inner_race_fault,inner_race,medium,0.7608,该样本的生命周期风险在制造阶段较突出，能够解释当前中等内圈故障的主要失效模式。,早期表现为局部接触应力升高，随后振动冲击增强，最终演化为中等内圈故障。,0.6681,BMAN-00771,ManufacturingBatch,manufacturing
BFB-01985,BRG-01985,B014,rolling_element_fault,rolling_element,medium,0.6676,诊断结果显示轴承出现中等滚动体故障，根因更可能来自制造阶段实体 BMAN-01095 的风险累积。,早期表现为局部接触应力升高，随后振动冲击增强，最终演化为中等滚动体故障。,0.5807,BMAN-01095,ManufacturingBatch,manufacturing
BFB-01986,BRG-01986,OR007,outer_race_fault,outer_race,slight,0.6174,结合振动、峭度和温升特征，外圈故障与制造阶段异常高度一致，优先追溯到 BMAN-00954。,异常由微小缺陷逐步发展为周期性冲击，检测指标随严重度上升而同步恶化。,0.6886,BMAN-00954,ManufacturingBatch,manufacturing
BFB-01987,BRG-01987,OR014,outer_race_fault,outer_race,medium,0.6544,结合振动、峭度和温升特征，外圈故障与制造阶段异常高度一致，优先追溯到 BMAN-00910。,异常由微小缺陷逐步发展为周期性冲击，检测指标随严重度上升而同步恶化。,0.6133,BMAN-00910,ManufacturingBatch,manufacturing
BFB-01988,BRG-01988,B007,rolling_element_fault,rolling_element,slight,0.7117,诊断结果显示轴承出现轻微滚动体故障，根因更可能来自装配阶段实体 BASM-01988 的风险累积。,异常由微小缺陷逐步发展为周期性冲击，检测指标随严重度上升而同步恶化。,0.6479,BASM-01988,AssemblyRecord,assembly
BFB-01989,BRG-01989,Normal,normal,none,normal,0.9529,该轴承样本生命周期风险较低，未形成明确故障追溯链。,运行状态平稳，检测指标未呈现持续恶化趋势。,0.8279,NORMAL_BASELINE,QualityFeedback,feedback
BFB-01990,BRG-01990,B021,rolling_element_fault,rolling_element,severe,0.7219,结合振动、峭度和温升特征，滚动体故障与制造阶段异常高度一致，优先追溯到 BMAN-00925。,早期表现为局部接触应力升高，随后振动冲击增强，最终演化为严重滚动体故障。,0.7267,BMAN-00925,ManufacturingBatch,manufacturing
BFB-01991,BRG-01991,B014,rolling_element_fault,rolling_element,medium,0.7497,结合振动、峭度和温升特征，滚动体故障与检测阶段异常高度一致，优先追溯到 BINSP-01991。,早期表现为局部接触应力升高，随后振动冲击增强，最终演化为中等滚动体故障。,0.6905,BINSP-01991,InspectionRecord,inspection
BFB-01992,BRG-01992,OR007,outer_race_fault,outer_race,slight,0.641,该样本的生命周期风险在装配阶段较突出，能够解释当前轻微外圈故障的主要失效模式。,早期表现为局部接触应力升高，随后振动冲击增强，最终演化为轻微外圈故障。,0.6896,BASM-01992,AssemblyRecord,assembly
BFB-01993,BRG-01993,B021,rolling_element_fault,rolling_element,severe,0.674,结合振动、峭度和温升特征，滚动体故障与制造阶段异常高度一致，优先追溯到 BMAN-00519。,异常由微小缺陷逐步发展为周期性冲击，检测指标随严重度上升而同步恶化。,0.6402,BMAN-00519,ManufacturingBatch,manufacturing
BFB-01994,BRG-01994,B021,rolling_element_fault,rolling_element,severe,0.6885,结合振动、峭度和温升特征，滚动体故障与材料阶段异常高度一致，优先追溯到 BMAT-00286。,早期表现为局部接触应力升高，随后振动冲击增强，最终演化为严重滚动体故障。,0.6133,BMAT-00286,MaterialBatch,material
BFB-01995,BRG-01995,B014,rolling_element_fault,rolling_element,medium,0.7077,诊断结果显示轴承出现中等滚动体故障，根因更可能来自制造阶段实体 BMAN-00151 的风险累积。,风险首先在制造阶段形成隐患，运行中持续放大，并通过温度与振动指标表现出来。,0.6869,BMAN-00151,ManufacturingBatch,manufacturing
BFB-01996,BRG-01996,OR007,outer_race_fault,outer_race,slight,0.6685,诊断结果显示轴承出现轻微外圈故障，根因更可能来自材料阶段实体 BMAT-00465 的风险累积。,早期表现为局部接触应力升高，随后振动冲击增强，最终演化为轻微外圈故障。,0.6998,BMAT-00465,MaterialBatch,material
BFB-01997,BRG-01997,IR021,inner_race_fault,inner_race,severe,0.7644,结合振动、峭度和温升特征，内圈故障与设计阶段异常高度一致，优先追溯到 BDES-00166。,早期表现为局部接触应力升高，随后振动冲击增强，最终演化为严重内圈故障。,0.7139,BDES-00166,BearingDesignSpec,design
BFB-01998,BRG-01998,OR021,outer_race_fault,outer_race,severe,0.702,该样本的生命周期风险在设计阶段较突出，能够解释当前严重外圈故障的主要失效模式。,风险首先在设计阶段形成隐患，运行中持续放大，并通过温度与振动指标表现出来。,0.728,BDES-00664,BearingDesignSpec,design
BFB-01999,BRG-01999,Normal,normal,none,normal,0.9542,该轴承样本生命周期风险较低，未形成明确故障追溯链。,运行状态平稳，检测指标未呈现持续恶化趋势。,0.7917,NORMAL_BASELINE,QualityFeedback,feedback
BFB-02000,BRG-02000,OR007,outer_race_fault,outer_race,slight,0.5915,诊断结果显示轴承出现轻微外圈故障，根因更可能来自制造阶段实体 BMAN-00550 的风险累积。,异常由微小缺陷逐步发展为周期性冲击，检测指标随严重度上升而同步恶化。,0.5764,BMAN-00550,ManufacturingBatch,manufacturing
BFB-02001,BRG-02001,IR007,inner_race_fault,inner_race,slight,0.6848,结合振动、峭度和温升特征，内圈故障与制造阶段异常高度一致，优先追溯到 BMAN-00062。,异常由微小缺陷逐步发展为周期性冲击，检测指标随严重度上升而同步恶化。,0.7111,BMAN-00062,ManufacturingBatch,manufacturing
BFB-02002,BRG-02002,B014,rolling_element_fault,rolling_element,medium,0.6988,诊断结果显示轴承出现中等滚动体故障，根因更可能来自检测阶段实体 BINSP-02002 的风险累积。,风险首先在检测阶段形成隐患，运行中持续放大，并通过温度与振动指标表现出来。,0.6246,BINSP-02002,InspectionRecord,inspection
BFB-02003,BRG-02003,B014,rolling_element_fault,rolling_element,medium,0.7238,结合振动、峭度和温升特征，滚动体故障与设计阶段异常高度一致，优先追溯到 BDES-00595。,异常由微小缺陷逐步发展为周期性冲击，检测指标随严重度上升而同步恶化。,0.686,BDES-00595,BearingDesignSpec,design
BFB-02004,BRG-02004,B007,rolling_element_fault,rolling_element,slight,0.7312,诊断结果显示轴承出现轻微滚动体故障，根因更可能来自制造阶段实体 BMAN-00523 的风险累积。,早期表现为局部接触应力升高，随后振动冲击增强，最终演化为轻微滚动体故障。,0.6253,BMAN-00523,ManufacturingBatch,manufacturing
BFB-02005,BRG-02005,OR021,outer_race_fault,outer_race,severe,0.8441,诊断结果显示轴承出现严重外圈故障，根因更可能来自装配阶段实体 BASM-02005 的风险累积。,风险首先在装配阶段形成隐患，运行中持续放大，并通过温度与振动指标表现出来。,0.716,BASM-02005,AssemblyRecord,assembly
BFB-02006,BRG-02006,Normal,normal,none,normal,0.9397,该轴承样本生命周期风险较低，未形成明确故障追溯链。,运行状态平稳，检测指标未呈现持续恶化趋势。,0.8006,NORMAL_BASELINE,QualityFeedback,feedback
BFB-02007,BRG-02007,B014,rolling_element_fault,rolling_element,medium,0.7007,该样本的生命周期风险在制造阶段较突出，能够解释当前中等滚动体故障的主要失效模式。,风险首先在制造阶段形成隐患，运行中持续放大，并通过温度与振动指标表现出来。,0.6148,BMAN-00137,ManufacturingBatch,manufacturing
BFB-02008,BRG-02008,OR021,outer_race_fault,outer_race,severe,0.6639,诊断结果显示轴承出现严重外圈故障，根因更可能来自制造阶段实体 BMAN-00914 的风险累积。,风险首先在制造阶段形成隐患，运行中持续放大，并通过温度与振动指标表现出来。,0.7602,BMAN-00914,ManufacturingBatch,manufacturing
BFB-02009,BRG-02009,B014,rolling_element_fault,rolling_element,medium,0.7418,诊断结果显示轴承出现中等滚动体故障，根因更可能来自装配阶段实体 BASM-02009 的风险累积。,早期表现为局部接触应力升高，随后振动冲击增强，最终演化为中等滚动体故障。,0.7114,BASM-02009,AssemblyRecord,assembly
BFB-02010,BRG-02010,B021,rolling_element_fault,rolling_element,severe,0.7815,诊断结果显示轴承出现严重滚动体故障，根因更可能来自制造阶段实体 BMAN-00746 的风险累积。,风险首先在制造阶段形成隐患，运行中持续放大，并通过温度与振动指标表现出来。,0.7984,BMAN-00746,ManufacturingBatch,manufacturing
BFB-02011,BRG-02011,Normal,normal,none,normal,0.9073,该轴承样本生命周期风险较低，未形成明确故障追溯链。,运行状态平稳，检测指标未呈现持续恶化趋势。,0.8498,NORMAL_BASELINE,QualityFeedback,feedback
BFB-02012,BRG-02012,IR007,inner_race_fault,inner_race,slight,0.6393,结合振动、峭度和温升特征，内圈故障与运维阶段异常高度一致，优先追溯到 BOPR-02012。,早期表现为局部接触应力升高，随后振动冲击增强，最终演化为轻微内圈故障。,0.7585,BOPR-02012,MaintenanceRecord,operation
BFB-02013,BRG-02013,IR007,inner_race_fault,inner_race,slight,0.6851,该样本的生命周期风险在检测阶段较突出，能够解释当前轻微内圈故障的主要失效模式。,早期表现为局部接触应力升高，随后振动冲击增强，最终演化为轻微内圈故障。,0.7156,BINSP-02013,InspectionRecord,inspection
BFB-02014,BRG-02014,OR021,outer_race_fault,outer_race,severe,0.6961,结合振动、峭度和温升特征，外圈故障与装配阶段异常高度一致，优先追溯到 BASM-02014。,早期表现为局部接触应力升高，随后振动冲击增强，最终演化为严重外圈故障。,0.6901,BASM-02014,AssemblyRecord,assembly
BFB-02015,BRG-02015,B014,rolling_element_fault,rolling_element,medium,0.7059,诊断结果显示轴承出现中等滚动体故障，根因更可能来自制造阶段实体 BMAN-00441 的风险累积。,异常由微小缺陷逐步发展为周期性冲击，检测指标随严重度上升而同步恶化。,0.564,BMAN-00441,ManufacturingBatch,manufacturing
BFB-02016,BRG-02016,OR014,outer_race_fault,outer_race,medium,0.7504,该样本的生命周期风险在材料阶段较突出，能够解释当前中等外圈故障的主要失效模式。,风险首先在材料阶段形成隐患，运行中持续放大，并通过温度与振动指标表现出来。,0.5919,BMAT-00295,MaterialBatch,material
BFB-02017,BRG-02017,Normal,normal,none,normal,0.9139,该轴承样本生命周期风险较低，未形成明确故障追溯链。,运行状态平稳，检测指标未呈现持续恶化趋势。,0.8628,NORMAL_BASELINE,QualityFeedback,feedback
BFB-02018,BRG-02018,OR007,outer_race_fault,outer_race,slight,0.7046,结合振动、峭度和温升特征，外圈故障与设计阶段异常高度一致，优先追溯到 BDES-00265。,早期表现为局部接触应力升高，随后振动冲击增强，最终演化为轻微外圈故障。,0.5884,BDES-00265,BearingDesignSpec,design
BFB-02019,BRG-02019,IR021,inner_race_fault,inner_race,severe,0.6978,该样本的生命周期风险在装配阶段较突出，能够解释当前严重内圈故障的主要失效模式。,风险首先在装配阶段形成隐患，运行中持续放大，并通过温度与振动指标表现出来。,0.7829,BASM-02019,AssemblyRecord,assembly
BFB-02020,BRG-02020,B014,rolling_element_fault,rolling_element,medium,0.7021,结合振动、峭度和温升特征，滚动体故障与制造阶段异常高度一致，优先追溯到 BMAN-00152。,异常由微小缺陷逐步发展为周期性冲击，检测指标随严重度上升而同步恶化。,0.6849,BMAN-00152,ManufacturingBatch,manufacturing
BFB-02021,BRG-02021,IR014,inner_race_fault,inner_race,medium,0.7173,结合振动、峭度和温升特征，内圈故障与制造阶段异常高度一致，优先追溯到 BMAN-00973。,早期表现为局部接触应力升高，随后振动冲击增强，最终演化为中等内圈故障。,0.6413,BMAN-00973,ManufacturingBatch,manufacturing
BFB-02022,BRG-02022,OR021,outer_race_fault,outer_race,severe,0.8147,诊断结果显示轴承出现严重外圈故障，根因更可能来自装配阶段实体 BASM-02022 的风险累积。,风险首先在装配阶段形成隐患，运行中持续放大，并通过温度与振动指标表现出来。,0.6506,BASM-02022,AssemblyRecord,assembly
BFB-02023,BRG-02023,Normal,normal,none,normal,0.9381,该轴承样本生命周期风险较低，未形成明确故障追溯链。,运行状态平稳，检测指标未呈现持续恶化趋势。,0.871,NORMAL_BASELINE,QualityFeedback,feedback
BFB-02024,BRG-02024,IR021,inner_race_fault,inner_race,severe,0.713,诊断结果显示轴承出现严重内圈故障，根因更可能来自装配阶段实体 BASM-02024 的风险累积。,早期表现为局部接触应力升高，随后振动冲击增强，最终演化为严重内圈故障。,0.6916,BASM-02024,AssemblyRecord,assembly
BFB-02025,BRG-02025,B014,rolling_element_fault,rolling_element,medium,0.6367,结合振动、峭度和温升特征，滚动体故障与装配阶段异常高度一致，优先追溯到 BASM-02025。,早期表现为局部接触应力升高，随后振动冲击增强，最终演化为中等滚动体故障。,0.7168,BASM-02025,AssemblyRecord,assembly
BFB-02026,BRG-02026,B014,rolling_element_fault,rolling_element,medium,0.735,该样本的生命周期风险在设计阶段较突出，能够解释当前中等滚动体故障的主要失效模式。,早期表现为局部接触应力升高，随后振动冲击增强，最终演化为中等滚动体故障。,0.7177,BDES-00303,BearingDesignSpec,design
BFB-02027,BRG-02027,IR014,inner_race_fault,inner_race,medium,0.6845,该样本的生命周期风险在材料阶段较突出，能够解释当前中等内圈故障的主要失效模式。,异常由微小缺陷逐步发展为周期性冲击，检测指标随严重度上升而同步恶化。,0.6858,BMAT-00094,MaterialBatch,material
BFB-02028,BRG-02028,OR021,outer_race_fault,outer_race,severe,0.7111,诊断结果显示轴承出现严重外圈故障，根因更可能来自制造阶段实体 BMAN-01051 的风险累积。,早期表现为局部接触应力升高，随后振动冲击增强，最终演化为严重外圈故障。,0.6608,BMAN-01051,ManufacturingBatch,manufacturing
BFB-02029,BRG-02029,OR007,outer_race_fault,outer_race,slight,0.7121,结合振动、峭度和温升特征，外圈故障与装配阶段异常高度一致，优先追溯到 BASM-02029。,异常由微小缺陷逐步发展为周期性冲击，检测指标随严重度上升而同步恶化。,0.6577,BASM-02029,AssemblyRecord,assembly
BFB-02030,BRG-02030,OR014,outer_race_fault,outer_race,medium,0.6856,该样本的生命周期风险在材料阶段较突出，能够解释当前中等外圈故障的主要失效模式。,早期表现为局部接触应力升高，随后振动冲击增强，最终演化为中等外圈故障。,0.6713,BMAT-00241,MaterialBatch,material
BFB-02031,BRG-02031,OR007,outer_race_fault,outer_race,slight,0.6199,该样本的生命周期风险在材料阶段较突出，能够解释当前轻微外圈故障的主要失效模式。,风险首先在材料阶段形成隐患，运行中持续放大，并通过温度与振动指标表现出来。,0.6195,BMAT-00333,MaterialBatch,material
BFB-02032,BRG-02032,B021,rolling_element_fault,rolling_element,severe,0.6941,诊断结果显示轴承出现严重滚动体故障，根因更可能来自制造阶段实体 BMAN-01187 的风险累积。,风险首先在制造阶段形成隐患，运行中持续放大，并通过温度与振动指标表现出来。,0.7876,BMAN-01187,ManufacturingBatch,manufacturing
BFB-02033,BRG-02033,B021,rolling_element_fault,rolling_element,severe,0.8001,结合振动、峭度和温升特征，滚动体故障与材料阶段异常高度一致，优先追溯到 BMAT-00435。,异常由微小缺陷逐步发展为周期性冲击，检测指标随严重度上升而同步恶化。,0.7065,BMAT-00435,MaterialBatch,material
BFB-02034,BRG-02034,OR014,outer_race_fault,outer_race,medium,0.7377,该样本的生命周期风险在设计阶段较突出，能够解释当前中等外圈故障的主要失效模式。,风险首先在设计阶段形成隐患，运行中持续放大，并通过温度与振动指标表现出来。,0.6574,BDES-00782,BearingDesignSpec,design
BFB-02035,BRG-02035,B014,rolling_element_fault,rolling_element,medium,0.7217,诊断结果显示轴承出现中等滚动体故障，根因更可能来自设计阶段实体 BDES-00738 的风险累积。,风险首先在设计阶段形成隐患，运行中持续放大，并通过温度与振动指标表现出来。,0.7233,BDES-00738,BearingDesignSpec,design
BFB-02036,BRG-02036,OR021,outer_race_fault,outer_race,severe,0.762,结合振动、峭度和温升特征，外圈故障与设计阶段异常高度一致，优先追溯到 BDES-00167。,风险首先在设计阶段形成隐患，运行中持续放大，并通过温度与振动指标表现出来。,0.69,BDES-00167,BearingDesignSpec,design
BFB-02037,BRG-02037,IR007,inner_race_fault,inner_race,slight,0.7132,该样本的生命周期风险在制造阶段较突出，能够解释当前轻微内圈故障的主要失效模式。,早期表现为局部接触应力升高，随后振动冲击增强，最终演化为轻微内圈故障。,0.6414,BMAN-00163,ManufacturingBatch,manufacturing
BFB-02038,BRG-02038,B007,rolling_element_fault,rolling_element,slight,0.6555,诊断结果显示轴承出现轻微滚动体故障，根因更可能来自制造阶段实体 BMAN-00258 的风险累积。,风险首先在制造阶段形成隐患，运行中持续放大，并通过温度与振动指标表现出来。,0.6615,BMAN-00258,ManufacturingBatch,manufacturing
BFB-02039,BRG-02039,IR007,inner_race_fault,inner_race,slight,0.7262,诊断结果显示轴承出现轻微内圈故障，根因更可能来自材料阶段实体 BMAT-00124 的风险累积。,异常由微小缺陷逐步发展为周期性冲击，检测指标随严重度上升而同步恶化。,0.727,BMAT-00124,MaterialBatch,material
BFB-02040,BRG-02040,IR007,inner_race_fault,inner_race,slight,0.7333,该样本的生命周期风险在制造阶段较突出，能够解释当前轻微内圈故障的主要失效模式。,早期表现为局部接触应力升高，随后振动冲击增强，最终演化为轻微内圈故障。,0.5969,BMAN-00557,ManufacturingBatch,manufacturing
BFB-02041,BRG-02041,Normal,normal,none,normal,0.9109,该轴承样本生命周期风险较低，未形成明确故障追溯链。,运行状态平稳，检测指标未呈现持续恶化趋势。,0.7995,NORMAL_BASELINE,QualityFeedback,feedback
BFB-02042,BRG-02042,IR014,inner_race_fault,inner_race,medium,0.7375,诊断结果显示轴承出现中等内圈故障，根因更可能来自材料阶段实体 BMAT-00265 的风险累积。,风险首先在材料阶段形成隐患，运行中持续放大，并通过温度与振动指标表现出来。,0.6868,BMAT-00265,MaterialBatch,material
BFB-02043,BRG-02043,B007,rolling_element_fault,rolling_element,slight,0.7073,该样本的生命周期风险在装配阶段较突出，能够解释当前轻微滚动体故障的主要失效模式。,风险首先在装配阶段形成隐患，运行中持续放大，并通过温度与振动指标表现出来。,0.6542,BASM-02043,AssemblyRecord,assembly
BFB-02044,BRG-02044,B014,rolling_element_fault,rolling_element,medium,0.6632,该样本的生命周期风险在装配阶段较突出，能够解释当前中等滚动体故障的主要失效模式。,风险首先在装配阶段形成隐患，运行中持续放大，并通过温度与振动指标表现出来。,0.6858,BASM-02044,AssemblyRecord,assembly
BFB-02045,BRG-02045,Normal,normal,none,normal,0.9023,该轴承样本生命周期风险较低，未形成明确故障追溯链。,运行状态平稳，检测指标未呈现持续恶化趋势。,0.8512,NORMAL_BASELINE,QualityFeedback,feedback
BFB-02046,BRG-02046,IR021,inner_race_fault,inner_race,severe,0.7711,诊断结果显示轴承出现严重内圈故障，根因更可能来自装配阶段实体 BASM-02046 的风险累积。,异常由微小缺陷逐步发展为周期性冲击，检测指标随严重度上升而同步恶化。,0.7388,BASM-02046,AssemblyRecord,assembly
BFB-02047,BRG-02047,OR021,outer_race_fault,outer_race,severe,0.722,诊断结果显示轴承出现严重外圈故障，根因更可能来自制造阶段实体 BMAN-00151 的风险累积。,异常由微小缺陷逐步发展为周期性冲击，检测指标随严重度上升而同步恶化。,0.658,BMAN-00151,ManufacturingBatch,manufacturing
BFB-02048,BRG-02048,B007,rolling_element_fault,rolling_element,slight,0.6796,诊断结果显示轴承出现轻微滚动体故障，根因更可能来自装配阶段实体 BASM-02048 的风险累积。,早期表现为局部接触应力升高，随后振动冲击增强，最终演化为轻微滚动体故障。,0.6125,BASM-02048,AssemblyRecord,assembly
BFB-02049,BRG-02049,OR014,outer_race_fault,outer_race,medium,0.7121,诊断结果显示轴承出现中等外圈故障，根因更可能来自运维阶段实体 BOPR-02049 的风险累积。,早期表现为局部接触应力升高，随后振动冲击增强，最终演化为中等外圈故障。,0.6033,BOPR-02049,MaintenanceRecord,operation
BFB-02050,BRG-02050,IR014,inner_race_fault,inner_race,medium,0.7248,诊断结果显示轴承出现中等内圈故障，根因更可能来自设计阶段实体 BDES-00294 的风险累积。,风险首先在设计阶段形成隐患，运行中持续放大，并通过温度与振动指标表现出来。,0.6772,BDES-00294,BearingDesignSpec,design
BFB-02051,BRG-02051,IR007,inner_race_fault,inner_race,slight,0.6712,诊断结果显示轴承出现轻微内圈故障，根因更可能来自制造阶段实体 BMAN-00350 的风险累积。,风险首先在制造阶段形成隐患，运行中持续放大，并通过温度与振动指标表现出来。,0.7033,BMAN-00350,ManufacturingBatch,manufacturing
BFB-02052,BRG-02052,B007,rolling_element_fault,rolling_element,slight,0.7157,结合振动、峭度和温升特征，滚动体故障与材料阶段异常高度一致，优先追溯到 BMAT-00391。,早期表现为局部接触应力升高，随后振动冲击增强，最终演化为轻微滚动体故障。,0.6068,BMAT-00391,MaterialBatch,material
BFB-02053,BRG-02053,OR014,outer_race_fault,outer_race,medium,0.701,结合振动、峭度和温升特征，外圈故障与装配阶段异常高度一致，优先追溯到 BASM-02053。,早期表现为局部接触应力升高，随后振动冲击增强，最终演化为中等外圈故障。,0.5593,BASM-02053,AssemblyRecord,assembly
BFB-02054,BRG-02054,B014,rolling_element_fault,rolling_element,medium,0.7355,该样本的生命周期风险在制造阶段较突出，能够解释当前中等滚动体故障的主要失效模式。,早期表现为局部接触应力升高，随后振动冲击增强，最终演化为中等滚动体故障。,0.6597,BMAN-00974,ManufacturingBatch,manufacturing
BFB-02055,BRG-02055,IR014,inner_race_fault,inner_race,medium,0.6753,诊断结果显示轴承出现中等内圈故障，根因更可能来自装配阶段实体 BASM-02055 的风险累积。,风险首先在装配阶段形成隐患，运行中持续放大，并通过温度与振动指标表现出来。,0.6348,BASM-02055,AssemblyRecord,assembly
BFB-02056,BRG-02056,B014,rolling_element_fault,rolling_element,medium,0.668,诊断结果显示轴承出现中等滚动体故障，根因更可能来自制造阶段实体 BMAN-00063 的风险累积。,早期表现为局部接触应力升高，随后振动冲击增强，最终演化为中等滚动体故障。,0.6657,BMAN-00063,ManufacturingBatch,manufacturing
BFB-02057,BRG-02057,Normal,normal,none,normal,0.8786,该轴承样本生命周期风险较低，未形成明确故障追溯链。,运行状态平稳，检测指标未呈现持续恶化趋势。,0.8291,NORMAL_BASELINE,QualityFeedback,feedback
BFB-02058,BRG-02058,B007,rolling_element_fault,rolling_element,slight,0.6833,结合振动、峭度和温升特征，滚动体故障与制造阶段异常高度一致，优先追溯到 BMAN-00727。,异常由微小缺陷逐步发展为周期性冲击，检测指标随严重度上升而同步恶化。,0.6582,BMAN-00727,ManufacturingBatch,manufacturing
BFB-02059,BRG-02059,Normal,normal,none,normal,0.9423,该轴承样本生命周期风险较低，未形成明确故障追溯链。,运行状态平稳，检测指标未呈现持续恶化趋势。,0.8183,NORMAL_BASELINE,QualityFeedback,feedback
BFB-02060,BRG-02060,B007,rolling_element_fault,rolling_element,slight,0.6873,该样本的生命周期风险在材料阶段较突出，能够解释当前轻微滚动体故障的主要失效模式。,异常由微小缺陷逐步发展为周期性冲击，检测指标随严重度上升而同步恶化。,0.6204,BMAT-00053,MaterialBatch,material
BFB-02061,BRG-02061,B014,rolling_element_fault,rolling_element,medium,0.6792,该样本的生命周期风险在装配阶段较突出，能够解释当前中等滚动体故障的主要失效模式。,风险首先在装配阶段形成隐患，运行中持续放大，并通过温度与振动指标表现出来。,0.7573,BASM-02061,AssemblyRecord,assembly
BFB-02062,BRG-02062,OR007,outer_race_fault,outer_race,slight,0.6716,诊断结果显示轴承出现轻微外圈故障，根因更可能来自设计阶段实体 BDES-00304 的风险累积。,早期表现为局部接触应力升高，随后振动冲击增强，最终演化为轻微外圈故障。,0.6751,BDES-00304,BearingDesignSpec,design
BFB-02063,BRG-02063,Normal,normal,none,normal,0.9281,该轴承样本生命周期风险较低，未形成明确故障追溯链。,运行状态平稳，检测指标未呈现持续恶化趋势。,0.812,NORMAL_BASELINE,QualityFeedback,feedback
BFB-02064,BRG-02064,OR014,outer_race_fault,outer_race,medium,0.6665,诊断结果显示轴承出现中等外圈故障，根因更可能来自装配阶段实体 BASM-02064 的风险累积。,异常由微小缺陷逐步发展为周期性冲击，检测指标随严重度上升而同步恶化。,0.8139,BASM-02064,AssemblyRecord,assembly
BFB-02065,BRG-02065,B014,rolling_element_fault,rolling_element,medium,0.6904,结合振动、峭度和温升特征，滚动体故障与材料阶段异常高度一致，优先追溯到 BMAT-00170。,早期表现为局部接触应力升高，随后振动冲击增强，最终演化为中等滚动体故障。,0.627,BMAT-00170,MaterialBatch,material
BFB-02066,BRG-02066,IR014,inner_race_fault,inner_race,medium,0.6992,诊断结果显示轴承出现中等内圈故障，根因更可能来自运维阶段实体 BOPR-02066 的风险累积。,早期表现为局部接触应力升高，随后振动冲击增强，最终演化为中等内圈故障。,0.6812,BOPR-02066,MaintenanceRecord,operation
BFB-02067,BRG-02067,OR021,outer_race_fault,outer_race,severe,0.7137,诊断结果显示轴承出现严重外圈故障，根因更可能来自制造阶段实体 BMAN-00810 的风险累积。,异常由微小缺陷逐步发展为周期性冲击，检测指标随严重度上升而同步恶化。,0.8149,BMAN-00810,ManufacturingBatch,manufacturing
BFB-02068,BRG-02068,IR007,inner_race_fault,inner_race,slight,0.6316,诊断结果显示轴承出现轻微内圈故障，根因更可能来自设计阶段实体 BDES-00427 的风险累积。,异常由微小缺陷逐步发展为周期性冲击，检测指标随严重度上升而同步恶化。,0.5405,BDES-00427,BearingDesignSpec,design
BFB-02069,BRG-02069,Normal,normal,none,normal,0.8747,该轴承样本生命周期风险较低，未形成明确故障追溯链。,运行状态平稳，检测指标未呈现持续恶化趋势。,0.8981,NORMAL_BASELINE,QualityFeedback,feedback
BFB-02070,BRG-02070,B014,rolling_element_fault,rolling_element,medium,0.7234,结合振动、峭度和温升特征，滚动体故障与设计阶段异常高度一致，优先追溯到 BDES-00277。,早期表现为局部接触应力升高，随后振动冲击增强，最终演化为中等滚动体故障。,0.7025,BDES-00277,BearingDesignSpec,design
BFB-02071,BRG-02071,OR014,outer_race_fault,outer_race,medium,0.6755,结合振动、峭度和温升特征，外圈故障与装配阶段异常高度一致，优先追溯到 BASM-02071。,风险首先在装配阶段形成隐患，运行中持续放大，并通过温度与振动指标表现出来。,0.7293,BASM-02071,AssemblyRecord,assembly
BFB-02072,BRG-02072,OR021,outer_race_fault,outer_race,severe,0.8081,诊断结果显示轴承出现严重外圈故障，根因更可能来自装配阶段实体 BASM-02072 的风险累积。,早期表现为局部接触应力升高，随后振动冲击增强，最终演化为严重外圈故障。,0.7796,BASM-02072,AssemblyRecord,assembly
BFB-02073,BRG-02073,OR021,outer_race_fault,outer_race,severe,0.7978,结合振动、峭度和温升特征，外圈故障与运维阶段异常高度一致，优先追溯到 BOPR-02073。,早期表现为局部接触应力升高，随后振动冲击增强，最终演化为严重外圈故障。,0.7243,BOPR-02073,MaintenanceRecord,operation
BFB-02074,BRG-02074,OR021,outer_race_fault,outer_race,severe,0.7668,诊断结果显示轴承出现严重外圈故障，根因更可能来自设计阶段实体 BDES-00420 的风险累积。,异常由微小缺陷逐步发展为周期性冲击，检测指标随严重度上升而同步恶化。,0.7735,BDES-00420,BearingDesignSpec,design
BFB-02075,BRG-02075,B021,rolling_element_fault,rolling_element,severe,0.7479,结合振动、峭度和温升特征，滚动体故障与运维阶段异常高度一致，优先追溯到 BOPR-02075。,早期表现为局部接触应力升高，随后振动冲击增强，最终演化为严重滚动体故障。,0.6655,BOPR-02075,MaintenanceRecord,operation
BFB-02076,BRG-02076,B014,rolling_element_fault,rolling_element,medium,0.6941,诊断结果显示轴承出现中等滚动体故障，根因更可能来自制造阶段实体 BMAN-01000 的风险累积。,早期表现为局部接触应力升高，随后振动冲击增强，最终演化为中等滚动体故障。,0.6833,BMAN-01000,ManufacturingBatch,manufacturing
BFB-02077,BRG-02077,OR007,outer_race_fault,outer_race,slight,0.6218,诊断结果显示轴承出现轻微外圈故障，根因更可能来自运维阶段实体 BOPR-02077 的风险累积。,风险首先在运维阶段形成隐患，运行中持续放大，并通过温度与振动指标表现出来。,0.6014,BOPR-02077,MaintenanceRecord,operation
BFB-02078,BRG-02078,OR007,outer_race_fault,outer_race,slight,0.7215,该样本的生命周期风险在装配阶段较突出，能够解释当前轻微外圈故障的主要失效模式。,风险首先在装配阶段形成隐患，运行中持续放大，并通过温度与振动指标表现出来。,0.639,BASM-02078,AssemblyRecord,assembly
BFB-02079,BRG-02079,B021,rolling_element_fault,rolling_element,severe,0.7561,该样本的生命周期风险在检测阶段较突出，能够解释当前严重滚动体故障的主要失效模式。,风险首先在检测阶段形成隐患，运行中持续放大，并通过温度与振动指标表现出来。,0.755,BINSP-02079,InspectionRecord,inspection
BFB-02080,BRG-02080,OR007,outer_race_fault,outer_race,slight,0.6557,诊断结果显示轴承出现轻微外圈故障，根因更可能来自制造阶段实体 BMAN-01058 的风险累积。,异常由微小缺陷逐步发展为周期性冲击，检测指标随严重度上升而同步恶化。,0.6278,BMAN-01058,ManufacturingBatch,manufacturing
BFB-02081,BRG-02081,OR014,outer_race_fault,outer_race,medium,0.7042,结合振动、峭度和温升特征，外圈故障与运维阶段异常高度一致，优先追溯到 BOPR-02081。,异常由微小缺陷逐步发展为周期性冲击，检测指标随严重度上升而同步恶化。,0.6693,BOPR-02081,MaintenanceRecord,operation
BFB-02082,BRG-02082,IR014,inner_race_fault,inner_race,medium,0.7457,该样本的生命周期风险在制造阶段较突出，能够解释当前中等内圈故障的主要失效模式。,异常由微小缺陷逐步发展为周期性冲击，检测指标随严重度上升而同步恶化。,0.6246,BMAN-00680,ManufacturingBatch,manufacturing
BFB-02083,BRG-02083,OR007,outer_race_fault,outer_race,slight,0.6271,诊断结果显示轴承出现轻微外圈故障，根因更可能来自材料阶段实体 BMAT-00441 的风险累积。,早期表现为局部接触应力升高，随后振动冲击增强，最终演化为轻微外圈故障。,0.5992,BMAT-00441,MaterialBatch,material
BFB-02084,BRG-02084,IR021,inner_race_fault,inner_race,severe,0.7226,该样本的生命周期风险在制造阶段较突出，能够解释当前严重内圈故障的主要失效模式。,异常由微小缺陷逐步发展为周期性冲击，检测指标随严重度上升而同步恶化。,0.682,BMAN-00661,ManufacturingBatch,manufacturing
BFB-02085,BRG-02085,IR014,inner_race_fault,inner_race,medium,0.7441,诊断结果显示轴承出现中等内圈故障，根因更可能来自制造阶段实体 BMAN-00550 的风险累积。,风险首先在制造阶段形成隐患，运行中持续放大，并通过温度与振动指标表现出来。,0.5667,BMAN-00550,ManufacturingBatch,manufacturing
BFB-02086,BRG-02086,IR007,inner_race_fault,inner_race,slight,0.7174,结合振动、峭度和温升特征，内圈故障与制造阶段异常高度一致，优先追溯到 BMAN-00360。,早期表现为局部接触应力升高，随后振动冲击增强，最终演化为轻微内圈故障。,0.5935,BMAN-00360,ManufacturingBatch,manufacturing
BFB-02087,BRG-02087,OR021,outer_race_fault,outer_race,severe,0.6754,结合振动、峭度和温升特征，外圈故障与设计阶段异常高度一致，优先追溯到 BDES-00019。,异常由微小缺陷逐步发展为周期性冲击，检测指标随严重度上升而同步恶化。,0.6326,BDES-00019,BearingDesignSpec,design
BFB-02088,BRG-02088,OR014,outer_race_fault,outer_race,medium,0.7668,诊断结果显示轴承出现中等外圈故障，根因更可能来自检测阶段实体 BINSP-02088 的风险累积。,异常由微小缺陷逐步发展为周期性冲击，检测指标随严重度上升而同步恶化。,0.743,BINSP-02088,InspectionRecord,inspection
BFB-02089,BRG-02089,IR007,inner_race_fault,inner_race,slight,0.7076,结合振动、峭度和温升特征，内圈故障与材料阶段异常高度一致，优先追溯到 BMAT-00315。,风险首先在材料阶段形成隐患，运行中持续放大，并通过温度与振动指标表现出来。,0.6052,BMAT-00315,MaterialBatch,material
BFB-02090,BRG-02090,IR021,inner_race_fault,inner_race,severe,0.7185,诊断结果显示轴承出现严重内圈故障，根因更可能来自制造阶段实体 BMAN-00082 的风险累积。,异常由微小缺陷逐步发展为周期性冲击，检测指标随严重度上升而同步恶化。,0.691,BMAN-00082,ManufacturingBatch,manufacturing
BFB-02091,BRG-02091,IR021,inner_race_fault,inner_race,severe,0.745,结合振动、峭度和温升特征，内圈故障与装配阶段异常高度一致，优先追溯到 BASM-02091。,早期表现为局部接触应力升高，随后振动冲击增强，最终演化为严重内圈故障。,0.6784,BASM-02091,AssemblyRecord,assembly
BFB-02092,BRG-02092,OR014,outer_race_fault,outer_race,medium,0.7347,诊断结果显示轴承出现中等外圈故障，根因更可能来自制造阶段实体 BMAN-00273 的风险累积。,异常由微小缺陷逐步发展为周期性冲击，检测指标随严重度上升而同步恶化。,0.6511,BMAN-00273,ManufacturingBatch,manufacturing
BFB-02093,BRG-02093,OR014,outer_race_fault,outer_race,medium,0.7392,该样本的生命周期风险在设计阶段较突出，能够解释当前中等外圈故障的主要失效模式。,早期表现为局部接触应力升高，随后振动冲击增强，最终演化为中等外圈故障。,0.6502,BDES-00075,BearingDesignSpec,design
BFB-02094,BRG-02094,B014,rolling_element_fault,rolling_element,medium,0.6967,该样本的生命周期风险在检测阶段较突出，能够解释当前中等滚动体故障的主要失效模式。,异常由微小缺陷逐步发展为周期性冲击，检测指标随严重度上升而同步恶化。,0.7244,BINSP-02094,InspectionRecord,inspection
BFB-02095,BRG-02095,OR014,outer_race_fault,outer_race,medium,0.684,该样本的生命周期风险在装配阶段较突出，能够解释当前中等外圈故障的主要失效模式。,早期表现为局部接触应力升高，随后振动冲击增强，最终演化为中等外圈故障。,0.6508,BASM-02095,AssemblyRecord,assembly
BFB-02096,BRG-02096,B014,rolling_element_fault,rolling_element,medium,0.743,诊断结果显示轴承出现中等滚动体故障，根因更可能来自材料阶段实体 BMAT-00268 的风险累积。,风险首先在材料阶段形成隐患，运行中持续放大，并通过温度与振动指标表现出来。,0.6314,BMAT-00268,MaterialBatch,material
BFB-02097,BRG-02097,OR014,outer_race_fault,outer_race,medium,0.6992,该样本的生命周期风险在设计阶段较突出，能够解释当前中等外圈故障的主要失效模式。,风险首先在设计阶段形成隐患，运行中持续放大，并通过温度与振动指标表现出来。,0.5735,BDES-00521,BearingDesignSpec,design
BFB-02098,BRG-02098,IR021,inner_race_fault,inner_race,severe,0.6815,诊断结果显示轴承出现严重内圈故障，根因更可能来自材料阶段实体 BMAT-00437 的风险累积。,风险首先在材料阶段形成隐患，运行中持续放大，并通过温度与振动指标表现出来。,0.7606,BMAT-00437,MaterialBatch,material
BFB-02099,BRG-02099,IR014,inner_race_fault,inner_race,medium,0.7237,诊断结果显示轴承出现中等内圈故障，根因更可能来自材料阶段实体 BMAT-00381 的风险累积。,早期表现为局部接触应力升高，随后振动冲击增强，最终演化为中等内圈故障。,0.5788,BMAT-00381,MaterialBatch,material
BFB-02100,BRG-02100,IR007,inner_race_fault,inner_race,slight,0.687,诊断结果显示轴承出现轻微内圈故障，根因更可能来自材料阶段实体 BMAT-00409 的风险累积。,风险首先在材料阶段形成隐患，运行中持续放大，并通过温度与振动指标表现出来。,0.599,BMAT-00409,MaterialBatch,material
BFB-02101,BRG-02101,IR007,inner_race_fault,inner_race,slight,0.6178,结合振动、峭度和温升特征，内圈故障与装配阶段异常高度一致，优先追溯到 BASM-02101。,早期表现为局部接触应力升高，随后振动冲击增强，最终演化为轻微内圈故障。,0.5816,BASM-02101,AssemblyRecord,assembly
BFB-02102,BRG-02102,IR021,inner_race_fault,inner_race,severe,0.7024,该样本的生命周期风险在材料阶段较突出，能够解释当前严重内圈故障的主要失效模式。,早期表现为局部接触应力升高，随后振动冲击增强，最终演化为严重内圈故障。,0.8208,BMAT-00441,MaterialBatch,material
BFB-02103,BRG-02103,OR014,outer_race_fault,outer_race,medium,0.6879,结合振动、峭度和温升特征，外圈故障与运维阶段异常高度一致，优先追溯到 BOPR-02103。,风险首先在运维阶段形成隐患，运行中持续放大，并通过温度与振动指标表现出来。,0.5928,BOPR-02103,MaintenanceRecord,operation
BFB-02104,BRG-02104,IR007,inner_race_fault,inner_race,slight,0.6552,诊断结果显示轴承出现轻微内圈故障，根因更可能来自材料阶段实体 BMAT-00119 的风险累积。,异常由微小缺陷逐步发展为周期性冲击，检测指标随严重度上升而同步恶化。,0.7186,BMAT-00119,MaterialBatch,material
BFB-02105,BRG-02105,IR021,inner_race_fault,inner_race,severe,0.7133,结合振动、峭度和温升特征，内圈故障与装配阶段异常高度一致，优先追溯到 BASM-02105。,早期表现为局部接触应力升高，随后振动冲击增强，最终演化为严重内圈故障。,0.6847,BASM-02105,AssemblyRecord,assembly
BFB-02106,BRG-02106,OR007,outer_race_fault,outer_race,slight,0.6212,结合振动、峭度和温升特征，外圈故障与装配阶段异常高度一致，优先追溯到 BASM-02106。,风险首先在装配阶段形成隐患，运行中持续放大，并通过温度与振动指标表现出来。,0.5829,BASM-02106,AssemblyRecord,assembly
BFB-02107,BRG-02107,IR014,inner_race_fault,inner_race,medium,0.6589,结合振动、峭度和温升特征，内圈故障与制造阶段异常高度一致，优先追溯到 BMAN-00124。,异常由微小缺陷逐步发展为周期性冲击，检测指标随严重度上升而同步恶化。,0.7471,BMAN-00124,ManufacturingBatch,manufacturing
BFB-02108,BRG-02108,OR014,outer_race_fault,outer_race,medium,0.7442,诊断结果显示轴承出现中等外圈故障，根因更可能来自运维阶段实体 BOPR-02108 的风险累积。,异常由微小缺陷逐步发展为周期性冲击，检测指标随严重度上升而同步恶化。,0.5938,BOPR-02108,MaintenanceRecord,operation
BFB-02109,BRG-02109,IR014,inner_race_fault,inner_race,medium,0.6889,该样本的生命周期风险在制造阶段较突出，能够解释当前中等内圈故障的主要失效模式。,风险首先在制造阶段形成隐患，运行中持续放大，并通过温度与振动指标表现出来。,0.6565,BMAN-00063,ManufacturingBatch,manufacturing
BFB-02110,BRG-02110,OR021,outer_race_fault,outer_race,severe,0.7309,诊断结果显示轴承出现严重外圈故障，根因更可能来自材料阶段实体 BMAT-00164 的风险累积。,风险首先在材料阶段形成隐患，运行中持续放大，并通过温度与振动指标表现出来。,0.6562,BMAT-00164,MaterialBatch,material
BFB-02111,BRG-02111,IR021,inner_race_fault,inner_race,severe,0.7328,结合振动、峭度和温升特征，内圈故障与装配阶段异常高度一致，优先追溯到 BASM-02111。,异常由微小缺陷逐步发展为周期性冲击，检测指标随严重度上升而同步恶化。,0.6648,BASM-02111,AssemblyRecord,assembly
BFB-02112,BRG-02112,B021,rolling_element_fault,rolling_element,severe,0.7214,该样本的生命周期风险在检测阶段较突出，能够解释当前严重滚动体故障的主要失效模式。,异常由微小缺陷逐步发展为周期性冲击，检测指标随严重度上升而同步恶化。,0.6551,BINSP-02112,InspectionRecord,inspection
BFB-02113,BRG-02113,Normal,normal,none,normal,0.8737,该轴承样本生命周期风险较低，未形成明确故障追溯链。,运行状态平稳，检测指标未呈现持续恶化趋势。,0.8661,NORMAL_BASELINE,QualityFeedback,feedback
BFB-02114,BRG-02114,B007,rolling_element_fault,rolling_element,slight,0.7524,结合振动、峭度和温升特征，滚动体故障与装配阶段异常高度一致，优先追溯到 BASM-02114。,异常由微小缺陷逐步发展为周期性冲击，检测指标随严重度上升而同步恶化。,0.6266,BASM-02114,AssemblyRecord,assembly
BFB-02115,BRG-02115,Normal,normal,none,normal,0.9065,该轴承样本生命周期风险较低，未形成明确故障追溯链。,运行状态平稳，检测指标未呈现持续恶化趋势。,0.8593,NORMAL_BASELINE,QualityFeedback,feedback
BFB-02116,BRG-02116,IR021,inner_race_fault,inner_race,severe,0.6499,该样本的生命周期风险在装配阶段较突出，能够解释当前严重内圈故障的主要失效模式。,早期表现为局部接触应力升高，随后振动冲击增强，最终演化为严重内圈故障。,0.736,BASM-02116,AssemblyRecord,assembly
BFB-02117,BRG-02117,OR014,outer_race_fault,outer_race,medium,0.7065,结合振动、峭度和温升特征，外圈故障与材料阶段异常高度一致，优先追溯到 BMAT-00260。,早期表现为局部接触应力升高，随后振动冲击增强，最终演化为中等外圈故障。,0.7638,BMAT-00260,MaterialBatch,material
BFB-02118,BRG-02118,B021,rolling_element_fault,rolling_element,severe,0.7372,结合振动、峭度和温升特征，滚动体故障与制造阶段异常高度一致，优先追溯到 BMAN-00777。,早期表现为局部接触应力升高，随后振动冲击增强，最终演化为严重滚动体故障。,0.6117,BMAN-00777,ManufacturingBatch,manufacturing
BFB-02119,BRG-02119,OR021,outer_race_fault,outer_race,severe,0.7536,诊断结果显示轴承出现严重外圈故障，根因更可能来自制造阶段实体 BMAN-00332 的风险累积。,早期表现为局部接触应力升高，随后振动冲击增强，最终演化为严重外圈故障。,0.6946,BMAN-00332,ManufacturingBatch,manufacturing
BFB-02120,BRG-02120,IR007,inner_race_fault,inner_race,slight,0.7019,诊断结果显示轴承出现轻微内圈故障，根因更可能来自装配阶段实体 BASM-02120 的风险累积。,异常由微小缺陷逐步发展为周期性冲击，检测指标随严重度上升而同步恶化。,0.6576,BASM-02120,AssemblyRecord,assembly
BFB-02121,BRG-02121,OR021,outer_race_fault,outer_race,severe,0.7119,该样本的生命周期风险在装配阶段较突出，能够解释当前严重外圈故障的主要失效模式。,早期表现为局部接触应力升高，随后振动冲击增强，最终演化为严重外圈故障。,0.6395,BASM-02121,AssemblyRecord,assembly
BFB-02122,BRG-02122,OR021,outer_race_fault,outer_race,severe,0.7477,该样本的生命周期风险在装配阶段较突出，能够解释当前严重外圈故障的主要失效模式。,早期表现为局部接触应力升高，随后振动冲击增强，最终演化为严重外圈故障。,0.7076,BASM-02122,AssemblyRecord,assembly
BFB-02123,BRG-02123,IR021,inner_race_fault,inner_race,severe,0.7401,诊断结果显示轴承出现严重内圈故障，根因更可能来自材料阶段实体 BMAT-00025 的风险累积。,风险首先在材料阶段形成隐患，运行中持续放大，并通过温度与振动指标表现出来。,0.6514,BMAT-00025,MaterialBatch,material
BFB-02124,BRG-02124,IR007,inner_race_fault,inner_race,slight,0.6566,该样本的生命周期风险在材料阶段较突出，能够解释当前轻微内圈故障的主要失效模式。,风险首先在材料阶段形成隐患，运行中持续放大，并通过温度与振动指标表现出来。,0.5661,BMAT-00307,MaterialBatch,material
BFB-02125,BRG-02125,Normal,normal,none,normal,0.8861,该轴承样本生命周期风险较低，未形成明确故障追溯链。,运行状态平稳，检测指标未呈现持续恶化趋势。,0.8047,NORMAL_BASELINE,QualityFeedback,feedback
BFB-02126,BRG-02126,B014,rolling_element_fault,rolling_element,medium,0.7838,结合振动、峭度和温升特征，滚动体故障与材料阶段异常高度一致，优先追溯到 BMAT-00143。,早期表现为局部接触应力升高，随后振动冲击增强，最终演化为中等滚动体故障。,0.6719,BMAT-00143,MaterialBatch,material
BFB-02127,BRG-02127,B021,rolling_element_fault,rolling_element,severe,0.6995,该样本的生命周期风险在检测阶段较突出，能够解释当前严重滚动体故障的主要失效模式。,早期表现为局部接触应力升高，随后振动冲击增强，最终演化为严重滚动体故障。,0.6404,BINSP-02127,InspectionRecord,inspection
BFB-02128,BRG-02128,OR014,outer_race_fault,outer_race,medium,0.6415,诊断结果显示轴承出现中等外圈故障，根因更可能来自设计阶段实体 BDES-00004 的风险累积。,早期表现为局部接触应力升高，随后振动冲击增强，最终演化为中等外圈故障。,0.6824,BDES-00004,BearingDesignSpec,design
BFB-02129,BRG-02129,IR007,inner_race_fault,inner_race,slight,0.6886,结合振动、峭度和温升特征，内圈故障与设计阶段异常高度一致，优先追溯到 BDES-00718。,异常由微小缺陷逐步发展为周期性冲击，检测指标随严重度上升而同步恶化。,0.7024,BDES-00718,BearingDesignSpec,design
BFB-02130,BRG-02130,IR021,inner_race_fault,inner_race,severe,0.7202,该样本的生命周期风险在装配阶段较突出，能够解释当前严重内圈故障的主要失效模式。,风险首先在装配阶段形成隐患，运行中持续放大，并通过温度与振动指标表现出来。,0.7162,BASM-02130,AssemblyRecord,assembly
BFB-02131,BRG-02131,OR014,outer_race_fault,outer_race,medium,0.7018,诊断结果显示轴承出现中等外圈故障，根因更可能来自材料阶段实体 BMAT-00467 的风险累积。,异常由微小缺陷逐步发展为周期性冲击，检测指标随严重度上升而同步恶化。,0.7111,BMAT-00467,MaterialBatch,material
BFB-02132,BRG-02132,OR007,outer_race_fault,outer_race,slight,0.6753,诊断结果显示轴承出现轻微外圈故障，根因更可能来自制造阶段实体 BMAN-00423 的风险累积。,风险首先在制造阶段形成隐患，运行中持续放大，并通过温度与振动指标表现出来。,0.658,BMAN-00423,ManufacturingBatch,manufacturing
BFB-02133,BRG-02133,IR014,inner_race_fault,inner_race,medium,0.666,该样本的生命周期风险在装配阶段较突出，能够解释当前中等内圈故障的主要失效模式。,异常由微小缺陷逐步发展为周期性冲击，检测指标随严重度上升而同步恶化。,0.6557,BASM-02133,AssemblyRecord,assembly
BFB-02134,BRG-02134,OR021,outer_race_fault,outer_race,severe,0.7566,诊断结果显示轴承出现严重外圈故障，根因更可能来自材料阶段实体 BMAT-00114 的风险累积。,风险首先在材料阶段形成隐患，运行中持续放大，并通过温度与振动指标表现出来。,0.6573,BMAT-00114,MaterialBatch,material
BFB-02135,BRG-02135,IR021,inner_race_fault,inner_race,severe,0.7526,诊断结果显示轴承出现严重内圈故障，根因更可能来自设计阶段实体 BDES-00034 的风险累积。,异常由微小缺陷逐步发展为周期性冲击，检测指标随严重度上升而同步恶化。,0.6633,BDES-00034,BearingDesignSpec,design
BFB-02136,BRG-02136,OR021,outer_race_fault,outer_race,severe,0.7369,诊断结果显示轴承出现严重外圈故障，根因更可能来自装配阶段实体 BASM-02136 的风险累积。,风险首先在装配阶段形成隐患，运行中持续放大，并通过温度与振动指标表现出来。,0.7613,BASM-02136,AssemblyRecord,assembly
BFB-02137,BRG-02137,OR007,outer_race_fault,outer_race,slight,0.6436,结合振动、峭度和温升特征，外圈故障与制造阶段异常高度一致，优先追溯到 BMAN-00254。,异常由微小缺陷逐步发展为周期性冲击，检测指标随严重度上升而同步恶化。,0.6174,BMAN-00254,ManufacturingBatch,manufacturing
BFB-02138,BRG-02138,OR007,outer_race_fault,outer_race,slight,0.6995,结合振动、峭度和温升特征，外圈故障与设计阶段异常高度一致，优先追溯到 BDES-00707。,风险首先在设计阶段形成隐患，运行中持续放大，并通过温度与振动指标表现出来。,0.6615,BDES-00707,BearingDesignSpec,design
BFB-02139,BRG-02139,IR014,inner_race_fault,inner_race,medium,0.7344,结合振动、峭度和温升特征，内圈故障与运维阶段异常高度一致，优先追溯到 BOPR-02139。,异常由微小缺陷逐步发展为周期性冲击，检测指标随严重度上升而同步恶化。,0.6999,BOPR-02139,MaintenanceRecord,operation
BFB-02140,BRG-02140,IR021,inner_race_fault,inner_race,severe,0.7295,该样本的生命周期风险在装配阶段较突出，能够解释当前严重内圈故障的主要失效模式。,风险首先在装配阶段形成隐患，运行中持续放大，并通过温度与振动指标表现出来。,0.7401,BASM-02140,AssemblyRecord,assembly
BFB-02141,BRG-02141,Normal,normal,none,normal,0.9101,该轴承样本生命周期风险较低，未形成明确故障追溯链。,运行状态平稳，检测指标未呈现持续恶化趋势。,0.8489,NORMAL_BASELINE,QualityFeedback,feedback
BFB-02142,BRG-02142,IR007,inner_race_fault,inner_race,slight,0.6755,结合振动、峭度和温升特征，内圈故障与制造阶段异常高度一致，优先追溯到 BMAN-00679。,早期表现为局部接触应力升高，随后振动冲击增强，最终演化为轻微内圈故障。,0.6084,BMAN-00679,ManufacturingBatch,manufacturing
BFB-02143,BRG-02143,B007,rolling_element_fault,rolling_element,slight,0.7034,诊断结果显示轴承出现轻微滚动体故障，根因更可能来自装配阶段实体 BASM-02143 的风险累积。,早期表现为局部接触应力升高，随后振动冲击增强，最终演化为轻微滚动体故障。,0.7167,BASM-02143,AssemblyRecord,assembly
BFB-02144,BRG-02144,OR014,outer_race_fault,outer_race,medium,0.6704,该样本的生命周期风险在制造阶段较突出，能够解释当前中等外圈故障的主要失效模式。,异常由微小缺陷逐步发展为周期性冲击，检测指标随严重度上升而同步恶化。,0.6976,BMAN-01078,ManufacturingBatch,manufacturing
BFB-02145,BRG-02145,B021,rolling_element_fault,rolling_element,severe,0.7725,该样本的生命周期风险在装配阶段较突出，能够解释当前严重滚动体故障的主要失效模式。,异常由微小缺陷逐步发展为周期性冲击，检测指标随严重度上升而同步恶化。,0.6819,BASM-02145,AssemblyRecord,assembly
BFB-02146,BRG-02146,IR014,inner_race_fault,inner_race,medium,0.7442,该样本的生命周期风险在装配阶段较突出，能够解释当前中等内圈故障的主要失效模式。,早期表现为局部接触应力升高，随后振动冲击增强，最终演化为中等内圈故障。,0.5758,BASM-02146,AssemblyRecord,assembly
BFB-02147,BRG-02147,B007,rolling_element_fault,rolling_element,slight,0.7324,诊断结果显示轴承出现轻微滚动体故障，根因更可能来自装配阶段实体 BASM-02147 的风险累积。,早期表现为局部接触应力升高，随后振动冲击增强，最终演化为轻微滚动体故障。,0.6916,BASM-02147,AssemblyRecord,assembly
BFB-02148,BRG-02148,IR007,inner_race_fault,inner_race,slight,0.6751,诊断结果显示轴承出现轻微内圈故障，根因更可能来自检测阶段实体 BINSP-02148 的风险累积。,异常由微小缺陷逐步发展为周期性冲击，检测指标随严重度上升而同步恶化。,0.6954,BINSP-02148,InspectionRecord,inspection
BFB-02149,BRG-02149,OR014,outer_race_fault,outer_race,medium,0.7022,诊断结果显示轴承出现中等外圈故障，根因更可能来自装配阶段实体 BASM-02149 的风险累积。,风险首先在装配阶段形成隐患，运行中持续放大，并通过温度与振动指标表现出来。,0.592,BASM-02149,AssemblyRecord,assembly
BFB-02150,BRG-02150,OR021,outer_race_fault,outer_race,severe,0.7977,结合振动、峭度和温升特征，外圈故障与设计阶段异常高度一致，优先追溯到 BDES-00366。,风险首先在设计阶段形成隐患，运行中持续放大，并通过温度与振动指标表现出来。,0.6146,BDES-00366,BearingDesignSpec,design
BFB-02151,BRG-02151,B021,rolling_element_fault,rolling_element,severe,0.7515,诊断结果显示轴承出现严重滚动体故障，根因更可能来自运维阶段实体 BOPR-02151 的风险累积。,异常由微小缺陷逐步发展为周期性冲击，检测指标随严重度上升而同步恶化。,0.7381,BOPR-02151,MaintenanceRecord,operation
BFB-02152,BRG-02152,Normal,normal,none,normal,0.9382,该轴承样本生命周期风险较低，未形成明确故障追溯链。,运行状态平稳，检测指标未呈现持续恶化趋势。,0.8117,NORMAL_BASELINE,QualityFeedback,feedback
BFB-02153,BRG-02153,OR007,outer_race_fault,outer_race,slight,0.6865,诊断结果显示轴承出现轻微外圈故障，根因更可能来自制造阶段实体 BMAN-00220 的风险累积。,早期表现为局部接触应力升高，随后振动冲击增强，最终演化为轻微外圈故障。,0.6512,BMAN-00220,ManufacturingBatch,manufacturing
BFB-02154,BRG-02154,OR014,outer_race_fault,outer_race,medium,0.6837,结合振动、峭度和温升特征，外圈故障与设计阶段异常高度一致，优先追溯到 BDES-00091。,异常由微小缺陷逐步发展为周期性冲击，检测指标随严重度上升而同步恶化。,0.7468,BDES-00091,BearingDesignSpec,design
BFB-02155,BRG-02155,IR021,inner_race_fault,inner_race,severe,0.7208,诊断结果显示轴承出现严重内圈故障，根因更可能来自装配阶段实体 BASM-02155 的风险累积。,异常由微小缺陷逐步发展为周期性冲击，检测指标随严重度上升而同步恶化。,0.7146,BASM-02155,AssemblyRecord,assembly
BFB-02156,BRG-02156,B014,rolling_element_fault,rolling_element,medium,0.7265,诊断结果显示轴承出现中等滚动体故障，根因更可能来自运维阶段实体 BOPR-02156 的风险累积。,风险首先在运维阶段形成隐患，运行中持续放大，并通过温度与振动指标表现出来。,0.6945,BOPR-02156,MaintenanceRecord,operation
BFB-02157,BRG-02157,B007,rolling_element_fault,rolling_element,slight,0.6816,该样本的生命周期风险在制造阶段较突出，能够解释当前轻微滚动体故障的主要失效模式。,异常由微小缺陷逐步发展为周期性冲击，检测指标随严重度上升而同步恶化。,0.6116,BMAN-00949,ManufacturingBatch,manufacturing
BFB-02158,BRG-02158,OR007,outer_race_fault,outer_race,slight,0.7171,诊断结果显示轴承出现轻微外圈故障，根因更可能来自材料阶段实体 BMAT-00500 的风险累积。,风险首先在材料阶段形成隐患，运行中持续放大，并通过温度与振动指标表现出来。,0.6533,BMAT-00500,MaterialBatch,material
BFB-02159,BRG-02159,B014,rolling_element_fault,rolling_element,medium,0.7395,该样本的生命周期风险在制造阶段较突出，能够解释当前中等滚动体故障的主要失效模式。,异常由微小缺陷逐步发展为周期性冲击，检测指标随严重度上升而同步恶化。,0.5902,BMAN-00066,ManufacturingBatch,manufacturing
BFB-02160,BRG-02160,B021,rolling_element_fault,rolling_element,severe,0.7531,该样本的生命周期风险在装配阶段较突出，能够解释当前严重滚动体故障的主要失效模式。,风险首先在装配阶段形成隐患，运行中持续放大，并通过温度与振动指标表现出来。,0.7054,BASM-02160,AssemblyRecord,assembly
BFB-02161,BRG-02161,IR007,inner_race_fault,inner_race,slight,0.6528,诊断结果显示轴承出现轻微内圈故障，根因更可能来自运维阶段实体 BOPR-02161 的风险累积。,异常由微小缺陷逐步发展为周期性冲击，检测指标随严重度上升而同步恶化。,0.5981,BOPR-02161,MaintenanceRecord,operation
BFB-02162,BRG-02162,B021,rolling_element_fault,rolling_element,severe,0.7342,诊断结果显示轴承出现严重滚动体故障，根因更可能来自制造阶段实体 BMAN-00323 的风险累积。,风险首先在制造阶段形成隐患，运行中持续放大，并通过温度与振动指标表现出来。,0.6916,BMAN-00323,ManufacturingBatch,manufacturing
BFB-02163,BRG-02163,IR007,inner_race_fault,inner_race,slight,0.7012,诊断结果显示轴承出现轻微内圈故障，根因更可能来自材料阶段实体 BMAT-00026 的风险累积。,异常由微小缺陷逐步发展为周期性冲击，检测指标随严重度上升而同步恶化。,0.7142,BMAT-00026,MaterialBatch,material
BFB-02164,BRG-02164,IR014,inner_race_fault,inner_race,medium,0.6486,诊断结果显示轴承出现中等内圈故障，根因更可能来自设计阶段实体 BDES-00639 的风险累积。,风险首先在设计阶段形成隐患，运行中持续放大，并通过温度与振动指标表现出来。,0.7001,BDES-00639,BearingDesignSpec,design
BFB-02165,BRG-02165,Normal,normal,none,normal,0.9036,该轴承样本生命周期风险较低，未形成明确故障追溯链。,运行状态平稳，检测指标未呈现持续恶化趋势。,0.8743,NORMAL_BASELINE,QualityFeedback,feedback
BFB-02166,BRG-02166,B014,rolling_element_fault,rolling_element,medium,0.8154,诊断结果显示轴承出现中等滚动体故障，根因更可能来自运维阶段实体 BOPR-02166 的风险累积。,风险首先在运维阶段形成隐患，运行中持续放大，并通过温度与振动指标表现出来。,0.6808,BOPR-02166,MaintenanceRecord,operation
BFB-02167,BRG-02167,Normal,normal,none,normal,0.8838,该轴承样本生命周期风险较低，未形成明确故障追溯链。,运行状态平稳，检测指标未呈现持续恶化趋势。,0.8898,NORMAL_BASELINE,QualityFeedback,feedback
BFB-02168,BRG-02168,B007,rolling_element_fault,rolling_element,slight,0.6609,结合振动、峭度和温升特征，滚动体故障与装配阶段异常高度一致，优先追溯到 BASM-02168。,风险首先在装配阶段形成隐患，运行中持续放大，并通过温度与振动指标表现出来。,0.6092,BASM-02168,AssemblyRecord,assembly
BFB-02169,BRG-02169,B014,rolling_element_fault,rolling_element,medium,0.6414,该样本的生命周期风险在制造阶段较突出，能够解释当前中等滚动体故障的主要失效模式。,异常由微小缺陷逐步发展为周期性冲击，检测指标随严重度上升而同步恶化。,0.6367,BMAN-00939,ManufacturingBatch,manufacturing
BFB-02170,BRG-02170,OR021,outer_race_fault,outer_race,severe,0.7568,结合振动、峭度和温升特征，外圈故障与材料阶段异常高度一致，优先追溯到 BMAT-00083。,异常由微小缺陷逐步发展为周期性冲击，检测指标随严重度上升而同步恶化。,0.6853,BMAT-00083,MaterialBatch,material
BFB-02171,BRG-02171,B014,rolling_element_fault,rolling_element,medium,0.6952,诊断结果显示轴承出现中等滚动体故障，根因更可能来自装配阶段实体 BASM-02171 的风险累积。,早期表现为局部接触应力升高，随后振动冲击增强，最终演化为中等滚动体故障。,0.6303,BASM-02171,AssemblyRecord,assembly
BFB-02172,BRG-02172,B014,rolling_element_fault,rolling_element,medium,0.7156,诊断结果显示轴承出现中等滚动体故障，根因更可能来自材料阶段实体 BMAT-00012 的风险累积。,异常由微小缺陷逐步发展为周期性冲击，检测指标随严重度上升而同步恶化。,0.6905,BMAT-00012,MaterialBatch,material
BFB-02173,BRG-02173,IR007,inner_race_fault,inner_race,slight,0.6888,该样本的生命周期风险在制造阶段较突出，能够解释当前轻微内圈故障的主要失效模式。,早期表现为局部接触应力升高，随后振动冲击增强，最终演化为轻微内圈故障。,0.6957,BMAN-00447,ManufacturingBatch,manufacturing
BFB-02174,BRG-02174,IR007,inner_race_fault,inner_race,slight,0.6956,结合振动、峭度和温升特征，内圈故障与制造阶段异常高度一致，优先追溯到 BMAN-00540。,异常由微小缺陷逐步发展为周期性冲击，检测指标随严重度上升而同步恶化。,0.6856,BMAN-00540,ManufacturingBatch,manufacturing
BFB-02175,BRG-02175,OR014,outer_race_fault,outer_race,medium,0.6487,结合振动、峭度和温升特征，外圈故障与材料阶段异常高度一致，优先追溯到 BMAT-00098。,异常由微小缺陷逐步发展为周期性冲击，检测指标随严重度上升而同步恶化。,0.6491,BMAT-00098,MaterialBatch,material
BFB-02176,BRG-02176,OR021,outer_race_fault,outer_race,severe,0.6969,诊断结果显示轴承出现严重外圈故障，根因更可能来自检测阶段实体 BINSP-02176 的风险累积。,风险首先在检测阶段形成隐患，运行中持续放大，并通过温度与振动指标表现出来。,0.7316,BINSP-02176,InspectionRecord,inspection
BFB-02177,BRG-02177,IR014,inner_race_fault,inner_race,medium,0.6417,该样本的生命周期风险在制造阶段较突出，能够解释当前中等内圈故障的主要失效模式。,异常由微小缺陷逐步发展为周期性冲击，检测指标随严重度上升而同步恶化。,0.6253,BMAN-00292,ManufacturingBatch,manufacturing
BFB-02178,BRG-02178,IR014,inner_race_fault,inner_race,medium,0.7253,诊断结果显示轴承出现中等内圈故障，根因更可能来自制造阶段实体 BMAN-01002 的风险累积。,早期表现为局部接触应力升高，随后振动冲击增强，最终演化为中等内圈故障。,0.6348,BMAN-01002,ManufacturingBatch,manufacturing
BFB-02179,BRG-02179,OR021,outer_race_fault,outer_race,severe,0.6248,结合振动、峭度和温升特征，外圈故障与材料阶段异常高度一致，优先追溯到 BMAT-00471。,早期表现为局部接触应力升高，随后振动冲击增强，最终演化为严重外圈故障。,0.6706,BMAT-00471,MaterialBatch,material
BFB-02180,BRG-02180,B014,rolling_element_fault,rolling_element,medium,0.727,该样本的生命周期风险在制造阶段较突出，能够解释当前中等滚动体故障的主要失效模式。,早期表现为局部接触应力升高，随后振动冲击增强，最终演化为中等滚动体故障。,0.6742,BMAN-00164,ManufacturingBatch,manufacturing
BFB-02181,BRG-02181,OR021,outer_race_fault,outer_race,severe,0.7455,结合振动、峭度和温升特征，外圈故障与设计阶段异常高度一致，优先追溯到 BDES-00350。,风险首先在设计阶段形成隐患，运行中持续放大，并通过温度与振动指标表现出来。,0.7453,BDES-00350,BearingDesignSpec,design
BFB-02182,BRG-02182,Normal,normal,none,normal,0.8934,该轴承样本生命周期风险较低，未形成明确故障追溯链。,运行状态平稳，检测指标未呈现持续恶化趋势。,0.7902,NORMAL_BASELINE,QualityFeedback,feedback
BFB-02183,BRG-02183,B021,rolling_element_fault,rolling_element,severe,0.6282,结合振动、峭度和温升特征，滚动体故障与运维阶段异常高度一致，优先追溯到 BOPR-02183。,风险首先在运维阶段形成隐患，运行中持续放大，并通过温度与振动指标表现出来。,0.6524,BOPR-02183,MaintenanceRecord,operation
BFB-02184,BRG-02184,B021,rolling_element_fault,rolling_element,severe,0.7038,结合振动、峭度和温升特征，滚动体故障与制造阶段异常高度一致，优先追溯到 BMAN-01126。,风险首先在制造阶段形成隐患，运行中持续放大，并通过温度与振动指标表现出来。,0.675,BMAN-01126,ManufacturingBatch,manufacturing
BFB-02185,BRG-02185,B007,rolling_element_fault,rolling_element,slight,0.6244,该样本的生命周期风险在装配阶段较突出，能够解释当前轻微滚动体故障的主要失效模式。,风险首先在装配阶段形成隐患，运行中持续放大，并通过温度与振动指标表现出来。,0.706,BASM-02185,AssemblyRecord,assembly
BFB-02186,BRG-02186,B021,rolling_element_fault,rolling_element,severe,0.7266,诊断结果显示轴承出现严重滚动体故障，根因更可能来自检测阶段实体 BINSP-02186 的风险累积。,早期表现为局部接触应力升高，随后振动冲击增强，最终演化为严重滚动体故障。,0.7641,BINSP-02186,InspectionRecord,inspection
BFB-02187,BRG-02187,Normal,normal,none,normal,0.9294,该轴承样本生命周期风险较低，未形成明确故障追溯链。,运行状态平稳，检测指标未呈现持续恶化趋势。,0.8203,NORMAL_BASELINE,QualityFeedback,feedback
BFB-02188,BRG-02188,B014,rolling_element_fault,rolling_element,medium,0.706,该样本的生命周期风险在材料阶段较突出，能够解释当前中等滚动体故障的主要失效模式。,风险首先在材料阶段形成隐患，运行中持续放大，并通过温度与振动指标表现出来。,0.632,BMAT-00011,MaterialBatch,material
BFB-02189,BRG-02189,IR007,inner_race_fault,inner_race,slight,0.7223,结合振动、峭度和温升特征，内圈故障与制造阶段异常高度一致，优先追溯到 BMAN-01186。,异常由微小缺陷逐步发展为周期性冲击，检测指标随严重度上升而同步恶化。,0.7698,BMAN-01186,ManufacturingBatch,manufacturing
BFB-02190,BRG-02190,OR014,outer_race_fault,outer_race,medium,0.6915,诊断结果显示轴承出现中等外圈故障，根因更可能来自材料阶段实体 BMAT-00361 的风险累积。,风险首先在材料阶段形成隐患，运行中持续放大，并通过温度与振动指标表现出来。,0.6875,BMAT-00361,MaterialBatch,material
BFB-02191,BRG-02191,Normal,normal,none,normal,0.9397,该轴承样本生命周期风险较低，未形成明确故障追溯链。,运行状态平稳，检测指标未呈现持续恶化趋势。,0.8193,NORMAL_BASELINE,QualityFeedback,feedback
BFB-02192,BRG-02192,OR014,outer_race_fault,outer_race,medium,0.7163,结合振动、峭度和温升特征，外圈故障与材料阶段异常高度一致，优先追溯到 BMAT-00481。,早期表现为局部接触应力升高，随后振动冲击增强，最终演化为中等外圈故障。,0.7553,BMAT-00481,MaterialBatch,material
BFB-02193,BRG-02193,IR014,inner_race_fault,inner_race,medium,0.7209,诊断结果显示轴承出现中等内圈故障，根因更可能来自制造阶段实体 BMAN-00315 的风险累积。,异常由微小缺陷逐步发展为周期性冲击，检测指标随严重度上升而同步恶化。,0.7595,BMAN-00315,ManufacturingBatch,manufacturing
BFB-02194,BRG-02194,OR014,outer_race_fault,outer_race,medium,0.6471,诊断结果显示轴承出现中等外圈故障，根因更可能来自设计阶段实体 BDES-00026 的风险累积。,风险首先在设计阶段形成隐患，运行中持续放大，并通过温度与振动指标表现出来。,0.7211,BDES-00026,BearingDesignSpec,design
BFB-02195,BRG-02195,IR014,inner_race_fault,inner_race,medium,0.6476,诊断结果显示轴承出现中等内圈故障，根因更可能来自材料阶段实体 BMAT-00361 的风险累积。,早期表现为局部接触应力升高，随后振动冲击增强，最终演化为中等内圈故障。,0.576,BMAT-00361,MaterialBatch,material
BFB-02196,BRG-02196,OR021,outer_race_fault,outer_race,severe,0.777,结合振动、峭度和温升特征，外圈故障与装配阶段异常高度一致，优先追溯到 BASM-02196。,风险首先在装配阶段形成隐患，运行中持续放大，并通过温度与振动指标表现出来。,0.6641,BASM-02196,AssemblyRecord,assembly
BFB-02197,BRG-02197,B021,rolling_element_fault,rolling_element,severe,0.7815,诊断结果显示轴承出现严重滚动体故障，根因更可能来自制造阶段实体 BMAN-00383 的风险累积。,早期表现为局部接触应力升高，随后振动冲击增强，最终演化为严重滚动体故障。,0.6321,BMAN-00383,ManufacturingBatch,manufacturing
BFB-02198,BRG-02198,B007,rolling_element_fault,rolling_element,slight,0.7236,诊断结果显示轴承出现轻微滚动体故障，根因更可能来自制造阶段实体 BMAN-01024 的风险累积。,风险首先在制造阶段形成隐患，运行中持续放大，并通过温度与振动指标表现出来。,0.677,BMAN-01024,ManufacturingBatch,manufacturing
BFB-02199,BRG-02199,IR007,inner_race_fault,inner_race,slight,0.7182,该样本的生命周期风险在制造阶段较突出，能够解释当前轻微内圈故障的主要失效模式。,异常由微小缺陷逐步发展为周期性冲击，检测指标随严重度上升而同步恶化。,0.68,BMAN-01071,ManufacturingBatch,manufacturing
BFB-02200,BRG-02200,IR021,inner_race_fault,inner_race,severe,0.7496,结合振动、峭度和温升特征，内圈故障与制造阶段异常高度一致，优先追溯到 BMAN-00017。,异常由微小缺陷逐步发展为周期性冲击，检测指标随严重度上升而同步恶化。,0.743,BMAN-00017,ManufacturingBatch,manufacturing
BFB-02201,BRG-02201,OR007,outer_race_fault,outer_race,slight,0.6711,诊断结果显示轴承出现轻微外圈故障，根因更可能来自制造阶段实体 BMAN-01056 的风险累积。,早期表现为局部接触应力升高，随后振动冲击增强，最终演化为轻微外圈故障。,0.6599,BMAN-01056,ManufacturingBatch,manufacturing
BFB-02202,BRG-02202,B014,rolling_element_fault,rolling_element,medium,0.6919,结合振动、峭度和温升特征，滚动体故障与运维阶段异常高度一致，优先追溯到 BOPR-02202。,早期表现为局部接触应力升高，随后振动冲击增强，最终演化为中等滚动体故障。,0.6891,BOPR-02202,MaintenanceRecord,operation
BFB-02203,BRG-02203,IR021,inner_race_fault,inner_race,severe,0.7379,结合振动、峭度和温升特征，内圈故障与装配阶段异常高度一致，优先追溯到 BASM-02203。,早期表现为局部接触应力升高，随后振动冲击增强，最终演化为严重内圈故障。,0.6409,BASM-02203,AssemblyRecord,assembly
BFB-02204,BRG-02204,IR007,inner_race_fault,inner_race,slight,0.729,结合振动、峭度和温升特征，内圈故障与装配阶段异常高度一致，优先追溯到 BASM-02204。,早期表现为局部接触应力升高，随后振动冲击增强，最终演化为轻微内圈故障。,0.7051,BASM-02204,AssemblyRecord,assembly
BFB-02205,BRG-02205,Normal,normal,none,normal,0.9581,该轴承样本生命周期风险较低，未形成明确故障追溯链。,运行状态平稳，检测指标未呈现持续恶化趋势。,0.7972,NORMAL_BASELINE,QualityFeedback,feedback
BFB-02206,BRG-02206,B007,rolling_element_fault,rolling_element,slight,0.7026,诊断结果显示轴承出现轻微滚动体故障，根因更可能来自材料阶段实体 BMAT-00458 的风险累积。,异常由微小缺陷逐步发展为周期性冲击，检测指标随严重度上升而同步恶化。,0.5446,BMAT-00458,MaterialBatch,material
BFB-02207,BRG-02207,Normal,normal,none,normal,0.9333,该轴承样本生命周期风险较低，未形成明确故障追溯链。,运行状态平稳，检测指标未呈现持续恶化趋势。,0.8282,NORMAL_BASELINE,QualityFeedback,feedback
BFB-02208,BRG-02208,OR021,outer_race_fault,outer_race,severe,0.6968,该样本的生命周期风险在制造阶段较突出，能够解释当前严重外圈故障的主要失效模式。,风险首先在制造阶段形成隐患，运行中持续放大，并通过温度与振动指标表现出来。,0.6874,BMAN-00452,ManufacturingBatch,manufacturing
BFB-02209,BRG-02209,OR014,outer_race_fault,outer_race,medium,0.6637,结合振动、峭度和温升特征，外圈故障与制造阶段异常高度一致，优先追溯到 BMAN-00754。,风险首先在制造阶段形成隐患，运行中持续放大，并通过温度与振动指标表现出来。,0.6843,BMAN-00754,ManufacturingBatch,manufacturing
BFB-02210,BRG-02210,OR021,outer_race_fault,outer_race,severe,0.7053,该样本的生命周期风险在制造阶段较突出，能够解释当前严重外圈故障的主要失效模式。,早期表现为局部接触应力升高，随后振动冲击增强，最终演化为严重外圈故障。,0.7721,BMAN-00903,ManufacturingBatch,manufacturing
BFB-02211,BRG-02211,IR021,inner_race_fault,inner_race,severe,0.7457,该样本的生命周期风险在设计阶段较突出，能够解释当前严重内圈故障的主要失效模式。,风险首先在设计阶段形成隐患，运行中持续放大，并通过温度与振动指标表现出来。,0.6368,BDES-00505,BearingDesignSpec,design
BFB-02212,BRG-02212,Normal,normal,none,normal,0.9206,该轴承样本生命周期风险较低，未形成明确故障追溯链。,运行状态平稳，检测指标未呈现持续恶化趋势。,0.8258,NORMAL_BASELINE,QualityFeedback,feedback
BFB-02213,BRG-02213,IR021,inner_race_fault,inner_race,severe,0.7304,该样本的生命周期风险在制造阶段较突出，能够解释当前严重内圈故障的主要失效模式。,风险首先在制造阶段形成隐患，运行中持续放大，并通过温度与振动指标表现出来。,0.6722,BMAN-00384,ManufacturingBatch,manufacturing
BFB-02214,BRG-02214,IR007,inner_race_fault,inner_race,slight,0.6309,诊断结果显示轴承出现轻微内圈故障，根因更可能来自装配阶段实体 BASM-02214 的风险累积。,风险首先在装配阶段形成隐患，运行中持续放大，并通过温度与振动指标表现出来。,0.6164,BASM-02214,AssemblyRecord,assembly
BFB-02215,BRG-02215,OR021,outer_race_fault,outer_race,severe,0.7608,诊断结果显示轴承出现严重外圈故障，根因更可能来自装配阶段实体 BASM-02215 的风险累积。,风险首先在装配阶段形成隐患，运行中持续放大，并通过温度与振动指标表现出来。,0.7525,BASM-02215,AssemblyRecord,assembly
BFB-02216,BRG-02216,OR014,outer_race_fault,outer_race,medium,0.7215,该样本的生命周期风险在装配阶段较突出，能够解释当前中等外圈故障的主要失效模式。,风险首先在装配阶段形成隐患，运行中持续放大，并通过温度与振动指标表现出来。,0.6698,BASM-02216,AssemblyRecord,assembly
BFB-02217,BRG-02217,IR014,inner_race_fault,inner_race,medium,0.6472,诊断结果显示轴承出现中等内圈故障，根因更可能来自材料阶段实体 BMAT-00444 的风险累积。,风险首先在材料阶段形成隐患，运行中持续放大，并通过温度与振动指标表现出来。,0.6297,BMAT-00444,MaterialBatch,material
BFB-02218,BRG-02218,OR021,outer_race_fault,outer_race,severe,0.7752,诊断结果显示轴承出现严重外圈故障，根因更可能来自制造阶段实体 BMAN-00632 的风险累积。,异常由微小缺陷逐步发展为周期性冲击，检测指标随严重度上升而同步恶化。,0.7455,BMAN-00632,ManufacturingBatch,manufacturing
BFB-02219,BRG-02219,OR014,outer_race_fault,outer_race,medium,0.6366,诊断结果显示轴承出现中等外圈故障，根因更可能来自运维阶段实体 BOPR-02219 的风险累积。,早期表现为局部接触应力升高，随后振动冲击增强，最终演化为中等外圈故障。,0.6758,BOPR-02219,MaintenanceRecord,operation
BFB-02220,BRG-02220,OR014,outer_race_fault,outer_race,medium,0.7242,该样本的生命周期风险在装配阶段较突出，能够解释当前中等外圈故障的主要失效模式。,早期表现为局部接触应力升高，随后振动冲击增强，最终演化为中等外圈故障。,0.7276,BASM-02220,AssemblyRecord,assembly
BFB-02221,BRG-02221,OR014,outer_race_fault,outer_race,medium,0.7207,诊断结果显示轴承出现中等外圈故障，根因更可能来自设计阶段实体 BDES-00165 的风险累积。,早期表现为局部接触应力升高，随后振动冲击增强，最终演化为中等外圈故障。,0.6195,BDES-00165,BearingDesignSpec,design
BFB-02222,BRG-02222,IR007,inner_race_fault,inner_race,slight,0.7013,结合振动、峭度和温升特征，内圈故障与材料阶段异常高度一致，优先追溯到 BMAT-00167。,风险首先在材料阶段形成隐患，运行中持续放大，并通过温度与振动指标表现出来。,0.7182,BMAT-00167,MaterialBatch,material
BFB-02223,BRG-02223,OR021,outer_race_fault,outer_race,severe,0.7468,结合振动、峭度和温升特征，外圈故障与材料阶段异常高度一致，优先追溯到 BMAT-00010。,早期表现为局部接触应力升高，随后振动冲击增强，最终演化为严重外圈故障。,0.6687,BMAT-00010,MaterialBatch,material
BFB-02224,BRG-02224,OR014,outer_race_fault,outer_race,medium,0.6072,诊断结果显示轴承出现中等外圈故障，根因更可能来自装配阶段实体 BASM-02224 的风险累积。,风险首先在装配阶段形成隐患，运行中持续放大，并通过温度与振动指标表现出来。,0.5642,BASM-02224,AssemblyRecord,assembly
BFB-02225,BRG-02225,B021,rolling_element_fault,rolling_element,severe,0.6987,该样本的生命周期风险在检测阶段较突出，能够解释当前严重滚动体故障的主要失效模式。,风险首先在检测阶段形成隐患，运行中持续放大，并通过温度与振动指标表现出来。,0.6731,BINSP-02225,InspectionRecord,inspection
BFB-02226,BRG-02226,B014,rolling_element_fault,rolling_element,medium,0.734,诊断结果显示轴承出现中等滚动体故障，根因更可能来自设计阶段实体 BDES-00059 的风险累积。,异常由微小缺陷逐步发展为周期性冲击，检测指标随严重度上升而同步恶化。,0.6871,BDES-00059,BearingDesignSpec,design
BFB-02227,BRG-02227,IR014,inner_race_fault,inner_race,medium,0.7056,该样本的生命周期风险在检测阶段较突出，能够解释当前中等内圈故障的主要失效模式。,异常由微小缺陷逐步发展为周期性冲击，检测指标随严重度上升而同步恶化。,0.6623,BINSP-02227,InspectionRecord,inspection
BFB-02228,BRG-02228,B021,rolling_element_fault,rolling_element,severe,0.8069,结合振动、峭度和温升特征，滚动体故障与运维阶段异常高度一致，优先追溯到 BOPR-02228。,异常由微小缺陷逐步发展为周期性冲击，检测指标随严重度上升而同步恶化。,0.688,BOPR-02228,MaintenanceRecord,operation
BFB-02229,BRG-02229,OR007,outer_race_fault,outer_race,slight,0.6122,诊断结果显示轴承出现轻微外圈故障，根因更可能来自制造阶段实体 BMAN-00165 的风险累积。,异常由微小缺陷逐步发展为周期性冲击，检测指标随严重度上升而同步恶化。,0.6964,BMAN-00165,ManufacturingBatch,manufacturing
BFB-02230,BRG-02230,IR021,inner_race_fault,inner_race,severe,0.766,诊断结果显示轴承出现严重内圈故障，根因更可能来自材料阶段实体 BMAT-00053 的风险累积。,异常由微小缺陷逐步发展为周期性冲击，检测指标随严重度上升而同步恶化。,0.7229,BMAT-00053,MaterialBatch,material
BFB-02231,BRG-02231,IR014,inner_race_fault,inner_race,medium,0.6589,该样本的生命周期风险在制造阶段较突出，能够解释当前中等内圈故障的主要失效模式。,早期表现为局部接触应力升高，随后振动冲击增强，最终演化为中等内圈故障。,0.6691,BMAN-00500,ManufacturingBatch,manufacturing
BFB-02232,BRG-02232,B007,rolling_element_fault,rolling_element,slight,0.6533,该样本的生命周期风险在制造阶段较突出，能够解释当前轻微滚动体故障的主要失效模式。,风险首先在制造阶段形成隐患，运行中持续放大，并通过温度与振动指标表现出来。,0.6229,BMAN-00865,ManufacturingBatch,manufacturing
BFB-02233,BRG-02233,B014,rolling_element_fault,rolling_element,medium,0.7025,诊断结果显示轴承出现中等滚动体故障，根因更可能来自材料阶段实体 BMAT-00287 的风险累积。,早期表现为局部接触应力升高，随后振动冲击增强，最终演化为中等滚动体故障。,0.7438,BMAT-00287,MaterialBatch,material
BFB-02234,BRG-02234,OR021,outer_race_fault,outer_race,severe,0.7829,诊断结果显示轴承出现严重外圈故障，根因更可能来自制造阶段实体 BMAN-00008 的风险累积。,异常由微小缺陷逐步发展为周期性冲击，检测指标随严重度上升而同步恶化。,0.6516,BMAN-00008,ManufacturingBatch,manufacturing
BFB-02235,BRG-02235,OR021,outer_race_fault,outer_race,severe,0.7366,结合振动、峭度和温升特征，外圈故障与制造阶段异常高度一致，优先追溯到 BMAN-00875。,风险首先在制造阶段形成隐患，运行中持续放大，并通过温度与振动指标表现出来。,0.7444,BMAN-00875,ManufacturingBatch,manufacturing
BFB-02236,BRG-02236,OR014,outer_race_fault,outer_race,medium,0.6643,结合振动、峭度和温升特征，外圈故障与装配阶段异常高度一致，优先追溯到 BASM-02236。,风险首先在装配阶段形成隐患，运行中持续放大，并通过温度与振动指标表现出来。,0.6858,BASM-02236,AssemblyRecord,assembly
BFB-02237,BRG-02237,IR007,inner_race_fault,inner_race,slight,0.6394,结合振动、峭度和温升特征，内圈故障与设计阶段异常高度一致，优先追溯到 BDES-00118。,早期表现为局部接触应力升高，随后振动冲击增强，最终演化为轻微内圈故障。,0.7052,BDES-00118,BearingDesignSpec,design
BFB-02238,BRG-02238,Normal,normal,none,normal,0.8692,该轴承样本生命周期风险较低，未形成明确故障追溯链。,运行状态平稳，检测指标未呈现持续恶化趋势。,0.7962,NORMAL_BASELINE,QualityFeedback,feedback
BFB-02239,BRG-02239,IR014,inner_race_fault,inner_race,medium,0.6578,结合振动、峭度和温升特征，内圈故障与材料阶段异常高度一致，优先追溯到 BMAT-00357。,早期表现为局部接触应力升高，随后振动冲击增强，最终演化为中等内圈故障。,0.6588,BMAT-00357,MaterialBatch,material
BFB-02240,BRG-02240,Normal,normal,none,normal,0.8668,该轴承样本生命周期风险较低，未形成明确故障追溯链。,运行状态平稳，检测指标未呈现持续恶化趋势。,0.8843,NORMAL_BASELINE,QualityFeedback,feedback
BFB-02241,BRG-02241,IR021,inner_race_fault,inner_race,severe,0.7191,结合振动、峭度和温升特征，内圈故障与材料阶段异常高度一致，优先追溯到 BMAT-00140。,风险首先在材料阶段形成隐患，运行中持续放大，并通过温度与振动指标表现出来。,0.7027,BMAT-00140,MaterialBatch,material
BFB-02242,BRG-02242,OR007,outer_race_fault,outer_race,slight,0.7151,诊断结果显示轴承出现轻微外圈故障，根因更可能来自制造阶段实体 BMAN-01042 的风险累积。,风险首先在制造阶段形成隐患，运行中持续放大，并通过温度与振动指标表现出来。,0.7248,BMAN-01042,ManufacturingBatch,manufacturing
BFB-02243,BRG-02243,B007,rolling_element_fault,rolling_element,slight,0.6056,结合振动、峭度和温升特征，滚动体故障与材料阶段异常高度一致，优先追溯到 BMAT-00334。,异常由微小缺陷逐步发展为周期性冲击，检测指标随严重度上升而同步恶化。,0.6277,BMAT-00334,MaterialBatch,material
BFB-02244,BRG-02244,OR014,outer_race_fault,outer_race,medium,0.7759,结合振动、峭度和温升特征，外圈故障与装配阶段异常高度一致，优先追溯到 BASM-02244。,风险首先在装配阶段形成隐患，运行中持续放大，并通过温度与振动指标表现出来。,0.749,BASM-02244,AssemblyRecord,assembly
BFB-02245,BRG-02245,Normal,normal,none,normal,0.8762,该轴承样本生命周期风险较低，未形成明确故障追溯链。,运行状态平稳，检测指标未呈现持续恶化趋势。,0.8589,NORMAL_BASELINE,QualityFeedback,feedback
BFB-02246,BRG-02246,Normal,normal,none,normal,0.9495,该轴承样本生命周期风险较低，未形成明确故障追溯链。,运行状态平稳，检测指标未呈现持续恶化趋势。,0.8666,NORMAL_BASELINE,QualityFeedback,feedback
BFB-02247,BRG-02247,OR007,outer_race_fault,outer_race,slight,0.654,结合振动、峭度和温升特征，外圈故障与制造阶段异常高度一致，优先追溯到 BMAN-00507。,异常由微小缺陷逐步发展为周期性冲击，检测指标随严重度上升而同步恶化。,0.692,BMAN-00507,ManufacturingBatch,manufacturing
BFB-02248,BRG-02248,IR021,inner_race_fault,inner_race,severe,0.7423,该样本的生命周期风险在检测阶段较突出，能够解释当前严重内圈故障的主要失效模式。,异常由微小缺陷逐步发展为周期性冲击，检测指标随严重度上升而同步恶化。,0.7259,BINSP-02248,InspectionRecord,inspection
BFB-02249,BRG-02249,IR014,inner_race_fault,inner_race,medium,0.6695,诊断结果显示轴承出现中等内圈故障，根因更可能来自装配阶段实体 BASM-02249 的风险累积。,异常由微小缺陷逐步发展为周期性冲击，检测指标随严重度上升而同步恶化。,0.7652,BASM-02249,AssemblyRecord,assembly
BFB-02250,BRG-02250,B021,rolling_element_fault,rolling_element,severe,0.7376,结合振动、峭度和温升特征，滚动体故障与制造阶段异常高度一致，优先追溯到 BMAN-00962。,异常由微小缺陷逐步发展为周期性冲击，检测指标随严重度上升而同步恶化。,0.7327,BMAN-00962,ManufacturingBatch,manufacturing
BFB-02251,BRG-02251,B021,rolling_element_fault,rolling_element,severe,0.7702,结合振动、峭度和温升特征，滚动体故障与制造阶段异常高度一致，优先追溯到 BMAN-01184。,异常由微小缺陷逐步发展为周期性冲击，检测指标随严重度上升而同步恶化。,0.6883,BMAN-01184,ManufacturingBatch,manufacturing
BFB-02252,BRG-02252,IR014,inner_race_fault,inner_race,medium,0.6494,诊断结果显示轴承出现中等内圈故障，根因更可能来自装配阶段实体 BASM-02252 的风险累积。,风险首先在装配阶段形成隐患，运行中持续放大，并通过温度与振动指标表现出来。,0.7326,BASM-02252,AssemblyRecord,assembly
BFB-02253,BRG-02253,OR007,outer_race_fault,outer_race,slight,0.7043,诊断结果显示轴承出现轻微外圈故障，根因更可能来自制造阶段实体 BMAN-00338 的风险累积。,早期表现为局部接触应力升高，随后振动冲击增强，最终演化为轻微外圈故障。,0.6675,BMAN-00338,ManufacturingBatch,manufacturing
BFB-02254,BRG-02254,OR014,outer_race_fault,outer_race,medium,0.7847,结合振动、峭度和温升特征，外圈故障与运维阶段异常高度一致，优先追溯到 BOPR-02254。,早期表现为局部接触应力升高，随后振动冲击增强，最终演化为中等外圈故障。,0.6513,BOPR-02254,MaintenanceRecord,operation
BFB-02255,BRG-02255,B021,rolling_element_fault,rolling_element,severe,0.7042,该样本的生命周期风险在制造阶段较突出，能够解释当前严重滚动体故障的主要失效模式。,异常由微小缺陷逐步发展为周期性冲击，检测指标随严重度上升而同步恶化。,0.643,BMAN-00161,ManufacturingBatch,manufacturing
BFB-02256,BRG-02256,B021,rolling_element_fault,rolling_element,severe,0.7611,诊断结果显示轴承出现严重滚动体故障，根因更可能来自装配阶段实体 BASM-02256 的风险累积。,异常由微小缺陷逐步发展为周期性冲击，检测指标随严重度上升而同步恶化。,0.6941,BASM-02256,AssemblyRecord,assembly
BFB-02257,BRG-02257,IR014,inner_race_fault,inner_race,medium,0.6473,该样本的生命周期风险在材料阶段较突出，能够解释当前中等内圈故障的主要失效模式。,异常由微小缺陷逐步发展为周期性冲击，检测指标随严重度上升而同步恶化。,0.6027,BMAT-00371,MaterialBatch,material
BFB-02258,BRG-02258,IR007,inner_race_fault,inner_race,slight,0.6498,该样本的生命周期风险在装配阶段较突出，能够解释当前轻微内圈故障的主要失效模式。,异常由微小缺陷逐步发展为周期性冲击，检测指标随严重度上升而同步恶化。,0.7499,BASM-02258,AssemblyRecord,assembly
BFB-02259,BRG-02259,IR014,inner_race_fault,inner_race,medium,0.7489,该样本的生命周期风险在制造阶段较突出，能够解释当前中等内圈故障的主要失效模式。,异常由微小缺陷逐步发展为周期性冲击，检测指标随严重度上升而同步恶化。,0.703,BMAN-01122,ManufacturingBatch,manufacturing
BFB-02260,BRG-02260,B014,rolling_element_fault,rolling_element,medium,0.6741,诊断结果显示轴承出现中等滚动体故障，根因更可能来自制造阶段实体 BMAN-01015 的风险累积。,异常由微小缺陷逐步发展为周期性冲击，检测指标随严重度上升而同步恶化。,0.6184,BMAN-01015,ManufacturingBatch,manufacturing
BFB-02261,BRG-02261,B007,rolling_element_fault,rolling_element,slight,0.7735,结合振动、峭度和温升特征，滚动体故障与运维阶段异常高度一致，优先追溯到 BOPR-02261。,异常由微小缺陷逐步发展为周期性冲击，检测指标随严重度上升而同步恶化。,0.6421,BOPR-02261,MaintenanceRecord,operation
BFB-02262,BRG-02262,Normal,normal,none,normal,0.8928,该轴承样本生命周期风险较低，未形成明确故障追溯链。,运行状态平稳，检测指标未呈现持续恶化趋势。,0.7859,NORMAL_BASELINE,QualityFeedback,feedback
BFB-02263,BRG-02263,IR021,inner_race_fault,inner_race,severe,0.7479,诊断结果显示轴承出现严重内圈故障，根因更可能来自材料阶段实体 BMAT-00440 的风险累积。,早期表现为局部接触应力升高，随后振动冲击增强，最终演化为严重内圈故障。,0.6761,BMAT-00440,MaterialBatch,material
BFB-02264,BRG-02264,OR014,outer_race_fault,outer_race,medium,0.7141,结合振动、峭度和温升特征，外圈故障与制造阶段异常高度一致，优先追溯到 BMAN-01036。,风险首先在制造阶段形成隐患，运行中持续放大，并通过温度与振动指标表现出来。,0.6421,BMAN-01036,ManufacturingBatch,manufacturing
BFB-02265,BRG-02265,Normal,normal,none,normal,0.9546,该轴承样本生命周期风险较低，未形成明确故障追溯链。,运行状态平稳，检测指标未呈现持续恶化趋势。,0.8931,NORMAL_BASELINE,QualityFeedback,feedback
BFB-02266,BRG-02266,IR014,inner_race_fault,inner_race,medium,0.6926,该样本的生命周期风险在装配阶段较突出，能够解释当前中等内圈故障的主要失效模式。,早期表现为局部接触应力升高，随后振动冲击增强，最终演化为中等内圈故障。,0.7642,BASM-02266,AssemblyRecord,assembly
BFB-02267,BRG-02267,B014,rolling_element_fault,rolling_element,medium,0.6831,诊断结果显示轴承出现中等滚动体故障，根因更可能来自装配阶段实体 BASM-02267 的风险累积。,异常由微小缺陷逐步发展为周期性冲击，检测指标随严重度上升而同步恶化。,0.7004,BASM-02267,AssemblyRecord,assembly
BFB-02268,BRG-02268,OR007,outer_race_fault,outer_race,slight,0.7023,结合振动、峭度和温升特征，外圈故障与制造阶段异常高度一致，优先追溯到 BMAN-00133。,风险首先在制造阶段形成隐患，运行中持续放大，并通过温度与振动指标表现出来。,0.685,BMAN-00133,ManufacturingBatch,manufacturing
BFB-02269,BRG-02269,B021,rolling_element_fault,rolling_element,severe,0.7411,结合振动、峭度和温升特征，滚动体故障与制造阶段异常高度一致，优先追溯到 BMAN-00757。,早期表现为局部接触应力升高，随后振动冲击增强，最终演化为严重滚动体故障。,0.7475,BMAN-00757,ManufacturingBatch,manufacturing
BFB-02270,BRG-02270,B014,rolling_element_fault,rolling_element,medium,0.7341,该样本的生命周期风险在材料阶段较突出，能够解释当前中等滚动体故障的主要失效模式。,早期表现为局部接触应力升高，随后振动冲击增强，最终演化为中等滚动体故障。,0.6798,BMAT-00083,MaterialBatch,material
BFB-02271,BRG-02271,Normal,normal,none,normal,0.9233,该轴承样本生命周期风险较低，未形成明确故障追溯链。,运行状态平稳，检测指标未呈现持续恶化趋势。,0.8712,NORMAL_BASELINE,QualityFeedback,feedback
BFB-02272,BRG-02272,B021,rolling_element_fault,rolling_element,severe,0.6707,结合振动、峭度和温升特征，滚动体故障与运维阶段异常高度一致，优先追溯到 BOPR-02272。,异常由微小缺陷逐步发展为周期性冲击，检测指标随严重度上升而同步恶化。,0.6671,BOPR-02272,MaintenanceRecord,operation
BFB-02273,BRG-02273,Normal,normal,none,normal,0.943,该轴承样本生命周期风险较低，未形成明确故障追溯链。,运行状态平稳，检测指标未呈现持续恶化趋势。,0.8791,NORMAL_BASELINE,QualityFeedback,feedback
BFB-02274,BRG-02274,Normal,normal,none,normal,0.862,该轴承样本生命周期风险较低，未形成明确故障追溯链。,运行状态平稳，检测指标未呈现持续恶化趋势。,0.8889,NORMAL_BASELINE,QualityFeedback,feedback
BFB-02275,BRG-02275,IR007,inner_race_fault,inner_race,slight,0.6805,结合振动、峭度和温升特征，内圈故障与制造阶段异常高度一致，优先追溯到 BMAN-01041。,早期表现为局部接触应力升高，随后振动冲击增强，最终演化为轻微内圈故障。,0.6668,BMAN-01041,ManufacturingBatch,manufacturing
BFB-02276,BRG-02276,OR021,outer_race_fault,outer_race,severe,0.7322,结合振动、峭度和温升特征，外圈故障与制造阶段异常高度一致，优先追溯到 BMAN-00405。,异常由微小缺陷逐步发展为周期性冲击，检测指标随严重度上升而同步恶化。,0.6611,BMAN-00405,ManufacturingBatch,manufacturing
BFB-02277,BRG-02277,OR014,outer_race_fault,outer_race,medium,0.6963,该样本的生命周期风险在运维阶段较突出，能够解释当前中等外圈故障的主要失效模式。,风险首先在运维阶段形成隐患，运行中持续放大，并通过温度与振动指标表现出来。,0.6831,BOPR-02277,MaintenanceRecord,operation
BFB-02278,BRG-02278,B014,rolling_element_fault,rolling_element,medium,0.7251,诊断结果显示轴承出现中等滚动体故障，根因更可能来自材料阶段实体 BMAT-00263 的风险累积。,早期表现为局部接触应力升高，随后振动冲击增强，最终演化为中等滚动体故障。,0.6332,BMAT-00263,MaterialBatch,material
BFB-02279,BRG-02279,Normal,normal,none,normal,0.96,该轴承样本生命周期风险较低，未形成明确故障追溯链。,运行状态平稳，检测指标未呈现持续恶化趋势。,0.8129,NORMAL_BASELINE,QualityFeedback,feedback
BFB-02280,BRG-02280,B007,rolling_element_fault,rolling_element,slight,0.7683,结合振动、峭度和温升特征，滚动体故障与制造阶段异常高度一致，优先追溯到 BMAN-00338。,早期表现为局部接触应力升高，随后振动冲击增强，最终演化为轻微滚动体故障。,0.5888,BMAN-00338,ManufacturingBatch,manufacturing
BFB-02281,BRG-02281,OR021,outer_race_fault,outer_race,severe,0.7278,结合振动、峭度和温升特征，外圈故障与设计阶段异常高度一致，优先追溯到 BDES-00587。,早期表现为局部接触应力升高，随后振动冲击增强，最终演化为严重外圈故障。,0.7245,BDES-00587,BearingDesignSpec,design
BFB-02282,BRG-02282,OR007,outer_race_fault,outer_race,slight,0.67,结合振动、峭度和温升特征，外圈故障与运维阶段异常高度一致，优先追溯到 BOPR-02282。,异常由微小缺陷逐步发展为周期性冲击，检测指标随严重度上升而同步恶化。,0.6999,BOPR-02282,MaintenanceRecord,operation
BFB-02283,BRG-02283,OR007,outer_race_fault,outer_race,slight,0.5791,诊断结果显示轴承出现轻微外圈故障，根因更可能来自检测阶段实体 BINSP-02283 的风险累积。,异常由微小缺陷逐步发展为周期性冲击，检测指标随严重度上升而同步恶化。,0.61,BINSP-02283,InspectionRecord,inspection
BFB-02284,BRG-02284,OR007,outer_race_fault,outer_race,slight,0.7128,结合振动、峭度和温升特征，外圈故障与检测阶段异常高度一致，优先追溯到 BINSP-02284。,异常由微小缺陷逐步发展为周期性冲击，检测指标随严重度上升而同步恶化。,0.5671,BINSP-02284,InspectionRecord,inspection
BFB-02285,BRG-02285,OR014,outer_race_fault,outer_race,medium,0.6934,结合振动、峭度和温升特征，外圈故障与材料阶段异常高度一致，优先追溯到 BMAT-00077。,异常由微小缺陷逐步发展为周期性冲击，检测指标随严重度上升而同步恶化。,0.6714,BMAT-00077,MaterialBatch,material
BFB-02286,BRG-02286,IR014,inner_race_fault,inner_race,medium,0.6644,诊断结果显示轴承出现中等内圈故障，根因更可能来自设计阶段实体 BDES-00474 的风险累积。,早期表现为局部接触应力升高，随后振动冲击增强，最终演化为中等内圈故障。,0.6707,BDES-00474,BearingDesignSpec,design
BFB-02287,BRG-02287,OR014,outer_race_fault,outer_race,medium,0.7236,该样本的生命周期风险在制造阶段较突出，能够解释当前中等外圈故障的主要失效模式。,异常由微小缺陷逐步发展为周期性冲击，检测指标随严重度上升而同步恶化。,0.6146,BMAN-01164,ManufacturingBatch,manufacturing
BFB-02288,BRG-02288,OR014,outer_race_fault,outer_race,medium,0.7455,结合振动、峭度和温升特征，外圈故障与材料阶段异常高度一致，优先追溯到 BMAT-00469。,风险首先在材料阶段形成隐患，运行中持续放大，并通过温度与振动指标表现出来。,0.6771,BMAT-00469,MaterialBatch,material
BFB-02289,BRG-02289,Normal,normal,none,normal,0.8944,该轴承样本生命周期风险较低，未形成明确故障追溯链。,运行状态平稳，检测指标未呈现持续恶化趋势。,0.7839,NORMAL_BASELINE,QualityFeedback,feedback
BFB-02290,BRG-02290,B021,rolling_element_fault,rolling_element,severe,0.6954,该样本的生命周期风险在制造阶段较突出，能够解释当前严重滚动体故障的主要失效模式。,风险首先在制造阶段形成隐患，运行中持续放大，并通过温度与振动指标表现出来。,0.6875,BMAN-00183,ManufacturingBatch,manufacturing
BFB-02291,BRG-02291,IR014,inner_race_fault,inner_race,medium,0.7308,诊断结果显示轴承出现中等内圈故障，根因更可能来自装配阶段实体 BASM-02291 的风险累积。,风险首先在装配阶段形成隐患，运行中持续放大，并通过温度与振动指标表现出来。,0.6929,BASM-02291,AssemblyRecord,assembly
BFB-02292,BRG-02292,OR014,outer_race_fault,outer_race,medium,0.7143,诊断结果显示轴承出现中等外圈故障，根因更可能来自设计阶段实体 BDES-00236 的风险累积。,异常由微小缺陷逐步发展为周期性冲击，检测指标随严重度上升而同步恶化。,0.6933,BDES-00236,BearingDesignSpec,design
BFB-02293,BRG-02293,Normal,normal,none,normal,0.9489,该轴承样本生命周期风险较低，未形成明确故障追溯链。,运行状态平稳，检测指标未呈现持续恶化趋势。,0.782,NORMAL_BASELINE,QualityFeedback,feedback
BFB-02294,BRG-02294,OR014,outer_race_fault,outer_race,medium,0.7013,该样本的生命周期风险在制造阶段较突出，能够解释当前中等外圈故障的主要失效模式。,异常由微小缺陷逐步发展为周期性冲击，检测指标随严重度上升而同步恶化。,0.6935,BMAN-00963,ManufacturingBatch,manufacturing
BFB-02295,BRG-02295,IR021,inner_race_fault,inner_race,severe,0.7517,结合振动、峭度和温升特征，内圈故障与运维阶段异常高度一致，优先追溯到 BOPR-02295。,异常由微小缺陷逐步发展为周期性冲击，检测指标随严重度上升而同步恶化。,0.72,BOPR-02295,MaintenanceRecord,operation
BFB-02296,BRG-02296,Normal,normal,none,normal,0.9409,该轴承样本生命周期风险较低，未形成明确故障追溯链。,运行状态平稳，检测指标未呈现持续恶化趋势。,0.8468,NORMAL_BASELINE,QualityFeedback,feedback
BFB-02297,BRG-02297,OR014,outer_race_fault,outer_race,medium,0.6648,结合振动、峭度和温升特征，外圈故障与装配阶段异常高度一致，优先追溯到 BASM-02297。,异常由微小缺陷逐步发展为周期性冲击，检测指标随严重度上升而同步恶化。,0.7105,BASM-02297,AssemblyRecord,assembly
BFB-02298,BRG-02298,IR014,inner_race_fault,inner_race,medium,0.6818,诊断结果显示轴承出现中等内圈故障，根因更可能来自装配阶段实体 BASM-02298 的风险累积。,早期表现为局部接触应力升高，随后振动冲击增强，最终演化为中等内圈故障。,0.593,BASM-02298,AssemblyRecord,assembly
BFB-02299,BRG-02299,B021,rolling_element_fault,rolling_element,severe,0.7382,该样本的生命周期风险在装配阶段较突出，能够解释当前严重滚动体故障的主要失效模式。,异常由微小缺陷逐步发展为周期性冲击，检测指标随严重度上升而同步恶化。,0.7466,BASM-02299,AssemblyRecord,assembly
BFB-02300,BRG-02300,IR021,inner_race_fault,inner_race,severe,0.68,诊断结果显示轴承出现严重内圈故障，根因更可能来自材料阶段实体 BMAT-00455 的风险累积。,早期表现为局部接触应力升高，随后振动冲击增强，最终演化为严重内圈故障。,0.686,BMAT-00455,MaterialBatch,material
BFB-02301,BRG-02301,Normal,normal,none,normal,0.9254,该轴承样本生命周期风险较低，未形成明确故障追溯链。,运行状态平稳，检测指标未呈现持续恶化趋势。,0.8184,NORMAL_BASELINE,QualityFeedback,feedback
BFB-02302,BRG-02302,Normal,normal,none,normal,0.9555,该轴承样本生命周期风险较低，未形成明确故障追溯链。,运行状态平稳，检测指标未呈现持续恶化趋势。,0.8312,NORMAL_BASELINE,QualityFeedback,feedback
BFB-02303,BRG-02303,IR021,inner_race_fault,inner_race,severe,0.7881,结合振动、峭度和温升特征，内圈故障与装配阶段异常高度一致，优先追溯到 BASM-02303。,异常由微小缺陷逐步发展为周期性冲击，检测指标随严重度上升而同步恶化。,0.7039,BASM-02303,AssemblyRecord,assembly
BFB-02304,BRG-02304,IR021,inner_race_fault,inner_race,severe,0.7192,该样本的生命周期风险在检测阶段较突出，能够解释当前严重内圈故障的主要失效模式。,风险首先在检测阶段形成隐患，运行中持续放大，并通过温度与振动指标表现出来。,0.7171,BINSP-02304,InspectionRecord,inspection
BFB-02305,BRG-02305,OR014,outer_race_fault,outer_race,medium,0.7617,该样本的生命周期风险在装配阶段较突出，能够解释当前中等外圈故障的主要失效模式。,风险首先在装配阶段形成隐患，运行中持续放大，并通过温度与振动指标表现出来。,0.6096,BASM-02305,AssemblyRecord,assembly
BFB-02306,BRG-02306,Normal,normal,none,normal,0.8626,该轴承样本生命周期风险较低，未形成明确故障追溯链。,运行状态平稳，检测指标未呈现持续恶化趋势。,0.8534,NORMAL_BASELINE,QualityFeedback,feedback
BFB-02307,BRG-02307,OR014,outer_race_fault,outer_race,medium,0.7059,结合振动、峭度和温升特征，外圈故障与制造阶段异常高度一致，优先追溯到 BMAN-00516。,早期表现为局部接触应力升高，随后振动冲击增强，最终演化为中等外圈故障。,0.7012,BMAN-00516,ManufacturingBatch,manufacturing
BFB-02308,BRG-02308,B014,rolling_element_fault,rolling_element,medium,0.7088,结合振动、峭度和温升特征，滚动体故障与装配阶段异常高度一致，优先追溯到 BASM-02308。,异常由微小缺陷逐步发展为周期性冲击，检测指标随严重度上升而同步恶化。,0.6291,BASM-02308,AssemblyRecord,assembly
BFB-02309,BRG-02309,IR014,inner_race_fault,inner_race,medium,0.7261,该样本的生命周期风险在制造阶段较突出，能够解释当前中等内圈故障的主要失效模式。,异常由微小缺陷逐步发展为周期性冲击，检测指标随严重度上升而同步恶化。,0.6454,BMAN-00457,ManufacturingBatch,manufacturing
BFB-02310,BRG-02310,B007,rolling_element_fault,rolling_element,slight,0.6816,该样本的生命周期风险在制造阶段较突出，能够解释当前轻微滚动体故障的主要失效模式。,异常由微小缺陷逐步发展为周期性冲击，检测指标随严重度上升而同步恶化。,0.7268,BMAN-00390,ManufacturingBatch,manufacturing
BFB-02311,BRG-02311,B021,rolling_element_fault,rolling_element,severe,0.6924,结合振动、峭度和温升特征，滚动体故障与设计阶段异常高度一致，优先追溯到 BDES-00355。,风险首先在设计阶段形成隐患，运行中持续放大，并通过温度与振动指标表现出来。,0.7453,BDES-00355,BearingDesignSpec,design
BFB-02312,BRG-02312,IR014,inner_race_fault,inner_race,medium,0.6972,结合振动、峭度和温升特征，内圈故障与装配阶段异常高度一致，优先追溯到 BASM-02312。,异常由微小缺陷逐步发展为周期性冲击，检测指标随严重度上升而同步恶化。,0.6206,BASM-02312,AssemblyRecord,assembly
BFB-02313,BRG-02313,OR014,outer_race_fault,outer_race,medium,0.7421,结合振动、峭度和温升特征，外圈故障与制造阶段异常高度一致，优先追溯到 BMAN-00110。,异常由微小缺陷逐步发展为周期性冲击，检测指标随严重度上升而同步恶化。,0.6529,BMAN-00110,ManufacturingBatch,manufacturing
BFB-02314,BRG-02314,Normal,normal,none,normal,0.9033,该轴承样本生命周期风险较低，未形成明确故障追溯链。,运行状态平稳，检测指标未呈现持续恶化趋势。,0.8,NORMAL_BASELINE,QualityFeedback,feedback
BFB-02315,BRG-02315,IR014,inner_race_fault,inner_race,medium,0.7102,该样本的生命周期风险在制造阶段较突出，能够解释当前中等内圈故障的主要失效模式。,早期表现为局部接触应力升高，随后振动冲击增强，最终演化为中等内圈故障。,0.6405,BMAN-00995,ManufacturingBatch,manufacturing
BFB-02316,BRG-02316,Normal,normal,none,normal,0.8769,该轴承样本生命周期风险较低，未形成明确故障追溯链。,运行状态平稳，检测指标未呈现持续恶化趋势。,0.8054,NORMAL_BASELINE,QualityFeedback,feedback
BFB-02317,BRG-02317,B014,rolling_element_fault,rolling_element,medium,0.7763,诊断结果显示轴承出现中等滚动体故障，根因更可能来自设计阶段实体 BDES-00183 的风险累积。,风险首先在设计阶段形成隐患，运行中持续放大，并通过温度与振动指标表现出来。,0.63,BDES-00183,BearingDesignSpec,design
BFB-02318,BRG-02318,B021,rolling_element_fault,rolling_element,severe,0.7361,该样本的生命周期风险在材料阶段较突出，能够解释当前严重滚动体故障的主要失效模式。,异常由微小缺陷逐步发展为周期性冲击，检测指标随严重度上升而同步恶化。,0.6979,BMAT-00025,MaterialBatch,material
BFB-02319,BRG-02319,OR014,outer_race_fault,outer_race,medium,0.7088,结合振动、峭度和温升特征，外圈故障与装配阶段异常高度一致，优先追溯到 BASM-02319。,早期表现为局部接触应力升高，随后振动冲击增强，最终演化为中等外圈故障。,0.7689,BASM-02319,AssemblyRecord,assembly
BFB-02320,BRG-02320,IR014,inner_race_fault,inner_race,medium,0.754,诊断结果显示轴承出现中等内圈故障，根因更可能来自材料阶段实体 BMAT-00145 的风险累积。,早期表现为局部接触应力升高，随后振动冲击增强，最终演化为中等内圈故障。,0.6395,BMAT-00145,MaterialBatch,material
BFB-02321,BRG-02321,IR021,inner_race_fault,inner_race,severe,0.7893,结合振动、峭度和温升特征，内圈故障与检测阶段异常高度一致，优先追溯到 BINSP-02321。,早期表现为局部接触应力升高，随后振动冲击增强，最终演化为严重内圈故障。,0.6913,BINSP-02321,InspectionRecord,inspection
BFB-02322,BRG-02322,IR021,inner_race_fault,inner_race,severe,0.6824,结合振动、峭度和温升特征，内圈故障与制造阶段异常高度一致，优先追溯到 BMAN-00840。,风险首先在制造阶段形成隐患，运行中持续放大，并通过温度与振动指标表现出来。,0.7005,BMAN-00840,ManufacturingBatch,manufacturing
BFB-02323,BRG-02323,Normal,normal,none,normal,0.8652,该轴承样本生命周期风险较低，未形成明确故障追溯链。,运行状态平稳，检测指标未呈现持续恶化趋势。,0.8991,NORMAL_BASELINE,QualityFeedback,feedback
BFB-02324,BRG-02324,B007,rolling_element_fault,rolling_element,slight,0.661,该样本的生命周期风险在材料阶段较突出，能够解释当前轻微滚动体故障的主要失效模式。,风险首先在材料阶段形成隐患，运行中持续放大，并通过温度与振动指标表现出来。,0.6572,BMAT-00244,MaterialBatch,material
BFB-02325,BRG-02325,OR007,outer_race_fault,outer_race,slight,0.7592,诊断结果显示轴承出现轻微外圈故障，根因更可能来自制造阶段实体 BMAN-00793 的风险累积。,异常由微小缺陷逐步发展为周期性冲击，检测指标随严重度上升而同步恶化。,0.7226,BMAN-00793,ManufacturingBatch,manufacturing
BFB-02326,BRG-02326,OR021,outer_race_fault,outer_race,severe,0.7419,该样本的生命周期风险在制造阶段较突出，能够解释当前严重外圈故障的主要失效模式。,早期表现为局部接触应力升高，随后振动冲击增强，最终演化为严重外圈故障。,0.727,BMAN-00281,ManufacturingBatch,manufacturing
BFB-02327,BRG-02327,OR007,outer_race_fault,outer_race,slight,0.7098,诊断结果显示轴承出现轻微外圈故障，根因更可能来自材料阶段实体 BMAT-00055 的风险累积。,风险首先在材料阶段形成隐患，运行中持续放大，并通过温度与振动指标表现出来。,0.6347,BMAT-00055,MaterialBatch,material
BFB-02328,BRG-02328,Normal,normal,none,normal,0.9077,该轴承样本生命周期风险较低，未形成明确故障追溯链。,运行状态平稳，检测指标未呈现持续恶化趋势。,0.797,NORMAL_BASELINE,QualityFeedback,feedback
BFB-02329,BRG-02329,OR021,outer_race_fault,outer_race,severe,0.6886,该样本的生命周期风险在装配阶段较突出，能够解释当前严重外圈故障的主要失效模式。,异常由微小缺陷逐步发展为周期性冲击，检测指标随严重度上升而同步恶化。,0.6868,BASM-02329,AssemblyRecord,assembly
BFB-02330,BRG-02330,OR021,outer_race_fault,outer_race,severe,0.6816,结合振动、峭度和温升特征，外圈故障与制造阶段异常高度一致，优先追溯到 BMAN-00029。,异常由微小缺陷逐步发展为周期性冲击，检测指标随严重度上升而同步恶化。,0.7101,BMAN-00029,ManufacturingBatch,manufacturing
BFB-02331,BRG-02331,IR014,inner_race_fault,inner_race,medium,0.7318,诊断结果显示轴承出现中等内圈故障，根因更可能来自检测阶段实体 BINSP-02331 的风险累积。,早期表现为局部接触应力升高，随后振动冲击增强，最终演化为中等内圈故障。,0.7377,BINSP-02331,InspectionRecord,inspection
BFB-02332,BRG-02332,OR007,outer_race_fault,outer_race,slight,0.7373,结合振动、峭度和温升特征，外圈故障与装配阶段异常高度一致，优先追溯到 BASM-02332。,风险首先在装配阶段形成隐患，运行中持续放大，并通过温度与振动指标表现出来。,0.6791,BASM-02332,AssemblyRecord,assembly
BFB-02333,BRG-02333,Normal,normal,none,normal,0.8681,该轴承样本生命周期风险较低，未形成明确故障追溯链。,运行状态平稳，检测指标未呈现持续恶化趋势。,0.8041,NORMAL_BASELINE,QualityFeedback,feedback
BFB-02334,BRG-02334,OR014,outer_race_fault,outer_race,medium,0.7661,诊断结果显示轴承出现中等外圈故障，根因更可能来自装配阶段实体 BASM-02334 的风险累积。,风险首先在装配阶段形成隐患，运行中持续放大，并通过温度与振动指标表现出来。,0.6357,BASM-02334,AssemblyRecord,assembly
BFB-02335,BRG-02335,OR014,outer_race_fault,outer_race,medium,0.7105,结合振动、峭度和温升特征，外圈故障与制造阶段异常高度一致，优先追溯到 BMAN-01167。,风险首先在制造阶段形成隐患，运行中持续放大，并通过温度与振动指标表现出来。,0.6624,BMAN-01167,ManufacturingBatch,manufacturing
BFB-02336,BRG-02336,OR021,outer_race_fault,outer_race,severe,0.6606,该样本的生命周期风险在设计阶段较突出，能够解释当前严重外圈故障的主要失效模式。,风险首先在设计阶段形成隐患，运行中持续放大，并通过温度与振动指标表现出来。,0.6123,BDES-00274,BearingDesignSpec,design
BFB-02337,BRG-02337,Normal,normal,none,normal,0.9509,该轴承样本生命周期风险较低，未形成明确故障追溯链。,运行状态平稳，检测指标未呈现持续恶化趋势。,0.8871,NORMAL_BASELINE,QualityFeedback,feedback
BFB-02338,BRG-02338,B021,rolling_element_fault,rolling_element,severe,0.7967,结合振动、峭度和温升特征，滚动体故障与检测阶段异常高度一致，优先追溯到 BINSP-02338。,早期表现为局部接触应力升高，随后振动冲击增强，最终演化为严重滚动体故障。,0.6362,BINSP-02338,InspectionRecord,inspection
BFB-02339,BRG-02339,OR021,outer_race_fault,outer_race,severe,0.7803,诊断结果显示轴承出现严重外圈故障，根因更可能来自制造阶段实体 BMAN-00072 的风险累积。,异常由微小缺陷逐步发展为周期性冲击，检测指标随严重度上升而同步恶化。,0.6433,BMAN-00072,ManufacturingBatch,manufacturing
BFB-02340,BRG-02340,OR014,outer_race_fault,outer_race,medium,0.7109,该样本的生命周期风险在设计阶段较突出，能够解释当前中等外圈故障的主要失效模式。,早期表现为局部接触应力升高，随后振动冲击增强，最终演化为中等外圈故障。,0.7061,BDES-00347,BearingDesignSpec,design
BFB-02341,BRG-02341,B014,rolling_element_fault,rolling_element,medium,0.6614,结合振动、峭度和温升特征，滚动体故障与检测阶段异常高度一致，优先追溯到 BINSP-02341。,风险首先在检测阶段形成隐患，运行中持续放大，并通过温度与振动指标表现出来。,0.7001,BINSP-02341,InspectionRecord,inspection
BFB-02342,BRG-02342,OR021,outer_race_fault,outer_race,severe,0.7503,该样本的生命周期风险在材料阶段较突出，能够解释当前严重外圈故障的主要失效模式。,异常由微小缺陷逐步发展为周期性冲击，检测指标随严重度上升而同步恶化。,0.6465,BMAT-00334,MaterialBatch,material
BFB-02343,BRG-02343,OR014,outer_race_fault,outer_race,medium,0.6734,诊断结果显示轴承出现中等外圈故障，根因更可能来自制造阶段实体 BMAN-00339 的风险累积。,异常由微小缺陷逐步发展为周期性冲击，检测指标随严重度上升而同步恶化。,0.587,BMAN-00339,ManufacturingBatch,manufacturing
BFB-02344,BRG-02344,IR014,inner_race_fault,inner_race,medium,0.7848,诊断结果显示轴承出现中等内圈故障，根因更可能来自设计阶段实体 BDES-00608 的风险累积。,异常由微小缺陷逐步发展为周期性冲击，检测指标随严重度上升而同步恶化。,0.8032,BDES-00608,BearingDesignSpec,design
BFB-02345,BRG-02345,IR014,inner_race_fault,inner_race,medium,0.732,结合振动、峭度和温升特征，内圈故障与材料阶段异常高度一致，优先追溯到 BMAT-00098。,早期表现为局部接触应力升高，随后振动冲击增强，最终演化为中等内圈故障。,0.7102,BMAT-00098,MaterialBatch,material
BFB-02346,BRG-02346,OR021,outer_race_fault,outer_race,severe,0.7228,该样本的生命周期风险在装配阶段较突出，能够解释当前严重外圈故障的主要失效模式。,早期表现为局部接触应力升高，随后振动冲击增强，最终演化为严重外圈故障。,0.6787,BASM-02346,AssemblyRecord,assembly
BFB-02347,BRG-02347,IR021,inner_race_fault,inner_race,severe,0.7798,结合振动、峭度和温升特征，内圈故障与装配阶段异常高度一致，优先追溯到 BASM-02347。,早期表现为局部接触应力升高，随后振动冲击增强，最终演化为严重内圈故障。,0.7517,BASM-02347,AssemblyRecord,assembly
BFB-02348,BRG-02348,OR014,outer_race_fault,outer_race,medium,0.7033,结合振动、峭度和温升特征，外圈故障与检测阶段异常高度一致，优先追溯到 BINSP-02348。,异常由微小缺陷逐步发展为周期性冲击，检测指标随严重度上升而同步恶化。,0.6198,BINSP-02348,InspectionRecord,inspection
BFB-02349,BRG-02349,Normal,normal,none,normal,0.9426,该轴承样本生命周期风险较低，未形成明确故障追溯链。,运行状态平稳，检测指标未呈现持续恶化趋势。,0.8614,NORMAL_BASELINE,QualityFeedback,feedback
BFB-02350,BRG-02350,B007,rolling_element_fault,rolling_element,slight,0.7623,诊断结果显示轴承出现轻微滚动体故障，根因更可能来自制造阶段实体 BMAN-00586 的风险累积。,异常由微小缺陷逐步发展为周期性冲击，检测指标随严重度上升而同步恶化。,0.5803,BMAN-00586,ManufacturingBatch,manufacturing
BFB-02351,BRG-02351,OR007,outer_race_fault,outer_race,slight,0.6662,结合振动、峭度和温升特征，外圈故障与装配阶段异常高度一致，优先追溯到 BASM-02351。,风险首先在装配阶段形成隐患，运行中持续放大，并通过温度与振动指标表现出来。,0.6634,BASM-02351,AssemblyRecord,assembly
BFB-02352,BRG-02352,IR007,inner_race_fault,inner_race,slight,0.6636,该样本的生命周期风险在制造阶段较突出，能够解释当前轻微内圈故障的主要失效模式。,异常由微小缺陷逐步发展为周期性冲击，检测指标随严重度上升而同步恶化。,0.7218,BMAN-00482,ManufacturingBatch,manufacturing
BFB-02353,BRG-02353,OR007,outer_race_fault,outer_race,slight,0.7186,诊断结果显示轴承出现轻微外圈故障，根因更可能来自制造阶段实体 BMAN-00982 的风险累积。,早期表现为局部接触应力升高，随后振动冲击增强，最终演化为轻微外圈故障。,0.7463,BMAN-00982,ManufacturingBatch,manufacturing
BFB-02354,BRG-02354,B007,rolling_element_fault,rolling_element,slight,0.671,结合振动、峭度和温升特征，滚动体故障与装配阶段异常高度一致，优先追溯到 BASM-02354。,异常由微小缺陷逐步发展为周期性冲击，检测指标随严重度上升而同步恶化。,0.5971,BASM-02354,AssemblyRecord,assembly
BFB-02355,BRG-02355,IR014,inner_race_fault,inner_race,medium,0.6648,诊断结果显示轴承出现中等内圈故障，根因更可能来自运维阶段实体 BOPR-02355 的风险累积。,异常由微小缺陷逐步发展为周期性冲击，检测指标随严重度上升而同步恶化。,0.7643,BOPR-02355,MaintenanceRecord,operation
BFB-02356,BRG-02356,IR014,inner_race_fault,inner_race,medium,0.7216,结合振动、峭度和温升特征，内圈故障与材料阶段异常高度一致，优先追溯到 BMAT-00184。,早期表现为局部接触应力升高，随后振动冲击增强，最终演化为中等内圈故障。,0.5966,BMAT-00184,MaterialBatch,material
BFB-02357,BRG-02357,OR014,outer_race_fault,outer_race,medium,0.6599,该样本的生命周期风险在装配阶段较突出，能够解释当前中等外圈故障的主要失效模式。,异常由微小缺陷逐步发展为周期性冲击，检测指标随严重度上升而同步恶化。,0.6251,BASM-02357,AssemblyRecord,assembly
BFB-02358,BRG-02358,OR007,outer_race_fault,outer_race,slight,0.6192,诊断结果显示轴承出现轻微外圈故障，根因更可能来自制造阶段实体 BMAN-01170 的风险累积。,风险首先在制造阶段形成隐患，运行中持续放大，并通过温度与振动指标表现出来。,0.6759,BMAN-01170,ManufacturingBatch,manufacturing
BFB-02359,BRG-02359,Normal,normal,none,normal,0.9086,该轴承样本生命周期风险较低，未形成明确故障追溯链。,运行状态平稳，检测指标未呈现持续恶化趋势。,0.8906,NORMAL_BASELINE,QualityFeedback,feedback
BFB-02360,BRG-02360,OR007,outer_race_fault,outer_race,slight,0.6426,诊断结果显示轴承出现轻微外圈故障，根因更可能来自装配阶段实体 BASM-02360 的风险累积。,早期表现为局部接触应力升高，随后振动冲击增强，最终演化为轻微外圈故障。,0.6704,BASM-02360,AssemblyRecord,assembly
BFB-02361,BRG-02361,B014,rolling_element_fault,rolling_element,medium,0.7015,结合振动、峭度和温升特征，滚动体故障与装配阶段异常高度一致，优先追溯到 BASM-02361。,风险首先在装配阶段形成隐患，运行中持续放大，并通过温度与振动指标表现出来。,0.7084,BASM-02361,AssemblyRecord,assembly
BFB-02362,BRG-02362,OR014,outer_race_fault,outer_race,medium,0.6378,结合振动、峭度和温升特征，外圈故障与制造阶段异常高度一致，优先追溯到 BMAN-00111。,早期表现为局部接触应力升高，随后振动冲击增强，最终演化为中等外圈故障。,0.7297,BMAN-00111,ManufacturingBatch,manufacturing
BFB-02363,BRG-02363,OR014,outer_race_fault,outer_race,medium,0.6764,结合振动、峭度和温升特征，外圈故障与检测阶段异常高度一致，优先追溯到 BINSP-02363。,风险首先在检测阶段形成隐患，运行中持续放大，并通过温度与振动指标表现出来。,0.6846,BINSP-02363,InspectionRecord,inspection
BFB-02364,BRG-02364,IR014,inner_race_fault,inner_race,medium,0.6364,诊断结果显示轴承出现中等内圈故障，根因更可能来自装配阶段实体 BASM-02364 的风险累积。,风险首先在装配阶段形成隐患，运行中持续放大，并通过温度与振动指标表现出来。,0.6326,BASM-02364,AssemblyRecord,assembly
BFB-02365,BRG-02365,IR014,inner_race_fault,inner_race,medium,0.693,结合振动、峭度和温升特征，内圈故障与装配阶段异常高度一致，优先追溯到 BASM-02365。,异常由微小缺陷逐步发展为周期性冲击，检测指标随严重度上升而同步恶化。,0.7292,BASM-02365,AssemblyRecord,assembly
BFB-02366,BRG-02366,B007,rolling_element_fault,rolling_element,slight,0.6717,诊断结果显示轴承出现轻微滚动体故障，根因更可能来自设计阶段实体 BDES-00750 的风险累积。,早期表现为局部接触应力升高，随后振动冲击增强，最终演化为轻微滚动体故障。,0.6122,BDES-00750,BearingDesignSpec,design
BFB-02367,BRG-02367,OR014,outer_race_fault,outer_race,medium,0.7094,该样本的生命周期风险在设计阶段较突出，能够解释当前中等外圈故障的主要失效模式。,异常由微小缺陷逐步发展为周期性冲击，检测指标随严重度上升而同步恶化。,0.7139,BDES-00342,BearingDesignSpec,design
BFB-02368,BRG-02368,IR014,inner_race_fault,inner_race,medium,0.7041,诊断结果显示轴承出现中等内圈故障，根因更可能来自制造阶段实体 BMAN-00196 的风险累积。,异常由微小缺陷逐步发展为周期性冲击，检测指标随严重度上升而同步恶化。,0.7251,BMAN-00196,ManufacturingBatch,manufacturing
BFB-02369,BRG-02369,OR021,outer_race_fault,outer_race,severe,0.7555,结合振动、峭度和温升特征，外圈故障与装配阶段异常高度一致，优先追溯到 BASM-02369。,早期表现为局部接触应力升高，随后振动冲击增强，最终演化为严重外圈故障。,0.7051,BASM-02369,AssemblyRecord,assembly
BFB-02370,BRG-02370,OR007,outer_race_fault,outer_race,slight,0.6465,诊断结果显示轴承出现轻微外圈故障，根因更可能来自制造阶段实体 BMAN-00482 的风险累积。,异常由微小缺陷逐步发展为周期性冲击，检测指标随严重度上升而同步恶化。,0.6801,BMAN-00482,ManufacturingBatch,manufacturing
BFB-02371,BRG-02371,IR021,inner_race_fault,inner_race,severe,0.7579,结合振动、峭度和温升特征，内圈故障与装配阶段异常高度一致，优先追溯到 BASM-02371。,早期表现为局部接触应力升高，随后振动冲击增强，最终演化为严重内圈故障。,0.7144,BASM-02371,AssemblyRecord,assembly
BFB-02372,BRG-02372,IR007,inner_race_fault,inner_race,slight,0.6074,结合振动、峭度和温升特征，内圈故障与制造阶段异常高度一致，优先追溯到 BMAN-00028。,早期表现为局部接触应力升高，随后振动冲击增强，最终演化为轻微内圈故障。,0.7255,BMAN-00028,ManufacturingBatch,manufacturing
BFB-02373,BRG-02373,IR007,inner_race_fault,inner_race,slight,0.7015,诊断结果显示轴承出现轻微内圈故障，根因更可能来自设计阶段实体 BDES-00031 的风险累积。,早期表现为局部接触应力升高，随后振动冲击增强，最终演化为轻微内圈故障。,0.7844,BDES-00031,BearingDesignSpec,design
BFB-02374,BRG-02374,IR021,inner_race_fault,inner_race,severe,0.7934,结合振动、峭度和温升特征，内圈故障与装配阶段异常高度一致，优先追溯到 BASM-02374。,异常由微小缺陷逐步发展为周期性冲击，检测指标随严重度上升而同步恶化。,0.7819,BASM-02374,AssemblyRecord,assembly
BFB-02375,BRG-02375,B014,rolling_element_fault,rolling_element,medium,0.6657,诊断结果显示轴承出现中等滚动体故障，根因更可能来自材料阶段实体 BMAT-00238 的风险累积。,早期表现为局部接触应力升高，随后振动冲击增强，最终演化为中等滚动体故障。,0.6232,BMAT-00238,MaterialBatch,material
BFB-02376,BRG-02376,IR014,inner_race_fault,inner_race,medium,0.6801,诊断结果显示轴承出现中等内圈故障，根因更可能来自装配阶段实体 BASM-02376 的风险累积。,早期表现为局部接触应力升高，随后振动冲击增强，最终演化为中等内圈故障。,0.6892,BASM-02376,AssemblyRecord,assembly
BFB-02377,BRG-02377,IR014,inner_race_fault,inner_race,medium,0.7214,该样本的生命周期风险在制造阶段较突出，能够解释当前中等内圈故障的主要失效模式。,早期表现为局部接触应力升高，随后振动冲击增强，最终演化为中等内圈故障。,0.6719,BMAN-00706,ManufacturingBatch,manufacturing
BFB-02378,BRG-02378,OR007,outer_race_fault,outer_race,slight,0.7136,结合振动、峭度和温升特征，外圈故障与材料阶段异常高度一致，优先追溯到 BMAT-00007。,风险首先在材料阶段形成隐患，运行中持续放大，并通过温度与振动指标表现出来。,0.6853,BMAT-00007,MaterialBatch,material
BFB-02379,BRG-02379,OR007,outer_race_fault,outer_race,slight,0.7313,诊断结果显示轴承出现轻微外圈故障，根因更可能来自装配阶段实体 BASM-02379 的风险累积。,风险首先在装配阶段形成隐患，运行中持续放大，并通过温度与振动指标表现出来。,0.6921,BASM-02379,AssemblyRecord,assembly
BFB-02380,BRG-02380,IR021,inner_race_fault,inner_race,severe,0.7555,该样本的生命周期风险在制造阶段较突出，能够解释当前严重内圈故障的主要失效模式。,异常由微小缺陷逐步发展为周期性冲击，检测指标随严重度上升而同步恶化。,0.7111,BMAN-00633,ManufacturingBatch,manufacturing
BFB-02381,BRG-02381,OR021,outer_race_fault,outer_race,severe,0.7952,结合振动、峭度和温升特征，外圈故障与装配阶段异常高度一致，优先追溯到 BASM-02381。,异常由微小缺陷逐步发展为周期性冲击，检测指标随严重度上升而同步恶化。,0.7063,BASM-02381,AssemblyRecord,assembly
BFB-02382,BRG-02382,OR021,outer_race_fault,outer_race,severe,0.7865,诊断结果显示轴承出现严重外圈故障，根因更可能来自运维阶段实体 BOPR-02382 的风险累积。,早期表现为局部接触应力升高，随后振动冲击增强，最终演化为严重外圈故障。,0.7226,BOPR-02382,MaintenanceRecord,operation
BFB-02383,BRG-02383,IR014,inner_race_fault,inner_race,medium,0.7613,结合振动、峭度和温升特征，内圈故障与制造阶段异常高度一致，优先追溯到 BMAN-00531。,异常由微小缺陷逐步发展为周期性冲击，检测指标随严重度上升而同步恶化。,0.7341,BMAN-00531,ManufacturingBatch,manufacturing
BFB-02384,BRG-02384,IR014,inner_race_fault,inner_race,medium,0.6691,该样本的生命周期风险在制造阶段较突出，能够解释当前中等内圈故障的主要失效模式。,风险首先在制造阶段形成隐患，运行中持续放大，并通过温度与振动指标表现出来。,0.6176,BMAN-01106,ManufacturingBatch,manufacturing
BFB-02385,BRG-02385,OR014,outer_race_fault,outer_race,medium,0.7307,诊断结果显示轴承出现中等外圈故障，根因更可能来自制造阶段实体 BMAN-00312 的风险累积。,早期表现为局部接触应力升高，随后振动冲击增强，最终演化为中等外圈故障。,0.6713,BMAN-00312,ManufacturingBatch,manufacturing
BFB-02386,BRG-02386,IR021,inner_race_fault,inner_race,severe,0.7309,该样本的生命周期风险在装配阶段较突出，能够解释当前严重内圈故障的主要失效模式。,异常由微小缺陷逐步发展为周期性冲击，检测指标随严重度上升而同步恶化。,0.6665,BASM-02386,AssemblyRecord,assembly
BFB-02387,BRG-02387,IR021,inner_race_fault,inner_race,severe,0.7321,该样本的生命周期风险在制造阶段较突出，能够解释当前严重内圈故障的主要失效模式。,异常由微小缺陷逐步发展为周期性冲击，检测指标随严重度上升而同步恶化。,0.6035,BMAN-01182,ManufacturingBatch,manufacturing
BFB-02388,BRG-02388,OR014,outer_race_fault,outer_race,medium,0.7315,诊断结果显示轴承出现中等外圈故障，根因更可能来自制造阶段实体 BMAN-00687 的风险累积。,风险首先在制造阶段形成隐患，运行中持续放大，并通过温度与振动指标表现出来。,0.7384,BMAN-00687,ManufacturingBatch,manufacturing
BFB-02389,BRG-02389,IR007,inner_race_fault,inner_race,slight,0.7158,该样本的生命周期风险在制造阶段较突出，能够解释当前轻微内圈故障的主要失效模式。,风险首先在制造阶段形成隐患，运行中持续放大，并通过温度与振动指标表现出来。,0.6419,BMAN-00970,ManufacturingBatch,manufacturing
BFB-02390,BRG-02390,B014,rolling_element_fault,rolling_element,medium,0.7108,该样本的生命周期风险在设计阶段较突出，能够解释当前中等滚动体故障的主要失效模式。,风险首先在设计阶段形成隐患，运行中持续放大，并通过温度与振动指标表现出来。,0.6604,BDES-00739,BearingDesignSpec,design
BFB-02391,BRG-02391,B007,rolling_element_fault,rolling_element,slight,0.6648,结合振动、峭度和温升特征，滚动体故障与材料阶段异常高度一致，优先追溯到 BMAT-00167。,风险首先在材料阶段形成隐患，运行中持续放大，并通过温度与振动指标表现出来。,0.6697,BMAT-00167,MaterialBatch,material
BFB-02392,BRG-02392,Normal,normal,none,normal,0.8933,该轴承样本生命周期风险较低，未形成明确故障追溯链。,运行状态平稳，检测指标未呈现持续恶化趋势。,0.8701,NORMAL_BASELINE,QualityFeedback,feedback
BFB-02393,BRG-02393,IR014,inner_race_fault,inner_race,medium,0.7618,结合振动、峭度和温升特征，内圈故障与材料阶段异常高度一致，优先追溯到 BMAT-00274。,风险首先在材料阶段形成隐患，运行中持续放大，并通过温度与振动指标表现出来。,0.751,BMAT-00274,MaterialBatch,material
BFB-02394,BRG-02394,Normal,normal,none,normal,0.9528,该轴承样本生命周期风险较低，未形成明确故障追溯链。,运行状态平稳，检测指标未呈现持续恶化趋势。,0.8559,NORMAL_BASELINE,QualityFeedback,feedback
BFB-02395,BRG-02395,OR014,outer_race_fault,outer_race,medium,0.719,结合振动、峭度和温升特征，外圈故障与设计阶段异常高度一致，优先追溯到 BDES-00334。,早期表现为局部接触应力升高，随后振动冲击增强，最终演化为中等外圈故障。,0.6467,BDES-00334,BearingDesignSpec,design
BFB-02396,BRG-02396,B014,rolling_element_fault,rolling_element,medium,0.6154,结合振动、峭度和温升特征，滚动体故障与材料阶段异常高度一致，优先追溯到 BMAT-00292。,早期表现为局部接触应力升高，随后振动冲击增强，最终演化为中等滚动体故障。,0.6702,BMAT-00292,MaterialBatch,material
BFB-02397,BRG-02397,OR014,outer_race_fault,outer_race,medium,0.6094,诊断结果显示轴承出现中等外圈故障，根因更可能来自设计阶段实体 BDES-00120 的风险累积。,早期表现为局部接触应力升高，随后振动冲击增强，最终演化为中等外圈故障。,0.5926,BDES-00120,BearingDesignSpec,design
BFB-02398,BRG-02398,IR014,inner_race_fault,inner_race,medium,0.7458,该样本的生命周期风险在装配阶段较突出，能够解释当前中等内圈故障的主要失效模式。,异常由微小缺陷逐步发展为周期性冲击，检测指标随严重度上升而同步恶化。,0.6321,BASM-02398,AssemblyRecord,assembly
BFB-02399,BRG-02399,B021,rolling_element_fault,rolling_element,severe,0.6908,该样本的生命周期风险在装配阶段较突出，能够解释当前严重滚动体故障的主要失效模式。,风险首先在装配阶段形成隐患，运行中持续放大，并通过温度与振动指标表现出来。,0.7195,BASM-02399,AssemblyRecord,assembly
BFB-02400,BRG-02400,B014,rolling_element_fault,rolling_element,medium,0.7012,结合振动、峭度和温升特征，滚动体故障与制造阶段异常高度一致，优先追溯到 BMAN-00054。,风险首先在制造阶段形成隐患，运行中持续放大，并通过温度与振动指标表现出来。,0.7256,BMAN-00054,ManufacturingBatch,manufacturing
BFB-02401,BRG-02401,OR021,outer_race_fault,outer_race,severe,0.6949,诊断结果显示轴承出现严重外圈故障，根因更可能来自制造阶段实体 BMAN-00411 的风险累积。,风险首先在制造阶段形成隐患，运行中持续放大，并通过温度与振动指标表现出来。,0.648,BMAN-00411,ManufacturingBatch,manufacturing
BFB-02402,BRG-02402,OR007,outer_race_fault,outer_race,slight,0.7702,结合振动、峭度和温升特征，外圈故障与装配阶段异常高度一致，优先追溯到 BASM-02402。,异常由微小缺陷逐步发展为周期性冲击，检测指标随严重度上升而同步恶化。,0.6127,BASM-02402,AssemblyRecord,assembly
BFB-02403,BRG-02403,B014,rolling_element_fault,rolling_element,medium,0.7221,该样本的生命周期风险在制造阶段较突出，能够解释当前中等滚动体故障的主要失效模式。,风险首先在制造阶段形成隐患，运行中持续放大，并通过温度与振动指标表现出来。,0.66,BMAN-00072,ManufacturingBatch,manufacturing
BFB-02404,BRG-02404,OR007,outer_race_fault,outer_race,slight,0.7557,结合振动、峭度和温升特征，外圈故障与装配阶段异常高度一致，优先追溯到 BASM-02404。,早期表现为局部接触应力升高，随后振动冲击增强，最终演化为轻微外圈故障。,0.6832,BASM-02404,AssemblyRecord,assembly
BFB-02405,BRG-02405,IR007,inner_race_fault,inner_race,slight,0.6213,诊断结果显示轴承出现轻微内圈故障，根因更可能来自装配阶段实体 BASM-02405 的风险累积。,异常由微小缺陷逐步发展为周期性冲击，检测指标随严重度上升而同步恶化。,0.7323,BASM-02405,AssemblyRecord,assembly
BFB-02406,BRG-02406,OR007,outer_race_fault,outer_race,slight,0.6569,诊断结果显示轴承出现轻微外圈故障，根因更可能来自设计阶段实体 BDES-00472 的风险累积。,风险首先在设计阶段形成隐患，运行中持续放大，并通过温度与振动指标表现出来。,0.654,BDES-00472,BearingDesignSpec,design
BFB-02407,BRG-02407,IR007,inner_race_fault,inner_race,slight,0.6638,该样本的生命周期风险在装配阶段较突出，能够解释当前轻微内圈故障的主要失效模式。,风险首先在装配阶段形成隐患，运行中持续放大，并通过温度与振动指标表现出来。,0.6335,BASM-02407,AssemblyRecord,assembly
BFB-02408,BRG-02408,B014,rolling_element_fault,rolling_element,medium,0.7366,结合振动、峭度和温升特征，滚动体故障与设计阶段异常高度一致，优先追溯到 BDES-00283。,异常由微小缺陷逐步发展为周期性冲击，检测指标随严重度上升而同步恶化。,0.6238,BDES-00283,BearingDesignSpec,design
BFB-02409,BRG-02409,OR007,outer_race_fault,outer_race,slight,0.6778,诊断结果显示轴承出现轻微外圈故障，根因更可能来自运维阶段实体 BOPR-02409 的风险累积。,早期表现为局部接触应力升高，随后振动冲击增强，最终演化为轻微外圈故障。,0.728,BOPR-02409,MaintenanceRecord,operation
BFB-02410,BRG-02410,B007,rolling_element_fault,rolling_element,slight,0.6676,该样本的生命周期风险在制造阶段较突出，能够解释当前轻微滚动体故障的主要失效模式。,早期表现为局部接触应力升高，随后振动冲击增强，最终演化为轻微滚动体故障。,0.5841,BMAN-00467,ManufacturingBatch,manufacturing
BFB-02411,BRG-02411,IR014,inner_race_fault,inner_race,medium,0.6647,该样本的生命周期风险在制造阶段较突出，能够解释当前中等内圈故障的主要失效模式。,风险首先在制造阶段形成隐患，运行中持续放大，并通过温度与振动指标表现出来。,0.679,BMAN-00633,ManufacturingBatch,manufacturing
BFB-02412,BRG-02412,OR014,outer_race_fault,outer_race,medium,0.6691,结合振动、峭度和温升特征，外圈故障与装配阶段异常高度一致，优先追溯到 BASM-02412。,风险首先在装配阶段形成隐患，运行中持续放大，并通过温度与振动指标表现出来。,0.6588,BASM-02412,AssemblyRecord,assembly
BFB-02413,BRG-02413,IR014,inner_race_fault,inner_race,medium,0.7377,诊断结果显示轴承出现中等内圈故障，根因更可能来自材料阶段实体 BMAT-00019 的风险累积。,早期表现为局部接触应力升高，随后振动冲击增强，最终演化为中等内圈故障。,0.6454,BMAT-00019,MaterialBatch,material
BFB-02414,BRG-02414,OR007,outer_race_fault,outer_race,slight,0.6556,结合振动、峭度和温升特征，外圈故障与装配阶段异常高度一致，优先追溯到 BASM-02414。,风险首先在装配阶段形成隐患，运行中持续放大，并通过温度与振动指标表现出来。,0.615,BASM-02414,AssemblyRecord,assembly
BFB-02415,BRG-02415,OR021,outer_race_fault,outer_race,severe,0.7629,该样本的生命周期风险在制造阶段较突出，能够解释当前严重外圈故障的主要失效模式。,风险首先在制造阶段形成隐患，运行中持续放大，并通过温度与振动指标表现出来。,0.7233,BMAN-00086,ManufacturingBatch,manufacturing
BFB-02416,BRG-02416,OR021,outer_race_fault,outer_race,severe,0.7206,诊断结果显示轴承出现严重外圈故障，根因更可能来自装配阶段实体 BASM-02416 的风险累积。,异常由微小缺陷逐步发展为周期性冲击，检测指标随严重度上升而同步恶化。,0.7932,BASM-02416,AssemblyRecord,assembly
BFB-02417,BRG-02417,IR007,inner_race_fault,inner_race,slight,0.6233,诊断结果显示轴承出现轻微内圈故障，根因更可能来自制造阶段实体 BMAN-00999 的风险累积。,异常由微小缺陷逐步发展为周期性冲击，检测指标随严重度上升而同步恶化。,0.7486,BMAN-00999,ManufacturingBatch,manufacturing
BFB-02418,BRG-02418,OR014,outer_race_fault,outer_race,medium,0.7124,结合振动、峭度和温升特征，外圈故障与装配阶段异常高度一致，优先追溯到 BASM-02418。,早期表现为局部接触应力升高，随后振动冲击增强，最终演化为中等外圈故障。,0.6668,BASM-02418,AssemblyRecord,assembly
BFB-02419,BRG-02419,OR007,outer_race_fault,outer_race,slight,0.7359,该样本的生命周期风险在材料阶段较突出，能够解释当前轻微外圈故障的主要失效模式。,风险首先在材料阶段形成隐患，运行中持续放大，并通过温度与振动指标表现出来。,0.6887,BMAT-00485,MaterialBatch,material
BFB-02420,BRG-02420,Normal,normal,none,normal,0.9159,该轴承样本生命周期风险较低，未形成明确故障追溯链。,运行状态平稳，检测指标未呈现持续恶化趋势。,0.8551,NORMAL_BASELINE,QualityFeedback,feedback
BFB-02421,BRG-02421,IR014,inner_race_fault,inner_race,medium,0.774,结合振动、峭度和温升特征，内圈故障与制造阶段异常高度一致，优先追溯到 BMAN-01168。,风险首先在制造阶段形成隐患，运行中持续放大，并通过温度与振动指标表现出来。,0.6664,BMAN-01168,ManufacturingBatch,manufacturing
BFB-02422,BRG-02422,OR014,outer_race_fault,outer_race,medium,0.6569,该样本的生命周期风险在设计阶段较突出，能够解释当前中等外圈故障的主要失效模式。,风险首先在设计阶段形成隐患，运行中持续放大，并通过温度与振动指标表现出来。,0.6669,BDES-00626,BearingDesignSpec,design
BFB-02423,BRG-02423,OR021,outer_race_fault,outer_race,severe,0.7016,该样本的生命周期风险在运维阶段较突出，能够解释当前严重外圈故障的主要失效模式。,异常由微小缺陷逐步发展为周期性冲击，检测指标随严重度上升而同步恶化。,0.733,BOPR-02423,MaintenanceRecord,operation
BFB-02424,BRG-02424,B021,rolling_element_fault,rolling_element,severe,0.6062,诊断结果显示轴承出现严重滚动体故障，根因更可能来自材料阶段实体 BMAT-00471 的风险累积。,异常由微小缺陷逐步发展为周期性冲击，检测指标随严重度上升而同步恶化。,0.5979,BMAT-00471,MaterialBatch,material
BFB-02425,BRG-02425,OR007,outer_race_fault,outer_race,slight,0.7142,结合振动、峭度和温升特征，外圈故障与装配阶段异常高度一致，优先追溯到 BASM-02425。,异常由微小缺陷逐步发展为周期性冲击，检测指标随严重度上升而同步恶化。,0.6214,BASM-02425,AssemblyRecord,assembly
BFB-02426,BRG-02426,IR007,inner_race_fault,inner_race,slight,0.6707,该样本的生命周期风险在设计阶段较突出，能够解释当前轻微内圈故障的主要失效模式。,早期表现为局部接触应力升高，随后振动冲击增强，最终演化为轻微内圈故障。,0.6475,BDES-00229,BearingDesignSpec,design
BFB-02427,BRG-02427,B021,rolling_element_fault,rolling_element,severe,0.7065,结合振动、峭度和温升特征，滚动体故障与制造阶段异常高度一致，优先追溯到 BMAN-00829。,风险首先在制造阶段形成隐患，运行中持续放大，并通过温度与振动指标表现出来。,0.652,BMAN-00829,ManufacturingBatch,manufacturing
BFB-02428,BRG-02428,OR007,outer_race_fault,outer_race,slight,0.7183,结合振动、峭度和温升特征，外圈故障与制造阶段异常高度一致，优先追溯到 BMAN-00528。,早期表现为局部接触应力升高，随后振动冲击增强，最终演化为轻微外圈故障。,0.6114,BMAN-00528,ManufacturingBatch,manufacturing
BFB-02429,BRG-02429,IR014,inner_race_fault,inner_race,medium,0.6646,诊断结果显示轴承出现中等内圈故障，根因更可能来自装配阶段实体 BASM-02429 的风险累积。,风险首先在装配阶段形成隐患，运行中持续放大，并通过温度与振动指标表现出来。,0.6492,BASM-02429,AssemblyRecord,assembly
BFB-02430,BRG-02430,IR014,inner_race_fault,inner_race,medium,0.6754,结合振动、峭度和温升特征，内圈故障与制造阶段异常高度一致，优先追溯到 BMAN-00238。,早期表现为局部接触应力升高，随后振动冲击增强，最终演化为中等内圈故障。,0.6027,BMAN-00238,ManufacturingBatch,manufacturing
BFB-02431,BRG-02431,OR014,outer_race_fault,outer_race,medium,0.6634,结合振动、峭度和温升特征，外圈故障与制造阶段异常高度一致，优先追溯到 BMAN-01105。,异常由微小缺陷逐步发展为周期性冲击，检测指标随严重度上升而同步恶化。,0.5913,BMAN-01105,ManufacturingBatch,manufacturing
BFB-02432,BRG-02432,Normal,normal,none,normal,0.9467,该轴承样本生命周期风险较低，未形成明确故障追溯链。,运行状态平稳，检测指标未呈现持续恶化趋势。,0.8162,NORMAL_BASELINE,QualityFeedback,feedback
BFB-02433,BRG-02433,IR014,inner_race_fault,inner_race,medium,0.7357,诊断结果显示轴承出现中等内圈故障，根因更可能来自材料阶段实体 BMAT-00106 的风险累积。,异常由微小缺陷逐步发展为周期性冲击，检测指标随严重度上升而同步恶化。,0.723,BMAT-00106,MaterialBatch,material
BFB-02434,BRG-02434,OR021,outer_race_fault,outer_race,severe,0.7353,该样本的生命周期风险在装配阶段较突出，能够解释当前严重外圈故障的主要失效模式。,早期表现为局部接触应力升高，随后振动冲击增强，最终演化为严重外圈故障。,0.6966,BASM-02434,AssemblyRecord,assembly
BFB-02435,BRG-02435,IR021,inner_race_fault,inner_race,severe,0.7429,结合振动、峭度和温升特征，内圈故障与检测阶段异常高度一致，优先追溯到 BINSP-02435。,早期表现为局部接触应力升高，随后振动冲击增强，最终演化为严重内圈故障。,0.7189,BINSP-02435,InspectionRecord,inspection
BFB-02436,BRG-02436,OR014,outer_race_fault,outer_race,medium,0.6882,结合振动、峭度和温升特征，外圈故障与装配阶段异常高度一致，优先追溯到 BASM-02436。,风险首先在装配阶段形成隐患，运行中持续放大，并通过温度与振动指标表现出来。,0.6418,BASM-02436,AssemblyRecord,assembly
BFB-02437,BRG-02437,OR007,outer_race_fault,outer_race,slight,0.7287,诊断结果显示轴承出现轻微外圈故障，根因更可能来自制造阶段实体 BMAN-00097 的风险累积。,早期表现为局部接触应力升高，随后振动冲击增强，最终演化为轻微外圈故障。,0.6787,BMAN-00097,ManufacturingBatch,manufacturing
BFB-02438,BRG-02438,IR007,inner_race_fault,inner_race,slight,0.6852,结合振动、峭度和温升特征，内圈故障与制造阶段异常高度一致，优先追溯到 BMAN-00949。,异常由微小缺陷逐步发展为周期性冲击，检测指标随严重度上升而同步恶化。,0.7457,BMAN-00949,ManufacturingBatch,manufacturing
BFB-02439,BRG-02439,OR007,outer_race_fault,outer_race,slight,0.6977,该样本的生命周期风险在材料阶段较突出，能够解释当前轻微外圈故障的主要失效模式。,风险首先在材料阶段形成隐患，运行中持续放大，并通过温度与振动指标表现出来。,0.7235,BMAT-00082,MaterialBatch,material
BFB-02440,BRG-02440,IR021,inner_race_fault,inner_race,severe,0.7516,诊断结果显示轴承出现严重内圈故障，根因更可能来自制造阶段实体 BMAN-00949 的风险累积。,异常由微小缺陷逐步发展为周期性冲击，检测指标随严重度上升而同步恶化。,0.7766,BMAN-00949,ManufacturingBatch,manufacturing
BFB-02441,BRG-02441,IR007,inner_race_fault,inner_race,slight,0.6123,诊断结果显示轴承出现轻微内圈故障，根因更可能来自制造阶段实体 BMAN-00390 的风险累积。,早期表现为局部接触应力升高，随后振动冲击增强，最终演化为轻微内圈故障。,0.6946,BMAN-00390,ManufacturingBatch,manufacturing
BFB-02442,BRG-02442,B014,rolling_element_fault,rolling_element,medium,0.7227,诊断结果显示轴承出现中等滚动体故障，根因更可能来自检测阶段实体 BINSP-02442 的风险累积。,早期表现为局部接触应力升高，随后振动冲击增强，最终演化为中等滚动体故障。,0.7555,BINSP-02442,InspectionRecord,inspection
BFB-02443,BRG-02443,Normal,normal,none,normal,0.9299,该轴承样本生命周期风险较低，未形成明确故障追溯链。,运行状态平稳，检测指标未呈现持续恶化趋势。,0.8669,NORMAL_BASELINE,QualityFeedback,feedback
BFB-02444,BRG-02444,OR014,outer_race_fault,outer_race,medium,0.6574,结合振动、峭度和温升特征，外圈故障与装配阶段异常高度一致，优先追溯到 BASM-02444。,异常由微小缺陷逐步发展为周期性冲击，检测指标随严重度上升而同步恶化。,0.643,BASM-02444,AssemblyRecord,assembly
BFB-02445,BRG-02445,IR021,inner_race_fault,inner_race,severe,0.6589,结合振动、峭度和温升特征，内圈故障与材料阶段异常高度一致，优先追溯到 BMAT-00013。,异常由微小缺陷逐步发展为周期性冲击，检测指标随严重度上升而同步恶化。,0.6645,BMAT-00013,MaterialBatch,material
BFB-02446,BRG-02446,B007,rolling_element_fault,rolling_element,slight,0.6513,该样本的生命周期风险在运维阶段较突出，能够解释当前轻微滚动体故障的主要失效模式。,早期表现为局部接触应力升高，随后振动冲击增强，最终演化为轻微滚动体故障。,0.5871,BOPR-02446,MaintenanceRecord,operation
BFB-02447,BRG-02447,IR014,inner_race_fault,inner_race,medium,0.7147,诊断结果显示轴承出现中等内圈故障，根因更可能来自检测阶段实体 BINSP-02447 的风险累积。,异常由微小缺陷逐步发展为周期性冲击，检测指标随严重度上升而同步恶化。,0.655,BINSP-02447,InspectionRecord,inspection
BFB-02448,BRG-02448,Normal,normal,none,normal,0.9213,该轴承样本生命周期风险较低，未形成明确故障追溯链。,运行状态平稳，检测指标未呈现持续恶化趋势。,0.8908,NORMAL_BASELINE,QualityFeedback,feedback
BFB-02449,BRG-02449,IR021,inner_race_fault,inner_race,severe,0.7372,结合振动、峭度和温升特征，内圈故障与检测阶段异常高度一致，优先追溯到 BINSP-02449。,异常由微小缺陷逐步发展为周期性冲击，检测指标随严重度上升而同步恶化。,0.6909,BINSP-02449,InspectionRecord,inspection
BFB-02450,BRG-02450,IR021,inner_race_fault,inner_race,severe,0.7207,结合振动、峭度和温升特征，内圈故障与装配阶段异常高度一致，优先追溯到 BASM-02450。,风险首先在装配阶段形成隐患，运行中持续放大，并通过温度与振动指标表现出来。,0.6456,BASM-02450,AssemblyRecord,assembly
BFB-02451,BRG-02451,IR014,inner_race_fault,inner_race,medium,0.7025,该样本的生命周期风险在制造阶段较突出，能够解释当前中等内圈故障的主要失效模式。,风险首先在制造阶段形成隐患，运行中持续放大，并通过温度与振动指标表现出来。,0.688,BMAN-00498,ManufacturingBatch,manufacturing
BFB-02452,BRG-02452,OR021,outer_race_fault,outer_race,severe,0.7246,诊断结果显示轴承出现严重外圈故障，根因更可能来自制造阶段实体 BMAN-00595 的风险累积。,风险首先在制造阶段形成隐患，运行中持续放大，并通过温度与振动指标表现出来。,0.6775,BMAN-00595,ManufacturingBatch,manufacturing
BFB-02453,BRG-02453,Normal,normal,none,normal,0.8766,该轴承样本生命周期风险较低，未形成明确故障追溯链。,运行状态平稳，检测指标未呈现持续恶化趋势。,0.8991,NORMAL_BASELINE,QualityFeedback,feedback
BFB-02454,BRG-02454,OR021,outer_race_fault,outer_race,severe,0.7713,该样本的生命周期风险在装配阶段较突出，能够解释当前严重外圈故障的主要失效模式。,风险首先在装配阶段形成隐患，运行中持续放大，并通过温度与振动指标表现出来。,0.7255,BASM-02454,AssemblyRecord,assembly
BFB-02455,BRG-02455,B007,rolling_element_fault,rolling_element,slight,0.6881,诊断结果显示轴承出现轻微滚动体故障，根因更可能来自检测阶段实体 BINSP-02455 的风险累积。,风险首先在检测阶段形成隐患，运行中持续放大，并通过温度与振动指标表现出来。,0.6428,BINSP-02455,InspectionRecord,inspection
BFB-02456,BRG-02456,OR014,outer_race_fault,outer_race,medium,0.7442,该样本的生命周期风险在装配阶段较突出，能够解释当前中等外圈故障的主要失效模式。,早期表现为局部接触应力升高，随后振动冲击增强，最终演化为中等外圈故障。,0.6896,BASM-02456,AssemblyRecord,assembly
BFB-02457,BRG-02457,OR007,outer_race_fault,outer_race,slight,0.6916,结合振动、峭度和温升特征，外圈故障与制造阶段异常高度一致，优先追溯到 BMAN-00184。,风险首先在制造阶段形成隐患，运行中持续放大，并通过温度与振动指标表现出来。,0.6444,BMAN-00184,ManufacturingBatch,manufacturing
BFB-02458,BRG-02458,IR021,inner_race_fault,inner_race,severe,0.7517,诊断结果显示轴承出现严重内圈故障，根因更可能来自装配阶段实体 BASM-02458 的风险累积。,风险首先在装配阶段形成隐患，运行中持续放大，并通过温度与振动指标表现出来。,0.6477,BASM-02458,AssemblyRecord,assembly
BFB-02459,BRG-02459,OR014,outer_race_fault,outer_race,medium,0.663,诊断结果显示轴承出现中等外圈故障，根因更可能来自检测阶段实体 BINSP-02459 的风险累积。,风险首先在检测阶段形成隐患，运行中持续放大，并通过温度与振动指标表现出来。,0.7657,BINSP-02459,InspectionRecord,inspection
BFB-02460,BRG-02460,B007,rolling_element_fault,rolling_element,slight,0.6988,诊断结果显示轴承出现轻微滚动体故障，根因更可能来自装配阶段实体 BASM-02460 的风险累积。,异常由微小缺陷逐步发展为周期性冲击，检测指标随严重度上升而同步恶化。,0.6522,BASM-02460,AssemblyRecord,assembly
BFB-02461,BRG-02461,B021,rolling_element_fault,rolling_element,severe,0.6874,该样本的生命周期风险在制造阶段较突出，能够解释当前严重滚动体故障的主要失效模式。,异常由微小缺陷逐步发展为周期性冲击，检测指标随严重度上升而同步恶化。,0.6803,BMAN-00214,ManufacturingBatch,manufacturing
BFB-02462,BRG-02462,OR014,outer_race_fault,outer_race,medium,0.7076,结合振动、峭度和温升特征，外圈故障与装配阶段异常高度一致，优先追溯到 BASM-02462。,早期表现为局部接触应力升高，随后振动冲击增强，最终演化为中等外圈故障。,0.6159,BASM-02462,AssemblyRecord,assembly
BFB-02463,BRG-02463,IR021,inner_race_fault,inner_race,severe,0.7755,结合振动、峭度和温升特征，内圈故障与运维阶段异常高度一致，优先追溯到 BOPR-02463。,风险首先在运维阶段形成隐患，运行中持续放大，并通过温度与振动指标表现出来。,0.7176,BOPR-02463,MaintenanceRecord,operation
BFB-02464,BRG-02464,OR014,outer_race_fault,outer_race,medium,0.6489,诊断结果显示轴承出现中等外圈故障，根因更可能来自制造阶段实体 BMAN-00159 的风险累积。,风险首先在制造阶段形成隐患，运行中持续放大，并通过温度与振动指标表现出来。,0.6097,BMAN-00159,ManufacturingBatch,manufacturing
BFB-02465,BRG-02465,B021,rolling_element_fault,rolling_element,severe,0.8007,诊断结果显示轴承出现严重滚动体故障，根因更可能来自运维阶段实体 BOPR-02465 的风险累积。,风险首先在运维阶段形成隐患，运行中持续放大，并通过温度与振动指标表现出来。,0.6963,BOPR-02465,MaintenanceRecord,operation
BFB-02466,BRG-02466,Normal,normal,none,normal,0.9543,该轴承样本生命周期风险较低，未形成明确故障追溯链。,运行状态平稳，检测指标未呈现持续恶化趋势。,0.8701,NORMAL_BASELINE,QualityFeedback,feedback
BFB-02467,BRG-02467,OR021,outer_race_fault,outer_race,severe,0.7226,结合振动、峭度和温升特征，外圈故障与材料阶段异常高度一致，优先追溯到 BMAT-00016。,早期表现为局部接触应力升高，随后振动冲击增强，最终演化为严重外圈故障。,0.6846,BMAT-00016,MaterialBatch,material
BFB-02468,BRG-02468,OR014,outer_race_fault,outer_race,medium,0.7232,诊断结果显示轴承出现中等外圈故障，根因更可能来自制造阶段实体 BMAN-00568 的风险累积。,早期表现为局部接触应力升高，随后振动冲击增强，最终演化为中等外圈故障。,0.6992,BMAN-00568,ManufacturingBatch,manufacturing
BFB-02469,BRG-02469,OR014,outer_race_fault,outer_race,medium,0.8304,该样本的生命周期风险在制造阶段较突出，能够解释当前中等外圈故障的主要失效模式。,异常由微小缺陷逐步发展为周期性冲击，检测指标随严重度上升而同步恶化。,0.6787,BMAN-00129,ManufacturingBatch,manufacturing
BFB-02470,BRG-02470,OR014,outer_race_fault,outer_race,medium,0.6998,诊断结果显示轴承出现中等外圈故障，根因更可能来自设计阶段实体 BDES-00205 的风险累积。,异常由微小缺陷逐步发展为周期性冲击，检测指标随严重度上升而同步恶化。,0.6793,BDES-00205,BearingDesignSpec,design
BFB-02471,BRG-02471,B007,rolling_element_fault,rolling_element,slight,0.6269,该样本的生命周期风险在设计阶段较突出，能够解释当前轻微滚动体故障的主要失效模式。,风险首先在设计阶段形成隐患，运行中持续放大，并通过温度与振动指标表现出来。,0.6575,BDES-00589,BearingDesignSpec,design
BFB-02472,BRG-02472,Normal,normal,none,normal,0.9591,该轴承样本生命周期风险较低，未形成明确故障追溯链。,运行状态平稳，检测指标未呈现持续恶化趋势。,0.8592,NORMAL_BASELINE,QualityFeedback,feedback
BFB-02473,BRG-02473,IR021,inner_race_fault,inner_race,severe,0.7663,结合振动、峭度和温升特征，内圈故障与装配阶段异常高度一致，优先追溯到 BASM-02473。,早期表现为局部接触应力升高，随后振动冲击增强，最终演化为严重内圈故障。,0.7124,BASM-02473,AssemblyRecord,assembly
BFB-02474,BRG-02474,IR014,inner_race_fault,inner_race,medium,0.7602,该样本的生命周期风险在设计阶段较突出，能够解释当前中等内圈故障的主要失效模式。,异常由微小缺陷逐步发展为周期性冲击，检测指标随严重度上升而同步恶化。,0.728,BDES-00470,BearingDesignSpec,design
BFB-02475,BRG-02475,OR007,outer_race_fault,outer_race,slight,0.6625,该样本的生命周期风险在制造阶段较突出，能够解释当前轻微外圈故障的主要失效模式。,异常由微小缺陷逐步发展为周期性冲击，检测指标随严重度上升而同步恶化。,0.6409,BMAN-00143,ManufacturingBatch,manufacturing
BFB-02476,BRG-02476,Normal,normal,none,normal,0.9561,该轴承样本生命周期风险较低，未形成明确故障追溯链。,运行状态平稳，检测指标未呈现持续恶化趋势。,0.8325,NORMAL_BASELINE,QualityFeedback,feedback
BFB-02477,BRG-02477,B007,rolling_element_fault,rolling_element,slight,0.6062,该样本的生命周期风险在制造阶段较突出，能够解释当前轻微滚动体故障的主要失效模式。,早期表现为局部接触应力升高，随后振动冲击增强，最终演化为轻微滚动体故障。,0.6282,BMAN-00381,ManufacturingBatch,manufacturing
BFB-02478,BRG-02478,Normal,normal,none,normal,0.8715,该轴承样本生命周期风险较低，未形成明确故障追溯链。,运行状态平稳，检测指标未呈现持续恶化趋势。,0.8688,NORMAL_BASELINE,QualityFeedback,feedback
BFB-02479,BRG-02479,Normal,normal,none,normal,0.9032,该轴承样本生命周期风险较低，未形成明确故障追溯链。,运行状态平稳，检测指标未呈现持续恶化趋势。,0.8921,NORMAL_BASELINE,QualityFeedback,feedback
BFB-02480,BRG-02480,Normal,normal,none,normal,0.9051,该轴承样本生命周期风险较低，未形成明确故障追溯链。,运行状态平稳，检测指标未呈现持续恶化趋势。,0.812,NORMAL_BASELINE,QualityFeedback,feedback
BFB-02481,BRG-02481,IR007,inner_race_fault,inner_race,slight,0.7531,结合振动、峭度和温升特征，内圈故障与运维阶段异常高度一致，优先追溯到 BOPR-02481。,早期表现为局部接触应力升高，随后振动冲击增强，最终演化为轻微内圈故障。,0.6565,BOPR-02481,MaintenanceRecord,operation
BFB-02482,BRG-02482,B021,rolling_element_fault,rolling_element,severe,0.7234,结合振动、峭度和温升特征，滚动体故障与装配阶段异常高度一致，优先追溯到 BASM-02482。,异常由微小缺陷逐步发展为周期性冲击，检测指标随严重度上升而同步恶化。,0.7104,BASM-02482,AssemblyRecord,assembly
BFB-02483,BRG-02483,IR014,inner_race_fault,inner_race,medium,0.7132,诊断结果显示轴承出现中等内圈故障，根因更可能来自装配阶段实体 BASM-02483 的风险累积。,风险首先在装配阶段形成隐患，运行中持续放大，并通过温度与振动指标表现出来。,0.6677,BASM-02483,AssemblyRecord,assembly
BFB-02484,BRG-02484,OR014,outer_race_fault,outer_race,medium,0.7299,结合振动、峭度和温升特征，外圈故障与制造阶段异常高度一致，优先追溯到 BMAN-00218。,早期表现为局部接触应力升高，随后振动冲击增强，最终演化为中等外圈故障。,0.6785,BMAN-00218,ManufacturingBatch,manufacturing
BFB-02485,BRG-02485,OR007,outer_race_fault,outer_race,slight,0.6946,该样本的生命周期风险在制造阶段较突出，能够解释当前轻微外圈故障的主要失效模式。,早期表现为局部接触应力升高，随后振动冲击增强，最终演化为轻微外圈故障。,0.6478,BMAN-00536,ManufacturingBatch,manufacturing
BFB-02486,BRG-02486,B014,rolling_element_fault,rolling_element,medium,0.7221,结合振动、峭度和温升特征，滚动体故障与装配阶段异常高度一致，优先追溯到 BASM-02486。,早期表现为局部接触应力升高，随后振动冲击增强，最终演化为中等滚动体故障。,0.578,BASM-02486,AssemblyRecord,assembly
BFB-02487,BRG-02487,Normal,normal,none,normal,0.9586,该轴承样本生命周期风险较低，未形成明确故障追溯链。,运行状态平稳，检测指标未呈现持续恶化趋势。,0.7998,NORMAL_BASELINE,QualityFeedback,feedback
BFB-02488,BRG-02488,OR021,outer_race_fault,outer_race,severe,0.7246,诊断结果显示轴承出现严重外圈故障，根因更可能来自制造阶段实体 BMAN-00107 的风险累积。,风险首先在制造阶段形成隐患，运行中持续放大，并通过温度与振动指标表现出来。,0.6891,BMAN-00107,ManufacturingBatch,manufacturing
BFB-02489,BRG-02489,IR014,inner_race_fault,inner_race,medium,0.7657,该样本的生命周期风险在装配阶段较突出，能够解释当前中等内圈故障的主要失效模式。,早期表现为局部接触应力升高，随后振动冲击增强，最终演化为中等内圈故障。,0.7057,BASM-02489,AssemblyRecord,assembly
BFB-02490,BRG-02490,IR021,inner_race_fault,inner_race,severe,0.6359,结合振动、峭度和温升特征，内圈故障与装配阶段异常高度一致，优先追溯到 BASM-02490。,风险首先在装配阶段形成隐患，运行中持续放大，并通过温度与振动指标表现出来。,0.761,BASM-02490,AssemblyRecord,assembly
BFB-02491,BRG-02491,Normal,normal,none,normal,0.9011,该轴承样本生命周期风险较低，未形成明确故障追溯链。,运行状态平稳，检测指标未呈现持续恶化趋势。,0.8402,NORMAL_BASELINE,QualityFeedback,feedback
BFB-02492,BRG-02492,OR021,outer_race_fault,outer_race,severe,0.7372,该样本的生命周期风险在检测阶段较突出，能够解释当前严重外圈故障的主要失效模式。,早期表现为局部接触应力升高，随后振动冲击增强，最终演化为严重外圈故障。,0.6716,BINSP-02492,InspectionRecord,inspection
BFB-02493,BRG-02493,OR007,outer_race_fault,outer_race,slight,0.7147,诊断结果显示轴承出现轻微外圈故障，根因更可能来自设计阶段实体 BDES-00345 的风险累积。,异常由微小缺陷逐步发展为周期性冲击，检测指标随严重度上升而同步恶化。,0.6228,BDES-00345,BearingDesignSpec,design
BFB-02494,BRG-02494,OR014,outer_race_fault,outer_race,medium,0.7171,该样本的生命周期风险在材料阶段较突出，能够解释当前中等外圈故障的主要失效模式。,风险首先在材料阶段形成隐患，运行中持续放大，并通过温度与振动指标表现出来。,0.6627,BMAT-00413,MaterialBatch,material
BFB-02495,BRG-02495,B007,rolling_element_fault,rolling_element,slight,0.6884,结合振动、峭度和温升特征，滚动体故障与检测阶段异常高度一致，优先追溯到 BINSP-02495。,风险首先在检测阶段形成隐患，运行中持续放大，并通过温度与振动指标表现出来。,0.5995,BINSP-02495,InspectionRecord,inspection
BFB-02496,BRG-02496,OR007,outer_race_fault,outer_race,slight,0.6625,诊断结果显示轴承出现轻微外圈故障，根因更可能来自检测阶段实体 BINSP-02496 的风险累积。,异常由微小缺陷逐步发展为周期性冲击，检测指标随严重度上升而同步恶化。,0.563,BINSP-02496,InspectionRecord,inspection
BFB-02497,BRG-02497,IR014,inner_race_fault,inner_race,medium,0.6933,结合振动、峭度和温升特征，内圈故障与装配阶段异常高度一致，优先追溯到 BASM-02497。,异常由微小缺陷逐步发展为周期性冲击，检测指标随严重度上升而同步恶化。,0.6728,BASM-02497,AssemblyRecord,assembly
BFB-02498,BRG-02498,OR014,outer_race_fault,outer_race,medium,0.7468,该样本的生命周期风险在装配阶段较突出，能够解释当前中等外圈故障的主要失效模式。,异常由微小缺陷逐步发展为周期性冲击，检测指标随严重度上升而同步恶化。,0.691,BASM-02498,AssemblyRecord,assembly
BFB-02499,BRG-02499,IR007,inner_race_fault,inner_race,slight,0.6016,该样本的生命周期风险在制造阶段较突出，能够解释当前轻微内圈故障的主要失效模式。,风险首先在制造阶段形成隐患，运行中持续放大，并通过温度与振动指标表现出来。,0.5971,BMAN-00395,ManufacturingBatch,manufacturing
BFB-02500,BRG-02500,OR014,outer_race_fault,outer_race,medium,0.7156,结合振动、峭度和温升特征，外圈故障与制造阶段异常高度一致，优先追溯到 BMAN-00052。,异常由微小缺陷逐步发展为周期性冲击，检测指标随严重度上升而同步恶化。,0.6971,BMAN-00052,ManufacturingBatch,manufacturing
BFB-02501,BRG-02501,IR007,inner_race_fault,inner_race,slight,0.7248,诊断结果显示轴承出现轻微内圈故障，根因更可能来自制造阶段实体 BMAN-01138 的风险累积。,异常由微小缺陷逐步发展为周期性冲击，检测指标随严重度上升而同步恶化。,0.5888,BMAN-01138,ManufacturingBatch,manufacturing
BFB-02502,BRG-02502,B014,rolling_element_fault,rolling_element,medium,0.7548,诊断结果显示轴承出现中等滚动体故障，根因更可能来自检测阶段实体 BINSP-02502 的风险累积。,异常由微小缺陷逐步发展为周期性冲击，检测指标随严重度上升而同步恶化。,0.6776,BINSP-02502,InspectionRecord,inspection
BFB-02503,BRG-02503,B014,rolling_element_fault,rolling_element,medium,0.7174,该样本的生命周期风险在设计阶段较突出，能够解释当前中等滚动体故障的主要失效模式。,风险首先在设计阶段形成隐患，运行中持续放大，并通过温度与振动指标表现出来。,0.7636,BDES-00734,BearingDesignSpec,design
BFB-02504,BRG-02504,OR014,outer_race_fault,outer_race,medium,0.7069,结合振动、峭度和温升特征，外圈故障与检测阶段异常高度一致，优先追溯到 BINSP-02504。,风险首先在检测阶段形成隐患，运行中持续放大，并通过温度与振动指标表现出来。,0.6452,BINSP-02504,InspectionRecord,inspection
BFB-02505,BRG-02505,B021,rolling_element_fault,rolling_element,severe,0.7296,结合振动、峭度和温升特征，滚动体故障与设计阶段异常高度一致，优先追溯到 BDES-00453。,风险首先在设计阶段形成隐患，运行中持续放大，并通过温度与振动指标表现出来。,0.6551,BDES-00453,BearingDesignSpec,design
BFB-02506,BRG-02506,IR014,inner_race_fault,inner_race,medium,0.7975,诊断结果显示轴承出现中等内圈故障，根因更可能来自制造阶段实体 BMAN-00479 的风险累积。,早期表现为局部接触应力升高，随后振动冲击增强，最终演化为中等内圈故障。,0.6598,BMAN-00479,ManufacturingBatch,manufacturing
BFB-02507,BRG-02507,B021,rolling_element_fault,rolling_element,severe,0.7445,该样本的生命周期风险在设计阶段较突出，能够解释当前严重滚动体故障的主要失效模式。,异常由微小缺陷逐步发展为周期性冲击，检测指标随严重度上升而同步恶化。,0.6404,BDES-00579,BearingDesignSpec,design
BFB-02508,BRG-02508,OR007,outer_race_fault,outer_race,slight,0.7266,诊断结果显示轴承出现轻微外圈故障，根因更可能来自装配阶段实体 BASM-02508 的风险累积。,风险首先在装配阶段形成隐患，运行中持续放大，并通过温度与振动指标表现出来。,0.7306,BASM-02508,AssemblyRecord,assembly
BFB-02509,BRG-02509,B014,rolling_element_fault,rolling_element,medium,0.6947,诊断结果显示轴承出现中等滚动体故障，根因更可能来自制造阶段实体 BMAN-00808 的风险累积。,早期表现为局部接触应力升高，随后振动冲击增强，最终演化为中等滚动体故障。,0.742,BMAN-00808,ManufacturingBatch,manufacturing
BFB-02510,BRG-02510,OR007,outer_race_fault,outer_race,slight,0.7131,该样本的生命周期风险在装配阶段较突出，能够解释当前轻微外圈故障的主要失效模式。,早期表现为局部接触应力升高，随后振动冲击增强，最终演化为轻微外圈故障。,0.6929,BASM-02510,AssemblyRecord,assembly
BFB-02511,BRG-02511,OR021,outer_race_fault,outer_race,severe,0.7114,结合振动、峭度和温升特征，外圈故障与制造阶段异常高度一致，优先追溯到 BMAN-00238。,异常由微小缺陷逐步发展为周期性冲击，检测指标随严重度上升而同步恶化。,0.7281,BMAN-00238,ManufacturingBatch,manufacturing
BFB-02512,BRG-02512,OR021,outer_race_fault,outer_race,severe,0.7422,结合振动、峭度和温升特征，外圈故障与材料阶段异常高度一致，优先追溯到 BMAT-00141。,异常由微小缺陷逐步发展为周期性冲击，检测指标随严重度上升而同步恶化。,0.7731,BMAT-00141,MaterialBatch,material
BFB-02513,BRG-02513,B007,rolling_element_fault,rolling_element,slight,0.6392,该样本的生命周期风险在装配阶段较突出，能够解释当前轻微滚动体故障的主要失效模式。,风险首先在装配阶段形成隐患，运行中持续放大，并通过温度与振动指标表现出来。,0.6627,BASM-02513,AssemblyRecord,assembly
BFB-02514,BRG-02514,Normal,normal,none,normal,0.9249,该轴承样本生命周期风险较低，未形成明确故障追溯链。,运行状态平稳，检测指标未呈现持续恶化趋势。,0.8251,NORMAL_BASELINE,QualityFeedback,feedback
BFB-02515,BRG-02515,B014,rolling_element_fault,rolling_element,medium,0.7735,诊断结果显示轴承出现中等滚动体故障，根因更可能来自材料阶段实体 BMAT-00257 的风险累积。,风险首先在材料阶段形成隐患，运行中持续放大，并通过温度与振动指标表现出来。,0.7361,BMAT-00257,MaterialBatch,material
BFB-02516,BRG-02516,Normal,normal,none,normal,0.904,该轴承样本生命周期风险较低，未形成明确故障追溯链。,运行状态平稳，检测指标未呈现持续恶化趋势。,0.8407,NORMAL_BASELINE,QualityFeedback,feedback
BFB-02517,BRG-02517,B014,rolling_element_fault,rolling_element,medium,0.6834,该样本的生命周期风险在制造阶段较突出，能够解释当前中等滚动体故障的主要失效模式。,风险首先在制造阶段形成隐患，运行中持续放大，并通过温度与振动指标表现出来。,0.7045,BMAN-00792,ManufacturingBatch,manufacturing
BFB-02518,BRG-02518,B014,rolling_element_fault,rolling_element,medium,0.7564,诊断结果显示轴承出现中等滚动体故障，根因更可能来自装配阶段实体 BASM-02518 的风险累积。,异常由微小缺陷逐步发展为周期性冲击，检测指标随严重度上升而同步恶化。,0.6876,BASM-02518,AssemblyRecord,assembly
BFB-02519,BRG-02519,OR014,outer_race_fault,outer_race,medium,0.6478,结合振动、峭度和温升特征，外圈故障与制造阶段异常高度一致，优先追溯到 BMAN-00515。,风险首先在制造阶段形成隐患，运行中持续放大，并通过温度与振动指标表现出来。,0.5922,BMAN-00515,ManufacturingBatch,manufacturing
BFB-02520,BRG-02520,OR014,outer_race_fault,outer_race,medium,0.7645,诊断结果显示轴承出现中等外圈故障，根因更可能来自装配阶段实体 BASM-02520 的风险累积。,风险首先在装配阶段形成隐患，运行中持续放大，并通过温度与振动指标表现出来。,0.6615,BASM-02520,AssemblyRecord,assembly
BFB-02521,BRG-02521,B007,rolling_element_fault,rolling_element,slight,0.7309,诊断结果显示轴承出现轻微滚动体故障，根因更可能来自装配阶段实体 BASM-02521 的风险累积。,早期表现为局部接触应力升高，随后振动冲击增强，最终演化为轻微滚动体故障。,0.6659,BASM-02521,AssemblyRecord,assembly
BFB-02522,BRG-02522,IR014,inner_race_fault,inner_race,medium,0.6492,结合振动、峭度和温升特征，内圈故障与制造阶段异常高度一致，优先追溯到 BMAN-00301。,异常由微小缺陷逐步发展为周期性冲击，检测指标随严重度上升而同步恶化。,0.7136,BMAN-00301,ManufacturingBatch,manufacturing
BFB-02523,BRG-02523,IR014,inner_race_fault,inner_race,medium,0.7203,结合振动、峭度和温升特征，内圈故障与制造阶段异常高度一致，优先追溯到 BMAN-00185。,异常由微小缺陷逐步发展为周期性冲击，检测指标随严重度上升而同步恶化。,0.6691,BMAN-00185,ManufacturingBatch,manufacturing
BFB-02524,BRG-02524,OR007,outer_race_fault,outer_race,slight,0.715,诊断结果显示轴承出现轻微外圈故障，根因更可能来自运维阶段实体 BOPR-02524 的风险累积。,早期表现为局部接触应力升高，随后振动冲击增强，最终演化为轻微外圈故障。,0.5798,BOPR-02524,MaintenanceRecord,operation
BFB-02525,BRG-02525,OR021,outer_race_fault,outer_race,severe,0.7605,诊断结果显示轴承出现严重外圈故障，根因更可能来自制造阶段实体 BMAN-00343 的风险累积。,异常由微小缺陷逐步发展为周期性冲击，检测指标随严重度上升而同步恶化。,0.6469,BMAN-00343,ManufacturingBatch,manufacturing
BFB-02526,BRG-02526,OR014,outer_race_fault,outer_race,medium,0.7077,结合振动、峭度和温升特征，外圈故障与装配阶段异常高度一致，优先追溯到 BASM-02526。,异常由微小缺陷逐步发展为周期性冲击，检测指标随严重度上升而同步恶化。,0.6625,BASM-02526,AssemblyRecord,assembly
BFB-02527,BRG-02527,OR021,outer_race_fault,outer_race,severe,0.7814,该样本的生命周期风险在制造阶段较突出，能够解释当前严重外圈故障的主要失效模式。,早期表现为局部接触应力升高，随后振动冲击增强，最终演化为严重外圈故障。,0.6879,BMAN-00076,ManufacturingBatch,manufacturing
BFB-02528,BRG-02528,IR007,inner_race_fault,inner_race,slight,0.7149,该样本的生命周期风险在材料阶段较突出，能够解释当前轻微内圈故障的主要失效模式。,风险首先在材料阶段形成隐患，运行中持续放大，并通过温度与振动指标表现出来。,0.6127,BMAT-00126,MaterialBatch,material
BFB-02529,BRG-02529,B014,rolling_element_fault,rolling_element,medium,0.7507,结合振动、峭度和温升特征，滚动体故障与材料阶段异常高度一致，优先追溯到 BMAT-00425。,风险首先在材料阶段形成隐患，运行中持续放大，并通过温度与振动指标表现出来。,0.7003,BMAT-00425,MaterialBatch,material
BFB-02530,BRG-02530,OR021,outer_race_fault,outer_race,severe,0.7349,诊断结果显示轴承出现严重外圈故障，根因更可能来自检测阶段实体 BINSP-02530 的风险累积。,风险首先在检测阶段形成隐患，运行中持续放大，并通过温度与振动指标表现出来。,0.7094,BINSP-02530,InspectionRecord,inspection
BFB-02531,BRG-02531,OR014,outer_race_fault,outer_race,medium,0.678,该样本的生命周期风险在运维阶段较突出，能够解释当前中等外圈故障的主要失效模式。,早期表现为局部接触应力升高，随后振动冲击增强，最终演化为中等外圈故障。,0.6697,BOPR-02531,MaintenanceRecord,operation
BFB-02532,BRG-02532,OR014,outer_race_fault,outer_race,medium,0.7384,结合振动、峭度和温升特征，外圈故障与材料阶段异常高度一致，优先追溯到 BMAT-00147。,早期表现为局部接触应力升高，随后振动冲击增强，最终演化为中等外圈故障。,0.666,BMAT-00147,MaterialBatch,material
BFB-02533,BRG-02533,IR007,inner_race_fault,inner_race,slight,0.6835,诊断结果显示轴承出现轻微内圈故障，根因更可能来自装配阶段实体 BASM-02533 的风险累积。,早期表现为局部接触应力升高，随后振动冲击增强，最终演化为轻微内圈故障。,0.5879,BASM-02533,AssemblyRecord,assembly
BFB-02534,BRG-02534,IR014,inner_race_fault,inner_race,medium,0.7379,诊断结果显示轴承出现中等内圈故障，根因更可能来自装配阶段实体 BASM-02534 的风险累积。,异常由微小缺陷逐步发展为周期性冲击，检测指标随严重度上升而同步恶化。,0.6874,BASM-02534,AssemblyRecord,assembly
BFB-02535,BRG-02535,B007,rolling_element_fault,rolling_element,slight,0.7065,该样本的生命周期风险在材料阶段较突出，能够解释当前轻微滚动体故障的主要失效模式。,风险首先在材料阶段形成隐患，运行中持续放大，并通过温度与振动指标表现出来。,0.7174,BMAT-00191,MaterialBatch,material
BFB-02536,BRG-02536,OR014,outer_race_fault,outer_race,medium,0.7276,结合振动、峭度和温升特征，外圈故障与装配阶段异常高度一致，优先追溯到 BASM-02536。,早期表现为局部接触应力升高，随后振动冲击增强，最终演化为中等外圈故障。,0.5767,BASM-02536,AssemblyRecord,assembly
BFB-02537,BRG-02537,Normal,normal,none,normal,0.8824,该轴承样本生命周期风险较低，未形成明确故障追溯链。,运行状态平稳，检测指标未呈现持续恶化趋势。,0.8358,NORMAL_BASELINE,QualityFeedback,feedback
BFB-02538,BRG-02538,B007,rolling_element_fault,rolling_element,slight,0.5969,该样本的生命周期风险在检测阶段较突出，能够解释当前轻微滚动体故障的主要失效模式。,早期表现为局部接触应力升高，随后振动冲击增强，最终演化为轻微滚动体故障。,0.6275,BINSP-02538,InspectionRecord,inspection
BFB-02539,BRG-02539,OR007,outer_race_fault,outer_race,slight,0.7167,该样本的生命周期风险在装配阶段较突出，能够解释当前轻微外圈故障的主要失效模式。,早期表现为局部接触应力升高，随后振动冲击增强，最终演化为轻微外圈故障。,0.6566,BASM-02539,AssemblyRecord,assembly
BFB-02540,BRG-02540,OR021,outer_race_fault,outer_race,severe,0.7445,该样本的生命周期风险在材料阶段较突出，能够解释当前严重外圈故障的主要失效模式。,风险首先在材料阶段形成隐患，运行中持续放大，并通过温度与振动指标表现出来。,0.6741,BMAT-00025,MaterialBatch,material
BFB-02541,BRG-02541,IR021,inner_race_fault,inner_race,severe,0.7488,结合振动、峭度和温升特征，内圈故障与制造阶段异常高度一致，优先追溯到 BMAN-00091。,早期表现为局部接触应力升高，随后振动冲击增强，最终演化为严重内圈故障。,0.7088,BMAN-00091,ManufacturingBatch,manufacturing
BFB-02542,BRG-02542,OR021,outer_race_fault,outer_race,severe,0.7584,结合振动、峭度和温升特征，外圈故障与材料阶段异常高度一致，优先追溯到 BMAT-00005。,风险首先在材料阶段形成隐患，运行中持续放大，并通过温度与振动指标表现出来。,0.6535,BMAT-00005,MaterialBatch,material
BFB-02543,BRG-02543,OR021,outer_race_fault,outer_race,severe,0.6929,诊断结果显示轴承出现严重外圈故障，根因更可能来自设计阶段实体 BDES-00532 的风险累积。,异常由微小缺陷逐步发展为周期性冲击，检测指标随严重度上升而同步恶化。,0.6851,BDES-00532,BearingDesignSpec,design
BFB-02544,BRG-02544,B014,rolling_element_fault,rolling_element,medium,0.7209,诊断结果显示轴承出现中等滚动体故障，根因更可能来自制造阶段实体 BMAN-01039 的风险累积。,风险首先在制造阶段形成隐患，运行中持续放大，并通过温度与振动指标表现出来。,0.6252,BMAN-01039,ManufacturingBatch,manufacturing
BFB-02545,BRG-02545,B021,rolling_element_fault,rolling_element,severe,0.7257,结合振动、峭度和温升特征，滚动体故障与材料阶段异常高度一致，优先追溯到 BMAT-00354。,早期表现为局部接触应力升高，随后振动冲击增强，最终演化为严重滚动体故障。,0.774,BMAT-00354,MaterialBatch,material
BFB-02546,BRG-02546,Normal,normal,none,normal,0.9225,该轴承样本生命周期风险较低，未形成明确故障追溯链。,运行状态平稳，检测指标未呈现持续恶化趋势。,0.7947,NORMAL_BASELINE,QualityFeedback,feedback
BFB-02547,BRG-02547,OR014,outer_race_fault,outer_race,medium,0.6811,诊断结果显示轴承出现中等外圈故障，根因更可能来自制造阶段实体 BMAN-00227 的风险累积。,风险首先在制造阶段形成隐患，运行中持续放大，并通过温度与振动指标表现出来。,0.7848,BMAN-00227,ManufacturingBatch,manufacturing
BFB-02548,BRG-02548,OR021,outer_race_fault,outer_race,severe,0.7022,结合振动、峭度和温升特征，外圈故障与材料阶段异常高度一致，优先追溯到 BMAT-00151。,风险首先在材料阶段形成隐患，运行中持续放大，并通过温度与振动指标表现出来。,0.6766,BMAT-00151,MaterialBatch,material
BFB-02549,BRG-02549,OR007,outer_race_fault,outer_race,slight,0.6728,结合振动、峭度和温升特征，外圈故障与装配阶段异常高度一致，优先追溯到 BASM-02549。,早期表现为局部接触应力升高，随后振动冲击增强，最终演化为轻微外圈故障。,0.804,BASM-02549,AssemblyRecord,assembly
BFB-02550,BRG-02550,B007,rolling_element_fault,rolling_element,slight,0.6645,诊断结果显示轴承出现轻微滚动体故障，根因更可能来自装配阶段实体 BASM-02550 的风险累积。,风险首先在装配阶段形成隐患，运行中持续放大，并通过温度与振动指标表现出来。,0.6186,BASM-02550,AssemblyRecord,assembly
BFB-02551,BRG-02551,IR014,inner_race_fault,inner_race,medium,0.6947,结合振动、峭度和温升特征，内圈故障与制造阶段异常高度一致，优先追溯到 BMAN-00741。,早期表现为局部接触应力升高，随后振动冲击增强，最终演化为中等内圈故障。,0.6151,BMAN-00741,ManufacturingBatch,manufacturing
BFB-02552,BRG-02552,IR014,inner_race_fault,inner_race,medium,0.6409,结合振动、峭度和温升特征，内圈故障与制造阶段异常高度一致，优先追溯到 BMAN-00146。,风险首先在制造阶段形成隐患，运行中持续放大，并通过温度与振动指标表现出来。,0.7015,BMAN-00146,ManufacturingBatch,manufacturing
BFB-02553,BRG-02553,B007,rolling_element_fault,rolling_element,slight,0.6885,结合振动、峭度和温升特征，滚动体故障与制造阶段异常高度一致，优先追溯到 BMAN-00088。,异常由微小缺陷逐步发展为周期性冲击，检测指标随严重度上升而同步恶化。,0.6291,BMAN-00088,ManufacturingBatch,manufacturing
BFB-02554,BRG-02554,IR007,inner_race_fault,inner_race,slight,0.6744,结合振动、峭度和温升特征，内圈故障与材料阶段异常高度一致，优先追溯到 BMAT-00176。,风险首先在材料阶段形成隐患，运行中持续放大，并通过温度与振动指标表现出来。,0.7606,BMAT-00176,MaterialBatch,material
BFB-02555,BRG-02555,B014,rolling_element_fault,rolling_element,medium,0.6884,结合振动、峭度和温升特征，滚动体故障与材料阶段异常高度一致，优先追溯到 BMAT-00284。,风险首先在材料阶段形成隐患，运行中持续放大，并通过温度与振动指标表现出来。,0.7235,BMAT-00284,MaterialBatch,material
BFB-02556,BRG-02556,IR021,inner_race_fault,inner_race,severe,0.6853,结合振动、峭度和温升特征，内圈故障与材料阶段异常高度一致，优先追溯到 BMAT-00398。,异常由微小缺陷逐步发展为周期性冲击，检测指标随严重度上升而同步恶化。,0.69,BMAT-00398,MaterialBatch,material
BFB-02557,BRG-02557,IR014,inner_race_fault,inner_race,medium,0.6761,结合振动、峭度和温升特征，内圈故障与制造阶段异常高度一致，优先追溯到 BMAN-00055。,早期表现为局部接触应力升高，随后振动冲击增强，最终演化为中等内圈故障。,0.7036,BMAN-00055,ManufacturingBatch,manufacturing
BFB-02558,BRG-02558,B014,rolling_element_fault,rolling_element,medium,0.6845,诊断结果显示轴承出现中等滚动体故障，根因更可能来自运维阶段实体 BOPR-02558 的风险累积。,风险首先在运维阶段形成隐患，运行中持续放大，并通过温度与振动指标表现出来。,0.6771,BOPR-02558,MaintenanceRecord,operation
BFB-02559,BRG-02559,IR007,inner_race_fault,inner_race,slight,0.7259,该样本的生命周期风险在设计阶段较突出，能够解释当前轻微内圈故障的主要失效模式。,早期表现为局部接触应力升高，随后振动冲击增强，最终演化为轻微内圈故障。,0.6723,BDES-00009,BearingDesignSpec,design
BFB-02560,BRG-02560,IR007,inner_race_fault,inner_race,slight,0.6581,结合振动、峭度和温升特征，内圈故障与制造阶段异常高度一致，优先追溯到 BMAN-00100。,风险首先在制造阶段形成隐患，运行中持续放大，并通过温度与振动指标表现出来。,0.7423,BMAN-00100,ManufacturingBatch,manufacturing
BFB-02561,BRG-02561,IR007,inner_race_fault,inner_race,slight,0.6682,结合振动、峭度和温升特征，内圈故障与材料阶段异常高度一致，优先追溯到 BMAT-00313。,早期表现为局部接触应力升高，随后振动冲击增强，最终演化为轻微内圈故障。,0.6584,BMAT-00313,MaterialBatch,material
BFB-02562,BRG-02562,B014,rolling_element_fault,rolling_element,medium,0.6525,结合振动、峭度和温升特征，滚动体故障与制造阶段异常高度一致，优先追溯到 BMAN-00918。,风险首先在制造阶段形成隐患，运行中持续放大，并通过温度与振动指标表现出来。,0.6968,BMAN-00918,ManufacturingBatch,manufacturing
BFB-02563,BRG-02563,B021,rolling_element_fault,rolling_element,severe,0.7746,该样本的生命周期风险在制造阶段较突出，能够解释当前严重滚动体故障的主要失效模式。,异常由微小缺陷逐步发展为周期性冲击，检测指标随严重度上升而同步恶化。,0.6611,BMAN-00044,ManufacturingBatch,manufacturing
BFB-02564,BRG-02564,IR007,inner_race_fault,inner_race,slight,0.7108,该样本的生命周期风险在制造阶段较突出，能够解释当前轻微内圈故障的主要失效模式。,风险首先在制造阶段形成隐患，运行中持续放大，并通过温度与振动指标表现出来。,0.6728,BMAN-01156,ManufacturingBatch,manufacturing
BFB-02565,BRG-02565,B007,rolling_element_fault,rolling_element,slight,0.6837,结合振动、峭度和温升特征，滚动体故障与检测阶段异常高度一致，优先追溯到 BINSP-02565。,风险首先在检测阶段形成隐患，运行中持续放大，并通过温度与振动指标表现出来。,0.6165,BINSP-02565,InspectionRecord,inspection
BFB-02566,BRG-02566,B014,rolling_element_fault,rolling_element,medium,0.7048,诊断结果显示轴承出现中等滚动体故障，根因更可能来自制造阶段实体 BMAN-00706 的风险累积。,异常由微小缺陷逐步发展为周期性冲击，检测指标随严重度上升而同步恶化。,0.7823,BMAN-00706,ManufacturingBatch,manufacturing
BFB-02567,BRG-02567,B014,rolling_element_fault,rolling_element,medium,0.7211,诊断结果显示轴承出现中等滚动体故障，根因更可能来自制造阶段实体 BMAN-00901 的风险累积。,异常由微小缺陷逐步发展为周期性冲击，检测指标随严重度上升而同步恶化。,0.7167,BMAN-00901,ManufacturingBatch,manufacturing
BFB-02568,BRG-02568,B007,rolling_element_fault,rolling_element,slight,0.7706,该样本的生命周期风险在设计阶段较突出，能够解释当前轻微滚动体故障的主要失效模式。,风险首先在设计阶段形成隐患，运行中持续放大，并通过温度与振动指标表现出来。,0.573,BDES-00680,BearingDesignSpec,design
BFB-02569,BRG-02569,Normal,normal,none,normal,0.9534,该轴承样本生命周期风险较低，未形成明确故障追溯链。,运行状态平稳，检测指标未呈现持续恶化趋势。,0.8324,NORMAL_BASELINE,QualityFeedback,feedback
BFB-02570,BRG-02570,B014,rolling_element_fault,rolling_element,medium,0.7526,结合振动、峭度和温升特征，滚动体故障与装配阶段异常高度一致，优先追溯到 BASM-02570。,风险首先在装配阶段形成隐患，运行中持续放大，并通过温度与振动指标表现出来。,0.6264,BASM-02570,AssemblyRecord,assembly
BFB-02571,BRG-02571,B014,rolling_element_fault,rolling_element,medium,0.6777,该样本的生命周期风险在制造阶段较突出，能够解释当前中等滚动体故障的主要失效模式。,风险首先在制造阶段形成隐患，运行中持续放大，并通过温度与振动指标表现出来。,0.6328,BMAN-00074,ManufacturingBatch,manufacturing
BFB-02572,BRG-02572,B014,rolling_element_fault,rolling_element,medium,0.6638,该样本的生命周期风险在制造阶段较突出，能够解释当前中等滚动体故障的主要失效模式。,早期表现为局部接触应力升高，随后振动冲击增强，最终演化为中等滚动体故障。,0.6569,BMAN-00404,ManufacturingBatch,manufacturing
BFB-02573,BRG-02573,B014,rolling_element_fault,rolling_element,medium,0.6834,该样本的生命周期风险在制造阶段较突出，能够解释当前中等滚动体故障的主要失效模式。,早期表现为局部接触应力升高，随后振动冲击增强，最终演化为中等滚动体故障。,0.5953,BMAN-01041,ManufacturingBatch,manufacturing
BFB-02574,BRG-02574,IR014,inner_race_fault,inner_race,medium,0.7401,该样本的生命周期风险在设计阶段较突出，能够解释当前中等内圈故障的主要失效模式。,早期表现为局部接触应力升高，随后振动冲击增强，最终演化为中等内圈故障。,0.6302,BDES-00033,BearingDesignSpec,design
BFB-02575,BRG-02575,B007,rolling_element_fault,rolling_element,slight,0.6696,结合振动、峭度和温升特征，滚动体故障与装配阶段异常高度一致，优先追溯到 BASM-02575。,早期表现为局部接触应力升高，随后振动冲击增强，最终演化为轻微滚动体故障。,0.669,BASM-02575,AssemblyRecord,assembly
BFB-02576,BRG-02576,IR007,inner_race_fault,inner_race,slight,0.6822,诊断结果显示轴承出现轻微内圈故障，根因更可能来自装配阶段实体 BASM-02576 的风险累积。,风险首先在装配阶段形成隐患，运行中持续放大，并通过温度与振动指标表现出来。,0.6642,BASM-02576,AssemblyRecord,assembly
BFB-02577,BRG-02577,OR014,outer_race_fault,outer_race,medium,0.6891,诊断结果显示轴承出现中等外圈故障，根因更可能来自制造阶段实体 BMAN-00011 的风险累积。,异常由微小缺陷逐步发展为周期性冲击，检测指标随严重度上升而同步恶化。,0.6351,BMAN-00011,ManufacturingBatch,manufacturing
BFB-02578,BRG-02578,OR007,outer_race_fault,outer_race,slight,0.6121,结合振动、峭度和温升特征，外圈故障与制造阶段异常高度一致，优先追溯到 BMAN-01088。,风险首先在制造阶段形成隐患，运行中持续放大，并通过温度与振动指标表现出来。,0.645,BMAN-01088,ManufacturingBatch,manufacturing
BFB-02579,BRG-02579,Normal,normal,none,normal,0.9475,该轴承样本生命周期风险较低，未形成明确故障追溯链。,运行状态平稳，检测指标未呈现持续恶化趋势。,0.8126,NORMAL_BASELINE,QualityFeedback,feedback
BFB-02580,BRG-02580,OR021,outer_race_fault,outer_race,severe,0.7096,诊断结果显示轴承出现严重外圈故障，根因更可能来自装配阶段实体 BASM-02580 的风险累积。,风险首先在装配阶段形成隐患，运行中持续放大，并通过温度与振动指标表现出来。,0.7788,BASM-02580,AssemblyRecord,assembly
BFB-02581,BRG-02581,IR014,inner_race_fault,inner_race,medium,0.698,诊断结果显示轴承出现中等内圈故障，根因更可能来自制造阶段实体 BMAN-00869 的风险累积。,异常由微小缺陷逐步发展为周期性冲击，检测指标随严重度上升而同步恶化。,0.6872,BMAN-00869,ManufacturingBatch,manufacturing
BFB-02582,BRG-02582,B021,rolling_element_fault,rolling_element,severe,0.7597,该样本的生命周期风险在制造阶段较突出，能够解释当前严重滚动体故障的主要失效模式。,风险首先在制造阶段形成隐患，运行中持续放大，并通过温度与振动指标表现出来。,0.717,BMAN-00125,ManufacturingBatch,manufacturing
BFB-02583,BRG-02583,B007,rolling_element_fault,rolling_element,slight,0.6974,结合振动、峭度和温升特征，滚动体故障与装配阶段异常高度一致，优先追溯到 BASM-02583。,异常由微小缺陷逐步发展为周期性冲击，检测指标随严重度上升而同步恶化。,0.6026,BASM-02583,AssemblyRecord,assembly
BFB-02584,BRG-02584,IR007,inner_race_fault,inner_race,slight,0.6932,诊断结果显示轴承出现轻微内圈故障，根因更可能来自装配阶段实体 BASM-02584 的风险累积。,早期表现为局部接触应力升高，随后振动冲击增强，最终演化为轻微内圈故障。,0.7255,BASM-02584,AssemblyRecord,assembly
BFB-02585,BRG-02585,IR007,inner_race_fault,inner_race,slight,0.7533,结合振动、峭度和温升特征，内圈故障与制造阶段异常高度一致，优先追溯到 BMAN-00349。,风险首先在制造阶段形成隐患，运行中持续放大，并通过温度与振动指标表现出来。,0.5831,BMAN-00349,ManufacturingBatch,manufacturing
BFB-02586,BRG-02586,OR007,outer_race_fault,outer_race,slight,0.7058,结合振动、峭度和温升特征，外圈故障与设计阶段异常高度一致，优先追溯到 BDES-00279。,风险首先在设计阶段形成隐患，运行中持续放大，并通过温度与振动指标表现出来。,0.7263,BDES-00279,BearingDesignSpec,design
BFB-02587,BRG-02587,B021,rolling_element_fault,rolling_element,severe,0.7104,该样本的生命周期风险在材料阶段较突出，能够解释当前严重滚动体故障的主要失效模式。,风险首先在材料阶段形成隐患，运行中持续放大，并通过温度与振动指标表现出来。,0.766,BMAT-00239,MaterialBatch,material
BFB-02588,BRG-02588,B014,rolling_element_fault,rolling_element,medium,0.7189,结合振动、峭度和温升特征，滚动体故障与制造阶段异常高度一致，优先追溯到 BMAN-00958。,风险首先在制造阶段形成隐患，运行中持续放大，并通过温度与振动指标表现出来。,0.6065,BMAN-00958,ManufacturingBatch,manufacturing
BFB-02589,BRG-02589,OR007,outer_race_fault,outer_race,slight,0.7285,诊断结果显示轴承出现轻微外圈故障，根因更可能来自运维阶段实体 BOPR-02589 的风险累积。,早期表现为局部接触应力升高，随后振动冲击增强，最终演化为轻微外圈故障。,0.5972,BOPR-02589,MaintenanceRecord,operation
BFB-02590,BRG-02590,Normal,normal,none,normal,0.9418,该轴承样本生命周期风险较低，未形成明确故障追溯链。,运行状态平稳，检测指标未呈现持续恶化趋势。,0.8436,NORMAL_BASELINE,QualityFeedback,feedback
BFB-02591,BRG-02591,OR014,outer_race_fault,outer_race,medium,0.7338,该样本的生命周期风险在材料阶段较突出，能够解释当前中等外圈故障的主要失效模式。,异常由微小缺陷逐步发展为周期性冲击，检测指标随严重度上升而同步恶化。,0.6853,BMAT-00043,MaterialBatch,material
BFB-02592,BRG-02592,B021,rolling_element_fault,rolling_element,severe,0.7184,结合振动、峭度和温升特征，滚动体故障与装配阶段异常高度一致，优先追溯到 BASM-02592。,早期表现为局部接触应力升高，随后振动冲击增强，最终演化为严重滚动体故障。,0.724,BASM-02592,AssemblyRecord,assembly
BFB-02593,BRG-02593,B007,rolling_element_fault,rolling_element,slight,0.7479,结合振动、峭度和温升特征，滚动体故障与运维阶段异常高度一致，优先追溯到 BOPR-02593。,风险首先在运维阶段形成隐患，运行中持续放大，并通过温度与振动指标表现出来。,0.7301,BOPR-02593,MaintenanceRecord,operation
BFB-02594,BRG-02594,B021,rolling_element_fault,rolling_element,severe,0.7317,该样本的生命周期风险在材料阶段较突出，能够解释当前严重滚动体故障的主要失效模式。,风险首先在材料阶段形成隐患，运行中持续放大，并通过温度与振动指标表现出来。,0.7123,BMAT-00397,MaterialBatch,material
BFB-02595,BRG-02595,B014,rolling_element_fault,rolling_element,medium,0.6238,结合振动、峭度和温升特征，滚动体故障与制造阶段异常高度一致，优先追溯到 BMAN-00472。,风险首先在制造阶段形成隐患，运行中持续放大，并通过温度与振动指标表现出来。,0.6634,BMAN-00472,ManufacturingBatch,manufacturing
BFB-02596,BRG-02596,OR014,outer_race_fault,outer_race,medium,0.7012,诊断结果显示轴承出现中等外圈故障，根因更可能来自装配阶段实体 BASM-02596 的风险累积。,异常由微小缺陷逐步发展为周期性冲击，检测指标随严重度上升而同步恶化。,0.6922,BASM-02596,AssemblyRecord,assembly
BFB-02597,BRG-02597,OR021,outer_race_fault,outer_race,severe,0.7094,诊断结果显示轴承出现严重外圈故障，根因更可能来自制造阶段实体 BMAN-00349 的风险累积。,异常由微小缺陷逐步发展为周期性冲击，检测指标随严重度上升而同步恶化。,0.6745,BMAN-00349,ManufacturingBatch,manufacturing
BFB-02598,BRG-02598,OR014,outer_race_fault,outer_race,medium,0.7059,该样本的生命周期风险在制造阶段较突出，能够解释当前中等外圈故障的主要失效模式。,早期表现为局部接触应力升高，随后振动冲击增强，最终演化为中等外圈故障。,0.6887,BMAN-00539,ManufacturingBatch,manufacturing
BFB-02599,BRG-02599,OR014,outer_race_fault,outer_race,medium,0.6801,该样本的生命周期风险在制造阶段较突出，能够解释当前中等外圈故障的主要失效模式。,异常由微小缺陷逐步发展为周期性冲击，检测指标随严重度上升而同步恶化。,0.7281,BMAN-00080,ManufacturingBatch,manufacturing
BFB-02600,BRG-02600,OR014,outer_race_fault,outer_race,medium,0.7278,该样本的生命周期风险在材料阶段较突出，能够解释当前中等外圈故障的主要失效模式。,早期表现为局部接触应力升高，随后振动冲击增强，最终演化为中等外圈故障。,0.6024,BMAT-00242,MaterialBatch,material
BFB-02601,BRG-02601,OR007,outer_race_fault,outer_race,slight,0.6221,诊断结果显示轴承出现轻微外圈故障，根因更可能来自制造阶段实体 BMAN-00660 的风险累积。,异常由微小缺陷逐步发展为周期性冲击，检测指标随严重度上升而同步恶化。,0.6654,BMAN-00660,ManufacturingBatch,manufacturing
BFB-02602,BRG-02602,OR007,outer_race_fault,outer_race,slight,0.7634,结合振动、峭度和温升特征，外圈故障与检测阶段异常高度一致，优先追溯到 BINSP-02602。,早期表现为局部接触应力升高，随后振动冲击增强，最终演化为轻微外圈故障。,0.7389,BINSP-02602,InspectionRecord,inspection
BFB-02603,BRG-02603,OR021,outer_race_fault,outer_race,severe,0.7907,结合振动、峭度和温升特征，外圈故障与装配阶段异常高度一致，优先追溯到 BASM-02603。,风险首先在装配阶段形成隐患，运行中持续放大，并通过温度与振动指标表现出来。,0.6619,BASM-02603,AssemblyRecord,assembly
BFB-02604,BRG-02604,OR014,outer_race_fault,outer_race,medium,0.7971,结合振动、峭度和温升特征，外圈故障与制造阶段异常高度一致，优先追溯到 BMAN-00620。,异常由微小缺陷逐步发展为周期性冲击，检测指标随严重度上升而同步恶化。,0.5893,BMAN-00620,ManufacturingBatch,manufacturing
BFB-02605,BRG-02605,B014,rolling_element_fault,rolling_element,medium,0.7344,诊断结果显示轴承出现中等滚动体故障，根因更可能来自制造阶段实体 BMAN-01079 的风险累积。,风险首先在制造阶段形成隐患，运行中持续放大，并通过温度与振动指标表现出来。,0.6511,BMAN-01079,ManufacturingBatch,manufacturing
BFB-02606,BRG-02606,IR014,inner_race_fault,inner_race,medium,0.7323,该样本的生命周期风险在制造阶段较突出，能够解释当前中等内圈故障的主要失效模式。,异常由微小缺陷逐步发展为周期性冲击，检测指标随严重度上升而同步恶化。,0.7353,BMAN-00336,ManufacturingBatch,manufacturing
BFB-02607,BRG-02607,IR007,inner_race_fault,inner_race,slight,0.7316,结合振动、峭度和温升特征，内圈故障与制造阶段异常高度一致，优先追溯到 BMAN-00980。,早期表现为局部接触应力升高，随后振动冲击增强，最终演化为轻微内圈故障。,0.552,BMAN-00980,ManufacturingBatch,manufacturing
BFB-02608,BRG-02608,IR014,inner_race_fault,inner_race,medium,0.6524,该样本的生命周期风险在装配阶段较突出，能够解释当前中等内圈故障的主要失效模式。,风险首先在装配阶段形成隐患，运行中持续放大，并通过温度与振动指标表现出来。,0.6763,BASM-02608,AssemblyRecord,assembly
BFB-02609,BRG-02609,Normal,normal,none,normal,0.9032,该轴承样本生命周期风险较低，未形成明确故障追溯链。,运行状态平稳，检测指标未呈现持续恶化趋势。,0.8359,NORMAL_BASELINE,QualityFeedback,feedback
BFB-02610,BRG-02610,IR021,inner_race_fault,inner_race,severe,0.7123,结合振动、峭度和温升特征，内圈故障与制造阶段异常高度一致，优先追溯到 BMAN-00044。,异常由微小缺陷逐步发展为周期性冲击，检测指标随严重度上升而同步恶化。,0.6475,BMAN-00044,ManufacturingBatch,manufacturing
BFB-02611,BRG-02611,OR021,outer_race_fault,outer_race,severe,0.7059,结合振动、峭度和温升特征，外圈故障与制造阶段异常高度一致，优先追溯到 BMAN-00732。,风险首先在制造阶段形成隐患，运行中持续放大，并通过温度与振动指标表现出来。,0.6503,BMAN-00732,ManufacturingBatch,manufacturing
BFB-02612,BRG-02612,OR007,outer_race_fault,outer_race,slight,0.6727,结合振动、峭度和温升特征，外圈故障与运维阶段异常高度一致，优先追溯到 BOPR-02612。,风险首先在运维阶段形成隐患，运行中持续放大，并通过温度与振动指标表现出来。,0.7343,BOPR-02612,MaintenanceRecord,operation
BFB-02613,BRG-02613,Normal,normal,none,normal,0.8915,该轴承样本生命周期风险较低，未形成明确故障追溯链。,运行状态平稳，检测指标未呈现持续恶化趋势。,0.8728,NORMAL_BASELINE,QualityFeedback,feedback
BFB-02614,BRG-02614,IR014,inner_race_fault,inner_race,medium,0.6881,诊断结果显示轴承出现中等内圈故障，根因更可能来自制造阶段实体 BMAN-00198 的风险累积。,早期表现为局部接触应力升高，随后振动冲击增强，最终演化为中等内圈故障。,0.6572,BMAN-00198,ManufacturingBatch,manufacturing
BFB-02615,BRG-02615,OR014,outer_race_fault,outer_race,medium,0.7291,诊断结果显示轴承出现中等外圈故障，根因更可能来自装配阶段实体 BASM-02615 的风险累积。,风险首先在装配阶段形成隐患，运行中持续放大，并通过温度与振动指标表现出来。,0.647,BASM-02615,AssemblyRecord,assembly
BFB-02616,BRG-02616,IR014,inner_race_fault,inner_race,medium,0.6945,诊断结果显示轴承出现中等内圈故障，根因更可能来自检测阶段实体 BINSP-02616 的风险累积。,早期表现为局部接触应力升高，随后振动冲击增强，最终演化为中等内圈故障。,0.6809,BINSP-02616,InspectionRecord,inspection
BFB-02617,BRG-02617,OR014,outer_race_fault,outer_race,medium,0.7051,该样本的生命周期风险在装配阶段较突出，能够解释当前中等外圈故障的主要失效模式。,异常由微小缺陷逐步发展为周期性冲击，检测指标随严重度上升而同步恶化。,0.587,BASM-02617,AssemblyRecord,assembly
BFB-02618,BRG-02618,B014,rolling_element_fault,rolling_element,medium,0.7254,该样本的生命周期风险在装配阶段较突出，能够解释当前中等滚动体故障的主要失效模式。,异常由微小缺陷逐步发展为周期性冲击，检测指标随严重度上升而同步恶化。,0.6873,BASM-02618,AssemblyRecord,assembly
BFB-02619,BRG-02619,IR021,inner_race_fault,inner_race,severe,0.6769,该样本的生命周期风险在装配阶段较突出，能够解释当前严重内圈故障的主要失效模式。,异常由微小缺陷逐步发展为周期性冲击，检测指标随严重度上升而同步恶化。,0.6235,BASM-02619,AssemblyRecord,assembly
BFB-02620,BRG-02620,IR014,inner_race_fault,inner_race,medium,0.748,该样本的生命周期风险在装配阶段较突出，能够解释当前中等内圈故障的主要失效模式。,风险首先在装配阶段形成隐患，运行中持续放大，并通过温度与振动指标表现出来。,0.6523,BASM-02620,AssemblyRecord,assembly
BFB-02621,BRG-02621,OR014,outer_race_fault,outer_race,medium,0.7374,该样本的生命周期风险在材料阶段较突出，能够解释当前中等外圈故障的主要失效模式。,异常由微小缺陷逐步发展为周期性冲击，检测指标随严重度上升而同步恶化。,0.5814,BMAT-00288,MaterialBatch,material
BFB-02622,BRG-02622,B007,rolling_element_fault,rolling_element,slight,0.6452,结合振动、峭度和温升特征，滚动体故障与材料阶段异常高度一致，优先追溯到 BMAT-00394。,早期表现为局部接触应力升高，随后振动冲击增强，最终演化为轻微滚动体故障。,0.6911,BMAT-00394,MaterialBatch,material
BFB-02623,BRG-02623,IR014,inner_race_fault,inner_race,medium,0.7265,结合振动、峭度和温升特征，内圈故障与材料阶段异常高度一致，优先追溯到 BMAT-00267。,早期表现为局部接触应力升高，随后振动冲击增强，最终演化为中等内圈故障。,0.7282,BMAT-00267,MaterialBatch,material
BFB-02624,BRG-02624,IR007,inner_race_fault,inner_race,slight,0.7016,诊断结果显示轴承出现轻微内圈故障，根因更可能来自制造阶段实体 BMAN-01059 的风险累积。,风险首先在制造阶段形成隐患，运行中持续放大，并通过温度与振动指标表现出来。,0.6262,BMAN-01059,ManufacturingBatch,manufacturing
BFB-02625,BRG-02625,B007,rolling_element_fault,rolling_element,slight,0.7024,结合振动、峭度和温升特征，滚动体故障与材料阶段异常高度一致，优先追溯到 BMAT-00185。,早期表现为局部接触应力升高，随后振动冲击增强，最终演化为轻微滚动体故障。,0.749,BMAT-00185,MaterialBatch,material
BFB-02626,BRG-02626,B014,rolling_element_fault,rolling_element,medium,0.6784,该样本的生命周期风险在装配阶段较突出，能够解释当前中等滚动体故障的主要失效模式。,早期表现为局部接触应力升高，随后振动冲击增强，最终演化为中等滚动体故障。,0.6418,BASM-02626,AssemblyRecord,assembly
BFB-02627,BRG-02627,IR014,inner_race_fault,inner_race,medium,0.7351,诊断结果显示轴承出现中等内圈故障，根因更可能来自材料阶段实体 BMAT-00193 的风险累积。,异常由微小缺陷逐步发展为周期性冲击，检测指标随严重度上升而同步恶化。,0.7485,BMAT-00193,MaterialBatch,material
BFB-02628,BRG-02628,B014,rolling_element_fault,rolling_element,medium,0.6587,诊断结果显示轴承出现中等滚动体故障，根因更可能来自装配阶段实体 BASM-02628 的风险累积。,风险首先在装配阶段形成隐患，运行中持续放大，并通过温度与振动指标表现出来。,0.6839,BASM-02628,AssemblyRecord,assembly
BFB-02629,BRG-02629,IR021,inner_race_fault,inner_race,severe,0.7726,结合振动、峭度和温升特征，内圈故障与材料阶段异常高度一致，优先追溯到 BMAT-00471。,风险首先在材料阶段形成隐患，运行中持续放大，并通过温度与振动指标表现出来。,0.725,BMAT-00471,MaterialBatch,material
BFB-02630,BRG-02630,OR014,outer_race_fault,outer_race,medium,0.7153,诊断结果显示轴承出现中等外圈故障，根因更可能来自材料阶段实体 BMAT-00467 的风险累积。,风险首先在材料阶段形成隐患，运行中持续放大，并通过温度与振动指标表现出来。,0.7095,BMAT-00467,MaterialBatch,material
BFB-02631,BRG-02631,Normal,normal,none,normal,0.927,该轴承样本生命周期风险较低，未形成明确故障追溯链。,运行状态平稳，检测指标未呈现持续恶化趋势。,0.8619,NORMAL_BASELINE,QualityFeedback,feedback
BFB-02632,BRG-02632,B007,rolling_element_fault,rolling_element,slight,0.6995,该样本的生命周期风险在制造阶段较突出，能够解释当前轻微滚动体故障的主要失效模式。,早期表现为局部接触应力升高，随后振动冲击增强，最终演化为轻微滚动体故障。,0.6127,BMAN-00529,ManufacturingBatch,manufacturing
BFB-02633,BRG-02633,OR021,outer_race_fault,outer_race,severe,0.7232,该样本的生命周期风险在制造阶段较突出，能够解释当前严重外圈故障的主要失效模式。,早期表现为局部接触应力升高，随后振动冲击增强，最终演化为严重外圈故障。,0.7947,BMAN-00534,ManufacturingBatch,manufacturing
BFB-02634,BRG-02634,Normal,normal,none,normal,0.8769,该轴承样本生命周期风险较低，未形成明确故障追溯链。,运行状态平稳，检测指标未呈现持续恶化趋势。,0.8734,NORMAL_BASELINE,QualityFeedback,feedback
BFB-02635,BRG-02635,B014,rolling_element_fault,rolling_element,medium,0.6504,诊断结果显示轴承出现中等滚动体故障，根因更可能来自材料阶段实体 BMAT-00276 的风险累积。,风险首先在材料阶段形成隐患，运行中持续放大，并通过温度与振动指标表现出来。,0.6639,BMAT-00276,MaterialBatch,material
BFB-02636,BRG-02636,OR021,outer_race_fault,outer_race,severe,0.7483,该样本的生命周期风险在制造阶段较突出，能够解释当前严重外圈故障的主要失效模式。,早期表现为局部接触应力升高，随后振动冲击增强，最终演化为严重外圈故障。,0.8745,BMAN-00634,ManufacturingBatch,manufacturing
BFB-02637,BRG-02637,IR014,inner_race_fault,inner_race,medium,0.6443,诊断结果显示轴承出现中等内圈故障，根因更可能来自检测阶段实体 BINSP-02637 的风险累积。,早期表现为局部接触应力升高，随后振动冲击增强，最终演化为中等内圈故障。,0.6183,BINSP-02637,InspectionRecord,inspection
BFB-02638,BRG-02638,IR021,inner_race_fault,inner_race,severe,0.7028,结合振动、峭度和温升特征，内圈故障与检测阶段异常高度一致，优先追溯到 BINSP-02638。,早期表现为局部接触应力升高，随后振动冲击增强，最终演化为严重内圈故障。,0.7231,BINSP-02638,InspectionRecord,inspection
BFB-02639,BRG-02639,Normal,normal,none,normal,0.8664,该轴承样本生命周期风险较低，未形成明确故障追溯链。,运行状态平稳，检测指标未呈现持续恶化趋势。,0.8467,NORMAL_BASELINE,QualityFeedback,feedback
BFB-02640,BRG-02640,IR007,inner_race_fault,inner_race,slight,0.6457,诊断结果显示轴承出现轻微内圈故障，根因更可能来自检测阶段实体 BINSP-02640 的风险累积。,风险首先在检测阶段形成隐患，运行中持续放大，并通过温度与振动指标表现出来。,0.6738,BINSP-02640,InspectionRecord,inspection
BFB-02641,BRG-02641,OR014,outer_race_fault,outer_race,medium,0.6876,该样本的生命周期风险在运维阶段较突出，能够解释当前中等外圈故障的主要失效模式。,异常由微小缺陷逐步发展为周期性冲击，检测指标随严重度上升而同步恶化。,0.6144,BOPR-02641,MaintenanceRecord,operation
BFB-02642,BRG-02642,B021,rolling_element_fault,rolling_element,severe,0.6159,诊断结果显示轴承出现严重滚动体故障，根因更可能来自制造阶段实体 BMAN-00919 的风险累积。,风险首先在制造阶段形成隐患，运行中持续放大，并通过温度与振动指标表现出来。,0.6195,BMAN-00919,ManufacturingBatch,manufacturing
BFB-02643,BRG-02643,Normal,normal,none,normal,0.8991,该轴承样本生命周期风险较低，未形成明确故障追溯链。,运行状态平稳，检测指标未呈现持续恶化趋势。,0.7986,NORMAL_BASELINE,QualityFeedback,feedback
BFB-02644,BRG-02644,B014,rolling_element_fault,rolling_element,medium,0.714,诊断结果显示轴承出现中等滚动体故障，根因更可能来自检测阶段实体 BINSP-02644 的风险累积。,早期表现为局部接触应力升高，随后振动冲击增强，最终演化为中等滚动体故障。,0.5931,BINSP-02644,InspectionRecord,inspection
BFB-02645,BRG-02645,B014,rolling_element_fault,rolling_element,medium,0.6971,诊断结果显示轴承出现中等滚动体故障，根因更可能来自材料阶段实体 BMAT-00067 的风险累积。,异常由微小缺陷逐步发展为周期性冲击，检测指标随严重度上升而同步恶化。,0.5743,BMAT-00067,MaterialBatch,material
BFB-02646,BRG-02646,OR021,outer_race_fault,outer_race,severe,0.7771,诊断结果显示轴承出现严重外圈故障，根因更可能来自装配阶段实体 BASM-02646 的风险累积。,异常由微小缺陷逐步发展为周期性冲击，检测指标随严重度上升而同步恶化。,0.686,BASM-02646,AssemblyRecord,assembly
BFB-02647,BRG-02647,IR007,inner_race_fault,inner_race,slight,0.6508,该样本的生命周期风险在材料阶段较突出，能够解释当前轻微内圈故障的主要失效模式。,早期表现为局部接触应力升高，随后振动冲击增强，最终演化为轻微内圈故障。,0.7439,BMAT-00391,MaterialBatch,material
BFB-02648,BRG-02648,B014,rolling_element_fault,rolling_element,medium,0.6862,诊断结果显示轴承出现中等滚动体故障，根因更可能来自制造阶段实体 BMAN-00553 的风险累积。,异常由微小缺陷逐步发展为周期性冲击，检测指标随严重度上升而同步恶化。,0.6656,BMAN-00553,ManufacturingBatch,manufacturing
BFB-02649,BRG-02649,IR007,inner_race_fault,inner_race,slight,0.6662,结合振动、峭度和温升特征，内圈故障与设计阶段异常高度一致，优先追溯到 BDES-00324。,早期表现为局部接触应力升高，随后振动冲击增强，最终演化为轻微内圈故障。,0.5585,BDES-00324,BearingDesignSpec,design
BFB-02650,BRG-02650,IR007,inner_race_fault,inner_race,slight,0.6969,该样本的生命周期风险在装配阶段较突出，能够解释当前轻微内圈故障的主要失效模式。,早期表现为局部接触应力升高，随后振动冲击增强，最终演化为轻微内圈故障。,0.602,BASM-02650,AssemblyRecord,assembly
BFB-02651,BRG-02651,OR014,outer_race_fault,outer_race,medium,0.7372,诊断结果显示轴承出现中等外圈故障，根因更可能来自材料阶段实体 BMAT-00402 的风险累积。,风险首先在材料阶段形成隐患，运行中持续放大，并通过温度与振动指标表现出来。,0.7047,BMAT-00402,MaterialBatch,material
BFB-02652,BRG-02652,OR014,outer_race_fault,outer_race,medium,0.7417,结合振动、峭度和温升特征，外圈故障与运维阶段异常高度一致，优先追溯到 BOPR-02652。,风险首先在运维阶段形成隐患，运行中持续放大，并通过温度与振动指标表现出来。,0.6645,BOPR-02652,MaintenanceRecord,operation
BFB-02653,BRG-02653,IR014,inner_race_fault,inner_race,medium,0.6873,诊断结果显示轴承出现中等内圈故障，根因更可能来自材料阶段实体 BMAT-00374 的风险累积。,风险首先在材料阶段形成隐患，运行中持续放大，并通过温度与振动指标表现出来。,0.7175,BMAT-00374,MaterialBatch,material
BFB-02654,BRG-02654,B007,rolling_element_fault,rolling_element,slight,0.7306,结合振动、峭度和温升特征，滚动体故障与运维阶段异常高度一致，优先追溯到 BOPR-02654。,风险首先在运维阶段形成隐患，运行中持续放大，并通过温度与振动指标表现出来。,0.648,BOPR-02654,MaintenanceRecord,operation
BFB-02655,BRG-02655,B014,rolling_element_fault,rolling_element,medium,0.7159,诊断结果显示轴承出现中等滚动体故障，根因更可能来自制造阶段实体 BMAN-00794 的风险累积。,异常由微小缺陷逐步发展为周期性冲击，检测指标随严重度上升而同步恶化。,0.6473,BMAN-00794,ManufacturingBatch,manufacturing
BFB-02656,BRG-02656,B007,rolling_element_fault,rolling_element,slight,0.6682,该样本的生命周期风险在检测阶段较突出，能够解释当前轻微滚动体故障的主要失效模式。,风险首先在检测阶段形成隐患，运行中持续放大，并通过温度与振动指标表现出来。,0.571,BINSP-02656,InspectionRecord,inspection
BFB-02657,BRG-02657,OR014,outer_race_fault,outer_race,medium,0.668,结合振动、峭度和温升特征，外圈故障与制造阶段异常高度一致，优先追溯到 BMAN-00972。,早期表现为局部接触应力升高，随后振动冲击增强，最终演化为中等外圈故障。,0.676,BMAN-00972,ManufacturingBatch,manufacturing
BFB-02658,BRG-02658,Normal,normal,none,normal,0.8809,该轴承样本生命周期风险较低，未形成明确故障追溯链。,运行状态平稳，检测指标未呈现持续恶化趋势。,0.8605,NORMAL_BASELINE,QualityFeedback,feedback
BFB-02659,BRG-02659,IR014,inner_race_fault,inner_race,medium,0.6778,诊断结果显示轴承出现中等内圈故障，根因更可能来自材料阶段实体 BMAT-00369 的风险累积。,异常由微小缺陷逐步发展为周期性冲击，检测指标随严重度上升而同步恶化。,0.6736,BMAT-00369,MaterialBatch,material
BFB-02660,BRG-02660,IR007,inner_race_fault,inner_race,slight,0.7046,结合振动、峭度和温升特征，内圈故障与装配阶段异常高度一致，优先追溯到 BASM-02660。,早期表现为局部接触应力升高，随后振动冲击增强，最终演化为轻微内圈故障。,0.6137,BASM-02660,AssemblyRecord,assembly
BFB-02661,BRG-02661,OR021,outer_race_fault,outer_race,severe,0.8066,该样本的生命周期风险在装配阶段较突出，能够解释当前严重外圈故障的主要失效模式。,异常由微小缺陷逐步发展为周期性冲击，检测指标随严重度上升而同步恶化。,0.7011,BASM-02661,AssemblyRecord,assembly
BFB-02662,BRG-02662,IR014,inner_race_fault,inner_race,medium,0.6643,诊断结果显示轴承出现中等内圈故障，根因更可能来自制造阶段实体 BMAN-00311 的风险累积。,早期表现为局部接触应力升高，随后振动冲击增强，最终演化为中等内圈故障。,0.7831,BMAN-00311,ManufacturingBatch,manufacturing
BFB-02663,BRG-02663,Normal,normal,none,normal,0.9487,该轴承样本生命周期风险较低，未形成明确故障追溯链。,运行状态平稳，检测指标未呈现持续恶化趋势。,0.8557,NORMAL_BASELINE,QualityFeedback,feedback
BFB-02664,BRG-02664,OR021,outer_race_fault,outer_race,severe,0.7334,结合振动、峭度和温升特征，外圈故障与运维阶段异常高度一致，优先追溯到 BOPR-02664。,风险首先在运维阶段形成隐患，运行中持续放大，并通过温度与振动指标表现出来。,0.6871,BOPR-02664,MaintenanceRecord,operation
BFB-02665,BRG-02665,B021,rolling_element_fault,rolling_element,severe,0.748,该样本的生命周期风险在装配阶段较突出，能够解释当前严重滚动体故障的主要失效模式。,早期表现为局部接触应力升高，随后振动冲击增强，最终演化为严重滚动体故障。,0.7381,BASM-02665,AssemblyRecord,assembly
BFB-02666,BRG-02666,B007,rolling_element_fault,rolling_element,slight,0.7176,诊断结果显示轴承出现轻微滚动体故障，根因更可能来自材料阶段实体 BMAT-00105 的风险累积。,早期表现为局部接触应力升高，随后振动冲击增强，最终演化为轻微滚动体故障。,0.6173,BMAT-00105,MaterialBatch,material
BFB-02667,BRG-02667,OR021,outer_race_fault,outer_race,severe,0.6948,该样本的生命周期风险在装配阶段较突出，能够解释当前严重外圈故障的主要失效模式。,早期表现为局部接触应力升高，随后振动冲击增强，最终演化为严重外圈故障。,0.636,BASM-02667,AssemblyRecord,assembly
BFB-02668,BRG-02668,IR007,inner_race_fault,inner_race,slight,0.7453,该样本的生命周期风险在装配阶段较突出，能够解释当前轻微内圈故障的主要失效模式。,早期表现为局部接触应力升高，随后振动冲击增强，最终演化为轻微内圈故障。,0.6843,BASM-02668,AssemblyRecord,assembly
BFB-02669,BRG-02669,Normal,normal,none,normal,0.8733,该轴承样本生命周期风险较低，未形成明确故障追溯链。,运行状态平稳，检测指标未呈现持续恶化趋势。,0.8652,NORMAL_BASELINE,QualityFeedback,feedback
BFB-02670,BRG-02670,OR021,outer_race_fault,outer_race,severe,0.7283,诊断结果显示轴承出现严重外圈故障，根因更可能来自材料阶段实体 BMAT-00368 的风险累积。,早期表现为局部接触应力升高，随后振动冲击增强，最终演化为严重外圈故障。,0.6792,BMAT-00368,MaterialBatch,material
BFB-02671,BRG-02671,Normal,normal,none,normal,0.9254,该轴承样本生命周期风险较低，未形成明确故障追溯链。,运行状态平稳，检测指标未呈现持续恶化趋势。,0.8554,NORMAL_BASELINE,QualityFeedback,feedback
BFB-02672,BRG-02672,Normal,normal,none,normal,0.8756,该轴承样本生命周期风险较低，未形成明确故障追溯链。,运行状态平稳，检测指标未呈现持续恶化趋势。,0.8806,NORMAL_BASELINE,QualityFeedback,feedback
BFB-02673,BRG-02673,IR014,inner_race_fault,inner_race,medium,0.6958,结合振动、峭度和温升特征，内圈故障与装配阶段异常高度一致，优先追溯到 BASM-02673。,异常由微小缺陷逐步发展为周期性冲击，检测指标随严重度上升而同步恶化。,0.6741,BASM-02673,AssemblyRecord,assembly
BFB-02674,BRG-02674,IR014,inner_race_fault,inner_race,medium,0.7578,该样本的生命周期风险在装配阶段较突出，能够解释当前中等内圈故障的主要失效模式。,异常由微小缺陷逐步发展为周期性冲击，检测指标随严重度上升而同步恶化。,0.7165,BASM-02674,AssemblyRecord,assembly
BFB-02675,BRG-02675,Normal,normal,none,normal,0.8733,该轴承样本生命周期风险较低，未形成明确故障追溯链。,运行状态平稳，检测指标未呈现持续恶化趋势。,0.84,NORMAL_BASELINE,QualityFeedback,feedback
BFB-02676,BRG-02676,IR014,inner_race_fault,inner_race,medium,0.7743,结合振动、峭度和温升特征，内圈故障与装配阶段异常高度一致，优先追溯到 BASM-02676。,早期表现为局部接触应力升高，随后振动冲击增强，最终演化为中等内圈故障。,0.6481,BASM-02676,AssemblyRecord,assembly
BFB-02677,BRG-02677,Normal,normal,none,normal,0.915,该轴承样本生命周期风险较低，未形成明确故障追溯链。,运行状态平稳，检测指标未呈现持续恶化趋势。,0.8107,NORMAL_BASELINE,QualityFeedback,feedback
BFB-02678,BRG-02678,Normal,normal,none,normal,0.8787,该轴承样本生命周期风险较低，未形成明确故障追溯链。,运行状态平稳，检测指标未呈现持续恶化趋势。,0.8951,NORMAL_BASELINE,QualityFeedback,feedback
BFB-02679,BRG-02679,OR014,outer_race_fault,outer_race,medium,0.7683,诊断结果显示轴承出现中等外圈故障，根因更可能来自制造阶段实体 BMAN-00250 的风险累积。,风险首先在制造阶段形成隐患，运行中持续放大，并通过温度与振动指标表现出来。,0.7268,BMAN-00250,ManufacturingBatch,manufacturing
BFB-02680,BRG-02680,OR021,outer_race_fault,outer_race,severe,0.655,结合振动、峭度和温升特征，外圈故障与材料阶段异常高度一致，优先追溯到 BMAT-00098。,风险首先在材料阶段形成隐患，运行中持续放大，并通过温度与振动指标表现出来。,0.6716,BMAT-00098,MaterialBatch,material
BFB-02681,BRG-02681,OR014,outer_race_fault,outer_race,medium,0.7383,诊断结果显示轴承出现中等外圈故障，根因更可能来自材料阶段实体 BMAT-00406 的风险累积。,异常由微小缺陷逐步发展为周期性冲击，检测指标随严重度上升而同步恶化。,0.7158,BMAT-00406,MaterialBatch,material
BFB-02682,BRG-02682,Normal,normal,none,normal,0.9342,该轴承样本生命周期风险较低，未形成明确故障追溯链。,运行状态平稳，检测指标未呈现持续恶化趋势。,0.8186,NORMAL_BASELINE,QualityFeedback,feedback
BFB-02683,BRG-02683,OR014,outer_race_fault,outer_race,medium,0.7199,诊断结果显示轴承出现中等外圈故障，根因更可能来自制造阶段实体 BMAN-00625 的风险累积。,风险首先在制造阶段形成隐患，运行中持续放大，并通过温度与振动指标表现出来。,0.7883,BMAN-00625,ManufacturingBatch,manufacturing
BFB-02684,BRG-02684,OR014,outer_race_fault,outer_race,medium,0.71,诊断结果显示轴承出现中等外圈故障，根因更可能来自装配阶段实体 BASM-02684 的风险累积。,早期表现为局部接触应力升高，随后振动冲击增强，最终演化为中等外圈故障。,0.6743,BASM-02684,AssemblyRecord,assembly
BFB-02685,BRG-02685,OR007,outer_race_fault,outer_race,slight,0.7122,该样本的生命周期风险在材料阶段较突出，能够解释当前轻微外圈故障的主要失效模式。,早期表现为局部接触应力升高，随后振动冲击增强，最终演化为轻微外圈故障。,0.6681,BMAT-00242,MaterialBatch,material
BFB-02686,BRG-02686,OR007,outer_race_fault,outer_race,slight,0.6656,结合振动、峭度和温升特征，外圈故障与装配阶段异常高度一致，优先追溯到 BASM-02686。,早期表现为局部接触应力升高，随后振动冲击增强，最终演化为轻微外圈故障。,0.7111,BASM-02686,AssemblyRecord,assembly
BFB-02687,BRG-02687,IR014,inner_race_fault,inner_race,medium,0.7762,该样本的生命周期风险在检测阶段较突出，能够解释当前中等内圈故障的主要失效模式。,风险首先在检测阶段形成隐患，运行中持续放大，并通过温度与振动指标表现出来。,0.6193,BINSP-02687,InspectionRecord,inspection
BFB-02688,BRG-02688,IR014,inner_race_fault,inner_race,medium,0.7869,诊断结果显示轴承出现中等内圈故障，根因更可能来自制造阶段实体 BMAN-00983 的风险累积。,异常由微小缺陷逐步发展为周期性冲击，检测指标随严重度上升而同步恶化。,0.639,BMAN-00983,ManufacturingBatch,manufacturing
BFB-02689,BRG-02689,Normal,normal,none,normal,0.9107,该轴承样本生命周期风险较低，未形成明确故障追溯链。,运行状态平稳，检测指标未呈现持续恶化趋势。,0.8484,NORMAL_BASELINE,QualityFeedback,feedback
BFB-02690,BRG-02690,OR007,outer_race_fault,outer_race,slight,0.6559,诊断结果显示轴承出现轻微外圈故障，根因更可能来自运维阶段实体 BOPR-02690 的风险累积。,异常由微小缺陷逐步发展为周期性冲击，检测指标随严重度上升而同步恶化。,0.5694,BOPR-02690,MaintenanceRecord,operation
BFB-02691,BRG-02691,IR021,inner_race_fault,inner_race,severe,0.7299,诊断结果显示轴承出现严重内圈故障，根因更可能来自制造阶段实体 BMAN-00743 的风险累积。,异常由微小缺陷逐步发展为周期性冲击，检测指标随严重度上升而同步恶化。,0.6978,BMAN-00743,ManufacturingBatch,manufacturing
BFB-02692,BRG-02692,IR021,inner_race_fault,inner_race,severe,0.7683,诊断结果显示轴承出现严重内圈故障，根因更可能来自装配阶段实体 BASM-02692 的风险累积。,异常由微小缺陷逐步发展为周期性冲击，检测指标随严重度上升而同步恶化。,0.7726,BASM-02692,AssemblyRecord,assembly
BFB-02693,BRG-02693,IR014,inner_race_fault,inner_race,medium,0.6957,诊断结果显示轴承出现中等内圈故障，根因更可能来自检测阶段实体 BINSP-02693 的风险累积。,风险首先在检测阶段形成隐患，运行中持续放大，并通过温度与振动指标表现出来。,0.6718,BINSP-02693,InspectionRecord,inspection
BFB-02694,BRG-02694,Normal,normal,none,normal,0.9134,该轴承样本生命周期风险较低，未形成明确故障追溯链。,运行状态平稳，检测指标未呈现持续恶化趋势。,0.8665,NORMAL_BASELINE,QualityFeedback,feedback
BFB-02695,BRG-02695,Normal,normal,none,normal,0.892,该轴承样本生命周期风险较低，未形成明确故障追溯链。,运行状态平稳，检测指标未呈现持续恶化趋势。,0.7903,NORMAL_BASELINE,QualityFeedback,feedback
BFB-02696,BRG-02696,OR007,outer_race_fault,outer_race,slight,0.7446,结合振动、峭度和温升特征，外圈故障与材料阶段异常高度一致，优先追溯到 BMAT-00331。,风险首先在材料阶段形成隐患，运行中持续放大，并通过温度与振动指标表现出来。,0.6616,BMAT-00331,MaterialBatch,material
BFB-02697,BRG-02697,OR014,outer_race_fault,outer_race,medium,0.7043,该样本的生命周期风险在制造阶段较突出，能够解释当前中等外圈故障的主要失效模式。,异常由微小缺陷逐步发展为周期性冲击，检测指标随严重度上升而同步恶化。,0.6436,BMAN-01040,ManufacturingBatch,manufacturing
BFB-02698,BRG-02698,Normal,normal,none,normal,0.9582,该轴承样本生命周期风险较低，未形成明确故障追溯链。,运行状态平稳，检测指标未呈现持续恶化趋势。,0.8057,NORMAL_BASELINE,QualityFeedback,feedback
BFB-02699,BRG-02699,Normal,normal,none,normal,0.9447,该轴承样本生命周期风险较低，未形成明确故障追溯链。,运行状态平稳，检测指标未呈现持续恶化趋势。,0.8232,NORMAL_BASELINE,QualityFeedback,feedback
BFB-02700,BRG-02700,OR007,outer_race_fault,outer_race,slight,0.6947,该样本的生命周期风险在设计阶段较突出，能够解释当前轻微外圈故障的主要失效模式。,风险首先在设计阶段形成隐患，运行中持续放大，并通过温度与振动指标表现出来。,0.661,BDES-00321,BearingDesignSpec,design
BFB-02701,BRG-02701,OR021,outer_race_fault,outer_race,severe,0.7101,该样本的生命周期风险在装配阶段较突出，能够解释当前严重外圈故障的主要失效模式。,早期表现为局部接触应力升高，随后振动冲击增强，最终演化为严重外圈故障。,0.6516,BASM-02701,AssemblyRecord,assembly
BFB-02702,BRG-02702,B021,rolling_element_fault,rolling_element,severe,0.8144,该样本的生命周期风险在设计阶段较突出，能够解释当前严重滚动体故障的主要失效模式。,异常由微小缺陷逐步发展为周期性冲击，检测指标随严重度上升而同步恶化。,0.7003,BDES-00115,BearingDesignSpec,design
BFB-02703,BRG-02703,OR014,outer_race_fault,outer_race,medium,0.6742,结合振动、峭度和温升特征，外圈故障与装配阶段异常高度一致，优先追溯到 BASM-02703。,风险首先在装配阶段形成隐患，运行中持续放大，并通过温度与振动指标表现出来。,0.717,BASM-02703,AssemblyRecord,assembly
BFB-02704,BRG-02704,OR014,outer_race_fault,outer_race,medium,0.7146,结合振动、峭度和温升特征，外圈故障与装配阶段异常高度一致，优先追溯到 BASM-02704。,异常由微小缺陷逐步发展为周期性冲击，检测指标随严重度上升而同步恶化。,0.7493,BASM-02704,AssemblyRecord,assembly
BFB-02705,BRG-02705,B021,rolling_element_fault,rolling_element,severe,0.6998,结合振动、峭度和温升特征，滚动体故障与材料阶段异常高度一致，优先追溯到 BMAT-00240。,异常由微小缺陷逐步发展为周期性冲击，检测指标随严重度上升而同步恶化。,0.7285,BMAT-00240,MaterialBatch,material
BFB-02706,BRG-02706,B007,rolling_element_fault,rolling_element,slight,0.6686,诊断结果显示轴承出现轻微滚动体故障，根因更可能来自检测阶段实体 BINSP-02706 的风险累积。,异常由微小缺陷逐步发展为周期性冲击，检测指标随严重度上升而同步恶化。,0.6499,BINSP-02706,InspectionRecord,inspection
BFB-02707,BRG-02707,Normal,normal,none,normal,0.9205,该轴承样本生命周期风险较低，未形成明确故障追溯链。,运行状态平稳，检测指标未呈现持续恶化趋势。,0.8109,NORMAL_BASELINE,QualityFeedback,feedback
BFB-02708,BRG-02708,B021,rolling_element_fault,rolling_element,severe,0.6962,诊断结果显示轴承出现严重滚动体故障，根因更可能来自设计阶段实体 BDES-00325 的风险累积。,异常由微小缺陷逐步发展为周期性冲击，检测指标随严重度上升而同步恶化。,0.8156,BDES-00325,BearingDesignSpec,design
BFB-02709,BRG-02709,B014,rolling_element_fault,rolling_element,medium,0.7586,该样本的生命周期风险在制造阶段较突出，能够解释当前中等滚动体故障的主要失效模式。,风险首先在制造阶段形成隐患，运行中持续放大，并通过温度与振动指标表现出来。,0.6286,BMAN-00174,ManufacturingBatch,manufacturing
BFB-02710,BRG-02710,B014,rolling_element_fault,rolling_element,medium,0.6741,结合振动、峭度和温升特征，滚动体故障与材料阶段异常高度一致，优先追溯到 BMAT-00242。,早期表现为局部接触应力升高，随后振动冲击增强，最终演化为中等滚动体故障。,0.6725,BMAT-00242,MaterialBatch,material
BFB-02711,BRG-02711,OR021,outer_race_fault,outer_race,severe,0.7318,该样本的生命周期风险在制造阶段较突出，能够解释当前严重外圈故障的主要失效模式。,早期表现为局部接触应力升高，随后振动冲击增强，最终演化为严重外圈故障。,0.7625,BMAN-00685,ManufacturingBatch,manufacturing
BFB-02712,BRG-02712,OR014,outer_race_fault,outer_race,medium,0.728,诊断结果显示轴承出现中等外圈故障，根因更可能来自装配阶段实体 BASM-02712 的风险累积。,风险首先在装配阶段形成隐患，运行中持续放大，并通过温度与振动指标表现出来。,0.6898,BASM-02712,AssemblyRecord,assembly
BFB-02713,BRG-02713,IR007,inner_race_fault,inner_race,slight,0.6198,结合振动、峭度和温升特征，内圈故障与制造阶段异常高度一致，优先追溯到 BMAN-00829。,早期表现为局部接触应力升高，随后振动冲击增强，最终演化为轻微内圈故障。,0.6506,BMAN-00829,ManufacturingBatch,manufacturing
BFB-02714,BRG-02714,B021,rolling_element_fault,rolling_element,severe,0.7188,该样本的生命周期风险在制造阶段较突出，能够解释当前严重滚动体故障的主要失效模式。,早期表现为局部接触应力升高，随后振动冲击增强，最终演化为严重滚动体故障。,0.6363,BMAN-01108,ManufacturingBatch,manufacturing
BFB-02715,BRG-02715,OR007,outer_race_fault,outer_race,slight,0.6591,结合振动、峭度和温升特征，外圈故障与制造阶段异常高度一致，优先追溯到 BMAN-00612。,风险首先在制造阶段形成隐患，运行中持续放大，并通过温度与振动指标表现出来。,0.7462,BMAN-00612,ManufacturingBatch,manufacturing
BFB-02716,BRG-02716,OR021,outer_race_fault,outer_race,severe,0.7166,诊断结果显示轴承出现严重外圈故障，根因更可能来自装配阶段实体 BASM-02716 的风险累积。,早期表现为局部接触应力升高，随后振动冲击增强，最终演化为严重外圈故障。,0.6568,BASM-02716,AssemblyRecord,assembly
BFB-02717,BRG-02717,OR007,outer_race_fault,outer_race,slight,0.726,该样本的生命周期风险在装配阶段较突出，能够解释当前轻微外圈故障的主要失效模式。,早期表现为局部接触应力升高，随后振动冲击增强，最终演化为轻微外圈故障。,0.6515,BASM-02717,AssemblyRecord,assembly
BFB-02718,BRG-02718,IR014,inner_race_fault,inner_race,medium,0.7473,诊断结果显示轴承出现中等内圈故障，根因更可能来自运维阶段实体 BOPR-02718 的风险累积。,早期表现为局部接触应力升高，随后振动冲击增强，最终演化为中等内圈故障。,0.7227,BOPR-02718,MaintenanceRecord,operation
BFB-02719,BRG-02719,Normal,normal,none,normal,0.9531,该轴承样本生命周期风险较低，未形成明确故障追溯链。,运行状态平稳，检测指标未呈现持续恶化趋势。,0.8786,NORMAL_BASELINE,QualityFeedback,feedback
BFB-02720,BRG-02720,B021,rolling_element_fault,rolling_element,severe,0.7736,该样本的生命周期风险在材料阶段较突出，能够解释当前严重滚动体故障的主要失效模式。,早期表现为局部接触应力升高，随后振动冲击增强，最终演化为严重滚动体故障。,0.604,BMAT-00477,MaterialBatch,material
BFB-02721,BRG-02721,OR014,outer_race_fault,outer_race,medium,0.736,该样本的生命周期风险在制造阶段较突出，能够解释当前中等外圈故障的主要失效模式。,早期表现为局部接触应力升高，随后振动冲击增强，最终演化为中等外圈故障。,0.7317,BMAN-00203,ManufacturingBatch,manufacturing
BFB-02722,BRG-02722,B014,rolling_element_fault,rolling_element,medium,0.7201,诊断结果显示轴承出现中等滚动体故障，根因更可能来自材料阶段实体 BMAT-00339 的风险累积。,早期表现为局部接触应力升高，随后振动冲击增强，最终演化为中等滚动体故障。,0.7775,BMAT-00339,MaterialBatch,material
BFB-02723,BRG-02723,IR014,inner_race_fault,inner_race,medium,0.7116,诊断结果显示轴承出现中等内圈故障，根因更可能来自装配阶段实体 BASM-02723 的风险累积。,早期表现为局部接触应力升高，随后振动冲击增强，最终演化为中等内圈故障。,0.6954,BASM-02723,AssemblyRecord,assembly
BFB-02724,BRG-02724,OR014,outer_race_fault,outer_race,medium,0.6969,诊断结果显示轴承出现中等外圈故障，根因更可能来自装配阶段实体 BASM-02724 的风险累积。,异常由微小缺陷逐步发展为周期性冲击，检测指标随严重度上升而同步恶化。,0.5836,BASM-02724,AssemblyRecord,assembly
BFB-02725,BRG-02725,IR014,inner_race_fault,inner_race,medium,0.7053,该样本的生命周期风险在设计阶段较突出，能够解释当前中等内圈故障的主要失效模式。,早期表现为局部接触应力升高，随后振动冲击增强，最终演化为中等内圈故障。,0.7122,BDES-00090,BearingDesignSpec,design
BFB-02726,BRG-02726,IR014,inner_race_fault,inner_race,medium,0.6836,诊断结果显示轴承出现中等内圈故障，根因更可能来自制造阶段实体 BMAN-01200 的风险累积。,风险首先在制造阶段形成隐患，运行中持续放大，并通过温度与振动指标表现出来。,0.7137,BMAN-01200,ManufacturingBatch,manufacturing
BFB-02727,BRG-02727,B014,rolling_element_fault,rolling_element,medium,0.6949,结合振动、峭度和温升特征，滚动体故障与制造阶段异常高度一致，优先追溯到 BMAN-00003。,风险首先在制造阶段形成隐患，运行中持续放大，并通过温度与振动指标表现出来。,0.6884,BMAN-00003,ManufacturingBatch,manufacturing
BFB-02728,BRG-02728,B014,rolling_element_fault,rolling_element,medium,0.6987,诊断结果显示轴承出现中等滚动体故障，根因更可能来自材料阶段实体 BMAT-00215 的风险累积。,异常由微小缺陷逐步发展为周期性冲击，检测指标随严重度上升而同步恶化。,0.6022,BMAT-00215,MaterialBatch,material
BFB-02729,BRG-02729,IR007,inner_race_fault,inner_race,slight,0.6565,诊断结果显示轴承出现轻微内圈故障，根因更可能来自检测阶段实体 BINSP-02729 的风险累积。,早期表现为局部接触应力升高，随后振动冲击增强，最终演化为轻微内圈故障。,0.6696,BINSP-02729,InspectionRecord,inspection
BFB-02730,BRG-02730,Normal,normal,none,normal,0.9519,该轴承样本生命周期风险较低，未形成明确故障追溯链。,运行状态平稳，检测指标未呈现持续恶化趋势。,0.7847,NORMAL_BASELINE,QualityFeedback,feedback
BFB-02731,BRG-02731,IR014,inner_race_fault,inner_race,medium,0.7142,诊断结果显示轴承出现中等内圈故障，根因更可能来自制造阶段实体 BMAN-00358 的风险累积。,风险首先在制造阶段形成隐患，运行中持续放大，并通过温度与振动指标表现出来。,0.6602,BMAN-00358,ManufacturingBatch,manufacturing
BFB-02732,BRG-02732,Normal,normal,none,normal,0.884,该轴承样本生命周期风险较低，未形成明确故障追溯链。,运行状态平稳，检测指标未呈现持续恶化趋势。,0.8887,NORMAL_BASELINE,QualityFeedback,feedback
BFB-02733,BRG-02733,B007,rolling_element_fault,rolling_element,slight,0.7119,该样本的生命周期风险在设计阶段较突出，能够解释当前轻微滚动体故障的主要失效模式。,风险首先在设计阶段形成隐患，运行中持续放大，并通过温度与振动指标表现出来。,0.6893,BDES-00780,BearingDesignSpec,design
BFB-02734,BRG-02734,IR014,inner_race_fault,inner_race,medium,0.681,结合振动、峭度和温升特征，内圈故障与材料阶段异常高度一致，优先追溯到 BMAT-00071。,风险首先在材料阶段形成隐患，运行中持续放大，并通过温度与振动指标表现出来。,0.6389,BMAT-00071,MaterialBatch,material
BFB-02735,BRG-02735,B007,rolling_element_fault,rolling_element,slight,0.6822,诊断结果显示轴承出现轻微滚动体故障，根因更可能来自材料阶段实体 BMAT-00270 的风险累积。,异常由微小缺陷逐步发展为周期性冲击，检测指标随严重度上升而同步恶化。,0.6104,BMAT-00270,MaterialBatch,material
BFB-02736,BRG-02736,B007,rolling_element_fault,rolling_element,slight,0.7677,该样本的生命周期风险在制造阶段较突出，能够解释当前轻微滚动体故障的主要失效模式。,早期表现为局部接触应力升高，随后振动冲击增强，最终演化为轻微滚动体故障。,0.7123,BMAN-00049,ManufacturingBatch,manufacturing
BFB-02737,BRG-02737,B014,rolling_element_fault,rolling_element,medium,0.6885,诊断结果显示轴承出现中等滚动体故障，根因更可能来自装配阶段实体 BASM-02737 的风险累积。,早期表现为局部接触应力升高，随后振动冲击增强，最终演化为中等滚动体故障。,0.6305,BASM-02737,AssemblyRecord,assembly
BFB-02738,BRG-02738,OR007,outer_race_fault,outer_race,slight,0.691,结合振动、峭度和温升特征，外圈故障与制造阶段异常高度一致，优先追溯到 BMAN-00690。,异常由微小缺陷逐步发展为周期性冲击，检测指标随严重度上升而同步恶化。,0.6186,BMAN-00690,ManufacturingBatch,manufacturing
BFB-02739,BRG-02739,IR007,inner_race_fault,inner_race,slight,0.6741,结合振动、峭度和温升特征，内圈故障与制造阶段异常高度一致，优先追溯到 BMAN-00880。,风险首先在制造阶段形成隐患，运行中持续放大，并通过温度与振动指标表现出来。,0.6532,BMAN-00880,ManufacturingBatch,manufacturing
BFB-02740,BRG-02740,Normal,normal,none,normal,0.888,该轴承样本生命周期风险较低，未形成明确故障追溯链。,运行状态平稳，检测指标未呈现持续恶化趋势。,0.7818,NORMAL_BASELINE,QualityFeedback,feedback
BFB-02741,BRG-02741,B014,rolling_element_fault,rolling_element,medium,0.7389,该样本的生命周期风险在制造阶段较突出，能够解释当前中等滚动体故障的主要失效模式。,早期表现为局部接触应力升高，随后振动冲击增强，最终演化为中等滚动体故障。,0.6534,BMAN-00634,ManufacturingBatch,manufacturing
BFB-02742,BRG-02742,Normal,normal,none,normal,0.9175,该轴承样本生命周期风险较低，未形成明确故障追溯链。,运行状态平稳，检测指标未呈现持续恶化趋势。,0.8036,NORMAL_BASELINE,QualityFeedback,feedback
BFB-02743,BRG-02743,OR021,outer_race_fault,outer_race,severe,0.7134,诊断结果显示轴承出现严重外圈故障，根因更可能来自装配阶段实体 BASM-02743 的风险累积。,异常由微小缺陷逐步发展为周期性冲击，检测指标随严重度上升而同步恶化。,0.7563,BASM-02743,AssemblyRecord,assembly
BFB-02744,BRG-02744,IR021,inner_race_fault,inner_race,severe,0.7355,该样本的生命周期风险在装配阶段较突出，能够解释当前严重内圈故障的主要失效模式。,异常由微小缺陷逐步发展为周期性冲击，检测指标随严重度上升而同步恶化。,0.7514,BASM-02744,AssemblyRecord,assembly
BFB-02745,BRG-02745,B007,rolling_element_fault,rolling_element,slight,0.7396,该样本的生命周期风险在装配阶段较突出，能够解释当前轻微滚动体故障的主要失效模式。,早期表现为局部接触应力升高，随后振动冲击增强，最终演化为轻微滚动体故障。,0.7449,BASM-02745,AssemblyRecord,assembly
BFB-02746,BRG-02746,B021,rolling_element_fault,rolling_element,severe,0.6587,结合振动、峭度和温升特征，滚动体故障与运维阶段异常高度一致，优先追溯到 BOPR-02746。,风险首先在运维阶段形成隐患，运行中持续放大，并通过温度与振动指标表现出来。,0.7164,BOPR-02746,MaintenanceRecord,operation
BFB-02747,BRG-02747,IR021,inner_race_fault,inner_race,severe,0.8249,结合振动、峭度和温升特征，内圈故障与设计阶段异常高度一致，优先追溯到 BDES-00440。,早期表现为局部接触应力升高，随后振动冲击增强，最终演化为严重内圈故障。,0.6806,BDES-00440,BearingDesignSpec,design
BFB-02748,BRG-02748,B014,rolling_element_fault,rolling_element,medium,0.6742,诊断结果显示轴承出现中等滚动体故障，根因更可能来自制造阶段实体 BMAN-00726 的风险累积。,早期表现为局部接触应力升高，随后振动冲击增强，最终演化为中等滚动体故障。,0.7248,BMAN-00726,ManufacturingBatch,manufacturing
BFB-02749,BRG-02749,Normal,normal,none,normal,0.9474,该轴承样本生命周期风险较低，未形成明确故障追溯链。,运行状态平稳，检测指标未呈现持续恶化趋势。,0.8664,NORMAL_BASELINE,QualityFeedback,feedback
BFB-02750,BRG-02750,OR007,outer_race_fault,outer_race,slight,0.7283,结合振动、峭度和温升特征，外圈故障与制造阶段异常高度一致，优先追溯到 BMAN-00785。,异常由微小缺陷逐步发展为周期性冲击，检测指标随严重度上升而同步恶化。,0.6761,BMAN-00785,ManufacturingBatch,manufacturing
BFB-02751,BRG-02751,OR021,outer_race_fault,outer_race,severe,0.6257,诊断结果显示轴承出现严重外圈故障，根因更可能来自设计阶段实体 BDES-00224 的风险累积。,风险首先在设计阶段形成隐患，运行中持续放大，并通过温度与振动指标表现出来。,0.6917,BDES-00224,BearingDesignSpec,design
BFB-02752,BRG-02752,Normal,normal,none,normal,0.8673,该轴承样本生命周期风险较低，未形成明确故障追溯链。,运行状态平稳，检测指标未呈现持续恶化趋势。,0.8045,NORMAL_BASELINE,QualityFeedback,feedback
BFB-02753,BRG-02753,IR014,inner_race_fault,inner_race,medium,0.763,该样本的生命周期风险在材料阶段较突出，能够解释当前中等内圈故障的主要失效模式。,早期表现为局部接触应力升高，随后振动冲击增强，最终演化为中等内圈故障。,0.6489,BMAT-00448,MaterialBatch,material
BFB-02754,BRG-02754,B007,rolling_element_fault,rolling_element,slight,0.652,结合振动、峭度和温升特征，滚动体故障与材料阶段异常高度一致，优先追溯到 BMAT-00351。,风险首先在材料阶段形成隐患，运行中持续放大，并通过温度与振动指标表现出来。,0.6561,BMAT-00351,MaterialBatch,material
BFB-02755,BRG-02755,OR014,outer_race_fault,outer_race,medium,0.7355,结合振动、峭度和温升特征，外圈故障与装配阶段异常高度一致，优先追溯到 BASM-02755。,风险首先在装配阶段形成隐患，运行中持续放大，并通过温度与振动指标表现出来。,0.6148,BASM-02755,AssemblyRecord,assembly
BFB-02756,BRG-02756,IR021,inner_race_fault,inner_race,severe,0.7187,诊断结果显示轴承出现严重内圈故障，根因更可能来自检测阶段实体 BINSP-02756 的风险累积。,异常由微小缺陷逐步发展为周期性冲击，检测指标随严重度上升而同步恶化。,0.7342,BINSP-02756,InspectionRecord,inspection
BFB-02757,BRG-02757,OR007,outer_race_fault,outer_race,slight,0.7708,结合振动、峭度和温升特征，外圈故障与装配阶段异常高度一致，优先追溯到 BASM-02757。,早期表现为局部接触应力升高，随后振动冲击增强，最终演化为轻微外圈故障。,0.6539,BASM-02757,AssemblyRecord,assembly
BFB-02758,BRG-02758,Normal,normal,none,normal,0.8848,该轴承样本生命周期风险较低，未形成明确故障追溯链。,运行状态平稳，检测指标未呈现持续恶化趋势。,0.8412,NORMAL_BASELINE,QualityFeedback,feedback
BFB-02759,BRG-02759,IR021,inner_race_fault,inner_race,severe,0.7298,结合振动、峭度和温升特征，内圈故障与制造阶段异常高度一致，优先追溯到 BMAN-01096。,早期表现为局部接触应力升高，随后振动冲击增强，最终演化为严重内圈故障。,0.6411,BMAN-01096,ManufacturingBatch,manufacturing
BFB-02760,BRG-02760,IR007,inner_race_fault,inner_race,slight,0.6608,结合振动、峭度和温升特征，内圈故障与制造阶段异常高度一致，优先追溯到 BMAN-00451。,早期表现为局部接触应力升高，随后振动冲击增强，最终演化为轻微内圈故障。,0.5975,BMAN-00451,ManufacturingBatch,manufacturing
BFB-02761,BRG-02761,OR014,outer_race_fault,outer_race,medium,0.6462,结合振动、峭度和温升特征，外圈故障与检测阶段异常高度一致，优先追溯到 BINSP-02761。,风险首先在检测阶段形成隐患，运行中持续放大，并通过温度与振动指标表现出来。,0.635,BINSP-02761,InspectionRecord,inspection
BFB-02762,BRG-02762,B014,rolling_element_fault,rolling_element,medium,0.6911,该样本的生命周期风险在检测阶段较突出，能够解释当前中等滚动体故障的主要失效模式。,早期表现为局部接触应力升高，随后振动冲击增强，最终演化为中等滚动体故障。,0.67,BINSP-02762,InspectionRecord,inspection
BFB-02763,BRG-02763,OR021,outer_race_fault,outer_race,severe,0.6811,该样本的生命周期风险在制造阶段较突出，能够解释当前严重外圈故障的主要失效模式。,早期表现为局部接触应力升高，随后振动冲击增强，最终演化为严重外圈故障。,0.6852,BMAN-00883,ManufacturingBatch,manufacturing
BFB-02764,BRG-02764,B014,rolling_element_fault,rolling_element,medium,0.7095,结合振动、峭度和温升特征，滚动体故障与制造阶段异常高度一致，优先追溯到 BMAN-01158。,异常由微小缺陷逐步发展为周期性冲击，检测指标随严重度上升而同步恶化。,0.6596,BMAN-01158,ManufacturingBatch,manufacturing
BFB-02765,BRG-02765,B014,rolling_element_fault,rolling_element,medium,0.6825,结合振动、峭度和温升特征，滚动体故障与材料阶段异常高度一致，优先追溯到 BMAT-00282。,风险首先在材料阶段形成隐患，运行中持续放大，并通过温度与振动指标表现出来。,0.5739,BMAT-00282,MaterialBatch,material
BFB-02766,BRG-02766,B014,rolling_element_fault,rolling_element,medium,0.6823,该样本的生命周期风险在制造阶段较突出，能够解释当前中等滚动体故障的主要失效模式。,早期表现为局部接触应力升高，随后振动冲击增强，最终演化为中等滚动体故障。,0.7815,BMAN-00949,ManufacturingBatch,manufacturing
BFB-02767,BRG-02767,B014,rolling_element_fault,rolling_element,medium,0.7705,该样本的生命周期风险在制造阶段较突出，能够解释当前中等滚动体故障的主要失效模式。,风险首先在制造阶段形成隐患，运行中持续放大，并通过温度与振动指标表现出来。,0.7111,BMAN-00230,ManufacturingBatch,manufacturing
BFB-02768,BRG-02768,B007,rolling_element_fault,rolling_element,slight,0.6223,诊断结果显示轴承出现轻微滚动体故障，根因更可能来自材料阶段实体 BMAT-00401 的风险累积。,风险首先在材料阶段形成隐患，运行中持续放大，并通过温度与振动指标表现出来。,0.5667,BMAT-00401,MaterialBatch,material
BFB-02769,BRG-02769,IR021,inner_race_fault,inner_race,severe,0.7273,该样本的生命周期风险在装配阶段较突出，能够解释当前严重内圈故障的主要失效模式。,异常由微小缺陷逐步发展为周期性冲击，检测指标随严重度上升而同步恶化。,0.7038,BASM-02769,AssemblyRecord,assembly
BFB-02770,BRG-02770,B007,rolling_element_fault,rolling_element,slight,0.6788,该样本的生命周期风险在装配阶段较突出，能够解释当前轻微滚动体故障的主要失效模式。,风险首先在装配阶段形成隐患，运行中持续放大，并通过温度与振动指标表现出来。,0.6212,BASM-02770,AssemblyRecord,assembly
BFB-02771,BRG-02771,IR014,inner_race_fault,inner_race,medium,0.7238,该样本的生命周期风险在运维阶段较突出，能够解释当前中等内圈故障的主要失效模式。,风险首先在运维阶段形成隐患，运行中持续放大，并通过温度与振动指标表现出来。,0.6393,BOPR-02771,MaintenanceRecord,operation
BFB-02772,BRG-02772,B007,rolling_element_fault,rolling_element,slight,0.6718,诊断结果显示轴承出现轻微滚动体故障，根因更可能来自运维阶段实体 BOPR-02772 的风险累积。,早期表现为局部接触应力升高，随后振动冲击增强，最终演化为轻微滚动体故障。,0.6491,BOPR-02772,MaintenanceRecord,operation
BFB-02773,BRG-02773,B014,rolling_element_fault,rolling_element,medium,0.727,该样本的生命周期风险在装配阶段较突出，能够解释当前中等滚动体故障的主要失效模式。,早期表现为局部接触应力升高，随后振动冲击增强，最终演化为中等滚动体故障。,0.7023,BASM-02773,AssemblyRecord,assembly
BFB-02774,BRG-02774,IR014,inner_race_fault,inner_race,medium,0.6914,该样本的生命周期风险在制造阶段较突出，能够解释当前中等内圈故障的主要失效模式。,风险首先在制造阶段形成隐患，运行中持续放大，并通过温度与振动指标表现出来。,0.7173,BMAN-00108,ManufacturingBatch,manufacturing
BFB-02775,BRG-02775,OR014,outer_race_fault,outer_race,medium,0.6455,诊断结果显示轴承出现中等外圈故障，根因更可能来自设计阶段实体 BDES-00201 的风险累积。,早期表现为局部接触应力升高，随后振动冲击增强，最终演化为中等外圈故障。,0.6247,BDES-00201,BearingDesignSpec,design
BFB-02776,BRG-02776,B021,rolling_element_fault,rolling_element,severe,0.7756,该样本的生命周期风险在材料阶段较突出，能够解释当前严重滚动体故障的主要失效模式。,异常由微小缺陷逐步发展为周期性冲击，检测指标随严重度上升而同步恶化。,0.7156,BMAT-00213,MaterialBatch,material
BFB-02777,BRG-02777,OR014,outer_race_fault,outer_race,medium,0.7181,诊断结果显示轴承出现中等外圈故障，根因更可能来自制造阶段实体 BMAN-00685 的风险累积。,早期表现为局部接触应力升高，随后振动冲击增强，最终演化为中等外圈故障。,0.673,BMAN-00685,ManufacturingBatch,manufacturing
BFB-02778,BRG-02778,OR021,outer_race_fault,outer_race,severe,0.7311,诊断结果显示轴承出现严重外圈故障，根因更可能来自制造阶段实体 BMAN-00092 的风险累积。,异常由微小缺陷逐步发展为周期性冲击，检测指标随严重度上升而同步恶化。,0.7095,BMAN-00092,ManufacturingBatch,manufacturing
BFB-02779,BRG-02779,OR014,outer_race_fault,outer_race,medium,0.6428,结合振动、峭度和温升特征，外圈故障与制造阶段异常高度一致，优先追溯到 BMAN-00113。,风险首先在制造阶段形成隐患，运行中持续放大，并通过温度与振动指标表现出来。,0.733,BMAN-00113,ManufacturingBatch,manufacturing
BFB-02780,BRG-02780,B014,rolling_element_fault,rolling_element,medium,0.6359,该样本的生命周期风险在装配阶段较突出，能够解释当前中等滚动体故障的主要失效模式。,早期表现为局部接触应力升高，随后振动冲击增强，最终演化为中等滚动体故障。,0.6469,BASM-02780,AssemblyRecord,assembly
BFB-02781,BRG-02781,OR007,outer_race_fault,outer_race,slight,0.6722,结合振动、峭度和温升特征，外圈故障与运维阶段异常高度一致，优先追溯到 BOPR-02781。,早期表现为局部接触应力升高，随后振动冲击增强，最终演化为轻微外圈故障。,0.7198,BOPR-02781,MaintenanceRecord,operation
BFB-02782,BRG-02782,B014,rolling_element_fault,rolling_element,medium,0.73,诊断结果显示轴承出现中等滚动体故障，根因更可能来自装配阶段实体 BASM-02782 的风险累积。,早期表现为局部接触应力升高，随后振动冲击增强，最终演化为中等滚动体故障。,0.7391,BASM-02782,AssemblyRecord,assembly
BFB-02783,BRG-02783,B014,rolling_element_fault,rolling_element,medium,0.7339,该样本的生命周期风险在运维阶段较突出，能够解释当前中等滚动体故障的主要失效模式。,异常由微小缺陷逐步发展为周期性冲击，检测指标随严重度上升而同步恶化。,0.7271,BOPR-02783,MaintenanceRecord,operation
BFB-02784,BRG-02784,B007,rolling_element_fault,rolling_element,slight,0.6939,诊断结果显示轴承出现轻微滚动体故障，根因更可能来自运维阶段实体 BOPR-02784 的风险累积。,风险首先在运维阶段形成隐患，运行中持续放大，并通过温度与振动指标表现出来。,0.6687,BOPR-02784,MaintenanceRecord,operation
BFB-02785,BRG-02785,B021,rolling_element_fault,rolling_element,severe,0.7349,结合振动、峭度和温升特征，滚动体故障与装配阶段异常高度一致，优先追溯到 BASM-02785。,早期表现为局部接触应力升高，随后振动冲击增强，最终演化为严重滚动体故障。,0.7635,BASM-02785,AssemblyRecord,assembly
BFB-02786,BRG-02786,Normal,normal,none,normal,0.8977,该轴承样本生命周期风险较低，未形成明确故障追溯链。,运行状态平稳，检测指标未呈现持续恶化趋势。,0.8786,NORMAL_BASELINE,QualityFeedback,feedback
BFB-02787,BRG-02787,OR007,outer_race_fault,outer_race,slight,0.7298,诊断结果显示轴承出现轻微外圈故障，根因更可能来自装配阶段实体 BASM-02787 的风险累积。,异常由微小缺陷逐步发展为周期性冲击，检测指标随严重度上升而同步恶化。,0.6557,BASM-02787,AssemblyRecord,assembly
BFB-02788,BRG-02788,OR014,outer_race_fault,outer_race,medium,0.6611,诊断结果显示轴承出现中等外圈故障，根因更可能来自装配阶段实体 BASM-02788 的风险累积。,早期表现为局部接触应力升高，随后振动冲击增强，最终演化为中等外圈故障。,0.6506,BASM-02788,AssemblyRecord,assembly
BFB-02789,BRG-02789,IR014,inner_race_fault,inner_race,medium,0.7033,该样本的生命周期风险在装配阶段较突出，能够解释当前中等内圈故障的主要失效模式。,早期表现为局部接触应力升高，随后振动冲击增强，最终演化为中等内圈故障。,0.7112,BASM-02789,AssemblyRecord,assembly
BFB-02790,BRG-02790,OR014,outer_race_fault,outer_race,medium,0.6975,结合振动、峭度和温升特征，外圈故障与制造阶段异常高度一致，优先追溯到 BMAN-00782。,早期表现为局部接触应力升高，随后振动冲击增强，最终演化为中等外圈故障。,0.6513,BMAN-00782,ManufacturingBatch,manufacturing
BFB-02791,BRG-02791,Normal,normal,none,normal,0.8961,该轴承样本生命周期风险较低，未形成明确故障追溯链。,运行状态平稳，检测指标未呈现持续恶化趋势。,0.7981,NORMAL_BASELINE,QualityFeedback,feedback
BFB-02792,BRG-02792,Normal,normal,none,normal,0.8948,该轴承样本生命周期风险较低，未形成明确故障追溯链。,运行状态平稳，检测指标未呈现持续恶化趋势。,0.8607,NORMAL_BASELINE,QualityFeedback,feedback
BFB-02793,BRG-02793,OR014,outer_race_fault,outer_race,medium,0.6907,该样本的生命周期风险在制造阶段较突出，能够解释当前中等外圈故障的主要失效模式。,风险首先在制造阶段形成隐患，运行中持续放大，并通过温度与振动指标表现出来。,0.6976,BMAN-00924,ManufacturingBatch,manufacturing
BFB-02794,BRG-02794,OR021,outer_race_fault,outer_race,severe,0.723,结合振动、峭度和温升特征，外圈故障与装配阶段异常高度一致，优先追溯到 BASM-02794。,早期表现为局部接触应力升高，随后振动冲击增强，最终演化为严重外圈故障。,0.6953,BASM-02794,AssemblyRecord,assembly
BFB-02795,BRG-02795,Normal,normal,none,normal,0.8754,该轴承样本生命周期风险较低，未形成明确故障追溯链。,运行状态平稳，检测指标未呈现持续恶化趋势。,0.7947,NORMAL_BASELINE,QualityFeedback,feedback
BFB-02796,BRG-02796,B014,rolling_element_fault,rolling_element,medium,0.737,诊断结果显示轴承出现中等滚动体故障，根因更可能来自制造阶段实体 BMAN-00551 的风险累积。,异常由微小缺陷逐步发展为周期性冲击，检测指标随严重度上升而同步恶化。,0.6528,BMAN-00551,ManufacturingBatch,manufacturing
BFB-02797,BRG-02797,Normal,normal,none,normal,0.9368,该轴承样本生命周期风险较低，未形成明确故障追溯链。,运行状态平稳，检测指标未呈现持续恶化趋势。,0.8255,NORMAL_BASELINE,QualityFeedback,feedback
BFB-02798,BRG-02798,IR007,inner_race_fault,inner_race,slight,0.6164,该样本的生命周期风险在制造阶段较突出，能够解释当前轻微内圈故障的主要失效模式。,早期表现为局部接触应力升高，随后振动冲击增强，最终演化为轻微内圈故障。,0.641,BMAN-00214,ManufacturingBatch,manufacturing
BFB-02799,BRG-02799,IR007,inner_race_fault,inner_race,slight,0.7246,诊断结果显示轴承出现轻微内圈故障，根因更可能来自材料阶段实体 BMAT-00308 的风险累积。,异常由微小缺陷逐步发展为周期性冲击，检测指标随严重度上升而同步恶化。,0.6671,BMAT-00308,MaterialBatch,material
BFB-02800,BRG-02800,IR007,inner_race_fault,inner_race,slight,0.6026,诊断结果显示轴承出现轻微内圈故障，根因更可能来自制造阶段实体 BMAN-01075 的风险累积。,风险首先在制造阶段形成隐患，运行中持续放大，并通过温度与振动指标表现出来。,0.6984,BMAN-01075,ManufacturingBatch,manufacturing
BFB-02801,BRG-02801,OR014,outer_race_fault,outer_race,medium,0.6899,诊断结果显示轴承出现中等外圈故障，根因更可能来自制造阶段实体 BMAN-00018 的风险累积。,早期表现为局部接触应力升高，随后振动冲击增强，最终演化为中等外圈故障。,0.6141,BMAN-00018,ManufacturingBatch,manufacturing
BFB-02802,BRG-02802,OR021,outer_race_fault,outer_race,severe,0.7362,该样本的生命周期风险在装配阶段较突出，能够解释当前严重外圈故障的主要失效模式。,风险首先在装配阶段形成隐患，运行中持续放大，并通过温度与振动指标表现出来。,0.6897,BASM-02802,AssemblyRecord,assembly
BFB-02803,BRG-02803,IR007,inner_race_fault,inner_race,slight,0.7137,该样本的生命周期风险在制造阶段较突出，能够解释当前轻微内圈故障的主要失效模式。,异常由微小缺陷逐步发展为周期性冲击，检测指标随严重度上升而同步恶化。,0.6602,BMAN-01038,ManufacturingBatch,manufacturing
BFB-02804,BRG-02804,IR007,inner_race_fault,inner_race,slight,0.7046,该样本的生命周期风险在检测阶段较突出，能够解释当前轻微内圈故障的主要失效模式。,早期表现为局部接触应力升高，随后振动冲击增强，最终演化为轻微内圈故障。,0.6425,BINSP-02804,InspectionRecord,inspection
BFB-02805,BRG-02805,Normal,normal,none,normal,0.9407,该轴承样本生命周期风险较低，未形成明确故障追溯链。,运行状态平稳，检测指标未呈现持续恶化趋势。,0.8799,NORMAL_BASELINE,QualityFeedback,feedback
BFB-02806,BRG-02806,IR007,inner_race_fault,inner_race,slight,0.6492,诊断结果显示轴承出现轻微内圈故障，根因更可能来自材料阶段实体 BMAT-00358 的风险累积。,风险首先在材料阶段形成隐患，运行中持续放大，并通过温度与振动指标表现出来。,0.6143,BMAT-00358,MaterialBatch,material
BFB-02807,BRG-02807,OR014,outer_race_fault,outer_race,medium,0.7232,该样本的生命周期风险在运维阶段较突出，能够解释当前中等外圈故障的主要失效模式。,风险首先在运维阶段形成隐患，运行中持续放大，并通过温度与振动指标表现出来。,0.6019,BOPR-02807,MaintenanceRecord,operation
BFB-02808,BRG-02808,B014,rolling_element_fault,rolling_element,medium,0.6302,结合振动、峭度和温升特征，滚动体故障与检测阶段异常高度一致，优先追溯到 BINSP-02808。,异常由微小缺陷逐步发展为周期性冲击，检测指标随严重度上升而同步恶化。,0.6619,BINSP-02808,InspectionRecord,inspection
BFB-02809,BRG-02809,B014,rolling_element_fault,rolling_element,medium,0.718,诊断结果显示轴承出现中等滚动体故障，根因更可能来自制造阶段实体 BMAN-00406 的风险累积。,风险首先在制造阶段形成隐患，运行中持续放大，并通过温度与振动指标表现出来。,0.7271,BMAN-00406,ManufacturingBatch,manufacturing
BFB-02810,BRG-02810,IR014,inner_race_fault,inner_race,medium,0.7509,该样本的生命周期风险在材料阶段较突出，能够解释当前中等内圈故障的主要失效模式。,风险首先在材料阶段形成隐患，运行中持续放大，并通过温度与振动指标表现出来。,0.6974,BMAT-00080,MaterialBatch,material
BFB-02811,BRG-02811,B007,rolling_element_fault,rolling_element,slight,0.6519,该样本的生命周期风险在检测阶段较突出，能够解释当前轻微滚动体故障的主要失效模式。,异常由微小缺陷逐步发展为周期性冲击，检测指标随严重度上升而同步恶化。,0.6243,BINSP-02811,InspectionRecord,inspection
BFB-02812,BRG-02812,B021,rolling_element_fault,rolling_element,severe,0.651,结合振动、峭度和温升特征，滚动体故障与制造阶段异常高度一致，优先追溯到 BMAN-00263。,异常由微小缺陷逐步发展为周期性冲击，检测指标随严重度上升而同步恶化。,0.7493,BMAN-00263,ManufacturingBatch,manufacturing
BFB-02813,BRG-02813,IR014,inner_race_fault,inner_race,medium,0.6931,诊断结果显示轴承出现中等内圈故障，根因更可能来自材料阶段实体 BMAT-00130 的风险累积。,异常由微小缺陷逐步发展为周期性冲击，检测指标随严重度上升而同步恶化。,0.6482,BMAT-00130,MaterialBatch,material
BFB-02814,BRG-02814,B007,rolling_element_fault,rolling_element,slight,0.7831,该样本的生命周期风险在检测阶段较突出，能够解释当前轻微滚动体故障的主要失效模式。,异常由微小缺陷逐步发展为周期性冲击，检测指标随严重度上升而同步恶化。,0.6646,BINSP-02814,InspectionRecord,inspection
BFB-02815,BRG-02815,IR007,inner_race_fault,inner_race,slight,0.6974,该样本的生命周期风险在装配阶段较突出，能够解释当前轻微内圈故障的主要失效模式。,风险首先在装配阶段形成隐患，运行中持续放大，并通过温度与振动指标表现出来。,0.7472,BASM-02815,AssemblyRecord,assembly
BFB-02816,BRG-02816,B021,rolling_element_fault,rolling_element,severe,0.6957,该样本的生命周期风险在制造阶段较突出，能够解释当前严重滚动体故障的主要失效模式。,异常由微小缺陷逐步发展为周期性冲击，检测指标随严重度上升而同步恶化。,0.7352,BMAN-00386,ManufacturingBatch,manufacturing
BFB-02817,BRG-02817,IR007,inner_race_fault,inner_race,slight,0.6817,诊断结果显示轴承出现轻微内圈故障，根因更可能来自装配阶段实体 BASM-02817 的风险累积。,风险首先在装配阶段形成隐患，运行中持续放大，并通过温度与振动指标表现出来。,0.5971,BASM-02817,AssemblyRecord,assembly
BFB-02818,BRG-02818,Normal,normal,none,normal,0.9254,该轴承样本生命周期风险较低，未形成明确故障追溯链。,运行状态平稳，检测指标未呈现持续恶化趋势。,0.837,NORMAL_BASELINE,QualityFeedback,feedback
BFB-02819,BRG-02819,IR007,inner_race_fault,inner_race,slight,0.6989,该样本的生命周期风险在材料阶段较突出，能够解释当前轻微内圈故障的主要失效模式。,早期表现为局部接触应力升高，随后振动冲击增强，最终演化为轻微内圈故障。,0.6428,BMAT-00187,MaterialBatch,material
BFB-02820,BRG-02820,B021,rolling_element_fault,rolling_element,severe,0.7718,诊断结果显示轴承出现严重滚动体故障，根因更可能来自材料阶段实体 BMAT-00065 的风险累积。,风险首先在材料阶段形成隐患，运行中持续放大，并通过温度与振动指标表现出来。,0.6454,BMAT-00065,MaterialBatch,material
BFB-02821,BRG-02821,B007,rolling_element_fault,rolling_element,slight,0.6389,诊断结果显示轴承出现轻微滚动体故障，根因更可能来自制造阶段实体 BMAN-00799 的风险累积。,异常由微小缺陷逐步发展为周期性冲击，检测指标随严重度上升而同步恶化。,0.6232,BMAN-00799,ManufacturingBatch,manufacturing
BFB-02822,BRG-02822,IR014,inner_race_fault,inner_race,medium,0.74,结合振动、峭度和温升特征，内圈故障与装配阶段异常高度一致，优先追溯到 BASM-02822。,异常由微小缺陷逐步发展为周期性冲击，检测指标随严重度上升而同步恶化。,0.7087,BASM-02822,AssemblyRecord,assembly
BFB-02823,BRG-02823,OR007,outer_race_fault,outer_race,slight,0.706,结合振动、峭度和温升特征，外圈故障与检测阶段异常高度一致，优先追溯到 BINSP-02823。,早期表现为局部接触应力升高，随后振动冲击增强，最终演化为轻微外圈故障。,0.7163,BINSP-02823,InspectionRecord,inspection
BFB-02824,BRG-02824,Normal,normal,none,normal,0.9503,该轴承样本生命周期风险较低，未形成明确故障追溯链。,运行状态平稳，检测指标未呈现持续恶化趋势。,0.8291,NORMAL_BASELINE,QualityFeedback,feedback
BFB-02825,BRG-02825,B021,rolling_element_fault,rolling_element,severe,0.7243,结合振动、峭度和温升特征，滚动体故障与材料阶段异常高度一致，优先追溯到 BMAT-00353。,早期表现为局部接触应力升高，随后振动冲击增强，最终演化为严重滚动体故障。,0.7221,BMAT-00353,MaterialBatch,material
BFB-02826,BRG-02826,B007,rolling_element_fault,rolling_element,slight,0.6928,该样本的生命周期风险在材料阶段较突出，能够解释当前轻微滚动体故障的主要失效模式。,风险首先在材料阶段形成隐患，运行中持续放大，并通过温度与振动指标表现出来。,0.6173,BMAT-00220,MaterialBatch,material
BFB-02827,BRG-02827,OR014,outer_race_fault,outer_race,medium,0.7079,结合振动、峭度和温升特征，外圈故障与材料阶段异常高度一致，优先追溯到 BMAT-00394。,异常由微小缺陷逐步发展为周期性冲击，检测指标随严重度上升而同步恶化。,0.7196,BMAT-00394,MaterialBatch,material
BFB-02828,BRG-02828,B014,rolling_element_fault,rolling_element,medium,0.8072,该样本的生命周期风险在装配阶段较突出，能够解释当前中等滚动体故障的主要失效模式。,异常由微小缺陷逐步发展为周期性冲击，检测指标随严重度上升而同步恶化。,0.6512,BASM-02828,AssemblyRecord,assembly
BFB-02829,BRG-02829,B014,rolling_element_fault,rolling_element,medium,0.7005,该样本的生命周期风险在设计阶段较突出，能够解释当前中等滚动体故障的主要失效模式。,风险首先在设计阶段形成隐患，运行中持续放大，并通过温度与振动指标表现出来。,0.7552,BDES-00150,BearingDesignSpec,design
BFB-02830,BRG-02830,Normal,normal,none,normal,0.9336,该轴承样本生命周期风险较低，未形成明确故障追溯链。,运行状态平稳，检测指标未呈现持续恶化趋势。,0.8426,NORMAL_BASELINE,QualityFeedback,feedback
BFB-02831,BRG-02831,IR021,inner_race_fault,inner_race,severe,0.7303,该样本的生命周期风险在装配阶段较突出，能够解释当前严重内圈故障的主要失效模式。,异常由微小缺陷逐步发展为周期性冲击，检测指标随严重度上升而同步恶化。,0.76,BASM-02831,AssemblyRecord,assembly
BFB-02832,BRG-02832,OR014,outer_race_fault,outer_race,medium,0.6414,诊断结果显示轴承出现中等外圈故障，根因更可能来自制造阶段实体 BMAN-01042 的风险累积。,异常由微小缺陷逐步发展为周期性冲击，检测指标随严重度上升而同步恶化。,0.6364,BMAN-01042,ManufacturingBatch,manufacturing
BFB-02833,BRG-02833,OR021,outer_race_fault,outer_race,severe,0.7805,结合振动、峭度和温升特征，外圈故障与运维阶段异常高度一致，优先追溯到 BOPR-02833。,早期表现为局部接触应力升高，随后振动冲击增强，最终演化为严重外圈故障。,0.6636,BOPR-02833,MaintenanceRecord,operation
BFB-02834,BRG-02834,IR014,inner_race_fault,inner_race,medium,0.6951,该样本的生命周期风险在材料阶段较突出，能够解释当前中等内圈故障的主要失效模式。,早期表现为局部接触应力升高，随后振动冲击增强，最终演化为中等内圈故障。,0.7109,BMAT-00260,MaterialBatch,material
BFB-02835,BRG-02835,OR014,outer_race_fault,outer_race,medium,0.77,该样本的生命周期风险在制造阶段较突出，能够解释当前中等外圈故障的主要失效模式。,风险首先在制造阶段形成隐患，运行中持续放大，并通过温度与振动指标表现出来。,0.6881,BMAN-00621,ManufacturingBatch,manufacturing
BFB-02836,BRG-02836,IR014,inner_race_fault,inner_race,medium,0.7297,该样本的生命周期风险在材料阶段较突出，能够解释当前中等内圈故障的主要失效模式。,异常由微小缺陷逐步发展为周期性冲击，检测指标随严重度上升而同步恶化。,0.6499,BMAT-00359,MaterialBatch,material
BFB-02837,BRG-02837,IR021,inner_race_fault,inner_race,severe,0.7494,该样本的生命周期风险在材料阶段较突出，能够解释当前严重内圈故障的主要失效模式。,早期表现为局部接触应力升高，随后振动冲击增强，最终演化为严重内圈故障。,0.7943,BMAT-00277,MaterialBatch,material
BFB-02838,BRG-02838,B014,rolling_element_fault,rolling_element,medium,0.75,该样本的生命周期风险在装配阶段较突出，能够解释当前中等滚动体故障的主要失效模式。,早期表现为局部接触应力升高，随后振动冲击增强，最终演化为中等滚动体故障。,0.7421,BASM-02838,AssemblyRecord,assembly
BFB-02839,BRG-02839,IR021,inner_race_fault,inner_race,severe,0.726,结合振动、峭度和温升特征，内圈故障与运维阶段异常高度一致，优先追溯到 BOPR-02839。,早期表现为局部接触应力升高，随后振动冲击增强，最终演化为严重内圈故障。,0.7534,BOPR-02839,MaintenanceRecord,operation
BFB-02840,BRG-02840,IR007,inner_race_fault,inner_race,slight,0.6541,结合振动、峭度和温升特征，内圈故障与材料阶段异常高度一致，优先追溯到 BMAT-00378。,异常由微小缺陷逐步发展为周期性冲击，检测指标随严重度上升而同步恶化。,0.6016,BMAT-00378,MaterialBatch,material
BFB-02841,BRG-02841,B021,rolling_element_fault,rolling_element,severe,0.7202,结合振动、峭度和温升特征，滚动体故障与制造阶段异常高度一致，优先追溯到 BMAN-01072。,异常由微小缺陷逐步发展为周期性冲击，检测指标随严重度上升而同步恶化。,0.6572,BMAN-01072,ManufacturingBatch,manufacturing
BFB-02842,BRG-02842,B021,rolling_element_fault,rolling_element,severe,0.7559,结合振动、峭度和温升特征，滚动体故障与检测阶段异常高度一致，优先追溯到 BINSP-02842。,异常由微小缺陷逐步发展为周期性冲击，检测指标随严重度上升而同步恶化。,0.7357,BINSP-02842,InspectionRecord,inspection
BFB-02843,BRG-02843,B014,rolling_element_fault,rolling_element,medium,0.7063,诊断结果显示轴承出现中等滚动体故障，根因更可能来自装配阶段实体 BASM-02843 的风险累积。,异常由微小缺陷逐步发展为周期性冲击，检测指标随严重度上升而同步恶化。,0.6957,BASM-02843,AssemblyRecord,assembly
BFB-02844,BRG-02844,OR014,outer_race_fault,outer_race,medium,0.7733,结合振动、峭度和温升特征，外圈故障与装配阶段异常高度一致，优先追溯到 BASM-02844。,风险首先在装配阶段形成隐患，运行中持续放大，并通过温度与振动指标表现出来。,0.6312,BASM-02844,AssemblyRecord,assembly
BFB-02845,BRG-02845,OR014,outer_race_fault,outer_race,medium,0.7525,该样本的生命周期风险在材料阶段较突出，能够解释当前中等外圈故障的主要失效模式。,异常由微小缺陷逐步发展为周期性冲击，检测指标随严重度上升而同步恶化。,0.6678,BMAT-00463,MaterialBatch,material
BFB-02846,BRG-02846,IR007,inner_race_fault,inner_race,slight,0.6177,诊断结果显示轴承出现轻微内圈故障，根因更可能来自制造阶段实体 BMAN-00095 的风险累积。,早期表现为局部接触应力升高，随后振动冲击增强，最终演化为轻微内圈故障。,0.653,BMAN-00095,ManufacturingBatch,manufacturing
BFB-02847,BRG-02847,B007,rolling_element_fault,rolling_element,slight,0.6595,结合振动、峭度和温升特征，滚动体故障与制造阶段异常高度一致，优先追溯到 BMAN-00912。,风险首先在制造阶段形成隐患，运行中持续放大，并通过温度与振动指标表现出来。,0.5334,BMAN-00912,ManufacturingBatch,manufacturing
BFB-02848,BRG-02848,B007,rolling_element_fault,rolling_element,slight,0.673,该样本的生命周期风险在制造阶段较突出，能够解释当前轻微滚动体故障的主要失效模式。,早期表现为局部接触应力升高，随后振动冲击增强，最终演化为轻微滚动体故障。,0.7087,BMAN-00818,ManufacturingBatch,manufacturing
BFB-02849,BRG-02849,Normal,normal,none,normal,0.9427,该轴承样本生命周期风险较低，未形成明确故障追溯链。,运行状态平稳，检测指标未呈现持续恶化趋势。,0.8841,NORMAL_BASELINE,QualityFeedback,feedback
BFB-02850,BRG-02850,IR021,inner_race_fault,inner_race,severe,0.8014,结合振动、峭度和温升特征，内圈故障与制造阶段异常高度一致，优先追溯到 BMAN-01156。,异常由微小缺陷逐步发展为周期性冲击，检测指标随严重度上升而同步恶化。,0.7327,BMAN-01156,ManufacturingBatch,manufacturing
BFB-02851,BRG-02851,Normal,normal,none,normal,0.8915,该轴承样本生命周期风险较低，未形成明确故障追溯链。,运行状态平稳，检测指标未呈现持续恶化趋势。,0.8398,NORMAL_BASELINE,QualityFeedback,feedback
BFB-02852,BRG-02852,OR014,outer_race_fault,outer_race,medium,0.7359,结合振动、峭度和温升特征，外圈故障与材料阶段异常高度一致，优先追溯到 BMAT-00078。,早期表现为局部接触应力升高，随后振动冲击增强，最终演化为中等外圈故障。,0.6201,BMAT-00078,MaterialBatch,material
BFB-02853,BRG-02853,IR014,inner_race_fault,inner_race,medium,0.6528,诊断结果显示轴承出现中等内圈故障，根因更可能来自制造阶段实体 BMAN-00478 的风险累积。,异常由微小缺陷逐步发展为周期性冲击，检测指标随严重度上升而同步恶化。,0.7488,BMAN-00478,ManufacturingBatch,manufacturing
BFB-02854,BRG-02854,B007,rolling_element_fault,rolling_element,slight,0.6724,该样本的生命周期风险在材料阶段较突出，能够解释当前轻微滚动体故障的主要失效模式。,早期表现为局部接触应力升高，随后振动冲击增强，最终演化为轻微滚动体故障。,0.7276,BMAT-00487,MaterialBatch,material
BFB-02855,BRG-02855,B021,rolling_element_fault,rolling_element,severe,0.7048,该样本的生命周期风险在装配阶段较突出，能够解释当前严重滚动体故障的主要失效模式。,风险首先在装配阶段形成隐患，运行中持续放大，并通过温度与振动指标表现出来。,0.7009,BASM-02855,AssemblyRecord,assembly
BFB-02856,BRG-02856,OR021,outer_race_fault,outer_race,severe,0.6894,结合振动、峭度和温升特征，外圈故障与运维阶段异常高度一致，优先追溯到 BOPR-02856。,早期表现为局部接触应力升高，随后振动冲击增强，最终演化为严重外圈故障。,0.6857,BOPR-02856,MaintenanceRecord,operation
BFB-02857,BRG-02857,IR014,inner_race_fault,inner_race,medium,0.6949,诊断结果显示轴承出现中等内圈故障，根因更可能来自制造阶段实体 BMAN-00386 的风险累积。,异常由微小缺陷逐步发展为周期性冲击，检测指标随严重度上升而同步恶化。,0.5474,BMAN-00386,ManufacturingBatch,manufacturing
BFB-02858,BRG-02858,OR007,outer_race_fault,outer_race,slight,0.7025,诊断结果显示轴承出现轻微外圈故障，根因更可能来自装配阶段实体 BASM-02858 的风险累积。,风险首先在装配阶段形成隐患，运行中持续放大，并通过温度与振动指标表现出来。,0.6141,BASM-02858,AssemblyRecord,assembly
BFB-02859,BRG-02859,OR021,outer_race_fault,outer_race,severe,0.798,该样本的生命周期风险在材料阶段较突出，能够解释当前严重外圈故障的主要失效模式。,异常由微小缺陷逐步发展为周期性冲击，检测指标随严重度上升而同步恶化。,0.6992,BMAT-00404,MaterialBatch,material
BFB-02860,BRG-02860,OR007,outer_race_fault,outer_race,slight,0.7205,诊断结果显示轴承出现轻微外圈故障，根因更可能来自装配阶段实体 BASM-02860 的风险累积。,风险首先在装配阶段形成隐患，运行中持续放大，并通过温度与振动指标表现出来。,0.6174,BASM-02860,AssemblyRecord,assembly
BFB-02861,BRG-02861,IR007,inner_race_fault,inner_race,slight,0.7057,结合振动、峭度和温升特征，内圈故障与装配阶段异常高度一致，优先追溯到 BASM-02861。,异常由微小缺陷逐步发展为周期性冲击，检测指标随严重度上升而同步恶化。,0.718,BASM-02861,AssemblyRecord,assembly
BFB-02862,BRG-02862,B021,rolling_element_fault,rolling_element,severe,0.749,诊断结果显示轴承出现严重滚动体故障，根因更可能来自设计阶段实体 BDES-00287 的风险累积。,早期表现为局部接触应力升高，随后振动冲击增强，最终演化为严重滚动体故障。,0.6848,BDES-00287,BearingDesignSpec,design
BFB-02863,BRG-02863,B014,rolling_element_fault,rolling_element,medium,0.7638,诊断结果显示轴承出现中等滚动体故障，根因更可能来自制造阶段实体 BMAN-00409 的风险累积。,异常由微小缺陷逐步发展为周期性冲击，检测指标随严重度上升而同步恶化。,0.6957,BMAN-00409,ManufacturingBatch,manufacturing
BFB-02864,BRG-02864,Normal,normal,none,normal,0.9012,该轴承样本生命周期风险较低，未形成明确故障追溯链。,运行状态平稳，检测指标未呈现持续恶化趋势。,0.8507,NORMAL_BASELINE,QualityFeedback,feedback
BFB-02865,BRG-02865,IR021,inner_race_fault,inner_race,severe,0.7066,诊断结果显示轴承出现严重内圈故障，根因更可能来自设计阶段实体 BDES-00755 的风险累积。,异常由微小缺陷逐步发展为周期性冲击，检测指标随严重度上升而同步恶化。,0.6632,BDES-00755,BearingDesignSpec,design
BFB-02866,BRG-02866,IR021,inner_race_fault,inner_race,severe,0.7188,该样本的生命周期风险在装配阶段较突出，能够解释当前严重内圈故障的主要失效模式。,异常由微小缺陷逐步发展为周期性冲击，检测指标随严重度上升而同步恶化。,0.7684,BASM-02866,AssemblyRecord,assembly
BFB-02867,BRG-02867,OR021,outer_race_fault,outer_race,severe,0.7197,结合振动、峭度和温升特征，外圈故障与制造阶段异常高度一致，优先追溯到 BMAN-01163。,风险首先在制造阶段形成隐患，运行中持续放大，并通过温度与振动指标表现出来。,0.6997,BMAN-01163,ManufacturingBatch,manufacturing
BFB-02868,BRG-02868,B014,rolling_element_fault,rolling_element,medium,0.6489,诊断结果显示轴承出现中等滚动体故障，根因更可能来自设计阶段实体 BDES-00684 的风险累积。,风险首先在设计阶段形成隐患，运行中持续放大，并通过温度与振动指标表现出来。,0.6898,BDES-00684,BearingDesignSpec,design
BFB-02869,BRG-02869,IR014,inner_race_fault,inner_race,medium,0.6794,结合振动、峭度和温升特征，内圈故障与装配阶段异常高度一致，优先追溯到 BASM-02869。,风险首先在装配阶段形成隐患，运行中持续放大，并通过温度与振动指标表现出来。,0.7072,BASM-02869,AssemblyRecord,assembly
BFB-02870,BRG-02870,IR014,inner_race_fault,inner_race,medium,0.7144,该样本的生命周期风险在材料阶段较突出，能够解释当前中等内圈故障的主要失效模式。,风险首先在材料阶段形成隐患，运行中持续放大，并通过温度与振动指标表现出来。,0.7648,BMAT-00465,MaterialBatch,material
BFB-02871,BRG-02871,OR014,outer_race_fault,outer_race,medium,0.7916,结合振动、峭度和温升特征，外圈故障与材料阶段异常高度一致，优先追溯到 BMAT-00289。,风险首先在材料阶段形成隐患，运行中持续放大，并通过温度与振动指标表现出来。,0.6571,BMAT-00289,MaterialBatch,material
BFB-02872,BRG-02872,B007,rolling_element_fault,rolling_element,slight,0.7338,该样本的生命周期风险在运维阶段较突出，能够解释当前轻微滚动体故障的主要失效模式。,早期表现为局部接触应力升高，随后振动冲击增强，最终演化为轻微滚动体故障。,0.6594,BOPR-02872,MaintenanceRecord,operation
BFB-02873,BRG-02873,IR014,inner_race_fault,inner_race,medium,0.7249,诊断结果显示轴承出现中等内圈故障，根因更可能来自材料阶段实体 BMAT-00164 的风险累积。,异常由微小缺陷逐步发展为周期性冲击，检测指标随严重度上升而同步恶化。,0.6642,BMAT-00164,MaterialBatch,material
BFB-02874,BRG-02874,B014,rolling_element_fault,rolling_element,medium,0.7217,结合振动、峭度和温升特征，滚动体故障与制造阶段异常高度一致，优先追溯到 BMAN-00095。,异常由微小缺陷逐步发展为周期性冲击，检测指标随严重度上升而同步恶化。,0.7439,BMAN-00095,ManufacturingBatch,manufacturing
BFB-02875,BRG-02875,OR021,outer_race_fault,outer_race,severe,0.695,结合振动、峭度和温升特征，外圈故障与材料阶段异常高度一致，优先追溯到 BMAT-00139。,风险首先在材料阶段形成隐患，运行中持续放大，并通过温度与振动指标表现出来。,0.7203,BMAT-00139,MaterialBatch,material
BFB-02876,BRG-02876,IR007,inner_race_fault,inner_race,slight,0.6974,该样本的生命周期风险在制造阶段较突出，能够解释当前轻微内圈故障的主要失效模式。,异常由微小缺陷逐步发展为周期性冲击，检测指标随严重度上升而同步恶化。,0.6354,BMAN-00631,ManufacturingBatch,manufacturing
BFB-02877,BRG-02877,OR021,outer_race_fault,outer_race,severe,0.6829,该样本的生命周期风险在制造阶段较突出，能够解释当前严重外圈故障的主要失效模式。,早期表现为局部接触应力升高，随后振动冲击增强，最终演化为严重外圈故障。,0.6058,BMAN-01160,ManufacturingBatch,manufacturing
BFB-02878,BRG-02878,IR014,inner_race_fault,inner_race,medium,0.6902,诊断结果显示轴承出现中等内圈故障，根因更可能来自装配阶段实体 BASM-02878 的风险累积。,风险首先在装配阶段形成隐患，运行中持续放大，并通过温度与振动指标表现出来。,0.6743,BASM-02878,AssemblyRecord,assembly
BFB-02879,BRG-02879,OR014,outer_race_fault,outer_race,medium,0.7985,结合振动、峭度和温升特征，外圈故障与装配阶段异常高度一致，优先追溯到 BASM-02879。,早期表现为局部接触应力升高，随后振动冲击增强，最终演化为中等外圈故障。,0.7414,BASM-02879,AssemblyRecord,assembly
BFB-02880,BRG-02880,OR014,outer_race_fault,outer_race,medium,0.6219,结合振动、峭度和温升特征，外圈故障与制造阶段异常高度一致，优先追溯到 BMAN-00308。,风险首先在制造阶段形成隐患，运行中持续放大，并通过温度与振动指标表现出来。,0.7217,BMAN-00308,ManufacturingBatch,manufacturing
BFB-02881,BRG-02881,Normal,normal,none,normal,0.9269,该轴承样本生命周期风险较低，未形成明确故障追溯链。,运行状态平稳，检测指标未呈现持续恶化趋势。,0.8337,NORMAL_BASELINE,QualityFeedback,feedback
BFB-02882,BRG-02882,OR007,outer_race_fault,outer_race,slight,0.663,结合振动、峭度和温升特征，外圈故障与制造阶段异常高度一致，优先追溯到 BMAN-01191。,早期表现为局部接触应力升高，随后振动冲击增强，最终演化为轻微外圈故障。,0.6619,BMAN-01191,ManufacturingBatch,manufacturing
BFB-02883,BRG-02883,IR007,inner_race_fault,inner_race,slight,0.6308,诊断结果显示轴承出现轻微内圈故障，根因更可能来自运维阶段实体 BOPR-02883 的风险累积。,异常由微小缺陷逐步发展为周期性冲击，检测指标随严重度上升而同步恶化。,0.6801,BOPR-02883,MaintenanceRecord,operation
BFB-02884,BRG-02884,B021,rolling_element_fault,rolling_element,severe,0.6733,诊断结果显示轴承出现严重滚动体故障，根因更可能来自设计阶段实体 BDES-00119 的风险累积。,早期表现为局部接触应力升高，随后振动冲击增强，最终演化为严重滚动体故障。,0.6036,BDES-00119,BearingDesignSpec,design
BFB-02885,BRG-02885,OR014,outer_race_fault,outer_race,medium,0.7394,结合振动、峭度和温升特征，外圈故障与装配阶段异常高度一致，优先追溯到 BASM-02885。,风险首先在装配阶段形成隐患，运行中持续放大，并通过温度与振动指标表现出来。,0.7186,BASM-02885,AssemblyRecord,assembly
BFB-02886,BRG-02886,B007,rolling_element_fault,rolling_element,slight,0.7282,诊断结果显示轴承出现轻微滚动体故障，根因更可能来自制造阶段实体 BMAN-00543 的风险累积。,早期表现为局部接触应力升高，随后振动冲击增强，最终演化为轻微滚动体故障。,0.6655,BMAN-00543,ManufacturingBatch,manufacturing
BFB-02887,BRG-02887,OR014,outer_race_fault,outer_race,medium,0.7656,该样本的生命周期风险在运维阶段较突出，能够解释当前中等外圈故障的主要失效模式。,风险首先在运维阶段形成隐患，运行中持续放大，并通过温度与振动指标表现出来。,0.5763,BOPR-02887,MaintenanceRecord,operation
BFB-02888,BRG-02888,IR021,inner_race_fault,inner_race,severe,0.7912,该样本的生命周期风险在制造阶段较突出，能够解释当前严重内圈故障的主要失效模式。,异常由微小缺陷逐步发展为周期性冲击，检测指标随严重度上升而同步恶化。,0.8332,BMAN-00172,ManufacturingBatch,manufacturing
BFB-02889,BRG-02889,Normal,normal,none,normal,0.9299,该轴承样本生命周期风险较低，未形成明确故障追溯链。,运行状态平稳，检测指标未呈现持续恶化趋势。,0.8599,NORMAL_BASELINE,QualityFeedback,feedback
BFB-02890,BRG-02890,OR014,outer_race_fault,outer_race,medium,0.6843,该样本的生命周期风险在材料阶段较突出，能够解释当前中等外圈故障的主要失效模式。,早期表现为局部接触应力升高，随后振动冲击增强，最终演化为中等外圈故障。,0.645,BMAT-00483,MaterialBatch,material
BFB-02891,BRG-02891,OR014,outer_race_fault,outer_race,medium,0.7411,诊断结果显示轴承出现中等外圈故障，根因更可能来自材料阶段实体 BMAT-00219 的风险累积。,早期表现为局部接触应力升高，随后振动冲击增强，最终演化为中等外圈故障。,0.7529,BMAT-00219,MaterialBatch,material
BFB-02892,BRG-02892,OR021,outer_race_fault,outer_race,severe,0.697,该样本的生命周期风险在制造阶段较突出，能够解释当前严重外圈故障的主要失效模式。,早期表现为局部接触应力升高，随后振动冲击增强，最终演化为严重外圈故障。,0.7345,BMAN-00609,ManufacturingBatch,manufacturing
BFB-02893,BRG-02893,OR021,outer_race_fault,outer_race,severe,0.6912,结合振动、峭度和温升特征，外圈故障与检测阶段异常高度一致，优先追溯到 BINSP-02893。,风险首先在检测阶段形成隐患，运行中持续放大，并通过温度与振动指标表现出来。,0.6274,BINSP-02893,InspectionRecord,inspection
BFB-02894,BRG-02894,IR021,inner_race_fault,inner_race,severe,0.7754,结合振动、峭度和温升特征，内圈故障与材料阶段异常高度一致，优先追溯到 BMAT-00153。,异常由微小缺陷逐步发展为周期性冲击，检测指标随严重度上升而同步恶化。,0.7744,BMAT-00153,MaterialBatch,material
BFB-02895,BRG-02895,IR014,inner_race_fault,inner_race,medium,0.7281,诊断结果显示轴承出现中等内圈故障，根因更可能来自装配阶段实体 BASM-02895 的风险累积。,早期表现为局部接触应力升高，随后振动冲击增强，最终演化为中等内圈故障。,0.6494,BASM-02895,AssemblyRecord,assembly
BFB-02896,BRG-02896,B014,rolling_element_fault,rolling_element,medium,0.6294,该样本的生命周期风险在制造阶段较突出，能够解释当前中等滚动体故障的主要失效模式。,早期表现为局部接触应力升高，随后振动冲击增强，最终演化为中等滚动体故障。,0.6525,BMAN-00669,ManufacturingBatch,manufacturing
BFB-02897,BRG-02897,B021,rolling_element_fault,rolling_element,severe,0.7371,诊断结果显示轴承出现严重滚动体故障，根因更可能来自材料阶段实体 BMAT-00104 的风险累积。,风险首先在材料阶段形成隐患，运行中持续放大，并通过温度与振动指标表现出来。,0.7639,BMAT-00104,MaterialBatch,material
BFB-02898,BRG-02898,IR014,inner_race_fault,inner_race,medium,0.7898,该样本的生命周期风险在材料阶段较突出，能够解释当前中等内圈故障的主要失效模式。,异常由微小缺陷逐步发展为周期性冲击，检测指标随严重度上升而同步恶化。,0.642,BMAT-00374,MaterialBatch,material
BFB-02899,BRG-02899,Normal,normal,none,normal,0.877,该轴承样本生命周期风险较低，未形成明确故障追溯链。,运行状态平稳，检测指标未呈现持续恶化趋势。,0.8701,NORMAL_BASELINE,QualityFeedback,feedback
BFB-02900,BRG-02900,OR021,outer_race_fault,outer_race,severe,0.684,诊断结果显示轴承出现严重外圈故障，根因更可能来自装配阶段实体 BASM-02900 的风险累积。,风险首先在装配阶段形成隐患，运行中持续放大，并通过温度与振动指标表现出来。,0.67,BASM-02900,AssemblyRecord,assembly
BFB-02901,BRG-02901,OR014,outer_race_fault,outer_race,medium,0.6557,该样本的生命周期风险在设计阶段较突出，能够解释当前中等外圈故障的主要失效模式。,异常由微小缺陷逐步发展为周期性冲击，检测指标随严重度上升而同步恶化。,0.6145,BDES-00184,BearingDesignSpec,design
BFB-02902,BRG-02902,IR014,inner_race_fault,inner_race,medium,0.6599,该样本的生命周期风险在材料阶段较突出，能够解释当前中等内圈故障的主要失效模式。,风险首先在材料阶段形成隐患，运行中持续放大，并通过温度与振动指标表现出来。,0.7446,BMAT-00046,MaterialBatch,material
BFB-02903,BRG-02903,Normal,normal,none,normal,0.8627,该轴承样本生命周期风险较低，未形成明确故障追溯链。,运行状态平稳，检测指标未呈现持续恶化趋势。,0.825,NORMAL_BASELINE,QualityFeedback,feedback
BFB-02904,BRG-02904,IR007,inner_race_fault,inner_race,slight,0.7227,诊断结果显示轴承出现轻微内圈故障，根因更可能来自制造阶段实体 BMAN-01182 的风险累积。,早期表现为局部接触应力升高，随后振动冲击增强，最终演化为轻微内圈故障。,0.6475,BMAN-01182,ManufacturingBatch,manufacturing
BFB-02905,BRG-02905,OR014,outer_race_fault,outer_race,medium,0.6822,结合振动、峭度和温升特征，外圈故障与制造阶段异常高度一致，优先追溯到 BMAN-00441。,早期表现为局部接触应力升高，随后振动冲击增强，最终演化为中等外圈故障。,0.6923,BMAN-00441,ManufacturingBatch,manufacturing
BFB-02906,BRG-02906,Normal,normal,none,normal,0.8645,该轴承样本生命周期风险较低，未形成明确故障追溯链。,运行状态平稳，检测指标未呈现持续恶化趋势。,0.8186,NORMAL_BASELINE,QualityFeedback,feedback
BFB-02907,BRG-02907,IR014,inner_race_fault,inner_race,medium,0.6349,该样本的生命周期风险在制造阶段较突出，能够解释当前中等内圈故障的主要失效模式。,风险首先在制造阶段形成隐患，运行中持续放大，并通过温度与振动指标表现出来。,0.706,BMAN-00830,ManufacturingBatch,manufacturing
BFB-02908,BRG-02908,OR021,outer_race_fault,outer_race,severe,0.7235,诊断结果显示轴承出现严重外圈故障，根因更可能来自制造阶段实体 BMAN-00333 的风险累积。,异常由微小缺陷逐步发展为周期性冲击，检测指标随严重度上升而同步恶化。,0.7171,BMAN-00333,ManufacturingBatch,manufacturing
BFB-02909,BRG-02909,B021,rolling_element_fault,rolling_element,severe,0.7182,结合振动、峭度和温升特征，滚动体故障与运维阶段异常高度一致，优先追溯到 BOPR-02909。,异常由微小缺陷逐步发展为周期性冲击，检测指标随严重度上升而同步恶化。,0.7121,BOPR-02909,MaintenanceRecord,operation
BFB-02910,BRG-02910,OR007,outer_race_fault,outer_race,slight,0.7711,结合振动、峭度和温升特征，外圈故障与运维阶段异常高度一致，优先追溯到 BOPR-02910。,异常由微小缺陷逐步发展为周期性冲击，检测指标随严重度上升而同步恶化。,0.702,BOPR-02910,MaintenanceRecord,operation
BFB-02911,BRG-02911,Normal,normal,none,normal,0.8611,该轴承样本生命周期风险较低，未形成明确故障追溯链。,运行状态平稳，检测指标未呈现持续恶化趋势。,0.8048,NORMAL_BASELINE,QualityFeedback,feedback
BFB-02912,BRG-02912,B014,rolling_element_fault,rolling_element,medium,0.7048,结合振动、峭度和温升特征，滚动体故障与制造阶段异常高度一致，优先追溯到 BMAN-00778。,早期表现为局部接触应力升高，随后振动冲击增强，最终演化为中等滚动体故障。,0.6689,BMAN-00778,ManufacturingBatch,manufacturing
BFB-02913,BRG-02913,OR014,outer_race_fault,outer_race,medium,0.644,诊断结果显示轴承出现中等外圈故障，根因更可能来自装配阶段实体 BASM-02913 的风险累积。,异常由微小缺陷逐步发展为周期性冲击，检测指标随严重度上升而同步恶化。,0.6462,BASM-02913,AssemblyRecord,assembly
BFB-02914,BRG-02914,OR007,outer_race_fault,outer_race,slight,0.6221,该样本的生命周期风险在设计阶段较突出，能够解释当前轻微外圈故障的主要失效模式。,异常由微小缺陷逐步发展为周期性冲击，检测指标随严重度上升而同步恶化。,0.5937,BDES-00799,BearingDesignSpec,design
BFB-02915,BRG-02915,OR014,outer_race_fault,outer_race,medium,0.7153,诊断结果显示轴承出现中等外圈故障，根因更可能来自运维阶段实体 BOPR-02915 的风险累积。,风险首先在运维阶段形成隐患，运行中持续放大，并通过温度与振动指标表现出来。,0.7357,BOPR-02915,MaintenanceRecord,operation
BFB-02916,BRG-02916,B014,rolling_element_fault,rolling_element,medium,0.6698,结合振动、峭度和温升特征，滚动体故障与制造阶段异常高度一致，优先追溯到 BMAN-00898。,异常由微小缺陷逐步发展为周期性冲击，检测指标随严重度上升而同步恶化。,0.7021,BMAN-00898,ManufacturingBatch,manufacturing
BFB-02917,BRG-02917,Normal,normal,none,normal,0.9268,该轴承样本生命周期风险较低，未形成明确故障追溯链。,运行状态平稳，检测指标未呈现持续恶化趋势。,0.8145,NORMAL_BASELINE,QualityFeedback,feedback
BFB-02918,BRG-02918,IR014,inner_race_fault,inner_race,medium,0.7511,该样本的生命周期风险在材料阶段较突出，能够解释当前中等内圈故障的主要失效模式。,风险首先在材料阶段形成隐患，运行中持续放大，并通过温度与振动指标表现出来。,0.6834,BMAT-00001,MaterialBatch,material
BFB-02919,BRG-02919,OR007,outer_race_fault,outer_race,slight,0.6656,该样本的生命周期风险在制造阶段较突出，能够解释当前轻微外圈故障的主要失效模式。,异常由微小缺陷逐步发展为周期性冲击，检测指标随严重度上升而同步恶化。,0.5956,BMAN-01105,ManufacturingBatch,manufacturing
BFB-02920,BRG-02920,IR007,inner_race_fault,inner_race,slight,0.6481,该样本的生命周期风险在制造阶段较突出，能够解释当前轻微内圈故障的主要失效模式。,异常由微小缺陷逐步发展为周期性冲击，检测指标随严重度上升而同步恶化。,0.7505,BMAN-00619,ManufacturingBatch,manufacturing
BFB-02921,BRG-02921,OR014,outer_race_fault,outer_race,medium,0.684,该样本的生命周期风险在制造阶段较突出，能够解释当前中等外圈故障的主要失效模式。,早期表现为局部接触应力升高，随后振动冲击增强，最终演化为中等外圈故障。,0.7176,BMAN-00884,ManufacturingBatch,manufacturing
BFB-02922,BRG-02922,IR007,inner_race_fault,inner_race,slight,0.7025,该样本的生命周期风险在装配阶段较突出，能够解释当前轻微内圈故障的主要失效模式。,早期表现为局部接触应力升高，随后振动冲击增强，最终演化为轻微内圈故障。,0.6558,BASM-02922,AssemblyRecord,assembly
BFB-02923,BRG-02923,OR021,outer_race_fault,outer_race,severe,0.7522,该样本的生命周期风险在运维阶段较突出，能够解释当前严重外圈故障的主要失效模式。,风险首先在运维阶段形成隐患，运行中持续放大，并通过温度与振动指标表现出来。,0.6569,BOPR-02923,MaintenanceRecord,operation
BFB-02924,BRG-02924,B021,rolling_element_fault,rolling_element,severe,0.7638,该样本的生命周期风险在制造阶段较突出，能够解释当前严重滚动体故障的主要失效模式。,异常由微小缺陷逐步发展为周期性冲击，检测指标随严重度上升而同步恶化。,0.7768,BMAN-00125,ManufacturingBatch,manufacturing
BFB-02925,BRG-02925,IR007,inner_race_fault,inner_race,slight,0.7433,该样本的生命周期风险在设计阶段较突出，能够解释当前轻微内圈故障的主要失效模式。,异常由微小缺陷逐步发展为周期性冲击，检测指标随严重度上升而同步恶化。,0.6129,BDES-00743,BearingDesignSpec,design
BFB-02926,BRG-02926,IR007,inner_race_fault,inner_race,slight,0.5887,该样本的生命周期风险在装配阶段较突出，能够解释当前轻微内圈故障的主要失效模式。,早期表现为局部接触应力升高，随后振动冲击增强，最终演化为轻微内圈故障。,0.6421,BASM-02926,AssemblyRecord,assembly
BFB-02927,BRG-02927,OR007,outer_race_fault,outer_race,slight,0.7394,结合振动、峭度和温升特征，外圈故障与装配阶段异常高度一致，优先追溯到 BASM-02927。,早期表现为局部接触应力升高，随后振动冲击增强，最终演化为轻微外圈故障。,0.6288,BASM-02927,AssemblyRecord,assembly
BFB-02928,BRG-02928,Normal,normal,none,normal,0.9347,该轴承样本生命周期风险较低，未形成明确故障追溯链。,运行状态平稳，检测指标未呈现持续恶化趋势。,0.8404,NORMAL_BASELINE,QualityFeedback,feedback
BFB-02929,BRG-02929,Normal,normal,none,normal,0.912,该轴承样本生命周期风险较低，未形成明确故障追溯链。,运行状态平稳，检测指标未呈现持续恶化趋势。,0.798,NORMAL_BASELINE,QualityFeedback,feedback
BFB-02930,BRG-02930,OR021,outer_race_fault,outer_race,severe,0.7039,该样本的生命周期风险在制造阶段较突出，能够解释当前严重外圈故障的主要失效模式。,异常由微小缺陷逐步发展为周期性冲击，检测指标随严重度上升而同步恶化。,0.7313,BMAN-00451,ManufacturingBatch,manufacturing
BFB-02931,BRG-02931,OR021,outer_race_fault,outer_race,severe,0.7962,结合振动、峭度和温升特征，外圈故障与装配阶段异常高度一致，优先追溯到 BASM-02931。,风险首先在装配阶段形成隐患，运行中持续放大，并通过温度与振动指标表现出来。,0.7528,BASM-02931,AssemblyRecord,assembly
BFB-02932,BRG-02932,Normal,normal,none,normal,0.9576,该轴承样本生命周期风险较低，未形成明确故障追溯链。,运行状态平稳，检测指标未呈现持续恶化趋势。,0.8489,NORMAL_BASELINE,QualityFeedback,feedback
BFB-02933,BRG-02933,IR021,inner_race_fault,inner_race,severe,0.7207,诊断结果显示轴承出现严重内圈故障，根因更可能来自材料阶段实体 BMAT-00182 的风险累积。,异常由微小缺陷逐步发展为周期性冲击，检测指标随严重度上升而同步恶化。,0.6443,BMAT-00182,MaterialBatch,material
BFB-02934,BRG-02934,Normal,normal,none,normal,0.8831,该轴承样本生命周期风险较低，未形成明确故障追溯链。,运行状态平稳，检测指标未呈现持续恶化趋势。,0.8024,NORMAL_BASELINE,QualityFeedback,feedback
BFB-02935,BRG-02935,Normal,normal,none,normal,0.8928,该轴承样本生命周期风险较低，未形成明确故障追溯链。,运行状态平稳，检测指标未呈现持续恶化趋势。,0.8738,NORMAL_BASELINE,QualityFeedback,feedback
BFB-02936,BRG-02936,OR014,outer_race_fault,outer_race,medium,0.7777,诊断结果显示轴承出现中等外圈故障，根因更可能来自制造阶段实体 BMAN-00650 的风险累积。,异常由微小缺陷逐步发展为周期性冲击，检测指标随严重度上升而同步恶化。,0.6985,BMAN-00650,ManufacturingBatch,manufacturing
BFB-02937,BRG-02937,IR021,inner_race_fault,inner_race,severe,0.7376,该样本的生命周期风险在材料阶段较突出，能够解释当前严重内圈故障的主要失效模式。,异常由微小缺陷逐步发展为周期性冲击，检测指标随严重度上升而同步恶化。,0.8006,BMAT-00415,MaterialBatch,material
BFB-02938,BRG-02938,B021,rolling_element_fault,rolling_element,severe,0.7075,该样本的生命周期风险在设计阶段较突出，能够解释当前严重滚动体故障的主要失效模式。,风险首先在设计阶段形成隐患，运行中持续放大，并通过温度与振动指标表现出来。,0.708,BDES-00180,BearingDesignSpec,design
BFB-02939,BRG-02939,B007,rolling_element_fault,rolling_element,slight,0.6341,诊断结果显示轴承出现轻微滚动体故障，根因更可能来自制造阶段实体 BMAN-00552 的风险累积。,异常由微小缺陷逐步发展为周期性冲击，检测指标随严重度上升而同步恶化。,0.6786,BMAN-00552,ManufacturingBatch,manufacturing
BFB-02940,BRG-02940,OR021,outer_race_fault,outer_race,severe,0.7593,该样本的生命周期风险在材料阶段较突出，能够解释当前严重外圈故障的主要失效模式。,早期表现为局部接触应力升高，随后振动冲击增强，最终演化为严重外圈故障。,0.7298,BMAT-00479,MaterialBatch,material
BFB-02941,BRG-02941,B014,rolling_element_fault,rolling_element,medium,0.7123,诊断结果显示轴承出现中等滚动体故障，根因更可能来自运维阶段实体 BOPR-02941 的风险累积。,异常由微小缺陷逐步发展为周期性冲击，检测指标随严重度上升而同步恶化。,0.6364,BOPR-02941,MaintenanceRecord,operation
BFB-02942,BRG-02942,B014,rolling_element_fault,rolling_element,medium,0.7046,该样本的生命周期风险在装配阶段较突出，能够解释当前中等滚动体故障的主要失效模式。,异常由微小缺陷逐步发展为周期性冲击，检测指标随严重度上升而同步恶化。,0.8144,BASM-02942,AssemblyRecord,assembly
BFB-02943,BRG-02943,OR021,outer_race_fault,outer_race,severe,0.7196,结合振动、峭度和温升特征，外圈故障与制造阶段异常高度一致，优先追溯到 BMAN-01031。,早期表现为局部接触应力升高，随后振动冲击增强，最终演化为严重外圈故障。,0.6464,BMAN-01031,ManufacturingBatch,manufacturing
BFB-02944,BRG-02944,B021,rolling_element_fault,rolling_element,severe,0.6703,结合振动、峭度和温升特征，滚动体故障与检测阶段异常高度一致，优先追溯到 BINSP-02944。,异常由微小缺陷逐步发展为周期性冲击，检测指标随严重度上升而同步恶化。,0.7025,BINSP-02944,InspectionRecord,inspection
BFB-02945,BRG-02945,B014,rolling_element_fault,rolling_element,medium,0.7673,该样本的生命周期风险在检测阶段较突出，能够解释当前中等滚动体故障的主要失效模式。,异常由微小缺陷逐步发展为周期性冲击，检测指标随严重度上升而同步恶化。,0.6674,BINSP-02945,InspectionRecord,inspection
BFB-02946,BRG-02946,OR014,outer_race_fault,outer_race,medium,0.7217,诊断结果显示轴承出现中等外圈故障，根因更可能来自装配阶段实体 BASM-02946 的风险累积。,早期表现为局部接触应力升高，随后振动冲击增强，最终演化为中等外圈故障。,0.7467,BASM-02946,AssemblyRecord,assembly
BFB-02947,BRG-02947,OR021,outer_race_fault,outer_race,severe,0.6792,结合振动、峭度和温升特征，外圈故障与材料阶段异常高度一致，优先追溯到 BMAT-00059。,风险首先在材料阶段形成隐患，运行中持续放大，并通过温度与振动指标表现出来。,0.7693,BMAT-00059,MaterialBatch,material
BFB-02948,BRG-02948,IR014,inner_race_fault,inner_race,medium,0.6766,该样本的生命周期风险在运维阶段较突出，能够解释当前中等内圈故障的主要失效模式。,风险首先在运维阶段形成隐患，运行中持续放大，并通过温度与振动指标表现出来。,0.7172,BOPR-02948,MaintenanceRecord,operation
BFB-02949,BRG-02949,IR007,inner_race_fault,inner_race,slight,0.7054,诊断结果显示轴承出现轻微内圈故障，根因更可能来自制造阶段实体 BMAN-00702 的风险累积。,异常由微小缺陷逐步发展为周期性冲击，检测指标随严重度上升而同步恶化。,0.6805,BMAN-00702,ManufacturingBatch,manufacturing
BFB-02950,BRG-02950,OR007,outer_race_fault,outer_race,slight,0.6752,诊断结果显示轴承出现轻微外圈故障，根因更可能来自运维阶段实体 BOPR-02950 的风险累积。,早期表现为局部接触应力升高，随后振动冲击增强，最终演化为轻微外圈故障。,0.5746,BOPR-02950,MaintenanceRecord,operation
BFB-02951,BRG-02951,OR021,outer_race_fault,outer_race,severe,0.8171,该样本的生命周期风险在检测阶段较突出，能够解释当前严重外圈故障的主要失效模式。,早期表现为局部接触应力升高，随后振动冲击增强，最终演化为严重外圈故障。,0.7161,BINSP-02951,InspectionRecord,inspection
BFB-02952,BRG-02952,OR014,outer_race_fault,outer_race,medium,0.687,结合振动、峭度和温升特征，外圈故障与装配阶段异常高度一致，优先追溯到 BASM-02952。,风险首先在装配阶段形成隐患，运行中持续放大，并通过温度与振动指标表现出来。,0.6796,BASM-02952,AssemblyRecord,assembly
BFB-02953,BRG-02953,B007,rolling_element_fault,rolling_element,slight,0.719,诊断结果显示轴承出现轻微滚动体故障，根因更可能来自材料阶段实体 BMAT-00343 的风险累积。,风险首先在材料阶段形成隐患，运行中持续放大，并通过温度与振动指标表现出来。,0.6944,BMAT-00343,MaterialBatch,material
BFB-02954,BRG-02954,B007,rolling_element_fault,rolling_element,slight,0.6535,诊断结果显示轴承出现轻微滚动体故障，根因更可能来自材料阶段实体 BMAT-00127 的风险累积。,异常由微小缺陷逐步发展为周期性冲击，检测指标随严重度上升而同步恶化。,0.5976,BMAT-00127,MaterialBatch,material
BFB-02955,BRG-02955,OR014,outer_race_fault,outer_race,medium,0.7114,诊断结果显示轴承出现中等外圈故障，根因更可能来自装配阶段实体 BASM-02955 的风险累积。,风险首先在装配阶段形成隐患，运行中持续放大，并通过温度与振动指标表现出来。,0.6985,BASM-02955,AssemblyRecord,assembly
BFB-02956,BRG-02956,IR007,inner_race_fault,inner_race,slight,0.6782,该样本的生命周期风险在材料阶段较突出，能够解释当前轻微内圈故障的主要失效模式。,风险首先在材料阶段形成隐患，运行中持续放大，并通过温度与振动指标表现出来。,0.607,BMAT-00059,MaterialBatch,material
BFB-02957,BRG-02957,IR014,inner_race_fault,inner_race,medium,0.7447,该样本的生命周期风险在装配阶段较突出，能够解释当前中等内圈故障的主要失效模式。,异常由微小缺陷逐步发展为周期性冲击，检测指标随严重度上升而同步恶化。,0.6749,BASM-02957,AssemblyRecord,assembly
BFB-02958,BRG-02958,B021,rolling_element_fault,rolling_element,severe,0.7036,结合振动、峭度和温升特征，滚动体故障与制造阶段异常高度一致，优先追溯到 BMAN-00403。,异常由微小缺陷逐步发展为周期性冲击，检测指标随严重度上升而同步恶化。,0.6965,BMAN-00403,ManufacturingBatch,manufacturing
BFB-02959,BRG-02959,OR007,outer_race_fault,outer_race,slight,0.6501,诊断结果显示轴承出现轻微外圈故障，根因更可能来自制造阶段实体 BMAN-01115 的风险累积。,早期表现为局部接触应力升高，随后振动冲击增强，最终演化为轻微外圈故障。,0.698,BMAN-01115,ManufacturingBatch,manufacturing
BFB-02960,BRG-02960,Normal,normal,none,normal,0.9453,该轴承样本生命周期风险较低，未形成明确故障追溯链。,运行状态平稳，检测指标未呈现持续恶化趋势。,0.8942,NORMAL_BASELINE,QualityFeedback,feedback
BFB-02961,BRG-02961,Normal,normal,none,normal,0.8666,该轴承样本生命周期风险较低，未形成明确故障追溯链。,运行状态平稳，检测指标未呈现持续恶化趋势。,0.8353,NORMAL_BASELINE,QualityFeedback,feedback
BFB-02962,BRG-02962,OR014,outer_race_fault,outer_race,medium,0.7623,诊断结果显示轴承出现中等外圈故障，根因更可能来自制造阶段实体 BMAN-00672 的风险累积。,风险首先在制造阶段形成隐患，运行中持续放大，并通过温度与振动指标表现出来。,0.7117,BMAN-00672,ManufacturingBatch,manufacturing
BFB-02963,BRG-02963,OR007,outer_race_fault,outer_race,slight,0.6305,结合振动、峭度和温升特征，外圈故障与装配阶段异常高度一致，优先追溯到 BASM-02963。,异常由微小缺陷逐步发展为周期性冲击，检测指标随严重度上升而同步恶化。,0.6316,BASM-02963,AssemblyRecord,assembly
BFB-02964,BRG-02964,OR014,outer_race_fault,outer_race,medium,0.7088,该样本的生命周期风险在检测阶段较突出，能够解释当前中等外圈故障的主要失效模式。,早期表现为局部接触应力升高，随后振动冲击增强，最终演化为中等外圈故障。,0.7052,BINSP-02964,InspectionRecord,inspection
BFB-02965,BRG-02965,OR021,outer_race_fault,outer_race,severe,0.7872,该样本的生命周期风险在设计阶段较突出，能够解释当前严重外圈故障的主要失效模式。,早期表现为局部接触应力升高，随后振动冲击增强，最终演化为严重外圈故障。,0.7104,BDES-00583,BearingDesignSpec,design
BFB-02966,BRG-02966,B007,rolling_element_fault,rolling_element,slight,0.6487,诊断结果显示轴承出现轻微滚动体故障，根因更可能来自制造阶段实体 BMAN-00846 的风险累积。,风险首先在制造阶段形成隐患，运行中持续放大，并通过温度与振动指标表现出来。,0.7187,BMAN-00846,ManufacturingBatch,manufacturing
BFB-02967,BRG-02967,OR021,outer_race_fault,outer_race,severe,0.8068,结合振动、峭度和温升特征，外圈故障与设计阶段异常高度一致，优先追溯到 BDES-00466。,异常由微小缺陷逐步发展为周期性冲击，检测指标随严重度上升而同步恶化。,0.8419,BDES-00466,BearingDesignSpec,design
BFB-02968,BRG-02968,OR014,outer_race_fault,outer_race,medium,0.7242,结合振动、峭度和温升特征，外圈故障与制造阶段异常高度一致，优先追溯到 BMAN-00883。,风险首先在制造阶段形成隐患，运行中持续放大，并通过温度与振动指标表现出来。,0.6483,BMAN-00883,ManufacturingBatch,manufacturing
BFB-02969,BRG-02969,B007,rolling_element_fault,rolling_element,slight,0.6503,该样本的生命周期风险在制造阶段较突出，能够解释当前轻微滚动体故障的主要失效模式。,风险首先在制造阶段形成隐患，运行中持续放大，并通过温度与振动指标表现出来。,0.6562,BMAN-00351,ManufacturingBatch,manufacturing
BFB-02970,BRG-02970,OR007,outer_race_fault,outer_race,slight,0.6434,该样本的生命周期风险在制造阶段较突出，能够解释当前轻微外圈故障的主要失效模式。,风险首先在制造阶段形成隐患，运行中持续放大，并通过温度与振动指标表现出来。,0.6314,BMAN-00206,ManufacturingBatch,manufacturing
BFB-02971,BRG-02971,B014,rolling_element_fault,rolling_element,medium,0.633,结合振动、峭度和温升特征，滚动体故障与材料阶段异常高度一致，优先追溯到 BMAT-00486。,风险首先在材料阶段形成隐患，运行中持续放大，并通过温度与振动指标表现出来。,0.6696,BMAT-00486,MaterialBatch,material
BFB-02972,BRG-02972,IR021,inner_race_fault,inner_race,severe,0.7184,诊断结果显示轴承出现严重内圈故障，根因更可能来自装配阶段实体 BASM-02972 的风险累积。,异常由微小缺陷逐步发展为周期性冲击，检测指标随严重度上升而同步恶化。,0.6553,BASM-02972,AssemblyRecord,assembly
BFB-02973,BRG-02973,OR014,outer_race_fault,outer_race,medium,0.6904,该样本的生命周期风险在运维阶段较突出，能够解释当前中等外圈故障的主要失效模式。,早期表现为局部接触应力升高，随后振动冲击增强，最终演化为中等外圈故障。,0.708,BOPR-02973,MaintenanceRecord,operation
BFB-02974,BRG-02974,B021,rolling_element_fault,rolling_element,severe,0.7408,诊断结果显示轴承出现严重滚动体故障，根因更可能来自设计阶段实体 BDES-00176 的风险累积。,早期表现为局部接触应力升高，随后振动冲击增强，最终演化为严重滚动体故障。,0.7728,BDES-00176,BearingDesignSpec,design
BFB-02975,BRG-02975,OR014,outer_race_fault,outer_race,medium,0.6765,诊断结果显示轴承出现中等外圈故障，根因更可能来自制造阶段实体 BMAN-00245 的风险累积。,异常由微小缺陷逐步发展为周期性冲击，检测指标随严重度上升而同步恶化。,0.6627,BMAN-00245,ManufacturingBatch,manufacturing
BFB-02976,BRG-02976,OR014,outer_race_fault,outer_race,medium,0.6913,结合振动、峭度和温升特征，外圈故障与制造阶段异常高度一致，优先追溯到 BMAN-00401。,风险首先在制造阶段形成隐患，运行中持续放大，并通过温度与振动指标表现出来。,0.6252,BMAN-00401,ManufacturingBatch,manufacturing
BFB-02977,BRG-02977,IR014,inner_race_fault,inner_race,medium,0.7026,结合振动、峭度和温升特征，内圈故障与装配阶段异常高度一致，优先追溯到 BASM-02977。,风险首先在装配阶段形成隐患，运行中持续放大，并通过温度与振动指标表现出来。,0.6658,BASM-02977,AssemblyRecord,assembly
BFB-02978,BRG-02978,Normal,normal,none,normal,0.9326,该轴承样本生命周期风险较低，未形成明确故障追溯链。,运行状态平稳，检测指标未呈现持续恶化趋势。,0.7809,NORMAL_BASELINE,QualityFeedback,feedback
BFB-02979,BRG-02979,B007,rolling_element_fault,rolling_element,slight,0.7122,该样本的生命周期风险在检测阶段较突出，能够解释当前轻微滚动体故障的主要失效模式。,风险首先在检测阶段形成隐患，运行中持续放大，并通过温度与振动指标表现出来。,0.6003,BINSP-02979,InspectionRecord,inspection
BFB-02980,BRG-02980,IR014,inner_race_fault,inner_race,medium,0.7126,该样本的生命周期风险在装配阶段较突出，能够解释当前中等内圈故障的主要失效模式。,风险首先在装配阶段形成隐患，运行中持续放大，并通过温度与振动指标表现出来。,0.6232,BASM-02980,AssemblyRecord,assembly
BFB-02981,BRG-02981,IR021,inner_race_fault,inner_race,severe,0.7226,诊断结果显示轴承出现严重内圈故障，根因更可能来自制造阶段实体 BMAN-00745 的风险累积。,风险首先在制造阶段形成隐患，运行中持续放大，并通过温度与振动指标表现出来。,0.6763,BMAN-00745,ManufacturingBatch,manufacturing
BFB-02982,BRG-02982,IR014,inner_race_fault,inner_race,medium,0.68,结合振动、峭度和温升特征，内圈故障与设计阶段异常高度一致，优先追溯到 BDES-00763。,风险首先在设计阶段形成隐患，运行中持续放大，并通过温度与振动指标表现出来。,0.7329,BDES-00763,BearingDesignSpec,design
BFB-02983,BRG-02983,B021,rolling_element_fault,rolling_element,severe,0.7225,诊断结果显示轴承出现严重滚动体故障，根因更可能来自装配阶段实体 BASM-02983 的风险累积。,早期表现为局部接触应力升高，随后振动冲击增强，最终演化为严重滚动体故障。,0.7777,BASM-02983,AssemblyRecord,assembly
BFB-02984,BRG-02984,B007,rolling_element_fault,rolling_element,slight,0.6414,诊断结果显示轴承出现轻微滚动体故障，根因更可能来自制造阶段实体 BMAN-00667 的风险累积。,风险首先在制造阶段形成隐患，运行中持续放大，并通过温度与振动指标表现出来。,0.7339,BMAN-00667,ManufacturingBatch,manufacturing
BFB-02985,BRG-02985,IR014,inner_race_fault,inner_race,medium,0.6755,诊断结果显示轴承出现中等内圈故障，根因更可能来自设计阶段实体 BDES-00476 的风险累积。,异常由微小缺陷逐步发展为周期性冲击，检测指标随严重度上升而同步恶化。,0.6923,BDES-00476,BearingDesignSpec,design
BFB-02986,BRG-02986,OR014,outer_race_fault,outer_race,medium,0.6435,结合振动、峭度和温升特征，外圈故障与制造阶段异常高度一致，优先追溯到 BMAN-00929。,早期表现为局部接触应力升高，随后振动冲击增强，最终演化为中等外圈故障。,0.6447,BMAN-00929,ManufacturingBatch,manufacturing
BFB-02987,BRG-02987,OR014,outer_race_fault,outer_race,medium,0.6842,诊断结果显示轴承出现中等外圈故障，根因更可能来自装配阶段实体 BASM-02987 的风险累积。,异常由微小缺陷逐步发展为周期性冲击，检测指标随严重度上升而同步恶化。,0.6806,BASM-02987,AssemblyRecord,assembly
BFB-02988,BRG-02988,IR007,inner_race_fault,inner_race,slight,0.715,诊断结果显示轴承出现轻微内圈故障，根因更可能来自材料阶段实体 BMAT-00021 的风险累积。,风险首先在材料阶段形成隐患，运行中持续放大，并通过温度与振动指标表现出来。,0.6047,BMAT-00021,MaterialBatch,material
BFB-02989,BRG-02989,B007,rolling_element_fault,rolling_element,slight,0.6467,结合振动、峭度和温升特征，滚动体故障与材料阶段异常高度一致，优先追溯到 BMAT-00373。,风险首先在材料阶段形成隐患，运行中持续放大，并通过温度与振动指标表现出来。,0.6506,BMAT-00373,MaterialBatch,material
BFB-02990,BRG-02990,IR014,inner_race_fault,inner_race,medium,0.7244,结合振动、峭度和温升特征，内圈故障与装配阶段异常高度一致，优先追溯到 BASM-02990。,风险首先在装配阶段形成隐患，运行中持续放大，并通过温度与振动指标表现出来。,0.728,BASM-02990,AssemblyRecord,assembly
BFB-02991,BRG-02991,OR007,outer_race_fault,outer_race,slight,0.6813,诊断结果显示轴承出现轻微外圈故障，根因更可能来自材料阶段实体 BMAT-00053 的风险累积。,异常由微小缺陷逐步发展为周期性冲击，检测指标随严重度上升而同步恶化。,0.7165,BMAT-00053,MaterialBatch,material
BFB-02992,BRG-02992,B007,rolling_element_fault,rolling_element,slight,0.6473,该样本的生命周期风险在材料阶段较突出，能够解释当前轻微滚动体故障的主要失效模式。,早期表现为局部接触应力升高，随后振动冲击增强，最终演化为轻微滚动体故障。,0.8172,BMAT-00258,MaterialBatch,material
BFB-02993,BRG-02993,OR014,outer_race_fault,outer_race,medium,0.7444,该样本的生命周期风险在制造阶段较突出，能够解释当前中等外圈故障的主要失效模式。,风险首先在制造阶段形成隐患，运行中持续放大，并通过温度与振动指标表现出来。,0.6887,BMAN-00170,ManufacturingBatch,manufacturing
BFB-02994,BRG-02994,IR014,inner_race_fault,inner_race,medium,0.7121,诊断结果显示轴承出现中等内圈故障，根因更可能来自检测阶段实体 BINSP-02994 的风险累积。,异常由微小缺陷逐步发展为周期性冲击，检测指标随严重度上升而同步恶化。,0.6747,BINSP-02994,InspectionRecord,inspection
BFB-02995,BRG-02995,OR014,outer_race_fault,outer_race,medium,0.6766,该样本的生命周期风险在材料阶段较突出，能够解释当前中等外圈故障的主要失效模式。,风险首先在材料阶段形成隐患，运行中持续放大，并通过温度与振动指标表现出来。,0.6604,BMAT-00029,MaterialBatch,material
BFB-02996,BRG-02996,IR014,inner_race_fault,inner_race,medium,0.6868,结合振动、峭度和温升特征，内圈故障与检测阶段异常高度一致，优先追溯到 BINSP-02996。,风险首先在检测阶段形成隐患，运行中持续放大，并通过温度与振动指标表现出来。,0.5982,BINSP-02996,InspectionRecord,inspection
BFB-02997,BRG-02997,B014,rolling_element_fault,rolling_element,medium,0.708,该样本的生命周期风险在检测阶段较突出，能够解释当前中等滚动体故障的主要失效模式。,早期表现为局部接触应力升高，随后振动冲击增强，最终演化为中等滚动体故障。,0.6829,BINSP-02997,InspectionRecord,inspection
BFB-02998,BRG-02998,Normal,normal,none,normal,0.9145,该轴承样本生命周期风险较低，未形成明确故障追溯链。,运行状态平稳，检测指标未呈现持续恶化趋势。,0.8505,NORMAL_BASELINE,QualityFeedback,feedback
BFB-02999,BRG-02999,OR014,outer_race_fault,outer_race,medium,0.7135,诊断结果显示轴承出现中等外圈故障，根因更可能来自装配阶段实体 BASM-02999 的风险累积。,异常由微小缺陷逐步发展为周期性冲击，检测指标随严重度上升而同步恶化。,0.7391,BASM-02999,AssemblyRecord,assembly
BFB-03000,BRG-03000,Normal,normal,none,normal,0.9318,该轴承样本生命周期风险较低，未形成明确故障追溯链。,运行状态平稳，检测指标未呈现持续恶化趋势。,0.8416,NORMAL_BASELINE,QualityFeedback,feedback
BFB-03001,BRG-03001,Normal,normal,none,normal,0.8761,该轴承样本生命周期风险较低，未形成明确故障追溯链。,运行状态平稳，检测指标未呈现持续恶化趋势。,0.8654,NORMAL_BASELINE,QualityFeedback,feedback
BFB-03002,BRG-03002,B007,rolling_element_fault,rolling_element,slight,0.6854,结合振动、峭度和温升特征，滚动体故障与检测阶段异常高度一致，优先追溯到 BINSP-03002。,异常由微小缺陷逐步发展为周期性冲击，检测指标随严重度上升而同步恶化。,0.6541,BINSP-03002,InspectionRecord,inspection
BFB-03003,BRG-03003,B007,rolling_element_fault,rolling_element,slight,0.6663,该样本的生命周期风险在设计阶段较突出，能够解释当前轻微滚动体故障的主要失效模式。,早期表现为局部接触应力升高，随后振动冲击增强，最终演化为轻微滚动体故障。,0.6267,BDES-00431,BearingDesignSpec,design
BFB-03004,BRG-03004,OR021,outer_race_fault,outer_race,severe,0.7814,该样本的生命周期风险在检测阶段较突出，能够解释当前严重外圈故障的主要失效模式。,风险首先在检测阶段形成隐患，运行中持续放大，并通过温度与振动指标表现出来。,0.8141,BINSP-03004,InspectionRecord,inspection
BFB-03005,BRG-03005,B007,rolling_element_fault,rolling_element,slight,0.6663,诊断结果显示轴承出现轻微滚动体故障，根因更可能来自制造阶段实体 BMAN-00899 的风险累积。,异常由微小缺陷逐步发展为周期性冲击，检测指标随严重度上升而同步恶化。,0.6063,BMAN-00899,ManufacturingBatch,manufacturing
BFB-03006,BRG-03006,OR007,outer_race_fault,outer_race,slight,0.6566,结合振动、峭度和温升特征，外圈故障与材料阶段异常高度一致，优先追溯到 BMAT-00053。,早期表现为局部接触应力升高，随后振动冲击增强，最终演化为轻微外圈故障。,0.6207,BMAT-00053,MaterialBatch,material
BFB-03007,BRG-03007,B014,rolling_element_fault,rolling_element,medium,0.7077,该样本的生命周期风险在检测阶段较突出，能够解释当前中等滚动体故障的主要失效模式。,早期表现为局部接触应力升高，随后振动冲击增强，最终演化为中等滚动体故障。,0.7232,BINSP-03007,InspectionRecord,inspection
BFB-03008,BRG-03008,OR007,outer_race_fault,outer_race,slight,0.7447,结合振动、峭度和温升特征，外圈故障与制造阶段异常高度一致，优先追溯到 BMAN-00325。,风险首先在制造阶段形成隐患，运行中持续放大，并通过温度与振动指标表现出来。,0.6719,BMAN-00325,ManufacturingBatch,manufacturing
BFB-03009,BRG-03009,B007,rolling_element_fault,rolling_element,slight,0.7345,该样本的生命周期风险在材料阶段较突出，能够解释当前轻微滚动体故障的主要失效模式。,异常由微小缺陷逐步发展为周期性冲击，检测指标随严重度上升而同步恶化。,0.7134,BMAT-00181,MaterialBatch,material
BFB-03010,BRG-03010,B007,rolling_element_fault,rolling_element,slight,0.7191,诊断结果显示轴承出现轻微滚动体故障，根因更可能来自检测阶段实体 BINSP-03010 的风险累积。,风险首先在检测阶段形成隐患，运行中持续放大，并通过温度与振动指标表现出来。,0.6847,BINSP-03010,InspectionRecord,inspection
BFB-03011,BRG-03011,B021,rolling_element_fault,rolling_element,severe,0.6957,结合振动、峭度和温升特征，滚动体故障与材料阶段异常高度一致，优先追溯到 BMAT-00248。,异常由微小缺陷逐步发展为周期性冲击，检测指标随严重度上升而同步恶化。,0.7103,BMAT-00248,MaterialBatch,material
BFB-03012,BRG-03012,IR007,inner_race_fault,inner_race,slight,0.6947,该样本的生命周期风险在装配阶段较突出，能够解释当前轻微内圈故障的主要失效模式。,风险首先在装配阶段形成隐患，运行中持续放大，并通过温度与振动指标表现出来。,0.617,BASM-03012,AssemblyRecord,assembly
BFB-03013,BRG-03013,Normal,normal,none,normal,0.9498,该轴承样本生命周期风险较低，未形成明确故障追溯链。,运行状态平稳，检测指标未呈现持续恶化趋势。,0.867,NORMAL_BASELINE,QualityFeedback,feedback
BFB-03014,BRG-03014,Normal,normal,none,normal,0.8841,该轴承样本生命周期风险较低，未形成明确故障追溯链。,运行状态平稳，检测指标未呈现持续恶化趋势。,0.8879,NORMAL_BASELINE,QualityFeedback,feedback
BFB-03015,BRG-03015,B007,rolling_element_fault,rolling_element,slight,0.7019,诊断结果显示轴承出现轻微滚动体故障，根因更可能来自材料阶段实体 BMAT-00187 的风险累积。,早期表现为局部接触应力升高，随后振动冲击增强，最终演化为轻微滚动体故障。,0.649,BMAT-00187,MaterialBatch,material
BFB-03016,BRG-03016,OR021,outer_race_fault,outer_race,severe,0.7815,诊断结果显示轴承出现严重外圈故障，根因更可能来自制造阶段实体 BMAN-00354 的风险累积。,早期表现为局部接触应力升高，随后振动冲击增强，最终演化为严重外圈故障。,0.6738,BMAN-00354,ManufacturingBatch,manufacturing
BFB-03017,BRG-03017,B014,rolling_element_fault,rolling_element,medium,0.6338,该样本的生命周期风险在运维阶段较突出，能够解释当前中等滚动体故障的主要失效模式。,风险首先在运维阶段形成隐患，运行中持续放大，并通过温度与振动指标表现出来。,0.6712,BOPR-03017,MaintenanceRecord,operation
BFB-03018,BRG-03018,IR007,inner_race_fault,inner_race,slight,0.6519,该样本的生命周期风险在制造阶段较突出，能够解释当前轻微内圈故障的主要失效模式。,早期表现为局部接触应力升高，随后振动冲击增强，最终演化为轻微内圈故障。,0.729,BMAN-00863,ManufacturingBatch,manufacturing
BFB-03019,BRG-03019,OR021,outer_race_fault,outer_race,severe,0.7378,诊断结果显示轴承出现严重外圈故障，根因更可能来自装配阶段实体 BASM-03019 的风险累积。,异常由微小缺陷逐步发展为周期性冲击，检测指标随严重度上升而同步恶化。,0.8385,BASM-03019,AssemblyRecord,assembly
BFB-03020,BRG-03020,B007,rolling_element_fault,rolling_element,slight,0.6229,诊断结果显示轴承出现轻微滚动体故障，根因更可能来自材料阶段实体 BMAT-00480 的风险累积。,风险首先在材料阶段形成隐患，运行中持续放大，并通过温度与振动指标表现出来。,0.6108,BMAT-00480,MaterialBatch,material
BFB-03021,BRG-03021,IR021,inner_race_fault,inner_race,severe,0.7151,结合振动、峭度和温升特征，内圈故障与材料阶段异常高度一致，优先追溯到 BMAT-00445。,早期表现为局部接触应力升高，随后振动冲击增强，最终演化为严重内圈故障。,0.7016,BMAT-00445,MaterialBatch,material
BFB-03022,BRG-03022,IR014,inner_race_fault,inner_race,medium,0.7203,诊断结果显示轴承出现中等内圈故障，根因更可能来自制造阶段实体 BMAN-00730 的风险累积。,异常由微小缺陷逐步发展为周期性冲击，检测指标随严重度上升而同步恶化。,0.7233,BMAN-00730,ManufacturingBatch,manufacturing
BFB-03023,BRG-03023,OR021,outer_race_fault,outer_race,severe,0.7305,该样本的生命周期风险在装配阶段较突出，能够解释当前严重外圈故障的主要失效模式。,异常由微小缺陷逐步发展为周期性冲击，检测指标随严重度上升而同步恶化。,0.6702,BASM-03023,AssemblyRecord,assembly
BFB-03024,BRG-03024,IR014,inner_race_fault,inner_race,medium,0.741,该样本的生命周期风险在装配阶段较突出，能够解释当前中等内圈故障的主要失效模式。,早期表现为局部接触应力升高，随后振动冲击增强，最终演化为中等内圈故障。,0.7615,BASM-03024,AssemblyRecord,assembly
BFB-03025,BRG-03025,OR007,outer_race_fault,outer_race,slight,0.6679,该样本的生命周期风险在设计阶段较突出，能够解释当前轻微外圈故障的主要失效模式。,早期表现为局部接触应力升高，随后振动冲击增强，最终演化为轻微外圈故障。,0.6499,BDES-00231,BearingDesignSpec,design
BFB-03026,BRG-03026,OR007,outer_race_fault,outer_race,slight,0.6806,结合振动、峭度和温升特征，外圈故障与制造阶段异常高度一致，优先追溯到 BMAN-00790。,风险首先在制造阶段形成隐患，运行中持续放大，并通过温度与振动指标表现出来。,0.649,BMAN-00790,ManufacturingBatch,manufacturing
BFB-03027,BRG-03027,IR007,inner_race_fault,inner_race,slight,0.6803,该样本的生命周期风险在设计阶段较突出，能够解释当前轻微内圈故障的主要失效模式。,风险首先在设计阶段形成隐患，运行中持续放大，并通过温度与振动指标表现出来。,0.6721,BDES-00363,BearingDesignSpec,design
BFB-03028,BRG-03028,IR014,inner_race_fault,inner_race,medium,0.7021,诊断结果显示轴承出现中等内圈故障，根因更可能来自材料阶段实体 BMAT-00085 的风险累积。,早期表现为局部接触应力升高，随后振动冲击增强，最终演化为中等内圈故障。,0.63,BMAT-00085,MaterialBatch,material
BFB-03029,BRG-03029,IR014,inner_race_fault,inner_race,medium,0.7571,结合振动、峭度和温升特征，内圈故障与制造阶段异常高度一致，优先追溯到 BMAN-00077。,早期表现为局部接触应力升高，随后振动冲击增强，最终演化为中等内圈故障。,0.6786,BMAN-00077,ManufacturingBatch,manufacturing
BFB-03030,BRG-03030,IR007,inner_race_fault,inner_race,slight,0.668,结合振动、峭度和温升特征，内圈故障与装配阶段异常高度一致，优先追溯到 BASM-03030。,风险首先在装配阶段形成隐患，运行中持续放大，并通过温度与振动指标表现出来。,0.6833,BASM-03030,AssemblyRecord,assembly
BFB-03031,BRG-03031,OR014,outer_race_fault,outer_race,medium,0.6895,该样本的生命周期风险在设计阶段较突出，能够解释当前中等外圈故障的主要失效模式。,风险首先在设计阶段形成隐患，运行中持续放大，并通过温度与振动指标表现出来。,0.6812,BDES-00577,BearingDesignSpec,design
BFB-03032,BRG-03032,IR021,inner_race_fault,inner_race,severe,0.7524,诊断结果显示轴承出现严重内圈故障，根因更可能来自材料阶段实体 BMAT-00158 的风险累积。,早期表现为局部接触应力升高，随后振动冲击增强，最终演化为严重内圈故障。,0.7461,BMAT-00158,MaterialBatch,material
BFB-03033,BRG-03033,B007,rolling_element_fault,rolling_element,slight,0.6667,该样本的生命周期风险在材料阶段较突出，能够解释当前轻微滚动体故障的主要失效模式。,异常由微小缺陷逐步发展为周期性冲击，检测指标随严重度上升而同步恶化。,0.6008,BMAT-00433,MaterialBatch,material
BFB-03034,BRG-03034,OR014,outer_race_fault,outer_race,medium,0.7179,该样本的生命周期风险在设计阶段较突出，能够解释当前中等外圈故障的主要失效模式。,早期表现为局部接触应力升高，随后振动冲击增强，最终演化为中等外圈故障。,0.7531,BDES-00245,BearingDesignSpec,design
BFB-03035,BRG-03035,OR014,outer_race_fault,outer_race,medium,0.6758,该样本的生命周期风险在制造阶段较突出，能够解释当前中等外圈故障的主要失效模式。,早期表现为局部接触应力升高，随后振动冲击增强，最终演化为中等外圈故障。,0.6273,BMAN-01029,ManufacturingBatch,manufacturing
BFB-03036,BRG-03036,IR014,inner_race_fault,inner_race,medium,0.6085,该样本的生命周期风险在制造阶段较突出，能够解释当前中等内圈故障的主要失效模式。,风险首先在制造阶段形成隐患，运行中持续放大，并通过温度与振动指标表现出来。,0.6994,BMAN-00661,ManufacturingBatch,manufacturing
BFB-03037,BRG-03037,B014,rolling_element_fault,rolling_element,medium,0.7011,诊断结果显示轴承出现中等滚动体故障，根因更可能来自运维阶段实体 BOPR-03037 的风险累积。,早期表现为局部接触应力升高，随后振动冲击增强，最终演化为中等滚动体故障。,0.6997,BOPR-03037,MaintenanceRecord,operation
BFB-03038,BRG-03038,OR014,outer_race_fault,outer_race,medium,0.6971,该样本的生命周期风险在装配阶段较突出，能够解释当前中等外圈故障的主要失效模式。,早期表现为局部接触应力升高，随后振动冲击增强，最终演化为中等外圈故障。,0.6675,BASM-03038,AssemblyRecord,assembly
BFB-03039,BRG-03039,B021,rolling_element_fault,rolling_element,severe,0.7192,该样本的生命周期风险在制造阶段较突出，能够解释当前严重滚动体故障的主要失效模式。,风险首先在制造阶段形成隐患，运行中持续放大，并通过温度与振动指标表现出来。,0.6697,BMAN-00801,ManufacturingBatch,manufacturing
BFB-03040,BRG-03040,B007,rolling_element_fault,rolling_element,slight,0.6422,结合振动、峭度和温升特征，滚动体故障与设计阶段异常高度一致，优先追溯到 BDES-00114。,异常由微小缺陷逐步发展为周期性冲击，检测指标随严重度上升而同步恶化。,0.5987,BDES-00114,BearingDesignSpec,design
BFB-03041,BRG-03041,OR014,outer_race_fault,outer_race,medium,0.7052,该样本的生命周期风险在装配阶段较突出，能够解释当前中等外圈故障的主要失效模式。,异常由微小缺陷逐步发展为周期性冲击，检测指标随严重度上升而同步恶化。,0.7322,BASM-03041,AssemblyRecord,assembly
BFB-03042,BRG-03042,B007,rolling_element_fault,rolling_element,slight,0.667,该样本的生命周期风险在制造阶段较突出，能够解释当前轻微滚动体故障的主要失效模式。,早期表现为局部接触应力升高，随后振动冲击增强，最终演化为轻微滚动体故障。,0.6793,BMAN-01135,ManufacturingBatch,manufacturing
BFB-03043,BRG-03043,B014,rolling_element_fault,rolling_element,medium,0.7315,该样本的生命周期风险在装配阶段较突出，能够解释当前中等滚动体故障的主要失效模式。,风险首先在装配阶段形成隐患，运行中持续放大，并通过温度与振动指标表现出来。,0.6329,BASM-03043,AssemblyRecord,assembly
BFB-03044,BRG-03044,Normal,normal,none,normal,0.8907,该轴承样本生命周期风险较低，未形成明确故障追溯链。,运行状态平稳，检测指标未呈现持续恶化趋势。,0.8111,NORMAL_BASELINE,QualityFeedback,feedback
BFB-03045,BRG-03045,B021,rolling_element_fault,rolling_element,severe,0.742,结合振动、峭度和温升特征，滚动体故障与装配阶段异常高度一致，优先追溯到 BASM-03045。,异常由微小缺陷逐步发展为周期性冲击，检测指标随严重度上升而同步恶化。,0.6809,BASM-03045,AssemblyRecord,assembly
BFB-03046,BRG-03046,B021,rolling_element_fault,rolling_element,severe,0.6853,结合振动、峭度和温升特征，滚动体故障与制造阶段异常高度一致，优先追溯到 BMAN-00931。,早期表现为局部接触应力升高，随后振动冲击增强，最终演化为严重滚动体故障。,0.6884,BMAN-00931,ManufacturingBatch,manufacturing
BFB-03047,BRG-03047,B021,rolling_element_fault,rolling_element,severe,0.7282,结合振动、峭度和温升特征，滚动体故障与检测阶段异常高度一致，优先追溯到 BINSP-03047。,风险首先在检测阶段形成隐患，运行中持续放大，并通过温度与振动指标表现出来。,0.7446,BINSP-03047,InspectionRecord,inspection
BFB-03048,BRG-03048,OR007,outer_race_fault,outer_race,slight,0.6283,该样本的生命周期风险在制造阶段较突出，能够解释当前轻微外圈故障的主要失效模式。,早期表现为局部接触应力升高，随后振动冲击增强，最终演化为轻微外圈故障。,0.6538,BMAN-00549,ManufacturingBatch,manufacturing
BFB-03049,BRG-03049,IR014,inner_race_fault,inner_race,medium,0.7113,结合振动、峭度和温升特征，内圈故障与装配阶段异常高度一致，优先追溯到 BASM-03049。,风险首先在装配阶段形成隐患，运行中持续放大，并通过温度与振动指标表现出来。,0.6909,BASM-03049,AssemblyRecord,assembly
BFB-03050,BRG-03050,IR007,inner_race_fault,inner_race,slight,0.6826,诊断结果显示轴承出现轻微内圈故障，根因更可能来自材料阶段实体 BMAT-00189 的风险累积。,风险首先在材料阶段形成隐患，运行中持续放大，并通过温度与振动指标表现出来。,0.7346,BMAT-00189,MaterialBatch,material
BFB-03051,BRG-03051,Normal,normal,none,normal,0.8888,该轴承样本生命周期风险较低，未形成明确故障追溯链。,运行状态平稳，检测指标未呈现持续恶化趋势。,0.7948,NORMAL_BASELINE,QualityFeedback,feedback
BFB-03052,BRG-03052,B014,rolling_element_fault,rolling_element,medium,0.6484,结合振动、峭度和温升特征，滚动体故障与材料阶段异常高度一致，优先追溯到 BMAT-00181。,风险首先在材料阶段形成隐患，运行中持续放大，并通过温度与振动指标表现出来。,0.6723,BMAT-00181,MaterialBatch,material
BFB-03053,BRG-03053,OR014,outer_race_fault,outer_race,medium,0.7035,该样本的生命周期风险在设计阶段较突出，能够解释当前中等外圈故障的主要失效模式。,异常由微小缺陷逐步发展为周期性冲击，检测指标随严重度上升而同步恶化。,0.7579,BDES-00428,BearingDesignSpec,design
BFB-03054,BRG-03054,IR014,inner_race_fault,inner_race,medium,0.6465,诊断结果显示轴承出现中等内圈故障，根因更可能来自制造阶段实体 BMAN-00694 的风险累积。,异常由微小缺陷逐步发展为周期性冲击，检测指标随严重度上升而同步恶化。,0.6833,BMAN-00694,ManufacturingBatch,manufacturing
BFB-03055,BRG-03055,IR021,inner_race_fault,inner_race,severe,0.6704,诊断结果显示轴承出现严重内圈故障，根因更可能来自制造阶段实体 BMAN-00602 的风险累积。,风险首先在制造阶段形成隐患，运行中持续放大，并通过温度与振动指标表现出来。,0.7862,BMAN-00602,ManufacturingBatch,manufacturing
BFB-03056,BRG-03056,B014,rolling_element_fault,rolling_element,medium,0.7201,结合振动、峭度和温升特征，滚动体故障与制造阶段异常高度一致，优先追溯到 BMAN-00997。,早期表现为局部接触应力升高，随后振动冲击增强，最终演化为中等滚动体故障。,0.7447,BMAN-00997,ManufacturingBatch,manufacturing
BFB-03057,BRG-03057,OR021,outer_race_fault,outer_race,severe,0.7525,结合振动、峭度和温升特征，外圈故障与装配阶段异常高度一致，优先追溯到 BASM-03057。,早期表现为局部接触应力升高，随后振动冲击增强，最终演化为严重外圈故障。,0.6196,BASM-03057,AssemblyRecord,assembly
BFB-03058,BRG-03058,OR014,outer_race_fault,outer_race,medium,0.6608,该样本的生命周期风险在装配阶段较突出，能够解释当前中等外圈故障的主要失效模式。,早期表现为局部接触应力升高，随后振动冲击增强，最终演化为中等外圈故障。,0.6433,BASM-03058,AssemblyRecord,assembly
BFB-03059,BRG-03059,IR007,inner_race_fault,inner_race,slight,0.7302,诊断结果显示轴承出现轻微内圈故障，根因更可能来自制造阶段实体 BMAN-00277 的风险累积。,异常由微小缺陷逐步发展为周期性冲击，检测指标随严重度上升而同步恶化。,0.6856,BMAN-00277,ManufacturingBatch,manufacturing
BFB-03060,BRG-03060,B014,rolling_element_fault,rolling_element,medium,0.6823,诊断结果显示轴承出现中等滚动体故障，根因更可能来自设计阶段实体 BDES-00225 的风险累积。,异常由微小缺陷逐步发展为周期性冲击，检测指标随严重度上升而同步恶化。,0.6906,BDES-00225,BearingDesignSpec,design
BFB-03061,BRG-03061,IR014,inner_race_fault,inner_race,medium,0.7012,结合振动、峭度和温升特征，内圈故障与制造阶段异常高度一致，优先追溯到 BMAN-00253。,早期表现为局部接触应力升高，随后振动冲击增强，最终演化为中等内圈故障。,0.7326,BMAN-00253,ManufacturingBatch,manufacturing
BFB-03062,BRG-03062,B007,rolling_element_fault,rolling_element,slight,0.6324,结合振动、峭度和温升特征，滚动体故障与运维阶段异常高度一致，优先追溯到 BOPR-03062。,异常由微小缺陷逐步发展为周期性冲击，检测指标随严重度上升而同步恶化。,0.6477,BOPR-03062,MaintenanceRecord,operation
BFB-03063,BRG-03063,Normal,normal,none,normal,0.8896,该轴承样本生命周期风险较低，未形成明确故障追溯链。,运行状态平稳，检测指标未呈现持续恶化趋势。,0.8521,NORMAL_BASELINE,QualityFeedback,feedback
BFB-03064,BRG-03064,B014,rolling_element_fault,rolling_element,medium,0.6986,该样本的生命周期风险在装配阶段较突出，能够解释当前中等滚动体故障的主要失效模式。,早期表现为局部接触应力升高，随后振动冲击增强，最终演化为中等滚动体故障。,0.7093,BASM-03064,AssemblyRecord,assembly
BFB-03065,BRG-03065,IR014,inner_race_fault,inner_race,medium,0.6602,结合振动、峭度和温升特征，内圈故障与检测阶段异常高度一致，优先追溯到 BINSP-03065。,异常由微小缺陷逐步发展为周期性冲击，检测指标随严重度上升而同步恶化。,0.602,BINSP-03065,InspectionRecord,inspection
BFB-03066,BRG-03066,B007,rolling_element_fault,rolling_element,slight,0.7285,该样本的生命周期风险在运维阶段较突出，能够解释当前轻微滚动体故障的主要失效模式。,风险首先在运维阶段形成隐患，运行中持续放大，并通过温度与振动指标表现出来。,0.5943,BOPR-03066,MaintenanceRecord,operation
BFB-03067,BRG-03067,OR007,outer_race_fault,outer_race,slight,0.6272,该样本的生命周期风险在装配阶段较突出，能够解释当前轻微外圈故障的主要失效模式。,风险首先在装配阶段形成隐患，运行中持续放大，并通过温度与振动指标表现出来。,0.6817,BASM-03067,AssemblyRecord,assembly
BFB-03068,BRG-03068,IR007,inner_race_fault,inner_race,slight,0.6934,该样本的生命周期风险在运维阶段较突出，能够解释当前轻微内圈故障的主要失效模式。,风险首先在运维阶段形成隐患，运行中持续放大，并通过温度与振动指标表现出来。,0.5337,BOPR-03068,MaintenanceRecord,operation
BFB-03069,BRG-03069,B014,rolling_element_fault,rolling_element,medium,0.6829,该样本的生命周期风险在材料阶段较突出，能够解释当前中等滚动体故障的主要失效模式。,早期表现为局部接触应力升高，随后振动冲击增强，最终演化为中等滚动体故障。,0.6389,BMAT-00467,MaterialBatch,material
BFB-03070,BRG-03070,IR021,inner_race_fault,inner_race,severe,0.6828,结合振动、峭度和温升特征，内圈故障与装配阶段异常高度一致，优先追溯到 BASM-03070。,早期表现为局部接触应力升高，随后振动冲击增强，最终演化为严重内圈故障。,0.6298,BASM-03070,AssemblyRecord,assembly
BFB-03071,BRG-03071,OR021,outer_race_fault,outer_race,severe,0.671,结合振动、峭度和温升特征，外圈故障与材料阶段异常高度一致，优先追溯到 BMAT-00107。,异常由微小缺陷逐步发展为周期性冲击，检测指标随严重度上升而同步恶化。,0.7261,BMAT-00107,MaterialBatch,material
BFB-03072,BRG-03072,OR014,outer_race_fault,outer_race,medium,0.7056,诊断结果显示轴承出现中等外圈故障，根因更可能来自制造阶段实体 BMAN-00985 的风险累积。,早期表现为局部接触应力升高，随后振动冲击增强，最终演化为中等外圈故障。,0.6399,BMAN-00985,ManufacturingBatch,manufacturing
BFB-03073,BRG-03073,IR007,inner_race_fault,inner_race,slight,0.6407,该样本的生命周期风险在材料阶段较突出，能够解释当前轻微内圈故障的主要失效模式。,早期表现为局部接触应力升高，随后振动冲击增强，最终演化为轻微内圈故障。,0.5538,BMAT-00241,MaterialBatch,material
BFB-03074,BRG-03074,B007,rolling_element_fault,rolling_element,slight,0.7294,结合振动、峭度和温升特征，滚动体故障与制造阶段异常高度一致，优先追溯到 BMAN-00095。,异常由微小缺陷逐步发展为周期性冲击，检测指标随严重度上升而同步恶化。,0.669,BMAN-00095,ManufacturingBatch,manufacturing
BFB-03075,BRG-03075,OR007,outer_race_fault,outer_race,slight,0.6744,结合振动、峭度和温升特征，外圈故障与材料阶段异常高度一致，优先追溯到 BMAT-00437。,早期表现为局部接触应力升高，随后振动冲击增强，最终演化为轻微外圈故障。,0.6822,BMAT-00437,MaterialBatch,material
BFB-03076,BRG-03076,IR014,inner_race_fault,inner_race,medium,0.7217,该样本的生命周期风险在装配阶段较突出，能够解释当前中等内圈故障的主要失效模式。,异常由微小缺陷逐步发展为周期性冲击，检测指标随严重度上升而同步恶化。,0.6853,BASM-03076,AssemblyRecord,assembly
BFB-03077,BRG-03077,OR014,outer_race_fault,outer_race,medium,0.7248,诊断结果显示轴承出现中等外圈故障，根因更可能来自设计阶段实体 BDES-00118 的风险累积。,风险首先在设计阶段形成隐患，运行中持续放大，并通过温度与振动指标表现出来。,0.6271,BDES-00118,BearingDesignSpec,design
BFB-03078,BRG-03078,B007,rolling_element_fault,rolling_element,slight,0.694,诊断结果显示轴承出现轻微滚动体故障，根因更可能来自设计阶段实体 BDES-00396 的风险累积。,早期表现为局部接触应力升高，随后振动冲击增强，最终演化为轻微滚动体故障。,0.6222,BDES-00396,BearingDesignSpec,design
BFB-03079,BRG-03079,B021,rolling_element_fault,rolling_element,severe,0.6607,该样本的生命周期风险在材料阶段较突出，能够解释当前严重滚动体故障的主要失效模式。,风险首先在材料阶段形成隐患，运行中持续放大，并通过温度与振动指标表现出来。,0.696,BMAT-00239,MaterialBatch,material
BFB-03080,BRG-03080,IR014,inner_race_fault,inner_race,medium,0.7208,该样本的生命周期风险在运维阶段较突出，能够解释当前中等内圈故障的主要失效模式。,风险首先在运维阶段形成隐患，运行中持续放大，并通过温度与振动指标表现出来。,0.6406,BOPR-03080,MaintenanceRecord,operation
BFB-03081,BRG-03081,OR014,outer_race_fault,outer_race,medium,0.6447,结合振动、峭度和温升特征，外圈故障与装配阶段异常高度一致，优先追溯到 BASM-03081。,异常由微小缺陷逐步发展为周期性冲击，检测指标随严重度上升而同步恶化。,0.6573,BASM-03081,AssemblyRecord,assembly
BFB-03082,BRG-03082,OR007,outer_race_fault,outer_race,slight,0.7057,结合振动、峭度和温升特征，外圈故障与制造阶段异常高度一致，优先追溯到 BMAN-00104。,异常由微小缺陷逐步发展为周期性冲击，检测指标随严重度上升而同步恶化。,0.6859,BMAN-00104,ManufacturingBatch,manufacturing
BFB-03083,BRG-03083,B007,rolling_element_fault,rolling_element,slight,0.682,诊断结果显示轴承出现轻微滚动体故障，根因更可能来自制造阶段实体 BMAN-00621 的风险累积。,风险首先在制造阶段形成隐患，运行中持续放大，并通过温度与振动指标表现出来。,0.7083,BMAN-00621,ManufacturingBatch,manufacturing
BFB-03084,BRG-03084,B021,rolling_element_fault,rolling_element,severe,0.7578,结合振动、峭度和温升特征，滚动体故障与制造阶段异常高度一致，优先追溯到 BMAN-01113。,风险首先在制造阶段形成隐患，运行中持续放大，并通过温度与振动指标表现出来。,0.7234,BMAN-01113,ManufacturingBatch,manufacturing
BFB-03085,BRG-03085,OR014,outer_race_fault,outer_race,medium,0.653,结合振动、峭度和温升特征，外圈故障与制造阶段异常高度一致，优先追溯到 BMAN-01018。,风险首先在制造阶段形成隐患，运行中持续放大，并通过温度与振动指标表现出来。,0.7283,BMAN-01018,ManufacturingBatch,manufacturing
BFB-03086,BRG-03086,IR021,inner_race_fault,inner_race,severe,0.6411,该样本的生命周期风险在装配阶段较突出，能够解释当前严重内圈故障的主要失效模式。,风险首先在装配阶段形成隐患，运行中持续放大，并通过温度与振动指标表现出来。,0.6345,BASM-03086,AssemblyRecord,assembly
BFB-03087,BRG-03087,OR007,outer_race_fault,outer_race,slight,0.7378,结合振动、峭度和温升特征，外圈故障与装配阶段异常高度一致，优先追溯到 BASM-03087。,异常由微小缺陷逐步发展为周期性冲击，检测指标随严重度上升而同步恶化。,0.6318,BASM-03087,AssemblyRecord,assembly
BFB-03088,BRG-03088,OR021,outer_race_fault,outer_race,severe,0.6849,诊断结果显示轴承出现严重外圈故障，根因更可能来自装配阶段实体 BASM-03088 的风险累积。,早期表现为局部接触应力升高，随后振动冲击增强，最终演化为严重外圈故障。,0.7073,BASM-03088,AssemblyRecord,assembly
BFB-03089,BRG-03089,IR014,inner_race_fault,inner_race,medium,0.7568,结合振动、峭度和温升特征，内圈故障与设计阶段异常高度一致，优先追溯到 BDES-00605。,异常由微小缺陷逐步发展为周期性冲击，检测指标随严重度上升而同步恶化。,0.7345,BDES-00605,BearingDesignSpec,design
BFB-03090,BRG-03090,B014,rolling_element_fault,rolling_element,medium,0.6685,结合振动、峭度和温升特征，滚动体故障与材料阶段异常高度一致，优先追溯到 BMAT-00030。,风险首先在材料阶段形成隐患，运行中持续放大，并通过温度与振动指标表现出来。,0.6487,BMAT-00030,MaterialBatch,material
BFB-03091,BRG-03091,IR021,inner_race_fault,inner_race,severe,0.6973,该样本的生命周期风险在设计阶段较突出，能够解释当前严重内圈故障的主要失效模式。,风险首先在设计阶段形成隐患，运行中持续放大，并通过温度与振动指标表现出来。,0.6674,BDES-00576,BearingDesignSpec,design
BFB-03092,BRG-03092,B021,rolling_element_fault,rolling_element,severe,0.677,结合振动、峭度和温升特征，滚动体故障与制造阶段异常高度一致，优先追溯到 BMAN-01148。,异常由微小缺陷逐步发展为周期性冲击，检测指标随严重度上升而同步恶化。,0.7089,BMAN-01148,ManufacturingBatch,manufacturing
BFB-03093,BRG-03093,IR007,inner_race_fault,inner_race,slight,0.6958,结合振动、峭度和温升特征，内圈故障与制造阶段异常高度一致，优先追溯到 BMAN-01155。,早期表现为局部接触应力升高，随后振动冲击增强，最终演化为轻微内圈故障。,0.7318,BMAN-01155,ManufacturingBatch,manufacturing
BFB-03094,BRG-03094,Normal,normal,none,normal,0.945,该轴承样本生命周期风险较低，未形成明确故障追溯链。,运行状态平稳，检测指标未呈现持续恶化趋势。,0.8449,NORMAL_BASELINE,QualityFeedback,feedback
BFB-03095,BRG-03095,B021,rolling_element_fault,rolling_element,severe,0.754,该样本的生命周期风险在制造阶段较突出，能够解释当前严重滚动体故障的主要失效模式。,风险首先在制造阶段形成隐患，运行中持续放大，并通过温度与振动指标表现出来。,0.7053,BMAN-00506,ManufacturingBatch,manufacturing
BFB-03096,BRG-03096,OR014,outer_race_fault,outer_race,medium,0.7068,该样本的生命周期风险在装配阶段较突出，能够解释当前中等外圈故障的主要失效模式。,风险首先在装配阶段形成隐患，运行中持续放大，并通过温度与振动指标表现出来。,0.6658,BASM-03096,AssemblyRecord,assembly
BFB-03097,BRG-03097,OR007,outer_race_fault,outer_race,slight,0.6961,诊断结果显示轴承出现轻微外圈故障，根因更可能来自检测阶段实体 BINSP-03097 的风险累积。,早期表现为局部接触应力升高，随后振动冲击增强，最终演化为轻微外圈故障。,0.6291,BINSP-03097,InspectionRecord,inspection
BFB-03098,BRG-03098,IR007,inner_race_fault,inner_race,slight,0.6682,结合振动、峭度和温升特征，内圈故障与材料阶段异常高度一致，优先追溯到 BMAT-00260。,风险首先在材料阶段形成隐患，运行中持续放大，并通过温度与振动指标表现出来。,0.6916,BMAT-00260,MaterialBatch,material
BFB-03099,BRG-03099,IR014,inner_race_fault,inner_race,medium,0.6898,该样本的生命周期风险在材料阶段较突出，能够解释当前中等内圈故障的主要失效模式。,异常由微小缺陷逐步发展为周期性冲击，检测指标随严重度上升而同步恶化。,0.6746,BMAT-00289,MaterialBatch,material
BFB-03100,BRG-03100,OR007,outer_race_fault,outer_race,slight,0.6364,结合振动、峭度和温升特征，外圈故障与制造阶段异常高度一致，优先追溯到 BMAN-00136。,风险首先在制造阶段形成隐患，运行中持续放大，并通过温度与振动指标表现出来。,0.6418,BMAN-00136,ManufacturingBatch,manufacturing
BFB-03101,BRG-03101,B007,rolling_element_fault,rolling_element,slight,0.7297,结合振动、峭度和温升特征，滚动体故障与材料阶段异常高度一致，优先追溯到 BMAT-00234。,异常由微小缺陷逐步发展为周期性冲击，检测指标随严重度上升而同步恶化。,0.7245,BMAT-00234,MaterialBatch,material
BFB-03102,BRG-03102,OR007,outer_race_fault,outer_race,slight,0.7015,诊断结果显示轴承出现轻微外圈故障，根因更可能来自材料阶段实体 BMAT-00468 的风险累积。,早期表现为局部接触应力升高，随后振动冲击增强，最终演化为轻微外圈故障。,0.6885,BMAT-00468,MaterialBatch,material
BFB-03103,BRG-03103,B014,rolling_element_fault,rolling_element,medium,0.7601,结合振动、峭度和温升特征，滚动体故障与材料阶段异常高度一致，优先追溯到 BMAT-00266。,异常由微小缺陷逐步发展为周期性冲击，检测指标随严重度上升而同步恶化。,0.6325,BMAT-00266,MaterialBatch,material
BFB-03104,BRG-03104,B007,rolling_element_fault,rolling_element,slight,0.6027,诊断结果显示轴承出现轻微滚动体故障，根因更可能来自制造阶段实体 BMAN-00134 的风险累积。,风险首先在制造阶段形成隐患，运行中持续放大，并通过温度与振动指标表现出来。,0.6241,BMAN-00134,ManufacturingBatch,manufacturing
BFB-03105,BRG-03105,B014,rolling_element_fault,rolling_element,medium,0.6992,该样本的生命周期风险在运维阶段较突出，能够解释当前中等滚动体故障的主要失效模式。,风险首先在运维阶段形成隐患，运行中持续放大，并通过温度与振动指标表现出来。,0.6439,BOPR-03105,MaintenanceRecord,operation
BFB-03106,BRG-03106,B007,rolling_element_fault,rolling_element,slight,0.6448,结合振动、峭度和温升特征，滚动体故障与制造阶段异常高度一致，优先追溯到 BMAN-00917。,早期表现为局部接触应力升高，随后振动冲击增强，最终演化为轻微滚动体故障。,0.6284,BMAN-00917,ManufacturingBatch,manufacturing
BFB-03107,BRG-03107,OR007,outer_race_fault,outer_race,slight,0.6405,诊断结果显示轴承出现轻微外圈故障，根因更可能来自制造阶段实体 BMAN-00516 的风险累积。,风险首先在制造阶段形成隐患，运行中持续放大，并通过温度与振动指标表现出来。,0.6503,BMAN-00516,ManufacturingBatch,manufacturing
BFB-03108,BRG-03108,OR014,outer_race_fault,outer_race,medium,0.7201,诊断结果显示轴承出现中等外圈故障，根因更可能来自制造阶段实体 BMAN-00732 的风险累积。,异常由微小缺陷逐步发展为周期性冲击，检测指标随严重度上升而同步恶化。,0.7017,BMAN-00732,ManufacturingBatch,manufacturing
BFB-03109,BRG-03109,OR021,outer_race_fault,outer_race,severe,0.7077,结合振动、峭度和温升特征，外圈故障与装配阶段异常高度一致，优先追溯到 BASM-03109。,风险首先在装配阶段形成隐患，运行中持续放大，并通过温度与振动指标表现出来。,0.6875,BASM-03109,AssemblyRecord,assembly
BFB-03110,BRG-03110,OR007,outer_race_fault,outer_race,slight,0.6767,该样本的生命周期风险在材料阶段较突出，能够解释当前轻微外圈故障的主要失效模式。,早期表现为局部接触应力升高，随后振动冲击增强，最终演化为轻微外圈故障。,0.6289,BMAT-00249,MaterialBatch,material
BFB-03111,BRG-03111,Normal,normal,none,normal,0.8902,该轴承样本生命周期风险较低，未形成明确故障追溯链。,运行状态平稳，检测指标未呈现持续恶化趋势。,0.7966,NORMAL_BASELINE,QualityFeedback,feedback
BFB-03112,BRG-03112,IR007,inner_race_fault,inner_race,slight,0.6697,结合振动、峭度和温升特征，内圈故障与装配阶段异常高度一致，优先追溯到 BASM-03112。,异常由微小缺陷逐步发展为周期性冲击，检测指标随严重度上升而同步恶化。,0.575,BASM-03112,AssemblyRecord,assembly
BFB-03113,BRG-03113,IR014,inner_race_fault,inner_race,medium,0.7687,该样本的生命周期风险在设计阶段较突出，能够解释当前中等内圈故障的主要失效模式。,风险首先在设计阶段形成隐患，运行中持续放大，并通过温度与振动指标表现出来。,0.7075,BDES-00178,BearingDesignSpec,design
BFB-03114,BRG-03114,OR014,outer_race_fault,outer_race,medium,0.7237,诊断结果显示轴承出现中等外圈故障，根因更可能来自运维阶段实体 BOPR-03114 的风险累积。,早期表现为局部接触应力升高，随后振动冲击增强，最终演化为中等外圈故障。,0.6466,BOPR-03114,MaintenanceRecord,operation
BFB-03115,BRG-03115,IR007,inner_race_fault,inner_race,slight,0.6993,该样本的生命周期风险在制造阶段较突出，能够解释当前轻微内圈故障的主要失效模式。,风险首先在制造阶段形成隐患，运行中持续放大，并通过温度与振动指标表现出来。,0.6102,BMAN-00315,ManufacturingBatch,manufacturing
BFB-03116,BRG-03116,B021,rolling_element_fault,rolling_element,severe,0.7512,结合振动、峭度和温升特征，滚动体故障与检测阶段异常高度一致，优先追溯到 BINSP-03116。,异常由微小缺陷逐步发展为周期性冲击，检测指标随严重度上升而同步恶化。,0.7591,BINSP-03116,InspectionRecord,inspection
BFB-03117,BRG-03117,OR021,outer_race_fault,outer_race,severe,0.7611,结合振动、峭度和温升特征，外圈故障与运维阶段异常高度一致，优先追溯到 BOPR-03117。,风险首先在运维阶段形成隐患，运行中持续放大，并通过温度与振动指标表现出来。,0.6697,BOPR-03117,MaintenanceRecord,operation
BFB-03118,BRG-03118,OR007,outer_race_fault,outer_race,slight,0.5704,该样本的生命周期风险在制造阶段较突出，能够解释当前轻微外圈故障的主要失效模式。,风险首先在制造阶段形成隐患，运行中持续放大，并通过温度与振动指标表现出来。,0.6346,BMAN-00912,ManufacturingBatch,manufacturing
BFB-03119,BRG-03119,OR014,outer_race_fault,outer_race,medium,0.6871,该样本的生命周期风险在制造阶段较突出，能够解释当前中等外圈故障的主要失效模式。,风险首先在制造阶段形成隐患，运行中持续放大，并通过温度与振动指标表现出来。,0.6433,BMAN-00321,ManufacturingBatch,manufacturing
BFB-03120,BRG-03120,B007,rolling_element_fault,rolling_element,slight,0.6777,诊断结果显示轴承出现轻微滚动体故障，根因更可能来自制造阶段实体 BMAN-00442 的风险累积。,异常由微小缺陷逐步发展为周期性冲击，检测指标随严重度上升而同步恶化。,0.5937,BMAN-00442,ManufacturingBatch,manufacturing
BFB-03121,BRG-03121,OR007,outer_race_fault,outer_race,slight,0.7154,诊断结果显示轴承出现轻微外圈故障，根因更可能来自运维阶段实体 BOPR-03121 的风险累积。,异常由微小缺陷逐步发展为周期性冲击，检测指标随严重度上升而同步恶化。,0.6859,BOPR-03121,MaintenanceRecord,operation
BFB-03122,BRG-03122,IR014,inner_race_fault,inner_race,medium,0.8096,该样本的生命周期风险在设计阶段较突出，能够解释当前中等内圈故障的主要失效模式。,风险首先在设计阶段形成隐患，运行中持续放大，并通过温度与振动指标表现出来。,0.7199,BDES-00013,BearingDesignSpec,design
BFB-03123,BRG-03123,OR021,outer_race_fault,outer_race,severe,0.7331,诊断结果显示轴承出现严重外圈故障，根因更可能来自检测阶段实体 BINSP-03123 的风险累积。,早期表现为局部接触应力升高，随后振动冲击增强，最终演化为严重外圈故障。,0.5993,BINSP-03123,InspectionRecord,inspection
BFB-03124,BRG-03124,IR014,inner_race_fault,inner_race,medium,0.6737,结合振动、峭度和温升特征，内圈故障与装配阶段异常高度一致，优先追溯到 BASM-03124。,风险首先在装配阶段形成隐患，运行中持续放大，并通过温度与振动指标表现出来。,0.6567,BASM-03124,AssemblyRecord,assembly
BFB-03125,BRG-03125,B014,rolling_element_fault,rolling_element,medium,0.6779,该样本的生命周期风险在制造阶段较突出，能够解释当前中等滚动体故障的主要失效模式。,异常由微小缺陷逐步发展为周期性冲击，检测指标随严重度上升而同步恶化。,0.7042,BMAN-00542,ManufacturingBatch,manufacturing
BFB-03126,BRG-03126,B014,rolling_element_fault,rolling_element,medium,0.6574,诊断结果显示轴承出现中等滚动体故障，根因更可能来自材料阶段实体 BMAT-00026 的风险累积。,风险首先在材料阶段形成隐患，运行中持续放大，并通过温度与振动指标表现出来。,0.7111,BMAT-00026,MaterialBatch,material
BFB-03127,BRG-03127,IR014,inner_race_fault,inner_race,medium,0.6977,诊断结果显示轴承出现中等内圈故障，根因更可能来自设计阶段实体 BDES-00186 的风险累积。,早期表现为局部接触应力升高，随后振动冲击增强，最终演化为中等内圈故障。,0.664,BDES-00186,BearingDesignSpec,design
BFB-03128,BRG-03128,OR021,outer_race_fault,outer_race,severe,0.7454,该样本的生命周期风险在装配阶段较突出，能够解释当前严重外圈故障的主要失效模式。,异常由微小缺陷逐步发展为周期性冲击，检测指标随严重度上升而同步恶化。,0.6969,BASM-03128,AssemblyRecord,assembly
BFB-03129,BRG-03129,B021,rolling_element_fault,rolling_element,severe,0.7453,该样本的生命周期风险在制造阶段较突出，能够解释当前严重滚动体故障的主要失效模式。,风险首先在制造阶段形成隐患，运行中持续放大，并通过温度与振动指标表现出来。,0.678,BMAN-00107,ManufacturingBatch,manufacturing
BFB-03130,BRG-03130,B014,rolling_element_fault,rolling_element,medium,0.7051,诊断结果显示轴承出现中等滚动体故障，根因更可能来自材料阶段实体 BMAT-00409 的风险累积。,早期表现为局部接触应力升高，随后振动冲击增强，最终演化为中等滚动体故障。,0.6435,BMAT-00409,MaterialBatch,material
BFB-03131,BRG-03131,IR014,inner_race_fault,inner_race,medium,0.7616,诊断结果显示轴承出现中等内圈故障，根因更可能来自材料阶段实体 BMAT-00296 的风险累积。,风险首先在材料阶段形成隐患，运行中持续放大，并通过温度与振动指标表现出来。,0.71,BMAT-00296,MaterialBatch,material
BFB-03132,BRG-03132,IR014,inner_race_fault,inner_race,medium,0.7544,该样本的生命周期风险在制造阶段较突出，能够解释当前中等内圈故障的主要失效模式。,早期表现为局部接触应力升高，随后振动冲击增强，最终演化为中等内圈故障。,0.7444,BMAN-00841,ManufacturingBatch,manufacturing
BFB-03133,BRG-03133,B014,rolling_element_fault,rolling_element,medium,0.6956,结合振动、峭度和温升特征，滚动体故障与制造阶段异常高度一致，优先追溯到 BMAN-00327。,早期表现为局部接触应力升高，随后振动冲击增强，最终演化为中等滚动体故障。,0.7182,BMAN-00327,ManufacturingBatch,manufacturing
BFB-03134,BRG-03134,Normal,normal,none,normal,0.8968,该轴承样本生命周期风险较低，未形成明确故障追溯链。,运行状态平稳，检测指标未呈现持续恶化趋势。,0.7865,NORMAL_BASELINE,QualityFeedback,feedback
BFB-03135,BRG-03135,OR014,outer_race_fault,outer_race,medium,0.6826,该样本的生命周期风险在材料阶段较突出，能够解释当前中等外圈故障的主要失效模式。,风险首先在材料阶段形成隐患，运行中持续放大，并通过温度与振动指标表现出来。,0.6289,BMAT-00155,MaterialBatch,material
BFB-03136,BRG-03136,IR007,inner_race_fault,inner_race,slight,0.7066,诊断结果显示轴承出现轻微内圈故障，根因更可能来自材料阶段实体 BMAT-00070 的风险累积。,风险首先在材料阶段形成隐患，运行中持续放大，并通过温度与振动指标表现出来。,0.6898,BMAT-00070,MaterialBatch,material
BFB-03137,BRG-03137,IR021,inner_race_fault,inner_race,severe,0.673,诊断结果显示轴承出现严重内圈故障，根因更可能来自制造阶段实体 BMAN-01132 的风险累积。,风险首先在制造阶段形成隐患，运行中持续放大，并通过温度与振动指标表现出来。,0.7269,BMAN-01132,ManufacturingBatch,manufacturing
BFB-03138,BRG-03138,B014,rolling_element_fault,rolling_element,medium,0.7423,结合振动、峭度和温升特征，滚动体故障与制造阶段异常高度一致，优先追溯到 BMAN-00191。,早期表现为局部接触应力升高，随后振动冲击增强，最终演化为中等滚动体故障。,0.7816,BMAN-00191,ManufacturingBatch,manufacturing
BFB-03139,BRG-03139,Normal,normal,none,normal,0.8606,该轴承样本生命周期风险较低，未形成明确故障追溯链。,运行状态平稳，检测指标未呈现持续恶化趋势。,0.7965,NORMAL_BASELINE,QualityFeedback,feedback
BFB-03140,BRG-03140,IR021,inner_race_fault,inner_race,severe,0.7197,该样本的生命周期风险在制造阶段较突出，能够解释当前严重内圈故障的主要失效模式。,风险首先在制造阶段形成隐患，运行中持续放大，并通过温度与振动指标表现出来。,0.619,BMAN-00826,ManufacturingBatch,manufacturing
BFB-03141,BRG-03141,OR007,outer_race_fault,outer_race,slight,0.6296,该样本的生命周期风险在装配阶段较突出，能够解释当前轻微外圈故障的主要失效模式。,异常由微小缺陷逐步发展为周期性冲击，检测指标随严重度上升而同步恶化。,0.5552,BASM-03141,AssemblyRecord,assembly
BFB-03142,BRG-03142,IR007,inner_race_fault,inner_race,slight,0.7001,该样本的生命周期风险在材料阶段较突出，能够解释当前轻微内圈故障的主要失效模式。,早期表现为局部接触应力升高，随后振动冲击增强，最终演化为轻微内圈故障。,0.6187,BMAT-00290,MaterialBatch,material
BFB-03143,BRG-03143,IR007,inner_race_fault,inner_race,slight,0.6687,诊断结果显示轴承出现轻微内圈故障，根因更可能来自制造阶段实体 BMAN-00258 的风险累积。,异常由微小缺陷逐步发展为周期性冲击，检测指标随严重度上升而同步恶化。,0.6075,BMAN-00258,ManufacturingBatch,manufacturing
BFB-03144,BRG-03144,OR014,outer_race_fault,outer_race,medium,0.7291,该样本的生命周期风险在设计阶段较突出，能够解释当前中等外圈故障的主要失效模式。,异常由微小缺陷逐步发展为周期性冲击，检测指标随严重度上升而同步恶化。,0.741,BDES-00434,BearingDesignSpec,design
BFB-03145,BRG-03145,B021,rolling_element_fault,rolling_element,severe,0.6824,诊断结果显示轴承出现严重滚动体故障，根因更可能来自运维阶段实体 BOPR-03145 的风险累积。,异常由微小缺陷逐步发展为周期性冲击，检测指标随严重度上升而同步恶化。,0.7217,BOPR-03145,MaintenanceRecord,operation
BFB-03146,BRG-03146,OR014,outer_race_fault,outer_race,medium,0.7504,该样本的生命周期风险在检测阶段较突出，能够解释当前中等外圈故障的主要失效模式。,异常由微小缺陷逐步发展为周期性冲击，检测指标随严重度上升而同步恶化。,0.7294,BINSP-03146,InspectionRecord,inspection
BFB-03147,BRG-03147,IR014,inner_race_fault,inner_race,medium,0.7826,结合振动、峭度和温升特征，内圈故障与制造阶段异常高度一致，优先追溯到 BMAN-00443。,风险首先在制造阶段形成隐患，运行中持续放大，并通过温度与振动指标表现出来。,0.6226,BMAN-00443,ManufacturingBatch,manufacturing
BFB-03148,BRG-03148,Normal,normal,none,normal,0.9549,该轴承样本生命周期风险较低，未形成明确故障追溯链。,运行状态平稳，检测指标未呈现持续恶化趋势。,0.8069,NORMAL_BASELINE,QualityFeedback,feedback
BFB-03149,BRG-03149,IR007,inner_race_fault,inner_race,slight,0.7059,结合振动、峭度和温升特征，内圈故障与制造阶段异常高度一致，优先追溯到 BMAN-01040。,异常由微小缺陷逐步发展为周期性冲击，检测指标随严重度上升而同步恶化。,0.7022,BMAN-01040,ManufacturingBatch,manufacturing
BFB-03150,BRG-03150,IR021,inner_race_fault,inner_race,severe,0.7538,结合振动、峭度和温升特征，内圈故障与设计阶段异常高度一致，优先追溯到 BDES-00664。,风险首先在设计阶段形成隐患，运行中持续放大，并通过温度与振动指标表现出来。,0.762,BDES-00664,BearingDesignSpec,design
BFB-03151,BRG-03151,B021,rolling_element_fault,rolling_element,severe,0.7202,诊断结果显示轴承出现严重滚动体故障，根因更可能来自材料阶段实体 BMAT-00437 的风险累积。,异常由微小缺陷逐步发展为周期性冲击，检测指标随严重度上升而同步恶化。,0.6769,BMAT-00437,MaterialBatch,material
BFB-03152,BRG-03152,Normal,normal,none,normal,0.8799,该轴承样本生命周期风险较低，未形成明确故障追溯链。,运行状态平稳，检测指标未呈现持续恶化趋势。,0.8105,NORMAL_BASELINE,QualityFeedback,feedback
BFB-03153,BRG-03153,OR021,outer_race_fault,outer_race,severe,0.6571,结合振动、峭度和温升特征，外圈故障与装配阶段异常高度一致，优先追溯到 BASM-03153。,早期表现为局部接触应力升高，随后振动冲击增强，最终演化为严重外圈故障。,0.6994,BASM-03153,AssemblyRecord,assembly
BFB-03154,BRG-03154,OR014,outer_race_fault,outer_race,medium,0.6849,该样本的生命周期风险在装配阶段较突出，能够解释当前中等外圈故障的主要失效模式。,风险首先在装配阶段形成隐患，运行中持续放大，并通过温度与振动指标表现出来。,0.6464,BASM-03154,AssemblyRecord,assembly
BFB-03155,BRG-03155,B021,rolling_element_fault,rolling_element,severe,0.7108,诊断结果显示轴承出现严重滚动体故障，根因更可能来自制造阶段实体 BMAN-00111 的风险累积。,早期表现为局部接触应力升高，随后振动冲击增强，最终演化为严重滚动体故障。,0.7583,BMAN-00111,ManufacturingBatch,manufacturing
BFB-03156,BRG-03156,OR021,outer_race_fault,outer_race,severe,0.7236,诊断结果显示轴承出现严重外圈故障，根因更可能来自检测阶段实体 BINSP-03156 的风险累积。,早期表现为局部接触应力升高，随后振动冲击增强，最终演化为严重外圈故障。,0.7282,BINSP-03156,InspectionRecord,inspection
BFB-03157,BRG-03157,IR014,inner_race_fault,inner_race,medium,0.7502,诊断结果显示轴承出现中等内圈故障，根因更可能来自制造阶段实体 BMAN-00847 的风险累积。,异常由微小缺陷逐步发展为周期性冲击，检测指标随严重度上升而同步恶化。,0.6403,BMAN-00847,ManufacturingBatch,manufacturing
BFB-03158,BRG-03158,OR007,outer_race_fault,outer_race,slight,0.6832,诊断结果显示轴承出现轻微外圈故障，根因更可能来自制造阶段实体 BMAN-00464 的风险累积。,风险首先在制造阶段形成隐患，运行中持续放大，并通过温度与振动指标表现出来。,0.6995,BMAN-00464,ManufacturingBatch,manufacturing
BFB-03159,BRG-03159,Normal,normal,none,normal,0.8995,该轴承样本生命周期风险较低，未形成明确故障追溯链。,运行状态平稳，检测指标未呈现持续恶化趋势。,0.874,NORMAL_BASELINE,QualityFeedback,feedback
BFB-03160,BRG-03160,OR014,outer_race_fault,outer_race,medium,0.703,该样本的生命周期风险在装配阶段较突出，能够解释当前中等外圈故障的主要失效模式。,早期表现为局部接触应力升高，随后振动冲击增强，最终演化为中等外圈故障。,0.6732,BASM-03160,AssemblyRecord,assembly
BFB-03161,BRG-03161,IR014,inner_race_fault,inner_race,medium,0.675,诊断结果显示轴承出现中等内圈故障，根因更可能来自设计阶段实体 BDES-00616 的风险累积。,早期表现为局部接触应力升高，随后振动冲击增强，最终演化为中等内圈故障。,0.7492,BDES-00616,BearingDesignSpec,design
BFB-03162,BRG-03162,OR007,outer_race_fault,outer_race,slight,0.6086,该样本的生命周期风险在装配阶段较突出，能够解释当前轻微外圈故障的主要失效模式。,早期表现为局部接触应力升高，随后振动冲击增强，最终演化为轻微外圈故障。,0.5849,BASM-03162,AssemblyRecord,assembly
BFB-03163,BRG-03163,IR007,inner_race_fault,inner_race,slight,0.7008,结合振动、峭度和温升特征，内圈故障与运维阶段异常高度一致，优先追溯到 BOPR-03163。,风险首先在运维阶段形成隐患，运行中持续放大，并通过温度与振动指标表现出来。,0.6442,BOPR-03163,MaintenanceRecord,operation
BFB-03164,BRG-03164,B021,rolling_element_fault,rolling_element,severe,0.7023,诊断结果显示轴承出现严重滚动体故障，根因更可能来自材料阶段实体 BMAT-00219 的风险累积。,异常由微小缺陷逐步发展为周期性冲击，检测指标随严重度上升而同步恶化。,0.6802,BMAT-00219,MaterialBatch,material
BFB-03165,BRG-03165,IR007,inner_race_fault,inner_race,slight,0.7567,诊断结果显示轴承出现轻微内圈故障，根因更可能来自制造阶段实体 BMAN-01104 的风险累积。,异常由微小缺陷逐步发展为周期性冲击，检测指标随严重度上升而同步恶化。,0.6643,BMAN-01104,ManufacturingBatch,manufacturing
BFB-03166,BRG-03166,B014,rolling_element_fault,rolling_element,medium,0.6712,结合振动、峭度和温升特征，滚动体故障与装配阶段异常高度一致，优先追溯到 BASM-03166。,风险首先在装配阶段形成隐患，运行中持续放大，并通过温度与振动指标表现出来。,0.7118,BASM-03166,AssemblyRecord,assembly
BFB-03167,BRG-03167,OR021,outer_race_fault,outer_race,severe,0.646,结合振动、峭度和温升特征，外圈故障与装配阶段异常高度一致，优先追溯到 BASM-03167。,异常由微小缺陷逐步发展为周期性冲击，检测指标随严重度上升而同步恶化。,0.6493,BASM-03167,AssemblyRecord,assembly
BFB-03168,BRG-03168,Normal,normal,none,normal,0.8635,该轴承样本生命周期风险较低，未形成明确故障追溯链。,运行状态平稳，检测指标未呈现持续恶化趋势。,0.8792,NORMAL_BASELINE,QualityFeedback,feedback
BFB-03169,BRG-03169,Normal,normal,none,normal,0.9197,该轴承样本生命周期风险较低，未形成明确故障追溯链。,运行状态平稳，检测指标未呈现持续恶化趋势。,0.8246,NORMAL_BASELINE,QualityFeedback,feedback
BFB-03170,BRG-03170,OR014,outer_race_fault,outer_race,medium,0.7309,该样本的生命周期风险在运维阶段较突出，能够解释当前中等外圈故障的主要失效模式。,早期表现为局部接触应力升高，随后振动冲击增强，最终演化为中等外圈故障。,0.6833,BOPR-03170,MaintenanceRecord,operation
BFB-03171,BRG-03171,B007,rolling_element_fault,rolling_element,slight,0.6015,诊断结果显示轴承出现轻微滚动体故障，根因更可能来自制造阶段实体 BMAN-00179 的风险累积。,早期表现为局部接触应力升高，随后振动冲击增强，最终演化为轻微滚动体故障。,0.658,BMAN-00179,ManufacturingBatch,manufacturing
BFB-03172,BRG-03172,IR021,inner_race_fault,inner_race,severe,0.7652,诊断结果显示轴承出现严重内圈故障，根因更可能来自装配阶段实体 BASM-03172 的风险累积。,异常由微小缺陷逐步发展为周期性冲击，检测指标随严重度上升而同步恶化。,0.6586,BASM-03172,AssemblyRecord,assembly
BFB-03173,BRG-03173,OR021,outer_race_fault,outer_race,severe,0.7647,结合振动、峭度和温升特征，外圈故障与装配阶段异常高度一致，优先追溯到 BASM-03173。,风险首先在装配阶段形成隐患，运行中持续放大，并通过温度与振动指标表现出来。,0.7458,BASM-03173,AssemblyRecord,assembly
BFB-03174,BRG-03174,IR007,inner_race_fault,inner_race,slight,0.6498,诊断结果显示轴承出现轻微内圈故障，根因更可能来自装配阶段实体 BASM-03174 的风险累积。,早期表现为局部接触应力升高，随后振动冲击增强，最终演化为轻微内圈故障。,0.6596,BASM-03174,AssemblyRecord,assembly
BFB-03175,BRG-03175,IR007,inner_race_fault,inner_race,slight,0.654,结合振动、峭度和温升特征，内圈故障与制造阶段异常高度一致，优先追溯到 BMAN-00888。,风险首先在制造阶段形成隐患，运行中持续放大，并通过温度与振动指标表现出来。,0.7111,BMAN-00888,ManufacturingBatch,manufacturing
BFB-03176,BRG-03176,IR014,inner_race_fault,inner_race,medium,0.7419,诊断结果显示轴承出现中等内圈故障，根因更可能来自制造阶段实体 BMAN-00949 的风险累积。,早期表现为局部接触应力升高，随后振动冲击增强，最终演化为中等内圈故障。,0.6875,BMAN-00949,ManufacturingBatch,manufacturing
BFB-03177,BRG-03177,Normal,normal,none,normal,0.9506,该轴承样本生命周期风险较低，未形成明确故障追溯链。,运行状态平稳，检测指标未呈现持续恶化趋势。,0.8352,NORMAL_BASELINE,QualityFeedback,feedback
BFB-03178,BRG-03178,B014,rolling_element_fault,rolling_element,medium,0.7613,诊断结果显示轴承出现中等滚动体故障，根因更可能来自装配阶段实体 BASM-03178 的风险累积。,早期表现为局部接触应力升高，随后振动冲击增强，最终演化为中等滚动体故障。,0.7649,BASM-03178,AssemblyRecord,assembly
BFB-03179,BRG-03179,Normal,normal,none,normal,0.9098,该轴承样本生命周期风险较低，未形成明确故障追溯链。,运行状态平稳，检测指标未呈现持续恶化趋势。,0.88,NORMAL_BASELINE,QualityFeedback,feedback
BFB-03180,BRG-03180,OR014,outer_race_fault,outer_race,medium,0.7196,结合振动、峭度和温升特征，外圈故障与材料阶段异常高度一致，优先追溯到 BMAT-00193。,早期表现为局部接触应力升高，随后振动冲击增强，最终演化为中等外圈故障。,0.6348,BMAT-00193,MaterialBatch,material
BFB-03181,BRG-03181,IR007,inner_race_fault,inner_race,slight,0.7021,诊断结果显示轴承出现轻微内圈故障，根因更可能来自材料阶段实体 BMAT-00183 的风险累积。,异常由微小缺陷逐步发展为周期性冲击，检测指标随严重度上升而同步恶化。,0.6026,BMAT-00183,MaterialBatch,material
BFB-03182,BRG-03182,Normal,normal,none,normal,0.9056,该轴承样本生命周期风险较低，未形成明确故障追溯链。,运行状态平稳，检测指标未呈现持续恶化趋势。,0.802,NORMAL_BASELINE,QualityFeedback,feedback
BFB-03183,BRG-03183,B021,rolling_element_fault,rolling_element,severe,0.7819,该样本的生命周期风险在制造阶段较突出，能够解释当前严重滚动体故障的主要失效模式。,早期表现为局部接触应力升高，随后振动冲击增强，最终演化为严重滚动体故障。,0.6275,BMAN-00203,ManufacturingBatch,manufacturing
BFB-03184,BRG-03184,OR014,outer_race_fault,outer_race,medium,0.702,该样本的生命周期风险在材料阶段较突出，能够解释当前中等外圈故障的主要失效模式。,风险首先在材料阶段形成隐患，运行中持续放大，并通过温度与振动指标表现出来。,0.7051,BMAT-00473,MaterialBatch,material
BFB-03185,BRG-03185,B007,rolling_element_fault,rolling_element,slight,0.6738,诊断结果显示轴承出现轻微滚动体故障，根因更可能来自制造阶段实体 BMAN-00367 的风险累积。,风险首先在制造阶段形成隐患，运行中持续放大，并通过温度与振动指标表现出来。,0.5368,BMAN-00367,ManufacturingBatch,manufacturing
BFB-03186,BRG-03186,OR007,outer_race_fault,outer_race,slight,0.6935,诊断结果显示轴承出现轻微外圈故障，根因更可能来自装配阶段实体 BASM-03186 的风险累积。,异常由微小缺陷逐步发展为周期性冲击，检测指标随严重度上升而同步恶化。,0.6799,BASM-03186,AssemblyRecord,assembly
BFB-03187,BRG-03187,B007,rolling_element_fault,rolling_element,slight,0.7118,诊断结果显示轴承出现轻微滚动体故障，根因更可能来自设计阶段实体 BDES-00004 的风险累积。,风险首先在设计阶段形成隐患，运行中持续放大，并通过温度与振动指标表现出来。,0.6995,BDES-00004,BearingDesignSpec,design
BFB-03188,BRG-03188,IR014,inner_race_fault,inner_race,medium,0.7323,结合振动、峭度和温升特征，内圈故障与运维阶段异常高度一致，优先追溯到 BOPR-03188。,风险首先在运维阶段形成隐患，运行中持续放大，并通过温度与振动指标表现出来。,0.6818,BOPR-03188,MaintenanceRecord,operation
BFB-03189,BRG-03189,B007,rolling_element_fault,rolling_element,slight,0.6887,该样本的生命周期风险在材料阶段较突出，能够解释当前轻微滚动体故障的主要失效模式。,风险首先在材料阶段形成隐患，运行中持续放大，并通过温度与振动指标表现出来。,0.6981,BMAT-00369,MaterialBatch,material
BFB-03190,BRG-03190,OR014,outer_race_fault,outer_race,medium,0.6984,该样本的生命周期风险在材料阶段较突出，能够解释当前中等外圈故障的主要失效模式。,风险首先在材料阶段形成隐患，运行中持续放大，并通过温度与振动指标表现出来。,0.6445,BMAT-00233,MaterialBatch,material
BFB-03191,BRG-03191,B007,rolling_element_fault,rolling_element,slight,0.6911,结合振动、峭度和温升特征，滚动体故障与装配阶段异常高度一致，优先追溯到 BASM-03191。,风险首先在装配阶段形成隐患，运行中持续放大，并通过温度与振动指标表现出来。,0.6081,BASM-03191,AssemblyRecord,assembly
BFB-03192,BRG-03192,IR021,inner_race_fault,inner_race,severe,0.7736,诊断结果显示轴承出现严重内圈故障，根因更可能来自装配阶段实体 BASM-03192 的风险累积。,异常由微小缺陷逐步发展为周期性冲击，检测指标随严重度上升而同步恶化。,0.6767,BASM-03192,AssemblyRecord,assembly
BFB-03193,BRG-03193,OR007,outer_race_fault,outer_race,slight,0.6267,该样本的生命周期风险在检测阶段较突出，能够解释当前轻微外圈故障的主要失效模式。,异常由微小缺陷逐步发展为周期性冲击，检测指标随严重度上升而同步恶化。,0.6195,BINSP-03193,InspectionRecord,inspection
BFB-03194,BRG-03194,B014,rolling_element_fault,rolling_element,medium,0.7362,诊断结果显示轴承出现中等滚动体故障，根因更可能来自装配阶段实体 BASM-03194 的风险累积。,风险首先在装配阶段形成隐患，运行中持续放大，并通过温度与振动指标表现出来。,0.6874,BASM-03194,AssemblyRecord,assembly
BFB-03195,BRG-03195,IR021,inner_race_fault,inner_race,severe,0.6697,结合振动、峭度和温升特征，内圈故障与制造阶段异常高度一致，优先追溯到 BMAN-00555。,早期表现为局部接触应力升高，随后振动冲击增强，最终演化为严重内圈故障。,0.7072,BMAN-00555,ManufacturingBatch,manufacturing
BFB-03196,BRG-03196,B014,rolling_element_fault,rolling_element,medium,0.6464,该样本的生命周期风险在检测阶段较突出，能够解释当前中等滚动体故障的主要失效模式。,早期表现为局部接触应力升高，随后振动冲击增强，最终演化为中等滚动体故障。,0.6261,BINSP-03196,InspectionRecord,inspection
BFB-03197,BRG-03197,OR007,outer_race_fault,outer_race,slight,0.7212,该样本的生命周期风险在制造阶段较突出，能够解释当前轻微外圈故障的主要失效模式。,早期表现为局部接触应力升高，随后振动冲击增强，最终演化为轻微外圈故障。,0.7113,BMAN-00757,ManufacturingBatch,manufacturing
BFB-03198,BRG-03198,B014,rolling_element_fault,rolling_element,medium,0.7655,结合振动、峭度和温升特征，滚动体故障与制造阶段异常高度一致，优先追溯到 BMAN-00277。,异常由微小缺陷逐步发展为周期性冲击，检测指标随严重度上升而同步恶化。,0.6832,BMAN-00277,ManufacturingBatch,manufacturing
BFB-03199,BRG-03199,B014,rolling_element_fault,rolling_element,medium,0.7352,诊断结果显示轴承出现中等滚动体故障，根因更可能来自运维阶段实体 BOPR-03199 的风险累积。,早期表现为局部接触应力升高，随后振动冲击增强，最终演化为中等滚动体故障。,0.6898,BOPR-03199,MaintenanceRecord,operation
BFB-03200,BRG-03200,OR007,outer_race_fault,outer_race,slight,0.6514,诊断结果显示轴承出现轻微外圈故障，根因更可能来自材料阶段实体 BMAT-00193 的风险累积。,早期表现为局部接触应力升高，随后振动冲击增强，最终演化为轻微外圈故障。,0.7206,BMAT-00193,MaterialBatch,material
BFB-03201,BRG-03201,OR007,outer_race_fault,outer_race,slight,0.7154,结合振动、峭度和温升特征，外圈故障与检测阶段异常高度一致，优先追溯到 BINSP-03201。,异常由微小缺陷逐步发展为周期性冲击，检测指标随严重度上升而同步恶化。,0.6143,BINSP-03201,InspectionRecord,inspection
BFB-03202,BRG-03202,OR014,outer_race_fault,outer_race,medium,0.7422,结合振动、峭度和温升特征，外圈故障与制造阶段异常高度一致，优先追溯到 BMAN-01023。,异常由微小缺陷逐步发展为周期性冲击，检测指标随严重度上升而同步恶化。,0.6301,BMAN-01023,ManufacturingBatch,manufacturing
BFB-03203,BRG-03203,B014,rolling_element_fault,rolling_element,medium,0.6301,诊断结果显示轴承出现中等滚动体故障，根因更可能来自材料阶段实体 BMAT-00279 的风险累积。,风险首先在材料阶段形成隐患，运行中持续放大，并通过温度与振动指标表现出来。,0.614,BMAT-00279,MaterialBatch,material
BFB-03204,BRG-03204,Normal,normal,none,normal,0.911,该轴承样本生命周期风险较低，未形成明确故障追溯链。,运行状态平稳，检测指标未呈现持续恶化趋势。,0.8111,NORMAL_BASELINE,QualityFeedback,feedback
BFB-03205,BRG-03205,B014,rolling_element_fault,rolling_element,medium,0.7197,结合振动、峭度和温升特征，滚动体故障与设计阶段异常高度一致，优先追溯到 BDES-00606。,风险首先在设计阶段形成隐患，运行中持续放大，并通过温度与振动指标表现出来。,0.653,BDES-00606,BearingDesignSpec,design
BFB-03206,BRG-03206,IR021,inner_race_fault,inner_race,severe,0.781,该样本的生命周期风险在检测阶段较突出，能够解释当前严重内圈故障的主要失效模式。,异常由微小缺陷逐步发展为周期性冲击，检测指标随严重度上升而同步恶化。,0.7191,BINSP-03206,InspectionRecord,inspection
BFB-03207,BRG-03207,B021,rolling_element_fault,rolling_element,severe,0.6906,结合振动、峭度和温升特征，滚动体故障与装配阶段异常高度一致，优先追溯到 BASM-03207。,早期表现为局部接触应力升高，随后振动冲击增强，最终演化为严重滚动体故障。,0.5969,BASM-03207,AssemblyRecord,assembly
BFB-03208,BRG-03208,IR014,inner_race_fault,inner_race,medium,0.7448,诊断结果显示轴承出现中等内圈故障，根因更可能来自制造阶段实体 BMAN-00063 的风险累积。,风险首先在制造阶段形成隐患，运行中持续放大，并通过温度与振动指标表现出来。,0.5635,BMAN-00063,ManufacturingBatch,manufacturing
BFB-03209,BRG-03209,IR021,inner_race_fault,inner_race,severe,0.7247,该样本的生命周期风险在材料阶段较突出，能够解释当前严重内圈故障的主要失效模式。,异常由微小缺陷逐步发展为周期性冲击，检测指标随严重度上升而同步恶化。,0.726,BMAT-00293,MaterialBatch,material
BFB-03210,BRG-03210,IR007,inner_race_fault,inner_race,slight,0.6346,结合振动、峭度和温升特征，内圈故障与制造阶段异常高度一致，优先追溯到 BMAN-00754。,早期表现为局部接触应力升高，随后振动冲击增强，最终演化为轻微内圈故障。,0.6438,BMAN-00754,ManufacturingBatch,manufacturing
BFB-03211,BRG-03211,B021,rolling_element_fault,rolling_element,severe,0.7899,诊断结果显示轴承出现严重滚动体故障，根因更可能来自检测阶段实体 BINSP-03211 的风险累积。,风险首先在检测阶段形成隐患，运行中持续放大，并通过温度与振动指标表现出来。,0.6837,BINSP-03211,InspectionRecord,inspection
BFB-03212,BRG-03212,Normal,normal,none,normal,0.9129,该轴承样本生命周期风险较低，未形成明确故障追溯链。,运行状态平稳，检测指标未呈现持续恶化趋势。,0.8231,NORMAL_BASELINE,QualityFeedback,feedback
BFB-03213,BRG-03213,IR021,inner_race_fault,inner_race,severe,0.8033,诊断结果显示轴承出现严重内圈故障，根因更可能来自设计阶段实体 BDES-00278 的风险累积。,异常由微小缺陷逐步发展为周期性冲击，检测指标随严重度上升而同步恶化。,0.7588,BDES-00278,BearingDesignSpec,design
BFB-03214,BRG-03214,B007,rolling_element_fault,rolling_element,slight,0.6375,结合振动、峭度和温升特征，滚动体故障与检测阶段异常高度一致，优先追溯到 BINSP-03214。,风险首先在检测阶段形成隐患，运行中持续放大，并通过温度与振动指标表现出来。,0.5686,BINSP-03214,InspectionRecord,inspection
BFB-03215,BRG-03215,B014,rolling_element_fault,rolling_element,medium,0.6617,诊断结果显示轴承出现中等滚动体故障，根因更可能来自设计阶段实体 BDES-00520 的风险累积。,风险首先在设计阶段形成隐患，运行中持续放大，并通过温度与振动指标表现出来。,0.717,BDES-00520,BearingDesignSpec,design
BFB-03216,BRG-03216,Normal,normal,none,normal,0.9256,该轴承样本生命周期风险较低，未形成明确故障追溯链。,运行状态平稳，检测指标未呈现持续恶化趋势。,0.8046,NORMAL_BASELINE,QualityFeedback,feedback
BFB-03217,BRG-03217,Normal,normal,none,normal,0.8654,该轴承样本生命周期风险较低，未形成明确故障追溯链。,运行状态平稳，检测指标未呈现持续恶化趋势。,0.8682,NORMAL_BASELINE,QualityFeedback,feedback
BFB-03218,BRG-03218,B014,rolling_element_fault,rolling_element,medium,0.7327,该样本的生命周期风险在检测阶段较突出，能够解释当前中等滚动体故障的主要失效模式。,异常由微小缺陷逐步发展为周期性冲击，检测指标随严重度上升而同步恶化。,0.6452,BINSP-03218,InspectionRecord,inspection
BFB-03219,BRG-03219,OR007,outer_race_fault,outer_race,slight,0.6746,诊断结果显示轴承出现轻微外圈故障，根因更可能来自装配阶段实体 BASM-03219 的风险累积。,异常由微小缺陷逐步发展为周期性冲击，检测指标随严重度上升而同步恶化。,0.6738,BASM-03219,AssemblyRecord,assembly
BFB-03220,BRG-03220,OR021,outer_race_fault,outer_race,severe,0.8139,诊断结果显示轴承出现严重外圈故障，根因更可能来自制造阶段实体 BMAN-01136 的风险累积。,风险首先在制造阶段形成隐患，运行中持续放大，并通过温度与振动指标表现出来。,0.616,BMAN-01136,ManufacturingBatch,manufacturing
BFB-03221,BRG-03221,IR014,inner_race_fault,inner_race,medium,0.694,诊断结果显示轴承出现中等内圈故障，根因更可能来自制造阶段实体 BMAN-00301 的风险累积。,早期表现为局部接触应力升高，随后振动冲击增强，最终演化为中等内圈故障。,0.6735,BMAN-00301,ManufacturingBatch,manufacturing
BFB-03222,BRG-03222,OR014,outer_race_fault,outer_race,medium,0.6225,结合振动、峭度和温升特征，外圈故障与装配阶段异常高度一致，优先追溯到 BASM-03222。,异常由微小缺陷逐步发展为周期性冲击，检测指标随严重度上升而同步恶化。,0.6305,BASM-03222,AssemblyRecord,assembly
BFB-03223,BRG-03223,OR007,outer_race_fault,outer_race,slight,0.7005,诊断结果显示轴承出现轻微外圈故障，根因更可能来自设计阶段实体 BDES-00459 的风险累积。,异常由微小缺陷逐步发展为周期性冲击，检测指标随严重度上升而同步恶化。,0.6231,BDES-00459,BearingDesignSpec,design
BFB-03224,BRG-03224,Normal,normal,none,normal,0.9157,该轴承样本生命周期风险较低，未形成明确故障追溯链。,运行状态平稳，检测指标未呈现持续恶化趋势。,0.8682,NORMAL_BASELINE,QualityFeedback,feedback
BFB-03225,BRG-03225,B014,rolling_element_fault,rolling_element,medium,0.6764,该样本的生命周期风险在检测阶段较突出，能够解释当前中等滚动体故障的主要失效模式。,异常由微小缺陷逐步发展为周期性冲击，检测指标随严重度上升而同步恶化。,0.5966,BINSP-03225,InspectionRecord,inspection
BFB-03226,BRG-03226,B014,rolling_element_fault,rolling_element,medium,0.6536,结合振动、峭度和温升特征，滚动体故障与材料阶段异常高度一致，优先追溯到 BMAT-00157。,早期表现为局部接触应力升高，随后振动冲击增强，最终演化为中等滚动体故障。,0.7494,BMAT-00157,MaterialBatch,material
BFB-03227,BRG-03227,B021,rolling_element_fault,rolling_element,severe,0.7747,该样本的生命周期风险在设计阶段较突出，能够解释当前严重滚动体故障的主要失效模式。,异常由微小缺陷逐步发展为周期性冲击，检测指标随严重度上升而同步恶化。,0.7583,BDES-00591,BearingDesignSpec,design
BFB-03228,BRG-03228,B007,rolling_element_fault,rolling_element,slight,0.6749,诊断结果显示轴承出现轻微滚动体故障，根因更可能来自材料阶段实体 BMAT-00433 的风险累积。,早期表现为局部接触应力升高，随后振动冲击增强，最终演化为轻微滚动体故障。,0.6371,BMAT-00433,MaterialBatch,material
BFB-03229,BRG-03229,OR007,outer_race_fault,outer_race,slight,0.6711,诊断结果显示轴承出现轻微外圈故障，根因更可能来自运维阶段实体 BOPR-03229 的风险累积。,异常由微小缺陷逐步发展为周期性冲击，检测指标随严重度上升而同步恶化。,0.6884,BOPR-03229,MaintenanceRecord,operation
BFB-03230,BRG-03230,Normal,normal,none,normal,0.9333,该轴承样本生命周期风险较低，未形成明确故障追溯链。,运行状态平稳，检测指标未呈现持续恶化趋势。,0.8918,NORMAL_BASELINE,QualityFeedback,feedback
BFB-03231,BRG-03231,OR007,outer_race_fault,outer_race,slight,0.6801,诊断结果显示轴承出现轻微外圈故障，根因更可能来自制造阶段实体 BMAN-00107 的风险累积。,异常由微小缺陷逐步发展为周期性冲击，检测指标随严重度上升而同步恶化。,0.5328,BMAN-00107,ManufacturingBatch,manufacturing
BFB-03232,BRG-03232,B014,rolling_element_fault,rolling_element,medium,0.6943,诊断结果显示轴承出现中等滚动体故障，根因更可能来自制造阶段实体 BMAN-00701 的风险累积。,风险首先在制造阶段形成隐患，运行中持续放大，并通过温度与振动指标表现出来。,0.6662,BMAN-00701,ManufacturingBatch,manufacturing
BFB-03233,BRG-03233,OR007,outer_race_fault,outer_race,slight,0.668,该样本的生命周期风险在设计阶段较突出，能够解释当前轻微外圈故障的主要失效模式。,异常由微小缺陷逐步发展为周期性冲击，检测指标随严重度上升而同步恶化。,0.6325,BDES-00221,BearingDesignSpec,design
BFB-03234,BRG-03234,B007,rolling_element_fault,rolling_element,slight,0.6365,该样本的生命周期风险在设计阶段较突出，能够解释当前轻微滚动体故障的主要失效模式。,异常由微小缺陷逐步发展为周期性冲击，检测指标随严重度上升而同步恶化。,0.631,BDES-00323,BearingDesignSpec,design
BFB-03235,BRG-03235,IR014,inner_race_fault,inner_race,medium,0.6985,结合振动、峭度和温升特征，内圈故障与材料阶段异常高度一致，优先追溯到 BMAT-00094。,异常由微小缺陷逐步发展为周期性冲击，检测指标随严重度上升而同步恶化。,0.6394,BMAT-00094,MaterialBatch,material
BFB-03236,BRG-03236,B007,rolling_element_fault,rolling_element,slight,0.6726,结合振动、峭度和温升特征，滚动体故障与装配阶段异常高度一致，优先追溯到 BASM-03236。,风险首先在装配阶段形成隐患，运行中持续放大，并通过温度与振动指标表现出来。,0.6573,BASM-03236,AssemblyRecord,assembly
BFB-03237,BRG-03237,Normal,normal,none,normal,0.8903,该轴承样本生命周期风险较低，未形成明确故障追溯链。,运行状态平稳，检测指标未呈现持续恶化趋势。,0.7904,NORMAL_BASELINE,QualityFeedback,feedback
BFB-03238,BRG-03238,IR007,inner_race_fault,inner_race,slight,0.7027,该样本的生命周期风险在装配阶段较突出，能够解释当前轻微内圈故障的主要失效模式。,异常由微小缺陷逐步发展为周期性冲击，检测指标随严重度上升而同步恶化。,0.7305,BASM-03238,AssemblyRecord,assembly
BFB-03239,BRG-03239,Normal,normal,none,normal,0.8895,该轴承样本生命周期风险较低，未形成明确故障追溯链。,运行状态平稳，检测指标未呈现持续恶化趋势。,0.8646,NORMAL_BASELINE,QualityFeedback,feedback
BFB-03240,BRG-03240,IR014,inner_race_fault,inner_race,medium,0.6836,诊断结果显示轴承出现中等内圈故障，根因更可能来自制造阶段实体 BMAN-01121 的风险累积。,早期表现为局部接触应力升高，随后振动冲击增强，最终演化为中等内圈故障。,0.6094,BMAN-01121,ManufacturingBatch,manufacturing
BFB-03241,BRG-03241,B014,rolling_element_fault,rolling_element,medium,0.6822,结合振动、峭度和温升特征，滚动体故障与制造阶段异常高度一致，优先追溯到 BMAN-00887。,早期表现为局部接触应力升高，随后振动冲击增强，最终演化为中等滚动体故障。,0.6872,BMAN-00887,ManufacturingBatch,manufacturing
BFB-03242,BRG-03242,IR014,inner_race_fault,inner_race,medium,0.6428,结合振动、峭度和温升特征，内圈故障与材料阶段异常高度一致，优先追溯到 BMAT-00305。,早期表现为局部接触应力升高，随后振动冲击增强，最终演化为中等内圈故障。,0.7221,BMAT-00305,MaterialBatch,material
BFB-03243,BRG-03243,B014,rolling_element_fault,rolling_element,medium,0.6789,结合振动、峭度和温升特征，滚动体故障与运维阶段异常高度一致，优先追溯到 BOPR-03243。,风险首先在运维阶段形成隐患，运行中持续放大，并通过温度与振动指标表现出来。,0.6816,BOPR-03243,MaintenanceRecord,operation
BFB-03244,BRG-03244,B014,rolling_element_fault,rolling_element,medium,0.6777,诊断结果显示轴承出现中等滚动体故障，根因更可能来自制造阶段实体 BMAN-00145 的风险累积。,早期表现为局部接触应力升高，随后振动冲击增强，最终演化为中等滚动体故障。,0.7025,BMAN-00145,ManufacturingBatch,manufacturing
BFB-03245,BRG-03245,B014,rolling_element_fault,rolling_element,medium,0.7102,该样本的生命周期风险在制造阶段较突出，能够解释当前中等滚动体故障的主要失效模式。,异常由微小缺陷逐步发展为周期性冲击，检测指标随严重度上升而同步恶化。,0.6694,BMAN-00394,ManufacturingBatch,manufacturing
BFB-03246,BRG-03246,OR021,outer_race_fault,outer_race,severe,0.7206,诊断结果显示轴承出现严重外圈故障，根因更可能来自装配阶段实体 BASM-03246 的风险累积。,异常由微小缺陷逐步发展为周期性冲击，检测指标随严重度上升而同步恶化。,0.6882,BASM-03246,AssemblyRecord,assembly
BFB-03247,BRG-03247,OR014,outer_race_fault,outer_race,medium,0.7022,结合振动、峭度和温升特征，外圈故障与装配阶段异常高度一致，优先追溯到 BASM-03247。,异常由微小缺陷逐步发展为周期性冲击，检测指标随严重度上升而同步恶化。,0.6412,BASM-03247,AssemblyRecord,assembly
BFB-03248,BRG-03248,IR014,inner_race_fault,inner_race,medium,0.6773,诊断结果显示轴承出现中等内圈故障，根因更可能来自设计阶段实体 BDES-00577 的风险累积。,风险首先在设计阶段形成隐患，运行中持续放大，并通过温度与振动指标表现出来。,0.7028,BDES-00577,BearingDesignSpec,design
BFB-03249,BRG-03249,IR014,inner_race_fault,inner_race,medium,0.6971,结合振动、峭度和温升特征，内圈故障与装配阶段异常高度一致，优先追溯到 BASM-03249。,异常由微小缺陷逐步发展为周期性冲击，检测指标随严重度上升而同步恶化。,0.77,BASM-03249,AssemblyRecord,assembly
BFB-03250,BRG-03250,B014,rolling_element_fault,rolling_element,medium,0.6899,结合振动、峭度和温升特征，滚动体故障与材料阶段异常高度一致，优先追溯到 BMAT-00102。,风险首先在材料阶段形成隐患，运行中持续放大，并通过温度与振动指标表现出来。,0.6908,BMAT-00102,MaterialBatch,material
BFB-03251,BRG-03251,IR007,inner_race_fault,inner_race,slight,0.7235,诊断结果显示轴承出现轻微内圈故障，根因更可能来自制造阶段实体 BMAN-00610 的风险累积。,异常由微小缺陷逐步发展为周期性冲击，检测指标随严重度上升而同步恶化。,0.6088,BMAN-00610,ManufacturingBatch,manufacturing
BFB-03252,BRG-03252,OR021,outer_race_fault,outer_race,severe,0.7654,结合振动、峭度和温升特征，外圈故障与制造阶段异常高度一致，优先追溯到 BMAN-00617。,早期表现为局部接触应力升高，随后振动冲击增强，最终演化为严重外圈故障。,0.7101,BMAN-00617,ManufacturingBatch,manufacturing
BFB-03253,BRG-03253,B021,rolling_element_fault,rolling_element,severe,0.6967,该样本的生命周期风险在材料阶段较突出，能够解释当前严重滚动体故障的主要失效模式。,异常由微小缺陷逐步发展为周期性冲击，检测指标随严重度上升而同步恶化。,0.6933,BMAT-00015,MaterialBatch,material
BFB-03254,BRG-03254,B007,rolling_element_fault,rolling_element,slight,0.681,诊断结果显示轴承出现轻微滚动体故障，根因更可能来自检测阶段实体 BINSP-03254 的风险累积。,风险首先在检测阶段形成隐患，运行中持续放大，并通过温度与振动指标表现出来。,0.7567,BINSP-03254,InspectionRecord,inspection
BFB-03255,BRG-03255,Normal,normal,none,normal,0.8963,该轴承样本生命周期风险较低，未形成明确故障追溯链。,运行状态平稳，检测指标未呈现持续恶化趋势。,0.8192,NORMAL_BASELINE,QualityFeedback,feedback
BFB-03256,BRG-03256,B021,rolling_element_fault,rolling_element,severe,0.7192,诊断结果显示轴承出现严重滚动体故障，根因更可能来自运维阶段实体 BOPR-03256 的风险累积。,异常由微小缺陷逐步发展为周期性冲击，检测指标随严重度上升而同步恶化。,0.7706,BOPR-03256,MaintenanceRecord,operation
BFB-03257,BRG-03257,OR021,outer_race_fault,outer_race,severe,0.6943,结合振动、峭度和温升特征，外圈故障与制造阶段异常高度一致，优先追溯到 BMAN-00171。,异常由微小缺陷逐步发展为周期性冲击，检测指标随严重度上升而同步恶化。,0.6546,BMAN-00171,ManufacturingBatch,manufacturing
BFB-03258,BRG-03258,IR014,inner_race_fault,inner_race,medium,0.702,结合振动、峭度和温升特征，内圈故障与装配阶段异常高度一致，优先追溯到 BASM-03258。,早期表现为局部接触应力升高，随后振动冲击增强，最终演化为中等内圈故障。,0.6953,BASM-03258,AssemblyRecord,assembly
BFB-03259,BRG-03259,IR021,inner_race_fault,inner_race,severe,0.7626,结合振动、峭度和温升特征，内圈故障与制造阶段异常高度一致，优先追溯到 BMAN-01140。,风险首先在制造阶段形成隐患，运行中持续放大，并通过温度与振动指标表现出来。,0.6459,BMAN-01140,ManufacturingBatch,manufacturing
BFB-03260,BRG-03260,IR021,inner_race_fault,inner_race,severe,0.7388,该样本的生命周期风险在制造阶段较突出，能够解释当前严重内圈故障的主要失效模式。,风险首先在制造阶段形成隐患，运行中持续放大，并通过温度与振动指标表现出来。,0.7179,BMAN-00772,ManufacturingBatch,manufacturing
BFB-03261,BRG-03261,IR014,inner_race_fault,inner_race,medium,0.6778,结合振动、峭度和温升特征，内圈故障与制造阶段异常高度一致，优先追溯到 BMAN-01168。,早期表现为局部接触应力升高，随后振动冲击增强，最终演化为中等内圈故障。,0.6991,BMAN-01168,ManufacturingBatch,manufacturing
BFB-03262,BRG-03262,Normal,normal,none,normal,0.8657,该轴承样本生命周期风险较低，未形成明确故障追溯链。,运行状态平稳，检测指标未呈现持续恶化趋势。,0.8665,NORMAL_BASELINE,QualityFeedback,feedback
BFB-03263,BRG-03263,OR014,outer_race_fault,outer_race,medium,0.7,诊断结果显示轴承出现中等外圈故障，根因更可能来自装配阶段实体 BASM-03263 的风险累积。,早期表现为局部接触应力升高，随后振动冲击增强，最终演化为中等外圈故障。,0.6695,BASM-03263,AssemblyRecord,assembly
BFB-03264,BRG-03264,Normal,normal,none,normal,0.8944,该轴承样本生命周期风险较低，未形成明确故障追溯链。,运行状态平稳，检测指标未呈现持续恶化趋势。,0.7882,NORMAL_BASELINE,QualityFeedback,feedback
BFB-03265,BRG-03265,B014,rolling_element_fault,rolling_element,medium,0.714,该样本的生命周期风险在材料阶段较突出，能够解释当前中等滚动体故障的主要失效模式。,风险首先在材料阶段形成隐患，运行中持续放大，并通过温度与振动指标表现出来。,0.7331,BMAT-00108,MaterialBatch,material
BFB-03266,BRG-03266,Normal,normal,none,normal,0.9255,该轴承样本生命周期风险较低，未形成明确故障追溯链。,运行状态平稳，检测指标未呈现持续恶化趋势。,0.8565,NORMAL_BASELINE,QualityFeedback,feedback
BFB-03267,BRG-03267,OR014,outer_race_fault,outer_race,medium,0.6733,该样本的生命周期风险在材料阶段较突出，能够解释当前中等外圈故障的主要失效模式。,早期表现为局部接触应力升高，随后振动冲击增强，最终演化为中等外圈故障。,0.6164,BMAT-00246,MaterialBatch,material
BFB-03268,BRG-03268,Normal,normal,none,normal,0.9276,该轴承样本生命周期风险较低，未形成明确故障追溯链。,运行状态平稳，检测指标未呈现持续恶化趋势。,0.8956,NORMAL_BASELINE,QualityFeedback,feedback
BFB-03269,BRG-03269,OR007,outer_race_fault,outer_race,slight,0.6028,诊断结果显示轴承出现轻微外圈故障，根因更可能来自材料阶段实体 BMAT-00440 的风险累积。,风险首先在材料阶段形成隐患，运行中持续放大，并通过温度与振动指标表现出来。,0.5563,BMAT-00440,MaterialBatch,material
BFB-03270,BRG-03270,OR021,outer_race_fault,outer_race,severe,0.6504,该样本的生命周期风险在装配阶段较突出，能够解释当前严重外圈故障的主要失效模式。,异常由微小缺陷逐步发展为周期性冲击，检测指标随严重度上升而同步恶化。,0.668,BASM-03270,AssemblyRecord,assembly
BFB-03271,BRG-03271,IR014,inner_race_fault,inner_race,medium,0.7784,该样本的生命周期风险在装配阶段较突出，能够解释当前中等内圈故障的主要失效模式。,风险首先在装配阶段形成隐患，运行中持续放大，并通过温度与振动指标表现出来。,0.6579,BASM-03271,AssemblyRecord,assembly
BFB-03272,BRG-03272,OR021,outer_race_fault,outer_race,severe,0.73,该样本的生命周期风险在设计阶段较突出，能够解释当前严重外圈故障的主要失效模式。,风险首先在设计阶段形成隐患，运行中持续放大，并通过温度与振动指标表现出来。,0.7614,BDES-00390,BearingDesignSpec,design
BFB-03273,BRG-03273,IR014,inner_race_fault,inner_race,medium,0.6613,该样本的生命周期风险在装配阶段较突出，能够解释当前中等内圈故障的主要失效模式。,早期表现为局部接触应力升高，随后振动冲击增强，最终演化为中等内圈故障。,0.6501,BASM-03273,AssemblyRecord,assembly
BFB-03274,BRG-03274,OR021,outer_race_fault,outer_race,severe,0.647,诊断结果显示轴承出现严重外圈故障，根因更可能来自装配阶段实体 BASM-03274 的风险累积。,风险首先在装配阶段形成隐患，运行中持续放大，并通过温度与振动指标表现出来。,0.7974,BASM-03274,AssemblyRecord,assembly
BFB-03275,BRG-03275,B007,rolling_element_fault,rolling_element,slight,0.6571,结合振动、峭度和温升特征，滚动体故障与装配阶段异常高度一致，优先追溯到 BASM-03275。,异常由微小缺陷逐步发展为周期性冲击，检测指标随严重度上升而同步恶化。,0.6526,BASM-03275,AssemblyRecord,assembly
BFB-03276,BRG-03276,IR007,inner_race_fault,inner_race,slight,0.6701,该样本的生命周期风险在制造阶段较突出，能够解释当前轻微内圈故障的主要失效模式。,早期表现为局部接触应力升高，随后振动冲击增强，最终演化为轻微内圈故障。,0.6242,BMAN-00140,ManufacturingBatch,manufacturing
BFB-03277,BRG-03277,B007,rolling_element_fault,rolling_element,slight,0.7264,该样本的生命周期风险在制造阶段较突出，能够解释当前轻微滚动体故障的主要失效模式。,早期表现为局部接触应力升高，随后振动冲击增强，最终演化为轻微滚动体故障。,0.5538,BMAN-00623,ManufacturingBatch,manufacturing
BFB-03278,BRG-03278,OR007,outer_race_fault,outer_race,slight,0.6973,结合振动、峭度和温升特征，外圈故障与设计阶段异常高度一致，优先追溯到 BDES-00547。,异常由微小缺陷逐步发展为周期性冲击，检测指标随严重度上升而同步恶化。,0.7071,BDES-00547,BearingDesignSpec,design
BFB-03279,BRG-03279,B007,rolling_element_fault,rolling_element,slight,0.6454,诊断结果显示轴承出现轻微滚动体故障，根因更可能来自制造阶段实体 BMAN-00587 的风险累积。,异常由微小缺陷逐步发展为周期性冲击，检测指标随严重度上升而同步恶化。,0.6301,BMAN-00587,ManufacturingBatch,manufacturing
BFB-03280,BRG-03280,B014,rolling_element_fault,rolling_element,medium,0.8194,诊断结果显示轴承出现中等滚动体故障，根因更可能来自制造阶段实体 BMAN-00155 的风险累积。,早期表现为局部接触应力升高，随后振动冲击增强，最终演化为中等滚动体故障。,0.7081,BMAN-00155,ManufacturingBatch,manufacturing
BFB-03281,BRG-03281,IR007,inner_race_fault,inner_race,slight,0.6479,该样本的生命周期风险在材料阶段较突出，能够解释当前轻微内圈故障的主要失效模式。,早期表现为局部接触应力升高，随后振动冲击增强，最终演化为轻微内圈故障。,0.7447,BMAT-00165,MaterialBatch,material
BFB-03282,BRG-03282,OR014,outer_race_fault,outer_race,medium,0.6925,结合振动、峭度和温升特征，外圈故障与运维阶段异常高度一致，优先追溯到 BOPR-03282。,风险首先在运维阶段形成隐患，运行中持续放大，并通过温度与振动指标表现出来。,0.6583,BOPR-03282,MaintenanceRecord,operation
BFB-03283,BRG-03283,OR014,outer_race_fault,outer_race,medium,0.6824,结合振动、峭度和温升特征，外圈故障与制造阶段异常高度一致，优先追溯到 BMAN-00963。,异常由微小缺陷逐步发展为周期性冲击，检测指标随严重度上升而同步恶化。,0.6721,BMAN-00963,ManufacturingBatch,manufacturing
BFB-03284,BRG-03284,Normal,normal,none,normal,0.9088,该轴承样本生命周期风险较低，未形成明确故障追溯链。,运行状态平稳，检测指标未呈现持续恶化趋势。,0.8735,NORMAL_BASELINE,QualityFeedback,feedback
BFB-03285,BRG-03285,OR014,outer_race_fault,outer_race,medium,0.7766,诊断结果显示轴承出现中等外圈故障，根因更可能来自制造阶段实体 BMAN-00738 的风险累积。,风险首先在制造阶段形成隐患，运行中持续放大，并通过温度与振动指标表现出来。,0.6655,BMAN-00738,ManufacturingBatch,manufacturing
BFB-03286,BRG-03286,IR014,inner_race_fault,inner_race,medium,0.6752,该样本的生命周期风险在制造阶段较突出，能够解释当前中等内圈故障的主要失效模式。,风险首先在制造阶段形成隐患，运行中持续放大，并通过温度与振动指标表现出来。,0.8008,BMAN-01041,ManufacturingBatch,manufacturing
BFB-03287,BRG-03287,OR007,outer_race_fault,outer_race,slight,0.6144,结合振动、峭度和温升特征，外圈故障与设计阶段异常高度一致，优先追溯到 BDES-00273。,风险首先在设计阶段形成隐患，运行中持续放大，并通过温度与振动指标表现出来。,0.6545,BDES-00273,BearingDesignSpec,design
BFB-03288,BRG-03288,OR014,outer_race_fault,outer_race,medium,0.7101,结合振动、峭度和温升特征，外圈故障与材料阶段异常高度一致，优先追溯到 BMAT-00051。,早期表现为局部接触应力升高，随后振动冲击增强，最终演化为中等外圈故障。,0.6135,BMAT-00051,MaterialBatch,material
BFB-03289,BRG-03289,B021,rolling_element_fault,rolling_element,severe,0.7447,结合振动、峭度和温升特征，滚动体故障与制造阶段异常高度一致，优先追溯到 BMAN-00844。,异常由微小缺陷逐步发展为周期性冲击，检测指标随严重度上升而同步恶化。,0.6664,BMAN-00844,ManufacturingBatch,manufacturing
BFB-03290,BRG-03290,B014,rolling_element_fault,rolling_element,medium,0.674,诊断结果显示轴承出现中等滚动体故障，根因更可能来自制造阶段实体 BMAN-00195 的风险累积。,早期表现为局部接触应力升高，随后振动冲击增强，最终演化为中等滚动体故障。,0.6051,BMAN-00195,ManufacturingBatch,manufacturing
BFB-03291,BRG-03291,OR021,outer_race_fault,outer_race,severe,0.7787,结合振动、峭度和温升特征，外圈故障与材料阶段异常高度一致，优先追溯到 BMAT-00211。,早期表现为局部接触应力升高，随后振动冲击增强，最终演化为严重外圈故障。,0.7699,BMAT-00211,MaterialBatch,material
BFB-03292,BRG-03292,IR007,inner_race_fault,inner_race,slight,0.6785,结合振动、峭度和温升特征，内圈故障与材料阶段异常高度一致，优先追溯到 BMAT-00446。,风险首先在材料阶段形成隐患，运行中持续放大，并通过温度与振动指标表现出来。,0.6276,BMAT-00446,MaterialBatch,material
BFB-03293,BRG-03293,OR021,outer_race_fault,outer_race,severe,0.7116,结合振动、峭度和温升特征，外圈故障与装配阶段异常高度一致，优先追溯到 BASM-03293。,早期表现为局部接触应力升高，随后振动冲击增强，最终演化为严重外圈故障。,0.6674,BASM-03293,AssemblyRecord,assembly
BFB-03294,BRG-03294,IR014,inner_race_fault,inner_race,medium,0.7926,该样本的生命周期风险在材料阶段较突出，能够解释当前中等内圈故障的主要失效模式。,异常由微小缺陷逐步发展为周期性冲击，检测指标随严重度上升而同步恶化。,0.6294,BMAT-00128,MaterialBatch,material
BFB-03295,BRG-03295,IR014,inner_race_fault,inner_race,medium,0.7342,结合振动、峭度和温升特征，内圈故障与材料阶段异常高度一致，优先追溯到 BMAT-00485。,风险首先在材料阶段形成隐患，运行中持续放大，并通过温度与振动指标表现出来。,0.682,BMAT-00485,MaterialBatch,material
BFB-03296,BRG-03296,B014,rolling_element_fault,rolling_element,medium,0.6901,该样本的生命周期风险在设计阶段较突出，能够解释当前中等滚动体故障的主要失效模式。,早期表现为局部接触应力升高，随后振动冲击增强，最终演化为中等滚动体故障。,0.7363,BDES-00540,BearingDesignSpec,design
BFB-03297,BRG-03297,B014,rolling_element_fault,rolling_element,medium,0.6706,诊断结果显示轴承出现中等滚动体故障，根因更可能来自材料阶段实体 BMAT-00361 的风险累积。,早期表现为局部接触应力升高，随后振动冲击增强，最终演化为中等滚动体故障。,0.6301,BMAT-00361,MaterialBatch,material
BFB-03298,BRG-03298,B014,rolling_element_fault,rolling_element,medium,0.6626,诊断结果显示轴承出现中等滚动体故障，根因更可能来自制造阶段实体 BMAN-01088 的风险累积。,异常由微小缺陷逐步发展为周期性冲击，检测指标随严重度上升而同步恶化。,0.6817,BMAN-01088,ManufacturingBatch,manufacturing
BFB-03299,BRG-03299,OR021,outer_race_fault,outer_race,severe,0.7725,该样本的生命周期风险在制造阶段较突出，能够解释当前严重外圈故障的主要失效模式。,异常由微小缺陷逐步发展为周期性冲击，检测指标随严重度上升而同步恶化。,0.7338,BMAN-00767,ManufacturingBatch,manufacturing
BFB-03300,BRG-03300,Normal,normal,none,normal,0.9304,该轴承样本生命周期风险较低，未形成明确故障追溯链。,运行状态平稳，检测指标未呈现持续恶化趋势。,0.888,NORMAL_BASELINE,QualityFeedback,feedback
BFB-03301,BRG-03301,B014,rolling_element_fault,rolling_element,medium,0.7456,该样本的生命周期风险在制造阶段较突出，能够解释当前中等滚动体故障的主要失效模式。,风险首先在制造阶段形成隐患，运行中持续放大，并通过温度与振动指标表现出来。,0.6532,BMAN-00746,ManufacturingBatch,manufacturing
BFB-03302,BRG-03302,IR021,inner_race_fault,inner_race,severe,0.7412,该样本的生命周期风险在设计阶段较突出，能够解释当前严重内圈故障的主要失效模式。,异常由微小缺陷逐步发展为周期性冲击，检测指标随严重度上升而同步恶化。,0.6626,BDES-00184,BearingDesignSpec,design
BFB-03303,BRG-03303,IR014,inner_race_fault,inner_race,medium,0.6615,结合振动、峭度和温升特征，内圈故障与制造阶段异常高度一致，优先追溯到 BMAN-00160。,早期表现为局部接触应力升高，随后振动冲击增强，最终演化为中等内圈故障。,0.6706,BMAN-00160,ManufacturingBatch,manufacturing
BFB-03304,BRG-03304,B021,rolling_element_fault,rolling_element,severe,0.7238,该样本的生命周期风险在检测阶段较突出，能够解释当前严重滚动体故障的主要失效模式。,风险首先在检测阶段形成隐患，运行中持续放大，并通过温度与振动指标表现出来。,0.7392,BINSP-03304,InspectionRecord,inspection
BFB-03305,BRG-03305,OR007,outer_race_fault,outer_race,slight,0.7088,结合振动、峭度和温升特征，外圈故障与制造阶段异常高度一致，优先追溯到 BMAN-00427。,早期表现为局部接触应力升高，随后振动冲击增强，最终演化为轻微外圈故障。,0.7124,BMAN-00427,ManufacturingBatch,manufacturing
BFB-03306,BRG-03306,OR014,outer_race_fault,outer_race,medium,0.684,诊断结果显示轴承出现中等外圈故障，根因更可能来自检测阶段实体 BINSP-03306 的风险累积。,早期表现为局部接触应力升高，随后振动冲击增强，最终演化为中等外圈故障。,0.7322,BINSP-03306,InspectionRecord,inspection
BFB-03307,BRG-03307,B014,rolling_element_fault,rolling_element,medium,0.651,结合振动、峭度和温升特征，滚动体故障与制造阶段异常高度一致，优先追溯到 BMAN-01181。,异常由微小缺陷逐步发展为周期性冲击，检测指标随严重度上升而同步恶化。,0.6594,BMAN-01181,ManufacturingBatch,manufacturing
BFB-03308,BRG-03308,B007,rolling_element_fault,rolling_element,slight,0.7674,该样本的生命周期风险在材料阶段较突出，能够解释当前轻微滚动体故障的主要失效模式。,异常由微小缺陷逐步发展为周期性冲击，检测指标随严重度上升而同步恶化。,0.6032,BMAT-00063,MaterialBatch,material
BFB-03309,BRG-03309,OR014,outer_race_fault,outer_race,medium,0.7364,诊断结果显示轴承出现中等外圈故障，根因更可能来自制造阶段实体 BMAN-01193 的风险累积。,风险首先在制造阶段形成隐患，运行中持续放大，并通过温度与振动指标表现出来。,0.6928,BMAN-01193,ManufacturingBatch,manufacturing
BFB-03310,BRG-03310,B007,rolling_element_fault,rolling_element,slight,0.7096,诊断结果显示轴承出现轻微滚动体故障，根因更可能来自材料阶段实体 BMAT-00199 的风险累积。,风险首先在材料阶段形成隐患，运行中持续放大，并通过温度与振动指标表现出来。,0.6333,BMAT-00199,MaterialBatch,material
BFB-03311,BRG-03311,OR014,outer_race_fault,outer_race,medium,0.6795,诊断结果显示轴承出现中等外圈故障，根因更可能来自材料阶段实体 BMAT-00336 的风险累积。,风险首先在材料阶段形成隐患，运行中持续放大，并通过温度与振动指标表现出来。,0.6499,BMAT-00336,MaterialBatch,material
BFB-03312,BRG-03312,OR014,outer_race_fault,outer_race,medium,0.7196,结合振动、峭度和温升特征，外圈故障与制造阶段异常高度一致，优先追溯到 BMAN-00213。,风险首先在制造阶段形成隐患，运行中持续放大，并通过温度与振动指标表现出来。,0.7385,BMAN-00213,ManufacturingBatch,manufacturing
BFB-03313,BRG-03313,Normal,normal,none,normal,0.9157,该轴承样本生命周期风险较低，未形成明确故障追溯链。,运行状态平稳，检测指标未呈现持续恶化趋势。,0.7818,NORMAL_BASELINE,QualityFeedback,feedback
BFB-03314,BRG-03314,IR014,inner_race_fault,inner_race,medium,0.7494,该样本的生命周期风险在材料阶段较突出，能够解释当前中等内圈故障的主要失效模式。,异常由微小缺陷逐步发展为周期性冲击，检测指标随严重度上升而同步恶化。,0.7017,BMAT-00298,MaterialBatch,material
BFB-03315,BRG-03315,IR014,inner_race_fault,inner_race,medium,0.7154,结合振动、峭度和温升特征，内圈故障与材料阶段异常高度一致，优先追溯到 BMAT-00417。,异常由微小缺陷逐步发展为周期性冲击，检测指标随严重度上升而同步恶化。,0.7546,BMAT-00417,MaterialBatch,material
BFB-03316,BRG-03316,B007,rolling_element_fault,rolling_element,slight,0.6068,该样本的生命周期风险在材料阶段较突出，能够解释当前轻微滚动体故障的主要失效模式。,异常由微小缺陷逐步发展为周期性冲击，检测指标随严重度上升而同步恶化。,0.7585,BMAT-00481,MaterialBatch,material
BFB-03317,BRG-03317,B014,rolling_element_fault,rolling_element,medium,0.6087,诊断结果显示轴承出现中等滚动体故障，根因更可能来自材料阶段实体 BMAT-00189 的风险累积。,风险首先在材料阶段形成隐患，运行中持续放大，并通过温度与振动指标表现出来。,0.6811,BMAT-00189,MaterialBatch,material
BFB-03318,BRG-03318,Normal,normal,none,normal,0.9023,该轴承样本生命周期风险较低，未形成明确故障追溯链。,运行状态平稳，检测指标未呈现持续恶化趋势。,0.8459,NORMAL_BASELINE,QualityFeedback,feedback
BFB-03319,BRG-03319,IR014,inner_race_fault,inner_race,medium,0.6998,结合振动、峭度和温升特征，内圈故障与运维阶段异常高度一致，优先追溯到 BOPR-03319。,异常由微小缺陷逐步发展为周期性冲击，检测指标随严重度上升而同步恶化。,0.7268,BOPR-03319,MaintenanceRecord,operation
BFB-03320,BRG-03320,B014,rolling_element_fault,rolling_element,medium,0.7584,诊断结果显示轴承出现中等滚动体故障，根因更可能来自装配阶段实体 BASM-03320 的风险累积。,早期表现为局部接触应力升高，随后振动冲击增强，最终演化为中等滚动体故障。,0.6543,BASM-03320,AssemblyRecord,assembly
BFB-03321,BRG-03321,OR007,outer_race_fault,outer_race,slight,0.7098,该样本的生命周期风险在装配阶段较突出，能够解释当前轻微外圈故障的主要失效模式。,风险首先在装配阶段形成隐患，运行中持续放大，并通过温度与振动指标表现出来。,0.6472,BASM-03321,AssemblyRecord,assembly
BFB-03322,BRG-03322,B021,rolling_element_fault,rolling_element,severe,0.7033,诊断结果显示轴承出现严重滚动体故障，根因更可能来自制造阶段实体 BMAN-00434 的风险累积。,风险首先在制造阶段形成隐患，运行中持续放大，并通过温度与振动指标表现出来。,0.7446,BMAN-00434,ManufacturingBatch,manufacturing
BFB-03323,BRG-03323,B014,rolling_element_fault,rolling_element,medium,0.6445,该样本的生命周期风险在检测阶段较突出，能够解释当前中等滚动体故障的主要失效模式。,异常由微小缺陷逐步发展为周期性冲击，检测指标随严重度上升而同步恶化。,0.7119,BINSP-03323,InspectionRecord,inspection
BFB-03324,BRG-03324,Normal,normal,none,normal,0.9193,该轴承样本生命周期风险较低，未形成明确故障追溯链。,运行状态平稳，检测指标未呈现持续恶化趋势。,0.8199,NORMAL_BASELINE,QualityFeedback,feedback
BFB-03325,BRG-03325,B007,rolling_element_fault,rolling_element,slight,0.6398,诊断结果显示轴承出现轻微滚动体故障，根因更可能来自材料阶段实体 BMAT-00125 的风险累积。,早期表现为局部接触应力升高，随后振动冲击增强，最终演化为轻微滚动体故障。,0.7211,BMAT-00125,MaterialBatch,material
BFB-03326,BRG-03326,IR021,inner_race_fault,inner_race,severe,0.7649,该样本的生命周期风险在制造阶段较突出，能够解释当前严重内圈故障的主要失效模式。,风险首先在制造阶段形成隐患，运行中持续放大，并通过温度与振动指标表现出来。,0.7098,BMAN-00647,ManufacturingBatch,manufacturing
BFB-03327,BRG-03327,IR007,inner_race_fault,inner_race,slight,0.6019,该样本的生命周期风险在材料阶段较突出，能够解释当前轻微内圈故障的主要失效模式。,异常由微小缺陷逐步发展为周期性冲击，检测指标随严重度上升而同步恶化。,0.5835,BMAT-00467,MaterialBatch,material
BFB-03328,BRG-03328,Normal,normal,none,normal,0.8969,该轴承样本生命周期风险较低，未形成明确故障追溯链。,运行状态平稳，检测指标未呈现持续恶化趋势。,0.8034,NORMAL_BASELINE,QualityFeedback,feedback
BFB-03329,BRG-03329,Normal,normal,none,normal,0.9356,该轴承样本生命周期风险较低，未形成明确故障追溯链。,运行状态平稳，检测指标未呈现持续恶化趋势。,0.8173,NORMAL_BASELINE,QualityFeedback,feedback
BFB-03330,BRG-03330,OR014,outer_race_fault,outer_race,medium,0.7348,结合振动、峭度和温升特征，外圈故障与运维阶段异常高度一致，优先追溯到 BOPR-03330。,异常由微小缺陷逐步发展为周期性冲击，检测指标随严重度上升而同步恶化。,0.7432,BOPR-03330,MaintenanceRecord,operation
BFB-03331,BRG-03331,IR014,inner_race_fault,inner_race,medium,0.6773,诊断结果显示轴承出现中等内圈故障，根因更可能来自材料阶段实体 BMAT-00411 的风险累积。,早期表现为局部接触应力升高，随后振动冲击增强，最终演化为中等内圈故障。,0.7813,BMAT-00411,MaterialBatch,material
BFB-03332,BRG-03332,IR007,inner_race_fault,inner_race,slight,0.6888,结合振动、峭度和温升特征，内圈故障与材料阶段异常高度一致，优先追溯到 BMAT-00234。,异常由微小缺陷逐步发展为周期性冲击，检测指标随严重度上升而同步恶化。,0.5683,BMAT-00234,MaterialBatch,material
BFB-03333,BRG-03333,IR014,inner_race_fault,inner_race,medium,0.6989,结合振动、峭度和温升特征，内圈故障与制造阶段异常高度一致，优先追溯到 BMAN-01153。,异常由微小缺陷逐步发展为周期性冲击，检测指标随严重度上升而同步恶化。,0.7,BMAN-01153,ManufacturingBatch,manufacturing
BFB-03334,BRG-03334,B007,rolling_element_fault,rolling_element,slight,0.7085,诊断结果显示轴承出现轻微滚动体故障，根因更可能来自制造阶段实体 BMAN-01012 的风险累积。,异常由微小缺陷逐步发展为周期性冲击，检测指标随严重度上升而同步恶化。,0.6059,BMAN-01012,ManufacturingBatch,manufacturing
BFB-03335,BRG-03335,B014,rolling_element_fault,rolling_element,medium,0.7365,诊断结果显示轴承出现中等滚动体故障，根因更可能来自装配阶段实体 BASM-03335 的风险累积。,风险首先在装配阶段形成隐患，运行中持续放大，并通过温度与振动指标表现出来。,0.6962,BASM-03335,AssemblyRecord,assembly
BFB-03336,BRG-03336,B007,rolling_element_fault,rolling_element,slight,0.7439,该样本的生命周期风险在检测阶段较突出，能够解释当前轻微滚动体故障的主要失效模式。,风险首先在检测阶段形成隐患，运行中持续放大，并通过温度与振动指标表现出来。,0.6256,BINSP-03336,InspectionRecord,inspection
BFB-03337,BRG-03337,Normal,normal,none,normal,0.9385,该轴承样本生命周期风险较低，未形成明确故障追溯链。,运行状态平稳，检测指标未呈现持续恶化趋势。,0.869,NORMAL_BASELINE,QualityFeedback,feedback
BFB-03338,BRG-03338,OR014,outer_race_fault,outer_race,medium,0.6971,诊断结果显示轴承出现中等外圈故障，根因更可能来自制造阶段实体 BMAN-01021 的风险累积。,风险首先在制造阶段形成隐患，运行中持续放大，并通过温度与振动指标表现出来。,0.602,BMAN-01021,ManufacturingBatch,manufacturing
BFB-03339,BRG-03339,OR014,outer_race_fault,outer_race,medium,0.6464,结合振动、峭度和温升特征，外圈故障与装配阶段异常高度一致，优先追溯到 BASM-03339。,风险首先在装配阶段形成隐患，运行中持续放大，并通过温度与振动指标表现出来。,0.7177,BASM-03339,AssemblyRecord,assembly
BFB-03340,BRG-03340,B014,rolling_element_fault,rolling_element,medium,0.6964,诊断结果显示轴承出现中等滚动体故障，根因更可能来自装配阶段实体 BASM-03340 的风险累积。,风险首先在装配阶段形成隐患，运行中持续放大，并通过温度与振动指标表现出来。,0.7491,BASM-03340,AssemblyRecord,assembly
BFB-03341,BRG-03341,IR014,inner_race_fault,inner_race,medium,0.6828,诊断结果显示轴承出现中等内圈故障，根因更可能来自材料阶段实体 BMAT-00111 的风险累积。,风险首先在材料阶段形成隐患，运行中持续放大，并通过温度与振动指标表现出来。,0.6403,BMAT-00111,MaterialBatch,material
BFB-03342,BRG-03342,IR007,inner_race_fault,inner_race,slight,0.6456,该样本的生命周期风险在制造阶段较突出，能够解释当前轻微内圈故障的主要失效模式。,异常由微小缺陷逐步发展为周期性冲击，检测指标随严重度上升而同步恶化。,0.5753,BMAN-00145,ManufacturingBatch,manufacturing
BFB-03343,BRG-03343,OR007,outer_race_fault,outer_race,slight,0.6088,诊断结果显示轴承出现轻微外圈故障，根因更可能来自制造阶段实体 BMAN-00189 的风险累积。,风险首先在制造阶段形成隐患，运行中持续放大，并通过温度与振动指标表现出来。,0.5552,BMAN-00189,ManufacturingBatch,manufacturing
BFB-03344,BRG-03344,B014,rolling_element_fault,rolling_element,medium,0.7329,该样本的生命周期风险在检测阶段较突出，能够解释当前中等滚动体故障的主要失效模式。,早期表现为局部接触应力升高，随后振动冲击增强，最终演化为中等滚动体故障。,0.5858,BINSP-03344,InspectionRecord,inspection
BFB-03345,BRG-03345,Normal,normal,none,normal,0.8763,该轴承样本生命周期风险较低，未形成明确故障追溯链。,运行状态平稳，检测指标未呈现持续恶化趋势。,0.8328,NORMAL_BASELINE,QualityFeedback,feedback
BFB-03346,BRG-03346,IR014,inner_race_fault,inner_race,medium,0.7205,结合振动、峭度和温升特征，内圈故障与装配阶段异常高度一致，优先追溯到 BASM-03346。,早期表现为局部接触应力升高，随后振动冲击增强，最终演化为中等内圈故障。,0.6836,BASM-03346,AssemblyRecord,assembly
BFB-03347,BRG-03347,OR021,outer_race_fault,outer_race,severe,0.6989,该样本的生命周期风险在运维阶段较突出，能够解释当前严重外圈故障的主要失效模式。,早期表现为局部接触应力升高，随后振动冲击增强，最终演化为严重外圈故障。,0.6703,BOPR-03347,MaintenanceRecord,operation
BFB-03348,BRG-03348,IR007,inner_race_fault,inner_race,slight,0.6301,结合振动、峭度和温升特征，内圈故障与检测阶段异常高度一致，优先追溯到 BINSP-03348。,风险首先在检测阶段形成隐患，运行中持续放大，并通过温度与振动指标表现出来。,0.7362,BINSP-03348,InspectionRecord,inspection
BFB-03349,BRG-03349,Normal,normal,none,normal,0.9394,该轴承样本生命周期风险较低，未形成明确故障追溯链。,运行状态平稳，检测指标未呈现持续恶化趋势。,0.8858,NORMAL_BASELINE,QualityFeedback,feedback
BFB-03350,BRG-03350,IR014,inner_race_fault,inner_race,medium,0.6868,该样本的生命周期风险在材料阶段较突出，能够解释当前中等内圈故障的主要失效模式。,异常由微小缺陷逐步发展为周期性冲击，检测指标随严重度上升而同步恶化。,0.6385,BMAT-00295,MaterialBatch,material
BFB-03351,BRG-03351,B014,rolling_element_fault,rolling_element,medium,0.7085,结合振动、峭度和温升特征，滚动体故障与装配阶段异常高度一致，优先追溯到 BASM-03351。,早期表现为局部接触应力升高，随后振动冲击增强，最终演化为中等滚动体故障。,0.697,BASM-03351,AssemblyRecord,assembly
BFB-03352,BRG-03352,B014,rolling_element_fault,rolling_element,medium,0.6985,诊断结果显示轴承出现中等滚动体故障，根因更可能来自装配阶段实体 BASM-03352 的风险累积。,早期表现为局部接触应力升高，随后振动冲击增强，最终演化为中等滚动体故障。,0.6591,BASM-03352,AssemblyRecord,assembly
BFB-03353,BRG-03353,OR007,outer_race_fault,outer_race,slight,0.7077,结合振动、峭度和温升特征，外圈故障与制造阶段异常高度一致，优先追溯到 BMAN-01032。,异常由微小缺陷逐步发展为周期性冲击，检测指标随严重度上升而同步恶化。,0.6068,BMAN-01032,ManufacturingBatch,manufacturing
BFB-03354,BRG-03354,B021,rolling_element_fault,rolling_element,severe,0.6647,该样本的生命周期风险在材料阶段较突出，能够解释当前严重滚动体故障的主要失效模式。,异常由微小缺陷逐步发展为周期性冲击，检测指标随严重度上升而同步恶化。,0.6827,BMAT-00255,MaterialBatch,material
BFB-03355,BRG-03355,IR014,inner_race_fault,inner_race,medium,0.7879,诊断结果显示轴承出现中等内圈故障，根因更可能来自装配阶段实体 BASM-03355 的风险累积。,异常由微小缺陷逐步发展为周期性冲击，检测指标随严重度上升而同步恶化。,0.6579,BASM-03355,AssemblyRecord,assembly
BFB-03356,BRG-03356,B007,rolling_element_fault,rolling_element,slight,0.7099,诊断结果显示轴承出现轻微滚动体故障，根因更可能来自材料阶段实体 BMAT-00073 的风险累积。,异常由微小缺陷逐步发展为周期性冲击，检测指标随严重度上升而同步恶化。,0.5414,BMAT-00073,MaterialBatch,material
BFB-03357,BRG-03357,B021,rolling_element_fault,rolling_element,severe,0.7152,该样本的生命周期风险在装配阶段较突出，能够解释当前严重滚动体故障的主要失效模式。,风险首先在装配阶段形成隐患，运行中持续放大，并通过温度与振动指标表现出来。,0.6284,BASM-03357,AssemblyRecord,assembly
BFB-03358,BRG-03358,B007,rolling_element_fault,rolling_element,slight,0.7302,结合振动、峭度和温升特征，滚动体故障与制造阶段异常高度一致，优先追溯到 BMAN-00945。,风险首先在制造阶段形成隐患，运行中持续放大，并通过温度与振动指标表现出来。,0.7256,BMAN-00945,ManufacturingBatch,manufacturing
BFB-03359,BRG-03359,IR014,inner_race_fault,inner_race,medium,0.7033,结合振动、峭度和温升特征，内圈故障与制造阶段异常高度一致，优先追溯到 BMAN-00600。,风险首先在制造阶段形成隐患，运行中持续放大，并通过温度与振动指标表现出来。,0.5856,BMAN-00600,ManufacturingBatch,manufacturing
BFB-03360,BRG-03360,Normal,normal,none,normal,0.8625,该轴承样本生命周期风险较低，未形成明确故障追溯链。,运行状态平稳，检测指标未呈现持续恶化趋势。,0.8964,NORMAL_BASELINE,QualityFeedback,feedback
BFB-03361,BRG-03361,OR014,outer_race_fault,outer_race,medium,0.7942,结合振动、峭度和温升特征，外圈故障与材料阶段异常高度一致，优先追溯到 BMAT-00396。,异常由微小缺陷逐步发展为周期性冲击，检测指标随严重度上升而同步恶化。,0.6142,BMAT-00396,MaterialBatch,material
BFB-03362,BRG-03362,IR014,inner_race_fault,inner_race,medium,0.6161,诊断结果显示轴承出现中等内圈故障，根因更可能来自制造阶段实体 BMAN-00552 的风险累积。,早期表现为局部接触应力升高，随后振动冲击增强，最终演化为中等内圈故障。,0.5683,BMAN-00552,ManufacturingBatch,manufacturing
BFB-03363,BRG-03363,OR007,outer_race_fault,outer_race,slight,0.7179,诊断结果显示轴承出现轻微外圈故障，根因更可能来自装配阶段实体 BASM-03363 的风险累积。,异常由微小缺陷逐步发展为周期性冲击，检测指标随严重度上升而同步恶化。,0.71,BASM-03363,AssemblyRecord,assembly
BFB-03364,BRG-03364,IR007,inner_race_fault,inner_race,slight,0.7237,结合振动、峭度和温升特征，内圈故障与制造阶段异常高度一致，优先追溯到 BMAN-00992。,异常由微小缺陷逐步发展为周期性冲击，检测指标随严重度上升而同步恶化。,0.6786,BMAN-00992,ManufacturingBatch,manufacturing
BFB-03365,BRG-03365,B007,rolling_element_fault,rolling_element,slight,0.6814,结合振动、峭度和温升特征，滚动体故障与设计阶段异常高度一致，优先追溯到 BDES-00130。,异常由微小缺陷逐步发展为周期性冲击，检测指标随严重度上升而同步恶化。,0.6883,BDES-00130,BearingDesignSpec,design
BFB-03366,BRG-03366,B014,rolling_element_fault,rolling_element,medium,0.7107,该样本的生命周期风险在材料阶段较突出，能够解释当前中等滚动体故障的主要失效模式。,异常由微小缺陷逐步发展为周期性冲击，检测指标随严重度上升而同步恶化。,0.7156,BMAT-00493,MaterialBatch,material
BFB-03367,BRG-03367,B014,rolling_element_fault,rolling_element,medium,0.6957,诊断结果显示轴承出现中等滚动体故障，根因更可能来自材料阶段实体 BMAT-00221 的风险累积。,异常由微小缺陷逐步发展为周期性冲击，检测指标随严重度上升而同步恶化。,0.6585,BMAT-00221,MaterialBatch,material
BFB-03368,BRG-03368,OR014,outer_race_fault,outer_race,medium,0.6443,该样本的生命周期风险在制造阶段较突出，能够解释当前中等外圈故障的主要失效模式。,早期表现为局部接触应力升高，随后振动冲击增强，最终演化为中等外圈故障。,0.6691,BMAN-00431,ManufacturingBatch,manufacturing
BFB-03369,BRG-03369,IR014,inner_race_fault,inner_race,medium,0.7255,结合振动、峭度和温升特征，内圈故障与检测阶段异常高度一致，优先追溯到 BINSP-03369。,早期表现为局部接触应力升高，随后振动冲击增强，最终演化为中等内圈故障。,0.5648,BINSP-03369,InspectionRecord,inspection
BFB-03370,BRG-03370,Normal,normal,none,normal,0.9518,该轴承样本生命周期风险较低，未形成明确故障追溯链。,运行状态平稳，检测指标未呈现持续恶化趋势。,0.8453,NORMAL_BASELINE,QualityFeedback,feedback
BFB-03371,BRG-03371,IR014,inner_race_fault,inner_race,medium,0.6404,结合振动、峭度和温升特征，内圈故障与制造阶段异常高度一致，优先追溯到 BMAN-00739。,早期表现为局部接触应力升高，随后振动冲击增强，最终演化为中等内圈故障。,0.6875,BMAN-00739,ManufacturingBatch,manufacturing
BFB-03372,BRG-03372,B014,rolling_element_fault,rolling_element,medium,0.6444,诊断结果显示轴承出现中等滚动体故障，根因更可能来自运维阶段实体 BOPR-03372 的风险累积。,早期表现为局部接触应力升高，随后振动冲击增强，最终演化为中等滚动体故障。,0.6802,BOPR-03372,MaintenanceRecord,operation
BFB-03373,BRG-03373,OR007,outer_race_fault,outer_race,slight,0.6878,诊断结果显示轴承出现轻微外圈故障，根因更可能来自装配阶段实体 BASM-03373 的风险累积。,风险首先在装配阶段形成隐患，运行中持续放大，并通过温度与振动指标表现出来。,0.6356,BASM-03373,AssemblyRecord,assembly
BFB-03374,BRG-03374,OR007,outer_race_fault,outer_race,slight,0.6636,诊断结果显示轴承出现轻微外圈故障，根因更可能来自运维阶段实体 BOPR-03374 的风险累积。,风险首先在运维阶段形成隐患，运行中持续放大，并通过温度与振动指标表现出来。,0.622,BOPR-03374,MaintenanceRecord,operation
BFB-03375,BRG-03375,IR014,inner_race_fault,inner_race,medium,0.7339,诊断结果显示轴承出现中等内圈故障，根因更可能来自材料阶段实体 BMAT-00117 的风险累积。,早期表现为局部接触应力升高，随后振动冲击增强，最终演化为中等内圈故障。,0.6379,BMAT-00117,MaterialBatch,material
BFB-03376,BRG-03376,IR014,inner_race_fault,inner_race,medium,0.7833,该样本的生命周期风险在材料阶段较突出，能够解释当前中等内圈故障的主要失效模式。,风险首先在材料阶段形成隐患，运行中持续放大，并通过温度与振动指标表现出来。,0.6959,BMAT-00263,MaterialBatch,material
BFB-03377,BRG-03377,IR014,inner_race_fault,inner_race,medium,0.7157,该样本的生命周期风险在材料阶段较突出，能够解释当前中等内圈故障的主要失效模式。,异常由微小缺陷逐步发展为周期性冲击，检测指标随严重度上升而同步恶化。,0.6293,BMAT-00188,MaterialBatch,material
BFB-03378,BRG-03378,IR021,inner_race_fault,inner_race,severe,0.8151,诊断结果显示轴承出现严重内圈故障，根因更可能来自装配阶段实体 BASM-03378 的风险累积。,风险首先在装配阶段形成隐患，运行中持续放大，并通过温度与振动指标表现出来。,0.7221,BASM-03378,AssemblyRecord,assembly
BFB-03379,BRG-03379,IR007,inner_race_fault,inner_race,slight,0.6937,诊断结果显示轴承出现轻微内圈故障，根因更可能来自装配阶段实体 BASM-03379 的风险累积。,异常由微小缺陷逐步发展为周期性冲击，检测指标随严重度上升而同步恶化。,0.6404,BASM-03379,AssemblyRecord,assembly
BFB-03380,BRG-03380,B007,rolling_element_fault,rolling_element,slight,0.6654,结合振动、峭度和温升特征，滚动体故障与制造阶段异常高度一致，优先追溯到 BMAN-01112。,早期表现为局部接触应力升高，随后振动冲击增强，最终演化为轻微滚动体故障。,0.6146,BMAN-01112,ManufacturingBatch,manufacturing
BFB-03381,BRG-03381,Normal,normal,none,normal,0.9404,该轴承样本生命周期风险较低，未形成明确故障追溯链。,运行状态平稳，检测指标未呈现持续恶化趋势。,0.8092,NORMAL_BASELINE,QualityFeedback,feedback
BFB-03382,BRG-03382,B021,rolling_element_fault,rolling_element,severe,0.7665,诊断结果显示轴承出现严重滚动体故障，根因更可能来自材料阶段实体 BMAT-00402 的风险累积。,异常由微小缺陷逐步发展为周期性冲击，检测指标随严重度上升而同步恶化。,0.6199,BMAT-00402,MaterialBatch,material
BFB-03383,BRG-03383,B021,rolling_element_fault,rolling_element,severe,0.7952,该样本的生命周期风险在材料阶段较突出，能够解释当前严重滚动体故障的主要失效模式。,早期表现为局部接触应力升高，随后振动冲击增强，最终演化为严重滚动体故障。,0.7222,BMAT-00190,MaterialBatch,material
BFB-03384,BRG-03384,IR007,inner_race_fault,inner_race,slight,0.6244,结合振动、峭度和温升特征，内圈故障与制造阶段异常高度一致，优先追溯到 BMAN-00921。,风险首先在制造阶段形成隐患，运行中持续放大，并通过温度与振动指标表现出来。,0.6795,BMAN-00921,ManufacturingBatch,manufacturing
BFB-03385,BRG-03385,IR014,inner_race_fault,inner_race,medium,0.598,该样本的生命周期风险在制造阶段较突出，能够解释当前中等内圈故障的主要失效模式。,早期表现为局部接触应力升高，随后振动冲击增强，最终演化为中等内圈故障。,0.6762,BMAN-00452,ManufacturingBatch,manufacturing
BFB-03386,BRG-03386,Normal,normal,none,normal,0.8721,该轴承样本生命周期风险较低，未形成明确故障追溯链。,运行状态平稳，检测指标未呈现持续恶化趋势。,0.8766,NORMAL_BASELINE,QualityFeedback,feedback
BFB-03387,BRG-03387,IR014,inner_race_fault,inner_race,medium,0.7528,该样本的生命周期风险在设计阶段较突出，能够解释当前中等内圈故障的主要失效模式。,早期表现为局部接触应力升高，随后振动冲击增强，最终演化为中等内圈故障。,0.658,BDES-00175,BearingDesignSpec,design
BFB-03388,BRG-03388,B014,rolling_element_fault,rolling_element,medium,0.6544,结合振动、峭度和温升特征，滚动体故障与检测阶段异常高度一致，优先追溯到 BINSP-03388。,异常由微小缺陷逐步发展为周期性冲击，检测指标随严重度上升而同步恶化。,0.7288,BINSP-03388,InspectionRecord,inspection
BFB-03389,BRG-03389,B014,rolling_element_fault,rolling_element,medium,0.6471,诊断结果显示轴承出现中等滚动体故障，根因更可能来自检测阶段实体 BINSP-03389 的风险累积。,风险首先在检测阶段形成隐患，运行中持续放大，并通过温度与振动指标表现出来。,0.6476,BINSP-03389,InspectionRecord,inspection
BFB-03390,BRG-03390,IR014,inner_race_fault,inner_race,medium,0.7471,结合振动、峭度和温升特征，内圈故障与制造阶段异常高度一致，优先追溯到 BMAN-00202。,异常由微小缺陷逐步发展为周期性冲击，检测指标随严重度上升而同步恶化。,0.6467,BMAN-00202,ManufacturingBatch,manufacturing
BFB-03391,BRG-03391,B021,rolling_element_fault,rolling_element,severe,0.7451,该样本的生命周期风险在材料阶段较突出，能够解释当前严重滚动体故障的主要失效模式。,异常由微小缺陷逐步发展为周期性冲击，检测指标随严重度上升而同步恶化。,0.734,BMAT-00098,MaterialBatch,material
BFB-03392,BRG-03392,B014,rolling_element_fault,rolling_element,medium,0.7707,结合振动、峭度和温升特征，滚动体故障与装配阶段异常高度一致，优先追溯到 BASM-03392。,异常由微小缺陷逐步发展为周期性冲击，检测指标随严重度上升而同步恶化。,0.6569,BASM-03392,AssemblyRecord,assembly
BFB-03393,BRG-03393,IR007,inner_race_fault,inner_race,slight,0.6867,结合振动、峭度和温升特征，内圈故障与材料阶段异常高度一致，优先追溯到 BMAT-00276。,异常由微小缺陷逐步发展为周期性冲击，检测指标随严重度上升而同步恶化。,0.7023,BMAT-00276,MaterialBatch,material
BFB-03394,BRG-03394,B007,rolling_element_fault,rolling_element,slight,0.6771,诊断结果显示轴承出现轻微滚动体故障，根因更可能来自运维阶段实体 BOPR-03394 的风险累积。,异常由微小缺陷逐步发展为周期性冲击，检测指标随严重度上升而同步恶化。,0.7012,BOPR-03394,MaintenanceRecord,operation
BFB-03395,BRG-03395,OR021,outer_race_fault,outer_race,severe,0.6928,该样本的生命周期风险在制造阶段较突出，能够解释当前严重外圈故障的主要失效模式。,异常由微小缺陷逐步发展为周期性冲击，检测指标随严重度上升而同步恶化。,0.685,BMAN-00218,ManufacturingBatch,manufacturing
BFB-03396,BRG-03396,IR014,inner_race_fault,inner_race,medium,0.6674,该样本的生命周期风险在材料阶段较突出，能够解释当前中等内圈故障的主要失效模式。,异常由微小缺陷逐步发展为周期性冲击，检测指标随严重度上升而同步恶化。,0.6865,BMAT-00139,MaterialBatch,material
BFB-03397,BRG-03397,B014,rolling_element_fault,rolling_element,medium,0.7904,诊断结果显示轴承出现中等滚动体故障，根因更可能来自制造阶段实体 BMAN-01116 的风险累积。,早期表现为局部接触应力升高，随后振动冲击增强，最终演化为中等滚动体故障。,0.7151,BMAN-01116,ManufacturingBatch,manufacturing
BFB-03398,BRG-03398,B007,rolling_element_fault,rolling_element,slight,0.5906,诊断结果显示轴承出现轻微滚动体故障，根因更可能来自装配阶段实体 BASM-03398 的风险累积。,早期表现为局部接触应力升高，随后振动冲击增强，最终演化为轻微滚动体故障。,0.6966,BASM-03398,AssemblyRecord,assembly
BFB-03399,BRG-03399,OR014,outer_race_fault,outer_race,medium,0.7775,该样本的生命周期风险在材料阶段较突出，能够解释当前中等外圈故障的主要失效模式。,早期表现为局部接触应力升高，随后振动冲击增强，最终演化为中等外圈故障。,0.6659,BMAT-00393,MaterialBatch,material
BFB-03400,BRG-03400,IR014,inner_race_fault,inner_race,medium,0.7685,该样本的生命周期风险在装配阶段较突出，能够解释当前中等内圈故障的主要失效模式。,异常由微小缺陷逐步发展为周期性冲击，检测指标随严重度上升而同步恶化。,0.7231,BASM-03400,AssemblyRecord,assembly
BFB-03401,BRG-03401,Normal,normal,none,normal,0.8659,该轴承样本生命周期风险较低，未形成明确故障追溯链。,运行状态平稳，检测指标未呈现持续恶化趋势。,0.8342,NORMAL_BASELINE,QualityFeedback,feedback
BFB-03402,BRG-03402,B007,rolling_element_fault,rolling_element,slight,0.6957,诊断结果显示轴承出现轻微滚动体故障，根因更可能来自材料阶段实体 BMAT-00171 的风险累积。,异常由微小缺陷逐步发展为周期性冲击，检测指标随严重度上升而同步恶化。,0.6852,BMAT-00171,MaterialBatch,material
BFB-03403,BRG-03403,B007,rolling_element_fault,rolling_element,slight,0.743,结合振动、峭度和温升特征，滚动体故障与制造阶段异常高度一致，优先追溯到 BMAN-00048。,早期表现为局部接触应力升高，随后振动冲击增强，最终演化为轻微滚动体故障。,0.5971,BMAN-00048,ManufacturingBatch,manufacturing
BFB-03404,BRG-03404,IR021,inner_race_fault,inner_race,severe,0.7533,结合振动、峭度和温升特征，内圈故障与材料阶段异常高度一致，优先追溯到 BMAT-00229。,风险首先在材料阶段形成隐患，运行中持续放大，并通过温度与振动指标表现出来。,0.8285,BMAT-00229,MaterialBatch,material
BFB-03405,BRG-03405,IR014,inner_race_fault,inner_race,medium,0.7443,结合振动、峭度和温升特征，内圈故障与设计阶段异常高度一致，优先追溯到 BDES-00606。,早期表现为局部接触应力升高，随后振动冲击增强，最终演化为中等内圈故障。,0.7028,BDES-00606,BearingDesignSpec,design
BFB-03406,BRG-03406,OR014,outer_race_fault,outer_race,medium,0.6955,结合振动、峭度和温升特征，外圈故障与装配阶段异常高度一致，优先追溯到 BASM-03406。,早期表现为局部接触应力升高，随后振动冲击增强，最终演化为中等外圈故障。,0.6722,BASM-03406,AssemblyRecord,assembly
BFB-03407,BRG-03407,B014,rolling_element_fault,rolling_element,medium,0.6588,诊断结果显示轴承出现中等滚动体故障，根因更可能来自制造阶段实体 BMAN-00144 的风险累积。,异常由微小缺陷逐步发展为周期性冲击，检测指标随严重度上升而同步恶化。,0.5956,BMAN-00144,ManufacturingBatch,manufacturing
BFB-03408,BRG-03408,B007,rolling_element_fault,rolling_element,slight,0.7298,该样本的生命周期风险在装配阶段较突出，能够解释当前轻微滚动体故障的主要失效模式。,风险首先在装配阶段形成隐患，运行中持续放大，并通过温度与振动指标表现出来。,0.6212,BASM-03408,AssemblyRecord,assembly
BFB-03409,BRG-03409,IR021,inner_race_fault,inner_race,severe,0.7471,结合振动、峭度和温升特征，内圈故障与装配阶段异常高度一致，优先追溯到 BASM-03409。,早期表现为局部接触应力升高，随后振动冲击增强，最终演化为严重内圈故障。,0.6777,BASM-03409,AssemblyRecord,assembly
BFB-03410,BRG-03410,B014,rolling_element_fault,rolling_element,medium,0.7075,诊断结果显示轴承出现中等滚动体故障，根因更可能来自材料阶段实体 BMAT-00280 的风险累积。,异常由微小缺陷逐步发展为周期性冲击，检测指标随严重度上升而同步恶化。,0.7085,BMAT-00280,MaterialBatch,material
BFB-03411,BRG-03411,OR021,outer_race_fault,outer_race,severe,0.6589,该样本的生命周期风险在设计阶段较突出，能够解释当前严重外圈故障的主要失效模式。,异常由微小缺陷逐步发展为周期性冲击，检测指标随严重度上升而同步恶化。,0.6963,BDES-00741,BearingDesignSpec,design
BFB-03412,BRG-03412,B014,rolling_element_fault,rolling_element,medium,0.675,诊断结果显示轴承出现中等滚动体故障，根因更可能来自设计阶段实体 BDES-00710 的风险累积。,异常由微小缺陷逐步发展为周期性冲击，检测指标随严重度上升而同步恶化。,0.691,BDES-00710,BearingDesignSpec,design
BFB-03413,BRG-03413,B021,rolling_element_fault,rolling_element,severe,0.7454,结合振动、峭度和温升特征，滚动体故障与材料阶段异常高度一致，优先追溯到 BMAT-00499。,异常由微小缺陷逐步发展为周期性冲击，检测指标随严重度上升而同步恶化。,0.6572,BMAT-00499,MaterialBatch,material
BFB-03414,BRG-03414,IR007,inner_race_fault,inner_race,slight,0.7094,诊断结果显示轴承出现轻微内圈故障，根因更可能来自制造阶段实体 BMAN-00532 的风险累积。,异常由微小缺陷逐步发展为周期性冲击，检测指标随严重度上升而同步恶化。,0.6937,BMAN-00532,ManufacturingBatch,manufacturing
BFB-03415,BRG-03415,B014,rolling_element_fault,rolling_element,medium,0.7536,诊断结果显示轴承出现中等滚动体故障，根因更可能来自运维阶段实体 BOPR-03415 的风险累积。,异常由微小缺陷逐步发展为周期性冲击，检测指标随严重度上升而同步恶化。,0.719,BOPR-03415,MaintenanceRecord,operation
BFB-03416,BRG-03416,B014,rolling_element_fault,rolling_element,medium,0.633,结合振动、峭度和温升特征，滚动体故障与材料阶段异常高度一致，优先追溯到 BMAT-00035。,风险首先在材料阶段形成隐患，运行中持续放大，并通过温度与振动指标表现出来。,0.6603,BMAT-00035,MaterialBatch,material
BFB-03417,BRG-03417,Normal,normal,none,normal,0.9143,该轴承样本生命周期风险较低，未形成明确故障追溯链。,运行状态平稳，检测指标未呈现持续恶化趋势。,0.8117,NORMAL_BASELINE,QualityFeedback,feedback
BFB-03418,BRG-03418,B014,rolling_element_fault,rolling_element,medium,0.7018,结合振动、峭度和温升特征，滚动体故障与设计阶段异常高度一致，优先追溯到 BDES-00075。,风险首先在设计阶段形成隐患，运行中持续放大，并通过温度与振动指标表现出来。,0.6843,BDES-00075,BearingDesignSpec,design
BFB-03419,BRG-03419,IR007,inner_race_fault,inner_race,slight,0.6799,该样本的生命周期风险在装配阶段较突出，能够解释当前轻微内圈故障的主要失效模式。,早期表现为局部接触应力升高，随后振动冲击增强，最终演化为轻微内圈故障。,0.6595,BASM-03419,AssemblyRecord,assembly
BFB-03420,BRG-03420,B007,rolling_element_fault,rolling_element,slight,0.7151,诊断结果显示轴承出现轻微滚动体故障，根因更可能来自装配阶段实体 BASM-03420 的风险累积。,早期表现为局部接触应力升高，随后振动冲击增强，最终演化为轻微滚动体故障。,0.6704,BASM-03420,AssemblyRecord,assembly
BFB-03421,BRG-03421,OR014,outer_race_fault,outer_race,medium,0.6915,结合振动、峭度和温升特征，外圈故障与运维阶段异常高度一致，优先追溯到 BOPR-03421。,早期表现为局部接触应力升高，随后振动冲击增强，最终演化为中等外圈故障。,0.7286,BOPR-03421,MaintenanceRecord,operation
BFB-03422,BRG-03422,B014,rolling_element_fault,rolling_element,medium,0.6555,诊断结果显示轴承出现中等滚动体故障，根因更可能来自材料阶段实体 BMAT-00384 的风险累积。,早期表现为局部接触应力升高，随后振动冲击增强，最终演化为中等滚动体故障。,0.7062,BMAT-00384,MaterialBatch,material
BFB-03423,BRG-03423,B021,rolling_element_fault,rolling_element,severe,0.776,结合振动、峭度和温升特征，滚动体故障与材料阶段异常高度一致，优先追溯到 BMAT-00136。,风险首先在材料阶段形成隐患，运行中持续放大，并通过温度与振动指标表现出来。,0.7517,BMAT-00136,MaterialBatch,material
BFB-03424,BRG-03424,B007,rolling_element_fault,rolling_element,slight,0.6615,诊断结果显示轴承出现轻微滚动体故障，根因更可能来自装配阶段实体 BASM-03424 的风险累积。,早期表现为局部接触应力升高，随后振动冲击增强，最终演化为轻微滚动体故障。,0.5146,BASM-03424,AssemblyRecord,assembly
BFB-03425,BRG-03425,OR021,outer_race_fault,outer_race,severe,0.7969,结合振动、峭度和温升特征，外圈故障与装配阶段异常高度一致，优先追溯到 BASM-03425。,异常由微小缺陷逐步发展为周期性冲击，检测指标随严重度上升而同步恶化。,0.7059,BASM-03425,AssemblyRecord,assembly
BFB-03426,BRG-03426,IR014,inner_race_fault,inner_race,medium,0.7096,诊断结果显示轴承出现中等内圈故障，根因更可能来自装配阶段实体 BASM-03426 的风险累积。,早期表现为局部接触应力升高，随后振动冲击增强，最终演化为中等内圈故障。,0.6199,BASM-03426,AssemblyRecord,assembly
BFB-03427,BRG-03427,B014,rolling_element_fault,rolling_element,medium,0.6972,结合振动、峭度和温升特征，滚动体故障与制造阶段异常高度一致，优先追溯到 BMAN-01100。,早期表现为局部接触应力升高，随后振动冲击增强，最终演化为中等滚动体故障。,0.6924,BMAN-01100,ManufacturingBatch,manufacturing
BFB-03428,BRG-03428,OR021,outer_race_fault,outer_race,severe,0.7601,诊断结果显示轴承出现严重外圈故障，根因更可能来自设计阶段实体 BDES-00330 的风险累积。,异常由微小缺陷逐步发展为周期性冲击，检测指标随严重度上升而同步恶化。,0.7449,BDES-00330,BearingDesignSpec,design
BFB-03429,BRG-03429,B014,rolling_element_fault,rolling_element,medium,0.707,该样本的生命周期风险在制造阶段较突出，能够解释当前中等滚动体故障的主要失效模式。,早期表现为局部接触应力升高，随后振动冲击增强，最终演化为中等滚动体故障。,0.6306,BMAN-00242,ManufacturingBatch,manufacturing
BFB-03430,BRG-03430,B014,rolling_element_fault,rolling_element,medium,0.7371,该样本的生命周期风险在材料阶段较突出，能够解释当前中等滚动体故障的主要失效模式。,异常由微小缺陷逐步发展为周期性冲击，检测指标随严重度上升而同步恶化。,0.7447,BMAT-00074,MaterialBatch,material
BFB-03431,BRG-03431,B014,rolling_element_fault,rolling_element,medium,0.7759,诊断结果显示轴承出现中等滚动体故障，根因更可能来自运维阶段实体 BOPR-03431 的风险累积。,异常由微小缺陷逐步发展为周期性冲击，检测指标随严重度上升而同步恶化。,0.7813,BOPR-03431,MaintenanceRecord,operation
BFB-03432,BRG-03432,IR007,inner_race_fault,inner_race,slight,0.7323,该样本的生命周期风险在制造阶段较突出，能够解释当前轻微内圈故障的主要失效模式。,风险首先在制造阶段形成隐患，运行中持续放大，并通过温度与振动指标表现出来。,0.5983,BMAN-00213,ManufacturingBatch,manufacturing
BFB-03433,BRG-03433,IR021,inner_race_fault,inner_race,severe,0.7037,结合振动、峭度和温升特征，内圈故障与检测阶段异常高度一致，优先追溯到 BINSP-03433。,风险首先在检测阶段形成隐患，运行中持续放大，并通过温度与振动指标表现出来。,0.7548,BINSP-03433,InspectionRecord,inspection
BFB-03434,BRG-03434,IR007,inner_race_fault,inner_race,slight,0.6627,结合振动、峭度和温升特征，内圈故障与制造阶段异常高度一致，优先追溯到 BMAN-00889。,早期表现为局部接触应力升高，随后振动冲击增强，最终演化为轻微内圈故障。,0.5941,BMAN-00889,ManufacturingBatch,manufacturing
BFB-03435,BRG-03435,IR014,inner_race_fault,inner_race,medium,0.707,结合振动、峭度和温升特征，内圈故障与装配阶段异常高度一致，优先追溯到 BASM-03435。,早期表现为局部接触应力升高，随后振动冲击增强，最终演化为中等内圈故障。,0.7085,BASM-03435,AssemblyRecord,assembly
BFB-03436,BRG-03436,IR007,inner_race_fault,inner_race,slight,0.6325,诊断结果显示轴承出现轻微内圈故障，根因更可能来自制造阶段实体 BMAN-00803 的风险累积。,异常由微小缺陷逐步发展为周期性冲击，检测指标随严重度上升而同步恶化。,0.6068,BMAN-00803,ManufacturingBatch,manufacturing
BFB-03437,BRG-03437,Normal,normal,none,normal,0.8753,该轴承样本生命周期风险较低，未形成明确故障追溯链。,运行状态平稳，检测指标未呈现持续恶化趋势。,0.8995,NORMAL_BASELINE,QualityFeedback,feedback
BFB-03438,BRG-03438,OR021,outer_race_fault,outer_race,severe,0.6973,结合振动、峭度和温升特征，外圈故障与材料阶段异常高度一致，优先追溯到 BMAT-00047。,异常由微小缺陷逐步发展为周期性冲击，检测指标随严重度上升而同步恶化。,0.6662,BMAT-00047,MaterialBatch,material
BFB-03439,BRG-03439,OR007,outer_race_fault,outer_race,slight,0.6966,诊断结果显示轴承出现轻微外圈故障，根因更可能来自检测阶段实体 BINSP-03439 的风险累积。,异常由微小缺陷逐步发展为周期性冲击，检测指标随严重度上升而同步恶化。,0.7538,BINSP-03439,InspectionRecord,inspection
BFB-03440,BRG-03440,Normal,normal,none,normal,0.8674,该轴承样本生命周期风险较低，未形成明确故障追溯链。,运行状态平稳，检测指标未呈现持续恶化趋势。,0.8213,NORMAL_BASELINE,QualityFeedback,feedback
BFB-03441,BRG-03441,OR014,outer_race_fault,outer_race,medium,0.7071,该样本的生命周期风险在设计阶段较突出，能够解释当前中等外圈故障的主要失效模式。,风险首先在设计阶段形成隐患，运行中持续放大，并通过温度与振动指标表现出来。,0.6087,BDES-00472,BearingDesignSpec,design
BFB-03442,BRG-03442,IR007,inner_race_fault,inner_race,slight,0.7011,诊断结果显示轴承出现轻微内圈故障，根因更可能来自制造阶段实体 BMAN-00787 的风险累积。,早期表现为局部接触应力升高，随后振动冲击增强，最终演化为轻微内圈故障。,0.616,BMAN-00787,ManufacturingBatch,manufacturing
BFB-03443,BRG-03443,IR014,inner_race_fault,inner_race,medium,0.7446,结合振动、峭度和温升特征，内圈故障与装配阶段异常高度一致，优先追溯到 BASM-03443。,早期表现为局部接触应力升高，随后振动冲击增强，最终演化为中等内圈故障。,0.6702,BASM-03443,AssemblyRecord,assembly
BFB-03444,BRG-03444,OR021,outer_race_fault,outer_race,severe,0.7768,结合振动、峭度和温升特征，外圈故障与装配阶段异常高度一致，优先追溯到 BASM-03444。,异常由微小缺陷逐步发展为周期性冲击，检测指标随严重度上升而同步恶化。,0.7072,BASM-03444,AssemblyRecord,assembly
BFB-03445,BRG-03445,Normal,normal,none,normal,0.9148,该轴承样本生命周期风险较低，未形成明确故障追溯链。,运行状态平稳，检测指标未呈现持续恶化趋势。,0.824,NORMAL_BASELINE,QualityFeedback,feedback
BFB-03446,BRG-03446,OR014,outer_race_fault,outer_race,medium,0.8137,结合振动、峭度和温升特征，外圈故障与制造阶段异常高度一致，优先追溯到 BMAN-00980。,早期表现为局部接触应力升高，随后振动冲击增强，最终演化为中等外圈故障。,0.7851,BMAN-00980,ManufacturingBatch,manufacturing
BFB-03447,BRG-03447,IR007,inner_race_fault,inner_race,slight,0.697,该样本的生命周期风险在制造阶段较突出，能够解释当前轻微内圈故障的主要失效模式。,风险首先在制造阶段形成隐患，运行中持续放大，并通过温度与振动指标表现出来。,0.5564,BMAN-00555,ManufacturingBatch,manufacturing
BFB-03448,BRG-03448,IR021,inner_race_fault,inner_race,severe,0.7352,诊断结果显示轴承出现严重内圈故障，根因更可能来自设计阶段实体 BDES-00690 的风险累积。,早期表现为局部接触应力升高，随后振动冲击增强，最终演化为严重内圈故障。,0.7082,BDES-00690,BearingDesignSpec,design
BFB-03449,BRG-03449,IR007,inner_race_fault,inner_race,slight,0.7028,诊断结果显示轴承出现轻微内圈故障，根因更可能来自设计阶段实体 BDES-00258 的风险累积。,风险首先在设计阶段形成隐患，运行中持续放大，并通过温度与振动指标表现出来。,0.6581,BDES-00258,BearingDesignSpec,design
BFB-03450,BRG-03450,B007,rolling_element_fault,rolling_element,slight,0.6574,该样本的生命周期风险在装配阶段较突出，能够解释当前轻微滚动体故障的主要失效模式。,异常由微小缺陷逐步发展为周期性冲击，检测指标随严重度上升而同步恶化。,0.5921,BASM-03450,AssemblyRecord,assembly
BFB-03451,BRG-03451,B007,rolling_element_fault,rolling_element,slight,0.6983,诊断结果显示轴承出现轻微滚动体故障，根因更可能来自材料阶段实体 BMAT-00370 的风险累积。,早期表现为局部接触应力升高，随后振动冲击增强，最终演化为轻微滚动体故障。,0.6926,BMAT-00370,MaterialBatch,material
BFB-03452,BRG-03452,IR014,inner_race_fault,inner_race,medium,0.7428,结合振动、峭度和温升特征，内圈故障与运维阶段异常高度一致，优先追溯到 BOPR-03452。,早期表现为局部接触应力升高，随后振动冲击增强，最终演化为中等内圈故障。,0.7921,BOPR-03452,MaintenanceRecord,operation
BFB-03453,BRG-03453,B021,rolling_element_fault,rolling_element,severe,0.7943,该样本的生命周期风险在材料阶段较突出，能够解释当前严重滚动体故障的主要失效模式。,风险首先在材料阶段形成隐患，运行中持续放大，并通过温度与振动指标表现出来。,0.6984,BMAT-00172,MaterialBatch,material
BFB-03454,BRG-03454,OR021,outer_race_fault,outer_race,severe,0.7777,结合振动、峭度和温升特征，外圈故障与检测阶段异常高度一致，优先追溯到 BINSP-03454。,早期表现为局部接触应力升高，随后振动冲击增强，最终演化为严重外圈故障。,0.7911,BINSP-03454,InspectionRecord,inspection
BFB-03455,BRG-03455,IR014,inner_race_fault,inner_race,medium,0.7382,结合振动、峭度和温升特征，内圈故障与运维阶段异常高度一致，优先追溯到 BOPR-03455。,异常由微小缺陷逐步发展为周期性冲击，检测指标随严重度上升而同步恶化。,0.6202,BOPR-03455,MaintenanceRecord,operation
BFB-03456,BRG-03456,IR014,inner_race_fault,inner_race,medium,0.7647,该样本的生命周期风险在制造阶段较突出，能够解释当前中等内圈故障的主要失效模式。,异常由微小缺陷逐步发展为周期性冲击，检测指标随严重度上升而同步恶化。,0.677,BMAN-00933,ManufacturingBatch,manufacturing
BFB-03457,BRG-03457,IR021,inner_race_fault,inner_race,severe,0.7165,诊断结果显示轴承出现严重内圈故障，根因更可能来自运维阶段实体 BOPR-03457 的风险累积。,风险首先在运维阶段形成隐患，运行中持续放大，并通过温度与振动指标表现出来。,0.6457,BOPR-03457,MaintenanceRecord,operation
BFB-03458,BRG-03458,OR014,outer_race_fault,outer_race,medium,0.6842,诊断结果显示轴承出现中等外圈故障，根因更可能来自材料阶段实体 BMAT-00176 的风险累积。,风险首先在材料阶段形成隐患，运行中持续放大，并通过温度与振动指标表现出来。,0.6131,BMAT-00176,MaterialBatch,material
BFB-03459,BRG-03459,B021,rolling_element_fault,rolling_element,severe,0.7425,该样本的生命周期风险在设计阶段较突出，能够解释当前严重滚动体故障的主要失效模式。,风险首先在设计阶段形成隐患，运行中持续放大，并通过温度与振动指标表现出来。,0.7014,BDES-00001,BearingDesignSpec,design
BFB-03460,BRG-03460,B007,rolling_element_fault,rolling_element,slight,0.6185,该样本的生命周期风险在材料阶段较突出，能够解释当前轻微滚动体故障的主要失效模式。,早期表现为局部接触应力升高，随后振动冲击增强，最终演化为轻微滚动体故障。,0.732,BMAT-00251,MaterialBatch,material
BFB-03461,BRG-03461,IR014,inner_race_fault,inner_race,medium,0.7558,该样本的生命周期风险在装配阶段较突出，能够解释当前中等内圈故障的主要失效模式。,风险首先在装配阶段形成隐患，运行中持续放大，并通过温度与振动指标表现出来。,0.7121,BASM-03461,AssemblyRecord,assembly
BFB-03462,BRG-03462,OR021,outer_race_fault,outer_race,severe,0.7503,诊断结果显示轴承出现严重外圈故障，根因更可能来自制造阶段实体 BMAN-00158 的风险累积。,早期表现为局部接触应力升高，随后振动冲击增强，最终演化为严重外圈故障。,0.7491,BMAN-00158,ManufacturingBatch,manufacturing
BFB-03463,BRG-03463,B021,rolling_element_fault,rolling_element,severe,0.7236,诊断结果显示轴承出现严重滚动体故障，根因更可能来自材料阶段实体 BMAT-00135 的风险累积。,风险首先在材料阶段形成隐患，运行中持续放大，并通过温度与振动指标表现出来。,0.7276,BMAT-00135,MaterialBatch,material
BFB-03464,BRG-03464,IR014,inner_race_fault,inner_race,medium,0.649,诊断结果显示轴承出现中等内圈故障，根因更可能来自装配阶段实体 BASM-03464 的风险累积。,风险首先在装配阶段形成隐患，运行中持续放大，并通过温度与振动指标表现出来。,0.7268,BASM-03464,AssemblyRecord,assembly
BFB-03465,BRG-03465,Normal,normal,none,normal,0.9343,该轴承样本生命周期风险较低，未形成明确故障追溯链。,运行状态平稳，检测指标未呈现持续恶化趋势。,0.8571,NORMAL_BASELINE,QualityFeedback,feedback
BFB-03466,BRG-03466,IR021,inner_race_fault,inner_race,severe,0.7232,诊断结果显示轴承出现严重内圈故障，根因更可能来自设计阶段实体 BDES-00471 的风险累积。,早期表现为局部接触应力升高，随后振动冲击增强，最终演化为严重内圈故障。,0.6754,BDES-00471,BearingDesignSpec,design
BFB-03467,BRG-03467,OR014,outer_race_fault,outer_race,medium,0.7261,该样本的生命周期风险在装配阶段较突出，能够解释当前中等外圈故障的主要失效模式。,风险首先在装配阶段形成隐患，运行中持续放大，并通过温度与振动指标表现出来。,0.6456,BASM-03467,AssemblyRecord,assembly
BFB-03468,BRG-03468,IR014,inner_race_fault,inner_race,medium,0.7056,该样本的生命周期风险在制造阶段较突出，能够解释当前中等内圈故障的主要失效模式。,风险首先在制造阶段形成隐患，运行中持续放大，并通过温度与振动指标表现出来。,0.6307,BMAN-00024,ManufacturingBatch,manufacturing
BFB-03469,BRG-03469,OR007,outer_race_fault,outer_race,slight,0.7459,该样本的生命周期风险在制造阶段较突出，能够解释当前轻微外圈故障的主要失效模式。,风险首先在制造阶段形成隐患，运行中持续放大，并通过温度与振动指标表现出来。,0.5903,BMAN-00306,ManufacturingBatch,manufacturing
BFB-03470,BRG-03470,IR014,inner_race_fault,inner_race,medium,0.7067,结合振动、峭度和温升特征，内圈故障与设计阶段异常高度一致，优先追溯到 BDES-00293。,风险首先在设计阶段形成隐患，运行中持续放大，并通过温度与振动指标表现出来。,0.6433,BDES-00293,BearingDesignSpec,design
BFB-03471,BRG-03471,OR007,outer_race_fault,outer_race,slight,0.6856,结合振动、峭度和温升特征，外圈故障与运维阶段异常高度一致，优先追溯到 BOPR-03471。,早期表现为局部接触应力升高，随后振动冲击增强，最终演化为轻微外圈故障。,0.7149,BOPR-03471,MaintenanceRecord,operation
BFB-03472,BRG-03472,OR021,outer_race_fault,outer_race,severe,0.7208,结合振动、峭度和温升特征，外圈故障与装配阶段异常高度一致，优先追溯到 BASM-03472。,风险首先在装配阶段形成隐患，运行中持续放大，并通过温度与振动指标表现出来。,0.6776,BASM-03472,AssemblyRecord,assembly
BFB-03473,BRG-03473,OR014,outer_race_fault,outer_race,medium,0.7216,该样本的生命周期风险在材料阶段较突出，能够解释当前中等外圈故障的主要失效模式。,风险首先在材料阶段形成隐患，运行中持续放大，并通过温度与振动指标表现出来。,0.6909,BMAT-00447,MaterialBatch,material
BFB-03474,BRG-03474,OR014,outer_race_fault,outer_race,medium,0.7018,结合振动、峭度和温升特征，外圈故障与制造阶段异常高度一致，优先追溯到 BMAN-01083。,风险首先在制造阶段形成隐患，运行中持续放大，并通过温度与振动指标表现出来。,0.7135,BMAN-01083,ManufacturingBatch,manufacturing
BFB-03475,BRG-03475,IR007,inner_race_fault,inner_race,slight,0.7823,结合振动、峭度和温升特征，内圈故障与检测阶段异常高度一致，优先追溯到 BINSP-03475。,异常由微小缺陷逐步发展为周期性冲击，检测指标随严重度上升而同步恶化。,0.6755,BINSP-03475,InspectionRecord,inspection
BFB-03476,BRG-03476,B014,rolling_element_fault,rolling_element,medium,0.781,结合振动、峭度和温升特征，滚动体故障与装配阶段异常高度一致，优先追溯到 BASM-03476。,风险首先在装配阶段形成隐患，运行中持续放大，并通过温度与振动指标表现出来。,0.666,BASM-03476,AssemblyRecord,assembly
BFB-03477,BRG-03477,OR014,outer_race_fault,outer_race,medium,0.695,该样本的生命周期风险在检测阶段较突出，能够解释当前中等外圈故障的主要失效模式。,异常由微小缺陷逐步发展为周期性冲击，检测指标随严重度上升而同步恶化。,0.7517,BINSP-03477,InspectionRecord,inspection
BFB-03478,BRG-03478,B021,rolling_element_fault,rolling_element,severe,0.7241,诊断结果显示轴承出现严重滚动体故障，根因更可能来自装配阶段实体 BASM-03478 的风险累积。,风险首先在装配阶段形成隐患，运行中持续放大，并通过温度与振动指标表现出来。,0.7005,BASM-03478,AssemblyRecord,assembly
BFB-03479,BRG-03479,Normal,normal,none,normal,0.9535,该轴承样本生命周期风险较低，未形成明确故障追溯链。,运行状态平稳，检测指标未呈现持续恶化趋势。,0.8514,NORMAL_BASELINE,QualityFeedback,feedback
BFB-03480,BRG-03480,Normal,normal,none,normal,0.9344,该轴承样本生命周期风险较低，未形成明确故障追溯链。,运行状态平稳，检测指标未呈现持续恶化趋势。,0.8463,NORMAL_BASELINE,QualityFeedback,feedback
BFB-03481,BRG-03481,B014,rolling_element_fault,rolling_element,medium,0.6852,结合振动、峭度和温升特征，滚动体故障与设计阶段异常高度一致，优先追溯到 BDES-00011。,风险首先在设计阶段形成隐患，运行中持续放大，并通过温度与振动指标表现出来。,0.7563,BDES-00011,BearingDesignSpec,design
BFB-03482,BRG-03482,B014,rolling_element_fault,rolling_element,medium,0.7377,结合振动、峭度和温升特征，滚动体故障与运维阶段异常高度一致，优先追溯到 BOPR-03482。,早期表现为局部接触应力升高，随后振动冲击增强，最终演化为中等滚动体故障。,0.6639,BOPR-03482,MaintenanceRecord,operation
BFB-03483,BRG-03483,B014,rolling_element_fault,rolling_element,medium,0.6931,诊断结果显示轴承出现中等滚动体故障，根因更可能来自制造阶段实体 BMAN-01089 的风险累积。,异常由微小缺陷逐步发展为周期性冲击，检测指标随严重度上升而同步恶化。,0.6912,BMAN-01089,ManufacturingBatch,manufacturing
BFB-03484,BRG-03484,IR007,inner_race_fault,inner_race,slight,0.6721,该样本的生命周期风险在制造阶段较突出，能够解释当前轻微内圈故障的主要失效模式。,早期表现为局部接触应力升高，随后振动冲击增强，最终演化为轻微内圈故障。,0.6737,BMAN-00212,ManufacturingBatch,manufacturing
BFB-03485,BRG-03485,B021,rolling_element_fault,rolling_element,severe,0.7496,结合振动、峭度和温升特征，滚动体故障与材料阶段异常高度一致，优先追溯到 BMAT-00268。,风险首先在材料阶段形成隐患，运行中持续放大，并通过温度与振动指标表现出来。,0.8737,BMAT-00268,MaterialBatch,material
BFB-03486,BRG-03486,IR021,inner_race_fault,inner_race,severe,0.7797,诊断结果显示轴承出现严重内圈故障，根因更可能来自装配阶段实体 BASM-03486 的风险累积。,异常由微小缺陷逐步发展为周期性冲击，检测指标随严重度上升而同步恶化。,0.6949,BASM-03486,AssemblyRecord,assembly
BFB-03487,BRG-03487,IR021,inner_race_fault,inner_race,severe,0.7194,该样本的生命周期风险在检测阶段较突出，能够解释当前严重内圈故障的主要失效模式。,风险首先在检测阶段形成隐患，运行中持续放大，并通过温度与振动指标表现出来。,0.7937,BINSP-03487,InspectionRecord,inspection
BFB-03488,BRG-03488,IR021,inner_race_fault,inner_race,severe,0.7351,结合振动、峭度和温升特征，内圈故障与制造阶段异常高度一致，优先追溯到 BMAN-00751。,风险首先在制造阶段形成隐患，运行中持续放大，并通过温度与振动指标表现出来。,0.6239,BMAN-00751,ManufacturingBatch,manufacturing
BFB-03489,BRG-03489,IR014,inner_race_fault,inner_race,medium,0.6954,诊断结果显示轴承出现中等内圈故障，根因更可能来自制造阶段实体 BMAN-00193 的风险累积。,早期表现为局部接触应力升高，随后振动冲击增强，最终演化为中等内圈故障。,0.6166,BMAN-00193,ManufacturingBatch,manufacturing
BFB-03490,BRG-03490,IR014,inner_race_fault,inner_race,medium,0.7633,诊断结果显示轴承出现中等内圈故障，根因更可能来自制造阶段实体 BMAN-00098 的风险累积。,早期表现为局部接触应力升高，随后振动冲击增强，最终演化为中等内圈故障。,0.7038,BMAN-00098,ManufacturingBatch,manufacturing
BFB-03491,BRG-03491,OR014,outer_race_fault,outer_race,medium,0.6785,结合振动、峭度和温升特征，外圈故障与制造阶段异常高度一致，优先追溯到 BMAN-00626。,异常由微小缺陷逐步发展为周期性冲击，检测指标随严重度上升而同步恶化。,0.6895,BMAN-00626,ManufacturingBatch,manufacturing
BFB-03492,BRG-03492,B007,rolling_element_fault,rolling_element,slight,0.6341,该样本的生命周期风险在材料阶段较突出，能够解释当前轻微滚动体故障的主要失效模式。,异常由微小缺陷逐步发展为周期性冲击，检测指标随严重度上升而同步恶化。,0.6699,BMAT-00445,MaterialBatch,material
BFB-03493,BRG-03493,OR014,outer_race_fault,outer_race,medium,0.626,诊断结果显示轴承出现中等外圈故障，根因更可能来自装配阶段实体 BASM-03493 的风险累积。,早期表现为局部接触应力升高，随后振动冲击增强，最终演化为中等外圈故障。,0.7436,BASM-03493,AssemblyRecord,assembly
BFB-03494,BRG-03494,B014,rolling_element_fault,rolling_element,medium,0.7067,结合振动、峭度和温升特征，滚动体故障与制造阶段异常高度一致，优先追溯到 BMAN-00282。,风险首先在制造阶段形成隐患，运行中持续放大，并通过温度与振动指标表现出来。,0.6057,BMAN-00282,ManufacturingBatch,manufacturing
BFB-03495,BRG-03495,IR014,inner_race_fault,inner_race,medium,0.7109,该样本的生命周期风险在设计阶段较突出，能够解释当前中等内圈故障的主要失效模式。,风险首先在设计阶段形成隐患，运行中持续放大，并通过温度与振动指标表现出来。,0.5853,BDES-00682,BearingDesignSpec,design
BFB-03496,BRG-03496,OR014,outer_race_fault,outer_race,medium,0.7135,结合振动、峭度和温升特征，外圈故障与制造阶段异常高度一致，优先追溯到 BMAN-00301。,异常由微小缺陷逐步发展为周期性冲击，检测指标随严重度上升而同步恶化。,0.6789,BMAN-00301,ManufacturingBatch,manufacturing
BFB-03497,BRG-03497,Normal,normal,none,normal,0.8646,该轴承样本生命周期风险较低，未形成明确故障追溯链。,运行状态平稳，检测指标未呈现持续恶化趋势。,0.7949,NORMAL_BASELINE,QualityFeedback,feedback
BFB-03498,BRG-03498,B007,rolling_element_fault,rolling_element,slight,0.6166,结合振动、峭度和温升特征，滚动体故障与制造阶段异常高度一致，优先追溯到 BMAN-01200。,异常由微小缺陷逐步发展为周期性冲击，检测指标随严重度上升而同步恶化。,0.6118,BMAN-01200,ManufacturingBatch,manufacturing
BFB-03499,BRG-03499,Normal,normal,none,normal,0.8643,该轴承样本生命周期风险较低，未形成明确故障追溯链。,运行状态平稳，检测指标未呈现持续恶化趋势。,0.8672,NORMAL_BASELINE,QualityFeedback,feedback
BFB-03500,BRG-03500,OR007,outer_race_fault,outer_race,slight,0.6436,结合振动、峭度和温升特征，外圈故障与设计阶段异常高度一致，优先追溯到 BDES-00307。,早期表现为局部接触应力升高，随后振动冲击增强，最终演化为轻微外圈故障。,0.7191,BDES-00307,BearingDesignSpec,design
BFB-03501,BRG-03501,IR021,inner_race_fault,inner_race,severe,0.7631,诊断结果显示轴承出现严重内圈故障，根因更可能来自制造阶段实体 BMAN-00506 的风险累积。,异常由微小缺陷逐步发展为周期性冲击，检测指标随严重度上升而同步恶化。,0.6849,BMAN-00506,ManufacturingBatch,manufacturing
BFB-03502,BRG-03502,IR014,inner_race_fault,inner_race,medium,0.6771,该样本的生命周期风险在装配阶段较突出，能够解释当前中等内圈故障的主要失效模式。,风险首先在装配阶段形成隐患，运行中持续放大，并通过温度与振动指标表现出来。,0.6943,BASM-03502,AssemblyRecord,assembly
BFB-03503,BRG-03503,Normal,normal,none,normal,0.9016,该轴承样本生命周期风险较低，未形成明确故障追溯链。,运行状态平稳，检测指标未呈现持续恶化趋势。,0.8372,NORMAL_BASELINE,QualityFeedback,feedback
BFB-03504,BRG-03504,IR021,inner_race_fault,inner_race,severe,0.8122,结合振动、峭度和温升特征，内圈故障与制造阶段异常高度一致，优先追溯到 BMAN-00305。,早期表现为局部接触应力升高，随后振动冲击增强，最终演化为严重内圈故障。,0.6639,BMAN-00305,ManufacturingBatch,manufacturing
BFB-03505,BRG-03505,OR021,outer_race_fault,outer_race,severe,0.6392,结合振动、峭度和温升特征，外圈故障与材料阶段异常高度一致，优先追溯到 BMAT-00341。,早期表现为局部接触应力升高，随后振动冲击增强，最终演化为严重外圈故障。,0.7899,BMAT-00341,MaterialBatch,material
BFB-03506,BRG-03506,IR021,inner_race_fault,inner_race,severe,0.8054,诊断结果显示轴承出现严重内圈故障，根因更可能来自制造阶段实体 BMAN-01147 的风险累积。,异常由微小缺陷逐步发展为周期性冲击，检测指标随严重度上升而同步恶化。,0.737,BMAN-01147,ManufacturingBatch,manufacturing
BFB-03507,BRG-03507,B014,rolling_element_fault,rolling_element,medium,0.7064,该样本的生命周期风险在检测阶段较突出，能够解释当前中等滚动体故障的主要失效模式。,早期表现为局部接触应力升高，随后振动冲击增强，最终演化为中等滚动体故障。,0.7275,BINSP-03507,InspectionRecord,inspection
BFB-03508,BRG-03508,OR021,outer_race_fault,outer_race,severe,0.7053,结合振动、峭度和温升特征，外圈故障与制造阶段异常高度一致，优先追溯到 BMAN-00024。,异常由微小缺陷逐步发展为周期性冲击，检测指标随严重度上升而同步恶化。,0.7301,BMAN-00024,ManufacturingBatch,manufacturing
BFB-03509,BRG-03509,IR007,inner_race_fault,inner_race,slight,0.6779,结合振动、峭度和温升特征，内圈故障与装配阶段异常高度一致，优先追溯到 BASM-03509。,风险首先在装配阶段形成隐患，运行中持续放大，并通过温度与振动指标表现出来。,0.6519,BASM-03509,AssemblyRecord,assembly
BFB-03510,BRG-03510,OR007,outer_race_fault,outer_race,slight,0.7379,该样本的生命周期风险在检测阶段较突出，能够解释当前轻微外圈故障的主要失效模式。,早期表现为局部接触应力升高，随后振动冲击增强，最终演化为轻微外圈故障。,0.6376,BINSP-03510,InspectionRecord,inspection
BFB-03511,BRG-03511,B014,rolling_element_fault,rolling_element,medium,0.5994,结合振动、峭度和温升特征，滚动体故障与制造阶段异常高度一致，优先追溯到 BMAN-00719。,异常由微小缺陷逐步发展为周期性冲击，检测指标随严重度上升而同步恶化。,0.7287,BMAN-00719,ManufacturingBatch,manufacturing
BFB-03512,BRG-03512,OR021,outer_race_fault,outer_race,severe,0.7346,结合振动、峭度和温升特征，外圈故障与材料阶段异常高度一致，优先追溯到 BMAT-00125。,异常由微小缺陷逐步发展为周期性冲击，检测指标随严重度上升而同步恶化。,0.7305,BMAT-00125,MaterialBatch,material
BFB-03513,BRG-03513,Normal,normal,none,normal,0.957,该轴承样本生命周期风险较低，未形成明确故障追溯链。,运行状态平稳，检测指标未呈现持续恶化趋势。,0.7854,NORMAL_BASELINE,QualityFeedback,feedback
BFB-03514,BRG-03514,Normal,normal,none,normal,0.9126,该轴承样本生命周期风险较低，未形成明确故障追溯链。,运行状态平稳，检测指标未呈现持续恶化趋势。,0.8334,NORMAL_BASELINE,QualityFeedback,feedback
BFB-03515,BRG-03515,Normal,normal,none,normal,0.9462,该轴承样本生命周期风险较低，未形成明确故障追溯链。,运行状态平稳，检测指标未呈现持续恶化趋势。,0.8121,NORMAL_BASELINE,QualityFeedback,feedback
BFB-03516,BRG-03516,OR014,outer_race_fault,outer_race,medium,0.6482,该样本的生命周期风险在装配阶段较突出，能够解释当前中等外圈故障的主要失效模式。,早期表现为局部接触应力升高，随后振动冲击增强，最终演化为中等外圈故障。,0.6325,BASM-03516,AssemblyRecord,assembly
BFB-03517,BRG-03517,Normal,normal,none,normal,0.9002,该轴承样本生命周期风险较低，未形成明确故障追溯链。,运行状态平稳，检测指标未呈现持续恶化趋势。,0.89,NORMAL_BASELINE,QualityFeedback,feedback
BFB-03518,BRG-03518,B021,rolling_element_fault,rolling_element,severe,0.7356,该样本的生命周期风险在制造阶段较突出，能够解释当前严重滚动体故障的主要失效模式。,风险首先在制造阶段形成隐患，运行中持续放大，并通过温度与振动指标表现出来。,0.6643,BMAN-00017,ManufacturingBatch,manufacturing
BFB-03519,BRG-03519,B007,rolling_element_fault,rolling_element,slight,0.6782,结合振动、峭度和温升特征，滚动体故障与装配阶段异常高度一致，优先追溯到 BASM-03519。,早期表现为局部接触应力升高，随后振动冲击增强，最终演化为轻微滚动体故障。,0.6477,BASM-03519,AssemblyRecord,assembly
BFB-03520,BRG-03520,OR014,outer_race_fault,outer_race,medium,0.7227,诊断结果显示轴承出现中等外圈故障，根因更可能来自制造阶段实体 BMAN-00541 的风险累积。,风险首先在制造阶段形成隐患，运行中持续放大，并通过温度与振动指标表现出来。,0.6797,BMAN-00541,ManufacturingBatch,manufacturing
BFB-03521,BRG-03521,IR007,inner_race_fault,inner_race,slight,0.7083,结合振动、峭度和温升特征，内圈故障与制造阶段异常高度一致，优先追溯到 BMAN-00492。,异常由微小缺陷逐步发展为周期性冲击，检测指标随严重度上升而同步恶化。,0.6222,BMAN-00492,ManufacturingBatch,manufacturing
BFB-03522,BRG-03522,OR014,outer_race_fault,outer_race,medium,0.705,诊断结果显示轴承出现中等外圈故障，根因更可能来自装配阶段实体 BASM-03522 的风险累积。,风险首先在装配阶段形成隐患，运行中持续放大，并通过温度与振动指标表现出来。,0.6351,BASM-03522,AssemblyRecord,assembly
BFB-03523,BRG-03523,IR007,inner_race_fault,inner_race,slight,0.6642,该样本的生命周期风险在装配阶段较突出，能够解释当前轻微内圈故障的主要失效模式。,早期表现为局部接触应力升高，随后振动冲击增强，最终演化为轻微内圈故障。,0.6616,BASM-03523,AssemblyRecord,assembly
BFB-03524,BRG-03524,Normal,normal,none,normal,0.8835,该轴承样本生命周期风险较低，未形成明确故障追溯链。,运行状态平稳，检测指标未呈现持续恶化趋势。,0.8537,NORMAL_BASELINE,QualityFeedback,feedback
BFB-03525,BRG-03525,B014,rolling_element_fault,rolling_element,medium,0.7133,该样本的生命周期风险在材料阶段较突出，能够解释当前中等滚动体故障的主要失效模式。,风险首先在材料阶段形成隐患，运行中持续放大，并通过温度与振动指标表现出来。,0.6515,BMAT-00205,MaterialBatch,material
BFB-03526,BRG-03526,OR021,outer_race_fault,outer_race,severe,0.7868,该样本的生命周期风险在材料阶段较突出，能够解释当前严重外圈故障的主要失效模式。,异常由微小缺陷逐步发展为周期性冲击，检测指标随严重度上升而同步恶化。,0.6691,BMAT-00352,MaterialBatch,material
BFB-03527,BRG-03527,IR021,inner_race_fault,inner_race,severe,0.7194,诊断结果显示轴承出现严重内圈故障，根因更可能来自运维阶段实体 BOPR-03527 的风险累积。,风险首先在运维阶段形成隐患，运行中持续放大，并通过温度与振动指标表现出来。,0.6637,BOPR-03527,MaintenanceRecord,operation
BFB-03528,BRG-03528,OR014,outer_race_fault,outer_race,medium,0.7278,该样本的生命周期风险在运维阶段较突出，能够解释当前中等外圈故障的主要失效模式。,早期表现为局部接触应力升高，随后振动冲击增强，最终演化为中等外圈故障。,0.6737,BOPR-03528,MaintenanceRecord,operation
BFB-03529,BRG-03529,B014,rolling_element_fault,rolling_element,medium,0.7214,该样本的生命周期风险在制造阶段较突出，能够解释当前中等滚动体故障的主要失效模式。,风险首先在制造阶段形成隐患，运行中持续放大，并通过温度与振动指标表现出来。,0.7816,BMAN-00526,ManufacturingBatch,manufacturing
BFB-03530,BRG-03530,B007,rolling_element_fault,rolling_element,slight,0.7419,结合振动、峭度和温升特征，滚动体故障与制造阶段异常高度一致，优先追溯到 BMAN-00391。,早期表现为局部接触应力升高，随后振动冲击增强，最终演化为轻微滚动体故障。,0.7429,BMAN-00391,ManufacturingBatch,manufacturing
BFB-03531,BRG-03531,OR021,outer_race_fault,outer_race,severe,0.7223,诊断结果显示轴承出现严重外圈故障，根因更可能来自装配阶段实体 BASM-03531 的风险累积。,早期表现为局部接触应力升高，随后振动冲击增强，最终演化为严重外圈故障。,0.6982,BASM-03531,AssemblyRecord,assembly
BFB-03532,BRG-03532,IR021,inner_race_fault,inner_race,severe,0.7754,该样本的生命周期风险在装配阶段较突出，能够解释当前严重内圈故障的主要失效模式。,异常由微小缺陷逐步发展为周期性冲击，检测指标随严重度上升而同步恶化。,0.7125,BASM-03532,AssemblyRecord,assembly
BFB-03533,BRG-03533,IR007,inner_race_fault,inner_race,slight,0.645,结合振动、峭度和温升特征，内圈故障与装配阶段异常高度一致，优先追溯到 BASM-03533。,早期表现为局部接触应力升高，随后振动冲击增强，最终演化为轻微内圈故障。,0.6006,BASM-03533,AssemblyRecord,assembly
BFB-03534,BRG-03534,IR021,inner_race_fault,inner_race,severe,0.7464,结合振动、峭度和温升特征，内圈故障与制造阶段异常高度一致，优先追溯到 BMAN-00742。,早期表现为局部接触应力升高，随后振动冲击增强，最终演化为严重内圈故障。,0.6741,BMAN-00742,ManufacturingBatch,manufacturing
BFB-03535,BRG-03535,OR014,outer_race_fault,outer_race,medium,0.7109,诊断结果显示轴承出现中等外圈故障，根因更可能来自制造阶段实体 BMAN-00910 的风险累积。,异常由微小缺陷逐步发展为周期性冲击，检测指标随严重度上升而同步恶化。,0.6489,BMAN-00910,ManufacturingBatch,manufacturing
BFB-03536,BRG-03536,IR014,inner_race_fault,inner_race,medium,0.6919,诊断结果显示轴承出现中等内圈故障，根因更可能来自材料阶段实体 BMAT-00371 的风险累积。,风险首先在材料阶段形成隐患，运行中持续放大，并通过温度与振动指标表现出来。,0.74,BMAT-00371,MaterialBatch,material
BFB-03537,BRG-03537,B014,rolling_element_fault,rolling_element,medium,0.7082,该样本的生命周期风险在制造阶段较突出，能够解释当前中等滚动体故障的主要失效模式。,风险首先在制造阶段形成隐患，运行中持续放大，并通过温度与振动指标表现出来。,0.6443,BMAN-00485,ManufacturingBatch,manufacturing
BFB-03538,BRG-03538,B014,rolling_element_fault,rolling_element,medium,0.6752,结合振动、峭度和温升特征，滚动体故障与制造阶段异常高度一致，优先追溯到 BMAN-01010。,早期表现为局部接触应力升高，随后振动冲击增强，最终演化为中等滚动体故障。,0.4959,BMAN-01010,ManufacturingBatch,manufacturing
BFB-03539,BRG-03539,B007,rolling_element_fault,rolling_element,slight,0.6406,诊断结果显示轴承出现轻微滚动体故障，根因更可能来自装配阶段实体 BASM-03539 的风险累积。,早期表现为局部接触应力升高，随后振动冲击增强，最终演化为轻微滚动体故障。,0.6366,BASM-03539,AssemblyRecord,assembly
BFB-03540,BRG-03540,Normal,normal,none,normal,0.9208,该轴承样本生命周期风险较低，未形成明确故障追溯链。,运行状态平稳，检测指标未呈现持续恶化趋势。,0.8358,NORMAL_BASELINE,QualityFeedback,feedback
BFB-03541,BRG-03541,OR014,outer_race_fault,outer_race,medium,0.724,结合振动、峭度和温升特征，外圈故障与检测阶段异常高度一致，优先追溯到 BINSP-03541。,风险首先在检测阶段形成隐患，运行中持续放大，并通过温度与振动指标表现出来。,0.7546,BINSP-03541,InspectionRecord,inspection
BFB-03542,BRG-03542,Normal,normal,none,normal,0.9202,该轴承样本生命周期风险较低，未形成明确故障追溯链。,运行状态平稳，检测指标未呈现持续恶化趋势。,0.8061,NORMAL_BASELINE,QualityFeedback,feedback
BFB-03543,BRG-03543,B007,rolling_element_fault,rolling_element,slight,0.5695,诊断结果显示轴承出现轻微滚动体故障，根因更可能来自制造阶段实体 BMAN-00145 的风险累积。,风险首先在制造阶段形成隐患，运行中持续放大，并通过温度与振动指标表现出来。,0.7001,BMAN-00145,ManufacturingBatch,manufacturing
BFB-03544,BRG-03544,IR021,inner_race_fault,inner_race,severe,0.7533,结合振动、峭度和温升特征，内圈故障与检测阶段异常高度一致，优先追溯到 BINSP-03544。,风险首先在检测阶段形成隐患，运行中持续放大，并通过温度与振动指标表现出来。,0.7014,BINSP-03544,InspectionRecord,inspection
BFB-03545,BRG-03545,B014,rolling_element_fault,rolling_element,medium,0.6367,诊断结果显示轴承出现中等滚动体故障，根因更可能来自设计阶段实体 BDES-00285 的风险累积。,早期表现为局部接触应力升高，随后振动冲击增强，最终演化为中等滚动体故障。,0.6575,BDES-00285,BearingDesignSpec,design
BFB-03546,BRG-03546,IR007,inner_race_fault,inner_race,slight,0.6908,结合振动、峭度和温升特征，内圈故障与制造阶段异常高度一致，优先追溯到 BMAN-01118。,风险首先在制造阶段形成隐患，运行中持续放大，并通过温度与振动指标表现出来。,0.7438,BMAN-01118,ManufacturingBatch,manufacturing
BFB-03547,BRG-03547,Normal,normal,none,normal,0.8743,该轴承样本生命周期风险较低，未形成明确故障追溯链。,运行状态平稳，检测指标未呈现持续恶化趋势。,0.8299,NORMAL_BASELINE,QualityFeedback,feedback
BFB-03548,BRG-03548,Normal,normal,none,normal,0.9424,该轴承样本生命周期风险较低，未形成明确故障追溯链。,运行状态平稳，检测指标未呈现持续恶化趋势。,0.7969,NORMAL_BASELINE,QualityFeedback,feedback
BFB-03549,BRG-03549,B021,rolling_element_fault,rolling_element,severe,0.6591,结合振动、峭度和温升特征，滚动体故障与材料阶段异常高度一致，优先追溯到 BMAT-00277。,早期表现为局部接触应力升高，随后振动冲击增强，最终演化为严重滚动体故障。,0.8122,BMAT-00277,MaterialBatch,material
BFB-03550,BRG-03550,B007,rolling_element_fault,rolling_element,slight,0.7483,结合振动、峭度和温升特征，滚动体故障与装配阶段异常高度一致，优先追溯到 BASM-03550。,早期表现为局部接触应力升高，随后振动冲击增强，最终演化为轻微滚动体故障。,0.5648,BASM-03550,AssemblyRecord,assembly
BFB-03551,BRG-03551,IR007,inner_race_fault,inner_race,slight,0.7002,该样本的生命周期风险在装配阶段较突出，能够解释当前轻微内圈故障的主要失效模式。,风险首先在装配阶段形成隐患，运行中持续放大，并通过温度与振动指标表现出来。,0.6702,BASM-03551,AssemblyRecord,assembly
BFB-03552,BRG-03552,Normal,normal,none,normal,0.8737,该轴承样本生命周期风险较低，未形成明确故障追溯链。,运行状态平稳，检测指标未呈现持续恶化趋势。,0.859,NORMAL_BASELINE,QualityFeedback,feedback
BFB-03553,BRG-03553,OR014,outer_race_fault,outer_race,medium,0.7056,结合振动、峭度和温升特征，外圈故障与制造阶段异常高度一致，优先追溯到 BMAN-00888。,异常由微小缺陷逐步发展为周期性冲击，检测指标随严重度上升而同步恶化。,0.5979,BMAN-00888,ManufacturingBatch,manufacturing
BFB-03554,BRG-03554,OR007,outer_race_fault,outer_race,slight,0.7275,结合振动、峭度和温升特征，外圈故障与装配阶段异常高度一致，优先追溯到 BASM-03554。,早期表现为局部接触应力升高，随后振动冲击增强，最终演化为轻微外圈故障。,0.7251,BASM-03554,AssemblyRecord,assembly
BFB-03555,BRG-03555,IR014,inner_race_fault,inner_race,medium,0.7096,该样本的生命周期风险在设计阶段较突出，能够解释当前中等内圈故障的主要失效模式。,异常由微小缺陷逐步发展为周期性冲击，检测指标随严重度上升而同步恶化。,0.6851,BDES-00555,BearingDesignSpec,design
BFB-03556,BRG-03556,Normal,normal,none,normal,0.91,该轴承样本生命周期风险较低，未形成明确故障追溯链。,运行状态平稳，检测指标未呈现持续恶化趋势。,0.7931,NORMAL_BASELINE,QualityFeedback,feedback
BFB-03557,BRG-03557,B014,rolling_element_fault,rolling_element,medium,0.6987,诊断结果显示轴承出现中等滚动体故障，根因更可能来自运维阶段实体 BOPR-03557 的风险累积。,风险首先在运维阶段形成隐患，运行中持续放大，并通过温度与振动指标表现出来。,0.6459,BOPR-03557,MaintenanceRecord,operation
BFB-03558,BRG-03558,IR014,inner_race_fault,inner_race,medium,0.7007,诊断结果显示轴承出现中等内圈故障，根因更可能来自设计阶段实体 BDES-00768 的风险累积。,风险首先在设计阶段形成隐患，运行中持续放大，并通过温度与振动指标表现出来。,0.6741,BDES-00768,BearingDesignSpec,design
BFB-03559,BRG-03559,OR007,outer_race_fault,outer_race,slight,0.6669,诊断结果显示轴承出现轻微外圈故障，根因更可能来自材料阶段实体 BMAT-00311 的风险累积。,早期表现为局部接触应力升高，随后振动冲击增强，最终演化为轻微外圈故障。,0.6652,BMAT-00311,MaterialBatch,material
BFB-03560,BRG-03560,OR014,outer_race_fault,outer_race,medium,0.7375,诊断结果显示轴承出现中等外圈故障，根因更可能来自装配阶段实体 BASM-03560 的风险累积。,早期表现为局部接触应力升高，随后振动冲击增强，最终演化为中等外圈故障。,0.6253,BASM-03560,AssemblyRecord,assembly
BFB-03561,BRG-03561,IR007,inner_race_fault,inner_race,slight,0.6601,诊断结果显示轴承出现轻微内圈故障，根因更可能来自装配阶段实体 BASM-03561 的风险累积。,风险首先在装配阶段形成隐患，运行中持续放大，并通过温度与振动指标表现出来。,0.5737,BASM-03561,AssemblyRecord,assembly
BFB-03562,BRG-03562,IR014,inner_race_fault,inner_race,medium,0.6724,诊断结果显示轴承出现中等内圈故障，根因更可能来自制造阶段实体 BMAN-00388 的风险累积。,风险首先在制造阶段形成隐患，运行中持续放大，并通过温度与振动指标表现出来。,0.6126,BMAN-00388,ManufacturingBatch,manufacturing
BFB-03563,BRG-03563,OR021,outer_race_fault,outer_race,severe,0.641,该样本的生命周期风险在装配阶段较突出，能够解释当前严重外圈故障的主要失效模式。,早期表现为局部接触应力升高，随后振动冲击增强，最终演化为严重外圈故障。,0.6873,BASM-03563,AssemblyRecord,assembly
BFB-03564,BRG-03564,IR021,inner_race_fault,inner_race,severe,0.7718,该样本的生命周期风险在设计阶段较突出，能够解释当前严重内圈故障的主要失效模式。,风险首先在设计阶段形成隐患，运行中持续放大，并通过温度与振动指标表现出来。,0.7761,BDES-00605,BearingDesignSpec,design
BFB-03565,BRG-03565,IR014,inner_race_fault,inner_race,medium,0.6614,结合振动、峭度和温升特征，内圈故障与制造阶段异常高度一致，优先追溯到 BMAN-00104。,早期表现为局部接触应力升高，随后振动冲击增强，最终演化为中等内圈故障。,0.8104,BMAN-00104,ManufacturingBatch,manufacturing
BFB-03566,BRG-03566,B007,rolling_element_fault,rolling_element,slight,0.7003,结合振动、峭度和温升特征，滚动体故障与制造阶段异常高度一致，优先追溯到 BMAN-00093。,风险首先在制造阶段形成隐患，运行中持续放大，并通过温度与振动指标表现出来。,0.6261,BMAN-00093,ManufacturingBatch,manufacturing
BFB-03567,BRG-03567,OR007,outer_race_fault,outer_race,slight,0.6658,诊断结果显示轴承出现轻微外圈故障，根因更可能来自装配阶段实体 BASM-03567 的风险累积。,早期表现为局部接触应力升高，随后振动冲击增强，最终演化为轻微外圈故障。,0.6965,BASM-03567,AssemblyRecord,assembly
BFB-03568,BRG-03568,OR014,outer_race_fault,outer_race,medium,0.639,该样本的生命周期风险在材料阶段较突出，能够解释当前中等外圈故障的主要失效模式。,风险首先在材料阶段形成隐患，运行中持续放大，并通过温度与振动指标表现出来。,0.7069,BMAT-00436,MaterialBatch,material
BFB-03569,BRG-03569,B007,rolling_element_fault,rolling_element,slight,0.5872,结合振动、峭度和温升特征，滚动体故障与运维阶段异常高度一致，优先追溯到 BOPR-03569。,早期表现为局部接触应力升高，随后振动冲击增强，最终演化为轻微滚动体故障。,0.5332,BOPR-03569,MaintenanceRecord,operation
BFB-03570,BRG-03570,OR014,outer_race_fault,outer_race,medium,0.7136,该样本的生命周期风险在运维阶段较突出，能够解释当前中等外圈故障的主要失效模式。,异常由微小缺陷逐步发展为周期性冲击，检测指标随严重度上升而同步恶化。,0.6579,BOPR-03570,MaintenanceRecord,operation
BFB-03571,BRG-03571,OR021,outer_race_fault,outer_race,severe,0.792,诊断结果显示轴承出现严重外圈故障，根因更可能来自装配阶段实体 BASM-03571 的风险累积。,早期表现为局部接触应力升高，随后振动冲击增强，最终演化为严重外圈故障。,0.5658,BASM-03571,AssemblyRecord,assembly
BFB-03572,BRG-03572,IR014,inner_race_fault,inner_race,medium,0.6822,该样本的生命周期风险在装配阶段较突出，能够解释当前中等内圈故障的主要失效模式。,风险首先在装配阶段形成隐患，运行中持续放大，并通过温度与振动指标表现出来。,0.7027,BASM-03572,AssemblyRecord,assembly
BFB-03573,BRG-03573,B021,rolling_element_fault,rolling_element,severe,0.6869,诊断结果显示轴承出现严重滚动体故障，根因更可能来自制造阶段实体 BMAN-00517 的风险累积。,异常由微小缺陷逐步发展为周期性冲击，检测指标随严重度上升而同步恶化。,0.67,BMAN-00517,ManufacturingBatch,manufacturing
BFB-03574,BRG-03574,OR014,outer_race_fault,outer_race,medium,0.7182,诊断结果显示轴承出现中等外圈故障，根因更可能来自装配阶段实体 BASM-03574 的风险累积。,风险首先在装配阶段形成隐患，运行中持续放大，并通过温度与振动指标表现出来。,0.6421,BASM-03574,AssemblyRecord,assembly
BFB-03575,BRG-03575,B014,rolling_element_fault,rolling_element,medium,0.722,该样本的生命周期风险在材料阶段较突出，能够解释当前中等滚动体故障的主要失效模式。,风险首先在材料阶段形成隐患，运行中持续放大，并通过温度与振动指标表现出来。,0.7102,BMAT-00162,MaterialBatch,material
BFB-03576,BRG-03576,Normal,normal,none,normal,0.9184,该轴承样本生命周期风险较低，未形成明确故障追溯链。,运行状态平稳，检测指标未呈现持续恶化趋势。,0.7976,NORMAL_BASELINE,QualityFeedback,feedback
BFB-03577,BRG-03577,Normal,normal,none,normal,0.9332,该轴承样本生命周期风险较低，未形成明确故障追溯链。,运行状态平稳，检测指标未呈现持续恶化趋势。,0.8234,NORMAL_BASELINE,QualityFeedback,feedback
BFB-03578,BRG-03578,OR007,outer_race_fault,outer_race,slight,0.6959,诊断结果显示轴承出现轻微外圈故障，根因更可能来自制造阶段实体 BMAN-00089 的风险累积。,早期表现为局部接触应力升高，随后振动冲击增强，最终演化为轻微外圈故障。,0.6845,BMAN-00089,ManufacturingBatch,manufacturing
BFB-03579,BRG-03579,OR014,outer_race_fault,outer_race,medium,0.7419,该样本的生命周期风险在制造阶段较突出，能够解释当前中等外圈故障的主要失效模式。,风险首先在制造阶段形成隐患，运行中持续放大，并通过温度与振动指标表现出来。,0.5951,BMAN-00670,ManufacturingBatch,manufacturing
BFB-03580,BRG-03580,IR007,inner_race_fault,inner_race,slight,0.6697,该样本的生命周期风险在制造阶段较突出，能够解释当前轻微内圈故障的主要失效模式。,风险首先在制造阶段形成隐患，运行中持续放大，并通过温度与振动指标表现出来。,0.5655,BMAN-00880,ManufacturingBatch,manufacturing
BFB-03581,BRG-03581,IR014,inner_race_fault,inner_race,medium,0.707,结合振动、峭度和温升特征，内圈故障与制造阶段异常高度一致，优先追溯到 BMAN-00136。,异常由微小缺陷逐步发展为周期性冲击，检测指标随严重度上升而同步恶化。,0.663,BMAN-00136,ManufacturingBatch,manufacturing
BFB-03582,BRG-03582,B007,rolling_element_fault,rolling_element,slight,0.6881,结合振动、峭度和温升特征，滚动体故障与装配阶段异常高度一致，优先追溯到 BASM-03582。,早期表现为局部接触应力升高，随后振动冲击增强，最终演化为轻微滚动体故障。,0.7039,BASM-03582,AssemblyRecord,assembly
BFB-03583,BRG-03583,IR014,inner_race_fault,inner_race,medium,0.7077,结合振动、峭度和温升特征，内圈故障与制造阶段异常高度一致，优先追溯到 BMAN-00506。,异常由微小缺陷逐步发展为周期性冲击，检测指标随严重度上升而同步恶化。,0.6535,BMAN-00506,ManufacturingBatch,manufacturing
BFB-03584,BRG-03584,B014,rolling_element_fault,rolling_element,medium,0.7301,结合振动、峭度和温升特征，滚动体故障与材料阶段异常高度一致，优先追溯到 BMAT-00338。,异常由微小缺陷逐步发展为周期性冲击，检测指标随严重度上升而同步恶化。,0.6807,BMAT-00338,MaterialBatch,material
BFB-03585,BRG-03585,IR021,inner_race_fault,inner_race,severe,0.7262,该样本的生命周期风险在制造阶段较突出，能够解释当前严重内圈故障的主要失效模式。,异常由微小缺陷逐步发展为周期性冲击，检测指标随严重度上升而同步恶化。,0.7724,BMAN-00929,ManufacturingBatch,manufacturing
BFB-03586,BRG-03586,IR014,inner_race_fault,inner_race,medium,0.6617,诊断结果显示轴承出现中等内圈故障，根因更可能来自材料阶段实体 BMAT-00460 的风险累积。,早期表现为局部接触应力升高，随后振动冲击增强，最终演化为中等内圈故障。,0.669,BMAT-00460,MaterialBatch,material
BFB-03587,BRG-03587,B007,rolling_element_fault,rolling_element,slight,0.7463,诊断结果显示轴承出现轻微滚动体故障，根因更可能来自制造阶段实体 BMAN-00095 的风险累积。,早期表现为局部接触应力升高，随后振动冲击增强，最终演化为轻微滚动体故障。,0.6648,BMAN-00095,ManufacturingBatch,manufacturing
BFB-03588,BRG-03588,OR007,outer_race_fault,outer_race,slight,0.6976,该样本的生命周期风险在装配阶段较突出，能够解释当前轻微外圈故障的主要失效模式。,早期表现为局部接触应力升高，随后振动冲击增强，最终演化为轻微外圈故障。,0.7026,BASM-03588,AssemblyRecord,assembly
BFB-03589,BRG-03589,Normal,normal,none,normal,0.9013,该轴承样本生命周期风险较低，未形成明确故障追溯链。,运行状态平稳，检测指标未呈现持续恶化趋势。,0.7935,NORMAL_BASELINE,QualityFeedback,feedback
BFB-03590,BRG-03590,OR007,outer_race_fault,outer_race,slight,0.5691,结合振动、峭度和温升特征，外圈故障与材料阶段异常高度一致，优先追溯到 BMAT-00431。,早期表现为局部接触应力升高，随后振动冲击增强，最终演化为轻微外圈故障。,0.5929,BMAT-00431,MaterialBatch,material
BFB-03591,BRG-03591,OR014,outer_race_fault,outer_race,medium,0.7126,该样本的生命周期风险在装配阶段较突出，能够解释当前中等外圈故障的主要失效模式。,异常由微小缺陷逐步发展为周期性冲击，检测指标随严重度上升而同步恶化。,0.7558,BASM-03591,AssemblyRecord,assembly
BFB-03592,BRG-03592,OR021,outer_race_fault,outer_race,severe,0.7103,诊断结果显示轴承出现严重外圈故障，根因更可能来自材料阶段实体 BMAT-00026 的风险累积。,异常由微小缺陷逐步发展为周期性冲击，检测指标随严重度上升而同步恶化。,0.6865,BMAT-00026,MaterialBatch,material
BFB-03593,BRG-03593,IR014,inner_race_fault,inner_race,medium,0.6796,结合振动、峭度和温升特征，内圈故障与装配阶段异常高度一致，优先追溯到 BASM-03593。,风险首先在装配阶段形成隐患，运行中持续放大，并通过温度与振动指标表现出来。,0.649,BASM-03593,AssemblyRecord,assembly
BFB-03594,BRG-03594,IR014,inner_race_fault,inner_race,medium,0.7803,诊断结果显示轴承出现中等内圈故障，根因更可能来自制造阶段实体 BMAN-00524 的风险累积。,风险首先在制造阶段形成隐患，运行中持续放大，并通过温度与振动指标表现出来。,0.6815,BMAN-00524,ManufacturingBatch,manufacturing
BFB-03595,BRG-03595,Normal,normal,none,normal,0.8776,该轴承样本生命周期风险较低，未形成明确故障追溯链。,运行状态平稳，检测指标未呈现持续恶化趋势。,0.8592,NORMAL_BASELINE,QualityFeedback,feedback
BFB-03596,BRG-03596,B007,rolling_element_fault,rolling_element,slight,0.6874,结合振动、峭度和温升特征，滚动体故障与制造阶段异常高度一致，优先追溯到 BMAN-01158。,异常由微小缺陷逐步发展为周期性冲击，检测指标随严重度上升而同步恶化。,0.6082,BMAN-01158,ManufacturingBatch,manufacturing
BFB-03597,BRG-03597,IR014,inner_race_fault,inner_race,medium,0.6811,该样本的生命周期风险在设计阶段较突出，能够解释当前中等内圈故障的主要失效模式。,风险首先在设计阶段形成隐患，运行中持续放大，并通过温度与振动指标表现出来。,0.6979,BDES-00462,BearingDesignSpec,design
BFB-03598,BRG-03598,OR021,outer_race_fault,outer_race,severe,0.7915,诊断结果显示轴承出现严重外圈故障，根因更可能来自材料阶段实体 BMAT-00245 的风险累积。,风险首先在材料阶段形成隐患，运行中持续放大，并通过温度与振动指标表现出来。,0.7112,BMAT-00245,MaterialBatch,material
BFB-03599,BRG-03599,B007,rolling_element_fault,rolling_element,slight,0.6337,诊断结果显示轴承出现轻微滚动体故障，根因更可能来自制造阶段实体 BMAN-01095 的风险累积。,早期表现为局部接触应力升高，随后振动冲击增强，最终演化为轻微滚动体故障。,0.6965,BMAN-01095,ManufacturingBatch,manufacturing
BFB-03600,BRG-03600,B014,rolling_element_fault,rolling_element,medium,0.6429,诊断结果显示轴承出现中等滚动体故障，根因更可能来自设计阶段实体 BDES-00796 的风险累积。,异常由微小缺陷逐步发展为周期性冲击，检测指标随严重度上升而同步恶化。,0.6824,BDES-00796,BearingDesignSpec,design
BFB-03601,BRG-03601,IR007,inner_race_fault,inner_race,slight,0.6813,诊断结果显示轴承出现轻微内圈故障，根因更可能来自制造阶段实体 BMAN-00380 的风险累积。,异常由微小缺陷逐步发展为周期性冲击，检测指标随严重度上升而同步恶化。,0.7194,BMAN-00380,ManufacturingBatch,manufacturing
BFB-03602,BRG-03602,B007,rolling_element_fault,rolling_element,slight,0.7317,结合振动、峭度和温升特征，滚动体故障与装配阶段异常高度一致，优先追溯到 BASM-03602。,早期表现为局部接触应力升高，随后振动冲击增强，最终演化为轻微滚动体故障。,0.6181,BASM-03602,AssemblyRecord,assembly
BFB-03603,BRG-03603,OR021,outer_race_fault,outer_race,severe,0.7458,结合振动、峭度和温升特征，外圈故障与材料阶段异常高度一致，优先追溯到 BMAT-00162。,早期表现为局部接触应力升高，随后振动冲击增强，最终演化为严重外圈故障。,0.783,BMAT-00162,MaterialBatch,material
BFB-03604,BRG-03604,IR014,inner_race_fault,inner_race,medium,0.7391,结合振动、峭度和温升特征，内圈故障与材料阶段异常高度一致，优先追溯到 BMAT-00395。,异常由微小缺陷逐步发展为周期性冲击，检测指标随严重度上升而同步恶化。,0.7117,BMAT-00395,MaterialBatch,material
BFB-03605,BRG-03605,B014,rolling_element_fault,rolling_element,medium,0.8059,诊断结果显示轴承出现中等滚动体故障，根因更可能来自制造阶段实体 BMAN-00393 的风险累积。,风险首先在制造阶段形成隐患，运行中持续放大，并通过温度与振动指标表现出来。,0.7587,BMAN-00393,ManufacturingBatch,manufacturing
BFB-03606,BRG-03606,Normal,normal,none,normal,0.9504,该轴承样本生命周期风险较低，未形成明确故障追溯链。,运行状态平稳，检测指标未呈现持续恶化趋势。,0.8016,NORMAL_BASELINE,QualityFeedback,feedback
BFB-03607,BRG-03607,OR007,outer_race_fault,outer_race,slight,0.6813,结合振动、峭度和温升特征，外圈故障与装配阶段异常高度一致，优先追溯到 BASM-03607。,异常由微小缺陷逐步发展为周期性冲击，检测指标随严重度上升而同步恶化。,0.7557,BASM-03607,AssemblyRecord,assembly
BFB-03608,BRG-03608,B014,rolling_element_fault,rolling_element,medium,0.7247,诊断结果显示轴承出现中等滚动体故障，根因更可能来自装配阶段实体 BASM-03608 的风险累积。,异常由微小缺陷逐步发展为周期性冲击，检测指标随严重度上升而同步恶化。,0.7273,BASM-03608,AssemblyRecord,assembly
BFB-03609,BRG-03609,IR021,inner_race_fault,inner_race,severe,0.7234,该样本的生命周期风险在材料阶段较突出，能够解释当前严重内圈故障的主要失效模式。,异常由微小缺陷逐步发展为周期性冲击，检测指标随严重度上升而同步恶化。,0.6207,BMAT-00051,MaterialBatch,material
BFB-03610,BRG-03610,Normal,normal,none,normal,0.9541,该轴承样本生命周期风险较低，未形成明确故障追溯链。,运行状态平稳，检测指标未呈现持续恶化趋势。,0.8424,NORMAL_BASELINE,QualityFeedback,feedback
BFB-03611,BRG-03611,IR007,inner_race_fault,inner_race,slight,0.7088,诊断结果显示轴承出现轻微内圈故障，根因更可能来自制造阶段实体 BMAN-00104 的风险累积。,风险首先在制造阶段形成隐患，运行中持续放大，并通过温度与振动指标表现出来。,0.6089,BMAN-00104,ManufacturingBatch,manufacturing
BFB-03612,BRG-03612,OR014,outer_race_fault,outer_race,medium,0.7136,诊断结果显示轴承出现中等外圈故障，根因更可能来自制造阶段实体 BMAN-01011 的风险累积。,异常由微小缺陷逐步发展为周期性冲击，检测指标随严重度上升而同步恶化。,0.7713,BMAN-01011,ManufacturingBatch,manufacturing
BFB-03613,BRG-03613,B014,rolling_element_fault,rolling_element,medium,0.7946,结合振动、峭度和温升特征，滚动体故障与检测阶段异常高度一致，优先追溯到 BINSP-03613。,风险首先在检测阶段形成隐患，运行中持续放大，并通过温度与振动指标表现出来。,0.6653,BINSP-03613,InspectionRecord,inspection
BFB-03614,BRG-03614,IR014,inner_race_fault,inner_race,medium,0.7314,该样本的生命周期风险在检测阶段较突出，能够解释当前中等内圈故障的主要失效模式。,异常由微小缺陷逐步发展为周期性冲击，检测指标随严重度上升而同步恶化。,0.5377,BINSP-03614,InspectionRecord,inspection
BFB-03615,BRG-03615,IR014,inner_race_fault,inner_race,medium,0.721,诊断结果显示轴承出现中等内圈故障，根因更可能来自运维阶段实体 BOPR-03615 的风险累积。,早期表现为局部接触应力升高，随后振动冲击增强，最终演化为中等内圈故障。,0.6333,BOPR-03615,MaintenanceRecord,operation
BFB-03616,BRG-03616,IR007,inner_race_fault,inner_race,slight,0.7261,诊断结果显示轴承出现轻微内圈故障，根因更可能来自材料阶段实体 BMAT-00169 的风险累积。,早期表现为局部接触应力升高，随后振动冲击增强，最终演化为轻微内圈故障。,0.6978,BMAT-00169,MaterialBatch,material
BFB-03617,BRG-03617,IR014,inner_race_fault,inner_race,medium,0.6363,结合振动、峭度和温升特征，内圈故障与设计阶段异常高度一致，优先追溯到 BDES-00684。,早期表现为局部接触应力升高，随后振动冲击增强，最终演化为中等内圈故障。,0.6893,BDES-00684,BearingDesignSpec,design
BFB-03618,BRG-03618,Normal,normal,none,normal,0.8957,该轴承样本生命周期风险较低，未形成明确故障追溯链。,运行状态平稳，检测指标未呈现持续恶化趋势。,0.892,NORMAL_BASELINE,QualityFeedback,feedback
BFB-03619,BRG-03619,OR014,outer_race_fault,outer_race,medium,0.7367,诊断结果显示轴承出现中等外圈故障，根因更可能来自设计阶段实体 BDES-00746 的风险累积。,异常由微小缺陷逐步发展为周期性冲击，检测指标随严重度上升而同步恶化。,0.7186,BDES-00746,BearingDesignSpec,design
BFB-03620,BRG-03620,IR014,inner_race_fault,inner_race,medium,0.7005,该样本的生命周期风险在材料阶段较突出，能够解释当前中等内圈故障的主要失效模式。,早期表现为局部接触应力升高，随后振动冲击增强，最终演化为中等内圈故障。,0.729,BMAT-00493,MaterialBatch,material
BFB-03621,BRG-03621,IR014,inner_race_fault,inner_race,medium,0.6251,诊断结果显示轴承出现中等内圈故障，根因更可能来自运维阶段实体 BOPR-03621 的风险累积。,风险首先在运维阶段形成隐患，运行中持续放大，并通过温度与振动指标表现出来。,0.6278,BOPR-03621,MaintenanceRecord,operation
BFB-03622,BRG-03622,B014,rolling_element_fault,rolling_element,medium,0.6876,结合振动、峭度和温升特征，滚动体故障与制造阶段异常高度一致，优先追溯到 BMAN-00932。,早期表现为局部接触应力升高，随后振动冲击增强，最终演化为中等滚动体故障。,0.672,BMAN-00932,ManufacturingBatch,manufacturing
BFB-03623,BRG-03623,OR014,outer_race_fault,outer_race,medium,0.7429,该样本的生命周期风险在制造阶段较突出，能够解释当前中等外圈故障的主要失效模式。,异常由微小缺陷逐步发展为周期性冲击，检测指标随严重度上升而同步恶化。,0.6498,BMAN-00588,ManufacturingBatch,manufacturing
BFB-03624,BRG-03624,IR007,inner_race_fault,inner_race,slight,0.6574,结合振动、峭度和温升特征，内圈故障与设计阶段异常高度一致，优先追溯到 BDES-00467。,风险首先在设计阶段形成隐患，运行中持续放大，并通过温度与振动指标表现出来。,0.7242,BDES-00467,BearingDesignSpec,design
BFB-03625,BRG-03625,B021,rolling_element_fault,rolling_element,severe,0.7712,该样本的生命周期风险在制造阶段较突出，能够解释当前严重滚动体故障的主要失效模式。,风险首先在制造阶段形成隐患，运行中持续放大，并通过温度与振动指标表现出来。,0.7147,BMAN-00869,ManufacturingBatch,manufacturing
BFB-03626,BRG-03626,IR014,inner_race_fault,inner_race,medium,0.6979,结合振动、峭度和温升特征，内圈故障与材料阶段异常高度一致，优先追溯到 BMAT-00384。,风险首先在材料阶段形成隐患，运行中持续放大，并通过温度与振动指标表现出来。,0.6182,BMAT-00384,MaterialBatch,material
BFB-03627,BRG-03627,Normal,normal,none,normal,0.9528,该轴承样本生命周期风险较低，未形成明确故障追溯链。,运行状态平稳，检测指标未呈现持续恶化趋势。,0.8854,NORMAL_BASELINE,QualityFeedback,feedback
BFB-03628,BRG-03628,B014,rolling_element_fault,rolling_element,medium,0.6903,结合振动、峭度和温升特征，滚动体故障与材料阶段异常高度一致，优先追溯到 BMAT-00074。,早期表现为局部接触应力升高，随后振动冲击增强，最终演化为中等滚动体故障。,0.5796,BMAT-00074,MaterialBatch,material
BFB-03629,BRG-03629,B021,rolling_element_fault,rolling_element,severe,0.725,诊断结果显示轴承出现严重滚动体故障，根因更可能来自装配阶段实体 BASM-03629 的风险累积。,异常由微小缺陷逐步发展为周期性冲击，检测指标随严重度上升而同步恶化。,0.6631,BASM-03629,AssemblyRecord,assembly
BFB-03630,BRG-03630,IR021,inner_race_fault,inner_race,severe,0.7581,诊断结果显示轴承出现严重内圈故障，根因更可能来自制造阶段实体 BMAN-00130 的风险累积。,早期表现为局部接触应力升高，随后振动冲击增强，最终演化为严重内圈故障。,0.7019,BMAN-00130,ManufacturingBatch,manufacturing
BFB-03631,BRG-03631,OR021,outer_race_fault,outer_race,severe,0.7475,诊断结果显示轴承出现严重外圈故障，根因更可能来自制造阶段实体 BMAN-01172 的风险累积。,风险首先在制造阶段形成隐患，运行中持续放大，并通过温度与振动指标表现出来。,0.7087,BMAN-01172,ManufacturingBatch,manufacturing
BFB-03632,BRG-03632,Normal,normal,none,normal,0.916,该轴承样本生命周期风险较低，未形成明确故障追溯链。,运行状态平稳，检测指标未呈现持续恶化趋势。,0.8943,NORMAL_BASELINE,QualityFeedback,feedback
BFB-03633,BRG-03633,Normal,normal,none,normal,0.9396,该轴承样本生命周期风险较低，未形成明确故障追溯链。,运行状态平稳，检测指标未呈现持续恶化趋势。,0.8443,NORMAL_BASELINE,QualityFeedback,feedback
BFB-03634,BRG-03634,IR014,inner_race_fault,inner_race,medium,0.7774,该样本的生命周期风险在材料阶段较突出，能够解释当前中等内圈故障的主要失效模式。,异常由微小缺陷逐步发展为周期性冲击，检测指标随严重度上升而同步恶化。,0.6662,BMAT-00041,MaterialBatch,material
BFB-03635,BRG-03635,Normal,normal,none,normal,0.9109,该轴承样本生命周期风险较低，未形成明确故障追溯链。,运行状态平稳，检测指标未呈现持续恶化趋势。,0.8757,NORMAL_BASELINE,QualityFeedback,feedback
BFB-03636,BRG-03636,B014,rolling_element_fault,rolling_element,medium,0.6874,诊断结果显示轴承出现中等滚动体故障，根因更可能来自制造阶段实体 BMAN-00603 的风险累积。,异常由微小缺陷逐步发展为周期性冲击，检测指标随严重度上升而同步恶化。,0.632,BMAN-00603,ManufacturingBatch,manufacturing
BFB-03637,BRG-03637,B014,rolling_element_fault,rolling_element,medium,0.7348,该样本的生命周期风险在制造阶段较突出，能够解释当前中等滚动体故障的主要失效模式。,风险首先在制造阶段形成隐患，运行中持续放大，并通过温度与振动指标表现出来。,0.6338,BMAN-00601,ManufacturingBatch,manufacturing
BFB-03638,BRG-03638,B021,rolling_element_fault,rolling_element,severe,0.7064,该样本的生命周期风险在材料阶段较突出，能够解释当前严重滚动体故障的主要失效模式。,异常由微小缺陷逐步发展为周期性冲击，检测指标随严重度上升而同步恶化。,0.7311,BMAT-00145,MaterialBatch,material
BFB-03639,BRG-03639,IR007,inner_race_fault,inner_race,slight,0.6853,结合振动、峭度和温升特征，内圈故障与设计阶段异常高度一致，优先追溯到 BDES-00680。,早期表现为局部接触应力升高，随后振动冲击增强，最终演化为轻微内圈故障。,0.7669,BDES-00680,BearingDesignSpec,design
BFB-03640,BRG-03640,IR014,inner_race_fault,inner_race,medium,0.7081,结合振动、峭度和温升特征，内圈故障与检测阶段异常高度一致，优先追溯到 BINSP-03640。,风险首先在检测阶段形成隐患，运行中持续放大，并通过温度与振动指标表现出来。,0.7558,BINSP-03640,InspectionRecord,inspection
BFB-03641,BRG-03641,B021,rolling_element_fault,rolling_element,severe,0.7662,诊断结果显示轴承出现严重滚动体故障，根因更可能来自制造阶段实体 BMAN-00158 的风险累积。,早期表现为局部接触应力升高，随后振动冲击增强，最终演化为严重滚动体故障。,0.7014,BMAN-00158,ManufacturingBatch,manufacturing
BFB-03642,BRG-03642,B014,rolling_element_fault,rolling_element,medium,0.6657,结合振动、峭度和温升特征，滚动体故障与装配阶段异常高度一致，优先追溯到 BASM-03642。,风险首先在装配阶段形成隐患，运行中持续放大，并通过温度与振动指标表现出来。,0.6463,BASM-03642,AssemblyRecord,assembly
BFB-03643,BRG-03643,IR014,inner_race_fault,inner_race,medium,0.6191,该样本的生命周期风险在制造阶段较突出，能够解释当前中等内圈故障的主要失效模式。,风险首先在制造阶段形成隐患，运行中持续放大，并通过温度与振动指标表现出来。,0.6961,BMAN-00117,ManufacturingBatch,manufacturing
BFB-03644,BRG-03644,B021,rolling_element_fault,rolling_element,severe,0.7254,该样本的生命周期风险在材料阶段较突出，能够解释当前严重滚动体故障的主要失效模式。,风险首先在材料阶段形成隐患，运行中持续放大，并通过温度与振动指标表现出来。,0.6723,BMAT-00437,MaterialBatch,material
BFB-03645,BRG-03645,B021,rolling_element_fault,rolling_element,severe,0.7676,该样本的生命周期风险在制造阶段较突出，能够解释当前严重滚动体故障的主要失效模式。,早期表现为局部接触应力升高，随后振动冲击增强，最终演化为严重滚动体故障。,0.6553,BMAN-01129,ManufacturingBatch,manufacturing
BFB-03646,BRG-03646,IR014,inner_race_fault,inner_race,medium,0.7838,诊断结果显示轴承出现中等内圈故障，根因更可能来自制造阶段实体 BMAN-01067 的风险累积。,风险首先在制造阶段形成隐患，运行中持续放大，并通过温度与振动指标表现出来。,0.7263,BMAN-01067,ManufacturingBatch,manufacturing
BFB-03647,BRG-03647,B014,rolling_element_fault,rolling_element,medium,0.6325,诊断结果显示轴承出现中等滚动体故障，根因更可能来自装配阶段实体 BASM-03647 的风险累积。,早期表现为局部接触应力升高，随后振动冲击增强，最终演化为中等滚动体故障。,0.6718,BASM-03647,AssemblyRecord,assembly
BFB-03648,BRG-03648,OR007,outer_race_fault,outer_race,slight,0.7493,诊断结果显示轴承出现轻微外圈故障，根因更可能来自装配阶段实体 BASM-03648 的风险累积。,早期表现为局部接触应力升高，随后振动冲击增强，最终演化为轻微外圈故障。,0.7057,BASM-03648,AssemblyRecord,assembly
BFB-03649,BRG-03649,OR007,outer_race_fault,outer_race,slight,0.6439,诊断结果显示轴承出现轻微外圈故障，根因更可能来自装配阶段实体 BASM-03649 的风险累积。,异常由微小缺陷逐步发展为周期性冲击，检测指标随严重度上升而同步恶化。,0.7426,BASM-03649,AssemblyRecord,assembly
BFB-03650,BRG-03650,B007,rolling_element_fault,rolling_element,slight,0.6352,诊断结果显示轴承出现轻微滚动体故障，根因更可能来自装配阶段实体 BASM-03650 的风险累积。,早期表现为局部接触应力升高，随后振动冲击增强，最终演化为轻微滚动体故障。,0.6308,BASM-03650,AssemblyRecord,assembly
BFB-03651,BRG-03651,OR014,outer_race_fault,outer_race,medium,0.7119,该样本的生命周期风险在材料阶段较突出，能够解释当前中等外圈故障的主要失效模式。,早期表现为局部接触应力升高，随后振动冲击增强，最终演化为中等外圈故障。,0.685,BMAT-00183,MaterialBatch,material
BFB-03652,BRG-03652,OR014,outer_race_fault,outer_race,medium,0.6751,诊断结果显示轴承出现中等外圈故障，根因更可能来自制造阶段实体 BMAN-00639 的风险累积。,异常由微小缺陷逐步发展为周期性冲击，检测指标随严重度上升而同步恶化。,0.616,BMAN-00639,ManufacturingBatch,manufacturing
BFB-03653,BRG-03653,B021,rolling_element_fault,rolling_element,severe,0.7051,诊断结果显示轴承出现严重滚动体故障，根因更可能来自制造阶段实体 BMAN-00396 的风险累积。,风险首先在制造阶段形成隐患，运行中持续放大，并通过温度与振动指标表现出来。,0.5975,BMAN-00396,ManufacturingBatch,manufacturing
BFB-03654,BRG-03654,B014,rolling_element_fault,rolling_element,medium,0.6824,结合振动、峭度和温升特征，滚动体故障与材料阶段异常高度一致，优先追溯到 BMAT-00054。,早期表现为局部接触应力升高，随后振动冲击增强，最终演化为中等滚动体故障。,0.7339,BMAT-00054,MaterialBatch,material
BFB-03655,BRG-03655,B021,rolling_element_fault,rolling_element,severe,0.672,该样本的生命周期风险在检测阶段较突出，能够解释当前严重滚动体故障的主要失效模式。,风险首先在检测阶段形成隐患，运行中持续放大，并通过温度与振动指标表现出来。,0.6497,BINSP-03655,InspectionRecord,inspection
BFB-03656,BRG-03656,B014,rolling_element_fault,rolling_element,medium,0.6973,该样本的生命周期风险在制造阶段较突出，能够解释当前中等滚动体故障的主要失效模式。,异常由微小缺陷逐步发展为周期性冲击，检测指标随严重度上升而同步恶化。,0.6214,BMAN-00994,ManufacturingBatch,manufacturing
BFB-03657,BRG-03657,IR014,inner_race_fault,inner_race,medium,0.7223,结合振动、峭度和温升特征，内圈故障与检测阶段异常高度一致，优先追溯到 BINSP-03657。,早期表现为局部接触应力升高，随后振动冲击增强，最终演化为中等内圈故障。,0.6936,BINSP-03657,InspectionRecord,inspection
BFB-03658,BRG-03658,IR014,inner_race_fault,inner_race,medium,0.7208,该样本的生命周期风险在装配阶段较突出，能够解释当前中等内圈故障的主要失效模式。,早期表现为局部接触应力升高，随后振动冲击增强，最终演化为中等内圈故障。,0.7346,BASM-03658,AssemblyRecord,assembly
BFB-03659,BRG-03659,B007,rolling_element_fault,rolling_element,slight,0.7151,该样本的生命周期风险在运维阶段较突出，能够解释当前轻微滚动体故障的主要失效模式。,风险首先在运维阶段形成隐患，运行中持续放大，并通过温度与振动指标表现出来。,0.696,BOPR-03659,MaintenanceRecord,operation
BFB-03660,BRG-03660,IR014,inner_race_fault,inner_race,medium,0.6636,诊断结果显示轴承出现中等内圈故障，根因更可能来自装配阶段实体 BASM-03660 的风险累积。,风险首先在装配阶段形成隐患，运行中持续放大，并通过温度与振动指标表现出来。,0.7181,BASM-03660,AssemblyRecord,assembly
BFB-03661,BRG-03661,B021,rolling_element_fault,rolling_element,severe,0.7155,该样本的生命周期风险在装配阶段较突出，能够解释当前严重滚动体故障的主要失效模式。,异常由微小缺陷逐步发展为周期性冲击，检测指标随严重度上升而同步恶化。,0.7286,BASM-03661,AssemblyRecord,assembly
BFB-03662,BRG-03662,IR007,inner_race_fault,inner_race,slight,0.7231,结合振动、峭度和温升特征，内圈故障与装配阶段异常高度一致，优先追溯到 BASM-03662。,异常由微小缺陷逐步发展为周期性冲击，检测指标随严重度上升而同步恶化。,0.5792,BASM-03662,AssemblyRecord,assembly
BFB-03663,BRG-03663,B021,rolling_element_fault,rolling_element,severe,0.6567,诊断结果显示轴承出现严重滚动体故障，根因更可能来自运维阶段实体 BOPR-03663 的风险累积。,异常由微小缺陷逐步发展为周期性冲击，检测指标随严重度上升而同步恶化。,0.6999,BOPR-03663,MaintenanceRecord,operation
BFB-03664,BRG-03664,Normal,normal,none,normal,0.9326,该轴承样本生命周期风险较低，未形成明确故障追溯链。,运行状态平稳，检测指标未呈现持续恶化趋势。,0.806,NORMAL_BASELINE,QualityFeedback,feedback
BFB-03665,BRG-03665,B007,rolling_element_fault,rolling_element,slight,0.6564,诊断结果显示轴承出现轻微滚动体故障，根因更可能来自制造阶段实体 BMAN-00572 的风险累积。,异常由微小缺陷逐步发展为周期性冲击，检测指标随严重度上升而同步恶化。,0.5831,BMAN-00572,ManufacturingBatch,manufacturing
BFB-03666,BRG-03666,OR021,outer_race_fault,outer_race,severe,0.7518,结合振动、峭度和温升特征，外圈故障与材料阶段异常高度一致，优先追溯到 BMAT-00145。,早期表现为局部接触应力升高，随后振动冲击增强，最终演化为严重外圈故障。,0.6608,BMAT-00145,MaterialBatch,material
BFB-03667,BRG-03667,OR014,outer_race_fault,outer_race,medium,0.6258,该样本的生命周期风险在材料阶段较突出，能够解释当前中等外圈故障的主要失效模式。,早期表现为局部接触应力升高，随后振动冲击增强，最终演化为中等外圈故障。,0.6844,BMAT-00005,MaterialBatch,material
BFB-03668,BRG-03668,B014,rolling_element_fault,rolling_element,medium,0.6804,诊断结果显示轴承出现中等滚动体故障，根因更可能来自制造阶段实体 BMAN-00868 的风险累积。,早期表现为局部接触应力升高，随后振动冲击增强，最终演化为中等滚动体故障。,0.7156,BMAN-00868,ManufacturingBatch,manufacturing
BFB-03669,BRG-03669,Normal,normal,none,normal,0.8945,该轴承样本生命周期风险较低，未形成明确故障追溯链。,运行状态平稳，检测指标未呈现持续恶化趋势。,0.8554,NORMAL_BASELINE,QualityFeedback,feedback
BFB-03670,BRG-03670,OR007,outer_race_fault,outer_race,slight,0.6531,该样本的生命周期风险在运维阶段较突出，能够解释当前轻微外圈故障的主要失效模式。,风险首先在运维阶段形成隐患，运行中持续放大，并通过温度与振动指标表现出来。,0.6381,BOPR-03670,MaintenanceRecord,operation
BFB-03671,BRG-03671,B021,rolling_element_fault,rolling_element,severe,0.7195,诊断结果显示轴承出现严重滚动体故障，根因更可能来自设计阶段实体 BDES-00236 的风险累积。,异常由微小缺陷逐步发展为周期性冲击，检测指标随严重度上升而同步恶化。,0.6534,BDES-00236,BearingDesignSpec,design
BFB-03672,BRG-03672,IR007,inner_race_fault,inner_race,slight,0.7176,结合振动、峭度和温升特征，内圈故障与设计阶段异常高度一致，优先追溯到 BDES-00026。,风险首先在设计阶段形成隐患，运行中持续放大，并通过温度与振动指标表现出来。,0.6355,BDES-00026,BearingDesignSpec,design
BFB-03673,BRG-03673,IR014,inner_race_fault,inner_race,medium,0.6691,结合振动、峭度和温升特征，内圈故障与设计阶段异常高度一致，优先追溯到 BDES-00258。,风险首先在设计阶段形成隐患，运行中持续放大，并通过温度与振动指标表现出来。,0.7177,BDES-00258,BearingDesignSpec,design
BFB-03674,BRG-03674,OR021,outer_race_fault,outer_race,severe,0.7474,诊断结果显示轴承出现严重外圈故障，根因更可能来自材料阶段实体 BMAT-00474 的风险累积。,风险首先在材料阶段形成隐患，运行中持续放大，并通过温度与振动指标表现出来。,0.6736,BMAT-00474,MaterialBatch,material
BFB-03675,BRG-03675,IR007,inner_race_fault,inner_race,slight,0.6842,该样本的生命周期风险在制造阶段较突出，能够解释当前轻微内圈故障的主要失效模式。,早期表现为局部接触应力升高，随后振动冲击增强，最终演化为轻微内圈故障。,0.6387,BMAN-00979,ManufacturingBatch,manufacturing
BFB-03676,BRG-03676,OR007,outer_race_fault,outer_race,slight,0.6643,诊断结果显示轴承出现轻微外圈故障，根因更可能来自检测阶段实体 BINSP-03676 的风险累积。,风险首先在检测阶段形成隐患，运行中持续放大，并通过温度与振动指标表现出来。,0.6493,BINSP-03676,InspectionRecord,inspection
BFB-03677,BRG-03677,IR007,inner_race_fault,inner_race,slight,0.7387,该样本的生命周期风险在制造阶段较突出，能够解释当前轻微内圈故障的主要失效模式。,风险首先在制造阶段形成隐患，运行中持续放大，并通过温度与振动指标表现出来。,0.5459,BMAN-00031,ManufacturingBatch,manufacturing
BFB-03678,BRG-03678,OR007,outer_race_fault,outer_race,slight,0.6274,结合振动、峭度和温升特征，外圈故障与制造阶段异常高度一致，优先追溯到 BMAN-01091。,风险首先在制造阶段形成隐患，运行中持续放大，并通过温度与振动指标表现出来。,0.6775,BMAN-01091,ManufacturingBatch,manufacturing
BFB-03679,BRG-03679,OR007,outer_race_fault,outer_race,slight,0.6148,该样本的生命周期风险在制造阶段较突出，能够解释当前轻微外圈故障的主要失效模式。,风险首先在制造阶段形成隐患，运行中持续放大，并通过温度与振动指标表现出来。,0.5895,BMAN-00317,ManufacturingBatch,manufacturing
BFB-03680,BRG-03680,B021,rolling_element_fault,rolling_element,severe,0.7005,结合振动、峭度和温升特征，滚动体故障与材料阶段异常高度一致，优先追溯到 BMAT-00247。,异常由微小缺陷逐步发展为周期性冲击，检测指标随严重度上升而同步恶化。,0.7266,BMAT-00247,MaterialBatch,material
BFB-03681,BRG-03681,IR007,inner_race_fault,inner_race,slight,0.7279,诊断结果显示轴承出现轻微内圈故障，根因更可能来自材料阶段实体 BMAT-00189 的风险累积。,异常由微小缺陷逐步发展为周期性冲击，检测指标随严重度上升而同步恶化。,0.6429,BMAT-00189,MaterialBatch,material
BFB-03682,BRG-03682,B021,rolling_element_fault,rolling_element,severe,0.7187,诊断结果显示轴承出现严重滚动体故障，根因更可能来自制造阶段实体 BMAN-00813 的风险累积。,异常由微小缺陷逐步发展为周期性冲击，检测指标随严重度上升而同步恶化。,0.6878,BMAN-00813,ManufacturingBatch,manufacturing
BFB-03683,BRG-03683,B007,rolling_element_fault,rolling_element,slight,0.7162,该样本的生命周期风险在检测阶段较突出，能够解释当前轻微滚动体故障的主要失效模式。,早期表现为局部接触应力升高，随后振动冲击增强，最终演化为轻微滚动体故障。,0.623,BINSP-03683,InspectionRecord,inspection
BFB-03684,BRG-03684,IR007,inner_race_fault,inner_race,slight,0.6708,诊断结果显示轴承出现轻微内圈故障，根因更可能来自制造阶段实体 BMAN-00644 的风险累积。,风险首先在制造阶段形成隐患，运行中持续放大，并通过温度与振动指标表现出来。,0.6456,BMAN-00644,ManufacturingBatch,manufacturing
BFB-03685,BRG-03685,IR007,inner_race_fault,inner_race,slight,0.7055,诊断结果显示轴承出现轻微内圈故障，根因更可能来自检测阶段实体 BINSP-03685 的风险累积。,早期表现为局部接触应力升高，随后振动冲击增强，最终演化为轻微内圈故障。,0.5907,BINSP-03685,InspectionRecord,inspection
BFB-03686,BRG-03686,B014,rolling_element_fault,rolling_element,medium,0.699,该样本的生命周期风险在材料阶段较突出，能够解释当前中等滚动体故障的主要失效模式。,早期表现为局部接触应力升高，随后振动冲击增强，最终演化为中等滚动体故障。,0.7194,BMAT-00309,MaterialBatch,material
BFB-03687,BRG-03687,IR014,inner_race_fault,inner_race,medium,0.5854,结合振动、峭度和温升特征，内圈故障与制造阶段异常高度一致，优先追溯到 BMAN-00723。,异常由微小缺陷逐步发展为周期性冲击，检测指标随严重度上升而同步恶化。,0.6969,BMAN-00723,ManufacturingBatch,manufacturing
BFB-03688,BRG-03688,Normal,normal,none,normal,0.8803,该轴承样本生命周期风险较低，未形成明确故障追溯链。,运行状态平稳，检测指标未呈现持续恶化趋势。,0.8874,NORMAL_BASELINE,QualityFeedback,feedback
BFB-03689,BRG-03689,B014,rolling_element_fault,rolling_element,medium,0.71,结合振动、峭度和温升特征，滚动体故障与制造阶段异常高度一致，优先追溯到 BMAN-00061。,早期表现为局部接触应力升高，随后振动冲击增强，最终演化为中等滚动体故障。,0.6577,BMAN-00061,ManufacturingBatch,manufacturing
BFB-03690,BRG-03690,IR014,inner_race_fault,inner_race,medium,0.7241,该样本的生命周期风险在材料阶段较突出，能够解释当前中等内圈故障的主要失效模式。,异常由微小缺陷逐步发展为周期性冲击，检测指标随严重度上升而同步恶化。,0.6602,BMAT-00398,MaterialBatch,material
BFB-03691,BRG-03691,B014,rolling_element_fault,rolling_element,medium,0.6971,结合振动、峭度和温升特征，滚动体故障与装配阶段异常高度一致，优先追溯到 BASM-03691。,风险首先在装配阶段形成隐患，运行中持续放大，并通过温度与振动指标表现出来。,0.6366,BASM-03691,AssemblyRecord,assembly
BFB-03692,BRG-03692,B014,rolling_element_fault,rolling_element,medium,0.6941,诊断结果显示轴承出现中等滚动体故障，根因更可能来自运维阶段实体 BOPR-03692 的风险累积。,异常由微小缺陷逐步发展为周期性冲击，检测指标随严重度上升而同步恶化。,0.602,BOPR-03692,MaintenanceRecord,operation
BFB-03693,BRG-03693,OR014,outer_race_fault,outer_race,medium,0.754,诊断结果显示轴承出现中等外圈故障，根因更可能来自制造阶段实体 BMAN-01121 的风险累积。,风险首先在制造阶段形成隐患，运行中持续放大，并通过温度与振动指标表现出来。,0.7379,BMAN-01121,ManufacturingBatch,manufacturing
BFB-03694,BRG-03694,OR007,outer_race_fault,outer_race,slight,0.6515,结合振动、峭度和温升特征，外圈故障与设计阶段异常高度一致，优先追溯到 BDES-00707。,早期表现为局部接触应力升高，随后振动冲击增强，最终演化为轻微外圈故障。,0.6032,BDES-00707,BearingDesignSpec,design
BFB-03695,BRG-03695,IR014,inner_race_fault,inner_race,medium,0.6193,诊断结果显示轴承出现中等内圈故障，根因更可能来自材料阶段实体 BMAT-00074 的风险累积。,风险首先在材料阶段形成隐患，运行中持续放大，并通过温度与振动指标表现出来。,0.7238,BMAT-00074,MaterialBatch,material
BFB-03696,BRG-03696,B007,rolling_element_fault,rolling_element,slight,0.7332,结合振动、峭度和温升特征，滚动体故障与制造阶段异常高度一致，优先追溯到 BMAN-00354。,风险首先在制造阶段形成隐患，运行中持续放大，并通过温度与振动指标表现出来。,0.7233,BMAN-00354,ManufacturingBatch,manufacturing
BFB-03697,BRG-03697,IR007,inner_race_fault,inner_race,slight,0.7457,该样本的生命周期风险在装配阶段较突出，能够解释当前轻微内圈故障的主要失效模式。,异常由微小缺陷逐步发展为周期性冲击，检测指标随严重度上升而同步恶化。,0.7434,BASM-03697,AssemblyRecord,assembly
BFB-03698,BRG-03698,B014,rolling_element_fault,rolling_element,medium,0.6857,诊断结果显示轴承出现中等滚动体故障，根因更可能来自设计阶段实体 BDES-00612 的风险累积。,早期表现为局部接触应力升高，随后振动冲击增强，最终演化为中等滚动体故障。,0.6418,BDES-00612,BearingDesignSpec,design
BFB-03699,BRG-03699,IR014,inner_race_fault,inner_race,medium,0.7422,诊断结果显示轴承出现中等内圈故障，根因更可能来自运维阶段实体 BOPR-03699 的风险累积。,异常由微小缺陷逐步发展为周期性冲击，检测指标随严重度上升而同步恶化。,0.5966,BOPR-03699,MaintenanceRecord,operation
BFB-03700,BRG-03700,OR021,outer_race_fault,outer_race,severe,0.7545,结合振动、峭度和温升特征，外圈故障与制造阶段异常高度一致，优先追溯到 BMAN-00370。,异常由微小缺陷逐步发展为周期性冲击，检测指标随严重度上升而同步恶化。,0.6734,BMAN-00370,ManufacturingBatch,manufacturing
BFB-03701,BRG-03701,B014,rolling_element_fault,rolling_element,medium,0.7608,该样本的生命周期风险在制造阶段较突出，能够解释当前中等滚动体故障的主要失效模式。,风险首先在制造阶段形成隐患，运行中持续放大，并通过温度与振动指标表现出来。,0.7484,BMAN-00393,ManufacturingBatch,manufacturing
BFB-03702,BRG-03702,OR014,outer_race_fault,outer_race,medium,0.6933,该样本的生命周期风险在制造阶段较突出，能够解释当前中等外圈故障的主要失效模式。,异常由微小缺陷逐步发展为周期性冲击，检测指标随严重度上升而同步恶化。,0.6238,BMAN-00161,ManufacturingBatch,manufacturing
BFB-03703,BRG-03703,B007,rolling_element_fault,rolling_element,slight,0.7038,结合振动、峭度和温升特征，滚动体故障与材料阶段异常高度一致，优先追溯到 BMAT-00398。,异常由微小缺陷逐步发展为周期性冲击，检测指标随严重度上升而同步恶化。,0.6441,BMAT-00398,MaterialBatch,material
BFB-03704,BRG-03704,IR014,inner_race_fault,inner_race,medium,0.6961,诊断结果显示轴承出现中等内圈故障，根因更可能来自材料阶段实体 BMAT-00413 的风险累积。,异常由微小缺陷逐步发展为周期性冲击，检测指标随严重度上升而同步恶化。,0.6506,BMAT-00413,MaterialBatch,material
BFB-03705,BRG-03705,IR014,inner_race_fault,inner_race,medium,0.6945,结合振动、峭度和温升特征，内圈故障与材料阶段异常高度一致，优先追溯到 BMAT-00416。,早期表现为局部接触应力升高，随后振动冲击增强，最终演化为中等内圈故障。,0.7132,BMAT-00416,MaterialBatch,material
BFB-03706,BRG-03706,IR021,inner_race_fault,inner_race,severe,0.7542,诊断结果显示轴承出现严重内圈故障，根因更可能来自制造阶段实体 BMAN-00448 的风险累积。,早期表现为局部接触应力升高，随后振动冲击增强，最终演化为严重内圈故障。,0.6934,BMAN-00448,ManufacturingBatch,manufacturing
BFB-03707,BRG-03707,IR007,inner_race_fault,inner_race,slight,0.6829,诊断结果显示轴承出现轻微内圈故障，根因更可能来自装配阶段实体 BASM-03707 的风险累积。,风险首先在装配阶段形成隐患，运行中持续放大，并通过温度与振动指标表现出来。,0.687,BASM-03707,AssemblyRecord,assembly
BFB-03708,BRG-03708,B021,rolling_element_fault,rolling_element,severe,0.688,结合振动、峭度和温升特征，滚动体故障与制造阶段异常高度一致，优先追溯到 BMAN-00592。,风险首先在制造阶段形成隐患，运行中持续放大，并通过温度与振动指标表现出来。,0.7474,BMAN-00592,ManufacturingBatch,manufacturing
BFB-03709,BRG-03709,IR014,inner_race_fault,inner_race,medium,0.7134,诊断结果显示轴承出现中等内圈故障，根因更可能来自材料阶段实体 BMAT-00417 的风险累积。,异常由微小缺陷逐步发展为周期性冲击，检测指标随严重度上升而同步恶化。,0.6766,BMAT-00417,MaterialBatch,material
BFB-03710,BRG-03710,IR007,inner_race_fault,inner_race,slight,0.6654,结合振动、峭度和温升特征，内圈故障与设计阶段异常高度一致，优先追溯到 BDES-00633。,风险首先在设计阶段形成隐患，运行中持续放大，并通过温度与振动指标表现出来。,0.6805,BDES-00633,BearingDesignSpec,design
BFB-03711,BRG-03711,IR007,inner_race_fault,inner_race,slight,0.6918,诊断结果显示轴承出现轻微内圈故障，根因更可能来自制造阶段实体 BMAN-00400 的风险累积。,风险首先在制造阶段形成隐患，运行中持续放大，并通过温度与振动指标表现出来。,0.6756,BMAN-00400,ManufacturingBatch,manufacturing
BFB-03712,BRG-03712,B014,rolling_element_fault,rolling_element,medium,0.7528,结合振动、峭度和温升特征，滚动体故障与制造阶段异常高度一致，优先追溯到 BMAN-01172。,异常由微小缺陷逐步发展为周期性冲击，检测指标随严重度上升而同步恶化。,0.6629,BMAN-01172,ManufacturingBatch,manufacturing
BFB-03713,BRG-03713,Normal,normal,none,normal,0.9345,该轴承样本生命周期风险较低，未形成明确故障追溯链。,运行状态平稳，检测指标未呈现持续恶化趋势。,0.8149,NORMAL_BASELINE,QualityFeedback,feedback
BFB-03714,BRG-03714,B014,rolling_element_fault,rolling_element,medium,0.7462,该样本的生命周期风险在检测阶段较突出，能够解释当前中等滚动体故障的主要失效模式。,异常由微小缺陷逐步发展为周期性冲击，检测指标随严重度上升而同步恶化。,0.6655,BINSP-03714,InspectionRecord,inspection
BFB-03715,BRG-03715,OR014,outer_race_fault,outer_race,medium,0.6942,该样本的生命周期风险在检测阶段较突出，能够解释当前中等外圈故障的主要失效模式。,异常由微小缺陷逐步发展为周期性冲击，检测指标随严重度上升而同步恶化。,0.764,BINSP-03715,InspectionRecord,inspection
BFB-03716,BRG-03716,IR021,inner_race_fault,inner_race,severe,0.7115,结合振动、峭度和温升特征，内圈故障与检测阶段异常高度一致，优先追溯到 BINSP-03716。,异常由微小缺陷逐步发展为周期性冲击，检测指标随严重度上升而同步恶化。,0.704,BINSP-03716,InspectionRecord,inspection
BFB-03717,BRG-03717,OR021,outer_race_fault,outer_race,severe,0.731,该样本的生命周期风险在装配阶段较突出，能够解释当前严重外圈故障的主要失效模式。,异常由微小缺陷逐步发展为周期性冲击，检测指标随严重度上升而同步恶化。,0.6726,BASM-03717,AssemblyRecord,assembly
BFB-03718,BRG-03718,B021,rolling_element_fault,rolling_element,severe,0.7156,该样本的生命周期风险在制造阶段较突出，能够解释当前严重滚动体故障的主要失效模式。,异常由微小缺陷逐步发展为周期性冲击，检测指标随严重度上升而同步恶化。,0.6274,BMAN-00312,ManufacturingBatch,manufacturing
BFB-03719,BRG-03719,OR021,outer_race_fault,outer_race,severe,0.6858,该样本的生命周期风险在材料阶段较突出，能够解释当前严重外圈故障的主要失效模式。,异常由微小缺陷逐步发展为周期性冲击，检测指标随严重度上升而同步恶化。,0.7501,BMAT-00269,MaterialBatch,material
BFB-03720,BRG-03720,B007,rolling_element_fault,rolling_element,slight,0.7143,该样本的生命周期风险在设计阶段较突出，能够解释当前轻微滚动体故障的主要失效模式。,异常由微小缺陷逐步发展为周期性冲击，检测指标随严重度上升而同步恶化。,0.5785,BDES-00377,BearingDesignSpec,design
BFB-03721,BRG-03721,OR014,outer_race_fault,outer_race,medium,0.6117,诊断结果显示轴承出现中等外圈故障，根因更可能来自设计阶段实体 BDES-00163 的风险累积。,异常由微小缺陷逐步发展为周期性冲击，检测指标随严重度上升而同步恶化。,0.7358,BDES-00163,BearingDesignSpec,design
BFB-03722,BRG-03722,Normal,normal,none,normal,0.9109,该轴承样本生命周期风险较低，未形成明确故障追溯链。,运行状态平稳，检测指标未呈现持续恶化趋势。,0.8712,NORMAL_BASELINE,QualityFeedback,feedback
BFB-03723,BRG-03723,B021,rolling_element_fault,rolling_element,severe,0.7369,诊断结果显示轴承出现严重滚动体故障，根因更可能来自制造阶段实体 BMAN-00641 的风险累积。,早期表现为局部接触应力升高，随后振动冲击增强，最终演化为严重滚动体故障。,0.6993,BMAN-00641,ManufacturingBatch,manufacturing
BFB-03724,BRG-03724,Normal,normal,none,normal,0.8896,该轴承样本生命周期风险较低，未形成明确故障追溯链。,运行状态平稳，检测指标未呈现持续恶化趋势。,0.8776,NORMAL_BASELINE,QualityFeedback,feedback
BFB-03725,BRG-03725,IR007,inner_race_fault,inner_race,slight,0.6663,结合振动、峭度和温升特征，内圈故障与制造阶段异常高度一致，优先追溯到 BMAN-00099。,风险首先在制造阶段形成隐患，运行中持续放大，并通过温度与振动指标表现出来。,0.6591,BMAN-00099,ManufacturingBatch,manufacturing
BFB-03726,BRG-03726,Normal,normal,none,normal,0.9272,该轴承样本生命周期风险较低，未形成明确故障追溯链。,运行状态平稳，检测指标未呈现持续恶化趋势。,0.8157,NORMAL_BASELINE,QualityFeedback,feedback
BFB-03727,BRG-03727,OR014,outer_race_fault,outer_race,medium,0.7234,结合振动、峭度和温升特征，外圈故障与检测阶段异常高度一致，优先追溯到 BINSP-03727。,早期表现为局部接触应力升高，随后振动冲击增强，最终演化为中等外圈故障。,0.6976,BINSP-03727,InspectionRecord,inspection
BFB-03728,BRG-03728,IR014,inner_race_fault,inner_race,medium,0.7377,诊断结果显示轴承出现中等内圈故障，根因更可能来自装配阶段实体 BASM-03728 的风险累积。,异常由微小缺陷逐步发展为周期性冲击，检测指标随严重度上升而同步恶化。,0.6745,BASM-03728,AssemblyRecord,assembly
BFB-03729,BRG-03729,OR007,outer_race_fault,outer_race,slight,0.6631,该样本的生命周期风险在检测阶段较突出，能够解释当前轻微外圈故障的主要失效模式。,风险首先在检测阶段形成隐患，运行中持续放大，并通过温度与振动指标表现出来。,0.6468,BINSP-03729,InspectionRecord,inspection
BFB-03730,BRG-03730,IR007,inner_race_fault,inner_race,slight,0.6409,结合振动、峭度和温升特征，内圈故障与装配阶段异常高度一致，优先追溯到 BASM-03730。,风险首先在装配阶段形成隐患，运行中持续放大，并通过温度与振动指标表现出来。,0.7565,BASM-03730,AssemblyRecord,assembly
BFB-03731,BRG-03731,Normal,normal,none,normal,0.9488,该轴承样本生命周期风险较低，未形成明确故障追溯链。,运行状态平稳，检测指标未呈现持续恶化趋势。,0.8922,NORMAL_BASELINE,QualityFeedback,feedback
BFB-03732,BRG-03732,B014,rolling_element_fault,rolling_element,medium,0.7662,结合振动、峭度和温升特征，滚动体故障与运维阶段异常高度一致，优先追溯到 BOPR-03732。,早期表现为局部接触应力升高，随后振动冲击增强，最终演化为中等滚动体故障。,0.6709,BOPR-03732,MaintenanceRecord,operation
BFB-03733,BRG-03733,IR007,inner_race_fault,inner_race,slight,0.6759,该样本的生命周期风险在装配阶段较突出，能够解释当前轻微内圈故障的主要失效模式。,早期表现为局部接触应力升高，随后振动冲击增强，最终演化为轻微内圈故障。,0.6708,BASM-03733,AssemblyRecord,assembly
BFB-03734,BRG-03734,B014,rolling_element_fault,rolling_element,medium,0.7101,结合振动、峭度和温升特征，滚动体故障与制造阶段异常高度一致，优先追溯到 BMAN-00697。,异常由微小缺陷逐步发展为周期性冲击，检测指标随严重度上升而同步恶化。,0.6828,BMAN-00697,ManufacturingBatch,manufacturing
BFB-03735,BRG-03735,OR021,outer_race_fault,outer_race,severe,0.7425,诊断结果显示轴承出现严重外圈故障，根因更可能来自设计阶段实体 BDES-00705 的风险累积。,异常由微小缺陷逐步发展为周期性冲击，检测指标随严重度上升而同步恶化。,0.6934,BDES-00705,BearingDesignSpec,design
BFB-03736,BRG-03736,B021,rolling_element_fault,rolling_element,severe,0.7191,该样本的生命周期风险在材料阶段较突出，能够解释当前严重滚动体故障的主要失效模式。,风险首先在材料阶段形成隐患，运行中持续放大，并通过温度与振动指标表现出来。,0.7077,BMAT-00493,MaterialBatch,material
BFB-03737,BRG-03737,OR021,outer_race_fault,outer_race,severe,0.7457,该样本的生命周期风险在制造阶段较突出，能够解释当前严重外圈故障的主要失效模式。,早期表现为局部接触应力升高，随后振动冲击增强，最终演化为严重外圈故障。,0.674,BMAN-00440,ManufacturingBatch,manufacturing
BFB-03738,BRG-03738,B014,rolling_element_fault,rolling_element,medium,0.6538,该样本的生命周期风险在检测阶段较突出，能够解释当前中等滚动体故障的主要失效模式。,早期表现为局部接触应力升高，随后振动冲击增强，最终演化为中等滚动体故障。,0.6606,BINSP-03738,InspectionRecord,inspection
BFB-03739,BRG-03739,B014,rolling_element_fault,rolling_element,medium,0.6708,结合振动、峭度和温升特征，滚动体故障与材料阶段异常高度一致，优先追溯到 BMAT-00029。,异常由微小缺陷逐步发展为周期性冲击，检测指标随严重度上升而同步恶化。,0.6307,BMAT-00029,MaterialBatch,material
BFB-03740,BRG-03740,B014,rolling_element_fault,rolling_element,medium,0.6942,结合振动、峭度和温升特征，滚动体故障与制造阶段异常高度一致，优先追溯到 BMAN-00755。,异常由微小缺陷逐步发展为周期性冲击，检测指标随严重度上升而同步恶化。,0.6782,BMAN-00755,ManufacturingBatch,manufacturing
BFB-03741,BRG-03741,OR007,outer_race_fault,outer_race,slight,0.7976,结合振动、峭度和温升特征，外圈故障与制造阶段异常高度一致，优先追溯到 BMAN-00614。,风险首先在制造阶段形成隐患，运行中持续放大，并通过温度与振动指标表现出来。,0.7127,BMAN-00614,ManufacturingBatch,manufacturing
BFB-03742,BRG-03742,IR021,inner_race_fault,inner_race,severe,0.6789,诊断结果显示轴承出现严重内圈故障，根因更可能来自设计阶段实体 BDES-00069 的风险累积。,早期表现为局部接触应力升高，随后振动冲击增强，最终演化为严重内圈故障。,0.742,BDES-00069,BearingDesignSpec,design
BFB-03743,BRG-03743,Normal,normal,none,normal,0.9384,该轴承样本生命周期风险较低，未形成明确故障追溯链。,运行状态平稳，检测指标未呈现持续恶化趋势。,0.7905,NORMAL_BASELINE,QualityFeedback,feedback
BFB-03744,BRG-03744,IR007,inner_race_fault,inner_race,slight,0.6648,结合振动、峭度和温升特征，内圈故障与装配阶段异常高度一致，优先追溯到 BASM-03744。,早期表现为局部接触应力升高，随后振动冲击增强，最终演化为轻微内圈故障。,0.5844,BASM-03744,AssemblyRecord,assembly
BFB-03745,BRG-03745,IR014,inner_race_fault,inner_race,medium,0.7386,结合振动、峭度和温升特征，内圈故障与材料阶段异常高度一致，优先追溯到 BMAT-00202。,风险首先在材料阶段形成隐患，运行中持续放大，并通过温度与振动指标表现出来。,0.5856,BMAT-00202,MaterialBatch,material
BFB-03746,BRG-03746,OR014,outer_race_fault,outer_race,medium,0.7076,该样本的生命周期风险在制造阶段较突出，能够解释当前中等外圈故障的主要失效模式。,风险首先在制造阶段形成隐患，运行中持续放大，并通过温度与振动指标表现出来。,0.7417,BMAN-00457,ManufacturingBatch,manufacturing
BFB-03747,BRG-03747,B021,rolling_element_fault,rolling_element,severe,0.7625,该样本的生命周期风险在材料阶段较突出，能够解释当前严重滚动体故障的主要失效模式。,异常由微小缺陷逐步发展为周期性冲击，检测指标随严重度上升而同步恶化。,0.6934,BMAT-00500,MaterialBatch,material
BFB-03748,BRG-03748,B007,rolling_element_fault,rolling_element,slight,0.699,该样本的生命周期风险在装配阶段较突出，能够解释当前轻微滚动体故障的主要失效模式。,异常由微小缺陷逐步发展为周期性冲击，检测指标随严重度上升而同步恶化。,0.6927,BASM-03748,AssemblyRecord,assembly
BFB-03749,BRG-03749,IR007,inner_race_fault,inner_race,slight,0.7073,该样本的生命周期风险在制造阶段较突出，能够解释当前轻微内圈故障的主要失效模式。,早期表现为局部接触应力升高，随后振动冲击增强，最终演化为轻微内圈故障。,0.6154,BMAN-00116,ManufacturingBatch,manufacturing
BFB-03750,BRG-03750,B014,rolling_element_fault,rolling_element,medium,0.7521,结合振动、峭度和温升特征，滚动体故障与材料阶段异常高度一致，优先追溯到 BMAT-00322。,异常由微小缺陷逐步发展为周期性冲击，检测指标随严重度上升而同步恶化。,0.6616,BMAT-00322,MaterialBatch,material
BFB-03751,BRG-03751,IR014,inner_race_fault,inner_race,medium,0.7503,结合振动、峭度和温升特征，内圈故障与制造阶段异常高度一致，优先追溯到 BMAN-00090。,异常由微小缺陷逐步发展为周期性冲击，检测指标随严重度上升而同步恶化。,0.7002,BMAN-00090,ManufacturingBatch,manufacturing
BFB-03752,BRG-03752,IR014,inner_race_fault,inner_race,medium,0.7484,该样本的生命周期风险在制造阶段较突出，能够解释当前中等内圈故障的主要失效模式。,风险首先在制造阶段形成隐患，运行中持续放大，并通过温度与振动指标表现出来。,0.6928,BMAN-00723,ManufacturingBatch,manufacturing
BFB-03753,BRG-03753,B014,rolling_element_fault,rolling_element,medium,0.6238,诊断结果显示轴承出现中等滚动体故障，根因更可能来自运维阶段实体 BOPR-03753 的风险累积。,早期表现为局部接触应力升高，随后振动冲击增强，最终演化为中等滚动体故障。,0.6446,BOPR-03753,MaintenanceRecord,operation
BFB-03754,BRG-03754,OR014,outer_race_fault,outer_race,medium,0.7233,诊断结果显示轴承出现中等外圈故障，根因更可能来自设计阶段实体 BDES-00243 的风险累积。,风险首先在设计阶段形成隐患，运行中持续放大，并通过温度与振动指标表现出来。,0.7335,BDES-00243,BearingDesignSpec,design
BFB-03755,BRG-03755,IR021,inner_race_fault,inner_race,severe,0.7365,该样本的生命周期风险在检测阶段较突出，能够解释当前严重内圈故障的主要失效模式。,早期表现为局部接触应力升高，随后振动冲击增强，最终演化为严重内圈故障。,0.669,BINSP-03755,InspectionRecord,inspection
BFB-03756,BRG-03756,Normal,normal,none,normal,0.8818,该轴承样本生命周期风险较低，未形成明确故障追溯链。,运行状态平稳，检测指标未呈现持续恶化趋势。,0.8841,NORMAL_BASELINE,QualityFeedback,feedback
BFB-03757,BRG-03757,IR014,inner_race_fault,inner_race,medium,0.6716,诊断结果显示轴承出现中等内圈故障，根因更可能来自材料阶段实体 BMAT-00263 的风险累积。,异常由微小缺陷逐步发展为周期性冲击，检测指标随严重度上升而同步恶化。,0.6303,BMAT-00263,MaterialBatch,material
BFB-03758,BRG-03758,IR014,inner_race_fault,inner_race,medium,0.6668,诊断结果显示轴承出现中等内圈故障，根因更可能来自制造阶段实体 BMAN-00554 的风险累积。,早期表现为局部接触应力升高，随后振动冲击增强，最终演化为中等内圈故障。,0.6464,BMAN-00554,ManufacturingBatch,manufacturing
BFB-03759,BRG-03759,IR014,inner_race_fault,inner_race,medium,0.6664,诊断结果显示轴承出现中等内圈故障，根因更可能来自运维阶段实体 BOPR-03759 的风险累积。,早期表现为局部接触应力升高，随后振动冲击增强，最终演化为中等内圈故障。,0.7151,BOPR-03759,MaintenanceRecord,operation
BFB-03760,BRG-03760,B014,rolling_element_fault,rolling_element,medium,0.74,结合振动、峭度和温升特征，滚动体故障与材料阶段异常高度一致，优先追溯到 BMAT-00205。,风险首先在材料阶段形成隐患，运行中持续放大，并通过温度与振动指标表现出来。,0.7205,BMAT-00205,MaterialBatch,material
BFB-03761,BRG-03761,B014,rolling_element_fault,rolling_element,medium,0.6875,该样本的生命周期风险在设计阶段较突出，能够解释当前中等滚动体故障的主要失效模式。,风险首先在设计阶段形成隐患，运行中持续放大，并通过温度与振动指标表现出来。,0.7243,BDES-00791,BearingDesignSpec,design
BFB-03762,BRG-03762,Normal,normal,none,normal,0.9215,该轴承样本生命周期风险较低，未形成明确故障追溯链。,运行状态平稳，检测指标未呈现持续恶化趋势。,0.8721,NORMAL_BASELINE,QualityFeedback,feedback
BFB-03763,BRG-03763,B014,rolling_element_fault,rolling_element,medium,0.6339,诊断结果显示轴承出现中等滚动体故障，根因更可能来自设计阶段实体 BDES-00046 的风险累积。,风险首先在设计阶段形成隐患，运行中持续放大，并通过温度与振动指标表现出来。,0.7661,BDES-00046,BearingDesignSpec,design
BFB-03764,BRG-03764,Normal,normal,none,normal,0.904,该轴承样本生命周期风险较低，未形成明确故障追溯链。,运行状态平稳，检测指标未呈现持续恶化趋势。,0.8484,NORMAL_BASELINE,QualityFeedback,feedback
BFB-03765,BRG-03765,B014,rolling_element_fault,rolling_element,medium,0.6548,诊断结果显示轴承出现中等滚动体故障，根因更可能来自材料阶段实体 BMAT-00461 的风险累积。,风险首先在材料阶段形成隐患，运行中持续放大，并通过温度与振动指标表现出来。,0.6798,BMAT-00461,MaterialBatch,material
BFB-03766,BRG-03766,IR021,inner_race_fault,inner_race,severe,0.7376,结合振动、峭度和温升特征，内圈故障与制造阶段异常高度一致，优先追溯到 BMAN-00600。,风险首先在制造阶段形成隐患，运行中持续放大，并通过温度与振动指标表现出来。,0.6558,BMAN-00600,ManufacturingBatch,manufacturing
BFB-03767,BRG-03767,IR007,inner_race_fault,inner_race,slight,0.6984,诊断结果显示轴承出现轻微内圈故障，根因更可能来自材料阶段实体 BMAT-00258 的风险累积。,风险首先在材料阶段形成隐患，运行中持续放大，并通过温度与振动指标表现出来。,0.6402,BMAT-00258,MaterialBatch,material
BFB-03768,BRG-03768,B021,rolling_element_fault,rolling_element,severe,0.6738,该样本的生命周期风险在材料阶段较突出，能够解释当前严重滚动体故障的主要失效模式。,异常由微小缺陷逐步发展为周期性冲击，检测指标随严重度上升而同步恶化。,0.6829,BMAT-00341,MaterialBatch,material
BFB-03769,BRG-03769,OR007,outer_race_fault,outer_race,slight,0.6531,结合振动、峭度和温升特征，外圈故障与运维阶段异常高度一致，优先追溯到 BOPR-03769。,异常由微小缺陷逐步发展为周期性冲击，检测指标随严重度上升而同步恶化。,0.6998,BOPR-03769,MaintenanceRecord,operation
BFB-03770,BRG-03770,Normal,normal,none,normal,0.8948,该轴承样本生命周期风险较低，未形成明确故障追溯链。,运行状态平稳，检测指标未呈现持续恶化趋势。,0.8234,NORMAL_BASELINE,QualityFeedback,feedback
BFB-03771,BRG-03771,B014,rolling_element_fault,rolling_element,medium,0.6995,该样本的生命周期风险在制造阶段较突出，能够解释当前中等滚动体故障的主要失效模式。,异常由微小缺陷逐步发展为周期性冲击，检测指标随严重度上升而同步恶化。,0.5588,BMAN-00436,ManufacturingBatch,manufacturing
BFB-03772,BRG-03772,OR014,outer_race_fault,outer_race,medium,0.7633,结合振动、峭度和温升特征，外圈故障与制造阶段异常高度一致，优先追溯到 BMAN-00135。,早期表现为局部接触应力升高，随后振动冲击增强，最终演化为中等外圈故障。,0.7838,BMAN-00135,ManufacturingBatch,manufacturing
BFB-03773,BRG-03773,IR014,inner_race_fault,inner_race,medium,0.6435,结合振动、峭度和温升特征，内圈故障与装配阶段异常高度一致，优先追溯到 BASM-03773。,异常由微小缺陷逐步发展为周期性冲击，检测指标随严重度上升而同步恶化。,0.6318,BASM-03773,AssemblyRecord,assembly
BFB-03774,BRG-03774,OR014,outer_race_fault,outer_race,medium,0.7435,诊断结果显示轴承出现中等外圈故障，根因更可能来自制造阶段实体 BMAN-00924 的风险累积。,异常由微小缺陷逐步发展为周期性冲击，检测指标随严重度上升而同步恶化。,0.6575,BMAN-00924,ManufacturingBatch,manufacturing
BFB-03775,BRG-03775,IR014,inner_race_fault,inner_race,medium,0.767,该样本的生命周期风险在装配阶段较突出，能够解释当前中等内圈故障的主要失效模式。,风险首先在装配阶段形成隐患，运行中持续放大，并通过温度与振动指标表现出来。,0.6746,BASM-03775,AssemblyRecord,assembly
BFB-03776,BRG-03776,Normal,normal,none,normal,0.8884,该轴承样本生命周期风险较低，未形成明确故障追溯链。,运行状态平稳，检测指标未呈现持续恶化趋势。,0.7841,NORMAL_BASELINE,QualityFeedback,feedback
BFB-03777,BRG-03777,Normal,normal,none,normal,0.9579,该轴承样本生命周期风险较低，未形成明确故障追溯链。,运行状态平稳，检测指标未呈现持续恶化趋势。,0.8224,NORMAL_BASELINE,QualityFeedback,feedback
BFB-03778,BRG-03778,IR021,inner_race_fault,inner_race,severe,0.645,结合振动、峭度和温升特征，内圈故障与检测阶段异常高度一致，优先追溯到 BINSP-03778。,异常由微小缺陷逐步发展为周期性冲击，检测指标随严重度上升而同步恶化。,0.6546,BINSP-03778,InspectionRecord,inspection
BFB-03779,BRG-03779,B007,rolling_element_fault,rolling_element,slight,0.7188,诊断结果显示轴承出现轻微滚动体故障，根因更可能来自检测阶段实体 BINSP-03779 的风险累积。,风险首先在检测阶段形成隐患，运行中持续放大，并通过温度与振动指标表现出来。,0.5418,BINSP-03779,InspectionRecord,inspection
BFB-03780,BRG-03780,IR021,inner_race_fault,inner_race,severe,0.8448,结合振动、峭度和温升特征，内圈故障与装配阶段异常高度一致，优先追溯到 BASM-03780。,早期表现为局部接触应力升高，随后振动冲击增强，最终演化为严重内圈故障。,0.7346,BASM-03780,AssemblyRecord,assembly
BFB-03781,BRG-03781,B014,rolling_element_fault,rolling_element,medium,0.7258,结合振动、峭度和温升特征，滚动体故障与制造阶段异常高度一致，优先追溯到 BMAN-00216。,风险首先在制造阶段形成隐患，运行中持续放大，并通过温度与振动指标表现出来。,0.6751,BMAN-00216,ManufacturingBatch,manufacturing
BFB-03782,BRG-03782,B014,rolling_element_fault,rolling_element,medium,0.7347,诊断结果显示轴承出现中等滚动体故障，根因更可能来自制造阶段实体 BMAN-01033 的风险累积。,早期表现为局部接触应力升高，随后振动冲击增强，最终演化为中等滚动体故障。,0.6257,BMAN-01033,ManufacturingBatch,manufacturing
BFB-03783,BRG-03783,OR021,outer_race_fault,outer_race,severe,0.7331,该样本的生命周期风险在运维阶段较突出，能够解释当前严重外圈故障的主要失效模式。,风险首先在运维阶段形成隐患，运行中持续放大，并通过温度与振动指标表现出来。,0.7003,BOPR-03783,MaintenanceRecord,operation
BFB-03784,BRG-03784,Normal,normal,none,normal,0.922,该轴承样本生命周期风险较低，未形成明确故障追溯链。,运行状态平稳，检测指标未呈现持续恶化趋势。,0.8954,NORMAL_BASELINE,QualityFeedback,feedback
BFB-03785,BRG-03785,B014,rolling_element_fault,rolling_element,medium,0.6322,诊断结果显示轴承出现中等滚动体故障，根因更可能来自检测阶段实体 BINSP-03785 的风险累积。,风险首先在检测阶段形成隐患，运行中持续放大，并通过温度与振动指标表现出来。,0.6973,BINSP-03785,InspectionRecord,inspection
BFB-03786,BRG-03786,Normal,normal,none,normal,0.9463,该轴承样本生命周期风险较低，未形成明确故障追溯链。,运行状态平稳，检测指标未呈现持续恶化趋势。,0.8388,NORMAL_BASELINE,QualityFeedback,feedback
BFB-03787,BRG-03787,OR014,outer_race_fault,outer_race,medium,0.7991,该样本的生命周期风险在装配阶段较突出，能够解释当前中等外圈故障的主要失效模式。,风险首先在装配阶段形成隐患，运行中持续放大，并通过温度与振动指标表现出来。,0.6742,BASM-03787,AssemblyRecord,assembly
BFB-03788,BRG-03788,B021,rolling_element_fault,rolling_element,severe,0.672,该样本的生命周期风险在制造阶段较突出，能够解释当前严重滚动体故障的主要失效模式。,早期表现为局部接触应力升高，随后振动冲击增强，最终演化为严重滚动体故障。,0.5969,BMAN-00802,ManufacturingBatch,manufacturing
BFB-03789,BRG-03789,OR007,outer_race_fault,outer_race,slight,0.7233,诊断结果显示轴承出现轻微外圈故障，根因更可能来自装配阶段实体 BASM-03789 的风险累积。,风险首先在装配阶段形成隐患，运行中持续放大，并通过温度与振动指标表现出来。,0.6707,BASM-03789,AssemblyRecord,assembly
BFB-03790,BRG-03790,IR007,inner_race_fault,inner_race,slight,0.6704,诊断结果显示轴承出现轻微内圈故障，根因更可能来自运维阶段实体 BOPR-03790 的风险累积。,异常由微小缺陷逐步发展为周期性冲击，检测指标随严重度上升而同步恶化。,0.6511,BOPR-03790,MaintenanceRecord,operation
BFB-03791,BRG-03791,IR021,inner_race_fault,inner_race,severe,0.7413,结合振动、峭度和温升特征，内圈故障与检测阶段异常高度一致，优先追溯到 BINSP-03791。,早期表现为局部接触应力升高，随后振动冲击增强，最终演化为严重内圈故障。,0.704,BINSP-03791,InspectionRecord,inspection
BFB-03792,BRG-03792,IR014,inner_race_fault,inner_race,medium,0.6688,该样本的生命周期风险在装配阶段较突出，能够解释当前中等内圈故障的主要失效模式。,异常由微小缺陷逐步发展为周期性冲击，检测指标随严重度上升而同步恶化。,0.7988,BASM-03792,AssemblyRecord,assembly
BFB-03793,BRG-03793,IR021,inner_race_fault,inner_race,severe,0.7701,结合振动、峭度和温升特征，内圈故障与设计阶段异常高度一致，优先追溯到 BDES-00751。,早期表现为局部接触应力升高，随后振动冲击增强，最终演化为严重内圈故障。,0.7085,BDES-00751,BearingDesignSpec,design
BFB-03794,BRG-03794,Normal,normal,none,normal,0.9004,该轴承样本生命周期风险较低，未形成明确故障追溯链。,运行状态平稳，检测指标未呈现持续恶化趋势。,0.8674,NORMAL_BASELINE,QualityFeedback,feedback
BFB-03795,BRG-03795,Normal,normal,none,normal,0.9071,该轴承样本生命周期风险较低，未形成明确故障追溯链。,运行状态平稳，检测指标未呈现持续恶化趋势。,0.8685,NORMAL_BASELINE,QualityFeedback,feedback
BFB-03796,BRG-03796,Normal,normal,none,normal,0.9161,该轴承样本生命周期风险较低，未形成明确故障追溯链。,运行状态平稳，检测指标未呈现持续恶化趋势。,0.8754,NORMAL_BASELINE,QualityFeedback,feedback
BFB-03797,BRG-03797,B007,rolling_element_fault,rolling_element,slight,0.6511,结合振动、峭度和温升特征，滚动体故障与装配阶段异常高度一致，优先追溯到 BASM-03797。,早期表现为局部接触应力升高，随后振动冲击增强，最终演化为轻微滚动体故障。,0.6397,BASM-03797,AssemblyRecord,assembly
BFB-03798,BRG-03798,B014,rolling_element_fault,rolling_element,medium,0.7585,结合振动、峭度和温升特征，滚动体故障与制造阶段异常高度一致，优先追溯到 BMAN-00783。,早期表现为局部接触应力升高，随后振动冲击增强，最终演化为中等滚动体故障。,0.6508,BMAN-00783,ManufacturingBatch,manufacturing
BFB-03799,BRG-03799,IR014,inner_race_fault,inner_race,medium,0.7962,结合振动、峭度和温升特征，内圈故障与材料阶段异常高度一致，优先追溯到 BMAT-00012。,早期表现为局部接触应力升高，随后振动冲击增强，最终演化为中等内圈故障。,0.6798,BMAT-00012,MaterialBatch,material
BFB-03800,BRG-03800,B014,rolling_element_fault,rolling_element,medium,0.7077,结合振动、峭度和温升特征，滚动体故障与制造阶段异常高度一致，优先追溯到 BMAN-01031。,早期表现为局部接触应力升高，随后振动冲击增强，最终演化为中等滚动体故障。,0.7021,BMAN-01031,ManufacturingBatch,manufacturing
BFB-03801,BRG-03801,IR021,inner_race_fault,inner_race,severe,0.7129,结合振动、峭度和温升特征，内圈故障与材料阶段异常高度一致，优先追溯到 BMAT-00238。,风险首先在材料阶段形成隐患，运行中持续放大，并通过温度与振动指标表现出来。,0.6758,BMAT-00238,MaterialBatch,material
BFB-03802,BRG-03802,IR014,inner_race_fault,inner_race,medium,0.7161,诊断结果显示轴承出现中等内圈故障，根因更可能来自运维阶段实体 BOPR-03802 的风险累积。,早期表现为局部接触应力升高，随后振动冲击增强，最终演化为中等内圈故障。,0.7161,BOPR-03802,MaintenanceRecord,operation
BFB-03803,BRG-03803,IR014,inner_race_fault,inner_race,medium,0.65,诊断结果显示轴承出现中等内圈故障，根因更可能来自设计阶段实体 BDES-00751 的风险累积。,早期表现为局部接触应力升高，随后振动冲击增强，最终演化为中等内圈故障。,0.6092,BDES-00751,BearingDesignSpec,design
BFB-03804,BRG-03804,IR007,inner_race_fault,inner_race,slight,0.713,结合振动、峭度和温升特征，内圈故障与制造阶段异常高度一致，优先追溯到 BMAN-00737。,风险首先在制造阶段形成隐患，运行中持续放大，并通过温度与振动指标表现出来。,0.7148,BMAN-00737,ManufacturingBatch,manufacturing
BFB-03805,BRG-03805,OR014,outer_race_fault,outer_race,medium,0.655,诊断结果显示轴承出现中等外圈故障，根因更可能来自检测阶段实体 BINSP-03805 的风险累积。,早期表现为局部接触应力升高，随后振动冲击增强，最终演化为中等外圈故障。,0.6053,BINSP-03805,InspectionRecord,inspection
BFB-03806,BRG-03806,OR021,outer_race_fault,outer_race,severe,0.6803,诊断结果显示轴承出现严重外圈故障，根因更可能来自制造阶段实体 BMAN-00878 的风险累积。,异常由微小缺陷逐步发展为周期性冲击，检测指标随严重度上升而同步恶化。,0.7258,BMAN-00878,ManufacturingBatch,manufacturing
BFB-03807,BRG-03807,B021,rolling_element_fault,rolling_element,severe,0.7345,结合振动、峭度和温升特征，滚动体故障与材料阶段异常高度一致，优先追溯到 BMAT-00188。,风险首先在材料阶段形成隐患，运行中持续放大，并通过温度与振动指标表现出来。,0.702,BMAT-00188,MaterialBatch,material
BFB-03808,BRG-03808,OR021,outer_race_fault,outer_race,severe,0.7026,诊断结果显示轴承出现严重外圈故障，根因更可能来自装配阶段实体 BASM-03808 的风险累积。,早期表现为局部接触应力升高，随后振动冲击增强，最终演化为严重外圈故障。,0.6381,BASM-03808,AssemblyRecord,assembly
BFB-03809,BRG-03809,B014,rolling_element_fault,rolling_element,medium,0.695,结合振动、峭度和温升特征，滚动体故障与材料阶段异常高度一致，优先追溯到 BMAT-00336。,早期表现为局部接触应力升高，随后振动冲击增强，最终演化为中等滚动体故障。,0.6354,BMAT-00336,MaterialBatch,material
BFB-03810,BRG-03810,OR014,outer_race_fault,outer_race,medium,0.7076,该样本的生命周期风险在制造阶段较突出，能够解释当前中等外圈故障的主要失效模式。,异常由微小缺陷逐步发展为周期性冲击，检测指标随严重度上升而同步恶化。,0.6133,BMAN-00293,ManufacturingBatch,manufacturing
BFB-03811,BRG-03811,Normal,normal,none,normal,0.9019,该轴承样本生命周期风险较低，未形成明确故障追溯链。,运行状态平稳，检测指标未呈现持续恶化趋势。,0.8735,NORMAL_BASELINE,QualityFeedback,feedback
BFB-03812,BRG-03812,B007,rolling_element_fault,rolling_element,slight,0.6106,该样本的生命周期风险在运维阶段较突出，能够解释当前轻微滚动体故障的主要失效模式。,风险首先在运维阶段形成隐患，运行中持续放大，并通过温度与振动指标表现出来。,0.6803,BOPR-03812,MaintenanceRecord,operation
BFB-03813,BRG-03813,B021,rolling_element_fault,rolling_element,severe,0.7705,该样本的生命周期风险在制造阶段较突出，能够解释当前严重滚动体故障的主要失效模式。,异常由微小缺陷逐步发展为周期性冲击，检测指标随严重度上升而同步恶化。,0.7227,BMAN-00598,ManufacturingBatch,manufacturing
BFB-03814,BRG-03814,IR007,inner_race_fault,inner_race,slight,0.7004,该样本的生命周期风险在制造阶段较突出，能够解释当前轻微内圈故障的主要失效模式。,早期表现为局部接触应力升高，随后振动冲击增强，最终演化为轻微内圈故障。,0.5477,BMAN-00809,ManufacturingBatch,manufacturing
BFB-03815,BRG-03815,IR014,inner_race_fault,inner_race,medium,0.6645,诊断结果显示轴承出现中等内圈故障，根因更可能来自装配阶段实体 BASM-03815 的风险累积。,风险首先在装配阶段形成隐患，运行中持续放大，并通过温度与振动指标表现出来。,0.6475,BASM-03815,AssemblyRecord,assembly
BFB-03816,BRG-03816,B021,rolling_element_fault,rolling_element,severe,0.7172,结合振动、峭度和温升特征，滚动体故障与制造阶段异常高度一致，优先追溯到 BMAN-00682。,异常由微小缺陷逐步发展为周期性冲击，检测指标随严重度上升而同步恶化。,0.6683,BMAN-00682,ManufacturingBatch,manufacturing
BFB-03817,BRG-03817,OR021,outer_race_fault,outer_race,severe,0.7365,结合振动、峭度和温升特征，外圈故障与制造阶段异常高度一致，优先追溯到 BMAN-00534。,早期表现为局部接触应力升高，随后振动冲击增强，最终演化为严重外圈故障。,0.6684,BMAN-00534,ManufacturingBatch,manufacturing
BFB-03818,BRG-03818,Normal,normal,none,normal,0.8786,该轴承样本生命周期风险较低，未形成明确故障追溯链。,运行状态平稳，检测指标未呈现持续恶化趋势。,0.8865,NORMAL_BASELINE,QualityFeedback,feedback
BFB-03819,BRG-03819,IR007,inner_race_fault,inner_race,slight,0.7071,诊断结果显示轴承出现轻微内圈故障，根因更可能来自制造阶段实体 BMAN-00973 的风险累积。,早期表现为局部接触应力升高，随后振动冲击增强，最终演化为轻微内圈故障。,0.6859,BMAN-00973,ManufacturingBatch,manufacturing
BFB-03820,BRG-03820,OR021,outer_race_fault,outer_race,severe,0.7176,诊断结果显示轴承出现严重外圈故障，根因更可能来自运维阶段实体 BOPR-03820 的风险累积。,异常由微小缺陷逐步发展为周期性冲击，检测指标随严重度上升而同步恶化。,0.6894,BOPR-03820,MaintenanceRecord,operation
BFB-03821,BRG-03821,IR007,inner_race_fault,inner_race,slight,0.6985,结合振动、峭度和温升特征，内圈故障与装配阶段异常高度一致，优先追溯到 BASM-03821。,早期表现为局部接触应力升高，随后振动冲击增强，最终演化为轻微内圈故障。,0.6117,BASM-03821,AssemblyRecord,assembly
BFB-03822,BRG-03822,B014,rolling_element_fault,rolling_element,medium,0.7145,诊断结果显示轴承出现中等滚动体故障，根因更可能来自装配阶段实体 BASM-03822 的风险累积。,异常由微小缺陷逐步发展为周期性冲击，检测指标随严重度上升而同步恶化。,0.5842,BASM-03822,AssemblyRecord,assembly
BFB-03823,BRG-03823,OR021,outer_race_fault,outer_race,severe,0.7883,结合振动、峭度和温升特征，外圈故障与装配阶段异常高度一致，优先追溯到 BASM-03823。,早期表现为局部接触应力升高，随后振动冲击增强，最终演化为严重外圈故障。,0.7283,BASM-03823,AssemblyRecord,assembly
BFB-03824,BRG-03824,OR021,outer_race_fault,outer_race,severe,0.7254,该样本的生命周期风险在制造阶段较突出，能够解释当前严重外圈故障的主要失效模式。,风险首先在制造阶段形成隐患，运行中持续放大，并通过温度与振动指标表现出来。,0.7689,BMAN-00498,ManufacturingBatch,manufacturing
BFB-03825,BRG-03825,OR014,outer_race_fault,outer_race,medium,0.7177,诊断结果显示轴承出现中等外圈故障，根因更可能来自装配阶段实体 BASM-03825 的风险累积。,早期表现为局部接触应力升高，随后振动冲击增强，最终演化为中等外圈故障。,0.825,BASM-03825,AssemblyRecord,assembly
BFB-03826,BRG-03826,IR021,inner_race_fault,inner_race,severe,0.76,诊断结果显示轴承出现严重内圈故障，根因更可能来自制造阶段实体 BMAN-01016 的风险累积。,风险首先在制造阶段形成隐患，运行中持续放大，并通过温度与振动指标表现出来。,0.686,BMAN-01016,ManufacturingBatch,manufacturing
BFB-03827,BRG-03827,IR007,inner_race_fault,inner_race,slight,0.6965,诊断结果显示轴承出现轻微内圈故障，根因更可能来自制造阶段实体 BMAN-00561 的风险累积。,早期表现为局部接触应力升高，随后振动冲击增强，最终演化为轻微内圈故障。,0.7226,BMAN-00561,ManufacturingBatch,manufacturing
BFB-03828,BRG-03828,Normal,normal,none,normal,0.9093,该轴承样本生命周期风险较低，未形成明确故障追溯链。,运行状态平稳，检测指标未呈现持续恶化趋势。,0.892,NORMAL_BASELINE,QualityFeedback,feedback
BFB-03829,BRG-03829,IR014,inner_race_fault,inner_race,medium,0.6942,结合振动、峭度和温升特征，内圈故障与制造阶段异常高度一致，优先追溯到 BMAN-01062。,异常由微小缺陷逐步发展为周期性冲击，检测指标随严重度上升而同步恶化。,0.6746,BMAN-01062,ManufacturingBatch,manufacturing
BFB-03830,BRG-03830,B007,rolling_element_fault,rolling_element,slight,0.7156,诊断结果显示轴承出现轻微滚动体故障，根因更可能来自检测阶段实体 BINSP-03830 的风险累积。,异常由微小缺陷逐步发展为周期性冲击，检测指标随严重度上升而同步恶化。,0.6646,BINSP-03830,InspectionRecord,inspection
BFB-03831,BRG-03831,B007,rolling_element_fault,rolling_element,slight,0.6752,该样本的生命周期风险在装配阶段较突出，能够解释当前轻微滚动体故障的主要失效模式。,早期表现为局部接触应力升高，随后振动冲击增强，最终演化为轻微滚动体故障。,0.674,BASM-03831,AssemblyRecord,assembly
BFB-03832,BRG-03832,OR014,outer_race_fault,outer_race,medium,0.6367,诊断结果显示轴承出现中等外圈故障，根因更可能来自材料阶段实体 BMAT-00247 的风险累积。,异常由微小缺陷逐步发展为周期性冲击，检测指标随严重度上升而同步恶化。,0.6393,BMAT-00247,MaterialBatch,material
BFB-03833,BRG-03833,B014,rolling_element_fault,rolling_element,medium,0.6386,诊断结果显示轴承出现中等滚动体故障，根因更可能来自装配阶段实体 BASM-03833 的风险累积。,早期表现为局部接触应力升高，随后振动冲击增强，最终演化为中等滚动体故障。,0.6504,BASM-03833,AssemblyRecord,assembly
BFB-03834,BRG-03834,B007,rolling_element_fault,rolling_element,slight,0.6909,该样本的生命周期风险在检测阶段较突出，能够解释当前轻微滚动体故障的主要失效模式。,风险首先在检测阶段形成隐患，运行中持续放大，并通过温度与振动指标表现出来。,0.6392,BINSP-03834,InspectionRecord,inspection
BFB-03835,BRG-03835,Normal,normal,none,normal,0.9511,该轴承样本生命周期风险较低，未形成明确故障追溯链。,运行状态平稳，检测指标未呈现持续恶化趋势。,0.8682,NORMAL_BASELINE,QualityFeedback,feedback
BFB-03836,BRG-03836,OR021,outer_race_fault,outer_race,severe,0.69,诊断结果显示轴承出现严重外圈故障，根因更可能来自装配阶段实体 BASM-03836 的风险累积。,早期表现为局部接触应力升高，随后振动冲击增强，最终演化为严重外圈故障。,0.6068,BASM-03836,AssemblyRecord,assembly
BFB-03837,BRG-03837,OR007,outer_race_fault,outer_race,slight,0.6953,诊断结果显示轴承出现轻微外圈故障，根因更可能来自装配阶段实体 BASM-03837 的风险累积。,异常由微小缺陷逐步发展为周期性冲击，检测指标随严重度上升而同步恶化。,0.651,BASM-03837,AssemblyRecord,assembly
BFB-03838,BRG-03838,B014,rolling_element_fault,rolling_element,medium,0.7026,结合振动、峭度和温升特征，滚动体故障与装配阶段异常高度一致，优先追溯到 BASM-03838。,早期表现为局部接触应力升高，随后振动冲击增强，最终演化为中等滚动体故障。,0.6538,BASM-03838,AssemblyRecord,assembly
BFB-03839,BRG-03839,OR014,outer_race_fault,outer_race,medium,0.726,结合振动、峭度和温升特征，外圈故障与制造阶段异常高度一致，优先追溯到 BMAN-00514。,早期表现为局部接触应力升高，随后振动冲击增强，最终演化为中等外圈故障。,0.7877,BMAN-00514,ManufacturingBatch,manufacturing
BFB-03840,BRG-03840,IR007,inner_race_fault,inner_race,slight,0.721,结合振动、峭度和温升特征，内圈故障与装配阶段异常高度一致，优先追溯到 BASM-03840。,早期表现为局部接触应力升高，随后振动冲击增强，最终演化为轻微内圈故障。,0.6376,BASM-03840,AssemblyRecord,assembly
BFB-03841,BRG-03841,IR007,inner_race_fault,inner_race,slight,0.6107,诊断结果显示轴承出现轻微内圈故障，根因更可能来自材料阶段实体 BMAT-00364 的风险累积。,风险首先在材料阶段形成隐患，运行中持续放大，并通过温度与振动指标表现出来。,0.6689,BMAT-00364,MaterialBatch,material
BFB-03842,BRG-03842,OR007,outer_race_fault,outer_race,slight,0.6337,诊断结果显示轴承出现轻微外圈故障，根因更可能来自制造阶段实体 BMAN-00568 的风险累积。,异常由微小缺陷逐步发展为周期性冲击，检测指标随严重度上升而同步恶化。,0.6757,BMAN-00568,ManufacturingBatch,manufacturing
BFB-03843,BRG-03843,B007,rolling_element_fault,rolling_element,slight,0.6703,结合振动、峭度和温升特征，滚动体故障与运维阶段异常高度一致，优先追溯到 BOPR-03843。,异常由微小缺陷逐步发展为周期性冲击，检测指标随严重度上升而同步恶化。,0.6515,BOPR-03843,MaintenanceRecord,operation
BFB-03844,BRG-03844,OR021,outer_race_fault,outer_race,severe,0.7109,该样本的生命周期风险在装配阶段较突出，能够解释当前严重外圈故障的主要失效模式。,异常由微小缺陷逐步发展为周期性冲击，检测指标随严重度上升而同步恶化。,0.7122,BASM-03844,AssemblyRecord,assembly
BFB-03845,BRG-03845,Normal,normal,none,normal,0.9187,该轴承样本生命周期风险较低，未形成明确故障追溯链。,运行状态平稳，检测指标未呈现持续恶化趋势。,0.7817,NORMAL_BASELINE,QualityFeedback,feedback
BFB-03846,BRG-03846,Normal,normal,none,normal,0.9327,该轴承样本生命周期风险较低，未形成明确故障追溯链。,运行状态平稳，检测指标未呈现持续恶化趋势。,0.8562,NORMAL_BASELINE,QualityFeedback,feedback
BFB-03847,BRG-03847,IR014,inner_race_fault,inner_race,medium,0.7344,结合振动、峭度和温升特征，内圈故障与材料阶段异常高度一致，优先追溯到 BMAT-00077。,早期表现为局部接触应力升高，随后振动冲击增强，最终演化为中等内圈故障。,0.6781,BMAT-00077,MaterialBatch,material
BFB-03848,BRG-03848,IR014,inner_race_fault,inner_race,medium,0.753,该样本的生命周期风险在装配阶段较突出，能够解释当前中等内圈故障的主要失效模式。,风险首先在装配阶段形成隐患，运行中持续放大，并通过温度与振动指标表现出来。,0.6696,BASM-03848,AssemblyRecord,assembly
BFB-03849,BRG-03849,IR007,inner_race_fault,inner_race,slight,0.6739,结合振动、峭度和温升特征，内圈故障与运维阶段异常高度一致，优先追溯到 BOPR-03849。,异常由微小缺陷逐步发展为周期性冲击，检测指标随严重度上升而同步恶化。,0.5897,BOPR-03849,MaintenanceRecord,operation
BFB-03850,BRG-03850,IR021,inner_race_fault,inner_race,severe,0.7954,该样本的生命周期风险在设计阶段较突出，能够解释当前严重内圈故障的主要失效模式。,异常由微小缺陷逐步发展为周期性冲击，检测指标随严重度上升而同步恶化。,0.599,BDES-00697,BearingDesignSpec,design
BFB-03851,BRG-03851,OR014,outer_race_fault,outer_race,medium,0.7165,结合振动、峭度和温升特征，外圈故障与制造阶段异常高度一致，优先追溯到 BMAN-00663。,异常由微小缺陷逐步发展为周期性冲击，检测指标随严重度上升而同步恶化。,0.7326,BMAN-00663,ManufacturingBatch,manufacturing
BFB-03852,BRG-03852,B014,rolling_element_fault,rolling_element,medium,0.7345,该样本的生命周期风险在装配阶段较突出，能够解释当前中等滚动体故障的主要失效模式。,风险首先在装配阶段形成隐患，运行中持续放大，并通过温度与振动指标表现出来。,0.6656,BASM-03852,AssemblyRecord,assembly
BFB-03853,BRG-03853,B007,rolling_element_fault,rolling_element,slight,0.6802,结合振动、峭度和温升特征，滚动体故障与制造阶段异常高度一致，优先追溯到 BMAN-01118。,异常由微小缺陷逐步发展为周期性冲击，检测指标随严重度上升而同步恶化。,0.6234,BMAN-01118,ManufacturingBatch,manufacturing
BFB-03854,BRG-03854,OR014,outer_race_fault,outer_race,medium,0.6623,该样本的生命周期风险在装配阶段较突出，能够解释当前中等外圈故障的主要失效模式。,风险首先在装配阶段形成隐患，运行中持续放大，并通过温度与振动指标表现出来。,0.6439,BASM-03854,AssemblyRecord,assembly
BFB-03855,BRG-03855,IR007,inner_race_fault,inner_race,slight,0.6846,诊断结果显示轴承出现轻微内圈故障，根因更可能来自制造阶段实体 BMAN-00844 的风险累积。,风险首先在制造阶段形成隐患，运行中持续放大，并通过温度与振动指标表现出来。,0.5784,BMAN-00844,ManufacturingBatch,manufacturing
BFB-03856,BRG-03856,B007,rolling_element_fault,rolling_element,slight,0.7336,结合振动、峭度和温升特征，滚动体故障与材料阶段异常高度一致，优先追溯到 BMAT-00066。,风险首先在材料阶段形成隐患，运行中持续放大，并通过温度与振动指标表现出来。,0.6462,BMAT-00066,MaterialBatch,material
BFB-03857,BRG-03857,B021,rolling_element_fault,rolling_element,severe,0.7185,诊断结果显示轴承出现严重滚动体故障，根因更可能来自检测阶段实体 BINSP-03857 的风险累积。,异常由微小缺陷逐步发展为周期性冲击，检测指标随严重度上升而同步恶化。,0.5803,BINSP-03857,InspectionRecord,inspection
BFB-03858,BRG-03858,IR014,inner_race_fault,inner_race,medium,0.6741,该样本的生命周期风险在设计阶段较突出，能够解释当前中等内圈故障的主要失效模式。,风险首先在设计阶段形成隐患，运行中持续放大，并通过温度与振动指标表现出来。,0.7276,BDES-00763,BearingDesignSpec,design
BFB-03859,BRG-03859,B014,rolling_element_fault,rolling_element,medium,0.7385,结合振动、峭度和温升特征，滚动体故障与装配阶段异常高度一致，优先追溯到 BASM-03859。,风险首先在装配阶段形成隐患，运行中持续放大，并通过温度与振动指标表现出来。,0.725,BASM-03859,AssemblyRecord,assembly
BFB-03860,BRG-03860,OR021,outer_race_fault,outer_race,severe,0.6616,结合振动、峭度和温升特征，外圈故障与制造阶段异常高度一致，优先追溯到 BMAN-00766。,风险首先在制造阶段形成隐患，运行中持续放大，并通过温度与振动指标表现出来。,0.7344,BMAN-00766,ManufacturingBatch,manufacturing
BFB-03861,BRG-03861,B021,rolling_element_fault,rolling_element,severe,0.7411,该样本的生命周期风险在装配阶段较突出，能够解释当前严重滚动体故障的主要失效模式。,早期表现为局部接触应力升高，随后振动冲击增强，最终演化为严重滚动体故障。,0.7384,BASM-03861,AssemblyRecord,assembly
BFB-03862,BRG-03862,OR014,outer_race_fault,outer_race,medium,0.7363,结合振动、峭度和温升特征，外圈故障与装配阶段异常高度一致，优先追溯到 BASM-03862。,异常由微小缺陷逐步发展为周期性冲击，检测指标随严重度上升而同步恶化。,0.7051,BASM-03862,AssemblyRecord,assembly
BFB-03863,BRG-03863,Normal,normal,none,normal,0.8788,该轴承样本生命周期风险较低，未形成明确故障追溯链。,运行状态平稳，检测指标未呈现持续恶化趋势。,0.8541,NORMAL_BASELINE,QualityFeedback,feedback
BFB-03864,BRG-03864,OR021,outer_race_fault,outer_race,severe,0.759,该样本的生命周期风险在装配阶段较突出，能够解释当前严重外圈故障的主要失效模式。,风险首先在装配阶段形成隐患，运行中持续放大，并通过温度与振动指标表现出来。,0.716,BASM-03864,AssemblyRecord,assembly
BFB-03865,BRG-03865,IR007,inner_race_fault,inner_race,slight,0.6907,结合振动、峭度和温升特征，内圈故障与材料阶段异常高度一致，优先追溯到 BMAT-00130。,早期表现为局部接触应力升高，随后振动冲击增强，最终演化为轻微内圈故障。,0.6586,BMAT-00130,MaterialBatch,material
BFB-03866,BRG-03866,IR014,inner_race_fault,inner_race,medium,0.7106,诊断结果显示轴承出现中等内圈故障，根因更可能来自材料阶段实体 BMAT-00391 的风险累积。,早期表现为局部接触应力升高，随后振动冲击增强，最终演化为中等内圈故障。,0.6656,BMAT-00391,MaterialBatch,material
BFB-03867,BRG-03867,OR021,outer_race_fault,outer_race,severe,0.7659,结合振动、峭度和温升特征，外圈故障与制造阶段异常高度一致，优先追溯到 BMAN-00218。,早期表现为局部接触应力升高，随后振动冲击增强，最终演化为严重外圈故障。,0.6459,BMAN-00218,ManufacturingBatch,manufacturing
BFB-03868,BRG-03868,B014,rolling_element_fault,rolling_element,medium,0.679,该样本的生命周期风险在设计阶段较突出，能够解释当前中等滚动体故障的主要失效模式。,异常由微小缺陷逐步发展为周期性冲击，检测指标随严重度上升而同步恶化。,0.7011,BDES-00332,BearingDesignSpec,design
BFB-03869,BRG-03869,Normal,normal,none,normal,0.8691,该轴承样本生命周期风险较低，未形成明确故障追溯链。,运行状态平稳，检测指标未呈现持续恶化趋势。,0.821,NORMAL_BASELINE,QualityFeedback,feedback
BFB-03870,BRG-03870,B007,rolling_element_fault,rolling_element,slight,0.6342,结合振动、峭度和温升特征，滚动体故障与设计阶段异常高度一致，优先追溯到 BDES-00637。,风险首先在设计阶段形成隐患，运行中持续放大，并通过温度与振动指标表现出来。,0.6622,BDES-00637,BearingDesignSpec,design
BFB-03871,BRG-03871,IR007,inner_race_fault,inner_race,slight,0.6448,诊断结果显示轴承出现轻微内圈故障，根因更可能来自装配阶段实体 BASM-03871 的风险累积。,早期表现为局部接触应力升高，随后振动冲击增强，最终演化为轻微内圈故障。,0.6593,BASM-03871,AssemblyRecord,assembly
BFB-03872,BRG-03872,IR014,inner_race_fault,inner_race,medium,0.7506,结合振动、峭度和温升特征，内圈故障与制造阶段异常高度一致，优先追溯到 BMAN-00795。,早期表现为局部接触应力升高，随后振动冲击增强，最终演化为中等内圈故障。,0.7065,BMAN-00795,ManufacturingBatch,manufacturing
BFB-03873,BRG-03873,Normal,normal,none,normal,0.8916,该轴承样本生命周期风险较低，未形成明确故障追溯链。,运行状态平稳，检测指标未呈现持续恶化趋势。,0.86,NORMAL_BASELINE,QualityFeedback,feedback
BFB-03874,BRG-03874,OR014,outer_race_fault,outer_race,medium,0.6748,该样本的生命周期风险在制造阶段较突出，能够解释当前中等外圈故障的主要失效模式。,异常由微小缺陷逐步发展为周期性冲击，检测指标随严重度上升而同步恶化。,0.606,BMAN-00476,ManufacturingBatch,manufacturing
BFB-03875,BRG-03875,IR014,inner_race_fault,inner_race,medium,0.7163,结合振动、峭度和温升特征，内圈故障与制造阶段异常高度一致，优先追溯到 BMAN-00183。,风险首先在制造阶段形成隐患，运行中持续放大，并通过温度与振动指标表现出来。,0.6967,BMAN-00183,ManufacturingBatch,manufacturing
BFB-03876,BRG-03876,Normal,normal,none,normal,0.9101,该轴承样本生命周期风险较低，未形成明确故障追溯链。,运行状态平稳，检测指标未呈现持续恶化趋势。,0.8581,NORMAL_BASELINE,QualityFeedback,feedback
BFB-03877,BRG-03877,OR007,outer_race_fault,outer_race,slight,0.8282,诊断结果显示轴承出现轻微外圈故障，根因更可能来自材料阶段实体 BMAT-00305 的风险累积。,风险首先在材料阶段形成隐患，运行中持续放大，并通过温度与振动指标表现出来。,0.7618,BMAT-00305,MaterialBatch,material
BFB-03878,BRG-03878,OR014,outer_race_fault,outer_race,medium,0.7158,诊断结果显示轴承出现中等外圈故障，根因更可能来自设计阶段实体 BDES-00136 的风险累积。,早期表现为局部接触应力升高，随后振动冲击增强，最终演化为中等外圈故障。,0.698,BDES-00136,BearingDesignSpec,design
BFB-03879,BRG-03879,OR014,outer_race_fault,outer_race,medium,0.6719,诊断结果显示轴承出现中等外圈故障，根因更可能来自装配阶段实体 BASM-03879 的风险累积。,早期表现为局部接触应力升高，随后振动冲击增强，最终演化为中等外圈故障。,0.6632,BASM-03879,AssemblyRecord,assembly
BFB-03880,BRG-03880,Normal,normal,none,normal,0.94,该轴承样本生命周期风险较低，未形成明确故障追溯链。,运行状态平稳，检测指标未呈现持续恶化趋势。,0.8677,NORMAL_BASELINE,QualityFeedback,feedback
BFB-03881,BRG-03881,IR014,inner_race_fault,inner_race,medium,0.7429,该样本的生命周期风险在制造阶段较突出，能够解释当前中等内圈故障的主要失效模式。,早期表现为局部接触应力升高，随后振动冲击增强，最终演化为中等内圈故障。,0.5846,BMAN-01182,ManufacturingBatch,manufacturing
BFB-03882,BRG-03882,Normal,normal,none,normal,0.94,该轴承样本生命周期风险较低，未形成明确故障追溯链。,运行状态平稳，检测指标未呈现持续恶化趋势。,0.8809,NORMAL_BASELINE,QualityFeedback,feedback
BFB-03883,BRG-03883,B014,rolling_element_fault,rolling_element,medium,0.6737,结合振动、峭度和温升特征，滚动体故障与检测阶段异常高度一致，优先追溯到 BINSP-03883。,早期表现为局部接触应力升高，随后振动冲击增强，最终演化为中等滚动体故障。,0.6854,BINSP-03883,InspectionRecord,inspection
BFB-03884,BRG-03884,IR007,inner_race_fault,inner_race,slight,0.7036,该样本的生命周期风险在制造阶段较突出，能够解释当前轻微内圈故障的主要失效模式。,早期表现为局部接触应力升高，随后振动冲击增强，最终演化为轻微内圈故障。,0.6877,BMAN-00291,ManufacturingBatch,manufacturing
BFB-03885,BRG-03885,B014,rolling_element_fault,rolling_element,medium,0.6967,该样本的生命周期风险在设计阶段较突出，能够解释当前中等滚动体故障的主要失效模式。,早期表现为局部接触应力升高，随后振动冲击增强，最终演化为中等滚动体故障。,0.6998,BDES-00030,BearingDesignSpec,design
BFB-03886,BRG-03886,IR007,inner_race_fault,inner_race,slight,0.6926,该样本的生命周期风险在制造阶段较突出，能够解释当前轻微内圈故障的主要失效模式。,早期表现为局部接触应力升高，随后振动冲击增强，最终演化为轻微内圈故障。,0.5991,BMAN-00952,ManufacturingBatch,manufacturing
BFB-03887,BRG-03887,IR007,inner_race_fault,inner_race,slight,0.6689,结合振动、峭度和温升特征，内圈故障与装配阶段异常高度一致，优先追溯到 BASM-03887。,风险首先在装配阶段形成隐患，运行中持续放大，并通过温度与振动指标表现出来。,0.7075,BASM-03887,AssemblyRecord,assembly
BFB-03888,BRG-03888,Normal,normal,none,normal,0.867,该轴承样本生命周期风险较低，未形成明确故障追溯链。,运行状态平稳，检测指标未呈现持续恶化趋势。,0.8431,NORMAL_BASELINE,QualityFeedback,feedback
BFB-03889,BRG-03889,Normal,normal,none,normal,0.9535,该轴承样本生命周期风险较低，未形成明确故障追溯链。,运行状态平稳，检测指标未呈现持续恶化趋势。,0.8301,NORMAL_BASELINE,QualityFeedback,feedback
BFB-03890,BRG-03890,B014,rolling_element_fault,rolling_element,medium,0.7632,诊断结果显示轴承出现中等滚动体故障，根因更可能来自制造阶段实体 BMAN-00890 的风险累积。,异常由微小缺陷逐步发展为周期性冲击，检测指标随严重度上升而同步恶化。,0.7098,BMAN-00890,ManufacturingBatch,manufacturing
BFB-03891,BRG-03891,Normal,normal,none,normal,0.8965,该轴承样本生命周期风险较低，未形成明确故障追溯链。,运行状态平稳，检测指标未呈现持续恶化趋势。,0.8973,NORMAL_BASELINE,QualityFeedback,feedback
BFB-03892,BRG-03892,IR021,inner_race_fault,inner_race,severe,0.6011,诊断结果显示轴承出现严重内圈故障，根因更可能来自制造阶段实体 BMAN-00658 的风险累积。,早期表现为局部接触应力升高，随后振动冲击增强，最终演化为严重内圈故障。,0.5902,BMAN-00658,ManufacturingBatch,manufacturing
BFB-03893,BRG-03893,Normal,normal,none,normal,0.9031,该轴承样本生命周期风险较低，未形成明确故障追溯链。,运行状态平稳，检测指标未呈现持续恶化趋势。,0.8744,NORMAL_BASELINE,QualityFeedback,feedback
BFB-03894,BRG-03894,OR014,outer_race_fault,outer_race,medium,0.6919,该样本的生命周期风险在装配阶段较突出，能够解释当前中等外圈故障的主要失效模式。,风险首先在装配阶段形成隐患，运行中持续放大，并通过温度与振动指标表现出来。,0.744,BASM-03894,AssemblyRecord,assembly
BFB-03895,BRG-03895,Normal,normal,none,normal,0.8684,该轴承样本生命周期风险较低，未形成明确故障追溯链。,运行状态平稳，检测指标未呈现持续恶化趋势。,0.7824,NORMAL_BASELINE,QualityFeedback,feedback
BFB-03896,BRG-03896,B014,rolling_element_fault,rolling_element,medium,0.6829,诊断结果显示轴承出现中等滚动体故障，根因更可能来自材料阶段实体 BMAT-00445 的风险累积。,风险首先在材料阶段形成隐患，运行中持续放大，并通过温度与振动指标表现出来。,0.7112,BMAT-00445,MaterialBatch,material
BFB-03897,BRG-03897,Normal,normal,none,normal,0.9382,该轴承样本生命周期风险较低，未形成明确故障追溯链。,运行状态平稳，检测指标未呈现持续恶化趋势。,0.8214,NORMAL_BASELINE,QualityFeedback,feedback
BFB-03898,BRG-03898,Normal,normal,none,normal,0.9221,该轴承样本生命周期风险较低，未形成明确故障追溯链。,运行状态平稳，检测指标未呈现持续恶化趋势。,0.8573,NORMAL_BASELINE,QualityFeedback,feedback
BFB-03899,BRG-03899,OR014,outer_race_fault,outer_race,medium,0.741,该样本的生命周期风险在运维阶段较突出，能够解释当前中等外圈故障的主要失效模式。,早期表现为局部接触应力升高，随后振动冲击增强，最终演化为中等外圈故障。,0.6609,BOPR-03899,MaintenanceRecord,operation
BFB-03900,BRG-03900,OR014,outer_race_fault,outer_race,medium,0.676,结合振动、峭度和温升特征，外圈故障与装配阶段异常高度一致，优先追溯到 BASM-03900。,早期表现为局部接触应力升高，随后振动冲击增强，最终演化为中等外圈故障。,0.5988,BASM-03900,AssemblyRecord,assembly
BFB-03901,BRG-03901,IR014,inner_race_fault,inner_race,medium,0.7256,结合振动、峭度和温升特征，内圈故障与材料阶段异常高度一致，优先追溯到 BMAT-00313。,早期表现为局部接触应力升高，随后振动冲击增强，最终演化为中等内圈故障。,0.7585,BMAT-00313,MaterialBatch,material
BFB-03902,BRG-03902,Normal,normal,none,normal,0.9015,该轴承样本生命周期风险较低，未形成明确故障追溯链。,运行状态平稳，检测指标未呈现持续恶化趋势。,0.804,NORMAL_BASELINE,QualityFeedback,feedback
BFB-03903,BRG-03903,B007,rolling_element_fault,rolling_element,slight,0.6647,诊断结果显示轴承出现轻微滚动体故障，根因更可能来自制造阶段实体 BMAN-00155 的风险累积。,异常由微小缺陷逐步发展为周期性冲击，检测指标随严重度上升而同步恶化。,0.7035,BMAN-00155,ManufacturingBatch,manufacturing
BFB-03904,BRG-03904,Normal,normal,none,normal,0.9346,该轴承样本生命周期风险较低，未形成明确故障追溯链。,运行状态平稳，检测指标未呈现持续恶化趋势。,0.8297,NORMAL_BASELINE,QualityFeedback,feedback
BFB-03905,BRG-03905,Normal,normal,none,normal,0.9039,该轴承样本生命周期风险较低，未形成明确故障追溯链。,运行状态平稳，检测指标未呈现持续恶化趋势。,0.8245,NORMAL_BASELINE,QualityFeedback,feedback
BFB-03906,BRG-03906,B007,rolling_element_fault,rolling_element,slight,0.6913,该样本的生命周期风险在运维阶段较突出，能够解释当前轻微滚动体故障的主要失效模式。,早期表现为局部接触应力升高，随后振动冲击增强，最终演化为轻微滚动体故障。,0.7131,BOPR-03906,MaintenanceRecord,operation
BFB-03907,BRG-03907,B014,rolling_element_fault,rolling_element,medium,0.6801,结合振动、峭度和温升特征，滚动体故障与制造阶段异常高度一致，优先追溯到 BMAN-00184。,异常由微小缺陷逐步发展为周期性冲击，检测指标随严重度上升而同步恶化。,0.687,BMAN-00184,ManufacturingBatch,manufacturing
BFB-03908,BRG-03908,IR021,inner_race_fault,inner_race,severe,0.7019,该样本的生命周期风险在装配阶段较突出，能够解释当前严重内圈故障的主要失效模式。,异常由微小缺陷逐步发展为周期性冲击，检测指标随严重度上升而同步恶化。,0.6708,BASM-03908,AssemblyRecord,assembly
BFB-03909,BRG-03909,OR014,outer_race_fault,outer_race,medium,0.6739,结合振动、峭度和温升特征，外圈故障与制造阶段异常高度一致，优先追溯到 BMAN-00184。,异常由微小缺陷逐步发展为周期性冲击，检测指标随严重度上升而同步恶化。,0.7249,BMAN-00184,ManufacturingBatch,manufacturing
BFB-03910,BRG-03910,B014,rolling_element_fault,rolling_element,medium,0.6969,结合振动、峭度和温升特征，滚动体故障与装配阶段异常高度一致，优先追溯到 BASM-03910。,风险首先在装配阶段形成隐患，运行中持续放大，并通过温度与振动指标表现出来。,0.6819,BASM-03910,AssemblyRecord,assembly
BFB-03911,BRG-03911,OR014,outer_race_fault,outer_race,medium,0.7208,该样本的生命周期风险在运维阶段较突出，能够解释当前中等外圈故障的主要失效模式。,异常由微小缺陷逐步发展为周期性冲击，检测指标随严重度上升而同步恶化。,0.6134,BOPR-03911,MaintenanceRecord,operation
BFB-03912,BRG-03912,Normal,normal,none,normal,0.9361,该轴承样本生命周期风险较低，未形成明确故障追溯链。,运行状态平稳，检测指标未呈现持续恶化趋势。,0.8272,NORMAL_BASELINE,QualityFeedback,feedback
BFB-03913,BRG-03913,B007,rolling_element_fault,rolling_element,slight,0.6913,诊断结果显示轴承出现轻微滚动体故障，根因更可能来自设计阶段实体 BDES-00591 的风险累积。,异常由微小缺陷逐步发展为周期性冲击，检测指标随严重度上升而同步恶化。,0.5679,BDES-00591,BearingDesignSpec,design
BFB-03914,BRG-03914,OR021,outer_race_fault,outer_race,severe,0.7666,诊断结果显示轴承出现严重外圈故障，根因更可能来自设计阶段实体 BDES-00426 的风险累积。,异常由微小缺陷逐步发展为周期性冲击，检测指标随严重度上升而同步恶化。,0.6579,BDES-00426,BearingDesignSpec,design
BFB-03915,BRG-03915,B021,rolling_element_fault,rolling_element,severe,0.6801,诊断结果显示轴承出现严重滚动体故障，根因更可能来自运维阶段实体 BOPR-03915 的风险累积。,异常由微小缺陷逐步发展为周期性冲击，检测指标随严重度上升而同步恶化。,0.772,BOPR-03915,MaintenanceRecord,operation
BFB-03916,BRG-03916,IR014,inner_race_fault,inner_race,medium,0.7209,诊断结果显示轴承出现中等内圈故障，根因更可能来自设计阶段实体 BDES-00598 的风险累积。,风险首先在设计阶段形成隐患，运行中持续放大，并通过温度与振动指标表现出来。,0.6991,BDES-00598,BearingDesignSpec,design
BFB-03917,BRG-03917,OR021,outer_race_fault,outer_race,severe,0.7106,该样本的生命周期风险在制造阶段较突出，能够解释当前严重外圈故障的主要失效模式。,早期表现为局部接触应力升高，随后振动冲击增强，最终演化为严重外圈故障。,0.6719,BMAN-00107,ManufacturingBatch,manufacturing
BFB-03918,BRG-03918,B007,rolling_element_fault,rolling_element,slight,0.6858,诊断结果显示轴承出现轻微滚动体故障，根因更可能来自制造阶段实体 BMAN-01191 的风险累积。,风险首先在制造阶段形成隐患，运行中持续放大，并通过温度与振动指标表现出来。,0.7059,BMAN-01191,ManufacturingBatch,manufacturing
BFB-03919,BRG-03919,IR007,inner_race_fault,inner_race,slight,0.6706,诊断结果显示轴承出现轻微内圈故障，根因更可能来自设计阶段实体 BDES-00146 的风险累积。,风险首先在设计阶段形成隐患，运行中持续放大，并通过温度与振动指标表现出来。,0.6811,BDES-00146,BearingDesignSpec,design
BFB-03920,BRG-03920,IR021,inner_race_fault,inner_race,severe,0.8059,诊断结果显示轴承出现严重内圈故障，根因更可能来自制造阶段实体 BMAN-00761 的风险累积。,早期表现为局部接触应力升高，随后振动冲击增强，最终演化为严重内圈故障。,0.7635,BMAN-00761,ManufacturingBatch,manufacturing
BFB-03921,BRG-03921,OR007,outer_race_fault,outer_race,slight,0.6987,诊断结果显示轴承出现轻微外圈故障，根因更可能来自运维阶段实体 BOPR-03921 的风险累积。,异常由微小缺陷逐步发展为周期性冲击，检测指标随严重度上升而同步恶化。,0.6898,BOPR-03921,MaintenanceRecord,operation
BFB-03922,BRG-03922,OR014,outer_race_fault,outer_race,medium,0.7672,该样本的生命周期风险在装配阶段较突出，能够解释当前中等外圈故障的主要失效模式。,早期表现为局部接触应力升高，随后振动冲击增强，最终演化为中等外圈故障。,0.6997,BASM-03922,AssemblyRecord,assembly
BFB-03923,BRG-03923,OR014,outer_race_fault,outer_race,medium,0.7074,结合振动、峭度和温升特征，外圈故障与制造阶段异常高度一致，优先追溯到 BMAN-00118。,早期表现为局部接触应力升高，随后振动冲击增强，最终演化为中等外圈故障。,0.6468,BMAN-00118,ManufacturingBatch,manufacturing
BFB-03924,BRG-03924,OR007,outer_race_fault,outer_race,slight,0.6887,该样本的生命周期风险在设计阶段较突出，能够解释当前轻微外圈故障的主要失效模式。,风险首先在设计阶段形成隐患，运行中持续放大，并通过温度与振动指标表现出来。,0.5691,BDES-00357,BearingDesignSpec,design
BFB-03925,BRG-03925,B014,rolling_element_fault,rolling_element,medium,0.7322,结合振动、峭度和温升特征，滚动体故障与制造阶段异常高度一致，优先追溯到 BMAN-00886。,早期表现为局部接触应力升高，随后振动冲击增强，最终演化为中等滚动体故障。,0.7135,BMAN-00886,ManufacturingBatch,manufacturing
BFB-03926,BRG-03926,OR021,outer_race_fault,outer_race,severe,0.7304,结合振动、峭度和温升特征，外圈故障与制造阶段异常高度一致，优先追溯到 BMAN-00333。,早期表现为局部接触应力升高，随后振动冲击增强，最终演化为严重外圈故障。,0.685,BMAN-00333,ManufacturingBatch,manufacturing
BFB-03927,BRG-03927,OR014,outer_race_fault,outer_race,medium,0.6451,结合振动、峭度和温升特征，外圈故障与制造阶段异常高度一致，优先追溯到 BMAN-01166。,早期表现为局部接触应力升高，随后振动冲击增强，最终演化为中等外圈故障。,0.6664,BMAN-01166,ManufacturingBatch,manufacturing
BFB-03928,BRG-03928,IR007,inner_race_fault,inner_race,slight,0.6809,诊断结果显示轴承出现轻微内圈故障，根因更可能来自装配阶段实体 BASM-03928 的风险累积。,风险首先在装配阶段形成隐患，运行中持续放大，并通过温度与振动指标表现出来。,0.622,BASM-03928,AssemblyRecord,assembly
BFB-03929,BRG-03929,Normal,normal,none,normal,0.8916,该轴承样本生命周期风险较低，未形成明确故障追溯链。,运行状态平稳，检测指标未呈现持续恶化趋势。,0.8012,NORMAL_BASELINE,QualityFeedback,feedback
BFB-03930,BRG-03930,IR014,inner_race_fault,inner_race,medium,0.6467,结合振动、峭度和温升特征，内圈故障与制造阶段异常高度一致，优先追溯到 BMAN-00763。,异常由微小缺陷逐步发展为周期性冲击，检测指标随严重度上升而同步恶化。,0.6963,BMAN-00763,ManufacturingBatch,manufacturing
BFB-03931,BRG-03931,OR014,outer_race_fault,outer_race,medium,0.7437,诊断结果显示轴承出现中等外圈故障，根因更可能来自材料阶段实体 BMAT-00109 的风险累积。,早期表现为局部接触应力升高，随后振动冲击增强，最终演化为中等外圈故障。,0.7096,BMAT-00109,MaterialBatch,material
BFB-03932,BRG-03932,OR021,outer_race_fault,outer_race,severe,0.6877,该样本的生命周期风险在材料阶段较突出，能够解释当前严重外圈故障的主要失效模式。,早期表现为局部接触应力升高，随后振动冲击增强，最终演化为严重外圈故障。,0.6777,BMAT-00450,MaterialBatch,material
BFB-03933,BRG-03933,IR014,inner_race_fault,inner_race,medium,0.764,结合振动、峭度和温升特征，内圈故障与材料阶段异常高度一致，优先追溯到 BMAT-00474。,早期表现为局部接触应力升高，随后振动冲击增强，最终演化为中等内圈故障。,0.6938,BMAT-00474,MaterialBatch,material
BFB-03934,BRG-03934,IR021,inner_race_fault,inner_race,severe,0.7657,结合振动、峭度和温升特征，内圈故障与装配阶段异常高度一致，优先追溯到 BASM-03934。,早期表现为局部接触应力升高，随后振动冲击增强，最终演化为严重内圈故障。,0.7904,BASM-03934,AssemblyRecord,assembly
BFB-03935,BRG-03935,IR014,inner_race_fault,inner_race,medium,0.6927,诊断结果显示轴承出现中等内圈故障，根因更可能来自装配阶段实体 BASM-03935 的风险累积。,风险首先在装配阶段形成隐患，运行中持续放大，并通过温度与振动指标表现出来。,0.7025,BASM-03935,AssemblyRecord,assembly
BFB-03936,BRG-03936,IR021,inner_race_fault,inner_race,severe,0.721,该样本的生命周期风险在制造阶段较突出，能够解释当前严重内圈故障的主要失效模式。,早期表现为局部接触应力升高，随后振动冲击增强，最终演化为严重内圈故障。,0.6623,BMAN-00908,ManufacturingBatch,manufacturing
BFB-03937,BRG-03937,OR021,outer_race_fault,outer_race,severe,0.6817,该样本的生命周期风险在装配阶段较突出，能够解释当前严重外圈故障的主要失效模式。,风险首先在装配阶段形成隐患，运行中持续放大，并通过温度与振动指标表现出来。,0.7255,BASM-03937,AssemblyRecord,assembly
BFB-03938,BRG-03938,Normal,normal,none,normal,0.9281,该轴承样本生命周期风险较低，未形成明确故障追溯链。,运行状态平稳，检测指标未呈现持续恶化趋势。,0.812,NORMAL_BASELINE,QualityFeedback,feedback
BFB-03939,BRG-03939,Normal,normal,none,normal,0.879,该轴承样本生命周期风险较低，未形成明确故障追溯链。,运行状态平稳，检测指标未呈现持续恶化趋势。,0.7982,NORMAL_BASELINE,QualityFeedback,feedback
BFB-03940,BRG-03940,Normal,normal,none,normal,0.8886,该轴承样本生命周期风险较低，未形成明确故障追溯链。,运行状态平稳，检测指标未呈现持续恶化趋势。,0.8438,NORMAL_BASELINE,QualityFeedback,feedback
BFB-03941,BRG-03941,OR007,outer_race_fault,outer_race,slight,0.6655,诊断结果显示轴承出现轻微外圈故障，根因更可能来自装配阶段实体 BASM-03941 的风险累积。,风险首先在装配阶段形成隐患，运行中持续放大，并通过温度与振动指标表现出来。,0.6343,BASM-03941,AssemblyRecord,assembly
BFB-03942,BRG-03942,B021,rolling_element_fault,rolling_element,severe,0.6962,结合振动、峭度和温升特征，滚动体故障与制造阶段异常高度一致，优先追溯到 BMAN-00693。,异常由微小缺陷逐步发展为周期性冲击，检测指标随严重度上升而同步恶化。,0.7043,BMAN-00693,ManufacturingBatch,manufacturing
BFB-03943,BRG-03943,OR014,outer_race_fault,outer_race,medium,0.7742,结合振动、峭度和温升特征，外圈故障与材料阶段异常高度一致，优先追溯到 BMAT-00442。,风险首先在材料阶段形成隐患，运行中持续放大，并通过温度与振动指标表现出来。,0.6778,BMAT-00442,MaterialBatch,material
BFB-03944,BRG-03944,IR007,inner_race_fault,inner_race,slight,0.6806,结合振动、峭度和温升特征，内圈故障与材料阶段异常高度一致，优先追溯到 BMAT-00167。,异常由微小缺陷逐步发展为周期性冲击，检测指标随严重度上升而同步恶化。,0.7281,BMAT-00167,MaterialBatch,material
BFB-03945,BRG-03945,IR007,inner_race_fault,inner_race,slight,0.6571,诊断结果显示轴承出现轻微内圈故障，根因更可能来自材料阶段实体 BMAT-00298 的风险累积。,风险首先在材料阶段形成隐患，运行中持续放大，并通过温度与振动指标表现出来。,0.6129,BMAT-00298,MaterialBatch,material
BFB-03946,BRG-03946,B014,rolling_element_fault,rolling_element,medium,0.7162,诊断结果显示轴承出现中等滚动体故障，根因更可能来自制造阶段实体 BMAN-00114 的风险累积。,风险首先在制造阶段形成隐患，运行中持续放大，并通过温度与振动指标表现出来。,0.7201,BMAN-00114,ManufacturingBatch,manufacturing
BFB-03947,BRG-03947,OR007,outer_race_fault,outer_race,slight,0.7092,该样本的生命周期风险在装配阶段较突出，能够解释当前轻微外圈故障的主要失效模式。,风险首先在装配阶段形成隐患，运行中持续放大，并通过温度与振动指标表现出来。,0.6828,BASM-03947,AssemblyRecord,assembly
BFB-03948,BRG-03948,Normal,normal,none,normal,0.9084,该轴承样本生命周期风险较低，未形成明确故障追溯链。,运行状态平稳，检测指标未呈现持续恶化趋势。,0.8932,NORMAL_BASELINE,QualityFeedback,feedback
BFB-03949,BRG-03949,OR014,outer_race_fault,outer_race,medium,0.7153,该样本的生命周期风险在设计阶段较突出，能够解释当前中等外圈故障的主要失效模式。,异常由微小缺陷逐步发展为周期性冲击，检测指标随严重度上升而同步恶化。,0.6778,BDES-00154,BearingDesignSpec,design
BFB-03950,BRG-03950,Normal,normal,none,normal,0.8819,该轴承样本生命周期风险较低，未形成明确故障追溯链。,运行状态平稳，检测指标未呈现持续恶化趋势。,0.7887,NORMAL_BASELINE,QualityFeedback,feedback
BFB-03951,BRG-03951,B007,rolling_element_fault,rolling_element,slight,0.6375,该样本的生命周期风险在材料阶段较突出，能够解释当前轻微滚动体故障的主要失效模式。,异常由微小缺陷逐步发展为周期性冲击，检测指标随严重度上升而同步恶化。,0.7023,BMAT-00030,MaterialBatch,material
BFB-03952,BRG-03952,B014,rolling_element_fault,rolling_element,medium,0.8258,该样本的生命周期风险在制造阶段较突出，能够解释当前中等滚动体故障的主要失效模式。,早期表现为局部接触应力升高，随后振动冲击增强，最终演化为中等滚动体故障。,0.6055,BMAN-00414,ManufacturingBatch,manufacturing
BFB-03953,BRG-03953,B014,rolling_element_fault,rolling_element,medium,0.724,结合振动、峭度和温升特征，滚动体故障与制造阶段异常高度一致，优先追溯到 BMAN-00607。,风险首先在制造阶段形成隐患，运行中持续放大，并通过温度与振动指标表现出来。,0.7536,BMAN-00607,ManufacturingBatch,manufacturing
BFB-03954,BRG-03954,B014,rolling_element_fault,rolling_element,medium,0.7262,该样本的生命周期风险在制造阶段较突出，能够解释当前中等滚动体故障的主要失效模式。,早期表现为局部接触应力升高，随后振动冲击增强，最终演化为中等滚动体故障。,0.7107,BMAN-00932,ManufacturingBatch,manufacturing
BFB-03955,BRG-03955,Normal,normal,none,normal,0.8825,该轴承样本生命周期风险较低，未形成明确故障追溯链。,运行状态平稳，检测指标未呈现持续恶化趋势。,0.7853,NORMAL_BASELINE,QualityFeedback,feedback
BFB-03956,BRG-03956,OR007,outer_race_fault,outer_race,slight,0.6554,结合振动、峭度和温升特征，外圈故障与检测阶段异常高度一致，优先追溯到 BINSP-03956。,风险首先在检测阶段形成隐患，运行中持续放大，并通过温度与振动指标表现出来。,0.5704,BINSP-03956,InspectionRecord,inspection
BFB-03957,BRG-03957,OR014,outer_race_fault,outer_race,medium,0.6873,该样本的生命周期风险在运维阶段较突出，能够解释当前中等外圈故障的主要失效模式。,异常由微小缺陷逐步发展为周期性冲击，检测指标随严重度上升而同步恶化。,0.6173,BOPR-03957,MaintenanceRecord,operation
BFB-03958,BRG-03958,Normal,normal,none,normal,0.9362,该轴承样本生命周期风险较低，未形成明确故障追溯链。,运行状态平稳，检测指标未呈现持续恶化趋势。,0.8211,NORMAL_BASELINE,QualityFeedback,feedback
BFB-03959,BRG-03959,B014,rolling_element_fault,rolling_element,medium,0.7398,结合振动、峭度和温升特征，滚动体故障与制造阶段异常高度一致，优先追溯到 BMAN-00624。,早期表现为局部接触应力升高，随后振动冲击增强，最终演化为中等滚动体故障。,0.7026,BMAN-00624,ManufacturingBatch,manufacturing
BFB-03960,BRG-03960,OR021,outer_race_fault,outer_race,severe,0.7917,结合振动、峭度和温升特征，外圈故障与装配阶段异常高度一致，优先追溯到 BASM-03960。,异常由微小缺陷逐步发展为周期性冲击，检测指标随严重度上升而同步恶化。,0.7039,BASM-03960,AssemblyRecord,assembly
BFB-03961,BRG-03961,B014,rolling_element_fault,rolling_element,medium,0.7273,诊断结果显示轴承出现中等滚动体故障，根因更可能来自检测阶段实体 BINSP-03961 的风险累积。,早期表现为局部接触应力升高，随后振动冲击增强，最终演化为中等滚动体故障。,0.7679,BINSP-03961,InspectionRecord,inspection
BFB-03962,BRG-03962,B014,rolling_element_fault,rolling_element,medium,0.6027,诊断结果显示轴承出现中等滚动体故障，根因更可能来自材料阶段实体 BMAT-00387 的风险累积。,异常由微小缺陷逐步发展为周期性冲击，检测指标随严重度上升而同步恶化。,0.6716,BMAT-00387,MaterialBatch,material
BFB-03963,BRG-03963,OR014,outer_race_fault,outer_race,medium,0.6838,该样本的生命周期风险在装配阶段较突出，能够解释当前中等外圈故障的主要失效模式。,早期表现为局部接触应力升高，随后振动冲击增强，最终演化为中等外圈故障。,0.699,BASM-03963,AssemblyRecord,assembly
BFB-03964,BRG-03964,OR021,outer_race_fault,outer_race,severe,0.7114,诊断结果显示轴承出现严重外圈故障，根因更可能来自检测阶段实体 BINSP-03964 的风险累积。,风险首先在检测阶段形成隐患，运行中持续放大，并通过温度与振动指标表现出来。,0.703,BINSP-03964,InspectionRecord,inspection
BFB-03965,BRG-03965,IR014,inner_race_fault,inner_race,medium,0.7124,诊断结果显示轴承出现中等内圈故障，根因更可能来自装配阶段实体 BASM-03965 的风险累积。,早期表现为局部接触应力升高，随后振动冲击增强，最终演化为中等内圈故障。,0.6429,BASM-03965,AssemblyRecord,assembly
BFB-03966,BRG-03966,Normal,normal,none,normal,0.9377,该轴承样本生命周期风险较低，未形成明确故障追溯链。,运行状态平稳，检测指标未呈现持续恶化趋势。,0.882,NORMAL_BASELINE,QualityFeedback,feedback
BFB-03967,BRG-03967,B014,rolling_element_fault,rolling_element,medium,0.7357,诊断结果显示轴承出现中等滚动体故障，根因更可能来自运维阶段实体 BOPR-03967 的风险累积。,异常由微小缺陷逐步发展为周期性冲击，检测指标随严重度上升而同步恶化。,0.7076,BOPR-03967,MaintenanceRecord,operation
BFB-03968,BRG-03968,IR014,inner_race_fault,inner_race,medium,0.6714,该样本的生命周期风险在制造阶段较突出，能够解释当前中等内圈故障的主要失效模式。,风险首先在制造阶段形成隐患，运行中持续放大，并通过温度与振动指标表现出来。,0.6791,BMAN-00294,ManufacturingBatch,manufacturing
BFB-03969,BRG-03969,IR014,inner_race_fault,inner_race,medium,0.6824,结合振动、峭度和温升特征，内圈故障与制造阶段异常高度一致，优先追溯到 BMAN-00003。,风险首先在制造阶段形成隐患，运行中持续放大，并通过温度与振动指标表现出来。,0.6792,BMAN-00003,ManufacturingBatch,manufacturing
BFB-03970,BRG-03970,OR014,outer_race_fault,outer_race,medium,0.6826,诊断结果显示轴承出现中等外圈故障，根因更可能来自设计阶段实体 BDES-00644 的风险累积。,风险首先在设计阶段形成隐患，运行中持续放大，并通过温度与振动指标表现出来。,0.6974,BDES-00644,BearingDesignSpec,design
BFB-03971,BRG-03971,Normal,normal,none,normal,0.8897,该轴承样本生命周期风险较低，未形成明确故障追溯链。,运行状态平稳，检测指标未呈现持续恶化趋势。,0.8932,NORMAL_BASELINE,QualityFeedback,feedback
BFB-03972,BRG-03972,B021,rolling_element_fault,rolling_element,severe,0.7562,该样本的生命周期风险在制造阶段较突出，能够解释当前严重滚动体故障的主要失效模式。,异常由微小缺陷逐步发展为周期性冲击，检测指标随严重度上升而同步恶化。,0.7227,BMAN-00747,ManufacturingBatch,manufacturing
BFB-03973,BRG-03973,OR021,outer_race_fault,outer_race,severe,0.744,该样本的生命周期风险在材料阶段较突出，能够解释当前严重外圈故障的主要失效模式。,风险首先在材料阶段形成隐患，运行中持续放大，并通过温度与振动指标表现出来。,0.6945,BMAT-00406,MaterialBatch,material
BFB-03974,BRG-03974,B007,rolling_element_fault,rolling_element,slight,0.6633,该样本的生命周期风险在运维阶段较突出，能够解释当前轻微滚动体故障的主要失效模式。,早期表现为局部接触应力升高，随后振动冲击增强，最终演化为轻微滚动体故障。,0.7352,BOPR-03974,MaintenanceRecord,operation
BFB-03975,BRG-03975,Normal,normal,none,normal,0.8798,该轴承样本生命周期风险较低，未形成明确故障追溯链。,运行状态平稳，检测指标未呈现持续恶化趋势。,0.889,NORMAL_BASELINE,QualityFeedback,feedback
BFB-03976,BRG-03976,IR007,inner_race_fault,inner_race,slight,0.6796,该样本的生命周期风险在制造阶段较突出，能够解释当前轻微内圈故障的主要失效模式。,风险首先在制造阶段形成隐患，运行中持续放大，并通过温度与振动指标表现出来。,0.6126,BMAN-00094,ManufacturingBatch,manufacturing
BFB-03977,BRG-03977,B014,rolling_element_fault,rolling_element,medium,0.6521,该样本的生命周期风险在材料阶段较突出，能够解释当前中等滚动体故障的主要失效模式。,早期表现为局部接触应力升高，随后振动冲击增强，最终演化为中等滚动体故障。,0.7048,BMAT-00107,MaterialBatch,material
BFB-03978,BRG-03978,B021,rolling_element_fault,rolling_element,severe,0.7773,结合振动、峭度和温升特征，滚动体故障与设计阶段异常高度一致，优先追溯到 BDES-00313。,风险首先在设计阶段形成隐患，运行中持续放大，并通过温度与振动指标表现出来。,0.6092,BDES-00313,BearingDesignSpec,design
BFB-03979,BRG-03979,B014,rolling_element_fault,rolling_element,medium,0.7055,该样本的生命周期风险在制造阶段较突出，能够解释当前中等滚动体故障的主要失效模式。,风险首先在制造阶段形成隐患，运行中持续放大，并通过温度与振动指标表现出来。,0.6232,BMAN-00670,ManufacturingBatch,manufacturing
BFB-03980,BRG-03980,B007,rolling_element_fault,rolling_element,slight,0.6628,结合振动、峭度和温升特征，滚动体故障与装配阶段异常高度一致，优先追溯到 BASM-03980。,风险首先在装配阶段形成隐患，运行中持续放大，并通过温度与振动指标表现出来。,0.6162,BASM-03980,AssemblyRecord,assembly
BFB-03981,BRG-03981,Normal,normal,none,normal,0.9375,该轴承样本生命周期风险较低，未形成明确故障追溯链。,运行状态平稳，检测指标未呈现持续恶化趋势。,0.8475,NORMAL_BASELINE,QualityFeedback,feedback
BFB-03982,BRG-03982,IR007,inner_race_fault,inner_race,slight,0.7005,结合振动、峭度和温升特征，内圈故障与装配阶段异常高度一致，优先追溯到 BASM-03982。,风险首先在装配阶段形成隐患，运行中持续放大，并通过温度与振动指标表现出来。,0.6531,BASM-03982,AssemblyRecord,assembly
BFB-03983,BRG-03983,IR021,inner_race_fault,inner_race,severe,0.7608,诊断结果显示轴承出现严重内圈故障，根因更可能来自材料阶段实体 BMAT-00391 的风险累积。,早期表现为局部接触应力升高，随后振动冲击增强，最终演化为严重内圈故障。,0.6742,BMAT-00391,MaterialBatch,material
BFB-03984,BRG-03984,B014,rolling_element_fault,rolling_element,medium,0.6241,结合振动、峭度和温升特征，滚动体故障与材料阶段异常高度一致，优先追溯到 BMAT-00245。,早期表现为局部接触应力升高，随后振动冲击增强，最终演化为中等滚动体故障。,0.6956,BMAT-00245,MaterialBatch,material
BFB-03985,BRG-03985,B014,rolling_element_fault,rolling_element,medium,0.6955,诊断结果显示轴承出现中等滚动体故障，根因更可能来自材料阶段实体 BMAT-00277 的风险累积。,早期表现为局部接触应力升高，随后振动冲击增强，最终演化为中等滚动体故障。,0.6497,BMAT-00277,MaterialBatch,material
BFB-03986,BRG-03986,Normal,normal,none,normal,0.9548,该轴承样本生命周期风险较低，未形成明确故障追溯链。,运行状态平稳，检测指标未呈现持续恶化趋势。,0.8219,NORMAL_BASELINE,QualityFeedback,feedback
BFB-03987,BRG-03987,IR021,inner_race_fault,inner_race,severe,0.779,该样本的生命周期风险在材料阶段较突出，能够解释当前严重内圈故障的主要失效模式。,早期表现为局部接触应力升高，随后振动冲击增强，最终演化为严重内圈故障。,0.7381,BMAT-00422,MaterialBatch,material
BFB-03988,BRG-03988,OR021,outer_race_fault,outer_race,severe,0.7334,该样本的生命周期风险在装配阶段较突出，能够解释当前严重外圈故障的主要失效模式。,风险首先在装配阶段形成隐患，运行中持续放大，并通过温度与振动指标表现出来。,0.6492,BASM-03988,AssemblyRecord,assembly
BFB-03989,BRG-03989,IR014,inner_race_fault,inner_race,medium,0.6953,诊断结果显示轴承出现中等内圈故障，根因更可能来自装配阶段实体 BASM-03989 的风险累积。,异常由微小缺陷逐步发展为周期性冲击，检测指标随严重度上升而同步恶化。,0.649,BASM-03989,AssemblyRecord,assembly
BFB-03990,BRG-03990,IR014,inner_race_fault,inner_race,medium,0.6902,该样本的生命周期风险在材料阶段较突出，能够解释当前中等内圈故障的主要失效模式。,风险首先在材料阶段形成隐患，运行中持续放大，并通过温度与振动指标表现出来。,0.6033,BMAT-00145,MaterialBatch,material
BFB-03991,BRG-03991,Normal,normal,none,normal,0.8856,该轴承样本生命周期风险较低，未形成明确故障追溯链。,运行状态平稳，检测指标未呈现持续恶化趋势。,0.8989,NORMAL_BASELINE,QualityFeedback,feedback
BFB-03992,BRG-03992,Normal,normal,none,normal,0.8863,该轴承样本生命周期风险较低，未形成明确故障追溯链。,运行状态平稳，检测指标未呈现持续恶化趋势。,0.8097,NORMAL_BASELINE,QualityFeedback,feedback
BFB-03993,BRG-03993,B014,rolling_element_fault,rolling_element,medium,0.6562,该样本的生命周期风险在装配阶段较突出，能够解释当前中等滚动体故障的主要失效模式。,风险首先在装配阶段形成隐患，运行中持续放大，并通过温度与振动指标表现出来。,0.651,BASM-03993,AssemblyRecord,assembly
BFB-03994,BRG-03994,IR007,inner_race_fault,inner_race,slight,0.6972,该样本的生命周期风险在设计阶段较突出，能够解释当前轻微内圈故障的主要失效模式。,异常由微小缺陷逐步发展为周期性冲击，检测指标随严重度上升而同步恶化。,0.6528,BDES-00230,BearingDesignSpec,design
BFB-03995,BRG-03995,OR014,outer_race_fault,outer_race,medium,0.7037,诊断结果显示轴承出现中等外圈故障，根因更可能来自装配阶段实体 BASM-03995 的风险累积。,异常由微小缺陷逐步发展为周期性冲击，检测指标随严重度上升而同步恶化。,0.7406,BASM-03995,AssemblyRecord,assembly
BFB-03996,BRG-03996,OR021,outer_race_fault,outer_race,severe,0.7561,结合振动、峭度和温升特征，外圈故障与检测阶段异常高度一致，优先追溯到 BINSP-03996。,异常由微小缺陷逐步发展为周期性冲击，检测指标随严重度上升而同步恶化。,0.6705,BINSP-03996,InspectionRecord,inspection
BFB-03997,BRG-03997,B021,rolling_element_fault,rolling_element,severe,0.6936,该样本的生命周期风险在材料阶段较突出，能够解释当前严重滚动体故障的主要失效模式。,风险首先在材料阶段形成隐患，运行中持续放大，并通过温度与振动指标表现出来。,0.6544,BMAT-00077,MaterialBatch,material
BFB-03998,BRG-03998,IR007,inner_race_fault,inner_race,slight,0.7542,诊断结果显示轴承出现轻微内圈故障，根因更可能来自装配阶段实体 BASM-03998 的风险累积。,早期表现为局部接触应力升高，随后振动冲击增强，最终演化为轻微内圈故障。,0.6066,BASM-03998,AssemblyRecord,assembly
BFB-03999,BRG-03999,OR021,outer_race_fault,outer_race,severe,0.6703,诊断结果显示轴承出现严重外圈故障，根因更可能来自运维阶段实体 BOPR-03999 的风险累积。,早期表现为局部接触应力升高，随后振动冲击增强，最终演化为严重外圈故障。,0.684,BOPR-03999,MaintenanceRecord,operation
BFB-04000,BRG-04000,OR007,outer_race_fault,outer_race,slight,0.6308,该样本的生命周期风险在制造阶段较突出，能够解释当前轻微外圈故障的主要失效模式。,异常由微小缺陷逐步发展为周期性冲击，检测指标随严重度上升而同步恶化。,0.6541,BMAN-00208,ManufacturingBatch,manufacturing
BFB-04001,BRG-04001,OR007,outer_race_fault,outer_race,slight,0.6582,结合振动、峭度和温升特征，外圈故障与制造阶段异常高度一致，优先追溯到 BMAN-00336。,异常由微小缺陷逐步发展为周期性冲击，检测指标随严重度上升而同步恶化。,0.6987,BMAN-00336,ManufacturingBatch,manufacturing
BFB-04002,BRG-04002,IR014,inner_race_fault,inner_race,medium,0.7137,结合振动、峭度和温升特征，内圈故障与设计阶段异常高度一致，优先追溯到 BDES-00258。,早期表现为局部接触应力升高，随后振动冲击增强，最终演化为中等内圈故障。,0.6755,BDES-00258,BearingDesignSpec,design
BFB-04003,BRG-04003,OR014,outer_race_fault,outer_race,medium,0.6622,结合振动、峭度和温升特征，外圈故障与材料阶段异常高度一致，优先追溯到 BMAT-00377。,异常由微小缺陷逐步发展为周期性冲击，检测指标随严重度上升而同步恶化。,0.7052,BMAT-00377,MaterialBatch,material
BFB-04004,BRG-04004,IR021,inner_race_fault,inner_race,severe,0.8146,该样本的生命周期风险在制造阶段较突出，能够解释当前严重内圈故障的主要失效模式。,早期表现为局部接触应力升高，随后振动冲击增强，最终演化为严重内圈故障。,0.6793,BMAN-00912,ManufacturingBatch,manufacturing
BFB-04005,BRG-04005,Normal,normal,none,normal,0.9325,该轴承样本生命周期风险较低，未形成明确故障追溯链。,运行状态平稳，检测指标未呈现持续恶化趋势。,0.8484,NORMAL_BASELINE,QualityFeedback,feedback
BFB-04006,BRG-04006,B007,rolling_element_fault,rolling_element,slight,0.6402,诊断结果显示轴承出现轻微滚动体故障，根因更可能来自检测阶段实体 BINSP-04006 的风险累积。,早期表现为局部接触应力升高，随后振动冲击增强，最终演化为轻微滚动体故障。,0.633,BINSP-04006,InspectionRecord,inspection
BFB-04007,BRG-04007,IR021,inner_race_fault,inner_race,severe,0.7176,该样本的生命周期风险在制造阶段较突出，能够解释当前严重内圈故障的主要失效模式。,早期表现为局部接触应力升高，随后振动冲击增强，最终演化为严重内圈故障。,0.6999,BMAN-00481,ManufacturingBatch,manufacturing
BFB-04008,BRG-04008,B014,rolling_element_fault,rolling_element,medium,0.7162,诊断结果显示轴承出现中等滚动体故障，根因更可能来自材料阶段实体 BMAT-00037 的风险累积。,早期表现为局部接触应力升高，随后振动冲击增强，最终演化为中等滚动体故障。,0.6349,BMAT-00037,MaterialBatch,material
BFB-04009,BRG-04009,OR007,outer_race_fault,outer_race,slight,0.6125,结合振动、峭度和温升特征，外圈故障与制造阶段异常高度一致，优先追溯到 BMAN-00740。,早期表现为局部接触应力升高，随后振动冲击增强，最终演化为轻微外圈故障。,0.6382,BMAN-00740,ManufacturingBatch,manufacturing
BFB-04010,BRG-04010,OR021,outer_race_fault,outer_race,severe,0.779,诊断结果显示轴承出现严重外圈故障，根因更可能来自设计阶段实体 BDES-00570 的风险累积。,早期表现为局部接触应力升高，随后振动冲击增强，最终演化为严重外圈故障。,0.7791,BDES-00570,BearingDesignSpec,design
BFB-04011,BRG-04011,B021,rolling_element_fault,rolling_element,severe,0.7395,诊断结果显示轴承出现严重滚动体故障，根因更可能来自制造阶段实体 BMAN-00441 的风险累积。,风险首先在制造阶段形成隐患，运行中持续放大，并通过温度与振动指标表现出来。,0.6595,BMAN-00441,ManufacturingBatch,manufacturing
BFB-04012,BRG-04012,OR021,outer_race_fault,outer_race,severe,0.7058,该样本的生命周期风险在材料阶段较突出，能够解释当前严重外圈故障的主要失效模式。,风险首先在材料阶段形成隐患，运行中持续放大，并通过温度与振动指标表现出来。,0.7337,BMAT-00324,MaterialBatch,material
BFB-04013,BRG-04013,OR014,outer_race_fault,outer_race,medium,0.6797,该样本的生命周期风险在装配阶段较突出，能够解释当前中等外圈故障的主要失效模式。,风险首先在装配阶段形成隐患，运行中持续放大，并通过温度与振动指标表现出来。,0.7003,BASM-04013,AssemblyRecord,assembly
BFB-04014,BRG-04014,OR007,outer_race_fault,outer_race,slight,0.6507,结合振动、峭度和温升特征，外圈故障与制造阶段异常高度一致，优先追溯到 BMAN-01019。,早期表现为局部接触应力升高，随后振动冲击增强，最终演化为轻微外圈故障。,0.6584,BMAN-01019,ManufacturingBatch,manufacturing
BFB-04015,BRG-04015,Normal,normal,none,normal,0.86,该轴承样本生命周期风险较低，未形成明确故障追溯链。,运行状态平稳，检测指标未呈现持续恶化趋势。,0.7948,NORMAL_BASELINE,QualityFeedback,feedback
BFB-04016,BRG-04016,IR021,inner_race_fault,inner_race,severe,0.6942,结合振动、峭度和温升特征，内圈故障与装配阶段异常高度一致，优先追溯到 BASM-04016。,异常由微小缺陷逐步发展为周期性冲击，检测指标随严重度上升而同步恶化。,0.6816,BASM-04016,AssemblyRecord,assembly
BFB-04017,BRG-04017,B007,rolling_element_fault,rolling_element,slight,0.7017,诊断结果显示轴承出现轻微滚动体故障，根因更可能来自材料阶段实体 BMAT-00265 的风险累积。,异常由微小缺陷逐步发展为周期性冲击，检测指标随严重度上升而同步恶化。,0.6838,BMAT-00265,MaterialBatch,material
BFB-04018,BRG-04018,IR021,inner_race_fault,inner_race,severe,0.7061,诊断结果显示轴承出现严重内圈故障，根因更可能来自制造阶段实体 BMAN-00351 的风险累积。,风险首先在制造阶段形成隐患，运行中持续放大，并通过温度与振动指标表现出来。,0.6906,BMAN-00351,ManufacturingBatch,manufacturing
BFB-04019,BRG-04019,OR014,outer_race_fault,outer_race,medium,0.7263,该样本的生命周期风险在制造阶段较突出，能够解释当前中等外圈故障的主要失效模式。,早期表现为局部接触应力升高，随后振动冲击增强，最终演化为中等外圈故障。,0.6616,BMAN-00514,ManufacturingBatch,manufacturing
BFB-04020,BRG-04020,B014,rolling_element_fault,rolling_element,medium,0.6592,诊断结果显示轴承出现中等滚动体故障，根因更可能来自装配阶段实体 BASM-04020 的风险累积。,异常由微小缺陷逐步发展为周期性冲击，检测指标随严重度上升而同步恶化。,0.8199,BASM-04020,AssemblyRecord,assembly
BFB-04021,BRG-04021,B014,rolling_element_fault,rolling_element,medium,0.6756,诊断结果显示轴承出现中等滚动体故障，根因更可能来自制造阶段实体 BMAN-00982 的风险累积。,风险首先在制造阶段形成隐患，运行中持续放大，并通过温度与振动指标表现出来。,0.6208,BMAN-00982,ManufacturingBatch,manufacturing
BFB-04022,BRG-04022,IR014,inner_race_fault,inner_race,medium,0.7664,该样本的生命周期风险在制造阶段较突出，能够解释当前中等内圈故障的主要失效模式。,风险首先在制造阶段形成隐患，运行中持续放大，并通过温度与振动指标表现出来。,0.7212,BMAN-01105,ManufacturingBatch,manufacturing
BFB-04023,BRG-04023,OR014,outer_race_fault,outer_race,medium,0.6759,结合振动、峭度和温升特征，外圈故障与制造阶段异常高度一致，优先追溯到 BMAN-00743。,风险首先在制造阶段形成隐患，运行中持续放大，并通过温度与振动指标表现出来。,0.6776,BMAN-00743,ManufacturingBatch,manufacturing
BFB-04024,BRG-04024,B021,rolling_element_fault,rolling_element,severe,0.7161,诊断结果显示轴承出现严重滚动体故障，根因更可能来自材料阶段实体 BMAT-00148 的风险累积。,风险首先在材料阶段形成隐患，运行中持续放大，并通过温度与振动指标表现出来。,0.6138,BMAT-00148,MaterialBatch,material
BFB-04025,BRG-04025,OR007,outer_race_fault,outer_race,slight,0.724,诊断结果显示轴承出现轻微外圈故障，根因更可能来自检测阶段实体 BINSP-04025 的风险累积。,风险首先在检测阶段形成隐患，运行中持续放大，并通过温度与振动指标表现出来。,0.6429,BINSP-04025,InspectionRecord,inspection
BFB-04026,BRG-04026,IR014,inner_race_fault,inner_race,medium,0.6758,该样本的生命周期风险在制造阶段较突出，能够解释当前中等内圈故障的主要失效模式。,早期表现为局部接触应力升高，随后振动冲击增强，最终演化为中等内圈故障。,0.6599,BMAN-00816,ManufacturingBatch,manufacturing
BFB-04027,BRG-04027,IR014,inner_race_fault,inner_race,medium,0.6511,该样本的生命周期风险在装配阶段较突出，能够解释当前中等内圈故障的主要失效模式。,异常由微小缺陷逐步发展为周期性冲击，检测指标随严重度上升而同步恶化。,0.6277,BASM-04027,AssemblyRecord,assembly
BFB-04028,BRG-04028,Normal,normal,none,normal,0.8981,该轴承样本生命周期风险较低，未形成明确故障追溯链。,运行状态平稳，检测指标未呈现持续恶化趋势。,0.8259,NORMAL_BASELINE,QualityFeedback,feedback
BFB-04029,BRG-04029,OR014,outer_race_fault,outer_race,medium,0.6134,结合振动、峭度和温升特征，外圈故障与设计阶段异常高度一致，优先追溯到 BDES-00434。,异常由微小缺陷逐步发展为周期性冲击，检测指标随严重度上升而同步恶化。,0.6712,BDES-00434,BearingDesignSpec,design
BFB-04030,BRG-04030,IR021,inner_race_fault,inner_race,severe,0.8476,该样本的生命周期风险在制造阶段较突出，能够解释当前严重内圈故障的主要失效模式。,风险首先在制造阶段形成隐患，运行中持续放大，并通过温度与振动指标表现出来。,0.7126,BMAN-00219,ManufacturingBatch,manufacturing
BFB-04031,BRG-04031,OR014,outer_race_fault,outer_race,medium,0.7189,该样本的生命周期风险在材料阶段较突出，能够解释当前中等外圈故障的主要失效模式。,早期表现为局部接触应力升高，随后振动冲击增强，最终演化为中等外圈故障。,0.7395,BMAT-00486,MaterialBatch,material
BFB-04032,BRG-04032,B007,rolling_element_fault,rolling_element,slight,0.6529,该样本的生命周期风险在设计阶段较突出，能够解释当前轻微滚动体故障的主要失效模式。,异常由微小缺陷逐步发展为周期性冲击，检测指标随严重度上升而同步恶化。,0.654,BDES-00526,BearingDesignSpec,design
BFB-04033,BRG-04033,IR014,inner_race_fault,inner_race,medium,0.6763,结合振动、峭度和温升特征，内圈故障与检测阶段异常高度一致，优先追溯到 BINSP-04033。,风险首先在检测阶段形成隐患，运行中持续放大，并通过温度与振动指标表现出来。,0.6258,BINSP-04033,InspectionRecord,inspection
BFB-04034,BRG-04034,IR007,inner_race_fault,inner_race,slight,0.6342,诊断结果显示轴承出现轻微内圈故障，根因更可能来自装配阶段实体 BASM-04034 的风险累积。,早期表现为局部接触应力升高，随后振动冲击增强，最终演化为轻微内圈故障。,0.6154,BASM-04034,AssemblyRecord,assembly
BFB-04035,BRG-04035,OR021,outer_race_fault,outer_race,severe,0.75,结合振动、峭度和温升特征，外圈故障与检测阶段异常高度一致，优先追溯到 BINSP-04035。,异常由微小缺陷逐步发展为周期性冲击，检测指标随严重度上升而同步恶化。,0.6913,BINSP-04035,InspectionRecord,inspection
BFB-04036,BRG-04036,B007,rolling_element_fault,rolling_element,slight,0.663,诊断结果显示轴承出现轻微滚动体故障，根因更可能来自材料阶段实体 BMAT-00146 的风险累积。,早期表现为局部接触应力升高，随后振动冲击增强，最终演化为轻微滚动体故障。,0.6235,BMAT-00146,MaterialBatch,material
BFB-04037,BRG-04037,Normal,normal,none,normal,0.8641,该轴承样本生命周期风险较低，未形成明确故障追溯链。,运行状态平稳，检测指标未呈现持续恶化趋势。,0.8484,NORMAL_BASELINE,QualityFeedback,feedback
BFB-04038,BRG-04038,Normal,normal,none,normal,0.8669,该轴承样本生命周期风险较低，未形成明确故障追溯链。,运行状态平稳，检测指标未呈现持续恶化趋势。,0.7884,NORMAL_BASELINE,QualityFeedback,feedback
BFB-04039,BRG-04039,IR014,inner_race_fault,inner_race,medium,0.6763,该样本的生命周期风险在制造阶段较突出，能够解释当前中等内圈故障的主要失效模式。,早期表现为局部接触应力升高，随后振动冲击增强，最终演化为中等内圈故障。,0.7245,BMAN-00790,ManufacturingBatch,manufacturing
BFB-04040,BRG-04040,IR021,inner_race_fault,inner_race,severe,0.7552,结合振动、峭度和温升特征，内圈故障与装配阶段异常高度一致，优先追溯到 BASM-04040。,异常由微小缺陷逐步发展为周期性冲击，检测指标随严重度上升而同步恶化。,0.6839,BASM-04040,AssemblyRecord,assembly
BFB-04041,BRG-04041,IR007,inner_race_fault,inner_race,slight,0.6763,结合振动、峭度和温升特征，内圈故障与装配阶段异常高度一致，优先追溯到 BASM-04041。,风险首先在装配阶段形成隐患，运行中持续放大，并通过温度与振动指标表现出来。,0.5842,BASM-04041,AssemblyRecord,assembly
BFB-04042,BRG-04042,IR014,inner_race_fault,inner_race,medium,0.6797,该样本的生命周期风险在运维阶段较突出，能够解释当前中等内圈故障的主要失效模式。,异常由微小缺陷逐步发展为周期性冲击，检测指标随严重度上升而同步恶化。,0.8465,BOPR-04042,MaintenanceRecord,operation
BFB-04043,BRG-04043,OR007,outer_race_fault,outer_race,slight,0.6259,该样本的生命周期风险在运维阶段较突出，能够解释当前轻微外圈故障的主要失效模式。,异常由微小缺陷逐步发展为周期性冲击，检测指标随严重度上升而同步恶化。,0.7235,BOPR-04043,MaintenanceRecord,operation
BFB-04044,BRG-04044,OR007,outer_race_fault,outer_race,slight,0.7146,结合振动、峭度和温升特征，外圈故障与检测阶段异常高度一致，优先追溯到 BINSP-04044。,风险首先在检测阶段形成隐患，运行中持续放大，并通过温度与振动指标表现出来。,0.665,BINSP-04044,InspectionRecord,inspection
BFB-04045,BRG-04045,B014,rolling_element_fault,rolling_element,medium,0.7189,结合振动、峭度和温升特征，滚动体故障与制造阶段异常高度一致，优先追溯到 BMAN-00617。,早期表现为局部接触应力升高，随后振动冲击增强，最终演化为中等滚动体故障。,0.6559,BMAN-00617,ManufacturingBatch,manufacturing
BFB-04046,BRG-04046,Normal,normal,none,normal,0.9175,该轴承样本生命周期风险较低，未形成明确故障追溯链。,运行状态平稳，检测指标未呈现持续恶化趋势。,0.7953,NORMAL_BASELINE,QualityFeedback,feedback
BFB-04047,BRG-04047,IR021,inner_race_fault,inner_race,severe,0.7233,结合振动、峭度和温升特征，内圈故障与材料阶段异常高度一致，优先追溯到 BMAT-00097。,异常由微小缺陷逐步发展为周期性冲击，检测指标随严重度上升而同步恶化。,0.704,BMAT-00097,MaterialBatch,material
BFB-04048,BRG-04048,B007,rolling_element_fault,rolling_element,slight,0.7226,该样本的生命周期风险在制造阶段较突出，能够解释当前轻微滚动体故障的主要失效模式。,异常由微小缺陷逐步发展为周期性冲击，检测指标随严重度上升而同步恶化。,0.7894,BMAN-00364,ManufacturingBatch,manufacturing
BFB-04049,BRG-04049,IR021,inner_race_fault,inner_race,severe,0.6847,结合振动、峭度和温升特征，内圈故障与材料阶段异常高度一致，优先追溯到 BMAT-00079。,异常由微小缺陷逐步发展为周期性冲击，检测指标随严重度上升而同步恶化。,0.7377,BMAT-00079,MaterialBatch,material
BFB-04050,BRG-04050,IR014,inner_race_fault,inner_race,medium,0.7097,诊断结果显示轴承出现中等内圈故障，根因更可能来自制造阶段实体 BMAN-00078 的风险累积。,异常由微小缺陷逐步发展为周期性冲击，检测指标随严重度上升而同步恶化。,0.7121,BMAN-00078,ManufacturingBatch,manufacturing
BFB-04051,BRG-04051,B014,rolling_element_fault,rolling_element,medium,0.7072,结合振动、峭度和温升特征，滚动体故障与制造阶段异常高度一致，优先追溯到 BMAN-00479。,风险首先在制造阶段形成隐患，运行中持续放大，并通过温度与振动指标表现出来。,0.7012,BMAN-00479,ManufacturingBatch,manufacturing
BFB-04052,BRG-04052,IR014,inner_race_fault,inner_race,medium,0.706,诊断结果显示轴承出现中等内圈故障，根因更可能来自制造阶段实体 BMAN-00073 的风险累积。,风险首先在制造阶段形成隐患，运行中持续放大，并通过温度与振动指标表现出来。,0.6614,BMAN-00073,ManufacturingBatch,manufacturing
BFB-04053,BRG-04053,OR021,outer_race_fault,outer_race,severe,0.6815,诊断结果显示轴承出现严重外圈故障，根因更可能来自设计阶段实体 BDES-00451 的风险累积。,早期表现为局部接触应力升高，随后振动冲击增强，最终演化为严重外圈故障。,0.6875,BDES-00451,BearingDesignSpec,design
BFB-04054,BRG-04054,OR007,outer_race_fault,outer_race,slight,0.6087,该样本的生命周期风险在检测阶段较突出，能够解释当前轻微外圈故障的主要失效模式。,风险首先在检测阶段形成隐患，运行中持续放大，并通过温度与振动指标表现出来。,0.6139,BINSP-04054,InspectionRecord,inspection
BFB-04055,BRG-04055,IR021,inner_race_fault,inner_race,severe,0.6611,该样本的生命周期风险在装配阶段较突出，能够解释当前严重内圈故障的主要失效模式。,风险首先在装配阶段形成隐患，运行中持续放大，并通过温度与振动指标表现出来。,0.6827,BASM-04055,AssemblyRecord,assembly
BFB-04056,BRG-04056,IR021,inner_race_fault,inner_race,severe,0.7425,诊断结果显示轴承出现严重内圈故障，根因更可能来自装配阶段实体 BASM-04056 的风险累积。,早期表现为局部接触应力升高，随后振动冲击增强，最终演化为严重内圈故障。,0.5521,BASM-04056,AssemblyRecord,assembly
BFB-04057,BRG-04057,B007,rolling_element_fault,rolling_element,slight,0.6925,诊断结果显示轴承出现轻微滚动体故障，根因更可能来自检测阶段实体 BINSP-04057 的风险累积。,早期表现为局部接触应力升高，随后振动冲击增强，最终演化为轻微滚动体故障。,0.6042,BINSP-04057,InspectionRecord,inspection
BFB-04058,BRG-04058,Normal,normal,none,normal,0.861,该轴承样本生命周期风险较低，未形成明确故障追溯链。,运行状态平稳，检测指标未呈现持续恶化趋势。,0.8352,NORMAL_BASELINE,QualityFeedback,feedback
BFB-04059,BRG-04059,IR007,inner_race_fault,inner_race,slight,0.6923,诊断结果显示轴承出现轻微内圈故障，根因更可能来自材料阶段实体 BMAT-00441 的风险累积。,风险首先在材料阶段形成隐患，运行中持续放大，并通过温度与振动指标表现出来。,0.7245,BMAT-00441,MaterialBatch,material
BFB-04060,BRG-04060,B007,rolling_element_fault,rolling_element,slight,0.7327,诊断结果显示轴承出现轻微滚动体故障，根因更可能来自材料阶段实体 BMAT-00121 的风险累积。,风险首先在材料阶段形成隐患，运行中持续放大，并通过温度与振动指标表现出来。,0.5749,BMAT-00121,MaterialBatch,material
BFB-04061,BRG-04061,IR014,inner_race_fault,inner_race,medium,0.7832,诊断结果显示轴承出现中等内圈故障，根因更可能来自材料阶段实体 BMAT-00109 的风险累积。,风险首先在材料阶段形成隐患，运行中持续放大，并通过温度与振动指标表现出来。,0.6819,BMAT-00109,MaterialBatch,material
BFB-04062,BRG-04062,OR014,outer_race_fault,outer_race,medium,0.6801,该样本的生命周期风险在运维阶段较突出，能够解释当前中等外圈故障的主要失效模式。,早期表现为局部接触应力升高，随后振动冲击增强，最终演化为中等外圈故障。,0.7339,BOPR-04062,MaintenanceRecord,operation
BFB-04063,BRG-04063,IR014,inner_race_fault,inner_race,medium,0.6651,诊断结果显示轴承出现中等内圈故障，根因更可能来自运维阶段实体 BOPR-04063 的风险累积。,早期表现为局部接触应力升高，随后振动冲击增强，最终演化为中等内圈故障。,0.7115,BOPR-04063,MaintenanceRecord,operation
BFB-04064,BRG-04064,B007,rolling_element_fault,rolling_element,slight,0.6936,结合振动、峭度和温升特征，滚动体故障与装配阶段异常高度一致，优先追溯到 BASM-04064。,早期表现为局部接触应力升高，随后振动冲击增强，最终演化为轻微滚动体故障。,0.6569,BASM-04064,AssemblyRecord,assembly
BFB-04065,BRG-04065,IR021,inner_race_fault,inner_race,severe,0.7722,诊断结果显示轴承出现严重内圈故障，根因更可能来自运维阶段实体 BOPR-04065 的风险累积。,风险首先在运维阶段形成隐患，运行中持续放大，并通过温度与振动指标表现出来。,0.7089,BOPR-04065,MaintenanceRecord,operation
BFB-04066,BRG-04066,OR014,outer_race_fault,outer_race,medium,0.6591,诊断结果显示轴承出现中等外圈故障，根因更可能来自装配阶段实体 BASM-04066 的风险累积。,异常由微小缺陷逐步发展为周期性冲击，检测指标随严重度上升而同步恶化。,0.6423,BASM-04066,AssemblyRecord,assembly
BFB-04067,BRG-04067,OR014,outer_race_fault,outer_race,medium,0.7255,该样本的生命周期风险在装配阶段较突出，能够解释当前中等外圈故障的主要失效模式。,异常由微小缺陷逐步发展为周期性冲击，检测指标随严重度上升而同步恶化。,0.718,BASM-04067,AssemblyRecord,assembly
BFB-04068,BRG-04068,B021,rolling_element_fault,rolling_element,severe,0.6772,该样本的生命周期风险在装配阶段较突出，能够解释当前严重滚动体故障的主要失效模式。,异常由微小缺陷逐步发展为周期性冲击，检测指标随严重度上升而同步恶化。,0.7746,BASM-04068,AssemblyRecord,assembly
BFB-04069,BRG-04069,IR021,inner_race_fault,inner_race,severe,0.6783,结合振动、峭度和温升特征，内圈故障与装配阶段异常高度一致，优先追溯到 BASM-04069。,异常由微小缺陷逐步发展为周期性冲击，检测指标随严重度上升而同步恶化。,0.6901,BASM-04069,AssemblyRecord,assembly
BFB-04070,BRG-04070,IR014,inner_race_fault,inner_race,medium,0.618,结合振动、峭度和温升特征，内圈故障与装配阶段异常高度一致，优先追溯到 BASM-04070。,风险首先在装配阶段形成隐患，运行中持续放大，并通过温度与振动指标表现出来。,0.561,BASM-04070,AssemblyRecord,assembly
BFB-04071,BRG-04071,Normal,normal,none,normal,0.9183,该轴承样本生命周期风险较低，未形成明确故障追溯链。,运行状态平稳，检测指标未呈现持续恶化趋势。,0.8633,NORMAL_BASELINE,QualityFeedback,feedback
BFB-04072,BRG-04072,B021,rolling_element_fault,rolling_element,severe,0.7513,该样本的生命周期风险在制造阶段较突出，能够解释当前严重滚动体故障的主要失效模式。,异常由微小缺陷逐步发展为周期性冲击，检测指标随严重度上升而同步恶化。,0.6109,BMAN-00573,ManufacturingBatch,manufacturing
BFB-04073,BRG-04073,Normal,normal,none,normal,0.8973,该轴承样本生命周期风险较低，未形成明确故障追溯链。,运行状态平稳，检测指标未呈现持续恶化趋势。,0.8151,NORMAL_BASELINE,QualityFeedback,feedback
BFB-04074,BRG-04074,B007,rolling_element_fault,rolling_element,slight,0.6818,诊断结果显示轴承出现轻微滚动体故障，根因更可能来自制造阶段实体 BMAN-00260 的风险累积。,早期表现为局部接触应力升高，随后振动冲击增强，最终演化为轻微滚动体故障。,0.6624,BMAN-00260,ManufacturingBatch,manufacturing
BFB-04075,BRG-04075,B014,rolling_element_fault,rolling_element,medium,0.757,诊断结果显示轴承出现中等滚动体故障，根因更可能来自装配阶段实体 BASM-04075 的风险累积。,异常由微小缺陷逐步发展为周期性冲击，检测指标随严重度上升而同步恶化。,0.5793,BASM-04075,AssemblyRecord,assembly
BFB-04076,BRG-04076,B014,rolling_element_fault,rolling_element,medium,0.636,该样本的生命周期风险在设计阶段较突出，能够解释当前中等滚动体故障的主要失效模式。,风险首先在设计阶段形成隐患，运行中持续放大，并通过温度与振动指标表现出来。,0.6412,BDES-00551,BearingDesignSpec,design
BFB-04077,BRG-04077,B014,rolling_element_fault,rolling_element,medium,0.7676,结合振动、峭度和温升特征，滚动体故障与装配阶段异常高度一致，优先追溯到 BASM-04077。,风险首先在装配阶段形成隐患，运行中持续放大，并通过温度与振动指标表现出来。,0.6524,BASM-04077,AssemblyRecord,assembly
BFB-04078,BRG-04078,IR007,inner_race_fault,inner_race,slight,0.7396,结合振动、峭度和温升特征，内圈故障与材料阶段异常高度一致，优先追溯到 BMAT-00133。,早期表现为局部接触应力升高，随后振动冲击增强，最终演化为轻微内圈故障。,0.7063,BMAT-00133,MaterialBatch,material
BFB-04079,BRG-04079,B007,rolling_element_fault,rolling_element,slight,0.7539,结合振动、峭度和温升特征，滚动体故障与制造阶段异常高度一致，优先追溯到 BMAN-01179。,早期表现为局部接触应力升高，随后振动冲击增强，最终演化为轻微滚动体故障。,0.673,BMAN-01179,ManufacturingBatch,manufacturing
BFB-04080,BRG-04080,OR014,outer_race_fault,outer_race,medium,0.6601,该样本的生命周期风险在装配阶段较突出，能够解释当前中等外圈故障的主要失效模式。,早期表现为局部接触应力升高，随后振动冲击增强，最终演化为中等外圈故障。,0.7099,BASM-04080,AssemblyRecord,assembly
BFB-04081,BRG-04081,B014,rolling_element_fault,rolling_element,medium,0.6565,该样本的生命周期风险在制造阶段较突出，能够解释当前中等滚动体故障的主要失效模式。,早期表现为局部接触应力升高，随后振动冲击增强，最终演化为中等滚动体故障。,0.7002,BMAN-01081,ManufacturingBatch,manufacturing
BFB-04082,BRG-04082,IR021,inner_race_fault,inner_race,severe,0.7761,该样本的生命周期风险在制造阶段较突出，能够解释当前严重内圈故障的主要失效模式。,风险首先在制造阶段形成隐患，运行中持续放大，并通过温度与振动指标表现出来。,0.799,BMAN-01193,ManufacturingBatch,manufacturing
BFB-04083,BRG-04083,OR007,outer_race_fault,outer_race,slight,0.6787,结合振动、峭度和温升特征，外圈故障与设计阶段异常高度一致，优先追溯到 BDES-00074。,风险首先在设计阶段形成隐患，运行中持续放大，并通过温度与振动指标表现出来。,0.6954,BDES-00074,BearingDesignSpec,design
BFB-04084,BRG-04084,B014,rolling_element_fault,rolling_element,medium,0.654,结合振动、峭度和温升特征，滚动体故障与检测阶段异常高度一致，优先追溯到 BINSP-04084。,风险首先在检测阶段形成隐患，运行中持续放大，并通过温度与振动指标表现出来。,0.6627,BINSP-04084,InspectionRecord,inspection
BFB-04085,BRG-04085,B014,rolling_element_fault,rolling_element,medium,0.6497,诊断结果显示轴承出现中等滚动体故障，根因更可能来自材料阶段实体 BMAT-00067 的风险累积。,异常由微小缺陷逐步发展为周期性冲击，检测指标随严重度上升而同步恶化。,0.6563,BMAT-00067,MaterialBatch,material
BFB-04086,BRG-04086,Normal,normal,none,normal,0.9587,该轴承样本生命周期风险较低，未形成明确故障追溯链。,运行状态平稳，检测指标未呈现持续恶化趋势。,0.834,NORMAL_BASELINE,QualityFeedback,feedback
BFB-04087,BRG-04087,B014,rolling_element_fault,rolling_element,medium,0.7559,该样本的生命周期风险在装配阶段较突出，能够解释当前中等滚动体故障的主要失效模式。,异常由微小缺陷逐步发展为周期性冲击，检测指标随严重度上升而同步恶化。,0.7018,BASM-04087,AssemblyRecord,assembly
BFB-04088,BRG-04088,B021,rolling_element_fault,rolling_element,severe,0.7295,结合振动、峭度和温升特征，滚动体故障与制造阶段异常高度一致，优先追溯到 BMAN-01129。,异常由微小缺陷逐步发展为周期性冲击，检测指标随严重度上升而同步恶化。,0.6987,BMAN-01129,ManufacturingBatch,manufacturing
BFB-04089,BRG-04089,OR014,outer_race_fault,outer_race,medium,0.7576,结合振动、峭度和温升特征，外圈故障与材料阶段异常高度一致，优先追溯到 BMAT-00489。,早期表现为局部接触应力升高，随后振动冲击增强，最终演化为中等外圈故障。,0.6146,BMAT-00489,MaterialBatch,material
BFB-04090,BRG-04090,OR014,outer_race_fault,outer_race,medium,0.6546,结合振动、峭度和温升特征，外圈故障与装配阶段异常高度一致，优先追溯到 BASM-04090。,异常由微小缺陷逐步发展为周期性冲击，检测指标随严重度上升而同步恶化。,0.6985,BASM-04090,AssemblyRecord,assembly
BFB-04091,BRG-04091,IR014,inner_race_fault,inner_race,medium,0.7288,该样本的生命周期风险在运维阶段较突出，能够解释当前中等内圈故障的主要失效模式。,风险首先在运维阶段形成隐患，运行中持续放大，并通过温度与振动指标表现出来。,0.7305,BOPR-04091,MaintenanceRecord,operation
BFB-04092,BRG-04092,IR014,inner_race_fault,inner_race,medium,0.692,结合振动、峭度和温升特征，内圈故障与制造阶段异常高度一致，优先追溯到 BMAN-00172。,异常由微小缺陷逐步发展为周期性冲击，检测指标随严重度上升而同步恶化。,0.6472,BMAN-00172,ManufacturingBatch,manufacturing
BFB-04093,BRG-04093,IR007,inner_race_fault,inner_race,slight,0.6308,该样本的生命周期风险在装配阶段较突出，能够解释当前轻微内圈故障的主要失效模式。,异常由微小缺陷逐步发展为周期性冲击，检测指标随严重度上升而同步恶化。,0.7346,BASM-04093,AssemblyRecord,assembly
BFB-04094,BRG-04094,IR007,inner_race_fault,inner_race,slight,0.694,结合振动、峭度和温升特征，内圈故障与运维阶段异常高度一致，优先追溯到 BOPR-04094。,早期表现为局部接触应力升高，随后振动冲击增强，最终演化为轻微内圈故障。,0.6686,BOPR-04094,MaintenanceRecord,operation
BFB-04095,BRG-04095,OR014,outer_race_fault,outer_race,medium,0.6854,诊断结果显示轴承出现中等外圈故障，根因更可能来自制造阶段实体 BMAN-00689 的风险累积。,早期表现为局部接触应力升高，随后振动冲击增强，最终演化为中等外圈故障。,0.6973,BMAN-00689,ManufacturingBatch,manufacturing
BFB-04096,BRG-04096,B014,rolling_element_fault,rolling_element,medium,0.6061,结合振动、峭度和温升特征，滚动体故障与材料阶段异常高度一致，优先追溯到 BMAT-00054。,早期表现为局部接触应力升高，随后振动冲击增强，最终演化为中等滚动体故障。,0.6311,BMAT-00054,MaterialBatch,material
BFB-04097,BRG-04097,Normal,normal,none,normal,0.9101,该轴承样本生命周期风险较低，未形成明确故障追溯链。,运行状态平稳，检测指标未呈现持续恶化趋势。,0.8497,NORMAL_BASELINE,QualityFeedback,feedback
BFB-04098,BRG-04098,IR021,inner_race_fault,inner_race,severe,0.7222,该样本的生命周期风险在设计阶段较突出，能够解释当前严重内圈故障的主要失效模式。,异常由微小缺陷逐步发展为周期性冲击，检测指标随严重度上升而同步恶化。,0.709,BDES-00379,BearingDesignSpec,design
BFB-04099,BRG-04099,OR007,outer_race_fault,outer_race,slight,0.7446,该样本的生命周期风险在设计阶段较突出，能够解释当前轻微外圈故障的主要失效模式。,风险首先在设计阶段形成隐患，运行中持续放大，并通过温度与振动指标表现出来。,0.5637,BDES-00192,BearingDesignSpec,design
BFB-04100,BRG-04100,Normal,normal,none,normal,0.9125,该轴承样本生命周期风险较低，未形成明确故障追溯链。,运行状态平稳，检测指标未呈现持续恶化趋势。,0.8195,NORMAL_BASELINE,QualityFeedback,feedback
BFB-04101,BRG-04101,OR014,outer_race_fault,outer_race,medium,0.7759,结合振动、峭度和温升特征，外圈故障与装配阶段异常高度一致，优先追溯到 BASM-04101。,风险首先在装配阶段形成隐患，运行中持续放大，并通过温度与振动指标表现出来。,0.6366,BASM-04101,AssemblyRecord,assembly
BFB-04102,BRG-04102,IR007,inner_race_fault,inner_race,slight,0.7076,该样本的生命周期风险在制造阶段较突出，能够解释当前轻微内圈故障的主要失效模式。,早期表现为局部接触应力升高，随后振动冲击增强，最终演化为轻微内圈故障。,0.6594,BMAN-01096,ManufacturingBatch,manufacturing
BFB-04103,BRG-04103,IR014,inner_race_fault,inner_race,medium,0.691,该样本的生命周期风险在制造阶段较突出，能够解释当前中等内圈故障的主要失效模式。,风险首先在制造阶段形成隐患，运行中持续放大，并通过温度与振动指标表现出来。,0.6791,BMAN-00481,ManufacturingBatch,manufacturing
BFB-04104,BRG-04104,IR007,inner_race_fault,inner_race,slight,0.6211,结合振动、峭度和温升特征，内圈故障与制造阶段异常高度一致，优先追溯到 BMAN-00675。,异常由微小缺陷逐步发展为周期性冲击，检测指标随严重度上升而同步恶化。,0.6333,BMAN-00675,ManufacturingBatch,manufacturing
BFB-04105,BRG-04105,B007,rolling_element_fault,rolling_element,slight,0.6837,诊断结果显示轴承出现轻微滚动体故障，根因更可能来自装配阶段实体 BASM-04105 的风险累积。,早期表现为局部接触应力升高，随后振动冲击增强，最终演化为轻微滚动体故障。,0.6483,BASM-04105,AssemblyRecord,assembly
BFB-04106,BRG-04106,OR014,outer_race_fault,outer_race,medium,0.6855,诊断结果显示轴承出现中等外圈故障，根因更可能来自制造阶段实体 BMAN-00671 的风险累积。,早期表现为局部接触应力升高，随后振动冲击增强，最终演化为中等外圈故障。,0.809,BMAN-00671,ManufacturingBatch,manufacturing
BFB-04107,BRG-04107,IR014,inner_race_fault,inner_race,medium,0.7655,该样本的生命周期风险在装配阶段较突出，能够解释当前中等内圈故障的主要失效模式。,早期表现为局部接触应力升高，随后振动冲击增强，最终演化为中等内圈故障。,0.741,BASM-04107,AssemblyRecord,assembly
BFB-04108,BRG-04108,OR007,outer_race_fault,outer_race,slight,0.6986,结合振动、峭度和温升特征，外圈故障与制造阶段异常高度一致，优先追溯到 BMAN-00443。,早期表现为局部接触应力升高，随后振动冲击增强，最终演化为轻微外圈故障。,0.5856,BMAN-00443,ManufacturingBatch,manufacturing
BFB-04109,BRG-04109,OR021,outer_race_fault,outer_race,severe,0.7365,结合振动、峭度和温升特征，外圈故障与装配阶段异常高度一致，优先追溯到 BASM-04109。,早期表现为局部接触应力升高，随后振动冲击增强，最终演化为严重外圈故障。,0.6397,BASM-04109,AssemblyRecord,assembly
BFB-04110,BRG-04110,OR021,outer_race_fault,outer_race,severe,0.7034,结合振动、峭度和温升特征，外圈故障与检测阶段异常高度一致，优先追溯到 BINSP-04110。,异常由微小缺陷逐步发展为周期性冲击，检测指标随严重度上升而同步恶化。,0.7226,BINSP-04110,InspectionRecord,inspection
BFB-04111,BRG-04111,OR021,outer_race_fault,outer_race,severe,0.6761,该样本的生命周期风险在制造阶段较突出，能够解释当前严重外圈故障的主要失效模式。,异常由微小缺陷逐步发展为周期性冲击，检测指标随严重度上升而同步恶化。,0.6776,BMAN-00956,ManufacturingBatch,manufacturing
BFB-04112,BRG-04112,OR007,outer_race_fault,outer_race,slight,0.7015,该样本的生命周期风险在设计阶段较突出，能够解释当前轻微外圈故障的主要失效模式。,早期表现为局部接触应力升高，随后振动冲击增强，最终演化为轻微外圈故障。,0.5885,BDES-00045,BearingDesignSpec,design
BFB-04113,BRG-04113,IR021,inner_race_fault,inner_race,severe,0.7466,该样本的生命周期风险在材料阶段较突出，能够解释当前严重内圈故障的主要失效模式。,异常由微小缺陷逐步发展为周期性冲击，检测指标随严重度上升而同步恶化。,0.6765,BMAT-00352,MaterialBatch,material
BFB-04114,BRG-04114,OR014,outer_race_fault,outer_race,medium,0.7029,该样本的生命周期风险在制造阶段较突出，能够解释当前中等外圈故障的主要失效模式。,异常由微小缺陷逐步发展为周期性冲击，检测指标随严重度上升而同步恶化。,0.6769,BMAN-00233,ManufacturingBatch,manufacturing
BFB-04115,BRG-04115,OR014,outer_race_fault,outer_race,medium,0.7263,诊断结果显示轴承出现中等外圈故障，根因更可能来自装配阶段实体 BASM-04115 的风险累积。,早期表现为局部接触应力升高，随后振动冲击增强，最终演化为中等外圈故障。,0.7587,BASM-04115,AssemblyRecord,assembly
BFB-04116,BRG-04116,OR014,outer_race_fault,outer_race,medium,0.7222,诊断结果显示轴承出现中等外圈故障，根因更可能来自制造阶段实体 BMAN-00556 的风险累积。,早期表现为局部接触应力升高，随后振动冲击增强，最终演化为中等外圈故障。,0.6058,BMAN-00556,ManufacturingBatch,manufacturing
BFB-04117,BRG-04117,B014,rolling_element_fault,rolling_element,medium,0.6849,该样本的生命周期风险在运维阶段较突出，能够解释当前中等滚动体故障的主要失效模式。,早期表现为局部接触应力升高，随后振动冲击增强，最终演化为中等滚动体故障。,0.7224,BOPR-04117,MaintenanceRecord,operation
BFB-04118,BRG-04118,IR007,inner_race_fault,inner_race,slight,0.7445,该样本的生命周期风险在设计阶段较突出，能够解释当前轻微内圈故障的主要失效模式。,异常由微小缺陷逐步发展为周期性冲击，检测指标随严重度上升而同步恶化。,0.6561,BDES-00725,BearingDesignSpec,design
BFB-04119,BRG-04119,Normal,normal,none,normal,0.8619,该轴承样本生命周期风险较低，未形成明确故障追溯链。,运行状态平稳，检测指标未呈现持续恶化趋势。,0.8667,NORMAL_BASELINE,QualityFeedback,feedback
BFB-04120,BRG-04120,B007,rolling_element_fault,rolling_element,slight,0.7665,该样本的生命周期风险在制造阶段较突出，能够解释当前轻微滚动体故障的主要失效模式。,早期表现为局部接触应力升高，随后振动冲击增强，最终演化为轻微滚动体故障。,0.7055,BMAN-00677,ManufacturingBatch,manufacturing
BFB-04121,BRG-04121,IR014,inner_race_fault,inner_race,medium,0.6862,结合振动、峭度和温升特征，内圈故障与装配阶段异常高度一致，优先追溯到 BASM-04121。,异常由微小缺陷逐步发展为周期性冲击，检测指标随严重度上升而同步恶化。,0.6647,BASM-04121,AssemblyRecord,assembly
BFB-04122,BRG-04122,OR021,outer_race_fault,outer_race,severe,0.7544,该样本的生命周期风险在装配阶段较突出，能够解释当前严重外圈故障的主要失效模式。,风险首先在装配阶段形成隐患，运行中持续放大，并通过温度与振动指标表现出来。,0.7757,BASM-04122,AssemblyRecord,assembly
BFB-04123,BRG-04123,B021,rolling_element_fault,rolling_element,severe,0.7683,结合振动、峭度和温升特征，滚动体故障与材料阶段异常高度一致，优先追溯到 BMAT-00245。,早期表现为局部接触应力升高，随后振动冲击增强，最终演化为严重滚动体故障。,0.8665,BMAT-00245,MaterialBatch,material
BFB-04124,BRG-04124,OR014,outer_race_fault,outer_race,medium,0.7309,该样本的生命周期风险在运维阶段较突出，能够解释当前中等外圈故障的主要失效模式。,异常由微小缺陷逐步发展为周期性冲击，检测指标随严重度上升而同步恶化。,0.7321,BOPR-04124,MaintenanceRecord,operation
BFB-04125,BRG-04125,Normal,normal,none,normal,0.9246,该轴承样本生命周期风险较低，未形成明确故障追溯链。,运行状态平稳，检测指标未呈现持续恶化趋势。,0.8348,NORMAL_BASELINE,QualityFeedback,feedback
BFB-04126,BRG-04126,B014,rolling_element_fault,rolling_element,medium,0.666,结合振动、峭度和温升特征，滚动体故障与制造阶段异常高度一致，优先追溯到 BMAN-01199。,异常由微小缺陷逐步发展为周期性冲击，检测指标随严重度上升而同步恶化。,0.6142,BMAN-01199,ManufacturingBatch,manufacturing
BFB-04127,BRG-04127,OR014,outer_race_fault,outer_race,medium,0.6886,该样本的生命周期风险在制造阶段较突出，能够解释当前中等外圈故障的主要失效模式。,风险首先在制造阶段形成隐患，运行中持续放大，并通过温度与振动指标表现出来。,0.7029,BMAN-00387,ManufacturingBatch,manufacturing
BFB-04128,BRG-04128,OR014,outer_race_fault,outer_race,medium,0.6916,诊断结果显示轴承出现中等外圈故障，根因更可能来自装配阶段实体 BASM-04128 的风险累积。,早期表现为局部接触应力升高，随后振动冲击增强，最终演化为中等外圈故障。,0.731,BASM-04128,AssemblyRecord,assembly
BFB-04129,BRG-04129,Normal,normal,none,normal,0.9546,该轴承样本生命周期风险较低，未形成明确故障追溯链。,运行状态平稳，检测指标未呈现持续恶化趋势。,0.7856,NORMAL_BASELINE,QualityFeedback,feedback
BFB-04130,BRG-04130,Normal,normal,none,normal,0.9103,该轴承样本生命周期风险较低，未形成明确故障追溯链。,运行状态平稳，检测指标未呈现持续恶化趋势。,0.8496,NORMAL_BASELINE,QualityFeedback,feedback
BFB-04131,BRG-04131,B021,rolling_element_fault,rolling_element,severe,0.7457,结合振动、峭度和温升特征，滚动体故障与制造阶段异常高度一致，优先追溯到 BMAN-01191。,风险首先在制造阶段形成隐患，运行中持续放大，并通过温度与振动指标表现出来。,0.7614,BMAN-01191,ManufacturingBatch,manufacturing
BFB-04132,BRG-04132,IR007,inner_race_fault,inner_race,slight,0.6501,该样本的生命周期风险在材料阶段较突出，能够解释当前轻微内圈故障的主要失效模式。,风险首先在材料阶段形成隐患，运行中持续放大，并通过温度与振动指标表现出来。,0.7814,BMAT-00450,MaterialBatch,material
BFB-04133,BRG-04133,OR014,outer_race_fault,outer_race,medium,0.7182,该样本的生命周期风险在装配阶段较突出，能够解释当前中等外圈故障的主要失效模式。,风险首先在装配阶段形成隐患，运行中持续放大，并通过温度与振动指标表现出来。,0.6472,BASM-04133,AssemblyRecord,assembly
BFB-04134,BRG-04134,B007,rolling_element_fault,rolling_element,slight,0.6686,该样本的生命周期风险在装配阶段较突出，能够解释当前轻微滚动体故障的主要失效模式。,早期表现为局部接触应力升高，随后振动冲击增强，最终演化为轻微滚动体故障。,0.6636,BASM-04134,AssemblyRecord,assembly
BFB-04135,BRG-04135,IR007,inner_race_fault,inner_race,slight,0.708,诊断结果显示轴承出现轻微内圈故障，根因更可能来自装配阶段实体 BASM-04135 的风险累积。,异常由微小缺陷逐步发展为周期性冲击，检测指标随严重度上升而同步恶化。,0.7063,BASM-04135,AssemblyRecord,assembly
BFB-04136,BRG-04136,B021,rolling_element_fault,rolling_element,severe,0.6721,该样本的生命周期风险在检测阶段较突出，能够解释当前严重滚动体故障的主要失效模式。,异常由微小缺陷逐步发展为周期性冲击，检测指标随严重度上升而同步恶化。,0.6847,BINSP-04136,InspectionRecord,inspection
BFB-04137,BRG-04137,B021,rolling_element_fault,rolling_element,severe,0.7157,结合振动、峭度和温升特征，滚动体故障与装配阶段异常高度一致，优先追溯到 BASM-04137。,风险首先在装配阶段形成隐患，运行中持续放大，并通过温度与振动指标表现出来。,0.5975,BASM-04137,AssemblyRecord,assembly
BFB-04138,BRG-04138,OR014,outer_race_fault,outer_race,medium,0.744,结合振动、峭度和温升特征，外圈故障与装配阶段异常高度一致，优先追溯到 BASM-04138。,风险首先在装配阶段形成隐患，运行中持续放大，并通过温度与振动指标表现出来。,0.64,BASM-04138,AssemblyRecord,assembly
BFB-04139,BRG-04139,OR021,outer_race_fault,outer_race,severe,0.7075,该样本的生命周期风险在制造阶段较突出，能够解释当前严重外圈故障的主要失效模式。,异常由微小缺陷逐步发展为周期性冲击，检测指标随严重度上升而同步恶化。,0.6677,BMAN-00948,ManufacturingBatch,manufacturing
BFB-04140,BRG-04140,OR007,outer_race_fault,outer_race,slight,0.6832,该样本的生命周期风险在装配阶段较突出，能够解释当前轻微外圈故障的主要失效模式。,异常由微小缺陷逐步发展为周期性冲击，检测指标随严重度上升而同步恶化。,0.6517,BASM-04140,AssemblyRecord,assembly
BFB-04141,BRG-04141,OR007,outer_race_fault,outer_race,slight,0.6281,该样本的生命周期风险在制造阶段较突出，能够解释当前轻微外圈故障的主要失效模式。,风险首先在制造阶段形成隐患，运行中持续放大，并通过温度与振动指标表现出来。,0.632,BMAN-00407,ManufacturingBatch,manufacturing
BFB-04142,BRG-04142,Normal,normal,none,normal,0.8641,该轴承样本生命周期风险较低，未形成明确故障追溯链。,运行状态平稳，检测指标未呈现持续恶化趋势。,0.8758,NORMAL_BASELINE,QualityFeedback,feedback
BFB-04143,BRG-04143,B014,rolling_element_fault,rolling_element,medium,0.7124,诊断结果显示轴承出现中等滚动体故障，根因更可能来自装配阶段实体 BASM-04143 的风险累积。,早期表现为局部接触应力升高，随后振动冲击增强，最终演化为中等滚动体故障。,0.6561,BASM-04143,AssemblyRecord,assembly
BFB-04144,BRG-04144,OR014,outer_race_fault,outer_race,medium,0.6363,结合振动、峭度和温升特征，外圈故障与装配阶段异常高度一致，优先追溯到 BASM-04144。,异常由微小缺陷逐步发展为周期性冲击，检测指标随严重度上升而同步恶化。,0.681,BASM-04144,AssemblyRecord,assembly
BFB-04145,BRG-04145,OR007,outer_race_fault,outer_race,slight,0.6601,诊断结果显示轴承出现轻微外圈故障，根因更可能来自装配阶段实体 BASM-04145 的风险累积。,早期表现为局部接触应力升高，随后振动冲击增强，最终演化为轻微外圈故障。,0.6291,BASM-04145,AssemblyRecord,assembly
BFB-04146,BRG-04146,OR014,outer_race_fault,outer_race,medium,0.7899,诊断结果显示轴承出现中等外圈故障，根因更可能来自材料阶段实体 BMAT-00309 的风险累积。,异常由微小缺陷逐步发展为周期性冲击，检测指标随严重度上升而同步恶化。,0.6666,BMAT-00309,MaterialBatch,material
BFB-04147,BRG-04147,Normal,normal,none,normal,0.9064,该轴承样本生命周期风险较低，未形成明确故障追溯链。,运行状态平稳，检测指标未呈现持续恶化趋势。,0.7803,NORMAL_BASELINE,QualityFeedback,feedback
BFB-04148,BRG-04148,IR014,inner_race_fault,inner_race,medium,0.6909,结合振动、峭度和温升特征，内圈故障与材料阶段异常高度一致，优先追溯到 BMAT-00240。,风险首先在材料阶段形成隐患，运行中持续放大，并通过温度与振动指标表现出来。,0.6925,BMAT-00240,MaterialBatch,material
BFB-04149,BRG-04149,OR007,outer_race_fault,outer_race,slight,0.6334,结合振动、峭度和温升特征，外圈故障与装配阶段异常高度一致，优先追溯到 BASM-04149。,异常由微小缺陷逐步发展为周期性冲击，检测指标随严重度上升而同步恶化。,0.6909,BASM-04149,AssemblyRecord,assembly
BFB-04150,BRG-04150,B007,rolling_element_fault,rolling_element,slight,0.6946,该样本的生命周期风险在材料阶段较突出，能够解释当前轻微滚动体故障的主要失效模式。,早期表现为局部接触应力升高，随后振动冲击增强，最终演化为轻微滚动体故障。,0.6174,BMAT-00020,MaterialBatch,material
BFB-04151,BRG-04151,B007,rolling_element_fault,rolling_element,slight,0.7505,诊断结果显示轴承出现轻微滚动体故障，根因更可能来自装配阶段实体 BASM-04151 的风险累积。,早期表现为局部接触应力升高，随后振动冲击增强，最终演化为轻微滚动体故障。,0.6462,BASM-04151,AssemblyRecord,assembly
BFB-04152,BRG-04152,Normal,normal,none,normal,0.8798,该轴承样本生命周期风险较低，未形成明确故障追溯链。,运行状态平稳，检测指标未呈现持续恶化趋势。,0.8227,NORMAL_BASELINE,QualityFeedback,feedback
BFB-04153,BRG-04153,IR007,inner_race_fault,inner_race,slight,0.6276,诊断结果显示轴承出现轻微内圈故障，根因更可能来自装配阶段实体 BASM-04153 的风险累积。,早期表现为局部接触应力升高，随后振动冲击增强，最终演化为轻微内圈故障。,0.6055,BASM-04153,AssemblyRecord,assembly
BFB-04154,BRG-04154,B007,rolling_element_fault,rolling_element,slight,0.6914,该样本的生命周期风险在运维阶段较突出，能够解释当前轻微滚动体故障的主要失效模式。,风险首先在运维阶段形成隐患，运行中持续放大，并通过温度与振动指标表现出来。,0.6262,BOPR-04154,MaintenanceRecord,operation
BFB-04155,BRG-04155,Normal,normal,none,normal,0.9481,该轴承样本生命周期风险较低，未形成明确故障追溯链。,运行状态平稳，检测指标未呈现持续恶化趋势。,0.8934,NORMAL_BASELINE,QualityFeedback,feedback
BFB-04156,BRG-04156,OR007,outer_race_fault,outer_race,slight,0.6452,结合振动、峭度和温升特征，外圈故障与装配阶段异常高度一致，优先追溯到 BASM-04156。,风险首先在装配阶段形成隐患，运行中持续放大，并通过温度与振动指标表现出来。,0.591,BASM-04156,AssemblyRecord,assembly
BFB-04157,BRG-04157,OR014,outer_race_fault,outer_race,medium,0.6487,诊断结果显示轴承出现中等外圈故障，根因更可能来自设计阶段实体 BDES-00276 的风险累积。,风险首先在设计阶段形成隐患，运行中持续放大，并通过温度与振动指标表现出来。,0.7295,BDES-00276,BearingDesignSpec,design
BFB-04158,BRG-04158,B021,rolling_element_fault,rolling_element,severe,0.7115,结合振动、峭度和温升特征，滚动体故障与检测阶段异常高度一致，优先追溯到 BINSP-04158。,异常由微小缺陷逐步发展为周期性冲击，检测指标随严重度上升而同步恶化。,0.6307,BINSP-04158,InspectionRecord,inspection
BFB-04159,BRG-04159,Normal,normal,none,normal,0.9433,该轴承样本生命周期风险较低，未形成明确故障追溯链。,运行状态平稳，检测指标未呈现持续恶化趋势。,0.8353,NORMAL_BASELINE,QualityFeedback,feedback
BFB-04160,BRG-04160,B014,rolling_element_fault,rolling_element,medium,0.6947,诊断结果显示轴承出现中等滚动体故障，根因更可能来自材料阶段实体 BMAT-00258 的风险累积。,风险首先在材料阶段形成隐患，运行中持续放大，并通过温度与振动指标表现出来。,0.6168,BMAT-00258,MaterialBatch,material
BFB-04161,BRG-04161,IR014,inner_race_fault,inner_race,medium,0.7095,结合振动、峭度和温升特征，内圈故障与制造阶段异常高度一致，优先追溯到 BMAN-00273。,异常由微小缺陷逐步发展为周期性冲击，检测指标随严重度上升而同步恶化。,0.7121,BMAN-00273,ManufacturingBatch,manufacturing
BFB-04162,BRG-04162,IR021,inner_race_fault,inner_race,severe,0.6896,结合振动、峭度和温升特征，内圈故障与装配阶段异常高度一致，优先追溯到 BASM-04162。,风险首先在装配阶段形成隐患，运行中持续放大，并通过温度与振动指标表现出来。,0.7141,BASM-04162,AssemblyRecord,assembly
BFB-04163,BRG-04163,IR021,inner_race_fault,inner_race,severe,0.6902,结合振动、峭度和温升特征，内圈故障与材料阶段异常高度一致，优先追溯到 BMAT-00228。,早期表现为局部接触应力升高，随后振动冲击增强，最终演化为严重内圈故障。,0.6622,BMAT-00228,MaterialBatch,material
BFB-04164,BRG-04164,B014,rolling_element_fault,rolling_element,medium,0.7168,结合振动、峭度和温升特征，滚动体故障与材料阶段异常高度一致，优先追溯到 BMAT-00485。,早期表现为局部接触应力升高，随后振动冲击增强，最终演化为中等滚动体故障。,0.565,BMAT-00485,MaterialBatch,material
BFB-04165,BRG-04165,Normal,normal,none,normal,0.9257,该轴承样本生命周期风险较低，未形成明确故障追溯链。,运行状态平稳，检测指标未呈现持续恶化趋势。,0.8332,NORMAL_BASELINE,QualityFeedback,feedback
BFB-04166,BRG-04166,OR014,outer_race_fault,outer_race,medium,0.7316,诊断结果显示轴承出现中等外圈故障，根因更可能来自材料阶段实体 BMAT-00240 的风险累积。,风险首先在材料阶段形成隐患，运行中持续放大，并通过温度与振动指标表现出来。,0.6531,BMAT-00240,MaterialBatch,material
BFB-04167,BRG-04167,IR007,inner_race_fault,inner_race,slight,0.6857,该样本的生命周期风险在制造阶段较突出，能够解释当前轻微内圈故障的主要失效模式。,异常由微小缺陷逐步发展为周期性冲击，检测指标随严重度上升而同步恶化。,0.7199,BMAN-00171,ManufacturingBatch,manufacturing
BFB-04168,BRG-04168,B014,rolling_element_fault,rolling_element,medium,0.7045,诊断结果显示轴承出现中等滚动体故障，根因更可能来自制造阶段实体 BMAN-00330 的风险累积。,风险首先在制造阶段形成隐患，运行中持续放大，并通过温度与振动指标表现出来。,0.7311,BMAN-00330,ManufacturingBatch,manufacturing
BFB-04169,BRG-04169,IR007,inner_race_fault,inner_race,slight,0.6688,该样本的生命周期风险在制造阶段较突出，能够解释当前轻微内圈故障的主要失效模式。,风险首先在制造阶段形成隐患，运行中持续放大，并通过温度与振动指标表现出来。,0.6802,BMAN-00048,ManufacturingBatch,manufacturing
BFB-04170,BRG-04170,OR021,outer_race_fault,outer_race,severe,0.7817,该样本的生命周期风险在装配阶段较突出，能够解释当前严重外圈故障的主要失效模式。,风险首先在装配阶段形成隐患，运行中持续放大，并通过温度与振动指标表现出来。,0.6572,BASM-04170,AssemblyRecord,assembly
BFB-04171,BRG-04171,B007,rolling_element_fault,rolling_element,slight,0.7329,结合振动、峭度和温升特征，滚动体故障与制造阶段异常高度一致，优先追溯到 BMAN-01113。,异常由微小缺陷逐步发展为周期性冲击，检测指标随严重度上升而同步恶化。,0.5637,BMAN-01113,ManufacturingBatch,manufacturing
BFB-04172,BRG-04172,IR007,inner_race_fault,inner_race,slight,0.6648,该样本的生命周期风险在装配阶段较突出，能够解释当前轻微内圈故障的主要失效模式。,异常由微小缺陷逐步发展为周期性冲击，检测指标随严重度上升而同步恶化。,0.6259,BASM-04172,AssemblyRecord,assembly
BFB-04173,BRG-04173,B021,rolling_element_fault,rolling_element,severe,0.7776,结合振动、峭度和温升特征，滚动体故障与运维阶段异常高度一致，优先追溯到 BOPR-04173。,早期表现为局部接触应力升高，随后振动冲击增强，最终演化为严重滚动体故障。,0.8083,BOPR-04173,MaintenanceRecord,operation
BFB-04174,BRG-04174,B014,rolling_element_fault,rolling_element,medium,0.7635,该样本的生命周期风险在制造阶段较突出，能够解释当前中等滚动体故障的主要失效模式。,风险首先在制造阶段形成隐患，运行中持续放大，并通过温度与振动指标表现出来。,0.6406,BMAN-00623,ManufacturingBatch,manufacturing
BFB-04175,BRG-04175,OR021,outer_race_fault,outer_race,severe,0.7538,该样本的生命周期风险在装配阶段较突出，能够解释当前严重外圈故障的主要失效模式。,风险首先在装配阶段形成隐患，运行中持续放大，并通过温度与振动指标表现出来。,0.6956,BASM-04175,AssemblyRecord,assembly
BFB-04176,BRG-04176,B021,rolling_element_fault,rolling_element,severe,0.6876,诊断结果显示轴承出现严重滚动体故障，根因更可能来自检测阶段实体 BINSP-04176 的风险累积。,风险首先在检测阶段形成隐患，运行中持续放大，并通过温度与振动指标表现出来。,0.7045,BINSP-04176,InspectionRecord,inspection
BFB-04177,BRG-04177,B014,rolling_element_fault,rolling_element,medium,0.7183,结合振动、峭度和温升特征，滚动体故障与装配阶段异常高度一致，优先追溯到 BASM-04177。,早期表现为局部接触应力升高，随后振动冲击增强，最终演化为中等滚动体故障。,0.6498,BASM-04177,AssemblyRecord,assembly
BFB-04178,BRG-04178,B007,rolling_element_fault,rolling_element,slight,0.671,该样本的生命周期风险在材料阶段较突出，能够解释当前轻微滚动体故障的主要失效模式。,风险首先在材料阶段形成隐患，运行中持续放大，并通过温度与振动指标表现出来。,0.6222,BMAT-00138,MaterialBatch,material
BFB-04179,BRG-04179,IR021,inner_race_fault,inner_race,severe,0.7923,结合振动、峭度和温升特征，内圈故障与材料阶段异常高度一致，优先追溯到 BMAT-00165。,异常由微小缺陷逐步发展为周期性冲击，检测指标随严重度上升而同步恶化。,0.7492,BMAT-00165,MaterialBatch,material
BFB-04180,BRG-04180,B014,rolling_element_fault,rolling_element,medium,0.6939,该样本的生命周期风险在运维阶段较突出，能够解释当前中等滚动体故障的主要失效模式。,异常由微小缺陷逐步发展为周期性冲击，检测指标随严重度上升而同步恶化。,0.6678,BOPR-04180,MaintenanceRecord,operation
BFB-04181,BRG-04181,OR007,outer_race_fault,outer_race,slight,0.7631,结合振动、峭度和温升特征，外圈故障与制造阶段异常高度一致，优先追溯到 BMAN-01138。,早期表现为局部接触应力升高，随后振动冲击增强，最终演化为轻微外圈故障。,0.7304,BMAN-01138,ManufacturingBatch,manufacturing
BFB-04182,BRG-04182,OR014,outer_race_fault,outer_race,medium,0.7056,诊断结果显示轴承出现中等外圈故障，根因更可能来自设计阶段实体 BDES-00542 的风险累积。,早期表现为局部接触应力升高，随后振动冲击增强，最终演化为中等外圈故障。,0.7245,BDES-00542,BearingDesignSpec,design
BFB-04183,BRG-04183,IR014,inner_race_fault,inner_race,medium,0.6698,结合振动、峭度和温升特征，内圈故障与制造阶段异常高度一致，优先追溯到 BMAN-00225。,早期表现为局部接触应力升高，随后振动冲击增强，最终演化为中等内圈故障。,0.5472,BMAN-00225,ManufacturingBatch,manufacturing
BFB-04184,BRG-04184,B014,rolling_element_fault,rolling_element,medium,0.7302,结合振动、峭度和温升特征，滚动体故障与运维阶段异常高度一致，优先追溯到 BOPR-04184。,异常由微小缺陷逐步发展为周期性冲击，检测指标随严重度上升而同步恶化。,0.708,BOPR-04184,MaintenanceRecord,operation
BFB-04185,BRG-04185,IR007,inner_race_fault,inner_race,slight,0.6365,诊断结果显示轴承出现轻微内圈故障，根因更可能来自制造阶段实体 BMAN-00849 的风险累积。,风险首先在制造阶段形成隐患，运行中持续放大，并通过温度与振动指标表现出来。,0.6692,BMAN-00849,ManufacturingBatch,manufacturing
BFB-04186,BRG-04186,IR021,inner_race_fault,inner_race,severe,0.7053,该样本的生命周期风险在装配阶段较突出，能够解释当前严重内圈故障的主要失效模式。,风险首先在装配阶段形成隐患，运行中持续放大，并通过温度与振动指标表现出来。,0.6856,BASM-04186,AssemblyRecord,assembly
BFB-04187,BRG-04187,IR021,inner_race_fault,inner_race,severe,0.7315,诊断结果显示轴承出现严重内圈故障，根因更可能来自制造阶段实体 BMAN-00742 的风险累积。,风险首先在制造阶段形成隐患，运行中持续放大，并通过温度与振动指标表现出来。,0.6866,BMAN-00742,ManufacturingBatch,manufacturing
BFB-04188,BRG-04188,B021,rolling_element_fault,rolling_element,severe,0.6714,结合振动、峭度和温升特征，滚动体故障与设计阶段异常高度一致，优先追溯到 BDES-00485。,早期表现为局部接触应力升高，随后振动冲击增强，最终演化为严重滚动体故障。,0.6211,BDES-00485,BearingDesignSpec,design
BFB-04189,BRG-04189,B014,rolling_element_fault,rolling_element,medium,0.7499,该样本的生命周期风险在材料阶段较突出，能够解释当前中等滚动体故障的主要失效模式。,异常由微小缺陷逐步发展为周期性冲击，检测指标随严重度上升而同步恶化。,0.6383,BMAT-00404,MaterialBatch,material
BFB-04190,BRG-04190,Normal,normal,none,normal,0.9433,该轴承样本生命周期风险较低，未形成明确故障追溯链。,运行状态平稳，检测指标未呈现持续恶化趋势。,0.8267,NORMAL_BASELINE,QualityFeedback,feedback
BFB-04191,BRG-04191,Normal,normal,none,normal,0.8745,该轴承样本生命周期风险较低，未形成明确故障追溯链。,运行状态平稳，检测指标未呈现持续恶化趋势。,0.8233,NORMAL_BASELINE,QualityFeedback,feedback
BFB-04192,BRG-04192,OR014,outer_race_fault,outer_race,medium,0.6843,该样本的生命周期风险在装配阶段较突出，能够解释当前中等外圈故障的主要失效模式。,早期表现为局部接触应力升高，随后振动冲击增强，最终演化为中等外圈故障。,0.6841,BASM-04192,AssemblyRecord,assembly
BFB-04193,BRG-04193,OR021,outer_race_fault,outer_race,severe,0.7075,诊断结果显示轴承出现严重外圈故障，根因更可能来自装配阶段实体 BASM-04193 的风险累积。,异常由微小缺陷逐步发展为周期性冲击，检测指标随严重度上升而同步恶化。,0.6393,BASM-04193,AssemblyRecord,assembly
BFB-04194,BRG-04194,IR021,inner_race_fault,inner_race,severe,0.7614,结合振动、峭度和温升特征，内圈故障与制造阶段异常高度一致，优先追溯到 BMAN-00804。,风险首先在制造阶段形成隐患，运行中持续放大，并通过温度与振动指标表现出来。,0.693,BMAN-00804,ManufacturingBatch,manufacturing
BFB-04195,BRG-04195,Normal,normal,none,normal,0.8714,该轴承样本生命周期风险较低，未形成明确故障追溯链。,运行状态平稳，检测指标未呈现持续恶化趋势。,0.8571,NORMAL_BASELINE,QualityFeedback,feedback
BFB-04196,BRG-04196,OR021,outer_race_fault,outer_race,severe,0.6888,该样本的生命周期风险在装配阶段较突出，能够解释当前严重外圈故障的主要失效模式。,风险首先在装配阶段形成隐患，运行中持续放大，并通过温度与振动指标表现出来。,0.6592,BASM-04196,AssemblyRecord,assembly
BFB-04197,BRG-04197,OR014,outer_race_fault,outer_race,medium,0.7267,该样本的生命周期风险在材料阶段较突出，能够解释当前中等外圈故障的主要失效模式。,风险首先在材料阶段形成隐患，运行中持续放大，并通过温度与振动指标表现出来。,0.7266,BMAT-00338,MaterialBatch,material
BFB-04198,BRG-04198,Normal,normal,none,normal,0.8705,该轴承样本生命周期风险较低，未形成明确故障追溯链。,运行状态平稳，检测指标未呈现持续恶化趋势。,0.7979,NORMAL_BASELINE,QualityFeedback,feedback
BFB-04199,BRG-04199,Normal,normal,none,normal,0.9,该轴承样本生命周期风险较低，未形成明确故障追溯链。,运行状态平稳，检测指标未呈现持续恶化趋势。,0.8079,NORMAL_BASELINE,QualityFeedback,feedback
BFB-04200,BRG-04200,IR014,inner_race_fault,inner_race,medium,0.6899,该样本的生命周期风险在装配阶段较突出，能够解释当前中等内圈故障的主要失效模式。,风险首先在装配阶段形成隐患，运行中持续放大，并通过温度与振动指标表现出来。,0.5866,BASM-04200,AssemblyRecord,assembly
BFB-04201,BRG-04201,Normal,normal,none,normal,0.8894,该轴承样本生命周期风险较低，未形成明确故障追溯链。,运行状态平稳，检测指标未呈现持续恶化趋势。,0.8831,NORMAL_BASELINE,QualityFeedback,feedback
BFB-04202,BRG-04202,B007,rolling_element_fault,rolling_element,slight,0.6399,结合振动、峭度和温升特征，滚动体故障与设计阶段异常高度一致，优先追溯到 BDES-00394。,异常由微小缺陷逐步发展为周期性冲击，检测指标随严重度上升而同步恶化。,0.6869,BDES-00394,BearingDesignSpec,design
BFB-04203,BRG-04203,OR014,outer_race_fault,outer_race,medium,0.7117,结合振动、峭度和温升特征，外圈故障与检测阶段异常高度一致，优先追溯到 BINSP-04203。,早期表现为局部接触应力升高，随后振动冲击增强，最终演化为中等外圈故障。,0.666,BINSP-04203,InspectionRecord,inspection
BFB-04204,BRG-04204,IR021,inner_race_fault,inner_race,severe,0.7526,结合振动、峭度和温升特征，内圈故障与检测阶段异常高度一致，优先追溯到 BINSP-04204。,异常由微小缺陷逐步发展为周期性冲击，检测指标随严重度上升而同步恶化。,0.6839,BINSP-04204,InspectionRecord,inspection
BFB-04205,BRG-04205,IR014,inner_race_fault,inner_race,medium,0.6586,该样本的生命周期风险在制造阶段较突出，能够解释当前中等内圈故障的主要失效模式。,早期表现为局部接触应力升高，随后振动冲击增强，最终演化为中等内圈故障。,0.6608,BMAN-00853,ManufacturingBatch,manufacturing
BFB-04206,BRG-04206,OR014,outer_race_fault,outer_race,medium,0.7272,该样本的生命周期风险在制造阶段较突出，能够解释当前中等外圈故障的主要失效模式。,早期表现为局部接触应力升高，随后振动冲击增强，最终演化为中等外圈故障。,0.6431,BMAN-00229,ManufacturingBatch,manufacturing
BFB-04207,BRG-04207,B007,rolling_element_fault,rolling_element,slight,0.6773,结合振动、峭度和温升特征，滚动体故障与运维阶段异常高度一致，优先追溯到 BOPR-04207。,早期表现为局部接触应力升高，随后振动冲击增强，最终演化为轻微滚动体故障。,0.6235,BOPR-04207,MaintenanceRecord,operation
BFB-04208,BRG-04208,IR021,inner_race_fault,inner_race,severe,0.7403,该样本的生命周期风险在材料阶段较突出，能够解释当前严重内圈故障的主要失效模式。,异常由微小缺陷逐步发展为周期性冲击，检测指标随严重度上升而同步恶化。,0.7052,BMAT-00059,MaterialBatch,material
BFB-04209,BRG-04209,B007,rolling_element_fault,rolling_element,slight,0.6975,诊断结果显示轴承出现轻微滚动体故障，根因更可能来自制造阶段实体 BMAN-00956 的风险累积。,早期表现为局部接触应力升高，随后振动冲击增强，最终演化为轻微滚动体故障。,0.6629,BMAN-00956,ManufacturingBatch,manufacturing
BFB-04210,BRG-04210,IR021,inner_race_fault,inner_race,severe,0.7185,该样本的生命周期风险在检测阶段较突出，能够解释当前严重内圈故障的主要失效模式。,早期表现为局部接触应力升高，随后振动冲击增强，最终演化为严重内圈故障。,0.7062,BINSP-04210,InspectionRecord,inspection
BFB-04211,BRG-04211,IR021,inner_race_fault,inner_race,severe,0.7284,结合振动、峭度和温升特征，内圈故障与装配阶段异常高度一致，优先追溯到 BASM-04211。,风险首先在装配阶段形成隐患，运行中持续放大，并通过温度与振动指标表现出来。,0.6339,BASM-04211,AssemblyRecord,assembly
BFB-04212,BRG-04212,Normal,normal,none,normal,0.9383,该轴承样本生命周期风险较低，未形成明确故障追溯链。,运行状态平稳，检测指标未呈现持续恶化趋势。,0.8365,NORMAL_BASELINE,QualityFeedback,feedback
BFB-04213,BRG-04213,B007,rolling_element_fault,rolling_element,slight,0.7012,结合振动、峭度和温升特征，滚动体故障与材料阶段异常高度一致，优先追溯到 BMAT-00258。,早期表现为局部接触应力升高，随后振动冲击增强，最终演化为轻微滚动体故障。,0.7393,BMAT-00258,MaterialBatch,material
BFB-04214,BRG-04214,OR021,outer_race_fault,outer_race,severe,0.7921,结合振动、峭度和温升特征，外圈故障与制造阶段异常高度一致，优先追溯到 BMAN-00893。,风险首先在制造阶段形成隐患，运行中持续放大，并通过温度与振动指标表现出来。,0.7115,BMAN-00893,ManufacturingBatch,manufacturing
BFB-04215,BRG-04215,OR021,outer_race_fault,outer_race,severe,0.7275,该样本的生命周期风险在运维阶段较突出，能够解释当前严重外圈故障的主要失效模式。,早期表现为局部接触应力升高，随后振动冲击增强，最终演化为严重外圈故障。,0.7092,BOPR-04215,MaintenanceRecord,operation
BFB-04216,BRG-04216,B014,rolling_element_fault,rolling_element,medium,0.7234,诊断结果显示轴承出现中等滚动体故障，根因更可能来自材料阶段实体 BMAT-00074 的风险累积。,异常由微小缺陷逐步发展为周期性冲击，检测指标随严重度上升而同步恶化。,0.657,BMAT-00074,MaterialBatch,material
BFB-04217,BRG-04217,Normal,normal,none,normal,0.9396,该轴承样本生命周期风险较低，未形成明确故障追溯链。,运行状态平稳，检测指标未呈现持续恶化趋势。,0.8147,NORMAL_BASELINE,QualityFeedback,feedback
BFB-04218,BRG-04218,Normal,normal,none,normal,0.953,该轴承样本生命周期风险较低，未形成明确故障追溯链。,运行状态平稳，检测指标未呈现持续恶化趋势。,0.7823,NORMAL_BASELINE,QualityFeedback,feedback
BFB-04219,BRG-04219,IR014,inner_race_fault,inner_race,medium,0.7487,该样本的生命周期风险在材料阶段较突出，能够解释当前中等内圈故障的主要失效模式。,风险首先在材料阶段形成隐患，运行中持续放大，并通过温度与振动指标表现出来。,0.6864,BMAT-00122,MaterialBatch,material
BFB-04220,BRG-04220,OR021,outer_race_fault,outer_race,severe,0.6752,该样本的生命周期风险在制造阶段较突出，能够解释当前严重外圈故障的主要失效模式。,异常由微小缺陷逐步发展为周期性冲击，检测指标随严重度上升而同步恶化。,0.6675,BMAN-00171,ManufacturingBatch,manufacturing
BFB-04221,BRG-04221,B014,rolling_element_fault,rolling_element,medium,0.608,该样本的生命周期风险在运维阶段较突出，能够解释当前中等滚动体故障的主要失效模式。,风险首先在运维阶段形成隐患，运行中持续放大，并通过温度与振动指标表现出来。,0.6353,BOPR-04221,MaintenanceRecord,operation
BFB-04222,BRG-04222,B014,rolling_element_fault,rolling_element,medium,0.7483,结合振动、峭度和温升特征，滚动体故障与装配阶段异常高度一致，优先追溯到 BASM-04222。,异常由微小缺陷逐步发展为周期性冲击，检测指标随严重度上升而同步恶化。,0.686,BASM-04222,AssemblyRecord,assembly
BFB-04223,BRG-04223,IR021,inner_race_fault,inner_race,severe,0.6906,结合振动、峭度和温升特征，内圈故障与制造阶段异常高度一致，优先追溯到 BMAN-00452。,早期表现为局部接触应力升高，随后振动冲击增强，最终演化为严重内圈故障。,0.7043,BMAN-00452,ManufacturingBatch,manufacturing
BFB-04224,BRG-04224,IR007,inner_race_fault,inner_race,slight,0.7046,该样本的生命周期风险在制造阶段较突出，能够解释当前轻微内圈故障的主要失效模式。,风险首先在制造阶段形成隐患，运行中持续放大，并通过温度与振动指标表现出来。,0.6797,BMAN-00812,ManufacturingBatch,manufacturing
BFB-04225,BRG-04225,OR014,outer_race_fault,outer_race,medium,0.7199,诊断结果显示轴承出现中等外圈故障，根因更可能来自检测阶段实体 BINSP-04225 的风险累积。,异常由微小缺陷逐步发展为周期性冲击，检测指标随严重度上升而同步恶化。,0.7244,BINSP-04225,InspectionRecord,inspection
BFB-04226,BRG-04226,Normal,normal,none,normal,0.9362,该轴承样本生命周期风险较低，未形成明确故障追溯链。,运行状态平稳，检测指标未呈现持续恶化趋势。,0.8571,NORMAL_BASELINE,QualityFeedback,feedback
BFB-04227,BRG-04227,B014,rolling_element_fault,rolling_element,medium,0.7394,该样本的生命周期风险在装配阶段较突出，能够解释当前中等滚动体故障的主要失效模式。,早期表现为局部接触应力升高，随后振动冲击增强，最终演化为中等滚动体故障。,0.6328,BASM-04227,AssemblyRecord,assembly
BFB-04228,BRG-04228,OR007,outer_race_fault,outer_race,slight,0.7242,诊断结果显示轴承出现轻微外圈故障，根因更可能来自制造阶段实体 BMAN-01091 的风险累积。,风险首先在制造阶段形成隐患，运行中持续放大，并通过温度与振动指标表现出来。,0.7341,BMAN-01091,ManufacturingBatch,manufacturing
BFB-04229,BRG-04229,Normal,normal,none,normal,0.886,该轴承样本生命周期风险较低，未形成明确故障追溯链。,运行状态平稳，检测指标未呈现持续恶化趋势。,0.8743,NORMAL_BASELINE,QualityFeedback,feedback
BFB-04230,BRG-04230,IR014,inner_race_fault,inner_race,medium,0.6461,该样本的生命周期风险在检测阶段较突出，能够解释当前中等内圈故障的主要失效模式。,风险首先在检测阶段形成隐患，运行中持续放大，并通过温度与振动指标表现出来。,0.6462,BINSP-04230,InspectionRecord,inspection
BFB-04231,BRG-04231,IR007,inner_race_fault,inner_race,slight,0.6618,结合振动、峭度和温升特征，内圈故障与制造阶段异常高度一致，优先追溯到 BMAN-00516。,风险首先在制造阶段形成隐患，运行中持续放大，并通过温度与振动指标表现出来。,0.6298,BMAN-00516,ManufacturingBatch,manufacturing
BFB-04232,BRG-04232,OR014,outer_race_fault,outer_race,medium,0.6937,诊断结果显示轴承出现中等外圈故障，根因更可能来自材料阶段实体 BMAT-00344 的风险累积。,风险首先在材料阶段形成隐患，运行中持续放大，并通过温度与振动指标表现出来。,0.6226,BMAT-00344,MaterialBatch,material
BFB-04233,BRG-04233,IR007,inner_race_fault,inner_race,slight,0.6714,诊断结果显示轴承出现轻微内圈故障，根因更可能来自材料阶段实体 BMAT-00255 的风险累积。,早期表现为局部接触应力升高，随后振动冲击增强，最终演化为轻微内圈故障。,0.7144,BMAT-00255,MaterialBatch,material
BFB-04234,BRG-04234,OR014,outer_race_fault,outer_race,medium,0.7214,诊断结果显示轴承出现中等外圈故障，根因更可能来自制造阶段实体 BMAN-00337 的风险累积。,早期表现为局部接触应力升高，随后振动冲击增强，最终演化为中等外圈故障。,0.6758,BMAN-00337,ManufacturingBatch,manufacturing
BFB-04235,BRG-04235,B007,rolling_element_fault,rolling_element,slight,0.661,该样本的生命周期风险在制造阶段较突出，能够解释当前轻微滚动体故障的主要失效模式。,异常由微小缺陷逐步发展为周期性冲击，检测指标随严重度上升而同步恶化。,0.6325,BMAN-00033,ManufacturingBatch,manufacturing
BFB-04236,BRG-04236,OR014,outer_race_fault,outer_race,medium,0.6721,诊断结果显示轴承出现中等外圈故障，根因更可能来自制造阶段实体 BMAN-00230 的风险累积。,风险首先在制造阶段形成隐患，运行中持续放大，并通过温度与振动指标表现出来。,0.639,BMAN-00230,ManufacturingBatch,manufacturing
BFB-04237,BRG-04237,OR021,outer_race_fault,outer_race,severe,0.6781,结合振动、峭度和温升特征，外圈故障与制造阶段异常高度一致，优先追溯到 BMAN-00819。,异常由微小缺陷逐步发展为周期性冲击，检测指标随严重度上升而同步恶化。,0.7007,BMAN-00819,ManufacturingBatch,manufacturing
BFB-04238,BRG-04238,IR007,inner_race_fault,inner_race,slight,0.6375,结合振动、峭度和温升特征，内圈故障与材料阶段异常高度一致，优先追溯到 BMAT-00088。,早期表现为局部接触应力升高，随后振动冲击增强，最终演化为轻微内圈故障。,0.6371,BMAT-00088,MaterialBatch,material
BFB-04239,BRG-04239,Normal,normal,none,normal,0.8776,该轴承样本生命周期风险较低，未形成明确故障追溯链。,运行状态平稳，检测指标未呈现持续恶化趋势。,0.8729,NORMAL_BASELINE,QualityFeedback,feedback
BFB-04240,BRG-04240,OR021,outer_race_fault,outer_race,severe,0.7279,诊断结果显示轴承出现严重外圈故障，根因更可能来自制造阶段实体 BMAN-00092 的风险累积。,早期表现为局部接触应力升高，随后振动冲击增强，最终演化为严重外圈故障。,0.8046,BMAN-00092,ManufacturingBatch,manufacturing
BFB-04241,BRG-04241,Normal,normal,none,normal,0.9238,该轴承样本生命周期风险较低，未形成明确故障追溯链。,运行状态平稳，检测指标未呈现持续恶化趋势。,0.881,NORMAL_BASELINE,QualityFeedback,feedback
BFB-04242,BRG-04242,IR014,inner_race_fault,inner_race,medium,0.684,诊断结果显示轴承出现中等内圈故障，根因更可能来自制造阶段实体 BMAN-01075 的风险累积。,风险首先在制造阶段形成隐患，运行中持续放大，并通过温度与振动指标表现出来。,0.6753,BMAN-01075,ManufacturingBatch,manufacturing
BFB-04243,BRG-04243,Normal,normal,none,normal,0.8661,该轴承样本生命周期风险较低，未形成明确故障追溯链。,运行状态平稳，检测指标未呈现持续恶化趋势。,0.8328,NORMAL_BASELINE,QualityFeedback,feedback
BFB-04244,BRG-04244,OR014,outer_race_fault,outer_race,medium,0.7383,结合振动、峭度和温升特征，外圈故障与制造阶段异常高度一致，优先追溯到 BMAN-00789。,风险首先在制造阶段形成隐患，运行中持续放大，并通过温度与振动指标表现出来。,0.6372,BMAN-00789,ManufacturingBatch,manufacturing
BFB-04245,BRG-04245,IR014,inner_race_fault,inner_race,medium,0.7294,结合振动、峭度和温升特征，内圈故障与检测阶段异常高度一致，优先追溯到 BINSP-04245。,早期表现为局部接触应力升高，随后振动冲击增强，最终演化为中等内圈故障。,0.6031,BINSP-04245,InspectionRecord,inspection
BFB-04246,BRG-04246,OR014,outer_race_fault,outer_race,medium,0.7434,诊断结果显示轴承出现中等外圈故障，根因更可能来自设计阶段实体 BDES-00459 的风险累积。,风险首先在设计阶段形成隐患，运行中持续放大，并通过温度与振动指标表现出来。,0.6913,BDES-00459,BearingDesignSpec,design
BFB-04247,BRG-04247,B007,rolling_element_fault,rolling_element,slight,0.6589,结合振动、峭度和温升特征，滚动体故障与制造阶段异常高度一致，优先追溯到 BMAN-00413。,异常由微小缺陷逐步发展为周期性冲击，检测指标随严重度上升而同步恶化。,0.6235,BMAN-00413,ManufacturingBatch,manufacturing
BFB-04248,BRG-04248,IR014,inner_race_fault,inner_race,medium,0.7411,诊断结果显示轴承出现中等内圈故障，根因更可能来自材料阶段实体 BMAT-00386 的风险累积。,风险首先在材料阶段形成隐患，运行中持续放大，并通过温度与振动指标表现出来。,0.717,BMAT-00386,MaterialBatch,material
BFB-04249,BRG-04249,IR007,inner_race_fault,inner_race,slight,0.6846,结合振动、峭度和温升特征，内圈故障与制造阶段异常高度一致，优先追溯到 BMAN-00659。,异常由微小缺陷逐步发展为周期性冲击，检测指标随严重度上升而同步恶化。,0.5842,BMAN-00659,ManufacturingBatch,manufacturing
BFB-04250,BRG-04250,IR007,inner_race_fault,inner_race,slight,0.7594,结合振动、峭度和温升特征，内圈故障与制造阶段异常高度一致，优先追溯到 BMAN-01066。,异常由微小缺陷逐步发展为周期性冲击，检测指标随严重度上升而同步恶化。,0.7122,BMAN-01066,ManufacturingBatch,manufacturing
BFB-04251,BRG-04251,Normal,normal,none,normal,0.877,该轴承样本生命周期风险较低，未形成明确故障追溯链。,运行状态平稳，检测指标未呈现持续恶化趋势。,0.8386,NORMAL_BASELINE,QualityFeedback,feedback
BFB-04252,BRG-04252,OR007,outer_race_fault,outer_race,slight,0.6499,该样本的生命周期风险在设计阶段较突出，能够解释当前轻微外圈故障的主要失效模式。,风险首先在设计阶段形成隐患，运行中持续放大，并通过温度与振动指标表现出来。,0.6635,BDES-00524,BearingDesignSpec,design
BFB-04253,BRG-04253,OR014,outer_race_fault,outer_race,medium,0.6914,诊断结果显示轴承出现中等外圈故障，根因更可能来自制造阶段实体 BMAN-00369 的风险累积。,风险首先在制造阶段形成隐患，运行中持续放大，并通过温度与振动指标表现出来。,0.7185,BMAN-00369,ManufacturingBatch,manufacturing
BFB-04254,BRG-04254,OR021,outer_race_fault,outer_race,severe,0.6614,结合振动、峭度和温升特征，外圈故障与装配阶段异常高度一致，优先追溯到 BASM-04254。,风险首先在装配阶段形成隐患，运行中持续放大，并通过温度与振动指标表现出来。,0.6866,BASM-04254,AssemblyRecord,assembly
BFB-04255,BRG-04255,OR014,outer_race_fault,outer_race,medium,0.7272,结合振动、峭度和温升特征，外圈故障与制造阶段异常高度一致，优先追溯到 BMAN-01113。,风险首先在制造阶段形成隐患，运行中持续放大，并通过温度与振动指标表现出来。,0.6112,BMAN-01113,ManufacturingBatch,manufacturing
BFB-04256,BRG-04256,B014,rolling_element_fault,rolling_element,medium,0.6923,该样本的生命周期风险在装配阶段较突出，能够解释当前中等滚动体故障的主要失效模式。,风险首先在装配阶段形成隐患，运行中持续放大，并通过温度与振动指标表现出来。,0.6585,BASM-04256,AssemblyRecord,assembly
BFB-04257,BRG-04257,OR007,outer_race_fault,outer_race,slight,0.7111,结合振动、峭度和温升特征，外圈故障与运维阶段异常高度一致，优先追溯到 BOPR-04257。,风险首先在运维阶段形成隐患，运行中持续放大，并通过温度与振动指标表现出来。,0.6955,BOPR-04257,MaintenanceRecord,operation
BFB-04258,BRG-04258,Normal,normal,none,normal,0.8837,该轴承样本生命周期风险较低，未形成明确故障追溯链。,运行状态平稳，检测指标未呈现持续恶化趋势。,0.86,NORMAL_BASELINE,QualityFeedback,feedback
BFB-04259,BRG-04259,OR014,outer_race_fault,outer_race,medium,0.7366,诊断结果显示轴承出现中等外圈故障，根因更可能来自制造阶段实体 BMAN-00506 的风险累积。,异常由微小缺陷逐步发展为周期性冲击，检测指标随严重度上升而同步恶化。,0.6121,BMAN-00506,ManufacturingBatch,manufacturing
BFB-04260,BRG-04260,IR014,inner_race_fault,inner_race,medium,0.7071,诊断结果显示轴承出现中等内圈故障，根因更可能来自材料阶段实体 BMAT-00237 的风险累积。,风险首先在材料阶段形成隐患，运行中持续放大，并通过温度与振动指标表现出来。,0.7297,BMAT-00237,MaterialBatch,material
BFB-04261,BRG-04261,Normal,normal,none,normal,0.9015,该轴承样本生命周期风险较低，未形成明确故障追溯链。,运行状态平稳，检测指标未呈现持续恶化趋势。,0.8289,NORMAL_BASELINE,QualityFeedback,feedback
BFB-04262,BRG-04262,Normal,normal,none,normal,0.9556,该轴承样本生命周期风险较低，未形成明确故障追溯链。,运行状态平稳，检测指标未呈现持续恶化趋势。,0.8131,NORMAL_BASELINE,QualityFeedback,feedback
BFB-04263,BRG-04263,IR021,inner_race_fault,inner_race,severe,0.7014,结合振动、峭度和温升特征，内圈故障与运维阶段异常高度一致，优先追溯到 BOPR-04263。,早期表现为局部接触应力升高，随后振动冲击增强，最终演化为严重内圈故障。,0.7722,BOPR-04263,MaintenanceRecord,operation
BFB-04264,BRG-04264,B007,rolling_element_fault,rolling_element,slight,0.7319,该样本的生命周期风险在检测阶段较突出，能够解释当前轻微滚动体故障的主要失效模式。,风险首先在检测阶段形成隐患，运行中持续放大，并通过温度与振动指标表现出来。,0.6004,BINSP-04264,InspectionRecord,inspection
BFB-04265,BRG-04265,B007,rolling_element_fault,rolling_element,slight,0.7441,诊断结果显示轴承出现轻微滚动体故障，根因更可能来自检测阶段实体 BINSP-04265 的风险累积。,异常由微小缺陷逐步发展为周期性冲击，检测指标随严重度上升而同步恶化。,0.6533,BINSP-04265,InspectionRecord,inspection
BFB-04266,BRG-04266,IR021,inner_race_fault,inner_race,severe,0.722,诊断结果显示轴承出现严重内圈故障，根因更可能来自装配阶段实体 BASM-04266 的风险累积。,风险首先在装配阶段形成隐患，运行中持续放大，并通过温度与振动指标表现出来。,0.649,BASM-04266,AssemblyRecord,assembly
BFB-04267,BRG-04267,IR014,inner_race_fault,inner_race,medium,0.7392,该样本的生命周期风险在运维阶段较突出，能够解释当前中等内圈故障的主要失效模式。,早期表现为局部接触应力升高，随后振动冲击增强，最终演化为中等内圈故障。,0.6325,BOPR-04267,MaintenanceRecord,operation
BFB-04268,BRG-04268,IR007,inner_race_fault,inner_race,slight,0.6341,结合振动、峭度和温升特征，内圈故障与材料阶段异常高度一致，优先追溯到 BMAT-00326。,异常由微小缺陷逐步发展为周期性冲击，检测指标随严重度上升而同步恶化。,0.614,BMAT-00326,MaterialBatch,material
BFB-04269,BRG-04269,IR021,inner_race_fault,inner_race,severe,0.6678,该样本的生命周期风险在制造阶段较突出，能够解释当前严重内圈故障的主要失效模式。,风险首先在制造阶段形成隐患，运行中持续放大，并通过温度与振动指标表现出来。,0.6897,BMAN-00097,ManufacturingBatch,manufacturing
BFB-04270,BRG-04270,B014,rolling_element_fault,rolling_element,medium,0.664,结合振动、峭度和温升特征，滚动体故障与材料阶段异常高度一致，优先追溯到 BMAT-00327。,风险首先在材料阶段形成隐患，运行中持续放大，并通过温度与振动指标表现出来。,0.6698,BMAT-00327,MaterialBatch,material
BFB-04271,BRG-04271,OR014,outer_race_fault,outer_race,medium,0.7173,诊断结果显示轴承出现中等外圈故障，根因更可能来自制造阶段实体 BMAN-00342 的风险累积。,早期表现为局部接触应力升高，随后振动冲击增强，最终演化为中等外圈故障。,0.6325,BMAN-00342,ManufacturingBatch,manufacturing
BFB-04272,BRG-04272,OR014,outer_race_fault,outer_race,medium,0.7172,诊断结果显示轴承出现中等外圈故障，根因更可能来自设计阶段实体 BDES-00505 的风险累积。,异常由微小缺陷逐步发展为周期性冲击，检测指标随严重度上升而同步恶化。,0.7679,BDES-00505,BearingDesignSpec,design
BFB-04273,BRG-04273,B014,rolling_element_fault,rolling_element,medium,0.6769,该样本的生命周期风险在材料阶段较突出，能够解释当前中等滚动体故障的主要失效模式。,早期表现为局部接触应力升高，随后振动冲击增强，最终演化为中等滚动体故障。,0.5634,BMAT-00161,MaterialBatch,material
BFB-04274,BRG-04274,IR021,inner_race_fault,inner_race,severe,0.7486,结合振动、峭度和温升特征，内圈故障与制造阶段异常高度一致，优先追溯到 BMAN-00767。,风险首先在制造阶段形成隐患，运行中持续放大，并通过温度与振动指标表现出来。,0.7585,BMAN-00767,ManufacturingBatch,manufacturing
BFB-04275,BRG-04275,B014,rolling_element_fault,rolling_element,medium,0.6733,该样本的生命周期风险在材料阶段较突出，能够解释当前中等滚动体故障的主要失效模式。,风险首先在材料阶段形成隐患，运行中持续放大，并通过温度与振动指标表现出来。,0.6998,BMAT-00288,MaterialBatch,material
BFB-04276,BRG-04276,OR014,outer_race_fault,outer_race,medium,0.7646,该样本的生命周期风险在装配阶段较突出，能够解释当前中等外圈故障的主要失效模式。,早期表现为局部接触应力升高，随后振动冲击增强，最终演化为中等外圈故障。,0.6508,BASM-04276,AssemblyRecord,assembly
BFB-04277,BRG-04277,OR014,outer_race_fault,outer_race,medium,0.6365,该样本的生命周期风险在设计阶段较突出，能够解释当前中等外圈故障的主要失效模式。,异常由微小缺陷逐步发展为周期性冲击，检测指标随严重度上升而同步恶化。,0.7062,BDES-00066,BearingDesignSpec,design
BFB-04278,BRG-04278,OR014,outer_race_fault,outer_race,medium,0.7074,诊断结果显示轴承出现中等外圈故障，根因更可能来自制造阶段实体 BMAN-00569 的风险累积。,异常由微小缺陷逐步发展为周期性冲击，检测指标随严重度上升而同步恶化。,0.6954,BMAN-00569,ManufacturingBatch,manufacturing
BFB-04279,BRG-04279,B007,rolling_element_fault,rolling_element,slight,0.6081,诊断结果显示轴承出现轻微滚动体故障，根因更可能来自制造阶段实体 BMAN-00139 的风险累积。,早期表现为局部接触应力升高，随后振动冲击增强，最终演化为轻微滚动体故障。,0.6263,BMAN-00139,ManufacturingBatch,manufacturing
BFB-04280,BRG-04280,OR021,outer_race_fault,outer_race,severe,0.6741,结合振动、峭度和温升特征，外圈故障与材料阶段异常高度一致，优先追溯到 BMAT-00016。,风险首先在材料阶段形成隐患，运行中持续放大，并通过温度与振动指标表现出来。,0.7679,BMAT-00016,MaterialBatch,material
BFB-04281,BRG-04281,Normal,normal,none,normal,0.9082,该轴承样本生命周期风险较低，未形成明确故障追溯链。,运行状态平稳，检测指标未呈现持续恶化趋势。,0.8141,NORMAL_BASELINE,QualityFeedback,feedback
BFB-04282,BRG-04282,IR021,inner_race_fault,inner_race,severe,0.7332,结合振动、峭度和温升特征，内圈故障与装配阶段异常高度一致，优先追溯到 BASM-04282。,风险首先在装配阶段形成隐患，运行中持续放大，并通过温度与振动指标表现出来。,0.6834,BASM-04282,AssemblyRecord,assembly
BFB-04283,BRG-04283,B014,rolling_element_fault,rolling_element,medium,0.7841,该样本的生命周期风险在材料阶段较突出，能够解释当前中等滚动体故障的主要失效模式。,早期表现为局部接触应力升高，随后振动冲击增强，最终演化为中等滚动体故障。,0.7564,BMAT-00308,MaterialBatch,material
BFB-04284,BRG-04284,OR007,outer_race_fault,outer_race,slight,0.7442,结合振动、峭度和温升特征，外圈故障与制造阶段异常高度一致，优先追溯到 BMAN-00631。,风险首先在制造阶段形成隐患，运行中持续放大，并通过温度与振动指标表现出来。,0.5964,BMAN-00631,ManufacturingBatch,manufacturing
BFB-04285,BRG-04285,IR021,inner_race_fault,inner_race,severe,0.7005,结合振动、峭度和温升特征，内圈故障与装配阶段异常高度一致，优先追溯到 BASM-04285。,异常由微小缺陷逐步发展为周期性冲击，检测指标随严重度上升而同步恶化。,0.7423,BASM-04285,AssemblyRecord,assembly
BFB-04286,BRG-04286,IR014,inner_race_fault,inner_race,medium,0.7337,诊断结果显示轴承出现中等内圈故障，根因更可能来自装配阶段实体 BASM-04286 的风险累积。,异常由微小缺陷逐步发展为周期性冲击，检测指标随严重度上升而同步恶化。,0.6366,BASM-04286,AssemblyRecord,assembly
BFB-04287,BRG-04287,Normal,normal,none,normal,0.9248,该轴承样本生命周期风险较低，未形成明确故障追溯链。,运行状态平稳，检测指标未呈现持续恶化趋势。,0.8132,NORMAL_BASELINE,QualityFeedback,feedback
BFB-04288,BRG-04288,OR007,outer_race_fault,outer_race,slight,0.7482,诊断结果显示轴承出现轻微外圈故障，根因更可能来自装配阶段实体 BASM-04288 的风险累积。,异常由微小缺陷逐步发展为周期性冲击，检测指标随严重度上升而同步恶化。,0.5963,BASM-04288,AssemblyRecord,assembly
BFB-04289,BRG-04289,Normal,normal,none,normal,0.942,该轴承样本生命周期风险较低，未形成明确故障追溯链。,运行状态平稳，检测指标未呈现持续恶化趋势。,0.8509,NORMAL_BASELINE,QualityFeedback,feedback
BFB-04290,BRG-04290,B014,rolling_element_fault,rolling_element,medium,0.711,诊断结果显示轴承出现中等滚动体故障，根因更可能来自制造阶段实体 BMAN-00485 的风险累积。,异常由微小缺陷逐步发展为周期性冲击，检测指标随严重度上升而同步恶化。,0.7404,BMAN-00485,ManufacturingBatch,manufacturing
BFB-04291,BRG-04291,Normal,normal,none,normal,0.882,该轴承样本生命周期风险较低，未形成明确故障追溯链。,运行状态平稳，检测指标未呈现持续恶化趋势。,0.8127,NORMAL_BASELINE,QualityFeedback,feedback
BFB-04292,BRG-04292,OR021,outer_race_fault,outer_race,severe,0.7362,结合振动、峭度和温升特征，外圈故障与设计阶段异常高度一致，优先追溯到 BDES-00228。,风险首先在设计阶段形成隐患，运行中持续放大，并通过温度与振动指标表现出来。,0.616,BDES-00228,BearingDesignSpec,design
BFB-04293,BRG-04293,B007,rolling_element_fault,rolling_element,slight,0.6513,该样本的生命周期风险在检测阶段较突出，能够解释当前轻微滚动体故障的主要失效模式。,异常由微小缺陷逐步发展为周期性冲击，检测指标随严重度上升而同步恶化。,0.6504,BINSP-04293,InspectionRecord,inspection
BFB-04294,BRG-04294,OR007,outer_race_fault,outer_race,slight,0.6581,该样本的生命周期风险在材料阶段较突出，能够解释当前轻微外圈故障的主要失效模式。,异常由微小缺陷逐步发展为周期性冲击，检测指标随严重度上升而同步恶化。,0.6479,BMAT-00155,MaterialBatch,material
BFB-04295,BRG-04295,IR014,inner_race_fault,inner_race,medium,0.709,该样本的生命周期风险在制造阶段较突出，能够解释当前中等内圈故障的主要失效模式。,风险首先在制造阶段形成隐患，运行中持续放大，并通过温度与振动指标表现出来。,0.6527,BMAN-00272,ManufacturingBatch,manufacturing
BFB-04296,BRG-04296,IR007,inner_race_fault,inner_race,slight,0.7171,结合振动、峭度和温升特征，内圈故障与制造阶段异常高度一致，优先追溯到 BMAN-01134。,风险首先在制造阶段形成隐患，运行中持续放大，并通过温度与振动指标表现出来。,0.6288,BMAN-01134,ManufacturingBatch,manufacturing
BFB-04297,BRG-04297,Normal,normal,none,normal,0.9426,该轴承样本生命周期风险较低，未形成明确故障追溯链。,运行状态平稳，检测指标未呈现持续恶化趋势。,0.8491,NORMAL_BASELINE,QualityFeedback,feedback
BFB-04298,BRG-04298,IR014,inner_race_fault,inner_race,medium,0.7281,该样本的生命周期风险在装配阶段较突出，能够解释当前中等内圈故障的主要失效模式。,异常由微小缺陷逐步发展为周期性冲击，检测指标随严重度上升而同步恶化。,0.6497,BASM-04298,AssemblyRecord,assembly
BFB-04299,BRG-04299,Normal,normal,none,normal,0.9464,该轴承样本生命周期风险较低，未形成明确故障追溯链。,运行状态平稳，检测指标未呈现持续恶化趋势。,0.8233,NORMAL_BASELINE,QualityFeedback,feedback
BFB-04300,BRG-04300,OR021,outer_race_fault,outer_race,severe,0.6549,结合振动、峭度和温升特征，外圈故障与材料阶段异常高度一致，优先追溯到 BMAT-00180。,早期表现为局部接触应力升高，随后振动冲击增强，最终演化为严重外圈故障。,0.7369,BMAT-00180,MaterialBatch,material
BFB-04301,BRG-04301,Normal,normal,none,normal,0.8728,该轴承样本生命周期风险较低，未形成明确故障追溯链。,运行状态平稳，检测指标未呈现持续恶化趋势。,0.8261,NORMAL_BASELINE,QualityFeedback,feedback
BFB-04302,BRG-04302,IR007,inner_race_fault,inner_race,slight,0.6849,诊断结果显示轴承出现轻微内圈故障，根因更可能来自运维阶段实体 BOPR-04302 的风险累积。,早期表现为局部接触应力升高，随后振动冲击增强，最终演化为轻微内圈故障。,0.6555,BOPR-04302,MaintenanceRecord,operation
BFB-04303,BRG-04303,B007,rolling_element_fault,rolling_element,slight,0.6322,诊断结果显示轴承出现轻微滚动体故障，根因更可能来自材料阶段实体 BMAT-00285 的风险累积。,异常由微小缺陷逐步发展为周期性冲击，检测指标随严重度上升而同步恶化。,0.6043,BMAT-00285,MaterialBatch,material
BFB-04304,BRG-04304,IR014,inner_race_fault,inner_race,medium,0.7031,结合振动、峭度和温升特征，内圈故障与材料阶段异常高度一致，优先追溯到 BMAT-00115。,早期表现为局部接触应力升高，随后振动冲击增强，最终演化为中等内圈故障。,0.7384,BMAT-00115,MaterialBatch,material
BFB-04305,BRG-04305,B014,rolling_element_fault,rolling_element,medium,0.7247,诊断结果显示轴承出现中等滚动体故障，根因更可能来自检测阶段实体 BINSP-04305 的风险累积。,异常由微小缺陷逐步发展为周期性冲击，检测指标随严重度上升而同步恶化。,0.7907,BINSP-04305,InspectionRecord,inspection
BFB-04306,BRG-04306,OR014,outer_race_fault,outer_race,medium,0.7216,该样本的生命周期风险在装配阶段较突出，能够解释当前中等外圈故障的主要失效模式。,风险首先在装配阶段形成隐患，运行中持续放大，并通过温度与振动指标表现出来。,0.6076,BASM-04306,AssemblyRecord,assembly
BFB-04307,BRG-04307,IR021,inner_race_fault,inner_race,severe,0.7156,诊断结果显示轴承出现严重内圈故障，根因更可能来自制造阶段实体 BMAN-00498 的风险累积。,风险首先在制造阶段形成隐患，运行中持续放大，并通过温度与振动指标表现出来。,0.6012,BMAN-00498,ManufacturingBatch,manufacturing
BFB-04308,BRG-04308,IR007,inner_race_fault,inner_race,slight,0.6682,诊断结果显示轴承出现轻微内圈故障，根因更可能来自装配阶段实体 BASM-04308 的风险累积。,早期表现为局部接触应力升高，随后振动冲击增强，最终演化为轻微内圈故障。,0.6665,BASM-04308,AssemblyRecord,assembly
BFB-04309,BRG-04309,Normal,normal,none,normal,0.9468,该轴承样本生命周期风险较低，未形成明确故障追溯链。,运行状态平稳，检测指标未呈现持续恶化趋势。,0.8668,NORMAL_BASELINE,QualityFeedback,feedback
BFB-04310,BRG-04310,OR021,outer_race_fault,outer_race,severe,0.7215,诊断结果显示轴承出现严重外圈故障，根因更可能来自设计阶段实体 BDES-00517 的风险累积。,早期表现为局部接触应力升高，随后振动冲击增强，最终演化为严重外圈故障。,0.6579,BDES-00517,BearingDesignSpec,design
BFB-04311,BRG-04311,IR014,inner_race_fault,inner_race,medium,0.6682,该样本的生命周期风险在制造阶段较突出，能够解释当前中等内圈故障的主要失效模式。,风险首先在制造阶段形成隐患，运行中持续放大，并通过温度与振动指标表现出来。,0.6766,BMAN-00730,ManufacturingBatch,manufacturing
BFB-04312,BRG-04312,OR007,outer_race_fault,outer_race,slight,0.6943,诊断结果显示轴承出现轻微外圈故障，根因更可能来自设计阶段实体 BDES-00676 的风险累积。,异常由微小缺陷逐步发展为周期性冲击，检测指标随严重度上升而同步恶化。,0.6794,BDES-00676,BearingDesignSpec,design
BFB-04313,BRG-04313,IR014,inner_race_fault,inner_race,medium,0.7243,该样本的生命周期风险在装配阶段较突出，能够解释当前中等内圈故障的主要失效模式。,异常由微小缺陷逐步发展为周期性冲击，检测指标随严重度上升而同步恶化。,0.6492,BASM-04313,AssemblyRecord,assembly
BFB-04314,BRG-04314,IR014,inner_race_fault,inner_race,medium,0.7225,该样本的生命周期风险在制造阶段较突出，能够解释当前中等内圈故障的主要失效模式。,风险首先在制造阶段形成隐患，运行中持续放大，并通过温度与振动指标表现出来。,0.6178,BMAN-00014,ManufacturingBatch,manufacturing
BFB-04315,BRG-04315,B014,rolling_element_fault,rolling_element,medium,0.6424,结合振动、峭度和温升特征，滚动体故障与材料阶段异常高度一致，优先追溯到 BMAT-00182。,早期表现为局部接触应力升高，随后振动冲击增强，最终演化为中等滚动体故障。,0.6294,BMAT-00182,MaterialBatch,material
BFB-04316,BRG-04316,IR021,inner_race_fault,inner_race,severe,0.7283,该样本的生命周期风险在制造阶段较突出，能够解释当前严重内圈故障的主要失效模式。,异常由微小缺陷逐步发展为周期性冲击，检测指标随严重度上升而同步恶化。,0.7445,BMAN-00678,ManufacturingBatch,manufacturing
BFB-04317,BRG-04317,IR007,inner_race_fault,inner_race,slight,0.6922,诊断结果显示轴承出现轻微内圈故障，根因更可能来自设计阶段实体 BDES-00019 的风险累积。,早期表现为局部接触应力升高，随后振动冲击增强，最终演化为轻微内圈故障。,0.6999,BDES-00019,BearingDesignSpec,design
BFB-04318,BRG-04318,IR021,inner_race_fault,inner_race,severe,0.6666,该样本的生命周期风险在制造阶段较突出，能够解释当前严重内圈故障的主要失效模式。,风险首先在制造阶段形成隐患，运行中持续放大，并通过温度与振动指标表现出来。,0.6927,BMAN-00687,ManufacturingBatch,manufacturing
BFB-04319,BRG-04319,IR014,inner_race_fault,inner_race,medium,0.6429,诊断结果显示轴承出现中等内圈故障，根因更可能来自设计阶段实体 BDES-00508 的风险累积。,异常由微小缺陷逐步发展为周期性冲击，检测指标随严重度上升而同步恶化。,0.6774,BDES-00508,BearingDesignSpec,design
BFB-04320,BRG-04320,OR007,outer_race_fault,outer_race,slight,0.6653,该样本的生命周期风险在制造阶段较突出，能够解释当前轻微外圈故障的主要失效模式。,早期表现为局部接触应力升高，随后振动冲击增强，最终演化为轻微外圈故障。,0.676,BMAN-00637,ManufacturingBatch,manufacturing
BFB-04321,BRG-04321,Normal,normal,none,normal,0.8764,该轴承样本生命周期风险较低，未形成明确故障追溯链。,运行状态平稳，检测指标未呈现持续恶化趋势。,0.8011,NORMAL_BASELINE,QualityFeedback,feedback
BFB-04322,BRG-04322,B014,rolling_element_fault,rolling_element,medium,0.7133,结合振动、峭度和温升特征，滚动体故障与运维阶段异常高度一致，优先追溯到 BOPR-04322。,风险首先在运维阶段形成隐患，运行中持续放大，并通过温度与振动指标表现出来。,0.6147,BOPR-04322,MaintenanceRecord,operation
BFB-04323,BRG-04323,OR021,outer_race_fault,outer_race,severe,0.6783,该样本的生命周期风险在运维阶段较突出，能够解释当前严重外圈故障的主要失效模式。,早期表现为局部接触应力升高，随后振动冲击增强，最终演化为严重外圈故障。,0.6658,BOPR-04323,MaintenanceRecord,operation
BFB-04324,BRG-04324,Normal,normal,none,normal,0.9118,该轴承样本生命周期风险较低，未形成明确故障追溯链。,运行状态平稳，检测指标未呈现持续恶化趋势。,0.8486,NORMAL_BASELINE,QualityFeedback,feedback
BFB-04325,BRG-04325,OR014,outer_race_fault,outer_race,medium,0.7416,诊断结果显示轴承出现中等外圈故障，根因更可能来自设计阶段实体 BDES-00153 的风险累积。,异常由微小缺陷逐步发展为周期性冲击，检测指标随严重度上升而同步恶化。,0.5742,BDES-00153,BearingDesignSpec,design
BFB-04326,BRG-04326,OR021,outer_race_fault,outer_race,severe,0.6848,结合振动、峭度和温升特征，外圈故障与制造阶段异常高度一致，优先追溯到 BMAN-00141。,风险首先在制造阶段形成隐患，运行中持续放大，并通过温度与振动指标表现出来。,0.6977,BMAN-00141,ManufacturingBatch,manufacturing
BFB-04327,BRG-04327,IR014,inner_race_fault,inner_race,medium,0.669,该样本的生命周期风险在制造阶段较突出，能够解释当前中等内圈故障的主要失效模式。,异常由微小缺陷逐步发展为周期性冲击，检测指标随严重度上升而同步恶化。,0.5772,BMAN-00570,ManufacturingBatch,manufacturing
BFB-04328,BRG-04328,IR014,inner_race_fault,inner_race,medium,0.7296,结合振动、峭度和温升特征，内圈故障与检测阶段异常高度一致，优先追溯到 BINSP-04328。,风险首先在检测阶段形成隐患，运行中持续放大，并通过温度与振动指标表现出来。,0.7303,BINSP-04328,InspectionRecord,inspection
BFB-04329,BRG-04329,OR007,outer_race_fault,outer_race,slight,0.6946,该样本的生命周期风险在材料阶段较突出，能够解释当前轻微外圈故障的主要失效模式。,早期表现为局部接触应力升高，随后振动冲击增强，最终演化为轻微外圈故障。,0.652,BMAT-00373,MaterialBatch,material
BFB-04330,BRG-04330,OR014,outer_race_fault,outer_race,medium,0.7092,结合振动、峭度和温升特征，外圈故障与装配阶段异常高度一致，优先追溯到 BASM-04330。,早期表现为局部接触应力升高，随后振动冲击增强，最终演化为中等外圈故障。,0.747,BASM-04330,AssemblyRecord,assembly
BFB-04331,BRG-04331,B014,rolling_element_fault,rolling_element,medium,0.7369,结合振动、峭度和温升特征，滚动体故障与制造阶段异常高度一致，优先追溯到 BMAN-00119。,风险首先在制造阶段形成隐患，运行中持续放大，并通过温度与振动指标表现出来。,0.6416,BMAN-00119,ManufacturingBatch,manufacturing
BFB-04332,BRG-04332,IR014,inner_race_fault,inner_race,medium,0.8115,该样本的生命周期风险在运维阶段较突出，能够解释当前中等内圈故障的主要失效模式。,异常由微小缺陷逐步发展为周期性冲击，检测指标随严重度上升而同步恶化。,0.7801,BOPR-04332,MaintenanceRecord,operation
BFB-04333,BRG-04333,OR014,outer_race_fault,outer_race,medium,0.6957,结合振动、峭度和温升特征，外圈故障与装配阶段异常高度一致，优先追溯到 BASM-04333。,异常由微小缺陷逐步发展为周期性冲击，检测指标随严重度上升而同步恶化。,0.6146,BASM-04333,AssemblyRecord,assembly
BFB-04334,BRG-04334,B007,rolling_element_fault,rolling_element,slight,0.7685,该样本的生命周期风险在检测阶段较突出，能够解释当前轻微滚动体故障的主要失效模式。,异常由微小缺陷逐步发展为周期性冲击，检测指标随严重度上升而同步恶化。,0.728,BINSP-04334,InspectionRecord,inspection
BFB-04335,BRG-04335,OR014,outer_race_fault,outer_race,medium,0.6399,该样本的生命周期风险在制造阶段较突出，能够解释当前中等外圈故障的主要失效模式。,早期表现为局部接触应力升高，随后振动冲击增强，最终演化为中等外圈故障。,0.6964,BMAN-00018,ManufacturingBatch,manufacturing
BFB-04336,BRG-04336,OR021,outer_race_fault,outer_race,severe,0.7005,该样本的生命周期风险在制造阶段较突出，能够解释当前严重外圈故障的主要失效模式。,早期表现为局部接触应力升高，随后振动冲击增强，最终演化为严重外圈故障。,0.6782,BMAN-01133,ManufacturingBatch,manufacturing
BFB-04337,BRG-04337,B007,rolling_element_fault,rolling_element,slight,0.7559,诊断结果显示轴承出现轻微滚动体故障，根因更可能来自制造阶段实体 BMAN-00932 的风险累积。,早期表现为局部接触应力升高，随后振动冲击增强，最终演化为轻微滚动体故障。,0.6836,BMAN-00932,ManufacturingBatch,manufacturing
BFB-04338,BRG-04338,OR021,outer_race_fault,outer_race,severe,0.715,结合振动、峭度和温升特征，外圈故障与制造阶段异常高度一致，优先追溯到 BMAN-00408。,早期表现为局部接触应力升高，随后振动冲击增强，最终演化为严重外圈故障。,0.7118,BMAN-00408,ManufacturingBatch,manufacturing
BFB-04339,BRG-04339,B014,rolling_element_fault,rolling_element,medium,0.6521,结合振动、峭度和温升特征，滚动体故障与装配阶段异常高度一致，优先追溯到 BASM-04339。,早期表现为局部接触应力升高，随后振动冲击增强，最终演化为中等滚动体故障。,0.6464,BASM-04339,AssemblyRecord,assembly
BFB-04340,BRG-04340,IR014,inner_race_fault,inner_race,medium,0.6618,该样本的生命周期风险在材料阶段较突出，能够解释当前中等内圈故障的主要失效模式。,早期表现为局部接触应力升高，随后振动冲击增强，最终演化为中等内圈故障。,0.6042,BMAT-00372,MaterialBatch,material
BFB-04341,BRG-04341,B021,rolling_element_fault,rolling_element,severe,0.7275,结合振动、峭度和温升特征，滚动体故障与装配阶段异常高度一致，优先追溯到 BASM-04341。,异常由微小缺陷逐步发展为周期性冲击，检测指标随严重度上升而同步恶化。,0.59,BASM-04341,AssemblyRecord,assembly
BFB-04342,BRG-04342,Normal,normal,none,normal,0.9027,该轴承样本生命周期风险较低，未形成明确故障追溯链。,运行状态平稳，检测指标未呈现持续恶化趋势。,0.8504,NORMAL_BASELINE,QualityFeedback,feedback
BFB-04343,BRG-04343,OR014,outer_race_fault,outer_race,medium,0.7623,该样本的生命周期风险在运维阶段较突出，能够解释当前中等外圈故障的主要失效模式。,风险首先在运维阶段形成隐患，运行中持续放大，并通过温度与振动指标表现出来。,0.6467,BOPR-04343,MaintenanceRecord,operation
BFB-04344,BRG-04344,B014,rolling_element_fault,rolling_element,medium,0.6736,该样本的生命周期风险在装配阶段较突出，能够解释当前中等滚动体故障的主要失效模式。,风险首先在装配阶段形成隐患，运行中持续放大，并通过温度与振动指标表现出来。,0.6514,BASM-04344,AssemblyRecord,assembly
BFB-04345,BRG-04345,Normal,normal,none,normal,0.8766,该轴承样本生命周期风险较低，未形成明确故障追溯链。,运行状态平稳，检测指标未呈现持续恶化趋势。,0.7852,NORMAL_BASELINE,QualityFeedback,feedback
BFB-04346,BRG-04346,IR021,inner_race_fault,inner_race,severe,0.7106,诊断结果显示轴承出现严重内圈故障，根因更可能来自制造阶段实体 BMAN-00822 的风险累积。,异常由微小缺陷逐步发展为周期性冲击，检测指标随严重度上升而同步恶化。,0.7237,BMAN-00822,ManufacturingBatch,manufacturing
BFB-04347,BRG-04347,B014,rolling_element_fault,rolling_element,medium,0.629,该样本的生命周期风险在装配阶段较突出，能够解释当前中等滚动体故障的主要失效模式。,风险首先在装配阶段形成隐患，运行中持续放大，并通过温度与振动指标表现出来。,0.6091,BASM-04347,AssemblyRecord,assembly
BFB-04348,BRG-04348,IR007,inner_race_fault,inner_race,slight,0.6955,诊断结果显示轴承出现轻微内圈故障，根因更可能来自装配阶段实体 BASM-04348 的风险累积。,异常由微小缺陷逐步发展为周期性冲击，检测指标随严重度上升而同步恶化。,0.6467,BASM-04348,AssemblyRecord,assembly
BFB-04349,BRG-04349,B007,rolling_element_fault,rolling_element,slight,0.6984,该样本的生命周期风险在设计阶段较突出，能够解释当前轻微滚动体故障的主要失效模式。,风险首先在设计阶段形成隐患，运行中持续放大，并通过温度与振动指标表现出来。,0.6306,BDES-00378,BearingDesignSpec,design
BFB-04350,BRG-04350,B014,rolling_element_fault,rolling_element,medium,0.7112,结合振动、峭度和温升特征，滚动体故障与装配阶段异常高度一致，优先追溯到 BASM-04350。,风险首先在装配阶段形成隐患，运行中持续放大，并通过温度与振动指标表现出来。,0.6332,BASM-04350,AssemblyRecord,assembly
BFB-04351,BRG-04351,OR014,outer_race_fault,outer_race,medium,0.6542,该样本的生命周期风险在制造阶段较突出，能够解释当前中等外圈故障的主要失效模式。,早期表现为局部接触应力升高，随后振动冲击增强，最终演化为中等外圈故障。,0.6305,BMAN-00355,ManufacturingBatch,manufacturing
BFB-04352,BRG-04352,OR021,outer_race_fault,outer_race,severe,0.6931,诊断结果显示轴承出现严重外圈故障，根因更可能来自装配阶段实体 BASM-04352 的风险累积。,早期表现为局部接触应力升高，随后振动冲击增强，最终演化为严重外圈故障。,0.6951,BASM-04352,AssemblyRecord,assembly
BFB-04353,BRG-04353,B014,rolling_element_fault,rolling_element,medium,0.7168,结合振动、峭度和温升特征，滚动体故障与制造阶段异常高度一致，优先追溯到 BMAN-00428。,异常由微小缺陷逐步发展为周期性冲击，检测指标随严重度上升而同步恶化。,0.7186,BMAN-00428,ManufacturingBatch,manufacturing
BFB-04354,BRG-04354,Normal,normal,none,normal,0.9588,该轴承样本生命周期风险较低，未形成明确故障追溯链。,运行状态平稳，检测指标未呈现持续恶化趋势。,0.8794,NORMAL_BASELINE,QualityFeedback,feedback
BFB-04355,BRG-04355,B014,rolling_element_fault,rolling_element,medium,0.6339,该样本的生命周期风险在装配阶段较突出，能够解释当前中等滚动体故障的主要失效模式。,风险首先在装配阶段形成隐患，运行中持续放大，并通过温度与振动指标表现出来。,0.6247,BASM-04355,AssemblyRecord,assembly
BFB-04356,BRG-04356,Normal,normal,none,normal,0.9,该轴承样本生命周期风险较低，未形成明确故障追溯链。,运行状态平稳，检测指标未呈现持续恶化趋势。,0.8643,NORMAL_BASELINE,QualityFeedback,feedback
BFB-04357,BRG-04357,IR021,inner_race_fault,inner_race,severe,0.6874,该样本的生命周期风险在检测阶段较突出，能够解释当前严重内圈故障的主要失效模式。,早期表现为局部接触应力升高，随后振动冲击增强，最终演化为严重内圈故障。,0.6973,BINSP-04357,InspectionRecord,inspection
BFB-04358,BRG-04358,B021,rolling_element_fault,rolling_element,severe,0.6845,该样本的生命周期风险在材料阶段较突出，能够解释当前严重滚动体故障的主要失效模式。,风险首先在材料阶段形成隐患，运行中持续放大，并通过温度与振动指标表现出来。,0.7631,BMAT-00126,MaterialBatch,material
BFB-04359,BRG-04359,IR014,inner_race_fault,inner_race,medium,0.7042,该样本的生命周期风险在装配阶段较突出，能够解释当前中等内圈故障的主要失效模式。,异常由微小缺陷逐步发展为周期性冲击，检测指标随严重度上升而同步恶化。,0.7877,BASM-04359,AssemblyRecord,assembly
BFB-04360,BRG-04360,IR014,inner_race_fault,inner_race,medium,0.6558,结合振动、峭度和温升特征，内圈故障与装配阶段异常高度一致，优先追溯到 BASM-04360。,风险首先在装配阶段形成隐患，运行中持续放大，并通过温度与振动指标表现出来。,0.6568,BASM-04360,AssemblyRecord,assembly
BFB-04361,BRG-04361,IR014,inner_race_fault,inner_race,medium,0.6876,诊断结果显示轴承出现中等内圈故障，根因更可能来自制造阶段实体 BMAN-01122 的风险累积。,异常由微小缺陷逐步发展为周期性冲击，检测指标随严重度上升而同步恶化。,0.6369,BMAN-01122,ManufacturingBatch,manufacturing
BFB-04362,BRG-04362,IR014,inner_race_fault,inner_race,medium,0.6491,结合振动、峭度和温升特征，内圈故障与检测阶段异常高度一致，优先追溯到 BINSP-04362。,异常由微小缺陷逐步发展为周期性冲击，检测指标随严重度上升而同步恶化。,0.7481,BINSP-04362,InspectionRecord,inspection
BFB-04363,BRG-04363,OR014,outer_race_fault,outer_race,medium,0.6819,该样本的生命周期风险在制造阶段较突出，能够解释当前中等外圈故障的主要失效模式。,风险首先在制造阶段形成隐患，运行中持续放大，并通过温度与振动指标表现出来。,0.6396,BMAN-00749,ManufacturingBatch,manufacturing
BFB-04364,BRG-04364,OR014,outer_race_fault,outer_race,medium,0.6333,该样本的生命周期风险在制造阶段较突出，能够解释当前中等外圈故障的主要失效模式。,早期表现为局部接触应力升高，随后振动冲击增强，最终演化为中等外圈故障。,0.7009,BMAN-00114,ManufacturingBatch,manufacturing
BFB-04365,BRG-04365,Normal,normal,none,normal,0.925,该轴承样本生命周期风险较低，未形成明确故障追溯链。,运行状态平稳，检测指标未呈现持续恶化趋势。,0.8579,NORMAL_BASELINE,QualityFeedback,feedback
BFB-04366,BRG-04366,OR014,outer_race_fault,outer_race,medium,0.7336,该样本的生命周期风险在检测阶段较突出，能够解释当前中等外圈故障的主要失效模式。,风险首先在检测阶段形成隐患，运行中持续放大，并通过温度与振动指标表现出来。,0.7574,BINSP-04366,InspectionRecord,inspection
BFB-04367,BRG-04367,OR014,outer_race_fault,outer_race,medium,0.7164,诊断结果显示轴承出现中等外圈故障，根因更可能来自制造阶段实体 BMAN-00136 的风险累积。,早期表现为局部接触应力升高，随后振动冲击增强，最终演化为中等外圈故障。,0.6583,BMAN-00136,ManufacturingBatch,manufacturing
BFB-04368,BRG-04368,Normal,normal,none,normal,0.9303,该轴承样本生命周期风险较低，未形成明确故障追溯链。,运行状态平稳，检测指标未呈现持续恶化趋势。,0.8835,NORMAL_BASELINE,QualityFeedback,feedback
BFB-04369,BRG-04369,IR014,inner_race_fault,inner_race,medium,0.6717,诊断结果显示轴承出现中等内圈故障，根因更可能来自制造阶段实体 BMAN-01163 的风险累积。,早期表现为局部接触应力升高，随后振动冲击增强，最终演化为中等内圈故障。,0.6783,BMAN-01163,ManufacturingBatch,manufacturing
BFB-04370,BRG-04370,B021,rolling_element_fault,rolling_element,severe,0.7087,该样本的生命周期风险在材料阶段较突出，能够解释当前严重滚动体故障的主要失效模式。,风险首先在材料阶段形成隐患，运行中持续放大，并通过温度与振动指标表现出来。,0.7401,BMAT-00465,MaterialBatch,material
BFB-04371,BRG-04371,OR007,outer_race_fault,outer_race,slight,0.7183,该样本的生命周期风险在设计阶段较突出，能够解释当前轻微外圈故障的主要失效模式。,异常由微小缺陷逐步发展为周期性冲击，检测指标随严重度上升而同步恶化。,0.6624,BDES-00481,BearingDesignSpec,design
BFB-04372,BRG-04372,B014,rolling_element_fault,rolling_element,medium,0.7591,该样本的生命周期风险在检测阶段较突出，能够解释当前中等滚动体故障的主要失效模式。,异常由微小缺陷逐步发展为周期性冲击，检测指标随严重度上升而同步恶化。,0.7277,BINSP-04372,InspectionRecord,inspection
BFB-04373,BRG-04373,Normal,normal,none,normal,0.8658,该轴承样本生命周期风险较低，未形成明确故障追溯链。,运行状态平稳，检测指标未呈现持续恶化趋势。,0.8108,NORMAL_BASELINE,QualityFeedback,feedback
BFB-04374,BRG-04374,IR014,inner_race_fault,inner_race,medium,0.7474,该样本的生命周期风险在制造阶段较突出，能够解释当前中等内圈故障的主要失效模式。,异常由微小缺陷逐步发展为周期性冲击，检测指标随严重度上升而同步恶化。,0.6792,BMAN-00258,ManufacturingBatch,manufacturing
BFB-04375,BRG-04375,B007,rolling_element_fault,rolling_element,slight,0.66,诊断结果显示轴承出现轻微滚动体故障，根因更可能来自材料阶段实体 BMAT-00379 的风险累积。,异常由微小缺陷逐步发展为周期性冲击，检测指标随严重度上升而同步恶化。,0.6596,BMAT-00379,MaterialBatch,material
BFB-04376,BRG-04376,OR014,outer_race_fault,outer_race,medium,0.7412,该样本的生命周期风险在材料阶段较突出，能够解释当前中等外圈故障的主要失效模式。,风险首先在材料阶段形成隐患，运行中持续放大，并通过温度与振动指标表现出来。,0.7087,BMAT-00046,MaterialBatch,material
BFB-04377,BRG-04377,IR014,inner_race_fault,inner_race,medium,0.7422,该样本的生命周期风险在材料阶段较突出，能够解释当前中等内圈故障的主要失效模式。,异常由微小缺陷逐步发展为周期性冲击，检测指标随严重度上升而同步恶化。,0.7098,BMAT-00465,MaterialBatch,material
BFB-04378,BRG-04378,Normal,normal,none,normal,0.8704,该轴承样本生命周期风险较低，未形成明确故障追溯链。,运行状态平稳，检测指标未呈现持续恶化趋势。,0.892,NORMAL_BASELINE,QualityFeedback,feedback
BFB-04379,BRG-04379,IR021,inner_race_fault,inner_race,severe,0.697,该样本的生命周期风险在装配阶段较突出，能够解释当前严重内圈故障的主要失效模式。,早期表现为局部接触应力升高，随后振动冲击增强，最终演化为严重内圈故障。,0.7366,BASM-04379,AssemblyRecord,assembly
BFB-04380,BRG-04380,B014,rolling_element_fault,rolling_element,medium,0.6812,结合振动、峭度和温升特征，滚动体故障与材料阶段异常高度一致，优先追溯到 BMAT-00144。,早期表现为局部接触应力升高，随后振动冲击增强，最终演化为中等滚动体故障。,0.6327,BMAT-00144,MaterialBatch,material
BFB-04381,BRG-04381,B007,rolling_element_fault,rolling_element,slight,0.5874,该样本的生命周期风险在制造阶段较突出，能够解释当前轻微滚动体故障的主要失效模式。,早期表现为局部接触应力升高，随后振动冲击增强，最终演化为轻微滚动体故障。,0.6502,BMAN-00789,ManufacturingBatch,manufacturing
BFB-04382,BRG-04382,IR014,inner_race_fault,inner_race,medium,0.7312,该样本的生命周期风险在制造阶段较突出，能够解释当前中等内圈故障的主要失效模式。,早期表现为局部接触应力升高，随后振动冲击增强，最终演化为中等内圈故障。,0.6788,BMAN-01033,ManufacturingBatch,manufacturing
BFB-04383,BRG-04383,OR021,outer_race_fault,outer_race,severe,0.7663,诊断结果显示轴承出现严重外圈故障，根因更可能来自运维阶段实体 BOPR-04383 的风险累积。,异常由微小缺陷逐步发展为周期性冲击，检测指标随严重度上升而同步恶化。,0.6914,BOPR-04383,MaintenanceRecord,operation
BFB-04384,BRG-04384,B014,rolling_element_fault,rolling_element,medium,0.7214,诊断结果显示轴承出现中等滚动体故障，根因更可能来自设计阶段实体 BDES-00520 的风险累积。,风险首先在设计阶段形成隐患，运行中持续放大，并通过温度与振动指标表现出来。,0.6641,BDES-00520,BearingDesignSpec,design
BFB-04385,BRG-04385,B014,rolling_element_fault,rolling_element,medium,0.7296,诊断结果显示轴承出现中等滚动体故障，根因更可能来自材料阶段实体 BMAT-00388 的风险累积。,异常由微小缺陷逐步发展为周期性冲击，检测指标随严重度上升而同步恶化。,0.6052,BMAT-00388,MaterialBatch,material
BFB-04386,BRG-04386,B007,rolling_element_fault,rolling_element,slight,0.6978,诊断结果显示轴承出现轻微滚动体故障，根因更可能来自制造阶段实体 BMAN-00114 的风险累积。,风险首先在制造阶段形成隐患，运行中持续放大，并通过温度与振动指标表现出来。,0.6611,BMAN-00114,ManufacturingBatch,manufacturing
BFB-04387,BRG-04387,OR021,outer_race_fault,outer_race,severe,0.6458,诊断结果显示轴承出现严重外圈故障，根因更可能来自材料阶段实体 BMAT-00091 的风险累积。,异常由微小缺陷逐步发展为周期性冲击，检测指标随严重度上升而同步恶化。,0.6999,BMAT-00091,MaterialBatch,material
BFB-04388,BRG-04388,IR014,inner_race_fault,inner_race,medium,0.7829,诊断结果显示轴承出现中等内圈故障，根因更可能来自制造阶段实体 BMAN-00607 的风险累积。,异常由微小缺陷逐步发展为周期性冲击，检测指标随严重度上升而同步恶化。,0.6558,BMAN-00607,ManufacturingBatch,manufacturing
BFB-04389,BRG-04389,B007,rolling_element_fault,rolling_element,slight,0.7223,诊断结果显示轴承出现轻微滚动体故障，根因更可能来自材料阶段实体 BMAT-00319 的风险累积。,风险首先在材料阶段形成隐患，运行中持续放大，并通过温度与振动指标表现出来。,0.7078,BMAT-00319,MaterialBatch,material
BFB-04390,BRG-04390,Normal,normal,none,normal,0.8668,该轴承样本生命周期风险较低，未形成明确故障追溯链。,运行状态平稳，检测指标未呈现持续恶化趋势。,0.7879,NORMAL_BASELINE,QualityFeedback,feedback
BFB-04391,BRG-04391,IR014,inner_race_fault,inner_race,medium,0.6755,结合振动、峭度和温升特征，内圈故障与制造阶段异常高度一致，优先追溯到 BMAN-00289。,风险首先在制造阶段形成隐患，运行中持续放大，并通过温度与振动指标表现出来。,0.6479,BMAN-00289,ManufacturingBatch,manufacturing
BFB-04392,BRG-04392,B007,rolling_element_fault,rolling_element,slight,0.6231,结合振动、峭度和温升特征，滚动体故障与运维阶段异常高度一致，优先追溯到 BOPR-04392。,早期表现为局部接触应力升高，随后振动冲击增强，最终演化为轻微滚动体故障。,0.6833,BOPR-04392,MaintenanceRecord,operation
BFB-04393,BRG-04393,IR014,inner_race_fault,inner_race,medium,0.7086,结合振动、峭度和温升特征，内圈故障与检测阶段异常高度一致，优先追溯到 BINSP-04393。,早期表现为局部接触应力升高，随后振动冲击增强，最终演化为中等内圈故障。,0.5946,BINSP-04393,InspectionRecord,inspection
BFB-04394,BRG-04394,Normal,normal,none,normal,0.9099,该轴承样本生命周期风险较低，未形成明确故障追溯链。,运行状态平稳，检测指标未呈现持续恶化趋势。,0.8556,NORMAL_BASELINE,QualityFeedback,feedback
BFB-04395,BRG-04395,OR007,outer_race_fault,outer_race,slight,0.7511,诊断结果显示轴承出现轻微外圈故障，根因更可能来自设计阶段实体 BDES-00649 的风险累积。,早期表现为局部接触应力升高，随后振动冲击增强，最终演化为轻微外圈故障。,0.6373,BDES-00649,BearingDesignSpec,design
BFB-04396,BRG-04396,IR014,inner_race_fault,inner_race,medium,0.6895,该样本的生命周期风险在制造阶段较突出，能够解释当前中等内圈故障的主要失效模式。,早期表现为局部接触应力升高，随后振动冲击增强，最终演化为中等内圈故障。,0.7511,BMAN-00771,ManufacturingBatch,manufacturing
BFB-04397,BRG-04397,B021,rolling_element_fault,rolling_element,severe,0.7354,诊断结果显示轴承出现严重滚动体故障，根因更可能来自装配阶段实体 BASM-04397 的风险累积。,风险首先在装配阶段形成隐患，运行中持续放大，并通过温度与振动指标表现出来。,0.6477,BASM-04397,AssemblyRecord,assembly
BFB-04398,BRG-04398,OR014,outer_race_fault,outer_race,medium,0.7094,诊断结果显示轴承出现中等外圈故障，根因更可能来自装配阶段实体 BASM-04398 的风险累积。,早期表现为局部接触应力升高，随后振动冲击增强，最终演化为中等外圈故障。,0.7671,BASM-04398,AssemblyRecord,assembly
BFB-04399,BRG-04399,IR014,inner_race_fault,inner_race,medium,0.6752,结合振动、峭度和温升特征，内圈故障与检测阶段异常高度一致，优先追溯到 BINSP-04399。,早期表现为局部接触应力升高，随后振动冲击增强，最终演化为中等内圈故障。,0.7064,BINSP-04399,InspectionRecord,inspection
BFB-04400,BRG-04400,OR014,outer_race_fault,outer_race,medium,0.7712,该样本的生命周期风险在设计阶段较突出，能够解释当前中等外圈故障的主要失效模式。,风险首先在设计阶段形成隐患，运行中持续放大，并通过温度与振动指标表现出来。,0.656,BDES-00223,BearingDesignSpec,design
BFB-04401,BRG-04401,OR014,outer_race_fault,outer_race,medium,0.7062,该样本的生命周期风险在装配阶段较突出，能够解释当前中等外圈故障的主要失效模式。,异常由微小缺陷逐步发展为周期性冲击，检测指标随严重度上升而同步恶化。,0.6502,BASM-04401,AssemblyRecord,assembly
BFB-04402,BRG-04402,IR021,inner_race_fault,inner_race,severe,0.708,该样本的生命周期风险在制造阶段较突出，能够解释当前严重内圈故障的主要失效模式。,异常由微小缺陷逐步发展为周期性冲击，检测指标随严重度上升而同步恶化。,0.6263,BMAN-00647,ManufacturingBatch,manufacturing
BFB-04403,BRG-04403,IR014,inner_race_fault,inner_race,medium,0.7024,该样本的生命周期风险在装配阶段较突出，能够解释当前中等内圈故障的主要失效模式。,早期表现为局部接触应力升高，随后振动冲击增强，最终演化为中等内圈故障。,0.6336,BASM-04403,AssemblyRecord,assembly
BFB-04404,BRG-04404,IR014,inner_race_fault,inner_race,medium,0.6882,该样本的生命周期风险在材料阶段较突出，能够解释当前中等内圈故障的主要失效模式。,早期表现为局部接触应力升高，随后振动冲击增强，最终演化为中等内圈故障。,0.6557,BMAT-00198,MaterialBatch,material
BFB-04405,BRG-04405,IR014,inner_race_fault,inner_race,medium,0.6461,结合振动、峭度和温升特征，内圈故障与设计阶段异常高度一致，优先追溯到 BDES-00533。,异常由微小缺陷逐步发展为周期性冲击，检测指标随严重度上升而同步恶化。,0.6101,BDES-00533,BearingDesignSpec,design
BFB-04406,BRG-04406,IR014,inner_race_fault,inner_race,medium,0.6988,诊断结果显示轴承出现中等内圈故障，根因更可能来自检测阶段实体 BINSP-04406 的风险累积。,早期表现为局部接触应力升高，随后振动冲击增强，最终演化为中等内圈故障。,0.5414,BINSP-04406,InspectionRecord,inspection
BFB-04407,BRG-04407,Normal,normal,none,normal,0.9117,该轴承样本生命周期风险较低，未形成明确故障追溯链。,运行状态平稳，检测指标未呈现持续恶化趋势。,0.801,NORMAL_BASELINE,QualityFeedback,feedback
BFB-04408,BRG-04408,IR014,inner_race_fault,inner_race,medium,0.7155,诊断结果显示轴承出现中等内圈故障，根因更可能来自装配阶段实体 BASM-04408 的风险累积。,异常由微小缺陷逐步发展为周期性冲击，检测指标随严重度上升而同步恶化。,0.7028,BASM-04408,AssemblyRecord,assembly
BFB-04409,BRG-04409,IR014,inner_race_fault,inner_race,medium,0.7465,该样本的生命周期风险在装配阶段较突出，能够解释当前中等内圈故障的主要失效模式。,异常由微小缺陷逐步发展为周期性冲击，检测指标随严重度上升而同步恶化。,0.6382,BASM-04409,AssemblyRecord,assembly
BFB-04410,BRG-04410,B014,rolling_element_fault,rolling_element,medium,0.7444,该样本的生命周期风险在装配阶段较突出，能够解释当前中等滚动体故障的主要失效模式。,风险首先在装配阶段形成隐患，运行中持续放大，并通过温度与振动指标表现出来。,0.6072,BASM-04410,AssemblyRecord,assembly
BFB-04411,BRG-04411,IR007,inner_race_fault,inner_race,slight,0.6706,该样本的生命周期风险在装配阶段较突出，能够解释当前轻微内圈故障的主要失效模式。,早期表现为局部接触应力升高，随后振动冲击增强，最终演化为轻微内圈故障。,0.6748,BASM-04411,AssemblyRecord,assembly
BFB-04412,BRG-04412,IR021,inner_race_fault,inner_race,severe,0.7053,结合振动、峭度和温升特征，内圈故障与装配阶段异常高度一致，优先追溯到 BASM-04412。,异常由微小缺陷逐步发展为周期性冲击，检测指标随严重度上升而同步恶化。,0.7289,BASM-04412,AssemblyRecord,assembly
BFB-04413,BRG-04413,OR014,outer_race_fault,outer_race,medium,0.6611,结合振动、峭度和温升特征，外圈故障与设计阶段异常高度一致，优先追溯到 BDES-00032。,异常由微小缺陷逐步发展为周期性冲击，检测指标随严重度上升而同步恶化。,0.6449,BDES-00032,BearingDesignSpec,design
BFB-04414,BRG-04414,OR021,outer_race_fault,outer_race,severe,0.792,该样本的生命周期风险在装配阶段较突出，能够解释当前严重外圈故障的主要失效模式。,早期表现为局部接触应力升高，随后振动冲击增强，最终演化为严重外圈故障。,0.6288,BASM-04414,AssemblyRecord,assembly
BFB-04415,BRG-04415,B014,rolling_element_fault,rolling_element,medium,0.709,该样本的生命周期风险在制造阶段较突出，能够解释当前中等滚动体故障的主要失效模式。,早期表现为局部接触应力升高，随后振动冲击增强，最终演化为中等滚动体故障。,0.6985,BMAN-00080,ManufacturingBatch,manufacturing
BFB-04416,BRG-04416,IR014,inner_race_fault,inner_race,medium,0.7438,结合振动、峭度和温升特征，内圈故障与设计阶段异常高度一致，优先追溯到 BDES-00313。,早期表现为局部接触应力升高，随后振动冲击增强，最终演化为中等内圈故障。,0.658,BDES-00313,BearingDesignSpec,design
BFB-04417,BRG-04417,B021,rolling_element_fault,rolling_element,severe,0.7859,结合振动、峭度和温升特征，滚动体故障与制造阶段异常高度一致，优先追溯到 BMAN-00554。,风险首先在制造阶段形成隐患，运行中持续放大，并通过温度与振动指标表现出来。,0.6982,BMAN-00554,ManufacturingBatch,manufacturing
BFB-04418,BRG-04418,B021,rolling_element_fault,rolling_element,severe,0.7065,该样本的生命周期风险在装配阶段较突出，能够解释当前严重滚动体故障的主要失效模式。,风险首先在装配阶段形成隐患，运行中持续放大，并通过温度与振动指标表现出来。,0.8101,BASM-04418,AssemblyRecord,assembly
BFB-04419,BRG-04419,OR021,outer_race_fault,outer_race,severe,0.7182,该样本的生命周期风险在设计阶段较突出，能够解释当前严重外圈故障的主要失效模式。,早期表现为局部接触应力升高，随后振动冲击增强，最终演化为严重外圈故障。,0.7682,BDES-00793,BearingDesignSpec,design
BFB-04420,BRG-04420,IR014,inner_race_fault,inner_race,medium,0.7155,该样本的生命周期风险在装配阶段较突出，能够解释当前中等内圈故障的主要失效模式。,风险首先在装配阶段形成隐患，运行中持续放大，并通过温度与振动指标表现出来。,0.6478,BASM-04420,AssemblyRecord,assembly
BFB-04421,BRG-04421,Normal,normal,none,normal,0.9137,该轴承样本生命周期风险较低，未形成明确故障追溯链。,运行状态平稳，检测指标未呈现持续恶化趋势。,0.8132,NORMAL_BASELINE,QualityFeedback,feedback
BFB-04422,BRG-04422,OR021,outer_race_fault,outer_race,severe,0.695,结合振动、峭度和温升特征，外圈故障与材料阶段异常高度一致，优先追溯到 BMAT-00109。,早期表现为局部接触应力升高，随后振动冲击增强，最终演化为严重外圈故障。,0.6011,BMAT-00109,MaterialBatch,material
BFB-04423,BRG-04423,B007,rolling_element_fault,rolling_element,slight,0.6816,诊断结果显示轴承出现轻微滚动体故障，根因更可能来自装配阶段实体 BASM-04423 的风险累积。,异常由微小缺陷逐步发展为周期性冲击，检测指标随严重度上升而同步恶化。,0.7328,BASM-04423,AssemblyRecord,assembly
BFB-04424,BRG-04424,B014,rolling_element_fault,rolling_element,medium,0.7518,该样本的生命周期风险在材料阶段较突出，能够解释当前中等滚动体故障的主要失效模式。,风险首先在材料阶段形成隐患，运行中持续放大，并通过温度与振动指标表现出来。,0.6492,BMAT-00110,MaterialBatch,material
BFB-04425,BRG-04425,IR014,inner_race_fault,inner_race,medium,0.6831,诊断结果显示轴承出现中等内圈故障，根因更可能来自装配阶段实体 BASM-04425 的风险累积。,早期表现为局部接触应力升高，随后振动冲击增强，最终演化为中等内圈故障。,0.6968,BASM-04425,AssemblyRecord,assembly
BFB-04426,BRG-04426,B021,rolling_element_fault,rolling_element,severe,0.7615,该样本的生命周期风险在制造阶段较突出，能够解释当前严重滚动体故障的主要失效模式。,异常由微小缺陷逐步发展为周期性冲击，检测指标随严重度上升而同步恶化。,0.6515,BMAN-01185,ManufacturingBatch,manufacturing
BFB-04427,BRG-04427,IR007,inner_race_fault,inner_race,slight,0.6828,诊断结果显示轴承出现轻微内圈故障，根因更可能来自材料阶段实体 BMAT-00125 的风险累积。,风险首先在材料阶段形成隐患，运行中持续放大，并通过温度与振动指标表现出来。,0.5599,BMAT-00125,MaterialBatch,material
BFB-04428,BRG-04428,OR021,outer_race_fault,outer_race,severe,0.7228,该样本的生命周期风险在装配阶段较突出，能够解释当前严重外圈故障的主要失效模式。,风险首先在装配阶段形成隐患，运行中持续放大，并通过温度与振动指标表现出来。,0.696,BASM-04428,AssemblyRecord,assembly
BFB-04429,BRG-04429,OR007,outer_race_fault,outer_race,slight,0.6234,结合振动、峭度和温升特征，外圈故障与制造阶段异常高度一致，优先追溯到 BMAN-01115。,早期表现为局部接触应力升高，随后振动冲击增强，最终演化为轻微外圈故障。,0.5457,BMAN-01115,ManufacturingBatch,manufacturing
BFB-04430,BRG-04430,OR007,outer_race_fault,outer_race,slight,0.6679,结合振动、峭度和温升特征，外圈故障与制造阶段异常高度一致，优先追溯到 BMAN-00785。,早期表现为局部接触应力升高，随后振动冲击增强，最终演化为轻微外圈故障。,0.6875,BMAN-00785,ManufacturingBatch,manufacturing
BFB-04431,BRG-04431,B021,rolling_element_fault,rolling_element,severe,0.7169,结合振动、峭度和温升特征，滚动体故障与制造阶段异常高度一致，优先追溯到 BMAN-00430。,异常由微小缺陷逐步发展为周期性冲击，检测指标随严重度上升而同步恶化。,0.7684,BMAN-00430,ManufacturingBatch,manufacturing
BFB-04432,BRG-04432,B014,rolling_element_fault,rolling_element,medium,0.6991,结合振动、峭度和温升特征，滚动体故障与制造阶段异常高度一致，优先追溯到 BMAN-00995。,异常由微小缺陷逐步发展为周期性冲击，检测指标随严重度上升而同步恶化。,0.667,BMAN-00995,ManufacturingBatch,manufacturing
BFB-04433,BRG-04433,B014,rolling_element_fault,rolling_element,medium,0.7002,该样本的生命周期风险在材料阶段较突出，能够解释当前中等滚动体故障的主要失效模式。,早期表现为局部接触应力升高，随后振动冲击增强，最终演化为中等滚动体故障。,0.6411,BMAT-00368,MaterialBatch,material
BFB-04434,BRG-04434,IR014,inner_race_fault,inner_race,medium,0.689,该样本的生命周期风险在制造阶段较突出，能够解释当前中等内圈故障的主要失效模式。,风险首先在制造阶段形成隐患，运行中持续放大，并通过温度与振动指标表现出来。,0.6282,BMAN-01172,ManufacturingBatch,manufacturing
BFB-04435,BRG-04435,B021,rolling_element_fault,rolling_element,severe,0.7762,该样本的生命周期风险在检测阶段较突出，能够解释当前严重滚动体故障的主要失效模式。,早期表现为局部接触应力升高，随后振动冲击增强，最终演化为严重滚动体故障。,0.6659,BINSP-04435,InspectionRecord,inspection
BFB-04436,BRG-04436,Normal,normal,none,normal,0.8949,该轴承样本生命周期风险较低，未形成明确故障追溯链。,运行状态平稳，检测指标未呈现持续恶化趋势。,0.8696,NORMAL_BASELINE,QualityFeedback,feedback
BFB-04437,BRG-04437,IR007,inner_race_fault,inner_race,slight,0.6804,结合振动、峭度和温升特征，内圈故障与材料阶段异常高度一致，优先追溯到 BMAT-00360。,早期表现为局部接触应力升高，随后振动冲击增强，最终演化为轻微内圈故障。,0.7432,BMAT-00360,MaterialBatch,material
BFB-04438,BRG-04438,OR014,outer_race_fault,outer_race,medium,0.6393,该样本的生命周期风险在制造阶段较突出，能够解释当前中等外圈故障的主要失效模式。,风险首先在制造阶段形成隐患，运行中持续放大，并通过温度与振动指标表现出来。,0.7643,BMAN-00548,ManufacturingBatch,manufacturing
BFB-04439,BRG-04439,B014,rolling_element_fault,rolling_element,medium,0.6782,结合振动、峭度和温升特征，滚动体故障与材料阶段异常高度一致，优先追溯到 BMAT-00173。,异常由微小缺陷逐步发展为周期性冲击，检测指标随严重度上升而同步恶化。,0.6257,BMAT-00173,MaterialBatch,material
BFB-04440,BRG-04440,OR007,outer_race_fault,outer_race,slight,0.773,结合振动、峭度和温升特征，外圈故障与装配阶段异常高度一致，优先追溯到 BASM-04440。,异常由微小缺陷逐步发展为周期性冲击，检测指标随严重度上升而同步恶化。,0.6782,BASM-04440,AssemblyRecord,assembly
BFB-04441,BRG-04441,OR014,outer_race_fault,outer_race,medium,0.7184,诊断结果显示轴承出现中等外圈故障，根因更可能来自制造阶段实体 BMAN-01188 的风险累积。,异常由微小缺陷逐步发展为周期性冲击，检测指标随严重度上升而同步恶化。,0.6477,BMAN-01188,ManufacturingBatch,manufacturing
BFB-04442,BRG-04442,IR014,inner_race_fault,inner_race,medium,0.6824,诊断结果显示轴承出现中等内圈故障，根因更可能来自制造阶段实体 BMAN-00285 的风险累积。,异常由微小缺陷逐步发展为周期性冲击，检测指标随严重度上升而同步恶化。,0.7411,BMAN-00285,ManufacturingBatch,manufacturing
BFB-04443,BRG-04443,B007,rolling_element_fault,rolling_element,slight,0.6978,该样本的生命周期风险在设计阶段较突出，能够解释当前轻微滚动体故障的主要失效模式。,风险首先在设计阶段形成隐患，运行中持续放大，并通过温度与振动指标表现出来。,0.6524,BDES-00428,BearingDesignSpec,design
BFB-04444,BRG-04444,Normal,normal,none,normal,0.9391,该轴承样本生命周期风险较低，未形成明确故障追溯链。,运行状态平稳，检测指标未呈现持续恶化趋势。,0.8664,NORMAL_BASELINE,QualityFeedback,feedback
BFB-04445,BRG-04445,IR014,inner_race_fault,inner_race,medium,0.6927,诊断结果显示轴承出现中等内圈故障，根因更可能来自材料阶段实体 BMAT-00118 的风险累积。,异常由微小缺陷逐步发展为周期性冲击，检测指标随严重度上升而同步恶化。,0.6721,BMAT-00118,MaterialBatch,material
BFB-04446,BRG-04446,IR007,inner_race_fault,inner_race,slight,0.6776,结合振动、峭度和温升特征，内圈故障与设计阶段异常高度一致，优先追溯到 BDES-00196。,异常由微小缺陷逐步发展为周期性冲击，检测指标随严重度上升而同步恶化。,0.6073,BDES-00196,BearingDesignSpec,design
BFB-04447,BRG-04447,B021,rolling_element_fault,rolling_element,severe,0.7083,该样本的生命周期风险在材料阶段较突出，能够解释当前严重滚动体故障的主要失效模式。,风险首先在材料阶段形成隐患，运行中持续放大，并通过温度与振动指标表现出来。,0.6871,BMAT-00241,MaterialBatch,material
BFB-04448,BRG-04448,B007,rolling_element_fault,rolling_element,slight,0.6884,诊断结果显示轴承出现轻微滚动体故障，根因更可能来自设计阶段实体 BDES-00221 的风险累积。,风险首先在设计阶段形成隐患，运行中持续放大，并通过温度与振动指标表现出来。,0.6822,BDES-00221,BearingDesignSpec,design
BFB-04449,BRG-04449,OR021,outer_race_fault,outer_race,severe,0.7414,诊断结果显示轴承出现严重外圈故障，根因更可能来自检测阶段实体 BINSP-04449 的风险累积。,风险首先在检测阶段形成隐患，运行中持续放大，并通过温度与振动指标表现出来。,0.7781,BINSP-04449,InspectionRecord,inspection
BFB-04450,BRG-04450,OR007,outer_race_fault,outer_race,slight,0.7577,诊断结果显示轴承出现轻微外圈故障，根因更可能来自制造阶段实体 BMAN-01171 的风险累积。,早期表现为局部接触应力升高，随后振动冲击增强，最终演化为轻微外圈故障。,0.6646,BMAN-01171,ManufacturingBatch,manufacturing
BFB-04451,BRG-04451,B007,rolling_element_fault,rolling_element,slight,0.6694,诊断结果显示轴承出现轻微滚动体故障，根因更可能来自制造阶段实体 BMAN-01020 的风险累积。,早期表现为局部接触应力升高，随后振动冲击增强，最终演化为轻微滚动体故障。,0.662,BMAN-01020,ManufacturingBatch,manufacturing
BFB-04452,BRG-04452,OR021,outer_race_fault,outer_race,severe,0.7849,结合振动、峭度和温升特征，外圈故障与制造阶段异常高度一致，优先追溯到 BMAN-00960。,早期表现为局部接触应力升高，随后振动冲击增强，最终演化为严重外圈故障。,0.7477,BMAN-00960,ManufacturingBatch,manufacturing
BFB-04453,BRG-04453,IR014,inner_race_fault,inner_race,medium,0.7319,诊断结果显示轴承出现中等内圈故障，根因更可能来自制造阶段实体 BMAN-00534 的风险累积。,异常由微小缺陷逐步发展为周期性冲击，检测指标随严重度上升而同步恶化。,0.6078,BMAN-00534,ManufacturingBatch,manufacturing
BFB-04454,BRG-04454,Normal,normal,none,normal,0.862,该轴承样本生命周期风险较低，未形成明确故障追溯链。,运行状态平稳，检测指标未呈现持续恶化趋势。,0.8099,NORMAL_BASELINE,QualityFeedback,feedback
BFB-04455,BRG-04455,IR014,inner_race_fault,inner_race,medium,0.7125,该样本的生命周期风险在运维阶段较突出，能够解释当前中等内圈故障的主要失效模式。,异常由微小缺陷逐步发展为周期性冲击，检测指标随严重度上升而同步恶化。,0.6496,BOPR-04455,MaintenanceRecord,operation
BFB-04456,BRG-04456,OR021,outer_race_fault,outer_race,severe,0.735,该样本的生命周期风险在制造阶段较突出，能够解释当前严重外圈故障的主要失效模式。,异常由微小缺陷逐步发展为周期性冲击，检测指标随严重度上升而同步恶化。,0.7268,BMAN-01018,ManufacturingBatch,manufacturing
BFB-04457,BRG-04457,IR014,inner_race_fault,inner_race,medium,0.7139,诊断结果显示轴承出现中等内圈故障，根因更可能来自设计阶段实体 BDES-00162 的风险累积。,早期表现为局部接触应力升高，随后振动冲击增强，最终演化为中等内圈故障。,0.715,BDES-00162,BearingDesignSpec,design
BFB-04458,BRG-04458,IR007,inner_race_fault,inner_race,slight,0.727,该样本的生命周期风险在装配阶段较突出，能够解释当前轻微内圈故障的主要失效模式。,早期表现为局部接触应力升高，随后振动冲击增强，最终演化为轻微内圈故障。,0.578,BASM-04458,AssemblyRecord,assembly
BFB-04459,BRG-04459,OR014,outer_race_fault,outer_race,medium,0.7775,诊断结果显示轴承出现中等外圈故障，根因更可能来自运维阶段实体 BOPR-04459 的风险累积。,早期表现为局部接触应力升高，随后振动冲击增强，最终演化为中等外圈故障。,0.6826,BOPR-04459,MaintenanceRecord,operation
BFB-04460,BRG-04460,IR021,inner_race_fault,inner_race,severe,0.6641,诊断结果显示轴承出现严重内圈故障，根因更可能来自制造阶段实体 BMAN-00360 的风险累积。,异常由微小缺陷逐步发展为周期性冲击，检测指标随严重度上升而同步恶化。,0.6722,BMAN-00360,ManufacturingBatch,manufacturing
BFB-04461,BRG-04461,B014,rolling_element_fault,rolling_element,medium,0.6966,诊断结果显示轴承出现中等滚动体故障，根因更可能来自材料阶段实体 BMAT-00245 的风险累积。,风险首先在材料阶段形成隐患，运行中持续放大，并通过温度与振动指标表现出来。,0.6836,BMAT-00245,MaterialBatch,material
BFB-04462,BRG-04462,B021,rolling_element_fault,rolling_element,severe,0.763,该样本的生命周期风险在装配阶段较突出，能够解释当前严重滚动体故障的主要失效模式。,异常由微小缺陷逐步发展为周期性冲击，检测指标随严重度上升而同步恶化。,0.7379,BASM-04462,AssemblyRecord,assembly
BFB-04463,BRG-04463,B014,rolling_element_fault,rolling_element,medium,0.7012,结合振动、峭度和温升特征，滚动体故障与制造阶段异常高度一致，优先追溯到 BMAN-00058。,风险首先在制造阶段形成隐患，运行中持续放大，并通过温度与振动指标表现出来。,0.642,BMAN-00058,ManufacturingBatch,manufacturing
BFB-04464,BRG-04464,OR014,outer_race_fault,outer_race,medium,0.6434,结合振动、峭度和温升特征，外圈故障与运维阶段异常高度一致，优先追溯到 BOPR-04464。,早期表现为局部接触应力升高，随后振动冲击增强，最终演化为中等外圈故障。,0.7146,BOPR-04464,MaintenanceRecord,operation
BFB-04465,BRG-04465,OR007,outer_race_fault,outer_race,slight,0.6664,结合振动、峭度和温升特征，外圈故障与制造阶段异常高度一致，优先追溯到 BMAN-00036。,早期表现为局部接触应力升高，随后振动冲击增强，最终演化为轻微外圈故障。,0.5952,BMAN-00036,ManufacturingBatch,manufacturing
BFB-04466,BRG-04466,OR014,outer_race_fault,outer_race,medium,0.6953,该样本的生命周期风险在装配阶段较突出，能够解释当前中等外圈故障的主要失效模式。,异常由微小缺陷逐步发展为周期性冲击，检测指标随严重度上升而同步恶化。,0.736,BASM-04466,AssemblyRecord,assembly
BFB-04467,BRG-04467,Normal,normal,none,normal,0.9289,该轴承样本生命周期风险较低，未形成明确故障追溯链。,运行状态平稳，检测指标未呈现持续恶化趋势。,0.812,NORMAL_BASELINE,QualityFeedback,feedback
BFB-04468,BRG-04468,IR021,inner_race_fault,inner_race,severe,0.7135,该样本的生命周期风险在设计阶段较突出，能够解释当前严重内圈故障的主要失效模式。,风险首先在设计阶段形成隐患，运行中持续放大，并通过温度与振动指标表现出来。,0.7031,BDES-00783,BearingDesignSpec,design
BFB-04469,BRG-04469,IR007,inner_race_fault,inner_race,slight,0.7068,诊断结果显示轴承出现轻微内圈故障，根因更可能来自制造阶段实体 BMAN-00995 的风险累积。,早期表现为局部接触应力升高，随后振动冲击增强，最终演化为轻微内圈故障。,0.6296,BMAN-00995,ManufacturingBatch,manufacturing
BFB-04470,BRG-04470,IR021,inner_race_fault,inner_race,severe,0.7924,结合振动、峭度和温升特征，内圈故障与材料阶段异常高度一致，优先追溯到 BMAT-00147。,异常由微小缺陷逐步发展为周期性冲击，检测指标随严重度上升而同步恶化。,0.7251,BMAT-00147,MaterialBatch,material
BFB-04471,BRG-04471,B021,rolling_element_fault,rolling_element,severe,0.7568,结合振动、峭度和温升特征，滚动体故障与制造阶段异常高度一致，优先追溯到 BMAN-01094。,异常由微小缺陷逐步发展为周期性冲击，检测指标随严重度上升而同步恶化。,0.7605,BMAN-01094,ManufacturingBatch,manufacturing
BFB-04472,BRG-04472,OR014,outer_race_fault,outer_race,medium,0.7717,该样本的生命周期风险在设计阶段较突出，能够解释当前中等外圈故障的主要失效模式。,风险首先在设计阶段形成隐患，运行中持续放大，并通过温度与振动指标表现出来。,0.6685,BDES-00565,BearingDesignSpec,design
BFB-04473,BRG-04473,IR021,inner_race_fault,inner_race,severe,0.7495,该样本的生命周期风险在装配阶段较突出，能够解释当前严重内圈故障的主要失效模式。,风险首先在装配阶段形成隐患，运行中持续放大，并通过温度与振动指标表现出来。,0.7133,BASM-04473,AssemblyRecord,assembly
BFB-04474,BRG-04474,IR007,inner_race_fault,inner_race,slight,0.6447,结合振动、峭度和温升特征，内圈故障与装配阶段异常高度一致，优先追溯到 BASM-04474。,早期表现为局部接触应力升高，随后振动冲击增强，最终演化为轻微内圈故障。,0.6708,BASM-04474,AssemblyRecord,assembly
BFB-04475,BRG-04475,IR021,inner_race_fault,inner_race,severe,0.6763,诊断结果显示轴承出现严重内圈故障，根因更可能来自装配阶段实体 BASM-04475 的风险累积。,早期表现为局部接触应力升高，随后振动冲击增强，最终演化为严重内圈故障。,0.6792,BASM-04475,AssemblyRecord,assembly
BFB-04476,BRG-04476,IR014,inner_race_fault,inner_race,medium,0.652,诊断结果显示轴承出现中等内圈故障，根因更可能来自材料阶段实体 BMAT-00109 的风险累积。,早期表现为局部接触应力升高，随后振动冲击增强，最终演化为中等内圈故障。,0.6137,BMAT-00109,MaterialBatch,material
BFB-04477,BRG-04477,B007,rolling_element_fault,rolling_element,slight,0.6535,该样本的生命周期风险在材料阶段较突出，能够解释当前轻微滚动体故障的主要失效模式。,异常由微小缺陷逐步发展为周期性冲击，检测指标随严重度上升而同步恶化。,0.6297,BMAT-00114,MaterialBatch,material
BFB-04478,BRG-04478,IR014,inner_race_fault,inner_race,medium,0.6525,诊断结果显示轴承出现中等内圈故障，根因更可能来自运维阶段实体 BOPR-04478 的风险累积。,早期表现为局部接触应力升高，随后振动冲击增强，最终演化为中等内圈故障。,0.6898,BOPR-04478,MaintenanceRecord,operation
BFB-04479,BRG-04479,IR007,inner_race_fault,inner_race,slight,0.6536,该样本的生命周期风险在材料阶段较突出，能够解释当前轻微内圈故障的主要失效模式。,异常由微小缺陷逐步发展为周期性冲击，检测指标随严重度上升而同步恶化。,0.6533,BMAT-00249,MaterialBatch,material
BFB-04480,BRG-04480,IR014,inner_race_fault,inner_race,medium,0.7007,结合振动、峭度和温升特征，内圈故障与制造阶段异常高度一致，优先追溯到 BMAN-00026。,早期表现为局部接触应力升高，随后振动冲击增强，最终演化为中等内圈故障。,0.6592,BMAN-00026,ManufacturingBatch,manufacturing
BFB-04481,BRG-04481,OR014,outer_race_fault,outer_race,medium,0.6814,诊断结果显示轴承出现中等外圈故障，根因更可能来自运维阶段实体 BOPR-04481 的风险累积。,风险首先在运维阶段形成隐患，运行中持续放大，并通过温度与振动指标表现出来。,0.5888,BOPR-04481,MaintenanceRecord,operation
BFB-04482,BRG-04482,OR021,outer_race_fault,outer_race,severe,0.6999,该样本的生命周期风险在材料阶段较突出，能够解释当前严重外圈故障的主要失效模式。,风险首先在材料阶段形成隐患，运行中持续放大，并通过温度与振动指标表现出来。,0.7413,BMAT-00465,MaterialBatch,material
BFB-04483,BRG-04483,IR014,inner_race_fault,inner_race,medium,0.7599,诊断结果显示轴承出现中等内圈故障，根因更可能来自运维阶段实体 BOPR-04483 的风险累积。,异常由微小缺陷逐步发展为周期性冲击，检测指标随严重度上升而同步恶化。,0.628,BOPR-04483,MaintenanceRecord,operation
BFB-04484,BRG-04484,OR014,outer_race_fault,outer_race,medium,0.7097,结合振动、峭度和温升特征，外圈故障与设计阶段异常高度一致，优先追溯到 BDES-00601。,风险首先在设计阶段形成隐患，运行中持续放大，并通过温度与振动指标表现出来。,0.7524,BDES-00601,BearingDesignSpec,design
BFB-04485,BRG-04485,OR014,outer_race_fault,outer_race,medium,0.6819,结合振动、峭度和温升特征，外圈故障与制造阶段异常高度一致，优先追溯到 BMAN-01110。,异常由微小缺陷逐步发展为周期性冲击，检测指标随严重度上升而同步恶化。,0.6805,BMAN-01110,ManufacturingBatch,manufacturing
BFB-04486,BRG-04486,B007,rolling_element_fault,rolling_element,slight,0.6183,该样本的生命周期风险在装配阶段较突出，能够解释当前轻微滚动体故障的主要失效模式。,早期表现为局部接触应力升高，随后振动冲击增强，最终演化为轻微滚动体故障。,0.7525,BASM-04486,AssemblyRecord,assembly
BFB-04487,BRG-04487,OR014,outer_race_fault,outer_race,medium,0.698,诊断结果显示轴承出现中等外圈故障，根因更可能来自装配阶段实体 BASM-04487 的风险累积。,风险首先在装配阶段形成隐患，运行中持续放大，并通过温度与振动指标表现出来。,0.6378,BASM-04487,AssemblyRecord,assembly
BFB-04488,BRG-04488,B014,rolling_element_fault,rolling_element,medium,0.6939,诊断结果显示轴承出现中等滚动体故障，根因更可能来自材料阶段实体 BMAT-00443 的风险累积。,早期表现为局部接触应力升高，随后振动冲击增强，最终演化为中等滚动体故障。,0.6471,BMAT-00443,MaterialBatch,material
BFB-04489,BRG-04489,OR014,outer_race_fault,outer_race,medium,0.6682,结合振动、峭度和温升特征，外圈故障与设计阶段异常高度一致，优先追溯到 BDES-00601。,早期表现为局部接触应力升高，随后振动冲击增强，最终演化为中等外圈故障。,0.7295,BDES-00601,BearingDesignSpec,design
BFB-04490,BRG-04490,IR014,inner_race_fault,inner_race,medium,0.7373,该样本的生命周期风险在制造阶段较突出，能够解释当前中等内圈故障的主要失效模式。,异常由微小缺陷逐步发展为周期性冲击，检测指标随严重度上升而同步恶化。,0.6928,BMAN-00394,ManufacturingBatch,manufacturing
BFB-04491,BRG-04491,B014,rolling_element_fault,rolling_element,medium,0.6852,结合振动、峭度和温升特征，滚动体故障与装配阶段异常高度一致，优先追溯到 BASM-04491。,早期表现为局部接触应力升高，随后振动冲击增强，最终演化为中等滚动体故障。,0.6758,BASM-04491,AssemblyRecord,assembly
BFB-04492,BRG-04492,Normal,normal,none,normal,0.8795,该轴承样本生命周期风险较低，未形成明确故障追溯链。,运行状态平稳，检测指标未呈现持续恶化趋势。,0.818,NORMAL_BASELINE,QualityFeedback,feedback
BFB-04493,BRG-04493,Normal,normal,none,normal,0.9406,该轴承样本生命周期风险较低，未形成明确故障追溯链。,运行状态平稳，检测指标未呈现持续恶化趋势。,0.7892,NORMAL_BASELINE,QualityFeedback,feedback
BFB-04494,BRG-04494,B021,rolling_element_fault,rolling_element,severe,0.6793,诊断结果显示轴承出现严重滚动体故障，根因更可能来自制造阶段实体 BMAN-01145 的风险累积。,早期表现为局部接触应力升高，随后振动冲击增强，最终演化为严重滚动体故障。,0.6279,BMAN-01145,ManufacturingBatch,manufacturing
BFB-04495,BRG-04495,B014,rolling_element_fault,rolling_element,medium,0.666,诊断结果显示轴承出现中等滚动体故障，根因更可能来自材料阶段实体 BMAT-00145 的风险累积。,风险首先在材料阶段形成隐患，运行中持续放大，并通过温度与振动指标表现出来。,0.6043,BMAT-00145,MaterialBatch,material
BFB-04496,BRG-04496,B007,rolling_element_fault,rolling_element,slight,0.6108,结合振动、峭度和温升特征，滚动体故障与装配阶段异常高度一致，优先追溯到 BASM-04496。,早期表现为局部接触应力升高，随后振动冲击增强，最终演化为轻微滚动体故障。,0.6461,BASM-04496,AssemblyRecord,assembly
BFB-04497,BRG-04497,OR021,outer_race_fault,outer_race,severe,0.7391,结合振动、峭度和温升特征，外圈故障与设计阶段异常高度一致，优先追溯到 BDES-00326。,风险首先在设计阶段形成隐患，运行中持续放大，并通过温度与振动指标表现出来。,0.696,BDES-00326,BearingDesignSpec,design
BFB-04498,BRG-04498,B014,rolling_element_fault,rolling_element,medium,0.703,诊断结果显示轴承出现中等滚动体故障，根因更可能来自材料阶段实体 BMAT-00168 的风险累积。,早期表现为局部接触应力升高，随后振动冲击增强，最终演化为中等滚动体故障。,0.75,BMAT-00168,MaterialBatch,material
BFB-04499,BRG-04499,B007,rolling_element_fault,rolling_element,slight,0.7033,诊断结果显示轴承出现轻微滚动体故障，根因更可能来自装配阶段实体 BASM-04499 的风险累积。,异常由微小缺陷逐步发展为周期性冲击，检测指标随严重度上升而同步恶化。,0.6104,BASM-04499,AssemblyRecord,assembly
BFB-04500,BRG-04500,B014,rolling_element_fault,rolling_element,medium,0.7469,诊断结果显示轴承出现中等滚动体故障，根因更可能来自材料阶段实体 BMAT-00432 的风险累积。,早期表现为局部接触应力升高，随后振动冲击增强，最终演化为中等滚动体故障。,0.6742,BMAT-00432,MaterialBatch,material
BFB-04501,BRG-04501,B021,rolling_element_fault,rolling_element,severe,0.7279,诊断结果显示轴承出现严重滚动体故障，根因更可能来自材料阶段实体 BMAT-00242 的风险累积。,异常由微小缺陷逐步发展为周期性冲击，检测指标随严重度上升而同步恶化。,0.6081,BMAT-00242,MaterialBatch,material
BFB-04502,BRG-04502,IR021,inner_race_fault,inner_race,severe,0.695,该样本的生命周期风险在制造阶段较突出，能够解释当前严重内圈故障的主要失效模式。,异常由微小缺陷逐步发展为周期性冲击，检测指标随严重度上升而同步恶化。,0.7226,BMAN-00580,ManufacturingBatch,manufacturing
BFB-04503,BRG-04503,OR007,outer_race_fault,outer_race,slight,0.7453,结合振动、峭度和温升特征，外圈故障与设计阶段异常高度一致，优先追溯到 BDES-00073。,早期表现为局部接触应力升高，随后振动冲击增强，最终演化为轻微外圈故障。,0.6108,BDES-00073,BearingDesignSpec,design
BFB-04504,BRG-04504,OR014,outer_race_fault,outer_race,medium,0.7002,结合振动、峭度和温升特征，外圈故障与装配阶段异常高度一致，优先追溯到 BASM-04504。,异常由微小缺陷逐步发展为周期性冲击，检测指标随严重度上升而同步恶化。,0.5965,BASM-04504,AssemblyRecord,assembly
BFB-04505,BRG-04505,B021,rolling_element_fault,rolling_element,severe,0.7234,该样本的生命周期风险在材料阶段较突出，能够解释当前严重滚动体故障的主要失效模式。,风险首先在材料阶段形成隐患，运行中持续放大，并通过温度与振动指标表现出来。,0.7061,BMAT-00217,MaterialBatch,material
BFB-04506,BRG-04506,Normal,normal,none,normal,0.9505,该轴承样本生命周期风险较低，未形成明确故障追溯链。,运行状态平稳，检测指标未呈现持续恶化趋势。,0.8179,NORMAL_BASELINE,QualityFeedback,feedback
BFB-04507,BRG-04507,IR014,inner_race_fault,inner_race,medium,0.6805,该样本的生命周期风险在制造阶段较突出，能够解释当前中等内圈故障的主要失效模式。,早期表现为局部接触应力升高，随后振动冲击增强，最终演化为中等内圈故障。,0.6761,BMAN-00949,ManufacturingBatch,manufacturing
BFB-04508,BRG-04508,IR014,inner_race_fault,inner_race,medium,0.751,该样本的生命周期风险在运维阶段较突出，能够解释当前中等内圈故障的主要失效模式。,早期表现为局部接触应力升高，随后振动冲击增强，最终演化为中等内圈故障。,0.5591,BOPR-04508,MaintenanceRecord,operation
BFB-04509,BRG-04509,IR007,inner_race_fault,inner_race,slight,0.6603,该样本的生命周期风险在材料阶段较突出，能够解释当前轻微内圈故障的主要失效模式。,风险首先在材料阶段形成隐患，运行中持续放大，并通过温度与振动指标表现出来。,0.7329,BMAT-00109,MaterialBatch,material
BFB-04510,BRG-04510,IR021,inner_race_fault,inner_race,severe,0.727,诊断结果显示轴承出现严重内圈故障，根因更可能来自制造阶段实体 BMAN-00853 的风险累积。,异常由微小缺陷逐步发展为周期性冲击，检测指标随严重度上升而同步恶化。,0.7233,BMAN-00853,ManufacturingBatch,manufacturing
BFB-04511,BRG-04511,IR007,inner_race_fault,inner_race,slight,0.7203,该样本的生命周期风险在检测阶段较突出，能够解释当前轻微内圈故障的主要失效模式。,早期表现为局部接触应力升高，随后振动冲击增强，最终演化为轻微内圈故障。,0.6337,BINSP-04511,InspectionRecord,inspection
BFB-04512,BRG-04512,IR014,inner_race_fault,inner_race,medium,0.6584,诊断结果显示轴承出现中等内圈故障，根因更可能来自制造阶段实体 BMAN-00209 的风险累积。,早期表现为局部接触应力升高，随后振动冲击增强，最终演化为中等内圈故障。,0.6978,BMAN-00209,ManufacturingBatch,manufacturing
BFB-04513,BRG-04513,IR007,inner_race_fault,inner_race,slight,0.7474,结合振动、峭度和温升特征，内圈故障与制造阶段异常高度一致，优先追溯到 BMAN-00249。,风险首先在制造阶段形成隐患，运行中持续放大，并通过温度与振动指标表现出来。,0.7672,BMAN-00249,ManufacturingBatch,manufacturing
BFB-04514,BRG-04514,Normal,normal,none,normal,0.8848,该轴承样本生命周期风险较低，未形成明确故障追溯链。,运行状态平稳，检测指标未呈现持续恶化趋势。,0.7879,NORMAL_BASELINE,QualityFeedback,feedback
BFB-04515,BRG-04515,OR021,outer_race_fault,outer_race,severe,0.7022,诊断结果显示轴承出现严重外圈故障，根因更可能来自装配阶段实体 BASM-04515 的风险累积。,早期表现为局部接触应力升高，随后振动冲击增强，最终演化为严重外圈故障。,0.6471,BASM-04515,AssemblyRecord,assembly
BFB-04516,BRG-04516,B007,rolling_element_fault,rolling_element,slight,0.6586,结合振动、峭度和温升特征，滚动体故障与制造阶段异常高度一致，优先追溯到 BMAN-00706。,早期表现为局部接触应力升高，随后振动冲击增强，最终演化为轻微滚动体故障。,0.5964,BMAN-00706,ManufacturingBatch,manufacturing
BFB-04517,BRG-04517,IR021,inner_race_fault,inner_race,severe,0.6968,该样本的生命周期风险在装配阶段较突出，能够解释当前严重内圈故障的主要失效模式。,早期表现为局部接触应力升高，随后振动冲击增强，最终演化为严重内圈故障。,0.6719,BASM-04517,AssemblyRecord,assembly
BFB-04518,BRG-04518,OR014,outer_race_fault,outer_race,medium,0.6932,诊断结果显示轴承出现中等外圈故障，根因更可能来自装配阶段实体 BASM-04518 的风险累积。,异常由微小缺陷逐步发展为周期性冲击，检测指标随严重度上升而同步恶化。,0.6919,BASM-04518,AssemblyRecord,assembly
BFB-04519,BRG-04519,IR014,inner_race_fault,inner_race,medium,0.6741,结合振动、峭度和温升特征，内圈故障与设计阶段异常高度一致，优先追溯到 BDES-00220。,风险首先在设计阶段形成隐患，运行中持续放大，并通过温度与振动指标表现出来。,0.666,BDES-00220,BearingDesignSpec,design
BFB-04520,BRG-04520,B007,rolling_element_fault,rolling_element,slight,0.6111,诊断结果显示轴承出现轻微滚动体故障，根因更可能来自装配阶段实体 BASM-04520 的风险累积。,异常由微小缺陷逐步发展为周期性冲击，检测指标随严重度上升而同步恶化。,0.6152,BASM-04520,AssemblyRecord,assembly
BFB-04521,BRG-04521,OR007,outer_race_fault,outer_race,slight,0.6864,诊断结果显示轴承出现轻微外圈故障，根因更可能来自装配阶段实体 BASM-04521 的风险累积。,异常由微小缺陷逐步发展为周期性冲击，检测指标随严重度上升而同步恶化。,0.6462,BASM-04521,AssemblyRecord,assembly
BFB-04522,BRG-04522,B021,rolling_element_fault,rolling_element,severe,0.7167,该样本的生命周期风险在材料阶段较突出，能够解释当前严重滚动体故障的主要失效模式。,风险首先在材料阶段形成隐患，运行中持续放大，并通过温度与振动指标表现出来。,0.6576,BMAT-00051,MaterialBatch,material
BFB-04523,BRG-04523,B021,rolling_element_fault,rolling_element,severe,0.7725,该样本的生命周期风险在装配阶段较突出，能够解释当前严重滚动体故障的主要失效模式。,风险首先在装配阶段形成隐患，运行中持续放大，并通过温度与振动指标表现出来。,0.6318,BASM-04523,AssemblyRecord,assembly
BFB-04524,BRG-04524,OR014,outer_race_fault,outer_race,medium,0.7116,结合振动、峭度和温升特征，外圈故障与材料阶段异常高度一致，优先追溯到 BMAT-00223。,风险首先在材料阶段形成隐患，运行中持续放大，并通过温度与振动指标表现出来。,0.6515,BMAT-00223,MaterialBatch,material
BFB-04525,BRG-04525,IR021,inner_race_fault,inner_race,severe,0.7725,诊断结果显示轴承出现严重内圈故障，根因更可能来自制造阶段实体 BMAN-01195 的风险累积。,异常由微小缺陷逐步发展为周期性冲击，检测指标随严重度上升而同步恶化。,0.717,BMAN-01195,ManufacturingBatch,manufacturing
BFB-04526,BRG-04526,Normal,normal,none,normal,0.9168,该轴承样本生命周期风险较低，未形成明确故障追溯链。,运行状态平稳，检测指标未呈现持续恶化趋势。,0.8722,NORMAL_BASELINE,QualityFeedback,feedback
BFB-04527,BRG-04527,OR014,outer_race_fault,outer_race,medium,0.7216,该样本的生命周期风险在装配阶段较突出，能够解释当前中等外圈故障的主要失效模式。,早期表现为局部接触应力升高，随后振动冲击增强，最终演化为中等外圈故障。,0.7316,BASM-04527,AssemblyRecord,assembly
BFB-04528,BRG-04528,IR007,inner_race_fault,inner_race,slight,0.7184,诊断结果显示轴承出现轻微内圈故障，根因更可能来自制造阶段实体 BMAN-00068 的风险累积。,异常由微小缺陷逐步发展为周期性冲击，检测指标随严重度上升而同步恶化。,0.668,BMAN-00068,ManufacturingBatch,manufacturing
BFB-04529,BRG-04529,OR014,outer_race_fault,outer_race,medium,0.7734,诊断结果显示轴承出现中等外圈故障，根因更可能来自装配阶段实体 BASM-04529 的风险累积。,异常由微小缺陷逐步发展为周期性冲击，检测指标随严重度上升而同步恶化。,0.647,BASM-04529,AssemblyRecord,assembly
BFB-04530,BRG-04530,Normal,normal,none,normal,0.9191,该轴承样本生命周期风险较低，未形成明确故障追溯链。,运行状态平稳，检测指标未呈现持续恶化趋势。,0.7821,NORMAL_BASELINE,QualityFeedback,feedback
BFB-04531,BRG-04531,IR007,inner_race_fault,inner_race,slight,0.764,该样本的生命周期风险在运维阶段较突出，能够解释当前轻微内圈故障的主要失效模式。,风险首先在运维阶段形成隐患，运行中持续放大，并通过温度与振动指标表现出来。,0.6495,BOPR-04531,MaintenanceRecord,operation
BFB-04532,BRG-04532,OR007,outer_race_fault,outer_race,slight,0.6899,结合振动、峭度和温升特征，外圈故障与材料阶段异常高度一致，优先追溯到 BMAT-00342。,异常由微小缺陷逐步发展为周期性冲击，检测指标随严重度上升而同步恶化。,0.6204,BMAT-00342,MaterialBatch,material
BFB-04533,BRG-04533,IR014,inner_race_fault,inner_race,medium,0.6301,该样本的生命周期风险在材料阶段较突出，能够解释当前中等内圈故障的主要失效模式。,异常由微小缺陷逐步发展为周期性冲击，检测指标随严重度上升而同步恶化。,0.5984,BMAT-00293,MaterialBatch,material
BFB-04534,BRG-04534,B007,rolling_element_fault,rolling_element,slight,0.7315,结合振动、峭度和温升特征，滚动体故障与装配阶段异常高度一致，优先追溯到 BASM-04534。,异常由微小缺陷逐步发展为周期性冲击，检测指标随严重度上升而同步恶化。,0.6535,BASM-04534,AssemblyRecord,assembly
BFB-04535,BRG-04535,IR014,inner_race_fault,inner_race,medium,0.6991,诊断结果显示轴承出现中等内圈故障，根因更可能来自设计阶段实体 BDES-00391 的风险累积。,早期表现为局部接触应力升高，随后振动冲击增强，最终演化为中等内圈故障。,0.6394,BDES-00391,BearingDesignSpec,design
BFB-04536,BRG-04536,B007,rolling_element_fault,rolling_element,slight,0.6911,该样本的生命周期风险在制造阶段较突出，能够解释当前轻微滚动体故障的主要失效模式。,异常由微小缺陷逐步发展为周期性冲击，检测指标随严重度上升而同步恶化。,0.7574,BMAN-00135,ManufacturingBatch,manufacturing
BFB-04537,BRG-04537,B014,rolling_element_fault,rolling_element,medium,0.7075,该样本的生命周期风险在检测阶段较突出，能够解释当前中等滚动体故障的主要失效模式。,风险首先在检测阶段形成隐患，运行中持续放大，并通过温度与振动指标表现出来。,0.6083,BINSP-04537,InspectionRecord,inspection
BFB-04538,BRG-04538,B021,rolling_element_fault,rolling_element,severe,0.7068,诊断结果显示轴承出现严重滚动体故障，根因更可能来自装配阶段实体 BASM-04538 的风险累积。,异常由微小缺陷逐步发展为周期性冲击，检测指标随严重度上升而同步恶化。,0.65,BASM-04538,AssemblyRecord,assembly
BFB-04539,BRG-04539,OR014,outer_race_fault,outer_race,medium,0.6545,诊断结果显示轴承出现中等外圈故障，根因更可能来自检测阶段实体 BINSP-04539 的风险累积。,早期表现为局部接触应力升高，随后振动冲击增强，最终演化为中等外圈故障。,0.6585,BINSP-04539,InspectionRecord,inspection
BFB-04540,BRG-04540,OR021,outer_race_fault,outer_race,severe,0.6909,诊断结果显示轴承出现严重外圈故障，根因更可能来自装配阶段实体 BASM-04540 的风险累积。,异常由微小缺陷逐步发展为周期性冲击，检测指标随严重度上升而同步恶化。,0.7322,BASM-04540,AssemblyRecord,assembly
BFB-04541,BRG-04541,IR007,inner_race_fault,inner_race,slight,0.6436,该样本的生命周期风险在检测阶段较突出，能够解释当前轻微内圈故障的主要失效模式。,异常由微小缺陷逐步发展为周期性冲击，检测指标随严重度上升而同步恶化。,0.5934,BINSP-04541,InspectionRecord,inspection
BFB-04542,BRG-04542,OR007,outer_race_fault,outer_race,slight,0.6839,诊断结果显示轴承出现轻微外圈故障，根因更可能来自制造阶段实体 BMAN-00993 的风险累积。,早期表现为局部接触应力升高，随后振动冲击增强，最终演化为轻微外圈故障。,0.7052,BMAN-00993,ManufacturingBatch,manufacturing
BFB-04543,BRG-04543,OR021,outer_race_fault,outer_race,severe,0.7504,诊断结果显示轴承出现严重外圈故障，根因更可能来自运维阶段实体 BOPR-04543 的风险累积。,风险首先在运维阶段形成隐患，运行中持续放大，并通过温度与振动指标表现出来。,0.6862,BOPR-04543,MaintenanceRecord,operation
BFB-04544,BRG-04544,IR014,inner_race_fault,inner_race,medium,0.7418,该样本的生命周期风险在设计阶段较突出，能够解释当前中等内圈故障的主要失效模式。,风险首先在设计阶段形成隐患，运行中持续放大，并通过温度与振动指标表现出来。,0.6236,BDES-00800,BearingDesignSpec,design
BFB-04545,BRG-04545,B007,rolling_element_fault,rolling_element,slight,0.6854,结合振动、峭度和温升特征，滚动体故障与检测阶段异常高度一致，优先追溯到 BINSP-04545。,早期表现为局部接触应力升高，随后振动冲击增强，最终演化为轻微滚动体故障。,0.7167,BINSP-04545,InspectionRecord,inspection
BFB-04546,BRG-04546,IR014,inner_race_fault,inner_race,medium,0.7613,诊断结果显示轴承出现中等内圈故障，根因更可能来自装配阶段实体 BASM-04546 的风险累积。,早期表现为局部接触应力升高，随后振动冲击增强，最终演化为中等内圈故障。,0.6095,BASM-04546,AssemblyRecord,assembly
BFB-04547,BRG-04547,OR014,outer_race_fault,outer_race,medium,0.7165,该样本的生命周期风险在运维阶段较突出，能够解释当前中等外圈故障的主要失效模式。,早期表现为局部接触应力升高，随后振动冲击增强，最终演化为中等外圈故障。,0.6805,BOPR-04547,MaintenanceRecord,operation
BFB-04548,BRG-04548,IR021,inner_race_fault,inner_race,severe,0.7605,结合振动、峭度和温升特征，内圈故障与装配阶段异常高度一致，优先追溯到 BASM-04548。,风险首先在装配阶段形成隐患，运行中持续放大，并通过温度与振动指标表现出来。,0.6925,BASM-04548,AssemblyRecord,assembly
BFB-04549,BRG-04549,OR014,outer_race_fault,outer_race,medium,0.6896,结合振动、峭度和温升特征，外圈故障与制造阶段异常高度一致，优先追溯到 BMAN-00318。,风险首先在制造阶段形成隐患，运行中持续放大，并通过温度与振动指标表现出来。,0.6545,BMAN-00318,ManufacturingBatch,manufacturing
BFB-04550,BRG-04550,OR014,outer_race_fault,outer_race,medium,0.6976,结合振动、峭度和温升特征，外圈故障与制造阶段异常高度一致，优先追溯到 BMAN-00861。,早期表现为局部接触应力升高，随后振动冲击增强，最终演化为中等外圈故障。,0.7168,BMAN-00861,ManufacturingBatch,manufacturing
BFB-04551,BRG-04551,B007,rolling_element_fault,rolling_element,slight,0.6466,该样本的生命周期风险在制造阶段较突出，能够解释当前轻微滚动体故障的主要失效模式。,早期表现为局部接触应力升高，随后振动冲击增强，最终演化为轻微滚动体故障。,0.643,BMAN-00706,ManufacturingBatch,manufacturing
BFB-04552,BRG-04552,IR014,inner_race_fault,inner_race,medium,0.6653,该样本的生命周期风险在制造阶段较突出，能够解释当前中等内圈故障的主要失效模式。,风险首先在制造阶段形成隐患，运行中持续放大，并通过温度与振动指标表现出来。,0.6181,BMAN-00573,ManufacturingBatch,manufacturing
BFB-04553,BRG-04553,IR021,inner_race_fault,inner_race,severe,0.7275,诊断结果显示轴承出现严重内圈故障，根因更可能来自检测阶段实体 BINSP-04553 的风险累积。,异常由微小缺陷逐步发展为周期性冲击，检测指标随严重度上升而同步恶化。,0.6626,BINSP-04553,InspectionRecord,inspection
BFB-04554,BRG-04554,OR014,outer_race_fault,outer_race,medium,0.7082,结合振动、峭度和温升特征，外圈故障与制造阶段异常高度一致，优先追溯到 BMAN-00380。,早期表现为局部接触应力升高，随后振动冲击增强，最终演化为中等外圈故障。,0.6948,BMAN-00380,ManufacturingBatch,manufacturing
BFB-04555,BRG-04555,IR007,inner_race_fault,inner_race,slight,0.6627,结合振动、峭度和温升特征，内圈故障与制造阶段异常高度一致，优先追溯到 BMAN-01058。,风险首先在制造阶段形成隐患，运行中持续放大，并通过温度与振动指标表现出来。,0.6422,BMAN-01058,ManufacturingBatch,manufacturing
BFB-04556,BRG-04556,IR014,inner_race_fault,inner_race,medium,0.7428,该样本的生命周期风险在设计阶段较突出，能够解释当前中等内圈故障的主要失效模式。,早期表现为局部接触应力升高，随后振动冲击增强，最终演化为中等内圈故障。,0.6977,BDES-00052,BearingDesignSpec,design
BFB-04557,BRG-04557,B014,rolling_element_fault,rolling_element,medium,0.7045,该样本的生命周期风险在装配阶段较突出，能够解释当前中等滚动体故障的主要失效模式。,风险首先在装配阶段形成隐患，运行中持续放大，并通过温度与振动指标表现出来。,0.7001,BASM-04557,AssemblyRecord,assembly
BFB-04558,BRG-04558,IR021,inner_race_fault,inner_race,severe,0.7828,诊断结果显示轴承出现严重内圈故障，根因更可能来自制造阶段实体 BMAN-00072 的风险累积。,早期表现为局部接触应力升高，随后振动冲击增强，最终演化为严重内圈故障。,0.7074,BMAN-00072,ManufacturingBatch,manufacturing
BFB-04559,BRG-04559,OR021,outer_race_fault,outer_race,severe,0.7045,诊断结果显示轴承出现严重外圈故障，根因更可能来自制造阶段实体 BMAN-00891 的风险累积。,风险首先在制造阶段形成隐患，运行中持续放大，并通过温度与振动指标表现出来。,0.5648,BMAN-00891,ManufacturingBatch,manufacturing
BFB-04560,BRG-04560,IR014,inner_race_fault,inner_race,medium,0.698,诊断结果显示轴承出现中等内圈故障，根因更可能来自材料阶段实体 BMAT-00249 的风险累积。,异常由微小缺陷逐步发展为周期性冲击，检测指标随严重度上升而同步恶化。,0.6257,BMAT-00249,MaterialBatch,material
BFB-04561,BRG-04561,IR007,inner_race_fault,inner_race,slight,0.6764,结合振动、峭度和温升特征，内圈故障与检测阶段异常高度一致，优先追溯到 BINSP-04561。,早期表现为局部接触应力升高，随后振动冲击增强，最终演化为轻微内圈故障。,0.7316,BINSP-04561,InspectionRecord,inspection
BFB-04562,BRG-04562,IR007,inner_race_fault,inner_race,slight,0.7102,该样本的生命周期风险在装配阶段较突出，能够解释当前轻微内圈故障的主要失效模式。,风险首先在装配阶段形成隐患，运行中持续放大，并通过温度与振动指标表现出来。,0.5686,BASM-04562,AssemblyRecord,assembly
BFB-04563,BRG-04563,IR007,inner_race_fault,inner_race,slight,0.7137,该样本的生命周期风险在制造阶段较突出，能够解释当前轻微内圈故障的主要失效模式。,早期表现为局部接触应力升高，随后振动冲击增强，最终演化为轻微内圈故障。,0.6251,BMAN-00117,ManufacturingBatch,manufacturing
BFB-04564,BRG-04564,B007,rolling_element_fault,rolling_element,slight,0.7239,该样本的生命周期风险在制造阶段较突出，能够解释当前轻微滚动体故障的主要失效模式。,早期表现为局部接触应力升高，随后振动冲击增强，最终演化为轻微滚动体故障。,0.5784,BMAN-00594,ManufacturingBatch,manufacturing
BFB-04565,BRG-04565,OR021,outer_race_fault,outer_race,severe,0.8004,该样本的生命周期风险在检测阶段较突出，能够解释当前严重外圈故障的主要失效模式。,风险首先在检测阶段形成隐患，运行中持续放大，并通过温度与振动指标表现出来。,0.7513,BINSP-04565,InspectionRecord,inspection
BFB-04566,BRG-04566,OR014,outer_race_fault,outer_race,medium,0.646,诊断结果显示轴承出现中等外圈故障，根因更可能来自制造阶段实体 BMAN-00068 的风险累积。,异常由微小缺陷逐步发展为周期性冲击，检测指标随严重度上升而同步恶化。,0.6713,BMAN-00068,ManufacturingBatch,manufacturing
BFB-04567,BRG-04567,IR007,inner_race_fault,inner_race,slight,0.686,该样本的生命周期风险在装配阶段较突出，能够解释当前轻微内圈故障的主要失效模式。,异常由微小缺陷逐步发展为周期性冲击，检测指标随严重度上升而同步恶化。,0.734,BASM-04567,AssemblyRecord,assembly
BFB-04568,BRG-04568,B014,rolling_element_fault,rolling_element,medium,0.6921,结合振动、峭度和温升特征，滚动体故障与运维阶段异常高度一致，优先追溯到 BOPR-04568。,异常由微小缺陷逐步发展为周期性冲击，检测指标随严重度上升而同步恶化。,0.7451,BOPR-04568,MaintenanceRecord,operation
BFB-04569,BRG-04569,IR014,inner_race_fault,inner_race,medium,0.7068,结合振动、峭度和温升特征，内圈故障与制造阶段异常高度一致，优先追溯到 BMAN-00314。,风险首先在制造阶段形成隐患，运行中持续放大，并通过温度与振动指标表现出来。,0.7121,BMAN-00314,ManufacturingBatch,manufacturing
BFB-04570,BRG-04570,B014,rolling_element_fault,rolling_element,medium,0.7037,诊断结果显示轴承出现中等滚动体故障，根因更可能来自设计阶段实体 BDES-00347 的风险累积。,风险首先在设计阶段形成隐患，运行中持续放大，并通过温度与振动指标表现出来。,0.654,BDES-00347,BearingDesignSpec,design
BFB-04571,BRG-04571,OR021,outer_race_fault,outer_race,severe,0.7597,该样本的生命周期风险在装配阶段较突出，能够解释当前严重外圈故障的主要失效模式。,异常由微小缺陷逐步发展为周期性冲击，检测指标随严重度上升而同步恶化。,0.7534,BASM-04571,AssemblyRecord,assembly
BFB-04572,BRG-04572,B007,rolling_element_fault,rolling_element,slight,0.6414,该样本的生命周期风险在装配阶段较突出，能够解释当前轻微滚动体故障的主要失效模式。,早期表现为局部接触应力升高，随后振动冲击增强，最终演化为轻微滚动体故障。,0.5902,BASM-04572,AssemblyRecord,assembly
BFB-04573,BRG-04573,IR021,inner_race_fault,inner_race,severe,0.6975,该样本的生命周期风险在装配阶段较突出，能够解释当前严重内圈故障的主要失效模式。,风险首先在装配阶段形成隐患，运行中持续放大，并通过温度与振动指标表现出来。,0.77,BASM-04573,AssemblyRecord,assembly
BFB-04574,BRG-04574,OR007,outer_race_fault,outer_race,slight,0.7274,诊断结果显示轴承出现轻微外圈故障，根因更可能来自检测阶段实体 BINSP-04574 的风险累积。,异常由微小缺陷逐步发展为周期性冲击，检测指标随严重度上升而同步恶化。,0.6227,BINSP-04574,InspectionRecord,inspection
BFB-04575,BRG-04575,B014,rolling_element_fault,rolling_element,medium,0.7465,结合振动、峭度和温升特征，滚动体故障与材料阶段异常高度一致，优先追溯到 BMAT-00177。,早期表现为局部接触应力升高，随后振动冲击增强，最终演化为中等滚动体故障。,0.7176,BMAT-00177,MaterialBatch,material
BFB-04576,BRG-04576,IR021,inner_race_fault,inner_race,severe,0.6851,该样本的生命周期风险在材料阶段较突出，能够解释当前严重内圈故障的主要失效模式。,异常由微小缺陷逐步发展为周期性冲击，检测指标随严重度上升而同步恶化。,0.7842,BMAT-00356,MaterialBatch,material
BFB-04577,BRG-04577,B021,rolling_element_fault,rolling_element,severe,0.7089,结合振动、峭度和温升特征，滚动体故障与材料阶段异常高度一致，优先追溯到 BMAT-00301。,早期表现为局部接触应力升高，随后振动冲击增强，最终演化为严重滚动体故障。,0.7299,BMAT-00301,MaterialBatch,material
BFB-04578,BRG-04578,B021,rolling_element_fault,rolling_element,severe,0.6692,诊断结果显示轴承出现严重滚动体故障，根因更可能来自材料阶段实体 BMAT-00265 的风险累积。,异常由微小缺陷逐步发展为周期性冲击，检测指标随严重度上升而同步恶化。,0.6911,BMAT-00265,MaterialBatch,material
BFB-04579,BRG-04579,IR007,inner_race_fault,inner_race,slight,0.6725,该样本的生命周期风险在设计阶段较突出，能够解释当前轻微内圈故障的主要失效模式。,风险首先在设计阶段形成隐患，运行中持续放大，并通过温度与振动指标表现出来。,0.6992,BDES-00561,BearingDesignSpec,design
BFB-04580,BRG-04580,OR021,outer_race_fault,outer_race,severe,0.741,结合振动、峭度和温升特征，外圈故障与设计阶段异常高度一致，优先追溯到 BDES-00797。,风险首先在设计阶段形成隐患，运行中持续放大，并通过温度与振动指标表现出来。,0.7054,BDES-00797,BearingDesignSpec,design
BFB-04581,BRG-04581,IR014,inner_race_fault,inner_race,medium,0.6253,结合振动、峭度和温升特征，内圈故障与运维阶段异常高度一致，优先追溯到 BOPR-04581。,风险首先在运维阶段形成隐患，运行中持续放大，并通过温度与振动指标表现出来。,0.7467,BOPR-04581,MaintenanceRecord,operation
BFB-04582,BRG-04582,IR014,inner_race_fault,inner_race,medium,0.6925,诊断结果显示轴承出现中等内圈故障，根因更可能来自装配阶段实体 BASM-04582 的风险累积。,异常由微小缺陷逐步发展为周期性冲击，检测指标随严重度上升而同步恶化。,0.6598,BASM-04582,AssemblyRecord,assembly
BFB-04583,BRG-04583,Normal,normal,none,normal,0.8997,该轴承样本生命周期风险较低，未形成明确故障追溯链。,运行状态平稳，检测指标未呈现持续恶化趋势。,0.8876,NORMAL_BASELINE,QualityFeedback,feedback
BFB-04584,BRG-04584,IR007,inner_race_fault,inner_race,slight,0.6294,结合振动、峭度和温升特征，内圈故障与设计阶段异常高度一致，优先追溯到 BDES-00124。,风险首先在设计阶段形成隐患，运行中持续放大，并通过温度与振动指标表现出来。,0.6434,BDES-00124,BearingDesignSpec,design
BFB-04585,BRG-04585,B014,rolling_element_fault,rolling_element,medium,0.6668,结合振动、峭度和温升特征，滚动体故障与材料阶段异常高度一致，优先追溯到 BMAT-00264。,早期表现为局部接触应力升高，随后振动冲击增强，最终演化为中等滚动体故障。,0.6545,BMAT-00264,MaterialBatch,material
BFB-04586,BRG-04586,B007,rolling_element_fault,rolling_element,slight,0.6883,结合振动、峭度和温升特征，滚动体故障与设计阶段异常高度一致，优先追溯到 BDES-00535。,异常由微小缺陷逐步发展为周期性冲击，检测指标随严重度上升而同步恶化。,0.6968,BDES-00535,BearingDesignSpec,design
BFB-04587,BRG-04587,B021,rolling_element_fault,rolling_element,severe,0.78,结合振动、峭度和温升特征，滚动体故障与设计阶段异常高度一致，优先追溯到 BDES-00136。,风险首先在设计阶段形成隐患，运行中持续放大，并通过温度与振动指标表现出来。,0.6827,BDES-00136,BearingDesignSpec,design
BFB-04588,BRG-04588,OR021,outer_race_fault,outer_race,severe,0.6671,结合振动、峭度和温升特征，外圈故障与装配阶段异常高度一致，优先追溯到 BASM-04588。,异常由微小缺陷逐步发展为周期性冲击，检测指标随严重度上升而同步恶化。,0.7317,BASM-04588,AssemblyRecord,assembly
BFB-04589,BRG-04589,B014,rolling_element_fault,rolling_element,medium,0.7338,该样本的生命周期风险在制造阶段较突出，能够解释当前中等滚动体故障的主要失效模式。,异常由微小缺陷逐步发展为周期性冲击，检测指标随严重度上升而同步恶化。,0.7737,BMAN-01033,ManufacturingBatch,manufacturing
BFB-04590,BRG-04590,OR007,outer_race_fault,outer_race,slight,0.6825,诊断结果显示轴承出现轻微外圈故障，根因更可能来自设计阶段实体 BDES-00027 的风险累积。,早期表现为局部接触应力升高，随后振动冲击增强，最终演化为轻微外圈故障。,0.6848,BDES-00027,BearingDesignSpec,design
BFB-04591,BRG-04591,OR014,outer_race_fault,outer_race,medium,0.7177,该样本的生命周期风险在制造阶段较突出，能够解释当前中等外圈故障的主要失效模式。,异常由微小缺陷逐步发展为周期性冲击，检测指标随严重度上升而同步恶化。,0.6096,BMAN-00320,ManufacturingBatch,manufacturing
BFB-04592,BRG-04592,OR007,outer_race_fault,outer_race,slight,0.6954,结合振动、峭度和温升特征，外圈故障与装配阶段异常高度一致，优先追溯到 BASM-04592。,早期表现为局部接触应力升高，随后振动冲击增强，最终演化为轻微外圈故障。,0.6761,BASM-04592,AssemblyRecord,assembly
BFB-04593,BRG-04593,IR014,inner_race_fault,inner_race,medium,0.7461,诊断结果显示轴承出现中等内圈故障，根因更可能来自制造阶段实体 BMAN-00950 的风险累积。,早期表现为局部接触应力升高，随后振动冲击增强，最终演化为中等内圈故障。,0.6984,BMAN-00950,ManufacturingBatch,manufacturing
BFB-04594,BRG-04594,B014,rolling_element_fault,rolling_element,medium,0.75,结合振动、峭度和温升特征，滚动体故障与制造阶段异常高度一致，优先追溯到 BMAN-00401。,风险首先在制造阶段形成隐患，运行中持续放大，并通过温度与振动指标表现出来。,0.6697,BMAN-00401,ManufacturingBatch,manufacturing
BFB-04595,BRG-04595,B014,rolling_element_fault,rolling_element,medium,0.7334,诊断结果显示轴承出现中等滚动体故障，根因更可能来自装配阶段实体 BASM-04595 的风险累积。,早期表现为局部接触应力升高，随后振动冲击增强，最终演化为中等滚动体故障。,0.6763,BASM-04595,AssemblyRecord,assembly
BFB-04596,BRG-04596,B021,rolling_element_fault,rolling_element,severe,0.7701,结合振动、峭度和温升特征，滚动体故障与材料阶段异常高度一致，优先追溯到 BMAT-00026。,早期表现为局部接触应力升高，随后振动冲击增强，最终演化为严重滚动体故障。,0.666,BMAT-00026,MaterialBatch,material
BFB-04597,BRG-04597,OR007,outer_race_fault,outer_race,slight,0.7847,结合振动、峭度和温升特征，外圈故障与设计阶段异常高度一致，优先追溯到 BDES-00616。,早期表现为局部接触应力升高，随后振动冲击增强，最终演化为轻微外圈故障。,0.6381,BDES-00616,BearingDesignSpec,design
BFB-04598,BRG-04598,OR007,outer_race_fault,outer_race,slight,0.7466,结合振动、峭度和温升特征，外圈故障与运维阶段异常高度一致，优先追溯到 BOPR-04598。,异常由微小缺陷逐步发展为周期性冲击，检测指标随严重度上升而同步恶化。,0.6694,BOPR-04598,MaintenanceRecord,operation
BFB-04599,BRG-04599,IR014,inner_race_fault,inner_race,medium,0.7969,诊断结果显示轴承出现中等内圈故障，根因更可能来自材料阶段实体 BMAT-00063 的风险累积。,异常由微小缺陷逐步发展为周期性冲击，检测指标随严重度上升而同步恶化。,0.6227,BMAT-00063,MaterialBatch,material
BFB-04600,BRG-04600,IR014,inner_race_fault,inner_race,medium,0.6396,结合振动、峭度和温升特征，内圈故障与设计阶段异常高度一致，优先追溯到 BDES-00744。,早期表现为局部接触应力升高，随后振动冲击增强，最终演化为中等内圈故障。,0.6234,BDES-00744,BearingDesignSpec,design
BFB-04601,BRG-04601,B007,rolling_element_fault,rolling_element,slight,0.7157,结合振动、峭度和温升特征，滚动体故障与制造阶段异常高度一致，优先追溯到 BMAN-00127。,风险首先在制造阶段形成隐患，运行中持续放大，并通过温度与振动指标表现出来。,0.6364,BMAN-00127,ManufacturingBatch,manufacturing
BFB-04602,BRG-04602,IR007,inner_race_fault,inner_race,slight,0.6354,该样本的生命周期风险在装配阶段较突出，能够解释当前轻微内圈故障的主要失效模式。,早期表现为局部接触应力升高，随后振动冲击增强，最终演化为轻微内圈故障。,0.6551,BASM-04602,AssemblyRecord,assembly
BFB-04603,BRG-04603,B014,rolling_element_fault,rolling_element,medium,0.6994,诊断结果显示轴承出现中等滚动体故障，根因更可能来自材料阶段实体 BMAT-00125 的风险累积。,异常由微小缺陷逐步发展为周期性冲击，检测指标随严重度上升而同步恶化。,0.7463,BMAT-00125,MaterialBatch,material
BFB-04604,BRG-04604,B014,rolling_element_fault,rolling_element,medium,0.7164,诊断结果显示轴承出现中等滚动体故障，根因更可能来自制造阶段实体 BMAN-00913 的风险累积。,风险首先在制造阶段形成隐患，运行中持续放大，并通过温度与振动指标表现出来。,0.5953,BMAN-00913,ManufacturingBatch,manufacturing
BFB-04605,BRG-04605,Normal,normal,none,normal,0.9227,该轴承样本生命周期风险较低，未形成明确故障追溯链。,运行状态平稳，检测指标未呈现持续恶化趋势。,0.8807,NORMAL_BASELINE,QualityFeedback,feedback
BFB-04606,BRG-04606,IR021,inner_race_fault,inner_race,severe,0.7031,结合振动、峭度和温升特征，内圈故障与装配阶段异常高度一致，优先追溯到 BASM-04606。,风险首先在装配阶段形成隐患，运行中持续放大，并通过温度与振动指标表现出来。,0.6817,BASM-04606,AssemblyRecord,assembly
BFB-04607,BRG-04607,OR007,outer_race_fault,outer_race,slight,0.6465,该样本的生命周期风险在运维阶段较突出，能够解释当前轻微外圈故障的主要失效模式。,异常由微小缺陷逐步发展为周期性冲击，检测指标随严重度上升而同步恶化。,0.6237,BOPR-04607,MaintenanceRecord,operation
BFB-04608,BRG-04608,OR014,outer_race_fault,outer_race,medium,0.7316,诊断结果显示轴承出现中等外圈故障，根因更可能来自运维阶段实体 BOPR-04608 的风险累积。,异常由微小缺陷逐步发展为周期性冲击，检测指标随严重度上升而同步恶化。,0.7149,BOPR-04608,MaintenanceRecord,operation
BFB-04609,BRG-04609,IR014,inner_race_fault,inner_race,medium,0.677,诊断结果显示轴承出现中等内圈故障，根因更可能来自材料阶段实体 BMAT-00082 的风险累积。,异常由微小缺陷逐步发展为周期性冲击，检测指标随严重度上升而同步恶化。,0.5575,BMAT-00082,MaterialBatch,material
BFB-04610,BRG-04610,Normal,normal,none,normal,0.8686,该轴承样本生命周期风险较低，未形成明确故障追溯链。,运行状态平稳，检测指标未呈现持续恶化趋势。,0.8599,NORMAL_BASELINE,QualityFeedback,feedback
BFB-04611,BRG-04611,B007,rolling_element_fault,rolling_element,slight,0.697,诊断结果显示轴承出现轻微滚动体故障，根因更可能来自装配阶段实体 BASM-04611 的风险累积。,风险首先在装配阶段形成隐患，运行中持续放大，并通过温度与振动指标表现出来。,0.5727,BASM-04611,AssemblyRecord,assembly
BFB-04612,BRG-04612,OR021,outer_race_fault,outer_race,severe,0.7398,该样本的生命周期风险在装配阶段较突出，能够解释当前严重外圈故障的主要失效模式。,风险首先在装配阶段形成隐患，运行中持续放大，并通过温度与振动指标表现出来。,0.7167,BASM-04612,AssemblyRecord,assembly
BFB-04613,BRG-04613,B007,rolling_element_fault,rolling_element,slight,0.6822,结合振动、峭度和温升特征，滚动体故障与设计阶段异常高度一致，优先追溯到 BDES-00786。,早期表现为局部接触应力升高，随后振动冲击增强，最终演化为轻微滚动体故障。,0.691,BDES-00786,BearingDesignSpec,design
BFB-04614,BRG-04614,OR014,outer_race_fault,outer_race,medium,0.6796,结合振动、峭度和温升特征，外圈故障与设计阶段异常高度一致，优先追溯到 BDES-00073。,早期表现为局部接触应力升高，随后振动冲击增强，最终演化为中等外圈故障。,0.613,BDES-00073,BearingDesignSpec,design
BFB-04615,BRG-04615,B021,rolling_element_fault,rolling_element,severe,0.6827,结合振动、峭度和温升特征，滚动体故障与制造阶段异常高度一致，优先追溯到 BMAN-00663。,风险首先在制造阶段形成隐患，运行中持续放大，并通过温度与振动指标表现出来。,0.6142,BMAN-00663,ManufacturingBatch,manufacturing
BFB-04616,BRG-04616,IR007,inner_race_fault,inner_race,slight,0.6696,结合振动、峭度和温升特征，内圈故障与装配阶段异常高度一致，优先追溯到 BASM-04616。,风险首先在装配阶段形成隐患，运行中持续放大，并通过温度与振动指标表现出来。,0.5958,BASM-04616,AssemblyRecord,assembly
BFB-04617,BRG-04617,IR007,inner_race_fault,inner_race,slight,0.7455,诊断结果显示轴承出现轻微内圈故障，根因更可能来自制造阶段实体 BMAN-01131 的风险累积。,早期表现为局部接触应力升高，随后振动冲击增强，最终演化为轻微内圈故障。,0.6194,BMAN-01131,ManufacturingBatch,manufacturing
BFB-04618,BRG-04618,IR014,inner_race_fault,inner_race,medium,0.7378,该样本的生命周期风险在装配阶段较突出，能够解释当前中等内圈故障的主要失效模式。,风险首先在装配阶段形成隐患，运行中持续放大，并通过温度与振动指标表现出来。,0.7253,BASM-04618,AssemblyRecord,assembly
BFB-04619,BRG-04619,B014,rolling_element_fault,rolling_element,medium,0.678,诊断结果显示轴承出现中等滚动体故障，根因更可能来自制造阶段实体 BMAN-00140 的风险累积。,异常由微小缺陷逐步发展为周期性冲击，检测指标随严重度上升而同步恶化。,0.703,BMAN-00140,ManufacturingBatch,manufacturing
BFB-04620,BRG-04620,IR021,inner_race_fault,inner_race,severe,0.7486,诊断结果显示轴承出现严重内圈故障，根因更可能来自材料阶段实体 BMAT-00313 的风险累积。,异常由微小缺陷逐步发展为周期性冲击，检测指标随严重度上升而同步恶化。,0.6508,BMAT-00313,MaterialBatch,material
BFB-04621,BRG-04621,OR014,outer_race_fault,outer_race,medium,0.7129,结合振动、峭度和温升特征，外圈故障与装配阶段异常高度一致，优先追溯到 BASM-04621。,异常由微小缺陷逐步发展为周期性冲击，检测指标随严重度上升而同步恶化。,0.681,BASM-04621,AssemblyRecord,assembly
BFB-04622,BRG-04622,OR014,outer_race_fault,outer_race,medium,0.644,诊断结果显示轴承出现中等外圈故障，根因更可能来自材料阶段实体 BMAT-00479 的风险累积。,风险首先在材料阶段形成隐患，运行中持续放大，并通过温度与振动指标表现出来。,0.6086,BMAT-00479,MaterialBatch,material
BFB-04623,BRG-04623,B021,rolling_element_fault,rolling_element,severe,0.8024,结合振动、峭度和温升特征，滚动体故障与制造阶段异常高度一致，优先追溯到 BMAN-00901。,风险首先在制造阶段形成隐患，运行中持续放大，并通过温度与振动指标表现出来。,0.7452,BMAN-00901,ManufacturingBatch,manufacturing
BFB-04624,BRG-04624,Normal,normal,none,normal,0.9141,该轴承样本生命周期风险较低，未形成明确故障追溯链。,运行状态平稳，检测指标未呈现持续恶化趋势。,0.8964,NORMAL_BASELINE,QualityFeedback,feedback
BFB-04625,BRG-04625,OR014,outer_race_fault,outer_race,medium,0.733,诊断结果显示轴承出现中等外圈故障，根因更可能来自装配阶段实体 BASM-04625 的风险累积。,风险首先在装配阶段形成隐患，运行中持续放大，并通过温度与振动指标表现出来。,0.6462,BASM-04625,AssemblyRecord,assembly
BFB-04626,BRG-04626,IR007,inner_race_fault,inner_race,slight,0.6483,该样本的生命周期风险在材料阶段较突出，能够解释当前轻微内圈故障的主要失效模式。,早期表现为局部接触应力升高，随后振动冲击增强，最终演化为轻微内圈故障。,0.6383,BMAT-00303,MaterialBatch,material
BFB-04627,BRG-04627,OR021,outer_race_fault,outer_race,severe,0.8001,结合振动、峭度和温升特征，外圈故障与检测阶段异常高度一致，优先追溯到 BINSP-04627。,异常由微小缺陷逐步发展为周期性冲击，检测指标随严重度上升而同步恶化。,0.6997,BINSP-04627,InspectionRecord,inspection
BFB-04628,BRG-04628,B014,rolling_element_fault,rolling_element,medium,0.6999,诊断结果显示轴承出现中等滚动体故障，根因更可能来自制造阶段实体 BMAN-00163 的风险累积。,早期表现为局部接触应力升高，随后振动冲击增强，最终演化为中等滚动体故障。,0.6989,BMAN-00163,ManufacturingBatch,manufacturing
BFB-04629,BRG-04629,B007,rolling_element_fault,rolling_element,slight,0.7576,结合振动、峭度和温升特征，滚动体故障与制造阶段异常高度一致，优先追溯到 BMAN-00523。,风险首先在制造阶段形成隐患，运行中持续放大，并通过温度与振动指标表现出来。,0.5904,BMAN-00523,ManufacturingBatch,manufacturing
BFB-04630,BRG-04630,OR014,outer_race_fault,outer_race,medium,0.7415,结合振动、峭度和温升特征，外圈故障与装配阶段异常高度一致，优先追溯到 BASM-04630。,异常由微小缺陷逐步发展为周期性冲击，检测指标随严重度上升而同步恶化。,0.7253,BASM-04630,AssemblyRecord,assembly
BFB-04631,BRG-04631,OR007,outer_race_fault,outer_race,slight,0.676,该样本的生命周期风险在设计阶段较突出，能够解释当前轻微外圈故障的主要失效模式。,早期表现为局部接触应力升高，随后振动冲击增强，最终演化为轻微外圈故障。,0.6966,BDES-00521,BearingDesignSpec,design
BFB-04632,BRG-04632,Normal,normal,none,normal,0.89,该轴承样本生命周期风险较低，未形成明确故障追溯链。,运行状态平稳，检测指标未呈现持续恶化趋势。,0.8847,NORMAL_BASELINE,QualityFeedback,feedback
BFB-04633,BRG-04633,IR007,inner_race_fault,inner_race,slight,0.7443,诊断结果显示轴承出现轻微内圈故障，根因更可能来自设计阶段实体 BDES-00397 的风险累积。,早期表现为局部接触应力升高，随后振动冲击增强，最终演化为轻微内圈故障。,0.6607,BDES-00397,BearingDesignSpec,design
BFB-04634,BRG-04634,OR007,outer_race_fault,outer_race,slight,0.665,该样本的生命周期风险在检测阶段较突出，能够解释当前轻微外圈故障的主要失效模式。,异常由微小缺陷逐步发展为周期性冲击，检测指标随严重度上升而同步恶化。,0.6893,BINSP-04634,InspectionRecord,inspection
BFB-04635,BRG-04635,IR014,inner_race_fault,inner_race,medium,0.7484,结合振动、峭度和温升特征，内圈故障与装配阶段异常高度一致，优先追溯到 BASM-04635。,风险首先在装配阶段形成隐患，运行中持续放大，并通过温度与振动指标表现出来。,0.6089,BASM-04635,AssemblyRecord,assembly
BFB-04636,BRG-04636,IR007,inner_race_fault,inner_race,slight,0.6794,该样本的生命周期风险在制造阶段较突出，能够解释当前轻微内圈故障的主要失效模式。,风险首先在制造阶段形成隐患，运行中持续放大，并通过温度与振动指标表现出来。,0.6527,BMAN-00676,ManufacturingBatch,manufacturing
BFB-04637,BRG-04637,IR014,inner_race_fault,inner_race,medium,0.6871,该样本的生命周期风险在装配阶段较突出，能够解释当前中等内圈故障的主要失效模式。,异常由微小缺陷逐步发展为周期性冲击，检测指标随严重度上升而同步恶化。,0.7274,BASM-04637,AssemblyRecord,assembly
BFB-04638,BRG-04638,IR021,inner_race_fault,inner_race,severe,0.7141,结合振动、峭度和温升特征，内圈故障与装配阶段异常高度一致，优先追溯到 BASM-04638。,风险首先在装配阶段形成隐患，运行中持续放大，并通过温度与振动指标表现出来。,0.6818,BASM-04638,AssemblyRecord,assembly
BFB-04639,BRG-04639,B014,rolling_element_fault,rolling_element,medium,0.7353,诊断结果显示轴承出现中等滚动体故障，根因更可能来自制造阶段实体 BMAN-00176 的风险累积。,早期表现为局部接触应力升高，随后振动冲击增强，最终演化为中等滚动体故障。,0.6362,BMAN-00176,ManufacturingBatch,manufacturing
BFB-04640,BRG-04640,IR014,inner_race_fault,inner_race,medium,0.7177,结合振动、峭度和温升特征，内圈故障与装配阶段异常高度一致，优先追溯到 BASM-04640。,风险首先在装配阶段形成隐患，运行中持续放大，并通过温度与振动指标表现出来。,0.6549,BASM-04640,AssemblyRecord,assembly
BFB-04641,BRG-04641,B014,rolling_element_fault,rolling_element,medium,0.6623,该样本的生命周期风险在设计阶段较突出，能够解释当前中等滚动体故障的主要失效模式。,早期表现为局部接触应力升高，随后振动冲击增强，最终演化为中等滚动体故障。,0.6735,BDES-00654,BearingDesignSpec,design
BFB-04642,BRG-04642,IR014,inner_race_fault,inner_race,medium,0.7186,诊断结果显示轴承出现中等内圈故障，根因更可能来自制造阶段实体 BMAN-00390 的风险累积。,风险首先在制造阶段形成隐患，运行中持续放大，并通过温度与振动指标表现出来。,0.6801,BMAN-00390,ManufacturingBatch,manufacturing
BFB-04643,BRG-04643,IR014,inner_race_fault,inner_race,medium,0.6974,诊断结果显示轴承出现中等内圈故障，根因更可能来自制造阶段实体 BMAN-01020 的风险累积。,风险首先在制造阶段形成隐患，运行中持续放大，并通过温度与振动指标表现出来。,0.6907,BMAN-01020,ManufacturingBatch,manufacturing
BFB-04644,BRG-04644,IR014,inner_race_fault,inner_race,medium,0.7425,诊断结果显示轴承出现中等内圈故障，根因更可能来自制造阶段实体 BMAN-00704 的风险累积。,风险首先在制造阶段形成隐患，运行中持续放大，并通过温度与振动指标表现出来。,0.6384,BMAN-00704,ManufacturingBatch,manufacturing
BFB-04645,BRG-04645,OR014,outer_race_fault,outer_race,medium,0.6876,结合振动、峭度和温升特征，外圈故障与设计阶段异常高度一致，优先追溯到 BDES-00767。,风险首先在设计阶段形成隐患，运行中持续放大，并通过温度与振动指标表现出来。,0.5846,BDES-00767,BearingDesignSpec,design
BFB-04646,BRG-04646,OR014,outer_race_fault,outer_race,medium,0.7377,结合振动、峭度和温升特征，外圈故障与制造阶段异常高度一致，优先追溯到 BMAN-00557。,异常由微小缺陷逐步发展为周期性冲击，检测指标随严重度上升而同步恶化。,0.7655,BMAN-00557,ManufacturingBatch,manufacturing
BFB-04647,BRG-04647,OR021,outer_race_fault,outer_race,severe,0.703,结合振动、峭度和温升特征，外圈故障与制造阶段异常高度一致，优先追溯到 BMAN-00475。,异常由微小缺陷逐步发展为周期性冲击，检测指标随严重度上升而同步恶化。,0.7847,BMAN-00475,ManufacturingBatch,manufacturing
BFB-04648,BRG-04648,OR014,outer_race_fault,outer_race,medium,0.7002,该样本的生命周期风险在检测阶段较突出，能够解释当前中等外圈故障的主要失效模式。,风险首先在检测阶段形成隐患，运行中持续放大，并通过温度与振动指标表现出来。,0.719,BINSP-04648,InspectionRecord,inspection
BFB-04649,BRG-04649,IR007,inner_race_fault,inner_race,slight,0.6855,结合振动、峭度和温升特征，内圈故障与运维阶段异常高度一致，优先追溯到 BOPR-04649。,风险首先在运维阶段形成隐患，运行中持续放大，并通过温度与振动指标表现出来。,0.6953,BOPR-04649,MaintenanceRecord,operation
BFB-04650,BRG-04650,OR014,outer_race_fault,outer_race,medium,0.7333,诊断结果显示轴承出现中等外圈故障，根因更可能来自设计阶段实体 BDES-00095 的风险累积。,异常由微小缺陷逐步发展为周期性冲击，检测指标随严重度上升而同步恶化。,0.7163,BDES-00095,BearingDesignSpec,design
BFB-04651,BRG-04651,Normal,normal,none,normal,0.891,该轴承样本生命周期风险较低，未形成明确故障追溯链。,运行状态平稳，检测指标未呈现持续恶化趋势。,0.7812,NORMAL_BASELINE,QualityFeedback,feedback
BFB-04652,BRG-04652,B007,rolling_element_fault,rolling_element,slight,0.74,诊断结果显示轴承出现轻微滚动体故障，根因更可能来自制造阶段实体 BMAN-00833 的风险累积。,早期表现为局部接触应力升高，随后振动冲击增强，最终演化为轻微滚动体故障。,0.6029,BMAN-00833,ManufacturingBatch,manufacturing
BFB-04653,BRG-04653,OR021,outer_race_fault,outer_race,severe,0.7562,结合振动、峭度和温升特征，外圈故障与装配阶段异常高度一致，优先追溯到 BASM-04653。,早期表现为局部接触应力升高，随后振动冲击增强，最终演化为严重外圈故障。,0.6739,BASM-04653,AssemblyRecord,assembly
BFB-04654,BRG-04654,B021,rolling_element_fault,rolling_element,severe,0.7003,诊断结果显示轴承出现严重滚动体故障，根因更可能来自设计阶段实体 BDES-00784 的风险累积。,风险首先在设计阶段形成隐患，运行中持续放大，并通过温度与振动指标表现出来。,0.666,BDES-00784,BearingDesignSpec,design
BFB-04655,BRG-04655,B014,rolling_element_fault,rolling_element,medium,0.6817,诊断结果显示轴承出现中等滚动体故障，根因更可能来自制造阶段实体 BMAN-00293 的风险累积。,风险首先在制造阶段形成隐患，运行中持续放大，并通过温度与振动指标表现出来。,0.7009,BMAN-00293,ManufacturingBatch,manufacturing
BFB-04656,BRG-04656,OR021,outer_race_fault,outer_race,severe,0.754,诊断结果显示轴承出现严重外圈故障，根因更可能来自材料阶段实体 BMAT-00303 的风险累积。,异常由微小缺陷逐步发展为周期性冲击，检测指标随严重度上升而同步恶化。,0.6171,BMAT-00303,MaterialBatch,material
BFB-04657,BRG-04657,OR021,outer_race_fault,outer_race,severe,0.6964,诊断结果显示轴承出现严重外圈故障，根因更可能来自装配阶段实体 BASM-04657 的风险累积。,早期表现为局部接触应力升高，随后振动冲击增强，最终演化为严重外圈故障。,0.6221,BASM-04657,AssemblyRecord,assembly
BFB-04658,BRG-04658,OR014,outer_race_fault,outer_race,medium,0.6914,诊断结果显示轴承出现中等外圈故障，根因更可能来自制造阶段实体 BMAN-00512 的风险累积。,风险首先在制造阶段形成隐患，运行中持续放大，并通过温度与振动指标表现出来。,0.6216,BMAN-00512,ManufacturingBatch,manufacturing
BFB-04659,BRG-04659,OR014,outer_race_fault,outer_race,medium,0.7156,该样本的生命周期风险在装配阶段较突出，能够解释当前中等外圈故障的主要失效模式。,早期表现为局部接触应力升高，随后振动冲击增强，最终演化为中等外圈故障。,0.749,BASM-04659,AssemblyRecord,assembly
BFB-04660,BRG-04660,OR021,outer_race_fault,outer_race,severe,0.7155,结合振动、峭度和温升特征，外圈故障与装配阶段异常高度一致，优先追溯到 BASM-04660。,风险首先在装配阶段形成隐患，运行中持续放大，并通过温度与振动指标表现出来。,0.734,BASM-04660,AssemblyRecord,assembly
BFB-04661,BRG-04661,B021,rolling_element_fault,rolling_element,severe,0.7663,诊断结果显示轴承出现严重滚动体故障，根因更可能来自材料阶段实体 BMAT-00437 的风险累积。,早期表现为局部接触应力升高，随后振动冲击增强，最终演化为严重滚动体故障。,0.7471,BMAT-00437,MaterialBatch,material
BFB-04662,BRG-04662,OR014,outer_race_fault,outer_race,medium,0.7436,结合振动、峭度和温升特征，外圈故障与运维阶段异常高度一致，优先追溯到 BOPR-04662。,异常由微小缺陷逐步发展为周期性冲击，检测指标随严重度上升而同步恶化。,0.7473,BOPR-04662,MaintenanceRecord,operation
BFB-04663,BRG-04663,IR014,inner_race_fault,inner_race,medium,0.7207,该样本的生命周期风险在设计阶段较突出，能够解释当前中等内圈故障的主要失效模式。,早期表现为局部接触应力升高，随后振动冲击增强，最终演化为中等内圈故障。,0.66,BDES-00207,BearingDesignSpec,design
BFB-04664,BRG-04664,B014,rolling_element_fault,rolling_element,medium,0.6566,该样本的生命周期风险在制造阶段较突出，能够解释当前中等滚动体故障的主要失效模式。,早期表现为局部接触应力升高，随后振动冲击增强，最终演化为中等滚动体故障。,0.7583,BMAN-00019,ManufacturingBatch,manufacturing
BFB-04665,BRG-04665,OR014,outer_race_fault,outer_race,medium,0.7148,诊断结果显示轴承出现中等外圈故障，根因更可能来自材料阶段实体 BMAT-00465 的风险累积。,早期表现为局部接触应力升高，随后振动冲击增强，最终演化为中等外圈故障。,0.7078,BMAT-00465,MaterialBatch,material
BFB-04666,BRG-04666,IR014,inner_race_fault,inner_race,medium,0.647,该样本的生命周期风险在运维阶段较突出，能够解释当前中等内圈故障的主要失效模式。,异常由微小缺陷逐步发展为周期性冲击，检测指标随严重度上升而同步恶化。,0.6463,BOPR-04666,MaintenanceRecord,operation
BFB-04667,BRG-04667,IR007,inner_race_fault,inner_race,slight,0.708,结合振动、峭度和温升特征，内圈故障与材料阶段异常高度一致，优先追溯到 BMAT-00123。,风险首先在材料阶段形成隐患，运行中持续放大，并通过温度与振动指标表现出来。,0.68,BMAT-00123,MaterialBatch,material
BFB-04668,BRG-04668,IR021,inner_race_fault,inner_race,severe,0.6314,该样本的生命周期风险在制造阶段较突出，能够解释当前严重内圈故障的主要失效模式。,风险首先在制造阶段形成隐患，运行中持续放大，并通过温度与振动指标表现出来。,0.6967,BMAN-00780,ManufacturingBatch,manufacturing
BFB-04669,BRG-04669,B014,rolling_element_fault,rolling_element,medium,0.6817,结合振动、峭度和温升特征，滚动体故障与装配阶段异常高度一致，优先追溯到 BASM-04669。,异常由微小缺陷逐步发展为周期性冲击，检测指标随严重度上升而同步恶化。,0.6344,BASM-04669,AssemblyRecord,assembly
BFB-04670,BRG-04670,B014,rolling_element_fault,rolling_element,medium,0.6543,结合振动、峭度和温升特征，滚动体故障与制造阶段异常高度一致，优先追溯到 BMAN-00053。,早期表现为局部接触应力升高，随后振动冲击增强，最终演化为中等滚动体故障。,0.7297,BMAN-00053,ManufacturingBatch,manufacturing
BFB-04671,BRG-04671,B014,rolling_element_fault,rolling_element,medium,0.6751,诊断结果显示轴承出现中等滚动体故障，根因更可能来自制造阶段实体 BMAN-00783 的风险累积。,异常由微小缺陷逐步发展为周期性冲击，检测指标随严重度上升而同步恶化。,0.739,BMAN-00783,ManufacturingBatch,manufacturing
BFB-04672,BRG-04672,IR014,inner_race_fault,inner_race,medium,0.7296,诊断结果显示轴承出现中等内圈故障，根因更可能来自制造阶段实体 BMAN-00477 的风险累积。,异常由微小缺陷逐步发展为周期性冲击，检测指标随严重度上升而同步恶化。,0.756,BMAN-00477,ManufacturingBatch,manufacturing
BFB-04673,BRG-04673,B014,rolling_element_fault,rolling_element,medium,0.6775,诊断结果显示轴承出现中等滚动体故障，根因更可能来自运维阶段实体 BOPR-04673 的风险累积。,早期表现为局部接触应力升高，随后振动冲击增强，最终演化为中等滚动体故障。,0.6342,BOPR-04673,MaintenanceRecord,operation
BFB-04674,BRG-04674,B021,rolling_element_fault,rolling_element,severe,0.7104,诊断结果显示轴承出现严重滚动体故障，根因更可能来自检测阶段实体 BINSP-04674 的风险累积。,风险首先在检测阶段形成隐患，运行中持续放大，并通过温度与振动指标表现出来。,0.7899,BINSP-04674,InspectionRecord,inspection
BFB-04675,BRG-04675,IR021,inner_race_fault,inner_race,severe,0.7137,该样本的生命周期风险在设计阶段较突出，能够解释当前严重内圈故障的主要失效模式。,早期表现为局部接触应力升高，随后振动冲击增强，最终演化为严重内圈故障。,0.7193,BDES-00217,BearingDesignSpec,design
BFB-04676,BRG-04676,B014,rolling_element_fault,rolling_element,medium,0.6847,诊断结果显示轴承出现中等滚动体故障，根因更可能来自装配阶段实体 BASM-04676 的风险累积。,异常由微小缺陷逐步发展为周期性冲击，检测指标随严重度上升而同步恶化。,0.7167,BASM-04676,AssemblyRecord,assembly
BFB-04677,BRG-04677,B007,rolling_element_fault,rolling_element,slight,0.6151,该样本的生命周期风险在设计阶段较突出，能够解释当前轻微滚动体故障的主要失效模式。,异常由微小缺陷逐步发展为周期性冲击，检测指标随严重度上升而同步恶化。,0.5702,BDES-00343,BearingDesignSpec,design
BFB-04678,BRG-04678,B007,rolling_element_fault,rolling_element,slight,0.7011,该样本的生命周期风险在制造阶段较突出，能够解释当前轻微滚动体故障的主要失效模式。,早期表现为局部接触应力升高，随后振动冲击增强，最终演化为轻微滚动体故障。,0.6794,BMAN-00854,ManufacturingBatch,manufacturing
BFB-04679,BRG-04679,IR007,inner_race_fault,inner_race,slight,0.721,该样本的生命周期风险在制造阶段较突出，能够解释当前轻微内圈故障的主要失效模式。,早期表现为局部接触应力升高，随后振动冲击增强，最终演化为轻微内圈故障。,0.5978,BMAN-00379,ManufacturingBatch,manufacturing
BFB-04680,BRG-04680,Normal,normal,none,normal,0.878,该轴承样本生命周期风险较低，未形成明确故障追溯链。,运行状态平稳，检测指标未呈现持续恶化趋势。,0.8877,NORMAL_BASELINE,QualityFeedback,feedback
BFB-04681,BRG-04681,B021,rolling_element_fault,rolling_element,severe,0.6867,该样本的生命周期风险在材料阶段较突出，能够解释当前严重滚动体故障的主要失效模式。,异常由微小缺陷逐步发展为周期性冲击，检测指标随严重度上升而同步恶化。,0.7398,BMAT-00065,MaterialBatch,material
BFB-04682,BRG-04682,OR007,outer_race_fault,outer_race,slight,0.6627,结合振动、峭度和温升特征，外圈故障与制造阶段异常高度一致，优先追溯到 BMAN-00151。,风险首先在制造阶段形成隐患，运行中持续放大，并通过温度与振动指标表现出来。,0.6755,BMAN-00151,ManufacturingBatch,manufacturing
BFB-04683,BRG-04683,Normal,normal,none,normal,0.9366,该轴承样本生命周期风险较低，未形成明确故障追溯链。,运行状态平稳，检测指标未呈现持续恶化趋势。,0.8174,NORMAL_BASELINE,QualityFeedback,feedback
BFB-04684,BRG-04684,B021,rolling_element_fault,rolling_element,severe,0.713,该样本的生命周期风险在装配阶段较突出，能够解释当前严重滚动体故障的主要失效模式。,异常由微小缺陷逐步发展为周期性冲击，检测指标随严重度上升而同步恶化。,0.6818,BASM-04684,AssemblyRecord,assembly
BFB-04685,BRG-04685,Normal,normal,none,normal,0.9063,该轴承样本生命周期风险较低，未形成明确故障追溯链。,运行状态平稳，检测指标未呈现持续恶化趋势。,0.8311,NORMAL_BASELINE,QualityFeedback,feedback
BFB-04686,BRG-04686,OR014,outer_race_fault,outer_race,medium,0.7476,该样本的生命周期风险在检测阶段较突出，能够解释当前中等外圈故障的主要失效模式。,早期表现为局部接触应力升高，随后振动冲击增强，最终演化为中等外圈故障。,0.6696,BINSP-04686,InspectionRecord,inspection
BFB-04687,BRG-04687,OR014,outer_race_fault,outer_race,medium,0.6704,该样本的生命周期风险在制造阶段较突出，能够解释当前中等外圈故障的主要失效模式。,早期表现为局部接触应力升高，随后振动冲击增强，最终演化为中等外圈故障。,0.6034,BMAN-00805,ManufacturingBatch,manufacturing
BFB-04688,BRG-04688,OR014,outer_race_fault,outer_race,medium,0.709,该样本的生命周期风险在装配阶段较突出，能够解释当前中等外圈故障的主要失效模式。,风险首先在装配阶段形成隐患，运行中持续放大，并通过温度与振动指标表现出来。,0.6877,BASM-04688,AssemblyRecord,assembly
BFB-04689,BRG-04689,OR014,outer_race_fault,outer_race,medium,0.7247,结合振动、峭度和温升特征，外圈故障与装配阶段异常高度一致，优先追溯到 BASM-04689。,风险首先在装配阶段形成隐患，运行中持续放大，并通过温度与振动指标表现出来。,0.6807,BASM-04689,AssemblyRecord,assembly
BFB-04690,BRG-04690,IR007,inner_race_fault,inner_race,slight,0.6936,结合振动、峭度和温升特征，内圈故障与材料阶段异常高度一致，优先追溯到 BMAT-00102。,早期表现为局部接触应力升高，随后振动冲击增强，最终演化为轻微内圈故障。,0.6553,BMAT-00102,MaterialBatch,material
BFB-04691,BRG-04691,B021,rolling_element_fault,rolling_element,severe,0.7563,结合振动、峭度和温升特征，滚动体故障与运维阶段异常高度一致，优先追溯到 BOPR-04691。,早期表现为局部接触应力升高，随后振动冲击增强，最终演化为严重滚动体故障。,0.7055,BOPR-04691,MaintenanceRecord,operation
BFB-04692,BRG-04692,B021,rolling_element_fault,rolling_element,severe,0.681,该样本的生命周期风险在装配阶段较突出，能够解释当前严重滚动体故障的主要失效模式。,早期表现为局部接触应力升高，随后振动冲击增强，最终演化为严重滚动体故障。,0.7532,BASM-04692,AssemblyRecord,assembly
BFB-04693,BRG-04693,OR007,outer_race_fault,outer_race,slight,0.633,结合振动、峭度和温升特征，外圈故障与装配阶段异常高度一致，优先追溯到 BASM-04693。,早期表现为局部接触应力升高，随后振动冲击增强，最终演化为轻微外圈故障。,0.5706,BASM-04693,AssemblyRecord,assembly
BFB-04694,BRG-04694,OR014,outer_race_fault,outer_race,medium,0.7604,结合振动、峭度和温升特征，外圈故障与制造阶段异常高度一致，优先追溯到 BMAN-00219。,风险首先在制造阶段形成隐患，运行中持续放大，并通过温度与振动指标表现出来。,0.7349,BMAN-00219,ManufacturingBatch,manufacturing
BFB-04695,BRG-04695,OR014,outer_race_fault,outer_race,medium,0.7522,该样本的生命周期风险在运维阶段较突出，能够解释当前中等外圈故障的主要失效模式。,风险首先在运维阶段形成隐患，运行中持续放大，并通过温度与振动指标表现出来。,0.6425,BOPR-04695,MaintenanceRecord,operation
BFB-04696,BRG-04696,B021,rolling_element_fault,rolling_element,severe,0.7632,该样本的生命周期风险在装配阶段较突出，能够解释当前严重滚动体故障的主要失效模式。,风险首先在装配阶段形成隐患，运行中持续放大，并通过温度与振动指标表现出来。,0.8312,BASM-04696,AssemblyRecord,assembly
BFB-04697,BRG-04697,IR021,inner_race_fault,inner_race,severe,0.6948,诊断结果显示轴承出现严重内圈故障，根因更可能来自制造阶段实体 BMAN-01129 的风险累积。,异常由微小缺陷逐步发展为周期性冲击，检测指标随严重度上升而同步恶化。,0.6601,BMAN-01129,ManufacturingBatch,manufacturing
BFB-04698,BRG-04698,Normal,normal,none,normal,0.8756,该轴承样本生命周期风险较低，未形成明确故障追溯链。,运行状态平稳，检测指标未呈现持续恶化趋势。,0.8972,NORMAL_BASELINE,QualityFeedback,feedback
BFB-04699,BRG-04699,OR014,outer_race_fault,outer_race,medium,0.7541,该样本的生命周期风险在设计阶段较突出，能够解释当前中等外圈故障的主要失效模式。,早期表现为局部接触应力升高，随后振动冲击增强，最终演化为中等外圈故障。,0.7688,BDES-00524,BearingDesignSpec,design
BFB-04700,BRG-04700,Normal,normal,none,normal,0.923,该轴承样本生命周期风险较低，未形成明确故障追溯链。,运行状态平稳，检测指标未呈现持续恶化趋势。,0.8836,NORMAL_BASELINE,QualityFeedback,feedback
BFB-04701,BRG-04701,Normal,normal,none,normal,0.8783,该轴承样本生命周期风险较低，未形成明确故障追溯链。,运行状态平稳，检测指标未呈现持续恶化趋势。,0.8094,NORMAL_BASELINE,QualityFeedback,feedback
BFB-04702,BRG-04702,OR014,outer_race_fault,outer_race,medium,0.7424,该样本的生命周期风险在装配阶段较突出，能够解释当前中等外圈故障的主要失效模式。,异常由微小缺陷逐步发展为周期性冲击，检测指标随严重度上升而同步恶化。,0.6866,BASM-04702,AssemblyRecord,assembly
BFB-04703,BRG-04703,Normal,normal,none,normal,0.8856,该轴承样本生命周期风险较低，未形成明确故障追溯链。,运行状态平稳，检测指标未呈现持续恶化趋势。,0.7863,NORMAL_BASELINE,QualityFeedback,feedback
BFB-04704,BRG-04704,IR014,inner_race_fault,inner_race,medium,0.6604,该样本的生命周期风险在装配阶段较突出，能够解释当前中等内圈故障的主要失效模式。,早期表现为局部接触应力升高，随后振动冲击增强，最终演化为中等内圈故障。,0.6462,BASM-04704,AssemblyRecord,assembly
BFB-04705,BRG-04705,Normal,normal,none,normal,0.8932,该轴承样本生命周期风险较低，未形成明确故障追溯链。,运行状态平稳，检测指标未呈现持续恶化趋势。,0.8029,NORMAL_BASELINE,QualityFeedback,feedback
BFB-04706,BRG-04706,OR014,outer_race_fault,outer_race,medium,0.7448,诊断结果显示轴承出现中等外圈故障，根因更可能来自制造阶段实体 BMAN-00386 的风险累积。,异常由微小缺陷逐步发展为周期性冲击，检测指标随严重度上升而同步恶化。,0.5811,BMAN-00386,ManufacturingBatch,manufacturing
BFB-04707,BRG-04707,OR021,outer_race_fault,outer_race,severe,0.6796,结合振动、峭度和温升特征，外圈故障与制造阶段异常高度一致，优先追溯到 BMAN-00714。,风险首先在制造阶段形成隐患，运行中持续放大，并通过温度与振动指标表现出来。,0.6588,BMAN-00714,ManufacturingBatch,manufacturing
BFB-04708,BRG-04708,OR007,outer_race_fault,outer_race,slight,0.7547,诊断结果显示轴承出现轻微外圈故障，根因更可能来自制造阶段实体 BMAN-00251 的风险累积。,风险首先在制造阶段形成隐患，运行中持续放大，并通过温度与振动指标表现出来。,0.6622,BMAN-00251,ManufacturingBatch,manufacturing
BFB-04709,BRG-04709,OR021,outer_race_fault,outer_race,severe,0.7351,结合振动、峭度和温升特征，外圈故障与装配阶段异常高度一致，优先追溯到 BASM-04709。,风险首先在装配阶段形成隐患，运行中持续放大，并通过温度与振动指标表现出来。,0.6495,BASM-04709,AssemblyRecord,assembly
BFB-04710,BRG-04710,B007,rolling_element_fault,rolling_element,slight,0.7157,诊断结果显示轴承出现轻微滚动体故障，根因更可能来自装配阶段实体 BASM-04710 的风险累积。,早期表现为局部接触应力升高，随后振动冲击增强，最终演化为轻微滚动体故障。,0.7367,BASM-04710,AssemblyRecord,assembly
BFB-04711,BRG-04711,OR007,outer_race_fault,outer_race,slight,0.6402,结合振动、峭度和温升特征，外圈故障与运维阶段异常高度一致，优先追溯到 BOPR-04711。,风险首先在运维阶段形成隐患，运行中持续放大，并通过温度与振动指标表现出来。,0.6476,BOPR-04711,MaintenanceRecord,operation
BFB-04712,BRG-04712,B014,rolling_element_fault,rolling_element,medium,0.7793,该样本的生命周期风险在装配阶段较突出，能够解释当前中等滚动体故障的主要失效模式。,异常由微小缺陷逐步发展为周期性冲击，检测指标随严重度上升而同步恶化。,0.6396,BASM-04712,AssemblyRecord,assembly
BFB-04713,BRG-04713,Normal,normal,none,normal,0.8669,该轴承样本生命周期风险较低，未形成明确故障追溯链。,运行状态平稳，检测指标未呈现持续恶化趋势。,0.8059,NORMAL_BASELINE,QualityFeedback,feedback
BFB-04714,BRG-04714,IR021,inner_race_fault,inner_race,severe,0.7366,该样本的生命周期风险在制造阶段较突出，能够解释当前严重内圈故障的主要失效模式。,风险首先在制造阶段形成隐患，运行中持续放大，并通过温度与振动指标表现出来。,0.7049,BMAN-00683,ManufacturingBatch,manufacturing
BFB-04715,BRG-04715,IR021,inner_race_fault,inner_race,severe,0.7209,诊断结果显示轴承出现严重内圈故障，根因更可能来自运维阶段实体 BOPR-04715 的风险累积。,异常由微小缺陷逐步发展为周期性冲击，检测指标随严重度上升而同步恶化。,0.6662,BOPR-04715,MaintenanceRecord,operation
BFB-04716,BRG-04716,B014,rolling_element_fault,rolling_element,medium,0.6763,结合振动、峭度和温升特征，滚动体故障与制造阶段异常高度一致，优先追溯到 BMAN-00986。,异常由微小缺陷逐步发展为周期性冲击，检测指标随严重度上升而同步恶化。,0.6675,BMAN-00986,ManufacturingBatch,manufacturing
BFB-04717,BRG-04717,IR021,inner_race_fault,inner_race,severe,0.7861,结合振动、峭度和温升特征，内圈故障与制造阶段异常高度一致，优先追溯到 BMAN-00563。,早期表现为局部接触应力升高，随后振动冲击增强，最终演化为严重内圈故障。,0.7049,BMAN-00563,ManufacturingBatch,manufacturing
BFB-04718,BRG-04718,IR007,inner_race_fault,inner_race,slight,0.6532,诊断结果显示轴承出现轻微内圈故障，根因更可能来自材料阶段实体 BMAT-00206 的风险累积。,早期表现为局部接触应力升高，随后振动冲击增强，最终演化为轻微内圈故障。,0.625,BMAT-00206,MaterialBatch,material
BFB-04719,BRG-04719,OR014,outer_race_fault,outer_race,medium,0.702,该样本的生命周期风险在装配阶段较突出，能够解释当前中等外圈故障的主要失效模式。,风险首先在装配阶段形成隐患，运行中持续放大，并通过温度与振动指标表现出来。,0.7181,BASM-04719,AssemblyRecord,assembly
BFB-04720,BRG-04720,Normal,normal,none,normal,0.9166,该轴承样本生命周期风险较低，未形成明确故障追溯链。,运行状态平稳，检测指标未呈现持续恶化趋势。,0.8352,NORMAL_BASELINE,QualityFeedback,feedback
BFB-04721,BRG-04721,OR014,outer_race_fault,outer_race,medium,0.7104,诊断结果显示轴承出现中等外圈故障，根因更可能来自制造阶段实体 BMAN-00262 的风险累积。,风险首先在制造阶段形成隐患，运行中持续放大，并通过温度与振动指标表现出来。,0.6175,BMAN-00262,ManufacturingBatch,manufacturing
BFB-04722,BRG-04722,IR014,inner_race_fault,inner_race,medium,0.7353,该样本的生命周期风险在制造阶段较突出，能够解释当前中等内圈故障的主要失效模式。,风险首先在制造阶段形成隐患，运行中持续放大，并通过温度与振动指标表现出来。,0.7242,BMAN-00974,ManufacturingBatch,manufacturing
BFB-04723,BRG-04723,OR021,outer_race_fault,outer_race,severe,0.749,诊断结果显示轴承出现严重外圈故障，根因更可能来自装配阶段实体 BASM-04723 的风险累积。,风险首先在装配阶段形成隐患，运行中持续放大，并通过温度与振动指标表现出来。,0.6891,BASM-04723,AssemblyRecord,assembly
BFB-04724,BRG-04724,Normal,normal,none,normal,0.8891,该轴承样本生命周期风险较低，未形成明确故障追溯链。,运行状态平稳，检测指标未呈现持续恶化趋势。,0.8163,NORMAL_BASELINE,QualityFeedback,feedback
BFB-04725,BRG-04725,IR014,inner_race_fault,inner_race,medium,0.7042,结合振动、峭度和温升特征，内圈故障与设计阶段异常高度一致，优先追溯到 BDES-00008。,早期表现为局部接触应力升高，随后振动冲击增强，最终演化为中等内圈故障。,0.6047,BDES-00008,BearingDesignSpec,design
BFB-04726,BRG-04726,IR007,inner_race_fault,inner_race,slight,0.7617,诊断结果显示轴承出现轻微内圈故障，根因更可能来自运维阶段实体 BOPR-04726 的风险累积。,异常由微小缺陷逐步发展为周期性冲击，检测指标随严重度上升而同步恶化。,0.7216,BOPR-04726,MaintenanceRecord,operation
BFB-04727,BRG-04727,B014,rolling_element_fault,rolling_element,medium,0.716,诊断结果显示轴承出现中等滚动体故障，根因更可能来自制造阶段实体 BMAN-00074 的风险累积。,异常由微小缺陷逐步发展为周期性冲击，检测指标随严重度上升而同步恶化。,0.7397,BMAN-00074,ManufacturingBatch,manufacturing
BFB-04728,BRG-04728,B014,rolling_element_fault,rolling_element,medium,0.7507,该样本的生命周期风险在材料阶段较突出，能够解释当前中等滚动体故障的主要失效模式。,早期表现为局部接触应力升高，随后振动冲击增强，最终演化为中等滚动体故障。,0.6655,BMAT-00300,MaterialBatch,material
BFB-04729,BRG-04729,Normal,normal,none,normal,0.9507,该轴承样本生命周期风险较低，未形成明确故障追溯链。,运行状态平稳，检测指标未呈现持续恶化趋势。,0.8779,NORMAL_BASELINE,QualityFeedback,feedback
BFB-04730,BRG-04730,OR021,outer_race_fault,outer_race,severe,0.7577,诊断结果显示轴承出现严重外圈故障，根因更可能来自检测阶段实体 BINSP-04730 的风险累积。,早期表现为局部接触应力升高，随后振动冲击增强，最终演化为严重外圈故障。,0.7165,BINSP-04730,InspectionRecord,inspection
BFB-04731,BRG-04731,IR021,inner_race_fault,inner_race,severe,0.7215,诊断结果显示轴承出现严重内圈故障，根因更可能来自材料阶段实体 BMAT-00257 的风险累积。,早期表现为局部接触应力升高，随后振动冲击增强，最终演化为严重内圈故障。,0.6796,BMAT-00257,MaterialBatch,material
BFB-04732,BRG-04732,B007,rolling_element_fault,rolling_element,slight,0.6431,诊断结果显示轴承出现轻微滚动体故障，根因更可能来自制造阶段实体 BMAN-00421 的风险累积。,异常由微小缺陷逐步发展为周期性冲击，检测指标随严重度上升而同步恶化。,0.5778,BMAN-00421,ManufacturingBatch,manufacturing
BFB-04733,BRG-04733,Normal,normal,none,normal,0.9568,该轴承样本生命周期风险较低，未形成明确故障追溯链。,运行状态平稳，检测指标未呈现持续恶化趋势。,0.7822,NORMAL_BASELINE,QualityFeedback,feedback
BFB-04734,BRG-04734,B007,rolling_element_fault,rolling_element,slight,0.657,诊断结果显示轴承出现轻微滚动体故障，根因更可能来自材料阶段实体 BMAT-00314 的风险累积。,异常由微小缺陷逐步发展为周期性冲击，检测指标随严重度上升而同步恶化。,0.5652,BMAT-00314,MaterialBatch,material
BFB-04735,BRG-04735,IR007,inner_race_fault,inner_race,slight,0.5773,诊断结果显示轴承出现轻微内圈故障，根因更可能来自运维阶段实体 BOPR-04735 的风险累积。,风险首先在运维阶段形成隐患，运行中持续放大，并通过温度与振动指标表现出来。,0.6209,BOPR-04735,MaintenanceRecord,operation
BFB-04736,BRG-04736,IR014,inner_race_fault,inner_race,medium,0.7587,诊断结果显示轴承出现中等内圈故障，根因更可能来自制造阶段实体 BMAN-00985 的风险累积。,早期表现为局部接触应力升高，随后振动冲击增强，最终演化为中等内圈故障。,0.7864,BMAN-00985,ManufacturingBatch,manufacturing
BFB-04737,BRG-04737,IR007,inner_race_fault,inner_race,slight,0.6886,结合振动、峭度和温升特征，内圈故障与制造阶段异常高度一致，优先追溯到 BMAN-00334。,早期表现为局部接触应力升高，随后振动冲击增强，最终演化为轻微内圈故障。,0.5689,BMAN-00334,ManufacturingBatch,manufacturing
BFB-04738,BRG-04738,IR007,inner_race_fault,inner_race,slight,0.639,该样本的生命周期风险在装配阶段较突出，能够解释当前轻微内圈故障的主要失效模式。,风险首先在装配阶段形成隐患，运行中持续放大，并通过温度与振动指标表现出来。,0.6361,BASM-04738,AssemblyRecord,assembly
BFB-04739,BRG-04739,B007,rolling_element_fault,rolling_element,slight,0.7284,该样本的生命周期风险在检测阶段较突出，能够解释当前轻微滚动体故障的主要失效模式。,风险首先在检测阶段形成隐患，运行中持续放大，并通过温度与振动指标表现出来。,0.6988,BINSP-04739,InspectionRecord,inspection
BFB-04740,BRG-04740,OR014,outer_race_fault,outer_race,medium,0.6918,诊断结果显示轴承出现中等外圈故障，根因更可能来自装配阶段实体 BASM-04740 的风险累积。,异常由微小缺陷逐步发展为周期性冲击，检测指标随严重度上升而同步恶化。,0.6701,BASM-04740,AssemblyRecord,assembly
BFB-04741,BRG-04741,B014,rolling_element_fault,rolling_element,medium,0.6979,该样本的生命周期风险在制造阶段较突出，能够解释当前中等滚动体故障的主要失效模式。,异常由微小缺陷逐步发展为周期性冲击，检测指标随严重度上升而同步恶化。,0.6927,BMAN-00267,ManufacturingBatch,manufacturing
BFB-04742,BRG-04742,IR007,inner_race_fault,inner_race,slight,0.655,该样本的生命周期风险在制造阶段较突出，能够解释当前轻微内圈故障的主要失效模式。,异常由微小缺陷逐步发展为周期性冲击，检测指标随严重度上升而同步恶化。,0.6369,BMAN-00375,ManufacturingBatch,manufacturing
BFB-04743,BRG-04743,B021,rolling_element_fault,rolling_element,severe,0.7194,诊断结果显示轴承出现严重滚动体故障，根因更可能来自制造阶段实体 BMAN-00345 的风险累积。,异常由微小缺陷逐步发展为周期性冲击，检测指标随严重度上升而同步恶化。,0.7073,BMAN-00345,ManufacturingBatch,manufacturing
BFB-04744,BRG-04744,B021,rolling_element_fault,rolling_element,severe,0.6534,结合振动、峭度和温升特征，滚动体故障与运维阶段异常高度一致，优先追溯到 BOPR-04744。,异常由微小缺陷逐步发展为周期性冲击，检测指标随严重度上升而同步恶化。,0.5912,BOPR-04744,MaintenanceRecord,operation
BFB-04745,BRG-04745,B007,rolling_element_fault,rolling_element,slight,0.7421,结合振动、峭度和温升特征，滚动体故障与制造阶段异常高度一致，优先追溯到 BMAN-00531。,风险首先在制造阶段形成隐患，运行中持续放大，并通过温度与振动指标表现出来。,0.6221,BMAN-00531,ManufacturingBatch,manufacturing
BFB-04746,BRG-04746,OR021,outer_race_fault,outer_race,severe,0.7673,该样本的生命周期风险在装配阶段较突出，能够解释当前严重外圈故障的主要失效模式。,异常由微小缺陷逐步发展为周期性冲击，检测指标随严重度上升而同步恶化。,0.721,BASM-04746,AssemblyRecord,assembly
BFB-04747,BRG-04747,B007,rolling_element_fault,rolling_element,slight,0.6743,诊断结果显示轴承出现轻微滚动体故障，根因更可能来自材料阶段实体 BMAT-00116 的风险累积。,风险首先在材料阶段形成隐患，运行中持续放大，并通过温度与振动指标表现出来。,0.6619,BMAT-00116,MaterialBatch,material
BFB-04748,BRG-04748,B007,rolling_element_fault,rolling_element,slight,0.7466,诊断结果显示轴承出现轻微滚动体故障，根因更可能来自材料阶段实体 BMAT-00336 的风险累积。,风险首先在材料阶段形成隐患，运行中持续放大，并通过温度与振动指标表现出来。,0.7083,BMAT-00336,MaterialBatch,material
BFB-04749,BRG-04749,B014,rolling_element_fault,rolling_element,medium,0.7866,诊断结果显示轴承出现中等滚动体故障，根因更可能来自材料阶段实体 BMAT-00325 的风险累积。,风险首先在材料阶段形成隐患，运行中持续放大，并通过温度与振动指标表现出来。,0.6931,BMAT-00325,MaterialBatch,material
BFB-04750,BRG-04750,B014,rolling_element_fault,rolling_element,medium,0.7152,结合振动、峭度和温升特征，滚动体故障与装配阶段异常高度一致，优先追溯到 BASM-04750。,早期表现为局部接触应力升高，随后振动冲击增强，最终演化为中等滚动体故障。,0.6755,BASM-04750,AssemblyRecord,assembly
BFB-04751,BRG-04751,IR021,inner_race_fault,inner_race,severe,0.7477,诊断结果显示轴承出现严重内圈故障，根因更可能来自设计阶段实体 BDES-00023 的风险累积。,风险首先在设计阶段形成隐患，运行中持续放大，并通过温度与振动指标表现出来。,0.666,BDES-00023,BearingDesignSpec,design
BFB-04752,BRG-04752,IR007,inner_race_fault,inner_race,slight,0.6535,结合振动、峭度和温升特征，内圈故障与检测阶段异常高度一致，优先追溯到 BINSP-04752。,异常由微小缺陷逐步发展为周期性冲击，检测指标随严重度上升而同步恶化。,0.6351,BINSP-04752,InspectionRecord,inspection
BFB-04753,BRG-04753,OR021,outer_race_fault,outer_race,severe,0.7496,结合振动、峭度和温升特征，外圈故障与材料阶段异常高度一致，优先追溯到 BMAT-00460。,异常由微小缺陷逐步发展为周期性冲击，检测指标随严重度上升而同步恶化。,0.6376,BMAT-00460,MaterialBatch,material
BFB-04754,BRG-04754,OR014,outer_race_fault,outer_race,medium,0.7252,该样本的生命周期风险在装配阶段较突出，能够解释当前中等外圈故障的主要失效模式。,早期表现为局部接触应力升高，随后振动冲击增强，最终演化为中等外圈故障。,0.7127,BASM-04754,AssemblyRecord,assembly
BFB-04755,BRG-04755,Normal,normal,none,normal,0.917,该轴承样本生命周期风险较低，未形成明确故障追溯链。,运行状态平稳，检测指标未呈现持续恶化趋势。,0.8575,NORMAL_BASELINE,QualityFeedback,feedback
BFB-04756,BRG-04756,IR007,inner_race_fault,inner_race,slight,0.6657,该样本的生命周期风险在设计阶段较突出，能够解释当前轻微内圈故障的主要失效模式。,异常由微小缺陷逐步发展为周期性冲击，检测指标随严重度上升而同步恶化。,0.6325,BDES-00127,BearingDesignSpec,design
BFB-04757,BRG-04757,OR021,outer_race_fault,outer_race,severe,0.7887,该样本的生命周期风险在材料阶段较突出，能够解释当前严重外圈故障的主要失效模式。,早期表现为局部接触应力升高，随后振动冲击增强，最终演化为严重外圈故障。,0.7235,BMAT-00019,MaterialBatch,material
BFB-04758,BRG-04758,OR014,outer_race_fault,outer_race,medium,0.7238,结合振动、峭度和温升特征，外圈故障与制造阶段异常高度一致，优先追溯到 BMAN-00395。,早期表现为局部接触应力升高，随后振动冲击增强，最终演化为中等外圈故障。,0.6684,BMAN-00395,ManufacturingBatch,manufacturing
BFB-04759,BRG-04759,Normal,normal,none,normal,0.9311,该轴承样本生命周期风险较低，未形成明确故障追溯链。,运行状态平稳，检测指标未呈现持续恶化趋势。,0.8345,NORMAL_BASELINE,QualityFeedback,feedback
BFB-04760,BRG-04760,B014,rolling_element_fault,rolling_element,medium,0.7029,诊断结果显示轴承出现中等滚动体故障，根因更可能来自设计阶段实体 BDES-00199 的风险累积。,风险首先在设计阶段形成隐患，运行中持续放大，并通过温度与振动指标表现出来。,0.6772,BDES-00199,BearingDesignSpec,design
BFB-04761,BRG-04761,IR021,inner_race_fault,inner_race,severe,0.6775,该样本的生命周期风险在制造阶段较突出，能够解释当前严重内圈故障的主要失效模式。,风险首先在制造阶段形成隐患，运行中持续放大，并通过温度与振动指标表现出来。,0.6038,BMAN-01110,ManufacturingBatch,manufacturing
BFB-04762,BRG-04762,B007,rolling_element_fault,rolling_element,slight,0.7105,诊断结果显示轴承出现轻微滚动体故障，根因更可能来自设计阶段实体 BDES-00227 的风险累积。,早期表现为局部接触应力升高，随后振动冲击增强，最终演化为轻微滚动体故障。,0.6703,BDES-00227,BearingDesignSpec,design
BFB-04763,BRG-04763,IR007,inner_race_fault,inner_race,slight,0.7241,该样本的生命周期风险在制造阶段较突出，能够解释当前轻微内圈故障的主要失效模式。,风险首先在制造阶段形成隐患，运行中持续放大，并通过温度与振动指标表现出来。,0.6435,BMAN-00478,ManufacturingBatch,manufacturing
BFB-04764,BRG-04764,IR021,inner_race_fault,inner_race,severe,0.7233,结合振动、峭度和温升特征，内圈故障与装配阶段异常高度一致，优先追溯到 BASM-04764。,异常由微小缺陷逐步发展为周期性冲击，检测指标随严重度上升而同步恶化。,0.7047,BASM-04764,AssemblyRecord,assembly
BFB-04765,BRG-04765,B014,rolling_element_fault,rolling_element,medium,0.7233,诊断结果显示轴承出现中等滚动体故障，根因更可能来自检测阶段实体 BINSP-04765 的风险累积。,异常由微小缺陷逐步发展为周期性冲击，检测指标随严重度上升而同步恶化。,0.6704,BINSP-04765,InspectionRecord,inspection
BFB-04766,BRG-04766,B021,rolling_element_fault,rolling_element,severe,0.698,该样本的生命周期风险在材料阶段较突出，能够解释当前严重滚动体故障的主要失效模式。,早期表现为局部接触应力升高，随后振动冲击增强，最终演化为严重滚动体故障。,0.7328,BMAT-00168,MaterialBatch,material
BFB-04767,BRG-04767,OR021,outer_race_fault,outer_race,severe,0.744,诊断结果显示轴承出现严重外圈故障，根因更可能来自制造阶段实体 BMAN-00216 的风险累积。,早期表现为局部接触应力升高，随后振动冲击增强，最终演化为严重外圈故障。,0.7135,BMAN-00216,ManufacturingBatch,manufacturing
BFB-04768,BRG-04768,B014,rolling_element_fault,rolling_element,medium,0.6984,诊断结果显示轴承出现中等滚动体故障，根因更可能来自检测阶段实体 BINSP-04768 的风险累积。,早期表现为局部接触应力升高，随后振动冲击增强，最终演化为中等滚动体故障。,0.6104,BINSP-04768,InspectionRecord,inspection
BFB-04769,BRG-04769,Normal,normal,none,normal,0.93,该轴承样本生命周期风险较低，未形成明确故障追溯链。,运行状态平稳，检测指标未呈现持续恶化趋势。,0.8132,NORMAL_BASELINE,QualityFeedback,feedback
BFB-04770,BRG-04770,IR021,inner_race_fault,inner_race,severe,0.7789,诊断结果显示轴承出现严重内圈故障，根因更可能来自材料阶段实体 BMAT-00383 的风险累积。,异常由微小缺陷逐步发展为周期性冲击，检测指标随严重度上升而同步恶化。,0.6868,BMAT-00383,MaterialBatch,material
BFB-04771,BRG-04771,IR007,inner_race_fault,inner_race,slight,0.6483,诊断结果显示轴承出现轻微内圈故障，根因更可能来自运维阶段实体 BOPR-04771 的风险累积。,风险首先在运维阶段形成隐患，运行中持续放大，并通过温度与振动指标表现出来。,0.6662,BOPR-04771,MaintenanceRecord,operation
BFB-04772,BRG-04772,Normal,normal,none,normal,0.8885,该轴承样本生命周期风险较低，未形成明确故障追溯链。,运行状态平稳，检测指标未呈现持续恶化趋势。,0.8409,NORMAL_BASELINE,QualityFeedback,feedback
BFB-04773,BRG-04773,Normal,normal,none,normal,0.9138,该轴承样本生命周期风险较低，未形成明确故障追溯链。,运行状态平稳，检测指标未呈现持续恶化趋势。,0.8052,NORMAL_BASELINE,QualityFeedback,feedback
BFB-04774,BRG-04774,OR007,outer_race_fault,outer_race,slight,0.6407,该样本的生命周期风险在制造阶段较突出，能够解释当前轻微外圈故障的主要失效模式。,风险首先在制造阶段形成隐患，运行中持续放大，并通过温度与振动指标表现出来。,0.6844,BMAN-00802,ManufacturingBatch,manufacturing
BFB-04775,BRG-04775,IR007,inner_race_fault,inner_race,slight,0.7223,诊断结果显示轴承出现轻微内圈故障，根因更可能来自检测阶段实体 BINSP-04775 的风险累积。,异常由微小缺陷逐步发展为周期性冲击，检测指标随严重度上升而同步恶化。,0.6719,BINSP-04775,InspectionRecord,inspection
BFB-04776,BRG-04776,B007,rolling_element_fault,rolling_element,slight,0.745,结合振动、峭度和温升特征，滚动体故障与装配阶段异常高度一致，优先追溯到 BASM-04776。,风险首先在装配阶段形成隐患，运行中持续放大，并通过温度与振动指标表现出来。,0.6381,BASM-04776,AssemblyRecord,assembly
BFB-04777,BRG-04777,IR007,inner_race_fault,inner_race,slight,0.6936,结合振动、峭度和温升特征，内圈故障与材料阶段异常高度一致，优先追溯到 BMAT-00358。,异常由微小缺陷逐步发展为周期性冲击，检测指标随严重度上升而同步恶化。,0.6542,BMAT-00358,MaterialBatch,material
BFB-04778,BRG-04778,B014,rolling_element_fault,rolling_element,medium,0.7322,结合振动、峭度和温升特征，滚动体故障与材料阶段异常高度一致，优先追溯到 BMAT-00022。,异常由微小缺陷逐步发展为周期性冲击，检测指标随严重度上升而同步恶化。,0.6311,BMAT-00022,MaterialBatch,material
BFB-04779,BRG-04779,IR007,inner_race_fault,inner_race,slight,0.7172,诊断结果显示轴承出现轻微内圈故障，根因更可能来自制造阶段实体 BMAN-00715 的风险累积。,早期表现为局部接触应力升高，随后振动冲击增强，最终演化为轻微内圈故障。,0.6505,BMAN-00715,ManufacturingBatch,manufacturing
BFB-04780,BRG-04780,IR014,inner_race_fault,inner_race,medium,0.7576,诊断结果显示轴承出现中等内圈故障，根因更可能来自材料阶段实体 BMAT-00493 的风险累积。,异常由微小缺陷逐步发展为周期性冲击，检测指标随严重度上升而同步恶化。,0.7761,BMAT-00493,MaterialBatch,material
BFB-04781,BRG-04781,B014,rolling_element_fault,rolling_element,medium,0.7161,结合振动、峭度和温升特征，滚动体故障与装配阶段异常高度一致，优先追溯到 BASM-04781。,异常由微小缺陷逐步发展为周期性冲击，检测指标随严重度上升而同步恶化。,0.6536,BASM-04781,AssemblyRecord,assembly
BFB-04782,BRG-04782,B021,rolling_element_fault,rolling_element,severe,0.7765,诊断结果显示轴承出现严重滚动体故障，根因更可能来自制造阶段实体 BMAN-00506 的风险累积。,异常由微小缺陷逐步发展为周期性冲击，检测指标随严重度上升而同步恶化。,0.7042,BMAN-00506,ManufacturingBatch,manufacturing
BFB-04783,BRG-04783,OR014,outer_race_fault,outer_race,medium,0.6303,该样本的生命周期风险在装配阶段较突出，能够解释当前中等外圈故障的主要失效模式。,异常由微小缺陷逐步发展为周期性冲击，检测指标随严重度上升而同步恶化。,0.6603,BASM-04783,AssemblyRecord,assembly
BFB-04784,BRG-04784,OR014,outer_race_fault,outer_race,medium,0.7287,结合振动、峭度和温升特征，外圈故障与材料阶段异常高度一致，优先追溯到 BMAT-00277。,风险首先在材料阶段形成隐患，运行中持续放大，并通过温度与振动指标表现出来。,0.6216,BMAT-00277,MaterialBatch,material
BFB-04785,BRG-04785,OR014,outer_race_fault,outer_race,medium,0.7017,该样本的生命周期风险在材料阶段较突出，能够解释当前中等外圈故障的主要失效模式。,风险首先在材料阶段形成隐患，运行中持续放大，并通过温度与振动指标表现出来。,0.7344,BMAT-00247,MaterialBatch,material
BFB-04786,BRG-04786,OR021,outer_race_fault,outer_race,severe,0.7946,结合振动、峭度和温升特征，外圈故障与材料阶段异常高度一致，优先追溯到 BMAT-00489。,早期表现为局部接触应力升高，随后振动冲击增强，最终演化为严重外圈故障。,0.7409,BMAT-00489,MaterialBatch,material
BFB-04787,BRG-04787,IR007,inner_race_fault,inner_race,slight,0.6265,诊断结果显示轴承出现轻微内圈故障，根因更可能来自装配阶段实体 BASM-04787 的风险累积。,异常由微小缺陷逐步发展为周期性冲击，检测指标随严重度上升而同步恶化。,0.7134,BASM-04787,AssemblyRecord,assembly
BFB-04788,BRG-04788,OR021,outer_race_fault,outer_race,severe,0.7737,该样本的生命周期风险在材料阶段较突出，能够解释当前严重外圈故障的主要失效模式。,风险首先在材料阶段形成隐患，运行中持续放大，并通过温度与振动指标表现出来。,0.5677,BMAT-00418,MaterialBatch,material
BFB-04789,BRG-04789,IR021,inner_race_fault,inner_race,severe,0.7025,结合振动、峭度和温升特征，内圈故障与装配阶段异常高度一致，优先追溯到 BASM-04789。,异常由微小缺陷逐步发展为周期性冲击，检测指标随严重度上升而同步恶化。,0.7491,BASM-04789,AssemblyRecord,assembly
BFB-04790,BRG-04790,Normal,normal,none,normal,0.9121,该轴承样本生命周期风险较低，未形成明确故障追溯链。,运行状态平稳，检测指标未呈现持续恶化趋势。,0.7968,NORMAL_BASELINE,QualityFeedback,feedback
BFB-04791,BRG-04791,OR021,outer_race_fault,outer_race,severe,0.6851,诊断结果显示轴承出现严重外圈故障，根因更可能来自制造阶段实体 BMAN-01050 的风险累积。,异常由微小缺陷逐步发展为周期性冲击，检测指标随严重度上升而同步恶化。,0.6169,BMAN-01050,ManufacturingBatch,manufacturing
BFB-04792,BRG-04792,Normal,normal,none,normal,0.9221,该轴承样本生命周期风险较低，未形成明确故障追溯链。,运行状态平稳，检测指标未呈现持续恶化趋势。,0.8642,NORMAL_BASELINE,QualityFeedback,feedback
BFB-04793,BRG-04793,OR007,outer_race_fault,outer_race,slight,0.729,诊断结果显示轴承出现轻微外圈故障，根因更可能来自装配阶段实体 BASM-04793 的风险累积。,异常由微小缺陷逐步发展为周期性冲击，检测指标随严重度上升而同步恶化。,0.6188,BASM-04793,AssemblyRecord,assembly
BFB-04794,BRG-04794,OR021,outer_race_fault,outer_race,severe,0.7035,诊断结果显示轴承出现严重外圈故障，根因更可能来自设计阶段实体 BDES-00138 的风险累积。,异常由微小缺陷逐步发展为周期性冲击，检测指标随严重度上升而同步恶化。,0.7887,BDES-00138,BearingDesignSpec,design
BFB-04795,BRG-04795,Normal,normal,none,normal,0.8694,该轴承样本生命周期风险较低，未形成明确故障追溯链。,运行状态平稳，检测指标未呈现持续恶化趋势。,0.8885,NORMAL_BASELINE,QualityFeedback,feedback
BFB-04796,BRG-04796,OR014,outer_race_fault,outer_race,medium,0.7064,结合振动、峭度和温升特征，外圈故障与装配阶段异常高度一致，优先追溯到 BASM-04796。,早期表现为局部接触应力升高，随后振动冲击增强，最终演化为中等外圈故障。,0.6759,BASM-04796,AssemblyRecord,assembly
BFB-04797,BRG-04797,IR014,inner_race_fault,inner_race,medium,0.6979,该样本的生命周期风险在材料阶段较突出，能够解释当前中等内圈故障的主要失效模式。,早期表现为局部接触应力升高，随后振动冲击增强，最终演化为中等内圈故障。,0.6304,BMAT-00196,MaterialBatch,material
BFB-04798,BRG-04798,B014,rolling_element_fault,rolling_element,medium,0.7042,结合振动、峭度和温升特征，滚动体故障与材料阶段异常高度一致，优先追溯到 BMAT-00189。,早期表现为局部接触应力升高，随后振动冲击增强，最终演化为中等滚动体故障。,0.568,BMAT-00189,MaterialBatch,material
BFB-04799,BRG-04799,OR021,outer_race_fault,outer_race,severe,0.8047,诊断结果显示轴承出现严重外圈故障，根因更可能来自装配阶段实体 BASM-04799 的风险累积。,风险首先在装配阶段形成隐患，运行中持续放大，并通过温度与振动指标表现出来。,0.6333,BASM-04799,AssemblyRecord,assembly
BFB-04800,BRG-04800,B021,rolling_element_fault,rolling_element,severe,0.6616,结合振动、峭度和温升特征，滚动体故障与装配阶段异常高度一致，优先追溯到 BASM-04800。,异常由微小缺陷逐步发展为周期性冲击，检测指标随严重度上升而同步恶化。,0.7162,BASM-04800,AssemblyRecord,assembly
BFB-04801,BRG-04801,OR007,outer_race_fault,outer_race,slight,0.6896,该样本的生命周期风险在制造阶段较突出，能够解释当前轻微外圈故障的主要失效模式。,异常由微小缺陷逐步发展为周期性冲击，检测指标随严重度上升而同步恶化。,0.6998,BMAN-00531,ManufacturingBatch,manufacturing
BFB-04802,BRG-04802,B014,rolling_element_fault,rolling_element,medium,0.6708,诊断结果显示轴承出现中等滚动体故障，根因更可能来自检测阶段实体 BINSP-04802 的风险累积。,风险首先在检测阶段形成隐患，运行中持续放大，并通过温度与振动指标表现出来。,0.7732,BINSP-04802,InspectionRecord,inspection
BFB-04803,BRG-04803,B014,rolling_element_fault,rolling_element,medium,0.7031,该样本的生命周期风险在制造阶段较突出，能够解释当前中等滚动体故障的主要失效模式。,早期表现为局部接触应力升高，随后振动冲击增强，最终演化为中等滚动体故障。,0.6215,BMAN-00987,ManufacturingBatch,manufacturing
BFB-04804,BRG-04804,IR007,inner_race_fault,inner_race,slight,0.694,诊断结果显示轴承出现轻微内圈故障，根因更可能来自检测阶段实体 BINSP-04804 的风险累积。,风险首先在检测阶段形成隐患，运行中持续放大，并通过温度与振动指标表现出来。,0.6264,BINSP-04804,InspectionRecord,inspection
BFB-04805,BRG-04805,B007,rolling_element_fault,rolling_element,slight,0.659,结合振动、峭度和温升特征，滚动体故障与装配阶段异常高度一致，优先追溯到 BASM-04805。,风险首先在装配阶段形成隐患，运行中持续放大，并通过温度与振动指标表现出来。,0.5909,BASM-04805,AssemblyRecord,assembly
BFB-04806,BRG-04806,OR021,outer_race_fault,outer_race,severe,0.6815,诊断结果显示轴承出现严重外圈故障，根因更可能来自装配阶段实体 BASM-04806 的风险累积。,风险首先在装配阶段形成隐患，运行中持续放大，并通过温度与振动指标表现出来。,0.7016,BASM-04806,AssemblyRecord,assembly
BFB-04807,BRG-04807,B007,rolling_element_fault,rolling_element,slight,0.6387,结合振动、峭度和温升特征，滚动体故障与装配阶段异常高度一致，优先追溯到 BASM-04807。,异常由微小缺陷逐步发展为周期性冲击，检测指标随严重度上升而同步恶化。,0.749,BASM-04807,AssemblyRecord,assembly
BFB-04808,BRG-04808,IR014,inner_race_fault,inner_race,medium,0.683,诊断结果显示轴承出现中等内圈故障，根因更可能来自制造阶段实体 BMAN-00731 的风险累积。,异常由微小缺陷逐步发展为周期性冲击，检测指标随严重度上升而同步恶化。,0.6463,BMAN-00731,ManufacturingBatch,manufacturing
BFB-04809,BRG-04809,IR007,inner_race_fault,inner_race,slight,0.6505,该样本的生命周期风险在制造阶段较突出，能够解释当前轻微内圈故障的主要失效模式。,风险首先在制造阶段形成隐患，运行中持续放大，并通过温度与振动指标表现出来。,0.7179,BMAN-00688,ManufacturingBatch,manufacturing
BFB-04810,BRG-04810,IR014,inner_race_fault,inner_race,medium,0.7523,该样本的生命周期风险在制造阶段较突出，能够解释当前中等内圈故障的主要失效模式。,早期表现为局部接触应力升高，随后振动冲击增强，最终演化为中等内圈故障。,0.6912,BMAN-00631,ManufacturingBatch,manufacturing
BFB-04811,BRG-04811,B014,rolling_element_fault,rolling_element,medium,0.74,结合振动、峭度和温升特征，滚动体故障与制造阶段异常高度一致，优先追溯到 BMAN-00104。,风险首先在制造阶段形成隐患，运行中持续放大，并通过温度与振动指标表现出来。,0.613,BMAN-00104,ManufacturingBatch,manufacturing
BFB-04812,BRG-04812,B014,rolling_element_fault,rolling_element,medium,0.7028,该样本的生命周期风险在制造阶段较突出，能够解释当前中等滚动体故障的主要失效模式。,早期表现为局部接触应力升高，随后振动冲击增强，最终演化为中等滚动体故障。,0.6778,BMAN-00949,ManufacturingBatch,manufacturing
BFB-04813,BRG-04813,IR007,inner_race_fault,inner_race,slight,0.6326,诊断结果显示轴承出现轻微内圈故障，根因更可能来自检测阶段实体 BINSP-04813 的风险累积。,异常由微小缺陷逐步发展为周期性冲击，检测指标随严重度上升而同步恶化。,0.6661,BINSP-04813,InspectionRecord,inspection
BFB-04814,BRG-04814,B014,rolling_element_fault,rolling_element,medium,0.6728,该样本的生命周期风险在设计阶段较突出，能够解释当前中等滚动体故障的主要失效模式。,早期表现为局部接触应力升高，随后振动冲击增强，最终演化为中等滚动体故障。,0.6573,BDES-00243,BearingDesignSpec,design
BFB-04815,BRG-04815,IR021,inner_race_fault,inner_race,severe,0.6814,结合振动、峭度和温升特征，内圈故障与材料阶段异常高度一致，优先追溯到 BMAT-00493。,风险首先在材料阶段形成隐患，运行中持续放大，并通过温度与振动指标表现出来。,0.7593,BMAT-00493,MaterialBatch,material
BFB-04816,BRG-04816,IR007,inner_race_fault,inner_race,slight,0.7225,该样本的生命周期风险在装配阶段较突出，能够解释当前轻微内圈故障的主要失效模式。,异常由微小缺陷逐步发展为周期性冲击，检测指标随严重度上升而同步恶化。,0.6309,BASM-04816,AssemblyRecord,assembly
BFB-04817,BRG-04817,OR021,outer_race_fault,outer_race,severe,0.716,该样本的生命周期风险在设计阶段较突出，能够解释当前严重外圈故障的主要失效模式。,异常由微小缺陷逐步发展为周期性冲击，检测指标随严重度上升而同步恶化。,0.6984,BDES-00479,BearingDesignSpec,design
BFB-04818,BRG-04818,IR007,inner_race_fault,inner_race,slight,0.6187,诊断结果显示轴承出现轻微内圈故障，根因更可能来自制造阶段实体 BMAN-00898 的风险累积。,风险首先在制造阶段形成隐患，运行中持续放大，并通过温度与振动指标表现出来。,0.5836,BMAN-00898,ManufacturingBatch,manufacturing
BFB-04819,BRG-04819,B007,rolling_element_fault,rolling_element,slight,0.6909,该样本的生命周期风险在材料阶段较突出，能够解释当前轻微滚动体故障的主要失效模式。,早期表现为局部接触应力升高，随后振动冲击增强，最终演化为轻微滚动体故障。,0.7069,BMAT-00155,MaterialBatch,material
BFB-04820,BRG-04820,IR007,inner_race_fault,inner_race,slight,0.7135,结合振动、峭度和温升特征，内圈故障与制造阶段异常高度一致，优先追溯到 BMAN-01097。,风险首先在制造阶段形成隐患，运行中持续放大，并通过温度与振动指标表现出来。,0.5148,BMAN-01097,ManufacturingBatch,manufacturing
BFB-04821,BRG-04821,OR021,outer_race_fault,outer_race,severe,0.7446,诊断结果显示轴承出现严重外圈故障，根因更可能来自材料阶段实体 BMAT-00260 的风险累积。,风险首先在材料阶段形成隐患，运行中持续放大，并通过温度与振动指标表现出来。,0.8512,BMAT-00260,MaterialBatch,material
BFB-04822,BRG-04822,OR014,outer_race_fault,outer_race,medium,0.6527,诊断结果显示轴承出现中等外圈故障，根因更可能来自装配阶段实体 BASM-04822 的风险累积。,异常由微小缺陷逐步发展为周期性冲击，检测指标随严重度上升而同步恶化。,0.6216,BASM-04822,AssemblyRecord,assembly
BFB-04823,BRG-04823,B021,rolling_element_fault,rolling_element,severe,0.7419,诊断结果显示轴承出现严重滚动体故障，根因更可能来自运维阶段实体 BOPR-04823 的风险累积。,异常由微小缺陷逐步发展为周期性冲击，检测指标随严重度上升而同步恶化。,0.6809,BOPR-04823,MaintenanceRecord,operation
BFB-04824,BRG-04824,IR014,inner_race_fault,inner_race,medium,0.7497,结合振动、峭度和温升特征，内圈故障与装配阶段异常高度一致，优先追溯到 BASM-04824。,异常由微小缺陷逐步发展为周期性冲击，检测指标随严重度上升而同步恶化。,0.6844,BASM-04824,AssemblyRecord,assembly
BFB-04825,BRG-04825,B014,rolling_element_fault,rolling_element,medium,0.627,该样本的生命周期风险在装配阶段较突出，能够解释当前中等滚动体故障的主要失效模式。,早期表现为局部接触应力升高，随后振动冲击增强，最终演化为中等滚动体故障。,0.5479,BASM-04825,AssemblyRecord,assembly
BFB-04826,BRG-04826,B021,rolling_element_fault,rolling_element,severe,0.6755,诊断结果显示轴承出现严重滚动体故障，根因更可能来自制造阶段实体 BMAN-00744 的风险累积。,异常由微小缺陷逐步发展为周期性冲击，检测指标随严重度上升而同步恶化。,0.6834,BMAN-00744,ManufacturingBatch,manufacturing
BFB-04827,BRG-04827,B014,rolling_element_fault,rolling_element,medium,0.6258,诊断结果显示轴承出现中等滚动体故障，根因更可能来自材料阶段实体 BMAT-00298 的风险累积。,风险首先在材料阶段形成隐患，运行中持续放大，并通过温度与振动指标表现出来。,0.7314,BMAT-00298,MaterialBatch,material
BFB-04828,BRG-04828,IR007,inner_race_fault,inner_race,slight,0.6668,该样本的生命周期风险在制造阶段较突出，能够解释当前轻微内圈故障的主要失效模式。,风险首先在制造阶段形成隐患，运行中持续放大，并通过温度与振动指标表现出来。,0.5884,BMAN-00533,ManufacturingBatch,manufacturing
BFB-04829,BRG-04829,B014,rolling_element_fault,rolling_element,medium,0.6993,该样本的生命周期风险在制造阶段较突出，能够解释当前中等滚动体故障的主要失效模式。,早期表现为局部接触应力升高，随后振动冲击增强，最终演化为中等滚动体故障。,0.6591,BMAN-00804,ManufacturingBatch,manufacturing
BFB-04830,BRG-04830,OR007,outer_race_fault,outer_race,slight,0.7374,该样本的生命周期风险在材料阶段较突出，能够解释当前轻微外圈故障的主要失效模式。,异常由微小缺陷逐步发展为周期性冲击，检测指标随严重度上升而同步恶化。,0.6753,BMAT-00149,MaterialBatch,material
BFB-04831,BRG-04831,IR014,inner_race_fault,inner_race,medium,0.7279,该样本的生命周期风险在材料阶段较突出，能够解释当前中等内圈故障的主要失效模式。,异常由微小缺陷逐步发展为周期性冲击，检测指标随严重度上升而同步恶化。,0.6937,BMAT-00479,MaterialBatch,material
BFB-04832,BRG-04832,IR021,inner_race_fault,inner_race,severe,0.7317,诊断结果显示轴承出现严重内圈故障，根因更可能来自装配阶段实体 BASM-04832 的风险累积。,早期表现为局部接触应力升高，随后振动冲击增强，最终演化为严重内圈故障。,0.6853,BASM-04832,AssemblyRecord,assembly
BFB-04833,BRG-04833,B007,rolling_element_fault,rolling_element,slight,0.7132,该样本的生命周期风险在运维阶段较突出，能够解释当前轻微滚动体故障的主要失效模式。,早期表现为局部接触应力升高，随后振动冲击增强，最终演化为轻微滚动体故障。,0.5542,BOPR-04833,MaintenanceRecord,operation
BFB-04834,BRG-04834,IR007,inner_race_fault,inner_race,slight,0.7013,该样本的生命周期风险在装配阶段较突出，能够解释当前轻微内圈故障的主要失效模式。,异常由微小缺陷逐步发展为周期性冲击，检测指标随严重度上升而同步恶化。,0.6351,BASM-04834,AssemblyRecord,assembly
BFB-04835,BRG-04835,IR021,inner_race_fault,inner_race,severe,0.7646,诊断结果显示轴承出现严重内圈故障，根因更可能来自装配阶段实体 BASM-04835 的风险累积。,风险首先在装配阶段形成隐患，运行中持续放大，并通过温度与振动指标表现出来。,0.684,BASM-04835,AssemblyRecord,assembly
BFB-04836,BRG-04836,B007,rolling_element_fault,rolling_element,slight,0.7581,诊断结果显示轴承出现轻微滚动体故障，根因更可能来自设计阶段实体 BDES-00752 的风险累积。,异常由微小缺陷逐步发展为周期性冲击，检测指标随严重度上升而同步恶化。,0.6699,BDES-00752,BearingDesignSpec,design
BFB-04837,BRG-04837,B014,rolling_element_fault,rolling_element,medium,0.7711,该样本的生命周期风险在装配阶段较突出，能够解释当前中等滚动体故障的主要失效模式。,异常由微小缺陷逐步发展为周期性冲击，检测指标随严重度上升而同步恶化。,0.672,BASM-04837,AssemblyRecord,assembly
BFB-04838,BRG-04838,IR007,inner_race_fault,inner_race,slight,0.6269,结合振动、峭度和温升特征，内圈故障与装配阶段异常高度一致，优先追溯到 BASM-04838。,早期表现为局部接触应力升高，随后振动冲击增强，最终演化为轻微内圈故障。,0.6267,BASM-04838,AssemblyRecord,assembly
BFB-04839,BRG-04839,B021,rolling_element_fault,rolling_element,severe,0.7193,该样本的生命周期风险在检测阶段较突出，能够解释当前严重滚动体故障的主要失效模式。,风险首先在检测阶段形成隐患，运行中持续放大，并通过温度与振动指标表现出来。,0.7677,BINSP-04839,InspectionRecord,inspection
BFB-04840,BRG-04840,B007,rolling_element_fault,rolling_element,slight,0.6785,结合振动、峭度和温升特征，滚动体故障与制造阶段异常高度一致，优先追溯到 BMAN-00537。,风险首先在制造阶段形成隐患，运行中持续放大，并通过温度与振动指标表现出来。,0.6272,BMAN-00537,ManufacturingBatch,manufacturing
BFB-04841,BRG-04841,OR007,outer_race_fault,outer_race,slight,0.6398,结合振动、峭度和温升特征，外圈故障与运维阶段异常高度一致，优先追溯到 BOPR-04841。,异常由微小缺陷逐步发展为周期性冲击，检测指标随严重度上升而同步恶化。,0.6132,BOPR-04841,MaintenanceRecord,operation
BFB-04842,BRG-04842,B007,rolling_element_fault,rolling_element,slight,0.6439,该样本的生命周期风险在制造阶段较突出，能够解释当前轻微滚动体故障的主要失效模式。,异常由微小缺陷逐步发展为周期性冲击，检测指标随严重度上升而同步恶化。,0.6954,BMAN-00200,ManufacturingBatch,manufacturing
BFB-04843,BRG-04843,OR014,outer_race_fault,outer_race,medium,0.6273,该样本的生命周期风险在制造阶段较突出，能够解释当前中等外圈故障的主要失效模式。,早期表现为局部接触应力升高，随后振动冲击增强，最终演化为中等外圈故障。,0.8146,BMAN-00585,ManufacturingBatch,manufacturing
BFB-04844,BRG-04844,OR014,outer_race_fault,outer_race,medium,0.7438,结合振动、峭度和温升特征，外圈故障与设计阶段异常高度一致，优先追溯到 BDES-00763。,异常由微小缺陷逐步发展为周期性冲击，检测指标随严重度上升而同步恶化。,0.7229,BDES-00763,BearingDesignSpec,design
BFB-04845,BRG-04845,OR007,outer_race_fault,outer_race,slight,0.7026,结合振动、峭度和温升特征，外圈故障与装配阶段异常高度一致，优先追溯到 BASM-04845。,早期表现为局部接触应力升高，随后振动冲击增强，最终演化为轻微外圈故障。,0.6445,BASM-04845,AssemblyRecord,assembly
BFB-04846,BRG-04846,B014,rolling_element_fault,rolling_element,medium,0.7125,诊断结果显示轴承出现中等滚动体故障，根因更可能来自装配阶段实体 BASM-04846 的风险累积。,早期表现为局部接触应力升高，随后振动冲击增强，最终演化为中等滚动体故障。,0.7155,BASM-04846,AssemblyRecord,assembly
BFB-04847,BRG-04847,OR007,outer_race_fault,outer_race,slight,0.6745,该样本的生命周期风险在设计阶段较突出，能够解释当前轻微外圈故障的主要失效模式。,风险首先在设计阶段形成隐患，运行中持续放大，并通过温度与振动指标表现出来。,0.6061,BDES-00573,BearingDesignSpec,design
BFB-04848,BRG-04848,Normal,normal,none,normal,0.9379,该轴承样本生命周期风险较低，未形成明确故障追溯链。,运行状态平稳，检测指标未呈现持续恶化趋势。,0.8516,NORMAL_BASELINE,QualityFeedback,feedback
BFB-04849,BRG-04849,IR021,inner_race_fault,inner_race,severe,0.7329,结合振动、峭度和温升特征，内圈故障与设计阶段异常高度一致，优先追溯到 BDES-00697。,风险首先在设计阶段形成隐患，运行中持续放大，并通过温度与振动指标表现出来。,0.7272,BDES-00697,BearingDesignSpec,design
BFB-04850,BRG-04850,B014,rolling_element_fault,rolling_element,medium,0.6721,该样本的生命周期风险在装配阶段较突出，能够解释当前中等滚动体故障的主要失效模式。,早期表现为局部接触应力升高，随后振动冲击增强，最终演化为中等滚动体故障。,0.6008,BASM-04850,AssemblyRecord,assembly
BFB-04851,BRG-04851,IR014,inner_race_fault,inner_race,medium,0.6448,诊断结果显示轴承出现中等内圈故障，根因更可能来自制造阶段实体 BMAN-01169 的风险累积。,早期表现为局部接触应力升高，随后振动冲击增强，最终演化为中等内圈故障。,0.7346,BMAN-01169,ManufacturingBatch,manufacturing
BFB-04852,BRG-04852,OR007,outer_race_fault,outer_race,slight,0.7134,该样本的生命周期风险在制造阶段较突出，能够解释当前轻微外圈故障的主要失效模式。,异常由微小缺陷逐步发展为周期性冲击，检测指标随严重度上升而同步恶化。,0.6832,BMAN-00779,ManufacturingBatch,manufacturing
BFB-04853,BRG-04853,B014,rolling_element_fault,rolling_element,medium,0.6601,诊断结果显示轴承出现中等滚动体故障，根因更可能来自装配阶段实体 BASM-04853 的风险累积。,早期表现为局部接触应力升高，随后振动冲击增强，最终演化为中等滚动体故障。,0.665,BASM-04853,AssemblyRecord,assembly
BFB-04854,BRG-04854,B014,rolling_element_fault,rolling_element,medium,0.777,诊断结果显示轴承出现中等滚动体故障，根因更可能来自制造阶段实体 BMAN-00987 的风险累积。,异常由微小缺陷逐步发展为周期性冲击，检测指标随严重度上升而同步恶化。,0.736,BMAN-00987,ManufacturingBatch,manufacturing
BFB-04855,BRG-04855,OR007,outer_race_fault,outer_race,slight,0.6718,诊断结果显示轴承出现轻微外圈故障，根因更可能来自检测阶段实体 BINSP-04855 的风险累积。,风险首先在检测阶段形成隐患，运行中持续放大，并通过温度与振动指标表现出来。,0.6098,BINSP-04855,InspectionRecord,inspection
BFB-04856,BRG-04856,B007,rolling_element_fault,rolling_element,slight,0.6999,诊断结果显示轴承出现轻微滚动体故障，根因更可能来自装配阶段实体 BASM-04856 的风险累积。,早期表现为局部接触应力升高，随后振动冲击增强，最终演化为轻微滚动体故障。,0.5899,BASM-04856,AssemblyRecord,assembly
BFB-04857,BRG-04857,IR007,inner_race_fault,inner_race,slight,0.6913,该样本的生命周期风险在装配阶段较突出，能够解释当前轻微内圈故障的主要失效模式。,风险首先在装配阶段形成隐患，运行中持续放大，并通过温度与振动指标表现出来。,0.6569,BASM-04857,AssemblyRecord,assembly
BFB-04858,BRG-04858,IR021,inner_race_fault,inner_race,severe,0.7201,结合振动、峭度和温升特征，内圈故障与制造阶段异常高度一致，优先追溯到 BMAN-00359。,风险首先在制造阶段形成隐患，运行中持续放大，并通过温度与振动指标表现出来。,0.7777,BMAN-00359,ManufacturingBatch,manufacturing
BFB-04859,BRG-04859,Normal,normal,none,normal,0.9374,该轴承样本生命周期风险较低，未形成明确故障追溯链。,运行状态平稳，检测指标未呈现持续恶化趋势。,0.8164,NORMAL_BASELINE,QualityFeedback,feedback
BFB-04860,BRG-04860,Normal,normal,none,normal,0.9519,该轴承样本生命周期风险较低，未形成明确故障追溯链。,运行状态平稳，检测指标未呈现持续恶化趋势。,0.8615,NORMAL_BASELINE,QualityFeedback,feedback
BFB-04861,BRG-04861,IR007,inner_race_fault,inner_race,slight,0.601,诊断结果显示轴承出现轻微内圈故障，根因更可能来自装配阶段实体 BASM-04861 的风险累积。,早期表现为局部接触应力升高，随后振动冲击增强，最终演化为轻微内圈故障。,0.6549,BASM-04861,AssemblyRecord,assembly
BFB-04862,BRG-04862,B014,rolling_element_fault,rolling_element,medium,0.7283,该样本的生命周期风险在装配阶段较突出，能够解释当前中等滚动体故障的主要失效模式。,风险首先在装配阶段形成隐患，运行中持续放大，并通过温度与振动指标表现出来。,0.6729,BASM-04862,AssemblyRecord,assembly
BFB-04863,BRG-04863,B007,rolling_element_fault,rolling_element,slight,0.6821,该样本的生命周期风险在材料阶段较突出，能够解释当前轻微滚动体故障的主要失效模式。,风险首先在材料阶段形成隐患，运行中持续放大，并通过温度与振动指标表现出来。,0.6794,BMAT-00456,MaterialBatch,material
BFB-04864,BRG-04864,B014,rolling_element_fault,rolling_element,medium,0.7178,诊断结果显示轴承出现中等滚动体故障，根因更可能来自制造阶段实体 BMAN-00227 的风险累积。,风险首先在制造阶段形成隐患，运行中持续放大，并通过温度与振动指标表现出来。,0.6038,BMAN-00227,ManufacturingBatch,manufacturing
BFB-04865,BRG-04865,B014,rolling_element_fault,rolling_element,medium,0.7362,诊断结果显示轴承出现中等滚动体故障，根因更可能来自材料阶段实体 BMAT-00307 的风险累积。,早期表现为局部接触应力升高，随后振动冲击增强，最终演化为中等滚动体故障。,0.6462,BMAT-00307,MaterialBatch,material
BFB-04866,BRG-04866,B007,rolling_element_fault,rolling_element,slight,0.6143,结合振动、峭度和温升特征，滚动体故障与检测阶段异常高度一致，优先追溯到 BINSP-04866。,异常由微小缺陷逐步发展为周期性冲击，检测指标随严重度上升而同步恶化。,0.7118,BINSP-04866,InspectionRecord,inspection
BFB-04867,BRG-04867,B014,rolling_element_fault,rolling_element,medium,0.7516,诊断结果显示轴承出现中等滚动体故障，根因更可能来自运维阶段实体 BOPR-04867 的风险累积。,异常由微小缺陷逐步发展为周期性冲击，检测指标随严重度上升而同步恶化。,0.6693,BOPR-04867,MaintenanceRecord,operation
BFB-04868,BRG-04868,IR021,inner_race_fault,inner_race,severe,0.6942,诊断结果显示轴承出现严重内圈故障，根因更可能来自材料阶段实体 BMAT-00269 的风险累积。,异常由微小缺陷逐步发展为周期性冲击，检测指标随严重度上升而同步恶化。,0.7085,BMAT-00269,MaterialBatch,material
BFB-04869,BRG-04869,OR021,outer_race_fault,outer_race,severe,0.7461,结合振动、峭度和温升特征，外圈故障与运维阶段异常高度一致，优先追溯到 BOPR-04869。,异常由微小缺陷逐步发展为周期性冲击，检测指标随严重度上升而同步恶化。,0.6758,BOPR-04869,MaintenanceRecord,operation
BFB-04870,BRG-04870,Normal,normal,none,normal,0.883,该轴承样本生命周期风险较低，未形成明确故障追溯链。,运行状态平稳，检测指标未呈现持续恶化趋势。,0.8981,NORMAL_BASELINE,QualityFeedback,feedback
BFB-04871,BRG-04871,IR021,inner_race_fault,inner_race,severe,0.7494,该样本的生命周期风险在制造阶段较突出，能够解释当前严重内圈故障的主要失效模式。,风险首先在制造阶段形成隐患，运行中持续放大，并通过温度与振动指标表现出来。,0.7059,BMAN-01139,ManufacturingBatch,manufacturing
BFB-04872,BRG-04872,B007,rolling_element_fault,rolling_element,slight,0.6935,该样本的生命周期风险在设计阶段较突出，能够解释当前轻微滚动体故障的主要失效模式。,异常由微小缺陷逐步发展为周期性冲击，检测指标随严重度上升而同步恶化。,0.6372,BDES-00676,BearingDesignSpec,design
BFB-04873,BRG-04873,IR021,inner_race_fault,inner_race,severe,0.7573,该样本的生命周期风险在装配阶段较突出，能够解释当前严重内圈故障的主要失效模式。,异常由微小缺陷逐步发展为周期性冲击，检测指标随严重度上升而同步恶化。,0.706,BASM-04873,AssemblyRecord,assembly
BFB-04874,BRG-04874,B014,rolling_element_fault,rolling_element,medium,0.644,结合振动、峭度和温升特征，滚动体故障与制造阶段异常高度一致，优先追溯到 BMAN-00169。,风险首先在制造阶段形成隐患，运行中持续放大，并通过温度与振动指标表现出来。,0.7447,BMAN-00169,ManufacturingBatch,manufacturing
BFB-04875,BRG-04875,B014,rolling_element_fault,rolling_element,medium,0.6521,该样本的生命周期风险在制造阶段较突出，能够解释当前中等滚动体故障的主要失效模式。,风险首先在制造阶段形成隐患，运行中持续放大，并通过温度与振动指标表现出来。,0.6883,BMAN-00035,ManufacturingBatch,manufacturing
BFB-04876,BRG-04876,OR014,outer_race_fault,outer_race,medium,0.6882,诊断结果显示轴承出现中等外圈故障，根因更可能来自制造阶段实体 BMAN-00494 的风险累积。,早期表现为局部接触应力升高，随后振动冲击增强，最终演化为中等外圈故障。,0.6381,BMAN-00494,ManufacturingBatch,manufacturing
BFB-04877,BRG-04877,IR021,inner_race_fault,inner_race,severe,0.6702,该样本的生命周期风险在材料阶段较突出，能够解释当前严重内圈故障的主要失效模式。,异常由微小缺陷逐步发展为周期性冲击，检测指标随严重度上升而同步恶化。,0.7469,BMAT-00001,MaterialBatch,material
BFB-04878,BRG-04878,OR014,outer_race_fault,outer_race,medium,0.7199,该样本的生命周期风险在装配阶段较突出，能够解释当前中等外圈故障的主要失效模式。,风险首先在装配阶段形成隐患，运行中持续放大，并通过温度与振动指标表现出来。,0.6043,BASM-04878,AssemblyRecord,assembly
BFB-04879,BRG-04879,OR014,outer_race_fault,outer_race,medium,0.7641,该样本的生命周期风险在制造阶段较突出，能够解释当前中等外圈故障的主要失效模式。,风险首先在制造阶段形成隐患，运行中持续放大，并通过温度与振动指标表现出来。,0.6599,BMAN-00405,ManufacturingBatch,manufacturing
BFB-04880,BRG-04880,Normal,normal,none,normal,0.8714,该轴承样本生命周期风险较低，未形成明确故障追溯链。,运行状态平稳，检测指标未呈现持续恶化趋势。,0.7974,NORMAL_BASELINE,QualityFeedback,feedback
BFB-04881,BRG-04881,OR021,outer_race_fault,outer_race,severe,0.7256,结合振动、峭度和温升特征，外圈故障与制造阶段异常高度一致，优先追溯到 BMAN-00723。,早期表现为局部接触应力升高，随后振动冲击增强，最终演化为严重外圈故障。,0.7452,BMAN-00723,ManufacturingBatch,manufacturing
BFB-04882,BRG-04882,OR021,outer_race_fault,outer_race,severe,0.7597,结合振动、峭度和温升特征，外圈故障与装配阶段异常高度一致，优先追溯到 BASM-04882。,早期表现为局部接触应力升高，随后振动冲击增强，最终演化为严重外圈故障。,0.6557,BASM-04882,AssemblyRecord,assembly
BFB-04883,BRG-04883,IR014,inner_race_fault,inner_race,medium,0.715,诊断结果显示轴承出现中等内圈故障，根因更可能来自检测阶段实体 BINSP-04883 的风险累积。,异常由微小缺陷逐步发展为周期性冲击，检测指标随严重度上升而同步恶化。,0.7171,BINSP-04883,InspectionRecord,inspection
BFB-04884,BRG-04884,B007,rolling_element_fault,rolling_element,slight,0.7086,该样本的生命周期风险在制造阶段较突出，能够解释当前轻微滚动体故障的主要失效模式。,风险首先在制造阶段形成隐患，运行中持续放大，并通过温度与振动指标表现出来。,0.6498,BMAN-00530,ManufacturingBatch,manufacturing
BFB-04885,BRG-04885,OR021,outer_race_fault,outer_race,severe,0.732,诊断结果显示轴承出现严重外圈故障，根因更可能来自材料阶段实体 BMAT-00031 的风险累积。,风险首先在材料阶段形成隐患，运行中持续放大，并通过温度与振动指标表现出来。,0.7883,BMAT-00031,MaterialBatch,material
BFB-04886,BRG-04886,IR007,inner_race_fault,inner_race,slight,0.6712,结合振动、峭度和温升特征，内圈故障与设计阶段异常高度一致，优先追溯到 BDES-00140。,风险首先在设计阶段形成隐患，运行中持续放大，并通过温度与振动指标表现出来。,0.5638,BDES-00140,BearingDesignSpec,design
BFB-04887,BRG-04887,IR007,inner_race_fault,inner_race,slight,0.6907,该样本的生命周期风险在材料阶段较突出，能够解释当前轻微内圈故障的主要失效模式。,风险首先在材料阶段形成隐患，运行中持续放大，并通过温度与振动指标表现出来。,0.6569,BMAT-00121,MaterialBatch,material
BFB-04888,BRG-04888,B007,rolling_element_fault,rolling_element,slight,0.7145,该样本的生命周期风险在材料阶段较突出，能够解释当前轻微滚动体故障的主要失效模式。,异常由微小缺陷逐步发展为周期性冲击，检测指标随严重度上升而同步恶化。,0.7123,BMAT-00125,MaterialBatch,material
BFB-04889,BRG-04889,OR007,outer_race_fault,outer_race,slight,0.677,结合振动、峭度和温升特征，外圈故障与检测阶段异常高度一致，优先追溯到 BINSP-04889。,异常由微小缺陷逐步发展为周期性冲击，检测指标随严重度上升而同步恶化。,0.6456,BINSP-04889,InspectionRecord,inspection
BFB-04890,BRG-04890,B021,rolling_element_fault,rolling_element,severe,0.692,该样本的生命周期风险在制造阶段较突出，能够解释当前严重滚动体故障的主要失效模式。,早期表现为局部接触应力升高，随后振动冲击增强，最终演化为严重滚动体故障。,0.5848,BMAN-01149,ManufacturingBatch,manufacturing
BFB-04891,BRG-04891,OR007,outer_race_fault,outer_race,slight,0.7146,结合振动、峭度和温升特征，外圈故障与材料阶段异常高度一致，优先追溯到 BMAT-00150。,早期表现为局部接触应力升高，随后振动冲击增强，最终演化为轻微外圈故障。,0.6816,BMAT-00150,MaterialBatch,material
BFB-04892,BRG-04892,B014,rolling_element_fault,rolling_element,medium,0.7248,结合振动、峭度和温升特征，滚动体故障与设计阶段异常高度一致，优先追溯到 BDES-00551。,早期表现为局部接触应力升高，随后振动冲击增强，最终演化为中等滚动体故障。,0.6411,BDES-00551,BearingDesignSpec,design
BFB-04893,BRG-04893,IR007,inner_race_fault,inner_race,slight,0.6831,诊断结果显示轴承出现轻微内圈故障，根因更可能来自制造阶段实体 BMAN-00184 的风险累积。,异常由微小缺陷逐步发展为周期性冲击，检测指标随严重度上升而同步恶化。,0.6824,BMAN-00184,ManufacturingBatch,manufacturing
BFB-04894,BRG-04894,OR007,outer_race_fault,outer_race,slight,0.5933,诊断结果显示轴承出现轻微外圈故障，根因更可能来自制造阶段实体 BMAN-00513 的风险累积。,早期表现为局部接触应力升高，随后振动冲击增强，最终演化为轻微外圈故障。,0.6873,BMAN-00513,ManufacturingBatch,manufacturing
BFB-04895,BRG-04895,B007,rolling_element_fault,rolling_element,slight,0.6749,该样本的生命周期风险在检测阶段较突出，能够解释当前轻微滚动体故障的主要失效模式。,异常由微小缺陷逐步发展为周期性冲击，检测指标随严重度上升而同步恶化。,0.6622,BINSP-04895,InspectionRecord,inspection
BFB-04896,BRG-04896,Normal,normal,none,normal,0.9002,该轴承样本生命周期风险较低，未形成明确故障追溯链。,运行状态平稳，检测指标未呈现持续恶化趋势。,0.8317,NORMAL_BASELINE,QualityFeedback,feedback
BFB-04897,BRG-04897,B014,rolling_element_fault,rolling_element,medium,0.5931,结合振动、峭度和温升特征，滚动体故障与设计阶段异常高度一致，优先追溯到 BDES-00154。,风险首先在设计阶段形成隐患，运行中持续放大，并通过温度与振动指标表现出来。,0.6846,BDES-00154,BearingDesignSpec,design
BFB-04898,BRG-04898,OR014,outer_race_fault,outer_race,medium,0.7412,该样本的生命周期风险在制造阶段较突出，能够解释当前中等外圈故障的主要失效模式。,风险首先在制造阶段形成隐患，运行中持续放大，并通过温度与振动指标表现出来。,0.6097,BMAN-00592,ManufacturingBatch,manufacturing
BFB-04899,BRG-04899,IR007,inner_race_fault,inner_race,slight,0.6955,该样本的生命周期风险在制造阶段较突出，能够解释当前轻微内圈故障的主要失效模式。,早期表现为局部接触应力升高，随后振动冲击增强，最终演化为轻微内圈故障。,0.6592,BMAN-00038,ManufacturingBatch,manufacturing
BFB-04900,BRG-04900,B021,rolling_element_fault,rolling_element,severe,0.7447,诊断结果显示轴承出现严重滚动体故障，根因更可能来自制造阶段实体 BMAN-00254 的风险累积。,异常由微小缺陷逐步发展为周期性冲击，检测指标随严重度上升而同步恶化。,0.7325,BMAN-00254,ManufacturingBatch,manufacturing
BFB-04901,BRG-04901,IR014,inner_race_fault,inner_race,medium,0.671,结合振动、峭度和温升特征，内圈故障与材料阶段异常高度一致，优先追溯到 BMAT-00040。,风险首先在材料阶段形成隐患，运行中持续放大，并通过温度与振动指标表现出来。,0.6834,BMAT-00040,MaterialBatch,material
BFB-04902,BRG-04902,IR021,inner_race_fault,inner_race,severe,0.7752,结合振动、峭度和温升特征，内圈故障与装配阶段异常高度一致，优先追溯到 BASM-04902。,异常由微小缺陷逐步发展为周期性冲击，检测指标随严重度上升而同步恶化。,0.6967,BASM-04902,AssemblyRecord,assembly
BFB-04903,BRG-04903,Normal,normal,none,normal,0.9245,该轴承样本生命周期风险较低，未形成明确故障追溯链。,运行状态平稳，检测指标未呈现持续恶化趋势。,0.7971,NORMAL_BASELINE,QualityFeedback,feedback
BFB-04904,BRG-04904,IR014,inner_race_fault,inner_race,medium,0.7313,结合振动、峭度和温升特征，内圈故障与材料阶段异常高度一致，优先追溯到 BMAT-00238。,异常由微小缺陷逐步发展为周期性冲击，检测指标随严重度上升而同步恶化。,0.7345,BMAT-00238,MaterialBatch,material
BFB-04905,BRG-04905,Normal,normal,none,normal,0.9312,该轴承样本生命周期风险较低，未形成明确故障追溯链。,运行状态平稳，检测指标未呈现持续恶化趋势。,0.8026,NORMAL_BASELINE,QualityFeedback,feedback
BFB-04906,BRG-04906,Normal,normal,none,normal,0.9208,该轴承样本生命周期风险较低，未形成明确故障追溯链。,运行状态平稳，检测指标未呈现持续恶化趋势。,0.8133,NORMAL_BASELINE,QualityFeedback,feedback
BFB-04907,BRG-04907,IR007,inner_race_fault,inner_race,slight,0.6784,该样本的生命周期风险在制造阶段较突出，能够解释当前轻微内圈故障的主要失效模式。,风险首先在制造阶段形成隐患，运行中持续放大，并通过温度与振动指标表现出来。,0.6835,BMAN-00964,ManufacturingBatch,manufacturing
BFB-04908,BRG-04908,IR021,inner_race_fault,inner_race,severe,0.7447,诊断结果显示轴承出现严重内圈故障，根因更可能来自装配阶段实体 BASM-04908 的风险累积。,风险首先在装配阶段形成隐患，运行中持续放大，并通过温度与振动指标表现出来。,0.709,BASM-04908,AssemblyRecord,assembly
BFB-04909,BRG-04909,IR014,inner_race_fault,inner_race,medium,0.7585,结合振动、峭度和温升特征，内圈故障与设计阶段异常高度一致，优先追溯到 BDES-00697。,异常由微小缺陷逐步发展为周期性冲击，检测指标随严重度上升而同步恶化。,0.7496,BDES-00697,BearingDesignSpec,design
BFB-04910,BRG-04910,OR014,outer_race_fault,outer_race,medium,0.6142,该样本的生命周期风险在设计阶段较突出，能够解释当前中等外圈故障的主要失效模式。,异常由微小缺陷逐步发展为周期性冲击，检测指标随严重度上升而同步恶化。,0.6539,BDES-00796,BearingDesignSpec,design
BFB-04911,BRG-04911,IR007,inner_race_fault,inner_race,slight,0.6906,结合振动、峭度和温升特征，内圈故障与运维阶段异常高度一致，优先追溯到 BOPR-04911。,风险首先在运维阶段形成隐患，运行中持续放大，并通过温度与振动指标表现出来。,0.6908,BOPR-04911,MaintenanceRecord,operation
BFB-04912,BRG-04912,B014,rolling_element_fault,rolling_element,medium,0.6559,该样本的生命周期风险在制造阶段较突出，能够解释当前中等滚动体故障的主要失效模式。,风险首先在制造阶段形成隐患，运行中持续放大，并通过温度与振动指标表现出来。,0.7477,BMAN-01149,ManufacturingBatch,manufacturing
BFB-04913,BRG-04913,IR014,inner_race_fault,inner_race,medium,0.7268,该样本的生命周期风险在检测阶段较突出，能够解释当前中等内圈故障的主要失效模式。,早期表现为局部接触应力升高，随后振动冲击增强，最终演化为中等内圈故障。,0.655,BINSP-04913,InspectionRecord,inspection
BFB-04914,BRG-04914,IR007,inner_race_fault,inner_race,slight,0.7159,诊断结果显示轴承出现轻微内圈故障，根因更可能来自装配阶段实体 BASM-04914 的风险累积。,风险首先在装配阶段形成隐患，运行中持续放大，并通过温度与振动指标表现出来。,0.6147,BASM-04914,AssemblyRecord,assembly
BFB-04915,BRG-04915,IR014,inner_race_fault,inner_race,medium,0.7535,该样本的生命周期风险在制造阶段较突出，能够解释当前中等内圈故障的主要失效模式。,异常由微小缺陷逐步发展为周期性冲击，检测指标随严重度上升而同步恶化。,0.7134,BMAN-01055,ManufacturingBatch,manufacturing
BFB-04916,BRG-04916,IR007,inner_race_fault,inner_race,slight,0.6748,诊断结果显示轴承出现轻微内圈故障，根因更可能来自材料阶段实体 BMAT-00491 的风险累积。,异常由微小缺陷逐步发展为周期性冲击，检测指标随严重度上升而同步恶化。,0.7187,BMAT-00491,MaterialBatch,material
BFB-04917,BRG-04917,IR014,inner_race_fault,inner_race,medium,0.6869,诊断结果显示轴承出现中等内圈故障，根因更可能来自检测阶段实体 BINSP-04917 的风险累积。,异常由微小缺陷逐步发展为周期性冲击，检测指标随严重度上升而同步恶化。,0.6756,BINSP-04917,InspectionRecord,inspection
BFB-04918,BRG-04918,OR014,outer_race_fault,outer_race,medium,0.7005,结合振动、峭度和温升特征，外圈故障与材料阶段异常高度一致，优先追溯到 BMAT-00370。,风险首先在材料阶段形成隐患，运行中持续放大，并通过温度与振动指标表现出来。,0.761,BMAT-00370,MaterialBatch,material
BFB-04919,BRG-04919,OR014,outer_race_fault,outer_race,medium,0.7682,诊断结果显示轴承出现中等外圈故障，根因更可能来自装配阶段实体 BASM-04919 的风险累积。,早期表现为局部接触应力升高，随后振动冲击增强，最终演化为中等外圈故障。,0.6694,BASM-04919,AssemblyRecord,assembly
BFB-04920,BRG-04920,B014,rolling_element_fault,rolling_element,medium,0.6899,结合振动、峭度和温升特征，滚动体故障与材料阶段异常高度一致，优先追溯到 BMAT-00456。,风险首先在材料阶段形成隐患，运行中持续放大，并通过温度与振动指标表现出来。,0.749,BMAT-00456,MaterialBatch,material
BFB-04921,BRG-04921,IR014,inner_race_fault,inner_race,medium,0.7059,诊断结果显示轴承出现中等内圈故障，根因更可能来自制造阶段实体 BMAN-00803 的风险累积。,早期表现为局部接触应力升高，随后振动冲击增强，最终演化为中等内圈故障。,0.6069,BMAN-00803,ManufacturingBatch,manufacturing
BFB-04922,BRG-04922,B007,rolling_element_fault,rolling_element,slight,0.6468,诊断结果显示轴承出现轻微滚动体故障，根因更可能来自装配阶段实体 BASM-04922 的风险累积。,早期表现为局部接触应力升高，随后振动冲击增强，最终演化为轻微滚动体故障。,0.6188,BASM-04922,AssemblyRecord,assembly
BFB-04923,BRG-04923,IR007,inner_race_fault,inner_race,slight,0.7098,诊断结果显示轴承出现轻微内圈故障，根因更可能来自装配阶段实体 BASM-04923 的风险累积。,异常由微小缺陷逐步发展为周期性冲击，检测指标随严重度上升而同步恶化。,0.7598,BASM-04923,AssemblyRecord,assembly
BFB-04924,BRG-04924,B007,rolling_element_fault,rolling_element,slight,0.7544,结合振动、峭度和温升特征，滚动体故障与装配阶段异常高度一致，优先追溯到 BASM-04924。,异常由微小缺陷逐步发展为周期性冲击，检测指标随严重度上升而同步恶化。,0.6584,BASM-04924,AssemblyRecord,assembly
BFB-04925,BRG-04925,B021,rolling_element_fault,rolling_element,severe,0.7599,结合振动、峭度和温升特征，滚动体故障与材料阶段异常高度一致，优先追溯到 BMAT-00091。,早期表现为局部接触应力升高，随后振动冲击增强，最终演化为严重滚动体故障。,0.624,BMAT-00091,MaterialBatch,material
BFB-04926,BRG-04926,IR014,inner_race_fault,inner_race,medium,0.7161,该样本的生命周期风险在制造阶段较突出，能够解释当前中等内圈故障的主要失效模式。,异常由微小缺陷逐步发展为周期性冲击，检测指标随严重度上升而同步恶化。,0.6736,BMAN-01013,ManufacturingBatch,manufacturing
BFB-04927,BRG-04927,OR014,outer_race_fault,outer_race,medium,0.6982,结合振动、峭度和温升特征，外圈故障与运维阶段异常高度一致，优先追溯到 BOPR-04927。,早期表现为局部接触应力升高，随后振动冲击增强，最终演化为中等外圈故障。,0.6937,BOPR-04927,MaintenanceRecord,operation
BFB-04928,BRG-04928,OR014,outer_race_fault,outer_race,medium,0.6704,结合振动、峭度和温升特征，外圈故障与制造阶段异常高度一致，优先追溯到 BMAN-01065。,异常由微小缺陷逐步发展为周期性冲击，检测指标随严重度上升而同步恶化。,0.6613,BMAN-01065,ManufacturingBatch,manufacturing
BFB-04929,BRG-04929,B014,rolling_element_fault,rolling_element,medium,0.7031,该样本的生命周期风险在检测阶段较突出，能够解释当前中等滚动体故障的主要失效模式。,风险首先在检测阶段形成隐患，运行中持续放大，并通过温度与振动指标表现出来。,0.7134,BINSP-04929,InspectionRecord,inspection
BFB-04930,BRG-04930,OR014,outer_race_fault,outer_race,medium,0.7482,诊断结果显示轴承出现中等外圈故障，根因更可能来自材料阶段实体 BMAT-00295 的风险累积。,异常由微小缺陷逐步发展为周期性冲击，检测指标随严重度上升而同步恶化。,0.6758,BMAT-00295,MaterialBatch,material
BFB-04931,BRG-04931,OR014,outer_race_fault,outer_race,medium,0.6473,结合振动、峭度和温升特征，外圈故障与检测阶段异常高度一致，优先追溯到 BINSP-04931。,风险首先在检测阶段形成隐患，运行中持续放大，并通过温度与振动指标表现出来。,0.6128,BINSP-04931,InspectionRecord,inspection
BFB-04932,BRG-04932,B021,rolling_element_fault,rolling_element,severe,0.7187,结合振动、峭度和温升特征，滚动体故障与装配阶段异常高度一致，优先追溯到 BASM-04932。,风险首先在装配阶段形成隐患，运行中持续放大，并通过温度与振动指标表现出来。,0.7677,BASM-04932,AssemblyRecord,assembly
BFB-04933,BRG-04933,OR014,outer_race_fault,outer_race,medium,0.7295,该样本的生命周期风险在检测阶段较突出，能够解释当前中等外圈故障的主要失效模式。,异常由微小缺陷逐步发展为周期性冲击，检测指标随严重度上升而同步恶化。,0.6126,BINSP-04933,InspectionRecord,inspection
BFB-04934,BRG-04934,OR014,outer_race_fault,outer_race,medium,0.686,结合振动、峭度和温升特征，外圈故障与制造阶段异常高度一致，优先追溯到 BMAN-00059。,风险首先在制造阶段形成隐患，运行中持续放大，并通过温度与振动指标表现出来。,0.6894,BMAN-00059,ManufacturingBatch,manufacturing
BFB-04935,BRG-04935,OR014,outer_race_fault,outer_race,medium,0.7118,结合振动、峭度和温升特征，外圈故障与设计阶段异常高度一致，优先追溯到 BDES-00244。,异常由微小缺陷逐步发展为周期性冲击，检测指标随严重度上升而同步恶化。,0.6665,BDES-00244,BearingDesignSpec,design
BFB-04936,BRG-04936,IR014,inner_race_fault,inner_race,medium,0.7317,结合振动、峭度和温升特征，内圈故障与制造阶段异常高度一致，优先追溯到 BMAN-00850。,风险首先在制造阶段形成隐患，运行中持续放大，并通过温度与振动指标表现出来。,0.6453,BMAN-00850,ManufacturingBatch,manufacturing
BFB-04937,BRG-04937,Normal,normal,none,normal,0.8974,该轴承样本生命周期风险较低，未形成明确故障追溯链。,运行状态平稳，检测指标未呈现持续恶化趋势。,0.8715,NORMAL_BASELINE,QualityFeedback,feedback
BFB-04938,BRG-04938,IR014,inner_race_fault,inner_race,medium,0.693,该样本的生命周期风险在制造阶段较突出，能够解释当前中等内圈故障的主要失效模式。,早期表现为局部接触应力升高，随后振动冲击增强，最终演化为中等内圈故障。,0.646,BMAN-00049,ManufacturingBatch,manufacturing
BFB-04939,BRG-04939,IR014,inner_race_fault,inner_race,medium,0.7105,诊断结果显示轴承出现中等内圈故障，根因更可能来自装配阶段实体 BASM-04939 的风险累积。,风险首先在装配阶段形成隐患，运行中持续放大，并通过温度与振动指标表现出来。,0.6618,BASM-04939,AssemblyRecord,assembly
BFB-04940,BRG-04940,IR007,inner_race_fault,inner_race,slight,0.692,诊断结果显示轴承出现轻微内圈故障，根因更可能来自制造阶段实体 BMAN-00628 的风险累积。,风险首先在制造阶段形成隐患，运行中持续放大，并通过温度与振动指标表现出来。,0.6244,BMAN-00628,ManufacturingBatch,manufacturing
BFB-04941,BRG-04941,OR007,outer_race_fault,outer_race,slight,0.6343,该样本的生命周期风险在材料阶段较突出，能够解释当前轻微外圈故障的主要失效模式。,风险首先在材料阶段形成隐患，运行中持续放大，并通过温度与振动指标表现出来。,0.6913,BMAT-00353,MaterialBatch,material
BFB-04942,BRG-04942,IR007,inner_race_fault,inner_race,slight,0.649,结合振动、峭度和温升特征，内圈故障与制造阶段异常高度一致，优先追溯到 BMAN-00492。,早期表现为局部接触应力升高，随后振动冲击增强，最终演化为轻微内圈故障。,0.7363,BMAN-00492,ManufacturingBatch,manufacturing
BFB-04943,BRG-04943,IR021,inner_race_fault,inner_race,severe,0.7509,结合振动、峭度和温升特征，内圈故障与装配阶段异常高度一致，优先追溯到 BASM-04943。,异常由微小缺陷逐步发展为周期性冲击，检测指标随严重度上升而同步恶化。,0.6333,BASM-04943,AssemblyRecord,assembly
BFB-04944,BRG-04944,B021,rolling_element_fault,rolling_element,severe,0.7099,结合振动、峭度和温升特征，滚动体故障与制造阶段异常高度一致，优先追溯到 BMAN-00014。,风险首先在制造阶段形成隐患，运行中持续放大，并通过温度与振动指标表现出来。,0.6506,BMAN-00014,ManufacturingBatch,manufacturing
BFB-04945,BRG-04945,Normal,normal,none,normal,0.9022,该轴承样本生命周期风险较低，未形成明确故障追溯链。,运行状态平稳，检测指标未呈现持续恶化趋势。,0.8686,NORMAL_BASELINE,QualityFeedback,feedback
BFB-04946,BRG-04946,IR021,inner_race_fault,inner_race,severe,0.7475,该样本的生命周期风险在运维阶段较突出，能够解释当前严重内圈故障的主要失效模式。,异常由微小缺陷逐步发展为周期性冲击，检测指标随严重度上升而同步恶化。,0.774,BOPR-04946,MaintenanceRecord,operation
BFB-04947,BRG-04947,OR021,outer_race_fault,outer_race,severe,0.7572,该样本的生命周期风险在设计阶段较突出，能够解释当前严重外圈故障的主要失效模式。,风险首先在设计阶段形成隐患，运行中持续放大，并通过温度与振动指标表现出来。,0.6934,BDES-00734,BearingDesignSpec,design
BFB-04948,BRG-04948,OR014,outer_race_fault,outer_race,medium,0.6947,结合振动、峭度和温升特征，外圈故障与制造阶段异常高度一致，优先追溯到 BMAN-00676。,风险首先在制造阶段形成隐患，运行中持续放大，并通过温度与振动指标表现出来。,0.6781,BMAN-00676,ManufacturingBatch,manufacturing
BFB-04949,BRG-04949,B014,rolling_element_fault,rolling_element,medium,0.6373,结合振动、峭度和温升特征，滚动体故障与制造阶段异常高度一致，优先追溯到 BMAN-01009。,风险首先在制造阶段形成隐患，运行中持续放大，并通过温度与振动指标表现出来。,0.5969,BMAN-01009,ManufacturingBatch,manufacturing
BFB-04950,BRG-04950,IR007,inner_race_fault,inner_race,slight,0.6477,诊断结果显示轴承出现轻微内圈故障，根因更可能来自材料阶段实体 BMAT-00319 的风险累积。,风险首先在材料阶段形成隐患，运行中持续放大，并通过温度与振动指标表现出来。,0.7519,BMAT-00319,MaterialBatch,material
BFB-04951,BRG-04951,B014,rolling_element_fault,rolling_element,medium,0.6774,诊断结果显示轴承出现中等滚动体故障，根因更可能来自制造阶段实体 BMAN-00128 的风险累积。,早期表现为局部接触应力升高，随后振动冲击增强，最终演化为中等滚动体故障。,0.6676,BMAN-00128,ManufacturingBatch,manufacturing
BFB-04952,BRG-04952,B014,rolling_element_fault,rolling_element,medium,0.6886,该样本的生命周期风险在检测阶段较突出，能够解释当前中等滚动体故障的主要失效模式。,异常由微小缺陷逐步发展为周期性冲击，检测指标随严重度上升而同步恶化。,0.5648,BINSP-04952,InspectionRecord,inspection
BFB-04953,BRG-04953,IR014,inner_race_fault,inner_race,medium,0.7476,该样本的生命周期风险在制造阶段较突出，能够解释当前中等内圈故障的主要失效模式。,风险首先在制造阶段形成隐患，运行中持续放大，并通过温度与振动指标表现出来。,0.729,BMAN-00299,ManufacturingBatch,manufacturing
BFB-04954,BRG-04954,OR007,outer_race_fault,outer_race,slight,0.7478,诊断结果显示轴承出现轻微外圈故障，根因更可能来自制造阶段实体 BMAN-01131 的风险累积。,风险首先在制造阶段形成隐患，运行中持续放大，并通过温度与振动指标表现出来。,0.6382,BMAN-01131,ManufacturingBatch,manufacturing
BFB-04955,BRG-04955,Normal,normal,none,normal,0.9256,该轴承样本生命周期风险较低，未形成明确故障追溯链。,运行状态平稳，检测指标未呈现持续恶化趋势。,0.8722,NORMAL_BASELINE,QualityFeedback,feedback
BFB-04956,BRG-04956,B014,rolling_element_fault,rolling_element,medium,0.6667,诊断结果显示轴承出现中等滚动体故障，根因更可能来自材料阶段实体 BMAT-00178 的风险累积。,早期表现为局部接触应力升高，随后振动冲击增强，最终演化为中等滚动体故障。,0.6452,BMAT-00178,MaterialBatch,material
BFB-04957,BRG-04957,OR014,outer_race_fault,outer_race,medium,0.7722,结合振动、峭度和温升特征，外圈故障与制造阶段异常高度一致，优先追溯到 BMAN-01087。,风险首先在制造阶段形成隐患，运行中持续放大，并通过温度与振动指标表现出来。,0.6755,BMAN-01087,ManufacturingBatch,manufacturing
BFB-04958,BRG-04958,B007,rolling_element_fault,rolling_element,slight,0.6739,诊断结果显示轴承出现轻微滚动体故障，根因更可能来自制造阶段实体 BMAN-00050 的风险累积。,早期表现为局部接触应力升高，随后振动冲击增强，最终演化为轻微滚动体故障。,0.7082,BMAN-00050,ManufacturingBatch,manufacturing
BFB-04959,BRG-04959,B021,rolling_element_fault,rolling_element,severe,0.7558,诊断结果显示轴承出现严重滚动体故障，根因更可能来自运维阶段实体 BOPR-04959 的风险累积。,异常由微小缺陷逐步发展为周期性冲击，检测指标随严重度上升而同步恶化。,0.7509,BOPR-04959,MaintenanceRecord,operation
BFB-04960,BRG-04960,B007,rolling_element_fault,rolling_element,slight,0.6543,该样本的生命周期风险在制造阶段较突出，能够解释当前轻微滚动体故障的主要失效模式。,风险首先在制造阶段形成隐患，运行中持续放大，并通过温度与振动指标表现出来。,0.5564,BMAN-00329,ManufacturingBatch,manufacturing
BFB-04961,BRG-04961,OR014,outer_race_fault,outer_race,medium,0.7434,诊断结果显示轴承出现中等外圈故障，根因更可能来自装配阶段实体 BASM-04961 的风险累积。,风险首先在装配阶段形成隐患，运行中持续放大，并通过温度与振动指标表现出来。,0.6385,BASM-04961,AssemblyRecord,assembly
BFB-04962,BRG-04962,OR021,outer_race_fault,outer_race,severe,0.7113,结合振动、峭度和温升特征，外圈故障与检测阶段异常高度一致，优先追溯到 BINSP-04962。,风险首先在检测阶段形成隐患，运行中持续放大，并通过温度与振动指标表现出来。,0.7125,BINSP-04962,InspectionRecord,inspection
BFB-04963,BRG-04963,OR014,outer_race_fault,outer_race,medium,0.6995,结合振动、峭度和温升特征，外圈故障与装配阶段异常高度一致，优先追溯到 BASM-04963。,风险首先在装配阶段形成隐患，运行中持续放大，并通过温度与振动指标表现出来。,0.6511,BASM-04963,AssemblyRecord,assembly
BFB-04964,BRG-04964,B014,rolling_element_fault,rolling_element,medium,0.7193,该样本的生命周期风险在装配阶段较突出，能够解释当前中等滚动体故障的主要失效模式。,早期表现为局部接触应力升高，随后振动冲击增强，最终演化为中等滚动体故障。,0.7376,BASM-04964,AssemblyRecord,assembly
BFB-04965,BRG-04965,OR021,outer_race_fault,outer_race,severe,0.7078,该样本的生命周期风险在制造阶段较突出，能够解释当前严重外圈故障的主要失效模式。,早期表现为局部接触应力升高，随后振动冲击增强，最终演化为严重外圈故障。,0.6888,BMAN-00613,ManufacturingBatch,manufacturing
BFB-04966,BRG-04966,OR014,outer_race_fault,outer_race,medium,0.6251,该样本的生命周期风险在制造阶段较突出，能够解释当前中等外圈故障的主要失效模式。,早期表现为局部接触应力升高，随后振动冲击增强，最终演化为中等外圈故障。,0.6956,BMAN-00676,ManufacturingBatch,manufacturing
BFB-04967,BRG-04967,B014,rolling_element_fault,rolling_element,medium,0.6764,结合振动、峭度和温升特征，滚动体故障与制造阶段异常高度一致，优先追溯到 BMAN-00609。,风险首先在制造阶段形成隐患，运行中持续放大，并通过温度与振动指标表现出来。,0.6294,BMAN-00609,ManufacturingBatch,manufacturing
BFB-04968,BRG-04968,Normal,normal,none,normal,0.8614,该轴承样本生命周期风险较低，未形成明确故障追溯链。,运行状态平稳，检测指标未呈现持续恶化趋势。,0.7812,NORMAL_BASELINE,QualityFeedback,feedback
BFB-04969,BRG-04969,OR007,outer_race_fault,outer_race,slight,0.6719,该样本的生命周期风险在材料阶段较突出，能够解释当前轻微外圈故障的主要失效模式。,风险首先在材料阶段形成隐患，运行中持续放大，并通过温度与振动指标表现出来。,0.7339,BMAT-00168,MaterialBatch,material
BFB-04970,BRG-04970,B007,rolling_element_fault,rolling_element,slight,0.6583,结合振动、峭度和温升特征，滚动体故障与材料阶段异常高度一致，优先追溯到 BMAT-00271。,风险首先在材料阶段形成隐患，运行中持续放大，并通过温度与振动指标表现出来。,0.6325,BMAT-00271,MaterialBatch,material
BFB-04971,BRG-04971,OR007,outer_race_fault,outer_race,slight,0.7328,该样本的生命周期风险在装配阶段较突出，能够解释当前轻微外圈故障的主要失效模式。,异常由微小缺陷逐步发展为周期性冲击，检测指标随严重度上升而同步恶化。,0.6639,BASM-04971,AssemblyRecord,assembly
BFB-04972,BRG-04972,Normal,normal,none,normal,0.955,该轴承样本生命周期风险较低，未形成明确故障追溯链。,运行状态平稳，检测指标未呈现持续恶化趋势。,0.8537,NORMAL_BASELINE,QualityFeedback,feedback
BFB-04973,BRG-04973,B014,rolling_element_fault,rolling_element,medium,0.7292,该样本的生命周期风险在制造阶段较突出，能够解释当前中等滚动体故障的主要失效模式。,早期表现为局部接触应力升高，随后振动冲击增强，最终演化为中等滚动体故障。,0.7324,BMAN-00512,ManufacturingBatch,manufacturing
BFB-04974,BRG-04974,B014,rolling_element_fault,rolling_element,medium,0.664,结合振动、峭度和温升特征，滚动体故障与制造阶段异常高度一致，优先追溯到 BMAN-00974。,异常由微小缺陷逐步发展为周期性冲击，检测指标随严重度上升而同步恶化。,0.6269,BMAN-00974,ManufacturingBatch,manufacturing
BFB-04975,BRG-04975,IR014,inner_race_fault,inner_race,medium,0.7227,该样本的生命周期风险在装配阶段较突出，能够解释当前中等内圈故障的主要失效模式。,早期表现为局部接触应力升高，随后振动冲击增强，最终演化为中等内圈故障。,0.7662,BASM-04975,AssemblyRecord,assembly
BFB-04976,BRG-04976,IR014,inner_race_fault,inner_race,medium,0.7599,诊断结果显示轴承出现中等内圈故障，根因更可能来自装配阶段实体 BASM-04976 的风险累积。,早期表现为局部接触应力升高，随后振动冲击增强，最终演化为中等内圈故障。,0.7231,BASM-04976,AssemblyRecord,assembly
BFB-04977,BRG-04977,IR014,inner_race_fault,inner_race,medium,0.6278,结合振动、峭度和温升特征，内圈故障与制造阶段异常高度一致，优先追溯到 BMAN-00008。,风险首先在制造阶段形成隐患，运行中持续放大，并通过温度与振动指标表现出来。,0.6929,BMAN-00008,ManufacturingBatch,manufacturing
BFB-04978,BRG-04978,Normal,normal,none,normal,0.9134,该轴承样本生命周期风险较低，未形成明确故障追溯链。,运行状态平稳，检测指标未呈现持续恶化趋势。,0.8498,NORMAL_BASELINE,QualityFeedback,feedback
BFB-04979,BRG-04979,IR007,inner_race_fault,inner_race,slight,0.6176,该样本的生命周期风险在装配阶段较突出，能够解释当前轻微内圈故障的主要失效模式。,风险首先在装配阶段形成隐患，运行中持续放大，并通过温度与振动指标表现出来。,0.579,BASM-04979,AssemblyRecord,assembly
BFB-04980,BRG-04980,OR021,outer_race_fault,outer_race,severe,0.6988,结合振动、峭度和温升特征，外圈故障与材料阶段异常高度一致，优先追溯到 BMAT-00025。,风险首先在材料阶段形成隐患，运行中持续放大，并通过温度与振动指标表现出来。,0.6759,BMAT-00025,MaterialBatch,material
BFB-04981,BRG-04981,OR014,outer_race_fault,outer_race,medium,0.6103,该样本的生命周期风险在设计阶段较突出，能够解释当前中等外圈故障的主要失效模式。,异常由微小缺陷逐步发展为周期性冲击，检测指标随严重度上升而同步恶化。,0.7284,BDES-00724,BearingDesignSpec,design
BFB-04982,BRG-04982,Normal,normal,none,normal,0.8679,该轴承样本生命周期风险较低，未形成明确故障追溯链。,运行状态平稳，检测指标未呈现持续恶化趋势。,0.8093,NORMAL_BASELINE,QualityFeedback,feedback
BFB-04983,BRG-04983,OR007,outer_race_fault,outer_race,slight,0.5903,该样本的生命周期风险在制造阶段较突出，能够解释当前轻微外圈故障的主要失效模式。,异常由微小缺陷逐步发展为周期性冲击，检测指标随严重度上升而同步恶化。,0.6842,BMAN-00536,ManufacturingBatch,manufacturing
BFB-04984,BRG-04984,IR014,inner_race_fault,inner_race,medium,0.7025,结合振动、峭度和温升特征，内圈故障与运维阶段异常高度一致，优先追溯到 BOPR-04984。,早期表现为局部接触应力升高，随后振动冲击增强，最终演化为中等内圈故障。,0.6358,BOPR-04984,MaintenanceRecord,operation
BFB-04985,BRG-04985,OR014,outer_race_fault,outer_race,medium,0.6923,诊断结果显示轴承出现中等外圈故障，根因更可能来自制造阶段实体 BMAN-00857 的风险累积。,异常由微小缺陷逐步发展为周期性冲击，检测指标随严重度上升而同步恶化。,0.5983,BMAN-00857,ManufacturingBatch,manufacturing
BFB-04986,BRG-04986,Normal,normal,none,normal,0.9392,该轴承样本生命周期风险较低，未形成明确故障追溯链。,运行状态平稳，检测指标未呈现持续恶化趋势。,0.816,NORMAL_BASELINE,QualityFeedback,feedback
BFB-04987,BRG-04987,IR014,inner_race_fault,inner_race,medium,0.7136,诊断结果显示轴承出现中等内圈故障，根因更可能来自装配阶段实体 BASM-04987 的风险累积。,风险首先在装配阶段形成隐患，运行中持续放大，并通过温度与振动指标表现出来。,0.6681,BASM-04987,AssemblyRecord,assembly
BFB-04988,BRG-04988,OR014,outer_race_fault,outer_race,medium,0.7933,诊断结果显示轴承出现中等外圈故障，根因更可能来自制造阶段实体 BMAN-00056 的风险累积。,异常由微小缺陷逐步发展为周期性冲击，检测指标随严重度上升而同步恶化。,0.7316,BMAN-00056,ManufacturingBatch,manufacturing
BFB-04989,BRG-04989,IR007,inner_race_fault,inner_race,slight,0.6866,诊断结果显示轴承出现轻微内圈故障，根因更可能来自运维阶段实体 BOPR-04989 的风险累积。,早期表现为局部接触应力升高，随后振动冲击增强，最终演化为轻微内圈故障。,0.6876,BOPR-04989,MaintenanceRecord,operation
BFB-04990,BRG-04990,B007,rolling_element_fault,rolling_element,slight,0.7032,该样本的生命周期风险在设计阶段较突出，能够解释当前轻微滚动体故障的主要失效模式。,异常由微小缺陷逐步发展为周期性冲击，检测指标随严重度上升而同步恶化。,0.6753,BDES-00219,BearingDesignSpec,design
BFB-04991,BRG-04991,OR014,outer_race_fault,outer_race,medium,0.6047,诊断结果显示轴承出现中等外圈故障，根因更可能来自检测阶段实体 BINSP-04991 的风险累积。,早期表现为局部接触应力升高，随后振动冲击增强，最终演化为中等外圈故障。,0.6375,BINSP-04991,InspectionRecord,inspection
BFB-04992,BRG-04992,OR007,outer_race_fault,outer_race,slight,0.7756,结合振动、峭度和温升特征，外圈故障与材料阶段异常高度一致，优先追溯到 BMAT-00223。,早期表现为局部接触应力升高，随后振动冲击增强，最终演化为轻微外圈故障。,0.6375,BMAT-00223,MaterialBatch,material
BFB-04993,BRG-04993,IR014,inner_race_fault,inner_race,medium,0.6983,诊断结果显示轴承出现中等内圈故障，根因更可能来自运维阶段实体 BOPR-04993 的风险累积。,风险首先在运维阶段形成隐患，运行中持续放大，并通过温度与振动指标表现出来。,0.6074,BOPR-04993,MaintenanceRecord,operation
BFB-04994,BRG-04994,IR021,inner_race_fault,inner_race,severe,0.7507,结合振动、峭度和温升特征，内圈故障与装配阶段异常高度一致，优先追溯到 BASM-04994。,早期表现为局部接触应力升高，随后振动冲击增强，最终演化为严重内圈故障。,0.7775,BASM-04994,AssemblyRecord,assembly
BFB-04995,BRG-04995,IR007,inner_race_fault,inner_race,slight,0.5806,诊断结果显示轴承出现轻微内圈故障，根因更可能来自材料阶段实体 BMAT-00082 的风险累积。,风险首先在材料阶段形成隐患，运行中持续放大，并通过温度与振动指标表现出来。,0.6478,BMAT-00082,MaterialBatch,material
BFB-04996,BRG-04996,OR007,outer_race_fault,outer_race,slight,0.7074,结合振动、峭度和温升特征，外圈故障与装配阶段异常高度一致，优先追溯到 BASM-04996。,风险首先在装配阶段形成隐患，运行中持续放大，并通过温度与振动指标表现出来。,0.6439,BASM-04996,AssemblyRecord,assembly
BFB-04997,BRG-04997,IR014,inner_race_fault,inner_race,medium,0.7279,诊断结果显示轴承出现中等内圈故障，根因更可能来自制造阶段实体 BMAN-00911 的风险累积。,早期表现为局部接触应力升高，随后振动冲击增强，最终演化为中等内圈故障。,0.6567,BMAN-00911,ManufacturingBatch,manufacturing
BFB-04998,BRG-04998,OR021,outer_race_fault,outer_race,severe,0.718,诊断结果显示轴承出现严重外圈故障，根因更可能来自装配阶段实体 BASM-04998 的风险累积。,异常由微小缺陷逐步发展为周期性冲击，检测指标随严重度上升而同步恶化。,0.7491,BASM-04998,AssemblyRecord,assembly
BFB-04999,BRG-04999,IR021,inner_race_fault,inner_race,severe,0.7532,结合振动、峭度和温升特征，内圈故障与制造阶段异常高度一致，优先追溯到 BMAN-00385。,异常由微小缺陷逐步发展为周期性冲击，检测指标随严重度上升而同步恶化。,0.7051,BMAN-00385,ManufacturingBatch,manufacturing
BFB-05000,BRG-05000,B007,rolling_element_fault,rolling_element,slight,0.6633,诊断结果显示轴承出现轻微滚动体故障，根因更可能来自材料阶段实体 BMAT-00424 的风险累积。,风险首先在材料阶段形成隐患，运行中持续放大，并通过温度与振动指标表现出来。,0.7178,BMAT-00424,MaterialBatch,material
