assembly_id,interference_fit,preload,alignment_error,operator_id,station_id,assembly_risk_score,assembly_risk_level
BASM-00001,0.0257,1.054,0.0465,OP-B-089,ST-B-03,0.1915,low
BASM-00002,0.0149,0.453,0.002,OP-B-103,ST-B-29,0.2167,low
BASM-00003,0.0214,1.187,0.0827,OP-B-150,ST-B-09,0.2818,medium
BASM-00004,0.0029,0.969,0.1074,OP-B-101,ST-B-21,0.3959,medium
BASM-00005,0.0224,0.796,0.1627,OP-B-125,ST-B-10,0.509,high
BASM-00006,0.0181,0.492,0.0349,OP-B-033,ST-B-24,0.2111,low
BASM-00007,0.015,0.548,0.0083,OP-B-124,ST-B-26,0.2282,low
BASM-00008,0.0192,0.606,0.0802,OP-B-049,ST-B-10,0.3745,medium
BASM-00009,0.0025,1.167,0.0479,OP-B-048,ST-B-22,0.3839,medium
BASM-00010,0.0005,1.029,0.0064,OP-B-002,ST-B-22,0.2847,medium
BASM-00011,0.0224,1.02,0.0169,OP-B-086,ST-B-20,0.0937,low
BASM-00012,0.0231,1.399,0.0186,OP-B-148,ST-B-08,0.2625,medium
BASM-00013,0.0068,0.529,0.012,OP-B-069,ST-B-10,0.3347,medium
BASM-00014,0.0083,1.317,0.0927,OP-B-105,ST-B-07,0.3901,medium
BASM-00015,0.004,1.353,0.0872,OP-B-083,ST-B-19,0.522,high
BASM-00016,0.0056,1.049,0.1244,OP-B-051,ST-B-23,0.419,medium
BASM-00017,0.0169,0.884,0.0235,OP-B-051,ST-B-01,0.0603,low
BASM-00018,0.0249,1.154,0.0352,OP-B-058,ST-B-17,0.1769,low
BASM-00019,0.0143,1.174,0.0616,OP-B-047,ST-B-04,0.2635,medium
BASM-00020,0.0276,1.174,0.1021,OP-B-029,ST-B-04,0.4003,medium
BASM-00021,0.025,1.488,0.0187,OP-B-089,ST-B-26,0.2771,medium
BASM-00022,0.0307,0.807,0.0214,OP-B-121,ST-B-07,0.2819,medium
BASM-00023,0.0175,0.892,0.0821,OP-B-028,ST-B-02,0.2489,low
BASM-00024,0.0147,1.057,0.0284,OP-B-088,ST-B-22,0.1437,low
BASM-00025,0.0067,1.037,0.022,OP-B-105,ST-B-15,0.3054,medium
BASM-00026,0.027,0.983,0.0659,OP-B-112,ST-B-08,0.2463,low
BASM-00027,0.0288,1.107,0.0703,OP-B-118,ST-B-05,0.3348,medium
BASM-00028,0.0175,0.652,0.0262,OP-B-020,ST-B-30,0.2079,low
BASM-00029,0.0247,0.584,0.002,OP-B-087,ST-B-19,0.2604,medium
BASM-00030,0.012,0.917,0.0748,OP-B-077,ST-B-04,0.2361,low
BASM-00031,0.0226,1.211,0.1644,OP-B-041,ST-B-26,0.4624,medium
BASM-00032,0.0144,1.117,0.077,OP-B-147,ST-B-07,0.2708,medium
BASM-00033,0.0274,0.553,0.1308,OP-B-027,ST-B-11,0.5923,high
BASM-00034,0.0105,1.364,0.1285,OP-B-059,ST-B-17,0.5106,high
BASM-00035,0.0197,0.836,0.033,OP-B-050,ST-B-02,0.1443,low
BASM-00036,0.0261,0.467,0.0138,OP-B-083,ST-B-05,0.339,medium
BASM-00037,0.0105,1.002,0.047,OP-B-063,ST-B-28,0.1676,low
BASM-00038,0.0222,1.275,0.0578,OP-B-029,ST-B-10,0.2329,low
BASM-00039,0.0015,0.648,0.004,OP-B-120,ST-B-30,0.3787,medium
BASM-00040,0.0147,0.907,0.0897,OP-B-123,ST-B-04,0.3088,medium
BASM-00041,0.0191,0.915,0.0726,OP-B-070,ST-B-01,0.2058,low
BASM-00042,0.0032,0.906,0.0532,OP-B-111,ST-B-04,0.3479,medium
BASM-00043,0.009,1.168,0.0184,OP-B-041,ST-B-13,0.2819,medium
BASM-00044,0.0138,0.3,0.0541,OP-B-141,ST-B-30,0.431,medium
BASM-00045,0.0164,1.459,0.103,OP-B-059,ST-B-15,0.4014,medium
BASM-00046,0.0179,1.193,0.0075,OP-B-079,ST-B-09,0.1617,low
BASM-00047,0.0203,0.758,0.0934,OP-B-136,ST-B-30,0.2768,medium
BASM-00048,0.0144,0.3,0.058,OP-B-029,ST-B-26,0.4287,medium
BASM-00049,0.0184,1.346,0.0922,OP-B-101,ST-B-29,0.3208,medium
BASM-00050,0.0274,1.132,0.0185,OP-B-109,ST-B-20,0.24,low
BASM-00051,0.0095,1.163,0.0879,OP-B-050,ST-B-11,0.3795,medium
BASM-00052,0.0191,1.189,0.1105,OP-B-125,ST-B-27,0.3843,medium
BASM-00053,-0.0032,0.805,0.1434,OP-B-075,ST-B-21,0.6351,high
BASM-00054,0.0287,1.092,0.1109,OP-B-022,ST-B-12,0.4841,medium
BASM-00055,0.0177,0.3,0.037,OP-B-110,ST-B-19,0.3686,medium
BASM-00056,0.0194,1.499,0.0514,OP-B-071,ST-B-01,0.3657,medium
BASM-00057,0.0136,1.414,0.0229,OP-B-055,ST-B-28,0.2724,medium
BASM-00058,0.0055,0.784,0.0291,OP-B-069,ST-B-25,0.2499,low
BASM-00059,0.012,1.1,0.0122,OP-B-126,ST-B-09,0.1322,low
BASM-00060,0.0159,0.653,0.1446,OP-B-133,ST-B-25,0.4313,medium
BASM-00061,0.029,0.915,0.0302,OP-B-021,ST-B-08,0.2329,low
BASM-00062,0.0261,0.738,0.0396,OP-B-063,ST-B-27,0.3425,medium
BASM-00063,0.0345,1.214,0.0211,OP-B-131,ST-B-19,0.3652,medium
BASM-00064,0.0204,0.526,0.0284,OP-B-055,ST-B-29,0.2761,medium
BASM-00065,0.0054,1.05,0.017,OP-B-058,ST-B-10,0.2499,low
BASM-00066,0.0285,0.701,0.0981,OP-B-066,ST-B-22,0.4243,medium
BASM-00067,0.0209,0.945,0.0345,OP-B-142,ST-B-06,0.0876,low
BASM-00068,0.0161,0.576,0.1164,OP-B-013,ST-B-03,0.4357,medium
BASM-00069,0.0054,0.631,0.0597,OP-B-122,ST-B-30,0.4587,medium
BASM-00070,0.0152,0.956,0.0961,OP-B-038,ST-B-01,0.2445,low
BASM-00071,0.0344,0.816,0.0992,OP-B-148,ST-B-01,0.5001,high
BASM-00072,0.03,0.746,0.1462,OP-B-127,ST-B-14,0.5557,high
BASM-00073,0.0264,0.604,0.0414,OP-B-017,ST-B-27,0.4675,medium
BASM-00074,0.008,1.359,0.1104,OP-B-100,ST-B-29,0.5057,high
BASM-00075,0.0012,0.574,0.0335,OP-B-098,ST-B-07,0.472,medium
BASM-00076,0.0234,1.497,0.017,OP-B-004,ST-B-05,0.3232,medium
BASM-00077,0.0149,1.562,0.0939,OP-B-098,ST-B-03,0.4727,medium
BASM-00078,0.0216,1.33,0.079,OP-B-060,ST-B-23,0.3304,medium
BASM-00079,0.0169,1.237,0.0765,OP-B-077,ST-B-26,0.3124,medium
BASM-00080,0.0066,0.587,0.039,OP-B-121,ST-B-26,0.3538,medium
BASM-00081,0.0057,0.637,0.0449,OP-B-071,ST-B-26,0.3323,medium
BASM-00082,0.0158,0.957,0.0398,OP-B-039,ST-B-06,0.1242,low
BASM-00083,0.0321,0.669,0.0903,OP-B-104,ST-B-14,0.4979,medium
BASM-00084,0.0291,0.692,0.0694,OP-B-057,ST-B-20,0.4022,medium
BASM-00085,0.0029,0.808,0.0676,OP-B-122,ST-B-14,0.4252,medium
BASM-00086,0.0225,0.843,0.0816,OP-B-010,ST-B-07,0.303,medium
BASM-00087,0.0269,1.437,0.1044,OP-B-040,ST-B-06,0.5681,high
BASM-00088,0.0331,0.4,0.0893,OP-B-024,ST-B-09,0.5492,high
BASM-00089,0.0104,0.714,0.0163,OP-B-008,ST-B-06,0.2649,medium
BASM-00090,0.0215,1.296,0.0511,OP-B-018,ST-B-08,0.2877,medium
BASM-00091,-0.006,1.264,0.0591,OP-B-125,ST-B-17,0.5688,high
BASM-00092,0.0318,1.223,0.0839,OP-B-056,ST-B-21,0.4005,medium
BASM-00093,0.0177,0.834,0.0373,OP-B-129,ST-B-13,0.1247,low
BASM-00094,0.0066,1.216,0.0775,OP-B-085,ST-B-12,0.38,medium
BASM-00095,0.0103,0.528,0.0193,OP-B-126,ST-B-09,0.3295,medium
BASM-00096,0.0334,1.205,0.0611,OP-B-082,ST-B-18,0.443,medium
BASM-00097,0.0248,1.452,0.0202,OP-B-108,ST-B-22,0.2734,medium
BASM-00098,0.0123,1.409,0.1082,OP-B-041,ST-B-20,0.4726,medium
BASM-00099,0.0109,0.863,0.0809,OP-B-119,ST-B-30,0.3323,medium
BASM-00100,0.0394,1.115,0.0555,OP-B-090,ST-B-07,0.4588,medium
BASM-00101,0.0305,0.917,0.0344,OP-B-053,ST-B-03,0.2633,medium
BASM-00102,0.0128,0.808,0.0285,OP-B-003,ST-B-04,0.1454,low
BASM-00103,0.0232,1.535,0.0566,OP-B-143,ST-B-22,0.3806,medium
BASM-00104,0.0129,1.291,0.0073,OP-B-076,ST-B-01,0.2137,low
BASM-00105,0.0067,0.947,0.0349,OP-B-099,ST-B-26,0.1953,low
BASM-00106,0.0216,1.426,0.0163,OP-B-048,ST-B-14,0.2049,low
BASM-00107,0.0127,0.643,0.0917,OP-B-040,ST-B-17,0.36,medium
BASM-00108,0.0057,1.481,0.0569,OP-B-083,ST-B-30,0.4138,medium
BASM-00109,0.0228,0.884,0.0314,OP-B-122,ST-B-05,0.1739,low
BASM-00110,0.03,0.863,0.0201,OP-B-022,ST-B-25,0.2961,medium
BASM-00111,0.0302,0.898,0.0538,OP-B-124,ST-B-11,0.2943,medium
BASM-00112,0.0105,1.027,0.0783,OP-B-047,ST-B-14,0.2581,medium
BASM-00113,0.0234,1.063,0.0703,OP-B-076,ST-B-26,0.2426,low
BASM-00114,0.0221,0.954,0.0375,OP-B-127,ST-B-04,0.227,low
BASM-00115,0.0191,0.868,0.0183,OP-B-039,ST-B-14,0.0934,low
BASM-00116,0.0229,1.445,0.0132,OP-B-124,ST-B-11,0.2263,low
BASM-00117,0.0011,1.342,0.0328,OP-B-091,ST-B-22,0.4024,medium
BASM-00118,0.0324,1.128,0.0141,OP-B-089,ST-B-06,0.3235,medium
BASM-00119,0.026,0.97,0.1009,OP-B-129,ST-B-15,0.2567,medium
BASM-00120,0.0055,0.571,0.0069,OP-B-143,ST-B-21,0.2828,medium
BASM-00121,0.0219,1.308,0.1186,OP-B-143,ST-B-30,0.3696,medium
BASM-00122,0.012,0.796,0.0552,OP-B-003,ST-B-19,0.2557,medium
BASM-00123,0.0081,0.665,0.0411,OP-B-005,ST-B-22,0.2871,medium
BASM-00124,0.009,0.869,0.0919,OP-B-041,ST-B-21,0.3557,medium
BASM-00125,0.0198,0.882,0.02,OP-B-008,ST-B-05,0.1411,low
BASM-00126,0.03,0.989,0.0269,OP-B-064,ST-B-27,0.2806,medium
BASM-00127,0.0252,0.841,0.0612,OP-B-095,ST-B-22,0.236,low
BASM-00128,-0.006,1.156,0.042,OP-B-095,ST-B-29,0.432,medium
BASM-00129,0.0173,1.375,0.1631,OP-B-136,ST-B-03,0.5545,high
BASM-00130,0.0055,0.805,0.0146,OP-B-047,ST-B-26,0.2682,medium
BASM-00131,0.0148,0.925,0.1683,OP-B-123,ST-B-03,0.3638,medium
BASM-00132,0.0303,1.101,0.037,OP-B-115,ST-B-28,0.221,low
BASM-00133,0.0121,0.926,0.027,OP-B-145,ST-B-01,0.1309,low
BASM-00134,0.008,1.583,0.1196,OP-B-132,ST-B-06,0.6098,high
BASM-00135,0.0325,1.137,0.0026,OP-B-125,ST-B-04,0.2354,low
BASM-00136,0.0088,0.98,0.0671,OP-B-063,ST-B-28,0.2201,low
BASM-00137,0.0209,0.97,0.0379,OP-B-094,ST-B-09,0.134,low
BASM-00138,0.0133,0.611,0.0295,OP-B-060,ST-B-21,0.2687,medium
BASM-00139,0.022,0.748,0.0477,OP-B-083,ST-B-16,0.2678,medium
BASM-00140,0.0277,0.662,0.0718,OP-B-055,ST-B-26,0.3877,medium
BASM-00141,0.008,1.573,0.0037,OP-B-091,ST-B-30,0.3902,medium
BASM-00142,0.0205,0.994,0.0738,OP-B-061,ST-B-24,0.1842,low
BASM-00143,0.0168,0.964,0.0479,OP-B-003,ST-B-06,0.1326,low
BASM-00144,0.0281,1.199,0.0444,OP-B-010,ST-B-05,0.2789,medium
BASM-00145,0.0046,0.787,0.024,OP-B-081,ST-B-21,0.3427,medium
BASM-00146,0.021,1.028,0.0276,OP-B-021,ST-B-18,0.1218,low
BASM-00147,0.0145,0.3,0.0496,OP-B-115,ST-B-20,0.3825,medium
BASM-00148,0.0231,1.163,0.0499,OP-B-031,ST-B-29,0.2418,low
BASM-00149,0.009,1.334,0.0908,OP-B-145,ST-B-26,0.4177,medium
BASM-00150,0.0056,1.238,0.0481,OP-B-065,ST-B-06,0.3664,medium
BASM-00151,0.0061,0.955,0.1108,OP-B-007,ST-B-22,0.3704,medium
BASM-00152,0.0181,0.919,0.0212,OP-B-111,ST-B-02,0.0603,low
BASM-00153,0.0123,1.078,0.0234,OP-B-009,ST-B-16,0.1903,low
BASM-00154,0.0167,1.018,0.1077,OP-B-037,ST-B-03,0.1995,low
BASM-00155,0.0081,1.394,0.0406,OP-B-017,ST-B-30,0.3296,medium
BASM-00156,0.0122,0.877,0.0656,OP-B-055,ST-B-02,0.3222,medium
BASM-00157,0.0217,1.025,0.0504,OP-B-116,ST-B-09,0.1437,low
BASM-00158,0.0146,0.938,0.0513,OP-B-080,ST-B-22,0.2372,low
BASM-00159,0.0125,1.052,0.0225,OP-B-142,ST-B-25,0.1515,low
BASM-00160,0.0275,0.879,0.0767,OP-B-014,ST-B-29,0.3046,medium
BASM-00161,0.0198,1.407,0.0482,OP-B-114,ST-B-06,0.287,medium
BASM-00162,0.0055,0.905,0.076,OP-B-056,ST-B-01,0.3615,medium
BASM-00163,0.0133,1.595,0.0132,OP-B-095,ST-B-23,0.2911,medium
BASM-00164,0.0214,0.691,0.0708,OP-B-111,ST-B-25,0.2856,medium
BASM-00165,0.0073,0.705,0.055,OP-B-120,ST-B-29,0.393,medium
BASM-00166,0.0227,1.11,0.0267,OP-B-102,ST-B-22,0.1799,low
BASM-00167,0.0136,1.092,0.0208,OP-B-124,ST-B-20,0.1649,low
BASM-00168,0.0085,0.726,0.0496,OP-B-016,ST-B-20,0.337,medium
BASM-00169,0.0104,1.115,0.095,OP-B-127,ST-B-11,0.261,medium
BASM-00170,0.0209,0.994,0.1562,OP-B-067,ST-B-11,0.317,medium
BASM-00171,0.0228,0.979,0.1501,OP-B-063,ST-B-06,0.3702,medium
BASM-00172,0.0121,0.977,0.0541,OP-B-022,ST-B-03,0.1468,low
BASM-00173,-0.0028,0.829,0.0594,OP-B-061,ST-B-04,0.5213,high
BASM-00174,0.0188,1.112,0.0401,OP-B-103,ST-B-16,0.1619,low
BASM-00175,0.0107,0.622,0.0464,OP-B-088,ST-B-29,0.3571,medium
BASM-00176,0.04,1.074,0.0473,OP-B-092,ST-B-06,0.3577,medium
BASM-00177,0.0215,0.884,0.074,OP-B-094,ST-B-09,0.2396,low
BASM-00178,0.0202,0.603,0.0877,OP-B-057,ST-B-28,0.4242,medium
BASM-00179,0.0262,1.581,0.0231,OP-B-127,ST-B-26,0.3999,medium
BASM-00180,0.0243,1.636,0.0468,OP-B-119,ST-B-30,0.4185,medium
BASM-00181,0.0177,0.918,0.0753,OP-B-018,ST-B-14,0.1575,low
BASM-00182,0.005,1.113,0.0191,OP-B-130,ST-B-09,0.2277,low
BASM-00183,0.0241,1.364,0.0467,OP-B-066,ST-B-22,0.3058,medium
BASM-00184,0.0046,1.013,0.0386,OP-B-100,ST-B-05,0.2579,medium
BASM-00185,0.0145,0.936,0.0774,OP-B-063,ST-B-12,0.2088,low
BASM-00186,0.0224,0.656,0.022,OP-B-035,ST-B-11,0.2073,low
BASM-00187,0.0197,1.071,0.0309,OP-B-079,ST-B-12,0.0511,low
BASM-00188,0.0202,1.273,0.0413,OP-B-115,ST-B-03,0.2273,low
BASM-00189,-0.0023,0.641,0.0041,OP-B-069,ST-B-17,0.3953,medium
BASM-00190,0.0108,0.799,0.0302,OP-B-079,ST-B-25,0.2102,low
BASM-00191,0.0203,1.066,0.045,OP-B-099,ST-B-23,0.0897,low
BASM-00192,0.0179,1.265,0.0147,OP-B-031,ST-B-08,0.1202,low
BASM-00193,0.0183,0.763,0.0476,OP-B-114,ST-B-19,0.2306,low
BASM-00194,0.0202,1.026,0.0167,OP-B-018,ST-B-19,0.0892,low
BASM-00195,0.0146,1.235,0.0249,OP-B-149,ST-B-05,0.1948,low
BASM-00196,0.0132,0.613,0.0636,OP-B-128,ST-B-20,0.3247,medium
BASM-00197,0.0251,0.748,0.0238,OP-B-010,ST-B-02,0.2194,low
BASM-00198,0.0233,0.897,0.0528,OP-B-093,ST-B-16,0.2211,low
BASM-00199,0.04,1.14,0.0803,OP-B-079,ST-B-17,0.5678,high
BASM-00200,0.0143,1.234,0.1238,OP-B-012,ST-B-22,0.4121,medium
BASM-00201,0.0232,1.353,0.0532,OP-B-077,ST-B-13,0.322,medium
BASM-00202,0.0022,1.133,0.1168,OP-B-043,ST-B-17,0.5309,high
BASM-00203,0.0081,1.019,0.0554,OP-B-042,ST-B-09,0.215,low
BASM-00204,0.0108,1.261,0.0463,OP-B-030,ST-B-09,0.2612,medium
BASM-00205,0.0145,0.829,0.0309,OP-B-079,ST-B-28,0.1849,low
BASM-00206,0.0147,0.827,0.0336,OP-B-135,ST-B-10,0.1436,low
BASM-00207,0.017,0.626,0.0526,OP-B-091,ST-B-18,0.2831,medium
BASM-00208,0.0252,0.675,0.0337,OP-B-060,ST-B-04,0.2737,medium
BASM-00209,0.015,1.14,0.0119,OP-B-042,ST-B-01,0.1194,low
BASM-00210,0.0275,0.797,0.0441,OP-B-001,ST-B-16,0.2778,medium
BASM-00211,0.012,0.914,0.0319,OP-B-114,ST-B-29,0.1741,low
BASM-00212,0.0063,1.046,0.0631,OP-B-056,ST-B-22,0.2828,medium
BASM-00213,0.0034,0.969,0.0389,OP-B-103,ST-B-14,0.2078,low
BASM-00214,0.0143,1.137,0.1071,OP-B-144,ST-B-27,0.3489,medium
BASM-00215,0.015,0.78,0.0514,OP-B-050,ST-B-28,0.2106,low
BASM-00216,0.0272,0.874,0.0249,OP-B-133,ST-B-15,0.2106,low
BASM-00217,0.0271,0.743,0.0245,OP-B-093,ST-B-18,0.291,medium
BASM-00218,0.0208,0.941,0.0512,OP-B-022,ST-B-19,0.1465,low
BASM-00219,0.025,0.843,0.0364,OP-B-052,ST-B-25,0.201,low
BASM-00220,0.0238,1.079,0.0264,OP-B-086,ST-B-01,0.1738,low
BASM-00221,0.019,1.053,0.1346,OP-B-131,ST-B-14,0.3479,medium
BASM-00222,0.0288,0.682,0.0832,OP-B-108,ST-B-03,0.413,medium
BASM-00223,0.0107,0.596,0.0464,OP-B-111,ST-B-26,0.3805,medium
BASM-00224,0.0086,1.16,0.0861,OP-B-017,ST-B-25,0.4323,medium
BASM-00225,0.0117,0.725,0.0715,OP-B-127,ST-B-20,0.3583,medium
BASM-00226,0.029,1.108,0.0486,OP-B-086,ST-B-10,0.2623,medium
BASM-00227,0.03,1.674,0.0169,OP-B-009,ST-B-25,0.4292,medium
BASM-00228,0.0138,1.074,0.0379,OP-B-076,ST-B-16,0.2218,low
BASM-00229,0.0254,1.334,0.0765,OP-B-105,ST-B-15,0.4746,medium
BASM-00230,0.0069,0.909,0.0556,OP-B-147,ST-B-26,0.3529,medium
BASM-00231,0.0119,0.345,0.0824,OP-B-055,ST-B-15,0.4775,medium
BASM-00232,0.0236,0.732,0.0362,OP-B-035,ST-B-03,0.2628,medium
BASM-00233,0.0179,1.365,0.0824,OP-B-049,ST-B-07,0.2541,medium
BASM-00234,0.0136,1.1,0.0059,OP-B-021,ST-B-29,0.2195,low
BASM-00235,0.0191,0.713,0.023,OP-B-140,ST-B-14,0.1466,low
BASM-00236,0.0157,1.105,0.0692,OP-B-070,ST-B-29,0.1746,low
BASM-00237,0.0111,1.158,0.1211,OP-B-135,ST-B-03,0.4023,medium
BASM-00238,-0.006,0.929,0.0351,OP-B-090,ST-B-03,0.4544,medium
BASM-00239,0.0244,1.012,0.0142,OP-B-060,ST-B-13,0.0955,low
BASM-00240,0.0165,0.814,0.0339,OP-B-057,ST-B-23,0.1114,low
BASM-00241,0.0332,0.606,0.0631,OP-B-098,ST-B-29,0.4991,medium
BASM-00242,0.0164,0.948,0.0132,OP-B-036,ST-B-15,0.1148,low
BASM-00243,0.0156,1.04,0.109,OP-B-085,ST-B-23,0.3292,medium
BASM-00244,0.0267,0.501,0.0725,OP-B-150,ST-B-19,0.4961,medium
BASM-00245,0.0299,1.017,0.0757,OP-B-125,ST-B-04,0.2836,medium
BASM-00246,0.0256,1.282,0.0228,OP-B-027,ST-B-15,0.271,medium
BASM-00247,0.0204,0.89,0.0615,OP-B-118,ST-B-19,0.2346,low
BASM-00248,0.0135,0.641,0.0629,OP-B-146,ST-B-25,0.3027,medium
BASM-00249,0.0391,0.627,0.0147,OP-B-049,ST-B-23,0.4474,medium
BASM-00250,0.006,1.12,0.0782,OP-B-045,ST-B-13,0.3627,medium
BASM-00251,0.0403,0.993,0.0519,OP-B-048,ST-B-14,0.3504,medium
BASM-00252,0.0238,1.299,0.0455,OP-B-139,ST-B-29,0.2945,medium
BASM-00253,0.0241,1.478,0.0706,OP-B-135,ST-B-24,0.4408,medium
BASM-00254,0.0234,0.655,0.0379,OP-B-111,ST-B-02,0.3628,medium
BASM-00255,0.0056,1.044,0.0182,OP-B-049,ST-B-10,0.2346,low
BASM-00256,0.043,0.548,0.0527,OP-B-132,ST-B-27,0.5228,high
BASM-00257,0.0172,0.861,0.0139,OP-B-048,ST-B-26,0.0643,low
BASM-00258,0.0072,0.988,0.077,OP-B-112,ST-B-17,0.2243,low
BASM-00259,0.0006,1.084,0.0856,OP-B-029,ST-B-26,0.3643,medium
BASM-00260,0.0229,1.224,0.0166,OP-B-028,ST-B-04,0.2206,low
BASM-00261,0.0185,0.957,0.0395,OP-B-149,ST-B-02,0.0942,low
BASM-00262,0.0199,1.139,0.0888,OP-B-026,ST-B-22,0.3135,medium
BASM-00263,0.0078,0.885,0.09,OP-B-024,ST-B-18,0.3712,medium
BASM-00264,0.0226,0.855,0.0224,OP-B-080,ST-B-19,0.1845,low
BASM-00265,0.027,0.95,0.0358,OP-B-140,ST-B-08,0.2247,low
BASM-00266,0.0145,0.967,0.0261,OP-B-059,ST-B-21,0.0497,low
BASM-00267,0.0226,1.526,0.0113,OP-B-147,ST-B-23,0.273,medium
BASM-00268,0.0126,0.958,0.0177,OP-B-065,ST-B-17,0.1108,low
BASM-00269,0.0249,0.956,0.0362,OP-B-003,ST-B-05,0.1428,low
BASM-00270,0.0145,1.427,0.0849,OP-B-007,ST-B-06,0.3921,medium
BASM-00271,0.009,0.954,0.0594,OP-B-003,ST-B-23,0.2459,low
BASM-00272,0.0293,1.629,0.0732,OP-B-028,ST-B-08,0.4881,medium
BASM-00273,0.0248,0.948,0.0825,OP-B-105,ST-B-22,0.2928,medium
BASM-00274,0.0187,0.945,0.0073,OP-B-050,ST-B-12,0.045,low
BASM-00275,0.023,0.685,0.0115,OP-B-047,ST-B-19,0.2027,low
BASM-00276,0.0136,0.897,0.022,OP-B-070,ST-B-27,0.1795,low
BASM-00277,0.029,1.152,0.1268,OP-B-051,ST-B-28,0.5061,high
BASM-00278,0.0201,1.476,0.0113,OP-B-047,ST-B-18,0.2271,low
BASM-00279,0.0231,1.473,0.0401,OP-B-017,ST-B-24,0.3283,medium
BASM-00280,0.0058,1.9,0.1555,OP-B-062,ST-B-18,0.7418,high
BASM-00281,0.0301,1.064,0.0336,OP-B-110,ST-B-16,0.2708,medium
BASM-00282,0.0277,1.353,0.0503,OP-B-074,ST-B-04,0.3973,medium
BASM-00283,0.02,0.836,0.0417,OP-B-039,ST-B-10,0.1623,low
BASM-00284,0.0195,0.796,0.0543,OP-B-060,ST-B-12,0.1794,low
BASM-00285,0.0055,0.3,0.0256,OP-B-040,ST-B-19,0.4913,medium
BASM-00286,0.0204,0.859,0.0794,OP-B-137,ST-B-12,0.2823,medium
BASM-00287,0.0209,0.984,0.0828,OP-B-143,ST-B-16,0.2172,low
BASM-00288,0.0274,0.828,0.0426,OP-B-112,ST-B-02,0.2959,medium
BASM-00289,0.0198,0.942,0.0583,OP-B-010,ST-B-19,0.1712,low
BASM-00290,0.0264,0.672,0.1082,OP-B-053,ST-B-18,0.4632,medium
BASM-00291,0.0093,0.673,0.0864,OP-B-134,ST-B-01,0.4577,medium
BASM-00292,-0.0004,0.349,0.0221,OP-B-102,ST-B-20,0.4906,medium
BASM-00293,0.0336,1.705,0.0314,OP-B-032,ST-B-27,0.5936,high
BASM-00294,0.0181,1.457,0.1181,OP-B-005,ST-B-20,0.372,medium
BASM-00295,0.0168,1.119,0.0625,OP-B-020,ST-B-18,0.2474,low
BASM-00296,0.013,0.904,0.1339,OP-B-138,ST-B-25,0.3795,medium
BASM-00297,0.0207,1.251,0.0391,OP-B-008,ST-B-24,0.2353,low
BASM-00298,0.0116,0.897,0.0321,OP-B-148,ST-B-23,0.1826,low
BASM-00299,0.01,1.051,0.1009,OP-B-081,ST-B-20,0.3184,medium
BASM-00300,0.0045,1.408,0.0506,OP-B-020,ST-B-28,0.4111,medium
BASM-00301,0.022,1.123,0.0462,OP-B-105,ST-B-09,0.1873,low
BASM-00302,0.0261,0.642,0.0327,OP-B-005,ST-B-18,0.3099,medium
BASM-00303,0.0071,0.973,0.0307,OP-B-075,ST-B-06,0.2254,low
BASM-00304,0.0052,0.76,0.0584,OP-B-114,ST-B-21,0.335,medium
BASM-00305,0.0044,0.822,0.0258,OP-B-071,ST-B-30,0.269,medium
BASM-00306,0.0173,0.629,0.0263,OP-B-001,ST-B-15,0.234,low
BASM-00307,0.0399,0.916,0.0322,OP-B-007,ST-B-19,0.434,medium
BASM-00308,0.0297,1.404,0.0203,OP-B-091,ST-B-26,0.3079,medium
BASM-00309,0.0255,1.254,0.0508,OP-B-069,ST-B-18,0.3184,medium
BASM-00310,0.0235,1.143,0.037,OP-B-003,ST-B-14,0.1906,low
BASM-00311,0.0087,1.539,0.0629,OP-B-110,ST-B-23,0.4705,medium
BASM-00312,0.0218,0.846,0.073,OP-B-032,ST-B-06,0.2674,medium
BASM-00313,0.0255,1.084,0.0606,OP-B-144,ST-B-09,0.2326,low
BASM-00314,0.0152,0.953,0.043,OP-B-116,ST-B-24,0.1806,low
BASM-00315,0.0206,0.518,0.056,OP-B-102,ST-B-22,0.3409,medium
BASM-00316,0.0087,1.183,0.0807,OP-B-001,ST-B-21,0.3882,medium
BASM-00317,0.008,0.932,0.0424,OP-B-094,ST-B-04,0.2459,low
BASM-00318,0.0138,0.665,0.0228,OP-B-071,ST-B-16,0.1641,low
BASM-00319,0.0203,1.606,0.0746,OP-B-093,ST-B-20,0.3709,medium
BASM-00320,0.0122,0.946,0.0296,OP-B-101,ST-B-24,0.1254,low
BASM-00321,0.0265,1.097,0.0266,OP-B-076,ST-B-05,0.2269,low
BASM-00322,0.022,1.001,0.0362,OP-B-035,ST-B-23,0.1226,low
BASM-00323,0.0404,0.825,0.1044,OP-B-085,ST-B-04,0.6042,high
BASM-00324,0.0306,1.175,0.0671,OP-B-079,ST-B-04,0.3608,medium
BASM-00325,0.0387,0.785,0.0466,OP-B-011,ST-B-15,0.4225,medium
BASM-00326,0.0209,1.103,0.0188,OP-B-028,ST-B-22,0.1076,low
BASM-00327,0.0188,0.561,0.0203,OP-B-074,ST-B-14,0.301,medium
BASM-00328,0.0205,1.076,0.0253,OP-B-036,ST-B-09,0.0915,low
BASM-00329,0.0171,0.762,0.0474,OP-B-041,ST-B-08,0.2007,low
BASM-00330,0.0156,1.035,0.1658,OP-B-140,ST-B-03,0.4364,medium
BASM-00331,0.0026,1.051,0.0089,OP-B-098,ST-B-22,0.1977,low
BASM-00332,0.0266,1.125,0.0341,OP-B-055,ST-B-29,0.2438,low
BASM-00333,0.0127,1.063,0.0428,OP-B-005,ST-B-21,0.1627,low
BASM-00334,0.0266,1.728,0.0743,OP-B-133,ST-B-29,0.5554,high
BASM-00335,0.016,1.257,0.0794,OP-B-138,ST-B-03,0.276,medium
BASM-00336,0.007,1.089,0.0375,OP-B-056,ST-B-26,0.275,medium
BASM-00337,0.0136,0.831,0.0064,OP-B-072,ST-B-11,0.1817,low
BASM-00338,0.0001,1.219,0.0394,OP-B-121,ST-B-11,0.3911,medium
BASM-00339,0.0259,1.337,0.1176,OP-B-007,ST-B-05,0.4966,medium
BASM-00340,0.0089,1.012,0.0278,OP-B-022,ST-B-19,0.2482,low
BASM-00341,0.0249,0.738,0.1125,OP-B-108,ST-B-04,0.4102,medium
BASM-00342,0.0086,0.849,0.0255,OP-B-087,ST-B-11,0.159,low
BASM-00343,0.0176,0.495,0.0379,OP-B-097,ST-B-06,0.2907,medium
BASM-00344,0.0097,0.967,0.22,OP-B-100,ST-B-19,0.5084,high
BASM-00345,0.0209,0.578,0.0212,OP-B-063,ST-B-16,0.2721,medium
BASM-00346,0.0168,0.66,0.1371,OP-B-117,ST-B-25,0.455,medium
BASM-00347,0.0188,0.774,0.1301,OP-B-097,ST-B-24,0.4193,medium
BASM-00348,0.0116,0.685,0.0871,OP-B-088,ST-B-28,0.3756,medium
BASM-00349,0.0454,1.057,0.0782,OP-B-129,ST-B-13,0.529,high
BASM-00350,0.0057,1.32,0.0966,OP-B-005,ST-B-05,0.5292,high
BASM-00351,0.0239,0.73,0.0377,OP-B-045,ST-B-06,0.267,medium
BASM-00352,0.0143,0.968,0.0796,OP-B-010,ST-B-23,0.2256,low
BASM-00353,0.0318,0.946,0.0271,OP-B-091,ST-B-17,0.205,low
BASM-00354,0.0074,0.936,0.0342,OP-B-130,ST-B-26,0.2514,medium
BASM-00355,0.0213,0.764,0.0305,OP-B-065,ST-B-12,0.1581,low
BASM-00356,0.0017,0.3,0.1033,OP-B-048,ST-B-28,0.6761,high
BASM-00357,0.0133,0.559,0.0401,OP-B-060,ST-B-06,0.3135,medium
BASM-00358,0.0305,1.239,0.0373,OP-B-043,ST-B-15,0.4036,medium
BASM-00359,0.0306,0.896,0.0483,OP-B-095,ST-B-26,0.3131,medium
BASM-00360,0.0191,0.65,0.0255,OP-B-114,ST-B-09,0.2343,low
BASM-00361,0.0222,0.724,0.046,OP-B-068,ST-B-03,0.2272,low
BASM-00362,0.0044,0.728,0.0073,OP-B-045,ST-B-10,0.3146,medium
BASM-00363,0.019,0.889,0.0429,OP-B-013,ST-B-20,0.1467,low
BASM-00364,0.0097,0.951,0.0032,OP-B-041,ST-B-14,0.157,low
BASM-00365,0.0137,0.78,0.0272,OP-B-008,ST-B-24,0.0853,low
BASM-00366,0.0104,0.517,0.1051,OP-B-005,ST-B-05,0.5968,high
BASM-00367,0.0178,1.515,0.0681,OP-B-117,ST-B-14,0.3012,medium
BASM-00368,0.0195,1.358,0.0607,OP-B-068,ST-B-13,0.3183,medium
BASM-00369,0.0182,1.185,0.1536,OP-B-124,ST-B-25,0.3739,medium
BASM-00370,-0.0025,0.628,0.0095,OP-B-076,ST-B-28,0.4259,medium
BASM-00371,0.0293,1.098,0.0296,OP-B-123,ST-B-25,0.2737,medium
BASM-00372,0.0087,0.336,0.0462,OP-B-019,ST-B-30,0.4699,medium
BASM-00373,0.0185,1.091,0.0576,OP-B-108,ST-B-11,0.22,low
BASM-00374,0.0173,1.149,0.0086,OP-B-070,ST-B-02,0.0607,low
BASM-00375,0.0323,0.925,0.0975,OP-B-109,ST-B-19,0.4005,medium
BASM-00376,0.0197,0.973,0.0315,OP-B-130,ST-B-04,0.1273,low
BASM-00377,0.0311,0.888,0.0141,OP-B-008,ST-B-19,0.2366,low
BASM-00378,0.0124,1.226,0.021,OP-B-065,ST-B-13,0.1718,low
BASM-00379,0.028,1.124,0.0128,OP-B-056,ST-B-03,0.1573,low
BASM-00380,0.024,0.827,0.0289,OP-B-075,ST-B-24,0.2453,low
BASM-00381,-0.0034,0.74,0.0125,OP-B-122,ST-B-30,0.3776,medium
BASM-00382,0.0092,1.144,0.0392,OP-B-094,ST-B-15,0.2659,medium
BASM-00383,0.0095,0.501,0.0615,OP-B-039,ST-B-03,0.4895,medium
BASM-00384,0.0136,1.034,0.072,OP-B-147,ST-B-06,0.2478,low
BASM-00385,0.0132,1.046,0.0971,OP-B-064,ST-B-17,0.3133,medium
BASM-00386,0.0295,1.297,0.1746,OP-B-090,ST-B-15,0.6307,high
BASM-00387,0.0118,0.734,0.0238,OP-B-098,ST-B-24,0.2657,medium
BASM-00388,0.0258,0.688,0.1753,OP-B-144,ST-B-02,0.6124,high
BASM-00389,0.0181,1.01,0.1655,OP-B-062,ST-B-20,0.2978,medium
BASM-00390,0.0278,1.37,0.1382,OP-B-140,ST-B-13,0.5496,high
BASM-00391,0.0213,0.769,0.0259,OP-B-077,ST-B-08,0.1791,low
BASM-00392,0.0093,1.294,0.025,OP-B-127,ST-B-25,0.3371,medium
BASM-00393,0.0195,0.995,0.1076,OP-B-070,ST-B-23,0.223,low
BASM-00394,0.0259,1.132,0.0654,OP-B-062,ST-B-20,0.2967,medium
BASM-00395,0.0265,1.067,0.0755,OP-B-136,ST-B-09,0.2911,medium
BASM-00396,0.0085,1.283,0.0742,OP-B-116,ST-B-11,0.3962,medium
BASM-00397,0.0231,1.9,0.122,OP-B-132,ST-B-19,0.6803,high
BASM-00398,0.0237,1.027,0.0188,OP-B-137,ST-B-08,0.1376,low
BASM-00399,0.019,0.929,0.0177,OP-B-119,ST-B-10,0.0787,low
BASM-00400,0.0343,0.943,0.0212,OP-B-127,ST-B-12,0.2538,medium
BASM-00401,0.0255,1.36,0.0303,OP-B-065,ST-B-21,0.3318,medium
BASM-00402,0.0129,1.21,0.0792,OP-B-011,ST-B-27,0.3166,medium
BASM-00403,0.0189,0.458,0.0716,OP-B-065,ST-B-18,0.3855,medium
BASM-00404,0.0196,1.175,0.0403,OP-B-107,ST-B-01,0.1354,low
BASM-00405,0.0154,1.255,0.0178,OP-B-093,ST-B-02,0.2185,low
BASM-00406,0.0101,1.092,0.08,OP-B-117,ST-B-15,0.3093,medium
BASM-00407,0.0155,1.587,0.1938,OP-B-059,ST-B-05,0.5868,high
BASM-00408,0.0298,1.386,0.0366,OP-B-017,ST-B-01,0.3955,medium
BASM-00409,0.0145,1.378,0.099,OP-B-041,ST-B-24,0.4205,medium
BASM-00410,-0.0002,0.838,0.1218,OP-B-068,ST-B-24,0.5879,high
BASM-00411,0.0202,0.981,0.0198,OP-B-137,ST-B-20,0.1071,low
BASM-00412,0.0213,1.17,0.0697,OP-B-021,ST-B-07,0.2802,medium
BASM-00413,0.0167,1.513,0.0132,OP-B-100,ST-B-25,0.2192,low
BASM-00414,0.0259,0.811,0.0192,OP-B-106,ST-B-10,0.177,low
BASM-00415,0.0202,0.52,0.039,OP-B-102,ST-B-03,0.2424,low
BASM-00416,0.0138,1.227,0.0383,OP-B-105,ST-B-30,0.2482,low
BASM-00417,0.0104,0.995,0.0067,OP-B-046,ST-B-16,0.0625,low
BASM-00418,0.0232,1.215,0.0738,OP-B-129,ST-B-15,0.2335,low
BASM-00419,0.0183,1.181,0.0212,OP-B-049,ST-B-24,0.1187,low
BASM-00420,0.0064,1.0,0.036,OP-B-058,ST-B-24,0.1791,low
BASM-00421,0.0124,1.119,0.0714,OP-B-093,ST-B-26,0.2755,medium
BASM-00422,0.0143,0.672,0.027,OP-B-035,ST-B-17,0.2883,medium
BASM-00423,0.0203,0.691,0.0837,OP-B-085,ST-B-19,0.3204,medium
BASM-00424,0.0247,0.952,0.1035,OP-B-072,ST-B-04,0.2952,medium
BASM-00425,0.0222,0.616,0.0303,OP-B-130,ST-B-24,0.2712,medium
BASM-00426,0.0193,0.671,0.0287,OP-B-041,ST-B-23,0.1773,low
BASM-00427,0.034,0.554,0.0564,OP-B-128,ST-B-28,0.4823,medium
BASM-00428,0.0049,1.401,0.0364,OP-B-020,ST-B-18,0.4241,medium
BASM-00429,0.0006,1.225,0.0847,OP-B-004,ST-B-03,0.5269,high
BASM-00430,0.0125,1.457,0.0837,OP-B-066,ST-B-06,0.422,medium
BASM-00431,0.0059,1.28,0.0641,OP-B-143,ST-B-16,0.4177,medium
BASM-00432,0.0156,0.451,0.024,OP-B-061,ST-B-08,0.3197,medium
BASM-00433,0.0341,0.526,0.136,OP-B-089,ST-B-04,0.6441,high
BASM-00434,0.0208,1.05,0.0738,OP-B-025,ST-B-09,0.1761,low
BASM-00435,0.0151,0.816,0.0376,OP-B-104,ST-B-06,0.2418,low
BASM-00436,0.0128,0.773,0.0659,OP-B-037,ST-B-06,0.3618,medium
BASM-00437,0.0216,0.906,0.0472,OP-B-095,ST-B-05,0.155,low
BASM-00438,0.0117,1.129,0.0418,OP-B-102,ST-B-27,0.2115,low
BASM-00439,0.0158,1.118,0.0545,OP-B-015,ST-B-10,0.1611,low
BASM-00440,0.0068,1.139,0.0279,OP-B-018,ST-B-24,0.2522,medium
BASM-00441,0.0138,1.025,0.0308,OP-B-139,ST-B-24,0.1024,low
BASM-00442,0.01,0.791,0.0232,OP-B-148,ST-B-06,0.2689,medium
BASM-00443,0.0153,0.969,0.1555,OP-B-014,ST-B-11,0.3471,medium
BASM-00444,0.0098,1.332,0.0978,OP-B-095,ST-B-08,0.4308,medium
BASM-00445,0.0205,0.882,0.0491,OP-B-060,ST-B-11,0.1482,low
BASM-00446,0.0277,1.278,0.0533,OP-B-134,ST-B-03,0.3248,medium
BASM-00447,0.0245,0.815,0.0702,OP-B-124,ST-B-26,0.3493,medium
BASM-00448,0.0119,1.487,0.0463,OP-B-133,ST-B-18,0.4219,medium
BASM-00449,0.0165,0.695,0.0676,OP-B-031,ST-B-30,0.2574,medium
BASM-00450,0.0329,1.07,0.0943,OP-B-051,ST-B-16,0.4258,medium
BASM-00451,0.0251,1.22,0.0714,OP-B-130,ST-B-19,0.2968,medium
BASM-00452,-0.006,1.412,0.0475,OP-B-031,ST-B-22,0.5147,high
BASM-00453,0.0282,1.346,0.0707,OP-B-093,ST-B-18,0.4027,medium
BASM-00454,0.0045,1.535,0.0271,OP-B-097,ST-B-19,0.385,medium
BASM-00455,0.0124,1.15,0.0226,OP-B-104,ST-B-08,0.2148,low
BASM-00456,0.0097,0.963,0.0237,OP-B-094,ST-B-03,0.2263,low
BASM-00457,0.0245,0.885,0.0613,OP-B-032,ST-B-18,0.2334,low
BASM-00458,0.0284,0.512,0.0528,OP-B-114,ST-B-18,0.4477,medium
BASM-00459,0.0233,1.312,0.0299,OP-B-148,ST-B-10,0.171,low
BASM-00460,0.0179,0.993,0.059,OP-B-009,ST-B-05,0.1528,low
BASM-00461,0.0201,0.868,0.0241,OP-B-138,ST-B-24,0.1089,low
BASM-00462,0.0105,0.986,0.1389,OP-B-005,ST-B-27,0.3745,medium
BASM-00463,0.0231,0.957,0.0025,OP-B-088,ST-B-17,0.0858,low
BASM-00464,0.02,0.873,0.0233,OP-B-109,ST-B-15,0.101,low
BASM-00465,0.0201,1.022,0.0342,OP-B-132,ST-B-07,0.1095,low
BASM-00466,0.0032,0.878,0.0349,OP-B-002,ST-B-07,0.2598,medium
BASM-00467,0.0322,0.965,0.0112,OP-B-092,ST-B-03,0.2091,low
BASM-00468,0.0138,0.509,0.0512,OP-B-124,ST-B-19,0.3341,medium
BASM-00469,0.0251,0.862,0.0424,OP-B-109,ST-B-11,0.2391,low
BASM-00470,0.0129,0.68,0.0456,OP-B-146,ST-B-10,0.3197,medium
BASM-00471,0.0176,1.488,0.035,OP-B-112,ST-B-23,0.3335,medium
BASM-00472,0.0261,1.013,0.0213,OP-B-049,ST-B-04,0.1527,low
BASM-00473,0.024,1.407,0.0479,OP-B-068,ST-B-22,0.3314,medium
BASM-00474,0.0074,1.145,0.0405,OP-B-022,ST-B-19,0.2398,low
BASM-00475,0.0186,1.086,0.0352,OP-B-016,ST-B-07,0.1431,low
BASM-00476,0.0139,0.651,0.0131,OP-B-064,ST-B-08,0.1952,low
BASM-00477,0.0236,0.696,0.028,OP-B-107,ST-B-09,0.1892,low
BASM-00478,0.0153,1.009,0.0203,OP-B-087,ST-B-08,0.0318,low
BASM-00479,0.0332,1.178,0.0932,OP-B-024,ST-B-03,0.497,medium
BASM-00480,0.0125,0.92,0.1501,OP-B-088,ST-B-02,0.3268,medium
BASM-00481,0.0008,1.165,0.0181,OP-B-120,ST-B-25,0.3171,medium
BASM-00482,0.0285,1.317,0.0381,OP-B-023,ST-B-07,0.3127,medium
BASM-00483,0.0293,1.032,0.0809,OP-B-105,ST-B-22,0.3548,medium
BASM-00484,0.0186,0.993,0.1414,OP-B-071,ST-B-26,0.3379,medium
BASM-00485,0.011,0.497,0.0066,OP-B-106,ST-B-16,0.2652,medium
BASM-00486,0.0166,0.407,0.0566,OP-B-132,ST-B-13,0.4148,medium
BASM-00487,0.0083,1.216,0.0588,OP-B-111,ST-B-23,0.293,medium
BASM-00488,0.0277,1.528,0.0418,OP-B-039,ST-B-30,0.4133,medium
BASM-00489,0.0166,1.031,0.002,OP-B-131,ST-B-22,0.049,low
BASM-00490,0.04,1.115,0.0252,OP-B-131,ST-B-16,0.3329,medium
BASM-00491,0.0123,1.419,0.0296,OP-B-058,ST-B-16,0.3134,medium
BASM-00492,0.0148,1.412,0.0334,OP-B-123,ST-B-19,0.3113,medium
BASM-00493,0.0277,1.431,0.0586,OP-B-084,ST-B-30,0.4301,medium
BASM-00494,0.0182,1.524,0.0744,OP-B-117,ST-B-17,0.3824,medium
BASM-00495,0.0102,0.881,0.0441,OP-B-004,ST-B-09,0.258,medium
BASM-00496,0.0236,1.008,0.0747,OP-B-025,ST-B-20,0.2311,low
BASM-00497,0.0122,1.072,0.0211,OP-B-001,ST-B-07,0.1845,low
BASM-00498,0.0013,0.619,0.0525,OP-B-065,ST-B-25,0.4868,medium
BASM-00499,0.0203,0.942,0.0227,OP-B-111,ST-B-27,0.1189,low
BASM-00500,0.0127,1.582,0.0128,OP-B-126,ST-B-21,0.3152,medium
BASM-00501,0.0193,1.194,0.0841,OP-B-048,ST-B-27,0.2911,medium
BASM-00502,0.0186,0.538,0.0544,OP-B-111,ST-B-09,0.2563,medium
BASM-00503,0.0104,1.159,0.0651,OP-B-002,ST-B-14,0.3052,medium
BASM-00504,0.0212,1.353,0.127,OP-B-117,ST-B-28,0.4596,medium
BASM-00505,0.02,1.302,0.0366,OP-B-126,ST-B-08,0.2476,low
BASM-00506,0.0078,1.331,0.0679,OP-B-148,ST-B-11,0.4037,medium
BASM-00507,0.0151,1.054,0.011,OP-B-067,ST-B-28,0.0767,low
BASM-00508,0.0263,0.79,0.0181,OP-B-095,ST-B-13,0.1997,low
BASM-00509,0.022,1.166,0.0515,OP-B-052,ST-B-06,0.2234,low
BASM-00510,0.029,0.54,0.0143,OP-B-117,ST-B-18,0.3161,medium
BASM-00511,0.0005,1.309,0.0167,OP-B-033,ST-B-09,0.3396,medium
BASM-00512,0.0123,0.7,0.0107,OP-B-111,ST-B-04,0.1916,low
BASM-00513,0.0208,0.868,0.0347,OP-B-029,ST-B-10,0.1405,low
BASM-00514,0.0161,0.873,0.0963,OP-B-057,ST-B-01,0.2874,medium
BASM-00515,0.0111,1.041,0.0325,OP-B-053,ST-B-17,0.1531,low
BASM-00516,0.0373,0.957,0.0585,OP-B-090,ST-B-22,0.411,medium
BASM-00517,0.0152,0.832,0.0201,OP-B-037,ST-B-12,0.1634,low
BASM-00518,0.0118,1.001,0.0873,OP-B-011,ST-B-26,0.2336,low
BASM-00519,0.0122,0.976,0.0458,OP-B-045,ST-B-14,0.1628,low
BASM-00520,0.0043,1.003,0.0546,OP-B-093,ST-B-21,0.2594,medium
BASM-00521,0.0042,1.322,0.0456,OP-B-032,ST-B-15,0.3797,medium
BASM-00522,0.023,0.985,0.1167,OP-B-125,ST-B-28,0.2732,medium
BASM-00523,-0.003,1.605,0.01,OP-B-057,ST-B-10,0.5354,high
BASM-00524,0.0058,0.688,0.0188,OP-B-011,ST-B-18,0.2914,medium
BASM-00525,0.0181,1.086,0.012,OP-B-112,ST-B-07,0.0316,low
BASM-00526,0.0205,1.51,0.0177,OP-B-115,ST-B-25,0.2413,low
BASM-00527,0.0257,1.022,0.0533,OP-B-032,ST-B-18,0.2033,low
BASM-00528,0.0161,1.27,0.0486,OP-B-011,ST-B-11,0.1765,low
BASM-00529,0.0172,1.242,0.0621,OP-B-003,ST-B-27,0.2006,low
BASM-00530,0.0134,0.934,0.0909,OP-B-111,ST-B-17,0.1936,low
BASM-00531,0.0213,0.699,0.1625,OP-B-005,ST-B-11,0.4719,medium
BASM-00532,0.0229,1.172,0.0477,OP-B-076,ST-B-08,0.2068,low
BASM-00533,0.0133,1.022,0.0428,OP-B-100,ST-B-14,0.157,low
BASM-00534,0.0091,0.64,0.0544,OP-B-042,ST-B-25,0.3918,medium
BASM-00535,0.0099,1.247,0.0418,OP-B-036,ST-B-09,0.2723,medium
BASM-00536,0.0267,1.417,0.0391,OP-B-072,ST-B-20,0.3304,medium
BASM-00537,0.0237,0.742,0.0892,OP-B-037,ST-B-14,0.3651,medium
BASM-00538,0.0143,1.02,0.0369,OP-B-017,ST-B-13,0.0537,low
BASM-00539,0.0213,0.396,0.0383,OP-B-032,ST-B-28,0.4006,medium
BASM-00540,0.0275,0.753,0.0408,OP-B-015,ST-B-16,0.3055,medium
BASM-00541,0.0133,1.647,0.0298,OP-B-011,ST-B-20,0.3588,medium
BASM-00542,0.016,0.971,0.0484,OP-B-031,ST-B-24,0.1184,low
BASM-00543,0.0147,0.977,0.0922,OP-B-017,ST-B-10,0.3347,medium
BASM-00544,0.0059,0.956,0.1599,OP-B-055,ST-B-06,0.5001,high
BASM-00545,0.0164,0.674,0.0358,OP-B-049,ST-B-03,0.2914,medium
BASM-00546,0.0141,0.589,0.0284,OP-B-029,ST-B-15,0.2824,medium
BASM-00547,0.0098,0.75,0.045,OP-B-075,ST-B-13,0.2946,medium
BASM-00548,-0.0022,0.981,0.0443,OP-B-112,ST-B-20,0.3452,medium
BASM-00549,0.0103,0.767,0.0128,OP-B-057,ST-B-06,0.2341,low
BASM-00550,0.0206,1.202,0.0467,OP-B-096,ST-B-30,0.213,low
BASM-00551,0.0351,0.706,0.0943,OP-B-009,ST-B-04,0.483,medium
BASM-00552,0.0209,1.312,0.013,OP-B-012,ST-B-03,0.1946,low
BASM-00553,0.0101,0.786,0.1602,OP-B-081,ST-B-30,0.5571,high
BASM-00554,0.0078,0.942,0.0402,OP-B-055,ST-B-19,0.182,low
BASM-00555,0.019,1.246,0.1815,OP-B-018,ST-B-22,0.4807,medium
BASM-00556,0.0123,1.327,0.1014,OP-B-056,ST-B-28,0.4071,medium
BASM-00557,0.0165,0.763,0.0463,OP-B-040,ST-B-05,0.2126,low
BASM-00558,0.0268,1.581,0.0384,OP-B-058,ST-B-12,0.4288,medium
BASM-00559,0.0177,0.704,0.0181,OP-B-123,ST-B-05,0.2016,low
BASM-00560,0.0144,1.818,0.0438,OP-B-031,ST-B-05,0.4235,medium
BASM-00561,-0.006,0.694,0.1217,OP-B-131,ST-B-19,0.6739,high
BASM-00562,0.0248,0.598,0.0651,OP-B-043,ST-B-04,0.4098,medium
BASM-00563,0.0197,0.95,0.0243,OP-B-047,ST-B-01,0.0324,low
BASM-00564,0.03,0.771,0.0489,OP-B-143,ST-B-22,0.3127,medium
BASM-00565,0.0101,0.972,0.0437,OP-B-001,ST-B-17,0.208,low
BASM-00566,0.0165,1.179,0.0155,OP-B-021,ST-B-01,0.1136,low
BASM-00567,0.0168,0.888,0.0361,OP-B-034,ST-B-25,0.2028,low
BASM-00568,0.0243,1.33,0.109,OP-B-079,ST-B-30,0.3937,medium
BASM-00569,0.0204,0.715,0.0332,OP-B-105,ST-B-12,0.2285,low
BASM-00570,0.0012,0.667,0.1742,OP-B-052,ST-B-22,0.7091,high
BASM-00571,0.0228,0.671,0.0554,OP-B-052,ST-B-13,0.2898,medium
BASM-00572,0.0094,1.295,0.0306,OP-B-131,ST-B-01,0.2383,low
BASM-00573,0.0137,1.053,0.0498,OP-B-105,ST-B-27,0.1648,low
BASM-00574,0.0078,0.826,0.0656,OP-B-085,ST-B-08,0.3419,medium
BASM-00575,0.0194,0.622,0.051,OP-B-048,ST-B-16,0.276,medium
BASM-00576,0.0251,0.869,0.0911,OP-B-062,ST-B-06,0.3076,medium
BASM-00577,0.0117,1.115,0.0388,OP-B-022,ST-B-04,0.1762,low
BASM-00578,0.0138,0.788,0.1328,OP-B-087,ST-B-30,0.4378,medium
BASM-00579,0.0083,0.764,0.0156,OP-B-011,ST-B-25,0.2253,low
BASM-00580,0.029,0.895,0.044,OP-B-126,ST-B-03,0.2555,medium
BASM-00581,0.0276,1.37,0.0477,OP-B-042,ST-B-08,0.3543,medium
BASM-00582,0.0148,1.004,0.097,OP-B-002,ST-B-18,0.1841,low
BASM-00583,0.0232,0.744,0.0551,OP-B-098,ST-B-05,0.3142,medium
BASM-00584,0.0157,0.609,0.0693,OP-B-006,ST-B-29,0.2801,medium
BASM-00585,0.017,1.077,0.051,OP-B-095,ST-B-10,0.1747,low
BASM-00586,0.0201,1.163,0.0279,OP-B-063,ST-B-03,0.1883,low
BASM-00587,0.025,0.555,0.036,OP-B-082,ST-B-30,0.3564,medium
BASM-00588,0.0289,1.185,0.0495,OP-B-095,ST-B-15,0.3011,medium
BASM-00589,0.0212,0.871,0.1075,OP-B-092,ST-B-10,0.3317,medium
BASM-00590,0.0168,0.761,0.0549,OP-B-059,ST-B-28,0.1386,low
BASM-00591,0.0131,0.587,0.0594,OP-B-136,ST-B-23,0.3571,medium
BASM-00592,0.0167,0.953,0.0649,OP-B-054,ST-B-29,0.1786,low
BASM-00593,0.0134,0.3,0.0028,OP-B-093,ST-B-04,0.3454,medium
BASM-00594,0.0325,0.871,0.0277,OP-B-098,ST-B-16,0.3154,medium
BASM-00595,0.011,0.747,0.1104,OP-B-020,ST-B-10,0.4112,medium
BASM-00596,0.0291,1.103,0.0669,OP-B-124,ST-B-01,0.3349,medium
BASM-00597,0.0079,1.357,0.0592,OP-B-006,ST-B-11,0.4161,medium
BASM-00598,0.0185,1.573,0.057,OP-B-004,ST-B-27,0.4259,medium
BASM-00599,0.0163,0.728,0.0736,OP-B-066,ST-B-22,0.2594,medium
BASM-00600,0.0193,0.646,0.0273,OP-B-009,ST-B-25,0.1831,low
BASM-00601,0.0178,1.223,0.0609,OP-B-076,ST-B-29,0.2815,medium
BASM-00602,0.0191,0.548,0.0914,OP-B-017,ST-B-16,0.3623,medium
BASM-00603,0.0243,1.227,0.0126,OP-B-034,ST-B-29,0.2391,low
BASM-00604,-0.0004,1.555,0.0515,OP-B-137,ST-B-24,0.6,high
BASM-00605,0.0153,1.274,0.0171,OP-B-033,ST-B-16,0.1178,low
BASM-00606,0.0236,1.372,0.0204,OP-B-130,ST-B-07,0.2588,medium
BASM-00607,0.0171,1.877,0.0309,OP-B-050,ST-B-07,0.3439,medium
BASM-00608,0.0275,0.925,0.0238,OP-B-025,ST-B-12,0.2199,low
BASM-00609,0.007,1.035,0.0169,OP-B-084,ST-B-03,0.1858,low
BASM-00610,0.0114,0.628,0.0698,OP-B-127,ST-B-19,0.4141,medium
BASM-00611,0.0124,1.124,0.0369,OP-B-088,ST-B-13,0.2149,low
BASM-00612,0.0051,1.312,0.0395,OP-B-082,ST-B-05,0.4224,medium
BASM-00613,0.0109,0.781,0.0406,OP-B-101,ST-B-18,0.2859,medium
BASM-00614,0.0275,0.455,0.0835,OP-B-095,ST-B-18,0.5378,high
BASM-00615,0.0293,0.685,0.034,OP-B-058,ST-B-26,0.3086,medium
BASM-00616,0.0157,1.24,0.0322,OP-B-030,ST-B-27,0.1625,low
BASM-00617,0.0221,0.782,0.0489,OP-B-112,ST-B-19,0.2225,low
BASM-00618,0.0224,1.013,0.0684,OP-B-024,ST-B-25,0.1636,low
BASM-00619,0.002,0.754,0.0501,OP-B-060,ST-B-11,0.3593,medium
BASM-00620,0.0352,0.986,0.0374,OP-B-047,ST-B-09,0.3191,medium
BASM-00621,0.0129,1.453,0.048,OP-B-123,ST-B-05,0.3275,medium
BASM-00622,0.0319,0.989,0.1027,OP-B-076,ST-B-28,0.3635,medium
BASM-00623,0.006,1.029,0.0173,OP-B-121,ST-B-19,0.2342,low
BASM-00624,0.0232,0.364,0.0541,OP-B-020,ST-B-19,0.3679,medium
BASM-00625,0.026,0.995,0.057,OP-B-091,ST-B-10,0.2222,low
BASM-00626,0.0176,1.245,0.0221,OP-B-076,ST-B-28,0.1986,low
BASM-00627,0.0304,1.166,0.0948,OP-B-089,ST-B-01,0.4449,medium
BASM-00628,0.0234,1.347,0.0053,OP-B-149,ST-B-17,0.218,low
BASM-00629,0.0307,1.365,0.0768,OP-B-148,ST-B-27,0.452,medium
BASM-00630,0.0241,1.152,0.0405,OP-B-107,ST-B-18,0.2812,medium
BASM-00631,-0.003,1.052,0.0837,OP-B-114,ST-B-05,0.4126,medium
BASM-00632,0.0284,1.018,0.0436,OP-B-049,ST-B-20,0.228,low
BASM-00633,0.016,0.903,0.0495,OP-B-004,ST-B-07,0.197,low
BASM-00634,0.0031,0.651,0.05,OP-B-009,ST-B-14,0.4029,medium
BASM-00635,0.0173,0.573,0.0483,OP-B-070,ST-B-22,0.2627,medium
BASM-00636,0.0259,0.944,0.0104,OP-B-111,ST-B-03,0.1438,low
BASM-00637,0.0228,0.881,0.0588,OP-B-080,ST-B-15,0.2258,low
BASM-00638,0.0327,1.033,0.2018,OP-B-105,ST-B-25,0.6112,high
BASM-00639,0.0209,1.273,0.0383,OP-B-020,ST-B-18,0.2551,medium
BASM-00640,0.0209,1.203,0.0838,OP-B-058,ST-B-28,0.3091,medium
BASM-00641,0.012,0.838,0.0392,OP-B-100,ST-B-18,0.2511,medium
BASM-00642,0.024,1.089,0.0517,OP-B-110,ST-B-15,0.2372,low
BASM-00643,0.0213,0.492,0.0818,OP-B-028,ST-B-09,0.4768,medium
BASM-00644,0.018,1.216,0.0478,OP-B-037,ST-B-04,0.1776,low
BASM-00645,0.0219,1.264,0.0309,OP-B-080,ST-B-08,0.193,low
BASM-00646,0.0173,0.513,0.0601,OP-B-074,ST-B-15,0.3511,medium
BASM-00647,0.0292,0.967,0.0481,OP-B-037,ST-B-12,0.228,low
BASM-00648,0.0226,1.157,0.0443,OP-B-104,ST-B-01,0.1965,low
BASM-00649,0.0056,1.332,0.0291,OP-B-037,ST-B-07,0.3553,medium
BASM-00650,0.0188,1.458,0.0486,OP-B-030,ST-B-01,0.2174,low
BASM-00651,0.0206,1.177,0.07,OP-B-098,ST-B-02,0.223,low
BASM-00652,0.0131,1.046,0.0166,OP-B-074,ST-B-29,0.1108,low
BASM-00653,0.0277,1.316,0.0645,OP-B-116,ST-B-02,0.3274,medium
BASM-00654,0.024,0.915,0.0366,OP-B-122,ST-B-13,0.2312,low
BASM-00655,0.019,1.107,0.0431,OP-B-092,ST-B-04,0.1944,low
BASM-00656,0.0,1.272,0.0481,OP-B-011,ST-B-09,0.4252,medium
BASM-00657,0.0128,1.013,0.0514,OP-B-014,ST-B-15,0.1481,low
BASM-00658,0.023,1.133,0.0317,OP-B-098,ST-B-13,0.1669,low
BASM-00659,0.0161,0.916,0.0479,OP-B-119,ST-B-07,0.166,low
BASM-00660,0.0175,0.8,0.0428,OP-B-061,ST-B-10,0.2266,low
BASM-00661,0.0256,0.787,0.0442,OP-B-051,ST-B-22,0.3199,medium
BASM-00662,0.0108,0.847,0.0469,OP-B-129,ST-B-13,0.2391,low
BASM-00663,0.015,0.794,0.0405,OP-B-095,ST-B-20,0.2204,low
BASM-00664,0.0248,1.328,0.1136,OP-B-026,ST-B-22,0.4854,medium
BASM-00665,0.0105,1.036,0.0732,OP-B-021,ST-B-28,0.2236,low
BASM-00666,0.0278,1.084,0.0324,OP-B-142,ST-B-17,0.1571,low
BASM-00667,0.0189,1.065,0.0259,OP-B-048,ST-B-01,0.0954,low
BASM-00668,0.0075,1.33,0.029,OP-B-098,ST-B-17,0.3292,medium
BASM-00669,0.0187,1.303,0.0303,OP-B-050,ST-B-21,0.1615,low
BASM-00670,0.0157,1.011,0.1816,OP-B-110,ST-B-28,0.3991,medium
BASM-00671,0.0211,1.457,0.0583,OP-B-093,ST-B-21,0.3177,medium
BASM-00672,0.0107,1.029,0.0116,OP-B-024,ST-B-11,0.1234,low
BASM-00673,0.0211,1.638,0.0612,OP-B-092,ST-B-04,0.4029,medium
BASM-00674,0.0141,0.749,0.0391,OP-B-087,ST-B-14,0.1539,low
BASM-00675,0.0248,1.138,0.0415,OP-B-106,ST-B-04,0.196,low
BASM-00676,0.0062,1.366,0.0511,OP-B-014,ST-B-16,0.3865,medium
BASM-00677,0.016,1.259,0.0048,OP-B-055,ST-B-30,0.1556,low
BASM-00678,0.033,1.041,0.0676,OP-B-150,ST-B-08,0.2864,medium
BASM-00679,0.0196,1.038,0.032,OP-B-013,ST-B-19,0.0693,low
BASM-00680,0.0277,0.998,0.0797,OP-B-012,ST-B-28,0.2858,medium
BASM-00681,0.0186,1.313,0.0489,OP-B-104,ST-B-20,0.1963,low
BASM-00682,0.0162,1.131,0.0745,OP-B-019,ST-B-15,0.202,low
BASM-00683,0.0098,0.968,0.0292,OP-B-064,ST-B-17,0.1747,low
BASM-00684,0.0139,1.123,0.0238,OP-B-141,ST-B-11,0.128,low
BASM-00685,0.0168,1.538,0.018,OP-B-006,ST-B-10,0.3001,medium
BASM-00686,0.0138,0.731,0.1444,OP-B-078,ST-B-14,0.4973,medium
BASM-00687,0.0222,0.935,0.0276,OP-B-035,ST-B-19,0.1604,low
BASM-00688,0.011,0.777,0.1307,OP-B-110,ST-B-19,0.4262,medium
BASM-00689,0.0204,0.802,0.0884,OP-B-072,ST-B-03,0.3344,medium
BASM-00690,0.0325,1.055,0.1134,OP-B-062,ST-B-10,0.3777,medium
BASM-00691,0.0178,0.506,0.0315,OP-B-079,ST-B-30,0.2267,low
BASM-00692,0.0008,0.965,0.084,OP-B-075,ST-B-10,0.4431,medium
BASM-00693,0.0179,1.284,0.0477,OP-B-142,ST-B-29,0.2204,low
BASM-00694,0.018,0.862,0.0256,OP-B-030,ST-B-19,0.15,low
BASM-00695,0.0133,0.971,0.0382,OP-B-023,ST-B-06,0.2064,low
BASM-00696,0.0148,1.307,0.0154,OP-B-084,ST-B-05,0.1409,low
BASM-00697,0.0205,0.788,0.0746,OP-B-108,ST-B-26,0.2532,medium
BASM-00698,0.0214,1.18,0.0035,OP-B-022,ST-B-05,0.1283,low
BASM-00699,0.0097,0.588,0.0138,OP-B-133,ST-B-18,0.2978,medium
BASM-00700,0.0147,1.119,0.0516,OP-B-062,ST-B-15,0.1679,low
BASM-00701,0.0202,1.23,0.0078,OP-B-045,ST-B-03,0.1634,low
BASM-00702,0.0176,1.381,0.0495,OP-B-135,ST-B-12,0.1787,low
BASM-00703,0.0204,0.956,0.0983,OP-B-006,ST-B-29,0.2474,low
BASM-00704,0.0133,0.514,0.1134,OP-B-108,ST-B-24,0.5057,high
BASM-00705,0.0175,1.102,0.0264,OP-B-001,ST-B-21,0.1465,low
BASM-00706,0.0185,1.228,0.023,OP-B-037,ST-B-03,0.1374,low
BASM-00707,0.013,0.929,0.1013,OP-B-120,ST-B-30,0.2735,medium
BASM-00708,0.0171,1.017,0.0098,OP-B-131,ST-B-10,0.0414,low
BASM-00709,0.0115,0.872,0.0886,OP-B-109,ST-B-20,0.3898,medium
BASM-00710,0.0006,1.013,0.0031,OP-B-047,ST-B-01,0.1932,low
BASM-00711,0.0075,0.613,0.0311,OP-B-143,ST-B-30,0.3913,medium
BASM-00712,0.0254,1.34,0.0692,OP-B-149,ST-B-24,0.3345,medium
BASM-00713,0.0367,1.117,0.0152,OP-B-097,ST-B-01,0.3106,medium
BASM-00714,0.0044,1.163,0.0823,OP-B-070,ST-B-16,0.4014,medium
BASM-00715,0.0074,0.932,0.0846,OP-B-080,ST-B-19,0.4038,medium
BASM-00716,0.0237,0.706,0.0122,OP-B-148,ST-B-27,0.2723,medium
BASM-00717,0.007,1.145,0.0204,OP-B-100,ST-B-07,0.25,medium
BASM-00718,0.0118,0.742,0.0027,OP-B-102,ST-B-12,0.1462,low
BASM-00719,0.0175,1.324,0.0633,OP-B-114,ST-B-09,0.2736,medium
BASM-00720,0.0136,0.626,0.007,OP-B-006,ST-B-30,0.2245,low
BASM-00721,0.0224,0.746,0.0187,OP-B-056,ST-B-30,0.1808,low
BASM-00722,0.0268,1.077,0.025,OP-B-117,ST-B-07,0.1539,low
BASM-00723,0.0073,1.122,0.072,OP-B-124,ST-B-02,0.3272,medium
BASM-00724,0.0078,1.507,0.0366,OP-B-067,ST-B-24,0.4737,medium
BASM-00725,0.0209,0.582,0.0415,OP-B-118,ST-B-16,0.2874,medium
BASM-00726,0.0127,0.732,0.0374,OP-B-145,ST-B-01,0.2905,medium
BASM-00727,0.0289,0.752,0.0844,OP-B-037,ST-B-04,0.3343,medium
BASM-00728,0.0178,1.049,0.0281,OP-B-070,ST-B-18,0.0915,low
BASM-00729,0.0118,1.546,0.1142,OP-B-139,ST-B-18,0.5394,high
BASM-00730,0.0177,0.924,0.0738,OP-B-008,ST-B-13,0.2132,low
BASM-00731,0.0279,0.937,0.0504,OP-B-053,ST-B-07,0.314,medium
BASM-00732,0.0231,1.122,0.0399,OP-B-108,ST-B-16,0.1965,low
BASM-00733,0.0156,1.202,0.0557,OP-B-125,ST-B-12,0.1402,low
BASM-00734,0.0252,1.546,0.0446,OP-B-023,ST-B-25,0.3412,medium
BASM-00735,0.0106,1.184,0.1065,OP-B-032,ST-B-27,0.3738,medium
BASM-00736,0.0182,1.055,0.018,OP-B-066,ST-B-18,0.0589,low
BASM-00737,0.0237,0.915,0.0237,OP-B-049,ST-B-20,0.1374,low
BASM-00738,0.0248,0.826,0.1032,OP-B-123,ST-B-20,0.352,medium
BASM-00739,0.0177,0.962,0.1452,OP-B-115,ST-B-15,0.2929,medium
BASM-00740,0.0067,1.311,0.047,OP-B-080,ST-B-24,0.3544,medium
BASM-00741,0.0236,1.063,0.0116,OP-B-146,ST-B-11,0.1579,low
BASM-00742,0.0227,0.823,0.0716,OP-B-122,ST-B-14,0.2682,medium
BASM-00743,0.0092,0.501,0.0338,OP-B-087,ST-B-26,0.4,medium
BASM-00744,0.0088,1.17,0.0372,OP-B-005,ST-B-10,0.2512,medium
BASM-00745,0.0191,0.694,0.0566,OP-B-015,ST-B-09,0.2319,low
BASM-00746,0.0095,0.853,0.0073,OP-B-132,ST-B-10,0.1547,low
BASM-00747,0.0148,0.879,0.0532,OP-B-111,ST-B-27,0.1918,low
BASM-00748,0.022,1.038,0.0461,OP-B-023,ST-B-22,0.128,low
BASM-00749,0.0074,0.964,0.0391,OP-B-003,ST-B-22,0.2495,low
BASM-00750,0.0306,0.819,0.0414,OP-B-096,ST-B-17,0.3734,medium
BASM-00751,0.0159,0.955,0.0106,OP-B-065,ST-B-14,0.0677,low
BASM-00752,0.0189,0.57,0.0121,OP-B-126,ST-B-24,0.2065,low
BASM-00753,0.0151,1.224,0.0632,OP-B-132,ST-B-21,0.2402,low
BASM-00754,0.0303,1.129,0.0421,OP-B-004,ST-B-20,0.2775,medium
BASM-00755,0.0189,1.096,0.106,OP-B-040,ST-B-22,0.265,medium
BASM-00756,0.0152,1.175,0.0386,OP-B-071,ST-B-27,0.1745,low
BASM-00757,0.0187,0.888,0.0772,OP-B-078,ST-B-11,0.1753,low
BASM-00758,0.0287,1.323,0.0493,OP-B-057,ST-B-17,0.3928,medium
BASM-00759,0.0173,0.962,0.0825,OP-B-124,ST-B-14,0.1634,low
BASM-00760,0.0056,0.614,0.0725,OP-B-135,ST-B-14,0.5241,high
BASM-00761,0.0138,0.555,0.0646,OP-B-018,ST-B-09,0.3785,medium
BASM-00762,0.0171,0.714,0.0927,OP-B-055,ST-B-29,0.3262,medium
BASM-00763,0.0161,0.614,0.023,OP-B-083,ST-B-10,0.1937,low
BASM-00764,0.0125,0.78,0.0541,OP-B-004,ST-B-21,0.2914,medium
BASM-00765,0.0116,0.676,0.041,OP-B-016,ST-B-29,0.3226,medium
BASM-00766,0.0309,1.151,0.022,OP-B-062,ST-B-14,0.2429,low
BASM-00767,0.0249,1.269,0.0859,OP-B-007,ST-B-28,0.3434,medium
BASM-00768,0.0172,0.688,0.0785,OP-B-091,ST-B-25,0.2652,medium
BASM-00769,0.0296,1.356,0.0059,OP-B-070,ST-B-17,0.3288,medium
BASM-00770,0.012,0.937,0.109,OP-B-138,ST-B-18,0.3172,medium
BASM-00771,0.014,0.974,0.0361,OP-B-089,ST-B-30,0.108,low
BASM-00772,-0.0037,0.871,0.0644,OP-B-080,ST-B-29,0.4756,medium
BASM-00773,0.0164,0.878,0.0387,OP-B-092,ST-B-25,0.0726,low
BASM-00774,0.0267,1.129,0.0694,OP-B-121,ST-B-03,0.2741,medium
BASM-00775,0.0268,1.0,0.0892,OP-B-017,ST-B-23,0.328,medium
BASM-00776,0.011,0.965,0.0943,OP-B-006,ST-B-13,0.2691,medium
BASM-00777,0.0229,0.698,0.083,OP-B-063,ST-B-16,0.3689,medium
BASM-00778,0.0323,0.962,0.0436,OP-B-121,ST-B-09,0.344,medium
BASM-00779,0.0154,0.3,0.0403,OP-B-066,ST-B-04,0.4343,medium
BASM-00780,0.0186,0.792,0.1038,OP-B-126,ST-B-18,0.2489,low
BASM-00781,0.0243,0.757,0.0942,OP-B-133,ST-B-09,0.3025,medium
BASM-00782,0.0115,1.067,0.0254,OP-B-137,ST-B-18,0.1847,low
BASM-00783,0.0113,0.905,0.0334,OP-B-027,ST-B-13,0.2168,low
BASM-00784,0.0051,1.078,0.087,OP-B-079,ST-B-12,0.3668,medium
BASM-00785,0.0288,0.926,0.0569,OP-B-070,ST-B-13,0.2738,medium
BASM-00786,0.018,0.518,0.0152,OP-B-061,ST-B-20,0.217,low
BASM-00787,0.0005,0.888,0.0327,OP-B-148,ST-B-12,0.2884,medium
BASM-00788,0.0024,0.93,0.1002,OP-B-034,ST-B-01,0.4252,medium
BASM-00789,0.0215,1.037,0.0268,OP-B-106,ST-B-01,0.1015,low
BASM-00790,0.0133,1.164,0.0192,OP-B-076,ST-B-01,0.1384,low
BASM-00791,0.0235,0.985,0.0909,OP-B-004,ST-B-07,0.2512,medium
BASM-00792,0.0232,1.324,0.0358,OP-B-147,ST-B-10,0.2475,low
BASM-00793,0.0175,0.771,0.0977,OP-B-101,ST-B-24,0.2889,medium
BASM-00794,0.0213,0.884,0.1087,OP-B-133,ST-B-24,0.2712,medium
BASM-00795,0.0125,1.306,0.0241,OP-B-085,ST-B-07,0.2141,low
BASM-00796,0.019,0.657,0.0603,OP-B-058,ST-B-06,0.3652,medium
BASM-00797,0.0222,1.032,0.0315,OP-B-126,ST-B-17,0.1201,low
BASM-00798,0.0076,0.599,0.0475,OP-B-001,ST-B-09,0.3328,medium
BASM-00799,0.0102,0.823,0.0817,OP-B-077,ST-B-26,0.3685,medium
BASM-00800,0.0044,0.932,0.0974,OP-B-121,ST-B-05,0.3652,medium
BASM-00801,0.0123,0.675,0.0735,OP-B-021,ST-B-22,0.3363,medium
BASM-00802,0.0122,1.32,0.0234,OP-B-085,ST-B-11,0.2928,medium
BASM-00803,0.0091,0.628,0.0692,OP-B-043,ST-B-20,0.432,medium
BASM-00804,0.0179,1.218,0.0655,OP-B-005,ST-B-10,0.2345,low
BASM-00805,0.0345,0.97,0.0268,OP-B-010,ST-B-22,0.2239,low
BASM-00806,0.0122,0.559,0.1076,OP-B-019,ST-B-11,0.4274,medium
BASM-00807,0.0101,0.868,0.0616,OP-B-039,ST-B-30,0.2748,medium
BASM-00808,0.0175,0.838,0.0723,OP-B-048,ST-B-19,0.2092,low
BASM-00809,0.0217,1.245,0.0593,OP-B-144,ST-B-01,0.2287,low
BASM-00810,0.019,0.886,0.0348,OP-B-144,ST-B-23,0.0708,low
BASM-00811,0.015,0.781,0.0171,OP-B-077,ST-B-22,0.1815,low
BASM-00812,0.0285,0.993,0.1495,OP-B-138,ST-B-20,0.4391,medium
BASM-00813,0.0264,1.035,0.1421,OP-B-138,ST-B-14,0.4254,medium
BASM-00814,0.0282,1.333,0.0652,OP-B-142,ST-B-27,0.4537,medium
BASM-00815,0.0281,0.54,0.0402,OP-B-069,ST-B-27,0.3975,medium
BASM-00816,0.0184,0.808,0.0428,OP-B-042,ST-B-23,0.2255,low
BASM-00817,0.0296,0.952,0.1433,OP-B-025,ST-B-29,0.4424,medium
BASM-00818,0.023,1.143,0.0226,OP-B-052,ST-B-16,0.1725,low
BASM-00819,0.0057,1.585,0.059,OP-B-108,ST-B-04,0.5676,high
BASM-00820,0.0116,1.063,0.0027,OP-B-136,ST-B-02,0.125,low
BASM-00821,-0.006,1.148,0.0314,OP-B-002,ST-B-13,0.4853,medium
BASM-00822,0.0122,1.027,0.03,OP-B-001,ST-B-17,0.1193,low
BASM-00823,0.0183,1.154,0.0126,OP-B-149,ST-B-03,0.0582,low
BASM-00824,0.0127,0.95,0.0732,OP-B-143,ST-B-08,0.3356,medium
BASM-00825,0.0188,0.533,0.0184,OP-B-002,ST-B-04,0.2281,low
BASM-00826,0.0202,0.9,0.0455,OP-B-123,ST-B-03,0.1803,low
BASM-00827,0.0078,1.007,0.0287,OP-B-028,ST-B-30,0.2038,low
BASM-00828,0.0355,0.879,0.0716,OP-B-070,ST-B-11,0.4397,medium
BASM-00829,0.0219,0.62,0.0369,OP-B-005,ST-B-02,0.2317,low
BASM-00830,0.0122,0.496,0.0285,OP-B-008,ST-B-07,0.363,medium
BASM-00831,0.0174,1.231,0.0533,OP-B-003,ST-B-08,0.25,medium
BASM-00832,0.0277,0.881,0.1026,OP-B-140,ST-B-23,0.3244,medium
BASM-00833,0.0127,0.856,0.069,OP-B-054,ST-B-29,0.2686,medium
BASM-00834,0.0248,0.809,0.0766,OP-B-040,ST-B-07,0.3165,medium
BASM-00835,0.0134,0.72,0.0879,OP-B-023,ST-B-06,0.3252,medium
BASM-00836,-0.0024,1.452,0.0385,OP-B-026,ST-B-18,0.4912,medium
BASM-00837,0.0231,1.625,0.02,OP-B-146,ST-B-17,0.3301,medium
BASM-00838,0.0196,0.899,0.0252,OP-B-150,ST-B-15,0.191,low
BASM-00839,0.021,1.356,0.0379,OP-B-042,ST-B-25,0.2934,medium
BASM-00840,0.0171,1.029,0.0237,OP-B-136,ST-B-29,0.07,low
BASM-00841,0.007,0.785,0.0691,OP-B-066,ST-B-17,0.4102,medium
BASM-00842,0.0207,0.789,0.0332,OP-B-142,ST-B-28,0.1596,low
BASM-00843,0.0303,0.585,0.0203,OP-B-026,ST-B-11,0.336,medium
BASM-00844,0.0189,0.757,0.0298,OP-B-093,ST-B-05,0.1883,low
BASM-00845,0.0131,1.427,0.0329,OP-B-069,ST-B-18,0.2504,medium
BASM-00846,-0.0011,1.128,0.0674,OP-B-035,ST-B-07,0.4074,medium
BASM-00847,0.0141,1.166,0.023,OP-B-113,ST-B-17,0.1661,low
BASM-00848,0.0249,1.095,0.0182,OP-B-059,ST-B-13,0.1338,low
BASM-00849,0.01,0.647,0.0864,OP-B-008,ST-B-23,0.4046,medium
BASM-00850,0.0241,0.79,0.1049,OP-B-034,ST-B-19,0.3776,medium
BASM-00851,0.0122,0.965,0.0878,OP-B-147,ST-B-12,0.261,medium
BASM-00852,-0.001,0.695,0.108,OP-B-049,ST-B-14,0.5454,high
BASM-00853,0.0165,0.429,0.1148,OP-B-140,ST-B-19,0.4124,medium
BASM-00854,0.0156,1.095,0.0477,OP-B-043,ST-B-25,0.1921,low
BASM-00855,0.0042,1.104,0.0117,OP-B-105,ST-B-23,0.2543,medium
BASM-00856,0.0154,1.177,0.0623,OP-B-140,ST-B-14,0.2245,low
BASM-00857,0.0189,0.605,0.16,OP-B-137,ST-B-23,0.4908,medium
BASM-00858,0.0217,1.243,0.068,OP-B-016,ST-B-01,0.2911,medium
BASM-00859,0.0122,0.964,0.0376,OP-B-107,ST-B-10,0.1476,low
BASM-00860,0.0211,1.649,0.0343,OP-B-095,ST-B-13,0.3916,medium
BASM-00861,0.0201,1.035,0.0343,OP-B-023,ST-B-28,0.1277,low
BASM-00862,0.0275,1.164,0.0272,OP-B-051,ST-B-22,0.2618,medium
BASM-00863,0.0223,0.922,0.0344,OP-B-133,ST-B-15,0.1249,low
BASM-00864,0.0227,0.694,0.0447,OP-B-036,ST-B-01,0.307,medium
BASM-00865,0.0239,0.938,0.0472,OP-B-022,ST-B-12,0.1499,low
BASM-00866,0.0102,1.262,0.0202,OP-B-075,ST-B-09,0.2383,low
BASM-00867,0.0133,0.498,0.0388,OP-B-142,ST-B-30,0.3929,medium
BASM-00868,0.0155,1.046,0.0403,OP-B-049,ST-B-22,0.0903,low
BASM-00869,0.0229,0.731,0.0085,OP-B-108,ST-B-06,0.1998,low
BASM-00870,0.0351,0.998,0.0827,OP-B-067,ST-B-14,0.3892,medium
BASM-00871,0.0124,0.936,0.0518,OP-B-045,ST-B-28,0.2176,low
BASM-00872,0.0232,1.283,0.0438,OP-B-063,ST-B-20,0.2921,medium
BASM-00873,0.0262,0.393,0.0921,OP-B-135,ST-B-25,0.4767,medium
BASM-00874,0.0069,0.671,0.077,OP-B-055,ST-B-21,0.3959,medium
BASM-00875,0.0397,1.004,0.0618,OP-B-018,ST-B-16,0.3483,medium
BASM-00876,0.0104,0.586,0.0454,OP-B-140,ST-B-23,0.337,medium
BASM-00877,0.0047,1.126,0.1206,OP-B-089,ST-B-09,0.4484,medium
BASM-00878,0.0215,1.378,0.1589,OP-B-104,ST-B-27,0.5142,high
BASM-00879,0.0277,1.272,0.0387,OP-B-126,ST-B-16,0.3174,medium
BASM-00880,0.0243,0.399,0.0193,OP-B-122,ST-B-25,0.4282,medium
BASM-00881,0.0295,0.444,0.0619,OP-B-131,ST-B-16,0.5272,high
BASM-00882,0.0282,0.977,0.0836,OP-B-011,ST-B-13,0.3759,medium
BASM-00883,0.0129,0.782,0.1237,OP-B-050,ST-B-27,0.4141,medium
BASM-00884,0.0204,1.156,0.0546,OP-B-078,ST-B-15,0.2266,low
BASM-00885,0.0335,0.692,0.0301,OP-B-135,ST-B-28,0.3555,medium
BASM-00886,0.0104,0.804,0.0351,OP-B-080,ST-B-09,0.2891,medium
BASM-00887,0.017,1.242,0.0981,OP-B-048,ST-B-22,0.3033,medium
BASM-00888,0.008,0.804,0.0658,OP-B-149,ST-B-17,0.382,medium
BASM-00889,0.0091,1.206,0.0148,OP-B-034,ST-B-20,0.1865,low
BASM-00890,0.0145,1.379,0.0757,OP-B-021,ST-B-14,0.3659,medium
BASM-00891,0.0167,0.595,0.1253,OP-B-096,ST-B-27,0.4207,medium
BASM-00892,0.019,1.063,0.0694,OP-B-022,ST-B-08,0.2363,low
BASM-00893,0.013,1.004,0.1118,OP-B-122,ST-B-13,0.2939,medium
BASM-00894,0.0262,0.977,0.055,OP-B-140,ST-B-24,0.2112,low
BASM-00895,0.0033,1.074,0.0507,OP-B-079,ST-B-15,0.2877,medium
BASM-00896,0.0151,1.001,0.0638,OP-B-100,ST-B-14,0.1903,low
BASM-00897,0.0141,1.005,0.0376,OP-B-017,ST-B-17,0.1015,low
BASM-00898,0.0058,1.018,0.065,OP-B-046,ST-B-18,0.3802,medium
BASM-00899,0.0122,0.956,0.0407,OP-B-095,ST-B-29,0.1678,low
BASM-00900,0.0307,1.213,0.0725,OP-B-116,ST-B-24,0.4592,medium
BASM-00901,0.0116,1.304,0.0574,OP-B-083,ST-B-25,0.36,medium
BASM-00902,0.0097,0.603,0.0735,OP-B-145,ST-B-10,0.4794,medium
BASM-00903,0.0295,0.902,0.0759,OP-B-047,ST-B-01,0.3335,medium
BASM-00904,0.0135,0.459,0.0416,OP-B-132,ST-B-22,0.392,medium
BASM-00905,0.023,0.564,0.0192,OP-B-086,ST-B-07,0.245,low
BASM-00906,0.0135,1.267,0.1468,OP-B-137,ST-B-05,0.5335,high
BASM-00907,0.0195,1.17,0.083,OP-B-010,ST-B-13,0.3032,medium
BASM-00908,0.011,1.413,0.1315,OP-B-011,ST-B-28,0.556,high
BASM-00909,0.0123,1.1,0.0477,OP-B-092,ST-B-20,0.1935,low
BASM-00910,0.0238,0.875,0.1131,OP-B-037,ST-B-13,0.3786,medium
BASM-00911,0.0207,1.278,0.0395,OP-B-072,ST-B-10,0.2488,low
BASM-00912,0.0075,1.401,0.0673,OP-B-150,ST-B-28,0.3813,medium
BASM-00913,0.0309,1.401,0.0535,OP-B-070,ST-B-09,0.4122,medium
BASM-00914,0.0335,1.055,0.0514,OP-B-073,ST-B-17,0.296,medium
BASM-00915,0.0201,0.505,0.064,OP-B-057,ST-B-10,0.3542,medium
BASM-00916,0.015,1.501,0.0164,OP-B-129,ST-B-13,0.3073,medium
BASM-00917,0.0312,1.038,0.0461,OP-B-055,ST-B-13,0.2837,medium
BASM-00918,0.0187,0.708,0.0171,OP-B-018,ST-B-01,0.1474,low
BASM-00919,0.0223,1.03,0.0245,OP-B-114,ST-B-03,0.1449,low
BASM-00920,0.031,0.753,0.0897,OP-B-009,ST-B-17,0.4545,medium
BASM-00921,0.0063,0.967,0.0538,OP-B-042,ST-B-15,0.2294,low
BASM-00922,0.018,1.083,0.0809,OP-B-016,ST-B-02,0.2276,low
BASM-00923,0.0213,1.259,0.0842,OP-B-111,ST-B-12,0.2343,low
BASM-00924,0.0216,1.068,0.0196,OP-B-004,ST-B-19,0.1473,low
BASM-00925,0.0126,1.28,0.0226,OP-B-028,ST-B-01,0.2467,low
BASM-00926,0.0217,0.92,0.0388,OP-B-002,ST-B-30,0.2627,medium
BASM-00927,0.0283,0.686,0.0607,OP-B-068,ST-B-17,0.3862,medium
BASM-00928,0.0076,1.181,0.1116,OP-B-086,ST-B-21,0.4193,medium
BASM-00929,-0.0022,1.101,0.0131,OP-B-019,ST-B-05,0.3393,medium
BASM-00930,0.0154,1.269,0.0441,OP-B-130,ST-B-14,0.2057,low
BASM-00931,0.0297,1.006,0.0689,OP-B-150,ST-B-17,0.3259,medium
BASM-00932,0.0131,0.76,0.1304,OP-B-039,ST-B-13,0.4649,medium
BASM-00933,0.0173,0.728,0.047,OP-B-125,ST-B-02,0.2484,low
BASM-00934,0.0247,0.705,0.0631,OP-B-148,ST-B-08,0.3518,medium
BASM-00935,0.0127,1.039,0.0191,OP-B-049,ST-B-10,0.0417,low
BASM-00936,0.0177,1.152,0.0244,OP-B-074,ST-B-28,0.111,low
BASM-00937,0.0259,0.997,0.0226,OP-B-009,ST-B-02,0.0682,low
BASM-00938,0.0092,0.945,0.0222,OP-B-084,ST-B-07,0.1832,low
BASM-00939,0.0177,1.065,0.0215,OP-B-075,ST-B-12,0.0529,low
BASM-00940,0.018,1.482,0.0644,OP-B-137,ST-B-15,0.3401,medium
BASM-00941,0.0066,0.9,0.0337,OP-B-134,ST-B-04,0.2549,medium
BASM-00942,0.0252,1.055,0.0627,OP-B-147,ST-B-11,0.2534,medium
BASM-00943,0.0194,1.242,0.0615,OP-B-107,ST-B-08,0.2421,low
BASM-00944,0.0261,1.197,0.0203,OP-B-134,ST-B-04,0.1983,low
BASM-00945,0.0195,0.522,0.0514,OP-B-023,ST-B-27,0.3249,medium
BASM-00946,-0.0023,0.864,0.095,OP-B-054,ST-B-09,0.5028,high
BASM-00947,0.0032,0.695,0.1317,OP-B-076,ST-B-18,0.5634,high
BASM-00948,0.0184,1.064,0.0628,OP-B-127,ST-B-30,0.2019,low
BASM-00949,0.015,0.935,0.0524,OP-B-050,ST-B-10,0.1933,low
BASM-00950,0.019,0.919,0.0216,OP-B-001,ST-B-13,0.0923,low
BASM-00951,0.0127,1.229,0.0259,OP-B-006,ST-B-19,0.2443,low
BASM-00952,0.0135,1.064,0.0147,OP-B-011,ST-B-26,0.0713,low
BASM-00953,0.0147,1.4,0.0174,OP-B-145,ST-B-29,0.2068,low
BASM-00954,0.0264,0.959,0.0516,OP-B-144,ST-B-20,0.2527,medium
BASM-00955,0.0265,0.82,0.0426,OP-B-073,ST-B-19,0.3023,medium
BASM-00956,0.0077,0.797,0.0178,OP-B-114,ST-B-15,0.2113,low
BASM-00957,0.0433,1.447,0.0799,OP-B-103,ST-B-19,0.6218,high
BASM-00958,0.0053,1.214,0.0246,OP-B-091,ST-B-04,0.2256,low
BASM-00959,0.0394,1.03,0.0526,OP-B-045,ST-B-01,0.4198,medium
BASM-00960,0.0144,1.011,0.047,OP-B-150,ST-B-21,0.1041,low
BASM-00961,0.045,0.837,0.1002,OP-B-011,ST-B-12,0.6457,high
BASM-00962,0.0178,1.08,0.0603,OP-B-040,ST-B-10,0.1995,low
BASM-00963,0.0156,0.996,0.0109,OP-B-009,ST-B-01,0.0721,low
BASM-00964,0.0206,0.933,0.0579,OP-B-147,ST-B-10,0.1771,low
BASM-00965,0.0057,1.041,0.0287,OP-B-004,ST-B-25,0.2812,medium
BASM-00966,0.015,0.943,0.0703,OP-B-091,ST-B-04,0.1709,low
BASM-00967,0.0252,1.163,0.0359,OP-B-012,ST-B-06,0.1829,low
BASM-00968,0.0068,1.289,0.0938,OP-B-056,ST-B-09,0.3999,medium
BASM-00969,0.0128,0.993,0.0869,OP-B-146,ST-B-18,0.2156,low
BASM-00970,0.0126,0.858,0.0335,OP-B-009,ST-B-30,0.1837,low
BASM-00971,0.0143,1.354,0.0438,OP-B-079,ST-B-07,0.3593,medium
BASM-00972,0.0143,0.956,0.0508,OP-B-039,ST-B-20,0.1922,low
BASM-00973,0.0096,0.804,0.0174,OP-B-144,ST-B-28,0.2637,medium
BASM-00974,0.008,1.021,0.0456,OP-B-073,ST-B-22,0.2317,low
BASM-00975,0.0151,1.127,0.0923,OP-B-053,ST-B-05,0.2403,low
BASM-00976,0.0159,0.916,0.0614,OP-B-099,ST-B-30,0.186,low
BASM-00977,0.0252,0.86,0.0827,OP-B-094,ST-B-27,0.312,medium
BASM-00978,0.0195,1.271,0.0032,OP-B-010,ST-B-26,0.1492,low
BASM-00979,0.0321,0.606,0.0555,OP-B-089,ST-B-19,0.4779,medium
BASM-00980,0.0238,1.255,0.0136,OP-B-070,ST-B-21,0.1886,low
BASM-00981,0.0111,0.973,0.0421,OP-B-041,ST-B-16,0.1606,low
BASM-00982,0.0055,1.315,0.0267,OP-B-016,ST-B-11,0.3302,medium
BASM-00983,0.0375,0.958,0.0562,OP-B-005,ST-B-26,0.3307,medium
BASM-00984,0.0067,0.986,0.0116,OP-B-097,ST-B-19,0.1007,low
BASM-00985,-0.006,0.805,0.0661,OP-B-099,ST-B-26,0.4913,medium
BASM-00986,0.0169,1.056,0.0481,OP-B-114,ST-B-20,0.1742,low
BASM-00987,-0.0035,0.84,0.1003,OP-B-096,ST-B-01,0.5358,high
BASM-00988,0.025,0.841,0.1508,OP-B-142,ST-B-22,0.3932,medium
BASM-00989,0.0374,1.368,0.093,OP-B-094,ST-B-08,0.5834,high
BASM-00990,0.0257,1.068,0.0954,OP-B-110,ST-B-09,0.3132,medium
BASM-00991,0.01,1.26,0.0288,OP-B-116,ST-B-26,0.2779,medium
BASM-00992,0.0129,0.721,0.0966,OP-B-116,ST-B-01,0.3384,medium
BASM-00993,0.0236,1.359,0.0394,OP-B-091,ST-B-22,0.2767,medium
BASM-00994,0.0086,0.749,0.0369,OP-B-001,ST-B-14,0.284,medium
BASM-00995,0.0288,1.328,0.0197,OP-B-112,ST-B-28,0.289,medium
BASM-00996,0.017,0.854,0.0186,OP-B-051,ST-B-10,0.1644,low
BASM-00997,0.0127,0.801,0.0254,OP-B-012,ST-B-21,0.2195,low
BASM-00998,0.0181,1.012,0.0402,OP-B-019,ST-B-12,0.1026,low
BASM-00999,0.0238,1.136,0.0413,OP-B-013,ST-B-18,0.2406,low
BASM-01000,0.0101,0.97,0.0631,OP-B-057,ST-B-28,0.2358,low
BASM-01001,0.009,0.889,0.0655,OP-B-112,ST-B-02,0.2932,medium
BASM-01002,0.0156,0.977,0.0734,OP-B-115,ST-B-26,0.1804,low
BASM-01003,0.0053,1.116,0.0849,OP-B-090,ST-B-02,0.383,medium
BASM-01004,0.0214,1.557,0.1621,OP-B-066,ST-B-19,0.5793,high
BASM-01005,0.0135,0.712,0.0085,OP-B-118,ST-B-12,0.2289,low
BASM-01006,0.0093,0.996,0.0573,OP-B-007,ST-B-26,0.2332,low
BASM-01007,0.0064,0.923,0.0437,OP-B-010,ST-B-28,0.238,low
BASM-01008,0.0095,0.733,0.0142,OP-B-038,ST-B-01,0.2758,medium
BASM-01009,0.0137,0.906,0.0254,OP-B-143,ST-B-17,0.1285,low
BASM-01010,0.0166,0.629,0.0186,OP-B-030,ST-B-25,0.1926,low
BASM-01011,0.0023,1.293,0.0433,OP-B-033,ST-B-06,0.3883,medium
BASM-01012,0.0119,0.686,0.0567,OP-B-060,ST-B-06,0.3527,medium
BASM-01013,0.0164,1.012,0.0286,OP-B-143,ST-B-12,0.0486,low
BASM-01014,0.0159,0.89,0.039,OP-B-112,ST-B-24,0.1336,low
BASM-01015,0.0074,0.938,0.0788,OP-B-069,ST-B-06,0.3016,medium
BASM-01016,0.0347,1.004,0.0483,OP-B-067,ST-B-22,0.3176,medium
BASM-01017,0.0107,1.18,0.0892,OP-B-027,ST-B-04,0.426,medium
BASM-01018,0.0296,0.65,0.0259,OP-B-140,ST-B-17,0.2894,medium
BASM-01019,0.0116,0.838,0.0307,OP-B-111,ST-B-23,0.2878,medium
BASM-01020,0.0123,0.973,0.0568,OP-B-099,ST-B-18,0.1928,low
BASM-01021,0.0187,0.977,0.0412,OP-B-096,ST-B-11,0.1152,low
BASM-01022,0.0116,1.409,0.1279,OP-B-107,ST-B-02,0.4977,medium
BASM-01023,0.0108,0.976,0.1964,OP-B-044,ST-B-24,0.4439,medium
BASM-01024,-0.0001,0.981,0.1506,OP-B-043,ST-B-12,0.5821,high
BASM-01025,0.0191,1.255,0.0663,OP-B-035,ST-B-30,0.2765,medium
BASM-01026,0.0274,1.166,0.0557,OP-B-103,ST-B-18,0.2842,medium
BASM-01027,0.0048,0.875,0.0234,OP-B-094,ST-B-02,0.2404,low
BASM-01028,0.011,0.726,0.0119,OP-B-113,ST-B-22,0.1865,low
BASM-01029,0.0021,0.903,0.0201,OP-B-014,ST-B-02,0.3454,medium
BASM-01030,0.0182,0.942,0.0259,OP-B-010,ST-B-22,0.0693,low
BASM-01031,0.0327,0.998,0.0514,OP-B-137,ST-B-03,0.3254,medium
BASM-01032,0.0168,1.503,0.047,OP-B-014,ST-B-13,0.3667,medium
BASM-01033,0.0219,1.473,0.0275,OP-B-061,ST-B-20,0.3385,medium
BASM-01034,0.014,0.819,0.2092,OP-B-046,ST-B-28,0.5043,high
BASM-01035,0.0211,1.351,0.0845,OP-B-047,ST-B-04,0.328,medium
BASM-01036,0.0236,0.766,0.0247,OP-B-056,ST-B-12,0.2708,medium
BASM-01037,0.0191,1.199,0.0501,OP-B-119,ST-B-29,0.188,low
BASM-01038,0.009,0.82,0.0279,OP-B-009,ST-B-05,0.2847,medium
BASM-01039,0.0221,1.323,0.0512,OP-B-080,ST-B-02,0.3114,medium
BASM-01040,0.0124,0.699,0.0269,OP-B-052,ST-B-06,0.1857,low
BASM-01041,0.0487,0.912,0.0533,OP-B-112,ST-B-05,0.5068,high
BASM-01042,0.0028,0.704,0.1081,OP-B-101,ST-B-24,0.4802,medium
BASM-01043,0.0234,1.032,0.0164,OP-B-017,ST-B-20,0.0836,low
BASM-01044,0.0035,0.914,0.057,OP-B-082,ST-B-29,0.3204,medium
BASM-01045,0.0133,1.064,0.1346,OP-B-045,ST-B-23,0.3623,medium
BASM-01046,0.0223,1.235,0.046,OP-B-111,ST-B-11,0.2596,medium
BASM-01047,0.0294,1.562,0.0944,OP-B-027,ST-B-26,0.6308,high
BASM-01048,0.0285,1.114,0.0801,OP-B-073,ST-B-27,0.4244,medium
BASM-01049,0.0162,1.181,0.0112,OP-B-125,ST-B-06,0.1382,low
BASM-01050,0.0192,0.996,0.0551,OP-B-040,ST-B-22,0.1861,low
BASM-01051,0.0088,0.709,0.0092,OP-B-019,ST-B-06,0.248,low
BASM-01052,0.0092,1.008,0.0883,OP-B-055,ST-B-29,0.314,medium
BASM-01053,0.0157,0.869,0.0507,OP-B-025,ST-B-30,0.1575,low
BASM-01054,0.0304,0.825,0.0837,OP-B-087,ST-B-12,0.3565,medium
BASM-01055,0.0255,1.222,0.1118,OP-B-114,ST-B-10,0.4071,medium
BASM-01056,0.0195,1.038,0.0366,OP-B-050,ST-B-10,0.0863,low
BASM-01057,0.0252,1.103,0.0561,OP-B-055,ST-B-17,0.2953,medium
BASM-01058,0.0032,0.529,0.139,OP-B-090,ST-B-13,0.6329,high
BASM-01059,0.0206,0.678,0.0131,OP-B-061,ST-B-22,0.1599,low
BASM-01060,0.0141,1.093,0.0397,OP-B-136,ST-B-21,0.1385,low
BASM-01061,0.0123,0.373,0.0046,OP-B-105,ST-B-03,0.2822,medium
BASM-01062,0.0146,1.357,0.0273,OP-B-045,ST-B-28,0.2623,medium
BASM-01063,0.0282,1.011,0.029,OP-B-137,ST-B-13,0.1918,low
BASM-01064,0.0055,0.822,0.0393,OP-B-097,ST-B-01,0.292,medium
BASM-01065,0.0056,1.524,0.0229,OP-B-145,ST-B-24,0.4876,medium
BASM-01066,0.0055,1.029,0.0743,OP-B-084,ST-B-08,0.3394,medium
BASM-01067,0.0177,0.656,0.0804,OP-B-048,ST-B-27,0.3038,medium
BASM-01068,0.0204,0.453,0.0433,OP-B-085,ST-B-14,0.4108,medium
BASM-01069,0.0141,0.877,0.0286,OP-B-045,ST-B-05,0.1489,low
BASM-01070,0.0078,1.025,0.04,OP-B-082,ST-B-30,0.2332,low
BASM-01071,0.0245,0.94,0.0477,OP-B-112,ST-B-18,0.2072,low
BASM-01072,0.0142,0.858,0.1504,OP-B-135,ST-B-05,0.3794,medium
BASM-01073,0.0257,0.919,0.0982,OP-B-055,ST-B-15,0.2863,medium
BASM-01074,0.0199,0.8,0.0244,OP-B-118,ST-B-06,0.0918,low
BASM-01075,0.0235,1.149,0.0474,OP-B-047,ST-B-05,0.2318,low
BASM-01076,0.0003,0.804,0.0282,OP-B-116,ST-B-14,0.3394,medium
BASM-01077,0.0166,1.037,0.0464,OP-B-005,ST-B-09,0.1374,low
BASM-01078,0.027,0.775,0.0927,OP-B-058,ST-B-12,0.3832,medium
BASM-01079,0.0124,0.811,0.0946,OP-B-008,ST-B-29,0.3054,medium
BASM-01080,0.0255,1.472,0.0525,OP-B-076,ST-B-01,0.3984,medium
BASM-01081,0.009,1.256,0.0182,OP-B-034,ST-B-12,0.2275,low
BASM-01082,0.0094,0.508,0.0188,OP-B-096,ST-B-05,0.3646,medium
BASM-01083,0.0028,1.179,0.0163,OP-B-033,ST-B-16,0.2722,medium
BASM-01084,0.0251,0.866,0.0165,OP-B-148,ST-B-03,0.1826,low
BASM-01085,0.005,1.156,0.0977,OP-B-069,ST-B-02,0.4274,medium
BASM-01086,0.0188,0.742,0.0277,OP-B-013,ST-B-01,0.1021,low
BASM-01087,0.0185,1.167,0.0894,OP-B-088,ST-B-16,0.3306,medium
BASM-01088,0.0183,0.793,0.22,OP-B-099,ST-B-18,0.4273,medium
BASM-01089,-0.006,0.925,0.0526,OP-B-003,ST-B-04,0.4183,medium
BASM-01090,0.0207,0.911,0.0469,OP-B-070,ST-B-23,0.2356,low
BASM-01091,0.0209,0.703,0.148,OP-B-014,ST-B-28,0.5113,high
BASM-01092,0.0213,1.451,0.0195,OP-B-013,ST-B-05,0.3001,medium
BASM-01093,0.0162,1.01,0.0642,OP-B-101,ST-B-22,0.1329,low
BASM-01094,0.0142,1.465,0.0085,OP-B-104,ST-B-22,0.2352,low
BASM-01095,0.0068,1.209,0.0485,OP-B-075,ST-B-23,0.4115,medium
BASM-01096,0.0248,0.722,0.1109,OP-B-088,ST-B-22,0.4684,medium
BASM-01097,0.0288,0.406,0.0211,OP-B-063,ST-B-02,0.423,medium
BASM-01098,0.0277,1.219,0.0556,OP-B-073,ST-B-09,0.3422,medium
BASM-01099,0.0183,1.16,0.0569,OP-B-129,ST-B-09,0.1875,low
BASM-01100,0.024,1.123,0.0269,OP-B-066,ST-B-02,0.2002,low
BASM-01101,0.0249,1.367,0.0388,OP-B-047,ST-B-26,0.2801,medium
BASM-01102,0.0275,1.123,0.0874,OP-B-004,ST-B-25,0.3776,medium
BASM-01103,0.0177,1.076,0.0404,OP-B-066,ST-B-19,0.1509,low
BASM-01104,0.0219,0.919,0.0752,OP-B-020,ST-B-30,0.2121,low
BASM-01105,0.0149,0.618,0.0583,OP-B-013,ST-B-24,0.3082,medium
BASM-01106,0.0211,1.231,0.0421,OP-B-028,ST-B-15,0.233,low
BASM-01107,0.0223,0.901,0.083,OP-B-033,ST-B-23,0.3225,medium
BASM-01108,0.0211,1.185,0.0649,OP-B-068,ST-B-11,0.2429,low
BASM-01109,0.0271,1.405,0.0201,OP-B-061,ST-B-06,0.3658,medium
BASM-01110,0.0198,1.515,0.0315,OP-B-089,ST-B-22,0.3837,medium
BASM-01111,0.0235,0.865,0.0597,OP-B-142,ST-B-17,0.2049,low
BASM-01112,0.0113,0.65,0.0173,OP-B-031,ST-B-19,0.2909,medium
BASM-01113,0.0253,1.025,0.0679,OP-B-110,ST-B-22,0.2867,medium
BASM-01114,0.0171,0.987,0.0416,OP-B-057,ST-B-06,0.0967,low
BASM-01115,0.0276,0.825,0.1629,OP-B-024,ST-B-04,0.4547,medium
BASM-01116,0.0186,0.885,0.1186,OP-B-140,ST-B-06,0.2727,medium
BASM-01117,-0.0009,1.449,0.0084,OP-B-026,ST-B-23,0.4494,medium
BASM-01118,0.0077,1.014,0.0324,OP-B-007,ST-B-24,0.2085,low
BASM-01119,0.0313,0.693,0.0309,OP-B-007,ST-B-06,0.3488,medium
BASM-01120,0.0255,1.151,0.1325,OP-B-011,ST-B-26,0.4871,medium
BASM-01121,0.0047,0.742,0.014,OP-B-127,ST-B-16,0.3209,medium
BASM-01122,0.0036,1.319,0.1376,OP-B-140,ST-B-09,0.5678,high
BASM-01123,0.0072,1.535,0.0527,OP-B-071,ST-B-30,0.3888,medium
BASM-01124,0.0311,0.89,0.0314,OP-B-001,ST-B-30,0.2246,low
BASM-01125,0.0303,0.57,0.0253,OP-B-091,ST-B-24,0.4325,medium
BASM-01126,0.0227,0.96,0.0332,OP-B-061,ST-B-16,0.1089,low
BASM-01127,0.0284,1.093,0.0372,OP-B-035,ST-B-14,0.2437,low
BASM-01128,0.0154,1.175,0.0871,OP-B-036,ST-B-11,0.3009,medium
BASM-01129,0.0076,1.423,0.039,OP-B-119,ST-B-09,0.4419,medium
BASM-01130,0.0193,1.347,0.0849,OP-B-096,ST-B-26,0.3085,medium
BASM-01131,0.0141,1.176,0.1069,OP-B-132,ST-B-09,0.3415,medium
BASM-01132,0.0054,1.312,0.048,OP-B-100,ST-B-12,0.3343,medium
BASM-01133,0.0185,1.086,0.0578,OP-B-143,ST-B-02,0.1345,low
BASM-01134,0.0263,1.293,0.1421,OP-B-067,ST-B-05,0.4712,medium
BASM-01135,0.0115,1.207,0.0985,OP-B-015,ST-B-03,0.3505,medium
BASM-01136,0.0196,1.001,0.0767,OP-B-044,ST-B-26,0.1768,low
BASM-01137,0.0196,0.866,0.0694,OP-B-133,ST-B-13,0.2339,low
BASM-01138,0.0383,0.843,0.0026,OP-B-069,ST-B-24,0.3273,medium
BASM-01139,0.0111,0.892,0.0896,OP-B-035,ST-B-05,0.4124,medium
BASM-01140,0.0255,1.005,0.0304,OP-B-041,ST-B-02,0.1233,low
BASM-01141,0.0058,1.077,0.2073,OP-B-132,ST-B-23,0.5637,high
BASM-01142,0.0258,0.775,0.0146,OP-B-048,ST-B-29,0.1822,low
BASM-01143,0.0198,0.471,0.0547,OP-B-128,ST-B-15,0.3486,medium
BASM-01144,0.0028,1.635,0.0099,OP-B-142,ST-B-06,0.4971,medium
BASM-01145,0.0309,1.169,0.0278,OP-B-029,ST-B-08,0.2426,low
BASM-01146,0.0164,0.874,0.0546,OP-B-143,ST-B-09,0.2117,low
BASM-01147,0.0317,1.025,0.0704,OP-B-122,ST-B-04,0.3377,medium
BASM-01148,0.0255,0.728,0.0703,OP-B-065,ST-B-11,0.3484,medium
BASM-01149,0.015,0.83,0.0282,OP-B-051,ST-B-03,0.1064,low
BASM-01150,0.019,0.789,0.0442,OP-B-071,ST-B-19,0.2151,low
BASM-01151,0.0102,0.784,0.0484,OP-B-059,ST-B-20,0.2989,medium
BASM-01152,0.029,1.088,0.0118,OP-B-058,ST-B-19,0.182,low
BASM-01153,0.0265,1.361,0.0235,OP-B-098,ST-B-01,0.281,medium
BASM-01154,0.0193,0.99,0.01,OP-B-038,ST-B-29,0.0282,low
BASM-01155,0.0234,0.672,0.0209,OP-B-066,ST-B-28,0.2263,low
BASM-01156,0.0035,1.343,0.0574,OP-B-006,ST-B-24,0.3834,medium
BASM-01157,0.012,1.088,0.0343,OP-B-002,ST-B-23,0.1527,low
BASM-01158,0.012,1.093,0.025,OP-B-047,ST-B-28,0.2223,low
BASM-01159,0.0112,1.143,0.0465,OP-B-125,ST-B-06,0.1953,low
BASM-01160,0.0068,0.973,0.0528,OP-B-077,ST-B-14,0.3124,medium
BASM-01161,0.0263,1.63,0.0523,OP-B-020,ST-B-10,0.4732,medium
BASM-01162,0.0251,1.066,0.0554,OP-B-143,ST-B-27,0.2451,low
BASM-01163,0.0031,1.197,0.0261,OP-B-069,ST-B-21,0.2883,medium
BASM-01164,0.0147,0.719,0.0352,OP-B-087,ST-B-30,0.2516,medium
BASM-01165,0.0083,1.118,0.0182,OP-B-142,ST-B-27,0.1412,low
BASM-01166,0.0117,1.514,0.0603,OP-B-009,ST-B-08,0.4171,medium
BASM-01167,0.0282,1.33,0.0636,OP-B-070,ST-B-10,0.4107,medium
BASM-01168,0.0173,0.879,0.0366,OP-B-047,ST-B-28,0.1267,low
BASM-01169,0.0173,1.22,0.0416,OP-B-141,ST-B-13,0.1622,low
BASM-01170,0.0241,1.073,0.0213,OP-B-066,ST-B-23,0.1641,low
BASM-01171,0.0045,0.474,0.0505,OP-B-068,ST-B-01,0.5047,high
BASM-01172,0.0125,0.948,0.0329,OP-B-099,ST-B-05,0.1024,low
BASM-01173,0.0131,0.56,0.0146,OP-B-065,ST-B-12,0.2675,medium
BASM-01174,0.0281,1.082,0.0531,OP-B-123,ST-B-20,0.337,medium
BASM-01175,0.018,1.061,0.0267,OP-B-050,ST-B-24,0.1716,low
BASM-01176,0.0322,1.246,0.0302,OP-B-017,ST-B-20,0.3174,medium
BASM-01177,0.0196,0.967,0.0793,OP-B-118,ST-B-24,0.2221,low
BASM-01178,0.0266,0.822,0.0422,OP-B-051,ST-B-09,0.2278,low
BASM-01179,0.0106,1.499,0.1483,OP-B-049,ST-B-19,0.5934,high
BASM-01180,0.0122,0.798,0.1698,OP-B-049,ST-B-12,0.53,high
BASM-01181,0.012,0.76,0.0878,OP-B-017,ST-B-30,0.3302,medium
BASM-01182,0.021,0.977,0.0451,OP-B-067,ST-B-15,0.155,low
BASM-01183,0.0106,0.504,0.0661,OP-B-044,ST-B-25,0.4149,medium
BASM-01184,0.0128,1.345,0.0325,OP-B-123,ST-B-26,0.3408,medium
BASM-01185,0.0294,1.145,0.0721,OP-B-059,ST-B-02,0.3624,medium
BASM-01186,0.0056,0.535,0.0658,OP-B-013,ST-B-23,0.5134,high
BASM-01187,0.0249,1.212,0.0399,OP-B-080,ST-B-02,0.2482,low
BASM-01188,-0.006,0.885,0.0239,OP-B-131,ST-B-24,0.4503,medium
BASM-01189,0.015,1.469,0.0131,OP-B-121,ST-B-30,0.2344,low
BASM-01190,0.0249,1.288,0.0102,OP-B-118,ST-B-28,0.2683,medium
BASM-01191,0.0041,1.316,0.0327,OP-B-044,ST-B-20,0.3592,medium
BASM-01192,0.0152,1.186,0.1665,OP-B-097,ST-B-02,0.5372,high
BASM-01193,0.0246,1.217,0.0599,OP-B-067,ST-B-06,0.2757,medium
BASM-01194,0.0142,0.946,0.0115,OP-B-069,ST-B-18,0.0844,low
BASM-01195,0.0278,0.719,0.0548,OP-B-094,ST-B-05,0.326,medium
BASM-01196,0.0179,0.987,0.0336,OP-B-146,ST-B-26,0.0572,low
BASM-01197,0.0177,0.935,0.0177,OP-B-031,ST-B-14,0.1171,low
BASM-01198,0.0122,0.698,0.0285,OP-B-097,ST-B-05,0.2566,medium
BASM-01199,0.0106,1.035,0.0776,OP-B-092,ST-B-21,0.2857,medium
BASM-01200,0.0318,1.221,0.0241,OP-B-022,ST-B-30,0.307,medium
BASM-01201,0.0186,0.985,0.0627,OP-B-055,ST-B-04,0.1172,low
BASM-01202,0.0068,0.886,0.0531,OP-B-049,ST-B-04,0.2547,medium
BASM-01203,0.0324,1.219,0.0472,OP-B-003,ST-B-15,0.3747,medium
BASM-01204,0.0191,1.034,0.0288,OP-B-018,ST-B-18,0.0608,low
BASM-01205,0.0161,0.777,0.0452,OP-B-110,ST-B-15,0.1932,low
BASM-01206,0.0213,0.707,0.0345,OP-B-085,ST-B-25,0.2408,low
BASM-01207,-0.0,1.022,0.0364,OP-B-052,ST-B-15,0.285,medium
BASM-01208,0.0136,1.384,0.1824,OP-B-131,ST-B-16,0.583,high
BASM-01209,0.0173,0.664,0.0514,OP-B-114,ST-B-12,0.3298,medium
BASM-01210,0.0132,0.703,0.0714,OP-B-050,ST-B-14,0.3901,medium
BASM-01211,0.0214,0.72,0.092,OP-B-123,ST-B-19,0.3428,medium
BASM-01212,0.0063,0.744,0.0408,OP-B-063,ST-B-29,0.3337,medium
BASM-01213,0.0229,0.376,0.0845,OP-B-021,ST-B-17,0.4126,medium
BASM-01214,0.0214,0.793,0.0079,OP-B-141,ST-B-21,0.1119,low
BASM-01215,0.017,1.815,0.0156,OP-B-026,ST-B-09,0.3738,medium
BASM-01216,0.0099,1.034,0.145,OP-B-123,ST-B-03,0.4069,medium
BASM-01217,0.025,1.223,0.097,OP-B-003,ST-B-11,0.3254,medium
BASM-01218,0.0222,0.972,0.1025,OP-B-023,ST-B-26,0.2925,medium
BASM-01219,0.0191,1.503,0.0712,OP-B-120,ST-B-12,0.4011,medium
BASM-01220,0.0203,1.04,0.0632,OP-B-083,ST-B-21,0.2317,low
BASM-01221,0.015,0.57,0.0263,OP-B-111,ST-B-10,0.2761,medium
BASM-01222,0.0144,1.031,0.0087,OP-B-039,ST-B-13,0.0876,low
BASM-01223,0.0183,0.695,0.0316,OP-B-075,ST-B-16,0.2086,low
BASM-01224,0.0265,1.166,0.1001,OP-B-097,ST-B-14,0.3533,medium
BASM-01225,0.0073,1.207,0.07,OP-B-105,ST-B-24,0.3421,medium
BASM-01226,0.0174,1.16,0.1042,OP-B-099,ST-B-20,0.2821,medium
BASM-01227,0.0015,0.788,0.0132,OP-B-048,ST-B-08,0.265,medium
BASM-01228,0.0191,0.862,0.1036,OP-B-090,ST-B-12,0.2011,low
BASM-01229,0.0049,1.349,0.0277,OP-B-002,ST-B-29,0.3361,medium
BASM-01230,0.0267,0.793,0.0693,OP-B-041,ST-B-15,0.3535,medium
BASM-01231,-0.0026,0.657,0.0537,OP-B-132,ST-B-24,0.5174,high
BASM-01232,0.0344,1.523,0.027,OP-B-013,ST-B-25,0.4701,medium
BASM-01233,0.0183,0.865,0.0627,OP-B-106,ST-B-26,0.1515,low
BASM-01234,0.0279,0.871,0.0648,OP-B-037,ST-B-23,0.3348,medium
BASM-01235,0.0019,1.206,0.0384,OP-B-101,ST-B-11,0.3297,medium
BASM-01236,0.0333,0.583,0.1134,OP-B-072,ST-B-09,0.6804,high
BASM-01237,0.0261,0.425,0.0862,OP-B-098,ST-B-19,0.5254,high
BASM-01238,0.0012,0.557,0.0539,OP-B-005,ST-B-19,0.4588,medium
BASM-01239,0.029,0.68,0.0193,OP-B-021,ST-B-16,0.2624,medium
BASM-01240,0.0101,0.892,0.049,OP-B-013,ST-B-08,0.1943,low
BASM-01241,0.0203,0.3,0.0756,OP-B-079,ST-B-07,0.461,medium
BASM-01242,0.032,0.747,0.0394,OP-B-039,ST-B-08,0.3994,medium
BASM-01243,0.0147,1.03,0.0595,OP-B-103,ST-B-01,0.2096,low
BASM-01244,0.0367,0.79,0.0211,OP-B-114,ST-B-29,0.3987,medium
BASM-01245,0.0176,0.835,0.0702,OP-B-051,ST-B-24,0.2175,low
BASM-01246,0.0007,0.69,0.0595,OP-B-023,ST-B-01,0.3948,medium
BASM-01247,0.0359,1.166,0.012,OP-B-078,ST-B-10,0.3406,medium
BASM-01248,0.0032,1.119,0.0424,OP-B-069,ST-B-22,0.3285,medium
BASM-01249,0.0303,0.88,0.0252,OP-B-008,ST-B-07,0.2644,medium
BASM-01250,0.0189,1.809,0.0242,OP-B-111,ST-B-16,0.3706,medium
BASM-01251,0.0144,0.809,0.0357,OP-B-022,ST-B-10,0.2014,low
BASM-01252,0.0142,1.205,0.0097,OP-B-003,ST-B-03,0.1723,low
BASM-01253,0.0243,0.909,0.0815,OP-B-067,ST-B-03,0.2573,medium
BASM-01254,0.0196,1.105,0.067,OP-B-052,ST-B-07,0.2205,low
BASM-01255,0.0265,1.168,0.1408,OP-B-023,ST-B-15,0.48,medium
BASM-01256,0.0084,1.357,0.0713,OP-B-037,ST-B-07,0.4591,medium
BASM-01257,0.0273,1.383,0.0379,OP-B-146,ST-B-24,0.354,medium
BASM-01258,0.0179,0.958,0.0718,OP-B-028,ST-B-11,0.149,low
BASM-01259,0.0176,0.997,0.0911,OP-B-045,ST-B-19,0.1837,low
BASM-01260,0.0314,1.156,0.0424,OP-B-074,ST-B-13,0.346,medium
BASM-01261,0.0181,0.3,0.0334,OP-B-067,ST-B-07,0.3389,medium
BASM-01262,0.0197,1.149,0.0273,OP-B-131,ST-B-28,0.1493,low
BASM-01263,0.0047,1.2,0.0293,OP-B-149,ST-B-19,0.2574,medium
BASM-01264,0.0128,0.643,0.0648,OP-B-107,ST-B-16,0.3781,medium
BASM-01265,0.0002,0.782,0.0903,OP-B-001,ST-B-21,0.5188,high
BASM-01266,0.0081,1.015,0.0675,OP-B-110,ST-B-25,0.3337,medium
BASM-01267,0.0237,0.585,0.016,OP-B-099,ST-B-07,0.2519,medium
BASM-01268,0.0255,1.488,0.0505,OP-B-138,ST-B-22,0.4122,medium
BASM-01269,0.0239,0.624,0.0745,OP-B-028,ST-B-30,0.4266,medium
BASM-01270,0.0144,1.097,0.033,OP-B-044,ST-B-02,0.1261,low
BASM-01271,0.0256,1.311,0.0253,OP-B-064,ST-B-24,0.2099,low
BASM-01272,0.0339,1.073,0.0528,OP-B-009,ST-B-24,0.34,medium
BASM-01273,0.011,0.782,0.0913,OP-B-046,ST-B-26,0.386,medium
BASM-01274,0.0213,0.534,0.0229,OP-B-125,ST-B-03,0.2982,medium
BASM-01275,0.0272,0.922,0.0391,OP-B-039,ST-B-15,0.2658,medium
BASM-01276,0.0177,0.59,0.0582,OP-B-047,ST-B-08,0.2491,low
BASM-01277,0.0062,1.243,0.1287,OP-B-056,ST-B-13,0.4823,medium
BASM-01278,0.0354,0.803,0.0162,OP-B-118,ST-B-28,0.3472,medium
BASM-01279,0.0281,0.764,0.0158,OP-B-022,ST-B-17,0.2599,medium
BASM-01280,0.0156,0.323,0.0197,OP-B-096,ST-B-28,0.3381,medium
BASM-01281,0.0182,0.843,0.1813,OP-B-074,ST-B-12,0.4225,medium
BASM-01282,0.0227,1.041,0.1138,OP-B-121,ST-B-21,0.3626,medium
BASM-01283,0.0249,0.671,0.0449,OP-B-082,ST-B-08,0.2986,medium
BASM-01284,0.0114,1.175,0.0422,OP-B-062,ST-B-22,0.282,medium
BASM-01285,0.0166,1.21,0.1082,OP-B-079,ST-B-10,0.3618,medium
BASM-01286,0.0149,1.476,0.0771,OP-B-133,ST-B-10,0.4487,medium
BASM-01287,0.0246,0.805,0.0645,OP-B-003,ST-B-08,0.2645,medium
BASM-01288,0.0124,0.808,0.1039,OP-B-101,ST-B-15,0.3729,medium
BASM-01289,0.0098,1.158,0.0855,OP-B-096,ST-B-13,0.3557,medium
BASM-01290,0.0183,0.735,0.0523,OP-B-137,ST-B-20,0.2415,low
BASM-01291,0.0348,0.422,0.0094,OP-B-037,ST-B-04,0.4384,medium
BASM-01292,0.0057,1.086,0.0471,OP-B-029,ST-B-27,0.2522,medium
BASM-01293,0.0179,0.944,0.0055,OP-B-133,ST-B-18,0.018,low
BASM-01294,0.03,1.182,0.0461,OP-B-058,ST-B-09,0.3307,medium
BASM-01295,-0.0009,0.782,0.0754,OP-B-083,ST-B-13,0.4951,medium
BASM-01296,0.0147,0.531,0.0287,OP-B-146,ST-B-16,0.2279,low
BASM-01297,0.0236,0.805,0.0378,OP-B-051,ST-B-10,0.2425,low
BASM-01298,0.0421,1.187,0.1113,OP-B-032,ST-B-13,0.5524,high
BASM-01299,0.025,0.976,0.0299,OP-B-044,ST-B-15,0.2102,low
BASM-01300,0.0145,0.869,0.0775,OP-B-105,ST-B-17,0.2212,low
BASM-01301,0.0204,0.834,0.0183,OP-B-064,ST-B-04,0.1113,low
BASM-01302,-0.006,1.085,0.012,OP-B-140,ST-B-11,0.3445,medium
BASM-01303,0.0066,0.647,0.0034,OP-B-145,ST-B-21,0.232,low
BASM-01304,0.0119,1.193,0.1429,OP-B-137,ST-B-07,0.4939,medium
BASM-01305,0.0047,1.111,0.0139,OP-B-067,ST-B-02,0.2496,low
BASM-01306,-0.0045,1.356,0.0432,OP-B-017,ST-B-08,0.4934,medium
BASM-01307,0.0252,0.795,0.0831,OP-B-140,ST-B-13,0.3272,medium
BASM-01308,0.0198,1.257,0.0676,OP-B-107,ST-B-24,0.2196,low
BASM-01309,0.0213,0.811,0.0079,OP-B-059,ST-B-30,0.0905,low
BASM-01310,0.016,1.027,0.031,OP-B-084,ST-B-23,0.0442,low
BASM-01311,0.0076,1.369,0.1546,OP-B-112,ST-B-12,0.5654,high
BASM-01312,0.0187,1.218,0.0328,OP-B-022,ST-B-25,0.1883,low
BASM-01313,0.0062,1.065,0.0463,OP-B-107,ST-B-15,0.3037,medium
BASM-01314,0.0137,1.158,0.0304,OP-B-044,ST-B-24,0.213,low
BASM-01315,0.0129,1.349,0.1098,OP-B-074,ST-B-15,0.4264,medium
BASM-01316,0.0244,1.155,0.1102,OP-B-090,ST-B-25,0.3397,medium
BASM-01317,0.01,1.131,0.0356,OP-B-038,ST-B-03,0.205,low
BASM-01318,0.0204,0.981,0.0727,OP-B-077,ST-B-28,0.2114,low
BASM-01319,0.0115,0.59,0.0614,OP-B-092,ST-B-29,0.4051,medium
BASM-01320,0.0262,0.964,0.0427,OP-B-003,ST-B-11,0.2296,low
BASM-01321,0.0193,0.562,0.0622,OP-B-099,ST-B-10,0.3238,medium
BASM-01322,0.0263,1.033,0.046,OP-B-132,ST-B-11,0.2149,low
BASM-01323,0.0085,1.4,0.0068,OP-B-036,ST-B-01,0.3265,medium
BASM-01324,0.0107,0.942,0.087,OP-B-061,ST-B-22,0.2564,medium
BASM-01325,0.034,0.613,0.0391,OP-B-129,ST-B-20,0.4749,medium
BASM-01326,0.03,0.511,0.0999,OP-B-028,ST-B-19,0.599,high
BASM-01327,0.0351,0.557,0.0949,OP-B-060,ST-B-20,0.607,high
BASM-01328,0.0288,0.732,0.036,OP-B-083,ST-B-11,0.3467,medium
BASM-01329,0.0053,1.153,0.1421,OP-B-070,ST-B-02,0.4708,medium
BASM-01330,0.0059,0.497,0.0457,OP-B-123,ST-B-21,0.3724,medium
BASM-01331,0.0148,1.421,0.1324,OP-B-048,ST-B-01,0.4562,medium
BASM-01332,0.0215,1.041,0.0625,OP-B-056,ST-B-21,0.1823,low
BASM-01333,-0.004,1.371,0.0996,OP-B-085,ST-B-28,0.5732,high
BASM-01334,0.0216,1.167,0.0435,OP-B-111,ST-B-08,0.2569,medium
BASM-01335,0.0179,0.631,0.0367,OP-B-132,ST-B-29,0.1785,low
BASM-01336,0.0005,1.235,0.0805,OP-B-065,ST-B-22,0.4548,medium
BASM-01337,0.0239,1.369,0.0912,OP-B-044,ST-B-22,0.3755,medium
BASM-01338,0.0305,1.239,0.0061,OP-B-033,ST-B-12,0.2186,low
BASM-01339,0.0167,0.533,0.0297,OP-B-128,ST-B-10,0.2699,medium
BASM-01340,0.0116,0.533,0.022,OP-B-012,ST-B-06,0.3332,medium
BASM-01341,0.0313,1.358,0.0176,OP-B-009,ST-B-21,0.3973,medium
BASM-01342,0.0187,0.785,0.0331,OP-B-033,ST-B-20,0.1747,low
BASM-01343,-0.0023,0.788,0.0253,OP-B-150,ST-B-06,0.3793,medium
BASM-01344,0.0227,1.369,0.0842,OP-B-122,ST-B-01,0.4001,medium
BASM-01345,0.0149,1.163,0.0724,OP-B-102,ST-B-04,0.2837,medium
BASM-01346,0.0158,1.424,0.0516,OP-B-045,ST-B-02,0.2983,medium
BASM-01347,0.013,0.83,0.0423,OP-B-003,ST-B-15,0.2152,low
BASM-01348,0.0211,1.139,0.0248,OP-B-053,ST-B-15,0.1622,low
BASM-01349,0.0193,0.385,0.0079,OP-B-088,ST-B-22,0.1834,low
BASM-01350,0.0164,1.453,0.1624,OP-B-106,ST-B-11,0.5166,high
BASM-01351,0.0113,0.992,0.0318,OP-B-094,ST-B-20,0.1536,low
BASM-01352,0.0231,0.555,0.0828,OP-B-015,ST-B-09,0.3828,medium
BASM-01353,0.0371,1.008,0.0262,OP-B-019,ST-B-06,0.2771,medium
BASM-01354,0.0366,1.06,0.0467,OP-B-007,ST-B-28,0.3023,medium
BASM-01355,0.0147,1.41,0.0533,OP-B-088,ST-B-12,0.3236,medium
BASM-01356,0.0131,0.888,0.0155,OP-B-130,ST-B-25,0.1812,low
BASM-01357,0.0205,0.834,0.0646,OP-B-067,ST-B-06,0.2854,medium
BASM-01358,0.014,0.885,0.0595,OP-B-109,ST-B-04,0.2612,medium
BASM-01359,0.0256,1.38,0.0257,OP-B-114,ST-B-01,0.2682,medium
BASM-01360,0.013,1.601,0.0866,OP-B-104,ST-B-22,0.4923,medium
BASM-01361,0.0234,0.825,0.0176,OP-B-122,ST-B-04,0.0722,low
BASM-01362,0.0356,1.277,0.0322,OP-B-030,ST-B-30,0.4137,medium
BASM-01363,0.0121,1.56,0.0312,OP-B-005,ST-B-28,0.351,medium
BASM-01364,0.0124,0.951,0.0394,OP-B-007,ST-B-15,0.239,low
BASM-01365,0.0296,1.316,0.0864,OP-B-073,ST-B-23,0.408,medium
BASM-01366,0.0207,0.743,0.0168,OP-B-131,ST-B-26,0.1838,low
BASM-01367,0.0259,1.047,0.0407,OP-B-025,ST-B-28,0.1857,low
BASM-01368,-0.006,0.704,0.1033,OP-B-080,ST-B-06,0.6105,high
BASM-01369,0.0352,1.176,0.0899,OP-B-136,ST-B-04,0.4642,medium
BASM-01370,0.0185,1.605,0.0507,OP-B-064,ST-B-22,0.3233,medium
BASM-01371,0.0346,0.589,0.021,OP-B-041,ST-B-30,0.3484,medium
BASM-01372,0.0279,1.2,0.0499,OP-B-005,ST-B-20,0.2705,medium
BASM-01373,0.0121,0.786,0.0295,OP-B-120,ST-B-01,0.2439,low
BASM-01374,0.0073,1.691,0.0357,OP-B-143,ST-B-28,0.5026,high
BASM-01375,0.0182,1.368,0.0231,OP-B-130,ST-B-14,0.1962,low
BASM-01376,0.0249,1.145,0.1077,OP-B-079,ST-B-24,0.373,medium
BASM-01377,0.0158,1.025,0.0955,OP-B-004,ST-B-23,0.2449,low
BASM-01378,0.0201,1.153,0.0372,OP-B-135,ST-B-10,0.1773,low
BASM-01379,0.0263,1.426,0.0244,OP-B-129,ST-B-18,0.2987,medium
BASM-01380,0.012,0.688,0.0638,OP-B-009,ST-B-25,0.3561,medium
BASM-01381,0.0243,0.867,0.1302,OP-B-059,ST-B-05,0.3665,medium
BASM-01382,0.03,1.056,0.0887,OP-B-079,ST-B-22,0.4391,medium
BASM-01383,0.0173,0.874,0.0542,OP-B-146,ST-B-11,0.1297,low
BASM-01384,0.0053,0.614,0.0391,OP-B-007,ST-B-01,0.435,medium
BASM-01385,0.0141,1.302,0.0191,OP-B-063,ST-B-10,0.2223,low
BASM-01386,0.0053,1.381,0.0208,OP-B-026,ST-B-26,0.3782,medium
BASM-01387,0.0177,1.055,0.0235,OP-B-143,ST-B-06,0.0917,low
BASM-01388,0.0207,1.421,0.1234,OP-B-038,ST-B-20,0.4487,medium
BASM-01389,0.0138,0.736,0.1391,OP-B-131,ST-B-28,0.4604,medium
BASM-01390,0.0209,1.076,0.0577,OP-B-001,ST-B-11,0.2084,low
BASM-01391,0.0228,1.176,0.0023,OP-B-083,ST-B-14,0.122,low
BASM-01392,0.0139,1.013,0.0631,OP-B-038,ST-B-12,0.1764,low
BASM-01393,0.0131,0.831,0.0264,OP-B-102,ST-B-22,0.2593,medium
BASM-01394,0.015,0.54,0.0897,OP-B-074,ST-B-11,0.3839,medium
BASM-01395,0.0093,1.118,0.06,OP-B-142,ST-B-06,0.2283,low
BASM-01396,0.0293,1.088,0.0712,OP-B-140,ST-B-24,0.318,medium
BASM-01397,0.0074,1.044,0.0435,OP-B-004,ST-B-08,0.2266,low
BASM-01398,0.0304,1.331,0.0276,OP-B-145,ST-B-17,0.3679,medium
BASM-01399,0.0285,0.603,0.0281,OP-B-034,ST-B-13,0.3524,medium
BASM-01400,0.0148,1.399,0.0061,OP-B-041,ST-B-03,0.2397,low
BASM-01401,0.0171,0.695,0.0823,OP-B-078,ST-B-14,0.2874,medium
BASM-01402,0.0143,0.954,0.0222,OP-B-127,ST-B-20,0.157,low
BASM-01403,0.0289,0.722,0.0207,OP-B-113,ST-B-16,0.336,medium
BASM-01404,0.0241,0.539,0.0301,OP-B-119,ST-B-05,0.2983,medium
BASM-01405,0.018,1.077,0.136,OP-B-081,ST-B-30,0.3759,medium
BASM-01406,0.0193,0.876,0.0876,OP-B-037,ST-B-17,0.291,medium
BASM-01407,0.0169,1.103,0.0477,OP-B-076,ST-B-02,0.1376,low
BASM-01408,0.0235,1.165,0.1248,OP-B-073,ST-B-14,0.4148,medium
BASM-01409,0.0253,1.011,0.0204,OP-B-116,ST-B-28,0.1451,low
BASM-01410,0.0178,0.907,0.0262,OP-B-112,ST-B-07,0.1078,low
BASM-01411,0.0142,0.914,0.1002,OP-B-069,ST-B-26,0.263,medium
BASM-01412,0.0253,0.899,0.0395,OP-B-015,ST-B-04,0.2163,low
BASM-01413,0.0018,1.484,0.0806,OP-B-131,ST-B-26,0.5579,high
BASM-01414,0.0097,0.914,0.0263,OP-B-063,ST-B-12,0.2211,low
BASM-01415,0.0262,1.035,0.1799,OP-B-128,ST-B-21,0.5159,high
BASM-01416,0.0194,1.052,0.0471,OP-B-122,ST-B-28,0.0993,low
BASM-01417,0.0337,1.509,0.0454,OP-B-012,ST-B-27,0.5023,high
BASM-01418,-0.0011,1.051,0.0247,OP-B-069,ST-B-20,0.3281,medium
BASM-01419,0.0225,0.3,0.0879,OP-B-084,ST-B-06,0.5403,high
BASM-01420,0.0201,0.807,0.0196,OP-B-087,ST-B-18,0.1434,low
BASM-01421,0.0088,0.686,0.092,OP-B-012,ST-B-16,0.4551,medium
BASM-01422,0.0226,1.137,0.123,OP-B-022,ST-B-03,0.3176,medium
BASM-01423,0.0212,0.763,0.0648,OP-B-115,ST-B-02,0.3172,medium
BASM-01424,0.0342,0.856,0.002,OP-B-071,ST-B-25,0.235,low
BASM-01425,0.0283,0.567,0.019,OP-B-014,ST-B-01,0.3436,medium
BASM-01426,0.0042,1.113,0.1007,OP-B-105,ST-B-25,0.4605,medium
BASM-01427,0.0208,1.209,0.033,OP-B-077,ST-B-10,0.2343,low
BASM-01428,0.0059,1.253,0.1651,OP-B-068,ST-B-29,0.599,high
BASM-01429,0.0116,0.868,0.1732,OP-B-095,ST-B-15,0.5456,high
BASM-01430,0.0021,1.346,0.0782,OP-B-094,ST-B-27,0.5264,high
BASM-01431,0.0121,1.341,0.0371,OP-B-093,ST-B-03,0.2849,medium
BASM-01432,0.0168,0.841,0.0181,OP-B-142,ST-B-13,0.1058,low
BASM-01433,0.0186,0.707,0.1153,OP-B-087,ST-B-24,0.3747,medium
BASM-01434,0.0287,1.178,0.0918,OP-B-118,ST-B-12,0.4236,medium
BASM-01435,0.0226,0.802,0.038,OP-B-134,ST-B-08,0.217,low
BASM-01436,0.0173,0.78,0.0343,OP-B-067,ST-B-21,0.1575,low
BASM-01437,0.0095,0.552,0.1691,OP-B-053,ST-B-10,0.6415,high
BASM-01438,0.0213,1.652,0.0742,OP-B-046,ST-B-10,0.4645,medium
BASM-01439,0.0226,1.005,0.0381,OP-B-032,ST-B-22,0.1197,low
BASM-01440,0.0226,0.85,0.0486,OP-B-064,ST-B-12,0.1795,low
BASM-01441,0.0115,0.856,0.008,OP-B-038,ST-B-25,0.1367,low
BASM-01442,0.0154,0.792,0.1248,OP-B-092,ST-B-16,0.3756,medium
BASM-01443,0.0243,0.886,0.0321,OP-B-043,ST-B-15,0.2483,low
BASM-01444,0.0087,1.135,0.0397,OP-B-031,ST-B-23,0.2187,low
BASM-01445,0.0237,0.827,0.1813,OP-B-008,ST-B-09,0.5232,high
BASM-01446,0.0149,1.17,0.09,OP-B-092,ST-B-02,0.2999,medium
BASM-01447,0.0322,1.021,0.1315,OP-B-047,ST-B-03,0.4681,medium
BASM-01448,0.0238,1.485,0.0594,OP-B-082,ST-B-14,0.3098,medium
BASM-01449,0.0044,1.365,0.0452,OP-B-075,ST-B-21,0.4024,medium
BASM-01450,0.0032,1.112,0.0082,OP-B-064,ST-B-17,0.261,medium
BASM-01451,0.0226,0.696,0.0495,OP-B-100,ST-B-02,0.2327,low
BASM-01452,0.0256,0.964,0.0723,OP-B-088,ST-B-01,0.2722,medium
BASM-01453,0.0236,0.936,0.1599,OP-B-010,ST-B-10,0.4026,medium
BASM-01454,0.0185,0.961,0.032,OP-B-101,ST-B-10,0.0966,low
BASM-01455,0.0202,1.45,0.0255,OP-B-037,ST-B-01,0.2671,medium
BASM-01456,0.0216,1.192,0.0153,OP-B-040,ST-B-17,0.1936,low
BASM-01457,0.0098,1.4,0.0126,OP-B-025,ST-B-02,0.2404,low
BASM-01458,0.0003,1.177,0.0601,OP-B-128,ST-B-13,0.4421,medium
BASM-01459,0.0314,1.49,0.0845,OP-B-125,ST-B-28,0.5103,high
BASM-01460,0.0205,0.893,0.0139,OP-B-073,ST-B-17,0.1327,low
BASM-01461,0.0268,0.97,0.0231,OP-B-142,ST-B-11,0.1275,low
BASM-01462,0.0171,1.549,0.0784,OP-B-103,ST-B-29,0.3807,medium
BASM-01463,0.0201,1.42,0.0971,OP-B-150,ST-B-11,0.3706,medium
BASM-01464,0.0235,0.865,0.0297,OP-B-043,ST-B-30,0.2365,low
BASM-01465,0.0229,1.022,0.0371,OP-B-045,ST-B-20,0.1167,low
BASM-01466,-0.0035,0.765,0.035,OP-B-099,ST-B-13,0.3954,medium
BASM-01467,0.0072,0.97,0.0626,OP-B-042,ST-B-16,0.2598,medium
BASM-01468,-0.0027,0.85,0.0365,OP-B-142,ST-B-06,0.3568,medium
BASM-01469,0.0316,0.785,0.0265,OP-B-133,ST-B-14,0.3138,medium
BASM-01470,0.0156,1.319,0.0681,OP-B-122,ST-B-11,0.2748,medium
BASM-01471,0.0112,0.662,0.1058,OP-B-079,ST-B-10,0.3602,medium
BASM-01472,0.0202,0.827,0.0339,OP-B-147,ST-B-06,0.1243,low
BASM-01473,0.0221,0.748,0.0095,OP-B-005,ST-B-02,0.1656,low
BASM-01474,0.0236,1.172,0.0998,OP-B-020,ST-B-03,0.3607,medium
BASM-01475,0.0202,1.376,0.1152,OP-B-106,ST-B-04,0.4355,medium
BASM-01476,0.0093,0.607,0.0887,OP-B-081,ST-B-30,0.4155,medium
BASM-01477,0.0175,1.268,0.0327,OP-B-028,ST-B-07,0.2178,low
BASM-01478,0.01,1.324,0.0214,OP-B-005,ST-B-01,0.3125,medium
BASM-01479,0.0297,1.062,0.0061,OP-B-131,ST-B-20,0.1868,low
BASM-01480,0.0224,0.826,0.0733,OP-B-008,ST-B-05,0.2692,medium
BASM-01481,0.0106,0.975,0.0333,OP-B-097,ST-B-08,0.1805,low
BASM-01482,0.0163,1.286,0.0656,OP-B-118,ST-B-14,0.2847,medium
BASM-01483,0.0361,0.808,0.0764,OP-B-015,ST-B-21,0.4198,medium
BASM-01484,0.04,0.542,0.055,OP-B-078,ST-B-07,0.5493,high
BASM-01485,0.017,0.77,0.0933,OP-B-121,ST-B-10,0.2673,medium
BASM-01486,0.0279,1.089,0.12,OP-B-039,ST-B-03,0.4166,medium
BASM-01487,0.0364,0.406,0.1317,OP-B-106,ST-B-26,0.7222,high
BASM-01488,0.0349,1.195,0.054,OP-B-032,ST-B-16,0.3952,medium
BASM-01489,0.024,1.457,0.0565,OP-B-002,ST-B-16,0.3738,medium
BASM-01490,0.0201,0.973,0.0651,OP-B-018,ST-B-03,0.129,low
BASM-01491,0.0287,0.715,0.0217,OP-B-098,ST-B-03,0.2651,medium
BASM-01492,0.0216,0.541,0.0097,OP-B-095,ST-B-29,0.2372,low
BASM-01493,0.0218,1.248,0.0329,OP-B-116,ST-B-29,0.187,low
BASM-01494,0.0054,1.059,0.0356,OP-B-064,ST-B-13,0.2658,medium
BASM-01495,0.0183,1.15,0.0324,OP-B-073,ST-B-24,0.0983,low
BASM-01496,0.0291,0.952,0.0446,OP-B-137,ST-B-28,0.221,low
BASM-01497,0.0042,1.484,0.0203,OP-B-022,ST-B-02,0.4356,medium
BASM-01498,0.0008,0.913,0.0794,OP-B-140,ST-B-26,0.446,medium
BASM-01499,0.0126,1.318,0.0297,OP-B-026,ST-B-21,0.2559,medium
BASM-01500,0.0232,1.33,0.1005,OP-B-039,ST-B-06,0.4156,medium
BASM-01501,0.0128,1.267,0.0184,OP-B-142,ST-B-16,0.1944,low
BASM-01502,0.0101,1.16,0.1229,OP-B-057,ST-B-12,0.4374,medium
BASM-01503,0.006,0.688,0.0166,OP-B-098,ST-B-23,0.2673,medium
BASM-01504,0.0103,0.798,0.0731,OP-B-023,ST-B-18,0.2702,medium
BASM-01505,0.0006,0.568,0.0133,OP-B-062,ST-B-16,0.4502,medium
BASM-01506,0.0272,0.815,0.0412,OP-B-026,ST-B-22,0.2651,medium
BASM-01507,0.0144,1.034,0.0673,OP-B-111,ST-B-19,0.2315,low
BASM-01508,0.0312,0.742,0.0554,OP-B-022,ST-B-17,0.3939,medium
BASM-01509,0.028,0.558,0.0846,OP-B-133,ST-B-27,0.4828,medium
BASM-01510,0.0181,0.925,0.0189,OP-B-051,ST-B-30,0.0973,low
BASM-01511,0.0102,1.027,0.0112,OP-B-028,ST-B-08,0.112,low
BASM-01512,0.023,0.919,0.0364,OP-B-101,ST-B-09,0.1373,low
BASM-01513,0.0129,1.128,0.056,OP-B-133,ST-B-26,0.2416,low
BASM-01514,0.032,1.371,0.0186,OP-B-112,ST-B-08,0.3317,medium
BASM-01515,0.0163,0.602,0.0443,OP-B-061,ST-B-04,0.2715,medium
BASM-01516,0.0195,1.027,0.0332,OP-B-119,ST-B-17,0.1277,low
BASM-01517,0.0204,0.791,0.0559,OP-B-018,ST-B-07,0.2172,low
BASM-01518,0.0164,0.94,0.1844,OP-B-036,ST-B-28,0.4731,medium
BASM-01519,0.0361,1.011,0.0224,OP-B-087,ST-B-18,0.2813,medium
BASM-01520,0.0105,0.746,0.0873,OP-B-110,ST-B-23,0.426,medium
BASM-01521,0.0216,1.048,0.0343,OP-B-093,ST-B-01,0.2146,low
BASM-01522,0.0255,0.841,0.0382,OP-B-076,ST-B-20,0.2643,medium
BASM-01523,0.0006,1.311,0.0685,OP-B-086,ST-B-16,0.461,medium
BASM-01524,0.0222,0.929,0.1292,OP-B-015,ST-B-09,0.3443,medium
BASM-01525,0.0292,0.728,0.0319,OP-B-140,ST-B-24,0.2817,medium
BASM-01526,0.0022,0.939,0.0119,OP-B-117,ST-B-01,0.1979,low
BASM-01527,0.0147,1.036,0.0294,OP-B-148,ST-B-12,0.1504,low
BASM-01528,0.0227,1.441,0.0519,OP-B-093,ST-B-02,0.4054,medium
BASM-01529,0.0315,1.378,0.0564,OP-B-073,ST-B-10,0.4538,medium
BASM-01530,0.0158,0.901,0.0633,OP-B-069,ST-B-01,0.2288,low
BASM-01531,0.0269,1.218,0.0391,OP-B-070,ST-B-07,0.2789,medium
BASM-01532,0.0157,1.006,0.0465,OP-B-011,ST-B-25,0.0895,low
BASM-01533,0.0215,0.888,0.0689,OP-B-041,ST-B-13,0.2564,medium
BASM-01534,0.0138,1.239,0.0345,OP-B-049,ST-B-17,0.1804,low
BASM-01535,0.0291,1.218,0.0451,OP-B-111,ST-B-23,0.3393,medium
BASM-01536,0.0218,1.283,0.0314,OP-B-024,ST-B-24,0.2359,low
BASM-01537,0.027,1.012,0.0328,OP-B-078,ST-B-23,0.1411,low
BASM-01538,0.0192,0.774,0.0536,OP-B-006,ST-B-06,0.2211,low
BASM-01539,0.0129,0.725,0.0635,OP-B-001,ST-B-26,0.3076,medium
BASM-01540,0.0089,0.678,0.0452,OP-B-039,ST-B-25,0.3644,medium
BASM-01541,0.0248,0.731,0.0433,OP-B-086,ST-B-26,0.2838,medium
BASM-01542,0.0375,1.396,0.0888,OP-B-021,ST-B-18,0.6107,high
BASM-01543,0.0242,1.568,0.0839,OP-B-072,ST-B-04,0.4675,medium
BASM-01544,0.0106,1.367,0.0541,OP-B-111,ST-B-18,0.3046,medium
BASM-01545,0.0089,1.031,0.0533,OP-B-030,ST-B-29,0.3247,medium
BASM-01546,0.0141,0.952,0.0332,OP-B-069,ST-B-27,0.1256,low
BASM-01547,0.0471,0.718,0.0429,OP-B-143,ST-B-20,0.5269,high
BASM-01548,0.0085,0.971,0.0174,OP-B-117,ST-B-02,0.1242,low
BASM-01549,0.0223,0.653,0.0302,OP-B-100,ST-B-03,0.3072,medium
BASM-01550,0.0139,1.452,0.0659,OP-B-079,ST-B-20,0.3365,medium
BASM-01551,0.0102,0.942,0.0229,OP-B-110,ST-B-05,0.1712,low
BASM-01552,0.0148,1.165,0.0717,OP-B-091,ST-B-25,0.2578,medium
BASM-01553,0.0217,1.015,0.0123,OP-B-096,ST-B-01,0.0858,low
BASM-01554,0.0282,1.461,0.0427,OP-B-097,ST-B-12,0.3266,medium
BASM-01555,0.016,1.517,0.0242,OP-B-142,ST-B-25,0.2999,medium
BASM-01556,0.0109,0.795,0.0367,OP-B-113,ST-B-23,0.2385,low
BASM-01557,0.0308,0.724,0.0575,OP-B-076,ST-B-01,0.3473,medium
BASM-01558,0.0159,0.996,0.0349,OP-B-096,ST-B-08,0.1195,low
BASM-01559,0.0086,0.558,0.1092,OP-B-058,ST-B-19,0.4538,medium
BASM-01560,0.0133,0.488,0.007,OP-B-068,ST-B-20,0.2712,medium
BASM-01561,0.004,1.003,0.0656,OP-B-138,ST-B-25,0.3222,medium
BASM-01562,0.0141,0.908,0.0486,OP-B-021,ST-B-17,0.1957,low
BASM-01563,-0.0003,0.841,0.1233,OP-B-139,ST-B-08,0.6021,high
BASM-01564,0.0262,1.078,0.1149,OP-B-068,ST-B-06,0.415,medium
BASM-01565,0.0161,1.013,0.0494,OP-B-130,ST-B-09,0.1318,low
BASM-01566,0.0263,1.132,0.0848,OP-B-085,ST-B-27,0.3232,medium
BASM-01567,0.0191,0.652,0.0774,OP-B-084,ST-B-22,0.3005,medium
BASM-01568,0.0261,0.856,0.0743,OP-B-051,ST-B-18,0.3021,medium
BASM-01569,0.016,0.32,0.0558,OP-B-070,ST-B-18,0.367,medium
BASM-01570,0.003,1.53,0.0408,OP-B-023,ST-B-15,0.4654,medium
BASM-01571,0.0156,1.139,0.0366,OP-B-082,ST-B-10,0.1829,low
BASM-01572,0.0282,1.312,0.0277,OP-B-118,ST-B-10,0.3494,medium
BASM-01573,0.0053,1.017,0.0417,OP-B-055,ST-B-19,0.2071,low
BASM-01574,0.0249,1.162,0.0389,OP-B-136,ST-B-12,0.2764,medium
BASM-01575,0.0321,1.506,0.0951,OP-B-020,ST-B-12,0.5898,high
BASM-01576,0.012,0.951,0.0499,OP-B-111,ST-B-01,0.1882,low
BASM-01577,0.0284,0.611,0.0085,OP-B-146,ST-B-12,0.311,medium
BASM-01578,0.0085,0.392,0.0641,OP-B-135,ST-B-15,0.5533,high
BASM-01579,0.0228,0.991,0.0088,OP-B-107,ST-B-21,0.0598,low
BASM-01580,0.0256,1.047,0.0183,OP-B-074,ST-B-23,0.2009,low
BASM-01581,0.0183,0.85,0.031,OP-B-092,ST-B-21,0.1662,low
BASM-01582,0.0162,1.025,0.0126,OP-B-134,ST-B-25,0.0778,low
BASM-01583,0.0163,1.149,0.0504,OP-B-055,ST-B-19,0.191,low
BASM-01584,0.0062,1.219,0.0626,OP-B-082,ST-B-16,0.3817,medium
BASM-01585,0.0154,0.898,0.0543,OP-B-004,ST-B-06,0.1695,low
BASM-01586,0.0105,0.918,0.0705,OP-B-105,ST-B-05,0.3027,medium
BASM-01587,0.0068,0.931,0.0162,OP-B-123,ST-B-09,0.2145,low
BASM-01588,0.0269,0.737,0.1241,OP-B-078,ST-B-10,0.4433,medium
BASM-01589,0.0025,0.903,0.094,OP-B-026,ST-B-10,0.4076,medium
BASM-01590,0.0224,1.086,0.0393,OP-B-092,ST-B-02,0.1568,low
BASM-01591,0.0217,0.925,0.046,OP-B-010,ST-B-27,0.1842,low
BASM-01592,0.0034,1.18,0.0026,OP-B-074,ST-B-01,0.239,low
BASM-01593,0.0178,0.589,0.0816,OP-B-087,ST-B-19,0.3508,medium
BASM-01594,0.0133,0.944,0.0132,OP-B-125,ST-B-21,0.1621,low
BASM-01595,0.0278,0.973,0.0357,OP-B-109,ST-B-08,0.2068,low
BASM-01596,0.0322,1.007,0.0374,OP-B-147,ST-B-18,0.254,medium
BASM-01597,0.0225,0.877,0.0996,OP-B-057,ST-B-18,0.3929,medium
BASM-01598,0.0104,0.768,0.0637,OP-B-031,ST-B-25,0.3783,medium
BASM-01599,0.0033,0.705,0.0645,OP-B-014,ST-B-21,0.4027,medium
BASM-01600,0.0157,1.442,0.046,OP-B-007,ST-B-12,0.412,medium
BASM-01601,0.0135,0.588,0.1229,OP-B-097,ST-B-27,0.4634,medium
BASM-01602,0.0144,0.618,0.019,OP-B-002,ST-B-28,0.2092,low
BASM-01603,-0.0005,1.074,0.045,OP-B-108,ST-B-13,0.3769,medium
BASM-01604,0.0168,0.644,0.1141,OP-B-015,ST-B-27,0.3804,medium
BASM-01605,0.0145,1.099,0.0079,OP-B-043,ST-B-14,0.0863,low
BASM-01606,0.0151,1.382,0.0335,OP-B-069,ST-B-16,0.2725,medium
BASM-01607,0.0058,1.061,0.0854,OP-B-062,ST-B-24,0.3465,medium
BASM-01608,0.0129,0.931,0.0419,OP-B-054,ST-B-06,0.2001,low
BASM-01609,0.023,1.275,0.0958,OP-B-130,ST-B-13,0.3491,medium
BASM-01610,0.0192,0.933,0.0132,OP-B-087,ST-B-19,0.0142,low
BASM-01611,-0.0021,1.549,0.0735,OP-B-016,ST-B-20,0.6581,high
BASM-01612,0.0302,0.513,0.0349,OP-B-132,ST-B-02,0.4282,medium
BASM-01613,0.025,0.656,0.019,OP-B-012,ST-B-02,0.3056,medium
BASM-01614,0.0098,1.016,0.0248,OP-B-002,ST-B-01,0.1873,low
BASM-01615,0.0064,1.064,0.0311,OP-B-044,ST-B-08,0.255,medium
BASM-01616,-0.0004,1.104,0.0066,OP-B-019,ST-B-15,0.2541,medium
BASM-01617,0.0156,1.333,0.0255,OP-B-055,ST-B-04,0.2708,medium
BASM-01618,0.0265,0.898,0.067,OP-B-102,ST-B-03,0.2674,medium
BASM-01619,0.021,1.064,0.0584,OP-B-112,ST-B-06,0.2387,low
BASM-01620,0.0158,1.23,0.0038,OP-B-053,ST-B-10,0.1605,low
BASM-01621,0.0063,0.862,0.11,OP-B-143,ST-B-09,0.3856,medium
BASM-01622,0.0113,0.976,0.0666,OP-B-019,ST-B-29,0.1956,low
BASM-01623,0.0125,1.418,0.0297,OP-B-008,ST-B-29,0.2911,medium
BASM-01624,0.0278,1.211,0.0227,OP-B-002,ST-B-14,0.2196,low
BASM-01625,0.0195,1.408,0.0611,OP-B-057,ST-B-09,0.263,medium
BASM-01626,0.031,1.178,0.1228,OP-B-013,ST-B-10,0.4868,medium
BASM-01627,0.0137,0.5,0.0413,OP-B-002,ST-B-26,0.3671,medium
BASM-01628,0.0241,1.09,0.0225,OP-B-130,ST-B-16,0.1318,low
BASM-01629,0.0041,1.399,0.0271,OP-B-068,ST-B-22,0.4642,medium
BASM-01630,0.0213,1.115,0.0443,OP-B-113,ST-B-12,0.1781,low
BASM-01631,0.0274,1.248,0.0077,OP-B-083,ST-B-05,0.2202,low
BASM-01632,0.0148,0.873,0.145,OP-B-120,ST-B-05,0.4403,medium
BASM-01633,0.0198,1.085,0.0668,OP-B-138,ST-B-18,0.1986,low
BASM-01634,0.0179,0.55,0.0847,OP-B-131,ST-B-30,0.3876,medium
BASM-01635,0.0217,0.699,0.0204,OP-B-090,ST-B-26,0.1994,low
BASM-01636,0.0091,0.7,0.041,OP-B-084,ST-B-24,0.2742,medium
BASM-01637,0.0239,1.272,0.0222,OP-B-054,ST-B-13,0.2531,medium
BASM-01638,0.0221,1.036,0.0325,OP-B-038,ST-B-04,0.1325,low
BASM-01639,0.0166,0.895,0.1492,OP-B-109,ST-B-18,0.3366,medium
BASM-01640,0.024,0.935,0.0089,OP-B-119,ST-B-02,0.1053,low
BASM-01641,0.0144,1.334,0.034,OP-B-058,ST-B-23,0.262,medium
BASM-01642,0.0327,0.717,0.0627,OP-B-108,ST-B-27,0.4231,medium
BASM-01643,0.0084,0.574,0.0949,OP-B-041,ST-B-04,0.4388,medium
BASM-01644,0.02,1.147,0.0307,OP-B-149,ST-B-22,0.1688,low
BASM-01645,0.0069,1.342,0.0492,OP-B-082,ST-B-20,0.3827,medium
BASM-01646,0.0175,0.706,0.0301,OP-B-041,ST-B-18,0.2268,low
BASM-01647,0.0136,1.02,0.0634,OP-B-006,ST-B-27,0.2063,low
BASM-01648,0.0347,1.106,0.078,OP-B-018,ST-B-28,0.4136,medium
BASM-01649,0.0167,0.417,0.0371,OP-B-002,ST-B-26,0.3933,medium
BASM-01650,0.0492,1.045,0.1242,OP-B-097,ST-B-13,0.5681,high
BASM-01651,0.0265,1.082,0.1065,OP-B-123,ST-B-25,0.333,medium
BASM-01652,0.0089,0.879,0.1044,OP-B-093,ST-B-15,0.4289,medium
BASM-01653,0.0252,1.143,0.0197,OP-B-044,ST-B-30,0.1685,low
BASM-01654,0.0152,1.207,0.0414,OP-B-012,ST-B-02,0.2054,low
BASM-01655,0.0154,0.946,0.0668,OP-B-080,ST-B-29,0.1786,low
BASM-01656,0.0058,1.101,0.0361,OP-B-032,ST-B-15,0.2922,medium
BASM-01657,0.0249,1.038,0.0617,OP-B-094,ST-B-14,0.2374,low
BASM-01658,0.0152,1.584,0.1168,OP-B-149,ST-B-21,0.5062,high
BASM-01659,0.0172,0.926,0.0229,OP-B-072,ST-B-01,0.0773,low
BASM-01660,-0.006,1.291,0.0432,OP-B-025,ST-B-12,0.52,high
BASM-01661,0.0256,1.114,0.0879,OP-B-082,ST-B-22,0.2978,medium
BASM-01662,0.0143,1.265,0.0737,OP-B-083,ST-B-30,0.3122,medium
BASM-01663,0.0143,1.01,0.1001,OP-B-024,ST-B-28,0.3141,medium
BASM-01664,0.0119,0.952,0.1091,OP-B-056,ST-B-22,0.2485,low
BASM-01665,0.0112,1.36,0.0992,OP-B-027,ST-B-16,0.4025,medium
BASM-01666,0.0124,0.896,0.0676,OP-B-038,ST-B-17,0.2578,medium
BASM-01667,0.0177,0.988,0.0628,OP-B-043,ST-B-06,0.1759,low
BASM-01668,0.0095,1.174,0.0539,OP-B-120,ST-B-30,0.2809,medium
BASM-01669,0.0191,1.365,0.0258,OP-B-125,ST-B-19,0.1329,low
BASM-01670,0.0321,1.109,0.0741,OP-B-092,ST-B-02,0.3971,medium
BASM-01671,0.0121,1.078,0.0584,OP-B-067,ST-B-01,0.2879,medium
BASM-01672,0.0129,1.289,0.0377,OP-B-008,ST-B-26,0.2154,low
BASM-01673,0.0187,0.604,0.0504,OP-B-089,ST-B-01,0.2611,medium
BASM-01674,0.0097,1.069,0.0198,OP-B-090,ST-B-06,0.2301,low
BASM-01675,0.0045,1.271,0.0315,OP-B-128,ST-B-10,0.3136,medium
BASM-01676,0.0062,0.602,0.0485,OP-B-111,ST-B-21,0.3938,medium
BASM-01677,0.0152,0.805,0.0396,OP-B-020,ST-B-23,0.1757,low
BASM-01678,0.0074,0.411,0.04,OP-B-088,ST-B-17,0.4278,medium
BASM-01679,0.0243,1.271,0.0294,OP-B-010,ST-B-28,0.2924,medium
BASM-01680,0.0077,1.202,0.0316,OP-B-008,ST-B-18,0.2984,medium
BASM-01681,0.0243,1.18,0.1499,OP-B-137,ST-B-03,0.4984,medium
BASM-01682,0.0214,0.617,0.0378,OP-B-076,ST-B-18,0.2617,medium
BASM-01683,0.0065,0.843,0.0705,OP-B-034,ST-B-29,0.3337,medium
BASM-01684,0.0219,1.084,0.0926,OP-B-093,ST-B-19,0.3114,medium
BASM-01685,-0.0005,1.256,0.024,OP-B-138,ST-B-10,0.3763,medium
BASM-01686,0.0272,1.178,0.1982,OP-B-117,ST-B-16,0.4839,medium
BASM-01687,0.0126,1.128,0.0377,OP-B-011,ST-B-23,0.1838,low
BASM-01688,0.0276,0.777,0.0667,OP-B-141,ST-B-11,0.3757,medium
BASM-01689,0.0135,1.566,0.0772,OP-B-017,ST-B-07,0.4537,medium
BASM-01690,0.0238,1.226,0.0665,OP-B-084,ST-B-23,0.329,medium
BASM-01691,0.009,1.34,0.0664,OP-B-079,ST-B-05,0.3817,medium
BASM-01692,0.0157,1.096,0.0696,OP-B-097,ST-B-20,0.1849,low
BASM-01693,0.0267,1.253,0.0376,OP-B-111,ST-B-04,0.2982,medium
BASM-01694,0.0057,1.694,0.0285,OP-B-078,ST-B-03,0.4716,medium
BASM-01695,0.0303,0.898,0.109,OP-B-105,ST-B-17,0.4649,medium
BASM-01696,0.0202,1.097,0.0568,OP-B-112,ST-B-16,0.1742,low
BASM-01697,0.0095,0.503,0.0954,OP-B-007,ST-B-09,0.5057,high
BASM-01698,0.018,1.397,0.0493,OP-B-050,ST-B-16,0.2846,medium
BASM-01699,0.0132,1.297,0.0627,OP-B-020,ST-B-06,0.2751,medium
BASM-01700,0.0014,1.245,0.0149,OP-B-013,ST-B-20,0.3167,medium
BASM-01701,0.0125,0.725,0.0163,OP-B-033,ST-B-04,0.216,low
BASM-01702,0.0014,1.031,0.0375,OP-B-020,ST-B-09,0.2601,medium
BASM-01703,0.0163,0.658,0.068,OP-B-050,ST-B-06,0.2281,low
BASM-01704,0.0257,1.049,0.0682,OP-B-033,ST-B-18,0.2201,low
BASM-01705,0.0214,1.185,0.0348,OP-B-107,ST-B-13,0.2284,low
BASM-01706,0.0077,1.008,0.073,OP-B-004,ST-B-08,0.3796,medium
BASM-01707,0.0195,1.178,0.0437,OP-B-034,ST-B-09,0.149,low
BASM-01708,0.0175,0.443,0.023,OP-B-140,ST-B-17,0.233,low
BASM-01709,0.0119,1.058,0.1505,OP-B-032,ST-B-28,0.3752,medium
BASM-01710,0.0089,0.787,0.0167,OP-B-107,ST-B-08,0.176,low
BASM-01711,0.0227,0.923,0.0091,OP-B-045,ST-B-10,0.0752,low
BASM-01712,0.015,0.821,0.0983,OP-B-086,ST-B-16,0.3036,medium
BASM-01713,0.0257,0.67,0.0168,OP-B-100,ST-B-16,0.2853,medium
BASM-01714,0.017,0.91,0.0703,OP-B-119,ST-B-14,0.2069,low
BASM-01715,0.0213,1.494,0.0384,OP-B-065,ST-B-09,0.2443,low
BASM-01716,0.009,0.612,0.0263,OP-B-110,ST-B-02,0.3708,medium
BASM-01717,0.0126,0.981,0.0516,OP-B-024,ST-B-23,0.1846,low
BASM-01718,0.0111,0.672,0.0266,OP-B-069,ST-B-11,0.2894,medium
BASM-01719,0.0216,1.528,0.0499,OP-B-136,ST-B-20,0.3647,medium
BASM-01720,0.0136,1.15,0.044,OP-B-076,ST-B-08,0.2061,low
BASM-01721,0.0181,1.159,0.0324,OP-B-077,ST-B-23,0.0811,low
BASM-01722,0.021,1.324,0.1272,OP-B-065,ST-B-03,0.4628,medium
BASM-01723,0.0198,0.937,0.1611,OP-B-059,ST-B-26,0.3685,medium
BASM-01724,0.0183,0.752,0.0267,OP-B-018,ST-B-24,0.1479,low
BASM-01725,0.0316,1.269,0.1046,OP-B-041,ST-B-28,0.5299,high
BASM-01726,0.0238,1.355,0.0683,OP-B-012,ST-B-21,0.3526,medium
BASM-01727,0.0225,1.005,0.0327,OP-B-056,ST-B-27,0.1593,low
BASM-01728,0.0114,0.903,0.0942,OP-B-049,ST-B-04,0.2901,medium
BASM-01729,0.0302,0.83,0.0458,OP-B-002,ST-B-15,0.2947,medium
BASM-01730,0.0128,1.169,0.0235,OP-B-117,ST-B-08,0.1392,low
BASM-01731,0.0284,1.018,0.045,OP-B-126,ST-B-16,0.2227,low
BASM-01732,0.0245,1.219,0.0224,OP-B-049,ST-B-08,0.2629,medium
BASM-01733,0.0136,0.963,0.0126,OP-B-003,ST-B-23,0.0899,low
BASM-01734,0.0129,1.491,0.0405,OP-B-101,ST-B-04,0.3706,medium
BASM-01735,0.0179,1.037,0.0947,OP-B-130,ST-B-13,0.2577,medium
BASM-01736,0.0154,0.987,0.0751,OP-B-135,ST-B-20,0.2346,low
BASM-01737,0.0036,0.983,0.0128,OP-B-078,ST-B-04,0.1529,low
BASM-01738,0.0271,1.66,0.0459,OP-B-027,ST-B-05,0.4455,medium
BASM-01739,0.0127,1.101,0.0784,OP-B-118,ST-B-18,0.296,medium
BASM-01740,0.0227,1.348,0.1045,OP-B-034,ST-B-09,0.4355,medium
BASM-01741,0.0126,1.077,0.0231,OP-B-095,ST-B-08,0.1449,low
BASM-01742,-0.0018,1.65,0.082,OP-B-126,ST-B-14,0.6441,high
BASM-01743,0.0196,1.26,0.089,OP-B-085,ST-B-06,0.2676,medium
BASM-01744,0.0221,0.461,0.0208,OP-B-100,ST-B-29,0.2756,medium
BASM-01745,0.0012,1.224,0.1351,OP-B-051,ST-B-10,0.5523,high
BASM-01746,0.008,1.452,0.0861,OP-B-124,ST-B-05,0.4709,medium
BASM-01747,0.0126,0.982,0.0558,OP-B-008,ST-B-20,0.174,low
BASM-01748,0.0294,0.938,0.0508,OP-B-091,ST-B-30,0.292,medium
BASM-01749,0.0326,1.063,0.0396,OP-B-100,ST-B-02,0.2801,medium
BASM-01750,0.0144,1.014,0.0549,OP-B-086,ST-B-09,0.1784,low
BASM-01751,0.0218,1.125,0.0601,OP-B-050,ST-B-09,0.3161,medium
BASM-01752,0.0288,1.054,0.0735,OP-B-084,ST-B-02,0.3268,medium
BASM-01753,0.013,1.017,0.0576,OP-B-082,ST-B-05,0.1879,low
BASM-01754,0.0117,1.344,0.014,OP-B-125,ST-B-26,0.2217,low
BASM-01755,0.0277,1.474,0.1104,OP-B-107,ST-B-17,0.4837,medium
BASM-01756,0.0116,0.943,0.0552,OP-B-065,ST-B-18,0.2644,medium
BASM-01757,0.0263,0.916,0.072,OP-B-123,ST-B-10,0.2968,medium
BASM-01758,0.0089,0.773,0.0759,OP-B-017,ST-B-03,0.3604,medium
BASM-01759,-0.0034,0.579,0.061,OP-B-081,ST-B-14,0.5707,high
BASM-01760,0.0233,0.547,0.0354,OP-B-148,ST-B-16,0.3309,medium
BASM-01761,0.0321,1.191,0.0405,OP-B-138,ST-B-09,0.302,medium
BASM-01762,0.0102,0.726,0.0746,OP-B-100,ST-B-19,0.3745,medium
BASM-01763,0.0199,0.972,0.0394,OP-B-037,ST-B-12,0.1692,low
BASM-01764,0.0238,1.3,0.0222,OP-B-051,ST-B-06,0.2008,low
BASM-01765,0.0212,1.658,0.0391,OP-B-050,ST-B-20,0.3891,medium
BASM-01766,0.0213,1.002,0.0879,OP-B-071,ST-B-26,0.2492,low
BASM-01767,0.0179,0.943,0.0192,OP-B-029,ST-B-01,0.0823,low
BASM-01768,0.0237,1.269,0.0376,OP-B-004,ST-B-30,0.2503,medium
BASM-01769,0.0146,1.267,0.0136,OP-B-064,ST-B-02,0.211,low
BASM-01770,0.0179,1.087,0.143,OP-B-130,ST-B-24,0.366,medium
BASM-01771,0.0222,1.382,0.0603,OP-B-134,ST-B-18,0.2555,medium
BASM-01772,0.0202,0.907,0.0618,OP-B-112,ST-B-24,0.2286,low
BASM-01773,0.0133,0.888,0.1517,OP-B-137,ST-B-20,0.4066,medium
BASM-01774,0.0221,0.666,0.076,OP-B-139,ST-B-12,0.3877,medium
BASM-01775,0.0339,0.652,0.0931,OP-B-036,ST-B-14,0.5306,high
BASM-01776,0.0166,1.06,0.0369,OP-B-120,ST-B-13,0.0973,low
BASM-01777,0.0168,1.24,0.0616,OP-B-096,ST-B-01,0.2412,low
BASM-01778,0.0172,1.195,0.083,OP-B-027,ST-B-09,0.2614,medium
BASM-01779,0.0084,1.464,0.0921,OP-B-038,ST-B-20,0.4822,medium
BASM-01780,0.0373,0.705,0.0277,OP-B-110,ST-B-26,0.3872,medium
BASM-01781,0.0283,0.863,0.0158,OP-B-027,ST-B-22,0.1799,low
BASM-01782,0.0143,0.919,0.0109,OP-B-061,ST-B-26,0.074,low
BASM-01783,-0.0022,0.579,0.1151,OP-B-086,ST-B-18,0.6632,high
BASM-01784,0.0116,0.622,0.0959,OP-B-010,ST-B-26,0.4589,medium
BASM-01785,0.0225,1.186,0.0174,OP-B-015,ST-B-01,0.1686,low
BASM-01786,0.0203,1.097,0.0985,OP-B-128,ST-B-02,0.2576,medium
BASM-01787,0.0123,1.523,0.0121,OP-B-080,ST-B-12,0.2868,medium
BASM-01788,0.0084,1.028,0.016,OP-B-029,ST-B-17,0.1369,low
BASM-01789,0.0062,0.861,0.0691,OP-B-049,ST-B-25,0.3653,medium
BASM-01790,0.0126,0.973,0.0372,OP-B-038,ST-B-23,0.1057,low
BASM-01791,0.0241,0.702,0.0488,OP-B-106,ST-B-20,0.2597,medium
BASM-01792,0.0139,1.059,0.0799,OP-B-062,ST-B-17,0.2616,medium
BASM-01793,0.0241,0.508,0.1264,OP-B-043,ST-B-21,0.4984,medium
BASM-01794,0.0216,1.169,0.0204,OP-B-079,ST-B-03,0.1349,low
BASM-01795,0.004,1.141,0.0076,OP-B-130,ST-B-08,0.2665,medium
BASM-01796,0.0175,1.029,0.0891,OP-B-122,ST-B-30,0.1654,low
BASM-01797,0.0204,1.35,0.0392,OP-B-049,ST-B-28,0.2454,low
BASM-01798,0.0156,1.165,0.0545,OP-B-115,ST-B-18,0.188,low
BASM-01799,0.0134,1.147,0.0391,OP-B-048,ST-B-27,0.1739,low
BASM-01800,0.0145,0.668,0.0437,OP-B-063,ST-B-04,0.2797,medium
BASM-01801,0.0293,0.868,0.0217,OP-B-123,ST-B-29,0.2681,medium
BASM-01802,0.0172,1.134,0.0983,OP-B-080,ST-B-24,0.2827,medium
BASM-01803,0.0157,0.816,0.22,OP-B-095,ST-B-17,0.4661,medium
BASM-01804,0.0077,1.506,0.0602,OP-B-128,ST-B-15,0.3833,medium
BASM-01805,0.0127,0.665,0.0719,OP-B-096,ST-B-24,0.3599,medium
BASM-01806,0.0033,0.821,0.0744,OP-B-105,ST-B-07,0.3517,medium
BASM-01807,0.0173,1.055,0.0661,OP-B-124,ST-B-02,0.1153,low
BASM-01808,0.0187,1.603,0.1028,OP-B-057,ST-B-29,0.425,medium
BASM-01809,0.0161,1.049,0.0414,OP-B-121,ST-B-28,0.1571,low
BASM-01810,0.0142,1.091,0.0958,OP-B-142,ST-B-19,0.3025,medium
BASM-01811,0.0049,0.987,0.0329,OP-B-063,ST-B-11,0.2563,medium
BASM-01812,0.0214,0.768,0.0343,OP-B-034,ST-B-15,0.1892,low
BASM-01813,0.0005,0.391,0.0454,OP-B-090,ST-B-16,0.5665,high
BASM-01814,0.0131,0.967,0.0492,OP-B-086,ST-B-14,0.1984,low
BASM-01815,0.0183,1.087,0.0236,OP-B-051,ST-B-18,0.0693,low
BASM-01816,0.0162,1.346,0.0772,OP-B-004,ST-B-26,0.3309,medium
BASM-01817,0.0024,0.996,0.064,OP-B-093,ST-B-13,0.3468,medium
BASM-01818,0.0132,1.336,0.0036,OP-B-144,ST-B-03,0.1927,low
BASM-01819,0.0033,1.193,0.0195,OP-B-076,ST-B-30,0.289,medium
BASM-01820,0.0202,0.983,0.1389,OP-B-040,ST-B-23,0.2941,medium
BASM-01821,0.0291,0.327,0.0893,OP-B-058,ST-B-17,0.6196,high
BASM-01822,0.017,1.483,0.0326,OP-B-013,ST-B-25,0.3076,medium
BASM-01823,0.0227,1.04,0.0506,OP-B-084,ST-B-25,0.1725,low
BASM-01824,0.0207,0.966,0.086,OP-B-109,ST-B-12,0.2462,low
BASM-01825,0.0087,1.362,0.134,OP-B-119,ST-B-08,0.4998,medium
BASM-01826,0.0122,0.94,0.0812,OP-B-026,ST-B-16,0.258,medium
BASM-01827,0.0165,0.631,0.0224,OP-B-129,ST-B-18,0.2282,low
BASM-01828,0.0268,1.465,0.1431,OP-B-059,ST-B-05,0.5884,high
BASM-01829,0.0145,0.804,0.0655,OP-B-142,ST-B-07,0.2301,low
BASM-01830,0.0239,1.058,0.0174,OP-B-019,ST-B-02,0.0925,low
BASM-01831,0.0139,0.723,0.0206,OP-B-018,ST-B-16,0.2155,low
BASM-01832,0.0232,0.872,0.1192,OP-B-091,ST-B-22,0.341,medium
BASM-01833,0.0249,0.86,0.1104,OP-B-106,ST-B-01,0.3861,medium
BASM-01834,0.0035,0.865,0.1344,OP-B-105,ST-B-21,0.4584,medium
BASM-01835,0.0303,1.166,0.0067,OP-B-135,ST-B-06,0.207,low
BASM-01836,0.0289,1.102,0.1244,OP-B-034,ST-B-05,0.3778,medium
BASM-01837,0.0088,0.708,0.0344,OP-B-039,ST-B-07,0.2842,medium
BASM-01838,0.0191,1.088,0.1521,OP-B-002,ST-B-05,0.386,medium
BASM-01839,0.0168,0.724,0.0925,OP-B-075,ST-B-08,0.3184,medium
BASM-01840,0.0099,1.225,0.0303,OP-B-076,ST-B-10,0.2921,medium
BASM-01841,0.0222,1.39,0.0311,OP-B-125,ST-B-21,0.2585,medium
BASM-01842,0.0066,1.04,0.0943,OP-B-074,ST-B-11,0.3887,medium
BASM-01843,0.0202,1.139,0.0743,OP-B-020,ST-B-07,0.2392,low
BASM-01844,0.0042,0.791,0.014,OP-B-040,ST-B-23,0.2604,medium
BASM-01845,0.0196,1.266,0.1155,OP-B-135,ST-B-07,0.3197,medium
BASM-01846,0.0114,1.121,0.22,OP-B-065,ST-B-19,0.4935,medium
BASM-01847,0.0279,0.865,0.1146,OP-B-143,ST-B-14,0.3954,medium
BASM-01848,0.018,0.582,0.0164,OP-B-135,ST-B-11,0.2683,medium
BASM-01849,0.0113,1.111,0.0741,OP-B-115,ST-B-13,0.1893,low
BASM-01850,0.0273,0.974,0.0282,OP-B-119,ST-B-26,0.2221,low
BASM-01851,0.0042,1.207,0.064,OP-B-049,ST-B-27,0.36,medium
BASM-01852,0.0358,0.869,0.1046,OP-B-063,ST-B-27,0.5075,high
BASM-01853,0.0279,1.253,0.0295,OP-B-064,ST-B-09,0.3021,medium
BASM-01854,0.0339,0.871,0.0475,OP-B-046,ST-B-30,0.3571,medium
BASM-01855,0.0262,0.955,0.0546,OP-B-014,ST-B-25,0.2182,low
BASM-01856,0.028,1.472,0.0469,OP-B-150,ST-B-06,0.3895,medium
BASM-01857,0.0161,1.12,0.0374,OP-B-051,ST-B-27,0.1087,low
BASM-01858,0.0186,1.094,0.0085,OP-B-140,ST-B-06,0.037,low
BASM-01859,0.0035,1.267,0.0567,OP-B-135,ST-B-01,0.3947,medium
BASM-01860,0.0173,1.06,0.0161,OP-B-148,ST-B-26,0.0224,low
BASM-01861,0.0157,0.474,0.0296,OP-B-051,ST-B-20,0.2731,medium
BASM-01862,0.0006,0.537,0.0352,OP-B-126,ST-B-04,0.503,high
BASM-01863,0.0083,0.649,0.0312,OP-B-103,ST-B-06,0.3628,medium
BASM-01864,0.0027,1.277,0.0125,OP-B-046,ST-B-29,0.3791,medium
BASM-01865,0.0013,1.121,0.049,OP-B-041,ST-B-15,0.4076,medium
BASM-01866,0.0138,0.438,0.0107,OP-B-077,ST-B-19,0.3438,medium
BASM-01867,0.006,1.155,0.0436,OP-B-062,ST-B-26,0.2738,medium
BASM-01868,0.0203,0.307,0.0467,OP-B-128,ST-B-18,0.3849,medium
BASM-01869,0.0219,0.728,0.0321,OP-B-132,ST-B-20,0.2403,low
BASM-01870,-0.0046,1.158,0.022,OP-B-009,ST-B-23,0.4647,medium
BASM-01871,0.0289,1.28,0.1163,OP-B-071,ST-B-12,0.4726,medium
BASM-01872,0.0157,0.618,0.0577,OP-B-118,ST-B-29,0.2809,medium
BASM-01873,0.0262,1.243,0.0465,OP-B-121,ST-B-14,0.3525,medium
BASM-01874,0.0224,1.109,0.136,OP-B-149,ST-B-28,0.3936,medium
BASM-01875,0.0259,0.641,0.0024,OP-B-139,ST-B-27,0.2547,medium
BASM-01876,0.0216,0.967,0.0662,OP-B-131,ST-B-30,0.2001,low
BASM-01877,0.0081,0.905,0.0101,OP-B-018,ST-B-23,0.1611,low
BASM-01878,0.0244,0.659,0.1012,OP-B-059,ST-B-29,0.3942,medium
BASM-01879,0.0049,1.9,0.1782,OP-B-089,ST-B-16,0.8339,critical
BASM-01880,0.0239,1.253,0.0713,OP-B-011,ST-B-03,0.2873,medium
BASM-01881,0.0213,1.361,0.0667,OP-B-065,ST-B-18,0.3274,medium
BASM-01882,0.0188,0.971,0.0232,OP-B-124,ST-B-30,0.0149,low
BASM-01883,0.0297,0.959,0.0138,OP-B-013,ST-B-06,0.203,low
BASM-01884,0.0244,0.842,0.0371,OP-B-150,ST-B-05,0.1537,low
BASM-01885,0.0078,0.937,0.002,OP-B-150,ST-B-14,0.1727,low
BASM-01886,0.0119,0.313,0.0605,OP-B-062,ST-B-01,0.4799,medium
BASM-01887,0.0155,1.142,0.0082,OP-B-037,ST-B-04,0.1444,low
BASM-01888,0.0125,0.6,0.091,OP-B-105,ST-B-29,0.3947,medium
BASM-01889,0.0218,0.586,0.0407,OP-B-049,ST-B-19,0.3388,medium
BASM-01890,0.0046,1.122,0.0477,OP-B-117,ST-B-23,0.3092,medium
BASM-01891,0.0196,0.827,0.0596,OP-B-094,ST-B-27,0.2442,low
BASM-01892,0.007,1.556,0.1152,OP-B-092,ST-B-24,0.5894,high
BASM-01893,0.0096,0.336,0.0124,OP-B-030,ST-B-14,0.4178,medium
BASM-01894,0.0186,0.381,0.02,OP-B-010,ST-B-25,0.3265,medium
BASM-01895,-0.0015,0.743,0.0893,OP-B-114,ST-B-02,0.5408,high
BASM-01896,0.043,0.734,0.0894,OP-B-105,ST-B-20,0.6165,high
BASM-01897,0.0209,0.58,0.0448,OP-B-016,ST-B-30,0.3351,medium
BASM-01898,0.0102,0.851,0.0585,OP-B-116,ST-B-01,0.2694,medium
BASM-01899,0.0184,1.379,0.0375,OP-B-146,ST-B-28,0.2395,low
BASM-01900,0.026,1.188,0.0547,OP-B-081,ST-B-21,0.265,medium
BASM-01901,0.0137,0.881,0.0413,OP-B-021,ST-B-23,0.149,low
BASM-01902,0.0253,0.798,0.0076,OP-B-114,ST-B-28,0.1913,low
BASM-01903,0.0135,0.486,0.0101,OP-B-149,ST-B-12,0.3054,medium
BASM-01904,0.0239,1.176,0.0176,OP-B-118,ST-B-29,0.1653,low
BASM-01905,0.0251,0.742,0.0187,OP-B-050,ST-B-02,0.2221,low
BASM-01906,0.0178,0.858,0.0852,OP-B-043,ST-B-17,0.2384,low
BASM-01907,0.025,0.749,0.0718,OP-B-147,ST-B-07,0.3281,medium
BASM-01908,0.0271,1.122,0.0452,OP-B-032,ST-B-15,0.2294,low
BASM-01909,0.022,1.13,0.0177,OP-B-087,ST-B-16,0.139,low
BASM-01910,0.0119,0.382,0.1197,OP-B-033,ST-B-02,0.6508,high
BASM-01911,0.0257,0.836,0.0127,OP-B-048,ST-B-05,0.2052,low
BASM-01912,0.004,0.797,0.0162,OP-B-075,ST-B-12,0.3308,medium
BASM-01913,0.0298,1.201,0.2175,OP-B-043,ST-B-13,0.5471,high
BASM-01914,0.0144,0.54,0.0256,OP-B-044,ST-B-29,0.2613,medium
BASM-01915,0.0184,1.012,0.0495,OP-B-023,ST-B-07,0.1776,low
BASM-01916,-0.0008,1.115,0.0696,OP-B-119,ST-B-07,0.3833,medium
BASM-01917,0.029,1.445,0.0613,OP-B-044,ST-B-29,0.3778,medium
BASM-01918,0.0167,1.099,0.0196,OP-B-044,ST-B-09,0.1394,low
BASM-01919,0.0223,1.191,0.0374,OP-B-134,ST-B-12,0.1842,low
BASM-01920,0.0173,1.279,0.0362,OP-B-090,ST-B-16,0.2232,low
BASM-01921,0.0175,1.288,0.0813,OP-B-077,ST-B-17,0.2297,low
BASM-01922,0.0218,1.243,0.0447,OP-B-076,ST-B-12,0.1684,low
BASM-01923,0.0208,1.323,0.035,OP-B-071,ST-B-29,0.2503,medium
BASM-01924,0.0187,0.528,0.09,OP-B-041,ST-B-27,0.3586,medium
BASM-01925,0.0215,1.38,0.0677,OP-B-119,ST-B-17,0.3886,medium
BASM-01926,0.0213,0.903,0.0397,OP-B-026,ST-B-20,0.1848,low
BASM-01927,0.0126,1.311,0.0268,OP-B-025,ST-B-09,0.2429,low
BASM-01928,0.0095,1.347,0.1393,OP-B-083,ST-B-28,0.5121,high
BASM-01929,0.0196,1.351,0.0663,OP-B-019,ST-B-10,0.3348,medium
BASM-01930,0.0061,0.96,0.0563,OP-B-148,ST-B-10,0.2402,low
BASM-01931,0.0423,0.848,0.1076,OP-B-094,ST-B-24,0.6068,high
BASM-01932,0.0259,0.891,0.0091,OP-B-107,ST-B-19,0.1565,low
BASM-01933,0.0112,1.232,0.0154,OP-B-095,ST-B-25,0.1868,low
BASM-01934,0.0143,1.243,0.1842,OP-B-135,ST-B-12,0.5028,high
BASM-01935,0.0205,0.634,0.0108,OP-B-137,ST-B-16,0.1982,low
BASM-01936,0.0085,1.158,0.0684,OP-B-072,ST-B-18,0.2899,medium
BASM-01937,0.0165,1.322,0.0171,OP-B-096,ST-B-28,0.1924,low
BASM-01938,0.0018,1.216,0.1481,OP-B-079,ST-B-26,0.6384,high
BASM-01939,0.0072,1.402,0.0423,OP-B-056,ST-B-10,0.4103,medium
BASM-01940,0.0211,0.72,0.0207,OP-B-061,ST-B-27,0.209,low
BASM-01941,0.0214,1.252,0.0495,OP-B-008,ST-B-12,0.2669,medium
BASM-01942,0.0289,0.757,0.0791,OP-B-146,ST-B-21,0.4437,medium
BASM-01943,0.0121,1.45,0.0524,OP-B-046,ST-B-02,0.4238,medium
BASM-01944,0.0241,0.859,0.0208,OP-B-010,ST-B-17,0.1588,low
BASM-01945,0.0109,1.367,0.1686,OP-B-141,ST-B-20,0.561,high
BASM-01946,0.0221,0.987,0.0346,OP-B-009,ST-B-23,0.1172,low
BASM-01947,0.0213,0.594,0.0457,OP-B-071,ST-B-28,0.3034,medium
BASM-01948,0.0039,1.285,0.0226,OP-B-021,ST-B-11,0.3159,medium
BASM-01949,0.0207,1.528,0.0161,OP-B-104,ST-B-26,0.2721,medium
BASM-01950,0.0133,1.134,0.0315,OP-B-032,ST-B-03,0.1714,low
BASM-01951,0.0204,0.833,0.0623,OP-B-085,ST-B-20,0.2784,medium
BASM-01952,0.0158,0.893,0.0307,OP-B-068,ST-B-12,0.1115,low
BASM-01953,0.0047,1.167,0.0232,OP-B-084,ST-B-06,0.3055,medium
BASM-01954,0.0193,0.937,0.0269,OP-B-008,ST-B-20,0.0816,low
BASM-01955,0.0092,1.04,0.1863,OP-B-011,ST-B-02,0.5346,high
BASM-01956,0.0359,1.539,0.0769,OP-B-145,ST-B-02,0.5656,high
BASM-01957,-0.0017,0.946,0.0203,OP-B-055,ST-B-15,0.3055,medium
BASM-01958,0.0191,0.888,0.0202,OP-B-148,ST-B-27,0.1312,low
BASM-01959,0.0131,1.244,0.0319,OP-B-050,ST-B-28,0.2483,low
BASM-01960,0.0148,0.74,0.0317,OP-B-022,ST-B-04,0.1958,low
BASM-01961,0.01,0.999,0.0388,OP-B-139,ST-B-28,0.1717,low
BASM-01962,0.0223,1.06,0.0181,OP-B-117,ST-B-19,0.1238,low
BASM-01963,0.0195,1.122,0.0769,OP-B-128,ST-B-24,0.217,low
BASM-01964,0.0177,0.571,0.0476,OP-B-021,ST-B-27,0.2572,medium
BASM-01965,0.0239,1.252,0.0417,OP-B-024,ST-B-27,0.2353,low
BASM-01966,0.0156,0.3,0.0374,OP-B-092,ST-B-17,0.3793,medium
BASM-01967,0.0135,1.25,0.0388,OP-B-139,ST-B-16,0.3021,medium
BASM-01968,0.0218,0.856,0.042,OP-B-040,ST-B-22,0.2316,low
BASM-01969,0.023,1.681,0.0615,OP-B-115,ST-B-09,0.4636,medium
BASM-01970,0.0326,1.057,0.0213,OP-B-030,ST-B-18,0.2235,low
BASM-01971,0.0141,1.128,0.0135,OP-B-039,ST-B-26,0.0999,low
BASM-01972,0.013,0.661,0.0618,OP-B-024,ST-B-27,0.3381,medium
BASM-01973,0.0099,0.826,0.0495,OP-B-067,ST-B-08,0.3379,medium
BASM-01974,0.0037,1.003,0.0122,OP-B-072,ST-B-10,0.1747,low
BASM-01975,0.0188,1.481,0.0438,OP-B-029,ST-B-19,0.2967,medium
BASM-01976,0.0213,1.256,0.0896,OP-B-033,ST-B-29,0.375,medium
BASM-01977,0.0178,0.852,0.0191,OP-B-069,ST-B-03,0.0928,low
BASM-01978,0.0283,1.333,0.045,OP-B-014,ST-B-10,0.3177,medium
BASM-01979,0.016,1.046,0.057,OP-B-051,ST-B-01,0.1963,low
BASM-01980,0.0195,0.82,0.1163,OP-B-026,ST-B-05,0.387,medium
BASM-01981,-0.0013,1.278,0.0343,OP-B-031,ST-B-27,0.4277,medium
BASM-01982,0.0146,1.253,0.0416,OP-B-101,ST-B-25,0.1887,low
BASM-01983,0.0219,1.182,0.0305,OP-B-099,ST-B-19,0.1496,low
BASM-01984,0.0282,1.16,0.0293,OP-B-109,ST-B-23,0.282,medium
BASM-01985,0.0113,0.978,0.0326,OP-B-056,ST-B-20,0.129,low
BASM-01986,0.0165,1.186,0.0098,OP-B-025,ST-B-13,0.1218,low
BASM-01987,0.0319,1.326,0.0807,OP-B-122,ST-B-03,0.385,medium
BASM-01988,0.0187,1.296,0.0163,OP-B-118,ST-B-30,0.146,low
BASM-01989,0.0157,1.033,0.0131,OP-B-130,ST-B-06,0.0903,low
BASM-01990,0.0463,1.309,0.0108,OP-B-043,ST-B-29,0.4673,medium
BASM-01991,0.0103,1.366,0.0407,OP-B-139,ST-B-20,0.3704,medium
BASM-01992,0.0249,1.104,0.0668,OP-B-094,ST-B-29,0.2224,low
BASM-01993,0.0279,0.962,0.0271,OP-B-085,ST-B-01,0.168,low
BASM-01994,0.0212,0.819,0.1915,OP-B-049,ST-B-17,0.4181,medium
BASM-01995,0.0205,1.112,0.0075,OP-B-122,ST-B-15,0.0546,low
BASM-01996,0.0203,1.054,0.0771,OP-B-071,ST-B-07,0.1994,low
BASM-01997,0.0,0.91,0.2074,OP-B-146,ST-B-15,0.671,high
BASM-01998,0.017,1.555,0.0064,OP-B-045,ST-B-12,0.2561,medium
BASM-01999,0.0153,0.521,0.0427,OP-B-103,ST-B-16,0.2039,low
BASM-02000,0.0174,1.078,0.02,OP-B-136,ST-B-26,0.0764,low
BASM-02001,0.016,0.67,0.0846,OP-B-059,ST-B-20,0.3066,medium
BASM-02002,0.0088,1.135,0.002,OP-B-101,ST-B-19,0.1413,low
BASM-02003,0.0143,0.97,0.0581,OP-B-115,ST-B-07,0.2094,low
BASM-02004,0.0324,1.349,0.0396,OP-B-138,ST-B-18,0.4253,medium
BASM-02005,0.0364,0.997,0.0343,OP-B-095,ST-B-24,0.3493,medium
BASM-02006,0.0225,0.84,0.024,OP-B-116,ST-B-11,0.1719,low
BASM-02007,0.0241,0.904,0.0555,OP-B-101,ST-B-25,0.2309,low
BASM-02008,0.009,1.551,0.0592,OP-B-097,ST-B-25,0.4211,medium
BASM-02009,0.0161,0.52,0.0246,OP-B-096,ST-B-13,0.2829,medium
BASM-02010,0.0192,0.91,0.0545,OP-B-071,ST-B-24,0.1248,low
BASM-02011,0.0168,1.528,0.0707,OP-B-120,ST-B-17,0.3647,medium
BASM-02012,0.0158,0.729,0.0315,OP-B-006,ST-B-08,0.1193,low
BASM-02013,0.0201,0.8,0.0447,OP-B-005,ST-B-26,0.1952,low
BASM-02014,0.0137,0.776,0.1873,OP-B-079,ST-B-30,0.5949,high
BASM-02015,0.0267,1.046,0.1045,OP-B-106,ST-B-19,0.2703,medium
BASM-02016,0.0214,0.928,0.0724,OP-B-088,ST-B-12,0.2203,low
BASM-02017,0.0173,0.849,0.0081,OP-B-007,ST-B-14,0.0687,low
BASM-02018,0.0129,1.046,0.065,OP-B-063,ST-B-04,0.2287,low
BASM-02019,0.0123,0.465,0.0278,OP-B-130,ST-B-08,0.3121,medium
BASM-02020,0.0104,0.91,0.0356,OP-B-127,ST-B-14,0.204,low
BASM-02021,0.031,0.816,0.0786,OP-B-078,ST-B-02,0.3759,medium
BASM-02022,0.0257,1.314,0.0381,OP-B-119,ST-B-25,0.2662,medium
BASM-02023,0.0155,1.09,0.0628,OP-B-070,ST-B-01,0.1755,low
BASM-02024,0.0228,1.253,0.0121,OP-B-074,ST-B-22,0.29,medium
BASM-02025,0.0243,0.909,0.0384,OP-B-016,ST-B-05,0.2389,low
BASM-02026,0.0244,1.163,0.1133,OP-B-004,ST-B-13,0.4226,medium
BASM-02027,0.0233,0.906,0.0116,OP-B-026,ST-B-01,0.1141,low
BASM-02028,0.0293,0.71,0.1096,OP-B-013,ST-B-04,0.4967,medium
BASM-02029,0.0293,1.205,0.0355,OP-B-002,ST-B-23,0.2816,medium
BASM-02030,0.0267,1.276,0.0284,OP-B-022,ST-B-23,0.314,medium
BASM-02031,0.0133,0.911,0.0974,OP-B-087,ST-B-10,0.3117,medium
BASM-02032,0.0143,1.246,0.0082,OP-B-119,ST-B-07,0.1771,low
BASM-02033,0.0279,0.978,0.0782,OP-B-032,ST-B-21,0.2939,medium
BASM-02034,0.0056,1.289,0.0368,OP-B-087,ST-B-03,0.3406,medium
BASM-02035,0.028,0.634,0.0313,OP-B-103,ST-B-29,0.3485,medium
BASM-02036,0.0226,0.674,0.0659,OP-B-048,ST-B-15,0.2882,medium
BASM-02037,0.0218,0.978,0.0956,OP-B-005,ST-B-27,0.2456,low
BASM-02038,0.0066,1.072,0.0427,OP-B-022,ST-B-21,0.259,medium
BASM-02039,0.0276,1.158,0.0263,OP-B-092,ST-B-28,0.2686,medium
BASM-02040,0.0093,0.913,0.0361,OP-B-028,ST-B-11,0.2252,low
BASM-02041,0.0182,1.463,0.0221,OP-B-052,ST-B-21,0.2352,low
BASM-02042,0.0163,0.532,0.0033,OP-B-105,ST-B-18,0.2595,medium
BASM-02043,0.0258,0.817,0.0623,OP-B-085,ST-B-06,0.3034,medium
BASM-02044,0.0217,1.488,0.0467,OP-B-050,ST-B-21,0.33,medium
BASM-02045,0.0349,0.961,0.0665,OP-B-147,ST-B-24,0.3866,medium
BASM-02046,0.0156,1.293,0.1378,OP-B-052,ST-B-25,0.3707,medium
BASM-02047,0.0281,1.224,0.0264,OP-B-001,ST-B-11,0.2584,medium
BASM-02048,0.014,1.063,0.0162,OP-B-080,ST-B-15,0.0607,low
BASM-02049,0.0113,0.881,0.059,OP-B-131,ST-B-30,0.2991,medium
BASM-02050,0.0274,1.102,0.083,OP-B-066,ST-B-16,0.2893,medium
BASM-02051,0.0078,0.746,0.0336,OP-B-141,ST-B-24,0.2866,medium
BASM-02052,0.0101,0.793,0.0106,OP-B-102,ST-B-06,0.1906,low
BASM-02053,0.0359,0.789,0.0038,OP-B-118,ST-B-30,0.2315,low
BASM-02054,0.0169,1.382,0.0895,OP-B-005,ST-B-10,0.3924,medium
BASM-02055,0.0068,1.297,0.0738,OP-B-056,ST-B-18,0.4537,medium
BASM-02056,0.0269,0.371,0.0446,OP-B-024,ST-B-22,0.4002,medium
BASM-02057,0.0126,1.391,0.0329,OP-B-034,ST-B-03,0.3197,medium
BASM-02058,0.011,1.054,0.0225,OP-B-126,ST-B-21,0.1953,low
BASM-02059,0.0281,1.009,0.0245,OP-B-015,ST-B-26,0.1969,low
BASM-02060,0.0129,1.283,0.055,OP-B-074,ST-B-06,0.2456,low
BASM-02061,0.0125,1.29,0.0464,OP-B-089,ST-B-21,0.2756,medium
BASM-02062,0.0154,0.999,0.027,OP-B-067,ST-B-10,0.0777,low
BASM-02063,0.018,1.156,0.1088,OP-B-091,ST-B-02,0.3453,medium
BASM-02064,0.0094,1.082,0.1911,OP-B-062,ST-B-07,0.5478,high
BASM-02065,0.014,0.784,0.0238,OP-B-096,ST-B-16,0.166,low
BASM-02066,0.0195,1.058,0.0627,OP-B-148,ST-B-26,0.187,low
BASM-02067,0.0021,0.762,0.0327,OP-B-103,ST-B-10,0.4344,medium
BASM-02068,0.0159,1.063,0.0144,OP-B-082,ST-B-19,0.0471,low
BASM-02069,0.0328,1.342,0.0316,OP-B-060,ST-B-09,0.3374,medium
BASM-02070,0.0219,0.952,0.0459,OP-B-063,ST-B-14,0.2059,low
BASM-02071,0.0103,1.593,0.0627,OP-B-107,ST-B-15,0.4232,medium
BASM-02072,0.0224,0.51,0.0923,OP-B-139,ST-B-01,0.4509,medium
BASM-02073,0.0168,0.623,0.0229,OP-B-036,ST-B-29,0.2183,low
BASM-02074,0.0234,0.877,0.0649,OP-B-130,ST-B-11,0.2307,low
BASM-02075,0.026,1.242,0.0457,OP-B-113,ST-B-05,0.282,medium
BASM-02076,0.0222,0.935,0.0168,OP-B-052,ST-B-14,0.095,low
BASM-02077,0.026,0.883,0.006,OP-B-138,ST-B-23,0.1157,low
BASM-02078,0.02,0.956,0.1214,OP-B-073,ST-B-20,0.3121,medium
BASM-02079,0.002,1.062,0.0469,OP-B-083,ST-B-18,0.3556,medium
BASM-02080,0.0151,1.004,0.0416,OP-B-065,ST-B-03,0.0966,low
BASM-02081,0.0214,1.284,0.0606,OP-B-104,ST-B-13,0.3447,medium
BASM-02082,0.0138,1.266,0.1067,OP-B-048,ST-B-25,0.3797,medium
BASM-02083,0.0189,1.006,0.0391,OP-B-143,ST-B-24,0.0014,low
BASM-02084,0.0318,0.938,0.1555,OP-B-076,ST-B-15,0.5476,high
BASM-02085,0.0121,1.488,0.0282,OP-B-091,ST-B-10,0.3293,medium
BASM-02086,0.0125,1.149,0.0464,OP-B-099,ST-B-04,0.2482,low
BASM-02087,0.0076,0.844,0.0128,OP-B-091,ST-B-24,0.2077,low
BASM-02088,0.0198,0.895,0.049,OP-B-067,ST-B-02,0.1992,low
BASM-02089,0.0119,1.136,0.0648,OP-B-070,ST-B-19,0.2681,medium
BASM-02090,0.0254,1.02,0.0462,OP-B-090,ST-B-10,0.2309,low
BASM-02091,0.0119,0.514,0.1095,OP-B-078,ST-B-23,0.5459,high
BASM-02092,0.0203,1.293,0.0345,OP-B-099,ST-B-28,0.244,low
BASM-02093,0.0309,1.123,0.0458,OP-B-046,ST-B-29,0.2499,low
BASM-02094,0.0184,0.885,0.0445,OP-B-047,ST-B-18,0.1111,low
BASM-02095,0.0268,0.591,0.0608,OP-B-114,ST-B-06,0.4112,medium
BASM-02096,0.0077,0.818,0.0144,OP-B-137,ST-B-03,0.239,low
BASM-02097,0.0258,0.521,0.0717,OP-B-043,ST-B-21,0.4837,medium
BASM-02098,0.0233,1.301,0.0366,OP-B-081,ST-B-30,0.324,medium
BASM-02099,0.0214,0.814,0.0195,OP-B-089,ST-B-20,0.1016,low
BASM-02100,0.0121,1.001,0.0305,OP-B-138,ST-B-04,0.1636,low
BASM-02101,0.0282,0.864,0.0927,OP-B-119,ST-B-09,0.3741,medium
BASM-02102,0.0271,1.026,0.1166,OP-B-013,ST-B-14,0.3695,medium
BASM-02103,0.0339,0.732,0.1292,OP-B-051,ST-B-19,0.6269,high
BASM-02104,0.0138,1.109,0.028,OP-B-138,ST-B-06,0.1265,low
BASM-02105,-0.006,1.066,0.2034,OP-B-120,ST-B-15,0.7146,high
BASM-02106,0.0298,0.933,0.0104,OP-B-107,ST-B-25,0.1382,low
BASM-02107,0.0031,1.1,0.0673,OP-B-114,ST-B-01,0.3292,medium
BASM-02108,0.0122,1.71,0.0118,OP-B-124,ST-B-01,0.3864,medium
BASM-02109,0.0276,0.918,0.0047,OP-B-037,ST-B-12,0.1914,low
BASM-02110,0.0097,1.121,0.019,OP-B-140,ST-B-19,0.2351,low
BASM-02111,0.0101,0.919,0.0968,OP-B-104,ST-B-18,0.333,medium
BASM-02112,0.024,0.43,0.0883,OP-B-141,ST-B-16,0.5576,high
BASM-02113,0.0131,1.06,0.0323,OP-B-080,ST-B-08,0.1835,low
BASM-02114,0.0298,1.01,0.0829,OP-B-118,ST-B-22,0.3094,medium
BASM-02115,0.0059,0.927,0.1319,OP-B-138,ST-B-30,0.42,medium
BASM-02116,0.0315,1.109,0.129,OP-B-065,ST-B-02,0.5305,high
BASM-02117,0.0103,1.212,0.0484,OP-B-111,ST-B-07,0.2193,low
BASM-02118,0.0189,1.071,0.0263,OP-B-066,ST-B-20,0.0705,low
BASM-02119,0.0286,1.488,0.0401,OP-B-102,ST-B-30,0.4205,medium
BASM-02120,0.0132,1.288,0.0811,OP-B-020,ST-B-11,0.3733,medium
BASM-02121,-0.0,1.192,0.0119,OP-B-071,ST-B-22,0.3366,medium
BASM-02122,0.028,0.952,0.0816,OP-B-084,ST-B-13,0.3028,medium
BASM-02123,0.0307,0.718,0.0496,OP-B-075,ST-B-08,0.3456,medium
BASM-02124,0.0186,0.805,0.0337,OP-B-142,ST-B-26,0.1653,low
BASM-02125,0.0181,0.895,0.0598,OP-B-056,ST-B-22,0.2246,low
BASM-02126,0.0048,0.669,0.0368,OP-B-014,ST-B-14,0.3728,medium
BASM-02127,0.0244,1.729,0.0114,OP-B-028,ST-B-08,0.368,medium
BASM-02128,0.013,1.19,0.0851,OP-B-090,ST-B-19,0.3265,medium
BASM-02129,0.0195,0.865,0.0896,OP-B-074,ST-B-09,0.2401,low
BASM-02130,0.001,1.29,0.065,OP-B-125,ST-B-03,0.4521,medium
BASM-02131,0.0108,0.835,0.1226,OP-B-046,ST-B-10,0.4204,medium
BASM-02132,0.0163,0.87,0.014,OP-B-067,ST-B-19,0.0366,low
BASM-02133,0.0083,0.785,0.074,OP-B-052,ST-B-26,0.4044,medium
BASM-02134,0.0129,0.43,0.0249,OP-B-026,ST-B-18,0.3203,medium
BASM-02135,0.0402,0.851,0.0945,OP-B-065,ST-B-22,0.5012,high
BASM-02136,0.0253,0.529,0.0911,OP-B-095,ST-B-20,0.4797,medium
BASM-02137,0.0056,1.112,0.0022,OP-B-118,ST-B-04,0.2172,low
BASM-02138,0.0044,1.071,0.0282,OP-B-024,ST-B-05,0.2736,medium
BASM-02139,0.0293,1.057,0.0448,OP-B-088,ST-B-21,0.2936,medium
BASM-02140,0.0184,0.77,0.0206,OP-B-147,ST-B-18,0.1374,low
BASM-02141,0.0163,1.072,0.0538,OP-B-041,ST-B-30,0.186,low
BASM-02142,0.0284,0.92,0.0584,OP-B-127,ST-B-05,0.2646,medium
BASM-02143,0.0189,0.742,0.0259,OP-B-149,ST-B-21,0.2025,low
BASM-02144,0.006,1.204,0.0428,OP-B-118,ST-B-14,0.3284,medium
BASM-02145,0.0189,0.689,0.0113,OP-B-064,ST-B-19,0.2082,low
BASM-02146,0.0151,0.935,0.1097,OP-B-065,ST-B-18,0.3408,medium
BASM-02147,0.0304,1.265,0.0884,OP-B-097,ST-B-04,0.4683,medium
BASM-02148,0.0258,0.86,0.0375,OP-B-066,ST-B-26,0.2493,low
BASM-02149,0.0251,0.769,0.0419,OP-B-102,ST-B-05,0.2731,medium
BASM-02150,0.0187,0.73,0.1904,OP-B-142,ST-B-18,0.4831,medium
BASM-02151,0.017,0.896,0.1709,OP-B-033,ST-B-16,0.4742,medium
BASM-02152,0.0234,0.827,0.029,OP-B-028,ST-B-05,0.2049,low
BASM-02153,0.0134,1.039,0.0641,OP-B-064,ST-B-08,0.2412,low
BASM-02154,0.019,1.153,0.1136,OP-B-011,ST-B-30,0.2702,medium
BASM-02155,0.0038,0.473,0.0666,OP-B-099,ST-B-06,0.5454,high
BASM-02156,0.0224,1.26,0.0318,OP-B-021,ST-B-19,0.2252,low
BASM-02157,0.019,0.893,0.0379,OP-B-039,ST-B-21,0.1522,low
BASM-02158,0.0139,0.816,0.0219,OP-B-098,ST-B-12,0.2087,low
BASM-02159,0.0206,0.736,0.1011,OP-B-116,ST-B-07,0.3705,medium
BASM-02160,0.0031,0.829,0.0055,OP-B-088,ST-B-12,0.2746,medium
BASM-02161,0.0109,0.785,0.0127,OP-B-058,ST-B-02,0.2151,low
BASM-02162,0.0138,1.444,0.0156,OP-B-118,ST-B-12,0.2368,low
BASM-02163,0.0196,1.206,0.0176,OP-B-149,ST-B-21,0.142,low
BASM-02164,0.0357,1.078,0.0078,OP-B-041,ST-B-09,0.2598,medium
BASM-02165,0.0301,1.051,0.0118,OP-B-073,ST-B-15,0.2538,medium
BASM-02166,0.0176,1.163,0.0717,OP-B-027,ST-B-26,0.2108,low
BASM-02167,0.0265,1.319,0.018,OP-B-071,ST-B-25,0.2419,low
BASM-02168,0.012,1.286,0.0039,OP-B-091,ST-B-04,0.1831,low
BASM-02169,0.027,0.834,0.0257,OP-B-023,ST-B-06,0.2254,low
BASM-02170,0.0315,0.677,0.0795,OP-B-147,ST-B-18,0.41,medium
BASM-02171,0.0217,1.157,0.1061,OP-B-064,ST-B-21,0.4167,medium
BASM-02172,0.019,1.094,0.0198,OP-B-101,ST-B-30,0.0819,low
BASM-02173,0.0197,1.021,0.0298,OP-B-049,ST-B-23,0.049,low
BASM-02174,0.0347,0.921,0.0141,OP-B-057,ST-B-25,0.312,medium
BASM-02175,0.0194,0.834,0.0134,OP-B-035,ST-B-09,0.121,low
BASM-02176,0.0321,0.735,0.1577,OP-B-136,ST-B-13,0.659,high
BASM-02177,0.0,0.58,0.0165,OP-B-145,ST-B-22,0.4816,medium
BASM-02178,0.0228,1.01,0.1004,OP-B-021,ST-B-21,0.2757,medium
BASM-02179,0.0101,1.225,0.0154,OP-B-070,ST-B-04,0.2048,low
BASM-02180,0.0216,0.74,0.1649,OP-B-125,ST-B-22,0.5153,high
BASM-02181,0.0167,1.222,0.0487,OP-B-112,ST-B-17,0.179,low
BASM-02182,0.0176,1.17,0.092,OP-B-136,ST-B-27,0.3375,medium
BASM-02183,0.0024,0.858,0.0144,OP-B-100,ST-B-25,0.2156,low
BASM-02184,0.0188,1.073,0.1163,OP-B-065,ST-B-08,0.2772,medium
BASM-02185,0.0158,0.667,0.0194,OP-B-088,ST-B-25,0.172,low
BASM-02186,0.0275,0.874,0.0065,OP-B-045,ST-B-15,0.1738,low
BASM-02187,0.0147,1.05,0.0746,OP-B-050,ST-B-20,0.2531,medium
BASM-02188,0.0142,1.727,0.0354,OP-B-049,ST-B-07,0.4239,medium
BASM-02189,0.0251,0.403,0.0208,OP-B-046,ST-B-11,0.3516,medium
BASM-02190,0.0308,0.962,0.0558,OP-B-005,ST-B-20,0.2731,medium
BASM-02191,0.0247,1.204,0.0299,OP-B-010,ST-B-21,0.2104,low
BASM-02192,0.0069,1.24,0.0221,OP-B-082,ST-B-03,0.3434,medium
BASM-02193,0.0436,0.946,0.0201,OP-B-041,ST-B-15,0.433,medium
BASM-02194,0.0298,0.605,0.0424,OP-B-029,ST-B-09,0.3753,medium
BASM-02195,0.0249,0.885,0.0425,OP-B-064,ST-B-16,0.2234,low
BASM-02196,0.0125,1.175,0.0311,OP-B-093,ST-B-22,0.1669,low
BASM-02197,0.0179,1.081,0.0909,OP-B-088,ST-B-14,0.1612,low
BASM-02198,0.0196,1.147,0.0301,OP-B-030,ST-B-24,0.1193,low
BASM-02199,0.0245,1.119,0.057,OP-B-114,ST-B-23,0.2056,low
BASM-02200,-0.006,1.19,0.0698,OP-B-031,ST-B-24,0.5578,high
BASM-02201,0.0202,0.929,0.0762,OP-B-130,ST-B-10,0.2413,low
BASM-02202,0.0149,1.08,0.0408,OP-B-104,ST-B-02,0.1308,low
BASM-02203,0.011,1.412,0.1135,OP-B-002,ST-B-23,0.5138,high
BASM-02204,0.0308,0.603,0.0237,OP-B-072,ST-B-26,0.3185,medium
BASM-02205,0.032,1.062,0.0235,OP-B-128,ST-B-21,0.218,low
BASM-02206,0.015,1.227,0.0203,OP-B-039,ST-B-16,0.1346,low
BASM-02207,0.028,0.891,0.0482,OP-B-091,ST-B-20,0.2674,medium
BASM-02208,0.0169,0.761,0.0606,OP-B-107,ST-B-20,0.2381,low
BASM-02209,0.0321,1.305,0.0438,OP-B-035,ST-B-19,0.3483,medium
BASM-02210,0.0038,0.923,0.078,OP-B-105,ST-B-27,0.3662,medium
BASM-02211,0.0245,1.322,0.0541,OP-B-117,ST-B-16,0.3442,medium
BASM-02212,0.0102,0.557,0.0087,OP-B-006,ST-B-08,0.2974,medium
BASM-02213,0.011,1.547,0.0337,OP-B-053,ST-B-02,0.4083,medium
BASM-02214,0.033,1.132,0.002,OP-B-143,ST-B-14,0.1943,low
BASM-02215,0.0327,0.846,0.0413,OP-B-147,ST-B-29,0.3565,medium
BASM-02216,0.0274,0.894,0.0328,OP-B-137,ST-B-21,0.256,medium
BASM-02217,0.025,0.664,0.0561,OP-B-136,ST-B-24,0.3216,medium
BASM-02218,0.0106,1.397,0.0167,OP-B-022,ST-B-17,0.3476,medium
BASM-02219,0.0032,1.236,0.1064,OP-B-092,ST-B-11,0.4756,medium
BASM-02220,0.0177,0.535,0.0546,OP-B-124,ST-B-16,0.2639,medium
BASM-02221,0.0209,0.826,0.0273,OP-B-064,ST-B-01,0.1895,low
BASM-02222,0.0239,1.117,0.0513,OP-B-041,ST-B-09,0.2115,low
BASM-02223,0.0205,1.001,0.0653,OP-B-090,ST-B-14,0.1593,low
BASM-02224,0.0307,1.232,0.0667,OP-B-002,ST-B-19,0.3901,medium
BASM-02225,0.0383,0.392,0.0241,OP-B-002,ST-B-12,0.5422,high
BASM-02226,0.0199,0.517,0.0186,OP-B-134,ST-B-17,0.2772,medium
BASM-02227,0.0073,0.724,0.0707,OP-B-068,ST-B-15,0.4505,medium
BASM-02228,0.011,1.139,0.1725,OP-B-144,ST-B-29,0.5277,high
BASM-02229,0.0217,0.983,0.0166,OP-B-069,ST-B-27,0.0359,low
BASM-02230,0.0056,0.686,0.089,OP-B-036,ST-B-06,0.4852,medium
BASM-02231,0.0321,0.422,0.1001,OP-B-021,ST-B-25,0.578,high
BASM-02232,0.0227,1.173,0.0689,OP-B-024,ST-B-05,0.2757,medium
BASM-02233,0.0218,0.621,0.0569,OP-B-078,ST-B-23,0.3474,medium
BASM-02234,0.0385,0.535,0.0966,OP-B-007,ST-B-12,0.5814,high
BASM-02235,0.0095,0.622,0.0346,OP-B-147,ST-B-20,0.3474,medium
BASM-02236,0.0096,0.81,0.0914,OP-B-120,ST-B-18,0.4255,medium
BASM-02237,0.0152,1.303,0.0623,OP-B-035,ST-B-13,0.2616,medium
BASM-02238,0.0154,1.377,0.0821,OP-B-021,ST-B-29,0.3669,medium
BASM-02239,0.023,1.117,0.0477,OP-B-094,ST-B-09,0.2546,medium
BASM-02240,0.0054,1.552,0.0986,OP-B-092,ST-B-09,0.5519,high
BASM-02241,0.0079,0.552,0.0871,OP-B-123,ST-B-06,0.4988,medium
BASM-02242,0.0279,1.191,0.1229,OP-B-124,ST-B-09,0.5074,high
BASM-02243,0.0207,1.044,0.0326,OP-B-021,ST-B-13,0.0838,low
BASM-02244,0.0046,0.804,0.0925,OP-B-076,ST-B-22,0.4235,medium
BASM-02245,0.0172,0.551,0.22,OP-B-099,ST-B-09,0.5348,high
BASM-02246,0.0232,1.157,0.0779,OP-B-125,ST-B-16,0.3523,medium
BASM-02247,0.0216,0.926,0.0572,OP-B-110,ST-B-29,0.2331,low
BASM-02248,0.0042,1.201,0.0444,OP-B-030,ST-B-16,0.3347,medium
BASM-02249,0.0206,0.865,0.0579,OP-B-083,ST-B-27,0.2247,low
BASM-02250,0.0194,0.576,0.0461,OP-B-107,ST-B-21,0.265,medium
BASM-02251,0.011,0.783,0.0885,OP-B-096,ST-B-13,0.3321,medium
BASM-02252,0.0021,0.539,0.0049,OP-B-014,ST-B-03,0.4006,medium
BASM-02253,0.0169,0.938,0.0809,OP-B-087,ST-B-20,0.1913,low
BASM-02254,0.0174,0.773,0.0269,OP-B-086,ST-B-04,0.166,low
BASM-02255,0.0269,0.664,0.0523,OP-B-050,ST-B-06,0.3633,medium
BASM-02256,0.0066,1.143,0.1662,OP-B-023,ST-B-30,0.5333,high
BASM-02257,0.0088,0.913,0.0938,OP-B-110,ST-B-02,0.299,medium
BASM-02258,0.0309,1.026,0.0087,OP-B-023,ST-B-10,0.1882,low
BASM-02259,0.0242,1.247,0.0324,OP-B-073,ST-B-22,0.2651,medium
BASM-02260,0.0291,0.689,0.0063,OP-B-032,ST-B-10,0.2877,medium
BASM-02261,0.0056,0.891,0.0252,OP-B-135,ST-B-11,0.2436,low
BASM-02262,0.0137,0.854,0.0203,OP-B-010,ST-B-27,0.1033,low
BASM-02263,-0.0034,1.236,0.0672,OP-B-094,ST-B-14,0.5633,high
BASM-02264,0.0232,0.528,0.1606,OP-B-040,ST-B-24,0.5843,high
BASM-02265,0.0329,1.31,0.0333,OP-B-105,ST-B-14,0.3193,medium
BASM-02266,0.0394,0.952,0.0193,OP-B-012,ST-B-07,0.3149,medium
BASM-02267,0.0261,0.92,0.0515,OP-B-026,ST-B-10,0.256,medium
BASM-02268,0.0177,0.519,0.0215,OP-B-047,ST-B-25,0.2724,medium
BASM-02269,0.0138,1.126,0.1085,OP-B-075,ST-B-18,0.2287,low
BASM-02270,0.0204,1.019,0.058,OP-B-069,ST-B-03,0.2082,low
BASM-02271,0.0157,1.176,0.0519,OP-B-115,ST-B-02,0.1797,low
BASM-02272,0.0361,0.622,0.0731,OP-B-091,ST-B-25,0.5781,high
BASM-02273,0.0277,0.715,0.0838,OP-B-128,ST-B-11,0.3899,medium
BASM-02274,0.0001,0.8,0.0259,OP-B-076,ST-B-24,0.3783,medium
BASM-02275,0.0141,0.56,0.0397,OP-B-103,ST-B-27,0.3274,medium
BASM-02276,0.0173,0.322,0.0358,OP-B-098,ST-B-18,0.358,medium
BASM-02277,0.0191,0.839,0.0264,OP-B-007,ST-B-04,0.1746,low
BASM-02278,0.0056,1.146,0.0962,OP-B-083,ST-B-24,0.3983,medium
BASM-02279,0.0403,0.838,0.1939,OP-B-086,ST-B-04,0.7315,high
BASM-02280,0.0198,1.216,0.0418,OP-B-067,ST-B-22,0.2557,medium
BASM-02281,0.0189,1.082,0.0631,OP-B-100,ST-B-01,0.1917,low
BASM-02282,0.0191,0.705,0.0475,OP-B-057,ST-B-19,0.1813,low
BASM-02283,0.011,1.088,0.0277,OP-B-088,ST-B-15,0.1699,low
BASM-02284,0.0319,0.824,0.0414,OP-B-140,ST-B-23,0.3083,medium
BASM-02285,0.0417,0.927,0.039,OP-B-094,ST-B-04,0.4858,medium
BASM-02286,0.0198,0.326,0.0135,OP-B-089,ST-B-30,0.291,medium
BASM-02287,0.0266,1.201,0.1024,OP-B-113,ST-B-02,0.4118,medium
BASM-02288,0.0254,1.12,0.029,OP-B-102,ST-B-10,0.1478,low
BASM-02289,0.0286,0.711,0.0107,OP-B-132,ST-B-04,0.3028,medium
BASM-02290,0.026,0.839,0.0641,OP-B-038,ST-B-03,0.3193,medium
BASM-02291,0.0133,1.243,0.0465,OP-B-145,ST-B-23,0.3212,medium
BASM-02292,0.0136,0.585,0.0409,OP-B-050,ST-B-06,0.3467,medium
BASM-02293,0.0161,1.2,0.0529,OP-B-037,ST-B-04,0.2212,low
BASM-02294,0.0216,0.569,0.0237,OP-B-073,ST-B-29,0.2374,low
BASM-02295,0.0304,1.116,0.1494,OP-B-077,ST-B-05,0.4725,medium
BASM-02296,0.0257,0.92,0.0328,OP-B-094,ST-B-02,0.1766,low
BASM-02297,0.013,1.416,0.0704,OP-B-150,ST-B-25,0.3216,medium
BASM-02298,0.0038,0.701,0.0298,OP-B-100,ST-B-20,0.3814,medium
BASM-02299,0.0347,0.763,0.0154,OP-B-018,ST-B-16,0.3081,medium
BASM-02300,0.0223,0.518,0.078,OP-B-145,ST-B-29,0.4196,medium
BASM-02301,0.0126,1.247,0.0571,OP-B-005,ST-B-04,0.3198,medium
BASM-02302,0.0184,0.782,0.0067,OP-B-131,ST-B-13,0.0971,low
BASM-02303,0.0031,1.089,0.0431,OP-B-053,ST-B-23,0.3224,medium
BASM-02304,0.0126,1.255,0.0395,OP-B-088,ST-B-28,0.3059,medium
BASM-02305,0.0104,1.563,0.0263,OP-B-039,ST-B-30,0.3197,medium
BASM-02306,0.015,0.826,0.0107,OP-B-112,ST-B-21,0.0927,low
BASM-02307,0.0012,1.277,0.0364,OP-B-134,ST-B-25,0.3837,medium
BASM-02308,0.0293,0.661,0.0201,OP-B-141,ST-B-05,0.3355,medium
BASM-02309,0.0141,0.556,0.0777,OP-B-095,ST-B-04,0.3391,medium
BASM-02310,0.0159,1.263,0.0021,OP-B-036,ST-B-02,0.1399,low
BASM-02311,0.0083,1.009,0.0286,OP-B-037,ST-B-16,0.222,low
BASM-02312,0.0285,1.154,0.0479,OP-B-017,ST-B-06,0.3501,medium
BASM-02313,0.0127,0.683,0.045,OP-B-075,ST-B-17,0.2392,low
BASM-02314,0.0158,1.207,0.06,OP-B-013,ST-B-16,0.2347,low
BASM-02315,0.0066,0.626,0.0867,OP-B-099,ST-B-19,0.4551,medium
BASM-02316,0.018,0.826,0.0183,OP-B-074,ST-B-14,0.0896,low
BASM-02317,0.0284,1.825,0.1057,OP-B-053,ST-B-08,0.6993,high
BASM-02318,0.0259,0.939,0.012,OP-B-102,ST-B-28,0.1042,low
BASM-02319,0.0312,1.473,0.0949,OP-B-144,ST-B-03,0.525,high
BASM-02320,0.0146,0.718,0.0991,OP-B-045,ST-B-08,0.3189,medium
BASM-02321,0.0017,0.399,0.0306,OP-B-142,ST-B-03,0.4373,medium
BASM-02322,0.0299,1.297,0.1114,OP-B-040,ST-B-26,0.4961,medium
BASM-02323,0.0179,1.138,0.0662,OP-B-062,ST-B-23,0.2272,low
BASM-02324,0.0159,1.023,0.081,OP-B-075,ST-B-20,0.1872,low
BASM-02325,0.0166,1.139,0.0779,OP-B-024,ST-B-28,0.2651,medium
BASM-02326,0.0008,0.994,0.0557,OP-B-098,ST-B-04,0.3162,medium
BASM-02327,0.0095,0.989,0.045,OP-B-009,ST-B-01,0.223,low
BASM-02328,0.0182,0.589,0.034,OP-B-043,ST-B-01,0.2406,low
BASM-02329,0.0213,1.269,0.146,OP-B-114,ST-B-04,0.4836,medium
BASM-02330,0.0096,0.69,0.1562,OP-B-074,ST-B-08,0.5458,high
BASM-02331,0.0072,0.809,0.0996,OP-B-099,ST-B-18,0.4644,medium
BASM-02332,0.015,1.275,0.0459,OP-B-053,ST-B-19,0.2,low
BASM-02333,0.012,1.307,0.0515,OP-B-019,ST-B-21,0.2947,medium
BASM-02334,-0.0014,0.873,0.0578,OP-B-098,ST-B-12,0.372,medium
BASM-02335,0.0153,1.128,0.1125,OP-B-044,ST-B-11,0.3339,medium
BASM-02336,0.0215,0.852,0.1051,OP-B-067,ST-B-28,0.3632,medium
BASM-02337,0.0288,1.292,0.0533,OP-B-093,ST-B-01,0.3759,medium
BASM-02338,0.0151,1.062,0.016,OP-B-105,ST-B-03,0.0684,low
BASM-02339,0.0322,0.812,0.0878,OP-B-127,ST-B-22,0.4879,medium
BASM-02340,0.0147,0.761,0.071,OP-B-104,ST-B-18,0.3102,medium
BASM-02341,0.0217,1.018,0.0889,OP-B-112,ST-B-03,0.2778,medium
BASM-02342,0.0141,1.491,0.1447,OP-B-121,ST-B-02,0.5205,high
BASM-02343,0.0082,0.732,0.0192,OP-B-011,ST-B-13,0.2263,low
BASM-02344,0.0061,0.576,0.069,OP-B-058,ST-B-02,0.4734,medium
BASM-02345,0.0123,1.422,0.0071,OP-B-020,ST-B-12,0.2608,medium
BASM-02346,0.0116,0.652,0.0863,OP-B-136,ST-B-18,0.3685,medium
BASM-02347,0.0094,1.091,0.1585,OP-B-019,ST-B-22,0.4854,medium
BASM-02348,0.0283,1.493,0.0671,OP-B-144,ST-B-24,0.5488,high
BASM-02349,-0.0012,1.609,0.0097,OP-B-013,ST-B-14,0.5401,high
BASM-02350,0.0088,0.979,0.0054,OP-B-035,ST-B-27,0.1276,low
BASM-02351,0.0153,1.053,0.0777,OP-B-028,ST-B-21,0.2585,medium
BASM-02352,0.0153,1.272,0.0057,OP-B-124,ST-B-27,0.1477,low
BASM-02353,0.0278,1.085,0.1074,OP-B-061,ST-B-19,0.2936,medium
BASM-02354,0.0097,1.062,0.0375,OP-B-095,ST-B-01,0.2093,low
BASM-02355,0.0134,1.014,0.1027,OP-B-121,ST-B-15,0.2682,medium
BASM-02356,0.0248,0.761,0.0793,OP-B-112,ST-B-21,0.3502,medium
BASM-02357,0.0202,1.106,0.0703,OP-B-049,ST-B-18,0.2152,low
BASM-02358,0.0166,1.047,0.0553,OP-B-121,ST-B-21,0.1742,low
BASM-02359,0.0044,0.988,0.002,OP-B-020,ST-B-20,0.181,low
BASM-02360,0.0239,1.178,0.0173,OP-B-052,ST-B-12,0.143,low
BASM-02361,0.0042,0.819,0.078,OP-B-118,ST-B-27,0.4266,medium
BASM-02362,0.0373,0.757,0.0297,OP-B-020,ST-B-02,0.3442,medium
BASM-02363,0.0117,1.106,0.0589,OP-B-013,ST-B-20,0.2339,low
BASM-02364,0.0187,0.837,0.118,OP-B-051,ST-B-30,0.2805,medium
BASM-02365,0.0238,0.522,0.1293,OP-B-069,ST-B-07,0.5115,high
BASM-02366,0.0236,0.862,0.0261,OP-B-066,ST-B-22,0.1725,low
BASM-02367,0.0176,1.349,0.1046,OP-B-053,ST-B-16,0.3748,medium
BASM-02368,0.0106,1.186,0.1118,OP-B-076,ST-B-28,0.4289,medium
BASM-02369,0.0093,0.631,0.0459,OP-B-012,ST-B-11,0.3971,medium
BASM-02370,0.0199,0.899,0.0545,OP-B-076,ST-B-27,0.1949,low
BASM-02371,0.0191,0.714,0.1056,OP-B-123,ST-B-16,0.3527,medium
BASM-02372,0.0261,1.237,0.0136,OP-B-038,ST-B-07,0.2302,low
BASM-02373,0.0211,1.221,0.0094,OP-B-014,ST-B-20,0.1719,low
BASM-02374,0.0202,1.078,0.1103,OP-B-037,ST-B-09,0.2804,medium
BASM-02375,0.0243,1.223,0.0217,OP-B-075,ST-B-30,0.1616,low
BASM-02376,0.0237,1.316,0.0525,OP-B-121,ST-B-15,0.3051,medium
BASM-02377,0.0189,1.508,0.0869,OP-B-149,ST-B-03,0.3879,medium
BASM-02378,0.0186,1.302,0.0089,OP-B-061,ST-B-23,0.1411,low
BASM-02379,0.025,0.867,0.039,OP-B-052,ST-B-30,0.2315,low
BASM-02380,0.0198,0.976,0.1303,OP-B-127,ST-B-20,0.2958,medium
BASM-02381,0.0002,0.961,0.0787,OP-B-048,ST-B-20,0.4013,medium
BASM-02382,-0.006,0.645,0.1481,OP-B-094,ST-B-02,0.7736,critical
BASM-02383,0.0286,1.355,0.0055,OP-B-108,ST-B-11,0.286,medium
BASM-02384,0.0064,1.17,0.0308,OP-B-007,ST-B-06,0.2988,medium
BASM-02385,0.0214,0.643,0.0128,OP-B-002,ST-B-15,0.204,low
BASM-02386,-0.006,0.782,0.1352,OP-B-018,ST-B-02,0.7206,high
BASM-02387,0.0063,1.119,0.1968,OP-B-030,ST-B-15,0.5538,high
BASM-02388,0.0114,0.419,0.1226,OP-B-064,ST-B-08,0.5286,high
BASM-02389,0.0128,1.256,0.0327,OP-B-088,ST-B-02,0.2235,low
BASM-02390,0.0256,1.49,0.066,OP-B-063,ST-B-24,0.4263,medium
BASM-02391,0.0296,0.826,0.0228,OP-B-024,ST-B-21,0.251,medium
BASM-02392,0.0204,0.901,0.0661,OP-B-052,ST-B-14,0.1708,low
BASM-02393,0.0122,1.405,0.052,OP-B-147,ST-B-21,0.313,medium
BASM-02394,0.0046,0.845,0.056,OP-B-031,ST-B-11,0.357,medium
BASM-02395,0.0123,1.128,0.0891,OP-B-060,ST-B-24,0.3002,medium
BASM-02396,0.0232,0.778,0.0794,OP-B-055,ST-B-23,0.3711,medium
BASM-02397,0.0225,1.036,0.0364,OP-B-040,ST-B-12,0.1668,low
BASM-02398,0.0103,0.887,0.22,OP-B-036,ST-B-30,0.4757,medium
BASM-02399,0.0093,0.32,0.0423,OP-B-074,ST-B-12,0.4854,medium
BASM-02400,0.0127,1.196,0.0523,OP-B-059,ST-B-15,0.2223,low
BASM-02401,0.0186,1.504,0.1032,OP-B-083,ST-B-05,0.3899,medium
BASM-02402,0.0193,0.579,0.0767,OP-B-069,ST-B-16,0.3702,medium
BASM-02403,0.0228,1.194,0.1234,OP-B-126,ST-B-30,0.3622,medium
BASM-02404,0.0233,0.746,0.0915,OP-B-062,ST-B-25,0.2904,medium
BASM-02405,0.0219,0.607,0.064,OP-B-017,ST-B-03,0.3012,medium
BASM-02406,0.0252,0.903,0.0167,OP-B-130,ST-B-10,0.1849,low
BASM-02407,0.0266,0.927,0.0921,OP-B-067,ST-B-08,0.2703,medium
BASM-02408,0.0146,1.079,0.0341,OP-B-008,ST-B-17,0.1424,low
BASM-02409,0.0159,0.896,0.0874,OP-B-110,ST-B-07,0.279,medium
BASM-02410,0.0067,0.674,0.0577,OP-B-010,ST-B-09,0.3382,medium
BASM-02411,0.027,1.067,0.0794,OP-B-050,ST-B-29,0.2666,medium
BASM-02412,0.0192,0.513,0.0346,OP-B-106,ST-B-09,0.3044,medium
BASM-02413,0.0285,0.592,0.0996,OP-B-044,ST-B-20,0.5209,high
BASM-02414,0.012,0.963,0.1186,OP-B-066,ST-B-02,0.3143,medium
BASM-02415,0.0234,1.081,0.1058,OP-B-042,ST-B-06,0.4043,medium
BASM-02416,-0.0014,0.8,0.0499,OP-B-021,ST-B-23,0.4816,medium
BASM-02417,0.0173,1.279,0.0152,OP-B-056,ST-B-18,0.1703,low
BASM-02418,0.0222,1.207,0.115,OP-B-078,ST-B-12,0.3787,medium
BASM-02419,0.0209,1.117,0.0726,OP-B-035,ST-B-18,0.2654,medium
BASM-02420,0.0045,0.929,0.0185,OP-B-019,ST-B-23,0.1635,low
BASM-02421,0.0252,0.638,0.0328,OP-B-101,ST-B-18,0.2542,medium
BASM-02422,0.0336,0.928,0.096,OP-B-050,ST-B-15,0.434,medium
BASM-02423,0.0424,1.011,0.0642,OP-B-116,ST-B-11,0.4711,medium
BASM-02424,0.0261,1.042,0.006,OP-B-104,ST-B-27,0.1057,low
BASM-02425,0.0168,0.88,0.0414,OP-B-016,ST-B-23,0.15,low
BASM-02426,0.0309,0.932,0.0397,OP-B-057,ST-B-03,0.3044,medium
BASM-02427,0.0173,1.294,0.0115,OP-B-041,ST-B-15,0.1833,low
BASM-02428,0.0183,1.209,0.0129,OP-B-074,ST-B-04,0.1089,low
BASM-02429,0.006,1.022,0.0341,OP-B-001,ST-B-21,0.2404,low
BASM-02430,0.0089,0.861,0.0273,OP-B-026,ST-B-13,0.2396,low
BASM-02431,0.0231,0.92,0.091,OP-B-100,ST-B-27,0.2759,medium
BASM-02432,0.0285,0.668,0.0063,OP-B-150,ST-B-06,0.2724,medium
BASM-02433,0.0138,0.517,0.0571,OP-B-052,ST-B-06,0.3732,medium
BASM-02434,-0.001,0.472,0.0454,OP-B-033,ST-B-24,0.606,high
BASM-02435,0.0114,0.711,0.0884,OP-B-108,ST-B-10,0.3705,medium
BASM-02436,0.0237,0.761,0.068,OP-B-016,ST-B-02,0.2827,medium
BASM-02437,0.0033,0.631,0.0039,OP-B-148,ST-B-27,0.395,medium
BASM-02438,0.0149,0.927,0.0486,OP-B-089,ST-B-04,0.1544,low
BASM-02439,0.0182,0.617,0.0531,OP-B-108,ST-B-09,0.2876,medium
BASM-02440,0.0095,0.959,0.0979,OP-B-031,ST-B-25,0.3336,medium
BASM-02441,0.0156,1.274,0.0062,OP-B-061,ST-B-06,0.1161,low
BASM-02442,0.0258,1.228,0.0122,OP-B-033,ST-B-27,0.1503,low
BASM-02443,0.0256,0.944,0.0468,OP-B-059,ST-B-02,0.1916,low
BASM-02444,0.0373,0.939,0.0641,OP-B-135,ST-B-06,0.3513,medium
BASM-02445,0.0225,1.495,0.0663,OP-B-119,ST-B-20,0.3808,medium
BASM-02446,0.0153,1.166,0.0128,OP-B-082,ST-B-24,0.089,low
BASM-02447,0.0164,0.845,0.0113,OP-B-005,ST-B-11,0.1012,low
BASM-02448,0.0266,1.416,0.0423,OP-B-133,ST-B-05,0.343,medium
BASM-02449,0.0162,1.514,0.0815,OP-B-015,ST-B-06,0.3731,medium
BASM-02450,0.0056,1.398,0.0639,OP-B-043,ST-B-30,0.3804,medium
BASM-02451,0.0145,0.81,0.052,OP-B-147,ST-B-07,0.2517,medium
BASM-02452,0.0309,0.583,0.0887,OP-B-012,ST-B-27,0.4843,medium
BASM-02453,0.0322,0.886,0.0236,OP-B-116,ST-B-07,0.319,medium
BASM-02454,0.011,1.123,0.0107,OP-B-123,ST-B-30,0.1894,low
BASM-02455,0.0107,1.302,0.0436,OP-B-118,ST-B-15,0.336,medium
BASM-02456,0.0273,1.261,0.0275,OP-B-003,ST-B-01,0.258,medium
BASM-02457,0.0124,0.752,0.0608,OP-B-012,ST-B-04,0.2752,medium
BASM-02458,0.0371,1.09,0.0322,OP-B-065,ST-B-14,0.3193,medium
BASM-02459,0.026,0.721,0.0226,OP-B-045,ST-B-16,0.2422,low
BASM-02460,0.0264,1.04,0.0281,OP-B-027,ST-B-27,0.1635,low
BASM-02461,0.0182,0.618,0.0406,OP-B-121,ST-B-29,0.2693,medium
BASM-02462,0.0125,0.791,0.0698,OP-B-047,ST-B-04,0.2821,medium
BASM-02463,0.0402,1.304,0.0757,OP-B-080,ST-B-04,0.6019,high
BASM-02464,0.0243,0.511,0.0318,OP-B-116,ST-B-09,0.3282,medium
BASM-02465,0.0217,0.502,0.0601,OP-B-112,ST-B-02,0.4207,medium
BASM-02466,0.0127,0.692,0.0605,OP-B-128,ST-B-14,0.3132,medium
BASM-02467,0.0196,1.088,0.0921,OP-B-091,ST-B-12,0.2459,low
BASM-02468,0.0093,1.322,0.0526,OP-B-120,ST-B-29,0.2944,medium
BASM-02469,0.0095,1.028,0.0141,OP-B-044,ST-B-27,0.1501,low
BASM-02470,0.0094,0.537,0.0264,OP-B-129,ST-B-03,0.3443,medium
BASM-02471,0.0064,0.971,0.0437,OP-B-094,ST-B-21,0.2547,medium
BASM-02472,0.021,1.481,0.0317,OP-B-051,ST-B-09,0.3225,medium
BASM-02473,0.0336,0.89,0.0886,OP-B-095,ST-B-22,0.4726,medium
BASM-02474,0.0215,0.965,0.0733,OP-B-008,ST-B-22,0.1918,low
BASM-02475,0.0253,1.641,0.0629,OP-B-058,ST-B-08,0.4817,medium
BASM-02476,0.0291,1.091,0.0262,OP-B-018,ST-B-12,0.1959,low
BASM-02477,0.0104,0.905,0.0318,OP-B-068,ST-B-24,0.1927,low
BASM-02478,0.0358,0.655,0.0503,OP-B-030,ST-B-22,0.5047,high
BASM-02479,0.0188,1.092,0.1554,OP-B-133,ST-B-18,0.3668,medium
BASM-02480,0.013,1.267,0.0326,OP-B-031,ST-B-07,0.2384,low
BASM-02481,0.0297,1.354,0.0235,OP-B-076,ST-B-18,0.3164,medium
BASM-02482,0.0094,1.156,0.0734,OP-B-147,ST-B-16,0.3451,medium
BASM-02483,0.0261,0.939,0.0264,OP-B-053,ST-B-02,0.1908,low
BASM-02484,0.0178,1.042,0.0623,OP-B-123,ST-B-06,0.1575,low
BASM-02485,0.025,0.972,0.034,OP-B-068,ST-B-25,0.1464,low
BASM-02486,0.0266,0.915,0.016,OP-B-095,ST-B-08,0.1243,low
BASM-02487,0.0183,0.742,0.0697,OP-B-114,ST-B-17,0.2541,medium
BASM-02488,0.0288,1.561,0.0864,OP-B-018,ST-B-02,0.5398,high
BASM-02489,0.0075,0.689,0.0342,OP-B-015,ST-B-04,0.3422,medium
BASM-02490,0.0227,0.429,0.0689,OP-B-050,ST-B-27,0.4643,medium
BASM-02491,0.0183,1.182,0.0194,OP-B-068,ST-B-21,0.1685,low
BASM-02492,0.0,1.04,0.0565,OP-B-039,ST-B-02,0.3469,medium
BASM-02493,0.0117,0.919,0.0496,OP-B-122,ST-B-02,0.1911,low
BASM-02494,0.0241,1.24,0.0487,OP-B-080,ST-B-02,0.2567,medium
BASM-02495,0.0208,1.301,0.0233,OP-B-048,ST-B-03,0.2214,low
BASM-02496,0.0224,1.33,0.0468,OP-B-118,ST-B-08,0.234,low
BASM-02497,0.0099,1.047,0.0037,OP-B-124,ST-B-05,0.1458,low
BASM-02498,0.0252,0.732,0.0339,OP-B-132,ST-B-25,0.2932,medium
BASM-02499,0.0235,0.949,0.0169,OP-B-131,ST-B-02,0.1632,low
BASM-02500,0.0158,0.995,0.023,OP-B-036,ST-B-10,0.0505,low
BASM-02501,0.0204,0.661,0.0284,OP-B-096,ST-B-03,0.2491,low
BASM-02502,0.0125,1.074,0.0711,OP-B-029,ST-B-23,0.284,medium
BASM-02503,0.0083,1.077,0.0764,OP-B-024,ST-B-07,0.3029,medium
BASM-02504,0.016,1.217,0.0339,OP-B-004,ST-B-03,0.136,low
BASM-02505,0.0162,1.001,0.1436,OP-B-052,ST-B-07,0.3442,medium
BASM-02506,0.0158,1.128,0.0361,OP-B-066,ST-B-22,0.1765,low
BASM-02507,0.0363,1.301,0.0331,OP-B-150,ST-B-03,0.4176,medium
BASM-02508,0.0312,0.911,0.0321,OP-B-116,ST-B-07,0.2935,medium
BASM-02509,0.011,0.328,0.0783,OP-B-038,ST-B-12,0.4306,medium
BASM-02510,0.0178,0.82,0.0495,OP-B-030,ST-B-17,0.157,low
BASM-02511,0.0044,0.424,0.1101,OP-B-143,ST-B-21,0.6347,high
BASM-02512,0.0336,0.3,0.0348,OP-B-112,ST-B-20,0.5282,high
BASM-02513,0.0058,1.192,0.0122,OP-B-008,ST-B-30,0.245,low
BASM-02514,0.0195,1.257,0.0837,OP-B-071,ST-B-29,0.248,low
BASM-02515,0.0159,1.124,0.0322,OP-B-082,ST-B-15,0.1527,low
BASM-02516,0.0164,0.702,0.04,OP-B-077,ST-B-13,0.2369,low
BASM-02517,0.0042,1.388,0.0983,OP-B-002,ST-B-08,0.5254,high
BASM-02518,0.0034,0.752,0.1104,OP-B-133,ST-B-27,0.5518,high
BASM-02519,0.0023,0.832,0.0264,OP-B-120,ST-B-12,0.3095,medium
BASM-02520,0.0265,0.565,0.036,OP-B-069,ST-B-06,0.3937,medium
BASM-02521,0.0155,0.85,0.0201,OP-B-072,ST-B-12,0.0749,low
BASM-02522,0.0085,0.669,0.0469,OP-B-077,ST-B-07,0.3573,medium
BASM-02523,0.0012,1.359,0.0361,OP-B-101,ST-B-21,0.379,medium
BASM-02524,0.0097,1.064,0.0373,OP-B-038,ST-B-12,0.2096,low
BASM-02525,0.0164,0.626,0.0498,OP-B-032,ST-B-17,0.2603,medium
BASM-02526,0.0264,0.72,0.045,OP-B-141,ST-B-26,0.335,medium
BASM-02527,0.0307,0.659,0.1002,OP-B-093,ST-B-07,0.5142,high
BASM-02528,0.0068,0.955,0.0383,OP-B-128,ST-B-23,0.2229,low
BASM-02529,0.0183,1.235,0.0365,OP-B-094,ST-B-02,0.1229,low
BASM-02530,0.0273,0.796,0.0562,OP-B-020,ST-B-21,0.2636,medium
BASM-02531,0.0116,0.648,0.0379,OP-B-074,ST-B-03,0.3288,medium
BASM-02532,0.0303,0.904,0.1206,OP-B-011,ST-B-25,0.4651,medium
BASM-02533,0.0157,1.226,0.0152,OP-B-139,ST-B-15,0.1814,low
BASM-02534,0.0109,1.059,0.1239,OP-B-100,ST-B-27,0.419,medium
BASM-02535,0.0192,0.495,0.1067,OP-B-119,ST-B-04,0.4759,medium
BASM-02536,0.0171,0.815,0.0595,OP-B-083,ST-B-05,0.2496,low
BASM-02537,0.0307,1.111,0.0839,OP-B-142,ST-B-06,0.3772,medium
BASM-02538,0.013,0.763,0.0303,OP-B-125,ST-B-02,0.1821,low
BASM-02539,0.0246,1.268,0.0622,OP-B-026,ST-B-04,0.2563,medium
BASM-02540,0.019,0.983,0.1318,OP-B-007,ST-B-20,0.293,medium
BASM-02541,0.0114,0.605,0.1535,OP-B-126,ST-B-16,0.6242,high
BASM-02542,0.0202,0.639,0.1546,OP-B-039,ST-B-28,0.4978,medium
BASM-02543,0.0145,1.181,0.0419,OP-B-058,ST-B-27,0.245,low
BASM-02544,0.0198,0.686,0.0558,OP-B-097,ST-B-30,0.277,medium
BASM-02545,0.0102,0.746,0.0467,OP-B-131,ST-B-09,0.2778,medium
BASM-02546,0.0233,1.012,0.0341,OP-B-097,ST-B-01,0.1105,low
BASM-02547,0.0253,1.159,0.1156,OP-B-137,ST-B-10,0.4273,medium
BASM-02548,0.0279,0.617,0.0959,OP-B-150,ST-B-10,0.4293,medium
BASM-02549,0.0022,0.961,0.038,OP-B-064,ST-B-12,0.3502,medium
BASM-02550,0.0055,1.209,0.0734,OP-B-143,ST-B-15,0.4008,medium
BASM-02551,0.013,1.032,0.1352,OP-B-114,ST-B-25,0.3846,medium
BASM-02552,0.024,1.268,0.037,OP-B-024,ST-B-12,0.1847,low
BASM-02553,0.0165,1.094,0.0573,OP-B-016,ST-B-02,0.1958,low
BASM-02554,0.0175,1.122,0.0277,OP-B-024,ST-B-16,0.1519,low
BASM-02555,0.0146,0.73,0.0204,OP-B-140,ST-B-26,0.1978,low
BASM-02556,0.0071,0.688,0.0938,OP-B-074,ST-B-13,0.4433,medium
BASM-02557,0.0119,0.381,0.0359,OP-B-031,ST-B-02,0.4095,medium
BASM-02558,0.0075,1.077,0.0351,OP-B-004,ST-B-27,0.2168,low
BASM-02559,0.015,0.877,0.0749,OP-B-071,ST-B-18,0.2681,medium
BASM-02560,0.0193,0.701,0.0733,OP-B-022,ST-B-01,0.2526,medium
BASM-02561,0.0217,0.887,0.0459,OP-B-148,ST-B-05,0.1565,low
BASM-02562,0.0163,0.607,0.0752,OP-B-108,ST-B-06,0.3911,medium
BASM-02563,0.0115,1.093,0.0511,OP-B-141,ST-B-23,0.2842,medium
BASM-02564,0.0186,0.896,0.0422,OP-B-083,ST-B-29,0.1427,low
BASM-02565,0.0131,1.328,0.0294,OP-B-132,ST-B-16,0.1542,low
BASM-02566,0.0202,0.993,0.0526,OP-B-005,ST-B-05,0.1478,low
BASM-02567,0.0164,1.38,0.0266,OP-B-087,ST-B-19,0.1453,low
BASM-02568,0.0132,1.153,0.016,OP-B-133,ST-B-16,0.1831,low
BASM-02569,0.0121,0.495,0.0966,OP-B-086,ST-B-16,0.4845,medium
BASM-02570,0.0233,0.813,0.0268,OP-B-065,ST-B-07,0.1436,low
BASM-02571,0.0047,1.408,0.0247,OP-B-078,ST-B-06,0.4413,medium
BASM-02572,0.0185,0.97,0.0439,OP-B-142,ST-B-01,0.0836,low
BASM-02573,0.024,0.896,0.0144,OP-B-111,ST-B-19,0.1305,low
BASM-02574,0.0248,0.659,0.1076,OP-B-083,ST-B-01,0.468,medium
BASM-02575,0.0116,1.024,0.1381,OP-B-008,ST-B-26,0.3411,medium
BASM-02576,0.015,1.334,0.069,OP-B-033,ST-B-24,0.312,medium
BASM-02577,0.0216,1.056,0.0415,OP-B-044,ST-B-05,0.1046,low
BASM-02578,0.0146,0.736,0.0201,OP-B-132,ST-B-28,0.155,low
BASM-02579,0.004,1.71,0.1012,OP-B-124,ST-B-12,0.6525,high
BASM-02580,0.025,0.853,0.0652,OP-B-102,ST-B-11,0.3453,medium
BASM-02581,0.0044,0.575,0.0165,OP-B-111,ST-B-10,0.3867,medium
BASM-02582,0.018,0.85,0.0651,OP-B-042,ST-B-11,0.221,low
BASM-02583,0.0091,1.415,0.0373,OP-B-010,ST-B-25,0.3509,medium
BASM-02584,0.0087,0.98,0.0508,OP-B-010,ST-B-06,0.2333,low
BASM-02585,0.0135,1.078,0.0269,OP-B-060,ST-B-10,0.1619,low
BASM-02586,0.0103,1.053,0.0147,OP-B-022,ST-B-01,0.1006,low
BASM-02587,0.0212,1.189,0.1949,OP-B-022,ST-B-21,0.5083,high
BASM-02588,0.0098,1.08,0.0063,OP-B-003,ST-B-08,0.1087,low
BASM-02589,0.018,0.895,0.0326,OP-B-106,ST-B-09,0.0759,low
BASM-02590,0.0112,1.044,0.0682,OP-B-029,ST-B-14,0.2691,medium
BASM-02591,0.0062,1.054,0.0812,OP-B-090,ST-B-10,0.374,medium
BASM-02592,0.0319,1.479,0.0259,OP-B-132,ST-B-26,0.373,medium
BASM-02593,0.0206,1.571,0.1295,OP-B-052,ST-B-04,0.574,high
BASM-02594,-0.0006,1.088,0.0237,OP-B-007,ST-B-23,0.2636,medium
BASM-02595,0.0132,0.842,0.1389,OP-B-023,ST-B-16,0.3696,medium
BASM-02596,0.0201,0.992,0.0925,OP-B-010,ST-B-25,0.2755,medium
BASM-02597,0.0074,0.509,0.0573,OP-B-080,ST-B-26,0.4735,medium
BASM-02598,-0.0028,0.97,0.0461,OP-B-120,ST-B-03,0.3273,medium
BASM-02599,0.0167,1.558,0.101,OP-B-087,ST-B-25,0.436,medium
BASM-02600,0.0021,0.957,0.0385,OP-B-028,ST-B-21,0.2683,medium
BASM-02601,0.0166,1.656,0.0607,OP-B-146,ST-B-28,0.3708,medium
BASM-02602,0.0207,1.186,0.0154,OP-B-108,ST-B-18,0.1122,low
BASM-02603,0.0305,1.141,0.0362,OP-B-075,ST-B-17,0.3405,medium
BASM-02604,0.0256,1.042,0.0895,OP-B-112,ST-B-25,0.2735,medium
BASM-02605,0.016,0.577,0.0252,OP-B-040,ST-B-15,0.2307,low
BASM-02606,0.0249,0.841,0.0503,OP-B-067,ST-B-21,0.2123,low
BASM-02607,0.0126,1.182,0.0227,OP-B-043,ST-B-17,0.1962,low
BASM-02608,0.0081,1.144,0.0169,OP-B-123,ST-B-01,0.219,low
BASM-02609,0.0029,1.137,0.105,OP-B-129,ST-B-26,0.4849,medium
BASM-02610,0.0336,0.951,0.0486,OP-B-043,ST-B-18,0.295,medium
BASM-02611,0.0176,1.057,0.0882,OP-B-146,ST-B-13,0.3232,medium
BASM-02612,0.0227,1.202,0.0169,OP-B-006,ST-B-11,0.1734,low
BASM-02613,0.0215,1.367,0.0975,OP-B-051,ST-B-10,0.3948,medium
BASM-02614,0.0398,0.833,0.0126,OP-B-098,ST-B-18,0.3417,medium
BASM-02615,0.0096,0.917,0.22,OP-B-101,ST-B-02,0.4829,medium
BASM-02616,0.03,0.793,0.0558,OP-B-011,ST-B-22,0.3473,medium
BASM-02617,0.027,0.742,0.0434,OP-B-055,ST-B-25,0.2264,low
BASM-02618,0.0243,1.281,0.0811,OP-B-072,ST-B-15,0.3923,medium
BASM-02619,0.0197,1.251,0.22,OP-B-054,ST-B-14,0.5216,high
BASM-02620,0.0231,0.655,0.1201,OP-B-040,ST-B-24,0.466,medium
BASM-02621,-0.0001,1.621,0.0312,OP-B-044,ST-B-10,0.5671,high
BASM-02622,0.01,0.847,0.017,OP-B-051,ST-B-24,0.114,low
BASM-02623,0.0213,1.074,0.0564,OP-B-114,ST-B-07,0.1633,low
BASM-02624,0.0174,1.403,0.0598,OP-B-084,ST-B-22,0.3298,medium
BASM-02625,0.0137,1.116,0.0709,OP-B-139,ST-B-17,0.2706,medium
BASM-02626,0.0205,1.061,0.0733,OP-B-057,ST-B-08,0.239,low
BASM-02627,0.0263,0.733,0.0756,OP-B-031,ST-B-26,0.4176,medium
BASM-02628,0.0279,0.677,0.0142,OP-B-118,ST-B-23,0.2849,medium
BASM-02629,0.0093,0.728,0.0176,OP-B-117,ST-B-09,0.3221,medium
BASM-02630,0.0369,0.647,0.0171,OP-B-097,ST-B-27,0.4585,medium
BASM-02631,0.0274,1.195,0.0042,OP-B-023,ST-B-27,0.2772,medium
BASM-02632,0.0123,0.965,0.0135,OP-B-030,ST-B-04,0.1241,low
BASM-02633,0.0265,1.46,0.1862,OP-B-033,ST-B-02,0.6845,high
BASM-02634,0.0141,1.046,0.0376,OP-B-130,ST-B-22,0.1543,low
BASM-02635,0.0157,1.272,0.0195,OP-B-089,ST-B-07,0.2061,low
BASM-02636,0.0128,0.402,0.0173,OP-B-024,ST-B-26,0.3436,medium
BASM-02637,0.0162,1.659,0.0263,OP-B-149,ST-B-06,0.3384,medium
BASM-02638,0.0233,1.297,0.04,OP-B-105,ST-B-14,0.2804,medium
BASM-02639,0.0284,0.701,0.0513,OP-B-084,ST-B-17,0.3624,medium
BASM-02640,0.0125,0.702,0.0699,OP-B-121,ST-B-10,0.3649,medium
BASM-02641,0.0332,0.432,0.039,OP-B-136,ST-B-05,0.5391,high
BASM-02642,0.013,1.241,0.121,OP-B-024,ST-B-09,0.3714,medium
BASM-02643,0.0137,0.908,0.0299,OP-B-039,ST-B-02,0.1111,low
BASM-02644,0.0293,1.033,0.0152,OP-B-054,ST-B-26,0.2021,low
BASM-02645,0.0166,1.059,0.0671,OP-B-033,ST-B-10,0.1677,low
BASM-02646,0.008,1.085,0.1875,OP-B-087,ST-B-23,0.5584,high
BASM-02647,0.0312,0.927,0.0287,OP-B-065,ST-B-21,0.2073,low
BASM-02648,0.0215,0.761,0.0487,OP-B-038,ST-B-28,0.1946,low
BASM-02649,0.0156,0.616,0.0534,OP-B-122,ST-B-18,0.2928,medium
BASM-02650,0.0187,1.187,0.0375,OP-B-004,ST-B-23,0.2171,low
BASM-02651,0.0305,0.979,0.0576,OP-B-114,ST-B-15,0.3095,medium
BASM-02652,0.008,0.989,0.0369,OP-B-084,ST-B-29,0.1995,low
BASM-02653,0.018,0.924,0.142,OP-B-052,ST-B-24,0.3493,medium
BASM-02654,0.0259,1.148,0.0787,OP-B-083,ST-B-27,0.2783,medium
BASM-02655,0.0267,0.779,0.0281,OP-B-056,ST-B-06,0.3153,medium
BASM-02656,0.0236,1.016,0.0135,OP-B-070,ST-B-21,0.1192,low
BASM-02657,0.0179,1.215,0.0022,OP-B-078,ST-B-23,0.1109,low
BASM-02658,0.02,1.103,0.0362,OP-B-096,ST-B-07,0.1501,low
BASM-02659,0.0085,0.442,0.0717,OP-B-084,ST-B-27,0.5251,high
BASM-02660,0.026,0.751,0.0239,OP-B-017,ST-B-09,0.2425,low
BASM-02661,0.0255,0.819,0.0606,OP-B-031,ST-B-26,0.301,medium
BASM-02662,0.0134,0.667,0.0494,OP-B-137,ST-B-29,0.2984,medium
BASM-02663,0.0186,0.657,0.0564,OP-B-054,ST-B-26,0.2606,medium
BASM-02664,0.0305,0.788,0.0354,OP-B-065,ST-B-04,0.3616,medium
BASM-02665,0.0119,1.108,0.1113,OP-B-069,ST-B-18,0.3825,medium
BASM-02666,0.0238,1.07,0.0215,OP-B-070,ST-B-18,0.1711,low
BASM-02667,0.0271,1.236,0.0937,OP-B-121,ST-B-05,0.3966,medium
BASM-02668,0.0165,0.703,0.0118,OP-B-051,ST-B-01,0.19,low
BASM-02669,0.0201,0.868,0.0486,OP-B-020,ST-B-24,0.145,low
BASM-02670,0.0319,1.248,0.1891,OP-B-026,ST-B-24,0.6784,high
BASM-02671,0.0087,1.049,0.0383,OP-B-136,ST-B-08,0.194,low
BASM-02672,0.018,1.078,0.1047,OP-B-121,ST-B-08,0.3069,medium
BASM-02673,0.0262,0.901,0.0277,OP-B-064,ST-B-14,0.183,low
BASM-02674,0.0244,1.071,0.0159,OP-B-007,ST-B-14,0.1673,low
BASM-02675,0.0195,1.015,0.0581,OP-B-125,ST-B-30,0.1451,low
BASM-02676,0.0037,1.013,0.0353,OP-B-048,ST-B-01,0.2158,low
BASM-02677,0.0208,0.972,0.0202,OP-B-096,ST-B-23,0.0384,low
BASM-02678,0.0062,1.247,0.0177,OP-B-061,ST-B-14,0.2638,medium
BASM-02679,0.0063,0.807,0.0126,OP-B-088,ST-B-13,0.2527,medium
BASM-02680,0.0144,0.577,0.0854,OP-B-030,ST-B-11,0.4012,medium
BASM-02681,0.0075,1.124,0.0757,OP-B-119,ST-B-01,0.3939,medium
BASM-02682,0.0069,0.666,0.0202,OP-B-132,ST-B-29,0.2777,medium
BASM-02683,0.0243,1.391,0.0125,OP-B-040,ST-B-20,0.2529,medium
BASM-02684,0.0109,1.258,0.0592,OP-B-055,ST-B-26,0.3161,medium
BASM-02685,0.0125,1.339,0.0071,OP-B-135,ST-B-28,0.2024,low
BASM-02686,0.0181,1.179,0.0517,OP-B-015,ST-B-03,0.1339,low
BASM-02687,0.0134,1.003,0.0446,OP-B-046,ST-B-02,0.1716,low
BASM-02688,0.0268,1.076,0.092,OP-B-054,ST-B-14,0.2863,medium
BASM-02689,0.0104,0.515,0.0212,OP-B-096,ST-B-26,0.3876,medium
BASM-02690,0.0229,1.169,0.098,OP-B-060,ST-B-04,0.3871,medium
BASM-02691,0.0102,1.626,0.0067,OP-B-059,ST-B-26,0.3926,medium
BASM-02692,0.0224,0.611,0.0645,OP-B-088,ST-B-30,0.3622,medium
BASM-02693,0.0039,1.267,0.1171,OP-B-113,ST-B-04,0.4963,medium
BASM-02694,0.0086,1.616,0.0142,OP-B-144,ST-B-11,0.3704,medium
BASM-02695,0.038,1.09,0.0588,OP-B-047,ST-B-25,0.4306,medium
BASM-02696,0.019,1.17,0.0945,OP-B-006,ST-B-01,0.3019,medium
BASM-02697,0.0226,0.878,0.0552,OP-B-123,ST-B-01,0.2287,low
BASM-02698,0.0153,0.93,0.0275,OP-B-057,ST-B-14,0.1285,low
BASM-02699,0.0141,0.802,0.0214,OP-B-127,ST-B-16,0.1774,low
BASM-02700,0.0239,1.364,0.0557,OP-B-113,ST-B-13,0.2964,medium
BASM-02701,0.0226,0.654,0.0315,OP-B-144,ST-B-07,0.2641,medium
BASM-02702,0.0031,0.852,0.0474,OP-B-122,ST-B-22,0.4031,medium
BASM-02703,0.0237,1.265,0.1563,OP-B-102,ST-B-26,0.5342,high
BASM-02704,0.0213,1.224,0.0557,OP-B-080,ST-B-17,0.2436,low
BASM-02705,0.0185,1.351,0.0813,OP-B-054,ST-B-10,0.3061,medium
BASM-02706,0.016,1.248,0.0247,OP-B-043,ST-B-27,0.1955,low
BASM-02707,0.0371,1.31,0.0447,OP-B-117,ST-B-25,0.477,medium
BASM-02708,0.0208,0.853,0.003,OP-B-143,ST-B-21,0.0741,low
BASM-02709,0.0192,0.937,0.0498,OP-B-099,ST-B-16,0.1459,low
BASM-02710,0.0241,0.734,0.0267,OP-B-050,ST-B-11,0.2891,medium
BASM-02711,0.0092,0.559,0.1084,OP-B-045,ST-B-24,0.5044,high
BASM-02712,-0.0012,0.891,0.0061,OP-B-011,ST-B-08,0.3209,medium
BASM-02713,0.0143,1.126,0.0777,OP-B-120,ST-B-10,0.2433,low
BASM-02714,0.0172,1.032,0.0264,OP-B-131,ST-B-20,0.112,low
BASM-02715,0.0175,1.499,0.082,OP-B-046,ST-B-03,0.3702,medium
BASM-02716,0.0202,0.595,0.22,OP-B-104,ST-B-08,0.5839,high
BASM-02717,0.0096,0.595,0.0073,OP-B-075,ST-B-28,0.2592,medium
BASM-02718,0.0306,1.225,0.0253,OP-B-078,ST-B-08,0.3217,medium
BASM-02719,0.0156,1.273,0.1044,OP-B-128,ST-B-01,0.3785,medium
BASM-02720,0.0255,1.172,0.0731,OP-B-044,ST-B-15,0.3281,medium
BASM-02721,0.0138,0.61,0.0114,OP-B-035,ST-B-05,0.2372,low
BASM-02722,-0.006,1.336,0.0373,OP-B-014,ST-B-19,0.5262,high
BASM-02723,0.019,0.517,0.0429,OP-B-066,ST-B-18,0.2927,medium
BASM-02724,0.0054,1.199,0.0402,OP-B-092,ST-B-05,0.3183,medium
BASM-02725,0.0206,0.817,0.0937,OP-B-112,ST-B-20,0.3128,medium
BASM-02726,0.0072,1.062,0.1035,OP-B-106,ST-B-26,0.3517,medium
BASM-02727,0.0242,1.268,0.0192,OP-B-073,ST-B-25,0.209,low
BASM-02728,0.0089,0.502,0.0109,OP-B-149,ST-B-05,0.3972,medium
BASM-02729,0.0179,1.191,0.0234,OP-B-083,ST-B-30,0.1355,low
BASM-02730,0.0259,1.277,0.1372,OP-B-129,ST-B-11,0.5031,high
BASM-02731,0.0011,0.389,0.0069,OP-B-013,ST-B-15,0.4379,medium
BASM-02732,0.024,1.206,0.0458,OP-B-032,ST-B-20,0.2895,medium
BASM-02733,0.0108,0.491,0.043,OP-B-128,ST-B-25,0.3327,medium
BASM-02734,0.0216,0.955,0.08,OP-B-044,ST-B-24,0.2057,low
BASM-02735,0.0185,0.69,0.0407,OP-B-006,ST-B-10,0.1803,low
BASM-02736,0.0205,1.04,0.1244,OP-B-029,ST-B-04,0.3208,medium
BASM-02737,0.0087,1.064,0.0324,OP-B-009,ST-B-25,0.1819,low
BASM-02738,0.0251,0.519,0.009,OP-B-065,ST-B-12,0.364,medium
BASM-02739,0.0174,0.798,0.0127,OP-B-042,ST-B-05,0.1304,low
BASM-02740,0.0014,0.868,0.0659,OP-B-111,ST-B-29,0.3828,medium
BASM-02741,0.0113,1.404,0.0244,OP-B-041,ST-B-05,0.2551,medium
BASM-02742,0.0167,1.148,0.0748,OP-B-044,ST-B-13,0.2545,medium
BASM-02743,0.0306,1.227,0.0685,OP-B-053,ST-B-19,0.3631,medium
BASM-02744,0.0,1.869,0.0643,OP-B-109,ST-B-09,0.67,high
BASM-02745,0.0023,0.879,0.0241,OP-B-094,ST-B-19,0.3089,medium
BASM-02746,0.0139,1.153,0.0803,OP-B-043,ST-B-19,0.253,medium
BASM-02747,0.0315,1.285,0.0246,OP-B-135,ST-B-29,0.3264,medium
BASM-02748,0.0158,1.212,0.0933,OP-B-019,ST-B-29,0.3297,medium
BASM-02749,0.0113,0.785,0.05,OP-B-048,ST-B-29,0.2448,low
BASM-02750,0.0112,0.928,0.0532,OP-B-040,ST-B-05,0.262,medium
BASM-02751,0.0273,0.723,0.0724,OP-B-081,ST-B-17,0.3847,medium
BASM-02752,0.0141,0.791,0.0329,OP-B-058,ST-B-25,0.1807,low
BASM-02753,0.0173,0.666,0.0115,OP-B-004,ST-B-22,0.1325,low
BASM-02754,0.0121,1.303,0.0292,OP-B-127,ST-B-12,0.2293,low
BASM-02755,0.0226,0.378,0.0619,OP-B-099,ST-B-12,0.4761,medium
BASM-02756,0.0046,1.18,0.1318,OP-B-116,ST-B-28,0.5159,high
BASM-02757,0.0126,0.838,0.051,OP-B-108,ST-B-27,0.2974,medium
BASM-02758,0.0216,1.374,0.0197,OP-B-135,ST-B-29,0.1855,low
BASM-02759,0.0277,1.515,0.0483,OP-B-037,ST-B-18,0.4134,medium
BASM-02760,0.026,0.545,0.0466,OP-B-035,ST-B-06,0.3767,medium
BASM-02761,0.0016,1.398,0.0653,OP-B-088,ST-B-06,0.4902,medium
BASM-02762,0.0096,1.008,0.0462,OP-B-064,ST-B-09,0.2664,medium
BASM-02763,0.0317,1.169,0.0558,OP-B-068,ST-B-12,0.4236,medium
BASM-02764,0.021,0.986,0.0268,OP-B-120,ST-B-18,0.0635,low
BASM-02765,0.0078,0.616,0.0277,OP-B-085,ST-B-12,0.3329,medium
BASM-02766,0.0188,0.568,0.017,OP-B-012,ST-B-13,0.213,low
BASM-02767,0.0138,1.071,0.0495,OP-B-053,ST-B-18,0.1755,low
BASM-02768,0.023,1.078,0.0445,OP-B-056,ST-B-01,0.1452,low
BASM-02769,0.0202,1.146,0.0768,OP-B-099,ST-B-18,0.2409,low
BASM-02770,0.0125,0.688,0.0468,OP-B-138,ST-B-01,0.3371,medium
BASM-02771,0.0087,1.156,0.1096,OP-B-007,ST-B-03,0.3855,medium
BASM-02772,0.0239,1.278,0.0501,OP-B-001,ST-B-23,0.3354,medium
BASM-02773,0.0304,1.043,0.0499,OP-B-055,ST-B-16,0.3014,medium
BASM-02774,0.0336,1.14,0.0486,OP-B-106,ST-B-25,0.3714,medium
BASM-02775,0.0298,1.302,0.0284,OP-B-074,ST-B-03,0.2905,medium
BASM-02776,0.0022,0.608,0.0698,OP-B-058,ST-B-21,0.4937,medium
BASM-02777,0.0253,1.419,0.0194,OP-B-121,ST-B-02,0.3358,medium
BASM-02778,0.0033,0.697,0.0141,OP-B-141,ST-B-01,0.3841,medium
BASM-02779,0.0358,1.353,0.0321,OP-B-123,ST-B-11,0.4307,medium
BASM-02780,0.024,1.211,0.0201,OP-B-001,ST-B-03,0.2103,low
BASM-02781,0.0114,1.206,0.0633,OP-B-112,ST-B-28,0.276,medium
BASM-02782,0.0316,1.474,0.0384,OP-B-029,ST-B-17,0.4413,medium
BASM-02783,0.0159,1.547,0.0378,OP-B-060,ST-B-12,0.3646,medium
BASM-02784,0.0087,1.018,0.1175,OP-B-129,ST-B-28,0.2928,medium
BASM-02785,0.0142,1.197,0.0691,OP-B-145,ST-B-27,0.2185,low
BASM-02786,0.0069,0.646,0.048,OP-B-129,ST-B-05,0.4193,medium
BASM-02787,0.0196,0.737,0.0087,OP-B-007,ST-B-01,0.1382,low
BASM-02788,0.0276,0.473,0.0347,OP-B-086,ST-B-30,0.3539,medium
BASM-02789,0.0249,0.714,0.1494,OP-B-109,ST-B-07,0.5494,high
BASM-02790,0.0092,1.246,0.0272,OP-B-107,ST-B-10,0.267,medium
BASM-02791,0.0185,1.167,0.04,OP-B-068,ST-B-11,0.1231,low
BASM-02792,0.0199,1.523,0.0172,OP-B-030,ST-B-26,0.3372,medium
BASM-02793,0.0355,0.873,0.1056,OP-B-094,ST-B-13,0.4538,medium
BASM-02794,0.0058,0.603,0.1328,OP-B-098,ST-B-06,0.5763,high
BASM-02795,0.0122,1.014,0.0186,OP-B-009,ST-B-27,0.1114,low
BASM-02796,0.0204,1.137,0.0601,OP-B-075,ST-B-16,0.1855,low
BASM-02797,0.0307,1.523,0.109,OP-B-126,ST-B-04,0.5535,high
BASM-02798,0.0245,1.007,0.0473,OP-B-059,ST-B-19,0.1796,low
BASM-02799,0.0182,0.889,0.075,OP-B-108,ST-B-10,0.1772,low
BASM-02800,0.0199,1.446,0.0023,OP-B-098,ST-B-17,0.217,low
BASM-02801,0.0126,1.275,0.1369,OP-B-025,ST-B-10,0.4252,medium
BASM-02802,-0.0001,1.137,0.1578,OP-B-110,ST-B-23,0.6342,high
BASM-02803,0.0154,1.332,0.0303,OP-B-075,ST-B-03,0.2004,low
BASM-02804,0.0227,1.213,0.0629,OP-B-079,ST-B-30,0.2748,medium
BASM-02805,0.0124,0.892,0.0389,OP-B-032,ST-B-04,0.2002,low
BASM-02806,0.0108,0.876,0.0187,OP-B-085,ST-B-30,0.1351,low
BASM-02807,0.0193,1.342,0.015,OP-B-146,ST-B-15,0.1222,low
BASM-02808,0.0128,0.943,0.0399,OP-B-037,ST-B-24,0.1282,low
BASM-02809,0.0165,1.056,0.0816,OP-B-038,ST-B-08,0.2119,low
BASM-02810,0.024,0.999,0.0733,OP-B-068,ST-B-15,0.2892,medium
BASM-02811,0.0175,0.701,0.0068,OP-B-043,ST-B-16,0.0862,low
BASM-02812,0.0063,0.626,0.0237,OP-B-028,ST-B-10,0.2801,medium
BASM-02813,0.0297,0.518,0.0697,OP-B-030,ST-B-24,0.5019,high
BASM-02814,0.0191,1.369,0.0746,OP-B-104,ST-B-06,0.304,medium
BASM-02815,0.0242,0.646,0.0731,OP-B-115,ST-B-27,0.3035,medium
BASM-02816,0.024,0.979,0.0317,OP-B-015,ST-B-03,0.1016,low
BASM-02817,0.018,0.776,0.0125,OP-B-050,ST-B-22,0.1228,low
BASM-02818,0.0374,1.065,0.0931,OP-B-134,ST-B-19,0.4308,medium
BASM-02819,0.0114,0.932,0.0103,OP-B-052,ST-B-07,0.1094,low
BASM-02820,0.0133,0.945,0.0436,OP-B-028,ST-B-24,0.1684,low
BASM-02821,0.0133,1.385,0.0212,OP-B-036,ST-B-29,0.2429,low
BASM-02822,0.0038,0.876,0.0058,OP-B-001,ST-B-21,0.2165,low
BASM-02823,0.0163,0.849,0.0247,OP-B-077,ST-B-05,0.1578,low
BASM-02824,0.0265,0.76,0.0468,OP-B-077,ST-B-06,0.2998,medium
BASM-02825,0.0192,0.966,0.05,OP-B-073,ST-B-13,0.1007,low
BASM-02826,0.0241,1.124,0.0234,OP-B-051,ST-B-01,0.2032,low
BASM-02827,0.0177,1.243,0.0709,OP-B-022,ST-B-14,0.2586,medium
BASM-02828,0.0353,0.806,0.0924,OP-B-045,ST-B-13,0.5003,high
BASM-02829,0.0081,1.619,0.0218,OP-B-086,ST-B-15,0.3915,medium
BASM-02830,0.0275,0.644,0.0426,OP-B-004,ST-B-03,0.3468,medium
BASM-02831,0.0324,1.352,0.005,OP-B-080,ST-B-08,0.3731,medium
BASM-02832,0.0156,0.551,0.0433,OP-B-107,ST-B-29,0.3477,medium
BASM-02833,-0.0003,1.249,0.0642,OP-B-046,ST-B-16,0.4972,medium
BASM-02834,0.0256,1.069,0.0334,OP-B-030,ST-B-12,0.2244,low
BASM-02835,0.0131,0.3,0.0094,OP-B-150,ST-B-17,0.3935,medium
BASM-02836,0.0135,0.667,0.0352,OP-B-079,ST-B-01,0.2544,medium
BASM-02837,0.0306,1.263,0.0807,OP-B-066,ST-B-16,0.4317,medium
BASM-02838,0.0325,0.503,0.0357,OP-B-098,ST-B-24,0.4214,medium
BASM-02839,0.0291,1.249,0.082,OP-B-128,ST-B-13,0.4084,medium
BASM-02840,0.0138,0.724,0.0876,OP-B-052,ST-B-10,0.3137,medium
BASM-02841,0.0012,0.564,0.0646,OP-B-028,ST-B-19,0.542,high
BASM-02842,0.0174,1.342,0.0531,OP-B-059,ST-B-01,0.2898,medium
BASM-02843,0.0061,1.12,0.0244,OP-B-097,ST-B-29,0.2569,medium
BASM-02844,0.0315,0.486,0.0353,OP-B-126,ST-B-06,0.4935,medium
BASM-02845,0.0207,1.16,0.1223,OP-B-071,ST-B-24,0.3302,medium
BASM-02846,0.015,0.912,0.0107,OP-B-108,ST-B-13,0.0879,low
BASM-02847,0.0205,1.135,0.0275,OP-B-120,ST-B-06,0.1241,low
BASM-02848,0.0167,0.966,0.0352,OP-B-128,ST-B-16,0.1081,low
BASM-02849,0.0182,0.843,0.0226,OP-B-038,ST-B-16,0.1335,low
BASM-02850,0.0382,0.393,0.037,OP-B-012,ST-B-25,0.5232,high
BASM-02851,0.0195,0.846,0.0258,OP-B-067,ST-B-27,0.187,low
BASM-02852,0.0253,1.382,0.0407,OP-B-074,ST-B-10,0.3363,medium
BASM-02853,0.0173,1.617,0.0126,OP-B-060,ST-B-16,0.2653,medium
BASM-02854,0.0391,0.984,0.0508,OP-B-004,ST-B-07,0.3674,medium
BASM-02855,0.0027,1.16,0.013,OP-B-057,ST-B-22,0.3037,medium
BASM-02856,0.0196,0.699,0.0563,OP-B-065,ST-B-05,0.2402,low
BASM-02857,0.0088,0.686,0.0797,OP-B-029,ST-B-01,0.4024,medium
BASM-02858,0.0191,1.109,0.0819,OP-B-121,ST-B-16,0.2284,low
BASM-02859,0.0101,0.801,0.0612,OP-B-099,ST-B-01,0.3113,medium
BASM-02860,0.0293,1.03,0.0482,OP-B-127,ST-B-14,0.2594,medium
BASM-02861,0.0257,0.935,0.0227,OP-B-053,ST-B-15,0.2105,low
BASM-02862,0.0232,1.149,0.0809,OP-B-008,ST-B-29,0.3433,medium
BASM-02863,0.0205,0.866,0.0174,OP-B-020,ST-B-13,0.084,low
BASM-02864,0.0087,1.179,0.0035,OP-B-095,ST-B-22,0.1989,low
BASM-02865,0.0258,1.316,0.0626,OP-B-020,ST-B-19,0.3367,medium
BASM-02866,0.0335,1.025,0.0532,OP-B-093,ST-B-08,0.3682,medium
BASM-02867,0.0102,0.927,0.0257,OP-B-005,ST-B-16,0.2079,low
BASM-02868,0.0187,0.877,0.0285,OP-B-123,ST-B-22,0.158,low
BASM-02869,0.0329,0.83,0.1604,OP-B-124,ST-B-12,0.5775,high
BASM-02870,0.0074,1.272,0.0258,OP-B-065,ST-B-03,0.2674,medium
BASM-02871,0.0353,1.565,0.0087,OP-B-100,ST-B-14,0.437,medium
BASM-02872,0.0281,1.026,0.0895,OP-B-082,ST-B-18,0.3272,medium
BASM-02873,0.0144,1.019,0.0401,OP-B-074,ST-B-14,0.2062,low
BASM-02874,0.0073,0.806,0.0839,OP-B-038,ST-B-17,0.3658,medium
BASM-02875,0.0072,1.446,0.0091,OP-B-065,ST-B-14,0.3267,medium
BASM-02876,0.013,1.097,0.0302,OP-B-001,ST-B-24,0.1727,low
BASM-02877,0.0085,1.08,0.1163,OP-B-113,ST-B-20,0.343,medium
BASM-02878,0.012,0.651,0.0985,OP-B-102,ST-B-04,0.4026,medium
BASM-02879,0.0075,1.37,0.0068,OP-B-102,ST-B-10,0.2867,medium
BASM-02880,0.0172,1.229,0.0684,OP-B-092,ST-B-04,0.2616,medium
BASM-02881,0.0167,1.396,0.0874,OP-B-094,ST-B-20,0.2909,medium
BASM-02882,0.0315,1.018,0.0916,OP-B-126,ST-B-08,0.2905,medium
BASM-02883,0.021,0.501,0.031,OP-B-050,ST-B-19,0.2966,medium
BASM-02884,0.026,1.002,0.0522,OP-B-072,ST-B-09,0.237,low
BASM-02885,0.0164,0.75,0.0652,OP-B-015,ST-B-18,0.2698,medium
BASM-02886,0.0176,1.173,0.0144,OP-B-115,ST-B-05,0.1108,low
BASM-02887,0.0168,0.769,0.0647,OP-B-004,ST-B-22,0.2226,low
BASM-02888,0.0297,1.383,0.0618,OP-B-004,ST-B-01,0.4206,medium
BASM-02889,0.0118,1.177,0.0076,OP-B-090,ST-B-18,0.1238,low
BASM-02890,0.0086,1.272,0.0381,OP-B-029,ST-B-13,0.3225,medium
BASM-02891,0.0056,1.08,0.0543,OP-B-097,ST-B-12,0.2881,medium
BASM-02892,0.018,1.155,0.0447,OP-B-073,ST-B-29,0.1777,low
BASM-02893,0.0056,1.161,0.1577,OP-B-082,ST-B-10,0.503,high
BASM-02894,0.0089,1.428,0.2024,OP-B-098,ST-B-26,0.6632,high
BASM-02895,0.0132,1.409,0.0243,OP-B-035,ST-B-20,0.2756,medium
BASM-02896,0.0215,0.62,0.0032,OP-B-148,ST-B-13,0.1924,low
BASM-02897,0.0289,0.799,0.0219,OP-B-123,ST-B-17,0.2965,medium
BASM-02898,0.0242,0.994,0.0619,OP-B-111,ST-B-22,0.2056,low
BASM-02899,0.0059,0.922,0.0305,OP-B-028,ST-B-19,0.3434,medium
BASM-02900,0.0366,1.587,0.0684,OP-B-059,ST-B-27,0.6141,high
BASM-02901,0.028,1.097,0.0352,OP-B-150,ST-B-28,0.2291,low
BASM-02902,0.017,1.069,0.0532,OP-B-136,ST-B-07,0.2158,low
BASM-02903,0.0339,0.526,0.0044,OP-B-097,ST-B-30,0.4278,medium
BASM-02904,0.013,0.894,0.0318,OP-B-037,ST-B-24,0.1693,low
BASM-02905,0.0164,1.123,0.0296,OP-B-072,ST-B-09,0.1437,low
BASM-02906,0.0251,1.031,0.0589,OP-B-122,ST-B-04,0.2051,low
BASM-02907,0.0074,1.191,0.039,OP-B-113,ST-B-22,0.2728,medium
BASM-02908,0.0144,0.597,0.017,OP-B-018,ST-B-15,0.2097,low
BASM-02909,0.0198,0.581,0.0722,OP-B-066,ST-B-14,0.3026,medium
BASM-02910,0.0085,1.074,0.0148,OP-B-044,ST-B-10,0.0857,low
BASM-02911,0.0188,1.018,0.0718,OP-B-097,ST-B-06,0.1441,low
BASM-02912,0.0243,0.9,0.1422,OP-B-009,ST-B-27,0.4031,medium
BASM-02913,0.0095,1.57,0.0238,OP-B-106,ST-B-17,0.4278,medium
BASM-02914,-0.006,0.845,0.0487,OP-B-044,ST-B-06,0.4493,medium
BASM-02915,0.0102,1.519,0.0786,OP-B-071,ST-B-08,0.3936,medium
BASM-02916,0.0135,0.885,0.0507,OP-B-018,ST-B-04,0.2451,low
BASM-02917,0.023,1.12,0.095,OP-B-069,ST-B-10,0.3721,medium
BASM-02918,0.0153,1.06,0.0512,OP-B-052,ST-B-13,0.1597,low
BASM-02919,0.0215,0.965,0.066,OP-B-052,ST-B-10,0.1966,low
BASM-02920,0.0096,1.343,0.0441,OP-B-034,ST-B-19,0.2899,medium
BASM-02921,0.0189,0.543,0.0423,OP-B-150,ST-B-09,0.23,low
BASM-02922,0.0172,0.95,0.0447,OP-B-001,ST-B-24,0.1323,low
BASM-02923,0.0128,1.129,0.0089,OP-B-024,ST-B-11,0.1468,low
BASM-02924,0.0198,1.399,0.0837,OP-B-123,ST-B-23,0.3019,medium
BASM-02925,0.0106,0.758,0.048,OP-B-133,ST-B-19,0.2893,medium
BASM-02926,0.0243,1.386,0.0537,OP-B-050,ST-B-07,0.3624,medium
BASM-02927,0.0043,0.94,0.0341,OP-B-017,ST-B-23,0.3655,medium
BASM-02928,0.0205,0.758,0.0507,OP-B-116,ST-B-02,0.1621,low
BASM-02929,0.008,1.039,0.0361,OP-B-010,ST-B-21,0.2225,low
BASM-02930,0.0214,1.12,0.1058,OP-B-094,ST-B-22,0.3178,medium
BASM-02931,0.0156,0.616,0.0937,OP-B-119,ST-B-02,0.4045,medium
BASM-02932,0.0196,0.942,0.0615,OP-B-102,ST-B-15,0.1888,low
BASM-02933,0.0097,1.091,0.0549,OP-B-114,ST-B-17,0.2185,low
BASM-02934,0.0205,1.26,0.0293,OP-B-005,ST-B-06,0.2381,low
BASM-02935,0.0089,0.787,0.0803,OP-B-036,ST-B-05,0.3811,medium
BASM-02936,0.0274,1.037,0.0675,OP-B-147,ST-B-11,0.2824,medium
BASM-02937,0.0361,1.292,0.074,OP-B-143,ST-B-22,0.5328,high
BASM-02938,0.0004,1.323,0.0468,OP-B-003,ST-B-25,0.4493,medium
BASM-02939,0.0116,0.99,0.0376,OP-B-139,ST-B-26,0.1289,low
BASM-02940,0.0179,1.423,0.1387,OP-B-038,ST-B-10,0.4326,medium
BASM-02941,0.0038,1.085,0.0338,OP-B-150,ST-B-18,0.3045,medium
BASM-02942,0.0085,0.922,0.0378,OP-B-110,ST-B-21,0.2193,low
BASM-02943,0.0085,1.053,0.0377,OP-B-135,ST-B-15,0.2433,low
BASM-02944,0.0205,1.145,0.1641,OP-B-109,ST-B-20,0.4451,medium
BASM-02945,0.0117,1.071,0.0711,OP-B-032,ST-B-25,0.2712,medium
BASM-02946,0.0029,1.518,0.0354,OP-B-105,ST-B-01,0.4524,medium
BASM-02947,0.0268,0.893,0.1255,OP-B-089,ST-B-17,0.4818,medium
BASM-02948,0.0252,1.013,0.0353,OP-B-096,ST-B-26,0.1606,low
BASM-02949,0.0161,0.649,0.0118,OP-B-101,ST-B-05,0.1946,low
BASM-02950,0.0399,0.957,0.0281,OP-B-021,ST-B-08,0.3611,medium
BASM-02951,0.032,0.601,0.0121,OP-B-084,ST-B-30,0.3748,medium
BASM-02952,0.026,1.003,0.1173,OP-B-025,ST-B-28,0.3671,medium
BASM-02953,0.0205,1.026,0.0355,OP-B-023,ST-B-17,0.0738,low
BASM-02954,0.003,1.158,0.0522,OP-B-136,ST-B-12,0.3403,medium
BASM-02955,0.0044,1.244,0.0574,OP-B-145,ST-B-27,0.4014,medium
BASM-02956,0.0064,0.794,0.0029,OP-B-149,ST-B-27,0.2416,low
BASM-02957,0.0199,0.831,0.0518,OP-B-134,ST-B-24,0.1755,low
BASM-02958,0.0307,0.543,0.0354,OP-B-030,ST-B-16,0.3712,medium
BASM-02959,0.0301,0.96,0.0177,OP-B-132,ST-B-21,0.2475,low
BASM-02960,0.0156,1.157,0.0484,OP-B-082,ST-B-07,0.1768,low
BASM-02961,0.0246,1.051,0.0173,OP-B-026,ST-B-12,0.1776,low
BASM-02962,0.0344,0.503,0.0698,OP-B-119,ST-B-22,0.5815,high
BASM-02963,0.011,0.989,0.135,OP-B-079,ST-B-25,0.4238,medium
BASM-02964,0.0293,0.388,0.0572,OP-B-021,ST-B-02,0.5265,high
BASM-02965,0.0285,0.684,0.1904,OP-B-096,ST-B-30,0.5713,high
BASM-02966,0.0156,0.631,0.051,OP-B-109,ST-B-09,0.2764,medium
BASM-02967,0.0071,0.833,0.1768,OP-B-101,ST-B-26,0.5915,high
BASM-02968,0.0289,1.662,0.0692,OP-B-098,ST-B-19,0.5857,high
BASM-02969,0.0187,0.962,0.0245,OP-B-018,ST-B-07,0.048,low
BASM-02970,0.0104,1.264,0.0106,OP-B-081,ST-B-01,0.2238,low
BASM-02971,0.0145,1.435,0.0244,OP-B-032,ST-B-28,0.2633,medium
BASM-02972,0.0418,1.718,0.0327,OP-B-035,ST-B-11,0.6632,high
BASM-02973,0.0226,0.818,0.0191,OP-B-032,ST-B-02,0.1352,low
BASM-02974,0.0102,0.779,0.017,OP-B-060,ST-B-23,0.2159,low
BASM-02975,0.0167,1.388,0.0353,OP-B-147,ST-B-12,0.2672,medium
BASM-02976,0.0164,0.736,0.04,OP-B-067,ST-B-21,0.1651,low
BASM-02977,0.0197,0.57,0.0122,OP-B-126,ST-B-14,0.2098,low
BASM-02978,0.0046,0.657,0.0024,OP-B-067,ST-B-30,0.2719,medium
BASM-02979,0.0161,0.711,0.0437,OP-B-037,ST-B-09,0.2424,low
BASM-02980,0.0088,1.06,0.0836,OP-B-116,ST-B-15,0.3081,medium
BASM-02981,0.0073,0.335,0.0242,OP-B-096,ST-B-15,0.417,medium
BASM-02982,0.0082,0.699,0.0875,OP-B-135,ST-B-03,0.4564,medium
BASM-02983,0.02,0.778,0.0242,OP-B-079,ST-B-11,0.1916,low
BASM-02984,0.0108,0.762,0.067,OP-B-039,ST-B-17,0.3249,medium
BASM-02985,0.0235,0.883,0.1012,OP-B-048,ST-B-06,0.3828,medium
BASM-02986,0.0261,1.01,0.072,OP-B-016,ST-B-19,0.2211,low
BASM-02987,0.0097,0.932,0.0112,OP-B-051,ST-B-30,0.164,low
BASM-02988,0.0248,0.859,0.0445,OP-B-074,ST-B-24,0.2104,low
BASM-02989,0.0217,0.779,0.0186,OP-B-087,ST-B-12,0.2051,low
BASM-02990,0.0101,1.192,0.1307,OP-B-055,ST-B-28,0.406,medium
BASM-02991,0.0278,0.719,0.0109,OP-B-045,ST-B-12,0.2758,medium
BASM-02992,0.0097,1.031,0.0099,OP-B-006,ST-B-18,0.164,low
BASM-02993,0.0169,1.529,0.02,OP-B-003,ST-B-07,0.2425,low
BASM-02994,0.0258,0.799,0.053,OP-B-021,ST-B-08,0.2898,medium
BASM-02995,-0.0025,0.914,0.1041,OP-B-074,ST-B-25,0.4976,medium
BASM-02996,0.0067,0.878,0.0705,OP-B-011,ST-B-15,0.3859,medium
BASM-02997,0.0191,0.816,0.0765,OP-B-083,ST-B-06,0.3077,medium
BASM-02998,0.0053,1.487,0.068,OP-B-108,ST-B-04,0.4536,medium
BASM-02999,0.0104,1.134,0.0881,OP-B-081,ST-B-21,0.361,medium
BASM-03000,0.0164,0.3,0.0718,OP-B-145,ST-B-17,0.4276,medium
BASM-03001,0.0305,0.697,0.0124,OP-B-023,ST-B-04,0.3508,medium
BASM-03002,0.0326,0.926,0.0225,OP-B-095,ST-B-01,0.1879,low
BASM-03003,0.011,1.195,0.0808,OP-B-095,ST-B-09,0.3671,medium
BASM-03004,0.0244,1.441,0.0181,OP-B-142,ST-B-20,0.2782,medium
BASM-03005,0.0177,0.896,0.0092,OP-B-053,ST-B-13,0.0373,low
BASM-03006,0.0264,0.903,0.0632,OP-B-087,ST-B-13,0.2196,low
BASM-03007,0.0308,1.061,0.0176,OP-B-012,ST-B-19,0.2294,low
BASM-03008,0.0172,1.173,0.0705,OP-B-145,ST-B-09,0.2347,low
BASM-03009,0.004,0.875,0.0237,OP-B-111,ST-B-09,0.2522,medium
BASM-03010,0.0275,1.266,0.0312,OP-B-129,ST-B-27,0.329,medium
BASM-03011,0.0095,0.949,0.0538,OP-B-106,ST-B-23,0.2356,low
BASM-03012,0.0194,1.659,0.0249,OP-B-107,ST-B-18,0.3738,medium
BASM-03013,0.0206,1.3,0.0598,OP-B-034,ST-B-18,0.2806,medium
BASM-03014,0.0201,0.823,0.0281,OP-B-136,ST-B-10,0.1735,low
BASM-03015,0.0161,0.916,0.0423,OP-B-104,ST-B-07,0.1495,low
BASM-03016,0.0335,1.415,0.0643,OP-B-128,ST-B-20,0.4949,medium
BASM-03017,0.0087,1.083,0.1055,OP-B-080,ST-B-02,0.3159,medium
BASM-03018,0.0179,1.066,0.0146,OP-B-070,ST-B-08,0.0233,low
BASM-03019,0.008,0.58,0.0682,OP-B-041,ST-B-21,0.4896,medium
BASM-03020,0.0158,1.055,0.0536,OP-B-076,ST-B-11,0.1419,low
BASM-03021,0.0276,1.703,0.0726,OP-B-106,ST-B-26,0.5495,high
BASM-03022,0.0315,1.373,0.0387,OP-B-116,ST-B-20,0.3832,medium
BASM-03023,0.0203,0.694,0.0656,OP-B-116,ST-B-26,0.2921,medium
BASM-03024,0.0109,1.12,0.0819,OP-B-120,ST-B-04,0.3027,medium
BASM-03025,0.0083,0.877,0.0213,OP-B-122,ST-B-11,0.1888,low
BASM-03026,0.023,0.686,0.0681,OP-B-023,ST-B-28,0.2696,medium
BASM-03027,0.0156,1.329,0.0122,OP-B-052,ST-B-23,0.1193,low
BASM-03028,0.0219,0.883,0.0536,OP-B-091,ST-B-21,0.2255,low
BASM-03029,0.0156,0.988,0.039,OP-B-040,ST-B-26,0.1274,low
BASM-03030,0.0166,1.304,0.0449,OP-B-133,ST-B-06,0.1902,low
BASM-03031,0.0047,1.26,0.1018,OP-B-119,ST-B-20,0.4532,medium
BASM-03032,0.0282,1.34,0.0421,OP-B-039,ST-B-24,0.4086,medium
BASM-03033,0.026,1.402,0.0354,OP-B-074,ST-B-12,0.2948,medium
BASM-03034,0.0253,0.54,0.0502,OP-B-027,ST-B-07,0.3099,medium
BASM-03035,0.0176,0.485,0.0198,OP-B-127,ST-B-04,0.2213,low
BASM-03036,0.0203,1.324,0.0861,OP-B-050,ST-B-01,0.3263,medium
BASM-03037,0.0038,1.156,0.0938,OP-B-073,ST-B-24,0.4257,medium
BASM-03038,0.0115,0.79,0.021,OP-B-027,ST-B-02,0.1296,low
BASM-03039,0.0339,0.617,0.0555,OP-B-016,ST-B-11,0.4907,medium
BASM-03040,0.0105,1.069,0.0117,OP-B-047,ST-B-21,0.1769,low
BASM-03041,0.0322,0.621,0.0335,OP-B-140,ST-B-12,0.4204,medium
BASM-03042,0.0212,1.036,0.0342,OP-B-044,ST-B-17,0.1467,low
BASM-03043,0.0225,0.849,0.03,OP-B-145,ST-B-20,0.1905,low
BASM-03044,0.0181,0.885,0.0409,OP-B-067,ST-B-28,0.1175,low
BASM-03045,0.0057,0.569,0.064,OP-B-008,ST-B-16,0.4516,medium
BASM-03046,0.0127,0.911,0.0505,OP-B-134,ST-B-23,0.239,low
BASM-03047,0.0028,1.248,0.0382,OP-B-065,ST-B-13,0.4119,medium
BASM-03048,0.0236,1.353,0.0092,OP-B-057,ST-B-22,0.2071,low
BASM-03049,0.032,1.104,0.0541,OP-B-132,ST-B-18,0.3303,medium
BASM-03050,0.0181,1.057,0.084,OP-B-102,ST-B-12,0.2035,low
BASM-03051,0.0131,1.314,0.0134,OP-B-086,ST-B-28,0.223,low
BASM-03052,0.0097,1.095,0.0476,OP-B-099,ST-B-15,0.2497,low
BASM-03053,0.0238,0.927,0.0512,OP-B-138,ST-B-10,0.1737,low
BASM-03054,0.0177,0.962,0.0206,OP-B-031,ST-B-29,0.0618,low
BASM-03055,0.0108,0.81,0.04,OP-B-069,ST-B-21,0.2341,low
BASM-03056,0.0303,1.394,0.0188,OP-B-082,ST-B-03,0.3376,medium
BASM-03057,0.0484,1.9,0.0306,OP-B-007,ST-B-14,0.6819,high
BASM-03058,0.0231,1.145,0.1039,OP-B-147,ST-B-11,0.3077,medium
BASM-03059,0.0036,1.043,0.0708,OP-B-048,ST-B-29,0.3335,medium
BASM-03060,0.003,1.097,0.0561,OP-B-122,ST-B-20,0.2995,medium
BASM-03061,0.0332,0.597,0.0264,OP-B-142,ST-B-20,0.42,medium
BASM-03062,0.0079,1.31,0.022,OP-B-011,ST-B-14,0.2807,medium
BASM-03063,0.0147,0.586,0.044,OP-B-125,ST-B-05,0.3251,medium
BASM-03064,0.0066,1.413,0.1639,OP-B-098,ST-B-20,0.5911,high
BASM-03065,0.012,1.017,0.0233,OP-B-071,ST-B-20,0.115,low
BASM-03066,0.0235,0.858,0.0458,OP-B-018,ST-B-28,0.1602,low
BASM-03067,0.021,0.515,0.0299,OP-B-067,ST-B-20,0.295,medium
BASM-03068,0.0146,0.916,0.0331,OP-B-073,ST-B-11,0.1295,low
BASM-03069,0.0213,1.132,0.0439,OP-B-037,ST-B-28,0.1677,low
BASM-03070,0.0381,1.207,0.0373,OP-B-014,ST-B-15,0.4599,medium
BASM-03071,-0.006,0.444,0.059,OP-B-053,ST-B-07,0.6516,high
BASM-03072,0.0354,1.114,0.0794,OP-B-134,ST-B-29,0.4271,medium
BASM-03073,0.0161,1.078,0.0433,OP-B-017,ST-B-04,0.1469,low
BASM-03074,0.0242,1.292,0.0437,OP-B-107,ST-B-17,0.2109,low
BASM-03075,0.0261,0.894,0.0517,OP-B-011,ST-B-09,0.2572,medium
BASM-03076,0.0146,0.693,0.0097,OP-B-108,ST-B-20,0.1929,low
BASM-03077,0.0277,0.555,0.0696,OP-B-115,ST-B-19,0.3896,medium
BASM-03078,0.0191,0.907,0.1191,OP-B-025,ST-B-26,0.3288,medium
BASM-03079,0.0084,1.711,0.0367,OP-B-045,ST-B-30,0.4363,medium
BASM-03080,0.0285,1.337,0.0214,OP-B-020,ST-B-24,0.3003,medium
BASM-03081,0.0272,0.627,0.0928,OP-B-048,ST-B-05,0.4225,medium
BASM-03082,0.0205,0.854,0.0802,OP-B-013,ST-B-22,0.2936,medium
BASM-03083,0.02,0.693,0.0542,OP-B-007,ST-B-22,0.2848,medium
BASM-03084,0.0148,1.606,0.0601,OP-B-132,ST-B-15,0.4172,medium
BASM-03085,0.0187,0.92,0.1551,OP-B-073,ST-B-04,0.3112,medium
BASM-03086,0.0271,0.785,0.1044,OP-B-047,ST-B-29,0.452,medium
BASM-03087,0.0118,0.944,0.0091,OP-B-072,ST-B-12,0.1694,low
BASM-03088,0.031,1.486,0.0203,OP-B-069,ST-B-14,0.3395,medium
BASM-03089,0.0223,1.677,0.038,OP-B-110,ST-B-03,0.3671,medium
BASM-03090,0.028,0.996,0.0939,OP-B-046,ST-B-03,0.3908,medium
BASM-03091,0.0306,0.944,0.1173,OP-B-123,ST-B-09,0.4508,medium
BASM-03092,0.0341,1.111,0.0219,OP-B-119,ST-B-13,0.3337,medium
BASM-03093,0.0091,1.31,0.0544,OP-B-126,ST-B-22,0.3396,medium
BASM-03094,0.0238,1.254,0.0201,OP-B-134,ST-B-12,0.1566,low
BASM-03095,0.0206,1.581,0.0325,OP-B-071,ST-B-07,0.3395,medium
BASM-03096,0.0119,1.139,0.0268,OP-B-043,ST-B-12,0.1684,low
BASM-03097,0.0149,1.354,0.0184,OP-B-089,ST-B-11,0.1286,low
BASM-03098,0.0166,0.629,0.0537,OP-B-115,ST-B-05,0.3003,medium
BASM-03099,0.0221,0.879,0.0087,OP-B-079,ST-B-23,0.126,low
BASM-03100,0.0333,1.184,0.0369,OP-B-081,ST-B-08,0.3358,medium
BASM-03101,0.0281,0.595,0.0294,OP-B-104,ST-B-14,0.3377,medium
BASM-03102,0.0164,0.988,0.0698,OP-B-062,ST-B-29,0.1353,low
BASM-03103,0.0098,0.602,0.0268,OP-B-084,ST-B-03,0.325,medium
BASM-03104,0.0072,0.55,0.0148,OP-B-038,ST-B-01,0.3142,medium
BASM-03105,0.0089,0.795,0.074,OP-B-097,ST-B-19,0.3226,medium
BASM-03106,0.0054,0.816,0.0605,OP-B-079,ST-B-01,0.3303,medium
BASM-03107,0.0148,0.664,0.1149,OP-B-124,ST-B-10,0.3977,medium
BASM-03108,0.0188,0.7,0.044,OP-B-010,ST-B-01,0.2492,low
BASM-03109,0.0141,0.703,0.0713,OP-B-131,ST-B-01,0.3265,medium
BASM-03110,0.0183,0.905,0.0682,OP-B-007,ST-B-02,0.2076,low
BASM-03111,0.0074,1.035,0.0716,OP-B-102,ST-B-30,0.3027,medium
BASM-03112,0.0065,0.531,0.0129,OP-B-128,ST-B-04,0.3245,medium
BASM-03113,0.0344,0.902,0.0176,OP-B-120,ST-B-05,0.2918,medium
BASM-03114,0.0247,0.819,0.0184,OP-B-149,ST-B-04,0.125,low
BASM-03115,0.0154,0.899,0.0483,OP-B-030,ST-B-05,0.1042,low
BASM-03116,0.0327,1.233,0.2001,OP-B-086,ST-B-26,0.6413,high
BASM-03117,0.0367,0.538,0.0877,OP-B-005,ST-B-10,0.5973,high
BASM-03118,0.0115,0.778,0.0584,OP-B-047,ST-B-26,0.2943,medium
BASM-03119,0.0123,1.3,0.0383,OP-B-045,ST-B-03,0.2121,low
BASM-03120,0.0183,1.321,0.0512,OP-B-132,ST-B-13,0.2577,medium
BASM-03121,0.0226,1.221,0.0122,OP-B-001,ST-B-29,0.134,low
BASM-03122,0.0185,0.694,0.0733,OP-B-093,ST-B-22,0.2713,medium
BASM-03123,0.0226,0.507,0.0351,OP-B-115,ST-B-14,0.3036,medium
BASM-03124,0.0298,0.459,0.0795,OP-B-072,ST-B-19,0.5234,high
BASM-03125,0.0167,1.071,0.0272,OP-B-068,ST-B-09,0.1125,low
BASM-03126,0.0193,1.587,0.0242,OP-B-072,ST-B-26,0.3224,medium
BASM-03127,0.0106,0.665,0.0942,OP-B-049,ST-B-04,0.3724,medium
BASM-03128,0.0371,0.428,0.1042,OP-B-079,ST-B-15,0.6777,high
BASM-03129,0.0232,0.827,0.0605,OP-B-117,ST-B-08,0.2246,low
BASM-03130,0.0261,1.019,0.0577,OP-B-127,ST-B-26,0.1777,low
BASM-03131,0.0266,1.484,0.0126,OP-B-043,ST-B-15,0.355,medium
BASM-03132,0.0311,1.397,0.0339,OP-B-060,ST-B-23,0.3498,medium
BASM-03133,0.0186,1.261,0.1339,OP-B-145,ST-B-22,0.3583,medium
BASM-03134,0.0304,0.85,0.0138,OP-B-009,ST-B-03,0.1938,low
BASM-03135,0.0041,0.693,0.0891,OP-B-006,ST-B-14,0.5267,high
BASM-03136,0.0297,0.934,0.0634,OP-B-114,ST-B-27,0.2545,medium
BASM-03137,0.0181,0.3,0.074,OP-B-131,ST-B-27,0.433,medium
BASM-03138,0.0095,1.241,0.0073,OP-B-049,ST-B-29,0.2076,low
BASM-03139,0.0352,0.957,0.0185,OP-B-036,ST-B-30,0.2752,medium
BASM-03140,0.0308,1.311,0.0112,OP-B-048,ST-B-20,0.3409,medium
BASM-03141,0.0084,0.921,0.0681,OP-B-079,ST-B-07,0.2741,medium
BASM-03142,0.0115,1.383,0.012,OP-B-073,ST-B-04,0.2608,medium
BASM-03143,0.0138,1.058,0.1201,OP-B-083,ST-B-18,0.289,medium
BASM-03144,0.0089,1.473,0.061,OP-B-001,ST-B-01,0.411,medium
BASM-03145,0.0291,0.852,0.0323,OP-B-098,ST-B-11,0.2675,medium
BASM-03146,0.0144,0.526,0.0873,OP-B-108,ST-B-27,0.4423,medium
BASM-03147,0.0344,0.961,0.006,OP-B-140,ST-B-30,0.2484,low
BASM-03148,0.0071,0.736,0.0195,OP-B-134,ST-B-03,0.2468,low
BASM-03149,0.0182,0.829,0.0589,OP-B-046,ST-B-13,0.1645,low
BASM-03150,0.0188,0.923,0.0392,OP-B-028,ST-B-12,0.1815,low
BASM-03151,0.0152,1.218,0.0368,OP-B-101,ST-B-06,0.1796,low
BASM-03152,0.0116,0.959,0.046,OP-B-007,ST-B-29,0.2165,low
BASM-03153,0.0053,1.532,0.0677,OP-B-149,ST-B-16,0.5966,high
BASM-03154,0.0229,0.821,0.0449,OP-B-051,ST-B-11,0.2798,medium
BASM-03155,0.0086,1.139,0.0446,OP-B-018,ST-B-01,0.2757,medium
BASM-03156,0.0163,0.729,0.1392,OP-B-056,ST-B-16,0.4101,medium
BASM-03157,0.0235,0.917,0.0043,OP-B-108,ST-B-22,0.1324,low
BASM-03158,0.0086,1.303,0.02,OP-B-053,ST-B-16,0.2709,medium
BASM-03159,0.0182,0.972,0.058,OP-B-062,ST-B-07,0.1429,low
BASM-03160,0.0078,0.749,0.1547,OP-B-064,ST-B-02,0.554,high
BASM-03161,0.0216,0.637,0.1291,OP-B-043,ST-B-18,0.4952,medium
BASM-03162,0.0274,0.879,0.031,OP-B-129,ST-B-19,0.1805,low
BASM-03163,0.0175,0.586,0.0531,OP-B-101,ST-B-27,0.2889,medium
BASM-03164,0.0142,0.675,0.0635,OP-B-030,ST-B-09,0.2887,medium
BASM-03165,0.0161,1.425,0.0173,OP-B-130,ST-B-20,0.2616,medium
BASM-03166,0.0155,1.01,0.0307,OP-B-066,ST-B-24,0.1121,low
BASM-03167,0.0059,1.396,0.0625,OP-B-052,ST-B-21,0.4728,medium
BASM-03168,0.0142,1.425,0.05,OP-B-100,ST-B-07,0.2654,medium
BASM-03169,0.0226,1.06,0.0195,OP-B-047,ST-B-07,0.157,low
BASM-03170,0.0361,1.21,0.002,OP-B-102,ST-B-23,0.3433,medium
BASM-03171,0.0273,0.979,0.0248,OP-B-086,ST-B-21,0.1433,low
BASM-03172,0.0121,0.719,0.0392,OP-B-112,ST-B-23,0.2794,medium
BASM-03173,0.0043,0.421,0.031,OP-B-102,ST-B-12,0.4441,medium
BASM-03174,0.0227,1.209,0.0154,OP-B-075,ST-B-11,0.1448,low
BASM-03175,0.0131,1.209,0.0504,OP-B-063,ST-B-18,0.3103,medium
BASM-03176,0.0157,1.451,0.0737,OP-B-147,ST-B-04,0.3763,medium
BASM-03177,0.02,0.514,0.0986,OP-B-067,ST-B-10,0.4204,medium
BASM-03178,0.0218,1.261,0.0234,OP-B-030,ST-B-24,0.2407,low
BASM-03179,0.0085,0.765,0.0428,OP-B-143,ST-B-15,0.284,medium
BASM-03180,0.0164,0.995,0.1361,OP-B-045,ST-B-06,0.2956,medium
BASM-03181,0.0272,1.007,0.0208,OP-B-073,ST-B-12,0.1162,low
BASM-03182,0.0181,1.258,0.0454,OP-B-073,ST-B-09,0.1541,low
BASM-03183,0.0353,1.603,0.0306,OP-B-015,ST-B-01,0.5137,high
BASM-03184,0.0248,0.853,0.1782,OP-B-097,ST-B-22,0.5325,high
BASM-03185,0.0205,0.777,0.0131,OP-B-007,ST-B-27,0.2143,low
BASM-03186,0.0181,1.095,0.062,OP-B-004,ST-B-20,0.2395,low
BASM-03187,0.0229,1.25,0.0746,OP-B-095,ST-B-27,0.3323,medium
BASM-03188,0.0235,1.056,0.0944,OP-B-097,ST-B-28,0.2907,medium
BASM-03189,0.0151,0.727,0.0547,OP-B-050,ST-B-12,0.2111,low
BASM-03190,0.0195,1.03,0.0304,OP-B-115,ST-B-12,0.0865,low
BASM-03191,0.0167,0.869,0.0296,OP-B-131,ST-B-26,0.1257,low
BASM-03192,0.0263,1.368,0.0228,OP-B-026,ST-B-01,0.3075,medium
BASM-03193,0.0118,1.311,0.0271,OP-B-121,ST-B-15,0.2219,low
BASM-03194,0.0327,1.1,0.0286,OP-B-144,ST-B-01,0.2678,medium
BASM-03195,0.0058,0.514,0.1969,OP-B-064,ST-B-18,0.6864,high
BASM-03196,0.0115,0.84,0.1125,OP-B-091,ST-B-04,0.3627,medium
BASM-03197,0.0131,0.88,0.0669,OP-B-090,ST-B-16,0.2308,low
BASM-03198,0.0148,0.844,0.0199,OP-B-145,ST-B-08,0.1101,low
BASM-03199,0.019,1.548,0.0313,OP-B-129,ST-B-03,0.2996,medium
BASM-03200,0.0248,0.64,0.0148,OP-B-026,ST-B-27,0.2544,medium
BASM-03201,0.0121,1.378,0.0609,OP-B-076,ST-B-10,0.3479,medium
BASM-03202,-0.0031,1.17,0.0764,OP-B-131,ST-B-14,0.4368,medium
BASM-03203,0.0072,1.208,0.0272,OP-B-023,ST-B-02,0.2714,medium
BASM-03204,0.017,0.833,0.042,OP-B-145,ST-B-03,0.1528,low
BASM-03205,0.0309,1.137,0.0088,OP-B-147,ST-B-27,0.2326,low
BASM-03206,0.0248,0.994,0.0097,OP-B-117,ST-B-22,0.1428,low
BASM-03207,0.0226,0.606,0.0133,OP-B-102,ST-B-10,0.2616,medium
BASM-03208,0.0165,1.404,0.0541,OP-B-126,ST-B-22,0.2696,medium
BASM-03209,0.02,0.753,0.1327,OP-B-141,ST-B-20,0.4527,medium
BASM-03210,0.0221,0.584,0.0444,OP-B-056,ST-B-15,0.2973,medium
BASM-03211,0.0087,1.154,0.1006,OP-B-115,ST-B-24,0.3919,medium
BASM-03212,0.0127,1.073,0.0395,OP-B-150,ST-B-04,0.1478,low
BASM-03213,0.0193,0.819,0.0698,OP-B-065,ST-B-02,0.2817,medium
BASM-03214,0.0133,1.181,0.0484,OP-B-018,ST-B-21,0.3089,medium
BASM-03215,0.0161,0.978,0.0301,OP-B-049,ST-B-12,0.1589,low
BASM-03216,0.009,0.883,0.1421,OP-B-018,ST-B-29,0.4992,medium
BASM-03217,0.0137,0.882,0.0575,OP-B-108,ST-B-13,0.1877,low
BASM-03218,0.0181,1.066,0.0485,OP-B-070,ST-B-15,0.1039,low
BASM-03219,0.0142,1.324,0.0502,OP-B-034,ST-B-18,0.3583,medium
BASM-03220,0.0272,0.376,0.0246,OP-B-150,ST-B-09,0.4281,medium
BASM-03221,0.0106,0.639,0.0413,OP-B-104,ST-B-24,0.3074,medium
BASM-03222,0.0186,1.071,0.1033,OP-B-024,ST-B-29,0.2611,medium
BASM-03223,0.0314,1.058,0.0854,OP-B-084,ST-B-15,0.3669,medium
BASM-03224,0.0207,0.829,0.0729,OP-B-051,ST-B-16,0.2744,medium
BASM-03225,0.0174,0.806,0.0933,OP-B-104,ST-B-11,0.3083,medium
BASM-03226,0.0298,1.143,0.0191,OP-B-070,ST-B-05,0.238,low
BASM-03227,0.0163,1.357,0.0358,OP-B-056,ST-B-17,0.2304,low
BASM-03228,0.0166,0.845,0.0495,OP-B-057,ST-B-21,0.1627,low
BASM-03229,0.0088,1.016,0.0148,OP-B-074,ST-B-11,0.1375,low
BASM-03230,0.0123,1.104,0.0065,OP-B-002,ST-B-25,0.1231,low
BASM-03231,0.0293,0.868,0.0145,OP-B-013,ST-B-30,0.23,low
BASM-03232,0.0177,0.436,0.0352,OP-B-050,ST-B-14,0.3688,medium
BASM-03233,0.0153,1.01,0.0196,OP-B-131,ST-B-25,0.0628,low
BASM-03234,0.0175,0.464,0.081,OP-B-051,ST-B-27,0.3204,medium
BASM-03235,0.0271,0.991,0.0263,OP-B-147,ST-B-16,0.1935,low
BASM-03236,0.0264,1.515,0.1189,OP-B-099,ST-B-10,0.5495,high
BASM-03237,0.0015,1.384,0.021,OP-B-069,ST-B-15,0.3428,medium
BASM-03238,0.0194,1.269,0.0923,OP-B-128,ST-B-23,0.3652,medium
BASM-03239,0.0183,1.265,0.0371,OP-B-040,ST-B-22,0.1659,low
BASM-03240,0.0086,1.13,0.011,OP-B-098,ST-B-07,0.2077,low
BASM-03241,0.0138,1.045,0.0311,OP-B-091,ST-B-24,0.1346,low
BASM-03242,0.0068,1.186,0.037,OP-B-054,ST-B-03,0.31,medium
BASM-03243,0.0147,1.34,0.022,OP-B-088,ST-B-16,0.2555,medium
BASM-03244,0.0205,0.401,0.043,OP-B-017,ST-B-12,0.3374,medium
BASM-03245,0.0306,0.823,0.0645,OP-B-093,ST-B-18,0.3717,medium
BASM-03246,0.0396,1.431,0.0438,OP-B-083,ST-B-22,0.5443,high
BASM-03247,0.0213,0.66,0.1365,OP-B-150,ST-B-01,0.4523,medium
BASM-03248,0.0094,0.908,0.0554,OP-B-096,ST-B-10,0.2504,medium
BASM-03249,0.0263,0.526,0.0786,OP-B-100,ST-B-09,0.4592,medium
BASM-03250,0.007,0.867,0.0354,OP-B-039,ST-B-12,0.2788,medium
BASM-03251,0.0235,1.437,0.034,OP-B-042,ST-B-12,0.264,medium
BASM-03252,0.0279,0.492,0.096,OP-B-084,ST-B-26,0.5321,high
BASM-03253,0.0162,1.521,0.0458,OP-B-037,ST-B-25,0.2779,medium
BASM-03254,0.0063,1.291,0.0613,OP-B-077,ST-B-17,0.4022,medium
BASM-03255,0.0124,1.097,0.0731,OP-B-039,ST-B-10,0.3608,medium
BASM-03256,0.0295,1.317,0.0033,OP-B-068,ST-B-30,0.27,medium
BASM-03257,0.0166,1.706,0.0526,OP-B-097,ST-B-22,0.4533,medium
BASM-03258,0.036,0.862,0.0731,OP-B-092,ST-B-05,0.4204,medium
BASM-03259,0.0118,0.683,0.0616,OP-B-098,ST-B-10,0.3585,medium
BASM-03260,0.0264,0.737,0.1014,OP-B-127,ST-B-23,0.388,medium
BASM-03261,0.0144,0.685,0.0577,OP-B-046,ST-B-04,0.345,medium
BASM-03262,0.0176,0.861,0.0298,OP-B-146,ST-B-08,0.1652,low
BASM-03263,0.0115,1.089,0.0387,OP-B-101,ST-B-03,0.2073,low
BASM-03264,0.0341,1.301,0.0518,OP-B-103,ST-B-23,0.4183,medium
BASM-03265,0.0205,1.446,0.1156,OP-B-115,ST-B-14,0.4533,medium
BASM-03266,0.0126,0.745,0.0305,OP-B-117,ST-B-12,0.2672,medium
BASM-03267,0.0005,1.217,0.0993,OP-B-022,ST-B-22,0.4878,medium
BASM-03268,0.0193,1.104,0.1108,OP-B-033,ST-B-22,0.3373,medium
BASM-03269,0.0131,0.911,0.0364,OP-B-130,ST-B-27,0.1743,low
BASM-03270,-0.0014,0.423,0.185,OP-B-084,ST-B-23,0.8696,critical
BASM-03271,0.0216,0.654,0.054,OP-B-051,ST-B-19,0.2938,medium
BASM-03272,0.0228,0.898,0.037,OP-B-061,ST-B-15,0.1134,low
BASM-03273,0.0221,0.89,0.0153,OP-B-021,ST-B-20,0.0846,low
BASM-03274,0.0277,0.603,0.0733,OP-B-021,ST-B-04,0.4558,medium
BASM-03275,0.0077,1.011,0.0553,OP-B-025,ST-B-07,0.2844,medium
BASM-03276,0.0093,1.137,0.0095,OP-B-102,ST-B-01,0.1177,low
BASM-03277,0.0183,1.225,0.1619,OP-B-032,ST-B-20,0.4713,medium
BASM-03278,0.0154,0.736,0.0086,OP-B-027,ST-B-01,0.1089,low
BASM-03279,0.0183,1.188,0.0324,OP-B-123,ST-B-26,0.1105,low
BASM-03280,0.0262,0.871,0.0491,OP-B-063,ST-B-23,0.2646,medium
BASM-03281,0.0161,1.04,0.0181,OP-B-135,ST-B-24,0.0132,low
BASM-03282,0.0238,1.455,0.0835,OP-B-115,ST-B-15,0.4278,medium
BASM-03283,0.0181,0.755,0.0794,OP-B-046,ST-B-05,0.2779,medium
BASM-03284,0.0216,1.007,0.0072,OP-B-006,ST-B-23,0.0856,low
BASM-03285,0.0196,1.008,0.0922,OP-B-029,ST-B-09,0.2139,low
BASM-03286,0.0192,0.853,0.1375,OP-B-140,ST-B-04,0.4023,medium
BASM-03287,0.0176,0.475,0.0126,OP-B-034,ST-B-20,0.2095,low
BASM-03288,0.0164,1.075,0.0156,OP-B-149,ST-B-18,0.0796,low
BASM-03289,0.0254,0.962,0.0542,OP-B-135,ST-B-24,0.1876,low
BASM-03290,0.0268,1.292,0.021,OP-B-114,ST-B-05,0.222,low
BASM-03291,0.0046,0.986,0.1356,OP-B-041,ST-B-12,0.4424,medium
BASM-03292,0.0294,0.995,0.0545,OP-B-038,ST-B-03,0.2522,medium
BASM-03293,0.0114,1.422,0.1732,OP-B-049,ST-B-17,0.5996,high
BASM-03294,0.0073,1.3,0.0254,OP-B-011,ST-B-05,0.3017,medium
BASM-03295,0.0361,0.793,0.0376,OP-B-133,ST-B-01,0.3292,medium
BASM-03296,0.0152,0.995,0.0126,OP-B-025,ST-B-08,0.1069,low
BASM-03297,0.0051,1.392,0.0322,OP-B-060,ST-B-14,0.3607,medium
BASM-03298,0.0165,0.905,0.0617,OP-B-043,ST-B-26,0.1522,low
BASM-03299,0.0122,1.259,0.0466,OP-B-105,ST-B-04,0.2534,medium
BASM-03300,0.0161,1.48,0.0554,OP-B-084,ST-B-08,0.4222,medium
BASM-03301,-0.0025,0.737,0.0406,OP-B-122,ST-B-08,0.4115,medium
BASM-03302,0.0149,0.842,0.0819,OP-B-011,ST-B-28,0.33,medium
BASM-03303,0.009,1.305,0.0391,OP-B-130,ST-B-16,0.2572,medium
BASM-03304,0.0247,0.849,0.0653,OP-B-082,ST-B-10,0.3026,medium
BASM-03305,0.0212,1.084,0.0958,OP-B-130,ST-B-22,0.2764,medium
BASM-03306,0.0405,0.985,0.0631,OP-B-053,ST-B-20,0.4786,medium
BASM-03307,0.0291,1.254,0.0081,OP-B-041,ST-B-10,0.2444,low
BASM-03308,0.0121,1.251,0.0529,OP-B-017,ST-B-23,0.3097,medium
BASM-03309,0.0077,0.619,0.0518,OP-B-148,ST-B-27,0.3611,medium
BASM-03310,0.0196,1.092,0.0376,OP-B-072,ST-B-06,0.1427,low
BASM-03311,0.0133,0.704,0.0899,OP-B-040,ST-B-15,0.31,medium
BASM-03312,0.0063,1.013,0.0495,OP-B-112,ST-B-25,0.2324,low
BASM-03313,0.02,1.393,0.0294,OP-B-050,ST-B-02,0.2481,low
BASM-03314,0.0172,1.038,0.0208,OP-B-095,ST-B-10,0.0,low
BASM-03315,0.0255,0.927,0.0218,OP-B-102,ST-B-30,0.2006,low
BASM-03316,0.0201,1.063,0.0255,OP-B-113,ST-B-05,0.0893,low
BASM-03317,0.0164,1.024,0.1077,OP-B-012,ST-B-12,0.1645,low
BASM-03318,0.0205,1.407,0.026,OP-B-123,ST-B-03,0.3511,medium
BASM-03319,0.0335,0.635,0.0731,OP-B-038,ST-B-24,0.47,medium
BASM-03320,0.0092,0.777,0.046,OP-B-146,ST-B-09,0.2782,medium
BASM-03321,0.028,1.291,0.0209,OP-B-121,ST-B-24,0.2534,medium
BASM-03322,0.028,1.382,0.0965,OP-B-124,ST-B-02,0.4523,medium
BASM-03323,0.0383,0.747,0.019,OP-B-003,ST-B-03,0.3682,medium
BASM-03324,0.0219,0.814,0.0856,OP-B-128,ST-B-26,0.3451,medium
BASM-03325,0.0162,0.809,0.0398,OP-B-026,ST-B-15,0.1556,low
BASM-03326,0.0116,1.242,0.0854,OP-B-121,ST-B-23,0.3821,medium
BASM-03327,0.0115,0.88,0.04,OP-B-055,ST-B-19,0.2614,medium
BASM-03328,0.0106,1.281,0.0905,OP-B-040,ST-B-07,0.3952,medium
BASM-03329,0.0185,0.941,0.059,OP-B-064,ST-B-26,0.1322,low
BASM-03330,0.0177,0.955,0.063,OP-B-008,ST-B-27,0.1823,low
BASM-03331,0.0346,0.927,0.0266,OP-B-024,ST-B-14,0.3284,medium
BASM-03332,0.0368,1.055,0.0176,OP-B-046,ST-B-12,0.2561,medium
BASM-03333,0.0161,1.09,0.0084,OP-B-032,ST-B-25,0.0409,low
BASM-03334,0.0202,0.996,0.0221,OP-B-060,ST-B-12,0.0794,low
BASM-03335,0.0118,0.919,0.0303,OP-B-141,ST-B-12,0.1849,low
BASM-03336,0.0117,1.179,0.0186,OP-B-028,ST-B-18,0.2006,low
BASM-03337,0.0133,1.07,0.0253,OP-B-098,ST-B-30,0.1582,low
BASM-03338,0.0089,0.381,0.1339,OP-B-127,ST-B-15,0.5853,high
BASM-03339,0.0097,1.236,0.1121,OP-B-025,ST-B-28,0.4309,medium
BASM-03340,0.0252,1.161,0.0077,OP-B-040,ST-B-07,0.1786,low
BASM-03341,0.0307,0.473,0.0779,OP-B-067,ST-B-19,0.5098,high
BASM-03342,0.0154,0.898,0.0222,OP-B-138,ST-B-04,0.0719,low
BASM-03343,0.022,0.999,0.0121,OP-B-145,ST-B-19,0.0247,low
BASM-03344,0.0131,0.794,0.0218,OP-B-065,ST-B-08,0.1854,low
BASM-03345,0.0054,1.471,0.0119,OP-B-048,ST-B-10,0.4142,medium
BASM-03346,0.0364,1.578,0.0255,OP-B-084,ST-B-21,0.4548,medium
BASM-03347,0.0014,1.119,0.0856,OP-B-061,ST-B-02,0.4574,medium
BASM-03348,0.0148,0.844,0.028,OP-B-006,ST-B-03,0.0952,low
BASM-03349,0.0076,1.492,0.1135,OP-B-065,ST-B-03,0.6292,high
BASM-03350,0.0341,0.879,0.0211,OP-B-010,ST-B-15,0.2653,medium
BASM-03351,-0.0039,0.805,0.0242,OP-B-017,ST-B-15,0.3858,medium
BASM-03352,0.0158,0.436,0.0412,OP-B-007,ST-B-04,0.3542,medium
BASM-03353,0.0202,1.144,0.035,OP-B-032,ST-B-04,0.1897,low
BASM-03354,0.0147,0.774,0.0429,OP-B-004,ST-B-03,0.2561,medium
BASM-03355,0.0194,1.257,0.027,OP-B-012,ST-B-29,0.176,low
BASM-03356,0.0148,1.078,0.0515,OP-B-109,ST-B-03,0.1075,low
BASM-03357,0.0261,1.484,0.0439,OP-B-030,ST-B-03,0.4222,medium
BASM-03358,0.0166,1.164,0.0248,OP-B-148,ST-B-22,0.1382,low
BASM-03359,0.0145,1.055,0.0548,OP-B-057,ST-B-01,0.1767,low
BASM-03360,0.0249,0.792,0.0423,OP-B-067,ST-B-05,0.278,medium
BASM-03361,0.0115,0.646,0.0498,OP-B-108,ST-B-11,0.3335,medium
BASM-03362,0.0021,0.444,0.0179,OP-B-129,ST-B-25,0.4281,medium
BASM-03363,0.0021,0.803,0.0361,OP-B-032,ST-B-17,0.3207,medium
BASM-03364,0.0054,1.212,0.013,OP-B-071,ST-B-12,0.3218,medium
BASM-03365,0.0181,0.936,0.0383,OP-B-012,ST-B-15,0.0884,low
BASM-03366,0.0249,0.637,0.0427,OP-B-102,ST-B-06,0.3029,medium
BASM-03367,0.0208,0.656,0.0209,OP-B-075,ST-B-03,0.1539,low
BASM-03368,0.0022,0.941,0.0367,OP-B-005,ST-B-28,0.3359,medium
BASM-03369,0.0128,1.281,0.0458,OP-B-123,ST-B-01,0.3013,medium
BASM-03370,0.0201,1.38,0.0185,OP-B-106,ST-B-28,0.1937,low
BASM-03371,0.0209,1.138,0.0694,OP-B-036,ST-B-02,0.2877,medium
BASM-03372,0.0131,1.17,0.0331,OP-B-011,ST-B-11,0.2231,low
BASM-03373,0.0186,0.964,0.0979,OP-B-030,ST-B-14,0.272,medium
BASM-03374,0.0153,1.056,0.0559,OP-B-008,ST-B-06,0.1705,low
BASM-03375,0.0265,1.391,0.0315,OP-B-094,ST-B-12,0.3241,medium
BASM-03376,0.0036,1.17,0.0279,OP-B-006,ST-B-07,0.3152,medium
BASM-03377,0.0316,1.012,0.0313,OP-B-011,ST-B-08,0.2411,low
BASM-03378,0.0324,1.44,0.0559,OP-B-138,ST-B-29,0.5258,high
BASM-03379,0.0138,0.889,0.0158,OP-B-082,ST-B-29,0.055,low
BASM-03380,0.0122,1.217,0.0077,OP-B-102,ST-B-25,0.1298,low
BASM-03381,0.0204,1.015,0.0746,OP-B-041,ST-B-19,0.1582,low
BASM-03382,0.0097,1.082,0.0874,OP-B-140,ST-B-12,0.3226,medium
BASM-03383,0.0222,0.885,0.0372,OP-B-122,ST-B-13,0.163,low
BASM-03384,0.0138,1.03,0.0227,OP-B-084,ST-B-28,0.1221,low
BASM-03385,0.0192,0.805,0.0264,OP-B-046,ST-B-26,0.1738,low
BASM-03386,0.0307,1.46,0.0381,OP-B-102,ST-B-22,0.4145,medium
BASM-03387,0.0154,1.027,0.1291,OP-B-127,ST-B-03,0.301,medium
BASM-03388,0.0246,0.83,0.0448,OP-B-103,ST-B-21,0.2301,low
BASM-03389,0.0054,1.099,0.1504,OP-B-129,ST-B-09,0.4125,medium
BASM-03390,0.0177,1.288,0.0397,OP-B-089,ST-B-26,0.2656,medium
BASM-03391,0.0116,0.547,0.0253,OP-B-036,ST-B-03,0.3307,medium
BASM-03392,0.0105,0.646,0.0399,OP-B-149,ST-B-30,0.2984,medium
BASM-03393,0.0186,0.733,0.0747,OP-B-028,ST-B-21,0.2832,medium
BASM-03394,0.0222,0.743,0.0154,OP-B-112,ST-B-22,0.2017,low
BASM-03395,0.0228,0.71,0.0683,OP-B-018,ST-B-16,0.3023,medium
BASM-03396,0.0069,0.461,0.0476,OP-B-071,ST-B-09,0.4116,medium
BASM-03397,0.025,1.198,0.0122,OP-B-049,ST-B-10,0.1548,low
BASM-03398,0.0235,0.729,0.0285,OP-B-139,ST-B-28,0.253,medium
BASM-03399,0.0238,0.952,0.0224,OP-B-149,ST-B-03,0.1403,low
BASM-03400,0.0264,1.127,0.0284,OP-B-050,ST-B-20,0.2656,medium
BASM-03401,0.0235,1.403,0.0339,OP-B-141,ST-B-04,0.2656,medium
BASM-03402,0.0164,0.858,0.0112,OP-B-115,ST-B-26,0.1327,low
BASM-03403,0.0293,1.032,0.0723,OP-B-041,ST-B-14,0.2416,low
BASM-03404,0.0288,1.315,0.0948,OP-B-021,ST-B-06,0.4554,medium
BASM-03405,0.0064,1.015,0.0517,OP-B-056,ST-B-09,0.2753,medium
BASM-03406,0.0123,0.864,0.1897,OP-B-131,ST-B-29,0.5156,high
BASM-03407,0.013,1.192,0.0447,OP-B-100,ST-B-15,0.2045,low
BASM-03408,0.0191,1.024,0.0446,OP-B-117,ST-B-03,0.104,low
BASM-03409,0.0331,1.136,0.0249,OP-B-107,ST-B-22,0.3999,medium
BASM-03410,0.0176,1.435,0.1038,OP-B-012,ST-B-16,0.3749,medium
BASM-03411,0.0255,0.854,0.1698,OP-B-002,ST-B-12,0.4847,medium
BASM-03412,0.0141,1.206,0.0349,OP-B-147,ST-B-05,0.2793,medium
BASM-03413,0.015,1.532,0.0537,OP-B-019,ST-B-11,0.336,medium
BASM-03414,0.0226,1.132,0.0429,OP-B-029,ST-B-09,0.1551,low
BASM-03415,0.0258,0.547,0.057,OP-B-045,ST-B-11,0.3054,medium
BASM-03416,0.0031,0.67,0.0546,OP-B-096,ST-B-19,0.3646,medium
BASM-03417,0.0193,0.844,0.0239,OP-B-064,ST-B-06,0.1087,low
BASM-03418,0.023,0.77,0.0134,OP-B-090,ST-B-29,0.1359,low
BASM-03419,0.0095,0.676,0.0709,OP-B-050,ST-B-26,0.3851,medium
BASM-03420,0.036,0.818,0.0821,OP-B-008,ST-B-08,0.4827,medium
BASM-03421,0.0174,0.987,0.0205,OP-B-117,ST-B-02,0.1005,low
BASM-03422,0.0145,1.054,0.0306,OP-B-001,ST-B-11,0.1595,low
BASM-03423,0.0224,0.638,0.0466,OP-B-041,ST-B-25,0.2495,low
BASM-03424,0.0255,1.094,0.0315,OP-B-134,ST-B-02,0.1544,low
BASM-03425,0.0327,0.462,0.0828,OP-B-043,ST-B-16,0.544,high
BASM-03426,0.0075,0.79,0.0675,OP-B-123,ST-B-06,0.3499,medium
BASM-03427,0.0108,1.068,0.0112,OP-B-002,ST-B-25,0.0935,low
BASM-03428,0.0102,1.735,0.0907,OP-B-004,ST-B-21,0.5668,high
BASM-03429,0.0073,0.965,0.0367,OP-B-080,ST-B-09,0.2387,low
BASM-03430,0.021,1.073,0.0165,OP-B-082,ST-B-20,0.1318,low
BASM-03431,0.0127,0.975,0.0187,OP-B-032,ST-B-09,0.0932,low
BASM-03432,0.018,1.096,0.0269,OP-B-023,ST-B-27,0.0721,low
BASM-03433,0.0088,1.21,0.1058,OP-B-042,ST-B-26,0.4147,medium
BASM-03434,0.0262,1.001,0.0356,OP-B-075,ST-B-08,0.1409,low
BASM-03435,0.0257,0.72,0.0327,OP-B-012,ST-B-27,0.2668,medium
BASM-03436,0.0238,1.008,0.0282,OP-B-083,ST-B-19,0.1527,low
BASM-03437,0.0122,1.3,0.1031,OP-B-031,ST-B-25,0.4406,medium
BASM-03438,0.0116,1.211,0.0328,OP-B-042,ST-B-08,0.2571,medium
BASM-03439,0.0205,1.078,0.0326,OP-B-031,ST-B-25,0.0468,low
BASM-03440,0.0207,0.788,0.0793,OP-B-020,ST-B-15,0.2676,medium
BASM-03441,0.0202,1.582,0.0703,OP-B-030,ST-B-08,0.4085,medium
BASM-03442,0.0224,1.036,0.0355,OP-B-140,ST-B-29,0.1151,low
BASM-03443,0.035,1.147,0.0362,OP-B-113,ST-B-26,0.3239,medium
BASM-03444,0.0231,1.111,0.0605,OP-B-044,ST-B-14,0.2547,medium
BASM-03445,0.0107,1.079,0.0247,OP-B-065,ST-B-26,0.18,low
BASM-03446,0.006,0.845,0.0345,OP-B-039,ST-B-13,0.2961,medium
BASM-03447,0.0305,0.872,0.0322,OP-B-046,ST-B-25,0.294,medium
BASM-03448,0.0275,1.093,0.0618,OP-B-095,ST-B-03,0.298,medium
BASM-03449,0.0199,0.943,0.1139,OP-B-135,ST-B-30,0.2086,low
BASM-03450,0.0152,0.828,0.0116,OP-B-031,ST-B-28,0.0465,low
BASM-03451,0.0168,1.305,0.0593,OP-B-004,ST-B-18,0.2212,low
BASM-03452,0.0052,1.042,0.0893,OP-B-149,ST-B-15,0.3628,medium
BASM-03453,0.0118,1.674,0.0323,OP-B-079,ST-B-11,0.3793,medium
BASM-03454,0.0141,0.925,0.2123,OP-B-145,ST-B-27,0.4282,medium
BASM-03455,0.0184,1.003,0.1179,OP-B-078,ST-B-04,0.2603,medium
BASM-03456,0.0069,0.984,0.1127,OP-B-120,ST-B-06,0.3733,medium
BASM-03457,0.0269,0.831,0.0952,OP-B-114,ST-B-17,0.3448,medium
BASM-03458,0.0197,0.554,0.0185,OP-B-135,ST-B-28,0.2107,low
BASM-03459,0.0144,0.744,0.0451,OP-B-053,ST-B-03,0.2458,low
BASM-03460,0.013,1.135,0.002,OP-B-092,ST-B-18,0.1217,low
BASM-03461,-0.0045,1.599,0.0311,OP-B-108,ST-B-18,0.5744,high
BASM-03462,0.0433,1.436,0.0485,OP-B-103,ST-B-11,0.6016,high
BASM-03463,0.0275,1.399,0.0078,OP-B-084,ST-B-28,0.3329,medium
BASM-03464,0.0329,1.153,0.0295,OP-B-066,ST-B-07,0.2753,medium
BASM-03465,0.0267,1.276,0.01,OP-B-016,ST-B-23,0.2999,medium
BASM-03466,-0.0015,0.723,0.0425,OP-B-003,ST-B-03,0.4444,medium
BASM-03467,0.0186,0.496,0.1211,OP-B-144,ST-B-05,0.4615,medium
BASM-03468,-0.006,0.78,0.0492,OP-B-135,ST-B-13,0.4847,medium
BASM-03469,0.0232,0.947,0.0798,OP-B-129,ST-B-06,0.1868,low
BASM-03470,0.0186,0.747,0.1214,OP-B-069,ST-B-21,0.3442,medium
BASM-03471,0.0274,1.401,0.0292,OP-B-072,ST-B-16,0.3402,medium
BASM-03472,0.0335,0.883,0.1735,OP-B-023,ST-B-17,0.6625,high
BASM-03473,0.0174,1.203,0.0927,OP-B-077,ST-B-17,0.328,medium
BASM-03474,0.0183,1.025,0.0052,OP-B-120,ST-B-11,0.0229,low
BASM-03475,0.0229,0.602,0.0231,OP-B-149,ST-B-09,0.2565,medium
BASM-03476,0.0097,0.659,0.0511,OP-B-129,ST-B-17,0.3356,medium
BASM-03477,0.0169,0.667,0.0542,OP-B-144,ST-B-23,0.2942,medium
BASM-03478,0.023,1.53,0.2107,OP-B-059,ST-B-23,0.6862,high
BASM-03479,0.0183,1.332,0.0316,OP-B-005,ST-B-18,0.2466,low
BASM-03480,0.0153,1.084,0.029,OP-B-005,ST-B-01,0.1957,low
BASM-03481,0.0155,1.226,0.0843,OP-B-089,ST-B-18,0.2589,medium
BASM-03482,0.0138,1.335,0.0656,OP-B-109,ST-B-10,0.3476,medium
BASM-03483,0.0255,1.005,0.0238,OP-B-148,ST-B-08,0.1954,low
BASM-03484,0.0246,0.989,0.0284,OP-B-091,ST-B-25,0.1779,low
BASM-03485,0.0053,1.015,0.0173,OP-B-060,ST-B-21,0.1606,low
BASM-03486,0.0142,0.3,0.0534,OP-B-110,ST-B-11,0.4497,medium
BASM-03487,0.0056,1.128,0.044,OP-B-017,ST-B-03,0.3113,medium
BASM-03488,0.0167,0.346,0.0784,OP-B-125,ST-B-14,0.4345,medium
BASM-03489,0.0231,0.622,0.0354,OP-B-060,ST-B-03,0.2731,medium
BASM-03490,0.034,0.836,0.0548,OP-B-039,ST-B-19,0.3589,medium
BASM-03491,0.0089,0.961,0.0739,OP-B-118,ST-B-10,0.3021,medium
BASM-03492,0.0272,0.933,0.0583,OP-B-039,ST-B-03,0.2048,low
BASM-03493,0.0244,1.043,0.0855,OP-B-008,ST-B-06,0.2317,low
BASM-03494,0.0282,0.955,0.0146,OP-B-099,ST-B-06,0.2151,low
BASM-03495,0.0035,1.133,0.0993,OP-B-141,ST-B-19,0.4752,medium
BASM-03496,0.0269,0.885,0.0919,OP-B-035,ST-B-20,0.3388,medium
BASM-03497,0.0157,0.72,0.0248,OP-B-075,ST-B-03,0.1746,low
BASM-03498,0.0182,1.163,0.0424,OP-B-127,ST-B-12,0.1003,low
BASM-03499,0.0188,1.089,0.1189,OP-B-107,ST-B-08,0.3222,medium
BASM-03500,0.0087,0.814,0.0268,OP-B-052,ST-B-19,0.3254,medium
BASM-03501,0.0079,0.656,0.0764,OP-B-091,ST-B-01,0.4851,medium
BASM-03502,0.0107,1.292,0.1582,OP-B-020,ST-B-17,0.5502,high
BASM-03503,0.0134,1.51,0.0561,OP-B-043,ST-B-10,0.3443,medium
BASM-03504,0.0193,0.629,0.0937,OP-B-002,ST-B-01,0.3403,medium
BASM-03505,0.0233,1.478,0.087,OP-B-035,ST-B-11,0.4258,medium
BASM-03506,0.0007,0.583,0.0724,OP-B-150,ST-B-06,0.509,high
BASM-03507,0.0161,0.742,0.025,OP-B-017,ST-B-05,0.1252,low
BASM-03508,0.006,0.981,0.097,OP-B-068,ST-B-01,0.3629,medium
BASM-03509,0.0144,0.484,0.056,OP-B-123,ST-B-28,0.411,medium
BASM-03510,0.0054,1.045,0.0113,OP-B-119,ST-B-18,0.1802,low
BASM-03511,0.0244,1.401,0.0584,OP-B-090,ST-B-24,0.4013,medium
BASM-03512,0.0436,0.768,0.033,OP-B-108,ST-B-28,0.4924,medium
BASM-03513,0.0238,0.59,0.0881,OP-B-107,ST-B-06,0.3507,medium
BASM-03514,0.0039,0.672,0.0535,OP-B-105,ST-B-18,0.4256,medium
BASM-03515,0.0195,0.822,0.047,OP-B-099,ST-B-08,0.1943,low
BASM-03516,0.0164,1.416,0.1446,OP-B-064,ST-B-13,0.4768,medium
BASM-03517,0.0113,1.198,0.0461,OP-B-041,ST-B-25,0.2744,medium
BASM-03518,0.0192,0.89,0.1084,OP-B-009,ST-B-28,0.3599,medium
BASM-03519,0.0307,0.821,0.0676,OP-B-072,ST-B-15,0.3508,medium
BASM-03520,0.0238,0.915,0.0654,OP-B-134,ST-B-04,0.2755,medium
BASM-03521,0.0319,1.413,0.0344,OP-B-142,ST-B-12,0.3723,medium
BASM-03522,0.0257,1.267,0.0249,OP-B-005,ST-B-01,0.2443,low
BASM-03523,0.0203,1.01,0.0177,OP-B-101,ST-B-18,0.0738,low
BASM-03524,0.018,0.708,0.0069,OP-B-061,ST-B-13,0.1844,low
BASM-03525,0.0231,0.728,0.0387,OP-B-109,ST-B-17,0.2568,medium
BASM-03526,0.0235,0.756,0.0509,OP-B-071,ST-B-04,0.3164,medium
BASM-03527,0.0241,0.559,0.0863,OP-B-031,ST-B-30,0.4031,medium
BASM-03528,0.0115,1.055,0.0989,OP-B-024,ST-B-05,0.3259,medium
BASM-03529,0.0096,1.359,0.0545,OP-B-049,ST-B-29,0.4234,medium
BASM-03530,0.0128,1.015,0.0734,OP-B-127,ST-B-13,0.2,low
BASM-03531,0.0021,0.943,0.1154,OP-B-094,ST-B-13,0.416,medium
BASM-03532,0.0198,0.472,0.16,OP-B-012,ST-B-27,0.5465,high
BASM-03533,0.0224,0.572,0.007,OP-B-070,ST-B-04,0.1798,low
BASM-03534,0.0205,0.745,0.0594,OP-B-070,ST-B-09,0.2445,low
BASM-03535,0.0497,1.404,0.0217,OP-B-104,ST-B-06,0.532,high
BASM-03536,0.0248,1.112,0.0522,OP-B-135,ST-B-05,0.2194,low
BASM-03537,-0.006,1.038,0.074,OP-B-035,ST-B-20,0.456,medium
BASM-03538,0.0219,1.364,0.0918,OP-B-035,ST-B-15,0.384,medium
BASM-03539,0.0161,1.152,0.0478,OP-B-058,ST-B-16,0.248,low
BASM-03540,0.0181,1.123,0.0113,OP-B-137,ST-B-25,0.0508,low
BASM-03541,0.0365,0.828,0.0184,OP-B-084,ST-B-16,0.3303,medium
BASM-03542,0.0182,1.757,0.0186,OP-B-143,ST-B-28,0.3326,medium
BASM-03543,0.0189,1.284,0.0237,OP-B-088,ST-B-22,0.1704,low
BASM-03544,0.0028,0.973,0.0634,OP-B-009,ST-B-24,0.379,medium
BASM-03545,0.0268,1.238,0.0395,OP-B-016,ST-B-12,0.3531,medium
BASM-03546,0.0166,1.094,0.0689,OP-B-076,ST-B-18,0.1766,low
BASM-03547,0.0222,0.621,0.1298,OP-B-038,ST-B-15,0.4856,medium
BASM-03548,0.0097,1.071,0.0329,OP-B-065,ST-B-14,0.2286,low
BASM-03549,0.025,1.301,0.0993,OP-B-064,ST-B-21,0.4342,medium
BASM-03550,0.0247,0.973,0.0795,OP-B-048,ST-B-15,0.2528,medium
BASM-03551,0.0147,1.325,0.0101,OP-B-033,ST-B-13,0.1257,low
BASM-03552,0.0155,0.857,0.0288,OP-B-126,ST-B-29,0.1148,low
BASM-03553,0.0056,1.277,0.0276,OP-B-001,ST-B-04,0.3201,medium
BASM-03554,0.004,0.888,0.0721,OP-B-123,ST-B-23,0.3453,medium
BASM-03555,0.0147,1.088,0.1046,OP-B-073,ST-B-25,0.2318,low
BASM-03556,0.0082,0.915,0.0379,OP-B-080,ST-B-07,0.2617,medium
BASM-03557,0.0066,0.954,0.0134,OP-B-048,ST-B-15,0.1889,low
BASM-03558,0.0295,1.083,0.0837,OP-B-131,ST-B-24,0.2976,medium
BASM-03559,0.0132,0.667,0.0172,OP-B-082,ST-B-01,0.1502,low
BASM-03560,0.0284,1.488,0.028,OP-B-108,ST-B-07,0.3504,medium
BASM-03561,0.02,0.475,0.0644,OP-B-006,ST-B-26,0.3164,medium
BASM-03562,0.0305,1.252,0.0147,OP-B-129,ST-B-03,0.285,medium
BASM-03563,0.0273,0.812,0.0271,OP-B-078,ST-B-27,0.2679,medium
BASM-03564,0.0254,1.26,0.0496,OP-B-059,ST-B-21,0.3849,medium
BASM-03565,0.0084,0.892,0.0821,OP-B-013,ST-B-21,0.2655,medium
BASM-03566,0.0313,0.772,0.0363,OP-B-009,ST-B-28,0.3375,medium
BASM-03567,0.0186,0.878,0.0367,OP-B-105,ST-B-05,0.1411,low
BASM-03568,0.0096,1.454,0.0654,OP-B-106,ST-B-05,0.4819,medium
BASM-03569,0.0095,1.214,0.0952,OP-B-034,ST-B-13,0.4099,medium
BASM-03570,0.0079,0.917,0.1815,OP-B-036,ST-B-22,0.5813,high
BASM-03571,0.0276,1.714,0.0461,OP-B-062,ST-B-29,0.4638,medium
BASM-03572,0.0263,1.234,0.111,OP-B-097,ST-B-26,0.4037,medium
BASM-03573,0.0236,1.417,0.0066,OP-B-115,ST-B-12,0.2542,medium
BASM-03574,0.0198,0.822,0.0838,OP-B-114,ST-B-25,0.2613,medium
BASM-03575,0.0183,1.008,0.0124,OP-B-134,ST-B-10,0.0417,low
BASM-03576,0.0204,0.422,0.0157,OP-B-128,ST-B-06,0.2974,medium
BASM-03577,0.0251,0.91,0.0496,OP-B-009,ST-B-04,0.2244,low
BASM-03578,0.0299,0.857,0.0581,OP-B-028,ST-B-30,0.3405,medium
BASM-03579,0.0313,1.443,0.0768,OP-B-106,ST-B-21,0.4894,medium
BASM-03580,0.0335,0.674,0.0515,OP-B-090,ST-B-27,0.4451,medium
BASM-03581,0.0317,1.045,0.0709,OP-B-035,ST-B-03,0.3419,medium
BASM-03582,0.007,1.262,0.0124,OP-B-085,ST-B-15,0.2437,low
BASM-03583,0.0119,1.05,0.1321,OP-B-016,ST-B-17,0.3738,medium
BASM-03584,-0.001,1.158,0.006,OP-B-127,ST-B-07,0.2773,medium
BASM-03585,0.0404,0.894,0.01,OP-B-038,ST-B-07,0.3355,medium
BASM-03586,0.0233,0.454,0.0499,OP-B-038,ST-B-29,0.3985,medium
BASM-03587,0.0162,0.605,0.0678,OP-B-099,ST-B-03,0.3384,medium
BASM-03588,0.0208,0.797,0.0849,OP-B-085,ST-B-03,0.2366,low
BASM-03589,0.0268,1.733,0.0375,OP-B-007,ST-B-21,0.493,medium
BASM-03590,0.0177,0.819,0.0539,OP-B-141,ST-B-17,0.1836,low
BASM-03591,0.0201,1.323,0.1285,OP-B-107,ST-B-25,0.4418,medium
BASM-03592,0.0181,1.257,0.2138,OP-B-034,ST-B-19,0.509,high
BASM-03593,0.026,1.183,0.1493,OP-B-120,ST-B-02,0.5173,high
BASM-03594,0.0359,0.651,0.0118,OP-B-074,ST-B-11,0.3136,medium
BASM-03595,0.0214,0.857,0.0771,OP-B-133,ST-B-29,0.2877,medium
BASM-03596,0.0252,1.01,0.1477,OP-B-004,ST-B-03,0.3695,medium
BASM-03597,0.0183,1.069,0.1048,OP-B-058,ST-B-22,0.1966,low
BASM-03598,0.0084,0.3,0.0452,OP-B-028,ST-B-02,0.4657,medium
BASM-03599,0.0193,0.768,0.0108,OP-B-117,ST-B-22,0.118,low
BASM-03600,0.0131,0.957,0.0527,OP-B-110,ST-B-14,0.1888,low
BASM-03601,0.0249,0.83,0.0203,OP-B-048,ST-B-23,0.1216,low
BASM-03602,0.0235,0.946,0.0372,OP-B-005,ST-B-10,0.1726,low
BASM-03603,0.0313,1.425,0.0541,OP-B-049,ST-B-27,0.4497,medium
BASM-03604,0.0274,0.92,0.1115,OP-B-105,ST-B-18,0.4021,medium
BASM-03605,0.0133,1.529,0.0546,OP-B-099,ST-B-06,0.4343,medium
BASM-03606,0.0115,0.949,0.0935,OP-B-112,ST-B-21,0.3658,medium
BASM-03607,0.0324,0.947,0.0581,OP-B-051,ST-B-12,0.3338,medium
BASM-03608,0.0335,0.926,0.0238,OP-B-048,ST-B-17,0.2586,medium
BASM-03609,0.0273,1.249,0.0793,OP-B-019,ST-B-28,0.3683,medium
BASM-03610,0.0155,0.956,0.0458,OP-B-129,ST-B-26,0.1311,low
BASM-03611,0.0199,0.805,0.0479,OP-B-145,ST-B-08,0.1603,low
BASM-03612,0.036,0.46,0.0288,OP-B-009,ST-B-16,0.4896,medium
BASM-03613,0.0226,1.292,0.0654,OP-B-092,ST-B-03,0.3374,medium
BASM-03614,0.0261,1.065,0.0371,OP-B-050,ST-B-07,0.1647,low
BASM-03615,0.0312,0.813,0.0202,OP-B-140,ST-B-02,0.2575,medium
BASM-03616,0.0188,1.03,0.023,OP-B-028,ST-B-21,0.1264,low
BASM-03617,0.0178,1.067,0.0289,OP-B-085,ST-B-05,0.1,low
BASM-03618,0.0093,1.06,0.0776,OP-B-043,ST-B-10,0.2935,medium
BASM-03619,0.0155,1.372,0.0579,OP-B-010,ST-B-22,0.3302,medium
BASM-03620,0.0069,0.961,0.1062,OP-B-086,ST-B-12,0.4037,medium
BASM-03621,0.0325,1.274,0.083,OP-B-016,ST-B-02,0.4819,medium
BASM-03622,0.0037,1.38,0.0301,OP-B-027,ST-B-02,0.3825,medium
BASM-03623,0.0425,1.463,0.0769,OP-B-081,ST-B-18,0.6686,high
BASM-03624,0.0271,0.465,0.0221,OP-B-120,ST-B-01,0.3892,medium
BASM-03625,0.0176,0.983,0.0477,OP-B-016,ST-B-17,0.1166,low
BASM-03626,0.0133,1.37,0.0674,OP-B-028,ST-B-10,0.3611,medium
BASM-03627,0.0207,0.726,0.014,OP-B-089,ST-B-19,0.1424,low
BASM-03628,0.0257,1.255,0.0273,OP-B-055,ST-B-15,0.2143,low
BASM-03629,0.0325,0.834,0.0548,OP-B-038,ST-B-12,0.3877,medium
BASM-03630,-0.0041,0.809,0.0745,OP-B-065,ST-B-09,0.4874,medium
BASM-03631,0.0114,0.852,0.0353,OP-B-061,ST-B-01,0.2027,low
BASM-03632,0.0148,1.355,0.0077,OP-B-037,ST-B-13,0.2468,low
BASM-03633,0.0203,1.145,0.0162,OP-B-114,ST-B-07,0.1066,low
BASM-03634,0.0261,1.177,0.0432,OP-B-092,ST-B-26,0.2518,medium
BASM-03635,0.0123,0.417,0.0256,OP-B-119,ST-B-13,0.3722,medium
BASM-03636,0.0178,1.23,0.1293,OP-B-023,ST-B-29,0.3542,medium
BASM-03637,0.0136,0.776,0.0402,OP-B-032,ST-B-20,0.2702,medium
BASM-03638,0.0122,1.084,0.0329,OP-B-067,ST-B-03,0.1336,low
BASM-03639,0.019,1.136,0.0426,OP-B-051,ST-B-17,0.1305,low
BASM-03640,0.0234,1.392,0.0395,OP-B-040,ST-B-15,0.2922,medium
BASM-03641,-0.006,0.517,0.0628,OP-B-141,ST-B-28,0.6361,high
BASM-03642,0.0158,1.353,0.0376,OP-B-132,ST-B-19,0.2588,medium
BASM-03643,0.0183,1.166,0.0369,OP-B-128,ST-B-30,0.1179,low
BASM-03644,0.019,0.594,0.107,OP-B-087,ST-B-05,0.3335,medium
BASM-03645,0.0075,0.34,0.0327,OP-B-035,ST-B-12,0.5328,high
BASM-03646,0.015,0.898,0.051,OP-B-124,ST-B-06,0.1655,low
BASM-03647,0.019,1.135,0.0924,OP-B-053,ST-B-04,0.2267,low
BASM-03648,0.0185,0.556,0.0147,OP-B-133,ST-B-26,0.2339,low
BASM-03649,0.0245,0.852,0.0345,OP-B-121,ST-B-04,0.237,low
BASM-03650,0.0165,0.961,0.0046,OP-B-014,ST-B-09,0.0635,low
BASM-03651,0.0155,0.88,0.0938,OP-B-030,ST-B-08,0.3118,medium
BASM-03652,0.0072,0.712,0.046,OP-B-005,ST-B-28,0.3686,medium
BASM-03653,0.0161,0.989,0.0227,OP-B-095,ST-B-21,0.0528,low
BASM-03654,0.0282,0.881,0.0255,OP-B-048,ST-B-23,0.237,low
BASM-03655,0.0267,1.441,0.0469,OP-B-016,ST-B-11,0.408,medium
BASM-03656,0.0036,0.962,0.0441,OP-B-066,ST-B-01,0.2474,low
BASM-03657,0.0263,0.946,0.0421,OP-B-050,ST-B-08,0.2842,medium
BASM-03658,0.0047,0.902,0.0364,OP-B-093,ST-B-26,0.2786,medium
BASM-03659,0.0177,1.003,0.0422,OP-B-026,ST-B-06,0.0769,low
BASM-03660,0.0036,0.648,0.0375,OP-B-059,ST-B-16,0.3336,medium
BASM-03661,0.0296,1.662,0.0952,OP-B-013,ST-B-28,0.6432,high
BASM-03662,0.0221,0.822,0.0635,OP-B-115,ST-B-20,0.2927,medium
BASM-03663,0.037,0.998,0.0816,OP-B-147,ST-B-30,0.3575,medium
BASM-03664,0.0182,0.886,0.0408,OP-B-143,ST-B-29,0.105,low
BASM-03665,0.0364,1.111,0.0458,OP-B-019,ST-B-09,0.3986,medium
BASM-03666,0.0027,0.508,0.0225,OP-B-018,ST-B-18,0.3992,medium
BASM-03667,0.0063,0.898,0.082,OP-B-034,ST-B-05,0.3766,medium
BASM-03668,0.0048,1.278,0.0229,OP-B-137,ST-B-03,0.3249,medium
BASM-03669,0.0198,1.033,0.056,OP-B-026,ST-B-08,0.0983,low
BASM-03670,0.0239,1.078,0.0275,OP-B-042,ST-B-10,0.1776,low
BASM-03671,0.013,0.982,0.2181,OP-B-008,ST-B-02,0.4914,medium
BASM-03672,0.0088,1.384,0.0429,OP-B-051,ST-B-19,0.3706,medium
BASM-03673,0.0292,1.196,0.0669,OP-B-021,ST-B-08,0.3645,medium
BASM-03674,0.0022,1.084,0.1517,OP-B-118,ST-B-28,0.592,high
BASM-03675,0.0217,1.225,0.0653,OP-B-111,ST-B-18,0.2799,medium
BASM-03676,0.0146,1.462,0.1084,OP-B-101,ST-B-05,0.4237,medium
BASM-03677,0.0092,1.202,0.0608,OP-B-078,ST-B-19,0.3083,medium
BASM-03678,0.016,0.941,0.0083,OP-B-086,ST-B-15,0.0609,low
BASM-03679,0.0019,0.984,0.0462,OP-B-082,ST-B-09,0.3198,medium
BASM-03680,0.0179,1.229,0.0206,OP-B-052,ST-B-06,0.1804,low
BASM-03681,0.0135,1.137,0.0519,OP-B-013,ST-B-15,0.2123,low
BASM-03682,0.0062,1.056,0.1094,OP-B-019,ST-B-03,0.3642,medium
BASM-03683,0.0205,1.187,0.0397,OP-B-116,ST-B-16,0.2007,low
BASM-03684,0.02,1.033,0.0488,OP-B-033,ST-B-21,0.16,low
BASM-03685,0.0145,0.878,0.0221,OP-B-085,ST-B-01,0.1098,low
BASM-03686,0.014,1.767,0.0161,OP-B-069,ST-B-29,0.3731,medium
BASM-03687,0.024,0.835,0.0554,OP-B-100,ST-B-16,0.2761,medium
BASM-03688,0.0258,0.8,0.0695,OP-B-037,ST-B-28,0.2449,low
BASM-03689,0.0039,0.747,0.0402,OP-B-009,ST-B-28,0.3476,medium
BASM-03690,0.0261,1.176,0.0645,OP-B-032,ST-B-08,0.306,medium
BASM-03691,0.0179,0.798,0.0406,OP-B-060,ST-B-11,0.1718,low
BASM-03692,0.0366,0.684,0.0872,OP-B-059,ST-B-28,0.5027,high
BASM-03693,0.0176,1.572,0.0411,OP-B-037,ST-B-26,0.3021,medium
BASM-03694,0.0188,1.083,0.0573,OP-B-075,ST-B-07,0.1483,low
BASM-03695,0.0188,1.096,0.0557,OP-B-045,ST-B-22,0.1424,low
BASM-03696,0.0223,1.284,0.0938,OP-B-064,ST-B-13,0.306,medium
BASM-03697,0.0061,0.676,0.0365,OP-B-020,ST-B-19,0.345,medium
BASM-03698,0.0208,1.489,0.046,OP-B-085,ST-B-30,0.3224,medium
BASM-03699,0.0223,0.919,0.0487,OP-B-091,ST-B-10,0.2441,low
BASM-03700,0.0081,1.294,0.0237,OP-B-031,ST-B-24,0.3322,medium
BASM-03701,0.0225,0.925,0.0353,OP-B-090,ST-B-22,0.1318,low
BASM-03702,0.0064,1.36,0.0862,OP-B-139,ST-B-16,0.4634,medium
BASM-03703,0.0215,0.978,0.0535,OP-B-095,ST-B-18,0.1261,low
BASM-03704,0.0015,1.176,0.0476,OP-B-144,ST-B-24,0.3748,medium
BASM-03705,0.0204,0.983,0.0606,OP-B-082,ST-B-23,0.1196,low
BASM-03706,-0.0052,0.482,0.0243,OP-B-108,ST-B-03,0.5283,high
BASM-03707,0.0179,1.144,0.0564,OP-B-141,ST-B-05,0.1884,low
BASM-03708,0.0289,1.135,0.0856,OP-B-091,ST-B-21,0.3629,medium
BASM-03709,0.0248,0.658,0.0577,OP-B-054,ST-B-17,0.4192,medium
BASM-03710,0.0223,1.078,0.0298,OP-B-024,ST-B-04,0.0734,low
BASM-03711,0.0212,1.075,0.0469,OP-B-042,ST-B-10,0.1314,low
BASM-03712,0.0103,0.798,0.1529,OP-B-076,ST-B-19,0.5008,high
BASM-03713,0.0188,1.455,0.0214,OP-B-052,ST-B-14,0.2643,medium
BASM-03714,0.0202,0.785,0.0918,OP-B-110,ST-B-02,0.267,medium
BASM-03715,0.0173,0.923,0.0602,OP-B-121,ST-B-17,0.1832,low
BASM-03716,0.0172,1.055,0.1956,OP-B-062,ST-B-12,0.5014,high
BASM-03717,0.0149,1.457,0.0897,OP-B-137,ST-B-30,0.4019,medium
BASM-03718,0.0186,1.047,0.0672,OP-B-062,ST-B-23,0.1591,low
BASM-03719,0.0377,0.704,0.063,OP-B-079,ST-B-25,0.5671,high
BASM-03720,0.028,1.013,0.0452,OP-B-094,ST-B-09,0.236,low
BASM-03721,0.0246,0.886,0.0314,OP-B-041,ST-B-24,0.1845,low
BASM-03722,0.0089,1.356,0.0079,OP-B-136,ST-B-19,0.2274,low
BASM-03723,0.011,1.341,0.0507,OP-B-013,ST-B-05,0.3348,medium
BASM-03724,0.0169,1.038,0.0215,OP-B-079,ST-B-23,0.0327,low
BASM-03725,0.016,0.975,0.0122,OP-B-002,ST-B-23,0.0121,low
BASM-03726,0.0142,0.721,0.0359,OP-B-001,ST-B-11,0.2685,medium
BASM-03727,0.0118,0.729,0.0228,OP-B-007,ST-B-13,0.2964,medium
BASM-03728,0.0247,0.967,0.0451,OP-B-038,ST-B-22,0.2122,low
BASM-03729,0.0159,1.101,0.0106,OP-B-026,ST-B-29,0.1795,low
BASM-03730,0.0146,1.121,0.0148,OP-B-023,ST-B-13,0.0154,low
BASM-03731,0.0051,1.303,0.0329,OP-B-144,ST-B-03,0.3218,medium
BASM-03732,0.022,1.053,0.0575,OP-B-047,ST-B-18,0.194,low
BASM-03733,0.0001,0.843,0.0316,OP-B-115,ST-B-27,0.3651,medium
BASM-03734,0.0195,0.714,0.0351,OP-B-022,ST-B-13,0.1746,low
BASM-03735,0.0185,1.211,0.0868,OP-B-074,ST-B-18,0.2196,low
BASM-03736,0.0237,0.761,0.096,OP-B-065,ST-B-27,0.3548,medium
BASM-03737,0.0206,0.573,0.0996,OP-B-082,ST-B-05,0.4179,medium
BASM-03738,0.0235,0.661,0.0206,OP-B-083,ST-B-27,0.2524,medium
BASM-03739,0.0231,0.791,0.064,OP-B-065,ST-B-16,0.2786,medium
BASM-03740,0.0077,0.793,0.0129,OP-B-147,ST-B-14,0.2023,low
BASM-03741,0.0098,1.607,0.0284,OP-B-024,ST-B-07,0.4131,medium
BASM-03742,0.0264,1.406,0.1286,OP-B-105,ST-B-25,0.5497,high
BASM-03743,0.025,0.916,0.0856,OP-B-020,ST-B-18,0.3015,medium
BASM-03744,0.0111,1.179,0.0203,OP-B-136,ST-B-03,0.1719,low
BASM-03745,0.012,0.9,0.0489,OP-B-072,ST-B-29,0.284,medium
BASM-03746,0.0242,1.065,0.1093,OP-B-086,ST-B-13,0.3608,medium
BASM-03747,0.023,0.905,0.035,OP-B-117,ST-B-07,0.1778,low
BASM-03748,0.0196,1.287,0.0268,OP-B-091,ST-B-12,0.1666,low
BASM-03749,0.0109,1.123,0.087,OP-B-036,ST-B-18,0.345,medium
BASM-03750,0.0333,1.013,0.0162,OP-B-092,ST-B-07,0.1997,low
BASM-03751,0.0452,0.955,0.058,OP-B-005,ST-B-08,0.3815,medium
BASM-03752,0.0263,0.988,0.0547,OP-B-115,ST-B-17,0.2087,low
BASM-03753,0.027,0.917,0.0394,OP-B-083,ST-B-10,0.2858,medium
BASM-03754,0.014,0.717,0.067,OP-B-005,ST-B-17,0.3539,medium
BASM-03755,0.0321,0.868,0.0585,OP-B-133,ST-B-17,0.376,medium
BASM-03756,0.0372,0.825,0.1025,OP-B-042,ST-B-01,0.4818,medium
BASM-03757,0.0089,1.062,0.0206,OP-B-150,ST-B-01,0.1913,low
BASM-03758,0.031,1.393,0.0473,OP-B-029,ST-B-01,0.4116,medium
BASM-03759,0.0329,0.931,0.0059,OP-B-056,ST-B-18,0.206,low
BASM-03760,0.0003,0.423,0.1458,OP-B-051,ST-B-16,0.6833,high
BASM-03761,0.0072,1.078,0.0158,OP-B-025,ST-B-28,0.1508,low
BASM-03762,0.0112,0.777,0.0489,OP-B-142,ST-B-27,0.2703,medium
BASM-03763,0.0237,1.157,0.0679,OP-B-076,ST-B-12,0.2947,medium
BASM-03764,0.0027,1.478,0.0873,OP-B-045,ST-B-22,0.5899,high
BASM-03765,0.015,0.496,0.0486,OP-B-074,ST-B-30,0.3874,medium
BASM-03766,0.0081,0.406,0.0781,OP-B-107,ST-B-06,0.5892,high
BASM-03767,0.0096,1.261,0.0789,OP-B-120,ST-B-30,0.3169,medium
BASM-03768,0.011,0.641,0.1086,OP-B-053,ST-B-26,0.4972,medium
BASM-03769,0.0293,0.781,0.0379,OP-B-007,ST-B-18,0.2537,medium
BASM-03770,0.0225,0.946,0.1922,OP-B-004,ST-B-26,0.4189,medium
BASM-03771,0.0189,1.17,0.0404,OP-B-034,ST-B-23,0.1492,low
BASM-03772,0.018,0.639,0.0183,OP-B-077,ST-B-22,0.1899,low
BASM-03773,0.0219,1.56,0.0457,OP-B-137,ST-B-03,0.3365,medium
BASM-03774,0.0187,0.683,0.0991,OP-B-011,ST-B-01,0.3378,medium
BASM-03775,0.0237,1.047,0.0102,OP-B-063,ST-B-18,0.1247,low
BASM-03776,0.0086,0.466,0.0052,OP-B-095,ST-B-04,0.3364,medium
BASM-03777,0.0257,0.3,0.0554,OP-B-055,ST-B-30,0.5061,high
BASM-03778,0.0377,0.906,0.1419,OP-B-135,ST-B-22,0.5915,high
BASM-03779,0.0211,0.989,0.0325,OP-B-005,ST-B-19,0.0825,low
BASM-03780,0.0126,1.349,0.0808,OP-B-007,ST-B-27,0.4596,medium
BASM-03781,0.0121,0.733,0.019,OP-B-010,ST-B-20,0.2286,low
BASM-03782,0.0346,0.789,0.0222,OP-B-025,ST-B-29,0.3374,medium
BASM-03783,0.0105,0.963,0.069,OP-B-090,ST-B-10,0.2484,low
BASM-03784,0.0099,1.326,0.0654,OP-B-037,ST-B-09,0.3727,medium
BASM-03785,0.0235,0.89,0.1289,OP-B-046,ST-B-15,0.3374,medium
BASM-03786,0.0194,0.891,0.0775,OP-B-060,ST-B-20,0.2091,low
BASM-03787,0.0185,0.645,0.0662,OP-B-057,ST-B-15,0.2679,medium
BASM-03788,0.0029,0.978,0.0256,OP-B-021,ST-B-22,0.2889,medium
BASM-03789,0.0236,1.076,0.06,OP-B-053,ST-B-29,0.1951,low
BASM-03790,0.0159,1.229,0.0173,OP-B-139,ST-B-11,0.1279,low
BASM-03791,0.0145,1.512,0.0417,OP-B-005,ST-B-15,0.3351,medium
BASM-03792,0.0214,1.108,0.0296,OP-B-144,ST-B-08,0.1819,low
BASM-03793,0.0187,0.979,0.0903,OP-B-010,ST-B-05,0.2831,medium
BASM-03794,0.0041,0.962,0.0281,OP-B-108,ST-B-11,0.2616,medium
BASM-03795,0.0038,0.778,0.1572,OP-B-039,ST-B-14,0.5963,high
BASM-03796,0.0283,1.096,0.0518,OP-B-115,ST-B-02,0.2571,medium
BASM-03797,0.0294,0.953,0.025,OP-B-062,ST-B-01,0.2172,low
BASM-03798,0.031,1.068,0.02,OP-B-058,ST-B-21,0.2548,medium
BASM-03799,0.0083,1.526,0.0491,OP-B-114,ST-B-02,0.4118,medium
BASM-03800,0.0167,0.724,0.055,OP-B-017,ST-B-06,0.2406,low
BASM-03801,0.0238,0.406,0.0501,OP-B-088,ST-B-18,0.4956,medium
BASM-03802,0.0103,1.258,0.0583,OP-B-020,ST-B-18,0.2781,medium
BASM-03803,0.0212,1.051,0.0202,OP-B-090,ST-B-27,0.0953,low
BASM-03804,0.0167,0.925,0.0323,OP-B-100,ST-B-01,0.0433,low
BASM-03805,0.0132,1.044,0.0918,OP-B-050,ST-B-29,0.2485,low
BASM-03806,0.0005,0.913,0.0701,OP-B-020,ST-B-25,0.3953,medium
BASM-03807,0.0118,0.494,0.1661,OP-B-015,ST-B-29,0.6547,high
BASM-03808,0.0379,0.893,0.0129,OP-B-084,ST-B-09,0.3109,medium
BASM-03809,0.0194,0.93,0.0171,OP-B-028,ST-B-20,0.1146,low
BASM-03810,0.01,0.781,0.0729,OP-B-096,ST-B-12,0.2353,low
BASM-03811,0.016,1.291,0.0628,OP-B-036,ST-B-26,0.2597,medium
BASM-03812,0.0321,0.55,0.0263,OP-B-057,ST-B-05,0.3736,medium
BASM-03813,0.0139,0.976,0.0574,OP-B-072,ST-B-07,0.189,low
BASM-03814,0.0194,1.143,0.0224,OP-B-090,ST-B-09,0.1542,low
BASM-03815,0.029,0.74,0.1141,OP-B-144,ST-B-28,0.4802,medium
BASM-03816,0.0202,0.621,0.0211,OP-B-050,ST-B-01,0.2584,medium
BASM-03817,0.0081,1.366,0.0223,OP-B-108,ST-B-13,0.3658,medium
BASM-03818,0.013,0.781,0.047,OP-B-146,ST-B-07,0.3058,medium
BASM-03819,0.0226,0.988,0.018,OP-B-034,ST-B-17,0.0771,low
BASM-03820,0.0326,1.157,0.1001,OP-B-075,ST-B-03,0.477,medium
BASM-03821,0.0022,1.151,0.1074,OP-B-028,ST-B-22,0.4538,medium
BASM-03822,0.0136,1.474,0.0563,OP-B-019,ST-B-03,0.3015,medium
BASM-03823,0.02,0.431,0.12,OP-B-133,ST-B-25,0.5265,high
BASM-03824,0.0171,0.539,0.082,OP-B-081,ST-B-17,0.3748,medium
BASM-03825,0.0204,1.231,0.0592,OP-B-141,ST-B-21,0.2549,medium
BASM-03826,0.0173,1.681,0.0539,OP-B-040,ST-B-22,0.425,medium
BASM-03827,0.0206,1.084,0.0318,OP-B-128,ST-B-23,0.0865,low
BASM-03828,0.0178,0.898,0.0263,OP-B-044,ST-B-23,0.0914,low
BASM-03829,0.0134,0.922,0.0941,OP-B-105,ST-B-27,0.2508,medium
BASM-03830,0.0205,0.991,0.0217,OP-B-127,ST-B-25,0.0271,low
BASM-03831,0.0287,1.488,0.0549,OP-B-017,ST-B-09,0.4718,medium
BASM-03832,0.0109,0.545,0.0583,OP-B-075,ST-B-26,0.3832,medium
BASM-03833,0.0194,1.101,0.0168,OP-B-021,ST-B-14,0.0456,low
BASM-03834,0.0224,0.548,0.1089,OP-B-123,ST-B-22,0.4361,medium
BASM-03835,0.0172,1.389,0.082,OP-B-136,ST-B-14,0.3538,medium
BASM-03836,0.0036,0.964,0.0219,OP-B-071,ST-B-30,0.2724,medium
BASM-03837,0.021,0.848,0.0571,OP-B-097,ST-B-19,0.2015,low
BASM-03838,0.0219,1.126,0.0993,OP-B-004,ST-B-20,0.271,medium
BASM-03839,0.0124,0.999,0.0309,OP-B-122,ST-B-24,0.1407,low
BASM-03840,0.0135,1.32,0.0327,OP-B-091,ST-B-26,0.2816,medium
BASM-03841,0.029,1.315,0.071,OP-B-083,ST-B-21,0.3801,medium
BASM-03842,0.0171,1.343,0.0484,OP-B-036,ST-B-04,0.2419,low
BASM-03843,0.0169,0.982,0.0914,OP-B-090,ST-B-24,0.1219,low
BASM-03844,0.0084,0.809,0.066,OP-B-012,ST-B-28,0.3052,medium
BASM-03845,-0.0014,0.669,0.0271,OP-B-054,ST-B-16,0.4021,medium
BASM-03846,0.0142,0.947,0.148,OP-B-043,ST-B-20,0.3964,medium
BASM-03847,0.0313,0.76,0.0213,OP-B-087,ST-B-20,0.3636,medium
BASM-03848,0.0068,0.905,0.0353,OP-B-019,ST-B-26,0.2447,low
BASM-03849,0.0224,0.969,0.0603,OP-B-085,ST-B-17,0.1787,low
BASM-03850,0.0139,1.117,0.061,OP-B-010,ST-B-16,0.1857,low
BASM-03851,-0.006,1.014,0.0094,OP-B-133,ST-B-25,0.2469,low
BASM-03852,0.0186,0.745,0.0431,OP-B-092,ST-B-27,0.163,low
BASM-03853,0.018,0.976,0.0349,OP-B-138,ST-B-06,0.1144,low
BASM-03854,0.0417,0.969,0.0244,OP-B-124,ST-B-10,0.3883,medium
BASM-03855,0.022,0.973,0.0062,OP-B-136,ST-B-17,0.0621,low
BASM-03856,0.0133,1.011,0.0371,OP-B-049,ST-B-02,0.1065,low
BASM-03857,0.0067,0.434,0.0159,OP-B-077,ST-B-13,0.4588,medium
BASM-03858,0.0116,1.572,0.0126,OP-B-076,ST-B-15,0.3315,medium
BASM-03859,0.0224,0.95,0.083,OP-B-068,ST-B-18,0.2695,medium
BASM-03860,0.0304,0.681,0.1383,OP-B-016,ST-B-25,0.6133,high
BASM-03861,0.0215,0.987,0.0527,OP-B-024,ST-B-08,0.1812,low
BASM-03862,0.0157,1.117,0.0963,OP-B-095,ST-B-22,0.3109,medium
BASM-03863,0.0321,1.158,0.0509,OP-B-115,ST-B-27,0.3326,medium
BASM-03864,0.017,0.568,0.073,OP-B-012,ST-B-10,0.3532,medium
BASM-03865,0.0274,0.602,0.0227,OP-B-048,ST-B-15,0.3763,medium
BASM-03866,0.0172,0.643,0.0948,OP-B-148,ST-B-03,0.3073,medium
BASM-03867,0.0379,1.216,0.0363,OP-B-010,ST-B-10,0.4125,medium
BASM-03868,0.0295,0.828,0.0548,OP-B-044,ST-B-07,0.2968,medium
BASM-03869,0.0231,1.076,0.0646,OP-B-045,ST-B-18,0.2389,low
BASM-03870,0.0126,0.952,0.1356,OP-B-116,ST-B-16,0.4002,medium
BASM-03871,0.0286,0.944,0.023,OP-B-079,ST-B-07,0.2394,low
BASM-03872,0.0139,1.698,0.0883,OP-B-006,ST-B-10,0.5002,high
BASM-03873,0.0106,1.525,0.1383,OP-B-036,ST-B-11,0.619,high
BASM-03874,0.0075,1.06,0.0216,OP-B-067,ST-B-04,0.2121,low
BASM-03875,0.0139,1.194,0.0565,OP-B-083,ST-B-02,0.298,medium
BASM-03876,0.0099,1.097,0.0865,OP-B-135,ST-B-13,0.3333,medium
BASM-03877,0.0085,1.025,0.0468,OP-B-007,ST-B-27,0.2089,low
BASM-03878,0.0155,0.6,0.0725,OP-B-036,ST-B-27,0.3195,medium
BASM-03879,0.0074,0.865,0.0734,OP-B-147,ST-B-17,0.3233,medium
BASM-03880,0.0178,1.127,0.0702,OP-B-076,ST-B-05,0.2137,low
BASM-03881,0.0225,0.778,0.0748,OP-B-005,ST-B-04,0.3136,medium
BASM-03882,0.014,0.524,0.0532,OP-B-040,ST-B-08,0.3509,medium
BASM-03883,0.0374,1.173,0.0146,OP-B-082,ST-B-11,0.3489,medium
BASM-03884,0.0138,0.812,0.1363,OP-B-106,ST-B-02,0.4246,medium
BASM-03885,0.0216,1.046,0.0191,OP-B-123,ST-B-25,0.1366,low
BASM-03886,0.0175,0.98,0.0289,OP-B-089,ST-B-30,0.0921,low
BASM-03887,0.0162,1.148,0.0574,OP-B-130,ST-B-13,0.18,low
BASM-03888,0.0256,1.043,0.0075,OP-B-138,ST-B-28,0.0693,low
BASM-03889,0.0347,1.235,0.0249,OP-B-145,ST-B-10,0.3127,medium
BASM-03890,0.0165,0.829,0.0279,OP-B-100,ST-B-11,0.1134,low
BASM-03891,0.0187,1.11,0.0954,OP-B-093,ST-B-16,0.2608,medium
BASM-03892,0.0113,1.231,0.0494,OP-B-082,ST-B-16,0.3484,medium
BASM-03893,0.0225,0.32,0.0303,OP-B-035,ST-B-03,0.3714,medium
BASM-03894,0.0043,0.932,0.0391,OP-B-036,ST-B-11,0.3009,medium
BASM-03895,0.0106,1.374,0.0552,OP-B-002,ST-B-11,0.3838,medium
BASM-03896,0.0202,1.539,0.0402,OP-B-034,ST-B-16,0.3157,medium
BASM-03897,0.0153,0.737,0.0591,OP-B-114,ST-B-04,0.2675,medium
BASM-03898,0.0172,1.29,0.0115,OP-B-101,ST-B-30,0.1859,low
BASM-03899,0.0159,1.038,0.0399,OP-B-022,ST-B-19,0.1073,low
BASM-03900,0.0187,0.382,0.0182,OP-B-145,ST-B-30,0.2799,medium
BASM-03901,0.0188,0.864,0.0163,OP-B-070,ST-B-02,0.1421,low
BASM-03902,0.0162,0.949,0.0417,OP-B-142,ST-B-28,0.1028,low
BASM-03903,0.0223,0.973,0.0866,OP-B-148,ST-B-01,0.2524,medium
BASM-03904,0.0177,1.095,0.013,OP-B-015,ST-B-16,0.0651,low
BASM-03905,0.0185,1.092,0.0371,OP-B-079,ST-B-29,0.1084,low
BASM-03906,0.0231,0.715,0.0333,OP-B-106,ST-B-18,0.2729,medium
BASM-03907,0.0221,0.933,0.0384,OP-B-018,ST-B-08,0.1358,low
BASM-03908,0.0127,1.516,0.0346,OP-B-119,ST-B-19,0.3379,medium
BASM-03909,0.0149,1.082,0.1231,OP-B-133,ST-B-14,0.3712,medium
BASM-03910,0.014,0.743,0.0269,OP-B-006,ST-B-02,0.1859,low
BASM-03911,0.0158,1.015,0.0606,OP-B-149,ST-B-23,0.0994,low
BASM-03912,0.0178,0.948,0.0931,OP-B-015,ST-B-22,0.2603,medium
BASM-03913,0.0119,1.224,0.0595,OP-B-146,ST-B-20,0.2845,medium
BASM-03914,0.024,0.814,0.1357,OP-B-119,ST-B-24,0.4611,medium
BASM-03915,0.0215,1.097,0.068,OP-B-028,ST-B-02,0.2445,low
BASM-03916,0.0201,0.904,0.0424,OP-B-086,ST-B-18,0.1932,low
BASM-03917,0.0232,1.419,0.0542,OP-B-101,ST-B-04,0.3341,medium
BASM-03918,0.0187,0.793,0.0447,OP-B-003,ST-B-08,0.128,low
BASM-03919,0.0147,0.6,0.005,OP-B-026,ST-B-12,0.2191,low
BASM-03920,0.024,0.503,0.22,OP-B-117,ST-B-01,0.6488,high
BASM-03921,0.0221,1.064,0.1061,OP-B-085,ST-B-10,0.3064,medium
BASM-03922,0.0109,1.298,0.1246,OP-B-001,ST-B-04,0.4668,medium
BASM-03923,0.0164,1.037,0.22,OP-B-013,ST-B-14,0.4187,medium
BASM-03924,0.0237,0.769,0.0376,OP-B-086,ST-B-07,0.1491,low
BASM-03925,0.012,1.225,0.0377,OP-B-147,ST-B-30,0.2154,low
BASM-03926,0.0045,0.583,0.0732,OP-B-086,ST-B-10,0.4745,medium
BASM-03927,0.0138,0.811,0.078,OP-B-117,ST-B-02,0.3283,medium
BASM-03928,0.0176,1.184,0.0407,OP-B-027,ST-B-13,0.1097,low
BASM-03929,0.0095,1.22,0.0153,OP-B-082,ST-B-12,0.2066,low
BASM-03930,0.0059,1.103,0.0175,OP-B-074,ST-B-22,0.2687,medium
BASM-03931,0.0267,0.83,0.0304,OP-B-022,ST-B-19,0.2799,medium
BASM-03932,-0.0023,0.947,0.0199,OP-B-032,ST-B-28,0.2779,medium
BASM-03933,0.0219,0.473,0.0292,OP-B-118,ST-B-16,0.3657,medium
BASM-03934,0.0267,1.251,0.097,OP-B-142,ST-B-10,0.4547,medium
BASM-03935,0.0213,0.963,0.0256,OP-B-007,ST-B-08,0.1726,low
BASM-03936,0.0353,0.745,0.0402,OP-B-124,ST-B-29,0.3589,medium
BASM-03937,0.036,0.686,0.0563,OP-B-041,ST-B-29,0.4772,medium
BASM-03938,0.0252,1.373,0.0279,OP-B-097,ST-B-11,0.2839,medium
BASM-03939,0.0136,0.649,0.1042,OP-B-080,ST-B-12,0.4446,medium
BASM-03940,0.0157,0.875,0.0297,OP-B-078,ST-B-08,0.1332,low
BASM-03941,0.0085,1.459,0.0653,OP-B-105,ST-B-12,0.4112,medium
BASM-03942,0.0165,0.922,0.0978,OP-B-019,ST-B-26,0.1986,low
BASM-03943,0.0171,0.727,0.0812,OP-B-134,ST-B-18,0.4009,medium
BASM-03944,0.0317,0.446,0.0237,OP-B-131,ST-B-14,0.4178,medium
BASM-03945,0.0076,1.137,0.0264,OP-B-143,ST-B-26,0.2639,medium
BASM-03946,0.0269,0.917,0.0963,OP-B-120,ST-B-28,0.3393,medium
BASM-03947,0.024,0.904,0.0296,OP-B-142,ST-B-02,0.1591,low
BASM-03948,0.0094,1.226,0.0191,OP-B-023,ST-B-14,0.2137,low
BASM-03949,0.0145,0.638,0.0912,OP-B-092,ST-B-13,0.3439,medium
BASM-03950,0.0214,0.886,0.0316,OP-B-095,ST-B-28,0.1478,low
BASM-03951,0.0152,0.895,0.0224,OP-B-139,ST-B-09,0.092,low
BASM-03952,0.0145,1.247,0.1009,OP-B-138,ST-B-24,0.4098,medium
BASM-03953,0.0272,1.074,0.0712,OP-B-138,ST-B-27,0.3116,medium
BASM-03954,0.0163,0.83,0.0521,OP-B-146,ST-B-05,0.172,low
BASM-03955,0.0149,0.824,0.0177,OP-B-055,ST-B-10,0.1846,low
BASM-03956,0.0194,0.94,0.0162,OP-B-086,ST-B-20,0.0607,low
BASM-03957,0.0109,0.821,0.0522,OP-B-075,ST-B-01,0.2607,medium
BASM-03958,0.0157,0.895,0.0422,OP-B-131,ST-B-18,0.1763,low
BASM-03959,0.0079,1.34,0.0308,OP-B-010,ST-B-19,0.3953,medium
BASM-03960,0.0358,0.828,0.0982,OP-B-149,ST-B-17,0.4736,medium
BASM-03961,0.0148,1.464,0.0142,OP-B-146,ST-B-10,0.2747,medium
BASM-03962,0.0187,0.891,0.0762,OP-B-003,ST-B-01,0.23,low
BASM-03963,0.0334,1.506,0.0315,OP-B-136,ST-B-26,0.3743,medium
BASM-03964,-0.006,1.452,0.1712,OP-B-105,ST-B-01,0.8294,critical
BASM-03965,0.0247,1.456,0.0335,OP-B-058,ST-B-27,0.4035,medium
BASM-03966,0.0164,1.119,0.0557,OP-B-047,ST-B-28,0.1946,low
BASM-03967,0.0074,1.379,0.0165,OP-B-068,ST-B-22,0.2945,medium
BASM-03968,0.0304,0.852,0.0645,OP-B-007,ST-B-19,0.3507,medium
BASM-03969,0.0091,1.278,0.0282,OP-B-042,ST-B-02,0.2902,medium
BASM-03970,0.0202,1.283,0.036,OP-B-076,ST-B-12,0.2071,low
BASM-03971,0.0063,0.896,0.0456,OP-B-036,ST-B-23,0.2338,low
BASM-03972,0.029,1.449,0.0341,OP-B-068,ST-B-22,0.3845,medium
BASM-03973,0.0228,1.239,0.043,OP-B-031,ST-B-17,0.2763,medium
BASM-03974,0.0118,0.809,0.0215,OP-B-117,ST-B-26,0.1875,low
BASM-03975,0.0212,0.884,0.0288,OP-B-070,ST-B-14,0.1519,low
BASM-03976,0.019,1.161,0.0462,OP-B-117,ST-B-02,0.2161,low
BASM-03977,0.0285,0.836,0.0052,OP-B-085,ST-B-09,0.144,low
BASM-03978,0.024,1.306,0.1666,OP-B-002,ST-B-02,0.5405,high
BASM-03979,0.0256,0.726,0.0588,OP-B-050,ST-B-12,0.3501,medium
BASM-03980,0.0189,1.422,0.0614,OP-B-018,ST-B-11,0.3116,medium
BASM-03981,0.0239,0.876,0.0236,OP-B-104,ST-B-29,0.0976,low
BASM-03982,0.0242,0.654,0.031,OP-B-122,ST-B-19,0.2693,medium
BASM-03983,0.0148,1.264,0.1238,OP-B-092,ST-B-29,0.3474,medium
BASM-03984,0.0085,1.117,0.055,OP-B-003,ST-B-25,0.2475,low
BASM-03985,0.0032,1.124,0.0179,OP-B-055,ST-B-19,0.2685,medium
BASM-03986,0.0359,1.074,0.0467,OP-B-145,ST-B-21,0.3811,medium
BASM-03987,0.0362,0.407,0.0473,OP-B-043,ST-B-04,0.5665,high
BASM-03988,0.0076,0.484,0.044,OP-B-014,ST-B-29,0.4245,medium
BASM-03989,0.0211,1.229,0.0119,OP-B-043,ST-B-20,0.1227,low
BASM-03990,0.0147,1.27,0.0406,OP-B-106,ST-B-17,0.2733,medium
BASM-03991,0.017,0.874,0.0491,OP-B-014,ST-B-27,0.1632,low
BASM-03992,0.0064,0.615,0.0596,OP-B-118,ST-B-20,0.4586,medium
BASM-03993,0.0232,1.08,0.1511,OP-B-052,ST-B-01,0.3995,medium
BASM-03994,0.0146,1.109,0.0391,OP-B-135,ST-B-23,0.1368,low
BASM-03995,0.0036,0.67,0.0995,OP-B-023,ST-B-20,0.5431,high
BASM-03996,0.0218,0.7,0.1178,OP-B-089,ST-B-25,0.4734,medium
BASM-03997,0.0218,0.968,0.0964,OP-B-006,ST-B-12,0.265,medium
BASM-03998,0.0113,1.131,0.0169,OP-B-045,ST-B-11,0.1136,low
BASM-03999,0.0051,0.715,0.0144,OP-B-007,ST-B-09,0.2261,low
BASM-04000,0.0228,0.904,0.0217,OP-B-002,ST-B-09,0.1809,low
BASM-04001,0.0248,1.098,0.0031,OP-B-131,ST-B-26,0.1029,low
BASM-04002,0.0055,1.445,0.0218,OP-B-115,ST-B-17,0.4255,medium
BASM-04003,0.0335,0.942,0.065,OP-B-119,ST-B-24,0.324,medium
BASM-04004,0.0353,0.87,0.0696,OP-B-071,ST-B-09,0.4281,medium
BASM-04005,0.0087,0.946,0.0219,OP-B-145,ST-B-18,0.1579,low
BASM-04006,0.0164,0.477,0.0402,OP-B-036,ST-B-17,0.2587,medium
BASM-04007,0.0205,1.183,0.0373,OP-B-065,ST-B-18,0.1437,low
BASM-04008,0.025,0.859,0.0967,OP-B-031,ST-B-16,0.3377,medium
BASM-04009,0.0164,0.896,0.0495,OP-B-040,ST-B-21,0.1883,low
BASM-04010,0.0068,1.0,0.0519,OP-B-065,ST-B-19,0.3306,medium
BASM-04011,0.0085,1.013,0.0249,OP-B-041,ST-B-18,0.1855,low
BASM-04012,0.0311,0.558,0.1484,OP-B-081,ST-B-24,0.5991,high
BASM-04013,0.0172,0.846,0.1329,OP-B-006,ST-B-02,0.3538,medium
BASM-04014,0.0079,1.008,0.019,OP-B-140,ST-B-28,0.239,low
BASM-04015,0.0209,0.567,0.1496,OP-B-003,ST-B-05,0.5294,high
BASM-04016,0.0025,0.762,0.0452,OP-B-123,ST-B-27,0.363,medium
BASM-04017,0.0118,1.246,0.0703,OP-B-023,ST-B-11,0.2474,low
BASM-04018,0.0059,0.3,0.0558,OP-B-031,ST-B-04,0.54,high
BASM-04019,0.0283,1.153,0.0326,OP-B-096,ST-B-18,0.2563,medium
BASM-04020,0.0234,1.065,0.0957,OP-B-043,ST-B-09,0.3819,medium
BASM-04021,0.0303,0.984,0.0343,OP-B-103,ST-B-24,0.2564,medium
BASM-04022,0.0202,0.961,0.0475,OP-B-116,ST-B-06,0.1149,low
BASM-04023,0.0072,0.764,0.0568,OP-B-105,ST-B-24,0.3344,medium
BASM-04024,0.0167,0.802,0.0155,OP-B-085,ST-B-23,0.134,low
BASM-04025,0.0089,1.183,0.0672,OP-B-029,ST-B-06,0.2737,medium
BASM-04026,0.0159,0.958,0.0377,OP-B-052,ST-B-19,0.1231,low
BASM-04027,0.0143,0.564,0.1717,OP-B-120,ST-B-09,0.5645,high
BASM-04028,0.0127,0.906,0.0226,OP-B-083,ST-B-18,0.0981,low
BASM-04029,0.022,1.146,0.0055,OP-B-062,ST-B-09,0.09,low
BASM-04030,0.0061,1.217,0.0963,OP-B-007,ST-B-14,0.4345,medium
BASM-04031,0.0183,1.281,0.1068,OP-B-073,ST-B-11,0.3157,medium
BASM-04032,0.0108,0.968,0.0284,OP-B-007,ST-B-05,0.1361,low
BASM-04033,0.0172,0.774,0.0326,OP-B-085,ST-B-11,0.1664,low
BASM-04034,0.0173,0.826,0.016,OP-B-056,ST-B-30,0.0539,low
BASM-04035,0.0128,1.255,0.0974,OP-B-098,ST-B-08,0.3997,medium
BASM-04036,0.0137,1.081,0.0138,OP-B-064,ST-B-26,0.0844,low
BASM-04037,0.0029,0.951,0.0296,OP-B-011,ST-B-06,0.2375,low
BASM-04038,0.0274,0.718,0.0832,OP-B-084,ST-B-07,0.4173,medium
BASM-04039,0.0113,1.111,0.0423,OP-B-143,ST-B-15,0.252,medium
BASM-04040,0.002,1.469,0.0853,OP-B-126,ST-B-20,0.6388,high
BASM-04041,0.0242,0.967,0.0115,OP-B-116,ST-B-25,0.0577,low
BASM-04042,0.0259,0.758,0.014,OP-B-108,ST-B-30,0.2516,medium
BASM-04043,0.0202,0.972,0.1213,OP-B-130,ST-B-28,0.2746,medium
BASM-04044,0.0091,0.965,0.0622,OP-B-011,ST-B-10,0.2187,low
BASM-04045,0.0033,1.141,0.0888,OP-B-013,ST-B-16,0.4835,medium
BASM-04046,0.0096,1.106,0.1023,OP-B-062,ST-B-12,0.3837,medium
BASM-04047,0.014,0.853,0.22,OP-B-084,ST-B-21,0.5199,high
BASM-04048,0.0165,0.947,0.0415,OP-B-097,ST-B-26,0.1017,low
BASM-04049,0.0327,0.565,0.0346,OP-B-113,ST-B-20,0.4276,medium
BASM-04050,0.0401,0.854,0.0231,OP-B-009,ST-B-26,0.3895,medium
BASM-04051,0.0042,0.916,0.0124,OP-B-125,ST-B-06,0.2046,low
BASM-04052,0.0174,0.563,0.0736,OP-B-064,ST-B-30,0.3445,medium
BASM-04053,-0.0047,1.417,0.0884,OP-B-058,ST-B-04,0.6236,high
BASM-04054,0.0194,1.462,0.075,OP-B-036,ST-B-18,0.372,medium
BASM-04055,0.0194,1.206,0.0302,OP-B-043,ST-B-12,0.1857,low
BASM-04056,-0.0037,0.777,0.0587,OP-B-091,ST-B-07,0.4491,medium
BASM-04057,0.0174,1.253,0.0323,OP-B-004,ST-B-20,0.1562,low
BASM-04058,0.0112,0.91,0.1228,OP-B-059,ST-B-26,0.4002,medium
BASM-04059,0.019,0.921,0.0336,OP-B-074,ST-B-03,0.1145,low
BASM-04060,0.0179,0.83,0.0607,OP-B-024,ST-B-28,0.1849,low
BASM-04061,0.01,1.049,0.0073,OP-B-083,ST-B-21,0.1384,low
BASM-04062,0.0316,1.412,0.0393,OP-B-130,ST-B-02,0.4353,medium
BASM-04063,0.0008,1.123,0.0388,OP-B-089,ST-B-28,0.3738,medium
BASM-04064,0.0141,0.851,0.0137,OP-B-027,ST-B-12,0.1014,low
BASM-04065,0.0275,0.821,0.0364,OP-B-007,ST-B-16,0.2563,medium
BASM-04066,0.0157,1.381,0.12,OP-B-134,ST-B-05,0.4514,medium
BASM-04067,0.0162,1.293,0.0963,OP-B-146,ST-B-28,0.3125,medium
BASM-04068,0.024,0.582,0.0052,OP-B-121,ST-B-17,0.2282,low
BASM-04069,0.0181,0.3,0.1572,OP-B-092,ST-B-05,0.5927,high
BASM-04070,0.0322,0.761,0.0229,OP-B-043,ST-B-04,0.2776,medium
BASM-04071,0.0095,0.789,0.0461,OP-B-017,ST-B-26,0.293,medium
BASM-04072,0.0391,0.879,0.078,OP-B-071,ST-B-07,0.5267,high
BASM-04073,0.0262,1.077,0.0667,OP-B-052,ST-B-21,0.2484,low
BASM-04074,0.0187,1.026,0.028,OP-B-013,ST-B-08,0.1544,low
BASM-04075,0.0097,0.774,0.0328,OP-B-072,ST-B-26,0.2225,low
BASM-04076,0.0078,1.088,0.0454,OP-B-065,ST-B-24,0.2353,low
BASM-04077,0.005,1.425,0.1879,OP-B-111,ST-B-21,0.7359,high
BASM-04078,0.0221,0.782,0.0543,OP-B-149,ST-B-02,0.3082,medium
BASM-04079,0.0263,1.047,0.0789,OP-B-033,ST-B-10,0.2711,medium
BASM-04080,0.0264,0.447,0.1079,OP-B-142,ST-B-11,0.5635,high
BASM-04081,0.024,1.341,0.038,OP-B-134,ST-B-15,0.3289,medium
BASM-04082,0.0018,0.564,0.0132,OP-B-114,ST-B-03,0.4694,medium
BASM-04083,0.0131,1.038,0.0588,OP-B-057,ST-B-10,0.1911,low
BASM-04084,0.0034,0.774,0.0193,OP-B-122,ST-B-16,0.2909,medium
BASM-04085,0.0254,0.529,0.0211,OP-B-099,ST-B-29,0.3026,medium
BASM-04086,0.0281,1.37,0.0523,OP-B-058,ST-B-22,0.3335,medium
BASM-04087,0.0178,1.213,0.0526,OP-B-134,ST-B-24,0.16,low
BASM-04088,0.0343,1.38,0.0582,OP-B-075,ST-B-14,0.483,medium
BASM-04089,0.0242,1.095,0.0385,OP-B-118,ST-B-08,0.1627,low
BASM-04090,0.0272,1.41,0.1099,OP-B-084,ST-B-23,0.5316,high
BASM-04091,0.0182,0.671,0.0719,OP-B-060,ST-B-02,0.3084,medium
BASM-04092,0.0045,0.984,0.0315,OP-B-138,ST-B-08,0.2337,low
BASM-04093,0.0224,0.679,0.0277,OP-B-028,ST-B-21,0.2205,low
BASM-04094,0.0133,0.988,0.0126,OP-B-088,ST-B-12,0.0447,low
BASM-04095,0.0258,1.225,0.073,OP-B-067,ST-B-02,0.3246,medium
BASM-04096,0.0189,1.187,0.0433,OP-B-090,ST-B-07,0.0712,low
BASM-04097,0.0372,0.846,0.0177,OP-B-087,ST-B-12,0.3744,medium
BASM-04098,-0.0017,0.672,0.1232,OP-B-080,ST-B-13,0.6016,high
BASM-04099,0.0219,1.161,0.0313,OP-B-024,ST-B-29,0.2114,low
BASM-04100,0.0198,1.139,0.0179,OP-B-008,ST-B-09,0.1043,low
BASM-04101,0.0212,0.746,0.1362,OP-B-147,ST-B-06,0.4531,medium
BASM-04102,0.0183,0.728,0.0756,OP-B-095,ST-B-10,0.2994,medium
BASM-04103,0.0038,0.868,0.0406,OP-B-083,ST-B-04,0.2939,medium
BASM-04104,0.0267,0.881,0.0642,OP-B-099,ST-B-27,0.3077,medium
BASM-04105,0.025,0.83,0.1432,OP-B-016,ST-B-20,0.4401,medium
BASM-04106,0.0124,0.82,0.0267,OP-B-025,ST-B-20,0.1958,low
BASM-04107,0.0314,0.946,0.0289,OP-B-096,ST-B-15,0.2342,low
BASM-04108,0.0214,1.087,0.0122,OP-B-125,ST-B-28,0.0635,low
BASM-04109,0.0225,1.241,0.1939,OP-B-130,ST-B-13,0.6005,high
BASM-04110,0.0,1.335,0.0307,OP-B-016,ST-B-06,0.4367,medium
BASM-04111,0.0032,0.924,0.0919,OP-B-037,ST-B-13,0.3517,medium
BASM-04112,0.0097,0.961,0.0255,OP-B-055,ST-B-11,0.1557,low
BASM-04113,0.0122,1.056,0.0268,OP-B-117,ST-B-02,0.2098,low
BASM-04114,0.0305,1.221,0.0528,OP-B-017,ST-B-23,0.3854,medium
BASM-04115,0.0309,1.179,0.0419,OP-B-105,ST-B-17,0.3294,medium
BASM-04116,0.0085,0.868,0.1007,OP-B-105,ST-B-16,0.3637,medium
BASM-04117,0.0147,0.986,0.0618,OP-B-091,ST-B-21,0.2219,low
BASM-04118,0.019,0.675,0.0267,OP-B-101,ST-B-16,0.2405,low
BASM-04119,0.0152,1.007,0.0202,OP-B-029,ST-B-20,0.1019,low
BASM-04120,0.0116,1.066,0.0259,OP-B-067,ST-B-12,0.1838,low
BASM-04121,0.0306,1.068,0.115,OP-B-067,ST-B-19,0.422,medium
BASM-04122,0.034,0.3,0.0762,OP-B-029,ST-B-09,0.7368,high
BASM-04123,0.0239,1.035,0.0553,OP-B-146,ST-B-26,0.2471,low
BASM-04124,0.0148,1.227,0.14,OP-B-108,ST-B-04,0.3593,medium
BASM-04125,0.0175,1.49,0.11,OP-B-093,ST-B-13,0.3901,medium
BASM-04126,0.0175,0.744,0.0523,OP-B-056,ST-B-20,0.1027,low
BASM-04127,0.0305,1.312,0.0685,OP-B-080,ST-B-06,0.4182,medium
BASM-04128,0.0051,1.137,0.0375,OP-B-072,ST-B-07,0.3034,medium
BASM-04129,0.0302,0.909,0.0546,OP-B-002,ST-B-09,0.3403,medium
BASM-04130,0.0437,0.931,0.1495,OP-B-040,ST-B-20,0.6393,high
BASM-04131,0.0078,1.176,0.0576,OP-B-047,ST-B-10,0.3485,medium
BASM-04132,0.0041,1.371,0.0182,OP-B-012,ST-B-18,0.3765,medium
BASM-04133,0.0279,0.956,0.1243,OP-B-109,ST-B-04,0.3869,medium
BASM-04134,0.0165,0.704,0.0485,OP-B-031,ST-B-04,0.2355,low
BASM-04135,0.0251,1.392,0.0366,OP-B-024,ST-B-08,0.234,low
BASM-04136,0.0193,0.892,0.0079,OP-B-089,ST-B-25,0.0627,low
BASM-04137,0.0295,1.594,0.0286,OP-B-098,ST-B-06,0.4146,medium
BASM-04138,0.0102,1.27,0.0891,OP-B-150,ST-B-07,0.3761,medium
BASM-04139,0.0081,1.452,0.0347,OP-B-006,ST-B-18,0.3404,medium
BASM-04140,0.0182,0.955,0.0226,OP-B-117,ST-B-30,0.0665,low
BASM-04141,0.0209,1.131,0.0595,OP-B-090,ST-B-28,0.1975,low
BASM-04142,0.0213,0.982,0.0323,OP-B-069,ST-B-07,0.1215,low
BASM-04143,0.0073,1.228,0.1301,OP-B-046,ST-B-19,0.4291,medium
BASM-04144,0.0256,0.364,0.0755,OP-B-006,ST-B-03,0.4769,medium
BASM-04145,0.0222,1.018,0.0512,OP-B-055,ST-B-11,0.2494,low
BASM-04146,0.0452,0.735,0.0245,OP-B-130,ST-B-09,0.5192,high
BASM-04147,0.0024,0.959,0.0328,OP-B-034,ST-B-01,0.2829,medium
BASM-04148,0.0278,0.941,0.0311,OP-B-131,ST-B-01,0.2364,low
BASM-04149,0.0139,1.261,0.0498,OP-B-027,ST-B-19,0.2433,low
BASM-04150,0.0242,0.913,0.0395,OP-B-083,ST-B-29,0.1936,low
BASM-04151,0.0207,1.188,0.0202,OP-B-099,ST-B-06,0.1699,low
BASM-04152,0.0067,0.858,0.0157,OP-B-021,ST-B-30,0.2501,medium
BASM-04153,0.0099,0.869,0.0038,OP-B-128,ST-B-25,0.1274,low
BASM-04154,0.0089,0.917,0.0362,OP-B-115,ST-B-21,0.2028,low
BASM-04155,0.014,0.402,0.0119,OP-B-146,ST-B-22,0.3216,medium
BASM-04156,0.0228,1.626,0.0575,OP-B-093,ST-B-13,0.4467,medium
BASM-04157,0.0202,1.245,0.0098,OP-B-015,ST-B-15,0.1213,low
BASM-04158,0.0072,0.941,0.0557,OP-B-139,ST-B-21,0.2608,medium
BASM-04159,0.0204,1.202,0.0317,OP-B-106,ST-B-15,0.199,low
BASM-04160,0.0162,1.007,0.0246,OP-B-143,ST-B-18,0.0863,low
BASM-04161,0.02,1.448,0.0358,OP-B-065,ST-B-13,0.2395,low
BASM-04162,0.0422,0.949,0.0914,OP-B-141,ST-B-12,0.484,medium
BASM-04163,0.0105,0.385,0.0692,OP-B-005,ST-B-26,0.4427,medium
BASM-04164,0.0115,0.886,0.0423,OP-B-081,ST-B-24,0.1858,low
BASM-04165,0.0074,1.153,0.0806,OP-B-032,ST-B-28,0.3569,medium
BASM-04166,0.0048,1.262,0.0207,OP-B-077,ST-B-06,0.3339,medium
BASM-04167,0.0077,0.726,0.0272,OP-B-009,ST-B-25,0.275,medium
BASM-04168,0.019,1.22,0.095,OP-B-027,ST-B-19,0.3164,medium
BASM-04169,0.0184,1.119,0.0351,OP-B-002,ST-B-16,0.1043,low
BASM-04170,0.0364,0.797,0.0335,OP-B-083,ST-B-27,0.4529,medium
BASM-04171,0.0264,0.892,0.0497,OP-B-002,ST-B-30,0.2315,low
BASM-04172,0.0083,0.782,0.0774,OP-B-023,ST-B-13,0.3383,medium
BASM-04173,0.0142,1.473,0.0257,OP-B-094,ST-B-04,0.3275,medium
BASM-04174,0.0192,0.776,0.0123,OP-B-116,ST-B-09,0.1077,low
BASM-04175,0.0181,1.366,0.0855,OP-B-051,ST-B-13,0.3635,medium
BASM-04176,0.0299,1.236,0.0056,OP-B-032,ST-B-27,0.2476,low
BASM-04177,0.0198,0.629,0.1326,OP-B-119,ST-B-25,0.4485,medium
BASM-04178,0.0198,0.846,0.2023,OP-B-113,ST-B-03,0.4709,medium
BASM-04179,0.0191,0.739,0.0889,OP-B-001,ST-B-09,0.3227,medium
BASM-04180,0.0231,1.0,0.016,OP-B-123,ST-B-11,0.0808,low
BASM-04181,0.0213,0.955,0.0489,OP-B-073,ST-B-23,0.1947,low
BASM-04182,0.0162,1.184,0.0433,OP-B-092,ST-B-30,0.205,low
BASM-04183,0.0181,0.528,0.0461,OP-B-080,ST-B-09,0.2735,medium
BASM-04184,0.0056,1.041,0.0272,OP-B-015,ST-B-05,0.1889,low
BASM-04185,0.0185,0.782,0.0496,OP-B-048,ST-B-09,0.2015,low
BASM-04186,0.0042,1.013,0.0845,OP-B-135,ST-B-12,0.407,medium
BASM-04187,0.0198,0.742,0.0295,OP-B-084,ST-B-16,0.2233,low
BASM-04188,0.0203,1.072,0.0933,OP-B-058,ST-B-16,0.2925,medium
BASM-04189,0.0307,1.052,0.0418,OP-B-142,ST-B-03,0.2723,medium
BASM-04190,0.0217,0.421,0.0264,OP-B-066,ST-B-21,0.3036,medium
BASM-04191,0.0042,1.089,0.1348,OP-B-017,ST-B-09,0.4968,medium
BASM-04192,0.0145,1.036,0.0369,OP-B-088,ST-B-15,0.112,low
BASM-04193,0.0164,0.422,0.1604,OP-B-100,ST-B-03,0.6012,high
BASM-04194,0.0203,1.408,0.0213,OP-B-135,ST-B-18,0.2278,low
BASM-04195,-0.006,0.928,0.0454,OP-B-012,ST-B-21,0.4147,medium
BASM-04196,0.0404,1.075,0.0136,OP-B-139,ST-B-07,0.3197,medium
BASM-04197,0.015,0.846,0.0583,OP-B-004,ST-B-20,0.2674,medium
BASM-04198,0.0162,1.252,0.1237,OP-B-134,ST-B-24,0.3749,medium
BASM-04199,0.0171,0.922,0.0099,OP-B-045,ST-B-10,0.0479,low
BASM-04200,0.0334,1.299,0.0299,OP-B-045,ST-B-28,0.3116,medium
BASM-04201,0.0219,1.143,0.0278,OP-B-061,ST-B-29,0.1219,low
BASM-04202,0.0123,1.07,0.0411,OP-B-124,ST-B-17,0.1604,low
BASM-04203,0.0053,0.722,0.0126,OP-B-034,ST-B-30,0.2668,medium
BASM-04204,0.0153,0.814,0.0504,OP-B-088,ST-B-05,0.1273,low
BASM-04205,0.022,0.864,0.0209,OP-B-071,ST-B-28,0.1201,low
BASM-04206,0.0171,1.351,0.0795,OP-B-130,ST-B-20,0.3057,medium
BASM-04207,0.0148,1.006,0.0362,OP-B-120,ST-B-24,0.1411,low
BASM-04208,0.0287,0.703,0.0194,OP-B-023,ST-B-02,0.3014,medium
BASM-04209,0.0179,1.123,0.0082,OP-B-130,ST-B-27,0.0607,low
BASM-04210,0.02,0.612,0.0668,OP-B-009,ST-B-17,0.345,medium
BASM-04211,0.0085,1.706,0.0585,OP-B-059,ST-B-26,0.4716,medium
BASM-04212,0.0075,1.101,0.0334,OP-B-133,ST-B-18,0.229,low
BASM-04213,0.0189,0.813,0.0649,OP-B-141,ST-B-13,0.225,low
BASM-04214,0.0135,0.744,0.0835,OP-B-076,ST-B-11,0.3363,medium
BASM-04215,0.0137,1.345,0.0198,OP-B-077,ST-B-12,0.2696,medium
BASM-04216,0.031,0.865,0.0114,OP-B-097,ST-B-07,0.2189,low
BASM-04217,0.0113,0.877,0.0274,OP-B-061,ST-B-04,0.2451,low
BASM-04218,0.0285,1.222,0.0254,OP-B-115,ST-B-21,0.2973,medium
BASM-04219,0.0254,0.95,0.0444,OP-B-092,ST-B-14,0.2544,medium
BASM-04220,0.0203,1.122,0.0721,OP-B-079,ST-B-20,0.3135,medium
BASM-04221,0.0152,0.638,0.0082,OP-B-050,ST-B-14,0.1677,low
BASM-04222,0.006,1.336,0.0377,OP-B-085,ST-B-07,0.3464,medium
BASM-04223,0.0113,1.306,0.0751,OP-B-134,ST-B-20,0.3539,medium
BASM-04224,0.0188,1.175,0.0229,OP-B-066,ST-B-27,0.1564,low
BASM-04225,0.0109,1.132,0.025,OP-B-033,ST-B-13,0.1673,low
BASM-04226,0.0034,0.749,0.0491,OP-B-019,ST-B-05,0.3635,medium
BASM-04227,0.0197,1.236,0.0225,OP-B-054,ST-B-19,0.2342,low
BASM-04228,0.0242,1.43,0.0054,OP-B-137,ST-B-04,0.2219,low
BASM-04229,0.0114,1.001,0.0311,OP-B-107,ST-B-07,0.1569,low
BASM-04230,0.0105,1.494,0.1326,OP-B-014,ST-B-07,0.6108,high
BASM-04231,0.0334,1.041,0.0618,OP-B-122,ST-B-18,0.3584,medium
BASM-04232,0.0063,0.843,0.0146,OP-B-138,ST-B-09,0.1756,low
BASM-04233,0.0245,0.638,0.0707,OP-B-036,ST-B-02,0.4103,medium
BASM-04234,0.0096,0.458,0.0413,OP-B-035,ST-B-23,0.4093,medium
BASM-04235,0.01,0.966,0.0698,OP-B-103,ST-B-01,0.2438,low
BASM-04236,0.006,0.828,0.0405,OP-B-140,ST-B-05,0.2775,medium
BASM-04237,-0.006,0.843,0.0693,OP-B-120,ST-B-02,0.4736,medium
BASM-04238,0.0203,1.1,0.0045,OP-B-054,ST-B-28,0.0984,low
BASM-04239,0.0189,1.314,0.0638,OP-B-113,ST-B-20,0.2287,low
BASM-04240,0.0069,0.648,0.0248,OP-B-050,ST-B-14,0.3139,medium
BASM-04241,0.0277,1.072,0.0939,OP-B-144,ST-B-12,0.2901,medium
BASM-04242,0.0251,1.135,0.0864,OP-B-061,ST-B-04,0.2513,medium
BASM-04243,0.0037,0.745,0.0252,OP-B-148,ST-B-29,0.3186,medium
BASM-04244,0.0311,1.443,0.0424,OP-B-125,ST-B-29,0.3539,medium
BASM-04245,0.0077,1.348,0.0087,OP-B-053,ST-B-08,0.2998,medium
BASM-04246,0.0042,1.071,0.0242,OP-B-005,ST-B-01,0.3136,medium
BASM-04247,0.0131,1.165,0.0553,OP-B-040,ST-B-01,0.2544,medium
BASM-04248,0.0229,1.433,0.0468,OP-B-049,ST-B-10,0.373,medium
BASM-04249,0.0221,0.52,0.0449,OP-B-115,ST-B-28,0.3184,medium
BASM-04250,0.0221,1.161,0.096,OP-B-024,ST-B-13,0.2898,medium
BASM-04251,0.0161,0.84,0.1346,OP-B-126,ST-B-02,0.3301,medium
BASM-04252,0.0088,1.082,0.0283,OP-B-146,ST-B-07,0.2245,low
BASM-04253,0.0277,1.417,0.1957,OP-B-117,ST-B-07,0.6298,high
BASM-04254,0.0269,1.513,0.0266,OP-B-130,ST-B-23,0.3482,medium
BASM-04255,0.0147,1.168,0.0637,OP-B-028,ST-B-20,0.2672,medium
BASM-04256,0.0173,1.06,0.0304,OP-B-046,ST-B-11,0.1106,low
BASM-04257,0.0147,0.811,0.0404,OP-B-071,ST-B-30,0.2411,low
BASM-04258,0.0215,0.507,0.0293,OP-B-013,ST-B-01,0.2617,medium
BASM-04259,0.0261,0.666,0.0485,OP-B-098,ST-B-21,0.2902,medium
BASM-04260,0.0148,0.859,0.0435,OP-B-123,ST-B-04,0.2132,low
BASM-04261,0.0184,0.745,0.0357,OP-B-149,ST-B-22,0.2111,low
BASM-04262,0.0048,1.104,0.0674,OP-B-058,ST-B-25,0.3817,medium
BASM-04263,0.0092,1.11,0.0278,OP-B-022,ST-B-22,0.2379,low
BASM-04264,0.0115,0.901,0.0189,OP-B-110,ST-B-14,0.1724,low
BASM-04265,0.0126,0.592,0.0167,OP-B-091,ST-B-09,0.1778,low
BASM-04266,0.0219,0.335,0.0699,OP-B-008,ST-B-17,0.4799,medium
BASM-04267,0.0107,1.125,0.0826,OP-B-040,ST-B-10,0.341,medium
BASM-04268,0.0229,1.082,0.0063,OP-B-055,ST-B-22,0.1508,low
BASM-04269,0.026,0.905,0.0359,OP-B-073,ST-B-23,0.1986,low
BASM-04270,0.0191,0.889,0.1051,OP-B-045,ST-B-03,0.2046,low
BASM-04271,0.0001,1.046,0.031,OP-B-083,ST-B-05,0.2737,medium
BASM-04272,0.0206,0.969,0.0349,OP-B-035,ST-B-25,0.1619,low
BASM-04273,0.0091,0.428,0.0819,OP-B-112,ST-B-01,0.577,high
BASM-04274,0.0121,1.102,0.0591,OP-B-065,ST-B-29,0.2461,low
BASM-04275,0.0048,1.287,0.002,OP-B-120,ST-B-20,0.2964,medium
BASM-04276,0.0023,1.474,0.0612,OP-B-034,ST-B-07,0.5127,high
BASM-04277,0.0241,0.58,0.0715,OP-B-026,ST-B-25,0.3459,medium
BASM-04278,0.0318,0.978,0.0928,OP-B-075,ST-B-08,0.4529,medium
BASM-04279,0.0138,1.075,0.1019,OP-B-085,ST-B-04,0.2382,low
BASM-04280,0.0203,0.992,0.0297,OP-B-112,ST-B-15,0.1201,low
BASM-04281,0.0076,1.255,0.0095,OP-B-024,ST-B-14,0.2756,medium
BASM-04282,0.0409,0.707,0.1199,OP-B-148,ST-B-22,0.7028,high
BASM-04283,0.0192,1.041,0.0225,OP-B-031,ST-B-14,0.0283,low
BASM-04284,-0.003,1.041,0.045,OP-B-055,ST-B-08,0.3825,medium
BASM-04285,0.0015,1.121,0.0302,OP-B-130,ST-B-02,0.3546,medium
BASM-04286,0.0187,0.635,0.0211,OP-B-089,ST-B-07,0.233,low
BASM-04287,0.0268,0.825,0.0944,OP-B-111,ST-B-20,0.406,medium
BASM-04288,0.0125,0.743,0.0472,OP-B-131,ST-B-23,0.2615,medium
BASM-04289,0.0173,1.097,0.0984,OP-B-135,ST-B-29,0.214,low
BASM-04290,0.023,0.432,0.0331,OP-B-005,ST-B-06,0.3112,medium
BASM-04291,0.0064,0.968,0.0393,OP-B-011,ST-B-08,0.2426,low
BASM-04292,0.0027,1.421,0.023,OP-B-011,ST-B-08,0.391,medium
BASM-04293,0.0119,0.715,0.0518,OP-B-068,ST-B-28,0.284,medium
BASM-04294,0.02,0.799,0.0691,OP-B-025,ST-B-08,0.226,low
BASM-04295,0.0098,0.871,0.0554,OP-B-119,ST-B-21,0.2788,medium
BASM-04296,0.0173,1.073,0.0144,OP-B-038,ST-B-15,0.0299,low
BASM-04297,0.0183,0.942,0.0476,OP-B-100,ST-B-30,0.1483,low
BASM-04298,0.0075,1.294,0.0478,OP-B-068,ST-B-06,0.4088,medium
BASM-04299,0.0119,1.376,0.1123,OP-B-148,ST-B-23,0.4337,medium
BASM-04300,0.0334,0.451,0.183,OP-B-081,ST-B-24,0.795,critical
BASM-04301,0.0219,0.8,0.0886,OP-B-037,ST-B-24,0.2885,medium
BASM-04302,0.0162,1.285,0.0659,OP-B-055,ST-B-14,0.3052,medium
BASM-04303,0.024,0.863,0.0359,OP-B-034,ST-B-27,0.223,low
BASM-04304,0.009,0.864,0.124,OP-B-130,ST-B-29,0.4521,medium
BASM-04305,0.0338,1.319,0.0217,OP-B-076,ST-B-28,0.4047,medium
BASM-04306,0.0222,1.203,0.0405,OP-B-145,ST-B-13,0.1918,low
BASM-04307,0.02,0.673,0.0956,OP-B-003,ST-B-22,0.3674,medium
BASM-04308,0.0145,1.272,0.0312,OP-B-134,ST-B-21,0.1509,low
BASM-04309,0.0274,1.109,0.035,OP-B-098,ST-B-18,0.18,low
BASM-04310,0.0198,1.242,0.079,OP-B-057,ST-B-09,0.3183,medium
BASM-04311,0.0187,0.576,0.0365,OP-B-012,ST-B-26,0.2357,low
BASM-04312,0.0145,0.899,0.0308,OP-B-118,ST-B-29,0.1816,low
BASM-04313,0.0212,0.76,0.0959,OP-B-088,ST-B-05,0.3662,medium
BASM-04314,0.0252,1.536,0.0236,OP-B-089,ST-B-14,0.3342,medium
BASM-04315,0.0191,0.748,0.084,OP-B-095,ST-B-05,0.2996,medium
BASM-04316,-0.006,0.763,0.0909,OP-B-091,ST-B-13,0.5785,high
BASM-04317,0.0206,1.105,0.0401,OP-B-027,ST-B-02,0.1103,low
BASM-04318,0.0061,1.407,0.1421,OP-B-118,ST-B-24,0.585,high
BASM-04319,0.0167,1.173,0.1657,OP-B-080,ST-B-13,0.4421,medium
BASM-04320,0.0204,0.923,0.1642,OP-B-106,ST-B-27,0.3978,medium
BASM-04321,0.0269,1.034,0.0308,OP-B-095,ST-B-17,0.1266,low
BASM-04322,0.0224,0.845,0.0458,OP-B-135,ST-B-26,0.2297,low
BASM-04323,0.0077,0.762,0.144,OP-B-019,ST-B-24,0.4962,medium
BASM-04324,0.0151,1.073,0.015,OP-B-067,ST-B-24,0.1117,low
BASM-04325,-0.0004,0.89,0.0137,OP-B-093,ST-B-26,0.3268,medium
BASM-04326,0.0265,0.675,0.1078,OP-B-009,ST-B-12,0.4379,medium
BASM-04327,0.0189,1.172,0.0334,OP-B-036,ST-B-05,0.1598,low
BASM-04328,0.0321,1.133,0.0206,OP-B-132,ST-B-29,0.2503,medium
BASM-04329,0.0201,0.792,0.0372,OP-B-074,ST-B-26,0.1733,low
BASM-04330,0.0204,0.821,0.0126,OP-B-023,ST-B-12,0.1135,low
BASM-04331,0.0205,0.941,0.1389,OP-B-100,ST-B-07,0.2887,medium
BASM-04332,0.0152,0.504,0.1226,OP-B-149,ST-B-08,0.491,medium
BASM-04333,0.0348,0.82,0.0467,OP-B-117,ST-B-21,0.374,medium
BASM-04334,0.0109,1.465,0.0403,OP-B-058,ST-B-27,0.3526,medium
BASM-04335,0.0081,0.954,0.0579,OP-B-139,ST-B-15,0.2419,low
BASM-04336,0.0183,0.552,0.0387,OP-B-055,ST-B-27,0.2789,medium
BASM-04337,0.033,1.019,0.0668,OP-B-006,ST-B-17,0.3724,medium
BASM-04338,0.0253,0.724,0.22,OP-B-099,ST-B-06,0.5148,high
BASM-04339,0.0165,0.964,0.1148,OP-B-148,ST-B-16,0.3155,medium
BASM-04340,0.0172,0.585,0.1542,OP-B-048,ST-B-02,0.4607,medium
BASM-04341,0.0324,1.465,0.1246,OP-B-141,ST-B-03,0.6802,high
BASM-04342,0.0131,1.136,0.0548,OP-B-118,ST-B-07,0.2512,medium
BASM-04343,0.0208,1.181,0.1424,OP-B-027,ST-B-20,0.4056,medium
BASM-04344,0.0276,1.164,0.0226,OP-B-121,ST-B-18,0.195,low
BASM-04345,0.0186,1.135,0.0565,OP-B-098,ST-B-06,0.1835,low
BASM-04346,0.0456,0.938,0.0325,OP-B-065,ST-B-30,0.3947,medium
BASM-04347,0.0209,0.852,0.1096,OP-B-046,ST-B-17,0.2988,medium
BASM-04348,0.0269,1.181,0.0707,OP-B-029,ST-B-08,0.2955,medium
BASM-04349,0.0274,0.672,0.0375,OP-B-032,ST-B-08,0.2851,medium
BASM-04350,0.022,0.726,0.0028,OP-B-003,ST-B-19,0.1482,low
BASM-04351,-0.0041,1.215,0.0136,OP-B-148,ST-B-03,0.4279,medium
BASM-04352,0.02,0.562,0.1139,OP-B-043,ST-B-28,0.4358,medium
BASM-04353,0.0414,1.173,0.0396,OP-B-111,ST-B-05,0.5181,high
BASM-04354,0.019,0.77,0.0802,OP-B-043,ST-B-04,0.2612,medium
BASM-04355,0.019,0.397,0.0473,OP-B-019,ST-B-06,0.3912,medium
BASM-04356,0.0046,1.037,0.0303,OP-B-103,ST-B-27,0.2394,low
BASM-04357,0.0018,0.911,0.1631,OP-B-025,ST-B-04,0.5549,high
BASM-04358,0.0007,1.255,0.0131,OP-B-076,ST-B-21,0.3503,medium
BASM-04359,0.0132,0.933,0.0264,OP-B-085,ST-B-30,0.1508,low
BASM-04360,0.0388,0.585,0.1289,OP-B-135,ST-B-09,0.6811,high
BASM-04361,0.0158,1.08,0.1799,OP-B-114,ST-B-23,0.4817,medium
BASM-04362,0.0079,0.303,0.032,OP-B-123,ST-B-10,0.4974,medium
BASM-04363,0.0013,0.725,0.0277,OP-B-122,ST-B-17,0.4398,medium
BASM-04364,0.0223,0.446,0.0477,OP-B-024,ST-B-12,0.3865,medium
BASM-04365,0.0122,1.217,0.1298,OP-B-127,ST-B-27,0.4223,medium
BASM-04366,0.016,1.268,0.0145,OP-B-003,ST-B-10,0.195,low
BASM-04367,0.0221,1.6,0.0306,OP-B-120,ST-B-10,0.323,medium
BASM-04368,0.0347,0.98,0.0982,OP-B-109,ST-B-23,0.4254,medium
BASM-04369,0.0119,1.045,0.027,OP-B-138,ST-B-10,0.1405,low
BASM-04370,0.0276,0.591,0.0154,OP-B-117,ST-B-08,0.3352,medium
BASM-04371,0.0156,0.814,0.0832,OP-B-109,ST-B-05,0.2733,medium
BASM-04372,0.0262,0.549,0.0571,OP-B-038,ST-B-29,0.3876,medium
BASM-04373,0.0099,1.081,0.086,OP-B-030,ST-B-21,0.3323,medium
BASM-04374,0.0143,1.023,0.2,OP-B-074,ST-B-29,0.4172,medium
BASM-04375,0.0125,1.213,0.0234,OP-B-055,ST-B-01,0.179,low
BASM-04376,0.016,0.714,0.0543,OP-B-023,ST-B-15,0.2145,low
BASM-04377,0.0133,0.795,0.0189,OP-B-115,ST-B-05,0.1904,low
BASM-04378,0.015,0.792,0.1229,OP-B-061,ST-B-20,0.429,medium
BASM-04379,0.023,1.286,0.0711,OP-B-036,ST-B-19,0.3873,medium
BASM-04380,0.014,0.842,0.0689,OP-B-030,ST-B-26,0.3122,medium
BASM-04381,0.0096,1.218,0.0676,OP-B-132,ST-B-02,0.3697,medium
BASM-04382,0.0147,0.997,0.0834,OP-B-046,ST-B-08,0.1665,low
BASM-04383,0.0135,1.05,0.1438,OP-B-126,ST-B-30,0.3952,medium
BASM-04384,0.0269,0.9,0.0523,OP-B-080,ST-B-03,0.2279,low
BASM-04385,0.0145,1.168,0.0052,OP-B-043,ST-B-27,0.1295,low
BASM-04386,0.0208,1.105,0.0558,OP-B-040,ST-B-28,0.1368,low
BASM-04387,0.003,1.039,0.1246,OP-B-102,ST-B-13,0.4389,medium
BASM-04388,0.03,1.455,0.0132,OP-B-094,ST-B-26,0.3441,medium
BASM-04389,0.0175,1.427,0.0212,OP-B-109,ST-B-17,0.2967,medium
BASM-04390,0.0103,0.751,0.0431,OP-B-022,ST-B-25,0.3012,medium
BASM-04391,0.0104,1.258,0.1744,OP-B-014,ST-B-30,0.495,medium
BASM-04392,0.0216,1.277,0.0469,OP-B-089,ST-B-13,0.2623,medium
BASM-04393,0.0346,0.752,0.0062,OP-B-120,ST-B-01,0.302,medium
BASM-04394,0.0279,1.166,0.0832,OP-B-053,ST-B-30,0.3029,medium
BASM-04395,0.0213,0.51,0.0667,OP-B-125,ST-B-04,0.439,medium
BASM-04396,0.0263,0.864,0.0105,OP-B-009,ST-B-25,0.1771,low
BASM-04397,0.01,1.106,0.201,OP-B-013,ST-B-12,0.5859,high
BASM-04398,0.0186,0.531,0.0612,OP-B-012,ST-B-01,0.2965,medium
BASM-04399,0.0249,0.843,0.0793,OP-B-109,ST-B-15,0.3391,medium
BASM-04400,0.0087,0.879,0.1002,OP-B-149,ST-B-20,0.357,medium
BASM-04401,0.021,1.002,0.0678,OP-B-008,ST-B-21,0.1982,low
BASM-04402,0.0119,0.623,0.0917,OP-B-038,ST-B-11,0.4145,medium
BASM-04403,0.0238,0.794,0.0384,OP-B-067,ST-B-09,0.1926,low
BASM-04404,0.0021,1.06,0.0916,OP-B-072,ST-B-23,0.3958,medium
BASM-04405,0.0089,1.291,0.1113,OP-B-007,ST-B-17,0.4755,medium
BASM-04406,0.0071,1.214,0.026,OP-B-036,ST-B-01,0.2559,medium
BASM-04407,0.0248,1.107,0.0192,OP-B-024,ST-B-28,0.1485,low
BASM-04408,0.0164,1.037,0.0565,OP-B-050,ST-B-22,0.111,low
BASM-04409,0.0128,0.835,0.0187,OP-B-085,ST-B-04,0.1438,low
BASM-04410,0.014,0.616,0.0482,OP-B-147,ST-B-12,0.3357,medium
BASM-04411,0.0084,1.087,0.0595,OP-B-021,ST-B-07,0.3071,medium
BASM-04412,0.0322,1.228,0.0141,OP-B-082,ST-B-09,0.2706,medium
BASM-04413,0.0035,1.148,0.1513,OP-B-060,ST-B-12,0.5636,high
BASM-04414,0.0064,1.487,0.0539,OP-B-071,ST-B-20,0.4901,medium
BASM-04415,0.0304,0.608,0.0687,OP-B-067,ST-B-05,0.4381,medium
BASM-04416,0.0104,1.159,0.0491,OP-B-139,ST-B-05,0.2554,medium
BASM-04417,-0.0036,1.146,0.0589,OP-B-033,ST-B-21,0.4229,medium
BASM-04418,0.0159,1.231,0.0151,OP-B-150,ST-B-13,0.1884,low
BASM-04419,-0.0007,1.132,0.1733,OP-B-136,ST-B-16,0.6524,high
BASM-04420,0.0216,0.822,0.0294,OP-B-099,ST-B-08,0.2039,low
BASM-04421,0.039,1.234,0.0462,OP-B-112,ST-B-29,0.5147,high
BASM-04422,0.0084,1.143,0.0905,OP-B-121,ST-B-26,0.3712,medium
BASM-04423,0.0183,0.864,0.0746,OP-B-046,ST-B-25,0.2409,low
BASM-04424,0.0279,0.891,0.0711,OP-B-111,ST-B-20,0.2731,medium
BASM-04425,0.0081,1.205,0.0634,OP-B-085,ST-B-16,0.3838,medium
BASM-04426,0.0118,1.9,0.0322,OP-B-117,ST-B-20,0.4201,medium
BASM-04427,0.02,1.166,0.0476,OP-B-009,ST-B-26,0.2006,low
BASM-04428,0.026,1.745,0.0601,OP-B-065,ST-B-13,0.5526,high
BASM-04429,0.0192,0.64,0.0231,OP-B-067,ST-B-05,0.1901,low
BASM-04430,0.0148,1.356,0.0504,OP-B-077,ST-B-26,0.2694,medium
BASM-04431,0.0081,1.377,0.1683,OP-B-137,ST-B-07,0.606,high
BASM-04432,0.0298,0.821,0.0385,OP-B-131,ST-B-10,0.3327,medium
BASM-04433,0.0252,0.992,0.002,OP-B-115,ST-B-14,0.1486,low
BASM-04434,0.0188,1.6,0.0411,OP-B-066,ST-B-16,0.3944,medium
BASM-04435,0.0294,0.921,0.0647,OP-B-014,ST-B-15,0.3176,medium
BASM-04436,0.0294,1.144,0.0215,OP-B-042,ST-B-18,0.2608,medium
BASM-04437,0.033,1.264,0.0136,OP-B-102,ST-B-09,0.3944,medium
BASM-04438,0.0245,1.438,0.0132,OP-B-009,ST-B-05,0.3039,medium
BASM-04439,0.0213,1.049,0.0996,OP-B-148,ST-B-14,0.3024,medium
BASM-04440,0.0182,0.796,0.031,OP-B-051,ST-B-04,0.1778,low
BASM-04441,0.025,0.975,0.0862,OP-B-015,ST-B-09,0.26,medium
BASM-04442,0.0016,0.394,0.0501,OP-B-038,ST-B-30,0.5298,high
BASM-04443,0.022,0.93,0.0108,OP-B-134,ST-B-24,0.0606,low
BASM-04444,0.0131,1.345,0.0224,OP-B-052,ST-B-19,0.217,low
BASM-04445,0.0177,0.775,0.0182,OP-B-009,ST-B-05,0.1928,low
BASM-04446,0.0111,1.314,0.0113,OP-B-059,ST-B-25,0.2315,low
BASM-04447,0.0241,0.859,0.1302,OP-B-020,ST-B-25,0.424,medium
BASM-04448,0.0126,0.645,0.032,OP-B-145,ST-B-30,0.263,medium
BASM-04449,0.0068,0.59,0.0059,OP-B-107,ST-B-05,0.3826,medium
BASM-04450,0.0249,1.222,0.0254,OP-B-080,ST-B-29,0.2302,low
BASM-04451,0.0147,0.966,0.0462,OP-B-118,ST-B-15,0.11,low
BASM-04452,0.0165,1.072,0.095,OP-B-113,ST-B-01,0.1857,low
BASM-04453,0.0123,0.973,0.0641,OP-B-003,ST-B-09,0.1783,low
BASM-04454,0.0174,0.722,0.0804,OP-B-113,ST-B-16,0.277,medium
BASM-04455,0.0055,0.912,0.0772,OP-B-073,ST-B-08,0.3122,medium
BASM-04456,0.0044,0.891,0.1615,OP-B-081,ST-B-28,0.5704,high
BASM-04457,0.0142,1.139,0.0262,OP-B-018,ST-B-24,0.1832,low
BASM-04458,0.0057,1.064,0.0301,OP-B-034,ST-B-07,0.2275,low
BASM-04459,0.0335,1.194,0.0059,OP-B-141,ST-B-20,0.2758,medium
BASM-04460,0.002,1.18,0.1001,OP-B-056,ST-B-19,0.467,medium
BASM-04461,0.0043,0.739,0.0269,OP-B-017,ST-B-18,0.2822,medium
BASM-04462,0.0098,0.773,0.0345,OP-B-137,ST-B-28,0.3098,medium
BASM-04463,0.0091,0.907,0.0479,OP-B-150,ST-B-29,0.2647,medium
BASM-04464,0.0114,0.429,0.0511,OP-B-014,ST-B-12,0.4703,medium
BASM-04465,0.0261,1.13,0.0535,OP-B-010,ST-B-25,0.2343,low
BASM-04466,0.0079,1.374,0.0769,OP-B-103,ST-B-12,0.4426,medium
BASM-04467,0.0184,1.131,0.0424,OP-B-042,ST-B-25,0.1439,low
BASM-04468,0.0094,1.772,0.1174,OP-B-032,ST-B-08,0.6627,high
BASM-04469,0.0086,1.379,0.0078,OP-B-039,ST-B-26,0.2694,medium
BASM-04470,0.0396,1.511,0.1187,OP-B-016,ST-B-29,0.7167,high
BASM-04471,0.0174,1.252,0.1829,OP-B-090,ST-B-03,0.4473,medium
BASM-04472,0.0128,1.1,0.0734,OP-B-138,ST-B-10,0.3298,medium
BASM-04473,0.0082,0.592,0.1139,OP-B-004,ST-B-04,0.4999,medium
BASM-04474,0.004,1.152,0.0799,OP-B-060,ST-B-26,0.3505,medium
BASM-04475,0.0144,1.133,0.1044,OP-B-122,ST-B-19,0.2763,medium
BASM-04476,0.0301,1.224,0.0532,OP-B-135,ST-B-28,0.3182,medium
BASM-04477,0.0171,1.165,0.084,OP-B-010,ST-B-25,0.3101,medium
BASM-04478,0.0038,1.154,0.0026,OP-B-015,ST-B-29,0.2159,low
BASM-04479,0.0224,1.058,0.0625,OP-B-138,ST-B-27,0.2045,low
BASM-04480,0.02,1.562,0.0151,OP-B-058,ST-B-07,0.2572,medium
BASM-04481,0.0137,1.147,0.0754,OP-B-061,ST-B-20,0.248,low
BASM-04482,0.0113,0.656,0.1485,OP-B-009,ST-B-11,0.5567,high
BASM-04483,0.024,0.3,0.0847,OP-B-121,ST-B-06,0.5253,high
BASM-04484,0.0137,0.849,0.1012,OP-B-150,ST-B-16,0.2987,medium
BASM-04485,0.0169,1.105,0.1103,OP-B-144,ST-B-18,0.2526,medium
BASM-04486,0.014,1.235,0.0259,OP-B-003,ST-B-01,0.2196,low
BASM-04487,0.0179,0.741,0.0243,OP-B-038,ST-B-10,0.172,low
BASM-04488,0.015,1.259,0.024,OP-B-086,ST-B-08,0.1946,low
BASM-04489,0.0128,1.042,0.0624,OP-B-125,ST-B-04,0.2632,medium
BASM-04490,0.0059,1.472,0.0192,OP-B-047,ST-B-23,0.4043,medium
BASM-04491,0.0068,1.126,0.0499,OP-B-003,ST-B-16,0.1838,low
BASM-04492,0.0314,1.104,0.0304,OP-B-017,ST-B-27,0.3557,medium
BASM-04493,0.0283,1.088,0.0235,OP-B-032,ST-B-30,0.2003,low
BASM-04494,0.0203,1.107,0.0367,OP-B-063,ST-B-03,0.158,low
BASM-04495,0.0227,1.089,0.0529,OP-B-039,ST-B-22,0.1625,low
BASM-04496,0.0191,0.945,0.122,OP-B-132,ST-B-09,0.333,medium
BASM-04497,0.0165,1.334,0.0791,OP-B-062,ST-B-07,0.3085,medium
BASM-04498,0.0238,0.678,0.1349,OP-B-004,ST-B-27,0.4283,medium
BASM-04499,0.007,0.982,0.1484,OP-B-106,ST-B-18,0.4479,medium
BASM-04500,0.0202,0.804,0.0562,OP-B-125,ST-B-05,0.1784,low
BASM-04501,0.0252,1.217,0.0721,OP-B-030,ST-B-27,0.3185,medium
BASM-04502,0.0128,0.766,0.145,OP-B-077,ST-B-08,0.4762,medium
BASM-04503,0.0177,0.876,0.0369,OP-B-076,ST-B-20,0.145,low
BASM-04504,0.016,1.089,0.22,OP-B-003,ST-B-28,0.4901,medium
BASM-04505,0.0111,0.95,0.1348,OP-B-049,ST-B-22,0.3685,medium
BASM-04506,0.0124,0.952,0.106,OP-B-119,ST-B-18,0.3553,medium
BASM-04507,0.0165,0.538,0.0306,OP-B-090,ST-B-26,0.2875,medium
BASM-04508,0.0338,0.677,0.0164,OP-B-062,ST-B-16,0.3712,medium
BASM-04509,0.0151,0.749,0.0299,OP-B-013,ST-B-18,0.1628,low
BASM-04510,0.0023,0.858,0.1041,OP-B-094,ST-B-25,0.5179,high
BASM-04511,0.0224,1.015,0.0313,OP-B-100,ST-B-02,0.1549,low
BASM-04512,0.0182,0.501,0.0421,OP-B-101,ST-B-13,0.2819,medium
BASM-04513,0.0268,1.197,0.0151,OP-B-108,ST-B-19,0.1872,low
BASM-04514,0.0213,0.755,0.0049,OP-B-141,ST-B-22,0.1062,low
BASM-04515,0.0358,1.451,0.1167,OP-B-026,ST-B-25,0.6955,high
BASM-04516,0.0289,1.239,0.015,OP-B-076,ST-B-11,0.2578,medium
BASM-04517,0.0353,1.16,0.0788,OP-B-094,ST-B-16,0.4821,medium
BASM-04518,0.0316,1.575,0.0957,OP-B-059,ST-B-19,0.6021,high
BASM-04519,0.0373,1.043,0.0338,OP-B-049,ST-B-13,0.3504,medium
BASM-04520,0.0238,0.981,0.0508,OP-B-093,ST-B-15,0.2094,low
BASM-04521,0.0221,0.3,0.0355,OP-B-082,ST-B-02,0.4488,medium
BASM-04522,0.0133,1.199,0.2102,OP-B-136,ST-B-25,0.557,high
BASM-04523,0.019,1.073,0.1053,OP-B-102,ST-B-02,0.2383,low
BASM-04524,0.0062,0.946,0.0548,OP-B-032,ST-B-19,0.2562,medium
BASM-04525,-0.0009,0.597,0.0872,OP-B-085,ST-B-02,0.6349,high
BASM-04526,0.0206,1.07,0.0702,OP-B-114,ST-B-23,0.173,low
BASM-04527,0.0134,1.152,0.1023,OP-B-140,ST-B-28,0.368,medium
BASM-04528,0.0184,0.784,0.028,OP-B-016,ST-B-25,0.0925,low
BASM-04529,0.0227,0.463,0.1155,OP-B-028,ST-B-03,0.559,high
BASM-04530,0.0128,0.954,0.0709,OP-B-020,ST-B-11,0.2526,medium
BASM-04531,0.0144,0.553,0.0836,OP-B-019,ST-B-01,0.4181,medium
BASM-04532,0.0177,0.92,0.044,OP-B-131,ST-B-30,0.1636,low
BASM-04533,0.017,1.23,0.0662,OP-B-019,ST-B-04,0.1783,low
BASM-04534,0.0183,1.463,0.0263,OP-B-106,ST-B-01,0.2683,medium
BASM-04535,0.023,0.78,0.0697,OP-B-111,ST-B-17,0.3039,medium
BASM-04536,0.0125,0.865,0.0671,OP-B-024,ST-B-22,0.2513,medium
BASM-04537,0.0307,1.039,0.0135,OP-B-093,ST-B-06,0.1754,low
BASM-04538,0.0247,0.741,0.0789,OP-B-049,ST-B-17,0.3174,medium
BASM-04539,0.0167,1.164,0.0367,OP-B-149,ST-B-10,0.1531,low
BASM-04540,0.0058,0.305,0.0233,OP-B-040,ST-B-09,0.5012,high
BASM-04541,0.0218,1.083,0.083,OP-B-039,ST-B-18,0.2524,medium
BASM-04542,0.0135,1.014,0.1179,OP-B-091,ST-B-20,0.2891,medium
BASM-04543,0.0101,1.672,0.0362,OP-B-014,ST-B-21,0.5151,high
BASM-04544,0.0093,1.166,0.043,OP-B-131,ST-B-10,0.2454,low
BASM-04545,0.0325,0.858,0.0113,OP-B-136,ST-B-20,0.2945,medium
BASM-04546,0.0203,1.162,0.0053,OP-B-106,ST-B-25,0.1467,low
BASM-04547,0.0172,0.497,0.0411,OP-B-062,ST-B-15,0.3021,medium
BASM-04548,0.0146,1.344,0.0195,OP-B-116,ST-B-12,0.1951,low
BASM-04549,0.0242,1.106,0.086,OP-B-053,ST-B-07,0.2848,medium
BASM-04550,0.015,0.71,0.0174,OP-B-115,ST-B-01,0.2302,low
BASM-04551,0.0245,1.063,0.0228,OP-B-011,ST-B-16,0.147,low
BASM-04552,0.0208,0.883,0.021,OP-B-005,ST-B-18,0.1742,low
BASM-04553,0.0049,1.429,0.0539,OP-B-019,ST-B-28,0.4282,medium
BASM-04554,0.0177,0.698,0.0271,OP-B-137,ST-B-13,0.1687,low
BASM-04555,0.0166,1.21,0.0164,OP-B-040,ST-B-22,0.1352,low
BASM-04556,0.0197,1.133,0.022,OP-B-046,ST-B-04,0.1165,low
BASM-04557,0.0168,1.384,0.0269,OP-B-148,ST-B-04,0.2153,low
BASM-04558,0.0163,1.386,0.0256,OP-B-136,ST-B-13,0.2346,low
BASM-04559,0.0252,1.347,0.1346,OP-B-098,ST-B-10,0.5102,high
BASM-04560,0.0334,1.221,0.0904,OP-B-145,ST-B-14,0.4778,medium
BASM-04561,0.0117,1.189,0.1666,OP-B-124,ST-B-16,0.4845,medium
BASM-04562,0.0335,1.319,0.0362,OP-B-095,ST-B-12,0.3869,medium
BASM-04563,0.0151,0.981,0.0368,OP-B-033,ST-B-30,0.1971,low
BASM-04564,0.0115,1.423,0.0474,OP-B-007,ST-B-03,0.31,medium
BASM-04565,0.0243,0.934,0.0677,OP-B-102,ST-B-03,0.2757,medium
BASM-04566,0.0152,1.303,0.1322,OP-B-142,ST-B-11,0.4181,medium
BASM-04567,0.0196,1.306,0.1486,OP-B-062,ST-B-14,0.4124,medium
BASM-04568,0.0115,0.94,0.0368,OP-B-010,ST-B-25,0.1889,low
BASM-04569,0.0021,0.671,0.1089,OP-B-073,ST-B-14,0.5883,high
BASM-04570,0.0223,1.172,0.1229,OP-B-094,ST-B-17,0.4051,medium
BASM-04571,0.0101,1.239,0.0749,OP-B-148,ST-B-10,0.3501,medium
BASM-04572,0.0198,1.359,0.0211,OP-B-131,ST-B-26,0.2229,low
BASM-04573,0.0288,1.006,0.1672,OP-B-062,ST-B-16,0.588,high
BASM-04574,0.0136,0.961,0.0895,OP-B-119,ST-B-20,0.2905,medium
BASM-04575,0.0156,0.767,0.1113,OP-B-006,ST-B-21,0.3584,medium
BASM-04576,0.0145,1.093,0.0491,OP-B-076,ST-B-18,0.2297,low
BASM-04577,0.023,1.176,0.0653,OP-B-143,ST-B-20,0.2853,medium
BASM-04578,0.0152,1.094,0.0569,OP-B-135,ST-B-05,0.1648,low
BASM-04579,0.0304,0.971,0.0138,OP-B-076,ST-B-21,0.223,low
BASM-04580,-0.006,0.648,0.0299,OP-B-019,ST-B-18,0.4379,medium
BASM-04581,0.0334,1.209,0.0551,OP-B-147,ST-B-14,0.3968,medium
BASM-04582,0.0272,0.939,0.0556,OP-B-137,ST-B-13,0.2508,medium
BASM-04583,0.0129,0.871,0.055,OP-B-038,ST-B-17,0.1967,low
BASM-04584,0.0272,0.717,0.0108,OP-B-070,ST-B-21,0.2257,low
BASM-04585,0.0124,0.658,0.0257,OP-B-137,ST-B-28,0.2281,low
BASM-04586,0.0272,0.745,0.053,OP-B-079,ST-B-16,0.3046,medium
BASM-04587,0.0131,0.704,0.0817,OP-B-126,ST-B-07,0.353,medium
BASM-04588,0.0312,1.565,0.1232,OP-B-092,ST-B-15,0.64,high
BASM-04589,0.014,0.899,0.0124,OP-B-134,ST-B-14,0.0985,low
BASM-04590,0.0097,1.31,0.038,OP-B-096,ST-B-23,0.3088,medium
BASM-04591,0.0133,1.208,0.0643,OP-B-044,ST-B-03,0.283,medium
BASM-04592,0.0207,1.284,0.0359,OP-B-150,ST-B-03,0.2105,low
BASM-04593,0.0232,0.495,0.0305,OP-B-039,ST-B-25,0.3644,medium
BASM-04594,0.018,0.744,0.0245,OP-B-038,ST-B-04,0.1555,low
BASM-04595,0.0196,0.646,0.0431,OP-B-027,ST-B-26,0.2563,medium
BASM-04596,0.0099,0.709,0.0866,OP-B-042,ST-B-14,0.4065,medium
BASM-04597,0.0289,0.681,0.0515,OP-B-086,ST-B-20,0.318,medium
BASM-04598,0.0296,1.292,0.0236,OP-B-003,ST-B-30,0.2461,low
BASM-04599,0.007,1.28,0.0739,OP-B-038,ST-B-30,0.4062,medium
BASM-04600,0.0276,1.126,0.0149,OP-B-105,ST-B-04,0.2488,low
BASM-04601,0.0165,0.669,0.0408,OP-B-086,ST-B-16,0.1908,low
BASM-04602,0.0112,1.273,0.0246,OP-B-044,ST-B-02,0.2769,medium
BASM-04603,0.0229,1.123,0.0282,OP-B-143,ST-B-30,0.1574,low
BASM-04604,0.0322,0.96,0.1131,OP-B-107,ST-B-22,0.4422,medium
BASM-04605,0.0098,1.155,0.0022,OP-B-106,ST-B-28,0.1636,low
BASM-04606,0.0394,0.929,0.06,OP-B-064,ST-B-29,0.4081,medium
BASM-04607,0.0225,0.544,0.0141,OP-B-062,ST-B-03,0.2669,medium
BASM-04608,0.0317,0.949,0.0056,OP-B-112,ST-B-03,0.2528,medium
BASM-04609,0.0238,0.74,0.0947,OP-B-017,ST-B-03,0.4161,medium
BASM-04610,0.0223,1.335,0.0117,OP-B-119,ST-B-01,0.2179,low
BASM-04611,0.011,0.836,0.0388,OP-B-125,ST-B-20,0.2172,low
BASM-04612,-0.0004,1.189,0.1778,OP-B-146,ST-B-13,0.6994,high
BASM-04613,0.0157,0.879,0.0295,OP-B-099,ST-B-14,0.1394,low
BASM-04614,0.021,1.008,0.0728,OP-B-128,ST-B-14,0.2016,low
BASM-04615,0.022,1.045,0.0314,OP-B-074,ST-B-16,0.0805,low
BASM-04616,0.0053,1.702,0.0836,OP-B-134,ST-B-19,0.5767,high
BASM-04617,0.0143,0.974,0.0382,OP-B-032,ST-B-30,0.1262,low
BASM-04618,0.018,0.601,0.0376,OP-B-096,ST-B-10,0.1837,low
BASM-04619,0.0285,1.262,0.0249,OP-B-029,ST-B-03,0.3219,medium
BASM-04620,0.0341,0.886,0.0972,OP-B-054,ST-B-08,0.5091,high
BASM-04621,0.0226,0.7,0.1467,OP-B-091,ST-B-15,0.4468,medium
BASM-04622,0.0249,1.126,0.0699,OP-B-010,ST-B-15,0.3566,medium
BASM-04623,0.0374,0.832,0.1022,OP-B-109,ST-B-24,0.568,high
BASM-04624,0.0037,1.224,0.0488,OP-B-094,ST-B-15,0.3722,medium
BASM-04625,0.0108,1.227,0.0741,OP-B-047,ST-B-12,0.4294,medium
BASM-04626,0.0161,0.895,0.0194,OP-B-022,ST-B-05,0.048,low
BASM-04627,0.0053,0.552,0.0434,OP-B-064,ST-B-07,0.4512,medium
BASM-04628,0.0308,0.873,0.0518,OP-B-029,ST-B-29,0.3571,medium
BASM-04629,0.0156,0.944,0.0579,OP-B-142,ST-B-05,0.1513,low
BASM-04630,0.0252,1.133,0.0579,OP-B-052,ST-B-13,0.2908,medium
BASM-04631,0.0206,1.018,0.0358,OP-B-040,ST-B-20,0.0529,low
BASM-04632,0.0165,1.087,0.0651,OP-B-118,ST-B-18,0.1698,low
BASM-04633,0.0158,0.921,0.0481,OP-B-005,ST-B-13,0.1635,low
BASM-04634,0.0199,1.181,0.0705,OP-B-119,ST-B-11,0.2015,low
BASM-04635,0.0145,0.883,0.028,OP-B-086,ST-B-18,0.1877,low
BASM-04636,0.0137,1.418,0.0835,OP-B-047,ST-B-14,0.397,medium
BASM-04637,0.0422,1.298,0.0289,OP-B-064,ST-B-15,0.4167,medium
BASM-04638,0.0094,1.326,0.09,OP-B-023,ST-B-30,0.4746,medium
BASM-04639,0.0232,0.916,0.0075,OP-B-120,ST-B-28,0.1377,low
BASM-04640,0.0188,1.296,0.1304,OP-B-055,ST-B-23,0.4273,medium
BASM-04641,0.0245,0.887,0.0129,OP-B-055,ST-B-16,0.1798,low
BASM-04642,0.0058,1.037,0.0732,OP-B-027,ST-B-21,0.2618,medium
BASM-04643,0.0096,1.294,0.0286,OP-B-024,ST-B-18,0.2874,medium
BASM-04644,0.0151,0.877,0.0772,OP-B-055,ST-B-12,0.2499,low
BASM-04645,0.0246,0.756,0.1189,OP-B-020,ST-B-19,0.4249,medium
BASM-04646,0.026,0.746,0.0252,OP-B-030,ST-B-07,0.3362,medium
BASM-04647,0.0306,0.894,0.0427,OP-B-052,ST-B-29,0.264,medium
BASM-04648,0.0269,0.728,0.0323,OP-B-104,ST-B-22,0.345,medium
BASM-04649,0.0302,0.862,0.0576,OP-B-116,ST-B-12,0.3397,medium
BASM-04650,0.0211,1.421,0.0681,OP-B-106,ST-B-04,0.3226,medium
BASM-04651,0.0248,0.881,0.0799,OP-B-053,ST-B-18,0.2515,medium
BASM-04652,0.0081,1.457,0.0312,OP-B-088,ST-B-10,0.329,medium
BASM-04653,0.0339,0.612,0.0468,OP-B-149,ST-B-03,0.4631,medium
BASM-04654,0.0102,0.695,0.1205,OP-B-136,ST-B-02,0.4417,medium
BASM-04655,0.0069,0.868,0.0303,OP-B-132,ST-B-02,0.2445,low
BASM-04656,0.0169,0.642,0.0232,OP-B-066,ST-B-29,0.2173,low
BASM-04657,0.0067,1.398,0.0128,OP-B-042,ST-B-19,0.3105,medium
BASM-04658,0.0129,0.967,0.0635,OP-B-138,ST-B-25,0.1748,low
BASM-04659,0.0082,1.231,0.0157,OP-B-150,ST-B-09,0.2477,low
BASM-04660,0.0273,1.27,0.0365,OP-B-127,ST-B-03,0.3094,medium
BASM-04661,0.0072,1.152,0.094,OP-B-025,ST-B-23,0.4053,medium
BASM-04662,0.0234,0.62,0.0807,OP-B-017,ST-B-30,0.404,medium
BASM-04663,0.0228,1.202,0.0627,OP-B-121,ST-B-12,0.257,medium
BASM-04664,0.0239,0.936,0.0157,OP-B-071,ST-B-07,0.1047,low
BASM-04665,0.0224,0.941,0.0227,OP-B-079,ST-B-02,0.1144,low
BASM-04666,0.0154,0.872,0.162,OP-B-072,ST-B-25,0.4381,medium
BASM-04667,0.0184,0.975,0.1287,OP-B-009,ST-B-14,0.2888,medium
BASM-04668,0.0266,0.48,0.1846,OP-B-046,ST-B-29,0.7182,high
BASM-04669,0.0093,0.743,0.0837,OP-B-013,ST-B-23,0.3627,medium
BASM-04670,-0.0005,0.326,0.0669,OP-B-100,ST-B-08,0.6228,high
BASM-04671,0.0232,1.302,0.0311,OP-B-054,ST-B-18,0.2559,medium
BASM-04672,0.0138,1.246,0.0557,OP-B-059,ST-B-16,0.2984,medium
BASM-04673,0.0142,1.085,0.0155,OP-B-088,ST-B-19,0.1554,low
BASM-04674,0.0183,0.797,0.033,OP-B-098,ST-B-24,0.2222,low
BASM-04675,0.0342,1.61,0.0172,OP-B-093,ST-B-25,0.4726,medium
BASM-04676,0.0115,1.1,0.0574,OP-B-131,ST-B-14,0.216,low
BASM-04677,0.0233,0.662,0.0196,OP-B-119,ST-B-24,0.1329,low
BASM-04678,0.0195,1.388,0.0307,OP-B-103,ST-B-12,0.2697,medium
BASM-04679,0.006,0.609,0.0469,OP-B-107,ST-B-22,0.4494,medium
BASM-04680,0.0082,0.913,0.0133,OP-B-058,ST-B-16,0.2033,low
BASM-04681,0.0206,0.804,0.0848,OP-B-035,ST-B-29,0.2771,medium
BASM-04682,0.0128,1.085,0.0111,OP-B-047,ST-B-14,0.1324,low
BASM-04683,0.0336,0.996,0.1089,OP-B-020,ST-B-11,0.4357,medium
BASM-04684,0.0145,1.18,0.0492,OP-B-013,ST-B-18,0.2391,low
BASM-04685,0.004,1.174,0.0782,OP-B-047,ST-B-27,0.4307,medium
BASM-04686,0.0028,1.022,0.0184,OP-B-132,ST-B-26,0.1881,low
BASM-04687,0.027,1.579,0.1288,OP-B-121,ST-B-18,0.6056,high
BASM-04688,0.0152,1.068,0.0611,OP-B-133,ST-B-13,0.193,low
BASM-04689,0.0093,0.624,0.0447,OP-B-123,ST-B-26,0.3894,medium
BASM-04690,0.0121,0.724,0.1732,OP-B-094,ST-B-24,0.53,high
BASM-04691,0.0211,0.796,0.0332,OP-B-049,ST-B-05,0.2495,low
BASM-04692,0.0152,0.653,0.0547,OP-B-075,ST-B-09,0.2971,medium
BASM-04693,0.0203,1.014,0.0388,OP-B-136,ST-B-29,0.1487,low
BASM-04694,0.0001,1.427,0.0168,OP-B-149,ST-B-21,0.3861,medium
BASM-04695,0.0276,1.222,0.0719,OP-B-130,ST-B-20,0.3565,medium
BASM-04696,0.0179,0.628,0.0716,OP-B-039,ST-B-19,0.3501,medium
BASM-04697,0.0263,1.01,0.1928,OP-B-127,ST-B-27,0.4665,medium
BASM-04698,0.0144,0.719,0.0262,OP-B-146,ST-B-11,0.2203,low
BASM-04699,0.0044,0.583,0.0604,OP-B-082,ST-B-20,0.4593,medium
BASM-04700,0.0132,1.085,0.0099,OP-B-135,ST-B-24,0.0824,low
BASM-04701,0.0083,0.543,0.0544,OP-B-106,ST-B-11,0.432,medium
BASM-04702,0.0179,0.903,0.0569,OP-B-042,ST-B-01,0.2071,low
BASM-04703,0.0303,1.143,0.0479,OP-B-049,ST-B-19,0.3357,medium
BASM-04704,0.0265,1.02,0.0682,OP-B-052,ST-B-21,0.2396,low
BASM-04705,0.0145,0.983,0.0618,OP-B-049,ST-B-25,0.1559,low
BASM-04706,0.0292,1.214,0.0238,OP-B-141,ST-B-05,0.2793,medium
BASM-04707,0.0294,1.341,0.066,OP-B-099,ST-B-18,0.4412,medium
BASM-04708,0.0122,0.836,0.0324,OP-B-023,ST-B-13,0.199,low
BASM-04709,0.0305,1.868,0.0315,OP-B-091,ST-B-09,0.5336,high
BASM-04710,0.0204,1.227,0.0801,OP-B-089,ST-B-17,0.2453,low
BASM-04711,0.0101,1.07,0.012,OP-B-122,ST-B-07,0.2019,low
BASM-04712,0.0208,1.261,0.0135,OP-B-079,ST-B-21,0.1404,low
BASM-04713,0.0095,1.23,0.0384,OP-B-138,ST-B-16,0.2797,medium
BASM-04714,0.0126,0.372,0.1416,OP-B-045,ST-B-01,0.5442,high
BASM-04715,0.0103,0.631,0.107,OP-B-070,ST-B-18,0.4955,medium
BASM-04716,0.0135,1.183,0.0188,OP-B-064,ST-B-22,0.1405,low
BASM-04717,0.0228,0.813,0.1024,OP-B-115,ST-B-18,0.3536,medium
BASM-04718,0.0241,0.92,0.0252,OP-B-148,ST-B-02,0.1887,low
BASM-04719,0.0296,0.921,0.066,OP-B-096,ST-B-09,0.3733,medium
BASM-04720,0.0093,0.94,0.0109,OP-B-125,ST-B-28,0.1625,low
BASM-04721,0.0263,0.952,0.0769,OP-B-144,ST-B-03,0.2971,medium
BASM-04722,0.0285,0.822,0.0404,OP-B-123,ST-B-25,0.304,medium
BASM-04723,0.0234,0.783,0.0776,OP-B-029,ST-B-02,0.4078,medium
BASM-04724,0.0175,1.363,0.0634,OP-B-104,ST-B-18,0.3089,medium
BASM-04725,0.0105,0.898,0.0099,OP-B-088,ST-B-12,0.1579,low
BASM-04726,0.0228,1.548,0.0541,OP-B-044,ST-B-08,0.3613,medium
BASM-04727,0.0415,1.066,0.0362,OP-B-062,ST-B-16,0.3554,medium
BASM-04728,0.0244,1.068,0.0183,OP-B-002,ST-B-05,0.1274,low
BASM-04729,0.0273,1.584,0.0582,OP-B-092,ST-B-19,0.4601,medium
BASM-04730,0.0315,1.608,0.0233,OP-B-051,ST-B-06,0.4772,medium
BASM-04731,0.017,0.717,0.0022,OP-B-007,ST-B-02,0.1026,low
BASM-04732,0.0243,0.729,0.0075,OP-B-110,ST-B-03,0.2139,low
BASM-04733,0.0233,0.573,0.049,OP-B-136,ST-B-24,0.3464,medium
BASM-04734,0.0216,1.022,0.0165,OP-B-055,ST-B-03,0.1182,low
BASM-04735,0.0126,0.923,0.0178,OP-B-106,ST-B-19,0.165,low
BASM-04736,0.0238,0.824,0.0658,OP-B-105,ST-B-30,0.3056,medium
BASM-04737,0.0169,0.978,0.0784,OP-B-059,ST-B-08,0.2016,low
BASM-04738,0.0004,0.926,0.038,OP-B-046,ST-B-27,0.2845,medium
BASM-04739,0.0152,1.269,0.0212,OP-B-146,ST-B-16,0.2207,low
BASM-04740,0.0138,1.034,0.0605,OP-B-038,ST-B-23,0.2609,medium
BASM-04741,0.0187,1.303,0.0516,OP-B-129,ST-B-09,0.2479,low
BASM-04742,0.0181,1.117,0.0653,OP-B-065,ST-B-14,0.1547,low
BASM-04743,0.0318,0.501,0.0302,OP-B-085,ST-B-06,0.4623,medium
BASM-04744,0.0162,0.743,0.0945,OP-B-049,ST-B-18,0.3548,medium
BASM-04745,0.0178,0.723,0.0254,OP-B-147,ST-B-24,0.193,low
BASM-04746,0.0073,1.21,0.0819,OP-B-005,ST-B-05,0.4136,medium
BASM-04747,0.0111,1.407,0.0282,OP-B-061,ST-B-03,0.3091,medium
BASM-04748,0.0117,1.369,0.0317,OP-B-036,ST-B-11,0.2974,medium
BASM-04749,0.0111,0.871,0.0131,OP-B-087,ST-B-11,0.1475,low
BASM-04750,0.0104,0.639,0.0304,OP-B-010,ST-B-03,0.2672,medium
BASM-04751,0.0022,0.673,0.0203,OP-B-001,ST-B-10,0.3015,medium
BASM-04752,0.0233,0.913,0.0685,OP-B-145,ST-B-15,0.2133,low
BASM-04753,0.0248,0.391,0.0402,OP-B-057,ST-B-15,0.4067,medium
BASM-04754,0.0211,0.786,0.2014,OP-B-085,ST-B-27,0.5548,high
BASM-04755,0.0249,1.247,0.0627,OP-B-029,ST-B-03,0.3024,medium
BASM-04756,0.0254,1.079,0.0475,OP-B-114,ST-B-03,0.2,low
BASM-04757,0.027,1.485,0.0396,OP-B-122,ST-B-25,0.4372,medium
BASM-04758,0.0259,1.313,0.0837,OP-B-031,ST-B-12,0.4188,medium
BASM-04759,0.0019,1.486,0.0323,OP-B-068,ST-B-11,0.4229,medium
BASM-04760,0.0174,1.032,0.0159,OP-B-040,ST-B-05,0.085,low
BASM-04761,0.0012,1.464,0.0311,OP-B-038,ST-B-02,0.4711,medium
BASM-04762,0.0167,0.69,0.0856,OP-B-007,ST-B-06,0.332,medium
BASM-04763,0.0233,1.344,0.0464,OP-B-096,ST-B-06,0.2861,medium
BASM-04764,0.0282,1.02,0.0658,OP-B-103,ST-B-07,0.3171,medium
BASM-04765,0.0218,1.081,0.0793,OP-B-103,ST-B-25,0.2266,low
BASM-04766,0.0028,0.397,0.1042,OP-B-106,ST-B-08,0.6619,high
BASM-04767,0.0066,0.878,0.0417,OP-B-008,ST-B-28,0.3218,medium
BASM-04768,0.0358,1.013,0.0703,OP-B-072,ST-B-28,0.3891,medium
BASM-04769,0.0122,1.076,0.0388,OP-B-135,ST-B-07,0.1575,low
BASM-04770,0.0147,1.097,0.028,OP-B-131,ST-B-22,0.1914,low
BASM-04771,0.0245,0.78,0.0201,OP-B-112,ST-B-05,0.2025,low
BASM-04772,0.0247,1.383,0.0694,OP-B-096,ST-B-12,0.4133,medium
BASM-04773,0.0006,1.434,0.0324,OP-B-134,ST-B-05,0.4225,medium
BASM-04774,0.0167,0.826,0.0508,OP-B-092,ST-B-09,0.2032,low
BASM-04775,0.0264,1.078,0.0253,OP-B-004,ST-B-21,0.1269,low
BASM-04776,0.0208,1.173,0.04,OP-B-073,ST-B-20,0.1961,low
BASM-04777,0.0232,1.056,0.0363,OP-B-103,ST-B-21,0.1736,low
BASM-04778,0.0053,1.197,0.1089,OP-B-110,ST-B-05,0.4194,medium
BASM-04779,0.0184,1.063,0.0445,OP-B-115,ST-B-04,0.1602,low
BASM-04780,0.009,1.187,0.0232,OP-B-067,ST-B-14,0.2768,medium
BASM-04781,0.0001,0.938,0.0101,OP-B-088,ST-B-24,0.2563,medium
BASM-04782,0.0205,0.648,0.0871,OP-B-135,ST-B-02,0.3532,medium
BASM-04783,0.0088,1.375,0.0872,OP-B-129,ST-B-15,0.3929,medium
BASM-04784,0.0251,0.766,0.0403,OP-B-106,ST-B-25,0.2898,medium
BASM-04785,0.0207,1.104,0.0701,OP-B-060,ST-B-26,0.2066,low
BASM-04786,0.0376,1.503,0.0476,OP-B-121,ST-B-06,0.5593,high
BASM-04787,0.0284,1.009,0.0107,OP-B-104,ST-B-09,0.1596,low
BASM-04788,0.0075,0.93,0.0212,OP-B-143,ST-B-26,0.1462,low
BASM-04789,0.0072,0.59,0.0876,OP-B-108,ST-B-16,0.4879,medium
BASM-04790,0.0187,0.671,0.0174,OP-B-105,ST-B-12,0.1891,low
BASM-04791,0.0146,1.756,0.0229,OP-B-095,ST-B-01,0.4321,medium
BASM-04792,0.0297,1.017,0.0157,OP-B-100,ST-B-30,0.156,low
BASM-04793,0.0178,1.292,0.0088,OP-B-038,ST-B-29,0.1659,low
BASM-04794,0.0104,0.842,0.0878,OP-B-099,ST-B-06,0.3461,medium
BASM-04795,0.0226,1.399,0.0531,OP-B-043,ST-B-24,0.345,medium
BASM-04796,0.0139,0.983,0.0419,OP-B-027,ST-B-22,0.1638,low
BASM-04797,0.0045,0.757,0.0534,OP-B-115,ST-B-28,0.3329,medium
BASM-04798,0.015,0.988,0.0354,OP-B-144,ST-B-27,0.107,low
BASM-04799,0.0275,0.694,0.0653,OP-B-134,ST-B-07,0.3521,medium
BASM-04800,0.0189,1.275,0.0099,OP-B-028,ST-B-11,0.188,low
BASM-04801,0.0064,0.679,0.0291,OP-B-006,ST-B-12,0.3649,medium
BASM-04802,0.0138,0.986,0.0565,OP-B-138,ST-B-22,0.1488,low
BASM-04803,0.0117,1.24,0.0381,OP-B-140,ST-B-23,0.2817,medium
BASM-04804,0.0157,0.884,0.0149,OP-B-052,ST-B-26,0.2012,low
BASM-04805,0.0201,1.128,0.0609,OP-B-133,ST-B-30,0.2122,low
BASM-04806,0.023,0.868,0.0937,OP-B-117,ST-B-14,0.3278,medium
BASM-04807,0.0204,0.478,0.0352,OP-B-072,ST-B-30,0.2495,low
BASM-04808,0.0134,1.007,0.1152,OP-B-009,ST-B-11,0.3251,medium
BASM-04809,0.0088,0.909,0.0809,OP-B-098,ST-B-04,0.3358,medium
BASM-04810,0.0095,1.007,0.0639,OP-B-030,ST-B-12,0.2936,medium
BASM-04811,0.0123,0.562,0.0147,OP-B-075,ST-B-11,0.3248,medium
BASM-04812,0.0059,0.892,0.0107,OP-B-073,ST-B-20,0.2112,low
BASM-04813,0.0185,1.011,0.0624,OP-B-072,ST-B-13,0.133,low
BASM-04814,0.0244,0.975,0.0549,OP-B-053,ST-B-08,0.1578,low
BASM-04815,0.0145,1.01,0.0485,OP-B-105,ST-B-03,0.2204,low
BASM-04816,0.0288,1.06,0.0466,OP-B-127,ST-B-14,0.2877,medium
BASM-04817,0.0372,0.546,0.035,OP-B-052,ST-B-10,0.4829,medium
BASM-04818,0.0114,1.111,0.0295,OP-B-104,ST-B-09,0.1728,low
BASM-04819,0.0041,1.077,0.0778,OP-B-027,ST-B-16,0.3204,medium
BASM-04820,0.0085,1.29,0.0101,OP-B-036,ST-B-10,0.213,low
BASM-04821,0.026,0.3,0.184,OP-B-056,ST-B-12,0.7307,high
BASM-04822,0.0046,1.113,0.1221,OP-B-149,ST-B-04,0.4932,medium
BASM-04823,0.0215,1.372,0.1024,OP-B-149,ST-B-21,0.4396,medium
BASM-04824,0.0335,0.834,0.0514,OP-B-068,ST-B-27,0.368,medium
BASM-04825,-0.0021,0.782,0.0944,OP-B-146,ST-B-30,0.5041,high
BASM-04826,0.0182,1.469,0.0147,OP-B-065,ST-B-13,0.2186,low
BASM-04827,0.0262,1.221,0.0208,OP-B-089,ST-B-16,0.2173,low
BASM-04828,0.0181,1.516,0.0463,OP-B-067,ST-B-23,0.3408,medium
BASM-04829,0.0052,0.967,0.0225,OP-B-084,ST-B-23,0.2725,medium
BASM-04830,0.0245,0.732,0.0093,OP-B-060,ST-B-06,0.214,low
BASM-04831,0.0269,0.957,0.091,OP-B-086,ST-B-01,0.3252,medium
BASM-04832,0.0369,1.293,0.1081,OP-B-079,ST-B-10,0.5475,high
BASM-04833,0.0165,0.831,0.0126,OP-B-054,ST-B-22,0.123,low
BASM-04834,0.0276,1.226,0.0427,OP-B-040,ST-B-13,0.2734,medium
BASM-04835,0.0143,1.372,0.0886,OP-B-008,ST-B-16,0.3809,medium
BASM-04836,0.003,1.238,0.067,OP-B-052,ST-B-24,0.4421,medium
BASM-04837,0.0154,1.079,0.1016,OP-B-013,ST-B-28,0.3083,medium
BASM-04838,0.0331,0.795,0.0925,OP-B-132,ST-B-12,0.4436,medium
BASM-04839,0.0291,1.366,0.0603,OP-B-146,ST-B-09,0.3566,medium
BASM-04840,0.0125,0.776,0.032,OP-B-104,ST-B-05,0.2215,low
BASM-04841,0.0141,0.823,0.07,OP-B-030,ST-B-24,0.2552,medium
BASM-04842,0.018,0.792,0.0138,OP-B-074,ST-B-12,0.0911,low
BASM-04843,0.0219,1.144,0.103,OP-B-009,ST-B-07,0.3022,medium
BASM-04844,0.007,1.085,0.0707,OP-B-069,ST-B-29,0.345,medium
BASM-04845,0.0208,1.075,0.069,OP-B-121,ST-B-10,0.1663,low
BASM-04846,0.0156,0.808,0.1384,OP-B-079,ST-B-14,0.3917,medium
BASM-04847,0.0028,1.429,0.0195,OP-B-121,ST-B-26,0.4089,medium
BASM-04848,0.0158,1.14,0.0931,OP-B-071,ST-B-28,0.2222,low
BASM-04849,0.0201,1.406,0.0285,OP-B-111,ST-B-16,0.2737,medium
BASM-04850,0.0115,0.995,0.0436,OP-B-010,ST-B-23,0.1398,low
BASM-04851,0.0148,0.669,0.0617,OP-B-135,ST-B-10,0.3498,medium
BASM-04852,0.0243,1.043,0.0396,OP-B-049,ST-B-25,0.2027,low
BASM-04853,0.0132,1.39,0.022,OP-B-054,ST-B-25,0.2113,low
BASM-04854,0.0407,1.168,0.0774,OP-B-115,ST-B-24,0.4956,medium
BASM-04855,0.0379,0.85,0.0192,OP-B-019,ST-B-02,0.326,medium
BASM-04856,0.0023,1.247,0.0501,OP-B-012,ST-B-11,0.3736,medium
BASM-04857,0.0177,1.2,0.0189,OP-B-105,ST-B-15,0.1864,low
BASM-04858,0.015,1.116,0.0684,OP-B-140,ST-B-10,0.2124,low
BASM-04859,0.0427,0.992,0.0511,OP-B-068,ST-B-26,0.4664,medium
BASM-04860,0.0268,0.889,0.1063,OP-B-049,ST-B-20,0.3665,medium
BASM-04861,0.0244,0.724,0.0087,OP-B-089,ST-B-01,0.2509,medium
BASM-04862,0.0285,0.526,0.057,OP-B-001,ST-B-11,0.4151,medium
BASM-04863,0.0181,0.761,0.0399,OP-B-098,ST-B-09,0.1726,low
BASM-04864,0.0101,0.677,0.0065,OP-B-065,ST-B-21,0.2384,low
BASM-04865,0.0066,1.096,0.0143,OP-B-025,ST-B-25,0.2247,low
BASM-04866,0.0139,0.795,0.0735,OP-B-123,ST-B-18,0.2267,low
BASM-04867,0.0167,0.853,0.0227,OP-B-148,ST-B-01,0.0826,low
BASM-04868,-0.0016,1.008,0.03,OP-B-086,ST-B-25,0.2778,medium
BASM-04869,0.0042,1.193,0.0572,OP-B-010,ST-B-12,0.3616,medium
BASM-04870,0.0244,1.15,0.0133,OP-B-002,ST-B-11,0.1336,low
BASM-04871,0.0089,0.824,0.0266,OP-B-093,ST-B-29,0.1951,low
BASM-04872,0.0173,0.744,0.0524,OP-B-055,ST-B-11,0.222,low
BASM-04873,0.0281,0.406,0.025,OP-B-142,ST-B-10,0.4066,medium
BASM-04874,0.015,1.262,0.0282,OP-B-027,ST-B-03,0.2921,medium
BASM-04875,0.0261,0.89,0.0306,OP-B-035,ST-B-13,0.2013,low
BASM-04876,0.035,0.943,0.0495,OP-B-096,ST-B-29,0.3505,medium
BASM-04877,0.0197,0.999,0.114,OP-B-085,ST-B-18,0.3029,medium
BASM-04878,0.0271,0.763,0.084,OP-B-031,ST-B-23,0.4254,medium
BASM-04879,0.0075,1.373,0.0153,OP-B-107,ST-B-20,0.351,medium
BASM-04880,0.0221,1.122,0.0905,OP-B-042,ST-B-22,0.2658,medium
BASM-04881,0.0291,1.223,0.0339,OP-B-041,ST-B-23,0.2256,low
BASM-04882,0.0195,1.481,0.053,OP-B-032,ST-B-18,0.3687,medium
BASM-04883,0.0083,1.331,0.0891,OP-B-054,ST-B-01,0.4613,medium
BASM-04884,0.0103,1.371,0.0577,OP-B-041,ST-B-12,0.3756,medium
BASM-04885,0.0018,0.8,0.0089,OP-B-133,ST-B-14,0.2749,medium
BASM-04886,0.0162,1.157,0.0616,OP-B-072,ST-B-24,0.2197,low
BASM-04887,0.0278,1.207,0.0745,OP-B-125,ST-B-16,0.3331,medium
BASM-04888,0.0207,0.885,0.0304,OP-B-001,ST-B-09,0.1675,low
BASM-04889,0.0167,0.979,0.0385,OP-B-124,ST-B-25,0.1402,low
BASM-04890,0.0135,0.706,0.0463,OP-B-072,ST-B-04,0.2919,medium
BASM-04891,0.017,0.644,0.0242,OP-B-123,ST-B-13,0.2813,medium
BASM-04892,0.0069,1.153,0.0187,OP-B-110,ST-B-11,0.2179,low
BASM-04893,0.0167,1.106,0.0184,OP-B-042,ST-B-01,0.0273,low
BASM-04894,0.0247,1.291,0.0189,OP-B-134,ST-B-19,0.2198,low
BASM-04895,-0.0045,0.865,0.061,OP-B-120,ST-B-29,0.4637,medium
BASM-04896,0.0267,0.79,0.0086,OP-B-146,ST-B-26,0.2643,medium
BASM-04897,0.0233,0.71,0.0374,OP-B-073,ST-B-21,0.2006,low
BASM-04898,0.0023,1.127,0.0351,OP-B-116,ST-B-02,0.3348,medium
BASM-04899,0.0119,0.801,0.0111,OP-B-110,ST-B-11,0.1367,low
BASM-04900,-0.0043,1.164,0.0667,OP-B-105,ST-B-18,0.4863,medium
BASM-04901,0.0346,0.902,0.0243,OP-B-023,ST-B-23,0.3137,medium
BASM-04902,0.021,1.425,0.0786,OP-B-136,ST-B-06,0.3993,medium
BASM-04903,0.0245,1.105,0.0085,OP-B-040,ST-B-08,0.0737,low
BASM-04904,0.002,1.297,0.0311,OP-B-094,ST-B-21,0.3724,medium
BASM-04905,0.0263,1.215,0.0342,OP-B-115,ST-B-04,0.2342,low
BASM-04906,0.0317,1.001,0.0941,OP-B-056,ST-B-12,0.3436,medium
BASM-04907,0.0109,0.637,0.0322,OP-B-109,ST-B-02,0.2751,medium
BASM-04908,0.0267,1.47,0.193,OP-B-023,ST-B-07,0.6981,high
BASM-04909,0.0188,1.212,0.0337,OP-B-147,ST-B-11,0.1608,low
BASM-04910,0.0387,1.015,0.0789,OP-B-046,ST-B-28,0.452,medium
BASM-04911,0.0243,1.54,0.0352,OP-B-041,ST-B-20,0.3705,medium
BASM-04912,0.0109,0.987,0.0559,OP-B-086,ST-B-29,0.1901,low
BASM-04913,0.0121,0.986,0.1491,OP-B-037,ST-B-18,0.3722,medium
BASM-04914,0.0206,1.019,0.0482,OP-B-132,ST-B-03,0.1236,low
BASM-04915,0.0225,1.267,0.1039,OP-B-062,ST-B-03,0.3554,medium
BASM-04916,0.0217,0.833,0.0588,OP-B-133,ST-B-27,0.2477,low
BASM-04917,0.0224,1.247,0.1097,OP-B-012,ST-B-02,0.321,medium
BASM-04918,0.0006,0.841,0.0266,OP-B-007,ST-B-05,0.3243,medium
BASM-04919,0.0004,1.282,0.0686,OP-B-035,ST-B-08,0.5307,high
BASM-04920,0.0184,0.802,0.0951,OP-B-126,ST-B-23,0.2942,medium
BASM-04921,0.0135,0.737,0.0143,OP-B-098,ST-B-25,0.1564,low
BASM-04922,0.0216,0.885,0.0954,OP-B-136,ST-B-26,0.3019,medium
BASM-04923,0.0311,0.561,0.0143,OP-B-024,ST-B-02,0.3667,medium
BASM-04924,0.0052,0.808,0.0522,OP-B-143,ST-B-04,0.251,medium
BASM-04925,0.0276,0.916,0.0857,OP-B-065,ST-B-29,0.3499,medium
BASM-04926,0.0132,1.088,0.0313,OP-B-094,ST-B-04,0.1969,low
BASM-04927,0.0312,1.452,0.002,OP-B-125,ST-B-09,0.2846,medium
BASM-04928,0.0228,1.133,0.0594,OP-B-036,ST-B-27,0.2596,medium
BASM-04929,0.0195,1.203,0.0685,OP-B-060,ST-B-05,0.2282,low
BASM-04930,0.0088,1.35,0.031,OP-B-146,ST-B-03,0.242,low
BASM-04931,-0.0045,0.976,0.0502,OP-B-150,ST-B-05,0.4158,medium
BASM-04932,-0.0006,1.027,0.1071,OP-B-083,ST-B-08,0.462,medium
BASM-04933,0.0239,0.678,0.0259,OP-B-101,ST-B-26,0.2242,low
BASM-04934,0.0118,1.12,0.0585,OP-B-100,ST-B-03,0.2809,medium
BASM-04935,0.0282,0.774,0.0842,OP-B-015,ST-B-25,0.3552,medium
BASM-04936,0.0168,0.71,0.0483,OP-B-138,ST-B-02,0.2219,low
BASM-04937,0.0105,1.253,0.0639,OP-B-001,ST-B-19,0.3331,medium
BASM-04938,0.0049,1.123,0.0142,OP-B-003,ST-B-25,0.2383,low
BASM-04939,0.0147,1.421,0.1218,OP-B-038,ST-B-11,0.4979,medium
BASM-04940,0.0312,0.776,0.0583,OP-B-060,ST-B-04,0.3965,medium
BASM-04941,0.0146,0.513,0.0065,OP-B-008,ST-B-29,0.2593,medium
BASM-04942,0.0206,0.953,0.2145,OP-B-143,ST-B-04,0.4572,medium
BASM-04943,0.0002,1.148,0.0566,OP-B-022,ST-B-21,0.4121,medium
BASM-04944,0.0178,0.954,0.0924,OP-B-128,ST-B-14,0.1919,low
BASM-04945,0.0241,1.012,0.0468,OP-B-002,ST-B-13,0.1728,low
BASM-04946,0.0187,1.435,0.0713,OP-B-036,ST-B-13,0.387,medium
BASM-04947,0.0273,1.053,0.114,OP-B-108,ST-B-02,0.3973,medium
BASM-04948,0.0191,1.311,0.0735,OP-B-032,ST-B-15,0.261,medium
BASM-04949,0.0336,0.807,0.0247,OP-B-102,ST-B-02,0.2796,medium
BASM-04950,0.0221,0.813,0.0191,OP-B-080,ST-B-08,0.1835,low
BASM-04951,0.0206,1.068,0.0381,OP-B-045,ST-B-30,0.0997,low
BASM-04952,0.0211,0.77,0.0696,OP-B-085,ST-B-26,0.2486,low
BASM-04953,0.0211,0.938,0.0287,OP-B-041,ST-B-08,0.089,low
BASM-04954,0.0228,1.125,0.0125,OP-B-084,ST-B-14,0.0942,low
BASM-04955,0.0179,1.245,0.05,OP-B-086,ST-B-09,0.1635,low
BASM-04956,0.0256,1.059,0.0642,OP-B-053,ST-B-01,0.2757,medium
BASM-04957,0.0315,1.166,0.0362,OP-B-058,ST-B-17,0.344,medium
BASM-04958,0.0137,0.749,0.0986,OP-B-045,ST-B-10,0.2634,medium
BASM-04959,0.0385,1.107,0.0113,OP-B-053,ST-B-20,0.2688,medium
BASM-04960,0.0141,1.017,0.066,OP-B-147,ST-B-27,0.2281,low
BASM-04961,0.0354,0.539,0.0558,OP-B-128,ST-B-04,0.4484,medium
BASM-04962,0.0265,1.125,0.0435,OP-B-045,ST-B-14,0.2403,low
BASM-04963,0.007,1.083,0.0175,OP-B-038,ST-B-21,0.1944,low
BASM-04964,0.0129,0.799,0.0094,OP-B-089,ST-B-28,0.121,low
BASM-04965,0.0027,1.703,0.1667,OP-B-079,ST-B-07,0.8308,critical
BASM-04966,0.0363,0.809,0.0609,OP-B-076,ST-B-28,0.5005,high
BASM-04967,0.0133,1.293,0.0388,OP-B-105,ST-B-26,0.2713,medium
BASM-04968,0.027,0.701,0.0729,OP-B-027,ST-B-24,0.4351,medium
BASM-04969,0.0109,0.951,0.0985,OP-B-035,ST-B-28,0.3354,medium
BASM-04970,0.0206,0.631,0.0472,OP-B-069,ST-B-03,0.2171,low
BASM-04971,0.0145,1.399,0.0433,OP-B-097,ST-B-02,0.3779,medium
BASM-04972,0.0261,1.091,0.0242,OP-B-114,ST-B-21,0.2263,low
BASM-04973,0.0142,1.466,0.0901,OP-B-115,ST-B-06,0.4258,medium
BASM-04974,0.0125,1.391,0.0603,OP-B-026,ST-B-14,0.364,medium
BASM-04975,0.0178,1.36,0.1853,OP-B-008,ST-B-12,0.5428,high
BASM-04976,0.0283,1.055,0.0221,OP-B-145,ST-B-02,0.2259,low
BASM-04977,0.0249,1.229,0.0552,OP-B-061,ST-B-08,0.2967,medium
BASM-04978,0.0219,0.801,0.0791,OP-B-052,ST-B-11,0.254,medium
BASM-04979,0.0124,0.956,0.0317,OP-B-106,ST-B-20,0.1081,low
BASM-04980,0.0221,1.15,0.0353,OP-B-054,ST-B-29,0.1808,low
BASM-04981,0.0349,1.263,0.0119,OP-B-104,ST-B-13,0.2939,medium
BASM-04982,0.0126,0.812,0.1139,OP-B-061,ST-B-12,0.3895,medium
BASM-04983,0.0152,1.149,0.0235,OP-B-077,ST-B-21,0.1475,low
BASM-04984,0.0091,1.214,0.0672,OP-B-062,ST-B-29,0.3228,medium
BASM-04985,0.0245,1.348,0.0609,OP-B-014,ST-B-29,0.3554,medium
BASM-04986,0.0253,0.3,0.0315,OP-B-002,ST-B-30,0.4828,medium
BASM-04987,0.0106,1.261,0.076,OP-B-125,ST-B-18,0.3355,medium
BASM-04988,0.0249,1.19,0.0855,OP-B-102,ST-B-29,0.3134,medium
BASM-04989,0.0185,1.187,0.0303,OP-B-053,ST-B-02,0.0898,low
BASM-04990,0.0202,0.349,0.0326,OP-B-044,ST-B-05,0.3487,medium
BASM-04991,0.0111,1.192,0.0218,OP-B-124,ST-B-07,0.2172,low
BASM-04992,0.0164,0.997,0.0473,OP-B-129,ST-B-12,0.1377,low
BASM-04993,0.0242,0.888,0.055,OP-B-148,ST-B-20,0.2425,low
BASM-04994,0.0129,1.396,0.0856,OP-B-094,ST-B-23,0.3437,medium
BASM-04995,0.0267,1.047,0.025,OP-B-141,ST-B-26,0.2544,medium
BASM-04996,0.0197,1.088,0.0396,OP-B-126,ST-B-09,0.1374,low
BASM-04997,0.0151,1.27,0.0421,OP-B-125,ST-B-21,0.1993,low
BASM-04998,0.0046,0.86,0.1826,OP-B-045,ST-B-11,0.5627,high
BASM-04999,0.0048,1.404,0.1063,OP-B-017,ST-B-17,0.5849,high
BASM-05000,0.0175,0.589,0.0753,OP-B-118,ST-B-23,0.3133,medium
