inspection_id,vibration_rms,kurtosis,temperature,hardness_check,roundness_check,inspection_result,inspection_risk_score,inspection_risk_level
BINSP-00001,1.1626,5.2817,47.95,62.69,3.457,pass,0.2493,low
BINSP-00002,0.9624,3.0267,43.93,60.4,2.397,pass,0.1473,low
BINSP-00003,1.04,5.1147,53.95,57.5,3.269,pass,0.2824,medium
BINSP-00004,0.8988,4.3205,44.59,65.07,3.016,pass,0.2304,low
BINSP-00005,0.8788,4.6528,56.12,60.75,2.546,pass,0.2116,low
BINSP-00006,0.9259,3.9072,48.91,61.61,2.804,pass,0.1841,low
BINSP-00007,0.7774,5.0591,47.21,64.56,1.452,pass,0.2189,low
BINSP-00008,0.8245,3.5232,50.74,60.26,2.701,pass,0.1761,low
BINSP-00009,0.9329,4.5711,45.39,58.26,1.925,pass,0.2074,low
BINSP-00010,0.9929,4.1281,46.92,60.04,3.358,pass,0.1985,low
BINSP-00011,0.8695,3.1407,54.22,58.58,2.982,pass,0.2121,low
BINSP-00012,0.9748,4.0624,47.23,63.07,2.338,pass,0.2014,low
BINSP-00013,0.9771,5.5039,50.27,63.3,2.386,pass,0.2447,low
BINSP-00014,1.1046,3.7585,51.29,62.92,3.382,pass,0.2285,low
BINSP-00015,0.936,4.2476,49.12,61.06,3.015,pass,0.1867,low
BINSP-00016,1.0902,4.0486,47.91,57.37,3.307,pass,0.2467,low
BINSP-00017,1.5524,5.1746,53.59,59.64,2.824,pass,0.2815,medium
BINSP-00018,0.7444,6.2649,50.14,58.01,1.821,pass,0.2465,low
BINSP-00019,1.0279,4.1791,54.23,65.53,3.831,pass,0.286,medium
BINSP-00020,1.0761,5.103,49.35,60.67,4.319,pass,0.2342,low
BINSP-00021,0.9162,5.0825,48.54,60.4,1.958,pass,0.1955,low
BINSP-00022,1.1904,5.092,45.98,61.79,1.024,pass,0.1981,low
BINSP-00023,1.1515,4.952,50.31,55.02,2.976,pass,0.3085,medium
BINSP-00024,0.3199,5.0699,48.47,58.43,2.441,pass,0.1877,low
BINSP-00025,0.4853,5.4324,53.27,59.35,3.416,pass,0.2209,low
BINSP-00026,0.9334,5.6077,46.38,62.34,3.021,pass,0.2237,low
BINSP-00027,0.6381,4.1499,52.59,61.65,2.897,pass,0.1826,low
BINSP-00028,1.0253,3.3233,43.83,61.96,2.718,pass,0.1667,low
BINSP-00029,1.1249,5.6942,52.28,59.83,3.022,pass,0.2565,medium
BINSP-00030,1.4129,4.8452,53.59,61.34,2.366,pass,0.2442,low
BINSP-00031,0.8777,4.5477,46.84,62.16,3.976,pass,0.2088,low
BINSP-00032,1.0936,4.3483,52.58,60.26,3.706,pass,0.2302,low
BINSP-00033,1.022,5.8347,52.17,63.67,3.297,pass,0.2774,medium
BINSP-00034,1.2193,5.1499,49.94,60.91,3.252,pass,0.2311,low
BINSP-00035,0.8109,3.9727,48.47,64.33,2.661,pass,0.2148,low
BINSP-00036,0.9729,4.3956,49.19,61.61,2.141,pass,0.1902,low
BINSP-00037,0.7987,3.9392,48.27,60.35,1.096,pass,0.1537,low
BINSP-00038,1.0602,5.2613,55.4,60.45,1.341,pass,0.2244,low
BINSP-00039,0.7702,5.0678,55.07,64.95,2.276,pass,0.2609,medium
BINSP-00040,0.7268,4.7387,52.65,59.04,3.145,pass,0.2235,low
BINSP-00041,0.6599,5.076,50.81,62.1,3.549,pass,0.2112,low
BINSP-00042,1.2108,4.8747,49.37,58.89,2.181,pass,0.2404,low
BINSP-00043,0.3405,3.6046,48.51,58.0,2.914,pass,0.1721,low
BINSP-00044,0.8503,4.9973,49.29,60.44,2.719,pass,0.2001,low
BINSP-00045,0.8914,4.7677,45.7,60.66,4.495,pass,0.2043,low
BINSP-00046,1.0377,4.8097,43.15,59.3,2.816,pass,0.2072,low
BINSP-00047,0.6398,3.9188,47.3,63.34,3.055,pass,0.1875,low
BINSP-00048,0.6122,4.6687,44.94,60.26,1.841,pass,0.1539,low
BINSP-00049,1.1077,4.7312,53.02,60.91,1.947,pass,0.2094,low
BINSP-00050,0.6843,2.5491,49.15,62.84,2.888,pass,0.16,low
BINSP-00051,0.7968,5.7631,55.09,61.63,2.655,pass,0.2314,low
BINSP-00052,1.061,5.9128,56.35,62.73,3.26,pass,0.2813,medium
BINSP-00053,1.1398,5.1372,52.01,64.76,3.39,pass,0.2889,medium
BINSP-00054,0.76,5.2148,48.6,57.23,1.77,pass,0.2324,low
BINSP-00055,0.7113,4.071,51.82,61.03,2.542,pass,0.1702,low
BINSP-00056,0.9475,3.4527,52.96,59.72,2.248,pass,0.1937,low
BINSP-00057,0.9822,2.6383,48.12,61.71,2.08,pass,0.153,low
BINSP-00058,1.0512,5.0564,49.18,58.61,2.857,pass,0.2444,low
BINSP-00059,0.614,4.6509,46.02,59.44,1.273,pass,0.1629,low
BINSP-00060,0.7545,4.954,57.72,63.62,2.858,pass,0.2536,medium
BINSP-00061,1.1798,5.1455,53.23,59.88,2.944,pass,0.251,medium
BINSP-00062,0.8748,4.1586,44.78,65.29,3.421,pass,0.2341,low
BINSP-00063,0.9707,3.7021,54.12,56.99,2.322,pass,0.2461,low
BINSP-00064,0.9948,5.0197,52.83,59.9,2.458,pass,0.2279,low
BINSP-00065,1.0926,3.9843,46.97,59.51,2.022,pass,0.1948,low
BINSP-00066,1.2505,5.0688,56.53,57.71,5.393,pass,0.3277,medium
BINSP-00067,0.7479,5.081,47.65,57.68,2.72,pass,0.2303,low
BINSP-00068,1.0815,4.119,47.94,59.59,1.543,pass,0.193,low
BINSP-00069,1.0601,4.4553,48.04,63.32,2.474,pass,0.2235,low
BINSP-00070,0.9086,2.8569,43.39,63.01,2.784,pass,0.1639,low
BINSP-00071,0.9704,3.7398,50.42,62.09,3.104,pass,0.1999,low
BINSP-00072,1.343,5.6065,51.46,57.07,2.494,pass,0.3026,medium
BINSP-00073,1.0915,5.3226,56.72,57.27,3.148,pass,0.3017,medium
BINSP-00074,1.0414,5.1513,56.23,63.86,3.171,pass,0.2802,medium
BINSP-00075,0.8792,4.299,51.47,58.05,3.992,pass,0.2467,low
BINSP-00076,1.1054,4.8504,54.29,59.05,2.047,pass,0.2451,low
BINSP-00077,1.0848,4.9927,50.94,57.58,2.45,pass,0.262,medium
BINSP-00078,1.1307,4.9725,56.08,63.22,3.928,pass,0.2819,medium
BINSP-00079,0.8285,4.4025,49.46,62.88,4.206,pass,0.2248,low
BINSP-00080,0.8265,5.4243,51.65,62.2,2.17,pass,0.2179,low
BINSP-00081,0.7956,5.7127,49.59,59.93,3.349,pass,0.2267,low
BINSP-00082,0.942,4.0051,47.07,62.57,3.119,pass,0.1993,low
BINSP-00083,0.8717,4.405,49.01,59.31,3.268,pass,0.2124,low
BINSP-00084,1.1661,3.0166,55.12,58.02,3.237,pass,0.2452,low
BINSP-00085,0.6753,4.0309,45.95,59.49,2.051,pass,0.1632,low
BINSP-00086,1.4408,5.0683,55.01,57.45,2.918,pass,0.3103,medium
BINSP-00087,0.871,3.6155,49.55,59.82,4.202,pass,0.2018,low
BINSP-00088,1.3442,5.0403,52.18,62.76,2.962,pass,0.2669,medium
BINSP-00089,0.8169,4.6952,52.29,60.39,2.657,pass,0.2019,low
BINSP-00090,0.8251,3.4848,45.48,60.58,1.365,pass,0.1367,low
BINSP-00091,1.4565,5.5073,50.45,63.69,3.269,pass,0.296,medium
BINSP-00092,0.8254,5.3963,51.61,60.35,2.512,pass,0.2131,low
BINSP-00093,0.9127,5.7257,53.05,61.22,1.83,pass,0.2161,low
BINSP-00094,0.9922,3.5116,48.26,64.85,2.695,pass,0.2261,low
BINSP-00095,0.7732,5.2376,49.6,58.38,2.186,pass,0.2249,low
BINSP-00096,0.809,4.7577,52.28,64.23,3.524,pass,0.2522,medium
BINSP-00097,0.8561,4.857,51.54,60.63,3.42,pass,0.2108,low
BINSP-00098,0.5512,3.9971,46.72,63.43,2.863,pass,0.1798,low
BINSP-00099,0.7652,4.0706,52.84,56.25,2.984,pass,0.2535,medium
BINSP-00100,1.1863,6.1059,57.9,59.7,2.852,pass,0.288,medium
BINSP-00101,1.3974,4.6819,47.73,62.81,3.979,pass,0.2614,medium
BINSP-00102,0.5494,4.4557,49.14,65.13,2.159,pass,0.214,low
BINSP-00103,0.984,5.1152,50.71,61.41,3.17,pass,0.2199,low
BINSP-00104,0.9282,4.4816,54.1,64.88,2.255,pass,0.2558,medium
BINSP-00105,0.814,2.8369,46.25,60.59,2.508,pass,0.1392,low
BINSP-00106,0.9779,3.5502,53.68,60.36,1.827,pass,0.1856,low
BINSP-00107,0.9119,5.4658,55.4,60.68,2.819,pass,0.2321,low
BINSP-00108,1.1178,4.4976,55.96,58.71,3.559,pass,0.2678,medium
BINSP-00109,0.6855,4.046,47.78,60.07,2.195,pass,0.1634,low
BINSP-00110,0.8546,3.2323,39.85,63.95,2.497,pass,0.1664,low
BINSP-00111,0.8722,4.4485,42.75,62.34,2.719,pass,0.1803,low
BINSP-00112,0.8751,4.5797,58.38,60.2,3.435,pass,0.2365,low
BINSP-00113,1.3992,3.9333,51.98,61.11,4.377,pass,0.2402,low
BINSP-00114,0.9552,4.2488,47.98,59.14,2.332,pass,0.203,low
BINSP-00115,0.5882,3.6445,49.02,63.01,1.295,pass,0.1581,low
BINSP-00116,1.1467,5.0309,51.58,60.0,3.655,pass,0.2475,low
BINSP-00117,0.7625,5.6564,52.56,62.54,3.535,pass,0.2426,low
BINSP-00118,1.0287,6.1448,51.9,65.19,2.996,pass,0.3024,medium
BINSP-00119,0.9834,3.9829,45.57,60.03,2.176,pass,0.1763,low
BINSP-00120,0.8309,4.7672,46.08,60.17,2.606,pass,0.186,low
BINSP-00121,1.1428,4.6711,50.58,60.67,2.771,pass,0.2159,low
BINSP-00122,0.9685,6.7569,54.48,64.42,3.712,pass,0.3161,medium
BINSP-00123,1.1495,5.8549,54.0,60.47,1.67,pass,0.2415,low
BINSP-00124,0.7652,4.7553,54.31,59.73,3.113,pass,0.2216,low
BINSP-00125,0.5948,4.6623,48.42,57.99,0.944,pass,0.1877,low
BINSP-00126,0.9591,2.5093,46.54,60.91,3.104,pass,0.1464,low
BINSP-00127,1.0921,2.9089,50.11,59.85,3.456,pass,0.1961,low
BINSP-00128,0.9975,4.5315,55.27,60.58,3.175,pass,0.2248,low
BINSP-00129,1.4768,6.9315,51.22,57.96,4.021,pass,0.3429,medium
BINSP-00130,1.0011,3.9991,47.58,64.51,2.176,pass,0.2228,low
BINSP-00131,0.4011,4.6608,47.61,62.45,2.991,pass,0.1722,low
BINSP-00132,0.8,3.3676,47.9,60.42,1.839,pass,0.1489,low
BINSP-00133,0.9071,5.3709,53.19,60.42,2.794,pass,0.226,low
BINSP-00134,1.0615,4.4814,49.19,61.68,2.546,pass,0.2043,low
BINSP-00135,1.0473,3.9367,45.73,59.24,1.758,pass,0.1873,low
BINSP-00136,0.9172,4.7751,52.65,63.17,3.457,pass,0.2448,low
BINSP-00137,0.6628,3.4558,45.46,60.47,2.026,pass,0.1342,low
BINSP-00138,1.1965,5.3512,47.29,59.83,3.326,pass,0.2415,low
BINSP-00139,0.992,2.9141,49.29,59.51,4.491,pass,0.2038,low
BINSP-00140,1.319,5.6602,55.77,62.76,3.16,pass,0.2921,medium
BINSP-00141,0.972,4.3227,48.16,63.14,3.092,pass,0.2196,low
BINSP-00142,0.8492,4.7922,44.87,57.67,2.135,pass,0.2155,low
BINSP-00143,0.7456,2.9466,49.08,61.36,3.001,pass,0.1513,low
BINSP-00144,1.0451,4.9232,49.35,61.85,2.079,pass,0.2094,low
BINSP-00145,0.8411,4.0564,51.5,59.32,2.805,pass,0.2058,low
BINSP-00146,0.7648,4.5365,45.77,58.71,1.925,pass,0.1892,low
BINSP-00147,0.9922,3.8264,53.82,63.92,2.606,pass,0.2361,low
BINSP-00148,0.5535,4.6635,45.26,63.43,2.484,pass,0.1838,low
BINSP-00149,1.0659,5.9577,52.49,62.57,3.165,pass,0.266,medium
BINSP-00150,1.3941,5.7702,57.5,62.73,3.113,pass,0.3044,medium
BINSP-00151,1.1427,3.9227,52.37,64.2,2.263,pass,0.2441,low
BINSP-00152,1.1619,5.9036,51.75,60.23,2.026,pass,0.2437,low
BINSP-00153,0.9045,4.3607,51.83,61.99,2.65,pass,0.2054,low
BINSP-00154,1.1715,5.3627,47.7,62.3,3.309,pass,0.2431,low
BINSP-00155,0.9601,3.5716,48.56,62.35,4.096,pass,0.2053,low
BINSP-00156,0.9286,4.5176,50.31,58.35,2.457,pass,0.2277,low
BINSP-00157,0.8284,3.9556,50.57,60.72,1.826,pass,0.1672,low
BINSP-00158,0.8634,3.2935,49.86,60.37,2.843,pass,0.1714,low
BINSP-00159,0.7584,3.8351,45.57,62.07,3.61,pass,0.176,low
BINSP-00160,1.0172,5.2438,47.83,60.61,3.014,pass,0.213,low
BINSP-00161,0.5492,4.2398,44.65,62.93,3.722,pass,0.1802,low
BINSP-00162,0.8406,4.5657,52.82,53.71,1.83,pass,0.293,medium
BINSP-00163,1.0915,3.5257,48.68,59.32,1.28,pass,0.1853,low
BINSP-00164,1.0701,4.8912,51.41,63.84,3.907,pass,0.2692,medium
BINSP-00165,0.7765,4.8154,54.34,64.53,3.864,pass,0.2666,medium
BINSP-00166,1.2017,3.8722,56.63,58.31,3.567,pass,0.2697,medium
BINSP-00167,0.8894,4.479,53.69,58.65,3.953,pass,0.2491,low
BINSP-00168,0.5082,3.9993,52.21,61.25,2.75,pass,0.1613,low
BINSP-00169,0.989,4.4571,49.88,61.19,2.455,pass,0.1924,low
BINSP-00170,0.9646,4.1293,51.25,60.13,1.439,pass,0.1867,low
BINSP-00171,0.8246,5.0701,52.56,59.14,3.863,pass,0.244,low
BINSP-00172,0.4349,4.7479,45.54,61.12,1.548,pass,0.1321,low
BINSP-00173,1.2489,5.905,55.06,54.46,4.041,pass,0.3717,medium
BINSP-00174,0.8076,4.1526,47.11,61.4,2.23,pass,0.1644,low
BINSP-00175,1.2176,3.9816,49.81,64.64,1.916,pass,0.2443,low
BINSP-00176,0.8491,3.812,48.3,60.09,2.37,pass,0.174,low
BINSP-00177,0.6446,5.5099,46.96,60.65,1.801,pass,0.1735,low
BINSP-00178,1.1465,3.6811,50.23,62.74,4.221,pass,0.2338,low
BINSP-00179,0.9598,5.8651,52.31,60.83,3.483,pass,0.2389,low
BINSP-00180,0.8501,4.2099,49.34,62.32,3.312,pass,0.203,low
BINSP-00181,0.8728,4.7173,45.64,58.25,1.474,pass,0.2017,low
BINSP-00182,1.1644,5.0862,46.13,62.47,2.233,pass,0.2214,low
BINSP-00183,1.0474,5.3818,54.38,59.45,3.394,pass,0.262,medium
BINSP-00184,0.7374,3.5742,53.35,63.15,2.934,pass,0.2038,low
BINSP-00185,0.6252,5.4566,49.75,58.54,2.162,pass,0.2165,low
BINSP-00186,0.5929,4.0429,49.86,61.62,3.09,pass,0.17,low
BINSP-00187,0.8679,4.2899,49.35,60.26,1.787,pass,0.1789,low
BINSP-00188,0.6854,3.4761,50.98,58.05,2.469,pass,0.1964,low
BINSP-00189,0.837,2.808,47.85,58.84,1.885,pass,0.1645,low
BINSP-00190,0.4995,3.878,44.78,60.34,3.308,pass,0.1459,low
BINSP-00191,0.8936,3.9106,50.97,61.79,2.641,pass,0.1896,low
BINSP-00192,1.032,5.2935,46.9,59.89,2.235,pass,0.2133,low
BINSP-00193,1.3447,5.4675,57.49,58.22,1.75,pass,0.2943,medium
BINSP-00194,0.6567,5.2887,50.15,65.0,3.241,pass,0.2529,medium
BINSP-00195,0.967,4.85,48.45,63.33,3.789,pass,0.242,low
BINSP-00196,0.778,5.5893,54.11,56.64,2.123,pass,0.273,medium
BINSP-00197,0.665,3.5687,46.84,60.56,2.908,pass,0.1505,low
BINSP-00198,0.6852,5.2833,48.11,61.24,2.478,pass,0.1823,low
BINSP-00199,1.0311,4.576,52.5,59.53,3.211,pass,0.2349,low
BINSP-00200,1.3216,6.7386,51.04,61.04,3.927,pass,0.2811,medium
BINSP-00201,0.7698,6.1401,52.28,61.71,3.078,pass,0.2339,low
BINSP-00202,1.0456,4.3585,54.45,57.0,3.481,pass,0.2794,medium
BINSP-00203,0.759,4.5477,45.62,60.6,1.535,pass,0.1556,low
BINSP-00204,0.998,3.873,53.08,58.77,3.992,pass,0.2414,low
BINSP-00205,1.143,4.4024,49.41,58.02,2.661,pass,0.2451,low
BINSP-00206,0.8055,3.678,49.21,60.8,3.549,pass,0.1747,low
BINSP-00207,0.6788,4.6267,52.66,62.31,2.148,pass,0.1962,low
BINSP-00208,0.6207,2.8564,50.01,60.04,2.785,pass,0.1501,low
BINSP-00209,0.7121,4.4735,53.8,57.66,2.878,pass,0.2386,low
BINSP-00210,0.6429,4.0569,48.04,58.9,1.326,pass,0.1687,low
BINSP-00211,1.0785,5.6123,47.87,52.0,3.344,pass,0.358,medium
BINSP-00212,1.0224,5.35,50.94,60.18,2.344,pass,0.2244,low
BINSP-00213,0.8182,5.4039,48.72,62.66,2.065,pass,0.2126,low
BINSP-00214,0.748,5.5162,45.61,63.06,1.734,pass,0.2014,low
BINSP-00215,1.0039,5.3099,52.4,62.38,2.827,pass,0.2414,low
BINSP-00216,1.0907,6.3958,51.64,60.47,3.849,pass,0.2663,medium
BINSP-00217,1.1998,4.6263,50.04,58.1,2.976,pass,0.2583,medium
BINSP-00218,1.0968,5.0297,48.82,61.45,3.189,pass,0.2208,low
BINSP-00219,0.9954,5.1855,60.11,62.14,4.012,pass,0.275,medium
BINSP-00220,1.0385,4.8105,50.48,61.3,3.146,pass,0.215,low
BINSP-00221,0.9343,3.8446,50.14,59.73,2.901,pass,0.1987,low
BINSP-00222,0.8269,4.419,51.17,62.35,2.28,pass,0.1997,low
BINSP-00223,0.8431,5.6351,50.88,65.64,2.881,pass,0.2809,medium
BINSP-00224,0.8324,3.8154,50.97,62.42,2.443,pass,0.1904,low
BINSP-00225,0.8497,3.5971,50.55,60.95,2.077,pass,0.161,low
BINSP-00226,0.7893,4.0696,54.0,59.9,3.278,pass,0.2079,low
BINSP-00227,1.1837,6.7024,54.23,61.89,3.115,pass,0.2844,medium
BINSP-00228,1.0435,3.1175,49.31,59.02,2.586,pass,0.1961,low
BINSP-00229,1.3068,5.7775,56.21,59.15,4.249,pass,0.3094,medium
BINSP-00230,0.6618,3.7551,40.16,62.41,2.181,pass,0.1372,low
BINSP-00231,1.1743,5.4457,51.49,59.07,3.104,pass,0.2648,medium
BINSP-00232,0.5292,3.5783,38.76,60.3,2.216,pass,0.1091,low
BINSP-00233,0.8654,3.0479,52.42,61.12,2.793,pass,0.1671,low
BINSP-00234,0.9364,4.4511,47.52,64.0,2.026,pass,0.2176,low
BINSP-00235,0.7452,2.7149,44.17,58.92,1.405,pass,0.1366,low
BINSP-00236,0.7813,2.8923,47.28,60.26,1.801,pass,0.1379,low
BINSP-00237,0.917,3.8273,55.81,61.55,1.888,pass,0.1934,low
BINSP-00238,1.0004,4.4351,51.6,63.0,2.696,pass,0.2287,low
BINSP-00239,0.8764,4.2084,47.44,59.49,0.965,pass,0.1731,low
BINSP-00240,0.9757,5.442,51.34,58.55,1.937,pass,0.2438,low
BINSP-00241,0.7861,5.1095,46.59,56.93,3.034,pass,0.2451,low
BINSP-00242,0.7885,4.7141,46.0,60.89,2.84,pass,0.1736,low
BINSP-00243,1.3687,6.6146,53.38,60.54,4.022,pass,0.2974,medium
BINSP-00244,0.4881,4.1523,46.59,61.19,3.351,pass,0.1502,low
BINSP-00245,1.071,4.2793,53.84,61.65,2.345,pass,0.2137,low
BINSP-00246,0.5695,3.889,50.03,59.93,3.161,pass,0.1734,low
BINSP-00247,0.5687,3.4587,46.4,60.52,2.232,pass,0.1324,low
BINSP-00248,0.8424,2.6472,47.94,64.05,3.13,pass,0.1902,low
BINSP-00249,1.0447,2.8135,43.0,63.13,1.943,pass,0.1633,low
BINSP-00250,0.7678,4.7345,50.58,61.43,2.835,pass,0.1927,low
BINSP-00251,0.9191,5.6063,48.74,60.81,4.295,pass,0.2286,low
BINSP-00252,0.7503,4.0209,48.52,60.29,1.011,pass,0.1525,low
BINSP-00253,0.9707,4.3889,50.46,68.13,3.151,pass,0.3043,medium
BINSP-00254,0.8134,4.1368,51.52,59.08,3.425,pass,0.2167,low
BINSP-00255,1.1603,5.0695,54.78,60.29,3.957,pass,0.2594,medium
BINSP-00256,1.0441,5.9638,54.05,63.52,2.824,pass,0.28,medium
BINSP-00257,1.128,3.806,51.35,60.96,3.628,pass,0.2062,low
BINSP-00258,0.6276,2.7594,54.38,60.95,3.211,pass,0.155,low
BINSP-00259,0.6136,2.9579,59.06,59.48,3.032,pass,0.1936,low
BINSP-00260,0.6191,4.1123,48.18,61.6,2.01,pass,0.1542,low
BINSP-00261,1.0029,4.9269,51.63,57.58,3.252,pass,0.2668,medium
BINSP-00262,1.2985,2.8641,48.35,59.84,2.941,pass,0.1979,low
BINSP-00263,1.1424,5.0796,49.26,60.22,3.702,pass,0.2376,low
BINSP-00264,0.9033,4.4484,46.62,60.38,3.318,pass,0.192,low
BINSP-00265,0.8282,4.6738,49.1,59.42,2.984,pass,0.2099,low
BINSP-00266,1.0718,3.2701,54.16,58.13,3.48,pass,0.2415,low
BINSP-00267,0.8104,3.9603,43.93,59.75,2.599,pass,0.1672,low
BINSP-00268,0.6662,4.5954,50.78,58.54,2.401,pass,0.2086,low
BINSP-00269,0.8978,4.5824,56.22,59.0,3.236,pass,0.2465,low
BINSP-00270,0.7633,4.7193,49.44,60.88,1.658,pass,0.1695,low
BINSP-00271,0.889,3.8717,48.59,64.42,3.364,pass,0.2286,low
BINSP-00272,1.1167,4.3104,49.74,56.53,3.301,pass,0.2725,medium
BINSP-00273,0.9358,3.7557,44.0,60.67,1.67,pass,0.1474,low
BINSP-00274,0.8043,2.7076,49.7,56.88,2.168,pass,0.1991,low
BINSP-00275,0.6848,4.8896,45.65,60.81,1.832,pass,0.1576,low
BINSP-00276,1.009,4.3749,46.55,61.96,1.895,pass,0.1858,low
BINSP-00277,0.9107,6.3582,45.62,61.47,2.492,pass,0.2151,low
BINSP-00278,0.8961,3.7816,40.21,62.22,0.859,pass,0.1359,low
BINSP-00279,1.2402,4.9781,49.74,58.91,2.241,pass,0.2463,low
BINSP-00280,1.2504,5.3949,54.35,62.45,3.499,pass,0.2765,medium
BINSP-00281,0.7161,3.6324,47.94,59.1,3.112,pass,0.1835,low
BINSP-00282,0.7772,4.2563,50.39,61.37,1.808,pass,0.17,low
BINSP-00283,0.6677,3.8747,51.38,62.33,3.659,pass,0.1945,low
BINSP-00284,1.004,3.8519,47.43,60.01,3.224,pass,0.1943,low
BINSP-00285,0.8918,4.9849,52.74,59.05,3.052,pass,0.2392,low
BINSP-00286,1.2998,4.3445,48.4,56.2,2.589,pass,0.2782,medium
BINSP-00287,0.8648,5.321,40.29,63.06,2.282,pass,0.1944,low
BINSP-00288,0.8352,5.2623,45.3,56.84,1.481,pass,0.2299,low
BINSP-00289,1.0146,3.8164,50.8,57.19,1.523,pass,0.2277,low
BINSP-00290,0.7605,4.8666,49.65,60.59,2.674,pass,0.1895,low
BINSP-00291,1.1667,5.4186,54.56,57.81,3.192,pass,0.294,medium
BINSP-00292,0.7408,3.9853,51.81,60.32,3.28,pass,0.1891,low
BINSP-00293,1.0594,3.3801,51.01,62.58,4.414,pass,0.2241,low
BINSP-00294,0.8062,4.1374,42.96,62.04,3.811,pass,0.1786,low
BINSP-00295,0.6363,4.4051,44.15,62.34,2.498,pass,0.1646,low
BINSP-00296,1.2752,5.4214,50.68,59.03,3.875,pass,0.2786,medium
BINSP-00297,0.6657,4.8177,51.6,63.42,2.723,pass,0.219,low
BINSP-00298,0.6531,4.4346,52.28,58.97,2.79,pass,0.2077,low
BINSP-00299,0.7905,6.802,46.98,59.02,3.799,pass,0.2583,medium
BINSP-00300,0.6671,4.809,48.71,62.7,3.13,pass,0.2033,low
BINSP-00301,0.9099,6.0856,53.74,62.27,4.144,pass,0.2689,medium
BINSP-00302,0.697,3.6271,46.25,62.43,2.15,pass,0.1576,low
BINSP-00303,0.6108,4.1488,49.37,60.14,2.023,pass,0.1624,low
BINSP-00304,0.8735,4.158,51.16,65.61,2.602,pass,0.2506,medium
BINSP-00305,0.8502,4.7485,48.91,59.16,3.893,pass,0.2271,low
BINSP-00306,0.9583,4.0142,48.77,63.18,3.072,pass,0.2149,low
BINSP-00307,0.5117,3.7862,43.65,62.26,3.367,pass,0.1508,low
BINSP-00308,0.7375,4.5826,52.52,60.31,3.565,pass,0.2068,low
BINSP-00309,1.291,4.8156,52.2,63.56,3.063,pass,0.2719,medium
BINSP-00310,0.7505,2.8144,46.37,61.18,2.798,pass,0.1346,low
BINSP-00311,0.8934,3.4788,49.54,58.57,2.128,pass,0.1946,low
BINSP-00312,1.3273,4.2408,55.3,57.72,2.264,pass,0.2747,medium
BINSP-00313,0.8684,4.1958,49.7,57.72,2.884,pass,0.2295,low
BINSP-00314,0.5605,3.6048,48.67,59.58,2.658,pass,0.1616,low
BINSP-00315,0.957,5.2882,53.53,65.68,3.41,pass,0.2979,medium
BINSP-00316,1.1096,5.825,53.66,60.92,4.35,pass,0.2623,medium
BINSP-00317,0.635,5.4425,48.23,60.54,3.479,pass,0.1976,low
BINSP-00318,1.2447,4.2104,48.63,58.08,2.888,pass,0.2477,low
BINSP-00319,0.6284,3.6588,50.41,62.33,1.722,pass,0.1608,low
BINSP-00320,0.8805,5.0896,48.07,62.2,3.332,pass,0.2169,low
BINSP-00321,0.6605,5.099,45.99,58.62,1.516,pass,0.1903,low
BINSP-00322,0.8251,4.4964,48.61,58.93,2.436,pass,0.2052,low
BINSP-00323,1.1058,4.0803,54.36,57.54,2.594,pass,0.2591,medium
BINSP-00324,0.7665,5.0019,52.17,66.95,3.457,pass,0.2937,medium
BINSP-00325,0.5428,5.7508,46.55,63.39,3.335,pass,0.2188,low
BINSP-00326,0.6159,4.8122,49.04,58.21,2.924,pass,0.2148,low
BINSP-00327,1.3615,4.3955,52.11,59.69,3.554,pass,0.2553,medium
BINSP-00328,0.6727,3.1479,54.59,58.57,1.555,pass,0.1824,low
BINSP-00329,0.7717,5.1051,49.84,61.31,2.545,pass,0.1926,low
BINSP-00330,1.1443,5.4718,52.76,63.2,2.986,pass,0.2701,medium
BINSP-00331,1.1709,3.5736,44.72,58.72,3.371,pass,0.2126,low
BINSP-00332,0.7417,5.5546,52.22,59.11,3.553,pass,0.2433,low
BINSP-00333,0.5284,4.4568,52.04,59.63,1.989,pass,0.179,low
BINSP-00334,1.378,5.195,54.41,57.45,4.614,pass,0.3267,medium
BINSP-00335,0.9056,4.4832,49.22,61.79,2.421,pass,0.1934,low
BINSP-00336,1.1304,5.7371,52.66,61.68,2.794,pass,0.249,low
BINSP-00337,0.28,3.7399,51.1,60.85,2.743,pass,0.1345,low
BINSP-00338,1.0217,3.8857,52.28,58.33,2.541,pass,0.2298,low
BINSP-00339,1.2735,5.3701,50.1,60.59,2.964,pass,0.2412,low
BINSP-00340,0.9265,5.4656,55.03,59.99,3.911,pass,0.2554,medium
BINSP-00341,0.9254,4.1069,49.88,62.71,3.751,pass,0.2193,low
BINSP-00342,0.9444,4.5099,48.74,60.6,1.4,pass,0.177,low
BINSP-00343,1.1039,4.5061,54.67,58.41,4.038,pass,0.2728,medium
BINSP-00344,0.8029,4.1791,45.72,60.23,1.898,pass,0.1615,low
BINSP-00345,1.0826,4.5111,49.49,62.62,1.444,pass,0.2083,low
BINSP-00346,1.2525,5.2753,56.82,61.57,3.877,pass,0.2739,medium
BINSP-00347,1.2132,4.4843,51.58,63.68,3.54,pass,0.2652,medium
BINSP-00348,1.1489,4.7686,53.44,65.14,1.549,pass,0.2705,medium
BINSP-00349,0.8092,4.7119,52.28,61.83,4.589,pass,0.228,low
BINSP-00350,1.2531,5.2326,50.59,65.95,4.281,pass,0.3226,medium
BINSP-00351,0.7678,3.7988,45.53,61.58,2.275,pass,0.1525,low
BINSP-00352,0.8582,4.1967,54.61,61.13,2.168,pass,0.1896,low
BINSP-00353,0.7041,2.9889,45.32,60.06,2.524,pass,0.1394,low
BINSP-00354,0.9698,5.5704,52.06,55.36,3.794,pass,0.3185,medium
BINSP-00355,0.941,4.5497,49.24,62.13,1.689,pass,0.1937,low
BINSP-00356,1.0796,4.4203,54.44,61.37,2.369,pass,0.2153,low
BINSP-00357,0.8547,4.1223,51.83,63.73,2.074,pass,0.2162,low
BINSP-00358,1.0259,5.0743,49.98,57.82,3.296,pass,0.2626,medium
BINSP-00359,0.9481,4.6834,47.56,62.08,3.167,pass,0.2081,low
BINSP-00360,0.8661,4.5716,49.89,61.2,2.412,pass,0.1857,low
BINSP-00361,0.9605,4.028,52.02,61.11,1.948,pass,0.1818,low
BINSP-00362,1.1147,3.0997,47.81,65.48,2.619,pass,0.2337,low
BINSP-00363,0.8848,3.8225,42.28,63.35,1.566,pass,0.1683,low
BINSP-00364,1.2548,5.6582,52.54,62.0,3.405,pass,0.2679,medium
BINSP-00365,0.8669,3.9449,46.76,58.58,3.466,pass,0.2084,low
BINSP-00366,1.4182,4.8954,54.01,61.87,3.391,pass,0.2674,medium
BINSP-00367,1.3896,4.8697,52.64,64.39,4.179,pass,0.3073,medium
BINSP-00368,0.6041,4.2447,48.63,58.67,3.239,pass,0.198,low
BINSP-00369,1.263,5.9748,51.13,65.15,3.049,pass,0.3132,medium
BINSP-00370,1.2716,5.9599,53.37,58.93,2.972,pass,0.289,medium
BINSP-00371,0.6684,3.9512,45.75,63.59,2.825,pass,0.1859,low
BINSP-00372,1.1843,5.4505,48.57,56.75,2.57,pass,0.2842,medium
BINSP-00373,1.0135,4.4663,51.24,64.48,2.149,pass,0.2446,low
BINSP-00374,0.7079,6.6936,59.29,60.64,4.631,pass,0.2777,medium
BINSP-00375,1.1116,4.5747,49.01,63.29,3.924,pass,0.2497,low
BINSP-00376,0.9572,3.9433,45.6,57.14,2.07,pass,0.2159,low
BINSP-00377,0.625,4.833,47.34,61.5,1.885,pass,0.1632,low
BINSP-00378,0.7756,3.957,42.96,65.61,2.73,pass,0.2133,low
BINSP-00379,1.1801,5.0854,50.67,66.61,2.572,pass,0.3041,medium
BINSP-00380,0.7063,3.2489,44.11,59.09,1.737,pass,0.1457,low
BINSP-00381,0.8411,4.4003,50.74,64.4,2.11,pass,0.2278,low
BINSP-00382,1.0977,6.1571,55.6,58.66,2.973,pass,0.2921,medium
BINSP-00383,1.0705,4.8086,51.88,58.99,2.268,pass,0.2371,low
BINSP-00384,0.9422,4.7139,50.67,61.14,1.525,pass,0.185,low
BINSP-00385,0.9301,4.9027,50.0,61.27,3.756,pass,0.2143,low
BINSP-00386,0.9137,4.7145,49.6,58.78,3.074,pass,0.2292,low
BINSP-00387,0.7147,4.2068,46.22,63.23,2.578,pass,0.1875,low
BINSP-00388,0.8119,4.8672,51.41,62.22,3.788,pass,0.2246,low
BINSP-00389,1.0785,2.9589,48.49,59.14,2.383,pass,0.1884,low
BINSP-00390,1.4989,5.5764,51.91,62.4,2.808,pass,0.2806,medium
BINSP-00391,0.9328,4.9026,44.33,61.33,2.128,pass,0.1767,low
BINSP-00392,0.7847,4.8605,45.07,63.81,1.64,pass,0.1992,low
BINSP-00393,1.1387,5.5331,57.48,60.51,2.585,pass,0.2565,medium
BINSP-00394,1.0238,4.7814,50.4,58.4,2.232,pass,0.2367,low
BINSP-00395,1.0087,4.6268,52.01,59.59,3.905,pass,0.2401,low
BINSP-00396,0.8277,5.1465,46.17,59.73,2.861,pass,0.2033,low
BINSP-00397,1.1187,4.9292,55.51,62.45,2.975,pass,0.2554,medium
BINSP-00398,0.7304,3.8961,47.14,62.65,1.489,pass,0.1637,low
BINSP-00399,1.1691,5.3772,50.59,59.81,2.809,pass,0.2454,low
BINSP-00400,0.9144,3.2695,45.75,63.09,1.724,pass,0.1691,low
BINSP-00401,0.8132,4.7105,53.44,64.83,2.809,pass,0.2559,medium
BINSP-00402,0.8796,4.1642,43.14,60.35,1.967,pass,0.157,low
BINSP-00403,1.1531,4.2792,54.33,64.73,0.385,pass,0.2439,low
BINSP-00404,0.6475,5.0183,46.24,59.5,3.554,pass,0.1999,low
BINSP-00405,0.8181,3.7726,54.38,61.27,2.86,pass,0.1878,low
BINSP-00406,0.7267,5.0381,45.34,60.97,2.13,pass,0.1636,low
BINSP-00407,0.6457,4.7807,45.73,63.12,1.47,pass,0.1775,low
BINSP-00408,0.7645,5.1432,55.68,63.27,2.867,pass,0.246,low
BINSP-00409,0.7154,4.3988,43.09,58.16,2.682,pass,0.1913,low
BINSP-00410,0.6898,2.7976,51.9,60.99,3.223,pass,0.1513,low
BINSP-00411,0.7849,4.0479,49.6,60.37,2.461,pass,0.1754,low
BINSP-00412,1.0335,5.1826,47.97,65.16,2.912,pass,0.2687,medium
BINSP-00413,0.7991,5.0715,47.4,63.48,3.652,pass,0.2315,low
BINSP-00414,0.8315,4.0915,48.05,62.8,1.276,pass,0.1776,low
BINSP-00415,0.7279,4.4739,48.48,60.23,1.505,pass,0.1667,low
BINSP-00416,0.6317,4.3653,43.2,63.7,3.191,pass,0.189,low
BINSP-00417,0.898,5.2472,47.22,60.09,1.945,pass,0.1975,low
BINSP-00418,0.6106,4.1529,46.94,58.12,2.349,pass,0.1884,low
BINSP-00419,0.8298,4.9907,52.62,61.57,2.793,pass,0.2107,low
BINSP-00420,0.5493,6.241,46.98,60.5,2.754,pass,0.1952,low
BINSP-00421,0.6957,4.2677,46.31,60.44,2.605,pass,0.163,low
BINSP-00422,0.6938,4.2466,46.72,58.27,2.351,pass,0.1934,low
BINSP-00423,1.2185,4.7904,49.87,63.19,3.398,pass,0.2568,medium
BINSP-00424,1.1657,3.6676,49.11,59.66,2.084,pass,0.1994,low
BINSP-00425,0.8267,5.0783,54.54,64.1,3.029,pass,0.2596,medium
BINSP-00426,1.0778,4.9761,52.55,61.78,3.159,pass,0.2356,low
BINSP-00427,0.929,5.9412,54.61,61.8,2.573,pass,0.2444,low
BINSP-00428,1.0498,5.3063,39.53,60.39,2.634,pass,0.1872,low
BINSP-00429,1.0521,5.8695,51.42,58.03,3.021,pass,0.2789,medium
BINSP-00430,0.665,4.5064,51.94,62.13,3.595,pass,0.205,low
BINSP-00431,0.8432,3.4866,41.19,57.67,2.64,pass,0.1825,low
BINSP-00432,0.8555,4.3175,51.26,54.68,3.782,pass,0.2927,medium
BINSP-00433,0.8799,5.5885,49.76,60.02,2.78,pass,0.2227,low
BINSP-00434,0.8167,4.8996,48.52,62.94,1.666,pass,0.2011,low
BINSP-00435,0.4587,4.3526,54.59,57.99,2.374,pass,0.2098,low
BINSP-00436,0.6616,5.9706,49.21,58.85,2.594,pass,0.2281,low
BINSP-00437,1.1591,4.573,42.39,62.94,3.415,pass,0.2193,low
BINSP-00438,0.9668,4.2812,52.34,62.29,3.538,pass,0.2252,low
BINSP-00439,0.512,4.7678,52.0,59.51,2.035,pass,0.1862,low
BINSP-00440,0.835,5.0252,52.23,58.7,1.345,pass,0.2192,low
BINSP-00441,0.7164,4.0693,53.67,58.59,2.125,pass,0.2074,low
BINSP-00442,1.0963,4.6423,45.81,57.58,3.148,pass,0.2468,low
BINSP-00443,1.0415,2.7971,46.6,65.07,3.493,pass,0.2225,low
BINSP-00444,1.1945,5.3212,52.53,62.1,3.754,pass,0.2627,medium
BINSP-00445,0.8471,4.1508,48.42,60.75,2.115,pass,0.1681,low
BINSP-00446,0.996,5.972,48.23,62.95,5.179,pass,0.2768,medium
BINSP-00447,0.8154,5.6404,50.56,59.35,3.282,pass,0.2379,low
BINSP-00448,1.0659,7.0945,49.73,60.65,4.324,pass,0.2751,medium
BINSP-00449,1.1481,6.3382,57.63,60.32,2.63,pass,0.2771,medium
BINSP-00450,1.2596,3.4607,52.04,60.31,1.6,pass,0.1964,low
BINSP-00451,0.7812,4.4159,53.2,63.76,3.13,pass,0.2347,low
BINSP-00452,1.0306,4.5494,54.37,59.81,3.019,pass,0.2343,low
BINSP-00453,1.0762,5.192,53.1,60.74,3.654,pass,0.2398,low
BINSP-00454,0.6118,3.1749,42.66,61.45,3.187,pass,0.1281,low
BINSP-00455,0.9846,5.1018,46.1,65.33,1.963,pass,0.2485,low
BINSP-00456,0.6783,2.9053,44.82,58.43,2.068,pass,0.1531,low
BINSP-00457,1.1086,4.0434,48.32,59.53,2.305,pass,0.2048,low
BINSP-00458,0.7969,3.9427,52.8,61.57,2.122,pass,0.18,low
BINSP-00459,0.6212,5.0345,47.25,58.37,1.658,pass,0.1959,low
BINSP-00460,0.9648,5.1661,53.72,59.68,3.78,pass,0.2508,medium
BINSP-00461,0.6935,4.1458,45.19,59.37,2.874,pass,0.1758,low
BINSP-00462,0.765,4.2049,52.48,62.11,2.26,pass,0.1917,low
BINSP-00463,0.6693,3.4991,46.79,59.2,2.022,pass,0.159,low
BINSP-00464,0.885,4.6717,53.03,61.44,1.476,pass,0.1919,low
BINSP-00465,0.4211,6.1085,49.36,57.53,2.631,pass,0.2345,low
BINSP-00466,0.91,5.0375,51.01,62.96,3.545,pass,0.242,low
BINSP-00467,0.7027,4.1519,45.24,62.09,2.339,pass,0.1622,low
BINSP-00468,1.0635,3.4037,44.06,57.32,4.412,pass,0.2328,low
BINSP-00469,0.7634,6.1767,51.36,59.99,2.628,pass,0.2302,low
BINSP-00470,0.7505,5.0417,50.16,64.66,2.99,pass,0.2465,low
BINSP-00471,1.1411,3.3863,49.29,63.47,3.77,pass,0.23,low
BINSP-00472,0.5943,4.7157,44.3,59.47,2.239,pass,0.168,low
BINSP-00473,1.1687,4.3011,56.89,61.37,3.646,pass,0.2429,low
BINSP-00474,0.704,4.3958,50.11,59.96,2.656,pass,0.1868,low
BINSP-00475,0.8484,5.9582,54.37,58.84,1.171,pass,0.2417,low
BINSP-00476,1.2727,4.5533,58.21,60.11,3.48,pass,0.2656,medium
BINSP-00477,0.5149,3.5639,53.92,62.98,2.064,pass,0.1765,low
BINSP-00478,0.5607,3.227,50.27,57.64,1.668,pass,0.1767,low
BINSP-00479,1.09,3.6583,54.09,61.92,2.788,pass,0.2129,low
BINSP-00480,1.0849,4.743,54.02,62.07,3.13,pass,0.2403,low
BINSP-00481,0.7673,4.3174,49.87,61.94,1.671,pass,0.1757,low
BINSP-00482,0.9761,3.9581,45.16,58.43,3.935,pass,0.2191,low
BINSP-00483,0.8715,5.106,57.2,56.88,3.425,pass,0.2924,medium
BINSP-00484,0.9713,5.2621,53.17,62.2,4.069,pass,0.253,medium
BINSP-00485,0.7724,4.3688,50.14,59.65,3.31,pass,0.2037,low
BINSP-00486,0.9115,5.4591,48.94,59.34,1.943,pass,0.2197,low
BINSP-00487,1.1346,5.143,49.83,61.25,1.978,pass,0.2116,low
BINSP-00488,0.9334,6.0895,54.14,58.83,3.17,pass,0.2738,medium
BINSP-00489,0.8318,5.2535,48.09,64.41,0.901,pass,0.2207,low
BINSP-00490,1.1288,5.3582,54.57,63.09,2.759,pass,0.2685,medium
BINSP-00491,0.765,4.033,50.68,64.9,3.469,pass,0.2386,low
BINSP-00492,0.7685,4.9974,51.09,62.49,4.324,pass,0.2336,low
BINSP-00493,1.0785,4.5222,46.96,61.66,2.644,pass,0.1996,low
BINSP-00494,0.8023,5.2425,54.43,61.33,2.865,pass,0.2172,low
BINSP-00495,0.5668,4.0705,53.11,59.66,2.677,pass,0.1853,low
BINSP-00496,1.2236,3.6281,52.81,59.13,2.507,pass,0.2283,low
BINSP-00497,0.6118,4.7233,42.56,60.27,1.443,pass,0.142,low
BINSP-00498,0.5873,3.413,50.66,63.29,4.214,pass,0.1981,low
BINSP-00499,0.6374,4.9151,45.28,63.58,3.214,pass,0.2058,low
BINSP-00500,0.8806,4.2123,50.03,62.27,2.627,pass,0.1986,low
BINSP-00501,0.6898,3.7736,44.45,60.52,1.575,pass,0.1328,low
BINSP-00502,1.0985,4.1785,45.46,60.62,2.104,pass,0.1783,low
BINSP-00503,0.7657,4.339,45.28,62.42,2.186,pass,0.1739,low
BINSP-00504,0.903,5.3197,54.76,61.95,3.183,pass,0.2403,low
BINSP-00505,0.8149,3.7541,52.06,64.33,1.971,pass,0.2147,low
BINSP-00506,0.8018,5.0805,48.37,57.87,1.875,pass,0.2236,low
BINSP-00507,0.9648,3.9621,46.72,61.63,2.62,pass,0.1787,low
BINSP-00508,0.6202,3.4676,54.29,64.42,3.672,pass,0.2244,low
BINSP-00509,0.9707,5.2041,48.4,59.98,4.894,pass,0.2429,low
BINSP-00510,0.5376,4.819,45.49,58.04,1.076,pass,0.1776,low
BINSP-00511,1.1761,5.2966,53.97,62.97,2.586,pass,0.2647,medium
BINSP-00512,0.6356,3.7732,54.3,59.66,2.05,pass,0.1808,low
BINSP-00513,0.6709,5.0958,44.64,61.93,2.056,pass,0.1711,low
BINSP-00514,0.7813,3.7265,51.03,59.96,1.832,pass,0.1721,low
BINSP-00515,1.0282,5.7426,52.21,58.83,3.231,pass,0.2678,medium
BINSP-00516,0.9221,4.7534,50.87,61.91,4.555,pass,0.233,low
BINSP-00517,0.542,4.3716,47.23,62.38,2.755,pass,0.1713,low
BINSP-00518,1.1721,3.9288,52.58,62.11,2.249,pass,0.2154,low
BINSP-00519,0.7086,3.8597,52.02,64.55,2.152,pass,0.2144,low
BINSP-00520,0.6538,4.1622,48.59,59.3,2.561,pass,0.1821,low
BINSP-00521,0.5957,5.0929,52.08,57.65,3.555,pass,0.2452,low
BINSP-00522,0.5569,4.997,50.36,59.01,2.189,pass,0.1979,low
BINSP-00523,0.5364,3.6385,49.43,59.59,3.218,pass,0.1697,low
BINSP-00524,0.872,4.1368,48.89,63.31,2.666,pass,0.2087,low
BINSP-00525,1.1821,4.7876,51.54,62.53,4.191,pass,0.2595,medium
BINSP-00526,1.4548,5.4717,56.02,64.47,3.476,pass,0.3283,medium
BINSP-00527,0.7255,4.2241,46.84,62.04,2.919,pass,0.1769,low
BINSP-00528,0.9901,5.4335,42.56,61.12,2.97,pass,0.1925,low
BINSP-00529,1.0687,5.1561,47.79,60.3,2.583,pass,0.2143,low
BINSP-00530,0.9367,3.4218,43.16,63.14,3.312,pass,0.1848,low
BINSP-00531,1.1215,4.855,52.85,62.58,1.695,pass,0.2316,low
BINSP-00532,0.8193,3.8478,48.8,58.45,2.94,pass,0.2056,low
BINSP-00533,0.822,4.7292,49.44,59.57,2.856,pass,0.208,low
BINSP-00534,0.7791,4.0871,52.1,60.33,2.569,pass,0.1862,low
BINSP-00535,0.948,4.3594,45.19,62.49,2.983,pass,0.1976,low
BINSP-00536,0.5501,3.2769,50.07,59.65,2.659,pass,0.1579,low
BINSP-00537,1.1356,5.5825,50.04,61.67,3.653,pass,0.2475,low
BINSP-00538,0.9488,4.432,44.62,61.59,3.006,pass,0.1839,low
BINSP-00539,0.882,5.6069,46.57,62.31,3.894,pass,0.2307,low
BINSP-00540,0.9739,4.1134,51.06,60.86,2.457,pass,0.1878,low
BINSP-00541,0.8279,5.5425,52.85,61.63,2.612,pass,0.2212,low
BINSP-00542,0.723,3.8579,40.49,60.33,2.614,pass,0.1388,low
BINSP-00543,1.0427,3.5744,52.41,56.75,2.635,pass,0.2503,medium
BINSP-00544,1.1543,4.4342,46.81,63.66,3.185,pass,0.2393,low
BINSP-00545,0.9851,4.0799,57.05,61.17,3.219,pass,0.2177,low
BINSP-00546,1.1487,4.3161,50.0,61.45,2.198,pass,0.2023,low
BINSP-00547,1.032,3.2998,47.27,60.38,2.281,pass,0.1679,low
BINSP-00548,1.1898,5.1883,54.22,57.85,3.397,pass,0.2917,medium
BINSP-00549,0.6507,3.9872,47.69,59.39,2.302,pass,0.1709,low
BINSP-00550,1.1611,4.0347,55.26,55.38,2.128,pass,0.292,medium
BINSP-00551,1.0477,4.3461,53.33,64.66,3.127,pass,0.2662,medium
BINSP-00552,0.8423,5.5353,52.02,61.2,2.976,pass,0.2172,low
BINSP-00553,1.6018,5.327,59.38,58.31,3.161,pass,0.3318,medium
BINSP-00554,1.2957,5.2952,49.07,58.49,3.458,pass,0.2753,medium
BINSP-00555,0.7557,4.387,53.16,63.46,3.139,pass,0.2278,low
BINSP-00556,1.1668,6.404,41.48,61.45,2.626,pass,0.2216,low
BINSP-00557,0.5804,5.4037,53.04,62.49,2.107,pass,0.2083,low
BINSP-00558,1.1621,4.9692,54.37,61.23,3.676,pass,0.2454,low
BINSP-00559,0.6696,4.8467,45.67,63.31,4.188,pass,0.2158,low
BINSP-00560,1.2476,5.1764,47.86,61.86,3.291,pass,0.2386,low
BINSP-00561,1.421,5.4485,55.55,54.7,4.154,pass,0.3743,medium
BINSP-00562,0.8329,5.1235,47.0,64.15,2.725,pass,0.2325,low
BINSP-00563,0.8202,4.3593,50.38,63.18,0.665,pass,0.1885,low
BINSP-00564,1.195,5.1072,50.38,64.09,4.094,pass,0.2851,medium
BINSP-00565,0.9677,5.5497,49.54,59.7,2.546,pass,0.2294,low
BINSP-00566,0.8512,3.7054,47.62,59.7,2.611,pass,0.1785,low
BINSP-00567,1.0309,6.4998,55.15,59.38,3.634,pass,0.2898,medium
BINSP-00568,0.879,4.4823,44.14,57.27,1.989,pass,0.2132,low
BINSP-00569,0.9135,5.2609,47.3,62.76,2.293,pass,0.216,low
BINSP-00570,1.1976,5.602,59.48,60.01,3.19,pass,0.2836,medium
BINSP-00571,0.9955,4.4225,54.12,64.35,2.726,pass,0.2573,medium
BINSP-00572,0.2906,3.4891,47.39,60.77,2.002,pass,0.1099,low
BINSP-00573,0.8607,4.3059,52.93,62.28,3.163,pass,0.2154,low
BINSP-00574,0.6453,2.7959,43.63,62.98,2.762,pass,0.144,low
BINSP-00575,0.8871,2.9694,45.81,65.98,2.614,pass,0.2155,low
BINSP-00576,0.7982,4.2566,54.46,58.39,3.118,pass,0.2346,low
BINSP-00577,0.8782,3.8771,43.64,61.19,2.64,pass,0.154,low
BINSP-00578,0.8007,4.656,51.55,55.68,3.344,pass,0.2762,medium
BINSP-00579,0.8767,6.2672,45.13,57.99,3.783,pass,0.2628,medium
BINSP-00580,0.714,5.4214,51.7,61.16,2.381,pass,0.1969,low
BINSP-00581,0.581,4.6177,52.93,56.7,3.305,pass,0.2487,low
BINSP-00582,0.8767,5.5781,47.61,63.04,3.49,pass,0.2393,low
BINSP-00583,0.6778,5.2074,47.93,57.35,3.119,pass,0.2385,low
BINSP-00584,0.9597,5.9072,49.52,56.95,3.233,pass,0.2854,medium
BINSP-00585,0.9481,3.7949,54.54,62.79,3.477,pass,0.2283,low
BINSP-00586,0.9672,3.5852,42.02,64.5,3.427,pass,0.2083,low
BINSP-00587,0.7294,4.2631,47.12,58.52,3.047,pass,0.2022,low
BINSP-00588,0.8126,4.5322,51.0,56.09,2.124,pass,0.252,medium
BINSP-00589,0.9286,4.6746,54.62,61.65,2.249,pass,0.2129,low
BINSP-00590,0.8675,3.9698,48.83,60.38,1.769,pass,0.1688,low
BINSP-00591,1.152,6.0001,50.25,56.47,2.955,pass,0.3074,medium
BINSP-00592,0.686,4.7419,44.67,61.68,3.805,pass,0.1825,low
BINSP-00593,0.5604,3.1686,50.17,60.93,2.128,pass,0.1313,low
BINSP-00594,0.8399,5.1514,49.83,64.27,0.971,pass,0.2239,low
BINSP-00595,0.9521,4.2132,48.14,61.82,2.398,pass,0.1878,low
BINSP-00596,0.4521,3.3988,47.41,60.55,2.497,pass,0.129,low
BINSP-00597,0.9178,4.3406,50.05,65.84,1.65,pass,0.2458,low
BINSP-00598,0.9624,4.9963,50.75,63.37,0.91,pass,0.2184,low
BINSP-00599,0.9099,3.8484,44.41,58.52,1.651,pass,0.1808,low
BINSP-00600,1.3103,5.9873,53.12,61.99,4.95,pass,0.2988,medium
BINSP-00601,0.9505,5.4553,49.35,62.09,3.289,pass,0.2313,low
BINSP-00602,1.1046,5.5654,46.26,62.17,2.865,pass,0.2302,low
BINSP-00603,0.8239,5.6219,51.76,59.66,2.094,pass,0.2232,low
BINSP-00604,1.0431,3.9333,52.31,61.39,3.85,pass,0.2138,low
BINSP-00605,1.3361,5.2203,51.97,53.6,3.313,pass,0.358,medium
BINSP-00606,0.4519,4.6571,48.61,62.46,3.656,pass,0.1872,low
BINSP-00607,0.2915,3.409,47.5,63.37,2.255,pass,0.1438,low
BINSP-00608,1.0617,4.4653,48.75,60.67,3.568,pass,0.2094,low
BINSP-00609,1.3865,4.2665,54.45,58.29,2.972,pass,0.2765,medium
BINSP-00610,0.895,4.6136,51.25,62.43,2.622,pass,0.2141,low
BINSP-00611,0.7137,5.5085,52.42,59.28,4.479,pass,0.2497,low
BINSP-00612,0.8721,4.2681,47.69,61.34,2.865,pass,0.1801,low
BINSP-00613,0.5385,3.9454,51.6,57.41,3.028,pass,0.2137,low
BINSP-00614,1.0422,4.7604,48.66,60.87,3.685,pass,0.212,low
BINSP-00615,1.0062,4.2053,49.83,57.95,1.968,pass,0.2255,low
BINSP-00616,0.8719,5.6642,51.2,58.38,3.997,pass,0.2677,medium
BINSP-00617,0.8753,3.1736,49.58,55.78,3.442,pass,0.2449,low
BINSP-00618,0.8996,3.7162,47.74,61.59,1.905,pass,0.1635,low
BINSP-00619,1.0592,5.5022,49.0,60.71,2.238,pass,0.2142,low
BINSP-00620,0.8145,3.9443,49.56,61.97,3.421,pass,0.192,low
BINSP-00621,1.1251,4.6068,53.55,61.82,3.076,pass,0.2346,low
BINSP-00622,0.8596,4.7843,48.51,62.27,2.505,pass,0.2019,low
BINSP-00623,0.9049,5.8137,46.73,57.18,1.989,pass,0.2517,medium
BINSP-00624,0.8671,4.0078,49.75,61.14,2.89,pass,0.1788,low
BINSP-00625,0.4788,6.5146,48.37,61.13,2.497,pass,0.1917,low
BINSP-00626,1.0104,4.9534,52.86,60.92,3.229,pass,0.2217,low
BINSP-00627,1.1661,5.2927,53.25,61.7,3.871,pass,0.2579,medium
BINSP-00628,1.0599,4.7788,45.94,56.49,2.989,pass,0.2618,medium
BINSP-00629,0.7519,4.6594,54.64,59.61,2.193,pass,0.2105,low
BINSP-00630,0.8473,4.0484,51.05,60.71,3.97,pass,0.1978,low
BINSP-00631,0.781,4.611,49.38,56.33,2.734,pass,0.2495,low
BINSP-00632,1.0714,5.3981,50.56,64.33,2.731,pass,0.2699,medium
BINSP-00633,0.914,5.037,53.77,61.78,3.029,pass,0.2276,low
BINSP-00634,0.9401,5.4333,53.7,63.57,3.162,pass,0.2657,medium
BINSP-00635,0.8485,5.1616,49.8,60.89,2.768,pass,0.1988,low
BINSP-00636,1.0131,3.9093,54.55,63.18,2.754,pass,0.2325,low
BINSP-00637,0.7509,4.1621,43.52,60.69,2.28,pass,0.1477,low
BINSP-00638,1.2884,6.305,60.84,63.5,3.712,pass,0.3375,medium
BINSP-00639,0.7667,4.1827,47.53,60.85,1.962,pass,0.1566,low
BINSP-00640,1.1113,3.2598,44.97,61.4,3.087,pass,0.1713,low
BINSP-00641,1.0647,5.3601,50.26,60.59,1.588,pass,0.2101,low
BINSP-00642,0.9333,3.7939,51.3,59.23,3.285,pass,0.2137,low
BINSP-00643,1.3452,4.849,51.41,57.42,2.606,pass,0.2836,medium
BINSP-00644,0.7677,3.6451,48.26,56.94,2.648,pass,0.2153,low
BINSP-00645,0.5263,4.4684,46.3,60.66,2.374,pass,0.1488,low
BINSP-00646,1.1555,5.0891,55.03,63.85,2.855,pass,0.2791,medium
BINSP-00647,0.9151,5.147,47.7,60.98,1.434,pass,0.1788,low
BINSP-00648,0.9578,5.5432,48.16,60.16,3.296,pass,0.2259,low
BINSP-00649,0.9938,5.5767,45.08,60.15,2.759,pass,0.2125,low
BINSP-00650,1.0626,3.8277,56.67,60.54,2.81,pass,0.2164,low
BINSP-00651,0.7715,5.0489,52.12,62.99,3.851,pass,0.2401,low
BINSP-00652,1.1005,4.539,50.54,61.65,3.06,pass,0.2184,low
BINSP-00653,0.7026,5.5021,48.08,62.58,2.811,pass,0.2118,low
BINSP-00654,0.6498,5.6864,49.68,53.78,1.717,pass,0.2887,medium
BINSP-00655,0.4637,4.8683,49.43,57.07,2.276,pass,0.2157,low
BINSP-00656,1.2109,5.7269,47.01,65.84,2.402,pass,0.293,medium
BINSP-00657,0.9069,4.1199,48.72,59.97,3.693,pass,0.2034,low
BINSP-00658,1.0168,4.1046,44.94,65.58,3.135,pass,0.2448,low
BINSP-00659,0.9015,4.4814,49.08,61.57,3.967,pass,0.2078,low
BINSP-00660,1.2467,4.7806,49.73,62.39,3.115,pass,0.2428,low
BINSP-00661,1.0712,3.8638,48.97,63.8,3.579,pass,0.236,low
BINSP-00662,1.0044,3.8526,57.0,63.62,3.353,pass,0.2528,medium
BINSP-00663,0.9469,4.8051,48.85,61.52,2.325,pass,0.1963,low
BINSP-00664,0.9942,5.3554,53.73,58.83,2.5,pass,0.254,medium
BINSP-00665,1.0038,5.7527,45.36,60.88,1.706,pass,0.1941,low
BINSP-00666,0.9558,4.5222,49.41,61.11,4.342,pass,0.2113,low
BINSP-00667,0.9464,4.6246,52.82,60.47,3.999,pass,0.2263,low
BINSP-00668,1.0659,5.9579,53.19,62.55,2.997,pass,0.266,medium
BINSP-00669,1.0111,3.7397,44.1,62.34,2.001,pass,0.172,low
BINSP-00670,0.8502,4.9102,44.63,58.83,1.593,pass,0.1931,low
BINSP-00671,0.82,4.6321,48.88,58.96,2.603,pass,0.21,low
BINSP-00672,1.0475,4.6845,43.11,59.85,2.687,pass,0.1955,low
BINSP-00673,0.9179,3.5044,55.55,65.29,1.799,pass,0.2411,low
BINSP-00674,0.7143,3.9093,51.47,61.48,2.961,pass,0.1777,low
BINSP-00675,0.7794,4.6517,48.17,62.87,1.497,pass,0.1894,low
BINSP-00676,1.0467,3.9776,52.54,61.37,4.232,pass,0.22,low
BINSP-00677,0.8325,3.4046,43.54,62.63,3.543,pass,0.1735,low
BINSP-00678,0.7371,4.8161,45.21,65.17,2.709,pass,0.2285,low
BINSP-00679,0.4495,4.1208,45.5,62.04,2.812,pass,0.1494,low
BINSP-00680,0.8968,4.186,50.03,60.74,2.71,pass,0.1851,low
BINSP-00681,0.5213,4.7527,46.78,60.03,2.879,pass,0.1712,low
BINSP-00682,0.8886,6.6742,48.28,60.61,2.475,pass,0.2275,low
BINSP-00683,0.9102,3.6365,47.7,59.38,1.254,pass,0.1701,low
BINSP-00684,1.05,5.1915,49.26,60.1,3.285,pass,0.2299,low
BINSP-00685,0.7742,4.8173,50.72,61.9,2.471,pass,0.198,low
BINSP-00686,0.7891,3.2523,50.06,61.27,1.294,pass,0.142,low
BINSP-00687,0.5591,3.9454,42.29,62.98,3.301,pass,0.1628,low
BINSP-00688,0.7472,4.905,51.89,60.29,3.43,pass,0.2104,low
BINSP-00689,1.0291,4.9975,48.12,60.81,2.8,pass,0.2043,low
BINSP-00690,0.8633,5.8602,48.34,61.27,3.327,pass,0.218,low
BINSP-00691,0.6677,5.0064,48.17,58.04,2.33,pass,0.2147,low
BINSP-00692,0.9438,3.5531,44.97,59.2,2.899,pass,0.1841,low
BINSP-00693,1.0494,5.3816,51.7,58.64,3.412,pass,0.2655,medium
BINSP-00694,0.7795,3.901,47.05,57.98,1.987,pass,0.1937,low
BINSP-00695,1.0662,4.5675,52.83,58.96,3.113,pass,0.2458,low
BINSP-00696,0.745,3.8875,43.59,62.14,2.775,pass,0.1604,low
BINSP-00697,0.5945,2.7164,49.41,61.47,2.444,pass,0.1319,low
BINSP-00698,0.8442,4.947,51.15,61.98,3.4,pass,0.2194,low
BINSP-00699,0.9041,4.2784,52.1,63.77,3.816,pass,0.2454,low
BINSP-00700,0.9474,4.9721,44.24,60.51,2.349,pass,0.184,low
BINSP-00701,0.9254,5.4947,48.86,61.28,1.228,pass,0.1919,low
BINSP-00702,0.8757,3.7152,50.68,60.04,3.484,pass,0.1962,low
BINSP-00703,0.8704,3.8899,41.58,60.74,2.746,pass,0.149,low
BINSP-00704,1.1501,4.4231,53.97,62.21,2.674,pass,0.2351,low
BINSP-00705,0.9044,3.9177,39.45,61.11,2.31,pass,0.1374,low
BINSP-00706,0.7303,5.4149,47.85,60.14,2.425,pass,0.196,low
BINSP-00707,0.9325,5.172,56.27,55.11,2.105,pass,0.3057,medium
BINSP-00708,0.8133,4.7416,43.17,61.22,1.799,pass,0.1555,low
BINSP-00709,0.5086,3.3766,46.21,60.93,1.978,pass,0.1167,low
BINSP-00710,0.8353,3.8424,54.78,59.24,4.322,pass,0.2317,low
BINSP-00711,1.1853,6.2965,53.91,61.38,2.659,pass,0.2622,medium
BINSP-00712,0.6501,3.9952,37.83,60.94,1.356,pass,0.1031,low
BINSP-00713,0.8957,4.3874,46.24,58.36,1.95,pass,0.2028,low
BINSP-00714,1.2275,5.1726,54.66,64.23,2.237,pass,0.283,medium
BINSP-00715,0.7395,5.0868,49.77,61.67,4.663,pass,0.2205,low
BINSP-00716,0.7732,4.8318,45.71,60.67,2.289,pass,0.1706,low
BINSP-00717,0.8308,5.4084,48.35,62.75,1.963,pass,0.2125,low
BINSP-00718,0.7435,3.3113,44.6,59.14,1.667,pass,0.1498,low
BINSP-00719,0.5941,4.902,49.02,59.91,3.285,pass,0.1937,low
BINSP-00720,0.8255,3.9728,49.96,57.74,3.513,pass,0.2301,low
BINSP-00721,0.7824,2.735,42.83,60.46,2.901,pass,0.1299,low
BINSP-00722,0.442,2.8816,48.82,62.35,3.619,pass,0.1497,low
BINSP-00723,0.7446,4.9351,53.33,61.2,3.505,pass,0.209,low
BINSP-00724,1.1435,6.7607,59.06,57.5,3.502,pass,0.3428,medium
BINSP-00725,0.8237,4.4728,45.89,57.82,2.361,pass,0.2112,low
BINSP-00726,0.6338,3.7885,49.03,57.73,1.508,pass,0.1857,low
BINSP-00727,0.912,3.4242,49.83,58.18,3.658,pass,0.22,low
BINSP-00728,0.3735,3.5794,38.0,63.33,2.654,pass,0.1252,low
BINSP-00729,1.3605,6.1727,51.69,59.88,3.119,pass,0.2813,medium
BINSP-00730,0.999,3.4622,45.39,61.22,2.644,pass,0.1608,low
BINSP-00731,0.8876,3.94,51.8,59.62,1.702,pass,0.1902,low
BINSP-00732,0.9062,4.5394,50.75,60.95,2.309,pass,0.1872,low
BINSP-00733,1.4377,4.2344,57.96,59.61,4.505,pass,0.29,medium
BINSP-00734,0.454,4.156,46.79,59.98,2.594,pass,0.1519,low
BINSP-00735,0.8624,3.6721,51.9,61.25,2.188,pass,0.1722,low
BINSP-00736,0.7443,3.8978,46.01,61.84,1.313,pass,0.1467,low
BINSP-00737,0.5867,4.2528,44.04,58.2,1.555,pass,0.1683,low
BINSP-00738,0.7395,4.5903,50.69,58.02,3.867,pass,0.2388,low
BINSP-00739,0.8263,4.8019,45.6,59.02,3.274,pass,0.2099,low
BINSP-00740,1.0358,4.8038,49.6,61.3,4.264,pass,0.2251,low
BINSP-00741,0.5704,3.5848,49.85,60.75,3.424,pass,0.1575,low
BINSP-00742,0.6291,4.3389,47.73,57.8,2.315,pass,0.2005,low
BINSP-00743,1.3546,3.1959,46.77,61.53,2.633,pass,0.1901,low
BINSP-00744,0.949,3.6898,44.7,61.76,2.382,pass,0.1644,low
BINSP-00745,0.8223,4.2371,50.23,60.29,3.441,pass,0.1969,low
BINSP-00746,1.1446,5.137,46.78,62.48,2.337,pass,0.2246,low
BINSP-00747,0.7868,5.4433,44.15,59.38,3.578,pass,0.2133,low
BINSP-00748,0.2389,3.2633,42.56,57.56,1.926,pass,0.1327,low
BINSP-00749,0.8836,4.3446,49.68,57.3,2.202,pass,0.2317,low
BINSP-00750,0.7734,3.8291,48.02,58.68,2.126,pass,0.1862,low
BINSP-00751,0.8982,4.3637,49.42,60.55,3.8,pass,0.2026,low
BINSP-00752,0.3942,4.1835,47.58,59.19,2.611,pass,0.1629,low
BINSP-00753,1.0197,4.5838,47.68,64.0,1.278,pass,0.2178,low
BINSP-00754,0.8932,3.9649,46.26,61.05,3.294,pass,0.1715,low
BINSP-00755,0.8856,2.4251,45.98,60.34,1.919,pass,0.1319,low
BINSP-00756,0.713,4.2595,52.77,65.92,3.296,pass,0.2596,medium
BINSP-00757,0.7111,4.6779,53.19,60.55,2.388,pass,0.1913,low
BINSP-00758,0.9796,5.8037,52.23,60.67,3.523,pass,0.2415,low
BINSP-00759,1.0397,3.8405,45.53,63.26,3.057,pass,0.2073,low
BINSP-00760,0.8841,4.4125,59.47,61.34,2.895,pass,0.2241,low
BINSP-00761,0.989,5.0405,48.34,61.6,2.786,pass,0.209,low
BINSP-00762,0.8046,2.7664,50.21,61.11,2.129,pass,0.1415,low
BINSP-00763,0.8303,2.9875,40.82,61.71,3.341,pass,0.1395,low
BINSP-00764,0.8249,4.8916,49.17,61.46,2.561,pass,0.1923,low
BINSP-00765,1.1306,5.3315,45.03,57.78,2.228,pass,0.2463,low
BINSP-00766,0.9889,4.091,46.75,59.65,2.706,pass,0.1949,low
BINSP-00767,1.1122,3.8469,47.52,60.71,3.109,pass,0.1905,low
BINSP-00768,0.8047,5.1239,54.8,63.74,3.634,pass,0.2617,medium
BINSP-00769,1.0447,4.9368,56.11,62.85,3.488,pass,0.2644,medium
BINSP-00770,1.513,4.092,54.62,56.92,4.554,pass,0.3222,medium
BINSP-00771,0.5229,4.8288,44.94,62.85,2.134,pass,0.1709,low
BINSP-00772,1.2579,4.0997,54.55,61.44,4.453,pass,0.2481,low
BINSP-00773,0.8303,4.6179,52.48,63.29,2.419,pass,0.2242,low
BINSP-00774,0.992,5.1457,51.1,60.08,2.827,pass,0.226,low
BINSP-00775,0.7986,3.9916,48.78,61.69,2.253,pass,0.1709,low
BINSP-00776,1.1893,5.0011,51.51,61.54,4.179,pass,0.2491,low
BINSP-00777,0.9663,4.4325,49.89,61.84,3.293,pass,0.2102,low
BINSP-00778,0.7731,3.939,46.11,59.16,3.094,pass,0.1864,low
BINSP-00779,1.1256,5.6037,51.59,60.66,4.356,pass,0.256,medium
BINSP-00780,1.032,3.5105,52.48,64.29,2.816,pass,0.2362,low
BINSP-00781,1.1426,3.994,52.13,59.63,3.461,pass,0.2316,low
BINSP-00782,0.5595,4.0803,46.41,61.02,1.677,pass,0.1307,low
BINSP-00783,1.0049,4.4169,49.62,59.47,2.815,pass,0.2163,low
BINSP-00784,1.306,4.2255,55.18,61.47,3.423,pass,0.2442,low
BINSP-00785,0.675,3.2656,54.0,58.77,3.618,pass,0.2047,low
BINSP-00786,0.789,4.0472,47.31,58.77,3.023,pass,0.1987,low
BINSP-00787,0.637,4.3756,49.13,59.27,3.356,pass,0.1971,low
BINSP-00788,0.7826,5.2307,47.83,59.47,3.843,pass,0.223,low
BINSP-00789,0.6997,4.3323,44.93,63.1,2.818,pass,0.1856,low
BINSP-00790,0.4804,5.8954,48.54,59.61,2.307,pass,0.1965,low
BINSP-00791,0.7204,3.7444,49.82,61.42,3.241,pass,0.1718,low
BINSP-00792,0.9313,4.8521,49.76,62.08,3.297,pass,0.2193,low
BINSP-00793,0.4018,4.6243,46.84,61.34,2.955,pass,0.1519,low
BINSP-00794,0.8905,3.7241,49.31,61.12,2.444,pass,0.1677,low
BINSP-00795,0.6952,4.9112,43.21,60.93,1.992,pass,0.1507,low
BINSP-00796,1.0229,6.7933,59.1,59.83,2.956,pass,0.2935,medium
BINSP-00797,0.9042,4.4146,44.59,58.86,1.735,pass,0.1882,low
BINSP-00798,1.024,5.7196,48.6,61.15,3.538,pass,0.2283,low
BINSP-00799,1.1591,5.0671,51.98,62.95,2.882,pass,0.2555,medium
BINSP-00800,0.4893,3.7021,48.36,62.85,2.982,pass,0.1678,low
BINSP-00801,0.8078,5.0297,50.75,60.59,3.21,pass,0.2062,low
BINSP-00802,0.7701,3.2851,48.78,62.55,2.151,pass,0.1663,low
BINSP-00803,0.8271,4.0289,52.04,58.35,3.395,pass,0.2278,low
BINSP-00804,0.6747,4.7911,49.77,61.27,3.192,pass,0.1864,low
BINSP-00805,1.1246,7.1356,55.45,64.09,3.801,pass,0.3341,medium
BINSP-00806,1.0469,3.812,54.85,57.5,2.845,pass,0.2548,medium
BINSP-00807,1.1113,4.1899,49.85,61.9,2.098,pass,0.2022,low
BINSP-00808,0.7343,4.5344,49.1,59.53,3.363,pass,0.2033,low
BINSP-00809,0.5078,3.5832,48.57,57.54,2.641,pass,0.1875,low
BINSP-00810,1.491,4.8085,52.38,61.81,3.311,pass,0.2634,medium
BINSP-00811,0.7715,4.3989,46.39,62.9,4.478,pass,0.2138,low
BINSP-00812,1.0255,5.8077,54.86,66.67,3.921,pass,0.3387,medium
BINSP-00813,0.9223,3.6725,49.3,62.06,2.229,pass,0.1804,low
BINSP-00814,1.2986,4.9115,50.84,60.0,2.03,pass,0.234,low
BINSP-00815,1.0734,5.0658,51.28,61.18,3.901,pass,0.2326,low
BINSP-00816,0.8838,4.8571,48.79,60.53,2.577,pass,0.195,low
BINSP-00817,1.0946,5.778,51.03,60.22,2.393,pass,0.2384,low
BINSP-00818,0.9744,3.8305,51.14,60.42,2.774,pass,0.1928,low
BINSP-00819,1.1275,5.4965,54.56,60.99,3.753,pass,0.2518,medium
BINSP-00820,0.6042,4.889,48.66,60.43,3.187,pass,0.184,low
BINSP-00821,0.862,3.5059,50.78,63.79,2.787,pass,0.2104,low
BINSP-00822,0.9455,4.8673,50.73,61.0,2.951,pass,0.2036,low
BINSP-00823,1.1015,4.0035,44.24,64.12,2.406,pass,0.2157,low
BINSP-00824,1.0288,4.6194,47.47,60.26,2.562,pass,0.1998,low
BINSP-00825,0.8991,4.74,45.93,61.25,3.275,pass,0.189,low
BINSP-00826,0.9649,2.2785,44.57,58.69,1.453,pass,0.1489,low
BINSP-00827,0.9886,3.9527,45.15,58.21,1.218,pass,0.1905,low
BINSP-00828,1.0633,4.2632,52.5,56.77,3.214,pass,0.2725,medium
BINSP-00829,0.7176,3.5157,47.11,65.46,2.742,pass,0.2124,low
BINSP-00830,0.7669,4.6749,47.73,58.61,3.047,pass,0.2138,low
BINSP-00831,0.708,5.4622,47.75,58.33,2.829,pass,0.227,low
BINSP-00832,0.5271,4.4899,44.61,60.05,2.364,pass,0.1525,low
BINSP-00833,1.0358,6.0041,54.79,61.65,3.861,pass,0.2671,medium
BINSP-00834,0.808,4.2158,43.05,57.79,3.312,pass,0.2072,low
BINSP-00835,0.7557,4.9915,52.32,59.89,1.967,pass,0.2027,low
BINSP-00836,0.9187,3.1018,48.45,59.81,2.533,pass,0.1715,low
BINSP-00837,0.864,3.842,57.59,60.13,3.202,pass,0.2165,low
BINSP-00838,0.6746,6.5946,49.07,61.14,3.073,pass,0.2167,low
BINSP-00839,0.9328,3.8261,49.36,59.09,1.508,pass,0.1884,low
BINSP-00840,0.7642,3.5868,49.37,60.19,3.1,pass,0.1743,low
BINSP-00841,0.6305,5.8726,45.33,61.72,1.751,pass,0.1792,low
BINSP-00842,0.8644,3.0404,49.27,60.89,3.527,pass,0.1649,low
BINSP-00843,0.9422,4.2242,46.92,59.82,4.042,pass,0.2083,low
BINSP-00844,1.0676,4.9602,49.3,64.96,4.729,pass,0.29,medium
BINSP-00845,1.1224,4.5172,52.44,62.6,2.354,pass,0.2317,low
BINSP-00846,0.4624,5.4977,45.44,62.89,2.047,pass,0.1812,low
BINSP-00847,0.7436,4.4042,50.36,59.59,4.074,pass,0.2132,low
BINSP-00848,0.8545,4.143,47.29,59.85,3.209,pass,0.1913,low
BINSP-00849,1.0405,3.8836,50.23,59.55,2.806,pass,0.2089,low
BINSP-00850,1.1113,3.3054,52.36,60.57,5.22,pass,0.2233,low
BINSP-00851,0.4805,4.7635,52.2,61.3,2.657,pass,0.1741,low
BINSP-00852,1.2021,5.2651,49.32,58.81,2.549,pass,0.2531,medium
BINSP-00853,1.4072,5.5791,59.89,60.08,4.311,pass,0.3119,medium
BINSP-00854,0.4965,3.8458,46.66,59.33,2.071,pass,0.1517,low
BINSP-00855,0.3201,4.7953,50.21,62.04,2.153,pass,0.1617,low
BINSP-00856,0.9302,5.2218,48.84,64.18,3.492,pass,0.2573,medium
BINSP-00857,0.9071,5.3567,56.33,62.91,2.876,pass,0.2573,medium
BINSP-00858,0.9597,5.4268,53.1,59.41,2.356,pass,0.2405,low
BINSP-00859,1.0048,4.0501,49.13,62.31,2.393,pass,0.199,low
BINSP-00860,1.0365,5.4687,51.68,59.45,2.41,pass,0.242,low
BINSP-00861,0.8269,4.1696,48.51,61.96,1.778,pass,0.1739,low
BINSP-00862,0.9625,5.4122,47.93,61.13,3.311,pass,0.2124,low
BINSP-00863,1.2316,5.2186,50.68,60.11,2.619,pass,0.2402,low
BINSP-00864,1.5331,4.3442,53.56,63.58,1.774,pass,0.2691,medium
BINSP-00865,1.0894,5.0977,48.41,63.59,2.695,pass,0.2464,low
BINSP-00866,0.8878,3.8827,51.37,62.83,2.742,pass,0.2068,low
BINSP-00867,1.2369,4.9264,47.95,60.31,2.33,pass,0.219,low
BINSP-00868,0.9902,4.0992,53.47,58.78,2.562,pass,0.2293,low
BINSP-00869,0.9947,4.857,50.48,60.05,3.721,pass,0.2295,low
BINSP-00870,0.6332,5.219,50.06,61.85,2.062,pass,0.188,low
BINSP-00871,0.8201,4.1496,50.56,58.59,2.637,pass,0.2121,low
BINSP-00872,0.9547,3.3229,45.2,60.97,3.069,pass,0.1564,low
BINSP-00873,1.0697,4.1802,48.55,54.12,2.0,pass,0.2831,medium
BINSP-00874,0.8693,4.7397,53.39,61.09,2.137,pass,0.1961,low
BINSP-00875,0.693,4.9756,54.33,57.04,0.969,pass,0.2354,low
BINSP-00876,0.8852,4.3473,51.11,59.8,4.381,pass,0.2252,low
BINSP-00877,0.9462,4.8977,49.5,62.05,4.229,pass,0.231,low
BINSP-00878,0.642,3.9626,50.75,61.6,3.615,pass,0.1808,low
BINSP-00879,1.2835,5.5389,51.08,64.85,2.638,pass,0.2963,medium
BINSP-00880,1.3984,5.261,53.43,62.33,4.4,pass,0.2903,medium
BINSP-00881,0.6738,5.4617,51.95,61.85,3.029,pass,0.2138,low
BINSP-00882,1.0827,4.9565,49.06,61.53,2.345,pass,0.2102,low
BINSP-00883,1.1275,6.0927,43.62,65.37,3.161,pass,0.285,medium
BINSP-00884,0.9849,4.3251,42.92,61.09,2.18,pass,0.1611,low
BINSP-00885,1.2929,4.5031,44.65,65.44,4.338,pass,0.2838,medium
BINSP-00886,0.6173,4.3106,51.53,57.91,1.857,pass,0.2049,low
BINSP-00887,1.2851,5.3041,53.23,60.64,3.18,pass,0.2531,medium
BINSP-00888,0.5091,5.0422,54.45,62.03,3.332,pass,0.2085,low
BINSP-00889,0.8233,4.7284,51.55,60.4,2.651,pass,0.2002,low
BINSP-00890,1.1654,3.673,47.12,62.84,4.833,pass,0.2334,low
BINSP-00891,1.0329,4.561,53.17,54.42,3.417,pass,0.3163,medium
BINSP-00892,0.9303,4.5479,54.42,63.66,2.685,pass,0.2452,low
BINSP-00893,0.4757,3.9214,53.05,61.39,1.982,pass,0.1531,low
BINSP-00894,1.366,4.6949,51.09,62.12,3.518,pass,0.2549,medium
BINSP-00895,0.7352,5.7328,48.26,61.62,2.579,pass,0.2023,low
BINSP-00896,0.7364,4.6034,47.59,60.38,3.433,pass,0.1877,low
BINSP-00897,0.5808,4.0506,44.35,60.4,1.919,pass,0.1361,low
BINSP-00898,0.6872,4.808,51.19,57.66,3.349,pass,0.2404,low
BINSP-00899,0.9113,4.1265,50.24,60.46,2.424,pass,0.1864,low
BINSP-00900,1.0112,3.6422,52.91,56.34,4.077,pass,0.2745,medium
BINSP-00901,0.8754,4.2691,55.78,65.18,2.333,pass,0.2589,medium
BINSP-00902,1.2039,3.7295,51.23,60.23,2.823,pass,0.211,low
BINSP-00903,1.574,3.1957,51.49,61.36,2.746,pass,0.2205,low
BINSP-00904,0.818,4.1632,49.48,61.92,2.814,pass,0.1882,low
BINSP-00905,0.5676,3.3952,46.02,62.87,2.713,pass,0.1563,low
BINSP-00906,1.062,4.2824,46.43,63.43,4.532,pass,0.241,low
BINSP-00907,0.6943,4.0662,48.8,61.18,2.86,pass,0.1647,low
BINSP-00908,1.0772,3.9061,51.8,59.81,2.891,pass,0.2144,low
BINSP-00909,1.0056,4.6171,51.2,62.32,2.496,pass,0.2188,low
BINSP-00910,1.0794,3.248,52.09,60.24,3.744,pass,0.2062,low
BINSP-00911,0.713,3.8952,44.81,60.03,2.878,pass,0.1611,low
BINSP-00912,0.7796,4.8161,51.56,59.34,4.03,pass,0.2312,low
BINSP-00913,1.4266,5.6635,52.79,57.17,4.316,pass,0.3347,medium
BINSP-00914,0.6739,2.8046,43.67,58.15,3.068,pass,0.1631,low
BINSP-00915,0.6161,3.7528,47.72,61.38,2.196,pass,0.1441,low
BINSP-00916,0.8943,5.2169,48.58,57.17,3.644,pass,0.2653,medium
BINSP-00917,0.7554,4.9509,55.01,63.83,3.543,pass,0.2557,medium
BINSP-00918,0.4536,3.8622,43.21,61.06,1.974,pass,0.112,low
BINSP-00919,0.7698,4.5153,48.89,58.99,3.384,pass,0.213,low
BINSP-00920,0.8415,4.6613,56.1,60.19,1.988,pass,0.2107,low
BINSP-00921,1.0146,4.9827,53.38,57.63,3.316,pass,0.2746,medium
BINSP-00922,1.0811,5.081,49.8,61.72,2.961,pass,0.2252,low
BINSP-00923,1.5104,5.9119,55.32,58.68,3.061,pass,0.3164,medium
BINSP-00924,0.7306,5.2994,45.83,59.5,1.331,pass,0.1832,low
BINSP-00925,0.9163,2.7162,45.03,61.54,3.039,pass,0.1484,low
BINSP-00926,0.6017,5.3338,46.96,58.36,2.648,pass,0.2115,low
BINSP-00927,0.7979,5.701,47.54,60.59,1.721,pass,0.1903,low
BINSP-00928,0.736,4.4061,50.33,58.93,2.73,pass,0.2064,low
BINSP-00929,0.9792,4.5256,55.96,63.15,3.2,pass,0.252,medium
BINSP-00930,0.8343,3.398,44.5,59.17,2.698,pass,0.1696,low
BINSP-00931,0.9631,4.9461,57.5,63.24,2.601,pass,0.2586,medium
BINSP-00932,0.9679,3.578,51.18,59.07,3.034,pass,0.2109,low
BINSP-00933,0.5484,3.8817,42.14,65.62,2.34,pass,0.1883,low
BINSP-00934,0.8555,2.9126,44.97,61.29,2.036,pass,0.1318,low
BINSP-00935,1.0474,4.5094,50.92,59.12,3.641,pass,0.2407,low
BINSP-00936,1.0941,3.1629,45.87,60.73,3.626,pass,0.1758,low
BINSP-00937,0.6698,4.6319,44.93,60.11,4.487,pass,0.1912,low
BINSP-00938,0.7911,5.3943,49.6,62.13,2.765,pass,0.214,low
BINSP-00939,0.9219,5.657,51.4,61.61,3.278,pass,0.2329,low
BINSP-00940,0.9424,5.9479,54.23,61.14,1.121,pass,0.2169,low
BINSP-00941,1.1694,3.9846,49.7,60.59,2.86,pass,0.2035,low
BINSP-00942,0.7836,4.809,46.79,57.16,1.621,pass,0.2191,low
BINSP-00943,0.799,4.0948,52.45,56.06,2.961,pass,0.2577,medium
BINSP-00944,1.297,3.4162,47.89,59.64,1.317,pass,0.1907,low
BINSP-00945,1.1732,4.5254,51.97,58.4,3.566,pass,0.2636,medium
BINSP-00946,1.2214,4.2934,51.71,59.85,3.93,pass,0.244,low
BINSP-00947,1.0079,5.2112,49.32,64.29,3.457,pass,0.2654,medium
BINSP-00948,0.5536,4.6385,38.41,60.86,1.8,pass,0.1175,low
BINSP-00949,0.8687,3.9765,53.37,60.34,1.895,pass,0.1864,low
BINSP-00950,0.6349,3.2383,50.83,65.61,3.276,pass,0.2222,low
BINSP-00951,1.2465,4.603,55.9,59.84,1.86,pass,0.2416,low
BINSP-00952,0.8217,2.6379,47.46,60.21,3.43,pass,0.1566,low
BINSP-00953,0.6196,3.0309,46.74,61.69,1.366,pass,0.1213,low
BINSP-00954,0.6503,4.5802,42.99,60.94,2.972,pass,0.1516,low
BINSP-00955,0.9415,3.3802,43.93,60.97,1.464,pass,0.1331,low
BINSP-00956,1.1462,3.8258,54.44,59.64,3.474,pass,0.2363,low
BINSP-00957,0.8196,4.9212,52.02,63.4,2.343,pass,0.2287,low
BINSP-00958,0.739,4.2991,48.04,58.59,3.256,pass,0.2081,low
BINSP-00959,0.8896,2.6943,51.87,60.93,1.657,pass,0.1455,low
BINSP-00960,0.3139,4.0227,48.25,58.15,2.059,pass,0.1651,low
BINSP-00961,1.0661,5.8204,54.09,55.23,2.587,pass,0.3247,medium
BINSP-00962,0.7358,4.1092,49.57,60.08,2.53,pass,0.1781,low
BINSP-00963,0.7194,2.9092,36.68,58.75,1.894,pass,0.1217,low
BINSP-00964,0.6301,3.3149,51.53,62.89,1.812,pass,0.1674,low
BINSP-00965,1.0599,5.9047,57.53,62.59,3.545,pass,0.2865,medium
BINSP-00966,0.743,2.6752,40.34,60.92,1.475,pass,0.0936,low
BINSP-00967,1.726,5.1547,54.33,60.6,3.457,pass,0.2893,medium
BINSP-00968,0.8712,5.3339,47.76,57.84,2.435,pass,0.2388,low
BINSP-00969,1.2327,5.0006,57.56,59.74,3.65,pass,0.2771,medium
BINSP-00970,0.4175,3.6424,46.86,61.58,2.093,pass,0.1267,low
BINSP-00971,0.7848,3.7749,45.8,61.24,1.994,pass,0.1457,low
BINSP-00972,0.9851,4.344,49.35,60.73,3.001,pass,0.1959,low
BINSP-00973,0.8915,3.9513,46.45,60.58,2.381,pass,0.1663,low
BINSP-00974,0.9392,5.3998,50.67,60.8,3.367,pass,0.2216,low
BINSP-00975,1.0492,3.857,49.18,58.8,2.664,pass,0.2151,low
BINSP-00976,0.6897,4.7943,46.5,62.66,1.727,pass,0.1798,low
BINSP-00977,1.0983,4.5552,51.2,60.58,3.708,pass,0.2252,low
BINSP-00978,0.7695,4.0392,40.13,60.4,1.457,pass,0.1296,low
BINSP-00979,1.4276,4.6511,46.26,57.85,1.197,pass,0.2447,low
BINSP-00980,1.0438,3.1364,51.68,60.04,1.269,pass,0.1734,low
BINSP-00981,0.8754,3.6376,47.63,62.86,2.374,pass,0.1844,low
BINSP-00982,1.3536,4.99,56.49,59.71,2.812,pass,0.2722,medium
BINSP-00983,0.9129,5.0663,49.4,59.22,3.09,pass,0.2291,low
BINSP-00984,1.1043,5.2475,47.23,57.67,1.01,pass,0.2374,low
BINSP-00985,0.8664,4.0697,52.09,60.45,2.784,pass,0.1927,low
BINSP-00986,0.7469,4.1711,49.77,61.1,2.791,pass,0.1718,low
BINSP-00987,1.4127,5.0818,52.53,59.5,2.432,pass,0.2635,medium
BINSP-00988,1.1352,4.9787,46.97,56.98,3.728,pass,0.2763,medium
BINSP-00989,1.1928,5.7022,51.86,63.37,3.7,pass,0.2862,medium
BINSP-00990,0.5887,3.9483,50.44,61.9,1.907,pass,0.1597,low
BINSP-00991,1.0647,4.1995,53.85,59.61,2.479,pass,0.2244,low
BINSP-00992,1.0556,5.0179,47.82,59.22,3.027,pass,0.2322,low
BINSP-00993,1.1913,5.4735,50.82,57.97,4.147,pass,0.2934,medium
BINSP-00994,0.9163,3.8924,46.95,62.97,2.638,pass,0.195,low
BINSP-00995,0.9533,3.6667,48.54,60.45,2.62,pass,0.177,low
BINSP-00996,0.9206,3.7197,51.15,60.22,1.857,pass,0.1787,low
BINSP-00997,0.686,3.8116,56.66,58.28,2.009,pass,0.2134,low
BINSP-00998,0.5778,4.8498,45.62,58.91,3.081,pass,0.1925,low
BINSP-00999,0.4943,5.7305,47.85,64.88,3.567,pass,0.2444,low
BINSP-01000,0.4508,3.5085,47.79,60.08,2.726,pass,0.1421,low
BINSP-01001,1.1042,5.1057,48.22,59.42,4.794,pass,0.257,medium
BINSP-01002,0.6074,3.3636,54.54,61.91,2.992,pass,0.1763,low
BINSP-01003,0.6495,4.5037,50.08,64.41,0.919,pass,0.1996,low
BINSP-01004,1.255,4.9934,57.88,61.32,3.392,pass,0.2625,medium
BINSP-01005,0.3885,3.9761,50.96,59.08,0.983,pass,0.1519,low
BINSP-01006,1.061,4.9119,51.66,61.31,2.149,pass,0.2109,low
BINSP-01007,0.8734,4.9345,52.34,62.61,2.662,pass,0.2259,low
BINSP-01008,0.7789,3.3426,51.1,62.58,1.803,pass,0.1724,low
BINSP-01009,0.5925,5.4205,44.57,58.52,2.92,pass,0.2054,low
BINSP-01010,0.8431,3.8928,47.56,62.74,3.357,pass,0.197,low
BINSP-01011,0.622,3.8529,52.51,63.71,1.916,pass,0.1944,low
BINSP-01012,0.7573,4.5386,52.4,58.78,3.172,pass,0.2251,low
BINSP-01013,0.4516,3.6487,45.87,59.67,3.61,pass,0.1553,low
BINSP-01014,0.6814,2.7913,49.24,60.98,3.417,pass,0.144,low
BINSP-01015,0.7398,5.6462,47.38,61.12,2.362,pass,0.1878,low
BINSP-01016,1.075,4.6032,43.83,59.91,1.683,pass,0.1852,low
BINSP-01017,1.0855,5.005,53.24,59.99,2.926,pass,0.2397,low
BINSP-01018,1.0742,5.0896,43.05,64.96,3.026,pass,0.2515,medium
BINSP-01019,1.2508,5.7152,51.41,60.87,3.798,pass,0.2567,medium
BINSP-01020,0.9899,4.378,44.07,61.4,3.302,pass,0.1846,low
BINSP-01021,0.8543,4.8372,50.92,59.67,2.36,pass,0.2099,low
BINSP-01022,1.2133,6.251,50.63,63.53,4.016,pass,0.3008,medium
BINSP-01023,0.7134,4.3387,44.61,61.07,2.479,pass,0.151,low
BINSP-01024,1.2695,5.1908,54.22,60.72,3.415,pass,0.2548,medium
BINSP-01025,0.6719,4.546,45.67,55.5,2.98,pass,0.2433,low
BINSP-01026,0.8066,4.1844,49.17,60.67,1.725,pass,0.165,low
BINSP-01027,0.8027,3.6136,55.1,60.96,3.872,pass,0.1947,low
BINSP-01028,0.8233,4.3233,50.76,64.13,1.852,pass,0.2178,low
BINSP-01029,0.6126,3.9788,49.55,58.86,1.789,pass,0.1762,low
BINSP-01030,0.8952,5.059,53.54,62.78,2.11,pass,0.2298,low
BINSP-01031,0.8901,6.0531,46.85,61.53,3.201,pass,0.2212,low
BINSP-01032,1.1081,3.5689,51.31,60.58,4.335,pass,0.214,low
BINSP-01033,1.2412,4.7026,50.57,60.08,3.335,pass,0.2393,low
BINSP-01034,1.0377,6.3757,50.57,58.07,3.561,pass,0.2911,medium
BINSP-01035,0.8509,3.5994,50.33,62.45,2.441,pass,0.1857,low
BINSP-01036,0.868,4.6247,48.61,62.58,2.238,pass,0.2011,low
BINSP-01037,1.176,5.4784,44.21,59.8,2.213,pass,0.2193,low
BINSP-01038,1.1174,4.9044,42.5,60.28,2.902,pass,0.1989,low
BINSP-01039,1.0129,4.7784,50.25,61.06,2.425,pass,0.1995,low
BINSP-01040,1.0968,5.2524,49.67,64.2,3.882,pass,0.2777,medium
BINSP-01041,1.2349,4.3376,50.61,61.26,2.205,pass,0.2081,low
BINSP-01042,1.0283,3.8512,53.8,60.07,4.114,pass,0.2274,low
BINSP-01043,0.8232,4.6841,45.96,57.63,2.732,pass,0.2229,low
BINSP-01044,0.8706,4.0585,54.05,60.98,2.842,pass,0.1922,low
BINSP-01045,1.4106,4.6607,56.19,61.97,3.453,pass,0.2716,medium
BINSP-01046,0.8629,2.8448,48.8,58.21,1.865,pass,0.1795,low
BINSP-01047,0.9426,4.7387,50.0,60.62,2.002,pass,0.1926,low
BINSP-01048,1.0233,4.2997,53.17,65.42,3.963,pass,0.2844,medium
BINSP-01049,1.1886,4.9938,46.61,60.48,2.302,pass,0.2095,low
BINSP-01050,0.9048,4.635,49.15,61.69,2.285,pass,0.193,low
BINSP-01051,1.2224,4.3673,48.56,60.48,2.924,pass,0.2134,low
BINSP-01052,1.0242,3.8786,47.53,60.28,1.887,pass,0.1766,low
BINSP-01053,0.7636,3.4523,48.87,61.94,2.237,pass,0.1614,low
BINSP-01054,0.6797,3.9391,47.92,62.59,2.365,pass,0.1733,low
BINSP-01055,0.7882,5.4,56.45,63.44,4.508,pass,0.2776,medium
BINSP-01056,1.025,4.0984,44.17,63.58,2.924,pass,0.2101,low
BINSP-01057,1.0714,4.407,43.58,63.18,2.248,pass,0.2034,low
BINSP-01058,1.2702,5.5603,59.04,58.59,3.718,pass,0.3141,medium
BINSP-01059,0.9656,3.8489,46.41,58.82,3.854,pass,0.2135,low
BINSP-01060,0.8139,4.2625,52.71,60.59,3.528,pass,0.2017,low
BINSP-01061,0.9678,2.6213,43.97,61.66,2.313,pass,0.1396,low
BINSP-01062,0.4433,4.3535,50.46,63.65,2.239,pass,0.1877,low
BINSP-01063,0.8705,3.9678,51.57,60.74,2.212,pass,0.178,low
BINSP-01064,0.8788,5.3075,48.64,62.72,2.318,pass,0.2187,low
BINSP-01065,1.1818,3.6986,51.37,60.66,3.386,pass,0.2095,low
BINSP-01066,1.0086,4.7261,52.44,59.56,2.438,pass,0.2264,low
BINSP-01067,0.8093,4.3353,50.93,67.05,2.053,pass,0.2639,medium
BINSP-01068,1.0307,3.4438,47.41,60.89,2.344,pass,0.1643,low
BINSP-01069,1.1779,5.3737,49.56,61.5,2.843,pass,0.2325,low
BINSP-01070,0.7685,5.6909,47.16,59.74,2.146,pass,0.2045,low
BINSP-01071,0.792,4.4948,51.19,62.86,2.719,pass,0.2117,low
BINSP-01072,0.9825,5.623,49.75,61.94,2.753,pass,0.2296,low
BINSP-01073,0.7697,5.0346,54.06,60.74,2.415,pass,0.203,low
BINSP-01074,0.6798,5.0792,53.23,62.06,3.142,pass,0.2154,low
BINSP-01075,1.0445,4.8863,48.22,56.41,3.325,pass,0.2759,medium
BINSP-01076,0.7862,4.4538,46.56,58.4,2.433,pass,0.2025,low
BINSP-01077,0.8531,4.4619,46.95,60.76,2.707,pass,0.1768,low
BINSP-01078,0.6257,4.3282,49.15,59.32,2.929,pass,0.1896,low
BINSP-01079,1.0243,4.2461,51.92,62.21,2.479,pass,0.2132,low
BINSP-01080,0.8986,4.8488,53.1,61.68,1.97,pass,0.2063,low
BINSP-01081,1.1242,4.5424,51.93,57.1,3.249,pass,0.2759,medium
BINSP-01082,0.8882,3.9396,47.41,59.3,2.822,pass,0.1936,low
BINSP-01083,0.3634,4.1095,45.24,63.73,2.283,pass,0.1612,low
BINSP-01084,0.5492,5.3241,47.93,61.41,4.23,pass,0.1964,low
BINSP-01085,1.227,5.6844,57.31,60.38,3.818,pass,0.282,medium
BINSP-01086,0.4873,2.5289,45.51,59.63,2.706,pass,0.1239,low
BINSP-01087,0.9615,4.4333,52.66,59.06,3.077,pass,0.2331,low
BINSP-01088,0.9525,5.4105,53.76,61.92,3.48,pass,0.2454,low
BINSP-01089,0.8301,4.371,47.52,59.87,1.446,pass,0.1734,low
BINSP-01090,0.6902,5.0873,49.95,58.97,2.464,pass,0.2117,low
BINSP-01091,0.9744,4.5881,51.71,59.19,1.574,pass,0.214,low
BINSP-01092,1.0192,5.0115,51.81,57.54,2.096,pass,0.257,medium
BINSP-01093,0.8316,5.8165,49.17,62.19,1.679,pass,0.2117,low
BINSP-01094,0.7472,3.1509,46.32,60.69,3.435,pass,0.1506,low
BINSP-01095,0.7393,5.0157,53.4,57.61,2.698,pass,0.2486,low
BINSP-01096,1.085,5.6819,47.58,60.78,3.643,pass,0.2308,low
BINSP-01097,1.1098,4.3502,55.75,59.53,2.78,pass,0.2419,low
BINSP-01098,0.7727,5.2621,49.77,64.0,2.561,pass,0.2362,low
BINSP-01099,1.1445,3.7182,47.67,60.93,3.177,pass,0.1882,low
BINSP-01100,0.9266,3.0834,47.21,60.04,2.321,pass,0.1614,low
BINSP-01101,1.075,4.8945,55.45,64.02,2.67,pass,0.2712,medium
BINSP-01102,0.5491,4.2847,48.99,60.53,2.799,pass,0.1629,low
BINSP-01103,0.5089,4.6,46.62,62.38,3.327,pass,0.1783,low
BINSP-01104,0.8084,5.1589,52.24,61.85,2.864,pass,0.2164,low
BINSP-01105,0.7873,5.3374,47.63,58.13,2.303,pass,0.2265,low
BINSP-01106,0.5669,6.6704,50.2,64.4,1.753,pass,0.2473,low
BINSP-01107,0.9327,6.8696,49.62,61.49,2.817,pass,0.2446,low
BINSP-01108,1.4277,4.9099,48.94,58.64,3.333,pass,0.2728,medium
BINSP-01109,0.7069,4.2673,48.33,60.06,3.811,pass,0.1908,low
BINSP-01110,0.8693,4.8268,51.88,58.31,3.183,pass,0.2443,low
BINSP-01111,0.7382,4.2154,49.16,57.76,1.816,pass,0.2054,low
BINSP-01112,0.8033,4.5806,58.47,59.02,1.869,pass,0.2306,low
BINSP-01113,0.513,4.118,49.2,60.69,2.64,pass,0.1534,low
BINSP-01114,1.2812,5.8786,51.79,58.27,3.057,pass,0.2936,medium
BINSP-01115,0.9594,4.0221,52.76,61.14,2.106,pass,0.1864,low
BINSP-01116,0.8662,5.2549,53.82,62.51,3.594,pass,0.2465,low
BINSP-01117,1.217,4.3501,55.41,58.29,2.599,pass,0.2649,medium
BINSP-01118,1.0374,4.9626,44.82,62.68,3.409,pass,0.2227,low
BINSP-01119,1.4191,6.2992,56.29,62.54,3.286,pass,0.312,medium
BINSP-01120,0.9762,3.9657,48.3,62.86,3.376,pass,0.2124,low
BINSP-01121,1.0784,5.503,57.67,61.82,2.947,pass,0.2615,medium
BINSP-01122,1.3608,5.5995,53.35,63.66,2.665,pass,0.2932,medium
BINSP-01123,0.7458,4.2803,48.33,57.54,3.651,pass,0.2298,low
BINSP-01124,0.6606,3.9711,42.67,60.02,2.872,pass,0.1517,low
BINSP-01125,0.9969,5.5393,52.97,62.58,3.055,pass,0.2532,medium
BINSP-01126,0.6792,4.1451,48.12,59.26,0.395,pass,0.1567,low
BINSP-01127,0.8692,5.994,49.58,62.3,1.905,pass,0.2237,low
BINSP-01128,1.2579,4.423,54.26,60.46,3.144,pass,0.2393,low
BINSP-01129,0.7345,4.2723,51.07,59.78,2.981,pass,0.1964,low
BINSP-01130,0.7457,4.7312,49.4,61.36,2.431,pass,0.1812,low
BINSP-01131,0.5962,3.5119,46.59,61.41,2.757,pass,0.1412,low
BINSP-01132,0.8851,5.6021,52.85,63.72,2.889,pass,0.2611,medium
BINSP-01133,1.0483,5.2644,47.41,61.54,3.3,pass,0.2198,low
BINSP-01134,0.9386,5.4098,55.94,62.87,3.796,pass,0.2697,medium
BINSP-01135,1.0638,4.0539,48.11,66.2,3.105,pass,0.2666,medium
BINSP-01136,0.7977,4.1067,48.72,61.14,2.986,pass,0.1735,low
BINSP-01137,0.9801,4.5373,48.63,63.68,2.222,pass,0.2238,low
BINSP-01138,0.7978,4.3841,48.76,60.16,5.156,pass,0.2157,low
BINSP-01139,0.9458,4.701,51.51,60.06,1.933,pass,0.2048,low
BINSP-01140,1.0505,5.375,58.9,61.87,3.478,pass,0.2683,medium
BINSP-01141,1.0107,4.6152,53.74,62.06,3.534,pass,0.2362,low
BINSP-01142,0.9415,4.7416,53.36,61.68,2.557,pass,0.2151,low
BINSP-01143,1.0564,5.1979,53.53,58.73,2.795,pass,0.2597,medium
BINSP-01144,1.2736,5.1066,60.51,58.45,4.476,pass,0.3214,medium
BINSP-01145,0.908,4.5996,45.65,57.46,3.83,pass,0.2419,low
BINSP-01146,0.6739,3.4904,53.15,57.68,4.037,pass,0.2277,low
BINSP-01147,0.6385,4.0642,49.83,61.19,2.657,pass,0.1618,low
BINSP-01148,0.7552,4.2715,48.54,61.84,2.177,pass,0.1739,low
BINSP-01149,0.7874,5.9209,51.37,58.8,3.124,pass,0.2505,medium
BINSP-01150,0.9636,5.1842,49.04,61.4,3.606,pass,0.2193,low
BINSP-01151,0.3857,3.8087,46.65,62.03,1.726,pass,0.1294,low
BINSP-01152,1.0325,4.743,46.63,58.06,2.97,pass,0.2377,low
BINSP-01153,1.0221,4.0863,53.28,62.12,2.376,pass,0.2119,low
BINSP-01154,0.5554,3.671,48.01,63.21,2.177,pass,0.1663,low
BINSP-01155,1.0451,4.8437,48.82,61.61,3.605,pass,0.2208,low
BINSP-01156,0.8503,6.6046,56.09,61.28,2.135,pass,0.244,low
BINSP-01157,0.6174,4.3426,48.1,58.65,2.126,pass,0.1861,low
BINSP-01158,0.9503,4.6731,50.6,57.03,3.373,pass,0.2642,medium
BINSP-01159,0.8617,3.9454,51.22,59.11,1.665,pass,0.1937,low
BINSP-01160,0.8034,2.7063,52.63,65.74,3.784,pass,0.2377,low
BINSP-01161,0.928,4.64,50.68,54.62,2.809,pass,0.2915,medium
BINSP-01162,0.4185,4.778,53.2,58.27,1.859,pass,0.2004,low
BINSP-01163,0.8662,5.179,42.09,62.1,3.276,pass,0.1952,low
BINSP-01164,1.0969,5.2073,56.31,59.39,2.074,pass,0.2537,medium
BINSP-01165,0.6528,5.2602,44.19,61.59,2.811,pass,0.1755,low
BINSP-01166,0.6839,4.5563,49.34,59.25,3.589,pass,0.2078,low
BINSP-01167,0.7156,4.519,49.96,58.7,4.039,pass,0.2251,low
BINSP-01168,1.1766,5.5418,47.98,61.85,4.005,pass,0.2496,low
BINSP-01169,0.665,2.6903,47.13,59.04,3.501,pass,0.1637,low
BINSP-01170,0.7654,3.1873,51.47,61.7,3.123,pass,0.1722,low
BINSP-01171,0.8815,6.1889,53.34,60.55,3.361,pass,0.2459,low
BINSP-01172,0.737,3.6203,47.8,62.8,3.83,pass,0.1913,low
BINSP-01173,1.0709,5.1235,54.18,58.87,3.361,pass,0.2662,medium
BINSP-01174,1.0663,5.4693,43.66,63.0,2.904,pass,0.2297,low
BINSP-01175,1.1232,3.5623,49.99,61.4,3.866,pass,0.2046,low
BINSP-01176,1.3371,3.7245,54.52,64.5,3.541,pass,0.2811,medium
BINSP-01177,0.844,4.0355,48.57,61.55,2.457,pass,0.1746,low
BINSP-01178,0.5277,4.3722,45.71,62.52,0.935,pass,0.1454,low
BINSP-01179,1.2901,4.5138,50.53,61.33,2.356,pass,0.2182,low
BINSP-01180,1.0191,4.5706,52.95,62.13,5.1,pass,0.2532,medium
BINSP-01181,1.1251,4.9448,48.41,62.44,3.368,pass,0.2367,low
BINSP-01182,0.7475,5.117,48.18,61.54,2.605,pass,0.1896,low
BINSP-01183,1.1923,4.5273,59.41,60.43,4.031,pass,0.2652,medium
BINSP-01184,1.0515,4.6994,54.41,61.92,1.73,pass,0.2193,low
BINSP-01185,0.8464,5.0726,48.25,57.79,3.856,pass,0.2512,medium
BINSP-01186,0.8959,4.6456,54.99,60.44,2.647,pass,0.2147,low
BINSP-01187,0.6466,4.4806,52.06,61.82,1.32,pass,0.1718,low
BINSP-01188,0.8009,5.249,51.32,63.56,3.019,pass,0.2421,low
BINSP-01189,0.6048,5.0493,52.1,61.32,3.821,pass,0.2028,low
BINSP-01190,0.9268,4.8258,46.16,60.65,2.214,pass,0.1823,low
BINSP-01191,0.9395,5.1955,53.12,63.67,2.736,pass,0.2553,medium
BINSP-01192,0.725,4.2301,55.58,61.31,3.571,pass,0.2035,low
BINSP-01193,0.4613,3.1916,43.5,64.1,4.461,pass,0.1756,low
BINSP-01194,0.6977,2.8209,44.62,58.56,2.258,pass,0.1524,low
BINSP-01195,1.3452,4.8239,53.16,60.77,4.698,pass,0.2639,medium
BINSP-01196,0.7154,4.5509,39.92,58.98,3.548,pass,0.1816,low
BINSP-01197,0.706,3.6764,50.17,58.43,2.087,pass,0.1889,low
BINSP-01198,1.242,4.6383,48.32,61.92,2.454,pass,0.2198,low
BINSP-01199,0.7118,5.2995,50.15,58.0,2.764,pass,0.2363,low
BINSP-01200,0.9457,5.0378,50.68,60.43,2.769,pass,0.2131,low
BINSP-01201,0.8553,3.3563,53.11,60.59,1.727,pass,0.1664,low
BINSP-01202,1.035,4.6133,49.88,61.87,2.671,pass,0.2117,low
BINSP-01203,1.0295,5.7173,47.61,62.74,2.43,pass,0.2358,low
BINSP-01204,0.7751,3.9464,43.91,63.49,3.044,pass,0.1883,low
BINSP-01205,0.6475,2.8148,48.44,59.98,2.685,pass,0.1455,low
BINSP-01206,1.183,5.9415,49.68,61.02,3.093,pass,0.2404,low
BINSP-01207,0.8037,4.9265,48.58,57.65,3.602,pass,0.2454,low
BINSP-01208,1.0598,5.2924,56.16,63.38,3.062,pass,0.2756,medium
BINSP-01209,1.296,5.0686,57.31,60.05,4.371,pass,0.2861,medium
BINSP-01210,1.1759,4.2416,54.0,62.33,3.262,pass,0.2422,low
BINSP-01211,0.8482,4.7854,49.42,57.24,3.312,pass,0.2512,medium
BINSP-01212,0.8634,4.3314,48.2,62.5,3.19,pass,0.2037,low
BINSP-01213,1.0099,4.5629,47.24,64.43,3.684,pass,0.2504,medium
BINSP-01214,1.0228,4.1343,47.21,59.94,1.719,pass,0.1837,low
BINSP-01215,0.9939,4.831,51.95,60.82,3.578,pass,0.2206,low
BINSP-01216,0.9769,4.173,50.73,64.96,3.425,pass,0.257,medium
BINSP-01217,0.5866,4.0448,46.92,62.04,1.503,pass,0.1468,low
BINSP-01218,0.6472,4.5049,45.44,61.3,2.047,pass,0.1507,low
BINSP-01219,1.0269,4.0961,51.63,59.2,3.37,pass,0.229,low
BINSP-01220,0.7857,4.685,41.44,58.33,3.838,pass,0.2078,low
BINSP-01221,0.8419,4.3115,50.29,61.94,2.283,pass,0.1896,low
BINSP-01222,0.7321,5.1302,46.05,60.76,3.179,pass,0.184,low
BINSP-01223,0.5972,4.0239,47.85,61.72,2.676,pass,0.1596,low
BINSP-01224,1.3272,5.6097,50.47,65.16,4.186,pass,0.322,medium
BINSP-01225,0.8691,5.7704,55.67,65.49,3.84,pass,0.3108,medium
BINSP-01226,0.8694,3.8929,53.0,62.93,2.027,pass,0.2042,low
BINSP-01227,1.253,4.5614,49.88,58.92,3.001,pass,0.2483,low
BINSP-01228,0.962,6.0643,51.1,63.7,1.496,pass,0.253,medium
BINSP-01229,1.0273,3.3481,46.83,61.22,3.419,pass,0.1747,low
BINSP-01230,0.8562,4.7219,44.45,62.26,2.91,pass,0.1914,low
BINSP-01231,0.9689,5.5264,56.15,61.53,3.364,pass,0.2496,low
BINSP-01232,1.0649,7.0734,58.82,63.95,2.989,pass,0.3283,medium
BINSP-01233,1.2012,5.9918,55.17,57.85,2.235,pass,0.298,medium
BINSP-01234,1.063,6.0385,50.41,56.0,4.405,pass,0.3266,medium
BINSP-01235,1.1309,4.4079,48.26,62.85,2.802,pass,0.2252,low
BINSP-01236,1.1271,5.0604,50.09,59.3,3.146,pass,0.246,low
BINSP-01237,0.8358,5.5001,44.02,57.6,3.188,pass,0.2395,low
BINSP-01238,1.0798,4.3538,50.96,59.28,3.29,pass,0.2335,low
BINSP-01239,0.704,3.9134,50.49,57.47,2.037,pass,0.2083,low
BINSP-01240,0.9043,4.4906,43.39,62.29,2.102,pass,0.1774,low
BINSP-01241,0.9282,4.8197,50.06,61.63,2.803,pass,0.2067,low
BINSP-01242,0.8516,6.0247,51.06,63.73,1.932,pass,0.2498,low
BINSP-01243,1.1402,5.4384,58.82,64.77,2.404,pass,0.3062,medium
BINSP-01244,0.7405,4.1939,52.32,60.41,1.943,pass,0.1776,low
BINSP-01245,1.0268,3.4388,47.5,58.59,2.671,pass,0.2027,low
BINSP-01246,0.7863,3.3268,48.61,61.22,2.002,pass,0.1461,low
BINSP-01247,0.903,6.0445,51.69,62.38,2.463,pass,0.2422,low
BINSP-01248,0.8517,4.3755,49.58,62.1,3.079,pass,0.2011,low
BINSP-01249,0.8741,4.447,49.1,59.09,2.44,pass,0.207,low
BINSP-01250,0.9272,4.4788,59.3,57.19,3.474,pass,0.2869,medium
BINSP-01251,0.621,5.1885,47.58,64.26,2.172,pass,0.2156,low
BINSP-01252,0.5623,2.53,45.91,57.37,2.912,pass,0.1671,low
BINSP-01253,0.8427,2.9343,51.91,62.27,2.333,pass,0.1732,low
BINSP-01254,0.6881,2.3185,48.26,60.91,1.288,pass,0.1071,low
BINSP-01255,0.9448,5.417,51.09,61.73,2.387,pass,0.2199,low
BINSP-01256,1.1165,5.5886,46.85,62.99,2.313,pass,0.2392,low
BINSP-01257,0.6578,3.9178,53.15,59.37,3.646,pass,0.205,low
BINSP-01258,0.8775,2.9223,47.63,61.98,2.964,pass,0.1641,low
BINSP-01259,0.7146,4.5231,50.1,57.89,2.855,pass,0.2236,low
BINSP-01260,0.5638,3.7709,48.96,61.06,2.766,pass,0.147,low
BINSP-01261,1.3722,5.1154,47.56,62.74,3.342,pass,0.2591,medium
BINSP-01262,1.2103,4.3764,49.23,60.28,2.732,pass,0.2158,low
BINSP-01263,0.8653,4.6672,51.2,64.72,3.334,pass,0.2558,medium
BINSP-01264,1.1236,5.9177,44.15,57.93,3.728,pass,0.2705,medium
BINSP-01265,0.7037,4.4316,50.07,58.83,3.677,pass,0.2166,low
BINSP-01266,0.6432,3.2438,48.81,60.07,1.627,pass,0.141,low
BINSP-01267,1.0676,4.2432,49.63,64.5,2.402,pass,0.242,low
BINSP-01268,1.3007,4.7427,53.02,63.4,1.595,pass,0.2538,medium
BINSP-01269,0.7837,4.4127,49.47,61.48,2.45,pass,0.1798,low
BINSP-01270,0.7032,3.5587,50.98,63.11,2.412,pass,0.186,low
BINSP-01271,0.5045,5.017,49.35,64.01,2.538,pass,0.2105,low
BINSP-01272,0.8645,5.4181,53.69,62.1,2.478,pass,0.2295,low
BINSP-01273,0.9286,5.7789,47.02,59.17,3.801,pass,0.2456,low
BINSP-01274,0.7789,4.3251,51.08,62.3,2.811,pass,0.1998,low
BINSP-01275,1.1082,4.2089,54.69,62.91,3.817,pass,0.2544,medium
BINSP-01276,0.9342,3.6383,52.32,61.16,2.012,pass,0.1747,low
BINSP-01277,1.0773,4.1243,54.72,64.57,2.668,pass,0.2617,medium
BINSP-01278,0.6711,3.2612,53.62,60.18,2.051,pass,0.1631,low
BINSP-01279,1.211,4.8274,50.73,65.06,2.774,pass,0.2805,medium
BINSP-01280,1.0727,5.8707,56.19,61.87,2.956,pass,0.2643,medium
BINSP-01281,1.0103,4.01,57.11,59.96,1.574,pass,0.2116,low
BINSP-01282,0.8367,5.7552,44.38,62.83,1.942,pass,0.2074,low
BINSP-01283,0.8604,5.2406,50.43,53.82,3.033,pass,0.3126,medium
BINSP-01284,0.8206,5.538,56.44,59.02,4.653,pass,0.2775,medium
BINSP-01285,0.3095,5.543,49.08,64.15,2.503,pass,0.2079,low
BINSP-01286,1.0414,4.524,56.22,64.14,3.063,pass,0.2705,medium
BINSP-01287,1.1932,5.1894,54.38,58.29,3.576,pass,0.2881,medium
BINSP-01288,1.0862,4.512,50.56,63.04,2.899,pass,0.2359,low
BINSP-01289,0.984,4.3997,54.44,61.67,1.999,pass,0.2081,low
BINSP-01290,0.8358,4.1122,45.49,59.58,3.821,pass,0.1946,low
BINSP-01291,0.7722,5.1352,52.2,60.94,1.819,pass,0.1888,low
BINSP-01292,0.8772,3.305,48.25,60.63,2.728,pass,0.1619,low
BINSP-01293,0.8762,4.6338,46.18,61.62,2.075,pass,0.1773,low
BINSP-01294,0.5547,3.7036,53.94,61.61,3.107,pass,0.1742,low
BINSP-01295,0.7124,5.0403,49.67,58.97,3.973,pass,0.2294,low
BINSP-01296,0.8719,3.1192,53.08,65.23,2.9,pass,0.2341,low
BINSP-01297,0.6536,4.1102,50.09,55.73,1.807,pass,0.2306,low
BINSP-01298,0.7284,5.1712,47.55,61.57,2.824,pass,0.1904,low
BINSP-01299,0.8439,4.5518,47.97,59.09,2.031,pass,0.1982,low
BINSP-01300,1.1286,4.9767,51.06,59.97,3.219,pass,0.2386,low
BINSP-01301,0.8591,3.6485,51.91,62.08,2.591,pass,0.1888,low
BINSP-01302,0.4126,3.4091,44.78,62.65,2.529,pass,0.1359,low
BINSP-01303,0.8034,2.5849,52.93,62.85,2.33,pass,0.1755,low
BINSP-01304,1.2379,5.3378,48.88,61.58,3.239,pass,0.2397,low
BINSP-01305,0.9915,5.3034,58.47,61.56,2.612,pass,0.246,low
BINSP-01306,1.0059,5.6096,40.1,62.03,3.283,pass,0.2061,low
BINSP-01307,0.6769,5.3261,46.23,65.26,2.731,pass,0.2395,low
BINSP-01308,0.7267,4.1568,45.02,61.58,3.216,pass,0.1663,low
BINSP-01309,0.5917,4.8862,43.32,60.79,2.455,pass,0.1508,low
BINSP-01310,0.7956,3.3855,48.26,66.19,1.902,pass,0.2201,low
BINSP-01311,0.6446,4.292,50.76,61.68,2.446,pass,0.1747,low
BINSP-01312,0.7795,6.1449,55.54,66.69,3.812,pass,0.3292,medium
BINSP-01313,0.8454,4.4191,51.03,58.04,1.981,pass,0.2212,low
BINSP-01314,0.8495,4.1035,46.14,61.04,2.489,pass,0.161,low
BINSP-01315,0.9856,5.2164,53.3,63.25,2.894,pass,0.2552,medium
BINSP-01316,1.1895,5.5075,46.02,64.03,2.629,pass,0.2595,medium
BINSP-01317,0.7299,2.8613,53.86,60.2,1.752,pass,0.1562,low
BINSP-01318,1.0446,5.0387,49.52,62.58,3.87,pass,0.2446,low
BINSP-01319,0.7559,3.6208,52.67,58.4,2.898,pass,0.21,low
BINSP-01320,0.8325,4.5288,47.79,60.77,2.693,pass,0.1791,low
BINSP-01321,0.3931,5.3506,49.27,64.32,0.837,pass,0.1932,low
BINSP-01322,0.913,4.0701,47.94,64.25,2.195,pass,0.2155,low
BINSP-01323,0.9437,3.9902,52.21,66.05,4.082,pass,0.2802,medium
BINSP-01324,0.4992,4.9807,49.27,59.61,2.139,pass,0.1801,low
BINSP-01325,1.3688,5.2561,51.17,61.79,2.487,pass,0.2494,low
BINSP-01326,0.6556,5.1826,48.89,61.05,2.32,pass,0.1761,low
BINSP-01327,1.0485,4.4024,52.73,60.43,3.425,pass,0.2227,low
BINSP-01328,0.8626,3.0557,54.08,59.11,4.155,pass,0.2155,low
BINSP-01329,1.4432,6.3385,58.59,59.57,2.873,pass,0.3156,medium
BINSP-01330,1.1891,6.8019,56.33,62.37,3.169,pass,0.3017,medium
BINSP-01331,1.0623,5.5893,48.91,56.29,2.677,pass,0.2875,medium
BINSP-01332,1.3626,4.8851,50.78,61.82,3.098,pass,0.2479,low
BINSP-01333,1.4403,4.7025,51.46,61.43,3.341,pass,0.2492,low
BINSP-01334,0.6586,4.1704,48.54,61.34,3.503,pass,0.1735,low
BINSP-01335,0.5924,4.5835,44.46,59.17,2.233,pass,0.1702,low
BINSP-01336,1.4792,5.7829,54.86,63.39,3.246,pass,0.3134,medium
BINSP-01337,1.0464,5.7539,53.92,60.14,2.861,pass,0.2512,medium
BINSP-01338,0.9329,3.6493,41.7,60.52,1.63,pass,0.139,low
BINSP-01339,0.7626,5.6072,48.14,59.78,3.925,pass,0.2265,low
BINSP-01340,0.7739,4.4737,49.73,61.93,2.214,pass,0.1851,low
BINSP-01341,0.2806,3.1757,43.18,59.46,3.826,pass,0.1303,low
BINSP-01342,0.5772,3.0555,44.66,61.29,0.942,pass,0.1007,low
BINSP-01343,0.5188,4.3893,44.85,58.53,1.574,pass,0.1642,low
BINSP-01344,0.8021,5.1016,56.4,61.37,4.387,pass,0.2399,low
BINSP-01345,1.088,3.6825,48.74,59.36,2.854,pass,0.2067,low
BINSP-01346,0.6365,5.0292,48.6,63.33,2.291,pass,0.2045,low
BINSP-01347,1.0997,4.8469,51.63,62.8,1.203,pass,0.2231,low
BINSP-01348,0.9246,1.6897,46.35,66.51,2.301,pass,0.1986,low
BINSP-01349,0.5909,4.0168,48.8,64.13,3.13,pass,0.2037,low
BINSP-01350,0.8329,5.3163,49.68,63.81,3.721,pass,0.2523,medium
BINSP-01351,0.6819,2.8746,42.56,62.28,1.685,pass,0.1212,low
BINSP-01352,0.8491,4.6843,54.46,64.32,2.949,pass,0.2554,medium
BINSP-01353,0.953,4.7504,53.07,61.04,2.3,pass,0.2024,low
BINSP-01354,1.1022,4.8747,51.04,56.6,4.514,pass,0.3007,medium
BINSP-01355,0.5441,4.3024,47.58,64.28,2.637,pass,0.1983,low
BINSP-01356,1.1588,4.5054,41.49,64.28,3.471,pass,0.2356,low
BINSP-01357,1.1705,4.1124,46.98,58.99,3.275,pass,0.2258,low
BINSP-01358,1.0546,4.7556,47.31,59.09,2.349,pass,0.219,low
BINSP-01359,1.0687,6.2236,50.56,65.52,4.561,pass,0.3261,medium
BINSP-01360,0.8655,3.6663,53.23,59.64,3.061,pass,0.2041,low
BINSP-01361,0.7705,3.552,45.31,61.67,2.509,pass,0.1511,low
BINSP-01362,0.8467,4.5992,49.26,61.4,2.44,pass,0.186,low
BINSP-01363,0.978,5.0663,51.43,61.96,3.434,pass,0.2325,low
BINSP-01364,0.8583,4.1095,50.31,62.37,2.283,pass,0.1933,low
BINSP-01365,1.0168,4.8575,45.07,62.0,3.074,pass,0.2057,low
BINSP-01366,1.1056,4.4606,41.85,60.39,1.679,pass,0.1706,low
BINSP-01367,0.8475,5.0536,53.07,61.27,2.647,pass,0.2086,low
BINSP-01368,1.1751,4.7264,51.26,62.35,3.329,pass,0.2437,low
BINSP-01369,1.2159,3.6467,52.62,59.69,3.239,pass,0.228,low
BINSP-01370,1.1419,5.0868,50.63,60.12,2.798,pass,0.233,low
BINSP-01371,1.015,4.1644,51.2,60.53,2.743,pass,0.2006,low
BINSP-01372,0.6389,4.148,51.83,63.5,3.318,pass,0.2128,low
BINSP-01373,0.8438,3.7387,47.48,61.34,2.116,pass,0.1578,low
BINSP-01374,0.6414,5.4693,50.93,61.65,2.187,pass,0.1952,low
BINSP-01375,0.8127,3.7532,45.65,61.12,3.787,pass,0.1665,low
BINSP-01376,0.8786,4.1087,49.86,58.48,3.089,pass,0.2201,low
BINSP-01377,0.4367,4.874,47.96,64.42,3.052,pass,0.2105,low
BINSP-01378,0.979,5.0514,46.76,60.02,1.362,pass,0.1919,low
BINSP-01379,1.1862,5.5839,47.67,61.46,3.864,pass,0.2426,low
BINSP-01380,0.7624,4.4891,53.05,60.95,1.651,pass,0.1758,low
BINSP-01381,1.0086,3.4471,46.82,62.96,3.648,pass,0.2042,low
BINSP-01382,1.1868,4.843,46.15,61.86,3.587,pass,0.2253,low
BINSP-01383,1.0185,4.2221,50.45,60.53,3.657,pass,0.2105,low
BINSP-01384,1.2009,4.6382,59.63,56.61,2.239,pass,0.3046,medium
BINSP-01385,0.5485,4.6509,45.67,60.0,3.507,pass,0.1754,low
BINSP-01386,0.8351,4.0986,52.76,61.54,1.615,pass,0.1792,low
BINSP-01387,0.7173,4.1371,44.84,57.41,2.236,pass,0.1979,low
BINSP-01388,0.3676,3.7171,44.28,62.44,2.676,pass,0.1357,low
BINSP-01389,0.7541,3.3293,46.64,57.61,3.678,pass,0.2049,low
BINSP-01390,0.5797,3.4389,45.25,60.1,2.068,pass,0.1332,low
BINSP-01391,0.8923,4.4858,49.88,63.0,1.677,pass,0.2039,low
BINSP-01392,1.0003,4.2264,53.4,61.45,3.769,pass,0.2202,low
BINSP-01393,1.0564,3.8181,43.16,64.89,3.511,pass,0.23,low
BINSP-01394,1.5652,6.4153,59.58,60.04,4.711,pass,0.3442,medium
BINSP-01395,1.1128,4.7638,49.2,62.31,2.1,pass,0.2177,low
BINSP-01396,1.0466,6.5524,53.41,61.93,4.0,pass,0.28,medium
BINSP-01397,0.6524,4.859,45.88,63.81,3.007,pass,0.2088,low
BINSP-01398,0.9293,5.3441,52.03,60.82,3.014,pass,0.2197,low
BINSP-01399,1.0082,5.3549,45.62,65.94,4.463,pass,0.2926,medium
BINSP-01400,0.8406,6.4784,51.29,62.24,3.539,pass,0.2558,medium
BINSP-01401,0.8733,5.9119,54.08,61.21,4.014,pass,0.2465,low
BINSP-01402,0.8825,4.3744,48.58,57.36,1.635,pass,0.2207,low
BINSP-01403,0.9845,4.7601,48.68,62.56,2.421,pass,0.2142,low
BINSP-01404,0.8403,3.8905,47.39,58.65,3.227,pass,0.2037,low
BINSP-01405,0.8191,4.9343,49.43,66.13,3.032,pass,0.2693,medium
BINSP-01406,1.125,3.8821,51.02,60.23,1.293,pass,0.1893,low
BINSP-01407,1.0414,3.2922,43.22,60.11,2.847,pass,0.1655,low
BINSP-01408,0.956,5.0128,50.88,62.13,3.486,pass,0.2311,low
BINSP-01409,0.4558,3.165,39.4,60.46,1.562,pass,0.0877,low
BINSP-01410,0.9971,2.7516,42.5,63.59,3.266,pass,0.1796,low
BINSP-01411,0.5792,4.9589,55.94,62.04,4.107,pass,0.2263,low
BINSP-01412,0.6359,3.9612,50.49,60.64,2.41,pass,0.1614,low
BINSP-01413,0.9237,5.4708,51.79,58.58,2.673,pass,0.2506,medium
BINSP-01414,0.7528,4.4568,44.86,66.85,1.462,pass,0.2315,low
BINSP-01415,1.1272,5.7341,50.86,60.87,3.195,pass,0.2391,low
BINSP-01416,0.577,4.7155,44.34,59.55,2.576,pass,0.1697,low
BINSP-01417,1.3648,5.0434,52.25,54.57,3.618,pass,0.3466,medium
BINSP-01418,0.7968,5.2905,49.31,58.8,3.121,pass,0.2316,low
BINSP-01419,1.5565,4.3496,62.66,58.23,5.563,pass,0.3502,medium
BINSP-01420,0.6349,4.9228,53.59,60.14,2.782,pass,0.203,low
BINSP-01421,0.9292,4.8526,44.99,65.67,1.462,pass,0.2348,low
BINSP-01422,0.8278,3.8075,51.3,64.0,2.984,pass,0.2213,low
BINSP-01423,0.3262,4.6003,54.62,61.5,2.713,pass,0.1719,low
BINSP-01424,0.8145,4.8924,47.88,57.66,2.8,pass,0.2333,low
BINSP-01425,0.7752,6.3472,58.68,61.76,2.839,pass,0.258,medium
BINSP-01426,1.02,5.2757,50.14,62.88,3.274,pass,0.2472,low
BINSP-01427,0.7382,3.7263,52.56,61.02,2.179,pass,0.1631,low
BINSP-01428,1.454,5.5763,55.01,59.51,2.521,pass,0.2858,medium
BINSP-01429,0.9714,5.2315,52.84,60.68,3.896,pass,0.2359,low
BINSP-01430,1.1725,4.9276,58.59,62.92,3.227,pass,0.2797,medium
BINSP-01431,0.7245,5.1285,54.85,58.51,3.992,pass,0.2567,medium
BINSP-01432,0.7421,4.8662,51.91,58.37,1.799,pass,0.2185,low
BINSP-01433,1.0285,5.2587,55.0,64.81,2.451,pass,0.2829,medium
BINSP-01434,0.8406,4.2997,50.62,59.23,3.635,pass,0.2191,low
BINSP-01435,0.6151,3.7421,50.84,57.72,2.886,pass,0.2062,low
BINSP-01436,0.9612,3.7426,47.65,61.03,3.258,pass,0.1758,low
BINSP-01437,1.1036,5.3266,49.38,58.53,1.462,pass,0.2386,low
BINSP-01438,1.063,4.5184,51.95,57.87,3.002,pass,0.2566,medium
BINSP-01439,1.1573,4.0497,49.56,61.67,2.209,pass,0.1996,low
BINSP-01440,0.538,4.2015,50.46,55.47,1.845,pass,0.2299,low
BINSP-01441,0.6217,4.6162,44.23,60.34,2.669,pass,0.1599,low
BINSP-01442,1.0195,3.7995,50.52,59.93,2.073,pass,0.1923,low
BINSP-01443,1.2406,5.0358,55.27,57.78,3.13,pass,0.2938,medium
BINSP-01444,1.1265,3.6331,56.18,61.89,3.19,pass,0.2265,low
BINSP-01445,0.8706,5.1615,51.49,59.55,4.511,pass,0.2472,low
BINSP-01446,0.8434,5.3099,48.85,62.35,3.16,pass,0.2214,low
BINSP-01447,0.7589,2.2363,57.47,62.77,2.981,pass,0.1873,low
BINSP-01448,1.1567,3.9681,55.27,60.46,3.201,pass,0.2271,low
BINSP-01449,1.3156,5.6362,54.8,60.04,5.767,pass,0.3073,medium
BINSP-01450,0.491,5.4721,53.25,58.61,3.377,pass,0.2326,low
BINSP-01451,0.8208,5.8702,45.32,59.28,2.908,pass,0.2217,low
BINSP-01452,0.7366,3.6302,54.17,59.81,1.879,pass,0.1806,low
BINSP-01453,0.8586,4.5312,50.82,60.0,2.035,pass,0.195,low
BINSP-01454,0.5776,4.0551,43.82,59.91,3.188,pass,0.1569,low
BINSP-01455,1.0362,5.1885,53.24,62.17,3.872,pass,0.2535,medium
BINSP-01456,0.7583,4.5829,49.19,59.09,3.328,pass,0.2124,low
BINSP-01457,1.0098,3.6009,43.89,63.66,2.71,pass,0.1966,low
BINSP-01458,0.5828,3.1366,50.45,62.02,4.34,pass,0.174,low
BINSP-01459,1.0174,4.5261,53.85,57.75,2.722,pass,0.2585,medium
BINSP-01460,0.6736,5.8732,47.57,60.97,3.472,pass,0.2002,low
BINSP-01461,0.7076,3.1017,41.75,62.77,1.346,pass,0.1281,low
BINSP-01462,0.7991,5.0525,46.75,63.25,3.003,pass,0.2177,low
BINSP-01463,0.8059,4.0928,52.77,61.72,3.832,pass,0.2063,low
BINSP-01464,1.025,5.0063,53.43,62.07,3.656,pass,0.2456,low
BINSP-01465,0.3451,3.3459,44.87,58.58,1.52,pass,0.1295,low
BINSP-01466,1.0817,4.2479,49.02,62.09,3.628,pass,0.2196,low
BINSP-01467,0.7582,3.0661,50.8,61.63,1.223,pass,0.1431,low
BINSP-01468,0.7437,4.7755,56.83,66.48,3.404,pass,0.2956,medium
BINSP-01469,0.7296,4.8244,49.65,58.61,3.323,pass,0.2238,low
BINSP-01470,1.0299,5.7893,54.0,58.75,4.777,pass,0.2947,medium
BINSP-01471,1.3206,4.0567,58.49,61.3,2.861,pass,0.2438,low
BINSP-01472,0.5673,4.8557,51.31,60.24,3.543,pass,0.1967,low
BINSP-01473,0.4924,1.8653,42.51,60.94,2.133,pass,0.0744,low
BINSP-01474,1.1686,4.8872,49.49,65.76,3.13,pass,0.2892,medium
BINSP-01475,0.7984,4.771,49.88,61.14,2.74,pass,0.1878,low
BINSP-01476,0.9609,5.7758,56.61,62.94,3.103,pass,0.2736,medium
BINSP-01477,0.7449,4.253,46.15,61.58,1.944,pass,0.1581,low
BINSP-01478,1.0661,5.4606,49.97,61.6,3.481,pass,0.2368,low
BINSP-01479,0.9958,4.724,51.22,56.71,3.406,pass,0.2758,medium
BINSP-01480,0.9709,4.9062,46.22,61.59,3.524,pass,0.2066,low
BINSP-01481,0.9487,4.4124,50.51,63.25,3.46,pass,0.2338,low
BINSP-01482,0.8445,3.9588,50.38,62.22,3.013,pass,0.196,low
BINSP-01483,1.0866,3.0489,51.54,63.41,2.785,pass,0.2142,low
BINSP-01484,0.9559,5.3676,48.47,62.15,4.373,pass,0.241,low
BINSP-01485,1.2352,4.5937,50.37,60.95,2.981,pass,0.2187,low
BINSP-01486,1.1135,5.1902,50.65,62.17,3.365,pass,0.2443,low
BINSP-01487,1.2511,5.7671,51.54,58.23,4.212,pass,0.3028,medium
BINSP-01488,1.0553,4.7023,50.46,60.54,4.118,pass,0.228,low
BINSP-01489,0.7995,3.3841,50.92,62.92,2.548,pass,0.1881,low
BINSP-01490,0.9415,4.213,52.13,60.22,3.79,pass,0.2167,low
BINSP-01491,0.6384,3.6556,43.63,62.98,1.931,pass,0.1508,low
BINSP-01492,0.9923,4.5696,52.6,60.27,2.555,pass,0.2135,low
BINSP-01493,0.6864,4.7211,42.19,61.14,2.634,pass,0.1515,low
BINSP-01494,1.1255,4.0795,43.76,64.78,2.051,pass,0.2229,low
BINSP-01495,0.7109,5.4603,52.3,60.31,1.825,pass,0.2008,low
BINSP-01496,0.5149,2.8269,51.74,60.45,1.835,pass,0.1303,low
BINSP-01497,0.7165,4.6242,48.99,63.64,2.604,pass,0.2119,low
BINSP-01498,1.1179,4.3137,48.05,65.09,2.713,pass,0.2541,medium
BINSP-01499,0.674,3.9537,48.87,62.39,2.235,pass,0.1719,low
BINSP-01500,1.3871,4.8898,50.74,56.33,3.348,pass,0.3104,medium
BINSP-01501,0.8592,4.843,43.95,60.06,1.891,pass,0.1754,low
BINSP-01502,1.0697,4.0326,48.61,59.96,2.948,pass,0.204,low
BINSP-01503,1.1761,6.3504,55.76,62.15,3.427,pass,0.2896,medium
BINSP-01504,0.6621,5.0945,47.85,60.49,2.501,pass,0.1803,low
BINSP-01505,0.7917,4.9211,54.19,63.73,4.226,pass,0.2616,medium
BINSP-01506,1.2305,4.4588,48.53,58.93,3.055,pass,0.2406,low
BINSP-01507,0.742,5.0112,41.14,61.24,2.322,pass,0.1555,low
BINSP-01508,0.7341,5.0394,46.67,63.11,3.499,pass,0.2163,low
BINSP-01509,0.9211,4.6893,49.12,62.07,2.756,pass,0.2065,low
BINSP-01510,0.8825,4.7177,51.88,58.57,0.835,pass,0.211,low
BINSP-01511,0.5287,4.3594,44.64,61.76,1.838,pass,0.1411,low
BINSP-01512,0.8003,2.8827,45.18,64.48,3.318,pass,0.1912,low
BINSP-01513,0.6317,4.8151,48.77,60.38,2.665,pass,0.1794,low
BINSP-01514,0.8284,6.1278,52.34,56.88,3.32,pass,0.292,medium
BINSP-01515,1.0278,4.0403,49.98,65.67,2.024,pass,0.2492,low
BINSP-01516,0.8096,3.7186,47.99,60.87,3.171,pass,0.1662,low
BINSP-01517,0.8692,4.9657,54.23,59.47,3.7,pass,0.2438,low
BINSP-01518,0.9746,3.4955,47.97,57.35,2.627,pass,0.2196,low
BINSP-01519,0.9765,6.2876,58.08,59.71,4.134,pass,0.2925,medium
BINSP-01520,0.9205,3.5494,50.2,62.07,2.79,pass,0.1877,low
BINSP-01521,0.6479,4.1103,47.12,62.03,2.979,pass,0.1707,low
BINSP-01522,1.0054,5.4254,52.03,58.86,2.463,pass,0.2496,low
BINSP-01523,1.0905,4.5594,54.81,61.5,3.766,pass,0.2387,low
BINSP-01524,0.9215,5.0824,49.53,59.17,3.646,pass,0.2379,low
BINSP-01525,1.1033,5.268,46.77,61.92,3.629,pass,0.2313,low
BINSP-01526,0.77,3.7708,43.58,60.17,1.093,pass,0.135,low
BINSP-01527,1.2021,4.3629,50.16,55.62,3.599,pass,0.2983,medium
BINSP-01528,0.9813,5.4239,49.1,60.73,1.528,pass,0.1987,low
BINSP-01529,1.2328,5.2688,44.04,60.01,2.191,pass,0.2152,low
BINSP-01530,0.8434,3.8507,42.81,64.31,2.699,pass,0.1958,low
BINSP-01531,1.1105,5.7143,49.92,62.41,2.423,pass,0.2443,low
BINSP-01532,0.706,5.7759,49.16,58.94,2.443,pass,0.224,low
BINSP-01533,1.1166,4.9535,55.3,58.67,2.779,pass,0.2658,medium
BINSP-01534,0.8532,6.1761,50.11,60.31,3.645,pass,0.2397,low
BINSP-01535,0.7864,4.5003,46.13,60.94,3.482,pass,0.1765,low
BINSP-01536,1.1585,3.6568,49.43,61.29,4.028,pass,0.2074,low
BINSP-01537,0.7085,3.679,45.12,61.35,1.3,pass,0.1293,low
BINSP-01538,0.8844,6.1395,54.66,61.64,3.41,pass,0.253,medium
BINSP-01539,0.9247,3.9268,51.94,65.36,2.877,pass,0.2518,medium
BINSP-01540,0.8324,3.6153,51.65,62.54,0.868,pass,0.1717,low
BINSP-01541,0.7843,3.3936,38.79,59.01,1.855,pass,0.1389,low
BINSP-01542,1.0022,6.3078,51.47,60.76,4.304,pass,0.2587,medium
BINSP-01543,1.5744,6.1819,62.96,59.73,3.392,pass,0.3405,medium
BINSP-01544,0.73,5.0598,45.66,67.28,2.39,pass,0.2623,medium
BINSP-01545,1.0736,5.8238,53.95,54.82,3.696,pass,0.3444,medium
BINSP-01546,0.6859,4.9059,46.85,60.88,2.697,pass,0.1714,low
BINSP-01547,1.2572,4.5411,47.6,62.58,3.897,pass,0.2437,low
BINSP-01548,0.7555,5.4965,39.53,60.05,3.071,pass,0.1803,low
BINSP-01549,0.5171,2.4689,48.61,62.26,3.601,pass,0.1445,low
BINSP-01550,0.9083,3.3962,50.42,62.82,3.594,pass,0.2055,low
BINSP-01551,1.1113,4.8532,51.35,61.76,2.402,pass,0.222,low
BINSP-01552,0.7254,4.2293,42.14,62.59,3.124,pass,0.172,low
BINSP-01553,0.9431,4.7017,48.15,60.7,3.388,pass,0.2011,low
BINSP-01554,0.602,4.2351,51.23,61.1,3.187,pass,0.1724,low
BINSP-01555,1.0169,5.2383,50.88,60.54,2.797,pass,0.2216,low
BINSP-01556,1.0847,3.6782,60.83,64.28,3.045,pass,0.2742,medium
BINSP-01557,0.7143,4.5425,48.07,64.86,2.881,pass,0.2286,low
BINSP-01558,0.8949,4.2411,45.36,57.15,2.558,pass,0.2223,low
BINSP-01559,1.158,5.5329,61.27,59.76,3.296,pass,0.2905,medium
BINSP-01560,0.698,3.0587,48.37,59.93,2.655,pass,0.1541,low
BINSP-01561,0.4731,3.0562,45.36,61.9,1.774,pass,0.1148,low
BINSP-01562,0.6275,3.3058,49.58,60.83,2.512,pass,0.143,low
BINSP-01563,1.2925,4.0618,53.2,57.72,3.761,pass,0.2795,medium
BINSP-01564,0.6116,5.6355,48.92,59.83,2.193,pass,0.1973,low
BINSP-01565,0.7475,5.3785,44.15,59.62,1.864,pass,0.185,low
BINSP-01566,1.0227,3.9458,52.01,60.62,3.376,pass,0.2058,low
BINSP-01567,0.7229,4.0327,44.14,60.98,3.238,pass,0.1524,low
BINSP-01568,0.9945,4.7678,53.88,60.58,3.134,pass,0.2243,low
BINSP-01569,0.9121,3.776,50.48,58.49,3.779,pass,0.2261,low
BINSP-01570,1.2556,3.6341,50.41,60.31,3.197,pass,0.2132,low
BINSP-01571,0.737,4.2537,55.26,59.97,3.764,pass,0.217,low
BINSP-01572,1.3966,3.8754,53.33,59.33,2.526,pass,0.2447,low
BINSP-01573,0.8118,2.9545,47.26,61.27,2.538,pass,0.1431,low
BINSP-01574,0.9521,4.9022,49.35,63.39,2.906,pass,0.2354,low
BINSP-01575,0.9481,5.9528,56.28,60.2,2.686,pass,0.253,medium
BINSP-01576,0.793,3.158,45.62,62.53,2.379,pass,0.1572,low
BINSP-01577,0.935,5.8864,47.54,60.75,2.489,pass,0.2105,low
BINSP-01578,0.854,4.4792,54.19,59.51,3.553,pass,0.2305,low
BINSP-01579,0.5537,3.8851,44.31,61.47,1.369,pass,0.1223,low
BINSP-01580,1.1664,4.566,54.46,59.75,3.19,pass,0.2474,low
BINSP-01581,0.4761,4.4795,53.33,61.28,2.577,pass,0.1707,low
BINSP-01582,0.1982,3.7996,38.58,62.44,2.052,pass,0.0986,low
BINSP-01583,0.8106,3.6607,46.98,61.43,1.454,pass,0.1456,low
BINSP-01584,1.393,6.2286,61.36,55.16,3.856,warning,0.3972,medium
BINSP-01585,1.13,5.5799,53.41,63.23,2.724,pass,0.2708,medium
BINSP-01586,1.1146,4.1027,52.24,59.56,2.816,pass,0.2254,low
BINSP-01587,1.0248,5.115,51.65,64.26,2.473,pass,0.2604,medium
BINSP-01588,0.7692,3.4998,48.77,58.88,3.762,pass,0.1984,low
BINSP-01589,0.8981,5.3521,50.55,60.88,3.594,pass,0.2187,low
BINSP-01590,0.8973,3.557,46.65,62.74,1.81,pass,0.1725,low
BINSP-01591,1.3556,5.5065,48.75,59.74,2.481,pass,0.2522,medium
BINSP-01592,1.1713,4.1052,49.2,61.21,2.915,pass,0.202,low
BINSP-01593,1.1049,4.5471,51.05,59.71,2.221,pass,0.2203,low
BINSP-01594,1.0317,4.703,46.44,61.44,2.722,pass,0.1957,low
BINSP-01595,0.4966,5.1956,41.19,62.39,1.716,pass,0.1518,low
BINSP-01596,1.2295,3.9595,53.56,60.84,2.861,pass,0.2165,low
BINSP-01597,1.0558,3.7261,49.88,61.22,3.489,pass,0.1955,low
BINSP-01598,0.7386,3.2051,55.24,59.71,3.299,pass,0.1943,low
BINSP-01599,0.7124,2.9808,41.53,58.24,3.234,pass,0.1628,low
BINSP-01600,1.2415,4.6276,52.27,65.92,4.332,pass,0.3155,medium
BINSP-01601,0.8769,4.3957,47.44,64.47,3.63,pass,0.2383,low
BINSP-01602,0.9921,4.3821,48.89,64.1,1.64,pass,0.2217,low
BINSP-01603,1.3739,4.0273,54.85,65.83,3.758,pass,0.3133,medium
BINSP-01604,0.9604,5.7449,45.77,60.0,4.666,pass,0.241,low
BINSP-01605,0.8744,3.5077,49.65,63.19,2.113,pass,0.1904,low
BINSP-01606,0.9915,4.6638,48.69,65.52,2.729,pass,0.261,medium
BINSP-01607,0.6722,3.7092,46.63,59.06,3.772,pass,0.1859,low
BINSP-01608,1.1904,4.4463,57.0,58.66,3.095,pass,0.2706,medium
BINSP-01609,1.3069,4.5971,49.99,60.55,3.671,pass,0.2368,low
BINSP-01610,0.8847,4.4014,43.3,59.57,1.383,pass,0.1674,low
BINSP-01611,1.1557,4.3929,52.98,59.83,3.417,pass,0.2398,low
BINSP-01612,1.1798,4.4993,52.03,64.16,3.677,pass,0.2734,medium
BINSP-01613,0.9008,4.1838,49.41,63.34,3.313,pass,0.2216,low
BINSP-01614,0.9755,3.2913,53.1,58.52,2.018,pass,0.2081,low
BINSP-01615,0.9988,3.4779,48.64,58.05,2.854,pass,0.2155,low
BINSP-01616,1.1858,3.5675,55.31,62.33,4.224,pass,0.2454,low
BINSP-01617,0.7764,5.9743,50.63,59.87,1.9,pass,0.2176,low
BINSP-01618,0.5566,4.9304,44.33,62.63,2.28,pass,0.1717,low
BINSP-01619,1.4073,4.7697,47.16,63.19,3.474,pass,0.2616,medium
BINSP-01620,0.9654,4.0025,45.59,60.3,2.387,pass,0.174,low
BINSP-01621,0.8248,5.769,48.46,64.96,1.608,pass,0.2486,low
BINSP-01622,0.8688,3.425,50.74,63.38,2.527,pass,0.1999,low
BINSP-01623,1.2114,6.2995,49.21,59.53,3.978,pass,0.2804,medium
BINSP-01624,0.4651,3.7446,45.15,60.45,3.251,pass,0.1398,low
BINSP-01625,1.0278,5.3971,49.83,61.42,3.951,pass,0.2352,low
BINSP-01626,0.8814,5.1004,44.69,58.33,2.995,pass,0.2237,low
BINSP-01627,1.1528,4.9024,54.53,59.01,3.439,pass,0.2676,medium
BINSP-01628,0.7433,5.4242,49.27,61.91,4.074,pass,0.2224,low
BINSP-01629,0.9901,4.4656,54.53,60.42,2.896,pass,0.2195,low
BINSP-01630,0.774,5.016,46.65,58.43,2.092,pass,0.2087,low
BINSP-01631,0.5491,4.1169,50.61,61.54,2.919,pass,0.1674,low
BINSP-01632,0.6166,3.2784,53.49,62.64,2.415,pass,0.1758,low
BINSP-01633,1.0077,4.7947,51.21,59.32,3.277,pass,0.2373,low
BINSP-01634,0.7415,5.4931,46.37,60.1,3.271,pass,0.204,low
BINSP-01635,1.0163,3.1909,50.57,61.46,3.037,pass,0.1825,low
BINSP-01636,1.0284,5.1738,47.77,61.8,4.094,pass,0.2313,low
BINSP-01637,1.4682,4.9467,49.84,58.73,3.709,pass,0.2826,medium
BINSP-01638,0.6664,3.4765,47.5,59.63,2.677,pass,0.1621,low
BINSP-01639,0.8931,3.1984,49.74,66.19,2.301,pass,0.2331,low
BINSP-01640,1.329,5.1455,52.74,60.04,3.36,pass,0.2626,medium
BINSP-01641,0.7821,5.6839,50.99,56.41,3.0,pass,0.2785,medium
BINSP-01642,0.7866,4.8002,54.25,58.33,3.192,pass,0.2457,low
BINSP-01643,1.1936,4.5324,53.7,58.6,3.4,pass,0.266,medium
BINSP-01644,1.0163,4.4243,48.63,61.14,2.414,pass,0.1882,low
BINSP-01645,1.0329,5.6039,58.31,61.04,3.649,pass,0.2592,medium
BINSP-01646,1.1478,4.8163,49.24,59.24,3.747,pass,0.2479,low
BINSP-01647,0.9302,4.0574,46.96,60.58,2.758,pass,0.1774,low
BINSP-01648,1.1762,5.5188,55.91,64.44,3.628,pass,0.3103,medium
BINSP-01649,1.2883,4.9837,50.22,63.79,2.274,pass,0.2623,medium
BINSP-01650,0.8491,4.6427,46.99,63.31,4.419,pass,0.2317,low
BINSP-01651,0.8621,4.9923,55.84,58.29,2.451,pass,0.2521,medium
BINSP-01652,1.3552,4.3568,53.43,58.4,2.761,pass,0.2684,medium
BINSP-01653,0.9944,4.3991,49.91,62.25,3.461,pass,0.2197,low
BINSP-01654,0.8387,4.4772,52.05,61.98,2.543,pass,0.2024,low
BINSP-01655,0.6475,3.474,47.62,59.75,2.835,pass,0.1613,low
BINSP-01656,1.2232,4.711,46.64,60.18,2.383,pass,0.2118,low
BINSP-01657,0.5905,3.5768,47.1,61.9,4.085,pass,0.1671,low
BINSP-01658,1.2576,4.8038,51.84,61.07,4.629,pass,0.2496,low
BINSP-01659,0.8581,4.1815,39.78,59.5,4.124,pass,0.1831,low
BINSP-01660,1.2324,5.1576,57.06,62.24,4.559,pass,0.2891,medium
BINSP-01661,0.8891,4.4583,47.68,63.26,3.19,pass,0.2178,low
BINSP-01662,0.3766,4.6922,44.91,59.01,1.092,pass,0.1472,low
BINSP-01663,1.1082,3.73,50.65,59.04,2.296,pass,0.2137,low
BINSP-01664,0.6172,4.1753,45.75,63.24,2.409,pass,0.1765,low
BINSP-01665,1.0598,3.8872,55.88,60.58,2.918,pass,0.2155,low
BINSP-01666,0.5585,4.9271,50.82,62.17,3.341,pass,0.1996,low
BINSP-01667,0.9142,3.7527,50.52,57.55,2.605,pass,0.2258,low
BINSP-01668,1.2654,4.2634,49.78,62.72,2.824,pass,0.2354,low
BINSP-01669,0.9321,4.2565,47.44,56.92,2.748,pass,0.238,low
BINSP-01670,0.9924,5.3071,50.25,55.96,3.403,pass,0.295,medium
BINSP-01671,0.9129,4.722,47.26,63.56,3.284,pass,0.229,low
BINSP-01672,0.9254,5.1614,54.78,62.98,3.175,pass,0.254,medium
BINSP-01673,0.6259,4.2639,44.26,61.7,1.285,pass,0.1373,low
BINSP-01674,1.0225,4.456,53.38,58.74,2.853,pass,0.2425,low
BINSP-01675,0.9603,6.221,52.07,58.34,2.576,pass,0.2716,medium
BINSP-01676,1.0967,5.0435,52.03,60.0,2.524,pass,0.2322,low
BINSP-01677,0.8556,2.8205,48.57,57.52,2.959,pass,0.2011,low
BINSP-01678,0.8295,4.4712,52.06,60.5,2.613,pass,0.1953,low
BINSP-01679,0.984,4.2553,52.48,64.75,2.258,pass,0.2479,low
BINSP-01680,0.856,3.7413,46.26,58.3,2.399,pass,0.1933,low
BINSP-01681,0.9931,4.181,46.62,65.16,3.569,pass,0.2491,low
BINSP-01682,1.0892,3.9201,50.49,58.51,2.076,pass,0.2209,low
BINSP-01683,0.6861,4.8348,50.72,57.68,2.367,pass,0.2271,low
BINSP-01684,1.3898,4.8288,53.74,62.68,3.926,pass,0.2815,medium
BINSP-01685,1.2695,6.4532,54.71,63.68,2.993,pass,0.3125,medium
BINSP-01686,1.0205,5.7245,47.53,61.68,4.082,pass,0.239,low
BINSP-01687,1.0695,4.1042,51.76,61.87,2.943,pass,0.2136,low
BINSP-01688,0.878,3.3697,50.72,60.27,3.414,pass,0.1853,low
BINSP-01689,1.0773,4.8812,48.47,59.04,2.686,pass,0.2318,low
BINSP-01690,1.0385,4.9857,53.05,63.73,2.876,pass,0.2604,medium
BINSP-01691,0.9633,4.8003,51.67,63.63,2.425,pass,0.2398,low
BINSP-01692,0.8942,6.1008,50.84,58.35,3.063,pass,0.266,medium
BINSP-01693,1.0224,3.1444,46.37,65.37,2.779,pass,0.2233,low
BINSP-01694,1.3526,5.0837,53.73,63.73,4.383,pass,0.3053,medium
BINSP-01695,0.884,4.6703,49.18,59.63,3.005,pass,0.2112,low
BINSP-01696,0.2485,3.3672,44.62,61.15,3.011,pass,0.106,low
BINSP-01697,0.6352,4.138,53.59,59.51,2.44,pass,0.1927,low
BINSP-01698,0.7249,4.9388,51.41,65.48,4.692,pass,0.2796,medium
BINSP-01699,1.2093,6.5493,52.04,62.68,3.521,pass,0.2925,medium
BINSP-01700,1.172,6.3941,55.23,59.57,3.714,pass,0.2961,medium
BINSP-01701,0.7879,4.8902,43.79,61.52,2.846,pass,0.1757,low
BINSP-01702,0.9658,4.5784,58.85,60.15,4.239,pass,0.2549,medium
BINSP-01703,0.8427,3.4638,47.85,61.03,2.672,pass,0.1555,low
BINSP-01704,0.8723,4.306,44.74,59.21,2.908,pass,0.1932,low
BINSP-01705,0.9312,5.2231,49.95,59.55,3.148,pass,0.2311,low
BINSP-01706,1.1134,4.4755,55.04,57.36,3.614,pass,0.2848,medium
BINSP-01707,0.5483,4.0194,47.12,60.31,2.996,pass,0.1569,low
BINSP-01708,0.7086,5.4211,45.7,62.3,2.475,pass,0.1945,low
BINSP-01709,0.7585,3.9543,49.67,60.62,3.703,pass,0.1831,low
BINSP-01710,0.4845,3.5824,45.21,62.54,3.104,pass,0.1512,low
BINSP-01711,0.78,2.8285,48.88,58.97,1.543,pass,0.1583,low
BINSP-01712,1.4263,6.0853,54.41,61.2,2.19,pass,0.2686,medium
BINSP-01713,0.9824,3.7981,48.69,59.2,2.173,pass,0.1955,low
BINSP-01714,0.8177,3.1913,47.4,57.32,2.825,pass,0.2033,low
BINSP-01715,1.1846,4.435,54.44,61.2,2.676,pass,0.2242,low
BINSP-01716,1.0589,5.346,48.16,59.32,3.137,pass,0.24,low
BINSP-01717,0.9876,4.2652,50.31,59.87,2.258,pass,0.2018,low
BINSP-01718,0.7307,4.3697,49.09,61.27,2.705,pass,0.1738,low
BINSP-01719,0.6636,4.7449,43.08,57.59,2.549,pass,0.2015,low
BINSP-01720,1.1508,4.2757,49.29,63.71,0.708,pass,0.2152,low
BINSP-01721,1.0791,4.3942,51.75,59.74,2.455,pass,0.22,low
BINSP-01722,1.0719,5.9128,51.15,59.86,2.702,pass,0.249,low
BINSP-01723,0.891,3.9523,49.84,60.27,2.931,pass,0.1891,low
BINSP-01724,0.5942,3.6147,50.19,65.32,2.611,pass,0.2123,low
BINSP-01725,0.8595,4.6216,52.94,59.89,3.532,pass,0.2236,low
BINSP-01726,0.6282,3.7904,50.69,64.83,3.204,pass,0.2197,low
BINSP-01727,1.065,4.9981,49.03,62.45,2.781,pass,0.2286,low
BINSP-01728,1.0407,5.3489,54.25,59.3,2.561,pass,0.2526,medium
BINSP-01729,0.6697,4.3971,52.99,58.09,1.468,pass,0.2079,low
BINSP-01730,0.8942,4.4892,50.05,61.25,2.799,pass,0.1919,low
BINSP-01731,0.5831,2.7785,51.11,63.74,1.968,pass,0.1665,low
BINSP-01732,1.1559,3.9607,44.76,65.48,3.074,pass,0.2489,low
BINSP-01733,1.097,6.4902,51.37,58.71,2.387,pass,0.2766,medium
BINSP-01734,1.1428,5.1841,54.34,63.53,2.632,pass,0.2703,medium
BINSP-01735,1.2135,5.6862,51.62,57.12,2.953,pass,0.3003,medium
BINSP-01736,1.116,3.4515,49.11,60.32,3.21,pass,0.1952,low
BINSP-01737,0.5485,3.7397,47.36,62.8,1.41,pass,0.1497,low
BINSP-01738,0.7125,4.1761,53.71,61.69,2.919,pass,0.1932,low
BINSP-01739,1.2175,5.1772,54.35,61.85,3.273,pass,0.2581,medium
BINSP-01740,0.7662,3.462,47.22,60.3,2.436,pass,0.155,low
BINSP-01741,0.6033,5.5337,45.45,62.1,1.766,pass,0.1769,low
BINSP-01742,1.1303,5.9842,55.54,60.13,3.006,pass,0.2691,medium
BINSP-01743,1.0117,5.6907,53.74,61.16,3.793,pass,0.2474,low
BINSP-01744,0.9006,5.3207,50.28,63.1,2.65,pass,0.2357,low
BINSP-01745,0.6654,5.2774,50.26,60.61,2.515,pass,0.1907,low
BINSP-01746,1.0414,4.7016,44.38,62.05,2.207,pass,0.1924,low
BINSP-01747,0.7565,4.6367,49.29,62.33,2.977,pass,0.2008,low
BINSP-01748,1.1786,3.3589,47.96,60.52,3.472,pass,0.194,low
BINSP-01749,0.6179,4.6995,49.47,60.75,3.127,pass,0.1784,low
BINSP-01750,1.1577,4.6003,46.11,64.74,1.638,pass,0.2381,low
BINSP-01751,0.8648,4.8672,45.48,58.36,4.106,pass,0.2334,low
BINSP-01752,0.9745,3.7489,50.47,61.17,4.329,pass,0.2014,low
BINSP-01753,0.7844,5.5636,48.73,60.68,3.179,pass,0.2067,low
BINSP-01754,0.5168,3.6192,42.69,57.4,3.409,pass,0.1802,low
BINSP-01755,1.0349,5.3878,52.3,58.82,4.235,pass,0.2737,medium
BINSP-01756,0.611,4.1948,43.92,59.67,2.768,pass,0.161,low
BINSP-01757,0.3536,4.0272,52.11,60.34,0.839,pass,0.1337,low
BINSP-01758,0.6178,4.1705,48.03,61.69,3.131,pass,0.1697,low
BINSP-01759,0.932,5.5047,54.34,61.39,2.058,pass,0.2226,low
BINSP-01760,0.803,4.4571,51.91,61.59,4.645,pass,0.2183,low
BINSP-01761,0.9718,5.5598,51.24,62.66,2.275,pass,0.2377,low
BINSP-01762,0.5614,5.761,50.19,55.99,3.242,pass,0.2708,medium
BINSP-01763,0.601,3.6702,47.59,58.26,2.268,pass,0.1773,low
BINSP-01764,0.957,3.7322,48.04,66.2,3.737,pass,0.26,medium
BINSP-01765,1.2407,4.9532,49.09,63.39,1.741,pass,0.2422,low
BINSP-01766,0.6313,4.0599,50.05,58.62,2.255,pass,0.19,low
BINSP-01767,0.8755,4.189,44.12,60.72,2.554,pass,0.1621,low
BINSP-01768,0.6025,2.8782,50.17,60.97,1.598,pass,0.1215,low
BINSP-01769,0.7439,4.6265,46.65,63.58,1.343,pass,0.19,low
BINSP-01770,0.7973,3.4877,46.22,59.94,3.773,pass,0.1758,low
BINSP-01771,0.6489,3.9789,47.15,59.76,2.388,pass,0.1643,low
BINSP-01772,1.2229,4.6215,49.55,60.99,3.453,pass,0.2206,low
BINSP-01773,0.9158,3.9939,51.7,61.17,1.532,pass,0.1727,low
BINSP-01774,1.0962,3.6508,46.69,61.19,3.656,pass,0.1876,low
BINSP-01775,0.8821,4.3923,45.4,60.45,2.631,pass,0.1759,low
BINSP-01776,1.025,5.3061,47.12,60.61,2.146,pass,0.2019,low
BINSP-01777,0.8808,4.2396,49.74,64.91,2.714,pass,0.2388,low
BINSP-01778,0.7826,4.9568,51.79,63.83,1.363,pass,0.2207,low
BINSP-01779,1.2692,5.6035,54.5,63.39,4.918,pass,0.3136,medium
BINSP-01780,0.8002,4.0225,49.25,56.58,3.176,pass,0.2402,low
BINSP-01781,0.8499,4.3854,47.7,63.47,3.015,pass,0.2147,low
BINSP-01782,1.0148,4.4852,52.96,64.22,2.794,pass,0.2549,medium
BINSP-01783,1.0077,4.7429,58.84,55.39,4.153,pass,0.3315,medium
BINSP-01784,1.3723,5.2007,54.34,62.09,1.474,pass,0.2515,medium
BINSP-01785,0.9357,3.175,48.11,59.04,3.506,pass,0.1962,low
BINSP-01786,1.0578,3.4712,48.28,60.53,3.711,pass,0.1916,low
BINSP-01787,1.1626,4.4447,46.86,64.56,4.195,pass,0.2658,medium
BINSP-01788,0.6973,4.1442,48.67,61.27,3.476,pass,0.1747,low
BINSP-01789,0.931,3.8609,48.05,62.74,2.678,pass,0.1962,low
BINSP-01790,0.6813,3.7134,50.49,60.92,2.466,pass,0.1562,low
BINSP-01791,1.0539,4.7686,48.34,63.74,2.174,pass,0.233,low
BINSP-01792,0.8517,3.8553,50.9,63.54,3.415,pass,0.2209,low
BINSP-01793,0.7808,4.3992,49.32,62.16,2.853,pass,0.1939,low
BINSP-01794,0.8127,2.3,48.52,61.01,2.416,pass,0.1289,low
BINSP-01795,0.9227,4.0646,53.81,60.13,3.414,pass,0.2149,low
BINSP-01796,0.9881,4.19,55.83,59.55,2.322,pass,0.2245,low
BINSP-01797,1.0397,4.6356,53.21,56.32,2.94,pass,0.2841,medium
BINSP-01798,0.8719,3.5102,45.13,60.05,2.535,pass,0.1615,low
BINSP-01799,0.944,3.4775,49.91,64.2,1.951,pass,0.2088,low
BINSP-01800,1.0439,4.929,51.3,64.27,4.275,pass,0.2787,medium
BINSP-01801,0.7982,4.4191,49.7,63.48,3.055,pass,0.219,low
BINSP-01802,0.9919,5.6685,49.9,56.97,2.583,pass,0.2762,medium
BINSP-01803,0.9065,5.3589,51.36,60.96,2.698,pass,0.2103,low
BINSP-01804,1.1329,4.6096,49.71,59.34,3.625,pass,0.2413,low
BINSP-01805,1.0216,4.7372,56.65,58.42,3.753,pass,0.2747,medium
BINSP-01806,1.0937,5.8963,55.22,59.28,3.547,pass,0.2828,medium
BINSP-01807,0.7271,3.8444,40.52,58.29,2.68,pass,0.1703,low
BINSP-01808,0.8948,4.7975,53.6,58.12,2.673,pass,0.2481,low
BINSP-01809,0.8045,3.5144,48.25,60.34,2.835,pass,0.1665,low
BINSP-01810,0.8238,4.8301,50.9,62.31,3.065,pass,0.2157,low
BINSP-01811,0.6196,3.916,47.17,60.8,2.208,pass,0.1433,low
BINSP-01812,0.8627,3.8559,55.22,59.96,3.608,pass,0.216,low
BINSP-01813,0.7135,5.5311,45.18,63.28,2.001,pass,0.2043,low
BINSP-01814,0.8023,3.0872,47.63,61.29,1.93,pass,0.1394,low
BINSP-01815,1.0361,5.27,47.73,59.14,2.241,pass,0.2274,low
BINSP-01816,1.3057,4.1038,50.9,55.46,3.707,pass,0.3068,medium
BINSP-01817,0.527,3.1521,48.68,62.92,3.384,pass,0.1664,low
BINSP-01818,0.5308,3.9832,47.9,56.99,3.954,pass,0.2188,low
BINSP-01819,0.7153,4.3628,45.67,63.29,3.071,pass,0.1956,low
BINSP-01820,1.0706,4.5827,54.83,59.17,2.537,pass,0.2432,low
BINSP-01821,0.962,5.7742,46.73,58.6,3.828,pass,0.2558,medium
BINSP-01822,0.8396,4.202,50.76,64.58,3.798,pass,0.2467,low
BINSP-01823,0.5245,4.0174,42.43,61.43,2.605,pass,0.1307,low
BINSP-01824,0.8451,3.8594,52.81,59.31,3.892,pass,0.2198,low
BINSP-01825,0.8411,4.7729,45.54,58.24,2.694,pass,0.2149,low
BINSP-01826,0.6279,3.9774,49.66,57.74,2.587,pass,0.204,low
BINSP-01827,0.4264,3.8358,47.25,66.05,2.817,pass,0.2082,low
BINSP-01828,0.994,4.234,60.06,59.49,3.181,pass,0.2513,medium
BINSP-01829,1.0675,5.7025,53.94,61.46,3.091,pass,0.2484,low
BINSP-01830,0.6181,3.7696,44.85,63.13,2.179,pass,0.161,low
BINSP-01831,0.6557,3.8047,45.64,62.78,1.773,pass,0.1569,low
BINSP-01832,0.7793,4.5274,44.97,61.35,2.648,pass,0.1669,low
BINSP-01833,1.1413,6.0366,52.59,64.3,2.304,pass,0.2889,medium
BINSP-01834,0.7917,5.0471,52.02,58.98,3.05,pass,0.232,low
BINSP-01835,0.676,3.9752,46.93,61.25,2.606,pass,0.1532,low
BINSP-01836,0.5799,3.5556,49.88,60.59,2.333,pass,0.1471,low
BINSP-01837,0.7145,4.6011,46.2,57.98,2.596,pass,0.2075,low
BINSP-01838,0.9236,5.2299,46.51,63.78,2.068,pass,0.226,low
BINSP-01839,0.9155,5.488,47.54,58.79,3.281,pass,0.2401,low
BINSP-01840,0.2354,3.5824,50.54,61.99,2.942,pass,0.1412,low
BINSP-01841,1.043,4.4384,50.11,61.02,3.702,pass,0.2091,low
BINSP-01842,0.9293,6.1507,50.03,59.19,3.475,pass,0.259,medium
BINSP-01843,0.9999,5.5071,55.41,60.86,3.928,pass,0.2499,low
BINSP-01844,1.1226,2.4375,48.43,59.08,3.418,pass,0.1942,low
BINSP-01845,0.9689,4.7377,50.26,60.37,1.682,pass,0.1953,low
BINSP-01846,0.801,4.4238,52.9,63.46,3.063,pass,0.23,low
BINSP-01847,0.7599,5.1898,54.79,63.26,2.942,pass,0.2443,low
BINSP-01848,1.1159,5.6498,52.05,60.44,3.447,pass,0.2502,medium
BINSP-01849,0.7908,4.5339,47.03,62.85,2.777,pass,0.199,low
BINSP-01850,0.9745,4.4596,53.9,62.28,1.986,pass,0.2158,low
BINSP-01851,0.8778,4.6695,46.29,60.52,3.081,pass,0.1885,low
BINSP-01852,0.7652,4.7336,54.08,61.11,0.636,pass,0.1731,low
BINSP-01853,1.0963,4.6413,51.05,62.45,3.098,pass,0.2344,low
BINSP-01854,0.8114,5.4436,48.94,58.14,2.115,pass,0.2322,low
BINSP-01855,0.6416,3.2766,54.14,62.26,1.07,pass,0.1578,low
BINSP-01856,0.819,5.1245,42.59,59.49,1.725,pass,0.1799,low
BINSP-01857,0.8397,3.6241,50.23,58.32,2.702,pass,0.2067,low
BINSP-01858,1.0753,4.5279,48.96,64.71,2.762,pass,0.2535,medium
BINSP-01859,1.1994,6.3444,50.31,56.55,2.651,pass,0.3129,medium
BINSP-01860,0.7637,4.2231,52.09,62.71,3.364,pass,0.2128,low
BINSP-01861,0.4248,3.5918,44.01,62.43,1.962,pass,0.1276,low
BINSP-01862,1.0145,4.7771,52.23,65.71,3.778,pass,0.2924,medium
BINSP-01863,0.5529,4.5464,46.37,60.56,2.577,pass,0.1564,low
BINSP-01864,0.8613,5.9831,53.79,57.72,3.167,pass,0.2821,medium
BINSP-01865,0.8013,3.8751,53.88,62.89,1.802,pass,0.1986,low
BINSP-01866,0.9006,4.5246,51.98,62.45,2.927,pass,0.2192,low
BINSP-01867,0.8639,3.337,48.19,60.91,2.329,pass,0.1524,low
BINSP-01868,1.0599,4.8091,54.28,61.58,1.271,pass,0.2111,low
BINSP-01869,0.6945,4.197,50.94,61.56,1.18,pass,0.1601,low
BINSP-01870,1.3442,4.9947,51.41,59.59,2.668,pass,0.2546,medium
BINSP-01871,0.9483,3.1742,45.29,60.22,3.009,pass,0.1638,low
BINSP-01872,0.5662,3.6449,50.73,59.36,2.44,pass,0.1704,low
BINSP-01873,0.8632,5.4123,45.67,62.19,2.508,pass,0.204,low
BINSP-01874,1.0656,4.638,49.34,59.53,4.244,pass,0.2403,low
BINSP-01875,0.7611,4.3226,52.47,64.76,2.032,pass,0.2307,low
BINSP-01876,0.6946,2.9685,43.29,58.33,1.89,pass,0.1497,low
BINSP-01877,0.7174,5.3359,56.66,59.07,2.355,pass,0.2385,low
BINSP-01878,0.9377,5.0167,52.52,61.3,2.888,pass,0.2158,low
BINSP-01879,1.2994,5.1814,59.98,61.35,4.224,pass,0.2869,medium
BINSP-01880,0.9441,5.2432,53.05,58.79,1.949,pass,0.24,low
BINSP-01881,0.67,4.9994,52.75,58.71,3.664,pass,0.2363,low
BINSP-01882,0.6866,3.6633,47.55,60.95,2.311,pass,0.1433,low
BINSP-01883,1.0808,5.38,48.48,60.13,3.325,pass,0.2334,low
BINSP-01884,0.8156,2.4898,47.99,61.33,1.986,pass,0.1308,low
BINSP-01885,1.1625,4.0879,52.46,61.04,2.858,pass,0.2088,low
BINSP-01886,1.0797,3.5226,48.21,63.45,3.18,pass,0.2171,low
BINSP-01887,0.8398,4.7507,50.5,67.26,1.813,pass,0.2731,medium
BINSP-01888,1.0033,5.6782,53.05,58.23,3.206,pass,0.2763,medium
BINSP-01889,0.7817,4.3328,48.37,60.85,1.728,pass,0.1608,low
BINSP-01890,0.7619,4.868,53.46,62.46,1.994,pass,0.2101,low
BINSP-01891,0.8,3.9168,50.26,62.18,3.08,pass,0.1919,low
BINSP-01892,1.0628,4.3513,53.21,57.27,3.467,pass,0.2722,medium
BINSP-01893,0.5884,3.0234,45.32,59.93,3.765,pass,0.1487,low
BINSP-01894,0.7384,3.0918,39.67,61.25,1.64,pass,0.1038,low
BINSP-01895,1.0538,5.4569,52.34,57.8,4.195,pass,0.2914,medium
BINSP-01896,1.1841,5.9162,50.32,61.53,1.72,pass,0.2333,low
BINSP-01897,0.6021,4.0168,45.11,59.71,1.999,pass,0.1509,low
BINSP-01898,1.1023,4.2124,52.97,62.45,3.655,pass,0.2394,low
BINSP-01899,1.07,4.9782,43.5,58.64,3.636,pass,0.2338,low
BINSP-01900,0.8285,4.6254,51.57,61.8,3.967,pass,0.2174,low
BINSP-01901,0.9179,4.0712,45.22,63.43,4.568,pass,0.2228,low
BINSP-01902,0.9572,4.1774,45.09,61.79,1.768,pass,0.1691,low
BINSP-01903,0.8901,5.7188,54.11,64.7,2.006,pass,0.2722,medium
BINSP-01904,0.7856,4.3011,48.83,60.13,1.731,pass,0.1728,low
BINSP-01905,0.8276,4.0548,49.3,61.54,2.73,pass,0.1794,low
BINSP-01906,0.9856,3.9171,53.9,57.67,2.47,pass,0.2422,low
BINSP-01907,1.1384,5.7449,50.7,59.58,3.023,pass,0.257,medium
BINSP-01908,0.8911,4.8958,50.01,63.15,3.407,pass,0.2354,low
BINSP-01909,1.2087,5.1477,57.33,61.44,3.855,pass,0.2677,medium
BINSP-01910,1.4837,5.4558,56.63,61.37,4.466,pass,0.2975,medium
BINSP-01911,0.7497,4.4584,44.36,57.92,3.049,pass,0.2071,low
BINSP-01912,1.2463,3.8074,58.78,60.9,3.687,pass,0.2414,low
BINSP-01913,1.0725,6.063,50.04,60.52,4.845,pass,0.2641,medium
BINSP-01914,0.823,5.4037,44.04,62.43,1.689,pass,0.1892,low
BINSP-01915,1.0284,3.3652,52.54,61.74,2.813,pass,0.195,low
BINSP-01916,1.3559,6.3421,59.64,61.73,1.739,pass,0.289,medium
BINSP-01917,0.9363,4.1577,53.27,55.38,2.322,pass,0.274,medium
BINSP-01918,0.6601,4.0788,48.87,62.51,2.98,pass,0.1841,low
BINSP-01919,0.6976,4.726,48.68,61.06,2.822,pass,0.1755,low
BINSP-01920,0.8552,4.7715,50.74,60.67,4.326,pass,0.2166,low
BINSP-01921,0.8141,4.9349,53.85,61.17,3.281,pass,0.2125,low
BINSP-01922,0.5793,3.9369,50.1,60.72,2.508,pass,0.1555,low
BINSP-01923,0.8463,4.627,53.69,61.63,3.964,pass,0.2233,low
BINSP-01924,1.2746,4.6255,48.31,57.63,2.532,pass,0.2596,medium
BINSP-01925,1.2529,4.7548,49.52,60.32,2.955,pass,0.2293,low
BINSP-01926,0.6665,5.9019,50.11,63.13,1.879,pass,0.2213,low
BINSP-01927,1.0009,4.6779,50.86,62.91,2.963,pass,0.2329,low
BINSP-01928,1.3307,6.2186,55.69,60.71,3.466,pass,0.2854,medium
BINSP-01929,0.7072,4.8225,48.76,61.84,2.071,pass,0.181,low
BINSP-01930,1.0456,5.3366,48.61,62.0,3.06,pass,0.2291,low
BINSP-01931,0.9656,5.8048,56.05,62.96,4.189,pass,0.286,medium
BINSP-01932,0.7514,5.1418,49.78,58.12,2.791,pass,0.2332,low
BINSP-01933,1.0121,4.6358,45.17,58.9,2.592,pass,0.212,low
BINSP-01934,0.9963,4.8046,52.14,62.21,3.618,pass,0.2369,low
BINSP-01935,1.1499,5.815,50.18,58.34,1.988,pass,0.2635,medium
BINSP-01936,1.0673,5.1089,54.59,60.48,1.931,pass,0.2257,low
BINSP-01937,0.534,4.7123,50.95,61.86,2.466,pass,0.1789,low
BINSP-01938,1.1575,5.6179,53.28,58.77,1.782,pass,0.2618,medium
BINSP-01939,0.688,4.976,54.48,61.41,2.997,pass,0.2067,low
BINSP-01940,1.0496,3.2414,49.58,57.79,2.884,pass,0.2218,low
BINSP-01941,1.1387,5.2274,47.61,62.7,4.028,pass,0.2525,medium
BINSP-01942,1.0528,3.6338,47.26,60.11,2.789,pass,0.1862,low
BINSP-01943,1.1787,4.6945,52.66,59.12,3.73,pass,0.2608,medium
BINSP-01944,0.9567,4.2314,46.62,60.19,1.895,pass,0.1771,low
BINSP-01945,0.7492,5.1117,45.08,59.73,3.88,pass,0.2055,low
BINSP-01946,0.8446,5.3083,52.92,61.24,3.404,pass,0.2216,low
BINSP-01947,1.2149,4.6418,52.39,60.6,4.12,pass,0.2439,low
BINSP-01948,0.709,4.8799,50.96,60.84,2.793,pass,0.1882,low
BINSP-01949,0.8715,3.8098,47.27,63.02,2.595,pass,0.1915,low
BINSP-01950,0.7907,4.1444,53.7,61.36,2.578,pass,0.1889,low
BINSP-01951,0.8966,5.0549,47.32,62.41,2.414,pass,0.2069,low
BINSP-01952,0.767,3.5503,46.45,63.34,2.396,pass,0.1784,low
BINSP-01953,1.018,3.3224,47.74,62.36,4.267,pass,0.2039,low
BINSP-01954,0.7167,4.1949,53.75,59.97,1.583,pass,0.183,low
BINSP-01955,1.1025,3.6249,49.63,61.23,2.92,pass,0.1893,low
BINSP-01956,0.8885,4.4754,48.91,61.11,2.594,pass,0.1828,low
BINSP-01957,0.7049,5.1936,46.58,63.68,3.015,pass,0.2198,low
BINSP-01958,0.7889,4.8716,49.43,59.03,3.142,pass,0.2199,low
BINSP-01959,0.6892,2.7226,48.67,62.75,2.434,pass,0.1554,low
BINSP-01960,0.9211,4.2321,47.0,62.27,1.149,pass,0.1738,low
BINSP-01961,0.7578,4.7354,51.43,60.35,2.736,pass,0.197,low
BINSP-01962,0.9475,4.0893,48.82,60.54,2.02,pass,0.1773,low
BINSP-01963,0.9576,3.9278,47.28,58.9,2.476,pass,0.1998,low
BINSP-01964,0.8839,3.8551,48.88,58.07,1.836,pass,0.2033,low
BINSP-01965,0.7262,4.4168,48.0,59.89,2.39,pass,0.1795,low
BINSP-01966,0.888,3.5691,50.7,59.2,2.778,pass,0.1983,low
BINSP-01967,0.3882,5.0365,50.22,64.35,1.816,pass,0.202,low
BINSP-01968,0.6704,5.3035,48.58,59.38,2.333,pass,0.2022,low
BINSP-01969,1.1852,4.9445,50.98,61.29,3.786,pass,0.2374,low
BINSP-01970,0.8923,4.2133,48.24,62.57,2.973,pass,0.2021,low
BINSP-01971,0.7888,3.5335,46.3,61.18,1.99,pass,0.1418,low
BINSP-01972,1.0852,3.7302,49.49,60.27,3.476,pass,0.2039,low
BINSP-01973,1.0296,4.6278,54.8,62.14,3.449,pass,0.2416,low
BINSP-01974,0.5389,4.3982,46.71,60.61,0.281,pass,0.1253,low
BINSP-01975,1.1367,5.1308,46.79,64.61,1.751,pass,0.2489,low
BINSP-01976,0.9908,5.7343,52.12,63.68,3.487,pass,0.2754,medium
BINSP-01977,0.8743,4.5343,50.28,56.21,3.187,pass,0.2649,medium
BINSP-01978,0.9741,5.048,52.32,62.54,2.893,pass,0.237,low
BINSP-01979,0.8397,4.689,51.49,59.27,1.655,pass,0.2053,low
BINSP-01980,1.0236,4.8932,51.53,59.81,3.345,pass,0.2349,low
BINSP-01981,0.9847,3.5491,50.97,61.26,3.629,pass,0.1928,low
BINSP-01982,0.8659,3.3509,51.67,61.71,3.736,pass,0.1908,low
BINSP-01983,0.7506,5.5447,43.3,58.46,1.851,pass,0.2029,low
BINSP-01984,1.1833,4.0345,55.53,60.62,2.584,pass,0.2214,low
BINSP-01985,0.5951,5.2137,53.52,57.31,1.728,pass,0.2355,low
BINSP-01986,0.7974,4.4417,52.93,62.54,3.031,pass,0.216,low
BINSP-01987,0.7834,4.4143,55.05,64.08,3.149,pass,0.2461,low
BINSP-01988,0.5603,2.9441,48.66,61.43,2.902,pass,0.1364,low
BINSP-01989,0.7724,4.6741,52.95,63.24,2.235,pass,0.2197,low
BINSP-01990,1.0797,4.8542,57.04,58.09,2.904,pass,0.2772,medium
BINSP-01991,1.0791,5.6248,53.15,58.89,2.891,pass,0.2674,medium
BINSP-01992,0.7924,3.8029,45.17,59.3,3.094,pass,0.1797,low
BINSP-01993,1.1208,5.4964,53.55,59.23,2.167,pass,0.2554,medium
BINSP-01994,1.1657,5.562,53.61,60.04,1.775,pass,0.2433,low
BINSP-01995,0.8239,4.1717,51.48,61.23,3.433,pass,0.1927,low
BINSP-01996,0.6243,3.9666,49.51,63.85,2.977,pass,0.2015,low
BINSP-01997,0.9908,5.0056,52.11,60.46,3.292,pass,0.2264,low
BINSP-01998,0.9103,5.5941,47.38,57.87,3.714,pass,0.2603,medium
BINSP-01999,0.6842,3.9026,50.18,62.87,2.559,pass,0.187,low
BINSP-02000,0.5953,4.7182,44.42,60.82,3.208,pass,0.1599,low
BINSP-02001,0.9655,3.6394,47.96,63.22,2.302,pass,0.1965,low
BINSP-02002,0.8283,4.88,51.22,58.49,3.096,pass,0.2365,low
BINSP-02003,1.049,4.2264,50.98,57.83,1.272,pass,0.2264,low
BINSP-02004,0.6862,4.7076,46.48,61.94,0.863,pass,0.1565,low
BINSP-02005,1.3296,5.5841,52.71,59.81,4.141,pass,0.2841,medium
BINSP-02006,0.867,4.0372,51.21,57.42,2.458,pass,0.2307,low
BINSP-02007,1.162,2.6264,47.14,65.88,1.804,pass,0.2214,low
BINSP-02008,1.1211,5.6137,48.25,58.17,3.142,pass,0.2674,medium
BINSP-02009,0.701,3.7177,48.87,56.77,3.89,pass,0.2316,low
BINSP-02010,0.8305,5.2198,53.5,62.18,2.342,pass,0.2221,low
BINSP-02011,1.2614,4.5092,54.18,60.54,3.648,pass,0.246,low
BINSP-02012,0.8557,4.1426,44.25,61.61,2.942,pass,0.1697,low
BINSP-02013,0.7598,4.0422,47.26,61.47,2.103,pass,0.1589,low
BINSP-02014,1.1419,4.8283,55.03,60.83,3.392,pass,0.2392,low
BINSP-02015,0.8795,4.733,44.15,62.41,2.245,pass,0.1866,low
BINSP-02016,1.16,4.5152,50.38,61.71,2.776,pass,0.2192,low
BINSP-02017,0.7621,4.7789,43.66,63.38,2.375,pass,0.1935,low
BINSP-02018,0.4781,4.5057,47.33,60.66,3.381,pass,0.1616,low
BINSP-02019,0.8894,5.432,55.58,67.09,1.988,pass,0.3071,medium
BINSP-02020,1.0514,4.738,48.74,61.27,2.546,pass,0.2009,low
BINSP-02021,0.7284,5.6569,55.73,59.88,3.02,pass,0.2383,low
BINSP-02022,1.1433,3.8789,54.82,63.93,3.608,pass,0.2636,medium
BINSP-02023,0.7976,5.7319,53.09,58.01,2.281,pass,0.2551,medium
BINSP-02024,1.0093,5.8846,56.8,59.5,2.767,pass,0.2692,medium
BINSP-02025,0.5148,5.2377,52.34,63.52,3.233,pass,0.2268,low
BINSP-02026,1.1713,3.8189,46.14,61.61,3.308,pass,0.1966,low
BINSP-02027,0.6734,3.5356,51.56,60.87,1.925,pass,0.1499,low
BINSP-02028,0.8227,4.2816,56.62,60.83,3.374,pass,0.2107,low
BINSP-02029,1.0105,3.5765,48.38,63.91,3.109,pass,0.2199,low
BINSP-02030,0.6697,4.5206,55.89,63.43,3.151,pass,0.2332,low
BINSP-02031,0.7438,3.2977,52.42,60.41,1.316,pass,0.1527,low
BINSP-02032,1.0458,4.8046,51.61,57.29,2.806,pass,0.2663,medium
BINSP-02033,1.1005,4.3954,51.37,55.18,4.113,pass,0.3087,medium
BINSP-02034,0.9693,4.7024,47.6,64.11,1.702,pass,0.2229,low
BINSP-02035,0.8452,4.6168,55.25,60.52,3.564,pass,0.2212,low
BINSP-02036,0.9561,4.7054,55.51,62.09,3.404,pass,0.239,low
BINSP-02037,1.0077,3.5783,48.51,65.06,2.375,pass,0.2286,low
BINSP-02038,0.9486,4.9548,48.94,63.17,1.266,pass,0.2118,low
BINSP-02039,0.8088,4.1023,45.89,63.26,2.548,pass,0.1912,low
BINSP-02040,0.756,5.015,43.35,59.28,1.559,pass,0.1771,low
BINSP-02041,0.5832,3.5824,48.7,58.75,2.824,pass,0.1772,low
BINSP-02042,0.8765,5.5133,48.41,62.94,1.282,pass,0.2127,low
BINSP-02043,0.7486,3.2261,43.36,61.58,2.283,pass,0.1324,low
BINSP-02044,0.8675,4.3444,42.01,58.6,3.688,pass,0.2028,low
BINSP-02045,0.6404,3.8507,49.19,62.69,3.777,pass,0.1915,low
BINSP-02046,1.1628,5.4384,57.5,59.11,3.487,pass,0.2881,medium
BINSP-02047,1.1365,4.618,51.69,59.7,2.661,pass,0.2315,low
BINSP-02048,0.819,2.9872,48.33,60.58,2.893,pass,0.1544,low
BINSP-02049,1.0229,3.8595,56.47,60.92,1.816,pass,0.1959,low
BINSP-02050,0.9756,3.5326,51.14,60.23,2.441,pass,0.1858,low
BINSP-02051,0.7924,6.0906,48.97,59.53,2.07,pass,0.2225,low
BINSP-02052,0.7234,3.4626,52.79,58.12,3.286,pass,0.2138,low
BINSP-02053,0.9686,3.8797,52.96,59.45,3.26,pass,0.2199,low
BINSP-02054,0.5326,4.1713,50.67,62.83,2.064,pass,0.1767,low
BINSP-02055,0.7178,4.7904,48.19,62.24,1.919,pass,0.1833,low
BINSP-02056,0.9046,4.6174,51.26,60.33,2.912,pass,0.207,low
BINSP-02057,0.8902,4.3205,51.47,60.12,3.542,pass,0.2114,low
BINSP-02058,0.7099,3.8447,41.47,59.7,2.51,pass,0.1491,low
BINSP-02059,1.0993,4.2106,49.77,60.73,1.965,pass,0.1904,low
BINSP-02060,0.8386,5.7965,47.05,59.15,2.752,pass,0.2274,low
BINSP-02061,0.9489,5.835,48.4,61.9,3.239,pass,0.2322,low
BINSP-02062,0.7236,4.8835,47.5,60.81,2.951,pass,0.1799,low
BINSP-02063,0.6733,4.1691,46.24,63.18,3.442,pass,0.1934,low
BINSP-02064,1.1985,4.7561,45.07,64.36,2.312,pass,0.243,low
BINSP-02065,1.0907,4.5842,50.37,61.47,3.336,pass,0.2187,low
BINSP-02066,0.7457,3.8923,51.98,63.64,2.538,pass,0.2086,low
BINSP-02067,1.1349,5.7531,48.98,55.4,3.542,pass,0.32,medium
BINSP-02068,0.3243,3.4258,47.96,60.87,2.608,pass,0.1188,low
BINSP-02069,0.6432,5.7003,55.36,57.32,3.98,pass,0.2818,medium
BINSP-02070,0.9732,3.7877,50.43,62.22,1.861,pass,0.1881,low
BINSP-02071,0.9104,4.697,55.09,58.94,3.113,pass,0.2452,low
BINSP-02072,1.0092,4.66,51.73,61.82,2.392,pass,0.2129,low
BINSP-02073,1.1964,3.3526,55.91,57.82,4.043,pass,0.2695,medium
BINSP-02074,1.0747,5.4342,55.08,60.48,3.897,pass,0.2579,medium
BINSP-02075,1.0425,4.8189,47.47,65.18,3.797,pass,0.2713,medium
BINSP-02076,0.9335,3.4974,49.76,60.84,2.955,pass,0.1745,low
BINSP-02077,1.3075,4.8888,45.13,60.74,2.103,pass,0.2046,low
BINSP-02078,0.843,4.6759,49.11,61.88,2.412,pass,0.1936,low
BINSP-02079,0.9633,5.3105,50.51,63.12,3.563,pass,0.2521,medium
BINSP-02080,0.3142,3.3439,53.45,59.2,2.605,pass,0.1601,low
BINSP-02081,1.1004,5.1692,44.75,64.39,1.301,pass,0.2314,low
BINSP-02082,0.8783,4.2472,52.64,60.84,3.05,pass,0.1963,low
BINSP-02083,0.5015,4.4354,43.51,59.84,2.229,pass,0.1474,low
BINSP-02084,0.8091,4.8151,52.23,65.32,4.033,pass,0.2756,medium
BINSP-02085,0.8789,5.4375,52.59,60.25,3.16,pass,0.2303,low
BINSP-02086,0.8066,4.3743,49.19,64.04,3.386,pass,0.2293,low
BINSP-02087,1.3054,5.5825,57.11,60.27,3.22,pass,0.2793,medium
BINSP-02088,0.9271,3.8747,54.8,58.96,3.164,pass,0.2293,low
BINSP-02089,0.8917,4.6785,46.94,60.08,3.23,pass,0.2002,low
BINSP-02090,1.1949,4.7594,48.03,64.91,2.495,pass,0.2632,medium
BINSP-02091,0.7512,5.6275,52.9,63.55,3.245,pass,0.254,medium
BINSP-02092,1.0445,4.717,51.16,57.59,3.196,pass,0.2632,medium
BINSP-02093,0.9353,4.2283,52.46,62.42,3.849,pass,0.228,low
BINSP-02094,0.7003,5.0459,45.78,64.96,4.538,pass,0.2513,medium
BINSP-02095,0.8367,4.4731,47.56,58.72,3.352,pass,0.2162,low
BINSP-02096,0.6309,2.4369,49.11,61.41,3.29,pass,0.1373,low
BINSP-02097,0.8598,4.3076,51.62,61.97,4.073,pass,0.2172,low
BINSP-02098,1.1566,4.7372,54.12,59.74,3.565,pass,0.2537,medium
BINSP-02099,1.1046,4.9695,49.05,62.64,2.279,pass,0.2278,low
BINSP-02100,0.7814,3.7356,49.3,63.1,3.33,pass,0.2004,low
BINSP-02101,0.7125,3.8498,50.03,61.44,0.803,pass,0.145,low
BINSP-02102,1.5695,5.7743,49.72,62.87,3.353,pass,0.2957,medium
BINSP-02103,0.8166,4.541,51.76,62.5,2.083,pass,0.2034,low
BINSP-02104,0.9358,5.0754,49.18,63.5,3.04,pass,0.2403,low
BINSP-02105,0.9962,5.0435,50.9,63.67,2.218,pass,0.2425,low
BINSP-02106,0.6503,3.4893,44.24,57.92,2.435,pass,0.1729,low
BINSP-02107,1.2226,5.7263,50.47,57.17,2.64,pass,0.2933,medium
BINSP-02108,0.7191,4.2948,50.56,57.94,3.168,pass,0.2239,low
BINSP-02109,1.2627,4.7901,47.94,63.73,3.522,pass,0.263,medium
BINSP-02110,0.893,4.7444,50.68,60.65,2.518,pass,0.1972,low
BINSP-02111,1.2662,4.3461,56.25,62.84,3.352,pass,0.2671,medium
BINSP-02112,1.337,4.8482,48.15,61.12,3.859,pass,0.2351,low
BINSP-02113,1.1556,3.9983,47.82,62.29,2.209,pass,0.2017,low
BINSP-02114,0.5073,4.9086,45.19,60.47,3.632,pass,0.1705,low
BINSP-02115,1.0426,4.9608,51.24,61.8,3.454,pass,0.2322,low
BINSP-02116,1.2089,6.1274,50.76,61.5,3.565,pass,0.2625,medium
BINSP-02117,0.7042,2.9909,50.04,59.42,3.832,pass,0.1807,low
BINSP-02118,0.6621,4.1576,51.81,61.84,0.676,pass,0.1581,low
BINSP-02119,1.2227,6.5144,48.09,58.37,4.138,pass,0.301,medium
BINSP-02120,0.5819,4.2432,52.32,61.65,3.117,pass,0.1822,low
BINSP-02121,0.7569,5.2691,53.79,62.86,2.677,pass,0.2331,low
BINSP-02122,1.2518,4.5567,54.24,61.74,3.293,pass,0.2463,low
BINSP-02123,1.1723,5.9453,55.57,58.12,2.548,pass,0.296,medium
BINSP-02124,0.5382,5.09,47.12,63.07,3.049,pass,0.1989,low
BINSP-02125,1.0081,2.4537,47.92,62.83,2.33,pass,0.1702,low
BINSP-02126,0.7869,3.9826,50.6,59.55,3.246,pass,0.1993,low
BINSP-02127,1.2204,6.1411,56.51,61.86,3.327,pass,0.2856,medium
BINSP-02128,1.0997,5.1805,47.45,63.29,2.274,pass,0.236,low
BINSP-02129,0.7311,4.2379,54.99,60.18,3.1,pass,0.2042,low
BINSP-02130,1.064,5.7906,52.02,56.78,4.211,pass,0.3133,medium
BINSP-02131,1.0142,5.0729,54.56,60.86,2.323,pass,0.22,low
BINSP-02132,0.7869,4.6806,50.36,60.0,2.021,pass,0.1911,low
BINSP-02133,0.8607,2.566,52.64,60.84,2.861,pass,0.1592,low
BINSP-02134,1.0696,3.4519,59.27,61.01,3.392,pass,0.2185,low
BINSP-02135,1.0686,4.9808,54.7,61.85,4.332,pass,0.2574,medium
BINSP-02136,1.046,4.8628,53.06,63.17,2.543,pass,0.2462,low
BINSP-02137,0.4911,4.5332,44.7,60.55,2.172,pass,0.1414,low
BINSP-02138,0.8601,4.3249,47.41,59.69,2.545,pass,0.1902,low
BINSP-02139,0.88,5.4458,50.74,61.87,2.894,pass,0.2229,low
BINSP-02140,1.2367,5.7023,58.77,61.97,2.521,pass,0.2776,medium
BINSP-02141,0.8542,5.2537,45.19,59.74,1.12,pass,0.1829,low
BINSP-02142,0.4904,4.3376,50.53,59.56,2.526,pass,0.1763,low
BINSP-02143,0.7269,3.8085,47.87,66.25,3.16,pass,0.2382,low
BINSP-02144,0.9233,4.2601,51.61,62.66,2.827,pass,0.2162,low
BINSP-02145,1.2472,5.7578,51.06,60.24,3.355,pass,0.2603,medium
BINSP-02146,1.0446,5.8975,49.08,61.6,3.401,pass,0.24,low
BINSP-02147,0.7955,4.0858,43.57,61.3,3.133,pass,0.1596,low
BINSP-02148,0.9875,3.512,52.02,60.64,2.496,pass,0.1838,low
BINSP-02149,0.9074,3.5668,46.91,62.02,3.599,pass,0.185,low
BINSP-02150,1.2601,4.1539,54.07,68.02,3.09,pass,0.33,medium
BINSP-02151,1.223,4.6203,59.26,62.37,2.366,pass,0.2608,medium
BINSP-02152,0.4768,4.6965,47.89,64.74,1.872,pass,0.2001,low
BINSP-02153,0.7719,2.8356,52.68,58.74,2.812,pass,0.1893,low
BINSP-02154,0.9927,4.1474,50.38,60.44,3.836,pass,0.2103,low
BINSP-02155,0.6239,5.2348,52.47,63.06,3.265,pass,0.2285,low
BINSP-02156,0.635,4.0379,49.92,59.36,2.989,pass,0.1871,low
BINSP-02157,0.8854,4.791,47.49,60.77,2.402,pass,0.1836,low
BINSP-02158,0.7951,4.5894,48.42,61.33,2.061,pass,0.1737,low
BINSP-02159,0.7258,4.1599,50.1,64.25,4.354,pass,0.2372,low
BINSP-02160,0.8209,5.9413,51.09,65.05,3.548,pass,0.2852,medium
BINSP-02161,0.9858,3.7462,45.07,60.93,2.21,pass,0.157,low
BINSP-02162,1.0908,5.5231,56.43,61.06,3.38,pass,0.2524,medium
BINSP-02163,0.8654,5.3108,52.51,60.83,1.579,pass,0.1988,low
BINSP-02164,1.1798,4.3071,48.07,56.92,3.462,pass,0.2673,medium
BINSP-02165,1.2689,4.409,45.69,60.69,3.194,pass,0.2079,low
BINSP-02166,0.8889,4.4106,47.23,58.51,3.43,pass,0.2216,low
BINSP-02167,1.0005,4.4879,48.09,60.54,2.155,pass,0.1884,low
BINSP-02168,0.8611,1.9972,42.29,57.35,1.272,pass,0.1461,low
BINSP-02169,0.5756,5.7062,52.28,61.89,1.393,pass,0.1938,low
BINSP-02170,1.4939,4.7334,50.91,60.34,3.911,pass,0.262,medium
BINSP-02171,0.7551,5.6356,49.51,61.77,1.625,pass,0.1968,low
BINSP-02172,0.8562,4.0447,50.27,57.59,2.559,pass,0.2256,low
BINSP-02173,0.6238,4.1374,40.34,61.46,3.504,pass,0.1443,low
BINSP-02174,0.7054,3.7751,45.57,63.11,1.523,pass,0.1615,low
BINSP-02175,1.2958,5.2637,54.35,62.63,2.914,pass,0.2727,medium
BINSP-02176,1.2788,6.3097,53.01,61.5,2.555,pass,0.2666,medium
BINSP-02177,1.1802,5.275,48.99,59.62,2.536,pass,0.2383,low
BINSP-02178,0.6643,4.9421,53.98,57.61,1.907,pass,0.2343,low
BINSP-02179,1.3145,5.4667,53.68,61.43,3.262,pass,0.262,medium
BINSP-02180,1.2825,3.7846,43.56,58.7,2.787,pass,0.2142,low
BINSP-02181,1.1494,6.265,51.03,64.85,2.983,pass,0.3052,medium
BINSP-02182,0.9164,4.8117,50.77,58.24,3.04,pass,0.243,low
BINSP-02183,1.1278,5.4382,53.95,64.08,4.196,pass,0.3,medium
BINSP-02184,0.9081,4.7031,48.8,64.46,2.797,pass,0.2411,low
BINSP-02185,0.7811,4.4555,40.55,64.4,2.862,pass,0.1991,low
BINSP-02186,1.2001,4.3201,50.53,62.98,2.21,pass,0.2309,low
BINSP-02187,0.8945,3.9112,49.48,60.87,3.21,pass,0.1817,low
BINSP-02188,1.0374,4.0325,46.18,64.58,1.067,pass,0.2091,low
BINSP-02189,0.5638,3.6252,46.23,62.9,2.471,pass,0.1589,low
BINSP-02190,0.9108,4.9288,50.55,59.79,3.382,pass,0.2249,low
BINSP-02191,1.0134,5.1781,54.17,63.11,2.834,pass,0.2565,medium
BINSP-02192,1.1011,3.9068,55.42,60.31,3.858,pass,0.2325,low
BINSP-02193,0.6909,4.2583,56.69,64.56,3.013,pass,0.2475,low
BINSP-02194,0.8701,4.6153,50.81,60.94,3.177,pass,0.197,low
BINSP-02195,0.8886,5.0749,52.83,63.2,2.939,pass,0.2436,low
BINSP-02196,1.1397,5.6058,49.43,56.56,4.276,pass,0.3103,medium
BINSP-02197,1.1401,5.986,48.41,59.24,3.791,pass,0.2685,medium
BINSP-02198,0.4349,4.9714,46.48,64.41,2.231,pass,0.1974,low
BINSP-02199,0.7381,4.0859,47.18,63.96,2.236,pass,0.1968,low
BINSP-02200,1.4351,5.2499,56.26,60.19,1.99,pass,0.2655,medium
BINSP-02201,0.8609,4.0396,43.39,59.1,2.411,pass,0.1782,low
BINSP-02202,0.8213,4.3711,51.03,63.69,2.865,pass,0.2251,low
BINSP-02203,0.8669,4.9693,51.03,60.24,3.521,pass,0.2192,low
BINSP-02204,0.9698,3.972,50.47,62.82,2.931,pass,0.2135,low
BINSP-02205,1.2386,5.7823,45.34,62.47,2.99,pass,0.2471,low
BINSP-02206,0.5475,3.5378,50.2,59.61,3.072,pass,0.169,low
BINSP-02207,1.0144,4.6966,48.7,63.07,3.182,pass,0.232,low
BINSP-02208,1.0186,5.3725,56.45,59.21,2.636,pass,0.2613,medium
BINSP-02209,0.8122,4.4521,46.49,62.42,2.562,pass,0.188,low
BINSP-02210,1.0702,5.5071,49.6,65.91,2.772,pass,0.2929,medium
BINSP-02211,1.2041,6.297,51.97,59.35,2.028,pass,0.2684,medium
BINSP-02212,0.7995,4.1581,48.99,63.02,3.768,pass,0.2131,low
BINSP-02213,1.4229,5.2831,51.71,61.11,2.739,pass,0.2484,low
BINSP-02214,0.954,4.0644,49.52,58.26,2.757,pass,0.2227,low
BINSP-02215,0.9521,5.7225,56.69,61.36,3.792,pass,0.2568,medium
BINSP-02216,1.0588,6.1523,50.46,64.01,2.584,pass,0.2772,medium
BINSP-02217,0.8622,5.3591,51.81,63.48,1.728,pass,0.2337,low
BINSP-02218,1.1633,5.3284,48.89,63.13,3.732,pass,0.2633,medium
BINSP-02219,0.9564,4.2241,45.96,60.52,3.519,pass,0.1894,low
BINSP-02220,0.6599,5.9047,52.36,64.77,2.477,pass,0.2602,medium
BINSP-02221,0.9376,3.8772,52.13,61.51,3.567,pass,0.203,low
BINSP-02222,0.8292,4.3562,48.48,60.69,2.245,pass,0.1736,low
BINSP-02223,1.0671,5.3624,53.74,61.23,3.402,pass,0.2411,low
BINSP-02224,1.0196,4.5903,43.43,60.95,1.508,pass,0.1619,low
BINSP-02225,1.0303,6.6564,51.73,60.48,2.236,pass,0.248,low
BINSP-02226,0.6047,4.4461,50.2,66.13,3.302,pass,0.2501,medium
BINSP-02227,1.0092,4.7408,52.44,61.73,1.708,pass,0.2074,low
BINSP-02228,1.3746,5.7281,50.2,58.3,2.785,pass,0.2881,medium
BINSP-02229,0.8147,3.5098,44.23,58.51,1.498,pass,0.165,low
BINSP-02230,1.201,5.3537,59.47,59.29,4.122,pass,0.3008,medium
BINSP-02231,0.9535,4.4544,52.33,61.75,1.644,pass,0.1969,low
BINSP-02232,0.7896,4.1338,52.01,59.62,2.6,pass,0.1986,low
BINSP-02233,0.3854,5.4935,43.82,55.12,3.586,pass,0.2485,low
BINSP-02234,0.9693,4.3311,46.04,64.41,3.712,pass,0.2389,low
BINSP-02235,1.0722,5.4014,50.92,63.53,3.095,pass,0.2636,medium
BINSP-02236,0.8838,5.5351,46.83,62.53,3.856,pass,0.2331,low
BINSP-02237,0.4805,5.0173,46.24,60.63,1.558,pass,0.1469,low
BINSP-02238,1.138,4.7016,52.51,56.87,4.12,pass,0.296,medium
BINSP-02239,0.7955,4.8369,48.4,63.92,2.459,pass,0.2223,low
BINSP-02240,0.8454,5.8387,53.72,57.67,2.837,pass,0.2746,medium
BINSP-02241,1.0379,5.1438,56.93,57.77,3.441,pass,0.291,medium
BINSP-02242,0.6078,3.4743,48.86,58.54,3.153,pass,0.1846,low
BINSP-02243,0.6419,3.2728,46.74,60.2,2.831,pass,0.1471,low
BINSP-02244,1.0805,4.9359,51.7,63.21,2.491,pass,0.2455,low
BINSP-02245,1.0516,4.9181,55.51,62.13,4.627,pass,0.2654,medium
BINSP-02246,0.9242,4.6607,51.39,58.71,3.978,pass,0.2467,low
BINSP-02247,0.7902,2.8309,54.26,59.62,4.29,pass,0.2005,low
BINSP-02248,0.8101,5.9101,49.32,64.76,3.004,pass,0.267,medium
BINSP-02249,0.8446,5.1233,48.44,55.86,2.82,pass,0.2692,medium
BINSP-02250,1.0147,5.7362,47.26,59.48,1.431,pass,0.2187,low
BINSP-02251,1.0023,4.0759,52.78,65.22,2.318,pass,0.2545,medium
BINSP-02252,1.0252,4.5535,50.05,59.73,2.521,pass,0.2146,low
BINSP-02253,0.7053,2.7977,44.71,58.7,1.689,pass,0.1439,low
BINSP-02254,0.6722,5.5859,54.14,60.78,3.352,pass,0.218,low
BINSP-02255,0.7894,5.0288,50.75,55.71,2.784,pass,0.273,medium
BINSP-02256,1.1847,4.6103,59.77,62.86,4.093,pass,0.2877,medium
BINSP-02257,1.3165,4.456,49.73,64.42,3.304,pass,0.274,medium
BINSP-02258,0.7907,4.1573,51.68,62.84,2.79,pass,0.2072,low
BINSP-02259,0.8541,5.0518,55.39,62.74,2.767,pass,0.2404,low
BINSP-02260,0.9278,4.4947,48.01,60.1,1.495,pass,0.1816,low
BINSP-02261,0.616,3.6836,48.16,61.74,1.65,pass,0.1431,low
BINSP-02262,0.5864,2.9123,48.48,60.85,2.833,pass,0.1321,low
BINSP-02263,0.8351,5.6628,54.47,60.37,3.437,pass,0.2395,low
BINSP-02264,0.9046,5.1198,52.16,60.37,3.48,pass,0.2263,low
BINSP-02265,1.2697,3.3829,44.7,60.69,2.249,pass,0.1729,low
BINSP-02266,1.1515,6.4284,52.46,59.4,2.823,pass,0.2778,medium
BINSP-02267,1.1072,4.7128,51.87,63.32,2.34,pass,0.2433,low
BINSP-02268,0.508,4.0416,53.38,59.8,3.361,pass,0.1876,low
BINSP-02269,1.2812,5.1406,51.46,64.0,2.92,pass,0.2801,medium
BINSP-02270,0.6271,4.7107,50.45,61.24,3.111,pass,0.1823,low
BINSP-02271,1.0048,6.075,45.15,61.75,2.386,pass,0.2176,low
BINSP-02272,0.7076,4.9936,51.4,61.68,2.331,pass,0.194,low
BINSP-02273,0.9353,4.9243,56.39,63.26,3.96,pass,0.2691,medium
BINSP-02274,0.9156,4.1533,47.43,66.41,2.789,pass,0.2552,medium
BINSP-02275,0.8264,4.8481,43.69,62.67,2.695,pass,0.1927,low
BINSP-02276,0.9878,5.3402,57.52,60.52,3.002,pass,0.2468,low
BINSP-02277,1.0826,4.6898,47.91,60.22,2.753,pass,0.2096,low
BINSP-02278,0.9929,4.9697,51.64,61.08,2.574,pass,0.2088,low
BINSP-02279,1.1333,4.3544,53.92,58.85,3.024,pass,0.2505,medium
BINSP-02280,0.9424,3.767,46.2,60.33,1.431,pass,0.1578,low
BINSP-02281,1.1667,5.6628,55.26,59.99,3.148,pass,0.2681,medium
BINSP-02282,1.0604,2.8192,49.62,58.01,3.167,pass,0.2144,low
BINSP-02283,0.7513,4.5885,52.47,63.57,2.571,pass,0.224,low
BINSP-02284,0.5185,3.969,45.75,62.18,1.522,pass,0.1387,low
BINSP-02285,0.9256,5.3573,49.19,59.82,4.382,pass,0.2415,low
BINSP-02286,0.7397,4.9014,47.81,62.31,2.94,pass,0.1992,low
BINSP-02287,0.7501,5.3568,48.27,59.32,1.218,pass,0.1954,low
BINSP-02288,1.102,6.1594,50.4,60.87,3.748,pass,0.2509,medium
BINSP-02289,0.6405,4.0522,47.28,62.41,3.871,pass,0.186,low
BINSP-02290,0.6824,6.0899,56.46,61.72,2.684,pass,0.2362,low
BINSP-02291,1.0914,4.6605,52.34,62.71,3.538,pass,0.248,low
BINSP-02292,0.9951,5.2595,50.06,61.98,2.056,pass,0.2166,low
BINSP-02293,0.8298,5.2121,47.87,62.48,2.301,pass,0.2069,low
BINSP-02294,1.2174,4.9912,45.97,59.04,1.706,pass,0.2238,low
BINSP-02295,0.8925,4.9393,58.64,58.97,3.831,pass,0.2689,medium
BINSP-02296,0.9524,5.0014,55.62,58.34,3.057,pass,0.2644,medium
BINSP-02297,0.764,4.1955,54.27,63.15,3.174,pass,0.224,low
BINSP-02298,1.2777,4.2146,54.58,62.28,2.732,pass,0.2438,low
BINSP-02299,0.673,5.1272,53.2,55.8,2.15,pass,0.2659,medium
BINSP-02300,0.9109,4.757,53.92,64.37,2.073,pass,0.2497,low
BINSP-02301,0.656,4.7744,44.9,59.78,1.731,pass,0.1649,low
BINSP-02302,0.841,3.8517,53.41,61.17,2.245,pass,0.1789,low
BINSP-02303,0.9649,4.6306,53.56,57.63,3.024,pass,0.2612,medium
BINSP-02304,1.1946,5.2557,51.34,60.97,2.345,pass,0.2244,low
BINSP-02305,1.0926,2.9813,47.19,58.41,2.769,pass,0.2009,low
BINSP-02306,0.7745,4.6359,44.97,65.42,2.72,pass,0.2307,low
BINSP-02307,0.8315,4.4417,48.76,59.9,2.848,pass,0.1955,low
BINSP-02308,0.7748,5.1303,49.04,62.24,2.779,pass,0.2074,low
BINSP-02309,0.8879,3.7018,49.53,58.8,2.247,pass,0.1966,low
BINSP-02310,0.7319,3.8269,39.66,60.52,2.508,pass,0.1318,low
BINSP-02311,0.8016,3.89,55.52,58.83,2.987,pass,0.2229,low
BINSP-02312,0.9917,4.8564,53.81,61.22,3.291,pass,0.2245,low
BINSP-02313,1.0009,4.8877,54.46,58.16,2.791,pass,0.2611,medium
BINSP-02314,1.1108,5.2303,52.03,63.3,3.452,pass,0.2675,medium
BINSP-02315,1.1042,4.7751,51.47,58.41,1.801,pass,0.2405,low
BINSP-02316,0.8069,4.3426,52.01,61.6,3.6,pass,0.2042,low
BINSP-02317,1.0474,4.569,52.64,61.75,0.991,pass,0.199,low
BINSP-02318,1.2815,4.3169,48.76,58.01,2.434,pass,0.2485,low
BINSP-02319,0.6756,5.5989,47.66,59.83,2.52,pass,0.2009,low
BINSP-02320,1.3042,4.8996,49.58,59.01,3.075,pass,0.2572,medium
BINSP-02321,1.2015,6.6115,62.14,64.71,3.23,pass,0.3544,medium
BINSP-02322,1.2483,5.4,58.3,60.75,3.543,pass,0.2723,medium
BINSP-02323,0.5037,3.6367,45.47,58.63,2.537,pass,0.1601,low
BINSP-02324,0.6496,4.0406,52.22,62.07,3.413,pass,0.1924,low
BINSP-02325,0.7364,4.6539,51.33,60.43,2.357,pass,0.1877,low
BINSP-02326,1.0459,5.8185,55.57,59.96,2.523,pass,0.2565,medium
BINSP-02327,0.6176,2.9858,49.15,63.53,1.168,pass,0.1537,low
BINSP-02328,1.032,3.8988,48.41,64.6,2.812,pass,0.2348,low
BINSP-02329,0.9402,4.468,48.75,65.11,3.07,pass,0.2516,medium
BINSP-02330,1.1682,5.5878,57.52,62.32,2.166,pass,0.2672,medium
BINSP-02331,0.8435,5.4651,50.19,59.25,2.666,pass,0.2292,low
BINSP-02332,0.7954,4.8628,45.5,60.0,2.966,pass,0.1903,low
BINSP-02333,0.9653,3.7141,48.64,59.4,2.532,pass,0.1938,low
BINSP-02334,0.8941,4.4146,51.67,62.69,2.161,pass,0.2099,low
BINSP-02335,0.5915,4.6246,53.52,59.08,1.203,pass,0.1907,low
BINSP-02336,1.3178,3.9712,55.82,60.59,2.348,pass,0.2284,low
BINSP-02337,1.2219,6.3033,55.57,63.58,3.305,pass,0.3113,medium
BINSP-02338,0.8327,4.121,51.86,64.41,3.927,pass,0.2473,low
BINSP-02339,1.0936,5.4774,58.03,61.39,3.947,pass,0.2688,medium
BINSP-02340,1.1395,4.2832,46.85,62.0,1.797,pass,0.1937,low
BINSP-02341,0.9574,4.7592,51.57,61.66,3.863,pass,0.2259,low
BINSP-02342,0.9378,5.8882,48.83,58.7,2.284,pass,0.2435,low
BINSP-02343,1.0023,5.0598,47.46,59.76,3.096,pass,0.2208,low
BINSP-02344,1.1222,5.3036,53.31,58.65,2.644,pass,0.2652,medium
BINSP-02345,1.0778,3.6015,55.31,63.29,0.9,pass,0.2129,low
BINSP-02346,0.9404,6.3838,58.0,57.66,3.217,pass,0.3114,medium
BINSP-02347,0.9815,5.2881,50.5,60.69,3.239,pass,0.2219,low
BINSP-02348,1.1643,4.3942,52.95,60.54,3.662,pass,0.2327,low
BINSP-02349,0.767,3.7646,50.68,61.37,3.443,pass,0.18,low
BINSP-02350,0.7173,3.5066,47.31,58.93,2.595,pass,0.1752,low
BINSP-02351,0.7898,3.6071,49.09,60.94,2.385,pass,0.1558,low
BINSP-02352,0.7019,5.3237,44.18,57.51,2.296,pass,0.2176,low
BINSP-02353,0.6292,2.861,52.33,60.84,2.296,pass,0.1407,low
BINSP-02354,0.6363,3.755,46.19,60.0,2.387,pass,0.1521,low
BINSP-02355,1.1256,4.0417,51.45,63.91,2.68,pass,0.2428,low
BINSP-02356,0.8367,5.0426,46.93,59.05,2.746,pass,0.2131,low
BINSP-02357,0.9031,5.0507,51.09,62.93,2.84,pass,0.2331,low
BINSP-02358,0.7549,3.8998,41.75,61.28,3.041,pass,0.1454,low
BINSP-02359,0.9083,4.9342,48.41,61.33,2.444,pass,0.1932,low
BINSP-02360,1.0425,5.1974,51.31,59.79,2.858,pass,0.2361,low
BINSP-02361,0.9403,4.2774,47.12,60.99,2.864,pass,0.1783,low
BINSP-02362,0.9089,3.8487,52.22,60.66,0.781,pass,0.1646,low
BINSP-02363,0.8366,5.8908,54.24,61.71,2.642,pass,0.235,low
BINSP-02364,1.0649,5.2436,51.31,60.65,1.821,pass,0.2132,low
BINSP-02365,1.0941,6.1541,54.39,62.01,2.892,pass,0.2667,medium
BINSP-02366,0.9548,4.1249,44.27,62.53,2.059,pass,0.1797,low
BINSP-02367,1.0812,4.5464,49.37,56.58,1.77,pass,0.2543,medium
BINSP-02368,1.1188,3.777,50.78,56.63,2.267,pass,0.2516,medium
BINSP-02369,1.0713,3.9121,54.59,67.63,2.713,pass,0.3031,medium
BINSP-02370,0.6219,3.9772,49.08,60.49,3.359,pass,0.1696,low
BINSP-02371,1.1766,6.9023,55.91,60.63,4.138,pass,0.2981,medium
BINSP-02372,0.4993,4.8693,47.72,60.69,2.172,pass,0.1568,low
BINSP-02373,0.9552,4.5422,50.22,58.99,1.846,pass,0.2129,low
BINSP-02374,0.9424,5.7029,57.09,58.51,3.19,pass,0.2818,medium
BINSP-02375,0.6746,4.8326,44.46,61.69,1.644,pass,0.157,low
BINSP-02376,1.0155,4.8146,49.18,60.68,3.754,pass,0.2166,low
BINSP-02377,0.5727,4.3816,49.68,58.94,3.494,pass,0.2011,low
BINSP-02378,1.1188,4.175,40.18,59.24,2.778,pass,0.1906,low
BINSP-02379,1.1611,4.1616,44.11,58.94,2.203,pass,0.2044,low
BINSP-02380,1.1467,5.3214,51.9,62.29,3.072,pass,0.2517,medium
BINSP-02381,1.3761,5.7347,54.91,60.51,2.357,pass,0.2661,medium
BINSP-02382,1.206,5.3448,53.69,60.12,3.021,pass,0.2557,medium
BINSP-02383,0.9105,4.8777,52.9,62.19,2.304,pass,0.2186,low
BINSP-02384,0.8304,4.2945,50.7,61.58,2.605,pass,0.1883,low
BINSP-02385,0.924,5.1839,51.28,61.44,3.757,pass,0.2265,low
BINSP-02386,0.8754,5.911,52.89,60.28,3.47,pass,0.2437,low
BINSP-02387,1.1762,6.0364,47.22,62.7,3.186,pass,0.2599,medium
BINSP-02388,0.8727,4.0729,49.07,58.62,3.109,pass,0.2144,low
BINSP-02389,0.5009,3.9055,44.03,58.96,2.63,pass,0.1566,low
BINSP-02390,0.7266,5.277,51.67,62.4,4.038,pass,0.2334,low
BINSP-02391,0.6554,3.9119,40.53,59.39,2.583,pass,0.1488,low
BINSP-02392,1.0446,3.2874,50.64,60.45,1.201,pass,0.166,low
BINSP-02393,1.09,4.5117,50.65,61.15,2.713,pass,0.2059,low
BINSP-02394,1.0169,4.6119,49.29,60.99,2.928,pass,0.1986,low
BINSP-02395,1.0657,3.1628,50.52,64.41,2.417,pass,0.2221,low
BINSP-02396,0.8706,4.0177,50.06,63.56,3.47,pass,0.2236,low
BINSP-02397,0.9187,5.2204,52.54,61.26,3.622,pass,0.2267,low
BINSP-02398,0.9967,4.5443,47.95,63.22,4.974,pass,0.2489,low
BINSP-02399,1.1692,4.1791,48.84,68.14,3.096,pass,0.3082,medium
BINSP-02400,0.9954,4.1044,51.92,61.91,2.867,pass,0.2084,low
BINSP-02401,1.2229,5.2492,51.95,56.68,3.675,pass,0.3086,medium
BINSP-02402,0.8999,4.89,49.17,60.21,1.94,pass,0.1952,low
BINSP-02403,0.9828,2.8855,52.32,58.81,3.162,pass,0.2073,low
BINSP-02404,1.1672,4.3961,47.86,61.93,2.16,pass,0.2046,low
BINSP-02405,0.7499,4.678,50.51,61.37,3.764,pass,0.2004,low
BINSP-02406,0.4962,3.4918,50.66,60.97,3.827,pass,0.1547,low
BINSP-02407,0.7616,3.0705,40.47,59.2,3.576,pass,0.1542,low
BINSP-02408,0.9983,4.6966,49.1,58.31,4.093,pass,0.2524,medium
BINSP-02409,0.992,4.2293,54.17,60.0,1.819,pass,0.2072,low
BINSP-02410,0.5442,4.3076,47.63,62.36,3.7,pass,0.1825,low
BINSP-02411,1.0388,4.4329,51.0,61.04,3.296,pass,0.2072,low
BINSP-02412,1.2359,4.8911,52.78,59.77,3.543,pass,0.2573,medium
BINSP-02413,0.757,3.8673,49.83,59.59,2.821,pass,0.1867,low
BINSP-02414,0.803,4.2436,41.97,63.32,2.103,pass,0.1758,low
BINSP-02415,0.8431,5.4941,56.63,60.87,4.648,pass,0.2511,medium
BINSP-02416,1.2217,6.2034,49.12,61.59,3.835,pass,0.2639,medium
BINSP-02417,0.4658,4.0144,46.0,62.64,3.215,pass,0.164,low
BINSP-02418,0.6083,4.806,50.23,61.82,2.709,pass,0.1859,low
BINSP-02419,0.6351,5.4091,46.54,61.67,3.026,pass,0.1889,low
BINSP-02420,0.9071,4.5397,49.01,62.77,2.708,pass,0.2121,low
BINSP-02421,0.7024,4.1342,48.94,61.1,3.758,pass,0.1767,low
BINSP-02422,1.2624,3.982,44.82,60.39,2.42,pass,0.1912,low
BINSP-02423,1.5389,4.895,53.1,60.1,4.077,pass,0.2816,medium
BINSP-02424,0.7528,3.2926,49.42,60.88,3.609,pass,0.1635,low
BINSP-02425,0.639,4.7288,48.46,64.07,2.439,pass,0.211,low
BINSP-02426,0.3616,4.4195,48.11,61.05,3.019,pass,0.1456,low
BINSP-02427,0.8992,4.4615,51.86,58.93,1.899,pass,0.2144,low
BINSP-02428,0.8049,4.2048,53.87,61.68,1.393,pass,0.1824,low
BINSP-02429,0.8219,3.0594,52.42,58.84,4.077,pass,0.2101,low
BINSP-02430,1.1797,4.3765,50.55,60.38,2.531,pass,0.2142,low
BINSP-02431,0.9678,5.4806,52.73,59.76,2.278,pass,0.2346,low
BINSP-02432,0.7661,5.0051,49.15,60.22,3.216,pass,0.203,low
BINSP-02433,0.695,4.8031,50.61,62.59,3.903,pass,0.2193,low
BINSP-02434,0.9338,5.5744,50.52,65.33,2.531,pass,0.2761,medium
BINSP-02435,0.9625,4.2227,55.39,65.71,3.558,pass,0.2856,medium
BINSP-02436,1.0783,2.8956,48.12,60.4,4.541,pass,0.1928,low
BINSP-02437,0.8686,3.8467,42.64,59.82,1.634,pass,0.1521,low
BINSP-02438,0.9881,3.6001,49.74,63.12,1.598,pass,0.1934,low
BINSP-02439,0.6916,3.5993,48.67,59.27,2.902,pass,0.1784,low
BINSP-02440,1.074,4.6591,57.72,62.72,2.504,pass,0.2527,medium
BINSP-02441,0.9988,4.7574,49.01,59.67,1.802,pass,0.2054,low
BINSP-02442,0.8917,3.6709,56.61,58.6,2.746,pass,0.2293,low
BINSP-02443,0.5908,3.0921,45.01,59.86,1.287,pass,0.1204,low
BINSP-02444,0.6434,5.9182,47.27,59.33,3.618,pass,0.2244,low
BINSP-02445,1.1429,2.921,53.17,59.1,2.911,pass,0.215,low
BINSP-02446,0.8102,3.5912,45.57,64.55,1.809,pass,0.1905,low
BINSP-02447,0.6452,4.6056,46.4,56.6,2.689,pass,0.2251,low
BINSP-02448,0.2171,4.4488,49.7,59.7,3.39,pass,0.1645,low
BINSP-02449,0.9567,4.1908,57.43,59.13,2.479,pass,0.2359,low
BINSP-02450,1.1309,5.2732,55.56,59.4,2.249,pass,0.2568,medium
BINSP-02451,1.0363,3.5074,52.97,61.74,1.999,pass,0.19,low
BINSP-02452,1.2803,4.2754,57.8,61.56,2.689,pass,0.2447,low
BINSP-02453,0.5894,4.0003,45.55,62.18,2.302,pass,0.1531,low
BINSP-02454,1.1492,5.5525,52.0,61.82,2.931,pass,0.2481,low
BINSP-02455,0.4684,3.4901,46.72,62.44,4.046,pass,0.1631,low
BINSP-02456,1.055,5.0159,43.29,61.91,3.404,pass,0.2082,low
BINSP-02457,0.6892,4.2408,42.49,62.74,2.412,pass,0.1645,low
BINSP-02458,0.8406,4.7204,54.73,63.95,3.596,pass,0.2586,medium
BINSP-02459,1.0322,5.1627,52.03,62.23,2.207,pass,0.2295,low
BINSP-02460,0.7078,4.471,45.63,61.82,2.1,pass,0.1635,low
BINSP-02461,0.7426,4.2032,51.99,59.87,1.378,pass,0.1782,low
BINSP-02462,0.9659,4.8025,45.71,58.21,1.89,pass,0.2158,low
BINSP-02463,1.3179,5.5485,50.76,61.27,3.782,pass,0.2579,medium
BINSP-02464,0.8322,4.3573,50.01,60.74,3.423,pass,0.1924,low
BINSP-02465,0.975,5.767,50.43,63.07,4.651,pass,0.274,medium
BINSP-02466,1.1278,4.7846,49.69,60.73,3.6,pass,0.2233,low
BINSP-02467,1.1767,4.7799,49.17,58.12,4.056,pass,0.2695,medium
BINSP-02468,0.5313,5.8104,52.72,60.65,3.006,pass,0.2054,low
BINSP-02469,1.389,6.6295,52.12,61.38,3.206,pass,0.2838,medium
BINSP-02470,0.9888,3.8522,50.83,60.4,1.692,pass,0.1805,low
BINSP-02471,0.8481,3.4718,49.68,61.35,2.722,pass,0.1677,low
BINSP-02472,1.0012,4.4724,44.41,62.34,2.792,pass,0.1964,low
BINSP-02473,0.9573,4.3424,52.87,62.2,2.854,pass,0.218,low
BINSP-02474,0.9223,4.7686,49.43,57.8,3.583,pass,0.251,medium
BINSP-02475,0.7763,4.1964,48.23,59.96,2.66,pass,0.1817,low
BINSP-02476,0.3874,4.319,45.94,57.9,2.894,pass,0.1823,low
BINSP-02477,0.5503,4.3545,48.2,61.36,2.687,pass,0.1587,low
BINSP-02478,0.8573,3.7675,51.82,58.95,3.526,pass,0.2165,low
BINSP-02479,0.9904,4.6157,47.56,60.46,2.519,pass,0.1938,low
BINSP-02480,0.5182,2.6021,47.94,61.51,3.364,pass,0.1309,low
BINSP-02481,1.1119,5.0778,48.83,58.55,1.859,pass,0.2368,low
BINSP-02482,1.1112,5.5643,51.08,66.21,2.931,pass,0.3085,medium
BINSP-02483,0.8184,3.9687,50.11,61.33,2.978,pass,0.1797,low
BINSP-02484,0.8727,3.764,50.1,64.87,2.257,pass,0.2238,low
BINSP-02485,0.4365,4.171,48.75,62.58,3.142,pass,0.1725,low
BINSP-02486,0.8586,2.694,52.47,61.86,2.91,pass,0.1721,low
BINSP-02487,1.0467,5.5306,50.99,62.3,3.275,pass,0.2483,low
BINSP-02488,1.167,4.7367,52.61,60.04,3.489,pass,0.2439,low
BINSP-02489,1.0387,4.5446,52.14,60.03,2.437,pass,0.2169,low
BINSP-02490,1.207,5.3968,55.7,59.3,2.967,pass,0.2753,medium
BINSP-02491,0.791,5.2145,45.01,62.35,1.505,pass,0.183,low
BINSP-02492,1.1223,5.5827,58.29,57.28,2.849,pass,0.3106,medium
BINSP-02493,0.7361,4.0081,49.21,60.86,2.852,pass,0.1672,low
BINSP-02494,1.0369,4.7031,54.5,60.49,3.754,pass,0.2368,low
BINSP-02495,0.7491,3.3673,47.58,61.24,2.071,pass,0.142,low
BINSP-02496,0.7193,4.4516,46.99,59.91,3.425,pass,0.1884,low
BINSP-02497,1.1243,5.3194,52.08,56.88,2.901,pass,0.2911,medium
BINSP-02498,1.047,4.3687,49.72,54.42,2.053,pass,0.2853,medium
BINSP-02499,0.7434,3.4645,49.52,61.0,3.334,pass,0.1616,low
BINSP-02500,1.0477,4.7453,53.32,58.4,2.972,pass,0.2565,medium
BINSP-02501,0.9661,3.1235,49.54,65.75,1.978,pass,0.2257,low
BINSP-02502,1.2456,5.6632,49.01,62.84,2.701,pass,0.2597,medium
BINSP-02503,1.0609,5.8888,53.32,59.42,2.95,pass,0.2647,medium
BINSP-02504,1.3442,4.7255,54.43,63.47,1.868,pass,0.2657,medium
BINSP-02505,1.142,4.6936,50.68,57.57,2.962,pass,0.2655,medium
BINSP-02506,0.9543,4.0064,46.05,57.05,2.384,pass,0.2235,low
BINSP-02507,1.3193,6.2504,57.72,64.32,2.121,pass,0.3214,medium
BINSP-02508,0.8056,5.3394,53.51,60.61,1.306,pass,0.1985,low
BINSP-02509,0.9449,5.6343,46.42,59.29,2.701,pass,0.2269,low
BINSP-02510,0.767,3.8453,50.18,61.96,3.244,pass,0.1864,low
BINSP-02511,1.1911,4.2617,51.67,64.7,3.487,pass,0.274,medium
BINSP-02512,0.7584,5.793,48.85,57.5,3.534,pass,0.2617,medium
BINSP-02513,0.7483,4.6518,46.3,62.38,3.252,pass,0.1945,low
BINSP-02514,0.4646,3.2125,43.95,61.28,2.379,pass,0.1104,low
BINSP-02515,1.0402,5.4235,49.18,64.58,2.087,pass,0.2596,medium
BINSP-02516,0.6097,3.5606,47.13,64.27,1.513,pass,0.1729,low
BINSP-02517,0.9883,4.7731,51.6,61.01,2.77,pass,0.2057,low
BINSP-02518,0.9406,5.3918,50.99,61.11,3.351,pass,0.221,low
BINSP-02519,0.9769,5.5974,53.04,60.53,2.559,pass,0.2305,low
BINSP-02520,1.0199,4.372,51.53,60.08,2.485,pass,0.2098,low
BINSP-02521,1.1038,2.9537,47.43,58.38,2.106,pass,0.1945,low
BINSP-02522,0.9452,3.0078,50.62,60.93,2.4,pass,0.1604,low
BINSP-02523,1.1692,4.6558,48.2,62.63,2.739,pass,0.2287,low
BINSP-02524,0.6885,4.6535,54.6,61.57,2.524,pass,0.1975,low
BINSP-02525,0.9711,5.2882,48.0,63.38,3.288,pass,0.2442,low
BINSP-02526,1.0749,4.5463,46.59,63.21,4.086,pass,0.2391,low
BINSP-02527,1.096,4.6952,50.52,64.73,2.716,pass,0.2633,medium
BINSP-02528,0.6806,2.9175,43.91,63.87,2.953,pass,0.1656,low
BINSP-02529,0.663,3.7386,49.87,59.97,2.698,pass,0.1703,low
BINSP-02530,1.0888,5.531,52.75,57.69,3.671,pass,0.2922,medium
BINSP-02531,0.8715,4.8037,49.21,62.62,2.988,pass,0.2166,low
BINSP-02532,1.0899,4.256,51.22,60.83,3.083,pass,0.2075,low
BINSP-02533,0.4676,4.9855,43.72,60.58,1.507,pass,0.137,low
BINSP-02534,1.0169,5.4434,51.95,60.11,3.17,pass,0.2402,low
BINSP-02535,0.7411,4.0866,50.28,62.33,2.132,pass,0.1819,low
BINSP-02536,1.2401,4.4258,47.69,59.87,1.647,pass,0.2067,low
BINSP-02537,0.9983,4.1843,49.34,61.94,3.143,pass,0.2054,low
BINSP-02538,0.7475,3.51,44.86,61.13,2.15,pass,0.1347,low
BINSP-02539,0.4015,4.8414,50.99,62.54,1.793,pass,0.1742,low
BINSP-02540,1.2774,5.2656,50.15,58.96,2.639,pass,0.2602,medium
BINSP-02541,1.0629,6.0829,51.96,55.97,2.948,pass,0.3158,medium
BINSP-02542,1.2113,5.3886,53.75,62.28,3.979,pass,0.2747,medium
BINSP-02543,1.0738,5.1666,55.42,63.67,3.707,pass,0.2837,medium
BINSP-02544,0.7587,5.1598,53.9,59.11,2.255,pass,0.2267,low
BINSP-02545,0.7051,5.6187,49.99,61.95,2.873,pass,0.2123,low
BINSP-02546,0.8752,4.5953,43.32,62.93,2.189,pass,0.1877,low
BINSP-02547,0.9788,4.0762,51.15,58.74,3.609,pass,0.2333,low
BINSP-02548,0.9823,5.1972,50.9,62.41,3.941,pass,0.2463,low
BINSP-02549,0.8104,4.6122,52.23,61.67,2.599,pass,0.1997,low
BINSP-02550,0.8058,4.3604,48.0,58.9,4.252,pass,0.2213,low
BINSP-02551,1.0324,3.4391,50.3,61.79,3.395,pass,0.1969,low
BINSP-02552,1.2143,4.0001,48.76,58.48,2.378,pass,0.2296,low
BINSP-02553,0.5013,4.1358,44.64,60.09,3.509,pass,0.157,low
BINSP-02554,1.143,5.0309,46.72,58.11,2.964,pass,0.2509,medium
BINSP-02555,1.0921,5.4411,48.53,63.17,2.609,pass,0.2465,low
BINSP-02556,1.1339,5.33,50.42,59.29,3.851,pass,0.2616,medium
BINSP-02557,0.8823,4.2802,45.58,60.73,2.858,pass,0.1727,low
BINSP-02558,0.9766,3.8052,48.89,61.3,2.645,pass,0.1792,low
BINSP-02559,0.7761,4.2045,51.72,59.5,2.291,pass,0.1961,low
BINSP-02560,0.7823,4.9869,49.98,58.96,1.874,pass,0.2094,low
BINSP-02561,0.8368,4.0533,47.13,57.84,1.93,pass,0.2024,low
BINSP-02562,0.8655,5.0701,48.7,61.92,2.635,pass,0.205,low
BINSP-02563,0.7498,4.8901,54.6,57.91,2.968,pass,0.2497,low
BINSP-02564,0.9456,3.0981,41.87,57.22,4.062,pass,0.2081,low
BINSP-02565,0.4765,2.8505,46.38,61.69,1.2,pass,0.1043,low
BINSP-02566,1.0702,5.7538,53.9,61.04,3.527,pass,0.2484,low
BINSP-02567,0.7552,5.7104,50.76,61.61,3.733,pass,0.2254,low
BINSP-02568,0.4686,3.8141,46.79,58.97,2.051,pass,0.1547,low
BINSP-02569,1.0385,5.3121,50.43,57.1,2.811,pass,0.2749,medium
BINSP-02570,0.8674,3.9702,56.81,63.8,2.357,pass,0.2354,low
BINSP-02571,0.6053,4.3296,47.71,60.22,3.166,pass,0.1725,low
BINSP-02572,0.9137,5.0592,51.17,63.29,1.286,pass,0.2209,low
BINSP-02573,0.8505,3.3979,48.13,58.67,3.508,pass,0.2002,low
BINSP-02574,0.9056,4.1138,45.34,61.94,2.619,pass,0.1775,low
BINSP-02575,0.6065,5.9566,53.86,62.67,2.419,pass,0.2304,low
BINSP-02576,0.3714,3.4527,47.71,64.94,2.696,pass,0.1801,low
BINSP-02577,1.1468,4.8986,48.41,62.22,3.448,pass,0.235,low
BINSP-02578,0.6562,3.5904,46.15,61.11,3.336,pass,0.1481,low
BINSP-02579,0.9477,4.9575,52.81,65.08,3.791,pass,0.2838,medium
BINSP-02580,1.2558,3.8865,51.01,56.33,3.144,pass,0.2794,medium
BINSP-02581,0.883,3.9148,53.7,57.37,3.688,pass,0.2533,medium
BINSP-02582,1.0959,5.1496,51.6,62.59,4.489,pass,0.2652,medium
BINSP-02583,1.0492,3.3586,47.45,60.05,2.107,pass,0.1739,low
BINSP-02584,0.8803,4.8752,46.34,64.06,2.951,pass,0.2301,low
BINSP-02585,0.8867,4.6166,45.8,61.77,3.051,pass,0.1904,low
BINSP-02586,0.5564,4.5093,55.84,60.59,2.264,pass,0.1838,low
BINSP-02587,0.7596,5.1419,50.91,61.01,4.161,pass,0.211,low
BINSP-02588,0.9605,5.3245,49.72,60.97,2.13,pass,0.2009,low
BINSP-02589,0.8994,3.7662,51.88,60.7,3.255,pass,0.1903,low
BINSP-02590,0.593,5.0266,46.87,60.19,3.405,pass,0.1861,low
BINSP-02591,1.0243,5.4857,48.06,66.4,1.64,pass,0.2777,medium
BINSP-02592,1.1299,5.0785,45.37,61.73,3.585,pass,0.2213,low
BINSP-02593,1.0592,3.685,50.11,62.3,1.214,pass,0.1846,low
BINSP-02594,1.0054,4.285,58.87,61.47,3.859,pass,0.2416,low
BINSP-02595,0.4583,3.4778,45.89,57.92,1.735,pass,0.1562,low
BINSP-02596,0.7924,4.1259,45.64,57.17,3.873,pass,0.229,low
BINSP-02597,1.2066,4.5519,56.59,62.21,3.63,pass,0.2621,medium
BINSP-02598,0.9163,4.5714,47.63,60.85,4.163,pass,0.2018,low
BINSP-02599,0.8899,4.7511,45.93,56.48,2.283,pass,0.2408,low
BINSP-02600,0.7134,4.0231,54.63,63.38,2.007,pass,0.2077,low
BINSP-02601,0.5304,4.6855,47.8,61.12,1.922,pass,0.1497,low
BINSP-02602,1.0757,4.6152,51.15,59.18,2.102,pass,0.2263,low
BINSP-02603,1.2982,5.7363,55.82,61.93,3.357,pass,0.2821,medium
BINSP-02604,1.0861,5.2915,50.58,61.26,3.345,pass,0.2302,low
BINSP-02605,0.8911,3.9627,42.95,59.84,2.823,pass,0.1711,low
BINSP-02606,0.5622,5.2073,55.42,58.46,2.869,pass,0.2359,low
BINSP-02607,0.7708,3.6303,47.57,56.74,2.749,pass,0.2171,low
BINSP-02608,1.1727,4.7537,56.03,58.63,2.423,pass,0.2646,medium
BINSP-02609,0.6353,5.4025,46.92,61.16,2.7,pass,0.1785,low
BINSP-02610,1.0987,5.6965,49.16,61.36,3.131,pass,0.2333,low
BINSP-02611,1.1201,5.5198,53.19,61.68,2.797,pass,0.2457,low
BINSP-02612,0.6599,4.0739,49.58,62.54,2.49,pass,0.1809,low
BINSP-02613,0.7233,4.6332,54.56,60.99,3.233,pass,0.1995,low
BINSP-02614,0.7946,4.9167,51.08,60.7,3.22,pass,0.2027,low
BINSP-02615,0.8965,3.9049,48.45,60.1,3.184,pass,0.1894,low
BINSP-02616,0.8907,4.2536,51.02,64.55,2.597,pass,0.2373,low
BINSP-02617,1.0536,3.7361,48.5,59.18,4.178,pass,0.2231,low
BINSP-02618,1.0017,6.1321,48.98,60.21,2.811,pass,0.2371,low
BINSP-02619,1.0883,5.4115,52.99,61.5,3.672,pass,0.2484,low
BINSP-02620,1.2788,4.0543,51.34,59.06,3.265,pass,0.246,low
BINSP-02621,0.9411,5.4858,48.82,59.06,3.25,pass,0.2418,low
BINSP-02622,0.9037,4.0683,48.57,61.73,3.093,pass,0.1899,low
BINSP-02623,1.1588,4.7305,49.12,61.56,2.372,pass,0.2121,low
BINSP-02624,0.806,4.9294,43.85,63.83,1.812,pass,0.2004,low
BINSP-02625,0.8862,4.4922,43.37,60.61,2.291,pass,0.1648,low
BINSP-02626,0.6179,2.6238,48.55,66.47,3.322,pass,0.2143,low
BINSP-02627,1.0984,5.3338,48.97,63.79,3.126,pass,0.2617,medium
BINSP-02628,0.6646,3.7972,53.03,56.79,3.376,pass,0.2381,low
BINSP-02629,1.4671,5.7666,46.14,59.01,3.786,pass,0.2832,medium
BINSP-02630,1.0536,4.0486,52.27,58.52,3.433,pass,0.2431,low
BINSP-02631,0.7545,4.1428,51.1,59.76,2.033,pass,0.1842,low
BINSP-02632,0.6057,3.7014,39.71,61.56,2.02,pass,0.1159,low
BINSP-02633,1.1136,4.7499,58.07,61.97,3.759,pass,0.2623,medium
BINSP-02634,0.9967,4.8892,52.44,62.64,1.683,pass,0.2227,low
BINSP-02635,0.8291,5.9336,51.37,59.67,2.134,pass,0.2289,low
BINSP-02636,0.9977,5.5014,61.24,57.2,3.049,pass,0.3137,medium
BINSP-02637,0.9244,3.065,48.48,62.98,3.954,pass,0.2001,low
BINSP-02638,1.2529,5.9714,53.6,61.33,3.457,pass,0.2683,medium
BINSP-02639,0.8758,3.387,49.92,62.78,2.746,pass,0.1904,low
BINSP-02640,0.4226,5.1994,49.06,55.53,3.008,pass,0.25,medium
BINSP-02641,0.6954,4.133,52.68,61.61,2.049,pass,0.1759,low
BINSP-02642,1.0534,4.7022,50.45,58.42,4.524,pass,0.2645,medium
BINSP-02643,0.946,4.9604,48.78,61.69,1.984,pass,0.1976,low
BINSP-02644,0.9642,4.4508,53.22,59.39,2.277,pass,0.2211,low
BINSP-02645,0.5365,4.3448,50.99,59.25,3.383,pass,0.1962,low
BINSP-02646,1.2836,5.5564,54.82,59.96,3.627,pass,0.279,medium
BINSP-02647,0.9463,4.5653,50.98,61.55,3.028,pass,0.2075,low
BINSP-02648,0.8572,4.469,45.71,59.56,2.401,pass,0.1873,low
BINSP-02649,0.591,4.4582,49.71,59.89,2.237,pass,0.1747,low
BINSP-02650,0.5906,2.6619,47.05,61.43,3.158,pass,0.1306,low
BINSP-02651,0.7707,5.7065,49.97,56.39,3.152,pass,0.2768,medium
BINSP-02652,1.0299,4.3632,56.15,60.53,2.457,pass,0.2189,low
BINSP-02653,0.8511,4.614,53.17,61.53,3.278,pass,0.2119,low
BINSP-02654,0.7878,2.9327,46.61,61.3,2.906,pass,0.1435,low
BINSP-02655,0.983,4.3163,51.55,60.77,2.837,pass,0.2001,low
BINSP-02656,0.6016,3.6052,43.38,61.62,2.726,pass,0.1355,low
BINSP-02657,1.0416,5.4816,53.85,62.1,4.897,pass,0.2731,medium
BINSP-02658,0.744,3.451,46.72,61.06,1.98,pass,0.1364,low
BINSP-02659,1.2042,3.812,56.91,62.58,2.627,pass,0.2416,low
BINSP-02660,0.295,3.7945,45.82,57.64,1.232,pass,0.1488,low
BINSP-02661,0.8937,5.6315,52.71,63.82,3.842,pass,0.2749,medium
BINSP-02662,0.9244,5.4481,53.78,58.63,4.484,pass,0.2779,medium
BINSP-02663,1.0203,5.2278,49.84,60.14,3.046,pass,0.2271,low
BINSP-02664,1.1136,4.2393,46.15,64.35,2.862,pass,0.2367,low
BINSP-02665,1.0986,4.8453,52.69,63.62,3.154,pass,0.2624,medium
BINSP-02666,0.618,5.3305,47.85,59.64,1.427,pass,0.1818,low
BINSP-02667,1.0274,5.2234,50.3,62.56,3.952,pass,0.2505,medium
BINSP-02668,0.7815,4.2843,47.39,60.47,2.078,pass,0.1664,low
BINSP-02669,0.8004,3.5464,46.45,62.55,2.347,pass,0.1683,low
BINSP-02670,1.1632,4.8342,54.66,61.61,2.783,pass,0.2388,low
BINSP-02671,0.8086,3.4131,52.97,60.0,1.898,pass,0.1746,low
BINSP-02672,0.9513,3.482,52.05,58.19,3.529,pass,0.2299,low
BINSP-02673,1.1554,3.9491,47.73,58.55,2.747,pass,0.2243,low
BINSP-02674,0.8985,4.538,51.99,64.66,2.394,pass,0.2461,low
BINSP-02675,0.9414,5.3059,48.82,61.57,2.915,pass,0.2137,low
BINSP-02676,1.0845,4.0514,52.93,62.43,3.467,pass,0.2323,low
BINSP-02677,0.3442,4.0493,48.87,62.0,2.774,pass,0.1508,low
BINSP-02678,0.9226,4.116,43.19,61.76,2.034,pass,0.1618,low
BINSP-02679,1.1523,5.4459,50.8,60.25,2.911,pass,0.2409,low
BINSP-02680,1.1456,4.9444,48.66,65.37,2.066,pass,0.2673,medium
BINSP-02681,1.0229,4.1321,52.94,64.69,1.137,pass,0.2354,low
BINSP-02682,0.6999,4.6686,54.71,60.63,3.121,pass,0.2031,low
BINSP-02683,1.0597,5.078,55.03,60.01,4.162,pass,0.2598,medium
BINSP-02684,0.7279,4.2635,56.57,63.09,2.379,pass,0.2201,low
BINSP-02685,0.7685,4.2799,46.57,61.54,0.747,pass,0.1467,low
BINSP-02686,0.7758,3.647,46.26,61.09,3.278,pass,0.1571,low
BINSP-02687,1.1704,5.9276,54.26,61.07,1.769,pass,0.2396,low
BINSP-02688,0.9522,4.3221,47.99,60.19,2.397,pass,0.1894,low
BINSP-02689,1.1716,4.9572,48.56,58.61,2.823,pass,0.2484,low
BINSP-02690,0.9104,2.8329,51.3,58.28,2.03,pass,0.192,low
BINSP-02691,0.9847,3.812,58.52,62.08,2.96,pass,0.2278,low
BINSP-02692,1.1145,5.053,51.61,59.12,2.954,pass,0.2505,medium
BINSP-02693,0.6277,3.7307,47.9,58.0,2.229,pass,0.1848,low
BINSP-02694,1.1445,6.0368,47.61,60.55,2.378,pass,0.2304,low
BINSP-02695,1.1822,4.7437,57.24,63.14,3.229,pass,0.2755,medium
BINSP-02696,0.744,5.4039,48.82,58.25,1.121,pass,0.2126,low
BINSP-02697,0.9744,3.2933,48.99,59.31,3.51,pass,0.2003,low
BINSP-02698,0.7466,2.2895,43.76,61.13,1.214,pass,0.0953,low
BINSP-02699,0.9316,4.2412,45.31,60.13,3.183,pass,0.1875,low
BINSP-02700,0.7488,4.1815,48.19,60.5,3.389,pass,0.1798,low
BINSP-02701,1.2989,5.3509,55.83,58.2,3.88,pass,0.3088,medium
BINSP-02702,1.2763,4.993,54.03,62.41,3.491,pass,0.2684,medium
BINSP-02703,0.9921,4.0895,46.02,62.82,3.434,pass,0.2085,low
BINSP-02704,0.9321,5.7571,57.74,58.87,1.907,pass,0.2636,medium
BINSP-02705,0.6814,4.8208,53.33,60.67,3.512,pass,0.2042,low
BINSP-02706,0.8629,4.2637,47.09,63.21,1.325,pass,0.1868,low
BINSP-02707,0.6965,3.0684,43.66,61.56,1.95,pass,0.1223,low
BINSP-02708,1.0263,4.5131,51.39,60.38,3.137,pass,0.2159,low
BINSP-02709,0.6353,5.4108,45.35,64.84,1.097,pass,0.2094,low
BINSP-02710,0.7444,4.5124,49.05,58.9,2.892,pass,0.2072,low
BINSP-02711,1.1349,4.7185,57.17,59.54,3.687,pass,0.2667,medium
BINSP-02712,0.8253,4.5583,53.12,56.76,3.279,pass,0.2645,medium
BINSP-02713,0.5211,3.7283,47.12,62.07,2.441,pass,0.1482,low
BINSP-02714,1.0598,4.8948,50.59,62.9,2.981,pass,0.2407,low
BINSP-02715,0.8953,6.1184,50.26,63.6,2.651,pass,0.2588,medium
BINSP-02716,1.2587,5.3519,52.69,61.09,3.083,pass,0.2451,low
BINSP-02717,0.6201,3.9193,47.55,63.93,2.412,pass,0.1881,low
BINSP-02718,1.0198,4.62,54.14,59.64,2.055,pass,0.2251,low
BINSP-02719,1.0386,3.8066,57.16,61.46,3.977,pass,0.2299,low
BINSP-02720,1.1375,4.7173,56.4,60.35,2.946,pass,0.2432,low
BINSP-02721,1.0207,4.7998,53.66,58.96,4.28,pass,0.264,medium
BINSP-02722,0.708,5.4115,46.36,60.1,3.001,pass,0.1967,low
BINSP-02723,1.0419,3.8811,52.3,56.04,2.946,pass,0.2704,medium
BINSP-02724,0.9554,6.0578,46.87,61.25,3.005,pass,0.2193,low
BINSP-02725,1.2405,5.8875,46.85,59.15,2.161,pass,0.2502,medium
BINSP-02726,0.9665,5.1343,51.98,58.92,3.166,pass,0.2484,low
BINSP-02727,0.7558,4.1073,49.26,65.67,2.047,pass,0.229,low
BINSP-02728,0.7801,4.1423,47.81,61.26,2.44,pass,0.1651,low
BINSP-02729,0.6861,4.4055,46.64,63.02,1.82,pass,0.1786,low
BINSP-02730,1.1914,5.9107,52.3,58.77,3.102,pass,0.2826,medium
BINSP-02731,0.9726,3.1641,53.67,59.29,3.696,pass,0.2159,low
BINSP-02732,0.719,4.8326,53.47,60.7,2.711,pass,0.1975,low
BINSP-02733,0.5685,4.797,48.0,60.16,2.947,pass,0.1785,low
BINSP-02734,1.2406,5.0368,49.3,64.24,2.345,pass,0.2644,medium
BINSP-02735,0.7482,4.9929,43.61,59.34,2.815,pass,0.1911,low
BINSP-02736,0.58,4.1624,50.54,62.81,2.509,pass,0.1846,low
BINSP-02737,0.874,5.2865,46.28,57.65,3.742,pass,0.2515,medium
BINSP-02738,0.9747,4.1285,50.13,60.25,2.599,pass,0.1958,low
BINSP-02739,0.7587,2.5721,47.2,60.41,2.204,pass,0.1322,low
BINSP-02740,0.8844,4.0095,50.32,61.81,4.396,pass,0.2101,low
BINSP-02741,1.1082,5.0931,49.79,60.26,2.735,pass,0.225,low
BINSP-02742,0.638,5.9272,48.55,62.59,2.262,pass,0.2109,low
BINSP-02743,1.2789,5.5986,53.41,59.04,4.049,pass,0.2937,medium
BINSP-02744,1.3572,3.9138,57.15,64.14,3.316,pass,0.287,medium
BINSP-02745,0.7822,3.8755,49.08,66.89,1.42,pass,0.2364,low
BINSP-02746,0.8178,4.13,47.66,62.4,2.646,pass,0.1866,low
BINSP-02747,1.1264,5.6634,50.02,60.85,3.317,pass,0.2366,low
BINSP-02748,1.1499,4.9628,45.02,63.56,2.756,pass,0.2368,low
BINSP-02749,1.0587,5.1206,51.91,60.4,0.873,pass,0.2047,low
BINSP-02750,0.5768,4.3033,48.03,57.79,3.515,pass,0.2118,low
BINSP-02751,1.1831,5.2792,54.13,64.58,2.866,pass,0.293,medium
BINSP-02752,0.835,4.6479,50.2,61.28,2.908,pass,0.1931,low
BINSP-02753,1.1272,5.6682,53.32,59.85,3.874,pass,0.2696,medium
BINSP-02754,0.5994,4.4713,47.51,60.24,1.711,pass,0.1565,low
BINSP-02755,1.1038,3.4238,44.59,63.41,2.768,pass,0.1992,low
BINSP-02756,1.1193,6.094,47.73,61.42,3.305,pass,0.2409,low
BINSP-02757,0.5579,3.3373,47.79,59.11,1.468,pass,0.1459,low
BINSP-02758,0.7065,4.7009,42.01,60.21,1.631,pass,0.1496,low
BINSP-02759,1.239,4.6216,53.74,59.3,2.904,pass,0.2548,medium
BINSP-02760,0.0915,4.1921,48.6,63.15,2.579,pass,0.1495,low
BINSP-02761,0.7332,5.4114,49.64,63.01,3.464,pass,0.2318,low
BINSP-02762,0.9271,4.2404,49.2,61.21,2.719,pass,0.1848,low
BINSP-02763,1.0372,5.9987,49.58,61.62,2.953,pass,0.2382,low
BINSP-02764,0.7612,4.4887,50.89,61.47,3.435,pass,0.1962,low
BINSP-02765,0.8262,5.141,47.64,63.43,2.039,pass,0.2155,low
BINSP-02766,0.9385,4.2669,49.94,61.57,2.067,pass,0.1863,low
BINSP-02767,0.8065,5.4129,54.09,57.94,2.117,pass,0.2518,medium
BINSP-02768,0.323,2.4137,50.96,58.34,0.703,pass,0.1237,low
BINSP-02769,0.9203,4.6653,57.17,63.18,3.774,pass,0.262,medium
BINSP-02770,0.7213,4.3072,42.71,61.96,1.17,pass,0.1422,low
BINSP-02771,0.9534,4.308,55.12,61.98,3.0,pass,0.223,low
BINSP-02772,0.8019,2.956,48.77,58.16,3.326,pass,0.1956,low
BINSP-02773,1.102,3.8046,49.91,57.56,2.824,pass,0.2407,low
BINSP-02774,0.6697,3.2681,47.4,64.23,2.91,pass,0.1885,low
BINSP-02775,0.8605,5.3291,51.44,61.01,2.599,pass,0.2051,low
BINSP-02776,0.9544,4.2244,56.61,65.05,3.291,pass,0.2761,medium
BINSP-02777,1.0766,3.9802,50.57,59.84,2.643,pass,0.2082,low
BINSP-02778,1.0979,4.4528,53.15,59.84,3.299,pass,0.236,low
BINSP-02779,0.8605,5.9348,47.18,62.29,2.99,pass,0.2266,low
BINSP-02780,1.0002,4.0857,46.27,64.26,2.229,pass,0.2169,low
BINSP-02781,0.7567,4.1462,44.81,60.62,2.583,pass,0.1568,low
BINSP-02782,1.0157,5.4915,46.51,62.34,1.777,pass,0.2127,low
BINSP-02783,0.8142,4.9349,45.01,63.41,2.51,pass,0.207,low
BINSP-02784,0.8626,4.6418,46.09,60.3,2.294,pass,0.1801,low
BINSP-02785,0.871,6.1918,51.65,63.29,3.068,pass,0.2635,medium
BINSP-02786,0.9323,4.9892,53.35,58.17,2.17,pass,0.247,low
BINSP-02787,0.4148,3.7283,52.48,59.96,3.024,pass,0.1653,low
BINSP-02788,1.0624,3.7784,49.64,64.4,2.493,pass,0.2319,low
BINSP-02789,0.7586,4.0753,46.73,60.86,1.886,pass,0.1501,low
BINSP-02790,0.7654,4.7662,51.09,62.44,2.763,pass,0.2092,low
BINSP-02791,0.7101,3.874,48.09,58.69,2.976,pass,0.1928,low
BINSP-02792,0.8046,5.0252,52.75,60.16,3.883,pass,0.2272,low
BINSP-02793,1.0969,4.7665,47.95,62.46,1.841,pass,0.2116,low
BINSP-02794,1.015,5.4328,53.51,59.72,3.037,pass,0.2495,low
BINSP-02795,0.9164,4.7305,45.28,61.25,1.109,pass,0.1619,low
BINSP-02796,0.6979,5.2283,46.88,62.41,2.107,pass,0.191,low
BINSP-02797,0.8829,3.911,50.11,59.16,2.308,pass,0.1976,low
BINSP-02798,0.5576,4.2529,44.35,62.57,2.984,pass,0.1659,low
BINSP-02799,0.9465,4.5107,46.29,60.91,3.692,pass,0.1917,low
BINSP-02800,0.7579,4.9804,48.25,61.98,2.042,pass,0.1878,low
BINSP-02801,0.7223,5.5165,48.66,60.29,3.95,pass,0.2163,low
BINSP-02802,1.2264,4.2366,51.13,62.61,2.477,pass,0.2308,low
BINSP-02803,0.6762,3.7856,46.78,59.78,1.051,pass,0.1448,low
BINSP-02804,0.8928,4.147,47.3,60.2,2.223,pass,0.177,low
BINSP-02805,0.3947,3.1961,48.2,62.55,3.199,pass,0.1484,low
BINSP-02806,0.537,4.1878,41.08,62.04,1.764,pass,0.1294,low
BINSP-02807,1.2237,4.6393,45.92,62.77,3.284,pass,0.2331,low
BINSP-02808,0.8806,4.4458,42.77,61.23,1.725,pass,0.1523,low
BINSP-02809,1.0544,5.4358,49.17,60.8,3.372,pass,0.2255,low
BINSP-02810,0.7343,4.6815,45.07,63.94,4.919,pass,0.2333,low
BINSP-02811,0.4035,3.8155,40.68,58.51,2.894,pass,0.1464,low
BINSP-02812,0.8261,5.7031,51.34,57.07,2.132,pass,0.2629,medium
BINSP-02813,1.2434,4.4591,51.14,60.81,2.888,pass,0.2201,low
BINSP-02814,0.9189,4.9148,46.31,60.07,2.407,pass,0.195,low
BINSP-02815,1.1196,4.1247,47.51,59.78,2.195,pass,0.1995,low
BINSP-02816,0.7688,5.3656,49.66,58.64,2.981,pass,0.2329,low
BINSP-02817,0.9216,4.0027,48.0,62.29,3.104,pass,0.1964,low
BINSP-02818,1.0319,3.4897,46.76,58.46,3.422,pass,0.2125,low
BINSP-02819,0.6222,3.6464,48.08,63.86,1.581,pass,0.1736,low
BINSP-02820,1.0349,4.9923,51.0,59.5,2.581,pass,0.2313,low
BINSP-02821,0.6701,4.0841,47.53,61.35,3.181,pass,0.1653,low
BINSP-02822,1.1052,4.7575,51.49,59.03,1.619,pass,0.2288,low
BINSP-02823,0.7822,4.6791,47.35,61.69,1.589,pass,0.1706,low
BINSP-02824,0.6069,4.2627,51.99,59.45,2.672,pass,0.1914,low
BINSP-02825,0.533,4.4405,51.02,56.24,3.798,pass,0.2481,low
BINSP-02826,0.8653,3.6914,47.92,59.28,3.281,pass,0.1946,low
BINSP-02827,1.0241,4.8596,51.78,62.65,3.769,pass,0.2471,low
BINSP-02828,0.9625,4.6325,50.15,63.72,2.807,pass,0.2372,low
BINSP-02829,0.9329,5.4874,53.5,62.66,2.607,pass,0.2451,low
BINSP-02830,0.9971,3.0647,48.55,61.87,1.58,pass,0.1604,low
BINSP-02831,0.8933,4.4366,57.66,59.64,2.369,pass,0.228,low
BINSP-02832,0.6583,5.2568,50.78,60.74,2.718,pass,0.1921,low
BINSP-02833,1.5348,5.6188,53.52,58.2,4.102,pass,0.3259,medium
BINSP-02834,0.9012,4.9898,51.22,61.71,3.254,pass,0.2187,low
BINSP-02835,1.0123,5.8763,54.45,60.23,2.589,pass,0.2483,low
BINSP-02836,0.8222,5.1228,48.75,62.2,3.661,pass,0.2197,low
BINSP-02837,1.2286,4.8529,57.07,58.14,3.426,pass,0.2935,medium
BINSP-02838,0.8954,4.7835,48.15,62.55,2.823,pass,0.2112,low
BINSP-02839,1.0235,5.0308,60.4,56.91,2.43,pass,0.3002,medium
BINSP-02840,0.5949,5.6649,46.8,59.06,1.267,pass,0.19,low
BINSP-02841,1.0413,4.0923,53.82,59.43,3.289,pass,0.233,low
BINSP-02842,0.9268,5.4896,57.82,65.65,3.371,pass,0.3135,medium
BINSP-02843,0.9466,5.4585,44.87,60.95,2.132,pass,0.1866,low
BINSP-02844,0.9997,4.0184,52.35,59.44,1.528,pass,0.2022,low
BINSP-02845,0.9256,3.3589,50.61,62.1,2.322,pass,0.1805,low
BINSP-02846,0.8556,3.5419,41.33,58.33,2.648,pass,0.1751,low
BINSP-02847,0.5039,4.1588,42.36,61.82,0.2,pass,0.1087,low
BINSP-02848,0.8349,4.6415,47.21,60.23,1.886,pass,0.1779,low
BINSP-02849,0.8387,4.8524,47.94,64.51,2.132,pass,0.229,low
BINSP-02850,1.2523,6.0291,56.17,58.65,3.168,pass,0.305,medium
BINSP-02851,1.0407,3.9108,43.48,57.51,3.404,pass,0.2245,low
BINSP-02852,0.6318,4.43,47.65,60.59,3.211,pass,0.1711,low
BINSP-02853,0.8193,3.5117,46.44,64.95,2.147,pass,0.2024,low
BINSP-02854,0.8715,3.969,51.51,61.33,2.213,pass,0.1791,low
BINSP-02855,1.4319,4.8287,51.49,61.79,2.903,pass,0.2513,medium
BINSP-02856,0.958,4.8765,48.83,62.88,3.28,pass,0.2304,low
BINSP-02857,1.0767,3.9428,49.56,63.14,3.021,pass,0.2234,low
BINSP-02858,0.5259,4.307,40.27,61.19,3.669,pass,0.1385,low
BINSP-02859,1.2555,5.5041,48.71,56.27,5.009,pass,0.3271,medium
BINSP-02860,0.7702,3.152,46.68,61.04,2.268,pass,0.1353,low
BINSP-02861,0.6479,3.644,47.43,62.54,2.181,pass,0.1605,low
BINSP-02862,1.2018,4.4779,52.95,60.2,3.459,pass,0.2396,low
BINSP-02863,0.889,4.885,47.93,57.77,3.173,pass,0.2415,low
BINSP-02864,0.9841,3.9776,53.46,61.89,3.716,pass,0.2202,low
BINSP-02865,0.7663,5.0848,48.97,55.46,2.432,pass,0.266,medium
BINSP-02866,1.3318,5.6601,51.63,63.82,3.075,pass,0.2938,medium
BINSP-02867,1.0319,5.5813,50.6,58.17,3.513,pass,0.2728,medium
BINSP-02868,0.6222,4.8499,45.35,63.84,1.15,pass,0.1829,low
BINSP-02869,1.0687,4.3317,51.48,56.33,3.513,pass,0.2809,medium
BINSP-02870,0.8034,4.7859,53.34,58.59,2.64,pass,0.233,low
BINSP-02871,0.8376,3.288,49.86,62.93,2.467,pass,0.1844,low
BINSP-02872,0.8136,3.8566,47.6,62.73,1.654,pass,0.1737,low
BINSP-02873,0.9459,5.539,45.52,60.49,4.009,pass,0.2197,low
BINSP-02874,1.0139,4.4011,47.55,61.13,2.497,pass,0.1848,low
BINSP-02875,0.8634,5.3852,52.25,57.68,3.466,pass,0.2691,medium
BINSP-02876,1.0108,3.8504,47.6,62.53,2.323,pass,0.1927,low
BINSP-02877,1.0883,4.6583,53.13,57.47,2.617,pass,0.2666,medium
BINSP-02878,0.7986,3.122,54.31,63.18,2.652,pass,0.1994,low
BINSP-02879,1.0059,3.6647,49.16,60.13,3.007,pass,0.1922,low
BINSP-02880,1.0487,5.0076,54.5,60.74,1.889,pass,0.2177,low
BINSP-02881,0.8033,3.8888,42.82,60.8,0.78,pass,0.124,low
BINSP-02882,0.8958,3.9031,46.01,62.94,1.078,pass,0.1713,low
BINSP-02883,0.9177,4.0266,57.52,63.37,2.193,pass,0.2343,low
BINSP-02884,0.8307,4.1174,48.2,60.18,3.961,pass,0.1961,low
BINSP-02885,0.9666,4.7042,52.23,62.92,3.288,pass,0.2397,low
BINSP-02886,0.7954,3.3372,49.7,59.76,1.476,pass,0.1596,low
BINSP-02887,1.0685,3.9143,48.04,57.89,3.958,pass,0.2429,low
BINSP-02888,1.3578,6.6183,59.86,58.96,3.204,pass,0.3326,medium
BINSP-02889,0.7624,4.4493,46.36,60.87,3.609,pass,0.1771,low
BINSP-02890,0.8736,4.078,51.11,60.78,2.995,pass,0.1877,low
BINSP-02891,1.1056,4.2701,48.51,62.13,2.958,pass,0.2125,low
BINSP-02892,1.1067,4.9768,50.02,61.08,4.028,pass,0.2289,low
BINSP-02893,1.074,5.3572,50.38,59.56,3.659,pass,0.2515,medium
BINSP-02894,1.1753,4.1942,53.95,64.95,3.417,pass,0.2823,medium
BINSP-02895,1.1637,4.5417,51.13,62.28,2.157,pass,0.2236,low
BINSP-02896,0.75,5.6288,48.9,59.55,1.785,pass,0.2063,low
BINSP-02897,0.9969,4.74,58.03,63.6,2.097,pass,0.2582,medium
BINSP-02898,1.1231,4.5764,55.25,62.69,3.195,pass,0.2539,medium
BINSP-02899,0.9889,4.9174,47.77,58.8,3.37,pass,0.2356,low
BINSP-02900,0.9225,6.1884,52.83,61.81,3.826,pass,0.2581,medium
BINSP-02901,0.9959,4.2079,48.45,65.25,2.365,pass,0.2429,low
BINSP-02902,0.7468,4.6267,50.88,60.41,2.499,pass,0.1884,low
BINSP-02903,0.5626,4.887,51.11,58.45,2.796,pass,0.2143,low
BINSP-02904,0.4634,2.9655,45.87,61.62,1.525,pass,0.1068,low
BINSP-02905,1.1987,3.9857,50.21,62.26,4.3,pass,0.2373,low
BINSP-02906,0.6973,4.4162,49.44,57.77,1.615,pass,0.2049,low
BINSP-02907,0.9669,4.5864,51.28,59.64,3.358,pass,0.2266,low
BINSP-02908,1.2561,3.7235,54.03,64.84,3.161,pass,0.2741,medium
BINSP-02909,0.752,4.6621,54.47,63.52,2.725,pass,0.2333,low
BINSP-02910,0.5611,4.6382,48.62,60.71,2.245,pass,0.1602,low
BINSP-02911,1.1198,4.8652,43.9,63.74,2.81,pass,0.2323,low
BINSP-02912,0.8762,6.1742,48.64,60.17,2.667,pass,0.2267,low
BINSP-02913,1.1973,4.919,48.05,63.05,1.51,pass,0.227,low
BINSP-02914,0.7796,4.1986,46.49,60.36,2.024,pass,0.1624,low
BINSP-02915,0.924,5.7703,53.69,58.76,2.658,pass,0.2602,medium
BINSP-02916,0.9623,4.6509,48.74,65.84,3.485,pass,0.2727,medium
BINSP-02917,0.6946,4.6905,43.95,61.6,3.19,pass,0.1711,low
BINSP-02918,1.2322,5.3667,52.26,59.76,3.064,pass,0.2591,medium
BINSP-02919,0.3972,4.4932,47.32,60.9,2.391,pass,0.1402,low
BINSP-02920,1.0174,2.377,48.67,61.52,2.98,pass,0.1601,low
BINSP-02921,1.0802,4.2005,51.28,63.26,3.053,pass,0.2367,low
BINSP-02922,0.7901,5.2882,49.05,58.59,2.555,pass,0.2266,low
BINSP-02923,1.2344,5.8897,53.78,61.72,2.706,pass,0.2628,medium
BINSP-02924,0.7816,4.7927,49.17,62.61,3.139,pass,0.2114,low
BINSP-02925,1.0631,4.5491,45.22,66.2,2.118,pass,0.255,medium
BINSP-02926,0.6331,4.0028,48.84,63.12,2.252,pass,0.1809,low
BINSP-02927,1.1058,4.6603,44.61,59.11,1.861,pass,0.2055,low
BINSP-02928,0.7954,2.9941,47.06,60.33,3.295,pass,0.1571,low
BINSP-02929,0.4482,4.8503,53.49,57.89,3.234,pass,0.227,low
BINSP-02930,1.0775,5.9161,51.64,64.55,2.48,pass,0.2846,medium
BINSP-02931,1.1464,6.4294,55.98,60.84,2.482,pass,0.2636,medium
BINSP-02932,1.2058,3.3993,48.6,60.65,2.681,pass,0.1875,low
BINSP-02933,1.3134,4.6719,56.23,56.36,3.688,pass,0.3229,medium
BINSP-02934,0.5327,3.9724,51.94,62.02,1.881,pass,0.1627,low
BINSP-02935,0.836,4.0779,52.9,61.78,2.236,pass,0.1905,low
BINSP-02936,1.1906,5.4051,47.86,58.37,2.418,pass,0.2552,medium
BINSP-02937,1.167,6.3944,51.64,59.57,2.796,pass,0.2726,medium
BINSP-02938,0.9092,4.4346,51.28,56.53,3.115,pass,0.2631,medium
BINSP-02939,0.8693,4.5712,52.08,63.22,2.857,pass,0.229,low
BINSP-02940,1.1339,5.5475,52.6,64.79,4.183,pass,0.3085,medium
BINSP-02941,0.7112,2.6765,50.12,61.97,2.669,pass,0.152,low
BINSP-02942,1.0071,6.7951,50.37,60.42,2.874,pass,0.2531,medium
BINSP-02943,1.0336,4.9839,51.64,56.44,3.459,pass,0.2898,medium
BINSP-02944,1.4514,4.5705,45.91,64.2,2.521,pass,0.2602,medium
BINSP-02945,1.2489,4.4466,47.36,62.22,2.525,pass,0.2186,low
BINSP-02946,1.0911,5.1817,50.67,63.04,2.614,pass,0.2466,low
BINSP-02947,1.4638,4.8829,56.38,64.03,3.403,pass,0.3109,medium
BINSP-02948,0.772,5.1735,51.52,61.79,2.071,pass,0.2012,low
BINSP-02949,0.6498,4.7679,53.03,59.62,1.804,pass,0.1952,low
BINSP-02950,0.8452,5.0874,51.76,61.2,2.661,pass,0.2038,low
BINSP-02951,1.5478,5.3149,52.43,62.47,3.849,pass,0.2941,medium
BINSP-02952,0.8992,5.4706,48.51,52.93,2.997,pass,0.3264,medium
BINSP-02953,0.6744,4.1108,46.33,59.27,2.227,pass,0.1714,low
BINSP-02954,0.81,4.2195,49.93,62.35,2.484,pass,0.1928,low
BINSP-02955,0.8922,4.4752,53.66,61.36,3.895,pass,0.2186,low
BINSP-02956,1.0633,3.3794,48.06,58.88,2.1,pass,0.1947,low
BINSP-02957,0.8134,5.5578,50.44,57.04,3.466,pass,0.2725,medium
BINSP-02958,0.3889,5.4674,49.83,64.03,3.877,pass,0.2294,low
BINSP-02959,1.0014,3.7131,51.29,57.65,3.132,pass,0.2388,low
BINSP-02960,0.6751,4.2451,50.16,60.73,2.746,pass,0.1715,low
BINSP-02961,0.6092,4.5587,49.84,59.75,2.927,pass,0.1887,low
BINSP-02962,0.7539,4.4943,49.99,60.4,4.106,pass,0.2027,low
BINSP-02963,0.7063,3.6415,51.99,57.97,3.11,pass,0.2136,low
BINSP-02964,0.7164,6.4173,48.21,63.36,1.811,pass,0.2314,low
BINSP-02965,1.2021,4.542,54.9,57.17,4.252,pass,0.3025,medium
BINSP-02966,0.8632,3.2248,43.17,61.48,1.311,pass,0.1268,low
BINSP-02967,1.1855,4.9969,52.11,69.0,5.064,pass,0.3733,medium
BINSP-02968,0.8374,4.8198,50.53,62.57,3.37,pass,0.2227,low
BINSP-02969,0.977,3.9682,47.41,63.23,1.327,pass,0.1906,low
BINSP-02970,0.7166,4.7778,44.13,64.75,1.432,pass,0.2011,low
BINSP-02971,0.7572,4.305,43.9,59.23,2.657,pass,0.1788,low
BINSP-02972,0.8797,4.0913,52.69,63.24,4.882,pass,0.2468,low
BINSP-02973,0.8761,4.9519,48.78,60.25,2.287,pass,0.1969,low
BINSP-02974,1.1047,5.1585,50.05,58.8,4.383,pass,0.2686,medium
BINSP-02975,0.7767,4.3375,50.82,60.23,2.137,pass,0.1829,low
BINSP-02976,0.7708,4.3808,51.67,60.92,3.519,pass,0.1925,low
BINSP-02977,0.5104,5.1058,54.24,63.5,3.688,pass,0.2354,low
BINSP-02978,1.0168,5.4937,53.58,56.85,2.712,pass,0.2902,medium
BINSP-02979,0.7215,3.939,45.71,62.75,2.151,pass,0.1687,low
BINSP-02980,0.8785,4.0716,49.34,61.6,2.576,pass,0.1827,low
BINSP-02981,0.9399,2.8664,56.42,66.43,3.368,pass,0.2689,medium
BINSP-02982,0.9358,5.3283,48.32,61.43,2.401,pass,0.2037,low
BINSP-02983,0.855,5.5686,48.46,64.9,2.333,pass,0.2545,medium
BINSP-02984,0.6377,4.5767,47.11,59.46,2.909,pass,0.186,low
BINSP-02985,0.9669,5.0487,52.22,59.56,2.611,pass,0.2313,low
BINSP-02986,0.7192,4.6767,48.94,59.58,3.864,pass,0.2098,low
BINSP-02987,0.7464,4.8906,47.99,59.37,2.532,pass,0.1999,low
BINSP-02988,0.8321,5.5658,51.35,60.27,2.69,pass,0.2193,low
BINSP-02989,0.8685,3.4876,43.65,58.25,2.542,pass,0.1828,low
BINSP-02990,0.8263,6.2862,52.74,66.44,2.275,pass,0.3036,medium
BINSP-02991,1.1171,3.4728,51.48,60.91,2.821,pass,0.1902,low
BINSP-02992,0.8661,4.1866,45.68,62.44,2.762,pass,0.1864,low
BINSP-02993,0.9891,4.8039,45.26,59.15,3.158,pass,0.2171,low
BINSP-02994,0.8809,6.4781,46.35,61.76,4.191,pass,0.2426,low
BINSP-02995,0.4198,4.8952,45.71,60.15,3.719,pass,0.1715,low
BINSP-02996,1.1922,4.8054,43.92,61.69,2.429,pass,0.2009,low
BINSP-02997,0.9071,5.2981,48.16,60.91,3.002,pass,0.2026,low
BINSP-02998,0.8895,3.9515,51.42,60.04,3.204,pass,0.201,low
BINSP-02999,0.6533,4.4429,52.02,59.55,2.265,pass,0.1921,low
BINSP-03000,0.9306,4.4322,55.55,58.72,2.387,pass,0.2376,low
BINSP-03001,0.7661,4.899,45.53,62.7,3.155,pass,0.2017,low
BINSP-03002,0.9852,4.2176,45.36,61.99,2.09,pass,0.1796,low
BINSP-03003,0.8373,3.2362,49.59,61.49,2.471,pass,0.1609,low
BINSP-03004,1.1477,5.406,53.33,58.66,3.676,pass,0.2813,medium
BINSP-03005,0.6689,4.4245,43.5,60.17,1.698,pass,0.1478,low
BINSP-03006,0.8382,5.3019,46.43,58.69,3.458,pass,0.2307,low
BINSP-03007,0.8054,5.5948,44.33,58.99,2.98,pass,0.2169,low
BINSP-03008,0.6852,5.2628,48.26,63.45,1.42,pass,0.2028,low
BINSP-03009,0.9171,4.2131,52.13,59.61,1.42,pass,0.1956,low
BINSP-03010,0.3029,4.9983,46.75,62.89,3.037,pass,0.1762,low
BINSP-03011,1.2536,4.9116,50.86,59.43,3.814,pass,0.2608,medium
BINSP-03012,0.6727,3.8029,47.9,56.08,1.881,pass,0.2141,low
BINSP-03013,0.3906,3.504,42.53,61.33,2.481,pass,0.1083,low
BINSP-03014,0.6475,4.59,45.25,63.79,2.228,pass,0.1913,low
BINSP-03015,0.8672,2.5645,47.96,60.32,2.626,pass,0.1489,low
BINSP-03016,1.089,4.8232,50.19,59.49,3.874,pass,0.2449,low
BINSP-03017,1.0203,4.3149,49.26,61.4,2.57,pass,0.1944,low
BINSP-03018,0.8885,3.9436,48.59,59.8,3.785,pass,0.2018,low
BINSP-03019,1.8418,4.8333,55.72,68.36,3.199,warning,0.3971,medium
BINSP-03020,0.6232,3.3887,42.68,63.1,2.552,pass,0.1505,low
BINSP-03021,1.3862,4.6434,54.2,57.78,1.917,pass,0.2782,medium
BINSP-03022,1.0208,5.2551,49.37,64.4,2.935,pass,0.2629,medium
BINSP-03023,1.2313,5.1534,52.7,59.37,2.937,pass,0.2607,medium
BINSP-03024,0.7352,4.2264,49.17,57.89,3.258,pass,0.2208,low
BINSP-03025,0.6964,3.4441,51.07,65.91,2.043,pass,0.2212,low
BINSP-03026,0.7735,4.7599,43.33,65.12,2.482,pass,0.2203,low
BINSP-03027,1.0604,3.9555,46.16,60.99,3.582,pass,0.1857,low
BINSP-03028,1.1685,4.1264,52.86,62.45,3.044,pass,0.2348,low
BINSP-03029,1.0893,4.3716,50.93,59.7,2.735,pass,0.2215,low
BINSP-03030,1.0536,4.128,48.14,63.59,2.757,pass,0.2242,low
BINSP-03031,0.3939,5.9061,51.87,62.64,2.552,pass,0.2086,low
BINSP-03032,1.1164,6.1822,46.59,62.79,2.983,pass,0.2552,medium
BINSP-03033,0.7387,5.1891,48.51,61.0,3.065,pass,0.1891,low
BINSP-03034,1.1249,5.4998,52.0,62.47,1.425,pass,0.237,low
BINSP-03035,1.0005,4.5443,50.79,60.75,2.864,pass,0.2038,low
BINSP-03036,0.7097,3.9805,52.54,60.33,2.372,pass,0.1783,low
BINSP-03037,0.9737,3.532,49.58,58.67,2.349,pass,0.2027,low
BINSP-03038,0.9279,3.8621,51.45,63.11,4.391,pass,0.2335,low
BINSP-03039,0.999,3.5141,51.44,55.94,3.036,pass,0.2597,medium
BINSP-03040,0.9087,4.5628,50.88,60.04,1.642,pass,0.194,low
BINSP-03041,0.9741,4.8259,49.41,65.69,2.9,pass,0.27,medium
BINSP-03042,0.6245,3.076,44.52,60.71,2.041,pass,0.1172,low
BINSP-03043,1.0123,5.7085,44.68,62.03,1.722,pass,0.2054,low
BINSP-03044,1.0773,5.0023,45.63,61.63,2.818,pass,0.2063,low
BINSP-03045,1.0917,5.0346,53.31,59.14,3.057,pass,0.2552,medium
BINSP-03046,0.7615,4.1927,50.66,56.73,1.386,pass,0.2219,low
BINSP-03047,0.9154,6.6829,58.52,62.78,4.01,pass,0.3034,medium
BINSP-03048,0.7343,4.7052,39.09,59.93,2.562,pass,0.1573,low
BINSP-03049,0.8559,5.6701,41.56,59.79,2.715,pass,0.1974,low
BINSP-03050,0.6791,4.2398,44.44,62.4,3.98,pass,0.184,low
BINSP-03051,0.631,3.45,47.05,61.7,1.729,pass,0.136,low
BINSP-03052,0.7993,5.0955,49.38,60.27,2.153,pass,0.1944,low
BINSP-03053,0.7517,4.6411,52.1,55.73,3.102,pass,0.2706,medium
BINSP-03054,1.2725,5.3024,48.89,61.97,2.19,pass,0.2348,low
BINSP-03055,0.7902,3.7198,56.72,61.98,3.113,pass,0.2064,low
BINSP-03056,0.7448,4.3421,51.8,60.35,3.107,pass,0.1939,low
BINSP-03057,1.2189,4.3298,53.27,65.95,1.485,pass,0.2776,medium
BINSP-03058,0.9591,4.8146,50.57,61.28,2.879,pass,0.2062,low
BINSP-03059,0.845,4.8445,49.3,62.13,1.497,pass,0.1905,low
BINSP-03060,0.6477,3.3309,45.23,55.45,2.829,pass,0.2148,low
BINSP-03061,0.7528,3.9523,53.1,62.81,2.432,pass,0.2004,low
BINSP-03062,0.784,3.9742,46.83,62.48,2.449,pass,0.177,low
BINSP-03063,1.0047,4.0298,44.57,61.3,3.203,pass,0.1777,low
BINSP-03064,0.8971,5.5785,50.89,60.34,2.443,pass,0.2187,low
BINSP-03065,1.195,3.6508,52.82,56.81,2.093,pass,0.2566,medium
BINSP-03066,0.5712,3.7455,44.09,63.08,1.355,pass,0.144,low
BINSP-03067,0.8806,5.0558,47.49,58.68,3.088,pass,0.2281,low
BINSP-03068,0.8709,4.6728,46.24,61.37,2.188,pass,0.1755,low
BINSP-03069,0.7724,3.2757,50.21,58.96,0.893,pass,0.1634,low
BINSP-03070,1.0073,4.3172,55.77,59.9,3.523,pass,0.2374,low
BINSP-03071,0.8736,5.582,54.41,59.41,3.646,pass,0.2573,medium
BINSP-03072,1.1433,5.0401,47.11,59.22,3.797,pass,0.2457,low
BINSP-03073,0.4345,4.0202,46.57,62.64,2.612,pass,0.1566,low
BINSP-03074,0.6617,3.5567,48.04,58.2,1.974,pass,0.1783,low
BINSP-03075,0.3557,5.6511,47.37,64.19,2.301,pass,0.2058,low
BINSP-03076,1.1479,4.8213,54.19,59.13,2.176,pass,0.2475,low
BINSP-03077,1.2112,5.6773,51.95,57.13,2.504,pass,0.2955,medium
BINSP-03078,0.8198,4.3191,46.34,59.38,2.183,pass,0.1838,low
BINSP-03079,1.0556,4.6943,52.76,57.38,3.812,pass,0.2794,medium
BINSP-03080,1.3773,5.3055,50.78,64.06,2.982,pass,0.2896,medium
BINSP-03081,0.9819,4.3088,51.79,57.88,2.12,pass,0.2353,low
BINSP-03082,0.6573,4.8218,55.64,60.46,1.269,pass,0.1866,low
BINSP-03083,1.0235,3.0753,46.96,64.15,3.24,pass,0.2112,low
BINSP-03084,1.2094,4.6665,53.98,57.96,3.31,pass,0.2793,medium
BINSP-03085,0.8414,5.5245,51.18,59.14,1.664,pass,0.2232,low
BINSP-03086,1.2145,4.8015,48.86,57.72,3.599,pass,0.2721,medium
BINSP-03087,0.695,4.2173,46.31,61.19,3.411,pass,0.1661,low
BINSP-03088,1.0367,4.8732,48.75,60.11,2.745,pass,0.2143,low
BINSP-03089,0.8834,5.3876,47.17,58.67,2.437,pass,0.2262,low
BINSP-03090,1.0817,5.1719,48.61,58.6,2.366,pass,0.2412,low
BINSP-03091,1.065,4.8131,50.49,61.18,2.128,pass,0.2029,low
BINSP-03092,0.9339,6.0539,53.78,61.7,2.842,pass,0.246,low
BINSP-03093,0.7611,3.1588,49.13,59.38,2.237,pass,0.1665,low
BINSP-03094,1.0232,4.8831,51.21,61.82,4.517,pass,0.2422,low
BINSP-03095,0.7997,4.6482,50.06,54.23,2.037,pass,0.277,medium
BINSP-03096,1.109,3.189,50.5,55.29,1.413,pass,0.2481,low
BINSP-03097,0.9704,5.5708,49.87,60.42,1.476,pass,0.2075,low
BINSP-03098,0.6442,3.2534,48.82,60.58,2.431,pass,0.1433,low
BINSP-03099,0.6959,5.1672,48.32,58.29,2.855,pass,0.2231,low
BINSP-03100,0.9307,5.7334,47.39,61.57,1.315,pass,0.1974,low
BINSP-03101,0.6649,5.9524,43.1,65.16,2.229,pass,0.2331,low
BINSP-03102,0.4362,4.0451,46.03,65.51,2.832,pass,0.2011,low
BINSP-03103,1.1463,4.0776,49.4,62.95,3.04,pass,0.2278,low
BINSP-03104,0.3549,3.5828,44.15,60.96,4.25,pass,0.1296,low
BINSP-03105,0.6616,4.4753,50.26,59.57,3.226,pass,0.1986,low
BINSP-03106,0.6835,3.7905,47.34,61.19,1.227,pass,0.1339,low
BINSP-03107,0.6522,4.2957,51.28,60.97,1.549,pass,0.1567,low
BINSP-03108,1.0547,4.6606,48.99,61.25,3.188,pass,0.208,low
BINSP-03109,1.3769,4.9081,52.66,61.25,2.984,pass,0.2458,low
BINSP-03110,0.978,4.686,48.81,59.12,2.434,pass,0.2177,low
BINSP-03111,0.8425,3.38,52.78,63.2,2.903,pass,0.2058,low
BINSP-03112,0.9145,3.4172,43.94,57.23,2.288,pass,0.198,low
BINSP-03113,1.068,4.1896,47.32,65.01,3.885,pass,0.2585,medium
BINSP-03114,0.7744,4.5436,48.08,65.14,2.122,pass,0.228,low
BINSP-03115,0.8863,3.9449,46.99,60.4,4.272,pass,0.1931,low
BINSP-03116,1.0348,5.0018,50.45,64.75,4.712,pass,0.289,medium
BINSP-03117,1.0196,4.1156,50.78,61.65,4.793,pass,0.2258,low
BINSP-03118,0.5618,4.8491,45.79,62.96,2.489,pass,0.1828,low
BINSP-03119,1.0417,5.5173,47.17,59.97,3.533,pass,0.2338,low
BINSP-03120,0.5833,4.8111,43.21,59.25,1.8,pass,0.1634,low
BINSP-03121,0.8812,5.1976,43.26,64.39,2.657,pass,0.2275,low
BINSP-03122,0.7987,4.6207,53.83,58.64,2.6,pass,0.2297,low
BINSP-03123,1.0138,3.9423,48.61,65.77,2.225,pass,0.2455,low
BINSP-03124,0.8476,4.4154,54.71,58.06,3.24,pass,0.2485,low
BINSP-03125,0.6356,5.0061,48.5,64.83,3.748,pass,0.2436,low
BINSP-03126,0.5792,5.3829,50.77,60.3,2.848,pass,0.1971,low
BINSP-03127,1.2244,4.9097,48.58,59.09,3.356,pass,0.2506,medium
BINSP-03128,1.0812,5.6209,49.43,58.46,3.13,pass,0.2642,medium
BINSP-03129,1.019,4.8991,52.68,65.52,3.055,pass,0.2851,medium
BINSP-03130,1.227,3.3481,48.94,58.69,3.135,pass,0.2241,low
BINSP-03131,1.146,3.9062,48.16,61.93,3.81,pass,0.2142,low
BINSP-03132,0.7555,4.3328,45.74,65.26,3.034,pass,0.2273,low
BINSP-03133,0.7683,5.7878,52.26,59.65,3.931,pass,0.2465,low
BINSP-03134,0.815,5.083,50.99,65.72,1.298,pass,0.2504,medium
BINSP-03135,1.1237,4.5395,48.69,61.45,2.78,pass,0.2076,low
BINSP-03136,0.6135,4.2391,43.55,60.51,2.251,pass,0.1419,low
BINSP-03137,1.3688,5.1469,49.38,59.85,3.481,pass,0.2584,medium
BINSP-03138,0.9335,4.1756,47.3,61.04,4.202,pass,0.1929,low
BINSP-03139,0.6829,4.5892,48.26,63.55,2.061,pass,0.1984,low
BINSP-03140,0.9727,3.6584,54.62,60.45,3.351,pass,0.2075,low
BINSP-03141,0.7311,4.251,49.72,63.73,2.401,pass,0.2068,low
BINSP-03142,1.0159,4.6392,49.96,60.34,2.273,pass,0.2032,low
BINSP-03143,0.8514,3.8612,43.0,61.1,1.662,pass,0.1366,low
BINSP-03144,0.6424,3.8186,45.41,63.38,2.863,pass,0.1776,low
BINSP-03145,0.7933,5.8227,49.98,59.55,3.48,pass,0.2374,low
BINSP-03146,1.0403,4.7342,49.38,61.48,4.252,pass,0.2259,low
BINSP-03147,0.9886,3.5349,53.35,60.78,2.351,pass,0.185,low
BINSP-03148,0.66,4.4291,44.62,60.33,2.853,pass,0.1626,low
BINSP-03149,0.8797,4.6922,50.21,58.46,1.598,pass,0.2154,low
BINSP-03150,1.298,4.3994,52.23,64.23,2.215,pass,0.2641,medium
BINSP-03151,1.3765,4.5366,49.82,63.84,3.771,pass,0.2771,medium
BINSP-03152,0.3936,3.1223,48.62,62.08,2.8,pass,0.1365,low
BINSP-03153,0.9427,4.8747,51.41,60.18,4.886,pass,0.2413,low
BINSP-03154,0.9139,4.3052,53.06,62.6,4.094,pass,0.2356,low
BINSP-03155,1.1289,4.9809,53.22,54.75,2.426,pass,0.3148,medium
BINSP-03156,1.2651,3.9548,49.78,66.13,3.146,pass,0.2842,medium
BINSP-03157,1.3119,5.6333,49.19,65.96,3.549,pass,0.3214,medium
BINSP-03158,0.9349,3.5837,45.27,59.78,2.945,pass,0.1768,low
BINSP-03159,1.0375,4.6014,50.26,62.34,2.038,pass,0.2123,low
BINSP-03160,1.0251,3.8407,54.25,60.47,3.186,pass,0.2114,low
BINSP-03161,0.8799,3.5684,46.76,62.48,3.858,pass,0.1926,low
BINSP-03162,0.9042,3.765,40.91,58.13,1.4,pass,0.1697,low
BINSP-03163,1.1675,4.3062,45.74,59.66,1.494,pass,0.1939,low
BINSP-03164,1.0304,5.2498,46.79,58.96,3.291,pass,0.2386,low
BINSP-03165,0.7113,3.4608,43.42,59.37,3.093,pass,0.1601,low
BINSP-03166,0.9422,4.6789,45.36,63.49,1.984,pass,0.2072,low
BINSP-03167,0.9719,4.8833,54.1,60.29,3.982,pass,0.2401,low
BINSP-03168,0.8208,4.843,43.89,59.45,1.507,pass,0.177,low
BINSP-03169,0.4538,4.1198,44.71,62.28,1.968,pass,0.1405,low
BINSP-03170,1.1843,3.977,45.51,62.64,1.291,pass,0.1898,low
BINSP-03171,0.7666,3.9874,45.04,62.58,2.256,pass,0.1692,low
BINSP-03172,1.0769,6.0712,49.0,59.85,2.662,pass,0.245,low
BINSP-03173,0.8264,4.6579,54.82,58.43,3.552,pass,0.2505,medium
BINSP-03174,0.8629,3.8646,49.9,60.63,2.548,pass,0.1755,low
BINSP-03175,0.3544,4.072,47.16,59.32,2.656,pass,0.155,low
BINSP-03176,1.0808,3.9446,48.61,61.08,2.97,pass,0.1891,low
BINSP-03177,1.2941,5.7838,54.98,58.97,1.853,pass,0.2785,medium
BINSP-03178,1.0604,3.4221,51.8,59.27,2.574,pass,0.2079,low
BINSP-03179,0.8614,4.727,50.21,59.28,3.095,pass,0.2205,low
BINSP-03180,0.7246,3.8538,49.78,62.29,2.447,pass,0.1777,low
BINSP-03181,0.5981,4.0532,45.85,62.34,2.533,pass,0.161,low
BINSP-03182,0.4235,5.3919,45.76,60.85,3.085,pass,0.1638,low
BINSP-03183,1.3731,5.7547,53.76,61.48,3.609,pass,0.2771,medium
BINSP-03184,0.8924,3.9908,47.07,63.29,2.967,pass,0.2045,low
BINSP-03185,0.837,3.2781,42.3,60.06,2.686,pass,0.1463,low
BINSP-03186,1.0909,4.8167,42.89,58.69,3.693,pass,0.23,low
BINSP-03187,0.7368,4.9185,51.52,58.34,1.849,pass,0.219,low
BINSP-03188,1.1551,6.0292,54.21,59.8,3.596,pass,0.2793,medium
BINSP-03189,0.8491,2.9218,45.53,62.14,1.92,pass,0.1449,low
BINSP-03190,0.9284,5.1193,51.1,59.57,2.216,pass,0.2212,low
BINSP-03191,0.7942,3.4655,46.49,62.02,2.164,pass,0.1562,low
BINSP-03192,0.8629,5.5478,56.15,63.96,2.226,pass,0.2654,medium
BINSP-03193,0.896,4.2832,48.57,57.78,1.72,pass,0.2145,low
BINSP-03194,0.7796,4.583,49.81,62.5,3.244,pass,0.2089,low
BINSP-03195,0.8018,4.2441,52.3,63.1,3.325,pass,0.2221,low
BINSP-03196,0.4849,5.0461,45.2,62.0,2.341,pass,0.1631,low
BINSP-03197,0.9551,3.5637,47.49,62.97,1.997,pass,0.1853,low
BINSP-03198,1.1253,4.4656,53.04,61.62,2.542,pass,0.2205,low
BINSP-03199,0.9582,4.3211,43.9,59.2,1.58,pass,0.1809,low
BINSP-03200,0.9719,2.4905,48.46,60.73,2.082,pass,0.1439,low
BINSP-03201,0.6595,3.5246,49.83,63.83,2.139,pass,0.1859,low
BINSP-03202,0.935,3.8283,48.2,59.8,2.776,pass,0.1893,low
BINSP-03203,0.7468,4.6624,50.05,60.51,3.158,pass,0.1928,low
BINSP-03204,1.0079,4.6542,51.21,62.68,3.308,pass,0.2348,low
BINSP-03205,0.9566,4.7655,50.3,60.97,2.769,pass,0.1992,low
BINSP-03206,1.0212,6.8574,48.46,64.98,2.446,pass,0.2946,medium
BINSP-03207,1.2884,5.0192,50.3,59.24,3.229,pass,0.2594,medium
BINSP-03208,1.0805,3.9988,52.74,62.43,2.88,pass,0.2232,low
BINSP-03209,0.9422,5.6125,56.4,61.03,3.234,pass,0.2412,low
BINSP-03210,1.1023,3.7183,41.92,59.53,3.025,pass,0.1848,low
BINSP-03211,0.9074,5.1159,51.73,64.15,2.124,pass,0.2464,low
BINSP-03212,0.6995,3.1195,48.65,62.6,2.438,pass,0.1619,low
BINSP-03213,1.0627,5.7115,53.29,56.44,3.756,pass,0.3154,medium
BINSP-03214,0.7451,3.9061,45.05,66.43,1.771,pass,0.218,low
BINSP-03215,1.0543,4.7769,45.53,61.76,4.163,pass,0.2179,low
BINSP-03216,1.0597,3.9101,53.78,62.43,3.012,pass,0.225,low
BINSP-03217,0.7092,3.9068,43.65,65.04,3.168,pass,0.2066,low
BINSP-03218,0.6254,4.0291,48.72,58.0,3.233,pass,0.2056,low
BINSP-03219,0.8117,4.2487,43.88,63.94,2.583,pass,0.1981,low
BINSP-03220,0.8946,5.5143,52.72,59.87,3.346,pass,0.2412,low
BINSP-03221,1.227,2.9111,43.56,57.39,2.725,pass,0.2118,low
BINSP-03222,0.8775,6.2648,50.75,63.68,3.283,pass,0.2708,medium
BINSP-03223,1.0506,4.3925,44.17,61.08,2.103,pass,0.1704,low
BINSP-03224,0.8424,4.9658,55.43,59.66,2.997,pass,0.2346,low
BINSP-03225,0.8251,4.157,53.05,61.37,2.449,pass,0.1881,low
BINSP-03226,0.9733,2.9378,46.36,59.7,1.315,pass,0.152,low
BINSP-03227,1.0324,4.8639,48.13,64.19,2.717,pass,0.246,low
BINSP-03228,0.7062,4.9867,45.64,60.7,0.909,pass,0.1517,low
BINSP-03229,0.8809,4.7,51.25,62.17,1.773,pass,0.2008,low
BINSP-03230,0.8381,3.4467,52.48,61.38,1.627,pass,0.1632,low
BINSP-03231,0.5004,3.1562,49.26,58.82,2.25,pass,0.1569,low
BINSP-03232,1.1673,3.6799,46.72,65.0,2.361,pass,0.235,low
BINSP-03233,1.0127,4.4695,49.43,59.28,2.614,pass,0.2177,low
BINSP-03234,0.7225,3.8993,43.99,61.4,1.825,pass,0.138,low
BINSP-03235,0.6612,4.6592,46.59,61.49,3.08,pass,0.1739,low
BINSP-03236,0.5773,5.3763,40.97,62.92,2.552,pass,0.1784,low
BINSP-03237,0.7413,3.3161,53.25,60.07,1.979,pass,0.1688,low
BINSP-03238,0.9576,4.0753,45.85,61.5,2.285,pass,0.1715,low
BINSP-03239,0.7925,4.4548,47.47,60.16,3.345,pass,0.1906,low
BINSP-03240,0.9015,3.5845,51.11,59.61,4.196,pass,0.2118,low
BINSP-03241,0.9436,3.8332,47.84,56.93,2.373,pass,0.227,low
BINSP-03242,1.2733,4.109,52.76,62.42,3.324,pass,0.2444,low
BINSP-03243,1.1049,4.1673,49.11,59.17,2.939,pass,0.2228,low
BINSP-03244,0.7532,5.5123,50.71,61.23,1.944,pass,0.194,low
BINSP-03245,0.9325,3.9485,49.98,57.85,1.136,pass,0.2071,low
BINSP-03246,1.1577,4.3615,56.95,59.69,2.342,pass,0.242,low
BINSP-03247,0.9529,4.4866,50.62,60.63,1.511,pass,0.1844,low
BINSP-03248,1.009,4.6697,47.75,61.99,2.304,pass,0.2011,low
BINSP-03249,1.1984,4.9592,51.66,56.67,2.34,pass,0.2842,medium
BINSP-03250,0.9733,4.8433,41.99,58.31,2.546,pass,0.2109,low
BINSP-03251,0.9057,2.7959,47.76,61.85,3.284,pass,0.166,low
BINSP-03252,1.2258,5.4244,51.97,57.86,3.676,pass,0.2948,medium
BINSP-03253,1.2654,4.4383,56.94,61.12,3.909,pass,0.2521,medium
BINSP-03254,0.9713,4.0424,45.44,60.79,1.939,pass,0.1619,low
BINSP-03255,1.0252,5.6325,52.34,61.94,2.719,pass,0.2413,low
BINSP-03256,0.663,4.1851,52.1,57.93,5.184,pass,0.2473,low
BINSP-03257,0.8957,4.8267,51.58,57.88,3.911,pass,0.2603,medium
BINSP-03258,1.0077,5.6048,55.78,60.33,3.022,pass,0.2507,medium
BINSP-03259,1.2275,4.9465,52.85,59.72,2.426,pass,0.2454,low
BINSP-03260,1.089,5.4375,56.33,62.11,3.17,pass,0.2635,medium
BINSP-03261,0.6599,5.2082,49.97,61.18,3.114,pass,0.192,low
BINSP-03262,0.9725,4.0678,52.53,59.18,1.896,pass,0.2102,low
BINSP-03263,0.7936,4.0998,55.64,62.11,4.36,pass,0.2275,low
BINSP-03264,0.8777,5.3792,52.96,62.63,3.271,pass,0.2448,low
BINSP-03265,0.9776,4.8841,46.59,60.86,3.545,pass,0.2014,low
BINSP-03266,1.1781,5.013,53.89,66.31,3.913,pass,0.325,medium
BINSP-03267,0.9163,4.4759,52.4,60.01,1.573,pass,0.1976,low
BINSP-03268,0.9732,2.8512,44.77,60.07,1.642,pass,0.1432,low
BINSP-03269,1.0106,4.8578,47.6,61.52,2.432,pass,0.1989,low
BINSP-03270,1.0363,4.0428,50.49,59.04,3.346,pass,0.2269,low
BINSP-03271,0.7793,5.0233,46.83,63.78,2.985,pass,0.2237,low
BINSP-03272,1.2403,5.0241,48.59,61.52,5.09,pass,0.254,medium
BINSP-03273,0.8291,5.5169,52.03,60.9,2.802,pass,0.2123,low
BINSP-03274,0.9631,4.8034,54.12,66.21,2.673,pass,0.2898,medium
BINSP-03275,0.6265,4.2997,41.0,60.92,2.632,pass,0.1339,low
BINSP-03276,0.4676,3.9782,42.87,61.83,1.725,pass,0.1228,low
BINSP-03277,0.6684,4.4451,42.09,62.8,2.644,pass,0.1694,low
BINSP-03278,0.772,3.8115,48.69,59.63,2.624,pass,0.1798,low
BINSP-03279,0.7838,3.9721,48.69,61.25,2.67,pass,0.1675,low
BINSP-03280,0.8224,3.3851,51.16,60.06,2.959,pass,0.1807,low
BINSP-03281,0.7191,4.0232,41.6,62.72,3.396,pass,0.1707,low
BINSP-03282,0.8719,6.4291,51.54,61.27,3.805,pass,0.2466,low
BINSP-03283,1.2329,5.814,48.54,58.0,2.229,pass,0.2719,medium
BINSP-03284,0.8627,6.039,48.65,60.11,2.084,pass,0.217,low
BINSP-03285,0.9136,6.4812,50.83,62.86,3.413,pass,0.2673,medium
BINSP-03286,0.9762,4.6111,48.67,58.84,3.561,pass,0.2333,low
BINSP-03287,0.8868,5.0628,46.82,60.98,2.74,pass,0.1877,low
BINSP-03288,0.9699,5.2956,54.79,61.02,3.621,pass,0.2359,low
BINSP-03289,0.7551,4.3834,48.1,62.37,3.351,pass,0.1967,low
BINSP-03290,0.7451,4.7001,53.89,61.24,2.596,pass,0.1959,low
BINSP-03291,1.3818,6.0938,55.53,62.87,3.291,pass,0.3075,medium
BINSP-03292,1.0005,4.2665,43.38,62.07,2.15,pass,0.177,low
BINSP-03293,1.314,4.6801,48.0,56.86,2.782,pass,0.277,medium
BINSP-03294,0.463,4.692,48.58,62.16,2.719,pass,0.1729,low
BINSP-03295,0.8946,4.5626,42.85,62.25,3.517,pass,0.1927,low
BINSP-03296,0.9982,3.962,44.03,57.64,4.325,pass,0.2334,low
BINSP-03297,1.0428,3.9613,52.21,60.29,2.465,pass,0.2023,low
BINSP-03298,0.7595,5.1517,46.85,62.16,2.765,pass,0.198,low
BINSP-03299,1.0887,5.4228,52.95,67.63,3.353,pass,0.3366,medium
BINSP-03300,0.9277,4.4714,49.56,62.42,2.264,pass,0.2034,low
BINSP-03301,1.0627,5.3371,51.58,59.91,2.661,pass,0.2371,low
BINSP-03302,0.9242,5.0841,51.15,57.43,4.151,pass,0.2757,medium
BINSP-03303,1.0622,4.5846,55.78,60.16,3.371,pass,0.2409,low
BINSP-03304,1.017,3.7569,52.22,63.78,2.873,pass,0.2323,low
BINSP-03305,0.9565,4.2968,48.61,61.81,2.053,pass,0.1872,low
BINSP-03306,0.9529,3.782,48.27,62.75,3.493,pass,0.2068,low
BINSP-03307,0.5699,3.1577,48.03,64.0,3.652,pass,0.1868,low
BINSP-03308,0.8466,1.7458,47.31,60.85,2.322,pass,0.1172,low
BINSP-03309,0.9458,4.892,53.49,62.01,3.424,pass,0.2342,low
BINSP-03310,1.0424,4.5623,47.78,61.56,0.637,pass,0.175,low
BINSP-03311,1.2113,4.0699,53.24,61.96,2.134,pass,0.2197,low
BINSP-03312,0.7816,4.1986,54.6,65.4,3.106,pass,0.2594,medium
BINSP-03313,0.7206,4.9719,49.37,57.32,2.275,pass,0.2321,low
BINSP-03314,0.9134,3.871,49.7,60.36,2.674,pass,0.1841,low
BINSP-03315,0.788,5.5339,53.06,62.05,3.431,pass,0.2351,low
BINSP-03316,0.6834,3.4246,50.03,61.42,2.545,pass,0.155,low
BINSP-03317,1.0385,4.4123,47.64,61.74,2.868,pass,0.2007,low
BINSP-03318,0.8309,5.1819,50.78,60.73,3.752,pass,0.2154,low
BINSP-03319,0.8747,4.907,48.28,63.17,2.688,pass,0.2204,low
BINSP-03320,1.1663,4.6696,43.13,61.1,2.581,pass,0.1866,low
BINSP-03321,0.7517,4.6906,47.84,64.18,1.328,pass,0.2047,low
BINSP-03322,1.0115,5.2945,57.1,60.64,3.879,pass,0.2548,medium
BINSP-03323,0.499,4.6789,49.13,62.9,4.038,pass,0.204,low
BINSP-03324,0.9739,4.2898,54.54,60.77,3.748,pass,0.2199,low
BINSP-03325,0.741,2.5536,46.83,63.6,1.704,pass,0.1534,low
BINSP-03326,0.8751,4.6619,49.19,67.86,3.021,pass,0.293,medium
BINSP-03327,0.7569,3.2569,48.09,58.6,2.9,pass,0.1842,low
BINSP-03328,0.8891,3.9102,51.7,58.41,1.895,pass,0.2098,low
BINSP-03329,0.5514,3.5516,53.96,59.84,4.434,pass,0.1952,low
BINSP-03330,0.9718,4.2766,47.31,59.57,3.22,pass,0.2068,low
BINSP-03331,1.1613,3.2064,48.08,66.34,3.166,pass,0.2594,medium
BINSP-03332,0.3474,4.0783,42.54,62.24,1.4,pass,0.1172,low
BINSP-03333,0.9604,4.4825,52.56,63.12,3.983,pass,0.2473,low
BINSP-03334,0.7414,3.6612,46.38,63.93,3.171,pass,0.1967,low
BINSP-03335,0.9047,3.9215,51.75,62.63,3.023,pass,0.2105,low
BINSP-03336,1.0522,4.0615,39.57,61.86,2.687,pass,0.167,low
BINSP-03337,0.7366,5.2632,45.72,62.18,2.744,pass,0.1948,low
BINSP-03338,0.789,4.2785,48.96,64.44,2.895,pass,0.2255,low
BINSP-03339,0.8937,4.7116,50.09,60.45,3.727,pass,0.2121,low
BINSP-03340,1.0307,4.1835,43.56,63.62,2.991,pass,0.2115,low
BINSP-03341,0.7335,4.6026,52.4,63.22,2.449,pass,0.216,low
BINSP-03342,1.0199,4.5691,44.19,62.86,2.717,pass,0.2059,low
BINSP-03343,0.6212,3.9835,45.44,61.79,1.644,pass,0.141,low
BINSP-03344,1.1709,5.5378,44.98,59.49,1.552,pass,0.2195,low
BINSP-03345,0.7889,4.39,48.51,59.29,2.134,pass,0.1912,low
BINSP-03346,0.7256,4.4916,47.34,60.11,2.996,pass,0.1828,low
BINSP-03347,1.0445,5.7458,54.29,64.94,2.9,pass,0.2988,medium
BINSP-03348,0.5233,4.5378,43.03,63.25,2.535,pass,0.1695,low
BINSP-03349,1.1902,5.6409,57.33,62.88,3.927,pass,0.2988,medium
BINSP-03350,0.9743,4.9273,48.67,60.71,3.819,pass,0.2146,low
BINSP-03351,0.9649,3.7911,47.61,61.5,2.831,pass,0.1789,low
BINSP-03352,0.9078,5.2421,50.86,60.02,2.551,pass,0.2187,low
BINSP-03353,0.6578,3.7635,48.4,59.98,2.027,pass,0.1572,low
BINSP-03354,1.1411,5.9701,49.55,60.45,2.878,pass,0.2429,low
BINSP-03355,0.9814,4.9196,53.05,61.44,2.754,pass,0.2192,low
BINSP-03356,0.7969,3.7664,45.36,62.76,3.786,pass,0.1891,low
BINSP-03357,0.8067,4.7161,51.54,62.99,2.23,pass,0.2145,low
BINSP-03358,0.7694,3.0182,50.85,61.57,2.711,pass,0.16,low
BINSP-03359,0.8813,4.3119,49.6,61.91,2.879,pass,0.1968,low
BINSP-03360,0.9307,3.8938,41.43,62.35,2.243,pass,0.1632,low
BINSP-03361,1.1666,5.0305,48.66,62.18,2.946,pass,0.2333,low
BINSP-03362,0.8763,4.7975,49.26,57.19,3.208,pass,0.2524,medium
BINSP-03363,1.0974,4.5963,47.34,59.58,3.491,pass,0.2253,low
BINSP-03364,0.8056,4.4251,47.81,61.49,3.17,pass,0.1848,low
BINSP-03365,0.8719,2.7175,43.54,60.51,3.388,pass,0.1435,low
BINSP-03366,0.8946,4.6204,54.34,60.82,2.859,pass,0.2088,low
BINSP-03367,0.8764,4.684,46.62,57.57,3.404,pass,0.2379,low
BINSP-03368,0.595,5.3146,52.19,60.45,3.842,pass,0.2113,low
BINSP-03369,1.245,4.6973,53.56,62.85,2.292,pass,0.2509,medium
BINSP-03370,0.4266,3.7128,46.82,64.01,2.176,pass,0.166,low
BINSP-03371,1.008,4.2018,55.62,61.46,1.617,pass,0.2021,low
BINSP-03372,0.9162,2.5291,52.84,64.0,2.09,pass,0.1965,low
BINSP-03373,0.7299,5.7219,47.05,59.55,2.474,pass,0.2088,low
BINSP-03374,0.7528,5.8389,48.76,57.92,3.672,pass,0.2574,medium
BINSP-03375,1.2323,3.6575,46.7,62.06,3.568,pass,0.2095,low
BINSP-03376,0.9706,4.249,49.73,59.15,2.208,pass,0.2084,low
BINSP-03377,0.9296,5.5162,48.2,58.51,4.431,pass,0.2619,medium
BINSP-03378,1.2297,5.2401,52.11,63.53,3.602,pass,0.2817,medium
BINSP-03379,0.5949,3.9227,47.78,63.56,3.434,pass,0.1938,low
BINSP-03380,0.405,3.8304,41.16,59.93,2.643,pass,0.1241,low
BINSP-03381,0.3566,3.7958,49.21,58.3,1.352,pass,0.1562,low
BINSP-03382,1.4888,4.9406,46.29,62.17,3.089,pass,0.248,low
BINSP-03383,0.9156,4.833,52.71,56.39,1.726,pass,0.2618,medium
BINSP-03384,0.5568,4.6693,45.42,61.11,0.929,pass,0.1312,low
BINSP-03385,0.6054,4.5646,50.36,58.19,2.482,pass,0.2084,low
BINSP-03386,1.0115,4.1036,48.85,59.82,2.925,pass,0.2041,low
BINSP-03387,0.9802,5.3518,53.55,61.58,3.4,pass,0.2394,low
BINSP-03388,1.0188,5.146,51.66,61.18,2.372,pass,0.2133,low
BINSP-03389,0.8857,3.7627,49.34,63.28,2.84,pass,0.2054,low
BINSP-03390,0.9382,5.7211,51.35,61.02,3.201,pass,0.2254,low
BINSP-03391,1.329,4.7574,51.8,62.15,3.267,pass,0.2534,medium
BINSP-03392,1.0519,4.2242,56.85,59.57,2.454,pass,0.2345,low
BINSP-03393,0.8226,3.8841,45.57,59.89,1.637,pass,0.1585,low
BINSP-03394,0.4917,2.4608,49.87,63.4,1.674,pass,0.1407,low
BINSP-03395,1.1553,5.5288,50.45,60.37,3.317,pass,0.2447,low
BINSP-03396,1.0362,4.2674,52.69,61.93,1.693,pass,0.2036,low
BINSP-03397,0.6336,4.8835,50.8,59.51,2.472,pass,0.1984,low
BINSP-03398,0.7455,3.549,43.72,61.09,1.371,pass,0.1216,low
BINSP-03399,1.0064,3.3774,53.01,61.67,2.893,pass,0.1952,low
BINSP-03400,1.2605,3.9785,48.61,59.95,2.808,pass,0.2151,low
BINSP-03401,0.8491,3.0313,42.72,60.4,3.202,pass,0.1448,low
BINSP-03402,0.9367,2.8588,45.41,59.02,2.068,pass,0.1638,low
BINSP-03403,0.6606,4.8349,46.78,61.76,2.582,pass,0.1761,low
BINSP-03404,1.0831,4.8628,56.24,56.43,3.174,pass,0.3031,medium
BINSP-03405,1.188,3.8483,50.97,62.06,3.963,pass,0.2294,low
BINSP-03406,0.8017,4.5752,56.82,63.84,2.086,pass,0.2403,low
BINSP-03407,0.7636,6.2191,45.38,58.73,1.572,pass,0.217,low
BINSP-03408,0.9164,4.3112,52.78,58.56,2.266,pass,0.2257,low
BINSP-03409,0.9449,5.6639,57.28,61.24,2.175,pass,0.2359,low
BINSP-03410,0.98,5.0476,50.9,64.45,2.812,pass,0.2603,medium
BINSP-03411,1.4282,3.6417,54.21,62.05,3.555,pass,0.2482,low
BINSP-03412,0.7234,4.7947,55.06,62.54,3.69,pass,0.2329,low
BINSP-03413,1.0675,4.9712,49.61,62.99,2.8,pass,0.2386,low
BINSP-03414,0.9328,4.1983,48.55,62.26,2.737,pass,0.1982,low
BINSP-03415,0.9901,4.5425,54.38,58.17,2.782,pass,0.253,medium
BINSP-03416,1.1529,4.2905,49.7,63.77,2.699,pass,0.2418,low
BINSP-03417,0.9525,4.6571,42.33,62.65,3.573,pass,0.2037,low
BINSP-03418,0.7581,4.4497,51.91,62.19,2.249,pass,0.1952,low
BINSP-03419,0.8408,4.6343,45.43,61.49,1.559,pass,0.164,low
BINSP-03420,1.1799,3.8897,44.84,61.44,2.132,pass,0.1775,low
BINSP-03421,1.2452,4.7859,49.55,62.52,3.018,pass,0.2429,low
BINSP-03422,0.7723,3.898,46.5,58.94,3.505,pass,0.195,low
BINSP-03423,0.8509,4.4679,48.97,59.66,2.261,pass,0.1947,low
BINSP-03424,0.711,4.021,45.44,62.5,2.729,pass,0.1717,low
BINSP-03425,1.3192,4.3028,51.93,56.97,3.857,pass,0.2943,medium
BINSP-03426,1.0338,3.7803,48.04,56.71,2.815,pass,0.2417,low
BINSP-03427,0.8132,3.9235,54.73,63.73,2.294,pass,0.2218,low
BINSP-03428,0.9016,4.2124,53.7,59.79,3.437,pass,0.2213,low
BINSP-03429,1.0268,3.9333,49.5,59.49,3.31,pass,0.2135,low
BINSP-03430,0.6607,3.6922,49.43,59.99,3.383,pass,0.1756,low
BINSP-03431,0.8575,3.9228,54.37,65.76,3.494,pass,0.2686,medium
BINSP-03432,0.999,4.2464,48.61,58.8,2.705,pass,0.2178,low
BINSP-03433,0.9223,4.2378,56.96,64.12,3.424,pass,0.2629,medium
BINSP-03434,0.8523,3.5889,48.82,58.73,2.801,pass,0.1971,low
BINSP-03435,1.1081,5.6421,49.99,61.55,3.431,pass,0.2422,low
BINSP-03436,0.4652,4.1746,45.29,60.59,3.68,pass,0.1518,low
BINSP-03437,1.2002,5.5088,53.06,62.87,2.608,pass,0.2664,medium
BINSP-03438,1.1505,5.2708,46.65,63.83,2.109,pass,0.2448,low
BINSP-03439,1.1089,3.1915,43.89,58.88,3.328,pass,0.1948,low
BINSP-03440,0.8434,3.7012,52.0,58.7,2.244,pass,0.2032,low
BINSP-03441,0.6187,5.6775,46.27,60.31,2.815,pass,0.19,low
BINSP-03442,0.9259,5.1014,45.92,59.85,2.72,pass,0.205,low
BINSP-03443,0.9075,5.3304,49.85,60.63,3.582,pass,0.2202,low
BINSP-03444,1.3473,6.1762,49.69,60.85,3.29,pass,0.2613,medium
BINSP-03445,0.7658,3.7901,47.6,58.84,2.138,pass,0.1813,low
BINSP-03446,0.638,3.6019,57.24,66.23,3.674,pass,0.2654,medium
BINSP-03447,0.9182,2.6786,51.48,60.81,3.207,pass,0.1662,low
BINSP-03448,1.0999,4.2434,54.72,59.97,1.933,pass,0.2189,low
BINSP-03449,0.8258,4.6462,44.17,63.23,2.587,pass,0.1975,low
BINSP-03450,0.8307,2.5512,48.39,59.78,1.879,pass,0.1465,low
BINSP-03451,0.9069,4.2739,44.86,60.69,2.296,pass,0.1658,low
BINSP-03452,0.9649,3.7723,53.31,62.21,3.022,pass,0.2108,low
BINSP-03453,1.1118,6.1083,59.09,55.08,3.53,pass,0.3643,medium
BINSP-03454,1.0432,7.0906,54.56,61.01,4.239,pass,0.2836,medium
BINSP-03455,0.5756,4.6391,41.62,63.04,3.058,pass,0.1736,low
BINSP-03456,0.674,4.2553,46.36,64.84,2.292,pass,0.2068,low
BINSP-03457,1.1372,6.02,49.41,65.37,3.206,pass,0.3044,medium
BINSP-03458,0.7227,4.2705,52.03,62.82,3.466,pass,0.2136,low
BINSP-03459,0.8941,3.609,49.37,64.8,3.38,pass,0.2322,low
BINSP-03460,0.5515,4.3174,47.02,60.56,3.646,pass,0.1667,low
BINSP-03461,0.714,4.8287,45.4,64.53,3.549,pass,0.2283,low
BINSP-03462,0.8893,4.715,53.94,63.29,3.159,pass,0.2442,low
BINSP-03463,1.2995,4.6068,50.55,62.97,3.14,pass,0.2549,medium
BINSP-03464,0.9653,4.7992,54.55,60.56,2.677,pass,0.2199,low
BINSP-03465,0.9853,2.962,47.91,60.83,2.755,pass,0.1589,low
BINSP-03466,1.075,5.5254,49.95,63.55,4.012,pass,0.2742,medium
BINSP-03467,1.2908,3.6594,56.84,59.45,2.876,pass,0.2471,low
BINSP-03468,0.7021,4.4888,46.14,59.93,2.683,pass,0.1759,low
BINSP-03469,0.9095,3.886,54.36,61.87,1.597,pass,0.1904,low
BINSP-03470,1.0175,4.1184,47.18,63.6,3.255,pass,0.2244,low
BINSP-03471,0.6553,5.1854,45.98,62.86,2.433,pass,0.1947,low
BINSP-03472,1.0248,5.696,51.75,57.0,2.69,pass,0.2861,medium
BINSP-03473,0.9941,3.8737,51.49,61.11,4.331,pass,0.2079,low
BINSP-03474,0.9059,5.0985,47.93,56.94,2.121,pass,0.2468,low
BINSP-03475,0.8624,5.6788,49.01,62.07,3.685,pass,0.2329,low
BINSP-03476,1.5399,5.4955,50.71,62.97,2.613,pass,0.2839,medium
BINSP-03477,0.4825,4.4564,43.87,57.84,3.145,pass,0.1888,low
BINSP-03478,1.0134,5.26,54.1,63.29,4.303,pass,0.2782,medium
BINSP-03479,0.9593,4.8097,44.08,58.58,3.006,pass,0.2179,low
BINSP-03480,0.8585,4.5293,51.28,62.61,2.517,pass,0.2114,low
BINSP-03481,0.8532,5.0541,41.59,64.4,2.621,pass,0.2168,low
BINSP-03482,0.9242,5.0906,48.16,61.39,2.337,pass,0.1962,low
BINSP-03483,1.0901,4.896,46.77,60.52,2.541,pass,0.2033,low
BINSP-03484,0.5371,3.8763,46.86,61.08,3.222,pass,0.1459,low
BINSP-03485,0.8473,4.0782,46.61,62.88,3.754,pass,0.2046,low
BINSP-03486,1.273,5.0059,52.3,63.92,3.171,pass,0.2814,medium
BINSP-03487,1.3407,5.8158,54.22,60.37,3.553,pass,0.2792,medium
BINSP-03488,1.3335,5.6967,51.45,60.02,2.989,pass,0.2654,medium
BINSP-03489,1.0885,5.0647,59.52,61.47,3.253,pass,0.2581,medium
BINSP-03490,1.0465,4.1056,50.99,60.57,2.989,pass,0.2033,low
BINSP-03491,0.8982,4.9987,52.16,58.54,2.554,pass,0.2398,low
BINSP-03492,0.9133,4.674,46.38,59.2,3.104,pass,0.2115,low
BINSP-03493,1.1611,3.265,52.32,62.62,3.033,pass,0.2175,low
BINSP-03494,0.8071,3.4487,46.75,57.92,2.492,pass,0.1925,low
BINSP-03495,0.7188,4.4597,53.98,60.6,2.8,pass,0.1943,low
BINSP-03496,0.514,3.6591,50.62,58.89,3.984,pass,0.1922,low
BINSP-03497,0.7757,4.9894,45.01,60.22,1.865,pass,0.1732,low
BINSP-03498,0.8734,3.5632,45.94,60.68,1.652,pass,0.1453,low
BINSP-03499,0.9385,4.7036,45.7,62.2,3.495,pass,0.2073,low
BINSP-03500,0.6161,4.0082,43.7,61.77,2.739,pass,0.1481,low
BINSP-03501,1.0885,5.9765,57.19,61.8,3.243,pass,0.2733,medium
BINSP-03502,1.3056,4.8905,53.19,66.35,3.701,pass,0.3274,medium
BINSP-03503,1.1003,3.3098,50.98,60.8,1.789,pass,0.1733,low
BINSP-03504,1.2454,6.2199,55.84,58.05,5.386,pass,0.3427,medium
BINSP-03505,1.2251,4.3758,51.97,64.52,2.65,pass,0.2671,medium
BINSP-03506,1.4167,4.5596,47.14,67.45,3.698,pass,0.3245,medium
BINSP-03507,0.8806,3.6623,48.6,60.89,3.761,pass,0.1789,low
BINSP-03508,1.0092,5.3395,51.69,64.33,4.475,pass,0.2889,medium
BINSP-03509,0.7505,4.34,48.07,59.74,2.623,pass,0.185,low
BINSP-03510,0.7667,4.3965,52.64,59.65,1.746,pass,0.1937,low
BINSP-03511,1.1043,4.8329,52.56,58.55,2.83,pass,0.2557,medium
BINSP-03512,1.2711,5.0663,49.95,60.34,2.373,pass,0.2311,low
BINSP-03513,1.0441,4.3795,51.35,61.97,3.331,pass,0.222,low
BINSP-03514,0.8623,5.0758,51.18,61.19,2.259,pass,0.1978,low
BINSP-03515,0.6574,3.0113,40.7,62.56,2.592,pass,0.1309,low
BINSP-03516,0.8005,4.028,49.84,61.49,3.185,pass,0.1835,low
BINSP-03517,1.2413,4.7651,54.09,60.41,3.168,pass,0.2455,low
BINSP-03518,0.9854,5.0748,51.55,62.46,3.515,pass,0.242,low
BINSP-03519,0.6859,3.2905,51.48,61.06,3.396,pass,0.1622,low
BINSP-03520,0.64,4.8368,45.31,56.06,1.791,pass,0.2229,low
BINSP-03521,0.8139,4.1157,52.48,60.92,1.492,pass,0.1687,low
BINSP-03522,0.6691,4.3076,47.61,65.36,2.812,pass,0.2258,low
BINSP-03523,0.5806,2.9188,44.83,60.27,3.001,pass,0.1301,low
BINSP-03524,1.0079,3.9736,56.17,59.42,3.303,pass,0.2365,low
BINSP-03525,0.7254,3.5421,53.04,57.38,3.545,pass,0.2306,low
BINSP-03526,1.1402,6.8279,58.33,64.14,2.73,pass,0.3268,medium
BINSP-03527,1.2408,6.175,54.31,60.8,4.648,pass,0.2863,medium
BINSP-03528,0.9765,5.1408,57.33,62.28,3.614,pass,0.2607,medium
BINSP-03529,0.9133,3.4506,50.05,61.81,2.041,pass,0.1719,low
BINSP-03530,1.1861,4.6621,45.62,59.92,2.835,pass,0.2142,low
BINSP-03531,1.0282,7.2767,54.31,61.19,3.967,pass,0.2847,medium
BINSP-03532,0.8172,6.1351,51.79,59.7,4.118,pass,0.2568,medium
BINSP-03533,0.7014,3.183,44.1,61.73,2.871,pass,0.14,low
BINSP-03534,1.0455,4.6172,52.39,58.83,2.26,pass,0.2355,low
BINSP-03535,0.7121,4.5173,50.98,60.51,2.247,pass,0.1796,low
BINSP-03536,0.7789,5.4344,48.93,61.33,2.939,pass,0.2017,low
BINSP-03537,1.1661,4.8678,53.05,63.04,3.003,pass,0.2584,medium
BINSP-03538,0.5842,4.4388,51.84,60.23,3.017,pass,0.1853,low
BINSP-03539,0.5086,4.1441,47.72,60.92,2.991,pass,0.1494,low
BINSP-03540,0.8769,4.1773,46.05,61.6,3.081,pass,0.1796,low
BINSP-03541,1.2124,4.1327,47.58,61.82,1.965,pass,0.1977,low
BINSP-03542,0.835,4.1636,51.86,60.77,2.232,pass,0.1801,low
BINSP-03543,1.0076,3.7431,39.34,58.97,2.047,pass,0.1666,low
BINSP-03544,0.9842,5.7255,52.0,66.08,3.801,pass,0.3142,medium
BINSP-03545,0.7974,4.1533,49.11,63.91,2.571,pass,0.2124,low
BINSP-03546,0.9157,5.4134,51.04,58.54,3.172,pass,0.2529,medium
BINSP-03547,0.9648,5.391,49.23,59.68,2.005,pass,0.2187,low
BINSP-03548,0.659,3.7897,45.72,61.43,1.296,pass,0.1311,low
BINSP-03549,1.2351,5.4874,50.25,60.29,3.766,pass,0.2554,medium
BINSP-03550,0.8236,3.4021,47.45,61.58,1.473,pass,0.1454,low
BINSP-03551,0.5621,1.6086,44.53,61.95,3.749,pass,0.1138,low
BINSP-03552,0.9228,4.8618,42.45,57.4,3.728,pass,0.2371,low
BINSP-03553,1.1007,5.5533,47.49,61.51,2.558,pass,0.2203,low
BINSP-03554,0.8271,4.0034,49.72,58.83,2.211,pass,0.198,low
BINSP-03555,0.7754,5.8207,49.92,57.7,2.804,pass,0.2555,medium
BINSP-03556,0.9395,4.4346,45.49,61.41,2.298,pass,0.175,low
BINSP-03557,0.5555,4.1475,50.84,59.92,2.537,pass,0.1729,low
BINSP-03558,1.1641,4.9457,54.86,59.92,3.171,pass,0.2535,medium
BINSP-03559,1.1108,4.8223,43.38,59.1,2.155,pass,0.2086,low
BINSP-03560,0.9305,5.0118,47.73,61.76,2.366,pass,0.1996,low
BINSP-03561,0.5545,2.6026,45.09,60.85,2.091,pass,0.1031,low
BINSP-03562,1.0827,4.1689,53.97,63.46,0.74,pass,0.2206,low
BINSP-03563,1.0912,4.1942,46.42,57.03,2.975,pass,0.2458,low
BINSP-03564,1.1871,4.8498,59.33,65.99,4.298,pass,0.3405,medium
BINSP-03565,0.8561,5.0197,50.48,60.81,1.854,pass,0.189,low
BINSP-03566,0.4841,4.4915,46.62,58.52,1.816,pass,0.1728,low
BINSP-03567,0.8363,5.2781,48.73,61.01,3.02,pass,0.1982,low
BINSP-03568,0.933,5.0868,54.42,61.18,2.709,pass,0.2193,low
BINSP-03569,0.5853,4.5964,43.38,62.04,2.081,pass,0.1527,low
BINSP-03570,1.1508,5.8021,45.26,61.19,3.939,pass,0.2331,low
BINSP-03571,0.7971,3.6261,52.31,63.42,3.048,pass,0.2109,low
BINSP-03572,0.6789,4.3811,47.85,58.76,3.345,pass,0.2034,low
BINSP-03573,1.0362,4.7572,49.43,65.19,3.64,pass,0.2746,medium
BINSP-03574,0.9313,4.4233,50.23,61.86,3.33,pass,0.2095,low
BINSP-03575,0.6188,4.3344,49.21,61.62,4.33,pass,0.1903,low
BINSP-03576,0.8907,4.921,56.95,62.97,3.685,pass,0.2601,medium
BINSP-03577,0.8893,4.7612,51.89,65.31,2.685,pass,0.2628,medium
BINSP-03578,1.2053,4.7053,46.83,59.53,1.158,pass,0.2063,low
BINSP-03579,0.5774,5.4582,49.31,61.55,2.15,pass,0.1829,low
BINSP-03580,1.0128,3.2349,43.46,60.5,4.455,pass,0.1766,low
BINSP-03581,0.8524,5.413,48.57,61.09,1.72,pass,0.187,low
BINSP-03582,1.5889,5.0314,52.59,63.1,1.626,pass,0.2746,medium
BINSP-03583,0.8543,5.085,46.43,61.38,1.559,pass,0.1758,low
BINSP-03584,0.9443,4.7333,49.83,60.21,2.887,pass,0.2089,low
BINSP-03585,0.8913,4.1187,56.82,58.79,3.365,pass,0.2434,low
BINSP-03586,1.0946,4.1351,52.22,60.17,2.576,pass,0.2126,low
BINSP-03587,0.4268,3.8269,46.92,63.37,2.418,pass,0.162,low
BINSP-03588,0.6608,3.684,49.33,59.67,2.229,pass,0.1661,low
BINSP-03589,0.7172,3.9459,49.05,61.14,3.427,pass,0.1709,low
BINSP-03590,0.8844,4.2166,51.76,61.64,2.264,pass,0.191,low
BINSP-03591,0.91,5.2374,51.18,60.33,2.84,pass,0.2186,low
BINSP-03592,0.807,5.3874,55.41,63.95,3.589,pass,0.2717,medium
BINSP-03593,0.9586,2.8705,49.24,63.07,3.848,pass,0.2013,low
BINSP-03594,0.8937,3.6669,48.4,60.97,2.338,pass,0.161,low
BINSP-03595,0.8172,4.1856,46.26,59.01,2.877,pass,0.1946,low
BINSP-03596,0.8814,4.1904,47.07,61.59,4.04,pass,0.1949,low
BINSP-03597,0.7737,4.8004,47.9,55.56,2.333,pass,0.2545,medium
BINSP-03598,1.1878,5.2059,48.59,59.73,4.005,pass,0.2521,medium
BINSP-03599,0.6548,4.2887,44.89,60.45,3.004,pass,0.1603,low
BINSP-03600,1.112,3.9739,50.95,60.06,1.373,pass,0.1935,low
BINSP-03601,0.8369,4.1611,48.8,59.5,1.851,pass,0.1845,low
BINSP-03602,0.7423,4.4196,51.57,62.08,2.506,pass,0.1937,low
BINSP-03603,1.1476,5.6051,57.33,59.0,2.81,pass,0.2834,medium
BINSP-03604,0.9072,5.1052,45.9,64.69,4.387,pass,0.2618,medium
BINSP-03605,0.904,5.4475,51.05,57.42,2.456,pass,0.261,medium
BINSP-03606,1.1334,4.9412,46.3,65.0,1.82,pass,0.2498,low
BINSP-03607,0.662,3.193,49.08,58.46,2.49,pass,0.1767,low
BINSP-03608,0.8781,4.0169,52.53,61.4,2.59,pass,0.1895,low
BINSP-03609,1.0468,5.3736,54.31,64.68,0.874,pass,0.2634,medium
BINSP-03610,0.9838,3.492,47.25,62.18,2.479,pass,0.1791,low
BINSP-03611,1.1111,3.5788,46.16,61.31,3.065,pass,0.1802,low
BINSP-03612,1.0332,4.714,53.96,60.45,2.982,pass,0.2262,low
BINSP-03613,0.8293,3.8653,50.81,57.25,3.683,pass,0.2406,low
BINSP-03614,0.9905,4.2572,50.16,60.44,2.891,pass,0.2004,low
BINSP-03615,0.9671,4.9767,56.23,64.82,2.649,pass,0.2796,medium
BINSP-03616,0.9931,4.966,52.83,63.89,1.673,pass,0.244,low
BINSP-03617,0.9364,4.8304,49.29,66.16,2.38,pass,0.2678,medium
BINSP-03618,0.9756,3.0536,45.81,60.02,3.274,pass,0.1713,low
BINSP-03619,1.0575,6.2326,52.84,62.45,2.573,pass,0.2632,medium
BINSP-03620,0.827,4.1571,54.67,61.69,3.093,pass,0.2063,low
BINSP-03621,0.8665,4.5909,54.6,61.36,3.336,pass,0.2154,low
BINSP-03622,1.0807,5.1555,48.69,64.23,3.192,pass,0.2633,medium
BINSP-03623,1.1867,4.0106,50.41,62.95,2.73,pass,0.2292,low
BINSP-03624,1.0254,3.4853,47.37,59.21,1.496,pass,0.1797,low
BINSP-03625,1.1514,5.7567,54.2,62.03,3.915,pass,0.2748,medium
BINSP-03626,0.8317,4.2917,46.71,61.09,2.742,pass,0.1692,low
BINSP-03627,0.9189,4.699,43.49,61.11,2.306,pass,0.1677,low
BINSP-03628,0.6202,4.3139,48.61,63.56,3.323,pass,0.2049,low
BINSP-03629,0.9962,5.0074,54.97,60.15,3.132,pass,0.2393,low
BINSP-03630,1.0068,6.3813,56.92,60.63,4.481,pass,0.283,medium
BINSP-03631,1.1016,4.3338,53.13,56.55,3.721,pass,0.2881,medium
BINSP-03632,1.0966,4.6492,48.48,58.24,4.452,pass,0.2618,medium
BINSP-03633,0.931,5.7892,50.82,63.69,2.432,pass,0.2554,medium
BINSP-03634,1.0543,5.746,51.49,58.3,2.535,pass,0.267,medium
BINSP-03635,0.3645,4.1194,48.7,63.76,1.759,pass,0.1673,low
BINSP-03636,0.9396,4.7168,49.33,60.87,4.554,pass,0.2166,low
BINSP-03637,0.902,3.7222,51.09,60.17,2.788,pass,0.1892,low
BINSP-03638,1.3855,5.5898,54.89,60.53,2.827,pass,0.2691,medium
BINSP-03639,0.7693,3.8749,54.24,61.17,3.152,pass,0.1879,low
BINSP-03640,1.0217,5.8873,48.86,62.03,4.004,pass,0.2511,medium
BINSP-03641,1.0798,5.3133,55.81,58.09,2.827,pass,0.2814,medium
BINSP-03642,0.9221,4.4271,47.07,60.16,3.519,pass,0.2001,low
BINSP-03643,1.083,5.5265,49.03,61.27,2.24,pass,0.2162,low
BINSP-03644,0.9667,4.6264,47.73,63.36,4.26,pass,0.2412,low
BINSP-03645,0.7534,5.7457,58.13,59.7,3.226,pass,0.2552,medium
BINSP-03646,0.9792,5.3133,47.49,58.42,2.679,pass,0.2393,low
BINSP-03647,0.8218,3.7348,50.22,62.17,2.02,pass,0.1767,low
BINSP-03648,1.0218,3.4018,49.84,60.39,2.81,pass,0.1842,low
BINSP-03649,0.7863,5.53,52.53,64.11,2.626,pass,0.2542,medium
BINSP-03650,0.609,3.2992,47.09,63.37,1.997,pass,0.1599,low
BINSP-03651,0.7605,5.1132,51.72,63.03,3.12,pass,0.231,low
BINSP-03652,0.7824,4.3115,45.66,57.33,3.326,pass,0.2232,low
BINSP-03653,0.7524,5.5258,50.76,59.94,4.3,pass,0.2351,low
BINSP-03654,1.1517,5.5121,48.91,63.53,2.731,pass,0.2603,medium
BINSP-03655,1.0176,4.3136,47.48,64.15,2.185,pass,0.2247,low
BINSP-03656,0.846,4.2166,48.71,62.08,3.208,pass,0.1958,low
BINSP-03657,1.2004,4.1327,51.78,58.62,2.843,pass,0.245,low
BINSP-03658,1.207,5.4385,50.7,63.49,2.296,pass,0.263,medium
BINSP-03659,0.7435,3.7354,45.14,61.37,2.269,pass,0.145,low
BINSP-03660,0.7929,5.4905,49.07,61.33,2.641,pass,0.2008,low
BINSP-03661,1.4699,5.1717,50.29,64.28,2.498,pass,0.2893,medium
BINSP-03662,0.7649,2.97,48.46,61.21,2.294,pass,0.1402,low
BINSP-03663,0.7495,4.8212,50.23,56.57,3.275,pass,0.2573,medium
BINSP-03664,0.8372,3.5075,55.36,61.09,2.691,pass,0.1825,low
BINSP-03665,0.4918,4.1784,46.45,61.87,2.314,pass,0.1482,low
BINSP-03666,1.0319,4.5603,51.55,62.8,4.742,pass,0.2548,medium
BINSP-03667,0.8699,4.1528,47.35,57.87,3.046,pass,0.2205,low
BINSP-03668,1.0597,3.7278,52.66,62.22,2.919,pass,0.2134,low
BINSP-03669,0.9364,3.7943,49.41,60.62,3.676,pass,0.1913,low
BINSP-03670,1.2095,3.7936,48.79,61.68,2.384,pass,0.1978,low
BINSP-03671,1.4,4.5351,52.14,55.83,3.389,pass,0.317,medium
BINSP-03672,0.8631,3.6361,44.72,60.58,3.048,pass,0.1602,low
BINSP-03673,0.8912,5.2072,49.52,59.89,2.988,pass,0.2195,low
BINSP-03674,1.1539,5.4787,52.94,59.69,3.154,pass,0.2601,medium
BINSP-03675,0.6477,4.4391,46.61,60.46,2.601,pass,0.1637,low
BINSP-03676,0.6426,5.4032,49.44,60.16,2.701,pass,0.1979,low
BINSP-03677,0.6186,2.428,49.43,61.61,1.951,pass,0.1241,low
BINSP-03678,0.8201,3.5473,47.6,63.94,1.484,pass,0.184,low
BINSP-03679,0.5601,3.9433,49.79,59.44,3.041,pass,0.1788,low
BINSP-03680,1.12,4.7146,50.94,61.52,2.222,pass,0.2128,low
BINSP-03681,0.6196,4.8991,47.54,60.74,2.849,pass,0.1728,low
BINSP-03682,0.8188,5.3426,49.83,61.34,2.07,pass,0.1955,low
BINSP-03683,0.7219,4.2512,41.39,64.55,1.839,pass,0.1835,low
BINSP-03684,0.9515,5.4837,47.54,61.53,3.298,pass,0.2176,low
BINSP-03685,0.9303,4.7553,53.66,61.92,2.48,pass,0.2183,low
BINSP-03686,0.7379,4.3902,46.35,62.03,2.92,pass,0.1794,low
BINSP-03687,0.9049,3.2762,53.07,60.31,3.149,pass,0.1895,low
BINSP-03688,1.5254,4.6856,47.47,65.33,2.85,pass,0.294,medium
BINSP-03689,1.1121,6.2569,48.79,60.48,1.859,pass,0.2314,low
BINSP-03690,1.0062,4.8252,49.84,59.95,2.619,pass,0.2159,low
BINSP-03691,0.6856,5.1601,46.07,59.06,2.901,pass,0.2035,low
BINSP-03692,1.3149,5.1732,51.98,61.32,2.706,pass,0.2421,low
BINSP-03693,0.9782,5.2509,44.76,57.35,3.78,pass,0.2581,medium
BINSP-03694,1.1543,3.1456,44.66,59.25,1.499,pass,0.1723,low
BINSP-03695,1.0487,4.9904,47.81,59.42,3.252,pass,0.2309,low
BINSP-03696,0.5336,4.8017,45.95,62.33,3.348,pass,0.1814,low
BINSP-03697,0.4523,4.5516,51.22,62.47,3.083,pass,0.1874,low
BINSP-03698,0.7483,4.0015,54.32,58.95,2.649,pass,0.2114,low
BINSP-03699,1.0792,4.4357,49.83,58.14,2.44,pass,0.2383,low
BINSP-03700,1.0922,5.5518,44.53,62.46,3.506,pass,0.2353,low
BINSP-03701,0.8599,4.6695,52.23,57.81,3.026,pass,0.2473,low
BINSP-03702,1.0419,5.0255,54.37,61.32,3.177,pass,0.2334,low
BINSP-03703,0.9471,4.0284,50.01,61.29,1.61,pass,0.1728,low
BINSP-03704,0.9012,4.422,47.87,60.74,4.32,pass,0.2022,low
BINSP-03705,0.7233,5.8263,58.88,62.04,3.247,pass,0.2535,medium
BINSP-03706,1.1112,5.6155,58.98,61.49,3.437,pass,0.2715,medium
BINSP-03707,0.404,3.8456,42.29,62.24,1.958,pass,0.1225,low
BINSP-03708,0.588,4.0412,55.83,63.4,2.746,pass,0.2123,low
BINSP-03709,1.0331,3.7731,49.82,63.41,3.094,pass,0.2227,low
BINSP-03710,0.852,5.3761,46.21,60.18,3.864,pass,0.215,low
BINSP-03711,0.6821,3.7872,47.89,61.97,1.916,pass,0.1556,low
BINSP-03712,0.6119,2.6688,51.8,62.5,3.635,pass,0.1701,low
BINSP-03713,1.0156,5.2243,50.58,60.31,2.989,pass,0.226,low
BINSP-03714,1.1715,3.319,46.35,61.41,3.994,pass,0.1926,low
BINSP-03715,1.026,5.0121,50.24,59.58,3.177,pass,0.2345,low
BINSP-03716,1.0911,4.9357,49.88,60.8,2.057,pass,0.2047,low
BINSP-03717,1.2847,5.809,51.03,62.37,3.393,pass,0.2735,medium
BINSP-03718,1.0259,5.4414,48.75,60.13,3.423,pass,0.2328,low
BINSP-03719,1.1823,4.5303,57.12,60.28,3.277,pass,0.2501,medium
BINSP-03720,0.9228,2.9128,44.94,58.66,2.179,pass,0.169,low
BINSP-03721,0.9158,5.5399,48.48,63.0,2.031,pass,0.2263,low
BINSP-03722,1.3691,4.5127,51.47,63.96,2.615,pass,0.2696,medium
BINSP-03723,1.1067,5.3287,47.97,63.5,2.619,pass,0.2485,low
BINSP-03724,0.8143,4.4777,48.86,64.76,2.99,pass,0.2369,low
BINSP-03725,0.8781,5.1623,48.24,60.67,2.043,pass,0.1903,low
BINSP-03726,0.9781,3.4096,47.47,60.59,2.554,pass,0.167,low
BINSP-03727,0.9408,5.0553,43.17,59.79,2.246,pass,0.1911,low
BINSP-03728,1.1238,6.1371,55.51,63.3,2.694,pass,0.2892,medium
BINSP-03729,0.6897,4.2685,42.74,62.15,2.728,pass,0.1609,low
BINSP-03730,0.7485,3.9491,44.63,59.78,2.721,pass,0.1661,low
BINSP-03731,0.7603,4.4103,47.17,60.88,1.976,pass,0.1593,low
BINSP-03732,1.0504,6.0774,54.84,62.58,2.525,pass,0.2677,medium
BINSP-03733,0.672,5.0406,44.86,60.18,2.274,pass,0.1717,low
BINSP-03734,0.8947,4.0112,52.4,62.13,2.116,pass,0.1954,low
BINSP-03735,1.2072,4.7453,53.75,57.37,3.475,pass,0.2908,medium
BINSP-03736,1.1415,5.3411,53.8,64.66,2.137,pass,0.2825,medium
BINSP-03737,1.0901,4.1734,50.79,57.85,2.568,pass,0.2429,low
BINSP-03738,0.9693,5.0152,46.4,57.83,3.925,pass,0.2527,medium
BINSP-03739,0.802,4.3563,46.6,60.64,1.995,pass,0.163,low
BINSP-03740,1.013,3.961,49.41,64.08,4.01,pass,0.2447,low
BINSP-03741,0.9135,3.9926,49.42,60.23,2.237,pass,0.1823,low
BINSP-03742,1.2932,4.3864,54.32,58.97,4.874,pass,0.2845,medium
BINSP-03743,0.9108,3.6328,43.28,62.45,2.372,pass,0.1659,low
BINSP-03744,0.9794,3.8157,44.44,61.34,3.243,pass,0.1723,low
BINSP-03745,1.0179,3.5496,49.2,64.2,2.662,pass,0.2217,low
BINSP-03746,1.1014,5.4685,49.6,57.96,3.489,pass,0.275,medium
BINSP-03747,1.1589,3.5338,54.07,61.7,2.758,pass,0.2115,low
BINSP-03748,0.5439,3.5326,44.55,59.74,2.054,pass,0.1354,low
BINSP-03749,0.9406,4.4184,54.11,64.37,1.844,pass,0.2429,low
BINSP-03750,0.9942,4.9531,49.24,65.61,3.266,pass,0.2767,medium
BINSP-03751,1.0599,4.1686,48.76,63.22,2.499,pass,0.219,low
BINSP-03752,1.1691,4.0926,54.5,63.48,3.338,pass,0.2586,medium
BINSP-03753,0.9475,4.3858,51.81,62.65,2.268,pass,0.2143,low
BINSP-03754,0.9537,6.0406,48.75,59.0,1.547,pass,0.234,low
BINSP-03755,1.0198,4.2131,55.01,62.15,3.038,pass,0.2285,low
BINSP-03756,1.1189,5.4017,51.71,60.37,3.15,pass,0.2417,low
BINSP-03757,0.779,4.6897,49.89,58.53,3.355,pass,0.2271,low
BINSP-03758,0.898,4.528,55.29,58.41,3.398,pass,0.253,medium
BINSP-03759,0.8634,6.1263,54.28,62.34,3.062,pass,0.2563,medium
BINSP-03760,0.7454,4.8012,53.15,59.15,2.45,pass,0.2179,low
BINSP-03761,0.6857,3.185,56.3,64.56,2.591,pass,0.2193,low
BINSP-03762,0.9011,5.2944,48.25,58.27,2.643,pass,0.2378,low
BINSP-03763,0.6245,4.6619,54.77,60.3,3.921,pass,0.2124,low
BINSP-03764,1.2499,5.6657,47.57,61.87,4.893,pass,0.2669,medium
BINSP-03765,0.92,6.0076,50.49,61.19,3.571,pass,0.2339,low
BINSP-03766,1.1267,4.4795,50.66,57.55,3.814,pass,0.2705,medium
BINSP-03767,0.8514,4.3323,47.74,60.98,0.2,pass,0.1433,low
BINSP-03768,0.9078,5.1603,55.11,62.72,3.874,pass,0.2585,medium
BINSP-03769,0.8953,4.8347,44.78,60.13,2.06,pass,0.1815,low
BINSP-03770,1.1725,4.2231,49.46,63.69,2.839,pass,0.2416,low
BINSP-03771,1.1172,3.6365,44.22,62.76,3.745,pass,0.2052,low
BINSP-03772,1.0625,4.0052,53.08,59.85,3.979,pass,0.2322,low
BINSP-03773,1.1753,4.1236,50.81,60.51,3.317,pass,0.217,low
BINSP-03774,0.9695,5.8464,47.29,59.62,2.653,pass,0.2303,low
BINSP-03775,0.9536,4.9079,47.55,67.22,2.739,pass,0.285,medium
BINSP-03776,0.9272,3.9999,51.69,61.91,3.748,pass,0.2113,low
BINSP-03777,1.029,3.6883,55.61,60.48,3.114,pass,0.2122,low
BINSP-03778,1.2006,4.9036,56.11,61.28,3.478,pass,0.2512,medium
BINSP-03779,0.6639,4.3961,46.03,61.51,2.483,pass,0.1601,low
BINSP-03780,0.807,5.4848,56.16,63.95,5.237,pass,0.2961,medium
BINSP-03781,1.4256,3.5284,48.3,62.02,3.124,pass,0.2203,low
BINSP-03782,1.1595,4.7931,50.84,62.86,3.08,pass,0.2471,low
BINSP-03783,0.8605,5.8077,54.57,62.48,3.249,pass,0.255,medium
BINSP-03784,0.9111,4.2048,46.95,59.63,2.245,pass,0.1871,low
BINSP-03785,0.7796,4.6206,50.67,57.0,3.53,pass,0.2535,medium
BINSP-03786,0.9899,4.5354,45.26,59.27,2.789,pass,0.2056,low
BINSP-03787,1.1178,5.1353,51.91,61.18,3.985,pass,0.2402,low
BINSP-03788,1.1358,3.633,50.88,63.13,3.106,pass,0.2268,low
BINSP-03789,0.8831,3.4688,48.16,62.71,2.314,pass,0.1804,low
BINSP-03790,0.4668,5.4138,47.43,61.84,2.702,pass,0.1787,low
BINSP-03791,1.0402,6.0256,55.07,62.46,1.815,pass,0.2564,medium
BINSP-03792,0.8159,4.6797,48.55,62.89,3.007,pass,0.2121,low
BINSP-03793,1.0927,4.7162,50.79,59.18,3.011,pass,0.2393,low
BINSP-03794,0.8328,3.1788,49.51,62.59,2.793,pass,0.1796,low
BINSP-03795,1.0717,4.1781,51.89,56.29,3.926,pass,0.2851,medium
BINSP-03796,0.9085,5.6062,48.11,58.7,2.115,pass,0.2313,low
BINSP-03797,0.8279,3.5414,46.26,60.43,1.746,pass,0.1475,low
BINSP-03798,0.7983,4.3888,50.48,62.34,1.96,pass,0.1908,low
BINSP-03799,0.7295,3.0354,42.07,64.97,3.049,pass,0.1829,low
BINSP-03800,0.8698,4.6462,51.38,63.18,2.728,pass,0.226,low
BINSP-03801,1.0477,5.6378,53.08,63.34,3.702,pass,0.2783,medium
BINSP-03802,0.9861,5.1294,50.36,62.35,3.223,pass,0.2339,low
BINSP-03803,0.9321,4.0292,50.18,62.42,2.081,pass,0.1949,low
BINSP-03804,0.7701,4.6608,47.22,61.74,2.066,pass,0.1755,low
BINSP-03805,0.9684,4.7178,51.04,59.57,2.941,pass,0.2246,low
BINSP-03806,1.3877,5.3373,55.7,60.73,3.379,pass,0.2706,medium
BINSP-03807,0.9759,4.5775,49.61,58.66,3.397,pass,0.2366,low
BINSP-03808,0.9371,5.3892,60.34,62.19,1.388,pass,0.2449,low
BINSP-03809,0.9389,5.5329,54.44,61.0,2.656,pass,0.2254,low
BINSP-03810,0.8305,4.4541,52.13,62.08,2.557,pass,0.2033,low
BINSP-03811,0.7169,3.0082,40.82,63.54,1.412,pass,0.1362,low
BINSP-03812,0.5469,2.7523,46.69,61.25,2.946,pass,0.1227,low
BINSP-03813,1.0659,5.12,52.18,67.7,4.041,pass,0.3357,medium
BINSP-03814,0.8132,4.056,42.75,61.33,3.154,pass,0.1583,low
BINSP-03815,1.0749,3.8796,47.61,61.7,3.948,pass,0.205,low
BINSP-03816,0.9351,4.6469,44.32,61.91,2.619,pass,0.1863,low
BINSP-03817,1.4064,5.2747,49.46,63.07,2.418,pass,0.265,medium
BINSP-03818,0.6485,6.0573,50.65,61.24,3.098,pass,0.2112,low
BINSP-03819,0.4023,3.9126,40.0,61.71,3.136,pass,0.1222,low
BINSP-03820,1.1739,5.6616,51.27,59.74,1.564,pass,0.2398,low
BINSP-03821,0.9523,3.2512,48.73,58.24,2.43,pass,0.2,low
BINSP-03822,0.7101,4.9197,49.25,61.88,4.054,pass,0.2092,low
BINSP-03823,1.1415,6.6217,59.15,61.68,3.726,pass,0.3005,medium
BINSP-03824,1.0965,5.4616,55.17,61.84,3.173,pass,0.2564,medium
BINSP-03825,1.1224,5.281,46.44,60.82,4.332,pass,0.2293,low
BINSP-03826,0.7811,4.867,50.45,65.16,2.451,pass,0.2472,low
BINSP-03827,0.939,4.5338,47.65,58.76,1.656,pass,0.204,low
BINSP-03828,0.5344,3.6343,45.49,63.43,2.309,pass,0.1605,low
BINSP-03829,0.792,4.8564,51.26,59.1,2.481,pass,0.217,low
BINSP-03830,0.9842,4.2444,40.86,61.81,2.59,pass,0.1683,low
BINSP-03831,0.7065,4.5217,48.58,63.29,3.255,pass,0.2102,low
BINSP-03832,0.925,3.3151,51.74,58.56,2.429,pass,0.2048,low
BINSP-03833,0.7358,5.4592,48.08,60.96,1.846,pass,0.1787,low
BINSP-03834,0.5669,3.5044,47.05,58.39,3.0,pass,0.1765,low
BINSP-03835,0.8312,3.458,49.25,62.9,1.838,pass,0.1773,low
BINSP-03836,1.128,3.7199,54.03,61.86,2.326,pass,0.2102,low
BINSP-03837,0.8958,4.4261,44.58,61.81,2.274,pass,0.1744,low
BINSP-03838,0.6406,3.7141,43.48,62.09,2.841,pass,0.1492,low
BINSP-03839,1.326,4.9034,52.36,60.74,2.868,pass,0.2398,low
BINSP-03840,0.779,3.4235,49.52,63.27,2.903,pass,0.1921,low
BINSP-03841,0.9722,3.4048,48.76,64.43,2.735,pass,0.2184,low
BINSP-03842,0.5773,4.3845,48.35,60.96,3.02,pass,0.1609,low
BINSP-03843,0.7181,3.8063,41.89,64.55,1.735,pass,0.1748,low
BINSP-03844,0.9467,5.6277,57.1,61.55,2.587,pass,0.2442,low
BINSP-03845,0.7878,5.3665,50.94,64.09,3.042,pass,0.2505,medium
BINSP-03846,0.5486,4.4104,52.31,59.07,2.674,pass,0.197,low
BINSP-03847,1.0417,4.0095,47.15,59.48,2.616,pass,0.1999,low
BINSP-03848,1.0007,4.5693,49.27,60.71,3.863,pass,0.2119,low
BINSP-03849,0.7809,4.2784,49.54,63.58,2.126,pass,0.2048,low
BINSP-03850,0.5636,4.9785,57.47,63.34,3.939,pass,0.2483,low
BINSP-03851,0.9389,5.0589,48.0,62.27,2.951,pass,0.2167,low
BINSP-03852,0.7205,3.4326,51.67,58.73,1.292,pass,0.1761,low
BINSP-03853,0.3317,3.4421,36.45,60.74,2.541,pass,0.0818,low
BINSP-03854,1.0068,4.5806,50.27,62.42,3.755,pass,0.2316,low
BINSP-03855,0.7579,4.2937,45.14,62.2,2.797,pass,0.1758,low
BINSP-03856,0.7096,2.9846,45.18,63.03,3.035,pass,0.1617,low
BINSP-03857,0.5682,3.5931,54.31,58.84,4.428,pass,0.2133,low
BINSP-03858,0.727,3.0532,54.45,63.27,3.781,pass,0.2083,low
BINSP-03859,0.8506,4.2254,42.68,65.14,2.503,pass,0.2135,low
BINSP-03860,1.2746,3.7893,55.45,63.23,4.108,pass,0.2687,medium
BINSP-03861,1.3288,4.366,51.57,56.18,2.523,pass,0.2909,medium
BINSP-03862,0.7541,6.4447,50.84,60.13,4.184,pass,0.2496,low
BINSP-03863,1.078,5.325,43.53,60.89,3.338,pass,0.204,low
BINSP-03864,0.8663,4.9713,52.7,63.21,2.236,pass,0.2312,low
BINSP-03865,0.8916,3.7655,45.55,61.31,3.092,pass,0.1664,low
BINSP-03866,0.7574,5.5371,49.58,60.95,4.07,pass,0.2138,low
BINSP-03867,0.8709,5.3516,52.32,62.88,1.679,pass,0.2263,low
BINSP-03868,1.0808,5.9588,51.08,58.35,2.416,pass,0.2696,medium
BINSP-03869,0.4388,3.7126,44.44,58.88,2.714,pass,0.1518,low
BINSP-03870,0.6326,4.4892,45.38,59.95,4.327,pass,0.1877,low
BINSP-03871,0.6956,2.7971,49.37,58.31,3.059,pass,0.1813,low
BINSP-03872,1.0185,4.5879,49.89,63.28,3.451,pass,0.2405,low
BINSP-03873,0.8816,6.0373,54.15,61.92,3.454,pass,0.2538,medium
BINSP-03874,0.79,3.591,46.62,61.75,2.694,pass,0.1612,low
BINSP-03875,0.9205,5.5238,50.31,62.25,2.169,pass,0.2228,low
BINSP-03876,1.445,5.1213,50.46,62.49,3.459,pass,0.2717,medium
BINSP-03877,0.7898,5.2244,52.57,62.25,3.279,pass,0.2285,low
BINSP-03878,0.9279,4.7978,55.8,60.85,2.371,pass,0.2133,low
BINSP-03879,0.9851,4.2109,54.15,59.82,2.176,pass,0.2132,low
BINSP-03880,0.4704,4.3039,54.88,63.35,2.991,pass,0.2082,low
BINSP-03881,1.0098,4.5275,54.76,61.51,0.831,pass,0.1972,low
BINSP-03882,0.889,5.1462,51.26,60.79,2.984,pass,0.2105,low
BINSP-03883,0.8975,4.0867,52.45,60.29,0.641,pass,0.1732,low
BINSP-03884,0.9816,3.7646,50.6,62.54,2.867,pass,0.2057,low
BINSP-03885,0.816,5.1931,51.45,58.89,3.881,pass,0.2461,low
BINSP-03886,0.7534,2.9806,44.97,59.78,2.015,pass,0.1397,low
BINSP-03887,0.6755,4.6259,50.14,59.13,1.919,pass,0.1931,low
BINSP-03888,0.6105,4.5039,47.84,59.99,2.085,pass,0.1674,low
BINSP-03889,0.6577,4.5783,50.49,58.39,3.639,pass,0.2238,low
BINSP-03890,0.7077,3.8867,53.0,63.25,2.68,pass,0.2051,low
BINSP-03891,0.9083,3.4067,50.69,62.98,3.114,pass,0.2032,low
BINSP-03892,0.9898,5.5954,53.62,59.45,3.087,pass,0.2559,medium
BINSP-03893,1.2022,5.7733,53.83,65.58,3.702,pass,0.3282,medium
BINSP-03894,0.7813,5.5172,54.15,62.42,2.873,pass,0.2367,low
BINSP-03895,1.0907,5.974,46.88,59.76,2.491,pass,0.2361,low
BINSP-03896,1.1355,4.9236,49.82,64.08,2.308,pass,0.2537,medium
BINSP-03897,0.9248,4.0795,52.54,61.55,3.56,pass,0.208,low
BINSP-03898,0.7972,5.0498,46.46,59.49,2.825,pass,0.2034,low
BINSP-03899,0.8445,4.401,50.94,60.57,3.474,pass,0.2004,low
BINSP-03900,0.9229,4.7488,52.13,63.14,4.19,pass,0.2513,medium
BINSP-03901,0.8573,4.5908,51.9,60.4,3.729,pass,0.2141,low
BINSP-03902,0.8773,4.1849,43.46,60.89,2.271,pass,0.154,low
BINSP-03903,1.0983,3.2615,47.74,61.45,1.71,pass,0.1642,low
BINSP-03904,0.8469,4.5292,49.78,61.32,2.634,pass,0.1875,low
BINSP-03905,0.8271,2.7949,46.64,62.17,3.383,pass,0.1626,low
BINSP-03906,1.1345,3.5111,47.97,57.38,2.245,pass,0.2264,low
BINSP-03907,1.0384,3.8868,50.88,60.43,3.074,pass,0.2012,low
BINSP-03908,1.3051,5.1719,52.21,58.85,3.765,pass,0.2823,medium
BINSP-03909,0.8215,5.3522,48.39,65.23,4.26,pass,0.2756,medium
BINSP-03910,0.6677,4.4277,46.76,61.55,3.305,pass,0.1739,low
BINSP-03911,1.0177,3.1377,44.93,64.5,2.887,pass,0.2062,low
BINSP-03912,0.4778,4.8819,49.14,63.83,2.851,pass,0.2063,low
BINSP-03913,0.6641,2.6193,42.73,62.92,2.798,pass,0.1384,low
BINSP-03914,1.0244,5.6256,55.34,66.69,1.979,pass,0.3136,medium
BINSP-03915,1.0083,4.6012,50.32,58.51,2.632,pass,0.2348,low
BINSP-03916,0.7775,5.804,49.62,63.2,2.264,pass,0.2313,low
BINSP-03917,1.3744,5.0475,53.44,61.38,2.738,pass,0.2501,medium
BINSP-03918,0.8907,3.131,44.25,60.77,1.826,pass,0.1329,low
BINSP-03919,0.5973,4.308,47.71,59.31,2.892,pass,0.182,low
BINSP-03920,0.951,5.1155,49.46,58.89,2.554,pass,0.2315,low
BINSP-03921,0.8806,3.1609,49.32,62.81,2.544,pass,0.1823,low
BINSP-03922,0.7531,5.2809,51.78,61.08,2.429,pass,0.1966,low
BINSP-03923,1.1154,5.1587,49.47,64.25,2.122,pass,0.2561,medium
BINSP-03924,0.6965,5.2053,46.0,61.99,1.847,pass,0.178,low
BINSP-03925,1.1528,5.3256,47.22,64.62,1.333,pass,0.2506,medium
BINSP-03926,0.8323,4.7827,58.02,61.36,3.856,pass,0.2347,low
BINSP-03927,1.0746,4.8631,52.4,59.49,2.997,pass,0.2415,low
BINSP-03928,0.8168,3.9639,48.71,57.78,0.814,pass,0.1921,low
BINSP-03929,0.7293,3.2636,52.13,61.41,2.281,pass,0.1589,low
BINSP-03930,1.0042,3.0898,54.9,61.87,2.565,pass,0.1948,low
BINSP-03931,1.1037,5.8289,49.79,61.91,3.441,pass,0.2504,medium
BINSP-03932,1.2146,6.5667,52.81,62.46,3.223,pass,0.289,medium
BINSP-03933,0.928,4.2757,51.92,63.15,3.083,pass,0.2284,low
BINSP-03934,0.8491,5.1216,50.68,63.78,2.164,pass,0.2338,low
BINSP-03935,0.8816,3.637,41.99,56.78,3.24,pass,0.2116,low
BINSP-03936,1.171,5.3309,57.44,59.18,3.773,pass,0.2888,medium
BINSP-03937,1.3255,5.4655,53.64,60.36,3.058,pass,0.2634,medium
BINSP-03938,1.0634,4.1374,52.79,60.02,2.187,pass,0.2098,low
BINSP-03939,0.6619,4.1384,52.96,62.89,2.756,pass,0.2023,low
BINSP-03940,0.8105,4.3632,42.82,63.58,2.073,pass,0.1853,low
BINSP-03941,0.6389,4.6785,48.19,60.11,3.12,pass,0.1847,low
BINSP-03942,0.781,4.2604,49.55,57.23,2.124,pass,0.2222,low
BINSP-03943,1.2037,3.6437,49.54,58.11,2.89,pass,0.2361,low
BINSP-03944,0.8932,3.9063,48.04,60.1,2.168,pass,0.1755,low
BINSP-03945,0.5154,3.2938,55.19,59.82,1.872,pass,0.1612,low
BINSP-03946,0.9062,4.3216,48.2,61.19,2.431,pass,0.1778,low
BINSP-03947,0.8536,3.6043,42.57,59.43,2.57,pass,0.163,low
BINSP-03948,1.2327,3.6585,48.01,64.32,3.01,pass,0.2412,low
BINSP-03949,0.8319,4.0538,50.78,58.94,2.631,pass,0.2064,low
BINSP-03950,0.977,3.9617,53.36,58.55,2.959,pass,0.2334,low
BINSP-03951,1.0571,2.9506,46.29,55.53,2.417,pass,0.2339,low
BINSP-03952,0.9706,3.974,52.58,60.38,3.251,pass,0.2066,low
BINSP-03953,0.9799,6.417,45.49,57.93,1.552,pass,0.2485,low
BINSP-03954,0.9549,4.5001,52.7,55.94,2.95,pass,0.2795,medium
BINSP-03955,0.4054,5.0724,45.44,62.96,2.059,pass,0.1699,low
BINSP-03956,0.7448,3.5704,46.23,63.0,2.515,pass,0.1727,low
BINSP-03957,0.5236,5.6609,51.46,63.22,5.175,pass,0.2517,medium
BINSP-03958,1.1845,4.1643,48.57,59.58,4.003,pass,0.2331,low
BINSP-03959,0.7704,4.2802,48.87,54.37,2.768,pass,0.2703,medium
BINSP-03960,1.1675,5.0623,54.35,59.39,3.734,pass,0.269,medium
BINSP-03961,0.9841,6.751,43.21,60.5,0.552,pass,0.1973,low
BINSP-03962,1.049,4.0044,49.96,62.11,2.08,pass,0.1972,low
BINSP-03963,0.8376,4.133,51.3,59.52,3.321,pass,0.2097,low
BINSP-03964,1.0226,5.6131,54.58,59.77,3.905,pass,0.2668,medium
BINSP-03965,0.7034,3.8206,54.94,58.48,3.036,pass,0.2184,low
BINSP-03966,0.5904,3.2625,50.47,61.47,2.878,pass,0.1513,low
BINSP-03967,0.9867,4.507,48.91,58.73,3.577,pass,0.2347,low
BINSP-03968,0.9089,5.2506,52.05,59.04,3.853,pass,0.2532,medium
BINSP-03969,1.07,5.3136,47.65,57.9,3.187,pass,0.2603,medium
BINSP-03970,1.1021,5.2346,46.21,61.44,3.353,pass,0.2183,low
BINSP-03971,0.9755,4.1482,48.72,64.67,2.857,pass,0.2383,low
BINSP-03972,0.9404,5.3287,48.84,67.58,3.234,pass,0.3081,medium
BINSP-03973,0.8792,4.883,55.06,66.78,3.596,pass,0.3082,medium
BINSP-03974,0.4305,3.8263,44.54,57.68,3.312,pass,0.179,low
BINSP-03975,0.9725,5.3519,45.98,60.68,2.95,pass,0.2038,low
BINSP-03976,0.6941,4.8212,46.32,58.87,1.504,pass,0.1844,low
BINSP-03977,0.8944,4.3565,52.11,60.18,2.063,pass,0.196,low
BINSP-03978,1.1196,5.7125,57.84,61.65,2.987,pass,0.2671,medium
BINSP-03979,1.1938,5.3693,47.03,62.68,3.156,pass,0.2464,low
BINSP-03980,0.5575,3.6326,43.81,60.2,1.883,pass,0.1269,low
BINSP-03981,0.6442,5.369,50.26,59.02,3.512,pass,0.2269,low
BINSP-03982,0.9472,4.2802,45.17,62.08,3.098,pass,0.1911,low
BINSP-03983,1.4621,5.4857,49.39,63.62,3.247,pass,0.2911,medium
BINSP-03984,0.762,3.1244,51.58,60.56,3.35,pass,0.1698,low
BINSP-03985,0.782,5.5218,45.7,61.52,3.673,pass,0.2044,low
BINSP-03986,1.1931,4.3159,48.17,60.79,1.694,pass,0.1897,low
BINSP-03987,1.1566,5.5716,49.5,61.78,4.321,pass,0.2566,medium
BINSP-03988,1.1045,4.9494,47.43,59.71,3.344,pass,0.2295,low
BINSP-03989,1.0394,5.68,49.54,60.28,2.726,pass,0.2305,low
BINSP-03990,1.0085,5.291,52.12,59.36,3.512,pass,0.2526,medium
BINSP-03991,0.822,4.1831,49.29,60.18,2.815,pass,0.1868,low
BINSP-03992,0.7658,5.2151,54.24,58.3,3.425,pass,0.2558,medium
BINSP-03993,1.0351,5.5353,49.18,60.19,1.855,pass,0.217,low
BINSP-03994,0.9975,3.2139,47.52,62.68,3.206,pass,0.1916,low
BINSP-03995,1.1085,4.0264,50.76,59.84,2.233,pass,0.2072,low
BINSP-03996,1.3448,5.4814,49.61,64.3,3.883,pass,0.3013,medium
BINSP-03997,0.7374,5.8665,52.01,56.57,2.852,pass,0.2782,medium
BINSP-03998,1.061,3.4634,49.06,60.87,2.234,pass,0.1714,low
BINSP-03999,1.1961,4.8295,51.55,63.06,4.224,pass,0.2696,medium
BINSP-04000,0.7398,3.367,46.98,58.84,3.651,pass,0.1869,low
BINSP-04001,0.8975,5.245,48.86,61.31,2.013,pass,0.1948,low
BINSP-04002,0.7384,3.5368,50.84,62.27,2.504,pass,0.1762,low
BINSP-04003,0.9574,4.0442,50.47,62.6,3.059,pass,0.2123,low
BINSP-04004,1.3196,5.5218,56.07,61.08,3.373,pass,0.2676,medium
BINSP-04005,0.6643,4.2795,43.94,61.44,2.656,pass,0.1518,low
BINSP-04006,0.7168,4.7682,46.25,61.73,2.229,pass,0.1724,low
BINSP-04007,1.1448,5.1771,53.66,58.46,3.728,pass,0.2813,medium
BINSP-04008,0.7995,5.3963,51.2,62.0,3.121,pass,0.2223,low
BINSP-04009,0.7006,3.9204,47.62,61.77,1.182,pass,0.1468,low
BINSP-04010,1.2365,5.0356,51.85,58.85,3.396,pass,0.2691,medium
BINSP-04011,1.331,5.1142,46.79,62.36,3.147,pass,0.2454,low
BINSP-04012,1.0021,4.9055,53.73,62.98,3.254,pass,0.2518,medium
BINSP-04013,0.9946,4.4396,48.47,65.48,2.712,pass,0.2552,medium
BINSP-04014,0.8445,4.7622,49.17,58.48,3.208,pass,0.2298,low
BINSP-04015,1.0741,4.2002,48.93,59.5,3.311,pass,0.2201,low
BINSP-04016,0.9679,5.4306,50.44,63.29,3.129,pass,0.252,medium
BINSP-04017,0.5665,4.0028,48.35,61.76,3.403,pass,0.168,low
BINSP-04018,1.0769,4.9339,57.43,56.85,2.842,pass,0.2979,medium
BINSP-04019,0.7881,4.1097,55.36,59.59,2.031,pass,0.2029,low
BINSP-04020,0.7424,4.9658,49.69,62.55,2.478,pass,0.205,low
BINSP-04021,0.9754,3.4932,46.08,62.42,2.116,pass,0.1737,low
BINSP-04022,1.0343,4.9142,55.7,65.74,3.142,pass,0.301,medium
BINSP-04023,0.8657,4.3011,46.1,56.77,3.748,pass,0.2438,low
BINSP-04024,0.9503,4.9245,50.51,59.76,3.274,pass,0.2268,low
BINSP-04025,0.9908,3.566,48.68,57.79,2.793,pass,0.2201,low
BINSP-04026,1.0719,6.0241,54.58,60.13,2.541,pass,0.2568,medium
BINSP-04027,0.6174,3.9757,48.78,61.64,3.77,pass,0.1751,low
BINSP-04028,0.8453,3.3898,49.94,60.04,3.457,pass,0.1846,low
BINSP-04029,0.7697,4.3494,51.36,56.63,3.772,pass,0.2581,medium
BINSP-04030,0.902,3.6402,59.23,65.77,3.253,pass,0.2798,medium
BINSP-04031,0.9725,4.1286,50.64,61.68,4.358,pass,0.2175,low
BINSP-04032,0.8527,3.7162,42.52,62.23,1.179,pass,0.1433,low
BINSP-04033,0.8669,4.7473,52.54,63.02,2.387,pass,0.2251,low
BINSP-04034,0.7341,1.9582,44.72,61.44,1.05,pass,0.0937,low
BINSP-04035,1.2062,4.876,63.04,63.0,3.534,pass,0.301,medium
BINSP-04036,0.3568,3.1786,50.01,59.2,1.209,pass,0.1314,low
BINSP-04037,1.1025,4.4545,47.35,63.39,1.934,pass,0.2188,low
BINSP-04038,0.8648,6.4442,53.56,61.28,1.871,pass,0.2301,low
BINSP-04039,0.9367,3.2881,50.25,59.44,4.255,pass,0.2087,low
BINSP-04040,0.8476,4.9061,59.62,63.84,3.28,pass,0.2739,medium
BINSP-04041,0.988,4.2498,48.09,60.08,1.664,pass,0.1836,low
BINSP-04042,0.984,6.2356,53.9,64.49,3.039,pass,0.2978,medium
BINSP-04043,0.7919,4.592,42.87,60.13,2.539,pass,0.1686,low
BINSP-04044,1.0887,3.7309,53.78,59.87,2.409,pass,0.2118,low
BINSP-04045,0.6677,5.6617,45.93,63.64,2.272,pass,0.2147,low
BINSP-04046,1.3393,4.6865,50.51,63.04,1.174,pass,0.2366,low
BINSP-04047,1.0782,5.4103,54.52,60.51,1.6,pass,0.2278,low
BINSP-04048,1.0033,3.9003,48.12,58.56,2.873,pass,0.2152,low
BINSP-04049,0.9278,5.2796,48.78,64.81,3.369,pass,0.266,medium
BINSP-04050,1.0996,5.5866,46.15,59.29,3.158,pass,0.2416,low
BINSP-04051,0.7851,4.1296,48.74,59.17,3.856,pass,0.2088,low
BINSP-04052,0.9502,4.4233,50.97,56.83,3.624,pass,0.2664,medium
BINSP-04053,1.2989,4.9552,53.87,59.17,3.488,pass,0.275,medium
BINSP-04054,0.5645,4.4646,45.14,61.1,2.903,pass,0.1503,low
BINSP-04055,1.2898,5.0828,60.33,62.26,4.098,pass,0.2977,medium
BINSP-04056,1.4899,5.2879,58.19,57.88,3.466,pass,0.3291,medium
BINSP-04057,0.4384,6.0225,42.25,59.98,2.603,pass,0.1728,low
BINSP-04058,0.5628,4.3161,48.89,60.42,1.657,pass,0.1521,low
BINSP-04059,0.6237,4.8827,44.92,63.88,1.987,pass,0.1929,low
BINSP-04060,1.2979,4.8646,50.23,60.87,3.784,pass,0.2389,low
BINSP-04061,1.0785,4.982,48.29,61.96,3.55,pass,0.2287,low
BINSP-04062,0.9547,5.1787,48.37,61.76,2.949,pass,0.2139,low
BINSP-04063,0.997,4.2496,52.54,62.61,2.814,pass,0.2235,low
BINSP-04064,0.7317,2.8914,45.88,57.5,2.516,pass,0.1795,low
BINSP-04065,0.8385,5.7796,53.73,59.3,2.973,pass,0.2501,medium
BINSP-04066,0.8977,4.9245,53.16,60.16,3.272,pass,0.2259,low
BINSP-04067,1.1219,5.8774,53.87,61.05,3.216,pass,0.2509,medium
BINSP-04068,1.2329,3.1935,53.34,64.01,3.532,pass,0.2516,medium
BINSP-04069,1.1208,5.3073,59.34,59.02,3.803,pass,0.294,medium
BINSP-04070,0.9806,2.5611,51.38,62.77,2.726,pass,0.1859,low
BINSP-04071,1.3113,3.4408,54.05,66.65,4.122,pass,0.3112,medium
BINSP-04072,1.0277,4.6156,54.52,61.21,2.67,pass,0.217,low
BINSP-04073,0.7931,5.0371,49.64,58.89,2.194,pass,0.2149,low
BINSP-04074,0.4905,4.9505,43.33,59.4,1.724,pass,0.157,low
BINSP-04075,0.9692,4.114,45.14,59.17,2.974,pass,0.199,low
BINSP-04076,0.8973,5.0126,47.2,59.41,2.102,pass,0.2048,low
BINSP-04077,1.1436,5.7426,51.54,62.92,3.089,pass,0.2684,medium
BINSP-04078,0.5944,5.2592,49.89,61.2,3.17,pass,0.1891,low
BINSP-04079,0.6297,4.5593,51.57,62.36,2.011,pass,0.1868,low
BINSP-04080,0.7924,4.742,57.67,57.85,2.289,pass,0.2528,medium
BINSP-04081,1.0876,2.8574,53.58,61.76,2.193,pass,0.1854,low
BINSP-04082,0.8778,3.9655,45.76,61.23,3.502,pass,0.1739,low
BINSP-04083,0.5685,4.9984,48.13,64.64,2.641,pass,0.2214,low
BINSP-04084,1.0413,4.1877,48.73,63.14,1.084,pass,0.1997,low
BINSP-04085,0.9229,5.3783,52.58,61.94,2.851,pass,0.2313,low
BINSP-04086,1.2976,5.7154,45.04,61.08,3.504,pass,0.2342,low
BINSP-04087,1.0497,4.364,52.61,57.98,3.188,pass,0.2554,medium
BINSP-04088,1.1226,5.6279,50.64,59.75,3.089,pass,0.2515,medium
BINSP-04089,1.037,3.9233,56.3,60.8,3.471,pass,0.2193,low
BINSP-04090,0.7898,4.0845,49.16,59.93,2.616,pass,0.1835,low
BINSP-04091,0.7187,5.2019,50.28,62.76,4.727,pass,0.2402,low
BINSP-04092,0.6802,3.9134,48.6,59.98,2.427,pass,0.1674,low
BINSP-04093,1.0459,3.6133,49.43,59.6,2.548,pass,0.1974,low
BINSP-04094,0.7243,4.0341,50.11,61.29,1.573,pass,0.1568,low
BINSP-04095,1.2451,3.9469,49.99,60.6,3.284,pass,0.214,low
BINSP-04096,0.3873,4.5363,53.88,60.9,1.998,pass,0.1578,low
BINSP-04097,1.0558,4.5428,48.28,59.69,2.763,pass,0.214,low
BINSP-04098,1.4816,4.792,51.07,59.1,3.206,pass,0.2729,medium
BINSP-04099,0.5554,4.9109,48.7,63.68,2.566,pass,0.2053,low
BINSP-04100,1.1041,5.4486,48.88,59.43,3.336,pass,0.2483,low
BINSP-04101,1.0229,3.6263,50.78,61.03,2.437,pass,0.1786,low
BINSP-04102,1.0314,3.552,51.99,61.57,3.064,pass,0.1976,low
BINSP-04103,0.8933,3.5294,56.87,59.82,2.014,pass,0.2003,low
BINSP-04104,0.684,4.3653,40.62,60.23,2.678,pass,0.1489,low
BINSP-04105,0.6853,4.15,44.4,63.61,1.351,pass,0.1692,low
BINSP-04106,0.957,4.7292,50.85,58.34,3.455,pass,0.2479,low
BINSP-04107,0.9884,4.8645,49.65,59.25,3.656,pass,0.2377,low
BINSP-04108,1.2576,3.836,47.4,63.06,1.409,pass,0.2063,low
BINSP-04109,1.095,6.2104,54.41,62.9,4.557,pass,0.3013,medium
BINSP-04110,1.1119,7.0881,50.96,64.81,4.094,pass,0.3314,medium
BINSP-04111,1.0972,6.4736,51.89,59.29,4.408,pass,0.2936,medium
BINSP-04112,0.3772,3.1614,48.38,63.36,2.852,pass,0.1551,low
BINSP-04113,1.4277,6.2012,51.25,61.27,3.314,pass,0.2748,medium
BINSP-04114,1.0977,5.738,44.87,55.91,2.756,pass,0.2861,medium
BINSP-04115,1.1488,4.8679,51.15,63.01,2.796,pass,0.2478,low
BINSP-04116,0.818,3.144,50.88,58.51,1.798,pass,0.184,low
BINSP-04117,0.6819,4.487,49.28,59.94,1.699,pass,0.1731,low
BINSP-04118,1.0202,6.8085,50.02,61.08,1.929,pass,0.2343,low
BINSP-04119,1.1832,5.2553,53.68,62.15,1.757,pass,0.2412,low
BINSP-04120,0.7755,3.3893,46.43,58.73,3.389,pass,0.1866,low
BINSP-04121,1.0167,5.6936,48.57,63.91,2.795,pass,0.2597,medium
BINSP-04122,1.1747,4.6811,54.33,62.74,3.594,pass,0.2622,medium
BINSP-04123,0.9787,5.8672,54.28,60.08,3.535,pass,0.2587,medium
BINSP-04124,1.0522,3.5931,52.44,59.8,3.404,pass,0.2149,low
BINSP-04125,0.8123,4.0507,52.35,67.2,3.279,pass,0.28,medium
BINSP-04126,0.6458,4.097,47.26,59.99,0.979,pass,0.1465,low
BINSP-04127,0.9142,4.4348,50.66,63.73,1.931,pass,0.2211,low
BINSP-04128,1.1721,5.5532,48.7,60.47,2.4,pass,0.2279,low
BINSP-04129,0.7554,3.8892,44.57,59.6,2.951,pass,0.1706,low
BINSP-04130,1.1079,5.0668,50.35,59.02,2.176,pass,0.2382,low
BINSP-04131,1.1269,5.346,58.18,55.55,3.442,pass,0.339,medium
BINSP-04132,0.9715,3.7701,43.73,59.52,2.824,pass,0.1805,low
BINSP-04133,0.8536,4.1077,46.89,62.24,3.655,pass,0.1959,low
BINSP-04134,0.751,3.6146,50.63,60.7,1.906,pass,0.1562,low
BINSP-04135,0.6957,2.79,48.0,63.6,2.547,pass,0.1691,low
BINSP-04136,1.0214,4.6384,48.45,60.1,5.029,pass,0.2351,low
BINSP-04137,1.2967,4.9226,51.15,64.94,2.31,pass,0.2826,medium
BINSP-04138,1.2063,3.5887,45.27,63.78,2.822,pass,0.2183,low
BINSP-04139,1.0214,4.5119,48.2,59.44,2.793,pass,0.2148,low
BINSP-04140,0.9922,2.7606,43.63,56.02,2.312,pass,0.2077,low
BINSP-04141,0.8813,3.1399,50.33,67.56,2.097,pass,0.2512,medium
BINSP-04142,0.8181,4.4813,52.87,62.87,3.543,pass,0.2291,low
BINSP-04143,1.0137,4.7235,44.85,62.48,2.42,pass,0.2014,low
BINSP-04144,1.099,3.8197,53.94,61.13,3.199,pass,0.2093,low
BINSP-04145,0.9869,2.2922,52.11,62.24,1.658,pass,0.1628,low
BINSP-04146,1.1274,4.5729,52.61,61.2,2.28,pass,0.212,low
BINSP-04147,0.6112,3.2855,50.11,64.46,2.015,pass,0.1866,low
BINSP-04148,0.9698,3.7937,48.63,60.64,3.342,pass,0.1868,low
BINSP-04149,0.7986,3.9483,51.55,61.09,0.552,pass,0.15,low
BINSP-04150,0.374,3.1587,46.53,59.27,1.996,pass,0.1288,low
BINSP-04151,0.8491,3.8936,46.56,61.21,2.52,pass,0.161,low
BINSP-04152,0.4998,4.0403,49.27,59.18,2.408,pass,0.1711,low
BINSP-04153,0.5346,3.6037,44.37,64.57,1.603,pass,0.1647,low
BINSP-04154,0.6628,4.58,47.85,62.21,2.672,pass,0.1827,low
BINSP-04155,0.8773,3.4068,51.4,60.5,2.073,pass,0.1687,low
BINSP-04156,0.3543,3.9892,49.8,61.46,3.009,pass,0.1481,low
BINSP-04157,0.7598,5.4887,50.94,63.65,3.937,pass,0.255,medium
BINSP-04158,1.0408,6.1508,54.27,62.77,4.185,pass,0.2893,medium
BINSP-04159,1.1978,5.2312,54.3,59.52,2.69,pass,0.2599,medium
BINSP-04160,1.1731,4.1582,55.71,61.59,2.332,pass,0.2238,low
BINSP-04161,1.0332,4.5793,52.77,65.47,4.547,pass,0.2972,medium
BINSP-04162,1.3794,5.2681,53.41,61.46,3.626,pass,0.2666,medium
BINSP-04163,0.7681,4.7438,48.18,59.88,3.477,pass,0.2029,low
BINSP-04164,0.5607,4.7083,53.33,60.69,3.689,pass,0.1951,low
BINSP-04165,1.0127,4.8895,46.61,63.75,3.821,pass,0.2465,low
BINSP-04166,1.1765,4.7441,49.11,58.86,3.607,pass,0.2521,medium
BINSP-04167,0.5428,4.0568,48.96,60.07,2.25,pass,0.1581,low
BINSP-04168,0.8686,4.3701,49.27,56.56,2.782,pass,0.2477,low
BINSP-04169,0.785,3.3467,51.77,61.45,4.054,pass,0.1852,low
BINSP-04170,1.1705,6.2623,52.97,59.27,3.168,pass,0.2836,medium
BINSP-04171,0.6868,3.5627,47.44,61.32,1.014,pass,0.1294,low
BINSP-04172,0.8453,3.2753,49.16,60.1,2.002,pass,0.1614,low
BINSP-04173,0.9854,5.4244,55.4,62.16,3.383,pass,0.2559,medium
BINSP-04174,1.351,3.6102,44.8,62.94,1.569,pass,0.1999,low
BINSP-04175,0.9984,6.0551,53.68,61.7,3.72,pass,0.2608,medium
BINSP-04176,1.1933,5.4273,49.1,55.98,2.813,pass,0.3005,medium
BINSP-04177,0.6996,4.5031,51.65,60.69,2.731,pass,0.1838,low
BINSP-04178,0.6074,5.1753,49.7,61.57,1.545,pass,0.1738,low
BINSP-04179,0.9813,4.5878,53.22,64.33,1.657,pass,0.2434,low
BINSP-04180,0.5867,4.9731,49.17,62.92,2.783,pass,0.2015,low
BINSP-04181,0.9449,4.9788,49.86,58.9,1.932,pass,0.222,low
BINSP-04182,0.9373,4.0542,49.92,57.94,1.688,pass,0.2147,low
BINSP-04183,0.8382,5.0959,49.9,59.8,4.087,pass,0.2293,low
BINSP-04184,0.8129,5.168,46.98,60.66,1.754,pass,0.1781,low
BINSP-04185,0.8315,4.5675,50.4,60.81,3.963,pass,0.2032,low
BINSP-04186,0.8936,4.5564,51.87,56.82,1.85,pass,0.2469,low
BINSP-04187,0.9201,4.5209,59.77,62.77,2.294,pass,0.2441,low
BINSP-04188,0.6435,5.324,55.16,59.89,3.623,pass,0.2308,low
BINSP-04189,0.7982,3.7477,51.2,59.7,3.071,pass,0.1932,low
BINSP-04190,0.9486,3.9362,43.12,62.86,3.354,pass,0.1922,low
BINSP-04191,0.9631,5.1235,51.68,59.56,2.267,pass,0.2266,low
BINSP-04192,0.793,4.8551,52.86,64.49,1.974,pass,0.2402,low
BINSP-04193,0.9707,4.3538,54.47,58.32,4.055,pass,0.2612,medium
BINSP-04194,0.8246,5.514,53.46,63.49,2.212,pass,0.2455,low
BINSP-04195,1.1817,4.4308,56.11,59.65,4.044,pass,0.2632,medium
BINSP-04196,1.2459,5.5188,56.58,60.73,3.356,pass,0.2667,medium
BINSP-04197,1.0421,4.3911,54.03,63.12,1.584,pass,0.2274,low
BINSP-04198,1.1,4.7397,57.15,58.45,3.912,pass,0.2836,medium
BINSP-04199,0.7829,4.4754,49.01,59.85,3.87,pass,0.2066,low
BINSP-04200,1.241,3.4799,47.52,61.87,3.751,pass,0.2087,low
BINSP-04201,0.9292,4.4304,50.34,58.98,1.827,pass,0.2091,low
BINSP-04202,0.9816,4.7474,45.8,62.14,1.847,pass,0.1909,low
BINSP-04203,1.2766,5.9033,51.92,62.17,3.5,pass,0.276,medium
BINSP-04204,1.2349,5.2833,52.05,64.31,3.553,pass,0.2938,medium
BINSP-04205,0.8112,5.9878,54.75,60.17,1.985,pass,0.2309,low
BINSP-04206,1.179,4.126,55.1,60.36,2.674,pass,0.2265,low
BINSP-04207,0.8169,3.1207,46.09,61.27,2.959,pass,0.1479,low
BINSP-04208,1.1639,5.858,56.35,62.63,3.153,pass,0.2848,medium
BINSP-04209,0.7594,2.7931,48.83,61.49,2.038,pass,0.1387,low
BINSP-04210,0.8023,5.7591,51.01,58.4,4.169,pass,0.2657,medium
BINSP-04211,1.2066,5.0194,49.88,59.11,3.654,pass,0.2591,medium
BINSP-04212,0.7678,4.6697,51.17,61.34,2.6,pass,0.1893,low
BINSP-04213,0.7241,4.1941,45.29,59.0,2.804,pass,0.1841,low
BINSP-04214,1.0729,4.7105,50.11,65.9,2.856,pass,0.2797,medium
BINSP-04215,1.0567,3.7011,51.0,60.32,4.611,pass,0.2192,low
BINSP-04216,0.7187,4.379,49.85,61.55,1.913,pass,0.1704,low
BINSP-04217,0.9452,5.1372,48.45,63.32,1.784,pass,0.222,low
BINSP-04218,1.0386,4.6862,48.85,61.53,2.326,pass,0.2007,low
BINSP-04219,0.914,4.2823,53.93,61.38,3.249,pass,0.2096,low
BINSP-04220,1.1115,5.8116,52.3,59.91,3.018,pass,0.2567,medium
BINSP-04221,0.6763,2.9211,53.61,63.67,2.221,pass,0.1864,low
BINSP-04222,1.0258,4.5414,54.41,60.22,2.853,pass,0.2258,low
BINSP-04223,0.9477,5.485,51.04,63.24,2.375,pass,0.2437,low
BINSP-04224,0.8946,4.7109,47.44,61.2,2.319,pass,0.1811,low
BINSP-04225,1.2456,3.7142,44.6,59.97,3.022,pass,0.1975,low
BINSP-04226,0.5166,4.7374,49.98,59.0,3.453,pass,0.2037,low
BINSP-04227,0.6498,4.0546,52.08,63.67,1.831,pass,0.1974,low
BINSP-04228,0.7916,4.295,46.7,60.34,2.847,pass,0.1762,low
BINSP-04229,1.0175,4.4101,43.17,59.93,2.428,pass,0.1838,low
BINSP-04230,0.9719,5.6685,51.62,63.02,3.596,pass,0.2624,medium
BINSP-04231,0.6785,4.1315,45.16,62.0,1.295,pass,0.1461,low
BINSP-04232,0.9795,5.3666,47.83,62.84,2.631,pass,0.2299,low
BINSP-04233,0.9865,3.6243,49.29,60.97,3.105,pass,0.179,low
BINSP-04234,0.9628,4.8333,45.87,60.75,3.234,pass,0.1948,low
BINSP-04235,0.9282,5.0596,44.42,60.75,2.931,pass,0.1883,low
BINSP-04236,0.9775,4.7517,47.81,59.35,2.93,pass,0.2181,low
BINSP-04237,1.0354,4.6278,49.42,65.99,2.204,pass,0.2666,medium
BINSP-04238,1.0864,3.9341,48.83,62.69,2.32,pass,0.2063,low
BINSP-04239,0.7239,2.9893,42.63,58.41,1.226,pass,0.141,low
BINSP-04240,1.1177,5.2801,52.54,59.02,4.061,pass,0.2732,medium
BINSP-04241,0.7206,3.0818,50.53,60.23,1.22,pass,0.1419,low
BINSP-04242,1.0939,5.0683,56.76,61.67,2.661,pass,0.2452,low
BINSP-04243,0.7031,5.0508,51.72,62.7,2.997,pass,0.2193,low
BINSP-04244,0.7526,4.8667,53.63,60.44,1.76,pass,0.1937,low
BINSP-04245,0.8645,3.8433,52.81,57.84,2.991,pass,0.2321,low
BINSP-04246,0.6668,6.8054,48.65,61.13,3.245,pass,0.2209,low
BINSP-04247,0.8932,4.4505,52.37,59.2,3.014,pass,0.2248,low
BINSP-04248,0.6201,6.2173,52.42,58.27,1.662,pass,0.2385,low
BINSP-04249,0.9384,4.794,47.51,63.28,2.46,pass,0.219,low
BINSP-04250,0.898,3.7656,46.5,62.88,1.652,pass,0.1764,low
BINSP-04251,0.3151,4.2987,39.3,60.24,1.786,pass,0.1059,low
BINSP-04252,0.3511,3.5303,48.52,57.84,3.651,pass,0.1826,low
BINSP-04253,1.0666,3.7306,49.6,60.93,1.682,pass,0.1714,low
BINSP-04254,0.9762,4.3886,50.14,60.28,4.734,pass,0.2264,low
BINSP-04255,1.0827,4.219,53.42,58.59,3.361,pass,0.2506,medium
BINSP-04256,0.654,5.1361,48.39,62.25,2.449,pass,0.1929,low
BINSP-04257,0.9799,3.6086,44.2,56.95,1.898,pass,0.2068,low
BINSP-04258,0.5702,5.0855,49.55,59.54,3.091,pass,0.2006,low
BINSP-04259,0.8397,5.89,52.62,63.55,2.694,pass,0.258,medium
BINSP-04260,1.0799,3.7725,59.51,60.9,3.007,pass,0.2231,low
BINSP-04261,0.8501,3.3879,46.23,64.99,1.899,pass,0.199,low
BINSP-04262,1.2793,3.4994,51.27,58.96,3.409,pass,0.2379,low
BINSP-04263,1.2662,5.2995,50.41,60.02,2.05,pass,0.2379,low
BINSP-04264,0.6344,4.3292,49.7,61.04,2.891,pass,0.1669,low
BINSP-04265,0.7825,3.8176,52.8,60.72,3.035,pass,0.1831,low
BINSP-04266,1.1689,4.0798,56.21,57.93,3.665,pass,0.2769,medium
BINSP-04267,0.7864,4.9328,54.11,58.46,1.733,pass,0.2285,low
BINSP-04268,0.4673,4.0561,44.89,62.04,1.865,pass,0.1359,low
BINSP-04269,1.1318,4.7261,51.25,57.43,3.142,pass,0.2716,medium
BINSP-04270,1.0004,3.89,43.46,63.17,3.436,pass,0.2017,low
BINSP-04271,1.0008,4.7483,48.56,62.11,3.444,pass,0.2204,low
BINSP-04272,0.7243,4.9349,49.73,66.83,3.334,pass,0.2778,medium
BINSP-04273,0.7848,5.3945,46.33,59.09,3.386,pass,0.2216,low
BINSP-04274,1.3839,5.898,61.85,60.72,4.098,pass,0.3111,medium
BINSP-04275,0.7431,5.0307,51.89,60.77,3.057,pass,0.201,low
BINSP-04276,1.1383,4.2201,51.77,61.77,3.986,pass,0.2318,low
BINSP-04277,0.9949,4.4465,49.69,62.79,2.157,pass,0.2124,low
BINSP-04278,0.8845,4.7254,47.14,63.29,3.018,pass,0.2193,low
BINSP-04279,0.7911,4.5005,45.4,60.02,2.409,pass,0.1753,low
BINSP-04280,1.0996,4.6182,46.81,59.38,3.196,pass,0.2235,low
BINSP-04281,0.5245,5.0744,50.4,62.05,2.198,pass,0.1832,low
BINSP-04282,1.0913,4.3703,53.47,63.43,3.343,pass,0.2545,medium
BINSP-04283,1.0869,2.9348,48.73,63.11,2.907,pass,0.1993,low
BINSP-04284,0.7382,3.4641,52.61,60.07,1.509,pass,0.1636,low
BINSP-04285,1.0647,4.7364,55.42,63.55,4.294,pass,0.2797,medium
BINSP-04286,0.9719,5.5138,49.34,61.93,2.483,pass,0.2219,low
BINSP-04287,1.0917,4.2546,50.52,65.17,3.179,pass,0.2663,medium
BINSP-04288,0.831,4.3656,55.63,62.02,2.145,pass,0.2076,low
BINSP-04289,0.8045,4.4889,47.84,64.27,3.284,pass,0.2291,low
BINSP-04290,0.7926,5.0309,49.73,61.58,3.124,pass,0.2032,low
BINSP-04291,0.8669,5.0229,55.09,63.48,0.626,pass,0.225,low
BINSP-04292,1.2259,4.6774,58.83,58.32,2.734,pass,0.2847,medium
BINSP-04293,0.8198,4.748,43.77,59.62,2.641,pass,0.1856,low
BINSP-04294,0.7515,5.249,43.65,59.54,2.99,pass,0.1957,low
BINSP-04295,0.6939,4.7129,49.0,63.56,1.999,pass,0.2036,low
BINSP-04296,0.8662,4.0989,43.09,61.12,2.474,pass,0.1526,low
BINSP-04297,0.5763,4.1604,46.75,65.55,3.148,pass,0.2201,low
BINSP-04298,0.9822,5.045,47.85,63.97,4.165,pass,0.2591,medium
BINSP-04299,0.6464,5.6542,51.86,63.14,1.509,pass,0.2166,low
BINSP-04300,1.2196,4.6419,53.47,60.59,3.454,pass,0.2402,low
BINSP-04301,0.7273,4.5286,54.23,62.74,2.371,pass,0.2121,low
BINSP-04302,0.9067,3.8952,52.06,61.52,2.502,pass,0.1882,low
BINSP-04303,0.5507,3.0897,46.03,59.8,2.855,pass,0.1407,low
BINSP-04304,0.8573,4.0717,52.2,61.45,3.637,pass,0.2012,low
BINSP-04305,0.9798,5.6945,45.42,58.8,2.303,pass,0.2298,low
BINSP-04306,0.9941,3.8744,48.95,61.5,2.256,pass,0.1803,low
BINSP-04307,1.0144,5.0122,50.72,62.97,2.907,pass,0.2403,low
BINSP-04308,0.9037,4.4861,44.03,62.51,3.198,pass,0.1959,low
BINSP-04309,0.7513,3.4874,44.66,61.56,3.405,pass,0.1554,low
BINSP-04310,1.1805,5.9671,50.09,60.72,4.174,pass,0.259,medium
BINSP-04311,0.8681,4.4315,48.92,58.46,2.219,pass,0.2125,low
BINSP-04312,0.746,4.3028,49.67,61.09,2.591,pass,0.1714,low
BINSP-04313,1.0462,5.3681,52.39,58.49,2.128,pass,0.2541,medium
BINSP-04314,1.0422,4.7569,53.07,66.22,1.904,pass,0.2819,medium
BINSP-04315,0.851,4.2384,47.85,60.03,3.223,pass,0.1923,low
BINSP-04316,1.2418,4.5039,53.54,60.19,2.671,pass,0.2357,low
BINSP-04317,0.6323,4.9144,50.22,59.34,3.218,pass,0.2085,low
BINSP-04318,0.9444,4.6575,45.17,60.2,1.292,pass,0.1725,low
BINSP-04319,0.9846,3.0591,51.68,57.72,3.059,pass,0.2238,low
BINSP-04320,0.7966,2.9843,51.08,60.25,1.718,pass,0.1529,low
BINSP-04321,0.8821,3.5876,46.01,60.0,3.455,pass,0.1786,low
BINSP-04322,0.6547,3.5946,43.94,62.49,2.248,pass,0.1482,low
BINSP-04323,0.9719,4.5921,49.61,60.88,4.096,pass,0.2116,low
BINSP-04324,0.7519,2.5651,50.3,59.91,3.778,pass,0.1685,low
BINSP-04325,0.7659,5.1452,52.49,58.2,2.739,pass,0.2416,low
BINSP-04326,1.2464,4.9401,55.13,60.98,2.534,pass,0.2366,low
BINSP-04327,1.0792,4.7906,46.79,62.2,3.496,pass,0.2227,low
BINSP-04328,0.9708,5.6372,49.6,55.03,1.837,pass,0.2931,medium
BINSP-04329,0.7361,4.2663,45.03,59.28,2.209,pass,0.1741,low
BINSP-04330,0.8031,5.0554,50.02,61.9,2.378,pass,0.2014,low
BINSP-04331,0.7845,5.4467,52.48,60.41,1.083,pass,0.196,low
BINSP-04332,0.9515,5.1379,50.51,61.28,2.8,pass,0.2111,low
BINSP-04333,1.0394,4.9468,55.01,59.76,4.04,pass,0.2579,medium
BINSP-04334,0.6068,4.5413,44.97,59.41,2.737,pass,0.1746,low
BINSP-04335,0.8697,4.204,55.76,62.31,3.059,pass,0.2228,low
BINSP-04336,0.9263,5.8134,53.81,59.8,3.677,pass,0.2582,medium
BINSP-04337,0.7472,3.9631,48.29,62.52,3.454,pass,0.1919,low
BINSP-04338,1.1041,6.2015,48.41,60.36,2.011,pass,0.2321,low
BINSP-04339,0.9376,4.4009,47.43,59.38,2.916,pass,0.2064,low
BINSP-04340,1.0925,4.9222,51.31,59.59,3.135,pass,0.2405,low
BINSP-04341,1.1528,4.0319,53.1,63.3,3.008,pass,0.2449,low
BINSP-04342,0.8565,4.7241,52.71,63.22,3.77,pass,0.2441,low
BINSP-04343,0.9021,3.8119,50.1,59.58,3.164,pass,0.2011,low
BINSP-04344,0.7413,5.5263,48.05,61.01,1.163,pass,0.1718,low
BINSP-04345,0.9589,3.9754,51.75,60.95,3.117,pass,0.1928,low
BINSP-04346,1.1984,6.4914,49.58,58.82,3.267,pass,0.2867,medium
BINSP-04347,0.9748,3.8917,50.71,64.34,2.683,pass,0.2329,low
BINSP-04348,0.664,3.3508,49.13,59.96,3.104,pass,0.1651,low
BINSP-04349,0.8994,4.4407,49.47,61.35,2.356,pass,0.1855,low
BINSP-04350,0.8996,5.0065,48.54,60.44,2.289,pass,0.196,low
BINSP-04351,0.8331,5.1584,48.48,61.33,1.996,pass,0.1873,low
BINSP-04352,1.0657,6.767,54.01,64.21,2.41,pass,0.3028,medium
BINSP-04353,0.8955,4.5666,49.14,62.09,4.63,pass,0.2251,low
BINSP-04354,0.9524,5.9981,51.62,61.03,1.283,pass,0.2101,low
BINSP-04355,0.7627,5.4785,49.75,64.24,3.239,pass,0.2515,medium
BINSP-04356,1.0269,4.1239,52.63,57.37,2.156,pass,0.2459,low
BINSP-04357,1.0313,6.5658,54.24,61.95,3.272,pass,0.2736,medium
BINSP-04358,1.4376,5.0215,45.74,62.58,3.046,pass,0.2497,low
BINSP-04359,0.8545,5.5606,51.35,63.64,4.034,pass,0.2656,medium
BINSP-04360,0.9329,5.2518,49.14,59.22,2.612,pass,0.2276,low
BINSP-04361,0.6674,4.2537,50.71,61.75,2.851,pass,0.1814,low
BINSP-04362,1.0255,3.6515,51.18,59.51,4.111,pass,0.2227,low
BINSP-04363,1.1258,4.6224,50.7,59.18,1.678,pass,0.2234,low
BINSP-04364,0.9348,4.9006,54.49,59.97,3.329,pass,0.2362,low
BINSP-04365,0.5741,4.1997,46.41,56.42,3.272,pass,0.2216,low
BINSP-04366,0.9602,4.3868,53.09,59.7,2.614,pass,0.2183,low
BINSP-04367,0.9714,5.8073,52.41,61.31,2.993,pass,0.235,low
BINSP-04368,0.6737,3.8581,54.56,60.64,2.783,pass,0.1803,low
BINSP-04369,0.8827,4.7537,50.95,60.1,1.107,pass,0.1888,low
BINSP-04370,0.859,5.9375,56.17,60.78,2.702,pass,0.2374,low
BINSP-04371,1.0757,3.7479,45.57,64.9,2.773,pass,0.2294,low
BINSP-04372,0.8602,4.1137,53.85,58.08,1.823,pass,0.2232,low
BINSP-04373,0.8099,4.1679,47.82,61.59,2.545,pass,0.1741,low
BINSP-04374,0.7087,3.7153,46.36,61.38,1.98,pass,0.1429,low
BINSP-04375,0.7428,4.2785,49.97,64.9,2.223,pass,0.2245,low
BINSP-04376,0.9493,4.4067,45.94,63.05,1.669,pass,0.1937,low
BINSP-04377,1.0202,5.1432,49.06,60.48,3.43,pass,0.2223,low
BINSP-04378,0.4754,6.2687,47.49,61.36,3.559,pass,0.1997,low
BINSP-04379,1.2343,4.3564,41.53,58.23,3.57,pass,0.2317,low
BINSP-04380,0.826,3.9133,50.15,63.19,3.55,pass,0.2139,low
BINSP-04381,0.7649,3.2858,48.72,62.66,2.033,pass,0.1661,low
BINSP-04382,0.9914,6.592,48.45,58.64,3.361,pass,0.274,medium
BINSP-04383,1.5585,6.0756,53.77,65.46,4.388,pass,0.3659,medium
BINSP-04384,0.5421,5.2162,48.36,61.53,1.768,pass,0.1675,low
BINSP-04385,0.8834,4.4758,49.81,61.91,3.327,pass,0.2063,low
BINSP-04386,0.6783,3.8328,50.1,58.73,3.285,pass,0.1997,low
BINSP-04387,1.0158,5.1581,50.1,60.67,2.632,pass,0.2134,low
BINSP-04388,1.0327,4.8837,53.44,60.44,2.524,pass,0.2225,low
BINSP-04389,0.4679,3.9781,53.47,66.02,2.414,pass,0.2298,low
BINSP-04390,0.5442,5.2293,48.77,63.17,2.392,pass,0.2014,low
BINSP-04391,0.8954,4.5946,45.66,57.6,3.189,pass,0.2312,low
BINSP-04392,0.825,4.9796,47.64,63.77,1.709,pass,0.2134,low
BINSP-04393,0.6211,5.708,51.95,61.33,4.747,pass,0.2278,low
BINSP-04394,0.8629,3.4447,49.05,60.28,2.416,pass,0.1678,low
BINSP-04395,0.7296,3.8349,52.39,62.06,2.59,pass,0.1846,low
BINSP-04396,1.216,5.0541,52.36,60.86,4.039,pass,0.2474,low
BINSP-04397,1.3475,6.2463,56.32,61.6,3.419,pass,0.2933,medium
BINSP-04398,0.8033,6.0046,48.83,58.75,2.672,pass,0.2401,low
BINSP-04399,0.7434,5.8177,50.89,61.26,3.869,pass,0.2235,low
BINSP-04400,0.7635,5.159,49.77,58.98,3.733,pass,0.2327,low
BINSP-04401,0.8986,4.1439,51.97,60.69,4.506,pass,0.2132,low
BINSP-04402,0.9329,5.1617,53.84,61.83,2.758,pass,0.2292,low
BINSP-04403,0.9,5.0038,45.69,58.58,2.184,pass,0.2131,low
BINSP-04404,0.8307,4.0672,47.39,61.01,1.664,pass,0.1527,low
BINSP-04405,0.6448,4.3326,53.67,58.66,2.091,pass,0.2061,low
BINSP-04406,1.0159,5.9285,49.8,61.35,2.58,pass,0.2274,low
BINSP-04407,0.9397,4.987,53.6,61.55,2.666,pass,0.2201,low
BINSP-04408,0.999,5.7761,50.91,62.11,3.01,pass,0.2435,low
BINSP-04409,0.7118,4.9664,55.02,58.66,2.665,pass,0.235,low
BINSP-04410,1.0934,3.8966,54.64,60.43,3.612,pass,0.2245,low
BINSP-04411,0.8191,3.2631,44.7,58.6,3.215,pass,0.1811,low
BINSP-04412,0.7877,5.3993,53.25,64.75,3.047,pass,0.2689,medium
BINSP-04413,1.1742,4.3123,51.93,59.83,2.107,pass,0.2202,low
BINSP-04414,1.4254,4.4846,48.15,59.76,4.202,pass,0.2551,medium
BINSP-04415,1.0198,2.8222,47.08,65.2,2.947,pass,0.2186,low
BINSP-04416,1.0452,4.3051,53.29,58.89,2.202,pass,0.2308,low
BINSP-04417,1.3001,3.9755,43.94,58.92,4.705,pass,0.2403,low
BINSP-04418,1.0048,6.1798,52.49,58.14,2.966,pass,0.2831,medium
BINSP-04419,1.0197,5.3084,53.63,63.08,1.918,pass,0.2463,low
BINSP-04420,1.0341,3.6221,52.75,63.51,3.155,pass,0.2318,low
BINSP-04421,1.1944,5.0706,55.36,56.17,2.993,pass,0.314,medium
BINSP-04422,1.0572,5.6697,50.55,58.58,2.994,pass,0.2638,medium
BINSP-04423,0.9337,3.8667,51.71,58.94,1.739,pass,0.2024,low
BINSP-04424,0.7584,2.5005,48.26,64.12,2.49,pass,0.1757,low
BINSP-04425,0.7959,5.4978,45.37,61.93,2.844,pass,0.1999,low
BINSP-04426,0.8546,6.0215,50.96,56.29,3.684,pass,0.3003,medium
BINSP-04427,0.7615,3.5005,43.37,62.96,1.946,pass,0.1555,low
BINSP-04428,1.0841,5.5764,57.92,61.99,4.348,pass,0.2835,medium
BINSP-04429,0.501,3.3843,44.8,64.9,0.632,pass,0.1527,low
BINSP-04430,0.6699,5.6114,41.98,59.2,2.808,pass,0.1944,low
BINSP-04431,1.1383,5.4256,53.67,60.41,2.68,pass,0.244,low
BINSP-04432,1.4119,3.6787,50.3,62.0,2.541,pass,0.2217,low
BINSP-04433,1.0496,4.568,47.37,62.73,1.676,pass,0.2043,low
BINSP-04434,1.1949,5.5167,46.86,64.2,2.503,pass,0.2639,medium
BINSP-04435,1.0617,5.5879,53.33,59.58,3.941,pass,0.2682,medium
BINSP-04436,0.9186,3.9168,45.69,59.33,2.122,pass,0.1807,low
BINSP-04437,0.7687,3.3246,47.4,59.54,3.484,pass,0.177,low
BINSP-04438,1.0574,4.8004,51.67,58.34,2.726,pass,0.2506,medium
BINSP-04439,0.9378,3.7396,51.21,63.37,1.881,pass,0.2048,low
BINSP-04440,0.6516,2.85,48.56,62.85,2.328,pass,0.1551,low
BINSP-04441,0.6974,4.8326,48.47,60.42,2.196,pass,0.1771,low
BINSP-04442,1.0988,3.8927,53.64,62.26,2.887,pass,0.223,low
BINSP-04443,0.8945,5.7201,46.04,59.43,2.295,pass,0.2168,low
BINSP-04444,0.7648,4.0389,51.01,60.54,4.922,pass,0.2056,low
BINSP-04445,1.076,4.8188,45.54,61.49,2.345,pass,0.1944,low
BINSP-04446,0.4025,4.3782,44.35,61.03,1.072,pass,0.1112,low
BINSP-04447,1.0672,4.4511,48.89,69.0,3.353,pass,0.3225,medium
BINSP-04448,0.6391,3.81,47.2,61.69,1.915,pass,0.1465,low
BINSP-04449,1.3394,6.0011,56.83,59.91,5.364,pass,0.3203,medium
BINSP-04450,0.8042,3.9768,52.39,57.55,3.582,pass,0.2406,low
BINSP-04451,0.9016,3.2659,46.18,60.46,1.752,pass,0.1467,low
BINSP-04452,1.2878,4.9156,54.67,57.82,4.105,pass,0.3039,medium
BINSP-04453,1.1123,5.2533,47.18,61.32,3.398,pass,0.2213,low
BINSP-04454,1.0454,4.5418,49.95,59.4,3.375,pass,0.2306,low
BINSP-04455,0.7722,5.7518,55.46,61.97,1.856,pass,0.2263,low
BINSP-04456,1.0286,5.4197,51.88,59.91,3.626,pass,0.2488,low
BINSP-04457,1.3781,4.6221,52.48,58.25,2.899,pass,0.2761,medium
BINSP-04458,0.31,1.8503,49.38,58.84,3.373,pass,0.1307,low
BINSP-04459,1.1488,3.6148,51.35,61.35,2.98,pass,0.2007,low
BINSP-04460,1.5696,4.3059,53.2,60.51,2.785,pass,0.2507,medium
BINSP-04461,1.0199,3.7504,44.91,60.69,2.445,pass,0.1653,low
BINSP-04462,1.2504,4.9672,51.49,57.94,3.132,pass,0.278,medium
BINSP-04463,1.0592,4.5778,50.74,61.39,1.696,pass,0.1967,low
BINSP-04464,0.6272,4.767,55.6,64.25,1.503,pass,0.2266,low
BINSP-04465,0.9013,4.3572,49.63,60.32,2.808,pass,0.195,low
BINSP-04466,0.9898,3.3018,50.47,57.52,2.803,pass,0.225,low
BINSP-04467,0.912,5.4459,47.27,62.85,2.566,pass,0.2241,low
BINSP-04468,1.2995,7.3661,60.83,59.11,2.303,pass,0.3335,medium
BINSP-04469,0.9802,3.6866,46.14,65.46,2.702,pass,0.2307,low
BINSP-04470,1.1491,4.7227,55.73,57.47,2.797,pass,0.2831,medium
BINSP-04471,0.9436,5.213,54.44,63.13,3.503,pass,0.2614,medium
BINSP-04472,1.199,3.8042,51.22,57.15,3.182,pass,0.2625,medium
BINSP-04473,1.0424,5.0195,55.71,57.6,3.129,pass,0.2836,medium
BINSP-04474,0.5948,3.8312,44.05,59.67,1.698,pass,0.1401,low
BINSP-04475,1.1941,4.9574,51.38,56.43,3.388,pass,0.2991,medium
BINSP-04476,0.9941,5.0958,47.45,59.61,3.675,pass,0.23,low
BINSP-04477,0.6311,3.1269,44.88,61.51,2.394,pass,0.1274,low
BINSP-04478,0.8804,4.4231,48.99,61.8,0.947,pass,0.172,low
BINSP-04479,0.6201,5.1222,42.17,58.51,1.688,pass,0.1786,low
BINSP-04480,0.9729,5.9687,52.51,58.27,3.909,pass,0.286,medium
BINSP-04481,0.8191,3.8198,51.49,60.83,3.126,pass,0.1807,low
BINSP-04482,1.2344,5.2173,47.02,65.6,3.408,pass,0.2931,medium
BINSP-04483,0.7456,4.0008,51.66,61.41,2.322,pass,0.1736,low
BINSP-04484,1.2994,4.6656,48.32,58.87,3.429,pass,0.2543,medium
BINSP-04485,0.7307,6.3773,47.73,57.88,2.305,pass,0.2473,low
BINSP-04486,0.9092,5.8325,43.58,59.93,2.094,pass,0.2019,low
BINSP-04487,0.9413,4.427,51.61,60.32,3.819,pass,0.218,low
BINSP-04488,0.7841,5.0566,45.7,62.84,3.495,pass,0.2129,low
BINSP-04489,1.0172,4.5874,51.68,61.57,2.037,pass,0.2038,low
BINSP-04490,1.0571,5.1766,52.24,62.4,3.402,pass,0.2492,low
BINSP-04491,0.894,4.8406,52.42,57.38,3.444,pass,0.2652,medium
BINSP-04492,1.0337,4.2479,51.45,59.11,3.57,pass,0.2356,low
BINSP-04493,0.559,4.2283,53.52,62.13,3.054,pass,0.1908,low
BINSP-04494,1.0283,4.4772,53.6,62.96,2.831,pass,0.2393,low
BINSP-04495,0.8892,5.1366,45.95,61.39,0.82,pass,0.1691,low
BINSP-04496,0.6978,3.4169,55.46,57.93,2.102,pass,0.2087,low
BINSP-04497,0.8786,5.696,55.4,62.75,3.193,pass,0.2604,medium
BINSP-04498,0.8406,4.4566,50.93,64.24,3.429,pass,0.2428,low
BINSP-04499,0.6695,5.1637,48.56,61.68,2.626,pass,0.1887,low
BINSP-04500,0.6878,5.1401,49.03,63.27,2.428,pass,0.2127,low
BINSP-04501,1.2451,5.1637,51.09,59.7,3.359,pass,0.2565,medium
BINSP-04502,0.9885,4.5684,59.21,58.44,3.456,pass,0.2737,medium
BINSP-04503,0.7156,5.2284,43.56,63.39,1.878,pass,0.1931,low
BINSP-04504,0.8924,3.6376,49.23,59.87,2.043,pass,0.1762,low
BINSP-04505,1.0378,4.6727,45.48,58.84,2.621,pass,0.2169,low
BINSP-04506,0.5441,5.9095,56.55,61.55,2.761,pass,0.2214,low
BINSP-04507,0.6929,4.8683,52.11,59.46,1.572,pass,0.1968,low
BINSP-04508,0.519,5.0512,49.01,57.89,3.465,pass,0.2238,low
BINSP-04509,0.8652,4.478,49.88,59.77,2.161,pass,0.1961,low
BINSP-04510,0.847,3.9771,51.93,60.39,3.527,pass,0.1988,low
BINSP-04511,0.7883,4.5595,51.85,61.4,2.012,pass,0.1847,low
BINSP-04512,0.8485,5.7278,52.18,59.76,2.864,pass,0.2362,low
BINSP-04513,0.8522,4.4883,46.07,61.25,2.733,pass,0.1746,low
BINSP-04514,1.0458,4.1075,50.63,62.17,3.507,pass,0.2194,low
BINSP-04515,1.0604,5.0863,49.79,65.14,1.854,pass,0.2619,medium
BINSP-04516,0.4228,2.4852,50.37,62.1,1.133,pass,0.112,low
BINSP-04517,1.0219,5.1039,50.14,55.94,3.683,pass,0.2964,medium
BINSP-04518,1.0322,5.813,52.2,63.58,2.016,pass,0.2612,medium
BINSP-04519,0.6905,4.9031,51.77,58.78,2.753,pass,0.2205,low
BINSP-04520,0.1014,3.8235,41.13,60.49,2.138,pass,0.0878,low
BINSP-04521,1.0872,3.7469,52.06,60.8,2.595,pass,0.1944,low
BINSP-04522,1.2956,4.0539,59.89,60.74,3.197,pass,0.2501,medium
BINSP-04523,0.9486,5.3912,51.33,63.5,2.613,pass,0.2497,low
BINSP-04524,0.8332,5.3082,55.72,58.08,4.788,pass,0.2871,medium
BINSP-04525,1.3042,4.549,50.32,60.12,3.021,pass,0.2355,low
BINSP-04526,0.7333,2.6155,45.88,60.63,2.313,pass,0.1248,low
BINSP-04527,1.4383,3.9754,51.51,62.51,1.82,pass,0.2326,low
BINSP-04528,0.7754,4.4293,44.96,58.54,1.342,pass,0.1806,low
BINSP-04529,1.1035,5.0272,51.52,61.45,3.707,pass,0.2366,low
BINSP-04530,0.681,2.0345,49.15,62.02,3.112,pass,0.1399,low
BINSP-04531,0.7787,3.269,49.13,56.91,1.971,pass,0.2038,low
BINSP-04532,0.6104,3.5683,52.52,61.19,2.822,pass,0.161,low
BINSP-04533,0.9887,5.9148,49.78,59.62,3.039,pass,0.2462,low
BINSP-04534,0.6166,3.6783,47.22,59.23,2.405,pass,0.1644,low
BINSP-04535,1.1362,2.9688,55.5,60.57,2.708,pass,0.1989,low
BINSP-04536,0.9752,4.6431,46.52,62.15,3.141,pass,0.2065,low
BINSP-04537,1.001,4.5785,51.9,56.39,2.81,pass,0.2731,medium
BINSP-04538,1.0796,4.8112,50.0,64.64,3.976,pass,0.2764,medium
BINSP-04539,1.1156,4.2458,56.78,58.7,3.051,pass,0.2595,medium
BINSP-04540,0.9727,4.7045,58.62,62.81,2.674,pass,0.2527,medium
BINSP-04541,0.6147,4.3572,50.86,64.18,2.009,pass,0.2065,low
BINSP-04542,0.8339,4.7739,43.94,62.52,3.695,pass,0.2025,low
BINSP-04543,1.3012,4.6502,54.42,64.89,3.876,pass,0.3065,medium
BINSP-04544,0.8761,4.7343,47.95,59.91,3.291,pass,0.2069,low
BINSP-04545,0.9916,4.8649,38.94,58.97,1.469,pass,0.1795,low
BINSP-04546,0.8767,4.8863,47.52,59.61,2.914,pass,0.2085,low
BINSP-04547,0.8811,4.9973,45.26,62.65,2.26,pass,0.1994,low
BINSP-04548,1.1359,4.9811,54.13,60.42,3.735,pass,0.2491,low
BINSP-04549,0.7067,5.1555,56.52,61.01,2.683,pass,0.2088,low
BINSP-04550,0.8613,4.1426,50.22,55.55,2.076,pass,0.2525,medium
BINSP-04551,0.8651,3.0064,44.04,61.31,3.061,pass,0.1439,low
BINSP-04552,1.1049,4.215,51.54,60.09,3.108,pass,0.2202,low
BINSP-04553,0.9778,3.6254,48.6,56.75,3.283,pass,0.2415,low
BINSP-04554,0.859,4.7494,49.47,59.1,1.143,pass,0.1975,low
BINSP-04555,0.7184,3.0409,44.7,60.5,1.602,pass,0.1217,low
BINSP-04556,0.8607,5.7793,50.65,60.59,2.112,pass,0.2116,low
BINSP-04557,1.0357,3.6336,52.11,58.96,1.216,pass,0.1997,low
BINSP-04558,1.004,5.114,50.12,63.57,3.186,pass,0.252,medium
BINSP-04559,0.8303,4.9501,60.25,56.4,2.73,pass,0.2955,medium
BINSP-04560,0.886,4.0287,46.87,62.1,3.219,pass,0.1892,low
BINSP-04561,0.8718,2.5007,54.14,61.8,3.365,pass,0.1794,low
BINSP-04562,0.7121,5.3394,42.12,62.24,2.65,pass,0.1822,low
BINSP-04563,0.6521,3.9964,50.14,60.85,2.046,pass,0.1545,low
BINSP-04564,0.8958,2.8882,43.13,62.95,2.234,pass,0.1554,low
BINSP-04565,1.285,6.1753,48.45,59.38,3.023,pass,0.2714,medium
BINSP-04566,1.0543,5.493,53.09,63.31,3.91,pass,0.2779,medium
BINSP-04567,0.7519,5.3561,49.73,59.56,2.107,pass,0.2076,low
BINSP-04568,0.7268,6.0519,47.86,63.51,2.061,pass,0.2289,low
BINSP-04569,0.9749,4.7751,52.44,60.9,3.361,pass,0.2159,low
BINSP-04570,1.0084,3.9131,48.38,61.48,4.56,pass,0.2076,low
BINSP-04571,1.3825,4.4834,54.87,61.96,3.493,pass,0.2619,medium
BINSP-04572,0.7306,5.024,52.9,60.51,2.838,pass,0.2047,low
BINSP-04573,1.4407,5.7691,56.46,59.9,4.356,pass,0.3097,medium
BINSP-04574,0.6839,4.4886,45.89,58.68,2.727,pass,0.193,low
BINSP-04575,0.9378,5.0931,47.24,59.48,2.581,pass,0.2141,low
BINSP-04576,1.3462,5.1128,53.26,63.66,1.839,pass,0.2721,medium
BINSP-04577,1.2006,5.1183,50.52,60.8,2.851,pass,0.2279,low
BINSP-04578,0.829,5.1232,49.14,61.4,2.176,pass,0.1917,low
BINSP-04579,0.8632,4.0049,45.43,62.24,2.146,pass,0.1714,low
BINSP-04580,0.9572,5.207,55.51,60.1,2.992,pass,0.2413,low
BINSP-04581,1.3865,3.7565,48.74,62.06,3.028,pass,0.223,low
BINSP-04582,1.0455,3.6023,50.12,61.74,2.013,pass,0.1831,low
BINSP-04583,0.5907,5.1713,49.25,62.67,2.682,pass,0.201,low
BINSP-04584,0.9565,4.8318,46.61,60.39,1.85,pass,0.1856,low
BINSP-04585,1.0383,5.0958,45.55,61.98,3.112,pass,0.2139,low
BINSP-04586,0.7539,4.484,45.65,61.51,2.284,pass,0.1647,low
BINSP-04587,0.9499,3.937,57.92,61.87,4.086,pass,0.2362,low
BINSP-04588,0.8434,4.4599,51.33,59.86,2.84,pass,0.2059,low
BINSP-04589,0.6523,4.1865,46.18,58.06,3.326,pass,0.2022,low
BINSP-04590,0.8526,4.7685,48.61,62.25,1.341,pass,0.1872,low
BINSP-04591,0.8618,4.2519,43.77,59.44,3.416,pass,0.1907,low
BINSP-04592,1.1085,2.8157,51.39,63.63,1.993,pass,0.2043,low
BINSP-04593,0.9782,5.0452,46.55,61.94,2.316,pass,0.2018,low
BINSP-04594,0.9468,3.1948,42.98,62.15,3.795,pass,0.1713,low
BINSP-04595,1.0219,4.9717,49.51,63.47,3.744,pass,0.2535,medium
BINSP-04596,0.8779,4.9036,54.12,59.38,3.53,pass,0.2422,low
BINSP-04597,0.9351,3.9904,47.74,60.53,3.412,pass,0.1877,low
BINSP-04598,0.5441,3.6824,45.81,62.16,1.636,pass,0.1361,low
BINSP-04599,0.7677,4.3899,51.67,59.25,2.239,pass,0.2022,low
BINSP-04600,1.1082,3.1526,49.59,62.18,2.241,pass,0.1862,low
BINSP-04601,0.8964,4.6012,45.67,58.85,3.306,pass,0.2142,low
BINSP-04602,0.8645,4.2899,50.03,60.01,2.126,pass,0.1887,low
BINSP-04603,0.8198,4.7105,47.47,61.55,3.877,pass,0.1998,low
BINSP-04604,0.8925,4.3179,50.58,60.11,2.651,pass,0.1979,low
BINSP-04605,0.6542,2.8048,38.77,61.13,1.489,pass,0.0855,low
BINSP-04606,1.3101,5.7162,53.9,64.42,2.594,pass,0.3043,medium
BINSP-04607,0.9236,3.6098,44.28,59.53,2.458,pass,0.1712,low
BINSP-04608,0.7107,5.8981,51.19,58.81,1.444,pass,0.2237,low
BINSP-04609,0.9897,2.2676,50.51,58.35,2.967,pass,0.1939,low
BINSP-04610,1.1326,4.632,52.52,62.0,0.893,pass,0.2086,low
BINSP-04611,0.575,3.4463,48.72,61.45,2.15,pass,0.139,low
BINSP-04612,0.8408,4.6893,51.12,61.41,5.109,pass,0.2258,low
BINSP-04613,0.6046,3.8869,44.28,62.67,2.455,pass,0.1569,low
BINSP-04614,0.636,4.681,47.08,60.07,3.201,pass,0.1822,low
BINSP-04615,1.1206,4.2491,56.01,65.66,2.971,pass,0.2916,medium
BINSP-04616,0.6206,4.1925,44.52,62.42,2.459,pass,0.1612,low
BINSP-04617,0.9286,3.8491,45.81,56.8,2.143,pass,0.2186,low
BINSP-04618,0.8907,3.5226,53.29,62.04,2.576,pass,0.1924,low
BINSP-04619,1.0322,4.9901,46.62,63.53,2.585,pass,0.2318,low
BINSP-04620,1.0287,5.322,53.6,61.59,2.344,pass,0.2299,low
BINSP-04621,0.8596,5.409,50.07,62.45,2.511,pass,0.2225,low
BINSP-04622,1.0203,3.7669,47.6,63.05,2.669,pass,0.2036,low
BINSP-04623,1.2414,6.9057,50.36,61.08,3.937,pass,0.2773,medium
BINSP-04624,1.1792,4.7413,53.66,65.67,3.269,pass,0.3015,medium
BINSP-04625,0.9474,5.0968,46.4,63.38,2.042,pass,0.2184,low
BINSP-04626,0.826,3.3189,44.05,58.83,3.222,pass,0.1772,low
BINSP-04627,1.1137,3.8613,53.06,61.11,5.037,pass,0.23,low
BINSP-04628,0.9985,3.8979,43.33,59.9,2.436,pass,0.1732,low
BINSP-04629,0.775,4.0711,40.25,63.16,3.536,pass,0.1793,low
BINSP-04630,0.9616,2.954,51.24,59.55,4.032,pass,0.2028,low
BINSP-04631,1.0573,4.9191,54.2,62.3,2.306,pass,0.2361,low
BINSP-04632,0.7294,3.292,43.36,61.45,0.813,pass,0.1128,low
BINSP-04633,0.5103,3.2071,45.23,57.62,3.099,pass,0.1731,low
BINSP-04634,0.6532,3.4144,47.74,61.78,2.266,pass,0.1469,low
BINSP-04635,0.9295,3.4549,52.07,61.98,3.103,pass,0.1952,low
BINSP-04636,1.07,3.9249,41.73,64.48,2.599,pass,0.211,low
BINSP-04637,0.984,4.6051,49.34,64.06,2.432,pass,0.236,low
BINSP-04638,1.1433,5.4907,58.05,62.54,2.941,pass,0.2779,medium
BINSP-04639,1.0167,4.277,52.17,58.19,0.908,pass,0.2193,low
BINSP-04640,0.7678,4.4698,48.53,59.27,2.887,pass,0.2005,low
BINSP-04641,0.766,4.1688,51.03,62.44,1.617,pass,0.1833,low
BINSP-04642,0.6771,3.9741,51.97,62.21,3.639,pass,0.1971,low
BINSP-04643,0.8937,3.7898,57.66,61.78,3.114,pass,0.2155,low
BINSP-04644,0.8787,4.1143,52.5,55.4,3.242,pass,0.2772,medium
BINSP-04645,0.7311,3.8646,47.48,60.27,3.145,pass,0.1705,low
BINSP-04646,0.9704,5.0353,56.49,61.43,2.672,pass,0.2314,low
BINSP-04647,1.0868,6.0064,54.46,60.79,2.666,pass,0.2487,low
BINSP-04648,0.8138,5.7308,51.88,61.23,3.866,pass,0.2298,low
BINSP-04649,0.7643,3.5602,46.51,59.24,1.883,pass,0.1637,low
BINSP-04650,1.1232,3.6828,50.34,61.44,3.336,pass,0.2024,low
BINSP-04651,1.3859,4.3598,49.05,61.83,3.651,pass,0.2401,low
BINSP-04652,0.7503,3.6304,51.8,59.27,2.603,pass,0.1903,low
BINSP-04653,1.159,4.5371,53.44,63.64,3.885,pass,0.2722,medium
BINSP-04654,1.0114,4.4197,55.28,58.38,3.525,pass,0.2609,medium
BINSP-04655,1.1016,3.6741,51.23,63.45,2.152,pass,0.2197,low
BINSP-04656,1.2341,5.2844,55.87,57.23,3.429,pass,0.3122,medium
BINSP-04657,0.9524,4.7702,51.6,65.31,2.919,pass,0.2693,medium
BINSP-04658,0.7181,5.7113,44.67,55.3,3.529,pass,0.2761,medium
BINSP-04659,1.0207,4.0015,52.77,62.61,4.004,pass,0.2353,low
BINSP-04660,1.1409,4.5617,54.02,61.47,2.62,pass,0.2256,low
BINSP-04661,1.2907,4.5269,49.79,61.26,3.792,pass,0.2322,low
BINSP-04662,1.163,4.2229,51.7,61.19,2.922,pass,0.2119,low
BINSP-04663,1.0867,4.206,52.02,61.55,2.821,pass,0.2114,low
BINSP-04664,0.6796,5.914,50.27,62.31,4.596,pass,0.2432,low
BINSP-04665,0.9149,5.3589,51.72,58.65,3.014,pass,0.2506,medium
BINSP-04666,0.6383,4.3445,47.87,57.2,3.309,pass,0.2227,low
BINSP-04667,0.6977,5.0166,48.53,61.67,0.952,pass,0.1674,low
BINSP-04668,1.1148,5.0361,52.89,60.14,3.607,pass,0.247,low
BINSP-04669,0.8753,4.4803,54.56,60.08,3.086,pass,0.2191,low
BINSP-04670,1.1148,3.8586,51.86,59.9,2.596,pass,0.2115,low
BINSP-04671,0.8277,3.6379,51.59,59.11,2.479,pass,0.1961,low
BINSP-04672,1.1765,3.8355,53.65,60.55,3.077,pass,0.2176,low
BINSP-04673,0.947,4.3116,47.89,61.98,1.839,pass,0.1842,low
BINSP-04674,0.7109,4.093,53.59,57.29,2.558,pass,0.2319,low
BINSP-04675,1.1643,5.497,55.88,60.2,4.314,pass,0.2775,medium
BINSP-04676,0.6998,4.6229,50.81,59.89,1.877,pass,0.1851,low
BINSP-04677,0.4908,4.057,42.97,58.44,1.485,pass,0.1494,low
BINSP-04678,0.4802,2.7627,47.15,63.59,2.089,pass,0.1445,low
BINSP-04679,1.1992,4.2825,46.14,61.24,2.567,pass,0.1934,low
BINSP-04680,0.6862,4.255,52.16,59.63,3.63,pass,0.2064,low
BINSP-04681,1.0372,5.2426,57.15,58.81,3.333,pass,0.2768,medium
BINSP-04682,0.6068,4.042,45.13,60.4,3.315,pass,0.1572,low
BINSP-04683,1.201,4.0299,47.56,58.9,2.965,pass,0.226,low
BINSP-04684,1.1341,4.7534,52.36,57.49,2.797,pass,0.2711,medium
BINSP-04685,0.723,4.3898,48.06,59.74,2.925,pass,0.1876,low
BINSP-04686,0.9567,4.8451,53.17,57.39,1.718,pass,0.2515,medium
BINSP-04687,1.1137,4.7808,49.21,59.53,2.462,pass,0.2249,low
BINSP-04688,0.6954,4.8408,52.42,62.07,3.66,pass,0.2154,low
BINSP-04689,0.827,3.7226,51.81,58.53,3.109,pass,0.2147,low
BINSP-04690,0.9158,4.2531,45.12,61.22,3.625,pass,0.1816,low
BINSP-04691,1.5499,4.8952,50.89,60.74,2.765,pass,0.2495,low
BINSP-04692,1.0333,4.8246,51.23,61.94,1.98,pass,0.2131,low
BINSP-04693,0.5537,5.6419,47.23,63.78,3.391,pass,0.2262,low
BINSP-04694,0.885,4.6999,52.23,59.5,1.981,pass,0.2118,low
BINSP-04695,0.9529,5.3737,47.1,61.75,2.064,pass,0.2026,low
BINSP-04696,1.1162,4.9048,52.39,64.77,3.584,pass,0.2862,medium
BINSP-04697,1.0875,4.9714,51.03,60.45,4.443,pass,0.243,low
BINSP-04698,1.1186,4.8656,47.56,61.14,3.051,pass,0.2085,low
BINSP-04699,0.7314,4.8974,56.34,60.67,3.911,pass,0.2243,low
BINSP-04700,0.796,3.578,50.91,58.16,3.205,pass,0.2133,low
BINSP-04701,1.0588,4.9722,52.76,61.49,2.183,pass,0.2187,low
BINSP-04702,1.1517,3.7597,54.2,60.98,3.22,pass,0.2113,low
BINSP-04703,0.9054,5.1131,48.84,61.82,3.649,pass,0.2199,low
BINSP-04704,0.7733,2.8295,49.25,58.72,1.929,pass,0.1674,low
BINSP-04705,0.9175,3.8667,49.63,59.14,2.491,pass,0.2002,low
BINSP-04706,1.116,4.372,49.47,65.0,2.517,pass,0.2563,medium
BINSP-04707,1.3269,5.0365,54.77,60.4,3.369,pass,0.2618,medium
BINSP-04708,1.1046,4.1806,45.26,62.55,0.969,pass,0.1821,low
BINSP-04709,1.0678,5.064,48.34,56.89,2.537,pass,0.2648,medium
BINSP-04710,0.618,4.1733,46.27,60.04,3.226,pass,0.1688,low
BINSP-04711,0.5787,4.3761,45.92,61.33,2.978,pass,0.1566,low
BINSP-04712,1.2057,4.1413,48.9,59.84,2.634,pass,0.215,low
BINSP-04713,1.021,5.8282,51.01,55.58,3.322,pass,0.3148,medium
BINSP-04714,1.1976,4.0159,51.94,57.15,4.19,pass,0.2813,medium
BINSP-04715,1.0667,4.9392,52.62,61.25,4.839,pass,0.2464,low
BINSP-04716,0.5136,5.55,46.87,56.75,2.88,pass,0.2362,low
BINSP-04717,1.2662,4.9637,53.47,60.31,2.857,pass,0.2469,low
BINSP-04718,0.5113,3.5559,45.6,62.92,3.037,pass,0.1588,low
BINSP-04719,0.9015,4.1228,52.24,58.75,2.863,pass,0.2233,low
BINSP-04720,0.7619,3.4983,47.69,64.32,3.795,pass,0.2127,low
BINSP-04721,0.8551,4.4186,55.08,58.51,3.349,pass,0.245,low
BINSP-04722,0.86,3.8759,49.58,62.12,3.541,pass,0.1977,low
BINSP-04723,1.2495,5.023,58.07,63.24,2.993,pass,0.2873,medium
BINSP-04724,0.8527,4.1876,49.55,61.69,1.17,pass,0.1682,low
BINSP-04725,0.7429,4.0554,51.39,58.33,3.196,pass,0.218,low
BINSP-04726,0.8202,4.6164,50.63,60.57,2.551,pass,0.1909,low
BINSP-04727,1.0887,6.684,51.34,60.0,3.524,pass,0.2741,medium
BINSP-04728,0.9264,5.1806,51.38,59.92,2.792,pass,0.2249,low
BINSP-04729,0.6742,4.4913,50.07,60.34,2.819,pass,0.1827,low
BINSP-04730,1.2343,4.8768,55.1,58.38,3.035,pass,0.2794,medium
BINSP-04731,0.9837,5.441,56.29,61.58,3.196,pass,0.2482,low
BINSP-04732,0.7714,3.784,46.58,58.43,1.703,pass,0.1789,low
BINSP-04733,0.9214,4.6799,53.39,61.79,5.184,pass,0.2457,low
BINSP-04734,0.7929,4.5827,50.67,58.04,1.553,pass,0.2144,low
BINSP-04735,0.7899,3.1322,46.51,61.85,2.082,pass,0.1457,low
BINSP-04736,0.9772,4.7269,51.92,58.9,3.425,pass,0.2443,low
BINSP-04737,1.0874,4.7213,46.57,58.06,2.788,pass,0.2388,low
BINSP-04738,0.9516,3.2306,49.27,62.17,1.332,pass,0.1645,low
BINSP-04739,0.4597,3.569,44.28,64.45,1.976,pass,0.1611,low
BINSP-04740,0.7276,4.9894,51.83,63.04,2.218,pass,0.216,low
BINSP-04741,0.6581,4.6109,53.5,56.81,2.29,pass,0.2421,low
BINSP-04742,0.8342,3.9718,45.73,63.14,2.479,pass,0.1871,low
BINSP-04743,1.0312,5.8968,52.51,61.83,2.331,pass,0.2412,low
BINSP-04744,1.2446,4.2769,56.05,60.85,3.772,pass,0.2433,low
BINSP-04745,0.8316,4.4158,49.12,63.19,1.322,pass,0.1942,low
BINSP-04746,1.1678,4.9886,56.03,62.92,4.275,pass,0.2845,medium
BINSP-04747,0.7882,5.5774,49.55,60.11,2.074,pass,0.2053,low
BINSP-04748,0.7253,3.2305,44.99,59.08,2.636,pass,0.1606,low
BINSP-04749,0.6902,4.6575,54.04,62.34,2.755,pass,0.2101,low
BINSP-04750,1.1626,3.4711,49.82,61.84,2.413,pass,0.1942,low
BINSP-04751,1.3866,4.415,51.25,61.67,1.549,pass,0.2209,low
BINSP-04752,0.5409,3.4326,48.75,60.15,3.313,pass,0.1563,low
BINSP-04753,1.3592,4.8124,53.02,58.89,4.078,pass,0.2849,medium
BINSP-04754,0.8654,4.7995,48.92,60.15,2.833,pass,0.2016,low
BINSP-04755,0.7425,4.0956,55.18,62.4,1.396,pass,0.1911,low
BINSP-04756,0.5324,5.615,39.24,58.85,2.777,pass,0.1803,low
BINSP-04757,1.4296,4.8918,56.8,57.62,4.318,pass,0.3263,medium
BINSP-04758,0.8743,5.4442,53.6,62.38,1.815,pass,0.2268,low
BINSP-04759,0.8909,5.329,54.29,61.23,2.715,pass,0.2215,low
BINSP-04760,0.8199,4.0528,48.69,59.18,2.653,pass,0.1951,low
BINSP-04761,0.7145,5.6709,47.91,55.43,2.31,pass,0.2694,medium
BINSP-04762,0.5549,4.3258,49.35,62.94,2.638,pass,0.1854,low
BINSP-04763,0.7162,5.1548,48.45,58.91,1.499,pass,0.199,low
BINSP-04764,1.0482,4.8159,52.34,59.85,3.65,pass,0.2409,low
BINSP-04765,0.9653,3.5457,50.26,60.67,2.995,pass,0.1825,low
BINSP-04766,0.7392,5.2337,51.58,60.34,3.152,pass,0.2113,low
BINSP-04767,1.3851,5.3959,61.67,61.06,3.811,pass,0.2937,medium
BINSP-04768,0.9546,4.2491,51.28,57.51,2.746,pass,0.2436,low
BINSP-04769,0.8024,3.7548,47.42,59.1,1.556,pass,0.1716,low
BINSP-04770,1.1255,4.2219,49.7,56.83,4.108,pass,0.2765,medium
BINSP-04771,0.7779,4.6957,50.7,58.51,2.063,pass,0.2148,low
BINSP-04772,0.8709,4.9568,46.68,57.45,3.194,pass,0.2425,low
BINSP-04773,0.9949,4.6589,48.32,64.75,3.831,pass,0.2616,medium
BINSP-04774,0.6192,4.6923,45.98,61.43,3.337,pass,0.1718,low
BINSP-04775,0.6643,5.4885,49.86,59.55,1.182,pass,0.1934,low
BINSP-04776,0.7354,3.582,44.6,60.2,1.691,pass,0.139,low
BINSP-04777,1.2155,3.6648,50.38,58.96,2.545,pass,0.2233,low
BINSP-04778,1.3047,3.8537,46.37,62.18,2.927,pass,0.2115,low
BINSP-04779,1.0325,5.2571,45.78,63.67,1.772,pass,0.2267,low
BINSP-04780,0.8261,3.9871,49.93,59.25,2.81,pass,0.1992,low
BINSP-04781,0.77,5.3283,52.53,56.87,3.379,pass,0.2734,medium
BINSP-04782,0.8813,3.6594,47.94,63.31,3.172,pass,0.2026,low
BINSP-04783,0.8625,4.6348,47.11,63.01,2.799,pass,0.209,low
BINSP-04784,0.8578,5.398,47.39,63.69,2.756,pass,0.2346,low
BINSP-04785,0.8361,4.2759,48.14,60.13,2.7,pass,0.1851,low
BINSP-04786,1.2397,3.778,51.37,62.53,4.335,pass,0.2446,low
BINSP-04787,0.6273,4.5047,48.73,61.43,2.83,pass,0.1718,low
BINSP-04788,0.8788,6.9015,47.18,56.67,3.751,pass,0.302,medium
BINSP-04789,1.3472,5.4743,48.36,60.38,3.145,pass,0.248,low
BINSP-04790,0.756,3.9486,48.54,57.4,2.03,pass,0.2071,low
BINSP-04791,1.3002,5.7974,49.79,61.23,3.233,pass,0.251,medium
BINSP-04792,0.6092,4.0181,45.28,55.36,1.46,pass,0.2108,low
BINSP-04793,0.6397,4.9096,47.3,61.8,1.519,pass,0.1657,low
BINSP-04794,0.9515,5.9284,57.41,60.69,3.033,pass,0.2535,medium
BINSP-04795,1.0183,3.7124,54.4,60.83,2.418,pass,0.1943,low
BINSP-04796,1.0404,4.1073,46.68,58.5,3.867,pass,0.2299,low
BINSP-04797,0.8974,3.7659,43.97,60.81,2.941,pass,0.1579,low
BINSP-04798,0.9821,5.3149,55.07,63.03,1.61,pass,0.2441,low
BINSP-04799,1.1256,4.6196,52.37,58.11,4.131,pass,0.2746,medium
BINSP-04800,0.6555,4.051,52.8,63.44,3.881,pass,0.2213,low
BINSP-04801,0.3413,3.4145,57.54,61.36,2.561,pass,0.155,low
BINSP-04802,0.7427,2.8588,46.36,64.53,2.68,pass,0.1837,low
BINSP-04803,1.0174,3.6891,47.34,59.72,2.303,pass,0.1851,low
BINSP-04804,1.0495,5.3243,47.58,61.42,1.956,pass,0.2038,low
BINSP-04805,0.7863,2.9183,44.55,66.9,2.444,pass,0.2146,low
BINSP-04806,0.8465,5.1211,48.51,59.56,3.448,pass,0.2216,low
BINSP-04807,0.8701,4.4286,40.58,63.16,3.547,pass,0.1946,low
BINSP-04808,0.7411,5.7067,46.62,60.89,2.173,pass,0.1841,low
BINSP-04809,0.9098,4.255,48.94,59.14,1.685,pass,0.1954,low
BINSP-04810,1.1916,4.1474,48.73,60.73,3.007,pass,0.2047,low
BINSP-04811,0.9581,4.8124,51.49,61.72,1.987,pass,0.2051,low
BINSP-04812,0.4036,5.3729,44.78,60.77,2.215,pass,0.1494,low
BINSP-04813,0.7861,3.9277,46.87,61.94,1.882,pass,0.1616,low
BINSP-04814,1.2146,5.5823,46.38,57.05,3.299,pass,0.2858,medium
BINSP-04815,1.1,4.353,53.69,61.65,2.474,pass,0.2183,low
BINSP-04816,0.6889,4.266,43.64,60.28,3.544,pass,0.1672,low
BINSP-04817,1.1548,5.5661,52.17,61.74,2.557,pass,0.2436,low
BINSP-04818,0.6449,2.2724,50.07,62.47,2.229,pass,0.1414,low
BINSP-04819,0.8558,3.1329,44.47,60.56,2.878,pass,0.147,low
BINSP-04820,0.8721,5.0885,47.86,59.51,1.864,pass,0.2022,low
BINSP-04821,1.2777,6.3955,53.58,63.29,4.11,pass,0.3157,medium
BINSP-04822,0.8649,4.1376,48.08,60.38,3.359,pass,0.1884,low
BINSP-04823,1.285,6.6125,53.29,61.54,2.904,pass,0.2789,medium
BINSP-04824,1.032,5.4544,45.59,64.56,3.36,pass,0.2623,medium
BINSP-04825,0.7628,5.2374,46.4,57.63,3.524,pass,0.2407,low
BINSP-04826,0.8983,5.2774,44.34,61.91,3.039,pass,0.2014,low
BINSP-04827,1.0933,4.6451,55.06,66.12,3.45,pass,0.3071,medium
BINSP-04828,0.9544,2.6294,47.33,62.07,1.267,pass,0.1437,low
BINSP-04829,1.13,3.7464,47.66,59.31,3.152,pass,0.2117,low
BINSP-04830,0.7281,4.692,46.59,62.25,1.664,pass,0.1739,low
BINSP-04831,1.0121,4.0061,54.65,58.28,2.352,pass,0.2379,low
BINSP-04832,1.1349,6.4044,52.55,59.99,2.382,pass,0.2623,medium
BINSP-04833,0.6438,4.0244,46.0,59.21,2.706,pass,0.173,low
BINSP-04834,0.7218,4.1745,46.37,62.98,3.811,pass,0.199,low
BINSP-04835,1.1285,4.6492,55.68,62.76,2.848,pass,0.2542,medium
BINSP-04836,0.8127,4.6016,46.0,59.25,2.429,pass,0.1927,low
BINSP-04837,0.6585,4.6366,46.59,65.2,2.099,pass,0.2172,low
BINSP-04838,0.6176,3.9433,52.1,63.78,3.128,pass,0.2102,low
BINSP-04839,0.7601,6.1786,55.73,62.3,3.098,pass,0.2547,medium
BINSP-04840,0.8041,4.5836,48.5,59.63,3.392,pass,0.206,low
BINSP-04841,0.5554,3.5715,49.33,59.3,2.455,pass,0.1646,low
BINSP-04842,0.6873,3.4392,42.35,58.87,4.194,pass,0.175,low
BINSP-04843,0.8098,5.5965,45.83,60.79,2.877,pass,0.1942,low
BINSP-04844,0.7562,4.2437,47.4,57.72,3.641,pass,0.2238,low
BINSP-04845,0.648,4.3329,51.84,61.31,2.57,pass,0.1754,low
BINSP-04846,0.8068,3.7364,51.07,62.75,2.929,pass,0.1981,low
BINSP-04847,0.6442,3.3063,44.47,59.89,2.156,pass,0.1367,low
BINSP-04848,0.6811,3.9729,51.88,60.97,1.377,pass,0.1522,low
BINSP-04849,1.2043,5.1413,49.9,64.59,3.292,pass,0.2827,medium
BINSP-04850,0.9106,4.1227,46.3,59.2,3.537,pass,0.2052,low
BINSP-04851,0.6584,5.5781,52.38,59.74,2.712,pass,0.2189,low
BINSP-04852,0.5707,4.5801,49.07,64.14,1.919,pass,0.2001,low
BINSP-04853,0.7399,5.1797,43.77,63.8,3.431,pass,0.2193,low
BINSP-04854,0.8861,3.694,48.21,59.8,2.613,pass,0.1812,low
BINSP-04855,0.8373,4.1756,45.95,63.17,3.078,pass,0.1999,low
BINSP-04856,1.1281,4.3966,46.75,59.0,1.78,pass,0.2096,low
BINSP-04857,0.7836,4.1899,50.27,58.88,2.248,pass,0.2002,low
BINSP-04858,1.0839,5.5026,51.76,61.98,3.917,pass,0.256,medium
BINSP-04859,0.7101,3.4468,44.16,61.58,0.758,pass,0.1185,low
BINSP-04860,0.8263,4.1475,48.75,60.34,2.197,pass,0.1747,low
BINSP-04861,0.6146,5.1546,46.32,62.05,2.355,pass,0.1793,low
BINSP-04862,0.8201,4.3991,51.46,60.32,4.253,pass,0.2136,low
BINSP-04863,0.8295,4.6264,49.83,61.48,1.423,pass,0.1763,low
BINSP-04864,0.7768,5.8997,50.48,63.4,3.5,pass,0.2538,medium
BINSP-04865,1.1694,4.128,51.38,61.21,3.476,pass,0.2164,low
BINSP-04866,0.786,3.9125,49.82,60.99,3.673,pass,0.1788,low
BINSP-04867,0.9804,4.3142,50.03,63.34,2.65,pass,0.2241,low
BINSP-04868,1.0929,4.8419,53.66,64.03,2.754,pass,0.2665,medium
BINSP-04869,1.1198,5.503,53.52,58.03,3.627,pass,0.2907,medium
BINSP-04870,0.9262,2.751,48.65,61.33,3.629,pass,0.1658,low
BINSP-04871,1.0601,5.244,44.66,59.0,2.929,pass,0.2285,low
BINSP-04872,0.6839,3.9747,48.3,60.58,2.094,pass,0.1548,low
BINSP-04873,1.182,5.0603,57.01,60.43,3.896,pass,0.2655,medium
BINSP-04874,1.1125,4.85,53.6,60.12,3.746,pass,0.2476,low
BINSP-04875,0.956,5.8211,47.53,60.53,3.232,pass,0.223,low
BINSP-04876,0.8699,5.0504,47.57,59.44,2.452,pass,0.2085,low
BINSP-04877,0.71,5.2508,51.5,59.64,4.561,pass,0.2367,low
BINSP-04878,0.651,4.1344,49.39,57.13,2.111,pass,0.2113,low
BINSP-04879,0.8557,4.2244,48.74,61.46,3.089,pass,0.186,low
BINSP-04880,0.7984,5.942,48.42,61.64,3.375,pass,0.2213,low
BINSP-04881,1.042,3.9408,52.35,66.82,2.634,pass,0.2809,medium
BINSP-04882,1.129,4.2753,56.89,59.98,3.539,pass,0.2481,low
BINSP-04883,0.8954,3.5392,54.27,61.08,2.653,pass,0.183,low
BINSP-04884,0.7495,4.6085,47.18,59.12,2.05,pass,0.1897,low
BINSP-04885,1.2023,5.5617,53.54,63.01,3.092,pass,0.2771,medium
BINSP-04886,0.5043,3.5835,46.85,58.95,3.806,pass,0.1742,low
BINSP-04887,0.5226,2.9248,43.3,63.41,2.215,pass,0.1366,low
BINSP-04888,0.5444,3.5176,51.88,62.87,2.697,pass,0.1769,low
BINSP-04889,0.7563,4.2418,49.14,59.32,2.549,pass,0.1926,low
BINSP-04890,1.1005,5.0077,52.68,62.04,2.479,pass,0.234,low
BINSP-04891,0.8346,5.2411,48.21,62.39,1.53,pass,0.1984,low
BINSP-04892,0.9903,3.3415,48.07,58.49,2.698,pass,0.2019,low
BINSP-04893,0.7423,3.8829,51.05,62.76,2.697,pass,0.1938,low
BINSP-04894,0.9205,3.3709,49.26,61.25,3.025,pass,0.1715,low
BINSP-04895,0.6937,3.9721,48.14,64.0,3.337,pass,0.2085,low
BINSP-04896,0.9982,3.8097,49.72,59.38,2.563,pass,0.2023,low
BINSP-04897,0.893,4.6069,45.9,59.86,2.457,pass,0.1894,low
BINSP-04898,0.9285,3.9874,51.49,58.83,1.963,pass,0.208,low
BINSP-04899,0.5491,4.8405,45.75,62.27,2.536,pass,0.1719,low
BINSP-04900,0.7738,4.5944,56.31,59.66,2.728,pass,0.2221,low
BINSP-04901,1.1007,5.1209,55.23,61.19,3.161,pass,0.2403,low
BINSP-04902,1.1686,6.2448,53.49,61.36,3.893,pass,0.2731,medium
BINSP-04903,0.7141,4.5781,49.26,62.16,3.399,pass,0.199,low
BINSP-04904,0.7063,3.4557,46.01,55.65,3.48,pass,0.2288,low
BINSP-04905,0.8578,4.8699,55.17,62.13,3.099,pass,0.231,low
BINSP-04906,0.8556,4.9476,49.61,63.16,2.817,pass,0.2257,low
BINSP-04907,0.8734,4.6497,45.24,58.77,2.963,pass,0.2091,low
BINSP-04908,0.9781,3.8876,52.46,62.12,3.576,pass,0.2164,low
BINSP-04909,1.0489,5.5046,51.87,62.31,2.795,pass,0.2454,low
BINSP-04910,0.8124,5.8115,49.42,59.77,2.508,pass,0.2217,low
BINSP-04911,1.0267,4.8837,49.29,64.98,2.769,pass,0.2624,medium
BINSP-04912,0.8085,4.3908,52.42,62.88,2.949,pass,0.2181,low
BINSP-04913,0.7736,4.1972,50.37,64.39,3.75,pass,0.2371,low
BINSP-04914,0.7724,5.0731,47.34,60.43,2.292,pass,0.1845,low
BINSP-04915,1.1947,4.7543,49.84,58.86,2.028,pass,0.2371,low
BINSP-04916,0.6254,4.5891,46.12,60.86,3.521,pass,0.1685,low
BINSP-04917,0.9491,3.9341,49.73,57.4,3.613,pass,0.2436,low
BINSP-04918,1.1144,5.0099,48.53,59.6,2.389,pass,0.2253,low
BINSP-04919,0.7536,5.2174,52.62,60.63,1.81,pass,0.195,low
BINSP-04920,0.9154,3.9088,48.73,60.42,2.603,pass,0.18,low
BINSP-04921,0.8658,3.5726,45.15,63.09,2.759,pass,0.1821,low
BINSP-04922,0.3553,3.1041,48.44,62.07,1.813,pass,0.1208,low
BINSP-04923,0.8654,3.3959,49.2,63.45,2.655,pass,0.1964,low
BINSP-04924,0.6741,3.4987,46.7,59.94,2.855,pass,0.1579,low
BINSP-04925,1.1854,5.5036,49.16,61.47,3.332,pass,0.2396,low
BINSP-04926,1.2717,5.2611,49.42,60.68,3.022,pass,0.2359,low
BINSP-04927,1.1626,4.6727,52.39,62.0,3.798,pass,0.246,low
BINSP-04928,0.6696,3.7693,49.41,59.42,3.466,pass,0.1873,low
BINSP-04929,1.1059,3.9442,49.37,63.86,2.894,pass,0.2341,low
BINSP-04930,0.8207,4.4431,50.01,58.22,3.943,pass,0.2373,low
BINSP-04931,0.9251,4.1608,49.78,60.71,2.152,pass,0.1794,low
BINSP-04932,0.8808,5.6,53.85,56.18,3.675,pass,0.3052,medium
BINSP-04933,1.0336,4.7714,45.91,62.72,3.165,pass,0.2199,low
BINSP-04934,0.9257,4.6545,50.96,63.46,3.212,pass,0.2387,low
BINSP-04935,0.7975,4.8476,53.74,59.96,1.696,pass,0.2034,low
BINSP-04936,0.7428,4.263,50.72,63.94,4.906,pass,0.2445,low
BINSP-04937,0.7552,2.3967,49.8,62.5,0.952,pass,0.1359,low
BINSP-04938,0.9215,4.4991,50.08,62.02,2.97,pass,0.2078,low
BINSP-04939,0.765,5.3575,53.61,60.89,2.837,pass,0.2105,low
BINSP-04940,0.863,4.0859,50.71,57.83,2.102,pass,0.2193,low
BINSP-04941,0.7994,4.2005,44.37,58.39,2.385,pass,0.1906,low
BINSP-04942,0.6755,4.371,52.54,60.74,3.529,pass,0.1913,low
BINSP-04943,0.7672,4.5733,53.27,64.8,3.48,pass,0.2568,medium
BINSP-04944,0.9013,5.0819,52.11,61.8,3.602,pass,0.2291,low
BINSP-04945,0.9559,4.1742,47.81,62.77,2.201,pass,0.1981,low
BINSP-04946,0.8834,6.635,51.17,62.21,3.541,pass,0.2612,medium
BINSP-04947,1.2787,5.0068,55.39,65.99,4.141,pass,0.335,medium
BINSP-04948,1.0193,5.3047,51.54,59.52,1.905,pass,0.2299,low
BINSP-04949,1.088,3.097,42.43,65.06,3.233,pass,0.2145,low
BINSP-04950,0.9072,3.6133,49.68,60.29,2.571,pass,0.1783,low
BINSP-04951,0.9128,3.9315,51.72,58.06,2.502,pass,0.2246,low
BINSP-04952,0.6838,5.1398,50.44,63.1,2.306,pass,0.213,low
BINSP-04953,1.1233,4.5173,47.5,55.68,3.244,pass,0.2817,medium
BINSP-04954,0.835,4.1441,47.76,61.73,3.046,pass,0.1833,low
BINSP-04955,0.4842,4.0309,43.91,63.31,1.984,pass,0.1538,low
BINSP-04956,0.8876,3.5515,48.22,59.48,3.166,pass,0.19,low
BINSP-04957,0.7242,5.0894,51.51,64.66,3.242,pass,0.2532,medium
BINSP-04958,1.1964,3.4302,48.03,61.33,1.871,pass,0.1755,low
BINSP-04959,0.8845,4.4552,48.08,55.23,2.382,pass,0.2617,medium
BINSP-04960,0.7244,3.8751,43.99,58.63,1.97,pass,0.1689,low
BINSP-04961,0.826,4.152,54.45,59.18,2.543,pass,0.2157,low
BINSP-04962,1.2704,5.9898,50.1,58.3,2.612,pass,0.2834,medium
BINSP-04963,1.1578,4.7624,49.1,60.03,4.248,pass,0.2412,low
BINSP-04964,0.9663,5.6555,50.23,59.52,2.324,pass,0.2338,low
BINSP-04965,1.1646,4.0202,60.19,59.63,1.978,pass,0.2432,low
BINSP-04966,0.7933,5.0973,43.82,59.26,2.103,pass,0.1898,low
BINSP-04967,0.8668,5.3257,48.71,60.14,2.931,pass,0.213,low
BINSP-04968,0.8392,5.0243,46.18,59.49,2.175,pass,0.1971,low
BINSP-04969,0.9512,4.0248,47.95,60.18,2.33,pass,0.1826,low
BINSP-04970,0.5618,4.4178,52.09,61.57,3.017,pass,0.1811,low
BINSP-04971,1.0998,4.0403,52.99,59.6,3.03,pass,0.2276,low
BINSP-04972,0.9302,4.6514,46.09,62.69,2.531,pass,0.2027,low
BINSP-04973,1.0431,4.3418,42.09,58.04,2.32,pass,0.2075,low
BINSP-04974,0.9948,4.3566,42.61,60.2,1.667,pass,0.166,low
BINSP-04975,0.7413,5.1178,52.61,58.95,2.838,pass,0.2297,low
BINSP-04976,1.1239,4.0194,50.1,59.44,3.743,pass,0.2301,low
BINSP-04977,0.9311,5.7979,49.78,62.68,2.255,pass,0.2348,low
BINSP-04978,0.892,4.3445,47.67,61.99,2.293,pass,0.1858,low
BINSP-04979,0.7005,4.1755,51.65,61.58,2.316,pass,0.1764,low
BINSP-04980,1.3057,6.1231,57.87,59.5,2.536,pass,0.296,medium
BINSP-04981,0.9083,5.7334,48.1,58.42,2.952,pass,0.2481,low
BINSP-04982,1.2832,3.9612,55.7,61.86,3.182,pass,0.2421,low
BINSP-04983,0.8988,5.3768,39.31,61.0,2.293,pass,0.1639,low
BINSP-04984,1.0639,4.5055,52.77,63.21,3.47,pass,0.251,medium
BINSP-04985,0.9111,3.8809,54.26,59.71,3.366,pass,0.2176,low
BINSP-04986,1.0929,4.3137,50.95,62.6,3.156,pass,0.2303,low
BINSP-04987,0.824,5.1649,51.15,59.15,3.063,pass,0.2314,low
BINSP-04988,1.0175,4.2957,46.99,64.53,2.09,pass,0.2272,low
BINSP-04989,0.6986,5.2951,43.25,61.13,2.424,pass,0.1648,low
BINSP-04990,0.8672,6.3074,41.66,60.05,3.108,pass,0.2122,low
BINSP-04991,0.8412,5.7025,51.49,61.4,2.605,pass,0.2172,low
BINSP-04992,0.5988,4.4851,50.32,58.26,2.989,pass,0.2113,low
BINSP-04993,1.1738,4.271,46.11,52.0,2.018,pass,0.3161,medium
BINSP-04994,1.3035,4.7318,47.95,64.86,2.57,pass,0.2704,medium
BINSP-04995,1.0118,5.0878,42.6,57.74,0.976,pass,0.2104,low
BINSP-04996,0.7396,3.2398,44.82,65.3,2.607,pass,0.1967,low
BINSP-04997,0.92,3.933,47.52,61.38,2.344,pass,0.1706,low
BINSP-04998,0.9025,7.1125,60.48,61.41,3.64,pass,0.2928,medium
BINSP-04999,1.1256,5.8943,51.35,60.16,2.022,pass,0.2405,low
BINSP-05000,0.6034,4.375,45.65,60.79,3.461,pass,0.1614,low
BINSP-05001,1.8634,6.4795,62.07,60.01,4.259,pass,0.3702,medium
BINSP-05002,1.7685,7.8994,67.27,64.3,4.973,warning,0.4528,medium
BINSP-05003,0.7507,2.3555,43.95,65.07,1.976,pass,0.1658,low
BINSP-05004,1.0101,4.8585,45.66,59.29,2.473,pass,0.2107,low
BINSP-05005,0.6238,3.6169,53.56,59.25,4.474,pass,0.2097,low
BINSP-05006,0.8156,2.7525,44.35,61.16,0.64,pass,0.1051,low
BINSP-05007,1.2188,5.5321,55.38,59.97,4.474,pass,0.2858,medium
BINSP-05008,1.1689,4.1684,53.56,59.7,3.277,pass,0.2385,low
BINSP-05009,1.0607,5.1154,46.93,58.56,3.189,pass,0.2433,low
BINSP-05010,1.0294,5.3159,54.62,63.38,3.587,pass,0.2749,medium
BINSP-05011,0.8804,4.2317,52.36,61.78,2.62,pass,0.1994,low
BINSP-05012,1.8011,6.6434,61.98,63.83,4.835,warning,0.4033,medium
BINSP-05013,0.1976,3.1023,44.08,64.1,1.684,pass,0.1236,low
BINSP-05014,1.4382,5.8484,62.45,58.36,3.634,pass,0.3458,medium
BINSP-05015,1.544,6.1653,60.69,59.25,4.455,pass,0.3502,medium
BINSP-05016,1.4631,6.2501,57.71,61.39,4.408,pass,0.3151,medium
BINSP-05017,1.7722,7.2401,64.73,65.77,4.295,warning,0.4451,medium
BINSP-05018,2.1387,8.7785,72.36,59.58,5.741,warning,0.4949,medium
BINSP-05019,1.3468,4.8472,55.94,59.36,2.686,pass,0.2709,medium
BINSP-05020,0.7218,2.7635,42.6,60.28,2.335,pass,0.1214,low
BINSP-05021,0.7958,3.0198,49.02,59.5,0.496,pass,0.1432,low
BINSP-05022,1.446,5.5709,56.03,63.05,4.134,pass,0.3162,medium
BINSP-05023,0.5502,3.0808,46.4,63.37,1.754,pass,0.1461,low
BINSP-05024,0.4502,3.6332,43.47,60.5,2.002,pass,0.115,low
BINSP-05025,0.9178,5.301,55.72,59.58,1.8,pass,0.2346,low
BINSP-05026,1.4042,6.236,56.78,55.02,3.681,warning,0.3827,medium
BINSP-05027,1.2768,6.3359,57.49,62.97,4.079,pass,0.3225,medium
BINSP-05028,0.9624,5.1914,52.39,61.35,2.418,pass,0.2157,low
BINSP-05029,1.6322,6.7035,57.63,59.93,4.076,pass,0.3422,medium
BINSP-05030,0.9288,5.8303,53.22,57.99,3.695,pass,0.2841,medium
BINSP-05031,1.6145,6.5959,63.27,56.1,4.69,warning,0.4228,medium
BINSP-05032,1.1254,3.9723,52.15,60.06,3.682,pass,0.2261,low
BINSP-05033,1.343,5.3045,55.75,58.43,4.231,pass,0.3116,medium
BINSP-05034,1.5735,5.7591,60.66,60.19,4.805,pass,0.3343,medium
BINSP-05035,0.6687,2.9994,49.21,57.17,1.167,pass,0.1773,low
BINSP-05036,0.5632,3.4075,41.11,61.27,2.321,pass,0.1109,low
BINSP-05037,1.5423,7.8027,67.53,54.67,5.992,warning,0.4932,medium
BINSP-05038,0.9807,5.5748,49.99,57.95,3.405,pass,0.2688,medium
BINSP-05039,0.7879,3.5451,43.4,62.01,2.649,pass,0.1525,low
BINSP-05040,1.1376,5.6126,53.58,62.59,3.179,pass,0.2684,medium
BINSP-05041,1.4256,5.7016,52.83,54.59,2.619,pass,0.3538,medium
BINSP-05042,1.0323,4.4793,52.78,62.39,3.707,pass,0.2389,low
BINSP-05043,0.8649,5.1458,52.79,58.22,0.91,pass,0.2276,low
BINSP-05044,0.4213,5.5093,51.15,60.41,2.505,pass,0.1839,low
BINSP-05045,1.1557,6.5925,54.94,60.56,3.337,pass,0.2785,medium
BINSP-05046,0.8853,4.5402,51.7,62.27,2.669,pass,0.2116,low
BINSP-05047,1.1264,2.4442,49.58,62.44,0.531,pass,0.1567,low
BINSP-05048,1.3829,7.1357,56.41,61.54,3.967,pass,0.3196,medium
BINSP-05049,0.409,5.3999,42.4,61.71,2.693,pass,0.1552,low
BINSP-05050,1.1826,3.3954,47.4,61.08,2.658,pass,0.1774,low
BINSP-05051,1.8071,7.1308,65.24,60.96,5.35,warning,0.3888,medium
BINSP-05052,1.0274,5.9378,59.42,65.6,3.878,pass,0.3403,medium
BINSP-05053,1.0152,4.7192,47.47,62.57,3.037,pass,0.2192,low
BINSP-05054,2.0691,7.725,77.59,66.88,6.672,warning,0.5647,high
BINSP-05055,1.2401,4.3964,54.14,61.85,3.062,pass,0.2408,low
BINSP-05056,0.995,5.2673,51.93,60.93,4.884,pass,0.2433,low
BINSP-05057,1.4729,7.1299,63.32,62.01,3.34,pass,0.3489,medium
BINSP-05058,0.6184,3.3633,45.09,62.78,1.733,pass,0.1431,low
BINSP-05059,0.7116,4.189,42.04,61.07,1.318,pass,0.1253,low
BINSP-05060,0.9043,5.5132,52.67,56.86,3.142,pass,0.2845,medium
BINSP-05061,1.4857,5.5505,57.81,67.64,5.334,warning,0.4079,medium
BINSP-05062,1.8413,6.5691,56.81,60.81,4.408,pass,0.3425,medium
BINSP-05063,0.4417,3.2787,42.29,62.98,1.63,pass,0.121,low
BINSP-05064,1.6568,6.1055,60.63,60.05,4.835,pass,0.3495,medium
BINSP-05065,0.9488,3.7543,48.56,58.16,2.406,pass,0.2103,low
BINSP-05066,0.861,3.4649,47.03,62.66,2.867,pass,0.1809,low
BINSP-05067,1.5105,7.5688,63.68,59.37,4.993,warning,0.3907,medium
BINSP-05068,0.5393,2.7627,41.83,64.26,1.446,pass,0.1332,low
BINSP-05069,1.8734,8.1171,65.59,59.78,6.011,warning,0.4402,medium
BINSP-05070,1.5274,5.2135,58.81,59.36,3.957,pass,0.3161,medium
BINSP-05071,1.7236,6.7322,60.83,56.06,3.567,warning,0.4121,medium
BINSP-05072,1.1013,6.8835,57.28,63.5,4.403,pass,0.3321,medium
BINSP-05073,0.9757,4.5925,36.86,61.02,0.632,pass,0.1258,low
BINSP-05074,1.9014,7.3797,71.25,57.81,5.686,warning,0.4722,medium
BINSP-05075,1.4736,5.3857,64.32,60.43,3.712,pass,0.3153,medium
BINSP-05076,1.0022,4.5566,47.35,58.6,1.506,pass,0.2086,low
BINSP-05077,1.4446,5.1141,57.98,62.92,2.184,pass,0.2883,medium
BINSP-05078,1.3292,5.7355,56.29,63.15,3.687,pass,0.3082,medium
BINSP-05079,0.7257,4.9504,51.05,59.34,2.608,pass,0.2113,low
BINSP-05080,1.9958,6.2395,65.18,59.74,3.439,pass,0.3797,medium
BINSP-05081,1.4437,6.2373,60.1,63.36,4.056,pass,0.3468,medium
BINSP-05082,2.1635,7.4534,69.54,57.3,4.916,warning,0.485,medium
BINSP-05083,0.8585,5.8353,49.98,60.76,2.487,pass,0.2122,low
BINSP-05084,0.9242,6.5129,52.69,62.76,3.701,pass,0.277,medium
BINSP-05085,0.9426,6.4967,56.25,61.25,2.939,pass,0.2582,medium
BINSP-05086,1.2221,5.36,55.03,62.7,2.829,pass,0.2717,medium
BINSP-05087,1.4676,8.1302,59.04,62.05,3.977,pass,0.3623,medium
BINSP-05088,0.8485,4.6344,51.44,61.49,3.577,pass,0.2092,low
BINSP-05089,1.0004,5.4529,51.82,58.12,2.181,pass,0.2567,medium
BINSP-05090,1.7243,8.0966,70.32,60.32,5.781,warning,0.4343,medium
BINSP-05091,1.099,4.7341,55.21,57.06,2.975,pass,0.2863,medium
BINSP-05092,0.8151,6.0583,53.56,58.56,2.496,pass,0.2587,medium
BINSP-05093,0.3817,4.0927,40.18,60.8,0.397,pass,0.0844,low
BINSP-05094,0.9611,6.8847,51.09,62.94,3.827,pass,0.2858,medium
BINSP-05095,1.3127,5.8003,53.76,59.83,4.289,pass,0.2923,medium
BINSP-05096,0.8363,5.1248,46.21,63.41,2.643,pass,0.218,low
BINSP-05097,0.6946,4.9329,50.22,59.73,3.492,pass,0.2108,low
BINSP-05098,0.9483,4.4368,55.04,63.86,3.266,pass,0.2564,medium
BINSP-05099,0.7025,4.3831,50.16,59.89,3.347,pass,0.196,low
BINSP-05100,2.1162,8.6966,65.58,59.66,5.779,warning,0.468,medium
BINSP-05101,1.8841,6.3535,64.13,60.31,5.73,warning,0.3893,medium
BINSP-05102,1.7314,6.2534,60.77,61.67,2.443,pass,0.3253,medium
BINSP-05103,2.4499,8.4945,73.36,60.58,6.989,warning,0.5149,high
BINSP-05104,1.952,6.188,61.05,63.7,3.953,warning,0.3894,medium
BINSP-05105,0.8977,4.2704,41.1,61.16,2.136,pass,0.1482,low
BINSP-05106,0.5089,5.506,47.6,59.14,3.321,pass,0.2069,low
BINSP-05107,1.2418,5.2065,52.54,64.63,4.895,pass,0.3154,medium
BINSP-05108,0.7623,3.0887,51.05,60.7,1.5,pass,0.1431,low
BINSP-05109,0.9119,5.7207,52.94,58.5,2.931,pass,0.2629,medium
BINSP-05110,1.3507,4.9321,58.21,64.15,4.704,pass,0.3274,medium
BINSP-05111,1.095,7.1313,58.05,59.14,4.81,pass,0.3345,medium
BINSP-05112,1.0438,6.4098,55.55,60.02,3.262,pass,0.2761,medium
BINSP-05113,1.3743,6.419,57.39,62.62,4.608,pass,0.332,medium
BINSP-05114,1.6854,6.3858,59.7,60.65,4.621,pass,0.3424,medium
BINSP-05115,1.2825,7.8505,65.29,62.94,5.399,warning,0.395,medium
BINSP-05116,1.5615,6.3706,59.33,60.71,5.353,pass,0.3399,medium
BINSP-05117,0.5341,3.6267,42.12,60.52,2.033,pass,0.1163,low
BINSP-05118,1.3554,5.4517,60.71,60.02,4.979,pass,0.3173,medium
BINSP-05119,0.9572,5.0256,48.58,59.86,3.376,pass,0.2224,low
BINSP-05120,0.3325,3.2178,42.63,59.66,2.289,pass,0.1115,low
BINSP-05121,1.1409,7.6176,62.28,59.49,3.557,pass,0.3415,medium
BINSP-05122,0.7601,3.597,47.66,63.02,2.928,pass,0.1845,low
BINSP-05123,0.3661,1.8592,47.95,61.82,2.163,pass,0.0954,low
BINSP-05124,0.46,3.4391,46.69,62.73,2.476,pass,0.1469,low
BINSP-05125,0.7726,3.5713,48.44,60.12,1.198,pass,0.1497,low
BINSP-05126,0.6076,2.5071,46.12,64.27,1.796,pass,0.1518,low
BINSP-05127,1.1447,4.4156,46.67,60.72,3.108,pass,0.2011,low
BINSP-05128,0.5361,2.665,43.53,57.67,3.785,pass,0.1658,low
BINSP-05129,0.8864,2.4518,44.81,61.81,1.617,pass,0.1271,low
BINSP-05130,1.3422,5.8057,63.73,57.45,4.175,pass,0.3627,medium
BINSP-05131,1.8206,7.6362,56.28,63.84,4.499,warning,0.4013,medium
BINSP-05132,0.8463,3.4917,49.78,56.3,2.55,pass,0.2314,low
BINSP-05133,0.5446,3.6928,42.97,62.04,3.358,pass,0.1456,low
BINSP-05134,1.4356,6.7289,54.58,67.25,3.013,warning,0.3832,medium
BINSP-05135,0.8112,4.1085,46.19,64.61,3.56,pass,0.2248,low
BINSP-05136,1.2627,6.4629,55.2,66.9,3.427,pass,0.3675,medium
BINSP-05137,1.1022,3.9955,49.92,61.14,3.672,pass,0.2053,low
BINSP-05138,0.8174,4.6982,46.41,58.94,2.357,pass,0.2001,low
BINSP-05139,0.9849,3.7665,48.75,60.81,3.15,pass,0.1828,low
BINSP-05140,1.5779,6.0205,57.45,59.08,3.639,pass,0.3316,medium
BINSP-05141,1.2698,5.7037,51.72,60.21,2.672,pass,0.2552,medium
BINSP-05142,1.1936,6.3688,58.65,62.55,3.224,pass,0.3046,medium
BINSP-05143,0.7742,5.1186,50.71,58.21,3.475,pass,0.2444,low
BINSP-05144,1.439,5.8786,61.96,62.4,4.769,pass,0.3398,medium
BINSP-05145,1.2496,5.3817,54.35,59.69,3.272,pass,0.2713,medium
BINSP-05146,0.4928,4.5875,49.47,62.2,1.579,pass,0.1629,low
BINSP-05147,1.9217,7.5442,66.02,65.8,4.937,warning,0.4743,medium
BINSP-05148,1.3668,5.3755,55.48,59.58,4.054,pass,0.2943,medium
BINSP-05149,0.6481,5.783,44.48,59.07,2.381,pass,0.2016,low
BINSP-05150,1.1485,5.003,51.72,63.45,2.983,pass,0.2612,medium
BINSP-05151,0.6305,3.2018,42.76,61.03,2.582,pass,0.1167,low
BINSP-05152,2.0415,7.5549,63.58,63.93,4.433,warning,0.4408,medium
BINSP-05153,0.7286,4.863,50.31,61.94,3.062,pass,0.2019,low
BINSP-05154,1.26,5.6189,54.22,56.71,3.326,pass,0.3217,medium
BINSP-05155,1.3508,7.3672,63.82,63.59,5.537,warning,0.3967,medium
BINSP-05156,0.1799,3.2671,45.12,59.78,0.661,pass,0.0886,low
BINSP-05157,1.0325,4.9383,48.31,61.37,3.448,pass,0.2145,low
BINSP-05158,1.0044,5.3039,55.9,66.12,3.131,pass,0.3129,medium
BINSP-05159,1.6825,6.6638,68.23,61.94,4.752,warning,0.387,medium
BINSP-05160,2.3576,7.8132,71.72,61.27,5.942,warning,0.4743,medium
BINSP-05161,0.7341,3.527,44.7,62.15,3.558,pass,0.1657,low
BINSP-05162,1.5898,6.2164,62.04,57.02,5.183,warning,0.4013,medium
BINSP-05163,0.6154,3.9788,48.26,61.24,1.556,pass,0.1407,low
BINSP-05164,0.6945,3.1043,45.31,61.64,2.528,pass,0.1366,low
BINSP-05165,1.5931,5.4101,50.91,64.82,4.004,pass,0.3313,medium
BINSP-05166,1.7406,6.7257,62.2,61.74,5.034,pass,0.3725,medium
BINSP-05167,1.3027,5.0601,57.65,63.38,2.992,pass,0.2926,medium
BINSP-05168,0.8431,3.5737,47.01,61.85,1.644,pass,0.1548,low
BINSP-05169,0.5447,4.0951,46.49,58.81,1.94,pass,0.1658,low
BINSP-05170,1.0393,6.9369,58.54,59.45,3.676,pass,0.3101,medium
BINSP-05171,1.3205,8.2931,57.44,58.0,4.366,warning,0.3836,medium
BINSP-05172,1.2381,5.0068,60.79,65.55,3.282,pass,0.3336,medium
BINSP-05173,1.1895,5.1574,57.64,62.46,2.602,pass,0.2679,medium
BINSP-05174,1.0144,3.522,51.45,61.15,2.564,pass,0.1817,low
BINSP-05175,1.471,4.7901,56.27,59.29,3.698,pass,0.2929,medium
BINSP-05176,0.2783,2.6864,47.14,61.26,2.343,pass,0.0966,low
BINSP-05177,1.324,5.6777,54.4,63.25,5.178,pass,0.3197,medium
BINSP-05178,1.2421,6.611,56.6,59.21,3.794,pass,0.3165,medium
BINSP-05179,0.9749,4.2785,44.99,55.71,3.114,pass,0.2557,medium
BINSP-05180,1.6323,6.5123,54.99,61.15,3.472,pass,0.3084,medium
BINSP-05181,1.4348,5.9518,57.93,60.42,4.049,pass,0.3065,medium
BINSP-05182,1.216,9.9142,60.46,58.43,3.759,warning,0.4049,medium
BINSP-05183,0.4656,3.1306,42.91,61.69,2.119,pass,0.1085,low
BINSP-05184,0.5192,4.2893,45.2,61.52,2.329,pass,0.1431,low
BINSP-05185,1.1193,6.5478,60.71,62.09,4.747,pass,0.3213,medium
BINSP-05186,0.7981,4.4847,53.0,60.18,4.488,pass,0.2238,low
BINSP-05187,0.974,6.0565,52.35,59.49,2.569,pass,0.2528,medium
BINSP-05188,1.1402,3.9214,57.91,58.27,3.722,pass,0.2731,medium
BINSP-05189,0.9112,4.5621,43.61,62.75,4.464,pass,0.2152,low
BINSP-05190,0.8704,4.3416,53.58,62.97,1.709,pass,0.2119,low
BINSP-05191,1.4599,6.546,55.14,61.57,3.838,pass,0.308,medium
BINSP-05192,1.0955,5.3852,55.2,62.86,5.512,pass,0.2984,medium
BINSP-05193,1.0459,5.6955,60.12,59.65,2.933,pass,0.2791,medium
BINSP-05194,1.4022,7.0032,57.81,61.12,4.891,pass,0.328,medium
BINSP-05195,1.9535,6.6679,63.14,59.85,4.639,warning,0.3911,medium
BINSP-05196,1.23,5.5427,61.79,67.3,4.118,warning,0.3833,medium
BINSP-05197,0.9191,4.2497,57.33,63.89,3.697,pass,0.2639,medium
BINSP-05198,2.1006,7.7184,66.0,60.44,5.587,warning,0.4347,medium
BINSP-05199,1.7619,8.2569,70.61,56.26,4.885,warning,0.4912,medium
BINSP-05200,1.2813,6.0253,60.78,59.97,2.885,pass,0.2994,medium
BINSP-05201,1.4211,6.3274,52.91,61.84,3.937,pass,0.2986,medium
BINSP-05202,1.4323,6.245,58.22,62.87,3.846,pass,0.3301,medium
BINSP-05203,0.823,5.1183,48.34,63.95,3.485,pass,0.2423,low
BINSP-05204,0.3145,2.9374,44.82,60.84,1.902,pass,0.0896,low
BINSP-05205,0.7836,3.6303,49.79,58.16,4.082,pass,0.2202,low
BINSP-05206,0.7202,3.1573,41.22,59.16,2.454,pass,0.1427,low
BINSP-05207,1.9616,5.9001,66.47,65.58,4.365,warning,0.4357,medium
BINSP-05208,1.0197,5.348,53.15,60.09,2.983,pass,0.2406,low
BINSP-05209,1.2108,6.6149,56.27,61.33,3.143,pass,0.2834,medium
BINSP-05210,1.7798,7.3942,58.95,56.38,4.495,warning,0.4293,medium
BINSP-05211,1.8199,6.6398,67.2,60.54,3.84,pass,0.3748,medium
BINSP-05212,1.6195,6.3058,58.05,60.34,3.702,pass,0.3241,medium
BINSP-05213,1.3944,5.7458,56.53,62.85,4.433,pass,0.3183,medium
BINSP-05214,1.1238,5.5704,57.56,61.11,3.563,pass,0.2624,medium
BINSP-05215,1.5852,6.9653,59.31,59.64,4.649,pass,0.361,medium
BINSP-05216,0.8567,5.7389,56.65,61.53,2.675,pass,0.2392,low
BINSP-05217,0.3372,2.6486,40.0,60.11,0.875,pass,0.0678,low
BINSP-05218,0.6039,3.6858,49.6,63.77,1.399,pass,0.1747,low
BINSP-05219,1.7669,5.9142,59.79,60.33,5.697,pass,0.3568,medium
BINSP-05220,1.393,7.2723,54.12,58.58,4.092,pass,0.3451,medium
BINSP-05221,0.8878,4.9913,59.87,60.34,5.088,pass,0.2684,medium
BINSP-05222,1.1315,4.6353,50.55,65.05,2.823,pass,0.2708,medium
BINSP-05223,1.2144,3.3129,44.83,56.11,2.279,pass,0.2369,low
BINSP-05224,0.5912,2.8488,45.98,61.06,1.798,pass,0.1088,low
BINSP-05225,0.9256,3.5142,44.97,59.99,2.931,pass,0.1704,low
BINSP-05226,1.0914,3.9589,50.56,57.78,3.456,pass,0.2496,low
BINSP-05227,1.0325,6.4192,52.09,60.19,1.124,pass,0.2357,low
BINSP-05228,1.5086,5.5249,54.42,65.27,3.501,pass,0.3401,medium
BINSP-05229,1.7196,8.2625,67.05,61.9,5.637,warning,0.4277,medium
BINSP-05230,0.6209,3.8473,50.54,57.14,1.834,pass,0.2037,low
BINSP-05231,1.2635,5.6368,58.06,57.98,4.295,pass,0.3278,medium
BINSP-05232,0.3465,2.6848,39.62,60.18,1.498,pass,0.0744,low
BINSP-05233,0.6139,3.588,50.51,61.07,2.429,pass,0.1483,low
BINSP-05234,1.0244,3.1426,47.37,60.04,3.299,pass,0.1819,low
BINSP-05235,1.6787,6.5688,59.07,62.0,3.31,pass,0.3375,medium
BINSP-05236,0.4942,4.6668,47.04,60.09,1.684,pass,0.1533,low
BINSP-05237,1.3914,6.4274,62.68,61.75,4.649,pass,0.3387,medium
BINSP-05238,1.7915,8.734,68.34,54.62,4.422,warning,0.5142,high
BINSP-05239,0.9183,4.9814,55.4,57.41,3.13,pass,0.2757,medium
BINSP-05240,1.16,6.4834,59.18,62.6,3.341,pass,0.3085,medium
BINSP-05241,1.5552,5.9286,65.29,63.99,3.837,pass,0.373,medium
BINSP-05242,0.8525,3.9462,48.7,60.28,2.26,pass,0.1741,low
BINSP-05243,2.5572,8.7868,69.2,61.38,6.171,warning,0.5038,high
BINSP-05244,1.0633,5.752,52.01,62.67,2.34,pass,0.2517,medium
BINSP-05245,2.3365,7.7726,75.39,61.34,5.846,warning,0.4844,medium
BINSP-05246,0.9196,3.9538,54.36,58.38,3.227,pass,0.2383,low
BINSP-05247,1.051,3.2591,51.36,62.35,3.429,pass,0.207,low
BINSP-05248,1.1894,5.8239,56.94,62.65,2.963,pass,0.286,medium
BINSP-05249,1.0104,5.0239,44.71,62.31,1.785,pass,0.1966,low
BINSP-05250,1.7559,7.0558,59.57,62.01,4.875,pass,0.3733,medium
BINSP-05251,1.9059,7.4128,67.37,58.07,4.973,warning,0.4476,medium
BINSP-05252,0.5217,2.9584,44.48,60.09,2.211,pass,0.1188,low
BINSP-05253,0.8234,6.2422,54.89,58.95,3.609,pass,0.2751,medium
BINSP-05254,1.0288,5.2282,52.16,62.69,3.817,pass,0.2573,medium
BINSP-05255,1.2632,6.1387,65.22,60.53,4.252,pass,0.3233,medium
BINSP-05256,0.758,4.8161,47.36,57.47,1.795,pass,0.2168,low
BINSP-05257,0.8017,3.7477,45.69,57.7,2.427,pass,0.197,low
BINSP-05258,1.0253,6.1778,53.28,62.35,2.948,pass,0.2643,medium
BINSP-05259,0.8606,4.2602,52.73,59.14,2.909,pass,0.2195,low
BINSP-05260,1.9,7.3831,67.36,59.76,4.433,warning,0.4146,medium
BINSP-05261,0.7271,6.0712,50.28,61.32,3.877,pass,0.2264,low
BINSP-05262,0.6401,2.6297,49.34,63.42,2.888,pass,0.1679,low
BINSP-05263,0.9055,4.654,48.62,59.24,3.144,pass,0.218,low
BINSP-05264,1.2455,5.8284,59.26,59.84,2.964,pass,0.2906,medium
BINSP-05265,0.8872,4.3731,51.31,62.2,2.508,pass,0.2042,low
BINSP-05266,1.819,7.8298,62.94,65.34,5.643,warning,0.464,medium
BINSP-05267,0.5397,3.7419,42.96,60.67,1.43,pass,0.1125,low
BINSP-05268,0.731,4.874,50.7,60.63,2.364,pass,0.1868,low
BINSP-05269,1.6355,8.3843,72.71,56.44,6.114,warning,0.504,high
BINSP-05270,0.746,4.99,54.0,59.63,1.689,pass,0.2081,low
BINSP-05271,0.7499,2.4484,44.25,59.11,3.119,pass,0.1497,low
BINSP-05272,0.5582,2.8886,48.83,59.84,2.613,pass,0.1431,low
BINSP-05273,1.736,6.8438,64.67,60.31,5.479,warning,0.3874,medium
BINSP-05274,1.3886,4.642,59.56,65.37,5.232,pass,0.3535,medium
BINSP-05275,0.8202,3.7579,45.75,58.56,0.952,pass,0.1681,low
BINSP-05276,1.8895,6.1054,61.35,60.28,4.962,pass,0.3666,medium
BINSP-05277,1.4248,4.8482,61.66,59.29,2.282,pass,0.2921,medium
BINSP-05278,0.6857,4.1295,37.6,62.09,1.265,pass,0.122,low
BINSP-05279,0.7786,4.57,48.05,61.82,2.222,pass,0.1802,low
BINSP-05280,1.3011,4.4147,52.77,57.45,4.562,pass,0.2994,medium
BINSP-05281,1.3638,7.1974,61.06,57.45,5.259,warning,0.396,medium
BINSP-05282,1.2638,5.9423,51.23,61.7,3.09,pass,0.2616,medium
BINSP-05283,0.837,5.3638,45.2,57.8,3.039,pass,0.236,low
BINSP-05284,1.3949,7.5275,52.36,59.57,3.648,pass,0.3242,medium
BINSP-05285,0.8745,5.2285,47.43,63.76,1.956,pass,0.224,low
BINSP-05286,1.3125,6.4283,56.7,59.29,3.043,pass,0.308,medium
BINSP-05287,1.9574,8.9601,71.26,62.32,5.078,warning,0.4725,medium
BINSP-05288,1.2738,3.9341,57.68,61.44,2.789,pass,0.2365,low
BINSP-05289,0.4387,2.705,37.7,61.05,2.903,pass,0.0801,low
BINSP-05290,1.137,4.763,55.53,58.24,3.546,pass,0.2798,medium
BINSP-05291,1.2383,6.2832,62.44,58.14,5.294,pass,0.3634,medium
BINSP-05292,0.8584,5.3433,48.94,61.88,3.875,pass,0.225,low
BINSP-05293,1.2303,4.4363,56.6,64.73,2.844,pass,0.2897,medium
BINSP-05294,1.392,5.2895,56.22,63.22,4.39,pass,0.313,medium
BINSP-05295,1.2861,6.7617,58.03,62.19,4.026,pass,0.3213,medium
BINSP-05296,0.5734,3.4893,43.07,64.3,2.083,pass,0.1626,low
BINSP-05297,1.1489,4.277,51.15,63.16,2.779,pass,0.238,low
BINSP-05298,0.1582,3.6636,42.96,60.79,1.494,pass,0.0826,low
BINSP-05299,1.353,5.0363,50.49,64.3,3.532,pass,0.2916,medium
BINSP-05300,0.7672,4.2787,51.13,59.73,2.48,pass,0.1937,low
BINSP-05301,1.4915,5.466,60.04,61.32,3.665,pass,0.2994,medium
BINSP-05302,1.613,4.9082,60.9,64.36,5.011,pass,0.3615,medium
BINSP-05303,1.7175,7.8751,64.99,57.5,3.731,warning,0.4289,medium
BINSP-05304,1.129,6.3383,51.61,63.4,3.535,pass,0.292,medium
BINSP-05305,0.3396,3.1648,46.5,61.51,1.602,pass,0.1033,low
BINSP-05306,0.5713,4.6692,44.29,59.44,2.585,pass,0.17,low
BINSP-05307,1.6909,7.5636,60.38,58.53,4.684,warning,0.4011,medium
BINSP-05308,1.0224,5.3163,54.07,62.19,2.993,pass,0.2476,low
BINSP-05309,1.8148,6.1621,57.91,53.87,4.016,warning,0.4356,medium
BINSP-05310,1.7549,6.8197,62.16,64.63,6.226,warning,0.4328,medium
BINSP-05311,1.5335,6.0465,57.88,61.77,4.99,pass,0.3293,medium
BINSP-05312,1.6999,7.2026,58.15,61.87,3.297,pass,0.3465,medium
BINSP-05313,0.598,5.0135,52.55,63.83,3.799,pass,0.2405,low
BINSP-05314,1.1498,4.1454,45.31,60.93,1.826,pass,0.1729,low
BINSP-05315,0.9397,4.1119,45.46,61.29,2.748,pass,0.1721,low
BINSP-05316,1.4339,5.379,58.3,66.17,3.311,pass,0.3562,medium
BINSP-05317,1.1516,6.8429,53.43,60.58,2.002,pass,0.2618,medium
BINSP-05318,0.4847,3.2111,45.39,61.16,2.022,pass,0.1107,low
BINSP-05319,1.058,5.0534,52.33,57.74,3.722,pass,0.2788,medium
BINSP-05320,0.8613,3.7227,50.77,64.11,1.728,pass,0.2067,low
BINSP-05321,2.1694,9.0539,69.78,56.8,5.512,warning,0.533,high
BINSP-05322,1.3123,5.8014,47.45,60.28,3.051,pass,0.2494,low
BINSP-05323,0.6579,3.196,41.96,66.18,2.287,pass,0.1896,low
BINSP-05324,1.6705,6.86,59.61,59.72,4.132,pass,0.3585,medium
BINSP-05325,0.9889,5.4033,49.26,61.67,1.373,pass,0.2035,low
BINSP-05326,1.5416,7.5698,54.73,59.34,4.227,pass,0.3538,medium
BINSP-05327,1.2898,5.7249,55.22,59.89,3.074,pass,0.2786,medium
BINSP-05328,1.6566,6.2678,61.1,61.39,4.983,pass,0.3476,medium
BINSP-05329,1.8005,7.6235,62.48,59.11,5.825,warning,0.4223,medium
BINSP-05330,0.4648,2.6052,42.34,58.41,0.272,pass,0.1023,low
BINSP-05331,1.3792,7.0377,58.46,61.85,5.022,pass,0.3417,medium
BINSP-05332,1.4545,6.6434,56.09,61.25,4.171,pass,0.3119,medium
BINSP-05333,1.2102,6.3376,60.42,60.05,3.084,pass,0.3005,medium
BINSP-05334,0.9581,5.2719,52.74,61.1,3.636,pass,0.2291,low
BINSP-05335,1.2693,4.4356,50.21,57.87,4.507,pass,0.2819,medium
BINSP-05336,1.5962,6.6198,52.1,62.54,4.203,pass,0.3278,medium
BINSP-05337,1.0032,5.4599,50.37,57.58,3.115,pass,0.2715,medium
BINSP-05338,1.5668,5.8137,61.21,66.84,4.508,warning,0.4086,medium
BINSP-05339,0.7541,3.502,45.75,59.88,3.741,pass,0.172,low
BINSP-05340,1.5823,5.7811,54.56,57.45,2.616,pass,0.3296,medium
BINSP-05341,0.5206,3.7637,46.78,60.89,1.988,pass,0.1278,low
BINSP-05342,1.4514,5.3016,68.91,60.51,5.201,pass,0.3443,medium
BINSP-05343,0.83,4.7643,46.19,62.02,2.233,pass,0.1845,low
BINSP-05344,2.0066,7.4681,76.94,63.17,7.255,warning,0.5043,high
BINSP-05345,1.0128,6.176,62.67,55.87,3.63,pass,0.3601,medium
BINSP-05346,2.2095,9.2612,70.02,69.0,6.5,warning,0.6096,high
BINSP-05347,1.2867,6.5296,59.84,61.53,4.525,pass,0.3188,medium
BINSP-05348,1.5388,4.2119,56.37,63.63,3.091,pass,0.293,medium
BINSP-05349,0.8218,3.0586,49.92,61.64,2.44,pass,0.1592,low
BINSP-05350,1.729,6.7635,62.06,64.81,4.578,warning,0.4125,medium
BINSP-05351,0.9581,4.6032,52.26,58.77,3.023,pass,0.2386,low
BINSP-05352,2.4073,9.0786,77.11,67.1,5.058,warning,0.5983,high
BINSP-05353,1.51,5.5365,55.78,61.99,2.942,pass,0.2891,medium
BINSP-05354,1.4304,7.6061,58.23,55.39,4.434,warning,0.4202,medium
BINSP-05355,1.1018,4.2876,43.52,63.74,3.412,pass,0.2253,low
BINSP-05356,1.5288,5.3734,57.19,59.33,2.825,pass,0.3007,medium
BINSP-05357,1.7316,7.2786,61.28,63.85,3.763,warning,0.3961,medium
BINSP-05358,1.4103,6.3525,52.85,63.48,3.737,pass,0.3202,medium
BINSP-05359,1.7967,7.1432,59.72,61.76,5.732,warning,0.3851,medium
BINSP-05360,1.0908,5.694,57.35,61.95,2.104,pass,0.2569,medium
BINSP-05361,1.0335,4.7727,46.05,62.38,2.865,pass,0.2118,low
BINSP-05362,1.7362,8.1017,66.73,57.8,5.106,warning,0.4528,medium
BINSP-05363,1.1111,6.079,58.32,62.0,4.363,pass,0.2973,medium
BINSP-05364,1.0014,5.6949,58.92,62.38,3.992,pass,0.285,medium
BINSP-05365,0.8004,3.466,46.51,61.5,1.724,pass,0.1436,low
BINSP-05366,2.1072,7.5916,64.8,63.92,4.825,warning,0.4548,medium
BINSP-05367,0.9083,4.1415,46.8,64.47,2.405,pass,0.2185,low
BINSP-05368,2.1299,8.5669,62.23,61.79,4.349,warning,0.4296,medium
BINSP-05369,1.2709,4.8479,56.93,60.16,3.617,pass,0.268,medium
BINSP-05370,1.6819,8.8441,61.51,58.85,4.754,warning,0.426,medium
BINSP-05371,1.3994,7.4854,61.82,62.16,4.317,pass,0.3596,medium
BINSP-05372,1.9262,7.2969,70.45,59.83,3.796,warning,0.4167,medium
BINSP-05373,0.7176,3.9891,43.45,61.82,2.423,pass,0.151,low
BINSP-05374,0.7178,5.3133,54.91,56.4,2.025,pass,0.2682,medium
BINSP-05375,0.5005,5.2894,44.16,60.85,2.346,pass,0.153,low
BINSP-05376,0.4334,5.4597,44.53,58.53,3.013,pass,0.1956,low
BINSP-05377,1.7712,5.2293,67.01,63.18,4.212,pass,0.3727,medium
BINSP-05378,0.8221,3.6362,51.78,59.11,2.759,pass,0.1996,low
BINSP-05379,0.694,4.7409,52.35,62.12,2.503,pass,0.1999,low
BINSP-05380,1.218,5.6902,52.78,60.5,3.503,pass,0.2605,medium
BINSP-05381,0.7755,3.9218,47.38,59.61,1.632,pass,0.1661,low
BINSP-05382,0.7281,5.2747,48.72,59.7,3.818,pass,0.2192,low
BINSP-05383,1.266,5.0242,58.42,62.83,4.064,pass,0.2964,medium
BINSP-05384,1.4307,7.199,67.41,61.58,6.355,warning,0.3908,medium
BINSP-05385,0.8429,5.3328,45.23,60.27,3.809,pass,0.2082,low
BINSP-05386,0.4501,5.0387,50.77,62.6,3.714,pass,0.2048,low
BINSP-05387,1.0505,4.5849,56.31,59.12,2.266,pass,0.2442,low
BINSP-05388,0.5718,3.6881,51.2,60.56,2.997,pass,0.162,low
BINSP-05389,1.3079,5.3183,52.03,62.17,2.637,pass,0.2565,medium
BINSP-05390,1.0192,4.7981,54.73,64.34,2.949,pass,0.2711,medium
BINSP-05391,1.0987,4.0666,53.38,62.94,3.502,pass,0.2432,low
BINSP-05392,0.5412,3.7683,44.69,60.66,2.078,pass,0.1269,low
BINSP-05393,0.707,4.0331,44.01,58.73,1.612,pass,0.165,low
BINSP-05394,1.1104,5.6363,52.58,63.52,3.721,pass,0.284,medium
BINSP-05395,1.3481,6.4317,58.92,62.03,3.203,pass,0.3097,medium
BINSP-05396,1.7017,6.9452,65.11,62.67,4.539,warning,0.3918,medium
BINSP-05397,1.5394,5.9327,60.27,62.65,4.543,pass,0.3434,medium
BINSP-05398,0.7871,5.3888,52.53,56.48,2.448,pass,0.2704,medium
BINSP-05399,1.462,5.5219,57.18,60.84,4.393,pass,0.2951,medium
BINSP-05400,1.4817,5.7081,59.88,65.08,4.044,pass,0.364,medium
BINSP-05401,0.8662,4.2064,49.0,62.43,1.767,pass,0.1861,low
BINSP-05402,1.3025,5.7775,52.55,61.2,3.153,pass,0.2589,medium
BINSP-05403,1.9195,6.4078,61.64,59.29,5.966,warning,0.4027,medium
BINSP-05404,1.1011,4.5508,57.62,57.88,3.869,pass,0.2894,medium
BINSP-05405,1.9114,6.8201,69.17,63.82,5.85,warning,0.4511,medium
BINSP-05406,1.2907,5.3987,60.92,63.41,3.603,pass,0.3172,medium
BINSP-05407,1.1679,6.8613,58.92,64.7,4.621,pass,0.3626,medium
BINSP-05408,1.3567,5.6644,55.25,56.9,4.404,pass,0.343,medium
BINSP-05409,1.228,6.5829,63.6,59.95,4.432,pass,0.3352,medium
BINSP-05410,0.964,3.462,42.26,61.11,0.701,pass,0.1228,low
BINSP-05411,1.9048,8.1756,67.44,62.95,5.363,warning,0.453,medium
BINSP-05412,1.8865,6.7738,55.52,62.85,4.914,pass,0.3763,medium
BINSP-05413,0.9577,5.1011,46.74,60.14,3.064,pass,0.2099,low
BINSP-05414,0.08,2.3214,40.29,63.74,1.113,pass,0.0746,low
BINSP-05415,0.8266,2.2081,51.97,61.07,2.303,pass,0.1393,low
BINSP-05416,1.698,8.2518,67.93,57.44,2.935,warning,0.4364,medium
BINSP-05417,1.6432,8.652,59.83,64.45,4.495,warning,0.4302,medium
BINSP-05418,0.7212,3.3858,43.97,58.13,1.265,pass,0.1578,low
BINSP-05419,1.9044,6.6952,60.73,57.93,6.299,warning,0.4286,medium
BINSP-05420,0.5299,4.2419,44.43,61.92,2.473,pass,0.1481,low
BINSP-05421,0.6357,2.5186,48.73,60.1,3.228,pass,0.1444,low
BINSP-05422,0.8259,4.4695,50.87,62.4,1.769,pass,0.1943,low
BINSP-05423,1.3508,5.9429,57.2,64.71,3.482,pass,0.338,medium
BINSP-05424,1.3132,6.4258,59.08,62.3,3.582,pass,0.3163,medium
BINSP-05425,0.7435,4.2195,52.72,60.38,2.012,pass,0.1809,low
BINSP-05426,1.2299,3.6533,44.74,58.84,2.702,pass,0.2087,low
BINSP-05427,1.2982,6.408,65.76,62.21,4.165,pass,0.3431,medium
BINSP-05428,1.9343,8.1891,70.29,61.76,6.736,warning,0.4637,medium
BINSP-05429,1.2341,3.5886,46.26,60.78,3.26,pass,0.1904,low
BINSP-05430,1.3783,5.4005,54.04,59.37,4.245,pass,0.2963,medium
BINSP-05431,0.6907,3.7357,50.58,61.75,2.548,pass,0.1686,low
BINSP-05432,1.4301,4.1394,54.73,60.33,2.569,pass,0.2426,low
BINSP-05433,0.5438,3.4873,40.96,63.57,1.449,pass,0.1348,low
BINSP-05434,1.7471,5.7906,63.37,59.49,3.845,pass,0.3554,medium
BINSP-05435,1.2199,5.9157,55.59,61.57,3.245,pass,0.2725,medium
BINSP-05436,1.5062,5.9693,55.91,66.78,3.515,pass,0.3767,medium
BINSP-05437,0.6432,4.1941,50.93,60.88,2.446,pass,0.1649,low
BINSP-05438,0.6638,5.896,51.46,62.68,2.882,pass,0.2308,low
BINSP-05439,0.611,2.5636,45.43,61.46,2.184,pass,0.1134,low
BINSP-05440,1.5909,6.2135,63.82,64.95,5.495,warning,0.4107,medium
BINSP-05441,1.2423,5.506,55.09,61.21,3.513,pass,0.2622,medium
BINSP-05442,1.1466,4.9175,54.05,58.89,3.791,pass,0.2718,medium
BINSP-05443,0.8753,5.2534,53.22,59.2,3.407,pass,0.2471,low
BINSP-05444,0.6472,4.9759,50.94,57.97,2.572,pass,0.226,low
BINSP-05445,0.5409,3.1671,45.69,60.22,1.37,pass,0.1163,low
BINSP-05446,0.3073,3.7101,43.43,63.33,2.583,pass,0.1406,low
BINSP-05447,0.9644,5.2818,53.78,59.65,3.565,pass,0.2512,medium
BINSP-05448,1.1125,4.412,55.57,61.92,2.793,pass,0.2346,low
BINSP-05449,1.2417,7.0488,52.52,67.19,4.322,warning,0.3837,medium
BINSP-05450,1.6534,7.5983,59.85,60.03,5.151,warning,0.3805,medium
BINSP-05451,0.8154,3.0406,46.11,62.09,1.708,pass,0.1434,low
BINSP-05452,1.8574,6.6175,67.62,58.1,5.753,warning,0.4379,medium
BINSP-05453,0.7144,4.0784,41.9,62.98,2.283,pass,0.1631,low
BINSP-05454,1.2092,4.7253,49.17,61.42,2.652,pass,0.217,low
BINSP-05455,0.4055,4.1123,49.43,60.18,3.126,pass,0.1599,low
BINSP-05456,1.3763,4.7771,56.07,59.42,4.088,pass,0.2879,medium
BINSP-05457,0.6399,3.5195,45.89,59.61,2.495,pass,0.1537,low
BINSP-05458,1.3109,7.4395,61.97,57.65,5.693,warning,0.4022,medium
BINSP-05459,1.1275,3.3665,49.85,61.14,2.003,pass,0.1743,low
BINSP-05460,0.1978,2.4938,42.82,60.69,1.911,pass,0.0681,low
BINSP-05461,0.3056,3.4715,45.61,60.44,2.187,pass,0.1118,low
BINSP-05462,1.5923,5.8772,61.84,61.28,3.141,pass,0.314,medium
BINSP-05463,1.133,5.5323,49.43,57.51,3.559,pass,0.2855,medium
BINSP-05464,0.6743,4.0832,54.48,62.27,3.495,pass,0.2067,low
BINSP-05465,1.1534,4.7373,54.43,61.19,4.792,pass,0.2532,medium
BINSP-05466,1.5321,7.2979,58.3,62.22,4.754,pass,0.3595,medium
BINSP-05467,1.4332,4.7443,59.53,57.99,3.117,pass,0.3129,medium
BINSP-05468,1.5201,6.767,61.37,60.61,4.707,pass,0.3456,medium
BINSP-05469,0.9985,5.7195,50.79,61.76,1.476,pass,0.2183,low
BINSP-05470,1.8276,7.3071,60.19,65.84,5.075,warning,0.4454,medium
BINSP-05471,0.7528,4.8007,47.09,61.99,3.301,pass,0.1952,low
BINSP-05472,0.7515,4.336,50.88,60.65,1.126,pass,0.1628,low
BINSP-05473,1.4798,6.2439,68.67,57.93,6.617,warning,0.42,medium
BINSP-05474,0.9647,6.7191,52.95,59.73,3.708,pass,0.2775,medium
BINSP-05475,0.8846,5.0077,43.81,57.18,1.279,pass,0.2158,low
BINSP-05476,1.1518,5.4781,55.02,60.74,3.428,pass,0.2546,medium
BINSP-05477,1.3605,4.9391,54.4,56.89,4.879,pass,0.3318,medium
BINSP-05478,1.3637,6.0364,59.9,62.6,4.607,pass,0.3316,medium
BINSP-05479,1.2203,5.2889,59.75,65.34,4.26,pass,0.343,medium
BINSP-05480,2.0561,7.7942,71.79,62.53,6.805,warning,0.4819,medium
BINSP-05481,1.0057,5.0544,54.33,62.19,2.887,pass,0.2408,low
BINSP-05482,1.3589,5.3592,60.02,62.9,4.929,pass,0.3266,medium
BINSP-05483,0.5464,3.7647,51.35,58.45,2.525,pass,0.1881,low
BINSP-05484,1.1245,5.1395,47.39,62.48,1.314,pass,0.2129,low
BINSP-05485,1.1029,5.3267,45.95,57.32,2.842,pass,0.2617,medium
BINSP-05486,1.0798,2.8923,53.45,59.74,3.629,pass,0.2098,low
BINSP-05487,1.4824,5.3454,51.38,58.35,5.043,pass,0.3186,medium
BINSP-05488,0.7886,3.8341,53.54,62.02,2.632,pass,0.1926,low
BINSP-05489,1.5788,6.3833,64.75,61.58,5.08,pass,0.3608,medium
BINSP-05490,1.5357,7.6144,67.04,66.63,4.127,warning,0.4545,medium
BINSP-05491,2.1478,8.794,63.52,59.05,6.054,warning,0.4778,medium
BINSP-05492,0.6465,3.9798,53.9,63.36,3.833,pass,0.2212,low
BINSP-05493,0.6048,2.8592,40.16,60.58,1.307,pass,0.0899,low
BINSP-05494,1.6398,5.4783,58.09,62.64,4.044,pass,0.328,medium
BINSP-05495,2.0518,8.4945,71.18,56.77,6.954,warning,0.5358,high
BINSP-05496,0.9918,5.2873,46.91,58.25,2.047,pass,0.2327,low
BINSP-05497,0.703,4.7461,58.97,59.28,2.117,pass,0.2275,low
BINSP-05498,1.636,7.4546,61.45,62.06,5.414,warning,0.3863,medium
BINSP-05499,1.5085,6.1275,58.06,56.42,3.473,pass,0.3687,medium
BINSP-05500,0.8755,4.6846,45.29,58.42,2.362,pass,0.208,low
BINSP-05501,1.1606,6.3881,58.07,61.05,3.738,pass,0.2844,medium
BINSP-05502,1.4723,7.8299,68.57,61.85,5.153,warning,0.4,medium
BINSP-05503,1.5098,4.5238,57.48,61.91,4.969,pass,0.2977,medium
BINSP-05504,1.2698,3.7132,51.84,60.86,2.319,pass,0.2019,low
BINSP-05505,1.3621,5.4809,49.53,60.73,2.93,pass,0.2452,low
BINSP-05506,0.6498,4.9,46.95,61.54,1.414,pass,0.16,low
BINSP-05507,1.7859,8.369,70.42,61.45,4.442,warning,0.4249,medium
BINSP-05508,1.3557,7.3423,58.86,57.56,5.59,warning,0.3931,medium
BINSP-05509,0.841,5.6321,48.15,63.45,2.789,pass,0.2374,low
BINSP-05510,1.5124,5.8819,66.12,58.86,5.263,pass,0.3762,medium
BINSP-05511,0.7774,3.8938,45.57,61.33,3.002,pass,0.1601,low
BINSP-05512,0.9769,5.1949,45.23,63.72,2.852,pass,0.2333,low
BINSP-05513,0.9128,4.6757,51.12,63.87,2.35,pass,0.2345,low
BINSP-05514,0.9571,4.4654,55.96,59.98,3.771,pass,0.2392,low
BINSP-05515,1.3016,5.8869,58.99,64.12,5.156,pass,0.3505,medium
BINSP-05516,1.0658,5.4298,55.06,62.89,2.577,pass,0.2619,medium
BINSP-05517,1.1324,6.4533,58.08,62.53,4.252,pass,0.312,medium
BINSP-05518,0.7867,6.3649,54.75,60.74,3.064,pass,0.241,low
BINSP-05519,1.1746,5.1989,53.72,60.52,4.463,pass,0.262,medium
BINSP-05520,0.7754,5.0878,48.84,65.28,3.294,pass,0.2577,medium
BINSP-05521,2.2909,7.8591,72.96,65.07,7.48,warning,0.5501,high
BINSP-05522,1.5681,8.1504,63.1,65.08,4.347,warning,0.4334,medium
BINSP-05523,0.4386,3.0047,45.02,61.47,3.359,pass,0.1227,low
BINSP-05524,0.8914,5.3134,56.78,61.58,2.538,pass,0.2329,low
BINSP-05525,1.603,7.6366,61.39,59.41,4.62,warning,0.3858,medium
BINSP-05526,1.1208,3.6119,52.24,57.16,4.311,pass,0.27,medium
BINSP-05527,1.2553,5.4095,55.09,62.72,2.526,pass,0.2719,medium
BINSP-05528,1.0281,3.6795,46.15,63.04,1.78,pass,0.1867,low
BINSP-05529,0.6586,4.6078,46.01,63.57,1.766,pass,0.1862,low
BINSP-05530,0.9154,2.9516,49.65,61.69,3.427,pass,0.1754,low
BINSP-05531,1.247,6.6217,61.58,59.68,4.261,pass,0.3324,medium
BINSP-05532,1.677,4.9052,54.55,63.38,3.175,pass,0.3078,medium
BINSP-05533,1.0999,5.0302,49.14,59.04,4.255,pass,0.2575,medium
BINSP-05534,1.3412,6.8059,59.64,62.45,2.279,pass,0.3145,medium
BINSP-05535,0.9306,3.3202,46.51,60.39,1.576,pass,0.1499,low
BINSP-05536,1.984,8.229,68.39,62.62,5.452,warning,0.459,medium
BINSP-05537,1.073,5.8705,51.23,57.67,3.293,pass,0.2885,medium
BINSP-05538,1.0045,3.8256,48.11,57.55,2.408,pass,0.2232,low
BINSP-05539,1.3185,4.8292,57.72,60.98,4.37,pass,0.2704,medium
BINSP-05540,1.3498,5.1728,57.19,54.98,3.565,pass,0.3581,medium
BINSP-05541,1.181,5.9786,52.13,62.03,2.844,pass,0.2615,medium
BINSP-05542,1.4878,5.8016,57.21,58.52,1.334,pass,0.3007,medium
BINSP-05543,0.5151,3.3702,53.71,58.95,1.628,pass,0.1678,low
BINSP-05544,1.4348,6.1662,65.84,63.35,4.573,pass,0.3704,medium
BINSP-05545,1.4564,6.0197,61.29,61.95,5.285,pass,0.3411,medium
BINSP-05546,1.2752,6.397,54.35,59.5,2.567,pass,0.2878,medium
BINSP-05547,1.2169,5.2098,51.38,60.73,3.737,pass,0.2455,low
BINSP-05548,0.7107,3.1514,45.32,60.58,2.165,pass,0.131,low
BINSP-05549,1.3719,6.0295,66.3,63.64,3.963,pass,0.3616,medium
BINSP-05550,0.6665,3.0032,53.65,60.0,1.214,pass,0.1504,low
BINSP-05551,1.3569,5.6487,59.11,62.23,3.709,pass,0.3045,medium
BINSP-05552,1.1823,5.0652,53.22,60.53,3.638,pass,0.2482,low
BINSP-05553,0.9843,3.7418,51.6,63.79,2.618,pass,0.2246,low
BINSP-05554,0.6715,4.053,46.84,60.69,1.995,pass,0.1477,low
BINSP-05555,1.584,6.1186,55.64,55.51,5.201,warning,0.4001,medium
BINSP-05556,1.8724,8.4352,67.52,55.79,6.115,warning,0.5141,high
BINSP-05557,0.7845,5.4925,47.76,60.92,2.554,pass,0.191,low
BINSP-05558,0.8315,6.4079,51.38,60.65,2.244,pass,0.2252,low
BINSP-05559,0.4559,4.9626,46.65,60.82,4.23,pass,0.1748,low
BINSP-05560,1.2739,5.6034,57.76,58.78,2.709,pass,0.296,medium
BINSP-05561,1.4532,7.0628,61.22,61.86,4.984,pass,0.3566,medium
BINSP-05562,1.5485,7.933,66.71,62.57,5.797,warning,0.4197,medium
BINSP-05563,1.5196,4.8186,52.6,65.26,3.773,pass,0.3237,medium
BINSP-05564,0.818,5.4569,54.39,61.61,3.433,pass,0.2335,low
BINSP-05565,1.4924,4.6006,57.38,60.61,2.391,pass,0.2589,medium
BINSP-05566,0.8783,4.1674,50.14,58.49,3.227,pass,0.2236,low
BINSP-05567,0.682,4.8342,46.93,62.23,2.418,pass,0.1832,low
BINSP-05568,1.8747,7.4036,63.38,60.39,5.488,warning,0.4031,medium
BINSP-05569,1.3026,5.1282,51.74,57.97,4.251,pass,0.2987,medium
BINSP-05570,1.0355,5.3848,50.24,59.11,3.551,pass,0.2543,medium
BINSP-05571,1.6807,7.0359,59.92,60.45,4.291,pass,0.3548,medium
BINSP-05572,1.5285,6.9471,62.77,58.92,3.535,pass,0.3657,medium
BINSP-05573,1.2856,6.1964,58.43,62.7,4.034,pass,0.3189,medium
BINSP-05574,0.253,2.375,37.34,59.18,0.801,pass,0.0604,low
BINSP-05575,1.4482,6.0424,52.92,61.21,3.934,pass,0.2853,medium
BINSP-05576,1.5382,5.8764,59.41,61.98,4.155,pass,0.3245,medium
BINSP-05577,0.7932,4.1043,52.81,60.12,2.555,pass,0.1929,low
BINSP-05578,1.3248,4.9166,52.47,62.02,3.753,pass,0.2624,medium
BINSP-05579,1.8399,7.1417,71.91,62.86,6.532,warning,0.4555,medium
BINSP-05580,1.3048,6.5168,60.96,62.32,3.852,pass,0.3274,medium
BINSP-05581,0.6777,4.1149,53.44,60.12,4.77,pass,0.2135,low
BINSP-05582,0.8536,3.7448,47.83,59.67,2.388,pass,0.1779,low
BINSP-05583,1.9486,7.2538,67.72,62.27,5.118,warning,0.4255,medium
BINSP-05584,1.1748,6.1064,55.88,56.81,2.758,pass,0.3226,medium
BINSP-05585,0.9382,4.9634,49.82,57.93,2.346,pass,0.2406,low
BINSP-05586,1.3391,6.7076,60.78,60.65,4.465,pass,0.3259,medium
BINSP-05587,0.08,1.7305,43.26,62.37,1.192,pass,0.0532,low
BINSP-05588,1.8615,6.4994,68.34,67.49,3.525,warning,0.4654,medium
BINSP-05589,2.5372,9.2594,73.37,61.29,6.714,warning,0.5311,high
BINSP-05590,0.4995,3.6038,50.12,60.6,3.452,pass,0.1564,low
BINSP-05591,1.9683,9.0872,69.04,65.4,6.194,warning,0.5279,high
BINSP-05592,0.322,3.3646,38.83,63.05,1.991,pass,0.1079,low
BINSP-05593,1.5957,8.6902,56.58,60.7,4.1,pass,0.3645,medium
BINSP-05594,1.241,7.1063,66.58,61.47,4.778,pass,0.352,medium
BINSP-05595,1.624,7.9154,69.97,58.02,4.968,warning,0.447,medium
BINSP-05596,0.3274,4.2144,48.63,61.18,1.378,pass,0.1231,low
BINSP-05597,1.2955,5.3822,51.03,62.47,3.77,pass,0.2718,medium
BINSP-05598,0.7605,4.0293,50.11,59.92,4.909,pass,0.2111,low
BINSP-05599,1.655,7.4862,65.72,58.76,5.147,warning,0.4173,medium
BINSP-05600,1.0674,5.0199,47.28,61.64,4.136,pass,0.2275,low
BINSP-05601,2.2125,8.8381,74.93,56.1,5.861,warning,0.5637,high
BINSP-05602,1.4661,4.4467,50.96,65.47,2.308,pass,0.2924,medium
BINSP-05603,1.7674,6.1519,62.18,59.61,5.625,pass,0.3796,medium
BINSP-05604,1.4602,5.0296,48.3,59.68,3.705,pass,0.2642,medium
BINSP-05605,1.3044,4.8798,52.59,62.47,3.06,pass,0.2591,medium
BINSP-05606,0.9625,5.9714,53.12,60.13,3.766,pass,0.2578,medium
BINSP-05607,0.8981,5.0838,55.74,64.02,3.299,pass,0.2709,medium
BINSP-05608,1.0282,5.0732,51.16,60.21,3.844,pass,0.2375,low
BINSP-05609,1.2754,4.0598,59.47,56.94,3.328,pass,0.3059,medium
BINSP-05610,0.9531,4.9347,53.88,64.56,1.84,pass,0.2562,medium
BINSP-05611,0.5973,3.7872,41.35,64.77,1.635,pass,0.1661,low
BINSP-05612,0.7483,2.5892,40.66,60.08,0.581,pass,0.0951,low
BINSP-05613,0.2724,2.5858,41.43,61.22,1.314,pass,0.0621,low
BINSP-05614,0.4863,3.0223,49.65,61.43,1.789,pass,0.1226,low
BINSP-05615,1.0737,3.9284,46.52,63.18,2.991,pass,0.2129,low
BINSP-05616,1.4285,4.5469,55.9,57.39,3.367,pass,0.3083,medium
BINSP-05617,1.4397,4.6589,61.9,61.51,3.271,pass,0.2839,medium
BINSP-05618,0.8449,3.7514,51.82,62.17,3.009,pass,0.196,low
BINSP-05619,1.1921,4.055,54.35,60.82,2.387,pass,0.213,low
BINSP-05620,0.8787,3.3085,50.03,59.73,3.109,pass,0.1862,low
BINSP-05621,1.045,6.6679,60.74,59.78,3.137,pass,0.3011,medium
BINSP-05622,0.8623,4.0872,49.42,61.26,3.608,pass,0.1893,low
BINSP-05623,1.6291,5.8636,57.3,58.54,4.742,pass,0.353,medium
BINSP-05624,1.4447,6.9554,66.21,61.73,2.37,pass,0.3373,medium
BINSP-05625,1.1909,6.4851,58.39,65.25,3.743,pass,0.3526,medium
BINSP-05626,1.7841,8.5112,63.5,63.02,6.103,warning,0.4476,medium
BINSP-05627,0.2589,3.361,51.16,60.87,2.429,pass,0.1215,low
BINSP-05628,1.4413,5.2811,57.82,58.09,4.096,pass,0.3286,medium
BINSP-05629,1.3803,6.6622,60.59,56.84,4.682,warning,0.387,medium
BINSP-05630,1.0876,5.5027,53.92,63.02,3.423,pass,0.2732,medium
BINSP-05631,1.4168,6.8207,59.82,64.56,4.227,pass,0.3757,medium
BINSP-05632,0.5528,3.5018,53.14,60.04,3.706,pass,0.1798,low
BINSP-05633,0.9742,5.2717,48.91,63.6,2.569,pass,0.2419,low
BINSP-05634,1.3312,6.5548,62.86,55.13,2.582,warning,0.3895,medium
BINSP-05635,0.9528,4.7123,53.25,62.4,2.828,pass,0.229,low
BINSP-05636,0.749,4.336,53.34,57.46,2.73,pass,0.2382,low
BINSP-05637,1.5802,7.6032,64.92,63.56,4.548,warning,0.4092,medium
BINSP-05638,1.1685,5.189,49.42,61.37,2.626,pass,0.2231,low
BINSP-05639,1.7911,8.6061,66.75,66.11,4.84,warning,0.4923,medium
BINSP-05640,1.7213,8.1398,63.47,60.89,6.633,warning,0.4133,medium
BINSP-05641,0.4548,1.6,42.58,60.79,0.994,pass,0.0553,low
BINSP-05642,0.26,2.9315,43.74,63.73,1.082,pass,0.1108,low
BINSP-05643,0.736,4.3561,42.96,60.89,1.202,pass,0.1327,low
BINSP-05644,1.9876,8.1088,72.22,67.15,6.026,warning,0.5447,high
BINSP-05645,0.7619,4.404,48.19,59.86,3.261,pass,0.1933,low
BINSP-05646,1.3105,4.97,50.62,57.23,3.825,pass,0.2983,medium
BINSP-05647,1.1844,4.61,53.1,60.49,1.86,pass,0.2179,low
BINSP-05648,1.7807,7.5031,64.28,61.75,5.449,warning,0.403,medium
BINSP-05649,2.2,9.6842,66.56,56.29,5.613,warning,0.5456,high
BINSP-05650,1.2381,5.0946,52.79,57.86,2.788,pass,0.2811,medium
BINSP-05651,1.5372,6.8765,61.06,59.54,3.501,pass,0.3494,medium
BINSP-05652,0.8269,3.1244,53.29,61.67,2.817,pass,0.1772,low
BINSP-05653,0.856,4.573,43.02,55.97,2.668,pass,0.2373,low
BINSP-05654,0.5294,4.7532,43.48,59.03,4.031,pass,0.1895,low
BINSP-05655,0.8936,4.0625,44.71,60.71,1.631,pass,0.1518,low
BINSP-05656,0.4345,3.7934,40.56,59.7,1.038,pass,0.1077,low
BINSP-05657,1.2471,6.7993,62.67,60.38,3.87,pass,0.3244,medium
BINSP-05658,1.0619,5.7517,59.14,56.27,3.644,pass,0.3373,medium
BINSP-05659,0.439,4.6862,47.0,62.48,3.804,pass,0.1835,low
BINSP-05660,1.3344,5.1437,53.42,59.18,2.812,pass,0.2716,medium
BINSP-05661,1.7405,5.7312,60.19,63.68,5.09,pass,0.3755,medium
BINSP-05662,0.6897,3.4118,39.38,59.28,1.724,pass,0.1288,low
BINSP-05663,0.5986,2.844,39.91,62.26,2.465,pass,0.1147,low
BINSP-05664,2.2357,9.5235,70.74,55.82,4.982,warning,0.5586,high
BINSP-05665,0.681,2.9159,37.93,65.38,2.506,pass,0.1627,low
BINSP-05666,1.9747,8.6069,75.63,66.25,5.144,warning,0.5412,high
BINSP-05667,0.5651,4.9919,42.94,64.47,1.905,pass,0.192,low
BINSP-05668,1.4814,4.2024,47.08,59.68,2.846,pass,0.2347,low
BINSP-05669,0.4001,4.8239,45.99,61.98,1.881,pass,0.1496,low
BINSP-05670,1.3387,5.9133,59.04,61.98,4.366,pass,0.3124,medium
BINSP-05671,0.8973,5.3231,57.44,63.82,3.829,pass,0.2847,medium
BINSP-05672,0.8913,4.548,46.87,60.13,2.589,pass,0.189,low
BINSP-05673,0.794,5.3426,47.41,62.53,2.319,pass,0.2064,low
BINSP-05674,0.9485,6.1486,58.14,61.2,4.534,pass,0.2764,medium
BINSP-05675,0.8986,4.3666,44.76,59.6,2.291,pass,0.183,low
BINSP-05676,2.1655,9.2627,62.37,60.38,5.831,warning,0.4619,medium
BINSP-05677,2.1995,8.6924,72.81,52.8,5.556,warning,0.5985,high
BINSP-05678,0.9663,5.6812,53.37,62.01,4.267,pass,0.2611,medium
BINSP-05679,1.1052,5.6101,52.86,58.55,2.772,pass,0.2717,medium
BINSP-05680,1.8742,6.8656,68.69,56.7,3.326,warning,0.4397,medium
BINSP-05681,2.0469,8.918,69.85,67.8,5.117,warning,0.5559,high
BINSP-05682,0.4729,3.701,41.96,61.8,2.289,pass,0.1208,low
BINSP-05683,0.7519,5.1445,47.07,58.12,3.425,pass,0.2317,low
BINSP-05684,2.0467,8.4464,68.87,60.48,7.356,warning,0.4759,medium
BINSP-05685,1.0834,4.5576,48.05,57.77,2.796,pass,0.2446,low
BINSP-05686,1.5912,6.4981,59.19,61.03,5.756,pass,0.345,medium
BINSP-05687,1.8311,8.5988,64.5,63.64,5.382,warning,0.4568,medium
BINSP-05688,1.0282,4.4011,45.14,60.68,3.145,pass,0.1883,low
BINSP-05689,0.3521,3.3347,46.77,60.72,2.263,pass,0.113,low
BINSP-05690,1.7592,6.1041,57.01,56.96,4.586,warning,0.3879,medium
BINSP-05691,1.0417,4.0282,49.03,62.6,1.224,pass,0.1911,low
BINSP-05692,0.9939,3.7568,51.9,58.84,4.218,pass,0.2363,low
BINSP-05693,0.4255,2.34,43.2,62.22,1.757,pass,0.0944,low
BINSP-05694,0.8044,5.1182,41.88,61.61,1.402,pass,0.1591,low
BINSP-05695,1.1584,6.4319,53.99,59.98,3.808,pass,0.2866,medium
BINSP-05696,0.9818,6.0843,56.98,61.9,2.632,pass,0.2613,medium
BINSP-05697,0.573,3.9759,51.74,60.82,3.575,pass,0.1727,low
BINSP-05698,1.2867,7.1239,51.54,58.02,3.235,pass,0.3239,medium
BINSP-05699,0.5606,4.2262,47.79,60.57,1.595,pass,0.1435,low
BINSP-05700,1.7115,7.51,63.49,63.06,3.892,warning,0.3965,medium
BINSP-05701,1.2503,5.6851,44.08,60.42,3.769,pass,0.2377,low
BINSP-05702,0.5036,4.5949,42.89,62.18,2.847,pass,0.1565,low
BINSP-05703,1.3925,5.8861,59.92,60.29,4.306,pass,0.3138,medium
BINSP-05704,0.2826,2.9892,36.59,61.64,1.192,pass,0.0592,low
BINSP-05705,1.0058,5.656,51.54,64.07,2.961,pass,0.2726,medium
BINSP-05706,0.3376,3.229,46.42,60.2,2.339,pass,0.1175,low
BINSP-05707,0.5351,3.4077,45.86,59.22,2.63,pass,0.1514,low
BINSP-05708,1.4333,6.2056,61.47,61.65,3.505,pass,0.3179,medium
BINSP-05709,1.905,7.5843,60.41,58.54,3.986,warning,0.4086,medium
BINSP-05710,1.0309,5.6847,51.85,62.99,3.358,pass,0.2646,medium
BINSP-05711,0.9064,5.6896,63.01,58.05,3.915,pass,0.3146,medium
BINSP-05712,2.2353,7.581,69.23,59.21,6.289,warning,0.4794,medium
BINSP-05713,1.8482,5.7025,69.76,63.16,5.492,warning,0.412,medium
BINSP-05714,0.6768,4.4529,52.16,59.42,2.387,pass,0.1978,low
BINSP-05715,1.2502,6.6405,63.27,54.79,4.458,warning,0.4144,medium
BINSP-05716,1.9779,7.3769,67.02,60.27,5.217,warning,0.4208,medium
BINSP-05717,0.842,5.4803,54.82,60.04,3.37,pass,0.2417,low
BINSP-05718,0.933,3.781,48.52,62.28,2.552,pass,0.1879,low
BINSP-05719,0.9474,4.7693,52.77,62.14,1.724,pass,0.211,low
BINSP-05720,0.7782,4.1644,48.35,59.21,3.67,pass,0.2049,low
BINSP-05721,0.2979,3.3417,42.54,60.33,2.765,pass,0.1069,low
BINSP-05722,0.882,6.2615,56.89,56.76,3.423,pass,0.317,medium
BINSP-05723,0.8345,5.3941,48.85,66.06,4.614,pass,0.2956,medium
BINSP-05724,0.4338,4.3381,42.24,60.52,1.65,pass,0.1192,low
BINSP-05725,1.2616,6.265,62.58,62.82,4.529,pass,0.3404,medium
BINSP-05726,0.9008,4.0465,46.5,58.7,2.843,pass,0.2028,low
BINSP-05727,0.6709,4.3905,49.36,61.51,1.984,pass,0.1657,low
BINSP-05728,0.9856,5.1671,56.61,63.81,3.688,pass,0.2833,medium
BINSP-05729,0.7893,5.1208,49.75,62.58,3.091,pass,0.2195,low
BINSP-05730,1.2101,3.6159,48.36,61.26,1.898,pass,0.1807,low
BINSP-05731,1.0791,6.3222,57.29,62.16,2.614,pass,0.2778,medium
BINSP-05732,1.5755,4.3996,55.31,58.53,3.225,pass,0.2951,medium
BINSP-05733,1.6803,7.0279,62.9,66.89,4.863,warning,0.4517,medium
BINSP-05734,1.1966,5.262,51.8,63.63,3.429,pass,0.2781,medium
BINSP-05735,1.1716,6.2012,56.21,60.75,4.557,pass,0.2879,medium
BINSP-05736,0.9627,4.6275,47.05,61.63,2.351,pass,0.1898,low
BINSP-05737,0.4767,3.0166,47.8,59.78,3.748,pass,0.1509,low
BINSP-05738,1.8533,6.6737,59.29,58.69,4.046,warning,0.3812,medium
BINSP-05739,0.7461,2.4287,46.84,58.07,2.858,pass,0.1701,low
BINSP-05740,1.5663,4.939,51.0,57.0,2.519,pass,0.305,medium
BINSP-05741,2.1275,6.7858,66.79,63.32,5.219,warning,0.4428,medium
BINSP-05742,0.6464,2.631,39.35,62.54,1.817,pass,0.1084,low
BINSP-05743,1.8858,7.2211,67.74,58.49,4.321,warning,0.4295,medium
BINSP-05744,1.2388,5.85,59.89,61.74,3.275,pass,0.2901,medium
BINSP-05745,1.6491,6.0786,62.92,60.7,4.081,pass,0.3373,medium
BINSP-05746,0.9221,5.5748,57.01,61.13,4.224,pass,0.2546,medium
BINSP-05747,0.8063,5.2002,52.05,57.97,2.356,pass,0.2431,low
BINSP-05748,1.1537,5.7651,56.41,60.95,3.68,pass,0.2651,medium
BINSP-05749,1.0566,5.5841,53.74,60.68,3.848,pass,0.2515,medium
BINSP-05750,1.2415,6.1959,61.57,61.14,5.333,pass,0.3187,medium
BINSP-05751,1.371,6.8646,58.65,62.8,4.145,pass,0.342,medium
BINSP-05752,0.9252,3.0968,48.58,58.07,3.195,pass,0.2063,low
BINSP-05753,1.2071,5.1495,50.08,62.84,3.107,pass,0.2552,medium
BINSP-05754,1.5872,7.1564,62.07,64.88,3.717,warning,0.4009,medium
BINSP-05755,0.8792,4.456,47.89,58.07,2.524,pass,0.2198,low
BINSP-05756,1.5762,8.0684,65.3,62.9,4.978,warning,0.4147,medium
BINSP-05757,1.3631,5.673,61.9,62.81,4.776,pass,0.3363,medium
BINSP-05758,1.9985,7.2031,65.62,55.96,5.358,warning,0.4803,medium
BINSP-05759,2.1202,7.6963,74.14,64.8,5.478,warning,0.5107,high
BINSP-05760,1.1025,3.5957,56.88,61.4,3.22,pass,0.2194,low
BINSP-05761,0.9551,4.1618,48.41,61.45,4.331,pass,0.2055,low
BINSP-05762,0.9338,4.7234,43.41,62.21,2.142,pass,0.1835,low
BINSP-05763,0.8124,3.7863,42.67,63.65,1.503,pass,0.1676,low
BINSP-05764,0.9773,4.1769,48.42,59.69,3.244,pass,0.2073,low
BINSP-05765,1.5155,6.8849,62.29,65.42,5.335,warning,0.4186,medium
BINSP-05766,0.5295,3.7689,40.41,62.43,1.074,pass,0.1158,low
BINSP-05767,0.8284,2.7973,44.58,60.1,1.952,pass,0.1345,low
BINSP-05768,1.7977,6.6011,65.37,61.72,5.139,warning,0.3857,medium
BINSP-05769,0.5346,2.4892,48.75,58.98,2.453,pass,0.1442,low
BINSP-05770,0.9822,5.0639,46.95,62.19,1.957,pass,0.2032,low
BINSP-05771,0.8095,3.8757,49.46,62.74,2.45,pass,0.1897,low
BINSP-05772,0.8542,4.3325,54.19,59.4,3.494,pass,0.2285,low
BINSP-05773,1.2267,6.0692,53.7,61.06,3.628,pass,0.2667,medium
BINSP-05774,0.6764,3.9808,50.63,60.25,2.888,pass,0.1767,low
BINSP-05775,1.4085,5.7958,55.05,63.37,3.731,pass,0.3147,medium
BINSP-05776,1.4256,5.7587,58.99,62.41,5.47,pass,0.3349,medium
BINSP-05777,0.9047,4.0726,52.08,59.08,2.712,pass,0.2152,low
BINSP-05778,0.9145,3.9228,44.66,58.36,2.022,pass,0.1903,low
BINSP-05779,2.6064,8.7795,78.02,57.56,7.537,warning,0.5995,high
BINSP-05780,1.2721,6.3108,54.51,56.83,4.303,pass,0.3472,medium
BINSP-05781,1.432,6.7957,57.24,63.99,4.263,pass,0.3594,medium
BINSP-05782,1.7378,8.5012,62.94,55.74,5.978,warning,0.4894,medium
BINSP-05783,0.6982,3.6557,47.09,59.73,1.716,pass,0.1535,low
BINSP-05784,1.0417,5.1775,52.15,64.59,3.573,pass,0.2828,medium
BINSP-05785,0.9501,5.1641,46.54,58.42,3.379,pass,0.2394,low
BINSP-05786,1.4645,4.4051,49.65,62.29,2.935,pass,0.2469,low
BINSP-05787,1.048,4.5421,48.08,63.33,3.251,pass,0.2339,low
BINSP-05788,0.5146,3.7713,45.07,61.29,1.479,pass,0.1183,low
BINSP-05789,0.3998,4.1965,44.24,63.0,2.43,pass,0.1529,low
BINSP-05790,0.8815,3.4179,40.2,63.67,0.787,pass,0.1483,low
BINSP-05791,0.8113,4.6342,51.73,62.81,2.127,pass,0.2099,low
BINSP-05792,0.9179,3.7918,50.97,62.55,2.464,pass,0.1983,low
BINSP-05793,1.3236,3.7395,48.85,61.84,3.83,pass,0.2248,low
BINSP-05794,0.26,3.1416,40.57,63.63,0.753,pass,0.0987,low
BINSP-05795,1.424,3.5881,56.99,62.1,4.398,pass,0.2672,medium
BINSP-05796,1.5379,7.0989,62.59,61.29,4.383,pass,0.3522,medium
BINSP-05797,1.3607,5.7866,53.29,58.76,5.004,pass,0.3184,medium
BINSP-05798,0.7786,2.2111,47.75,59.24,1.848,pass,0.1416,low
BINSP-05799,1.6735,7.7385,64.28,60.51,3.535,pass,0.3731,medium
BINSP-05800,2.0236,7.67,66.96,60.5,3.864,warning,0.41,medium
BINSP-05801,1.1661,5.208,52.1,62.37,3.493,pass,0.2578,medium
BINSP-05802,1.8111,8.7561,63.72,62.69,5.619,warning,0.4444,medium
BINSP-05803,1.396,6.1353,62.85,63.6,4.314,pass,0.3574,medium
BINSP-05804,1.3869,6.4468,63.2,56.27,4.568,warning,0.3991,medium
BINSP-05805,1.5856,5.3242,55.18,61.93,4.619,pass,0.3074,medium
BINSP-05806,0.8517,5.7275,52.75,59.07,2.565,pass,0.2452,low
BINSP-05807,1.2404,5.4763,48.8,64.77,3.603,pass,0.2946,medium
BINSP-05808,1.002,4.463,53.35,58.25,4.028,pass,0.2625,medium
BINSP-05809,1.8709,7.6253,66.59,61.43,5.608,warning,0.4168,medium
BINSP-05810,2.0781,8.2036,69.46,62.15,6.163,warning,0.4704,medium
BINSP-05811,0.7954,4.0694,44.37,62.6,2.413,pass,0.1729,low
BINSP-05812,0.8583,4.1902,48.25,62.32,3.571,pass,0.2026,low
BINSP-05813,0.6342,3.9967,57.82,62.34,3.552,pass,0.2152,low
BINSP-05814,0.6603,4.2434,48.39,60.58,4.496,pass,0.1877,low
BINSP-05815,1.1073,6.9517,59.75,63.41,4.456,pass,0.3415,medium
BINSP-05816,1.9277,7.8929,62.11,63.0,4.722,warning,0.424,medium
BINSP-05817,1.0776,3.9548,51.47,64.34,2.867,pass,0.2463,low
BINSP-05818,1.6284,6.3608,64.46,64.49,4.328,warning,0.3976,medium
BINSP-05819,0.3852,3.9067,45.44,61.46,1.669,pass,0.1179,low
BINSP-05820,0.9461,6.3929,57.18,63.04,2.434,pass,0.2803,medium
BINSP-05821,0.4903,3.4346,47.75,58.05,2.111,pass,0.1664,low
BINSP-05822,1.0164,3.5253,49.5,60.65,3.321,pass,0.1874,low
BINSP-05823,0.9454,4.9975,53.14,60.06,3.256,pass,0.2321,low
BINSP-05824,1.6393,8.2128,60.98,64.25,6.023,warning,0.4403,medium
BINSP-05825,0.673,4.3314,47.74,62.96,2.88,pass,0.1918,low
BINSP-05826,1.0917,4.1594,60.19,58.85,3.603,pass,0.2719,medium
BINSP-05827,1.943,9.2215,71.82,68.84,5.096,warning,0.5767,high
BINSP-05828,0.7065,2.9036,50.27,59.81,2.829,pass,0.162,low
BINSP-05829,1.556,6.0865,63.27,62.21,4.182,pass,0.3469,medium
BINSP-05830,0.839,3.8558,46.22,61.97,1.325,pass,0.1554,low
BINSP-05831,0.8627,4.1302,46.93,63.5,1.657,pass,0.1921,low
BINSP-05832,0.9206,4.842,49.84,61.71,3.917,pass,0.2205,low
BINSP-05833,0.7482,4.5357,50.88,60.9,1.713,pass,0.17,low
BINSP-05834,1.5982,6.5124,63.41,60.3,3.739,pass,0.346,medium
BINSP-05835,1.6175,5.5736,57.77,62.64,3.345,pass,0.3189,medium
BINSP-05836,1.2117,6.1244,54.26,57.8,4.711,pass,0.3288,medium
BINSP-05837,0.6012,3.2101,52.36,62.24,1.685,pass,0.1547,low
BINSP-05838,1.3441,6.9672,62.14,56.24,3.9,warning,0.3955,medium
BINSP-05839,0.9231,5.6408,51.24,63.52,3.871,pass,0.268,medium
BINSP-05840,0.9334,4.755,51.94,61.59,4.036,pass,0.2264,low
BINSP-05841,0.6339,3.99,43.81,60.66,2.308,pass,0.1376,low
BINSP-05842,0.7906,4.0185,50.17,60.02,3.023,pass,0.1891,low
BINSP-05843,1.1418,5.1305,52.52,61.19,3.252,pass,0.2353,low
BINSP-05844,1.5319,5.5436,52.43,59.35,2.249,pass,0.281,medium
BINSP-05845,1.9621,7.4055,64.61,61.59,5.387,warning,0.412,medium
BINSP-05846,2.2857,8.3449,70.07,60.06,6.86,warning,0.4953,medium
BINSP-05847,1.0291,4.2038,54.03,59.54,3.197,pass,0.2323,low
BINSP-05848,1.8438,6.8369,62.19,61.34,4.893,pass,0.3743,medium
BINSP-05849,1.712,5.3865,61.59,55.17,3.482,warning,0.3993,medium
BINSP-05850,1.1086,5.1285,48.03,60.08,2.747,pass,0.2227,low
BINSP-05851,0.8417,3.2613,53.46,65.29,1.677,pass,0.2223,low
BINSP-05852,1.1113,5.4265,54.09,57.96,3.658,pass,0.292,medium
BINSP-05853,0.5914,5.5763,50.32,65.31,4.663,pass,0.2762,medium
BINSP-05854,1.4129,6.6262,60.22,60.84,3.863,pass,0.3175,medium
BINSP-05855,1.1937,6.3725,55.58,54.4,3.982,pass,0.3792,medium
BINSP-05856,1.1721,5.1214,53.73,60.16,4.979,pass,0.2719,medium
BINSP-05857,1.3929,5.2177,54.18,55.67,4.07,pass,0.3475,medium
BINSP-05858,0.7684,4.9228,47.17,59.75,2.431,pass,0.1924,low
BINSP-05859,0.3809,4.5465,45.21,63.37,1.989,pass,0.1621,low
BINSP-05860,0.596,2.5915,42.45,60.63,0.417,pass,0.0802,low
BINSP-05861,0.2249,3.9817,45.41,60.05,2.662,pass,0.1271,low
BINSP-05862,1.4196,4.2297,49.78,59.56,2.049,pass,0.2322,low
BINSP-05863,1.9349,4.9882,62.43,62.3,4.689,pass,0.3566,medium
BINSP-05864,1.3425,6.7229,66.37,54.72,5.523,warning,0.447,medium
BINSP-05865,0.6463,3.2162,45.53,62.75,1.816,pass,0.1442,low
BINSP-05866,1.2405,4.3251,61.28,62.67,3.629,pass,0.2827,medium
BINSP-05867,0.9767,3.9382,48.39,59.64,3.834,pass,0.2102,low
BINSP-05868,1.0296,4.5692,52.84,59.85,2.86,pass,0.2269,low
BINSP-05869,0.928,3.5092,48.43,64.28,3.911,pass,0.2281,low
BINSP-05870,0.8131,5.8311,49.78,61.27,3.804,pass,0.2244,low
BINSP-05871,1.8183,6.7094,62.11,68.57,5.539,warning,0.4858,medium
BINSP-05872,1.0174,4.9719,47.78,62.0,2.592,pass,0.2115,low
BINSP-05873,0.5203,3.5736,41.3,58.27,2.441,pass,0.1502,low
BINSP-05874,1.9436,6.3866,61.65,59.87,4.49,pass,0.3776,medium
BINSP-05875,1.7249,6.6291,62.7,60.2,4.448,pass,0.3649,medium
BINSP-05876,1.0866,4.7933,49.33,63.01,2.141,pass,0.2277,low
BINSP-05877,0.8614,4.1617,53.9,64.32,3.26,pass,0.2476,low
BINSP-05878,1.2051,5.3011,52.35,63.44,4.191,pass,0.2877,medium
BINSP-05879,1.1485,5.7251,57.48,59.59,4.336,pass,0.2958,medium
BINSP-05880,0.7143,4.365,50.88,61.45,1.188,pass,0.163,low
BINSP-05881,1.1598,6.0995,58.63,58.78,1.793,pass,0.2897,medium
BINSP-05882,0.8245,4.5618,45.64,63.81,2.237,pass,0.2051,low
BINSP-05883,1.2257,4.9499,59.74,62.17,4.608,pass,0.2931,medium
BINSP-05884,0.6959,4.0641,49.6,63.71,1.785,pass,0.1924,low
BINSP-05885,1.9019,6.3704,62.32,60.24,5.755,warning,0.3862,medium
BINSP-05886,0.7643,5.5935,53.12,59.24,3.196,pass,0.2425,low
BINSP-05887,1.3261,5.4191,56.24,60.93,1.48,pass,0.2438,low
BINSP-05888,0.833,4.1164,51.58,62.25,3.305,pass,0.2063,low
BINSP-05889,1.1743,4.423,52.52,62.25,2.929,pass,0.2355,low
BINSP-05890,0.9853,5.5127,48.1,63.57,2.744,pass,0.2465,low
BINSP-05891,1.095,5.7838,58.27,59.35,4.458,pass,0.301,medium
BINSP-05892,0.3744,4.8867,48.56,62.12,0.875,pass,0.1476,low
BINSP-05893,0.3113,4.1315,46.31,60.04,1.316,pass,0.1233,low
BINSP-05894,1.0664,6.075,52.8,60.11,3.926,pass,0.2684,medium
BINSP-05895,0.9813,3.791,45.79,57.64,3.038,pass,0.2193,low
BINSP-05896,1.4549,6.2655,60.73,61.45,4.422,pass,0.3261,medium
BINSP-05897,1.1696,5.6148,50.44,62.09,2.685,pass,0.2466,low
BINSP-05898,0.5364,3.4529,54.19,60.29,3.407,pass,0.1738,low
BINSP-05899,0.9152,4.0734,47.41,62.01,1.717,pass,0.1746,low
BINSP-05900,1.4758,6.6902,62.69,65.49,3.318,warning,0.3901,medium
BINSP-05901,0.8378,4.9862,48.89,61.04,3.007,pass,0.1933,low
BINSP-05902,1.3033,5.8833,56.42,57.81,2.233,pass,0.3079,medium
BINSP-05903,0.8414,5.7973,49.79,61.64,3.501,pass,0.2278,low
BINSP-05904,1.1279,7.3267,59.98,63.39,3.645,pass,0.3412,medium
BINSP-05905,0.2679,5.3179,44.75,59.39,1.986,pass,0.1565,low
BINSP-05906,0.3971,2.2535,43.72,64.59,2.395,pass,0.1356,low
BINSP-05907,1.0521,6.5024,52.46,61.34,2.827,pass,0.2533,medium
BINSP-05908,0.5454,4.1579,38.05,63.83,1.208,pass,0.1394,low
BINSP-05909,1.1976,4.6478,44.16,58.7,1.424,pass,0.2111,low
BINSP-05910,1.112,5.7691,54.49,54.83,4.128,pass,0.3528,medium
BINSP-05911,1.3983,6.4835,63.26,62.92,5.096,pass,0.3651,medium
BINSP-05912,0.9705,4.4195,52.33,57.89,3.004,pass,0.2491,low
BINSP-05913,1.6577,6.7898,65.66,58.9,5.818,warning,0.4093,medium
BINSP-05914,0.4607,5.0669,45.82,60.73,2.741,pass,0.1578,low
BINSP-05915,0.5478,5.1177,48.24,62.27,3.208,pass,0.1938,low
BINSP-05916,1.2783,6.1881,63.88,63.92,3.386,pass,0.3472,medium
BINSP-05917,1.1744,4.6661,57.33,63.53,3.647,pass,0.2844,medium
BINSP-05918,1.1967,4.6554,52.26,60.72,4.542,pass,0.2458,low
BINSP-05919,1.7289,6.8169,67.58,62.42,5.135,warning,0.4031,medium
BINSP-05920,1.3399,5.7818,54.26,63.89,3.904,pass,0.3168,medium
BINSP-05921,1.6684,7.0617,65.98,54.35,4.445,warning,0.4683,medium
BINSP-05922,1.6665,7.5686,60.65,61.56,4.713,pass,0.3721,medium
BINSP-05923,1.3308,6.1435,57.2,62.06,3.19,pass,0.2972,medium
BINSP-05924,2.0704,8.7375,74.24,60.07,5.961,warning,0.491,medium
BINSP-05925,1.8182,6.4192,59.89,64.0,2.574,pass,0.3684,medium
BINSP-05926,0.7104,3.8752,44.26,60.93,2.571,pass,0.1415,low
BINSP-05927,0.4904,4.6762,47.72,59.58,1.16,pass,0.1569,low
BINSP-05928,2.0393,7.2834,69.85,60.47,5.546,warning,0.4338,medium
BINSP-05929,1.1218,5.8321,49.47,59.38,2.923,pass,0.2551,medium
BINSP-05930,1.7006,4.7783,52.99,63.4,3.703,pass,0.3084,medium
BINSP-05931,0.6883,4.5966,42.82,62.97,2.214,pass,0.1737,low
BINSP-05932,1.2742,6.6107,52.89,61.4,2.886,pass,0.2744,medium
BINSP-05933,0.6643,4.2323,50.87,62.2,1.519,pass,0.172,low
BINSP-05934,1.411,6.7347,59.33,58.85,4.605,pass,0.3554,medium
BINSP-05935,1.4947,5.6803,59.93,63.66,5.2,pass,0.357,medium
BINSP-05936,0.7637,3.7183,45.46,63.61,2.022,pass,0.1777,low
BINSP-05937,0.5634,3.3007,44.04,57.84,2.428,pass,0.1634,low
BINSP-05938,1.2264,6.2137,53.46,64.38,2.592,pass,0.3062,medium
BINSP-05939,1.1414,6.4762,56.79,59.93,3.98,pass,0.2986,medium
BINSP-05940,1.5882,5.8932,53.4,61.43,4.027,pass,0.2983,medium
BINSP-05941,1.3989,4.3846,60.84,56.67,4.12,pass,0.3395,medium
BINSP-05942,0.8384,5.3807,43.77,61.94,1.704,pass,0.1817,low
BINSP-05943,1.7731,7.3452,60.42,62.89,3.2,pass,0.3763,medium
BINSP-05944,0.5459,3.8177,47.66,62.23,1.514,pass,0.1448,low
BINSP-05945,1.1507,5.3014,51.77,63.31,3.392,pass,0.2703,medium
BINSP-05946,1.245,5.737,57.32,59.22,5.227,pass,0.3186,medium
BINSP-05947,0.8281,3.1907,46.35,64.62,2.506,pass,0.1957,low
BINSP-05948,1.2092,4.3153,53.89,60.83,3.354,pass,0.2294,low
BINSP-05949,1.394,4.9874,51.06,64.22,3.976,pass,0.2997,medium
BINSP-05950,1.5849,7.3563,65.69,62.83,5.435,warning,0.4068,medium
BINSP-05951,0.88,4.2329,49.34,58.39,1.292,pass,0.2007,low
BINSP-05952,0.8588,3.5463,47.24,62.87,2.299,pass,0.1793,low
BINSP-05953,1.1825,5.7018,51.98,62.2,3.188,pass,0.2622,medium
BINSP-05954,0.969,3.6893,52.32,62.59,3.285,pass,0.2148,low
BINSP-05955,0.9609,4.5369,52.07,60.59,2.938,pass,0.2085,low
BINSP-05956,1.3182,6.2535,55.52,60.94,3.581,pass,0.2826,medium
BINSP-05957,0.869,5.2771,45.84,58.84,2.004,pass,0.2108,low
BINSP-05958,1.3528,6.0417,59.74,64.4,3.507,pass,0.3443,medium
BINSP-05959,0.6659,3.4766,43.88,60.6,0.437,pass,0.1084,low
BINSP-05960,0.7634,3.8757,50.01,59.7,2.402,pass,0.1811,low
BINSP-05961,1.1958,6.5332,47.97,62.71,2.97,pass,0.2712,medium
BINSP-05962,1.2845,4.783,56.89,58.91,3.305,pass,0.2825,medium
BINSP-05963,1.005,5.4903,56.73,61.05,3.528,pass,0.2483,low
BINSP-05964,0.6859,5.7059,47.31,62.84,2.851,pass,0.2166,low
BINSP-05965,0.9084,5.3565,52.29,64.75,2.175,pass,0.2629,medium
BINSP-05966,0.6865,4.625,48.5,62.49,2.258,pass,0.1867,low
BINSP-05967,1.8015,6.6351,60.92,59.89,5.392,warning,0.3805,medium
BINSP-05968,1.5753,5.1339,50.37,60.09,3.214,pass,0.2694,medium
BINSP-05969,1.1776,6.893,54.69,61.58,2.932,pass,0.2825,medium
BINSP-05970,0.9868,5.9795,50.67,62.74,2.657,pass,0.251,medium
BINSP-05971,0.4846,3.2054,34.14,64.3,1.272,pass,0.1106,low
BINSP-05972,0.3563,2.2398,41.81,60.85,2.884,pass,0.0801,low
BINSP-05973,0.63,2.7626,44.05,62.7,2.954,pass,0.1419,low
BINSP-05974,1.1415,5.4638,55.59,62.07,4.117,pass,0.2759,medium
BINSP-05975,2.0491,8.1764,68.1,65.98,4.875,warning,0.5051,high
BINSP-05976,1.4028,4.4039,57.98,60.6,3.097,pass,0.2591,medium
BINSP-05977,0.5558,2.9577,43.4,63.2,0.77,pass,0.1196,low
BINSP-05978,1.2151,3.5604,47.65,63.83,2.84,pass,0.2274,low
BINSP-05979,0.6798,4.1927,44.16,59.52,1.145,pass,0.1494,low
BINSP-05980,1.1147,5.9564,54.9,65.73,4.6,pass,0.3423,medium
BINSP-05981,1.0397,4.2039,45.5,61.57,1.642,pass,0.1721,low
BINSP-05982,1.1488,4.3514,54.54,62.48,3.191,pass,0.2458,low
BINSP-05983,0.6591,4.2591,46.29,60.41,1.126,pass,0.1428,low
BINSP-05984,1.7053,6.3349,66.65,64.78,5.284,warning,0.4258,medium
BINSP-05985,1.6667,6.844,65.55,59.09,5.085,warning,0.399,medium
BINSP-05986,1.5638,7.1765,62.88,64.86,3.827,warning,0.4034,medium
BINSP-05987,1.409,6.4507,53.3,63.07,3.61,pass,0.316,medium
BINSP-05988,0.6806,4.2129,43.21,62.11,1.148,pass,0.141,low
BINSP-05989,0.688,2.4973,44.33,62.89,2.13,pass,0.1346,low
BINSP-05990,1.3172,4.3995,52.28,60.19,3.137,pass,0.2403,low
BINSP-05991,0.6543,4.397,38.74,59.87,1.493,pass,0.1322,low
BINSP-05992,1.1822,6.2193,54.84,65.52,2.792,pass,0.3273,medium
BINSP-05993,0.7576,3.586,41.92,59.14,2.245,pass,0.1541,low
BINSP-05994,1.4793,4.222,47.62,62.37,4.173,pass,0.2534,medium
BINSP-05995,0.6033,3.7151,48.43,58.44,1.534,pass,0.1696,low
BINSP-05996,1.463,6.3798,56.18,61.06,3.884,pass,0.3012,medium
BINSP-05997,0.4915,2.9657,44.12,58.39,2.007,pass,0.1385,low
BINSP-05998,1.3805,5.9337,54.82,57.3,3.26,pass,0.3291,medium
BINSP-05999,0.8385,3.5608,52.26,58.3,1.877,pass,0.2025,low
BINSP-06000,0.8261,4.9217,44.1,58.5,3.396,pass,0.2165,low
BINSP-06001,1.3111,5.1842,58.55,65.09,3.515,pass,0.3306,medium
BINSP-06002,1.8221,7.6055,65.9,57.69,5.113,warning,0.4479,medium
BINSP-06003,1.4587,4.8751,60.73,58.83,3.586,pass,0.3143,medium
BINSP-06004,0.7124,3.2674,46.73,61.12,2.588,pass,0.1388,low
BINSP-06005,1.5296,6.974,67.02,57.22,4.283,warning,0.4153,medium
BINSP-06006,1.1414,4.31,44.76,60.16,2.799,pass,0.197,low
BINSP-06007,1.0665,5.2271,63.48,60.51,4.629,pass,0.2901,medium
BINSP-06008,0.9391,4.2632,52.49,59.69,3.738,pass,0.226,low
BINSP-06009,1.4743,7.2936,61.13,57.52,3.173,pass,0.3799,medium
BINSP-06010,1.185,5.1676,56.06,64.59,4.199,pass,0.3135,medium
BINSP-06011,1.061,3.3795,50.71,58.68,2.096,pass,0.2064,low
BINSP-06012,2.024,7.5444,65.71,59.24,6.109,warning,0.4492,medium
BINSP-06013,1.3415,5.9206,56.52,59.93,3.895,pass,0.2999,medium
BINSP-06014,1.3522,4.1193,47.94,60.58,2.404,pass,0.2078,low
BINSP-06015,0.9072,3.8819,44.27,61.0,2.732,pass,0.1566,low
BINSP-06016,1.6516,7.1929,60.38,63.57,5.066,warning,0.3971,medium
BINSP-06017,0.8051,3.4399,47.63,61.65,1.062,pass,0.1416,low
BINSP-06018,1.3253,6.6672,58.27,61.05,4.995,pass,0.3174,medium
BINSP-06019,1.5678,7.8369,60.11,60.47,4.959,pass,0.3712,medium
BINSP-06020,1.5589,5.0819,58.86,62.85,3.896,pass,0.3183,medium
BINSP-06021,0.8256,3.289,50.21,58.92,2.522,pass,0.1877,low
BINSP-06022,1.6833,6.4869,61.31,57.96,4.76,warning,0.3917,medium
BINSP-06023,0.3242,2.3565,40.83,61.31,2.25,pass,0.0717,low
BINSP-06024,1.3229,4.429,55.18,59.84,2.262,pass,0.2459,low
BINSP-06025,1.1572,5.2258,49.86,61.35,2.739,pass,0.2256,low
BINSP-06026,0.5783,4.8517,47.3,61.44,3.537,pass,0.179,low
BINSP-06027,1.2474,3.8825,54.84,62.98,3.567,pass,0.2565,medium
BINSP-06028,1.1234,4.0737,50.42,61.98,3.082,pass,0.2156,low
BINSP-06029,0.6238,2.9049,47.97,59.52,2.051,pass,0.1434,low
BINSP-06030,0.7852,4.8012,49.91,59.38,2.409,pass,0.2058,low
BINSP-06031,0.6034,3.8168,46.96,62.88,1.719,pass,0.1588,low
BINSP-06032,0.9774,4.0991,49.99,58.87,2.961,pass,0.22,low
BINSP-06033,1.2184,5.9171,58.68,60.82,4.12,pass,0.2877,medium
BINSP-06034,1.2933,5.6791,59.54,63.5,5.375,pass,0.3411,medium
BINSP-06035,0.7287,3.9558,44.67,63.15,1.79,pass,0.1675,low
BINSP-06036,0.8213,3.7607,49.79,57.68,2.139,pass,0.2095,low
BINSP-06037,0.4447,4.0309,46.27,60.26,2.279,pass,0.139,low
BINSP-06038,1.249,6.4706,53.57,61.47,4.21,pass,0.289,medium
BINSP-06039,0.8787,2.4268,48.49,63.47,1.487,pass,0.1618,low
BINSP-06040,0.3643,3.5061,47.38,60.7,2.482,pass,0.1223,low
BINSP-06041,0.8196,5.3059,56.99,60.62,3.185,pass,0.233,low
BINSP-06042,0.7401,5.1531,50.89,62.82,2.769,pass,0.2203,low
BINSP-06043,0.9177,1.7597,49.64,62.9,1.958,pass,0.1524,low
BINSP-06044,0.2734,3.6846,43.72,62.12,2.001,pass,0.1136,low
BINSP-06045,1.1087,5.9352,52.92,65.01,3.071,pass,0.3056,medium
BINSP-06046,1.1728,6.4399,53.01,60.78,3.549,pass,0.2693,medium
BINSP-06047,0.9227,4.3156,47.56,62.53,2.694,pass,0.2,low
BINSP-06048,0.8381,3.6012,52.28,63.68,1.627,pass,0.2002,low
BINSP-06049,1.2326,5.5285,62.22,61.94,4.075,pass,0.3038,medium
BINSP-06050,1.2566,5.5551,54.06,59.1,4.485,pass,0.2976,medium
BINSP-06051,1.5773,6.5111,60.17,54.1,5.015,warning,0.4417,medium
BINSP-06052,1.0972,2.9329,48.54,56.3,2.751,pass,0.2364,low
BINSP-06053,1.1028,4.0622,55.29,61.55,3.197,pass,0.2253,low
BINSP-06054,1.7817,8.4452,64.55,60.47,4.798,warning,0.4118,medium
BINSP-06055,0.8639,4.1426,51.06,62.34,3.606,pass,0.2123,low
BINSP-06056,1.0551,6.2752,51.62,61.3,3.964,pass,0.2592,medium
BINSP-06057,1.2275,4.0626,56.9,61.08,2.753,pass,0.2273,low
BINSP-06058,0.8817,4.3124,46.69,62.21,2.564,pass,0.1876,low
BINSP-06059,1.2885,4.8547,50.52,62.04,2.388,pass,0.2358,low
BINSP-06060,0.8498,3.2193,45.15,63.57,1.767,pass,0.1692,low
BINSP-06061,0.6455,4.6009,43.67,60.88,2.398,pass,0.148,low
BINSP-06062,0.7065,2.9411,44.1,62.85,2.124,pass,0.1433,low
BINSP-06063,1.4529,5.0989,56.87,61.43,3.554,pass,0.2789,medium
BINSP-06064,0.966,6.3252,51.14,60.36,3.289,pass,0.2492,low
BINSP-06065,1.8001,7.6102,62.06,54.6,4.043,warning,0.4669,medium
BINSP-06066,0.7843,4.3508,42.84,61.94,2.978,pass,0.1693,low
BINSP-06067,1.2124,6.2697,53.52,58.81,3.478,pass,0.2993,medium
BINSP-06068,0.8953,4.9726,41.86,58.77,2.887,pass,0.2047,low
BINSP-06069,2.5932,8.4583,74.92,61.67,5.887,warning,0.5201,high
BINSP-06070,1.4636,6.8331,58.65,60.93,4.294,pass,0.3238,medium
BINSP-06071,0.4315,2.6391,40.15,62.71,2.271,pass,0.104,low
BINSP-06072,1.6772,5.3232,60.34,55.79,3.627,warning,0.3837,medium
BINSP-06073,1.326,5.3293,56.19,60.42,3.786,pass,0.2771,medium
BINSP-06074,1.4741,7.1225,59.63,68.33,5.385,warning,0.4557,medium
BINSP-06075,2.056,8.0857,58.49,61.03,3.123,pass,0.376,medium
BINSP-06076,2.2635,8.2812,69.48,61.19,6.03,warning,0.4693,medium
BINSP-06077,1.3941,5.7854,63.22,62.98,4.159,pass,0.3404,medium
BINSP-06078,0.7927,3.673,51.09,59.74,2.315,pass,0.1812,low
BINSP-06079,0.4844,3.493,44.79,58.26,2.983,pass,0.1645,low
BINSP-06080,0.5845,3.7771,46.35,59.88,2.439,pass,0.1518,low
BINSP-06081,0.4158,2.7342,39.39,62.53,1.021,pass,0.0845,low
BINSP-06082,0.8586,4.5996,43.75,59.35,1.837,pass,0.1798,low
BINSP-06083,1.2957,5.3694,57.5,62.13,3.29,pass,0.2825,medium
BINSP-06084,1.651,5.3222,59.24,60.64,5.275,pass,0.3251,medium
BINSP-06085,1.4686,7.5853,64.28,58.29,3.595,warning,0.3895,medium
BINSP-06086,1.6348,6.9371,62.16,59.99,4.018,pass,0.3608,medium
BINSP-06087,1.8405,7.7313,75.47,56.35,5.138,warning,0.5045,high
BINSP-06088,0.9712,3.9892,49.21,60.78,4.751,pass,0.2076,low
BINSP-06089,1.2097,4.6892,59.0,61.92,3.558,pass,0.2679,medium
BINSP-06090,0.6629,3.299,49.44,60.63,3.219,pass,0.1564,low
BINSP-06091,1.2347,6.359,55.07,63.23,3.852,pass,0.313,medium
BINSP-06092,1.1926,4.3705,49.79,56.62,2.554,pass,0.2691,medium
BINSP-06093,0.5765,3.2035,37.56,60.24,2.451,pass,0.1047,low
BINSP-06094,1.3517,5.8401,63.08,60.02,2.993,pass,0.3091,medium
BINSP-06095,0.7002,4.4169,44.78,60.02,2.404,pass,0.1651,low
BINSP-06096,1.6511,6.5677,66.08,59.57,3.855,pass,0.3722,medium
BINSP-06097,1.4348,7.1066,57.3,62.58,6.163,pass,0.3678,medium
BINSP-06098,0.7437,3.3728,45.02,57.98,1.848,pass,0.172,low
BINSP-06099,1.6337,6.8602,65.02,60.4,5.814,warning,0.3843,medium
BINSP-06100,0.6346,3.3149,43.79,60.82,2.072,pass,0.1189,low
BINSP-06101,0.7794,3.1391,44.64,62.89,2.937,pass,0.1646,low
BINSP-06102,0.6495,4.5882,48.86,62.29,3.222,pass,0.1931,low
BINSP-06103,0.3629,2.8705,41.83,60.19,2.047,pass,0.0932,low
BINSP-06104,0.7315,2.6258,45.14,60.66,1.372,pass,0.1106,low
BINSP-06105,0.2811,3.2779,37.6,61.77,1.952,pass,0.0794,low
BINSP-06106,0.5686,3.2851,43.73,63.05,1.583,pass,0.1357,low
BINSP-06107,1.3709,5.453,54.53,60.68,3.578,pass,0.2709,medium
BINSP-06108,1.776,7.8951,70.57,64.07,5.996,warning,0.4731,medium
BINSP-06109,1.295,4.4917,46.4,57.96,1.353,pass,0.2328,low
BINSP-06110,1.3121,5.7704,52.38,63.93,3.123,pass,0.2993,medium
BINSP-06111,0.8351,5.7529,47.2,57.49,2.891,pass,0.2534,medium
BINSP-06112,1.1734,7.427,53.69,58.68,3.666,pass,0.3244,medium
BINSP-06113,0.2386,2.7159,45.14,62.09,0.988,pass,0.0839,low
BINSP-06114,0.8265,5.2304,58.77,59.34,4.053,pass,0.2677,medium
BINSP-06115,1.1232,4.2376,49.63,60.92,2.913,pass,0.2006,low
BINSP-06116,0.6709,3.6843,44.36,64.27,1.938,pass,0.1757,low
BINSP-06117,0.9183,5.1936,50.41,60.17,2.281,pass,0.2115,low
BINSP-06118,0.08,3.659,41.94,63.1,3.774,pass,0.1292,low
BINSP-06119,0.8675,4.7712,52.2,60.72,3.708,pass,0.2142,low
BINSP-06120,1.9064,8.4815,66.59,56.32,4.715,warning,0.4896,medium
BINSP-06121,1.0913,6.336,56.47,60.74,4.152,pass,0.281,medium
BINSP-06122,1.3596,5.88,51.78,65.74,3.52,pass,0.3348,medium
BINSP-06123,1.4571,5.7612,52.85,61.4,4.984,pass,0.2955,medium
BINSP-06124,0.7764,5.0125,45.69,63.14,2.71,pass,0.2066,low
BINSP-06125,0.7905,4.3138,44.87,61.81,2.643,pass,0.1701,low
BINSP-06126,1.5245,5.6507,60.5,64.17,3.951,pass,0.3532,medium
BINSP-06127,0.5657,3.472,41.9,63.67,2.196,pass,0.1497,low
BINSP-06128,1.5925,8.3318,61.85,57.94,5.159,warning,0.4291,medium
BINSP-06129,1.196,5.5848,53.7,55.25,3.48,pass,0.3383,medium
BINSP-06130,1.3745,6.7186,57.75,63.83,4.942,pass,0.3612,medium
BINSP-06131,0.7954,3.8702,44.35,62.36,0.918,pass,0.1473,low
BINSP-06132,0.7685,3.3279,38.06,62.32,1.393,pass,0.1182,low
BINSP-06133,0.9633,4.3761,44.96,60.36,2.489,pass,0.1795,low
BINSP-06134,0.9621,4.9982,56.16,60.34,3.482,pass,0.242,low
BINSP-06135,1.7329,6.0646,60.89,57.6,3.94,warning,0.381,medium
BINSP-06136,1.2344,5.2402,49.49,59.6,2.367,pass,0.2414,low
BINSP-06137,2.0079,6.7133,73.73,62.07,5.36,warning,0.4392,medium
BINSP-06138,1.3842,5.9351,57.16,58.43,4.395,pass,0.3339,medium
BINSP-06139,2.0462,8.4371,66.96,57.72,4.68,warning,0.4784,medium
BINSP-06140,1.1986,6.3814,54.88,61.32,3.578,pass,0.2782,medium
BINSP-06141,2.7704,8.6783,77.26,61.27,6.693,warning,0.5489,high
BINSP-06142,1.4284,6.367,56.3,65.48,4.036,pass,0.3672,medium
BINSP-06143,0.9664,4.4778,49.69,60.31,2.612,pass,0.2,low
BINSP-06144,1.207,4.8969,46.39,60.24,2.488,pass,0.214,low
BINSP-06145,1.2103,4.4564,51.98,62.34,3.87,pass,0.2497,low
BINSP-06146,1.2922,5.483,50.64,60.29,3.072,pass,0.2524,medium
BINSP-06147,1.0077,3.7523,47.19,60.56,2.987,pass,0.1807,low
BINSP-06148,1.5301,6.7953,66.14,67.73,4.237,warning,0.4524,medium
BINSP-06149,0.9808,3.8113,53.83,61.45,3.896,pass,0.2135,low
BINSP-06150,1.1687,5.466,49.09,59.14,3.708,pass,0.2628,medium
BINSP-06151,0.5116,4.8149,54.88,58.75,3.807,pass,0.2295,low
BINSP-06152,0.611,3.9705,41.37,62.25,1.832,pass,0.1353,low
BINSP-06153,1.3485,4.756,48.57,61.27,1.739,pass,0.2123,low
BINSP-06154,0.5833,4.1984,49.83,63.09,3.419,pass,0.1982,low
BINSP-06155,1.0864,5.0892,50.85,63.21,3.058,pass,0.2528,medium
BINSP-06156,1.6906,6.2695,59.21,55.25,3.679,warning,0.4085,medium
BINSP-06157,1.0036,4.6903,52.7,61.13,4.425,pass,0.2305,low
BINSP-06158,1.3337,5.7245,56.49,63.71,3.814,pass,0.3188,medium
BINSP-06159,0.7065,4.1396,47.98,59.62,3.79,pass,0.1934,low
BINSP-06160,1.5111,4.2325,51.51,61.15,2.547,pass,0.2313,low
BINSP-06161,1.4154,6.2412,53.19,61.98,3.857,pass,0.2985,medium
BINSP-06162,1.675,5.5742,55.78,61.06,2.242,pass,0.2792,medium
BINSP-06163,2.0499,7.5142,65.6,60.38,4.214,warning,0.4101,medium
BINSP-06164,2.2646,9.6119,69.28,52.0,5.917,fail,0.626,high
BINSP-06165,0.9371,4.7613,53.5,59.71,3.422,pass,0.2352,low
BINSP-06166,1.001,5.005,50.16,59.44,4.093,pass,0.2454,low
BINSP-06167,0.8896,2.7506,41.78,60.13,2.458,pass,0.134,low
BINSP-06168,0.9477,5.6183,54.04,57.55,1.495,pass,0.2642,medium
BINSP-06169,1.5536,7.0072,57.92,63.49,3.708,pass,0.3605,medium
BINSP-06170,0.8752,4.0297,49.01,60.41,3.61,pass,0.1927,low
BINSP-06171,1.314,6.558,57.85,60.93,3.279,pass,0.2928,medium
BINSP-06172,0.8855,5.1415,49.94,63.62,3.364,pass,0.2464,low
BINSP-06173,0.5225,3.7787,46.17,62.28,1.135,pass,0.1336,low
BINSP-06174,1.4823,6.5995,60.96,62.18,5.458,pass,0.3589,medium
BINSP-06175,1.5458,6.4727,55.27,62.26,4.942,pass,0.3366,medium
BINSP-06176,1.3836,6.2248,61.35,62.98,5.892,pass,0.3629,medium
BINSP-06177,0.3141,3.1582,47.12,58.06,1.834,pass,0.1426,low
BINSP-06178,0.9338,4.6938,52.33,60.3,3.307,pass,0.2194,low
BINSP-06179,1.4559,6.269,53.94,60.35,4.848,pass,0.3113,medium
BINSP-06180,0.8792,4.9528,57.46,61.83,5.522,pass,0.2666,medium
BINSP-06181,0.7689,3.1129,47.03,63.42,1.038,pass,0.1567,low
BINSP-06182,2.2983,7.0981,73.37,64.35,4.492,warning,0.4902,medium
BINSP-06183,1.0378,4.8781,51.45,67.37,4.021,pass,0.3211,medium
BINSP-06184,1.3607,6.0976,54.01,65.11,2.873,pass,0.3296,medium
BINSP-06185,1.2217,5.585,56.19,61.43,3.391,pass,0.2679,medium
BINSP-06186,0.5883,3.8953,39.9,61.35,2.062,pass,0.1165,low
BINSP-06187,0.9606,6.2953,51.38,62.12,4.563,pass,0.2715,medium
BINSP-06188,0.8177,5.3255,51.69,59.45,3.032,pass,0.2311,low
BINSP-06189,1.3084,5.1778,53.13,62.06,4.567,pass,0.2791,medium
BINSP-06190,1.9144,7.9572,64.91,58.06,3.546,warning,0.4337,medium
BINSP-06191,1.5488,9.0693,67.09,58.68,5.155,warning,0.4473,medium
BINSP-06192,1.4199,6.6607,59.93,58.9,3.523,pass,0.3429,medium
BINSP-06193,0.6751,2.7964,42.22,60.19,2.966,pass,0.1263,low
BINSP-06194,0.6592,3.3701,42.09,63.11,2.033,pass,0.1446,low
BINSP-06195,0.5393,4.1544,48.58,60.11,2.0,pass,0.155,low
BINSP-06196,2.015,8.1126,72.82,65.22,5.893,warning,0.5183,high
BINSP-06197,1.7212,6.5632,60.73,63.21,4.115,pass,0.3738,medium
BINSP-06198,1.501,6.2011,59.96,62.02,4.082,pass,0.33,medium
BINSP-06199,0.991,4.5857,51.77,62.52,3.546,pass,0.2346,low
BINSP-06200,0.6188,3.5856,45.69,63.2,0.253,pass,0.1381,low
BINSP-06201,0.5934,3.7247,40.18,62.93,2.346,pass,0.1416,low
BINSP-06202,0.7238,4.1195,44.8,57.67,2.23,pass,0.194,low
BINSP-06203,1.1008,4.4944,52.15,61.79,4.356,pass,0.2407,low
BINSP-06204,1.4787,6.9543,55.2,62.74,3.36,pass,0.3295,medium
BINSP-06205,0.4034,3.4986,46.02,60.19,1.408,pass,0.1151,low
BINSP-06206,0.9424,4.088,54.17,58.47,3.617,pass,0.2453,low
BINSP-06207,0.6089,3.2584,45.05,59.3,2.02,pass,0.1425,low
BINSP-06208,1.1124,5.2199,55.8,60.01,4.041,pass,0.2676,medium
BINSP-06209,1.2613,4.8854,52.47,60.5,4.904,pass,0.2633,medium
BINSP-06210,2.0821,6.8538,71.79,60.21,5.577,warning,0.4391,medium
BINSP-06211,0.4562,2.5293,45.14,63.22,2.708,pass,0.1332,low
BINSP-06212,1.1629,6.2079,58.38,61.72,2.697,pass,0.2795,medium
BINSP-06213,0.9879,6.1103,55.46,59.91,3.698,pass,0.2728,medium
BINSP-06214,1.698,4.9523,65.09,61.64,3.483,pass,0.3236,medium
BINSP-06215,0.8204,5.1671,46.5,61.9,2.414,pass,0.1933,low
BINSP-06216,0.7858,4.5071,48.45,60.15,2.983,pass,0.1903,low
BINSP-06217,0.5292,4.1538,43.42,61.6,1.324,pass,0.1243,low
BINSP-06218,0.7,3.9328,47.87,61.04,3.497,pass,0.1648,low
BINSP-06219,1.3887,5.6574,61.88,62.32,3.966,pass,0.3207,medium
BINSP-06220,0.7218,6.8415,53.22,56.82,3.856,pass,0.309,medium
BINSP-06221,1.26,5.1388,50.89,61.28,5.136,pass,0.2624,medium
BINSP-06222,0.3726,2.3499,44.35,63.65,2.301,pass,0.1227,low
BINSP-06223,0.825,3.4308,50.26,62.86,2.958,pass,0.1926,low
BINSP-06224,0.4092,2.9099,39.26,64.02,1.69,pass,0.1174,low
BINSP-06225,0.6218,2.7406,41.46,62.32,2.772,pass,0.1242,low
BINSP-06226,1.674,5.9874,63.31,63.57,4.282,pass,0.3752,medium
BINSP-06227,0.4984,4.7681,46.31,59.71,3.344,pass,0.1787,low
BINSP-06228,0.8994,6.5947,58.45,58.66,4.072,pass,0.3095,medium
BINSP-06229,0.9314,4.9511,47.0,60.1,1.95,pass,0.1931,low
BINSP-06230,1.5169,5.795,59.34,62.4,4.347,pass,0.3297,medium
BINSP-06231,2.1444,9.9881,76.79,64.16,5.811,warning,0.5616,high
BINSP-06232,0.8469,4.0916,48.87,59.91,2.9,pass,0.1904,low
BINSP-06233,1.2658,6.3597,52.91,59.15,3.567,pass,0.2988,medium
BINSP-06234,1.3666,6.3349,54.71,60.13,2.624,pass,0.2856,medium
BINSP-06235,0.4034,2.8225,43.3,61.52,1.795,pass,0.0926,low
BINSP-06236,0.7001,2.8533,47.39,60.97,2.478,pass,0.1292,low
BINSP-06237,1.2176,5.4254,54.06,63.06,2.245,pass,0.2678,medium
BINSP-06238,1.4447,8.1701,63.16,60.09,4.285,pass,0.377,medium
BINSP-06239,0.5049,3.6285,48.39,61.54,2.589,pass,0.1432,low
BINSP-06240,1.0241,5.7077,61.44,63.43,3.615,pass,0.3067,medium
BINSP-06241,0.9,5.0832,57.26,60.93,2.915,pass,0.2274,low
BINSP-06242,1.0939,5.2942,49.66,58.89,4.159,pass,0.2652,medium
BINSP-06243,1.4344,7.2329,60.51,62.71,4.728,pass,0.3658,medium
BINSP-06244,0.8371,3.8614,50.04,60.94,1.408,pass,0.1557,low
BINSP-06245,1.0472,5.5319,46.47,59.61,2.972,pass,0.2307,low
BINSP-06246,1.5849,6.3651,56.48,57.17,3.527,pass,0.363,medium
BINSP-06247,1.1904,4.0001,50.0,61.42,2.808,pass,0.2058,low
BINSP-06248,0.7087,4.1508,49.0,57.71,3.509,pass,0.2224,low
BINSP-06249,0.8175,4.1764,48.33,64.21,3.056,pass,0.2219,low
BINSP-06250,1.2931,5.7265,53.75,64.74,3.782,pass,0.3218,medium
BINSP-06251,0.6949,3.8688,47.34,60.07,2.902,pass,0.1676,low
BINSP-06252,1.9117,7.2089,65.32,60.06,4.754,warning,0.4046,medium
BINSP-06253,1.3181,4.9328,60.62,60.06,4.643,pass,0.2993,medium
BINSP-06254,0.3657,3.6993,45.74,60.0,0.504,pass,0.1076,low
BINSP-06255,1.4459,7.982,56.28,68.37,4.632,warning,0.4511,medium
BINSP-06256,0.6907,3.1261,51.23,59.54,3.32,pass,0.1785,low
BINSP-06257,0.7693,2.9075,45.34,58.15,2.797,pass,0.1743,low
BINSP-06258,1.9435,8.4684,65.27,66.43,5.653,warning,0.51,high
BINSP-06259,1.1609,4.7158,51.22,58.95,3.057,pass,0.2496,low
BINSP-06260,1.8602,7.1644,69.07,61.99,4.417,warning,0.4094,medium
BINSP-06261,0.8685,5.9302,46.89,63.86,2.85,pass,0.2479,low
BINSP-06262,1.7963,7.1585,63.52,60.52,5.413,warning,0.3902,medium
BINSP-06263,1.4721,7.6822,68.44,61.53,4.694,warning,0.3862,medium
BINSP-06264,1.3637,5.5445,51.62,57.84,4.453,pass,0.3154,medium
BINSP-06265,0.9165,4.5828,53.82,62.46,2.266,pass,0.2199,low
BINSP-06266,1.3841,5.747,57.2,61.8,4.02,pass,0.2992,medium
BINSP-06267,0.6318,5.5223,49.83,62.64,3.505,pass,0.2225,low
BINSP-06268,1.0326,5.072,56.59,63.32,2.8,pass,0.2667,medium
BINSP-06269,1.3274,7.0232,57.95,57.54,3.159,pass,0.3528,medium
BINSP-06270,1.8134,6.2987,68.46,61.06,5.077,warning,0.3806,medium
BINSP-06271,0.4691,3.8807,40.44,62.12,1.945,pass,0.1196,low
BINSP-06272,1.5506,6.4984,62.7,55.64,4.273,warning,0.4162,medium
BINSP-06273,1.2719,4.8814,50.01,59.8,4.22,pass,0.258,medium
BINSP-06274,1.207,4.6996,52.21,59.48,3.609,pass,0.2545,medium
BINSP-06275,1.3192,6.0897,61.73,57.86,4.351,pass,0.3558,medium
BINSP-06276,1.058,4.1516,48.04,61.32,2.454,pass,0.187,low
BINSP-06277,1.8692,5.3747,64.48,56.45,3.902,warning,0.4058,medium
BINSP-06278,1.2186,4.3995,54.22,61.76,2.72,pass,0.2342,low
BINSP-06279,1.4507,7.9238,66.44,60.71,5.431,warning,0.388,medium
BINSP-06280,0.8963,4.4185,49.31,63.8,1.791,pass,0.2143,low
BINSP-06281,0.47,3.8745,50.74,61.35,3.142,pass,0.1573,low
BINSP-06282,1.177,7.2975,55.72,62.78,3.261,pass,0.3159,medium
BINSP-06283,1.4772,6.9384,60.11,63.16,4.38,pass,0.3642,medium
BINSP-06284,1.1152,6.1697,50.73,63.23,3.398,pass,0.2804,medium
BINSP-06285,0.7749,5.6731,51.11,58.75,2.759,pass,0.2401,low
BINSP-06286,1.0229,5.8485,58.63,59.58,2.65,pass,0.2731,medium
BINSP-06287,0.6101,3.6641,48.98,63.04,2.291,pass,0.1722,low
BINSP-06288,1.0288,7.5111,54.14,58.61,3.196,pass,0.3128,medium
BINSP-06289,0.7904,4.1081,51.62,59.34,1.989,pass,0.1937,low
BINSP-06290,1.3589,5.4792,55.37,61.58,3.301,pass,0.2738,medium
BINSP-06291,0.7682,5.521,40.2,59.0,2.133,pass,0.1884,low
BINSP-06292,0.6385,4.8468,48.88,64.72,2.688,pass,0.2276,low
BINSP-06293,1.1063,5.975,50.68,59.33,3.279,pass,0.2659,medium
BINSP-06294,0.5545,5.5924,48.86,60.79,1.42,pass,0.1685,low
BINSP-06295,1.4015,6.2614,60.93,66.22,3.901,warning,0.3883,medium
BINSP-06296,1.3919,6.1771,56.53,60.33,3.175,pass,0.2939,medium
BINSP-06297,0.5685,5.2028,50.98,60.99,2.58,pass,0.1799,low
BINSP-06298,1.1416,5.0444,54.66,63.98,3.861,pass,0.29,medium
BINSP-06299,0.6205,2.8695,47.24,56.95,0.323,pass,0.1577,low
BINSP-06300,1.1896,6.2803,56.8,64.38,2.908,pass,0.32,medium
BINSP-06301,1.0669,5.8676,50.36,61.3,2.35,pass,0.2282,low
BINSP-06302,2.1195,8.3781,68.63,60.53,5.697,warning,0.4582,medium
BINSP-06303,1.4551,6.5222,60.71,61.56,2.637,pass,0.3115,medium
BINSP-06304,0.9602,4.2717,50.66,59.11,3.238,pass,0.2242,low
BINSP-06305,0.8595,4.8964,52.67,60.08,2.663,pass,0.2149,low
BINSP-06306,1.5494,5.9554,59.27,59.72,4.259,pass,0.3322,medium
BINSP-06307,0.9649,3.8402,41.48,59.99,3.181,pass,0.1711,low
BINSP-06308,2.1277,8.7127,67.28,62.75,7.307,warning,0.4995,medium
BINSP-06309,0.619,2.2827,42.17,60.27,1.932,pass,0.0983,low
BINSP-06310,1.4076,5.5679,50.92,59.61,3.861,pass,0.2829,medium
BINSP-06311,0.6824,4.9827,51.32,60.81,2.626,pass,0.188,low
BINSP-06312,1.4254,5.5308,63.46,60.04,3.848,pass,0.3194,medium
BINSP-06313,0.6246,3.4605,44.77,60.47,2.559,pass,0.1356,low
BINSP-06314,1.5081,6.326,59.81,63.57,4.602,pass,0.3619,medium
BINSP-06315,1.3858,7.0031,55.7,59.4,3.818,pass,0.329,medium
BINSP-06316,0.7934,4.4032,49.93,59.22,2.611,pass,0.2033,low
BINSP-06317,1.078,5.6716,59.93,61.97,4.239,pass,0.2903,medium
BINSP-06318,1.2863,6.618,56.83,61.33,4.378,pass,0.3056,medium
BINSP-06319,0.7517,4.5069,49.35,58.01,1.634,pass,0.2069,low
BINSP-06320,1.5918,7.9978,66.57,56.69,4.981,warning,0.455,medium
BINSP-06321,0.6287,4.746,46.79,61.83,2.968,pass,0.1778,low
BINSP-06322,1.4657,5.7388,49.55,64.67,2.577,pass,0.3047,medium
BINSP-06323,2.1341,7.3434,67.11,60.0,4.303,warning,0.4246,medium
BINSP-06324,1.6988,5.1475,57.4,63.07,4.16,pass,0.331,medium
BINSP-06325,1.7138,7.5379,65.05,63.32,5.068,warning,0.4205,medium
BINSP-06326,0.8642,5.6224,60.02,61.79,2.596,pass,0.2519,medium
BINSP-06327,0.5385,3.3633,44.87,63.4,1.756,pass,0.1462,low
BINSP-06328,1.2294,5.5879,58.24,61.1,3.411,pass,0.2707,medium
BINSP-06329,0.9057,4.6085,52.81,60.01,2.86,pass,0.2163,low
BINSP-06330,1.7828,7.0801,59.14,66.13,6.409,warning,0.4545,medium
BINSP-06331,0.7758,3.7437,43.31,63.27,2.125,pass,0.168,low
BINSP-06332,0.7491,4.9887,56.82,65.13,2.858,pass,0.2734,medium
BINSP-06333,1.2432,4.5956,54.3,59.91,4.373,pass,0.2649,medium
BINSP-06334,1.205,5.1639,51.89,61.1,3.237,pass,0.2369,low
BINSP-06335,0.4224,3.8094,39.5,61.7,3.185,pass,0.1203,low
BINSP-06336,0.859,3.8081,57.01,58.05,3.417,pass,0.2473,low
BINSP-06337,0.5385,4.1605,40.72,60.95,2.527,pass,0.1221,low
BINSP-06338,1.0284,6.3158,57.3,60.2,4.484,pass,0.291,medium
BINSP-06339,1.5761,6.6935,62.52,59.35,3.734,pass,0.3591,medium
BINSP-06340,1.6135,6.6773,62.79,57.86,5.026,warning,0.4003,medium
BINSP-06341,0.4584,3.3953,42.52,58.0,1.807,pass,0.1428,low
BINSP-06342,1.9062,7.1877,65.15,63.08,5.087,warning,0.4242,medium
BINSP-06343,0.5879,3.0921,49.29,59.92,2.393,pass,0.1472,low
BINSP-06344,1.3128,3.107,52.43,59.2,3.838,pass,0.238,low
BINSP-06345,1.2362,5.2833,52.61,64.1,3.612,pass,0.2935,medium
BINSP-06346,1.3161,6.7928,57.24,66.82,3.782,warning,0.3878,medium
BINSP-06347,1.3769,6.6756,51.7,61.34,3.111,pass,0.2808,medium
BINSP-06348,0.6342,4.123,50.04,58.61,3.327,pass,0.2045,low
BINSP-06349,0.7688,3.8575,47.76,61.92,2.77,pass,0.1722,low
BINSP-06350,1.0406,4.1457,52.85,60.16,2.994,pass,0.2162,low
BINSP-06351,0.7034,3.5187,41.82,59.91,1.928,pass,0.1332,low
BINSP-06352,1.1521,7.4552,59.95,63.03,5.349,pass,0.3605,medium
BINSP-06353,0.3807,3.3654,43.29,61.51,1.898,pass,0.103,low
BINSP-06354,0.3461,2.6887,45.92,63.1,1.881,pass,0.1195,low
BINSP-06355,1.2873,4.0454,54.27,61.76,3.745,pass,0.2444,low
BINSP-06356,1.4743,5.4817,54.04,61.09,3.605,pass,0.274,medium
BINSP-06357,1.6942,5.7201,63.15,59.13,5.564,pass,0.3756,medium
BINSP-06358,1.351,7.7277,59.26,65.67,3.932,warning,0.4003,medium
BINSP-06359,0.7905,4.3081,50.94,59.88,3.124,pass,0.2008,low
BINSP-06360,0.3919,3.2378,50.84,61.51,1.819,pass,0.1259,low
BINSP-06361,1.5428,4.0969,60.68,58.47,3.508,pass,0.3091,medium
BINSP-06362,1.1377,4.4862,49.83,60.26,1.995,pass,0.2062,low
BINSP-06363,2.1154,7.0855,66.43,64.47,5.015,warning,0.4614,medium
BINSP-06364,1.2431,5.8749,61.34,58.58,4.579,pass,0.3366,medium
BINSP-06365,1.6725,6.6252,55.38,56.8,4.223,warning,0.3846,medium
BINSP-06366,0.3124,3.6599,50.0,61.22,2.826,pass,0.1335,low
BINSP-06367,1.1644,7.027,56.66,58.31,4.647,pass,0.3431,medium
BINSP-06368,1.2999,6.7507,60.63,60.72,5.227,pass,0.3315,medium
BINSP-06369,0.8182,3.5683,46.51,57.08,1.616,pass,0.197,low
BINSP-06370,1.8399,8.4496,66.46,60.83,4.97,warning,0.4191,medium
BINSP-06371,1.0494,5.2496,59.63,62.77,4.163,pass,0.2898,medium
BINSP-06372,0.5639,4.2622,36.45,58.87,1.648,pass,0.1321,low
BINSP-06373,2.1978,7.2209,69.71,59.96,5.068,warning,0.4453,medium
BINSP-06374,0.8546,5.0149,46.92,60.78,3.41,pass,0.1959,low
BINSP-06375,1.3163,7.3856,68.21,64.52,5.205,warning,0.4194,medium
BINSP-06376,0.9966,5.2105,44.68,64.26,4.007,pass,0.2552,medium
BINSP-06377,1.1651,4.5409,52.12,62.58,3.326,pass,0.2455,low
BINSP-06378,1.8582,7.1932,64.28,60.89,5.171,warning,0.3893,medium
BINSP-06379,0.9945,3.0796,51.32,59.75,2.567,pass,0.1875,low
BINSP-06380,0.9196,5.4087,56.98,64.52,2.45,pass,0.2804,medium
BINSP-06381,1.7011,5.9853,60.63,57.5,4.812,warning,0.3881,medium
BINSP-06382,1.9709,7.7033,61.69,59.61,5.124,warning,0.4175,medium
BINSP-06383,1.6492,7.6217,67.34,61.15,6.022,warning,0.4042,medium
BINSP-06384,0.8182,4.8576,51.15,62.59,1.049,pass,0.1967,low
BINSP-06385,1.3565,7.4381,63.44,63.79,4.249,warning,0.3847,medium
BINSP-06386,0.9836,3.8642,51.08,62.04,3.96,pass,0.2151,low
BINSP-06387,0.969,4.4939,57.19,59.88,3.078,pass,0.238,low
BINSP-06388,1.0886,5.2938,55.14,63.8,4.16,pass,0.2938,medium
BINSP-06389,0.6416,3.392,48.37,60.45,2.15,pass,0.1429,low
BINSP-06390,1.197,6.7909,67.29,54.3,4.287,warning,0.4325,medium
BINSP-06391,1.3371,5.979,54.9,60.63,3.537,pass,0.2804,medium
BINSP-06392,0.7763,3.5942,48.52,62.7,2.55,pass,0.1791,low
BINSP-06393,1.6896,6.6525,65.28,58.51,5.463,warning,0.4091,medium
BINSP-06394,1.5571,6.5172,65.86,61.58,4.011,pass,0.3529,medium
BINSP-06395,1.4312,5.6558,60.58,64.41,4.569,pass,0.3579,medium
BINSP-06396,0.4657,5.9154,43.15,56.2,2.427,pass,0.2303,low
BINSP-06397,0.814,6.0372,50.59,58.39,3.025,pass,0.2571,medium
BINSP-06398,0.6996,3.9103,44.61,60.54,1.138,pass,0.1313,low
BINSP-06399,1.4355,6.3059,62.55,58.21,3.025,pass,0.35,medium
BINSP-06400,1.7788,6.9422,58.86,60.02,4.291,pass,0.3629,medium
BINSP-06401,1.4908,6.2866,59.77,60.35,4.132,pass,0.3254,medium
BINSP-06402,0.4956,3.4539,44.52,58.63,1.429,pass,0.1394,low
BINSP-06403,1.5104,7.2179,65.08,56.84,5.156,warning,0.4283,medium
BINSP-06404,0.5122,4.6781,53.17,61.76,3.271,pass,0.1923,low
BINSP-06405,0.6929,5.5454,45.71,57.43,2.681,pass,0.2324,low
BINSP-06406,0.4383,3.4785,45.22,65.3,3.305,pass,0.1897,low
BINSP-06407,1.3932,6.0092,55.6,61.62,4.892,pass,0.3074,medium
BINSP-06408,1.7912,8.3893,65.84,60.69,6.045,warning,0.4273,medium
BINSP-06409,1.0874,5.36,54.74,60.01,4.666,pass,0.2725,medium
BINSP-06410,0.4418,2.3707,48.34,62.95,1.204,pass,0.1178,low
BINSP-06411,0.6785,4.1311,51.89,62.22,3.625,pass,0.2001,low
BINSP-06412,0.5338,5.1909,49.32,58.32,3.255,pass,0.2197,low
BINSP-06413,1.0201,5.0914,49.7,63.91,2.272,pass,0.2453,low
BINSP-06414,0.4177,2.0786,36.74,60.32,0.2,pass,0.04,low
BINSP-06415,0.7408,5.1078,54.25,60.17,2.951,pass,0.2181,low
BINSP-06416,1.6411,6.5936,57.65,68.05,4.181,warning,0.4317,medium
BINSP-06417,0.545,4.095,47.95,62.09,2.583,pass,0.162,low
BINSP-06418,2.4215,8.5547,71.53,63.31,5.755,warning,0.5215,high
BINSP-06419,1.4931,6.193,61.36,63.0,3.666,pass,0.3437,medium
BINSP-06420,0.7602,3.9859,43.99,59.16,3.199,pass,0.1805,low
BINSP-06421,1.7805,7.2791,62.38,58.48,5.863,warning,0.4236,medium
BINSP-06422,1.38,6.8817,62.55,62.55,4.895,pass,0.3615,medium
BINSP-06423,1.1426,6.0101,58.04,62.69,4.035,pass,0.3036,medium
BINSP-06424,1.2564,4.1145,45.74,61.91,2.881,pass,0.2067,low
BINSP-06425,1.6537,6.3688,63.12,63.3,4.292,pass,0.3766,medium
BINSP-06426,2.3513,9.7903,68.91,64.18,6.671,warning,0.5562,high
BINSP-06427,0.9732,5.4821,56.63,59.5,4.488,pass,0.2787,medium
BINSP-06428,1.4626,5.9776,67.98,61.63,3.946,pass,0.3425,medium
BINSP-06429,0.6062,5.0461,48.13,61.99,1.978,pass,0.1773,low
BINSP-06430,1.8144,6.2088,52.48,64.66,3.278,pass,0.3572,medium
BINSP-06431,0.8427,4.4545,49.56,62.48,2.611,pass,0.2021,low
BINSP-06432,1.0046,5.2795,52.79,60.16,2.755,pass,0.2333,low
BINSP-06433,0.4378,2.8563,45.62,60.31,2.808,pass,0.1184,low
BINSP-06434,1.6607,6.9273,66.14,63.72,4.586,warning,0.4083,medium
BINSP-06435,0.5059,3.0028,44.92,58.04,1.97,pass,0.1478,low
BINSP-06436,1.0109,3.3228,44.59,60.27,2.511,pass,0.1622,low
BINSP-06437,1.3715,6.9899,58.55,61.23,3.174,pass,0.309,medium
BINSP-06438,1.3793,6.3751,63.94,63.83,6.266,warning,0.3916,medium
BINSP-06439,0.2408,1.9913,48.28,61.06,1.13,pass,0.0664,low
BINSP-06440,0.9498,3.4256,53.9,60.41,2.896,pass,0.1939,low
BINSP-06441,0.8829,3.3813,48.46,55.32,2.507,pass,0.2416,low
BINSP-06442,0.6896,3.9211,47.31,60.18,1.47,pass,0.1493,low
BINSP-06443,0.8121,4.2716,45.52,61.04,2.659,pass,0.1615,low
BINSP-06444,1.2774,5.3679,57.4,64.72,3.698,pass,0.3246,medium
BINSP-06445,0.4876,6.3368,48.06,61.75,2.955,pass,0.2025,low
BINSP-06446,1.7646,6.9185,71.35,57.92,4.962,warning,0.4431,medium
BINSP-06447,1.1032,3.3936,49.98,63.65,2.394,pass,0.2159,low
BINSP-06448,0.766,3.0481,46.91,59.25,3.209,pass,0.1707,low
BINSP-06449,1.1449,5.3507,51.84,58.9,4.234,pass,0.2782,medium
BINSP-06450,0.7916,4.6735,41.59,62.87,2.648,pass,0.1822,low
BINSP-06451,0.862,3.5706,45.94,59.31,3.409,pass,0.1863,low
BINSP-06452,2.3865,9.4617,74.96,61.13,7.173,warning,0.533,high
BINSP-06453,0.3343,4.229,43.21,56.77,2.646,pass,0.1814,low
BINSP-06454,1.697,6.6848,61.29,58.25,5.74,warning,0.404,medium
BINSP-06455,1.4358,6.3798,62.64,60.12,4.547,pass,0.3414,medium
BINSP-06456,0.9531,4.6984,38.92,61.35,3.081,pass,0.1676,low
BINSP-06457,0.9968,4.1306,55.35,60.21,3.706,pass,0.229,low
BINSP-06458,1.2451,6.185,53.86,62.7,3.538,pass,0.2944,medium
BINSP-06459,1.4907,6.1394,53.94,54.98,2.969,pass,0.3694,medium
BINSP-06460,2.1736,8.3743,70.89,60.11,5.202,warning,0.4699,medium
BINSP-06461,1.3243,5.8178,53.38,59.42,1.92,pass,0.2699,medium
BINSP-06462,0.6625,2.8826,41.18,61.82,3.142,pass,0.1259,low
BINSP-06463,0.8758,3.7583,47.52,58.56,2.021,pass,0.191,low
BINSP-06464,0.3823,2.8776,44.27,60.7,1.293,pass,0.0863,low
BINSP-06465,1.6453,6.1699,56.99,64.07,4.29,pass,0.3629,medium
BINSP-06466,0.4335,3.1107,48.84,58.8,2.925,pass,0.158,low
BINSP-06467,0.6022,4.4982,47.32,62.88,3.096,pass,0.1901,low
BINSP-06468,1.647,6.2322,55.86,57.9,3.911,pass,0.3563,medium
BINSP-06469,1.0995,6.0158,57.42,62.68,4.232,pass,0.3008,medium
BINSP-06470,0.7909,3.3285,44.41,61.42,3.63,pass,0.1548,low
BINSP-06471,1.4429,5.8958,58.45,66.04,4.732,warning,0.3828,medium
BINSP-06472,1.3427,5.6582,58.38,57.82,2.292,pass,0.3134,medium
BINSP-06473,0.9134,4.2248,50.62,63.34,2.035,pass,0.2121,low
BINSP-06474,1.7646,7.8785,66.07,59.32,4.248,warning,0.4149,medium
BINSP-06475,2.1138,8.1604,73.06,68.78,6.557,warning,0.5884,high
BINSP-06476,0.7353,3.4193,46.04,64.53,2.509,pass,0.1914,low
BINSP-06477,1.2968,7.0876,57.89,59.53,4.092,pass,0.3331,medium
BINSP-06478,0.206,4.8432,45.08,58.39,1.711,pass,0.1554,low
BINSP-06479,1.0698,5.4003,52.55,61.59,3.255,pass,0.2418,low
BINSP-06480,1.9189,7.2698,60.25,59.96,4.288,warning,0.385,medium
BINSP-06481,0.5347,3.1483,48.36,60.29,1.567,pass,0.1259,low
BINSP-06482,0.8447,4.4986,50.01,58.72,2.161,pass,0.2112,low
BINSP-06483,1.3364,5.491,57.77,62.14,4.219,pass,0.3001,medium
BINSP-06484,1.198,5.6437,56.4,57.23,2.783,pass,0.3109,medium
BINSP-06485,0.8793,3.536,50.45,63.86,3.016,pass,0.215,low
BINSP-06486,1.0342,6.2792,56.73,61.63,2.499,pass,0.2624,medium
BINSP-06487,0.7196,5.2585,44.98,60.44,3.346,pass,0.1889,low
BINSP-06488,0.6563,3.9053,49.1,61.55,1.953,pass,0.1544,low
BINSP-06489,0.278,3.2398,49.15,62.19,2.29,pass,0.1279,low
BINSP-06490,0.9594,4.5618,48.55,63.73,4.766,pass,0.2538,medium
BINSP-06491,1.1712,3.7245,57.32,63.26,3.316,pass,0.2573,medium
BINSP-06492,0.9526,4.3046,47.92,58.86,2.794,pass,0.2135,low
BINSP-06493,0.5419,3.6539,42.12,61.22,2.226,pass,0.1159,low
BINSP-06494,2.1506,9.1754,66.73,61.25,5.346,warning,0.4624,medium
BINSP-06495,1.2311,5.8077,55.96,60.66,3.289,pass,0.2697,medium
BINSP-06496,0.6643,3.354,45.19,60.61,3.529,pass,0.1473,low
BINSP-06497,0.9131,5.6593,49.83,61.32,3.247,pass,0.2224,low
BINSP-06498,1.9043,7.4897,69.12,63.77,4.883,warning,0.4514,medium
BINSP-06499,0.7593,4.9756,57.1,60.25,3.725,pass,0.2345,low
BINSP-06500,1.6405,6.7881,59.21,69.0,3.772,warning,0.4501,medium
BINSP-06501,1.2242,5.5464,56.5,60.54,3.946,pass,0.2753,medium
BINSP-06502,1.1378,6.526,56.58,58.33,3.067,pass,0.3117,medium
BINSP-06503,0.7672,2.9377,42.04,60.2,1.871,pass,0.1219,low
BINSP-06504,0.8782,3.3457,48.98,61.73,1.694,pass,0.1581,low
BINSP-06505,0.9939,3.625,49.39,59.55,1.529,pass,0.1823,low
BINSP-06506,1.2319,7.1467,58.0,65.43,3.785,pass,0.3706,medium
BINSP-06507,1.2278,5.4361,54.09,58.96,2.832,pass,0.2756,medium
BINSP-06508,0.7758,4.2255,50.2,60.56,1.839,pass,0.17,low
BINSP-06509,1.514,7.0407,61.11,54.26,4.974,warning,0.4481,medium
BINSP-06510,1.5082,6.0034,58.04,60.86,3.423,pass,0.2989,medium
BINSP-06511,2.0115,8.6003,72.39,54.76,6.005,warning,0.5579,high
BINSP-06512,0.627,3.4904,50.63,61.5,1.438,pass,0.1423,low
BINSP-06513,0.979,3.9396,54.46,59.09,3.712,pass,0.2378,low
BINSP-06514,1.7451,8.4727,67.3,60.57,4.233,warning,0.4107,medium
BINSP-06515,1.1786,4.8569,48.24,62.65,2.544,pass,0.2314,low
BINSP-06516,1.8655,7.8537,62.15,60.66,4.6,warning,0.3925,medium
BINSP-06517,1.8331,6.2342,59.77,59.71,3.9,pass,0.3556,medium
BINSP-06518,1.8366,7.8458,69.23,63.64,5.328,warning,0.4575,medium
BINSP-06519,0.8406,4.135,50.51,62.36,1.756,pass,0.1866,low
BINSP-06520,1.6916,7.7823,71.86,57.85,5.694,warning,0.4668,medium
BINSP-06521,1.5711,5.6242,56.99,61.43,4.903,pass,0.3144,medium
BINSP-06522,1.5395,7.2501,59.25,64.72,4.473,warning,0.3965,medium
BINSP-06523,1.0081,5.8695,58.6,60.66,3.749,pass,0.2694,medium
BINSP-06524,1.2537,4.9174,53.51,60.66,3.392,pass,0.2464,low
BINSP-06525,1.2776,6.3367,62.64,61.18,4.752,pass,0.3213,medium
BINSP-06526,1.065,4.1318,42.38,59.55,3.851,pass,0.2016,low
BINSP-06527,0.8375,4.7782,51.46,60.87,4.14,pass,0.2127,low
BINSP-06528,0.5595,3.8685,43.73,63.91,3.793,pass,0.1861,low
BINSP-06529,0.8256,4.0538,44.74,62.57,2.707,pass,0.179,low
BINSP-06530,0.6836,3.9915,45.61,55.52,1.93,pass,0.22,low
BINSP-06531,1.9716,8.3143,71.99,58.93,4.914,warning,0.4724,medium
BINSP-06532,0.4771,2.4606,45.8,61.53,1.606,pass,0.097,low
BINSP-06533,0.2591,2.7826,42.85,62.45,2.936,pass,0.1077,low
BINSP-06534,1.0258,4.2242,59.41,60.82,4.226,pass,0.2437,low
BINSP-06535,1.0565,4.419,49.19,59.26,1.252,pass,0.2031,low
BINSP-06536,2.0152,7.2199,66.03,57.03,5.141,warning,0.4646,medium
BINSP-06537,1.7551,7.958,67.36,59.37,4.098,warning,0.4177,medium
BINSP-06538,0.8479,3.4483,47.53,59.49,1.657,pass,0.1644,low
BINSP-06539,1.4988,7.81,60.84,63.88,4.997,warning,0.4038,medium
BINSP-06540,1.1501,4.7547,52.97,61.54,3.929,pass,0.2434,low
BINSP-06541,1.0173,2.5387,48.94,64.41,2.102,pass,0.1969,low
BINSP-06542,1.5753,6.9116,57.42,60.67,4.41,pass,0.3345,medium
BINSP-06543,2.0839,9.383,71.54,66.33,5.801,warning,0.5598,high
BINSP-06544,2.0019,6.4053,63.91,56.25,5.136,warning,0.4518,medium
BINSP-06545,1.6411,4.3056,62.45,57.53,4.03,pass,0.3466,medium
BINSP-06546,0.6413,1.9945,44.13,59.71,2.479,pass,0.1157,low
BINSP-06547,1.5791,5.3681,60.32,64.3,6.366,warning,0.3818,medium
BINSP-06548,1.3234,5.9083,58.0,61.22,2.819,pass,0.2776,medium
BINSP-06549,1.2216,7.1776,51.57,66.37,3.585,pass,0.3605,medium
BINSP-06550,0.3839,1.9682,41.44,62.31,1.803,pass,0.0799,low
BINSP-06551,1.2982,5.0986,59.45,58.15,6.05,pass,0.3428,medium
BINSP-06552,1.243,6.6284,53.7,62.42,4.16,pass,0.3058,medium
BINSP-06553,1.8383,7.7148,62.85,62.38,5.395,warning,0.4154,medium
BINSP-06554,1.001,6.481,57.45,62.98,3.735,pass,0.3016,medium
BINSP-06555,0.9868,7.1747,53.44,61.69,2.245,pass,0.2637,medium
BINSP-06556,1.0885,4.9072,56.45,63.15,3.654,pass,0.2746,medium
BINSP-06557,0.9732,4.3675,51.7,57.95,3.071,pass,0.246,low
BINSP-06558,1.7955,5.4584,56.24,57.82,4.677,pass,0.363,medium
BINSP-06559,1.1176,3.9658,48.88,61.46,3.123,pass,0.2004,low
BINSP-06560,0.6179,2.5571,40.54,61.42,0.2,pass,0.0728,low
BINSP-06561,1.6769,6.6751,59.35,57.93,3.109,pass,0.3691,medium
BINSP-06562,0.5573,3.0773,40.83,58.92,1.834,pass,0.1243,low
BINSP-06563,0.7569,4.7166,46.67,57.58,2.586,pass,0.2202,low
BINSP-06564,1.0059,5.6324,56.6,61.51,2.95,pass,0.2507,medium
BINSP-06565,1.4287,6.1478,59.4,56.91,4.138,pass,0.3686,medium
BINSP-06566,1.1641,6.1249,53.31,58.09,2.956,pass,0.2968,medium
BINSP-06567,2.2167,8.4372,73.81,60.3,6.067,warning,0.4917,medium
BINSP-06568,0.5927,3.933,45.61,63.09,2.008,pass,0.1624,low
BINSP-06569,0.846,3.5359,45.16,59.69,1.831,pass,0.1571,low
BINSP-06570,0.9816,3.7475,49.68,56.45,3.604,pass,0.2563,medium
BINSP-06571,1.418,5.7952,54.44,64.88,4.594,pass,0.3464,medium
BINSP-06572,1.4826,8.3154,60.53,63.28,4.279,warning,0.3941,medium
BINSP-06573,1.9154,7.1342,61.98,62.67,4.65,warning,0.4016,medium
BINSP-06574,0.4748,2.5599,42.09,60.86,2.282,pass,0.0886,low
BINSP-06575,1.0684,5.0414,54.44,60.31,2.338,pass,0.2314,low
BINSP-06576,0.5729,2.4151,45.57,62.55,2.414,pass,0.1273,low
BINSP-06577,0.3896,3.5428,42.49,62.97,1.159,pass,0.1175,low
BINSP-06578,0.5417,2.6765,45.19,60.76,2.24,pass,0.1072,low
BINSP-06579,1.3343,5.9384,56.77,61.05,3.59,pass,0.2816,medium
BINSP-06580,0.4939,4.0388,37.4,63.84,1.401,pass,0.1335,low
BINSP-06581,0.7653,4.5562,56.48,63.38,4.478,pass,0.258,medium
BINSP-06582,1.7788,6.1809,62.98,61.35,5.325,pass,0.3646,medium
BINSP-06583,0.7764,3.5473,51.99,59.52,1.869,pass,0.1785,low
BINSP-06584,0.7119,3.4646,42.31,59.24,1.68,pass,0.1414,low
BINSP-06585,1.7985,6.8631,65.53,63.41,5.113,warning,0.4166,medium
BINSP-06586,1.2376,4.7164,53.26,57.32,3.819,pass,0.2956,medium
BINSP-06587,1.3488,6.7016,61.64,61.18,4.645,pass,0.329,medium
BINSP-06588,0.2542,3.8945,48.04,60.35,2.692,pass,0.1322,low
BINSP-06589,0.6927,3.7651,39.54,60.15,2.802,pass,0.1365,low
BINSP-06590,1.4795,5.463,54.46,56.36,3.676,pass,0.3445,medium
BINSP-06591,1.1338,5.4568,54.82,58.8,3.174,pass,0.2783,medium
BINSP-06592,1.5668,5.2145,60.28,60.95,4.509,pass,0.3066,medium
BINSP-06593,1.1507,5.4091,56.93,63.01,2.372,pass,0.2732,medium
BINSP-06594,1.8474,6.9329,67.44,60.57,6.186,warning,0.4111,medium
BINSP-06595,1.0729,4.8019,59.26,56.41,3.414,pass,0.3146,medium
BINSP-06596,1.3249,6.5938,56.31,63.48,3.715,pass,0.3304,medium
BINSP-06597,0.698,4.0945,51.91,60.76,1.212,pass,0.1571,low
BINSP-06598,1.0532,5.0871,58.68,61.14,4.101,pass,0.2584,medium
BINSP-06599,1.0962,4.5991,55.01,58.43,3.885,pass,0.2732,medium
BINSP-06600,0.6485,3.4528,41.18,62.38,2.337,pass,0.1351,low
BINSP-06601,1.3803,5.5081,63.15,59.39,3.104,pass,0.3154,medium
BINSP-06602,0.544,2.8735,45.86,58.69,1.878,pass,0.1403,low
BINSP-06603,1.6563,7.8624,69.49,56.45,4.755,warning,0.4675,medium
BINSP-06604,0.8036,3.477,45.52,59.05,3.179,pass,0.18,low
BINSP-06605,0.9663,3.9035,54.32,61.76,3.19,pass,0.2122,low
BINSP-06606,1.0313,4.2263,48.62,60.84,3.167,pass,0.1947,low
BINSP-06607,0.9482,6.1541,56.54,63.96,2.592,pass,0.2892,medium
BINSP-06608,1.7529,7.1792,71.27,61.98,4.996,warning,0.4163,medium
BINSP-06609,0.6759,4.0191,46.98,61.78,2.452,pass,0.1604,low
BINSP-06610,1.3785,6.412,66.33,56.38,3.743,warning,0.3969,medium
BINSP-06611,0.477,3.1026,51.67,60.68,1.781,pass,0.1288,low
BINSP-06612,1.2464,4.4469,50.82,63.17,3.5,pass,0.2561,medium
BINSP-06613,1.632,7.3119,61.83,61.61,4.75,pass,0.3698,medium
BINSP-06614,0.7794,4.6332,54.62,61.45,3.094,pass,0.2086,low
BINSP-06615,1.3054,5.1749,47.88,62.94,2.934,pass,0.2547,medium
BINSP-06616,0.2276,3.2932,47.86,63.05,2.107,pass,0.1317,low
BINSP-06617,1.1113,6.3843,44.63,62.71,3.707,pass,0.2599,medium
BINSP-06618,2.0949,9.4732,74.36,61.81,6.34,warning,0.5105,high
BINSP-06619,0.7967,3.4297,54.43,59.24,2.74,pass,0.2006,low
BINSP-06620,1.4291,5.5454,52.09,59.02,2.941,pass,0.2858,medium
BINSP-06621,1.9345,6.9837,62.31,63.93,5.452,warning,0.4297,medium
BINSP-06622,1.1908,6.2463,54.68,59.17,3.009,pass,0.2902,medium
BINSP-06623,0.8721,3.8768,38.07,60.86,2.395,pass,0.1311,low
BINSP-06624,0.7245,5.0807,57.76,55.64,3.0,pass,0.2968,medium
BINSP-06625,0.6631,3.648,46.13,65.1,1.58,pass,0.1885,low
BINSP-06626,0.8997,4.2578,49.44,60.24,3.413,pass,0.2007,low
BINSP-06627,1.2594,4.5568,55.57,61.88,4.868,pass,0.2723,medium
BINSP-06628,1.2177,5.3472,54.38,58.11,3.659,pass,0.2967,medium
BINSP-06629,1.5215,6.7073,62.24,58.17,3.827,pass,0.3735,medium
BINSP-06630,1.1561,3.5831,49.02,58.42,3.183,pass,0.2286,low
BINSP-06631,1.5781,6.5518,65.86,65.02,5.544,warning,0.425,medium
BINSP-06632,2.0349,7.7381,69.35,63.82,5.563,warning,0.4755,medium
BINSP-06633,0.507,3.7128,41.04,62.15,2.734,pass,0.131,low
BINSP-06634,1.0141,4.9445,49.5,60.01,3.896,pass,0.232,low
BINSP-06635,0.856,3.879,48.62,59.83,1.811,pass,0.1741,low
BINSP-06636,1.0126,5.3665,49.53,63.44,3.126,pass,0.253,medium
BINSP-06637,1.363,5.6205,58.55,53.53,3.524,warning,0.3938,medium
BINSP-06638,0.6699,4.3569,44.54,63.39,2.943,pass,0.1885,low
BINSP-06639,0.6843,3.2116,49.89,60.54,2.202,pass,0.1468,low
BINSP-06640,1.272,6.4213,54.59,57.05,3.836,pass,0.3409,medium
BINSP-06641,0.5331,4.1227,43.19,62.3,2.22,pass,0.1443,low
BINSP-06642,1.3709,5.5702,55.83,60.61,5.21,pass,0.2981,medium
BINSP-06643,1.3447,5.2736,59.16,60.09,3.049,pass,0.2836,medium
BINSP-06644,0.8741,3.2239,49.7,58.72,2.223,pass,0.1876,low
BINSP-06645,1.421,6.86,59.56,65.01,5.364,warning,0.3963,medium
BINSP-06646,0.3076,3.1979,42.06,60.68,2.885,pass,0.0993,low
BINSP-06647,0.6953,5.7382,44.91,57.04,2.416,pass,0.2364,low
BINSP-06648,2.0004,7.3271,61.84,59.73,6.126,warning,0.4228,medium
BINSP-06649,1.9383,6.765,63.86,61.77,4.815,warning,0.3907,medium
BINSP-06650,1.5273,6.0878,61.8,63.43,4.862,pass,0.3663,medium
BINSP-06651,1.929,8.8508,68.04,59.1,6.411,warning,0.482,medium
BINSP-06652,1.2038,5.0809,49.83,60.84,4.092,pass,0.2393,low
BINSP-06653,1.3283,5.4592,58.41,63.1,3.831,pass,0.3108,medium
BINSP-06654,0.2253,4.4077,45.59,57.71,2.484,pass,0.1692,low
BINSP-06655,0.6437,5.6136,45.61,61.59,3.73,pass,0.1978,low
BINSP-06656,1.0682,5.1532,55.71,60.42,3.029,pass,0.2446,low
BINSP-06657,0.2123,4.2586,44.56,61.7,1.614,pass,0.1126,low
BINSP-06658,1.0151,4.2014,54.99,57.68,3.831,pass,0.27,medium
BINSP-06659,1.5112,6.7678,60.04,61.36,4.549,pass,0.3381,medium
BINSP-06660,1.4837,6.9347,55.75,59.68,3.506,pass,0.3267,medium
BINSP-06661,0.816,3.2457,39.13,59.52,2.633,pass,0.141,low
BINSP-06662,0.8367,4.2598,44.04,64.68,4.181,pass,0.2309,low
BINSP-06663,1.7521,6.0942,63.72,64.24,4.923,warning,0.4019,medium
BINSP-06664,1.3423,5.7443,49.54,60.62,3.172,pass,0.2537,medium
BINSP-06665,0.8198,4.6258,43.47,60.8,1.808,pass,0.1544,low
BINSP-06666,0.7515,4.2457,53.26,60.38,3.699,pass,0.204,low
BINSP-06667,0.835,4.9614,46.81,61.44,1.714,pass,0.176,low
BINSP-06668,1.0031,5.329,56.71,60.5,3.789,pass,0.2547,medium
BINSP-06669,1.0174,3.7794,52.43,60.35,3.156,pass,0.2048,low
BINSP-06670,1.02,6.6634,53.26,61.31,3.513,pass,0.2647,medium
BINSP-06671,0.4704,2.4872,38.84,62.7,0.713,pass,0.0804,low
BINSP-06672,0.7409,5.5412,49.98,63.07,2.435,pass,0.2247,low
BINSP-06673,0.7839,3.9915,51.5,62.38,2.56,pass,0.1931,low
BINSP-06674,1.4169,4.0338,55.14,58.92,4.882,pass,0.2899,medium
BINSP-06675,0.6954,4.8191,45.4,61.75,1.158,pass,0.1564,low
BINSP-06676,1.1082,4.0387,45.91,62.68,2.352,pass,0.2003,low
BINSP-06677,1.918,7.4531,72.27,60.91,6.812,warning,0.4453,medium
BINSP-06678,0.5375,4.0603,48.7,63.06,1.627,pass,0.1664,low
BINSP-06679,0.6007,4.5078,44.63,63.52,1.846,pass,0.1755,low
BINSP-06680,1.2496,5.5063,55.49,62.77,3.698,pass,0.2896,medium
BINSP-06681,0.5526,3.8016,41.5,61.17,1.641,pass,0.1098,low
BINSP-06682,1.0043,4.8638,54.91,60.99,2.733,pass,0.2194,low
BINSP-06683,1.3792,6.1939,63.62,57.42,5.265,warning,0.3861,medium
BINSP-06684,1.5502,7.1365,62.88,62.1,5.385,pass,0.379,medium
BINSP-06685,0.7091,3.6056,50.26,62.24,3.543,pass,0.1855,low
BINSP-06686,1.0827,5.526,53.5,65.06,2.733,pass,0.2941,medium
BINSP-06687,0.4408,4.0879,45.94,63.26,0.667,pass,0.1421,low
BINSP-06688,1.5013,6.9791,70.25,56.82,5.348,warning,0.4431,medium
BINSP-06689,1.2204,7.8108,49.41,61.71,2.952,pass,0.2882,medium
BINSP-06690,1.2199,6.8758,51.04,60.66,4.092,pass,0.2831,medium
BINSP-06691,0.5409,3.5543,42.17,61.18,1.259,pass,0.1018,low
BINSP-06692,0.5846,3.2716,48.1,62.69,1.16,pass,0.1408,low
BINSP-06693,0.8154,5.0577,48.63,60.41,4.124,pass,0.2139,low
BINSP-06694,1.7217,7.3028,63.88,63.67,4.067,warning,0.4056,medium
BINSP-06695,1.5081,6.4836,57.06,62.19,3.574,pass,0.3228,medium
BINSP-06696,1.1675,5.5032,45.95,62.03,3.964,pass,0.2436,low
BINSP-06697,2.0611,6.5273,69.06,62.03,4.439,warning,0.4117,medium
BINSP-06698,1.7359,6.9551,68.78,59.27,5.544,warning,0.4199,medium
BINSP-06699,0.5404,2.5168,44.12,59.51,2.463,pass,0.1217,low
BINSP-06700,0.8543,4.1113,53.28,62.5,2.906,pass,0.2124,low
BINSP-06701,1.0975,5.6695,52.08,63.24,2.903,pass,0.268,medium
BINSP-06702,0.7115,5.0987,48.42,63.04,2.977,pass,0.2145,low
BINSP-06703,0.6907,5.8275,48.61,62.55,3.878,pass,0.2318,low
BINSP-06704,2.1098,7.9445,70.22,61.63,6.183,warning,0.4624,medium
BINSP-06705,2.0785,7.4302,68.55,60.86,4.553,warning,0.4173,medium
BINSP-06706,1.6076,6.7882,64.53,59.15,4.398,warning,0.3811,medium
BINSP-06707,1.0825,4.364,46.67,59.04,1.718,pass,0.2041,low
BINSP-06708,0.8822,6.2487,55.78,58.49,4.276,pass,0.2972,medium
BINSP-06709,1.3636,5.8497,54.18,64.6,3.823,pass,0.3291,medium
BINSP-06710,1.2041,5.3855,56.42,61.85,4.726,pass,0.2857,medium
BINSP-06711,1.8906,6.8481,65.07,61.97,5.671,warning,0.4064,medium
BINSP-06712,0.971,2.9396,50.11,60.66,3.524,pass,0.1767,low
BINSP-06713,0.8827,3.1308,49.85,63.14,3.373,pass,0.1985,low
BINSP-06714,0.7229,4.0875,50.46,58.29,3.35,pass,0.2165,low
BINSP-06715,1.1707,5.9568,61.28,60.55,4.195,pass,0.2987,medium
BINSP-06716,0.916,4.0015,53.66,55.25,2.342,pass,0.2729,medium
BINSP-06717,0.9415,5.6531,54.6,61.27,2.521,pass,0.231,low
BINSP-06718,1.9984,8.833,73.83,61.18,4.272,warning,0.4548,medium
BINSP-06719,1.136,6.2297,64.2,58.06,2.905,pass,0.3335,medium
BINSP-06720,1.8069,5.47,63.28,60.53,4.7,pass,0.3476,medium
BINSP-06721,1.2025,5.6518,53.34,58.79,3.543,pass,0.2867,medium
BINSP-06722,1.682,6.8141,64.86,58.57,4.871,warning,0.4023,medium
BINSP-06723,1.0217,5.3166,60.1,59.61,3.495,pass,0.2771,medium
BINSP-06724,0.8725,4.9103,51.15,60.08,4.273,pass,0.2303,low
BINSP-06725,0.5849,5.005,43.33,62.8,3.591,pass,0.1902,low
BINSP-06726,0.2683,4.8446,42.47,57.96,2.302,pass,0.1645,low
BINSP-06727,0.9681,5.6362,46.56,59.34,1.969,pass,0.2196,low
BINSP-06728,1.5571,6.2434,56.49,57.53,4.748,pass,0.3679,medium
BINSP-06729,0.5649,3.6227,50.87,59.89,3.399,pass,0.1739,low
BINSP-06730,0.8803,4.4342,49.69,64.51,2.774,pass,0.2372,low
BINSP-06731,0.1306,3.598,43.24,59.85,2.775,pass,0.1097,low
BINSP-06732,1.7693,6.8431,60.42,56.59,3.531,warning,0.4078,medium
BINSP-06733,1.6742,7.731,63.15,62.44,5.137,warning,0.4028,medium
BINSP-06734,1.4189,6.3427,56.94,58.58,4.655,pass,0.3446,medium
BINSP-06735,1.0962,5.6158,56.95,62.23,3.61,pass,0.2766,medium
BINSP-06736,0.4565,3.733,44.35,59.19,1.787,pass,0.1375,low
BINSP-06737,1.037,4.8096,54.65,64.85,3.18,pass,0.2826,medium
BINSP-06738,1.5836,6.8688,63.46,65.81,5.863,warning,0.4393,medium
BINSP-06739,0.6265,6.448,47.57,63.22,3.779,pass,0.2449,low
BINSP-06740,1.4983,6.7905,57.18,67.07,4.17,warning,0.409,medium
BINSP-06741,1.3402,3.9593,57.83,59.35,2.59,pass,0.258,medium
BINSP-06742,1.5079,6.9391,60.89,64.67,5.651,warning,0.4071,medium
BINSP-06743,0.7887,3.9693,48.73,57.68,2.466,pass,0.2116,low
BINSP-06744,0.5223,4.8765,42.66,58.83,1.467,pass,0.1609,low
BINSP-06745,1.3837,6.0388,60.49,62.05,3.504,pass,0.3138,medium
BINSP-06746,1.268,5.7561,54.14,59.82,4.125,pass,0.2877,medium
BINSP-06747,0.9326,4.5974,45.08,62.95,3.488,pass,0.2138,low
BINSP-06748,1.4941,6.2583,61.5,62.54,4.787,pass,0.3521,medium
BINSP-06749,2.1369,9.1333,68.27,57.11,5.334,warning,0.5202,high
BINSP-06750,1.6782,7.2718,68.05,58.98,6.668,warning,0.4375,medium
BINSP-06751,1.2419,4.8593,53.57,62.77,4.058,pass,0.274,medium
BINSP-06752,1.7609,5.7293,64.84,60.36,4.167,pass,0.351,medium
BINSP-06753,1.0167,4.5614,52.99,57.53,3.552,pass,0.2694,medium
BINSP-06754,1.3951,5.4063,51.71,60.55,3.298,pass,0.2606,medium
BINSP-06755,1.0552,4.8519,53.91,58.37,3.76,pass,0.271,medium
BINSP-06756,1.3905,5.592,60.36,61.41,5.266,pass,0.3163,medium
BINSP-06757,1.5819,6.5681,56.72,61.94,4.95,pass,0.3413,medium
BINSP-06758,1.8006,7.4134,67.73,61.18,4.397,warning,0.3932,medium
BINSP-06759,1.2351,4.041,53.21,63.0,3.5,pass,0.2527,medium
BINSP-06760,1.0088,4.9662,54.31,59.73,3.007,pass,0.2418,low
BINSP-06761,0.487,4.4143,43.64,58.56,1.497,pass,0.1569,low
BINSP-06762,0.7132,3.9639,45.66,62.43,1.862,pass,0.1601,low
BINSP-06763,0.4671,5.4461,52.34,58.96,2.943,pass,0.2169,low
BINSP-06764,0.9422,5.6138,56.82,62.3,4.118,pass,0.2723,medium
BINSP-06765,1.3755,6.3796,56.21,59.26,4.425,pass,0.3268,medium
BINSP-06766,0.9208,4.8193,49.91,63.12,3.608,pass,0.2377,low
BINSP-06767,0.5904,4.597,42.73,59.76,2.079,pass,0.1538,low
BINSP-06768,0.8791,4.8495,44.74,62.61,2.619,pass,0.1983,low
BINSP-06769,1.1806,5.7744,50.38,58.44,4.472,pass,0.294,medium
BINSP-06770,1.3934,6.1698,62.71,63.08,4.414,pass,0.3508,medium
BINSP-06771,1.8767,7.8526,65.57,61.26,5.619,warning,0.4159,medium
BINSP-06772,0.8183,2.8641,43.78,58.66,1.439,pass,0.1478,low
BINSP-06773,0.955,3.8131,49.19,62.75,2.197,pass,0.1952,low
BINSP-06774,0.4674,3.8254,40.83,63.96,2.204,pass,0.1505,low
BINSP-06775,0.7385,5.3037,46.78,62.02,3.12,pass,0.2014,low
BINSP-06776,0.9402,5.3305,55.36,58.49,3.443,pass,0.2716,medium
BINSP-06777,0.6388,3.8894,43.19,60.54,1.151,pass,0.1218,low
BINSP-06778,1.0919,5.0104,53.41,58.93,3.334,pass,0.2615,medium
BINSP-06779,1.5931,5.9922,60.39,60.53,3.667,pass,0.3207,medium
BINSP-06780,1.0755,4.8057,44.97,59.09,2.219,pass,0.2119,low
BINSP-06781,0.7421,4.0831,48.62,61.67,3.485,pass,0.1827,low
BINSP-06782,0.4845,4.2946,42.69,57.95,3.2,pass,0.1807,low
BINSP-06783,1.5871,5.7325,60.05,66.38,4.941,warning,0.4028,medium
BINSP-06784,1.0788,4.8332,55.84,59.51,3.535,pass,0.259,medium
BINSP-06785,0.4784,4.1962,43.99,59.7,2.781,pass,0.1514,low
BINSP-06786,0.1476,3.3082,41.29,64.75,3.224,pass,0.143,low
BINSP-06787,1.3559,5.3473,57.46,60.64,3.965,pass,0.2827,medium
BINSP-06788,2.1101,9.0479,68.0,59.62,6.516,warning,0.4923,medium
BINSP-06789,0.98,4.9396,52.86,62.73,2.974,pass,0.2408,low
BINSP-06790,1.7552,6.1241,69.66,65.52,4.273,warning,0.4343,medium
BINSP-06791,1.1005,5.1435,52.99,62.76,2.85,pass,0.2531,medium
BINSP-06792,0.9099,6.9073,56.95,58.78,3.186,pass,0.299,medium
BINSP-06793,1.2087,5.6638,50.81,61.36,4.414,pass,0.2615,medium
BINSP-06794,0.7264,4.2216,40.85,63.22,1.589,pass,0.1586,low
BINSP-06795,1.791,7.9688,60.87,61.4,5.721,warning,0.3995,medium
BINSP-06796,0.8017,4.7435,42.93,59.92,2.698,pass,0.1775,low
BINSP-06797,1.6938,7.5051,74.08,63.63,6.413,warning,0.4697,medium
BINSP-06798,1.1482,6.148,60.1,58.72,3.209,pass,0.3126,medium
BINSP-06799,1.1896,3.9065,48.51,62.47,3.08,pass,0.2178,low
BINSP-06800,1.2197,5.5358,57.88,59.5,2.692,pass,0.28,medium
BINSP-06801,0.9385,4.2367,50.79,61.86,2.657,pass,0.2,low
BINSP-06802,1.0386,6.0298,53.59,59.9,3.345,pass,0.2644,medium
BINSP-06803,1.3096,5.8439,55.64,62.5,4.792,pass,0.3104,medium
BINSP-06804,0.997,4.4424,47.75,60.26,2.539,pass,0.1948,low
BINSP-06805,1.3697,5.3119,57.26,60.36,4.356,pass,0.2913,medium
BINSP-06806,1.0999,5.289,55.78,61.15,2.205,pass,0.2334,low
BINSP-06807,0.9307,5.7884,52.02,61.08,4.6,pass,0.2462,low
BINSP-06808,1.8679,7.2477,59.78,62.55,4.695,warning,0.3919,medium
BINSP-06809,0.4107,2.3473,40.35,62.45,2.122,pass,0.0916,low
BINSP-06810,2.0034,8.4463,63.3,59.28,3.01,warning,0.4197,medium
BINSP-06811,0.9274,4.3954,51.05,58.42,3.42,pass,0.2382,low
BINSP-06812,0.5301,3.4827,44.22,59.76,1.746,pass,0.1282,low
BINSP-06813,0.4373,3.1986,39.62,60.93,0.737,pass,0.0707,low
BINSP-06814,1.2963,5.1787,52.05,62.24,2.986,pass,0.2583,medium
BINSP-06815,0.9987,5.4543,51.94,61.55,2.66,pass,0.2278,low
BINSP-06816,0.6999,5.3569,44.88,63.36,2.252,pass,0.203,low
BINSP-06817,1.1467,3.7081,47.86,60.28,2.183,pass,0.1865,low
BINSP-06818,0.9763,3.3119,50.43,60.68,2.006,pass,0.1671,low
BINSP-06819,1.2881,5.8569,55.46,61.7,3.23,pass,0.2776,medium
BINSP-06820,1.2618,6.3095,51.07,61.9,2.676,pass,0.2663,medium
BINSP-06821,1.3022,6.0271,55.58,57.36,3.771,pass,0.3331,medium
BINSP-06822,1.533,6.479,63.48,58.95,4.887,pass,0.3749,medium
BINSP-06823,1.0201,5.9525,54.55,63.12,3.037,pass,0.2763,medium
BINSP-06824,0.4751,2.6059,44.91,61.2,2.617,pass,0.1041,low
BINSP-06825,2.0817,8.253,72.48,62.15,5.376,warning,0.4724,medium
BINSP-06826,1.1234,4.7427,45.91,58.27,2.566,pass,0.2338,low
BINSP-06827,2.0705,9.534,66.52,61.16,5.609,warning,0.465,medium
BINSP-06828,1.0708,4.4613,44.52,64.62,2.244,pass,0.2292,low
BINSP-06829,1.1355,6.6003,62.8,60.67,3.781,pass,0.3076,medium
BINSP-06830,2.142,7.4234,67.53,67.03,5.723,warning,0.5207,high
BINSP-06831,0.9091,4.3062,44.82,61.24,2.363,pass,0.1663,low
BINSP-06832,1.6954,6.5231,60.13,58.69,4.651,pass,0.377,medium
BINSP-06833,1.4325,6.6785,55.01,58.17,4.186,pass,0.3463,medium
BINSP-06834,1.8167,7.7027,65.51,62.13,4.352,warning,0.4062,medium
BINSP-06835,1.6008,5.3489,61.2,57.71,4.244,pass,0.3603,medium
BINSP-06836,0.8396,3.9031,45.09,60.31,3.414,pass,0.1735,low
BINSP-06837,1.3061,6.3638,58.85,56.39,4.87,pass,0.3789,medium
BINSP-06838,0.6362,4.0488,44.73,60.03,1.824,pass,0.1458,low
BINSP-06839,0.5438,4.4036,54.82,62.56,2.72,pass,0.2,low
BINSP-06840,1.0501,6.3793,57.92,58.63,4.558,pass,0.3204,medium
BINSP-06841,0.4265,4.2605,43.1,62.75,0.702,pass,0.1278,low
BINSP-06842,1.2002,6.6207,55.14,57.41,2.431,pass,0.3194,medium
BINSP-06843,0.619,3.6033,45.33,60.28,2.239,pass,0.139,low
BINSP-06844,0.9679,4.2961,52.54,58.07,2.415,pass,0.2373,low
BINSP-06845,0.2405,4.4635,47.5,58.87,2.155,pass,0.1566,low
BINSP-06846,1.1056,3.4159,47.43,63.71,1.812,pass,0.2018,low
BINSP-06847,2.1501,8.3586,73.16,60.67,6.156,warning,0.4787,medium
BINSP-06848,0.3207,2.8099,43.96,63.19,3.08,pass,0.1293,low
BINSP-06849,1.0705,3.8967,47.53,62.11,2.606,pass,0.1947,low
BINSP-06850,0.2959,1.6,34.73,59.25,1.592,pass,0.0475,low
BINSP-06851,1.0143,5.6472,55.08,57.61,2.647,pass,0.2859,medium
BINSP-06852,1.2076,4.2947,51.65,65.46,3.728,pass,0.2901,medium
BINSP-06853,1.629,5.3058,58.12,63.08,2.916,pass,0.317,medium
BINSP-06854,1.8152,7.5305,62.87,61.43,4.631,warning,0.3866,medium
BINSP-06855,1.5622,7.2497,61.18,60.82,3.596,pass,0.3411,medium
BINSP-06856,1.0091,4.4429,47.5,60.21,3.185,pass,0.2033,low
BINSP-06857,0.5115,3.7707,43.06,62.16,2.253,pass,0.1337,low
BINSP-06858,1.8045,6.9268,65.37,61.97,4.536,warning,0.3893,medium
BINSP-06859,0.08,3.5146,38.87,58.25,2.532,pass,0.1107,low
BINSP-06860,1.6146,7.5076,60.49,60.09,5.065,pass,0.3761,medium
BINSP-06861,0.5561,3.4557,55.37,59.99,2.254,pass,0.17,low
BINSP-06862,0.6963,3.5463,45.74,61.43,1.302,pass,0.129,low
BINSP-06863,0.8321,3.7687,45.07,60.89,3.057,pass,0.1572,low
BINSP-06864,1.4377,4.6345,53.86,62.22,3.685,pass,0.2718,medium
BINSP-06865,1.6957,8.0394,66.91,66.17,4.104,warning,0.4668,medium
BINSP-06866,0.9662,5.8985,51.32,58.84,1.95,pass,0.248,low
BINSP-06867,0.7533,3.952,47.91,61.2,1.328,pass,0.1455,low
BINSP-06868,0.7326,4.6844,48.93,60.96,2.823,pass,0.1776,low
BINSP-06869,1.2094,5.9716,48.99,63.2,3.394,pass,0.2769,medium
BINSP-06870,1.3785,5.4052,60.28,61.44,4.512,pass,0.3029,medium
BINSP-06871,1.4084,6.7328,56.76,56.92,4.638,pass,0.3757,medium
BINSP-06872,1.2858,5.0528,55.55,60.6,3.496,pass,0.2603,medium
BINSP-06873,1.8745,7.5634,60.48,58.92,6.615,warning,0.432,medium
BINSP-06874,0.8833,3.7944,51.6,61.12,3.65,pass,0.1907,low
BINSP-06875,0.4682,2.2844,45.01,61.65,2.086,pass,0.0978,low
BINSP-06876,1.3146,5.4962,51.84,59.47,3.41,pass,0.2746,medium
BINSP-06877,1.931,6.8753,60.61,57.23,4.987,warning,0.4286,medium
BINSP-06878,1.6202,4.4313,63.51,60.02,4.316,pass,0.3173,medium
BINSP-06879,0.7849,4.687,50.83,59.33,2.653,pass,0.2103,low
BINSP-06880,1.3331,4.7007,50.15,57.37,4.867,pass,0.3034,medium
BINSP-06881,1.5263,4.985,62.27,61.2,3.493,pass,0.2959,medium
BINSP-06882,1.7168,7.2127,74.4,62.27,4.265,warning,0.4205,medium
BINSP-06883,1.2571,6.1119,61.67,58.51,2.981,pass,0.3254,medium
BINSP-06884,1.143,4.6725,52.97,60.45,2.035,pass,0.2185,low
BINSP-06885,1.6788,7.2379,70.96,62.26,5.66,warning,0.4232,medium
BINSP-06886,0.4234,3.8836,44.14,58.57,1.992,pass,0.1491,low
BINSP-06887,1.8228,6.3999,65.15,62.33,4.356,warning,0.3825,medium
BINSP-06888,1.1332,4.7178,50.95,60.51,2.37,pass,0.215,low
BINSP-06889,1.461,7.4938,60.01,62.27,4.007,pass,0.356,medium
BINSP-06890,1.9223,7.5421,73.44,60.88,5.412,warning,0.435,medium
BINSP-06891,1.1421,4.9896,51.92,63.29,3.361,pass,0.2634,medium
BINSP-06892,1.3511,3.9277,61.57,63.64,3.724,pass,0.2994,medium
BINSP-06893,2.2917,8.8826,71.38,58.9,5.32,warning,0.5099,high
BINSP-06894,1.9271,5.5341,69.09,62.25,3.584,pass,0.3755,medium
BINSP-06895,2.0935,7.8121,66.92,55.89,6.567,warning,0.5193,high
BINSP-06896,1.7252,6.5992,59.38,60.89,5.358,pass,0.3536,medium
BINSP-06897,0.6865,4.3151,43.06,58.86,1.264,pass,0.1599,low
BINSP-06898,1.4078,9.0501,60.17,58.97,5.223,warning,0.4098,medium
BINSP-06899,1.1302,4.0857,51.63,58.69,4.0,pass,0.2513,medium
BINSP-06900,1.7866,7.5381,64.45,60.45,3.798,warning,0.3818,medium
BINSP-06901,1.9141,7.2546,61.1,59.52,4.482,warning,0.3962,medium
BINSP-06902,0.7417,4.4648,51.97,61.07,3.098,pass,0.1879,low
BINSP-06903,1.3667,7.3851,61.32,58.43,5.74,warning,0.3918,medium
BINSP-06904,1.3655,5.8329,58.44,59.36,3.464,pass,0.3098,medium
BINSP-06905,0.6309,3.5505,50.37,62.81,0.676,pass,0.1533,low
BINSP-06906,0.4825,2.3166,45.16,64.37,1.896,pass,0.1385,low
BINSP-06907,0.4543,3.0793,40.98,59.42,1.364,pass,0.1043,low
BINSP-06908,1.4444,5.5374,58.54,62.66,3.626,pass,0.312,medium
BINSP-06909,1.3726,6.1018,49.25,60.92,4.385,pass,0.2721,medium
BINSP-06910,1.1683,6.3381,50.62,62.09,3.057,pass,0.2661,medium
BINSP-06911,0.5201,4.2364,46.51,62.14,2.172,pass,0.1539,low
BINSP-06912,1.2208,5.1878,47.97,60.11,2.971,pass,0.2338,low
BINSP-06913,0.8574,5.546,46.71,60.82,2.866,pass,0.1989,low
BINSP-06914,0.888,3.6032,52.38,62.59,2.47,pass,0.1978,low
BINSP-06915,1.1661,5.769,53.68,61.86,3.007,pass,0.2609,medium
BINSP-06916,0.8644,3.82,47.95,61.43,3.641,pass,0.1822,low
BINSP-06917,2.001,8.371,70.27,67.87,6.515,warning,0.561,high
BINSP-06918,1.5491,7.5889,65.39,60.65,5.536,warning,0.387,medium
BINSP-06919,0.8474,6.4252,60.82,62.75,4.259,pass,0.3037,medium
BINSP-06920,0.8193,3.2748,47.05,60.05,2.722,pass,0.1618,low
BINSP-06921,0.812,3.3245,51.72,59.8,2.452,pass,0.1785,low
BINSP-06922,1.6066,7.4694,65.72,58.47,5.956,warning,0.4275,medium
BINSP-06923,1.3338,6.8524,54.65,63.95,3.915,pass,0.3401,medium
BINSP-06924,0.3628,4.5209,41.79,63.28,2.846,pass,0.1577,low
BINSP-06925,0.9811,3.9277,50.94,64.27,3.019,pass,0.2379,low
BINSP-06926,1.0735,5.7686,60.69,63.32,3.749,pass,0.3087,medium
BINSP-06927,0.9737,3.4075,46.65,59.77,1.552,pass,0.1642,low
BINSP-06928,1.6593,6.4036,65.56,62.26,5.7,warning,0.3873,medium
BINSP-06929,0.8222,4.8993,56.08,62.3,3.299,pass,0.2371,low
BINSP-06930,0.9439,4.7733,51.32,64.24,2.583,pass,0.2477,low
BINSP-06931,0.8631,5.7731,51.14,61.64,3.067,pass,0.2281,low
BINSP-06932,1.071,5.4698,51.57,64.5,1.919,pass,0.2675,medium
BINSP-06933,1.1024,5.4785,53.8,63.66,4.827,pass,0.2998,medium
BINSP-06934,0.5706,3.9204,45.84,60.46,1.845,pass,0.136,low
BINSP-06935,1.2164,5.5435,57.61,57.64,4.17,pass,0.3247,medium
BINSP-06936,1.5446,6.5049,55.03,58.87,4.661,pass,0.3461,medium
BINSP-06937,1.0695,6.8371,53.51,57.56,2.598,pass,0.3086,medium
BINSP-06938,1.1098,5.7785,55.69,64.54,2.704,pass,0.3005,medium
BINSP-06939,1.3425,5.9844,63.37,61.57,3.331,pass,0.3101,medium
BINSP-06940,1.2341,6.2659,58.61,61.78,3.823,pass,0.3009,medium
BINSP-06941,2.2593,8.8225,71.76,59.78,6.255,warning,0.5056,high
BINSP-06942,2.1598,7.8852,70.01,59.46,6.18,warning,0.4777,medium
BINSP-06943,1.1128,5.0343,56.7,62.59,4.295,pass,0.279,medium
BINSP-06944,1.5596,5.0638,56.93,61.68,2.825,pass,0.281,medium
BINSP-06945,0.8392,4.634,53.44,62.48,2.531,pass,0.2176,low
BINSP-06946,1.1268,6.1103,56.22,61.84,2.732,pass,0.2699,medium
BINSP-06947,1.5132,8.2374,58.45,59.75,3.198,pass,0.3594,medium
BINSP-06948,1.7351,7.1669,62.53,60.93,4.964,pass,0.3711,medium
BINSP-06949,1.4109,7.1688,60.73,62.34,5.149,pass,0.3631,medium
BINSP-06950,1.7815,7.7104,66.2,56.61,6.017,warning,0.4752,medium
BINSP-06951,1.4018,7.7687,62.55,58.8,3.634,pass,0.3754,medium
BINSP-06952,0.7791,2.6108,55.15,61.58,2.572,pass,0.1656,low
BINSP-06953,1.3144,6.5962,60.67,59.39,5.404,pass,0.3517,medium
BINSP-06954,0.8087,4.1244,45.62,64.22,1.246,pass,0.1895,low
BINSP-06955,0.5192,4.4607,48.09,59.5,2.498,pass,0.1731,low
BINSP-06956,0.7984,4.0669,44.27,61.7,2.721,pass,0.163,low
BINSP-06957,1.5588,6.6262,62.63,64.75,4.755,warning,0.4007,medium
BINSP-06958,0.6602,3.7263,38.84,63.11,1.616,pass,0.1357,low
BINSP-06959,1.3286,4.8434,51.83,59.52,3.63,pass,0.2644,medium
BINSP-06960,1.5811,6.0557,63.4,61.31,3.804,pass,0.3305,medium
BINSP-06961,0.6961,4.3365,51.17,59.69,3.512,pass,0.2029,low
BINSP-06962,1.868,7.1375,70.05,57.81,4.079,warning,0.4416,medium
BINSP-06963,1.3615,5.7904,53.01,61.96,3.435,pass,0.2796,medium
BINSP-06964,0.2832,2.0365,47.15,61.61,1.458,pass,0.0787,low
BINSP-06965,0.4814,3.2238,38.56,61.28,2.573,pass,0.096,low
BINSP-06966,1.6396,6.405,53.07,62.04,4.7,pass,0.3284,medium
BINSP-06967,0.8311,3.9229,47.06,63.73,2.32,pass,0.1974,low
BINSP-06968,0.705,3.7989,47.31,60.67,2.044,pass,0.1475,low
BINSP-06969,1.297,6.7182,52.9,61.49,3.641,pass,0.2886,medium
BINSP-06970,0.6384,3.1753,45.31,57.63,0.664,pass,0.1525,low
BINSP-06971,0.6805,3.5806,44.6,60.29,2.303,pass,0.1411,low
BINSP-06972,0.9566,6.3674,56.32,63.28,3.364,pass,0.2924,medium
BINSP-06973,1.0303,4.7641,53.01,57.61,4.98,pass,0.2905,medium
BINSP-06974,1.9104,8.5192,69.0,59.0,6.005,warning,0.4739,medium
BINSP-06975,0.4036,5.1533,44.24,61.45,2.12,pass,0.1454,low
BINSP-06976,1.7362,6.787,61.73,60.76,5.098,pass,0.365,medium
BINSP-06977,1.3347,2.3296,55.45,61.85,3.061,pass,0.2106,low
BINSP-06978,1.0971,4.7179,50.4,57.25,3.335,pass,0.2711,medium
BINSP-06979,1.1866,5.0175,54.07,59.46,4.048,pass,0.2713,medium
BINSP-06980,0.3024,2.8958,37.67,59.24,1.446,pass,0.0823,low
BINSP-06981,0.6658,4.1382,50.92,59.3,3.678,pass,0.2038,low
BINSP-06982,1.3951,6.9626,60.19,64.1,4.126,pass,0.3702,medium
BINSP-06983,1.2717,6.3608,48.96,63.61,3.096,pass,0.2916,medium
BINSP-06984,1.8088,6.6083,63.56,58.8,6.051,warning,0.4137,medium
BINSP-06985,0.9337,4.2158,49.05,60.18,1.942,pass,0.1841,low
BINSP-06986,1.1501,6.2298,56.83,61.06,2.654,pass,0.2634,medium
BINSP-06987,1.0209,3.932,46.45,58.93,2.387,pass,0.2,low
BINSP-06988,1.0099,5.9631,54.02,59.76,3.085,pass,0.2614,medium
BINSP-06989,0.5729,5.7073,52.81,63.65,1.744,pass,0.226,low
BINSP-06990,1.119,6.0485,56.79,60.79,3.402,pass,0.2687,medium
BINSP-06991,1.2366,5.8534,62.06,61.25,3.437,pass,0.292,medium
BINSP-06992,1.4449,5.1183,52.21,56.22,3.284,pass,0.3249,medium
BINSP-06993,0.8832,4.5506,49.82,61.44,3.74,pass,0.2057,low
BINSP-06994,1.3612,7.3589,67.87,60.22,5.183,pass,0.3795,medium
BINSP-06995,1.1043,5.6843,53.38,61.52,3.478,pass,0.2543,medium
BINSP-06996,1.777,5.7045,62.02,66.42,5.157,warning,0.4257,medium
BINSP-06997,1.8706,7.8492,63.91,64.54,5.62,warning,0.459,medium
BINSP-06998,1.432,6.7594,62.43,60.1,4.303,pass,0.3454,medium
BINSP-06999,0.4378,1.9353,39.54,60.87,2.425,pass,0.0664,low
BINSP-07000,0.7405,3.9489,44.83,59.04,3.095,pass,0.1816,low
